ontology	index	status	verdict	solved	selected_route	wall_s	peak_mb	binary_sha256	signature_sha256	correctness_basis	slurm_job_id
ore_ont_33.owl	0	ok	match	true	production_all	0.3083	37.28	cf51bffdae6cef6bea40e66ad0893abe677bf3785a81e512e4c551d888abe9c3	c547c598ede2b73339e49f4c1e805d2cdb9eacf5916e6a87169653fea88bad2d		50037796
ore_ont_105.owl	1	ok	match	true	production_all	0.0405	7.5	cf51bffdae6cef6bea40e66ad0893abe677bf3785a81e512e4c551d888abe9c3	b87db53f167df5a69d109d90740cadf2bb2c27635e9496a86f454e4838ed8728		50037797
ore_ont_148.owl	2	ok	match	true	nominals	9.0452	1627.73	cf51bffdae6cef6bea40e66ad0893abe677bf3785a81e512e4c551d888abe9c3	10ef79ea10318d5197169737fc59d7d5771162a452a2e4e1a74a7a0ca880d944		50037798
ore_ont_178.owl	3	ok	match	true	nominals	0.0996	35.16	cf51bffdae6cef6bea40e66ad0893abe677bf3785a81e512e4c551d888abe9c3	e6e4ebc5a09a391d077e5e5a30b88abe563b2c13b222f6bab8cdf1aecbf50e0a		50037800
ore_ont_258.owl	4	ok	match	true	production_all	0.041	6.88	cf51bffdae6cef6bea40e66ad0893abe677bf3785a81e512e4c551d888abe9c3	9579a5c955be86249c9f139f96cfae0fc4ab29399e898cd12d2c769e74e464c9		50037801
ore_ont_269.owl	5	ok	match	true	production_all	2.2145	571.81	cf51bffdae6cef6bea40e66ad0893abe677bf3785a81e512e4c551d888abe9c3	25a9dfe3607834ad90d624672276aede57eaf02784efa544063dd4489337adab		50037803
ore_ont_338.owl	6	ok	match	true	production_all	0.041	7.5	cf51bffdae6cef6bea40e66ad0893abe677bf3785a81e512e4c551d888abe9c3	b745bb36702b9861d79f297df70982109814a0a5c5579b2af04f4fd748403746		50037804
ore_ont_380.owl	7	ok	match	true	production_all	0.0701	11.12	cf51bffdae6cef6bea40e66ad0893abe677bf3785a81e512e4c551d888abe9c3	55086452e6fa037ae88e22f05bf4fd7fae44c534fc7dbcf65691946962e0e202		50037805
ore_ont_394.owl	8	ok	match	true	nominals	0.0992	29.21	cf51bffdae6cef6bea40e66ad0893abe677bf3785a81e512e4c551d888abe9c3	b0b77ecd4bd6ae54580d015e3168dae58e0dd9cd80f64ecebf29d2fa2dfe5c02		50037811
ore_ont_412.owl	9	ok	match	true	production_all	0.0958	15.62	cf51bffdae6cef6bea40e66ad0893abe677bf3785a81e512e4c551d888abe9c3	9e482716a302992d30f7afcb71c473594584992bd4a9032ace1f005c460987da		50037812
ore_ont_443.owl	10	ok	match	true	nominals	0.0991	23.34	cf51bffdae6cef6bea40e66ad0893abe677bf3785a81e512e4c551d888abe9c3	3c48c283d1292f55fe67383942d35be768499f1f96e83f0adf812c000ac3b9dd		50037813
ore_ont_457.owl	11	ok	match	true	production_all	0.0699	13.12	cf51bffdae6cef6bea40e66ad0893abe677bf3785a81e512e4c551d888abe9c3	21d873c690e1f8ddd85fb557aa6ccd2dec40902830769885cb340d5889bd1b06		50037815
ore_ont_508.owl	12	ok	match	true	production_all	0.0414	7.5	cf51bffdae6cef6bea40e66ad0893abe677bf3785a81e512e4c551d888abe9c3	3847724c9e9e2a9fcf6c97fe0e5fdbe9cb10a1957f3521806480ac5f21de5f1f		50037816
ore_ont_541.owl	13	ok	match	true	production_all	0.1846	59.48	cf51bffdae6cef6bea40e66ad0893abe677bf3785a81e512e4c551d888abe9c3	c20d3724284bad20c79b64470da7d1a176fa34e92aa993fed54799a9bdbfb82e		50037817
ore_ont_544.owl	14	ok	match	true	production_all	0.1282	19.28	cf51bffdae6cef6bea40e66ad0893abe677bf3785a81e512e4c551d888abe9c3	fae1e3e632c54b1c5a0b1de39cd2907984c5cb7cb41be063ba05dc1a00470694		50037818
ore_ont_566.owl	15	ok	match	true	production_all	0.0701	12.2	cf51bffdae6cef6bea40e66ad0893abe677bf3785a81e512e4c551d888abe9c3	3460573f3c96cde1f3769168bd13a417b28ed1b271986165c4ea3a4bb63652c7		50037819
ore_ont_637.owl	16	ok	match	true	production_all	0.0406	8.44	cf51bffdae6cef6bea40e66ad0893abe677bf3785a81e512e4c551d888abe9c3	cb49a9ec460d5f3888d3d2416aa7ce8ddb9ce0c3057009d3ae037567be23d277		50037820
ore_ont_670.owl	17	ok	match	true	production_all	0.0697	12.43	cf51bffdae6cef6bea40e66ad0893abe677bf3785a81e512e4c551d888abe9c3	73ed44f501a16b10e3fc47bfe462789376f5337a258b8d668544d0fd82f3e07d		50037821
ore_ont_703.owl	18	ok	match	true	production_all	0.0404	8.12	cf51bffdae6cef6bea40e66ad0893abe677bf3785a81e512e4c551d888abe9c3	3fab48d1d70f73e046aaa7fc045b757147a895eb288a037e3d7e7a4cc9218923		50037822
ore_ont_725.owl	19	ok	match	true	production_all	0.0695	12.55	cf51bffdae6cef6bea40e66ad0893abe677bf3785a81e512e4c551d888abe9c3	bcb36636c59fa3d9c804c5fe45671d1ec6012c5afabc66a6209c1ece82e576f7		50037823
ore_ont_795.owl	20	ok	match	true	production_all	5.4376	1184.91	cf51bffdae6cef6bea40e66ad0893abe677bf3785a81e512e4c551d888abe9c3	46bc86a218926fba754a544edfbd189e4985f4d1588bb590b4e7d16e7bf425b8		50037824
ore_ont_840.owl	21	ok	match	true	production_all	2.0661	416.45	cf51bffdae6cef6bea40e66ad0893abe677bf3785a81e512e4c551d888abe9c3	3d88d25973c176a4c55bedc4af8b0111afbdde3b792af73c4c86386e94dad4a9		50037825
ore_ont_868.owl	22	ok	match	true	production_all	46.3935	2856.71	cf51bffdae6cef6bea40e66ad0893abe677bf3785a81e512e4c551d888abe9c3	be6be6663ffd9721606bf3cb61308789c55c28ffbe8d4ba2d85d0ee60b7fcc0f		50037826
ore_ont_869.owl	23	ok	match	true	production_all	0.0999	15.42	cf51bffdae6cef6bea40e66ad0893abe677bf3785a81e512e4c551d888abe9c3	786a9d5011c8dfe4b3b537254d4949946a4aa2a65bfa7246ecbbc5816ec89823		50037828
ore_ont_935.owl	24	ok	match	true	production_all	0.6334	55.71	cf51bffdae6cef6bea40e66ad0893abe677bf3785a81e512e4c551d888abe9c3	e28734d416a55cc903d9b1d299be79e05763691b27185934a94a42f59524be2e		50037830
ore_ont_947.owl	25	ok	match	true	production_all	0.391	45.21	cf51bffdae6cef6bea40e66ad0893abe677bf3785a81e512e4c551d888abe9c3	04edb515f2bfe70c8381f2886402201b30947dfedb48f69eccfab4275f8d9baf		50037832
ore_ont_960.owl	26	ok	match	true	nominals	1.3465	807.1	cf51bffdae6cef6bea40e66ad0893abe677bf3785a81e512e4c551d888abe9c3	f4cfde7f23bbb2df47ece80129e120bd127df90b2793cfc5fe5bfe924b0bad33		50037833
ore_ont_964.owl	27	ok	match	true	production_all	0.4173	51.49	cf51bffdae6cef6bea40e66ad0893abe677bf3785a81e512e4c551d888abe9c3	bf71a4cbd9ebf8173477e14cd8e902174c692fbfe824487fc5f22119a63f5500		50037834
ore_ont_1012.owl	28	ok	match	true	production_all	61.2301	6208.87	cf51bffdae6cef6bea40e66ad0893abe677bf3785a81e512e4c551d888abe9c3	25a9dfe3607834ad90d624672276aede57eaf02784efa544063dd4489337adab		50037835
ore_ont_1016.owl	29	ok	match	true	production_all	1.0316	627.21	cf51bffdae6cef6bea40e66ad0893abe677bf3785a81e512e4c551d888abe9c3	4761511ebdff1db0c30c8c5cac756a6fde57bf284d7be536740fd3e145e0a694		50037836
ore_ont_1017.owl	30	ok	match	true	production_all	0.07	12.19	cf51bffdae6cef6bea40e66ad0893abe677bf3785a81e512e4c551d888abe9c3	ae99b783760a88e6b52f52e8fc649a680d05124b89be44322252f8d9a4e9b7b8		50037837
ore_ont_1034.owl	31	ok	match	true	production_all	0.0398	7.81	cf51bffdae6cef6bea40e66ad0893abe677bf3785a81e512e4c551d888abe9c3	25a9dfe3607834ad90d624672276aede57eaf02784efa544063dd4489337adab		50037838
ore_ont_1082.owl	32	ok	match	true	production_all	2.2844	592.04	cf51bffdae6cef6bea40e66ad0893abe677bf3785a81e512e4c551d888abe9c3	d74d401fbc3ede0305a22638186dbf109482648f2c9bee7be761183c26937f9a		50037839
ore_ont_1194.owl	33	error	error	false	nominals	27.2194	18481.43	cf51bffdae6cef6bea40e66ad0893abe677bf3785a81e512e4c551d888abe9c3			50037840
ore_ont_1212.owl	34	ok	match	true	production_all	1.364	285.26	cf51bffdae6cef6bea40e66ad0893abe677bf3785a81e512e4c551d888abe9c3	772e912b94a8d6e544147a6baef2955c80c5f9e7d4f2c805da71d1e1f9474516		50037846
ore_ont_1272.owl	35	ok	match	true	production_all	3.3953	713.57	cf51bffdae6cef6bea40e66ad0893abe677bf3785a81e512e4c551d888abe9c3	ba4a5ca1111a1ab31aaab5c4fee7b7cf5fb80a35ceda816fbfca46da60d13da0		50037853
ore_ont_1306.owl	36	ok	match	true	production_all	40.964	4587.98	cf51bffdae6cef6bea40e66ad0893abe677bf3785a81e512e4c551d888abe9c3	25a9dfe3607834ad90d624672276aede57eaf02784efa544063dd4489337adab		50037854
ore_ont_1325.owl	37	ok	match	true	production_all	0.0408	7.5	cf51bffdae6cef6bea40e66ad0893abe677bf3785a81e512e4c551d888abe9c3	f4d1df3b8fd67c88abe2789c705dcf70bea77e675f8196f5ecb4bba1f440b8be		50037855
ore_ont_1340.owl	38	ok	match	true	production_all	0.1878	47.54	cf51bffdae6cef6bea40e66ad0893abe677bf3785a81e512e4c551d888abe9c3	cd58269a7598470fd2e574ac761fc27a8579eaf49b660f71530d93af973ec852		50037856
ore_ont_1357.owl	39	ok	match	true	production_all	5.1285	1053.82	cf51bffdae6cef6bea40e66ad0893abe677bf3785a81e512e4c551d888abe9c3	252e5a317e97b937b29f83d93539566a7028d833752c8c7433dcb66bc9946f5a		50037857
ore_ont_1370.owl	40	ok	match	true	production_all	12.4435	1961.5	cf51bffdae6cef6bea40e66ad0893abe677bf3785a81e512e4c551d888abe9c3	c05f030504ebae8cf9ae1a43f33f679c0eb33055041d00f5ba3797c5ec3f2408		50037858
ore_ont_1420.owl	41	ok	match	true	production_all	0.0402	7.19	cf51bffdae6cef6bea40e66ad0893abe677bf3785a81e512e4c551d888abe9c3	4823f97a40abc54c7cdaeb1da933f82879169872bed63ed9a200c0ba94d3f9c5		50037859
ore_ont_1473.owl	42	ok	match	true	production_all	0.0692	9.69	cf51bffdae6cef6bea40e66ad0893abe677bf3785a81e512e4c551d888abe9c3	0294b032925c15c476e5177efb18e8e6f3208e75b5a05531ebbc3aa67610afec		50037860
ore_ont_1481.owl	43	ok	match	true	production_all	1.2062	285.22	cf51bffdae6cef6bea40e66ad0893abe677bf3785a81e512e4c551d888abe9c3	4258584ca637b9cb22cf9a2a5adf454d2630a2af8bd7524f62032bc048bb52dc		50037861
ore_ont_1493.owl	44	ok	match	true	production_all	0.2131	35.52	cf51bffdae6cef6bea40e66ad0893abe677bf3785a81e512e4c551d888abe9c3	db0c3f18e8a94a9ba207e78900e81b51fd5883e09c1aacd893600bc96fcf4fbe		50037862
ore_ont_1494.owl	45	ok	match	true	production_all	0.0405	8.12	cf51bffdae6cef6bea40e66ad0893abe677bf3785a81e512e4c551d888abe9c3	0c5bac20e795a43b20fa62c2633255b76b0b0e309ac355d1f474982d966c8a97		50037864
ore_ont_1501.owl	46	ok	match	true	production_all	0.4209	50.2	cf51bffdae6cef6bea40e66ad0893abe677bf3785a81e512e4c551d888abe9c3	12cd4960cb68b7dc6a9a238e85da4036dc3f54687cf9402764fb38a886c7456a		50037865
ore_ont_1555.owl	47	ok	match	true	nominals	0.2186	101.0	cf51bffdae6cef6bea40e66ad0893abe677bf3785a81e512e4c551d888abe9c3	a9a6e523bf2e63b92cabe7d60d4ca2a160340fd91a5d0bd5653d6f40f352bbfc		50037866
ore_ont_1559.owl	48	ok	match	true	production_all	58.4416	8355.85	cf51bffdae6cef6bea40e66ad0893abe677bf3785a81e512e4c551d888abe9c3	a1ad6c7eedab65f2395675205f0cbfbb3c25aad43d40690ad8acfbae483a652d		50037867
ore_ont_1579.owl	49	ok	match	true	production_all	12.0255	1041.55	cf51bffdae6cef6bea40e66ad0893abe677bf3785a81e512e4c551d888abe9c3	1e3901c4e07c5ed16d1540ad65c9c714ab2b8d2c2a3f8f7ce285745c1dc69498		50037868
ore_ont_1603.owl	50	ok	match	true	production_all	4.5421	415.63	cf51bffdae6cef6bea40e66ad0893abe677bf3785a81e512e4c551d888abe9c3	fa39d615f9e61b2f89febfb836d0fa368b9435190ce5604b479573c80a7e3081		50037869
ore_ont_1618.owl	51	ok	match	true	production_all	0.0407	17.65	cf51bffdae6cef6bea40e66ad0893abe677bf3785a81e512e4c551d888abe9c3	e2658caadf043dbf5c015820328c06e106102c19d14b53944c95ccdc74a85554		50037870
ore_ont_1666.owl	52	ok	match	true	production_all	0.3369	43.35	cf51bffdae6cef6bea40e66ad0893abe677bf3785a81e512e4c551d888abe9c3	fa40d5b25c95a52249cb01f29ba0f315d1a0223bb9f9080bb70f7d47e741adbd		50037871
ore_ont_1790.owl	53	ok	match	true	nominals	9.0624	1574.65	cf51bffdae6cef6bea40e66ad0893abe677bf3785a81e512e4c551d888abe9c3	6dd2a1f6eaa9f001ed5c7db958ff1edd374302f7b4e6b64679a6b0deb7635ff6		50037872
ore_ont_1793.owl	54	ok	match	true	production_all	0.1009	9.38	cf51bffdae6cef6bea40e66ad0893abe677bf3785a81e512e4c551d888abe9c3	880e5d909a6e1aadf9f84775c3bf73bd5c26bbe4d9a3f2b494477818ad6b2832		50037873
ore_ont_1902.owl	55	ok	match	true	production_all	0.0704	9.69	cf51bffdae6cef6bea40e66ad0893abe677bf3785a81e512e4c551d888abe9c3	ced976926250d9f91ce25eb6fa928bab4b4b0c9b0864abc43fcb5f2eea7a05b7		50037874
ore_ont_1967.owl	56	ok	match	true	production_all	0.0403	7.5	cf51bffdae6cef6bea40e66ad0893abe677bf3785a81e512e4c551d888abe9c3	efda811e1d6e9ea5f0db4e624fb6396525b8b8062b2425db6e4d09050f5b1c17		50037875
ore_ont_1970.owl	57	ok	match	true	production_all	0.1596	27.72	cf51bffdae6cef6bea40e66ad0893abe677bf3785a81e512e4c551d888abe9c3	61b592347078fca805011c536599fcf4a353ccb7e90d1677c3b07485f1d77e72		50037876
ore_ont_2011.owl	58	ok	match	true	production_all	0.0704	9.38	cf51bffdae6cef6bea40e66ad0893abe677bf3785a81e512e4c551d888abe9c3	56ed4e3d127a5629acea9af4a49866c473a53c149dfa685e194191af802668dd		50037877
ore_ont_2036.owl	59	ok	match	true	production_all	0.0404	7.19	cf51bffdae6cef6bea40e66ad0893abe677bf3785a81e512e4c551d888abe9c3	1b7cba6bc7b03320f1e66d8e1e8ab7f7055d76d6531012ecc7237356e50201fc		50037878
ore_ont_2046.owl	60	ok	match	true	production_all	17.5622	3238.96	cf51bffdae6cef6bea40e66ad0893abe677bf3785a81e512e4c551d888abe9c3	25a9dfe3607834ad90d624672276aede57eaf02784efa544063dd4489337adab		50037879
ore_ont_2066.owl	61	ok	match	true	production_all	0.0409	7.81	cf51bffdae6cef6bea40e66ad0893abe677bf3785a81e512e4c551d888abe9c3	91adc813320db3dcb85694efba9d6579b27797ae80fab7cbed7660d01b838a28		50037880
ore_ont_2105.owl	62	ok	match	true	production_all	0.927	263.94	cf51bffdae6cef6bea40e66ad0893abe677bf3785a81e512e4c551d888abe9c3	25a9dfe3607834ad90d624672276aede57eaf02784efa544063dd4489337adab		50037881
ore_ont_2128.owl	63	ok	match	true	production_all	0.3035	37.51	cf51bffdae6cef6bea40e66ad0893abe677bf3785a81e512e4c551d888abe9c3	2e3d43d2ccdef95965bb116db6a147ac1c9436689d91642fdc0a0ae516665943		50037882
ore_ont_2129.owl	64	ok	match	true	production_all	0.487	55.39	cf51bffdae6cef6bea40e66ad0893abe677bf3785a81e512e4c551d888abe9c3	cb1caedcdcf14007912e6f4869d1347fe285cc5c4d848f40f247b83ee9989851		50037883
ore_ont_2195.owl	65	ok	match	true	production_all	0.0996	13.21	cf51bffdae6cef6bea40e66ad0893abe677bf3785a81e512e4c551d888abe9c3	25a9dfe3607834ad90d624672276aede57eaf02784efa544063dd4489337adab		50037884
ore_ont_2228.owl	66	ok	match	true	production_all	0.0702	8.75	cf51bffdae6cef6bea40e66ad0893abe677bf3785a81e512e4c551d888abe9c3	ce2a95ed1d1036bf9d4704f8cf34410b65b27c0792ad983ffa7bcdf93124e17f		50037887
ore_ont_2237.owl	67	ok	match	true	production_all	0.0696	9.54	cf51bffdae6cef6bea40e66ad0893abe677bf3785a81e512e4c551d888abe9c3	25a9dfe3607834ad90d624672276aede57eaf02784efa544063dd4489337adab		50037888
ore_ont_2243.owl	68	ok	match	true	production_all	7.507	1709.71	cf51bffdae6cef6bea40e66ad0893abe677bf3785a81e512e4c551d888abe9c3	25a9dfe3607834ad90d624672276aede57eaf02784efa544063dd4489337adab		50037889
ore_ont_2253.owl	69	ok	match	true	production_all	20.3081	3613.4	cf51bffdae6cef6bea40e66ad0893abe677bf3785a81e512e4c551d888abe9c3	25a9dfe3607834ad90d624672276aede57eaf02784efa544063dd4489337adab		50037890
ore_ont_2266.owl	70	ok	match	true	production_all	0.0701	13.47	cf51bffdae6cef6bea40e66ad0893abe677bf3785a81e512e4c551d888abe9c3	b259329a58c29998b5e5fb98602314993dcc590449779f452e8b5d7c24f1fdbd		50037891
ore_ont_2313.owl	71	ok	match	true	production_all	0.9796	211.56	cf51bffdae6cef6bea40e66ad0893abe677bf3785a81e512e4c551d888abe9c3	4b1c2c0b5c33e7ea8178bc5c98d5a8cebc422a378856682657ae0036ecf4fef8		50037892
ore_ont_2317.owl	72	ok	match	true	production_all	0.5249	61.18	cf51bffdae6cef6bea40e66ad0893abe677bf3785a81e512e4c551d888abe9c3	06aea88f93c8a06fd471868569d9c58f3a0e1ea01f06c1accbb26d292d5cec76		50037895
ore_ont_2333.owl	73	ok	match	true	production_all	0.1902	64.27	cf51bffdae6cef6bea40e66ad0893abe677bf3785a81e512e4c551d888abe9c3	afac023702c0cc4c05d8529939485e44cc82c4f08d6d4108b5ae432ba581aef9		50037896
ore_ont_2361.owl	74	ok	match	true	production_all	10.3465	1464.78	cf51bffdae6cef6bea40e66ad0893abe677bf3785a81e512e4c551d888abe9c3	8e53f546be8c3e5a75323e982976ce736e03fdd7215f8151cee711479b994b36		50037898
ore_ont_2377.owl	75	ok	match	true	production_all	0.158	20.25	cf51bffdae6cef6bea40e66ad0893abe677bf3785a81e512e4c551d888abe9c3	bf3c549a55d176d5afde0b3ae58f955c13ed80a01d8125d635ac86be234e05c2		50037899
ore_ont_2378.owl	76	ok	match	true	production_all	0.0693	10.31	cf51bffdae6cef6bea40e66ad0893abe677bf3785a81e512e4c551d888abe9c3	456885455165455332dfd3bedfcd097c8bb74b34227a78d2f807df414bb96578		50037900
ore_ont_2397.owl	77	ok	match	true	production_all	2.1563	513.25	cf51bffdae6cef6bea40e66ad0893abe677bf3785a81e512e4c551d888abe9c3	8a4a0c8bc8402efaf65343c6e3f705dcc3faabbbeaa15ae6ee5d34cc5259d06e		50037901
ore_ont_2440.owl	78	ok	match	true	production_all	0.1283	17.09	cf51bffdae6cef6bea40e66ad0893abe677bf3785a81e512e4c551d888abe9c3	5a47a7dfd4ef9fd3755517b8220470e67a0a4611f8c5fc76fa395544f822571e		50037902
ore_ont_2453.owl	79	ok	match	true	production_all	0.1614	45.38	cf51bffdae6cef6bea40e66ad0893abe677bf3785a81e512e4c551d888abe9c3	104ea91f04934d91a9e0815b45a9940e4e60c9e8aaec0838658a8814d6004ffa		50037903
ore_ont_2469.owl	80	ok	match	true	production_all	8.228	1803.69	cf51bffdae6cef6bea40e66ad0893abe677bf3785a81e512e4c551d888abe9c3	738b1c7ce71d64c72af0d7c491746e78c01fc4bc002df6313b1ed3a2c80cd719		50037904
ore_ont_2485.owl	81	ok	match	true	production_all	0.0715	9.06	cf51bffdae6cef6bea40e66ad0893abe677bf3785a81e512e4c551d888abe9c3	b254f390278d1308d3020ce93a0e4bfe308f497cf36477cc27bbb763d08458df		50037905
ore_ont_2491.owl	82	ok	match	true	production_all	0.6942	168.81	cf51bffdae6cef6bea40e66ad0893abe677bf3785a81e512e4c551d888abe9c3	25a9dfe3607834ad90d624672276aede57eaf02784efa544063dd4489337adab		50037906
ore_ont_2496.owl	83	ok	match	true	production_all	0.0961	13.97	cf51bffdae6cef6bea40e66ad0893abe677bf3785a81e512e4c551d888abe9c3	6c8c2dd1ea442064196c32326cd1c2c8d3a72ecf5e3d2c331a16cc9281ffa925		50037907
ore_ont_2497.owl	84	ok	match	true	production_all	0.4154	44.59	cf51bffdae6cef6bea40e66ad0893abe677bf3785a81e512e4c551d888abe9c3	7c5910f08321736ac0f61ab34fd1b38ef7ab515e5625800662344bdf0365b1c7		50037908
ore_ont_2557.owl	85	ok	match	true	production_all	0.0707	8.44	cf51bffdae6cef6bea40e66ad0893abe677bf3785a81e512e4c551d888abe9c3	25a9dfe3607834ad90d624672276aede57eaf02784efa544063dd4489337adab		50037910
ore_ont_2569.owl	86	ok	match	true	production_all	0.0993	15.52	cf51bffdae6cef6bea40e66ad0893abe677bf3785a81e512e4c551d888abe9c3	f24e7d7134057ec9e2d1325d01ae3d43562f5d211c84654d4726d67eee07aed9		50037911
ore_ont_2591.owl	87	ok	match	true	production_all	0.4703	54.91	cf51bffdae6cef6bea40e66ad0893abe677bf3785a81e512e4c551d888abe9c3	25a9dfe3607834ad90d624672276aede57eaf02784efa544063dd4489337adab		50037912
ore_ont_2627.owl	88	ok	match	true	production_all	1.2272	306.73	cf51bffdae6cef6bea40e66ad0893abe677bf3785a81e512e4c551d888abe9c3	bf4c6b70ee61c103bc93c176ef918936c57a650723d025e60e69b91c8832bb8b		50037913
ore_ont_2632.owl	89	ok	match	true	nominals	1.9592	509.65	cf51bffdae6cef6bea40e66ad0893abe677bf3785a81e512e4c551d888abe9c3	62e68a1ac660d1e1e592bc93f63b7ae9f7acc7abdfa947f439c231d3a6f804d3		50037914
ore_ont_2654.owl	90	ok	match	true	production_all	0.0417	8.8	cf51bffdae6cef6bea40e66ad0893abe677bf3785a81e512e4c551d888abe9c3	3453da9381fa3e59bdb9b370be6f6df50aba9d9d88fc465e3d19e3894e14d009		50037915
ore_ont_2661.owl	91	ok	match	true	production_all	0.9887	225.36	cf51bffdae6cef6bea40e66ad0893abe677bf3785a81e512e4c551d888abe9c3	9f600e8b5d326d5a3980de356c4a8b1ca839ec07547ad7ad3abff09a2cc2045f		50037917
ore_ont_2662.owl	92	ok	match	true	production_all	0.0402	7.5	cf51bffdae6cef6bea40e66ad0893abe677bf3785a81e512e4c551d888abe9c3	fd34b1d4ceb20c5e75b681223a69317888fd506e8507339ea206a877509b78c4		50037918
ore_ont_2669.owl	93	ok	consistency_mismatch	false	ht_rules	0.1563	24.38	cf51bffdae6cef6bea40e66ad0893abe677bf3785a81e512e4c551d888abe9c3	3c48c283d1292f55fe67383942d35be768499f1f96e83f0adf812c000ac3b9dd		50037920
ore_ont_2672.owl	94	ok	match	true	production_all	0.0406	8.75	cf51bffdae6cef6bea40e66ad0893abe677bf3785a81e512e4c551d888abe9c3	ccec9d60ef1094821eb6a78cfc3f7622e8a27e0abd8d4c0e041c3e950febe5a1		50037921
ore_ont_2678.owl	95	ok	match	true	nominals	0.1019	64.81	cf51bffdae6cef6bea40e66ad0893abe677bf3785a81e512e4c551d888abe9c3	4d94e1f7530b312057603495f8070e53a9716410718fe3794dac0817974fc788		50037922
ore_ont_2713.owl	96	ok	match	true	production_all	0.0409	7.5	cf51bffdae6cef6bea40e66ad0893abe677bf3785a81e512e4c551d888abe9c3	7d4cfe7d4dbc46f455eac2edb2b1f18fb1311cc83088c0fd513b2a1a8b6ed859		50037924
ore_ont_2720.owl	97	ok	match	true	production_all	0.0407	8.44	cf51bffdae6cef6bea40e66ad0893abe677bf3785a81e512e4c551d888abe9c3	809fa595c9cd497346a427ce8a4df2a95f9aa123110f8772b5085cdff3a09800		50037926
ore_ont_2744.owl	98	ok	match	true	nominals	0.0998	78.56	cf51bffdae6cef6bea40e66ad0893abe677bf3785a81e512e4c551d888abe9c3	cc1a1bfca6d6ba98ffc979241d1b99f078e266c40abb6c2e862884301f8b44bd		50037927
ore_ont_2753.owl	99	ok	match	true	production_all	0.0405	7.5	cf51bffdae6cef6bea40e66ad0893abe677bf3785a81e512e4c551d888abe9c3	2edc19bebc56e548c1a2996cf388171b36806041f17480c9a1fb2606cab8334c		50037928
ore_ont_2803.owl	100	ok	match	true	production_all	6.0518	1280.13	cf51bffdae6cef6bea40e66ad0893abe677bf3785a81e512e4c551d888abe9c3	f0c432fee3845eb4ee0944c812ab0cadbbb8b96ea3184fcfff116504553d20e6		50037930
ore_ont_2828.owl	101	ok	match	true	production_all	9.3493	2131.57	cf51bffdae6cef6bea40e66ad0893abe677bf3785a81e512e4c551d888abe9c3	0399302fe592566a3f17d25fbcacdc7be2952b4cf76e2c14384f00e5f7a73b4f		50037931
ore_ont_2860.owl	102	ok	match	true	nominals	0.2828	162.29	cf51bffdae6cef6bea40e66ad0893abe677bf3785a81e512e4c551d888abe9c3	32f9f65defa5b278b7745ffe5d0fc8e4815fd87d064b09f179dd5d5d4322aa26		50037932
ore_ont_2876.owl	103	ok	match	true	production_all	0.0403	5.94	cf51bffdae6cef6bea40e66ad0893abe677bf3785a81e512e4c551d888abe9c3	ccdfc6d626940ef30a9115eff4872649ebcdaae60e4ff9e1d922d38485fb44ad		50037933
ore_ont_3050.owl	104	ok	match	true	nominals	10.4577	2998.4	cf51bffdae6cef6bea40e66ad0893abe677bf3785a81e512e4c551d888abe9c3	6dd2a1f6eaa9f001ed5c7db958ff1edd374302f7b4e6b64679a6b0deb7635ff6		50037934
ore_ont_3082.owl	105	ok	match	true	production_all	0.0409	6.88	cf51bffdae6cef6bea40e66ad0893abe677bf3785a81e512e4c551d888abe9c3	0b77ec936cb4d6f7a533a0b8321147d39fb68a521a2b260f1a81d30e3cb589fa		50037935
ore_ont_3106.owl	106	ok	match	true	production_all	0.2193	29.78	cf51bffdae6cef6bea40e66ad0893abe677bf3785a81e512e4c551d888abe9c3	28dfc47a6b572c7c94f510f067e8c416c66be2b4e826c29df6fb4e615d95915f		50037936
ore_ont_3164.owl	107	ok	match	true	production_all	5.2786	955.25	cf51bffdae6cef6bea40e66ad0893abe677bf3785a81e512e4c551d888abe9c3	33d524f5fa1fcd7e3ac81f8c2163ee6b7b97cc3236863781ef629d9887b43d0b		50037938
ore_ont_3177.owl	108	ok	match	true	production_all	0.186	25.7	cf51bffdae6cef6bea40e66ad0893abe677bf3785a81e512e4c551d888abe9c3	07663e7029f71a58e44ff18ab67c370076dfb27460959b9943b138948cb9b7d5		50037939
ore_ont_3215.owl	109	ok	match	true	production_all	167.2914	8672.33	cf51bffdae6cef6bea40e66ad0893abe677bf3785a81e512e4c551d888abe9c3	2e629f329a33aae3af87893afb850e383d3aece4e19f6785157d4d8756234f6b		50037941
ore_ont_3231.owl	110	ok	match	true	production_all	0.071	39.89	cf51bffdae6cef6bea40e66ad0893abe677bf3785a81e512e4c551d888abe9c3	6c80b4663d84cc112c1f4e35b5dee1d7407ac3435d8593df8805646a5dbd78bb		50037942
ore_ont_3259.owl	111	ok	match	true	production_all	0.0711	10.0	cf51bffdae6cef6bea40e66ad0893abe677bf3785a81e512e4c551d888abe9c3	25a9dfe3607834ad90d624672276aede57eaf02784efa544063dd4489337adab		50038268
ore_ont_3260.owl	112	ok	match	true	certified_nominals	0.0408	12.6	cf51bffdae6cef6bea40e66ad0893abe677bf3785a81e512e4c551d888abe9c3	9e31c7e70c0bc3a4bbd3efb8aacea673b4027a3cc16bf57da05d04e5e295dfdb		50038269
ore_ont_3313.owl	113	ok	match	true	production_all	0.0989	15.22	cf51bffdae6cef6bea40e66ad0893abe677bf3785a81e512e4c551d888abe9c3	156c0e0737752b0d9eb1dc156090cfce69269a36f7ae125769bc23371a67e4ba		50038270
ore_ont_3349.owl	114	ok	match	true	production_all	0.07	9.06	cf51bffdae6cef6bea40e66ad0893abe677bf3785a81e512e4c551d888abe9c3	fe52ef7294cf036febadb05ab1f05bdf8a0af7e52dd71d1f31ada2bd77229907		50038272
ore_ont_3377.owl	115	ok	match	true	production_all	35.3308	2643.32	cf51bffdae6cef6bea40e66ad0893abe677bf3785a81e512e4c551d888abe9c3	c0374ad84f4916ecdb8dc8f8d2ae1455c2285ed2f86aaa14c319c7a50c5900cd		50038273
ore_ont_3406.owl	116	ok	match	true	production_all	1.001	104.12	cf51bffdae6cef6bea40e66ad0893abe677bf3785a81e512e4c551d888abe9c3	624d5d82f0c5f480837cea323d4c86ad7c1e7764ae9b3fb89acb33d9810b3c6c		50038277
ore_ont_3414.owl	117	ok	match	true	production_all	4.5894	964.14	cf51bffdae6cef6bea40e66ad0893abe677bf3785a81e512e4c551d888abe9c3	522aef3af0e145793028b0a2005237437702b100dbb8f4b3ee487aefb3b5b67d		50038278
ore_ont_3418.owl	118	ok	match	true	production_all	0.0405	7.5	cf51bffdae6cef6bea40e66ad0893abe677bf3785a81e512e4c551d888abe9c3	70a7760cdf714c8394efe230e853f212aefff565cd7c5c739bbe1386b0fdf0c4		50038280
ore_ont_3463.owl	119	ok	match	true	production_all	0.0409	6.25	cf51bffdae6cef6bea40e66ad0893abe677bf3785a81e512e4c551d888abe9c3	14e3abbd4745b1013a35ef51291fba70afb6eb51d002d3d2dc9bb09500152904		50038281
ore_ont_3480.owl	120	ok	match	true	production_all	0.3937	46.88	cf51bffdae6cef6bea40e66ad0893abe677bf3785a81e512e4c551d888abe9c3	bc2cc27510ca5023d81cee938b7901836f6cb98e1718518aa5d4748de7850ea7		50038282
ore_ont_3524.owl	121	ok	match	true	elc	24.2769	2590.96	cf51bffdae6cef6bea40e66ad0893abe677bf3785a81e512e4c551d888abe9c3	090129a7fbaa14652ada3408dd1f160e7dd4a09a3502cc3323d8dad734e8893a	same_job_fulliri_identity_to_konclude	50038283
ore_ont_3560.owl	122	ok	match	true	production_all	25.6234	3718.66	cf51bffdae6cef6bea40e66ad0893abe677bf3785a81e512e4c551d888abe9c3	a916c134368b9754f20d8daa6d7a9fd3ab83b8b2b146afb4de212242185d7993		50038284
ore_ont_3635.owl	123	ok	match	true	production_all	0.0703	12.81	cf51bffdae6cef6bea40e66ad0893abe677bf3785a81e512e4c551d888abe9c3	d70dda2b2aeb8f0348230a796bbbbeed179618410272f73d0fab0ef58f9807e8		50038285
ore_ont_3640.owl	124	ok	match	true	production_all	0.0987	20.32	cf51bffdae6cef6bea40e66ad0893abe677bf3785a81e512e4c551d888abe9c3	0242345796f9a80460ab41889f9c60f161f70d579f65e450ef7cca9e2c93da32		50038286
ore_ont_3658.owl	125	ok	match	true	production_all	6.714	1137.75	cf51bffdae6cef6bea40e66ad0893abe677bf3785a81e512e4c551d888abe9c3	6abf4289743d05b7c75269cde13113316c621516fa3d6cd0306048c161cd1d7b		50038287
ore_ont_3712.owl	126	ok	match	true	production_all	0.2648	34.53	cf51bffdae6cef6bea40e66ad0893abe677bf3785a81e512e4c551d888abe9c3	24e57541ea2f059f849e07530327b1e6b4197982136b5930d07cc5258156f54c		50038289
ore_ont_3770.owl	127	ok	match	true	production_all	0.0705	9.06	cf51bffdae6cef6bea40e66ad0893abe677bf3785a81e512e4c551d888abe9c3	25a9dfe3607834ad90d624672276aede57eaf02784efa544063dd4489337adab		50038290
ore_ont_3784.owl	128	ok	match	true	production_all	0.3371	43.33	cf51bffdae6cef6bea40e66ad0893abe677bf3785a81e512e4c551d888abe9c3	26b8655c70484396ea5210e6edacb65de63967b0670f1763087e1eecd54c24d9		50038291
ore_ont_3795.owl	129	ok	match	true	nominal_ni_abox	0.9413	557.73	cf51bffdae6cef6bea40e66ad0893abe677bf3785a81e512e4c551d888abe9c3	6d9285aae0ab89479bc2db0d99b396d87044ea4f1baa33c4edc5fc5410681760		50038292
ore_ont_3797.owl	130	ok	match	true	production_all	0.3581	45.45	cf51bffdae6cef6bea40e66ad0893abe677bf3785a81e512e4c551d888abe9c3	25a9dfe3607834ad90d624672276aede57eaf02784efa544063dd4489337adab		50038293
ore_ont_3836.owl	131	ok	match	true	production_all	32.0882	5316.29	cf51bffdae6cef6bea40e66ad0893abe677bf3785a81e512e4c551d888abe9c3	203f79d8a6f6590f120e9edd2b5f01c21a0b39b2fce4a84de55ada270163e4c5		50038294
ore_ont_3842.owl	132	ok	match	true	production_all	0.0392	6.88	cf51bffdae6cef6bea40e66ad0893abe677bf3785a81e512e4c551d888abe9c3	149b7198f920010407261137b83b46ba384d57d1349dd3ff2dcdf50f3e36b101		50038295
ore_ont_3905.owl	133	ok	match	true	production_all	0.1833	48.55	cf51bffdae6cef6bea40e66ad0893abe677bf3785a81e512e4c551d888abe9c3	9026921dbe65d33881bd60615ecda0c9dd6e7ad4dd9376b64b51596bbc6f8f92		50038296
ore_ont_3909.owl	134	ok	match	true	production_all	0.0408	6.56	cf51bffdae6cef6bea40e66ad0893abe677bf3785a81e512e4c551d888abe9c3	5ec0c0065801b5eee139e6d08a289191c287abe064a95ac8fe9570e90d0f6fd6		50038297
ore_ont_3931.owl	135	ok	match	true	production_all	0.0999	25.72	cf51bffdae6cef6bea40e66ad0893abe677bf3785a81e512e4c551d888abe9c3	1f5a534b480adabb390fc161c5ae04304f2a150a97a4f9767ac6ba0e107d8b48		50038298
ore_ont_3954.owl	136	ok	match	true	production_all	5.5209	1023.91	cf51bffdae6cef6bea40e66ad0893abe677bf3785a81e512e4c551d888abe9c3	f36c7be0b65832b4a9cfe365697a413c326eae0f77db2a4eb2b060ca95f29725		50038299
ore_ont_3978.owl	137	ok	match	true	production_all	0.0991	15.31	cf51bffdae6cef6bea40e66ad0893abe677bf3785a81e512e4c551d888abe9c3	b71dc4a127bef014fab3285bdfbb1cf4c4216f4a2e68455021c5192e132ccd2d		50038300
ore_ont_4033.owl	138	ok	match	true	production_all	11.1046	1964.82	cf51bffdae6cef6bea40e66ad0893abe677bf3785a81e512e4c551d888abe9c3	25a9dfe3607834ad90d624672276aede57eaf02784efa544063dd4489337adab		50038301
ore_ont_4054.owl	139	ok	match	true	production_all	11.5328	1715.7	cf51bffdae6cef6bea40e66ad0893abe677bf3785a81e512e4c551d888abe9c3	5c77ef2e055526a9b27c3ab88ee1395c0c882c223570b27405d71ba35d66e5ef		50038302
ore_ont_4187.owl	140	ok	match	true	production_all	7.9111	1350.71	cf51bffdae6cef6bea40e66ad0893abe677bf3785a81e512e4c551d888abe9c3	cef1b9f701cffb9b99d93deb4f140456ba23b035a4564400f836f9f85d471d9f		50038303
ore_ont_4205.owl	141	ok	match	true	production_all	14.2135	2076.93	cf51bffdae6cef6bea40e66ad0893abe677bf3785a81e512e4c551d888abe9c3	59fe2ee75b8ea859b8dadcc4715d8591b3f1b41c2880e673b3a24ec9613a267c		50038304
ore_ont_4226.owl	142	ok	match	true	production_all	0.4497	49.38	cf51bffdae6cef6bea40e66ad0893abe677bf3785a81e512e4c551d888abe9c3	a2c9fd27be406668497189b64f1f673b22ea55c2266d5417991166ab3fdc6685		50038305
ore_ont_4235.owl	143	ok	match	true	production_all	0.8574	200.5	cf51bffdae6cef6bea40e66ad0893abe677bf3785a81e512e4c551d888abe9c3	059c0056376d51c12f6acbcb677a0cf1fd8d0d7f6102be275d5589d98c00c855		50038306
ore_ont_4382.owl	144	ok	match	true	production_all	0.04	7.5	cf51bffdae6cef6bea40e66ad0893abe677bf3785a81e512e4c551d888abe9c3	8bd0ba01b95a8a38e2bfca8f7deadc71c897cfb5999690720930f1e2cac57430		50038307
ore_ont_4383.owl	145	ok	match	true	production_all	0.1295	19.38	cf51bffdae6cef6bea40e66ad0893abe677bf3785a81e512e4c551d888abe9c3	1e7c8f95f8b2b70c11e9442bd78155ef52288cc457dbd14c42fb2f77f510a315		50038308
ore_ont_4400.owl	146	ok	match	true	production_all	0.0406	8.75	cf51bffdae6cef6bea40e66ad0893abe677bf3785a81e512e4c551d888abe9c3	716cfa2d10db6e72f4c010954339c97c77a6d7400ca7547d0b9b5313da0a07d0		50038309
ore_ont_4460.owl	147	ok	match	true	production_all	0.3025	37.35	cf51bffdae6cef6bea40e66ad0893abe677bf3785a81e512e4c551d888abe9c3	4afcf15d32cdd9f6fb257c5e3935c76c482fec3a5ee5a4bf823d2c447801750e		50038310
ore_ont_4487.owl	148	ok	match	true	production_all	2.7726	593.97	cf51bffdae6cef6bea40e66ad0893abe677bf3785a81e512e4c551d888abe9c3	7b1409b24f397a7d20f5d762e29936bf0731cd36c00c26743379c5b5e6ea6683		50038311
ore_ont_4527.owl	149	ok	match	true	production_all	0.0992	15.96	cf51bffdae6cef6bea40e66ad0893abe677bf3785a81e512e4c551d888abe9c3	bc4c60af4746bace5e1ec2d8deb46c8fe9820e2ea43efd33a8c2012c8921fdd7		50038312
ore_ont_4557.owl	150	ok	match	true	production_all	18.7536	3488.21	cf51bffdae6cef6bea40e66ad0893abe677bf3785a81e512e4c551d888abe9c3	25a9dfe3607834ad90d624672276aede57eaf02784efa544063dd4489337adab		50038313
ore_ont_4572.owl	151	ok	match	true	production_all	3.9991	351.89	cf51bffdae6cef6bea40e66ad0893abe677bf3785a81e512e4c551d888abe9c3	c2aff89794b9370cc1203d175854919a112f6108c687c071701adb00dfb593d5		50038314
ore_ont_4578.owl	152	ok	match	true	production_all	0.2185	29.68	cf51bffdae6cef6bea40e66ad0893abe677bf3785a81e512e4c551d888abe9c3	28dfc47a6b572c7c94f510f067e8c416c66be2b4e826c29df6fb4e615d95915f		50038315
ore_ont_4604.owl	153	ok	match	true	production_all	12.6949	2720.45	cf51bffdae6cef6bea40e66ad0893abe677bf3785a81e512e4c551d888abe9c3	d07c82fff63f66ce9e43811301a81def8459e9cac0593d2946d658c9220d7358		50038316
ore_ont_4617.owl	154	ok	match	true	production_all	3.2934	707.08	cf51bffdae6cef6bea40e66ad0893abe677bf3785a81e512e4c551d888abe9c3	9a6830c5cb0fc8b5446fc048ca3d306977592262f881e96a5269e5ed3db0e02f		50038317
ore_ont_4655.owl	155	ok	match	true	production_all	0.1587	24.28	cf51bffdae6cef6bea40e66ad0893abe677bf3785a81e512e4c551d888abe9c3	6b1945e00a8cb4bdfc5e2e33e163d8de34c7ab1d0dc1d2517212df3700e3805b		50038318
ore_ont_4662.owl	156	ok	match	true	production_all	0.6642	69.09	cf51bffdae6cef6bea40e66ad0893abe677bf3785a81e512e4c551d888abe9c3	9bb1d2922d51430135d0f93a742d285f5f11dbdda53ba29af00564bf000ceaf2		50038319
ore_ont_4669.owl	157	ok	match	true	mirror_private	67.6162	5704.55	cf51bffdae6cef6bea40e66ad0893abe677bf3785a81e512e4c551d888abe9c3	a482e066a22110df593bf3a4c1fdd0ef4404f7141903b2101b85aae49811cb30	same_job_fulliri_identity_to_independent_mirror_oracle	50038320
ore_ont_4671.owl	158	ok	match	true	production_all	0.0695	9.06	cf51bffdae6cef6bea40e66ad0893abe677bf3785a81e512e4c551d888abe9c3	c97eb0f0dcd44e6d1543b0f97489647ac526bab3c084879fa26cd5c312de500f		50038321
ore_ont_4724.owl	159	ok	match	true	production_all	0.0412	7.62	cf51bffdae6cef6bea40e66ad0893abe677bf3785a81e512e4c551d888abe9c3	25a9dfe3607834ad90d624672276aede57eaf02784efa544063dd4489337adab		50038322
ore_ont_4732.owl	160	ok	match	true	production_all	0.2786	35.84	cf51bffdae6cef6bea40e66ad0893abe677bf3785a81e512e4c551d888abe9c3	46a5ae2d7526b5fbfa69fa496d0dc165e4a3029c429477030e59fed16ddaf190		50038323
ore_ont_4755.owl	161	ok	match	true	production_all	15.9255	2129.66	cf51bffdae6cef6bea40e66ad0893abe677bf3785a81e512e4c551d888abe9c3	d53fd97d7a9e7182998346d6a207bd4f4590e44960a6f8ebf0b047f0820d3380		50038324
ore_ont_4767.owl	162	ok	match	true	production_all	0.0397	8.12	cf51bffdae6cef6bea40e66ad0893abe677bf3785a81e512e4c551d888abe9c3	118fcfc33f63b6900fac9d5a8cd382782b9e10a83b4ab069db64c64dd74a2cdb		50038326
ore_ont_4782.owl	163	ok	match	true	production_all	3.2016	707.2	cf51bffdae6cef6bea40e66ad0893abe677bf3785a81e512e4c551d888abe9c3	7bd356f32241d05d26600550ab937c3970815adc6b9740c9d7bc71635958f354		50038327
ore_ont_4798.owl	164	ok	match	true	production_all	0.0971	16.99	cf51bffdae6cef6bea40e66ad0893abe677bf3785a81e512e4c551d888abe9c3	5c6f359604affee99507cdd750dbbfc794e267be366dbb2e28d23195585173fc		50038328
ore_ont_4802.owl	165	ok	match	true	production_all	7.05	1511.86	cf51bffdae6cef6bea40e66ad0893abe677bf3785a81e512e4c551d888abe9c3	8a77d08a8524b902e299e2c4e026cdc793a8b242adddd352eba14a513af9900d		50038329
ore_ont_4827.owl	166	ok	match	true	production_all	0.3332	42.56	cf51bffdae6cef6bea40e66ad0893abe677bf3785a81e512e4c551d888abe9c3	2cc60be5f9593807e81d890be80276803cda2324d524d0e06b748f407e70f636		50038330
ore_ont_4834.owl	167	ok	match	true	nominal_ni_abox	0.9448	564.35	cf51bffdae6cef6bea40e66ad0893abe677bf3785a81e512e4c551d888abe9c3	7dcc501eb5c31fb38a279eae83ae4fe78d35fd6d9f1830cb61e6d0f66ebd395c		50038331
ore_ont_4856.owl	168	ok	match	true	production_all	0.0409	7.19	cf51bffdae6cef6bea40e66ad0893abe677bf3785a81e512e4c551d888abe9c3	a203954d51ec9ff1f842f8191198f002eb500d6f11ee88117a2d60d9130b7d05		50038332
ore_ont_4897.owl	169	ok	match	true	production_all	0.0705	8.75	cf51bffdae6cef6bea40e66ad0893abe677bf3785a81e512e4c551d888abe9c3	c79f735a2915c0674b30dcfe287bfadb93722b9af47bdbb6d15643bf06773f51		50038333
ore_ont_5002.owl	170	ok	match	true	production_all	0.4277	49.03	cf51bffdae6cef6bea40e66ad0893abe677bf3785a81e512e4c551d888abe9c3	0cb604f1415e8f094710b625d242b327bcefda1fbcaf3e206547d764c97ec371		50038334
ore_ont_5057.owl	171	ok	match	true	production_all	0.0697	9.69	cf51bffdae6cef6bea40e66ad0893abe677bf3785a81e512e4c551d888abe9c3	152831133e59e099572e05c6a84187e14d67a555555d5cac0c30630216f5d97a		50038335
ore_ont_5080.owl	172	ok	match	true	production_all	0.0989	14.07	cf51bffdae6cef6bea40e66ad0893abe677bf3785a81e512e4c551d888abe9c3	b3a15e89aee6c84449a55074504d7709a86bb94fb7c3adde4ae4441e8b0acc0a		50038336
ore_ont_5089.owl	173	ok	match	true	production_all	0.0405	7.5	cf51bffdae6cef6bea40e66ad0893abe677bf3785a81e512e4c551d888abe9c3	149bc40d44a4b5cf2530c619c709e8cc0ad6700e7c2de2cbdad6d619b7b14890		50038337
ore_ont_5090.owl	174	ok	match	true	production_all	0.0403	6.88	cf51bffdae6cef6bea40e66ad0893abe677bf3785a81e512e4c551d888abe9c3	4cb1a1e105b2edef858e03f294a792d695d67f4679b53fdab90b089e844ebde3		50038338
ore_ont_5103.owl	175	ok	match	true	production_all	1.4026	366.01	cf51bffdae6cef6bea40e66ad0893abe677bf3785a81e512e4c551d888abe9c3	4903d6317aa1a70a7777f68cbc7fc9092557b46f0406719383043646969bd215		50038339
ore_ont_5107.owl	176	ok	match	true	certified_nominals	0.6956	174.91	cf51bffdae6cef6bea40e66ad0893abe677bf3785a81e512e4c551d888abe9c3	54c6abc42b8192c3f0f0d7f80649e3f74a25c3c0eda139560322ce620014eab1		50038340
ore_ont_5164.owl	177	ok	match	true	production_all	0.0699	8.44	cf51bffdae6cef6bea40e66ad0893abe677bf3785a81e512e4c551d888abe9c3	25a9dfe3607834ad90d624672276aede57eaf02784efa544063dd4489337adab		50038341
ore_ont_5184.owl	178	ok	match	true	certified_nominals	0.3008	36.31	cf51bffdae6cef6bea40e66ad0893abe677bf3785a81e512e4c551d888abe9c3	143e732f871ebc460a396f90684b0f500244eb5620173e0cc45115a9d4cc3f98		50038342
ore_ont_5197.owl	179	ok	match	true	production_all	0.1281	16.94	cf51bffdae6cef6bea40e66ad0893abe677bf3785a81e512e4c551d888abe9c3	ce38268ffd0a9fd4797e0a81f002835c27d284dccb0529b7acc2804307cb8173		50038344
ore_ont_5220.owl	180	ok	match	true	production_all	0.0698	11.54	cf51bffdae6cef6bea40e66ad0893abe677bf3785a81e512e4c551d888abe9c3	47fec0cb02d47beba5839357b6043cae06cc6eabb68ba01322a1bd54acb9717c		50038345
ore_ont_5255.owl	181	ok	match	true	production_all	0.0409	7.19	cf51bffdae6cef6bea40e66ad0893abe677bf3785a81e512e4c551d888abe9c3	db855d35339a166d888f70d54a013f5e7c1d81f161121cc6b83ca7b02d348409		50038346
ore_ont_5266.owl	182	ok	match	true	production_all	0.0679	12.56	cf51bffdae6cef6bea40e66ad0893abe677bf3785a81e512e4c551d888abe9c3	11b062554512b7dc5030652d6359a4637466330cb93b1acbbe25eb81e28b7efc		50038347
ore_ont_5292.owl	183	ok	match	true	production_all	0.0418	9.04	cf51bffdae6cef6bea40e66ad0893abe677bf3785a81e512e4c551d888abe9c3	8c9545998d1d886c8a4b0fbb652105564f4705b14a3cc49e38655a0fe3567ab7		50038348
ore_ont_5303.owl	184	ok	match	true	production_all	0.4823	241.88	cf51bffdae6cef6bea40e66ad0893abe677bf3785a81e512e4c551d888abe9c3	7f654cd28e91a63a528189ffca19da211d9a49b8531062db7c977b30a2fe3033		50038349
ore_ont_5404.owl	185	ok	match	true	production_all	0.07	22.22	cf51bffdae6cef6bea40e66ad0893abe677bf3785a81e512e4c551d888abe9c3	71de596972c733b7c2af887e6b31e07c34c2d5c13ea5cf6b555e99f23160f1f2		50038350
ore_ont_5462.owl	186	ok	match	true	production_all	0.3386	42.75	cf51bffdae6cef6bea40e66ad0893abe677bf3785a81e512e4c551d888abe9c3	f11e631ca3131c02379b38db0d07616aa32976fd05aaf09a7abe368f79783668		50038351
ore_ont_5485.owl	187	ok	match	true	production_all	0.0679	13.44	cf51bffdae6cef6bea40e66ad0893abe677bf3785a81e512e4c551d888abe9c3	6c33730d4bc6e1f6aa064f2e182593f9b6519c412c818788fe0699cb90c27b55		50038356
ore_ont_5487.owl	188	ok	match	true	production_all	0.4134	54.91	cf51bffdae6cef6bea40e66ad0893abe677bf3785a81e512e4c551d888abe9c3	3079635fbc42ede00878bb4819e33f3ad4fcb8acac25c964e80439d229873a82		50038357
ore_ont_5519.owl	189	ok	match	true	production_all	25.5807	3594.56	cf51bffdae6cef6bea40e66ad0893abe677bf3785a81e512e4c551d888abe9c3	a916c134368b9754f20d8daa6d7a9fd3ab83b8b2b146afb4de212242185d7993		50038358
ore_ont_5549.owl	190	ok	match	true	production_all	10.7307	1482.07	cf51bffdae6cef6bea40e66ad0893abe677bf3785a81e512e4c551d888abe9c3	8e53f546be8c3e5a75323e982976ce736e03fdd7215f8151cee711479b994b36		50038359
ore_ont_5564.owl	191	ok	match	true	nominals	0.1	34.56	cf51bffdae6cef6bea40e66ad0893abe677bf3785a81e512e4c551d888abe9c3	f909e961886801e82b4341cd768807639aae0fceaa3d344678ce533d75916082		50038362
ore_ont_5566.owl	192	ok	match	true	production_all	8.7086	1771.41	cf51bffdae6cef6bea40e66ad0893abe677bf3785a81e512e4c551d888abe9c3	9a91a28aeb27d670ce72b75b354b84de5859287d44eb902647b4f47bf051eb1f		50038363
ore_ont_5572.owl	193	ok	match	true	production_all	0.0691	10.0	cf51bffdae6cef6bea40e66ad0893abe677bf3785a81e512e4c551d888abe9c3	794aad8468295c516d2a394f93d299714f490dacd1d968a6534cbe5a582bb488		50038364
ore_ont_5602.owl	194	ok	match	true	production_all	19.4763	3604.91	cf51bffdae6cef6bea40e66ad0893abe677bf3785a81e512e4c551d888abe9c3	25a9dfe3607834ad90d624672276aede57eaf02784efa544063dd4489337adab		50038365
ore_ont_5612.owl	195	ok	match	true	production_all	6.7581	1393.09	cf51bffdae6cef6bea40e66ad0893abe677bf3785a81e512e4c551d888abe9c3	6c0877b5e054be5e2cef3b76c276a9c5007025f8483e4230c7156c7a45774003		50038366
ore_ont_5665.owl	196	ok	match	true	production_all	0.0408	7.81	cf51bffdae6cef6bea40e66ad0893abe677bf3785a81e512e4c551d888abe9c3	a76d933963fe7eb8acc2152ceb208fbfc847ee8140f09b4791d6d905f717ce42		50038367
ore_ont_5742.owl	197	ok	match	true	production_all	0.0394	6.56	cf51bffdae6cef6bea40e66ad0893abe677bf3785a81e512e4c551d888abe9c3	1b748642d61733666eec435cb81094c0f59dcbf20443c391069e5a9c8ce51398		50038368
ore_ont_5755.owl	198	ok	match	true	production_all	5.6682	1052.6	cf51bffdae6cef6bea40e66ad0893abe677bf3785a81e512e4c551d888abe9c3	0b8fb805974ec14b4df641131aa1c4af1eaed8babda4ab870378a05ef7aa26a0		50038369
ore_ont_5760.owl	199	ok	match	true	production_all	23.9171	4218.17	cf51bffdae6cef6bea40e66ad0893abe677bf3785a81e512e4c551d888abe9c3	25a9dfe3607834ad90d624672276aede57eaf02784efa544063dd4489337adab		50038370
ore_ont_5781.owl	200	ok	match	true	production_all	5.5146	989.79	cf51bffdae6cef6bea40e66ad0893abe677bf3785a81e512e4c551d888abe9c3	6698505bd0fd451a6061df5eff71203e6074cfc3d62e0022fe8b60d458be8237		50038371
ore_ont_5792.owl	201	ok	match	true	production_all	0.2173	25.8	cf51bffdae6cef6bea40e66ad0893abe677bf3785a81e512e4c551d888abe9c3	07663e7029f71a58e44ff18ab67c370076dfb27460959b9943b138948cb9b7d5		50038372
ore_ont_5815.owl	202	ok	match	true	production_all	0.9429	255.23	cf51bffdae6cef6bea40e66ad0893abe677bf3785a81e512e4c551d888abe9c3	25a9dfe3607834ad90d624672276aede57eaf02784efa544063dd4489337adab		50038373
ore_ont_5852.owl	203	ok	match	true	production_all	0.0413	6.25	cf51bffdae6cef6bea40e66ad0893abe677bf3785a81e512e4c551d888abe9c3	5ec0c0065801b5eee139e6d08a289191c287abe064a95ac8fe9570e90d0f6fd6		50038374
ore_ont_5927.owl	204	ok	match	true	production_all	5.9167	1220.06	cf51bffdae6cef6bea40e66ad0893abe677bf3785a81e512e4c551d888abe9c3	df5204236b942809dc9fff216bc1a3ccf523cc361d1cb9ca2a12b36456249647		50038375
ore_ont_5940.owl	205	ok	match	true	production_all	0.068	12.81	cf51bffdae6cef6bea40e66ad0893abe677bf3785a81e512e4c551d888abe9c3	7d92b7d06a4f4f6e5d69dfe3427cf620316b986e3c97336c481323b9e2c75541		50038376
ore_ont_5943.owl	206	ok	match	true	nominals	0.9501	582.66	cf51bffdae6cef6bea40e66ad0893abe677bf3785a81e512e4c551d888abe9c3	a92d8283ca794f043d4e8674c1f149fff5ded6960d02750dd54c37511fec308a		50038377
ore_ont_5965.owl	207	ok	match	true	production_all	0.4759	54.91	cf51bffdae6cef6bea40e66ad0893abe677bf3785a81e512e4c551d888abe9c3	25a9dfe3607834ad90d624672276aede57eaf02784efa544063dd4489337adab		50038378
ore_ont_5966.owl	208	ok	match	true	production_all	0.0409	8.44	cf51bffdae6cef6bea40e66ad0893abe677bf3785a81e512e4c551d888abe9c3	9f144657403b390cde484ce7144557101ddc0f91cf7a58e006f06b139d34a829		50038379
ore_ont_5974.owl	209	ok	match	true	production_all	0.4355	55.53	cf51bffdae6cef6bea40e66ad0893abe677bf3785a81e512e4c551d888abe9c3	25a9dfe3607834ad90d624672276aede57eaf02784efa544063dd4489337adab		50038380
ore_ont_6024.owl	210	ok	match	true	production_all	0.0972	9.36	cf51bffdae6cef6bea40e66ad0893abe677bf3785a81e512e4c551d888abe9c3	fd38224abd125b5f5a24640e946131f4a4c693c31fb1e3bf11f13eb8401b5c86		50038381
ore_ont_6060.owl	211	ok	match	true	nominal_ni_abox	0.9737	561.29	cf51bffdae6cef6bea40e66ad0893abe677bf3785a81e512e4c551d888abe9c3	d3e4063001c3e4438ded8d47f87d27a46d3dcbbe418ae052b9c635ae9671f559		50038382
ore_ont_6076.owl	212	ok	match	true	production_all	0.7408	69.82	cf51bffdae6cef6bea40e66ad0893abe677bf3785a81e512e4c551d888abe9c3	bd10def3d41c1e22fc106a4cbd39c7210b16e4330ff04be9ec5c9520f93a5e36		50038383
ore_ont_6102.owl	213	ok	match	true	production_all	1.1	277.23	cf51bffdae6cef6bea40e66ad0893abe677bf3785a81e512e4c551d888abe9c3	b8b44da4d5df5135b881ed029d13a33eddb0b3560b437f3e39076c7a4d6cf04b		50038384
ore_ont_6198.owl	214	ok	match	true	production_all	0.6825	50.38	cf51bffdae6cef6bea40e66ad0893abe677bf3785a81e512e4c551d888abe9c3	3b1fad5e91e1894e3db6411002f05c0506a0878ae60f3d9f17d08307bfdc5660		50038385
ore_ont_6207.owl	215	ok	match	true	production_all	0.0404	7.19	cf51bffdae6cef6bea40e66ad0893abe677bf3785a81e512e4c551d888abe9c3	621fca63e45cf2206f96f1a26dd7196ae091dfb92bc60a5b615905d46b91ea6d		50038386
ore_ont_6212.owl	216	ok	match	true	production_all	24.1885	2481.93	cf51bffdae6cef6bea40e66ad0893abe677bf3785a81e512e4c551d888abe9c3	7ae073cdbffccf3be43a0cd32b533d98d7b44c29e3233acc91621715e1be1636		50038387
ore_ont_6223.owl	217	ok	match	true	production_all	17.9806	2437.02	cf51bffdae6cef6bea40e66ad0893abe677bf3785a81e512e4c551d888abe9c3	dca4c38812f1ba96d632392754821ae3b2a1b9ab6e3bd84b2fa9046ddbe8a811		50038389
ore_ont_6226.owl	218	ok	match	true	production_all	0.0705	12.09	cf51bffdae6cef6bea40e66ad0893abe677bf3785a81e512e4c551d888abe9c3	0f6576b1f60718edccc3bc45fa9716c9c6d463b12f6b01e4df44986fa4ac97bb		50038390
ore_ont_6230.owl	219	ok	match	true	production_all	0.4196	49.23	cf51bffdae6cef6bea40e66ad0893abe677bf3785a81e512e4c551d888abe9c3	65cd57dacb88edecf9f413022ff56ff1b53b173333a926445a1c708a5b12a13c		50038391
ore_ont_6233.owl	220	ok	match	true	production_all	42.5657	4501.48	cf51bffdae6cef6bea40e66ad0893abe677bf3785a81e512e4c551d888abe9c3	25a9dfe3607834ad90d624672276aede57eaf02784efa544063dd4489337adab		50038392
ore_ont_6246.owl	221	ok	match	true	production_all	0.4175	62.47	cf51bffdae6cef6bea40e66ad0893abe677bf3785a81e512e4c551d888abe9c3	93b7859c78179ff099816dd2be78351edf79d854aea8f8ae58fff6f666123a23		50038393
ore_ont_6310.owl	222	ok	match	true	production_all	1.2978	278.61	cf51bffdae6cef6bea40e66ad0893abe677bf3785a81e512e4c551d888abe9c3	a68ac89973e199916c1ef7d8ff6b9fd7a85c8ec7524aec5f8266dac0dc0da328		50038394
ore_ont_6358.owl	223	ok	match	true	production_all	0.2808	36.54	cf51bffdae6cef6bea40e66ad0893abe677bf3785a81e512e4c551d888abe9c3	26261a85079db13321a7de8c0b83f9f4d4a8843617179f0c1108386b659b98ca		50038395
ore_ont_6417.owl	224	ok	match	true	production_all	0.07	16.45	cf51bffdae6cef6bea40e66ad0893abe677bf3785a81e512e4c551d888abe9c3	25a9dfe3607834ad90d624672276aede57eaf02784efa544063dd4489337adab		50038397
ore_ont_6423.owl	225	ok	match	true	production_all	0.3011	75.79	cf51bffdae6cef6bea40e66ad0893abe677bf3785a81e512e4c551d888abe9c3	d6182ad55cdcd6fa7a8d2bdc540436f4c71350f5dd7cfcf8f03c190b92679dd7		50038398
ore_ont_6433.owl	226	ok	match	true	production_all	0.396	46.86	cf51bffdae6cef6bea40e66ad0893abe677bf3785a81e512e4c551d888abe9c3	7796424c2b2f646b5a3fb8a63b90ddbfc014127b60de867be7a57388a6366d27		50038399
ore_ont_6453.owl	227	ok	match	true	production_all	0.4775	55.41	cf51bffdae6cef6bea40e66ad0893abe677bf3785a81e512e4c551d888abe9c3	25a9dfe3607834ad90d624672276aede57eaf02784efa544063dd4489337adab		50038400
ore_ont_6477.owl	228	ok	match	true	production_all	19.4256	3153.88	cf51bffdae6cef6bea40e66ad0893abe677bf3785a81e512e4c551d888abe9c3	01e8ae5dd77b83a67724a6e40f88ce2191f96e1f74003d90a67d0974f037a188		50038401
ore_ont_6566.owl	229	ok	match	true	production_all	0.0997	16.04	cf51bffdae6cef6bea40e66ad0893abe677bf3785a81e512e4c551d888abe9c3	456de73651e72ad41cafa09ec4862170488fa58bfc96804cf0b22bf8bddcd79a		50038402
ore_ont_6589.owl	230	ok	match	true	nominals	0.0413	8.09	cf51bffdae6cef6bea40e66ad0893abe677bf3785a81e512e4c551d888abe9c3	effa0eaa4edd98d52b7412297ea2f1305fb8161995434cba59061ec953abf851		50038403
ore_ont_6659.owl	231	ok	match	true	production_all	2.1694	535.95	cf51bffdae6cef6bea40e66ad0893abe677bf3785a81e512e4c551d888abe9c3	ebca2b615596b2796e548fc678858b7e399a9eba523ee96579bef889d19801cf		50038404
ore_ont_6682.owl	232	ok	match	true	production_all	30.8135	7883.07	cf51bffdae6cef6bea40e66ad0893abe677bf3785a81e512e4c551d888abe9c3	0a7e90878ba8715efca484296498d433cf7ab87612dc369aacb545029d3e93e3		50038405
ore_ont_6696.owl	233	ok	match	true	production_all	0.0698	11.25	cf51bffdae6cef6bea40e66ad0893abe677bf3785a81e512e4c551d888abe9c3	2d805b780f699bee6f128c54f0e3b589416c072e1830309a93bbc64f730a5d81		50038406
ore_ont_6720.owl	234	ok	match	true	production_all	0.0407	9.38	cf51bffdae6cef6bea40e66ad0893abe677bf3785a81e512e4c551d888abe9c3	3c48c283d1292f55fe67383942d35be768499f1f96e83f0adf812c000ac3b9dd		50038407
ore_ont_6722.owl	235	ok	match	true	production_all	7.9324	1134.69	cf51bffdae6cef6bea40e66ad0893abe677bf3785a81e512e4c551d888abe9c3	4564dd0471d31889baa9329a691ff22bf09d5125cbec7d460810722b7c25a901		50038409
ore_ont_6735.owl	236	ok	match	true	production_all	0.0408	6.88	cf51bffdae6cef6bea40e66ad0893abe677bf3785a81e512e4c551d888abe9c3	568b20ec22f256e9bd4fc9fcf15cf4b3157021cf963d60142af61ee8f90294a8		50038412
ore_ont_6751.owl	237	ok	match	true	production_all	0.2438	31.63	cf51bffdae6cef6bea40e66ad0893abe677bf3785a81e512e4c551d888abe9c3	5c1fe0699854aa6c4f891ae1122faf848af88deaf57d6d6a18959e0c89e90df6		50038413
ore_ont_6765.owl	238	ok	match	true	nominals	8.8821	1590.75	cf51bffdae6cef6bea40e66ad0893abe677bf3785a81e512e4c551d888abe9c3	f4cfde7f23bbb2df47ece80129e120bd127df90b2793cfc5fe5bfe924b0bad33		50038414
ore_ont_6796.owl	239	ok	match	true	production_all	0.0391	7.19	cf51bffdae6cef6bea40e66ad0893abe677bf3785a81e512e4c551d888abe9c3	75b6c8b0da2fa48dcb7812afec56880fd64859eea8a24c86d2dd2f6c6e159e13		50038415
ore_ont_6812.owl	240	ok	match	true	production_all	0.0398	6.56	cf51bffdae6cef6bea40e66ad0893abe677bf3785a81e512e4c551d888abe9c3	1b748642d61733666eec435cb81094c0f59dcbf20443c391069e5a9c8ce51398		50038416
ore_ont_6817.owl	241	ok	match	true	production_all	0.0949	17.09	cf51bffdae6cef6bea40e66ad0893abe677bf3785a81e512e4c551d888abe9c3	2a47d8eb1298a2a53d28da4d78f897a04fbc8dcd17e84c2dd3306c341f87ecec		50038417
ore_ont_6855.owl	242	ok	match	true	nominals	0.0696	19.02	cf51bffdae6cef6bea40e66ad0893abe677bf3785a81e512e4c551d888abe9c3	53a658f652f9df7a203289d89ad485dc611e4451cbca395eaaf186dd63f1a2df		50038418
ore_ont_6869.owl	243	ok	match	true	production_all	0.2846	33.88	cf51bffdae6cef6bea40e66ad0893abe677bf3785a81e512e4c551d888abe9c3	222d0c9496adf87472570ce6385aec3f1d0854a9222db549213d721ed89e6940		50038420
ore_ont_6870.owl	244	ok	match	true	production_all	0.3256	46.25	cf51bffdae6cef6bea40e66ad0893abe677bf3785a81e512e4c551d888abe9c3	b073c08ca62b95b0d634eab18aaff4fefe8d4cea94718a22b13e75f9f7cdac85		50038421
ore_ont_6934.owl	245	ok	match	true	nominal_ni_abox	201.7863	3311.16	cf51bffdae6cef6bea40e66ad0893abe677bf3785a81e512e4c551d888abe9c3	5e60a794400802833a9d5785abb6320b7b13d702e48a4c810462bad6c1fc931e		50038425
ore_ont_6999.owl	246	ok	match	true	certified_nominals	0.3027	94.68	cf51bffdae6cef6bea40e66ad0893abe677bf3785a81e512e4c551d888abe9c3	db669ccdb7494f564a988b9f8cf0084b3714c0feb590e272fb75185f2de1c1d3		50038426
ore_ont_7003.owl	247	ok	match	true	production_all	0.0407	7.68	cf51bffdae6cef6bea40e66ad0893abe677bf3785a81e512e4c551d888abe9c3	25a9dfe3607834ad90d624672276aede57eaf02784efa544063dd4489337adab		50038427
ore_ont_7025.owl	248	ok	match	true	nominals	1.0636	592.36	cf51bffdae6cef6bea40e66ad0893abe677bf3785a81e512e4c551d888abe9c3	d46b11fc71dde82bf5ef0a349d3b41a845c9f34f60e8959d9783216dac92d420		50038428
ore_ont_7052.owl	249	ok	match	true	nominals	0.0675	11.43	cf51bffdae6cef6bea40e66ad0893abe677bf3785a81e512e4c551d888abe9c3	3c48c283d1292f55fe67383942d35be768499f1f96e83f0adf812c000ac3b9dd		50038429
ore_ont_7120.owl	250	ok	match	true	production_all	0.0705	14.59	cf51bffdae6cef6bea40e66ad0893abe677bf3785a81e512e4c551d888abe9c3	9448c0d4cf3dfd61d5ba709b2126df314cf4e7ae4c0d1743e9e02490c6743559		50038430
ore_ont_7127.owl	251	ok	match	true	production_all	10.101	2034.4	cf51bffdae6cef6bea40e66ad0893abe677bf3785a81e512e4c551d888abe9c3	6d60a4b9434307896c1d29c6e289b5379fe2d39b68754be2d07ab82682ab6235		50038431
ore_ont_7169.owl	252	ok	match	true	production_all	0.0392	10.31	cf51bffdae6cef6bea40e66ad0893abe677bf3785a81e512e4c551d888abe9c3	c4515c4f4b99d254b5a695ba508e733b17b41696846c36d6e118dea92ff46e93		50038433
ore_ont_7195.owl	253	ok	match	true	production_all	0.3628	41.79	cf51bffdae6cef6bea40e66ad0893abe677bf3785a81e512e4c551d888abe9c3	03accb67d6d40c5c42a9da8431fcefdc8f3c9811fd69b5efc5562d65b4347e9d		50038434
ore_ont_7216.owl	254	ok	match	true	production_all	0.1306	24.38	cf51bffdae6cef6bea40e66ad0893abe677bf3785a81e512e4c551d888abe9c3	3d88a915669fdbb2f868940740069281997953e43042ae1ada668f2b385e3754		50038435
ore_ont_7218.owl	255	ok	match	true	production_all	0.2184	31.38	cf51bffdae6cef6bea40e66ad0893abe677bf3785a81e512e4c551d888abe9c3	c83b420eb9e3ac17fbc453ffe5e2d42074c33e5356f719a005abacab486da9e1		50038436
ore_ont_7220.owl	256	ok	match	true	production_all	0.0398	9.06	cf51bffdae6cef6bea40e66ad0893abe677bf3785a81e512e4c551d888abe9c3	c8cc206848dedf9ea7f8187f4b84146cc843be24d1d6f9739b996703419c6f36		50038437
ore_ont_7234.owl	257	ok	match	true	production_all	0.5345	57.09	cf51bffdae6cef6bea40e66ad0893abe677bf3785a81e512e4c551d888abe9c3	8ff975eebd5a426ae5eab822f03c8620c76c8dfb17415f7488768d9facb69e75		50038438
ore_ont_7246.owl	258	ok	match	true	production_all	31.0651	12998.38	cf51bffdae6cef6bea40e66ad0893abe677bf3785a81e512e4c551d888abe9c3	1fdf3d773ce6278032b0975ae42432254a22696e360cb41cffd0e4af032d0537		50038439
ore_ont_7251.owl	259	ok	match	true	production_all	0.4896	57.57	cf51bffdae6cef6bea40e66ad0893abe677bf3785a81e512e4c551d888abe9c3	734ac944226aedb079df6235f3a610f16608c4e87dc06507fee67dfb94131f04		50038441
ore_ont_7256.owl	260	ok	match	true	production_all	1.5966	356.05	cf51bffdae6cef6bea40e66ad0893abe677bf3785a81e512e4c551d888abe9c3	25a9dfe3607834ad90d624672276aede57eaf02784efa544063dd4489337adab		50038442
ore_ont_7270.owl	261	ok	match	true	production_all	0.0405	6.88	cf51bffdae6cef6bea40e66ad0893abe677bf3785a81e512e4c551d888abe9c3	881f2546efa252840c0a44322691d9a1341b87054d9105d0362ccb4eb5c55225		50038443
ore_ont_7300.owl	262	ok	match	true	production_all	1.6645	389.59	cf51bffdae6cef6bea40e66ad0893abe677bf3785a81e512e4c551d888abe9c3	f3a81da56d8936d963e8da5a6732f0fbde31d99db78f602deecc01783e44b358		50038444
ore_ont_7320.owl	263	ok	match	true	nominal_ni_abox	1.0008	574.16	cf51bffdae6cef6bea40e66ad0893abe677bf3785a81e512e4c551d888abe9c3	13356683a3a33f75b61c73cd89d37568c8babcdc8082d7ea0be3fecef4c96f69		50038445
ore_ont_7340.owl	264	ok	match	true	production_all	8.1934	1587.31	cf51bffdae6cef6bea40e66ad0893abe677bf3785a81e512e4c551d888abe9c3	b727a7735e45785e7fd4b0d77f5752a29d01036cac0589233213015fcd0f4505		50038446
ore_ont_7343.owl	265	ok	match	true	production_all	4.5703	1134.8	cf51bffdae6cef6bea40e66ad0893abe677bf3785a81e512e4c551d888abe9c3	25a9dfe3607834ad90d624672276aede57eaf02784efa544063dd4489337adab		50038447
ore_ont_7409.owl	266	ok	match	true	nominals	7.7118	1844.6	cf51bffdae6cef6bea40e66ad0893abe677bf3785a81e512e4c551d888abe9c3	dbed370744689df90ceffaea08d2c6f77e205c80fcb51bb68029322c375abec7		50038448
ore_ont_7417.owl	267	ok	match	true	nominals	0.041	7.58	cf51bffdae6cef6bea40e66ad0893abe677bf3785a81e512e4c551d888abe9c3	5df147bd114ac6ebdefd0fd6c02a07ceb1d45ed947a03f98c077d15d11bc2043		50038449
ore_ont_7418.owl	268	ok	match	true	production_all	0.0699	8.44	cf51bffdae6cef6bea40e66ad0893abe677bf3785a81e512e4c551d888abe9c3	25a9dfe3607834ad90d624672276aede57eaf02784efa544063dd4489337adab		50038450
ore_ont_7439.owl	269	ok	match	true	production_all	0.419	49.39	cf51bffdae6cef6bea40e66ad0893abe677bf3785a81e512e4c551d888abe9c3	a2c9fd27be406668497189b64f1f673b22ea55c2266d5417991166ab3fdc6685		50038453
ore_ont_7455.owl	270	ok	match	true	production_all	3.6153	570.98	cf51bffdae6cef6bea40e66ad0893abe677bf3785a81e512e4c551d888abe9c3	94f1b9a52fc04d8b77a815c4dba31d99b3f4ea184d10118c0fe15d2322b8da65		50038454
ore_ont_7474.owl	271	ok	match	true	nominals	8.954	1585.57	cf51bffdae6cef6bea40e66ad0893abe677bf3785a81e512e4c551d888abe9c3	d8a0ecd1c05efc6540c190219022cbf2596edddcae5850b92e7c19bdfe5ed6c3		50038455
ore_ont_7482.owl	272	ok	match	true	production_all	0.0408	6.56	cf51bffdae6cef6bea40e66ad0893abe677bf3785a81e512e4c551d888abe9c3	aa43997598571957c3e4fcdb5cb14dd1185fb593bc966e197af4fb71bb9d8960		50038456
ore_ont_7493.owl	273	ok	match	true	production_all	1.7438	370.46	cf51bffdae6cef6bea40e66ad0893abe677bf3785a81e512e4c551d888abe9c3	c46365c28ab506d47204cdcb689e860bba483b13191b4646ffa2ce9831e4099d		50038457
ore_ont_7499.owl	274	ok	match	true	certified_card_proxy_abox	87.5273	3162.3	cf51bffdae6cef6bea40e66ad0893abe677bf3785a81e512e4c551d888abe9c3	f82850c6582131358cd9ecc108888e2131734900cf687d055a7a7c0f4fece17d		50038460
ore_ont_7567.owl	275	ok	match	true	production_all	6.4353	1408.4	cf51bffdae6cef6bea40e66ad0893abe677bf3785a81e512e4c551d888abe9c3	aa75019ee58185ca3802480986d3948301c7dc7b9f5316b09b0e61ae3c41d92d		50038461
ore_ont_7576.owl	276	ok	match	true	production_all	0.0415	7.5	cf51bffdae6cef6bea40e66ad0893abe677bf3785a81e512e4c551d888abe9c3	b397cda8a43a43ced776b8d3b7dbdb5774579fa035364a30976b207a127c1028		50038465
ore_ont_7581.owl	277	ok	match	true	production_all	20.2695	4338.94	cf51bffdae6cef6bea40e66ad0893abe677bf3785a81e512e4c551d888abe9c3	d54544ddd6a2f4e91994f13794369403aaa5fd0a5de2c24e8df517e89580021d		50038466
ore_ont_7608.owl	278	ok	match	true	production_all	0.3882	53.06	cf51bffdae6cef6bea40e66ad0893abe677bf3785a81e512e4c551d888abe9c3	151a5767650248760c9540f5134bd6941f23d222ac6cb9ed9d458998b9118ab0		50038469
ore_ont_7639.owl	279	ok	match	true	production_all	0.0413	11.95	cf51bffdae6cef6bea40e66ad0893abe677bf3785a81e512e4c551d888abe9c3	0f454f1459631f12284f48aec1c94aab8f7c34d7fd299e7f4aaee4733d694980		50038470
ore_ont_7663.owl	280	ok	match	true	production_all	0.0412	7.81	cf51bffdae6cef6bea40e66ad0893abe677bf3785a81e512e4c551d888abe9c3	bdfac28194877cd85b581a35583329ca129f2cdea9a9cdc366adb73c0615400a		50038471
ore_ont_7716.owl	281	ok	match	true	production_all	1.1423	275.82	cf51bffdae6cef6bea40e66ad0893abe677bf3785a81e512e4c551d888abe9c3	dd3b5bbe7f4a013d8a153f64f72551e43a927e98bb7fee179c0578db0581d568		50038473
ore_ont_7726.owl	282	ok	match	true	production_all	0.4269	47.98	cf51bffdae6cef6bea40e66ad0893abe677bf3785a81e512e4c551d888abe9c3	311a7aa3709f273afb66ff6411d52f4fc995238d84b3102677a5e6ef86c4c392		50038474
ore_ont_7728.owl	283	ok	match	true	production_all	5.6328	1185.25	cf51bffdae6cef6bea40e66ad0893abe677bf3785a81e512e4c551d888abe9c3	3537c300fef513b1f95cbc12ac6827cdffd438bfb9ba466e971464c2b77bd576		50038475
ore_ont_7775.owl	284	ok	match	true	production_all	0.1894	55.19	cf51bffdae6cef6bea40e66ad0893abe677bf3785a81e512e4c551d888abe9c3	55d6d20356364ed92a7cbda694127429aeeeb731cd3403cc51883db1ba926d0a		50038476
ore_ont_7831.owl	285	ok	match	true	production_all	1.3948	385.38	cf51bffdae6cef6bea40e66ad0893abe677bf3785a81e512e4c551d888abe9c3	25a9dfe3607834ad90d624672276aede57eaf02784efa544063dd4489337adab		50038478
ore_ont_7868.owl	286	ok	match	true	production_all	8.5886	1712.65	cf51bffdae6cef6bea40e66ad0893abe677bf3785a81e512e4c551d888abe9c3	4019d9513c497d61fb25100283859e81b66ffeb8e055b430d1e50f947772db73		50038479
ore_ont_7890.owl	287	ok	match	true	production_all	0.0416	7.19	cf51bffdae6cef6bea40e66ad0893abe677bf3785a81e512e4c551d888abe9c3	28a1e49d14379cb1f82aaf14e3c9ef1df435861077b31111dec9d947d4225a51		50038480
ore_ont_7901.owl	288	ok	match	true	production_all	0.1553	18.04	cf51bffdae6cef6bea40e66ad0893abe677bf3785a81e512e4c551d888abe9c3	f295da304477c4374ae0a079f38e43b434c23a1e6933ee2cc9876c5711a3f9bb		50038481
ore_ont_7914.owl	289	ok	match	true	production_all	46.5334	9520.88	cf51bffdae6cef6bea40e66ad0893abe677bf3785a81e512e4c551d888abe9c3	5dfdc6168df75c9a1e2dd6485ea1d5b4bf9af6307ea210e9cd1634262e981923		50038482
ore_ont_7956.owl	290	ok	match	true	production_all	5.962	1254.5	cf51bffdae6cef6bea40e66ad0893abe677bf3785a81e512e4c551d888abe9c3	aebf3b95b4ccf23d1c411a1c30e74773f1b6bbfd775c75a97210b7992cdb471d		50038483
ore_ont_7993.owl	291	ok	match	true	production_all	23.7122	4096.11	cf51bffdae6cef6bea40e66ad0893abe677bf3785a81e512e4c551d888abe9c3	25a9dfe3607834ad90d624672276aede57eaf02784efa544063dd4489337adab		50038484
ore_ont_8006.owl	292	ok	match	true	nominals	0.2714	108.05	cf51bffdae6cef6bea40e66ad0893abe677bf3785a81e512e4c551d888abe9c3	e40a3abda27e0256fd3fc4e4a661444b9097852a17e2cf599e9c252eabadabe5		50038486
ore_ont_8021.owl	293	ok	match	true	production_all	0.0704	9.69	cf51bffdae6cef6bea40e66ad0893abe677bf3785a81e512e4c551d888abe9c3	f1c1aff96369c4199e413436dcd3a0d45b449393826940589aad2446b3122753		50038487
ore_ont_8068.owl	294	ok	match	true	production_all	9.821	1365.69	cf51bffdae6cef6bea40e66ad0893abe677bf3785a81e512e4c551d888abe9c3	5c2ab9b4b26ecff56fd8e5c58caf281e5feb460455d6e03e7231cb2e3f65d601		50038488
ore_ont_8135.owl	295	ok	match	true	production_all	0.0706	10.0	cf51bffdae6cef6bea40e66ad0893abe677bf3785a81e512e4c551d888abe9c3	9251a47de72167549d5ded7d510bf8d803f42b3c0a1ad48a7374556417c186d9		50038489
ore_ont_8145.owl	296	ok	match	true	production_all	4.4346	1124.26	cf51bffdae6cef6bea40e66ad0893abe677bf3785a81e512e4c551d888abe9c3	25a9dfe3607834ad90d624672276aede57eaf02784efa544063dd4489337adab		50038491
ore_ont_8169.owl	297	ok	match	true	production_all	0.0415	7.19	cf51bffdae6cef6bea40e66ad0893abe677bf3785a81e512e4c551d888abe9c3	ea6c013a1f02885a5417d8db9efecd7258fe49a6a6b9b6f24b6332e245a117b4		50038492
ore_ont_8175.owl	298	ok	match	true	production_all	0.13	18.04	cf51bffdae6cef6bea40e66ad0893abe677bf3785a81e512e4c551d888abe9c3	ae99b783760a88e6b52f52e8fc649a680d05124b89be44322252f8d9a4e9b7b8		50038493
ore_ont_8298.owl	299	ok	match	true	production_all	0.0986	14.23	cf51bffdae6cef6bea40e66ad0893abe677bf3785a81e512e4c551d888abe9c3	e832933cc9322364c76e54ba0f51d9548d6c2077fed14e9a627e5529006be3d7		50033013
ore_ont_8322.owl	300	ok	match	true	nominals	9.1555	1672.1	cf51bffdae6cef6bea40e66ad0893abe677bf3785a81e512e4c551d888abe9c3	3c47845e47bf260331395c02e3ce3c65fed55eb04a364eceadf9a50b552821e0		50037848
ore_ont_8329.owl	301	ok	match	true	production_all	0.2161	33.61	cf51bffdae6cef6bea40e66ad0893abe677bf3785a81e512e4c551d888abe9c3	c83b420eb9e3ac17fbc453ffe5e2d42074c33e5356f719a005abacab486da9e1		50037885
ore_ont_8347.owl	302	ok	match	true	production_all	0.2734	41.42	cf51bffdae6cef6bea40e66ad0893abe677bf3785a81e512e4c551d888abe9c3	2e3d43d2ccdef95965bb116db6a147ac1c9436689d91642fdc0a0ae516665943		50037893
ore_ont_8369.owl	303	ok	match	true	production_all	0.0403	8.12	cf51bffdae6cef6bea40e66ad0893abe677bf3785a81e512e4c551d888abe9c3	25a9dfe3607834ad90d624672276aede57eaf02784efa544063dd4489337adab		50037909
ore_ont_8462.owl	304	ok	match	true	production_all	0.0695	9.38	cf51bffdae6cef6bea40e66ad0893abe677bf3785a81e512e4c551d888abe9c3	25a9dfe3607834ad90d624672276aede57eaf02784efa544063dd4489337adab		50037925
ore_ont_8480.owl	305	ok	match	true	nominals	22.6118	5436.83	cf51bffdae6cef6bea40e66ad0893abe677bf3785a81e512e4c551d888abe9c3	ac1340ed5caad4831da799f8842d2893e8d9f310dce3d084390affed2072a4a6		50037929
ore_ont_8486.owl	306	ok	match	true	production_all	39.2997	2589.08	cf51bffdae6cef6bea40e66ad0893abe677bf3785a81e512e4c551d888abe9c3	e8538c62c6e3407ba8b6f280e031e7778ea96154b374ccb60e0e9aeca2c8a742		50038279
ore_ont_8492.owl	307	ok	match	true	production_all	0.3666	49.23	cf51bffdae6cef6bea40e66ad0893abe677bf3785a81e512e4c551d888abe9c3	65cd57dacb88edecf9f413022ff56ff1b53b173333a926445a1c708a5b12a13c		50038419
ore_ont_8557.owl	308	ok	match	true	production_all	2.1269	642.76	cf51bffdae6cef6bea40e66ad0893abe677bf3785a81e512e4c551d888abe9c3	25a9dfe3607834ad90d624672276aede57eaf02784efa544063dd4489337adab		50038422
ore_ont_8579.owl	309	ok	match	true	production_all	0.3089	43.04	cf51bffdae6cef6bea40e66ad0893abe677bf3785a81e512e4c551d888abe9c3	25a9dfe3607834ad90d624672276aede57eaf02784efa544063dd4489337adab		50038440
ore_ont_8634.owl	310	ok	match	true	production_all	2.895	700.76	cf51bffdae6cef6bea40e66ad0893abe677bf3785a81e512e4c551d888abe9c3	7e3f4f2b20876c80b4f4c449df65b6cbc2ee89ce460335c802183fd013914ddc		50038458
ore_ont_8641.owl	311	ok	match	true	production_all	0.2173	28.35	cf51bffdae6cef6bea40e66ad0893abe677bf3785a81e512e4c551d888abe9c3	f28ec1c5ea5f0658828881e84767eaceaf4d7075058f90e8ed3c02de5bcf87e3		50038472
ore_ont_8667.owl	312	ok	match	true	production_all	0.0395	6.56	cf51bffdae6cef6bea40e66ad0893abe677bf3785a81e512e4c551d888abe9c3	7e6ad8de8a1f7ae523024c33c5dda271da9e1d5229bd795b78a7f45b55fdfee5		50038477
ore_ont_8730.owl	313	ok	match	true	production_all	0.0987	19.85	cf51bffdae6cef6bea40e66ad0893abe677bf3785a81e512e4c551d888abe9c3	49bbd16d161499bca9c39a7c91db140777f3181f91d095be67c258599383b106		50038485
ore_ont_8737.owl	314	ok	match	true	production_all	105.4568	9987.66	cf51bffdae6cef6bea40e66ad0893abe677bf3785a81e512e4c551d888abe9c3	25a9dfe3607834ad90d624672276aede57eaf02784efa544063dd4489337adab		50038490
ore_ont_8744.owl	315	ok	match	true	production_all	0.0986	18.06	cf51bffdae6cef6bea40e66ad0893abe677bf3785a81e512e4c551d888abe9c3	d713f119f4ce447a586bfb40e881c98b8c953c4a5055106a42abe8529e26e0de		50038507
ore_ont_8759.owl	316	ok	match	true	production_all	0.1287	21.27	cf51bffdae6cef6bea40e66ad0893abe677bf3785a81e512e4c551d888abe9c3	dc8dba3248ce86b519e958417ad4c4002c3773fde402451f98bc052f131f8f31		50038508
ore_ont_8792.owl	317	ok	match	true	production_all	0.6655	81.11	cf51bffdae6cef6bea40e66ad0893abe677bf3785a81e512e4c551d888abe9c3	cc8ed26f34adca4dd9418c34241a6b1a4a77d65ca564619e47b9ceeb308ef87b		50038509
ore_ont_8806.owl	318	ok	match	true	production_all	0.0402	7.19	cf51bffdae6cef6bea40e66ad0893abe677bf3785a81e512e4c551d888abe9c3	ba414f74ab3e7b966cd457b609dabae6ba612401e7274ca55d7881bc9d22987c		50038510
ore_ont_8864.owl	319	ok	match	true	production_all	0.7129	68.62	cf51bffdae6cef6bea40e66ad0893abe677bf3785a81e512e4c551d888abe9c3	159a022b4f747d2d997be119b1931f66afb88d8f3178ce39578474349bc072e1		50038511
ore_ont_8937.owl	320	ok	match	true	production_all	0.0397	6.88	cf51bffdae6cef6bea40e66ad0893abe677bf3785a81e512e4c551d888abe9c3	64fc5b419fe9b852ab9cf2f041610574b2172f0b82fdccaa1be515d0dc303e22		50038514
ore_ont_8941.owl	321	ok	match	true	nominals	0.0401	8.97	cf51bffdae6cef6bea40e66ad0893abe677bf3785a81e512e4c551d888abe9c3	3c48c283d1292f55fe67383942d35be768499f1f96e83f0adf812c000ac3b9dd		50038515
ore_ont_8974.owl	322	ok	match	true	production_all	0.0397	7.19	cf51bffdae6cef6bea40e66ad0893abe677bf3785a81e512e4c551d888abe9c3	1c432924c500260bbb560ba78e947ea3b0024c5972c5c62446d653f8aab82707		50038516
ore_ont_8982.owl	323	ok	match	true	production_all	7.6903	1721.52	cf51bffdae6cef6bea40e66ad0893abe677bf3785a81e512e4c551d888abe9c3	1c1d0d6b85946a2f8329e9e475abff843d882bca0287daf3cbff8b3714e65d12		50038517
ore_ont_8999.owl	324	ok	match	true	nominals	7.8525	1582.12	cf51bffdae6cef6bea40e66ad0893abe677bf3785a81e512e4c551d888abe9c3	97d6d9eb3b55d3f801af85340de71c922ff497f5e0b9ee8e21994c3ff6c8fc88		50038518
ore_ont_9002.owl	325	ok	match	true	production_all	0.0703	9.06	cf51bffdae6cef6bea40e66ad0893abe677bf3785a81e512e4c551d888abe9c3	99d0faced2959471b60d0a67e805997d23dd3321683895b93ca62646f3ba0259		50038519
ore_ont_9014.owl	326	ok	match	true	production_all	0.2199	33.72	cf51bffdae6cef6bea40e66ad0893abe677bf3785a81e512e4c551d888abe9c3	ce8e2abddc8b99ee5b90fd21def4355dfa9a5fac43a6e72b093db0e5a4ed6c84		50038520
ore_ont_9020.owl	327	ok	match	true	production_all	0.1296	23.27	cf51bffdae6cef6bea40e66ad0893abe677bf3785a81e512e4c551d888abe9c3	25a9dfe3607834ad90d624672276aede57eaf02784efa544063dd4489337adab		50038526
ore_ont_9024.owl	328	ok	match	true	production_all	0.4886	169.15	cf51bffdae6cef6bea40e66ad0893abe677bf3785a81e512e4c551d888abe9c3	0205fe9d5bff8d6ac81af28ac8ca71cf10b61b85998e5e70242fdd9be69af349		50038527
ore_ont_9031.owl	329	ok	match	true	production_all	0.0405	6.88	cf51bffdae6cef6bea40e66ad0893abe677bf3785a81e512e4c551d888abe9c3	0e5701300cb5b8f0a6c312b537991848cadb3b0f94a7bf40999cee4fa10694a5		50038532
ore_ont_9096.owl	330	ok	match	true	nominals	0.1303	50.89	cf51bffdae6cef6bea40e66ad0893abe677bf3785a81e512e4c551d888abe9c3	f3b5d8340ae8952054a204146b16e5e82818390360e61cd62831da4c24b7867f		50038533
ore_ont_9400.owl	331	ok	match	true	production_all	14.6498	2307.01	cf51bffdae6cef6bea40e66ad0893abe677bf3785a81e512e4c551d888abe9c3	ed813c6bb729688629abd57498c392f2b9c59e451076692d26d323cf17b5b4f8		50038534
ore_ont_9435.owl	332	ok	match	true	production_all	0.1288	18.66	cf51bffdae6cef6bea40e66ad0893abe677bf3785a81e512e4c551d888abe9c3	bab32340487d9aa994aee6bdaf676387d6926cc59863cba1314a0a6e18015ea7		50038599
ore_ont_9498.owl	333	ok	match	true	production_all	19.0075	3383.03	cf51bffdae6cef6bea40e66ad0893abe677bf3785a81e512e4c551d888abe9c3	c914feef45d9a4d58fa282a84a58b29a7872e69a5cf0a0dfb7ecc6fbbd2ad83a		50038628
ore_ont_9499.owl	334	ok	match	true	production_all	15.6168	2463.33	cf51bffdae6cef6bea40e66ad0893abe677bf3785a81e512e4c551d888abe9c3	fabf3860014083f4e7c6d1d0775efe1dda40bb124bf6b4619c1876a9f9ce17d7		50038858
ore_ont_9509.owl	335	ok	match	true	production_all	0.0405	6.56	cf51bffdae6cef6bea40e66ad0893abe677bf3785a81e512e4c551d888abe9c3	6dfd8cd44c067cdcb5a447f5a0784d0ac3b59f0323ba1fc7d4e3cb65ca402c53		50038877
ore_ont_9513.owl	336	ok	match	true	production_all	0.4282	54.04	cf51bffdae6cef6bea40e66ad0893abe677bf3785a81e512e4c551d888abe9c3	b1066b92f86cd2250dcc3e4f9d6e0d6a47ba59ae0608d54dcef83b1e86cfcc63		50038879
ore_ont_9540.owl	337	ok	match	true	certified_card_nominals	0.7461	122.81	cf51bffdae6cef6bea40e66ad0893abe677bf3785a81e512e4c551d888abe9c3	973e3ccc38715145084b7fb36d95be8b4824aaa80931af741fbff473c7aa7e61		50038880
ore_ont_9557.owl	338	ok	match	true	nominals	0.0991	42.37	cf51bffdae6cef6bea40e66ad0893abe677bf3785a81e512e4c551d888abe9c3	09b5dccb229d2940f720397ba57fae3d2e043099ed5fd4d41189946d9d8fe955		50038881
ore_ont_9567.owl	339	ok	match	true	production_all	5.5615	1046.72	cf51bffdae6cef6bea40e66ad0893abe677bf3785a81e512e4c551d888abe9c3	0b8fb805974ec14b4df641131aa1c4af1eaed8babda4ab870378a05ef7aa26a0		50038882
ore_ont_9590.owl	340	ok	match	true	production_all	0.3073	40.98	cf51bffdae6cef6bea40e66ad0893abe677bf3785a81e512e4c551d888abe9c3	df32deb27449bcec194c3446ed312e9c77f71f413ebfe65ce6192a5563336ff6		50038885
ore_ont_9598.owl	341	ok	match	true	production_all	0.0706	14.29	cf51bffdae6cef6bea40e66ad0893abe677bf3785a81e512e4c551d888abe9c3	007a7c6b5298f817cc16cad9262411ac152ca7efbc034b87fcf0a608dcf3739c		50038886
ore_ont_9612.owl	342	ok	match	true	production_all	0.3509	47.34	cf51bffdae6cef6bea40e66ad0893abe677bf3785a81e512e4c551d888abe9c3	f36c7be0b65832b4a9cfe365697a413c326eae0f77db2a4eb2b060ca95f29725		50038887
ore_ont_9635.owl	343	ok	match	true	certified_nominals	0.156	35.99	cf51bffdae6cef6bea40e66ad0893abe677bf3785a81e512e4c551d888abe9c3	05ec2b7af10ca0553fabdf219377baf556044a8a0e3b71215555cfc44d511b13		50038888
ore_ont_9646.owl	344	ok	match	true	production_all	0.0988	19.28	cf51bffdae6cef6bea40e66ad0893abe677bf3785a81e512e4c551d888abe9c3	32872f949ba62fe301386711bc639b7c57ba02cb5e33704bed90d8c022867ba0		50038889
ore_ont_9654.owl	345	ok	match	true	production_all	13.2679	2116.51	cf51bffdae6cef6bea40e66ad0893abe677bf3785a81e512e4c551d888abe9c3	8b2ef7faa2cdbe8e9e36287b8922fbabeb4c1b9c92bff7f51ab2a33e920eb799		50038890
ore_ont_9663.owl	346	ok	match	true	production_all	21.8548	4984.3	cf51bffdae6cef6bea40e66ad0893abe677bf3785a81e512e4c551d888abe9c3	02f5fd4d3395072d1c692c7fa0de012e7a86d3feca88c8984310f302e86a86f3		50038892
ore_ont_9668.owl	347	ok	match	true	nominals	1.2484	733.3	cf51bffdae6cef6bea40e66ad0893abe677bf3785a81e512e4c551d888abe9c3	6dd2a1f6eaa9f001ed5c7db958ff1edd374302f7b4e6b64679a6b0deb7635ff6		50038895
ore_ont_9674.owl	348	ok	match	true	production_all	42.8161	2816.29	cf51bffdae6cef6bea40e66ad0893abe677bf3785a81e512e4c551d888abe9c3	c1178310a91e0aff7b3209af626b01157a45f221df1fe058845f7585ee7b650f		50038897
ore_ont_9695.owl	349	ok	match	true	production_all	0.0679	8.75	cf51bffdae6cef6bea40e66ad0893abe677bf3785a81e512e4c551d888abe9c3	7af604002c66e3631410e327b01a0e80f08f9e3eef9bf28079638e0957334616		50039435
ore_ont_9724.owl	350	ok	match	true	ht_bridge	35.1691	8222.53	cf51bffdae6cef6bea40e66ad0893abe677bf3785a81e512e4c551d888abe9c3	95d679d0ee51b14583ca4dffe419b1c7e128398d207a2bdb25ab9eaa06c03b05		50039437
ore_ont_9761.owl	351	ok	match	true	production_all	0.3362	38.26	cf51bffdae6cef6bea40e66ad0893abe677bf3785a81e512e4c551d888abe9c3	22f28c620b9541258ef5651487ced86b41df9bf0c60da852ae9f7427900570a0		50039489
ore_ont_9768.owl	352	ok	match	true	production_all	18.3245	3612.88	cf51bffdae6cef6bea40e66ad0893abe677bf3785a81e512e4c551d888abe9c3	25a9dfe3607834ad90d624672276aede57eaf02784efa544063dd4489337adab		50039496
ore_ont_9772.owl	353	ok	match	true	production_all	0.1871	25.41	cf51bffdae6cef6bea40e66ad0893abe677bf3785a81e512e4c551d888abe9c3	6b1945e00a8cb4bdfc5e2e33e163d8de34c7ab1d0dc1d2517212df3700e3805b		50039519
ore_ont_9790.owl	354	ok	match	true	production_all	0.1565	21.3	cf51bffdae6cef6bea40e66ad0893abe677bf3785a81e512e4c551d888abe9c3	3db60447b84c1d14d898433b9a590740d2ae89cc4a09c7cf0000b62fbd9761c9		50039529
ore_ont_9792.owl	355	ok	match	true	production_all	0.3965	39.59	cf51bffdae6cef6bea40e66ad0893abe677bf3785a81e512e4c551d888abe9c3	dbe74c4da873c1e82fbd5ece88e723708b12df7d0ad4b65f1697fa978df35436		50039532
ore_ont_9794.owl	356	ok	match	true	production_all	10.592	2007.43	cf51bffdae6cef6bea40e66ad0893abe677bf3785a81e512e4c551d888abe9c3	25a9dfe3607834ad90d624672276aede57eaf02784efa544063dd4489337adab		50039550
ore_ont_9854.owl	357	ok	match	true	production_all	0.0396	6.25	cf51bffdae6cef6bea40e66ad0893abe677bf3785a81e512e4c551d888abe9c3	ee884ca781aa9b3125755319fa04fe136fa8b6f3fb9d4b223e1c1b2e217303de		50039591
ore_ont_9857.owl	358	ok	match	true	production_all	0.0971	14.34	cf51bffdae6cef6bea40e66ad0893abe677bf3785a81e512e4c551d888abe9c3	bcfb6d2459d0b343cdf9cdbcddfc92088fbc1bfabadf5f65c4a6dddca42a41bd		50039596
ore_ont_9881.owl	359	ok	match	true	nominals	7.3557	2122.91	cf51bffdae6cef6bea40e66ad0893abe677bf3785a81e512e4c551d888abe9c3	02d9215f1ccaeb8d1e8b4b1e423f86b9d4823b9e676fff8c3eb898814e1d4ac1		50039601
ore_ont_9894.owl	360	ok	match	true	production_all	2.2507	542.32	cf51bffdae6cef6bea40e66ad0893abe677bf3785a81e512e4c551d888abe9c3	db1af93afa5192ad635ea4163a536087e106a263a674d3d09252ed9490418892		50039613
ore_ont_9904.owl	361	ok	match	true	nominals	0.0695	14.48	cf51bffdae6cef6bea40e66ad0893abe677bf3785a81e512e4c551d888abe9c3	adc2de296c6ec11b58563a175cea58529c2ad32fa0935808086fc3ef4a761903		50039636
ore_ont_9944.owl	362	ok	match	true	production_all	7.973	8984.23	cf51bffdae6cef6bea40e66ad0893abe677bf3785a81e512e4c551d888abe9c3	ea9d6bdd0418ec22cde4ad8b0e6530e9d396250d8ba2222427e290bfb6cf3b50		50039640
ore_ont_9958.owl	363	ok	match	true	production_all	6.2353	1251.18	cf51bffdae6cef6bea40e66ad0893abe677bf3785a81e512e4c551d888abe9c3	6ac501d44cf044992209e9135655b7315326abaa29e2c1883c98e5f95a5c4bf2		50039653
ore_ont_10016.owl	364	ok	match	true	production_all	9.4996	1920.32	cf51bffdae6cef6bea40e66ad0893abe677bf3785a81e512e4c551d888abe9c3	ffc30b418ed2dea607f009293e1b0790243765404ed2061c4342c30a716ea818		50039665
ore_ont_10032.owl	365	ok	match	true	production_all	5.6518	1163.31	cf51bffdae6cef6bea40e66ad0893abe677bf3785a81e512e4c551d888abe9c3	df5204236b942809dc9fff216bc1a3ccf523cc361d1cb9ca2a12b36456249647		50039682
ore_ont_10056.owl	366	ok	match	true	production_all	0.0401	7.81	cf51bffdae6cef6bea40e66ad0893abe677bf3785a81e512e4c551d888abe9c3	f7263b2424943a6318ad423eee5cfaaeca18173aea87826910f2cb3fb4c4b1b2		50039702
ore_ont_10073.owl	367	ok	match	true	production_all	23.3387	3124.07	cf51bffdae6cef6bea40e66ad0893abe677bf3785a81e512e4c551d888abe9c3	1b068c5c15f054d5fc7dfa7c91fb77a80e6f68257c0fc156f590edef3ad57fcc		50039704
ore_ont_10123.owl	368	ok	match	true	production_all	0.2524	51.95	cf51bffdae6cef6bea40e66ad0893abe677bf3785a81e512e4c551d888abe9c3	6c1e4b555838fde9f917bb140c40e003f75025a08623e3e15f59f34c17f857df		50039736
ore_ont_10127.owl	369	ok	match	true	production_all	1.8956	465.09	cf51bffdae6cef6bea40e66ad0893abe677bf3785a81e512e4c551d888abe9c3	283d2c8230fa2895f44aba726960f75168e6d58971847b981a04a9e0bd18bba9		50039740
ore_ont_10134.owl	370	ok	match	true	production_all	0.0705	12.48	cf51bffdae6cef6bea40e66ad0893abe677bf3785a81e512e4c551d888abe9c3	bc13a85d7f537f9cbcc5b18b5b8aeaed250a0fc46e00fddc1c050b856943af7a		50039750
ore_ont_10146.owl	371	ok	match	true	production_all	0.1609	41.84	cf51bffdae6cef6bea40e66ad0893abe677bf3785a81e512e4c551d888abe9c3	683d410181c3d77df65f94caa014438ac468a3561b4882c004553c184a3828bb		50039753
ore_ont_10160.owl	372	ok	match	true	production_all	0.0698	13.12	cf51bffdae6cef6bea40e66ad0893abe677bf3785a81e512e4c551d888abe9c3	6c33730d4bc6e1f6aa064f2e182593f9b6519c412c818788fe0699cb90c27b55		50039769
ore_ont_10175.owl	373	ok	match	true	production_all	5.3266	1200.6	cf51bffdae6cef6bea40e66ad0893abe677bf3785a81e512e4c551d888abe9c3	f2e2f4eb571840cb8dafeed07f560af4b9be804c588296846bfc41133239eb2a		50039782
ore_ont_10212.owl	374	ok	match	true	production_all	0.1011	26.62	cf51bffdae6cef6bea40e66ad0893abe677bf3785a81e512e4c551d888abe9c3	216f018137fd6a812635f1e59284986b66efd3f70e76508f72065d2375e81484		50039819
ore_ont_10242.owl	375	ok	match	true	nominals	2.1382	1595.05	cf51bffdae6cef6bea40e66ad0893abe677bf3785a81e512e4c551d888abe9c3	5e240020e54a32d546f0aab6ca84621979706a46542490537626cfc5a1b72787		50039825
ore_ont_10248.owl	376	ok	match	true	production_all	6.4064	1320.96	cf51bffdae6cef6bea40e66ad0893abe677bf3785a81e512e4c551d888abe9c3	6c0877b5e054be5e2cef3b76c276a9c5007025f8483e4230c7156c7a45774003		50039836
ore_ont_10280.owl	377	ok	match	true	production_all	0.1891	28.06	cf51bffdae6cef6bea40e66ad0893abe677bf3785a81e512e4c551d888abe9c3	800442fb37369b500ebabfa01bfee81e440a7c142ba49f49d1d47e6d1242d926		50039855
ore_ont_10283.owl	378	ok	match	true	production_all	0.0403	9.38	cf51bffdae6cef6bea40e66ad0893abe677bf3785a81e512e4c551d888abe9c3	253ab9c47deb593a7b0fa2c333acee0b1d4131ff3ce88668588e415dd100bd98		50039863
ore_ont_10309.owl	379	ok	match	true	production_all	0.0402	6.88	cf51bffdae6cef6bea40e66ad0893abe677bf3785a81e512e4c551d888abe9c3	1c432924c500260bbb560ba78e947ea3b0024c5972c5c62446d653f8aab82707		50039871
ore_ont_10314.owl	380	ok	match	true	production_all	0.0706	11.26	cf51bffdae6cef6bea40e66ad0893abe677bf3785a81e512e4c551d888abe9c3	94d5c5d620349befe39d4041174b395ecf56b4f42891f7591db65771e98d546c		50039879
ore_ont_10321.owl	381	ok	match	true	nominal_ni_abox	0.0418	7.19	cf51bffdae6cef6bea40e66ad0893abe677bf3785a81e512e4c551d888abe9c3	25a9dfe3607834ad90d624672276aede57eaf02784efa544063dd4489337adab		50039891
ore_ont_10362.owl	382	ok	match	true	certified_nominals	0.0706	18.67	cf51bffdae6cef6bea40e66ad0893abe677bf3785a81e512e4c551d888abe9c3	bdaac64809d4dd860324e7acbccf4b9ea1efd832fe30164f4085e4f0ef73d093		50039899
ore_ont_10389.owl	383	ok	match	true	production_all	0.2181	31.14	cf51bffdae6cef6bea40e66ad0893abe677bf3785a81e512e4c551d888abe9c3	66cf798e2a6d852b552a503df73f79fe7386094dc37bb43419cf48547670e743		50039908
ore_ont_10413.owl	384	ok	match	true	production_all	0.0702	7.19	cf51bffdae6cef6bea40e66ad0893abe677bf3785a81e512e4c551d888abe9c3	25a9dfe3607834ad90d624672276aede57eaf02784efa544063dd4489337adab		50039914
ore_ont_10445.owl	385	ok	match	true	production_all	9.9098	2712.7	cf51bffdae6cef6bea40e66ad0893abe677bf3785a81e512e4c551d888abe9c3	25a9dfe3607834ad90d624672276aede57eaf02784efa544063dd4489337adab		50039920
ore_ont_10516.owl	386	ok	match	true	production_all	0.0403	7.5	cf51bffdae6cef6bea40e66ad0893abe677bf3785a81e512e4c551d888abe9c3	6465a6f722e6155f37f042174b14783c944b0e9cbeb5fd290f7d4fef100eb9e7		50039933
ore_ont_10536.owl	387	ok	match	true	production_all	0.0403	7.28	cf51bffdae6cef6bea40e66ad0893abe677bf3785a81e512e4c551d888abe9c3	8bc83a8d066e749a174d488d953064092d8c11300c09aa86119c0a2c4b3bceb8		50039942
ore_ont_10594.owl	388	ok	match	true	nominals	0.9544	570.88	cf51bffdae6cef6bea40e66ad0893abe677bf3785a81e512e4c551d888abe9c3	a92d8283ca794f043d4e8674c1f149fff5ded6960d02750dd54c37511fec308a		50039946
ore_ont_10621.owl	389	ok	match	true	certified_nominals	78.3728	10089.47	cf51bffdae6cef6bea40e66ad0893abe677bf3785a81e512e4c551d888abe9c3	cb490ae3d086535d4ef467ed5277e5f497e221d84a79a70fb0dc87afb8a45ccf		50039951
ore_ont_10689.owl	390	ok	match	true	production_all	42.7969	2815.89	cf51bffdae6cef6bea40e66ad0893abe677bf3785a81e512e4c551d888abe9c3	be6be6663ffd9721606bf3cb61308789c55c28ffbe8d4ba2d85d0ee60b7fcc0f		50040778
ore_ont_10697.owl	391	ok	match	true	production_all	3.3781	700.2	cf51bffdae6cef6bea40e66ad0893abe677bf3785a81e512e4c551d888abe9c3	7ef5274bff5da1265da9caf1bf27fbebeeb483aef1ef0c5042648b1408918a22		50041590
ore_ont_10702.owl	392	ok	match	true	nominal_ni_tbox	2.3317	21.52	cf51bffdae6cef6bea40e66ad0893abe677bf3785a81e512e4c551d888abe9c3	eee761d0c89347a42ce9a221e7d98295f4a9d7527c755cb3eafa9978cc06d55b		50041619
ore_ont_10742.owl	393	ok	match	true	production_all	0.1561	21.05	cf51bffdae6cef6bea40e66ad0893abe677bf3785a81e512e4c551d888abe9c3	4939673f071bec5faf58247da86935819a596518944a49e03241c0b6571eaedc		50041632
ore_ont_10749.owl	394	ok	match	true	nominals	0.4349	284.49	cf51bffdae6cef6bea40e66ad0893abe677bf3785a81e512e4c551d888abe9c3	87e9f917a51555b2f5c32dc06ca16d2e78ce9a4786b4c566eda495fe308d7ea0		50041639
ore_ont_10750.owl	395	ok	match	true	production_all	55.0156	6103.93	cf51bffdae6cef6bea40e66ad0893abe677bf3785a81e512e4c551d888abe9c3	25a9dfe3607834ad90d624672276aede57eaf02784efa544063dd4489337adab		50041649
ore_ont_10769.owl	396	ok	match	true	production_all	0.0398	8.66	cf51bffdae6cef6bea40e66ad0893abe677bf3785a81e512e4c551d888abe9c3	25a9dfe3607834ad90d624672276aede57eaf02784efa544063dd4489337adab		50041782
ore_ont_10778.owl	397	ok	match	true	production_all	3.4549	827.89	cf51bffdae6cef6bea40e66ad0893abe677bf3785a81e512e4c551d888abe9c3	85cc3f3c22308567df50cc27a367ae51ff51c8011dd6e0db264ab734284598d2		50041799
ore_ont_10781.owl	398	ok	match	true	nominals	0.6115	610.61	cf51bffdae6cef6bea40e66ad0893abe677bf3785a81e512e4c551d888abe9c3	00758ec29ea6954778af43d3f08c6d6f055402a39656b8b827a5466c1e4b0849		50041822
ore_ont_10806.owl	399	ok	match	true	production_all	0.2482	38.1	cf51bffdae6cef6bea40e66ad0893abe677bf3785a81e512e4c551d888abe9c3	74b1a536119970eb697b1f362b77f0af0c2b62ec59fbffd18d1de0027090e69b		50041829
ore_ont_10833.owl	400	ok	match	true	production_all	0.0698	8.75	cf51bffdae6cef6bea40e66ad0893abe677bf3785a81e512e4c551d888abe9c3	25a9dfe3607834ad90d624672276aede57eaf02784efa544063dd4489337adab		50041833
ore_ont_10860.owl	401	ok	nogold	false	ht_rules	0.049	10.31	cf51bffdae6cef6bea40e66ad0893abe677bf3785a81e512e4c551d888abe9c3	3c48c283d1292f55fe67383942d35be768499f1f96e83f0adf812c000ac3b9dd		50032763
ore_ont_10890.owl	402	ok	match	true	production_all	0.278	32.66	cf51bffdae6cef6bea40e66ad0893abe677bf3785a81e512e4c551d888abe9c3	d6d944bda034a28f5f56e0b9e9e1a95a6dab7e1436f535eb79be30bed06b3ffd		50041842
ore_ont_10908.owl	403	ok	match	true	production_all	10.0415	1142.5	cf51bffdae6cef6bea40e66ad0893abe677bf3785a81e512e4c551d888abe9c3	161a98a585fc8e21f60afe6610dba4ca012aaee9bfad97346de51a1b434cf786		50041849
ore_ont_10951.owl	404	ok	match	true	production_all	0.1912	41.78	cf51bffdae6cef6bea40e66ad0893abe677bf3785a81e512e4c551d888abe9c3	1b89738d6fbade1eaa90287b7543cd5ab1eca4a44ad3466bf0ef7b921ac81aaf		50041856
ore_ont_10968.owl	405	ok	match	true	production_all	0.1284	20.84	cf51bffdae6cef6bea40e66ad0893abe677bf3785a81e512e4c551d888abe9c3	88cbac66a54cfeaf04967f7ec263a98959a6287df46eed2d3ade7b7b021e9a09		50041858
ore_ont_11009.owl	406	ok	match	true	production_all	0.0694	13.12	cf51bffdae6cef6bea40e66ad0893abe677bf3785a81e512e4c551d888abe9c3	9b6af4d9456a057732eed6f4edd4c6d03409183b742304705ae9c5d22f2e83d2		50041859
ore_ont_11010.owl	407	ok	match	true	production_all	0.0399	7.19	cf51bffdae6cef6bea40e66ad0893abe677bf3785a81e512e4c551d888abe9c3	2b911469722f5b04c8805dc441873cfae6fcb261e12933bdffe402e2897a2ee6		50041872
ore_ont_11014.owl	408	ok	match	true	production_all	0.0687	10.62	cf51bffdae6cef6bea40e66ad0893abe677bf3785a81e512e4c551d888abe9c3	72cd88051c821cd06ad5106a19f4145824f4bdff70821eff1bcc1cfe017f1b6b		50041873
ore_ont_11016.owl	409	ok	match	true	nominal_ni_abox	0.4021	210.59	cf51bffdae6cef6bea40e66ad0893abe677bf3785a81e512e4c551d888abe9c3	17ac165e5d7677646ccf0943b78bf7322b4c3d316a3bc85d662709c85dc88b0c		50041875
ore_ont_11081.owl	410	ok	match	true	production_all	1.1814	303.7	cf51bffdae6cef6bea40e66ad0893abe677bf3785a81e512e4c551d888abe9c3	b32f2ff1bff70ea99cef3fb709025b066120345e74768c3a2a046c0dbc2a99d9		50041876
ore_ont_11140.owl	411	ok	match	true	production_all	0.1888	28.45	cf51bffdae6cef6bea40e66ad0893abe677bf3785a81e512e4c551d888abe9c3	25a9dfe3607834ad90d624672276aede57eaf02784efa544063dd4489337adab		50041878
ore_ont_11207.owl	412	ok	match	true	production_all	1.8352	469.65	cf51bffdae6cef6bea40e66ad0893abe677bf3785a81e512e4c551d888abe9c3	1d053e818a80eb36d0a8795c930a6ab97ce4697c6f859dcef0b35f6588e24d9c		50041879
ore_ont_11291.owl	413	ok	match	true	production_all	0.0707	14.38	cf51bffdae6cef6bea40e66ad0893abe677bf3785a81e512e4c551d888abe9c3	42e2ecfb6f2d4cdcd3acde0696c9fdbe2bc0c3b357bb316ea83a11490169ad54		50041881
ore_ont_11293.owl	414	ok	match	true	production_all	6.18	1351.71	cf51bffdae6cef6bea40e66ad0893abe677bf3785a81e512e4c551d888abe9c3	f0c432fee3845eb4ee0944c812ab0cadbbb8b96ea3184fcfff116504553d20e6		50041882
ore_ont_11311.owl	415	ok	match	true	cb_plain16	7.9934	6009.49	cf51bffdae6cef6bea40e66ad0893abe677bf3785a81e512e4c551d888abe9c3	7549d4160fa3a2f2527fa6fbddb1b4eae3f12e3101894696fb88756a02004828		50041883
ore_ont_11315.owl	416	ok	match	true	production_all	21.8966	2869.36	cf51bffdae6cef6bea40e66ad0893abe677bf3785a81e512e4c551d888abe9c3	a8cd5455a6c36d2c1c8f76547f9d07a3953b5ce92d260198abbaa6598505fe10		50041886
ore_ont_11316.owl	417	ok	match	true	production_all	0.0974	15.31	cf51bffdae6cef6bea40e66ad0893abe677bf3785a81e512e4c551d888abe9c3	39c9f8f0a63cf1cc1aabdad76e0f88e5423a3fdce72e3172951f9c3ff8ea6093		50042143
ore_ont_11389.owl	418	ok	match	true	production_all	6.9933	1700.14	cf51bffdae6cef6bea40e66ad0893abe677bf3785a81e512e4c551d888abe9c3	25a9dfe3607834ad90d624672276aede57eaf02784efa544063dd4489337adab		50042157
ore_ont_11395.owl	419	ok	match	true	production_all	35.4943	3762.24	cf51bffdae6cef6bea40e66ad0893abe677bf3785a81e512e4c551d888abe9c3	5f730ffc22a0828f94eb0bcfe5c366774eb965dcb577c9b64e14c9552f2e86e9		50042185
ore_ont_11452.owl	420	ok	match	true	production_all	0.2198	32.57	cf51bffdae6cef6bea40e66ad0893abe677bf3785a81e512e4c551d888abe9c3	ff2d968f560c0ba3266c303fcfd4ac514bb3e8b03738a5238dfefc6a44a8020e		50042235
ore_ont_11460.owl	421	ok	match	true	production_all	13.1727	3099.41	cf51bffdae6cef6bea40e66ad0893abe677bf3785a81e512e4c551d888abe9c3	3bba2ff9cd16d7b398364bee1e4f766c02626881163422a6876593d2a705a101		50042242
ore_ont_11497.owl	422	ok	match	true	production_all	0.0404	8.75	cf51bffdae6cef6bea40e66ad0893abe677bf3785a81e512e4c551d888abe9c3	8640d78d492ca0006243d52fcb33dc628524656293e4b88db7829ad4389f4338		50042282
ore_ont_11502.owl	423	ok	match	true	production_all	0.4295	52.25	cf51bffdae6cef6bea40e66ad0893abe677bf3785a81e512e4c551d888abe9c3	07713dc746bebd4230af577db06d41437878358da6baaa3e27c202281fae91b3		50042286
ore_ont_11504.owl	424	ok	match	true	production_all	0.04	7.5	cf51bffdae6cef6bea40e66ad0893abe677bf3785a81e512e4c551d888abe9c3	7c18c4567a36b238d8bc0334f7c2e40786398d8886a6e9ecdf6e3befe99090f4		50042288
ore_ont_11519.owl	425	ok	match	true	production_all	5.7677	1271.94	cf51bffdae6cef6bea40e66ad0893abe677bf3785a81e512e4c551d888abe9c3	c0bc75c2b13e0e0728f78f726f58e663625f17bcc036cb40241a226879063aeb		50042730
ore_ont_11522.owl	426	ok	match	true	production_all	0.0402	9.06	cf51bffdae6cef6bea40e66ad0893abe677bf3785a81e512e4c551d888abe9c3	6923fe07622ff54eda7fc0b364d6c03c8bbae703e7069a5d10c053a6054def7f		50042809
ore_ont_11523.owl	427	ok	match	true	production_all	0.0695	8.44	cf51bffdae6cef6bea40e66ad0893abe677bf3785a81e512e4c551d888abe9c3	7310a2420253d972d26776ccad771b038711abc2dd578c8a13098c3e3663ec89		50042828
ore_ont_11526.owl	428	ok	match	true	production_all	0.0696	10.14	cf51bffdae6cef6bea40e66ad0893abe677bf3785a81e512e4c551d888abe9c3	25a9dfe3607834ad90d624672276aede57eaf02784efa544063dd4489337adab		50042835
ore_ont_11559.owl	429	ok	match	true	production_all	2.9193	580.24	cf51bffdae6cef6bea40e66ad0893abe677bf3785a81e512e4c551d888abe9c3	27cb18ecd91fbbc21ef7cd872ed2161ca58afead9634753597b502262e856841		50042844
ore_ont_11577.owl	430	ok	match	true	production_all	0.0998	21.27	cf51bffdae6cef6bea40e66ad0893abe677bf3785a81e512e4c551d888abe9c3	78c12e0fb82e17869f2df3bcdd0a6d56db4d249e566a11d9f25c4b1f6dd411d1		50042858
ore_ont_11619.owl	431	ok	match	true	production_all	0.0993	17.54	cf51bffdae6cef6bea40e66ad0893abe677bf3785a81e512e4c551d888abe9c3	9304084bc5359a42d0837601eea5354bcf3aaa41eb2a62bbff14787e98252747		50042865
ore_ont_11623.owl	432	ok	match	true	production_all	0.7647	508.13	cf51bffdae6cef6bea40e66ad0893abe677bf3785a81e512e4c551d888abe9c3	6f12e8392cac6b5ab95e02cfb22942825a445cafa89ef09eb500684ee3e279dd		50042872
ore_ont_11639.owl	433	ok	match	true	production_all	0.0402	7.5	cf51bffdae6cef6bea40e66ad0893abe677bf3785a81e512e4c551d888abe9c3	9d20e1c1afe6e79af9e35f135dfbeb965efec25215a54e6b2c27472ec46fe8a1		50042895
ore_ont_11739.owl	434	ok	match	true	production_all	21.1512	2633.74	cf51bffdae6cef6bea40e66ad0893abe677bf3785a81e512e4c551d888abe9c3	87e198b4b4877fa7bef65c28ac7ae439613a8f41cd8156786c14ac63d580712c		50042949
ore_ont_11745.owl	435	ok	match	true	cb_plain16	11.631	4078.54	cf51bffdae6cef6bea40e66ad0893abe677bf3785a81e512e4c551d888abe9c3	49e851a304217ddcaa13291238cf1bd37e6d161e6a57ba7318eb6e7244b1584f		50043148
ore_ont_11778.owl	436	ok	match	true	production_all	5.4981	1225.48	cf51bffdae6cef6bea40e66ad0893abe677bf3785a81e512e4c551d888abe9c3	02f70d54c956f315440e7b6c6cf11b10e21313041e72692d251f018364ea8b06		50043200
ore_ont_11866.owl	437	ok	match	true	production_all	0.0406	7.19	cf51bffdae6cef6bea40e66ad0893abe677bf3785a81e512e4c551d888abe9c3	25a9dfe3607834ad90d624672276aede57eaf02784efa544063dd4489337adab		50043229
ore_ont_11889.owl	438	ok	match	true	production_all	0.0708	10.14	cf51bffdae6cef6bea40e66ad0893abe677bf3785a81e512e4c551d888abe9c3	5f1ce489832cb8ae99748f2ecbb665ddb7da0d5750e09c9ac409fd75c5875444		50043233
ore_ont_11978.owl	439	ok	match	true	production_all	0.0696	20.79	cf51bffdae6cef6bea40e66ad0893abe677bf3785a81e512e4c551d888abe9c3	f238035ea70c8a9a2f9d439a52b36ef315a3449e2a926cd8a6065f3be4f86087		50043242
ore_ont_12007.owl	440	ok	match	true	production_all	0.0397	7.19	cf51bffdae6cef6bea40e66ad0893abe677bf3785a81e512e4c551d888abe9c3	779011b5e74b3bf61345db242cf0d5ab1c508e60d59470b7021926b6ca7f4963		50043246
ore_ont_12009.owl	441	ok	match	true	production_all	0.0686	9.06	cf51bffdae6cef6bea40e66ad0893abe677bf3785a81e512e4c551d888abe9c3	c49ac8a00b73dd16b18c6806b9e19bea5f9a821003a4da37b2202dc8b2c0913a		50043259
ore_ont_12087.owl	442	ok	match	true	production_all	10.2017	2133.61	cf51bffdae6cef6bea40e66ad0893abe677bf3785a81e512e4c551d888abe9c3	0de4f44746026093588d63cfce9e4402e938cf30b7c88a3970e4771da4a63c60		50043269
ore_ont_12141.owl	443	ok	match	true	production_all	0.4861	165.19	cf51bffdae6cef6bea40e66ad0893abe677bf3785a81e512e4c551d888abe9c3	0205fe9d5bff8d6ac81af28ac8ca71cf10b61b85998e5e70242fdd9be69af349		50043308
ore_ont_12149.owl	444	ok	match	true	production_all	1.6406	356.46	cf51bffdae6cef6bea40e66ad0893abe677bf3785a81e512e4c551d888abe9c3	1a6c34a01e0f9de8f986e062b118c3950b89fcee5894446fcaa350902e7f126f		50043314
ore_ont_12161.owl	445	ok	match	true	production_all	0.2175	32.48	cf51bffdae6cef6bea40e66ad0893abe677bf3785a81e512e4c551d888abe9c3	5c1fe0699854aa6c4f891ae1122faf848af88deaf57d6d6a18959e0c89e90df6		50043339
ore_ont_12194.owl	446	ok	match	true	production_all	0.7368	178.55	cf51bffdae6cef6bea40e66ad0893abe677bf3785a81e512e4c551d888abe9c3	5008d3bc52e4aaab7aca6b11a01a2dcdfdf2005f2d4c1aeec1abb75de67e2206		50043354
ore_ont_12281.owl	447	ok	match	true	production_all	0.0981	13.71	cf51bffdae6cef6bea40e66ad0893abe677bf3785a81e512e4c551d888abe9c3	6c8c2dd1ea442064196c32326cd1c2c8d3a72ecf5e3d2c331a16cc9281ffa925		50043366
ore_ont_12387.owl	448	ok	match	true	production_all	10.8748	1982.43	cf51bffdae6cef6bea40e66ad0893abe677bf3785a81e512e4c551d888abe9c3	9d25a3ae4b10f67a869ff1ec8333b593900ad745b3453e11588555e8178d7dba		50043403
ore_ont_12397.owl	449	ok	match	true	production_all	0.0694	12.81	cf51bffdae6cef6bea40e66ad0893abe677bf3785a81e512e4c551d888abe9c3	1141b993c4ce4fc0f8712bb0c6b6853b030ea938eba3d8e27dbe28dbc7ec1070		50043477
ore_ont_12405.owl	450	ok	match	true	production_all	0.3069	43.63	cf51bffdae6cef6bea40e66ad0893abe677bf3785a81e512e4c551d888abe9c3	450e43282d20750ee054bec83e074f6b4d890c845074125e9b9b04cd346ae614		50043489
ore_ont_12414.owl	451	ok	match	true	production_all	9.8992	1464.56	cf51bffdae6cef6bea40e66ad0893abe677bf3785a81e512e4c551d888abe9c3	f52655554ad9025c06c681d71ccebf5cce633bac6305e01d8e78fa7abd9477c0		50043497
ore_ont_12528.owl	452	ok	match	true	production_all	24.9587	3637.01	cf51bffdae6cef6bea40e66ad0893abe677bf3785a81e512e4c551d888abe9c3	821c9e8abb3c9f0b13db22b7044710317c1f59fb0219ad16c7f007464d7aa7b4		50043535
ore_ont_12653.owl	453	ok	match	true	production_all	0.1	39.31	cf51bffdae6cef6bea40e66ad0893abe677bf3785a81e512e4c551d888abe9c3	b9b3b2004562dfba7af26bbbd125115be0383fcd014b509717cbcedc73b31f00		50043624
ore_ont_12698.owl	454	ok	match	true	nominals	1.8258	761.61	cf51bffdae6cef6bea40e66ad0893abe677bf3785a81e512e4c551d888abe9c3	9f2ee83b8fc315586d509d7a508be032bd1674970b5ab484f81a138be9f91e19		50043634
ore_ont_12776.owl	455	ok	match	true	production_all	0.129	24.91	cf51bffdae6cef6bea40e66ad0893abe677bf3785a81e512e4c551d888abe9c3	25a9dfe3607834ad90d624672276aede57eaf02784efa544063dd4489337adab		50043649
ore_ont_12802.owl	456	ok	match	true	production_all	0.3972	50.95	cf51bffdae6cef6bea40e66ad0893abe677bf3785a81e512e4c551d888abe9c3	25a9dfe3607834ad90d624672276aede57eaf02784efa544063dd4489337adab		50043658
ore_ont_12831.owl	457	ok	match	true	production_all	0.0401	8.44	cf51bffdae6cef6bea40e66ad0893abe677bf3785a81e512e4c551d888abe9c3	38a2ba76b4a11fd01f59b97df9cd3d93fc54a9094e1cc87d511aca66989ac102		50043662
ore_ont_12906.owl	458	ok	match	true	production_all	0.0397	6.56	cf51bffdae6cef6bea40e66ad0893abe677bf3785a81e512e4c551d888abe9c3	ccdfc6d626940ef30a9115eff4872649ebcdaae60e4ff9e1d922d38485fb44ad		50043671
ore_ont_13000.owl	459	ok	match	true	production_all	0.3976	49.41	cf51bffdae6cef6bea40e66ad0893abe677bf3785a81e512e4c551d888abe9c3	a2c9fd27be406668497189b64f1f673b22ea55c2266d5417991166ab3fdc6685		50043683
ore_ont_13035.owl	460	ok	match	true	nominals	0.103	83.69	cf51bffdae6cef6bea40e66ad0893abe677bf3785a81e512e4c551d888abe9c3	26f70e0efde86c6b42ee15c2ddfa83b64a9c6e57fdaf6444414c5f486f355b1c		50043725
ore_ont_13053.owl	461	ok	match	true	production_all	0.0398	7.19	cf51bffdae6cef6bea40e66ad0893abe677bf3785a81e512e4c551d888abe9c3	8be7de1da407a2951e7d7cd0e99a349f1fefcf747161b09d042d33f84aa7ddd7		50043741
ore_ont_13066.owl	462	ok	match	true	production_all	0.0697	8.75	cf51bffdae6cef6bea40e66ad0893abe677bf3785a81e512e4c551d888abe9c3	25a9dfe3607834ad90d624672276aede57eaf02784efa544063dd4489337adab		50043760
ore_ont_13071.owl	463	ok	match	true	production_all	1.371	420.54	cf51bffdae6cef6bea40e66ad0893abe677bf3785a81e512e4c551d888abe9c3	a198a99650a9b25c5cb6bd92be339eb7987b3e74b77bf4e39cba8bce54ac2fb1		50043767
ore_ont_13113.owl	464	ok	match	true	nominals	0.1285	50.35	cf51bffdae6cef6bea40e66ad0893abe677bf3785a81e512e4c551d888abe9c3	1bb468cee8017811a155e6f28b61dc9724fb6fd28fbf7f7f557d9bb79d9f8d52		50043785
ore_ont_13132.owl	465	ok	match	true	nominals	0.1028	68.98	cf51bffdae6cef6bea40e66ad0893abe677bf3785a81e512e4c551d888abe9c3	e13d65dbb5d532c7e775e0356509fb42a69836b7037bb39ba5f07d267d7c0f72		50043796
ore_ont_13141.owl	466	ok	match	true	production_all	0.1291	22.41	cf51bffdae6cef6bea40e66ad0893abe677bf3785a81e512e4c551d888abe9c3	02bedd319c20f293b81cf4c0848009629bdda90e5ca659cfbfeb58bb865f145a		50043804
ore_ont_13204.owl	467	ok	match	true	production_all	0.0403	6.56	cf51bffdae6cef6bea40e66ad0893abe677bf3785a81e512e4c551d888abe9c3	1c55999654f057fe0eb6fae17bf2b3b0f5598cc5237eb0b2ca0af50a9d673748		50043813
ore_ont_13224.owl	468	ok	match	true	production_all	12.1534	2852.53	cf51bffdae6cef6bea40e66ad0893abe677bf3785a81e512e4c551d888abe9c3	a770e5429a6fea4919ca768a672493adacfbe951d6826e06878f1deed93a2545		50043817
ore_ont_13234.owl	469	ok	match	true	production_all	0.0398	8.12	cf51bffdae6cef6bea40e66ad0893abe677bf3785a81e512e4c551d888abe9c3	ce0bd8d2bc45f2722c2a72a77559605eeba16b4f38c7df36e978aa1f5c6231a5		50043887
ore_ont_13243.owl	470	ok	match	true	production_all	3.5881	850.91	cf51bffdae6cef6bea40e66ad0893abe677bf3785a81e512e4c551d888abe9c3	522456978803f2cd7797cc242cd5f366fe650452fe3a2511f22e95da21dfd3ee		50043906
ore_ont_13277.owl	471	ok	match	true	production_all	0.0411	10.96	cf51bffdae6cef6bea40e66ad0893abe677bf3785a81e512e4c551d888abe9c3	65c860516d3ce897e28e1ef7373215a1c131cbf859a877bac5b445beb160e9ac		50043930
ore_ont_13301.owl	472	ok	match	true	production_all	0.0399	8.44	cf51bffdae6cef6bea40e66ad0893abe677bf3785a81e512e4c551d888abe9c3	af1f58fdf3560dbb4ee8f7d0f4f112479ef6073b2ae57b79030d0cf470864343		50043939
ore_ont_13355.owl	473	ok	match	true	production_all	17.2137	2898.54	cf51bffdae6cef6bea40e66ad0893abe677bf3785a81e512e4c551d888abe9c3	7a44b3849b6013155767d75119c927d95918dc51e00102349321e8ff49a4b7fc		50043946
ore_ont_13383.owl	474	ok	match	true	nominals	0.1006	36.37	cf51bffdae6cef6bea40e66ad0893abe677bf3785a81e512e4c551d888abe9c3	44f33d580b81ffff9b7d87a2b0f1cde4fb6cf3fe7dcc51ab7b120da5c25652a8		50044102
ore_ont_13392.owl	475	ok	match	true	production_all	0.0405	7.48	cf51bffdae6cef6bea40e66ad0893abe677bf3785a81e512e4c551d888abe9c3	730c48986817f508c95e2a47c17ac5abb52fc24d2a7c7d08c8d9a5f89759cfd6		50044107
ore_ont_13429.owl	476	ok	match	true	production_all	0.0398	6.56	cf51bffdae6cef6bea40e66ad0893abe677bf3785a81e512e4c551d888abe9c3	febfdbf4ffd72b5377678ddc84ec0f53e3ea83c6d463001bb59b1494d64f02e8		50044117
ore_ont_13444.owl	477	ok	match	true	production_all	0.1611	90.66	cf51bffdae6cef6bea40e66ad0893abe677bf3785a81e512e4c551d888abe9c3	247c4ac30df7d55beb16fc23b0943bd2b6d2bc62e449e40d830370fd846d769a		50044140
ore_ont_13482.owl	478	ok	match	true	production_all	65.0127	7469.78	cf51bffdae6cef6bea40e66ad0893abe677bf3785a81e512e4c551d888abe9c3	25a9dfe3607834ad90d624672276aede57eaf02784efa544063dd4489337adab		50044157
ore_ont_13503.owl	479	ok	match	true	production_all	0.0697	8.68	cf51bffdae6cef6bea40e66ad0893abe677bf3785a81e512e4c551d888abe9c3	1b8fdf730b9cdce8afed1c69c13e782c6c2dde70c42e5f1d2273dcbdb6b1282b	same_job_fulliri_identity_to_konclude	50044375
ore_ont_13530.owl	480	ok	match	true	production_all	0.04	6.88	cf51bffdae6cef6bea40e66ad0893abe677bf3785a81e512e4c551d888abe9c3	6e5b1361a86c93ec1ceeb5272edbfa2c089f06651d99c6e5ffd32a8cb585ddc6		50044386
ore_ont_13578.owl	481	ok	match	true	production_all	0.0974	12.5	cf51bffdae6cef6bea40e66ad0893abe677bf3785a81e512e4c551d888abe9c3	c0a7387438bc9b5659506006706666a5540c33373ad4f8f0fe9a89e9922a00d9		50044398
ore_ont_13621.owl	482	ok	match	true	nominals	2.052	1594.67	cf51bffdae6cef6bea40e66ad0893abe677bf3785a81e512e4c551d888abe9c3	f61f9526d186c0af485ce724f10c3e6c794c2bd876f564e8e04b5c195f1806a0		50044411
ore_ont_13643.owl	483	ok	match	true	production_all	0.0398	6.56	cf51bffdae6cef6bea40e66ad0893abe677bf3785a81e512e4c551d888abe9c3	e6a28db50f029843a0a2b347a35bc6d99ef168c042af0b6aaffcf04524def1bc		50044420
ore_ont_13664.owl	484	ok	match	true	production_all	1.4266	320.24	cf51bffdae6cef6bea40e66ad0893abe677bf3785a81e512e4c551d888abe9c3	c46e20fd5257acb674d22a52a7e7d5e9f96e94749f0b0c949f3c445076616481		50044430
ore_ont_13752.owl	485	ok	match	true	production_all	0.79	232.83	cf51bffdae6cef6bea40e66ad0893abe677bf3785a81e512e4c551d888abe9c3	c9457601ea869b5d7998f65f9653efb7bf953e9b82fec67f27113a36208f993f		50044438
ore_ont_13755.owl	486	ok	match	true	production_all	0.1875	23.98	cf51bffdae6cef6bea40e66ad0893abe677bf3785a81e512e4c551d888abe9c3	6b1945e00a8cb4bdfc5e2e33e163d8de34c7ab1d0dc1d2517212df3700e3805b		50044455
ore_ont_13759.owl	487	ok	match	true	production_all	0.0408	9.28	cf51bffdae6cef6bea40e66ad0893abe677bf3785a81e512e4c551d888abe9c3	c1944627d8fb4d69c4ec0b6c27c93ad55072e6ab9a4241a356adafe482892657		50044466
ore_ont_13762.owl	488	ok	match	true	nominals	0.2523	175.04	cf51bffdae6cef6bea40e66ad0893abe677bf3785a81e512e4c551d888abe9c3	834d5a60982e1e532564cb200cbfe49dde2ef31b8a7d6cc1e9e09cd08fb7dd61		50044473
ore_ont_13772.owl	489	ok	match	true	production_all	0.07	9.69	cf51bffdae6cef6bea40e66ad0893abe677bf3785a81e512e4c551d888abe9c3	25a9dfe3607834ad90d624672276aede57eaf02784efa544063dd4489337adab		50044481
ore_ont_13840.owl	490	ok	match	true	production_all	0.2174	34.59	cf51bffdae6cef6bea40e66ad0893abe677bf3785a81e512e4c551d888abe9c3	1a76bc2eead4ab2c64afae2e732b4a5ef9f37155917439b00c9518c686bff41c		50044494
ore_ont_13852.owl	491	ok	match	true	production_all	0.3075	38.84	cf51bffdae6cef6bea40e66ad0893abe677bf3785a81e512e4c551d888abe9c3	2e3d43d2ccdef95965bb116db6a147ac1c9436689d91642fdc0a0ae516665943		50044506
ore_ont_13887.owl	492	ok	match	true	production_all	0.1263	21.09	cf51bffdae6cef6bea40e66ad0893abe677bf3785a81e512e4c551d888abe9c3	7d50171db15ecaab15bff2a8f8cd738024aa3139b61332e80c2e122a182ecc3e		50044547
ore_ont_13902.owl	493	ok	match	true	production_all	2.3451	633.05	cf51bffdae6cef6bea40e66ad0893abe677bf3785a81e512e4c551d888abe9c3	25a9dfe3607834ad90d624672276aede57eaf02784efa544063dd4489337adab		50044557
ore_ont_13912.owl	494	ok	match	true	nominals	0.0404	7.19	cf51bffdae6cef6bea40e66ad0893abe677bf3785a81e512e4c551d888abe9c3	3c48c283d1292f55fe67383942d35be768499f1f96e83f0adf812c000ac3b9dd		50044583
ore_ont_13964.owl	495	ok	match	true	production_all	1.2876	381.06	cf51bffdae6cef6bea40e66ad0893abe677bf3785a81e512e4c551d888abe9c3	25a9dfe3607834ad90d624672276aede57eaf02784efa544063dd4489337adab		50044584
ore_ont_13969.owl	496	ok	match	true	production_all	8.2773	1439.92	cf51bffdae6cef6bea40e66ad0893abe677bf3785a81e512e4c551d888abe9c3	df5204236b942809dc9fff216bc1a3ccf523cc361d1cb9ca2a12b36456249647		50044587
ore_ont_14027.owl	497	ok	match	true	production_all	0.2501	37.35	cf51bffdae6cef6bea40e66ad0893abe677bf3785a81e512e4c551d888abe9c3	e89ac3a69a1ca7c8e4b2c50fffb92e958ce6cfa6aedbd9a5f449895c592d5e48		50044588
ore_ont_14031.owl	498	ok	match	true	production_all	0.0965	14.96	cf51bffdae6cef6bea40e66ad0893abe677bf3785a81e512e4c551d888abe9c3	41ecf9621a1cc6d1dda13476959ce98ef12d1f97090b407e8a0b5b4d2d35d1dd		50044589
ore_ont_14042.owl	499	ok	match	true	production_all	35.615	3768.32	cf51bffdae6cef6bea40e66ad0893abe677bf3785a81e512e4c551d888abe9c3	5f730ffc22a0828f94eb0bcfe5c366774eb965dcb577c9b64e14c9552f2e86e9		50044591
ore_ont_14123.owl	500	ok	match	true	production_all	0.0688	11.88	cf51bffdae6cef6bea40e66ad0893abe677bf3785a81e512e4c551d888abe9c3	8b7f9bcf47a17d494df882683f019686ed295e909c0d80b7e4bcb0a306b16245		50044596
ore_ont_14153.owl	501	ok	match	true	production_all	0.1578	19.71	cf51bffdae6cef6bea40e66ad0893abe677bf3785a81e512e4c551d888abe9c3	11b062554512b7dc5030652d6359a4637466330cb93b1acbbe25eb81e28b7efc		50044597
ore_ont_14194.owl	502	ok	match	true	nominals	2.0491	1600.39	cf51bffdae6cef6bea40e66ad0893abe677bf3785a81e512e4c551d888abe9c3	c134da9d8e936c4f86bdfba991620153f1a4e471154011b9e333b0324ac35da5		50044598
ore_ont_14216.owl	503	ok	match	true	production_all	18.5766	3724.09	cf51bffdae6cef6bea40e66ad0893abe677bf3785a81e512e4c551d888abe9c3	25a9dfe3607834ad90d624672276aede57eaf02784efa544063dd4489337adab		50044599
ore_ont_14273.owl	504	ok	match	true	production_all	0.0693	8.12	cf51bffdae6cef6bea40e66ad0893abe677bf3785a81e512e4c551d888abe9c3	25a9dfe3607834ad90d624672276aede57eaf02784efa544063dd4489337adab		50044692
ore_ont_14280.owl	505	ok	match	true	production_all	0.3957	44.92	cf51bffdae6cef6bea40e66ad0893abe677bf3785a81e512e4c551d888abe9c3	dcc934c8bc158452fb1f4d5590d9555e693e5417a6b0cf76f28a01fde9f4385a		50044697
ore_ont_14312.owl	506	ok	match	true	production_all	2.5911	591.95	cf51bffdae6cef6bea40e66ad0893abe677bf3785a81e512e4c551d888abe9c3	13aed4f22b7932a454821bd5bd3c1d9354fc69f7586b2bf3b2cb445a461a59b3		50044698
ore_ont_14327.owl	507	ok	match	true	production_all	0.0396	6.88	cf51bffdae6cef6bea40e66ad0893abe677bf3785a81e512e4c551d888abe9c3	70171f4a81f01a33cbc8852ca47a0155893039a6f390b7a5780a71655b53800e		50044699
ore_ont_14375.owl	508	ok	match	true	production_all	0.9043	218.03	cf51bffdae6cef6bea40e66ad0893abe677bf3785a81e512e4c551d888abe9c3	2829f8183f13c0ca7bea6def45b269984c62055471f3a226dbbb625743470655		50044701
ore_ont_14450.owl	509	ok	match	true	production_all	0.1897	49.68	cf51bffdae6cef6bea40e66ad0893abe677bf3785a81e512e4c551d888abe9c3	d0c67792f15f1d3adee5ff277de2c7511d08474189203320bab5c30dafe21fcc		50044703
ore_ont_14459.owl	510	ok	match	true	production_all	35.5597	2450.64	cf51bffdae6cef6bea40e66ad0893abe677bf3785a81e512e4c551d888abe9c3	cd04b420623e015a2c262189ae87da5f5712179d720dbc20e6ea4609e7615f41		50044706
ore_ont_14499.owl	511	ok	match	true	production_all	0.1871	31.16	cf51bffdae6cef6bea40e66ad0893abe677bf3785a81e512e4c551d888abe9c3	ac49106e1451d9853d2cb9d7a85693b96e5379e58a9cbe8d8dd6b8786b979d2a		50044811
ore_ont_14508.owl	512	ok	match	true	production_all	1.1522	266.25	cf51bffdae6cef6bea40e66ad0893abe677bf3785a81e512e4c551d888abe9c3	25a9dfe3607834ad90d624672276aede57eaf02784efa544063dd4489337adab		50044817
ore_ont_14518.owl	513	ok	match	true	production_all	0.04	7.5	cf51bffdae6cef6bea40e66ad0893abe677bf3785a81e512e4c551d888abe9c3	3b4f8d3811e4bc8dd83d2498f6d1f68ddddde4834c99449996bbbe92ebfba5ec		50044819
ore_ont_14543.owl	514	ok	match	true	production_all	5.6085	972.62	cf51bffdae6cef6bea40e66ad0893abe677bf3785a81e512e4c551d888abe9c3	3d69cceb509ef6af3ff22cd2eea4b2d20cf4a261c48c0f2e4ea786582fa9b4f6		50044849
ore_ont_14574.owl	515	ok	match	true	production_all	0.2165	31.35	cf51bffdae6cef6bea40e66ad0893abe677bf3785a81e512e4c551d888abe9c3	493d5b8d2bad1ba4b0a417ba87c4b0cdb31b917cac6c8c521b50eccf50dcb35f		50044868
ore_ont_14587.owl	516	ok	match	true	production_all	0.2762	37.09	cf51bffdae6cef6bea40e66ad0893abe677bf3785a81e512e4c551d888abe9c3	430efd311cd4e4530c704f7a881a2634d8ba24a2d2eb44f99858bfa90650c8c4		50044873
ore_ont_14607.owl	517	ok	match	true	production_all	6.3718	1705.51	cf51bffdae6cef6bea40e66ad0893abe677bf3785a81e512e4c551d888abe9c3	25a9dfe3607834ad90d624672276aede57eaf02784efa544063dd4489337adab		50044881
ore_ont_14817.owl	518	ok	match	true	production_all	90.8277	5978.17	cf51bffdae6cef6bea40e66ad0893abe677bf3785a81e512e4c551d888abe9c3	3c43822a005baa536d47079eac973ab6247dd54adace4643ac119bc74757445d		50044890
ore_ont_14826.owl	519	ok	match	true	production_all	0.0396	7.5	cf51bffdae6cef6bea40e66ad0893abe677bf3785a81e512e4c551d888abe9c3	0d117ce09c0ab3b0861b3c524719fe2a4f3143a0fc90124355a18e12028726b3		50044970
ore_ont_14840.owl	520	ok	match	true	production_all	0.0685	11.8	cf51bffdae6cef6bea40e66ad0893abe677bf3785a81e512e4c551d888abe9c3	11b062554512b7dc5030652d6359a4637466330cb93b1acbbe25eb81e28b7efc		50044974
ore_ont_14848.owl	521	ok	match	true	production_all	0.0968	14.63	cf51bffdae6cef6bea40e66ad0893abe677bf3785a81e512e4c551d888abe9c3	35ad616fd48312b83ed0327765383c7b7087019ec32aa6778e7b85eed5448fb2		50044977
ore_ont_14896.owl	522	ok	match	true	nominal_ni_abox	0.8596	554.42	cf51bffdae6cef6bea40e66ad0893abe677bf3785a81e512e4c551d888abe9c3	6d9285aae0ab89479bc2db0d99b396d87044ea4f1baa33c4edc5fc5410681760		50044987
ore_ont_14901.owl	523	ok	match	true	production_all	0.0398	8.44	cf51bffdae6cef6bea40e66ad0893abe677bf3785a81e512e4c551d888abe9c3	a6209a6c16fcc7a056b4afd3a9a3d62114a67dfd76f674aac2f616d7cc0276df		50044991
ore_ont_14926.owl	524	ok	match	true	production_all	0.0402	6.88	cf51bffdae6cef6bea40e66ad0893abe677bf3785a81e512e4c551d888abe9c3	77665b11fb7d2370101eb7b65e132de7967c9239a51a1eb0bb9769f5c6e0b389		50044992
ore_ont_14934.owl	525	ok	match	true	production_all	2.5414	618.36	cf51bffdae6cef6bea40e66ad0893abe677bf3785a81e512e4c551d888abe9c3	67f8b56d7977547b096eb1abae5ff30988653d703a4e8c27f8d543b13e3f6b3c		50044993
ore_ont_15059.owl	526	ok	match	true	production_all	53.9227	9801.75	cf51bffdae6cef6bea40e66ad0893abe677bf3785a81e512e4c551d888abe9c3	25a9dfe3607834ad90d624672276aede57eaf02784efa544063dd4489337adab		50044996
ore_ont_15068.owl	527	ok	match	true	production_all	0.04	7.19	cf51bffdae6cef6bea40e66ad0893abe677bf3785a81e512e4c551d888abe9c3	e60aee98e44662ce73579fe6f10aaf0c4197f6297c8c7a2dc96229a68000cec5		50045044
ore_ont_15098.owl	528	ok	match	true	production_all	0.1601	31.16	cf51bffdae6cef6bea40e66ad0893abe677bf3785a81e512e4c551d888abe9c3	97c1355b707518660b4d88edeaafbedba4ed48ded26a8a6750b5b9dbbdc0c0d3		50045055
ore_ont_15099.owl	529	ok	match	true	production_all	1.2737	284.77	cf51bffdae6cef6bea40e66ad0893abe677bf3785a81e512e4c551d888abe9c3	25a9dfe3607834ad90d624672276aede57eaf02784efa544063dd4489337adab		50045059
ore_ont_15145.owl	530	ok	match	true	production_all	0.0398	6.56	cf51bffdae6cef6bea40e66ad0893abe677bf3785a81e512e4c551d888abe9c3	d35d49ee77e0944bb615970957f86b0e59c29c32cb004f5b780cad04a884d820		50045062
ore_ont_15152.owl	531	ok	match	true	production_all	0.248	35.56	cf51bffdae6cef6bea40e66ad0893abe677bf3785a81e512e4c551d888abe9c3	2e77cd8b86b16a814046b32b0f6aac24408a4720f8c85b5e70064714d044ab4e		50045064
ore_ont_15172.owl	532	ok	match	true	production_all	4.1866	859.5	cf51bffdae6cef6bea40e66ad0893abe677bf3785a81e512e4c551d888abe9c3	cfe1d126a72a80da87f532b5b612cb038a9842ba2da3b976a42210dd64dc309f		50045067
ore_ont_15178.owl	533	ok	match	true	production_all	0.5449	65.76	cf51bffdae6cef6bea40e66ad0893abe677bf3785a81e512e4c551d888abe9c3	25a9dfe3607834ad90d624672276aede57eaf02784efa544063dd4489337adab		50045076
ore_ont_15222.owl	534	ok	match	true	production_all	0.1273	17.0	cf51bffdae6cef6bea40e66ad0893abe677bf3785a81e512e4c551d888abe9c3	5c6f359604affee99507cdd750dbbfc794e267be366dbb2e28d23195585173fc		50045102
ore_ont_15231.owl	535	ok	match	true	production_all	0.0694	9.06	cf51bffdae6cef6bea40e66ad0893abe677bf3785a81e512e4c551d888abe9c3	759bbfe0aa99baef0b44c0a355a8bdb04c1e1567df8276657a8f110eaa63b0da		50045106
ore_ont_15260.owl	536	ok	match	true	production_all	0.5148	56.58	cf51bffdae6cef6bea40e66ad0893abe677bf3785a81e512e4c551d888abe9c3	aff02089bd790afb61c697a9cd6479412f059bcfc0280ebe620fbf4f9db6f74e		50045108
ore_ont_15280.owl	537	ok	match	true	production_all	64.3271	7173.22	cf51bffdae6cef6bea40e66ad0893abe677bf3785a81e512e4c551d888abe9c3	25a9dfe3607834ad90d624672276aede57eaf02784efa544063dd4489337adab		50045110
ore_ont_15288.owl	538	ok	match	true	nominals	0.1281	26.81	cf51bffdae6cef6bea40e66ad0893abe677bf3785a81e512e4c551d888abe9c3	3c48c283d1292f55fe67383942d35be768499f1f96e83f0adf812c000ac3b9dd		50045184
ore_ont_15292.owl	539	ok	match	true	production_all	0.0983	14.09	cf51bffdae6cef6bea40e66ad0893abe677bf3785a81e512e4c551d888abe9c3	29a150755fb749ce18438b66bc2251caf3830ac42a72a55b5f9f80354d7d7a36		50045185
ore_ont_15341.owl	540	ok	match	true	production_all	0.218	32.72	cf51bffdae6cef6bea40e66ad0893abe677bf3785a81e512e4c551d888abe9c3	1a76bc2eead4ab2c64afae2e732b4a5ef9f37155917439b00c9518c686bff41c		50045186
ore_ont_15388.owl	541	ok	match	true	production_all	3.17	656.24	cf51bffdae6cef6bea40e66ad0893abe677bf3785a81e512e4c551d888abe9c3	758db59f0d87ce5cce6675d9c29e821c914f18a5c6441c409b4e99b59fda8a32		50045187
ore_ont_15397.owl	542	ok	match	true	production_all	0.0689	9.06	cf51bffdae6cef6bea40e66ad0893abe677bf3785a81e512e4c551d888abe9c3	d9e64c782f6e64d0320ccc7d671e028934cbea67e33feb8d416ea7ff796713cd		50045189
ore_ont_15399.owl	543	ok	match	true	production_all	0.04	7.19	cf51bffdae6cef6bea40e66ad0893abe677bf3785a81e512e4c551d888abe9c3	efda811e1d6e9ea5f0db4e624fb6396525b8b8062b2425db6e4d09050f5b1c17		50045190
ore_ont_15461.owl	544	ok	match	true	certified_nominals	0.0416	11.96	cf51bffdae6cef6bea40e66ad0893abe677bf3785a81e512e4c551d888abe9c3	ee5f8cc3794b0475358c736d5f6fd8de147908ad3b71ce2191a8db616177f5ec		50045191
ore_ont_15491.owl	545	ok	match	true	production_all	1.6208	761.33	cf51bffdae6cef6bea40e66ad0893abe677bf3785a81e512e4c551d888abe9c3	97a59d7571fc801275294d5b4946c729e77ce8827ae172f37860dd37c725b499		50045192
ore_ont_15516.owl	546	ok	consistency_mismatch	false	ht_rules	0.1591	24.37	cf51bffdae6cef6bea40e66ad0893abe677bf3785a81e512e4c551d888abe9c3	3c48c283d1292f55fe67383942d35be768499f1f96e83f0adf812c000ac3b9dd		50045194
ore_ont_15536.owl	547	ok	match	true	production_all	1.1854	399.31	cf51bffdae6cef6bea40e66ad0893abe677bf3785a81e512e4c551d888abe9c3	e1fbeb7aeb67310ff49d0f3581a15226962810239795d8c96bfc061bc5fb9f8d		50045196
ore_ont_15576.owl	548	ok	match	true	production_all	0.0397	6.88	cf51bffdae6cef6bea40e66ad0893abe677bf3785a81e512e4c551d888abe9c3	695d45a2b96d972126076a53cdec4cb9ad18c89b74acb7d7a37b2f4dc6d86945		50045197
ore_ont_15615.owl	549	ok	match	true	nominals	0.5473	308.42	cf51bffdae6cef6bea40e66ad0893abe677bf3785a81e512e4c551d888abe9c3	838b8129e87b7cee048f7a2d220cbba48c95cc9e8202758908e2abe4d31270c0		50045198
ore_ont_15672.owl	550	ok	match	true	certified_nominals	0.1849	41.65	cf51bffdae6cef6bea40e66ad0893abe677bf3785a81e512e4c551d888abe9c3	ac6f352d8affdb9102cfb99509c6f3684aa1b181c29845ac98780d1b07e3b131		50045199
ore_ont_15696.owl	551	ok	match	true	production_all	5.1067	1018.84	cf51bffdae6cef6bea40e66ad0893abe677bf3785a81e512e4c551d888abe9c3	c970dcfadfa3044c7e64c2d304534d117c73227fe514292dc5714b298b8b3ea7		50045200
ore_ont_15703.owl	552	ok	match	true	production_all	27.4368	4369.31	cf51bffdae6cef6bea40e66ad0893abe677bf3785a81e512e4c551d888abe9c3	090129a7fbaa14652ada3408dd1f160e7dd4a09a3502cc3323d8dad734e8893a	same_job_fulliri_identity_to_konclude	50045203
ore_ont_15725.owl	553	ok	match	true	production_all	2.5108	528.95	cf51bffdae6cef6bea40e66ad0893abe677bf3785a81e512e4c551d888abe9c3	42436eeb45b30ea78e04c949ee44ed2b01fd517c889e603da4aa5afe491dbba3		50045238
ore_ont_15790.owl	554	ok	match	true	production_all	0.8854	221.16	cf51bffdae6cef6bea40e66ad0893abe677bf3785a81e512e4c551d888abe9c3	a98baf2805a78f76f0ada62cba4ff6ba0f2074ab456c1358f173d00b9cdcf687		50045240
ore_ont_15791.owl	555	ok	match	true	production_all	0.6184	179.01	cf51bffdae6cef6bea40e66ad0893abe677bf3785a81e512e4c551d888abe9c3	400f7d33417064a47481356d944fc2a18d4464daaccc300744d15445d18267a9		50045241
ore_ont_15793.owl	556	ok	match	true	production_all	0.4294	55.22	cf51bffdae6cef6bea40e66ad0893abe677bf3785a81e512e4c551d888abe9c3	25a9dfe3607834ad90d624672276aede57eaf02784efa544063dd4489337adab		50045243
ore_ont_15803.owl	557	ok	match	true	production_all	30.7222	2588.45	cf51bffdae6cef6bea40e66ad0893abe677bf3785a81e512e4c551d888abe9c3	b2a4da940996565b8ddac8c21ce38392192c271087965a80ba09c8826f2ee654		50045244
ore_ont_15846.owl	558	ok	match	true	certified_nominals	177.9317	18888.18	cf51bffdae6cef6bea40e66ad0893abe677bf3785a81e512e4c551d888abe9c3	ac1340ed5caad4831da799f8842d2893e8d9f310dce3d084390affed2072a4a6		50045284
ore_ont_15860.owl	559	ok	match	true	production_all	0.0978	14.3	cf51bffdae6cef6bea40e66ad0893abe677bf3785a81e512e4c551d888abe9c3	c173c953ba6ebb32391cc93132739e108a31bcfc0eecb2b364122804641facc1		50045340
ore_ont_15882.owl	560	ok	match	true	production_all	0.04	7.19	cf51bffdae6cef6bea40e66ad0893abe677bf3785a81e512e4c551d888abe9c3	46a256fa20fee1a424bd74f6c769b7069c857a56526bebf219f8a1ea5970d413		50045341
ore_ont_15917.owl	561	ok	match	true	production_all	0.2171	32.5	cf51bffdae6cef6bea40e66ad0893abe677bf3785a81e512e4c551d888abe9c3	b18821800ab66df564954fe1f8f0215e5a18ab26bb84b658dad00ecef50d8d43		50045342
ore_ont_15929.owl	562	ok	match	true	production_all	6.2896	1364.39	cf51bffdae6cef6bea40e66ad0893abe677bf3785a81e512e4c551d888abe9c3	f0c432fee3845eb4ee0944c812ab0cadbbb8b96ea3184fcfff116504553d20e6		50045343
ore_ont_15932.owl	563	ok	match	true	production_all	0.159	28.66	cf51bffdae6cef6bea40e66ad0893abe677bf3785a81e512e4c551d888abe9c3	25a9dfe3607834ad90d624672276aede57eaf02784efa544063dd4489337adab		50045344
ore_ont_15944.owl	564	ok	match	true	production_all	0.1873	25.84	cf51bffdae6cef6bea40e66ad0893abe677bf3785a81e512e4c551d888abe9c3	a89fcaec0acf48929b811ad17b0a59dae35e6000e3da2a3eb5a38face70b89f0		50045345
ore_ont_15950.owl	565	ok	match	true	production_all	0.0685	12.05	cf51bffdae6cef6bea40e66ad0893abe677bf3785a81e512e4c551d888abe9c3	d15b70278a4cfa2cbedf2764cb9add0f0a8634cfe957ddc2861c637639bcbf80		50045347
ore_ont_15968.owl	566	ok	match	true	production_all	0.0989	19.29	cf51bffdae6cef6bea40e66ad0893abe677bf3785a81e512e4c551d888abe9c3	6db6d583cbef219dfd43cf09b0d4d10c48a2e452b5fa3a3192d1e43164b71ad8		50045348
ore_ont_15976.owl	567	ok	match	true	production_all	11.2646	2514.42	cf51bffdae6cef6bea40e66ad0893abe677bf3785a81e512e4c551d888abe9c3	51a1a9f58e3876db3d650ffc837f1b17a593f96e8186123ad3a7be4ebae90ce2		50045351
ore_ont_15985.owl	568	ok	match	true	production_all	0.04	9.38	cf51bffdae6cef6bea40e66ad0893abe677bf3785a81e512e4c551d888abe9c3	ca24600a6333d4f0b50ddb653421567ea0b628924690df4d658227e0b57116ca		50045364
ore_ont_16008.owl	569	ok	match	true	production_all	31.2699	2173.12	cf51bffdae6cef6bea40e66ad0893abe677bf3785a81e512e4c551d888abe9c3	a63271e4eaa00aee100894f5b327640ee71188051dabf76b2db3966ee97c7300		50045365
ore_ont_16076.owl	570	ok	match	true	production_all	0.0402	6.88	cf51bffdae6cef6bea40e66ad0893abe677bf3785a81e512e4c551d888abe9c3	f5bc89bf3be32e4581fd4c79c458b48416e36f89c736035abe746f5a9a8f202b		50045405
ore_ont_16114.owl	571	ok	match	true	production_all	0.278	42.18	cf51bffdae6cef6bea40e66ad0893abe677bf3785a81e512e4c551d888abe9c3	1ad425b38518f1b34809c5bac5e48a3852f6537a4b67a386e7738d65bbabfbd1		50045406
ore_ont_16167.owl	572	ok	match	true	production_all	0.0405	9.06	cf51bffdae6cef6bea40e66ad0893abe677bf3785a81e512e4c551d888abe9c3	b7265f5d9eb0fb65cc91f6a0c66536106a10cfb80bfd5e9a3089fc4912cc1685		50045407
ore_ont_16299.owl	573	ok	match	true	production_all	0.189	32.9	cf51bffdae6cef6bea40e66ad0893abe677bf3785a81e512e4c551d888abe9c3	79a3357bf88132434ab6f17359e8423fd8e267d9cd8f284a69f83811a81c5534		50045408
ore_ont_16303.owl	574	ok	match	true	nominals	3.8854	2361.88	cf51bffdae6cef6bea40e66ad0893abe677bf3785a81e512e4c551d888abe9c3	34fe02a636bad19ca47c10bc915fa2e13b8985ab465f1950e8e9ac37e8c5cec4		50045410
ore_ont_16312.owl	575	ok	match	true	production_all	0.0399	9.06	cf51bffdae6cef6bea40e66ad0893abe677bf3785a81e512e4c551d888abe9c3	211b0f09c916f799fa9e5d415686048201528f845fe8c51344875b641012c3bb		50045411
ore_ont_16351.owl	576	ok	match	true	production_all	0.0403	6.88	cf51bffdae6cef6bea40e66ad0893abe677bf3785a81e512e4c551d888abe9c3	089285c14961a28c3295b6109e4770cd940be7585d1707cf11d856a9a3d8fbfb		50045412
ore_ont_16444.owl	577	ok	match	true	production_all	9.5059	1902.77	cf51bffdae6cef6bea40e66ad0893abe677bf3785a81e512e4c551d888abe9c3	5109eb2f46fdb186066ec88a1337c6a825792132ceb7c8da24bf726151dc8266		50045413
ore_ont_16461.owl	578	ok	match	true	production_all	0.4106	24.27	cf51bffdae6cef6bea40e66ad0893abe677bf3785a81e512e4c551d888abe9c3	0af6a1d628529a9a1d42c72379974169f6b2c6bcb60f707f8219c3729daff0ad		50045415
ore_ont_16462.owl	579	ok	match	true	nominals	10.4099	2324.61	cf51bffdae6cef6bea40e66ad0893abe677bf3785a81e512e4c551d888abe9c3	9109e440a0fde12e5608bff89f0f251b2a2e18c60bc08c6f8e52778c3871d19b		50045416
ore_ont_16501.owl	580	ok	match	true	production_all	0.0401	8.44	cf51bffdae6cef6bea40e66ad0893abe677bf3785a81e512e4c551d888abe9c3	1b5b8a3dfbee869f5bef037fc0ebcf0443e1c450ce39e644ac98a8bddb061619		50045434
ore_ont_16558.owl	581	ok	match	true	production_all	0.1886	27.32	cf51bffdae6cef6bea40e66ad0893abe677bf3785a81e512e4c551d888abe9c3	a89fcaec0acf48929b811ad17b0a59dae35e6000e3da2a3eb5a38face70b89f0		50045436
ore_ont_16559.owl	582	ok	match	true	production_all	1.2089	375.59	cf51bffdae6cef6bea40e66ad0893abe677bf3785a81e512e4c551d888abe9c3	25a9dfe3607834ad90d624672276aede57eaf02784efa544063dd4489337adab		50045437
ore_ont_16596.owl	583	ok	match	true	production_all	11.1138	2549.43	cf51bffdae6cef6bea40e66ad0893abe677bf3785a81e512e4c551d888abe9c3	59fe2ee75b8ea859b8dadcc4715d8591b3f1b41c2880e673b3a24ec9613a267c		50045438
ore_ont_16619.owl	584	ok	match	true	production_all	0.7494	67.45	cf51bffdae6cef6bea40e66ad0893abe677bf3785a81e512e4c551d888abe9c3	fb177a37c99251f771c426c2b969026f3a1e8efffc7fb30336b4543b014707e2		50045442
ore_ont_16626.owl	585	ok	match	true	production_all	0.0401	7.19	cf51bffdae6cef6bea40e66ad0893abe677bf3785a81e512e4c551d888abe9c3	4c0fc61e706201f24a9b90a90645e46f89e292aebc1411ae5d428a2aeb00fc90		50045443
ore_ont_16684.owl	586	ok	match	true	production_all	1.6898	397.31	cf51bffdae6cef6bea40e66ad0893abe677bf3785a81e512e4c551d888abe9c3	25a9dfe3607834ad90d624672276aede57eaf02784efa544063dd4489337adab		50045444
ore_ont_16687.owl	587	ok	match	true	production_all	1.2206	278.33	cf51bffdae6cef6bea40e66ad0893abe677bf3785a81e512e4c551d888abe9c3	065e1e1457ce47b8ce09b524443d73adc155d2d40d1a6303dec535d74378c086		50045445
ore_ont_16730.owl	588	ok	match	true	production_all	0.0401	7.5	cf51bffdae6cef6bea40e66ad0893abe677bf3785a81e512e4c551d888abe9c3	a387245df155c38805c9fb5860713f05c5747dcc66cb68aeed3f348cce01ed68		50045446
ore_ont_16744.owl	589	ok	match	true	production_all	91.9771	11600.73	cf51bffdae6cef6bea40e66ad0893abe677bf3785a81e512e4c551d888abe9c3	25a9dfe3607834ad90d624672276aede57eaf02784efa544063dd4489337adab		50045447
ore_ont_16777.owl	590	ok	match	true	production_all	0.0412	8.75	cf51bffdae6cef6bea40e66ad0893abe677bf3785a81e512e4c551d888abe9c3	25a9dfe3607834ad90d624672276aede57eaf02784efa544063dd4489337adab		50045565
ore_ont_16821.owl	591	ok	match	true	production_all	0.04	8.44	cf51bffdae6cef6bea40e66ad0893abe677bf3785a81e512e4c551d888abe9c3	1a2026b1f210fee29abcf425160d81ab1f0edef058aec0379f8dbf0b3bce7cc2		50033014
