ont	status	verdict	wall_s	peak_mb	selected_route_trace	signature_sha256	binary_sha256
ore_ont_33.owl	ok	match	0.2369	34.98	production_all	c547c598ede2b73339e49f4c1e805d2cdb9eacf5916e6a87169653fea88bad2d	ddc30d2f9013b371b5c4ec19c0623c91ecc1b2dbdc172ded9002fd238903d09a
ore_ont_105.owl	ok	match	0.0415	5.94	elc	b87db53f167df5a69d109d90740cadf2bb2c27635e9496a86f454e4838ed8728	ddc30d2f9013b371b5c4ec19c0623c91ecc1b2dbdc172ded9002fd238903d09a
ore_ont_148.owl	ok	match	0.1983	52.15	ht_general	10ef79ea10318d5197169737fc59d7d5771162a452a2e4e1a74a7a0ca880d944	ddc30d2f9013b371b5c4ec19c0623c91ecc1b2dbdc172ded9002fd238903d09a
ore_ont_178.owl	ok	match	0.1052	35.45	nominals	e6e4ebc5a09a391d077e5e5a30b88abe563b2c13b222f6bab8cdf1aecbf50e0a	ddc30d2f9013b371b5c4ec19c0623c91ecc1b2dbdc172ded9002fd238903d09a
ore_ont_258.owl	ok	match	0.0424	6.25	elc	9579a5c955be86249c9f139f96cfae0fc4ab29399e898cd12d2c769e74e464c9	ddc30d2f9013b371b5c4ec19c0623c91ecc1b2dbdc172ded9002fd238903d09a
ore_ont_269.owl	ok	match	0.073	4.69	flat_nf1	25a9dfe3607834ad90d624672276aede57eaf02784efa544063dd4489337adab	ddc30d2f9013b371b5c4ec19c0623c91ecc1b2dbdc172ded9002fd238903d09a
ore_ont_338.owl	ok	match	0.042	6.88	certified_el_production	b745bb36702b9861d79f297df70982109814a0a5c5579b2af04f4fd748403746	ddc30d2f9013b371b5c4ec19c0623c91ecc1b2dbdc172ded9002fd238903d09a
ore_ont_380.owl	ok	match	0.0427	9.0	elc	55086452e6fa037ae88e22f05bf4fd7fae44c534fc7dbcf65691946962e0e202	ddc30d2f9013b371b5c4ec19c0623c91ecc1b2dbdc172ded9002fd238903d09a
ore_ont_394.owl	ok	match	0.0711	18.75	nominals	b0b77ecd4bd6ae54580d015e3168dae58e0dd9cd80f64ecebf29d2fa2dfe5c02	ddc30d2f9013b371b5c4ec19c0623c91ecc1b2dbdc172ded9002fd238903d09a
ore_ont_412.owl	ok	match	0.0705	12.86	elc	9e482716a302992d30f7afcb71c473594584992bd4a9032ace1f005c460987da	ddc30d2f9013b371b5c4ec19c0623c91ecc1b2dbdc172ded9002fd238903d09a
ore_ont_443.owl	ok	match	0.0729	22.12	nominals	3c48c283d1292f55fe67383942d35be768499f1f96e83f0adf812c000ac3b9dd	ddc30d2f9013b371b5c4ec19c0623c91ecc1b2dbdc172ded9002fd238903d09a
ore_ont_457.owl	ok	match	0.0711	11.56	certified_el_production	21d873c690e1f8ddd85fb557aa6ccd2dec40902830769885cb340d5889bd1b06	ddc30d2f9013b371b5c4ec19c0623c91ecc1b2dbdc172ded9002fd238903d09a
ore_ont_508.owl	ok	match	0.0407	6.56	elc	3847724c9e9e2a9fcf6c97fe0e5fdbe9cb10a1957f3521806480ac5f21de5f1f	ddc30d2f9013b371b5c4ec19c0623c91ecc1b2dbdc172ded9002fd238903d09a
ore_ont_541.owl	ok	match	0.0708	15.62	ht_bridge	c20d3724284bad20c79b64470da7d1a176fa34e92aa993fed54799a9bdbfb82e	ddc30d2f9013b371b5c4ec19c0623c91ecc1b2dbdc172ded9002fd238903d09a
ore_ont_544.owl	ok	match	0.0723	24.52	elc	fae1e3e632c54b1c5a0b1de39cd2907984c5cb7cb41be063ba05dc1a00470694	ddc30d2f9013b371b5c4ec19c0623c91ecc1b2dbdc172ded9002fd238903d09a
ore_ont_566.owl	ok	match	0.0411	8.99	elc	3460573f3c96cde1f3769168bd13a417b28ed1b271986165c4ea3a4bb63652c7	ddc30d2f9013b371b5c4ec19c0623c91ecc1b2dbdc172ded9002fd238903d09a
ore_ont_637.owl	ok	match	0.0414	8.12	certified_el_production	cb49a9ec460d5f3888d3d2416aa7ce8ddb9ce0c3057009d3ae037567be23d277	ddc30d2f9013b371b5c4ec19c0623c91ecc1b2dbdc172ded9002fd238903d09a
ore_ont_670.owl	ok	match	0.0434	9.69	certified_el_production	73ed44f501a16b10e3fc47bfe462789376f5337a258b8d668544d0fd82f3e07d	ddc30d2f9013b371b5c4ec19c0623c91ecc1b2dbdc172ded9002fd238903d09a
ore_ont_703.owl	ok	match	0.0421	7.5	certified_el_production	3fab48d1d70f73e046aaa7fc045b757147a895eb288a037e3d7e7a4cc9218923	ddc30d2f9013b371b5c4ec19c0623c91ecc1b2dbdc172ded9002fd238903d09a
ore_ont_725.owl	ok	match	0.0422	9.38	elc	bcb36636c59fa3d9c804c5fe45671d1ec6012c5afabc66a6209c1ece82e576f7	ddc30d2f9013b371b5c4ec19c0623c91ecc1b2dbdc172ded9002fd238903d09a
ore_ont_795.owl	ok	match	1.3868	251.5	elc	46bc86a218926fba754a544edfbd189e4985f4d1588bb590b4e7d16e7bf425b8	ddc30d2f9013b371b5c4ec19c0623c91ecc1b2dbdc172ded9002fd238903d09a
ore_ont_840.owl	ok	match	0.5233	75.73	elc	3d88d25973c176a4c55bedc4af8b0111afbdde3b792af73c4c86386e94dad4a9	ddc30d2f9013b371b5c4ec19c0623c91ecc1b2dbdc172ded9002fd238903d09a
ore_ont_868.owl	ok	match	4.6976	268.8	flat_nf1	be6be6663ffd9721606bf3cb61308789c55c28ffbe8d4ba2d85d0ee60b7fcc0f	ddc30d2f9013b371b5c4ec19c0623c91ecc1b2dbdc172ded9002fd238903d09a
ore_ont_869.owl	ok	match	0.0421	10.87	elc	786a9d5011c8dfe4b3b537254d4949946a4aa2a65bfa7246ecbbc5816ec89823	ddc30d2f9013b371b5c4ec19c0623c91ecc1b2dbdc172ded9002fd238903d09a
ore_ont_935.owl	ok	match	0.3191	48.06	elc	e28734d416a55cc903d9b1d299be79e05763691b27185934a94a42f59524be2e	ddc30d2f9013b371b5c4ec19c0623c91ecc1b2dbdc172ded9002fd238903d09a
ore_ont_947.owl	ok	match	0.1343	25.87	elc	04edb515f2bfe70c8381f2886402201b30947dfedb48f69eccfab4275f8d9baf	ddc30d2f9013b371b5c4ec19c0623c91ecc1b2dbdc172ded9002fd238903d09a
ore_ont_960.owl	ok	match	0.1933	52.07	ht_general	f4cfde7f23bbb2df47ece80129e120bd127df90b2793cfc5fe5bfe924b0bad33	ddc30d2f9013b371b5c4ec19c0623c91ecc1b2dbdc172ded9002fd238903d09a
ore_ont_964.owl	ok	match	0.1644	38.37	elc	bf71a4cbd9ebf8173477e14cd8e902174c692fbfe824487fc5f22119a63f5500	ddc30d2f9013b371b5c4ec19c0623c91ecc1b2dbdc172ded9002fd238903d09a
ore_ont_1012.owl	ok	match	1.4132	96.91	flat_nf1	25a9dfe3607834ad90d624672276aede57eaf02784efa544063dd4489337adab	ddc30d2f9013b371b5c4ec19c0623c91ecc1b2dbdc172ded9002fd238903d09a
ore_ont_1016.owl	ok	match	0.7912	306.09	production_all1	4761511ebdff1db0c30c8c5cac756a6fde57bf284d7be536740fd3e145e0a694	ddc30d2f9013b371b5c4ec19c0623c91ecc1b2dbdc172ded9002fd238903d09a
ore_ont_1017.owl	ok	match	0.0412	8.75	elc	ae99b783760a88e6b52f52e8fc649a680d05124b89be44322252f8d9a4e9b7b8	ddc30d2f9013b371b5c4ec19c0623c91ecc1b2dbdc172ded9002fd238903d09a
ore_ont_1034.owl	ok	match	0.0413	6.25	certified_el_production	25a9dfe3607834ad90d624672276aede57eaf02784efa544063dd4489337adab	ddc30d2f9013b371b5c4ec19c0623c91ecc1b2dbdc172ded9002fd238903d09a
ore_ont_1082.owl	ok	match	0.6417	103.49	elc	d74d401fbc3ede0305a22638186dbf109482648f2c9bee7be761183c26937f9a	ddc30d2f9013b371b5c4ec19c0623c91ecc1b2dbdc172ded9002fd238903d09a
ore_ont_1194.owl	ok	nogold	127.715	16840.31	production_all	13bff7c1c1b4a2d7b3a6d3eb94d6cb693b13d34ebf3fa27b7e84bdea13e21c83	ddc30d2f9013b371b5c4ec19c0623c91ecc1b2dbdc172ded9002fd238903d09a
ore_ont_1212.owl	ok	match	0.4171	56.07	elc	772e912b94a8d6e544147a6baef2955c80c5f9e7d4f2c805da71d1e1f9474516	ddc30d2f9013b371b5c4ec19c0623c91ecc1b2dbdc172ded9002fd238903d09a
ore_ont_1272.owl	ok	match	1.3731	158.49	certified_el_production	ba4a5ca1111a1ab31aaab5c4fee7b7cf5fb80a35ceda816fbfca46da60d13da0	ddc30d2f9013b371b5c4ec19c0623c91ecc1b2dbdc172ded9002fd238903d09a
ore_ont_1306.owl	ok	match	0.9566	66.15	flat_nf1	25a9dfe3607834ad90d624672276aede57eaf02784efa544063dd4489337adab	ddc30d2f9013b371b5c4ec19c0623c91ecc1b2dbdc172ded9002fd238903d09a
ore_ont_1325.owl	ok	match	0.0425	6.56	elc	f4d1df3b8fd67c88abe2789c705dcf70bea77e675f8196f5ecb4bba1f440b8be	ddc30d2f9013b371b5c4ec19c0623c91ecc1b2dbdc172ded9002fd238903d09a
ore_ont_1340.owl	ok	match	0.284	110.84	certified_nominals	cd58269a7598470fd2e574ac761fc27a8579eaf49b660f71530d93af973ec852	ddc30d2f9013b371b5c4ec19c0623c91ecc1b2dbdc172ded9002fd238903d09a
ore_ont_1357.owl	ok	match	1.1222	191.87	elc	252e5a317e97b937b29f83d93539566a7028d833752c8c7433dcb66bc9946f5a	ddc30d2f9013b371b5c4ec19c0623c91ecc1b2dbdc172ded9002fd238903d09a
ore_ont_1370.owl	ok	match	1.1842	122.43	elc	c05f030504ebae8cf9ae1a43f33f679c0eb33055041d00f5ba3797c5ec3f2408	ddc30d2f9013b371b5c4ec19c0623c91ecc1b2dbdc172ded9002fd238903d09a
ore_ont_1420.owl	ok	match	0.041	7.19	production_all	4823f97a40abc54c7cdaeb1da933f82879169872bed63ed9a200c0ba94d3f9c5	ddc30d2f9013b371b5c4ec19c0623c91ecc1b2dbdc172ded9002fd238903d09a
ore_ont_1473.owl	ok	match	0.0427	7.81	elc	0294b032925c15c476e5177efb18e8e6f3208e75b5a05531ebbc3aa67610afec	ddc30d2f9013b371b5c4ec19c0623c91ecc1b2dbdc172ded9002fd238903d09a
ore_ont_1481.owl	ok	match	2.6286	332.3	ht_general	4258584ca637b9cb22cf9a2a5adf454d2630a2af8bd7524f62032bc048bb52dc	ddc30d2f9013b371b5c4ec19c0623c91ecc1b2dbdc172ded9002fd238903d09a
ore_ont_1493.owl	ok	match	0.1033	16.5	elc	db0c3f18e8a94a9ba207e78900e81b51fd5883e09c1aacd893600bc96fcf4fbe	ddc30d2f9013b371b5c4ec19c0623c91ecc1b2dbdc172ded9002fd238903d09a
ore_ont_1494.owl	ok	match	0.0422	6.88	certified_el_production	0c5bac20e795a43b20fa62c2633255b76b0b0e309ac355d1f474982d966c8a97	ddc30d2f9013b371b5c4ec19c0623c91ecc1b2dbdc172ded9002fd238903d09a
ore_ont_1501.owl	ok	match	0.1367	31.5	elc	12cd4960cb68b7dc6a9a238e85da4036dc3f54687cf9402764fb38a886c7456a	ddc30d2f9013b371b5c4ec19c0623c91ecc1b2dbdc172ded9002fd238903d09a
ore_ont_1555.owl	ok	match	0.1702	110.36	nominals	a9a6e523bf2e63b92cabe7d60d4ca2a160340fd91a5d0bd5653d6f40f352bbfc	ddc30d2f9013b371b5c4ec19c0623c91ecc1b2dbdc172ded9002fd238903d09a
ore_ont_1559.owl	ok	match	3.4381	96.69	flat_nf1	a1ad6c7eedab65f2395675205f0cbfbb3c25aad43d40690ad8acfbae483a652d	ddc30d2f9013b371b5c4ec19c0623c91ecc1b2dbdc172ded9002fd238903d09a
ore_ont_1579.owl	ok	match	1.8088	217.22	elc	1e3901c4e07c5ed16d1540ad65c9c714ab2b8d2c2a3f8f7ce285745c1dc69498	ddc30d2f9013b371b5c4ec19c0623c91ecc1b2dbdc172ded9002fd238903d09a
ore_ont_1603.owl	ok	match	0.2512	37.48	ht_bridge	fa39d615f9e61b2f89febfb836d0fa368b9435190ce5604b479573c80a7e3081	ddc30d2f9013b371b5c4ec19c0623c91ecc1b2dbdc172ded9002fd238903d09a
ore_ont_1618.owl	ok	match	0.0415	14.54	cb_trigger16	e2658caadf043dbf5c015820328c06e106102c19d14b53944c95ccdc74a85554	ddc30d2f9013b371b5c4ec19c0623c91ecc1b2dbdc172ded9002fd238903d09a
ore_ont_1666.owl	ok	match	0.1043	26.5	elc	fa40d5b25c95a52249cb01f29ba0f315d1a0223bb9f9080bb70f7d47e741adbd	ddc30d2f9013b371b5c4ec19c0623c91ecc1b2dbdc172ded9002fd238903d09a
ore_ont_1790.owl	ok	match	0.1987	50.52	ht_general	6dd2a1f6eaa9f001ed5c7db958ff1edd374302f7b4e6b64679a6b0deb7635ff6	ddc30d2f9013b371b5c4ec19c0623c91ecc1b2dbdc172ded9002fd238903d09a
ore_ont_1793.owl	ok	match	0.0421	7.5	certified_el_production	880e5d909a6e1aadf9f84775c3bf73bd5c26bbe4d9a3f2b494477818ad6b2832	ddc30d2f9013b371b5c4ec19c0623c91ecc1b2dbdc172ded9002fd238903d09a
ore_ont_1902.owl	ok	match	0.0424	8.75	certified_nominals	ced976926250d9f91ce25eb6fa928bab4b4b0c9b0864abc43fcb5f2eea7a05b7	ddc30d2f9013b371b5c4ec19c0623c91ecc1b2dbdc172ded9002fd238903d09a
ore_ont_1967.owl	ok	match	0.0406	7.81	production_all	efda811e1d6e9ea5f0db4e624fb6396525b8b8062b2425db6e4d09050f5b1c17	ddc30d2f9013b371b5c4ec19c0623c91ecc1b2dbdc172ded9002fd238903d09a
ore_ont_1970.owl	ok	match	0.105	23.13	certified_el_production	61b592347078fca805011c536599fcf4a353ccb7e90d1677c3b07485f1d77e72	ddc30d2f9013b371b5c4ec19c0623c91ecc1b2dbdc172ded9002fd238903d09a
ore_ont_2011.owl	ok	match	0.0424	7.19	elc	56ed4e3d127a5629acea9af4a49866c473a53c149dfa685e194191af802668dd	ddc30d2f9013b371b5c4ec19c0623c91ecc1b2dbdc172ded9002fd238903d09a
ore_ont_2036.owl	ok	match	0.0433	6.88	elc	1b7cba6bc7b03320f1e66d8e1e8ab7f7055d76d6531012ecc7237356e50201fc	ddc30d2f9013b371b5c4ec19c0623c91ecc1b2dbdc172ded9002fd238903d09a
ore_ont_2046.owl	ok	match	0.3477	26.8	flat_nf1	25a9dfe3607834ad90d624672276aede57eaf02784efa544063dd4489337adab	ddc30d2f9013b371b5c4ec19c0623c91ecc1b2dbdc172ded9002fd238903d09a
ore_ont_2066.owl	ok	match	0.0408	6.88	elc	91adc813320db3dcb85694efba9d6579b27797ae80fab7cbed7660d01b838a28	ddc30d2f9013b371b5c4ec19c0623c91ecc1b2dbdc172ded9002fd238903d09a
ore_ont_2105.owl	ok	match	0.0737	3.44	flat_nf1	25a9dfe3607834ad90d624672276aede57eaf02784efa544063dd4489337adab	ddc30d2f9013b371b5c4ec19c0623c91ecc1b2dbdc172ded9002fd238903d09a
ore_ont_2128.owl	ok	match	0.1609	27.41	elc	2e3d43d2ccdef95965bb116db6a147ac1c9436689d91642fdc0a0ae516665943	ddc30d2f9013b371b5c4ec19c0623c91ecc1b2dbdc172ded9002fd238903d09a
ore_ont_2129.owl	ok	match	0.1966	61.46	elc	cb1caedcdcf14007912e6f4869d1347fe285cc5c4d848f40f247b83ee9989851	ddc30d2f9013b371b5c4ec19c0623c91ecc1b2dbdc172ded9002fd238903d09a
ore_ont_2195.owl	ok	match	0.0422	7.81	cb_plain1	25a9dfe3607834ad90d624672276aede57eaf02784efa544063dd4489337adab	ddc30d2f9013b371b5c4ec19c0623c91ecc1b2dbdc172ded9002fd238903d09a
ore_ont_2228.owl	ok	match	0.041	6.88	certified_el_production	ce2a95ed1d1036bf9d4704f8cf34410b65b27c0792ad983ffa7bcdf93124e17f	ddc30d2f9013b371b5c4ec19c0623c91ecc1b2dbdc172ded9002fd238903d09a
ore_ont_2237.owl	ok	match	0.0407	6.25	certified_el_production	25a9dfe3607834ad90d624672276aede57eaf02784efa544063dd4489337adab	ddc30d2f9013b371b5c4ec19c0623c91ecc1b2dbdc172ded9002fd238903d09a
ore_ont_2243.owl	ok	match	0.3287	15.54	flat_nf1	25a9dfe3607834ad90d624672276aede57eaf02784efa544063dd4489337adab	ddc30d2f9013b371b5c4ec19c0623c91ecc1b2dbdc172ded9002fd238903d09a
ore_ont_2253.owl	ok	match	0.4304	28.5	flat_nf1	25a9dfe3607834ad90d624672276aede57eaf02784efa544063dd4489337adab	ddc30d2f9013b371b5c4ec19c0623c91ecc1b2dbdc172ded9002fd238903d09a
ore_ont_2266.owl	ok	match	0.0421	9.62	elc	b259329a58c29998b5e5fb98602314993dcc590449779f452e8b5d7c24f1fdbd	ddc30d2f9013b371b5c4ec19c0623c91ecc1b2dbdc172ded9002fd238903d09a
ore_ont_2313.owl	ok	match	0.6975	111.64	ht_general	4b1c2c0b5c33e7ea8178bc5c98d5a8cebc422a378856682657ae0036ecf4fef8	ddc30d2f9013b371b5c4ec19c0623c91ecc1b2dbdc172ded9002fd238903d09a
ore_ont_2317.owl	ok	match	0.2579	52.65	elc	06aea88f93c8a06fd471868569d9c58f3a0e1ea01f06c1accbb26d292d5cec76	ddc30d2f9013b371b5c4ec19c0623c91ecc1b2dbdc172ded9002fd238903d09a
ore_ont_2333.owl	ok	match	0.0703	16.81	certified_el_production	afac023702c0cc4c05d8529939485e44cc82c4f08d6d4108b5ae432ba581aef9	ddc30d2f9013b371b5c4ec19c0623c91ecc1b2dbdc172ded9002fd238903d09a
ore_ont_2361.owl	ok	match	1.1326	124.57	elc	8e53f546be8c3e5a75323e982976ce736e03fdd7215f8151cee711479b994b36	ddc30d2f9013b371b5c4ec19c0623c91ecc1b2dbdc172ded9002fd238903d09a
ore_ont_2377.owl	ok	match	0.0706	17.12	elc	bf3c549a55d176d5afde0b3ae58f955c13ed80a01d8125d635ac86be234e05c2	ddc30d2f9013b371b5c4ec19c0623c91ecc1b2dbdc172ded9002fd238903d09a
ore_ont_2378.owl	ok	match	0.0409	8.12	elc	456885455165455332dfd3bedfcd097c8bb74b34227a78d2f807df414bb96578	ddc30d2f9013b371b5c4ec19c0623c91ecc1b2dbdc172ded9002fd238903d09a
ore_ont_2397.owl	ok	match	1.4124	436.75	production_all	8a4a0c8bc8402efaf65343c6e3f705dcc3faabbbeaa15ae6ee5d34cc5259d06e	ddc30d2f9013b371b5c4ec19c0623c91ecc1b2dbdc172ded9002fd238903d09a
ore_ont_2440.owl	ok	match	0.0416	10.89	elc	5a47a7dfd4ef9fd3755517b8220470e67a0a4611f8c5fc76fa395544f822571e	ddc30d2f9013b371b5c4ec19c0623c91ecc1b2dbdc172ded9002fd238903d09a
ore_ont_2453.owl	ok	match	0.3224	74.03	ht_general	104ea91f04934d91a9e0815b45a9940e4e60c9e8aaec0838658a8814d6004ffa	ddc30d2f9013b371b5c4ec19c0623c91ecc1b2dbdc172ded9002fd238903d09a
ore_ont_2469.owl	ok	match	2.0204	238.78	elc	738b1c7ce71d64c72af0d7c491746e78c01fc4bc002df6313b1ed3a2c80cd719	ddc30d2f9013b371b5c4ec19c0623c91ecc1b2dbdc172ded9002fd238903d09a
ore_ont_2485.owl	ok	match	0.042	9.47	certified_nominals	b254f390278d1308d3020ce93a0e4bfe308f497cf36477cc27bbb763d08458df	ddc30d2f9013b371b5c4ec19c0623c91ecc1b2dbdc172ded9002fd238903d09a
ore_ont_2491.owl	ok	match	0.0425	3.44	flat_nf1	25a9dfe3607834ad90d624672276aede57eaf02784efa544063dd4489337adab	ddc30d2f9013b371b5c4ec19c0623c91ecc1b2dbdc172ded9002fd238903d09a
ore_ont_2496.owl	ok	match	0.0421	10.87	elc	6c8c2dd1ea442064196c32326cd1c2c8d3a72ecf5e3d2c331a16cc9281ffa925	ddc30d2f9013b371b5c4ec19c0623c91ecc1b2dbdc172ded9002fd238903d09a
ore_ont_2497.owl	ok	match	0.1637	31.81	elc	7c5910f08321736ac0f61ab34fd1b38ef7ab515e5625800662344bdf0365b1c7	ddc30d2f9013b371b5c4ec19c0623c91ecc1b2dbdc172ded9002fd238903d09a
ore_ont_2557.owl	ok	match	0.0411	5.94	certified_el_production	25a9dfe3607834ad90d624672276aede57eaf02784efa544063dd4489337adab	ddc30d2f9013b371b5c4ec19c0623c91ecc1b2dbdc172ded9002fd238903d09a
ore_ont_2569.owl	ok	match	0.0724	11.5	elc	f24e7d7134057ec9e2d1325d01ae3d43562f5d211c84654d4726d67eee07aed9	ddc30d2f9013b371b5c4ec19c0623c91ecc1b2dbdc172ded9002fd238903d09a
ore_ont_2591.owl	ok	match	0.195	53.62	elc	25a9dfe3607834ad90d624672276aede57eaf02784efa544063dd4489337adab	ddc30d2f9013b371b5c4ec19c0623c91ecc1b2dbdc172ded9002fd238903d09a
ore_ont_2627.owl	ok	match	0.664	128.73	certified_el_production	bf4c6b70ee61c103bc93c176ef918936c57a650723d025e60e69b91c8832bb8b	ddc30d2f9013b371b5c4ec19c0623c91ecc1b2dbdc172ded9002fd238903d09a
ore_ont_2632.owl	ok	match	1.665	465.02	nominals	62e68a1ac660d1e1e592bc93f63b7ae9f7acc7abdfa947f439c231d3a6f804d3	ddc30d2f9013b371b5c4ec19c0623c91ecc1b2dbdc172ded9002fd238903d09a
ore_ont_2654.owl	ok	match	0.0407	5.94	certified_el_production	3453da9381fa3e59bdb9b370be6f6df50aba9d9d88fc465e3d19e3894e14d009	ddc30d2f9013b371b5c4ec19c0623c91ecc1b2dbdc172ded9002fd238903d09a
ore_ont_2661.owl	ok	match	0.3117	65.72	elc	9f600e8b5d326d5a3980de356c4a8b1ca839ec07547ad7ad3abff09a2cc2045f	ddc30d2f9013b371b5c4ec19c0623c91ecc1b2dbdc172ded9002fd238903d09a
ore_ont_2662.owl	ok	match	0.043	7.81	production_all	fd34b1d4ceb20c5e75b681223a69317888fd506e8507339ea206a877509b78c4	ddc30d2f9013b371b5c4ec19c0623c91ecc1b2dbdc172ded9002fd238903d09a
ore_ont_2669.owl	ok	consistency_mismatch	0.1346	25.52	ht_rules	3c48c283d1292f55fe67383942d35be768499f1f96e83f0adf812c000ac3b9dd	ddc30d2f9013b371b5c4ec19c0623c91ecc1b2dbdc172ded9002fd238903d09a
ore_ont_2672.owl	ok	match	0.0407	7.5	certified_el_production	ccec9d60ef1094821eb6a78cfc3f7622e8a27e0abd8d4c0e041c3e950febe5a1	ddc30d2f9013b371b5c4ec19c0623c91ecc1b2dbdc172ded9002fd238903d09a
ore_ont_2678.owl	ok	match	0.1103	18.12	nominals	4d94e1f7530b312057603495f8070e53a9716410718fe3794dac0817974fc788	ddc30d2f9013b371b5c4ec19c0623c91ecc1b2dbdc172ded9002fd238903d09a
ore_ont_2713.owl	ok	match	0.0422	6.56	certified_el_production	7d4cfe7d4dbc46f455eac2edb2b1f18fb1311cc83088c0fd513b2a1a8b6ed859	ddc30d2f9013b371b5c4ec19c0623c91ecc1b2dbdc172ded9002fd238903d09a
ore_ont_2720.owl	ok	match	0.0411	7.19	elc	809fa595c9cd497346a427ce8a4df2a95f9aa123110f8772b5085cdff3a09800	ddc30d2f9013b371b5c4ec19c0623c91ecc1b2dbdc172ded9002fd238903d09a
ore_ont_2744.owl	ok	match	0.1009	18.44	nominals	cc1a1bfca6d6ba98ffc979241d1b99f078e266c40abb6c2e862884301f8b44bd	ddc30d2f9013b371b5c4ec19c0623c91ecc1b2dbdc172ded9002fd238903d09a
ore_ont_2753.owl	ok	match	0.042	6.88	certified_el_production	2edc19bebc56e548c1a2996cf388171b36806041f17480c9a1fb2606cab8334c	ddc30d2f9013b371b5c4ec19c0623c91ecc1b2dbdc172ded9002fd238903d09a
ore_ont_2803.owl	ok	match	1.4339	233.58	elc	f0c432fee3845eb4ee0944c812ab0cadbbb8b96ea3184fcfff116504553d20e6	ddc30d2f9013b371b5c4ec19c0623c91ecc1b2dbdc172ded9002fd238903d09a
ore_ont_2828.owl	ok	match	2.3099	429.26	elc	0399302fe592566a3f17d25fbcacdc7be2952b4cf76e2c14384f00e5f7a73b4f	ddc30d2f9013b371b5c4ec19c0623c91ecc1b2dbdc172ded9002fd238903d09a
ore_ont_2860.owl	ok	match	0.0728	10.0	ht_general	32f9f65defa5b278b7745ffe5d0fc8e4815fd87d064b09f179dd5d5d4322aa26	ddc30d2f9013b371b5c4ec19c0623c91ecc1b2dbdc172ded9002fd238903d09a
ore_ont_2876.owl	ok	match	0.0411	6.56	production_all	ccdfc6d626940ef30a9115eff4872649ebcdaae60e4ff9e1d922d38485fb44ad	ddc30d2f9013b371b5c4ec19c0623c91ecc1b2dbdc172ded9002fd238903d09a
ore_ont_3050.owl	ok	match	0.193	55.37	ht_general	6dd2a1f6eaa9f001ed5c7db958ff1edd374302f7b4e6b64679a6b0deb7635ff6	ddc30d2f9013b371b5c4ec19c0623c91ecc1b2dbdc172ded9002fd238903d09a
ore_ont_3082.owl	ok	match	0.0415	5.62	elc	0b77ec936cb4d6f7a533a0b8321147d39fb68a521a2b260f1a81d30e3cb589fa	ddc30d2f9013b371b5c4ec19c0623c91ecc1b2dbdc172ded9002fd238903d09a
ore_ont_3106.owl	ok	match	0.1046	22.43	elc	28dfc47a6b572c7c94f510f067e8c416c66be2b4e826c29df6fb4e615d95915f	ddc30d2f9013b371b5c4ec19c0623c91ecc1b2dbdc172ded9002fd238903d09a
ore_ont_3164.owl	ok	match	0.5556	133.36	cb_absorb8	33d524f5fa1fcd7e3ac81f8c2163ee6b7b97cc3236863781ef629d9887b43d0b	ddc30d2f9013b371b5c4ec19c0623c91ecc1b2dbdc172ded9002fd238903d09a
ore_ont_3177.owl	ok	match	0.0992	23.06	certified_el_production	07663e7029f71a58e44ff18ab67c370076dfb27460959b9943b138948cb9b7d5	ddc30d2f9013b371b5c4ec19c0623c91ecc1b2dbdc172ded9002fd238903d09a
ore_ont_3215.owl	ok	match	98.9062	9597.24	production_all	2e629f329a33aae3af87893afb850e383d3aece4e19f6785157d4d8756234f6b	ddc30d2f9013b371b5c4ec19c0623c91ecc1b2dbdc172ded9002fd238903d09a
ore_ont_3231.owl	ok	match	0.0417	13.12	ht_bridge	6c80b4663d84cc112c1f4e35b5dee1d7407ac3435d8593df8805646a5dbd78bb	ddc30d2f9013b371b5c4ec19c0623c91ecc1b2dbdc172ded9002fd238903d09a
ore_ont_3259.owl	ok	match	0.0422	6.56	certified_el_production	25a9dfe3607834ad90d624672276aede57eaf02784efa544063dd4489337adab	ddc30d2f9013b371b5c4ec19c0623c91ecc1b2dbdc172ded9002fd238903d09a
ore_ont_3260.owl	ok	match	0.0476	10.31	certified_nominals	9e31c7e70c0bc3a4bbd3efb8aacea673b4027a3cc16bf57da05d04e5e295dfdb	ddc30d2f9013b371b5c4ec19c0623c91ecc1b2dbdc172ded9002fd238903d09a
ore_ont_3313.owl	ok	match	0.0414	9.93	elc	156c0e0737752b0d9eb1dc156090cfce69269a36f7ae125769bc23371a67e4ba	ddc30d2f9013b371b5c4ec19c0623c91ecc1b2dbdc172ded9002fd238903d09a
ore_ont_3349.owl	ok	match	0.0433	7.81	certified_el_production	fe52ef7294cf036febadb05ab1f05bdf8a0af7e52dd71d1f31ada2bd77229907	ddc30d2f9013b371b5c4ec19c0623c91ecc1b2dbdc172ded9002fd238903d09a
ore_ont_3377.owl	ok	match	2.0589	109.92	flat_nf1	c0374ad84f4916ecdb8dc8f8d2ae1455c2285ed2f86aaa14c319c7a50c5900cd	ddc30d2f9013b371b5c4ec19c0623c91ecc1b2dbdc172ded9002fd238903d09a
ore_ont_3406.owl	ok	match	0.286	53.91	elc	624d5d82f0c5f480837cea323d4c86ad7c1e7764ae9b3fb89acb33d9810b3c6c	ddc30d2f9013b371b5c4ec19c0623c91ecc1b2dbdc172ded9002fd238903d09a
ore_ont_3414.owl	ok	match	2.3875	191.07	certified_el_production	522aef3af0e145793028b0a2005237437702b100dbb8f4b3ee487aefb3b5b67d	ddc30d2f9013b371b5c4ec19c0623c91ecc1b2dbdc172ded9002fd238903d09a
ore_ont_3418.owl	ok	match	0.0411	7.19	certified_el_production	70a7760cdf714c8394efe230e853f212aefff565cd7c5c739bbe1386b0fdf0c4	ddc30d2f9013b371b5c4ec19c0623c91ecc1b2dbdc172ded9002fd238903d09a
ore_ont_3463.owl	ok	match	0.0416	5.94	elc	14e3abbd4745b1013a35ef51291fba70afb6eb51d002d3d2dc9bb09500152904	ddc30d2f9013b371b5c4ec19c0623c91ecc1b2dbdc172ded9002fd238903d09a
ore_ont_3480.owl	ok	match	0.2259	37.11	elc	bc2cc27510ca5023d81cee938b7901836f6cb98e1718518aa5d4748de7850ea7	ddc30d2f9013b371b5c4ec19c0623c91ecc1b2dbdc172ded9002fd238903d09a
ore_ont_3524.owl	ok	match	2.1933	53.63	flat_nf1	090129a7fbaa14652ada3408dd1f160e7dd4a09a3502cc3323d8dad734e8893a	ddc30d2f9013b371b5c4ec19c0623c91ecc1b2dbdc172ded9002fd238903d09a
ore_ont_3560.owl	ok	match	1.4457	75.63	flat_nf1	a916c134368b9754f20d8daa6d7a9fd3ab83b8b2b146afb4de212242185d7993	ddc30d2f9013b371b5c4ec19c0623c91ecc1b2dbdc172ded9002fd238903d09a
ore_ont_3635.owl	ok	match	0.0437	8.75	elc	d70dda2b2aeb8f0348230a796bbbbeed179618410272f73d0fab0ef58f9807e8	ddc30d2f9013b371b5c4ec19c0623c91ecc1b2dbdc172ded9002fd238903d09a
ore_ont_3640.owl	ok	match	0.0717	12.02	cb_absorb8	0242345796f9a80460ab41889f9c60f161f70d579f65e450ef7cca9e2c93da32	ddc30d2f9013b371b5c4ec19c0623c91ecc1b2dbdc172ded9002fd238903d09a
ore_ont_3658.owl	ok	match	0.6215	157.47	cb_absorb8	6abf4289743d05b7c75269cde13113316c621516fa3d6cd0306048c161cd1d7b	ddc30d2f9013b371b5c4ec19c0623c91ecc1b2dbdc172ded9002fd238903d09a
ore_ont_3712.owl	ok	match	0.1017	25.25	elc	24e57541ea2f059f849e07530327b1e6b4197982136b5930d07cc5258156f54c	ddc30d2f9013b371b5c4ec19c0623c91ecc1b2dbdc172ded9002fd238903d09a
ore_ont_3770.owl	ok	match	0.0419	5.94	certified_el_production	25a9dfe3607834ad90d624672276aede57eaf02784efa544063dd4489337adab	ddc30d2f9013b371b5c4ec19c0623c91ecc1b2dbdc172ded9002fd238903d09a
ore_ont_3784.owl	ok	match	0.1661	47.08	elc	26b8655c70484396ea5210e6edacb65de63967b0670f1763087e1eecd54c24d9	ddc30d2f9013b371b5c4ec19c0623c91ecc1b2dbdc172ded9002fd238903d09a
ore_ont_3795.owl	ok	match	0.1912	53.65	ht_general	6d9285aae0ab89479bc2db0d99b396d87044ea4f1baa33c4edc5fc5410681760	ddc30d2f9013b371b5c4ec19c0623c91ecc1b2dbdc172ded9002fd238903d09a
ore_ont_3797.owl	ok	match	0.0988	28.13	elc	25a9dfe3607834ad90d624672276aede57eaf02784efa544063dd4489337adab	ddc30d2f9013b371b5c4ec19c0623c91ecc1b2dbdc172ded9002fd238903d09a
ore_ont_3836.owl	ok	match	1.998	41.0	flat_nf1	203f79d8a6f6590f120e9edd2b5f01c21a0b39b2fce4a84de55ada270163e4c5	ddc30d2f9013b371b5c4ec19c0623c91ecc1b2dbdc172ded9002fd238903d09a
ore_ont_3842.owl	ok	match	0.0414	6.56	production_all	149b7198f920010407261137b83b46ba384d57d1349dd3ff2dcdf50f3e36b101	ddc30d2f9013b371b5c4ec19c0623c91ecc1b2dbdc172ded9002fd238903d09a
ore_ont_3905.owl	ok	match	0.3233	111.87	certified_nominals	9026921dbe65d33881bd60615ecda0c9dd6e7ad4dd9376b64b51596bbc6f8f92	ddc30d2f9013b371b5c4ec19c0623c91ecc1b2dbdc172ded9002fd238903d09a
ore_ont_3909.owl	ok	match	0.0408	6.88	production_all	5ec0c0065801b5eee139e6d08a289191c287abe064a95ac8fe9570e90d0f6fd6	ddc30d2f9013b371b5c4ec19c0623c91ecc1b2dbdc172ded9002fd238903d09a
ore_ont_3931.owl	ok	match	0.0724	23.06	ht_bridge	1f5a534b480adabb390fc161c5ae04304f2a150a97a4f9767ac6ba0e107d8b48	ddc30d2f9013b371b5c4ec19c0623c91ecc1b2dbdc172ded9002fd238903d09a
ore_ont_3954.owl	ok	match	0.2828	64.1	elc	f36c7be0b65832b4a9cfe365697a413c326eae0f77db2a4eb2b060ca95f29725	ddc30d2f9013b371b5c4ec19c0623c91ecc1b2dbdc172ded9002fd238903d09a
ore_ont_3978.owl	ok	match	0.0431	11.88	elc	b71dc4a127bef014fab3285bdfbb1cf4c4216f4a2e68455021c5192e132ccd2d	ddc30d2f9013b371b5c4ec19c0623c91ecc1b2dbdc172ded9002fd238903d09a
ore_ont_4033.owl	ok	match	0.1019	4.69	flat_nf1	25a9dfe3607834ad90d624672276aede57eaf02784efa544063dd4489337adab	ddc30d2f9013b371b5c4ec19c0623c91ecc1b2dbdc172ded9002fd238903d09a
ore_ont_4054.owl	ok	match	1.2068	152.1	elc	5c77ef2e055526a9b27c3ab88ee1395c0c882c223570b27405d71ba35d66e5ef	ddc30d2f9013b371b5c4ec19c0623c91ecc1b2dbdc172ded9002fd238903d09a
ore_ont_4187.owl	ok	match	0.7028	184.15	cb_absorb8	cef1b9f701cffb9b99d93deb4f140456ba23b035a4564400f836f9f85d471d9f	ddc30d2f9013b371b5c4ec19c0623c91ecc1b2dbdc172ded9002fd238903d09a
ore_ont_4205.owl	ok	match	1.4709	42.45	flat_nf1	59fe2ee75b8ea859b8dadcc4715d8591b3f1b41c2880e673b3a24ec9613a267c	ddc30d2f9013b371b5c4ec19c0623c91ecc1b2dbdc172ded9002fd238903d09a
ore_ont_4226.owl	ok	match	0.1364	31.49	elc	a2c9fd27be406668497189b64f1f673b22ea55c2266d5417991166ab3fdc6685	ddc30d2f9013b371b5c4ec19c0623c91ecc1b2dbdc172ded9002fd238903d09a
ore_ont_4235.owl	ok	match	0.2214	44.23	elc	059c0056376d51c12f6acbcb677a0cf1fd8d0d7f6102be275d5589d98c00c855	ddc30d2f9013b371b5c4ec19c0623c91ecc1b2dbdc172ded9002fd238903d09a
ore_ont_4382.owl	ok	match	0.0416	6.88	certified_el_production	8bd0ba01b95a8a38e2bfca8f7deadc71c897cfb5999690720930f1e2cac57430	ddc30d2f9013b371b5c4ec19c0623c91ecc1b2dbdc172ded9002fd238903d09a
ore_ont_4383.owl	ok	match	0.0735	23.44	elc	1e7c8f95f8b2b70c11e9442bd78155ef52288cc457dbd14c42fb2f77f510a315	ddc30d2f9013b371b5c4ec19c0623c91ecc1b2dbdc172ded9002fd238903d09a
ore_ont_4400.owl	ok	match	0.0426	7.5	elc	716cfa2d10db6e72f4c010954339c97c77a6d7400ca7547d0b9b5313da0a07d0	ddc30d2f9013b371b5c4ec19c0623c91ecc1b2dbdc172ded9002fd238903d09a
ore_ont_4460.owl	ok	match	0.1344	25.87	elc	4afcf15d32cdd9f6fb257c5e3935c76c482fec3a5ee5a4bf823d2c447801750e	ddc30d2f9013b371b5c4ec19c0623c91ecc1b2dbdc172ded9002fd238903d09a
ore_ont_4487.owl	ok	match	0.5936	111.22	elc	7b1409b24f397a7d20f5d762e29936bf0731cd36c00c26743379c5b5e6ea6683	ddc30d2f9013b371b5c4ec19c0623c91ecc1b2dbdc172ded9002fd238903d09a
ore_ont_4527.owl	ok	match	0.0729	10.87	elc	bc4c60af4746bace5e1ec2d8deb46c8fe9820e2ea43efd33a8c2012c8921fdd7	ddc30d2f9013b371b5c4ec19c0623c91ecc1b2dbdc172ded9002fd238903d09a
ore_ont_4557.owl	ok	match	0.3803	27.95	flat_nf1	25a9dfe3607834ad90d624672276aede57eaf02784efa544063dd4489337adab	ddc30d2f9013b371b5c4ec19c0623c91ecc1b2dbdc172ded9002fd238903d09a
ore_ont_4572.owl	ok	match	4.03	292.43	ht_general	c2aff89794b9370cc1203d175854919a112f6108c687c071701adb00dfb593d5	ddc30d2f9013b371b5c4ec19c0623c91ecc1b2dbdc172ded9002fd238903d09a
ore_ont_4578.owl	ok	match	0.1033	22.75	elc	28dfc47a6b572c7c94f510f067e8c416c66be2b4e826c29df6fb4e615d95915f	ddc30d2f9013b371b5c4ec19c0623c91ecc1b2dbdc172ded9002fd238903d09a
ore_ont_4604.owl	ok	match	8.2176	2553.76	production_all	d07c82fff63f66ce9e43811301a81def8459e9cac0593d2946d658c9220d7358	ddc30d2f9013b371b5c4ec19c0623c91ecc1b2dbdc172ded9002fd238903d09a
ore_ont_4617.owl	ok	match	0.9206	159.31	elc	9a6830c5cb0fc8b5446fc048ca3d306977592262f881e96a5269e5ed3db0e02f	ddc30d2f9013b371b5c4ec19c0623c91ecc1b2dbdc172ded9002fd238903d09a
ore_ont_4655.owl	ok	match	0.0742	15.56	elc	6b1945e00a8cb4bdfc5e2e33e163d8de34c7ab1d0dc1d2517212df3700e3805b	ddc30d2f9013b371b5c4ec19c0623c91ecc1b2dbdc172ded9002fd238903d09a
ore_ont_4662.owl	ok	match	0.1653	34.57	elc	9bb1d2922d51430135d0f93a742d285f5f11dbdda53ba29af00564bf000ceaf2	ddc30d2f9013b371b5c4ec19c0623c91ecc1b2dbdc172ded9002fd238903d09a
ore_ont_4669.owl	ok	match	66.2237	5148.62	mirror_private	a482e066a22110df593bf3a4c1fdd0ef4404f7141903b2101b85aae49811cb30	ddc30d2f9013b371b5c4ec19c0623c91ecc1b2dbdc172ded9002fd238903d09a
ore_ont_4671.owl	ok	match	0.0417	8.12	certified_el_production	c97eb0f0dcd44e6d1543b0f97489647ac526bab3c084879fa26cd5c312de500f	ddc30d2f9013b371b5c4ec19c0623c91ecc1b2dbdc172ded9002fd238903d09a
ore_ont_4724.owl	ok	match	0.0427	6.56	certified_el_production	25a9dfe3607834ad90d624672276aede57eaf02784efa544063dd4489337adab	ddc30d2f9013b371b5c4ec19c0623c91ecc1b2dbdc172ded9002fd238903d09a
ore_ont_4732.owl	ok	match	0.1346	25.56	elc	46a5ae2d7526b5fbfa69fa496d0dc165e4a3029c429477030e59fed16ddaf190	ddc30d2f9013b371b5c4ec19c0623c91ecc1b2dbdc172ded9002fd238903d09a
ore_ont_4755.owl	ok	match	1.0701	150.31	elc	d53fd97d7a9e7182998346d6a207bd4f4590e44960a6f8ebf0b047f0820d3380	ddc30d2f9013b371b5c4ec19c0623c91ecc1b2dbdc172ded9002fd238903d09a
ore_ont_4767.owl	ok	match	0.0425	7.19	certified_el_production	118fcfc33f63b6900fac9d5a8cd382782b9e10a83b4ab069db64c64dd74a2cdb	ddc30d2f9013b371b5c4ec19c0623c91ecc1b2dbdc172ded9002fd238903d09a
ore_ont_4782.owl	ok	match	0.9082	126.59	elc	7bd356f32241d05d26600550ab937c3970815adc6b9740c9d7bc71635958f354	ddc30d2f9013b371b5c4ec19c0623c91ecc1b2dbdc172ded9002fd238903d09a
ore_ont_4798.owl	ok	match	0.1011	13.37	elc	5c6f359604affee99507cdd750dbbfc794e267be366dbb2e28d23195585173fc	ddc30d2f9013b371b5c4ec19c0623c91ecc1b2dbdc172ded9002fd238903d09a
ore_ont_4802.owl	ok	match	1.6103	276.48	elc	8a77d08a8524b902e299e2c4e026cdc793a8b242adddd352eba14a513af9900d	ddc30d2f9013b371b5c4ec19c0623c91ecc1b2dbdc172ded9002fd238903d09a
ore_ont_4827.owl	ok	match	0.0727	16.69	cb_absorb8	2cc60be5f9593807e81d890be80276803cda2324d524d0e06b748f407e70f636	ddc30d2f9013b371b5c4ec19c0623c91ecc1b2dbdc172ded9002fd238903d09a
ore_ont_4834.owl	ok	match	0.1957	59.2	ht_general	7dcc501eb5c31fb38a279eae83ae4fe78d35fd6d9f1830cb61e6d0f66ebd395c	ddc30d2f9013b371b5c4ec19c0623c91ecc1b2dbdc172ded9002fd238903d09a
ore_ont_4856.owl	ok	match	0.0419	6.88	elc	a203954d51ec9ff1f842f8191198f002eb500d6f11ee88117a2d60d9130b7d05	ddc30d2f9013b371b5c4ec19c0623c91ecc1b2dbdc172ded9002fd238903d09a
ore_ont_4897.owl	ok	match	0.0423	9.86	production_all	c79f735a2915c0674b30dcfe287bfadb93722b9af47bdbb6d15643bf06773f51	ddc30d2f9013b371b5c4ec19c0623c91ecc1b2dbdc172ded9002fd238903d09a
ore_ont_5002.owl	ok	match	0.1367	31.77	elc	0cb604f1415e8f094710b625d242b327bcefda1fbcaf3e206547d764c97ec371	ddc30d2f9013b371b5c4ec19c0623c91ecc1b2dbdc172ded9002fd238903d09a
ore_ont_5057.owl	ok	match	0.0438	7.81	certified_el_production	152831133e59e099572e05c6a84187e14d67a555555d5cac0c30630216f5d97a	ddc30d2f9013b371b5c4ec19c0623c91ecc1b2dbdc172ded9002fd238903d09a
ore_ont_5080.owl	ok	match	0.0419	10.87	elc	b3a15e89aee6c84449a55074504d7709a86bb94fb7c3adde4ae4441e8b0acc0a	ddc30d2f9013b371b5c4ec19c0623c91ecc1b2dbdc172ded9002fd238903d09a
ore_ont_5089.owl	ok	match	0.043	7.5	certified_el_production	149bc40d44a4b5cf2530c619c709e8cc0ad6700e7c2de2cbdad6d619b7b14890	ddc30d2f9013b371b5c4ec19c0623c91ecc1b2dbdc172ded9002fd238903d09a
ore_ont_5090.owl	ok	match	0.0423	6.56	certified_el_production	4cb1a1e105b2edef858e03f294a792d695d67f4679b53fdab90b089e844ebde3	ddc30d2f9013b371b5c4ec19c0623c91ecc1b2dbdc172ded9002fd238903d09a
ore_ont_5103.owl	ok	match	0.1614	52.97	cb_absorb8	4903d6317aa1a70a7777f68cbc7fc9092557b46f0406719383043646969bd215	ddc30d2f9013b371b5c4ec19c0623c91ecc1b2dbdc172ded9002fd238903d09a
ore_ont_5107.owl	ok	match	0.0714	9.69	ht_shoq	54c6abc42b8192c3f0f0d7f80649e3f74a25c3c0eda139560322ce620014eab1	ddc30d2f9013b371b5c4ec19c0623c91ecc1b2dbdc172ded9002fd238903d09a
ore_ont_5164.owl	ok	match	0.0415	6.25	certified_el_production	25a9dfe3607834ad90d624672276aede57eaf02784efa544063dd4489337adab	ddc30d2f9013b371b5c4ec19c0623c91ecc1b2dbdc172ded9002fd238903d09a
ore_ont_5184.owl	ok	match	0.0429	15.63	ht_general	143e732f871ebc460a396f90684b0f500244eb5620173e0cc45115a9d4cc3f98	ddc30d2f9013b371b5c4ec19c0623c91ecc1b2dbdc172ded9002fd238903d09a
ore_ont_5197.owl	ok	match	0.0749	13.38	elc	ce38268ffd0a9fd4797e0a81f002835c27d284dccb0529b7acc2804307cb8173	ddc30d2f9013b371b5c4ec19c0623c91ecc1b2dbdc172ded9002fd238903d09a
ore_ont_5220.owl	ok	match	0.042	7.75	elc	47fec0cb02d47beba5839357b6043cae06cc6eabb68ba01322a1bd54acb9717c	ddc30d2f9013b371b5c4ec19c0623c91ecc1b2dbdc172ded9002fd238903d09a
ore_ont_5255.owl	ok	match	0.0428	6.56	certified_el_production	db855d35339a166d888f70d54a013f5e7c1d81f161121cc6b83ca7b02d348409	ddc30d2f9013b371b5c4ec19c0623c91ecc1b2dbdc172ded9002fd238903d09a
ore_ont_5266.owl	ok	match	0.0414	10.31	elc	11b062554512b7dc5030652d6359a4637466330cb93b1acbbe25eb81e28b7efc	ddc30d2f9013b371b5c4ec19c0623c91ecc1b2dbdc172ded9002fd238903d09a
ore_ont_5292.owl	ok	match	0.0426	8.42	certified_nominals	8c9545998d1d886c8a4b0fbb652105564f4705b14a3cc49e38655a0fe3567ab7	ddc30d2f9013b371b5c4ec19c0623c91ecc1b2dbdc172ded9002fd238903d09a
ore_ont_5303.owl	ok	match	0.2723	66.0	production_all1	7f654cd28e91a63a528189ffca19da211d9a49b8531062db7c977b30a2fe3033	ddc30d2f9013b371b5c4ec19c0623c91ecc1b2dbdc172ded9002fd238903d09a
ore_ont_5404.owl	ok	match	0.041	10.31	ht_bridge	71de596972c733b7c2af887e6b31e07c34c2d5c13ea5cf6b555e99f23160f1f2	ddc30d2f9013b371b5c4ec19c0623c91ecc1b2dbdc172ded9002fd238903d09a
ore_ont_5462.owl	ok	match	0.1683	46.91	elc	f11e631ca3131c02379b38db0d07616aa32976fd05aaf09a7abe368f79783668	ddc30d2f9013b371b5c4ec19c0623c91ecc1b2dbdc172ded9002fd238903d09a
ore_ont_5485.owl	ok	match	0.0423	10.56	elc	6c33730d4bc6e1f6aa064f2e182593f9b6519c412c818788fe0699cb90c27b55	ddc30d2f9013b371b5c4ec19c0623c91ecc1b2dbdc172ded9002fd238903d09a
ore_ont_5487.owl	ok	match	0.1977	40.83	elc	3079635fbc42ede00878bb4819e33f3ad4fcb8acac25c964e80439d229873a82	ddc30d2f9013b371b5c4ec19c0623c91ecc1b2dbdc172ded9002fd238903d09a
ore_ont_5519.owl	ok	match	1.3116	67.61	flat_nf1	a916c134368b9754f20d8daa6d7a9fd3ab83b8b2b146afb4de212242185d7993	ddc30d2f9013b371b5c4ec19c0623c91ecc1b2dbdc172ded9002fd238903d09a
ore_ont_5549.owl	ok	match	1.1208	124.91	elc	8e53f546be8c3e5a75323e982976ce736e03fdd7215f8151cee711479b994b36	ddc30d2f9013b371b5c4ec19c0623c91ecc1b2dbdc172ded9002fd238903d09a
ore_ont_5564.owl	ok	match	0.0426	10.0	ht_general	f909e961886801e82b4341cd768807639aae0fceaa3d344678ce533d75916082	ddc30d2f9013b371b5c4ec19c0623c91ecc1b2dbdc172ded9002fd238903d09a
ore_ont_5566.owl	ok	match	2.2528	297.53	elc	9a91a28aeb27d670ce72b75b354b84de5859287d44eb902647b4f47bf051eb1f	ddc30d2f9013b371b5c4ec19c0623c91ecc1b2dbdc172ded9002fd238903d09a
ore_ont_5572.owl	ok	match	0.0417	9.06	certified_nominals	794aad8468295c516d2a394f93d299714f490dacd1d968a6534cbe5a582bb488	ddc30d2f9013b371b5c4ec19c0623c91ecc1b2dbdc172ded9002fd238903d09a
ore_ont_5602.owl	ok	match	0.3636	27.87	flat_nf1	25a9dfe3607834ad90d624672276aede57eaf02784efa544063dd4489337adab	ddc30d2f9013b371b5c4ec19c0623c91ecc1b2dbdc172ded9002fd238903d09a
ore_ont_5612.owl	ok	match	1.437	262.14	elc	6c0877b5e054be5e2cef3b76c276a9c5007025f8483e4230c7156c7a45774003	ddc30d2f9013b371b5c4ec19c0623c91ecc1b2dbdc172ded9002fd238903d09a
ore_ont_5665.owl	ok	match	0.0412	7.19	certified_el_production	a76d933963fe7eb8acc2152ceb208fbfc847ee8140f09b4791d6d905f717ce42	ddc30d2f9013b371b5c4ec19c0623c91ecc1b2dbdc172ded9002fd238903d09a
ore_ont_5742.owl	ok	match	0.041	5.62	elc	1b748642d61733666eec435cb81094c0f59dcbf20443c391069e5a9c8ce51398	ddc30d2f9013b371b5c4ec19c0623c91ecc1b2dbdc172ded9002fd238903d09a
ore_ont_5755.owl	ok	match	0.2845	63.89	elc	0b8fb805974ec14b4df641131aa1c4af1eaed8babda4ab870378a05ef7aa26a0	ddc30d2f9013b371b5c4ec19c0623c91ecc1b2dbdc172ded9002fd238903d09a
ore_ont_5760.owl	ok	match	0.4662	32.59	flat_nf1	25a9dfe3607834ad90d624672276aede57eaf02784efa544063dd4489337adab	ddc30d2f9013b371b5c4ec19c0623c91ecc1b2dbdc172ded9002fd238903d09a
ore_ont_5781.owl	ok	match	0.293	60.8	elc	6698505bd0fd451a6061df5eff71203e6074cfc3d62e0022fe8b60d458be8237	ddc30d2f9013b371b5c4ec19c0623c91ecc1b2dbdc172ded9002fd238903d09a
ore_ont_5792.owl	ok	match	0.1011	22.75	certified_el_production	07663e7029f71a58e44ff18ab67c370076dfb27460959b9943b138948cb9b7d5	ddc30d2f9013b371b5c4ec19c0623c91ecc1b2dbdc172ded9002fd238903d09a
ore_ont_5815.owl	ok	match	0.0411	3.75	flat_nf1	25a9dfe3607834ad90d624672276aede57eaf02784efa544063dd4489337adab	ddc30d2f9013b371b5c4ec19c0623c91ecc1b2dbdc172ded9002fd238903d09a
ore_ont_5852.owl	ok	match	0.0415	5.62	elc	5ec0c0065801b5eee139e6d08a289191c287abe064a95ac8fe9570e90d0f6fd6	ddc30d2f9013b371b5c4ec19c0623c91ecc1b2dbdc172ded9002fd238903d09a
ore_ont_5927.owl	ok	match	1.9137	195.86	elc	df5204236b942809dc9fff216bc1a3ccf523cc361d1cb9ca2a12b36456249647	ddc30d2f9013b371b5c4ec19c0623c91ecc1b2dbdc172ded9002fd238903d09a
ore_ont_5940.owl	ok	match	0.0422	14.06	ht_bridge	7d92b7d06a4f4f6e5d69dfe3427cf620316b986e3c97336c481323b9e2c75541	ddc30d2f9013b371b5c4ec19c0623c91ecc1b2dbdc172ded9002fd238903d09a
ore_ont_5943.owl	ok	match	0.1963	60.61	ht_general	a92d8283ca794f043d4e8674c1f149fff5ded6960d02750dd54c37511fec308a	ddc30d2f9013b371b5c4ec19c0623c91ecc1b2dbdc172ded9002fd238903d09a
ore_ont_5965.owl	ok	match	0.1907	51.98	elc	25a9dfe3607834ad90d624672276aede57eaf02784efa544063dd4489337adab	ddc30d2f9013b371b5c4ec19c0623c91ecc1b2dbdc172ded9002fd238903d09a
ore_ont_5966.owl	ok	match	0.0414	6.56	elc	9f144657403b390cde484ce7144557101ddc0f91cf7a58e006f06b139d34a829	ddc30d2f9013b371b5c4ec19c0623c91ecc1b2dbdc172ded9002fd238903d09a
ore_ont_5974.owl	ok	match	0.2279	52.38	elc	25a9dfe3607834ad90d624672276aede57eaf02784efa544063dd4489337adab	ddc30d2f9013b371b5c4ec19c0623c91ecc1b2dbdc172ded9002fd238903d09a
ore_ont_6024.owl	ok	match	0.0421	6.88	certified_el_production	fd38224abd125b5f5a24640e946131f4a4c693c31fb1e3bf11f13eb8401b5c86	ddc30d2f9013b371b5c4ec19c0623c91ecc1b2dbdc172ded9002fd238903d09a
ore_ont_6060.owl	ok	match	0.2204	54.24	ht_general	d3e4063001c3e4438ded8d47f87d27a46d3dcbbe418ae052b9c635ae9671f559	ddc30d2f9013b371b5c4ec19c0623c91ecc1b2dbdc172ded9002fd238903d09a
ore_ont_6076.owl	ok	match	0.2941	48.06	elc	bd10def3d41c1e22fc106a4cbd39c7210b16e4330ff04be9ec5c9520f93a5e36	ddc30d2f9013b371b5c4ec19c0623c91ecc1b2dbdc172ded9002fd238903d09a
ore_ont_6102.owl	ok	match	0.1046	30.09	elc	b8b44da4d5df5135b881ed029d13a33eddb0b3560b437f3e39076c7a4d6cf04b	ddc30d2f9013b371b5c4ec19c0623c91ecc1b2dbdc172ded9002fd238903d09a
ore_ont_6198.owl	ok	match	0.2214	40.11	elc	3b1fad5e91e1894e3db6411002f05c0506a0878ae60f3d9f17d08307bfdc5660	ddc30d2f9013b371b5c4ec19c0623c91ecc1b2dbdc172ded9002fd238903d09a
ore_ont_6207.owl	ok	match	0.0426	6.88	certified_el_production	621fca63e45cf2206f96f1a26dd7196ae091dfb92bc60a5b615905d46b91ea6d	ddc30d2f9013b371b5c4ec19c0623c91ecc1b2dbdc172ded9002fd238903d09a
ore_ont_6212.owl	ok	match	2.7762	83.54	flat_nf1	7ae073cdbffccf3be43a0cd32b533d98d7b44c29e3233acc91621715e1be1636	ddc30d2f9013b371b5c4ec19c0623c91ecc1b2dbdc172ded9002fd238903d09a
ore_ont_6223.owl	ok	match	0.7971	68.89	flat_nf1	dca4c38812f1ba96d632392754821ae3b2a1b9ab6e3bd84b2fa9046ddbe8a811	ddc30d2f9013b371b5c4ec19c0623c91ecc1b2dbdc172ded9002fd238903d09a
ore_ont_6226.owl	ok	match	0.0736	13.69	ht_general	0f6576b1f60718edccc3bc45fa9716c9c6d463b12f6b01e4df44986fa4ac97bb	ddc30d2f9013b371b5c4ec19c0623c91ecc1b2dbdc172ded9002fd238903d09a
ore_ont_6230.owl	ok	match	0.1316	30.87	elc	65cd57dacb88edecf9f413022ff56ff1b53b173333a926445a1c708a5b12a13c	ddc30d2f9013b371b5c4ec19c0623c91ecc1b2dbdc172ded9002fd238903d09a
ore_ont_6233.owl	ok	match	0.8638	63.65	flat_nf1	25a9dfe3607834ad90d624672276aede57eaf02784efa544063dd4489337adab	ddc30d2f9013b371b5c4ec19c0623c91ecc1b2dbdc172ded9002fd238903d09a
ore_ont_6246.owl	ok	match	0.0414	12.5	ht_bridge	93b7859c78179ff099816dd2be78351edf79d854aea8f8ae58fff6f666123a23	ddc30d2f9013b371b5c4ec19c0623c91ecc1b2dbdc172ded9002fd238903d09a
ore_ont_6310.owl	ok	match	0.444	73.35	elc	a68ac89973e199916c1ef7d8ff6b9fd7a85c8ec7524aec5f8266dac0dc0da328	ddc30d2f9013b371b5c4ec19c0623c91ecc1b2dbdc172ded9002fd238903d09a
ore_ont_6358.owl	ok	match	0.1356	25.56	elc	26261a85079db13321a7de8c0b83f9f4d4a8843617179f0c1108386b659b98ca	ddc30d2f9013b371b5c4ec19c0623c91ecc1b2dbdc172ded9002fd238903d09a
ore_ont_6417.owl	ok	match	0.0412	5.94	certified_el_production	25a9dfe3607834ad90d624672276aede57eaf02784efa544063dd4489337adab	ddc30d2f9013b371b5c4ec19c0623c91ecc1b2dbdc172ded9002fd238903d09a
ore_ont_6423.owl	ok	match	0.0699	18.69	certified_el_production	d6182ad55cdcd6fa7a8d2bdc540436f4c71350f5dd7cfcf8f03c190b92679dd7	ddc30d2f9013b371b5c4ec19c0623c91ecc1b2dbdc172ded9002fd238903d09a
ore_ont_6433.owl	ok	match	0.1641	35.86	elc	7796424c2b2f646b5a3fb8a63b90ddbfc014127b60de867be7a57388a6366d27	ddc30d2f9013b371b5c4ec19c0623c91ecc1b2dbdc172ded9002fd238903d09a
ore_ont_6453.owl	ok	match	0.1914	51.73	elc	25a9dfe3607834ad90d624672276aede57eaf02784efa544063dd4489337adab	ddc30d2f9013b371b5c4ec19c0623c91ecc1b2dbdc172ded9002fd238903d09a
ore_ont_6477.owl	ok	match	0.3652	28.26	flat_nf1	01e8ae5dd77b83a67724a6e40f88ce2191f96e1f74003d90a67d0974f037a188	ddc30d2f9013b371b5c4ec19c0623c91ecc1b2dbdc172ded9002fd238903d09a
ore_ont_6566.owl	ok	match	0.0438	13.06	elc	456de73651e72ad41cafa09ec4862170488fa58bfc96804cf0b22bf8bddcd79a	ddc30d2f9013b371b5c4ec19c0623c91ecc1b2dbdc172ded9002fd238903d09a
ore_ont_6589.owl	ok	match	0.0428	7.81	certified_nominals	effa0eaa4edd98d52b7412297ea2f1305fb8161995434cba59061ec953abf851	ddc30d2f9013b371b5c4ec19c0623c91ecc1b2dbdc172ded9002fd238903d09a
ore_ont_6659.owl	ok	match	0.5377	75.54	elc	ebca2b615596b2796e548fc678858b7e399a9eba523ee96579bef889d19801cf	ddc30d2f9013b371b5c4ec19c0623c91ecc1b2dbdc172ded9002fd238903d09a
ore_ont_6682.owl	ok	match	33.0723	5030.21	certified_el_production	0a7e90878ba8715efca484296498d433cf7ab87612dc369aacb545029d3e93e3	ddc30d2f9013b371b5c4ec19c0623c91ecc1b2dbdc172ded9002fd238903d09a
ore_ont_6696.owl	ok	match	0.0423	9.06	elc	2d805b780f699bee6f128c54f0e3b589416c072e1830309a93bbc64f730a5d81	ddc30d2f9013b371b5c4ec19c0623c91ecc1b2dbdc172ded9002fd238903d09a
ore_ont_6720.owl	ok	match	0.0415	9.38	certified_el_production	3c48c283d1292f55fe67383942d35be768499f1f96e83f0adf812c000ac3b9dd	ddc30d2f9013b371b5c4ec19c0623c91ecc1b2dbdc172ded9002fd238903d09a
ore_ont_6722.owl	ok	match	3.0552	310.52	elc	4564dd0471d31889baa9329a691ff22bf09d5125cbec7d460810722b7c25a901	ddc30d2f9013b371b5c4ec19c0623c91ecc1b2dbdc172ded9002fd238903d09a
ore_ont_6735.owl	ok	match	0.0421	5.94	elc	568b20ec22f256e9bd4fc9fcf15cf4b3157021cf963d60142af61ee8f90294a8	ddc30d2f9013b371b5c4ec19c0623c91ecc1b2dbdc172ded9002fd238903d09a
ore_ont_6751.owl	ok	match	0.1343	27.12	certified_el_production	5c1fe0699854aa6c4f891ae1122faf848af88deaf57d6d6a18959e0c89e90df6	ddc30d2f9013b371b5c4ec19c0623c91ecc1b2dbdc172ded9002fd238903d09a
ore_ont_6765.owl	ok	match	0.2024	34.25	ht_general	f4cfde7f23bbb2df47ece80129e120bd127df90b2793cfc5fe5bfe924b0bad33	ddc30d2f9013b371b5c4ec19c0623c91ecc1b2dbdc172ded9002fd238903d09a
ore_ont_6796.owl	ok	match	0.0409	6.88	certified_el_production	75b6c8b0da2fa48dcb7812afec56880fd64859eea8a24c86d2dd2f6c6e159e13	ddc30d2f9013b371b5c4ec19c0623c91ecc1b2dbdc172ded9002fd238903d09a
ore_ont_6812.owl	ok	match	0.041	5.62	elc	1b748642d61733666eec435cb81094c0f59dcbf20443c391069e5a9c8ce51398	ddc30d2f9013b371b5c4ec19c0623c91ecc1b2dbdc172ded9002fd238903d09a
ore_ont_6817.owl	ok	match	0.0422	10.25	elc	2a47d8eb1298a2a53d28da4d78f897a04fbc8dcd17e84c2dd3306c341f87ecec	ddc30d2f9013b371b5c4ec19c0623c91ecc1b2dbdc172ded9002fd238903d09a
ore_ont_6855.owl	ok	match	0.0423	18.99	nominals	53a658f652f9df7a203289d89ad485dc611e4451cbca395eaaf186dd63f1a2df	ddc30d2f9013b371b5c4ec19c0623c91ecc1b2dbdc172ded9002fd238903d09a
ore_ont_6869.owl	ok	match	0.132	24.62	elc	222d0c9496adf87472570ce6385aec3f1d0854a9222db549213d721ed89e6940	ddc30d2f9013b371b5c4ec19c0623c91ecc1b2dbdc172ded9002fd238903d09a
ore_ont_6870.owl	ok	match	0.2545	43.63	production_all	b073c08ca62b95b0d634eab18aaff4fefe8d4cea94718a22b13e75f9f7cdac85	ddc30d2f9013b371b5c4ec19c0623c91ecc1b2dbdc172ded9002fd238903d09a
ore_ont_6934.owl	ok	match	0.0724	38.09	ht_general	5e60a794400802833a9d5785abb6320b7b13d702e48a4c810462bad6c1fc931e	ddc30d2f9013b371b5c4ec19c0623c91ecc1b2dbdc172ded9002fd238903d09a
ore_ont_6999.owl	ok	match	0.0816	38.05	ht_general	db669ccdb7494f564a988b9f8cf0084b3714c0feb590e272fb75185f2de1c1d3	ddc30d2f9013b371b5c4ec19c0623c91ecc1b2dbdc172ded9002fd238903d09a
ore_ont_7003.owl	ok	match	0.0422	6.56	certified_el_production	25a9dfe3607834ad90d624672276aede57eaf02784efa544063dd4489337adab	ddc30d2f9013b371b5c4ec19c0623c91ecc1b2dbdc172ded9002fd238903d09a
ore_ont_7025.owl	ok	match	0.1998	58.58	ht_general	d46b11fc71dde82bf5ef0a349d3b41a845c9f34f60e8959d9783216dac92d420	ddc30d2f9013b371b5c4ec19c0623c91ecc1b2dbdc172ded9002fd238903d09a
ore_ont_7052.owl	ok	match	0.0434	12.12	nominals	3c48c283d1292f55fe67383942d35be768499f1f96e83f0adf812c000ac3b9dd	ddc30d2f9013b371b5c4ec19c0623c91ecc1b2dbdc172ded9002fd238903d09a
ore_ont_7120.owl	ok	match	0.0417	10.25	elc	9448c0d4cf3dfd61d5ba709b2126df314cf4e7ae4c0d1743e9e02490c6743559	ddc30d2f9013b371b5c4ec19c0623c91ecc1b2dbdc172ded9002fd238903d09a
ore_ont_7127.owl	ok	match	8.5649	1598.4	production_all	6d60a4b9434307896c1d29c6e289b5379fe2d39b68754be2d07ab82682ab6235	ddc30d2f9013b371b5c4ec19c0623c91ecc1b2dbdc172ded9002fd238903d09a
ore_ont_7169.owl	ok	match	0.044	8.12	elc	c4515c4f4b99d254b5a695ba508e733b17b41696846c36d6e118dea92ff46e93	ddc30d2f9013b371b5c4ec19c0623c91ecc1b2dbdc172ded9002fd238903d09a
ore_ont_7195.owl	ok	match	0.1	20.87	elc	03accb67d6d40c5c42a9da8431fcefdc8f3c9811fd69b5efc5562d65b4347e9d	ddc30d2f9013b371b5c4ec19c0623c91ecc1b2dbdc172ded9002fd238903d09a
ore_ont_7216.owl	ok	match	0.0714	9.38	elc	3d88a915669fdbb2f868940740069281997953e43042ae1ada668f2b385e3754	ddc30d2f9013b371b5c4ec19c0623c91ecc1b2dbdc172ded9002fd238903d09a
ore_ont_7218.owl	ok	match	0.1006	19.0	elc	c83b420eb9e3ac17fbc453ffe5e2d42074c33e5356f719a005abacab486da9e1	ddc30d2f9013b371b5c4ec19c0623c91ecc1b2dbdc172ded9002fd238903d09a
ore_ont_7220.owl	ok	match	0.0408	7.19	elc	c8cc206848dedf9ea7f8187f4b84146cc843be24d1d6f9739b996703419c6f36	ddc30d2f9013b371b5c4ec19c0623c91ecc1b2dbdc172ded9002fd238903d09a
ore_ont_7234.owl	ok	match	0.1992	37.19	elc	8ff975eebd5a426ae5eab822f03c8620c76c8dfb17415f7488768d9facb69e75	ddc30d2f9013b371b5c4ec19c0623c91ecc1b2dbdc172ded9002fd238903d09a
ore_ont_7246.owl	ok	match	1.3849	24.69	flat_nf1	1fdf3d773ce6278032b0975ae42432254a22696e360cb41cffd0e4af032d0537	ddc30d2f9013b371b5c4ec19c0623c91ecc1b2dbdc172ded9002fd238903d09a
ore_ont_7251.owl	ok	match	0.1386	28.38	elc	734ac944226aedb079df6235f3a610f16608c4e87dc06507fee67dfb94131f04	ddc30d2f9013b371b5c4ec19c0623c91ecc1b2dbdc172ded9002fd238903d09a
ore_ont_7256.owl	ok	match	0.072	3.44	flat_nf1	25a9dfe3607834ad90d624672276aede57eaf02784efa544063dd4489337adab	ddc30d2f9013b371b5c4ec19c0623c91ecc1b2dbdc172ded9002fd238903d09a
ore_ont_7270.owl	ok	match	0.0411	7.5	production_all	881f2546efa252840c0a44322691d9a1341b87054d9105d0362ccb4eb5c55225	ddc30d2f9013b371b5c4ec19c0623c91ecc1b2dbdc172ded9002fd238903d09a
ore_ont_7300.owl	ok	match	0.6922	146.53	certified_el_production	f3a81da56d8936d963e8da5a6732f0fbde31d99db78f602deecc01783e44b358	ddc30d2f9013b371b5c4ec19c0623c91ecc1b2dbdc172ded9002fd238903d09a
ore_ont_7320.owl	ok	match	0.2345	56.95	ht_general	13356683a3a33f75b61c73cd89d37568c8babcdc8082d7ea0be3fecef4c96f69	ddc30d2f9013b371b5c4ec19c0623c91ecc1b2dbdc172ded9002fd238903d09a
ore_ont_7340.owl	ok	match	2.0118	276.34	elc	b727a7735e45785e7fd4b0d77f5752a29d01036cac0589233213015fcd0f4505	ddc30d2f9013b371b5c4ec19c0623c91ecc1b2dbdc172ded9002fd238903d09a
ore_ont_7343.owl	ok	match	0.2151	5.22	flat_nf1	25a9dfe3607834ad90d624672276aede57eaf02784efa544063dd4489337adab	ddc30d2f9013b371b5c4ec19c0623c91ecc1b2dbdc172ded9002fd238903d09a
ore_ont_7409.owl	ok	match	7.3498	1649.89	nominals	dbed370744689df90ceffaea08d2c6f77e205c80fcb51bb68029322c375abec7	ddc30d2f9013b371b5c4ec19c0623c91ecc1b2dbdc172ded9002fd238903d09a
ore_ont_7417.owl	ok	match	0.0422	6.88	nominals	5df147bd114ac6ebdefd0fd6c02a07ceb1d45ed947a03f98c077d15d11bc2043	ddc30d2f9013b371b5c4ec19c0623c91ecc1b2dbdc172ded9002fd238903d09a
ore_ont_7418.owl	ok	match	0.0421	6.25	certified_el_production	25a9dfe3607834ad90d624672276aede57eaf02784efa544063dd4489337adab	ddc30d2f9013b371b5c4ec19c0623c91ecc1b2dbdc172ded9002fd238903d09a
ore_ont_7439.owl	ok	match	0.1324	30.72	elc	a2c9fd27be406668497189b64f1f673b22ea55c2266d5417991166ab3fdc6685	ddc30d2f9013b371b5c4ec19c0623c91ecc1b2dbdc172ded9002fd238903d09a
ore_ont_7455.owl	ok	match	1.5139	187.53	elc	94f1b9a52fc04d8b77a815c4dba31d99b3f4ea184d10118c0fe15d2322b8da65	ddc30d2f9013b371b5c4ec19c0623c91ecc1b2dbdc172ded9002fd238903d09a
ore_ont_7474.owl	ok	match	0.1925	57.46	ht_general	d8a0ecd1c05efc6540c190219022cbf2596edddcae5850b92e7c19bdfe5ed6c3	ddc30d2f9013b371b5c4ec19c0623c91ecc1b2dbdc172ded9002fd238903d09a
ore_ont_7482.owl	ok	match	0.0411	6.88	certified_el_production	aa43997598571957c3e4fcdb5cb14dd1185fb593bc966e197af4fb71bb9d8960	ddc30d2f9013b371b5c4ec19c0623c91ecc1b2dbdc172ded9002fd238903d09a
ore_ont_7493.owl	ok	match	0.5361	91.09	elc	c46365c28ab506d47204cdcb689e860bba483b13191b4646ffa2ce9831e4099d	ddc30d2f9013b371b5c4ec19c0623c91ecc1b2dbdc172ded9002fd238903d09a
ore_ont_7499.owl	ok	match	5.23	88.76	ht_general	f82850c6582131358cd9ecc108888e2131734900cf687d055a7a7c0f4fece17d	ddc30d2f9013b371b5c4ec19c0623c91ecc1b2dbdc172ded9002fd238903d09a
ore_ont_7567.owl	ok	match	1.4965	278.41	elc	aa75019ee58185ca3802480986d3948301c7dc7b9f5316b09b0e61ae3c41d92d	ddc30d2f9013b371b5c4ec19c0623c91ecc1b2dbdc172ded9002fd238903d09a
ore_ont_7576.owl	ok	match	0.0415	7.19	certified_el_production	b397cda8a43a43ced776b8d3b7dbdb5774579fa035364a30976b207a127c1028	ddc30d2f9013b371b5c4ec19c0623c91ecc1b2dbdc172ded9002fd238903d09a
ore_ont_7581.owl	ok	match	20.1001	3981.76	production_all	d54544ddd6a2f4e91994f13794369403aaa5fd0a5de2c24e8df517e89580021d	ddc30d2f9013b371b5c4ec19c0623c91ecc1b2dbdc172ded9002fd238903d09a
ore_ont_7608.owl	ok	match	0.1969	41.92	elc	151a5767650248760c9540f5134bd6941f23d222ac6cb9ed9d458998b9118ab0	ddc30d2f9013b371b5c4ec19c0623c91ecc1b2dbdc172ded9002fd238903d09a
ore_ont_7639.owl	ok	match	0.0424	7.81	production_all	0f454f1459631f12284f48aec1c94aab8f7c34d7fd299e7f4aaee4733d694980	ddc30d2f9013b371b5c4ec19c0623c91ecc1b2dbdc172ded9002fd238903d09a
ore_ont_7663.owl	ok	match	0.0418	5.94	elc	bdfac28194877cd85b581a35583329ca129f2cdea9a9cdc366adb73c0615400a	ddc30d2f9013b371b5c4ec19c0623c91ecc1b2dbdc172ded9002fd238903d09a
ore_ont_7716.owl	ok	match	0.2269	50.98	elc	dd3b5bbe7f4a013d8a153f64f72551e43a927e98bb7fee179c0578db0581d568	ddc30d2f9013b371b5c4ec19c0623c91ecc1b2dbdc172ded9002fd238903d09a
ore_ont_7726.owl	ok	match	0.354	44.97	production_all	311a7aa3709f273afb66ff6411d52f4fc995238d84b3102677a5e6ef86c4c392	ddc30d2f9013b371b5c4ec19c0623c91ecc1b2dbdc172ded9002fd238903d09a
ore_ont_7728.owl	ok	match	1.4096	215.14	elc	3537c300fef513b1f95cbc12ac6827cdffd438bfb9ba466e971464c2b77bd576	ddc30d2f9013b371b5c4ec19c0623c91ecc1b2dbdc172ded9002fd238903d09a
ore_ont_7775.owl	ok	match	0.3102	53.66	ht_general	55d6d20356364ed92a7cbda694127429aeeeb731cd3403cc51883db1ba926d0a	ddc30d2f9013b371b5c4ec19c0623c91ecc1b2dbdc172ded9002fd238903d09a
ore_ont_7831.owl	ok	match	0.0707	3.75	flat_nf1	25a9dfe3607834ad90d624672276aede57eaf02784efa544063dd4489337adab	ddc30d2f9013b371b5c4ec19c0623c91ecc1b2dbdc172ded9002fd238903d09a
ore_ont_7868.owl	ok	match	2.8422	293.98	elc	4019d9513c497d61fb25100283859e81b66ffeb8e055b430d1e50f947772db73	ddc30d2f9013b371b5c4ec19c0623c91ecc1b2dbdc172ded9002fd238903d09a
ore_ont_7890.owl	ok	match	0.0415	6.56	elc	28a1e49d14379cb1f82aaf14e3c9ef1df435861077b31111dec9d947d4225a51	ddc30d2f9013b371b5c4ec19c0623c91ecc1b2dbdc172ded9002fd238903d09a
ore_ont_7901.owl	ok	match	0.0721	12.13	cb_trigger16	f295da304477c4374ae0a079f38e43b434c23a1e6933ee2cc9876c5711a3f9bb	ddc30d2f9013b371b5c4ec19c0623c91ecc1b2dbdc172ded9002fd238903d09a
ore_ont_7914.owl	ok	match	7.4449	1342.07	production_all	5dfdc6168df75c9a1e2dd6485ea1d5b4bf9af6307ea210e9cd1634262e981923	ddc30d2f9013b371b5c4ec19c0623c91ecc1b2dbdc172ded9002fd238903d09a
ore_ont_7956.owl	ok	match	7.8088	1508.93	production_all	aebf3b95b4ccf23d1c411a1c30e74773f1b6bbfd775c75a97210b7992cdb471d	ddc30d2f9013b371b5c4ec19c0623c91ecc1b2dbdc172ded9002fd238903d09a
ore_ont_7993.owl	ok	match	0.4944	32.58	flat_nf1	25a9dfe3607834ad90d624672276aede57eaf02784efa544063dd4489337adab	ddc30d2f9013b371b5c4ec19c0623c91ecc1b2dbdc172ded9002fd238903d09a
ore_ont_8006.owl	ok	match	0.225	99.55	nominals	e40a3abda27e0256fd3fc4e4a661444b9097852a17e2cf599e9c252eabadabe5	ddc30d2f9013b371b5c4ec19c0623c91ecc1b2dbdc172ded9002fd238903d09a
ore_ont_8021.owl	ok	match	0.0413	8.12	certified_el_production	f1c1aff96369c4199e413436dcd3a0d45b449393826940589aad2446b3122753	ddc30d2f9013b371b5c4ec19c0623c91ecc1b2dbdc172ded9002fd238903d09a
ore_ont_8068.owl	ok	match	0.8725	104.68	elc	5c2ab9b4b26ecff56fd8e5c58caf281e5feb460455d6e03e7231cb2e3f65d601	ddc30d2f9013b371b5c4ec19c0623c91ecc1b2dbdc172ded9002fd238903d09a
ore_ont_8135.owl	ok	match	0.041	7.5	elc	9251a47de72167549d5ded7d510bf8d803f42b3c0a1ad48a7374556417c186d9	ddc30d2f9013b371b5c4ec19c0623c91ecc1b2dbdc172ded9002fd238903d09a
ore_ont_8145.owl	ok	match	0.2588	5.24	flat_nf1	25a9dfe3607834ad90d624672276aede57eaf02784efa544063dd4489337adab	ddc30d2f9013b371b5c4ec19c0623c91ecc1b2dbdc172ded9002fd238903d09a
ore_ont_8169.owl	ok	match	0.0415	6.25	certified_el_production	ea6c013a1f02885a5417d8db9efecd7258fe49a6a6b9b6f24b6332e245a117b4	ddc30d2f9013b371b5c4ec19c0623c91ecc1b2dbdc172ded9002fd238903d09a
ore_ont_8175.owl	ok	match	0.0419	10.88	elc	ae99b783760a88e6b52f52e8fc649a680d05124b89be44322252f8d9a4e9b7b8	ddc30d2f9013b371b5c4ec19c0623c91ecc1b2dbdc172ded9002fd238903d09a
ore_ont_8298.owl	ok	match	0.0711	10.87	elc	e832933cc9322364c76e54ba0f51d9548d6c2077fed14e9a627e5529006be3d7	ddc30d2f9013b371b5c4ec19c0623c91ecc1b2dbdc172ded9002fd238903d09a
ore_ont_8322.owl	ok	match	0.1945	41.73	ht_general	3c47845e47bf260331395c02e3ce3c65fed55eb04a364eceadf9a50b552821e0	ddc30d2f9013b371b5c4ec19c0623c91ecc1b2dbdc172ded9002fd238903d09a
ore_ont_8329.owl	ok	match	0.1041	19.93	elc	c83b420eb9e3ac17fbc453ffe5e2d42074c33e5356f719a005abacab486da9e1	ddc30d2f9013b371b5c4ec19c0623c91ecc1b2dbdc172ded9002fd238903d09a
ore_ont_8347.owl	ok	match	0.6355	160.22	production_all	2e3d43d2ccdef95965bb116db6a147ac1c9436689d91642fdc0a0ae516665943	ddc30d2f9013b371b5c4ec19c0623c91ecc1b2dbdc172ded9002fd238903d09a
ore_ont_8369.owl	ok	match	0.0434	5.94	certified_el_production	25a9dfe3607834ad90d624672276aede57eaf02784efa544063dd4489337adab	ddc30d2f9013b371b5c4ec19c0623c91ecc1b2dbdc172ded9002fd238903d09a
ore_ont_8462.owl	ok	match	0.0437	5.62	certified_el_production	25a9dfe3607834ad90d624672276aede57eaf02784efa544063dd4489337adab	ddc30d2f9013b371b5c4ec19c0623c91ecc1b2dbdc172ded9002fd238903d09a
ore_ont_8480.owl	ok	match	1.3748	141.72	ht_general	ac1340ed5caad4831da799f8842d2893e8d9f310dce3d084390affed2072a4a6	ddc30d2f9013b371b5c4ec19c0623c91ecc1b2dbdc172ded9002fd238903d09a
ore_ont_8486.owl	ok	match	4.2896	229.17	flat_nf1	e8538c62c6e3407ba8b6f280e031e7778ea96154b374ccb60e0e9aeca2c8a742	ddc30d2f9013b371b5c4ec19c0623c91ecc1b2dbdc172ded9002fd238903d09a
ore_ont_8492.owl	ok	match	0.1293	30.55	elc	65cd57dacb88edecf9f413022ff56ff1b53b173333a926445a1c708a5b12a13c	ddc30d2f9013b371b5c4ec19c0623c91ecc1b2dbdc172ded9002fd238903d09a
ore_ont_8557.owl	ok	match	0.1311	4.93	flat_nf1	25a9dfe3607834ad90d624672276aede57eaf02784efa544063dd4489337adab	ddc30d2f9013b371b5c4ec19c0623c91ecc1b2dbdc172ded9002fd238903d09a
ore_ont_8579.owl	ok	match	0.163	39.45	elc	25a9dfe3607834ad90d624672276aede57eaf02784efa544063dd4489337adab	ddc30d2f9013b371b5c4ec19c0623c91ecc1b2dbdc172ded9002fd238903d09a
ore_ont_8634.owl	ok	match	0.8053	119.14	elc	7e3f4f2b20876c80b4f4c449df65b6cbc2ee89ce460335c802183fd013914ddc	ddc30d2f9013b371b5c4ec19c0623c91ecc1b2dbdc172ded9002fd238903d09a
ore_ont_8641.owl	ok	match	0.0743	16.25	elc	f28ec1c5ea5f0658828881e84767eaceaf4d7075058f90e8ed3c02de5bcf87e3	ddc30d2f9013b371b5c4ec19c0623c91ecc1b2dbdc172ded9002fd238903d09a
ore_ont_8667.owl	ok	match	0.0412	6.88	production_all	7e6ad8de8a1f7ae523024c33c5dda271da9e1d5229bd795b78a7f45b55fdfee5	ddc30d2f9013b371b5c4ec19c0623c91ecc1b2dbdc172ded9002fd238903d09a
ore_ont_8730.owl	ok	match	0.0416	7.44	certified_el_production	49bbd16d161499bca9c39a7c91db140777f3181f91d095be67c258599383b106	ddc30d2f9013b371b5c4ec19c0623c91ecc1b2dbdc172ded9002fd238903d09a
ore_ont_8737.owl	ok	match	9.0741	60.96	flat_nf1	25a9dfe3607834ad90d624672276aede57eaf02784efa544063dd4489337adab	ddc30d2f9013b371b5c4ec19c0623c91ecc1b2dbdc172ded9002fd238903d09a
ore_ont_8744.owl	ok	match	0.0424	11.5	elc	d713f119f4ce447a586bfb40e881c98b8c953c4a5055106a42abe8529e26e0de	ddc30d2f9013b371b5c4ec19c0623c91ecc1b2dbdc172ded9002fd238903d09a
ore_ont_8759.owl	ok	match	0.1072	15.87	elc	dc8dba3248ce86b519e958417ad4c4002c3773fde402451f98bc052f131f8f31	ddc30d2f9013b371b5c4ec19c0623c91ecc1b2dbdc172ded9002fd238903d09a
ore_ont_8792.owl	ok	match	0.1962	39.2	elc	cc8ed26f34adca4dd9418c34241a6b1a4a77d65ca564619e47b9ceeb308ef87b	ddc30d2f9013b371b5c4ec19c0623c91ecc1b2dbdc172ded9002fd238903d09a
ore_ont_8806.owl	ok	match	0.0431	6.88	certified_el_production	ba414f74ab3e7b966cd457b609dabae6ba612401e7274ca55d7881bc9d22987c	ddc30d2f9013b371b5c4ec19c0623c91ecc1b2dbdc172ded9002fd238903d09a
ore_ont_8864.owl	ok	match	0.3041	82.07	elc	159a022b4f747d2d997be119b1931f66afb88d8f3178ce39578474349bc072e1	ddc30d2f9013b371b5c4ec19c0623c91ecc1b2dbdc172ded9002fd238903d09a
ore_ont_8937.owl	ok	match	0.0419	7.19	production_all	64fc5b419fe9b852ab9cf2f041610574b2172f0b82fdccaa1be515d0dc303e22	ddc30d2f9013b371b5c4ec19c0623c91ecc1b2dbdc172ded9002fd238903d09a
ore_ont_8941.owl	ok	match	0.0423	9.29	nominals	3c48c283d1292f55fe67383942d35be768499f1f96e83f0adf812c000ac3b9dd	ddc30d2f9013b371b5c4ec19c0623c91ecc1b2dbdc172ded9002fd238903d09a
ore_ont_8974.owl	ok	match	0.0395	7.5	production_all	1c432924c500260bbb560ba78e947ea3b0024c5972c5c62446d653f8aab82707	ddc30d2f9013b371b5c4ec19c0623c91ecc1b2dbdc172ded9002fd238903d09a
ore_ont_8982.owl	ok	match	2.0668	284.69	elc	1c1d0d6b85946a2f8329e9e475abff843d882bca0287daf3cbff8b3714e65d12	ddc30d2f9013b371b5c4ec19c0623c91ecc1b2dbdc172ded9002fd238903d09a
ore_ont_8999.owl	ok	match	0.1986	54.82	ht_general	97d6d9eb3b55d3f801af85340de71c922ff497f5e0b9ee8e21994c3ff6c8fc88	ddc30d2f9013b371b5c4ec19c0623c91ecc1b2dbdc172ded9002fd238903d09a
ore_ont_9002.owl	ok	match	0.0757	8.75	certified_nominals	99d0faced2959471b60d0a67e805997d23dd3321683895b93ca62646f3ba0259	ddc30d2f9013b371b5c4ec19c0623c91ecc1b2dbdc172ded9002fd238903d09a
ore_ont_9014.owl	ok	match	0.7391	208.15	production_all	ce8e2abddc8b99ee5b90fd21def4355dfa9a5fac43a6e72b093db0e5a4ed6c84	ddc30d2f9013b371b5c4ec19c0623c91ecc1b2dbdc172ded9002fd238903d09a
ore_ont_9020.owl	ok	match	0.1365	21.49	production_all	25a9dfe3607834ad90d624672276aede57eaf02784efa544063dd4489337adab	ddc30d2f9013b371b5c4ec19c0623c91ecc1b2dbdc172ded9002fd238903d09a
ore_ont_9024.owl	ok	match	0.2876	79.44	production_all1	0205fe9d5bff8d6ac81af28ac8ca71cf10b61b85998e5e70242fdd9be69af349	ddc30d2f9013b371b5c4ec19c0623c91ecc1b2dbdc172ded9002fd238903d09a
ore_ont_9031.owl	ok	match	0.0429	6.88	certified_el_production	0e5701300cb5b8f0a6c312b537991848cadb3b0f94a7bf40999cee4fa10694a5	ddc30d2f9013b371b5c4ec19c0623c91ecc1b2dbdc172ded9002fd238903d09a
ore_ont_9096.owl	ok	match	0.1029	52.15	nominals	f3b5d8340ae8952054a204146b16e5e82818390360e61cd62831da4c24b7867f	ddc30d2f9013b371b5c4ec19c0623c91ecc1b2dbdc172ded9002fd238903d09a
ore_ont_9400.owl	ok	match	2.2047	179.35	elc	ed813c6bb729688629abd57498c392f2b9c59e451076692d26d323cf17b5b4f8	ddc30d2f9013b371b5c4ec19c0623c91ecc1b2dbdc172ded9002fd238903d09a
ore_ont_9435.owl	ok	match	0.0713	13.37	elc	bab32340487d9aa994aee6bdaf676387d6926cc59863cba1314a0a6e18015ea7	ddc30d2f9013b371b5c4ec19c0623c91ecc1b2dbdc172ded9002fd238903d09a
ore_ont_9498.owl	ok	match	1.3256	91.94	flat_nf1	c914feef45d9a4d58fa282a84a58b29a7872e69a5cf0a0dfb7ecc6fbbd2ad83a	ddc30d2f9013b371b5c4ec19c0623c91ecc1b2dbdc172ded9002fd238903d09a
ore_ont_9499.owl	ok	match	2.7769	195.13	elc	fabf3860014083f4e7c6d1d0775efe1dda40bb124bf6b4619c1876a9f9ce17d7	ddc30d2f9013b371b5c4ec19c0623c91ecc1b2dbdc172ded9002fd238903d09a
ore_ont_9509.owl	ok	match	0.0408	5.94	elc	6dfd8cd44c067cdcb5a447f5a0784d0ac3b59f0323ba1fc7d4e3cb65ca402c53	ddc30d2f9013b371b5c4ec19c0623c91ecc1b2dbdc172ded9002fd238903d09a
ore_ont_9513.owl	ok	match	0.195	40.05	elc	b1066b92f86cd2250dcc3e4f9d6e0d6a47ba59ae0608d54dcef83b1e86cfcc63	ddc30d2f9013b371b5c4ec19c0623c91ecc1b2dbdc172ded9002fd238903d09a
ore_ont_9540.owl	ok	match	0.7774	109.33	certified_card_nominals	973e3ccc38715145084b7fb36d95be8b4824aaa80931af741fbff473c7aa7e61	ddc30d2f9013b371b5c4ec19c0623c91ecc1b2dbdc172ded9002fd238903d09a
ore_ont_9557.owl	ok	match	0.0411	8.12	ht_general	09b5dccb229d2940f720397ba57fae3d2e043099ed5fd4d41189946d9d8fe955	ddc30d2f9013b371b5c4ec19c0623c91ecc1b2dbdc172ded9002fd238903d09a
ore_ont_9567.owl	ok	match	0.2829	64.01	elc	0b8fb805974ec14b4df641131aa1c4af1eaed8babda4ab870378a05ef7aa26a0	ddc30d2f9013b371b5c4ec19c0623c91ecc1b2dbdc172ded9002fd238903d09a
ore_ont_9590.owl	ok	match	0.1696	32.75	elc	df32deb27449bcec194c3446ed312e9c77f71f413ebfe65ce6192a5563336ff6	ddc30d2f9013b371b5c4ec19c0623c91ecc1b2dbdc172ded9002fd238903d09a
ore_ont_9598.owl	ok	match	0.0411	10.25	elc	007a7c6b5298f817cc16cad9262411ac152ca7efbc034b87fcf0a608dcf3739c	ddc30d2f9013b371b5c4ec19c0623c91ecc1b2dbdc172ded9002fd238903d09a
ore_ont_9612.owl	ok	match	0.1672	43.28	elc	f36c7be0b65832b4a9cfe365697a413c326eae0f77db2a4eb2b060ca95f29725	ddc30d2f9013b371b5c4ec19c0623c91ecc1b2dbdc172ded9002fd238903d09a
ore_ont_9635.owl	ok	match	0.0734	13.61	ht_general	05ec2b7af10ca0553fabdf219377baf556044a8a0e3b71215555cfc44d511b13	ddc30d2f9013b371b5c4ec19c0623c91ecc1b2dbdc172ded9002fd238903d09a
ore_ont_9646.owl	ok	match	0.0759	13.05	elc	32872f949ba62fe301386711bc639b7c57ba02cb5e33704bed90d8c022867ba0	ddc30d2f9013b371b5c4ec19c0623c91ecc1b2dbdc172ded9002fd238903d09a
ore_ont_9654.owl	ok	match	19.5371	1018.66	ht_general	8b2ef7faa2cdbe8e9e36287b8922fbabeb4c1b9c92bff7f51ab2a33e920eb799	ddc30d2f9013b371b5c4ec19c0623c91ecc1b2dbdc172ded9002fd238903d09a
ore_ont_9663.owl	ok	match	25.8037	4517.22	production_all	02f5fd4d3395072d1c692c7fa0de012e7a86d3feca88c8984310f302e86a86f3	ddc30d2f9013b371b5c4ec19c0623c91ecc1b2dbdc172ded9002fd238903d09a
ore_ont_9668.owl	ok	match	0.187	53.03	ht_general	6dd2a1f6eaa9f001ed5c7db958ff1edd374302f7b4e6b64679a6b0deb7635ff6	ddc30d2f9013b371b5c4ec19c0623c91ecc1b2dbdc172ded9002fd238903d09a
ore_ont_9674.owl	ok	match	4.9138	268.47	flat_nf1	c1178310a91e0aff7b3209af626b01157a45f221df1fe058845f7585ee7b650f	ddc30d2f9013b371b5c4ec19c0623c91ecc1b2dbdc172ded9002fd238903d09a
ore_ont_9695.owl	ok	match	0.0426	8.12	certified_el_production	7af604002c66e3631410e327b01a0e80f08f9e3eef9bf28079638e0957334616	ddc30d2f9013b371b5c4ec19c0623c91ecc1b2dbdc172ded9002fd238903d09a
ore_ont_9724.owl	ok	match	48.8937	13666.32	production_all	95d679d0ee51b14583ca4dffe419b1c7e128398d207a2bdb25ab9eaa06c03b05	ddc30d2f9013b371b5c4ec19c0623c91ecc1b2dbdc172ded9002fd238903d09a
ore_ont_9761.owl	ok	match	0.1021	19.93	elc	22f28c620b9541258ef5651487ced86b41df9bf0c60da852ae9f7427900570a0	ddc30d2f9013b371b5c4ec19c0623c91ecc1b2dbdc172ded9002fd238903d09a
ore_ont_9768.owl	ok	match	0.4005	29.11	flat_nf1	25a9dfe3607834ad90d624672276aede57eaf02784efa544063dd4489337adab	ddc30d2f9013b371b5c4ec19c0623c91ecc1b2dbdc172ded9002fd238903d09a
ore_ont_9772.owl	ok	match	0.0728	15.38	elc	6b1945e00a8cb4bdfc5e2e33e163d8de34c7ab1d0dc1d2517212df3700e3805b	ddc30d2f9013b371b5c4ec19c0623c91ecc1b2dbdc172ded9002fd238903d09a
ore_ont_9790.owl	ok	match	0.0723	16.19	elc	3db60447b84c1d14d898433b9a590740d2ae89cc4a09c7cf0000b62fbd9761c9	ddc30d2f9013b371b5c4ec19c0623c91ecc1b2dbdc172ded9002fd238903d09a
ore_ont_9792.owl	ok	match	0.1361	23.06	elc	dbe74c4da873c1e82fbd5ece88e723708b12df7d0ad4b65f1697fa978df35436	ddc30d2f9013b371b5c4ec19c0623c91ecc1b2dbdc172ded9002fd238903d09a
ore_ont_9794.owl	ok	match	0.6831	20.15	flat_nf1	25a9dfe3607834ad90d624672276aede57eaf02784efa544063dd4489337adab	ddc30d2f9013b371b5c4ec19c0623c91ecc1b2dbdc172ded9002fd238903d09a
ore_ont_9854.owl	ok	match	0.0409	6.56	production_all	ee884ca781aa9b3125755319fa04fe136fa8b6f3fb9d4b223e1c1b2e217303de	ddc30d2f9013b371b5c4ec19c0623c91ecc1b2dbdc172ded9002fd238903d09a
ore_ont_9857.owl	ok	match	0.072	13.44	certified_el_production	bcfb6d2459d0b343cdf9cdbcddfc92088fbc1bfabadf5f65c4a6dddca42a41bd	ddc30d2f9013b371b5c4ec19c0623c91ecc1b2dbdc172ded9002fd238903d09a
ore_ont_9881.owl	ok	match	0.194	45.67	ht_general	02d9215f1ccaeb8d1e8b4b1e423f86b9d4823b9e676fff8c3eb898814e1d4ac1	ddc30d2f9013b371b5c4ec19c0623c91ecc1b2dbdc172ded9002fd238903d09a
ore_ont_9894.owl	ok	match	0.6942	98.28	elc	db1af93afa5192ad635ea4163a536087e106a263a674d3d09252ed9490418892	ddc30d2f9013b371b5c4ec19c0623c91ecc1b2dbdc172ded9002fd238903d09a
ore_ont_9904.owl	ok	match	0.0419	7.62	nominals	adc2de296c6ec11b58563a175cea58529c2ad32fa0935808086fc3ef4a761903	ddc30d2f9013b371b5c4ec19c0623c91ecc1b2dbdc172ded9002fd238903d09a
ore_ont_9944.owl	ok	match	1.0682	255.75	ht_bridge	ea9d6bdd0418ec22cde4ad8b0e6530e9d396250d8ba2222427e290bfb6cf3b50	ddc30d2f9013b371b5c4ec19c0623c91ecc1b2dbdc172ded9002fd238903d09a
ore_ont_9958.owl	ok	match	0.6494	158.29	cb_absorb8	6ac501d44cf044992209e9135655b7315326abaa29e2c1883c98e5f95a5c4bf2	ddc30d2f9013b371b5c4ec19c0623c91ecc1b2dbdc172ded9002fd238903d09a
ore_ont_10016.owl	ok	match	0.8556	30.44	flat_nf1	ffc30b418ed2dea607f009293e1b0790243765404ed2061c4342c30a716ea818	ddc30d2f9013b371b5c4ec19c0623c91ecc1b2dbdc172ded9002fd238903d09a
ore_ont_10032.owl	ok	match	4.8873	888.86	production_all	df5204236b942809dc9fff216bc1a3ccf523cc361d1cb9ca2a12b36456249647	ddc30d2f9013b371b5c4ec19c0623c91ecc1b2dbdc172ded9002fd238903d09a
ore_ont_10056.owl	ok	match	0.0422	6.88	certified_el_production	f7263b2424943a6318ad423eee5cfaaeca18173aea87826910f2cb3fb4c4b1b2	ddc30d2f9013b371b5c4ec19c0623c91ecc1b2dbdc172ded9002fd238903d09a
ore_ont_10073.owl	ok	match	0.9268	157.85	elc	1b068c5c15f054d5fc7dfa7c91fb77a80e6f68257c0fc156f590edef3ad57fcc	ddc30d2f9013b371b5c4ec19c0623c91ecc1b2dbdc172ded9002fd238903d09a
ore_ont_10123.owl	ok	match	0.441	99.18	production_all	6c1e4b555838fde9f917bb140c40e003f75025a08623e3e15f59f34c17f857df	ddc30d2f9013b371b5c4ec19c0623c91ecc1b2dbdc172ded9002fd238903d09a
ore_ont_10127.owl	ok	match	0.2245	73.76	cb_absorb8	283d2c8230fa2895f44aba726960f75168e6d58971847b981a04a9e0bd18bba9	ddc30d2f9013b371b5c4ec19c0623c91ecc1b2dbdc172ded9002fd238903d09a
ore_ont_10134.owl	ok	match	0.0433	9.06	elc	bc13a85d7f537f9cbcc5b18b5b8aeaed250a0fc46e00fddc1c050b856943af7a	ddc30d2f9013b371b5c4ec19c0623c91ecc1b2dbdc172ded9002fd238903d09a
ore_ont_10146.owl	ok	match	0.0722	20.94	ht_bridge	683d410181c3d77df65f94caa014438ac468a3561b4882c004553c184a3828bb	ddc30d2f9013b371b5c4ec19c0623c91ecc1b2dbdc172ded9002fd238903d09a
ore_ont_10160.owl	ok	match	0.042	10.0	elc	6c33730d4bc6e1f6aa064f2e182593f9b6519c412c818788fe0699cb90c27b55	ddc30d2f9013b371b5c4ec19c0623c91ecc1b2dbdc172ded9002fd238903d09a
ore_ont_10175.owl	ok	match	1.3298	190.93	elc	f2e2f4eb571840cb8dafeed07f560af4b9be804c588296846bfc41133239eb2a	ddc30d2f9013b371b5c4ec19c0623c91ecc1b2dbdc172ded9002fd238903d09a
ore_ont_10212.owl	ok	match	0.072	14.94	cb_absorb8	216f018137fd6a812635f1e59284986b66efd3f70e76508f72065d2375e81484	ddc30d2f9013b371b5c4ec19c0623c91ecc1b2dbdc172ded9002fd238903d09a
ore_ont_10242.owl	ok	match	0.2641	59.95	ht_general	5e240020e54a32d546f0aab6ca84621979706a46542490537626cfc5a1b72787	ddc30d2f9013b371b5c4ec19c0623c91ecc1b2dbdc172ded9002fd238903d09a
ore_ont_10248.owl	ok	match	1.5982	266.71	elc	6c0877b5e054be5e2cef3b76c276a9c5007025f8483e4230c7156c7a45774003	ddc30d2f9013b371b5c4ec19c0623c91ecc1b2dbdc172ded9002fd238903d09a
ore_ont_10280.owl	ok	match	0.1011	21.5	elc	800442fb37369b500ebabfa01bfee81e440a7c142ba49f49d1d47e6d1242d926	ddc30d2f9013b371b5c4ec19c0623c91ecc1b2dbdc172ded9002fd238903d09a
ore_ont_10283.owl	ok	match	0.0416	7.81	elc	253ab9c47deb593a7b0fa2c333acee0b1d4131ff3ce88668588e415dd100bd98	ddc30d2f9013b371b5c4ec19c0623c91ecc1b2dbdc172ded9002fd238903d09a
ore_ont_10309.owl	ok	match	0.0423	7.19	production_all	1c432924c500260bbb560ba78e947ea3b0024c5972c5c62446d653f8aab82707	ddc30d2f9013b371b5c4ec19c0623c91ecc1b2dbdc172ded9002fd238903d09a
ore_ont_10314.owl	ok	match	0.0429	6.25	certified_el_production	94d5c5d620349befe39d4041174b395ecf56b4f42891f7591db65771e98d546c	ddc30d2f9013b371b5c4ec19c0623c91ecc1b2dbdc172ded9002fd238903d09a
ore_ont_10321.owl	ok	match	0.0429	9.52	nominal_ni_abox	25a9dfe3607834ad90d624672276aede57eaf02784efa544063dd4489337adab	ddc30d2f9013b371b5c4ec19c0623c91ecc1b2dbdc172ded9002fd238903d09a
ore_ont_10362.owl	ok	match	0.0719	10.91	certified_nominals	bdaac64809d4dd860324e7acbccf4b9ea1efd832fe30164f4085e4f0ef73d093	ddc30d2f9013b371b5c4ec19c0623c91ecc1b2dbdc172ded9002fd238903d09a
ore_ont_10389.owl	ok	match	0.103	25.25	certified_el_production	66cf798e2a6d852b552a503df73f79fe7386094dc37bb43419cf48547670e743	ddc30d2f9013b371b5c4ec19c0623c91ecc1b2dbdc172ded9002fd238903d09a
ore_ont_10413.owl	ok	match	0.0422	5.31	certified_el_production	25a9dfe3607834ad90d624672276aede57eaf02784efa544063dd4489337adab	ddc30d2f9013b371b5c4ec19c0623c91ecc1b2dbdc172ded9002fd238903d09a
ore_ont_10445.owl	ok	match	1.4741	13.68	flat_nf1	25a9dfe3607834ad90d624672276aede57eaf02784efa544063dd4489337adab	ddc30d2f9013b371b5c4ec19c0623c91ecc1b2dbdc172ded9002fd238903d09a
ore_ont_10516.owl	ok	match	0.0747	7.19	certified_el_production	6465a6f722e6155f37f042174b14783c944b0e9cbeb5fd290f7d4fef100eb9e7	ddc30d2f9013b371b5c4ec19c0623c91ecc1b2dbdc172ded9002fd238903d09a
ore_ont_10536.owl	ok	match	0.0429	6.56	elc	8bc83a8d066e749a174d488d953064092d8c11300c09aa86119c0a2c4b3bceb8	ddc30d2f9013b371b5c4ec19c0623c91ecc1b2dbdc172ded9002fd238903d09a
ore_ont_10594.owl	ok	match	0.1922	58.75	ht_general	a92d8283ca794f043d4e8674c1f149fff5ded6960d02750dd54c37511fec308a	ddc30d2f9013b371b5c4ec19c0623c91ecc1b2dbdc172ded9002fd238903d09a
ore_ont_10621.owl	ok	match	10.5819	831.23	ht_general	cb490ae3d086535d4ef467ed5277e5f497e221d84a79a70fb0dc87afb8a45ccf	ddc30d2f9013b371b5c4ec19c0623c91ecc1b2dbdc172ded9002fd238903d09a
ore_ont_10689.owl	ok	match	4.7746	269.35	flat_nf1	be6be6663ffd9721606bf3cb61308789c55c28ffbe8d4ba2d85d0ee60b7fcc0f	ddc30d2f9013b371b5c4ec19c0623c91ecc1b2dbdc172ded9002fd238903d09a
ore_ont_10697.owl	ok	match	0.379	122.88	cb_absorb8	7ef5274bff5da1265da9caf1bf27fbebeeb483aef1ef0c5042648b1408918a22	ddc30d2f9013b371b5c4ec19c0623c91ecc1b2dbdc172ded9002fd238903d09a
ore_ont_10702.owl	ok	match	1.0901	21.73	nominal_ni_tbox	eee761d0c89347a42ce9a221e7d98295f4a9d7527c755cb3eafa9978cc06d55b	ddc30d2f9013b371b5c4ec19c0623c91ecc1b2dbdc172ded9002fd238903d09a
ore_ont_10742.owl	ok	match	0.0733	14.31	elc	4939673f071bec5faf58247da86935819a596518944a49e03241c0b6571eaedc	ddc30d2f9013b371b5c4ec19c0623c91ecc1b2dbdc172ded9002fd238903d09a
ore_ont_10749.owl	ok	match	0.4431	256.2	nominals	87e9f917a51555b2f5c32dc06ca16d2e78ce9a4786b4c566eda495fe308d7ea0	ddc30d2f9013b371b5c4ec19c0623c91ecc1b2dbdc172ded9002fd238903d09a
ore_ont_10750.owl	ok	match	1.24	96.7	flat_nf1	25a9dfe3607834ad90d624672276aede57eaf02784efa544063dd4489337adab	ddc30d2f9013b371b5c4ec19c0623c91ecc1b2dbdc172ded9002fd238903d09a
ore_ont_10769.owl	ok	match	0.0416	6.25	certified_el_production	25a9dfe3607834ad90d624672276aede57eaf02784efa544063dd4489337adab	ddc30d2f9013b371b5c4ec19c0623c91ecc1b2dbdc172ded9002fd238903d09a
ore_ont_10778.owl	ok	match	1.0858	129.03	elc	85cc3f3c22308567df50cc27a367ae51ff51c8011dd6e0db264ab734284598d2	ddc30d2f9013b371b5c4ec19c0623c91ecc1b2dbdc172ded9002fd238903d09a
ore_ont_10781.owl	ok	match	0.1315	42.25	ht_general	00758ec29ea6954778af43d3f08c6d6f055402a39656b8b827a5466c1e4b0849	ddc30d2f9013b371b5c4ec19c0623c91ecc1b2dbdc172ded9002fd238903d09a
ore_ont_10806.owl	ok	match	0.1287	28.38	elc	74b1a536119970eb697b1f362b77f0af0c2b62ec59fbffd18d1de0027090e69b	ddc30d2f9013b371b5c4ec19c0623c91ecc1b2dbdc172ded9002fd238903d09a
ore_ont_10833.owl	ok	match	0.0426	5.94	certified_el_production	25a9dfe3607834ad90d624672276aede57eaf02784efa544063dd4489337adab	ddc30d2f9013b371b5c4ec19c0623c91ecc1b2dbdc172ded9002fd238903d09a
ore_ont_10860.owl	ok	nogold	0.0425	10.0	ht_rules	3c48c283d1292f55fe67383942d35be768499f1f96e83f0adf812c000ac3b9dd	ddc30d2f9013b371b5c4ec19c0623c91ecc1b2dbdc172ded9002fd238903d09a
ore_ont_10890.owl	ok	match	0.1393	25.07	elc	d6d944bda034a28f5f56e0b9e9e1a95a6dab7e1436f535eb79be30bed06b3ffd	ddc30d2f9013b371b5c4ec19c0623c91ecc1b2dbdc172ded9002fd238903d09a
ore_ont_10908.owl	ok	match	0.1371	37.33	ht_general	161a98a585fc8e21f60afe6610dba4ca012aaee9bfad97346de51a1b434cf786	ddc30d2f9013b371b5c4ec19c0623c91ecc1b2dbdc172ded9002fd238903d09a
ore_ont_10951.owl	ok	match	0.1029	24.52	cb_absorb8	1b89738d6fbade1eaa90287b7543cd5ab1eca4a44ad3466bf0ef7b921ac81aaf	ddc30d2f9013b371b5c4ec19c0623c91ecc1b2dbdc172ded9002fd238903d09a
ore_ont_10968.owl	ok	match	0.0708	15.55	elc	88cbac66a54cfeaf04967f7ec263a98959a6287df46eed2d3ade7b7b021e9a09	ddc30d2f9013b371b5c4ec19c0623c91ecc1b2dbdc172ded9002fd238903d09a
ore_ont_11009.owl	ok	match	0.0774	11.56	certified_el_production	9b6af4d9456a057732eed6f4edd4c6d03409183b742304705ae9c5d22f2e83d2	ddc30d2f9013b371b5c4ec19c0623c91ecc1b2dbdc172ded9002fd238903d09a
ore_ont_11010.owl	ok	match	0.0423	6.56	certified_el_production	2b911469722f5b04c8805dc441873cfae6fcb261e12933bdffe402e2897a2ee6	ddc30d2f9013b371b5c4ec19c0623c91ecc1b2dbdc172ded9002fd238903d09a
ore_ont_11014.owl	ok	match	0.0435	8.44	elc	72cd88051c821cd06ad5106a19f4145824f4bdff70821eff1bcc1cfe017f1b6b	ddc30d2f9013b371b5c4ec19c0623c91ecc1b2dbdc172ded9002fd238903d09a
ore_ont_11016.owl	ok	match	0.3334	193.21	nominal_ni_abox	17ac165e5d7677646ccf0943b78bf7322b4c3d316a3bc85d662709c85dc88b0c	ddc30d2f9013b371b5c4ec19c0623c91ecc1b2dbdc172ded9002fd238903d09a
ore_ont_11081.owl	ok	match	0.4351	59.93	elc	b32f2ff1bff70ea99cef3fb709025b066120345e74768c3a2a046c0dbc2a99d9	ddc30d2f9013b371b5c4ec19c0623c91ecc1b2dbdc172ded9002fd238903d09a
ore_ont_11140.owl	ok	match	0.0744	18.68	elc	25a9dfe3607834ad90d624672276aede57eaf02784efa544063dd4489337adab	ddc30d2f9013b371b5c4ec19c0623c91ecc1b2dbdc172ded9002fd238903d09a
ore_ont_11207.owl	ok	match	0.2254	70.09	cb_absorb8	1d053e818a80eb36d0a8795c930a6ab97ce4697c6f859dcef0b35f6588e24d9c	ddc30d2f9013b371b5c4ec19c0623c91ecc1b2dbdc172ded9002fd238903d09a
ore_ont_11291.owl	ok	match	0.0416	11.17	production_all	42e2ecfb6f2d4cdcd3acde0696c9fdbe2bc0c3b357bb316ea83a11490169ad54	ddc30d2f9013b371b5c4ec19c0623c91ecc1b2dbdc172ded9002fd238903d09a
ore_ont_11293.owl	ok	match	1.3762	260.77	elc	f0c432fee3845eb4ee0944c812ab0cadbbb8b96ea3184fcfff116504553d20e6	ddc30d2f9013b371b5c4ec19c0623c91ecc1b2dbdc172ded9002fd238903d09a
ore_ont_11311.owl	ok	match	2.0017	289.9	ht_bridge	7549d4160fa3a2f2527fa6fbddb1b4eae3f12e3101894696fb88756a02004828	ddc30d2f9013b371b5c4ec19c0623c91ecc1b2dbdc172ded9002fd238903d09a
ore_ont_11315.owl	ok	match	2.255	208.25	elc	a8cd5455a6c36d2c1c8f76547f9d07a3953b5ce92d260198abbaa6598505fe10	ddc30d2f9013b371b5c4ec19c0623c91ecc1b2dbdc172ded9002fd238903d09a
ore_ont_11316.owl	ok	match	0.1632	36.95	cb_portfolio16	39c9f8f0a63cf1cc1aabdad76e0f88e5423a3fdce72e3172951f9c3ff8ea6093	ddc30d2f9013b371b5c4ec19c0623c91ecc1b2dbdc172ded9002fd238903d09a
ore_ont_11389.owl	ok	match	0.3342	15.17	flat_nf1	25a9dfe3607834ad90d624672276aede57eaf02784efa544063dd4489337adab	ddc30d2f9013b371b5c4ec19c0623c91ecc1b2dbdc172ded9002fd238903d09a
ore_ont_11395.owl	ok	match	1.5007	121.14	flat_nf1	5f730ffc22a0828f94eb0bcfe5c366774eb965dcb577c9b64e14c9552f2e86e9	ddc30d2f9013b371b5c4ec19c0623c91ecc1b2dbdc172ded9002fd238903d09a
ore_ont_11452.owl	ok	match	0.1349	27.17	certified_el_production	ff2d968f560c0ba3266c303fcfd4ac514bb3e8b03738a5238dfefc6a44a8020e	ddc30d2f9013b371b5c4ec19c0623c91ecc1b2dbdc172ded9002fd238903d09a
ore_ont_11460.owl	ok	match	8.9429	2940.65	production_all	3bba2ff9cd16d7b398364bee1e4f766c02626881163422a6876593d2a705a101	ddc30d2f9013b371b5c4ec19c0623c91ecc1b2dbdc172ded9002fd238903d09a
ore_ont_11497.owl	ok	match	0.0415	7.19	certified_el_production	8640d78d492ca0006243d52fcb33dc628524656293e4b88db7829ad4389f4338	ddc30d2f9013b371b5c4ec19c0623c91ecc1b2dbdc172ded9002fd238903d09a
ore_ont_11502.owl	ok	match	0.1301	28.84	elc	07713dc746bebd4230af577db06d41437878358da6baaa3e27c202281fae91b3	ddc30d2f9013b371b5c4ec19c0623c91ecc1b2dbdc172ded9002fd238903d09a
ore_ont_11504.owl	ok	match	0.0423	6.56	elc	7c18c4567a36b238d8bc0334f7c2e40786398d8886a6e9ecdf6e3befe99090f4	ddc30d2f9013b371b5c4ec19c0623c91ecc1b2dbdc172ded9002fd238903d09a
ore_ont_11519.owl	ok	match	1.6357	205.27	elc	c0bc75c2b13e0e0728f78f726f58e663625f17bcc036cb40241a226879063aeb	ddc30d2f9013b371b5c4ec19c0623c91ecc1b2dbdc172ded9002fd238903d09a
ore_ont_11522.owl	ok	match	0.0416	8.12	certified_el_production	6923fe07622ff54eda7fc0b364d6c03c8bbae703e7069a5d10c053a6054def7f	ddc30d2f9013b371b5c4ec19c0623c91ecc1b2dbdc172ded9002fd238903d09a
ore_ont_11523.owl	ok	match	0.0422	8.75	certified_nominals	7310a2420253d972d26776ccad771b038711abc2dd578c8a13098c3e3663ec89	ddc30d2f9013b371b5c4ec19c0623c91ecc1b2dbdc172ded9002fd238903d09a
ore_ont_11526.owl	ok	match	0.0409	5.94	certified_el_production	25a9dfe3607834ad90d624672276aede57eaf02784efa544063dd4489337adab	ddc30d2f9013b371b5c4ec19c0623c91ecc1b2dbdc172ded9002fd238903d09a
ore_ont_11559.owl	ok	match	1.2505	175.5	elc	27cb18ecd91fbbc21ef7cd872ed2161ca58afead9634753597b502262e856841	ddc30d2f9013b371b5c4ec19c0623c91ecc1b2dbdc172ded9002fd238903d09a
ore_ont_11577.owl	ok	match	0.0434	6.88	certified_el_production	78c12e0fb82e17869f2df3bcdd0a6d56db4d249e566a11d9f25c4b1f6dd411d1	ddc30d2f9013b371b5c4ec19c0623c91ecc1b2dbdc172ded9002fd238903d09a
ore_ont_11619.owl	ok	match	0.0722	13.06	elc	9304084bc5359a42d0837601eea5354bcf3aaa41eb2a62bbff14787e98252747	ddc30d2f9013b371b5c4ec19c0623c91ecc1b2dbdc172ded9002fd238903d09a
ore_ont_11623.owl	ok	match	0.7452	267.36	production_all1	6f12e8392cac6b5ab95e02cfb22942825a445cafa89ef09eb500684ee3e279dd	ddc30d2f9013b371b5c4ec19c0623c91ecc1b2dbdc172ded9002fd238903d09a
ore_ont_11639.owl	ok	match	0.0412	5.94	elc	9d20e1c1afe6e79af9e35f135dfbeb965efec25215a54e6b2c27472ec46fe8a1	ddc30d2f9013b371b5c4ec19c0623c91ecc1b2dbdc172ded9002fd238903d09a
ore_ont_11739.owl	ok	match	1.931	20.55	flat_nf1	87e198b4b4877fa7bef65c28ac7ae439613a8f41cd8156786c14ac63d580712c	ddc30d2f9013b371b5c4ec19c0623c91ecc1b2dbdc172ded9002fd238903d09a
ore_ont_11745.owl	ok	match	12.4568	4022.93	cb_plain16	49e851a304217ddcaa13291238cf1bd37e6d161e6a57ba7318eb6e7244b1584f	ddc30d2f9013b371b5c4ec19c0623c91ecc1b2dbdc172ded9002fd238903d09a
ore_ont_11778.owl	ok	match	1.4377	215.34	elc	02f70d54c956f315440e7b6c6cf11b10e21313041e72692d251f018364ea8b06	ddc30d2f9013b371b5c4ec19c0623c91ecc1b2dbdc172ded9002fd238903d09a
ore_ont_11866.owl	ok	match	0.0411	5.94	certified_el_production	25a9dfe3607834ad90d624672276aede57eaf02784efa544063dd4489337adab	ddc30d2f9013b371b5c4ec19c0623c91ecc1b2dbdc172ded9002fd238903d09a
ore_ont_11889.owl	ok	match	0.0442	6.88	certified_el_production	5f1ce489832cb8ae99748f2ecbb665ddb7da0d5750e09c9ac409fd75c5875444	ddc30d2f9013b371b5c4ec19c0623c91ecc1b2dbdc172ded9002fd238903d09a
ore_ont_11978.owl	ok	match	0.0421	6.88	certified_el_production	f238035ea70c8a9a2f9d439a52b36ef315a3449e2a926cd8a6065f3be4f86087	ddc30d2f9013b371b5c4ec19c0623c91ecc1b2dbdc172ded9002fd238903d09a
ore_ont_12007.owl	ok	match	0.0413	5.94	elc	779011b5e74b3bf61345db242cf0d5ab1c508e60d59470b7021926b6ca7f4963	ddc30d2f9013b371b5c4ec19c0623c91ecc1b2dbdc172ded9002fd238903d09a
ore_ont_12009.owl	ok	match	0.0418	8.12	certified_el_production	c49ac8a00b73dd16b18c6806b9e19bea5f9a821003a4da37b2202dc8b2c0913a	ddc30d2f9013b371b5c4ec19c0623c91ecc1b2dbdc172ded9002fd238903d09a
ore_ont_12087.owl	ok	match	3.3778	358.18	elc	0de4f44746026093588d63cfce9e4402e938cf30b7c88a3970e4771da4a63c60	ddc30d2f9013b371b5c4ec19c0623c91ecc1b2dbdc172ded9002fd238903d09a
ore_ont_12141.owl	ok	match	0.291	79.53	production_all1	0205fe9d5bff8d6ac81af28ac8ca71cf10b61b85998e5e70242fdd9be69af349	ddc30d2f9013b371b5c4ec19c0623c91ecc1b2dbdc172ded9002fd238903d09a
ore_ont_12149.owl	ok	match	0.5299	90.99	elc	1a6c34a01e0f9de8f986e062b118c3950b89fcee5894446fcaa350902e7f126f	ddc30d2f9013b371b5c4ec19c0623c91ecc1b2dbdc172ded9002fd238903d09a
ore_ont_12161.owl	ok	match	0.1322	27.12	certified_el_production	5c1fe0699854aa6c4f891ae1122faf848af88deaf57d6d6a18959e0c89e90df6	ddc30d2f9013b371b5c4ec19c0623c91ecc1b2dbdc172ded9002fd238903d09a
ore_ont_12194.owl	ok	match	0.246	50.75	elc	5008d3bc52e4aaab7aca6b11a01a2dcdfdf2005f2d4c1aeec1abb75de67e2206	ddc30d2f9013b371b5c4ec19c0623c91ecc1b2dbdc172ded9002fd238903d09a
ore_ont_12281.owl	ok	match	0.0415	11.19	elc	6c8c2dd1ea442064196c32326cd1c2c8d3a72ecf5e3d2c331a16cc9281ffa925	ddc30d2f9013b371b5c4ec19c0623c91ecc1b2dbdc172ded9002fd238903d09a
ore_ont_12387.owl	ok	match	2.7078	368.88	elc	9d25a3ae4b10f67a869ff1ec8333b593900ad745b3453e11588555e8178d7dba	ddc30d2f9013b371b5c4ec19c0623c91ecc1b2dbdc172ded9002fd238903d09a
ore_ont_12397.owl	ok	match	0.0413	10.25	elc	1141b993c4ce4fc0f8712bb0c6b6853b030ea938eba3d8e27dbe28dbc7ec1070	ddc30d2f9013b371b5c4ec19c0623c91ecc1b2dbdc172ded9002fd238903d09a
ore_ont_12405.owl	ok	match	0.1314	45.88	elc	450e43282d20750ee054bec83e074f6b4d890c845074125e9b9b04cd346ae614	ddc30d2f9013b371b5c4ec19c0623c91ecc1b2dbdc172ded9002fd238903d09a
ore_ont_12414.owl	ok	match	0.7966	113.43	elc	f52655554ad9025c06c681d71ccebf5cce633bac6305e01d8e78fa7abd9477c0	ddc30d2f9013b371b5c4ec19c0623c91ecc1b2dbdc172ded9002fd238903d09a
ore_ont_12528.owl	ok	match	2.0571	144.61	flat_nf1	821c9e8abb3c9f0b13db22b7044710317c1f59fb0219ad16c7f007464d7aa7b4	ddc30d2f9013b371b5c4ec19c0623c91ecc1b2dbdc172ded9002fd238903d09a
ore_ont_12653.owl	ok	match	0.0701	12.19	ht_bridge	b9b3b2004562dfba7af26bbbd125115be0383fcd014b509717cbcedc73b31f00	ddc30d2f9013b371b5c4ec19c0623c91ecc1b2dbdc172ded9002fd238903d09a
ore_ont_12698.owl	ok	match	1.9253	726.62	nominals	9f2ee83b8fc315586d509d7a508be032bd1674970b5ab484f81a138be9f91e19	ddc30d2f9013b371b5c4ec19c0623c91ecc1b2dbdc172ded9002fd238903d09a
ore_ont_12776.owl	ok	match	0.0725	15.87	elc	25a9dfe3607834ad90d624672276aede57eaf02784efa544063dd4489337adab	ddc30d2f9013b371b5c4ec19c0623c91ecc1b2dbdc172ded9002fd238903d09a
ore_ont_12802.owl	ok	match	0.1811	47.38	elc	25a9dfe3607834ad90d624672276aede57eaf02784efa544063dd4489337adab	ddc30d2f9013b371b5c4ec19c0623c91ecc1b2dbdc172ded9002fd238903d09a
ore_ont_12831.owl	ok	match	0.0424	6.88	elc	38a2ba76b4a11fd01f59b97df9cd3d93fc54a9094e1cc87d511aca66989ac102	ddc30d2f9013b371b5c4ec19c0623c91ecc1b2dbdc172ded9002fd238903d09a
ore_ont_12906.owl	ok	match	0.0411	5.94	elc	ccdfc6d626940ef30a9115eff4872649ebcdaae60e4ff9e1d922d38485fb44ad	ddc30d2f9013b371b5c4ec19c0623c91ecc1b2dbdc172ded9002fd238903d09a
ore_ont_13000.owl	ok	match	0.1379	30.82	elc	a2c9fd27be406668497189b64f1f673b22ea55c2266d5417991166ab3fdc6685	ddc30d2f9013b371b5c4ec19c0623c91ecc1b2dbdc172ded9002fd238903d09a
ore_ont_13035.owl	ok	match	0.101	19.06	nominals	26f70e0efde86c6b42ee15c2ddfa83b64a9c6e57fdaf6444414c5f486f355b1c	ddc30d2f9013b371b5c4ec19c0623c91ecc1b2dbdc172ded9002fd238903d09a
ore_ont_13053.owl	ok	match	0.0428	6.56	certified_el_production	8be7de1da407a2951e7d7cd0e99a349f1fefcf747161b09d042d33f84aa7ddd7	ddc30d2f9013b371b5c4ec19c0623c91ecc1b2dbdc172ded9002fd238903d09a
ore_ont_13066.owl	ok	match	0.0412	6.25	certified_el_production	25a9dfe3607834ad90d624672276aede57eaf02784efa544063dd4489337adab	ddc30d2f9013b371b5c4ec19c0623c91ecc1b2dbdc172ded9002fd238903d09a
ore_ont_13071.owl	ok	match	0.7763	86.59	certified_el_production	a198a99650a9b25c5cb6bd92be339eb7987b3e74b77bf4e39cba8bce54ac2fb1	ddc30d2f9013b371b5c4ec19c0623c91ecc1b2dbdc172ded9002fd238903d09a
ore_ont_13113.owl	ok	match	0.1054	31.98	nominals	1bb468cee8017811a155e6f28b61dc9724fb6fd28fbf7f7f557d9bb79d9f8d52	ddc30d2f9013b371b5c4ec19c0623c91ecc1b2dbdc172ded9002fd238903d09a
ore_ont_13132.owl	ok	match	0.0709	9.69	nominals	e13d65dbb5d532c7e775e0356509fb42a69836b7037bb39ba5f07d267d7c0f72	ddc30d2f9013b371b5c4ec19c0623c91ecc1b2dbdc172ded9002fd238903d09a
ore_ont_13141.owl	ok	match	0.0725	17.12	elc	02bedd319c20f293b81cf4c0848009629bdda90e5ca659cfbfeb58bb865f145a	ddc30d2f9013b371b5c4ec19c0623c91ecc1b2dbdc172ded9002fd238903d09a
ore_ont_13204.owl	ok	match	0.0414	6.88	production_all	1c55999654f057fe0eb6fae17bf2b3b0f5598cc5237eb0b2ca0af50a9d673748	ddc30d2f9013b371b5c4ec19c0623c91ecc1b2dbdc172ded9002fd238903d09a
ore_ont_13224.owl	ok	match	3.2599	387.48	elc	a770e5429a6fea4919ca768a672493adacfbe951d6826e06878f1deed93a2545	ddc30d2f9013b371b5c4ec19c0623c91ecc1b2dbdc172ded9002fd238903d09a
ore_ont_13234.owl	ok	match	0.042	6.25	elc	ce0bd8d2bc45f2722c2a72a77559605eeba16b4f38c7df36e978aa1f5c6231a5	ddc30d2f9013b371b5c4ec19c0623c91ecc1b2dbdc172ded9002fd238903d09a
ore_ont_13243.owl	ok	match	0.9532	132.88	elc	522456978803f2cd7797cc242cd5f366fe650452fe3a2511f22e95da21dfd3ee	ddc30d2f9013b371b5c4ec19c0623c91ecc1b2dbdc172ded9002fd238903d09a
ore_ont_13277.owl	ok	match	0.0419	7.5	production_all	65c860516d3ce897e28e1ef7373215a1c131cbf859a877bac5b445beb160e9ac	ddc30d2f9013b371b5c4ec19c0623c91ecc1b2dbdc172ded9002fd238903d09a
ore_ont_13301.owl	ok	match	0.041	5.94	elc	af1f58fdf3560dbb4ee8f7d0f4f112479ef6073b2ae57b79030d0cf470864343	ddc30d2f9013b371b5c4ec19c0623c91ecc1b2dbdc172ded9002fd238903d09a
ore_ont_13355.owl	ok	match	1.2578	78.41	flat_nf1	7a44b3849b6013155767d75119c927d95918dc51e00102349321e8ff49a4b7fc	ddc30d2f9013b371b5c4ec19c0623c91ecc1b2dbdc172ded9002fd238903d09a
ore_ont_13383.owl	ok	match	0.0427	9.69	ht_general	44f33d580b81ffff9b7d87a2b0f1cde4fb6cf3fe7dcc51ab7b120da5c25652a8	ddc30d2f9013b371b5c4ec19c0623c91ecc1b2dbdc172ded9002fd238903d09a
ore_ont_13392.owl	ok	match	0.0414	6.56	certified_el_production	730c48986817f508c95e2a47c17ac5abb52fc24d2a7c7d08c8d9a5f89759cfd6	ddc30d2f9013b371b5c4ec19c0623c91ecc1b2dbdc172ded9002fd238903d09a
ore_ont_13429.owl	ok	match	0.0419	5.94	elc	febfdbf4ffd72b5377678ddc84ec0f53e3ea83c6d463001bb59b1494d64f02e8	ddc30d2f9013b371b5c4ec19c0623c91ecc1b2dbdc172ded9002fd238903d09a
ore_ont_13444.owl	ok	match	0.1058	21.81	ht_bridge	247c4ac30df7d55beb16fc23b0943bd2b6d2bc62e449e40d830370fd846d769a	ddc30d2f9013b371b5c4ec19c0623c91ecc1b2dbdc172ded9002fd238903d09a
ore_ont_13482.owl	ok	match	1.6585	106.1	flat_nf1	25a9dfe3607834ad90d624672276aede57eaf02784efa544063dd4489337adab	ddc30d2f9013b371b5c4ec19c0623c91ecc1b2dbdc172ded9002fd238903d09a
ore_ont_13503.owl	ok	match	0.0423	9.06	certified_nominals	1b8fdf730b9cdce8afed1c69c13e782c6c2dde70c42e5f1d2273dcbdb6b1282b	ddc30d2f9013b371b5c4ec19c0623c91ecc1b2dbdc172ded9002fd238903d09a
ore_ont_13530.owl	ok	match	0.0412	6.56	certified_el_production	6e5b1361a86c93ec1ceeb5272edbfa2c089f06651d99c6e5ffd32a8cb585ddc6	ddc30d2f9013b371b5c4ec19c0623c91ecc1b2dbdc172ded9002fd238903d09a
ore_ont_13578.owl	ok	match	0.0413	9.38	elc	c0a7387438bc9b5659506006706666a5540c33373ad4f8f0fe9a89e9922a00d9	ddc30d2f9013b371b5c4ec19c0623c91ecc1b2dbdc172ded9002fd238903d09a
ore_ont_13621.owl	ok	match	0.2309	60.69	ht_general	f61f9526d186c0af485ce724f10c3e6c794c2bd876f564e8e04b5c195f1806a0	ddc30d2f9013b371b5c4ec19c0623c91ecc1b2dbdc172ded9002fd238903d09a
ore_ont_13643.owl	ok	match	0.0412	5.62	elc	e6a28db50f029843a0a2b347a35bc6d99ef168c042af0b6aaffcf04524def1bc	ddc30d2f9013b371b5c4ec19c0623c91ecc1b2dbdc172ded9002fd238903d09a
ore_ont_13664.owl	ok	match	0.5508	97.04	elc	c46e20fd5257acb674d22a52a7e7d5e9f96e94749f0b0c949f3c445076616481	ddc30d2f9013b371b5c4ec19c0623c91ecc1b2dbdc172ded9002fd238903d09a
ore_ont_13752.owl	ok	match	0.2224	38.38	elc	c9457601ea869b5d7998f65f9653efb7bf953e9b82fec67f27113a36208f993f	ddc30d2f9013b371b5c4ec19c0623c91ecc1b2dbdc172ded9002fd238903d09a
ore_ont_13755.owl	ok	match	0.0727	15.29	elc	6b1945e00a8cb4bdfc5e2e33e163d8de34c7ab1d0dc1d2517212df3700e3805b	ddc30d2f9013b371b5c4ec19c0623c91ecc1b2dbdc172ded9002fd238903d09a
ore_ont_13759.owl	ok	match	0.0426	6.56	certified_el_production	c1944627d8fb4d69c4ec0b6c27c93ad55072e6ab9a4241a356adafe482892657	ddc30d2f9013b371b5c4ec19c0623c91ecc1b2dbdc172ded9002fd238903d09a
ore_ont_13762.owl	ok	match	0.041	8.75	ht_general	834d5a60982e1e532564cb200cbfe49dde2ef31b8a7d6cc1e9e09cd08fb7dd61	ddc30d2f9013b371b5c4ec19c0623c91ecc1b2dbdc172ded9002fd238903d09a
ore_ont_13772.owl	ok	match	0.0421	5.62	certified_el_production	25a9dfe3607834ad90d624672276aede57eaf02784efa544063dd4489337adab	ddc30d2f9013b371b5c4ec19c0623c91ecc1b2dbdc172ded9002fd238903d09a
ore_ont_13840.owl	ok	match	0.1007	18.06	elc	1a76bc2eead4ab2c64afae2e732b4a5ef9f37155917439b00c9518c686bff41c	ddc30d2f9013b371b5c4ec19c0623c91ecc1b2dbdc172ded9002fd238903d09a
ore_ont_13852.owl	ok	match	0.1664	27.43	elc	2e3d43d2ccdef95965bb116db6a147ac1c9436689d91642fdc0a0ae516665943	ddc30d2f9013b371b5c4ec19c0623c91ecc1b2dbdc172ded9002fd238903d09a
ore_ont_13887.owl	ok	match	0.0473	6.56	certified_el_production	7d50171db15ecaab15bff2a8f8cd738024aa3139b61332e80c2e122a182ecc3e	ddc30d2f9013b371b5c4ec19c0623c91ecc1b2dbdc172ded9002fd238903d09a
ore_ont_13902.owl	ok	match	0.1046	4.38	flat_nf1	25a9dfe3607834ad90d624672276aede57eaf02784efa544063dd4489337adab	ddc30d2f9013b371b5c4ec19c0623c91ecc1b2dbdc172ded9002fd238903d09a
ore_ont_13912.owl	ok	match	0.0413	7.81	nominals	3c48c283d1292f55fe67383942d35be768499f1f96e83f0adf812c000ac3b9dd	ddc30d2f9013b371b5c4ec19c0623c91ecc1b2dbdc172ded9002fd238903d09a
ore_ont_13964.owl	ok	match	0.0425	3.75	flat_nf1	25a9dfe3607834ad90d624672276aede57eaf02784efa544063dd4489337adab	ddc30d2f9013b371b5c4ec19c0623c91ecc1b2dbdc172ded9002fd238903d09a
ore_ont_13969.owl	ok	match	1.7241	200.95	elc	df5204236b942809dc9fff216bc1a3ccf523cc361d1cb9ca2a12b36456249647	ddc30d2f9013b371b5c4ec19c0623c91ecc1b2dbdc172ded9002fd238903d09a
ore_ont_14027.owl	ok	match	0.1325	28.44	elc	e89ac3a69a1ca7c8e4b2c50fffb92e958ce6cfa6aedbd9a5f449895c592d5e48	ddc30d2f9013b371b5c4ec19c0623c91ecc1b2dbdc172ded9002fd238903d09a
ore_ont_14031.owl	ok	match	0.0412	10.88	elc	41ecf9621a1cc6d1dda13476959ce98ef12d1f97090b407e8a0b5b4d2d35d1dd	ddc30d2f9013b371b5c4ec19c0623c91ecc1b2dbdc172ded9002fd238903d09a
ore_ont_14042.owl	ok	match	1.3311	120.32	flat_nf1	5f730ffc22a0828f94eb0bcfe5c366774eb965dcb577c9b64e14c9552f2e86e9	ddc30d2f9013b371b5c4ec19c0623c91ecc1b2dbdc172ded9002fd238903d09a
ore_ont_14123.owl	ok	match	0.0426	9.06	elc	8b7f9bcf47a17d494df882683f019686ed295e909c0d80b7e4bcb0a306b16245	ddc30d2f9013b371b5c4ec19c0623c91ecc1b2dbdc172ded9002fd238903d09a
ore_ont_14153.owl	ok	match	0.0417	11.18	certified_el_production	11b062554512b7dc5030652d6359a4637466330cb93b1acbbe25eb81e28b7efc	ddc30d2f9013b371b5c4ec19c0623c91ecc1b2dbdc172ded9002fd238903d09a
ore_ont_14194.owl	ok	match	0.2364	58.25	ht_general	c134da9d8e936c4f86bdfba991620153f1a4e471154011b9e333b0324ac35da5	ddc30d2f9013b371b5c4ec19c0623c91ecc1b2dbdc172ded9002fd238903d09a
ore_ont_14216.owl	ok	match	0.3831	27.95	flat_nf1	25a9dfe3607834ad90d624672276aede57eaf02784efa544063dd4489337adab	ddc30d2f9013b371b5c4ec19c0623c91ecc1b2dbdc172ded9002fd238903d09a
ore_ont_14273.owl	ok	match	0.0423	5.0	certified_el_production	25a9dfe3607834ad90d624672276aede57eaf02784efa544063dd4489337adab	ddc30d2f9013b371b5c4ec19c0623c91ecc1b2dbdc172ded9002fd238903d09a
ore_ont_14280.owl	ok	match	0.166	33.78	elc	dcc934c8bc158452fb1f4d5590d9555e693e5417a6b0cf76f28a01fde9f4385a	ddc30d2f9013b371b5c4ec19c0623c91ecc1b2dbdc172ded9002fd238903d09a
ore_ont_14312.owl	ok	match	1.541	195.75	certified_el_production	13aed4f22b7932a454821bd5bd3c1d9354fc69f7586b2bf3b2cb445a461a59b3	ddc30d2f9013b371b5c4ec19c0623c91ecc1b2dbdc172ded9002fd238903d09a
ore_ont_14327.owl	ok	match	0.0418	6.88	certified_el_production	70171f4a81f01a33cbc8852ca47a0155893039a6f390b7a5780a71655b53800e	ddc30d2f9013b371b5c4ec19c0623c91ecc1b2dbdc172ded9002fd238903d09a
ore_ont_14375.owl	ok	match	0.1994	52.28	cb_absorb8	2829f8183f13c0ca7bea6def45b269984c62055471f3a226dbbb625743470655	ddc30d2f9013b371b5c4ec19c0623c91ecc1b2dbdc172ded9002fd238903d09a
ore_ont_14450.owl	ok	match	0.2867	116.01	certified_nominals	d0c67792f15f1d3adee5ff277de2c7511d08474189203320bab5c30dafe21fcc	ddc30d2f9013b371b5c4ec19c0623c91ecc1b2dbdc172ded9002fd238903d09a
ore_ont_14459.owl	ok	match	4.0706	215.23	flat_nf1	cd04b420623e015a2c262189ae87da5f5712179d720dbc20e6ea4609e7615f41	ddc30d2f9013b371b5c4ec19c0623c91ecc1b2dbdc172ded9002fd238903d09a
ore_ont_14499.owl	ok	match	0.1025	25.87	certified_el_production	ac49106e1451d9853d2cb9d7a85693b96e5379e58a9cbe8d8dd6b8786b979d2a	ddc30d2f9013b371b5c4ec19c0623c91ecc1b2dbdc172ded9002fd238903d09a
ore_ont_14508.owl	ok	match	0.0708	3.75	flat_nf1	25a9dfe3607834ad90d624672276aede57eaf02784efa544063dd4489337adab	ddc30d2f9013b371b5c4ec19c0623c91ecc1b2dbdc172ded9002fd238903d09a
ore_ont_14518.owl	ok	match	0.0426	7.19	certified_el_production	3b4f8d3811e4bc8dd83d2498f6d1f68ddddde4834c99449996bbbe92ebfba5ec	ddc30d2f9013b371b5c4ec19c0623c91ecc1b2dbdc172ded9002fd238903d09a
ore_ont_14543.owl	ok	match	0.6056	86.47	elc	3d69cceb509ef6af3ff22cd2eea4b2d20cf4a261c48c0f2e4ea786582fa9b4f6	ddc30d2f9013b371b5c4ec19c0623c91ecc1b2dbdc172ded9002fd238903d09a
ore_ont_14574.owl	ok	match	0.1903	30.48	production_all	493d5b8d2bad1ba4b0a417ba87c4b0cdb31b917cac6c8c521b50eccf50dcb35f	ddc30d2f9013b371b5c4ec19c0623c91ecc1b2dbdc172ded9002fd238903d09a
ore_ont_14587.owl	ok	match	0.136	26.38	elc	430efd311cd4e4530c704f7a881a2634d8ba24a2d2eb44f99858bfa90650c8c4	ddc30d2f9013b371b5c4ec19c0623c91ecc1b2dbdc172ded9002fd238903d09a
ore_ont_14607.owl	ok	match	0.8659	12.74	flat_nf1	25a9dfe3607834ad90d624672276aede57eaf02784efa544063dd4489337adab	ddc30d2f9013b371b5c4ec19c0623c91ecc1b2dbdc172ded9002fd238903d09a
ore_ont_14817.owl	ok	match	56.0366	6976.99	production_all	3c43822a005baa536d47079eac973ab6247dd54adace4643ac119bc74757445d	ddc30d2f9013b371b5c4ec19c0623c91ecc1b2dbdc172ded9002fd238903d09a
ore_ont_14826.owl	ok	match	0.0432	7.5	certified_el_production	0d117ce09c0ab3b0861b3c524719fe2a4f3143a0fc90124355a18e12028726b3	ddc30d2f9013b371b5c4ec19c0623c91ecc1b2dbdc172ded9002fd238903d09a
ore_ont_14840.owl	ok	match	0.0385	9.38	elc	11b062554512b7dc5030652d6359a4637466330cb93b1acbbe25eb81e28b7efc	ddc30d2f9013b371b5c4ec19c0623c91ecc1b2dbdc172ded9002fd238903d09a
ore_ont_14848.owl	ok	match	0.0428	8.44	certified_nominals	35ad616fd48312b83ed0327765383c7b7087019ec32aa6778e7b85eed5448fb2	ddc30d2f9013b371b5c4ec19c0623c91ecc1b2dbdc172ded9002fd238903d09a
ore_ont_14896.owl	ok	match	0.1934	59.31	ht_general	6d9285aae0ab89479bc2db0d99b396d87044ea4f1baa33c4edc5fc5410681760	ddc30d2f9013b371b5c4ec19c0623c91ecc1b2dbdc172ded9002fd238903d09a
ore_ont_14901.owl	ok	match	0.039	8.12	certified_el_production	a6209a6c16fcc7a056b4afd3a9a3d62114a67dfd76f674aac2f616d7cc0276df	ddc30d2f9013b371b5c4ec19c0623c91ecc1b2dbdc172ded9002fd238903d09a
ore_ont_14926.owl	ok	match	0.0411	5.62	elc	77665b11fb7d2370101eb7b65e132de7967c9239a51a1eb0bb9769f5c6e0b389	ddc30d2f9013b371b5c4ec19c0623c91ecc1b2dbdc172ded9002fd238903d09a
ore_ont_14934.owl	ok	match	0.6813	110.08	elc	67f8b56d7977547b096eb1abae5ff30988653d703a4e8c27f8d543b13e3f6b3c	ddc30d2f9013b371b5c4ec19c0623c91ecc1b2dbdc172ded9002fd238903d09a
ore_ont_15059.owl	ok	match	3.517	70.68	flat_nf1	25a9dfe3607834ad90d624672276aede57eaf02784efa544063dd4489337adab	ddc30d2f9013b371b5c4ec19c0623c91ecc1b2dbdc172ded9002fd238903d09a
ore_ont_15068.owl	ok	match	0.0425	6.25	elc	e60aee98e44662ce73579fe6f10aaf0c4197f6297c8c7a2dc96229a68000cec5	ddc30d2f9013b371b5c4ec19c0623c91ecc1b2dbdc172ded9002fd238903d09a
ore_ont_15098.owl	ok	match	0.07	19.0	certified_el_production	97c1355b707518660b4d88edeaafbedba4ed48ded26a8a6750b5b9dbbdc0c0d3	ddc30d2f9013b371b5c4ec19c0623c91ecc1b2dbdc172ded9002fd238903d09a
ore_ont_15099.owl	ok	match	0.0716	3.75	flat_nf1	25a9dfe3607834ad90d624672276aede57eaf02784efa544063dd4489337adab	ddc30d2f9013b371b5c4ec19c0623c91ecc1b2dbdc172ded9002fd238903d09a
ore_ont_15145.owl	ok	match	0.0425	5.94	elc	d35d49ee77e0944bb615970957f86b0e59c29c32cb004f5b780cad04a884d820	ddc30d2f9013b371b5c4ec19c0623c91ecc1b2dbdc172ded9002fd238903d09a
ore_ont_15152.owl	ok	match	0.2046	58.23	ht_bridge	2e77cd8b86b16a814046b32b0f6aac24408a4720f8c85b5e70064714d044ab4e	ddc30d2f9013b371b5c4ec19c0623c91ecc1b2dbdc172ded9002fd238903d09a
ore_ont_15172.owl	ok	match	0.2538	57.0	elc	cfe1d126a72a80da87f532b5b612cb038a9842ba2da3b976a42210dd64dc309f	ddc30d2f9013b371b5c4ec19c0623c91ecc1b2dbdc172ded9002fd238903d09a
ore_ont_15178.owl	ok	match	0.2454	63.4	elc	25a9dfe3607834ad90d624672276aede57eaf02784efa544063dd4489337adab	ddc30d2f9013b371b5c4ec19c0623c91ecc1b2dbdc172ded9002fd238903d09a
ore_ont_15222.owl	ok	match	0.1049	21.27	elc	5c6f359604affee99507cdd750dbbfc794e267be366dbb2e28d23195585173fc	ddc30d2f9013b371b5c4ec19c0623c91ecc1b2dbdc172ded9002fd238903d09a
ore_ont_15231.owl	ok	match	0.0417	6.88	elc	759bbfe0aa99baef0b44c0a355a8bdb04c1e1567df8276657a8f110eaa63b0da	ddc30d2f9013b371b5c4ec19c0623c91ecc1b2dbdc172ded9002fd238903d09a
ore_ont_15260.owl	ok	match	0.1993	36.43	elc	aff02089bd790afb61c697a9cd6479412f059bcfc0280ebe620fbf4f9db6f74e	ddc30d2f9013b371b5c4ec19c0623c91ecc1b2dbdc172ded9002fd238903d09a
ore_ont_15280.owl	ok	match	1.467	104.43	flat_nf1	25a9dfe3607834ad90d624672276aede57eaf02784efa544063dd4489337adab	ddc30d2f9013b371b5c4ec19c0623c91ecc1b2dbdc172ded9002fd238903d09a
ore_ont_15288.owl	ok	match	0.1026	23.73	nominals	3c48c283d1292f55fe67383942d35be768499f1f96e83f0adf812c000ac3b9dd	ddc30d2f9013b371b5c4ec19c0623c91ecc1b2dbdc172ded9002fd238903d09a
ore_ont_15292.owl	ok	match	0.0421	10.56	elc	29a150755fb749ce18438b66bc2251caf3830ac42a72a55b5f9f80354d7d7a36	ddc30d2f9013b371b5c4ec19c0623c91ecc1b2dbdc172ded9002fd238903d09a
ore_ont_15341.owl	ok	match	0.1047	18.06	elc	1a76bc2eead4ab2c64afae2e732b4a5ef9f37155917439b00c9518c686bff41c	ddc30d2f9013b371b5c4ec19c0623c91ecc1b2dbdc172ded9002fd238903d09a
ore_ont_15388.owl	ok	match	0.7434	92.18	elc	758db59f0d87ce5cce6675d9c29e821c914f18a5c6441c409b4e99b59fda8a32	ddc30d2f9013b371b5c4ec19c0623c91ecc1b2dbdc172ded9002fd238903d09a
ore_ont_15397.owl	ok	match	0.0437	7.81	elc	d9e64c782f6e64d0320ccc7d671e028934cbea67e33feb8d416ea7ff796713cd	ddc30d2f9013b371b5c4ec19c0623c91ecc1b2dbdc172ded9002fd238903d09a
ore_ont_15399.owl	ok	match	0.0425	7.81	production_all	efda811e1d6e9ea5f0db4e624fb6396525b8b8062b2425db6e4d09050f5b1c17	ddc30d2f9013b371b5c4ec19c0623c91ecc1b2dbdc172ded9002fd238903d09a
ore_ont_15461.owl	ok	match	0.0429	9.38	certified_nominals	ee5f8cc3794b0475358c736d5f6fd8de147908ad3b71ce2191a8db616177f5ec	ddc30d2f9013b371b5c4ec19c0623c91ecc1b2dbdc172ded9002fd238903d09a
ore_ont_15491.owl	ok	match	1.7727	1112.21	production_all	97a59d7571fc801275294d5b4946c729e77ce8827ae172f37860dd37c725b499	ddc30d2f9013b371b5c4ec19c0623c91ecc1b2dbdc172ded9002fd238903d09a
ore_ont_15516.owl	ok	consistency_mismatch	0.1651	25.07	ht_rules	3c48c283d1292f55fe67383942d35be768499f1f96e83f0adf812c000ac3b9dd	ddc30d2f9013b371b5c4ec19c0623c91ecc1b2dbdc172ded9002fd238903d09a
ore_ont_15536.owl	ok	match	0.1643	45.45	cb_absorb8	e1fbeb7aeb67310ff49d0f3581a15226962810239795d8c96bfc061bc5fb9f8d	ddc30d2f9013b371b5c4ec19c0623c91ecc1b2dbdc172ded9002fd238903d09a
ore_ont_15576.owl	ok	match	0.0389	6.25	elc	695d45a2b96d972126076a53cdec4cb9ad18c89b74acb7d7a37b2f4dc6d86945	ddc30d2f9013b371b5c4ec19c0623c91ecc1b2dbdc172ded9002fd238903d09a
ore_ont_15615.owl	ok	match	0.4801	282.29	nominals	838b8129e87b7cee048f7a2d220cbba48c95cc9e8202758908e2abe4d31270c0	ddc30d2f9013b371b5c4ec19c0623c91ecc1b2dbdc172ded9002fd238903d09a
ore_ont_15672.owl	ok	match	0.1006	21.56	ht_bridge	ac6f352d8affdb9102cfb99509c6f3684aa1b181c29845ac98780d1b07e3b131	ddc30d2f9013b371b5c4ec19c0623c91ecc1b2dbdc172ded9002fd238903d09a
ore_ont_15696.owl	ok	match	2.1768	253.93	elc	c970dcfadfa3044c7e64c2d304534d117c73227fe514292dc5714b298b8b3ea7	ddc30d2f9013b371b5c4ec19c0623c91ecc1b2dbdc172ded9002fd238903d09a
ore_ont_15703.owl	ok	match	3.0127	53.41	flat_nf1	090129a7fbaa14652ada3408dd1f160e7dd4a09a3502cc3323d8dad734e8893a	ddc30d2f9013b371b5c4ec19c0623c91ecc1b2dbdc172ded9002fd238903d09a
ore_ont_15725.owl	ok	match	0.2563	96.05	cb_absorb8	42436eeb45b30ea78e04c949ee44ed2b01fd517c889e603da4aa5afe491dbba3	ddc30d2f9013b371b5c4ec19c0623c91ecc1b2dbdc172ded9002fd238903d09a
ore_ont_15790.owl	ok	match	0.3223	65.18	elc	a98baf2805a78f76f0ada62cba4ff6ba0f2074ab456c1358f173d00b9cdcf687	ddc30d2f9013b371b5c4ec19c0623c91ecc1b2dbdc172ded9002fd238903d09a
ore_ont_15791.owl	ok	match	0.1643	42.99	certified_el_production	400f7d33417064a47481356d944fc2a18d4464daaccc300744d15445d18267a9	ddc30d2f9013b371b5c4ec19c0623c91ecc1b2dbdc172ded9002fd238903d09a
ore_ont_15793.owl	ok	match	0.1953	50.93	elc	25a9dfe3607834ad90d624672276aede57eaf02784efa544063dd4489337adab	ddc30d2f9013b371b5c4ec19c0623c91ecc1b2dbdc172ded9002fd238903d09a
ore_ont_15803.owl	ok	match	1.5355	111.85	flat_nf1	b2a4da940996565b8ddac8c21ce38392192c271087965a80ba09c8826f2ee654	ddc30d2f9013b371b5c4ec19c0623c91ecc1b2dbdc172ded9002fd238903d09a
ore_ont_15846.owl	ok	match	9.716	530.18	ht_general	ac1340ed5caad4831da799f8842d2893e8d9f310dce3d084390affed2072a4a6	ddc30d2f9013b371b5c4ec19c0623c91ecc1b2dbdc172ded9002fd238903d09a
ore_ont_15860.owl	ok	match	0.0426	10.56	elc	c173c953ba6ebb32391cc93132739e108a31bcfc0eecb2b364122804641facc1	ddc30d2f9013b371b5c4ec19c0623c91ecc1b2dbdc172ded9002fd238903d09a
ore_ont_15882.owl	ok	match	0.0425	5.94	elc	46a256fa20fee1a424bd74f6c769b7069c857a56526bebf219f8a1ea5970d413	ddc30d2f9013b371b5c4ec19c0623c91ecc1b2dbdc172ded9002fd238903d09a
ore_ont_15917.owl	ok	match	0.101	17.82	elc	b18821800ab66df564954fe1f8f0215e5a18ab26bb84b658dad00ecef50d8d43	ddc30d2f9013b371b5c4ec19c0623c91ecc1b2dbdc172ded9002fd238903d09a
ore_ont_15929.owl	ok	match	1.3752	260.77	elc	f0c432fee3845eb4ee0944c812ab0cadbbb8b96ea3184fcfff116504553d20e6	ddc30d2f9013b371b5c4ec19c0623c91ecc1b2dbdc172ded9002fd238903d09a
ore_ont_15932.owl	ok	match	0.1032	17.07	elc	25a9dfe3607834ad90d624672276aede57eaf02784efa544063dd4489337adab	ddc30d2f9013b371b5c4ec19c0623c91ecc1b2dbdc172ded9002fd238903d09a
ore_ont_15944.owl	ok	match	0.0991	17.61	elc	a89fcaec0acf48929b811ad17b0a59dae35e6000e3da2a3eb5a38face70b89f0	ddc30d2f9013b371b5c4ec19c0623c91ecc1b2dbdc172ded9002fd238903d09a
ore_ont_15950.owl	ok	match	0.0438	9.62	elc	d15b70278a4cfa2cbedf2764cb9add0f0a8634cfe957ddc2861c637639bcbf80	ddc30d2f9013b371b5c4ec19c0623c91ecc1b2dbdc172ded9002fd238903d09a
ore_ont_15968.owl	ok	match	0.0685	15.63	elc	6db6d583cbef219dfd43cf09b0d4d10c48a2e452b5fa3a3192d1e43164b71ad8	ddc30d2f9013b371b5c4ec19c0623c91ecc1b2dbdc172ded9002fd238903d09a
ore_ont_15976.owl	ok	match	3.6515	344.13	elc	51a1a9f58e3876db3d650ffc837f1b17a593f96e8186123ad3a7be4ebae90ce2	ddc30d2f9013b371b5c4ec19c0623c91ecc1b2dbdc172ded9002fd238903d09a
ore_ont_15985.owl	ok	match	0.0416	8.12	elc	ca24600a6333d4f0b50ddb653421567ea0b628924690df4d658227e0b57116ca	ddc30d2f9013b371b5c4ec19c0623c91ecc1b2dbdc172ded9002fd238903d09a
ore_ont_16008.owl	ok	match	3.9012	189.78	flat_nf1	a63271e4eaa00aee100894f5b327640ee71188051dabf76b2db3966ee97c7300	ddc30d2f9013b371b5c4ec19c0623c91ecc1b2dbdc172ded9002fd238903d09a
ore_ont_16076.owl	ok	match	0.044	6.88	certified_el_production	f5bc89bf3be32e4581fd4c79c458b48416e36f89c736035abe746f5a9a8f202b	ddc30d2f9013b371b5c4ec19c0623c91ecc1b2dbdc172ded9002fd238903d09a
ore_ont_16114.owl	ok	match	0.1787	31.94	elc	1ad425b38518f1b34809c5bac5e48a3852f6537a4b67a386e7738d65bbabfbd1	ddc30d2f9013b371b5c4ec19c0623c91ecc1b2dbdc172ded9002fd238903d09a
ore_ont_16167.owl	ok	match	0.0423	9.82	production_all	b7265f5d9eb0fb65cc91f6a0c66536106a10cfb80bfd5e9a3089fc4912cc1685	ddc30d2f9013b371b5c4ec19c0623c91ecc1b2dbdc172ded9002fd238903d09a
ore_ont_16299.owl	ok	match	0.193	35.25	production_all	79a3357bf88132434ab6f17359e8423fd8e267d9cd8f284a69f83811a81c5534	ddc30d2f9013b371b5c4ec19c0623c91ecc1b2dbdc172ded9002fd238903d09a
ore_ont_16303.owl	ok	match	1.6314	819.48	certified_nominals	34fe02a636bad19ca47c10bc915fa2e13b8985ab465f1950e8e9ac37e8c5cec4	ddc30d2f9013b371b5c4ec19c0623c91ecc1b2dbdc172ded9002fd238903d09a
ore_ont_16312.owl	ok	match	0.039	7.81	elc	211b0f09c916f799fa9e5d415686048201528f845fe8c51344875b641012c3bb	ddc30d2f9013b371b5c4ec19c0623c91ecc1b2dbdc172ded9002fd238903d09a
ore_ont_16351.owl	ok	match	0.0428	7.19	production_all	089285c14961a28c3295b6109e4770cd940be7585d1707cf11d856a9a3d8fbfb	ddc30d2f9013b371b5c4ec19c0623c91ecc1b2dbdc172ded9002fd238903d09a
ore_ont_16444.owl	ok	match	7.3935	1848.12	production_all	5109eb2f46fdb186066ec88a1337c6a825792132ceb7c8da24bf726151dc8266	ddc30d2f9013b371b5c4ec19c0623c91ecc1b2dbdc172ded9002fd238903d09a
ore_ont_16461.owl	ok	match	0.0423	11.56	ht_bridge	0af6a1d628529a9a1d42c72379974169f6b2c6bcb60f707f8219c3729daff0ad	ddc30d2f9013b371b5c4ec19c0623c91ecc1b2dbdc172ded9002fd238903d09a
ore_ont_16462.owl	ok	match	10.2202	2079.17	nominals	9109e440a0fde12e5608bff89f0f251b2a2e18c60bc08c6f8e52778c3871d19b	ddc30d2f9013b371b5c4ec19c0623c91ecc1b2dbdc172ded9002fd238903d09a
ore_ont_16501.owl	ok	match	0.0421	7.19	certified_el_production	1b5b8a3dfbee869f5bef037fc0ebcf0443e1c450ce39e644ac98a8bddb061619	ddc30d2f9013b371b5c4ec19c0623c91ecc1b2dbdc172ded9002fd238903d09a
ore_ont_16558.owl	ok	match	0.0711	18.32	elc	a89fcaec0acf48929b811ad17b0a59dae35e6000e3da2a3eb5a38face70b89f0	ddc30d2f9013b371b5c4ec19c0623c91ecc1b2dbdc172ded9002fd238903d09a
ore_ont_16559.owl	ok	match	0.0733	3.75	flat_nf1	25a9dfe3607834ad90d624672276aede57eaf02784efa544063dd4489337adab	ddc30d2f9013b371b5c4ec19c0623c91ecc1b2dbdc172ded9002fd238903d09a
ore_ont_16596.owl	ok	match	4.6765	360.03	elc	59fe2ee75b8ea859b8dadcc4715d8591b3f1b41c2880e673b3a24ec9613a267c	ddc30d2f9013b371b5c4ec19c0623c91ecc1b2dbdc172ded9002fd238903d09a
ore_ont_16619.owl	ok	match	0.2613	48.06	elc	fb177a37c99251f771c426c2b969026f3a1e8efffc7fb30336b4543b014707e2	ddc30d2f9013b371b5c4ec19c0623c91ecc1b2dbdc172ded9002fd238903d09a
ore_ont_16626.owl	ok	match	0.0425	6.25	certified_el_production	4c0fc61e706201f24a9b90a90645e46f89e292aebc1411ae5d428a2aeb00fc90	ddc30d2f9013b371b5c4ec19c0623c91ecc1b2dbdc172ded9002fd238903d09a
ore_ont_16684.owl	ok	match	0.0758	4.69	flat_nf1	25a9dfe3607834ad90d624672276aede57eaf02784efa544063dd4489337adab	ddc30d2f9013b371b5c4ec19c0623c91ecc1b2dbdc172ded9002fd238903d09a
ore_ont_16687.owl	ok	match	0.4464	80.38	elc	065e1e1457ce47b8ce09b524443d73adc155d2d40d1a6303dec535d74378c086	ddc30d2f9013b371b5c4ec19c0623c91ecc1b2dbdc172ded9002fd238903d09a
ore_ont_16730.owl	ok	match	0.0427	6.25	elc	a387245df155c38805c9fb5860713f05c5747dcc66cb68aeed3f348cce01ed68	ddc30d2f9013b371b5c4ec19c0623c91ecc1b2dbdc172ded9002fd238903d09a
ore_ont_16744.owl	ok	match	10.5932	68.63	flat_nf1	25a9dfe3607834ad90d624672276aede57eaf02784efa544063dd4489337adab	ddc30d2f9013b371b5c4ec19c0623c91ecc1b2dbdc172ded9002fd238903d09a
ore_ont_16777.owl	ok	match	0.041	5.94	certified_el_production	25a9dfe3607834ad90d624672276aede57eaf02784efa544063dd4489337adab	ddc30d2f9013b371b5c4ec19c0623c91ecc1b2dbdc172ded9002fd238903d09a
ore_ont_16821.owl	ok	match	0.043	7.19	elc	1a2026b1f210fee29abcf425160d81ab1f0edef058aec0379f8dbf0b3bce7cc2	ddc30d2f9013b371b5c4ec19c0623c91ecc1b2dbdc172ded9002fd238903d09a
