ontology	index	status	verdict	solved	selected_route	wall_s	peak_mb	binary_sha256	signature_sha256	correctness_basis	slurm_job_id
ore_ont_33.owl	0	ok	match	true	production_all	0.3014	36.38	94077acb317cd5bafbd47d0ddce3ef1d693b52ba8998f1418df5d4247e05155e	c547c598ede2b73339e49f4c1e805d2cdb9eacf5916e6a87169653fea88bad2d		50045603
ore_ont_105.owl	1	ok	match	true	production_all	0.0388	6.56	94077acb317cd5bafbd47d0ddce3ef1d693b52ba8998f1418df5d4247e05155e	b87db53f167df5a69d109d90740cadf2bb2c27635e9496a86f454e4838ed8728		50045604
ore_ont_148.owl	2	ok	match	true	nominals	10.2766	1628.65	94077acb317cd5bafbd47d0ddce3ef1d693b52ba8998f1418df5d4247e05155e	10ef79ea10318d5197169737fc59d7d5771162a452a2e4e1a74a7a0ca880d944		50045605
ore_ont_178.owl	3	ok	match	true	nominals	0.1002	36.44	94077acb317cd5bafbd47d0ddce3ef1d693b52ba8998f1418df5d4247e05155e	e6e4ebc5a09a391d077e5e5a30b88abe563b2c13b222f6bab8cdf1aecbf50e0a		50045606
ore_ont_258.owl	4	ok	match	true	production_all	0.0403	7.19	94077acb317cd5bafbd47d0ddce3ef1d693b52ba8998f1418df5d4247e05155e	9579a5c955be86249c9f139f96cfae0fc4ab29399e898cd12d2c769e74e464c9		50045607
ore_ont_269.owl	5	ok	match	true	production_all	2.2422	566.91	94077acb317cd5bafbd47d0ddce3ef1d693b52ba8998f1418df5d4247e05155e	25a9dfe3607834ad90d624672276aede57eaf02784efa544063dd4489337adab		50045608
ore_ont_338.owl	6	ok	match	true	production_all	0.0411	8.44	94077acb317cd5bafbd47d0ddce3ef1d693b52ba8998f1418df5d4247e05155e	b745bb36702b9861d79f297df70982109814a0a5c5579b2af04f4fd748403746		50045617
ore_ont_380.owl	7	ok	match	true	production_all	0.0702	11.47	94077acb317cd5bafbd47d0ddce3ef1d693b52ba8998f1418df5d4247e05155e	55086452e6fa037ae88e22f05bf4fd7fae44c534fc7dbcf65691946962e0e202		50045618
ore_ont_394.owl	8	ok	match	true	nominals	0.0987	30.8	94077acb317cd5bafbd47d0ddce3ef1d693b52ba8998f1418df5d4247e05155e	b0b77ecd4bd6ae54580d015e3168dae58e0dd9cd80f64ecebf29d2fa2dfe5c02		50045619
ore_ont_412.owl	9	ok	match	true	production_all	0.0987	15.66	94077acb317cd5bafbd47d0ddce3ef1d693b52ba8998f1418df5d4247e05155e	9e482716a302992d30f7afcb71c473594584992bd4a9032ace1f005c460987da		50045622
ore_ont_443.owl	10	ok	match	true	nominals	0.0948	23.52	94077acb317cd5bafbd47d0ddce3ef1d693b52ba8998f1418df5d4247e05155e	3c48c283d1292f55fe67383942d35be768499f1f96e83f0adf812c000ac3b9dd		50045623
ore_ont_457.owl	11	ok	match	true	production_all	0.07	14.38	94077acb317cd5bafbd47d0ddce3ef1d693b52ba8998f1418df5d4247e05155e	21d873c690e1f8ddd85fb557aa6ccd2dec40902830769885cb340d5889bd1b06		50045624
ore_ont_508.owl	12	ok	match	true	production_all	0.041	8.12	94077acb317cd5bafbd47d0ddce3ef1d693b52ba8998f1418df5d4247e05155e	3847724c9e9e2a9fcf6c97fe0e5fdbe9cb10a1957f3521806480ac5f21de5f1f		50045625
ore_ont_541.owl	13	ok	match	true	production_all	0.1807	49.48	94077acb317cd5bafbd47d0ddce3ef1d693b52ba8998f1418df5d4247e05155e	c20d3724284bad20c79b64470da7d1a176fa34e92aa993fed54799a9bdbfb82e		50045626
ore_ont_544.owl	14	ok	match	true	production_all	0.1269	19.38	94077acb317cd5bafbd47d0ddce3ef1d693b52ba8998f1418df5d4247e05155e	fae1e3e632c54b1c5a0b1de39cd2907984c5cb7cb41be063ba05dc1a00470694		50045627
ore_ont_566.owl	15	ok	match	true	production_all	0.0697	11.54	94077acb317cd5bafbd47d0ddce3ef1d693b52ba8998f1418df5d4247e05155e	3460573f3c96cde1f3769168bd13a417b28ed1b271986165c4ea3a4bb63652c7		50045628
ore_ont_637.owl	16	ok	match	true	production_all	0.0401	8.44	94077acb317cd5bafbd47d0ddce3ef1d693b52ba8998f1418df5d4247e05155e	cb49a9ec460d5f3888d3d2416aa7ce8ddb9ce0c3057009d3ae037567be23d277		50045631
ore_ont_670.owl	17	ok	match	true	production_all	0.0696	11.8	94077acb317cd5bafbd47d0ddce3ef1d693b52ba8998f1418df5d4247e05155e	73ed44f501a16b10e3fc47bfe462789376f5337a258b8d668544d0fd82f3e07d		50045632
ore_ont_703.owl	18	ok	match	true	production_all	0.0402	8.75	94077acb317cd5bafbd47d0ddce3ef1d693b52ba8998f1418df5d4247e05155e	3fab48d1d70f73e046aaa7fc045b757147a895eb288a037e3d7e7a4cc9218923		50045633
ore_ont_725.owl	19	ok	match	true	production_all	0.0689	11.76	94077acb317cd5bafbd47d0ddce3ef1d693b52ba8998f1418df5d4247e05155e	bcb36636c59fa3d9c804c5fe45671d1ec6012c5afabc66a6209c1ece82e576f7		50045636
ore_ont_795.owl	20	ok	match	true	production_all	5.6556	1185.54	94077acb317cd5bafbd47d0ddce3ef1d693b52ba8998f1418df5d4247e05155e	46bc86a218926fba754a544edfbd189e4985f4d1588bb590b4e7d16e7bf425b8		50045637
ore_ont_840.owl	21	ok	match	true	production_all	2.0129	416.75	94077acb317cd5bafbd47d0ddce3ef1d693b52ba8998f1418df5d4247e05155e	3d88d25973c176a4c55bedc4af8b0111afbdde3b792af73c4c86386e94dad4a9		50045638
ore_ont_868.owl	22	ok	match	true	production_all	43.987	2858.64	94077acb317cd5bafbd47d0ddce3ef1d693b52ba8998f1418df5d4247e05155e	be6be6663ffd9721606bf3cb61308789c55c28ffbe8d4ba2d85d0ee60b7fcc0f		50045639
ore_ont_869.owl	23	ok	match	true	production_all	0.0978	14.6	94077acb317cd5bafbd47d0ddce3ef1d693b52ba8998f1418df5d4247e05155e	786a9d5011c8dfe4b3b537254d4949946a4aa2a65bfa7246ecbbc5816ec89823		50045641
ore_ont_935.owl	24	ok	match	true	production_all	0.6239	55.41	94077acb317cd5bafbd47d0ddce3ef1d693b52ba8998f1418df5d4247e05155e	e28734d416a55cc903d9b1d299be79e05763691b27185934a94a42f59524be2e		50045643
ore_ont_947.owl	25	ok	match	true	production_all	0.3957	45.0	94077acb317cd5bafbd47d0ddce3ef1d693b52ba8998f1418df5d4247e05155e	04edb515f2bfe70c8381f2886402201b30947dfedb48f69eccfab4275f8d9baf		50045659
ore_ont_960.owl	26	ok	match	true	nominals	1.3534	813.41	94077acb317cd5bafbd47d0ddce3ef1d693b52ba8998f1418df5d4247e05155e	f4cfde7f23bbb2df47ece80129e120bd127df90b2793cfc5fe5bfe924b0bad33		50045660
ore_ont_964.owl	27	ok	match	true	production_all	0.3948	51.92	94077acb317cd5bafbd47d0ddce3ef1d693b52ba8998f1418df5d4247e05155e	bf71a4cbd9ebf8173477e14cd8e902174c692fbfe824487fc5f22119a63f5500		50045661
ore_ont_1012.owl	28	ok	match	true	production_all	61.9522	6208.53	94077acb317cd5bafbd47d0ddce3ef1d693b52ba8998f1418df5d4247e05155e	25a9dfe3607834ad90d624672276aede57eaf02784efa544063dd4489337adab		50045662
ore_ont_1016.owl	29	ok	match	true	production_all	1.1439	673.02	94077acb317cd5bafbd47d0ddce3ef1d693b52ba8998f1418df5d4247e05155e	4761511ebdff1db0c30c8c5cac756a6fde57bf284d7be536740fd3e145e0a694		50045663
ore_ont_1017.owl	30	ok	match	true	production_all	0.0692	12.19	94077acb317cd5bafbd47d0ddce3ef1d693b52ba8998f1418df5d4247e05155e	ae99b783760a88e6b52f52e8fc649a680d05124b89be44322252f8d9a4e9b7b8		50045664
ore_ont_1034.owl	31	ok	match	true	production_all	0.0409	9.06	94077acb317cd5bafbd47d0ddce3ef1d693b52ba8998f1418df5d4247e05155e	25a9dfe3607834ad90d624672276aede57eaf02784efa544063dd4489337adab		50045676
ore_ont_1082.owl	32	ok	match	true	production_all	2.2768	586.88	94077acb317cd5bafbd47d0ddce3ef1d693b52ba8998f1418df5d4247e05155e	d74d401fbc3ede0305a22638186dbf109482648f2c9bee7be761183c26937f9a		50045678
ore_ont_1194.owl	33	error	error	false	nominals	27.3193	18483.89	94077acb317cd5bafbd47d0ddce3ef1d693b52ba8998f1418df5d4247e05155e			50045679
ore_ont_1212.owl	34	ok	match	true	production_all	1.3479	283.15	94077acb317cd5bafbd47d0ddce3ef1d693b52ba8998f1418df5d4247e05155e	772e912b94a8d6e544147a6baef2955c80c5f9e7d4f2c805da71d1e1f9474516		50045681
ore_ont_1272.owl	35	ok	match	true	production_all	3.3791	709.31	94077acb317cd5bafbd47d0ddce3ef1d693b52ba8998f1418df5d4247e05155e	ba4a5ca1111a1ab31aaab5c4fee7b7cf5fb80a35ceda816fbfca46da60d13da0		50045682
ore_ont_1306.owl	36	ok	match	true	production_all	41.2862	4599.29	94077acb317cd5bafbd47d0ddce3ef1d693b52ba8998f1418df5d4247e05155e	25a9dfe3607834ad90d624672276aede57eaf02784efa544063dd4489337adab		50045683
ore_ont_1325.owl	37	ok	match	true	production_all	0.0404	8.44	94077acb317cd5bafbd47d0ddce3ef1d693b52ba8998f1418df5d4247e05155e	f4d1df3b8fd67c88abe2789c705dcf70bea77e675f8196f5ecb4bba1f440b8be		50045684
ore_ont_1340.owl	38	ok	match	true	production_all	0.1877	50.18	94077acb317cd5bafbd47d0ddce3ef1d693b52ba8998f1418df5d4247e05155e	cd58269a7598470fd2e574ac761fc27a8579eaf49b660f71530d93af973ec852		50045686
ore_ont_1357.owl	39	ok	match	true	production_all	5.1387	1049.39	94077acb317cd5bafbd47d0ddce3ef1d693b52ba8998f1418df5d4247e05155e	252e5a317e97b937b29f83d93539566a7028d833752c8c7433dcb66bc9946f5a		50045687
ore_ont_1370.owl	40	ok	match	true	production_all	12.3985	1958.69	94077acb317cd5bafbd47d0ddce3ef1d693b52ba8998f1418df5d4247e05155e	c05f030504ebae8cf9ae1a43f33f679c0eb33055041d00f5ba3797c5ec3f2408		50045689
ore_ont_1420.owl	41	ok	match	true	production_all	0.0405	6.88	94077acb317cd5bafbd47d0ddce3ef1d693b52ba8998f1418df5d4247e05155e	4823f97a40abc54c7cdaeb1da933f82879169872bed63ed9a200c0ba94d3f9c5		50045690
ore_ont_1473.owl	42	ok	match	true	production_all	0.069	9.38	94077acb317cd5bafbd47d0ddce3ef1d693b52ba8998f1418df5d4247e05155e	0294b032925c15c476e5177efb18e8e6f3208e75b5a05531ebbc3aa67610afec		50045692
ore_ont_1481.owl	43	ok	match	true	production_all	1.2208	286.02	94077acb317cd5bafbd47d0ddce3ef1d693b52ba8998f1418df5d4247e05155e	4258584ca637b9cb22cf9a2a5adf454d2630a2af8bd7524f62032bc048bb52dc		50045699
ore_ont_1493.owl	44	ok	match	true	production_all	0.2119	24.45	94077acb317cd5bafbd47d0ddce3ef1d693b52ba8998f1418df5d4247e05155e	db0c3f18e8a94a9ba207e78900e81b51fd5883e09c1aacd893600bc96fcf4fbe		50045710
ore_ont_1494.owl	45	ok	match	true	production_all	0.0401	8.44	94077acb317cd5bafbd47d0ddce3ef1d693b52ba8998f1418df5d4247e05155e	0c5bac20e795a43b20fa62c2633255b76b0b0e309ac355d1f474982d966c8a97		50045724
ore_ont_1501.owl	46	ok	match	true	production_all	0.4203	49.89	94077acb317cd5bafbd47d0ddce3ef1d693b52ba8998f1418df5d4247e05155e	12cd4960cb68b7dc6a9a238e85da4036dc3f54687cf9402764fb38a886c7456a		50045736
ore_ont_1555.owl	47	ok	match	true	nominals	0.2205	106.75	94077acb317cd5bafbd47d0ddce3ef1d693b52ba8998f1418df5d4247e05155e	a9a6e523bf2e63b92cabe7d60d4ca2a160340fd91a5d0bd5653d6f40f352bbfc		50045737
ore_ont_1559.owl	48	ok	match	true	production_all	57.5906	8361.15	94077acb317cd5bafbd47d0ddce3ef1d693b52ba8998f1418df5d4247e05155e	a1ad6c7eedab65f2395675205f0cbfbb3c25aad43d40690ad8acfbae483a652d		50045738
ore_ont_1579.owl	49	ok	match	true	production_all	12.4708	1045.66	94077acb317cd5bafbd47d0ddce3ef1d693b52ba8998f1418df5d4247e05155e	1e3901c4e07c5ed16d1540ad65c9c714ab2b8d2c2a3f8f7ce285745c1dc69498		50045741
ore_ont_1603.owl	50	ok	match	true	production_all	4.5536	418.41	94077acb317cd5bafbd47d0ddce3ef1d693b52ba8998f1418df5d4247e05155e	fa39d615f9e61b2f89febfb836d0fa368b9435190ce5604b479573c80a7e3081		50045742
ore_ont_1618.owl	51	ok	match	true	production_all	0.0406	15.63	94077acb317cd5bafbd47d0ddce3ef1d693b52ba8998f1418df5d4247e05155e	e2658caadf043dbf5c015820328c06e106102c19d14b53944c95ccdc74a85554		50045745
ore_ont_1666.owl	52	ok	match	true	production_all	0.3345	43.66	94077acb317cd5bafbd47d0ddce3ef1d693b52ba8998f1418df5d4247e05155e	fa40d5b25c95a52249cb01f29ba0f315d1a0223bb9f9080bb70f7d47e741adbd		50045746
ore_ont_1790.owl	53	ok	match	true	nominals	8.8555	1577.05	94077acb317cd5bafbd47d0ddce3ef1d693b52ba8998f1418df5d4247e05155e	6dd2a1f6eaa9f001ed5c7db958ff1edd374302f7b4e6b64679a6b0deb7635ff6		50045747
ore_ont_1793.owl	54	ok	match	true	production_all	0.0703	8.75	94077acb317cd5bafbd47d0ddce3ef1d693b52ba8998f1418df5d4247e05155e	880e5d909a6e1aadf9f84775c3bf73bd5c26bbe4d9a3f2b494477818ad6b2832		50045748
ore_ont_1902.owl	55	ok	match	true	production_all	0.0703	8.44	94077acb317cd5bafbd47d0ddce3ef1d693b52ba8998f1418df5d4247e05155e	ced976926250d9f91ce25eb6fa928bab4b4b0c9b0864abc43fcb5f2eea7a05b7		50045751
ore_ont_1967.owl	56	ok	match	true	production_all	0.041	7.19	94077acb317cd5bafbd47d0ddce3ef1d693b52ba8998f1418df5d4247e05155e	efda811e1d6e9ea5f0db4e624fb6396525b8b8062b2425db6e4d09050f5b1c17		50045755
ore_ont_1970.owl	57	ok	match	true	production_all	0.1594	27.05	94077acb317cd5bafbd47d0ddce3ef1d693b52ba8998f1418df5d4247e05155e	61b592347078fca805011c536599fcf4a353ccb7e90d1677c3b07485f1d77e72		50045756
ore_ont_2011.owl	58	ok	match	true	production_all	0.0407	9.69	94077acb317cd5bafbd47d0ddce3ef1d693b52ba8998f1418df5d4247e05155e	56ed4e3d127a5629acea9af4a49866c473a53c149dfa685e194191af802668dd		50045757
ore_ont_2036.owl	59	ok	match	true	production_all	0.0406	7.5	94077acb317cd5bafbd47d0ddce3ef1d693b52ba8998f1418df5d4247e05155e	1b7cba6bc7b03320f1e66d8e1e8ab7f7055d76d6531012ecc7237356e50201fc		50045761
ore_ont_2046.owl	60	ok	match	true	production_all	17.4797	3134.46	94077acb317cd5bafbd47d0ddce3ef1d693b52ba8998f1418df5d4247e05155e	25a9dfe3607834ad90d624672276aede57eaf02784efa544063dd4489337adab		50045762
ore_ont_2066.owl	61	ok	match	true	production_all	0.0405	8.75	94077acb317cd5bafbd47d0ddce3ef1d693b52ba8998f1418df5d4247e05155e	91adc813320db3dcb85694efba9d6579b27797ae80fab7cbed7660d01b838a28		50045763
ore_ont_2105.owl	62	ok	match	true	production_all	0.8945	258.34	94077acb317cd5bafbd47d0ddce3ef1d693b52ba8998f1418df5d4247e05155e	25a9dfe3607834ad90d624672276aede57eaf02784efa544063dd4489337adab		50045764
ore_ont_2128.owl	63	ok	match	true	production_all	0.3062	37.32	94077acb317cd5bafbd47d0ddce3ef1d693b52ba8998f1418df5d4247e05155e	2e3d43d2ccdef95965bb116db6a147ac1c9436689d91642fdc0a0ae516665943		50045765
ore_ont_2129.owl	64	ok	match	true	production_all	0.5052	55.85	94077acb317cd5bafbd47d0ddce3ef1d693b52ba8998f1418df5d4247e05155e	cb1caedcdcf14007912e6f4869d1347fe285cc5c4d848f40f247b83ee9989851		50045766
ore_ont_2195.owl	65	ok	match	true	production_all	0.0993	33.6	94077acb317cd5bafbd47d0ddce3ef1d693b52ba8998f1418df5d4247e05155e	25a9dfe3607834ad90d624672276aede57eaf02784efa544063dd4489337adab		50045768
ore_ont_2228.owl	66	ok	match	true	production_all	0.0403	8.12	94077acb317cd5bafbd47d0ddce3ef1d693b52ba8998f1418df5d4247e05155e	ce2a95ed1d1036bf9d4704f8cf34410b65b27c0792ad983ffa7bcdf93124e17f		50045769
ore_ont_2237.owl	67	ok	match	true	production_all	0.0414	8.44	94077acb317cd5bafbd47d0ddce3ef1d693b52ba8998f1418df5d4247e05155e	25a9dfe3607834ad90d624672276aede57eaf02784efa544063dd4489337adab		50045770
ore_ont_2243.owl	68	ok	match	true	production_all	7.459	1742.86	94077acb317cd5bafbd47d0ddce3ef1d693b52ba8998f1418df5d4247e05155e	25a9dfe3607834ad90d624672276aede57eaf02784efa544063dd4489337adab		50045771
ore_ont_2253.owl	69	ok	match	true	production_all	20.6338	3730.55	94077acb317cd5bafbd47d0ddce3ef1d693b52ba8998f1418df5d4247e05155e	25a9dfe3607834ad90d624672276aede57eaf02784efa544063dd4489337adab		50045772
ore_ont_2266.owl	70	ok	match	true	production_all	0.069	13.5	94077acb317cd5bafbd47d0ddce3ef1d693b52ba8998f1418df5d4247e05155e	b259329a58c29998b5e5fb98602314993dcc590449779f452e8b5d7c24f1fdbd		50045773
ore_ont_2313.owl	71	ok	match	true	production_all	0.983	217.32	94077acb317cd5bafbd47d0ddce3ef1d693b52ba8998f1418df5d4247e05155e	4b1c2c0b5c33e7ea8178bc5c98d5a8cebc422a378856682657ae0036ecf4fef8		50045774
ore_ont_2317.owl	72	ok	match	true	production_all	0.5722	62.14	94077acb317cd5bafbd47d0ddce3ef1d693b52ba8998f1418df5d4247e05155e	06aea88f93c8a06fd471868569d9c58f3a0e1ea01f06c1accbb26d292d5cec76		50045775
ore_ont_2333.owl	73	ok	match	true	production_all	0.1852	68.26	94077acb317cd5bafbd47d0ddce3ef1d693b52ba8998f1418df5d4247e05155e	afac023702c0cc4c05d8529939485e44cc82c4f08d6d4108b5ae432ba581aef9		50045776
ore_ont_2361.owl	74	ok	match	true	production_all	11.0565	1472.83	94077acb317cd5bafbd47d0ddce3ef1d693b52ba8998f1418df5d4247e05155e	8e53f546be8c3e5a75323e982976ce736e03fdd7215f8151cee711479b994b36		50045777
ore_ont_2377.owl	75	ok	match	true	production_all	0.1591	20.24	94077acb317cd5bafbd47d0ddce3ef1d693b52ba8998f1418df5d4247e05155e	bf3c549a55d176d5afde0b3ae58f955c13ed80a01d8125d635ac86be234e05c2		50045778
ore_ont_2378.owl	76	ok	match	true	production_all	0.0693	10.0	94077acb317cd5bafbd47d0ddce3ef1d693b52ba8998f1418df5d4247e05155e	456885455165455332dfd3bedfcd097c8bb74b34227a78d2f807df414bb96578		50045806
ore_ont_2397.owl	77	ok	match	true	production_all	2.1222	595.27	94077acb317cd5bafbd47d0ddce3ef1d693b52ba8998f1418df5d4247e05155e	8a4a0c8bc8402efaf65343c6e3f705dcc3faabbbeaa15ae6ee5d34cc5259d06e		50045807
ore_ont_2440.owl	78	ok	match	true	production_all	0.0982	16.16	94077acb317cd5bafbd47d0ddce3ef1d693b52ba8998f1418df5d4247e05155e	5a47a7dfd4ef9fd3755517b8220470e67a0a4611f8c5fc76fa395544f822571e		50045808
ore_ont_2453.owl	79	ok	match	true	production_all	0.1863	45.23	94077acb317cd5bafbd47d0ddce3ef1d693b52ba8998f1418df5d4247e05155e	104ea91f04934d91a9e0815b45a9940e4e60c9e8aaec0838658a8814d6004ffa		50045819
ore_ont_2469.owl	80	ok	match	true	production_all	8.1088	1776.65	94077acb317cd5bafbd47d0ddce3ef1d693b52ba8998f1418df5d4247e05155e	738b1c7ce71d64c72af0d7c491746e78c01fc4bc002df6313b1ed3a2c80cd719		50045820
ore_ont_2485.owl	81	ok	match	true	production_all	0.041	8.17	94077acb317cd5bafbd47d0ddce3ef1d693b52ba8998f1418df5d4247e05155e	b254f390278d1308d3020ce93a0e4bfe308f497cf36477cc27bbb763d08458df		50045821
ore_ont_2491.owl	82	ok	match	true	production_all	0.6998	165.44	94077acb317cd5bafbd47d0ddce3ef1d693b52ba8998f1418df5d4247e05155e	25a9dfe3607834ad90d624672276aede57eaf02784efa544063dd4489337adab		50045822
ore_ont_2496.owl	83	ok	match	true	production_all	0.099	13.51	94077acb317cd5bafbd47d0ddce3ef1d693b52ba8998f1418df5d4247e05155e	6c8c2dd1ea442064196c32326cd1c2c8d3a72ecf5e3d2c331a16cc9281ffa925		50045823
ore_ont_2497.owl	84	ok	match	true	production_all	0.4232	45.22	94077acb317cd5bafbd47d0ddce3ef1d693b52ba8998f1418df5d4247e05155e	7c5910f08321736ac0f61ab34fd1b38ef7ab515e5625800662344bdf0365b1c7		50045824
ore_ont_2557.owl	85	ok	match	true	production_all	0.0409	8.12	94077acb317cd5bafbd47d0ddce3ef1d693b52ba8998f1418df5d4247e05155e	25a9dfe3607834ad90d624672276aede57eaf02784efa544063dd4489337adab		50045826
ore_ont_2569.owl	86	ok	match	true	production_all	0.1021	14.7	94077acb317cd5bafbd47d0ddce3ef1d693b52ba8998f1418df5d4247e05155e	f24e7d7134057ec9e2d1325d01ae3d43562f5d211c84654d4726d67eee07aed9		50045827
ore_ont_2591.owl	87	ok	match	true	production_all	0.4814	55.22	94077acb317cd5bafbd47d0ddce3ef1d693b52ba8998f1418df5d4247e05155e	25a9dfe3607834ad90d624672276aede57eaf02784efa544063dd4489337adab		50045828
ore_ont_2627.owl	88	ok	match	true	production_all	1.3675	306.8	94077acb317cd5bafbd47d0ddce3ef1d693b52ba8998f1418df5d4247e05155e	bf4c6b70ee61c103bc93c176ef918936c57a650723d025e60e69b91c8832bb8b		50045829
ore_ont_2632.owl	89	ok	match	true	nominals	1.9563	509.88	94077acb317cd5bafbd47d0ddce3ef1d693b52ba8998f1418df5d4247e05155e	62e68a1ac660d1e1e592bc93f63b7ae9f7acc7abdfa947f439c231d3a6f804d3		50045845
ore_ont_2654.owl	90	ok	match	true	production_all	0.0409	8.8	94077acb317cd5bafbd47d0ddce3ef1d693b52ba8998f1418df5d4247e05155e	3453da9381fa3e59bdb9b370be6f6df50aba9d9d88fc465e3d19e3894e14d009		50045846
ore_ont_2661.owl	91	ok	match	true	production_all	0.9995	222.14	94077acb317cd5bafbd47d0ddce3ef1d693b52ba8998f1418df5d4247e05155e	9f600e8b5d326d5a3980de356c4a8b1ca839ec07547ad7ad3abff09a2cc2045f		50045855
ore_ont_2662.owl	92	ok	match	true	production_all	0.0408	7.5	94077acb317cd5bafbd47d0ddce3ef1d693b52ba8998f1418df5d4247e05155e	fd34b1d4ceb20c5e75b681223a69317888fd506e8507339ea206a877509b78c4		50045864
ore_ont_2669.owl	93	ok	consistency_mismatch	false	ht_rules	0.1574	25.0	94077acb317cd5bafbd47d0ddce3ef1d693b52ba8998f1418df5d4247e05155e	3c48c283d1292f55fe67383942d35be768499f1f96e83f0adf812c000ac3b9dd		50045865
ore_ont_2672.owl	94	ok	match	true	production_all	0.0402	8.75	94077acb317cd5bafbd47d0ddce3ef1d693b52ba8998f1418df5d4247e05155e	ccec9d60ef1094821eb6a78cfc3f7622e8a27e0abd8d4c0e041c3e950febe5a1		50045868
ore_ont_2678.owl	95	ok	match	true	nominals	0.1017	66.5	94077acb317cd5bafbd47d0ddce3ef1d693b52ba8998f1418df5d4247e05155e	4d94e1f7530b312057603495f8070e53a9716410718fe3794dac0817974fc788		50045869
ore_ont_2713.owl	96	ok	match	true	production_all	0.0409	8.44	94077acb317cd5bafbd47d0ddce3ef1d693b52ba8998f1418df5d4247e05155e	7d4cfe7d4dbc46f455eac2edb2b1f18fb1311cc83088c0fd513b2a1a8b6ed859		50045870
ore_ont_2720.owl	97	ok	match	true	production_all	0.0402	9.06	94077acb317cd5bafbd47d0ddce3ef1d693b52ba8998f1418df5d4247e05155e	809fa595c9cd497346a427ce8a4df2a95f9aa123110f8772b5085cdff3a09800		50045882
ore_ont_2744.owl	98	ok	match	true	nominals	0.1026	79.64	94077acb317cd5bafbd47d0ddce3ef1d693b52ba8998f1418df5d4247e05155e	cc1a1bfca6d6ba98ffc979241d1b99f078e266c40abb6c2e862884301f8b44bd		50045883
ore_ont_2753.owl	99	ok	match	true	production_all	0.0405	7.5	94077acb317cd5bafbd47d0ddce3ef1d693b52ba8998f1418df5d4247e05155e	2edc19bebc56e548c1a2996cf388171b36806041f17480c9a1fb2606cab8334c		50045884
ore_ont_2803.owl	100	ok	match	true	production_all	5.9617	1272.66	94077acb317cd5bafbd47d0ddce3ef1d693b52ba8998f1418df5d4247e05155e	f0c432fee3845eb4ee0944c812ab0cadbbb8b96ea3184fcfff116504553d20e6		50045885
ore_ont_2828.owl	101	ok	match	true	production_all	9.1915	2116.28	94077acb317cd5bafbd47d0ddce3ef1d693b52ba8998f1418df5d4247e05155e	0399302fe592566a3f17d25fbcacdc7be2952b4cf76e2c14384f00e5f7a73b4f		50045887
ore_ont_2860.owl	102	ok	match	true	nominals	0.2536	158.74	94077acb317cd5bafbd47d0ddce3ef1d693b52ba8998f1418df5d4247e05155e	32f9f65defa5b278b7745ffe5d0fc8e4815fd87d064b09f179dd5d5d4322aa26		50045891
ore_ont_2876.owl	103	ok	match	true	production_all	0.0407	6.25	94077acb317cd5bafbd47d0ddce3ef1d693b52ba8998f1418df5d4247e05155e	ccdfc6d626940ef30a9115eff4872649ebcdaae60e4ff9e1d922d38485fb44ad		50045892
ore_ont_3050.owl	104	ok	match	true	nominals	10.4706	2967.44	94077acb317cd5bafbd47d0ddce3ef1d693b52ba8998f1418df5d4247e05155e	6dd2a1f6eaa9f001ed5c7db958ff1edd374302f7b4e6b64679a6b0deb7635ff6		50045898
ore_ont_3082.owl	105	ok	match	true	production_all	0.0409	6.56	94077acb317cd5bafbd47d0ddce3ef1d693b52ba8998f1418df5d4247e05155e	0b77ec936cb4d6f7a533a0b8321147d39fb68a521a2b260f1a81d30e3cb589fa		50045902
ore_ont_3106.owl	106	ok	match	true	production_all	0.2148	29.79	94077acb317cd5bafbd47d0ddce3ef1d693b52ba8998f1418df5d4247e05155e	28dfc47a6b572c7c94f510f067e8c416c66be2b4e826c29df6fb4e615d95915f		50045905
ore_ont_3164.owl	107	ok	match	true	production_all	5.3892	954.09	94077acb317cd5bafbd47d0ddce3ef1d693b52ba8998f1418df5d4247e05155e	33d524f5fa1fcd7e3ac81f8c2163ee6b7b97cc3236863781ef629d9887b43d0b		50045906
ore_ont_3177.owl	108	ok	match	true	production_all	0.1864	24.68	94077acb317cd5bafbd47d0ddce3ef1d693b52ba8998f1418df5d4247e05155e	07663e7029f71a58e44ff18ab67c370076dfb27460959b9943b138948cb9b7d5		50045907
ore_ont_3215.owl	109	ok	match	true	production_all	168.8147	8690.33	94077acb317cd5bafbd47d0ddce3ef1d693b52ba8998f1418df5d4247e05155e	2e629f329a33aae3af87893afb850e383d3aece4e19f6785157d4d8756234f6b		50045908
ore_ont_3231.owl	110	ok	match	true	production_all	0.0719	42.87	94077acb317cd5bafbd47d0ddce3ef1d693b52ba8998f1418df5d4247e05155e	6c80b4663d84cc112c1f4e35b5dee1d7407ac3435d8593df8805646a5dbd78bb		50045909
ore_ont_3259.owl	111	ok	match	true	production_all	0.071	8.75	94077acb317cd5bafbd47d0ddce3ef1d693b52ba8998f1418df5d4247e05155e	25a9dfe3607834ad90d624672276aede57eaf02784efa544063dd4489337adab		50045910
ore_ont_3260.owl	112	ok	match	true	certified_nominals	0.0413	12.27	94077acb317cd5bafbd47d0ddce3ef1d693b52ba8998f1418df5d4247e05155e	9e31c7e70c0bc3a4bbd3efb8aacea673b4027a3cc16bf57da05d04e5e295dfdb		50045911
ore_ont_3313.owl	113	ok	match	true	production_all	0.098	14.91	94077acb317cd5bafbd47d0ddce3ef1d693b52ba8998f1418df5d4247e05155e	156c0e0737752b0d9eb1dc156090cfce69269a36f7ae125769bc23371a67e4ba		50045912
ore_ont_3349.owl	114	ok	match	true	production_all	0.0415	9.35	94077acb317cd5bafbd47d0ddce3ef1d693b52ba8998f1418df5d4247e05155e	fe52ef7294cf036febadb05ab1f05bdf8a0af7e52dd71d1f31ada2bd77229907		50045913
ore_ont_3377.owl	115	ok	match	true	production_all	34.898	2646.46	94077acb317cd5bafbd47d0ddce3ef1d693b52ba8998f1418df5d4247e05155e	c0374ad84f4916ecdb8dc8f8d2ae1455c2285ed2f86aaa14c319c7a50c5900cd		50045915
ore_ont_3406.owl	116	ok	match	true	production_all	0.9601	104.54	94077acb317cd5bafbd47d0ddce3ef1d693b52ba8998f1418df5d4247e05155e	624d5d82f0c5f480837cea323d4c86ad7c1e7764ae9b3fb89acb33d9810b3c6c		50045916
ore_ont_3414.owl	117	ok	match	true	production_all	4.8852	947.31	94077acb317cd5bafbd47d0ddce3ef1d693b52ba8998f1418df5d4247e05155e	522aef3af0e145793028b0a2005237437702b100dbb8f4b3ee487aefb3b5b67d		50045917
ore_ont_3418.owl	118	ok	match	true	production_all	0.0412	7.81	94077acb317cd5bafbd47d0ddce3ef1d693b52ba8998f1418df5d4247e05155e	70a7760cdf714c8394efe230e853f212aefff565cd7c5c739bbe1386b0fdf0c4		50045918
ore_ont_3463.owl	119	ok	match	true	production_all	0.0418	6.56	94077acb317cd5bafbd47d0ddce3ef1d693b52ba8998f1418df5d4247e05155e	14e3abbd4745b1013a35ef51291fba70afb6eb51d002d3d2dc9bb09500152904		50045919
ore_ont_3480.owl	120	ok	match	true	production_all	0.3666	47.17	94077acb317cd5bafbd47d0ddce3ef1d693b52ba8998f1418df5d4247e05155e	bc2cc27510ca5023d81cee938b7901836f6cb98e1718518aa5d4748de7850ea7		50045921
ore_ont_3524.owl	121	ok	match	true	elc	22.4153	2583.83	94077acb317cd5bafbd47d0ddce3ef1d693b52ba8998f1418df5d4247e05155e	090129a7fbaa14652ada3408dd1f160e7dd4a09a3502cc3323d8dad734e8893a	same_job_fulliri_identity_to_konclude	50045923
ore_ont_3560.owl	122	ok	match	true	production_all	25.1485	3715.6	94077acb317cd5bafbd47d0ddce3ef1d693b52ba8998f1418df5d4247e05155e	a916c134368b9754f20d8daa6d7a9fd3ab83b8b2b146afb4de212242185d7993		50045924
ore_ont_3635.owl	123	ok	match	true	production_all	0.071	11.97	94077acb317cd5bafbd47d0ddce3ef1d693b52ba8998f1418df5d4247e05155e	d70dda2b2aeb8f0348230a796bbbbeed179618410272f73d0fab0ef58f9807e8		50045928
ore_ont_3640.owl	124	ok	match	true	production_all	0.0705	22.69	94077acb317cd5bafbd47d0ddce3ef1d693b52ba8998f1418df5d4247e05155e	0242345796f9a80460ab41889f9c60f161f70d579f65e450ef7cca9e2c93da32		50045929
ore_ont_3658.owl	125	ok	match	true	production_all	6.8134	1142.51	94077acb317cd5bafbd47d0ddce3ef1d693b52ba8998f1418df5d4247e05155e	6abf4289743d05b7c75269cde13113316c621516fa3d6cd0306048c161cd1d7b		50045932
ore_ont_3712.owl	126	ok	match	true	production_all	0.2772	34.81	94077acb317cd5bafbd47d0ddce3ef1d693b52ba8998f1418df5d4247e05155e	24e57541ea2f059f849e07530327b1e6b4197982136b5930d07cc5258156f54c		50045933
ore_ont_3770.owl	127	ok	match	true	production_all	0.042	9.86	94077acb317cd5bafbd47d0ddce3ef1d693b52ba8998f1418df5d4247e05155e	25a9dfe3607834ad90d624672276aede57eaf02784efa544063dd4489337adab		50045935
ore_ont_3784.owl	128	ok	match	true	production_all	0.3312	43.63	94077acb317cd5bafbd47d0ddce3ef1d693b52ba8998f1418df5d4247e05155e	26b8655c70484396ea5210e6edacb65de63967b0670f1763087e1eecd54c24d9		50045937
ore_ont_3795.owl	129	ok	match	true	nominal_ni_abox	0.9042	560.16	94077acb317cd5bafbd47d0ddce3ef1d693b52ba8998f1418df5d4247e05155e	6d9285aae0ab89479bc2db0d99b396d87044ea4f1baa33c4edc5fc5410681760		50045938
ore_ont_3797.owl	130	ok	match	true	production_all	0.3386	43.33	94077acb317cd5bafbd47d0ddce3ef1d693b52ba8998f1418df5d4247e05155e	25a9dfe3607834ad90d624672276aede57eaf02784efa544063dd4489337adab		50045940
ore_ont_3836.owl	131	ok	match	true	production_all	32.9417	5312.54	94077acb317cd5bafbd47d0ddce3ef1d693b52ba8998f1418df5d4247e05155e	203f79d8a6f6590f120e9edd2b5f01c21a0b39b2fce4a84de55ada270163e4c5		50045941
ore_ont_3842.owl	132	ok	match	true	production_all	0.0411	8.12	94077acb317cd5bafbd47d0ddce3ef1d693b52ba8998f1418df5d4247e05155e	149b7198f920010407261137b83b46ba384d57d1349dd3ff2dcdf50f3e36b101		50045947
ore_ont_3905.owl	133	ok	match	true	production_all	0.1928	49.36	94077acb317cd5bafbd47d0ddce3ef1d693b52ba8998f1418df5d4247e05155e	9026921dbe65d33881bd60615ecda0c9dd6e7ad4dd9376b64b51596bbc6f8f92		50045950
ore_ont_3909.owl	134	ok	match	true	production_all	0.0413	5.94	94077acb317cd5bafbd47d0ddce3ef1d693b52ba8998f1418df5d4247e05155e	5ec0c0065801b5eee139e6d08a289191c287abe064a95ac8fe9570e90d0f6fd6		50045952
ore_ont_3931.owl	135	ok	match	true	production_all	0.0989	28.93	94077acb317cd5bafbd47d0ddce3ef1d693b52ba8998f1418df5d4247e05155e	1f5a534b480adabb390fc161c5ae04304f2a150a97a4f9767ac6ba0e107d8b48		50045962
ore_ont_3954.owl	136	ok	match	true	production_all	5.7922	1025.68	94077acb317cd5bafbd47d0ddce3ef1d693b52ba8998f1418df5d4247e05155e	f36c7be0b65832b4a9cfe365697a413c326eae0f77db2a4eb2b060ca95f29725		50045963
ore_ont_3978.owl	137	ok	match	true	production_all	0.0998	14.06	94077acb317cd5bafbd47d0ddce3ef1d693b52ba8998f1418df5d4247e05155e	b71dc4a127bef014fab3285bdfbb1cf4c4216f4a2e68455021c5192e132ccd2d		50045975
ore_ont_4033.owl	138	ok	match	true	production_all	10.3883	1955.86	94077acb317cd5bafbd47d0ddce3ef1d693b52ba8998f1418df5d4247e05155e	25a9dfe3607834ad90d624672276aede57eaf02784efa544063dd4489337adab		50045981
ore_ont_4054.owl	139	ok	match	true	production_all	12.1046	1741.7	94077acb317cd5bafbd47d0ddce3ef1d693b52ba8998f1418df5d4247e05155e	5c77ef2e055526a9b27c3ab88ee1395c0c882c223570b27405d71ba35d66e5ef		50045989
ore_ont_4187.owl	140	ok	match	true	production_all	7.5178	1351.97	94077acb317cd5bafbd47d0ddce3ef1d693b52ba8998f1418df5d4247e05155e	cef1b9f701cffb9b99d93deb4f140456ba23b035a4564400f836f9f85d471d9f		50046015
ore_ont_4205.owl	141	ok	match	true	production_all	14.9699	2085.09	94077acb317cd5bafbd47d0ddce3ef1d693b52ba8998f1418df5d4247e05155e	59fe2ee75b8ea859b8dadcc4715d8591b3f1b41c2880e673b3a24ec9613a267c		50046017
ore_ont_4226.owl	142	ok	match	true	production_all	0.3744	49.4	94077acb317cd5bafbd47d0ddce3ef1d693b52ba8998f1418df5d4247e05155e	a2c9fd27be406668497189b64f1f673b22ea55c2266d5417991166ab3fdc6685		50046022
ore_ont_4235.owl	143	ok	match	true	production_all	0.8177	197.69	94077acb317cd5bafbd47d0ddce3ef1d693b52ba8998f1418df5d4247e05155e	059c0056376d51c12f6acbcb677a0cf1fd8d0d7f6102be275d5589d98c00c855		50046023
ore_ont_4382.owl	144	ok	match	true	production_all	0.0413	8.75	94077acb317cd5bafbd47d0ddce3ef1d693b52ba8998f1418df5d4247e05155e	8bd0ba01b95a8a38e2bfca8f7deadc71c897cfb5999690720930f1e2cac57430		50046024
ore_ont_4383.owl	145	ok	match	true	production_all	0.1289	19.38	94077acb317cd5bafbd47d0ddce3ef1d693b52ba8998f1418df5d4247e05155e	1e7c8f95f8b2b70c11e9442bd78155ef52288cc457dbd14c42fb2f77f510a315		50046026
ore_ont_4400.owl	146	ok	match	true	production_all	0.0396	9.38	94077acb317cd5bafbd47d0ddce3ef1d693b52ba8998f1418df5d4247e05155e	716cfa2d10db6e72f4c010954339c97c77a6d7400ca7547d0b9b5313da0a07d0		50046029
ore_ont_4460.owl	147	ok	match	true	production_all	0.2713	36.47	94077acb317cd5bafbd47d0ddce3ef1d693b52ba8998f1418df5d4247e05155e	4afcf15d32cdd9f6fb257c5e3935c76c482fec3a5ee5a4bf823d2c447801750e		50046030
ore_ont_4487.owl	148	ok	match	true	production_all	2.7155	592.0	94077acb317cd5bafbd47d0ddce3ef1d693b52ba8998f1418df5d4247e05155e	7b1409b24f397a7d20f5d762e29936bf0731cd36c00c26743379c5b5e6ea6683		50046031
ore_ont_4527.owl	149	ok	match	true	production_all	0.0975	14.88	94077acb317cd5bafbd47d0ddce3ef1d693b52ba8998f1418df5d4247e05155e	bc4c60af4746bace5e1ec2d8deb46c8fe9820e2ea43efd33a8c2012c8921fdd7		50046034
ore_ont_4557.owl	150	ok	match	true	production_all	19.1214	3447.98	94077acb317cd5bafbd47d0ddce3ef1d693b52ba8998f1418df5d4247e05155e	25a9dfe3607834ad90d624672276aede57eaf02784efa544063dd4489337adab		50046035
ore_ont_4572.owl	151	ok	match	true	production_all	4.3077	352.99	94077acb317cd5bafbd47d0ddce3ef1d693b52ba8998f1418df5d4247e05155e	c2aff89794b9370cc1203d175854919a112f6108c687c071701adb00dfb593d5		50046036
ore_ont_4578.owl	152	ok	match	true	production_all	0.2138	29.92	94077acb317cd5bafbd47d0ddce3ef1d693b52ba8998f1418df5d4247e05155e	28dfc47a6b572c7c94f510f067e8c416c66be2b4e826c29df6fb4e615d95915f		50046039
ore_ont_4604.owl	153	ok	match	true	production_all	13.3196	2789.82	94077acb317cd5bafbd47d0ddce3ef1d693b52ba8998f1418df5d4247e05155e	d07c82fff63f66ce9e43811301a81def8459e9cac0593d2946d658c9220d7358		50046040
ore_ont_4617.owl	154	ok	match	true	production_all	3.4563	717.64	94077acb317cd5bafbd47d0ddce3ef1d693b52ba8998f1418df5d4247e05155e	9a6830c5cb0fc8b5446fc048ca3d306977592262f881e96a5269e5ed3db0e02f		50046041
ore_ont_4655.owl	155	ok	match	true	production_all	0.1256	24.77	94077acb317cd5bafbd47d0ddce3ef1d693b52ba8998f1418df5d4247e05155e	6b1945e00a8cb4bdfc5e2e33e163d8de34c7ab1d0dc1d2517212df3700e3805b		50046042
ore_ont_4662.owl	156	ok	match	true	production_all	0.6139	68.86	94077acb317cd5bafbd47d0ddce3ef1d693b52ba8998f1418df5d4247e05155e	9bb1d2922d51430135d0f93a742d285f5f11dbdda53ba29af00564bf000ceaf2		50046045
ore_ont_4669.owl	157	ok	match	true	mirror_private	67.9364	5704.66	94077acb317cd5bafbd47d0ddce3ef1d693b52ba8998f1418df5d4247e05155e	a482e066a22110df593bf3a4c1fdd0ef4404f7141903b2101b85aae49811cb30	same_job_fulliri_identity_to_independent_mirror_oracle	50046046
ore_ont_4671.owl	158	ok	match	true	production_all	0.0394	8.75	94077acb317cd5bafbd47d0ddce3ef1d693b52ba8998f1418df5d4247e05155e	c97eb0f0dcd44e6d1543b0f97489647ac526bab3c084879fa26cd5c312de500f		50046048
ore_ont_4724.owl	159	ok	match	true	production_all	0.0418	7.81	94077acb317cd5bafbd47d0ddce3ef1d693b52ba8998f1418df5d4247e05155e	25a9dfe3607834ad90d624672276aede57eaf02784efa544063dd4489337adab		50046049
ore_ont_4732.owl	160	ok	match	true	production_all	0.2756	35.62	94077acb317cd5bafbd47d0ddce3ef1d693b52ba8998f1418df5d4247e05155e	46a5ae2d7526b5fbfa69fa496d0dc165e4a3029c429477030e59fed16ddaf190		50046051
ore_ont_4755.owl	161	ok	match	true	production_all	15.233	2132.56	94077acb317cd5bafbd47d0ddce3ef1d693b52ba8998f1418df5d4247e05155e	d53fd97d7a9e7182998346d6a207bd4f4590e44960a6f8ebf0b047f0820d3380		50046052
ore_ont_4767.owl	162	ok	match	true	production_all	0.0412	7.81	94077acb317cd5bafbd47d0ddce3ef1d693b52ba8998f1418df5d4247e05155e	118fcfc33f63b6900fac9d5a8cd382782b9e10a83b4ab069db64c64dd74a2cdb		50046054
ore_ont_4782.owl	163	ok	match	true	production_all	3.1728	707.91	94077acb317cd5bafbd47d0ddce3ef1d693b52ba8998f1418df5d4247e05155e	7bd356f32241d05d26600550ab937c3970815adc6b9740c9d7bc71635958f354		50046055
ore_ont_4798.owl	164	ok	match	true	production_all	0.099	17.41	94077acb317cd5bafbd47d0ddce3ef1d693b52ba8998f1418df5d4247e05155e	5c6f359604affee99507cdd750dbbfc794e267be366dbb2e28d23195585173fc		50046058
ore_ont_4802.owl	165	ok	match	true	production_all	7.3807	1505.05	94077acb317cd5bafbd47d0ddce3ef1d693b52ba8998f1418df5d4247e05155e	8a77d08a8524b902e299e2c4e026cdc793a8b242adddd352eba14a513af9900d		50046059
ore_ont_4827.owl	166	ok	match	true	production_all	0.3326	42.8	94077acb317cd5bafbd47d0ddce3ef1d693b52ba8998f1418df5d4247e05155e	2cc60be5f9593807e81d890be80276803cda2324d524d0e06b748f407e70f636		50046061
ore_ont_4834.owl	167	ok	match	true	nominal_ni_abox	0.9534	569.15	94077acb317cd5bafbd47d0ddce3ef1d693b52ba8998f1418df5d4247e05155e	7dcc501eb5c31fb38a279eae83ae4fe78d35fd6d9f1830cb61e6d0f66ebd395c		50046064
ore_ont_4856.owl	168	ok	match	true	production_all	0.0402	7.81	94077acb317cd5bafbd47d0ddce3ef1d693b52ba8998f1418df5d4247e05155e	a203954d51ec9ff1f842f8191198f002eb500d6f11ee88117a2d60d9130b7d05		50046073
ore_ont_4897.owl	169	ok	match	true	production_all	0.0722	9.94	94077acb317cd5bafbd47d0ddce3ef1d693b52ba8998f1418df5d4247e05155e	c79f735a2915c0674b30dcfe287bfadb93722b9af47bdbb6d15643bf06773f51		50046074
ore_ont_5002.owl	170	ok	match	true	production_all	0.4218	49.34	94077acb317cd5bafbd47d0ddce3ef1d693b52ba8998f1418df5d4247e05155e	0cb604f1415e8f094710b625d242b327bcefda1fbcaf3e206547d764c97ec371		50046075
ore_ont_5057.owl	171	ok	match	true	production_all	0.0402	9.06	94077acb317cd5bafbd47d0ddce3ef1d693b52ba8998f1418df5d4247e05155e	152831133e59e099572e05c6a84187e14d67a555555d5cac0c30630216f5d97a		50046076
ore_ont_5080.owl	172	ok	match	true	production_all	0.0961	14.69	94077acb317cd5bafbd47d0ddce3ef1d693b52ba8998f1418df5d4247e05155e	b3a15e89aee6c84449a55074504d7709a86bb94fb7c3adde4ae4441e8b0acc0a		50046077
ore_ont_5089.owl	173	ok	match	true	production_all	0.0414	7.81	94077acb317cd5bafbd47d0ddce3ef1d693b52ba8998f1418df5d4247e05155e	149bc40d44a4b5cf2530c619c709e8cc0ad6700e7c2de2cbdad6d619b7b14890		50046078
ore_ont_5090.owl	174	ok	match	true	production_all	0.0414	6.56	94077acb317cd5bafbd47d0ddce3ef1d693b52ba8998f1418df5d4247e05155e	4cb1a1e105b2edef858e03f294a792d695d67f4679b53fdab90b089e844ebde3		50046079
ore_ont_5103.owl	175	ok	match	true	production_all	1.3687	400.3	94077acb317cd5bafbd47d0ddce3ef1d693b52ba8998f1418df5d4247e05155e	4903d6317aa1a70a7777f68cbc7fc9092557b46f0406719383043646969bd215		50046080
ore_ont_5107.owl	176	ok	match	true	certified_nominals	0.6857	170.54	94077acb317cd5bafbd47d0ddce3ef1d693b52ba8998f1418df5d4247e05155e	54c6abc42b8192c3f0f0d7f80649e3f74a25c3c0eda139560322ce620014eab1		50046081
ore_ont_5164.owl	177	ok	match	true	production_all	0.0408	8.75	94077acb317cd5bafbd47d0ddce3ef1d693b52ba8998f1418df5d4247e05155e	25a9dfe3607834ad90d624672276aede57eaf02784efa544063dd4489337adab		50046082
ore_ont_5184.owl	178	ok	match	true	certified_nominals	0.2992	36.63	94077acb317cd5bafbd47d0ddce3ef1d693b52ba8998f1418df5d4247e05155e	143e732f871ebc460a396f90684b0f500244eb5620173e0cc45115a9d4cc3f98		50046085
ore_ont_5197.owl	179	ok	match	true	production_all	0.1277	18.3	94077acb317cd5bafbd47d0ddce3ef1d693b52ba8998f1418df5d4247e05155e	ce38268ffd0a9fd4797e0a81f002835c27d284dccb0529b7acc2804307cb8173		50046086
ore_ont_5220.owl	180	ok	match	true	production_all	0.0409	10.31	94077acb317cd5bafbd47d0ddce3ef1d693b52ba8998f1418df5d4247e05155e	47fec0cb02d47beba5839357b6043cae06cc6eabb68ba01322a1bd54acb9717c		50046088
ore_ont_5255.owl	181	ok	match	true	production_all	0.0411	6.56	94077acb317cd5bafbd47d0ddce3ef1d693b52ba8998f1418df5d4247e05155e	db855d35339a166d888f70d54a013f5e7c1d81f161121cc6b83ca7b02d348409		50046089
ore_ont_5266.owl	182	ok	match	true	production_all	0.0703	12.31	94077acb317cd5bafbd47d0ddce3ef1d693b52ba8998f1418df5d4247e05155e	11b062554512b7dc5030652d6359a4637466330cb93b1acbbe25eb81e28b7efc		50046090
ore_ont_5292.owl	183	ok	match	true	production_all	0.0408	9.35	94077acb317cd5bafbd47d0ddce3ef1d693b52ba8998f1418df5d4247e05155e	8c9545998d1d886c8a4b0fbb652105564f4705b14a3cc49e38655a0fe3567ab7		50046091
ore_ont_5303.owl	184	ok	match	true	production_all	0.5671	275.77	94077acb317cd5bafbd47d0ddce3ef1d693b52ba8998f1418df5d4247e05155e	7f654cd28e91a63a528189ffca19da211d9a49b8531062db7c977b30a2fe3033		50046093
ore_ont_5404.owl	185	ok	match	true	production_all	0.0706	20.6	94077acb317cd5bafbd47d0ddce3ef1d693b52ba8998f1418df5d4247e05155e	71de596972c733b7c2af887e6b31e07c34c2d5c13ea5cf6b555e99f23160f1f2		50046094
ore_ont_5462.owl	186	ok	match	true	production_all	0.3308	42.72	94077acb317cd5bafbd47d0ddce3ef1d693b52ba8998f1418df5d4247e05155e	f11e631ca3131c02379b38db0d07616aa32976fd05aaf09a7abe368f79783668		50046097
ore_ont_5485.owl	187	ok	match	true	production_all	0.0723	13.44	94077acb317cd5bafbd47d0ddce3ef1d693b52ba8998f1418df5d4247e05155e	6c33730d4bc6e1f6aa064f2e182593f9b6519c412c818788fe0699cb90c27b55		50046098
ore_ont_5487.owl	188	ok	match	true	production_all	0.4186	55.53	94077acb317cd5bafbd47d0ddce3ef1d693b52ba8998f1418df5d4247e05155e	3079635fbc42ede00878bb4819e33f3ad4fcb8acac25c964e80439d229873a82		50046099
ore_ont_5519.owl	189	ok	match	true	production_all	25.2496	3593.14	94077acb317cd5bafbd47d0ddce3ef1d693b52ba8998f1418df5d4247e05155e	a916c134368b9754f20d8daa6d7a9fd3ab83b8b2b146afb4de212242185d7993		50046100
ore_ont_5549.owl	190	ok	match	true	production_all	10.256	1488.52	94077acb317cd5bafbd47d0ddce3ef1d693b52ba8998f1418df5d4247e05155e	8e53f546be8c3e5a75323e982976ce736e03fdd7215f8151cee711479b994b36		50046101
ore_ont_5564.owl	191	ok	match	true	nominals	0.1007	43.57	94077acb317cd5bafbd47d0ddce3ef1d693b52ba8998f1418df5d4247e05155e	f909e961886801e82b4341cd768807639aae0fceaa3d344678ce533d75916082		50046120
ore_ont_5566.owl	192	ok	match	true	production_all	8.5988	1768.93	94077acb317cd5bafbd47d0ddce3ef1d693b52ba8998f1418df5d4247e05155e	9a91a28aeb27d670ce72b75b354b84de5859287d44eb902647b4f47bf051eb1f		50046123
ore_ont_5572.owl	193	ok	match	true	production_all	0.0414	8.75	94077acb317cd5bafbd47d0ddce3ef1d693b52ba8998f1418df5d4247e05155e	794aad8468295c516d2a394f93d299714f490dacd1d968a6534cbe5a582bb488		50046124
ore_ont_5602.owl	194	ok	match	true	production_all	20.0411	3454.39	94077acb317cd5bafbd47d0ddce3ef1d693b52ba8998f1418df5d4247e05155e	25a9dfe3607834ad90d624672276aede57eaf02784efa544063dd4489337adab		50046130
ore_ont_5612.owl	195	ok	match	true	production_all	6.7156	1360.08	94077acb317cd5bafbd47d0ddce3ef1d693b52ba8998f1418df5d4247e05155e	6c0877b5e054be5e2cef3b76c276a9c5007025f8483e4230c7156c7a45774003		50046132
ore_ont_5665.owl	196	ok	match	true	production_all	0.0389	8.44	94077acb317cd5bafbd47d0ddce3ef1d693b52ba8998f1418df5d4247e05155e	a76d933963fe7eb8acc2152ceb208fbfc847ee8140f09b4791d6d905f717ce42		50046133
ore_ont_5742.owl	197	ok	match	true	production_all	0.0394	6.56	94077acb317cd5bafbd47d0ddce3ef1d693b52ba8998f1418df5d4247e05155e	1b748642d61733666eec435cb81094c0f59dcbf20443c391069e5a9c8ce51398		50046134
ore_ont_5755.owl	198	ok	match	true	production_all	5.6454	1055.91	94077acb317cd5bafbd47d0ddce3ef1d693b52ba8998f1418df5d4247e05155e	0b8fb805974ec14b4df641131aa1c4af1eaed8babda4ab870378a05ef7aa26a0		50046137
ore_ont_5760.owl	199	ok	match	true	production_all	24.0651	4224.07	94077acb317cd5bafbd47d0ddce3ef1d693b52ba8998f1418df5d4247e05155e	25a9dfe3607834ad90d624672276aede57eaf02784efa544063dd4489337adab		50046138
ore_ont_5781.owl	200	ok	match	true	production_all	5.5683	989.84	94077acb317cd5bafbd47d0ddce3ef1d693b52ba8998f1418df5d4247e05155e	6698505bd0fd451a6061df5eff71203e6074cfc3d62e0022fe8b60d458be8237		50046140
ore_ont_5792.owl	201	ok	match	true	production_all	0.1846	25.14	94077acb317cd5bafbd47d0ddce3ef1d693b52ba8998f1418df5d4247e05155e	07663e7029f71a58e44ff18ab67c370076dfb27460959b9943b138948cb9b7d5		50046141
ore_ont_5815.owl	202	ok	match	true	production_all	0.9357	238.8	94077acb317cd5bafbd47d0ddce3ef1d693b52ba8998f1418df5d4247e05155e	25a9dfe3607834ad90d624672276aede57eaf02784efa544063dd4489337adab		50046145
ore_ont_5852.owl	203	ok	match	true	production_all	0.0401	6.56	94077acb317cd5bafbd47d0ddce3ef1d693b52ba8998f1418df5d4247e05155e	5ec0c0065801b5eee139e6d08a289191c287abe064a95ac8fe9570e90d0f6fd6		50046146
ore_ont_5927.owl	204	ok	match	true	production_all	5.5114	1218.89	94077acb317cd5bafbd47d0ddce3ef1d693b52ba8998f1418df5d4247e05155e	df5204236b942809dc9fff216bc1a3ccf523cc361d1cb9ca2a12b36456249647		50046147
ore_ont_5940.owl	205	ok	match	true	production_all	0.0713	12.19	94077acb317cd5bafbd47d0ddce3ef1d693b52ba8998f1418df5d4247e05155e	7d92b7d06a4f4f6e5d69dfe3427cf620316b986e3c97336c481323b9e2c75541		50046148
ore_ont_5943.owl	206	ok	match	true	nominals	0.9641	590.28	94077acb317cd5bafbd47d0ddce3ef1d693b52ba8998f1418df5d4247e05155e	a92d8283ca794f043d4e8674c1f149fff5ded6960d02750dd54c37511fec308a		50046149
ore_ont_5965.owl	207	ok	match	true	production_all	0.4563	54.91	94077acb317cd5bafbd47d0ddce3ef1d693b52ba8998f1418df5d4247e05155e	25a9dfe3607834ad90d624672276aede57eaf02784efa544063dd4489337adab		50046150
ore_ont_5966.owl	208	ok	match	true	production_all	0.0408	8.44	94077acb317cd5bafbd47d0ddce3ef1d693b52ba8998f1418df5d4247e05155e	9f144657403b390cde484ce7144557101ddc0f91cf7a58e006f06b139d34a829		50046151
ore_ont_5974.owl	209	ok	match	true	production_all	0.4609	55.45	94077acb317cd5bafbd47d0ddce3ef1d693b52ba8998f1418df5d4247e05155e	25a9dfe3607834ad90d624672276aede57eaf02784efa544063dd4489337adab		50046152
ore_ont_6024.owl	210	ok	match	true	production_all	0.0417	8.75	94077acb317cd5bafbd47d0ddce3ef1d693b52ba8998f1418df5d4247e05155e	fd38224abd125b5f5a24640e946131f4a4c693c31fb1e3bf11f13eb8401b5c86		50046155
ore_ont_6060.owl	211	ok	match	true	nominal_ni_abox	0.9845	559.26	94077acb317cd5bafbd47d0ddce3ef1d693b52ba8998f1418df5d4247e05155e	d3e4063001c3e4438ded8d47f87d27a46d3dcbbe418ae052b9c635ae9671f559		50046156
ore_ont_6076.owl	212	ok	match	true	production_all	0.8183	69.87	94077acb317cd5bafbd47d0ddce3ef1d693b52ba8998f1418df5d4247e05155e	bd10def3d41c1e22fc106a4cbd39c7210b16e4330ff04be9ec5c9520f93a5e36		50046158
ore_ont_6102.owl	213	ok	match	true	production_all	1.0879	272.9	94077acb317cd5bafbd47d0ddce3ef1d693b52ba8998f1418df5d4247e05155e	b8b44da4d5df5135b881ed029d13a33eddb0b3560b437f3e39076c7a4d6cf04b		50046159
ore_ont_6198.owl	214	ok	match	true	production_all	0.6503	51.0	94077acb317cd5bafbd47d0ddce3ef1d693b52ba8998f1418df5d4247e05155e	3b1fad5e91e1894e3db6411002f05c0506a0878ae60f3d9f17d08307bfdc5660		50046160
ore_ont_6207.owl	215	ok	match	true	production_all	0.0413	7.5	94077acb317cd5bafbd47d0ddce3ef1d693b52ba8998f1418df5d4247e05155e	621fca63e45cf2206f96f1a26dd7196ae091dfb92bc60a5b615905d46b91ea6d		50046162
ore_ont_6212.owl	216	ok	match	true	production_all	25.2508	2478.98	94077acb317cd5bafbd47d0ddce3ef1d693b52ba8998f1418df5d4247e05155e	7ae073cdbffccf3be43a0cd32b533d98d7b44c29e3233acc91621715e1be1636		50046164
ore_ont_6223.owl	217	ok	match	true	production_all	18.5681	2445.07	94077acb317cd5bafbd47d0ddce3ef1d693b52ba8998f1418df5d4247e05155e	dca4c38812f1ba96d632392754821ae3b2a1b9ab6e3bd84b2fa9046ddbe8a811		50046165
ore_ont_6226.owl	218	ok	match	true	production_all	0.0719	11.47	94077acb317cd5bafbd47d0ddce3ef1d693b52ba8998f1418df5d4247e05155e	0f6576b1f60718edccc3bc45fa9716c9c6d463b12f6b01e4df44986fa4ac97bb		50046166
ore_ont_6230.owl	219	ok	match	true	production_all	0.3972	48.92	94077acb317cd5bafbd47d0ddce3ef1d693b52ba8998f1418df5d4247e05155e	65cd57dacb88edecf9f413022ff56ff1b53b173333a926445a1c708a5b12a13c		50046167
ore_ont_6233.owl	220	ok	match	true	production_all	40.3064	4498.79	94077acb317cd5bafbd47d0ddce3ef1d693b52ba8998f1418df5d4247e05155e	25a9dfe3607834ad90d624672276aede57eaf02784efa544063dd4489337adab		50046168
ore_ont_6246.owl	221	ok	match	true	production_all	0.3056	58.0	94077acb317cd5bafbd47d0ddce3ef1d693b52ba8998f1418df5d4247e05155e	93b7859c78179ff099816dd2be78351edf79d854aea8f8ae58fff6f666123a23		50046169
ore_ont_6310.owl	222	ok	match	true	production_all	1.3123	285.41	94077acb317cd5bafbd47d0ddce3ef1d693b52ba8998f1418df5d4247e05155e	a68ac89973e199916c1ef7d8ff6b9fd7a85c8ec7524aec5f8266dac0dc0da328		50046170
ore_ont_6358.owl	223	ok	match	true	production_all	0.2641	36.47	94077acb317cd5bafbd47d0ddce3ef1d693b52ba8998f1418df5d4247e05155e	26261a85079db13321a7de8c0b83f9f4d4a8843617179f0c1108386b659b98ca		50046173
ore_ont_6417.owl	224	ok	match	true	production_all	0.0413	7.81	94077acb317cd5bafbd47d0ddce3ef1d693b52ba8998f1418df5d4247e05155e	25a9dfe3607834ad90d624672276aede57eaf02784efa544063dd4489337adab		50046175
ore_ont_6423.owl	225	ok	match	true	production_all	0.2793	79.43	94077acb317cd5bafbd47d0ddce3ef1d693b52ba8998f1418df5d4247e05155e	d6182ad55cdcd6fa7a8d2bdc540436f4c71350f5dd7cfcf8f03c190b92679dd7		50046176
ore_ont_6433.owl	226	ok	match	true	production_all	0.3999	46.45	94077acb317cd5bafbd47d0ddce3ef1d693b52ba8998f1418df5d4247e05155e	7796424c2b2f646b5a3fb8a63b90ddbfc014127b60de867be7a57388a6366d27		50046177
ore_ont_6453.owl	227	ok	match	true	production_all	0.4793	55.13	94077acb317cd5bafbd47d0ddce3ef1d693b52ba8998f1418df5d4247e05155e	25a9dfe3607834ad90d624672276aede57eaf02784efa544063dd4489337adab		50046178
ore_ont_6477.owl	228	ok	match	true	production_all	19.5576	3151.92	94077acb317cd5bafbd47d0ddce3ef1d693b52ba8998f1418df5d4247e05155e	01e8ae5dd77b83a67724a6e40f88ce2191f96e1f74003d90a67d0974f037a188		50046180
ore_ont_6566.owl	229	ok	match	true	production_all	0.0961	15.79	94077acb317cd5bafbd47d0ddce3ef1d693b52ba8998f1418df5d4247e05155e	456de73651e72ad41cafa09ec4862170488fa58bfc96804cf0b22bf8bddcd79a		50046182
ore_ont_6589.owl	230	ok	match	true	nominals	0.0395	7.52	94077acb317cd5bafbd47d0ddce3ef1d693b52ba8998f1418df5d4247e05155e	effa0eaa4edd98d52b7412297ea2f1305fb8161995434cba59061ec953abf851		50046183
ore_ont_6659.owl	231	ok	match	true	production_all	2.1348	530.68	94077acb317cd5bafbd47d0ddce3ef1d693b52ba8998f1418df5d4247e05155e	ebca2b615596b2796e548fc678858b7e399a9eba523ee96579bef889d19801cf		50046184
ore_ont_6682.owl	232	ok	match	true	production_all	29.3395	7991.95	94077acb317cd5bafbd47d0ddce3ef1d693b52ba8998f1418df5d4247e05155e	0a7e90878ba8715efca484296498d433cf7ab87612dc369aacb545029d3e93e3		50046187
ore_ont_6696.owl	233	ok	match	true	production_all	0.0711	10.62	94077acb317cd5bafbd47d0ddce3ef1d693b52ba8998f1418df5d4247e05155e	2d805b780f699bee6f128c54f0e3b589416c072e1830309a93bbc64f730a5d81		50046189
ore_ont_6720.owl	234	ok	match	true	production_all	0.0409	10.31	94077acb317cd5bafbd47d0ddce3ef1d693b52ba8998f1418df5d4247e05155e	3c48c283d1292f55fe67383942d35be768499f1f96e83f0adf812c000ac3b9dd		50046190
ore_ont_6722.owl	235	ok	match	true	production_all	7.6653	1135.34	94077acb317cd5bafbd47d0ddce3ef1d693b52ba8998f1418df5d4247e05155e	4564dd0471d31889baa9329a691ff22bf09d5125cbec7d460810722b7c25a901		50046191
ore_ont_6735.owl	236	ok	match	true	production_all	0.0412	6.56	94077acb317cd5bafbd47d0ddce3ef1d693b52ba8998f1418df5d4247e05155e	568b20ec22f256e9bd4fc9fcf15cf4b3157021cf963d60142af61ee8f90294a8		50046192
ore_ont_6751.owl	237	ok	match	true	production_all	0.2417	32.48	94077acb317cd5bafbd47d0ddce3ef1d693b52ba8998f1418df5d4247e05155e	5c1fe0699854aa6c4f891ae1122faf848af88deaf57d6d6a18959e0c89e90df6		50046205
ore_ont_6765.owl	238	ok	match	true	nominals	8.9551	1583.59	94077acb317cd5bafbd47d0ddce3ef1d693b52ba8998f1418df5d4247e05155e	f4cfde7f23bbb2df47ece80129e120bd127df90b2793cfc5fe5bfe924b0bad33		50046206
ore_ont_6796.owl	239	ok	match	true	production_all	0.0408	7.19	94077acb317cd5bafbd47d0ddce3ef1d693b52ba8998f1418df5d4247e05155e	75b6c8b0da2fa48dcb7812afec56880fd64859eea8a24c86d2dd2f6c6e159e13		50046211
ore_ont_6812.owl	240	ok	match	true	production_all	0.0412	6.56	94077acb317cd5bafbd47d0ddce3ef1d693b52ba8998f1418df5d4247e05155e	1b748642d61733666eec435cb81094c0f59dcbf20443c391069e5a9c8ce51398		50046212
ore_ont_6817.owl	241	ok	match	true	production_all	0.099	16.21	94077acb317cd5bafbd47d0ddce3ef1d693b52ba8998f1418df5d4247e05155e	2a47d8eb1298a2a53d28da4d78f897a04fbc8dcd17e84c2dd3306c341f87ecec		50046213
ore_ont_6855.owl	242	ok	match	true	nominals	0.0423	19.24	94077acb317cd5bafbd47d0ddce3ef1d693b52ba8998f1418df5d4247e05155e	53a658f652f9df7a203289d89ad485dc611e4451cbca395eaaf186dd63f1a2df		50046214
ore_ont_6869.owl	243	ok	match	true	production_all	0.2726	33.86	94077acb317cd5bafbd47d0ddce3ef1d693b52ba8998f1418df5d4247e05155e	222d0c9496adf87472570ce6385aec3f1d0854a9222db549213d721ed89e6940		50046215
ore_ont_6870.owl	244	ok	match	true	production_all	0.3383	45.85	94077acb317cd5bafbd47d0ddce3ef1d693b52ba8998f1418df5d4247e05155e	b073c08ca62b95b0d634eab18aaff4fefe8d4cea94718a22b13e75f9f7cdac85		50046216
ore_ont_6934.owl	245	ok	match	true	nominal_ni_abox	203.7032	3306.37	94077acb317cd5bafbd47d0ddce3ef1d693b52ba8998f1418df5d4247e05155e	5e60a794400802833a9d5785abb6320b7b13d702e48a4c810462bad6c1fc931e		50046217
ore_ont_6999.owl	246	ok	match	true	certified_nominals	0.3023	94.46	94077acb317cd5bafbd47d0ddce3ef1d693b52ba8998f1418df5d4247e05155e	db669ccdb7494f564a988b9f8cf0084b3714c0feb590e272fb75185f2de1c1d3		50046219
ore_ont_7003.owl	247	ok	match	true	production_all	0.0414	8.44	94077acb317cd5bafbd47d0ddce3ef1d693b52ba8998f1418df5d4247e05155e	25a9dfe3607834ad90d624672276aede57eaf02784efa544063dd4489337adab		50046220
ore_ont_7025.owl	248	ok	match	true	nominals	0.9705	587.72	94077acb317cd5bafbd47d0ddce3ef1d693b52ba8998f1418df5d4247e05155e	d46b11fc71dde82bf5ef0a349d3b41a845c9f34f60e8959d9783216dac92d420		50046221
ore_ont_7052.owl	249	ok	match	true	nominals	0.0407	11.79	94077acb317cd5bafbd47d0ddce3ef1d693b52ba8998f1418df5d4247e05155e	3c48c283d1292f55fe67383942d35be768499f1f96e83f0adf812c000ac3b9dd		50046222
ore_ont_7120.owl	250	ok	match	true	production_all	0.0697	13.66	94077acb317cd5bafbd47d0ddce3ef1d693b52ba8998f1418df5d4247e05155e	9448c0d4cf3dfd61d5ba709b2126df314cf4e7ae4c0d1743e9e02490c6743559		50046223
ore_ont_7127.owl	251	ok	match	true	production_all	10.0664	2026.48	94077acb317cd5bafbd47d0ddce3ef1d693b52ba8998f1418df5d4247e05155e	6d60a4b9434307896c1d29c6e289b5379fe2d39b68754be2d07ab82682ab6235		50046227
ore_ont_7169.owl	252	ok	match	true	production_all	0.0408	10.0	94077acb317cd5bafbd47d0ddce3ef1d693b52ba8998f1418df5d4247e05155e	c4515c4f4b99d254b5a695ba508e733b17b41696846c36d6e118dea92ff46e93		50046228
ore_ont_7195.owl	253	ok	match	true	production_all	0.371	43.03	94077acb317cd5bafbd47d0ddce3ef1d693b52ba8998f1418df5d4247e05155e	03accb67d6d40c5c42a9da8431fcefdc8f3c9811fd69b5efc5562d65b4347e9d		50046229
ore_ont_7216.owl	254	ok	match	true	production_all	0.1265	16.4	94077acb317cd5bafbd47d0ddce3ef1d693b52ba8998f1418df5d4247e05155e	3d88a915669fdbb2f868940740069281997953e43042ae1ada668f2b385e3754		50046230
ore_ont_7218.owl	255	ok	match	true	production_all	0.2149	31.54	94077acb317cd5bafbd47d0ddce3ef1d693b52ba8998f1418df5d4247e05155e	c83b420eb9e3ac17fbc453ffe5e2d42074c33e5356f719a005abacab486da9e1		50046231
ore_ont_7220.owl	256	ok	match	true	production_all	0.041	9.38	94077acb317cd5bafbd47d0ddce3ef1d693b52ba8998f1418df5d4247e05155e	c8cc206848dedf9ea7f8187f4b84146cc843be24d1d6f9739b996703419c6f36		50046232
ore_ont_7234.owl	257	ok	match	true	production_all	0.4735	55.39	94077acb317cd5bafbd47d0ddce3ef1d693b52ba8998f1418df5d4247e05155e	8ff975eebd5a426ae5eab822f03c8620c76c8dfb17415f7488768d9facb69e75		50046233
ore_ont_7246.owl	258	ok	match	true	production_all	30.9579	11069.83	94077acb317cd5bafbd47d0ddce3ef1d693b52ba8998f1418df5d4247e05155e	1fdf3d773ce6278032b0975ae42432254a22696e360cb41cffd0e4af032d0537		50046234
ore_ont_7251.owl	259	ok	match	true	production_all	0.4479	57.58	94077acb317cd5bafbd47d0ddce3ef1d693b52ba8998f1418df5d4247e05155e	734ac944226aedb079df6235f3a610f16608c4e87dc06507fee67dfb94131f04		50046235
ore_ont_7256.owl	260	ok	match	true	production_all	1.5893	356.23	94077acb317cd5bafbd47d0ddce3ef1d693b52ba8998f1418df5d4247e05155e	25a9dfe3607834ad90d624672276aede57eaf02784efa544063dd4489337adab		50046236
ore_ont_7270.owl	261	ok	match	true	production_all	0.039	6.88	94077acb317cd5bafbd47d0ddce3ef1d693b52ba8998f1418df5d4247e05155e	881f2546efa252840c0a44322691d9a1341b87054d9105d0362ccb4eb5c55225		50046239
ore_ont_7300.owl	262	ok	match	true	production_all	1.5265	349.25	94077acb317cd5bafbd47d0ddce3ef1d693b52ba8998f1418df5d4247e05155e	f3a81da56d8936d963e8da5a6732f0fbde31d99db78f602deecc01783e44b358		50046263
ore_ont_7320.owl	263	ok	match	true	nominal_ni_abox	0.9412	570.74	94077acb317cd5bafbd47d0ddce3ef1d693b52ba8998f1418df5d4247e05155e	13356683a3a33f75b61c73cd89d37568c8babcdc8082d7ea0be3fecef4c96f69		50046267
ore_ont_7340.owl	264	ok	match	true	production_all	7.7559	1565.57	94077acb317cd5bafbd47d0ddce3ef1d693b52ba8998f1418df5d4247e05155e	b727a7735e45785e7fd4b0d77f5752a29d01036cac0589233213015fcd0f4505		50046268
ore_ont_7343.owl	265	ok	match	true	production_all	4.5736	1164.1	94077acb317cd5bafbd47d0ddce3ef1d693b52ba8998f1418df5d4247e05155e	25a9dfe3607834ad90d624672276aede57eaf02784efa544063dd4489337adab		50046269
ore_ont_7409.owl	266	ok	match	true	nominals	7.5992	1844.25	94077acb317cd5bafbd47d0ddce3ef1d693b52ba8998f1418df5d4247e05155e	dbed370744689df90ceffaea08d2c6f77e205c80fcb51bb68029322c375abec7		50046270
ore_ont_7417.owl	267	ok	match	true	nominals	0.0411	7.5	94077acb317cd5bafbd47d0ddce3ef1d693b52ba8998f1418df5d4247e05155e	5df147bd114ac6ebdefd0fd6c02a07ceb1d45ed947a03f98c077d15d11bc2043		50046271
ore_ont_7418.owl	268	ok	match	true	production_all	0.0409	8.44	94077acb317cd5bafbd47d0ddce3ef1d693b52ba8998f1418df5d4247e05155e	25a9dfe3607834ad90d624672276aede57eaf02784efa544063dd4489337adab		50046275
ore_ont_7439.owl	269	ok	match	true	production_all	0.424	49.18	94077acb317cd5bafbd47d0ddce3ef1d693b52ba8998f1418df5d4247e05155e	a2c9fd27be406668497189b64f1f673b22ea55c2266d5417991166ab3fdc6685		50046277
ore_ont_7455.owl	270	ok	match	true	production_all	3.72	659.69	94077acb317cd5bafbd47d0ddce3ef1d693b52ba8998f1418df5d4247e05155e	94f1b9a52fc04d8b77a815c4dba31d99b3f4ea184d10118c0fe15d2322b8da65		50046280
ore_ont_7474.owl	271	ok	match	true	nominals	8.7583	1586.62	94077acb317cd5bafbd47d0ddce3ef1d693b52ba8998f1418df5d4247e05155e	d8a0ecd1c05efc6540c190219022cbf2596edddcae5850b92e7c19bdfe5ed6c3		50046281
ore_ont_7482.owl	272	ok	match	true	production_all	0.0387	7.19	94077acb317cd5bafbd47d0ddce3ef1d693b52ba8998f1418df5d4247e05155e	aa43997598571957c3e4fcdb5cb14dd1185fb593bc966e197af4fb71bb9d8960		50046283
ore_ont_7493.owl	273	ok	match	true	production_all	1.6583	363.03	94077acb317cd5bafbd47d0ddce3ef1d693b52ba8998f1418df5d4247e05155e	c46365c28ab506d47204cdcb689e860bba483b13191b4646ffa2ce9831e4099d		50046284
ore_ont_7499.owl	274	ok	match	true	certified_card_proxy_abox	82.3199	3194.86	94077acb317cd5bafbd47d0ddce3ef1d693b52ba8998f1418df5d4247e05155e	f82850c6582131358cd9ecc108888e2131734900cf687d055a7a7c0f4fece17d		50046289
ore_ont_7567.owl	275	ok	match	true	production_all	6.3838	1316.25	94077acb317cd5bafbd47d0ddce3ef1d693b52ba8998f1418df5d4247e05155e	aa75019ee58185ca3802480986d3948301c7dc7b9f5316b09b0e61ae3c41d92d		50046290
ore_ont_7576.owl	276	ok	match	true	production_all	0.0403	7.81	94077acb317cd5bafbd47d0ddce3ef1d693b52ba8998f1418df5d4247e05155e	b397cda8a43a43ced776b8d3b7dbdb5774579fa035364a30976b207a127c1028		50046291
ore_ont_7581.owl	277	ok	match	true	production_all	19.3789	4320.15	94077acb317cd5bafbd47d0ddce3ef1d693b52ba8998f1418df5d4247e05155e	d54544ddd6a2f4e91994f13794369403aaa5fd0a5de2c24e8df517e89580021d		50046293
ore_ont_7608.owl	278	ok	match	true	production_all	0.4268	52.96	94077acb317cd5bafbd47d0ddce3ef1d693b52ba8998f1418df5d4247e05155e	151a5767650248760c9540f5134bd6941f23d222ac6cb9ed9d458998b9118ab0		50046294
ore_ont_7639.owl	279	ok	match	true	production_all	0.041	9.9	94077acb317cd5bafbd47d0ddce3ef1d693b52ba8998f1418df5d4247e05155e	0f454f1459631f12284f48aec1c94aab8f7c34d7fd299e7f4aaee4733d694980		50046295
ore_ont_7663.owl	280	ok	match	true	production_all	0.0401	8.44	94077acb317cd5bafbd47d0ddce3ef1d693b52ba8998f1418df5d4247e05155e	bdfac28194877cd85b581a35583329ca129f2cdea9a9cdc366adb73c0615400a		50046297
ore_ont_7716.owl	281	ok	match	true	production_all	1.1046	291.6	94077acb317cd5bafbd47d0ddce3ef1d693b52ba8998f1418df5d4247e05155e	dd3b5bbe7f4a013d8a153f64f72551e43a927e98bb7fee179c0578db0581d568		50046299
ore_ont_7726.owl	282	ok	match	true	production_all	0.4204	47.83	94077acb317cd5bafbd47d0ddce3ef1d693b52ba8998f1418df5d4247e05155e	311a7aa3709f273afb66ff6411d52f4fc995238d84b3102677a5e6ef86c4c392		50046300
ore_ont_7728.owl	283	ok	match	true	production_all	5.5585	1182.93	94077acb317cd5bafbd47d0ddce3ef1d693b52ba8998f1418df5d4247e05155e	3537c300fef513b1f95cbc12ac6827cdffd438bfb9ba466e971464c2b77bd576		50046301
ore_ont_7775.owl	284	ok	match	true	production_all	0.1855	55.84	94077acb317cd5bafbd47d0ddce3ef1d693b52ba8998f1418df5d4247e05155e	55d6d20356364ed92a7cbda694127429aeeeb731cd3403cc51883db1ba926d0a		50046304
ore_ont_7831.owl	285	ok	match	true	production_all	1.4043	384.66	94077acb317cd5bafbd47d0ddce3ef1d693b52ba8998f1418df5d4247e05155e	25a9dfe3607834ad90d624672276aede57eaf02784efa544063dd4489337adab		50046305
ore_ont_7868.owl	286	ok	match	true	production_all	8.5094	1710.97	94077acb317cd5bafbd47d0ddce3ef1d693b52ba8998f1418df5d4247e05155e	4019d9513c497d61fb25100283859e81b66ffeb8e055b430d1e50f947772db73		50046306
ore_ont_7890.owl	287	ok	match	true	production_all	0.0405	6.88	94077acb317cd5bafbd47d0ddce3ef1d693b52ba8998f1418df5d4247e05155e	28a1e49d14379cb1f82aaf14e3c9ef1df435861077b31111dec9d947d4225a51		50046307
ore_ont_7901.owl	288	ok	match	true	production_all	0.129	13.89	94077acb317cd5bafbd47d0ddce3ef1d693b52ba8998f1418df5d4247e05155e	f295da304477c4374ae0a079f38e43b434c23a1e6933ee2cc9876c5711a3f9bb		50046308
ore_ont_7914.owl	289	ok	match	true	production_all	47.2608	9551.37	94077acb317cd5bafbd47d0ddce3ef1d693b52ba8998f1418df5d4247e05155e	5dfdc6168df75c9a1e2dd6485ea1d5b4bf9af6307ea210e9cd1634262e981923		50046309
ore_ont_7956.owl	290	ok	match	true	production_all	5.9227	1277.06	94077acb317cd5bafbd47d0ddce3ef1d693b52ba8998f1418df5d4247e05155e	aebf3b95b4ccf23d1c411a1c30e74773f1b6bbfd775c75a97210b7992cdb471d		50046310
ore_ont_7993.owl	291	ok	match	true	production_all	23.5484	4093.52	94077acb317cd5bafbd47d0ddce3ef1d693b52ba8998f1418df5d4247e05155e	25a9dfe3607834ad90d624672276aede57eaf02784efa544063dd4489337adab		50046311
ore_ont_8006.owl	292	ok	match	true	nominals	0.2782	109.45	94077acb317cd5bafbd47d0ddce3ef1d693b52ba8998f1418df5d4247e05155e	e40a3abda27e0256fd3fc4e4a661444b9097852a17e2cf599e9c252eabadabe5		50046315
ore_ont_8021.owl	293	ok	match	true	production_all	0.0406	10.0	94077acb317cd5bafbd47d0ddce3ef1d693b52ba8998f1418df5d4247e05155e	f1c1aff96369c4199e413436dcd3a0d45b449393826940589aad2446b3122753		50046316
ore_ont_8068.owl	294	ok	match	true	production_all	9.6473	1368.7	94077acb317cd5bafbd47d0ddce3ef1d693b52ba8998f1418df5d4247e05155e	5c2ab9b4b26ecff56fd8e5c58caf281e5feb460455d6e03e7231cb2e3f65d601		50046317
ore_ont_8135.owl	295	ok	match	true	production_all	0.041	9.78	94077acb317cd5bafbd47d0ddce3ef1d693b52ba8998f1418df5d4247e05155e	9251a47de72167549d5ded7d510bf8d803f42b3c0a1ad48a7374556417c186d9		50046318
ore_ont_8145.owl	296	ok	match	true	production_all	4.409	1147.4	94077acb317cd5bafbd47d0ddce3ef1d693b52ba8998f1418df5d4247e05155e	25a9dfe3607834ad90d624672276aede57eaf02784efa544063dd4489337adab		50046319
ore_ont_8169.owl	297	ok	match	true	production_all	0.0408	7.19	94077acb317cd5bafbd47d0ddce3ef1d693b52ba8998f1418df5d4247e05155e	ea6c013a1f02885a5417d8db9efecd7258fe49a6a6b9b6f24b6332e245a117b4		50046322
ore_ont_8175.owl	298	ok	match	true	production_all	0.1268	17.01	94077acb317cd5bafbd47d0ddce3ef1d693b52ba8998f1418df5d4247e05155e	ae99b783760a88e6b52f52e8fc649a680d05124b89be44322252f8d9a4e9b7b8		50046326
ore_ont_8298.owl	299	ok	match	true	production_all	0.0995	14.91	94077acb317cd5bafbd47d0ddce3ef1d693b52ba8998f1418df5d4247e05155e	e832933cc9322364c76e54ba0f51d9548d6c2077fed14e9a627e5529006be3d7		50037480
ore_ont_8322.owl	300	ok	match	true	nominals	9.2479	1670.61	94077acb317cd5bafbd47d0ddce3ef1d693b52ba8998f1418df5d4247e05155e	3c47845e47bf260331395c02e3ce3c65fed55eb04a364eceadf9a50b552821e0		50045609
ore_ont_8329.owl	301	ok	match	true	production_all	0.2181	33.26	94077acb317cd5bafbd47d0ddce3ef1d693b52ba8998f1418df5d4247e05155e	c83b420eb9e3ac17fbc453ffe5e2d42074c33e5356f719a005abacab486da9e1		50045629
ore_ont_8347.owl	302	ok	match	true	production_all	0.2495	41.42	94077acb317cd5bafbd47d0ddce3ef1d693b52ba8998f1418df5d4247e05155e	2e3d43d2ccdef95965bb116db6a147ac1c9436689d91642fdc0a0ae516665943		50045634
ore_ont_8369.owl	303	ok	match	true	production_all	0.0409	9.06	94077acb317cd5bafbd47d0ddce3ef1d693b52ba8998f1418df5d4247e05155e	25a9dfe3607834ad90d624672276aede57eaf02784efa544063dd4489337adab		50045640
ore_ont_8462.owl	304	ok	match	true	production_all	0.0411	9.06	94077acb317cd5bafbd47d0ddce3ef1d693b52ba8998f1418df5d4247e05155e	25a9dfe3607834ad90d624672276aede57eaf02784efa544063dd4489337adab		50045644
ore_ont_8480.owl	305	ok	match	true	nominals	19.5021	5442.19	94077acb317cd5bafbd47d0ddce3ef1d693b52ba8998f1418df5d4247e05155e	ac1340ed5caad4831da799f8842d2893e8d9f310dce3d084390affed2072a4a6		50045677
ore_ont_8486.owl	306	ok	match	true	production_all	37.6335	2586.39	94077acb317cd5bafbd47d0ddce3ef1d693b52ba8998f1418df5d4247e05155e	e8538c62c6e3407ba8b6f280e031e7778ea96154b374ccb60e0e9aeca2c8a742		50045688
ore_ont_8492.owl	307	ok	match	true	production_all	0.3666	48.61	94077acb317cd5bafbd47d0ddce3ef1d693b52ba8998f1418df5d4247e05155e	65cd57dacb88edecf9f413022ff56ff1b53b173333a926445a1c708a5b12a13c		50045942
ore_ont_8557.owl	308	ok	match	true	production_all	2.0934	617.97	94077acb317cd5bafbd47d0ddce3ef1d693b52ba8998f1418df5d4247e05155e	25a9dfe3607834ad90d624672276aede57eaf02784efa544063dd4489337adab		50045951
ore_ont_8579.owl	309	ok	match	true	production_all	0.2794	43.73	94077acb317cd5bafbd47d0ddce3ef1d693b52ba8998f1418df5d4247e05155e	25a9dfe3607834ad90d624672276aede57eaf02784efa544063dd4489337adab		50045964
ore_ont_8634.owl	310	ok	match	true	production_all	2.9382	705.51	94077acb317cd5bafbd47d0ddce3ef1d693b52ba8998f1418df5d4247e05155e	7e3f4f2b20876c80b4f4c449df65b6cbc2ee89ce460335c802183fd013914ddc		50045982
ore_ont_8641.owl	311	ok	match	true	production_all	0.2167	27.41	94077acb317cd5bafbd47d0ddce3ef1d693b52ba8998f1418df5d4247e05155e	f28ec1c5ea5f0658828881e84767eaceaf4d7075058f90e8ed3c02de5bcf87e3		50046020
ore_ont_8667.owl	312	ok	match	true	production_all	0.0396	6.56	94077acb317cd5bafbd47d0ddce3ef1d693b52ba8998f1418df5d4247e05155e	7e6ad8de8a1f7ae523024c33c5dda271da9e1d5229bd795b78a7f45b55fdfee5		50046021
ore_ont_8730.owl	313	ok	match	true	production_all	0.0697	14.85	94077acb317cd5bafbd47d0ddce3ef1d693b52ba8998f1418df5d4247e05155e	49bbd16d161499bca9c39a7c91db140777f3181f91d095be67c258599383b106		50046025
ore_ont_8737.owl	314	ok	match	true	production_all	104.9315	9983.87	94077acb317cd5bafbd47d0ddce3ef1d693b52ba8998f1418df5d4247e05155e	25a9dfe3607834ad90d624672276aede57eaf02784efa544063dd4489337adab		50046028
ore_ont_8744.owl	315	ok	match	true	production_all	0.0988	18.07	94077acb317cd5bafbd47d0ddce3ef1d693b52ba8998f1418df5d4247e05155e	d713f119f4ce447a586bfb40e881c98b8c953c4a5055106a42abe8529e26e0de		50046157
ore_ont_8759.owl	316	ok	match	true	production_all	0.128	22.1	94077acb317cd5bafbd47d0ddce3ef1d693b52ba8998f1418df5d4247e05155e	dc8dba3248ce86b519e958417ad4c4002c3773fde402451f98bc052f131f8f31		50046161
ore_ont_8792.owl	317	ok	match	true	production_all	0.6755	81.1	94077acb317cd5bafbd47d0ddce3ef1d693b52ba8998f1418df5d4247e05155e	cc8ed26f34adca4dd9418c34241a6b1a4a77d65ca564619e47b9ceeb308ef87b		50046174
ore_ont_8806.owl	318	ok	match	true	production_all	0.0402	7.19	94077acb317cd5bafbd47d0ddce3ef1d693b52ba8998f1418df5d4247e05155e	ba414f74ab3e7b966cd457b609dabae6ba612401e7274ca55d7881bc9d22987c		50046179
ore_ont_8864.owl	319	ok	match	true	production_all	0.6888	68.94	94077acb317cd5bafbd47d0ddce3ef1d693b52ba8998f1418df5d4247e05155e	159a022b4f747d2d997be119b1931f66afb88d8f3178ce39578474349bc072e1		50046188
ore_ont_8937.owl	320	ok	match	true	production_all	0.0396	6.56	94077acb317cd5bafbd47d0ddce3ef1d693b52ba8998f1418df5d4247e05155e	64fc5b419fe9b852ab9cf2f041610574b2172f0b82fdccaa1be515d0dc303e22		50046207
ore_ont_8941.owl	321	ok	match	true	nominals	0.0402	9.29	94077acb317cd5bafbd47d0ddce3ef1d693b52ba8998f1418df5d4247e05155e	3c48c283d1292f55fe67383942d35be768499f1f96e83f0adf812c000ac3b9dd		50046208
ore_ont_8974.owl	322	ok	match	true	production_all	0.0398	6.88	94077acb317cd5bafbd47d0ddce3ef1d693b52ba8998f1418df5d4247e05155e	1c432924c500260bbb560ba78e947ea3b0024c5972c5c62446d653f8aab82707		50046218
ore_ont_8982.owl	323	ok	match	true	production_all	7.6847	1716.16	94077acb317cd5bafbd47d0ddce3ef1d693b52ba8998f1418df5d4247e05155e	1c1d0d6b85946a2f8329e9e475abff843d882bca0287daf3cbff8b3714e65d12		50046224
ore_ont_8999.owl	324	ok	match	true	nominals	7.9574	1567.56	94077acb317cd5bafbd47d0ddce3ef1d693b52ba8998f1418df5d4247e05155e	97d6d9eb3b55d3f801af85340de71c922ff497f5e0b9ee8e21994c3ff6c8fc88		50046264
ore_ont_9002.owl	325	ok	match	true	production_all	0.0409	10.43	94077acb317cd5bafbd47d0ddce3ef1d693b52ba8998f1418df5d4247e05155e	99d0faced2959471b60d0a67e805997d23dd3321683895b93ca62646f3ba0259		50046274
ore_ont_9014.owl	326	ok	match	true	production_all	0.2181	34.27	94077acb317cd5bafbd47d0ddce3ef1d693b52ba8998f1418df5d4247e05155e	ce8e2abddc8b99ee5b90fd21def4355dfa9a5fac43a6e72b093db0e5a4ed6c84		50046278
ore_ont_9020.owl	327	ok	match	true	production_all	0.1292	23.59	94077acb317cd5bafbd47d0ddce3ef1d693b52ba8998f1418df5d4247e05155e	25a9dfe3607834ad90d624672276aede57eaf02784efa544063dd4489337adab		50046282
ore_ont_9024.owl	328	ok	match	true	production_all	0.487	169.64	94077acb317cd5bafbd47d0ddce3ef1d693b52ba8998f1418df5d4247e05155e	0205fe9d5bff8d6ac81af28ac8ca71cf10b61b85998e5e70242fdd9be69af349		50046285
ore_ont_9031.owl	329	ok	match	true	production_all	0.0399	6.88	94077acb317cd5bafbd47d0ddce3ef1d693b52ba8998f1418df5d4247e05155e	0e5701300cb5b8f0a6c312b537991848cadb3b0f94a7bf40999cee4fa10694a5		50046292
ore_ont_9096.owl	330	ok	match	true	nominals	0.1026	46.91	94077acb317cd5bafbd47d0ddce3ef1d693b52ba8998f1418df5d4247e05155e	f3b5d8340ae8952054a204146b16e5e82818390360e61cd62831da4c24b7867f		50046296
ore_ont_9400.owl	331	ok	match	true	production_all	14.7673	2311.22	94077acb317cd5bafbd47d0ddce3ef1d693b52ba8998f1418df5d4247e05155e	ed813c6bb729688629abd57498c392f2b9c59e451076692d26d323cf17b5b4f8		50046298
ore_ont_9435.owl	332	ok	match	true	production_all	0.1269	19.6	94077acb317cd5bafbd47d0ddce3ef1d693b52ba8998f1418df5d4247e05155e	bab32340487d9aa994aee6bdaf676387d6926cc59863cba1314a0a6e18015ea7		50046320
ore_ont_9498.owl	333	ok	match	true	production_all	18.7888	3174.08	94077acb317cd5bafbd47d0ddce3ef1d693b52ba8998f1418df5d4247e05155e	c914feef45d9a4d58fa282a84a58b29a7872e69a5cf0a0dfb7ecc6fbbd2ad83a		50046324
ore_ont_9499.owl	334	ok	match	true	production_all	15.5874	2468.68	94077acb317cd5bafbd47d0ddce3ef1d693b52ba8998f1418df5d4247e05155e	fabf3860014083f4e7c6d1d0775efe1dda40bb124bf6b4619c1876a9f9ce17d7		50046361
ore_ont_9509.owl	335	ok	match	true	production_all	0.0399	6.88	94077acb317cd5bafbd47d0ddce3ef1d693b52ba8998f1418df5d4247e05155e	6dfd8cd44c067cdcb5a447f5a0784d0ac3b59f0323ba1fc7d4e3cb65ca402c53		50046367
ore_ont_9513.owl	336	ok	match	true	production_all	0.3996	54.41	94077acb317cd5bafbd47d0ddce3ef1d693b52ba8998f1418df5d4247e05155e	b1066b92f86cd2250dcc3e4f9d6e0d6a47ba59ae0608d54dcef83b1e86cfcc63		50046369
ore_ont_9540.owl	337	ok	match	true	certified_card_nominals	0.7431	120.36	94077acb317cd5bafbd47d0ddce3ef1d693b52ba8998f1418df5d4247e05155e	973e3ccc38715145084b7fb36d95be8b4824aaa80931af741fbff473c7aa7e61		50046370
ore_ont_9557.owl	338	ok	match	true	nominals	0.0999	43.45	94077acb317cd5bafbd47d0ddce3ef1d693b52ba8998f1418df5d4247e05155e	09b5dccb229d2940f720397ba57fae3d2e043099ed5fd4d41189946d9d8fe955		50046371
ore_ont_9567.owl	339	ok	match	true	production_all	5.5969	1056.52	94077acb317cd5bafbd47d0ddce3ef1d693b52ba8998f1418df5d4247e05155e	0b8fb805974ec14b4df641131aa1c4af1eaed8babda4ab870378a05ef7aa26a0		50046372
ore_ont_9590.owl	340	ok	match	true	production_all	0.279	40.97	94077acb317cd5bafbd47d0ddce3ef1d693b52ba8998f1418df5d4247e05155e	df32deb27449bcec194c3446ed312e9c77f71f413ebfe65ce6192a5563336ff6		50046377
ore_ont_9598.owl	341	ok	match	true	production_all	0.0694	13.64	94077acb317cd5bafbd47d0ddce3ef1d693b52ba8998f1418df5d4247e05155e	007a7c6b5298f817cc16cad9262411ac152ca7efbc034b87fcf0a608dcf3739c		50046378
ore_ont_9612.owl	342	ok	match	true	production_all	0.3385	47.19	94077acb317cd5bafbd47d0ddce3ef1d693b52ba8998f1418df5d4247e05155e	f36c7be0b65832b4a9cfe365697a413c326eae0f77db2a4eb2b060ca95f29725		50046379
ore_ont_9635.owl	343	ok	match	true	certified_nominals	0.1554	35.85	94077acb317cd5bafbd47d0ddce3ef1d693b52ba8998f1418df5d4247e05155e	05ec2b7af10ca0553fabdf219377baf556044a8a0e3b71215555cfc44d511b13		50046383
ore_ont_9646.owl	344	ok	match	true	production_all	0.0988	17.8	94077acb317cd5bafbd47d0ddce3ef1d693b52ba8998f1418df5d4247e05155e	32872f949ba62fe301386711bc639b7c57ba02cb5e33704bed90d8c022867ba0		50046384
ore_ont_9654.owl	345	ok	match	true	production_all	13.3185	2077.45	94077acb317cd5bafbd47d0ddce3ef1d693b52ba8998f1418df5d4247e05155e	8b2ef7faa2cdbe8e9e36287b8922fbabeb4c1b9c92bff7f51ab2a33e920eb799		50046385
ore_ont_9663.owl	346	ok	match	true	production_all	21.847	4981.75	94077acb317cd5bafbd47d0ddce3ef1d693b52ba8998f1418df5d4247e05155e	02f5fd4d3395072d1c692c7fa0de012e7a86d3feca88c8984310f302e86a86f3		50046395
ore_ont_9668.owl	347	ok	match	true	nominals	1.2296	743.72	94077acb317cd5bafbd47d0ddce3ef1d693b52ba8998f1418df5d4247e05155e	6dd2a1f6eaa9f001ed5c7db958ff1edd374302f7b4e6b64679a6b0deb7635ff6		50046436
ore_ont_9674.owl	348	ok	match	true	production_all	42.9647	2800.9	94077acb317cd5bafbd47d0ddce3ef1d693b52ba8998f1418df5d4247e05155e	c1178310a91e0aff7b3209af626b01157a45f221df1fe058845f7585ee7b650f		50046438
ore_ont_9695.owl	349	ok	match	true	production_all	0.0398	9.38	94077acb317cd5bafbd47d0ddce3ef1d693b52ba8998f1418df5d4247e05155e	7af604002c66e3631410e327b01a0e80f08f9e3eef9bf28079638e0957334616		50046493
ore_ont_9724.owl	350	ok	match	true	ht_bridge	34.3698	8204.75	94077acb317cd5bafbd47d0ddce3ef1d693b52ba8998f1418df5d4247e05155e	95d679d0ee51b14583ca4dffe419b1c7e128398d207a2bdb25ab9eaa06c03b05		50046494
ore_ont_9761.owl	351	ok	match	true	production_all	0.3065	38.0	94077acb317cd5bafbd47d0ddce3ef1d693b52ba8998f1418df5d4247e05155e	22f28c620b9541258ef5651487ced86b41df9bf0c60da852ae9f7427900570a0		50046538
ore_ont_9768.owl	352	ok	match	true	production_all	18.3562	3615.45	94077acb317cd5bafbd47d0ddce3ef1d693b52ba8998f1418df5d4247e05155e	25a9dfe3607834ad90d624672276aede57eaf02784efa544063dd4489337adab		50046540
ore_ont_9772.owl	353	ok	match	true	production_all	0.1863	25.41	94077acb317cd5bafbd47d0ddce3ef1d693b52ba8998f1418df5d4247e05155e	6b1945e00a8cb4bdfc5e2e33e163d8de34c7ab1d0dc1d2517212df3700e3805b		50046551
ore_ont_9790.owl	354	ok	match	true	production_all	0.1254	21.79	94077acb317cd5bafbd47d0ddce3ef1d693b52ba8998f1418df5d4247e05155e	3db60447b84c1d14d898433b9a590740d2ae89cc4a09c7cf0000b62fbd9761c9		50046552
ore_ont_9792.owl	355	ok	match	true	production_all	0.3648	38.97	94077acb317cd5bafbd47d0ddce3ef1d693b52ba8998f1418df5d4247e05155e	dbe74c4da873c1e82fbd5ece88e723708b12df7d0ad4b65f1697fa978df35436		50046553
ore_ont_9794.owl	356	ok	match	true	production_all	10.922	2000.09	94077acb317cd5bafbd47d0ddce3ef1d693b52ba8998f1418df5d4247e05155e	25a9dfe3607834ad90d624672276aede57eaf02784efa544063dd4489337adab		50046555
ore_ont_9854.owl	357	ok	match	true	production_all	0.04	6.88	94077acb317cd5bafbd47d0ddce3ef1d693b52ba8998f1418df5d4247e05155e	ee884ca781aa9b3125755319fa04fe136fa8b6f3fb9d4b223e1c1b2e217303de		50046557
ore_ont_9857.owl	358	ok	match	true	production_all	0.0692	14.69	94077acb317cd5bafbd47d0ddce3ef1d693b52ba8998f1418df5d4247e05155e	bcfb6d2459d0b343cdf9cdbcddfc92088fbc1bfabadf5f65c4a6dddca42a41bd		50046558
ore_ont_9881.owl	359	ok	match	true	nominals	7.1405	2122.25	94077acb317cd5bafbd47d0ddce3ef1d693b52ba8998f1418df5d4247e05155e	02d9215f1ccaeb8d1e8b4b1e423f86b9d4823b9e676fff8c3eb898814e1d4ac1		50046560
ore_ont_9894.owl	360	ok	match	true	production_all	2.2289	553.42	94077acb317cd5bafbd47d0ddce3ef1d693b52ba8998f1418df5d4247e05155e	db1af93afa5192ad635ea4163a536087e106a263a674d3d09252ed9490418892		50046563
ore_ont_9904.owl	361	ok	match	true	nominals	0.0402	7.81	94077acb317cd5bafbd47d0ddce3ef1d693b52ba8998f1418df5d4247e05155e	adc2de296c6ec11b58563a175cea58529c2ad32fa0935808086fc3ef4a761903		50046587
ore_ont_9944.owl	362	ok	match	true	production_all	7.9234	8934.88	94077acb317cd5bafbd47d0ddce3ef1d693b52ba8998f1418df5d4247e05155e	ea9d6bdd0418ec22cde4ad8b0e6530e9d396250d8ba2222427e290bfb6cf3b50		50046593
ore_ont_9958.owl	363	ok	match	true	production_all	6.268	1248.79	94077acb317cd5bafbd47d0ddce3ef1d693b52ba8998f1418df5d4247e05155e	6ac501d44cf044992209e9135655b7315326abaa29e2c1883c98e5f95a5c4bf2		50046594
ore_ont_10016.owl	364	ok	match	true	production_all	9.5239	1907.79	94077acb317cd5bafbd47d0ddce3ef1d693b52ba8998f1418df5d4247e05155e	ffc30b418ed2dea607f009293e1b0790243765404ed2061c4342c30a716ea818		50046595
ore_ont_10032.owl	365	ok	match	true	production_all	5.52	1180.45	94077acb317cd5bafbd47d0ddce3ef1d693b52ba8998f1418df5d4247e05155e	df5204236b942809dc9fff216bc1a3ccf523cc361d1cb9ca2a12b36456249647		50046598
ore_ont_10056.owl	366	ok	match	true	production_all	0.0402	7.5	94077acb317cd5bafbd47d0ddce3ef1d693b52ba8998f1418df5d4247e05155e	f7263b2424943a6318ad423eee5cfaaeca18173aea87826910f2cb3fb4c4b1b2		50046601
ore_ont_10073.owl	367	ok	match	true	production_all	23.3185	3127.5	94077acb317cd5bafbd47d0ddce3ef1d693b52ba8998f1418df5d4247e05155e	1b068c5c15f054d5fc7dfa7c91fb77a80e6f68257c0fc156f590edef3ad57fcc		50046602
ore_ont_10123.owl	368	ok	match	true	production_all	0.2521	50.73	94077acb317cd5bafbd47d0ddce3ef1d693b52ba8998f1418df5d4247e05155e	6c1e4b555838fde9f917bb140c40e003f75025a08623e3e15f59f34c17f857df		50046605
ore_ont_10127.owl	369	ok	match	true	production_all	1.982	467.55	94077acb317cd5bafbd47d0ddce3ef1d693b52ba8998f1418df5d4247e05155e	283d2c8230fa2895f44aba726960f75168e6d58971847b981a04a9e0bd18bba9		50046607
ore_ont_10134.owl	370	ok	match	true	production_all	0.0693	11.25	94077acb317cd5bafbd47d0ddce3ef1d693b52ba8998f1418df5d4247e05155e	bc13a85d7f537f9cbcc5b18b5b8aeaed250a0fc46e00fddc1c050b856943af7a		50046609
ore_ont_10146.owl	371	ok	match	true	production_all	0.1297	48.45	94077acb317cd5bafbd47d0ddce3ef1d693b52ba8998f1418df5d4247e05155e	683d410181c3d77df65f94caa014438ac468a3561b4882c004553c184a3828bb		50046610
ore_ont_10160.owl	372	ok	match	true	production_all	0.0692	14.69	94077acb317cd5bafbd47d0ddce3ef1d693b52ba8998f1418df5d4247e05155e	6c33730d4bc6e1f6aa064f2e182593f9b6519c412c818788fe0699cb90c27b55		50046611
ore_ont_10175.owl	373	ok	match	true	production_all	5.2279	1199.77	94077acb317cd5bafbd47d0ddce3ef1d693b52ba8998f1418df5d4247e05155e	f2e2f4eb571840cb8dafeed07f560af4b9be804c588296846bfc41133239eb2a		50046613
ore_ont_10212.owl	374	ok	match	true	production_all	0.1016	27.32	94077acb317cd5bafbd47d0ddce3ef1d693b52ba8998f1418df5d4247e05155e	216f018137fd6a812635f1e59284986b66efd3f70e76508f72065d2375e81484		50046654
ore_ont_10242.owl	375	ok	match	true	nominals	2.1323	1596.36	94077acb317cd5bafbd47d0ddce3ef1d693b52ba8998f1418df5d4247e05155e	5e240020e54a32d546f0aab6ca84621979706a46542490537626cfc5a1b72787		50046655
ore_ont_10248.owl	376	ok	match	true	production_all	6.308	1339.37	94077acb317cd5bafbd47d0ddce3ef1d693b52ba8998f1418df5d4247e05155e	6c0877b5e054be5e2cef3b76c276a9c5007025f8483e4230c7156c7a45774003		50046656
ore_ont_10280.owl	377	ok	match	true	production_all	0.1597	28.38	94077acb317cd5bafbd47d0ddce3ef1d693b52ba8998f1418df5d4247e05155e	800442fb37369b500ebabfa01bfee81e440a7c142ba49f49d1d47e6d1242d926		50046659
ore_ont_10283.owl	378	ok	match	true	production_all	0.04	9.06	94077acb317cd5bafbd47d0ddce3ef1d693b52ba8998f1418df5d4247e05155e	253ab9c47deb593a7b0fa2c333acee0b1d4131ff3ce88668588e415dd100bd98		50046661
ore_ont_10309.owl	379	ok	match	true	production_all	0.0402	6.88	94077acb317cd5bafbd47d0ddce3ef1d693b52ba8998f1418df5d4247e05155e	1c432924c500260bbb560ba78e947ea3b0024c5972c5c62446d653f8aab82707		50046666
ore_ont_10314.owl	380	ok	match	true	production_all	0.041	12.93	94077acb317cd5bafbd47d0ddce3ef1d693b52ba8998f1418df5d4247e05155e	94d5c5d620349befe39d4041174b395ecf56b4f42891f7591db65771e98d546c		50046667
ore_ont_10321.owl	381	ok	match	true	nominal_ni_abox	0.0409	8.75	94077acb317cd5bafbd47d0ddce3ef1d693b52ba8998f1418df5d4247e05155e	25a9dfe3607834ad90d624672276aede57eaf02784efa544063dd4489337adab		50046669
ore_ont_10362.owl	382	ok	match	true	certified_nominals	0.0693	9.97	94077acb317cd5bafbd47d0ddce3ef1d693b52ba8998f1418df5d4247e05155e	bdaac64809d4dd860324e7acbccf4b9ea1efd832fe30164f4085e4f0ef73d093		50046672
ore_ont_10389.owl	383	ok	match	true	production_all	0.1907	29.59	94077acb317cd5bafbd47d0ddce3ef1d693b52ba8998f1418df5d4247e05155e	66cf798e2a6d852b552a503df73f79fe7386094dc37bb43419cf48547670e743		50046673
ore_ont_10413.owl	384	ok	match	true	production_all	0.0406	8.44	94077acb317cd5bafbd47d0ddce3ef1d693b52ba8998f1418df5d4247e05155e	25a9dfe3607834ad90d624672276aede57eaf02784efa544063dd4489337adab		50046676
ore_ont_10445.owl	385	ok	match	true	production_all	9.7955	2722.16	94077acb317cd5bafbd47d0ddce3ef1d693b52ba8998f1418df5d4247e05155e	25a9dfe3607834ad90d624672276aede57eaf02784efa544063dd4489337adab		50046677
ore_ont_10516.owl	386	ok	match	true	production_all	0.0397	8.75	94077acb317cd5bafbd47d0ddce3ef1d693b52ba8998f1418df5d4247e05155e	6465a6f722e6155f37f042174b14783c944b0e9cbeb5fd290f7d4fef100eb9e7		50046682
ore_ont_10536.owl	387	ok	match	true	production_all	0.04	8.57	94077acb317cd5bafbd47d0ddce3ef1d693b52ba8998f1418df5d4247e05155e	8bc83a8d066e749a174d488d953064092d8c11300c09aa86119c0a2c4b3bceb8		50046685
ore_ont_10594.owl	388	ok	match	true	nominals	0.9547	561.57	94077acb317cd5bafbd47d0ddce3ef1d693b52ba8998f1418df5d4247e05155e	a92d8283ca794f043d4e8674c1f149fff5ded6960d02750dd54c37511fec308a		50046686
ore_ont_10621.owl	389	ok	match	true	certified_nominals	78.3017	10080.79	94077acb317cd5bafbd47d0ddce3ef1d693b52ba8998f1418df5d4247e05155e	cb490ae3d086535d4ef467ed5277e5f497e221d84a79a70fb0dc87afb8a45ccf		50046689
ore_ont_10689.owl	390	ok	match	true	production_all	42.7209	2797.94	94077acb317cd5bafbd47d0ddce3ef1d693b52ba8998f1418df5d4247e05155e	be6be6663ffd9721606bf3cb61308789c55c28ffbe8d4ba2d85d0ee60b7fcc0f		50046740
ore_ont_10697.owl	391	ok	match	true	production_all	3.4065	695.03	94077acb317cd5bafbd47d0ddce3ef1d693b52ba8998f1418df5d4247e05155e	7ef5274bff5da1265da9caf1bf27fbebeeb483aef1ef0c5042648b1408918a22		50046832
ore_ont_10702.owl	392	ok	match	true	nominal_ni_tbox	2.3334	22.15	94077acb317cd5bafbd47d0ddce3ef1d693b52ba8998f1418df5d4247e05155e	eee761d0c89347a42ce9a221e7d98295f4a9d7527c755cb3eafa9978cc06d55b		50046833
ore_ont_10742.owl	393	ok	match	true	production_all	0.1284	21.0	94077acb317cd5bafbd47d0ddce3ef1d693b52ba8998f1418df5d4247e05155e	4939673f071bec5faf58247da86935819a596518944a49e03241c0b6571eaedc		50046835
ore_ont_10749.owl	394	ok	match	true	nominals	0.4549	284.97	94077acb317cd5bafbd47d0ddce3ef1d693b52ba8998f1418df5d4247e05155e	87e9f917a51555b2f5c32dc06ca16d2e78ce9a4786b4c566eda495fe308d7ea0		50046836
ore_ont_10750.owl	395	ok	match	true	production_all	54.5788	6119.98	94077acb317cd5bafbd47d0ddce3ef1d693b52ba8998f1418df5d4247e05155e	25a9dfe3607834ad90d624672276aede57eaf02784efa544063dd4489337adab		50046837
ore_ont_10769.owl	396	ok	match	true	production_all	0.0397	8.44	94077acb317cd5bafbd47d0ddce3ef1d693b52ba8998f1418df5d4247e05155e	25a9dfe3607834ad90d624672276aede57eaf02784efa544063dd4489337adab		50046845
ore_ont_10778.owl	397	ok	match	true	production_all	3.4431	826.32	94077acb317cd5bafbd47d0ddce3ef1d693b52ba8998f1418df5d4247e05155e	85cc3f3c22308567df50cc27a367ae51ff51c8011dd6e0db264ab734284598d2		50046848
ore_ont_10781.owl	398	ok	match	true	nominals	0.5858	611.9	94077acb317cd5bafbd47d0ddce3ef1d693b52ba8998f1418df5d4247e05155e	00758ec29ea6954778af43d3f08c6d6f055402a39656b8b827a5466c1e4b0849		50046879
ore_ont_10806.owl	399	ok	match	true	production_all	0.2486	38.43	94077acb317cd5bafbd47d0ddce3ef1d693b52ba8998f1418df5d4247e05155e	74b1a536119970eb697b1f362b77f0af0c2b62ec59fbffd18d1de0027090e69b		50046880
ore_ont_10833.owl	400	ok	match	true	production_all	0.0405	8.75	94077acb317cd5bafbd47d0ddce3ef1d693b52ba8998f1418df5d4247e05155e	25a9dfe3607834ad90d624672276aede57eaf02784efa544063dd4489337adab		50046881
ore_ont_10860.owl	401	ok	nogold	false	ht_rules	0.0409	10.62	94077acb317cd5bafbd47d0ddce3ef1d693b52ba8998f1418df5d4247e05155e	3c48c283d1292f55fe67383942d35be768499f1f96e83f0adf812c000ac3b9dd		50037458
ore_ont_10890.owl	402	ok	match	true	production_all	0.2775	32.79	94077acb317cd5bafbd47d0ddce3ef1d693b52ba8998f1418df5d4247e05155e	d6d944bda034a28f5f56e0b9e9e1a95a6dab7e1436f535eb79be30bed06b3ffd		50046885
ore_ont_10908.owl	403	ok	match	true	production_all	10.0352	1145.21	94077acb317cd5bafbd47d0ddce3ef1d693b52ba8998f1418df5d4247e05155e	161a98a585fc8e21f60afe6610dba4ca012aaee9bfad97346de51a1b434cf786		50046886
ore_ont_10951.owl	404	ok	match	true	production_all	0.1928	43.04	94077acb317cd5bafbd47d0ddce3ef1d693b52ba8998f1418df5d4247e05155e	1b89738d6fbade1eaa90287b7543cd5ab1eca4a44ad3466bf0ef7b921ac81aaf		50046889
ore_ont_10968.owl	405	ok	match	true	production_all	0.1285	20.85	94077acb317cd5bafbd47d0ddce3ef1d693b52ba8998f1418df5d4247e05155e	88cbac66a54cfeaf04967f7ec263a98959a6287df46eed2d3ade7b7b021e9a09		50046890
ore_ont_11009.owl	406	ok	match	true	production_all	0.07	13.28	94077acb317cd5bafbd47d0ddce3ef1d693b52ba8998f1418df5d4247e05155e	9b6af4d9456a057732eed6f4edd4c6d03409183b742304705ae9c5d22f2e83d2		50046891
ore_ont_11010.owl	407	ok	match	true	production_all	0.0399	7.5	94077acb317cd5bafbd47d0ddce3ef1d693b52ba8998f1418df5d4247e05155e	2b911469722f5b04c8805dc441873cfae6fcb261e12933bdffe402e2897a2ee6		50046893
ore_ont_11014.owl	408	ok	match	true	production_all	0.0404	10.62	94077acb317cd5bafbd47d0ddce3ef1d693b52ba8998f1418df5d4247e05155e	72cd88051c821cd06ad5106a19f4145824f4bdff70821eff1bcc1cfe017f1b6b		50046896
ore_ont_11016.owl	409	ok	match	true	nominal_ni_abox	0.4067	207.29	94077acb317cd5bafbd47d0ddce3ef1d693b52ba8998f1418df5d4247e05155e	17ac165e5d7677646ccf0943b78bf7322b4c3d316a3bc85d662709c85dc88b0c		50046898
ore_ont_11081.owl	410	ok	match	true	production_all	1.1564	308.34	94077acb317cd5bafbd47d0ddce3ef1d693b52ba8998f1418df5d4247e05155e	b32f2ff1bff70ea99cef3fb709025b066120345e74768c3a2a046c0dbc2a99d9		50046899
ore_ont_11140.owl	411	ok	match	true	production_all	0.1894	27.72	94077acb317cd5bafbd47d0ddce3ef1d693b52ba8998f1418df5d4247e05155e	25a9dfe3607834ad90d624672276aede57eaf02784efa544063dd4489337adab		50046900
ore_ont_11207.owl	412	ok	match	true	production_all	1.8387	477.77	94077acb317cd5bafbd47d0ddce3ef1d693b52ba8998f1418df5d4247e05155e	1d053e818a80eb36d0a8795c930a6ab97ce4697c6f859dcef0b35f6588e24d9c		50046901
ore_ont_11291.owl	413	ok	match	true	production_all	0.0406	10.26	94077acb317cd5bafbd47d0ddce3ef1d693b52ba8998f1418df5d4247e05155e	42e2ecfb6f2d4cdcd3acde0696c9fdbe2bc0c3b357bb316ea83a11490169ad54		50046902
ore_ont_11293.owl	414	ok	match	true	production_all	6.0135	1360.24	94077acb317cd5bafbd47d0ddce3ef1d693b52ba8998f1418df5d4247e05155e	f0c432fee3845eb4ee0944c812ab0cadbbb8b96ea3184fcfff116504553d20e6		50046903
ore_ont_11311.owl	415	ok	match	true	cb_plain16	8.0926	5915.68	94077acb317cd5bafbd47d0ddce3ef1d693b52ba8998f1418df5d4247e05155e	7549d4160fa3a2f2527fa6fbddb1b4eae3f12e3101894696fb88756a02004828		50046906
ore_ont_11315.owl	416	ok	match	true	production_all	21.9581	2868.48	94077acb317cd5bafbd47d0ddce3ef1d693b52ba8998f1418df5d4247e05155e	a8cd5455a6c36d2c1c8f76547f9d07a3953b5ce92d260198abbaa6598505fe10		50046928
ore_ont_11316.owl	417	ok	match	true	production_all	0.0701	14.91	94077acb317cd5bafbd47d0ddce3ef1d693b52ba8998f1418df5d4247e05155e	39c9f8f0a63cf1cc1aabdad76e0f88e5423a3fdce72e3172951f9c3ff8ea6093		50046952
ore_ont_11389.owl	418	ok	match	true	production_all	7.0067	1738.02	94077acb317cd5bafbd47d0ddce3ef1d693b52ba8998f1418df5d4247e05155e	25a9dfe3607834ad90d624672276aede57eaf02784efa544063dd4489337adab		50046955
ore_ont_11395.owl	419	ok	match	true	production_all	35.8943	3771.1	94077acb317cd5bafbd47d0ddce3ef1d693b52ba8998f1418df5d4247e05155e	5f730ffc22a0828f94eb0bcfe5c366774eb965dcb577c9b64e14c9552f2e86e9		50046960
ore_ont_11452.owl	420	ok	match	true	production_all	0.22	33.07	94077acb317cd5bafbd47d0ddce3ef1d693b52ba8998f1418df5d4247e05155e	ff2d968f560c0ba3266c303fcfd4ac514bb3e8b03738a5238dfefc6a44a8020e		50046982
ore_ont_11460.owl	421	ok	match	true	production_all	13.1891	3120.52	94077acb317cd5bafbd47d0ddce3ef1d693b52ba8998f1418df5d4247e05155e	3bba2ff9cd16d7b398364bee1e4f766c02626881163422a6876593d2a705a101		50046984
ore_ont_11497.owl	422	ok	match	true	production_all	0.0404	8.44	94077acb317cd5bafbd47d0ddce3ef1d693b52ba8998f1418df5d4247e05155e	8640d78d492ca0006243d52fcb33dc628524656293e4b88db7829ad4389f4338		50047029
ore_ont_11502.owl	423	ok	match	true	production_all	0.4332	51.48	94077acb317cd5bafbd47d0ddce3ef1d693b52ba8998f1418df5d4247e05155e	07713dc746bebd4230af577db06d41437878358da6baaa3e27c202281fae91b3		50047030
ore_ont_11504.owl	424	ok	match	true	production_all	0.04	6.88	94077acb317cd5bafbd47d0ddce3ef1d693b52ba8998f1418df5d4247e05155e	7c18c4567a36b238d8bc0334f7c2e40786398d8886a6e9ecdf6e3befe99090f4		50047031
ore_ont_11519.owl	425	ok	match	true	production_all	5.6991	1280.94	94077acb317cd5bafbd47d0ddce3ef1d693b52ba8998f1418df5d4247e05155e	c0bc75c2b13e0e0728f78f726f58e663625f17bcc036cb40241a226879063aeb		50047032
ore_ont_11522.owl	426	ok	match	true	production_all	0.0407	9.89	94077acb317cd5bafbd47d0ddce3ef1d693b52ba8998f1418df5d4247e05155e	6923fe07622ff54eda7fc0b364d6c03c8bbae703e7069a5d10c053a6054def7f		50047035
ore_ont_11523.owl	427	ok	match	true	production_all	0.0405	8.44	94077acb317cd5bafbd47d0ddce3ef1d693b52ba8998f1418df5d4247e05155e	7310a2420253d972d26776ccad771b038711abc2dd578c8a13098c3e3663ec89		50047036
ore_ont_11526.owl	428	ok	match	true	production_all	0.0411	9.06	94077acb317cd5bafbd47d0ddce3ef1d693b52ba8998f1418df5d4247e05155e	25a9dfe3607834ad90d624672276aede57eaf02784efa544063dd4489337adab		50047037
ore_ont_11559.owl	429	ok	match	true	production_all	2.8819	574.14	94077acb317cd5bafbd47d0ddce3ef1d693b52ba8998f1418df5d4247e05155e	27cb18ecd91fbbc21ef7cd872ed2161ca58afead9634753597b502262e856841		50047038
ore_ont_11577.owl	430	ok	match	true	production_all	0.0695	10.33	94077acb317cd5bafbd47d0ddce3ef1d693b52ba8998f1418df5d4247e05155e	78c12e0fb82e17869f2df3bcdd0a6d56db4d249e566a11d9f25c4b1f6dd411d1		50047039
ore_ont_11619.owl	431	ok	match	true	production_all	0.0982	17.55	94077acb317cd5bafbd47d0ddce3ef1d693b52ba8998f1418df5d4247e05155e	9304084bc5359a42d0837601eea5354bcf3aaa41eb2a62bbff14787e98252747		50047040
ore_ont_11623.owl	432	ok	match	true	production_all	0.7715	522.5	94077acb317cd5bafbd47d0ddce3ef1d693b52ba8998f1418df5d4247e05155e	6f12e8392cac6b5ab95e02cfb22942825a445cafa89ef09eb500684ee3e279dd		50047041
ore_ont_11639.owl	433	ok	match	true	production_all	0.04	7.19	94077acb317cd5bafbd47d0ddce3ef1d693b52ba8998f1418df5d4247e05155e	9d20e1c1afe6e79af9e35f135dfbeb965efec25215a54e6b2c27472ec46fe8a1		50047042
ore_ont_11739.owl	434	ok	match	true	production_all	20.3335	2619.44	94077acb317cd5bafbd47d0ddce3ef1d693b52ba8998f1418df5d4247e05155e	87e198b4b4877fa7bef65c28ac7ae439613a8f41cd8156786c14ac63d580712c		50047043
ore_ont_11745.owl	435	ok	match	true	cb_plain16	11.7053	4044.29	94077acb317cd5bafbd47d0ddce3ef1d693b52ba8998f1418df5d4247e05155e	49e851a304217ddcaa13291238cf1bd37e6d161e6a57ba7318eb6e7244b1584f		50047078
ore_ont_11778.owl	436	ok	match	true	production_all	5.4987	1226.9	94077acb317cd5bafbd47d0ddce3ef1d693b52ba8998f1418df5d4247e05155e	02f70d54c956f315440e7b6c6cf11b10e21313041e72692d251f018364ea8b06		50047080
ore_ont_11866.owl	437	ok	match	true	production_all	0.0409	8.12	94077acb317cd5bafbd47d0ddce3ef1d693b52ba8998f1418df5d4247e05155e	25a9dfe3607834ad90d624672276aede57eaf02784efa544063dd4489337adab		50047081
ore_ont_11889.owl	438	ok	match	true	production_all	0.0698	10.14	94077acb317cd5bafbd47d0ddce3ef1d693b52ba8998f1418df5d4247e05155e	5f1ce489832cb8ae99748f2ecbb665ddb7da0d5750e09c9ac409fd75c5875444		50047083
ore_ont_11978.owl	439	ok	match	true	production_all	0.07	12.56	94077acb317cd5bafbd47d0ddce3ef1d693b52ba8998f1418df5d4247e05155e	f238035ea70c8a9a2f9d439a52b36ef315a3449e2a926cd8a6065f3be4f86087		50047084
ore_ont_12007.owl	440	ok	match	true	production_all	0.0403	7.19	94077acb317cd5bafbd47d0ddce3ef1d693b52ba8998f1418df5d4247e05155e	779011b5e74b3bf61345db242cf0d5ab1c508e60d59470b7021926b6ca7f4963		50047085
ore_ont_12009.owl	441	ok	match	true	production_all	0.0405	9.38	94077acb317cd5bafbd47d0ddce3ef1d693b52ba8998f1418df5d4247e05155e	c49ac8a00b73dd16b18c6806b9e19bea5f9a821003a4da37b2202dc8b2c0913a		50047086
ore_ont_12087.owl	442	ok	match	true	production_all	10.3091	2135.69	94077acb317cd5bafbd47d0ddce3ef1d693b52ba8998f1418df5d4247e05155e	0de4f44746026093588d63cfce9e4402e938cf30b7c88a3970e4771da4a63c60		50047087
ore_ont_12141.owl	443	ok	match	true	production_all	0.482	166.95	94077acb317cd5bafbd47d0ddce3ef1d693b52ba8998f1418df5d4247e05155e	0205fe9d5bff8d6ac81af28ac8ca71cf10b61b85998e5e70242fdd9be69af349		50047089
ore_ont_12149.owl	444	ok	match	true	production_all	1.5695	355.84	94077acb317cd5bafbd47d0ddce3ef1d693b52ba8998f1418df5d4247e05155e	1a6c34a01e0f9de8f986e062b118c3950b89fcee5894446fcaa350902e7f126f		50047090
ore_ont_12161.owl	445	ok	match	true	production_all	0.219	32.79	94077acb317cd5bafbd47d0ddce3ef1d693b52ba8998f1418df5d4247e05155e	5c1fe0699854aa6c4f891ae1122faf848af88deaf57d6d6a18959e0c89e90df6		50047120
ore_ont_12194.owl	446	ok	match	true	production_all	0.6715	175.31	94077acb317cd5bafbd47d0ddce3ef1d693b52ba8998f1418df5d4247e05155e	5008d3bc52e4aaab7aca6b11a01a2dcdfdf2005f2d4c1aeec1abb75de67e2206		50047129
ore_ont_12281.owl	447	ok	match	true	production_all	0.0691	14.92	94077acb317cd5bafbd47d0ddce3ef1d693b52ba8998f1418df5d4247e05155e	6c8c2dd1ea442064196c32326cd1c2c8d3a72ecf5e3d2c331a16cc9281ffa925		50047130
ore_ont_12387.owl	448	ok	match	true	production_all	10.8544	1999.0	94077acb317cd5bafbd47d0ddce3ef1d693b52ba8998f1418df5d4247e05155e	9d25a3ae4b10f67a869ff1ec8333b593900ad745b3453e11588555e8178d7dba		50047131
ore_ont_12397.owl	449	ok	match	true	production_all	0.0692	13.1	94077acb317cd5bafbd47d0ddce3ef1d693b52ba8998f1418df5d4247e05155e	1141b993c4ce4fc0f8712bb0c6b6853b030ea938eba3d8e27dbe28dbc7ec1070		50047133
ore_ont_12405.owl	450	ok	match	true	production_all	0.3091	43.57	94077acb317cd5bafbd47d0ddce3ef1d693b52ba8998f1418df5d4247e05155e	450e43282d20750ee054bec83e074f6b4d890c845074125e9b9b04cd346ae614		50047134
ore_ont_12414.owl	451	ok	match	true	production_all	10.0175	1463.23	94077acb317cd5bafbd47d0ddce3ef1d693b52ba8998f1418df5d4247e05155e	f52655554ad9025c06c681d71ccebf5cce633bac6305e01d8e78fa7abd9477c0		50047135
ore_ont_12528.owl	452	ok	match	true	production_all	24.5659	3636.02	94077acb317cd5bafbd47d0ddce3ef1d693b52ba8998f1418df5d4247e05155e	821c9e8abb3c9f0b13db22b7044710317c1f59fb0219ad16c7f007464d7aa7b4		50047136
ore_ont_12653.owl	453	ok	match	true	production_all	0.1004	37.7	94077acb317cd5bafbd47d0ddce3ef1d693b52ba8998f1418df5d4247e05155e	b9b3b2004562dfba7af26bbbd125115be0383fcd014b509717cbcedc73b31f00		50047158
ore_ont_12698.owl	454	ok	match	true	nominals	1.809	763.35	94077acb317cd5bafbd47d0ddce3ef1d693b52ba8998f1418df5d4247e05155e	9f2ee83b8fc315586d509d7a508be032bd1674970b5ab484f81a138be9f91e19		50047160
ore_ont_12776.owl	455	ok	match	true	production_all	0.1293	23.66	94077acb317cd5bafbd47d0ddce3ef1d693b52ba8998f1418df5d4247e05155e	25a9dfe3607834ad90d624672276aede57eaf02784efa544063dd4489337adab		50047163
ore_ont_12802.owl	456	ok	match	true	production_all	0.372	50.47	94077acb317cd5bafbd47d0ddce3ef1d693b52ba8998f1418df5d4247e05155e	25a9dfe3607834ad90d624672276aede57eaf02784efa544063dd4489337adab		50047165
ore_ont_12831.owl	457	ok	match	true	production_all	0.0407	8.44	94077acb317cd5bafbd47d0ddce3ef1d693b52ba8998f1418df5d4247e05155e	38a2ba76b4a11fd01f59b97df9cd3d93fc54a9094e1cc87d511aca66989ac102		50047179
ore_ont_12906.owl	458	ok	match	true	production_all	0.04	6.88	94077acb317cd5bafbd47d0ddce3ef1d693b52ba8998f1418df5d4247e05155e	ccdfc6d626940ef30a9115eff4872649ebcdaae60e4ff9e1d922d38485fb44ad		50047184
ore_ont_13000.owl	459	ok	match	true	production_all	0.3684	50.04	94077acb317cd5bafbd47d0ddce3ef1d693b52ba8998f1418df5d4247e05155e	a2c9fd27be406668497189b64f1f673b22ea55c2266d5417991166ab3fdc6685		50047193
ore_ont_13035.owl	460	ok	match	true	nominals	0.1026	83.7	94077acb317cd5bafbd47d0ddce3ef1d693b52ba8998f1418df5d4247e05155e	26f70e0efde86c6b42ee15c2ddfa83b64a9c6e57fdaf6444414c5f486f355b1c		50047195
ore_ont_13053.owl	461	ok	match	true	production_all	0.0409	6.88	94077acb317cd5bafbd47d0ddce3ef1d693b52ba8998f1418df5d4247e05155e	8be7de1da407a2951e7d7cd0e99a349f1fefcf747161b09d042d33f84aa7ddd7		50047198
ore_ont_13066.owl	462	ok	match	true	production_all	0.0403	9.06	94077acb317cd5bafbd47d0ddce3ef1d693b52ba8998f1418df5d4247e05155e	25a9dfe3607834ad90d624672276aede57eaf02784efa544063dd4489337adab		50047201
ore_ont_13071.owl	463	ok	match	true	production_all	1.3634	421.84	94077acb317cd5bafbd47d0ddce3ef1d693b52ba8998f1418df5d4247e05155e	a198a99650a9b25c5cb6bd92be339eb7987b3e74b77bf4e39cba8bce54ac2fb1		50047205
ore_ont_13113.owl	464	ok	match	true	nominals	0.1021	43.66	94077acb317cd5bafbd47d0ddce3ef1d693b52ba8998f1418df5d4247e05155e	1bb468cee8017811a155e6f28b61dc9724fb6fd28fbf7f7f557d9bb79d9f8d52		50047206
ore_ont_13132.owl	465	ok	match	true	nominals	0.1023	67.16	94077acb317cd5bafbd47d0ddce3ef1d693b52ba8998f1418df5d4247e05155e	e13d65dbb5d532c7e775e0356509fb42a69836b7037bb39ba5f07d267d7c0f72		50047207
ore_ont_13141.owl	466	ok	match	true	production_all	0.1296	22.72	94077acb317cd5bafbd47d0ddce3ef1d693b52ba8998f1418df5d4247e05155e	02bedd319c20f293b81cf4c0848009629bdda90e5ca659cfbfeb58bb865f145a		50047208
ore_ont_13204.owl	467	ok	match	true	production_all	0.0401	6.88	94077acb317cd5bafbd47d0ddce3ef1d693b52ba8998f1418df5d4247e05155e	1c55999654f057fe0eb6fae17bf2b3b0f5598cc5237eb0b2ca0af50a9d673748		50047209
ore_ont_13224.owl	468	ok	match	true	production_all	12.0899	2855.69	94077acb317cd5bafbd47d0ddce3ef1d693b52ba8998f1418df5d4247e05155e	a770e5429a6fea4919ca768a672493adacfbe951d6826e06878f1deed93a2545		50047211
ore_ont_13234.owl	469	ok	match	true	production_all	0.0405	7.81	94077acb317cd5bafbd47d0ddce3ef1d693b52ba8998f1418df5d4247e05155e	ce0bd8d2bc45f2722c2a72a77559605eeba16b4f38c7df36e978aa1f5c6231a5		50047214
ore_ont_13243.owl	470	ok	match	true	production_all	3.5962	852.12	94077acb317cd5bafbd47d0ddce3ef1d693b52ba8998f1418df5d4247e05155e	522456978803f2cd7797cc242cd5f366fe650452fe3a2511f22e95da21dfd3ee		50047215
ore_ont_13277.owl	471	ok	match	true	production_all	0.0409	9.52	94077acb317cd5bafbd47d0ddce3ef1d693b52ba8998f1418df5d4247e05155e	65c860516d3ce897e28e1ef7373215a1c131cbf859a877bac5b445beb160e9ac		50047218
ore_ont_13301.owl	472	ok	match	true	production_all	0.0401	8.75	94077acb317cd5bafbd47d0ddce3ef1d693b52ba8998f1418df5d4247e05155e	af1f58fdf3560dbb4ee8f7d0f4f112479ef6073b2ae57b79030d0cf470864343		50047219
ore_ont_13355.owl	473	ok	match	true	production_all	17.0521	2915.47	94077acb317cd5bafbd47d0ddce3ef1d693b52ba8998f1418df5d4247e05155e	7a44b3849b6013155767d75119c927d95918dc51e00102349321e8ff49a4b7fc		50047220
ore_ont_13383.owl	474	ok	match	true	nominals	0.0999	34.16	94077acb317cd5bafbd47d0ddce3ef1d693b52ba8998f1418df5d4247e05155e	44f33d580b81ffff9b7d87a2b0f1cde4fb6cf3fe7dcc51ab7b120da5c25652a8		50047252
ore_ont_13392.owl	475	ok	match	true	production_all	0.0411	8.12	94077acb317cd5bafbd47d0ddce3ef1d693b52ba8998f1418df5d4247e05155e	730c48986817f508c95e2a47c17ac5abb52fc24d2a7c7d08c8d9a5f89759cfd6		50047253
ore_ont_13429.owl	476	ok	match	true	production_all	0.0407	6.56	94077acb317cd5bafbd47d0ddce3ef1d693b52ba8998f1418df5d4247e05155e	febfdbf4ffd72b5377678ddc84ec0f53e3ea83c6d463001bb59b1494d64f02e8		50047255
ore_ont_13444.owl	477	ok	match	true	production_all	0.1324	92.49	94077acb317cd5bafbd47d0ddce3ef1d693b52ba8998f1418df5d4247e05155e	247c4ac30df7d55beb16fc23b0943bd2b6d2bc62e449e40d830370fd846d769a		50047257
ore_ont_13482.owl	478	ok	match	true	production_all	65.2245	7473.21	94077acb317cd5bafbd47d0ddce3ef1d693b52ba8998f1418df5d4247e05155e	25a9dfe3607834ad90d624672276aede57eaf02784efa544063dd4489337adab		50047258
ore_ont_13503.owl	479	ok	match	true	production_all	0.0412	9.07	94077acb317cd5bafbd47d0ddce3ef1d693b52ba8998f1418df5d4247e05155e	1b8fdf730b9cdce8afed1c69c13e782c6c2dde70c42e5f1d2273dcbdb6b1282b	same_job_fulliri_identity_to_konclude	50047281
ore_ont_13530.owl	480	ok	match	true	production_all	0.0398	6.88	94077acb317cd5bafbd47d0ddce3ef1d693b52ba8998f1418df5d4247e05155e	6e5b1361a86c93ec1ceeb5272edbfa2c089f06651d99c6e5ffd32a8cb585ddc6		50047283
ore_ont_13578.owl	481	ok	match	true	production_all	0.0695	13.32	94077acb317cd5bafbd47d0ddce3ef1d693b52ba8998f1418df5d4247e05155e	c0a7387438bc9b5659506006706666a5540c33373ad4f8f0fe9a89e9922a00d9		50047284
ore_ont_13621.owl	482	ok	match	true	nominals	2.1323	1598.0	94077acb317cd5bafbd47d0ddce3ef1d693b52ba8998f1418df5d4247e05155e	f61f9526d186c0af485ce724f10c3e6c794c2bd876f564e8e04b5c195f1806a0		50047285
ore_ont_13643.owl	483	ok	match	true	production_all	0.0404	6.56	94077acb317cd5bafbd47d0ddce3ef1d693b52ba8998f1418df5d4247e05155e	e6a28db50f029843a0a2b347a35bc6d99ef168c042af0b6aaffcf04524def1bc		50047287
ore_ont_13664.owl	484	ok	match	true	production_all	1.4163	324.66	94077acb317cd5bafbd47d0ddce3ef1d693b52ba8998f1418df5d4247e05155e	c46e20fd5257acb674d22a52a7e7d5e9f96e94749f0b0c949f3c445076616481		50047289
ore_ont_13752.owl	485	ok	match	true	production_all	0.7839	232.6	94077acb317cd5bafbd47d0ddce3ef1d693b52ba8998f1418df5d4247e05155e	c9457601ea869b5d7998f65f9653efb7bf953e9b82fec67f27113a36208f993f		50047292
ore_ont_13755.owl	486	ok	match	true	production_all	0.1827	25.31	94077acb317cd5bafbd47d0ddce3ef1d693b52ba8998f1418df5d4247e05155e	6b1945e00a8cb4bdfc5e2e33e163d8de34c7ab1d0dc1d2517212df3700e3805b		50047293
ore_ont_13759.owl	487	ok	match	true	production_all	0.0409	11.31	94077acb317cd5bafbd47d0ddce3ef1d693b52ba8998f1418df5d4247e05155e	c1944627d8fb4d69c4ec0b6c27c93ad55072e6ab9a4241a356adafe482892657		50047294
ore_ont_13762.owl	488	ok	match	true	nominals	0.2531	179.05	94077acb317cd5bafbd47d0ddce3ef1d693b52ba8998f1418df5d4247e05155e	834d5a60982e1e532564cb200cbfe49dde2ef31b8a7d6cc1e9e09cd08fb7dd61		50047296
ore_ont_13772.owl	489	ok	match	true	production_all	0.0403	9.38	94077acb317cd5bafbd47d0ddce3ef1d693b52ba8998f1418df5d4247e05155e	25a9dfe3607834ad90d624672276aede57eaf02784efa544063dd4489337adab		50047297
ore_ont_13840.owl	490	ok	match	true	production_all	0.2196	34.29	94077acb317cd5bafbd47d0ddce3ef1d693b52ba8998f1418df5d4247e05155e	1a76bc2eead4ab2c64afae2e732b4a5ef9f37155917439b00c9518c686bff41c		50047298
ore_ont_13852.owl	491	ok	match	true	production_all	0.279	37.84	94077acb317cd5bafbd47d0ddce3ef1d693b52ba8998f1418df5d4247e05155e	2e3d43d2ccdef95965bb116db6a147ac1c9436689d91642fdc0a0ae516665943		50047299
ore_ont_13887.owl	492	ok	match	true	production_all	0.0694	10.55	94077acb317cd5bafbd47d0ddce3ef1d693b52ba8998f1418df5d4247e05155e	7d50171db15ecaab15bff2a8f8cd738024aa3139b61332e80c2e122a182ecc3e		50047300
ore_ont_13902.owl	493	ok	match	true	production_all	2.3282	625.7	94077acb317cd5bafbd47d0ddce3ef1d693b52ba8998f1418df5d4247e05155e	25a9dfe3607834ad90d624672276aede57eaf02784efa544063dd4489337adab		50047301
ore_ont_13912.owl	494	ok	match	true	nominals	0.0398	8.44	94077acb317cd5bafbd47d0ddce3ef1d693b52ba8998f1418df5d4247e05155e	3c48c283d1292f55fe67383942d35be768499f1f96e83f0adf812c000ac3b9dd		50047303
ore_ont_13964.owl	495	ok	match	true	production_all	1.3025	382.08	94077acb317cd5bafbd47d0ddce3ef1d693b52ba8998f1418df5d4247e05155e	25a9dfe3607834ad90d624672276aede57eaf02784efa544063dd4489337adab		50047304
ore_ont_13969.owl	496	ok	match	true	production_all	8.2444	1420.89	94077acb317cd5bafbd47d0ddce3ef1d693b52ba8998f1418df5d4247e05155e	df5204236b942809dc9fff216bc1a3ccf523cc361d1cb9ca2a12b36456249647		50047305
ore_ont_14027.owl	497	ok	match	true	production_all	0.25	38.15	94077acb317cd5bafbd47d0ddce3ef1d693b52ba8998f1418df5d4247e05155e	e89ac3a69a1ca7c8e4b2c50fffb92e958ce6cfa6aedbd9a5f449895c592d5e48		50047307
ore_ont_14031.owl	498	ok	match	true	production_all	0.0694	15.23	94077acb317cd5bafbd47d0ddce3ef1d693b52ba8998f1418df5d4247e05155e	41ecf9621a1cc6d1dda13476959ce98ef12d1f97090b407e8a0b5b4d2d35d1dd		50047308
ore_ont_14042.owl	499	ok	match	true	production_all	35.9487	3772.11	94077acb317cd5bafbd47d0ddce3ef1d693b52ba8998f1418df5d4247e05155e	5f730ffc22a0828f94eb0bcfe5c366774eb965dcb577c9b64e14c9552f2e86e9		50047309
ore_ont_14123.owl	500	ok	match	true	production_all	0.0689	11.23	94077acb317cd5bafbd47d0ddce3ef1d693b52ba8998f1418df5d4247e05155e	8b7f9bcf47a17d494df882683f019686ed295e909c0d80b7e4bcb0a306b16245		50047332
ore_ont_14153.owl	501	ok	match	true	production_all	0.1287	44.02	94077acb317cd5bafbd47d0ddce3ef1d693b52ba8998f1418df5d4247e05155e	11b062554512b7dc5030652d6359a4637466330cb93b1acbbe25eb81e28b7efc		50047333
ore_ont_14194.owl	502	ok	match	true	nominals	2.0386	1597.24	94077acb317cd5bafbd47d0ddce3ef1d693b52ba8998f1418df5d4247e05155e	c134da9d8e936c4f86bdfba991620153f1a4e471154011b9e333b0324ac35da5		50047335
ore_ont_14216.owl	503	ok	match	true	production_all	18.8359	3725.95	94077acb317cd5bafbd47d0ddce3ef1d693b52ba8998f1418df5d4247e05155e	25a9dfe3607834ad90d624672276aede57eaf02784efa544063dd4489337adab		50047337
ore_ont_14273.owl	504	ok	match	true	production_all	0.0401	8.44	94077acb317cd5bafbd47d0ddce3ef1d693b52ba8998f1418df5d4247e05155e	25a9dfe3607834ad90d624672276aede57eaf02784efa544063dd4489337adab		50047345
ore_ont_14280.owl	505	ok	match	true	production_all	0.3967	44.6	94077acb317cd5bafbd47d0ddce3ef1d693b52ba8998f1418df5d4247e05155e	dcc934c8bc158452fb1f4d5590d9555e693e5417a6b0cf76f28a01fde9f4385a		50047348
ore_ont_14312.owl	506	ok	match	true	production_all	2.5828	670.59	94077acb317cd5bafbd47d0ddce3ef1d693b52ba8998f1418df5d4247e05155e	13aed4f22b7932a454821bd5bd3c1d9354fc69f7586b2bf3b2cb445a461a59b3		50047349
ore_ont_14327.owl	507	ok	match	true	production_all	0.04	7.19	94077acb317cd5bafbd47d0ddce3ef1d693b52ba8998f1418df5d4247e05155e	70171f4a81f01a33cbc8852ca47a0155893039a6f390b7a5780a71655b53800e		50047354
ore_ont_14375.owl	508	ok	match	true	production_all	0.8795	217.86	94077acb317cd5bafbd47d0ddce3ef1d693b52ba8998f1418df5d4247e05155e	2829f8183f13c0ca7bea6def45b269984c62055471f3a226dbbb625743470655		50047355
ore_ont_14450.owl	509	ok	match	true	production_all	0.1611	50.25	94077acb317cd5bafbd47d0ddce3ef1d693b52ba8998f1418df5d4247e05155e	d0c67792f15f1d3adee5ff277de2c7511d08474189203320bab5c30dafe21fcc		50047359
ore_ont_14459.owl	510	ok	match	true	production_all	35.8955	2419.37	94077acb317cd5bafbd47d0ddce3ef1d693b52ba8998f1418df5d4247e05155e	cd04b420623e015a2c262189ae87da5f5712179d720dbc20e6ea4609e7615f41		50047377
ore_ont_14499.owl	511	ok	match	true	production_all	0.1879	29.6	94077acb317cd5bafbd47d0ddce3ef1d693b52ba8998f1418df5d4247e05155e	ac49106e1451d9853d2cb9d7a85693b96e5379e58a9cbe8d8dd6b8786b979d2a		50047537
ore_ont_14508.owl	512	ok	match	true	production_all	1.1246	266.76	94077acb317cd5bafbd47d0ddce3ef1d693b52ba8998f1418df5d4247e05155e	25a9dfe3607834ad90d624672276aede57eaf02784efa544063dd4489337adab		50047539
ore_ont_14518.owl	513	ok	match	true	production_all	0.0399	7.81	94077acb317cd5bafbd47d0ddce3ef1d693b52ba8998f1418df5d4247e05155e	3b4f8d3811e4bc8dd83d2498f6d1f68ddddde4834c99449996bbbe92ebfba5ec		50047541
ore_ont_14543.owl	514	ok	match	true	production_all	5.6496	969.57	94077acb317cd5bafbd47d0ddce3ef1d693b52ba8998f1418df5d4247e05155e	3d69cceb509ef6af3ff22cd2eea4b2d20cf4a261c48c0f2e4ea786582fa9b4f6		50047542
ore_ont_14574.owl	515	ok	match	true	production_all	0.2103	29.84	94077acb317cd5bafbd47d0ddce3ef1d693b52ba8998f1418df5d4247e05155e	493d5b8d2bad1ba4b0a417ba87c4b0cdb31b917cac6c8c521b50eccf50dcb35f		50047545
ore_ont_14587.owl	516	ok	match	true	production_all	0.2479	37.73	94077acb317cd5bafbd47d0ddce3ef1d693b52ba8998f1418df5d4247e05155e	430efd311cd4e4530c704f7a881a2634d8ba24a2d2eb44f99858bfa90650c8c4		50047547
ore_ont_14607.owl	517	ok	match	true	production_all	6.3389	1686.9	94077acb317cd5bafbd47d0ddce3ef1d693b52ba8998f1418df5d4247e05155e	25a9dfe3607834ad90d624672276aede57eaf02784efa544063dd4489337adab		50047548
ore_ont_14817.owl	518	ok	match	true	production_all	89.8726	5922.11	94077acb317cd5bafbd47d0ddce3ef1d693b52ba8998f1418df5d4247e05155e	3c43822a005baa536d47079eac973ab6247dd54adace4643ac119bc74757445d		50047551
ore_ont_14826.owl	519	ok	match	true	production_all	0.0401	8.04	94077acb317cd5bafbd47d0ddce3ef1d693b52ba8998f1418df5d4247e05155e	0d117ce09c0ab3b0861b3c524719fe2a4f3143a0fc90124355a18e12028726b3		50047624
ore_ont_14840.owl	520	ok	match	true	production_all	0.0686	10.94	94077acb317cd5bafbd47d0ddce3ef1d693b52ba8998f1418df5d4247e05155e	11b062554512b7dc5030652d6359a4637466330cb93b1acbbe25eb81e28b7efc		50047627
ore_ont_14848.owl	521	ok	match	true	production_all	0.0409	9.06	94077acb317cd5bafbd47d0ddce3ef1d693b52ba8998f1418df5d4247e05155e	35ad616fd48312b83ed0327765383c7b7087019ec32aa6778e7b85eed5448fb2		50047630
ore_ont_14896.owl	522	ok	match	true	nominal_ni_abox	0.8613	560.83	94077acb317cd5bafbd47d0ddce3ef1d693b52ba8998f1418df5d4247e05155e	6d9285aae0ab89479bc2db0d99b396d87044ea4f1baa33c4edc5fc5410681760		50047632
ore_ont_14901.owl	523	ok	match	true	production_all	0.0395	9.06	94077acb317cd5bafbd47d0ddce3ef1d693b52ba8998f1418df5d4247e05155e	a6209a6c16fcc7a056b4afd3a9a3d62114a67dfd76f674aac2f616d7cc0276df		50047635
ore_ont_14926.owl	524	ok	match	true	production_all	0.0396	6.56	94077acb317cd5bafbd47d0ddce3ef1d693b52ba8998f1418df5d4247e05155e	77665b11fb7d2370101eb7b65e132de7967c9239a51a1eb0bb9769f5c6e0b389		50047637
ore_ont_14934.owl	525	ok	match	true	production_all	2.5214	594.13	94077acb317cd5bafbd47d0ddce3ef1d693b52ba8998f1418df5d4247e05155e	67f8b56d7977547b096eb1abae5ff30988653d703a4e8c27f8d543b13e3f6b3c		50047639
ore_ont_15059.owl	526	ok	match	true	production_all	53.8947	9796.1	94077acb317cd5bafbd47d0ddce3ef1d693b52ba8998f1418df5d4247e05155e	25a9dfe3607834ad90d624672276aede57eaf02784efa544063dd4489337adab		50047679
ore_ont_15068.owl	527	ok	match	true	production_all	0.0399	7.19	94077acb317cd5bafbd47d0ddce3ef1d693b52ba8998f1418df5d4247e05155e	e60aee98e44662ce73579fe6f10aaf0c4197f6297c8c7a2dc96229a68000cec5		50047699
ore_ont_15098.owl	528	ok	match	true	production_all	0.1314	28.79	94077acb317cd5bafbd47d0ddce3ef1d693b52ba8998f1418df5d4247e05155e	97c1355b707518660b4d88edeaafbedba4ed48ded26a8a6750b5b9dbbdc0c0d3		50047701
ore_ont_15099.owl	529	ok	match	true	production_all	1.2469	281.78	94077acb317cd5bafbd47d0ddce3ef1d693b52ba8998f1418df5d4247e05155e	25a9dfe3607834ad90d624672276aede57eaf02784efa544063dd4489337adab		50047703
ore_ont_15145.owl	530	ok	match	true	production_all	0.0402	6.56	94077acb317cd5bafbd47d0ddce3ef1d693b52ba8998f1418df5d4247e05155e	d35d49ee77e0944bb615970957f86b0e59c29c32cb004f5b780cad04a884d820		50047704
ore_ont_15152.owl	531	ok	match	true	production_all	0.2485	35.22	94077acb317cd5bafbd47d0ddce3ef1d693b52ba8998f1418df5d4247e05155e	2e77cd8b86b16a814046b32b0f6aac24408a4720f8c85b5e70064714d044ab4e		50047706
ore_ont_15172.owl	532	ok	match	true	production_all	4.2579	858.11	94077acb317cd5bafbd47d0ddce3ef1d693b52ba8998f1418df5d4247e05155e	cfe1d126a72a80da87f532b5b612cb038a9842ba2da3b976a42210dd64dc309f		50047707
ore_ont_15178.owl	533	ok	match	true	production_all	0.5462	65.1	94077acb317cd5bafbd47d0ddce3ef1d693b52ba8998f1418df5d4247e05155e	25a9dfe3607834ad90d624672276aede57eaf02784efa544063dd4489337adab		50047710
ore_ont_15222.owl	534	ok	match	true	production_all	0.0986	17.33	94077acb317cd5bafbd47d0ddce3ef1d693b52ba8998f1418df5d4247e05155e	5c6f359604affee99507cdd750dbbfc794e267be366dbb2e28d23195585173fc		50047711
ore_ont_15231.owl	535	ok	match	true	production_all	0.0398	9.38	94077acb317cd5bafbd47d0ddce3ef1d693b52ba8998f1418df5d4247e05155e	759bbfe0aa99baef0b44c0a355a8bdb04c1e1567df8276657a8f110eaa63b0da		50047732
ore_ont_15260.owl	536	ok	match	true	production_all	0.4888	55.8	94077acb317cd5bafbd47d0ddce3ef1d693b52ba8998f1418df5d4247e05155e	aff02089bd790afb61c697a9cd6479412f059bcfc0280ebe620fbf4f9db6f74e		50047733
ore_ont_15280.owl	537	ok	match	true	production_all	62.3984	7164.0	94077acb317cd5bafbd47d0ddce3ef1d693b52ba8998f1418df5d4247e05155e	25a9dfe3607834ad90d624672276aede57eaf02784efa544063dd4489337adab		50047740
ore_ont_15288.owl	538	ok	match	true	nominals	0.1001	26.18	94077acb317cd5bafbd47d0ddce3ef1d693b52ba8998f1418df5d4247e05155e	3c48c283d1292f55fe67383942d35be768499f1f96e83f0adf812c000ac3b9dd		50047760
ore_ont_15292.owl	539	ok	match	true	production_all	0.0693	14.85	94077acb317cd5bafbd47d0ddce3ef1d693b52ba8998f1418df5d4247e05155e	29a150755fb749ce18438b66bc2251caf3830ac42a72a55b5f9f80354d7d7a36		50047762
ore_ont_15341.owl	540	ok	match	true	production_all	0.2201	34.6	94077acb317cd5bafbd47d0ddce3ef1d693b52ba8998f1418df5d4247e05155e	1a76bc2eead4ab2c64afae2e732b4a5ef9f37155917439b00c9518c686bff41c		50047764
ore_ont_15388.owl	541	ok	match	true	production_all	3.0018	658.38	94077acb317cd5bafbd47d0ddce3ef1d693b52ba8998f1418df5d4247e05155e	758db59f0d87ce5cce6675d9c29e821c914f18a5c6441c409b4e99b59fda8a32		50047766
ore_ont_15397.owl	542	ok	match	true	production_all	0.0399	9.38	94077acb317cd5bafbd47d0ddce3ef1d693b52ba8998f1418df5d4247e05155e	d9e64c782f6e64d0320ccc7d671e028934cbea67e33feb8d416ea7ff796713cd		50047771
ore_ont_15399.owl	543	ok	match	true	production_all	0.0397	7.5	94077acb317cd5bafbd47d0ddce3ef1d693b52ba8998f1418df5d4247e05155e	efda811e1d6e9ea5f0db4e624fb6396525b8b8062b2425db6e4d09050f5b1c17		50047773
ore_ont_15461.owl	544	ok	match	true	certified_nominals	0.0405	12.59	94077acb317cd5bafbd47d0ddce3ef1d693b52ba8998f1418df5d4247e05155e	ee5f8cc3794b0475358c736d5f6fd8de147908ad3b71ce2191a8db616177f5ec		50047775
ore_ont_15491.owl	545	ok	match	true	production_all	1.6892	872.5	94077acb317cd5bafbd47d0ddce3ef1d693b52ba8998f1418df5d4247e05155e	97a59d7571fc801275294d5b4946c729e77ce8827ae172f37860dd37c725b499		50047800
ore_ont_15516.owl	546	ok	consistency_mismatch	false	ht_rules	0.1301	25.23	94077acb317cd5bafbd47d0ddce3ef1d693b52ba8998f1418df5d4247e05155e	3c48c283d1292f55fe67383942d35be768499f1f96e83f0adf812c000ac3b9dd		50047811
ore_ont_15536.owl	547	ok	match	true	production_all	1.1638	406.41	94077acb317cd5bafbd47d0ddce3ef1d693b52ba8998f1418df5d4247e05155e	e1fbeb7aeb67310ff49d0f3581a15226962810239795d8c96bfc061bc5fb9f8d		50047814
ore_ont_15576.owl	548	ok	match	true	production_all	0.0399	6.56	94077acb317cd5bafbd47d0ddce3ef1d693b52ba8998f1418df5d4247e05155e	695d45a2b96d972126076a53cdec4cb9ad18c89b74acb7d7a37b2f4dc6d86945		50047817
ore_ont_15615.owl	549	ok	match	true	nominals	0.552	308.01	94077acb317cd5bafbd47d0ddce3ef1d693b52ba8998f1418df5d4247e05155e	838b8129e87b7cee048f7a2d220cbba48c95cc9e8202758908e2abe4d31270c0		50047819
ore_ont_15672.owl	550	ok	match	true	certified_nominals	0.1563	44.18	94077acb317cd5bafbd47d0ddce3ef1d693b52ba8998f1418df5d4247e05155e	ac6f352d8affdb9102cfb99509c6f3684aa1b181c29845ac98780d1b07e3b131		50047822
ore_ont_15696.owl	551	ok	match	true	production_all	4.8821	990.33	94077acb317cd5bafbd47d0ddce3ef1d693b52ba8998f1418df5d4247e05155e	c970dcfadfa3044c7e64c2d304534d117c73227fe514292dc5714b298b8b3ea7		50047824
ore_ont_15703.owl	552	ok	match	true	production_all	27.1665	4357.99	94077acb317cd5bafbd47d0ddce3ef1d693b52ba8998f1418df5d4247e05155e	090129a7fbaa14652ada3408dd1f160e7dd4a09a3502cc3323d8dad734e8893a	same_job_fulliri_identity_to_konclude	50047837
ore_ont_15725.owl	553	ok	match	true	production_all	2.512	533.0	94077acb317cd5bafbd47d0ddce3ef1d693b52ba8998f1418df5d4247e05155e	42436eeb45b30ea78e04c949ee44ed2b01fd517c889e603da4aa5afe491dbba3		50047861
ore_ont_15790.owl	554	ok	match	true	production_all	0.8868	223.62	94077acb317cd5bafbd47d0ddce3ef1d693b52ba8998f1418df5d4247e05155e	a98baf2805a78f76f0ada62cba4ff6ba0f2074ab456c1358f173d00b9cdcf687		50047886
ore_ont_15791.owl	555	ok	match	true	production_all	0.6213	181.48	94077acb317cd5bafbd47d0ddce3ef1d693b52ba8998f1418df5d4247e05155e	400f7d33417064a47481356d944fc2a18d4464daaccc300744d15445d18267a9		50047890
ore_ont_15793.owl	556	ok	match	true	production_all	0.4296	55.23	94077acb317cd5bafbd47d0ddce3ef1d693b52ba8998f1418df5d4247e05155e	25a9dfe3607834ad90d624672276aede57eaf02784efa544063dd4489337adab		50047892
ore_ont_15803.owl	557	ok	match	true	production_all	30.5096	2599.38	94077acb317cd5bafbd47d0ddce3ef1d693b52ba8998f1418df5d4247e05155e	b2a4da940996565b8ddac8c21ce38392192c271087965a80ba09c8826f2ee654		50047893
ore_ont_15846.owl	558	ok	match	true	certified_nominals	176.1628	18910.88	94077acb317cd5bafbd47d0ddce3ef1d693b52ba8998f1418df5d4247e05155e	ac1340ed5caad4831da799f8842d2893e8d9f310dce3d084390affed2072a4a6		50047908
ore_ont_15860.owl	559	ok	match	true	production_all	0.0694	14.29	94077acb317cd5bafbd47d0ddce3ef1d693b52ba8998f1418df5d4247e05155e	c173c953ba6ebb32391cc93132739e108a31bcfc0eecb2b364122804641facc1		50047949
ore_ont_15882.owl	560	ok	match	true	production_all	0.0398	7.19	94077acb317cd5bafbd47d0ddce3ef1d693b52ba8998f1418df5d4247e05155e	46a256fa20fee1a424bd74f6c769b7069c857a56526bebf219f8a1ea5970d413		50047950
ore_ont_15917.owl	561	ok	match	true	production_all	0.2176	33.66	94077acb317cd5bafbd47d0ddce3ef1d693b52ba8998f1418df5d4247e05155e	b18821800ab66df564954fe1f8f0215e5a18ab26bb84b658dad00ecef50d8d43		50047951
ore_ont_15929.owl	562	ok	match	true	production_all	6.1096	1354.39	94077acb317cd5bafbd47d0ddce3ef1d693b52ba8998f1418df5d4247e05155e	f0c432fee3845eb4ee0944c812ab0cadbbb8b96ea3184fcfff116504553d20e6		50047952
ore_ont_15932.owl	563	ok	match	true	production_all	0.1581	28.35	94077acb317cd5bafbd47d0ddce3ef1d693b52ba8998f1418df5d4247e05155e	25a9dfe3607834ad90d624672276aede57eaf02784efa544063dd4489337adab		50047954
ore_ont_15944.owl	564	ok	match	true	production_all	0.1874	27.1	94077acb317cd5bafbd47d0ddce3ef1d693b52ba8998f1418df5d4247e05155e	a89fcaec0acf48929b811ad17b0a59dae35e6000e3da2a3eb5a38face70b89f0		50047955
ore_ont_15950.owl	565	ok	match	true	production_all	0.0686	11.25	94077acb317cd5bafbd47d0ddce3ef1d693b52ba8998f1418df5d4247e05155e	d15b70278a4cfa2cbedf2764cb9add0f0a8634cfe957ddc2861c637639bcbf80		50047956
ore_ont_15968.owl	566	ok	match	true	production_all	0.0987	19.29	94077acb317cd5bafbd47d0ddce3ef1d693b52ba8998f1418df5d4247e05155e	6db6d583cbef219dfd43cf09b0d4d10c48a2e452b5fa3a3192d1e43164b71ad8		50047957
ore_ont_15976.owl	567	ok	match	true	production_all	11.2192	2520.0	94077acb317cd5bafbd47d0ddce3ef1d693b52ba8998f1418df5d4247e05155e	51a1a9f58e3876db3d650ffc837f1b17a593f96e8186123ad3a7be4ebae90ce2		50047958
ore_ont_15985.owl	568	ok	match	true	production_all	0.0399	9.38	94077acb317cd5bafbd47d0ddce3ef1d693b52ba8998f1418df5d4247e05155e	ca24600a6333d4f0b50ddb653421567ea0b628924690df4d658227e0b57116ca		50047961
ore_ont_16008.owl	569	ok	match	true	production_all	30.6236	2114.26	94077acb317cd5bafbd47d0ddce3ef1d693b52ba8998f1418df5d4247e05155e	a63271e4eaa00aee100894f5b327640ee71188051dabf76b2db3966ee97c7300		50047962
ore_ont_16076.owl	570	ok	match	true	production_all	0.0398	6.88	94077acb317cd5bafbd47d0ddce3ef1d693b52ba8998f1418df5d4247e05155e	f5bc89bf3be32e4581fd4c79c458b48416e36f89c736035abe746f5a9a8f202b		50047991
ore_ont_16114.owl	571	ok	match	true	production_all	0.2796	41.88	94077acb317cd5bafbd47d0ddce3ef1d693b52ba8998f1418df5d4247e05155e	1ad425b38518f1b34809c5bac5e48a3852f6537a4b67a386e7738d65bbabfbd1		50047992
ore_ont_16167.owl	572	ok	match	true	production_all	0.041	8.12	94077acb317cd5bafbd47d0ddce3ef1d693b52ba8998f1418df5d4247e05155e	b7265f5d9eb0fb65cc91f6a0c66536106a10cfb80bfd5e9a3089fc4912cc1685		50047993
ore_ont_16299.owl	573	ok	match	true	production_all	0.2177	33.54	94077acb317cd5bafbd47d0ddce3ef1d693b52ba8998f1418df5d4247e05155e	79a3357bf88132434ab6f17359e8423fd8e267d9cd8f284a69f83811a81c5534		50047994
ore_ont_16303.owl	574	ok	match	true	nominals	3.9612	2362.29	94077acb317cd5bafbd47d0ddce3ef1d693b52ba8998f1418df5d4247e05155e	34fe02a636bad19ca47c10bc915fa2e13b8985ab465f1950e8e9ac37e8c5cec4		50047996
ore_ont_16312.owl	575	ok	match	true	production_all	0.0401	9.38	94077acb317cd5bafbd47d0ddce3ef1d693b52ba8998f1418df5d4247e05155e	211b0f09c916f799fa9e5d415686048201528f845fe8c51344875b641012c3bb		50047997
ore_ont_16351.owl	576	ok	match	true	production_all	0.0399	6.88	94077acb317cd5bafbd47d0ddce3ef1d693b52ba8998f1418df5d4247e05155e	089285c14961a28c3295b6109e4770cd940be7585d1707cf11d856a9a3d8fbfb		50047999
ore_ont_16444.owl	577	ok	match	true	production_all	9.4438	1892.98	94077acb317cd5bafbd47d0ddce3ef1d693b52ba8998f1418df5d4247e05155e	5109eb2f46fdb186066ec88a1337c6a825792132ceb7c8da24bf726151dc8266		50048000
ore_ont_16461.owl	578	ok	match	true	production_all	0.4107	23.04	94077acb317cd5bafbd47d0ddce3ef1d693b52ba8998f1418df5d4247e05155e	0af6a1d628529a9a1d42c72379974169f6b2c6bcb60f707f8219c3729daff0ad		50048002
ore_ont_16462.owl	579	ok	match	true	nominals	10.4691	2316.68	94077acb317cd5bafbd47d0ddce3ef1d693b52ba8998f1418df5d4247e05155e	9109e440a0fde12e5608bff89f0f251b2a2e18c60bc08c6f8e52778c3871d19b		50048003
ore_ont_16501.owl	580	ok	match	true	production_all	0.04	8.44	94077acb317cd5bafbd47d0ddce3ef1d693b52ba8998f1418df5d4247e05155e	1b5b8a3dfbee869f5bef037fc0ebcf0443e1c450ce39e644ac98a8bddb061619		50048005
ore_ont_16558.owl	581	ok	match	true	production_all	0.1869	26.79	94077acb317cd5bafbd47d0ddce3ef1d693b52ba8998f1418df5d4247e05155e	a89fcaec0acf48929b811ad17b0a59dae35e6000e3da2a3eb5a38face70b89f0		50048006
ore_ont_16559.owl	582	ok	match	true	production_all	1.1946	376.11	94077acb317cd5bafbd47d0ddce3ef1d693b52ba8998f1418df5d4247e05155e	25a9dfe3607834ad90d624672276aede57eaf02784efa544063dd4489337adab		50048007
ore_ont_16596.owl	583	ok	match	true	production_all	11.1347	2548.96	94077acb317cd5bafbd47d0ddce3ef1d693b52ba8998f1418df5d4247e05155e	59fe2ee75b8ea859b8dadcc4715d8591b3f1b41c2880e673b3a24ec9613a267c		50048008
ore_ont_16619.owl	584	ok	match	true	production_all	0.7167	67.33	94077acb317cd5bafbd47d0ddce3ef1d693b52ba8998f1418df5d4247e05155e	fb177a37c99251f771c426c2b969026f3a1e8efffc7fb30336b4543b014707e2		50048019
ore_ont_16626.owl	585	ok	match	true	production_all	0.0398	7.5	94077acb317cd5bafbd47d0ddce3ef1d693b52ba8998f1418df5d4247e05155e	4c0fc61e706201f24a9b90a90645e46f89e292aebc1411ae5d428a2aeb00fc90		50048020
ore_ont_16684.owl	586	ok	match	true	production_all	1.7018	396.98	94077acb317cd5bafbd47d0ddce3ef1d693b52ba8998f1418df5d4247e05155e	25a9dfe3607834ad90d624672276aede57eaf02784efa544063dd4489337adab		50048021
ore_ont_16687.owl	587	ok	match	true	production_all	1.2432	278.05	94077acb317cd5bafbd47d0ddce3ef1d693b52ba8998f1418df5d4247e05155e	065e1e1457ce47b8ce09b524443d73adc155d2d40d1a6303dec535d74378c086		50048023
ore_ont_16730.owl	588	ok	match	true	production_all	0.0398	7.19	94077acb317cd5bafbd47d0ddce3ef1d693b52ba8998f1418df5d4247e05155e	a387245df155c38805c9fb5860713f05c5747dcc66cb68aeed3f348cce01ed68		50048024
ore_ont_16744.owl	589	ok	match	true	production_all	92.1139	11607.3	94077acb317cd5bafbd47d0ddce3ef1d693b52ba8998f1418df5d4247e05155e	25a9dfe3607834ad90d624672276aede57eaf02784efa544063dd4489337adab		50048026
ore_ont_16777.owl	590	ok	match	true	production_all	0.04	9.06	94077acb317cd5bafbd47d0ddce3ef1d693b52ba8998f1418df5d4247e05155e	25a9dfe3607834ad90d624672276aede57eaf02784efa544063dd4489337adab		50048117
ore_ont_16821.owl	591	ok	match	true	production_all	0.0398	8.75	94077acb317cd5bafbd47d0ddce3ef1d693b52ba8998f1418df5d4247e05155e	1a2026b1f210fee29abcf425160d81ab1f0edef058aec0379f8dbf0b3bce7cc2		50037481
