M	schema	1
M	factory	uk.ac.manchester.cs.jfact.JFactFactory
M	reasoner	JFact
C	true
S	http://grapson.com/concept#Chemistry	http://grapson.com/meta#Domain
S	http://grapson.com/concept#Chemistry	http://grapson.com/meta#Meta
S	http://grapson.com/concept#Concept	http://grapson.com/meta#Meta
S	http://grapson.com/concept#Concept	http://grapson.com/meta#Object
S	http://grapson.com/concept#Concept	http://grapson.com/meta#Pun
S	http://grapson.com/concept#Construction_industry	http://grapson.com/meta#Domain
S	http://grapson.com/concept#Construction_industry	http://grapson.com/meta#Meta
S	http://grapson.com/concept#Content	http://grapson.com/meta#Object
S	http://grapson.com/concept#Country	http://grapson.com/meta#Object
S	http://grapson.com/concept#Data	http://grapson.com/meta#Object
S	http://grapson.com/concept#Geography	http://grapson.com/meta#Domain
S	http://grapson.com/concept#Geography	http://grapson.com/meta#Meta
S	http://grapson.com/concept#Information_and_communication_technology	http://grapson.com/meta#Domain
S	http://grapson.com/concept#Information_and_communication_technology	http://grapson.com/meta#Meta
S	http://grapson.com/concept#Input	http://grapson.com/concept#Data
S	http://grapson.com/concept#Input	http://grapson.com/meta#Object
S	http://grapson.com/concept#Language	http://grapson.com/meta#Object
S	http://grapson.com/concept#Language_industry	http://grapson.com/meta#Domain
S	http://grapson.com/concept#Language_industry	http://grapson.com/meta#Meta
S	http://grapson.com/concept#Language_technology	http://grapson.com/concept#Information_and_communication_technology
S	http://grapson.com/concept#Language_technology	http://grapson.com/concept#Language_industry
S	http://grapson.com/concept#Language_technology	http://grapson.com/meta#Domain
S	http://grapson.com/concept#Language_technology	http://grapson.com/meta#Meta
S	http://grapson.com/concept#Linguistics	http://grapson.com/concept#Language_industry
S	http://grapson.com/concept#Linguistics	http://grapson.com/meta#Domain
S	http://grapson.com/concept#Linguistics	http://grapson.com/meta#Meta
S	http://grapson.com/concept#Multilingual_language_technology	http://grapson.com/concept#Information_and_communication_technology
S	http://grapson.com/concept#Multilingual_language_technology	http://grapson.com/concept#Language_industry
S	http://grapson.com/concept#Multilingual_language_technology	http://grapson.com/concept#Language_technology
S	http://grapson.com/concept#Multilingual_language_technology	http://grapson.com/meta#Domain
S	http://grapson.com/concept#Multilingual_language_technology	http://grapson.com/meta#Meta
S	http://grapson.com/concept#Operation	http://grapson.com/meta#Object
S	http://grapson.com/concept#Parse	http://grapson.com/concept#Operation
S	http://grapson.com/concept#Parse	http://grapson.com/meta#Object
S	http://grapson.com/concept#Parser	http://grapson.com/concept#Data
S	http://grapson.com/concept#Parser	http://grapson.com/concept#Program
S	http://grapson.com/concept#Parser	http://grapson.com/concept#Software
S	http://grapson.com/concept#Parser	http://grapson.com/meta#Object
S	http://grapson.com/concept#Program	http://grapson.com/concept#Data
S	http://grapson.com/concept#Program	http://grapson.com/concept#Software
S	http://grapson.com/concept#Program	http://grapson.com/meta#Object
S	http://grapson.com/concept#Software	http://grapson.com/concept#Data
S	http://grapson.com/concept#Software	http://grapson.com/meta#Object
S	http://grapson.com/concept#Terminology	http://grapson.com/concept#Language_industry
S	http://grapson.com/concept#Terminology	http://grapson.com/meta#Domain
S	http://grapson.com/concept#Terminology	http://grapson.com/meta#Meta
S	http://grapson.com/expression#Adjective	http://grapson.com/expression#Adjective_phrase
S	http://grapson.com/expression#Adjective	http://grapson.com/expression#Designation
S	http://grapson.com/expression#Adjective	http://grapson.com/expression#Expression
S	http://grapson.com/expression#Adjective	http://grapson.com/expression#Phrase
S	http://grapson.com/expression#Adjective	http://grapson.com/meta#Meta
S	http://grapson.com/expression#Adjective	http://grapson.com/meta#Object
S	http://grapson.com/expression#Adjective_phrase	http://grapson.com/expression#Designation
S	http://grapson.com/expression#Adjective_phrase	http://grapson.com/expression#Expression
S	http://grapson.com/expression#Adjective_phrase	http://grapson.com/expression#Phrase
S	http://grapson.com/expression#Adjective_phrase	http://grapson.com/meta#Meta
S	http://grapson.com/expression#Adjective_phrase	http://grapson.com/meta#Object
S	http://grapson.com/expression#Adposition	http://grapson.com/expression#Adverb
S	http://grapson.com/expression#Adposition	http://grapson.com/expression#Adverb_phrase
S	http://grapson.com/expression#Adposition	http://grapson.com/expression#Designation
S	http://grapson.com/expression#Adposition	http://grapson.com/expression#Expression
S	http://grapson.com/expression#Adposition	http://grapson.com/expression#Phrase
S	http://grapson.com/expression#Adposition	http://grapson.com/meta#Meta
S	http://grapson.com/expression#Adposition	http://grapson.com/meta#Object
S	http://grapson.com/expression#Adposition_phrase	http://grapson.com/expression#Designation
S	http://grapson.com/expression#Adposition_phrase	http://grapson.com/expression#Expression
S	http://grapson.com/expression#Adposition_phrase	http://grapson.com/expression#Phrase
S	http://grapson.com/expression#Adposition_phrase	http://grapson.com/meta#Meta
S	http://grapson.com/expression#Adposition_phrase	http://grapson.com/meta#Object
S	http://grapson.com/expression#Adverb	http://grapson.com/expression#Adverb_phrase
S	http://grapson.com/expression#Adverb	http://grapson.com/expression#Designation
S	http://grapson.com/expression#Adverb	http://grapson.com/expression#Expression
S	http://grapson.com/expression#Adverb	http://grapson.com/expression#Phrase
S	http://grapson.com/expression#Adverb	http://grapson.com/meta#Meta
S	http://grapson.com/expression#Adverb	http://grapson.com/meta#Object
S	http://grapson.com/expression#Adverb_phrase	http://grapson.com/expression#Designation
S	http://grapson.com/expression#Adverb_phrase	http://grapson.com/expression#Expression
S	http://grapson.com/expression#Adverb_phrase	http://grapson.com/expression#Phrase
S	http://grapson.com/expression#Adverb_phrase	http://grapson.com/meta#Meta
S	http://grapson.com/expression#Adverb_phrase	http://grapson.com/meta#Object
S	http://grapson.com/expression#American_English	http://grapson.com/expression#English
S	http://grapson.com/expression#American_English	http://grapson.com/expression#Language
S	http://grapson.com/expression#American_English	http://grapson.com/meta#Meta
S	http://grapson.com/expression#Appellation	http://grapson.com/expression#Designation
S	http://grapson.com/expression#Appellation	http://grapson.com/expression#Expression
S	http://grapson.com/expression#Appellation	http://grapson.com/meta#Meta
S	http://grapson.com/expression#Appellation	http://grapson.com/meta#Object
S	http://grapson.com/expression#Chinese	http://grapson.com/expression#Language
S	http://grapson.com/expression#Chinese	http://grapson.com/meta#Meta
S	http://grapson.com/expression#Designation	http://grapson.com/expression#Expression
S	http://grapson.com/expression#Designation	http://grapson.com/meta#Meta
S	http://grapson.com/expression#Designation	http://grapson.com/meta#Object
S	http://grapson.com/expression#English	http://grapson.com/expression#Language
S	http://grapson.com/expression#English	http://grapson.com/meta#Meta
S	http://grapson.com/expression#Expression	http://grapson.com/meta#Meta
S	http://grapson.com/expression#Expression	http://grapson.com/meta#Object
S	http://grapson.com/expression#Finnish	http://grapson.com/expression#Language
S	http://grapson.com/expression#Finnish	http://grapson.com/meta#Meta
S	http://grapson.com/expression#Language	http://grapson.com/meta#Meta
S	http://grapson.com/expression#Morpheme	http://grapson.com/expression#Designation
S	http://grapson.com/expression#Morpheme	http://grapson.com/expression#Expression
S	http://grapson.com/expression#Morpheme	http://grapson.com/meta#Meta
S	http://grapson.com/expression#Morpheme	http://grapson.com/meta#Object
S	http://grapson.com/expression#Noun	http://grapson.com/expression#Designation
S	http://grapson.com/expression#Noun	http://grapson.com/expression#Expression
S	http://grapson.com/expression#Noun	http://grapson.com/expression#Noun_phrase
S	http://grapson.com/expression#Noun	http://grapson.com/expression#Phrase
S	http://grapson.com/expression#Noun	http://grapson.com/meta#Meta
S	http://grapson.com/expression#Noun	http://grapson.com/meta#Object
S	http://grapson.com/expression#Noun_phrase	http://grapson.com/expression#Designation
S	http://grapson.com/expression#Noun_phrase	http://grapson.com/expression#Expression
S	http://grapson.com/expression#Noun_phrase	http://grapson.com/expression#Phrase
S	http://grapson.com/expression#Noun_phrase	http://grapson.com/meta#Meta
S	http://grapson.com/expression#Noun_phrase	http://grapson.com/meta#Object
S	http://grapson.com/expression#Phrase	http://grapson.com/expression#Designation
S	http://grapson.com/expression#Phrase	http://grapson.com/expression#Expression
S	http://grapson.com/expression#Phrase	http://grapson.com/meta#Meta
S	http://grapson.com/expression#Phrase	http://grapson.com/meta#Object
S	http://grapson.com/expression#Preposition	http://grapson.com/expression#Adposition
S	http://grapson.com/expression#Preposition	http://grapson.com/expression#Adverb
S	http://grapson.com/expression#Preposition	http://grapson.com/expression#Adverb_phrase
S	http://grapson.com/expression#Preposition	http://grapson.com/expression#Designation
S	http://grapson.com/expression#Preposition	http://grapson.com/expression#Expression
S	http://grapson.com/expression#Preposition	http://grapson.com/expression#Phrase
S	http://grapson.com/expression#Preposition	http://grapson.com/meta#Meta
S	http://grapson.com/expression#Preposition	http://grapson.com/meta#Object
S	http://grapson.com/expression#Russian	http://grapson.com/expression#Language
S	http://grapson.com/expression#Russian	http://grapson.com/meta#Meta
S	http://grapson.com/expression#Text	http://grapson.com/expression#Expression
S	http://grapson.com/expression#Text	http://grapson.com/meta#Meta
S	http://grapson.com/expression#Text	http://grapson.com/meta#Object
S	http://grapson.com/expression#Verb	http://grapson.com/expression#Designation
S	http://grapson.com/expression#Verb	http://grapson.com/expression#Expression
S	http://grapson.com/expression#Verb	http://grapson.com/expression#Phrase
S	http://grapson.com/expression#Verb	http://grapson.com/expression#Verb_phrase
S	http://grapson.com/expression#Verb	http://grapson.com/meta#Meta
S	http://grapson.com/expression#Verb	http://grapson.com/meta#Object
S	http://grapson.com/expression#Verb_phrase	http://grapson.com/expression#Designation
S	http://grapson.com/expression#Verb_phrase	http://grapson.com/expression#Expression
S	http://grapson.com/expression#Verb_phrase	http://grapson.com/expression#Phrase
S	http://grapson.com/expression#Verb_phrase	http://grapson.com/meta#Meta
S	http://grapson.com/expression#Verb_phrase	http://grapson.com/meta#Object
S	http://grapson.com/meta#Description	http://grapson.com/meta#Meta
S	http://grapson.com/meta#Domain	http://grapson.com/meta#Meta
S	http://grapson.com/meta#Pun	http://grapson.com/meta#Meta
S	http://grapson.com/meta#Source	http://grapson.com/meta#Meta
S	http://grapson.com/term#Abbreviation	http://grapson.com/meta#Meta
S	http://grapson.com/term#Abbreviation	http://grapson.com/meta#Object
S	http://grapson.com/term#Abbreviation	http://grapson.com/term#Term
S	http://grapson.com/term#Acronym	http://grapson.com/meta#Meta
S	http://grapson.com/term#Acronym	http://grapson.com/meta#Object
S	http://grapson.com/term#Acronym	http://grapson.com/term#Term
S	http://grapson.com/term#Context	http://grapson.com/meta#Description
S	http://grapson.com/term#Context	http://grapson.com/meta#Meta
S	http://grapson.com/term#Context	http://grapson.com/term#Description
S	http://grapson.com/term#Definition	http://grapson.com/meta#Description
S	http://grapson.com/term#Definition	http://grapson.com/meta#Meta
S	http://grapson.com/term#Definition	http://grapson.com/term#Description
S	http://grapson.com/term#Description	http://grapson.com/meta#Description
S	http://grapson.com/term#Description	http://grapson.com/meta#Meta
S	http://grapson.com/term#Example	http://grapson.com/meta#Description
S	http://grapson.com/term#Example	http://grapson.com/meta#Meta
S	http://grapson.com/term#Example	http://grapson.com/term#Description
S	http://grapson.com/term#Explanation	http://grapson.com/meta#Description
S	http://grapson.com/term#Explanation	http://grapson.com/meta#Meta
S	http://grapson.com/term#Explanation	http://grapson.com/term#Description
S	http://grapson.com/term#LongForm	http://grapson.com/meta#Meta
S	http://grapson.com/term#LongForm	http://grapson.com/meta#Object
S	http://grapson.com/term#LongForm	http://grapson.com/term#Term
S	http://grapson.com/term#ScientificTerm	http://grapson.com/meta#Meta
S	http://grapson.com/term#ScientificTerm	http://grapson.com/meta#Object
S	http://grapson.com/term#ScientificTerm	http://grapson.com/term#Term
S	http://grapson.com/term#ShortForm	http://grapson.com/meta#Meta
S	http://grapson.com/term#ShortForm	http://grapson.com/meta#Object
S	http://grapson.com/term#ShortForm	http://grapson.com/term#Term
S	http://grapson.com/term#Term	http://grapson.com/meta#Meta
S	http://grapson.com/term#Term	http://grapson.com/meta#Object
S	http://grapson.com/term#Variant	http://grapson.com/meta#Meta
S	http://grapson.com/term#Variant	http://grapson.com/meta#Object
S	http://grapson.com/term#Variant	http://grapson.com/term#Term
S	http://puls.cs.helsinki.fi/med#A-AGRARIUS	http://puls.cs.helsinki.fi/med#C-ANIMAL
S	http://puls.cs.helsinki.fi/med#A-ALIMANUS	http://puls.cs.helsinki.fi/med#C-VECTOR
S	http://puls.cs.helsinki.fi/med#A-AQUASALIS	http://puls.cs.helsinki.fi/med#C-DISEASE
S	http://puls.cs.helsinki.fi/med#A-CANTATOR	http://puls.cs.helsinki.fi/med#C-VECTOR
S	http://puls.cs.helsinki.fi/med#A-DARLINGHI	http://puls.cs.helsinki.fi/med#C-DISEASE
S	http://puls.cs.helsinki.fi/med#A-FLAVICOLLIS	http://puls.cs.helsinki.fi/med#C-VECTOR
S	http://puls.cs.helsinki.fi/med#A-FUNESTUS	http://puls.cs.helsinki.fi/med#C-VECTOR
S	http://puls.cs.helsinki.fi/med#A-GAMBIAE	http://puls.cs.helsinki.fi/med#C-VECTOR
S	http://puls.cs.helsinki.fi/med#A-ICHTHIOSMIA	http://puls.cs.helsinki.fi/med#C-DISEASE
S	http://puls.cs.helsinki.fi/med#A-LONGIPILIS	http://puls.cs.helsinki.fi/med#C-DISEASE
S	http://puls.cs.helsinki.fi/med#A-MACKERRASAE	http://puls.cs.helsinki.fi/med#C-DISEASE
S	http://puls.cs.helsinki.fi/med#A-OLIVIFORMIS	http://puls.cs.helsinki.fi/med#C-DISEASE
S	http://puls.cs.helsinki.fi/med#A-SPIRAECOLA	http://puls.cs.helsinki.fi/med#C-DISEASE
S	http://puls.cs.helsinki.fi/med#A-SYLVATICUS	http://puls.cs.helsinki.fi/med#C-DISEASE
S	http://puls.cs.helsinki.fi/med#A-TRISERIATUS	http://puls.cs.helsinki.fi/med#C-VECTOR
S	http://puls.cs.helsinki.fi/med#A-VARIEGATUM	http://puls.cs.helsinki.fi/med#C-VECTOR
S	http://puls.cs.helsinki.fi/med#A-VASORUM	http://puls.cs.helsinki.fi/med#C-DISEASE
S	http://puls.cs.helsinki.fi/med#A-VERONII	http://puls.cs.helsinki.fi/med#C-DISEASE
S	http://puls.cs.helsinki.fi/med#ACACIA-KOA	http://puls.cs.helsinki.fi/med#C-PLANT
S	http://puls.cs.helsinki.fi/med#ACANTHAMOEBA-INFECTION	http://puls.cs.helsinki.fi/med#C-AGENT
S	http://puls.cs.helsinki.fi/med#ACERIA-TOSICHELLA	http://puls.cs.helsinki.fi/med#C-VECTOR
S	http://puls.cs.helsinki.fi/med#ACHATINA-FULICA	http://puls.cs.helsinki.fi/med#C-ANIMAL
S	http://puls.cs.helsinki.fi/med#ACINETOBACTER	http://puls.cs.helsinki.fi/med#C-AGENT
S	http://puls.cs.helsinki.fi/med#ACINETOBACTER-BAUMANNII	http://puls.cs.helsinki.fi/med#C-AGENT
S	http://puls.cs.helsinki.fi/med#ACINETOBACTER-CALCOACETICUS	http://puls.cs.helsinki.fi/med#C-AGENT
S	http://puls.cs.helsinki.fi/med#ACREMONIUM	http://puls.cs.helsinki.fi/med#C-AGENT
S	http://puls.cs.helsinki.fi/med#ACREMONIUM-COENOPHIALUM	http://puls.cs.helsinki.fi/med#C-AGENT
S	http://puls.cs.helsinki.fi/med#ACREMONIUM-CUCURBITACEARUM	http://puls.cs.helsinki.fi/med#C-AGENT
S	http://puls.cs.helsinki.fi/med#ACROGONIA-TERMINALIS	http://puls.cs.helsinki.fi/med#C-DISEASE
S	http://puls.cs.helsinki.fi/med#ACROPORA-PALMATA	http://puls.cs.helsinki.fi/med#C-PLANT
S	http://puls.cs.helsinki.fi/med#ACUTE-CANINE-HEMORRHAGIC-SYNDROME	http://puls.cs.helsinki.fi/med#C-DISEASE
S	http://puls.cs.helsinki.fi/med#ACUTE-DIARRHEA	http://puls.cs.helsinki.fi/med#C-DISEASE
S	http://puls.cs.helsinki.fi/med#ACUTE-ENCEPHALITIS	http://puls.cs.helsinki.fi/med#C-DISEASE
S	http://puls.cs.helsinki.fi/med#ACUTE-FEBRILE-DISEASE	http://puls.cs.helsinki.fi/med#C-DISEASE
S	http://puls.cs.helsinki.fi/med#ACUTE-FEBRILE-RESPIRATORY-ILLNESS	http://puls.cs.helsinki.fi/med#C-DISEASE
S	http://puls.cs.helsinki.fi/med#ACUTE-FLACCID-PARALYSIS	http://puls.cs.helsinki.fi/med#C-DISEASE
S	http://puls.cs.helsinki.fi/med#ACUTE-GASTROENTERITIS	http://puls.cs.helsinki.fi/med#C-DISEASE
S	http://puls.cs.helsinki.fi/med#ACUTE-HEMORRHAGIC-FEVER	http://puls.cs.helsinki.fi/med#C-DISEASE
S	http://puls.cs.helsinki.fi/med#ACUTE-HEMORRHAGIC-FEVER-SYNDROME	http://puls.cs.helsinki.fi/med#C-DISEASE
S	http://puls.cs.helsinki.fi/med#ACUTE-HEMORRHAGIC-VIRAL-CONJUNCTIVITIS	http://puls.cs.helsinki.fi/med#C-DISEASE
S	http://puls.cs.helsinki.fi/med#ACUTE-INTESTINAL-INFECTION	http://puls.cs.helsinki.fi/med#C-DISEASE
S	http://puls.cs.helsinki.fi/med#ACUTE-MYOCARDITIS	http://puls.cs.helsinki.fi/med#C-DISEASE
S	http://puls.cs.helsinki.fi/med#ACUTE-PULMONARY-RENAL-SYNDROME	http://puls.cs.helsinki.fi/med#C-DISEASE
S	http://puls.cs.helsinki.fi/med#ACUTE-RESPIRATORY-DISEASE	http://puls.cs.helsinki.fi/med#C-DISEASE
S	http://puls.cs.helsinki.fi/med#ACUTE-RESPIRATORY-DISTRESS-SYNDROME	http://puls.cs.helsinki.fi/med#C-DISEASE
S	http://puls.cs.helsinki.fi/med#ACUTE-RESPIRATORY-FEBRILE-ILLNESS	http://puls.cs.helsinki.fi/med#C-DISEASE
S	http://puls.cs.helsinki.fi/med#ACUTE-RESPIRATORY-INFECTION	http://puls.cs.helsinki.fi/med#C-DISEASE
S	http://puls.cs.helsinki.fi/med#ACUTE-RESPIRATORY-SYNDROME	http://puls.cs.helsinki.fi/med#C-DISEASE
S	http://puls.cs.helsinki.fi/med#ADENOVIRUS	http://puls.cs.helsinki.fi/med#C-VIRUS
S	http://puls.cs.helsinki.fi/med#ADULT-ROTAVIRUS	http://puls.cs.helsinki.fi/med#C-VIRUS
S	http://puls.cs.helsinki.fi/med#AE-CUMMINSII	http://puls.cs.helsinki.fi/med#C-VECTOR
S	http://puls.cs.helsinki.fi/med#AE-FUNEREUS	http://puls.cs.helsinki.fi/med#C-VECTOR
S	http://puls.cs.helsinki.fi/med#AE-INFIRMATUS	http://puls.cs.helsinki.fi/med#C-VECTOR
S	http://puls.cs.helsinki.fi/med#AE-MADAGASCARENSIS	http://puls.cs.helsinki.fi/med#C-VECTOR
S	http://puls.cs.helsinki.fi/med#AE-MELANIMON	http://puls.cs.helsinki.fi/med#C-VECTOR
S	http://puls.cs.helsinki.fi/med#AE-NIGROMACULIS	http://puls.cs.helsinki.fi/med#C-VECTOR
S	http://puls.cs.helsinki.fi/med#AE-NOMRMANENSIS	http://puls.cs.helsinki.fi/med#C-VECTOR
S	http://puls.cs.helsinki.fi/med#AE-PROCAX	http://puls.cs.helsinki.fi/med#C-VECTOR
S	http://puls.cs.helsinki.fi/med#AE-SERRATUS	http://puls.cs.helsinki.fi/med#C-VECTOR
S	http://puls.cs.helsinki.fi/med#AEDES	http://puls.cs.helsinki.fi/med#C-VECTOR
S	http://puls.cs.helsinki.fi/med#AEDES-AEGYPTI	http://puls.cs.helsinki.fi/med#C-VECTOR
S	http://puls.cs.helsinki.fi/med#AEDES-ALBIMANUS	http://puls.cs.helsinki.fi/med#C-VECTOR
S	http://puls.cs.helsinki.fi/med#AEDES-ALBOPICTUS	http://puls.cs.helsinki.fi/med#C-VECTOR
S	http://puls.cs.helsinki.fi/med#AEDES-APONICUS	http://puls.cs.helsinki.fi/med#C-VECTOR
S	http://puls.cs.helsinki.fi/med#AEDES-ATROPALPUS	http://puls.cs.helsinki.fi/med#C-VECTOR
S	http://puls.cs.helsinki.fi/med#AEDES-BROMELIAE	http://puls.cs.helsinki.fi/med#C-VECTOR
S	http://puls.cs.helsinki.fi/med#AEDES-BUTLERI	http://puls.cs.helsinki.fi/med#C-VECTOR
S	http://puls.cs.helsinki.fi/med#AEDES-CABALLUS	http://puls.cs.helsinki.fi/med#C-VECTOR
S	http://puls.cs.helsinki.fi/med#AEDES-CAMPTORHYNCHUS	http://puls.cs.helsinki.fi/med#C-VECTOR
S	http://puls.cs.helsinki.fi/med#AEDES-CAMPTORHYNCUS	http://puls.cs.helsinki.fi/med#C-VECTOR
S	http://puls.cs.helsinki.fi/med#AEDES-CANADENSIS	http://puls.cs.helsinki.fi/med#C-VECTOR
S	http://puls.cs.helsinki.fi/med#AEDES-CANTATOR	http://puls.cs.helsinki.fi/med#C-VECTOR
S	http://puls.cs.helsinki.fi/med#AEDES-CINEREUS	http://puls.cs.helsinki.fi/med#C-VECTOR
S	http://puls.cs.helsinki.fi/med#AEDES-CIRCUMLUTEOLUS	http://puls.cs.helsinki.fi/med#C-VECTOR
S	http://puls.cs.helsinki.fi/med#AEDES-DALZIELI	http://puls.cs.helsinki.fi/med#C-VECTOR
S	http://puls.cs.helsinki.fi/med#AEDES-DORSALIS	http://puls.cs.helsinki.fi/med#C-VECTOR
S	http://puls.cs.helsinki.fi/med#AEDES-FITCHII	http://puls.cs.helsinki.fi/med#C-VECTOR
S	http://puls.cs.helsinki.fi/med#AEDES-FURCIFER	http://puls.cs.helsinki.fi/med#C-VECTOR
S	http://puls.cs.helsinki.fi/med#AEDES-JAPONICUS	http://puls.cs.helsinki.fi/med#C-VECTOR
S	http://puls.cs.helsinki.fi/med#AEDES-LINEATOPENNIS	http://puls.cs.helsinki.fi/med#C-VECTOR
S	http://puls.cs.helsinki.fi/med#AEDES-NORMANENSIS	http://puls.cs.helsinki.fi/med#C-VECTOR
S	http://puls.cs.helsinki.fi/med#AEDES-NOTOSCRIPTUS	http://puls.cs.helsinki.fi/med#C-VECTOR
S	http://puls.cs.helsinki.fi/med#AEDES-POSTSPINACULOSIS	http://puls.cs.helsinki.fi/med#C-VECTOR
S	http://puls.cs.helsinki.fi/med#AEDES-SOLLICITANS	http://puls.cs.helsinki.fi/med#C-VECTOR
S	http://puls.cs.helsinki.fi/med#AEDES-SPP	http://puls.cs.helsinki.fi/med#C-VECTOR
S	http://puls.cs.helsinki.fi/med#AEDES-SQUAMIGER	http://puls.cs.helsinki.fi/med#C-VECTOR
S	http://puls.cs.helsinki.fi/med#AEDES-TRISERIATUS	http://puls.cs.helsinki.fi/med#C-VECTOR
S	http://puls.cs.helsinki.fi/med#AEDES-TRIVATTATUS	http://puls.cs.helsinki.fi/med#C-VECTOR
S	http://puls.cs.helsinki.fi/med#AEDES-VEXANS	http://puls.cs.helsinki.fi/med#C-VECTOR
S	http://puls.cs.helsinki.fi/med#AEDES-VIGILAX	http://puls.cs.helsinki.fi/med#C-VECTOR
S	http://puls.cs.helsinki.fi/med#AEDES-VIXENS	http://puls.cs.helsinki.fi/med#C-VECTOR
S	http://puls.cs.helsinki.fi/med#AEDIMORPHUS	http://puls.cs.helsinki.fi/med#C-VECTOR
S	http://puls.cs.helsinki.fi/med#AEGYPTI	http://puls.cs.helsinki.fi/med#C-VECTOR
S	http://puls.cs.helsinki.fi/med#AEROMONAS-HYDROPHILA	http://puls.cs.helsinki.fi/med#C-AGENT
S	http://puls.cs.helsinki.fi/med#AEROMONAS-HYDROPHILIA	http://puls.cs.helsinki.fi/med#C-AGENT
S	http://puls.cs.helsinki.fi/med#AEROMONAS-SALMONICIDA	http://puls.cs.helsinki.fi/med#C-AGENT
S	http://puls.cs.helsinki.fi/med#AEROMONAS-SP	http://puls.cs.helsinki.fi/med#C-AGENT
S	http://puls.cs.helsinki.fi/med#AFLATOXICOSIS	http://puls.cs.helsinki.fi/med#C-DISEASE
S	http://puls.cs.helsinki.fi/med#AFLATOXIN	http://puls.cs.helsinki.fi/med#C-AGENT
S	http://puls.cs.helsinki.fi/med#AFRICAN-CASSAVA-MOSAIC-BEGOMOVIRUS	http://puls.cs.helsinki.fi/med#C-VIRUS
S	http://puls.cs.helsinki.fi/med#AFRICAN-HORSE-SICKNESS	http://puls.cs.helsinki.fi/med#C-DISEASE
S	http://puls.cs.helsinki.fi/med#AFRICAN-SWINE-FEVER	http://puls.cs.helsinki.fi/med#C-DISEASE
S	http://puls.cs.helsinki.fi/med#AFRICAN-TICK-BITE-FEVER	http://puls.cs.helsinki.fi/med#C-DISEASE
S	http://puls.cs.helsinki.fi/med#AFRICAN-TRYPANOSOMIASIS	http://puls.cs.helsinki.fi/med#C-DISEASE
S	http://puls.cs.helsinki.fi/med#AGAPANTHUS-PRAECOX	http://puls.cs.helsinki.fi/med#C-PLANT
S	http://puls.cs.helsinki.fi/med#AIDS	http://puls.cs.helsinki.fi/med#C-DISEASE
S	http://puls.cs.helsinki.fi/med#AIDS-DEMENTIA-COMPLEX	http://puls.cs.helsinki.fi/med#C-SYMPTOM-X
S	http://puls.cs.helsinki.fi/med#AIRPORT-MALARIA	http://puls.cs.helsinki.fi/med#C-DISEASE
S	http://puls.cs.helsinki.fi/med#AKODON-OLIVACEOUS	http://puls.cs.helsinki.fi/med#C-VECTOR
S	http://puls.cs.helsinki.fi/med#ALBEDINIS	http://puls.cs.helsinki.fi/med#C-DISEASE
S	http://puls.cs.helsinki.fi/med#ALBIZIA-GUMMIFERA	http://puls.cs.helsinki.fi/med#C-DISEASE
S	http://puls.cs.helsinki.fi/med#ALCALIGENES-XYLOSOXIDANS	http://puls.cs.helsinki.fi/med#C-DISEASE
S	http://puls.cs.helsinki.fi/med#ALCES-ALCES	http://puls.cs.helsinki.fi/med#C-ANIMAL
S	http://puls.cs.helsinki.fi/med#ALEURODICUS-DISPERSUS	http://puls.cs.helsinki.fi/med#C-DISEASE
S	http://puls.cs.helsinki.fi/med#ALEXANDRIUM-CATANELLA	http://puls.cs.helsinki.fi/med#C-DISEASE
S	http://puls.cs.helsinki.fi/med#ALEXANDRIUM-CATENELLA	http://puls.cs.helsinki.fi/med#C-DISEASE
S	http://puls.cs.helsinki.fi/med#ALLIUM	http://puls.cs.helsinki.fi/med#C-PLANT
S	http://puls.cs.helsinki.fi/med#ALLIUM-CEPA	http://puls.cs.helsinki.fi/med#C-PLANT
S	http://puls.cs.helsinki.fi/med#ALLIUM-PORRUM	http://puls.cs.helsinki.fi/med#C-PLANT
S	http://puls.cs.helsinki.fi/med#ALOCASIA	http://puls.cs.helsinki.fi/med#C-DISEASE
S	http://puls.cs.helsinki.fi/med#ALOPECIA	http://puls.cs.helsinki.fi/med#C-SYMPTOM-X
S	http://puls.cs.helsinki.fi/med#ALPHAHERPESVIRINAE	http://puls.cs.helsinki.fi/med#C-DISEASE
S	http://puls.cs.helsinki.fi/med#ALPHAVIRUS	http://puls.cs.helsinki.fi/med#C-VIRUS
S	http://puls.cs.helsinki.fi/med#ALRMIGERES-SULBALBATIS	http://puls.cs.helsinki.fi/med#C-DISEASE
S	http://puls.cs.helsinki.fi/med#ALSTROEMERIA	http://puls.cs.helsinki.fi/med#C-DISEASE
S	http://puls.cs.helsinki.fi/med#ALTERNARIA	http://puls.cs.helsinki.fi/med#C-FUNGUS
S	http://puls.cs.helsinki.fi/med#ALTERNARIA-ALTERNATA	http://puls.cs.helsinki.fi/med#C-FUNGUS
S	http://puls.cs.helsinki.fi/med#ALTERNARIA-CITRI	http://puls.cs.helsinki.fi/med#C-FUNGUS
S	http://puls.cs.helsinki.fi/med#ALTERNARIA-CITRIARBUSTI	http://puls.cs.helsinki.fi/med#C-FUNGUS
S	http://puls.cs.helsinki.fi/med#ALTERNARIA-CITRIMACULARIS	http://puls.cs.helsinki.fi/med#C-FUNGUS
S	http://puls.cs.helsinki.fi/med#ALTERNARIA-COLOMBIANA	http://puls.cs.helsinki.fi/med#C-FUNGUS
S	http://puls.cs.helsinki.fi/med#ALTERNARIA-DUMOSA	http://puls.cs.helsinki.fi/med#C-FUNGUS
S	http://puls.cs.helsinki.fi/med#ALTERNARIA-INTERRUPTA	http://puls.cs.helsinki.fi/med#C-FUNGUS
S	http://puls.cs.helsinki.fi/med#ALTERNARIA-LIMONIASPERAE	http://puls.cs.helsinki.fi/med#C-FUNGUS
S	http://puls.cs.helsinki.fi/med#ALTERNARIA-PERANGUSTA	http://puls.cs.helsinki.fi/med#C-FUNGUS
S	http://puls.cs.helsinki.fi/med#ALTERNARIA-TANGELONIS	http://puls.cs.helsinki.fi/med#C-FUNGUS
S	http://puls.cs.helsinki.fi/med#ALTERNARIA-TOXICOGENICA	http://puls.cs.helsinki.fi/med#C-FUNGUS
S	http://puls.cs.helsinki.fi/med#ALTERNARIA-TURKISAFRIA	http://puls.cs.helsinki.fi/med#C-FUNGUS
S	http://puls.cs.helsinki.fi/med#ALVEOLAR-HYDATID-DISEASE	http://puls.cs.helsinki.fi/med#C-DISEASE
S	http://puls.cs.helsinki.fi/med#ALYXIA-RUSCIFOLIA	http://puls.cs.helsinki.fi/med#C-DISEASE
S	http://puls.cs.helsinki.fi/med#AMBLYOMMA	http://puls.cs.helsinki.fi/med#C-VECTOR
S	http://puls.cs.helsinki.fi/med#AMBLYOMMA-AMERICANUM	http://puls.cs.helsinki.fi/med#C-VECTOR
S	http://puls.cs.helsinki.fi/med#AMBLYOMMA-CAJENNENSE	http://puls.cs.helsinki.fi/med#C-VECTOR
S	http://puls.cs.helsinki.fi/med#AMBYSTOMA-TIGRINUM	http://puls.cs.helsinki.fi/med#C-ANIMAL
S	http://puls.cs.helsinki.fi/med#AMEBIASIS	http://puls.cs.helsinki.fi/med#C-DISEASE
S	http://puls.cs.helsinki.fi/med#AMEBIC-MENINGOENCEPHALITIS	http://puls.cs.helsinki.fi/med#C-DISEASE
S	http://puls.cs.helsinki.fi/med#AMERICAN-TRYPANOSOMIASIS	http://puls.cs.helsinki.fi/med#C-DISEASE
S	http://puls.cs.helsinki.fi/med#AMNESIC-SHELLFISH-TOXIN	http://puls.cs.helsinki.fi/med#C-DISEASE
S	http://puls.cs.helsinki.fi/med#AMYCOLATOPSIS-ORIENTALIS	http://puls.cs.helsinki.fi/med#C-DISEASE
S	http://puls.cs.helsinki.fi/med#AN-ARABIENSIS	http://puls.cs.helsinki.fi/med#C-VECTOR
S	http://puls.cs.helsinki.fi/med#AN-ATROPARVUS	http://puls.cs.helsinki.fi/med#C-VECTOR
S	http://puls.cs.helsinki.fi/med#AN-BALABACENCIS	http://puls.cs.helsinki.fi/med#C-VECTOR
S	http://puls.cs.helsinki.fi/med#AN-BARBIROSTRIS	http://puls.cs.helsinki.fi/med#C-VECTOR
S	http://puls.cs.helsinki.fi/med#AN-DIRUS	http://puls.cs.helsinki.fi/med#C-VECTOR
S	http://puls.cs.helsinki.fi/med#AN-FUNESTUS	http://puls.cs.helsinki.fi/med#C-VECTOR
S	http://puls.cs.helsinki.fi/med#AN-GAMBIAE	http://puls.cs.helsinki.fi/med#C-VECTOR
S	http://puls.cs.helsinki.fi/med#AN-LABRANCHIAE	http://puls.cs.helsinki.fi/med#C-VECTOR
S	http://puls.cs.helsinki.fi/med#AN-LUDLOWAE	http://puls.cs.helsinki.fi/med#C-VECTOR
S	http://puls.cs.helsinki.fi/med#AN-MACULATUS	http://puls.cs.helsinki.fi/med#C-VECTOR
S	http://puls.cs.helsinki.fi/med#AN-MACULIPALPIS	http://puls.cs.helsinki.fi/med#C-VECTOR
S	http://puls.cs.helsinki.fi/med#AN-MESSEAE	http://puls.cs.helsinki.fi/med#C-VECTOR
S	http://puls.cs.helsinki.fi/med#AN-MINIMUS	http://puls.cs.helsinki.fi/med#C-VECTOR
S	http://puls.cs.helsinki.fi/med#AN-NIGERRIMUS	http://puls.cs.helsinki.fi/med#C-VECTOR
S	http://puls.cs.helsinki.fi/med#AN-PHAROENSIS	http://puls.cs.helsinki.fi/med#C-VECTOR
S	http://puls.cs.helsinki.fi/med#AN-PHILIPPINENSIS	http://puls.cs.helsinki.fi/med#C-VECTOR
S	http://puls.cs.helsinki.fi/med#AN-PLUMBEUS	http://puls.cs.helsinki.fi/med#C-VECTOR
S	http://puls.cs.helsinki.fi/med#AN-PULCHERRIMUS	http://puls.cs.helsinki.fi/med#C-VECTOR
S	http://puls.cs.helsinki.fi/med#AN-PUNCTULATUS	http://puls.cs.helsinki.fi/med#C-VECTOR
S	http://puls.cs.helsinki.fi/med#AN-SINENSIS	http://puls.cs.helsinki.fi/med#C-VECTOR
S	http://puls.cs.helsinki.fi/med#AN-STEPHENSI	http://puls.cs.helsinki.fi/med#C-VECTOR
S	http://puls.cs.helsinki.fi/med#AN-SUNDAICUS	http://puls.cs.helsinki.fi/med#C-VECTOR
S	http://puls.cs.helsinki.fi/med#AN-SUPERPICTUS	http://puls.cs.helsinki.fi/med#C-VECTOR
S	http://puls.cs.helsinki.fi/med#ANAPLASMA-MARGINALE	http://puls.cs.helsinki.fi/med#C-PARASITE
S	http://puls.cs.helsinki.fi/med#ANAPLASMOSIS	http://puls.cs.helsinki.fi/med#C-DISEASE
S	http://puls.cs.helsinki.fi/med#ANASTREPHA	http://puls.cs.helsinki.fi/med#C-DISEASE
S	http://puls.cs.helsinki.fi/med#ANCYCLOSTOMA	http://puls.cs.helsinki.fi/med#C-DISEASE
S	http://puls.cs.helsinki.fi/med#ANCYLOSTOMA	http://puls.cs.helsinki.fi/med#C-DISEASE
S	http://puls.cs.helsinki.fi/med#ANCYLOSTOMA-BRAZILIENSE	http://puls.cs.helsinki.fi/med#C-DISEASE
S	http://puls.cs.helsinki.fi/med#ANDEAN-POTATO-LATENT-TYMOVIRUS	http://puls.cs.helsinki.fi/med#C-VIRUS
S	http://puls.cs.helsinki.fi/med#ANGINA-PECTORIS	http://puls.cs.helsinki.fi/med#C-NON-INFECTIOUS-DISEASE
S	http://puls.cs.helsinki.fi/med#ANGIOSTRONGYLIASIS	http://puls.cs.helsinki.fi/med#C-DISEASE
S	http://puls.cs.helsinki.fi/med#ANGIOSTRONGYLUS	http://puls.cs.helsinki.fi/med#C-PARASITE
S	http://puls.cs.helsinki.fi/med#ANGIOSTRONGYLUS-CANTONENSIS	http://puls.cs.helsinki.fi/med#ANGIOSTRONGYLUS
S	http://puls.cs.helsinki.fi/med#ANGIOSTRONGYLUS-CANTONENSIS	http://puls.cs.helsinki.fi/med#C-PARASITE
S	http://puls.cs.helsinki.fi/med#ANGIOSTRONGYLUS-COSTARICENSIS	http://puls.cs.helsinki.fi/med#ANGIOSTRONGYLUS
S	http://puls.cs.helsinki.fi/med#ANGIOSTRONGYLUS-COSTARICENSIS	http://puls.cs.helsinki.fi/med#C-PARASITE
S	http://puls.cs.helsinki.fi/med#ANGIOSTRONGYLUS-VASORUM	http://puls.cs.helsinki.fi/med#ANGIOSTRONGYLUS
S	http://puls.cs.helsinki.fi/med#ANGIOSTRONGYLUS-VASORUM	http://puls.cs.helsinki.fi/med#C-PARASITE
S	http://puls.cs.helsinki.fi/med#ANIMAL-RABIES	http://puls.cs.helsinki.fi/med#C-DISEASE
S	http://puls.cs.helsinki.fi/med#ANISAKIASIS	http://puls.cs.helsinki.fi/med#C-DISEASE
S	http://puls.cs.helsinki.fi/med#ANISAKIS	http://puls.cs.helsinki.fi/med#C-DISEASE
S	http://puls.cs.helsinki.fi/med#ANISAKIS-SIMPLEX	http://puls.cs.helsinki.fi/med#C-DISEASE
S	http://puls.cs.helsinki.fi/med#ANISAKIS-TYPICA	http://puls.cs.helsinki.fi/med#C-DISEASE
S	http://puls.cs.helsinki.fi/med#ANOPELES-GAMBIAE	http://puls.cs.helsinki.fi/med#C-VECTOR
S	http://puls.cs.helsinki.fi/med#ANOPHELES	http://puls.cs.helsinki.fi/med#C-VECTOR
S	http://puls.cs.helsinki.fi/med#ANOPHELES-BRUNNIPES	http://puls.cs.helsinki.fi/med#C-VECTOR
S	http://puls.cs.helsinki.fi/med#ANOPHELES-COUSTANI	http://puls.cs.helsinki.fi/med#C-VECTOR
S	http://puls.cs.helsinki.fi/med#ANOPHELES-CRUCIANS	http://puls.cs.helsinki.fi/med#C-VECTOR
S	http://puls.cs.helsinki.fi/med#ANOPHELES-FARAUTI	http://puls.cs.helsinki.fi/med#C-VECTOR
S	http://puls.cs.helsinki.fi/med#ANOPHELES-FLUVIATILIS	http://puls.cs.helsinki.fi/med#C-VECTOR
S	http://puls.cs.helsinki.fi/med#ANOPHELES-FUNESTUS	http://puls.cs.helsinki.fi/med#C-VECTOR
S	http://puls.cs.helsinki.fi/med#ANOPHELES-GAMBIAE	http://puls.cs.helsinki.fi/med#C-VECTOR
S	http://puls.cs.helsinki.fi/med#ANOPHELES-LETIFER	http://puls.cs.helsinki.fi/med#C-VECTOR
S	http://puls.cs.helsinki.fi/med#ANOPHELES-QUADRIMACULATUS	http://puls.cs.helsinki.fi/med#C-VECTOR
S	http://puls.cs.helsinki.fi/med#ANOPHELES-SERGENTII	http://puls.cs.helsinki.fi/med#C-VECTOR
S	http://puls.cs.helsinki.fi/med#ANOPHELES-SINENSIS	http://puls.cs.helsinki.fi/med#C-VECTOR
S	http://puls.cs.helsinki.fi/med#ANOPHELES-SUPERPICTUS	http://puls.cs.helsinki.fi/med#C-VECTOR
S	http://puls.cs.helsinki.fi/med#ANOPHELESE	http://puls.cs.helsinki.fi/med#C-VECTOR
S	http://puls.cs.helsinki.fi/med#ANTHRAX	http://puls.cs.helsinki.fi/med#C-DISEASE
S	http://puls.cs.helsinki.fi/med#AOTUS	http://puls.cs.helsinki.fi/med#C-ANIMAL
S	http://puls.cs.helsinki.fi/med#APHANOMYCES	http://puls.cs.helsinki.fi/med#C-DISEASE
S	http://puls.cs.helsinki.fi/med#APHIS-FRANGULAE	http://puls.cs.helsinki.fi/med#C-VECTOR
S	http://puls.cs.helsinki.fi/med#APHIS-GOSSYPII	http://puls.cs.helsinki.fi/med#C-VECTOR
S	http://puls.cs.helsinki.fi/med#APHODIUS-RUFIPES	http://puls.cs.helsinki.fi/med#C-DISEASE
S	http://puls.cs.helsinki.fi/med#APHRODES-BICINCTA	http://puls.cs.helsinki.fi/med#C-DISEASE
S	http://puls.cs.helsinki.fi/med#APHTHOVIRUS	http://puls.cs.helsinki.fi/med#C-VIRUS
S	http://puls.cs.helsinki.fi/med#APIOSPORINA-MORBOSA	http://puls.cs.helsinki.fi/med#C-DISEASE
S	http://puls.cs.helsinki.fi/med#APIS-MELLIFERA	http://puls.cs.helsinki.fi/med#C-VECTOR
S	http://puls.cs.helsinki.fi/med#APODEMUS	http://puls.cs.helsinki.fi/med#C-VECTOR
S	http://puls.cs.helsinki.fi/med#APODEMUS-AGRARIUS	http://puls.cs.helsinki.fi/med#C-VECTOR
S	http://puls.cs.helsinki.fi/med#APODEMUS-FLAVICOLLIS	http://puls.cs.helsinki.fi/med#C-VECTOR
S	http://puls.cs.helsinki.fi/med#APPENDICITIS	http://puls.cs.helsinki.fi/med#C-SYMPTOM-X
S	http://puls.cs.helsinki.fi/med#APPLE-PROLIFERATION-PHYTOPLASMA	http://puls.cs.helsinki.fi/med#C-DISEASE
S	http://puls.cs.helsinki.fi/med#ARABIDOPSIS	http://puls.cs.helsinki.fi/med#C-PLANT
S	http://puls.cs.helsinki.fi/med#ARBOREA	http://puls.cs.helsinki.fi/med#C-DISEASE
S	http://puls.cs.helsinki.fi/med#ARBOVIRAL-ENCEPHALITIDES	http://puls.cs.helsinki.fi/med#C-DISEASE
S	http://puls.cs.helsinki.fi/med#ARBOVIRAL-ENCEPHALITIS	http://puls.cs.helsinki.fi/med#C-DISEASE
S	http://puls.cs.helsinki.fi/med#ARBOVIRUS	http://puls.cs.helsinki.fi/med#C-VIRUS
S	http://puls.cs.helsinki.fi/med#ARCANOBACTERIUM-HAEMOLYTICUM	http://puls.cs.helsinki.fi/med#C-AGENT
S	http://puls.cs.helsinki.fi/med#ARENAVIRUS	http://puls.cs.helsinki.fi/med#C-VIRUS
S	http://puls.cs.helsinki.fi/med#ARGAS-HERMANNI	http://puls.cs.helsinki.fi/med#C-VECTOR
S	http://puls.cs.helsinki.fi/med#ARGEMONE-MEXICANA	http://puls.cs.helsinki.fi/med#C-PLANT
S	http://puls.cs.helsinki.fi/med#ARGENTINE-HEMORRHAGIC-FEVER	http://puls.cs.helsinki.fi/med#C-DISEASE
S	http://puls.cs.helsinki.fi/med#ARGUS-PERSICUS	http://puls.cs.helsinki.fi/med#C-DISEASE
S	http://puls.cs.helsinki.fi/med#ARTERIVIRUS	http://puls.cs.helsinki.fi/med#C-VIRUS
S	http://puls.cs.helsinki.fi/med#ARTHRITIS	http://puls.cs.helsinki.fi/med#C-SYMPTOM-X
S	http://puls.cs.helsinki.fi/med#ARTIBEUS	http://puls.cs.helsinki.fi/med#C-VECTOR
S	http://puls.cs.helsinki.fi/med#ARTIBEUS-LITERATUS	http://puls.cs.helsinki.fi/med#C-VECTOR
S	http://puls.cs.helsinki.fi/med#ARVICANTHUS	http://puls.cs.helsinki.fi/med#C-DISEASE
S	http://puls.cs.helsinki.fi/med#ASCARIASIS	http://puls.cs.helsinki.fi/med#C-DISEASE
S	http://puls.cs.helsinki.fi/med#ASCARIDAE-LARVAE	http://puls.cs.helsinki.fi/med#C-PARASITE
S	http://puls.cs.helsinki.fi/med#ASCARIS	http://puls.cs.helsinki.fi/med#C-PARASITE
S	http://puls.cs.helsinki.fi/med#ASCARIS-LUMBRICOIDES	http://puls.cs.helsinki.fi/med#C-DISEASE
S	http://puls.cs.helsinki.fi/med#ASEPTIC-MENINGITIS	http://puls.cs.helsinki.fi/med#C-DISEASE
S	http://puls.cs.helsinki.fi/med#ASIATIC-CITRUS-CANKER	http://puls.cs.helsinki.fi/med#C-DISEASE
S	http://puls.cs.helsinki.fi/med#ASPERGILLOSIS	http://puls.cs.helsinki.fi/med#C-DISEASE
S	http://puls.cs.helsinki.fi/med#ASPERGILLUS	http://puls.cs.helsinki.fi/med#C-FUNGUS
S	http://puls.cs.helsinki.fi/med#ASPERGILLUS-FLAVUS	http://puls.cs.helsinki.fi/med#C-FUNGUS
S	http://puls.cs.helsinki.fi/med#ASTERINA	http://puls.cs.helsinki.fi/med#C-DISEASE
S	http://puls.cs.helsinki.fi/med#ASTERINA-MINIATA	http://puls.cs.helsinki.fi/med#C-DISEASE
S	http://puls.cs.helsinki.fi/med#ASTRAKHAN-FEVER	http://puls.cs.helsinki.fi/med#C-DISEASE
S	http://puls.cs.helsinki.fi/med#ASTRAKHAN-SPOTTED-FEVER	http://puls.cs.helsinki.fi/med#C-DISEASE
S	http://puls.cs.helsinki.fi/med#ATELOCAUDA-KOAE	http://puls.cs.helsinki.fi/med#C-DISEASE
S	http://puls.cs.helsinki.fi/med#ATROPELLIS-PINICOLA	http://puls.cs.helsinki.fi/med#C-FUNGUS
S	http://puls.cs.helsinki.fi/med#AURANTIACTINOMYXON	http://puls.cs.helsinki.fi/med#C-PARASITE
S	http://puls.cs.helsinki.fi/med#AUREOCOCCUS	http://puls.cs.helsinki.fi/med#C-PARASITE
S	http://puls.cs.helsinki.fi/med#AUREOUMBRA	http://puls.cs.helsinki.fi/med#C-PARASITE
S	http://puls.cs.helsinki.fi/med#AUSTRALIAN-BAT-LYSSAVIRUS	http://puls.cs.helsinki.fi/med#C-VIRUS
S	http://puls.cs.helsinki.fi/med#AUSTRALIAN-ENCEPHALITIS	http://puls.cs.helsinki.fi/med#C-DISEASE
S	http://puls.cs.helsinki.fi/med#AUSTRALIAN-GRAPEVINE-YELLOWS	http://puls.cs.helsinki.fi/med#C-DISEASE
S	http://puls.cs.helsinki.fi/med#AUTO-IMMUNO-DIFFICIENCY-SYNDOM	http://puls.cs.helsinki.fi/med#C-DISEASE
S	http://puls.cs.helsinki.fi/med#AUTO-IMMUNO-DIFFICIENCY-SYNDROME	http://puls.cs.helsinki.fi/med#C-DISEASE
S	http://puls.cs.helsinki.fi/med#AVIADENOVIRUS	http://puls.cs.helsinki.fi/med#C-VIRUS
S	http://puls.cs.helsinki.fi/med#AVIAN-BOTULISM	http://puls.cs.helsinki.fi/med#C-DISEASE
S	http://puls.cs.helsinki.fi/med#AVIAN-CHOLERA	http://puls.cs.helsinki.fi/med#C-DISEASE
S	http://puls.cs.helsinki.fi/med#AVIAN-INFECTIOUS-LARYNGOTRACHEITIS	http://puls.cs.helsinki.fi/med#C-DISEASE
S	http://puls.cs.helsinki.fi/med#AVIAN-INFLUENZA	http://puls.cs.helsinki.fi/med#C-DISEASE
S	http://puls.cs.helsinki.fi/med#AVIAN-PARAMYXOVIRUS-1	http://puls.cs.helsinki.fi/med#C-VIRUS
S	http://puls.cs.helsinki.fi/med#AVIAN-POX	http://puls.cs.helsinki.fi/med#C-DISEASE
S	http://puls.cs.helsinki.fi/med#AVIAN-VACUOLAR-MYELINOPATHY	http://puls.cs.helsinki.fi/med#C-DISEASE
S	http://puls.cs.helsinki.fi/med#AZADIRACHTA-INDICA	http://puls.cs.helsinki.fi/med#C-DISEASE
S	http://puls.cs.helsinki.fi/med#Afghan	http://puls.cs.helsinki.fi/med/concept#Nationality
S	http://puls.cs.helsinki.fi/med#African	http://puls.cs.helsinki.fi/med/concept#Nationality
S	http://puls.cs.helsinki.fi/med#Albanian	http://puls.cs.helsinki.fi/med/concept#Nationality
S	http://puls.cs.helsinki.fi/med#Algerian	http://puls.cs.helsinki.fi/med/concept#Nationality
S	http://puls.cs.helsinki.fi/med#American	http://puls.cs.helsinki.fi/med/concept#Nationality
S	http://puls.cs.helsinki.fi/med#AmericanSamoan	http://puls.cs.helsinki.fi/med/concept#Nationality
S	http://puls.cs.helsinki.fi/med#Andorran	http://puls.cs.helsinki.fi/med/concept#Nationality
S	http://puls.cs.helsinki.fi/med#Angolan	http://puls.cs.helsinki.fi/med/concept#Nationality
S	http://puls.cs.helsinki.fi/med#Anguillan	http://puls.cs.helsinki.fi/med/concept#Nationality
S	http://puls.cs.helsinki.fi/med#Argentine	http://puls.cs.helsinki.fi/med/concept#Nationality
S	http://puls.cs.helsinki.fi/med#Armenian	http://puls.cs.helsinki.fi/med/concept#Nationality
S	http://puls.cs.helsinki.fi/med#Aruban	http://puls.cs.helsinki.fi/med/concept#Nationality
S	http://puls.cs.helsinki.fi/med#Asian	http://puls.cs.helsinki.fi/med/concept#Nationality
S	http://puls.cs.helsinki.fi/med#Australian	http://puls.cs.helsinki.fi/med/concept#Nationality
S	http://puls.cs.helsinki.fi/med#Austrian	http://puls.cs.helsinki.fi/med/concept#Nationality
S	http://puls.cs.helsinki.fi/med#Azerbaijani	http://puls.cs.helsinki.fi/med/concept#Nationality
S	http://puls.cs.helsinki.fi/med#B-CABALLI	http://puls.cs.helsinki.fi/med#C-AGENT
S	http://puls.cs.helsinki.fi/med#B-CLARRIDGEAE	http://puls.cs.helsinki.fi/med#C-DISEASE
S	http://puls.cs.helsinki.fi/med#B-COAGULANS	http://puls.cs.helsinki.fi/med#C-DISEASE
S	http://puls.cs.helsinki.fi/med#B-EQUI	http://puls.cs.helsinki.fi/med#C-AGENT
S	http://puls.cs.helsinki.fi/med#B-FRAGILIS	http://puls.cs.helsinki.fi/med#C-DISEASE
S	http://puls.cs.helsinki.fi/med#B-HELICHRYSI	http://puls.cs.helsinki.fi/med#C-VECTOR
S	http://puls.cs.helsinki.fi/med#B-MEGATERIUM	http://puls.cs.helsinki.fi/med#C-DISEASE
S	http://puls.cs.helsinki.fi/med#B-MICROSPORUS	http://puls.cs.helsinki.fi/med#C-FUNGUS
S	http://puls.cs.helsinki.fi/med#B-OBOVATUS	http://puls.cs.helsinki.fi/med#C-VECTOR
S	http://puls.cs.helsinki.fi/med#B-RANARUM	http://puls.cs.helsinki.fi/med#C-FUNGUS
S	http://puls.cs.helsinki.fi/med#B-RAPA	http://puls.cs.helsinki.fi/med#C-PLANT
S	http://puls.cs.helsinki.fi/med#B-SUIS	http://puls.cs.helsinki.fi/med#C-AGENT
S	http://puls.cs.helsinki.fi/med#B-THETAIOTAOMICRON	http://puls.cs.helsinki.fi/med#C-DISEASE
S	http://puls.cs.helsinki.fi/med#BABESIA-DIVERGENS	http://puls.cs.helsinki.fi/med#C-AGENT
S	http://puls.cs.helsinki.fi/med#BABESIA-EQUI	http://puls.cs.helsinki.fi/med#C-AGENT
S	http://puls.cs.helsinki.fi/med#BABESIA-GIBSONI	http://puls.cs.helsinki.fi/med#C-AGENT
S	http://puls.cs.helsinki.fi/med#BABESIA-INFECTION	http://puls.cs.helsinki.fi/med#C-AGENT
S	http://puls.cs.helsinki.fi/med#BABESIA-MICROTI	http://puls.cs.helsinki.fi/med#C-AGENT
S	http://puls.cs.helsinki.fi/med#BACILLARY-DYSENTERY	http://puls.cs.helsinki.fi/med#C-DISEASE
S	http://puls.cs.helsinki.fi/med#BACILLUS-CEREUS	http://puls.cs.helsinki.fi/med#C-AGENT
S	http://puls.cs.helsinki.fi/med#BACILLUS-CEREUS-ENDOPHTHALMITIS	http://puls.cs.helsinki.fi/med#C-DISEASE
S	http://puls.cs.helsinki.fi/med#BACILLUS-LICHENIFORMIS	http://puls.cs.helsinki.fi/med#C-AGENT
S	http://puls.cs.helsinki.fi/med#BACILLUS-SPHAERICUS	http://puls.cs.helsinki.fi/med#C-AGENT
S	http://puls.cs.helsinki.fi/med#BACILLUS-SUBTILIS	http://puls.cs.helsinki.fi/med#C-AGENT
S	http://puls.cs.helsinki.fi/med#BACILLUS-THURINGIENSIS	http://puls.cs.helsinki.fi/med#C-AGENT
S	http://puls.cs.helsinki.fi/med#BACTERIAL-MENINGITIS	http://puls.cs.helsinki.fi/med#C-DISEASE
S	http://puls.cs.helsinki.fi/med#BACTERIAL-PNEUMONIA	http://puls.cs.helsinki.fi/med#C-SYMPTOM-X
S	http://puls.cs.helsinki.fi/med#BACTERIAL-WILT	http://puls.cs.helsinki.fi/med#C-DISEASE
S	http://puls.cs.helsinki.fi/med#BACTERIODES	http://puls.cs.helsinki.fi/med#C-DISEASE
S	http://puls.cs.helsinki.fi/med#BACTEROIDES	http://puls.cs.helsinki.fi/med#C-DISEASE
S	http://puls.cs.helsinki.fi/med#BALAMUTHIA	http://puls.cs.helsinki.fi/med#C-DISEASE
S	http://puls.cs.helsinki.fi/med#BALAMUTHIA-MANDRILLARIS	http://puls.cs.helsinki.fi/med#C-DISEASE
S	http://puls.cs.helsinki.fi/med#BALANTIDIASIS	http://puls.cs.helsinki.fi/med#C-DISEASE
S	http://puls.cs.helsinki.fi/med#BALCLUTHA-HORSE-SYNDROME	http://puls.cs.helsinki.fi/med#C-DISEASE
S	http://puls.cs.helsinki.fi/med#BALLINA-VIRUS	http://puls.cs.helsinki.fi/med#C-VIRUS
S	http://puls.cs.helsinki.fi/med#BALLUM	http://puls.cs.helsinki.fi/med#C-DISEASE
S	http://puls.cs.helsinki.fi/med#BANANA-DISEASE	http://puls.cs.helsinki.fi/med#C-DISEASE
S	http://puls.cs.helsinki.fi/med#BARLEY-VIRUS	http://puls.cs.helsinki.fi/med#C-VIRUS
S	http://puls.cs.helsinki.fi/med#BARLEY-YELLOW-DWARF-VIRUS	http://puls.cs.helsinki.fi/med#C-VIRUS
S	http://puls.cs.helsinki.fi/med#BARMAH-FOREST-VIRUS	http://puls.cs.helsinki.fi/med#C-VIRUS
S	http://puls.cs.helsinki.fi/med#BARMAH-VIRUS	http://puls.cs.helsinki.fi/med#C-VIRUS
S	http://puls.cs.helsinki.fi/med#BARTONELLA	http://puls.cs.helsinki.fi/med#C-AGENT
S	http://puls.cs.helsinki.fi/med#BARTONELLA-BACILLIFORMIS	http://puls.cs.helsinki.fi/med#C-AGENT
S	http://puls.cs.helsinki.fi/med#BARTONELLA-CLARRIDGEIAE	http://puls.cs.helsinki.fi/med#C-AGENT
S	http://puls.cs.helsinki.fi/med#BARTONELLA-HENSELAE	http://puls.cs.helsinki.fi/med#C-AGENT
S	http://puls.cs.helsinki.fi/med#BARTONELLA-QUINTANA	http://puls.cs.helsinki.fi/med#C-AGENT
S	http://puls.cs.helsinki.fi/med#BARTONELLA-VINSONII	http://puls.cs.helsinki.fi/med#C-AGENT
S	http://puls.cs.helsinki.fi/med#BARTONELLOSIS	http://puls.cs.helsinki.fi/med#C-DISEASE
S	http://puls.cs.helsinki.fi/med#BASIDIOBOLOMYCOSIS	http://puls.cs.helsinki.fi/med#C-DISEASE
S	http://puls.cs.helsinki.fi/med#BAT-RABIES	http://puls.cs.helsinki.fi/med#C-DISEASE
S	http://puls.cs.helsinki.fi/med#BATRACHOCHYTRIUM	http://puls.cs.helsinki.fi/med#C-AGENT
S	http://puls.cs.helsinki.fi/med#BATRACHOCHYTRIUM-DENDROBATIDIS	http://puls.cs.helsinki.fi/med#C-DISEASE
S	http://puls.cs.helsinki.fi/med#BAYLISASCARIS	http://puls.cs.helsinki.fi/med#C-DISEASE
S	http://puls.cs.helsinki.fi/med#BAYLISASCARIS-PROCYONIS	http://puls.cs.helsinki.fi/med#C-DISEASE
S	http://puls.cs.helsinki.fi/med#BAYOU-VIRUS	http://puls.cs.helsinki.fi/med#C-VIRUS
S	http://puls.cs.helsinki.fi/med#BEAN-GOLDEN-MOSAIC-GEMINIVIRUS	http://puls.cs.helsinki.fi/med#C-VIRUS
S	http://puls.cs.helsinki.fi/med#BEET-NECROTIC-YELLOW-VEIN-BENYVIRUS	http://puls.cs.helsinki.fi/med#C-AGENT
S	http://puls.cs.helsinki.fi/med#BEGOMOVIRUS	http://puls.cs.helsinki.fi/med#C-VIRUS
S	http://puls.cs.helsinki.fi/med#BEMISIA	http://puls.cs.helsinki.fi/med#C-VECTOR
S	http://puls.cs.helsinki.fi/med#BEMISIA-AFER	http://puls.cs.helsinki.fi/med#C-VECTOR
S	http://puls.cs.helsinki.fi/med#BEMISIA-ARGENTIFOLII	http://puls.cs.helsinki.fi/med#C-VECTOR
S	http://puls.cs.helsinki.fi/med#BEMISIA-TABACI	http://puls.cs.helsinki.fi/med#C-VECTOR
S	http://puls.cs.helsinki.fi/med#BEMISIA-TABACI-BIOTYPE-B	http://puls.cs.helsinki.fi/med#C-VECTOR
S	http://puls.cs.helsinki.fi/med#BENZENE-POISONING	http://puls.cs.helsinki.fi/med#C-DISEASE
S	http://puls.cs.helsinki.fi/med#BERBERIS	http://puls.cs.helsinki.fi/med#C-PLANT
S	http://puls.cs.helsinki.fi/med#BETA-MARITIMA	http://puls.cs.helsinki.fi/med#C-PLANT
S	http://puls.cs.helsinki.fi/med#BETAHERPESVIRINAE	http://puls.cs.helsinki.fi/med#C-AGENT
S	http://puls.cs.helsinki.fi/med#BETARETROVIRUS	http://puls.cs.helsinki.fi/med#C-VIRUS
S	http://puls.cs.helsinki.fi/med#BHF	http://puls.cs.helsinki.fi/med#C-DISEASE
S	http://puls.cs.helsinki.fi/med#BILHARZIA	http://puls.cs.helsinki.fi/med#C-AGENT
S	http://puls.cs.helsinki.fi/med#BIRNAVIRUS	http://puls.cs.helsinki.fi/med#C-VIRUS
S	http://puls.cs.helsinki.fi/med#BISON-BISON	http://puls.cs.helsinki.fi/med#C-ANIMAL
S	http://puls.cs.helsinki.fi/med#BLACK-CREEK-CANAL-VIRUS	http://puls.cs.helsinki.fi/med#C-VIRUS
S	http://puls.cs.helsinki.fi/med#BLACK-SIGATOKA	http://puls.cs.helsinki.fi/med#C-DISEASE
S	http://puls.cs.helsinki.fi/med#BLACK-STEM-RUST	http://puls.cs.helsinki.fi/med#C-DISEASE
S	http://puls.cs.helsinki.fi/med#BLACKLEG	http://puls.cs.helsinki.fi/med#C-DISEASE
S	http://puls.cs.helsinki.fi/med#BLASTOCYSTIS-HOMINIS	http://puls.cs.helsinki.fi/med#C-DISEASE
S	http://puls.cs.helsinki.fi/med#BLASTOCYSTOSIS	http://puls.cs.helsinki.fi/med#C-DISEASE
S	http://puls.cs.helsinki.fi/med#BLASTOMYCES-DERMATITIDIS	http://puls.cs.helsinki.fi/med#C-FUNGUS
S	http://puls.cs.helsinki.fi/med#BLASTOMYCOSIS	http://puls.cs.helsinki.fi/med#C-DISEASE
S	http://puls.cs.helsinki.fi/med#BLOODY-DIARRHEA	http://puls.cs.helsinki.fi/med#C-DISEASE
S	http://puls.cs.helsinki.fi/med#BLUE-EAR-DISEASE	http://puls.cs.helsinki.fi/med#C-DISEASE
S	http://puls.cs.helsinki.fi/med#BLUE-TONGUE-DISEASE	http://puls.cs.helsinki.fi/med#C-DISEASE
S	http://puls.cs.helsinki.fi/med#BOEHMERIA-NIVEA	http://puls.cs.helsinki.fi/med#C-DISEASE
S	http://puls.cs.helsinki.fi/med#BOERHAVIA-ERECTA	http://puls.cs.helsinki.fi/med#C-PLANT
S	http://puls.cs.helsinki.fi/med#BOLIVIAN-HEMORRHAGIC-FEVER	http://puls.cs.helsinki.fi/med#C-DISEASE
S	http://puls.cs.helsinki.fi/med#BOLOMYS-OBSCURUS	http://puls.cs.helsinki.fi/med#C-DISEASE
S	http://puls.cs.helsinki.fi/med#BONAMIA	http://puls.cs.helsinki.fi/med#C-AGENT
S	http://puls.cs.helsinki.fi/med#BONAMIA-OSTREAE	http://puls.cs.helsinki.fi/med#C-AGENT
S	http://puls.cs.helsinki.fi/med#BOOPHILUS	http://puls.cs.helsinki.fi/med#C-VECTOR
S	http://puls.cs.helsinki.fi/med#BOOPHILUS-MICROPLUS	http://puls.cs.helsinki.fi/med#C-VECTOR
S	http://puls.cs.helsinki.fi/med#BORDETELLA	http://puls.cs.helsinki.fi/med#C-DISEASE
S	http://puls.cs.helsinki.fi/med#BORDETELLA-BRONCHISEPTICA	http://puls.cs.helsinki.fi/med#BORDETELLA
S	http://puls.cs.helsinki.fi/med#BORDETELLA-BRONCHISEPTICA	http://puls.cs.helsinki.fi/med#C-DISEASE
S	http://puls.cs.helsinki.fi/med#BORDETELLA-PERTUSSIS	http://puls.cs.helsinki.fi/med#BORDETELLA
S	http://puls.cs.helsinki.fi/med#BORDETELLA-PERTUSSIS	http://puls.cs.helsinki.fi/med#C-DISEASE
S	http://puls.cs.helsinki.fi/med#BORNA-DISEASE	http://puls.cs.helsinki.fi/med#C-AGENT
S	http://puls.cs.helsinki.fi/med#BORRELIA	http://puls.cs.helsinki.fi/med#C-BACTERIUM
S	http://puls.cs.helsinki.fi/med#BORRELIA-BURGDORFERI	http://puls.cs.helsinki.fi/med#BORRELIA
S	http://puls.cs.helsinki.fi/med#BORRELIA-BURGDORFERI	http://puls.cs.helsinki.fi/med#C-BACTERIUM
S	http://puls.cs.helsinki.fi/med#BORRELIA-DUTTONII	http://puls.cs.helsinki.fi/med#BORRELIA
S	http://puls.cs.helsinki.fi/med#BORRELIA-DUTTONII	http://puls.cs.helsinki.fi/med#C-BACTERIUM
S	http://puls.cs.helsinki.fi/med#BORRELIA-PERSICA	http://puls.cs.helsinki.fi/med#BORRELIA
S	http://puls.cs.helsinki.fi/med#BORRELIA-PERSICA	http://puls.cs.helsinki.fi/med#C-BACTERIUM
S	http://puls.cs.helsinki.fi/med#BORRELIA-RECURRENTIS	http://puls.cs.helsinki.fi/med#BORRELIA
S	http://puls.cs.helsinki.fi/med#BORRELIA-RECURRENTIS	http://puls.cs.helsinki.fi/med#C-BACTERIUM
S	http://puls.cs.helsinki.fi/med#BORRELIOSIS	http://puls.cs.helsinki.fi/med#C-DISEASE
S	http://puls.cs.helsinki.fi/med#BOTULISM	http://puls.cs.helsinki.fi/med#C-DISEASE
S	http://puls.cs.helsinki.fi/med#BOVINE-IMMUNODEFICIENCY-VIRUS	http://puls.cs.helsinki.fi/med#C-VIRUS
S	http://puls.cs.helsinki.fi/med#BOVINE-TB	http://puls.cs.helsinki.fi/med#C-DISEASE
S	http://puls.cs.helsinki.fi/med#BRACHYLAIMA	http://puls.cs.helsinki.fi/med#C-DISEASE
S	http://puls.cs.helsinki.fi/med#BRACHYRHIZOBIUM	http://puls.cs.helsinki.fi/med#C-DISEASE
S	http://puls.cs.helsinki.fi/med#BRAIN-STEM-ENCEPHALITIS	http://puls.cs.helsinki.fi/med#C-SYMPTOM-X
S	http://puls.cs.helsinki.fi/med#BRAINERD-DIARRHEA	http://puls.cs.helsinki.fi/med#C-DISEASE
S	http://puls.cs.helsinki.fi/med#BRASSICA-NAPUS	http://puls.cs.helsinki.fi/med#C-PLANT
S	http://puls.cs.helsinki.fi/med#BRAULA-COECA	http://puls.cs.helsinki.fi/med#C-DISEASE
S	http://puls.cs.helsinki.fi/med#BRAZILIAN-PURPURIC-FEVER	http://puls.cs.helsinki.fi/med#C-DISEASE
S	http://puls.cs.helsinki.fi/med#BREAKBONE-FEVER	http://puls.cs.helsinki.fi/med#C-DISEASE
S	http://puls.cs.helsinki.fi/med#BREVIPALPUS-PHOENICIS	http://puls.cs.helsinki.fi/med#C-VECTOR
S	http://puls.cs.helsinki.fi/med#BROAD-OR-FISH-TAPEWORM	http://puls.cs.helsinki.fi/med#C-PARASITE
S	http://puls.cs.helsinki.fi/med#BROMUS-SECALINUS	http://puls.cs.helsinki.fi/med#C-PLANT
S	http://puls.cs.helsinki.fi/med#BROWN-ROT-DISEASE	http://puls.cs.helsinki.fi/med#C-DISEASE
S	http://puls.cs.helsinki.fi/med#BROWN-SPOT	http://puls.cs.helsinki.fi/med#C-DISEASE
S	http://puls.cs.helsinki.fi/med#BRUCELLA	http://puls.cs.helsinki.fi/med#C-AGENT
S	http://puls.cs.helsinki.fi/med#BRUCELLA-ABORTUS	http://puls.cs.helsinki.fi/med#BRUCELLA
S	http://puls.cs.helsinki.fi/med#BRUCELLA-ABORTUS	http://puls.cs.helsinki.fi/med#C-AGENT
S	http://puls.cs.helsinki.fi/med#BRUCELLA-CANIS	http://puls.cs.helsinki.fi/med#BRUCELLA
S	http://puls.cs.helsinki.fi/med#BRUCELLA-CANIS	http://puls.cs.helsinki.fi/med#C-AGENT
S	http://puls.cs.helsinki.fi/med#BRUCELLA-MELITENSIS	http://puls.cs.helsinki.fi/med#BRUCELLA
S	http://puls.cs.helsinki.fi/med#BRUCELLA-MELITENSIS	http://puls.cs.helsinki.fi/med#C-AGENT
S	http://puls.cs.helsinki.fi/med#BRUGIA-MALAYI-INFECTION	http://puls.cs.helsinki.fi/med#C-AGENT
S	http://puls.cs.helsinki.fi/med#BRUGIA-TIMORI-INFECTION	http://puls.cs.helsinki.fi/med#C-AGENT
S	http://puls.cs.helsinki.fi/med#BRUSHNOI-TIF	http://puls.cs.helsinki.fi/med#C-DISEASE
S	http://puls.cs.helsinki.fi/med#BSE	http://puls.cs.helsinki.fi/med#C-DISEASE
S	http://puls.cs.helsinki.fi/med#BUBONIC-PLAGUE	http://puls.cs.helsinki.fi/med#C-DISEASE
S	http://puls.cs.helsinki.fi/med#BUD-NECROSIS-VIRUS	http://puls.cs.helsinki.fi/med#C-VIRUS
S	http://puls.cs.helsinki.fi/med#BUD-ROT	http://puls.cs.helsinki.fi/med#C-DISEASE
S	http://puls.cs.helsinki.fi/med#BUFFALO-POX	http://puls.cs.helsinki.fi/med#C-DISEASE
S	http://puls.cs.helsinki.fi/med#BULBICUS-IBIS	http://puls.cs.helsinki.fi/med#C-DISEASE
S	http://puls.cs.helsinki.fi/med#BUNCHY-TOP-VIRUS	http://puls.cs.helsinki.fi/med#C-VIRUS
S	http://puls.cs.helsinki.fi/med#BUNYAVIRIDAE	http://puls.cs.helsinki.fi/med#C-AGENT
S	http://puls.cs.helsinki.fi/med#BUNYAVIRUS	http://puls.cs.helsinki.fi/med#C-VIRUS
S	http://puls.cs.helsinki.fi/med#BURGDORFERI	http://puls.cs.helsinki.fi/med#C-AGENT
S	http://puls.cs.helsinki.fi/med#BURKHODERIA	http://puls.cs.helsinki.fi/med#C-AGENT
S	http://puls.cs.helsinki.fi/med#BURKHOLDERIA	http://puls.cs.helsinki.fi/med#C-AGENT
S	http://puls.cs.helsinki.fi/med#BURKHOLDERIA-CEPACIA	http://puls.cs.helsinki.fi/med#C-AGENT
S	http://puls.cs.helsinki.fi/med#BURKHOLDERIA-MALLEI	http://puls.cs.helsinki.fi/med#C-AGENT
S	http://puls.cs.helsinki.fi/med#BURKHOLDERIA-PSEUDOMALLEI	http://puls.cs.helsinki.fi/med#C-AGENT
S	http://puls.cs.helsinki.fi/med#BURKITT-S-LYMPHOMA	http://puls.cs.helsinki.fi/med#C-DISEASE
S	http://puls.cs.helsinki.fi/med#BURMANNICA	http://puls.cs.helsinki.fi/med#C-DISEASE
S	http://puls.cs.helsinki.fi/med#BURULI-ULCER	http://puls.cs.helsinki.fi/med#C-DISEASE
S	http://puls.cs.helsinki.fi/med#Bahamian	http://puls.cs.helsinki.fi/med/concept#Nationality
S	http://puls.cs.helsinki.fi/med#Bahraini	http://puls.cs.helsinki.fi/med/concept#Nationality
S	http://puls.cs.helsinki.fi/med#Bangladeshi	http://puls.cs.helsinki.fi/med/concept#Nationality
S	http://puls.cs.helsinki.fi/med#Barbadian	http://puls.cs.helsinki.fi/med/concept#Nationality
S	http://puls.cs.helsinki.fi/med#Belgian	http://puls.cs.helsinki.fi/med/concept#Nationality
S	http://puls.cs.helsinki.fi/med#Belizean	http://puls.cs.helsinki.fi/med/concept#Nationality
S	http://puls.cs.helsinki.fi/med#Beninese	http://puls.cs.helsinki.fi/med/concept#Nationality
S	http://puls.cs.helsinki.fi/med#Bermudian	http://puls.cs.helsinki.fi/med/concept#Nationality
S	http://puls.cs.helsinki.fi/med#Bhutanese	http://puls.cs.helsinki.fi/med/concept#Nationality
S	http://puls.cs.helsinki.fi/med#Bolivian	http://puls.cs.helsinki.fi/med/concept#Nationality
S	http://puls.cs.helsinki.fi/med#Bosnian	http://puls.cs.helsinki.fi/med/concept#Nationality
S	http://puls.cs.helsinki.fi/med#Brazilian	http://puls.cs.helsinki.fi/med/concept#Nationality
S	http://puls.cs.helsinki.fi/med#British	http://puls.cs.helsinki.fi/med/concept#Nationality
S	http://puls.cs.helsinki.fi/med#BritonNational	http://puls.cs.helsinki.fi/med/concept#National
S	http://puls.cs.helsinki.fi/med#Bruneian	http://puls.cs.helsinki.fi/med/concept#Nationality
S	http://puls.cs.helsinki.fi/med#Bulgarian	http://puls.cs.helsinki.fi/med/concept#Nationality
S	http://puls.cs.helsinki.fi/med#Burkinabe	http://puls.cs.helsinki.fi/med/concept#Nationality
S	http://puls.cs.helsinki.fi/med#Burmese	http://puls.cs.helsinki.fi/med/concept#Nationality
S	http://puls.cs.helsinki.fi/med#Burundian	http://puls.cs.helsinki.fi/med/concept#Nationality
S	http://puls.cs.helsinki.fi/med#C-ANNULUS	http://puls.cs.helsinki.fi/med#C-DISEASE
S	http://puls.cs.helsinki.fi/med#C-AUGUR	http://puls.cs.helsinki.fi/med#C-DISEASE
S	http://puls.cs.helsinki.fi/med#C-AURANTIFOLIA	http://puls.cs.helsinki.fi/med#C-PLANT
S	http://puls.cs.helsinki.fi/med#C-BRACHYOTIS	http://puls.cs.helsinki.fi/med#C-DISEASE
S	http://puls.cs.helsinki.fi/med#C-CAYETAMANSIS	http://puls.cs.helsinki.fi/med#C-PARASITE
S	http://puls.cs.helsinki.fi/med#C-DIPHTHERIAE	http://puls.cs.helsinki.fi/med#C-DISEASE
S	http://puls.cs.helsinki.fi/med#C-E-CANADENSIS	http://puls.cs.helsinki.fi/med#C-ANIMAL
S	http://puls.cs.helsinki.fi/med#C-E-MANITOBENSIS	http://puls.cs.helsinki.fi/med#C-ANIMAL
S	http://puls.cs.helsinki.fi/med#C-E-MERRIAMI	http://puls.cs.helsinki.fi/med#C-ANIMAL
S	http://puls.cs.helsinki.fi/med#C-E-ROOSEVELTI	http://puls.cs.helsinki.fi/med#C-ANIMAL
S	http://puls.cs.helsinki.fi/med#C-ELAPHUS-NANNODES	http://puls.cs.helsinki.fi/med#C-ANIMAL
S	http://puls.cs.helsinki.fi/med#C-HEMIPTERUS	http://puls.cs.helsinki.fi/med#C-DISEASE
S	http://puls.cs.helsinki.fi/med#C-LECTULARIUS	http://puls.cs.helsinki.fi/med#C-VECTOR
S	http://puls.cs.helsinki.fi/med#C-M-SUBSP-SEPEDONICUS	http://puls.cs.helsinki.fi/med#C-FUNGUS
S	http://puls.cs.helsinki.fi/med#C-MBILA	http://puls.cs.helsinki.fi/med#C-DISEASE
S	http://puls.cs.helsinki.fi/med#C-NANNODES	http://puls.cs.helsinki.fi/med#C-ANIMAL
S	http://puls.cs.helsinki.fi/med#C-PEREXIGUUS	http://puls.cs.helsinki.fi/med#C-VECTOR
S	http://puls.cs.helsinki.fi/med#C-PURPUREA	http://puls.cs.helsinki.fi/med#C-AGENT
S	http://puls.cs.helsinki.fi/med#C-SALICIFOLIUS	http://puls.cs.helsinki.fi/med#C-DISEASE
S	http://puls.cs.helsinki.fi/med#C-SEPTICUM	http://puls.cs.helsinki.fi/med#C-DISEASE
S	http://puls.cs.helsinki.fi/med#C-SORGHI	http://puls.cs.helsinki.fi/med#C-PLANT
S	http://puls.cs.helsinki.fi/med#C-VIRGATA	http://puls.cs.helsinki.fi/med#C-DISEASE
S	http://puls.cs.helsinki.fi/med#CACHE-VALLEY-VIRUS	http://puls.cs.helsinki.fi/med#C-VIRUS
S	http://puls.cs.helsinki.fi/med#CALICIVIRUS	http://puls.cs.helsinki.fi/med#C-VIRUS
S	http://puls.cs.helsinki.fi/med#CALIFORNIA-ENCEPHALITIS	http://puls.cs.helsinki.fi/med#C-DISEASE
S	http://puls.cs.helsinki.fi/med#CALLIPHORA-NOVICA	http://puls.cs.helsinki.fi/med#C-DISEASE
S	http://puls.cs.helsinki.fi/med#CALLIPHORA-STYGIA	http://puls.cs.helsinki.fi/med#C-DISEASE
S	http://puls.cs.helsinki.fi/med#CALLOMYS-CALLOSUS	http://puls.cs.helsinki.fi/med#C-VECTOR
S	http://puls.cs.helsinki.fi/med#CALOMYS	http://puls.cs.helsinki.fi/med#C-VECTOR
S	http://puls.cs.helsinki.fi/med#CALOMYS-CALLOSUS	http://puls.cs.helsinki.fi/med#C-VECTOR
S	http://puls.cs.helsinki.fi/med#CALOMYS-LAUCHA	http://puls.cs.helsinki.fi/med#C-VECTOR
S	http://puls.cs.helsinki.fi/med#CALOMYS-MUSCULINUS	http://puls.cs.helsinki.fi/med#C-VECTOR
S	http://puls.cs.helsinki.fi/med#CALYMMATOBACTERIUM-GRANULOMATIS	http://puls.cs.helsinki.fi/med#C-AGENT
S	http://puls.cs.helsinki.fi/med#CAMEL-DISEASE	http://puls.cs.helsinki.fi/med#C-DISEASE
S	http://puls.cs.helsinki.fi/med#CAMEL-POX	http://puls.cs.helsinki.fi/med#C-DISEASE
S	http://puls.cs.helsinki.fi/med#CAMPYLOBACTER	http://puls.cs.helsinki.fi/med#C-AGENT
S	http://puls.cs.helsinki.fi/med#CAMPYLOBACTER-JEJUNI	http://puls.cs.helsinki.fi/med#C-AGENT
S	http://puls.cs.helsinki.fi/med#CAMPYLOBACTER-PARAHAEMOLYTICUS	http://puls.cs.helsinki.fi/med#C-AGENT
S	http://puls.cs.helsinki.fi/med#CAMPYLOBACTER-UPSALIENSIS	http://puls.cs.helsinki.fi/med#C-AGENT
S	http://puls.cs.helsinki.fi/med#CAMPYLOBACTERIOSIS	http://puls.cs.helsinki.fi/med#C-DISEASE
S	http://puls.cs.helsinki.fi/med#CANCER	http://puls.cs.helsinki.fi/med#C-NON-INFECTIOUS-DISEASE
S	http://puls.cs.helsinki.fi/med#CANCRAEDES	http://puls.cs.helsinki.fi/med#C-VECTOR
S	http://puls.cs.helsinki.fi/med#CANCRAEDES-SPP	http://puls.cs.helsinki.fi/med#C-VECTOR
S	http://puls.cs.helsinki.fi/med#CANCRAEDES-SPP-	http://puls.cs.helsinki.fi/med#C-VECTOR
S	http://puls.cs.helsinki.fi/med#CANDIDA	http://puls.cs.helsinki.fi/med#C-AGENT
S	http://puls.cs.helsinki.fi/med#CANDIDA-ALBICANS	http://puls.cs.helsinki.fi/med#C-VIRUS
S	http://puls.cs.helsinki.fi/med#CANDIDATUS-PHYTOPLASMA-AUSTRALIENSE	http://puls.cs.helsinki.fi/med#C-AGENT
S	http://puls.cs.helsinki.fi/med#CANICOLA	http://puls.cs.helsinki.fi/med#C-AGENT
S	http://puls.cs.helsinki.fi/med#CANINE-BRUCELLOSIS	http://puls.cs.helsinki.fi/med#C-DISEASE
S	http://puls.cs.helsinki.fi/med#CANINE-DISTEMPER	http://puls.cs.helsinki.fi/med#C-DISEASE
S	http://puls.cs.helsinki.fi/med#CANINE-DISTEMPER-VIRUS	http://puls.cs.helsinki.fi/med#C-VIRUS
S	http://puls.cs.helsinki.fi/med#CANINE-DYSAUTONOMIA	http://puls.cs.helsinki.fi/med#C-DISEASE
S	http://puls.cs.helsinki.fi/med#CANINE-LEISHMANIASIS	http://puls.cs.helsinki.fi/med#C-DISEASE
S	http://puls.cs.helsinki.fi/med#CANINE-RABIES	http://puls.cs.helsinki.fi/med#C-DISEASE
S	http://puls.cs.helsinki.fi/med#CANINE-SPONGIFORM-ENCEPHALOPATHY	http://puls.cs.helsinki.fi/med#C-DISEASE
S	http://puls.cs.helsinki.fi/med#CANIS-LATRANS	http://puls.cs.helsinki.fi/med#C-DISEASE
S	http://puls.cs.helsinki.fi/med#CANTONENSIS	http://puls.cs.helsinki.fi/med#C-AGENT
S	http://puls.cs.helsinki.fi/med#CANUS	http://puls.cs.helsinki.fi/med#C-DISEASE
S	http://puls.cs.helsinki.fi/med#CAPILLARIASIS	http://puls.cs.helsinki.fi/med#C-DISEASE
S	http://puls.cs.helsinki.fi/med#CAPREOLUS-CAPREOLUS	http://puls.cs.helsinki.fi/med#C-ANIMAL
S	http://puls.cs.helsinki.fi/med#CAPSICUM-ANNUUM	http://puls.cs.helsinki.fi/med#C-PLANT
S	http://puls.cs.helsinki.fi/med#CAPSICUM-FRUTESCENS	http://puls.cs.helsinki.fi/med#C-PLANT
S	http://puls.cs.helsinki.fi/med#CAPSULATUM	http://puls.cs.helsinki.fi/med#C-FUNGUS
S	http://puls.cs.helsinki.fi/med#CARDARIA-DRABA	http://puls.cs.helsinki.fi/med#C-PLANT
S	http://puls.cs.helsinki.fi/med#CARRIZO-CITRANGE	http://puls.cs.helsinki.fi/med#C-PLANT
S	http://puls.cs.helsinki.fi/med#CASEOUS-LYMPHADENITIS	http://puls.cs.helsinki.fi/med#C-DISEASE
S	http://puls.cs.helsinki.fi/med#CASSIA-DIDYMOBOTRA	http://puls.cs.helsinki.fi/med#C-DISEASE
S	http://puls.cs.helsinki.fi/med#CASSIA-FALLACINA	http://puls.cs.helsinki.fi/med#C-DISEASE
S	http://puls.cs.helsinki.fi/med#CAT-SCRATCH-DISEASE	http://puls.cs.helsinki.fi/med#C-DISEASE
S	http://puls.cs.helsinki.fi/med#CAT-SCRATCH-FEVER	http://puls.cs.helsinki.fi/med#C-DISEASE
S	http://puls.cs.helsinki.fi/med#CATARRHAL-FEVER	http://puls.cs.helsinki.fi/med#C-DISEASE
S	http://puls.cs.helsinki.fi/med#CATERPILLAR-PLAGUE	http://puls.cs.helsinki.fi/med#C-DISEASE
S	http://puls.cs.helsinki.fi/med#CAULIVORA	http://puls.cs.helsinki.fi/med#C-FUNGUS
S	http://puls.cs.helsinki.fi/med#CAYAPONIA-TIBIRICAE	http://puls.cs.helsinki.fi/med#C-DISEASE
S	http://puls.cs.helsinki.fi/med#CELLULITIS	http://puls.cs.helsinki.fi/med#C-SYMPTOM-X
S	http://puls.cs.helsinki.fi/med#CENCHRUS	http://puls.cs.helsinki.fi/med#C-DISEASE
S	http://puls.cs.helsinki.fi/med#CERATOCYSTIS	http://puls.cs.helsinki.fi/med#C-FUNGUS
S	http://puls.cs.helsinki.fi/med#CERATOCYSTIS-FAGACEARUM	http://puls.cs.helsinki.fi/med#C-FUNGUS
S	http://puls.cs.helsinki.fi/med#CERATOCYSTIS-FIMBRIATA	http://puls.cs.helsinki.fi/med#C-FUNGUS
S	http://puls.cs.helsinki.fi/med#CERATOPOGONIDAE	http://puls.cs.helsinki.fi/med#C-VECTOR
S	http://puls.cs.helsinki.fi/med#CERCOSPORA-KIKUCHII	http://puls.cs.helsinki.fi/med#C-FUNGUS
S	http://puls.cs.helsinki.fi/med#CEREBELLA	http://puls.cs.helsinki.fi/med#C-DISEASE
S	http://puls.cs.helsinki.fi/med#CEREBRAL-MALARIA	http://puls.cs.helsinki.fi/med#C-DISEASE
S	http://puls.cs.helsinki.fi/med#CEREBRAL-TOXOPLASMOSIS	http://puls.cs.helsinki.fi/med#C-DISEASE
S	http://puls.cs.helsinki.fi/med#CEREBROSPINAL-MENINGITIS	http://puls.cs.helsinki.fi/med#C-DISEASE
S	http://puls.cs.helsinki.fi/med#CERVUS-CANADENSIS	http://puls.cs.helsinki.fi/med#C-ANIMAL
S	http://puls.cs.helsinki.fi/med#CERVUS-ELAPHUS	http://puls.cs.helsinki.fi/med#C-ANIMAL
S	http://puls.cs.helsinki.fi/med#CERVUS-ELAPHUS-NELSONI	http://puls.cs.helsinki.fi/med#C-ANIMAL
S	http://puls.cs.helsinki.fi/med#CHAGAS-CARDIOPATHY	http://puls.cs.helsinki.fi/med#C-DISEASE
S	http://puls.cs.helsinki.fi/med#CHANCROID	http://puls.cs.helsinki.fi/med#C-DISEASE
S	http://puls.cs.helsinki.fi/med#CHANDIPURA	http://puls.cs.helsinki.fi/med#C-DISEASE
S	http://puls.cs.helsinki.fi/med#CHATONELLA	http://puls.cs.helsinki.fi/med#C-ALGA
S	http://puls.cs.helsinki.fi/med#CHATTONELLA-VERRUCULOSA	http://puls.cs.helsinki.fi/med#C-ALGA
S	http://puls.cs.helsinki.fi/med#CHENOPODIUM	http://puls.cs.helsinki.fi/med#C-PLANT
S	http://puls.cs.helsinki.fi/med#CHIKUNGUNYA	http://puls.cs.helsinki.fi/med#C-DISEASE
S	http://puls.cs.helsinki.fi/med#CHILOMASTIX-MESNILI	http://puls.cs.helsinki.fi/med#C-AGENT
S	http://puls.cs.helsinki.fi/med#CHINO-DEL-TOMATE-BEGOMOVIRUS	http://puls.cs.helsinki.fi/med#C-VIRUS
S	http://puls.cs.helsinki.fi/med#CHLAMYDIA	http://puls.cs.helsinki.fi/med#C-AGENT
S	http://puls.cs.helsinki.fi/med#CHLAMYDIA-PNEUMONIAE	http://puls.cs.helsinki.fi/med#C-AGENT
S	http://puls.cs.helsinki.fi/med#CHLAMYDIA-PSITTACI	http://puls.cs.helsinki.fi/med#C-AGENT
S	http://puls.cs.helsinki.fi/med#CHLAMYDIA-TRACHOMATIS	http://puls.cs.helsinki.fi/med#C-AGENT
S	http://puls.cs.helsinki.fi/med#CHLOROTIC-STUNT-BEGOMOVIRUS	http://puls.cs.helsinki.fi/med#C-VIRUS
S	http://puls.cs.helsinki.fi/med#CHOLERA	http://puls.cs.helsinki.fi/med#C-DISEASE
S	http://puls.cs.helsinki.fi/med#CHOLERAE-01-OGAWA	http://puls.cs.helsinki.fi/med#C-DISEASE
S	http://puls.cs.helsinki.fi/med#CHROMOBLASTOMYCOSIS	http://puls.cs.helsinki.fi/med#C-DISEASE
S	http://puls.cs.helsinki.fi/med#CHRONIC-FATIGUE-SYNDROME	http://puls.cs.helsinki.fi/med#C-DISEASE
S	http://puls.cs.helsinki.fi/med#CHRONIC-WASTING-DISEASE	http://puls.cs.helsinki.fi/med#C-DISEASE
S	http://puls.cs.helsinki.fi/med#CHRYSOMYA-ALBICEPS	http://puls.cs.helsinki.fi/med#C-DISEASE
S	http://puls.cs.helsinki.fi/med#CHRYSOMYA-BEZZIANA	http://puls.cs.helsinki.fi/med#C-DISEASE
S	http://puls.cs.helsinki.fi/med#CHRYSOMYIA-BEZZIANA	http://puls.cs.helsinki.fi/med#C-DISEASE
S	http://puls.cs.helsinki.fi/med#CHRYSOMYIA-RUFIFACIES	http://puls.cs.helsinki.fi/med#C-DISEASE
S	http://puls.cs.helsinki.fi/med#CHRYSOMYIA-VARIPES	http://puls.cs.helsinki.fi/med#C-DISEASE
S	http://puls.cs.helsinki.fi/med#CHRYSOPHYCEAE	http://puls.cs.helsinki.fi/med#C-ALGA
S	http://puls.cs.helsinki.fi/med#CHRYSOPS	http://puls.cs.helsinki.fi/med#C-VECTOR
S	http://puls.cs.helsinki.fi/med#CHYTRID-FUNGUS	http://puls.cs.helsinki.fi/med#C-AGENT
S	http://puls.cs.helsinki.fi/med#CICADULINA	http://puls.cs.helsinki.fi/med#C-DISEASE
S	http://puls.cs.helsinki.fi/med#CIGUATERA-FISH-POISONING	http://puls.cs.helsinki.fi/med#C-DISEASE
S	http://puls.cs.helsinki.fi/med#CIRRHOSIS	http://puls.cs.helsinki.fi/med#C-NON-INFECTIOUS-DISEASE
S	http://puls.cs.helsinki.fi/med#CITELLUS	http://puls.cs.helsinki.fi/med#C-DISEASE
S	http://puls.cs.helsinki.fi/med#CITRI	http://puls.cs.helsinki.fi/med#C-FUNGUS
S	http://puls.cs.helsinki.fi/med#CITROBACTER	http://puls.cs.helsinki.fi/med#C-DISEASE
S	http://puls.cs.helsinki.fi/med#CITRULLUS-COLOCYNTHIS	http://puls.cs.helsinki.fi/med#C-PLANT
S	http://puls.cs.helsinki.fi/med#CITRULLUS-LANATUS	http://puls.cs.helsinki.fi/med#C-PLANT
S	http://puls.cs.helsinki.fi/med#CITRUS-AURANTIUM	http://puls.cs.helsinki.fi/med#C-PLANT
S	http://puls.cs.helsinki.fi/med#CITRUS-BLACK-SPOT	http://puls.cs.helsinki.fi/med#C-DISEASE
S	http://puls.cs.helsinki.fi/med#CITRUS-CANKER	http://puls.cs.helsinki.fi/med#C-DISEASE
S	http://puls.cs.helsinki.fi/med#CITRUS-MOSAIC-DISEASE	http://puls.cs.helsinki.fi/med#C-DISEASE
S	http://puls.cs.helsinki.fi/med#CITRUS-PARADISI	http://puls.cs.helsinki.fi/med#C-PLANT
S	http://puls.cs.helsinki.fi/med#CITRUS-SINENSIS	http://puls.cs.helsinki.fi/med#C-PLANT
S	http://puls.cs.helsinki.fi/med#CITRUS-TRISTEZA	http://puls.cs.helsinki.fi/med#C-AGENT
S	http://puls.cs.helsinki.fi/med#CITRUS-TRISTEZA-CLOSTEROVIRUS	http://puls.cs.helsinki.fi/med#C-VIRUS
S	http://puls.cs.helsinki.fi/med#CJD	http://puls.cs.helsinki.fi/med#C-DISEASE
S	http://puls.cs.helsinki.fi/med#CLASSICAL-DENGUE	http://puls.cs.helsinki.fi/med#C-DISEASE
S	http://puls.cs.helsinki.fi/med#CLASSICAL-SWINE-FEVER	http://puls.cs.helsinki.fi/med#C-DISEASE
S	http://puls.cs.helsinki.fi/med#CLAVIBACTER	http://puls.cs.helsinki.fi/med#C-FUNGUS
S	http://puls.cs.helsinki.fi/med#CLAVIBACTER-MICHIGANENSIS	http://puls.cs.helsinki.fi/med#C-FUNGUS
S	http://puls.cs.helsinki.fi/med#CLAVIBACTER-TRITICI	http://puls.cs.helsinki.fi/med#C-FUNGUS
S	http://puls.cs.helsinki.fi/med#CLAVICEPS	http://puls.cs.helsinki.fi/med#C-FUNGUS
S	http://puls.cs.helsinki.fi/med#CLAVICEPS-AFRICANA	http://puls.cs.helsinki.fi/med#C-FUNGUS
S	http://puls.cs.helsinki.fi/med#CLAVICEPS-PURPUREA	http://puls.cs.helsinki.fi/med#C-FUNGUS
S	http://puls.cs.helsinki.fi/med#CLAVICEPS-SORGHI	http://puls.cs.helsinki.fi/med#C-FUNGUS
S	http://puls.cs.helsinki.fi/med#CLAVICEPS-SORGHICOLA	http://puls.cs.helsinki.fi/med#C-AGENT
S	http://puls.cs.helsinki.fi/med#CLETHRIONOMYS	http://puls.cs.helsinki.fi/med#C-VECTOR
S	http://puls.cs.helsinki.fi/med#CLETHRIONOMYS-GLAREOLUS	http://puls.cs.helsinki.fi/med#C-VECTOR
S	http://puls.cs.helsinki.fi/med#CLETHRIONOMYS-RUTULIS	http://puls.cs.helsinki.fi/med#C-VECTOR
S	http://puls.cs.helsinki.fi/med#CLM	http://puls.cs.helsinki.fi/med#C-DISEASE
S	http://puls.cs.helsinki.fi/med#CLONORCHIASIS	http://puls.cs.helsinki.fi/med#C-DISEASE
S	http://puls.cs.helsinki.fi/med#CLOSTEROVIRIDAE	http://puls.cs.helsinki.fi/med#C-AGENT
S	http://puls.cs.helsinki.fi/med#CLOSTRIDIA	http://puls.cs.helsinki.fi/med#C-AGENT
S	http://puls.cs.helsinki.fi/med#CLOSTRIDIUM	http://puls.cs.helsinki.fi/med#C-AGENT
S	http://puls.cs.helsinki.fi/med#CLOSTRIDIUM-BOTULINUM	http://puls.cs.helsinki.fi/med#C-AGENT
S	http://puls.cs.helsinki.fi/med#CLOSTRIDIUM-CHAUVOEI	http://puls.cs.helsinki.fi/med#C-AGENT
S	http://puls.cs.helsinki.fi/med#CLOSTRIDIUM-DIFFICILE	http://puls.cs.helsinki.fi/med#C-AGENT
S	http://puls.cs.helsinki.fi/med#CLOSTRIDIUM-NOVYI	http://puls.cs.helsinki.fi/med#C-AGENT
S	http://puls.cs.helsinki.fi/med#CLOSTRIDIUM-PERFRINGENS	http://puls.cs.helsinki.fi/med#C-AGENT
S	http://puls.cs.helsinki.fi/med#CLOSTRIDIUM-SORDELLII	http://puls.cs.helsinki.fi/med#C-AGENT
S	http://puls.cs.helsinki.fi/med#CLOSTRIDIUM-TETANI	http://puls.cs.helsinki.fi/med#C-AGENT
S	http://puls.cs.helsinki.fi/med#CLOSTRIUM-BOTULINUM	http://puls.cs.helsinki.fi/med#C-AGENT
S	http://puls.cs.helsinki.fi/med#COCCIDIOIDES	http://puls.cs.helsinki.fi/med#C-FUNGUS
S	http://puls.cs.helsinki.fi/med#COCCIDIOIDES-IMMITIS	http://puls.cs.helsinki.fi/med#C-FUNGUS
S	http://puls.cs.helsinki.fi/med#COCCIDIOIDOMYCOSIS	http://puls.cs.helsinki.fi/med#C-DISEASE
S	http://puls.cs.helsinki.fi/med#COCHLICELLA-ACUTA	http://puls.cs.helsinki.fi/med#C-DISEASE
S	http://puls.cs.helsinki.fi/med#COCHLICELLA-BARBARA	http://puls.cs.helsinki.fi/med#C-DISEASE
S	http://puls.cs.helsinki.fi/med#COCHLIOBOLUS-CARBONUM	http://puls.cs.helsinki.fi/med#C-FUNGUS
S	http://puls.cs.helsinki.fi/med#COCHLIOBOLUS-HETEROSTROPHUS	http://puls.cs.helsinki.fi/med#C-FUNGUS
S	http://puls.cs.helsinki.fi/med#COCHLIOMYIA-HOMINIVORAX	http://puls.cs.helsinki.fi/med#C-PARASITE
S	http://puls.cs.helsinki.fi/med#COFFEE-WILT	http://puls.cs.helsinki.fi/med#C-DISEASE
S	http://puls.cs.helsinki.fi/med#COLAPTES-AURATUS	http://puls.cs.helsinki.fi/med#C-DISEASE
S	http://puls.cs.helsinki.fi/med#COLD-SORES	http://puls.cs.helsinki.fi/med#C-SYMPTOM-X
S	http://puls.cs.helsinki.fi/med#COLLETOTRICHUM	http://puls.cs.helsinki.fi/med#C-FUNGUS
S	http://puls.cs.helsinki.fi/med#COLLETOTRICHUM-ACUTATUM	http://puls.cs.helsinki.fi/med#C-FUNGUS
S	http://puls.cs.helsinki.fi/med#COLLETOTRICHUM-DEMATIUM	http://puls.cs.helsinki.fi/med#C-FUNGUS
S	http://puls.cs.helsinki.fi/med#COLLETOTRICHUM-GRAMINICOLA	http://puls.cs.helsinki.fi/med#C-FUNGUS
S	http://puls.cs.helsinki.fi/med#COLORADO-TICK-FEVER	http://puls.cs.helsinki.fi/med#C-DISEASE
S	http://puls.cs.helsinki.fi/med#COLUMNARIS	http://puls.cs.helsinki.fi/med#C-DISEASE
S	http://puls.cs.helsinki.fi/med#COMPLEX-VERTEBRAL-MALFORMATION	http://puls.cs.helsinki.fi/med#C-DISEASE
S	http://puls.cs.helsinki.fi/med#CONGENITAL-SYPHILIS	http://puls.cs.helsinki.fi/med#C-DISEASE
S	http://puls.cs.helsinki.fi/med#CONGO-CRIMEAN-HEMORRHAGIC-FEVER	http://puls.cs.helsinki.fi/med#C-DISEASE
S	http://puls.cs.helsinki.fi/med#CONJUNCTIVITIS	http://puls.cs.helsinki.fi/med#C-SYMPTOM-DISEASE
S	http://puls.cs.helsinki.fi/med#CONTAGIOUS-BOVINE-PLEUROPNEUMONIA	http://puls.cs.helsinki.fi/med#C-DISEASE
S	http://puls.cs.helsinki.fi/med#CONTAGIOUS-CAPRINE-PLEUROPNEUMONIA	http://puls.cs.helsinki.fi/med#C-DISEASE
S	http://puls.cs.helsinki.fi/med#CONTAGIOUS-EQUINE-METRITIS	http://puls.cs.helsinki.fi/med#C-DISEASE
S	http://puls.cs.helsinki.fi/med#CONTRACAECUM	http://puls.cs.helsinki.fi/med#C-PARASITE
S	http://puls.cs.helsinki.fi/med#CONVOLVULUS-ARVENSIS	http://puls.cs.helsinki.fi/med#C-PLANT
S	http://puls.cs.helsinki.fi/med#CONYZA-CANADENSIS	http://puls.cs.helsinki.fi/med#C-DISEASE
S	http://puls.cs.helsinki.fi/med#COPENHAGENI-AND-ICTEROHAEMORRHAGIE	http://puls.cs.helsinki.fi/med#C-AGENT
S	http://puls.cs.helsinki.fi/med#COPROSMA-ROBUSTA	http://puls.cs.helsinki.fi/med#C-PLANT
S	http://puls.cs.helsinki.fi/med#COQUILLETIDIA	http://puls.cs.helsinki.fi/med#C-VECTOR
S	http://puls.cs.helsinki.fi/med#COQUILLETIDIA-PERTURBANS	http://puls.cs.helsinki.fi/med#C-VECTOR
S	http://puls.cs.helsinki.fi/med#COQUILLETTIDIA-PERTURBANS	http://puls.cs.helsinki.fi/med#C-VECTOR
S	http://puls.cs.helsinki.fi/med#COQUILLETTIDIA-RICHIARDII	http://puls.cs.helsinki.fi/med#C-VECTOR
S	http://puls.cs.helsinki.fi/med#CORACOPSIS-VASA	http://puls.cs.helsinki.fi/med#C-DISEASE
S	http://puls.cs.helsinki.fi/med#CORDYLINE-AUSTRALIS	http://puls.cs.helsinki.fi/med#C-PLANT
S	http://puls.cs.helsinki.fi/med#CORMORANTS	http://puls.cs.helsinki.fi/med#C-ANIMAL
S	http://puls.cs.helsinki.fi/med#CORNEBACTERIUM-PSEUDOTUBERCULOSIS	http://puls.cs.helsinki.fi/med#C-AGENT
S	http://puls.cs.helsinki.fi/med#CORNUS	http://puls.cs.helsinki.fi/med#C-DISEASE
S	http://puls.cs.helsinki.fi/med#CORONAVIRUS	http://puls.cs.helsinki.fi/med#C-VIRUS
S	http://puls.cs.helsinki.fi/med#CORONOPUS-SQUAMATUS	http://puls.cs.helsinki.fi/med#C-PLANT
S	http://puls.cs.helsinki.fi/med#CORRIDOR-DISEASE	http://puls.cs.helsinki.fi/med#C-DISEASE
S	http://puls.cs.helsinki.fi/med#CORVUS-OSSIFRAGUS	http://puls.cs.helsinki.fi/med#C-ANIMAL
S	http://puls.cs.helsinki.fi/med#CORYNEBACTERIUM	http://puls.cs.helsinki.fi/med#C-AGENT
S	http://puls.cs.helsinki.fi/med#CORYNEBACTERIUM-DIPHTHERIAE	http://puls.cs.helsinki.fi/med#C-AGENT
S	http://puls.cs.helsinki.fi/med#CORYNED-DISEASE-DIPHTHERIAE-INFECTION	http://puls.cs.helsinki.fi/med#C-DISEASE
S	http://puls.cs.helsinki.fi/med#COTTON-LEAF-CURL-BEGOMOVIRUS	http://puls.cs.helsinki.fi/med#C-VIRUS
S	http://puls.cs.helsinki.fi/med#COWDRIA	http://puls.cs.helsinki.fi/med#C-AGENT
S	http://puls.cs.helsinki.fi/med#COWDRIA-RUMINANTIUM	http://puls.cs.helsinki.fi/med#C-AGENT
S	http://puls.cs.helsinki.fi/med#COWPEA-MILD-MOTTLE-CARLAVIRUS	http://puls.cs.helsinki.fi/med#C-VIRUS
S	http://puls.cs.helsinki.fi/med#COWPEA-MILD-MOTTLE-VIRUS	http://puls.cs.helsinki.fi/med#C-VIRUS
S	http://puls.cs.helsinki.fi/med#COWPOX	http://puls.cs.helsinki.fi/med#C-DISEASE
S	http://puls.cs.helsinki.fi/med#COXIELLA	http://puls.cs.helsinki.fi/med#C-AGENT
S	http://puls.cs.helsinki.fi/med#COXIELLA-BURNETII	http://puls.cs.helsinki.fi/med#C-AGENT
S	http://puls.cs.helsinki.fi/med#COXIELLA-BURNETTI	http://puls.cs.helsinki.fi/med#C-AGENT
S	http://puls.cs.helsinki.fi/med#COXSACKIEVIRUS	http://puls.cs.helsinki.fi/med#C-VIRUS
S	http://puls.cs.helsinki.fi/med#CQ-PERTURBANS	http://puls.cs.helsinki.fi/med#C-VECTOR
S	http://puls.cs.helsinki.fi/med#CRABS	http://puls.cs.helsinki.fi/med#C-ANIMAL
S	http://puls.cs.helsinki.fi/med#CRINIPELLIS-PERNICIOSA	http://puls.cs.helsinki.fi/med#C-FUNGUS
S	http://puls.cs.helsinki.fi/med#CRYPTOCOCCAL-MENINGITIS	http://puls.cs.helsinki.fi/med#C-DISEASE
S	http://puls.cs.helsinki.fi/med#CRYPTOCOCCOSIS	http://puls.cs.helsinki.fi/med#C-DISEASE
S	http://puls.cs.helsinki.fi/med#CRYPTOCOCCUS-NEOFORMANS	http://puls.cs.helsinki.fi/med#C-AGENT
S	http://puls.cs.helsinki.fi/med#CRYPTOPERIDINIOPSIS	http://puls.cs.helsinki.fi/med#C-DISEASE
S	http://puls.cs.helsinki.fi/med#CRYPTOPSORIDIUM	http://puls.cs.helsinki.fi/med#C-PARASITE
S	http://puls.cs.helsinki.fi/med#CRYPTOSPIRIDIUM-PARVUM	http://puls.cs.helsinki.fi/med#C-PARASITE
S	http://puls.cs.helsinki.fi/med#CRYPTOSPORIDIUM	http://puls.cs.helsinki.fi/med#C-PARASITE
S	http://puls.cs.helsinki.fi/med#CRYPTOSPORIDIUM-PARVUM	http://puls.cs.helsinki.fi/med#C-PARASITE
S	http://puls.cs.helsinki.fi/med#CRYPTOSPORIDUM-PARVUM	http://puls.cs.helsinki.fi/med#C-PARASITE
S	http://puls.cs.helsinki.fi/med#CS-INORNATA	http://puls.cs.helsinki.fi/med#C-DISEASE
S	http://puls.cs.helsinki.fi/med#CS-MORSITANS	http://puls.cs.helsinki.fi/med#C-DISEASE
S	http://puls.cs.helsinki.fi/med#CUCUMIS-ANGURIA	http://puls.cs.helsinki.fi/med#C-PLANT
S	http://puls.cs.helsinki.fi/med#CUCUMIS-MELO	http://puls.cs.helsinki.fi/med#C-PLANT
S	http://puls.cs.helsinki.fi/med#CUCUMIS-SATIVUS	http://puls.cs.helsinki.fi/med#C-PLANT
S	http://puls.cs.helsinki.fi/med#CUCURBIT-STUNTING-VIRUS	http://puls.cs.helsinki.fi/med#C-VIRUS
S	http://puls.cs.helsinki.fi/med#CUCURBIT-YELLOW-STUNTING-DIS-VIRUS	http://puls.cs.helsinki.fi/med#C-VIRUS
S	http://puls.cs.helsinki.fi/med#CUCURBIT-YELLOW-STUNTING-DISORDER	http://puls.cs.helsinki.fi/med#C-DISEASE
S	http://puls.cs.helsinki.fi/med#CUCURBITA-MAXIMA	http://puls.cs.helsinki.fi/med#C-PLANT
S	http://puls.cs.helsinki.fi/med#CUCURBITA-MOSCHATA	http://puls.cs.helsinki.fi/med#C-PLANT
S	http://puls.cs.helsinki.fi/med#CUCURBITA-PEPO	http://puls.cs.helsinki.fi/med#C-PLANT
S	http://puls.cs.helsinki.fi/med#CUCURBITACEAE	http://puls.cs.helsinki.fi/med#C-PLANT
S	http://puls.cs.helsinki.fi/med#CULEX	http://puls.cs.helsinki.fi/med#C-VECTOR
S	http://puls.cs.helsinki.fi/med#CULEX-ANNULIROSTRIS	http://puls.cs.helsinki.fi/med#C-VECTOR
S	http://puls.cs.helsinki.fi/med#CULEX-ANTENNATUS	http://puls.cs.helsinki.fi/med#C-VECTOR
S	http://puls.cs.helsinki.fi/med#CULEX-FUSCOCEPHALA	http://puls.cs.helsinki.fi/med#C-VECTOR
S	http://puls.cs.helsinki.fi/med#CULEX-GELIDUS	http://puls.cs.helsinki.fi/med#C-VECTOR
S	http://puls.cs.helsinki.fi/med#CULEX-MODESTUS	http://puls.cs.helsinki.fi/med#C-VECTOR
S	http://puls.cs.helsinki.fi/med#CULEX-NEAVEI	http://puls.cs.helsinki.fi/med#C-VECTOR
S	http://puls.cs.helsinki.fi/med#CULEX-NIGRIPALPUS	http://puls.cs.helsinki.fi/med#C-VECTOR
S	http://puls.cs.helsinki.fi/med#CULEX-PIPENS	http://puls.cs.helsinki.fi/med#C-VECTOR
S	http://puls.cs.helsinki.fi/med#CULEX-PIPIENS	http://puls.cs.helsinki.fi/med#C-VECTOR
S	http://puls.cs.helsinki.fi/med#CULEX-PIPIENS-PIPIENS	http://puls.cs.helsinki.fi/med#C-VECTOR
S	http://puls.cs.helsinki.fi/med#CULEX-QUINQUEFASCIATUS	http://puls.cs.helsinki.fi/med#C-VECTOR
S	http://puls.cs.helsinki.fi/med#CULEX-RESTUANS	http://puls.cs.helsinki.fi/med#C-VECTOR
S	http://puls.cs.helsinki.fi/med#CULEX-SALINARIUS	http://puls.cs.helsinki.fi/med#C-VECTOR
S	http://puls.cs.helsinki.fi/med#CULEX-TARSALIS	http://puls.cs.helsinki.fi/med#C-VECTOR
S	http://puls.cs.helsinki.fi/med#CULEX-THEILERI	http://puls.cs.helsinki.fi/med#C-VECTOR
S	http://puls.cs.helsinki.fi/med#CULEX-TRITAENIORHYNCHUS	http://puls.cs.helsinki.fi/med#C-VECTOR
S	http://puls.cs.helsinki.fi/med#CULICOIDES	http://puls.cs.helsinki.fi/med#C-VECTOR
S	http://puls.cs.helsinki.fi/med#CULICOIDES-BOLITINOS	http://puls.cs.helsinki.fi/med#C-VECTOR
S	http://puls.cs.helsinki.fi/med#CULICOIDES-IMICOLA	http://puls.cs.helsinki.fi/med#C-VECTOR
S	http://puls.cs.helsinki.fi/med#CULICOIDES-OBSOLETUS	http://puls.cs.helsinki.fi/med#C-VECTOR
S	http://puls.cs.helsinki.fi/med#CULICOIDES-PALLIDIPENNIS	http://puls.cs.helsinki.fi/med#C-VECTOR
S	http://puls.cs.helsinki.fi/med#CULICOIDES-SONORENSIS	http://puls.cs.helsinki.fi/med#C-VECTOR
S	http://puls.cs.helsinki.fi/med#CULICOIDES-VARIIPENNIS	http://puls.cs.helsinki.fi/med#C-VECTOR
S	http://puls.cs.helsinki.fi/med#CULICOIDES-VARIIPENNIS-SONORENSIS	http://puls.cs.helsinki.fi/med#C-VECTOR
S	http://puls.cs.helsinki.fi/med#CULICOIDES-VARIIPENNIS-VARIIPENNIS	http://puls.cs.helsinki.fi/med#C-VECTOR
S	http://puls.cs.helsinki.fi/med#CULICOIDES-VARIPENNIS	http://puls.cs.helsinki.fi/med#C-VECTOR
S	http://puls.cs.helsinki.fi/med#CULISETA	http://puls.cs.helsinki.fi/med#C-VECTOR
S	http://puls.cs.helsinki.fi/med#CULISETA-MELANURA	http://puls.cs.helsinki.fi/med#C-VECTOR
S	http://puls.cs.helsinki.fi/med#CULISETA-MELANURE	http://puls.cs.helsinki.fi/med#C-VECTOR
S	http://puls.cs.helsinki.fi/med#CURLY-TOP-DISEASE	http://puls.cs.helsinki.fi/med#C-DISEASE
S	http://puls.cs.helsinki.fi/med#CUSCUTA	http://puls.cs.helsinki.fi/med#C-PLANT
S	http://puls.cs.helsinki.fi/med#CUTANEOUS-ANTHRAX	http://puls.cs.helsinki.fi/med#ANTHRAX
S	http://puls.cs.helsinki.fi/med#CUTANEOUS-ANTHRAX	http://puls.cs.helsinki.fi/med#C-DISEASE
S	http://puls.cs.helsinki.fi/med#CUTANEOUS-LARVA-MIGRANS	http://puls.cs.helsinki.fi/med#C-DISEASE
S	http://puls.cs.helsinki.fi/med#CUTANEOUS-LEISHMANIASIS	http://puls.cs.helsinki.fi/med#C-DISEASE
S	http://puls.cs.helsinki.fi/med#CX-BITAENIORHYNCHUS	http://puls.cs.helsinki.fi/med#C-VECTOR
S	http://puls.cs.helsinki.fi/med#CX-PEUS	http://puls.cs.helsinki.fi/med#C-VECTOR
S	http://puls.cs.helsinki.fi/med#CX-PIPIENS-QUINQUEFASCIATUS	http://puls.cs.helsinki.fi/med#C-VECTOR
S	http://puls.cs.helsinki.fi/med#CX-PSEUDOVISHNUI	http://puls.cs.helsinki.fi/med#C-VECTOR
S	http://puls.cs.helsinki.fi/med#CX-UNIVITTATUS	http://puls.cs.helsinki.fi/med#C-VECTOR
S	http://puls.cs.helsinki.fi/med#CYCLOSPORA-CAYETAMENSIS	http://puls.cs.helsinki.fi/med#C-PARASITE
S	http://puls.cs.helsinki.fi/med#CYCLOSPORA-CAYETANENSIS	http://puls.cs.helsinki.fi/med#C-PARASITE
S	http://puls.cs.helsinki.fi/med#CYCLOSPORIASIS	http://puls.cs.helsinki.fi/med#C-DISEASE
S	http://puls.cs.helsinki.fi/med#CYLINDROSPERMOPSIS	http://puls.cs.helsinki.fi/med#C-ALGA
S	http://puls.cs.helsinki.fi/med#CYNOMYS	http://puls.cs.helsinki.fi/med#C-DISEASE
S	http://puls.cs.helsinki.fi/med#CYNOPTERUS	http://puls.cs.helsinki.fi/med#C-ANIMAL
S	http://puls.cs.helsinki.fi/med#CYNOPTERUS-BRACHYOTIS	http://puls.cs.helsinki.fi/med#C-ANIMAL
S	http://puls.cs.helsinki.fi/med#CYNOPTERY	http://puls.cs.helsinki.fi/med#C-ANIMAL
S	http://puls.cs.helsinki.fi/med#CYRTOSPERMA	http://puls.cs.helsinki.fi/med#C-DISEASE
S	http://puls.cs.helsinki.fi/med#CYSTIC-FIBROSIS	http://puls.cs.helsinki.fi/med#C-NON-INFECTIOUS-DISEASE
S	http://puls.cs.helsinki.fi/med#CYSTICERCOSIS	http://puls.cs.helsinki.fi/med#C-DISEASE
S	http://puls.cs.helsinki.fi/med#CYTAUXZOON	http://puls.cs.helsinki.fi/med#C-AGENT
S	http://puls.cs.helsinki.fi/med#CYTAUXZOON-FELIS	http://puls.cs.helsinki.fi/med#C-AGENT
S	http://puls.cs.helsinki.fi/med#CYTOMEGALOVIRUS	http://puls.cs.helsinki.fi/med#C-VIRUS
S	http://puls.cs.helsinki.fi/med#CYTOMEGALOVIRUS-RETINITIS	http://puls.cs.helsinki.fi/med#C-VIRUS
S	http://puls.cs.helsinki.fi/med#CYTOPHAGA-PSYCHROPHILA	http://puls.cs.helsinki.fi/med#C-DISEASE
S	http://puls.cs.helsinki.fi/med#Cambodian	http://puls.cs.helsinki.fi/med/concept#Nationality
S	http://puls.cs.helsinki.fi/med#Cameroonian	http://puls.cs.helsinki.fi/med/concept#Nationality
S	http://puls.cs.helsinki.fi/med#Canadian	http://puls.cs.helsinki.fi/med/concept#Nationality
S	http://puls.cs.helsinki.fi/med#CapeVerdean	http://puls.cs.helsinki.fi/med/concept#Nationality
S	http://puls.cs.helsinki.fi/med#Caymanian	http://puls.cs.helsinki.fi/med/concept#Nationality
S	http://puls.cs.helsinki.fi/med#CentralAfrican	http://puls.cs.helsinki.fi/med/concept#Nationality
S	http://puls.cs.helsinki.fi/med#CentralAmerican	http://puls.cs.helsinki.fi/med/concept#Nationality
S	http://puls.cs.helsinki.fi/med#Chadian	http://puls.cs.helsinki.fi/med/concept#Nationality
S	http://puls.cs.helsinki.fi/med#Chilean	http://puls.cs.helsinki.fi/med/concept#Nationality
S	http://puls.cs.helsinki.fi/med#Chinese	http://puls.cs.helsinki.fi/med/concept#Nationality
S	http://puls.cs.helsinki.fi/med#Colombian	http://puls.cs.helsinki.fi/med/concept#Nationality
S	http://puls.cs.helsinki.fi/med#Comoran	http://puls.cs.helsinki.fi/med/concept#Nationality
S	http://puls.cs.helsinki.fi/med#Congolese	http://puls.cs.helsinki.fi/med/concept#Nationality
S	http://puls.cs.helsinki.fi/med#CostaRican	http://puls.cs.helsinki.fi/med/concept#Nationality
S	http://puls.cs.helsinki.fi/med#CroatNational	http://puls.cs.helsinki.fi/med/concept#National
S	http://puls.cs.helsinki.fi/med#Croatian	http://puls.cs.helsinki.fi/med/concept#Nationality
S	http://puls.cs.helsinki.fi/med#Cuban	http://puls.cs.helsinki.fi/med/concept#Nationality
S	http://puls.cs.helsinki.fi/med#Cypriot	http://puls.cs.helsinki.fi/med/concept#Nationality
S	http://puls.cs.helsinki.fi/med#Czech	http://puls.cs.helsinki.fi/med/concept#Nationality
S	http://puls.cs.helsinki.fi/med#CzechNational	http://puls.cs.helsinki.fi/med/concept#National
S	http://puls.cs.helsinki.fi/med#Czechoslovakian	http://puls.cs.helsinki.fi/med/concept#Nationality
S	http://puls.cs.helsinki.fi/med#D-FASTUOSA	http://puls.cs.helsinki.fi/med#C-PLANT
S	http://puls.cs.helsinki.fi/med#D-MELANOGASTER	http://puls.cs.helsinki.fi/med#C-VECTOR
S	http://puls.cs.helsinki.fi/med#D-PHASEOLORUM_VAR-SOJAE	http://puls.cs.helsinki.fi/med#C-FUNGUS
S	http://puls.cs.helsinki.fi/med#D-PICTUS	http://puls.cs.helsinki.fi/med#C-DISEASE
S	http://puls.cs.helsinki.fi/med#D-RETICULATUS	http://puls.cs.helsinki.fi/med#C-DISEASE
S	http://puls.cs.helsinki.fi/med#DACTYLIDIS	http://puls.cs.helsinki.fi/med#C-DISEASE
S	http://puls.cs.helsinki.fi/med#DATURA-STRAMONIUM	http://puls.cs.helsinki.fi/med#C-PLANT
S	http://puls.cs.helsinki.fi/med#DELPHACIDAE	http://puls.cs.helsinki.fi/med#C-VECTOR
S	http://puls.cs.helsinki.fi/med#DELUSIONAL-PARASITOSIS	http://puls.cs.helsinki.fi/med#C-DISEASE
S	http://puls.cs.helsinki.fi/med#DENDROICA	http://puls.cs.helsinki.fi/med#C-ANIMAL
S	http://puls.cs.helsinki.fi/med#DENGUE-HEMORRHAGIC-FEVER	http://puls.cs.helsinki.fi/med#C-DISEASE
S	http://puls.cs.helsinki.fi/med#DENTAL-HYPOPLASIA	http://puls.cs.helsinki.fi/med#C-DISEASE
S	http://puls.cs.helsinki.fi/med#DERMACENTOR	http://puls.cs.helsinki.fi/med#C-VECTOR
S	http://puls.cs.helsinki.fi/med#DERMACENTOR-MARGINATUS	http://puls.cs.helsinki.fi/med#C-VECTOR
S	http://puls.cs.helsinki.fi/med#DERMACENTOR-VARIABILIS	http://puls.cs.helsinki.fi/med#C-VECTOR
S	http://puls.cs.helsinki.fi/med#DERMATITIS	http://puls.cs.helsinki.fi/med#C-SYMPTOM-X
S	http://puls.cs.helsinki.fi/med#DERO-DIGITATA	http://puls.cs.helsinki.fi/med#C-VECTOR
S	http://puls.cs.helsinki.fi/med#DESMODUS	http://puls.cs.helsinki.fi/med#C-ANIMAL
S	http://puls.cs.helsinki.fi/med#DESMODUS-ROTUNDUS	http://puls.cs.helsinki.fi/med#C-VECTOR
S	http://puls.cs.helsinki.fi/med#DIABETES	http://puls.cs.helsinki.fi/med#C-NON-INFECTIOUS-DISEASE
S	http://puls.cs.helsinki.fi/med#DIAEMUS	http://puls.cs.helsinki.fi/med#C-ANIMAL
S	http://puls.cs.helsinki.fi/med#DIAEMUS-YOUNGI	http://puls.cs.helsinki.fi/med#C-ANIMAL
S	http://puls.cs.helsinki.fi/med#DIAPHORINA-CITRI	http://puls.cs.helsinki.fi/med#C-FUNGUS
S	http://puls.cs.helsinki.fi/med#DIAPORTHE-HELIANTHI	http://puls.cs.helsinki.fi/med#C-FUNGUS
S	http://puls.cs.helsinki.fi/med#DIAPORTHE-PHASEOLORUM	http://puls.cs.helsinki.fi/med#C-FUNGUS
S	http://puls.cs.helsinki.fi/med#DIAPORTHE-SPP-	http://puls.cs.helsinki.fi/med#C-DISEASE
S	http://puls.cs.helsinki.fi/med#DIARRHEA	http://puls.cs.helsinki.fi/med#C-SYMPTOM-X
S	http://puls.cs.helsinki.fi/med#DIARRHEAGENIC-ESCHERICHIA-COLI	http://puls.cs.helsinki.fi/med#C-DISEASE
S	http://puls.cs.helsinki.fi/med#DIARRHOEAL-DISEASE	http://puls.cs.helsinki.fi/med#C-DISEASE
S	http://puls.cs.helsinki.fi/med#DICANTHIUM	http://puls.cs.helsinki.fi/med#C-DISEASE
S	http://puls.cs.helsinki.fi/med#DIDELPHIS-MARSUPIALIS	http://puls.cs.helsinki.fi/med#C-ANIMAL
S	http://puls.cs.helsinki.fi/med#DIDELPHUS	http://puls.cs.helsinki.fi/med#C-DISEASE
S	http://puls.cs.helsinki.fi/med#DIENTAMOEBA-FRAGILIS-INFECTION	http://puls.cs.helsinki.fi/med#C-AGENT
S	http://puls.cs.helsinki.fi/med#DILOBOPTERUS-COSTALIMAI	http://puls.cs.helsinki.fi/med#C-DISEASE
S	http://puls.cs.helsinki.fi/med#DINOPHYSUS-ACUTA	http://puls.cs.helsinki.fi/med#C-DISEASE
S	http://puls.cs.helsinki.fi/med#DIPHTHERIA	http://puls.cs.helsinki.fi/med#C-DISEASE
S	http://puls.cs.helsinki.fi/med#DIPHYLLA	http://puls.cs.helsinki.fi/med#C-ANIMAL
S	http://puls.cs.helsinki.fi/med#DIPHYLLA-ECAUDATA	http://puls.cs.helsinki.fi/med#C-ANIMAL
S	http://puls.cs.helsinki.fi/med#DIPHYLLOBOTHRIASIS	http://puls.cs.helsinki.fi/med#C-DISEASE
S	http://puls.cs.helsinki.fi/med#DIPHYLLOBOTHRIUM-LATUM	http://puls.cs.helsinki.fi/med#C-DISEASE
S	http://puls.cs.helsinki.fi/med#DIPLODIA	http://puls.cs.helsinki.fi/med#C-FUNGUS
S	http://puls.cs.helsinki.fi/med#DIPLODIA-RECIFIENSIS	http://puls.cs.helsinki.fi/med#C-FUNGUS
S	http://puls.cs.helsinki.fi/med#DIPTERA	http://puls.cs.helsinki.fi/med#C-VECTOR
S	http://puls.cs.helsinki.fi/med#DIPYLIDIUM-INFECTION	http://puls.cs.helsinki.fi/med#C-DISEASE
S	http://puls.cs.helsinki.fi/med#DIROFILARIA-IMMITIS	http://puls.cs.helsinki.fi/med#C-DISEASE
S	http://puls.cs.helsinki.fi/med#DISPHARYNX	http://puls.cs.helsinki.fi/med#C-DISEASE
S	http://puls.cs.helsinki.fi/med#DISTEMPER	http://puls.cs.helsinki.fi/med#C-DISEASE
S	http://puls.cs.helsinki.fi/med#DISTEMPER-VIRUS	http://puls.cs.helsinki.fi/med#C-VIRUS
S	http://puls.cs.helsinki.fi/med#DOBRAVA-BELGRADE-VIRUS	http://puls.cs.helsinki.fi/med#C-AGENT
S	http://puls.cs.helsinki.fi/med#DOBSONIA	http://puls.cs.helsinki.fi/med#C-DISEASE
S	http://puls.cs.helsinki.fi/med#DOBSONIA-MOLUCCENSE	http://puls.cs.helsinki.fi/med#C-DISEASE
S	http://puls.cs.helsinki.fi/med#DOG-FLU	http://puls.cs.helsinki.fi/med#C-DISEASE
S	http://puls.cs.helsinki.fi/med#DONAX-SERRA	http://puls.cs.helsinki.fi/med#C-ANIMAL
S	http://puls.cs.helsinki.fi/med#DONKEY-ENCEPHALITIS	http://puls.cs.helsinki.fi/med#C-DISEASE
S	http://puls.cs.helsinki.fi/med#DOWNY-MILDEW-DISEASE	http://puls.cs.helsinki.fi/med#C-DISEASE
S	http://puls.cs.helsinki.fi/med#DRACUNCULIASIS	http://puls.cs.helsinki.fi/med#C-DISEASE
S	http://puls.cs.helsinki.fi/med#DRACUNCULUS-MEDINENSIS	http://puls.cs.helsinki.fi/med#C-DISEASE
S	http://puls.cs.helsinki.fi/med#DROPSY	http://puls.cs.helsinki.fi/med#C-DISEASE
S	http://puls.cs.helsinki.fi/med#DSS	http://puls.cs.helsinki.fi/med#C-DISEASE
S	http://puls.cs.helsinki.fi/med#DURBA-SYNDROME	http://puls.cs.helsinki.fi/med#C-DISEASE
S	http://puls.cs.helsinki.fi/med#DUVENHAGE	http://puls.cs.helsinki.fi/med#C-AGENT
S	http://puls.cs.helsinki.fi/med#DYSENTERY	http://puls.cs.helsinki.fi/med#C-DISEASE
S	http://puls.cs.helsinki.fi/med#Danish	http://puls.cs.helsinki.fi/med/concept#Nationality
S	http://puls.cs.helsinki.fi/med#Dominican	http://puls.cs.helsinki.fi/med/concept#Nationality
S	http://puls.cs.helsinki.fi/med#Dutch	http://puls.cs.helsinki.fi/med/concept#Nationality
S	http://puls.cs.helsinki.fi/med#E-AGGLOMERANS	http://puls.cs.helsinki.fi/med#C-DISEASE
S	http://puls.cs.helsinki.fi/med#E-CASSELIFLAVUS	http://puls.cs.helsinki.fi/med#C-DISEASE
S	http://puls.cs.helsinki.fi/med#E-COLI	http://puls.cs.helsinki.fi/med#C-AGENT
S	http://puls.cs.helsinki.fi/med#E-COLI-O111	http://puls.cs.helsinki.fi/med#C-AGENT
S	http://puls.cs.helsinki.fi/med#E-COLI-O111	http://puls.cs.helsinki.fi/med#E-COLI
S	http://puls.cs.helsinki.fi/med#E-DENDROIDES	http://puls.cs.helsinki.fi/med#C-DISEASE
S	http://puls.cs.helsinki.fi/med#E-FAECALIA	http://puls.cs.helsinki.fi/med#C-AGENT
S	http://puls.cs.helsinki.fi/med#E-FAECALIS	http://puls.cs.helsinki.fi/med#C-AGENT
S	http://puls.cs.helsinki.fi/med#E-FUSCUS	http://puls.cs.helsinki.fi/med#C-VECTOR
S	http://puls.cs.helsinki.fi/med#E-GRANULOSIS	http://puls.cs.helsinki.fi/med#C-PARASITE
S	http://puls.cs.helsinki.fi/med#E-MACULATA	http://puls.cs.helsinki.fi/med#C-DISEASE
S	http://puls.cs.helsinki.fi/med#E-PEPLUS	http://puls.cs.helsinki.fi/med#C-DISEASE
S	http://puls.cs.helsinki.fi/med#E-RISTICII	http://puls.cs.helsinki.fi/med#C-DISEASE
S	http://puls.cs.helsinki.fi/med#EAR-INFECTION	http://puls.cs.helsinki.fi/med#C-DISEASE
S	http://puls.cs.helsinki.fi/med#EAST-AFRICAN-CASSAVA-MOSAIC-BEGOMOVIRUS	http://puls.cs.helsinki.fi/med#C-VIRUS
S	http://puls.cs.helsinki.fi/med#EAST-AFRICAN-TRYPANOSOMIASIS	http://puls.cs.helsinki.fi/med#C-DISEASE
S	http://puls.cs.helsinki.fi/med#EAST-COAST-FEVER	http://puls.cs.helsinki.fi/med#C-DISEASE
S	http://puls.cs.helsinki.fi/med#EASTERN-EQUINE-ENCEPHALITIS	http://puls.cs.helsinki.fi/med#C-DISEASE
S	http://puls.cs.helsinki.fi/med#EBOLA-HEMORRHAGIC-FEVER	http://puls.cs.helsinki.fi/med#C-DISEASE
S	http://puls.cs.helsinki.fi/med#EBOLA-RESTON	http://puls.cs.helsinki.fi/med#C-DISEASE
S	http://puls.cs.helsinki.fi/med#ECBALLIUM-ELATERIUM	http://puls.cs.helsinki.fi/med#C-PLANT
S	http://puls.cs.helsinki.fi/med#ECHINASTER	http://puls.cs.helsinki.fi/med#C-DISEASE
S	http://puls.cs.helsinki.fi/med#ECHINOCLOA-PYRAMIDALIS	http://puls.cs.helsinki.fi/med#C-DISEASE
S	http://puls.cs.helsinki.fi/med#ECHINOCOCCOSIS	http://puls.cs.helsinki.fi/med#C-DISEASE
S	http://puls.cs.helsinki.fi/med#ECHINOCOCCUS	http://puls.cs.helsinki.fi/med#C-PARASITE
S	http://puls.cs.helsinki.fi/med#ECHINOCOCCUS-GRANULOSUS	http://puls.cs.helsinki.fi/med#C-PARASITE
S	http://puls.cs.helsinki.fi/med#ECHINOCOCCUS-MULTILOCULARIS	http://puls.cs.helsinki.fi/med#C-PARASITE
S	http://puls.cs.helsinki.fi/med#ECHO-33-VIRUS	http://puls.cs.helsinki.fi/med#C-VIRUS
S	http://puls.cs.helsinki.fi/med#EDWARDSIELLA-ICTALURI	http://puls.cs.helsinki.fi/med#C-DISEASE
S	http://puls.cs.helsinki.fi/med#EHRLICHIA	http://puls.cs.helsinki.fi/med#C-AGENT
S	http://puls.cs.helsinki.fi/med#EHRLICHIA-CHAFEENSIS	http://puls.cs.helsinki.fi/med#C-AGENT
S	http://puls.cs.helsinki.fi/med#EHRLICHIA-CHAFFEENIS	http://puls.cs.helsinki.fi/med#C-AGENT
S	http://puls.cs.helsinki.fi/med#EHRLICHIA-CHAFFEENSIS	http://puls.cs.helsinki.fi/med#C-AGENT
S	http://puls.cs.helsinki.fi/med#EHRLICHIA-EQUI	http://puls.cs.helsinki.fi/med#C-AGENT
S	http://puls.cs.helsinki.fi/med#EHRLICHIA-PHAGOCYTOPHILA	http://puls.cs.helsinki.fi/med#C-AGENT
S	http://puls.cs.helsinki.fi/med#EHRLICHIA-PLATYS	http://puls.cs.helsinki.fi/med#C-AGENT
S	http://puls.cs.helsinki.fi/med#EIDOLON-HELVUM	http://puls.cs.helsinki.fi/med#C-DISEASE
S	http://puls.cs.helsinki.fi/med#EIMERIA	http://puls.cs.helsinki.fi/med#C-DISEASE
S	http://puls.cs.helsinki.fi/med#ELAPHUS	http://puls.cs.helsinki.fi/med#C-ANIMAL
S	http://puls.cs.helsinki.fi/med#ELEPHANT-BLINDNESS	http://puls.cs.helsinki.fi/med#C-DISEASE
S	http://puls.cs.helsinki.fi/med#ELEPHANT-HERPES	http://puls.cs.helsinki.fi/med#C-DISEASE
S	http://puls.cs.helsinki.fi/med#ENCEPHALITIS	http://puls.cs.helsinki.fi/med#C-SYMPTOM-DISEASE
S	http://puls.cs.helsinki.fi/med#ENCEPHALITIS	http://puls.cs.helsinki.fi/med#C-SYMPTOM-X
S	http://puls.cs.helsinki.fi/med#ENCEPHALITIS-LETHARGICA	http://puls.cs.helsinki.fi/med#C-SYMPTOM-DISEASE
S	http://puls.cs.helsinki.fi/med#ENCEPHALOMYOCARDITIS-VIRUS	http://puls.cs.helsinki.fi/med#C-VIRUS
S	http://puls.cs.helsinki.fi/med#ENCEPHALOPATHY	http://puls.cs.helsinki.fi/med#C-DISEASE
S	http://puls.cs.helsinki.fi/med#ENDOLIMAX-NANA	http://puls.cs.helsinki.fi/med#C-DISEASE
S	http://puls.cs.helsinki.fi/med#ENTAMOEBA-COLI	http://puls.cs.helsinki.fi/med#C-DISEASE
S	http://puls.cs.helsinki.fi/med#ENTAMOEBA-DISPAR	http://puls.cs.helsinki.fi/med#C-AGENT
S	http://puls.cs.helsinki.fi/med#ENTAMOEBA-HARTMANNI	http://puls.cs.helsinki.fi/med#C-DISEASE
S	http://puls.cs.helsinki.fi/med#ENTAMOEBA-HISTOLYTICA	http://puls.cs.helsinki.fi/med#C-AGENT
S	http://puls.cs.helsinki.fi/med#ENTAMOEBA-POLECKI	http://puls.cs.helsinki.fi/med#C-DISEASE
S	http://puls.cs.helsinki.fi/med#ENTEROBACTER	http://puls.cs.helsinki.fi/med#C-AGENT
S	http://puls.cs.helsinki.fi/med#ENTEROBACTER-CLOACAE	http://puls.cs.helsinki.fi/med#C-AGENT
S	http://puls.cs.helsinki.fi/med#ENTEROBACTER-SAKAZAKII	http://puls.cs.helsinki.fi/med#C-AGENT
S	http://puls.cs.helsinki.fi/med#ENTEROBACTERIACEAE	http://puls.cs.helsinki.fi/med#C-AGENT
S	http://puls.cs.helsinki.fi/med#ENTEROBIASIS	http://puls.cs.helsinki.fi/med#C-DISEASE
S	http://puls.cs.helsinki.fi/med#ENTEROCOCCUS	http://puls.cs.helsinki.fi/med#C-AGENT
S	http://puls.cs.helsinki.fi/med#ENTEROCOCCUS-AVIUM	http://puls.cs.helsinki.fi/med#C-AGENT
S	http://puls.cs.helsinki.fi/med#ENTEROCOCCUS-FAECIUM	http://puls.cs.helsinki.fi/med#C-AGENT
S	http://puls.cs.helsinki.fi/med#ENTEROCOCUS	http://puls.cs.helsinki.fi/med#C-AGENT
S	http://puls.cs.helsinki.fi/med#ENTEROHEMORRHAGIC-E-COLI	http://puls.cs.helsinki.fi/med#C-DISEASE
S	http://puls.cs.helsinki.fi/med#ENTEROPATHOGENIC-E-COLI	http://puls.cs.helsinki.fi/med#C-DISEASE
S	http://puls.cs.helsinki.fi/med#ENTEROVIRAL-MENINGITIS	http://puls.cs.helsinki.fi/med#C-DISEASE
S	http://puls.cs.helsinki.fi/med#ENTEROVIRUS-INFECTION	http://puls.cs.helsinki.fi/med#C-VIRUS
S	http://puls.cs.helsinki.fi/med#ENZOOTIC-BOVINE-LEUKOSIS	http://puls.cs.helsinki.fi/med#C-DISEASE
S	http://puls.cs.helsinki.fi/med#EOSINOPHILIC-MENINGITIS	http://puls.cs.helsinki.fi/med#C-DISEASE
S	http://puls.cs.helsinki.fi/med#EPHEMERAL-FEVER	http://puls.cs.helsinki.fi/med#C-DISEASE
S	http://puls.cs.helsinki.fi/med#EPHEMEROVIRUS	http://puls.cs.helsinki.fi/med#C-VIRUS
S	http://puls.cs.helsinki.fi/med#EPIDEMIC-NEUROPATHY	http://puls.cs.helsinki.fi/med#C-DISEASE
S	http://puls.cs.helsinki.fi/med#EPIDEMIC-TYPHUS	http://puls.cs.helsinki.fi/med#C-DISEASE
S	http://puls.cs.helsinki.fi/med#EPIZOOTIC-HEMORRHAGIC-DISEASE	http://puls.cs.helsinki.fi/med#C-DISEASE
S	http://puls.cs.helsinki.fi/med#EPIZOOTIC-ULCERATIVE-SYNDROME	http://puls.cs.helsinki.fi/med#C-DISEASE
S	http://puls.cs.helsinki.fi/med#EPOMOPHORUS-WAHLBERGI	http://puls.cs.helsinki.fi/med#C-DISEASE
S	http://puls.cs.helsinki.fi/med#EPSTEIN-BARR-VIRUS	http://puls.cs.helsinki.fi/med#C-VIRUS
S	http://puls.cs.helsinki.fi/med#EPTESICUS-FUSCUS	http://puls.cs.helsinki.fi/med#C-VECTOR
S	http://puls.cs.helsinki.fi/med#EPTESICUS-SEROTINUS	http://puls.cs.helsinki.fi/med#C-VECTOR
S	http://puls.cs.helsinki.fi/med#EQUIDAE	http://puls.cs.helsinki.fi/med#C-ANIMAL
S	http://puls.cs.helsinki.fi/med#EQUINE-ENCEPHALITIS	http://puls.cs.helsinki.fi/med#C-DISEASE
S	http://puls.cs.helsinki.fi/med#EQUINE-ENCEPHALOSIS	http://puls.cs.helsinki.fi/med#C-DISEASE
S	http://puls.cs.helsinki.fi/med#EQUINE-HERPES	http://puls.cs.helsinki.fi/med#C-VIRUS
S	http://puls.cs.helsinki.fi/med#EQUINE-INFECTIOUS-ANEMIA	http://puls.cs.helsinki.fi/med#C-DISEASE
S	http://puls.cs.helsinki.fi/med#EQUINE-INFLUENZA	http://puls.cs.helsinki.fi/med#C-DISEASE
S	http://puls.cs.helsinki.fi/med#EQUINE-MORBILLIVIRUS	http://puls.cs.helsinki.fi/med#C-VIRUS
S	http://puls.cs.helsinki.fi/med#EQUINE-PIROPLASMOSIS	http://puls.cs.helsinki.fi/med#C-DISEASE
S	http://puls.cs.helsinki.fi/med#EQUINE-VIRAL-ARTERITIS	http://puls.cs.helsinki.fi/med#C-DISEASE
S	http://puls.cs.helsinki.fi/med#EQUINE-VIRAL-DISEASE	http://puls.cs.helsinki.fi/med#C-DISEASE
S	http://puls.cs.helsinki.fi/med#ERETMAPODITES-CHRYSOGASTER	http://puls.cs.helsinki.fi/med#C-VECTOR
S	http://puls.cs.helsinki.fi/med#ERHLICHIOSIS	http://puls.cs.helsinki.fi/med#C-DISEASE
S	http://puls.cs.helsinki.fi/med#ERISMA-UNCINATUM	http://puls.cs.helsinki.fi/med#C-DISEASE
S	http://puls.cs.helsinki.fi/med#ERLICHIA-EQUI	http://puls.cs.helsinki.fi/med#C-AGENT
S	http://puls.cs.helsinki.fi/med#ERWINIA	http://puls.cs.helsinki.fi/med#C-AGENT
S	http://puls.cs.helsinki.fi/med#ERWINIA-AMYLOVORA	http://puls.cs.helsinki.fi/med#C-AGENT
S	http://puls.cs.helsinki.fi/med#ERWINIA-PYRIFOLIAE	http://puls.cs.helsinki.fi/med#C-AGENT
S	http://puls.cs.helsinki.fi/med#ERYSIPELAS	http://puls.cs.helsinki.fi/med#C-DISEASE
S	http://puls.cs.helsinki.fi/med#ERYSIPELOTHRIX	http://puls.cs.helsinki.fi/med#C-AGENT
S	http://puls.cs.helsinki.fi/med#ERYSIPELOTHRIX-RHUSIOPATHIAE	http://puls.cs.helsinki.fi/med#C-AGENT
S	http://puls.cs.helsinki.fi/med#ERYSIPHE	http://puls.cs.helsinki.fi/med#C-DISEASE
S	http://puls.cs.helsinki.fi/med#ERYTHEMA	http://puls.cs.helsinki.fi/med#C-SYMPTOM-X
S	http://puls.cs.helsinki.fi/med#ERYTHEMA-INFECTIOSUM	http://puls.cs.helsinki.fi/med#C-DISEASE
S	http://puls.cs.helsinki.fi/med#ESCHERICHIA-COLI-O-111	http://puls.cs.helsinki.fi/med#C-DISEASE
S	http://puls.cs.helsinki.fi/med#EUPHORBIA-CHARACIAS	http://puls.cs.helsinki.fi/med#C-DISEASE
S	http://puls.cs.helsinki.fi/med#EUPHORBIA-HELIOSCOPIA	http://puls.cs.helsinki.fi/med#C-DISEASE
S	http://puls.cs.helsinki.fi/med#EUPHORBIA-TIRUCALLI	http://puls.cs.helsinki.fi/med#C-DISEASE
S	http://puls.cs.helsinki.fi/med#EUROPEAN-BAT-LYSSAVIRUS	http://puls.cs.helsinki.fi/med#C-VIRUS
S	http://puls.cs.helsinki.fi/med#EUSCELIS-LINEOLATUS	http://puls.cs.helsinki.fi/med#C-PLANT
S	http://puls.cs.helsinki.fi/med#EXANTHEM	http://puls.cs.helsinki.fi/med#C-DISEASE
S	http://puls.cs.helsinki.fi/med#EXANTHEM-AND-LYMPHANGITIS	http://puls.cs.helsinki.fi/med#C-DISEASE
S	http://puls.cs.helsinki.fi/med#EXANTHEM-SUBITUM	http://puls.cs.helsinki.fi/med#C-DISEASE
S	http://puls.cs.helsinki.fi/med#EXOTIC-NEWCASTLE-DISEASE	http://puls.cs.helsinki.fi/med#C-DISEASE
S	http://puls.cs.helsinki.fi/med#EXOTIC-ZOONOSIS	http://puls.cs.helsinki.fi/med#C-DISEASE
S	http://puls.cs.helsinki.fi/med#EXSANGINATION	http://puls.cs.helsinki.fi/med#C-DISEASE
S	http://puls.cs.helsinki.fi/med#EXSANGUINATION	http://puls.cs.helsinki.fi/med#C-DISEASE
S	http://puls.cs.helsinki.fi/med#Ecuadoran	http://puls.cs.helsinki.fi/med/concept#Nationality
S	http://puls.cs.helsinki.fi/med#Egyptian	http://puls.cs.helsinki.fi/med/concept#Nationality
S	http://puls.cs.helsinki.fi/med#Eritrean	http://puls.cs.helsinki.fi/med/concept#Nationality
S	http://puls.cs.helsinki.fi/med#Estonian	http://puls.cs.helsinki.fi/med/concept#Nationality
S	http://puls.cs.helsinki.fi/med#Ethiopian	http://puls.cs.helsinki.fi/med/concept#Nationality
S	http://puls.cs.helsinki.fi/med#European	http://puls.cs.helsinki.fi/med/concept#Nationality
S	http://puls.cs.helsinki.fi/med#F-AVENACEUM	http://puls.cs.helsinki.fi/med#C-DISEASE
S	http://puls.cs.helsinki.fi/med#F-CULMORUM	http://puls.cs.helsinki.fi/med#C-DISEASE
S	http://puls.cs.helsinki.fi/med#F-SCHULTZEI	http://puls.cs.helsinki.fi/med#C-PLANT
S	http://puls.cs.helsinki.fi/med#FALSE-SMUT-OF-RICE	http://puls.cs.helsinki.fi/med#C-DISEASE
S	http://puls.cs.helsinki.fi/med#FAMILY-RHABDOVIRIDAE	http://puls.cs.helsinki.fi/med#C-VIRUS
S	http://puls.cs.helsinki.fi/med#FASCIOLA-GIGANTICA	http://puls.cs.helsinki.fi/med#C-PARASITE
S	http://puls.cs.helsinki.fi/med#FASCIOLA-HEPATICA	http://puls.cs.helsinki.fi/med#C-PARASITE
S	http://puls.cs.helsinki.fi/med#FASCIOLIASIS	http://puls.cs.helsinki.fi/med#C-DISEASE
S	http://puls.cs.helsinki.fi/med#FASCIOLOPSIASIS-INFECTION	http://puls.cs.helsinki.fi/med#C-DISEASE
S	http://puls.cs.helsinki.fi/med#FASCIOLOPSIS-BUSKI-INFECTION	http://puls.cs.helsinki.fi/med#C-DISEASE
S	http://puls.cs.helsinki.fi/med#FATAL-LEPTOSPIROSIS	http://puls.cs.helsinki.fi/med#C-DISEASE
S	http://puls.cs.helsinki.fi/med#FEBRILE-ILLNESS	http://puls.cs.helsinki.fi/med#C-DISEASE
S	http://puls.cs.helsinki.fi/med#FELINE-IMMUNODEFICIENCY-VIRUS	http://puls.cs.helsinki.fi/med#C-VIRUS
S	http://puls.cs.helsinki.fi/med#FELINE-INFECTIOUS-ANEMIA	http://puls.cs.helsinki.fi/med#C-DISEASE
S	http://puls.cs.helsinki.fi/med#FELINE-LEUKEMIA	http://puls.cs.helsinki.fi/med#C-DISEASE
S	http://puls.cs.helsinki.fi/med#FELINE-PANLEUKOPENIA-VIRUS	http://puls.cs.helsinki.fi/med#C-VIRUS
S	http://puls.cs.helsinki.fi/med#FELINE-SPONGIFORM-ENCEPHALOPATHY	http://puls.cs.helsinki.fi/med#C-DISEASE
S	http://puls.cs.helsinki.fi/med#FELIS-RUFUS	http://puls.cs.helsinki.fi/med#C-ANIMAL
S	http://puls.cs.helsinki.fi/med#FEVER	http://puls.cs.helsinki.fi/med#C-SYMPTOM-X
S	http://puls.cs.helsinki.fi/med#FHB	http://puls.cs.helsinki.fi/med#C-DISEASE
S	http://puls.cs.helsinki.fi/med#FIBROMATOSIS	http://puls.cs.helsinki.fi/med#C-DISEASE
S	http://puls.cs.helsinki.fi/med#FIBROPAPILLOMA	http://puls.cs.helsinki.fi/med#C-SYMPTOM-X
S	http://puls.cs.helsinki.fi/med#FICUS-CARICA	http://puls.cs.helsinki.fi/med#C-PLANT
S	http://puls.cs.helsinki.fi/med#FIEVRE-TYPHOIDE	http://puls.cs.helsinki.fi/med#C-DISEASE
S	http://puls.cs.helsinki.fi/med#FILARIASIS	http://puls.cs.helsinki.fi/med#C-DISEASE
S	http://puls.cs.helsinki.fi/med#FILARIASIS-ELEPHANTIASIS	http://puls.cs.helsinki.fi/med#C-DISEASE
S	http://puls.cs.helsinki.fi/med#FILOVIRIDAE	http://puls.cs.helsinki.fi/med#C-VIRUS
S	http://puls.cs.helsinki.fi/med#FIRE-BLIGHT	http://puls.cs.helsinki.fi/med#C-DISEASE
S	http://puls.cs.helsinki.fi/med#FISH-VIRUS	http://puls.cs.helsinki.fi/med#C-VIRUS
S	http://puls.cs.helsinki.fi/med#FLACCID-TRUNK-DISEASE	http://puls.cs.helsinki.fi/med#C-DISEASE
S	http://puls.cs.helsinki.fi/med#FLAVIVIRIDAE	http://puls.cs.helsinki.fi/med#C-VIRUS
S	http://puls.cs.helsinki.fi/med#FLAVIVIRUS	http://puls.cs.helsinki.fi/med#C-VIRUS
S	http://puls.cs.helsinki.fi/med#FLAVOBACTERIUM-COLUMNARE	http://puls.cs.helsinki.fi/med#C-AGENT
S	http://puls.cs.helsinki.fi/med#FLAVOBACTERIUM-MENINGOSEPTICUM	http://puls.cs.helsinki.fi/med#C-AGENT
S	http://puls.cs.helsinki.fi/med#FLECKTYPHUS	http://puls.cs.helsinki.fi/med#C-DISEASE
S	http://puls.cs.helsinki.fi/med#FLEXUOSUS	http://puls.cs.helsinki.fi/med#C-PLANT
S	http://puls.cs.helsinki.fi/med#FLOPPY-TRUNK-DISEASE	http://puls.cs.helsinki.fi/med#C-DISEASE
S	http://puls.cs.helsinki.fi/med#FO-COLUMELLA	http://puls.cs.helsinki.fi/med#C-DISEASE
S	http://puls.cs.helsinki.fi/med#FONSECAEA-PEDROSOI	http://puls.cs.helsinki.fi/med#C-DISEASE
S	http://puls.cs.helsinki.fi/med#FOOT-AND-MOUTH-DISEASE	http://puls.cs.helsinki.fi/med#C-DISEASE
S	http://puls.cs.helsinki.fi/med#FOX-RABIES	http://puls.cs.helsinki.fi/med#C-DISEASE
S	http://puls.cs.helsinki.fi/med#FRANCIS-DISEASE	http://puls.cs.helsinki.fi/med#C-DISEASE
S	http://puls.cs.helsinki.fi/med#FRANCISELLA	http://puls.cs.helsinki.fi/med#C-AGENT
S	http://puls.cs.helsinki.fi/med#FRANCISELLA-TULARENSIS	http://puls.cs.helsinki.fi/med#C-AGENT
S	http://puls.cs.helsinki.fi/med#FRANKLINIELLA-OCCIDENTALIS	http://puls.cs.helsinki.fi/med#C-PLANT
S	http://puls.cs.helsinki.fi/med#FRANKLINIELLA-ZUCCHINI	http://puls.cs.helsinki.fi/med#C-VECTOR
S	http://puls.cs.helsinki.fi/med#FUNESTUS	http://puls.cs.helsinki.fi/med#C-VECTOR
S	http://puls.cs.helsinki.fi/med#FUNGAL-BROWN-SPOT-OF-CITRUS	http://puls.cs.helsinki.fi/med#C-DISEASE
S	http://puls.cs.helsinki.fi/med#FUNGICIDE-POISONING	http://puls.cs.helsinki.fi/med#C-DISEASE
S	http://puls.cs.helsinki.fi/med#FUNISCIURUS	http://puls.cs.helsinki.fi/med#C-ANIMAL
S	http://puls.cs.helsinki.fi/med#FURUNCULOSIS	http://puls.cs.helsinki.fi/med#C-DISEASE
S	http://puls.cs.helsinki.fi/med#FUSARIUM	http://puls.cs.helsinki.fi/med#C-FUNGUS
S	http://puls.cs.helsinki.fi/med#FUSARIUM-CIRCINATUM	http://puls.cs.helsinki.fi/med#C-FUNGUS
S	http://puls.cs.helsinki.fi/med#FUSARIUM-GRAMINEARUM	http://puls.cs.helsinki.fi/med#C-FUNGUS
S	http://puls.cs.helsinki.fi/med#FUSARIUM-HEAD-BLIGHT	http://puls.cs.helsinki.fi/med#C-DISEASE
S	http://puls.cs.helsinki.fi/med#FUSARIUM-MONILIFORME	http://puls.cs.helsinki.fi/med#C-FUNGUS
S	http://puls.cs.helsinki.fi/med#FUSARIUM-OXYSPORUM	http://puls.cs.helsinki.fi/med#C-FUNGUS
S	http://puls.cs.helsinki.fi/med#FUSARIUM-OXYSPORUM-CUBENSE	http://puls.cs.helsinki.fi/med#C-FUNGUS
S	http://puls.cs.helsinki.fi/med#FUSARIUM-PROLIFERATUM	http://puls.cs.helsinki.fi/med#C-FUNGUS
S	http://puls.cs.helsinki.fi/med#FUSARIUM-SOLANI	http://puls.cs.helsinki.fi/med#C-FUNGUS
S	http://puls.cs.helsinki.fi/med#FUSARIUM-WILT	http://puls.cs.helsinki.fi/med#C-FUNGUS
S	http://puls.cs.helsinki.fi/med#Faroese	http://puls.cs.helsinki.fi/med/concept#Nationality
S	http://puls.cs.helsinki.fi/med#Fijian	http://puls.cs.helsinki.fi/med/concept#Nationality
S	http://puls.cs.helsinki.fi/med#FilipinoNational	http://puls.cs.helsinki.fi/med/concept#National
S	http://puls.cs.helsinki.fi/med#FinnNational	http://puls.cs.helsinki.fi/med/concept#National
S	http://puls.cs.helsinki.fi/med#Finnish	http://puls.cs.helsinki.fi/med/concept#Nationality
S	http://puls.cs.helsinki.fi/med#French	http://puls.cs.helsinki.fi/med/concept#Nationality
S	http://puls.cs.helsinki.fi/med#G-FUSCIPES	http://puls.cs.helsinki.fi/med#C-VECTOR
S	http://puls.cs.helsinki.fi/med#G-MORSITANS	http://puls.cs.helsinki.fi/med#C-DISEASE
S	http://puls.cs.helsinki.fi/med#G-MORSITANS-UGANDENSIS	http://puls.cs.helsinki.fi/med#C-DISEASE
S	http://puls.cs.helsinki.fi/med#G-PALLIDIPES	http://puls.cs.helsinki.fi/med#C-DISEASE
S	http://puls.cs.helsinki.fi/med#G-SALARIS	http://puls.cs.helsinki.fi/med#C-DISEASE
S	http://puls.cs.helsinki.fi/med#G-SPINIGERUM	http://puls.cs.helsinki.fi/med#C-PLANT
S	http://puls.cs.helsinki.fi/med#G-SWYNNERTONI	http://puls.cs.helsinki.fi/med#C-DISEASE
S	http://puls.cs.helsinki.fi/med#G-VAGINALIS	http://puls.cs.helsinki.fi/med#C-DISEASE
S	http://puls.cs.helsinki.fi/med#GAEUMANNOMYCES-GRAMINIS	http://puls.cs.helsinki.fi/med#C-DISEASE
S	http://puls.cs.helsinki.fi/med#GAMBIERDISCUS-TOXICUS	http://puls.cs.helsinki.fi/med#C-DISEASE
S	http://puls.cs.helsinki.fi/med#GAMBUSIA	http://puls.cs.helsinki.fi/med#C-ANIMAL
S	http://puls.cs.helsinki.fi/med#GAMBUSIA-AFFINIS	http://puls.cs.helsinki.fi/med#C-ANIMAL
S	http://puls.cs.helsinki.fi/med#GAMMAHERPESVIRINAE	http://puls.cs.helsinki.fi/med#C-AGENT
S	http://puls.cs.helsinki.fi/med#GARDNERELLA-VAGINALIS	http://puls.cs.helsinki.fi/med#C-DISEASE
S	http://puls.cs.helsinki.fi/med#GASTRITIS	http://puls.cs.helsinki.fi/med#C-SYMPTOM-DISEASE
S	http://puls.cs.helsinki.fi/med#GASTRITIS	http://puls.cs.helsinki.fi/med#C-SYMPTOM-X
S	http://puls.cs.helsinki.fi/med#GASTROENTERITIS	http://puls.cs.helsinki.fi/med#C-SYMPTOM-DISEASE
S	http://puls.cs.helsinki.fi/med#GASTROENTERITIS	http://puls.cs.helsinki.fi/med#C-SYMPTOM-X
S	http://puls.cs.helsinki.fi/med#GASTROINTESTINAL-BASIDIOBOLOMYCOSIS	http://puls.cs.helsinki.fi/med#C-DISEASE
S	http://puls.cs.helsinki.fi/med#GENITAL-CANDIDIASIS	http://puls.cs.helsinki.fi/med#C-DISEASE
S	http://puls.cs.helsinki.fi/med#GEOTHLYPIS-TRICHAS	http://puls.cs.helsinki.fi/med#C-DISEASE
S	http://puls.cs.helsinki.fi/med#GIARDIA	http://puls.cs.helsinki.fi/med#C-PARASITE
S	http://puls.cs.helsinki.fi/med#GIARDIA-CYSTS	http://puls.cs.helsinki.fi/med#C-PARASITE
S	http://puls.cs.helsinki.fi/med#GIARDIA-INTESTINALIS	http://puls.cs.helsinki.fi/med#C-PARASITE
S	http://puls.cs.helsinki.fi/med#GIARDIA-LAMBLIA	http://puls.cs.helsinki.fi/med#C-PARASITE
S	http://puls.cs.helsinki.fi/med#GIARDIASIS	http://puls.cs.helsinki.fi/med#C-DISEASE
S	http://puls.cs.helsinki.fi/med#GLANDERS	http://puls.cs.helsinki.fi/med#C-DISEASE
S	http://puls.cs.helsinki.fi/med#GLAREOLUS	http://puls.cs.helsinki.fi/med#C-VECTOR
S	http://puls.cs.helsinki.fi/med#GLOBICEPHALA-MELAS	http://puls.cs.helsinki.fi/med#C-ANIMAL
S	http://puls.cs.helsinki.fi/med#GLOMERELLA-GOSSYPII	http://puls.cs.helsinki.fi/med#C-AGENT
S	http://puls.cs.helsinki.fi/med#GLOSSINA	http://puls.cs.helsinki.fi/med#C-VECTOR
S	http://puls.cs.helsinki.fi/med#GLOSSINA-FUSCIPES	http://puls.cs.helsinki.fi/med#C-VECTOR
S	http://puls.cs.helsinki.fi/med#GLOSSINA-FUSCIPES	http://puls.cs.helsinki.fi/med#GLOSSINA
S	http://puls.cs.helsinki.fi/med#GLOSSINA-PALLIDIPES	http://puls.cs.helsinki.fi/med#C-VECTOR
S	http://puls.cs.helsinki.fi/med#GLOSSINA-PALLIDIPES	http://puls.cs.helsinki.fi/med#GLOSSINA
S	http://puls.cs.helsinki.fi/med#GLOSSINA-TACHINOIDES	http://puls.cs.helsinki.fi/med#C-VECTOR
S	http://puls.cs.helsinki.fi/med#GLOSSINA-TACHINOIDES	http://puls.cs.helsinki.fi/med#GLOSSINA
S	http://puls.cs.helsinki.fi/med#GLOSSINIA	http://puls.cs.helsinki.fi/med#C-DISEASE
S	http://puls.cs.helsinki.fi/med#GLYCINE	http://puls.cs.helsinki.fi/med#C-PLANT
S	http://puls.cs.helsinki.fi/med#GLYCINES	http://puls.cs.helsinki.fi/med#C-FUNGUS
S	http://puls.cs.helsinki.fi/med#GNATHOSTOMA	http://puls.cs.helsinki.fi/med#C-PARASITE
S	http://puls.cs.helsinki.fi/med#GNATHOSTOMIASIS	http://puls.cs.helsinki.fi/med#C-DISEASE
S	http://puls.cs.helsinki.fi/med#GONATOCERUS-TRIGUTTATUS	http://puls.cs.helsinki.fi/med#C-ANIMAL
S	http://puls.cs.helsinki.fi/med#GONOCOCCAL-CONJUNCTIVITIS	http://puls.cs.helsinki.fi/med#C-DISEASE
S	http://puls.cs.helsinki.fi/med#GONORRHEA	http://puls.cs.helsinki.fi/med#C-DISEASE
S	http://puls.cs.helsinki.fi/med#GOPHERUS-AGASSIZII	http://puls.cs.helsinki.fi/med#C-ANIMAL
S	http://puls.cs.helsinki.fi/med#GRAPE-DISEASE	http://puls.cs.helsinki.fi/med#C-DISEASE
S	http://puls.cs.helsinki.fi/med#GRAPEVINE-B-VIRUS	http://puls.cs.helsinki.fi/med#C-VIRUS
S	http://puls.cs.helsinki.fi/med#GRAPEVINE-BOIS-NOIR-EPIDEMIOLOGY	http://puls.cs.helsinki.fi/med#C-DISEASE
S	http://puls.cs.helsinki.fi/med#GRAPEVINE-FLAVESCENCE-DOREE-PHYTOPLASMA	http://puls.cs.helsinki.fi/med#C-DISEASE
S	http://puls.cs.helsinki.fi/med#GRAPEVINE-YELLOWS	http://puls.cs.helsinki.fi/med#C-DISEASE
S	http://puls.cs.helsinki.fi/med#GRAPHOCEPHALA-ATROPUCTATA	http://puls.cs.helsinki.fi/med#C-DISEASE
S	http://puls.cs.helsinki.fi/med#GREY-LEAF-SPOT	http://puls.cs.helsinki.fi/med#C-DISEASE
S	http://puls.cs.helsinki.fi/med#GRIPPOTYPHOSA	http://puls.cs.helsinki.fi/med#C-AGENT
S	http://puls.cs.helsinki.fi/med#GROUP-A-MENINGOCOCCAL	http://puls.cs.helsinki.fi/med#C-DISEASE
S	http://puls.cs.helsinki.fi/med#GROUP-C-MENINGOCOCCAL-DISEASE	http://puls.cs.helsinki.fi/med#C-DISEASE
S	http://puls.cs.helsinki.fi/med#GUANARITO-VIRUS	http://puls.cs.helsinki.fi/med#ARENAVIRUS
S	http://puls.cs.helsinki.fi/med#GUANARITO-VIRUS	http://puls.cs.helsinki.fi/med#C-VIRUS
S	http://puls.cs.helsinki.fi/med#GUIGNARDIA-CITRICARPA	http://puls.cs.helsinki.fi/med#C-AGENT
S	http://puls.cs.helsinki.fi/med#GUILLAIN-BARRE-SYNDROME	http://puls.cs.helsinki.fi/med#C-DISEASE
S	http://puls.cs.helsinki.fi/med#GUINEA-WORM-DISEASE	http://puls.cs.helsinki.fi/med#C-DISEASE
S	http://puls.cs.helsinki.fi/med#GULF-WAR-SYNDROME	http://puls.cs.helsinki.fi/med#C-DISEASE
S	http://puls.cs.helsinki.fi/med#GYMNODINIUM	http://puls.cs.helsinki.fi/med#C-AGENT
S	http://puls.cs.helsinki.fi/med#GYMNODINIUM-BREVE	http://puls.cs.helsinki.fi/med#C-AGENT
S	http://puls.cs.helsinki.fi/med#GYPS	http://puls.cs.helsinki.fi/med#C-ANIMAL
S	http://puls.cs.helsinki.fi/med#GYRODACTYLUS-SALARIS	http://puls.cs.helsinki.fi/med#C-DISEASE
S	http://puls.cs.helsinki.fi/med#GYRODINIUM-AUREOLUM	http://puls.cs.helsinki.fi/med#C-DISEASE
S	http://puls.cs.helsinki.fi/med#Gambian	http://puls.cs.helsinki.fi/med/concept#Nationality
S	http://puls.cs.helsinki.fi/med#Georgian	http://puls.cs.helsinki.fi/med/concept#Nationality
S	http://puls.cs.helsinki.fi/med#German	http://puls.cs.helsinki.fi/med/concept#Nationality
S	http://puls.cs.helsinki.fi/med#Ghanaian	http://puls.cs.helsinki.fi/med/concept#Nationality
S	http://puls.cs.helsinki.fi/med#Greek	http://puls.cs.helsinki.fi/med/concept#Nationality
S	http://puls.cs.helsinki.fi/med#GreenlanderNational	http://puls.cs.helsinki.fi/med/concept#National
S	http://puls.cs.helsinki.fi/med#Greenlandic	http://puls.cs.helsinki.fi/med/concept#Nationality
S	http://puls.cs.helsinki.fi/med#Grenadian	http://puls.cs.helsinki.fi/med/concept#Nationality
S	http://puls.cs.helsinki.fi/med#Guamian	http://puls.cs.helsinki.fi/med/concept#Nationality
S	http://puls.cs.helsinki.fi/med#Guatemalan	http://puls.cs.helsinki.fi/med/concept#Nationality
S	http://puls.cs.helsinki.fi/med#Guinean	http://puls.cs.helsinki.fi/med/concept#Nationality
S	http://puls.cs.helsinki.fi/med#Guyanese	http://puls.cs.helsinki.fi/med/concept#Nationality
S	http://puls.cs.helsinki.fi/med#H-ANATOLICUM	http://puls.cs.helsinki.fi/med#C-VECTOR
S	http://puls.cs.helsinki.fi/med#H-BISPINOSA	http://puls.cs.helsinki.fi/med#C-DISEASE
S	http://puls.cs.helsinki.fi/med#H-EXCAVATUM	http://puls.cs.helsinki.fi/med#C-VECTOR
S	http://puls.cs.helsinki.fi/med#H-HEILMANII	http://puls.cs.helsinki.fi/med#C-AGENT
S	http://puls.cs.helsinki.fi/med#H-HEILMANNI	http://puls.cs.helsinki.fi/med#C-AGENT
S	http://puls.cs.helsinki.fi/med#H-JANTHINOMYS	http://puls.cs.helsinki.fi/med#C-VECTOR
S	http://puls.cs.helsinki.fi/med#H-KASANURENSIS	http://puls.cs.helsinki.fi/med#C-DISEASE
S	http://puls.cs.helsinki.fi/med#H-LEPORINUM	http://puls.cs.helsinki.fi/med#C-DISEASE
S	http://puls.cs.helsinki.fi/med#H-MINUTA	http://puls.cs.helsinki.fi/med#C-DISEASE
S	http://puls.cs.helsinki.fi/med#H-OBSOLETUS	http://puls.cs.helsinki.fi/med#C-VECTOR
S	http://puls.cs.helsinki.fi/med#H-PAPUANA	http://puls.cs.helsinki.fi/med#C-VECTOR
S	http://puls.cs.helsinki.fi/med#H-PAPUANA-KINNEARI	http://puls.cs.helsinki.fi/med#C-VECTOR
S	http://puls.cs.helsinki.fi/med#H-PYLORI-INFECTION	http://puls.cs.helsinki.fi/med#C-DISEASE
S	http://puls.cs.helsinki.fi/med#H-SALOMONIS	http://puls.cs.helsinki.fi/med#C-DISEASE
S	http://puls.cs.helsinki.fi/med#H-TURTURIS	http://puls.cs.helsinki.fi/med#C-VECTOR
S	http://puls.cs.helsinki.fi/med#H-WELLINGTONI	http://puls.cs.helsinki.fi/med#C-DISEASE
S	http://puls.cs.helsinki.fi/med#HAEMAGOGUS	http://puls.cs.helsinki.fi/med#C-VECTOR
S	http://puls.cs.helsinki.fi/med#HAEMAGOGUS-JANTHINOMYS	http://puls.cs.helsinki.fi/med#C-VECTOR
S	http://puls.cs.helsinki.fi/med#HAEMAGOGUS-SPEGAZZINII	http://puls.cs.helsinki.fi/med#C-VECTOR
S	http://puls.cs.helsinki.fi/med#HAEMAPHYSALIS	http://puls.cs.helsinki.fi/med#C-VECTOR
S	http://puls.cs.helsinki.fi/med#HAEMAPHYSALIS-CONCINNA	http://puls.cs.helsinki.fi/med#C-VECTOR
S	http://puls.cs.helsinki.fi/med#HAEMAPHYSALIS-LEPORISPALUSTRIS	http://puls.cs.helsinki.fi/med#C-VECTOR
S	http://puls.cs.helsinki.fi/med#HAEMATOPINUS-SUIS	http://puls.cs.helsinki.fi/med#C-DISEASE
S	http://puls.cs.helsinki.fi/med#HAEMATOPOTA-PLUVIALIS	http://puls.cs.helsinki.fi/med#C-DISEASE
S	http://puls.cs.helsinki.fi/med#HAEMOBARTENELLA-FELIS	http://puls.cs.helsinki.fi/med#C-PARASITE
S	http://puls.cs.helsinki.fi/med#HAEMOPHILUS	http://puls.cs.helsinki.fi/med#C-AGENT
S	http://puls.cs.helsinki.fi/med#HAEMOPHILUS-DUCREYI	http://puls.cs.helsinki.fi/med#C-AGENT
S	http://puls.cs.helsinki.fi/med#HAEMOPHILUS-INFLUENZAE	http://puls.cs.helsinki.fi/med#C-AGENT
S	http://puls.cs.helsinki.fi/med#HAEMOPHILUS-INFLUENZAE-TYPE-B	http://puls.cs.helsinki.fi/med#C-DISEASE
S	http://puls.cs.helsinki.fi/med#HAEMOPHILUS-SOMNUS	http://puls.cs.helsinki.fi/med#C-AGENT
S	http://puls.cs.helsinki.fi/med#HAEMOPHYSALIS-LEPORISPALUSTRIS	http://puls.cs.helsinki.fi/med#C-VECTOR
S	http://puls.cs.helsinki.fi/med#HAFF-DISEASE	http://puls.cs.helsinki.fi/med#C-DISEASE
S	http://puls.cs.helsinki.fi/med#HALOCYNTHIA-RORENTZI	http://puls.cs.helsinki.fi/med#C-DISEASE
S	http://puls.cs.helsinki.fi/med#HAMBURGER-GILL-DISEASE	http://puls.cs.helsinki.fi/med#C-DISEASE
S	http://puls.cs.helsinki.fi/med#HAND-FOOT-AND-MOUTH-DISEASE	http://puls.cs.helsinki.fi/med#C-DISEASE
S	http://puls.cs.helsinki.fi/med#HANSEN-S-DISEASE	http://puls.cs.helsinki.fi/med#C-DISEASE
S	http://puls.cs.helsinki.fi/med#HANTAVIRUS	http://puls.cs.helsinki.fi/med#C-VIRUS
S	http://puls.cs.helsinki.fi/med#HANTAVIRUS-PULMONARY-SYNDROME	http://puls.cs.helsinki.fi/med#C-DISEASE
S	http://puls.cs.helsinki.fi/med#HAPLOSPORIDIA	http://puls.cs.helsinki.fi/med#C-AGENT
S	http://puls.cs.helsinki.fi/med#HARDJO	http://puls.cs.helsinki.fi/med#C-AGENT
S	http://puls.cs.helsinki.fi/med#HARMONIA-AXYRIDIS	http://puls.cs.helsinki.fi/med#C-DISEASE
S	http://puls.cs.helsinki.fi/med#HELICOBACTER	http://puls.cs.helsinki.fi/med#C-AGENT
S	http://puls.cs.helsinki.fi/med#HELICOBACTER-HEILMANNII	http://puls.cs.helsinki.fi/med#C-AGENT
S	http://puls.cs.helsinki.fi/med#HELICOBACTER-PYLORI	http://puls.cs.helsinki.fi/med#C-AGENT
S	http://puls.cs.helsinki.fi/med#HELMINTHOSPORIUM-SOLANI	http://puls.cs.helsinki.fi/med#C-AGENT
S	http://puls.cs.helsinki.fi/med#HEMATOLOGIC-DISEASES	http://puls.cs.helsinki.fi/med#C-DISEASE
S	http://puls.cs.helsinki.fi/med#HEMOLYTIC-URAEMIC-SYNDROME	http://puls.cs.helsinki.fi/med#C-DISEASE
S	http://puls.cs.helsinki.fi/med#HEMOPHILUS	http://puls.cs.helsinki.fi/med#C-AGENT
S	http://puls.cs.helsinki.fi/med#HEMOPHILUS-INFLUENZAE	http://puls.cs.helsinki.fi/med#C-AGENT
S	http://puls.cs.helsinki.fi/med#HEMORRHAGIC-CONJUNCTIVITIS	http://puls.cs.helsinki.fi/med#C-DISEASE
S	http://puls.cs.helsinki.fi/med#HEMORRHAGIC-DIARRHEA	http://puls.cs.helsinki.fi/med#C-DISEASE
S	http://puls.cs.helsinki.fi/med#HEMORRHAGIC-FEVER	http://puls.cs.helsinki.fi/med#C-SYMPTOM-DISEASE
S	http://puls.cs.helsinki.fi/med#HEMORRHAGIC-KIDNEY-SYNDROME	http://puls.cs.helsinki.fi/med#C-DISEASE
S	http://puls.cs.helsinki.fi/med#HEMORRHAGIC-LUNG-DISEASE	http://puls.cs.helsinki.fi/med#C-DISEASE
S	http://puls.cs.helsinki.fi/med#HEMORRHAGIC-SEPTICEMIA	http://puls.cs.helsinki.fi/med#C-DISEASE
S	http://puls.cs.helsinki.fi/med#HEMORRHAGIC-SYNDROME	http://puls.cs.helsinki.fi/med#C-DISEASE
S	http://puls.cs.helsinki.fi/med#HENDRA-VIRUS	http://puls.cs.helsinki.fi/med#C-VIRUS
S	http://puls.cs.helsinki.fi/med#HENDRA-VIRUS-INFECTION	http://puls.cs.helsinki.fi/med#C-VIRUS
S	http://puls.cs.helsinki.fi/med#HENNEGUYA	http://puls.cs.helsinki.fi/med#C-PARASITE
S	http://puls.cs.helsinki.fi/med#HEPACIVIRUS	http://puls.cs.helsinki.fi/med#C-VIRUS
S	http://puls.cs.helsinki.fi/med#HEPATITIS	http://puls.cs.helsinki.fi/med#C-DISEASE
S	http://puls.cs.helsinki.fi/med#HEPATITIS-A	http://puls.cs.helsinki.fi/med#C-DISEASE
S	http://puls.cs.helsinki.fi/med#HEPATITIS-A	http://puls.cs.helsinki.fi/med#HEPATITIS
S	http://puls.cs.helsinki.fi/med#HEPATITIS-B	http://puls.cs.helsinki.fi/med#C-DISEASE
S	http://puls.cs.helsinki.fi/med#HEPATITIS-B	http://puls.cs.helsinki.fi/med#HEPATITIS
S	http://puls.cs.helsinki.fi/med#HEPATITIS-C	http://puls.cs.helsinki.fi/med#C-DISEASE
S	http://puls.cs.helsinki.fi/med#HEPATITIS-C	http://puls.cs.helsinki.fi/med#HEPATITIS
S	http://puls.cs.helsinki.fi/med#HEPATITIS-D	http://puls.cs.helsinki.fi/med#C-DISEASE
S	http://puls.cs.helsinki.fi/med#HEPATITIS-D	http://puls.cs.helsinki.fi/med#HEPATITIS
S	http://puls.cs.helsinki.fi/med#HEPATITIS-E	http://puls.cs.helsinki.fi/med#C-DISEASE
S	http://puls.cs.helsinki.fi/med#HEPATITIS-E	http://puls.cs.helsinki.fi/med#HEPATITIS
S	http://puls.cs.helsinki.fi/med#HEPATITIS-F	http://puls.cs.helsinki.fi/med#C-DISEASE
S	http://puls.cs.helsinki.fi/med#HEPATITIS-F	http://puls.cs.helsinki.fi/med#HEPATITIS
S	http://puls.cs.helsinki.fi/med#HEPATITIS-G	http://puls.cs.helsinki.fi/med#C-DISEASE
S	http://puls.cs.helsinki.fi/med#HEPATITIS-G	http://puls.cs.helsinki.fi/med#HEPATITIS
S	http://puls.cs.helsinki.fi/med#HEPATITIS-GB	http://puls.cs.helsinki.fi/med#C-DISEASE
S	http://puls.cs.helsinki.fi/med#HEPATITIS-GB	http://puls.cs.helsinki.fi/med#HEPATITIS
S	http://puls.cs.helsinki.fi/med#HEPATOVIRUS	http://puls.cs.helsinki.fi/med#C-VIRUS
S	http://puls.cs.helsinki.fi/med#HERPES	http://puls.cs.helsinki.fi/med#C-DISEASE
S	http://puls.cs.helsinki.fi/med#HERPES-B-VIRUS	http://puls.cs.helsinki.fi/med#C-VIRUS
S	http://puls.cs.helsinki.fi/med#HERPES-GLADIATORIUM	http://puls.cs.helsinki.fi/med#C-DISEASE
S	http://puls.cs.helsinki.fi/med#HERPES-SIMPLEX	http://puls.cs.helsinki.fi/med#C-DISEASE
S	http://puls.cs.helsinki.fi/med#HERPES-SIMPLEX-TYPE-1	http://puls.cs.helsinki.fi/med#C-DISEASE
S	http://puls.cs.helsinki.fi/med#HERPES-ZOSTER-OPHTHALMICUS	http://puls.cs.helsinki.fi/med#C-DISEASE
S	http://puls.cs.helsinki.fi/med#HERPESVIRIDAE	http://puls.cs.helsinki.fi/med#C-VIRUS
S	http://puls.cs.helsinki.fi/med#HERPESVIRUS-SIMIAE	http://puls.cs.helsinki.fi/med#C-VIRUS
S	http://puls.cs.helsinki.fi/med#HETEROCAPSA-CIRCULARISQUAMA	http://puls.cs.helsinki.fi/med#C-PLANT
S	http://puls.cs.helsinki.fi/med#HETEROCHEILUS	http://puls.cs.helsinki.fi/med#C-PARASITE
S	http://puls.cs.helsinki.fi/med#HETEROPHYIASIS	http://puls.cs.helsinki.fi/med#C-DISEASE
S	http://puls.cs.helsinki.fi/med#HETEROSIGMA	http://puls.cs.helsinki.fi/med#C-DISEASE
S	http://puls.cs.helsinki.fi/med#HETERSPORIS	http://puls.cs.helsinki.fi/med#C-PARASITE
S	http://puls.cs.helsinki.fi/med#HFRS	http://puls.cs.helsinki.fi/med#C-DISEASE
S	http://puls.cs.helsinki.fi/med#HG-SLMACULATUS	http://puls.cs.helsinki.fi/med#C-DISEASE
S	http://puls.cs.helsinki.fi/med#HIB-DISEASE	http://puls.cs.helsinki.fi/med#C-DISEASE
S	http://puls.cs.helsinki.fi/med#HIGH-PLAINS-DISEASE	http://puls.cs.helsinki.fi/med#C-DISEASE
S	http://puls.cs.helsinki.fi/med#HISTOPLASMA	http://puls.cs.helsinki.fi/med#C-FUNGUS
S	http://puls.cs.helsinki.fi/med#HISTOPLASMA-CAPSULATUM	http://puls.cs.helsinki.fi/med#C-FUNGUS
S	http://puls.cs.helsinki.fi/med#HISTOPLASMA-CAPSULATUM-VAR-DUBOISII	http://puls.cs.helsinki.fi/med#C-FUNGUS
S	http://puls.cs.helsinki.fi/med#HISTOPLASMOSIS	http://puls.cs.helsinki.fi/med#C-DISEASE
S	http://puls.cs.helsinki.fi/med#HOG-CHOLERA	http://puls.cs.helsinki.fi/med#C-DISEASE
S	http://puls.cs.helsinki.fi/med#HOMALODISCA-COAGULATA	http://puls.cs.helsinki.fi/med#C-VECTOR
S	http://puls.cs.helsinki.fi/med#HOMALODISCA-LACERTA	http://puls.cs.helsinki.fi/med#C-VECTOR
S	http://puls.cs.helsinki.fi/med#HOMOPTERA	http://puls.cs.helsinki.fi/med#C-VECTOR
S	http://puls.cs.helsinki.fi/med#HOOKWORM-INFECTION	http://puls.cs.helsinki.fi/med#C-DISEASE
S	http://puls.cs.helsinki.fi/med#HORDEI	http://puls.cs.helsinki.fi/med#C-FUNGUS
S	http://puls.cs.helsinki.fi/med#HORTENSIA-SIMILIS	http://puls.cs.helsinki.fi/med#C-PLANT
S	http://puls.cs.helsinki.fi/med#HPIV-INFECTION	http://puls.cs.helsinki.fi/med#C-DISEASE
S	http://puls.cs.helsinki.fi/med#HUMAN-ALVEOLAR-ECHINOCOCCOSIS	http://puls.cs.helsinki.fi/med#C-DISEASE
S	http://puls.cs.helsinki.fi/med#HUMAN-ANTHRAX	http://puls.cs.helsinki.fi/med#ANTHRAX
S	http://puls.cs.helsinki.fi/med#HUMAN-ANTHRAX	http://puls.cs.helsinki.fi/med#C-DISEASE
S	http://puls.cs.helsinki.fi/med#HUMAN-ECHOVIRUS	http://puls.cs.helsinki.fi/med#C-VIRUS
S	http://puls.cs.helsinki.fi/med#HUMAN-EHRLICHIOSIS	http://puls.cs.helsinki.fi/med#C-DISEASE
S	http://puls.cs.helsinki.fi/med#HUMAN-GRANULOCYTIC-EHRLICHIOSIS	http://puls.cs.helsinki.fi/med#C-DISEASE
S	http://puls.cs.helsinki.fi/med#HUMAN-HERPESVIRUS-6-INFECTION	http://puls.cs.helsinki.fi/med#C-VIRUS
S	http://puls.cs.helsinki.fi/med#HUMAN-MONKEYPOX	http://puls.cs.helsinki.fi/med#C-DISEASE
S	http://puls.cs.helsinki.fi/med#HUMAN-PAPILLOMA-VIRUS	http://puls.cs.helsinki.fi/med#C-VIRUS
S	http://puls.cs.helsinki.fi/med#HUMAN-PLAGUE	http://puls.cs.helsinki.fi/med#C-DISEASE
S	http://puls.cs.helsinki.fi/med#HUMAN-RABIES	http://puls.cs.helsinki.fi/med#C-DISEASE
S	http://puls.cs.helsinki.fi/med#HUMAN-TRICHINELLOSIS	http://puls.cs.helsinki.fi/med#C-DISEASE
S	http://puls.cs.helsinki.fi/med#HUMAN-VISCERAL-LEISHMANIASIS	http://puls.cs.helsinki.fi/med#C-DISEASE
S	http://puls.cs.helsinki.fi/med#HYALESTHES	http://puls.cs.helsinki.fi/med#C-VECTOR
S	http://puls.cs.helsinki.fi/med#HYALESTHES-OBSOLETUS	http://puls.cs.helsinki.fi/med#C-VECTOR
S	http://puls.cs.helsinki.fi/med#HYALOMMA	http://puls.cs.helsinki.fi/med#C-VECTOR
S	http://puls.cs.helsinki.fi/med#HYALOMMA-IMPELTATUM	http://puls.cs.helsinki.fi/med#C-VECTOR
S	http://puls.cs.helsinki.fi/med#HYALOMMA-MARGINATUM	http://puls.cs.helsinki.fi/med#C-VECTOR
S	http://puls.cs.helsinki.fi/med#HYDATID-CYST	http://puls.cs.helsinki.fi/med#C-SYMPTOM-X
S	http://puls.cs.helsinki.fi/med#HYDROPHOBIA	http://puls.cs.helsinki.fi/med#C-SYMPTOM-X
S	http://puls.cs.helsinki.fi/med#HYLA-CINEREA	http://puls.cs.helsinki.fi/med#C-ANIMAL
S	http://puls.cs.helsinki.fi/med#HYMENOLEPIASIS	http://puls.cs.helsinki.fi/med#C-DISEASE
S	http://puls.cs.helsinki.fi/med#Haitian	http://puls.cs.helsinki.fi/med/concept#Nationality
S	http://puls.cs.helsinki.fi/med#Honduran	http://puls.cs.helsinki.fi/med/concept#Nationality
S	http://puls.cs.helsinki.fi/med#Hungarian	http://puls.cs.helsinki.fi/med/concept#Nationality
S	http://puls.cs.helsinki.fi/med#I-SPINPALIS	http://puls.cs.helsinki.fi/med#C-DISEASE
S	http://puls.cs.helsinki.fi/med#I-TRIANGULICEPS	http://puls.cs.helsinki.fi/med#C-DISEASE
S	http://puls.cs.helsinki.fi/med#ICTERO	http://puls.cs.helsinki.fi/med#C-AGENT
S	http://puls.cs.helsinki.fi/med#ICTEROHAEMORRAGHIAE	http://puls.cs.helsinki.fi/med#C-AGENT
S	http://puls.cs.helsinki.fi/med#ICTEROHAEMORRHAGIAE	http://puls.cs.helsinki.fi/med#C-AGENT
S	http://puls.cs.helsinki.fi/med#ICTEROHEMORRHAGIAE	http://puls.cs.helsinki.fi/med#C-AGENT
S	http://puls.cs.helsinki.fi/med#IMPATIENS-NECROTIC-SPOT-TOSPOVIRUS	http://puls.cs.helsinki.fi/med#C-VIRUS
S	http://puls.cs.helsinki.fi/med#INDIGOFERA-SPICATA	http://puls.cs.helsinki.fi/med#C-DISEASE
S	http://puls.cs.helsinki.fi/med#INFANTUM	http://puls.cs.helsinki.fi/med#C-AGENT
S	http://puls.cs.helsinki.fi/med#INFECTIOUS-BURSAL-DISEASE	http://puls.cs.helsinki.fi/med#C-DISEASE
S	http://puls.cs.helsinki.fi/med#INFECTIOUS-HEMATOPOIETIC-NECROSIS	http://puls.cs.helsinki.fi/med#C-DISEASE
S	http://puls.cs.helsinki.fi/med#INFECTIOUS-LARYNGOTRACHEITIS	http://puls.cs.helsinki.fi/med#C-DISEASE
S	http://puls.cs.helsinki.fi/med#INFECTIOUS-MONONUCLEOSIS	http://puls.cs.helsinki.fi/med#C-DISEASE
S	http://puls.cs.helsinki.fi/med#INFECTIOUS-PANCREATIC-NECROSIS	http://puls.cs.helsinki.fi/med#C-DISEASE
S	http://puls.cs.helsinki.fi/med#INFECTIOUS-SALMON-ANEMIA	http://puls.cs.helsinki.fi/med#C-DISEASE
S	http://puls.cs.helsinki.fi/med#INFLAMMATORY-BOWEL-DISEASE	http://puls.cs.helsinki.fi/med#C-NON-INFECTIOUS-DISEASE
S	http://puls.cs.helsinki.fi/med#INFLUENZA	http://puls.cs.helsinki.fi/med#C-DISEASE
S	http://puls.cs.helsinki.fi/med#INFLUENZAVIRUS-A	http://puls.cs.helsinki.fi/med#C-VIRUS
S	http://puls.cs.helsinki.fi/med#INFLUENZAVIRUS-B	http://puls.cs.helsinki.fi/med#C-VIRUS
S	http://puls.cs.helsinki.fi/med#INTESTINAL-ROUNDWORM-INFECTION	http://puls.cs.helsinki.fi/med#C-DISEASE
S	http://puls.cs.helsinki.fi/med#INVASIVE-GAS-INFECTION	http://puls.cs.helsinki.fi/med#C-DISEASE
S	http://puls.cs.helsinki.fi/med#INVASIVE-MENINGOCOCCAL-DISEASE	http://puls.cs.helsinki.fi/med#C-DISEASE
S	http://puls.cs.helsinki.fi/med#IODAMOEBA-BUETSCHLII-INFECTION	http://puls.cs.helsinki.fi/med#C-DISEASE
S	http://puls.cs.helsinki.fi/med#IRIS-HOLLANDICA	http://puls.cs.helsinki.fi/med#C-PLANT
S	http://puls.cs.helsinki.fi/med#IRIS-YELLOW-SPOT-TOSPOVIRUS	http://puls.cs.helsinki.fi/med#C-VIRUS
S	http://puls.cs.helsinki.fi/med#ISCHAEMUM-PILOSUM	http://puls.cs.helsinki.fi/med#C-DISEASE
S	http://puls.cs.helsinki.fi/med#ISOSPORIASIS	http://puls.cs.helsinki.fi/med#C-DISEASE
S	http://puls.cs.helsinki.fi/med#IXODES	http://puls.cs.helsinki.fi/med#C-VECTOR
S	http://puls.cs.helsinki.fi/med#IXODES-ANGUSTUS	http://puls.cs.helsinki.fi/med#C-VECTOR
S	http://puls.cs.helsinki.fi/med#IXODES-DAMMINI	http://puls.cs.helsinki.fi/med#C-VECTOR
S	http://puls.cs.helsinki.fi/med#IXODES-HEXAGONUS	http://puls.cs.helsinki.fi/med#C-VECTOR
S	http://puls.cs.helsinki.fi/med#IXODES-MARGINATUS	http://puls.cs.helsinki.fi/med#C-VECTOR
S	http://puls.cs.helsinki.fi/med#IXODES-NEOTOMAE	http://puls.cs.helsinki.fi/med#C-VECTOR
S	http://puls.cs.helsinki.fi/med#IXODES-PACIFICUS	http://puls.cs.helsinki.fi/med#C-VECTOR
S	http://puls.cs.helsinki.fi/med#IXODES-PERSULCATUS	http://puls.cs.helsinki.fi/med#C-VECTOR
S	http://puls.cs.helsinki.fi/med#IXODES-RICINUS	http://puls.cs.helsinki.fi/med#C-VECTOR
S	http://puls.cs.helsinki.fi/med#IXODES-SCAPULARIS	http://puls.cs.helsinki.fi/med#C-VECTOR
S	http://puls.cs.helsinki.fi/med#IXOIDES-EUDYPTITUS	http://puls.cs.helsinki.fi/med#C-DISEASE
S	http://puls.cs.helsinki.fi/med#IcelanderNational	http://puls.cs.helsinki.fi/med/concept#National
S	http://puls.cs.helsinki.fi/med#Icelandic	http://puls.cs.helsinki.fi/med/concept#Nationality
S	http://puls.cs.helsinki.fi/med#Indian	http://puls.cs.helsinki.fi/med/concept#Nationality
S	http://puls.cs.helsinki.fi/med#Indonesian	http://puls.cs.helsinki.fi/med/concept#Nationality
S	http://puls.cs.helsinki.fi/med#Iranian	http://puls.cs.helsinki.fi/med/concept#Nationality
S	http://puls.cs.helsinki.fi/med#Iraqi	http://puls.cs.helsinki.fi/med/concept#Nationality
S	http://puls.cs.helsinki.fi/med#Irish	http://puls.cs.helsinki.fi/med/concept#Nationality
S	http://puls.cs.helsinki.fi/med#Israeli	http://puls.cs.helsinki.fi/med/concept#Nationality
S	http://puls.cs.helsinki.fi/med#Italian	http://puls.cs.helsinki.fi/med/concept#Nationality
S	http://puls.cs.helsinki.fi/med#Ivorian	http://puls.cs.helsinki.fi/med/concept#Nationality
S	http://puls.cs.helsinki.fi/med#JAMESTOWN-CANYON	http://puls.cs.helsinki.fi/med#C-AGENT
S	http://puls.cs.helsinki.fi/med#JAPANESE-ENCEPHALITIS	http://puls.cs.helsinki.fi/med#C-DISEASE
S	http://puls.cs.helsinki.fi/med#JAUNDICE	http://puls.cs.helsinki.fi/med#C-SYMPTOM-X
S	http://puls.cs.helsinki.fi/med#JAVANICA	http://puls.cs.helsinki.fi/med#C-AGENT
S	http://puls.cs.helsinki.fi/med#JOHNES-DISEASE	http://puls.cs.helsinki.fi/med#C-DISEASE
S	http://puls.cs.helsinki.fi/med#JUNGLE-YELLOW-FEVER	http://puls.cs.helsinki.fi/med#C-DISEASE
S	http://puls.cs.helsinki.fi/med#Jamaican	http://puls.cs.helsinki.fi/med/concept#Nationality
S	http://puls.cs.helsinki.fi/med#Japanese	http://puls.cs.helsinki.fi/med/concept#Nationality
S	http://puls.cs.helsinki.fi/med#Jordanian	http://puls.cs.helsinki.fi/med/concept#Nationality
S	http://puls.cs.helsinki.fi/med#K-OXYTOCA	http://puls.cs.helsinki.fi/med#C-DISEASE
S	http://puls.cs.helsinki.fi/med#K-SIMUS	http://puls.cs.helsinki.fi/med#C-ANIMAL
S	http://puls.cs.helsinki.fi/med#KARNAL-BUNT	http://puls.cs.helsinki.fi/med#C-DISEASE
S	http://puls.cs.helsinki.fi/med#KAWASAKI-DISEASE	http://puls.cs.helsinki.fi/med#C-DISEASE
S	http://puls.cs.helsinki.fi/med#KERATOCONJUNCTIVITIS	http://puls.cs.helsinki.fi/med#C-DISEASE
S	http://puls.cs.helsinki.fi/med#KLEBSIELLA	http://puls.cs.helsinki.fi/med#C-DISEASE
S	http://puls.cs.helsinki.fi/med#KLEBSIELLA-PNEUMONIAE	http://puls.cs.helsinki.fi/med#C-DISEASE
S	http://puls.cs.helsinki.fi/med#KOGIA	http://puls.cs.helsinki.fi/med#C-ANIMAL
S	http://puls.cs.helsinki.fi/med#KOREAN-HEMORRHAGIC-FEVER	http://puls.cs.helsinki.fi/med#C-DISEASE
S	http://puls.cs.helsinki.fi/med#KUDOA	http://puls.cs.helsinki.fi/med#C-PARASITE
S	http://puls.cs.helsinki.fi/med#KUN-VIRUS	http://puls.cs.helsinki.fi/med#C-VIRUS
S	http://puls.cs.helsinki.fi/med#KUNJIN-VIRUS	http://puls.cs.helsinki.fi/med#C-VIRUS
S	http://puls.cs.helsinki.fi/med#KYASANUR-FOREST-DISEASE	http://puls.cs.helsinki.fi/med#C-DISEASE
S	http://puls.cs.helsinki.fi/med#Kazakh	http://puls.cs.helsinki.fi/med/concept#Nationality
S	http://puls.cs.helsinki.fi/med#Kenyan	http://puls.cs.helsinki.fi/med/concept#Nationality
S	http://puls.cs.helsinki.fi/med#Korean	http://puls.cs.helsinki.fi/med/concept#Nationality
S	http://puls.cs.helsinki.fi/med#Kosovar	http://puls.cs.helsinki.fi/med/concept#Nationality
S	http://puls.cs.helsinki.fi/med#Kuwaiti	http://puls.cs.helsinki.fi/med/concept#Nationality
S	http://puls.cs.helsinki.fi/med#Kyrgyz	http://puls.cs.helsinki.fi/med/concept#Nationality
S	http://puls.cs.helsinki.fi/med#L-AUSTRALIS	http://puls.cs.helsinki.fi/med#C-AGENT
S	http://puls.cs.helsinki.fi/med#L-B-PANAMENSIS	http://puls.cs.helsinki.fi/med#C-AGENT
S	http://puls.cs.helsinki.fi/med#L-BRATISLAVA	http://puls.cs.helsinki.fi/med#C-AGENT
S	http://puls.cs.helsinki.fi/med#L-CASTELLONI	http://puls.cs.helsinki.fi/med#C-DISEASE
S	http://puls.cs.helsinki.fi/med#L-CICERA	http://puls.cs.helsinki.fi/med#C-AGENT
S	http://puls.cs.helsinki.fi/med#L-CLYMENUM	http://puls.cs.helsinki.fi/med#C-AGENT
S	http://puls.cs.helsinki.fi/med#L-DJASIMAN	http://puls.cs.helsinki.fi/med#C-DISEASE
S	http://puls.cs.helsinki.fi/med#L-FEELEII	http://puls.cs.helsinki.fi/med#C-DISEASE
S	http://puls.cs.helsinki.fi/med#L-GRIPPOTYPHOSA	http://puls.cs.helsinki.fi/med#C-AGENT
S	http://puls.cs.helsinki.fi/med#L-GUYANENSIS	http://puls.cs.helsinki.fi/med#C-AGENT
S	http://puls.cs.helsinki.fi/med#L-ICTEROHAEMORRHAGIAE	http://puls.cs.helsinki.fi/med#C-AGENT
S	http://puls.cs.helsinki.fi/med#L-ICTEROHEMORRHAGIAE	http://puls.cs.helsinki.fi/med#C-AGENT
S	http://puls.cs.helsinki.fi/med#L-MEDANENSIS	http://puls.cs.helsinki.fi/med#C-DISEASE
S	http://puls.cs.helsinki.fi/med#L-MONOCYTOGENS	http://puls.cs.helsinki.fi/med#C-AGENT
S	http://puls.cs.helsinki.fi/med#L-MULTIFLORUM	http://puls.cs.helsinki.fi/med#C-DISEASE
S	http://puls.cs.helsinki.fi/med#L-PERENNE	http://puls.cs.helsinki.fi/med#C-DISEASE
S	http://puls.cs.helsinki.fi/med#L-PERUENSIS	http://puls.cs.helsinki.fi/med#C-DISEASE
S	http://puls.cs.helsinki.fi/med#L-PIMPINELLIFOLIUM	http://puls.cs.helsinki.fi/med#C-PLANT
S	http://puls.cs.helsinki.fi/med#L-POMOMA	http://puls.cs.helsinki.fi/med#C-AGENT
S	http://puls.cs.helsinki.fi/med#L-SANGUINARIA	http://puls.cs.helsinki.fi/med#C-DISEASE
S	http://puls.cs.helsinki.fi/med#L-SEJROE	http://puls.cs.helsinki.fi/med#C-AGENT
S	http://puls.cs.helsinki.fi/med#L-SHERMANI	http://puls.cs.helsinki.fi/med#C-DISEASE
S	http://puls.cs.helsinki.fi/med#L-TRAPIDOI	http://puls.cs.helsinki.fi/med#C-VECTOR
S	http://puls.cs.helsinki.fi/med#L-YLEPHILETOR	http://puls.cs.helsinki.fi/med#C-DISEASE
S	http://puls.cs.helsinki.fi/med#L-ZANONI	http://puls.cs.helsinki.fi/med#C-AGENT
S	http://puls.cs.helsinki.fi/med#LA-CROSSE	http://puls.cs.helsinki.fi/med#ARBOVIRUS
S	http://puls.cs.helsinki.fi/med#LA-CROSSE	http://puls.cs.helsinki.fi/med#C-VIRUS
S	http://puls.cs.helsinki.fi/med#LA-CROSSE-ENCEPHALITIS	http://puls.cs.helsinki.fi/med#C-DISEASE
S	http://puls.cs.helsinki.fi/med#LACTOBACILLUS	http://puls.cs.helsinki.fi/med#C-DISEASE
S	http://puls.cs.helsinki.fi/med#LAELAPS-ECHIDNINUS	http://puls.cs.helsinki.fi/med#C-DISEASE
S	http://puls.cs.helsinki.fi/med#LAGOCHILASCARIS	http://puls.cs.helsinki.fi/med#C-DISEASE
S	http://puls.cs.helsinki.fi/med#LARGEMOUTH-BASS-VIRUS	http://puls.cs.helsinki.fi/med#C-VIRUS
S	http://puls.cs.helsinki.fi/med#LASSA-FEVER	http://puls.cs.helsinki.fi/med#C-DISEASE
S	http://puls.cs.helsinki.fi/med#LATHYRUS-SATIVA	http://puls.cs.helsinki.fi/med#C-PLANT
S	http://puls.cs.helsinki.fi/med#LEAF-RUST	http://puls.cs.helsinki.fi/med#C-DISEASE
S	http://puls.cs.helsinki.fi/med#LECANOIDEUS-FLOCCISSIMUS	http://puls.cs.helsinki.fi/med#C-VECTOR
S	http://puls.cs.helsinki.fi/med#LEGIONELLA	http://puls.cs.helsinki.fi/med#C-AGENT
S	http://puls.cs.helsinki.fi/med#LEGIONELLA-LONGBEACHAE	http://puls.cs.helsinki.fi/med#C-AGENT
S	http://puls.cs.helsinki.fi/med#LEGIONELLA-LONGBEACHAE	http://puls.cs.helsinki.fi/med#LEGIONELLA
S	http://puls.cs.helsinki.fi/med#LEGIONELLA-MICDADEI	http://puls.cs.helsinki.fi/med#C-AGENT
S	http://puls.cs.helsinki.fi/med#LEGIONELLA-MICDADEI	http://puls.cs.helsinki.fi/med#LEGIONELLA
S	http://puls.cs.helsinki.fi/med#LEGIONELLA-PNEUMONIA	http://puls.cs.helsinki.fi/med#C-AGENT
S	http://puls.cs.helsinki.fi/med#LEGIONELLA-PNEUMONIA	http://puls.cs.helsinki.fi/med#LEGIONELLA
S	http://puls.cs.helsinki.fi/med#LEGIONELLA-PNEUMOPHILA	http://puls.cs.helsinki.fi/med#C-AGENT
S	http://puls.cs.helsinki.fi/med#LEGIONELLA-PNEUMOPHILA	http://puls.cs.helsinki.fi/med#LEGIONELLA
S	http://puls.cs.helsinki.fi/med#LEGIONELLOSIS	http://puls.cs.helsinki.fi/med#C-AGENT
S	http://puls.cs.helsinki.fi/med#LEGIONELLOSIS	http://puls.cs.helsinki.fi/med#LEGIONELLA
S	http://puls.cs.helsinki.fi/med#LEGIONNELLA-PNEUMOPHILA-SEROGROUP-1	http://puls.cs.helsinki.fi/med#C-AGENT
S	http://puls.cs.helsinki.fi/med#LEGIONNELLA-PNEUMOPHILA-SEROGROUP-1	http://puls.cs.helsinki.fi/med#LEGIONELLA
S	http://puls.cs.helsinki.fi/med#LEGIONNELLA-PNEUMOPHILA-SEROGROUP-1	http://puls.cs.helsinki.fi/med#LEGIONELLA-PNEUMOPHILA
S	http://puls.cs.helsinki.fi/med#LEISHMANIA	http://puls.cs.helsinki.fi/med#C-AGENT
S	http://puls.cs.helsinki.fi/med#LEISHMANIA-AMAZONENSIS	http://puls.cs.helsinki.fi/med#C-AGENT
S	http://puls.cs.helsinki.fi/med#LEISHMANIA-BRAZILIENSIS	http://puls.cs.helsinki.fi/med#C-AGENT
S	http://puls.cs.helsinki.fi/med#LEISHMANIA-BRAZILIENSIS-BRAZILIENSIS	http://puls.cs.helsinki.fi/med#C-AGENT
S	http://puls.cs.helsinki.fi/med#LEISHMANIA-CHAGASI	http://puls.cs.helsinki.fi/med#C-AGENT
S	http://puls.cs.helsinki.fi/med#LEISHMANIA-DONOVANI	http://puls.cs.helsinki.fi/med#C-AGENT
S	http://puls.cs.helsinki.fi/med#LEISHMANIA-INFANTUM	http://puls.cs.helsinki.fi/med#C-AGENT
S	http://puls.cs.helsinki.fi/med#LEISHMANIA-MEXICANA	http://puls.cs.helsinki.fi/med#C-AGENT
S	http://puls.cs.helsinki.fi/med#LEISHMANIA-PANAMENSIS	http://puls.cs.helsinki.fi/med#C-AGENT
S	http://puls.cs.helsinki.fi/med#LEISHMANIA-TROPICA	http://puls.cs.helsinki.fi/med#C-AGENT
S	http://puls.cs.helsinki.fi/med#LEISHMANIASIS	http://puls.cs.helsinki.fi/med#C-DISEASE
S	http://puls.cs.helsinki.fi/med#LEISHMANIASIS-COLOMBIENSIS	http://puls.cs.helsinki.fi/med#C-AGENT
S	http://puls.cs.helsinki.fi/med#LEPRA-BOVINA	http://puls.cs.helsinki.fi/med#C-DISEASE
S	http://puls.cs.helsinki.fi/med#LEPRA-BUBALORUM	http://puls.cs.helsinki.fi/med#C-DISEASE
S	http://puls.cs.helsinki.fi/med#LEPROSY	http://puls.cs.helsinki.fi/med#C-DISEASE
S	http://puls.cs.helsinki.fi/med#LEPTOSPHAERIA-MACULANS	http://puls.cs.helsinki.fi/med#C-FUNGUS
S	http://puls.cs.helsinki.fi/med#LEPTOSPIRA	http://puls.cs.helsinki.fi/med#C-AGENT
S	http://puls.cs.helsinki.fi/med#LEPTOSPIRA-CANICOLA	http://puls.cs.helsinki.fi/med#C-AGENT
S	http://puls.cs.helsinki.fi/med#LEPTOSPIRA-HARDJO	http://puls.cs.helsinki.fi/med#C-AGENT
S	http://puls.cs.helsinki.fi/med#LEPTOSPIRA-INTERROGANS	http://puls.cs.helsinki.fi/med#C-AGENT
S	http://puls.cs.helsinki.fi/med#LEPTOSPIRA-INTERROGANS-BALCANICA	http://puls.cs.helsinki.fi/med#C-AGENT
S	http://puls.cs.helsinki.fi/med#LEPTOSPIRA-INTERROGANS-CANICOLA	http://puls.cs.helsinki.fi/med#C-AGENT
S	http://puls.cs.helsinki.fi/med#LEPTOSPIRIA-COPENHAGI	http://puls.cs.helsinki.fi/med#C-AGENT
S	http://puls.cs.helsinki.fi/med#LEPTOSPIROSIS	http://puls.cs.helsinki.fi/med#C-DISEASE
S	http://puls.cs.helsinki.fi/med#LEPUS-TIMIDUS	http://puls.cs.helsinki.fi/med#C-DISEASE
S	http://puls.cs.helsinki.fi/med#LESTERI	http://puls.cs.helsinki.fi/med#C-DISEASE
S	http://puls.cs.helsinki.fi/med#LEYOGONIMUS-POLYOON	http://puls.cs.helsinki.fi/med#C-DISEASE
S	http://puls.cs.helsinki.fi/med#LILIUM	http://puls.cs.helsinki.fi/med#C-PLANT
S	http://puls.cs.helsinki.fi/med#LIMULUS	http://puls.cs.helsinki.fi/med#C-DISEASE
S	http://puls.cs.helsinki.fi/med#LIRIOMYZA-HUIDOBRENSIS	http://puls.cs.helsinki.fi/med#C-FUNGUS
S	http://puls.cs.helsinki.fi/med#LISTERIA	http://puls.cs.helsinki.fi/med#C-AGENT
S	http://puls.cs.helsinki.fi/med#LISTERIA-BACTERIA	http://puls.cs.helsinki.fi/med#C-AGENT
S	http://puls.cs.helsinki.fi/med#LISTERIA-GRAYI	http://puls.cs.helsinki.fi/med#C-AGENT
S	http://puls.cs.helsinki.fi/med#LISTERIA-INNOCUA	http://puls.cs.helsinki.fi/med#C-AGENT
S	http://puls.cs.helsinki.fi/med#LISTERIA-IVANOVII	http://puls.cs.helsinki.fi/med#C-AGENT
S	http://puls.cs.helsinki.fi/med#LISTERIA-MONOCYTOGENES	http://puls.cs.helsinki.fi/med#C-AGENT
S	http://puls.cs.helsinki.fi/med#LISTERIA-SEELIGERI	http://puls.cs.helsinki.fi/med#C-AGENT
S	http://puls.cs.helsinki.fi/med#LISTERIA-WELSHIMERI	http://puls.cs.helsinki.fi/med#C-AGENT
S	http://puls.cs.helsinki.fi/med#LISTERIOSIS	http://puls.cs.helsinki.fi/med#C-DISEASE
S	http://puls.cs.helsinki.fi/med#LITORIA	http://puls.cs.helsinki.fi/med#C-ANIMAL
S	http://puls.cs.helsinki.fi/med#LOAIASIS	http://puls.cs.helsinki.fi/med#C-DISEASE
S	http://puls.cs.helsinki.fi/med#LOCKJAW	http://puls.cs.helsinki.fi/med#C-DISEASE
S	http://puls.cs.helsinki.fi/med#LOLIUM-MULTIFLORUM	http://puls.cs.helsinki.fi/med#C-DISEASE
S	http://puls.cs.helsinki.fi/med#LONGBEACHAE	http://puls.cs.helsinki.fi/med#C-AGENT
S	http://puls.cs.helsinki.fi/med#LONTRA-CANADENSIS	http://puls.cs.helsinki.fi/med#C-ANIMAL
S	http://puls.cs.helsinki.fi/med#LOU-GEHRIG-DISEASE	http://puls.cs.helsinki.fi/med#C-NON-INFECTIOUS-DISEASE
S	http://puls.cs.helsinki.fi/med#LU-EVANSI	http://puls.cs.helsinki.fi/med#C-DISEASE
S	http://puls.cs.helsinki.fi/med#LU-FORATTINII	http://puls.cs.helsinki.fi/med#C-DISEASE
S	http://puls.cs.helsinki.fi/med#LU-GOMEZI	http://puls.cs.helsinki.fi/med#C-VECTOR
S	http://puls.cs.helsinki.fi/med#LU-QUASITONSENDI	http://puls.cs.helsinki.fi/med#C-VECTOR
S	http://puls.cs.helsinki.fi/med#LUFFA-AEGYPTIACA	http://puls.cs.helsinki.fi/med#C-PLANT
S	http://puls.cs.helsinki.fi/med#LUMPY-SKIN-DISEASE	http://puls.cs.helsinki.fi/med#C-DISEASE
S	http://puls.cs.helsinki.fi/med#LUTRARIA-LUTRARIA	http://puls.cs.helsinki.fi/med#C-ANIMAL
S	http://puls.cs.helsinki.fi/med#LUTZOMYIA	http://puls.cs.helsinki.fi/med#C-VECTOR
S	http://puls.cs.helsinki.fi/med#LUTZOMYIA-ANTHOPHORA	http://puls.cs.helsinki.fi/med#C-VECTOR
S	http://puls.cs.helsinki.fi/med#LUTZOMYIA-COLUMBIANA	http://puls.cs.helsinki.fi/med#C-VECTOR
S	http://puls.cs.helsinki.fi/med#LUTZOMYIA-LONGIPALPIS	http://puls.cs.helsinki.fi/med#C-VECTOR
S	http://puls.cs.helsinki.fi/med#LUTZOMYIA-OVALLESI	http://puls.cs.helsinki.fi/med#C-VECTOR
S	http://puls.cs.helsinki.fi/med#LUTZOMYIA-SHANNONI	http://puls.cs.helsinki.fi/med#C-VECTOR
S	http://puls.cs.helsinki.fi/med#LUTZOMYIA-SHANONNI	http://puls.cs.helsinki.fi/med#C-VECTOR
S	http://puls.cs.helsinki.fi/med#LUTZOMYIA-SPINICRASSA	http://puls.cs.helsinki.fi/med#C-VECTOR
S	http://puls.cs.helsinki.fi/med#LUTZOMYIA-VERRUCARUM	http://puls.cs.helsinki.fi/med#C-VECTOR
S	http://puls.cs.helsinki.fi/med#LYCALOPEX-VETULUS	http://puls.cs.helsinki.fi/med#C-DISEASE
S	http://puls.cs.helsinki.fi/med#LYCOPERSICON-ESCULENTUM	http://puls.cs.helsinki.fi/med#C-PLANT
S	http://puls.cs.helsinki.fi/med#LYCOPERSICON-ESCULENTUM-VAR-CERASIFORME	http://puls.cs.helsinki.fi/med#C-PLANT
S	http://puls.cs.helsinki.fi/med#LYME-BORRELIOSIS	http://puls.cs.helsinki.fi/med#C-DISEASE
S	http://puls.cs.helsinki.fi/med#LYME-DISEASE	http://puls.cs.helsinki.fi/med#C-DISEASE
S	http://puls.cs.helsinki.fi/med#LYMNAEA-COLUMELLA	http://puls.cs.helsinki.fi/med#C-VECTOR
S	http://puls.cs.helsinki.fi/med#LYMPHADENITIS	http://puls.cs.helsinki.fi/med#C-SYMPTOM-X
S	http://puls.cs.helsinki.fi/med#LYMPHANGITIS	http://puls.cs.helsinki.fi/med#C-DISEASE
S	http://puls.cs.helsinki.fi/med#LYMPHATIC-FILARIASIS	http://puls.cs.helsinki.fi/med#C-DISEASE
S	http://puls.cs.helsinki.fi/med#LYMPHEDEMA	http://puls.cs.helsinki.fi/med#C-DISEASE
S	http://puls.cs.helsinki.fi/med#LYMPHOCYTIC-CHORIOMENINGITIS-VIRUS	http://puls.cs.helsinki.fi/med#ARENAVIRUS
S	http://puls.cs.helsinki.fi/med#LYMPHOCYTIC-CHORIOMENINGITIS-VIRUS	http://puls.cs.helsinki.fi/med#C-VIRUS
S	http://puls.cs.helsinki.fi/med#LYMPHOGRANULOMA-VENEREUM	http://puls.cs.helsinki.fi/med#C-DISEASE
S	http://puls.cs.helsinki.fi/med#LYMPHOMA	http://puls.cs.helsinki.fi/med#C-DISEASE
S	http://puls.cs.helsinki.fi/med#LYNGBYA	http://puls.cs.helsinki.fi/med#C-DISEASE
S	http://puls.cs.helsinki.fi/med#LYSSAVIRUS	http://puls.cs.helsinki.fi/med#C-VIRUS
S	http://puls.cs.helsinki.fi/med#Laotian	http://puls.cs.helsinki.fi/med/concept#Nationality
S	http://puls.cs.helsinki.fi/med#LatinAmerican	http://puls.cs.helsinki.fi/med/concept#Nationality
S	http://puls.cs.helsinki.fi/med#Latvian	http://puls.cs.helsinki.fi/med/concept#Nationality
S	http://puls.cs.helsinki.fi/med#Lebanese	http://puls.cs.helsinki.fi/med/concept#Nationality
S	http://puls.cs.helsinki.fi/med#Liberian	http://puls.cs.helsinki.fi/med/concept#Nationality
S	http://puls.cs.helsinki.fi/med#Libyan	http://puls.cs.helsinki.fi/med/concept#Nationality
S	http://puls.cs.helsinki.fi/med#Lithuanian	http://puls.cs.helsinki.fi/med/concept#Nationality
S	http://puls.cs.helsinki.fi/med#M-ACUMINATA	http://puls.cs.helsinki.fi/med#C-DISEASE
S	http://puls.cs.helsinki.fi/med#M-AGALACTIAE	http://puls.cs.helsinki.fi/med#C-DISEASE
S	http://puls.cs.helsinki.fi/med#M-ARGININI	http://puls.cs.helsinki.fi/med#C-DISEASE
S	http://puls.cs.helsinki.fi/med#M-AVIUM-COMPLEX	http://puls.cs.helsinki.fi/med#C-AGENT
S	http://puls.cs.helsinki.fi/med#M-BOBAK	http://puls.cs.helsinki.fi/med#C-DISEASE
S	http://puls.cs.helsinki.fi/med#M-CAMTSCHATICA	http://puls.cs.helsinki.fi/med#C-DISEASE
S	http://puls.cs.helsinki.fi/med#M-CANNONBALLUS	http://puls.cs.helsinki.fi/med#C-FUNGUS
S	http://puls.cs.helsinki.fi/med#M-CAPRINEUMONIA	http://puls.cs.helsinki.fi/med#C-DISEASE
S	http://puls.cs.helsinki.fi/med#M-CAUDATA	http://puls.cs.helsinki.fi/med#C-DISEASE
S	http://puls.cs.helsinki.fi/med#M-CEREBRALIS	http://puls.cs.helsinki.fi/med#C-PARASITE
S	http://puls.cs.helsinki.fi/med#M-DAUBENTONI	http://puls.cs.helsinki.fi/med#C-DISEASE
S	http://puls.cs.helsinki.fi/med#M-ERYTHROLEUCUS	http://puls.cs.helsinki.fi/med#C-DISEASE
S	http://puls.cs.helsinki.fi/med#M-EUTYPOIDES	http://puls.cs.helsinki.fi/med#C-FUNGUS
S	http://puls.cs.helsinki.fi/med#M-FALCIPARUM	http://puls.cs.helsinki.fi/med#C-DISEASE
S	http://puls.cs.helsinki.fi/med#M-FERMENTANS	http://puls.cs.helsinki.fi/med#C-DISEASE
S	http://puls.cs.helsinki.fi/med#M-FIJIENSIS	http://puls.cs.helsinki.fi/med#C-FUNGUS
S	http://puls.cs.helsinki.fi/med#M-HIMALAYANA	http://puls.cs.helsinki.fi/med#C-DISEASE
S	http://puls.cs.helsinki.fi/med#M-IRA	http://puls.cs.helsinki.fi/med#C-ANIMAL
S	http://puls.cs.helsinki.fi/med#M-KANSASII	http://puls.cs.helsinki.fi/med#C-DISEASE
S	http://puls.cs.helsinki.fi/med#M-LUCIFUGUS	http://puls.cs.helsinki.fi/med#C-ANIMAL
S	http://puls.cs.helsinki.fi/med#M-MENZBIERI	http://puls.cs.helsinki.fi/med#C-DISEASE
S	http://puls.cs.helsinki.fi/med#M-MULATTA	http://puls.cs.helsinki.fi/med#C-VECTOR
S	http://puls.cs.helsinki.fi/med#M-MUSICOLA	http://puls.cs.helsinki.fi/med#C-DISEASE
S	http://puls.cs.helsinki.fi/med#M-NATALENSIS	http://puls.cs.helsinki.fi/med#C-VECTOR
S	http://puls.cs.helsinki.fi/med#M-OVIPNEUMONIAE	http://puls.cs.helsinki.fi/med#C-DISEASE
S	http://puls.cs.helsinki.fi/med#M-ROSSIAEMERIODIONALIS	http://puls.cs.helsinki.fi/med#C-VECTOR
S	http://puls.cs.helsinki.fi/med#M-SIBIRICA	http://puls.cs.helsinki.fi/med#C-DISEASE
S	http://puls.cs.helsinki.fi/med#M-SINICA	http://puls.cs.helsinki.fi/med#C-ANIMAL
S	http://puls.cs.helsinki.fi/med#M-STURNI	http://puls.cs.helsinki.fi/med#C-DISEASE
S	http://puls.cs.helsinki.fi/med#MAC-INFECTION	http://puls.cs.helsinki.fi/med#C-DISEASE
S	http://puls.cs.helsinki.fi/med#MACROPHAGIC-MYOFASCIITIS	http://puls.cs.helsinki.fi/med#C-DISEASE
S	http://puls.cs.helsinki.fi/med#MACROPHOMA	http://puls.cs.helsinki.fi/med#C-FUNGUS
S	http://puls.cs.helsinki.fi/med#MACROPHOMINA-PHASEOLINA	http://puls.cs.helsinki.fi/med#C-DISEASE
S	http://puls.cs.helsinki.fi/med#MACROSIPHUM-EUPHORBIAE	http://puls.cs.helsinki.fi/med#C-DISEASE
S	http://puls.cs.helsinki.fi/med#MAGNAPORTHE-GRISEA	http://puls.cs.helsinki.fi/med#C-DISEASE
S	http://puls.cs.helsinki.fi/med#MAHOBERBERIS	http://puls.cs.helsinki.fi/med#C-PLANT
S	http://puls.cs.helsinki.fi/med#MALACCENSIS	http://puls.cs.helsinki.fi/med#C-DISEASE
S	http://puls.cs.helsinki.fi/med#MALARIA	http://puls.cs.helsinki.fi/med#C-DISEASE
S	http://puls.cs.helsinki.fi/med#MALIGNANT-CATARRHAL-FEVER	http://puls.cs.helsinki.fi/med#C-DISEASE
S	http://puls.cs.helsinki.fi/med#MALUS	http://puls.cs.helsinki.fi/med#C-PLANT
S	http://puls.cs.helsinki.fi/med#MALVA-PARVIFLORA	http://puls.cs.helsinki.fi/med#C-PLANT
S	http://puls.cs.helsinki.fi/med#MALVA-SYLVESTRIS	http://puls.cs.helsinki.fi/med#C-PLANT
S	http://puls.cs.helsinki.fi/med#MALVACEAE	http://puls.cs.helsinki.fi/med#C-PLANT
S	http://puls.cs.helsinki.fi/med#MANGO-TREE-BLIGHT	http://puls.cs.helsinki.fi/med#C-DISEASE
S	http://puls.cs.helsinki.fi/med#MANSONIA	http://puls.cs.helsinki.fi/med#C-VECTOR
S	http://puls.cs.helsinki.fi/med#MANSONIA-AFRICANA	http://puls.cs.helsinki.fi/med#C-VECTOR
S	http://puls.cs.helsinki.fi/med#MANSONIA-UNIFORMIS	http://puls.cs.helsinki.fi/med#C-VECTOR
S	http://puls.cs.helsinki.fi/med#MARBURG-HEMORRHAGIC-FEVER	http://puls.cs.helsinki.fi/med#C-DISEASE
S	http://puls.cs.helsinki.fi/med#MAREK-S-DISEASE	http://puls.cs.helsinki.fi/med#C-DISEASE
S	http://puls.cs.helsinki.fi/med#MARIS-PEER	http://puls.cs.helsinki.fi/med#C-PLANT
S	http://puls.cs.helsinki.fi/med#MARTEILIA-SYDNEYI	http://puls.cs.helsinki.fi/med#C-DISEASE
S	http://puls.cs.helsinki.fi/med#MASTADENOVIRUS	http://puls.cs.helsinki.fi/med#C-VIRUS
S	http://puls.cs.helsinki.fi/med#MASTOMYS	http://puls.cs.helsinki.fi/med#C-VECTOR
S	http://puls.cs.helsinki.fi/med#MASTOMYS-NATALENSIS	http://puls.cs.helsinki.fi/med#C-VECTOR
S	http://puls.cs.helsinki.fi/med#MAYARO-VIRUS-DISEASE	http://puls.cs.helsinki.fi/med#C-VIRUS
S	http://puls.cs.helsinki.fi/med#ME-TRI-VIRUS	http://puls.cs.helsinki.fi/med#C-VIRUS
S	http://puls.cs.helsinki.fi/med#MEGACHIROPTERA	http://puls.cs.helsinki.fi/med#C-ANIMAL
S	http://puls.cs.helsinki.fi/med#MEGAMYXOVIRUS	http://puls.cs.helsinki.fi/med#C-VIRUS
S	http://puls.cs.helsinki.fi/med#MELANOLESTES-PICIPES	http://puls.cs.helsinki.fi/med#C-DISEASE
S	http://puls.cs.helsinki.fi/med#MELICOPE-ANISATA	http://puls.cs.helsinki.fi/med#C-DISEASE
S	http://puls.cs.helsinki.fi/med#MELIOIDOSIS	http://puls.cs.helsinki.fi/med#C-DISEASE
S	http://puls.cs.helsinki.fi/med#MELON-ROOT-ROT	http://puls.cs.helsinki.fi/med#C-DISEASE
S	http://puls.cs.helsinki.fi/med#MELON-YELLOW-SPOT-VIRUS	http://puls.cs.helsinki.fi/med#C-VIRUS
S	http://puls.cs.helsinki.fi/med#MEMNONIELLA	http://puls.cs.helsinki.fi/med#C-FUNGUS
S	http://puls.cs.helsinki.fi/med#MENANGLE-VIRUS	http://puls.cs.helsinki.fi/med#C-VIRUS
S	http://puls.cs.helsinki.fi/med#MENINGITIS	http://puls.cs.helsinki.fi/med#C-SYMPTOM-DISEASE
S	http://puls.cs.helsinki.fi/med#MENINGITIS	http://puls.cs.helsinki.fi/med#C-SYMPTOM-X
S	http://puls.cs.helsinki.fi/med#MENINGOCOCCAL-DISEASE	http://puls.cs.helsinki.fi/med#C-DISEASE
S	http://puls.cs.helsinki.fi/med#MENINGOCOCCAL-MENINGITIS	http://puls.cs.helsinki.fi/med#C-DISEASE
S	http://puls.cs.helsinki.fi/med#MENINGOCOCCEMIA	http://puls.cs.helsinki.fi/med#C-DISEASE
S	http://puls.cs.helsinki.fi/med#MENINGOCOCCUS-GROUP-C	http://puls.cs.helsinki.fi/med#C-DISEASE
S	http://puls.cs.helsinki.fi/med#MERCURIALIS-AMBIGUA	http://puls.cs.helsinki.fi/med#C-PLANT
S	http://puls.cs.helsinki.fi/med#MERIDIONALIS	http://puls.cs.helsinki.fi/med#C-AGENT
S	http://puls.cs.helsinki.fi/med#MERPATA	http://puls.cs.helsinki.fi/med#C-PLANT
S	http://puls.cs.helsinki.fi/med#MESOCESTOIDES	http://puls.cs.helsinki.fi/med#C-DISEASE
S	http://puls.cs.helsinki.fi/med#MESOCRICETUS-AURATUS	http://puls.cs.helsinki.fi/med#C-DISEASE
S	http://puls.cs.helsinki.fi/med#MESOCYCLOPS	http://puls.cs.helsinki.fi/med#C-DISEASE
S	http://puls.cs.helsinki.fi/med#METAPNEUMOVIRUS	http://puls.cs.helsinki.fi/med#C-VIRUS
S	http://puls.cs.helsinki.fi/med#MICHIGANENSIS	http://puls.cs.helsinki.fi/med#C-FUNGUS
S	http://puls.cs.helsinki.fi/med#MICROCEBUS-MURINUS	http://puls.cs.helsinki.fi/med#C-DISEASE
S	http://puls.cs.helsinki.fi/med#MICROCHIROPTERA	http://puls.cs.helsinki.fi/med#C-ANIMAL
S	http://puls.cs.helsinki.fi/med#MICROCYSTIS	http://puls.cs.helsinki.fi/med#C-DISEASE
S	http://puls.cs.helsinki.fi/med#MICROPTERUS-PUSILLUS	http://puls.cs.helsinki.fi/med#C-ANIMAL
S	http://puls.cs.helsinki.fi/med#MICROSPORIDIOSIS	http://puls.cs.helsinki.fi/med#C-DISEASE
S	http://puls.cs.helsinki.fi/med#MICROTUS	http://puls.cs.helsinki.fi/med#C-VECTOR
S	http://puls.cs.helsinki.fi/med#MICROTUS-ARVALIS	http://puls.cs.helsinki.fi/med#C-VECTOR
S	http://puls.cs.helsinki.fi/med#MICROTUS-EPIROTICUS	http://puls.cs.helsinki.fi/med#C-VECTOR
S	http://puls.cs.helsinki.fi/med#MICROTUS-ROSSIAEMERIDIONALIS	http://puls.cs.helsinki.fi/med#C-VECTOR
S	http://puls.cs.helsinki.fi/med#MINAMATA-DISEASE	http://puls.cs.helsinki.fi/med#C-DISEASE
S	http://puls.cs.helsinki.fi/med#MNIOTILTA-VARIA	http://puls.cs.helsinki.fi/med#C-DISEASE
S	http://puls.cs.helsinki.fi/med#MOCYDIA-CROCEA	http://puls.cs.helsinki.fi/med#C-ANIMAL
S	http://puls.cs.helsinki.fi/med#MONARDA-CITRIODORA	http://puls.cs.helsinki.fi/med#C-DISEASE
S	http://puls.cs.helsinki.fi/med#MONILIOPHTHORA-RORERI	http://puls.cs.helsinki.fi/med#C-FUNGUS
S	http://puls.cs.helsinki.fi/med#MONKEYPOX	http://puls.cs.helsinki.fi/med#C-DISEASE
S	http://puls.cs.helsinki.fi/med#MONONUCLEOSIS	http://puls.cs.helsinki.fi/med#C-DISEASE
S	http://puls.cs.helsinki.fi/med#MONOSPORASCUS-CANNONBALLUS	http://puls.cs.helsinki.fi/med#C-FUNGUS
S	http://puls.cs.helsinki.fi/med#MONOSPORASCUS-EUTYPOIDES	http://puls.cs.helsinki.fi/med#C-FUNGUS
S	http://puls.cs.helsinki.fi/med#MORAXELLA-CATARRHALIS	http://puls.cs.helsinki.fi/med#C-DISEASE
S	http://puls.cs.helsinki.fi/med#MORBILLIVIRUS	http://puls.cs.helsinki.fi/med#C-VIRUS
S	http://puls.cs.helsinki.fi/med#MUCORMYCOSIS	http://puls.cs.helsinki.fi/med#C-DISEASE
S	http://puls.cs.helsinki.fi/med#MULTIPLE-SCLEROSIS	http://puls.cs.helsinki.fi/med#C-NON-INFECTIOUS-DISEASE
S	http://puls.cs.helsinki.fi/med#MUMPS	http://puls.cs.helsinki.fi/med#C-DISEASE
S	http://puls.cs.helsinki.fi/med#MURINE-TYPHUS	http://puls.cs.helsinki.fi/med#C-DISEASE
S	http://puls.cs.helsinki.fi/med#MURRAY-VALLEY-ENCEPHALITIS	http://puls.cs.helsinki.fi/med#C-DISEASE
S	http://puls.cs.helsinki.fi/med#MUS	http://puls.cs.helsinki.fi/med#C-VECTOR
S	http://puls.cs.helsinki.fi/med#MUS-MUSCULUS	http://puls.cs.helsinki.fi/med#C-VECTOR
S	http://puls.cs.helsinki.fi/med#MUSA	http://puls.cs.helsinki.fi/med#C-PLANT
S	http://puls.cs.helsinki.fi/med#MUSCA-VETUSTISSIMA	http://puls.cs.helsinki.fi/med#C-DISEASE
S	http://puls.cs.helsinki.fi/med#MUSCULAR-DYSTROPHY	http://puls.cs.helsinki.fi/med#C-NON-INFECTIOUS-DISEASE
S	http://puls.cs.helsinki.fi/med#MYASTHENIA-GRAVIS	http://puls.cs.helsinki.fi/med#C-NON-INFECTIOUS-DISEASE
S	http://puls.cs.helsinki.fi/med#MYCOBACTERIUM	http://puls.cs.helsinki.fi/med#C-AGENT
S	http://puls.cs.helsinki.fi/med#MYCOBACTERIUM-AVIUM	http://puls.cs.helsinki.fi/med#C-AGENT
S	http://puls.cs.helsinki.fi/med#MYCOBACTERIUM-AVIUM-PARATUBERCULOSIS	http://puls.cs.helsinki.fi/med#C-AGENT
S	http://puls.cs.helsinki.fi/med#MYCOBACTERIUM-BOVIS	http://puls.cs.helsinki.fi/med#C-AGENT
S	http://puls.cs.helsinki.fi/med#MYCOBACTERIUM-CHELONEI	http://puls.cs.helsinki.fi/med#C-AGENT
S	http://puls.cs.helsinki.fi/med#MYCOBACTERIUM-CHITAE	http://puls.cs.helsinki.fi/med#C-AGENT
S	http://puls.cs.helsinki.fi/med#MYCOBACTERIUM-FORTUITUM	http://puls.cs.helsinki.fi/med#C-AGENT
S	http://puls.cs.helsinki.fi/med#MYCOBACTERIUM-LEPRAE	http://puls.cs.helsinki.fi/med#C-AGENT
S	http://puls.cs.helsinki.fi/med#MYCOBACTERIUM-MARINUM	http://puls.cs.helsinki.fi/med#C-AGENT
S	http://puls.cs.helsinki.fi/med#MYCOBACTERIUM-PARATUBERCULOSIS	http://puls.cs.helsinki.fi/med#C-AGENT
S	http://puls.cs.helsinki.fi/med#MYCOBACTERIUM-SIMIAE	http://puls.cs.helsinki.fi/med#C-AGENT
S	http://puls.cs.helsinki.fi/med#MYCOBACTERIUM-SMEGMATIS	http://puls.cs.helsinki.fi/med#C-AGENT
S	http://puls.cs.helsinki.fi/med#MYCOBACTERIUM-TUBERCULOSIS	http://puls.cs.helsinki.fi/med#C-AGENT
S	http://puls.cs.helsinki.fi/med#MYCOBACTERIUM-ULCERANS	http://puls.cs.helsinki.fi/med#C-AGENT
S	http://puls.cs.helsinki.fi/med#MYCOBACTERIUM-XENOPI	http://puls.cs.helsinki.fi/med#C-AGENT
S	http://puls.cs.helsinki.fi/med#MYCOD-DISEASE	http://puls.cs.helsinki.fi/med#C-DISEASE
S	http://puls.cs.helsinki.fi/med#MYCOD-DISEASE-AVIUM	http://puls.cs.helsinki.fi/med#C-DISEASE
S	http://puls.cs.helsinki.fi/med#MYCOD-DISEASE-BOVIS	http://puls.cs.helsinki.fi/med#C-DISEASE
S	http://puls.cs.helsinki.fi/med#MYCOD-DISEASE-PARATUBERCULOSIS	http://puls.cs.helsinki.fi/med#C-DISEASE
S	http://puls.cs.helsinki.fi/med#MYCOD-DISEASE-ULCERANS	http://puls.cs.helsinki.fi/med#C-DISEASE
S	http://puls.cs.helsinki.fi/med#MYCOPLASMA	http://puls.cs.helsinki.fi/med#C-AGENT
S	http://puls.cs.helsinki.fi/med#MYCOPLASMA-AGASSIZII	http://puls.cs.helsinki.fi/med#C-AGENT
S	http://puls.cs.helsinki.fi/med#MYCOPLASMA-CONJUNCTIVITIS	http://puls.cs.helsinki.fi/med#C-AGENT
S	http://puls.cs.helsinki.fi/med#MYCOPLASMA-GALLISEPTICUM	http://puls.cs.helsinki.fi/med#C-AGENT
S	http://puls.cs.helsinki.fi/med#MYCOPLASMA-HOMINIS	http://puls.cs.helsinki.fi/med#C-AGENT
S	http://puls.cs.helsinki.fi/med#MYCOPLASMA-MYCOIDES-MYCOIDES	http://puls.cs.helsinki.fi/med#C-AGENT
S	http://puls.cs.helsinki.fi/med#MYCOPLASMA-MYCOIDES-SUBSP-CAPRI	http://puls.cs.helsinki.fi/med#C-AGENT
S	http://puls.cs.helsinki.fi/med#MYCOPLASMA-PNEUMONIA	http://puls.cs.helsinki.fi/med#C-DISEASE
S	http://puls.cs.helsinki.fi/med#MYCOPLASMA-PNEUMONIAE	http://puls.cs.helsinki.fi/med#C-AGENT
S	http://puls.cs.helsinki.fi/med#MYCOPLASMA-SYNOVIAE	http://puls.cs.helsinki.fi/med#C-AGENT
S	http://puls.cs.helsinki.fi/med#MYCOSPHAERELLA-FIJIENSIS	http://puls.cs.helsinki.fi/med#C-FUNGUS
S	http://puls.cs.helsinki.fi/med#MYOCARDITIS	http://puls.cs.helsinki.fi/med#C-SYMPTOM-DISEASE
S	http://puls.cs.helsinki.fi/med#MYOPATHY	http://puls.cs.helsinki.fi/med#C-DISEASE
S	http://puls.cs.helsinki.fi/med#MYOTIS-DASYCNEME	http://puls.cs.helsinki.fi/med#C-DISEASE
S	http://puls.cs.helsinki.fi/med#MYSTERY-HORSE-VIRUS	http://puls.cs.helsinki.fi/med#C-VIRUS
S	http://puls.cs.helsinki.fi/med#MYTILICOLA	http://puls.cs.helsinki.fi/med#C-DISEASE
S	http://puls.cs.helsinki.fi/med#MYXIDIUM	http://puls.cs.helsinki.fi/med#C-PARASITE
S	http://puls.cs.helsinki.fi/med#MYXOBOLUS-CEREBRALIS	http://puls.cs.helsinki.fi/med#C-PARASITE
S	http://puls.cs.helsinki.fi/med#MYXOMATOSIS	http://puls.cs.helsinki.fi/med#C-DISEASE
S	http://puls.cs.helsinki.fi/med#MYZUS-PERSICAE	http://puls.cs.helsinki.fi/med#C-VECTOR
S	http://puls.cs.helsinki.fi/med#Macedonian	http://puls.cs.helsinki.fi/med/concept#Nationality
S	http://puls.cs.helsinki.fi/med#Malagasy	http://puls.cs.helsinki.fi/med/concept#Nationality
S	http://puls.cs.helsinki.fi/med#Malawian	http://puls.cs.helsinki.fi/med/concept#Nationality
S	http://puls.cs.helsinki.fi/med#Malaysian	http://puls.cs.helsinki.fi/med/concept#Nationality
S	http://puls.cs.helsinki.fi/med#Maldivian	http://puls.cs.helsinki.fi/med/concept#Nationality
S	http://puls.cs.helsinki.fi/med#Maltese	http://puls.cs.helsinki.fi/med/concept#Nationality
S	http://puls.cs.helsinki.fi/med#Mauritanian	http://puls.cs.helsinki.fi/med/concept#Nationality
S	http://puls.cs.helsinki.fi/med#Mauritian	http://puls.cs.helsinki.fi/med/concept#Nationality
S	http://puls.cs.helsinki.fi/med#Mexican	http://puls.cs.helsinki.fi/med/concept#Nationality
S	http://puls.cs.helsinki.fi/med#Moldovan	http://puls.cs.helsinki.fi/med/concept#Nationality
S	http://puls.cs.helsinki.fi/med#Mongolian	http://puls.cs.helsinki.fi/med/concept#Nationality
S	http://puls.cs.helsinki.fi/med#Montenegrin	http://puls.cs.helsinki.fi/med/concept#Nationality
S	http://puls.cs.helsinki.fi/med#Moroccan	http://puls.cs.helsinki.fi/med/concept#Nationality
S	http://puls.cs.helsinki.fi/med#N-BENTHAMIANA	http://puls.cs.helsinki.fi/med#C-PLANT
S	http://puls.cs.helsinki.fi/med#N-CANINUM	http://puls.cs.helsinki.fi/med#C-DISEASE
S	http://puls.cs.helsinki.fi/med#N-FOWERLI	http://puls.cs.helsinki.fi/med#C-AGENT
S	http://puls.cs.helsinki.fi/med#N-GONORRHEAE	http://puls.cs.helsinki.fi/med#C-DISEASE
S	http://puls.cs.helsinki.fi/med#N-GONORRHOEAE	http://puls.cs.helsinki.fi/med#C-DISEASE
S	http://puls.cs.helsinki.fi/med#N-MENINGITIDIS	http://puls.cs.helsinki.fi/med#C-AGENT
S	http://puls.cs.helsinki.fi/med#NAEGLERIA	http://puls.cs.helsinki.fi/med#C-AGENT
S	http://puls.cs.helsinki.fi/med#NAEGLERIA-FOWLERI	http://puls.cs.helsinki.fi/med#C-AGENT
S	http://puls.cs.helsinki.fi/med#NAEGLERIA-POUBLERI	http://puls.cs.helsinki.fi/med#C-AGENT
S	http://puls.cs.helsinki.fi/med#NAIROVIRUS	http://puls.cs.helsinki.fi/med#C-VIRUS
S	http://puls.cs.helsinki.fi/med#NEACOMYS-GUIANAE	http://puls.cs.helsinki.fi/med#C-DISEASE
S	http://puls.cs.helsinki.fi/med#NECATOR-AMERICANUS	http://puls.cs.helsinki.fi/med#C-DISEASE
S	http://puls.cs.helsinki.fi/med#NECROTIZING-FASCIITIS	http://puls.cs.helsinki.fi/med#C-DISEASE
S	http://puls.cs.helsinki.fi/med#NEISSERIA	http://puls.cs.helsinki.fi/med#C-AGENT
S	http://puls.cs.helsinki.fi/med#NEISSERIA-GONORRHOEA	http://puls.cs.helsinki.fi/med#C-AGENT
S	http://puls.cs.helsinki.fi/med#NEISSERIA-GONORRHOEAE	http://puls.cs.helsinki.fi/med#C-AGENT
S	http://puls.cs.helsinki.fi/med#NEISSERIA-MENIGITIDIS	http://puls.cs.helsinki.fi/med#C-AGENT
S	http://puls.cs.helsinki.fi/med#NEISSERIA-MENINGITIDIS	http://puls.cs.helsinki.fi/med#C-AGENT
S	http://puls.cs.helsinki.fi/med#NEISSERIA-MENINGITIS	http://puls.cs.helsinki.fi/med#C-AGENT
S	http://puls.cs.helsinki.fi/med#NEISSERIA-MENINIGITIDIS	http://puls.cs.helsinki.fi/med#C-AGENT
S	http://puls.cs.helsinki.fi/med#NEOMELANICONION	http://puls.cs.helsinki.fi/med#C-VECTOR
S	http://puls.cs.helsinki.fi/med#NEOSPORA	http://puls.cs.helsinki.fi/med#C-AGENT
S	http://puls.cs.helsinki.fi/med#NEOSPORA-CANINUM	http://puls.cs.helsinki.fi/med#C-DISEASE
S	http://puls.cs.helsinki.fi/med#NEOTOMA	http://puls.cs.helsinki.fi/med#C-DISEASE
S	http://puls.cs.helsinki.fi/med#NEOTOMA-ALBIGULA	http://puls.cs.helsinki.fi/med#C-DISEASE
S	http://puls.cs.helsinki.fi/med#NEOTOMA-MICROPUS	http://puls.cs.helsinki.fi/med#C-DISEASE
S	http://puls.cs.helsinki.fi/med#NEOVOSSIA-INDICA	http://puls.cs.helsinki.fi/med#C-FUNGUS
S	http://puls.cs.helsinki.fi/med#NEPHROPATHIA-EPIDEMICA	http://puls.cs.helsinki.fi/med#C-DISEASE
S	http://puls.cs.helsinki.fi/med#NEUROCYSTICERCOSIS	http://puls.cs.helsinki.fi/med#C-DISEASE
S	http://puls.cs.helsinki.fi/med#NEUROTROPIC-VELOGENIC-NEWCASTLE-DISEASE	http://puls.cs.helsinki.fi/med#C-DISEASE
S	http://puls.cs.helsinki.fi/med#NEW-YORK-1-VIRUS-INFECTION	http://puls.cs.helsinki.fi/med#C-DISEASE
S	http://puls.cs.helsinki.fi/med#NEWCASTLE-DISEASE	http://puls.cs.helsinki.fi/med#C-DISEASE
S	http://puls.cs.helsinki.fi/med#NICOTIANA-BENTHAMIANA	http://puls.cs.helsinki.fi/med#C-PLANT
S	http://puls.cs.helsinki.fi/med#NIPAH-DISEASE	http://puls.cs.helsinki.fi/med#C-DISEASE
S	http://puls.cs.helsinki.fi/med#NIPAH-ENCEPHALITIS	http://puls.cs.helsinki.fi/med#C-DISEASE
S	http://puls.cs.helsinki.fi/med#NIPAH-VIRUS	http://puls.cs.helsinki.fi/med#C-VIRUS
S	http://puls.cs.helsinki.fi/med#NITZSCHIA-PUNGENS-F-MULTISERIES	http://puls.cs.helsinki.fi/med#C-DISEASE
S	http://puls.cs.helsinki.fi/med#NIVEUM	http://puls.cs.helsinki.fi/med#C-FUNGUS
S	http://puls.cs.helsinki.fi/med#NOCARDIOSIS	http://puls.cs.helsinki.fi/med#C-DISEASE
S	http://puls.cs.helsinki.fi/med#NON-POLIO-ENTEROVIRUS-INFECTION	http://puls.cs.helsinki.fi/med#C-DISEASE
S	http://puls.cs.helsinki.fi/med#NONPATHOGENIC-INTESTINAL-AMEBAE-INFECTION	http://puls.cs.helsinki.fi/med#C-DISEASE
S	http://puls.cs.helsinki.fi/med#NORWALK-VIRUS	http://puls.cs.helsinki.fi/med#C-VIRUS
S	http://puls.cs.helsinki.fi/med#NORWALK-VIRUS-GASTROENTERITIS	http://puls.cs.helsinki.fi/med#C-DISEASE
S	http://puls.cs.helsinki.fi/med#NOSOCOMIAL-INFECTIONS	http://puls.cs.helsinki.fi/med#C-DISEASE
S	http://puls.cs.helsinki.fi/med#NOSOPSYLLUS	http://puls.cs.helsinki.fi/med#C-DISEASE
S	http://puls.cs.helsinki.fi/med#NUCLEORHABDOVIRUS	http://puls.cs.helsinki.fi/med#C-VIRUS
S	http://puls.cs.helsinki.fi/med#NYCTERIS-GAMBIENSIS	http://puls.cs.helsinki.fi/med#C-DISEASE
S	http://puls.cs.helsinki.fi/med#Namibian	http://puls.cs.helsinki.fi/med/concept#Nationality
S	http://puls.cs.helsinki.fi/med#Nepalese	http://puls.cs.helsinki.fi/med/concept#Nationality
S	http://puls.cs.helsinki.fi/med#Nicaraguan	http://puls.cs.helsinki.fi/med/concept#Nationality
S	http://puls.cs.helsinki.fi/med#Nigerian	http://puls.cs.helsinki.fi/med/concept#Nationality
S	http://puls.cs.helsinki.fi/med#NorthAmerican	http://puls.cs.helsinki.fi/med/concept#Nationality
S	http://puls.cs.helsinki.fi/med#NorthIrish	http://puls.cs.helsinki.fi/med/concept#Nationality
S	http://puls.cs.helsinki.fi/med#NortheastAsian	http://puls.cs.helsinki.fi/med/concept#Nationality
S	http://puls.cs.helsinki.fi/med#Norwegian	http://puls.cs.helsinki.fi/med/concept#Nationality
S	http://puls.cs.helsinki.fi/med#O-CHILENSIS	http://puls.cs.helsinki.fi/med#C-PARASITE
S	http://puls.cs.helsinki.fi/med#O-EDULIS	http://puls.cs.helsinki.fi/med#C-PARASITE
S	http://puls.cs.helsinki.fi/med#O-NYONG-NYONG-FEVER	http://puls.cs.helsinki.fi/med#C-DISEASE
S	http://puls.cs.helsinki.fi/med#O-VIRGINIANUS	http://puls.cs.helsinki.fi/med#C-ANIMAL
S	http://puls.cs.helsinki.fi/med#OCHLEROTATUS	http://puls.cs.helsinki.fi/med#C-VECTOR
S	http://puls.cs.helsinki.fi/med#OCHRACEUS	http://puls.cs.helsinki.fi/med#C-VECTOR
S	http://puls.cs.helsinki.fi/med#ODOCOILEUS	http://puls.cs.helsinki.fi/med#C-ANIMAL
S	http://puls.cs.helsinki.fi/med#ODOCOILEUS-HEMIONUS	http://puls.cs.helsinki.fi/med#C-ANIMAL
S	http://puls.cs.helsinki.fi/med#ODOCOILEUS-VIRGINIANUS	http://puls.cs.helsinki.fi/med#C-ANIMAL
S	http://puls.cs.helsinki.fi/med#OHARA-DISEASE	http://puls.cs.helsinki.fi/med#C-DISEASE
S	http://puls.cs.helsinki.fi/med#OLIGORYZOMYS	http://puls.cs.helsinki.fi/med#C-VECTOR
S	http://puls.cs.helsinki.fi/med#OLIGORYZOMYS-FLAVESCENS	http://puls.cs.helsinki.fi/med#C-VECTOR
S	http://puls.cs.helsinki.fi/med#OLIGORYZOMYS-FULVESCENS	http://puls.cs.helsinki.fi/med#C-VECTOR
S	http://puls.cs.helsinki.fi/med#OLIGORYZOMYS-LONGICAUDATUS	http://puls.cs.helsinki.fi/med#C-VECTOR
S	http://puls.cs.helsinki.fi/med#ONCHOCERCIASIS	http://puls.cs.helsinki.fi/med#C-DISEASE
S	http://puls.cs.helsinki.fi/med#ONCOBASIDIUM-THEOBROMAE	http://puls.cs.helsinki.fi/med#C-FUNGUS
S	http://puls.cs.helsinki.fi/med#ONCOMETOPIA	http://puls.cs.helsinki.fi/med#C-DISEASE
S	http://puls.cs.helsinki.fi/med#ONDATRA-ZIBETHICA	http://puls.cs.helsinki.fi/med#C-DISEASE
S	http://puls.cs.helsinki.fi/med#ONLY-CHRYSOMYA-ALBICEPS	http://puls.cs.helsinki.fi/med#C-DISEASE
S	http://puls.cs.helsinki.fi/med#OPC	http://puls.cs.helsinki.fi/med#C-DISEASE
S	http://puls.cs.helsinki.fi/med#OPISTHORCHIASIS	http://puls.cs.helsinki.fi/med#C-DISEASE
S	http://puls.cs.helsinki.fi/med#ORBIVIRUS	http://puls.cs.helsinki.fi/med#C-VIRUS
S	http://puls.cs.helsinki.fi/med#ORIENTALIS	http://puls.cs.helsinki.fi/med#C-DISEASE
S	http://puls.cs.helsinki.fi/med#ORIENTEERS-DISEASE	http://puls.cs.helsinki.fi/med#C-DISEASE
S	http://puls.cs.helsinki.fi/med#ORIENTIA	http://puls.cs.helsinki.fi/med#C-AGENT
S	http://puls.cs.helsinki.fi/med#ORIENTIA-TSUTSUGAMUSHI	http://puls.cs.helsinki.fi/med#C-AGENT
S	http://puls.cs.helsinki.fi/med#ORNITHODOROS	http://puls.cs.helsinki.fi/med#C-VECTOR
S	http://puls.cs.helsinki.fi/med#ORNITHODOROS-MOUBATA	http://puls.cs.helsinki.fi/med#C-VECTOR
S	http://puls.cs.helsinki.fi/med#ORNITHODOROS-THOLOZANI	http://puls.cs.helsinki.fi/med#C-VECTOR
S	http://puls.cs.helsinki.fi/med#ORNITHODORUS-MOUBATA	http://puls.cs.helsinki.fi/med#C-VECTOR
S	http://puls.cs.helsinki.fi/med#ORNITHOSIS	http://puls.cs.helsinki.fi/med#C-DISEASE
S	http://puls.cs.helsinki.fi/med#OROPOUCHE-FEVER	http://puls.cs.helsinki.fi/med#C-DISEASE
S	http://puls.cs.helsinki.fi/med#ORTHOHEPADNAVIRUS	http://puls.cs.helsinki.fi/med#C-VIRUS
S	http://puls.cs.helsinki.fi/med#ORTHOPOXVIRUS	http://puls.cs.helsinki.fi/med#C-VIRUS
S	http://puls.cs.helsinki.fi/med#ORYZAE	http://puls.cs.helsinki.fi/med#C-AGENT
S	http://puls.cs.helsinki.fi/med#ORYZOMYS	http://puls.cs.helsinki.fi/med#C-DISEASE
S	http://puls.cs.helsinki.fi/med#ORYZOMYS-ALBIGULARIS	http://puls.cs.helsinki.fi/med#C-DISEASE
S	http://puls.cs.helsinki.fi/med#ORYZOMYS-PALUSTRIS	http://puls.cs.helsinki.fi/med#C-DISEASE
S	http://puls.cs.helsinki.fi/med#OSTEOPOROSIS	http://puls.cs.helsinki.fi/med#C-NON-INFECTIOUS-DISEASE
S	http://puls.cs.helsinki.fi/med#OSTRICH-FADING-SYNDROME	http://puls.cs.helsinki.fi/med#C-DISEASE
S	http://puls.cs.helsinki.fi/med#OTITIS-MEDIA	http://puls.cs.helsinki.fi/med#C-SYMPTOM-X
S	http://puls.cs.helsinki.fi/med#OVINE-JOHNES-DISEASE	http://puls.cs.helsinki.fi/med#C-DISEASE
S	http://puls.cs.helsinki.fi/med#P-ACARI	http://puls.cs.helsinki.fi/med#C-DISEASE
S	http://puls.cs.helsinki.fi/med#P-AERUGINISA	http://puls.cs.helsinki.fi/med#C-AGENT
S	http://puls.cs.helsinki.fi/med#P-ALEOPHILUM	http://puls.cs.helsinki.fi/med#C-DISEASE
S	http://puls.cs.helsinki.fi/med#P-BOEHMERIAE	http://puls.cs.helsinki.fi/med#C-FUNGUS
S	http://puls.cs.helsinki.fi/med#P-BOYLII	http://puls.cs.helsinki.fi/med#C-DISEASE
S	http://puls.cs.helsinki.fi/med#P-CACTORUM	http://puls.cs.helsinki.fi/med#C-DISEASE
S	http://puls.cs.helsinki.fi/med#P-CHLAMYDOSPORUM	http://puls.cs.helsinki.fi/med#C-DISEASE
S	http://puls.cs.helsinki.fi/med#P-COLUMBIAE-POPULATIONS	http://puls.cs.helsinki.fi/med#C-DISEASE
S	http://puls.cs.helsinki.fi/med#P-DOMESTICA	http://puls.cs.helsinki.fi/med#C-PLANT
S	http://puls.cs.helsinki.fi/med#P-ELONGATUM	http://puls.cs.helsinki.fi/med#C-DISEASE
S	http://puls.cs.helsinki.fi/med#P-FIJIENSIS	http://puls.cs.helsinki.fi/med#C-FUNGUS
S	http://puls.cs.helsinki.fi/med#P-GRAMINIS	http://puls.cs.helsinki.fi/med#C-FUNGUS
S	http://puls.cs.helsinki.fi/med#P-HYPOMELANUS	http://puls.cs.helsinki.fi/med#C-VECTOR
S	http://puls.cs.helsinki.fi/med#P-KUEHNII	http://puls.cs.helsinki.fi/med#C-FUNGUS
S	http://puls.cs.helsinki.fi/med#P-MEIBOMIAE	http://puls.cs.helsinki.fi/med#C-FUNGUS
S	http://puls.cs.helsinki.fi/med#P-MIRABILIS	http://puls.cs.helsinki.fi/med#C-DISEASE
S	http://puls.cs.helsinki.fi/med#P-MUSAE	http://puls.cs.helsinki.fi/med#C-DISEASE
S	http://puls.cs.helsinki.fi/med#P-OVALE	http://puls.cs.helsinki.fi/med#C-AGENT
S	http://puls.cs.helsinki.fi/med#P-PACHYRHIZI	http://puls.cs.helsinki.fi/med#C-FUNGUS
S	http://puls.cs.helsinki.fi/med#P-PAPATASI	http://puls.cs.helsinki.fi/med#C-DISEASE
S	http://puls.cs.helsinki.fi/med#P-PARASITICA	http://puls.cs.helsinki.fi/med#C-DISEASE
S	http://puls.cs.helsinki.fi/med#P-RECONDITA	http://puls.cs.helsinki.fi/med#C-FUNGUS
S	http://puls.cs.helsinki.fi/med#P-SHUMWAYAE	http://puls.cs.helsinki.fi/med#C-AGENT
S	http://puls.cs.helsinki.fi/med#P-STRIIFORMIS	http://puls.cs.helsinki.fi/med#C-FUNGUS
S	http://puls.cs.helsinki.fi/med#P-TRITICINA	http://puls.cs.helsinki.fi/med#C-FUNGUS
S	http://puls.cs.helsinki.fi/med#P-TRUEI	http://puls.cs.helsinki.fi/med#C-DISEASE
S	http://puls.cs.helsinki.fi/med#P-VAMPYRUS	http://puls.cs.helsinki.fi/med#C-VECTOR
S	http://puls.cs.helsinki.fi/med#PAEDRUS-CREBINPUNCTATIS	http://puls.cs.helsinki.fi/med#C-DISEASE
S	http://puls.cs.helsinki.fi/med#PAIO	http://puls.cs.helsinki.fi/med#C-ANIMAL
S	http://puls.cs.helsinki.fi/med#PALAEARCTICA	http://puls.cs.helsinki.fi/med#C-DISEASE
S	http://puls.cs.helsinki.fi/med#PANAMA-DISEASE	http://puls.cs.helsinki.fi/med#C-DISEASE
S	http://puls.cs.helsinki.fi/med#PANBRONCHIOLITIS	http://puls.cs.helsinki.fi/med#C-DISEASE
S	http://puls.cs.helsinki.fi/med#PANICUM	http://puls.cs.helsinki.fi/med#C-PLANT
S	http://puls.cs.helsinki.fi/med#PANICUM-REPENS	http://puls.cs.helsinki.fi/med#C-PLANT
S	http://puls.cs.helsinki.fi/med#PANICUM-RIPENS	http://puls.cs.helsinki.fi/med#C-PLANT
S	http://puls.cs.helsinki.fi/med#PANTING-SYNDROME	http://puls.cs.helsinki.fi/med#C-DISEASE
S	http://puls.cs.helsinki.fi/med#PANTOEA-STEWARTII	http://puls.cs.helsinki.fi/med#C-AGENT
S	http://puls.cs.helsinki.fi/med#PAPILLOMAVIRUS	http://puls.cs.helsinki.fi/med#C-VIRUS
S	http://puls.cs.helsinki.fi/med#PARACERCOSPORA-FIJIENSIS	http://puls.cs.helsinki.fi/med#C-FUNGUS
S	http://puls.cs.helsinki.fi/med#PARADUJARDINIA	http://puls.cs.helsinki.fi/med#C-PARASITE
S	http://puls.cs.helsinki.fi/med#PARAELAPHOSTRONGYLUS-TENUIS	http://puls.cs.helsinki.fi/med#C-DISEASE
S	http://puls.cs.helsinki.fi/med#PARAGONIMIASIS	http://puls.cs.helsinki.fi/med#C-DISEASE
S	http://puls.cs.helsinki.fi/med#PARAGONIMUS-WESTERMANI	http://puls.cs.helsinki.fi/med#C-DISEASE
S	http://puls.cs.helsinki.fi/med#PARALOTOSUS-ANQUILLARIS	http://puls.cs.helsinki.fi/med#C-ANIMAL
S	http://puls.cs.helsinki.fi/med#PARALYTIC-RABIES	http://puls.cs.helsinki.fi/med#C-DISEASE
S	http://puls.cs.helsinki.fi/med#PARAMYXEA	http://puls.cs.helsinki.fi/med#C-DISEASE
S	http://puls.cs.helsinki.fi/med#PARAMYXOVIRIDAE	http://puls.cs.helsinki.fi/med#C-AGENT
S	http://puls.cs.helsinki.fi/med#PARAMYXOVIRINAE	http://puls.cs.helsinki.fi/med#C-AGENT
S	http://puls.cs.helsinki.fi/med#PARAMYXOVIRUS	http://puls.cs.helsinki.fi/med#C-VIRUS
S	http://puls.cs.helsinki.fi/med#PARAPOXVIRIDAE	http://puls.cs.helsinki.fi/med#C-VIRUS
S	http://puls.cs.helsinki.fi/med#PARAPOXVIRUS	http://puls.cs.helsinki.fi/med#C-VIRUS
S	http://puls.cs.helsinki.fi/med#PARASTRONGYLUS-CANTONENSIS	http://puls.cs.helsinki.fi/med#C-DISEASE
S	http://puls.cs.helsinki.fi/med#PARASTRONGYLUS-COSTARICENSIS	http://puls.cs.helsinki.fi/med#C-AGENT
S	http://puls.cs.helsinki.fi/med#PARATUBERCULOSIS	http://puls.cs.helsinki.fi/med#C-AGENT
S	http://puls.cs.helsinki.fi/med#PARATYPHOID	http://puls.cs.helsinki.fi/med#C-DISEASE
S	http://puls.cs.helsinki.fi/med#PARATYPHOID-FEVER	http://puls.cs.helsinki.fi/med#C-DISEASE
S	http://puls.cs.helsinki.fi/med#PARAUSTROSTRONGYLUS-TRICHOSURI	http://puls.cs.helsinki.fi/med#C-DISEASE
S	http://puls.cs.helsinki.fi/med#PAROTITIS	http://puls.cs.helsinki.fi/med#C-DISEASE
S	http://puls.cs.helsinki.fi/med#PARULA-AMERICANA	http://puls.cs.helsinki.fi/med#C-DISEASE
S	http://puls.cs.helsinki.fi/med#PASTEURELLA	http://puls.cs.helsinki.fi/med#C-AGENT
S	http://puls.cs.helsinki.fi/med#PASTEURELLA-MULTOCIDA	http://puls.cs.helsinki.fi/med#C-AGENT
S	http://puls.cs.helsinki.fi/med#PASTEURELLA-PESTIS	http://puls.cs.helsinki.fi/med#C-AGENT
S	http://puls.cs.helsinki.fi/med#PASTUERELLA	http://puls.cs.helsinki.fi/med#C-AGENT
S	http://puls.cs.helsinki.fi/med#PASTURELLA-PNEUMONIA	http://puls.cs.helsinki.fi/med#C-DISEASE
S	http://puls.cs.helsinki.fi/med#PCP-INFECTION	http://puls.cs.helsinki.fi/med#C-DISEASE
S	http://puls.cs.helsinki.fi/med#PEACH-LATENT-MOSAIC-VIROID	http://puls.cs.helsinki.fi/med#C-DISEASE
S	http://puls.cs.helsinki.fi/med#PEDICULOSIS	http://puls.cs.helsinki.fi/med#C-DISEASE
S	http://puls.cs.helsinki.fi/med#PEDICULUS	http://puls.cs.helsinki.fi/med#C-DISEASE
S	http://puls.cs.helsinki.fi/med#PEDICULUS-CORPORIS-INFESTATION	http://puls.cs.helsinki.fi/med#C-DISEASE
S	http://puls.cs.helsinki.fi/med#PEDICULUS-VESTIMENTI	http://puls.cs.helsinki.fi/med#C-VECTOR
S	http://puls.cs.helsinki.fi/med#PEMS	http://puls.cs.helsinki.fi/med#C-DISEASE
S	http://puls.cs.helsinki.fi/med#PENICILLIUM	http://puls.cs.helsinki.fi/med#C-FUNGUS
S	http://puls.cs.helsinki.fi/med#PENICILLIUM-MARNEFFEI	http://puls.cs.helsinki.fi/med#C-FUNGUS
S	http://puls.cs.helsinki.fi/med#PENTALONIA-NIGRONERVOSA	http://puls.cs.helsinki.fi/med#C-VECTOR
S	http://puls.cs.helsinki.fi/med#PENTLAND-DELL	http://puls.cs.helsinki.fi/med#C-PLANT
S	http://puls.cs.helsinki.fi/med#PEPINO-MOSAIC-POTEXVIRUS	http://puls.cs.helsinki.fi/med#C-VIRUS
S	http://puls.cs.helsinki.fi/med#PEPINO-MOSAIC-VIRUS	http://puls.cs.helsinki.fi/med#C-VIRUS
S	http://puls.cs.helsinki.fi/med#PEPPER-HUASTECO-BEGOMOVIRUS	http://puls.cs.helsinki.fi/med#C-VIRUS
S	http://puls.cs.helsinki.fi/med#PEPPER-MILD-TIGRE-BEGOMOVIRUS	http://puls.cs.helsinki.fi/med#C-VIRUS
S	http://puls.cs.helsinki.fi/med#PEPTIC-ULCER-DISEASE	http://puls.cs.helsinki.fi/med#C-DISEASE
S	http://puls.cs.helsinki.fi/med#PERIPHERAL-VASCULITIS	http://puls.cs.helsinki.fi/med#C-DISEASE
S	http://puls.cs.helsinki.fi/med#PERITONITIS	http://puls.cs.helsinki.fi/med#C-SYMPTOM-DISEASE
S	http://puls.cs.helsinki.fi/med#PERKINSUS-CHESAPEAKI	http://puls.cs.helsinki.fi/med#C-PARASITE
S	http://puls.cs.helsinki.fi/med#PEROMYSCUS	http://puls.cs.helsinki.fi/med#C-VECTOR
S	http://puls.cs.helsinki.fi/med#PEROMYSCUS-LEUCOPUS	http://puls.cs.helsinki.fi/med#C-VECTOR
S	http://puls.cs.helsinki.fi/med#PEROMYSCUS-MANICULATUS	http://puls.cs.helsinki.fi/med#C-VECTOR
S	http://puls.cs.helsinki.fi/med#PERTENUE	http://puls.cs.helsinki.fi/med#C-DISEASE
S	http://puls.cs.helsinki.fi/med#PESTALOCIA	http://puls.cs.helsinki.fi/med#C-FUNGUS
S	http://puls.cs.helsinki.fi/med#PESTE-DES-PETITS-RUMINANTS	http://puls.cs.helsinki.fi/med#C-DISEASE
S	http://puls.cs.helsinki.fi/med#PETAURUS-BREVICEPS	http://puls.cs.helsinki.fi/med#C-DISEASE
S	http://puls.cs.helsinki.fi/med#PETROGALE-PENICILLATA	http://puls.cs.helsinki.fi/med#C-DISEASE
S	http://puls.cs.helsinki.fi/med#PFIESTERIA	http://puls.cs.helsinki.fi/med#C-AGENT
S	http://puls.cs.helsinki.fi/med#PFIESTERIA-MICROBE	http://puls.cs.helsinki.fi/med#C-AGENT
S	http://puls.cs.helsinki.fi/med#PFIESTERIA-PISCICIDA	http://puls.cs.helsinki.fi/med#C-AGENT
S	http://puls.cs.helsinki.fi/med#PFIESTERIA-PISCIDA	http://puls.cs.helsinki.fi/med#C-AGENT
S	http://puls.cs.helsinki.fi/med#PFIESTERIA-PISCIDIA	http://puls.cs.helsinki.fi/med#C-AGENT
S	http://puls.cs.helsinki.fi/med#PHAEOACREMONIUM-INFLATIPES	http://puls.cs.helsinki.fi/med#C-FUNGUS
S	http://puls.cs.helsinki.fi/med#PHAEOACREMONIUM-VINE-DECLINE	http://puls.cs.helsinki.fi/med#C-DISEASE
S	http://puls.cs.helsinki.fi/med#PHAEOPHYCEAE	http://puls.cs.helsinki.fi/med#C-ALGA
S	http://puls.cs.helsinki.fi/med#PHAGOCYTOPHILIA	http://puls.cs.helsinki.fi/med#C-AGENT
S	http://puls.cs.helsinki.fi/med#PHAKOPSORA	http://puls.cs.helsinki.fi/med#C-FUNGUS
S	http://puls.cs.helsinki.fi/med#PHAKOPSORA-PACHYRHIZI	http://puls.cs.helsinki.fi/med#C-FUNGUS
S	http://puls.cs.helsinki.fi/med#PHASEOLUS-VULGARIS	http://puls.cs.helsinki.fi/med#C-PLANT
S	http://puls.cs.helsinki.fi/med#PHLEBOTOMINAE	http://puls.cs.helsinki.fi/med#C-VECTOR
S	http://puls.cs.helsinki.fi/med#PHLEBOTOMUS	http://puls.cs.helsinki.fi/med#C-VECTOR
S	http://puls.cs.helsinki.fi/med#PHLEBOTOMUS-ARGENTIPES	http://puls.cs.helsinki.fi/med#C-VECTOR
S	http://puls.cs.helsinki.fi/med#PHLEBOTOMUS-DIABOLICUS	http://puls.cs.helsinki.fi/med#C-VECTOR
S	http://puls.cs.helsinki.fi/med#PHLEBOTOMUS-ORIENTALIS	http://puls.cs.helsinki.fi/med#C-VECTOR
S	http://puls.cs.helsinki.fi/med#PHLEBOTOMUS-PERNICIOSUS	http://puls.cs.helsinki.fi/med#C-VECTOR
S	http://puls.cs.helsinki.fi/med#PHLEBOTOMUS-TEXANUS	http://puls.cs.helsinki.fi/med#C-VECTOR
S	http://puls.cs.helsinki.fi/med#PHLEBOVIRUS	http://puls.cs.helsinki.fi/med#C-VIRUS
S	http://puls.cs.helsinki.fi/med#PHN	http://puls.cs.helsinki.fi/med#C-DISEASE
S	http://puls.cs.helsinki.fi/med#PHOCASCARIS	http://puls.cs.helsinki.fi/med#C-PARASITE
S	http://puls.cs.helsinki.fi/med#PHOENICOPTERUS-CHILENSIS	http://puls.cs.helsinki.fi/med#C-ANIMAL
S	http://puls.cs.helsinki.fi/med#PHOMA-ANDINA	http://puls.cs.helsinki.fi/med#C-FUNGUS
S	http://puls.cs.helsinki.fi/med#PHOMOPSIS-LONGICOLLA	http://puls.cs.helsinki.fi/med#C-FUNGUS
S	http://puls.cs.helsinki.fi/med#PHORIUM	http://puls.cs.helsinki.fi/med#C-DISEASE
S	http://puls.cs.helsinki.fi/med#PHORMIDIUM	http://puls.cs.helsinki.fi/med#C-ALGA
S	http://puls.cs.helsinki.fi/med#PHORMIUM	http://puls.cs.helsinki.fi/med#C-PLANT
S	http://puls.cs.helsinki.fi/med#PHORMIUM-TENAX	http://puls.cs.helsinki.fi/med#C-PLANT
S	http://puls.cs.helsinki.fi/med#PHORODON-HUMULI	http://puls.cs.helsinki.fi/med#C-VECTOR
S	http://puls.cs.helsinki.fi/med#PHRAGMITES-COMMUNIS	http://puls.cs.helsinki.fi/med#C-PLANT
S	http://puls.cs.helsinki.fi/med#PHYCOTOXICOSES	http://puls.cs.helsinki.fi/med#C-DISEASE
S	http://puls.cs.helsinki.fi/med#PHYLLOCNISTIS-CITRELLA	http://puls.cs.helsinki.fi/med#C-FUNGUS
S	http://puls.cs.helsinki.fi/med#PHYMATOTRICHOPSIS-OMNIVORA	http://puls.cs.helsinki.fi/med#C-FUNGUS
S	http://puls.cs.helsinki.fi/med#PHYSALIS-WRIGHTII	http://puls.cs.helsinki.fi/med#C-PLANT
S	http://puls.cs.helsinki.fi/med#PHYSALOSPORA-ZEICOLA	http://puls.cs.helsinki.fi/med#C-FUNGUS
S	http://puls.cs.helsinki.fi/med#PHYTOPHORA-BOEHMERIAE	http://puls.cs.helsinki.fi/med#C-DISEASE
S	http://puls.cs.helsinki.fi/med#PHYTOPHTHORA	http://puls.cs.helsinki.fi/med#C-FUNGUS
S	http://puls.cs.helsinki.fi/med#PHYTOPHTHORA-BOEHMERIAE	http://puls.cs.helsinki.fi/med#C-FUNGUS
S	http://puls.cs.helsinki.fi/med#PHYTOPHTHORA-CAMBIVORA	http://puls.cs.helsinki.fi/med#C-FUNGUS
S	http://puls.cs.helsinki.fi/med#PHYTOPHTHORA-INFESTANS	http://puls.cs.helsinki.fi/med#C-FUNGUS
S	http://puls.cs.helsinki.fi/med#PHYTOPLASMA-AUSTRALIENSE	http://puls.cs.helsinki.fi/med#C-AGENT
S	http://puls.cs.helsinki.fi/med#PICORNAVIRIDAE	http://puls.cs.helsinki.fi/med#C-AGENT
S	http://puls.cs.helsinki.fi/med#PID	http://puls.cs.helsinki.fi/med#C-DISEASE
S	http://puls.cs.helsinki.fi/med#PIERCE-S-DISEASE	http://puls.cs.helsinki.fi/med#C-DISEASE
S	http://puls.cs.helsinki.fi/med#PIG-BELLY-DISEASE	http://puls.cs.helsinki.fi/med#C-DISEASE
S	http://puls.cs.helsinki.fi/med#PIMPHALES-PROMELAS	http://puls.cs.helsinki.fi/med#C-ANIMAL
S	http://puls.cs.helsinki.fi/med#PINKEYE	http://puls.cs.helsinki.fi/med#C-DISEASE
S	http://puls.cs.helsinki.fi/med#PINUS	http://puls.cs.helsinki.fi/med#C-DISEASE
S	http://puls.cs.helsinki.fi/med#PINUS-PATULA	http://puls.cs.helsinki.fi/med#C-DISEASE
S	http://puls.cs.helsinki.fi/med#PINWORM-INFECTION	http://puls.cs.helsinki.fi/med#C-DISEASE
S	http://puls.cs.helsinki.fi/med#PIPIENS	http://puls.cs.helsinki.fi/med#C-VECTOR
S	http://puls.cs.helsinki.fi/med#PIROPLASMOSIS	http://puls.cs.helsinki.fi/med#C-DISEASE
S	http://puls.cs.helsinki.fi/med#PISASTER	http://puls.cs.helsinki.fi/med#C-DISEASE
S	http://puls.cs.helsinki.fi/med#PITHOMYCES-CHARTARUM	http://puls.cs.helsinki.fi/med#C-FUNGUS
S	http://puls.cs.helsinki.fi/med#PITTOSPORUM-TOBIRA	http://puls.cs.helsinki.fi/med#C-PLANT
S	http://puls.cs.helsinki.fi/med#PLAGUE	http://puls.cs.helsinki.fi/med#C-DISEASE
S	http://puls.cs.helsinki.fi/med#PLANOCOCCUS-CITRI	http://puls.cs.helsinki.fi/med#C-DISEASE
S	http://puls.cs.helsinki.fi/med#PLANT-GEMINIVIRUSES	http://puls.cs.helsinki.fi/med#C-DISEASE
S	http://puls.cs.helsinki.fi/med#PLANT-TELEDIAGNOSTICS	http://puls.cs.helsinki.fi/med#C-DISEASE
S	http://puls.cs.helsinki.fi/med#PLASMODIUM	http://puls.cs.helsinki.fi/med#C-AGENT
S	http://puls.cs.helsinki.fi/med#PLASMODIUM-BERGHEI	http://puls.cs.helsinki.fi/med#C-AGENT
S	http://puls.cs.helsinki.fi/med#PLASMODIUM-BERGHEI	http://puls.cs.helsinki.fi/med#PLASMODIUM
S	http://puls.cs.helsinki.fi/med#PLASMODIUM-RELICTUM	http://puls.cs.helsinki.fi/med#C-AGENT
S	http://puls.cs.helsinki.fi/med#PLASMODIUM-RELICTUM	http://puls.cs.helsinki.fi/med#PLASMODIUM
S	http://puls.cs.helsinki.fi/med#PLASMODIUM-VIVAX	http://puls.cs.helsinki.fi/med#C-AGENT
S	http://puls.cs.helsinki.fi/med#PLASMODIUM-VIVAX	http://puls.cs.helsinki.fi/med#PLASMODIUM
S	http://puls.cs.helsinki.fi/med#PLASMODIUM-VIVAX-HIBERNANS	http://puls.cs.helsinki.fi/med#C-AGENT
S	http://puls.cs.helsinki.fi/med#PLASMODIUM-VIVAX-HIBERNANS	http://puls.cs.helsinki.fi/med#PLASMODIUM
S	http://puls.cs.helsinki.fi/med#PLASMOPARA-HALSTEDII	http://puls.cs.helsinki.fi/med#C-FUNGUS
S	http://puls.cs.helsinki.fi/med#PLESIOMONAS-SHIGELLOIDES	http://puls.cs.helsinki.fi/med#C-AGENT
S	http://puls.cs.helsinki.fi/med#PLEUROPNEUMONIA	http://puls.cs.helsinki.fi/med#C-DISEASE
S	http://puls.cs.helsinki.fi/med#PLUM-POX-POTYVIRUS	http://puls.cs.helsinki.fi/med#C-VIRUS
S	http://puls.cs.helsinki.fi/med#PNEUMOCYSTIS	http://puls.cs.helsinki.fi/med#C-AGENT
S	http://puls.cs.helsinki.fi/med#PNEUMOCYSTIS-CARINII	http://puls.cs.helsinki.fi/med#C-AGENT
S	http://puls.cs.helsinki.fi/med#PNEUMONIA	http://puls.cs.helsinki.fi/med#C-DISEASE
S	http://puls.cs.helsinki.fi/med#PNEUMONIC-PLAGUE	http://puls.cs.helsinki.fi/med#C-DISEASE
S	http://puls.cs.helsinki.fi/med#PNEUMOVIRUS	http://puls.cs.helsinki.fi/med#C-VIRUS
S	http://puls.cs.helsinki.fi/med#POGONA-VITTATUS	http://puls.cs.helsinki.fi/med#C-DISEASE
S	http://puls.cs.helsinki.fi/med#POLIO	http://puls.cs.helsinki.fi/med#C-VIRUS
S	http://puls.cs.helsinki.fi/med#POLIO	http://puls.cs.helsinki.fi/med#POLIOVIRUS
S	http://puls.cs.helsinki.fi/med#POLIOVIRUS	http://puls.cs.helsinki.fi/med#C-VIRUS
S	http://puls.cs.helsinki.fi/med#POLYGENIS-BOLSHI	http://puls.cs.helsinki.fi/med#C-DISEASE
S	http://puls.cs.helsinki.fi/med#POLYMYXA	http://puls.cs.helsinki.fi/med#C-FUNGUS
S	http://puls.cs.helsinki.fi/med#POLYMYXA-BETA	http://puls.cs.helsinki.fi/med#C-FUNGUS
S	http://puls.cs.helsinki.fi/med#POLYMYXA-BETAE	http://puls.cs.helsinki.fi/med#C-FUNGUS
S	http://puls.cs.helsinki.fi/med#POLYMYXA-GRAMINIS	http://puls.cs.helsinki.fi/med#C-FUNGUS
S	http://puls.cs.helsinki.fi/med#POMONA	http://puls.cs.helsinki.fi/med#C-AGENT
S	http://puls.cs.helsinki.fi/med#PONTIAC-FEVER	http://puls.cs.helsinki.fi/med#C-DISEASE
S	http://puls.cs.helsinki.fi/med#PORK-TAPEWORM-INFECTION	http://puls.cs.helsinki.fi/med#C-DISEASE
S	http://puls.cs.helsinki.fi/med#POTAMOCHOERUS	http://puls.cs.helsinki.fi/med#C-ANIMAL
S	http://puls.cs.helsinki.fi/med#POTATO-BLIGHT	http://puls.cs.helsinki.fi/med#C-DISEASE
S	http://puls.cs.helsinki.fi/med#POTATO-RING-ROT	http://puls.cs.helsinki.fi/med#C-DISEASE
S	http://puls.cs.helsinki.fi/med#POTATO-RUST	http://puls.cs.helsinki.fi/med#C-DISEASE
S	http://puls.cs.helsinki.fi/med#POTATO-SPINDLE-TUBER-VIROID	http://puls.cs.helsinki.fi/med#C-AGENT
S	http://puls.cs.helsinki.fi/med#POTATO-STOLBUR-PHYTOPLASMA	http://puls.cs.helsinki.fi/med#C-DISEASE
S	http://puls.cs.helsinki.fi/med#POTATO-VIRUSES	http://puls.cs.helsinki.fi/med#C-VIRUS
S	http://puls.cs.helsinki.fi/med#POTATO-WART-DISEASE	http://puls.cs.helsinki.fi/med#C-DISEASE
S	http://puls.cs.helsinki.fi/med#POTATO-WILT	http://puls.cs.helsinki.fi/med#C-DISEASE
S	http://puls.cs.helsinki.fi/med#POTATO-YELLOW-MOSAIC-BEGOMOVIRUS	http://puls.cs.helsinki.fi/med#C-VIRUS
S	http://puls.cs.helsinki.fi/med#POULT-ENTERITIS-MORTALITY-SYNDROME	http://puls.cs.helsinki.fi/med#C-DISEASE
S	http://puls.cs.helsinki.fi/med#POXVIRUS	http://puls.cs.helsinki.fi/med#C-VIRUS
S	http://puls.cs.helsinki.fi/med#PRAOMYS	http://puls.cs.helsinki.fi/med#C-DISEASE
S	http://puls.cs.helsinki.fi/med#PRATYLENCHUS	http://puls.cs.helsinki.fi/med#C-DISEASE
S	http://puls.cs.helsinki.fi/med#PRESBYTIS-ENTELLUS	http://puls.cs.helsinki.fi/med#C-VECTOR
S	http://puls.cs.helsinki.fi/med#PREVOTELLA	http://puls.cs.helsinki.fi/med#C-DISEASE
S	http://puls.cs.helsinki.fi/med#PROGRESSIVE-MULTIFOCAL-LEUCOENCEPHALOPATHY	http://puls.cs.helsinki.fi/med#C-DISEASE
S	http://puls.cs.helsinki.fi/med#PROLIFERATIVE-GILL-DISEASE	http://puls.cs.helsinki.fi/med#C-DISEASE
S	http://puls.cs.helsinki.fi/med#PROTEUS	http://puls.cs.helsinki.fi/med#C-BACTERIUM
S	http://puls.cs.helsinki.fi/med#PROTEUS-MORGANII	http://puls.cs.helsinki.fi/med#C-BACTERIUM
S	http://puls.cs.helsinki.fi/med#PROTEUS-MORGANII	http://puls.cs.helsinki.fi/med#PROTEUS
S	http://puls.cs.helsinki.fi/med#PRRS	http://puls.cs.helsinki.fi/med#C-DISEASE
S	http://puls.cs.helsinki.fi/med#PRUNUS	http://puls.cs.helsinki.fi/med#C-PLANT
S	http://puls.cs.helsinki.fi/med#PRUNUS-AVIUM	http://puls.cs.helsinki.fi/med#C-PLANT
S	http://puls.cs.helsinki.fi/med#PRYMNESIUM-PARVUM	http://puls.cs.helsinki.fi/med#C-ALGA
S	http://puls.cs.helsinki.fi/med#PSEUDO-LUMPY-SKIN-DISEASE	http://puls.cs.helsinki.fi/med#C-DISEASE
S	http://puls.cs.helsinki.fi/med#PSEUDOCERCOSPORA-MUSAE	http://puls.cs.helsinki.fi/med#C-DISEASE
S	http://puls.cs.helsinki.fi/med#PSEUDOCERCOSPORELLA-HERPOTRICHOIDES	http://puls.cs.helsinki.fi/med#C-DISEASE
S	http://puls.cs.helsinki.fi/med#PSEUDOMONAS	http://puls.cs.helsinki.fi/med#C-AGENT
S	http://puls.cs.helsinki.fi/med#PSEUDOMONAS-AERUGINOSA	http://puls.cs.helsinki.fi/med#C-AGENT
S	http://puls.cs.helsinki.fi/med#PSEUDOMONAS-CORRUGATA	http://puls.cs.helsinki.fi/med#C-AGENT
S	http://puls.cs.helsinki.fi/med#PSEUDOMONAS-MALLEI	http://puls.cs.helsinki.fi/med#C-AGENT
S	http://puls.cs.helsinki.fi/med#PSEUDOMONAS-MASTITITIS	http://puls.cs.helsinki.fi/med#C-DISEASE
S	http://puls.cs.helsinki.fi/med#PSEUDOMONAS-PSEUDOMALLEI	http://puls.cs.helsinki.fi/med#C-AGENT
S	http://puls.cs.helsinki.fi/med#PSEUDOMONAS-SOLANACEARUM	http://puls.cs.helsinki.fi/med#C-AGENT
S	http://puls.cs.helsinki.fi/med#PSEUDOMONAS-SYRINGAE	http://puls.cs.helsinki.fi/med#C-AGENT
S	http://puls.cs.helsinki.fi/med#PSEUDONITZCHIA	http://puls.cs.helsinki.fi/med#C-DISEASE
S	http://puls.cs.helsinki.fi/med#PSEUDORABIES-VIRUS	http://puls.cs.helsinki.fi/med#C-VIRUS
S	http://puls.cs.helsinki.fi/med#PSEUDORCA-CRESSCIDENS	http://puls.cs.helsinki.fi/med#C-ANIMAL
S	http://puls.cs.helsinki.fi/med#PSEUDOTERRANOVA-DECIPIENS	http://puls.cs.helsinki.fi/med#C-PARASITE
S	http://puls.cs.helsinki.fi/med#PSITTACOSIS	http://puls.cs.helsinki.fi/med#C-DISEASE
S	http://puls.cs.helsinki.fi/med#PSOROPHORA	http://puls.cs.helsinki.fi/med#C-VECTOR
S	http://puls.cs.helsinki.fi/med#PSOROPHORA-FEROX	http://puls.cs.helsinki.fi/med#C-VECTOR
S	http://puls.cs.helsinki.fi/med#PSOROPTIC-MANGE	http://puls.cs.helsinki.fi/med#C-DISEASE
S	http://puls.cs.helsinki.fi/med#PSYCHODOPYGUS	http://puls.cs.helsinki.fi/med#C-DISEASE
S	http://puls.cs.helsinki.fi/med#PTEROPUS	http://puls.cs.helsinki.fi/med#C-VECTOR
S	http://puls.cs.helsinki.fi/med#PTEROPUS-ALECTO	http://puls.cs.helsinki.fi/med#C-VECTOR
S	http://puls.cs.helsinki.fi/med#PTEROPUS-CONSPICILLATUS	http://puls.cs.helsinki.fi/med#C-VECTOR
S	http://puls.cs.helsinki.fi/med#PTEROPUS-NEOHIBERNICUS	http://puls.cs.helsinki.fi/med#C-VECTOR
S	http://puls.cs.helsinki.fi/med#PTEROPUS-POLIOCEPHALUS	http://puls.cs.helsinki.fi/med#C-VECTOR
S	http://puls.cs.helsinki.fi/med#PTEROPUS-SCAPULATUS	http://puls.cs.helsinki.fi/med#C-VECTOR
S	http://puls.cs.helsinki.fi/med#PTEROPUS-TONGANUS	http://puls.cs.helsinki.fi/med#C-ANIMAL
S	http://puls.cs.helsinki.fi/med#PUBIC-LICE-INFESTATION	http://puls.cs.helsinki.fi/med#C-DISEASE
S	http://puls.cs.helsinki.fi/med#PUCCINIA-DISTINCTA	http://puls.cs.helsinki.fi/med#C-FUNGUS
S	http://puls.cs.helsinki.fi/med#PUCCINIA-HORDEI	http://puls.cs.helsinki.fi/med#C-FUNGUS
S	http://puls.cs.helsinki.fi/med#PUCCINIA-KUEHNII	http://puls.cs.helsinki.fi/med#C-FUNGUS
S	http://puls.cs.helsinki.fi/med#PUCCINIA-PITTIERIANA	http://puls.cs.helsinki.fi/med#C-FUNGUS
S	http://puls.cs.helsinki.fi/med#PUCCINIA-PSIDII	http://puls.cs.helsinki.fi/med#C-FUNGUS
S	http://puls.cs.helsinki.fi/med#PUCCINIA-SP-	http://puls.cs.helsinki.fi/med#C-DISEASE
S	http://puls.cs.helsinki.fi/med#PUCCINIA-STRIIFORMIS	http://puls.cs.helsinki.fi/med#C-FUNGUS
S	http://puls.cs.helsinki.fi/med#PUCCINIA-TRITICINA	http://puls.cs.helsinki.fi/med#C-FUNGUS
S	http://puls.cs.helsinki.fi/med#PULEX-IRRITANS	http://puls.cs.helsinki.fi/med#C-DISEASE
S	http://puls.cs.helsinki.fi/med#PULMONARY-TB	http://puls.cs.helsinki.fi/med#C-DISEASE
S	http://puls.cs.helsinki.fi/med#PUNCTIPENNIS	http://puls.cs.helsinki.fi/med#C-VECTOR
S	http://puls.cs.helsinki.fi/med#PURPURIC-FEVER	http://puls.cs.helsinki.fi/med#C-DISEASE
S	http://puls.cs.helsinki.fi/med#PUUMALA-VIRUS	http://puls.cs.helsinki.fi/med#C-VIRUS
S	http://puls.cs.helsinki.fi/med#PYEMIA	http://puls.cs.helsinki.fi/med#C-DISEASE
S	http://puls.cs.helsinki.fi/med#PYRANCANTHA	http://puls.cs.helsinki.fi/med#C-PLANT
S	http://puls.cs.helsinki.fi/med#PYRICULARIA-GRISEA	http://puls.cs.helsinki.fi/med#C-DISEASE
S	http://puls.cs.helsinki.fi/med#PYRIFORME	http://puls.cs.helsinki.fi/med#C-FUNGUS
S	http://puls.cs.helsinki.fi/med#PYRUS	http://puls.cs.helsinki.fi/med#C-PLANT
S	http://puls.cs.helsinki.fi/med#PYRUS-PYRIFOLIA	http://puls.cs.helsinki.fi/med#C-PLANT
S	http://puls.cs.helsinki.fi/med#PYTHIUM	http://puls.cs.helsinki.fi/med#C-FUNGUS
S	http://puls.cs.helsinki.fi/med#PYTHIUM-APHANIDERMATUM	http://puls.cs.helsinki.fi/med#C-FUNGUS
S	http://puls.cs.helsinki.fi/med#PYTHIUM-APHNIDERMATUM	http://puls.cs.helsinki.fi/med#C-FUNGUS
S	http://puls.cs.helsinki.fi/med#Pakistani	http://puls.cs.helsinki.fi/med/concept#Nationality
S	http://puls.cs.helsinki.fi/med#Palestinian	http://puls.cs.helsinki.fi/med/concept#Nationality
S	http://puls.cs.helsinki.fi/med#Panamanian	http://puls.cs.helsinki.fi/med/concept#Nationality
S	http://puls.cs.helsinki.fi/med#Paraguayan	http://puls.cs.helsinki.fi/med/concept#Nationality
S	http://puls.cs.helsinki.fi/med#Peruvian	http://puls.cs.helsinki.fi/med/concept#Nationality
S	http://puls.cs.helsinki.fi/med#Philippine	http://puls.cs.helsinki.fi/med/concept#Nationality
S	http://puls.cs.helsinki.fi/med#Polish	http://puls.cs.helsinki.fi/med/concept#Nationality
S	http://puls.cs.helsinki.fi/med#Polynesian	http://puls.cs.helsinki.fi/med/concept#Nationality
S	http://puls.cs.helsinki.fi/med#Portugese	http://puls.cs.helsinki.fi/med/concept#Nationality
S	http://puls.cs.helsinki.fi/med#PuertoRican	http://puls.cs.helsinki.fi/med/concept#Nationality
S	http://puls.cs.helsinki.fi/med#Q-FEVER	http://puls.cs.helsinki.fi/med#C-DISEASE
S	http://puls.cs.helsinki.fi/med#QUINQUEFASCIATUS	http://puls.cs.helsinki.fi/med#C-VECTOR
S	http://puls.cs.helsinki.fi/med#Qatari	http://puls.cs.helsinki.fi/med/concept#Nationality
S	http://puls.cs.helsinki.fi/med#R-EXULANS	http://puls.cs.helsinki.fi/med#C-DISEASE
S	http://puls.cs.helsinki.fi/med#R-MOOSERI	http://puls.cs.helsinki.fi/med#C-DISEASE
S	http://puls.cs.helsinki.fi/med#R-VAGUM	http://puls.cs.helsinki.fi/med#C-FUNGUS
S	http://puls.cs.helsinki.fi/med#RABBIT-CALICIVIRUS	http://puls.cs.helsinki.fi/med#C-VIRUS
S	http://puls.cs.helsinki.fi/med#RABBIT-ENTEROCOLITIS	http://puls.cs.helsinki.fi/med#C-DISEASE
S	http://puls.cs.helsinki.fi/med#RABBIT-HEMORRHAGIC-DISEASE	http://puls.cs.helsinki.fi/med#C-DISEASE
S	http://puls.cs.helsinki.fi/med#RABBIT-VIRAL-HEMORRHAGIC-DISEASE	http://puls.cs.helsinki.fi/med#C-DISEASE
S	http://puls.cs.helsinki.fi/med#RABIES	http://puls.cs.helsinki.fi/med#C-DISEASE
S	http://puls.cs.helsinki.fi/med#RACCOON-RABIES	http://puls.cs.helsinki.fi/med#C-DISEASE
S	http://puls.cs.helsinki.fi/med#RACOON-ROUNDWORM	http://puls.cs.helsinki.fi/med#C-DISEASE
S	http://puls.cs.helsinki.fi/med#RALSTONIA	http://puls.cs.helsinki.fi/med#C-FUNGUS
S	http://puls.cs.helsinki.fi/med#RALSTONIA-POTATO-WILT	http://puls.cs.helsinki.fi/med#C-DISEASE
S	http://puls.cs.helsinki.fi/med#RALSTONIA-SOLANACEARUM	http://puls.cs.helsinki.fi/med#C-FUNGUS
S	http://puls.cs.helsinki.fi/med#RANA-UTICULARIA	http://puls.cs.helsinki.fi/med#C-ANIMAL
S	http://puls.cs.helsinki.fi/med#RANAVIRUS	http://puls.cs.helsinki.fi/med#C-VIRUS
S	http://puls.cs.helsinki.fi/med#RASH-DISEASE	http://puls.cs.helsinki.fi/med#C-DISEASE
S	http://puls.cs.helsinki.fi/med#RATTUS	http://puls.cs.helsinki.fi/med#C-VECTOR
S	http://puls.cs.helsinki.fi/med#RATTUS-FUSCIPES	http://puls.cs.helsinki.fi/med#C-VECTOR
S	http://puls.cs.helsinki.fi/med#RATTUS-LEUCOPES	http://puls.cs.helsinki.fi/med#C-VECTOR
S	http://puls.cs.helsinki.fi/med#RATTUS-NORVEGICUS	http://puls.cs.helsinki.fi/med#C-VECTOR
S	http://puls.cs.helsinki.fi/med#RATTUS-RAJAH	http://puls.cs.helsinki.fi/med#C-VECTOR
S	http://puls.cs.helsinki.fi/med#RATTUS-RATTUS	http://puls.cs.helsinki.fi/med#C-VECTOR
S	http://puls.cs.helsinki.fi/med#RED-TIDE	http://puls.cs.helsinki.fi/med#C-DISEASE
S	http://puls.cs.helsinki.fi/med#REDUVIIDAE	http://puls.cs.helsinki.fi/med#C-DISEASE
S	http://puls.cs.helsinki.fi/med#REITHRODONTOMYS	http://puls.cs.helsinki.fi/med#C-VECTOR
S	http://puls.cs.helsinki.fi/med#RESISTANT-S-TYPHI	http://puls.cs.helsinki.fi/med#C-DISEASE
S	http://puls.cs.helsinki.fi/med#RETROVIRUS	http://puls.cs.helsinki.fi/med#C-VIRUS
S	http://puls.cs.helsinki.fi/med#RHABDOVIRIDAE	http://puls.cs.helsinki.fi/med#C-VIRUS
S	http://puls.cs.helsinki.fi/med#RHADINOVIRUS	http://puls.cs.helsinki.fi/med#C-VIRUS
S	http://puls.cs.helsinki.fi/med#RHEUMATIC-FEVER	http://puls.cs.helsinki.fi/med#C-DISEASE
S	http://puls.cs.helsinki.fi/med#RHEUMATIC-FEVER-AND-VIRAL-SYNDROME	http://puls.cs.helsinki.fi/med#C-DISEASE
S	http://puls.cs.helsinki.fi/med#RHINITIS	http://puls.cs.helsinki.fi/med#C-SYMPTOM-X
S	http://puls.cs.helsinki.fi/med#RHINOVIRUS	http://puls.cs.helsinki.fi/med#C-DISEASE
S	http://puls.cs.helsinki.fi/med#RHIPICEPHALUS	http://puls.cs.helsinki.fi/med#C-VECTOR
S	http://puls.cs.helsinki.fi/med#RHIPICEPHALUS-APPENDICULATUS	http://puls.cs.helsinki.fi/med#C-VECTOR
S	http://puls.cs.helsinki.fi/med#RHIPICEPHALUS-BURSA	http://puls.cs.helsinki.fi/med#C-VECTOR
S	http://puls.cs.helsinki.fi/med#RHIPICEPHALUS-SANGUINEUS	http://puls.cs.helsinki.fi/med#C-VECTOR
S	http://puls.cs.helsinki.fi/med#RHIZOCTONIA	http://puls.cs.helsinki.fi/med#C-FUNGUS
S	http://puls.cs.helsinki.fi/med#RHIZOCTONIA-SOLANI	http://puls.cs.helsinki.fi/med#C-FUNGUS
S	http://puls.cs.helsinki.fi/med#RHIZOMANIA	http://puls.cs.helsinki.fi/med#C-AGENT
S	http://puls.cs.helsinki.fi/med#RHIZOPYCNIS-VAGUM	http://puls.cs.helsinki.fi/med#C-FUNGUS
S	http://puls.cs.helsinki.fi/med#RHODNIUS-PROLIXUS	http://puls.cs.helsinki.fi/med#C-DISEASE
S	http://puls.cs.helsinki.fi/med#RHODOCOCCUS-EQUI	http://puls.cs.helsinki.fi/med#C-DISEASE
S	http://puls.cs.helsinki.fi/med#RHOPALOSIPHUM-MAIDIS	http://puls.cs.helsinki.fi/med#C-PLANT
S	http://puls.cs.helsinki.fi/med#RHOPALOSIPHUM-RUFIABDOMINALIS	http://puls.cs.helsinki.fi/med#C-PLANT
S	http://puls.cs.helsinki.fi/med#RICE-BLAST	http://puls.cs.helsinki.fi/med#C-DISEASE
S	http://puls.cs.helsinki.fi/med#RICE-DISEASE	http://puls.cs.helsinki.fi/med#C-DISEASE
S	http://puls.cs.helsinki.fi/med#RICE-VIRUS	http://puls.cs.helsinki.fi/med#C-DISEASE
S	http://puls.cs.helsinki.fi/med#RICINUS-COMMUNIS	http://puls.cs.helsinki.fi/med#C-PLANT
S	http://puls.cs.helsinki.fi/med#RICKETTSIA	http://puls.cs.helsinki.fi/med#C-AGENT
S	http://puls.cs.helsinki.fi/med#RICKETTSIA-AFRICAE	http://puls.cs.helsinki.fi/med#C-AGENT
S	http://puls.cs.helsinki.fi/med#RICKETTSIA-CONORII	http://puls.cs.helsinki.fi/med#C-AGENT
S	http://puls.cs.helsinki.fi/med#RICKETTSIA-FELIS	http://puls.cs.helsinki.fi/med#C-AGENT
S	http://puls.cs.helsinki.fi/med#RICKETTSIA-HELVETICA	http://puls.cs.helsinki.fi/med#C-AGENT
S	http://puls.cs.helsinki.fi/med#RICKETTSIA-HELVETICA-MYOCARDITIS	http://puls.cs.helsinki.fi/med#C-DISEASE
S	http://puls.cs.helsinki.fi/med#RICKETTSIA-ISRAELI	http://puls.cs.helsinki.fi/med#C-AGENT
S	http://puls.cs.helsinki.fi/med#RICKETTSIA-MONGOLOTIMONAE	http://puls.cs.helsinki.fi/med#C-AGENT
S	http://puls.cs.helsinki.fi/med#RICKETTSIA-PROWAZEKI	http://puls.cs.helsinki.fi/med#C-AGENT
S	http://puls.cs.helsinki.fi/med#RICKETTSIA-RICKETTSII	http://puls.cs.helsinki.fi/med#C-AGENT
S	http://puls.cs.helsinki.fi/med#RICKETTSIA-TSUTSUGAMUSHI	http://puls.cs.helsinki.fi/med#C-AGENT
S	http://puls.cs.helsinki.fi/med#RICKETTSIA-TYPHI	http://puls.cs.helsinki.fi/med#C-AGENT
S	http://puls.cs.helsinki.fi/med#RICKETTSIACEAE	http://puls.cs.helsinki.fi/med#C-AGENT
S	http://puls.cs.helsinki.fi/med#RICKETTSIALES	http://puls.cs.helsinki.fi/med#C-AGENT
S	http://puls.cs.helsinki.fi/med#RICKETTSIALPOX	http://puls.cs.helsinki.fi/med#C-DISEASE
S	http://puls.cs.helsinki.fi/med#RICKETTSIOSIS	http://puls.cs.helsinki.fi/med#C-DISEASE
S	http://puls.cs.helsinki.fi/med#RIFT-VALLEY-FEVER	http://puls.cs.helsinki.fi/med#C-DISEASE
S	http://puls.cs.helsinki.fi/med#RING-ROT	http://puls.cs.helsinki.fi/med#C-DISEASE
S	http://puls.cs.helsinki.fi/med#RIVER-BLINDNESS	http://puls.cs.helsinki.fi/med#C-DISEASE
S	http://puls.cs.helsinki.fi/med#RMSF	http://puls.cs.helsinki.fi/med#C-DISEASE
S	http://puls.cs.helsinki.fi/med#ROCKY-MOUNTAIN-SPOTTED-FEVER	http://puls.cs.helsinki.fi/med#C-DISEASE
S	http://puls.cs.helsinki.fi/med#ROI	http://puls.cs.helsinki.fi/med#C-ANIMAL
S	http://puls.cs.helsinki.fi/med#ROSEOLA	http://puls.cs.helsinki.fi/med#C-DISEASE
S	http://puls.cs.helsinki.fi/med#ROSS-RIVER-FEVER	http://puls.cs.helsinki.fi/med#C-DISEASE
S	http://puls.cs.helsinki.fi/med#ROSS-RIVER-VIRUS	http://puls.cs.helsinki.fi/med#C-VIRUS
S	http://puls.cs.helsinki.fi/med#ROTAVIRAL-DIARRHEA	http://puls.cs.helsinki.fi/med#C-DISEASE
S	http://puls.cs.helsinki.fi/med#ROTAVIRUS	http://puls.cs.helsinki.fi/med#C-VIRUS
S	http://puls.cs.helsinki.fi/med#ROTAVIRUS-B	http://puls.cs.helsinki.fi/med#C-DISEASE
S	http://puls.cs.helsinki.fi/med#ROTAVIRUS-G9P6	http://puls.cs.helsinki.fi/med#C-DISEASE
S	http://puls.cs.helsinki.fi/med#ROUSETTA-LESCHENAULTI	http://puls.cs.helsinki.fi/med#C-DISEASE
S	http://puls.cs.helsinki.fi/med#ROUSETTUS	http://puls.cs.helsinki.fi/med#C-VECTOR
S	http://puls.cs.helsinki.fi/med#RSV-INFECTION	http://puls.cs.helsinki.fi/med#C-DISEASE
S	http://puls.cs.helsinki.fi/med#RUBELLA	http://puls.cs.helsinki.fi/med#C-DISEASE
S	http://puls.cs.helsinki.fi/med#RUBEOLA	http://puls.cs.helsinki.fi/med#C-DISEASE
S	http://puls.cs.helsinki.fi/med#RUBINI	http://puls.cs.helsinki.fi/med#C-AGENT
S	http://puls.cs.helsinki.fi/med#RUBULAVIRUS	http://puls.cs.helsinki.fi/med#C-VIRUS
S	http://puls.cs.helsinki.fi/med#RUFOCANUS	http://puls.cs.helsinki.fi/med#C-DISEASE
S	http://puls.cs.helsinki.fi/med#RUPICAPRA-RUPICAPRA	http://puls.cs.helsinki.fi/med#C-DISEASE
S	http://puls.cs.helsinki.fi/med#RUTILUS	http://puls.cs.helsinki.fi/med#C-VECTOR
S	http://puls.cs.helsinki.fi/med#Romanian	http://puls.cs.helsinki.fi/med/concept#Nationality
S	http://puls.cs.helsinki.fi/med#Russian	http://puls.cs.helsinki.fi/med/concept#Nationality
S	http://puls.cs.helsinki.fi/med#S-ABORTUSOVIS	http://puls.cs.helsinki.fi/med#C-DISEASE
S	http://puls.cs.helsinki.fi/med#S-BABU-BABU	http://puls.cs.helsinki.fi/med#C-DISEASE
S	http://puls.cs.helsinki.fi/med#S-BAILDON	http://puls.cs.helsinki.fi/med#C-AGENT
S	http://puls.cs.helsinki.fi/med#S-CAROLINENSIS-CAROLINENSIS	http://puls.cs.helsinki.fi/med#C-VECTOR
S	http://puls.cs.helsinki.fi/med#S-CHESTER	http://puls.cs.helsinki.fi/med#C-AGENT
S	http://puls.cs.helsinki.fi/med#S-CUBANA	http://puls.cs.helsinki.fi/med#C-AGENT
S	http://puls.cs.helsinki.fi/med#S-DEMISSUM	http://puls.cs.helsinki.fi/med#C-PLANT
S	http://puls.cs.helsinki.fi/med#S-FLAVIVENTRUS	http://puls.cs.helsinki.fi/med#C-DISEASE
S	http://puls.cs.helsinki.fi/med#S-JAVIANA	http://puls.cs.helsinki.fi/med#C-AGENT
S	http://puls.cs.helsinki.fi/med#S-LOMALINDA	http://puls.cs.helsinki.fi/med#C-AGENT
S	http://puls.cs.helsinki.fi/med#S-MBANDAKA	http://puls.cs.helsinki.fi/med#C-AGENT
S	http://puls.cs.helsinki.fi/med#S-SAPHRA	http://puls.cs.helsinki.fi/med#C-AGENT
S	http://puls.cs.helsinki.fi/med#S-TENNESSEE	http://puls.cs.helsinki.fi/med#C-AGENT
S	http://puls.cs.helsinki.fi/med#SA-SOPERI	http://puls.cs.helsinki.fi/med#C-DISEASE
S	http://puls.cs.helsinki.fi/med#SABETHES-CHLOROPTERUS	http://puls.cs.helsinki.fi/med#C-DISEASE
S	http://puls.cs.helsinki.fi/med#SABIA-HEMORRHAGIC-FEVER	http://puls.cs.helsinki.fi/med#C-DISEASE
S	http://puls.cs.helsinki.fi/med#SABIA-VIRUS	http://puls.cs.helsinki.fi/med#C-VIRUS
S	http://puls.cs.helsinki.fi/med#SACCHAROMYCES-CEREVISIAE	http://puls.cs.helsinki.fi/med#C-AGENT
S	http://puls.cs.helsinki.fi/med#SACCOLAIMUS-FLAVIVENTRUS	http://puls.cs.helsinki.fi/med#C-DISEASE
S	http://puls.cs.helsinki.fi/med#SAIMIRI	http://puls.cs.helsinki.fi/med#C-ANIMAL
S	http://puls.cs.helsinki.fi/med#SAIMIRI-SCIUREUS	http://puls.cs.helsinki.fi/med#C-ANIMAL
S	http://puls.cs.helsinki.fi/med#SALMO-SALAR	http://puls.cs.helsinki.fi/med#C-ANIMAL
S	http://puls.cs.helsinki.fi/med#SALMON-DISEASE	http://puls.cs.helsinki.fi/med#C-DISEASE
S	http://puls.cs.helsinki.fi/med#SALMONELLA	http://puls.cs.helsinki.fi/med#C-AGENT
S	http://puls.cs.helsinki.fi/med#SALMONELLA-AGONA	http://puls.cs.helsinki.fi/med#C-AGENT
S	http://puls.cs.helsinki.fi/med#SALMONELLA-AGONA	http://puls.cs.helsinki.fi/med#SALMONELLA
S	http://puls.cs.helsinki.fi/med#SALMONELLA-ANATUM	http://puls.cs.helsinki.fi/med#C-AGENT
S	http://puls.cs.helsinki.fi/med#SALMONELLA-BLOCKLEY	http://puls.cs.helsinki.fi/med#C-AGENT
S	http://puls.cs.helsinki.fi/med#SALMONELLA-BONGORI	http://puls.cs.helsinki.fi/med#C-AGENT
S	http://puls.cs.helsinki.fi/med#SALMONELLA-BRAENDERUP	http://puls.cs.helsinki.fi/med#C-AGENT
S	http://puls.cs.helsinki.fi/med#SALMONELLA-BRAENDERUP	http://puls.cs.helsinki.fi/med#SALMONELLA
S	http://puls.cs.helsinki.fi/med#SALMONELLA-BRANDENBURG	http://puls.cs.helsinki.fi/med#C-AGENT
S	http://puls.cs.helsinki.fi/med#SALMONELLA-CHOLERAESUIS	http://puls.cs.helsinki.fi/med#C-AGENT
S	http://puls.cs.helsinki.fi/med#SALMONELLA-CHOLERAESUIS	http://puls.cs.helsinki.fi/med#SALMONELLA
S	http://puls.cs.helsinki.fi/med#SALMONELLA-DERBY	http://puls.cs.helsinki.fi/med#C-AGENT
S	http://puls.cs.helsinki.fi/med#SALMONELLA-DERBY	http://puls.cs.helsinki.fi/med#SALMONELLA
S	http://puls.cs.helsinki.fi/med#SALMONELLA-DUBLIN	http://puls.cs.helsinki.fi/med#C-AGENT
S	http://puls.cs.helsinki.fi/med#SALMONELLA-EMEK	http://puls.cs.helsinki.fi/med#C-AGENT
S	http://puls.cs.helsinki.fi/med#SALMONELLA-EMEK	http://puls.cs.helsinki.fi/med#SALMONELLA
S	http://puls.cs.helsinki.fi/med#SALMONELLA-ENTERICA	http://puls.cs.helsinki.fi/med#C-AGENT
S	http://puls.cs.helsinki.fi/med#SALMONELLA-ENTERIDITIS	http://puls.cs.helsinki.fi/med#C-AGENT
S	http://puls.cs.helsinki.fi/med#SALMONELLA-ENTERITIDIS	http://puls.cs.helsinki.fi/med#C-AGENT
S	http://puls.cs.helsinki.fi/med#SALMONELLA-HADAR	http://puls.cs.helsinki.fi/med#C-DISEASE
S	http://puls.cs.helsinki.fi/med#SALMONELLA-HARTFORD	http://puls.cs.helsinki.fi/med#C-AGENT
S	http://puls.cs.helsinki.fi/med#SALMONELLA-HVITTINGFOSS	http://puls.cs.helsinki.fi/med#C-AGENT
S	http://puls.cs.helsinki.fi/med#SALMONELLA-HVITTINGFOSS	http://puls.cs.helsinki.fi/med#SALMONELLA
S	http://puls.cs.helsinki.fi/med#SALMONELLA-INFANTIS	http://puls.cs.helsinki.fi/med#C-AGENT
S	http://puls.cs.helsinki.fi/med#SALMONELLA-INFANTIS	http://puls.cs.helsinki.fi/med#SALMONELLA
S	http://puls.cs.helsinki.fi/med#SALMONELLA-JAVA	http://puls.cs.helsinki.fi/med#C-AGENT
S	http://puls.cs.helsinki.fi/med#SALMONELLA-LIVINGSTONE	http://puls.cs.helsinki.fi/med#C-AGENT
S	http://puls.cs.helsinki.fi/med#SALMONELLA-MANHATTAN	http://puls.cs.helsinki.fi/med#C-AGENT
S	http://puls.cs.helsinki.fi/med#SALMONELLA-MARINA	http://puls.cs.helsinki.fi/med#C-AGENT
S	http://puls.cs.helsinki.fi/med#SALMONELLA-MELEAGRIDIS	http://puls.cs.helsinki.fi/med#C-AGENT
S	http://puls.cs.helsinki.fi/med#SALMONELLA-MENSTON	http://puls.cs.helsinki.fi/med#C-AGENT
S	http://puls.cs.helsinki.fi/med#SALMONELLA-MENSTON	http://puls.cs.helsinki.fi/med#SALMONELLA
S	http://puls.cs.helsinki.fi/med#SALMONELLA-MONTEVIDEO	http://puls.cs.helsinki.fi/med#C-AGENT
S	http://puls.cs.helsinki.fi/med#SALMONELLA-MUENCHEN	http://puls.cs.helsinki.fi/med#C-AGENT
S	http://puls.cs.helsinki.fi/med#SALMONELLA-NEWPORT	http://puls.cs.helsinki.fi/med#C-AGENT
S	http://puls.cs.helsinki.fi/med#SALMONELLA-ORANIENBERG	http://puls.cs.helsinki.fi/med#C-DISEASE
S	http://puls.cs.helsinki.fi/med#SALMONELLA-ORANIENBURG	http://puls.cs.helsinki.fi/med#C-AGENT
S	http://puls.cs.helsinki.fi/med#SALMONELLA-ORANIENBURG	http://puls.cs.helsinki.fi/med#SALMONELLA
S	http://puls.cs.helsinki.fi/med#SALMONELLA-PARATYPHI	http://puls.cs.helsinki.fi/med#C-AGENT
S	http://puls.cs.helsinki.fi/med#SALMONELLA-PARATYPHI-B	http://puls.cs.helsinki.fi/med#C-DISEASE
S	http://puls.cs.helsinki.fi/med#SALMONELLA-POONA	http://puls.cs.helsinki.fi/med#C-AGENT
S	http://puls.cs.helsinki.fi/med#SALMONELLA-POONA	http://puls.cs.helsinki.fi/med#SALMONELLA
S	http://puls.cs.helsinki.fi/med#SALMONELLA-PULLORUM	http://puls.cs.helsinki.fi/med#C-AGENT
S	http://puls.cs.helsinki.fi/med#SALMONELLA-RUBISLAW	http://puls.cs.helsinki.fi/med#C-AGENT
S	http://puls.cs.helsinki.fi/med#SALMONELLA-SCHWARZENGRUND	http://puls.cs.helsinki.fi/med#C-DISEASE
S	http://puls.cs.helsinki.fi/med#SALMONELLA-SENFTENBERG	http://puls.cs.helsinki.fi/med#C-AGENT
S	http://puls.cs.helsinki.fi/med#SALMONELLA-SENFTENBERG	http://puls.cs.helsinki.fi/med#SALMONELLA
S	http://puls.cs.helsinki.fi/med#SALMONELLA-THOMPSON	http://puls.cs.helsinki.fi/med#C-AGENT
S	http://puls.cs.helsinki.fi/med#SALMONELLA-THOMPSON	http://puls.cs.helsinki.fi/med#SALMONELLA
S	http://puls.cs.helsinki.fi/med#SALMONELLA-TILENE	http://puls.cs.helsinki.fi/med#C-AGENT
S	http://puls.cs.helsinki.fi/med#SALMONELLA-TYPHI	http://puls.cs.helsinki.fi/med#C-AGENT
S	http://puls.cs.helsinki.fi/med#SALMONELLA-TYPHIMURIUM	http://puls.cs.helsinki.fi/med#C-AGENT
S	http://puls.cs.helsinki.fi/med#SALMONELLA-TYPHIMURIUM-43	http://puls.cs.helsinki.fi/med#C-AGENT
S	http://puls.cs.helsinki.fi/med#SALMONELLA-TYPHIMURIUM-DT-104	http://puls.cs.helsinki.fi/med#C-AGENT
S	http://puls.cs.helsinki.fi/med#SALMONELLA-TYPHIMURIUM-DT204	http://puls.cs.helsinki.fi/med#C-DISEASE
S	http://puls.cs.helsinki.fi/med#SALMONELLA-TYPHIMURIUM-DT204B	http://puls.cs.helsinki.fi/med#C-DISEASE
S	http://puls.cs.helsinki.fi/med#SALMONELLA-TYPHIMURIUM-PT8	http://puls.cs.helsinki.fi/med#C-DISEASE
S	http://puls.cs.helsinki.fi/med#SALMONELLOSIS	http://puls.cs.helsinki.fi/med#C-DISEASE
S	http://puls.cs.helsinki.fi/med#SANGUINARIA-CANADENSIS	http://puls.cs.helsinki.fi/med#C-DISEASE
S	http://puls.cs.helsinki.fi/med#SAPROLEGNIASIS	http://puls.cs.helsinki.fi/med#C-DISEASE
S	http://puls.cs.helsinki.fi/med#SARCOPS-SCABEII	http://puls.cs.helsinki.fi/med#C-DISEASE
S	http://puls.cs.helsinki.fi/med#SARCOPTES	http://puls.cs.helsinki.fi/med#C-DISEASE
S	http://puls.cs.helsinki.fi/med#SARCOPTES-SCABIEI	http://puls.cs.helsinki.fi/med#C-DISEASE
S	http://puls.cs.helsinki.fi/med#SARS	http://puls.cs.helsinki.fi/med#C-DISEASE
S	http://puls.cs.helsinki.fi/med#SCAB	http://puls.cs.helsinki.fi/med#C-DISEASE
S	http://puls.cs.helsinki.fi/med#SCAB-DISEASE	http://puls.cs.helsinki.fi/med#C-DISEASE
S	http://puls.cs.helsinki.fi/med#SCABIES	http://puls.cs.helsinki.fi/med#C-DISEASE
S	http://puls.cs.helsinki.fi/med#SCAPHOIDEUS-TITANUS	http://puls.cs.helsinki.fi/med#C-VECTOR
S	http://puls.cs.helsinki.fi/med#SCHISTOSOMIASIS	http://puls.cs.helsinki.fi/med#C-DISEASE
S	http://puls.cs.helsinki.fi/med#SCHIZAPHIS-GRAMINUM	http://puls.cs.helsinki.fi/med#C-PLANT
S	http://puls.cs.helsinki.fi/med#SCIURUS	http://puls.cs.helsinki.fi/med#C-ANIMAL
S	http://puls.cs.helsinki.fi/med#SCLEROTINIA	http://puls.cs.helsinki.fi/med#C-DISEASE
S	http://puls.cs.helsinki.fi/med#SCOMBROIDIEA	http://puls.cs.helsinki.fi/med#C-DISEASE
S	http://puls.cs.helsinki.fi/med#SCRAPIE	http://puls.cs.helsinki.fi/med#C-DISEASE
S	http://puls.cs.helsinki.fi/med#SCRUB-TYPHUS	http://puls.cs.helsinki.fi/med#C-DISEASE
S	http://puls.cs.helsinki.fi/med#SECHIUM-EDULE	http://puls.cs.helsinki.fi/med#C-PLANT
S	http://puls.cs.helsinki.fi/med#SECONDARY-PNEUMONIC-PLAGUE	http://puls.cs.helsinki.fi/med#C-DISEASE
S	http://puls.cs.helsinki.fi/med#SEJROE	http://puls.cs.helsinki.fi/med#C-AGENT
S	http://puls.cs.helsinki.fi/med#SEMLIKI-FOREST-VIRUS	http://puls.cs.helsinki.fi/med#C-VIRUS
S	http://puls.cs.helsinki.fi/med#SEPEDONICUS	http://puls.cs.helsinki.fi/med#C-FUNGUS
S	http://puls.cs.helsinki.fi/med#SEPTICEMIC-PLAGUE	http://puls.cs.helsinki.fi/med#C-DISEASE
S	http://puls.cs.helsinki.fi/med#SEPTORIA	http://puls.cs.helsinki.fi/med#C-FUNGUS
S	http://puls.cs.helsinki.fi/med#SERRANO-GOLDEN-MOSAIC-BEGOMOVIRUS	http://puls.cs.helsinki.fi/med#C-VIRUS
S	http://puls.cs.helsinki.fi/med#SERRATIA	http://puls.cs.helsinki.fi/med#C-AGENT
S	http://puls.cs.helsinki.fi/med#SERRATIA-LIQUEFASCENS	http://puls.cs.helsinki.fi/med#C-AGENT
S	http://puls.cs.helsinki.fi/med#SERRATIA-MARCESCENS	http://puls.cs.helsinki.fi/med#C-AGENT
S	http://puls.cs.helsinki.fi/med#SETARIA-GLAUCA	http://puls.cs.helsinki.fi/med#C-PLANT
S	http://puls.cs.helsinki.fi/med#SETARIA-VIRIDIS	http://puls.cs.helsinki.fi/med#C-PLANT
S	http://puls.cs.helsinki.fi/med#SETOPHAGA-RUTICILLA	http://puls.cs.helsinki.fi/med#C-DISEASE
S	http://puls.cs.helsinki.fi/med#SHEEP-POX	http://puls.cs.helsinki.fi/med#C-DISEASE
S	http://puls.cs.helsinki.fi/med#SHEEP-SCRAPIE	http://puls.cs.helsinki.fi/med#C-DISEASE
S	http://puls.cs.helsinki.fi/med#SHIGELLA	http://puls.cs.helsinki.fi/med#C-AGENT
S	http://puls.cs.helsinki.fi/med#SHIGELLA-CONNEY	http://puls.cs.helsinki.fi/med#C-DISEASE
S	http://puls.cs.helsinki.fi/med#SHIGELLA-DYSENTENAE	http://puls.cs.helsinki.fi/med#C-AGENT
S	http://puls.cs.helsinki.fi/med#SHIGELLA-DYSENTERIAE	http://puls.cs.helsinki.fi/med#C-AGENT
S	http://puls.cs.helsinki.fi/med#SHIGELLA-FLEXNERI	http://puls.cs.helsinki.fi/med#C-AGENT
S	http://puls.cs.helsinki.fi/med#SHIGELLA-FLEXNERI-SH-104	http://puls.cs.helsinki.fi/med#C-DISEASE
S	http://puls.cs.helsinki.fi/med#SHIGELLA-SONNEI	http://puls.cs.helsinki.fi/med#C-AGENT
S	http://puls.cs.helsinki.fi/med#SHIGELLOIDES	http://puls.cs.helsinki.fi/med#C-AGENT
S	http://puls.cs.helsinki.fi/med#SHIGELLOSIS	http://puls.cs.helsinki.fi/med#C-DISEASE
S	http://puls.cs.helsinki.fi/med#SHINGLES	http://puls.cs.helsinki.fi/med#C-DISEASE
S	http://puls.cs.helsinki.fi/med#SHRIMP-DISEASE	http://puls.cs.helsinki.fi/med#C-DISEASE
S	http://puls.cs.helsinki.fi/med#SHRIMP-VIRUS	http://puls.cs.helsinki.fi/med#C-DISEASE
S	http://puls.cs.helsinki.fi/med#SIAMEA	http://puls.cs.helsinki.fi/med#C-DISEASE
S	http://puls.cs.helsinki.fi/med#SIDA-RHOMBIFOLIA	http://puls.cs.helsinki.fi/med#C-PLANT
S	http://puls.cs.helsinki.fi/med#SIGMODON	http://puls.cs.helsinki.fi/med#C-VECTOR
S	http://puls.cs.helsinki.fi/med#SIGMODON-ALSTONI	http://puls.cs.helsinki.fi/med#C-VECTOR
S	http://puls.cs.helsinki.fi/med#SIGMODON-HISPIDUS	http://puls.cs.helsinki.fi/med#C-VECTOR
S	http://puls.cs.helsinki.fi/med#SIMARUBA-AMARA	http://puls.cs.helsinki.fi/med#C-DISEASE
S	http://puls.cs.helsinki.fi/med#SIMPLEXVIRUS	http://puls.cs.helsinki.fi/med#C-VIRUS
S	http://puls.cs.helsinki.fi/med#SIMULIUM	http://puls.cs.helsinki.fi/med#C-DISEASE
S	http://puls.cs.helsinki.fi/med#SIN-NOMBRE-VIRUS-INFECTION	http://puls.cs.helsinki.fi/med#C-DISEASE
S	http://puls.cs.helsinki.fi/med#SINALOA-TOMATO-LEAF-CURL-BEGOMOVIRUS	http://puls.cs.helsinki.fi/med#C-VIRUS
S	http://puls.cs.helsinki.fi/med#SINDBIS-VIRUS	http://puls.cs.helsinki.fi/med#ARBOVIRUS
S	http://puls.cs.helsinki.fi/med#SINDBIS-VIRUS	http://puls.cs.helsinki.fi/med#C-VIRUS
S	http://puls.cs.helsinki.fi/med#SINENSIS	http://puls.cs.helsinki.fi/med#C-DISEASE
S	http://puls.cs.helsinki.fi/med#SIPHONOPHORA	http://puls.cs.helsinki.fi/med#C-DISEASE
S	http://puls.cs.helsinki.fi/med#SITIENS	http://puls.cs.helsinki.fi/med#C-VECTOR
S	http://puls.cs.helsinki.fi/med#SMALLPOX	http://puls.cs.helsinki.fi/med#C-DISEASE
S	http://puls.cs.helsinki.fi/med#SMUT-DISEASE	http://puls.cs.helsinki.fi/med#C-DISEASE
S	http://puls.cs.helsinki.fi/med#SNOWSHOE-HARE	http://puls.cs.helsinki.fi/med#C-AGENT
S	http://puls.cs.helsinki.fi/med#SOLANACEAE	http://puls.cs.helsinki.fi/med#C-PLANT
S	http://puls.cs.helsinki.fi/med#SOLANUM	http://puls.cs.helsinki.fi/med#C-PLANT
S	http://puls.cs.helsinki.fi/med#SOLANUM-DULCAMARA	http://puls.cs.helsinki.fi/med#C-PLANT
S	http://puls.cs.helsinki.fi/med#SOLANUM-HISPIDENS	http://puls.cs.helsinki.fi/med#C-PLANT
S	http://puls.cs.helsinki.fi/med#SOLANUM-LUTEUM	http://puls.cs.helsinki.fi/med#C-PLANT
S	http://puls.cs.helsinki.fi/med#SOLANUM-MAURITIANUM	http://puls.cs.helsinki.fi/med#C-PLANT
S	http://puls.cs.helsinki.fi/med#SOLANUM-MELONGENA	http://puls.cs.helsinki.fi/med#C-PLANT
S	http://puls.cs.helsinki.fi/med#SOLANUM-NIGRUM	http://puls.cs.helsinki.fi/med#C-PLANT
S	http://puls.cs.helsinki.fi/med#SOLANUM-TUBEROSUM	http://puls.cs.helsinki.fi/med#C-PLANT
S	http://puls.cs.helsinki.fi/med#SOLENOPSIS	http://puls.cs.helsinki.fi/med#C-DISEASE
S	http://puls.cs.helsinki.fi/med#SOLENOPSIS-INVICTA	http://puls.cs.helsinki.fi/med#C-DISEASE
S	http://puls.cs.helsinki.fi/med#SONCHUS-ARVENSIS	http://puls.cs.helsinki.fi/med#C-PLANT
S	http://puls.cs.helsinki.fi/med#SONORENSIS	http://puls.cs.helsinki.fi/med#C-VECTOR
S	http://puls.cs.helsinki.fi/med#SORGHUM-ERGOT	http://puls.cs.helsinki.fi/med#C-AGENT
S	http://puls.cs.helsinki.fi/med#SORGHUM-HALEPENSE	http://puls.cs.helsinki.fi/med#C-PLANT
S	http://puls.cs.helsinki.fi/med#SOYBEAN-RUST	http://puls.cs.helsinki.fi/med#C-DISEASE
S	http://puls.cs.helsinki.fi/med#SPANISH-FLU	http://puls.cs.helsinki.fi/med#C-DISEASE
S	http://puls.cs.helsinki.fi/med#SPARTINA-ALTERNAFLORA	http://puls.cs.helsinki.fi/med#C-PLANT
S	http://puls.cs.helsinki.fi/med#SPHACELIA-SORGHI	http://puls.cs.helsinki.fi/med#C-DISEASE
S	http://puls.cs.helsinki.fi/med#SPHAERIDIOTREMA-GLOBULUS	http://puls.cs.helsinki.fi/med#C-DISEASE
S	http://puls.cs.helsinki.fi/med#SPHAEROSPORA	http://puls.cs.helsinki.fi/med#C-PARASITE
S	http://puls.cs.helsinki.fi/med#SPHAEROTHECA-HUMULI	http://puls.cs.helsinki.fi/med#C-DISEASE
S	http://puls.cs.helsinki.fi/med#SPHINGOMONAS	http://puls.cs.helsinki.fi/med#C-DISEASE
S	http://puls.cs.helsinki.fi/med#SPINIGERA	http://puls.cs.helsinki.fi/med#C-VECTOR
S	http://puls.cs.helsinki.fi/med#SPONGIFORM-ENCEPHALOPATHY	http://puls.cs.helsinki.fi/med#C-DISEASE
S	http://puls.cs.helsinki.fi/med#SPOROTRICHOSIS	http://puls.cs.helsinki.fi/med#C-DISEASE
S	http://puls.cs.helsinki.fi/med#SPOTTED-FEVER	http://puls.cs.helsinki.fi/med#C-DISEASE
S	http://puls.cs.helsinki.fi/med#SPRING-VIRAEMIA	http://puls.cs.helsinki.fi/med#C-DISEASE
S	http://puls.cs.helsinki.fi/med#ST-LOUIS-ENCEPHALITIS	http://puls.cs.helsinki.fi/med#C-DISEASE
S	http://puls.cs.helsinki.fi/med#STACHYBOTRYS	http://puls.cs.helsinki.fi/med#C-FUNGUS
S	http://puls.cs.helsinki.fi/med#STACHYBOTRYS-ATRA	http://puls.cs.helsinki.fi/med#C-FUNGUS
S	http://puls.cs.helsinki.fi/med#STACHYBOTRYS-CHARTARUM	http://puls.cs.helsinki.fi/med#C-FUNGUS
S	http://puls.cs.helsinki.fi/med#STAPH-SCALDED-SKIN-SYNDROME	http://puls.cs.helsinki.fi/med#C-DISEASE
S	http://puls.cs.helsinki.fi/med#STAPHYLOCOCCUS	http://puls.cs.helsinki.fi/med#C-AGENT
S	http://puls.cs.helsinki.fi/med#STAPHYLOCOCCUS-AUREUS	http://puls.cs.helsinki.fi/med#C-AGENT
S	http://puls.cs.helsinki.fi/med#STAPHYLOCOCCUS-AUREUS	http://puls.cs.helsinki.fi/med#STAPHYLOCOCCUS
S	http://puls.cs.helsinki.fi/med#STAPHYLOCOCCUS-EPIDERMIDIS	http://puls.cs.helsinki.fi/med#C-AGENT
S	http://puls.cs.helsinki.fi/med#STAPHYLOCOCCUS-EPIDERMIDIS	http://puls.cs.helsinki.fi/med#STAPHYLOCOCCUS
S	http://puls.cs.helsinki.fi/med#STAPHYLOCOCCUS-INTERMEDIUS	http://puls.cs.helsinki.fi/med#C-AGENT
S	http://puls.cs.helsinki.fi/med#STAPHYLOCOCCUS-INTERMEDIUS	http://puls.cs.helsinki.fi/med#STAPHYLOCOCCUS
S	http://puls.cs.helsinki.fi/med#STEM-RUST	http://puls.cs.helsinki.fi/med#C-DISEASE
S	http://puls.cs.helsinki.fi/med#STENOCARPELLA-MAYDIS	http://puls.cs.helsinki.fi/med#C-FUNGUS
S	http://puls.cs.helsinki.fi/med#STENOTROPHOMONAS-MALTOPHILIA	http://puls.cs.helsinki.fi/med#C-AGENT
S	http://puls.cs.helsinki.fi/med#STENOTROPHOMONAS-MALTOPHILIA-SEPSIS	http://puls.cs.helsinki.fi/med#C-DISEASE
S	http://puls.cs.helsinki.fi/med#STEWARTII	http://puls.cs.helsinki.fi/med#C-AGENT
S	http://puls.cs.helsinki.fi/med#STOMOXYS-PLAGUE	http://puls.cs.helsinki.fi/med#C-DISEASE
S	http://puls.cs.helsinki.fi/med#STRAWBERRY-ANTHRACNOSE	http://puls.cs.helsinki.fi/med#C-DISEASE
S	http://puls.cs.helsinki.fi/med#STRAWBREAKER-DISEASE	http://puls.cs.helsinki.fi/med#C-DISEASE
S	http://puls.cs.helsinki.fi/med#STREPTOCOCCAL-ILLNESS-DUE-TO-JERBOAS	http://puls.cs.helsinki.fi/med#C-DISEASE
S	http://puls.cs.helsinki.fi/med#STREPTOCOCCAL-TOXIC-SHOCK-SYNDROME	http://puls.cs.helsinki.fi/med#C-DISEASE
S	http://puls.cs.helsinki.fi/med#STREPTOCOCCUS	http://puls.cs.helsinki.fi/med#C-AGENT
S	http://puls.cs.helsinki.fi/med#STREPTOCOCCUS-BOVIS	http://puls.cs.helsinki.fi/med#C-AGENT
S	http://puls.cs.helsinki.fi/med#STREPTOCOCCUS-BOVIS	http://puls.cs.helsinki.fi/med#STREPTOCOCCUS
S	http://puls.cs.helsinki.fi/med#STREPTOCOCCUS-CANIS	http://puls.cs.helsinki.fi/med#C-AGENT
S	http://puls.cs.helsinki.fi/med#STREPTOCOCCUS-CANIS	http://puls.cs.helsinki.fi/med#STREPTOCOCCUS
S	http://puls.cs.helsinki.fi/med#STREPTOCOCCUS-CANUS	http://puls.cs.helsinki.fi/med#C-AGENT
S	http://puls.cs.helsinki.fi/med#STREPTOCOCCUS-CANUS	http://puls.cs.helsinki.fi/med#STREPTOCOCCUS
S	http://puls.cs.helsinki.fi/med#STREPTOCOCCUS-EQUI	http://puls.cs.helsinki.fi/med#C-AGENT
S	http://puls.cs.helsinki.fi/med#STREPTOCOCCUS-EQUI	http://puls.cs.helsinki.fi/med#STREPTOCOCCUS
S	http://puls.cs.helsinki.fi/med#STREPTOCOCCUS-GROUP-A	http://puls.cs.helsinki.fi/med#C-AGENT
S	http://puls.cs.helsinki.fi/med#STREPTOCOCCUS-GROUP-A	http://puls.cs.helsinki.fi/med#STREPTOCOCCUS
S	http://puls.cs.helsinki.fi/med#STREPTOCOCCUS-GROUP-B	http://puls.cs.helsinki.fi/med#C-AGENT
S	http://puls.cs.helsinki.fi/med#STREPTOCOCCUS-GROUP-B	http://puls.cs.helsinki.fi/med#STREPTOCOCCUS
S	http://puls.cs.helsinki.fi/med#STREPTOCOCCUS-INIAE	http://puls.cs.helsinki.fi/med#C-AGENT
S	http://puls.cs.helsinki.fi/med#STREPTOCOCCUS-INIAE	http://puls.cs.helsinki.fi/med#STREPTOCOCCUS
S	http://puls.cs.helsinki.fi/med#STREPTOCOCCUS-PNEUMONIAE	http://puls.cs.helsinki.fi/med#C-AGENT
S	http://puls.cs.helsinki.fi/med#STREPTOCOCCUS-PNEUMONIAE	http://puls.cs.helsinki.fi/med#STREPTOCOCCUS
S	http://puls.cs.helsinki.fi/med#STREPTOCOCCUS-PYOGENES	http://puls.cs.helsinki.fi/med#C-AGENT
S	http://puls.cs.helsinki.fi/med#STREPTOCOCCUS-PYOGENES	http://puls.cs.helsinki.fi/med#STREPTOCOCCUS
S	http://puls.cs.helsinki.fi/med#STREPTOCOCCUS-SUIS	http://puls.cs.helsinki.fi/med#C-AGENT
S	http://puls.cs.helsinki.fi/med#STREPTOCOCCUS-SUIS	http://puls.cs.helsinki.fi/med#STREPTOCOCCUS
S	http://puls.cs.helsinki.fi/med#STRIPE-RUST	http://puls.cs.helsinki.fi/med#C-DISEASE
S	http://puls.cs.helsinki.fi/med#STRONGYLOIDES	http://puls.cs.helsinki.fi/med#C-PARASITE
S	http://puls.cs.helsinki.fi/med#STRONGYLOIDES-STERCOARLIS	http://puls.cs.helsinki.fi/med#C-PARASITE
S	http://puls.cs.helsinki.fi/med#STRONGYLOIDES-STERCORALIS	http://puls.cs.helsinki.fi/med#C-PARASITE
S	http://puls.cs.helsinki.fi/med#STRONGYLOIDIASIS	http://puls.cs.helsinki.fi/med#C-DISEASE
S	http://puls.cs.helsinki.fi/med#STURNIRA-LILIUM	http://puls.cs.helsinki.fi/med#C-DISEASE
S	http://puls.cs.helsinki.fi/med#SUDDEN-DEATH-SYNDROME	http://puls.cs.helsinki.fi/med#C-DISEASE
S	http://puls.cs.helsinki.fi/med#SUNCUS-MURINUS	http://puls.cs.helsinki.fi/med#C-VECTOR
S	http://puls.cs.helsinki.fi/med#SWIMMER-S-ITCH	http://puls.cs.helsinki.fi/med#C-DISEASE
S	http://puls.cs.helsinki.fi/med#SWINE-FLU	http://puls.cs.helsinki.fi/med#C-DISEASE
S	http://puls.cs.helsinki.fi/med#SWINE-HEMORRHAGIC-DISEASE	http://puls.cs.helsinki.fi/med#C-DISEASE
S	http://puls.cs.helsinki.fi/med#SWINE-VESICULAR-DISEASE	http://puls.cs.helsinki.fi/med#C-DISEASE
S	http://puls.cs.helsinki.fi/med#SYLVATIC-PLAGUE	http://puls.cs.helsinki.fi/med#C-DISEASE
S	http://puls.cs.helsinki.fi/med#SYLVATIC-YELLOW-FEVER	http://puls.cs.helsinki.fi/med#C-DISEASE
S	http://puls.cs.helsinki.fi/med#SYNCHYTRIUM-ENDOBIOTICUM	http://puls.cs.helsinki.fi/med#C-FUNGUS
S	http://puls.cs.helsinki.fi/med#SYNOVIAL-CHONDROMETAPLASIA	http://puls.cs.helsinki.fi/med#C-DISEASE
S	http://puls.cs.helsinki.fi/med#SYPHILIS	http://puls.cs.helsinki.fi/med#C-DISEASE
S	http://puls.cs.helsinki.fi/med#SYPNOI-TIF	http://puls.cs.helsinki.fi/med#C-DISEASE
S	http://puls.cs.helsinki.fi/med#SYRINGA-VULGARIS	http://puls.cs.helsinki.fi/med#C-PLANT
S	http://puls.cs.helsinki.fi/med#SYRINGAE	http://puls.cs.helsinki.fi/med#C-AGENT
S	http://puls.cs.helsinki.fi/med#Salvadoran	http://puls.cs.helsinki.fi/med/concept#Nationality
S	http://puls.cs.helsinki.fi/med#Saudi	http://puls.cs.helsinki.fi/med/concept#Nationality
S	http://puls.cs.helsinki.fi/med#Scandinavian	http://puls.cs.helsinki.fi/med/concept#Nationality
S	http://puls.cs.helsinki.fi/med#Senegalese	http://puls.cs.helsinki.fi/med/concept#Nationality
S	http://puls.cs.helsinki.fi/med#SerbNational	http://puls.cs.helsinki.fi/med/concept#National
S	http://puls.cs.helsinki.fi/med#Serbian	http://puls.cs.helsinki.fi/med/concept#Nationality
S	http://puls.cs.helsinki.fi/med#SlovakNational	http://puls.cs.helsinki.fi/med/concept#National
S	http://puls.cs.helsinki.fi/med#Slovakian	http://puls.cs.helsinki.fi/med/concept#Nationality
S	http://puls.cs.helsinki.fi/med#SloveneNational	http://puls.cs.helsinki.fi/med/concept#National
S	http://puls.cs.helsinki.fi/med#Slovenian	http://puls.cs.helsinki.fi/med/concept#Nationality
S	http://puls.cs.helsinki.fi/med#Somali	http://puls.cs.helsinki.fi/med/concept#Nationality
S	http://puls.cs.helsinki.fi/med#SouthAfrican	http://puls.cs.helsinki.fi/med/concept#Nationality
S	http://puls.cs.helsinki.fi/med#SouthAmerican	http://puls.cs.helsinki.fi/med/concept#Nationality
S	http://puls.cs.helsinki.fi/med#SouthAsian	http://puls.cs.helsinki.fi/med/concept#Nationality
S	http://puls.cs.helsinki.fi/med#SoutheastAsian	http://puls.cs.helsinki.fi/med/concept#Nationality
S	http://puls.cs.helsinki.fi/med#Soviet	http://puls.cs.helsinki.fi/med/concept#Nationality
S	http://puls.cs.helsinki.fi/med#SpaniardNational	http://puls.cs.helsinki.fi/med/concept#National
S	http://puls.cs.helsinki.fi/med#Spanish	http://puls.cs.helsinki.fi/med/concept#Nationality
S	http://puls.cs.helsinki.fi/med#SriLankan	http://puls.cs.helsinki.fi/med/concept#Nationality
S	http://puls.cs.helsinki.fi/med#Sudanese	http://puls.cs.helsinki.fi/med/concept#Nationality
S	http://puls.cs.helsinki.fi/med#Surinamese	http://puls.cs.helsinki.fi/med/concept#Nationality
S	http://puls.cs.helsinki.fi/med#SwedeNational	http://puls.cs.helsinki.fi/med/concept#National
S	http://puls.cs.helsinki.fi/med#Swedish	http://puls.cs.helsinki.fi/med/concept#Nationality
S	http://puls.cs.helsinki.fi/med#Swiss	http://puls.cs.helsinki.fi/med/concept#Nationality
S	http://puls.cs.helsinki.fi/med#Syrian	http://puls.cs.helsinki.fi/med/concept#Nationality
S	http://puls.cs.helsinki.fi/med#T-ABUTILONEA	http://puls.cs.helsinki.fi/med#C-VECTOR
S	http://puls.cs.helsinki.fi/med#T-ARNHEMENSIS	http://puls.cs.helsinki.fi/med#C-DISEASE
S	http://puls.cs.helsinki.fi/med#T-BARCLAYANA	http://puls.cs.helsinki.fi/med#C-FUNGUS
S	http://puls.cs.helsinki.fi/med#T-BRUCEII	http://puls.cs.helsinki.fi/med#C-PARASITE
S	http://puls.cs.helsinki.fi/med#T-CANINUS	http://puls.cs.helsinki.fi/med#C-DISEASE
S	http://puls.cs.helsinki.fi/med#T-EQUIPERDUM	http://puls.cs.helsinki.fi/med#C-PARASITE
S	http://puls.cs.helsinki.fi/med#T-FUSCA	http://puls.cs.helsinki.fi/med#C-DISEASE
S	http://puls.cs.helsinki.fi/med#T-GAMBIENSE	http://puls.cs.helsinki.fi/med#C-PARASITE
S	http://puls.cs.helsinki.fi/med#T-INUNGUIS	http://puls.cs.helsinki.fi/med#C-ANIMAL
S	http://puls.cs.helsinki.fi/med#T-NELSONI	http://puls.cs.helsinki.fi/med#C-DISEASE
S	http://puls.cs.helsinki.fi/med#T-PARVA-BOVIS	http://puls.cs.helsinki.fi/med#C-AGENT
S	http://puls.cs.helsinki.fi/med#T-PARVA-PARVA	http://puls.cs.helsinki.fi/med#C-AGENT
S	http://puls.cs.helsinki.fi/med#T-PISANA	http://puls.cs.helsinki.fi/med#C-DISEASE
S	http://puls.cs.helsinki.fi/med#T-PROTRACTA	http://puls.cs.helsinki.fi/med#C-DISEASE
S	http://puls.cs.helsinki.fi/med#T-SAGINATA-ASIATICA	http://puls.cs.helsinki.fi/med#C-DISEASE
S	http://puls.cs.helsinki.fi/med#T-SENEGALENSIS	http://puls.cs.helsinki.fi/med#C-ANIMAL
S	http://puls.cs.helsinki.fi/med#T-SOLIUM	http://puls.cs.helsinki.fi/med#C-DISEASE
S	http://puls.cs.helsinki.fi/med#T-SPINOLAI	http://puls.cs.helsinki.fi/med#C-VECTOR
S	http://puls.cs.helsinki.fi/med#T-THEILERI	http://puls.cs.helsinki.fi/med#C-PARASITE
S	http://puls.cs.helsinki.fi/med#T-TRITICI	http://puls.cs.helsinki.fi/med#C-DISEASE
S	http://puls.cs.helsinki.fi/med#T-VAPORARIORIUM	http://puls.cs.helsinki.fi/med#C-VECTOR
S	http://puls.cs.helsinki.fi/med#T-VENTRICOSUM	http://puls.cs.helsinki.fi/med#C-DISEASE
S	http://puls.cs.helsinki.fi/med#TADARIDA-BRASILIENSIS	http://puls.cs.helsinki.fi/med#C-VECTOR
S	http://puls.cs.helsinki.fi/med#TAENIA	http://puls.cs.helsinki.fi/med#C-DISEASE
S	http://puls.cs.helsinki.fi/med#TAENIA-SAGINATA	http://puls.cs.helsinki.fi/med#C-DISEASE
S	http://puls.cs.helsinki.fi/med#TAENIASIS	http://puls.cs.helsinki.fi/med#C-DISEASE
S	http://puls.cs.helsinki.fi/med#TAKE-ALL-DISEASE	http://puls.cs.helsinki.fi/med#C-DISEASE
S	http://puls.cs.helsinki.fi/med#TAPEWORM	http://puls.cs.helsinki.fi/med#C-PARASITE
S	http://puls.cs.helsinki.fi/med#TAPEWORM-INFECTION	http://puls.cs.helsinki.fi/med#C-DISEASE
S	http://puls.cs.helsinki.fi/med#TAUDACTYLUS-ACUTIROSTRIS	http://puls.cs.helsinki.fi/med#C-ANIMAL
S	http://puls.cs.helsinki.fi/med#TAYLORELLA-EQUIGENITALIS	http://puls.cs.helsinki.fi/med#C-DISEASE
S	http://puls.cs.helsinki.fi/med#TENUIVIRUS	http://puls.cs.helsinki.fi/med#C-VIRUS
S	http://puls.cs.helsinki.fi/med#TEPHROSIA-VOJELI	http://puls.cs.helsinki.fi/med#C-DISEASE
S	http://puls.cs.helsinki.fi/med#TETANUS	http://puls.cs.helsinki.fi/med#C-DISEASE
S	http://puls.cs.helsinki.fi/med#TETRAGONIA-EXPANSA	http://puls.cs.helsinki.fi/med#C-PLANT
S	http://puls.cs.helsinki.fi/med#TETRAODONTIDAE	http://puls.cs.helsinki.fi/med#C-ANIMAL
S	http://puls.cs.helsinki.fi/med#TEXAS-PEPPER-BEGOMOVIRUS	http://puls.cs.helsinki.fi/med#C-VIRUS
S	http://puls.cs.helsinki.fi/med#THALASSEMIA	http://puls.cs.helsinki.fi/med#C-NON-INFECTIOUS-DISEASE
S	http://puls.cs.helsinki.fi/med#THEBA-PISANA	http://puls.cs.helsinki.fi/med#C-DISEASE
S	http://puls.cs.helsinki.fi/med#THEILERIA	http://puls.cs.helsinki.fi/med#C-AGENT
S	http://puls.cs.helsinki.fi/med#THEILERIA-ANNULATA	http://puls.cs.helsinki.fi/med#C-AGENT
S	http://puls.cs.helsinki.fi/med#THEILERIA-PARVA	http://puls.cs.helsinki.fi/med#C-AGENT
S	http://puls.cs.helsinki.fi/med#THEILERIA-PARVA-LAWRENCEI	http://puls.cs.helsinki.fi/med#C-AGENT
S	http://puls.cs.helsinki.fi/med#THEILERIA-PARVA-LAWRENCEII	http://puls.cs.helsinki.fi/med#C-AGENT
S	http://puls.cs.helsinki.fi/med#THOGOTOVIRUS	http://puls.cs.helsinki.fi/med#C-VIRUS
S	http://puls.cs.helsinki.fi/med#THRIPS-PALMI	http://puls.cs.helsinki.fi/med#C-PLANT
S	http://puls.cs.helsinki.fi/med#THRIPS-TABACI	http://puls.cs.helsinki.fi/med#C-VECTOR
S	http://puls.cs.helsinki.fi/med#THRUSH	http://puls.cs.helsinki.fi/med#C-ANIMAL
S	http://puls.cs.helsinki.fi/med#TICK-TYPHUS	http://puls.cs.helsinki.fi/med#C-DISEASE
S	http://puls.cs.helsinki.fi/med#TILAPIA	http://puls.cs.helsinki.fi/med#C-ANIMAL
S	http://puls.cs.helsinki.fi/med#TILENE	http://puls.cs.helsinki.fi/med#C-DISEASE
S	http://puls.cs.helsinki.fi/med#TILLETIA	http://puls.cs.helsinki.fi/med#C-FUNGUS
S	http://puls.cs.helsinki.fi/med#TILLETIA-CARIES	http://puls.cs.helsinki.fi/med#C-FUNGUS
S	http://puls.cs.helsinki.fi/med#TILLETIA-CONTROVERSA	http://puls.cs.helsinki.fi/med#C-FUNGUS
S	http://puls.cs.helsinki.fi/med#TILLETIA-INDICA	http://puls.cs.helsinki.fi/med#C-FUNGUS
S	http://puls.cs.helsinki.fi/med#TILLETIA-WALKERI	http://puls.cs.helsinki.fi/med#C-FUNGUS
S	http://puls.cs.helsinki.fi/med#TINANGAJA-DISEASE	http://puls.cs.helsinki.fi/med#C-DISEASE
S	http://puls.cs.helsinki.fi/med#TOGAVIRIDAE	http://puls.cs.helsinki.fi/med#C-AGENT
S	http://puls.cs.helsinki.fi/med#TOMATO-AND-PEPPER-BEGOMOVIRUSES	http://puls.cs.helsinki.fi/med#C-DISEASE
S	http://puls.cs.helsinki.fi/med#TOMATO-CHLOROSIS-CRINIVIRUS	http://puls.cs.helsinki.fi/med#C-VIRUS
S	http://puls.cs.helsinki.fi/med#TOMATO-CHLOROSIS-VIRUS	http://puls.cs.helsinki.fi/med#C-VIRUS
S	http://puls.cs.helsinki.fi/med#TOMATO-DWARF-LEAF-CURL-VIRUS	http://puls.cs.helsinki.fi/med#C-VIRUS
S	http://puls.cs.helsinki.fi/med#TOMATO-GEMINIVIRUSES	http://puls.cs.helsinki.fi/med#C-DISEASE
S	http://puls.cs.helsinki.fi/med#TOMATO-GOLDEN-MOSAIC-BEGOMOVIRUS	http://puls.cs.helsinki.fi/med#C-VIRUS
S	http://puls.cs.helsinki.fi/med#TOMATO-LEAF-CURL-BEGOMOVIRUS	http://puls.cs.helsinki.fi/med#C-VIRUS
S	http://puls.cs.helsinki.fi/med#TOMATO-MILD-CHLOROSIS-VIRUS	http://puls.cs.helsinki.fi/med#C-VIRUS
S	http://puls.cs.helsinki.fi/med#TOMATO-RUGOSE-MOSAIC-VIRUS	http://puls.cs.helsinki.fi/med#C-VIRUS
S	http://puls.cs.helsinki.fi/med#TOMATO-SPOTTED-WILT-TOSPOVIRUS	http://puls.cs.helsinki.fi/med#C-VIRUS
S	http://puls.cs.helsinki.fi/med#TOMATO-YELLOW-LEAF-CURL-BEGOMOVIRUS	http://puls.cs.helsinki.fi/med#C-VIRUS
S	http://puls.cs.helsinki.fi/med#TOMATO-YELLOW-MOSAIC-BEGOMOVIRUS	http://puls.cs.helsinki.fi/med#C-VIRUS
S	http://puls.cs.helsinki.fi/med#TOSPOVIRUS	http://puls.cs.helsinki.fi/med#C-VIRUS
S	http://puls.cs.helsinki.fi/med#TOXIC-SHOCK-SYNDROME	http://puls.cs.helsinki.fi/med#C-DISEASE
S	http://puls.cs.helsinki.fi/med#TOXOCARA-INFECTION	http://puls.cs.helsinki.fi/med#C-DISEASE
S	http://puls.cs.helsinki.fi/med#TOXOCARIASIS	http://puls.cs.helsinki.fi/med#C-DISEASE
S	http://puls.cs.helsinki.fi/med#TOXOPLASMA	http://puls.cs.helsinki.fi/med#C-PARASITE
S	http://puls.cs.helsinki.fi/med#TOXOPLASMA-GONDII	http://puls.cs.helsinki.fi/med#C-PARASITE
S	http://puls.cs.helsinki.fi/med#TOXOPLASMOSIS	http://puls.cs.helsinki.fi/med#C-DISEASE
S	http://puls.cs.helsinki.fi/med#TOXOPTERA-CITRICIDA	http://puls.cs.helsinki.fi/med#C-DISEASE
S	http://puls.cs.helsinki.fi/med#TRACHOMA	http://puls.cs.helsinki.fi/med#C-DISEASE
S	http://puls.cs.helsinki.fi/med#TRANSMISSIBLE-SPONGIFORM-ENCEPHALOPATHY	http://puls.cs.helsinki.fi/med#C-DISEASE
S	http://puls.cs.helsinki.fi/med#TRANSMISSION-TRANSMITTED-VIRUS	http://puls.cs.helsinki.fi/med#C-DISEASE
S	http://puls.cs.helsinki.fi/med#TREMATODES	http://puls.cs.helsinki.fi/med#C-DISEASE
S	http://puls.cs.helsinki.fi/med#TREPONEMA-PALLIDUM	http://puls.cs.helsinki.fi/med#C-DISEASE
S	http://puls.cs.helsinki.fi/med#TRIALEURODES-RICINI	http://puls.cs.helsinki.fi/med#C-VECTOR
S	http://puls.cs.helsinki.fi/med#TRIALEURODES-VAPORARIORUM	http://puls.cs.helsinki.fi/med#C-VECTOR
S	http://puls.cs.helsinki.fi/med#TRIATOMA-INFESTANS	http://puls.cs.helsinki.fi/med#C-VECTOR
S	http://puls.cs.helsinki.fi/med#TRIATOMA-RUBROFASCIATA	http://puls.cs.helsinki.fi/med#C-VECTOR
S	http://puls.cs.helsinki.fi/med#TRICHECHUS-MANATUS	http://puls.cs.helsinki.fi/med#C-ANIMAL
S	http://puls.cs.helsinki.fi/med#TRICHINELLA	http://puls.cs.helsinki.fi/med#C-AGENT
S	http://puls.cs.helsinki.fi/med#TRICHINELLA-BRITOVI	http://puls.cs.helsinki.fi/med#C-PARASITE
S	http://puls.cs.helsinki.fi/med#TRICHINELLA-NATIVA	http://puls.cs.helsinki.fi/med#C-PARASITE
S	http://puls.cs.helsinki.fi/med#TRICHINELLA-PSEUDOSPIRALIS	http://puls.cs.helsinki.fi/med#C-PARASITE
S	http://puls.cs.helsinki.fi/med#TRICHINELLA-SPIRALIS	http://puls.cs.helsinki.fi/med#C-PARASITE
S	http://puls.cs.helsinki.fi/med#TRICHINELLOSIS	http://puls.cs.helsinki.fi/med#C-DISEASE
S	http://puls.cs.helsinki.fi/med#TRICHINOSIS	http://puls.cs.helsinki.fi/med#C-DISEASE
S	http://puls.cs.helsinki.fi/med#TRICHODINA	http://puls.cs.helsinki.fi/med#C-PARASITE
S	http://puls.cs.helsinki.fi/med#TRICHOMONIASIS	http://puls.cs.helsinki.fi/med#C-DISEASE
S	http://puls.cs.helsinki.fi/med#TRICHOPHYRA	http://puls.cs.helsinki.fi/med#C-DISEASE
S	http://puls.cs.helsinki.fi/med#TRICHURIASIS	http://puls.cs.helsinki.fi/med#C-DISEASE
S	http://puls.cs.helsinki.fi/med#TRICHURIS-VULPIS	http://puls.cs.helsinki.fi/med#C-DISEASE
S	http://puls.cs.helsinki.fi/med#TRIFOLIUM-REPENS	http://puls.cs.helsinki.fi/med#C-PLANT
S	http://puls.cs.helsinki.fi/med#TRISERIATUS	http://puls.cs.helsinki.fi/med#C-VECTOR
S	http://puls.cs.helsinki.fi/med#TRITICI	http://puls.cs.helsinki.fi/med#C-DISEASE
S	http://puls.cs.helsinki.fi/med#TRITICUM-AESTIVUM	http://puls.cs.helsinki.fi/med#C-PLANT
S	http://puls.cs.helsinki.fi/med#TROMBICULIDAE	http://puls.cs.helsinki.fi/med#C-VECTOR
S	http://puls.cs.helsinki.fi/med#TRPANOSOMA-BRUCEI-RHODESIENSE	http://puls.cs.helsinki.fi/med#C-PARASITE
S	http://puls.cs.helsinki.fi/med#TRYP-RHODESIENSE	http://puls.cs.helsinki.fi/med#C-PARASITE
S	http://puls.cs.helsinki.fi/med#TRYPANOSOMA	http://puls.cs.helsinki.fi/med#C-PARASITE
S	http://puls.cs.helsinki.fi/med#TRYPANOSOMA-BRUCEI	http://puls.cs.helsinki.fi/med#C-PARASITE
S	http://puls.cs.helsinki.fi/med#TRYPANOSOMA-BRUCEI-BRUCEI	http://puls.cs.helsinki.fi/med#C-PARASITE
S	http://puls.cs.helsinki.fi/med#TRYPANOSOMA-BRUCEI-GAMBIENSE	http://puls.cs.helsinki.fi/med#C-PARASITE
S	http://puls.cs.helsinki.fi/med#TRYPANOSOMA-BRUCEI-RHODESIENSE	http://puls.cs.helsinki.fi/med#C-PARASITE
S	http://puls.cs.helsinki.fi/med#TRYPANOSOMA-BRUCEI-SENSU-LATO	http://puls.cs.helsinki.fi/med#C-PARASITE
S	http://puls.cs.helsinki.fi/med#TRYPANOSOMA-CONGOLENSE	http://puls.cs.helsinki.fi/med#C-PARASITE
S	http://puls.cs.helsinki.fi/med#TRYPANOSOMA-CRUZI	http://puls.cs.helsinki.fi/med#C-PARASITE
S	http://puls.cs.helsinki.fi/med#TRYPANOSOMA-CYCLOPS	http://puls.cs.helsinki.fi/med#C-PARASITE
S	http://puls.cs.helsinki.fi/med#TRYPANOSOMA-EVANSI	http://puls.cs.helsinki.fi/med#C-PARASITE
S	http://puls.cs.helsinki.fi/med#TRYPANOSOMA-LEWISI	http://puls.cs.helsinki.fi/med#C-PARASITE
S	http://puls.cs.helsinki.fi/med#TRYPANOSOMA-PTEROPI	http://puls.cs.helsinki.fi/med#C-PARASITE
S	http://puls.cs.helsinki.fi/med#TRYPANOSOMA-SIMIAE	http://puls.cs.helsinki.fi/med#C-PARASITE
S	http://puls.cs.helsinki.fi/med#TRYPANOSOMA-VIVAX	http://puls.cs.helsinki.fi/med#C-PARASITE
S	http://puls.cs.helsinki.fi/med#TRYPANOSOMIASIS	http://puls.cs.helsinki.fi/med#C-DISEASE
S	http://puls.cs.helsinki.fi/med#TT-VIRUS	http://puls.cs.helsinki.fi/med#C-VIRUS
S	http://puls.cs.helsinki.fi/med#TTV-INFECTION	http://puls.cs.helsinki.fi/med#C-DISEASE
S	http://puls.cs.helsinki.fi/med#TUBERCULOSIS	http://puls.cs.helsinki.fi/med#C-DISEASE
S	http://puls.cs.helsinki.fi/med#TULAREMIA	http://puls.cs.helsinki.fi/med#C-DISEASE
S	http://puls.cs.helsinki.fi/med#TULARENSIS	http://puls.cs.helsinki.fi/med#C-AGENT
S	http://puls.cs.helsinki.fi/med#TURDUS-MERULA	http://puls.cs.helsinki.fi/med#C-BIRD
S	http://puls.cs.helsinki.fi/med#TURTLE-PAPILLOMA-VIRUS	http://puls.cs.helsinki.fi/med#C-DISEASE
S	http://puls.cs.helsinki.fi/med#TYPHOID	http://puls.cs.helsinki.fi/med#C-DISEASE
S	http://puls.cs.helsinki.fi/med#TYPHOID-FEVER	http://puls.cs.helsinki.fi/med#C-DISEASE
S	http://puls.cs.helsinki.fi/med#TYPHUS	http://puls.cs.helsinki.fi/med#C-DISEASE
S	http://puls.cs.helsinki.fi/med#TYPHUS-EXANTHEMATIQUE	http://puls.cs.helsinki.fi/med#C-DISEASE
S	http://puls.cs.helsinki.fi/med#Tadjik	http://puls.cs.helsinki.fi/med/concept#Nationality
S	http://puls.cs.helsinki.fi/med#Tahitian	http://puls.cs.helsinki.fi/med/concept#Nationality
S	http://puls.cs.helsinki.fi/med#Taiwanese	http://puls.cs.helsinki.fi/med/concept#Nationality
S	http://puls.cs.helsinki.fi/med#Tanzanian	http://puls.cs.helsinki.fi/med/concept#Nationality
S	http://puls.cs.helsinki.fi/med#Thai	http://puls.cs.helsinki.fi/med/concept#Nationality
S	http://puls.cs.helsinki.fi/med#Tibetan	http://puls.cs.helsinki.fi/med/concept#Nationality
S	http://puls.cs.helsinki.fi/med#Timorese	http://puls.cs.helsinki.fi/med/concept#Nationality
S	http://puls.cs.helsinki.fi/med#Tongan	http://puls.cs.helsinki.fi/med/concept#Nationality
S	http://puls.cs.helsinki.fi/med#Tunisian	http://puls.cs.helsinki.fi/med/concept#Nationality
S	http://puls.cs.helsinki.fi/med#TurkNational	http://puls.cs.helsinki.fi/med/concept#National
S	http://puls.cs.helsinki.fi/med#Turkish	http://puls.cs.helsinki.fi/med/concept#Nationality
S	http://puls.cs.helsinki.fi/med#Turkmen	http://puls.cs.helsinki.fi/med/concept#Nationality
S	http://puls.cs.helsinki.fi/med#Tuvaluan	http://puls.cs.helsinki.fi/med/concept#Nationality
S	http://puls.cs.helsinki.fi/med#ULLUCUS-TUBEROSUS	http://puls.cs.helsinki.fi/med#C-DISEASE
S	http://puls.cs.helsinki.fi/med#ULMUS	http://puls.cs.helsinki.fi/med#C-PLANT
S	http://puls.cs.helsinki.fi/med#ULUA	http://puls.cs.helsinki.fi/med#C-ANIMAL
S	http://puls.cs.helsinki.fi/med#UNCINARIA-STENOCEPHALA	http://puls.cs.helsinki.fi/med#C-DISEASE
S	http://puls.cs.helsinki.fi/med#UNDULANT-FEVER	http://puls.cs.helsinki.fi/med#C-DISEASE
S	http://puls.cs.helsinki.fi/med#UNKNOWN-DISEASE	http://puls.cs.helsinki.fi/med#C-DISEASE
S	http://puls.cs.helsinki.fi/med#URBAN-YELLOW-FEVER	http://puls.cs.helsinki.fi/med#C-DISEASE
S	http://puls.cs.helsinki.fi/med#URI-VIRAL-SYNDROME	http://puls.cs.helsinki.fi/med#C-DISEASE
S	http://puls.cs.helsinki.fi/med#UROCYON-CINEREOARGENTEUS	http://puls.cs.helsinki.fi/med#C-DISEASE
S	http://puls.cs.helsinki.fi/med#USTILAGINOIDEA-VIRENS	http://puls.cs.helsinki.fi/med#C-FUNGUS
S	http://puls.cs.helsinki.fi/med#USUTU-VIRUS	http://puls.cs.helsinki.fi/med#ARBOVIRUS
S	http://puls.cs.helsinki.fi/med#USUTU-VIRUS	http://puls.cs.helsinki.fi/med#C-VIRUS
S	http://puls.cs.helsinki.fi/med#Ugandan	http://puls.cs.helsinki.fi/med/concept#Nationality
S	http://puls.cs.helsinki.fi/med#Ukranian	http://puls.cs.helsinki.fi/med/concept#Nationality
S	http://puls.cs.helsinki.fi/med#UkranianNational	http://puls.cs.helsinki.fi/med/concept#National
S	http://puls.cs.helsinki.fi/med#Uruguayan	http://puls.cs.helsinki.fi/med/concept#Nationality
S	http://puls.cs.helsinki.fi/med#Uzbek	http://puls.cs.helsinki.fi/med/concept#Nationality
S	http://puls.cs.helsinki.fi/med#V-MIMICUS	http://puls.cs.helsinki.fi/med#C-AGENT
S	http://puls.cs.helsinki.fi/med#VACCINIA-VIRUS	http://puls.cs.helsinki.fi/med#C-VIRUS
S	http://puls.cs.helsinki.fi/med#VAGINAL-YEAST-INFECTION	http://puls.cs.helsinki.fi/med#C-DISEASE
S	http://puls.cs.helsinki.fi/med#VALLEY-FEVER	http://puls.cs.helsinki.fi/med#C-DISEASE
S	http://puls.cs.helsinki.fi/med#VARICELLA	http://puls.cs.helsinki.fi/med#C-DISEASE
S	http://puls.cs.helsinki.fi/med#VARROA	http://puls.cs.helsinki.fi/med#C-PARASITE
S	http://puls.cs.helsinki.fi/med#VARROA-JACOBSONI	http://puls.cs.helsinki.fi/med#C-PARASITE
S	http://puls.cs.helsinki.fi/med#VCJD	http://puls.cs.helsinki.fi/med#C-DISEASE
S	http://puls.cs.helsinki.fi/med#VENEZUELAN-EQUINE-ENCEPHALITIS	http://puls.cs.helsinki.fi/med#C-DISEASE
S	http://puls.cs.helsinki.fi/med#VENEZUELAN-HEMORRHAGIC-FEVER	http://puls.cs.helsinki.fi/med#C-DISEASE
S	http://puls.cs.helsinki.fi/med#VERTICILLIUM-DAHLIAE	http://puls.cs.helsinki.fi/med#C-FUNGUS
S	http://puls.cs.helsinki.fi/med#VESICULAR-STOMATITIS	http://puls.cs.helsinki.fi/med#C-DISEASE
S	http://puls.cs.helsinki.fi/med#VESICULOVIRUS	http://puls.cs.helsinki.fi/med#C-VIRUS
S	http://puls.cs.helsinki.fi/med#VETERINARY-VIRUSES	http://puls.cs.helsinki.fi/med#C-DISEASE
S	http://puls.cs.helsinki.fi/med#VEXANS	http://puls.cs.helsinki.fi/med#C-VECTOR
S	http://puls.cs.helsinki.fi/med#VIBRIO	http://puls.cs.helsinki.fi/med#C-AGENT
S	http://puls.cs.helsinki.fi/med#VIBRIO-ALGINOLYTICUS	http://puls.cs.helsinki.fi/med#C-AGENT
S	http://puls.cs.helsinki.fi/med#VIBRIO-CHOLERA	http://puls.cs.helsinki.fi/med#C-AGENT
S	http://puls.cs.helsinki.fi/med#VIBRIO-PARAHAEMOLYTICUS	http://puls.cs.helsinki.fi/med#C-AGENT
S	http://puls.cs.helsinki.fi/med#VIBRIO-VULNIFICANS	http://puls.cs.helsinki.fi/med#C-AGENT
S	http://puls.cs.helsinki.fi/med#VIRAL-CONJUNCTIVITIS	http://puls.cs.helsinki.fi/med#C-DISEASE
S	http://puls.cs.helsinki.fi/med#VIRAL-ENCEPHALITIS	http://puls.cs.helsinki.fi/med#C-DISEASE
S	http://puls.cs.helsinki.fi/med#VIRAL-HEMORRHAGIC-DISEASE	http://puls.cs.helsinki.fi/med#C-DISEASE
S	http://puls.cs.helsinki.fi/med#VIRAL-HEMORRHAGIC-FEVER	http://puls.cs.helsinki.fi/med#C-DISEASE
S	http://puls.cs.helsinki.fi/med#VIRAL-HEMORRHAGIC-SEPTICEMIA	http://puls.cs.helsinki.fi/med#C-DISEASE
S	http://puls.cs.helsinki.fi/med#VIRAL-HEPATITIS	http://puls.cs.helsinki.fi/med#C-DISEASE
S	http://puls.cs.helsinki.fi/med#VIRAL-MENINGITIS	http://puls.cs.helsinki.fi/med#C-DISEASE
S	http://puls.cs.helsinki.fi/med#VIRAL-MYOCARDITIS	http://puls.cs.helsinki.fi/med#C-DISEASE
S	http://puls.cs.helsinki.fi/med#VIRULENT-NEWCASTLE-DISEASE	http://puls.cs.helsinki.fi/med#C-DISEASE
S	http://puls.cs.helsinki.fi/med#VISCERAL-LARVA-MIGRANS	http://puls.cs.helsinki.fi/med#C-DISEASE
S	http://puls.cs.helsinki.fi/med#VISCERAL-LEISHMANIASIS	http://puls.cs.helsinki.fi/med#C-DISEASE
S	http://puls.cs.helsinki.fi/med#VITIS	http://puls.cs.helsinki.fi/med#C-PLANT
S	http://puls.cs.helsinki.fi/med#VIVAX	http://puls.cs.helsinki.fi/med#C-AGENT
S	http://puls.cs.helsinki.fi/med#VOZVRATNY-TYF	http://puls.cs.helsinki.fi/med#C-DISEASE
S	http://puls.cs.helsinki.fi/med#VSV-NJ	http://puls.cs.helsinki.fi/med#C-DISEASE
S	http://puls.cs.helsinki.fi/med#VTEC-O-157	http://puls.cs.helsinki.fi/med#C-DISEASE
S	http://puls.cs.helsinki.fi/med#VULVOVAGINAL-CANDIDIASIS	http://puls.cs.helsinki.fi/med#C-DISEASE
S	http://puls.cs.helsinki.fi/med#VZV-INFECTION	http://puls.cs.helsinki.fi/med#C-DISEASE
S	http://puls.cs.helsinki.fi/med#Venezuelan	http://puls.cs.helsinki.fi/med/concept#Nationality
S	http://puls.cs.helsinki.fi/med#Vietnamese	http://puls.cs.helsinki.fi/med/concept#Nationality
S	http://puls.cs.helsinki.fi/med#W-BANCROFTI	http://puls.cs.helsinki.fi/med#C-DISEASE
S	http://puls.cs.helsinki.fi/med#WATERMELON-CHLOROTIC-STUNT-BEGOMOVIRUS	http://puls.cs.helsinki.fi/med#C-AGENT
S	http://puls.cs.helsinki.fi/med#WEST-AFRICAN-TRYPANOSOMIASIS	http://puls.cs.helsinki.fi/med#C-DISEASE
S	http://puls.cs.helsinki.fi/med#WEST-NILE-VIRUS	http://puls.cs.helsinki.fi/med#ARBOVIRUS
S	http://puls.cs.helsinki.fi/med#WEST-NILE-VIRUS	http://puls.cs.helsinki.fi/med#C-VIRUS
S	http://puls.cs.helsinki.fi/med#WESTERN-EQUINE-ENCEPHALITIS	http://puls.cs.helsinki.fi/med#C-DISEASE
S	http://puls.cs.helsinki.fi/med#WHEAT-BUNTS-AND-SMUTS	http://puls.cs.helsinki.fi/med#C-DISEASE
S	http://puls.cs.helsinki.fi/med#WHEAT-MOSAIC-VIRUS	http://puls.cs.helsinki.fi/med#C-VIRUS
S	http://puls.cs.helsinki.fi/med#WHEAT-STEM-RUST	http://puls.cs.helsinki.fi/med#C-DISEASE
S	http://puls.cs.helsinki.fi/med#WHIPWORM-INFECTION	http://puls.cs.helsinki.fi/med#C-DISEASE
S	http://puls.cs.helsinki.fi/med#WHIRLING-DISEASE	http://puls.cs.helsinki.fi/med#C-DISEASE
S	http://puls.cs.helsinki.fi/med#WHITE-POX	http://puls.cs.helsinki.fi/med#C-DISEASE
S	http://puls.cs.helsinki.fi/med#WHITE-SPOT-VIRUS	http://puls.cs.helsinki.fi/med#C-VIRUS
S	http://puls.cs.helsinki.fi/med#WILDLIFE-RABIES	http://puls.cs.helsinki.fi/med#C-DISEASE
S	http://puls.cs.helsinki.fi/med#WILSONIA-CANADENSIS	http://puls.cs.helsinki.fi/med#C-DISEASE
S	http://puls.cs.helsinki.fi/med#WOBBLY-POSSUM-VIRUS	http://puls.cs.helsinki.fi/med#C-DISEASE
S	http://puls.cs.helsinki.fi/med#WOUND-BOTULISM	http://puls.cs.helsinki.fi/med#BOTULISM
S	http://puls.cs.helsinki.fi/med#WOUND-BOTULISM	http://puls.cs.helsinki.fi/med#C-DISEASE
S	http://puls.cs.helsinki.fi/med#WUCHERERIA-BANCROFTI	http://puls.cs.helsinki.fi/med#C-DISEASE
S	http://puls.cs.helsinki.fi/med#XANTHIUM-SPINOSUM	http://puls.cs.helsinki.fi/med#C-PLANT
S	http://puls.cs.helsinki.fi/med#XANTHOMONAS-ALBILINEANS	http://puls.cs.helsinki.fi/med#C-AGENT
S	http://puls.cs.helsinki.fi/med#XANTHOMONAS-AXONOPODIS	http://puls.cs.helsinki.fi/med#C-AGENT
S	http://puls.cs.helsinki.fi/med#XANTHOMONAS-AXONOPODIS-PV-CITRI	http://puls.cs.helsinki.fi/med#C-AGENT
S	http://puls.cs.helsinki.fi/med#XANTHOMONAS-ORYZAE	http://puls.cs.helsinki.fi/med#C-AGENT
S	http://puls.cs.helsinki.fi/med#XANTHOMONAS-VESICATORIA	http://puls.cs.helsinki.fi/med#C-AGENT
S	http://puls.cs.helsinki.fi/med#XANTHOSOMA	http://puls.cs.helsinki.fi/med#C-DISEASE
S	http://puls.cs.helsinki.fi/med#XENOPSYLLA	http://puls.cs.helsinki.fi/med#C-DISEASE
S	http://puls.cs.helsinki.fi/med#XENOPSYLLA-BRASILIENSIS	http://puls.cs.helsinki.fi/med#C-DISEASE
S	http://puls.cs.helsinki.fi/med#XENOPSYLLA-CHAEOPIS	http://puls.cs.helsinki.fi/med#C-VECTOR
S	http://puls.cs.helsinki.fi/med#XYELLA-FASTIDIOSA	http://puls.cs.helsinki.fi/med#C-AGENT
S	http://puls.cs.helsinki.fi/med#XYLELLA	http://puls.cs.helsinki.fi/med#C-AGENT
S	http://puls.cs.helsinki.fi/med#XYLELLA-FASTIDIOSA	http://puls.cs.helsinki.fi/med#C-AGENT
S	http://puls.cs.helsinki.fi/med#XYLOPHILUS-AMPELINUS	http://puls.cs.helsinki.fi/med#C-AGENT
S	http://puls.cs.helsinki.fi/med#YATSUSHIROENSIS	http://puls.cs.helsinki.fi/med#C-DISEASE
S	http://puls.cs.helsinki.fi/med#YAWS	http://puls.cs.helsinki.fi/med#C-DISEASE
S	http://puls.cs.helsinki.fi/med#YELLOW-FEVER	http://puls.cs.helsinki.fi/med#C-DISEASE
S	http://puls.cs.helsinki.fi/med#YELLOW-HEAD-VIRUS	http://puls.cs.helsinki.fi/med#C-DISEASE
S	http://puls.cs.helsinki.fi/med#YERSINIA	http://puls.cs.helsinki.fi/med#C-AGENT
S	http://puls.cs.helsinki.fi/med#YERSINIA-ENTEROCOLITA	http://puls.cs.helsinki.fi/med#C-AGENT
S	http://puls.cs.helsinki.fi/med#YERSINIA-ENTEROCOLITICA	http://puls.cs.helsinki.fi/med#C-AGENT
S	http://puls.cs.helsinki.fi/med#YERSINIA-ENTEROCOLYTICA	http://puls.cs.helsinki.fi/med#C-AGENT
S	http://puls.cs.helsinki.fi/med#YERSINIA-PESTIS	http://puls.cs.helsinki.fi/med#C-AGENT
S	http://puls.cs.helsinki.fi/med#YERSINIA-PSEUDOTUBERCULOSIS	http://puls.cs.helsinki.fi/med#C-AGENT
S	http://puls.cs.helsinki.fi/med#YERSINIOSIS	http://puls.cs.helsinki.fi/med#C-DISEASE
S	http://puls.cs.helsinki.fi/med#Yemeni	http://puls.cs.helsinki.fi/med/concept#Nationality
S	http://puls.cs.helsinki.fi/med#YugoslavNational	http://puls.cs.helsinki.fi/med/concept#National
S	http://puls.cs.helsinki.fi/med#Yugoslavian	http://puls.cs.helsinki.fi/med/concept#Nationality
S	http://puls.cs.helsinki.fi/med#ZEA-MAYS	http://puls.cs.helsinki.fi/med#C-PLANT
S	http://puls.cs.helsinki.fi/med#ZOSTER	http://puls.cs.helsinki.fi/med#C-DISEASE
S	http://puls.cs.helsinki.fi/med#ZYGODONTOMYS-BREVICAUDA	http://puls.cs.helsinki.fi/med#C-VECTOR
S	http://puls.cs.helsinki.fi/med#Zairian	http://puls.cs.helsinki.fi/med/concept#Nationality
S	http://puls.cs.helsinki.fi/med#Zambian	http://puls.cs.helsinki.fi/med/concept#Nationality
S	http://puls.cs.helsinki.fi/med#Zimbabwean	http://puls.cs.helsinki.fi/med/concept#Nationality
S	http://puls.cs.helsinki.fi/med/concept#ANGIOSTRONGYLUS	http://grapson.com/concept#Concept
S	http://puls.cs.helsinki.fi/med/concept#ANGIOSTRONGYLUS	http://grapson.com/meta#Meta
S	http://puls.cs.helsinki.fi/med/concept#ANGIOSTRONGYLUS	http://grapson.com/meta#Object
S	http://puls.cs.helsinki.fi/med/concept#ANGIOSTRONGYLUS	http://grapson.com/meta#Pun
S	http://puls.cs.helsinki.fi/med/concept#ANGIOSTRONGYLUS	http://puls.cs.helsinki.fi/med/concept#C-ANYTHING
S	http://puls.cs.helsinki.fi/med/concept#ANGIOSTRONGYLUS	http://puls.cs.helsinki.fi/med/concept#C-PARASITE
S	http://puls.cs.helsinki.fi/med/concept#ANTHRAX	http://grapson.com/concept#Concept
S	http://puls.cs.helsinki.fi/med/concept#ANTHRAX	http://grapson.com/meta#Meta
S	http://puls.cs.helsinki.fi/med/concept#ANTHRAX	http://grapson.com/meta#Object
S	http://puls.cs.helsinki.fi/med/concept#ANTHRAX	http://grapson.com/meta#Pun
S	http://puls.cs.helsinki.fi/med/concept#ANTHRAX	http://puls.cs.helsinki.fi/med/concept#C-ANYTHING
S	http://puls.cs.helsinki.fi/med/concept#ANTHRAX	http://puls.cs.helsinki.fi/med/concept#C-BACTERIUM
S	http://puls.cs.helsinki.fi/med/concept#ARBOVIRUS	http://grapson.com/concept#Concept
S	http://puls.cs.helsinki.fi/med/concept#ARBOVIRUS	http://grapson.com/meta#Meta
S	http://puls.cs.helsinki.fi/med/concept#ARBOVIRUS	http://grapson.com/meta#Object
S	http://puls.cs.helsinki.fi/med/concept#ARBOVIRUS	http://grapson.com/meta#Pun
S	http://puls.cs.helsinki.fi/med/concept#ARBOVIRUS	http://puls.cs.helsinki.fi/med/concept#C-ANYTHING
S	http://puls.cs.helsinki.fi/med/concept#ARBOVIRUS	http://puls.cs.helsinki.fi/med/concept#C-VIRUS
S	http://puls.cs.helsinki.fi/med/concept#ARENAVIRUS	http://grapson.com/concept#Concept
S	http://puls.cs.helsinki.fi/med/concept#ARENAVIRUS	http://grapson.com/meta#Meta
S	http://puls.cs.helsinki.fi/med/concept#ARENAVIRUS	http://grapson.com/meta#Object
S	http://puls.cs.helsinki.fi/med/concept#ARENAVIRUS	http://grapson.com/meta#Pun
S	http://puls.cs.helsinki.fi/med/concept#ARENAVIRUS	http://puls.cs.helsinki.fi/med/concept#C-ANYTHING
S	http://puls.cs.helsinki.fi/med/concept#ARENAVIRUS	http://puls.cs.helsinki.fi/med/concept#C-VIRUS
S	http://puls.cs.helsinki.fi/med/concept#BORDETELLA	http://grapson.com/concept#Concept
S	http://puls.cs.helsinki.fi/med/concept#BORDETELLA	http://grapson.com/meta#Meta
S	http://puls.cs.helsinki.fi/med/concept#BORDETELLA	http://grapson.com/meta#Object
S	http://puls.cs.helsinki.fi/med/concept#BORDETELLA	http://grapson.com/meta#Pun
S	http://puls.cs.helsinki.fi/med/concept#BORDETELLA	http://puls.cs.helsinki.fi/med/concept#C-ANYTHING
S	http://puls.cs.helsinki.fi/med/concept#BORDETELLA	http://puls.cs.helsinki.fi/med/concept#C-BACTERIUM
S	http://puls.cs.helsinki.fi/med/concept#BORRELIA	http://grapson.com/concept#Concept
S	http://puls.cs.helsinki.fi/med/concept#BORRELIA	http://grapson.com/meta#Meta
S	http://puls.cs.helsinki.fi/med/concept#BORRELIA	http://grapson.com/meta#Object
S	http://puls.cs.helsinki.fi/med/concept#BORRELIA	http://grapson.com/meta#Pun
S	http://puls.cs.helsinki.fi/med/concept#BORRELIA	http://puls.cs.helsinki.fi/med/concept#C-ANYTHING
S	http://puls.cs.helsinki.fi/med/concept#BORRELIA	http://puls.cs.helsinki.fi/med/concept#C-BACTERIUM
S	http://puls.cs.helsinki.fi/med/concept#BOTULISM	http://grapson.com/concept#Concept
S	http://puls.cs.helsinki.fi/med/concept#BOTULISM	http://grapson.com/meta#Meta
S	http://puls.cs.helsinki.fi/med/concept#BOTULISM	http://grapson.com/meta#Object
S	http://puls.cs.helsinki.fi/med/concept#BOTULISM	http://grapson.com/meta#Pun
S	http://puls.cs.helsinki.fi/med/concept#BOTULISM	http://puls.cs.helsinki.fi/med/concept#C-ANYTHING
S	http://puls.cs.helsinki.fi/med/concept#BOTULISM	http://puls.cs.helsinki.fi/med/concept#C-DISEASE
S	http://puls.cs.helsinki.fi/med/concept#BRUCELLA	http://grapson.com/concept#Concept
S	http://puls.cs.helsinki.fi/med/concept#BRUCELLA	http://grapson.com/meta#Meta
S	http://puls.cs.helsinki.fi/med/concept#BRUCELLA	http://grapson.com/meta#Object
S	http://puls.cs.helsinki.fi/med/concept#BRUCELLA	http://grapson.com/meta#Pun
S	http://puls.cs.helsinki.fi/med/concept#BRUCELLA	http://puls.cs.helsinki.fi/med/concept#C-ANYTHING
S	http://puls.cs.helsinki.fi/med/concept#BRUCELLA	http://puls.cs.helsinki.fi/med/concept#C-BACTERIUM
S	http://puls.cs.helsinki.fi/med/concept#C-AGENT	http://grapson.com/concept#Concept
S	http://puls.cs.helsinki.fi/med/concept#C-AGENT	http://grapson.com/meta#Meta
S	http://puls.cs.helsinki.fi/med/concept#C-AGENT	http://grapson.com/meta#Object
S	http://puls.cs.helsinki.fi/med/concept#C-AGENT	http://grapson.com/meta#Pun
S	http://puls.cs.helsinki.fi/med/concept#C-AGENT	http://puls.cs.helsinki.fi/med/concept#C-ANYTHING
S	http://puls.cs.helsinki.fi/med/concept#C-ALGA	http://grapson.com/concept#Concept
S	http://puls.cs.helsinki.fi/med/concept#C-ALGA	http://grapson.com/meta#Meta
S	http://puls.cs.helsinki.fi/med/concept#C-ALGA	http://grapson.com/meta#Object
S	http://puls.cs.helsinki.fi/med/concept#C-ALGA	http://grapson.com/meta#Pun
S	http://puls.cs.helsinki.fi/med/concept#C-ALGA	http://puls.cs.helsinki.fi/med/concept#C-ANYTHING
S	http://puls.cs.helsinki.fi/med/concept#C-ANIMAL	http://grapson.com/concept#Concept
S	http://puls.cs.helsinki.fi/med/concept#C-ANIMAL	http://grapson.com/meta#Meta
S	http://puls.cs.helsinki.fi/med/concept#C-ANIMAL	http://grapson.com/meta#Object
S	http://puls.cs.helsinki.fi/med/concept#C-ANIMAL	http://grapson.com/meta#Pun
S	http://puls.cs.helsinki.fi/med/concept#C-ANIMAL	http://puls.cs.helsinki.fi/med/concept#C-ANYTHING
S	http://puls.cs.helsinki.fi/med/concept#C-ANYTHING	http://grapson.com/concept#Concept
S	http://puls.cs.helsinki.fi/med/concept#C-ANYTHING	http://grapson.com/meta#Meta
S	http://puls.cs.helsinki.fi/med/concept#C-ANYTHING	http://grapson.com/meta#Object
S	http://puls.cs.helsinki.fi/med/concept#C-ANYTHING	http://grapson.com/meta#Pun
S	http://puls.cs.helsinki.fi/med/concept#C-BACTERIUM	http://grapson.com/concept#Concept
S	http://puls.cs.helsinki.fi/med/concept#C-BACTERIUM	http://grapson.com/meta#Meta
S	http://puls.cs.helsinki.fi/med/concept#C-BACTERIUM	http://grapson.com/meta#Object
S	http://puls.cs.helsinki.fi/med/concept#C-BACTERIUM	http://grapson.com/meta#Pun
S	http://puls.cs.helsinki.fi/med/concept#C-BACTERIUM	http://puls.cs.helsinki.fi/med/concept#C-ANYTHING
S	http://puls.cs.helsinki.fi/med/concept#C-BIRD	http://grapson.com/concept#Concept
S	http://puls.cs.helsinki.fi/med/concept#C-BIRD	http://grapson.com/meta#Meta
S	http://puls.cs.helsinki.fi/med/concept#C-BIRD	http://grapson.com/meta#Object
S	http://puls.cs.helsinki.fi/med/concept#C-BIRD	http://grapson.com/meta#Pun
S	http://puls.cs.helsinki.fi/med/concept#C-BIRD	http://puls.cs.helsinki.fi/med/concept#C-ANIMAL
S	http://puls.cs.helsinki.fi/med/concept#C-BIRD	http://puls.cs.helsinki.fi/med/concept#C-ANYTHING
S	http://puls.cs.helsinki.fi/med/concept#C-DISEASE	http://grapson.com/concept#Concept
S	http://puls.cs.helsinki.fi/med/concept#C-DISEASE	http://grapson.com/meta#Meta
S	http://puls.cs.helsinki.fi/med/concept#C-DISEASE	http://grapson.com/meta#Object
S	http://puls.cs.helsinki.fi/med/concept#C-DISEASE	http://grapson.com/meta#Pun
S	http://puls.cs.helsinki.fi/med/concept#C-DISEASE	http://puls.cs.helsinki.fi/med/concept#C-ANYTHING
S	http://puls.cs.helsinki.fi/med/concept#C-FUNGUS	http://grapson.com/concept#Concept
S	http://puls.cs.helsinki.fi/med/concept#C-FUNGUS	http://grapson.com/meta#Meta
S	http://puls.cs.helsinki.fi/med/concept#C-FUNGUS	http://grapson.com/meta#Object
S	http://puls.cs.helsinki.fi/med/concept#C-FUNGUS	http://grapson.com/meta#Pun
S	http://puls.cs.helsinki.fi/med/concept#C-FUNGUS	http://puls.cs.helsinki.fi/med/concept#C-ANYTHING
S	http://puls.cs.helsinki.fi/med/concept#C-NON-INFECTIOUS-DISEASE	http://grapson.com/concept#Concept
S	http://puls.cs.helsinki.fi/med/concept#C-NON-INFECTIOUS-DISEASE	http://grapson.com/meta#Meta
S	http://puls.cs.helsinki.fi/med/concept#C-NON-INFECTIOUS-DISEASE	http://grapson.com/meta#Object
S	http://puls.cs.helsinki.fi/med/concept#C-NON-INFECTIOUS-DISEASE	http://grapson.com/meta#Pun
S	http://puls.cs.helsinki.fi/med/concept#C-NON-INFECTIOUS-DISEASE	http://puls.cs.helsinki.fi/med/concept#C-ANYTHING
S	http://puls.cs.helsinki.fi/med/concept#C-PARASITE	http://grapson.com/concept#Concept
S	http://puls.cs.helsinki.fi/med/concept#C-PARASITE	http://grapson.com/meta#Meta
S	http://puls.cs.helsinki.fi/med/concept#C-PARASITE	http://grapson.com/meta#Object
S	http://puls.cs.helsinki.fi/med/concept#C-PARASITE	http://grapson.com/meta#Pun
S	http://puls.cs.helsinki.fi/med/concept#C-PARASITE	http://puls.cs.helsinki.fi/med/concept#C-ANYTHING
S	http://puls.cs.helsinki.fi/med/concept#C-PLANT	http://grapson.com/concept#Concept
S	http://puls.cs.helsinki.fi/med/concept#C-PLANT	http://grapson.com/meta#Meta
S	http://puls.cs.helsinki.fi/med/concept#C-PLANT	http://grapson.com/meta#Object
S	http://puls.cs.helsinki.fi/med/concept#C-PLANT	http://grapson.com/meta#Pun
S	http://puls.cs.helsinki.fi/med/concept#C-PLANT	http://puls.cs.helsinki.fi/med/concept#C-ANYTHING
S	http://puls.cs.helsinki.fi/med/concept#C-SYMPTOM-X	http://grapson.com/concept#Concept
S	http://puls.cs.helsinki.fi/med/concept#C-SYMPTOM-X	http://grapson.com/meta#Meta
S	http://puls.cs.helsinki.fi/med/concept#C-SYMPTOM-X	http://grapson.com/meta#Object
S	http://puls.cs.helsinki.fi/med/concept#C-SYMPTOM-X	http://grapson.com/meta#Pun
S	http://puls.cs.helsinki.fi/med/concept#C-SYMPTOM-X	http://puls.cs.helsinki.fi/med/concept#C-ANYTHING
S	http://puls.cs.helsinki.fi/med/concept#C-VECTOR	http://grapson.com/concept#Concept
S	http://puls.cs.helsinki.fi/med/concept#C-VECTOR	http://grapson.com/meta#Meta
S	http://puls.cs.helsinki.fi/med/concept#C-VECTOR	http://grapson.com/meta#Object
S	http://puls.cs.helsinki.fi/med/concept#C-VECTOR	http://grapson.com/meta#Pun
S	http://puls.cs.helsinki.fi/med/concept#C-VECTOR	http://puls.cs.helsinki.fi/med/concept#C-ANYTHING
S	http://puls.cs.helsinki.fi/med/concept#C-VIRUS	http://grapson.com/concept#Concept
S	http://puls.cs.helsinki.fi/med/concept#C-VIRUS	http://grapson.com/meta#Meta
S	http://puls.cs.helsinki.fi/med/concept#C-VIRUS	http://grapson.com/meta#Object
S	http://puls.cs.helsinki.fi/med/concept#C-VIRUS	http://grapson.com/meta#Pun
S	http://puls.cs.helsinki.fi/med/concept#C-VIRUS	http://puls.cs.helsinki.fi/med/concept#C-ANYTHING
S	http://puls.cs.helsinki.fi/med/concept#E-COLI	http://grapson.com/concept#Concept
S	http://puls.cs.helsinki.fi/med/concept#E-COLI	http://grapson.com/meta#Meta
S	http://puls.cs.helsinki.fi/med/concept#E-COLI	http://grapson.com/meta#Object
S	http://puls.cs.helsinki.fi/med/concept#E-COLI	http://grapson.com/meta#Pun
S	http://puls.cs.helsinki.fi/med/concept#E-COLI	http://puls.cs.helsinki.fi/med/concept#C-ANYTHING
S	http://puls.cs.helsinki.fi/med/concept#E-COLI	http://puls.cs.helsinki.fi/med/concept#C-BACTERIUM
S	http://puls.cs.helsinki.fi/med/concept#GLOSSINA	http://grapson.com/concept#Concept
S	http://puls.cs.helsinki.fi/med/concept#GLOSSINA	http://grapson.com/meta#Meta
S	http://puls.cs.helsinki.fi/med/concept#GLOSSINA	http://grapson.com/meta#Object
S	http://puls.cs.helsinki.fi/med/concept#GLOSSINA	http://grapson.com/meta#Pun
S	http://puls.cs.helsinki.fi/med/concept#GLOSSINA	http://puls.cs.helsinki.fi/med/concept#C-ANYTHING
S	http://puls.cs.helsinki.fi/med/concept#GLOSSINA	http://puls.cs.helsinki.fi/med/concept#C-VECTOR
S	http://puls.cs.helsinki.fi/med/concept#LEGIONELLA	http://grapson.com/concept#Concept
S	http://puls.cs.helsinki.fi/med/concept#LEGIONELLA	http://grapson.com/meta#Meta
S	http://puls.cs.helsinki.fi/med/concept#LEGIONELLA	http://grapson.com/meta#Object
S	http://puls.cs.helsinki.fi/med/concept#LEGIONELLA	http://grapson.com/meta#Pun
S	http://puls.cs.helsinki.fi/med/concept#LEGIONELLA	http://puls.cs.helsinki.fi/med/concept#C-ANYTHING
S	http://puls.cs.helsinki.fi/med/concept#LEGIONELLA	http://puls.cs.helsinki.fi/med/concept#C-BACTERIUM
S	http://puls.cs.helsinki.fi/med/concept#LEGIONELLA-PNEUMOPHILA	http://grapson.com/concept#Concept
S	http://puls.cs.helsinki.fi/med/concept#LEGIONELLA-PNEUMOPHILA	http://grapson.com/meta#Meta
S	http://puls.cs.helsinki.fi/med/concept#LEGIONELLA-PNEUMOPHILA	http://grapson.com/meta#Object
S	http://puls.cs.helsinki.fi/med/concept#LEGIONELLA-PNEUMOPHILA	http://grapson.com/meta#Pun
S	http://puls.cs.helsinki.fi/med/concept#LEGIONELLA-PNEUMOPHILA	http://puls.cs.helsinki.fi/med/concept#C-ANYTHING
S	http://puls.cs.helsinki.fi/med/concept#LEGIONELLA-PNEUMOPHILA	http://puls.cs.helsinki.fi/med/concept#C-BACTERIUM
S	http://puls.cs.helsinki.fi/med/concept#LEGIONELLA-PNEUMOPHILA	http://puls.cs.helsinki.fi/med/concept#LEGIONELLA
S	http://puls.cs.helsinki.fi/med/concept#POLIOVIRUS	http://grapson.com/concept#Concept
S	http://puls.cs.helsinki.fi/med/concept#POLIOVIRUS	http://grapson.com/meta#Meta
S	http://puls.cs.helsinki.fi/med/concept#POLIOVIRUS	http://grapson.com/meta#Object
S	http://puls.cs.helsinki.fi/med/concept#POLIOVIRUS	http://grapson.com/meta#Pun
S	http://puls.cs.helsinki.fi/med/concept#POLIOVIRUS	http://puls.cs.helsinki.fi/med/concept#C-ANYTHING
S	http://puls.cs.helsinki.fi/med/concept#POLIOVIRUS	http://puls.cs.helsinki.fi/med/concept#C-VIRUS
S	http://puls.cs.helsinki.fi/med/concept#PROTEUS	http://grapson.com/concept#Concept
S	http://puls.cs.helsinki.fi/med/concept#PROTEUS	http://grapson.com/meta#Meta
S	http://puls.cs.helsinki.fi/med/concept#PROTEUS	http://grapson.com/meta#Object
S	http://puls.cs.helsinki.fi/med/concept#PROTEUS	http://grapson.com/meta#Pun
S	http://puls.cs.helsinki.fi/med/concept#PROTEUS	http://puls.cs.helsinki.fi/med/concept#C-ANYTHING
S	http://puls.cs.helsinki.fi/med/concept#PROTEUS	http://puls.cs.helsinki.fi/med/concept#C-BACTERIUM
S	http://puls.cs.helsinki.fi/med/concept#SALMONELLA	http://grapson.com/concept#Concept
S	http://puls.cs.helsinki.fi/med/concept#SALMONELLA	http://grapson.com/meta#Meta
S	http://puls.cs.helsinki.fi/med/concept#SALMONELLA	http://grapson.com/meta#Object
S	http://puls.cs.helsinki.fi/med/concept#SALMONELLA	http://grapson.com/meta#Pun
S	http://puls.cs.helsinki.fi/med/concept#SALMONELLA	http://puls.cs.helsinki.fi/med/concept#C-ANYTHING
S	http://puls.cs.helsinki.fi/med/concept#SALMONELLA	http://puls.cs.helsinki.fi/med/concept#C-BACTERIUM
S	http://puls.cs.helsinki.fi/med/concept#STAPHYLOCOCCUS	http://grapson.com/concept#Concept
S	http://puls.cs.helsinki.fi/med/concept#STAPHYLOCOCCUS	http://grapson.com/meta#Meta
S	http://puls.cs.helsinki.fi/med/concept#STAPHYLOCOCCUS	http://grapson.com/meta#Object
S	http://puls.cs.helsinki.fi/med/concept#STAPHYLOCOCCUS	http://grapson.com/meta#Pun
S	http://puls.cs.helsinki.fi/med/concept#STAPHYLOCOCCUS	http://puls.cs.helsinki.fi/med/concept#C-ANYTHING
S	http://puls.cs.helsinki.fi/med/concept#STAPHYLOCOCCUS	http://puls.cs.helsinki.fi/med/concept#C-BACTERIUM
S	http://puls.cs.helsinki.fi/med/concept#STREPTOCOCCUS	http://grapson.com/concept#Concept
S	http://puls.cs.helsinki.fi/med/concept#STREPTOCOCCUS	http://grapson.com/meta#Meta
S	http://puls.cs.helsinki.fi/med/concept#STREPTOCOCCUS	http://grapson.com/meta#Object
S	http://puls.cs.helsinki.fi/med/concept#STREPTOCOCCUS	http://grapson.com/meta#Pun
S	http://puls.cs.helsinki.fi/med/concept#STREPTOCOCCUS	http://puls.cs.helsinki.fi/med/concept#C-ANYTHING
S	http://puls.cs.helsinki.fi/med/concept#STREPTOCOCCUS	http://puls.cs.helsinki.fi/med/concept#C-BACTERIUM
M	classes	2622
M	unsatisfiable	0
M	subsumptions	2933
Z	complete
