M	schema	1
M	factory	org.semanticweb.HermiT.Reasoner$ReasonerFactory
M	reasoner	HermiT
C	true
U	http://semanticscience.org/resource/CDK_000100
U	http://semanticscience.org/resource/CHEMINF_000089
U	http://semanticscience.org/resource/CHEMINF_000103
U	http://semanticscience.org/resource/CHEMINF_000104
U	http://semanticscience.org/resource/CHEMINF_000121
U	http://semanticscience.org/resource/CHEMINF_000122
U	http://semanticscience.org/resource/CHEMINF_000144
U	http://semanticscience.org/resource/CHEMINF_000198
U	http://semanticscience.org/resource/CHEMINF_000221
U	http://semanticscience.org/resource/CHEMINF_000228
U	http://semanticscience.org/resource/CHEMINF_000238
U	http://semanticscience.org/resource/CHEMINF_000248
U	http://semanticscience.org/resource/CHEMINF_000253
U	http://semanticscience.org/resource/CHEMINF_000255
U	http://semanticscience.org/resource/CHEMINF_000256
U	http://semanticscience.org/resource/CHEMINF_000257
U	http://semanticscience.org/resource/CHEMINF_000261
U	http://semanticscience.org/resource/CHEMINF_000305
U	http://semanticscience.org/resource/CHEMINF_000306
U	http://semanticscience.org/resource/CHEMINF_000308
U	http://semanticscience.org/resource/CHEMINF_000309
U	http://semanticscience.org/resource/CHEMINF_000310
U	http://semanticscience.org/resource/CHEMINF_000311
U	http://semanticscience.org/resource/CHEMINF_000313
U	http://semanticscience.org/resource/CHEMINF_000314
U	http://semanticscience.org/resource/CHEMINF_000316
U	http://semanticscience.org/resource/CHEMINF_000317
U	http://semanticscience.org/resource/CHEMINF_000319
U	http://semanticscience.org/resource/CHEMINF_000321
U	http://semanticscience.org/resource/CHEMINF_000323
U	http://semanticscience.org/resource/CHEMINF_000324
U	http://semanticscience.org/resource/CHEMINF_000327
U	http://semanticscience.org/resource/CHEMINF_000344
U	http://semanticscience.org/resource/CHEMINF_000345
U	http://semanticscience.org/resource/CHEMINF_000346
U	http://semanticscience.org/resource/CHEMINF_000347
U	http://semanticscience.org/resource/CHEMINF_000349
U	http://semanticscience.org/resource/CHEMINF_000352
U	http://semanticscience.org/resource/CHEMINF_000353
U	http://semanticscience.org/resource/CHEMINF_000354
U	http://semanticscience.org/resource/CHEMINF_000355
U	http://semanticscience.org/resource/CHEMINF_000357
U	http://semanticscience.org/resource/CHEMINF_000358
U	http://semanticscience.org/resource/CHEMINF_000359
U	http://semanticscience.org/resource/CHEMINF_000360
U	http://semanticscience.org/resource/CHEMINF_000361
U	http://semanticscience.org/resource/CHEMINF_000362
U	http://semanticscience.org/resource/CHEMINF_000363
U	http://semanticscience.org/resource/CHEMINF_000364
U	http://semanticscience.org/resource/CHEMINF_000365
U	http://semanticscience.org/resource/CHEMINF_000366
U	http://semanticscience.org/resource/CHEMINF_000367
U	http://semanticscience.org/resource/CHEMINF_000368
U	http://semanticscience.org/resource/CHEMINF_000450
U	http://semanticscience.org/resource/CHEMINF_000451
U	http://semanticscience.org/resource/CHEMINF_001000
S	h0ttp://semanticscience.org/resource/CHEMINF_000280	http://purl.obolibrary.org/obo/IAO_0000027
S	h0ttp://semanticscience.org/resource/CHEMINF_000280	http://purl.obolibrary.org/obo/IAO_0000030
S	h0ttp://semanticscience.org/resource/CHEMINF_000280	http://semanticscience.org/resource/CHEMINF_000017
S	h0ttp://semanticscience.org/resource/CHEMINF_000280	http://semanticscience.org/resource/CHEMINF_000123
S	h0ttp://semanticscience.org/resource/CHEMINF_000280	http://semanticscience.org/resource/CHEMINF_000136
S	h0ttp://semanticscience.org/resource/CHEMINF_000280	http://semanticscience.org/resource/CHEMINF_000209
S	h0ttp://semanticscience.org/resource/CHEMINF_000280	http://semanticscience.org/resource/CHEMINF_000270
S	h0ttp://semanticscience.org/resource/CHEMINF_000280	http://www.ifomis.org/bfo/1.1#Entity
S	h0ttp://semanticscience.org/resource/CHEMINF_000280	http://www.ifomis.org/bfo/1.1/snap#Continuant
S	h0ttp://semanticscience.org/resource/CHEMINF_000280	http://www.ifomis.org/bfo/1.1/snap#DependentContinuant
S	h0ttp://semanticscience.org/resource/CHEMINF_000280	http://www.ifomis.org/bfo/1.1/snap#GenericallyDependentContinuant
S	http://purl.obolibrary.org/obo/CHEBI#CHEBI_23367	http://semanticscience.org/resource/CHEMINF_000000
S	http://purl.obolibrary.org/obo/CHEBI#CHEBI_23367	http://www.ifomis.org/bfo/1.1#Entity
S	http://purl.obolibrary.org/obo/CHEBI#CHEBI_23367	http://www.ifomis.org/bfo/1.1/snap#Continuant
S	http://purl.obolibrary.org/obo/CHEBI#CHEBI_23367	http://www.ifomis.org/bfo/1.1/snap#IndependentContinuant
S	http://purl.obolibrary.org/obo/CHEBI#CHEBI_23367	http://www.ifomis.org/bfo/1.1/snap#MaterialEntity
S	http://purl.obolibrary.org/obo/CHEBI#CHEBI_33250	http://semanticscience.org/resource/CHEMINF_000000
S	http://purl.obolibrary.org/obo/CHEBI#CHEBI_33250	http://www.ifomis.org/bfo/1.1#Entity
S	http://purl.obolibrary.org/obo/CHEBI#CHEBI_33250	http://www.ifomis.org/bfo/1.1/snap#Continuant
S	http://purl.obolibrary.org/obo/CHEBI#CHEBI_33250	http://www.ifomis.org/bfo/1.1/snap#IndependentContinuant
S	http://purl.obolibrary.org/obo/CHEBI#CHEBI_33250	http://www.ifomis.org/bfo/1.1/snap#MaterialEntity
S	http://purl.obolibrary.org/obo/CHEBI#CHEBI_36357	http://purl.obolibrary.org/obo/CHEBI#CHEBI_23367
S	http://purl.obolibrary.org/obo/CHEBI#CHEBI_36357	http://semanticscience.org/resource/CHEMINF_000000
S	http://purl.obolibrary.org/obo/CHEBI#CHEBI_36357	http://www.ifomis.org/bfo/1.1#Entity
S	http://purl.obolibrary.org/obo/CHEBI#CHEBI_36357	http://www.ifomis.org/bfo/1.1/snap#Continuant
S	http://purl.obolibrary.org/obo/CHEBI#CHEBI_36357	http://www.ifomis.org/bfo/1.1/snap#IndependentContinuant
S	http://purl.obolibrary.org/obo/CHEBI#CHEBI_36357	http://www.ifomis.org/bfo/1.1/snap#MaterialEntity
S	http://purl.obolibrary.org/obo/GAZ_00000448	http://www.ifomis.org/bfo/1.1#Entity
S	http://purl.obolibrary.org/obo/GAZ_00000448	http://www.ifomis.org/bfo/1.1/snap#Continuant
S	http://purl.obolibrary.org/obo/GAZ_00000448	http://www.ifomis.org/bfo/1.1/snap#IndependentContinuant
S	http://purl.obolibrary.org/obo/GAZ_00000448	http://www.ifomis.org/bfo/1.1/snap#Site
S	http://purl.obolibrary.org/obo/IAO_0000001	http://purl.obolibrary.org/obo/IAO_0000030
S	http://purl.obolibrary.org/obo/IAO_0000001	http://purl.obolibrary.org/obo/IAO_0000033
S	http://purl.obolibrary.org/obo/IAO_0000001	http://www.ifomis.org/bfo/1.1#Entity
S	http://purl.obolibrary.org/obo/IAO_0000001	http://www.ifomis.org/bfo/1.1/snap#Continuant
S	http://purl.obolibrary.org/obo/IAO_0000001	http://www.ifomis.org/bfo/1.1/snap#DependentContinuant
S	http://purl.obolibrary.org/obo/IAO_0000001	http://www.ifomis.org/bfo/1.1/snap#GenericallyDependentContinuant
S	http://purl.obolibrary.org/obo/IAO_0000003	http://purl.obolibrary.org/obo/IAO_0000009
S	http://purl.obolibrary.org/obo/IAO_0000003	http://purl.obolibrary.org/obo/IAO_0000030
S	http://purl.obolibrary.org/obo/IAO_0000003	http://www.ifomis.org/bfo/1.1#Entity
S	http://purl.obolibrary.org/obo/IAO_0000003	http://www.ifomis.org/bfo/1.1/snap#Continuant
S	http://purl.obolibrary.org/obo/IAO_0000003	http://www.ifomis.org/bfo/1.1/snap#DependentContinuant
S	http://purl.obolibrary.org/obo/IAO_0000003	http://www.ifomis.org/bfo/1.1/snap#GenericallyDependentContinuant
S	http://purl.obolibrary.org/obo/IAO_0000005	http://purl.obolibrary.org/obo/IAO_0000030
S	http://purl.obolibrary.org/obo/IAO_0000005	http://purl.obolibrary.org/obo/IAO_0000033
S	http://purl.obolibrary.org/obo/IAO_0000005	http://www.ifomis.org/bfo/1.1#Entity
S	http://purl.obolibrary.org/obo/IAO_0000005	http://www.ifomis.org/bfo/1.1/snap#Continuant
S	http://purl.obolibrary.org/obo/IAO_0000005	http://www.ifomis.org/bfo/1.1/snap#DependentContinuant
S	http://purl.obolibrary.org/obo/IAO_0000005	http://www.ifomis.org/bfo/1.1/snap#GenericallyDependentContinuant
S	http://purl.obolibrary.org/obo/IAO_0000006	http://purl.obolibrary.org/obo/IAO_0000030
S	http://purl.obolibrary.org/obo/IAO_0000006	http://www.ifomis.org/bfo/1.1#Entity
S	http://purl.obolibrary.org/obo/IAO_0000006	http://www.ifomis.org/bfo/1.1/snap#Continuant
S	http://purl.obolibrary.org/obo/IAO_0000006	http://www.ifomis.org/bfo/1.1/snap#DependentContinuant
S	http://purl.obolibrary.org/obo/IAO_0000006	http://www.ifomis.org/bfo/1.1/snap#GenericallyDependentContinuant
S	http://purl.obolibrary.org/obo/IAO_0000007	http://purl.obolibrary.org/obo/IAO_0000030
S	http://purl.obolibrary.org/obo/IAO_0000007	http://purl.obolibrary.org/obo/IAO_0000033
S	http://purl.obolibrary.org/obo/IAO_0000007	http://www.ifomis.org/bfo/1.1#Entity
S	http://purl.obolibrary.org/obo/IAO_0000007	http://www.ifomis.org/bfo/1.1/snap#Continuant
S	http://purl.obolibrary.org/obo/IAO_0000007	http://www.ifomis.org/bfo/1.1/snap#DependentContinuant
S	http://purl.obolibrary.org/obo/IAO_0000007	http://www.ifomis.org/bfo/1.1/snap#GenericallyDependentContinuant
S	http://purl.obolibrary.org/obo/IAO_0000008	http://www.geneontology.org/formats/oboInOwl#ObsoleteClass
S	http://purl.obolibrary.org/obo/IAO_0000009	http://purl.obolibrary.org/obo/IAO_0000030
S	http://purl.obolibrary.org/obo/IAO_0000009	http://www.ifomis.org/bfo/1.1#Entity
S	http://purl.obolibrary.org/obo/IAO_0000009	http://www.ifomis.org/bfo/1.1/snap#Continuant
S	http://purl.obolibrary.org/obo/IAO_0000009	http://www.ifomis.org/bfo/1.1/snap#DependentContinuant
S	http://purl.obolibrary.org/obo/IAO_0000009	http://www.ifomis.org/bfo/1.1/snap#GenericallyDependentContinuant
S	http://purl.obolibrary.org/obo/IAO_0000010	http://purl.obolibrary.org/obo/IAO_0000030
S	http://purl.obolibrary.org/obo/IAO_0000010	http://purl.obolibrary.org/obo/IAO_0000033
S	http://purl.obolibrary.org/obo/IAO_0000010	http://purl.obolibrary.org/obo/IAO_0000104
S	http://purl.obolibrary.org/obo/IAO_0000010	http://www.ifomis.org/bfo/1.1#Entity
S	http://purl.obolibrary.org/obo/IAO_0000010	http://www.ifomis.org/bfo/1.1/snap#Continuant
S	http://purl.obolibrary.org/obo/IAO_0000010	http://www.ifomis.org/bfo/1.1/snap#DependentContinuant
S	http://purl.obolibrary.org/obo/IAO_0000010	http://www.ifomis.org/bfo/1.1/snap#GenericallyDependentContinuant
S	http://purl.obolibrary.org/obo/IAO_0000011	http://purl.obolibrary.org/obo/IAO_0000030
S	http://purl.obolibrary.org/obo/IAO_0000011	http://purl.obolibrary.org/obo/IAO_0000033
S	http://purl.obolibrary.org/obo/IAO_0000011	http://www.ifomis.org/bfo/1.1#Entity
S	http://purl.obolibrary.org/obo/IAO_0000011	http://www.ifomis.org/bfo/1.1/snap#Continuant
S	http://purl.obolibrary.org/obo/IAO_0000011	http://www.ifomis.org/bfo/1.1/snap#DependentContinuant
S	http://purl.obolibrary.org/obo/IAO_0000011	http://www.ifomis.org/bfo/1.1/snap#GenericallyDependentContinuant
S	http://purl.obolibrary.org/obo/IAO_0000012	http://www.geneontology.org/formats/oboInOwl#ObsoleteClass
S	http://purl.obolibrary.org/obo/IAO_0000013	http://purl.obolibrary.org/obo/IAO_0000030
S	http://purl.obolibrary.org/obo/IAO_0000013	http://purl.obolibrary.org/obo/IAO_0000088
S	http://purl.obolibrary.org/obo/IAO_0000013	http://purl.obolibrary.org/obo/IAO_0000310
S	http://purl.obolibrary.org/obo/IAO_0000013	http://www.ifomis.org/bfo/1.1#Entity
S	http://purl.obolibrary.org/obo/IAO_0000013	http://www.ifomis.org/bfo/1.1/snap#Continuant
S	http://purl.obolibrary.org/obo/IAO_0000013	http://www.ifomis.org/bfo/1.1/snap#DependentContinuant
S	http://purl.obolibrary.org/obo/IAO_0000013	http://www.ifomis.org/bfo/1.1/snap#GenericallyDependentContinuant
S	http://purl.obolibrary.org/obo/IAO_0000014	http://purl.obolibrary.org/obo/IAO_0000030
S	http://purl.obolibrary.org/obo/IAO_0000014	http://purl.obolibrary.org/obo/IAO_0000033
S	http://purl.obolibrary.org/obo/IAO_0000014	http://www.ifomis.org/bfo/1.1#Entity
S	http://purl.obolibrary.org/obo/IAO_0000014	http://www.ifomis.org/bfo/1.1/snap#Continuant
S	http://purl.obolibrary.org/obo/IAO_0000014	http://www.ifomis.org/bfo/1.1/snap#DependentContinuant
S	http://purl.obolibrary.org/obo/IAO_0000014	http://www.ifomis.org/bfo/1.1/snap#GenericallyDependentContinuant
S	http://purl.obolibrary.org/obo/IAO_0000015	http://www.ifomis.org/bfo/1.1#Entity
S	http://purl.obolibrary.org/obo/IAO_0000015	http://www.ifomis.org/bfo/1.1/snap#Continuant
S	http://purl.obolibrary.org/obo/IAO_0000015	http://www.ifomis.org/bfo/1.1/snap#DependentContinuant
S	http://purl.obolibrary.org/obo/IAO_0000015	http://www.ifomis.org/bfo/1.1/snap#Quality
S	http://purl.obolibrary.org/obo/IAO_0000015	http://www.ifomis.org/bfo/1.1/snap#SpecificallyDependentContinuant
S	http://purl.obolibrary.org/obo/IAO_0000016	http://purl.obolibrary.org/obo/IAO_0000030
S	http://purl.obolibrary.org/obo/IAO_0000016	http://purl.obolibrary.org/obo/IAO_0000033
S	http://purl.obolibrary.org/obo/IAO_0000016	http://www.ifomis.org/bfo/1.1#Entity
S	http://purl.obolibrary.org/obo/IAO_0000016	http://www.ifomis.org/bfo/1.1/snap#Continuant
S	http://purl.obolibrary.org/obo/IAO_0000016	http://www.ifomis.org/bfo/1.1/snap#DependentContinuant
S	http://purl.obolibrary.org/obo/IAO_0000016	http://www.ifomis.org/bfo/1.1/snap#GenericallyDependentContinuant
S	http://purl.obolibrary.org/obo/IAO_0000017	http://purl.obolibrary.org/obo/IAO_0000028
S	http://purl.obolibrary.org/obo/IAO_0000017	http://purl.obolibrary.org/obo/IAO_0000030
S	http://purl.obolibrary.org/obo/IAO_0000017	http://www.ifomis.org/bfo/1.1#Entity
S	http://purl.obolibrary.org/obo/IAO_0000017	http://www.ifomis.org/bfo/1.1/snap#Continuant
S	http://purl.obolibrary.org/obo/IAO_0000017	http://www.ifomis.org/bfo/1.1/snap#DependentContinuant
S	http://purl.obolibrary.org/obo/IAO_0000017	http://www.ifomis.org/bfo/1.1/snap#GenericallyDependentContinuant
S	http://purl.obolibrary.org/obo/IAO_0000018	http://www.geneontology.org/formats/oboInOwl#ObsoleteClass
S	http://purl.obolibrary.org/obo/IAO_0000019	http://www.geneontology.org/formats/oboInOwl#ObsoleteClass
S	http://purl.obolibrary.org/obo/IAO_0000024	http://www.geneontology.org/formats/oboInOwl#ObsoleteClass
S	http://purl.obolibrary.org/obo/IAO_0000025	http://purl.obolibrary.org/obo/IAO_0000030
S	http://purl.obolibrary.org/obo/IAO_0000025	http://purl.obolibrary.org/obo/IAO_0000033
S	http://purl.obolibrary.org/obo/IAO_0000025	http://purl.obolibrary.org/obo/IAO_0000104
S	http://purl.obolibrary.org/obo/IAO_0000025	http://www.ifomis.org/bfo/1.1#Entity
S	http://purl.obolibrary.org/obo/IAO_0000025	http://www.ifomis.org/bfo/1.1/snap#Continuant
S	http://purl.obolibrary.org/obo/IAO_0000025	http://www.ifomis.org/bfo/1.1/snap#DependentContinuant
S	http://purl.obolibrary.org/obo/IAO_0000025	http://www.ifomis.org/bfo/1.1/snap#GenericallyDependentContinuant
S	http://purl.obolibrary.org/obo/IAO_0000027	http://purl.obolibrary.org/obo/IAO_0000030
S	http://purl.obolibrary.org/obo/IAO_0000027	http://www.ifomis.org/bfo/1.1#Entity
S	http://purl.obolibrary.org/obo/IAO_0000027	http://www.ifomis.org/bfo/1.1/snap#Continuant
S	http://purl.obolibrary.org/obo/IAO_0000027	http://www.ifomis.org/bfo/1.1/snap#DependentContinuant
S	http://purl.obolibrary.org/obo/IAO_0000027	http://www.ifomis.org/bfo/1.1/snap#GenericallyDependentContinuant
S	http://purl.obolibrary.org/obo/IAO_0000028	http://purl.obolibrary.org/obo/IAO_0000030
S	http://purl.obolibrary.org/obo/IAO_0000028	http://www.ifomis.org/bfo/1.1#Entity
S	http://purl.obolibrary.org/obo/IAO_0000028	http://www.ifomis.org/bfo/1.1/snap#Continuant
S	http://purl.obolibrary.org/obo/IAO_0000028	http://www.ifomis.org/bfo/1.1/snap#DependentContinuant
S	http://purl.obolibrary.org/obo/IAO_0000028	http://www.ifomis.org/bfo/1.1/snap#GenericallyDependentContinuant
S	http://purl.obolibrary.org/obo/IAO_0000029	http://purl.obolibrary.org/obo/IAO_0000028
S	http://purl.obolibrary.org/obo/IAO_0000029	http://purl.obolibrary.org/obo/IAO_0000030
S	http://purl.obolibrary.org/obo/IAO_0000029	http://www.ifomis.org/bfo/1.1#Entity
S	http://purl.obolibrary.org/obo/IAO_0000029	http://www.ifomis.org/bfo/1.1/snap#Continuant
S	http://purl.obolibrary.org/obo/IAO_0000029	http://www.ifomis.org/bfo/1.1/snap#DependentContinuant
S	http://purl.obolibrary.org/obo/IAO_0000029	http://www.ifomis.org/bfo/1.1/snap#GenericallyDependentContinuant
S	http://purl.obolibrary.org/obo/IAO_0000030	http://www.ifomis.org/bfo/1.1#Entity
S	http://purl.obolibrary.org/obo/IAO_0000030	http://www.ifomis.org/bfo/1.1/snap#Continuant
S	http://purl.obolibrary.org/obo/IAO_0000030	http://www.ifomis.org/bfo/1.1/snap#DependentContinuant
S	http://purl.obolibrary.org/obo/IAO_0000030	http://www.ifomis.org/bfo/1.1/snap#GenericallyDependentContinuant
S	http://purl.obolibrary.org/obo/IAO_0000031	http://purl.obolibrary.org/obo/IAO_0000028
S	http://purl.obolibrary.org/obo/IAO_0000031	http://purl.obolibrary.org/obo/IAO_0000029
S	http://purl.obolibrary.org/obo/IAO_0000031	http://purl.obolibrary.org/obo/IAO_0000030
S	http://purl.obolibrary.org/obo/IAO_0000031	http://www.ifomis.org/bfo/1.1#Entity
S	http://purl.obolibrary.org/obo/IAO_0000031	http://www.ifomis.org/bfo/1.1/snap#Continuant
S	http://purl.obolibrary.org/obo/IAO_0000031	http://www.ifomis.org/bfo/1.1/snap#DependentContinuant
S	http://purl.obolibrary.org/obo/IAO_0000031	http://www.ifomis.org/bfo/1.1/snap#GenericallyDependentContinuant
S	http://purl.obolibrary.org/obo/IAO_0000032	http://purl.obolibrary.org/obo/IAO_0000027
S	http://purl.obolibrary.org/obo/IAO_0000032	http://purl.obolibrary.org/obo/IAO_0000030
S	http://purl.obolibrary.org/obo/IAO_0000032	http://purl.obolibrary.org/obo/IAO_0000109
S	http://purl.obolibrary.org/obo/IAO_0000032	http://www.ifomis.org/bfo/1.1#Entity
S	http://purl.obolibrary.org/obo/IAO_0000032	http://www.ifomis.org/bfo/1.1/snap#Continuant
S	http://purl.obolibrary.org/obo/IAO_0000032	http://www.ifomis.org/bfo/1.1/snap#DependentContinuant
S	http://purl.obolibrary.org/obo/IAO_0000032	http://www.ifomis.org/bfo/1.1/snap#GenericallyDependentContinuant
S	http://purl.obolibrary.org/obo/IAO_0000033	http://purl.obolibrary.org/obo/IAO_0000030
S	http://purl.obolibrary.org/obo/IAO_0000033	http://www.ifomis.org/bfo/1.1#Entity
S	http://purl.obolibrary.org/obo/IAO_0000033	http://www.ifomis.org/bfo/1.1/snap#Continuant
S	http://purl.obolibrary.org/obo/IAO_0000033	http://www.ifomis.org/bfo/1.1/snap#DependentContinuant
S	http://purl.obolibrary.org/obo/IAO_0000033	http://www.ifomis.org/bfo/1.1/snap#GenericallyDependentContinuant
S	http://purl.obolibrary.org/obo/IAO_0000034	http://purl.obolibrary.org/obo/IAO_0000001
S	http://purl.obolibrary.org/obo/IAO_0000034	http://purl.obolibrary.org/obo/IAO_0000030
S	http://purl.obolibrary.org/obo/IAO_0000034	http://purl.obolibrary.org/obo/IAO_0000033
S	http://purl.obolibrary.org/obo/IAO_0000034	http://www.ifomis.org/bfo/1.1#Entity
S	http://purl.obolibrary.org/obo/IAO_0000034	http://www.ifomis.org/bfo/1.1/snap#Continuant
S	http://purl.obolibrary.org/obo/IAO_0000034	http://www.ifomis.org/bfo/1.1/snap#DependentContinuant
S	http://purl.obolibrary.org/obo/IAO_0000034	http://www.ifomis.org/bfo/1.1/snap#GenericallyDependentContinuant
S	http://purl.obolibrary.org/obo/IAO_0000035	http://www.geneontology.org/formats/oboInOwl#ObsoleteClass
S	http://purl.obolibrary.org/obo/IAO_0000037	http://purl.obolibrary.org/obo/IAO_0000030
S	http://purl.obolibrary.org/obo/IAO_0000037	http://purl.obolibrary.org/obo/IAO_0000038
S	http://purl.obolibrary.org/obo/IAO_0000037	http://purl.obolibrary.org/obo/IAO_0000308
S	http://purl.obolibrary.org/obo/IAO_0000037	http://purl.obolibrary.org/obo/IAO_0000309
S	http://purl.obolibrary.org/obo/IAO_0000037	http://www.ifomis.org/bfo/1.1#Entity
S	http://purl.obolibrary.org/obo/IAO_0000037	http://www.ifomis.org/bfo/1.1/snap#Continuant
S	http://purl.obolibrary.org/obo/IAO_0000037	http://www.ifomis.org/bfo/1.1/snap#DependentContinuant
S	http://purl.obolibrary.org/obo/IAO_0000037	http://www.ifomis.org/bfo/1.1/snap#GenericallyDependentContinuant
S	http://purl.obolibrary.org/obo/IAO_0000038	http://purl.obolibrary.org/obo/IAO_0000030
S	http://purl.obolibrary.org/obo/IAO_0000038	http://purl.obolibrary.org/obo/IAO_0000308
S	http://purl.obolibrary.org/obo/IAO_0000038	http://purl.obolibrary.org/obo/IAO_0000309
S	http://purl.obolibrary.org/obo/IAO_0000038	http://www.ifomis.org/bfo/1.1#Entity
S	http://purl.obolibrary.org/obo/IAO_0000038	http://www.ifomis.org/bfo/1.1/snap#Continuant
S	http://purl.obolibrary.org/obo/IAO_0000038	http://www.ifomis.org/bfo/1.1/snap#DependentContinuant
S	http://purl.obolibrary.org/obo/IAO_0000038	http://www.ifomis.org/bfo/1.1/snap#GenericallyDependentContinuant
S	http://purl.obolibrary.org/obo/IAO_0000047	http://www.geneontology.org/formats/oboInOwl#ObsoleteClass
S	http://purl.obolibrary.org/obo/IAO_0000055	http://purl.obolibrary.org/obo/IAO_0000001
S	http://purl.obolibrary.org/obo/IAO_0000055	http://purl.obolibrary.org/obo/IAO_0000030
S	http://purl.obolibrary.org/obo/IAO_0000055	http://purl.obolibrary.org/obo/IAO_0000033
S	http://purl.obolibrary.org/obo/IAO_0000055	http://www.ifomis.org/bfo/1.1#Entity
S	http://purl.obolibrary.org/obo/IAO_0000055	http://www.ifomis.org/bfo/1.1/snap#Continuant
S	http://purl.obolibrary.org/obo/IAO_0000055	http://www.ifomis.org/bfo/1.1/snap#DependentContinuant
S	http://purl.obolibrary.org/obo/IAO_0000055	http://www.ifomis.org/bfo/1.1/snap#GenericallyDependentContinuant
S	http://purl.obolibrary.org/obo/IAO_0000057	http://purl.obolibrary.org/obo/IAO_0000030
S	http://purl.obolibrary.org/obo/IAO_0000057	http://purl.obolibrary.org/obo/IAO_0000038
S	http://purl.obolibrary.org/obo/IAO_0000057	http://purl.obolibrary.org/obo/IAO_0000308
S	http://purl.obolibrary.org/obo/IAO_0000057	http://purl.obolibrary.org/obo/IAO_0000309
S	http://purl.obolibrary.org/obo/IAO_0000057	http://www.ifomis.org/bfo/1.1#Entity
S	http://purl.obolibrary.org/obo/IAO_0000057	http://www.ifomis.org/bfo/1.1/snap#Continuant
S	http://purl.obolibrary.org/obo/IAO_0000057	http://www.ifomis.org/bfo/1.1/snap#DependentContinuant
S	http://purl.obolibrary.org/obo/IAO_0000057	http://www.ifomis.org/bfo/1.1/snap#GenericallyDependentContinuant
S	http://purl.obolibrary.org/obo/IAO_0000059	http://www.geneontology.org/formats/oboInOwl#ObsoleteClass
S	http://purl.obolibrary.org/obo/IAO_0000064	http://purl.obolibrary.org/obo/IAO_0000030
S	http://purl.obolibrary.org/obo/IAO_0000064	http://purl.obolibrary.org/obo/IAO_0000033
S	http://purl.obolibrary.org/obo/IAO_0000064	http://purl.obolibrary.org/obo/IAO_0000104
S	http://purl.obolibrary.org/obo/IAO_0000064	http://www.ifomis.org/bfo/1.1#Entity
S	http://purl.obolibrary.org/obo/IAO_0000064	http://www.ifomis.org/bfo/1.1/snap#Continuant
S	http://purl.obolibrary.org/obo/IAO_0000064	http://www.ifomis.org/bfo/1.1/snap#DependentContinuant
S	http://purl.obolibrary.org/obo/IAO_0000064	http://www.ifomis.org/bfo/1.1/snap#GenericallyDependentContinuant
S	http://purl.obolibrary.org/obo/IAO_0000065	http://purl.obolibrary.org/obo/IAO_0000010
S	http://purl.obolibrary.org/obo/IAO_0000065	http://purl.obolibrary.org/obo/IAO_0000030
S	http://purl.obolibrary.org/obo/IAO_0000065	http://purl.obolibrary.org/obo/IAO_0000033
S	http://purl.obolibrary.org/obo/IAO_0000065	http://purl.obolibrary.org/obo/IAO_0000064
S	http://purl.obolibrary.org/obo/IAO_0000065	http://purl.obolibrary.org/obo/IAO_0000104
S	http://purl.obolibrary.org/obo/IAO_0000065	http://www.ifomis.org/bfo/1.1#Entity
S	http://purl.obolibrary.org/obo/IAO_0000065	http://www.ifomis.org/bfo/1.1/snap#Continuant
S	http://purl.obolibrary.org/obo/IAO_0000065	http://www.ifomis.org/bfo/1.1/snap#DependentContinuant
S	http://purl.obolibrary.org/obo/IAO_0000065	http://www.ifomis.org/bfo/1.1/snap#GenericallyDependentContinuant
S	http://purl.obolibrary.org/obo/IAO_0000078	http://purl.obolibrary.org/obo/IAO_0000027
S	http://purl.obolibrary.org/obo/IAO_0000078	http://purl.obolibrary.org/obo/IAO_0000030
S	http://purl.obolibrary.org/obo/IAO_0000078	http://purl.obolibrary.org/obo/IAO_0000102
S	http://purl.obolibrary.org/obo/IAO_0000078	http://www.ifomis.org/bfo/1.1#Entity
S	http://purl.obolibrary.org/obo/IAO_0000078	http://www.ifomis.org/bfo/1.1/snap#Continuant
S	http://purl.obolibrary.org/obo/IAO_0000078	http://www.ifomis.org/bfo/1.1/snap#DependentContinuant
S	http://purl.obolibrary.org/obo/IAO_0000078	http://www.ifomis.org/bfo/1.1/snap#GenericallyDependentContinuant
S	http://purl.obolibrary.org/obo/IAO_0000079	http://purl.obolibrary.org/obo/IAO_0000030
S	http://purl.obolibrary.org/obo/IAO_0000079	http://purl.obolibrary.org/obo/IAO_0000038
S	http://purl.obolibrary.org/obo/IAO_0000079	http://purl.obolibrary.org/obo/IAO_0000308
S	http://purl.obolibrary.org/obo/IAO_0000079	http://purl.obolibrary.org/obo/IAO_0000309
S	http://purl.obolibrary.org/obo/IAO_0000079	http://www.ifomis.org/bfo/1.1#Entity
S	http://purl.obolibrary.org/obo/IAO_0000079	http://www.ifomis.org/bfo/1.1/snap#Continuant
S	http://purl.obolibrary.org/obo/IAO_0000079	http://www.ifomis.org/bfo/1.1/snap#DependentContinuant
S	http://purl.obolibrary.org/obo/IAO_0000079	http://www.ifomis.org/bfo/1.1/snap#GenericallyDependentContinuant
S	http://purl.obolibrary.org/obo/IAO_0000088	http://purl.obolibrary.org/obo/IAO_0000030
S	http://purl.obolibrary.org/obo/IAO_0000088	http://purl.obolibrary.org/obo/IAO_0000310
S	http://purl.obolibrary.org/obo/IAO_0000088	http://www.ifomis.org/bfo/1.1#Entity
S	http://purl.obolibrary.org/obo/IAO_0000088	http://www.ifomis.org/bfo/1.1/snap#Continuant
S	http://purl.obolibrary.org/obo/IAO_0000088	http://www.ifomis.org/bfo/1.1/snap#DependentContinuant
S	http://purl.obolibrary.org/obo/IAO_0000088	http://www.ifomis.org/bfo/1.1/snap#GenericallyDependentContinuant
S	http://purl.obolibrary.org/obo/IAO_0000091	http://www.geneontology.org/formats/oboInOwl#ObsoleteClass
S	http://purl.obolibrary.org/obo/IAO_0000093	http://www.geneontology.org/formats/oboInOwl#ObsoleteClass
S	http://purl.obolibrary.org/obo/IAO_0000096	http://purl.obolibrary.org/obo/IAO_0000030
S	http://purl.obolibrary.org/obo/IAO_0000096	http://purl.obolibrary.org/obo/IAO_0000033
S	http://purl.obolibrary.org/obo/IAO_0000096	http://purl.obolibrary.org/obo/IAO_0000104
S	http://purl.obolibrary.org/obo/IAO_0000096	http://www.ifomis.org/bfo/1.1#Entity
S	http://purl.obolibrary.org/obo/IAO_0000096	http://www.ifomis.org/bfo/1.1/snap#Continuant
S	http://purl.obolibrary.org/obo/IAO_0000096	http://www.ifomis.org/bfo/1.1/snap#DependentContinuant
S	http://purl.obolibrary.org/obo/IAO_0000096	http://www.ifomis.org/bfo/1.1/snap#GenericallyDependentContinuant
S	http://purl.obolibrary.org/obo/IAO_0000097	http://www.geneontology.org/formats/oboInOwl#ObsoleteClass
S	http://purl.obolibrary.org/obo/IAO_0000098	http://purl.obolibrary.org/obo/IAO_0000030
S	http://purl.obolibrary.org/obo/IAO_0000098	http://purl.obolibrary.org/obo/IAO_0000033
S	http://purl.obolibrary.org/obo/IAO_0000098	http://www.ifomis.org/bfo/1.1#Entity
S	http://purl.obolibrary.org/obo/IAO_0000098	http://www.ifomis.org/bfo/1.1/snap#Continuant
S	http://purl.obolibrary.org/obo/IAO_0000098	http://www.ifomis.org/bfo/1.1/snap#DependentContinuant
S	http://purl.obolibrary.org/obo/IAO_0000098	http://www.ifomis.org/bfo/1.1/snap#GenericallyDependentContinuant
S	http://purl.obolibrary.org/obo/IAO_0000100	http://purl.obolibrary.org/obo/IAO_0000027
S	http://purl.obolibrary.org/obo/IAO_0000100	http://purl.obolibrary.org/obo/IAO_0000030
S	http://purl.obolibrary.org/obo/IAO_0000100	http://www.ifomis.org/bfo/1.1#Entity
S	http://purl.obolibrary.org/obo/IAO_0000100	http://www.ifomis.org/bfo/1.1/snap#Continuant
S	http://purl.obolibrary.org/obo/IAO_0000100	http://www.ifomis.org/bfo/1.1/snap#DependentContinuant
S	http://purl.obolibrary.org/obo/IAO_0000100	http://www.ifomis.org/bfo/1.1/snap#GenericallyDependentContinuant
S	http://purl.obolibrary.org/obo/IAO_0000101	http://purl.obolibrary.org/obo/IAO_0000030
S	http://purl.obolibrary.org/obo/IAO_0000101	http://purl.obolibrary.org/obo/IAO_0000308
S	http://purl.obolibrary.org/obo/IAO_0000101	http://www.ifomis.org/bfo/1.1#Entity
S	http://purl.obolibrary.org/obo/IAO_0000101	http://www.ifomis.org/bfo/1.1/snap#Continuant
S	http://purl.obolibrary.org/obo/IAO_0000101	http://www.ifomis.org/bfo/1.1/snap#DependentContinuant
S	http://purl.obolibrary.org/obo/IAO_0000101	http://www.ifomis.org/bfo/1.1/snap#GenericallyDependentContinuant
S	http://purl.obolibrary.org/obo/IAO_0000102	http://purl.obolibrary.org/obo/IAO_0000027
S	http://purl.obolibrary.org/obo/IAO_0000102	http://purl.obolibrary.org/obo/IAO_0000030
S	http://purl.obolibrary.org/obo/IAO_0000102	http://www.ifomis.org/bfo/1.1#Entity
S	http://purl.obolibrary.org/obo/IAO_0000102	http://www.ifomis.org/bfo/1.1/snap#Continuant
S	http://purl.obolibrary.org/obo/IAO_0000102	http://www.ifomis.org/bfo/1.1/snap#DependentContinuant
S	http://purl.obolibrary.org/obo/IAO_0000102	http://www.ifomis.org/bfo/1.1/snap#GenericallyDependentContinuant
S	http://purl.obolibrary.org/obo/IAO_0000104	http://purl.obolibrary.org/obo/IAO_0000030
S	http://purl.obolibrary.org/obo/IAO_0000104	http://purl.obolibrary.org/obo/IAO_0000033
S	http://purl.obolibrary.org/obo/IAO_0000104	http://www.ifomis.org/bfo/1.1#Entity
S	http://purl.obolibrary.org/obo/IAO_0000104	http://www.ifomis.org/bfo/1.1/snap#Continuant
S	http://purl.obolibrary.org/obo/IAO_0000104	http://www.ifomis.org/bfo/1.1/snap#DependentContinuant
S	http://purl.obolibrary.org/obo/IAO_0000104	http://www.ifomis.org/bfo/1.1/snap#GenericallyDependentContinuant
S	http://purl.obolibrary.org/obo/IAO_0000105	http://www.geneontology.org/formats/oboInOwl#ObsoleteClass
S	http://purl.obolibrary.org/obo/IAO_0000109	http://purl.obolibrary.org/obo/IAO_0000027
S	http://purl.obolibrary.org/obo/IAO_0000109	http://purl.obolibrary.org/obo/IAO_0000030
S	http://purl.obolibrary.org/obo/IAO_0000109	http://www.ifomis.org/bfo/1.1#Entity
S	http://purl.obolibrary.org/obo/IAO_0000109	http://www.ifomis.org/bfo/1.1/snap#Continuant
S	http://purl.obolibrary.org/obo/IAO_0000109	http://www.ifomis.org/bfo/1.1/snap#DependentContinuant
S	http://purl.obolibrary.org/obo/IAO_0000109	http://www.ifomis.org/bfo/1.1/snap#GenericallyDependentContinuant
S	http://purl.obolibrary.org/obo/IAO_0000128	http://www.geneontology.org/formats/oboInOwl#ObsoleteClass
S	http://purl.obolibrary.org/obo/IAO_0000129	http://purl.obolibrary.org/obo/IAO_0000028
S	http://purl.obolibrary.org/obo/IAO_0000129	http://purl.obolibrary.org/obo/IAO_0000030
S	http://purl.obolibrary.org/obo/IAO_0000129	http://www.ifomis.org/bfo/1.1#Entity
S	http://purl.obolibrary.org/obo/IAO_0000129	http://www.ifomis.org/bfo/1.1/snap#Continuant
S	http://purl.obolibrary.org/obo/IAO_0000129	http://www.ifomis.org/bfo/1.1/snap#DependentContinuant
S	http://purl.obolibrary.org/obo/IAO_0000129	http://www.ifomis.org/bfo/1.1/snap#GenericallyDependentContinuant
S	http://purl.obolibrary.org/obo/IAO_0000131	http://purl.obolibrary.org/obo/IAO_0000028
S	http://purl.obolibrary.org/obo/IAO_0000131	http://purl.obolibrary.org/obo/IAO_0000030
S	http://purl.obolibrary.org/obo/IAO_0000131	http://www.ifomis.org/bfo/1.1#Entity
S	http://purl.obolibrary.org/obo/IAO_0000131	http://www.ifomis.org/bfo/1.1/snap#Continuant
S	http://purl.obolibrary.org/obo/IAO_0000131	http://www.ifomis.org/bfo/1.1/snap#DependentContinuant
S	http://purl.obolibrary.org/obo/IAO_0000131	http://www.ifomis.org/bfo/1.1/snap#GenericallyDependentContinuant
S	http://purl.obolibrary.org/obo/IAO_0000132	http://purl.obolibrary.org/obo/IAO_0000028
S	http://purl.obolibrary.org/obo/IAO_0000132	http://purl.obolibrary.org/obo/IAO_0000030
S	http://purl.obolibrary.org/obo/IAO_0000132	http://www.ifomis.org/bfo/1.1#Entity
S	http://purl.obolibrary.org/obo/IAO_0000132	http://www.ifomis.org/bfo/1.1/snap#Continuant
S	http://purl.obolibrary.org/obo/IAO_0000132	http://www.ifomis.org/bfo/1.1/snap#DependentContinuant
S	http://purl.obolibrary.org/obo/IAO_0000132	http://www.ifomis.org/bfo/1.1/snap#GenericallyDependentContinuant
S	http://purl.obolibrary.org/obo/IAO_0000140	http://purl.obolibrary.org/obo/IAO_0000027
S	http://purl.obolibrary.org/obo/IAO_0000140	http://purl.obolibrary.org/obo/IAO_0000030
S	http://purl.obolibrary.org/obo/IAO_0000140	http://www.ifomis.org/bfo/1.1#Entity
S	http://purl.obolibrary.org/obo/IAO_0000140	http://www.ifomis.org/bfo/1.1/snap#Continuant
S	http://purl.obolibrary.org/obo/IAO_0000140	http://www.ifomis.org/bfo/1.1/snap#DependentContinuant
S	http://purl.obolibrary.org/obo/IAO_0000140	http://www.ifomis.org/bfo/1.1/snap#GenericallyDependentContinuant
S	http://purl.obolibrary.org/obo/IAO_0000141	http://www.geneontology.org/formats/oboInOwl#ObsoleteClass
S	http://purl.obolibrary.org/obo/IAO_0000144	http://purl.obolibrary.org/obo/IAO_0000030
S	http://purl.obolibrary.org/obo/IAO_0000144	http://purl.obolibrary.org/obo/IAO_0000300
S	http://purl.obolibrary.org/obo/IAO_0000144	http://www.ifomis.org/bfo/1.1#Entity
S	http://purl.obolibrary.org/obo/IAO_0000144	http://www.ifomis.org/bfo/1.1/snap#Continuant
S	http://purl.obolibrary.org/obo/IAO_0000144	http://www.ifomis.org/bfo/1.1/snap#DependentContinuant
S	http://purl.obolibrary.org/obo/IAO_0000144	http://www.ifomis.org/bfo/1.1/snap#GenericallyDependentContinuant
S	http://purl.obolibrary.org/obo/IAO_0000178	http://www.ifomis.org/bfo/1.1#Entity
S	http://purl.obolibrary.org/obo/IAO_0000178	http://www.ifomis.org/bfo/1.1/snap#Continuant
S	http://purl.obolibrary.org/obo/IAO_0000178	http://www.ifomis.org/bfo/1.1/snap#IndependentContinuant
S	http://purl.obolibrary.org/obo/IAO_0000178	http://www.ifomis.org/bfo/1.1/snap#MaterialEntity
S	http://purl.obolibrary.org/obo/IAO_0000179	http://purl.obolibrary.org/obo/IAO_0000030
S	http://purl.obolibrary.org/obo/IAO_0000179	http://purl.obolibrary.org/obo/IAO_0000038
S	http://purl.obolibrary.org/obo/IAO_0000179	http://purl.obolibrary.org/obo/IAO_0000308
S	http://purl.obolibrary.org/obo/IAO_0000179	http://purl.obolibrary.org/obo/IAO_0000309
S	http://purl.obolibrary.org/obo/IAO_0000179	http://www.ifomis.org/bfo/1.1#Entity
S	http://purl.obolibrary.org/obo/IAO_0000179	http://www.ifomis.org/bfo/1.1/snap#Continuant
S	http://purl.obolibrary.org/obo/IAO_0000179	http://www.ifomis.org/bfo/1.1/snap#DependentContinuant
S	http://purl.obolibrary.org/obo/IAO_0000179	http://www.ifomis.org/bfo/1.1/snap#GenericallyDependentContinuant
S	http://purl.obolibrary.org/obo/IAO_0000180	http://purl.obolibrary.org/obo/IAO_0000030
S	http://purl.obolibrary.org/obo/IAO_0000180	http://purl.obolibrary.org/obo/IAO_0000038
S	http://purl.obolibrary.org/obo/IAO_0000180	http://purl.obolibrary.org/obo/IAO_0000308
S	http://purl.obolibrary.org/obo/IAO_0000180	http://purl.obolibrary.org/obo/IAO_0000309
S	http://purl.obolibrary.org/obo/IAO_0000180	http://www.ifomis.org/bfo/1.1#Entity
S	http://purl.obolibrary.org/obo/IAO_0000180	http://www.ifomis.org/bfo/1.1/snap#Continuant
S	http://purl.obolibrary.org/obo/IAO_0000180	http://www.ifomis.org/bfo/1.1/snap#DependentContinuant
S	http://purl.obolibrary.org/obo/IAO_0000180	http://www.ifomis.org/bfo/1.1/snap#GenericallyDependentContinuant
S	http://purl.obolibrary.org/obo/IAO_0000181	http://purl.obolibrary.org/obo/IAO_0000030
S	http://purl.obolibrary.org/obo/IAO_0000181	http://purl.obolibrary.org/obo/IAO_0000038
S	http://purl.obolibrary.org/obo/IAO_0000181	http://purl.obolibrary.org/obo/IAO_0000308
S	http://purl.obolibrary.org/obo/IAO_0000181	http://purl.obolibrary.org/obo/IAO_0000309
S	http://purl.obolibrary.org/obo/IAO_0000181	http://www.ifomis.org/bfo/1.1#Entity
S	http://purl.obolibrary.org/obo/IAO_0000181	http://www.ifomis.org/bfo/1.1/snap#Continuant
S	http://purl.obolibrary.org/obo/IAO_0000181	http://www.ifomis.org/bfo/1.1/snap#DependentContinuant
S	http://purl.obolibrary.org/obo/IAO_0000181	http://www.ifomis.org/bfo/1.1/snap#GenericallyDependentContinuant
S	http://purl.obolibrary.org/obo/IAO_0000182	http://purl.obolibrary.org/obo/IAO_0000030
S	http://purl.obolibrary.org/obo/IAO_0000182	http://purl.obolibrary.org/obo/IAO_0000038
S	http://purl.obolibrary.org/obo/IAO_0000182	http://purl.obolibrary.org/obo/IAO_0000308
S	http://purl.obolibrary.org/obo/IAO_0000182	http://purl.obolibrary.org/obo/IAO_0000309
S	http://purl.obolibrary.org/obo/IAO_0000182	http://www.geneontology.org/formats/oboInOwl#ObsoleteClass
S	http://purl.obolibrary.org/obo/IAO_0000182	http://www.ifomis.org/bfo/1.1#Entity
S	http://purl.obolibrary.org/obo/IAO_0000182	http://www.ifomis.org/bfo/1.1/snap#Continuant
S	http://purl.obolibrary.org/obo/IAO_0000182	http://www.ifomis.org/bfo/1.1/snap#DependentContinuant
S	http://purl.obolibrary.org/obo/IAO_0000182	http://www.ifomis.org/bfo/1.1/snap#GenericallyDependentContinuant
S	http://purl.obolibrary.org/obo/IAO_0000183	http://purl.obolibrary.org/obo/IAO_0000030
S	http://purl.obolibrary.org/obo/IAO_0000183	http://purl.obolibrary.org/obo/IAO_0000038
S	http://purl.obolibrary.org/obo/IAO_0000183	http://purl.obolibrary.org/obo/IAO_0000308
S	http://purl.obolibrary.org/obo/IAO_0000183	http://purl.obolibrary.org/obo/IAO_0000309
S	http://purl.obolibrary.org/obo/IAO_0000183	http://www.ifomis.org/bfo/1.1#Entity
S	http://purl.obolibrary.org/obo/IAO_0000183	http://www.ifomis.org/bfo/1.1/snap#Continuant
S	http://purl.obolibrary.org/obo/IAO_0000183	http://www.ifomis.org/bfo/1.1/snap#DependentContinuant
S	http://purl.obolibrary.org/obo/IAO_0000183	http://www.ifomis.org/bfo/1.1/snap#GenericallyDependentContinuant
S	http://purl.obolibrary.org/obo/IAO_0000184	http://purl.obolibrary.org/obo/IAO_0000030
S	http://purl.obolibrary.org/obo/IAO_0000184	http://purl.obolibrary.org/obo/IAO_0000038
S	http://purl.obolibrary.org/obo/IAO_0000184	http://purl.obolibrary.org/obo/IAO_0000308
S	http://purl.obolibrary.org/obo/IAO_0000184	http://purl.obolibrary.org/obo/IAO_0000309
S	http://purl.obolibrary.org/obo/IAO_0000184	http://www.ifomis.org/bfo/1.1#Entity
S	http://purl.obolibrary.org/obo/IAO_0000184	http://www.ifomis.org/bfo/1.1/snap#Continuant
S	http://purl.obolibrary.org/obo/IAO_0000184	http://www.ifomis.org/bfo/1.1/snap#DependentContinuant
S	http://purl.obolibrary.org/obo/IAO_0000184	http://www.ifomis.org/bfo/1.1/snap#GenericallyDependentContinuant
S	http://purl.obolibrary.org/obo/IAO_0000185	http://purl.obolibrary.org/obo/IAO_0000030
S	http://purl.obolibrary.org/obo/IAO_0000185	http://purl.obolibrary.org/obo/IAO_0000101
S	http://purl.obolibrary.org/obo/IAO_0000185	http://purl.obolibrary.org/obo/IAO_0000308
S	http://purl.obolibrary.org/obo/IAO_0000185	http://www.ifomis.org/bfo/1.1#Entity
S	http://purl.obolibrary.org/obo/IAO_0000185	http://www.ifomis.org/bfo/1.1/snap#Continuant
S	http://purl.obolibrary.org/obo/IAO_0000185	http://www.ifomis.org/bfo/1.1/snap#DependentContinuant
S	http://purl.obolibrary.org/obo/IAO_0000185	http://www.ifomis.org/bfo/1.1/snap#GenericallyDependentContinuant
S	http://purl.obolibrary.org/obo/IAO_0000186	http://purl.obolibrary.org/obo/IAO_0000178
S	http://purl.obolibrary.org/obo/IAO_0000186	http://www.ifomis.org/bfo/1.1#Entity
S	http://purl.obolibrary.org/obo/IAO_0000186	http://www.ifomis.org/bfo/1.1/snap#Continuant
S	http://purl.obolibrary.org/obo/IAO_0000186	http://www.ifomis.org/bfo/1.1/snap#IndependentContinuant
S	http://purl.obolibrary.org/obo/IAO_0000186	http://www.ifomis.org/bfo/1.1/snap#MaterialEntity
S	http://purl.obolibrary.org/obo/IAO_0000225	http://purl.obolibrary.org/obo/IAO_0000027
S	http://purl.obolibrary.org/obo/IAO_0000225	http://purl.obolibrary.org/obo/IAO_0000030
S	http://purl.obolibrary.org/obo/IAO_0000225	http://purl.obolibrary.org/obo/IAO_0000102
S	http://purl.obolibrary.org/obo/IAO_0000225	http://www.ifomis.org/bfo/1.1#Entity
S	http://purl.obolibrary.org/obo/IAO_0000225	http://www.ifomis.org/bfo/1.1/snap#Continuant
S	http://purl.obolibrary.org/obo/IAO_0000225	http://www.ifomis.org/bfo/1.1/snap#DependentContinuant
S	http://purl.obolibrary.org/obo/IAO_0000225	http://www.ifomis.org/bfo/1.1/snap#GenericallyDependentContinuant
S	http://purl.obolibrary.org/obo/IAO_0000300	http://purl.obolibrary.org/obo/IAO_0000030
S	http://purl.obolibrary.org/obo/IAO_0000300	http://www.ifomis.org/bfo/1.1#Entity
S	http://purl.obolibrary.org/obo/IAO_0000300	http://www.ifomis.org/bfo/1.1/snap#Continuant
S	http://purl.obolibrary.org/obo/IAO_0000300	http://www.ifomis.org/bfo/1.1/snap#DependentContinuant
S	http://purl.obolibrary.org/obo/IAO_0000300	http://www.ifomis.org/bfo/1.1/snap#GenericallyDependentContinuant
S	http://purl.obolibrary.org/obo/IAO_0000301	http://purl.obolibrary.org/obo/IAO_0000030
S	http://purl.obolibrary.org/obo/IAO_0000301	http://purl.obolibrary.org/obo/IAO_0000300
S	http://purl.obolibrary.org/obo/IAO_0000301	http://www.ifomis.org/bfo/1.1#Entity
S	http://purl.obolibrary.org/obo/IAO_0000301	http://www.ifomis.org/bfo/1.1/snap#Continuant
S	http://purl.obolibrary.org/obo/IAO_0000301	http://www.ifomis.org/bfo/1.1/snap#DependentContinuant
S	http://purl.obolibrary.org/obo/IAO_0000301	http://www.ifomis.org/bfo/1.1/snap#GenericallyDependentContinuant
S	http://purl.obolibrary.org/obo/IAO_0000302	http://purl.obolibrary.org/obo/IAO_0000030
S	http://purl.obolibrary.org/obo/IAO_0000302	http://purl.obolibrary.org/obo/IAO_0000300
S	http://purl.obolibrary.org/obo/IAO_0000302	http://purl.obolibrary.org/obo/IAO_0000590
S	http://purl.obolibrary.org/obo/IAO_0000302	http://www.ifomis.org/bfo/1.1#Entity
S	http://purl.obolibrary.org/obo/IAO_0000302	http://www.ifomis.org/bfo/1.1/snap#Continuant
S	http://purl.obolibrary.org/obo/IAO_0000302	http://www.ifomis.org/bfo/1.1/snap#DependentContinuant
S	http://purl.obolibrary.org/obo/IAO_0000302	http://www.ifomis.org/bfo/1.1/snap#GenericallyDependentContinuant
S	http://purl.obolibrary.org/obo/IAO_0000303	http://purl.obolibrary.org/obo/IAO_0000030
S	http://purl.obolibrary.org/obo/IAO_0000303	http://purl.obolibrary.org/obo/IAO_0000300
S	http://purl.obolibrary.org/obo/IAO_0000303	http://www.ifomis.org/bfo/1.1#Entity
S	http://purl.obolibrary.org/obo/IAO_0000303	http://www.ifomis.org/bfo/1.1/snap#Continuant
S	http://purl.obolibrary.org/obo/IAO_0000303	http://www.ifomis.org/bfo/1.1/snap#DependentContinuant
S	http://purl.obolibrary.org/obo/IAO_0000303	http://www.ifomis.org/bfo/1.1/snap#GenericallyDependentContinuant
S	http://purl.obolibrary.org/obo/IAO_0000304	http://purl.obolibrary.org/obo/IAO_0000030
S	http://purl.obolibrary.org/obo/IAO_0000304	http://purl.obolibrary.org/obo/IAO_0000300
S	http://purl.obolibrary.org/obo/IAO_0000304	http://www.ifomis.org/bfo/1.1#Entity
S	http://purl.obolibrary.org/obo/IAO_0000304	http://www.ifomis.org/bfo/1.1/snap#Continuant
S	http://purl.obolibrary.org/obo/IAO_0000304	http://www.ifomis.org/bfo/1.1/snap#DependentContinuant
S	http://purl.obolibrary.org/obo/IAO_0000304	http://www.ifomis.org/bfo/1.1/snap#GenericallyDependentContinuant
S	http://purl.obolibrary.org/obo/IAO_0000305	http://purl.obolibrary.org/obo/IAO_0000030
S	http://purl.obolibrary.org/obo/IAO_0000305	http://purl.obolibrary.org/obo/IAO_0000300
S	http://purl.obolibrary.org/obo/IAO_0000305	http://www.ifomis.org/bfo/1.1#Entity
S	http://purl.obolibrary.org/obo/IAO_0000305	http://www.ifomis.org/bfo/1.1/snap#Continuant
S	http://purl.obolibrary.org/obo/IAO_0000305	http://www.ifomis.org/bfo/1.1/snap#DependentContinuant
S	http://purl.obolibrary.org/obo/IAO_0000305	http://www.ifomis.org/bfo/1.1/snap#GenericallyDependentContinuant
S	http://purl.obolibrary.org/obo/IAO_0000306	http://purl.obolibrary.org/obo/IAO_0000030
S	http://purl.obolibrary.org/obo/IAO_0000306	http://purl.obolibrary.org/obo/IAO_0000300
S	http://purl.obolibrary.org/obo/IAO_0000306	http://www.ifomis.org/bfo/1.1#Entity
S	http://purl.obolibrary.org/obo/IAO_0000306	http://www.ifomis.org/bfo/1.1/snap#Continuant
S	http://purl.obolibrary.org/obo/IAO_0000306	http://www.ifomis.org/bfo/1.1/snap#DependentContinuant
S	http://purl.obolibrary.org/obo/IAO_0000306	http://www.ifomis.org/bfo/1.1/snap#GenericallyDependentContinuant
S	http://purl.obolibrary.org/obo/IAO_0000307	http://purl.obolibrary.org/obo/IAO_0000030
S	http://purl.obolibrary.org/obo/IAO_0000307	http://purl.obolibrary.org/obo/IAO_0000300
S	http://purl.obolibrary.org/obo/IAO_0000307	http://purl.obolibrary.org/obo/IAO_0000306
S	http://purl.obolibrary.org/obo/IAO_0000307	http://www.ifomis.org/bfo/1.1#Entity
S	http://purl.obolibrary.org/obo/IAO_0000307	http://www.ifomis.org/bfo/1.1/snap#Continuant
S	http://purl.obolibrary.org/obo/IAO_0000307	http://www.ifomis.org/bfo/1.1/snap#DependentContinuant
S	http://purl.obolibrary.org/obo/IAO_0000307	http://www.ifomis.org/bfo/1.1/snap#GenericallyDependentContinuant
S	http://purl.obolibrary.org/obo/IAO_0000308	http://purl.obolibrary.org/obo/IAO_0000030
S	http://purl.obolibrary.org/obo/IAO_0000308	http://www.ifomis.org/bfo/1.1#Entity
S	http://purl.obolibrary.org/obo/IAO_0000308	http://www.ifomis.org/bfo/1.1/snap#Continuant
S	http://purl.obolibrary.org/obo/IAO_0000308	http://www.ifomis.org/bfo/1.1/snap#DependentContinuant
S	http://purl.obolibrary.org/obo/IAO_0000308	http://www.ifomis.org/bfo/1.1/snap#GenericallyDependentContinuant
S	http://purl.obolibrary.org/obo/IAO_0000309	http://purl.obolibrary.org/obo/IAO_0000030
S	http://purl.obolibrary.org/obo/IAO_0000309	http://purl.obolibrary.org/obo/IAO_0000308
S	http://purl.obolibrary.org/obo/IAO_0000309	http://www.ifomis.org/bfo/1.1#Entity
S	http://purl.obolibrary.org/obo/IAO_0000309	http://www.ifomis.org/bfo/1.1/snap#Continuant
S	http://purl.obolibrary.org/obo/IAO_0000309	http://www.ifomis.org/bfo/1.1/snap#DependentContinuant
S	http://purl.obolibrary.org/obo/IAO_0000309	http://www.ifomis.org/bfo/1.1/snap#GenericallyDependentContinuant
S	http://purl.obolibrary.org/obo/IAO_0000310	http://purl.obolibrary.org/obo/IAO_0000030
S	http://purl.obolibrary.org/obo/IAO_0000310	http://www.ifomis.org/bfo/1.1#Entity
S	http://purl.obolibrary.org/obo/IAO_0000310	http://www.ifomis.org/bfo/1.1/snap#Continuant
S	http://purl.obolibrary.org/obo/IAO_0000310	http://www.ifomis.org/bfo/1.1/snap#DependentContinuant
S	http://purl.obolibrary.org/obo/IAO_0000310	http://www.ifomis.org/bfo/1.1/snap#GenericallyDependentContinuant
S	http://purl.obolibrary.org/obo/IAO_0000311	http://purl.obolibrary.org/obo/IAO_0000030
S	http://purl.obolibrary.org/obo/IAO_0000311	http://purl.obolibrary.org/obo/IAO_0000310
S	http://purl.obolibrary.org/obo/IAO_0000311	http://www.ifomis.org/bfo/1.1#Entity
S	http://purl.obolibrary.org/obo/IAO_0000311	http://www.ifomis.org/bfo/1.1/snap#Continuant
S	http://purl.obolibrary.org/obo/IAO_0000311	http://www.ifomis.org/bfo/1.1/snap#DependentContinuant
S	http://purl.obolibrary.org/obo/IAO_0000311	http://www.ifomis.org/bfo/1.1/snap#GenericallyDependentContinuant
S	http://purl.obolibrary.org/obo/IAO_0000312	http://purl.obolibrary.org/obo/IAO_0000030
S	http://purl.obolibrary.org/obo/IAO_0000312	http://purl.obolibrary.org/obo/IAO_0000310
S	http://purl.obolibrary.org/obo/IAO_0000312	http://purl.obolibrary.org/obo/IAO_0000311
S	http://purl.obolibrary.org/obo/IAO_0000312	http://www.ifomis.org/bfo/1.1#Entity
S	http://purl.obolibrary.org/obo/IAO_0000312	http://www.ifomis.org/bfo/1.1/snap#Continuant
S	http://purl.obolibrary.org/obo/IAO_0000312	http://www.ifomis.org/bfo/1.1/snap#DependentContinuant
S	http://purl.obolibrary.org/obo/IAO_0000312	http://www.ifomis.org/bfo/1.1/snap#GenericallyDependentContinuant
S	http://purl.obolibrary.org/obo/IAO_0000313	http://purl.obolibrary.org/obo/IAO_0000030
S	http://purl.obolibrary.org/obo/IAO_0000313	http://purl.obolibrary.org/obo/IAO_0000310
S	http://purl.obolibrary.org/obo/IAO_0000313	http://www.ifomis.org/bfo/1.1#Entity
S	http://purl.obolibrary.org/obo/IAO_0000313	http://www.ifomis.org/bfo/1.1/snap#Continuant
S	http://purl.obolibrary.org/obo/IAO_0000313	http://www.ifomis.org/bfo/1.1/snap#DependentContinuant
S	http://purl.obolibrary.org/obo/IAO_0000313	http://www.ifomis.org/bfo/1.1/snap#GenericallyDependentContinuant
S	http://purl.obolibrary.org/obo/IAO_0000314	http://purl.obolibrary.org/obo/IAO_0000030
S	http://purl.obolibrary.org/obo/IAO_0000314	http://www.ifomis.org/bfo/1.1#Entity
S	http://purl.obolibrary.org/obo/IAO_0000314	http://www.ifomis.org/bfo/1.1/snap#Continuant
S	http://purl.obolibrary.org/obo/IAO_0000314	http://www.ifomis.org/bfo/1.1/snap#DependentContinuant
S	http://purl.obolibrary.org/obo/IAO_0000314	http://www.ifomis.org/bfo/1.1/snap#GenericallyDependentContinuant
S	http://purl.obolibrary.org/obo/IAO_0000315	http://purl.obolibrary.org/obo/IAO_0000030
S	http://purl.obolibrary.org/obo/IAO_0000315	http://purl.obolibrary.org/obo/IAO_0000314
S	http://purl.obolibrary.org/obo/IAO_0000315	http://www.ifomis.org/bfo/1.1#Entity
S	http://purl.obolibrary.org/obo/IAO_0000315	http://www.ifomis.org/bfo/1.1/snap#Continuant
S	http://purl.obolibrary.org/obo/IAO_0000315	http://www.ifomis.org/bfo/1.1/snap#DependentContinuant
S	http://purl.obolibrary.org/obo/IAO_0000315	http://www.ifomis.org/bfo/1.1/snap#GenericallyDependentContinuant
S	http://purl.obolibrary.org/obo/IAO_0000316	http://purl.obolibrary.org/obo/IAO_0000030
S	http://purl.obolibrary.org/obo/IAO_0000316	http://purl.obolibrary.org/obo/IAO_0000314
S	http://purl.obolibrary.org/obo/IAO_0000316	http://www.ifomis.org/bfo/1.1#Entity
S	http://purl.obolibrary.org/obo/IAO_0000316	http://www.ifomis.org/bfo/1.1/snap#Continuant
S	http://purl.obolibrary.org/obo/IAO_0000316	http://www.ifomis.org/bfo/1.1/snap#DependentContinuant
S	http://purl.obolibrary.org/obo/IAO_0000316	http://www.ifomis.org/bfo/1.1/snap#GenericallyDependentContinuant
S	http://purl.obolibrary.org/obo/IAO_0000317	http://purl.obolibrary.org/obo/IAO_0000030
S	http://purl.obolibrary.org/obo/IAO_0000317	http://purl.obolibrary.org/obo/IAO_0000314
S	http://purl.obolibrary.org/obo/IAO_0000317	http://www.ifomis.org/bfo/1.1#Entity
S	http://purl.obolibrary.org/obo/IAO_0000317	http://www.ifomis.org/bfo/1.1/snap#Continuant
S	http://purl.obolibrary.org/obo/IAO_0000317	http://www.ifomis.org/bfo/1.1/snap#DependentContinuant
S	http://purl.obolibrary.org/obo/IAO_0000317	http://www.ifomis.org/bfo/1.1/snap#GenericallyDependentContinuant
S	http://purl.obolibrary.org/obo/IAO_0000318	http://purl.obolibrary.org/obo/IAO_0000030
S	http://purl.obolibrary.org/obo/IAO_0000318	http://purl.obolibrary.org/obo/IAO_0000314
S	http://purl.obolibrary.org/obo/IAO_0000318	http://www.ifomis.org/bfo/1.1#Entity
S	http://purl.obolibrary.org/obo/IAO_0000318	http://www.ifomis.org/bfo/1.1/snap#Continuant
S	http://purl.obolibrary.org/obo/IAO_0000318	http://www.ifomis.org/bfo/1.1/snap#DependentContinuant
S	http://purl.obolibrary.org/obo/IAO_0000318	http://www.ifomis.org/bfo/1.1/snap#GenericallyDependentContinuant
S	http://purl.obolibrary.org/obo/IAO_0000319	http://purl.obolibrary.org/obo/IAO_0000030
S	http://purl.obolibrary.org/obo/IAO_0000319	http://purl.obolibrary.org/obo/IAO_0000314
S	http://purl.obolibrary.org/obo/IAO_0000319	http://www.ifomis.org/bfo/1.1#Entity
S	http://purl.obolibrary.org/obo/IAO_0000319	http://www.ifomis.org/bfo/1.1/snap#Continuant
S	http://purl.obolibrary.org/obo/IAO_0000319	http://www.ifomis.org/bfo/1.1/snap#DependentContinuant
S	http://purl.obolibrary.org/obo/IAO_0000319	http://www.ifomis.org/bfo/1.1/snap#GenericallyDependentContinuant
S	http://purl.obolibrary.org/obo/IAO_0000320	http://purl.obolibrary.org/obo/IAO_0000030
S	http://purl.obolibrary.org/obo/IAO_0000320	http://purl.obolibrary.org/obo/IAO_0000314
S	http://purl.obolibrary.org/obo/IAO_0000320	http://www.ifomis.org/bfo/1.1#Entity
S	http://purl.obolibrary.org/obo/IAO_0000320	http://www.ifomis.org/bfo/1.1/snap#Continuant
S	http://purl.obolibrary.org/obo/IAO_0000320	http://www.ifomis.org/bfo/1.1/snap#DependentContinuant
S	http://purl.obolibrary.org/obo/IAO_0000320	http://www.ifomis.org/bfo/1.1/snap#GenericallyDependentContinuant
S	http://purl.obolibrary.org/obo/IAO_0000321	http://purl.obolibrary.org/obo/IAO_0000030
S	http://purl.obolibrary.org/obo/IAO_0000321	http://purl.obolibrary.org/obo/IAO_0000314
S	http://purl.obolibrary.org/obo/IAO_0000321	http://www.ifomis.org/bfo/1.1#Entity
S	http://purl.obolibrary.org/obo/IAO_0000321	http://www.ifomis.org/bfo/1.1/snap#Continuant
S	http://purl.obolibrary.org/obo/IAO_0000321	http://www.ifomis.org/bfo/1.1/snap#DependentContinuant
S	http://purl.obolibrary.org/obo/IAO_0000321	http://www.ifomis.org/bfo/1.1/snap#GenericallyDependentContinuant
S	http://purl.obolibrary.org/obo/IAO_0000322	http://purl.obolibrary.org/obo/IAO_0000030
S	http://purl.obolibrary.org/obo/IAO_0000322	http://purl.obolibrary.org/obo/IAO_0000314
S	http://purl.obolibrary.org/obo/IAO_0000322	http://www.ifomis.org/bfo/1.1#Entity
S	http://purl.obolibrary.org/obo/IAO_0000322	http://www.ifomis.org/bfo/1.1/snap#Continuant
S	http://purl.obolibrary.org/obo/IAO_0000322	http://www.ifomis.org/bfo/1.1/snap#DependentContinuant
S	http://purl.obolibrary.org/obo/IAO_0000322	http://www.ifomis.org/bfo/1.1/snap#GenericallyDependentContinuant
S	http://purl.obolibrary.org/obo/IAO_0000323	http://purl.obolibrary.org/obo/IAO_0000030
S	http://purl.obolibrary.org/obo/IAO_0000323	http://purl.obolibrary.org/obo/IAO_0000314
S	http://purl.obolibrary.org/obo/IAO_0000323	http://www.ifomis.org/bfo/1.1#Entity
S	http://purl.obolibrary.org/obo/IAO_0000323	http://www.ifomis.org/bfo/1.1/snap#Continuant
S	http://purl.obolibrary.org/obo/IAO_0000323	http://www.ifomis.org/bfo/1.1/snap#DependentContinuant
S	http://purl.obolibrary.org/obo/IAO_0000323	http://www.ifomis.org/bfo/1.1/snap#GenericallyDependentContinuant
S	http://purl.obolibrary.org/obo/IAO_0000324	http://purl.obolibrary.org/obo/IAO_0000030
S	http://purl.obolibrary.org/obo/IAO_0000324	http://purl.obolibrary.org/obo/IAO_0000314
S	http://purl.obolibrary.org/obo/IAO_0000324	http://www.ifomis.org/bfo/1.1#Entity
S	http://purl.obolibrary.org/obo/IAO_0000324	http://www.ifomis.org/bfo/1.1/snap#Continuant
S	http://purl.obolibrary.org/obo/IAO_0000324	http://www.ifomis.org/bfo/1.1/snap#DependentContinuant
S	http://purl.obolibrary.org/obo/IAO_0000324	http://www.ifomis.org/bfo/1.1/snap#GenericallyDependentContinuant
S	http://purl.obolibrary.org/obo/IAO_0000325	http://purl.obolibrary.org/obo/IAO_0000030
S	http://purl.obolibrary.org/obo/IAO_0000325	http://purl.obolibrary.org/obo/IAO_0000314
S	http://purl.obolibrary.org/obo/IAO_0000325	http://www.ifomis.org/bfo/1.1#Entity
S	http://purl.obolibrary.org/obo/IAO_0000325	http://www.ifomis.org/bfo/1.1/snap#Continuant
S	http://purl.obolibrary.org/obo/IAO_0000325	http://www.ifomis.org/bfo/1.1/snap#DependentContinuant
S	http://purl.obolibrary.org/obo/IAO_0000325	http://www.ifomis.org/bfo/1.1/snap#GenericallyDependentContinuant
S	http://purl.obolibrary.org/obo/IAO_0000326	http://purl.obolibrary.org/obo/IAO_0000030
S	http://purl.obolibrary.org/obo/IAO_0000326	http://purl.obolibrary.org/obo/IAO_0000314
S	http://purl.obolibrary.org/obo/IAO_0000326	http://www.ifomis.org/bfo/1.1#Entity
S	http://purl.obolibrary.org/obo/IAO_0000326	http://www.ifomis.org/bfo/1.1/snap#Continuant
S	http://purl.obolibrary.org/obo/IAO_0000326	http://www.ifomis.org/bfo/1.1/snap#DependentContinuant
S	http://purl.obolibrary.org/obo/IAO_0000326	http://www.ifomis.org/bfo/1.1/snap#GenericallyDependentContinuant
S	http://purl.obolibrary.org/obo/IAO_0000327	http://purl.obolibrary.org/obo/IAO_0000030
S	http://purl.obolibrary.org/obo/IAO_0000327	http://purl.obolibrary.org/obo/IAO_0000300
S	http://purl.obolibrary.org/obo/IAO_0000327	http://purl.obolibrary.org/obo/IAO_0000306
S	http://purl.obolibrary.org/obo/IAO_0000327	http://www.ifomis.org/bfo/1.1#Entity
S	http://purl.obolibrary.org/obo/IAO_0000327	http://www.ifomis.org/bfo/1.1/snap#Continuant
S	http://purl.obolibrary.org/obo/IAO_0000327	http://www.ifomis.org/bfo/1.1/snap#DependentContinuant
S	http://purl.obolibrary.org/obo/IAO_0000327	http://www.ifomis.org/bfo/1.1/snap#GenericallyDependentContinuant
S	http://purl.obolibrary.org/obo/IAO_0000328	http://purl.obolibrary.org/obo/IAO_0000030
S	http://purl.obolibrary.org/obo/IAO_0000328	http://purl.obolibrary.org/obo/IAO_0000300
S	http://purl.obolibrary.org/obo/IAO_0000328	http://purl.obolibrary.org/obo/IAO_0000306
S	http://purl.obolibrary.org/obo/IAO_0000328	http://www.ifomis.org/bfo/1.1#Entity
S	http://purl.obolibrary.org/obo/IAO_0000328	http://www.ifomis.org/bfo/1.1/snap#Continuant
S	http://purl.obolibrary.org/obo/IAO_0000328	http://www.ifomis.org/bfo/1.1/snap#DependentContinuant
S	http://purl.obolibrary.org/obo/IAO_0000328	http://www.ifomis.org/bfo/1.1/snap#GenericallyDependentContinuant
S	http://purl.obolibrary.org/obo/IAO_0000329	http://purl.obolibrary.org/obo/IAO_0000030
S	http://purl.obolibrary.org/obo/IAO_0000329	http://purl.obolibrary.org/obo/IAO_0000300
S	http://purl.obolibrary.org/obo/IAO_0000329	http://purl.obolibrary.org/obo/IAO_0000305
S	http://purl.obolibrary.org/obo/IAO_0000329	http://www.ifomis.org/bfo/1.1#Entity
S	http://purl.obolibrary.org/obo/IAO_0000329	http://www.ifomis.org/bfo/1.1/snap#Continuant
S	http://purl.obolibrary.org/obo/IAO_0000329	http://www.ifomis.org/bfo/1.1/snap#DependentContinuant
S	http://purl.obolibrary.org/obo/IAO_0000329	http://www.ifomis.org/bfo/1.1/snap#GenericallyDependentContinuant
S	http://purl.obolibrary.org/obo/IAO_0000330	http://purl.obolibrary.org/obo/IAO_0000030
S	http://purl.obolibrary.org/obo/IAO_0000330	http://purl.obolibrary.org/obo/IAO_0000314
S	http://purl.obolibrary.org/obo/IAO_0000330	http://www.ifomis.org/bfo/1.1#Entity
S	http://purl.obolibrary.org/obo/IAO_0000330	http://www.ifomis.org/bfo/1.1/snap#Continuant
S	http://purl.obolibrary.org/obo/IAO_0000330	http://www.ifomis.org/bfo/1.1/snap#DependentContinuant
S	http://purl.obolibrary.org/obo/IAO_0000330	http://www.ifomis.org/bfo/1.1/snap#GenericallyDependentContinuant
S	http://purl.obolibrary.org/obo/IAO_0000400	http://purl.obolibrary.org/obo/IAO_0000027
S	http://purl.obolibrary.org/obo/IAO_0000400	http://purl.obolibrary.org/obo/IAO_0000030
S	http://purl.obolibrary.org/obo/IAO_0000400	http://www.ifomis.org/bfo/1.1#Entity
S	http://purl.obolibrary.org/obo/IAO_0000400	http://www.ifomis.org/bfo/1.1/snap#Continuant
S	http://purl.obolibrary.org/obo/IAO_0000400	http://www.ifomis.org/bfo/1.1/snap#DependentContinuant
S	http://purl.obolibrary.org/obo/IAO_0000400	http://www.ifomis.org/bfo/1.1/snap#GenericallyDependentContinuant
S	http://purl.obolibrary.org/obo/IAO_0000401	http://purl.obolibrary.org/obo/IAO_0000027
S	http://purl.obolibrary.org/obo/IAO_0000401	http://purl.obolibrary.org/obo/IAO_0000030
S	http://purl.obolibrary.org/obo/IAO_0000401	http://purl.obolibrary.org/obo/IAO_0000400
S	http://purl.obolibrary.org/obo/IAO_0000401	http://www.ifomis.org/bfo/1.1#Entity
S	http://purl.obolibrary.org/obo/IAO_0000401	http://www.ifomis.org/bfo/1.1/snap#Continuant
S	http://purl.obolibrary.org/obo/IAO_0000401	http://www.ifomis.org/bfo/1.1/snap#DependentContinuant
S	http://purl.obolibrary.org/obo/IAO_0000401	http://www.ifomis.org/bfo/1.1/snap#GenericallyDependentContinuant
S	http://purl.obolibrary.org/obo/IAO_0000402	http://purl.obolibrary.org/obo/IAO_0000027
S	http://purl.obolibrary.org/obo/IAO_0000402	http://purl.obolibrary.org/obo/IAO_0000030
S	http://purl.obolibrary.org/obo/IAO_0000402	http://purl.obolibrary.org/obo/IAO_0000400
S	http://purl.obolibrary.org/obo/IAO_0000402	http://www.ifomis.org/bfo/1.1#Entity
S	http://purl.obolibrary.org/obo/IAO_0000402	http://www.ifomis.org/bfo/1.1/snap#Continuant
S	http://purl.obolibrary.org/obo/IAO_0000402	http://www.ifomis.org/bfo/1.1/snap#DependentContinuant
S	http://purl.obolibrary.org/obo/IAO_0000402	http://www.ifomis.org/bfo/1.1/snap#GenericallyDependentContinuant
S	http://purl.obolibrary.org/obo/IAO_0000403	http://purl.obolibrary.org/obo/IAO_0000027
S	http://purl.obolibrary.org/obo/IAO_0000403	http://purl.obolibrary.org/obo/IAO_0000030
S	http://purl.obolibrary.org/obo/IAO_0000403	http://purl.obolibrary.org/obo/IAO_0000400
S	http://purl.obolibrary.org/obo/IAO_0000403	http://www.ifomis.org/bfo/1.1#Entity
S	http://purl.obolibrary.org/obo/IAO_0000403	http://www.ifomis.org/bfo/1.1/snap#Continuant
S	http://purl.obolibrary.org/obo/IAO_0000403	http://www.ifomis.org/bfo/1.1/snap#DependentContinuant
S	http://purl.obolibrary.org/obo/IAO_0000403	http://www.ifomis.org/bfo/1.1/snap#GenericallyDependentContinuant
S	http://purl.obolibrary.org/obo/IAO_0000408	http://purl.obolibrary.org/obo/IAO_0000027
S	http://purl.obolibrary.org/obo/IAO_0000408	http://purl.obolibrary.org/obo/IAO_0000030
S	http://purl.obolibrary.org/obo/IAO_0000408	http://purl.obolibrary.org/obo/IAO_0000032
S	http://purl.obolibrary.org/obo/IAO_0000408	http://purl.obolibrary.org/obo/IAO_0000109
S	http://purl.obolibrary.org/obo/IAO_0000408	http://www.ifomis.org/bfo/1.1#Entity
S	http://purl.obolibrary.org/obo/IAO_0000408	http://www.ifomis.org/bfo/1.1/snap#Continuant
S	http://purl.obolibrary.org/obo/IAO_0000408	http://www.ifomis.org/bfo/1.1/snap#DependentContinuant
S	http://purl.obolibrary.org/obo/IAO_0000408	http://www.ifomis.org/bfo/1.1/snap#GenericallyDependentContinuant
S	http://purl.obolibrary.org/obo/IAO_0000409	http://purl.obolibrary.org/obo/IAO_0000027
S	http://purl.obolibrary.org/obo/IAO_0000409	http://purl.obolibrary.org/obo/IAO_0000030
S	http://purl.obolibrary.org/obo/IAO_0000409	http://purl.obolibrary.org/obo/IAO_0000102
S	http://purl.obolibrary.org/obo/IAO_0000409	http://www.ifomis.org/bfo/1.1#Entity
S	http://purl.obolibrary.org/obo/IAO_0000409	http://www.ifomis.org/bfo/1.1/snap#Continuant
S	http://purl.obolibrary.org/obo/IAO_0000409	http://www.ifomis.org/bfo/1.1/snap#DependentContinuant
S	http://purl.obolibrary.org/obo/IAO_0000409	http://www.ifomis.org/bfo/1.1/snap#GenericallyDependentContinuant
S	http://purl.obolibrary.org/obo/IAO_0000414	http://purl.obolibrary.org/obo/IAO_0000027
S	http://purl.obolibrary.org/obo/IAO_0000414	http://purl.obolibrary.org/obo/IAO_0000030
S	http://purl.obolibrary.org/obo/IAO_0000414	http://purl.obolibrary.org/obo/IAO_0000032
S	http://purl.obolibrary.org/obo/IAO_0000414	http://purl.obolibrary.org/obo/IAO_0000109
S	http://purl.obolibrary.org/obo/IAO_0000414	http://www.ifomis.org/bfo/1.1#Entity
S	http://purl.obolibrary.org/obo/IAO_0000414	http://www.ifomis.org/bfo/1.1/snap#Continuant
S	http://purl.obolibrary.org/obo/IAO_0000414	http://www.ifomis.org/bfo/1.1/snap#DependentContinuant
S	http://purl.obolibrary.org/obo/IAO_0000414	http://www.ifomis.org/bfo/1.1/snap#GenericallyDependentContinuant
S	http://purl.obolibrary.org/obo/IAO_0000415	http://purl.obolibrary.org/obo/IAO_0000030
S	http://purl.obolibrary.org/obo/IAO_0000415	http://purl.obolibrary.org/obo/IAO_0000300
S	http://purl.obolibrary.org/obo/IAO_0000415	http://www.ifomis.org/bfo/1.1#Entity
S	http://purl.obolibrary.org/obo/IAO_0000415	http://www.ifomis.org/bfo/1.1/snap#Continuant
S	http://purl.obolibrary.org/obo/IAO_0000415	http://www.ifomis.org/bfo/1.1/snap#DependentContinuant
S	http://purl.obolibrary.org/obo/IAO_0000415	http://www.ifomis.org/bfo/1.1/snap#GenericallyDependentContinuant
S	http://purl.obolibrary.org/obo/IAO_0000416	http://purl.obolibrary.org/obo/IAO_0000027
S	http://purl.obolibrary.org/obo/IAO_0000416	http://purl.obolibrary.org/obo/IAO_0000030
S	http://purl.obolibrary.org/obo/IAO_0000416	http://purl.obolibrary.org/obo/IAO_0000032
S	http://purl.obolibrary.org/obo/IAO_0000416	http://purl.obolibrary.org/obo/IAO_0000109
S	http://purl.obolibrary.org/obo/IAO_0000416	http://www.ifomis.org/bfo/1.1#Entity
S	http://purl.obolibrary.org/obo/IAO_0000416	http://www.ifomis.org/bfo/1.1/snap#Continuant
S	http://purl.obolibrary.org/obo/IAO_0000416	http://www.ifomis.org/bfo/1.1/snap#DependentContinuant
S	http://purl.obolibrary.org/obo/IAO_0000416	http://www.ifomis.org/bfo/1.1/snap#GenericallyDependentContinuant
S	http://purl.obolibrary.org/obo/IAO_0000422	http://purl.obolibrary.org/obo/IAO_0000030
S	http://purl.obolibrary.org/obo/IAO_0000422	http://purl.obolibrary.org/obo/IAO_0000300
S	http://purl.obolibrary.org/obo/IAO_0000422	http://www.ifomis.org/bfo/1.1#Entity
S	http://purl.obolibrary.org/obo/IAO_0000422	http://www.ifomis.org/bfo/1.1/snap#Continuant
S	http://purl.obolibrary.org/obo/IAO_0000422	http://www.ifomis.org/bfo/1.1/snap#DependentContinuant
S	http://purl.obolibrary.org/obo/IAO_0000422	http://www.ifomis.org/bfo/1.1/snap#GenericallyDependentContinuant
S	http://purl.obolibrary.org/obo/IAO_0000442	http://www.ifomis.org/bfo/1.1#Entity
S	http://purl.obolibrary.org/obo/IAO_0000442	http://www.ifomis.org/bfo/1.1/snap#Continuant
S	http://purl.obolibrary.org/obo/IAO_0000442	http://www.ifomis.org/bfo/1.1/snap#DependentContinuant
S	http://purl.obolibrary.org/obo/IAO_0000442	http://www.ifomis.org/bfo/1.1/snap#RealizableEntity
S	http://purl.obolibrary.org/obo/IAO_0000442	http://www.ifomis.org/bfo/1.1/snap#Role
S	http://purl.obolibrary.org/obo/IAO_0000442	http://www.ifomis.org/bfo/1.1/snap#SpecificallyDependentContinuant
S	http://purl.obolibrary.org/obo/IAO_0000443	http://purl.obolibrary.org/obo/OBI_0000011
S	http://purl.obolibrary.org/obo/IAO_0000443	http://www.ifomis.org/bfo/1.1#Entity
S	http://purl.obolibrary.org/obo/IAO_0000443	http://www.ifomis.org/bfo/1.1/span#Occurrent
S	http://purl.obolibrary.org/obo/IAO_0000443	http://www.ifomis.org/bfo/1.1/span#Process
S	http://purl.obolibrary.org/obo/IAO_0000443	http://www.ifomis.org/bfo/1.1/span#ProcessualEntity
S	http://purl.obolibrary.org/obo/IAO_0000572	http://purl.obolibrary.org/obo/OBI_0000011
S	http://purl.obolibrary.org/obo/IAO_0000572	http://www.ifomis.org/bfo/1.1#Entity
S	http://purl.obolibrary.org/obo/IAO_0000572	http://www.ifomis.org/bfo/1.1/span#Occurrent
S	http://purl.obolibrary.org/obo/IAO_0000572	http://www.ifomis.org/bfo/1.1/span#Process
S	http://purl.obolibrary.org/obo/IAO_0000572	http://www.ifomis.org/bfo/1.1/span#ProcessualEntity
S	http://purl.obolibrary.org/obo/IAO_0000573	http://purl.obolibrary.org/obo/IAO_0000030
S	http://purl.obolibrary.org/obo/IAO_0000573	http://purl.obolibrary.org/obo/IAO_0000038
S	http://purl.obolibrary.org/obo/IAO_0000573	http://purl.obolibrary.org/obo/IAO_0000308
S	http://purl.obolibrary.org/obo/IAO_0000573	http://purl.obolibrary.org/obo/IAO_0000309
S	http://purl.obolibrary.org/obo/IAO_0000573	http://www.ifomis.org/bfo/1.1#Entity
S	http://purl.obolibrary.org/obo/IAO_0000573	http://www.ifomis.org/bfo/1.1/snap#Continuant
S	http://purl.obolibrary.org/obo/IAO_0000573	http://www.ifomis.org/bfo/1.1/snap#DependentContinuant
S	http://purl.obolibrary.org/obo/IAO_0000573	http://www.ifomis.org/bfo/1.1/snap#GenericallyDependentContinuant
S	http://purl.obolibrary.org/obo/IAO_0000574	http://purl.obolibrary.org/obo/OBI_0000011
S	http://purl.obolibrary.org/obo/IAO_0000574	http://www.ifomis.org/bfo/1.1#Entity
S	http://purl.obolibrary.org/obo/IAO_0000574	http://www.ifomis.org/bfo/1.1/span#Occurrent
S	http://purl.obolibrary.org/obo/IAO_0000574	http://www.ifomis.org/bfo/1.1/span#Process
S	http://purl.obolibrary.org/obo/IAO_0000574	http://www.ifomis.org/bfo/1.1/span#ProcessualEntity
S	http://purl.obolibrary.org/obo/IAO_0000575	http://purl.obolibrary.org/obo/OBI_0000011
S	http://purl.obolibrary.org/obo/IAO_0000575	http://www.ifomis.org/bfo/1.1#Entity
S	http://purl.obolibrary.org/obo/IAO_0000575	http://www.ifomis.org/bfo/1.1/span#Occurrent
S	http://purl.obolibrary.org/obo/IAO_0000575	http://www.ifomis.org/bfo/1.1/span#Process
S	http://purl.obolibrary.org/obo/IAO_0000575	http://www.ifomis.org/bfo/1.1/span#ProcessualEntity
S	http://purl.obolibrary.org/obo/IAO_0000576	http://www.geneontology.org/formats/oboInOwl#ObsoleteClass
S	http://purl.obolibrary.org/obo/IAO_0000577	http://purl.obolibrary.org/obo/IAO_0000028
S	http://purl.obolibrary.org/obo/IAO_0000577	http://purl.obolibrary.org/obo/IAO_0000030
S	http://purl.obolibrary.org/obo/IAO_0000577	http://www.ifomis.org/bfo/1.1#Entity
S	http://purl.obolibrary.org/obo/IAO_0000577	http://www.ifomis.org/bfo/1.1/snap#Continuant
S	http://purl.obolibrary.org/obo/IAO_0000577	http://www.ifomis.org/bfo/1.1/snap#DependentContinuant
S	http://purl.obolibrary.org/obo/IAO_0000577	http://www.ifomis.org/bfo/1.1/snap#GenericallyDependentContinuant
S	http://purl.obolibrary.org/obo/IAO_0000578	http://purl.obolibrary.org/obo/IAO_0000030
S	http://purl.obolibrary.org/obo/IAO_0000578	http://www.ifomis.org/bfo/1.1#Entity
S	http://purl.obolibrary.org/obo/IAO_0000578	http://www.ifomis.org/bfo/1.1/snap#Continuant
S	http://purl.obolibrary.org/obo/IAO_0000578	http://www.ifomis.org/bfo/1.1/snap#DependentContinuant
S	http://purl.obolibrary.org/obo/IAO_0000578	http://www.ifomis.org/bfo/1.1/snap#GenericallyDependentContinuant
S	http://purl.obolibrary.org/obo/IAO_0000579	http://purl.obolibrary.org/obo/IAO_0000027
S	http://purl.obolibrary.org/obo/IAO_0000579	http://purl.obolibrary.org/obo/IAO_0000030
S	http://purl.obolibrary.org/obo/IAO_0000579	http://purl.obolibrary.org/obo/IAO_0000100
S	http://purl.obolibrary.org/obo/IAO_0000579	http://www.ifomis.org/bfo/1.1#Entity
S	http://purl.obolibrary.org/obo/IAO_0000579	http://www.ifomis.org/bfo/1.1/snap#Continuant
S	http://purl.obolibrary.org/obo/IAO_0000579	http://www.ifomis.org/bfo/1.1/snap#DependentContinuant
S	http://purl.obolibrary.org/obo/IAO_0000579	http://www.ifomis.org/bfo/1.1/snap#GenericallyDependentContinuant
S	http://purl.obolibrary.org/obo/IAO_0000580	http://purl.obolibrary.org/obo/OBI_0000011
S	http://purl.obolibrary.org/obo/IAO_0000580	http://www.ifomis.org/bfo/1.1#Entity
S	http://purl.obolibrary.org/obo/IAO_0000580	http://www.ifomis.org/bfo/1.1/span#Occurrent
S	http://purl.obolibrary.org/obo/IAO_0000580	http://www.ifomis.org/bfo/1.1/span#Process
S	http://purl.obolibrary.org/obo/IAO_0000580	http://www.ifomis.org/bfo/1.1/span#ProcessualEntity
S	http://purl.obolibrary.org/obo/IAO_0000582	http://purl.obolibrary.org/obo/IAO_0000027
S	http://purl.obolibrary.org/obo/IAO_0000582	http://purl.obolibrary.org/obo/IAO_0000030
S	http://purl.obolibrary.org/obo/IAO_0000582	http://purl.obolibrary.org/obo/IAO_0000109
S	http://purl.obolibrary.org/obo/IAO_0000582	http://www.ifomis.org/bfo/1.1#Entity
S	http://purl.obolibrary.org/obo/IAO_0000582	http://www.ifomis.org/bfo/1.1/snap#Continuant
S	http://purl.obolibrary.org/obo/IAO_0000582	http://www.ifomis.org/bfo/1.1/snap#DependentContinuant
S	http://purl.obolibrary.org/obo/IAO_0000582	http://www.ifomis.org/bfo/1.1/snap#GenericallyDependentContinuant
S	http://purl.obolibrary.org/obo/IAO_0000584	http://purl.obolibrary.org/obo/IAO_0000027
S	http://purl.obolibrary.org/obo/IAO_0000584	http://purl.obolibrary.org/obo/IAO_0000030
S	http://purl.obolibrary.org/obo/IAO_0000584	http://purl.obolibrary.org/obo/IAO_0000100
S	http://purl.obolibrary.org/obo/IAO_0000584	http://www.ifomis.org/bfo/1.1#Entity
S	http://purl.obolibrary.org/obo/IAO_0000584	http://www.ifomis.org/bfo/1.1/snap#Continuant
S	http://purl.obolibrary.org/obo/IAO_0000584	http://www.ifomis.org/bfo/1.1/snap#DependentContinuant
S	http://purl.obolibrary.org/obo/IAO_0000584	http://www.ifomis.org/bfo/1.1/snap#GenericallyDependentContinuant
S	http://purl.obolibrary.org/obo/IAO_0000590	http://purl.obolibrary.org/obo/IAO_0000030
S	http://purl.obolibrary.org/obo/IAO_0000590	http://purl.obolibrary.org/obo/IAO_0000300
S	http://purl.obolibrary.org/obo/IAO_0000590	http://www.ifomis.org/bfo/1.1#Entity
S	http://purl.obolibrary.org/obo/IAO_0000590	http://www.ifomis.org/bfo/1.1/snap#Continuant
S	http://purl.obolibrary.org/obo/IAO_0000590	http://www.ifomis.org/bfo/1.1/snap#DependentContinuant
S	http://purl.obolibrary.org/obo/IAO_0000590	http://www.ifomis.org/bfo/1.1/snap#GenericallyDependentContinuant
S	http://purl.obolibrary.org/obo/IAO_0000591	http://purl.obolibrary.org/obo/IAO_0000010
S	http://purl.obolibrary.org/obo/IAO_0000591	http://purl.obolibrary.org/obo/IAO_0000030
S	http://purl.obolibrary.org/obo/IAO_0000591	http://purl.obolibrary.org/obo/IAO_0000033
S	http://purl.obolibrary.org/obo/IAO_0000591	http://purl.obolibrary.org/obo/IAO_0000104
S	http://purl.obolibrary.org/obo/IAO_0000591	http://www.ifomis.org/bfo/1.1#Entity
S	http://purl.obolibrary.org/obo/IAO_0000591	http://www.ifomis.org/bfo/1.1/snap#Continuant
S	http://purl.obolibrary.org/obo/IAO_0000591	http://www.ifomis.org/bfo/1.1/snap#DependentContinuant
S	http://purl.obolibrary.org/obo/IAO_0000591	http://www.ifomis.org/bfo/1.1/snap#GenericallyDependentContinuant
S	http://purl.obolibrary.org/obo/IAO_0000592	http://purl.obolibrary.org/obo/IAO_0000010
S	http://purl.obolibrary.org/obo/IAO_0000592	http://purl.obolibrary.org/obo/IAO_0000030
S	http://purl.obolibrary.org/obo/IAO_0000592	http://purl.obolibrary.org/obo/IAO_0000033
S	http://purl.obolibrary.org/obo/IAO_0000592	http://purl.obolibrary.org/obo/IAO_0000104
S	http://purl.obolibrary.org/obo/IAO_0000592	http://www.ifomis.org/bfo/1.1#Entity
S	http://purl.obolibrary.org/obo/IAO_0000592	http://www.ifomis.org/bfo/1.1/snap#Continuant
S	http://purl.obolibrary.org/obo/IAO_0000592	http://www.ifomis.org/bfo/1.1/snap#DependentContinuant
S	http://purl.obolibrary.org/obo/IAO_0000592	http://www.ifomis.org/bfo/1.1/snap#GenericallyDependentContinuant
S	http://purl.obolibrary.org/obo/IAO_0000593	http://purl.obolibrary.org/obo/IAO_0000010
S	http://purl.obolibrary.org/obo/IAO_0000593	http://purl.obolibrary.org/obo/IAO_0000030
S	http://purl.obolibrary.org/obo/IAO_0000593	http://purl.obolibrary.org/obo/IAO_0000033
S	http://purl.obolibrary.org/obo/IAO_0000593	http://purl.obolibrary.org/obo/IAO_0000104
S	http://purl.obolibrary.org/obo/IAO_0000593	http://www.ifomis.org/bfo/1.1#Entity
S	http://purl.obolibrary.org/obo/IAO_0000593	http://www.ifomis.org/bfo/1.1/snap#Continuant
S	http://purl.obolibrary.org/obo/IAO_0000593	http://www.ifomis.org/bfo/1.1/snap#DependentContinuant
S	http://purl.obolibrary.org/obo/IAO_0000593	http://www.ifomis.org/bfo/1.1/snap#GenericallyDependentContinuant
S	http://purl.obolibrary.org/obo/IAO_0000594	http://purl.obolibrary.org/obo/IAO_0000010
S	http://purl.obolibrary.org/obo/IAO_0000594	http://purl.obolibrary.org/obo/IAO_0000030
S	http://purl.obolibrary.org/obo/IAO_0000594	http://purl.obolibrary.org/obo/IAO_0000033
S	http://purl.obolibrary.org/obo/IAO_0000594	http://purl.obolibrary.org/obo/IAO_0000104
S	http://purl.obolibrary.org/obo/IAO_0000594	http://www.ifomis.org/bfo/1.1#Entity
S	http://purl.obolibrary.org/obo/IAO_0000594	http://www.ifomis.org/bfo/1.1/snap#Continuant
S	http://purl.obolibrary.org/obo/IAO_0000594	http://www.ifomis.org/bfo/1.1/snap#DependentContinuant
S	http://purl.obolibrary.org/obo/IAO_0000594	http://www.ifomis.org/bfo/1.1/snap#GenericallyDependentContinuant
S	http://purl.obolibrary.org/obo/IAO_0000595	http://purl.obolibrary.org/obo/IAO_0000010
S	http://purl.obolibrary.org/obo/IAO_0000595	http://purl.obolibrary.org/obo/IAO_0000030
S	http://purl.obolibrary.org/obo/IAO_0000595	http://purl.obolibrary.org/obo/IAO_0000033
S	http://purl.obolibrary.org/obo/IAO_0000595	http://purl.obolibrary.org/obo/IAO_0000104
S	http://purl.obolibrary.org/obo/IAO_0000595	http://www.ifomis.org/bfo/1.1#Entity
S	http://purl.obolibrary.org/obo/IAO_0000595	http://www.ifomis.org/bfo/1.1/snap#Continuant
S	http://purl.obolibrary.org/obo/IAO_0000595	http://www.ifomis.org/bfo/1.1/snap#DependentContinuant
S	http://purl.obolibrary.org/obo/IAO_0000595	http://www.ifomis.org/bfo/1.1/snap#GenericallyDependentContinuant
S	http://purl.obolibrary.org/obo/OBI_0000011	http://www.ifomis.org/bfo/1.1#Entity
S	http://purl.obolibrary.org/obo/OBI_0000011	http://www.ifomis.org/bfo/1.1/span#Occurrent
S	http://purl.obolibrary.org/obo/OBI_0000011	http://www.ifomis.org/bfo/1.1/span#Process
S	http://purl.obolibrary.org/obo/OBI_0000011	http://www.ifomis.org/bfo/1.1/span#ProcessualEntity
S	http://purl.obolibrary.org/obo/OBI_0000066	http://purl.obolibrary.org/obo/OBI_0000011
S	http://purl.obolibrary.org/obo/OBI_0000066	http://www.ifomis.org/bfo/1.1#Entity
S	http://purl.obolibrary.org/obo/OBI_0000066	http://www.ifomis.org/bfo/1.1/span#Occurrent
S	http://purl.obolibrary.org/obo/OBI_0000066	http://www.ifomis.org/bfo/1.1/span#Process
S	http://purl.obolibrary.org/obo/OBI_0000066	http://www.ifomis.org/bfo/1.1/span#ProcessualEntity
S	http://purl.obolibrary.org/obo/OBI_0000471	http://purl.obolibrary.org/obo/OBI_0000011
S	http://purl.obolibrary.org/obo/OBI_0000471	http://www.ifomis.org/bfo/1.1#Entity
S	http://purl.obolibrary.org/obo/OBI_0000471	http://www.ifomis.org/bfo/1.1/span#Occurrent
S	http://purl.obolibrary.org/obo/OBI_0000471	http://www.ifomis.org/bfo/1.1/span#Process
S	http://purl.obolibrary.org/obo/OBI_0000471	http://www.ifomis.org/bfo/1.1/span#ProcessualEntity
S	http://purl.obolibrary.org/obo/OBI_0000566	http://purl.obolibrary.org/obo/OBI_0400002
S	http://purl.obolibrary.org/obo/OBI_0000566	http://www.ifomis.org/bfo/1.1#Entity
S	http://purl.obolibrary.org/obo/OBI_0000566	http://www.ifomis.org/bfo/1.1/snap#Continuant
S	http://purl.obolibrary.org/obo/OBI_0000566	http://www.ifomis.org/bfo/1.1/snap#IndependentContinuant
S	http://purl.obolibrary.org/obo/OBI_0000566	http://www.ifomis.org/bfo/1.1/snap#MaterialEntity
S	http://purl.obolibrary.org/obo/OBI_0400002	http://www.ifomis.org/bfo/1.1#Entity
S	http://purl.obolibrary.org/obo/OBI_0400002	http://www.ifomis.org/bfo/1.1/snap#Continuant
S	http://purl.obolibrary.org/obo/OBI_0400002	http://www.ifomis.org/bfo/1.1/snap#IndependentContinuant
S	http://purl.obolibrary.org/obo/OBI_0400002	http://www.ifomis.org/bfo/1.1/snap#MaterialEntity
S	http://purl.obolibrary.org/obo/OBI_0500000	http://purl.obolibrary.org/obo/IAO_0000030
S	http://purl.obolibrary.org/obo/OBI_0500000	http://purl.obolibrary.org/obo/IAO_0000033
S	http://purl.obolibrary.org/obo/OBI_0500000	http://purl.obolibrary.org/obo/IAO_0000104
S	http://purl.obolibrary.org/obo/OBI_0500000	http://www.ifomis.org/bfo/1.1#Entity
S	http://purl.obolibrary.org/obo/OBI_0500000	http://www.ifomis.org/bfo/1.1/snap#Continuant
S	http://purl.obolibrary.org/obo/OBI_0500000	http://www.ifomis.org/bfo/1.1/snap#DependentContinuant
S	http://purl.obolibrary.org/obo/OBI_0500000	http://www.ifomis.org/bfo/1.1/snap#GenericallyDependentContinuant
S	http://purl.org/obo/owl/PATO#PATO_0000122	http://purl.org/obo/owl/PATO#PATO_0001708
S	http://purl.org/obo/owl/PATO#PATO_0000122	http://semanticscience.org/resource/CHEMINF_000031
S	http://purl.org/obo/owl/PATO#PATO_0000122	http://semanticscience.org/resource/CHEMINF_000086
S	http://purl.org/obo/owl/PATO#PATO_0000122	http://semanticscience.org/resource/CHEMINF_000211
S	http://purl.org/obo/owl/PATO#PATO_0000122	http://www.ifomis.org/bfo/1.1#Entity
S	http://purl.org/obo/owl/PATO#PATO_0000122	http://www.ifomis.org/bfo/1.1/snap#Continuant
S	http://purl.org/obo/owl/PATO#PATO_0000122	http://www.ifomis.org/bfo/1.1/snap#DependentContinuant
S	http://purl.org/obo/owl/PATO#PATO_0000122	http://www.ifomis.org/bfo/1.1/snap#Quality
S	http://purl.org/obo/owl/PATO#PATO_0000122	http://www.ifomis.org/bfo/1.1/snap#SpecificallyDependentContinuant
S	http://purl.org/obo/owl/PATO#PATO_0000125	http://semanticscience.org/resource/CHEMINF_000031
S	http://purl.org/obo/owl/PATO#PATO_0000125	http://semanticscience.org/resource/CHEMINF_000086
S	http://purl.org/obo/owl/PATO#PATO_0000125	http://www.ifomis.org/bfo/1.1#Entity
S	http://purl.org/obo/owl/PATO#PATO_0000125	http://www.ifomis.org/bfo/1.1/snap#Continuant
S	http://purl.org/obo/owl/PATO#PATO_0000125	http://www.ifomis.org/bfo/1.1/snap#DependentContinuant
S	http://purl.org/obo/owl/PATO#PATO_0000125	http://www.ifomis.org/bfo/1.1/snap#Quality
S	http://purl.org/obo/owl/PATO#PATO_0000125	http://www.ifomis.org/bfo/1.1/snap#SpecificallyDependentContinuant
S	http://purl.org/obo/owl/PATO#PATO_0001708	http://semanticscience.org/resource/CHEMINF_000031
S	http://purl.org/obo/owl/PATO#PATO_0001708	http://semanticscience.org/resource/CHEMINF_000086
S	http://purl.org/obo/owl/PATO#PATO_0001708	http://semanticscience.org/resource/CHEMINF_000211
S	http://purl.org/obo/owl/PATO#PATO_0001708	http://www.ifomis.org/bfo/1.1#Entity
S	http://purl.org/obo/owl/PATO#PATO_0001708	http://www.ifomis.org/bfo/1.1/snap#Continuant
S	http://purl.org/obo/owl/PATO#PATO_0001708	http://www.ifomis.org/bfo/1.1/snap#DependentContinuant
S	http://purl.org/obo/owl/PATO#PATO_0001708	http://www.ifomis.org/bfo/1.1/snap#Quality
S	http://purl.org/obo/owl/PATO#PATO_0001708	http://www.ifomis.org/bfo/1.1/snap#SpecificallyDependentContinuant
S	http://purl.org/obo/owl/UO#UO_0000001	http://purl.obolibrary.org/obo/IAO_0000003
S	http://purl.org/obo/owl/UO#UO_0000001	http://purl.obolibrary.org/obo/IAO_0000009
S	http://purl.org/obo/owl/UO#UO_0000001	http://purl.obolibrary.org/obo/IAO_0000030
S	http://purl.org/obo/owl/UO#UO_0000001	http://www.ifomis.org/bfo/1.1#Entity
S	http://purl.org/obo/owl/UO#UO_0000001	http://www.ifomis.org/bfo/1.1/snap#Continuant
S	http://purl.org/obo/owl/UO#UO_0000001	http://www.ifomis.org/bfo/1.1/snap#DependentContinuant
S	http://purl.org/obo/owl/UO#UO_0000001	http://www.ifomis.org/bfo/1.1/snap#GenericallyDependentContinuant
S	http://purl.org/obo/owl/UO#UO_0000002	http://purl.obolibrary.org/obo/IAO_0000003
S	http://purl.org/obo/owl/UO#UO_0000002	http://purl.obolibrary.org/obo/IAO_0000009
S	http://purl.org/obo/owl/UO#UO_0000002	http://purl.obolibrary.org/obo/IAO_0000030
S	http://purl.org/obo/owl/UO#UO_0000002	http://www.ifomis.org/bfo/1.1#Entity
S	http://purl.org/obo/owl/UO#UO_0000002	http://www.ifomis.org/bfo/1.1/snap#Continuant
S	http://purl.org/obo/owl/UO#UO_0000002	http://www.ifomis.org/bfo/1.1/snap#DependentContinuant
S	http://purl.org/obo/owl/UO#UO_0000002	http://www.ifomis.org/bfo/1.1/snap#GenericallyDependentContinuant
S	http://purl.org/obo/owl/UO#UO_0000003	http://purl.obolibrary.org/obo/IAO_0000003
S	http://purl.org/obo/owl/UO#UO_0000003	http://purl.obolibrary.org/obo/IAO_0000009
S	http://purl.org/obo/owl/UO#UO_0000003	http://purl.obolibrary.org/obo/IAO_0000030
S	http://purl.org/obo/owl/UO#UO_0000003	http://www.ifomis.org/bfo/1.1#Entity
S	http://purl.org/obo/owl/UO#UO_0000003	http://www.ifomis.org/bfo/1.1/snap#Continuant
S	http://purl.org/obo/owl/UO#UO_0000003	http://www.ifomis.org/bfo/1.1/snap#DependentContinuant
S	http://purl.org/obo/owl/UO#UO_0000003	http://www.ifomis.org/bfo/1.1/snap#GenericallyDependentContinuant
S	http://semanticscience.org/ontology/cheminf.owl/CHEMINF_000500	http://purl.obolibrary.org/obo/IAO_0000027
S	http://semanticscience.org/ontology/cheminf.owl/CHEMINF_000500	http://purl.obolibrary.org/obo/IAO_0000030
S	http://semanticscience.org/ontology/cheminf.owl/CHEMINF_000500	http://www.ifomis.org/bfo/1.1#Entity
S	http://semanticscience.org/ontology/cheminf.owl/CHEMINF_000500	http://www.ifomis.org/bfo/1.1/snap#Continuant
S	http://semanticscience.org/ontology/cheminf.owl/CHEMINF_000500	http://www.ifomis.org/bfo/1.1/snap#DependentContinuant
S	http://semanticscience.org/ontology/cheminf.owl/CHEMINF_000500	http://www.ifomis.org/bfo/1.1/snap#GenericallyDependentContinuant
S	http://semanticscience.org/ontology/cheminf.owl/CHEMINF_000501	http://purl.obolibrary.org/obo/IAO_0000027
S	http://semanticscience.org/ontology/cheminf.owl/CHEMINF_000501	http://purl.obolibrary.org/obo/IAO_0000030
S	http://semanticscience.org/ontology/cheminf.owl/CHEMINF_000501	http://www.ifomis.org/bfo/1.1#Entity
S	http://semanticscience.org/ontology/cheminf.owl/CHEMINF_000501	http://www.ifomis.org/bfo/1.1/snap#Continuant
S	http://semanticscience.org/ontology/cheminf.owl/CHEMINF_000501	http://www.ifomis.org/bfo/1.1/snap#DependentContinuant
S	http://semanticscience.org/ontology/cheminf.owl/CHEMINF_000501	http://www.ifomis.org/bfo/1.1/snap#GenericallyDependentContinuant
S	http://semanticscience.org/ontology/cheminf.owl/CHEMINF_000502	http://purl.obolibrary.org/obo/IAO_0000027
S	http://semanticscience.org/ontology/cheminf.owl/CHEMINF_000502	http://purl.obolibrary.org/obo/IAO_0000030
S	http://semanticscience.org/ontology/cheminf.owl/CHEMINF_000502	http://www.ifomis.org/bfo/1.1#Entity
S	http://semanticscience.org/ontology/cheminf.owl/CHEMINF_000502	http://www.ifomis.org/bfo/1.1/snap#Continuant
S	http://semanticscience.org/ontology/cheminf.owl/CHEMINF_000502	http://www.ifomis.org/bfo/1.1/snap#DependentContinuant
S	http://semanticscience.org/ontology/cheminf.owl/CHEMINF_000502	http://www.ifomis.org/bfo/1.1/snap#GenericallyDependentContinuant
S	http://semanticscience.org/ontology/cheminf.owl/CHEMINF_000503	http://purl.obolibrary.org/obo/IAO_0000027
S	http://semanticscience.org/ontology/cheminf.owl/CHEMINF_000503	http://purl.obolibrary.org/obo/IAO_0000030
S	http://semanticscience.org/ontology/cheminf.owl/CHEMINF_000503	http://semanticscience.org/ontology/cheminf.owl/CHEMINF_000500
S	http://semanticscience.org/ontology/cheminf.owl/CHEMINF_000503	http://semanticscience.org/ontology/cheminf.owl/CHEMINF_000501
S	http://semanticscience.org/ontology/cheminf.owl/CHEMINF_000503	http://www.ifomis.org/bfo/1.1#Entity
S	http://semanticscience.org/ontology/cheminf.owl/CHEMINF_000503	http://www.ifomis.org/bfo/1.1/snap#Continuant
S	http://semanticscience.org/ontology/cheminf.owl/CHEMINF_000503	http://www.ifomis.org/bfo/1.1/snap#DependentContinuant
S	http://semanticscience.org/ontology/cheminf.owl/CHEMINF_000503	http://www.ifomis.org/bfo/1.1/snap#GenericallyDependentContinuant
S	http://semanticscience.org/ontology/cheminf.owl/CHEMINF_000504	http://purl.obolibrary.org/obo/IAO_0000027
S	http://semanticscience.org/ontology/cheminf.owl/CHEMINF_000504	http://purl.obolibrary.org/obo/IAO_0000030
S	http://semanticscience.org/ontology/cheminf.owl/CHEMINF_000504	http://semanticscience.org/ontology/cheminf.owl/CHEMINF_000500
S	http://semanticscience.org/ontology/cheminf.owl/CHEMINF_000504	http://semanticscience.org/ontology/cheminf.owl/CHEMINF_000502
S	http://semanticscience.org/ontology/cheminf.owl/CHEMINF_000504	http://www.ifomis.org/bfo/1.1#Entity
S	http://semanticscience.org/ontology/cheminf.owl/CHEMINF_000504	http://www.ifomis.org/bfo/1.1/snap#Continuant
S	http://semanticscience.org/ontology/cheminf.owl/CHEMINF_000504	http://www.ifomis.org/bfo/1.1/snap#DependentContinuant
S	http://semanticscience.org/ontology/cheminf.owl/CHEMINF_000504	http://www.ifomis.org/bfo/1.1/snap#GenericallyDependentContinuant
S	http://semanticscience.org/ontology/cheminf.owl/CHEMINF_000509	http://purl.obolibrary.org/obo/IAO_0000030
S	http://semanticscience.org/ontology/cheminf.owl/CHEMINF_000509	http://purl.obolibrary.org/obo/IAO_0000033
S	http://semanticscience.org/ontology/cheminf.owl/CHEMINF_000509	http://purl.obolibrary.org/obo/IAO_0000098
S	http://semanticscience.org/ontology/cheminf.owl/CHEMINF_000509	http://www.ifomis.org/bfo/1.1#Entity
S	http://semanticscience.org/ontology/cheminf.owl/CHEMINF_000509	http://www.ifomis.org/bfo/1.1/snap#Continuant
S	http://semanticscience.org/ontology/cheminf.owl/CHEMINF_000509	http://www.ifomis.org/bfo/1.1/snap#DependentContinuant
S	http://semanticscience.org/ontology/cheminf.owl/CHEMINF_000509	http://www.ifomis.org/bfo/1.1/snap#GenericallyDependentContinuant
S	http://semanticscience.org/ontology/cheminf.owl/CHEMINF_000510	http://purl.obolibrary.org/obo/IAO_0000030
S	http://semanticscience.org/ontology/cheminf.owl/CHEMINF_000510	http://purl.obolibrary.org/obo/IAO_0000033
S	http://semanticscience.org/ontology/cheminf.owl/CHEMINF_000510	http://purl.obolibrary.org/obo/IAO_0000098
S	http://semanticscience.org/ontology/cheminf.owl/CHEMINF_000510	http://www.ifomis.org/bfo/1.1#Entity
S	http://semanticscience.org/ontology/cheminf.owl/CHEMINF_000510	http://www.ifomis.org/bfo/1.1/snap#Continuant
S	http://semanticscience.org/ontology/cheminf.owl/CHEMINF_000510	http://www.ifomis.org/bfo/1.1/snap#DependentContinuant
S	http://semanticscience.org/ontology/cheminf.owl/CHEMINF_000510	http://www.ifomis.org/bfo/1.1/snap#GenericallyDependentContinuant
S	http://semanticscience.org/ontology/cheminf.owl/CHEMINF_000511	http://purl.obolibrary.org/obo/IAO_0000027
S	http://semanticscience.org/ontology/cheminf.owl/CHEMINF_000511	http://purl.obolibrary.org/obo/IAO_0000030
S	http://semanticscience.org/ontology/cheminf.owl/CHEMINF_000511	http://semanticscience.org/ontology/cheminf.owl/CHEMINF_000501
S	http://semanticscience.org/ontology/cheminf.owl/CHEMINF_000511	http://semanticscience.org/resource/CHEMINF_000017
S	http://semanticscience.org/ontology/cheminf.owl/CHEMINF_000511	http://semanticscience.org/resource/CHEMINF_000123
S	http://semanticscience.org/ontology/cheminf.owl/CHEMINF_000511	http://www.ifomis.org/bfo/1.1#Entity
S	http://semanticscience.org/ontology/cheminf.owl/CHEMINF_000511	http://www.ifomis.org/bfo/1.1/snap#Continuant
S	http://semanticscience.org/ontology/cheminf.owl/CHEMINF_000511	http://www.ifomis.org/bfo/1.1/snap#DependentContinuant
S	http://semanticscience.org/ontology/cheminf.owl/CHEMINF_000511	http://www.ifomis.org/bfo/1.1/snap#GenericallyDependentContinuant
S	http://semanticscience.org/ontology/cheminf.owl/CHEMINF_000512	http://purl.obolibrary.org/obo/IAO_0000027
S	http://semanticscience.org/ontology/cheminf.owl/CHEMINF_000512	http://purl.obolibrary.org/obo/IAO_0000030
S	http://semanticscience.org/ontology/cheminf.owl/CHEMINF_000512	http://semanticscience.org/ontology/cheminf.owl/CHEMINF_000502
S	http://semanticscience.org/ontology/cheminf.owl/CHEMINF_000512	http://semanticscience.org/resource/CHEMINF_000017
S	http://semanticscience.org/ontology/cheminf.owl/CHEMINF_000512	http://semanticscience.org/resource/CHEMINF_000123
S	http://semanticscience.org/ontology/cheminf.owl/CHEMINF_000512	http://www.ifomis.org/bfo/1.1#Entity
S	http://semanticscience.org/ontology/cheminf.owl/CHEMINF_000512	http://www.ifomis.org/bfo/1.1/snap#Continuant
S	http://semanticscience.org/ontology/cheminf.owl/CHEMINF_000512	http://www.ifomis.org/bfo/1.1/snap#DependentContinuant
S	http://semanticscience.org/ontology/cheminf.owl/CHEMINF_000512	http://www.ifomis.org/bfo/1.1/snap#GenericallyDependentContinuant
S	http://semanticscience.org/resource/CDK_000001	http://purl.obolibrary.org/obo/IAO_0000010
S	http://semanticscience.org/resource/CDK_000001	http://purl.obolibrary.org/obo/IAO_0000030
S	http://semanticscience.org/resource/CDK_000001	http://purl.obolibrary.org/obo/IAO_0000033
S	http://semanticscience.org/resource/CDK_000001	http://purl.obolibrary.org/obo/IAO_0000104
S	http://semanticscience.org/resource/CDK_000001	http://semanticscience.org/resource/CHEMINF_000139
S	http://semanticscience.org/resource/CDK_000001	http://semanticscience.org/resource/CHEMINF_000342
S	http://semanticscience.org/resource/CDK_000001	http://semanticscience.org/resource/CHEMINF_000343
S	http://semanticscience.org/resource/CDK_000001	http://www.ifomis.org/bfo/1.1#Entity
S	http://semanticscience.org/resource/CDK_000001	http://www.ifomis.org/bfo/1.1/snap#Continuant
S	http://semanticscience.org/resource/CDK_000001	http://www.ifomis.org/bfo/1.1/snap#DependentContinuant
S	http://semanticscience.org/resource/CDK_000001	http://www.ifomis.org/bfo/1.1/snap#GenericallyDependentContinuant
S	http://semanticscience.org/resource/CHEMINF_000000	http://www.ifomis.org/bfo/1.1#Entity
S	http://semanticscience.org/resource/CHEMINF_000000	http://www.ifomis.org/bfo/1.1/snap#Continuant
S	http://semanticscience.org/resource/CHEMINF_000000	http://www.ifomis.org/bfo/1.1/snap#IndependentContinuant
S	http://semanticscience.org/resource/CHEMINF_000000	http://www.ifomis.org/bfo/1.1/snap#MaterialEntity
S	http://semanticscience.org/resource/CHEMINF_000001	http://purl.obolibrary.org/obo/IAO_0000027
S	http://semanticscience.org/resource/CHEMINF_000001	http://purl.obolibrary.org/obo/IAO_0000030
S	http://semanticscience.org/resource/CHEMINF_000001	http://semanticscience.org/resource/CHEMINF_000017
S	http://semanticscience.org/resource/CHEMINF_000001	http://semanticscience.org/resource/CHEMINF_000087
S	http://semanticscience.org/resource/CHEMINF_000001	http://semanticscience.org/resource/CHEMINF_000094
S	http://semanticscience.org/resource/CHEMINF_000001	http://semanticscience.org/resource/CHEMINF_000123
S	http://semanticscience.org/resource/CHEMINF_000001	http://www.ifomis.org/bfo/1.1#Entity
S	http://semanticscience.org/resource/CHEMINF_000001	http://www.ifomis.org/bfo/1.1/snap#Continuant
S	http://semanticscience.org/resource/CHEMINF_000001	http://www.ifomis.org/bfo/1.1/snap#DependentContinuant
S	http://semanticscience.org/resource/CHEMINF_000001	http://www.ifomis.org/bfo/1.1/snap#GenericallyDependentContinuant
S	http://semanticscience.org/resource/CHEMINF_000002	http://purl.obolibrary.org/obo/IAO_0000027
S	http://semanticscience.org/resource/CHEMINF_000002	http://purl.obolibrary.org/obo/IAO_0000030
S	http://semanticscience.org/resource/CHEMINF_000002	http://semanticscience.org/resource/CHEMINF_000017
S	http://semanticscience.org/resource/CHEMINF_000002	http://semanticscience.org/resource/CHEMINF_000087
S	http://semanticscience.org/resource/CHEMINF_000002	http://semanticscience.org/resource/CHEMINF_000094
S	http://semanticscience.org/resource/CHEMINF_000002	http://semanticscience.org/resource/CHEMINF_000123
S	http://semanticscience.org/resource/CHEMINF_000002	http://www.ifomis.org/bfo/1.1#Entity
S	http://semanticscience.org/resource/CHEMINF_000002	http://www.ifomis.org/bfo/1.1/snap#Continuant
S	http://semanticscience.org/resource/CHEMINF_000002	http://www.ifomis.org/bfo/1.1/snap#DependentContinuant
S	http://semanticscience.org/resource/CHEMINF_000002	http://www.ifomis.org/bfo/1.1/snap#GenericallyDependentContinuant
S	http://semanticscience.org/resource/CHEMINF_000003	http://purl.obolibrary.org/obo/IAO_0000027
S	http://semanticscience.org/resource/CHEMINF_000003	http://purl.obolibrary.org/obo/IAO_0000030
S	http://semanticscience.org/resource/CHEMINF_000003	http://semanticscience.org/resource/CHEMINF_000017
S	http://semanticscience.org/resource/CHEMINF_000003	http://semanticscience.org/resource/CHEMINF_000060
S	http://semanticscience.org/resource/CHEMINF_000003	http://semanticscience.org/resource/CHEMINF_000065
S	http://semanticscience.org/resource/CHEMINF_000003	http://semanticscience.org/resource/CHEMINF_000093
S	http://semanticscience.org/resource/CHEMINF_000003	http://semanticscience.org/resource/CHEMINF_000123
S	http://semanticscience.org/resource/CHEMINF_000003	http://semanticscience.org/resource/CHEMINF_000229
S	http://semanticscience.org/resource/CHEMINF_000003	http://www.ifomis.org/bfo/1.1#Entity
S	http://semanticscience.org/resource/CHEMINF_000003	http://www.ifomis.org/bfo/1.1/snap#Continuant
S	http://semanticscience.org/resource/CHEMINF_000003	http://www.ifomis.org/bfo/1.1/snap#DependentContinuant
S	http://semanticscience.org/resource/CHEMINF_000003	http://www.ifomis.org/bfo/1.1/snap#GenericallyDependentContinuant
S	http://semanticscience.org/resource/CHEMINF_000004	http://purl.obolibrary.org/obo/IAO_0000027
S	http://semanticscience.org/resource/CHEMINF_000004	http://purl.obolibrary.org/obo/IAO_0000030
S	http://semanticscience.org/resource/CHEMINF_000004	http://semanticscience.org/resource/CHEMINF_000017
S	http://semanticscience.org/resource/CHEMINF_000004	http://semanticscience.org/resource/CHEMINF_000060
S	http://semanticscience.org/resource/CHEMINF_000004	http://semanticscience.org/resource/CHEMINF_000065
S	http://semanticscience.org/resource/CHEMINF_000004	http://semanticscience.org/resource/CHEMINF_000093
S	http://semanticscience.org/resource/CHEMINF_000004	http://semanticscience.org/resource/CHEMINF_000123
S	http://semanticscience.org/resource/CHEMINF_000004	http://semanticscience.org/resource/CHEMINF_000229
S	http://semanticscience.org/resource/CHEMINF_000004	http://www.ifomis.org/bfo/1.1#Entity
S	http://semanticscience.org/resource/CHEMINF_000004	http://www.ifomis.org/bfo/1.1/snap#Continuant
S	http://semanticscience.org/resource/CHEMINF_000004	http://www.ifomis.org/bfo/1.1/snap#DependentContinuant
S	http://semanticscience.org/resource/CHEMINF_000004	http://www.ifomis.org/bfo/1.1/snap#GenericallyDependentContinuant
S	http://semanticscience.org/resource/CHEMINF_000005	http://purl.obolibrary.org/obo/IAO_0000027
S	http://semanticscience.org/resource/CHEMINF_000005	http://purl.obolibrary.org/obo/IAO_0000030
S	http://semanticscience.org/resource/CHEMINF_000005	http://semanticscience.org/resource/CHEMINF_000017
S	http://semanticscience.org/resource/CHEMINF_000005	http://semanticscience.org/resource/CHEMINF_000027
S	http://semanticscience.org/resource/CHEMINF_000005	http://semanticscience.org/resource/CHEMINF_000123
S	http://semanticscience.org/resource/CHEMINF_000005	http://www.ifomis.org/bfo/1.1#Entity
S	http://semanticscience.org/resource/CHEMINF_000005	http://www.ifomis.org/bfo/1.1/snap#Continuant
S	http://semanticscience.org/resource/CHEMINF_000005	http://www.ifomis.org/bfo/1.1/snap#DependentContinuant
S	http://semanticscience.org/resource/CHEMINF_000005	http://www.ifomis.org/bfo/1.1/snap#GenericallyDependentContinuant
S	http://semanticscience.org/resource/CHEMINF_000006	http://purl.obolibrary.org/obo/IAO_0000027
S	http://semanticscience.org/resource/CHEMINF_000006	http://purl.obolibrary.org/obo/IAO_0000030
S	http://semanticscience.org/resource/CHEMINF_000006	http://semanticscience.org/resource/CHEMINF_000005
S	http://semanticscience.org/resource/CHEMINF_000006	http://semanticscience.org/resource/CHEMINF_000017
S	http://semanticscience.org/resource/CHEMINF_000006	http://semanticscience.org/resource/CHEMINF_000027
S	http://semanticscience.org/resource/CHEMINF_000006	http://semanticscience.org/resource/CHEMINF_000123
S	http://semanticscience.org/resource/CHEMINF_000006	http://www.ifomis.org/bfo/1.1#Entity
S	http://semanticscience.org/resource/CHEMINF_000006	http://www.ifomis.org/bfo/1.1/snap#Continuant
S	http://semanticscience.org/resource/CHEMINF_000006	http://www.ifomis.org/bfo/1.1/snap#DependentContinuant
S	http://semanticscience.org/resource/CHEMINF_000006	http://www.ifomis.org/bfo/1.1/snap#GenericallyDependentContinuant
S	http://semanticscience.org/resource/CHEMINF_000007	http://purl.obolibrary.org/obo/IAO_0000027
S	http://semanticscience.org/resource/CHEMINF_000007	http://purl.obolibrary.org/obo/IAO_0000030
S	http://semanticscience.org/resource/CHEMINF_000007	http://semanticscience.org/resource/CHEMINF_000017
S	http://semanticscience.org/resource/CHEMINF_000007	http://semanticscience.org/resource/CHEMINF_000018
S	http://semanticscience.org/resource/CHEMINF_000007	http://semanticscience.org/resource/CHEMINF_000032
S	http://semanticscience.org/resource/CHEMINF_000007	http://semanticscience.org/resource/CHEMINF_000065
S	http://semanticscience.org/resource/CHEMINF_000007	http://semanticscience.org/resource/CHEMINF_000085
S	http://semanticscience.org/resource/CHEMINF_000007	http://semanticscience.org/resource/CHEMINF_000123
S	http://semanticscience.org/resource/CHEMINF_000007	http://www.ifomis.org/bfo/1.1#Entity
S	http://semanticscience.org/resource/CHEMINF_000007	http://www.ifomis.org/bfo/1.1/snap#Continuant
S	http://semanticscience.org/resource/CHEMINF_000007	http://www.ifomis.org/bfo/1.1/snap#DependentContinuant
S	http://semanticscience.org/resource/CHEMINF_000007	http://www.ifomis.org/bfo/1.1/snap#GenericallyDependentContinuant
S	http://semanticscience.org/resource/CHEMINF_000008	http://purl.obolibrary.org/obo/IAO_0000027
S	http://semanticscience.org/resource/CHEMINF_000008	http://purl.obolibrary.org/obo/IAO_0000030
S	http://semanticscience.org/resource/CHEMINF_000008	http://semanticscience.org/resource/CHEMINF_000017
S	http://semanticscience.org/resource/CHEMINF_000008	http://semanticscience.org/resource/CHEMINF_000060
S	http://semanticscience.org/resource/CHEMINF_000008	http://semanticscience.org/resource/CHEMINF_000065
S	http://semanticscience.org/resource/CHEMINF_000008	http://semanticscience.org/resource/CHEMINF_000093
S	http://semanticscience.org/resource/CHEMINF_000008	http://semanticscience.org/resource/CHEMINF_000123
S	http://semanticscience.org/resource/CHEMINF_000008	http://semanticscience.org/resource/CHEMINF_000229
S	http://semanticscience.org/resource/CHEMINF_000008	http://www.ifomis.org/bfo/1.1#Entity
S	http://semanticscience.org/resource/CHEMINF_000008	http://www.ifomis.org/bfo/1.1/snap#Continuant
S	http://semanticscience.org/resource/CHEMINF_000008	http://www.ifomis.org/bfo/1.1/snap#DependentContinuant
S	http://semanticscience.org/resource/CHEMINF_000008	http://www.ifomis.org/bfo/1.1/snap#GenericallyDependentContinuant
S	http://semanticscience.org/resource/CHEMINF_000010	http://purl.obolibrary.org/obo/IAO_0000027
S	http://semanticscience.org/resource/CHEMINF_000010	http://purl.obolibrary.org/obo/IAO_0000030
S	http://semanticscience.org/resource/CHEMINF_000010	http://semanticscience.org/resource/CHEMINF_000017
S	http://semanticscience.org/resource/CHEMINF_000010	http://semanticscience.org/resource/CHEMINF_000041
S	http://semanticscience.org/resource/CHEMINF_000010	http://semanticscience.org/resource/CHEMINF_000123
S	http://semanticscience.org/resource/CHEMINF_000010	http://www.ifomis.org/bfo/1.1#Entity
S	http://semanticscience.org/resource/CHEMINF_000010	http://www.ifomis.org/bfo/1.1/snap#Continuant
S	http://semanticscience.org/resource/CHEMINF_000010	http://www.ifomis.org/bfo/1.1/snap#DependentContinuant
S	http://semanticscience.org/resource/CHEMINF_000010	http://www.ifomis.org/bfo/1.1/snap#GenericallyDependentContinuant
S	http://semanticscience.org/resource/CHEMINF_000011	http://purl.obolibrary.org/obo/IAO_0000027
S	http://semanticscience.org/resource/CHEMINF_000011	http://purl.obolibrary.org/obo/IAO_0000030
S	http://semanticscience.org/resource/CHEMINF_000011	http://semanticscience.org/resource/CHEMINF_000017
S	http://semanticscience.org/resource/CHEMINF_000011	http://semanticscience.org/resource/CHEMINF_000060
S	http://semanticscience.org/resource/CHEMINF_000011	http://semanticscience.org/resource/CHEMINF_000065
S	http://semanticscience.org/resource/CHEMINF_000011	http://semanticscience.org/resource/CHEMINF_000093
S	http://semanticscience.org/resource/CHEMINF_000011	http://semanticscience.org/resource/CHEMINF_000123
S	http://semanticscience.org/resource/CHEMINF_000011	http://semanticscience.org/resource/CHEMINF_000229
S	http://semanticscience.org/resource/CHEMINF_000011	http://www.ifomis.org/bfo/1.1#Entity
S	http://semanticscience.org/resource/CHEMINF_000011	http://www.ifomis.org/bfo/1.1/snap#Continuant
S	http://semanticscience.org/resource/CHEMINF_000011	http://www.ifomis.org/bfo/1.1/snap#DependentContinuant
S	http://semanticscience.org/resource/CHEMINF_000011	http://www.ifomis.org/bfo/1.1/snap#GenericallyDependentContinuant
S	http://semanticscience.org/resource/CHEMINF_000013	http://semanticscience.org/resource/CHEMINF_000031
S	http://semanticscience.org/resource/CHEMINF_000013	http://semanticscience.org/resource/CHEMINF_000086
S	http://semanticscience.org/resource/CHEMINF_000013	http://www.ifomis.org/bfo/1.1#Entity
S	http://semanticscience.org/resource/CHEMINF_000013	http://www.ifomis.org/bfo/1.1/snap#Continuant
S	http://semanticscience.org/resource/CHEMINF_000013	http://www.ifomis.org/bfo/1.1/snap#DependentContinuant
S	http://semanticscience.org/resource/CHEMINF_000013	http://www.ifomis.org/bfo/1.1/snap#Quality
S	http://semanticscience.org/resource/CHEMINF_000013	http://www.ifomis.org/bfo/1.1/snap#SpecificallyDependentContinuant
S	http://semanticscience.org/resource/CHEMINF_000014	http://purl.obolibrary.org/obo/IAO_0000030
S	http://semanticscience.org/resource/CHEMINF_000014	http://purl.obolibrary.org/obo/IAO_0000033
S	http://semanticscience.org/resource/CHEMINF_000014	http://purl.obolibrary.org/obo/IAO_0000098
S	http://semanticscience.org/resource/CHEMINF_000014	http://www.ifomis.org/bfo/1.1#Entity
S	http://semanticscience.org/resource/CHEMINF_000014	http://www.ifomis.org/bfo/1.1/snap#Continuant
S	http://semanticscience.org/resource/CHEMINF_000014	http://www.ifomis.org/bfo/1.1/snap#DependentContinuant
S	http://semanticscience.org/resource/CHEMINF_000014	http://www.ifomis.org/bfo/1.1/snap#GenericallyDependentContinuant
S	http://semanticscience.org/resource/CHEMINF_000015	http://purl.obolibrary.org/obo/IAO_0000027
S	http://semanticscience.org/resource/CHEMINF_000015	http://purl.obolibrary.org/obo/IAO_0000030
S	http://semanticscience.org/resource/CHEMINF_000015	http://semanticscience.org/resource/CHEMINF_000017
S	http://semanticscience.org/resource/CHEMINF_000015	http://semanticscience.org/resource/CHEMINF_000060
S	http://semanticscience.org/resource/CHEMINF_000015	http://semanticscience.org/resource/CHEMINF_000065
S	http://semanticscience.org/resource/CHEMINF_000015	http://semanticscience.org/resource/CHEMINF_000093
S	http://semanticscience.org/resource/CHEMINF_000015	http://semanticscience.org/resource/CHEMINF_000123
S	http://semanticscience.org/resource/CHEMINF_000015	http://semanticscience.org/resource/CHEMINF_000229
S	http://semanticscience.org/resource/CHEMINF_000015	http://www.ifomis.org/bfo/1.1#Entity
S	http://semanticscience.org/resource/CHEMINF_000015	http://www.ifomis.org/bfo/1.1/snap#Continuant
S	http://semanticscience.org/resource/CHEMINF_000015	http://www.ifomis.org/bfo/1.1/snap#DependentContinuant
S	http://semanticscience.org/resource/CHEMINF_000015	http://www.ifomis.org/bfo/1.1/snap#GenericallyDependentContinuant
S	http://semanticscience.org/resource/CHEMINF_000016	http://purl.obolibrary.org/obo/IAO_0000027
S	http://semanticscience.org/resource/CHEMINF_000016	http://purl.obolibrary.org/obo/IAO_0000030
S	http://semanticscience.org/resource/CHEMINF_000016	http://semanticscience.org/resource/CHEMINF_000017
S	http://semanticscience.org/resource/CHEMINF_000016	http://semanticscience.org/resource/CHEMINF_000123
S	http://semanticscience.org/resource/CHEMINF_000016	http://www.ifomis.org/bfo/1.1#Entity
S	http://semanticscience.org/resource/CHEMINF_000016	http://www.ifomis.org/bfo/1.1/snap#Continuant
S	http://semanticscience.org/resource/CHEMINF_000016	http://www.ifomis.org/bfo/1.1/snap#DependentContinuant
S	http://semanticscience.org/resource/CHEMINF_000016	http://www.ifomis.org/bfo/1.1/snap#GenericallyDependentContinuant
S	http://semanticscience.org/resource/CHEMINF_000017	http://purl.obolibrary.org/obo/IAO_0000030
S	http://semanticscience.org/resource/CHEMINF_000017	http://www.ifomis.org/bfo/1.1#Entity
S	http://semanticscience.org/resource/CHEMINF_000017	http://www.ifomis.org/bfo/1.1/snap#Continuant
S	http://semanticscience.org/resource/CHEMINF_000017	http://www.ifomis.org/bfo/1.1/snap#DependentContinuant
S	http://semanticscience.org/resource/CHEMINF_000017	http://www.ifomis.org/bfo/1.1/snap#GenericallyDependentContinuant
S	http://semanticscience.org/resource/CHEMINF_000018	http://purl.obolibrary.org/obo/IAO_0000027
S	http://semanticscience.org/resource/CHEMINF_000018	http://purl.obolibrary.org/obo/IAO_0000030
S	http://semanticscience.org/resource/CHEMINF_000018	http://semanticscience.org/resource/CHEMINF_000017
S	http://semanticscience.org/resource/CHEMINF_000018	http://semanticscience.org/resource/CHEMINF_000065
S	http://semanticscience.org/resource/CHEMINF_000018	http://semanticscience.org/resource/CHEMINF_000085
S	http://semanticscience.org/resource/CHEMINF_000018	http://semanticscience.org/resource/CHEMINF_000123
S	http://semanticscience.org/resource/CHEMINF_000018	http://www.ifomis.org/bfo/1.1#Entity
S	http://semanticscience.org/resource/CHEMINF_000018	http://www.ifomis.org/bfo/1.1/snap#Continuant
S	http://semanticscience.org/resource/CHEMINF_000018	http://www.ifomis.org/bfo/1.1/snap#DependentContinuant
S	http://semanticscience.org/resource/CHEMINF_000018	http://www.ifomis.org/bfo/1.1/snap#GenericallyDependentContinuant
S	http://semanticscience.org/resource/CHEMINF_000019	http://purl.obolibrary.org/obo/IAO_0000027
S	http://semanticscience.org/resource/CHEMINF_000019	http://purl.obolibrary.org/obo/IAO_0000030
S	http://semanticscience.org/resource/CHEMINF_000019	http://semanticscience.org/resource/CHEMINF_000017
S	http://semanticscience.org/resource/CHEMINF_000019	http://semanticscience.org/resource/CHEMINF_000065
S	http://semanticscience.org/resource/CHEMINF_000019	http://semanticscience.org/resource/CHEMINF_000085
S	http://semanticscience.org/resource/CHEMINF_000019	http://semanticscience.org/resource/CHEMINF_000123
S	http://semanticscience.org/resource/CHEMINF_000019	http://www.ifomis.org/bfo/1.1#Entity
S	http://semanticscience.org/resource/CHEMINF_000019	http://www.ifomis.org/bfo/1.1/snap#Continuant
S	http://semanticscience.org/resource/CHEMINF_000019	http://www.ifomis.org/bfo/1.1/snap#DependentContinuant
S	http://semanticscience.org/resource/CHEMINF_000019	http://www.ifomis.org/bfo/1.1/snap#GenericallyDependentContinuant
S	http://semanticscience.org/resource/CHEMINF_000020	http://purl.obolibrary.org/obo/IAO_0000030
S	http://semanticscience.org/resource/CHEMINF_000020	http://purl.obolibrary.org/obo/IAO_0000033
S	http://semanticscience.org/resource/CHEMINF_000020	http://purl.obolibrary.org/obo/IAO_0000098
S	http://semanticscience.org/resource/CHEMINF_000020	http://semanticscience.org/resource/CHEMINF_000014
S	http://semanticscience.org/resource/CHEMINF_000020	http://semanticscience.org/resource/CHEMINF_000022
S	http://semanticscience.org/resource/CHEMINF_000020	http://semanticscience.org/resource/CHEMINF_000035
S	http://semanticscience.org/resource/CHEMINF_000020	http://www.ifomis.org/bfo/1.1#Entity
S	http://semanticscience.org/resource/CHEMINF_000020	http://www.ifomis.org/bfo/1.1/snap#Continuant
S	http://semanticscience.org/resource/CHEMINF_000020	http://www.ifomis.org/bfo/1.1/snap#DependentContinuant
S	http://semanticscience.org/resource/CHEMINF_000020	http://www.ifomis.org/bfo/1.1/snap#GenericallyDependentContinuant
S	http://semanticscience.org/resource/CHEMINF_000021	http://purl.obolibrary.org/obo/IAO_0000030
S	http://semanticscience.org/resource/CHEMINF_000021	http://purl.obolibrary.org/obo/IAO_0000033
S	http://semanticscience.org/resource/CHEMINF_000021	http://purl.obolibrary.org/obo/IAO_0000098
S	http://semanticscience.org/resource/CHEMINF_000021	http://semanticscience.org/resource/CHEMINF_000014
S	http://semanticscience.org/resource/CHEMINF_000021	http://semanticscience.org/resource/CHEMINF_000022
S	http://semanticscience.org/resource/CHEMINF_000021	http://semanticscience.org/resource/CHEMINF_000035
S	http://semanticscience.org/resource/CHEMINF_000021	http://www.ifomis.org/bfo/1.1#Entity
S	http://semanticscience.org/resource/CHEMINF_000021	http://www.ifomis.org/bfo/1.1/snap#Continuant
S	http://semanticscience.org/resource/CHEMINF_000021	http://www.ifomis.org/bfo/1.1/snap#DependentContinuant
S	http://semanticscience.org/resource/CHEMINF_000021	http://www.ifomis.org/bfo/1.1/snap#GenericallyDependentContinuant
S	http://semanticscience.org/resource/CHEMINF_000022	http://purl.obolibrary.org/obo/IAO_0000030
S	http://semanticscience.org/resource/CHEMINF_000022	http://purl.obolibrary.org/obo/IAO_0000033
S	http://semanticscience.org/resource/CHEMINF_000022	http://purl.obolibrary.org/obo/IAO_0000098
S	http://semanticscience.org/resource/CHEMINF_000022	http://semanticscience.org/resource/CHEMINF_000014
S	http://semanticscience.org/resource/CHEMINF_000022	http://www.ifomis.org/bfo/1.1#Entity
S	http://semanticscience.org/resource/CHEMINF_000022	http://www.ifomis.org/bfo/1.1/snap#Continuant
S	http://semanticscience.org/resource/CHEMINF_000022	http://www.ifomis.org/bfo/1.1/snap#DependentContinuant
S	http://semanticscience.org/resource/CHEMINF_000022	http://www.ifomis.org/bfo/1.1/snap#GenericallyDependentContinuant
S	http://semanticscience.org/resource/CHEMINF_000023	http://purl.obolibrary.org/obo/IAO_0000030
S	http://semanticscience.org/resource/CHEMINF_000023	http://purl.obolibrary.org/obo/IAO_0000033
S	http://semanticscience.org/resource/CHEMINF_000023	http://purl.obolibrary.org/obo/IAO_0000098
S	http://semanticscience.org/resource/CHEMINF_000023	http://semanticscience.org/resource/CHEMINF_000014
S	http://semanticscience.org/resource/CHEMINF_000023	http://semanticscience.org/resource/CHEMINF_000022
S	http://semanticscience.org/resource/CHEMINF_000023	http://www.ifomis.org/bfo/1.1#Entity
S	http://semanticscience.org/resource/CHEMINF_000023	http://www.ifomis.org/bfo/1.1/snap#Continuant
S	http://semanticscience.org/resource/CHEMINF_000023	http://www.ifomis.org/bfo/1.1/snap#DependentContinuant
S	http://semanticscience.org/resource/CHEMINF_000023	http://www.ifomis.org/bfo/1.1/snap#GenericallyDependentContinuant
S	http://semanticscience.org/resource/CHEMINF_000024	http://purl.obolibrary.org/obo/IAO_0000030
S	http://semanticscience.org/resource/CHEMINF_000024	http://purl.obolibrary.org/obo/IAO_0000033
S	http://semanticscience.org/resource/CHEMINF_000024	http://purl.obolibrary.org/obo/IAO_0000098
S	http://semanticscience.org/resource/CHEMINF_000024	http://semanticscience.org/resource/CHEMINF_000014
S	http://semanticscience.org/resource/CHEMINF_000024	http://semanticscience.org/resource/CHEMINF_000022
S	http://semanticscience.org/resource/CHEMINF_000024	http://semanticscience.org/resource/CHEMINF_000023
S	http://semanticscience.org/resource/CHEMINF_000024	http://semanticscience.org/resource/CHEMINF_000028
S	http://semanticscience.org/resource/CHEMINF_000024	http://www.ifomis.org/bfo/1.1#Entity
S	http://semanticscience.org/resource/CHEMINF_000024	http://www.ifomis.org/bfo/1.1/snap#Continuant
S	http://semanticscience.org/resource/CHEMINF_000024	http://www.ifomis.org/bfo/1.1/snap#DependentContinuant
S	http://semanticscience.org/resource/CHEMINF_000024	http://www.ifomis.org/bfo/1.1/snap#GenericallyDependentContinuant
S	http://semanticscience.org/resource/CHEMINF_000025	http://purl.obolibrary.org/obo/IAO_0000027
S	http://semanticscience.org/resource/CHEMINF_000025	http://purl.obolibrary.org/obo/IAO_0000030
S	http://semanticscience.org/resource/CHEMINF_000025	http://semanticscience.org/resource/CHEMINF_000017
S	http://semanticscience.org/resource/CHEMINF_000025	http://semanticscience.org/resource/CHEMINF_000123
S	http://semanticscience.org/resource/CHEMINF_000025	http://www.ifomis.org/bfo/1.1#Entity
S	http://semanticscience.org/resource/CHEMINF_000025	http://www.ifomis.org/bfo/1.1/snap#Continuant
S	http://semanticscience.org/resource/CHEMINF_000025	http://www.ifomis.org/bfo/1.1/snap#DependentContinuant
S	http://semanticscience.org/resource/CHEMINF_000025	http://www.ifomis.org/bfo/1.1/snap#GenericallyDependentContinuant
S	http://semanticscience.org/resource/CHEMINF_000026	http://purl.obolibrary.org/obo/IAO_0000030
S	http://semanticscience.org/resource/CHEMINF_000026	http://purl.obolibrary.org/obo/IAO_0000033
S	http://semanticscience.org/resource/CHEMINF_000026	http://purl.obolibrary.org/obo/IAO_0000098
S	http://semanticscience.org/resource/CHEMINF_000026	http://semanticscience.org/resource/CHEMINF_000014
S	http://semanticscience.org/resource/CHEMINF_000026	http://semanticscience.org/resource/CHEMINF_000022
S	http://semanticscience.org/resource/CHEMINF_000026	http://semanticscience.org/resource/CHEMINF_000023
S	http://semanticscience.org/resource/CHEMINF_000026	http://semanticscience.org/resource/CHEMINF_000028
S	http://semanticscience.org/resource/CHEMINF_000026	http://www.ifomis.org/bfo/1.1#Entity
S	http://semanticscience.org/resource/CHEMINF_000026	http://www.ifomis.org/bfo/1.1/snap#Continuant
S	http://semanticscience.org/resource/CHEMINF_000026	http://www.ifomis.org/bfo/1.1/snap#DependentContinuant
S	http://semanticscience.org/resource/CHEMINF_000026	http://www.ifomis.org/bfo/1.1/snap#GenericallyDependentContinuant
S	http://semanticscience.org/resource/CHEMINF_000027	http://purl.obolibrary.org/obo/IAO_0000027
S	http://semanticscience.org/resource/CHEMINF_000027	http://purl.obolibrary.org/obo/IAO_0000030
S	http://semanticscience.org/resource/CHEMINF_000027	http://semanticscience.org/resource/CHEMINF_000017
S	http://semanticscience.org/resource/CHEMINF_000027	http://semanticscience.org/resource/CHEMINF_000123
S	http://semanticscience.org/resource/CHEMINF_000027	http://www.ifomis.org/bfo/1.1#Entity
S	http://semanticscience.org/resource/CHEMINF_000027	http://www.ifomis.org/bfo/1.1/snap#Continuant
S	http://semanticscience.org/resource/CHEMINF_000027	http://www.ifomis.org/bfo/1.1/snap#DependentContinuant
S	http://semanticscience.org/resource/CHEMINF_000027	http://www.ifomis.org/bfo/1.1/snap#GenericallyDependentContinuant
S	http://semanticscience.org/resource/CHEMINF_000028	http://purl.obolibrary.org/obo/IAO_0000030
S	http://semanticscience.org/resource/CHEMINF_000028	http://purl.obolibrary.org/obo/IAO_0000033
S	http://semanticscience.org/resource/CHEMINF_000028	http://purl.obolibrary.org/obo/IAO_0000098
S	http://semanticscience.org/resource/CHEMINF_000028	http://semanticscience.org/resource/CHEMINF_000014
S	http://semanticscience.org/resource/CHEMINF_000028	http://semanticscience.org/resource/CHEMINF_000022
S	http://semanticscience.org/resource/CHEMINF_000028	http://semanticscience.org/resource/CHEMINF_000023
S	http://semanticscience.org/resource/CHEMINF_000028	http://www.ifomis.org/bfo/1.1#Entity
S	http://semanticscience.org/resource/CHEMINF_000028	http://www.ifomis.org/bfo/1.1/snap#Continuant
S	http://semanticscience.org/resource/CHEMINF_000028	http://www.ifomis.org/bfo/1.1/snap#DependentContinuant
S	http://semanticscience.org/resource/CHEMINF_000028	http://www.ifomis.org/bfo/1.1/snap#GenericallyDependentContinuant
S	http://semanticscience.org/resource/CHEMINF_000029	http://purl.obolibrary.org/obo/IAO_0000030
S	http://semanticscience.org/resource/CHEMINF_000029	http://purl.obolibrary.org/obo/IAO_0000033
S	http://semanticscience.org/resource/CHEMINF_000029	http://purl.obolibrary.org/obo/IAO_0000098
S	http://semanticscience.org/resource/CHEMINF_000029	http://semanticscience.org/resource/CHEMINF_000014
S	http://semanticscience.org/resource/CHEMINF_000029	http://semanticscience.org/resource/CHEMINF_000022
S	http://semanticscience.org/resource/CHEMINF_000029	http://semanticscience.org/resource/CHEMINF_000023
S	http://semanticscience.org/resource/CHEMINF_000029	http://www.ifomis.org/bfo/1.1#Entity
S	http://semanticscience.org/resource/CHEMINF_000029	http://www.ifomis.org/bfo/1.1/snap#Continuant
S	http://semanticscience.org/resource/CHEMINF_000029	http://www.ifomis.org/bfo/1.1/snap#DependentContinuant
S	http://semanticscience.org/resource/CHEMINF_000029	http://www.ifomis.org/bfo/1.1/snap#GenericallyDependentContinuant
S	http://semanticscience.org/resource/CHEMINF_000030	http://purl.obolibrary.org/obo/IAO_0000030
S	http://semanticscience.org/resource/CHEMINF_000030	http://purl.obolibrary.org/obo/IAO_0000033
S	http://semanticscience.org/resource/CHEMINF_000030	http://purl.obolibrary.org/obo/IAO_0000098
S	http://semanticscience.org/resource/CHEMINF_000030	http://semanticscience.org/resource/CHEMINF_000014
S	http://semanticscience.org/resource/CHEMINF_000030	http://semanticscience.org/resource/CHEMINF_000022
S	http://semanticscience.org/resource/CHEMINF_000030	http://semanticscience.org/resource/CHEMINF_000023
S	http://semanticscience.org/resource/CHEMINF_000030	http://semanticscience.org/resource/CHEMINF_000029
S	http://semanticscience.org/resource/CHEMINF_000030	http://www.ifomis.org/bfo/1.1#Entity
S	http://semanticscience.org/resource/CHEMINF_000030	http://www.ifomis.org/bfo/1.1/snap#Continuant
S	http://semanticscience.org/resource/CHEMINF_000030	http://www.ifomis.org/bfo/1.1/snap#DependentContinuant
S	http://semanticscience.org/resource/CHEMINF_000030	http://www.ifomis.org/bfo/1.1/snap#GenericallyDependentContinuant
S	http://semanticscience.org/resource/CHEMINF_000031	http://semanticscience.org/resource/CHEMINF_000086
S	http://semanticscience.org/resource/CHEMINF_000031	http://www.ifomis.org/bfo/1.1#Entity
S	http://semanticscience.org/resource/CHEMINF_000031	http://www.ifomis.org/bfo/1.1/snap#Continuant
S	http://semanticscience.org/resource/CHEMINF_000031	http://www.ifomis.org/bfo/1.1/snap#DependentContinuant
S	http://semanticscience.org/resource/CHEMINF_000031	http://www.ifomis.org/bfo/1.1/snap#Quality
S	http://semanticscience.org/resource/CHEMINF_000031	http://www.ifomis.org/bfo/1.1/snap#SpecificallyDependentContinuant
S	http://semanticscience.org/resource/CHEMINF_000032	http://purl.obolibrary.org/obo/IAO_0000027
S	http://semanticscience.org/resource/CHEMINF_000032	http://purl.obolibrary.org/obo/IAO_0000030
S	http://semanticscience.org/resource/CHEMINF_000032	http://semanticscience.org/resource/CHEMINF_000017
S	http://semanticscience.org/resource/CHEMINF_000032	http://semanticscience.org/resource/CHEMINF_000018
S	http://semanticscience.org/resource/CHEMINF_000032	http://semanticscience.org/resource/CHEMINF_000065
S	http://semanticscience.org/resource/CHEMINF_000032	http://semanticscience.org/resource/CHEMINF_000085
S	http://semanticscience.org/resource/CHEMINF_000032	http://semanticscience.org/resource/CHEMINF_000123
S	http://semanticscience.org/resource/CHEMINF_000032	http://www.ifomis.org/bfo/1.1#Entity
S	http://semanticscience.org/resource/CHEMINF_000032	http://www.ifomis.org/bfo/1.1/snap#Continuant
S	http://semanticscience.org/resource/CHEMINF_000032	http://www.ifomis.org/bfo/1.1/snap#DependentContinuant
S	http://semanticscience.org/resource/CHEMINF_000032	http://www.ifomis.org/bfo/1.1/snap#GenericallyDependentContinuant
S	http://semanticscience.org/resource/CHEMINF_000033	http://semanticscience.org/resource/CHEMINF_000031
S	http://semanticscience.org/resource/CHEMINF_000033	http://semanticscience.org/resource/CHEMINF_000086
S	http://semanticscience.org/resource/CHEMINF_000033	http://www.ifomis.org/bfo/1.1#Entity
S	http://semanticscience.org/resource/CHEMINF_000033	http://www.ifomis.org/bfo/1.1/snap#Continuant
S	http://semanticscience.org/resource/CHEMINF_000033	http://www.ifomis.org/bfo/1.1/snap#DependentContinuant
S	http://semanticscience.org/resource/CHEMINF_000033	http://www.ifomis.org/bfo/1.1/snap#Quality
S	http://semanticscience.org/resource/CHEMINF_000033	http://www.ifomis.org/bfo/1.1/snap#SpecificallyDependentContinuant
S	http://semanticscience.org/resource/CHEMINF_000034	http://purl.obolibrary.org/obo/IAO_0000027
S	http://semanticscience.org/resource/CHEMINF_000034	http://purl.obolibrary.org/obo/IAO_0000030
S	http://semanticscience.org/resource/CHEMINF_000034	http://semanticscience.org/resource/CHEMINF_000005
S	http://semanticscience.org/resource/CHEMINF_000034	http://semanticscience.org/resource/CHEMINF_000017
S	http://semanticscience.org/resource/CHEMINF_000034	http://semanticscience.org/resource/CHEMINF_000027
S	http://semanticscience.org/resource/CHEMINF_000034	http://semanticscience.org/resource/CHEMINF_000123
S	http://semanticscience.org/resource/CHEMINF_000034	http://www.ifomis.org/bfo/1.1#Entity
S	http://semanticscience.org/resource/CHEMINF_000034	http://www.ifomis.org/bfo/1.1/snap#Continuant
S	http://semanticscience.org/resource/CHEMINF_000034	http://www.ifomis.org/bfo/1.1/snap#DependentContinuant
S	http://semanticscience.org/resource/CHEMINF_000034	http://www.ifomis.org/bfo/1.1/snap#GenericallyDependentContinuant
S	http://semanticscience.org/resource/CHEMINF_000035	http://purl.obolibrary.org/obo/IAO_0000030
S	http://semanticscience.org/resource/CHEMINF_000035	http://purl.obolibrary.org/obo/IAO_0000033
S	http://semanticscience.org/resource/CHEMINF_000035	http://purl.obolibrary.org/obo/IAO_0000098
S	http://semanticscience.org/resource/CHEMINF_000035	http://semanticscience.org/resource/CHEMINF_000014
S	http://semanticscience.org/resource/CHEMINF_000035	http://semanticscience.org/resource/CHEMINF_000022
S	http://semanticscience.org/resource/CHEMINF_000035	http://www.ifomis.org/bfo/1.1#Entity
S	http://semanticscience.org/resource/CHEMINF_000035	http://www.ifomis.org/bfo/1.1/snap#Continuant
S	http://semanticscience.org/resource/CHEMINF_000035	http://www.ifomis.org/bfo/1.1/snap#DependentContinuant
S	http://semanticscience.org/resource/CHEMINF_000035	http://www.ifomis.org/bfo/1.1/snap#GenericallyDependentContinuant
S	http://semanticscience.org/resource/CHEMINF_000036	http://purl.obolibrary.org/obo/IAO_0000030
S	http://semanticscience.org/resource/CHEMINF_000036	http://purl.obolibrary.org/obo/IAO_0000033
S	http://semanticscience.org/resource/CHEMINF_000036	http://purl.obolibrary.org/obo/IAO_0000098
S	http://semanticscience.org/resource/CHEMINF_000036	http://semanticscience.org/resource/CHEMINF_000014
S	http://semanticscience.org/resource/CHEMINF_000036	http://www.ifomis.org/bfo/1.1#Entity
S	http://semanticscience.org/resource/CHEMINF_000036	http://www.ifomis.org/bfo/1.1/snap#Continuant
S	http://semanticscience.org/resource/CHEMINF_000036	http://www.ifomis.org/bfo/1.1/snap#DependentContinuant
S	http://semanticscience.org/resource/CHEMINF_000036	http://www.ifomis.org/bfo/1.1/snap#GenericallyDependentContinuant
S	http://semanticscience.org/resource/CHEMINF_000037	http://purl.obolibrary.org/obo/IAO_0000030
S	http://semanticscience.org/resource/CHEMINF_000037	http://purl.obolibrary.org/obo/IAO_0000033
S	http://semanticscience.org/resource/CHEMINF_000037	http://purl.obolibrary.org/obo/IAO_0000098
S	http://semanticscience.org/resource/CHEMINF_000037	http://semanticscience.org/resource/CHEMINF_000014
S	http://semanticscience.org/resource/CHEMINF_000037	http://semanticscience.org/resource/CHEMINF_000036
S	http://semanticscience.org/resource/CHEMINF_000037	http://www.ifomis.org/bfo/1.1#Entity
S	http://semanticscience.org/resource/CHEMINF_000037	http://www.ifomis.org/bfo/1.1/snap#Continuant
S	http://semanticscience.org/resource/CHEMINF_000037	http://www.ifomis.org/bfo/1.1/snap#DependentContinuant
S	http://semanticscience.org/resource/CHEMINF_000037	http://www.ifomis.org/bfo/1.1/snap#GenericallyDependentContinuant
S	http://semanticscience.org/resource/CHEMINF_000038	http://purl.obolibrary.org/obo/IAO_0000030
S	http://semanticscience.org/resource/CHEMINF_000038	http://purl.obolibrary.org/obo/IAO_0000033
S	http://semanticscience.org/resource/CHEMINF_000038	http://purl.obolibrary.org/obo/IAO_0000098
S	http://semanticscience.org/resource/CHEMINF_000038	http://semanticscience.org/resource/CHEMINF_000014
S	http://semanticscience.org/resource/CHEMINF_000038	http://semanticscience.org/resource/CHEMINF_000022
S	http://semanticscience.org/resource/CHEMINF_000038	http://semanticscience.org/resource/CHEMINF_000035
S	http://semanticscience.org/resource/CHEMINF_000038	http://www.ifomis.org/bfo/1.1#Entity
S	http://semanticscience.org/resource/CHEMINF_000038	http://www.ifomis.org/bfo/1.1/snap#Continuant
S	http://semanticscience.org/resource/CHEMINF_000038	http://www.ifomis.org/bfo/1.1/snap#DependentContinuant
S	http://semanticscience.org/resource/CHEMINF_000038	http://www.ifomis.org/bfo/1.1/snap#GenericallyDependentContinuant
S	http://semanticscience.org/resource/CHEMINF_000039	http://purl.obolibrary.org/obo/IAO_0000030
S	http://semanticscience.org/resource/CHEMINF_000039	http://purl.obolibrary.org/obo/IAO_0000033
S	http://semanticscience.org/resource/CHEMINF_000039	http://purl.obolibrary.org/obo/IAO_0000098
S	http://semanticscience.org/resource/CHEMINF_000039	http://semanticscience.org/resource/CHEMINF_000014
S	http://semanticscience.org/resource/CHEMINF_000039	http://www.ifomis.org/bfo/1.1#Entity
S	http://semanticscience.org/resource/CHEMINF_000039	http://www.ifomis.org/bfo/1.1/snap#Continuant
S	http://semanticscience.org/resource/CHEMINF_000039	http://www.ifomis.org/bfo/1.1/snap#DependentContinuant
S	http://semanticscience.org/resource/CHEMINF_000039	http://www.ifomis.org/bfo/1.1/snap#GenericallyDependentContinuant
S	http://semanticscience.org/resource/CHEMINF_000040	http://purl.obolibrary.org/obo/IAO_0000030
S	http://semanticscience.org/resource/CHEMINF_000040	http://purl.obolibrary.org/obo/IAO_0000033
S	http://semanticscience.org/resource/CHEMINF_000040	http://purl.obolibrary.org/obo/IAO_0000098
S	http://semanticscience.org/resource/CHEMINF_000040	http://semanticscience.org/resource/CHEMINF_000014
S	http://semanticscience.org/resource/CHEMINF_000040	http://semanticscience.org/resource/CHEMINF_000039
S	http://semanticscience.org/resource/CHEMINF_000040	http://www.ifomis.org/bfo/1.1#Entity
S	http://semanticscience.org/resource/CHEMINF_000040	http://www.ifomis.org/bfo/1.1/snap#Continuant
S	http://semanticscience.org/resource/CHEMINF_000040	http://www.ifomis.org/bfo/1.1/snap#DependentContinuant
S	http://semanticscience.org/resource/CHEMINF_000040	http://www.ifomis.org/bfo/1.1/snap#GenericallyDependentContinuant
S	http://semanticscience.org/resource/CHEMINF_000041	http://purl.obolibrary.org/obo/IAO_0000027
S	http://semanticscience.org/resource/CHEMINF_000041	http://purl.obolibrary.org/obo/IAO_0000030
S	http://semanticscience.org/resource/CHEMINF_000041	http://semanticscience.org/resource/CHEMINF_000017
S	http://semanticscience.org/resource/CHEMINF_000041	http://semanticscience.org/resource/CHEMINF_000123
S	http://semanticscience.org/resource/CHEMINF_000041	http://www.ifomis.org/bfo/1.1#Entity
S	http://semanticscience.org/resource/CHEMINF_000041	http://www.ifomis.org/bfo/1.1/snap#Continuant
S	http://semanticscience.org/resource/CHEMINF_000041	http://www.ifomis.org/bfo/1.1/snap#DependentContinuant
S	http://semanticscience.org/resource/CHEMINF_000041	http://www.ifomis.org/bfo/1.1/snap#GenericallyDependentContinuant
S	http://semanticscience.org/resource/CHEMINF_000042	http://purl.obolibrary.org/obo/IAO_0000027
S	http://semanticscience.org/resource/CHEMINF_000042	http://purl.obolibrary.org/obo/IAO_0000030
S	http://semanticscience.org/resource/CHEMINF_000042	http://semanticscience.org/resource/CHEMINF_000017
S	http://semanticscience.org/resource/CHEMINF_000042	http://semanticscience.org/resource/CHEMINF_000065
S	http://semanticscience.org/resource/CHEMINF_000042	http://semanticscience.org/resource/CHEMINF_000123
S	http://semanticscience.org/resource/CHEMINF_000042	http://semanticscience.org/resource/CHEMINF_000136
S	http://semanticscience.org/resource/CHEMINF_000042	http://www.ifomis.org/bfo/1.1#Entity
S	http://semanticscience.org/resource/CHEMINF_000042	http://www.ifomis.org/bfo/1.1/snap#Continuant
S	http://semanticscience.org/resource/CHEMINF_000042	http://www.ifomis.org/bfo/1.1/snap#DependentContinuant
S	http://semanticscience.org/resource/CHEMINF_000042	http://www.ifomis.org/bfo/1.1/snap#GenericallyDependentContinuant
S	http://semanticscience.org/resource/CHEMINF_000043	http://purl.obolibrary.org/obo/IAO_0000027
S	http://semanticscience.org/resource/CHEMINF_000043	http://purl.obolibrary.org/obo/IAO_0000030
S	http://semanticscience.org/resource/CHEMINF_000043	http://semanticscience.org/resource/CHEMINF_000017
S	http://semanticscience.org/resource/CHEMINF_000043	http://semanticscience.org/resource/CHEMINF_000061
S	http://semanticscience.org/resource/CHEMINF_000043	http://semanticscience.org/resource/CHEMINF_000065
S	http://semanticscience.org/resource/CHEMINF_000043	http://semanticscience.org/resource/CHEMINF_000123
S	http://semanticscience.org/resource/CHEMINF_000043	http://www.ifomis.org/bfo/1.1#Entity
S	http://semanticscience.org/resource/CHEMINF_000043	http://www.ifomis.org/bfo/1.1/snap#Continuant
S	http://semanticscience.org/resource/CHEMINF_000043	http://www.ifomis.org/bfo/1.1/snap#DependentContinuant
S	http://semanticscience.org/resource/CHEMINF_000043	http://www.ifomis.org/bfo/1.1/snap#GenericallyDependentContinuant
S	http://semanticscience.org/resource/CHEMINF_000044	http://purl.obolibrary.org/obo/IAO_0000027
S	http://semanticscience.org/resource/CHEMINF_000044	http://purl.obolibrary.org/obo/IAO_0000030
S	http://semanticscience.org/resource/CHEMINF_000044	http://semanticscience.org/resource/CHEMINF_000017
S	http://semanticscience.org/resource/CHEMINF_000044	http://semanticscience.org/resource/CHEMINF_000043
S	http://semanticscience.org/resource/CHEMINF_000044	http://semanticscience.org/resource/CHEMINF_000061
S	http://semanticscience.org/resource/CHEMINF_000044	http://semanticscience.org/resource/CHEMINF_000065
S	http://semanticscience.org/resource/CHEMINF_000044	http://semanticscience.org/resource/CHEMINF_000123
S	http://semanticscience.org/resource/CHEMINF_000044	http://www.ifomis.org/bfo/1.1#Entity
S	http://semanticscience.org/resource/CHEMINF_000044	http://www.ifomis.org/bfo/1.1/snap#Continuant
S	http://semanticscience.org/resource/CHEMINF_000044	http://www.ifomis.org/bfo/1.1/snap#DependentContinuant
S	http://semanticscience.org/resource/CHEMINF_000044	http://www.ifomis.org/bfo/1.1/snap#GenericallyDependentContinuant
S	http://semanticscience.org/resource/CHEMINF_000045	http://purl.obolibrary.org/obo/IAO_0000030
S	http://semanticscience.org/resource/CHEMINF_000045	http://purl.obolibrary.org/obo/IAO_0000033
S	http://semanticscience.org/resource/CHEMINF_000045	http://purl.obolibrary.org/obo/IAO_0000098
S	http://semanticscience.org/resource/CHEMINF_000045	http://semanticscience.org/resource/CHEMINF_000014
S	http://semanticscience.org/resource/CHEMINF_000045	http://semanticscience.org/resource/CHEMINF_000039
S	http://semanticscience.org/resource/CHEMINF_000045	http://www.ifomis.org/bfo/1.1#Entity
S	http://semanticscience.org/resource/CHEMINF_000045	http://www.ifomis.org/bfo/1.1/snap#Continuant
S	http://semanticscience.org/resource/CHEMINF_000045	http://www.ifomis.org/bfo/1.1/snap#DependentContinuant
S	http://semanticscience.org/resource/CHEMINF_000045	http://www.ifomis.org/bfo/1.1/snap#GenericallyDependentContinuant
S	http://semanticscience.org/resource/CHEMINF_000046	http://purl.obolibrary.org/obo/IAO_0000027
S	http://semanticscience.org/resource/CHEMINF_000046	http://purl.obolibrary.org/obo/IAO_0000030
S	http://semanticscience.org/resource/CHEMINF_000046	http://semanticscience.org/resource/CHEMINF_000017
S	http://semanticscience.org/resource/CHEMINF_000046	http://semanticscience.org/resource/CHEMINF_000123
S	http://semanticscience.org/resource/CHEMINF_000046	http://semanticscience.org/resource/CHEMINF_000136
S	http://semanticscience.org/resource/CHEMINF_000046	http://semanticscience.org/resource/CHEMINF_000209
S	http://semanticscience.org/resource/CHEMINF_000046	http://www.ifomis.org/bfo/1.1#Entity
S	http://semanticscience.org/resource/CHEMINF_000046	http://www.ifomis.org/bfo/1.1/snap#Continuant
S	http://semanticscience.org/resource/CHEMINF_000046	http://www.ifomis.org/bfo/1.1/snap#DependentContinuant
S	http://semanticscience.org/resource/CHEMINF_000046	http://www.ifomis.org/bfo/1.1/snap#GenericallyDependentContinuant
S	http://semanticscience.org/resource/CHEMINF_000048	http://purl.obolibrary.org/obo/IAO_0000027
S	http://semanticscience.org/resource/CHEMINF_000048	http://purl.obolibrary.org/obo/IAO_0000030
S	http://semanticscience.org/resource/CHEMINF_000048	http://semanticscience.org/resource/CHEMINF_000017
S	http://semanticscience.org/resource/CHEMINF_000048	http://semanticscience.org/resource/CHEMINF_000027
S	http://semanticscience.org/resource/CHEMINF_000048	http://semanticscience.org/resource/CHEMINF_000123
S	http://semanticscience.org/resource/CHEMINF_000048	http://www.ifomis.org/bfo/1.1#Entity
S	http://semanticscience.org/resource/CHEMINF_000048	http://www.ifomis.org/bfo/1.1/snap#Continuant
S	http://semanticscience.org/resource/CHEMINF_000048	http://www.ifomis.org/bfo/1.1/snap#DependentContinuant
S	http://semanticscience.org/resource/CHEMINF_000048	http://www.ifomis.org/bfo/1.1/snap#GenericallyDependentContinuant
S	http://semanticscience.org/resource/CHEMINF_000049	http://purl.obolibrary.org/obo/IAO_0000027
S	http://semanticscience.org/resource/CHEMINF_000049	http://purl.obolibrary.org/obo/IAO_0000030
S	http://semanticscience.org/resource/CHEMINF_000049	http://semanticscience.org/resource/CHEMINF_000017
S	http://semanticscience.org/resource/CHEMINF_000049	http://semanticscience.org/resource/CHEMINF_000027
S	http://semanticscience.org/resource/CHEMINF_000049	http://semanticscience.org/resource/CHEMINF_000048
S	http://semanticscience.org/resource/CHEMINF_000049	http://semanticscience.org/resource/CHEMINF_000123
S	http://semanticscience.org/resource/CHEMINF_000049	http://www.ifomis.org/bfo/1.1#Entity
S	http://semanticscience.org/resource/CHEMINF_000049	http://www.ifomis.org/bfo/1.1/snap#Continuant
S	http://semanticscience.org/resource/CHEMINF_000049	http://www.ifomis.org/bfo/1.1/snap#DependentContinuant
S	http://semanticscience.org/resource/CHEMINF_000049	http://www.ifomis.org/bfo/1.1/snap#GenericallyDependentContinuant
S	http://semanticscience.org/resource/CHEMINF_000050	http://purl.obolibrary.org/obo/IAO_0000027
S	http://semanticscience.org/resource/CHEMINF_000050	http://purl.obolibrary.org/obo/IAO_0000030
S	http://semanticscience.org/resource/CHEMINF_000050	http://semanticscience.org/resource/CHEMINF_000017
S	http://semanticscience.org/resource/CHEMINF_000050	http://semanticscience.org/resource/CHEMINF_000027
S	http://semanticscience.org/resource/CHEMINF_000050	http://semanticscience.org/resource/CHEMINF_000048
S	http://semanticscience.org/resource/CHEMINF_000050	http://semanticscience.org/resource/CHEMINF_000123
S	http://semanticscience.org/resource/CHEMINF_000050	http://www.ifomis.org/bfo/1.1#Entity
S	http://semanticscience.org/resource/CHEMINF_000050	http://www.ifomis.org/bfo/1.1/snap#Continuant
S	http://semanticscience.org/resource/CHEMINF_000050	http://www.ifomis.org/bfo/1.1/snap#DependentContinuant
S	http://semanticscience.org/resource/CHEMINF_000050	http://www.ifomis.org/bfo/1.1/snap#GenericallyDependentContinuant
S	http://semanticscience.org/resource/CHEMINF_000051	http://purl.obolibrary.org/obo/IAO_0000027
S	http://semanticscience.org/resource/CHEMINF_000051	http://purl.obolibrary.org/obo/IAO_0000030
S	http://semanticscience.org/resource/CHEMINF_000051	http://semanticscience.org/resource/CHEMINF_000017
S	http://semanticscience.org/resource/CHEMINF_000051	http://semanticscience.org/resource/CHEMINF_000027
S	http://semanticscience.org/resource/CHEMINF_000051	http://semanticscience.org/resource/CHEMINF_000065
S	http://semanticscience.org/resource/CHEMINF_000051	http://semanticscience.org/resource/CHEMINF_000123
S	http://semanticscience.org/resource/CHEMINF_000051	http://www.ifomis.org/bfo/1.1#Entity
S	http://semanticscience.org/resource/CHEMINF_000051	http://www.ifomis.org/bfo/1.1/snap#Continuant
S	http://semanticscience.org/resource/CHEMINF_000051	http://www.ifomis.org/bfo/1.1/snap#DependentContinuant
S	http://semanticscience.org/resource/CHEMINF_000051	http://www.ifomis.org/bfo/1.1/snap#GenericallyDependentContinuant
S	http://semanticscience.org/resource/CHEMINF_000052	http://purl.obolibrary.org/obo/IAO_0000027
S	http://semanticscience.org/resource/CHEMINF_000052	http://purl.obolibrary.org/obo/IAO_0000030
S	http://semanticscience.org/resource/CHEMINF_000052	http://semanticscience.org/resource/CHEMINF_000017
S	http://semanticscience.org/resource/CHEMINF_000052	http://semanticscience.org/resource/CHEMINF_000027
S	http://semanticscience.org/resource/CHEMINF_000052	http://semanticscience.org/resource/CHEMINF_000051
S	http://semanticscience.org/resource/CHEMINF_000052	http://semanticscience.org/resource/CHEMINF_000065
S	http://semanticscience.org/resource/CHEMINF_000052	http://semanticscience.org/resource/CHEMINF_000123
S	http://semanticscience.org/resource/CHEMINF_000052	http://www.ifomis.org/bfo/1.1#Entity
S	http://semanticscience.org/resource/CHEMINF_000052	http://www.ifomis.org/bfo/1.1/snap#Continuant
S	http://semanticscience.org/resource/CHEMINF_000052	http://www.ifomis.org/bfo/1.1/snap#DependentContinuant
S	http://semanticscience.org/resource/CHEMINF_000052	http://www.ifomis.org/bfo/1.1/snap#GenericallyDependentContinuant
S	http://semanticscience.org/resource/CHEMINF_000053	http://purl.obolibrary.org/obo/IAO_0000027
S	http://semanticscience.org/resource/CHEMINF_000053	http://purl.obolibrary.org/obo/IAO_0000030
S	http://semanticscience.org/resource/CHEMINF_000053	http://semanticscience.org/resource/CHEMINF_000017
S	http://semanticscience.org/resource/CHEMINF_000053	http://semanticscience.org/resource/CHEMINF_000027
S	http://semanticscience.org/resource/CHEMINF_000053	http://semanticscience.org/resource/CHEMINF_000051
S	http://semanticscience.org/resource/CHEMINF_000053	http://semanticscience.org/resource/CHEMINF_000065
S	http://semanticscience.org/resource/CHEMINF_000053	http://semanticscience.org/resource/CHEMINF_000123
S	http://semanticscience.org/resource/CHEMINF_000053	http://www.ifomis.org/bfo/1.1#Entity
S	http://semanticscience.org/resource/CHEMINF_000053	http://www.ifomis.org/bfo/1.1/snap#Continuant
S	http://semanticscience.org/resource/CHEMINF_000053	http://www.ifomis.org/bfo/1.1/snap#DependentContinuant
S	http://semanticscience.org/resource/CHEMINF_000053	http://www.ifomis.org/bfo/1.1/snap#GenericallyDependentContinuant
S	http://semanticscience.org/resource/CHEMINF_000054	http://semanticscience.org/resource/CHEMINF_000031
S	http://semanticscience.org/resource/CHEMINF_000054	http://semanticscience.org/resource/CHEMINF_000086
S	http://semanticscience.org/resource/CHEMINF_000054	http://www.ifomis.org/bfo/1.1#Entity
S	http://semanticscience.org/resource/CHEMINF_000054	http://www.ifomis.org/bfo/1.1/snap#Continuant
S	http://semanticscience.org/resource/CHEMINF_000054	http://www.ifomis.org/bfo/1.1/snap#DependentContinuant
S	http://semanticscience.org/resource/CHEMINF_000054	http://www.ifomis.org/bfo/1.1/snap#Quality
S	http://semanticscience.org/resource/CHEMINF_000054	http://www.ifomis.org/bfo/1.1/snap#SpecificallyDependentContinuant
S	http://semanticscience.org/resource/CHEMINF_000055	http://purl.obolibrary.org/obo/IAO_0000027
S	http://semanticscience.org/resource/CHEMINF_000055	http://purl.obolibrary.org/obo/IAO_0000030
S	http://semanticscience.org/resource/CHEMINF_000055	http://semanticscience.org/resource/CHEMINF_000017
S	http://semanticscience.org/resource/CHEMINF_000055	http://semanticscience.org/resource/CHEMINF_000065
S	http://semanticscience.org/resource/CHEMINF_000055	http://semanticscience.org/resource/CHEMINF_000085
S	http://semanticscience.org/resource/CHEMINF_000055	http://semanticscience.org/resource/CHEMINF_000123
S	http://semanticscience.org/resource/CHEMINF_000055	http://www.ifomis.org/bfo/1.1#Entity
S	http://semanticscience.org/resource/CHEMINF_000055	http://www.ifomis.org/bfo/1.1/snap#Continuant
S	http://semanticscience.org/resource/CHEMINF_000055	http://www.ifomis.org/bfo/1.1/snap#DependentContinuant
S	http://semanticscience.org/resource/CHEMINF_000055	http://www.ifomis.org/bfo/1.1/snap#GenericallyDependentContinuant
S	http://semanticscience.org/resource/CHEMINF_000056	http://purl.obolibrary.org/obo/IAO_0000027
S	http://semanticscience.org/resource/CHEMINF_000056	http://purl.obolibrary.org/obo/IAO_0000030
S	http://semanticscience.org/resource/CHEMINF_000056	http://semanticscience.org/resource/CHEMINF_000017
S	http://semanticscience.org/resource/CHEMINF_000056	http://semanticscience.org/resource/CHEMINF_000065
S	http://semanticscience.org/resource/CHEMINF_000056	http://semanticscience.org/resource/CHEMINF_000087
S	http://semanticscience.org/resource/CHEMINF_000056	http://semanticscience.org/resource/CHEMINF_000123
S	http://semanticscience.org/resource/CHEMINF_000056	http://www.ifomis.org/bfo/1.1#Entity
S	http://semanticscience.org/resource/CHEMINF_000056	http://www.ifomis.org/bfo/1.1/snap#Continuant
S	http://semanticscience.org/resource/CHEMINF_000056	http://www.ifomis.org/bfo/1.1/snap#DependentContinuant
S	http://semanticscience.org/resource/CHEMINF_000056	http://www.ifomis.org/bfo/1.1/snap#GenericallyDependentContinuant
S	http://semanticscience.org/resource/CHEMINF_000057	http://purl.obolibrary.org/obo/IAO_0000030
S	http://semanticscience.org/resource/CHEMINF_000057	http://purl.obolibrary.org/obo/IAO_0000310
S	http://semanticscience.org/resource/CHEMINF_000057	http://www.ifomis.org/bfo/1.1#Entity
S	http://semanticscience.org/resource/CHEMINF_000057	http://www.ifomis.org/bfo/1.1/snap#Continuant
S	http://semanticscience.org/resource/CHEMINF_000057	http://www.ifomis.org/bfo/1.1/snap#DependentContinuant
S	http://semanticscience.org/resource/CHEMINF_000057	http://www.ifomis.org/bfo/1.1/snap#GenericallyDependentContinuant
S	http://semanticscience.org/resource/CHEMINF_000058	http://purl.obolibrary.org/obo/IAO_0000030
S	http://semanticscience.org/resource/CHEMINF_000058	http://purl.obolibrary.org/obo/IAO_0000310
S	http://semanticscience.org/resource/CHEMINF_000058	http://semanticscience.org/resource/CHEMINF_000057
S	http://semanticscience.org/resource/CHEMINF_000058	http://www.ifomis.org/bfo/1.1#Entity
S	http://semanticscience.org/resource/CHEMINF_000058	http://www.ifomis.org/bfo/1.1/snap#Continuant
S	http://semanticscience.org/resource/CHEMINF_000058	http://www.ifomis.org/bfo/1.1/snap#DependentContinuant
S	http://semanticscience.org/resource/CHEMINF_000058	http://www.ifomis.org/bfo/1.1/snap#GenericallyDependentContinuant
S	http://semanticscience.org/resource/CHEMINF_000059	http://purl.obolibrary.org/obo/IAO_0000027
S	http://semanticscience.org/resource/CHEMINF_000059	http://purl.obolibrary.org/obo/IAO_0000030
S	http://semanticscience.org/resource/CHEMINF_000059	http://semanticscience.org/resource/CHEMINF_000017
S	http://semanticscience.org/resource/CHEMINF_000059	http://semanticscience.org/resource/CHEMINF_000061
S	http://semanticscience.org/resource/CHEMINF_000059	http://semanticscience.org/resource/CHEMINF_000065
S	http://semanticscience.org/resource/CHEMINF_000059	http://semanticscience.org/resource/CHEMINF_000066
S	http://semanticscience.org/resource/CHEMINF_000059	http://semanticscience.org/resource/CHEMINF_000123
S	http://semanticscience.org/resource/CHEMINF_000059	http://www.ifomis.org/bfo/1.1#Entity
S	http://semanticscience.org/resource/CHEMINF_000059	http://www.ifomis.org/bfo/1.1/snap#Continuant
S	http://semanticscience.org/resource/CHEMINF_000059	http://www.ifomis.org/bfo/1.1/snap#DependentContinuant
S	http://semanticscience.org/resource/CHEMINF_000059	http://www.ifomis.org/bfo/1.1/snap#GenericallyDependentContinuant
S	http://semanticscience.org/resource/CHEMINF_000060	http://purl.obolibrary.org/obo/IAO_0000027
S	http://semanticscience.org/resource/CHEMINF_000060	http://purl.obolibrary.org/obo/IAO_0000030
S	http://semanticscience.org/resource/CHEMINF_000060	http://semanticscience.org/resource/CHEMINF_000017
S	http://semanticscience.org/resource/CHEMINF_000060	http://semanticscience.org/resource/CHEMINF_000093
S	http://semanticscience.org/resource/CHEMINF_000060	http://semanticscience.org/resource/CHEMINF_000123
S	http://semanticscience.org/resource/CHEMINF_000060	http://www.ifomis.org/bfo/1.1#Entity
S	http://semanticscience.org/resource/CHEMINF_000060	http://www.ifomis.org/bfo/1.1/snap#Continuant
S	http://semanticscience.org/resource/CHEMINF_000060	http://www.ifomis.org/bfo/1.1/snap#DependentContinuant
S	http://semanticscience.org/resource/CHEMINF_000060	http://www.ifomis.org/bfo/1.1/snap#GenericallyDependentContinuant
S	http://semanticscience.org/resource/CHEMINF_000061	http://purl.obolibrary.org/obo/IAO_0000027
S	http://semanticscience.org/resource/CHEMINF_000061	http://purl.obolibrary.org/obo/IAO_0000030
S	http://semanticscience.org/resource/CHEMINF_000061	http://semanticscience.org/resource/CHEMINF_000017
S	http://semanticscience.org/resource/CHEMINF_000061	http://semanticscience.org/resource/CHEMINF_000123
S	http://semanticscience.org/resource/CHEMINF_000061	http://www.ifomis.org/bfo/1.1#Entity
S	http://semanticscience.org/resource/CHEMINF_000061	http://www.ifomis.org/bfo/1.1/snap#Continuant
S	http://semanticscience.org/resource/CHEMINF_000061	http://www.ifomis.org/bfo/1.1/snap#DependentContinuant
S	http://semanticscience.org/resource/CHEMINF_000061	http://www.ifomis.org/bfo/1.1/snap#GenericallyDependentContinuant
S	http://semanticscience.org/resource/CHEMINF_000062	http://purl.obolibrary.org/obo/IAO_0000027
S	http://semanticscience.org/resource/CHEMINF_000062	http://purl.obolibrary.org/obo/IAO_0000030
S	http://semanticscience.org/resource/CHEMINF_000062	http://semanticscience.org/resource/CHEMINF_000017
S	http://semanticscience.org/resource/CHEMINF_000062	http://semanticscience.org/resource/CHEMINF_000093
S	http://semanticscience.org/resource/CHEMINF_000062	http://semanticscience.org/resource/CHEMINF_000123
S	http://semanticscience.org/resource/CHEMINF_000062	http://www.ifomis.org/bfo/1.1#Entity
S	http://semanticscience.org/resource/CHEMINF_000062	http://www.ifomis.org/bfo/1.1/snap#Continuant
S	http://semanticscience.org/resource/CHEMINF_000062	http://www.ifomis.org/bfo/1.1/snap#DependentContinuant
S	http://semanticscience.org/resource/CHEMINF_000062	http://www.ifomis.org/bfo/1.1/snap#GenericallyDependentContinuant
S	http://semanticscience.org/resource/CHEMINF_000063	http://semanticscience.org/resource/CHEMINF_000000
S	http://semanticscience.org/resource/CHEMINF_000063	http://www.ifomis.org/bfo/1.1#Entity
S	http://semanticscience.org/resource/CHEMINF_000063	http://www.ifomis.org/bfo/1.1/snap#Continuant
S	http://semanticscience.org/resource/CHEMINF_000063	http://www.ifomis.org/bfo/1.1/snap#IndependentContinuant
S	http://semanticscience.org/resource/CHEMINF_000063	http://www.ifomis.org/bfo/1.1/snap#MaterialEntity
S	http://semanticscience.org/resource/CHEMINF_000064	http://purl.obolibrary.org/obo/IAO_0000027
S	http://semanticscience.org/resource/CHEMINF_000064	http://purl.obolibrary.org/obo/IAO_0000030
S	http://semanticscience.org/resource/CHEMINF_000064	http://semanticscience.org/resource/CHEMINF_000017
S	http://semanticscience.org/resource/CHEMINF_000064	http://semanticscience.org/resource/CHEMINF_000123
S	http://semanticscience.org/resource/CHEMINF_000064	http://www.ifomis.org/bfo/1.1#Entity
S	http://semanticscience.org/resource/CHEMINF_000064	http://www.ifomis.org/bfo/1.1/snap#Continuant
S	http://semanticscience.org/resource/CHEMINF_000064	http://www.ifomis.org/bfo/1.1/snap#DependentContinuant
S	http://semanticscience.org/resource/CHEMINF_000064	http://www.ifomis.org/bfo/1.1/snap#GenericallyDependentContinuant
S	http://semanticscience.org/resource/CHEMINF_000065	http://purl.obolibrary.org/obo/IAO_0000027
S	http://semanticscience.org/resource/CHEMINF_000065	http://purl.obolibrary.org/obo/IAO_0000030
S	http://semanticscience.org/resource/CHEMINF_000065	http://semanticscience.org/resource/CHEMINF_000017
S	http://semanticscience.org/resource/CHEMINF_000065	http://semanticscience.org/resource/CHEMINF_000123
S	http://semanticscience.org/resource/CHEMINF_000065	http://www.ifomis.org/bfo/1.1#Entity
S	http://semanticscience.org/resource/CHEMINF_000065	http://www.ifomis.org/bfo/1.1/snap#Continuant
S	http://semanticscience.org/resource/CHEMINF_000065	http://www.ifomis.org/bfo/1.1/snap#DependentContinuant
S	http://semanticscience.org/resource/CHEMINF_000065	http://www.ifomis.org/bfo/1.1/snap#GenericallyDependentContinuant
S	http://semanticscience.org/resource/CHEMINF_000066	http://purl.obolibrary.org/obo/IAO_0000030
S	http://semanticscience.org/resource/CHEMINF_000066	http://semanticscience.org/resource/CHEMINF_000017
S	http://semanticscience.org/resource/CHEMINF_000066	http://www.ifomis.org/bfo/1.1#Entity
S	http://semanticscience.org/resource/CHEMINF_000066	http://www.ifomis.org/bfo/1.1/snap#Continuant
S	http://semanticscience.org/resource/CHEMINF_000066	http://www.ifomis.org/bfo/1.1/snap#DependentContinuant
S	http://semanticscience.org/resource/CHEMINF_000066	http://www.ifomis.org/bfo/1.1/snap#GenericallyDependentContinuant
S	http://semanticscience.org/resource/CHEMINF_000067	http://semanticscience.org/resource/CHEMINF_000031
S	http://semanticscience.org/resource/CHEMINF_000067	http://semanticscience.org/resource/CHEMINF_000086
S	http://semanticscience.org/resource/CHEMINF_000067	http://www.ifomis.org/bfo/1.1#Entity
S	http://semanticscience.org/resource/CHEMINF_000067	http://www.ifomis.org/bfo/1.1/snap#Continuant
S	http://semanticscience.org/resource/CHEMINF_000067	http://www.ifomis.org/bfo/1.1/snap#DependentContinuant
S	http://semanticscience.org/resource/CHEMINF_000067	http://www.ifomis.org/bfo/1.1/snap#Quality
S	http://semanticscience.org/resource/CHEMINF_000067	http://www.ifomis.org/bfo/1.1/snap#SpecificallyDependentContinuant
S	http://semanticscience.org/resource/CHEMINF_000068	http://purl.obolibrary.org/obo/IAO_0000027
S	http://semanticscience.org/resource/CHEMINF_000068	http://purl.obolibrary.org/obo/IAO_0000030
S	http://semanticscience.org/resource/CHEMINF_000068	http://semanticscience.org/resource/CHEMINF_000017
S	http://semanticscience.org/resource/CHEMINF_000068	http://semanticscience.org/resource/CHEMINF_000065
S	http://semanticscience.org/resource/CHEMINF_000068	http://semanticscience.org/resource/CHEMINF_000085
S	http://semanticscience.org/resource/CHEMINF_000068	http://semanticscience.org/resource/CHEMINF_000123
S	http://semanticscience.org/resource/CHEMINF_000068	http://www.ifomis.org/bfo/1.1#Entity
S	http://semanticscience.org/resource/CHEMINF_000068	http://www.ifomis.org/bfo/1.1/snap#Continuant
S	http://semanticscience.org/resource/CHEMINF_000068	http://www.ifomis.org/bfo/1.1/snap#DependentContinuant
S	http://semanticscience.org/resource/CHEMINF_000068	http://www.ifomis.org/bfo/1.1/snap#GenericallyDependentContinuant
S	http://semanticscience.org/resource/CHEMINF_000069	http://semanticscience.org/resource/CHEMINF_000031
S	http://semanticscience.org/resource/CHEMINF_000069	http://semanticscience.org/resource/CHEMINF_000086
S	http://semanticscience.org/resource/CHEMINF_000069	http://www.ifomis.org/bfo/1.1#Entity
S	http://semanticscience.org/resource/CHEMINF_000069	http://www.ifomis.org/bfo/1.1/snap#Continuant
S	http://semanticscience.org/resource/CHEMINF_000069	http://www.ifomis.org/bfo/1.1/snap#DependentContinuant
S	http://semanticscience.org/resource/CHEMINF_000069	http://www.ifomis.org/bfo/1.1/snap#Quality
S	http://semanticscience.org/resource/CHEMINF_000069	http://www.ifomis.org/bfo/1.1/snap#SpecificallyDependentContinuant
S	http://semanticscience.org/resource/CHEMINF_000070	http://semanticscience.org/resource/CHEMINF_000031
S	http://semanticscience.org/resource/CHEMINF_000070	http://semanticscience.org/resource/CHEMINF_000069
S	http://semanticscience.org/resource/CHEMINF_000070	http://semanticscience.org/resource/CHEMINF_000086
S	http://semanticscience.org/resource/CHEMINF_000070	http://www.ifomis.org/bfo/1.1#Entity
S	http://semanticscience.org/resource/CHEMINF_000070	http://www.ifomis.org/bfo/1.1/snap#Continuant
S	http://semanticscience.org/resource/CHEMINF_000070	http://www.ifomis.org/bfo/1.1/snap#DependentContinuant
S	http://semanticscience.org/resource/CHEMINF_000070	http://www.ifomis.org/bfo/1.1/snap#Quality
S	http://semanticscience.org/resource/CHEMINF_000070	http://www.ifomis.org/bfo/1.1/snap#SpecificallyDependentContinuant
S	http://semanticscience.org/resource/CHEMINF_000071	http://semanticscience.org/resource/CHEMINF_000031
S	http://semanticscience.org/resource/CHEMINF_000071	http://semanticscience.org/resource/CHEMINF_000069
S	http://semanticscience.org/resource/CHEMINF_000071	http://semanticscience.org/resource/CHEMINF_000086
S	http://semanticscience.org/resource/CHEMINF_000071	http://www.ifomis.org/bfo/1.1#Entity
S	http://semanticscience.org/resource/CHEMINF_000071	http://www.ifomis.org/bfo/1.1/snap#Continuant
S	http://semanticscience.org/resource/CHEMINF_000071	http://www.ifomis.org/bfo/1.1/snap#DependentContinuant
S	http://semanticscience.org/resource/CHEMINF_000071	http://www.ifomis.org/bfo/1.1/snap#Quality
S	http://semanticscience.org/resource/CHEMINF_000071	http://www.ifomis.org/bfo/1.1/snap#SpecificallyDependentContinuant
S	http://semanticscience.org/resource/CHEMINF_000072	http://semanticscience.org/resource/CHEMINF_000031
S	http://semanticscience.org/resource/CHEMINF_000072	http://semanticscience.org/resource/CHEMINF_000067
S	http://semanticscience.org/resource/CHEMINF_000072	http://semanticscience.org/resource/CHEMINF_000086
S	http://semanticscience.org/resource/CHEMINF_000072	http://www.ifomis.org/bfo/1.1#Entity
S	http://semanticscience.org/resource/CHEMINF_000072	http://www.ifomis.org/bfo/1.1/snap#Continuant
S	http://semanticscience.org/resource/CHEMINF_000072	http://www.ifomis.org/bfo/1.1/snap#DependentContinuant
S	http://semanticscience.org/resource/CHEMINF_000072	http://www.ifomis.org/bfo/1.1/snap#Quality
S	http://semanticscience.org/resource/CHEMINF_000072	http://www.ifomis.org/bfo/1.1/snap#SpecificallyDependentContinuant
S	http://semanticscience.org/resource/CHEMINF_000073	http://semanticscience.org/resource/CHEMINF_000031
S	http://semanticscience.org/resource/CHEMINF_000073	http://semanticscience.org/resource/CHEMINF_000067
S	http://semanticscience.org/resource/CHEMINF_000073	http://semanticscience.org/resource/CHEMINF_000086
S	http://semanticscience.org/resource/CHEMINF_000073	http://www.ifomis.org/bfo/1.1#Entity
S	http://semanticscience.org/resource/CHEMINF_000073	http://www.ifomis.org/bfo/1.1/snap#Continuant
S	http://semanticscience.org/resource/CHEMINF_000073	http://www.ifomis.org/bfo/1.1/snap#DependentContinuant
S	http://semanticscience.org/resource/CHEMINF_000073	http://www.ifomis.org/bfo/1.1/snap#Quality
S	http://semanticscience.org/resource/CHEMINF_000073	http://www.ifomis.org/bfo/1.1/snap#SpecificallyDependentContinuant
S	http://semanticscience.org/resource/CHEMINF_000074	http://semanticscience.org/resource/CHEMINF_000013
S	http://semanticscience.org/resource/CHEMINF_000074	http://semanticscience.org/resource/CHEMINF_000031
S	http://semanticscience.org/resource/CHEMINF_000074	http://semanticscience.org/resource/CHEMINF_000086
S	http://semanticscience.org/resource/CHEMINF_000074	http://www.ifomis.org/bfo/1.1#Entity
S	http://semanticscience.org/resource/CHEMINF_000074	http://www.ifomis.org/bfo/1.1/snap#Continuant
S	http://semanticscience.org/resource/CHEMINF_000074	http://www.ifomis.org/bfo/1.1/snap#DependentContinuant
S	http://semanticscience.org/resource/CHEMINF_000074	http://www.ifomis.org/bfo/1.1/snap#Quality
S	http://semanticscience.org/resource/CHEMINF_000074	http://www.ifomis.org/bfo/1.1/snap#SpecificallyDependentContinuant
S	http://semanticscience.org/resource/CHEMINF_000075	http://semanticscience.org/resource/CHEMINF_000013
S	http://semanticscience.org/resource/CHEMINF_000075	http://semanticscience.org/resource/CHEMINF_000031
S	http://semanticscience.org/resource/CHEMINF_000075	http://semanticscience.org/resource/CHEMINF_000086
S	http://semanticscience.org/resource/CHEMINF_000075	http://www.ifomis.org/bfo/1.1#Entity
S	http://semanticscience.org/resource/CHEMINF_000075	http://www.ifomis.org/bfo/1.1/snap#Continuant
S	http://semanticscience.org/resource/CHEMINF_000075	http://www.ifomis.org/bfo/1.1/snap#DependentContinuant
S	http://semanticscience.org/resource/CHEMINF_000075	http://www.ifomis.org/bfo/1.1/snap#Quality
S	http://semanticscience.org/resource/CHEMINF_000075	http://www.ifomis.org/bfo/1.1/snap#SpecificallyDependentContinuant
S	http://semanticscience.org/resource/CHEMINF_000076	http://semanticscience.org/resource/CHEMINF_000031
S	http://semanticscience.org/resource/CHEMINF_000076	http://semanticscience.org/resource/CHEMINF_000086
S	http://semanticscience.org/resource/CHEMINF_000076	http://semanticscience.org/resource/CHEMINF_000115
S	http://semanticscience.org/resource/CHEMINF_000076	http://www.ifomis.org/bfo/1.1#Entity
S	http://semanticscience.org/resource/CHEMINF_000076	http://www.ifomis.org/bfo/1.1/snap#Continuant
S	http://semanticscience.org/resource/CHEMINF_000076	http://www.ifomis.org/bfo/1.1/snap#DependentContinuant
S	http://semanticscience.org/resource/CHEMINF_000076	http://www.ifomis.org/bfo/1.1/snap#Quality
S	http://semanticscience.org/resource/CHEMINF_000076	http://www.ifomis.org/bfo/1.1/snap#SpecificallyDependentContinuant
S	http://semanticscience.org/resource/CHEMINF_000077	http://semanticscience.org/resource/CHEMINF_000031
S	http://semanticscience.org/resource/CHEMINF_000077	http://semanticscience.org/resource/CHEMINF_000086
S	http://semanticscience.org/resource/CHEMINF_000077	http://semanticscience.org/resource/CHEMINF_000115
S	http://semanticscience.org/resource/CHEMINF_000077	http://www.ifomis.org/bfo/1.1#Entity
S	http://semanticscience.org/resource/CHEMINF_000077	http://www.ifomis.org/bfo/1.1/snap#Continuant
S	http://semanticscience.org/resource/CHEMINF_000077	http://www.ifomis.org/bfo/1.1/snap#DependentContinuant
S	http://semanticscience.org/resource/CHEMINF_000077	http://www.ifomis.org/bfo/1.1/snap#Quality
S	http://semanticscience.org/resource/CHEMINF_000077	http://www.ifomis.org/bfo/1.1/snap#SpecificallyDependentContinuant
S	http://semanticscience.org/resource/CHEMINF_000078	http://purl.obolibrary.org/obo/IAO_0000027
S	http://semanticscience.org/resource/CHEMINF_000078	http://purl.obolibrary.org/obo/IAO_0000030
S	http://semanticscience.org/resource/CHEMINF_000078	http://semanticscience.org/resource/CHEMINF_000017
S	http://semanticscience.org/resource/CHEMINF_000078	http://semanticscience.org/resource/CHEMINF_000123
S	http://semanticscience.org/resource/CHEMINF_000078	http://semanticscience.org/resource/CHEMINF_000136
S	http://semanticscience.org/resource/CHEMINF_000078	http://semanticscience.org/resource/CHEMINF_000209
S	http://semanticscience.org/resource/CHEMINF_000078	http://www.ifomis.org/bfo/1.1#Entity
S	http://semanticscience.org/resource/CHEMINF_000078	http://www.ifomis.org/bfo/1.1/snap#Continuant
S	http://semanticscience.org/resource/CHEMINF_000078	http://www.ifomis.org/bfo/1.1/snap#DependentContinuant
S	http://semanticscience.org/resource/CHEMINF_000078	http://www.ifomis.org/bfo/1.1/snap#GenericallyDependentContinuant
S	http://semanticscience.org/resource/CHEMINF_000079	http://purl.obolibrary.org/obo/IAO_0000027
S	http://semanticscience.org/resource/CHEMINF_000079	http://purl.obolibrary.org/obo/IAO_0000030
S	http://semanticscience.org/resource/CHEMINF_000079	http://semanticscience.org/resource/CHEMINF_000017
S	http://semanticscience.org/resource/CHEMINF_000079	http://semanticscience.org/resource/CHEMINF_000123
S	http://semanticscience.org/resource/CHEMINF_000079	http://semanticscience.org/resource/CHEMINF_000136
S	http://semanticscience.org/resource/CHEMINF_000079	http://semanticscience.org/resource/CHEMINF_000209
S	http://semanticscience.org/resource/CHEMINF_000079	http://www.ifomis.org/bfo/1.1#Entity
S	http://semanticscience.org/resource/CHEMINF_000079	http://www.ifomis.org/bfo/1.1/snap#Continuant
S	http://semanticscience.org/resource/CHEMINF_000079	http://www.ifomis.org/bfo/1.1/snap#DependentContinuant
S	http://semanticscience.org/resource/CHEMINF_000079	http://www.ifomis.org/bfo/1.1/snap#GenericallyDependentContinuant
S	http://semanticscience.org/resource/CHEMINF_000080	http://purl.obolibrary.org/obo/IAO_0000027
S	http://semanticscience.org/resource/CHEMINF_000080	http://purl.obolibrary.org/obo/IAO_0000030
S	http://semanticscience.org/resource/CHEMINF_000080	http://semanticscience.org/resource/CHEMINF_000017
S	http://semanticscience.org/resource/CHEMINF_000080	http://semanticscience.org/resource/CHEMINF_000027
S	http://semanticscience.org/resource/CHEMINF_000080	http://semanticscience.org/resource/CHEMINF_000123
S	http://semanticscience.org/resource/CHEMINF_000080	http://www.ifomis.org/bfo/1.1#Entity
S	http://semanticscience.org/resource/CHEMINF_000080	http://www.ifomis.org/bfo/1.1/snap#Continuant
S	http://semanticscience.org/resource/CHEMINF_000080	http://www.ifomis.org/bfo/1.1/snap#DependentContinuant
S	http://semanticscience.org/resource/CHEMINF_000080	http://www.ifomis.org/bfo/1.1/snap#GenericallyDependentContinuant
S	http://semanticscience.org/resource/CHEMINF_000081	http://purl.obolibrary.org/obo/IAO_0000027
S	http://semanticscience.org/resource/CHEMINF_000081	http://purl.obolibrary.org/obo/IAO_0000030
S	http://semanticscience.org/resource/CHEMINF_000081	http://semanticscience.org/resource/CHEMINF_000017
S	http://semanticscience.org/resource/CHEMINF_000081	http://semanticscience.org/resource/CHEMINF_000027
S	http://semanticscience.org/resource/CHEMINF_000081	http://semanticscience.org/resource/CHEMINF_000080
S	http://semanticscience.org/resource/CHEMINF_000081	http://semanticscience.org/resource/CHEMINF_000123
S	http://semanticscience.org/resource/CHEMINF_000081	http://www.ifomis.org/bfo/1.1#Entity
S	http://semanticscience.org/resource/CHEMINF_000081	http://www.ifomis.org/bfo/1.1/snap#Continuant
S	http://semanticscience.org/resource/CHEMINF_000081	http://www.ifomis.org/bfo/1.1/snap#DependentContinuant
S	http://semanticscience.org/resource/CHEMINF_000081	http://www.ifomis.org/bfo/1.1/snap#GenericallyDependentContinuant
S	http://semanticscience.org/resource/CHEMINF_000082	http://purl.obolibrary.org/obo/IAO_0000027
S	http://semanticscience.org/resource/CHEMINF_000082	http://purl.obolibrary.org/obo/IAO_0000030
S	http://semanticscience.org/resource/CHEMINF_000082	http://semanticscience.org/resource/CHEMINF_000017
S	http://semanticscience.org/resource/CHEMINF_000082	http://semanticscience.org/resource/CHEMINF_000027
S	http://semanticscience.org/resource/CHEMINF_000082	http://semanticscience.org/resource/CHEMINF_000080
S	http://semanticscience.org/resource/CHEMINF_000082	http://semanticscience.org/resource/CHEMINF_000123
S	http://semanticscience.org/resource/CHEMINF_000082	http://www.ifomis.org/bfo/1.1#Entity
S	http://semanticscience.org/resource/CHEMINF_000082	http://www.ifomis.org/bfo/1.1/snap#Continuant
S	http://semanticscience.org/resource/CHEMINF_000082	http://www.ifomis.org/bfo/1.1/snap#DependentContinuant
S	http://semanticscience.org/resource/CHEMINF_000082	http://www.ifomis.org/bfo/1.1/snap#GenericallyDependentContinuant
S	http://semanticscience.org/resource/CHEMINF_000083	http://purl.obolibrary.org/obo/IAO_0000027
S	http://semanticscience.org/resource/CHEMINF_000083	http://purl.obolibrary.org/obo/IAO_0000030
S	http://semanticscience.org/resource/CHEMINF_000083	http://semanticscience.org/resource/CHEMINF_000017
S	http://semanticscience.org/resource/CHEMINF_000083	http://semanticscience.org/resource/CHEMINF_000025
S	http://semanticscience.org/resource/CHEMINF_000083	http://semanticscience.org/resource/CHEMINF_000065
S	http://semanticscience.org/resource/CHEMINF_000083	http://semanticscience.org/resource/CHEMINF_000123
S	http://semanticscience.org/resource/CHEMINF_000083	http://www.ifomis.org/bfo/1.1#Entity
S	http://semanticscience.org/resource/CHEMINF_000083	http://www.ifomis.org/bfo/1.1/snap#Continuant
S	http://semanticscience.org/resource/CHEMINF_000083	http://www.ifomis.org/bfo/1.1/snap#DependentContinuant
S	http://semanticscience.org/resource/CHEMINF_000083	http://www.ifomis.org/bfo/1.1/snap#GenericallyDependentContinuant
S	http://semanticscience.org/resource/CHEMINF_000084	http://purl.obolibrary.org/obo/IAO_0000027
S	http://semanticscience.org/resource/CHEMINF_000084	http://purl.obolibrary.org/obo/IAO_0000030
S	http://semanticscience.org/resource/CHEMINF_000084	http://semanticscience.org/resource/CHEMINF_000017
S	http://semanticscience.org/resource/CHEMINF_000084	http://semanticscience.org/resource/CHEMINF_000025
S	http://semanticscience.org/resource/CHEMINF_000084	http://semanticscience.org/resource/CHEMINF_000065
S	http://semanticscience.org/resource/CHEMINF_000084	http://semanticscience.org/resource/CHEMINF_000083
S	http://semanticscience.org/resource/CHEMINF_000084	http://semanticscience.org/resource/CHEMINF_000123
S	http://semanticscience.org/resource/CHEMINF_000084	http://www.ifomis.org/bfo/1.1#Entity
S	http://semanticscience.org/resource/CHEMINF_000084	http://www.ifomis.org/bfo/1.1/snap#Continuant
S	http://semanticscience.org/resource/CHEMINF_000084	http://www.ifomis.org/bfo/1.1/snap#DependentContinuant
S	http://semanticscience.org/resource/CHEMINF_000084	http://www.ifomis.org/bfo/1.1/snap#GenericallyDependentContinuant
S	http://semanticscience.org/resource/CHEMINF_000085	http://purl.obolibrary.org/obo/IAO_0000027
S	http://semanticscience.org/resource/CHEMINF_000085	http://purl.obolibrary.org/obo/IAO_0000030
S	http://semanticscience.org/resource/CHEMINF_000085	http://semanticscience.org/resource/CHEMINF_000017
S	http://semanticscience.org/resource/CHEMINF_000085	http://semanticscience.org/resource/CHEMINF_000123
S	http://semanticscience.org/resource/CHEMINF_000085	http://www.ifomis.org/bfo/1.1#Entity
S	http://semanticscience.org/resource/CHEMINF_000085	http://www.ifomis.org/bfo/1.1/snap#Continuant
S	http://semanticscience.org/resource/CHEMINF_000085	http://www.ifomis.org/bfo/1.1/snap#DependentContinuant
S	http://semanticscience.org/resource/CHEMINF_000085	http://www.ifomis.org/bfo/1.1/snap#GenericallyDependentContinuant
S	http://semanticscience.org/resource/CHEMINF_000086	http://www.ifomis.org/bfo/1.1#Entity
S	http://semanticscience.org/resource/CHEMINF_000086	http://www.ifomis.org/bfo/1.1/snap#Continuant
S	http://semanticscience.org/resource/CHEMINF_000086	http://www.ifomis.org/bfo/1.1/snap#DependentContinuant
S	http://semanticscience.org/resource/CHEMINF_000086	http://www.ifomis.org/bfo/1.1/snap#Quality
S	http://semanticscience.org/resource/CHEMINF_000086	http://www.ifomis.org/bfo/1.1/snap#SpecificallyDependentContinuant
S	http://semanticscience.org/resource/CHEMINF_000087	http://purl.obolibrary.org/obo/IAO_0000027
S	http://semanticscience.org/resource/CHEMINF_000087	http://purl.obolibrary.org/obo/IAO_0000030
S	http://semanticscience.org/resource/CHEMINF_000087	http://semanticscience.org/resource/CHEMINF_000017
S	http://semanticscience.org/resource/CHEMINF_000087	http://semanticscience.org/resource/CHEMINF_000123
S	http://semanticscience.org/resource/CHEMINF_000087	http://www.ifomis.org/bfo/1.1#Entity
S	http://semanticscience.org/resource/CHEMINF_000087	http://www.ifomis.org/bfo/1.1/snap#Continuant
S	http://semanticscience.org/resource/CHEMINF_000087	http://www.ifomis.org/bfo/1.1/snap#DependentContinuant
S	http://semanticscience.org/resource/CHEMINF_000087	http://www.ifomis.org/bfo/1.1/snap#GenericallyDependentContinuant
S	http://semanticscience.org/resource/CHEMINF_000088	http://purl.obolibrary.org/obo/IAO_0000027
S	http://semanticscience.org/resource/CHEMINF_000088	http://purl.obolibrary.org/obo/IAO_0000030
S	http://semanticscience.org/resource/CHEMINF_000088	http://semanticscience.org/resource/CHEMINF_000017
S	http://semanticscience.org/resource/CHEMINF_000088	http://semanticscience.org/resource/CHEMINF_000025
S	http://semanticscience.org/resource/CHEMINF_000088	http://semanticscience.org/resource/CHEMINF_000065
S	http://semanticscience.org/resource/CHEMINF_000088	http://semanticscience.org/resource/CHEMINF_000066
S	http://semanticscience.org/resource/CHEMINF_000088	http://semanticscience.org/resource/CHEMINF_000083
S	http://semanticscience.org/resource/CHEMINF_000088	http://semanticscience.org/resource/CHEMINF_000123
S	http://semanticscience.org/resource/CHEMINF_000088	http://www.ifomis.org/bfo/1.1#Entity
S	http://semanticscience.org/resource/CHEMINF_000088	http://www.ifomis.org/bfo/1.1/snap#Continuant
S	http://semanticscience.org/resource/CHEMINF_000088	http://www.ifomis.org/bfo/1.1/snap#DependentContinuant
S	http://semanticscience.org/resource/CHEMINF_000088	http://www.ifomis.org/bfo/1.1/snap#GenericallyDependentContinuant
S	http://semanticscience.org/resource/CHEMINF_000090	http://purl.obolibrary.org/obo/IAO_0000027
S	http://semanticscience.org/resource/CHEMINF_000090	http://purl.obolibrary.org/obo/IAO_0000030
S	http://semanticscience.org/resource/CHEMINF_000090	http://semanticscience.org/resource/CHEMINF_000017
S	http://semanticscience.org/resource/CHEMINF_000090	http://semanticscience.org/resource/CHEMINF_000123
S	http://semanticscience.org/resource/CHEMINF_000090	http://semanticscience.org/resource/CHEMINF_000136
S	http://semanticscience.org/resource/CHEMINF_000090	http://semanticscience.org/resource/CHEMINF_000209
S	http://semanticscience.org/resource/CHEMINF_000090	http://www.ifomis.org/bfo/1.1#Entity
S	http://semanticscience.org/resource/CHEMINF_000090	http://www.ifomis.org/bfo/1.1/snap#Continuant
S	http://semanticscience.org/resource/CHEMINF_000090	http://www.ifomis.org/bfo/1.1/snap#DependentContinuant
S	http://semanticscience.org/resource/CHEMINF_000090	http://www.ifomis.org/bfo/1.1/snap#GenericallyDependentContinuant
S	http://semanticscience.org/resource/CHEMINF_000091	http://semanticscience.org/resource/CHEMINF_000031
S	http://semanticscience.org/resource/CHEMINF_000091	http://semanticscience.org/resource/CHEMINF_000086
S	http://semanticscience.org/resource/CHEMINF_000091	http://www.ifomis.org/bfo/1.1#Entity
S	http://semanticscience.org/resource/CHEMINF_000091	http://www.ifomis.org/bfo/1.1/snap#Continuant
S	http://semanticscience.org/resource/CHEMINF_000091	http://www.ifomis.org/bfo/1.1/snap#DependentContinuant
S	http://semanticscience.org/resource/CHEMINF_000091	http://www.ifomis.org/bfo/1.1/snap#Quality
S	http://semanticscience.org/resource/CHEMINF_000091	http://www.ifomis.org/bfo/1.1/snap#SpecificallyDependentContinuant
S	http://semanticscience.org/resource/CHEMINF_000092	http://purl.obolibrary.org/obo/IAO_0000027
S	http://semanticscience.org/resource/CHEMINF_000092	http://purl.obolibrary.org/obo/IAO_0000030
S	http://semanticscience.org/resource/CHEMINF_000092	http://semanticscience.org/resource/CHEMINF_000017
S	http://semanticscience.org/resource/CHEMINF_000092	http://semanticscience.org/resource/CHEMINF_000123
S	http://semanticscience.org/resource/CHEMINF_000092	http://www.ifomis.org/bfo/1.1#Entity
S	http://semanticscience.org/resource/CHEMINF_000092	http://www.ifomis.org/bfo/1.1/snap#Continuant
S	http://semanticscience.org/resource/CHEMINF_000092	http://www.ifomis.org/bfo/1.1/snap#DependentContinuant
S	http://semanticscience.org/resource/CHEMINF_000092	http://www.ifomis.org/bfo/1.1/snap#GenericallyDependentContinuant
S	http://semanticscience.org/resource/CHEMINF_000093	http://purl.obolibrary.org/obo/IAO_0000027
S	http://semanticscience.org/resource/CHEMINF_000093	http://purl.obolibrary.org/obo/IAO_0000030
S	http://semanticscience.org/resource/CHEMINF_000093	http://semanticscience.org/resource/CHEMINF_000017
S	http://semanticscience.org/resource/CHEMINF_000093	http://semanticscience.org/resource/CHEMINF_000123
S	http://semanticscience.org/resource/CHEMINF_000093	http://www.ifomis.org/bfo/1.1#Entity
S	http://semanticscience.org/resource/CHEMINF_000093	http://www.ifomis.org/bfo/1.1/snap#Continuant
S	http://semanticscience.org/resource/CHEMINF_000093	http://www.ifomis.org/bfo/1.1/snap#DependentContinuant
S	http://semanticscience.org/resource/CHEMINF_000093	http://www.ifomis.org/bfo/1.1/snap#GenericallyDependentContinuant
S	http://semanticscience.org/resource/CHEMINF_000094	http://purl.obolibrary.org/obo/IAO_0000027
S	http://semanticscience.org/resource/CHEMINF_000094	http://purl.obolibrary.org/obo/IAO_0000030
S	http://semanticscience.org/resource/CHEMINF_000094	http://semanticscience.org/resource/CHEMINF_000017
S	http://semanticscience.org/resource/CHEMINF_000094	http://semanticscience.org/resource/CHEMINF_000087
S	http://semanticscience.org/resource/CHEMINF_000094	http://semanticscience.org/resource/CHEMINF_000123
S	http://semanticscience.org/resource/CHEMINF_000094	http://www.ifomis.org/bfo/1.1#Entity
S	http://semanticscience.org/resource/CHEMINF_000094	http://www.ifomis.org/bfo/1.1/snap#Continuant
S	http://semanticscience.org/resource/CHEMINF_000094	http://www.ifomis.org/bfo/1.1/snap#DependentContinuant
S	http://semanticscience.org/resource/CHEMINF_000094	http://www.ifomis.org/bfo/1.1/snap#GenericallyDependentContinuant
S	http://semanticscience.org/resource/CHEMINF_000095	http://purl.obolibrary.org/obo/IAO_0000027
S	http://semanticscience.org/resource/CHEMINF_000095	http://purl.obolibrary.org/obo/IAO_0000030
S	http://semanticscience.org/resource/CHEMINF_000095	http://semanticscience.org/resource/CHEMINF_000017
S	http://semanticscience.org/resource/CHEMINF_000095	http://semanticscience.org/resource/CHEMINF_000087
S	http://semanticscience.org/resource/CHEMINF_000095	http://semanticscience.org/resource/CHEMINF_000123
S	http://semanticscience.org/resource/CHEMINF_000095	http://www.ifomis.org/bfo/1.1#Entity
S	http://semanticscience.org/resource/CHEMINF_000095	http://www.ifomis.org/bfo/1.1/snap#Continuant
S	http://semanticscience.org/resource/CHEMINF_000095	http://www.ifomis.org/bfo/1.1/snap#DependentContinuant
S	http://semanticscience.org/resource/CHEMINF_000095	http://www.ifomis.org/bfo/1.1/snap#GenericallyDependentContinuant
S	http://semanticscience.org/resource/CHEMINF_000096	http://purl.obolibrary.org/obo/IAO_0000027
S	http://semanticscience.org/resource/CHEMINF_000096	http://purl.obolibrary.org/obo/IAO_0000030
S	http://semanticscience.org/resource/CHEMINF_000096	http://semanticscience.org/resource/CHEMINF_000017
S	http://semanticscience.org/resource/CHEMINF_000096	http://semanticscience.org/resource/CHEMINF_000087
S	http://semanticscience.org/resource/CHEMINF_000096	http://semanticscience.org/resource/CHEMINF_000123
S	http://semanticscience.org/resource/CHEMINF_000096	http://www.ifomis.org/bfo/1.1#Entity
S	http://semanticscience.org/resource/CHEMINF_000096	http://www.ifomis.org/bfo/1.1/snap#Continuant
S	http://semanticscience.org/resource/CHEMINF_000096	http://www.ifomis.org/bfo/1.1/snap#DependentContinuant
S	http://semanticscience.org/resource/CHEMINF_000096	http://www.ifomis.org/bfo/1.1/snap#GenericallyDependentContinuant
S	http://semanticscience.org/resource/CHEMINF_000097	http://purl.obolibrary.org/obo/IAO_0000027
S	http://semanticscience.org/resource/CHEMINF_000097	http://purl.obolibrary.org/obo/IAO_0000030
S	http://semanticscience.org/resource/CHEMINF_000097	http://semanticscience.org/resource/CHEMINF_000017
S	http://semanticscience.org/resource/CHEMINF_000097	http://semanticscience.org/resource/CHEMINF_000087
S	http://semanticscience.org/resource/CHEMINF_000097	http://semanticscience.org/resource/CHEMINF_000094
S	http://semanticscience.org/resource/CHEMINF_000097	http://semanticscience.org/resource/CHEMINF_000123
S	http://semanticscience.org/resource/CHEMINF_000097	http://www.ifomis.org/bfo/1.1#Entity
S	http://semanticscience.org/resource/CHEMINF_000097	http://www.ifomis.org/bfo/1.1/snap#Continuant
S	http://semanticscience.org/resource/CHEMINF_000097	http://www.ifomis.org/bfo/1.1/snap#DependentContinuant
S	http://semanticscience.org/resource/CHEMINF_000097	http://www.ifomis.org/bfo/1.1/snap#GenericallyDependentContinuant
S	http://semanticscience.org/resource/CHEMINF_000098	http://semanticscience.org/resource/CHEMINF_000031
S	http://semanticscience.org/resource/CHEMINF_000098	http://semanticscience.org/resource/CHEMINF_000086
S	http://semanticscience.org/resource/CHEMINF_000098	http://www.ifomis.org/bfo/1.1#Entity
S	http://semanticscience.org/resource/CHEMINF_000098	http://www.ifomis.org/bfo/1.1/snap#Continuant
S	http://semanticscience.org/resource/CHEMINF_000098	http://www.ifomis.org/bfo/1.1/snap#DependentContinuant
S	http://semanticscience.org/resource/CHEMINF_000098	http://www.ifomis.org/bfo/1.1/snap#Quality
S	http://semanticscience.org/resource/CHEMINF_000098	http://www.ifomis.org/bfo/1.1/snap#SpecificallyDependentContinuant
S	http://semanticscience.org/resource/CHEMINF_000099	http://purl.obolibrary.org/obo/IAO_0000027
S	http://semanticscience.org/resource/CHEMINF_000099	http://purl.obolibrary.org/obo/IAO_0000030
S	http://semanticscience.org/resource/CHEMINF_000099	http://semanticscience.org/resource/CHEMINF_000017
S	http://semanticscience.org/resource/CHEMINF_000099	http://semanticscience.org/resource/CHEMINF_000087
S	http://semanticscience.org/resource/CHEMINF_000099	http://semanticscience.org/resource/CHEMINF_000094
S	http://semanticscience.org/resource/CHEMINF_000099	http://semanticscience.org/resource/CHEMINF_000123
S	http://semanticscience.org/resource/CHEMINF_000099	http://www.ifomis.org/bfo/1.1#Entity
S	http://semanticscience.org/resource/CHEMINF_000099	http://www.ifomis.org/bfo/1.1/snap#Continuant
S	http://semanticscience.org/resource/CHEMINF_000099	http://www.ifomis.org/bfo/1.1/snap#DependentContinuant
S	http://semanticscience.org/resource/CHEMINF_000099	http://www.ifomis.org/bfo/1.1/snap#GenericallyDependentContinuant
S	http://semanticscience.org/resource/CHEMINF_000100	http://purl.obolibrary.org/obo/IAO_0000030
S	http://semanticscience.org/resource/CHEMINF_000100	http://purl.obolibrary.org/obo/IAO_0000033
S	http://semanticscience.org/resource/CHEMINF_000100	http://purl.obolibrary.org/obo/IAO_0000098
S	http://semanticscience.org/resource/CHEMINF_000100	http://semanticscience.org/resource/CHEMINF_000014
S	http://semanticscience.org/resource/CHEMINF_000100	http://semanticscience.org/resource/CHEMINF_000022
S	http://semanticscience.org/resource/CHEMINF_000100	http://semanticscience.org/resource/CHEMINF_000035
S	http://semanticscience.org/resource/CHEMINF_000100	http://www.ifomis.org/bfo/1.1#Entity
S	http://semanticscience.org/resource/CHEMINF_000100	http://www.ifomis.org/bfo/1.1/snap#Continuant
S	http://semanticscience.org/resource/CHEMINF_000100	http://www.ifomis.org/bfo/1.1/snap#DependentContinuant
S	http://semanticscience.org/resource/CHEMINF_000100	http://www.ifomis.org/bfo/1.1/snap#GenericallyDependentContinuant
S	http://semanticscience.org/resource/CHEMINF_000101	http://semanticscience.org/resource/CHEMINF_000086
S	http://semanticscience.org/resource/CHEMINF_000101	http://www.ifomis.org/bfo/1.1#Entity
S	http://semanticscience.org/resource/CHEMINF_000101	http://www.ifomis.org/bfo/1.1/snap#Continuant
S	http://semanticscience.org/resource/CHEMINF_000101	http://www.ifomis.org/bfo/1.1/snap#DependentContinuant
S	http://semanticscience.org/resource/CHEMINF_000101	http://www.ifomis.org/bfo/1.1/snap#Quality
S	http://semanticscience.org/resource/CHEMINF_000101	http://www.ifomis.org/bfo/1.1/snap#SpecificallyDependentContinuant
S	http://semanticscience.org/resource/CHEMINF_000102	http://semanticscience.org/resource/CHEMINF_000086
S	http://semanticscience.org/resource/CHEMINF_000102	http://semanticscience.org/resource/CHEMINF_000101
S	http://semanticscience.org/resource/CHEMINF_000102	http://www.ifomis.org/bfo/1.1#Entity
S	http://semanticscience.org/resource/CHEMINF_000102	http://www.ifomis.org/bfo/1.1/snap#Continuant
S	http://semanticscience.org/resource/CHEMINF_000102	http://www.ifomis.org/bfo/1.1/snap#DependentContinuant
S	http://semanticscience.org/resource/CHEMINF_000102	http://www.ifomis.org/bfo/1.1/snap#Quality
S	http://semanticscience.org/resource/CHEMINF_000102	http://www.ifomis.org/bfo/1.1/snap#SpecificallyDependentContinuant
S	http://semanticscience.org/resource/CHEMINF_000105	http://purl.obolibrary.org/obo/IAO_0000027
S	http://semanticscience.org/resource/CHEMINF_000105	http://purl.obolibrary.org/obo/IAO_0000030
S	http://semanticscience.org/resource/CHEMINF_000105	http://semanticscience.org/resource/CHEMINF_000017
S	http://semanticscience.org/resource/CHEMINF_000105	http://semanticscience.org/resource/CHEMINF_000085
S	http://semanticscience.org/resource/CHEMINF_000105	http://semanticscience.org/resource/CHEMINF_000123
S	http://semanticscience.org/resource/CHEMINF_000105	http://www.ifomis.org/bfo/1.1#Entity
S	http://semanticscience.org/resource/CHEMINF_000105	http://www.ifomis.org/bfo/1.1/snap#Continuant
S	http://semanticscience.org/resource/CHEMINF_000105	http://www.ifomis.org/bfo/1.1/snap#DependentContinuant
S	http://semanticscience.org/resource/CHEMINF_000105	http://www.ifomis.org/bfo/1.1/snap#GenericallyDependentContinuant
S	http://semanticscience.org/resource/CHEMINF_000106	http://purl.obolibrary.org/obo/IAO_0000027
S	http://semanticscience.org/resource/CHEMINF_000106	http://purl.obolibrary.org/obo/IAO_0000030
S	http://semanticscience.org/resource/CHEMINF_000106	http://semanticscience.org/resource/CHEMINF_000017
S	http://semanticscience.org/resource/CHEMINF_000106	http://semanticscience.org/resource/CHEMINF_000043
S	http://semanticscience.org/resource/CHEMINF_000106	http://semanticscience.org/resource/CHEMINF_000061
S	http://semanticscience.org/resource/CHEMINF_000106	http://semanticscience.org/resource/CHEMINF_000065
S	http://semanticscience.org/resource/CHEMINF_000106	http://semanticscience.org/resource/CHEMINF_000123
S	http://semanticscience.org/resource/CHEMINF_000106	http://www.ifomis.org/bfo/1.1#Entity
S	http://semanticscience.org/resource/CHEMINF_000106	http://www.ifomis.org/bfo/1.1/snap#Continuant
S	http://semanticscience.org/resource/CHEMINF_000106	http://www.ifomis.org/bfo/1.1/snap#DependentContinuant
S	http://semanticscience.org/resource/CHEMINF_000106	http://www.ifomis.org/bfo/1.1/snap#GenericallyDependentContinuant
S	http://semanticscience.org/resource/CHEMINF_000107	http://purl.obolibrary.org/obo/IAO_0000027
S	http://semanticscience.org/resource/CHEMINF_000107	http://purl.obolibrary.org/obo/IAO_0000030
S	http://semanticscience.org/resource/CHEMINF_000107	http://semanticscience.org/resource/CHEMINF_000017
S	http://semanticscience.org/resource/CHEMINF_000107	http://semanticscience.org/resource/CHEMINF_000043
S	http://semanticscience.org/resource/CHEMINF_000107	http://semanticscience.org/resource/CHEMINF_000061
S	http://semanticscience.org/resource/CHEMINF_000107	http://semanticscience.org/resource/CHEMINF_000065
S	http://semanticscience.org/resource/CHEMINF_000107	http://semanticscience.org/resource/CHEMINF_000106
S	http://semanticscience.org/resource/CHEMINF_000107	http://semanticscience.org/resource/CHEMINF_000123
S	http://semanticscience.org/resource/CHEMINF_000107	http://www.ifomis.org/bfo/1.1#Entity
S	http://semanticscience.org/resource/CHEMINF_000107	http://www.ifomis.org/bfo/1.1/snap#Continuant
S	http://semanticscience.org/resource/CHEMINF_000107	http://www.ifomis.org/bfo/1.1/snap#DependentContinuant
S	http://semanticscience.org/resource/CHEMINF_000107	http://www.ifomis.org/bfo/1.1/snap#GenericallyDependentContinuant
S	http://semanticscience.org/resource/CHEMINF_000108	http://semanticscience.org/resource/CHEMINF_000031
S	http://semanticscience.org/resource/CHEMINF_000108	http://semanticscience.org/resource/CHEMINF_000086
S	http://semanticscience.org/resource/CHEMINF_000108	http://www.ifomis.org/bfo/1.1#Entity
S	http://semanticscience.org/resource/CHEMINF_000108	http://www.ifomis.org/bfo/1.1/snap#Continuant
S	http://semanticscience.org/resource/CHEMINF_000108	http://www.ifomis.org/bfo/1.1/snap#DependentContinuant
S	http://semanticscience.org/resource/CHEMINF_000108	http://www.ifomis.org/bfo/1.1/snap#Quality
S	http://semanticscience.org/resource/CHEMINF_000108	http://www.ifomis.org/bfo/1.1/snap#SpecificallyDependentContinuant
S	http://semanticscience.org/resource/CHEMINF_000109	http://purl.obolibrary.org/obo/IAO_0000027
S	http://semanticscience.org/resource/CHEMINF_000109	http://purl.obolibrary.org/obo/IAO_0000030
S	http://semanticscience.org/resource/CHEMINF_000109	http://semanticscience.org/resource/CHEMINF_000017
S	http://semanticscience.org/resource/CHEMINF_000109	http://semanticscience.org/resource/CHEMINF_000043
S	http://semanticscience.org/resource/CHEMINF_000109	http://semanticscience.org/resource/CHEMINF_000061
S	http://semanticscience.org/resource/CHEMINF_000109	http://semanticscience.org/resource/CHEMINF_000065
S	http://semanticscience.org/resource/CHEMINF_000109	http://semanticscience.org/resource/CHEMINF_000123
S	http://semanticscience.org/resource/CHEMINF_000109	http://www.ifomis.org/bfo/1.1#Entity
S	http://semanticscience.org/resource/CHEMINF_000109	http://www.ifomis.org/bfo/1.1/snap#Continuant
S	http://semanticscience.org/resource/CHEMINF_000109	http://www.ifomis.org/bfo/1.1/snap#DependentContinuant
S	http://semanticscience.org/resource/CHEMINF_000109	http://www.ifomis.org/bfo/1.1/snap#GenericallyDependentContinuant
S	http://semanticscience.org/resource/CHEMINF_000110	http://purl.obolibrary.org/obo/IAO_0000027
S	http://semanticscience.org/resource/CHEMINF_000110	http://purl.obolibrary.org/obo/IAO_0000030
S	http://semanticscience.org/resource/CHEMINF_000110	http://semanticscience.org/resource/CHEMINF_000017
S	http://semanticscience.org/resource/CHEMINF_000110	http://semanticscience.org/resource/CHEMINF_000065
S	http://semanticscience.org/resource/CHEMINF_000110	http://semanticscience.org/resource/CHEMINF_000085
S	http://semanticscience.org/resource/CHEMINF_000110	http://semanticscience.org/resource/CHEMINF_000123
S	http://semanticscience.org/resource/CHEMINF_000110	http://www.ifomis.org/bfo/1.1#Entity
S	http://semanticscience.org/resource/CHEMINF_000110	http://www.ifomis.org/bfo/1.1/snap#Continuant
S	http://semanticscience.org/resource/CHEMINF_000110	http://www.ifomis.org/bfo/1.1/snap#DependentContinuant
S	http://semanticscience.org/resource/CHEMINF_000110	http://www.ifomis.org/bfo/1.1/snap#GenericallyDependentContinuant
S	http://semanticscience.org/resource/CHEMINF_000111	http://purl.obolibrary.org/obo/IAO_0000030
S	http://semanticscience.org/resource/CHEMINF_000111	http://purl.obolibrary.org/obo/IAO_0000033
S	http://semanticscience.org/resource/CHEMINF_000111	http://purl.obolibrary.org/obo/IAO_0000098
S	http://semanticscience.org/resource/CHEMINF_000111	http://semanticscience.org/resource/CHEMINF_000014
S	http://semanticscience.org/resource/CHEMINF_000111	http://semanticscience.org/resource/CHEMINF_000022
S	http://semanticscience.org/resource/CHEMINF_000111	http://semanticscience.org/resource/CHEMINF_000035
S	http://semanticscience.org/resource/CHEMINF_000111	http://www.ifomis.org/bfo/1.1#Entity
S	http://semanticscience.org/resource/CHEMINF_000111	http://www.ifomis.org/bfo/1.1/snap#Continuant
S	http://semanticscience.org/resource/CHEMINF_000111	http://www.ifomis.org/bfo/1.1/snap#DependentContinuant
S	http://semanticscience.org/resource/CHEMINF_000111	http://www.ifomis.org/bfo/1.1/snap#GenericallyDependentContinuant
S	http://semanticscience.org/resource/CHEMINF_000112	http://purl.obolibrary.org/obo/IAO_0000027
S	http://semanticscience.org/resource/CHEMINF_000112	http://purl.obolibrary.org/obo/IAO_0000030
S	http://semanticscience.org/resource/CHEMINF_000112	http://semanticscience.org/resource/CHEMINF_000017
S	http://semanticscience.org/resource/CHEMINF_000112	http://semanticscience.org/resource/CHEMINF_000064
S	http://semanticscience.org/resource/CHEMINF_000112	http://semanticscience.org/resource/CHEMINF_000065
S	http://semanticscience.org/resource/CHEMINF_000112	http://semanticscience.org/resource/CHEMINF_000123
S	http://semanticscience.org/resource/CHEMINF_000112	http://www.ifomis.org/bfo/1.1#Entity
S	http://semanticscience.org/resource/CHEMINF_000112	http://www.ifomis.org/bfo/1.1/snap#Continuant
S	http://semanticscience.org/resource/CHEMINF_000112	http://www.ifomis.org/bfo/1.1/snap#DependentContinuant
S	http://semanticscience.org/resource/CHEMINF_000112	http://www.ifomis.org/bfo/1.1/snap#GenericallyDependentContinuant
S	http://semanticscience.org/resource/CHEMINF_000113	http://purl.obolibrary.org/obo/IAO_0000027
S	http://semanticscience.org/resource/CHEMINF_000113	http://purl.obolibrary.org/obo/IAO_0000030
S	http://semanticscience.org/resource/CHEMINF_000113	http://semanticscience.org/resource/CHEMINF_000017
S	http://semanticscience.org/resource/CHEMINF_000113	http://semanticscience.org/resource/CHEMINF_000065
S	http://semanticscience.org/resource/CHEMINF_000113	http://semanticscience.org/resource/CHEMINF_000085
S	http://semanticscience.org/resource/CHEMINF_000113	http://semanticscience.org/resource/CHEMINF_000123
S	http://semanticscience.org/resource/CHEMINF_000113	http://www.ifomis.org/bfo/1.1#Entity
S	http://semanticscience.org/resource/CHEMINF_000113	http://www.ifomis.org/bfo/1.1/snap#Continuant
S	http://semanticscience.org/resource/CHEMINF_000113	http://www.ifomis.org/bfo/1.1/snap#DependentContinuant
S	http://semanticscience.org/resource/CHEMINF_000113	http://www.ifomis.org/bfo/1.1/snap#GenericallyDependentContinuant
S	http://semanticscience.org/resource/CHEMINF_000114	http://purl.obolibrary.org/obo/IAO_0000027
S	http://semanticscience.org/resource/CHEMINF_000114	http://purl.obolibrary.org/obo/IAO_0000030
S	http://semanticscience.org/resource/CHEMINF_000114	http://semanticscience.org/resource/CHEMINF_000017
S	http://semanticscience.org/resource/CHEMINF_000114	http://semanticscience.org/resource/CHEMINF_000065
S	http://semanticscience.org/resource/CHEMINF_000114	http://semanticscience.org/resource/CHEMINF_000085
S	http://semanticscience.org/resource/CHEMINF_000114	http://semanticscience.org/resource/CHEMINF_000123
S	http://semanticscience.org/resource/CHEMINF_000114	http://www.ifomis.org/bfo/1.1#Entity
S	http://semanticscience.org/resource/CHEMINF_000114	http://www.ifomis.org/bfo/1.1/snap#Continuant
S	http://semanticscience.org/resource/CHEMINF_000114	http://www.ifomis.org/bfo/1.1/snap#DependentContinuant
S	http://semanticscience.org/resource/CHEMINF_000114	http://www.ifomis.org/bfo/1.1/snap#GenericallyDependentContinuant
S	http://semanticscience.org/resource/CHEMINF_000115	http://semanticscience.org/resource/CHEMINF_000031
S	http://semanticscience.org/resource/CHEMINF_000115	http://semanticscience.org/resource/CHEMINF_000086
S	http://semanticscience.org/resource/CHEMINF_000115	http://www.ifomis.org/bfo/1.1#Entity
S	http://semanticscience.org/resource/CHEMINF_000115	http://www.ifomis.org/bfo/1.1/snap#Continuant
S	http://semanticscience.org/resource/CHEMINF_000115	http://www.ifomis.org/bfo/1.1/snap#DependentContinuant
S	http://semanticscience.org/resource/CHEMINF_000115	http://www.ifomis.org/bfo/1.1/snap#Quality
S	http://semanticscience.org/resource/CHEMINF_000115	http://www.ifomis.org/bfo/1.1/snap#SpecificallyDependentContinuant
S	http://semanticscience.org/resource/CHEMINF_000116	http://purl.obolibrary.org/obo/IAO_0000027
S	http://semanticscience.org/resource/CHEMINF_000116	http://purl.obolibrary.org/obo/IAO_0000030
S	http://semanticscience.org/resource/CHEMINF_000116	http://semanticscience.org/resource/CHEMINF_000017
S	http://semanticscience.org/resource/CHEMINF_000116	http://semanticscience.org/resource/CHEMINF_000093
S	http://semanticscience.org/resource/CHEMINF_000116	http://semanticscience.org/resource/CHEMINF_000123
S	http://semanticscience.org/resource/CHEMINF_000116	http://www.ifomis.org/bfo/1.1#Entity
S	http://semanticscience.org/resource/CHEMINF_000116	http://www.ifomis.org/bfo/1.1/snap#Continuant
S	http://semanticscience.org/resource/CHEMINF_000116	http://www.ifomis.org/bfo/1.1/snap#DependentContinuant
S	http://semanticscience.org/resource/CHEMINF_000116	http://www.ifomis.org/bfo/1.1/snap#GenericallyDependentContinuant
S	http://semanticscience.org/resource/CHEMINF_000117	http://purl.obolibrary.org/obo/IAO_0000027
S	http://semanticscience.org/resource/CHEMINF_000117	http://purl.obolibrary.org/obo/IAO_0000030
S	http://semanticscience.org/resource/CHEMINF_000117	http://semanticscience.org/resource/CHEMINF_000017
S	http://semanticscience.org/resource/CHEMINF_000117	http://semanticscience.org/resource/CHEMINF_000092
S	http://semanticscience.org/resource/CHEMINF_000117	http://semanticscience.org/resource/CHEMINF_000123
S	http://semanticscience.org/resource/CHEMINF_000117	http://www.ifomis.org/bfo/1.1#Entity
S	http://semanticscience.org/resource/CHEMINF_000117	http://www.ifomis.org/bfo/1.1/snap#Continuant
S	http://semanticscience.org/resource/CHEMINF_000117	http://www.ifomis.org/bfo/1.1/snap#DependentContinuant
S	http://semanticscience.org/resource/CHEMINF_000117	http://www.ifomis.org/bfo/1.1/snap#GenericallyDependentContinuant
S	http://semanticscience.org/resource/CHEMINF_000118	http://purl.obolibrary.org/obo/IAO_0000027
S	http://semanticscience.org/resource/CHEMINF_000118	http://purl.obolibrary.org/obo/IAO_0000030
S	http://semanticscience.org/resource/CHEMINF_000118	http://semanticscience.org/resource/CHEMINF_000017
S	http://semanticscience.org/resource/CHEMINF_000118	http://semanticscience.org/resource/CHEMINF_000065
S	http://semanticscience.org/resource/CHEMINF_000118	http://semanticscience.org/resource/CHEMINF_000087
S	http://semanticscience.org/resource/CHEMINF_000118	http://semanticscience.org/resource/CHEMINF_000123
S	http://semanticscience.org/resource/CHEMINF_000118	http://semanticscience.org/resource/CHEMINF_000131
S	http://semanticscience.org/resource/CHEMINF_000118	http://www.ifomis.org/bfo/1.1#Entity
S	http://semanticscience.org/resource/CHEMINF_000118	http://www.ifomis.org/bfo/1.1/snap#Continuant
S	http://semanticscience.org/resource/CHEMINF_000118	http://www.ifomis.org/bfo/1.1/snap#DependentContinuant
S	http://semanticscience.org/resource/CHEMINF_000118	http://www.ifomis.org/bfo/1.1/snap#GenericallyDependentContinuant
S	http://semanticscience.org/resource/CHEMINF_000119	http://purl.obolibrary.org/obo/IAO_0000027
S	http://semanticscience.org/resource/CHEMINF_000119	http://purl.obolibrary.org/obo/IAO_0000030
S	http://semanticscience.org/resource/CHEMINF_000119	http://semanticscience.org/resource/CHEMINF_000017
S	http://semanticscience.org/resource/CHEMINF_000119	http://semanticscience.org/resource/CHEMINF_000065
S	http://semanticscience.org/resource/CHEMINF_000119	http://semanticscience.org/resource/CHEMINF_000087
S	http://semanticscience.org/resource/CHEMINF_000119	http://semanticscience.org/resource/CHEMINF_000123
S	http://semanticscience.org/resource/CHEMINF_000119	http://semanticscience.org/resource/CHEMINF_000131
S	http://semanticscience.org/resource/CHEMINF_000119	http://www.ifomis.org/bfo/1.1#Entity
S	http://semanticscience.org/resource/CHEMINF_000119	http://www.ifomis.org/bfo/1.1/snap#Continuant
S	http://semanticscience.org/resource/CHEMINF_000119	http://www.ifomis.org/bfo/1.1/snap#DependentContinuant
S	http://semanticscience.org/resource/CHEMINF_000119	http://www.ifomis.org/bfo/1.1/snap#GenericallyDependentContinuant
S	http://semanticscience.org/resource/CHEMINF_000120	http://semanticscience.org/resource/CHEMINF_000031
S	http://semanticscience.org/resource/CHEMINF_000120	http://semanticscience.org/resource/CHEMINF_000086
S	http://semanticscience.org/resource/CHEMINF_000120	http://www.ifomis.org/bfo/1.1#Entity
S	http://semanticscience.org/resource/CHEMINF_000120	http://www.ifomis.org/bfo/1.1/snap#Continuant
S	http://semanticscience.org/resource/CHEMINF_000120	http://www.ifomis.org/bfo/1.1/snap#DependentContinuant
S	http://semanticscience.org/resource/CHEMINF_000120	http://www.ifomis.org/bfo/1.1/snap#Quality
S	http://semanticscience.org/resource/CHEMINF_000120	http://www.ifomis.org/bfo/1.1/snap#SpecificallyDependentContinuant
S	http://semanticscience.org/resource/CHEMINF_000123	http://purl.obolibrary.org/obo/IAO_0000027
S	http://semanticscience.org/resource/CHEMINF_000123	http://purl.obolibrary.org/obo/IAO_0000030
S	http://semanticscience.org/resource/CHEMINF_000123	http://semanticscience.org/resource/CHEMINF_000017
S	http://semanticscience.org/resource/CHEMINF_000123	http://www.ifomis.org/bfo/1.1#Entity
S	http://semanticscience.org/resource/CHEMINF_000123	http://www.ifomis.org/bfo/1.1/snap#Continuant
S	http://semanticscience.org/resource/CHEMINF_000123	http://www.ifomis.org/bfo/1.1/snap#DependentContinuant
S	http://semanticscience.org/resource/CHEMINF_000123	http://www.ifomis.org/bfo/1.1/snap#GenericallyDependentContinuant
S	http://semanticscience.org/resource/CHEMINF_000124	http://purl.org/obo/owl/PATO#PATO_0001708
S	http://semanticscience.org/resource/CHEMINF_000124	http://semanticscience.org/resource/CHEMINF_000031
S	http://semanticscience.org/resource/CHEMINF_000124	http://semanticscience.org/resource/CHEMINF_000086
S	http://semanticscience.org/resource/CHEMINF_000124	http://semanticscience.org/resource/CHEMINF_000211
S	http://semanticscience.org/resource/CHEMINF_000124	http://www.ifomis.org/bfo/1.1#Entity
S	http://semanticscience.org/resource/CHEMINF_000124	http://www.ifomis.org/bfo/1.1/snap#Continuant
S	http://semanticscience.org/resource/CHEMINF_000124	http://www.ifomis.org/bfo/1.1/snap#DependentContinuant
S	http://semanticscience.org/resource/CHEMINF_000124	http://www.ifomis.org/bfo/1.1/snap#Quality
S	http://semanticscience.org/resource/CHEMINF_000124	http://www.ifomis.org/bfo/1.1/snap#SpecificallyDependentContinuant
S	http://semanticscience.org/resource/CHEMINF_000125	http://purl.org/obo/owl/PATO#PATO_0001708
S	http://semanticscience.org/resource/CHEMINF_000125	http://semanticscience.org/resource/CHEMINF_000031
S	http://semanticscience.org/resource/CHEMINF_000125	http://semanticscience.org/resource/CHEMINF_000086
S	http://semanticscience.org/resource/CHEMINF_000125	http://semanticscience.org/resource/CHEMINF_000124
S	http://semanticscience.org/resource/CHEMINF_000125	http://semanticscience.org/resource/CHEMINF_000211
S	http://semanticscience.org/resource/CHEMINF_000125	http://www.ifomis.org/bfo/1.1#Entity
S	http://semanticscience.org/resource/CHEMINF_000125	http://www.ifomis.org/bfo/1.1/snap#Continuant
S	http://semanticscience.org/resource/CHEMINF_000125	http://www.ifomis.org/bfo/1.1/snap#DependentContinuant
S	http://semanticscience.org/resource/CHEMINF_000125	http://www.ifomis.org/bfo/1.1/snap#Quality
S	http://semanticscience.org/resource/CHEMINF_000125	http://www.ifomis.org/bfo/1.1/snap#SpecificallyDependentContinuant
S	http://semanticscience.org/resource/CHEMINF_000126	http://purl.org/obo/owl/PATO#PATO_0001708
S	http://semanticscience.org/resource/CHEMINF_000126	http://semanticscience.org/resource/CHEMINF_000031
S	http://semanticscience.org/resource/CHEMINF_000126	http://semanticscience.org/resource/CHEMINF_000086
S	http://semanticscience.org/resource/CHEMINF_000126	http://semanticscience.org/resource/CHEMINF_000124
S	http://semanticscience.org/resource/CHEMINF_000126	http://semanticscience.org/resource/CHEMINF_000211
S	http://semanticscience.org/resource/CHEMINF_000126	http://www.ifomis.org/bfo/1.1#Entity
S	http://semanticscience.org/resource/CHEMINF_000126	http://www.ifomis.org/bfo/1.1/snap#Continuant
S	http://semanticscience.org/resource/CHEMINF_000126	http://www.ifomis.org/bfo/1.1/snap#DependentContinuant
S	http://semanticscience.org/resource/CHEMINF_000126	http://www.ifomis.org/bfo/1.1/snap#Quality
S	http://semanticscience.org/resource/CHEMINF_000126	http://www.ifomis.org/bfo/1.1/snap#SpecificallyDependentContinuant
S	http://semanticscience.org/resource/CHEMINF_000127	http://purl.org/obo/owl/PATO#PATO_0001708
S	http://semanticscience.org/resource/CHEMINF_000127	http://semanticscience.org/resource/CHEMINF_000031
S	http://semanticscience.org/resource/CHEMINF_000127	http://semanticscience.org/resource/CHEMINF_000086
S	http://semanticscience.org/resource/CHEMINF_000127	http://semanticscience.org/resource/CHEMINF_000124
S	http://semanticscience.org/resource/CHEMINF_000127	http://semanticscience.org/resource/CHEMINF_000125
S	http://semanticscience.org/resource/CHEMINF_000127	http://semanticscience.org/resource/CHEMINF_000211
S	http://semanticscience.org/resource/CHEMINF_000127	http://www.ifomis.org/bfo/1.1#Entity
S	http://semanticscience.org/resource/CHEMINF_000127	http://www.ifomis.org/bfo/1.1/snap#Continuant
S	http://semanticscience.org/resource/CHEMINF_000127	http://www.ifomis.org/bfo/1.1/snap#DependentContinuant
S	http://semanticscience.org/resource/CHEMINF_000127	http://www.ifomis.org/bfo/1.1/snap#Quality
S	http://semanticscience.org/resource/CHEMINF_000127	http://www.ifomis.org/bfo/1.1/snap#SpecificallyDependentContinuant
S	http://semanticscience.org/resource/CHEMINF_000128	http://purl.org/obo/owl/PATO#PATO_0001708
S	http://semanticscience.org/resource/CHEMINF_000128	http://semanticscience.org/resource/CHEMINF_000031
S	http://semanticscience.org/resource/CHEMINF_000128	http://semanticscience.org/resource/CHEMINF_000086
S	http://semanticscience.org/resource/CHEMINF_000128	http://semanticscience.org/resource/CHEMINF_000124
S	http://semanticscience.org/resource/CHEMINF_000128	http://semanticscience.org/resource/CHEMINF_000125
S	http://semanticscience.org/resource/CHEMINF_000128	http://semanticscience.org/resource/CHEMINF_000211
S	http://semanticscience.org/resource/CHEMINF_000128	http://www.ifomis.org/bfo/1.1#Entity
S	http://semanticscience.org/resource/CHEMINF_000128	http://www.ifomis.org/bfo/1.1/snap#Continuant
S	http://semanticscience.org/resource/CHEMINF_000128	http://www.ifomis.org/bfo/1.1/snap#DependentContinuant
S	http://semanticscience.org/resource/CHEMINF_000128	http://www.ifomis.org/bfo/1.1/snap#Quality
S	http://semanticscience.org/resource/CHEMINF_000128	http://www.ifomis.org/bfo/1.1/snap#SpecificallyDependentContinuant
S	http://semanticscience.org/resource/CHEMINF_000129	http://semanticscience.org/resource/CHEMINF_000031
S	http://semanticscience.org/resource/CHEMINF_000129	http://semanticscience.org/resource/CHEMINF_000086
S	http://semanticscience.org/resource/CHEMINF_000129	http://www.ifomis.org/bfo/1.1#Entity
S	http://semanticscience.org/resource/CHEMINF_000129	http://www.ifomis.org/bfo/1.1/snap#Continuant
S	http://semanticscience.org/resource/CHEMINF_000129	http://www.ifomis.org/bfo/1.1/snap#DependentContinuant
S	http://semanticscience.org/resource/CHEMINF_000129	http://www.ifomis.org/bfo/1.1/snap#Quality
S	http://semanticscience.org/resource/CHEMINF_000129	http://www.ifomis.org/bfo/1.1/snap#SpecificallyDependentContinuant
S	http://semanticscience.org/resource/CHEMINF_000130	http://purl.obolibrary.org/obo/IAO_0000027
S	http://semanticscience.org/resource/CHEMINF_000130	http://purl.obolibrary.org/obo/IAO_0000030
S	http://semanticscience.org/resource/CHEMINF_000130	http://semanticscience.org/resource/CHEMINF_000017
S	http://semanticscience.org/resource/CHEMINF_000130	http://semanticscience.org/resource/CHEMINF_000087
S	http://semanticscience.org/resource/CHEMINF_000130	http://semanticscience.org/resource/CHEMINF_000123
S	http://semanticscience.org/resource/CHEMINF_000130	http://www.ifomis.org/bfo/1.1#Entity
S	http://semanticscience.org/resource/CHEMINF_000130	http://www.ifomis.org/bfo/1.1/snap#Continuant
S	http://semanticscience.org/resource/CHEMINF_000130	http://www.ifomis.org/bfo/1.1/snap#DependentContinuant
S	http://semanticscience.org/resource/CHEMINF_000130	http://www.ifomis.org/bfo/1.1/snap#GenericallyDependentContinuant
S	http://semanticscience.org/resource/CHEMINF_000131	http://purl.obolibrary.org/obo/IAO_0000027
S	http://semanticscience.org/resource/CHEMINF_000131	http://purl.obolibrary.org/obo/IAO_0000030
S	http://semanticscience.org/resource/CHEMINF_000131	http://semanticscience.org/resource/CHEMINF_000017
S	http://semanticscience.org/resource/CHEMINF_000131	http://semanticscience.org/resource/CHEMINF_000065
S	http://semanticscience.org/resource/CHEMINF_000131	http://semanticscience.org/resource/CHEMINF_000087
S	http://semanticscience.org/resource/CHEMINF_000131	http://semanticscience.org/resource/CHEMINF_000123
S	http://semanticscience.org/resource/CHEMINF_000131	http://www.ifomis.org/bfo/1.1#Entity
S	http://semanticscience.org/resource/CHEMINF_000131	http://www.ifomis.org/bfo/1.1/snap#Continuant
S	http://semanticscience.org/resource/CHEMINF_000131	http://www.ifomis.org/bfo/1.1/snap#DependentContinuant
S	http://semanticscience.org/resource/CHEMINF_000131	http://www.ifomis.org/bfo/1.1/snap#GenericallyDependentContinuant
S	http://semanticscience.org/resource/CHEMINF_000132	http://purl.obolibrary.org/obo/IAO_0000027
S	http://semanticscience.org/resource/CHEMINF_000132	http://purl.obolibrary.org/obo/IAO_0000030
S	http://semanticscience.org/resource/CHEMINF_000132	http://semanticscience.org/resource/CHEMINF_000017
S	http://semanticscience.org/resource/CHEMINF_000132	http://semanticscience.org/resource/CHEMINF_000060
S	http://semanticscience.org/resource/CHEMINF_000132	http://semanticscience.org/resource/CHEMINF_000093
S	http://semanticscience.org/resource/CHEMINF_000132	http://semanticscience.org/resource/CHEMINF_000123
S	http://semanticscience.org/resource/CHEMINF_000132	http://www.ifomis.org/bfo/1.1#Entity
S	http://semanticscience.org/resource/CHEMINF_000132	http://www.ifomis.org/bfo/1.1/snap#Continuant
S	http://semanticscience.org/resource/CHEMINF_000132	http://www.ifomis.org/bfo/1.1/snap#DependentContinuant
S	http://semanticscience.org/resource/CHEMINF_000132	http://www.ifomis.org/bfo/1.1/snap#GenericallyDependentContinuant
S	http://semanticscience.org/resource/CHEMINF_000133	http://semanticscience.org/resource/CHEMINF_000031
S	http://semanticscience.org/resource/CHEMINF_000133	http://semanticscience.org/resource/CHEMINF_000086
S	http://semanticscience.org/resource/CHEMINF_000133	http://semanticscience.org/resource/CHEMINF_000091
S	http://semanticscience.org/resource/CHEMINF_000133	http://www.ifomis.org/bfo/1.1#Entity
S	http://semanticscience.org/resource/CHEMINF_000133	http://www.ifomis.org/bfo/1.1/snap#Continuant
S	http://semanticscience.org/resource/CHEMINF_000133	http://www.ifomis.org/bfo/1.1/snap#DependentContinuant
S	http://semanticscience.org/resource/CHEMINF_000133	http://www.ifomis.org/bfo/1.1/snap#Quality
S	http://semanticscience.org/resource/CHEMINF_000133	http://www.ifomis.org/bfo/1.1/snap#SpecificallyDependentContinuant
S	http://semanticscience.org/resource/CHEMINF_000134	http://semanticscience.org/resource/CHEMINF_000031
S	http://semanticscience.org/resource/CHEMINF_000134	http://semanticscience.org/resource/CHEMINF_000086
S	http://semanticscience.org/resource/CHEMINF_000134	http://semanticscience.org/resource/CHEMINF_000091
S	http://semanticscience.org/resource/CHEMINF_000134	http://www.ifomis.org/bfo/1.1#Entity
S	http://semanticscience.org/resource/CHEMINF_000134	http://www.ifomis.org/bfo/1.1/snap#Continuant
S	http://semanticscience.org/resource/CHEMINF_000134	http://www.ifomis.org/bfo/1.1/snap#DependentContinuant
S	http://semanticscience.org/resource/CHEMINF_000134	http://www.ifomis.org/bfo/1.1/snap#Quality
S	http://semanticscience.org/resource/CHEMINF_000134	http://www.ifomis.org/bfo/1.1/snap#SpecificallyDependentContinuant
S	http://semanticscience.org/resource/CHEMINF_000135	http://semanticscience.org/resource/CHEMINF_000031
S	http://semanticscience.org/resource/CHEMINF_000135	http://semanticscience.org/resource/CHEMINF_000086
S	http://semanticscience.org/resource/CHEMINF_000135	http://semanticscience.org/resource/CHEMINF_000091
S	http://semanticscience.org/resource/CHEMINF_000135	http://www.ifomis.org/bfo/1.1#Entity
S	http://semanticscience.org/resource/CHEMINF_000135	http://www.ifomis.org/bfo/1.1/snap#Continuant
S	http://semanticscience.org/resource/CHEMINF_000135	http://www.ifomis.org/bfo/1.1/snap#DependentContinuant
S	http://semanticscience.org/resource/CHEMINF_000135	http://www.ifomis.org/bfo/1.1/snap#Quality
S	http://semanticscience.org/resource/CHEMINF_000135	http://www.ifomis.org/bfo/1.1/snap#SpecificallyDependentContinuant
S	http://semanticscience.org/resource/CHEMINF_000136	http://purl.obolibrary.org/obo/IAO_0000027
S	http://semanticscience.org/resource/CHEMINF_000136	http://purl.obolibrary.org/obo/IAO_0000030
S	http://semanticscience.org/resource/CHEMINF_000136	http://semanticscience.org/resource/CHEMINF_000017
S	http://semanticscience.org/resource/CHEMINF_000136	http://semanticscience.org/resource/CHEMINF_000123
S	http://semanticscience.org/resource/CHEMINF_000136	http://www.ifomis.org/bfo/1.1#Entity
S	http://semanticscience.org/resource/CHEMINF_000136	http://www.ifomis.org/bfo/1.1/snap#Continuant
S	http://semanticscience.org/resource/CHEMINF_000136	http://www.ifomis.org/bfo/1.1/snap#DependentContinuant
S	http://semanticscience.org/resource/CHEMINF_000136	http://www.ifomis.org/bfo/1.1/snap#GenericallyDependentContinuant
S	http://semanticscience.org/resource/CHEMINF_000137	http://purl.obolibrary.org/obo/IAO_0000027
S	http://semanticscience.org/resource/CHEMINF_000137	http://purl.obolibrary.org/obo/IAO_0000030
S	http://semanticscience.org/resource/CHEMINF_000137	http://semanticscience.org/resource/CHEMINF_000017
S	http://semanticscience.org/resource/CHEMINF_000137	http://semanticscience.org/resource/CHEMINF_000092
S	http://semanticscience.org/resource/CHEMINF_000137	http://semanticscience.org/resource/CHEMINF_000123
S	http://semanticscience.org/resource/CHEMINF_000137	http://www.ifomis.org/bfo/1.1#Entity
S	http://semanticscience.org/resource/CHEMINF_000137	http://www.ifomis.org/bfo/1.1/snap#Continuant
S	http://semanticscience.org/resource/CHEMINF_000137	http://www.ifomis.org/bfo/1.1/snap#DependentContinuant
S	http://semanticscience.org/resource/CHEMINF_000137	http://www.ifomis.org/bfo/1.1/snap#GenericallyDependentContinuant
S	http://semanticscience.org/resource/CHEMINF_000138	http://purl.obolibrary.org/obo/OBI_0000011
S	http://semanticscience.org/resource/CHEMINF_000138	http://www.ifomis.org/bfo/1.1#Entity
S	http://semanticscience.org/resource/CHEMINF_000138	http://www.ifomis.org/bfo/1.1/span#Occurrent
S	http://semanticscience.org/resource/CHEMINF_000138	http://www.ifomis.org/bfo/1.1/span#Process
S	http://semanticscience.org/resource/CHEMINF_000138	http://www.ifomis.org/bfo/1.1/span#ProcessualEntity
S	http://semanticscience.org/resource/CHEMINF_000139	http://purl.obolibrary.org/obo/IAO_0000010
S	http://semanticscience.org/resource/CHEMINF_000139	http://purl.obolibrary.org/obo/IAO_0000030
S	http://semanticscience.org/resource/CHEMINF_000139	http://purl.obolibrary.org/obo/IAO_0000033
S	http://semanticscience.org/resource/CHEMINF_000139	http://purl.obolibrary.org/obo/IAO_0000104
S	http://semanticscience.org/resource/CHEMINF_000139	http://www.ifomis.org/bfo/1.1#Entity
S	http://semanticscience.org/resource/CHEMINF_000139	http://www.ifomis.org/bfo/1.1/snap#Continuant
S	http://semanticscience.org/resource/CHEMINF_000139	http://www.ifomis.org/bfo/1.1/snap#DependentContinuant
S	http://semanticscience.org/resource/CHEMINF_000139	http://www.ifomis.org/bfo/1.1/snap#GenericallyDependentContinuant
S	http://semanticscience.org/resource/CHEMINF_000140	http://purl.obolibrary.org/obo/IAO_0000027
S	http://semanticscience.org/resource/CHEMINF_000140	http://purl.obolibrary.org/obo/IAO_0000030
S	http://semanticscience.org/resource/CHEMINF_000140	http://semanticscience.org/resource/CHEMINF_000017
S	http://semanticscience.org/resource/CHEMINF_000140	http://semanticscience.org/resource/CHEMINF_000061
S	http://semanticscience.org/resource/CHEMINF_000140	http://semanticscience.org/resource/CHEMINF_000123
S	http://semanticscience.org/resource/CHEMINF_000140	http://www.ifomis.org/bfo/1.1#Entity
S	http://semanticscience.org/resource/CHEMINF_000140	http://www.ifomis.org/bfo/1.1/snap#Continuant
S	http://semanticscience.org/resource/CHEMINF_000140	http://www.ifomis.org/bfo/1.1/snap#DependentContinuant
S	http://semanticscience.org/resource/CHEMINF_000140	http://www.ifomis.org/bfo/1.1/snap#GenericallyDependentContinuant
S	http://semanticscience.org/resource/CHEMINF_000141	http://purl.obolibrary.org/obo/IAO_0000027
S	http://semanticscience.org/resource/CHEMINF_000141	http://purl.obolibrary.org/obo/IAO_0000030
S	http://semanticscience.org/resource/CHEMINF_000141	http://semanticscience.org/resource/CHEMINF_000017
S	http://semanticscience.org/resource/CHEMINF_000141	http://semanticscience.org/resource/CHEMINF_000061
S	http://semanticscience.org/resource/CHEMINF_000141	http://semanticscience.org/resource/CHEMINF_000123
S	http://semanticscience.org/resource/CHEMINF_000141	http://www.ifomis.org/bfo/1.1#Entity
S	http://semanticscience.org/resource/CHEMINF_000141	http://www.ifomis.org/bfo/1.1/snap#Continuant
S	http://semanticscience.org/resource/CHEMINF_000141	http://www.ifomis.org/bfo/1.1/snap#DependentContinuant
S	http://semanticscience.org/resource/CHEMINF_000141	http://www.ifomis.org/bfo/1.1/snap#GenericallyDependentContinuant
S	http://semanticscience.org/resource/CHEMINF_000142	http://purl.obolibrary.org/obo/IAO_0000010
S	http://semanticscience.org/resource/CHEMINF_000142	http://purl.obolibrary.org/obo/IAO_0000030
S	http://semanticscience.org/resource/CHEMINF_000142	http://purl.obolibrary.org/obo/IAO_0000033
S	http://semanticscience.org/resource/CHEMINF_000142	http://purl.obolibrary.org/obo/IAO_0000104
S	http://semanticscience.org/resource/CHEMINF_000142	http://semanticscience.org/resource/CHEMINF_000139
S	http://semanticscience.org/resource/CHEMINF_000142	http://semanticscience.org/resource/CHEMINF_000342
S	http://semanticscience.org/resource/CHEMINF_000142	http://semanticscience.org/resource/CHEMINF_000343
S	http://semanticscience.org/resource/CHEMINF_000142	http://www.ifomis.org/bfo/1.1#Entity
S	http://semanticscience.org/resource/CHEMINF_000142	http://www.ifomis.org/bfo/1.1/snap#Continuant
S	http://semanticscience.org/resource/CHEMINF_000142	http://www.ifomis.org/bfo/1.1/snap#DependentContinuant
S	http://semanticscience.org/resource/CHEMINF_000142	http://www.ifomis.org/bfo/1.1/snap#GenericallyDependentContinuant
S	http://semanticscience.org/resource/CHEMINF_000146	http://purl.obolibrary.org/obo/IAO_0000027
S	http://semanticscience.org/resource/CHEMINF_000146	http://purl.obolibrary.org/obo/IAO_0000030
S	http://semanticscience.org/resource/CHEMINF_000146	http://semanticscience.org/resource/CHEMINF_000017
S	http://semanticscience.org/resource/CHEMINF_000146	http://semanticscience.org/resource/CHEMINF_000060
S	http://semanticscience.org/resource/CHEMINF_000146	http://semanticscience.org/resource/CHEMINF_000065
S	http://semanticscience.org/resource/CHEMINF_000146	http://semanticscience.org/resource/CHEMINF_000093
S	http://semanticscience.org/resource/CHEMINF_000146	http://semanticscience.org/resource/CHEMINF_000123
S	http://semanticscience.org/resource/CHEMINF_000146	http://semanticscience.org/resource/CHEMINF_000229
S	http://semanticscience.org/resource/CHEMINF_000146	http://www.ifomis.org/bfo/1.1#Entity
S	http://semanticscience.org/resource/CHEMINF_000146	http://www.ifomis.org/bfo/1.1/snap#Continuant
S	http://semanticscience.org/resource/CHEMINF_000146	http://www.ifomis.org/bfo/1.1/snap#DependentContinuant
S	http://semanticscience.org/resource/CHEMINF_000146	http://www.ifomis.org/bfo/1.1/snap#GenericallyDependentContinuant
S	http://semanticscience.org/resource/CHEMINF_000147	http://purl.obolibrary.org/obo/OBI_0000011
S	http://semanticscience.org/resource/CHEMINF_000147	http://semanticscience.org/resource/CHEMINF_000138
S	http://semanticscience.org/resource/CHEMINF_000147	http://www.ifomis.org/bfo/1.1#Entity
S	http://semanticscience.org/resource/CHEMINF_000147	http://www.ifomis.org/bfo/1.1/span#Occurrent
S	http://semanticscience.org/resource/CHEMINF_000147	http://www.ifomis.org/bfo/1.1/span#Process
S	http://semanticscience.org/resource/CHEMINF_000147	http://www.ifomis.org/bfo/1.1/span#ProcessualEntity
S	http://semanticscience.org/resource/CHEMINF_000150	http://purl.obolibrary.org/obo/IAO_0000030
S	http://semanticscience.org/resource/CHEMINF_000150	http://purl.obolibrary.org/obo/IAO_0000033
S	http://semanticscience.org/resource/CHEMINF_000150	http://purl.obolibrary.org/obo/IAO_0000098
S	http://semanticscience.org/resource/CHEMINF_000150	http://semanticscience.org/resource/CHEMINF_000014
S	http://semanticscience.org/resource/CHEMINF_000150	http://semanticscience.org/resource/CHEMINF_000020
S	http://semanticscience.org/resource/CHEMINF_000150	http://semanticscience.org/resource/CHEMINF_000022
S	http://semanticscience.org/resource/CHEMINF_000150	http://semanticscience.org/resource/CHEMINF_000035
S	http://semanticscience.org/resource/CHEMINF_000150	http://www.ifomis.org/bfo/1.1#Entity
S	http://semanticscience.org/resource/CHEMINF_000150	http://www.ifomis.org/bfo/1.1/snap#Continuant
S	http://semanticscience.org/resource/CHEMINF_000150	http://www.ifomis.org/bfo/1.1/snap#DependentContinuant
S	http://semanticscience.org/resource/CHEMINF_000150	http://www.ifomis.org/bfo/1.1/snap#GenericallyDependentContinuant
S	http://semanticscience.org/resource/CHEMINF_000151	http://purl.obolibrary.org/obo/IAO_0000030
S	http://semanticscience.org/resource/CHEMINF_000151	http://purl.obolibrary.org/obo/IAO_0000033
S	http://semanticscience.org/resource/CHEMINF_000151	http://purl.obolibrary.org/obo/IAO_0000098
S	http://semanticscience.org/resource/CHEMINF_000151	http://semanticscience.org/resource/CHEMINF_000014
S	http://semanticscience.org/resource/CHEMINF_000151	http://semanticscience.org/resource/CHEMINF_000020
S	http://semanticscience.org/resource/CHEMINF_000151	http://semanticscience.org/resource/CHEMINF_000022
S	http://semanticscience.org/resource/CHEMINF_000151	http://semanticscience.org/resource/CHEMINF_000035
S	http://semanticscience.org/resource/CHEMINF_000151	http://semanticscience.org/resource/CHEMINF_000150
S	http://semanticscience.org/resource/CHEMINF_000151	http://www.ifomis.org/bfo/1.1#Entity
S	http://semanticscience.org/resource/CHEMINF_000151	http://www.ifomis.org/bfo/1.1/snap#Continuant
S	http://semanticscience.org/resource/CHEMINF_000151	http://www.ifomis.org/bfo/1.1/snap#DependentContinuant
S	http://semanticscience.org/resource/CHEMINF_000151	http://www.ifomis.org/bfo/1.1/snap#GenericallyDependentContinuant
S	http://semanticscience.org/resource/CHEMINF_000152	http://purl.obolibrary.org/obo/IAO_0000027
S	http://semanticscience.org/resource/CHEMINF_000152	http://purl.obolibrary.org/obo/IAO_0000030
S	http://semanticscience.org/resource/CHEMINF_000152	http://semanticscience.org/resource/CHEMINF_000017
S	http://semanticscience.org/resource/CHEMINF_000152	http://semanticscience.org/resource/CHEMINF_000060
S	http://semanticscience.org/resource/CHEMINF_000152	http://semanticscience.org/resource/CHEMINF_000065
S	http://semanticscience.org/resource/CHEMINF_000152	http://semanticscience.org/resource/CHEMINF_000093
S	http://semanticscience.org/resource/CHEMINF_000152	http://semanticscience.org/resource/CHEMINF_000123
S	http://semanticscience.org/resource/CHEMINF_000152	http://semanticscience.org/resource/CHEMINF_000146
S	http://semanticscience.org/resource/CHEMINF_000152	http://semanticscience.org/resource/CHEMINF_000229
S	http://semanticscience.org/resource/CHEMINF_000152	http://www.ifomis.org/bfo/1.1#Entity
S	http://semanticscience.org/resource/CHEMINF_000152	http://www.ifomis.org/bfo/1.1/snap#Continuant
S	http://semanticscience.org/resource/CHEMINF_000152	http://www.ifomis.org/bfo/1.1/snap#DependentContinuant
S	http://semanticscience.org/resource/CHEMINF_000152	http://www.ifomis.org/bfo/1.1/snap#GenericallyDependentContinuant
S	http://semanticscience.org/resource/CHEMINF_000153	http://purl.obolibrary.org/obo/IAO_0000027
S	http://semanticscience.org/resource/CHEMINF_000153	http://purl.obolibrary.org/obo/IAO_0000030
S	http://semanticscience.org/resource/CHEMINF_000153	http://semanticscience.org/resource/CHEMINF_000017
S	http://semanticscience.org/resource/CHEMINF_000153	http://semanticscience.org/resource/CHEMINF_000060
S	http://semanticscience.org/resource/CHEMINF_000153	http://semanticscience.org/resource/CHEMINF_000065
S	http://semanticscience.org/resource/CHEMINF_000153	http://semanticscience.org/resource/CHEMINF_000093
S	http://semanticscience.org/resource/CHEMINF_000153	http://semanticscience.org/resource/CHEMINF_000123
S	http://semanticscience.org/resource/CHEMINF_000153	http://semanticscience.org/resource/CHEMINF_000229
S	http://semanticscience.org/resource/CHEMINF_000153	http://www.ifomis.org/bfo/1.1#Entity
S	http://semanticscience.org/resource/CHEMINF_000153	http://www.ifomis.org/bfo/1.1/snap#Continuant
S	http://semanticscience.org/resource/CHEMINF_000153	http://www.ifomis.org/bfo/1.1/snap#DependentContinuant
S	http://semanticscience.org/resource/CHEMINF_000153	http://www.ifomis.org/bfo/1.1/snap#GenericallyDependentContinuant
S	http://semanticscience.org/resource/CHEMINF_000154	http://purl.obolibrary.org/obo/IAO_0000027
S	http://semanticscience.org/resource/CHEMINF_000154	http://purl.obolibrary.org/obo/IAO_0000030
S	http://semanticscience.org/resource/CHEMINF_000154	http://semanticscience.org/resource/CHEMINF_000017
S	http://semanticscience.org/resource/CHEMINF_000154	http://semanticscience.org/resource/CHEMINF_000060
S	http://semanticscience.org/resource/CHEMINF_000154	http://semanticscience.org/resource/CHEMINF_000065
S	http://semanticscience.org/resource/CHEMINF_000154	http://semanticscience.org/resource/CHEMINF_000093
S	http://semanticscience.org/resource/CHEMINF_000154	http://semanticscience.org/resource/CHEMINF_000123
S	http://semanticscience.org/resource/CHEMINF_000154	http://semanticscience.org/resource/CHEMINF_000229
S	http://semanticscience.org/resource/CHEMINF_000154	http://www.ifomis.org/bfo/1.1#Entity
S	http://semanticscience.org/resource/CHEMINF_000154	http://www.ifomis.org/bfo/1.1/snap#Continuant
S	http://semanticscience.org/resource/CHEMINF_000154	http://www.ifomis.org/bfo/1.1/snap#DependentContinuant
S	http://semanticscience.org/resource/CHEMINF_000154	http://www.ifomis.org/bfo/1.1/snap#GenericallyDependentContinuant
S	http://semanticscience.org/resource/CHEMINF_000155	http://purl.obolibrary.org/obo/IAO_0000027
S	http://semanticscience.org/resource/CHEMINF_000155	http://purl.obolibrary.org/obo/IAO_0000030
S	http://semanticscience.org/resource/CHEMINF_000155	http://semanticscience.org/resource/CHEMINF_000017
S	http://semanticscience.org/resource/CHEMINF_000155	http://semanticscience.org/resource/CHEMINF_000060
S	http://semanticscience.org/resource/CHEMINF_000155	http://semanticscience.org/resource/CHEMINF_000065
S	http://semanticscience.org/resource/CHEMINF_000155	http://semanticscience.org/resource/CHEMINF_000093
S	http://semanticscience.org/resource/CHEMINF_000155	http://semanticscience.org/resource/CHEMINF_000123
S	http://semanticscience.org/resource/CHEMINF_000155	http://semanticscience.org/resource/CHEMINF_000229
S	http://semanticscience.org/resource/CHEMINF_000155	http://www.ifomis.org/bfo/1.1#Entity
S	http://semanticscience.org/resource/CHEMINF_000155	http://www.ifomis.org/bfo/1.1/snap#Continuant
S	http://semanticscience.org/resource/CHEMINF_000155	http://www.ifomis.org/bfo/1.1/snap#DependentContinuant
S	http://semanticscience.org/resource/CHEMINF_000155	http://www.ifomis.org/bfo/1.1/snap#GenericallyDependentContinuant
S	http://semanticscience.org/resource/CHEMINF_000156	http://purl.obolibrary.org/obo/IAO_0000027
S	http://semanticscience.org/resource/CHEMINF_000156	http://purl.obolibrary.org/obo/IAO_0000030
S	http://semanticscience.org/resource/CHEMINF_000156	http://semanticscience.org/resource/CHEMINF_000017
S	http://semanticscience.org/resource/CHEMINF_000156	http://semanticscience.org/resource/CHEMINF_000060
S	http://semanticscience.org/resource/CHEMINF_000156	http://semanticscience.org/resource/CHEMINF_000065
S	http://semanticscience.org/resource/CHEMINF_000156	http://semanticscience.org/resource/CHEMINF_000093
S	http://semanticscience.org/resource/CHEMINF_000156	http://semanticscience.org/resource/CHEMINF_000123
S	http://semanticscience.org/resource/CHEMINF_000156	http://semanticscience.org/resource/CHEMINF_000229
S	http://semanticscience.org/resource/CHEMINF_000156	http://www.ifomis.org/bfo/1.1#Entity
S	http://semanticscience.org/resource/CHEMINF_000156	http://www.ifomis.org/bfo/1.1/snap#Continuant
S	http://semanticscience.org/resource/CHEMINF_000156	http://www.ifomis.org/bfo/1.1/snap#DependentContinuant
S	http://semanticscience.org/resource/CHEMINF_000156	http://www.ifomis.org/bfo/1.1/snap#GenericallyDependentContinuant
S	http://semanticscience.org/resource/CHEMINF_000157	http://purl.obolibrary.org/obo/IAO_0000027
S	http://semanticscience.org/resource/CHEMINF_000157	http://purl.obolibrary.org/obo/IAO_0000030
S	http://semanticscience.org/resource/CHEMINF_000157	http://semanticscience.org/resource/CHEMINF_000017
S	http://semanticscience.org/resource/CHEMINF_000157	http://semanticscience.org/resource/CHEMINF_000060
S	http://semanticscience.org/resource/CHEMINF_000157	http://semanticscience.org/resource/CHEMINF_000065
S	http://semanticscience.org/resource/CHEMINF_000157	http://semanticscience.org/resource/CHEMINF_000093
S	http://semanticscience.org/resource/CHEMINF_000157	http://semanticscience.org/resource/CHEMINF_000123
S	http://semanticscience.org/resource/CHEMINF_000157	http://semanticscience.org/resource/CHEMINF_000229
S	http://semanticscience.org/resource/CHEMINF_000157	http://www.ifomis.org/bfo/1.1#Entity
S	http://semanticscience.org/resource/CHEMINF_000157	http://www.ifomis.org/bfo/1.1/snap#Continuant
S	http://semanticscience.org/resource/CHEMINF_000157	http://www.ifomis.org/bfo/1.1/snap#DependentContinuant
S	http://semanticscience.org/resource/CHEMINF_000157	http://www.ifomis.org/bfo/1.1/snap#GenericallyDependentContinuant
S	http://semanticscience.org/resource/CHEMINF_000158	http://purl.obolibrary.org/obo/IAO_0000027
S	http://semanticscience.org/resource/CHEMINF_000158	http://purl.obolibrary.org/obo/IAO_0000030
S	http://semanticscience.org/resource/CHEMINF_000158	http://semanticscience.org/resource/CHEMINF_000017
S	http://semanticscience.org/resource/CHEMINF_000158	http://semanticscience.org/resource/CHEMINF_000060
S	http://semanticscience.org/resource/CHEMINF_000158	http://semanticscience.org/resource/CHEMINF_000065
S	http://semanticscience.org/resource/CHEMINF_000158	http://semanticscience.org/resource/CHEMINF_000093
S	http://semanticscience.org/resource/CHEMINF_000158	http://semanticscience.org/resource/CHEMINF_000123
S	http://semanticscience.org/resource/CHEMINF_000158	http://semanticscience.org/resource/CHEMINF_000229
S	http://semanticscience.org/resource/CHEMINF_000158	http://www.ifomis.org/bfo/1.1#Entity
S	http://semanticscience.org/resource/CHEMINF_000158	http://www.ifomis.org/bfo/1.1/snap#Continuant
S	http://semanticscience.org/resource/CHEMINF_000158	http://www.ifomis.org/bfo/1.1/snap#DependentContinuant
S	http://semanticscience.org/resource/CHEMINF_000158	http://www.ifomis.org/bfo/1.1/snap#GenericallyDependentContinuant
S	http://semanticscience.org/resource/CHEMINF_000159	http://purl.obolibrary.org/obo/IAO_0000027
S	http://semanticscience.org/resource/CHEMINF_000159	http://purl.obolibrary.org/obo/IAO_0000030
S	http://semanticscience.org/resource/CHEMINF_000159	http://semanticscience.org/resource/CHEMINF_000017
S	http://semanticscience.org/resource/CHEMINF_000159	http://semanticscience.org/resource/CHEMINF_000060
S	http://semanticscience.org/resource/CHEMINF_000159	http://semanticscience.org/resource/CHEMINF_000065
S	http://semanticscience.org/resource/CHEMINF_000159	http://semanticscience.org/resource/CHEMINF_000093
S	http://semanticscience.org/resource/CHEMINF_000159	http://semanticscience.org/resource/CHEMINF_000123
S	http://semanticscience.org/resource/CHEMINF_000159	http://semanticscience.org/resource/CHEMINF_000229
S	http://semanticscience.org/resource/CHEMINF_000159	http://www.ifomis.org/bfo/1.1#Entity
S	http://semanticscience.org/resource/CHEMINF_000159	http://www.ifomis.org/bfo/1.1/snap#Continuant
S	http://semanticscience.org/resource/CHEMINF_000159	http://www.ifomis.org/bfo/1.1/snap#DependentContinuant
S	http://semanticscience.org/resource/CHEMINF_000159	http://www.ifomis.org/bfo/1.1/snap#GenericallyDependentContinuant
S	http://semanticscience.org/resource/CHEMINF_000160	http://purl.obolibrary.org/obo/IAO_0000027
S	http://semanticscience.org/resource/CHEMINF_000160	http://purl.obolibrary.org/obo/IAO_0000030
S	http://semanticscience.org/resource/CHEMINF_000160	http://semanticscience.org/resource/CHEMINF_000017
S	http://semanticscience.org/resource/CHEMINF_000160	http://semanticscience.org/resource/CHEMINF_000060
S	http://semanticscience.org/resource/CHEMINF_000160	http://semanticscience.org/resource/CHEMINF_000065
S	http://semanticscience.org/resource/CHEMINF_000160	http://semanticscience.org/resource/CHEMINF_000093
S	http://semanticscience.org/resource/CHEMINF_000160	http://semanticscience.org/resource/CHEMINF_000123
S	http://semanticscience.org/resource/CHEMINF_000160	http://semanticscience.org/resource/CHEMINF_000229
S	http://semanticscience.org/resource/CHEMINF_000160	http://www.ifomis.org/bfo/1.1#Entity
S	http://semanticscience.org/resource/CHEMINF_000160	http://www.ifomis.org/bfo/1.1/snap#Continuant
S	http://semanticscience.org/resource/CHEMINF_000160	http://www.ifomis.org/bfo/1.1/snap#DependentContinuant
S	http://semanticscience.org/resource/CHEMINF_000160	http://www.ifomis.org/bfo/1.1/snap#GenericallyDependentContinuant
S	http://semanticscience.org/resource/CHEMINF_000161	http://purl.obolibrary.org/obo/IAO_0000027
S	http://semanticscience.org/resource/CHEMINF_000161	http://purl.obolibrary.org/obo/IAO_0000030
S	http://semanticscience.org/resource/CHEMINF_000161	http://semanticscience.org/resource/CHEMINF_000017
S	http://semanticscience.org/resource/CHEMINF_000161	http://semanticscience.org/resource/CHEMINF_000060
S	http://semanticscience.org/resource/CHEMINF_000161	http://semanticscience.org/resource/CHEMINF_000065
S	http://semanticscience.org/resource/CHEMINF_000161	http://semanticscience.org/resource/CHEMINF_000093
S	http://semanticscience.org/resource/CHEMINF_000161	http://semanticscience.org/resource/CHEMINF_000123
S	http://semanticscience.org/resource/CHEMINF_000161	http://semanticscience.org/resource/CHEMINF_000229
S	http://semanticscience.org/resource/CHEMINF_000161	http://www.ifomis.org/bfo/1.1#Entity
S	http://semanticscience.org/resource/CHEMINF_000161	http://www.ifomis.org/bfo/1.1/snap#Continuant
S	http://semanticscience.org/resource/CHEMINF_000161	http://www.ifomis.org/bfo/1.1/snap#DependentContinuant
S	http://semanticscience.org/resource/CHEMINF_000161	http://www.ifomis.org/bfo/1.1/snap#GenericallyDependentContinuant
S	http://semanticscience.org/resource/CHEMINF_000162	http://purl.obolibrary.org/obo/IAO_0000027
S	http://semanticscience.org/resource/CHEMINF_000162	http://purl.obolibrary.org/obo/IAO_0000030
S	http://semanticscience.org/resource/CHEMINF_000162	http://semanticscience.org/resource/CHEMINF_000017
S	http://semanticscience.org/resource/CHEMINF_000162	http://semanticscience.org/resource/CHEMINF_000060
S	http://semanticscience.org/resource/CHEMINF_000162	http://semanticscience.org/resource/CHEMINF_000065
S	http://semanticscience.org/resource/CHEMINF_000162	http://semanticscience.org/resource/CHEMINF_000093
S	http://semanticscience.org/resource/CHEMINF_000162	http://semanticscience.org/resource/CHEMINF_000123
S	http://semanticscience.org/resource/CHEMINF_000162	http://semanticscience.org/resource/CHEMINF_000229
S	http://semanticscience.org/resource/CHEMINF_000162	http://www.ifomis.org/bfo/1.1#Entity
S	http://semanticscience.org/resource/CHEMINF_000162	http://www.ifomis.org/bfo/1.1/snap#Continuant
S	http://semanticscience.org/resource/CHEMINF_000162	http://www.ifomis.org/bfo/1.1/snap#DependentContinuant
S	http://semanticscience.org/resource/CHEMINF_000162	http://www.ifomis.org/bfo/1.1/snap#GenericallyDependentContinuant
S	http://semanticscience.org/resource/CHEMINF_000163	http://purl.obolibrary.org/obo/IAO_0000027
S	http://semanticscience.org/resource/CHEMINF_000163	http://purl.obolibrary.org/obo/IAO_0000030
S	http://semanticscience.org/resource/CHEMINF_000163	http://semanticscience.org/resource/CHEMINF_000017
S	http://semanticscience.org/resource/CHEMINF_000163	http://semanticscience.org/resource/CHEMINF_000060
S	http://semanticscience.org/resource/CHEMINF_000163	http://semanticscience.org/resource/CHEMINF_000065
S	http://semanticscience.org/resource/CHEMINF_000163	http://semanticscience.org/resource/CHEMINF_000093
S	http://semanticscience.org/resource/CHEMINF_000163	http://semanticscience.org/resource/CHEMINF_000123
S	http://semanticscience.org/resource/CHEMINF_000163	http://semanticscience.org/resource/CHEMINF_000229
S	http://semanticscience.org/resource/CHEMINF_000163	http://www.ifomis.org/bfo/1.1#Entity
S	http://semanticscience.org/resource/CHEMINF_000163	http://www.ifomis.org/bfo/1.1/snap#Continuant
S	http://semanticscience.org/resource/CHEMINF_000163	http://www.ifomis.org/bfo/1.1/snap#DependentContinuant
S	http://semanticscience.org/resource/CHEMINF_000163	http://www.ifomis.org/bfo/1.1/snap#GenericallyDependentContinuant
S	http://semanticscience.org/resource/CHEMINF_000164	http://purl.obolibrary.org/obo/IAO_0000027
S	http://semanticscience.org/resource/CHEMINF_000164	http://purl.obolibrary.org/obo/IAO_0000030
S	http://semanticscience.org/resource/CHEMINF_000164	http://semanticscience.org/resource/CHEMINF_000017
S	http://semanticscience.org/resource/CHEMINF_000164	http://semanticscience.org/resource/CHEMINF_000060
S	http://semanticscience.org/resource/CHEMINF_000164	http://semanticscience.org/resource/CHEMINF_000065
S	http://semanticscience.org/resource/CHEMINF_000164	http://semanticscience.org/resource/CHEMINF_000093
S	http://semanticscience.org/resource/CHEMINF_000164	http://semanticscience.org/resource/CHEMINF_000123
S	http://semanticscience.org/resource/CHEMINF_000164	http://semanticscience.org/resource/CHEMINF_000229
S	http://semanticscience.org/resource/CHEMINF_000164	http://www.ifomis.org/bfo/1.1#Entity
S	http://semanticscience.org/resource/CHEMINF_000164	http://www.ifomis.org/bfo/1.1/snap#Continuant
S	http://semanticscience.org/resource/CHEMINF_000164	http://www.ifomis.org/bfo/1.1/snap#DependentContinuant
S	http://semanticscience.org/resource/CHEMINF_000164	http://www.ifomis.org/bfo/1.1/snap#GenericallyDependentContinuant
S	http://semanticscience.org/resource/CHEMINF_000165	http://purl.obolibrary.org/obo/IAO_0000027
S	http://semanticscience.org/resource/CHEMINF_000165	http://purl.obolibrary.org/obo/IAO_0000030
S	http://semanticscience.org/resource/CHEMINF_000165	http://semanticscience.org/resource/CHEMINF_000017
S	http://semanticscience.org/resource/CHEMINF_000165	http://semanticscience.org/resource/CHEMINF_000060
S	http://semanticscience.org/resource/CHEMINF_000165	http://semanticscience.org/resource/CHEMINF_000065
S	http://semanticscience.org/resource/CHEMINF_000165	http://semanticscience.org/resource/CHEMINF_000093
S	http://semanticscience.org/resource/CHEMINF_000165	http://semanticscience.org/resource/CHEMINF_000123
S	http://semanticscience.org/resource/CHEMINF_000165	http://semanticscience.org/resource/CHEMINF_000229
S	http://semanticscience.org/resource/CHEMINF_000165	http://www.ifomis.org/bfo/1.1#Entity
S	http://semanticscience.org/resource/CHEMINF_000165	http://www.ifomis.org/bfo/1.1/snap#Continuant
S	http://semanticscience.org/resource/CHEMINF_000165	http://www.ifomis.org/bfo/1.1/snap#DependentContinuant
S	http://semanticscience.org/resource/CHEMINF_000165	http://www.ifomis.org/bfo/1.1/snap#GenericallyDependentContinuant
S	http://semanticscience.org/resource/CHEMINF_000166	http://purl.obolibrary.org/obo/IAO_0000027
S	http://semanticscience.org/resource/CHEMINF_000166	http://purl.obolibrary.org/obo/IAO_0000030
S	http://semanticscience.org/resource/CHEMINF_000166	http://semanticscience.org/resource/CHEMINF_000017
S	http://semanticscience.org/resource/CHEMINF_000166	http://semanticscience.org/resource/CHEMINF_000060
S	http://semanticscience.org/resource/CHEMINF_000166	http://semanticscience.org/resource/CHEMINF_000065
S	http://semanticscience.org/resource/CHEMINF_000166	http://semanticscience.org/resource/CHEMINF_000093
S	http://semanticscience.org/resource/CHEMINF_000166	http://semanticscience.org/resource/CHEMINF_000123
S	http://semanticscience.org/resource/CHEMINF_000166	http://semanticscience.org/resource/CHEMINF_000229
S	http://semanticscience.org/resource/CHEMINF_000166	http://www.ifomis.org/bfo/1.1#Entity
S	http://semanticscience.org/resource/CHEMINF_000166	http://www.ifomis.org/bfo/1.1/snap#Continuant
S	http://semanticscience.org/resource/CHEMINF_000166	http://www.ifomis.org/bfo/1.1/snap#DependentContinuant
S	http://semanticscience.org/resource/CHEMINF_000166	http://www.ifomis.org/bfo/1.1/snap#GenericallyDependentContinuant
S	http://semanticscience.org/resource/CHEMINF_000167	http://purl.obolibrary.org/obo/IAO_0000027
S	http://semanticscience.org/resource/CHEMINF_000167	http://purl.obolibrary.org/obo/IAO_0000030
S	http://semanticscience.org/resource/CHEMINF_000167	http://semanticscience.org/resource/CHEMINF_000017
S	http://semanticscience.org/resource/CHEMINF_000167	http://semanticscience.org/resource/CHEMINF_000060
S	http://semanticscience.org/resource/CHEMINF_000167	http://semanticscience.org/resource/CHEMINF_000065
S	http://semanticscience.org/resource/CHEMINF_000167	http://semanticscience.org/resource/CHEMINF_000093
S	http://semanticscience.org/resource/CHEMINF_000167	http://semanticscience.org/resource/CHEMINF_000123
S	http://semanticscience.org/resource/CHEMINF_000167	http://semanticscience.org/resource/CHEMINF_000229
S	http://semanticscience.org/resource/CHEMINF_000167	http://www.ifomis.org/bfo/1.1#Entity
S	http://semanticscience.org/resource/CHEMINF_000167	http://www.ifomis.org/bfo/1.1/snap#Continuant
S	http://semanticscience.org/resource/CHEMINF_000167	http://www.ifomis.org/bfo/1.1/snap#DependentContinuant
S	http://semanticscience.org/resource/CHEMINF_000167	http://www.ifomis.org/bfo/1.1/snap#GenericallyDependentContinuant
S	http://semanticscience.org/resource/CHEMINF_000168	http://purl.obolibrary.org/obo/IAO_0000027
S	http://semanticscience.org/resource/CHEMINF_000168	http://purl.obolibrary.org/obo/IAO_0000030
S	http://semanticscience.org/resource/CHEMINF_000168	http://semanticscience.org/resource/CHEMINF_000017
S	http://semanticscience.org/resource/CHEMINF_000168	http://semanticscience.org/resource/CHEMINF_000060
S	http://semanticscience.org/resource/CHEMINF_000168	http://semanticscience.org/resource/CHEMINF_000065
S	http://semanticscience.org/resource/CHEMINF_000168	http://semanticscience.org/resource/CHEMINF_000093
S	http://semanticscience.org/resource/CHEMINF_000168	http://semanticscience.org/resource/CHEMINF_000123
S	http://semanticscience.org/resource/CHEMINF_000168	http://semanticscience.org/resource/CHEMINF_000229
S	http://semanticscience.org/resource/CHEMINF_000168	http://www.ifomis.org/bfo/1.1#Entity
S	http://semanticscience.org/resource/CHEMINF_000168	http://www.ifomis.org/bfo/1.1/snap#Continuant
S	http://semanticscience.org/resource/CHEMINF_000168	http://www.ifomis.org/bfo/1.1/snap#DependentContinuant
S	http://semanticscience.org/resource/CHEMINF_000168	http://www.ifomis.org/bfo/1.1/snap#GenericallyDependentContinuant
S	http://semanticscience.org/resource/CHEMINF_000169	http://purl.obolibrary.org/obo/IAO_0000027
S	http://semanticscience.org/resource/CHEMINF_000169	http://purl.obolibrary.org/obo/IAO_0000030
S	http://semanticscience.org/resource/CHEMINF_000169	http://semanticscience.org/resource/CHEMINF_000017
S	http://semanticscience.org/resource/CHEMINF_000169	http://semanticscience.org/resource/CHEMINF_000060
S	http://semanticscience.org/resource/CHEMINF_000169	http://semanticscience.org/resource/CHEMINF_000065
S	http://semanticscience.org/resource/CHEMINF_000169	http://semanticscience.org/resource/CHEMINF_000093
S	http://semanticscience.org/resource/CHEMINF_000169	http://semanticscience.org/resource/CHEMINF_000123
S	http://semanticscience.org/resource/CHEMINF_000169	http://semanticscience.org/resource/CHEMINF_000229
S	http://semanticscience.org/resource/CHEMINF_000169	http://www.ifomis.org/bfo/1.1#Entity
S	http://semanticscience.org/resource/CHEMINF_000169	http://www.ifomis.org/bfo/1.1/snap#Continuant
S	http://semanticscience.org/resource/CHEMINF_000169	http://www.ifomis.org/bfo/1.1/snap#DependentContinuant
S	http://semanticscience.org/resource/CHEMINF_000169	http://www.ifomis.org/bfo/1.1/snap#GenericallyDependentContinuant
S	http://semanticscience.org/resource/CHEMINF_000170	http://purl.obolibrary.org/obo/IAO_0000027
S	http://semanticscience.org/resource/CHEMINF_000170	http://purl.obolibrary.org/obo/IAO_0000030
S	http://semanticscience.org/resource/CHEMINF_000170	http://semanticscience.org/resource/CHEMINF_000017
S	http://semanticscience.org/resource/CHEMINF_000170	http://semanticscience.org/resource/CHEMINF_000060
S	http://semanticscience.org/resource/CHEMINF_000170	http://semanticscience.org/resource/CHEMINF_000065
S	http://semanticscience.org/resource/CHEMINF_000170	http://semanticscience.org/resource/CHEMINF_000093
S	http://semanticscience.org/resource/CHEMINF_000170	http://semanticscience.org/resource/CHEMINF_000123
S	http://semanticscience.org/resource/CHEMINF_000170	http://semanticscience.org/resource/CHEMINF_000229
S	http://semanticscience.org/resource/CHEMINF_000170	http://www.ifomis.org/bfo/1.1#Entity
S	http://semanticscience.org/resource/CHEMINF_000170	http://www.ifomis.org/bfo/1.1/snap#Continuant
S	http://semanticscience.org/resource/CHEMINF_000170	http://www.ifomis.org/bfo/1.1/snap#DependentContinuant
S	http://semanticscience.org/resource/CHEMINF_000170	http://www.ifomis.org/bfo/1.1/snap#GenericallyDependentContinuant
S	http://semanticscience.org/resource/CHEMINF_000171	http://purl.obolibrary.org/obo/IAO_0000027
S	http://semanticscience.org/resource/CHEMINF_000171	http://purl.obolibrary.org/obo/IAO_0000030
S	http://semanticscience.org/resource/CHEMINF_000171	http://semanticscience.org/resource/CHEMINF_000017
S	http://semanticscience.org/resource/CHEMINF_000171	http://semanticscience.org/resource/CHEMINF_000060
S	http://semanticscience.org/resource/CHEMINF_000171	http://semanticscience.org/resource/CHEMINF_000065
S	http://semanticscience.org/resource/CHEMINF_000171	http://semanticscience.org/resource/CHEMINF_000093
S	http://semanticscience.org/resource/CHEMINF_000171	http://semanticscience.org/resource/CHEMINF_000123
S	http://semanticscience.org/resource/CHEMINF_000171	http://semanticscience.org/resource/CHEMINF_000229
S	http://semanticscience.org/resource/CHEMINF_000171	http://www.ifomis.org/bfo/1.1#Entity
S	http://semanticscience.org/resource/CHEMINF_000171	http://www.ifomis.org/bfo/1.1/snap#Continuant
S	http://semanticscience.org/resource/CHEMINF_000171	http://www.ifomis.org/bfo/1.1/snap#DependentContinuant
S	http://semanticscience.org/resource/CHEMINF_000171	http://www.ifomis.org/bfo/1.1/snap#GenericallyDependentContinuant
S	http://semanticscience.org/resource/CHEMINF_000172	http://purl.obolibrary.org/obo/IAO_0000027
S	http://semanticscience.org/resource/CHEMINF_000172	http://purl.obolibrary.org/obo/IAO_0000030
S	http://semanticscience.org/resource/CHEMINF_000172	http://semanticscience.org/resource/CHEMINF_000017
S	http://semanticscience.org/resource/CHEMINF_000172	http://semanticscience.org/resource/CHEMINF_000060
S	http://semanticscience.org/resource/CHEMINF_000172	http://semanticscience.org/resource/CHEMINF_000065
S	http://semanticscience.org/resource/CHEMINF_000172	http://semanticscience.org/resource/CHEMINF_000093
S	http://semanticscience.org/resource/CHEMINF_000172	http://semanticscience.org/resource/CHEMINF_000123
S	http://semanticscience.org/resource/CHEMINF_000172	http://semanticscience.org/resource/CHEMINF_000229
S	http://semanticscience.org/resource/CHEMINF_000172	http://www.ifomis.org/bfo/1.1#Entity
S	http://semanticscience.org/resource/CHEMINF_000172	http://www.ifomis.org/bfo/1.1/snap#Continuant
S	http://semanticscience.org/resource/CHEMINF_000172	http://www.ifomis.org/bfo/1.1/snap#DependentContinuant
S	http://semanticscience.org/resource/CHEMINF_000172	http://www.ifomis.org/bfo/1.1/snap#GenericallyDependentContinuant
S	http://semanticscience.org/resource/CHEMINF_000173	http://purl.obolibrary.org/obo/IAO_0000027
S	http://semanticscience.org/resource/CHEMINF_000173	http://purl.obolibrary.org/obo/IAO_0000030
S	http://semanticscience.org/resource/CHEMINF_000173	http://semanticscience.org/resource/CHEMINF_000017
S	http://semanticscience.org/resource/CHEMINF_000173	http://semanticscience.org/resource/CHEMINF_000060
S	http://semanticscience.org/resource/CHEMINF_000173	http://semanticscience.org/resource/CHEMINF_000065
S	http://semanticscience.org/resource/CHEMINF_000173	http://semanticscience.org/resource/CHEMINF_000093
S	http://semanticscience.org/resource/CHEMINF_000173	http://semanticscience.org/resource/CHEMINF_000123
S	http://semanticscience.org/resource/CHEMINF_000173	http://semanticscience.org/resource/CHEMINF_000229
S	http://semanticscience.org/resource/CHEMINF_000173	http://www.ifomis.org/bfo/1.1#Entity
S	http://semanticscience.org/resource/CHEMINF_000173	http://www.ifomis.org/bfo/1.1/snap#Continuant
S	http://semanticscience.org/resource/CHEMINF_000173	http://www.ifomis.org/bfo/1.1/snap#DependentContinuant
S	http://semanticscience.org/resource/CHEMINF_000173	http://www.ifomis.org/bfo/1.1/snap#GenericallyDependentContinuant
S	http://semanticscience.org/resource/CHEMINF_000174	http://purl.obolibrary.org/obo/IAO_0000027
S	http://semanticscience.org/resource/CHEMINF_000174	http://purl.obolibrary.org/obo/IAO_0000030
S	http://semanticscience.org/resource/CHEMINF_000174	http://semanticscience.org/resource/CHEMINF_000017
S	http://semanticscience.org/resource/CHEMINF_000174	http://semanticscience.org/resource/CHEMINF_000060
S	http://semanticscience.org/resource/CHEMINF_000174	http://semanticscience.org/resource/CHEMINF_000065
S	http://semanticscience.org/resource/CHEMINF_000174	http://semanticscience.org/resource/CHEMINF_000093
S	http://semanticscience.org/resource/CHEMINF_000174	http://semanticscience.org/resource/CHEMINF_000123
S	http://semanticscience.org/resource/CHEMINF_000174	http://semanticscience.org/resource/CHEMINF_000229
S	http://semanticscience.org/resource/CHEMINF_000174	http://www.ifomis.org/bfo/1.1#Entity
S	http://semanticscience.org/resource/CHEMINF_000174	http://www.ifomis.org/bfo/1.1/snap#Continuant
S	http://semanticscience.org/resource/CHEMINF_000174	http://www.ifomis.org/bfo/1.1/snap#DependentContinuant
S	http://semanticscience.org/resource/CHEMINF_000174	http://www.ifomis.org/bfo/1.1/snap#GenericallyDependentContinuant
S	http://semanticscience.org/resource/CHEMINF_000175	http://purl.obolibrary.org/obo/IAO_0000027
S	http://semanticscience.org/resource/CHEMINF_000175	http://purl.obolibrary.org/obo/IAO_0000030
S	http://semanticscience.org/resource/CHEMINF_000175	http://semanticscience.org/resource/CHEMINF_000017
S	http://semanticscience.org/resource/CHEMINF_000175	http://semanticscience.org/resource/CHEMINF_000060
S	http://semanticscience.org/resource/CHEMINF_000175	http://semanticscience.org/resource/CHEMINF_000065
S	http://semanticscience.org/resource/CHEMINF_000175	http://semanticscience.org/resource/CHEMINF_000093
S	http://semanticscience.org/resource/CHEMINF_000175	http://semanticscience.org/resource/CHEMINF_000123
S	http://semanticscience.org/resource/CHEMINF_000175	http://semanticscience.org/resource/CHEMINF_000229
S	http://semanticscience.org/resource/CHEMINF_000175	http://www.ifomis.org/bfo/1.1#Entity
S	http://semanticscience.org/resource/CHEMINF_000175	http://www.ifomis.org/bfo/1.1/snap#Continuant
S	http://semanticscience.org/resource/CHEMINF_000175	http://www.ifomis.org/bfo/1.1/snap#DependentContinuant
S	http://semanticscience.org/resource/CHEMINF_000175	http://www.ifomis.org/bfo/1.1/snap#GenericallyDependentContinuant
S	http://semanticscience.org/resource/CHEMINF_000176	http://purl.obolibrary.org/obo/IAO_0000027
S	http://semanticscience.org/resource/CHEMINF_000176	http://purl.obolibrary.org/obo/IAO_0000030
S	http://semanticscience.org/resource/CHEMINF_000176	http://semanticscience.org/resource/CHEMINF_000017
S	http://semanticscience.org/resource/CHEMINF_000176	http://semanticscience.org/resource/CHEMINF_000060
S	http://semanticscience.org/resource/CHEMINF_000176	http://semanticscience.org/resource/CHEMINF_000065
S	http://semanticscience.org/resource/CHEMINF_000176	http://semanticscience.org/resource/CHEMINF_000093
S	http://semanticscience.org/resource/CHEMINF_000176	http://semanticscience.org/resource/CHEMINF_000123
S	http://semanticscience.org/resource/CHEMINF_000176	http://semanticscience.org/resource/CHEMINF_000229
S	http://semanticscience.org/resource/CHEMINF_000176	http://www.ifomis.org/bfo/1.1#Entity
S	http://semanticscience.org/resource/CHEMINF_000176	http://www.ifomis.org/bfo/1.1/snap#Continuant
S	http://semanticscience.org/resource/CHEMINF_000176	http://www.ifomis.org/bfo/1.1/snap#DependentContinuant
S	http://semanticscience.org/resource/CHEMINF_000176	http://www.ifomis.org/bfo/1.1/snap#GenericallyDependentContinuant
S	http://semanticscience.org/resource/CHEMINF_000177	http://purl.obolibrary.org/obo/IAO_0000027
S	http://semanticscience.org/resource/CHEMINF_000177	http://purl.obolibrary.org/obo/IAO_0000030
S	http://semanticscience.org/resource/CHEMINF_000177	http://semanticscience.org/resource/CHEMINF_000017
S	http://semanticscience.org/resource/CHEMINF_000177	http://semanticscience.org/resource/CHEMINF_000085
S	http://semanticscience.org/resource/CHEMINF_000177	http://semanticscience.org/resource/CHEMINF_000123
S	http://semanticscience.org/resource/CHEMINF_000177	http://www.ifomis.org/bfo/1.1#Entity
S	http://semanticscience.org/resource/CHEMINF_000177	http://www.ifomis.org/bfo/1.1/snap#Continuant
S	http://semanticscience.org/resource/CHEMINF_000177	http://www.ifomis.org/bfo/1.1/snap#DependentContinuant
S	http://semanticscience.org/resource/CHEMINF_000177	http://www.ifomis.org/bfo/1.1/snap#GenericallyDependentContinuant
S	http://semanticscience.org/resource/CHEMINF_000178	http://purl.obolibrary.org/obo/IAO_0000027
S	http://semanticscience.org/resource/CHEMINF_000178	http://purl.obolibrary.org/obo/IAO_0000030
S	http://semanticscience.org/resource/CHEMINF_000178	http://semanticscience.org/resource/CHEMINF_000017
S	http://semanticscience.org/resource/CHEMINF_000178	http://semanticscience.org/resource/CHEMINF_000085
S	http://semanticscience.org/resource/CHEMINF_000178	http://semanticscience.org/resource/CHEMINF_000123
S	http://semanticscience.org/resource/CHEMINF_000178	http://semanticscience.org/resource/CHEMINF_000177
S	http://semanticscience.org/resource/CHEMINF_000178	http://www.ifomis.org/bfo/1.1#Entity
S	http://semanticscience.org/resource/CHEMINF_000178	http://www.ifomis.org/bfo/1.1/snap#Continuant
S	http://semanticscience.org/resource/CHEMINF_000178	http://www.ifomis.org/bfo/1.1/snap#DependentContinuant
S	http://semanticscience.org/resource/CHEMINF_000178	http://www.ifomis.org/bfo/1.1/snap#GenericallyDependentContinuant
S	http://semanticscience.org/resource/CHEMINF_000179	http://purl.obolibrary.org/obo/IAO_0000027
S	http://semanticscience.org/resource/CHEMINF_000179	http://purl.obolibrary.org/obo/IAO_0000030
S	http://semanticscience.org/resource/CHEMINF_000179	http://semanticscience.org/resource/CHEMINF_000017
S	http://semanticscience.org/resource/CHEMINF_000179	http://semanticscience.org/resource/CHEMINF_000087
S	http://semanticscience.org/resource/CHEMINF_000179	http://semanticscience.org/resource/CHEMINF_000094
S	http://semanticscience.org/resource/CHEMINF_000179	http://semanticscience.org/resource/CHEMINF_000123
S	http://semanticscience.org/resource/CHEMINF_000179	http://www.ifomis.org/bfo/1.1#Entity
S	http://semanticscience.org/resource/CHEMINF_000179	http://www.ifomis.org/bfo/1.1/snap#Continuant
S	http://semanticscience.org/resource/CHEMINF_000179	http://www.ifomis.org/bfo/1.1/snap#DependentContinuant
S	http://semanticscience.org/resource/CHEMINF_000179	http://www.ifomis.org/bfo/1.1/snap#GenericallyDependentContinuant
S	http://semanticscience.org/resource/CHEMINF_000180	http://purl.obolibrary.org/obo/IAO_0000027
S	http://semanticscience.org/resource/CHEMINF_000180	http://purl.obolibrary.org/obo/IAO_0000030
S	http://semanticscience.org/resource/CHEMINF_000180	http://semanticscience.org/resource/CHEMINF_000017
S	http://semanticscience.org/resource/CHEMINF_000180	http://semanticscience.org/resource/CHEMINF_000085
S	http://semanticscience.org/resource/CHEMINF_000180	http://semanticscience.org/resource/CHEMINF_000123
S	http://semanticscience.org/resource/CHEMINF_000180	http://www.ifomis.org/bfo/1.1#Entity
S	http://semanticscience.org/resource/CHEMINF_000180	http://www.ifomis.org/bfo/1.1/snap#Continuant
S	http://semanticscience.org/resource/CHEMINF_000180	http://www.ifomis.org/bfo/1.1/snap#DependentContinuant
S	http://semanticscience.org/resource/CHEMINF_000180	http://www.ifomis.org/bfo/1.1/snap#GenericallyDependentContinuant
S	http://semanticscience.org/resource/CHEMINF_000181	http://purl.obolibrary.org/obo/IAO_0000027
S	http://semanticscience.org/resource/CHEMINF_000181	http://purl.obolibrary.org/obo/IAO_0000030
S	http://semanticscience.org/resource/CHEMINF_000181	http://semanticscience.org/resource/CHEMINF_000017
S	http://semanticscience.org/resource/CHEMINF_000181	http://semanticscience.org/resource/CHEMINF_000065
S	http://semanticscience.org/resource/CHEMINF_000181	http://semanticscience.org/resource/CHEMINF_000093
S	http://semanticscience.org/resource/CHEMINF_000181	http://semanticscience.org/resource/CHEMINF_000123
S	http://semanticscience.org/resource/CHEMINF_000181	http://www.ifomis.org/bfo/1.1#Entity
S	http://semanticscience.org/resource/CHEMINF_000181	http://www.ifomis.org/bfo/1.1/snap#Continuant
S	http://semanticscience.org/resource/CHEMINF_000181	http://www.ifomis.org/bfo/1.1/snap#DependentContinuant
S	http://semanticscience.org/resource/CHEMINF_000181	http://www.ifomis.org/bfo/1.1/snap#GenericallyDependentContinuant
S	http://semanticscience.org/resource/CHEMINF_000182	http://purl.obolibrary.org/obo/IAO_0000027
S	http://semanticscience.org/resource/CHEMINF_000182	http://purl.obolibrary.org/obo/IAO_0000030
S	http://semanticscience.org/resource/CHEMINF_000182	http://semanticscience.org/resource/CHEMINF_000017
S	http://semanticscience.org/resource/CHEMINF_000182	http://semanticscience.org/resource/CHEMINF_000092
S	http://semanticscience.org/resource/CHEMINF_000182	http://semanticscience.org/resource/CHEMINF_000123
S	http://semanticscience.org/resource/CHEMINF_000182	http://semanticscience.org/resource/CHEMINF_000185
S	http://semanticscience.org/resource/CHEMINF_000182	http://www.ifomis.org/bfo/1.1#Entity
S	http://semanticscience.org/resource/CHEMINF_000182	http://www.ifomis.org/bfo/1.1/snap#Continuant
S	http://semanticscience.org/resource/CHEMINF_000182	http://www.ifomis.org/bfo/1.1/snap#DependentContinuant
S	http://semanticscience.org/resource/CHEMINF_000182	http://www.ifomis.org/bfo/1.1/snap#GenericallyDependentContinuant
S	http://semanticscience.org/resource/CHEMINF_000183	http://purl.obolibrary.org/obo/IAO_0000027
S	http://semanticscience.org/resource/CHEMINF_000183	http://purl.obolibrary.org/obo/IAO_0000030
S	http://semanticscience.org/resource/CHEMINF_000183	http://semanticscience.org/resource/CHEMINF_000017
S	http://semanticscience.org/resource/CHEMINF_000183	http://semanticscience.org/resource/CHEMINF_000092
S	http://semanticscience.org/resource/CHEMINF_000183	http://semanticscience.org/resource/CHEMINF_000123
S	http://semanticscience.org/resource/CHEMINF_000183	http://semanticscience.org/resource/CHEMINF_000185
S	http://semanticscience.org/resource/CHEMINF_000183	http://www.ifomis.org/bfo/1.1#Entity
S	http://semanticscience.org/resource/CHEMINF_000183	http://www.ifomis.org/bfo/1.1/snap#Continuant
S	http://semanticscience.org/resource/CHEMINF_000183	http://www.ifomis.org/bfo/1.1/snap#DependentContinuant
S	http://semanticscience.org/resource/CHEMINF_000183	http://www.ifomis.org/bfo/1.1/snap#GenericallyDependentContinuant
S	http://semanticscience.org/resource/CHEMINF_000184	http://purl.obolibrary.org/obo/IAO_0000027
S	http://semanticscience.org/resource/CHEMINF_000184	http://purl.obolibrary.org/obo/IAO_0000030
S	http://semanticscience.org/resource/CHEMINF_000184	http://semanticscience.org/resource/CHEMINF_000017
S	http://semanticscience.org/resource/CHEMINF_000184	http://semanticscience.org/resource/CHEMINF_000092
S	http://semanticscience.org/resource/CHEMINF_000184	http://semanticscience.org/resource/CHEMINF_000123
S	http://semanticscience.org/resource/CHEMINF_000184	http://www.ifomis.org/bfo/1.1#Entity
S	http://semanticscience.org/resource/CHEMINF_000184	http://www.ifomis.org/bfo/1.1/snap#Continuant
S	http://semanticscience.org/resource/CHEMINF_000184	http://www.ifomis.org/bfo/1.1/snap#DependentContinuant
S	http://semanticscience.org/resource/CHEMINF_000184	http://www.ifomis.org/bfo/1.1/snap#GenericallyDependentContinuant
S	http://semanticscience.org/resource/CHEMINF_000185	http://purl.obolibrary.org/obo/IAO_0000027
S	http://semanticscience.org/resource/CHEMINF_000185	http://purl.obolibrary.org/obo/IAO_0000030
S	http://semanticscience.org/resource/CHEMINF_000185	http://semanticscience.org/resource/CHEMINF_000017
S	http://semanticscience.org/resource/CHEMINF_000185	http://semanticscience.org/resource/CHEMINF_000092
S	http://semanticscience.org/resource/CHEMINF_000185	http://semanticscience.org/resource/CHEMINF_000123
S	http://semanticscience.org/resource/CHEMINF_000185	http://www.ifomis.org/bfo/1.1#Entity
S	http://semanticscience.org/resource/CHEMINF_000185	http://www.ifomis.org/bfo/1.1/snap#Continuant
S	http://semanticscience.org/resource/CHEMINF_000185	http://www.ifomis.org/bfo/1.1/snap#DependentContinuant
S	http://semanticscience.org/resource/CHEMINF_000185	http://www.ifomis.org/bfo/1.1/snap#GenericallyDependentContinuant
S	http://semanticscience.org/resource/CHEMINF_000186	http://purl.obolibrary.org/obo/IAO_0000027
S	http://semanticscience.org/resource/CHEMINF_000186	http://purl.obolibrary.org/obo/IAO_0000030
S	http://semanticscience.org/resource/CHEMINF_000186	http://semanticscience.org/resource/CHEMINF_000017
S	http://semanticscience.org/resource/CHEMINF_000186	http://semanticscience.org/resource/CHEMINF_000025
S	http://semanticscience.org/resource/CHEMINF_000186	http://semanticscience.org/resource/CHEMINF_000123
S	http://semanticscience.org/resource/CHEMINF_000186	http://semanticscience.org/resource/CHEMINF_000251
S	http://semanticscience.org/resource/CHEMINF_000186	http://www.ifomis.org/bfo/1.1#Entity
S	http://semanticscience.org/resource/CHEMINF_000186	http://www.ifomis.org/bfo/1.1/snap#Continuant
S	http://semanticscience.org/resource/CHEMINF_000186	http://www.ifomis.org/bfo/1.1/snap#DependentContinuant
S	http://semanticscience.org/resource/CHEMINF_000186	http://www.ifomis.org/bfo/1.1/snap#GenericallyDependentContinuant
S	http://semanticscience.org/resource/CHEMINF_000187	http://purl.obolibrary.org/obo/IAO_0000027
S	http://semanticscience.org/resource/CHEMINF_000187	http://purl.obolibrary.org/obo/IAO_0000030
S	http://semanticscience.org/resource/CHEMINF_000187	http://semanticscience.org/resource/CHEMINF_000017
S	http://semanticscience.org/resource/CHEMINF_000187	http://semanticscience.org/resource/CHEMINF_000025
S	http://semanticscience.org/resource/CHEMINF_000187	http://semanticscience.org/resource/CHEMINF_000123
S	http://semanticscience.org/resource/CHEMINF_000187	http://semanticscience.org/resource/CHEMINF_000251
S	http://semanticscience.org/resource/CHEMINF_000187	http://www.ifomis.org/bfo/1.1#Entity
S	http://semanticscience.org/resource/CHEMINF_000187	http://www.ifomis.org/bfo/1.1/snap#Continuant
S	http://semanticscience.org/resource/CHEMINF_000187	http://www.ifomis.org/bfo/1.1/snap#DependentContinuant
S	http://semanticscience.org/resource/CHEMINF_000187	http://www.ifomis.org/bfo/1.1/snap#GenericallyDependentContinuant
S	http://semanticscience.org/resource/CHEMINF_000188	http://purl.obolibrary.org/obo/IAO_0000027
S	http://semanticscience.org/resource/CHEMINF_000188	http://purl.obolibrary.org/obo/IAO_0000030
S	http://semanticscience.org/resource/CHEMINF_000188	http://semanticscience.org/resource/CHEMINF_000017
S	http://semanticscience.org/resource/CHEMINF_000188	http://semanticscience.org/resource/CHEMINF_000093
S	http://semanticscience.org/resource/CHEMINF_000188	http://semanticscience.org/resource/CHEMINF_000123
S	http://semanticscience.org/resource/CHEMINF_000188	http://semanticscience.org/resource/CHEMINF_000189
S	http://semanticscience.org/resource/CHEMINF_000188	http://www.ifomis.org/bfo/1.1#Entity
S	http://semanticscience.org/resource/CHEMINF_000188	http://www.ifomis.org/bfo/1.1/snap#Continuant
S	http://semanticscience.org/resource/CHEMINF_000188	http://www.ifomis.org/bfo/1.1/snap#DependentContinuant
S	http://semanticscience.org/resource/CHEMINF_000188	http://www.ifomis.org/bfo/1.1/snap#GenericallyDependentContinuant
S	http://semanticscience.org/resource/CHEMINF_000189	http://purl.obolibrary.org/obo/IAO_0000027
S	http://semanticscience.org/resource/CHEMINF_000189	http://purl.obolibrary.org/obo/IAO_0000030
S	http://semanticscience.org/resource/CHEMINF_000189	http://semanticscience.org/resource/CHEMINF_000017
S	http://semanticscience.org/resource/CHEMINF_000189	http://semanticscience.org/resource/CHEMINF_000093
S	http://semanticscience.org/resource/CHEMINF_000189	http://semanticscience.org/resource/CHEMINF_000123
S	http://semanticscience.org/resource/CHEMINF_000189	http://www.ifomis.org/bfo/1.1#Entity
S	http://semanticscience.org/resource/CHEMINF_000189	http://www.ifomis.org/bfo/1.1/snap#Continuant
S	http://semanticscience.org/resource/CHEMINF_000189	http://www.ifomis.org/bfo/1.1/snap#DependentContinuant
S	http://semanticscience.org/resource/CHEMINF_000189	http://www.ifomis.org/bfo/1.1/snap#GenericallyDependentContinuant
S	http://semanticscience.org/resource/CHEMINF_000190	http://purl.obolibrary.org/obo/IAO_0000027
S	http://semanticscience.org/resource/CHEMINF_000190	http://purl.obolibrary.org/obo/IAO_0000030
S	http://semanticscience.org/resource/CHEMINF_000190	http://semanticscience.org/resource/CHEMINF_000017
S	http://semanticscience.org/resource/CHEMINF_000190	http://semanticscience.org/resource/CHEMINF_000093
S	http://semanticscience.org/resource/CHEMINF_000190	http://semanticscience.org/resource/CHEMINF_000123
S	http://semanticscience.org/resource/CHEMINF_000190	http://semanticscience.org/resource/CHEMINF_000189
S	http://semanticscience.org/resource/CHEMINF_000190	http://www.ifomis.org/bfo/1.1#Entity
S	http://semanticscience.org/resource/CHEMINF_000190	http://www.ifomis.org/bfo/1.1/snap#Continuant
S	http://semanticscience.org/resource/CHEMINF_000190	http://www.ifomis.org/bfo/1.1/snap#DependentContinuant
S	http://semanticscience.org/resource/CHEMINF_000190	http://www.ifomis.org/bfo/1.1/snap#GenericallyDependentContinuant
S	http://semanticscience.org/resource/CHEMINF_000191	http://purl.obolibrary.org/obo/IAO_0000027
S	http://semanticscience.org/resource/CHEMINF_000191	http://purl.obolibrary.org/obo/IAO_0000030
S	http://semanticscience.org/resource/CHEMINF_000191	http://semanticscience.org/resource/CHEMINF_000017
S	http://semanticscience.org/resource/CHEMINF_000191	http://semanticscience.org/resource/CHEMINF_000087
S	http://semanticscience.org/resource/CHEMINF_000191	http://semanticscience.org/resource/CHEMINF_000094
S	http://semanticscience.org/resource/CHEMINF_000191	http://semanticscience.org/resource/CHEMINF_000123
S	http://semanticscience.org/resource/CHEMINF_000191	http://www.ifomis.org/bfo/1.1#Entity
S	http://semanticscience.org/resource/CHEMINF_000191	http://www.ifomis.org/bfo/1.1/snap#Continuant
S	http://semanticscience.org/resource/CHEMINF_000191	http://www.ifomis.org/bfo/1.1/snap#DependentContinuant
S	http://semanticscience.org/resource/CHEMINF_000191	http://www.ifomis.org/bfo/1.1/snap#GenericallyDependentContinuant
S	http://semanticscience.org/resource/CHEMINF_000192	http://purl.obolibrary.org/obo/IAO_0000027
S	http://semanticscience.org/resource/CHEMINF_000192	http://purl.obolibrary.org/obo/IAO_0000030
S	http://semanticscience.org/resource/CHEMINF_000192	http://semanticscience.org/resource/CHEMINF_000017
S	http://semanticscience.org/resource/CHEMINF_000192	http://semanticscience.org/resource/CHEMINF_000092
S	http://semanticscience.org/resource/CHEMINF_000192	http://semanticscience.org/resource/CHEMINF_000123
S	http://semanticscience.org/resource/CHEMINF_000192	http://www.ifomis.org/bfo/1.1#Entity
S	http://semanticscience.org/resource/CHEMINF_000192	http://www.ifomis.org/bfo/1.1/snap#Continuant
S	http://semanticscience.org/resource/CHEMINF_000192	http://www.ifomis.org/bfo/1.1/snap#DependentContinuant
S	http://semanticscience.org/resource/CHEMINF_000192	http://www.ifomis.org/bfo/1.1/snap#GenericallyDependentContinuant
S	http://semanticscience.org/resource/CHEMINF_000193	http://purl.obolibrary.org/obo/IAO_0000027
S	http://semanticscience.org/resource/CHEMINF_000193	http://purl.obolibrary.org/obo/IAO_0000030
S	http://semanticscience.org/resource/CHEMINF_000193	http://semanticscience.org/resource/CHEMINF_000017
S	http://semanticscience.org/resource/CHEMINF_000193	http://semanticscience.org/resource/CHEMINF_000087
S	http://semanticscience.org/resource/CHEMINF_000193	http://semanticscience.org/resource/CHEMINF_000123
S	http://semanticscience.org/resource/CHEMINF_000193	http://www.ifomis.org/bfo/1.1#Entity
S	http://semanticscience.org/resource/CHEMINF_000193	http://www.ifomis.org/bfo/1.1/snap#Continuant
S	http://semanticscience.org/resource/CHEMINF_000193	http://www.ifomis.org/bfo/1.1/snap#DependentContinuant
S	http://semanticscience.org/resource/CHEMINF_000193	http://www.ifomis.org/bfo/1.1/snap#GenericallyDependentContinuant
S	http://semanticscience.org/resource/CHEMINF_000194	http://purl.obolibrary.org/obo/IAO_0000027
S	http://semanticscience.org/resource/CHEMINF_000194	http://purl.obolibrary.org/obo/IAO_0000030
S	http://semanticscience.org/resource/CHEMINF_000194	http://semanticscience.org/resource/CHEMINF_000017
S	http://semanticscience.org/resource/CHEMINF_000194	http://semanticscience.org/resource/CHEMINF_000087
S	http://semanticscience.org/resource/CHEMINF_000194	http://semanticscience.org/resource/CHEMINF_000123
S	http://semanticscience.org/resource/CHEMINF_000194	http://semanticscience.org/resource/CHEMINF_000193
S	http://semanticscience.org/resource/CHEMINF_000194	http://www.ifomis.org/bfo/1.1#Entity
S	http://semanticscience.org/resource/CHEMINF_000194	http://www.ifomis.org/bfo/1.1/snap#Continuant
S	http://semanticscience.org/resource/CHEMINF_000194	http://www.ifomis.org/bfo/1.1/snap#DependentContinuant
S	http://semanticscience.org/resource/CHEMINF_000194	http://www.ifomis.org/bfo/1.1/snap#GenericallyDependentContinuant
S	http://semanticscience.org/resource/CHEMINF_000195	http://purl.obolibrary.org/obo/IAO_0000027
S	http://semanticscience.org/resource/CHEMINF_000195	http://purl.obolibrary.org/obo/IAO_0000030
S	http://semanticscience.org/resource/CHEMINF_000195	http://semanticscience.org/resource/CHEMINF_000017
S	http://semanticscience.org/resource/CHEMINF_000195	http://semanticscience.org/resource/CHEMINF_000087
S	http://semanticscience.org/resource/CHEMINF_000195	http://semanticscience.org/resource/CHEMINF_000123
S	http://semanticscience.org/resource/CHEMINF_000195	http://semanticscience.org/resource/CHEMINF_000193
S	http://semanticscience.org/resource/CHEMINF_000195	http://www.ifomis.org/bfo/1.1#Entity
S	http://semanticscience.org/resource/CHEMINF_000195	http://www.ifomis.org/bfo/1.1/snap#Continuant
S	http://semanticscience.org/resource/CHEMINF_000195	http://www.ifomis.org/bfo/1.1/snap#DependentContinuant
S	http://semanticscience.org/resource/CHEMINF_000195	http://www.ifomis.org/bfo/1.1/snap#GenericallyDependentContinuant
S	http://semanticscience.org/resource/CHEMINF_000196	http://semanticscience.org/resource/CHEMINF_000000
S	http://semanticscience.org/resource/CHEMINF_000196	http://semanticscience.org/resource/CHEMINF_000197
S	http://semanticscience.org/resource/CHEMINF_000196	http://www.ifomis.org/bfo/1.1#Entity
S	http://semanticscience.org/resource/CHEMINF_000196	http://www.ifomis.org/bfo/1.1/snap#Continuant
S	http://semanticscience.org/resource/CHEMINF_000196	http://www.ifomis.org/bfo/1.1/snap#IndependentContinuant
S	http://semanticscience.org/resource/CHEMINF_000196	http://www.ifomis.org/bfo/1.1/snap#MaterialEntity
S	http://semanticscience.org/resource/CHEMINF_000197	http://semanticscience.org/resource/CHEMINF_000000
S	http://semanticscience.org/resource/CHEMINF_000197	http://www.ifomis.org/bfo/1.1#Entity
S	http://semanticscience.org/resource/CHEMINF_000197	http://www.ifomis.org/bfo/1.1/snap#Continuant
S	http://semanticscience.org/resource/CHEMINF_000197	http://www.ifomis.org/bfo/1.1/snap#IndependentContinuant
S	http://semanticscience.org/resource/CHEMINF_000197	http://www.ifomis.org/bfo/1.1/snap#MaterialEntity
S	http://semanticscience.org/resource/CHEMINF_000207	http://purl.obolibrary.org/obo/IAO_0000027
S	http://semanticscience.org/resource/CHEMINF_000207	http://purl.obolibrary.org/obo/IAO_0000030
S	http://semanticscience.org/resource/CHEMINF_000207	http://semanticscience.org/resource/CHEMINF_000016
S	http://semanticscience.org/resource/CHEMINF_000207	http://semanticscience.org/resource/CHEMINF_000017
S	http://semanticscience.org/resource/CHEMINF_000207	http://semanticscience.org/resource/CHEMINF_000123
S	http://semanticscience.org/resource/CHEMINF_000207	http://www.ifomis.org/bfo/1.1#Entity
S	http://semanticscience.org/resource/CHEMINF_000207	http://www.ifomis.org/bfo/1.1/snap#Continuant
S	http://semanticscience.org/resource/CHEMINF_000207	http://www.ifomis.org/bfo/1.1/snap#DependentContinuant
S	http://semanticscience.org/resource/CHEMINF_000207	http://www.ifomis.org/bfo/1.1/snap#GenericallyDependentContinuant
S	http://semanticscience.org/resource/CHEMINF_000208	http://purl.obolibrary.org/obo/IAO_0000027
S	http://semanticscience.org/resource/CHEMINF_000208	http://purl.obolibrary.org/obo/IAO_0000030
S	http://semanticscience.org/resource/CHEMINF_000208	http://semanticscience.org/resource/CHEMINF_000016
S	http://semanticscience.org/resource/CHEMINF_000208	http://semanticscience.org/resource/CHEMINF_000017
S	http://semanticscience.org/resource/CHEMINF_000208	http://semanticscience.org/resource/CHEMINF_000123
S	http://semanticscience.org/resource/CHEMINF_000208	http://www.ifomis.org/bfo/1.1#Entity
S	http://semanticscience.org/resource/CHEMINF_000208	http://www.ifomis.org/bfo/1.1/snap#Continuant
S	http://semanticscience.org/resource/CHEMINF_000208	http://www.ifomis.org/bfo/1.1/snap#DependentContinuant
S	http://semanticscience.org/resource/CHEMINF_000208	http://www.ifomis.org/bfo/1.1/snap#GenericallyDependentContinuant
S	http://semanticscience.org/resource/CHEMINF_000209	http://purl.obolibrary.org/obo/IAO_0000027
S	http://semanticscience.org/resource/CHEMINF_000209	http://purl.obolibrary.org/obo/IAO_0000030
S	http://semanticscience.org/resource/CHEMINF_000209	http://semanticscience.org/resource/CHEMINF_000017
S	http://semanticscience.org/resource/CHEMINF_000209	http://semanticscience.org/resource/CHEMINF_000123
S	http://semanticscience.org/resource/CHEMINF_000209	http://semanticscience.org/resource/CHEMINF_000136
S	http://semanticscience.org/resource/CHEMINF_000209	http://www.ifomis.org/bfo/1.1#Entity
S	http://semanticscience.org/resource/CHEMINF_000209	http://www.ifomis.org/bfo/1.1/snap#Continuant
S	http://semanticscience.org/resource/CHEMINF_000209	http://www.ifomis.org/bfo/1.1/snap#DependentContinuant
S	http://semanticscience.org/resource/CHEMINF_000209	http://www.ifomis.org/bfo/1.1/snap#GenericallyDependentContinuant
S	http://semanticscience.org/resource/CHEMINF_000210	http://purl.obolibrary.org/obo/IAO_0000027
S	http://semanticscience.org/resource/CHEMINF_000210	http://purl.obolibrary.org/obo/IAO_0000030
S	http://semanticscience.org/resource/CHEMINF_000210	http://semanticscience.org/resource/CHEMINF_000016
S	http://semanticscience.org/resource/CHEMINF_000210	http://semanticscience.org/resource/CHEMINF_000017
S	http://semanticscience.org/resource/CHEMINF_000210	http://semanticscience.org/resource/CHEMINF_000123
S	http://semanticscience.org/resource/CHEMINF_000210	http://www.ifomis.org/bfo/1.1#Entity
S	http://semanticscience.org/resource/CHEMINF_000210	http://www.ifomis.org/bfo/1.1/snap#Continuant
S	http://semanticscience.org/resource/CHEMINF_000210	http://www.ifomis.org/bfo/1.1/snap#DependentContinuant
S	http://semanticscience.org/resource/CHEMINF_000210	http://www.ifomis.org/bfo/1.1/snap#GenericallyDependentContinuant
S	http://semanticscience.org/resource/CHEMINF_000211	http://semanticscience.org/resource/CHEMINF_000031
S	http://semanticscience.org/resource/CHEMINF_000211	http://semanticscience.org/resource/CHEMINF_000086
S	http://semanticscience.org/resource/CHEMINF_000211	http://www.ifomis.org/bfo/1.1#Entity
S	http://semanticscience.org/resource/CHEMINF_000211	http://www.ifomis.org/bfo/1.1/snap#Continuant
S	http://semanticscience.org/resource/CHEMINF_000211	http://www.ifomis.org/bfo/1.1/snap#DependentContinuant
S	http://semanticscience.org/resource/CHEMINF_000211	http://www.ifomis.org/bfo/1.1/snap#Quality
S	http://semanticscience.org/resource/CHEMINF_000211	http://www.ifomis.org/bfo/1.1/snap#SpecificallyDependentContinuant
S	http://semanticscience.org/resource/CHEMINF_000220	http://purl.obolibrary.org/obo/IAO_0000030
S	http://semanticscience.org/resource/CHEMINF_000220	http://purl.obolibrary.org/obo/IAO_0000033
S	http://semanticscience.org/resource/CHEMINF_000220	http://purl.obolibrary.org/obo/IAO_0000098
S	http://semanticscience.org/resource/CHEMINF_000220	http://semanticscience.org/resource/CHEMINF_000014
S	http://semanticscience.org/resource/CHEMINF_000220	http://semanticscience.org/resource/CHEMINF_000022
S	http://semanticscience.org/resource/CHEMINF_000220	http://semanticscience.org/resource/CHEMINF_000023
S	http://semanticscience.org/resource/CHEMINF_000220	http://semanticscience.org/resource/CHEMINF_000028
S	http://semanticscience.org/resource/CHEMINF_000220	http://www.ifomis.org/bfo/1.1#Entity
S	http://semanticscience.org/resource/CHEMINF_000220	http://www.ifomis.org/bfo/1.1/snap#Continuant
S	http://semanticscience.org/resource/CHEMINF_000220	http://www.ifomis.org/bfo/1.1/snap#DependentContinuant
S	http://semanticscience.org/resource/CHEMINF_000220	http://www.ifomis.org/bfo/1.1/snap#GenericallyDependentContinuant
S	http://semanticscience.org/resource/CHEMINF_000222	http://semanticscience.org/resource/CHEMINF_000031
S	http://semanticscience.org/resource/CHEMINF_000222	http://semanticscience.org/resource/CHEMINF_000086
S	http://semanticscience.org/resource/CHEMINF_000222	http://semanticscience.org/resource/CHEMINF_000211
S	http://semanticscience.org/resource/CHEMINF_000222	http://semanticscience.org/resource/CHEMINF_000227
S	http://semanticscience.org/resource/CHEMINF_000222	http://www.ifomis.org/bfo/1.1#Entity
S	http://semanticscience.org/resource/CHEMINF_000222	http://www.ifomis.org/bfo/1.1/snap#Continuant
S	http://semanticscience.org/resource/CHEMINF_000222	http://www.ifomis.org/bfo/1.1/snap#DependentContinuant
S	http://semanticscience.org/resource/CHEMINF_000222	http://www.ifomis.org/bfo/1.1/snap#Quality
S	http://semanticscience.org/resource/CHEMINF_000222	http://www.ifomis.org/bfo/1.1/snap#SpecificallyDependentContinuant
S	http://semanticscience.org/resource/CHEMINF_000223	http://purl.obolibrary.org/obo/IAO_0000027
S	http://semanticscience.org/resource/CHEMINF_000223	http://purl.obolibrary.org/obo/IAO_0000030
S	http://semanticscience.org/resource/CHEMINF_000223	http://semanticscience.org/resource/CHEMINF_000017
S	http://semanticscience.org/resource/CHEMINF_000223	http://semanticscience.org/resource/CHEMINF_000065
S	http://semanticscience.org/resource/CHEMINF_000223	http://semanticscience.org/resource/CHEMINF_000123
S	http://semanticscience.org/resource/CHEMINF_000223	http://semanticscience.org/resource/CHEMINF_000136
S	http://semanticscience.org/resource/CHEMINF_000223	http://semanticscience.org/resource/CHEMINF_000209
S	http://semanticscience.org/resource/CHEMINF_000223	http://www.ifomis.org/bfo/1.1#Entity
S	http://semanticscience.org/resource/CHEMINF_000223	http://www.ifomis.org/bfo/1.1/snap#Continuant
S	http://semanticscience.org/resource/CHEMINF_000223	http://www.ifomis.org/bfo/1.1/snap#DependentContinuant
S	http://semanticscience.org/resource/CHEMINF_000223	http://www.ifomis.org/bfo/1.1/snap#GenericallyDependentContinuant
S	http://semanticscience.org/resource/CHEMINF_000224	http://purl.obolibrary.org/obo/IAO_0000027
S	http://semanticscience.org/resource/CHEMINF_000224	http://purl.obolibrary.org/obo/IAO_0000030
S	http://semanticscience.org/resource/CHEMINF_000224	http://semanticscience.org/resource/CHEMINF_000016
S	http://semanticscience.org/resource/CHEMINF_000224	http://semanticscience.org/resource/CHEMINF_000017
S	http://semanticscience.org/resource/CHEMINF_000224	http://semanticscience.org/resource/CHEMINF_000123
S	http://semanticscience.org/resource/CHEMINF_000224	http://semanticscience.org/resource/CHEMINF_000210
S	http://semanticscience.org/resource/CHEMINF_000224	http://www.ifomis.org/bfo/1.1#Entity
S	http://semanticscience.org/resource/CHEMINF_000224	http://www.ifomis.org/bfo/1.1/snap#Continuant
S	http://semanticscience.org/resource/CHEMINF_000224	http://www.ifomis.org/bfo/1.1/snap#DependentContinuant
S	http://semanticscience.org/resource/CHEMINF_000224	http://www.ifomis.org/bfo/1.1/snap#GenericallyDependentContinuant
S	http://semanticscience.org/resource/CHEMINF_000225	http://purl.obolibrary.org/obo/IAO_0000027
S	http://semanticscience.org/resource/CHEMINF_000225	http://purl.obolibrary.org/obo/IAO_0000030
S	http://semanticscience.org/resource/CHEMINF_000225	http://semanticscience.org/resource/CHEMINF_000016
S	http://semanticscience.org/resource/CHEMINF_000225	http://semanticscience.org/resource/CHEMINF_000017
S	http://semanticscience.org/resource/CHEMINF_000225	http://semanticscience.org/resource/CHEMINF_000065
S	http://semanticscience.org/resource/CHEMINF_000225	http://semanticscience.org/resource/CHEMINF_000123
S	http://semanticscience.org/resource/CHEMINF_000225	http://semanticscience.org/resource/CHEMINF_000208
S	http://semanticscience.org/resource/CHEMINF_000225	http://www.ifomis.org/bfo/1.1#Entity
S	http://semanticscience.org/resource/CHEMINF_000225	http://www.ifomis.org/bfo/1.1/snap#Continuant
S	http://semanticscience.org/resource/CHEMINF_000225	http://www.ifomis.org/bfo/1.1/snap#DependentContinuant
S	http://semanticscience.org/resource/CHEMINF_000225	http://www.ifomis.org/bfo/1.1/snap#GenericallyDependentContinuant
S	http://semanticscience.org/resource/CHEMINF_000226	http://purl.obolibrary.org/obo/IAO_0000027
S	http://semanticscience.org/resource/CHEMINF_000226	http://purl.obolibrary.org/obo/IAO_0000030
S	http://semanticscience.org/resource/CHEMINF_000226	http://semanticscience.org/resource/CHEMINF_000017
S	http://semanticscience.org/resource/CHEMINF_000226	http://semanticscience.org/resource/CHEMINF_000065
S	http://semanticscience.org/resource/CHEMINF_000226	http://semanticscience.org/resource/CHEMINF_000087
S	http://semanticscience.org/resource/CHEMINF_000226	http://semanticscience.org/resource/CHEMINF_000123
S	http://semanticscience.org/resource/CHEMINF_000226	http://semanticscience.org/resource/CHEMINF_000231
S	http://semanticscience.org/resource/CHEMINF_000226	http://www.ifomis.org/bfo/1.1#Entity
S	http://semanticscience.org/resource/CHEMINF_000226	http://www.ifomis.org/bfo/1.1/snap#Continuant
S	http://semanticscience.org/resource/CHEMINF_000226	http://www.ifomis.org/bfo/1.1/snap#DependentContinuant
S	http://semanticscience.org/resource/CHEMINF_000226	http://www.ifomis.org/bfo/1.1/snap#GenericallyDependentContinuant
S	http://semanticscience.org/resource/CHEMINF_000227	http://semanticscience.org/resource/CHEMINF_000031
S	http://semanticscience.org/resource/CHEMINF_000227	http://semanticscience.org/resource/CHEMINF_000086
S	http://semanticscience.org/resource/CHEMINF_000227	http://semanticscience.org/resource/CHEMINF_000211
S	http://semanticscience.org/resource/CHEMINF_000227	http://www.ifomis.org/bfo/1.1#Entity
S	http://semanticscience.org/resource/CHEMINF_000227	http://www.ifomis.org/bfo/1.1/snap#Continuant
S	http://semanticscience.org/resource/CHEMINF_000227	http://www.ifomis.org/bfo/1.1/snap#DependentContinuant
S	http://semanticscience.org/resource/CHEMINF_000227	http://www.ifomis.org/bfo/1.1/snap#Quality
S	http://semanticscience.org/resource/CHEMINF_000227	http://www.ifomis.org/bfo/1.1/snap#SpecificallyDependentContinuant
S	http://semanticscience.org/resource/CHEMINF_000229	http://purl.obolibrary.org/obo/IAO_0000027
S	http://semanticscience.org/resource/CHEMINF_000229	http://purl.obolibrary.org/obo/IAO_0000030
S	http://semanticscience.org/resource/CHEMINF_000229	http://semanticscience.org/resource/CHEMINF_000017
S	http://semanticscience.org/resource/CHEMINF_000229	http://semanticscience.org/resource/CHEMINF_000060
S	http://semanticscience.org/resource/CHEMINF_000229	http://semanticscience.org/resource/CHEMINF_000065
S	http://semanticscience.org/resource/CHEMINF_000229	http://semanticscience.org/resource/CHEMINF_000093
S	http://semanticscience.org/resource/CHEMINF_000229	http://semanticscience.org/resource/CHEMINF_000123
S	http://semanticscience.org/resource/CHEMINF_000229	http://www.ifomis.org/bfo/1.1#Entity
S	http://semanticscience.org/resource/CHEMINF_000229	http://www.ifomis.org/bfo/1.1/snap#Continuant
S	http://semanticscience.org/resource/CHEMINF_000229	http://www.ifomis.org/bfo/1.1/snap#DependentContinuant
S	http://semanticscience.org/resource/CHEMINF_000229	http://www.ifomis.org/bfo/1.1/snap#GenericallyDependentContinuant
S	http://semanticscience.org/resource/CHEMINF_000230	http://semanticscience.org/resource/CHEMINF_000031
S	http://semanticscience.org/resource/CHEMINF_000230	http://semanticscience.org/resource/CHEMINF_000086
S	http://semanticscience.org/resource/CHEMINF_000230	http://www.ifomis.org/bfo/1.1#Entity
S	http://semanticscience.org/resource/CHEMINF_000230	http://www.ifomis.org/bfo/1.1/snap#Continuant
S	http://semanticscience.org/resource/CHEMINF_000230	http://www.ifomis.org/bfo/1.1/snap#DependentContinuant
S	http://semanticscience.org/resource/CHEMINF_000230	http://www.ifomis.org/bfo/1.1/snap#Quality
S	http://semanticscience.org/resource/CHEMINF_000230	http://www.ifomis.org/bfo/1.1/snap#SpecificallyDependentContinuant
S	http://semanticscience.org/resource/CHEMINF_000231	http://purl.obolibrary.org/obo/IAO_0000027
S	http://semanticscience.org/resource/CHEMINF_000231	http://purl.obolibrary.org/obo/IAO_0000030
S	http://semanticscience.org/resource/CHEMINF_000231	http://semanticscience.org/resource/CHEMINF_000017
S	http://semanticscience.org/resource/CHEMINF_000231	http://semanticscience.org/resource/CHEMINF_000065
S	http://semanticscience.org/resource/CHEMINF_000231	http://semanticscience.org/resource/CHEMINF_000087
S	http://semanticscience.org/resource/CHEMINF_000231	http://semanticscience.org/resource/CHEMINF_000123
S	http://semanticscience.org/resource/CHEMINF_000231	http://www.ifomis.org/bfo/1.1#Entity
S	http://semanticscience.org/resource/CHEMINF_000231	http://www.ifomis.org/bfo/1.1/snap#Continuant
S	http://semanticscience.org/resource/CHEMINF_000231	http://www.ifomis.org/bfo/1.1/snap#DependentContinuant
S	http://semanticscience.org/resource/CHEMINF_000231	http://www.ifomis.org/bfo/1.1/snap#GenericallyDependentContinuant
S	http://semanticscience.org/resource/CHEMINF_000232	http://purl.obolibrary.org/obo/IAO_0000027
S	http://semanticscience.org/resource/CHEMINF_000232	http://purl.obolibrary.org/obo/IAO_0000030
S	http://semanticscience.org/resource/CHEMINF_000232	http://semanticscience.org/resource/CHEMINF_000017
S	http://semanticscience.org/resource/CHEMINF_000232	http://semanticscience.org/resource/CHEMINF_000065
S	http://semanticscience.org/resource/CHEMINF_000232	http://semanticscience.org/resource/CHEMINF_000123
S	http://semanticscience.org/resource/CHEMINF_000232	http://semanticscience.org/resource/CHEMINF_000136
S	http://semanticscience.org/resource/CHEMINF_000232	http://semanticscience.org/resource/CHEMINF_000209
S	http://semanticscience.org/resource/CHEMINF_000232	http://semanticscience.org/resource/CHEMINF_000263
S	http://semanticscience.org/resource/CHEMINF_000232	http://www.ifomis.org/bfo/1.1#Entity
S	http://semanticscience.org/resource/CHEMINF_000232	http://www.ifomis.org/bfo/1.1/snap#Continuant
S	http://semanticscience.org/resource/CHEMINF_000232	http://www.ifomis.org/bfo/1.1/snap#DependentContinuant
S	http://semanticscience.org/resource/CHEMINF_000232	http://www.ifomis.org/bfo/1.1/snap#GenericallyDependentContinuant
S	http://semanticscience.org/resource/CHEMINF_000233	http://purl.obolibrary.org/obo/IAO_0000027
S	http://semanticscience.org/resource/CHEMINF_000233	http://purl.obolibrary.org/obo/IAO_0000030
S	http://semanticscience.org/resource/CHEMINF_000233	http://semanticscience.org/resource/CHEMINF_000017
S	http://semanticscience.org/resource/CHEMINF_000233	http://semanticscience.org/resource/CHEMINF_000065
S	http://semanticscience.org/resource/CHEMINF_000233	http://semanticscience.org/resource/CHEMINF_000123
S	http://semanticscience.org/resource/CHEMINF_000233	http://semanticscience.org/resource/CHEMINF_000136
S	http://semanticscience.org/resource/CHEMINF_000233	http://semanticscience.org/resource/CHEMINF_000209
S	http://semanticscience.org/resource/CHEMINF_000233	http://www.ifomis.org/bfo/1.1#Entity
S	http://semanticscience.org/resource/CHEMINF_000233	http://www.ifomis.org/bfo/1.1/snap#Continuant
S	http://semanticscience.org/resource/CHEMINF_000233	http://www.ifomis.org/bfo/1.1/snap#DependentContinuant
S	http://semanticscience.org/resource/CHEMINF_000233	http://www.ifomis.org/bfo/1.1/snap#GenericallyDependentContinuant
S	http://semanticscience.org/resource/CHEMINF_000235	http://semanticscience.org/resource/CHEMINF_000404
S	http://semanticscience.org/resource/CHEMINF_000235	http://www.ifomis.org/bfo/1.1#Entity
S	http://semanticscience.org/resource/CHEMINF_000235	http://www.ifomis.org/bfo/1.1/snap#Continuant
S	http://semanticscience.org/resource/CHEMINF_000235	http://www.ifomis.org/bfo/1.1/snap#DependentContinuant
S	http://semanticscience.org/resource/CHEMINF_000235	http://www.ifomis.org/bfo/1.1/snap#Disposition
S	http://semanticscience.org/resource/CHEMINF_000235	http://www.ifomis.org/bfo/1.1/snap#RealizableEntity
S	http://semanticscience.org/resource/CHEMINF_000235	http://www.ifomis.org/bfo/1.1/snap#SpecificallyDependentContinuant
S	http://semanticscience.org/resource/CHEMINF_000236	http://semanticscience.org/resource/CHEMINF_000031
S	http://semanticscience.org/resource/CHEMINF_000236	http://semanticscience.org/resource/CHEMINF_000086
S	http://semanticscience.org/resource/CHEMINF_000236	http://www.ifomis.org/bfo/1.1#Entity
S	http://semanticscience.org/resource/CHEMINF_000236	http://www.ifomis.org/bfo/1.1/snap#Continuant
S	http://semanticscience.org/resource/CHEMINF_000236	http://www.ifomis.org/bfo/1.1/snap#DependentContinuant
S	http://semanticscience.org/resource/CHEMINF_000236	http://www.ifomis.org/bfo/1.1/snap#Quality
S	http://semanticscience.org/resource/CHEMINF_000236	http://www.ifomis.org/bfo/1.1/snap#SpecificallyDependentContinuant
S	http://semanticscience.org/resource/CHEMINF_000237	http://purl.obolibrary.org/obo/IAO_0000027
S	http://semanticscience.org/resource/CHEMINF_000237	http://purl.obolibrary.org/obo/IAO_0000030
S	http://semanticscience.org/resource/CHEMINF_000237	http://semanticscience.org/resource/CHEMINF_000017
S	http://semanticscience.org/resource/CHEMINF_000237	http://semanticscience.org/resource/CHEMINF_000056
S	http://semanticscience.org/resource/CHEMINF_000237	http://semanticscience.org/resource/CHEMINF_000065
S	http://semanticscience.org/resource/CHEMINF_000237	http://semanticscience.org/resource/CHEMINF_000087
S	http://semanticscience.org/resource/CHEMINF_000237	http://semanticscience.org/resource/CHEMINF_000123
S	http://semanticscience.org/resource/CHEMINF_000237	http://www.ifomis.org/bfo/1.1#Entity
S	http://semanticscience.org/resource/CHEMINF_000237	http://www.ifomis.org/bfo/1.1/snap#Continuant
S	http://semanticscience.org/resource/CHEMINF_000237	http://www.ifomis.org/bfo/1.1/snap#DependentContinuant
S	http://semanticscience.org/resource/CHEMINF_000237	http://www.ifomis.org/bfo/1.1/snap#GenericallyDependentContinuant
S	http://semanticscience.org/resource/CHEMINF_000239	http://purl.obolibrary.org/obo/IAO_0000027
S	http://semanticscience.org/resource/CHEMINF_000239	http://purl.obolibrary.org/obo/IAO_0000030
S	http://semanticscience.org/resource/CHEMINF_000239	http://semanticscience.org/resource/CHEMINF_000016
S	http://semanticscience.org/resource/CHEMINF_000239	http://semanticscience.org/resource/CHEMINF_000017
S	http://semanticscience.org/resource/CHEMINF_000239	http://semanticscience.org/resource/CHEMINF_000065
S	http://semanticscience.org/resource/CHEMINF_000239	http://semanticscience.org/resource/CHEMINF_000123
S	http://semanticscience.org/resource/CHEMINF_000239	http://semanticscience.org/resource/CHEMINF_000207
S	http://semanticscience.org/resource/CHEMINF_000239	http://www.ifomis.org/bfo/1.1#Entity
S	http://semanticscience.org/resource/CHEMINF_000239	http://www.ifomis.org/bfo/1.1/snap#Continuant
S	http://semanticscience.org/resource/CHEMINF_000239	http://www.ifomis.org/bfo/1.1/snap#DependentContinuant
S	http://semanticscience.org/resource/CHEMINF_000239	http://www.ifomis.org/bfo/1.1/snap#GenericallyDependentContinuant
S	http://semanticscience.org/resource/CHEMINF_000240	http://purl.obolibrary.org/obo/IAO_0000027
S	http://semanticscience.org/resource/CHEMINF_000240	http://purl.obolibrary.org/obo/IAO_0000030
S	http://semanticscience.org/resource/CHEMINF_000240	http://semanticscience.org/resource/CHEMINF_000017
S	http://semanticscience.org/resource/CHEMINF_000240	http://semanticscience.org/resource/CHEMINF_000065
S	http://semanticscience.org/resource/CHEMINF_000240	http://semanticscience.org/resource/CHEMINF_000123
S	http://semanticscience.org/resource/CHEMINF_000240	http://semanticscience.org/resource/CHEMINF_000136
S	http://semanticscience.org/resource/CHEMINF_000240	http://semanticscience.org/resource/CHEMINF_000209
S	http://semanticscience.org/resource/CHEMINF_000240	http://semanticscience.org/resource/CHEMINF_000246
S	http://semanticscience.org/resource/CHEMINF_000240	http://www.ifomis.org/bfo/1.1#Entity
S	http://semanticscience.org/resource/CHEMINF_000240	http://www.ifomis.org/bfo/1.1/snap#Continuant
S	http://semanticscience.org/resource/CHEMINF_000240	http://www.ifomis.org/bfo/1.1/snap#DependentContinuant
S	http://semanticscience.org/resource/CHEMINF_000240	http://www.ifomis.org/bfo/1.1/snap#GenericallyDependentContinuant
S	http://semanticscience.org/resource/CHEMINF_000241	http://purl.obolibrary.org/obo/IAO_0000027
S	http://semanticscience.org/resource/CHEMINF_000241	http://purl.obolibrary.org/obo/IAO_0000030
S	http://semanticscience.org/resource/CHEMINF_000241	http://semanticscience.org/resource/CHEMINF_000016
S	http://semanticscience.org/resource/CHEMINF_000241	http://semanticscience.org/resource/CHEMINF_000017
S	http://semanticscience.org/resource/CHEMINF_000241	http://semanticscience.org/resource/CHEMINF_000065
S	http://semanticscience.org/resource/CHEMINF_000241	http://semanticscience.org/resource/CHEMINF_000123
S	http://semanticscience.org/resource/CHEMINF_000241	http://semanticscience.org/resource/CHEMINF_000207
S	http://semanticscience.org/resource/CHEMINF_000241	http://www.ifomis.org/bfo/1.1#Entity
S	http://semanticscience.org/resource/CHEMINF_000241	http://www.ifomis.org/bfo/1.1/snap#Continuant
S	http://semanticscience.org/resource/CHEMINF_000241	http://www.ifomis.org/bfo/1.1/snap#DependentContinuant
S	http://semanticscience.org/resource/CHEMINF_000241	http://www.ifomis.org/bfo/1.1/snap#GenericallyDependentContinuant
S	http://semanticscience.org/resource/CHEMINF_000242	http://purl.obolibrary.org/obo/IAO_0000027
S	http://semanticscience.org/resource/CHEMINF_000242	http://purl.obolibrary.org/obo/IAO_0000030
S	http://semanticscience.org/resource/CHEMINF_000242	http://semanticscience.org/resource/CHEMINF_000017
S	http://semanticscience.org/resource/CHEMINF_000242	http://semanticscience.org/resource/CHEMINF_000060
S	http://semanticscience.org/resource/CHEMINF_000242	http://semanticscience.org/resource/CHEMINF_000065
S	http://semanticscience.org/resource/CHEMINF_000242	http://semanticscience.org/resource/CHEMINF_000093
S	http://semanticscience.org/resource/CHEMINF_000242	http://semanticscience.org/resource/CHEMINF_000123
S	http://semanticscience.org/resource/CHEMINF_000242	http://www.ifomis.org/bfo/1.1#Entity
S	http://semanticscience.org/resource/CHEMINF_000242	http://www.ifomis.org/bfo/1.1/snap#Continuant
S	http://semanticscience.org/resource/CHEMINF_000242	http://www.ifomis.org/bfo/1.1/snap#DependentContinuant
S	http://semanticscience.org/resource/CHEMINF_000242	http://www.ifomis.org/bfo/1.1/snap#GenericallyDependentContinuant
S	http://semanticscience.org/resource/CHEMINF_000243	http://purl.obolibrary.org/obo/IAO_0000027
S	http://semanticscience.org/resource/CHEMINF_000243	http://purl.obolibrary.org/obo/IAO_0000030
S	http://semanticscience.org/resource/CHEMINF_000243	http://semanticscience.org/resource/CHEMINF_000017
S	http://semanticscience.org/resource/CHEMINF_000243	http://semanticscience.org/resource/CHEMINF_000065
S	http://semanticscience.org/resource/CHEMINF_000243	http://semanticscience.org/resource/CHEMINF_000123
S	http://semanticscience.org/resource/CHEMINF_000243	http://semanticscience.org/resource/CHEMINF_000136
S	http://semanticscience.org/resource/CHEMINF_000243	http://semanticscience.org/resource/CHEMINF_000209
S	http://semanticscience.org/resource/CHEMINF_000243	http://semanticscience.org/resource/CHEMINF_000233
S	http://semanticscience.org/resource/CHEMINF_000243	http://www.ifomis.org/bfo/1.1#Entity
S	http://semanticscience.org/resource/CHEMINF_000243	http://www.ifomis.org/bfo/1.1/snap#Continuant
S	http://semanticscience.org/resource/CHEMINF_000243	http://www.ifomis.org/bfo/1.1/snap#DependentContinuant
S	http://semanticscience.org/resource/CHEMINF_000243	http://www.ifomis.org/bfo/1.1/snap#GenericallyDependentContinuant
S	http://semanticscience.org/resource/CHEMINF_000244	http://purl.obolibrary.org/obo/IAO_0000027
S	http://semanticscience.org/resource/CHEMINF_000244	http://purl.obolibrary.org/obo/IAO_0000030
S	http://semanticscience.org/resource/CHEMINF_000244	http://semanticscience.org/resource/CHEMINF_000017
S	http://semanticscience.org/resource/CHEMINF_000244	http://semanticscience.org/resource/CHEMINF_000065
S	http://semanticscience.org/resource/CHEMINF_000244	http://semanticscience.org/resource/CHEMINF_000123
S	http://semanticscience.org/resource/CHEMINF_000244	http://semanticscience.org/resource/CHEMINF_000136
S	http://semanticscience.org/resource/CHEMINF_000244	http://semanticscience.org/resource/CHEMINF_000209
S	http://semanticscience.org/resource/CHEMINF_000244	http://www.ifomis.org/bfo/1.1#Entity
S	http://semanticscience.org/resource/CHEMINF_000244	http://www.ifomis.org/bfo/1.1/snap#Continuant
S	http://semanticscience.org/resource/CHEMINF_000244	http://www.ifomis.org/bfo/1.1/snap#DependentContinuant
S	http://semanticscience.org/resource/CHEMINF_000244	http://www.ifomis.org/bfo/1.1/snap#GenericallyDependentContinuant
S	http://semanticscience.org/resource/CHEMINF_000245	http://purl.obolibrary.org/obo/IAO_0000027
S	http://semanticscience.org/resource/CHEMINF_000245	http://purl.obolibrary.org/obo/IAO_0000030
S	http://semanticscience.org/resource/CHEMINF_000245	http://semanticscience.org/resource/CHEMINF_000017
S	http://semanticscience.org/resource/CHEMINF_000245	http://semanticscience.org/resource/CHEMINF_000065
S	http://semanticscience.org/resource/CHEMINF_000245	http://semanticscience.org/resource/CHEMINF_000123
S	http://semanticscience.org/resource/CHEMINF_000245	http://semanticscience.org/resource/CHEMINF_000136
S	http://semanticscience.org/resource/CHEMINF_000245	http://semanticscience.org/resource/CHEMINF_000209
S	http://semanticscience.org/resource/CHEMINF_000245	http://www.ifomis.org/bfo/1.1#Entity
S	http://semanticscience.org/resource/CHEMINF_000245	http://www.ifomis.org/bfo/1.1/snap#Continuant
S	http://semanticscience.org/resource/CHEMINF_000245	http://www.ifomis.org/bfo/1.1/snap#DependentContinuant
S	http://semanticscience.org/resource/CHEMINF_000245	http://www.ifomis.org/bfo/1.1/snap#GenericallyDependentContinuant
S	http://semanticscience.org/resource/CHEMINF_000246	http://purl.obolibrary.org/obo/IAO_0000027
S	http://semanticscience.org/resource/CHEMINF_000246	http://purl.obolibrary.org/obo/IAO_0000030
S	http://semanticscience.org/resource/CHEMINF_000246	http://semanticscience.org/resource/CHEMINF_000017
S	http://semanticscience.org/resource/CHEMINF_000246	http://semanticscience.org/resource/CHEMINF_000065
S	http://semanticscience.org/resource/CHEMINF_000246	http://semanticscience.org/resource/CHEMINF_000123
S	http://semanticscience.org/resource/CHEMINF_000246	http://semanticscience.org/resource/CHEMINF_000136
S	http://semanticscience.org/resource/CHEMINF_000246	http://semanticscience.org/resource/CHEMINF_000209
S	http://semanticscience.org/resource/CHEMINF_000246	http://www.ifomis.org/bfo/1.1#Entity
S	http://semanticscience.org/resource/CHEMINF_000246	http://www.ifomis.org/bfo/1.1/snap#Continuant
S	http://semanticscience.org/resource/CHEMINF_000246	http://www.ifomis.org/bfo/1.1/snap#DependentContinuant
S	http://semanticscience.org/resource/CHEMINF_000246	http://www.ifomis.org/bfo/1.1/snap#GenericallyDependentContinuant
S	http://semanticscience.org/resource/CHEMINF_000247	http://semanticscience.org/resource/CHEMINF_000031
S	http://semanticscience.org/resource/CHEMINF_000247	http://semanticscience.org/resource/CHEMINF_000086
S	http://semanticscience.org/resource/CHEMINF_000247	http://semanticscience.org/resource/CHEMINF_000211
S	http://semanticscience.org/resource/CHEMINF_000247	http://semanticscience.org/resource/CHEMINF_000262
S	http://semanticscience.org/resource/CHEMINF_000247	http://www.ifomis.org/bfo/1.1#Entity
S	http://semanticscience.org/resource/CHEMINF_000247	http://www.ifomis.org/bfo/1.1/snap#Continuant
S	http://semanticscience.org/resource/CHEMINF_000247	http://www.ifomis.org/bfo/1.1/snap#DependentContinuant
S	http://semanticscience.org/resource/CHEMINF_000247	http://www.ifomis.org/bfo/1.1/snap#Quality
S	http://semanticscience.org/resource/CHEMINF_000247	http://www.ifomis.org/bfo/1.1/snap#SpecificallyDependentContinuant
S	http://semanticscience.org/resource/CHEMINF_000249	http://purl.obolibrary.org/obo/IAO_0000027
S	http://semanticscience.org/resource/CHEMINF_000249	http://purl.obolibrary.org/obo/IAO_0000030
S	http://semanticscience.org/resource/CHEMINF_000249	http://semanticscience.org/resource/CHEMINF_000016
S	http://semanticscience.org/resource/CHEMINF_000249	http://semanticscience.org/resource/CHEMINF_000017
S	http://semanticscience.org/resource/CHEMINF_000249	http://semanticscience.org/resource/CHEMINF_000065
S	http://semanticscience.org/resource/CHEMINF_000249	http://semanticscience.org/resource/CHEMINF_000123
S	http://semanticscience.org/resource/CHEMINF_000249	http://semanticscience.org/resource/CHEMINF_000208
S	http://semanticscience.org/resource/CHEMINF_000249	http://www.ifomis.org/bfo/1.1#Entity
S	http://semanticscience.org/resource/CHEMINF_000249	http://www.ifomis.org/bfo/1.1/snap#Continuant
S	http://semanticscience.org/resource/CHEMINF_000249	http://www.ifomis.org/bfo/1.1/snap#DependentContinuant
S	http://semanticscience.org/resource/CHEMINF_000249	http://www.ifomis.org/bfo/1.1/snap#GenericallyDependentContinuant
S	http://semanticscience.org/resource/CHEMINF_000250	http://purl.obolibrary.org/obo/IAO_0000027
S	http://semanticscience.org/resource/CHEMINF_000250	http://purl.obolibrary.org/obo/IAO_0000030
S	http://semanticscience.org/resource/CHEMINF_000250	http://semanticscience.org/resource/CHEMINF_000016
S	http://semanticscience.org/resource/CHEMINF_000250	http://semanticscience.org/resource/CHEMINF_000017
S	http://semanticscience.org/resource/CHEMINF_000250	http://semanticscience.org/resource/CHEMINF_000065
S	http://semanticscience.org/resource/CHEMINF_000250	http://semanticscience.org/resource/CHEMINF_000123
S	http://semanticscience.org/resource/CHEMINF_000250	http://semanticscience.org/resource/CHEMINF_000208
S	http://semanticscience.org/resource/CHEMINF_000250	http://www.ifomis.org/bfo/1.1#Entity
S	http://semanticscience.org/resource/CHEMINF_000250	http://www.ifomis.org/bfo/1.1/snap#Continuant
S	http://semanticscience.org/resource/CHEMINF_000250	http://www.ifomis.org/bfo/1.1/snap#DependentContinuant
S	http://semanticscience.org/resource/CHEMINF_000250	http://www.ifomis.org/bfo/1.1/snap#GenericallyDependentContinuant
S	http://semanticscience.org/resource/CHEMINF_000251	http://purl.obolibrary.org/obo/IAO_0000027
S	http://semanticscience.org/resource/CHEMINF_000251	http://purl.obolibrary.org/obo/IAO_0000030
S	http://semanticscience.org/resource/CHEMINF_000251	http://semanticscience.org/resource/CHEMINF_000017
S	http://semanticscience.org/resource/CHEMINF_000251	http://semanticscience.org/resource/CHEMINF_000025
S	http://semanticscience.org/resource/CHEMINF_000251	http://semanticscience.org/resource/CHEMINF_000123
S	http://semanticscience.org/resource/CHEMINF_000251	http://www.ifomis.org/bfo/1.1#Entity
S	http://semanticscience.org/resource/CHEMINF_000251	http://www.ifomis.org/bfo/1.1/snap#Continuant
S	http://semanticscience.org/resource/CHEMINF_000251	http://www.ifomis.org/bfo/1.1/snap#DependentContinuant
S	http://semanticscience.org/resource/CHEMINF_000251	http://www.ifomis.org/bfo/1.1/snap#GenericallyDependentContinuant
S	http://semanticscience.org/resource/CHEMINF_000252	http://purl.obolibrary.org/obo/IAO_0000027
S	http://semanticscience.org/resource/CHEMINF_000252	http://purl.obolibrary.org/obo/IAO_0000030
S	http://semanticscience.org/resource/CHEMINF_000252	http://semanticscience.org/resource/CHEMINF_000016
S	http://semanticscience.org/resource/CHEMINF_000252	http://semanticscience.org/resource/CHEMINF_000017
S	http://semanticscience.org/resource/CHEMINF_000252	http://semanticscience.org/resource/CHEMINF_000123
S	http://semanticscience.org/resource/CHEMINF_000252	http://semanticscience.org/resource/CHEMINF_000210
S	http://semanticscience.org/resource/CHEMINF_000252	http://www.ifomis.org/bfo/1.1#Entity
S	http://semanticscience.org/resource/CHEMINF_000252	http://www.ifomis.org/bfo/1.1/snap#Continuant
S	http://semanticscience.org/resource/CHEMINF_000252	http://www.ifomis.org/bfo/1.1/snap#DependentContinuant
S	http://semanticscience.org/resource/CHEMINF_000252	http://www.ifomis.org/bfo/1.1/snap#GenericallyDependentContinuant
S	http://semanticscience.org/resource/CHEMINF_000254	http://purl.obolibrary.org/obo/IAO_0000027
S	http://semanticscience.org/resource/CHEMINF_000254	http://purl.obolibrary.org/obo/IAO_0000030
S	http://semanticscience.org/resource/CHEMINF_000254	http://semanticscience.org/resource/CHEMINF_000017
S	http://semanticscience.org/resource/CHEMINF_000254	http://semanticscience.org/resource/CHEMINF_000065
S	http://semanticscience.org/resource/CHEMINF_000254	http://semanticscience.org/resource/CHEMINF_000123
S	http://semanticscience.org/resource/CHEMINF_000254	http://semanticscience.org/resource/CHEMINF_000136
S	http://semanticscience.org/resource/CHEMINF_000254	http://semanticscience.org/resource/CHEMINF_000209
S	http://semanticscience.org/resource/CHEMINF_000254	http://semanticscience.org/resource/CHEMINF_000233
S	http://semanticscience.org/resource/CHEMINF_000254	http://www.ifomis.org/bfo/1.1#Entity
S	http://semanticscience.org/resource/CHEMINF_000254	http://www.ifomis.org/bfo/1.1/snap#Continuant
S	http://semanticscience.org/resource/CHEMINF_000254	http://www.ifomis.org/bfo/1.1/snap#DependentContinuant
S	http://semanticscience.org/resource/CHEMINF_000254	http://www.ifomis.org/bfo/1.1/snap#GenericallyDependentContinuant
S	http://semanticscience.org/resource/CHEMINF_000258	http://semanticscience.org/resource/CHEMINF_000404
S	http://semanticscience.org/resource/CHEMINF_000258	http://www.ifomis.org/bfo/1.1#Entity
S	http://semanticscience.org/resource/CHEMINF_000258	http://www.ifomis.org/bfo/1.1/snap#Continuant
S	http://semanticscience.org/resource/CHEMINF_000258	http://www.ifomis.org/bfo/1.1/snap#DependentContinuant
S	http://semanticscience.org/resource/CHEMINF_000258	http://www.ifomis.org/bfo/1.1/snap#Disposition
S	http://semanticscience.org/resource/CHEMINF_000258	http://www.ifomis.org/bfo/1.1/snap#RealizableEntity
S	http://semanticscience.org/resource/CHEMINF_000258	http://www.ifomis.org/bfo/1.1/snap#SpecificallyDependentContinuant
S	http://semanticscience.org/resource/CHEMINF_000259	http://semanticscience.org/resource/CHEMINF_000404
S	http://semanticscience.org/resource/CHEMINF_000259	http://www.ifomis.org/bfo/1.1#Entity
S	http://semanticscience.org/resource/CHEMINF_000259	http://www.ifomis.org/bfo/1.1/snap#Continuant
S	http://semanticscience.org/resource/CHEMINF_000259	http://www.ifomis.org/bfo/1.1/snap#DependentContinuant
S	http://semanticscience.org/resource/CHEMINF_000259	http://www.ifomis.org/bfo/1.1/snap#Disposition
S	http://semanticscience.org/resource/CHEMINF_000259	http://www.ifomis.org/bfo/1.1/snap#RealizableEntity
S	http://semanticscience.org/resource/CHEMINF_000259	http://www.ifomis.org/bfo/1.1/snap#SpecificallyDependentContinuant
S	http://semanticscience.org/resource/CHEMINF_000260	http://purl.obolibrary.org/obo/IAO_0000027
S	http://semanticscience.org/resource/CHEMINF_000260	http://purl.obolibrary.org/obo/IAO_0000030
S	http://semanticscience.org/resource/CHEMINF_000260	http://semanticscience.org/resource/CHEMINF_000016
S	http://semanticscience.org/resource/CHEMINF_000260	http://semanticscience.org/resource/CHEMINF_000017
S	http://semanticscience.org/resource/CHEMINF_000260	http://semanticscience.org/resource/CHEMINF_000065
S	http://semanticscience.org/resource/CHEMINF_000260	http://semanticscience.org/resource/CHEMINF_000123
S	http://semanticscience.org/resource/CHEMINF_000260	http://semanticscience.org/resource/CHEMINF_000207
S	http://semanticscience.org/resource/CHEMINF_000260	http://www.ifomis.org/bfo/1.1#Entity
S	http://semanticscience.org/resource/CHEMINF_000260	http://www.ifomis.org/bfo/1.1/snap#Continuant
S	http://semanticscience.org/resource/CHEMINF_000260	http://www.ifomis.org/bfo/1.1/snap#DependentContinuant
S	http://semanticscience.org/resource/CHEMINF_000260	http://www.ifomis.org/bfo/1.1/snap#GenericallyDependentContinuant
S	http://semanticscience.org/resource/CHEMINF_000262	http://semanticscience.org/resource/CHEMINF_000031
S	http://semanticscience.org/resource/CHEMINF_000262	http://semanticscience.org/resource/CHEMINF_000086
S	http://semanticscience.org/resource/CHEMINF_000262	http://semanticscience.org/resource/CHEMINF_000211
S	http://semanticscience.org/resource/CHEMINF_000262	http://www.ifomis.org/bfo/1.1#Entity
S	http://semanticscience.org/resource/CHEMINF_000262	http://www.ifomis.org/bfo/1.1/snap#Continuant
S	http://semanticscience.org/resource/CHEMINF_000262	http://www.ifomis.org/bfo/1.1/snap#DependentContinuant
S	http://semanticscience.org/resource/CHEMINF_000262	http://www.ifomis.org/bfo/1.1/snap#Quality
S	http://semanticscience.org/resource/CHEMINF_000262	http://www.ifomis.org/bfo/1.1/snap#SpecificallyDependentContinuant
S	http://semanticscience.org/resource/CHEMINF_000263	http://purl.obolibrary.org/obo/IAO_0000027
S	http://semanticscience.org/resource/CHEMINF_000263	http://purl.obolibrary.org/obo/IAO_0000030
S	http://semanticscience.org/resource/CHEMINF_000263	http://semanticscience.org/resource/CHEMINF_000017
S	http://semanticscience.org/resource/CHEMINF_000263	http://semanticscience.org/resource/CHEMINF_000065
S	http://semanticscience.org/resource/CHEMINF_000263	http://semanticscience.org/resource/CHEMINF_000123
S	http://semanticscience.org/resource/CHEMINF_000263	http://semanticscience.org/resource/CHEMINF_000136
S	http://semanticscience.org/resource/CHEMINF_000263	http://semanticscience.org/resource/CHEMINF_000209
S	http://semanticscience.org/resource/CHEMINF_000263	http://www.ifomis.org/bfo/1.1#Entity
S	http://semanticscience.org/resource/CHEMINF_000263	http://www.ifomis.org/bfo/1.1/snap#Continuant
S	http://semanticscience.org/resource/CHEMINF_000263	http://www.ifomis.org/bfo/1.1/snap#DependentContinuant
S	http://semanticscience.org/resource/CHEMINF_000263	http://www.ifomis.org/bfo/1.1/snap#GenericallyDependentContinuant
S	http://semanticscience.org/resource/CHEMINF_000264	http://purl.obolibrary.org/obo/IAO_0000027
S	http://semanticscience.org/resource/CHEMINF_000264	http://purl.obolibrary.org/obo/IAO_0000030
S	http://semanticscience.org/resource/CHEMINF_000264	http://semanticscience.org/resource/CHEMINF_000017
S	http://semanticscience.org/resource/CHEMINF_000264	http://semanticscience.org/resource/CHEMINF_000065
S	http://semanticscience.org/resource/CHEMINF_000264	http://semanticscience.org/resource/CHEMINF_000087
S	http://semanticscience.org/resource/CHEMINF_000264	http://semanticscience.org/resource/CHEMINF_000123
S	http://semanticscience.org/resource/CHEMINF_000264	http://semanticscience.org/resource/CHEMINF_000231
S	http://semanticscience.org/resource/CHEMINF_000264	http://www.ifomis.org/bfo/1.1#Entity
S	http://semanticscience.org/resource/CHEMINF_000264	http://www.ifomis.org/bfo/1.1/snap#Continuant
S	http://semanticscience.org/resource/CHEMINF_000264	http://www.ifomis.org/bfo/1.1/snap#DependentContinuant
S	http://semanticscience.org/resource/CHEMINF_000264	http://www.ifomis.org/bfo/1.1/snap#GenericallyDependentContinuant
S	http://semanticscience.org/resource/CHEMINF_000265	http://purl.obolibrary.org/obo/IAO_0000027
S	http://semanticscience.org/resource/CHEMINF_000265	http://purl.obolibrary.org/obo/IAO_0000030
S	http://semanticscience.org/resource/CHEMINF_000265	http://semanticscience.org/resource/CHEMINF_000016
S	http://semanticscience.org/resource/CHEMINF_000265	http://semanticscience.org/resource/CHEMINF_000017
S	http://semanticscience.org/resource/CHEMINF_000265	http://semanticscience.org/resource/CHEMINF_000123
S	http://semanticscience.org/resource/CHEMINF_000265	http://semanticscience.org/resource/CHEMINF_000210
S	http://semanticscience.org/resource/CHEMINF_000265	http://www.ifomis.org/bfo/1.1#Entity
S	http://semanticscience.org/resource/CHEMINF_000265	http://www.ifomis.org/bfo/1.1/snap#Continuant
S	http://semanticscience.org/resource/CHEMINF_000265	http://www.ifomis.org/bfo/1.1/snap#DependentContinuant
S	http://semanticscience.org/resource/CHEMINF_000265	http://www.ifomis.org/bfo/1.1/snap#GenericallyDependentContinuant
S	http://semanticscience.org/resource/CHEMINF_000266	http://semanticscience.org/resource/CHEMINF_000000
S	http://semanticscience.org/resource/CHEMINF_000266	http://www.ifomis.org/bfo/1.1#Entity
S	http://semanticscience.org/resource/CHEMINF_000266	http://www.ifomis.org/bfo/1.1/snap#Continuant
S	http://semanticscience.org/resource/CHEMINF_000266	http://www.ifomis.org/bfo/1.1/snap#IndependentContinuant
S	http://semanticscience.org/resource/CHEMINF_000266	http://www.ifomis.org/bfo/1.1/snap#MaterialEntity
S	http://semanticscience.org/resource/CHEMINF_000270	http://purl.obolibrary.org/obo/IAO_0000027
S	http://semanticscience.org/resource/CHEMINF_000270	http://purl.obolibrary.org/obo/IAO_0000030
S	http://semanticscience.org/resource/CHEMINF_000270	http://semanticscience.org/resource/CHEMINF_000017
S	http://semanticscience.org/resource/CHEMINF_000270	http://semanticscience.org/resource/CHEMINF_000123
S	http://semanticscience.org/resource/CHEMINF_000270	http://semanticscience.org/resource/CHEMINF_000136
S	http://semanticscience.org/resource/CHEMINF_000270	http://semanticscience.org/resource/CHEMINF_000209
S	http://semanticscience.org/resource/CHEMINF_000270	http://www.ifomis.org/bfo/1.1#Entity
S	http://semanticscience.org/resource/CHEMINF_000270	http://www.ifomis.org/bfo/1.1/snap#Continuant
S	http://semanticscience.org/resource/CHEMINF_000270	http://www.ifomis.org/bfo/1.1/snap#DependentContinuant
S	http://semanticscience.org/resource/CHEMINF_000270	http://www.ifomis.org/bfo/1.1/snap#GenericallyDependentContinuant
S	http://semanticscience.org/resource/CHEMINF_000271	http://purl.obolibrary.org/obo/IAO_0000027
S	http://semanticscience.org/resource/CHEMINF_000271	http://purl.obolibrary.org/obo/IAO_0000030
S	http://semanticscience.org/resource/CHEMINF_000271	http://semanticscience.org/resource/CHEMINF_000017
S	http://semanticscience.org/resource/CHEMINF_000271	http://semanticscience.org/resource/CHEMINF_000123
S	http://semanticscience.org/resource/CHEMINF_000271	http://semanticscience.org/resource/CHEMINF_000136
S	http://semanticscience.org/resource/CHEMINF_000271	http://semanticscience.org/resource/CHEMINF_000209
S	http://semanticscience.org/resource/CHEMINF_000271	http://semanticscience.org/resource/CHEMINF_000270
S	http://semanticscience.org/resource/CHEMINF_000271	http://www.ifomis.org/bfo/1.1#Entity
S	http://semanticscience.org/resource/CHEMINF_000271	http://www.ifomis.org/bfo/1.1/snap#Continuant
S	http://semanticscience.org/resource/CHEMINF_000271	http://www.ifomis.org/bfo/1.1/snap#DependentContinuant
S	http://semanticscience.org/resource/CHEMINF_000271	http://www.ifomis.org/bfo/1.1/snap#GenericallyDependentContinuant
S	http://semanticscience.org/resource/CHEMINF_000272	http://purl.obolibrary.org/obo/IAO_0000027
S	http://semanticscience.org/resource/CHEMINF_000272	http://purl.obolibrary.org/obo/IAO_0000030
S	http://semanticscience.org/resource/CHEMINF_000272	http://semanticscience.org/resource/CHEMINF_000017
S	http://semanticscience.org/resource/CHEMINF_000272	http://semanticscience.org/resource/CHEMINF_000123
S	http://semanticscience.org/resource/CHEMINF_000272	http://semanticscience.org/resource/CHEMINF_000136
S	http://semanticscience.org/resource/CHEMINF_000272	http://semanticscience.org/resource/CHEMINF_000209
S	http://semanticscience.org/resource/CHEMINF_000272	http://semanticscience.org/resource/CHEMINF_000270
S	http://semanticscience.org/resource/CHEMINF_000272	http://www.ifomis.org/bfo/1.1#Entity
S	http://semanticscience.org/resource/CHEMINF_000272	http://www.ifomis.org/bfo/1.1/snap#Continuant
S	http://semanticscience.org/resource/CHEMINF_000272	http://www.ifomis.org/bfo/1.1/snap#DependentContinuant
S	http://semanticscience.org/resource/CHEMINF_000272	http://www.ifomis.org/bfo/1.1/snap#GenericallyDependentContinuant
S	http://semanticscience.org/resource/CHEMINF_000273	http://purl.obolibrary.org/obo/IAO_0000027
S	http://semanticscience.org/resource/CHEMINF_000273	http://purl.obolibrary.org/obo/IAO_0000030
S	http://semanticscience.org/resource/CHEMINF_000273	http://semanticscience.org/resource/CHEMINF_000017
S	http://semanticscience.org/resource/CHEMINF_000273	http://semanticscience.org/resource/CHEMINF_000123
S	http://semanticscience.org/resource/CHEMINF_000273	http://semanticscience.org/resource/CHEMINF_000136
S	http://semanticscience.org/resource/CHEMINF_000273	http://semanticscience.org/resource/CHEMINF_000209
S	http://semanticscience.org/resource/CHEMINF_000273	http://semanticscience.org/resource/CHEMINF_000270
S	http://semanticscience.org/resource/CHEMINF_000273	http://www.ifomis.org/bfo/1.1#Entity
S	http://semanticscience.org/resource/CHEMINF_000273	http://www.ifomis.org/bfo/1.1/snap#Continuant
S	http://semanticscience.org/resource/CHEMINF_000273	http://www.ifomis.org/bfo/1.1/snap#DependentContinuant
S	http://semanticscience.org/resource/CHEMINF_000273	http://www.ifomis.org/bfo/1.1/snap#GenericallyDependentContinuant
S	http://semanticscience.org/resource/CHEMINF_000274	http://purl.obolibrary.org/obo/IAO_0000027
S	http://semanticscience.org/resource/CHEMINF_000274	http://purl.obolibrary.org/obo/IAO_0000030
S	http://semanticscience.org/resource/CHEMINF_000274	http://semanticscience.org/resource/CHEMINF_000017
S	http://semanticscience.org/resource/CHEMINF_000274	http://semanticscience.org/resource/CHEMINF_000123
S	http://semanticscience.org/resource/CHEMINF_000274	http://semanticscience.org/resource/CHEMINF_000136
S	http://semanticscience.org/resource/CHEMINF_000274	http://semanticscience.org/resource/CHEMINF_000209
S	http://semanticscience.org/resource/CHEMINF_000274	http://semanticscience.org/resource/CHEMINF_000270
S	http://semanticscience.org/resource/CHEMINF_000274	http://www.ifomis.org/bfo/1.1#Entity
S	http://semanticscience.org/resource/CHEMINF_000274	http://www.ifomis.org/bfo/1.1/snap#Continuant
S	http://semanticscience.org/resource/CHEMINF_000274	http://www.ifomis.org/bfo/1.1/snap#DependentContinuant
S	http://semanticscience.org/resource/CHEMINF_000274	http://www.ifomis.org/bfo/1.1/snap#GenericallyDependentContinuant
S	http://semanticscience.org/resource/CHEMINF_000275	http://purl.obolibrary.org/obo/IAO_0000027
S	http://semanticscience.org/resource/CHEMINF_000275	http://purl.obolibrary.org/obo/IAO_0000030
S	http://semanticscience.org/resource/CHEMINF_000275	http://semanticscience.org/resource/CHEMINF_000017
S	http://semanticscience.org/resource/CHEMINF_000275	http://semanticscience.org/resource/CHEMINF_000123
S	http://semanticscience.org/resource/CHEMINF_000275	http://semanticscience.org/resource/CHEMINF_000136
S	http://semanticscience.org/resource/CHEMINF_000275	http://semanticscience.org/resource/CHEMINF_000209
S	http://semanticscience.org/resource/CHEMINF_000275	http://semanticscience.org/resource/CHEMINF_000270
S	http://semanticscience.org/resource/CHEMINF_000275	http://www.ifomis.org/bfo/1.1#Entity
S	http://semanticscience.org/resource/CHEMINF_000275	http://www.ifomis.org/bfo/1.1/snap#Continuant
S	http://semanticscience.org/resource/CHEMINF_000275	http://www.ifomis.org/bfo/1.1/snap#DependentContinuant
S	http://semanticscience.org/resource/CHEMINF_000275	http://www.ifomis.org/bfo/1.1/snap#GenericallyDependentContinuant
S	http://semanticscience.org/resource/CHEMINF_000276	http://purl.obolibrary.org/obo/IAO_0000027
S	http://semanticscience.org/resource/CHEMINF_000276	http://purl.obolibrary.org/obo/IAO_0000030
S	http://semanticscience.org/resource/CHEMINF_000276	http://semanticscience.org/resource/CHEMINF_000017
S	http://semanticscience.org/resource/CHEMINF_000276	http://semanticscience.org/resource/CHEMINF_000123
S	http://semanticscience.org/resource/CHEMINF_000276	http://semanticscience.org/resource/CHEMINF_000136
S	http://semanticscience.org/resource/CHEMINF_000276	http://semanticscience.org/resource/CHEMINF_000209
S	http://semanticscience.org/resource/CHEMINF_000276	http://semanticscience.org/resource/CHEMINF_000270
S	http://semanticscience.org/resource/CHEMINF_000276	http://www.ifomis.org/bfo/1.1#Entity
S	http://semanticscience.org/resource/CHEMINF_000276	http://www.ifomis.org/bfo/1.1/snap#Continuant
S	http://semanticscience.org/resource/CHEMINF_000276	http://www.ifomis.org/bfo/1.1/snap#DependentContinuant
S	http://semanticscience.org/resource/CHEMINF_000276	http://www.ifomis.org/bfo/1.1/snap#GenericallyDependentContinuant
S	http://semanticscience.org/resource/CHEMINF_000277	http://purl.obolibrary.org/obo/IAO_0000027
S	http://semanticscience.org/resource/CHEMINF_000277	http://purl.obolibrary.org/obo/IAO_0000030
S	http://semanticscience.org/resource/CHEMINF_000277	http://semanticscience.org/resource/CHEMINF_000017
S	http://semanticscience.org/resource/CHEMINF_000277	http://semanticscience.org/resource/CHEMINF_000123
S	http://semanticscience.org/resource/CHEMINF_000277	http://semanticscience.org/resource/CHEMINF_000136
S	http://semanticscience.org/resource/CHEMINF_000277	http://semanticscience.org/resource/CHEMINF_000209
S	http://semanticscience.org/resource/CHEMINF_000277	http://semanticscience.org/resource/CHEMINF_000270
S	http://semanticscience.org/resource/CHEMINF_000277	http://www.ifomis.org/bfo/1.1#Entity
S	http://semanticscience.org/resource/CHEMINF_000277	http://www.ifomis.org/bfo/1.1/snap#Continuant
S	http://semanticscience.org/resource/CHEMINF_000277	http://www.ifomis.org/bfo/1.1/snap#DependentContinuant
S	http://semanticscience.org/resource/CHEMINF_000277	http://www.ifomis.org/bfo/1.1/snap#GenericallyDependentContinuant
S	http://semanticscience.org/resource/CHEMINF_000278	http://purl.obolibrary.org/obo/IAO_0000027
S	http://semanticscience.org/resource/CHEMINF_000278	http://purl.obolibrary.org/obo/IAO_0000030
S	http://semanticscience.org/resource/CHEMINF_000278	http://semanticscience.org/resource/CHEMINF_000017
S	http://semanticscience.org/resource/CHEMINF_000278	http://semanticscience.org/resource/CHEMINF_000123
S	http://semanticscience.org/resource/CHEMINF_000278	http://semanticscience.org/resource/CHEMINF_000136
S	http://semanticscience.org/resource/CHEMINF_000278	http://semanticscience.org/resource/CHEMINF_000209
S	http://semanticscience.org/resource/CHEMINF_000278	http://semanticscience.org/resource/CHEMINF_000270
S	http://semanticscience.org/resource/CHEMINF_000278	http://www.ifomis.org/bfo/1.1#Entity
S	http://semanticscience.org/resource/CHEMINF_000278	http://www.ifomis.org/bfo/1.1/snap#Continuant
S	http://semanticscience.org/resource/CHEMINF_000278	http://www.ifomis.org/bfo/1.1/snap#DependentContinuant
S	http://semanticscience.org/resource/CHEMINF_000278	http://www.ifomis.org/bfo/1.1/snap#GenericallyDependentContinuant
S	http://semanticscience.org/resource/CHEMINF_000279	http://purl.obolibrary.org/obo/IAO_0000027
S	http://semanticscience.org/resource/CHEMINF_000279	http://purl.obolibrary.org/obo/IAO_0000030
S	http://semanticscience.org/resource/CHEMINF_000279	http://semanticscience.org/resource/CHEMINF_000017
S	http://semanticscience.org/resource/CHEMINF_000279	http://semanticscience.org/resource/CHEMINF_000123
S	http://semanticscience.org/resource/CHEMINF_000279	http://semanticscience.org/resource/CHEMINF_000136
S	http://semanticscience.org/resource/CHEMINF_000279	http://semanticscience.org/resource/CHEMINF_000209
S	http://semanticscience.org/resource/CHEMINF_000279	http://semanticscience.org/resource/CHEMINF_000270
S	http://semanticscience.org/resource/CHEMINF_000279	http://www.ifomis.org/bfo/1.1#Entity
S	http://semanticscience.org/resource/CHEMINF_000279	http://www.ifomis.org/bfo/1.1/snap#Continuant
S	http://semanticscience.org/resource/CHEMINF_000279	http://www.ifomis.org/bfo/1.1/snap#DependentContinuant
S	http://semanticscience.org/resource/CHEMINF_000279	http://www.ifomis.org/bfo/1.1/snap#GenericallyDependentContinuant
S	http://semanticscience.org/resource/CHEMINF_000281	http://purl.obolibrary.org/obo/IAO_0000027
S	http://semanticscience.org/resource/CHEMINF_000281	http://purl.obolibrary.org/obo/IAO_0000030
S	http://semanticscience.org/resource/CHEMINF_000281	http://semanticscience.org/resource/CHEMINF_000017
S	http://semanticscience.org/resource/CHEMINF_000281	http://semanticscience.org/resource/CHEMINF_000123
S	http://semanticscience.org/resource/CHEMINF_000281	http://semanticscience.org/resource/CHEMINF_000136
S	http://semanticscience.org/resource/CHEMINF_000281	http://semanticscience.org/resource/CHEMINF_000209
S	http://semanticscience.org/resource/CHEMINF_000281	http://semanticscience.org/resource/CHEMINF_000270
S	http://semanticscience.org/resource/CHEMINF_000281	http://www.ifomis.org/bfo/1.1#Entity
S	http://semanticscience.org/resource/CHEMINF_000281	http://www.ifomis.org/bfo/1.1/snap#Continuant
S	http://semanticscience.org/resource/CHEMINF_000281	http://www.ifomis.org/bfo/1.1/snap#DependentContinuant
S	http://semanticscience.org/resource/CHEMINF_000281	http://www.ifomis.org/bfo/1.1/snap#GenericallyDependentContinuant
S	http://semanticscience.org/resource/CHEMINF_000282	http://purl.obolibrary.org/obo/IAO_0000027
S	http://semanticscience.org/resource/CHEMINF_000282	http://purl.obolibrary.org/obo/IAO_0000030
S	http://semanticscience.org/resource/CHEMINF_000282	http://semanticscience.org/resource/CHEMINF_000017
S	http://semanticscience.org/resource/CHEMINF_000282	http://semanticscience.org/resource/CHEMINF_000123
S	http://semanticscience.org/resource/CHEMINF_000282	http://semanticscience.org/resource/CHEMINF_000136
S	http://semanticscience.org/resource/CHEMINF_000282	http://semanticscience.org/resource/CHEMINF_000209
S	http://semanticscience.org/resource/CHEMINF_000282	http://semanticscience.org/resource/CHEMINF_000270
S	http://semanticscience.org/resource/CHEMINF_000282	http://www.ifomis.org/bfo/1.1#Entity
S	http://semanticscience.org/resource/CHEMINF_000282	http://www.ifomis.org/bfo/1.1/snap#Continuant
S	http://semanticscience.org/resource/CHEMINF_000282	http://www.ifomis.org/bfo/1.1/snap#DependentContinuant
S	http://semanticscience.org/resource/CHEMINF_000282	http://www.ifomis.org/bfo/1.1/snap#GenericallyDependentContinuant
S	http://semanticscience.org/resource/CHEMINF_000283	http://purl.obolibrary.org/obo/IAO_0000027
S	http://semanticscience.org/resource/CHEMINF_000283	http://purl.obolibrary.org/obo/IAO_0000030
S	http://semanticscience.org/resource/CHEMINF_000283	http://semanticscience.org/resource/CHEMINF_000017
S	http://semanticscience.org/resource/CHEMINF_000283	http://semanticscience.org/resource/CHEMINF_000123
S	http://semanticscience.org/resource/CHEMINF_000283	http://semanticscience.org/resource/CHEMINF_000136
S	http://semanticscience.org/resource/CHEMINF_000283	http://semanticscience.org/resource/CHEMINF_000209
S	http://semanticscience.org/resource/CHEMINF_000283	http://semanticscience.org/resource/CHEMINF_000270
S	http://semanticscience.org/resource/CHEMINF_000283	http://www.ifomis.org/bfo/1.1#Entity
S	http://semanticscience.org/resource/CHEMINF_000283	http://www.ifomis.org/bfo/1.1/snap#Continuant
S	http://semanticscience.org/resource/CHEMINF_000283	http://www.ifomis.org/bfo/1.1/snap#DependentContinuant
S	http://semanticscience.org/resource/CHEMINF_000283	http://www.ifomis.org/bfo/1.1/snap#GenericallyDependentContinuant
S	http://semanticscience.org/resource/CHEMINF_000284	http://purl.obolibrary.org/obo/IAO_0000027
S	http://semanticscience.org/resource/CHEMINF_000284	http://purl.obolibrary.org/obo/IAO_0000030
S	http://semanticscience.org/resource/CHEMINF_000284	http://semanticscience.org/resource/CHEMINF_000017
S	http://semanticscience.org/resource/CHEMINF_000284	http://semanticscience.org/resource/CHEMINF_000123
S	http://semanticscience.org/resource/CHEMINF_000284	http://semanticscience.org/resource/CHEMINF_000136
S	http://semanticscience.org/resource/CHEMINF_000284	http://semanticscience.org/resource/CHEMINF_000209
S	http://semanticscience.org/resource/CHEMINF_000284	http://semanticscience.org/resource/CHEMINF_000270
S	http://semanticscience.org/resource/CHEMINF_000284	http://www.ifomis.org/bfo/1.1#Entity
S	http://semanticscience.org/resource/CHEMINF_000284	http://www.ifomis.org/bfo/1.1/snap#Continuant
S	http://semanticscience.org/resource/CHEMINF_000284	http://www.ifomis.org/bfo/1.1/snap#DependentContinuant
S	http://semanticscience.org/resource/CHEMINF_000284	http://www.ifomis.org/bfo/1.1/snap#GenericallyDependentContinuant
S	http://semanticscience.org/resource/CHEMINF_000285	http://purl.obolibrary.org/obo/IAO_0000027
S	http://semanticscience.org/resource/CHEMINF_000285	http://purl.obolibrary.org/obo/IAO_0000030
S	http://semanticscience.org/resource/CHEMINF_000285	http://semanticscience.org/resource/CHEMINF_000017
S	http://semanticscience.org/resource/CHEMINF_000285	http://semanticscience.org/resource/CHEMINF_000123
S	http://semanticscience.org/resource/CHEMINF_000285	http://semanticscience.org/resource/CHEMINF_000136
S	http://semanticscience.org/resource/CHEMINF_000285	http://semanticscience.org/resource/CHEMINF_000209
S	http://semanticscience.org/resource/CHEMINF_000285	http://semanticscience.org/resource/CHEMINF_000270
S	http://semanticscience.org/resource/CHEMINF_000285	http://www.ifomis.org/bfo/1.1#Entity
S	http://semanticscience.org/resource/CHEMINF_000285	http://www.ifomis.org/bfo/1.1/snap#Continuant
S	http://semanticscience.org/resource/CHEMINF_000285	http://www.ifomis.org/bfo/1.1/snap#DependentContinuant
S	http://semanticscience.org/resource/CHEMINF_000285	http://www.ifomis.org/bfo/1.1/snap#GenericallyDependentContinuant
S	http://semanticscience.org/resource/CHEMINF_000286	http://purl.obolibrary.org/obo/IAO_0000027
S	http://semanticscience.org/resource/CHEMINF_000286	http://purl.obolibrary.org/obo/IAO_0000030
S	http://semanticscience.org/resource/CHEMINF_000286	http://semanticscience.org/resource/CHEMINF_000017
S	http://semanticscience.org/resource/CHEMINF_000286	http://semanticscience.org/resource/CHEMINF_000123
S	http://semanticscience.org/resource/CHEMINF_000286	http://semanticscience.org/resource/CHEMINF_000136
S	http://semanticscience.org/resource/CHEMINF_000286	http://semanticscience.org/resource/CHEMINF_000209
S	http://semanticscience.org/resource/CHEMINF_000286	http://semanticscience.org/resource/CHEMINF_000270
S	http://semanticscience.org/resource/CHEMINF_000286	http://www.ifomis.org/bfo/1.1#Entity
S	http://semanticscience.org/resource/CHEMINF_000286	http://www.ifomis.org/bfo/1.1/snap#Continuant
S	http://semanticscience.org/resource/CHEMINF_000286	http://www.ifomis.org/bfo/1.1/snap#DependentContinuant
S	http://semanticscience.org/resource/CHEMINF_000286	http://www.ifomis.org/bfo/1.1/snap#GenericallyDependentContinuant
S	http://semanticscience.org/resource/CHEMINF_000287	http://purl.obolibrary.org/obo/IAO_0000027
S	http://semanticscience.org/resource/CHEMINF_000287	http://purl.obolibrary.org/obo/IAO_0000030
S	http://semanticscience.org/resource/CHEMINF_000287	http://semanticscience.org/resource/CHEMINF_000017
S	http://semanticscience.org/resource/CHEMINF_000287	http://semanticscience.org/resource/CHEMINF_000123
S	http://semanticscience.org/resource/CHEMINF_000287	http://semanticscience.org/resource/CHEMINF_000136
S	http://semanticscience.org/resource/CHEMINF_000287	http://semanticscience.org/resource/CHEMINF_000209
S	http://semanticscience.org/resource/CHEMINF_000287	http://semanticscience.org/resource/CHEMINF_000270
S	http://semanticscience.org/resource/CHEMINF_000287	http://www.ifomis.org/bfo/1.1#Entity
S	http://semanticscience.org/resource/CHEMINF_000287	http://www.ifomis.org/bfo/1.1/snap#Continuant
S	http://semanticscience.org/resource/CHEMINF_000287	http://www.ifomis.org/bfo/1.1/snap#DependentContinuant
S	http://semanticscience.org/resource/CHEMINF_000287	http://www.ifomis.org/bfo/1.1/snap#GenericallyDependentContinuant
S	http://semanticscience.org/resource/CHEMINF_000288	http://purl.obolibrary.org/obo/IAO_0000027
S	http://semanticscience.org/resource/CHEMINF_000288	http://purl.obolibrary.org/obo/IAO_0000030
S	http://semanticscience.org/resource/CHEMINF_000288	http://semanticscience.org/resource/CHEMINF_000017
S	http://semanticscience.org/resource/CHEMINF_000288	http://semanticscience.org/resource/CHEMINF_000123
S	http://semanticscience.org/resource/CHEMINF_000288	http://semanticscience.org/resource/CHEMINF_000136
S	http://semanticscience.org/resource/CHEMINF_000288	http://semanticscience.org/resource/CHEMINF_000209
S	http://semanticscience.org/resource/CHEMINF_000288	http://semanticscience.org/resource/CHEMINF_000270
S	http://semanticscience.org/resource/CHEMINF_000288	http://www.ifomis.org/bfo/1.1#Entity
S	http://semanticscience.org/resource/CHEMINF_000288	http://www.ifomis.org/bfo/1.1/snap#Continuant
S	http://semanticscience.org/resource/CHEMINF_000288	http://www.ifomis.org/bfo/1.1/snap#DependentContinuant
S	http://semanticscience.org/resource/CHEMINF_000288	http://www.ifomis.org/bfo/1.1/snap#GenericallyDependentContinuant
S	http://semanticscience.org/resource/CHEMINF_000289	http://purl.obolibrary.org/obo/IAO_0000027
S	http://semanticscience.org/resource/CHEMINF_000289	http://purl.obolibrary.org/obo/IAO_0000030
S	http://semanticscience.org/resource/CHEMINF_000289	http://semanticscience.org/resource/CHEMINF_000017
S	http://semanticscience.org/resource/CHEMINF_000289	http://semanticscience.org/resource/CHEMINF_000123
S	http://semanticscience.org/resource/CHEMINF_000289	http://semanticscience.org/resource/CHEMINF_000136
S	http://semanticscience.org/resource/CHEMINF_000289	http://semanticscience.org/resource/CHEMINF_000209
S	http://semanticscience.org/resource/CHEMINF_000289	http://semanticscience.org/resource/CHEMINF_000270
S	http://semanticscience.org/resource/CHEMINF_000289	http://www.ifomis.org/bfo/1.1#Entity
S	http://semanticscience.org/resource/CHEMINF_000289	http://www.ifomis.org/bfo/1.1/snap#Continuant
S	http://semanticscience.org/resource/CHEMINF_000289	http://www.ifomis.org/bfo/1.1/snap#DependentContinuant
S	http://semanticscience.org/resource/CHEMINF_000289	http://www.ifomis.org/bfo/1.1/snap#GenericallyDependentContinuant
S	http://semanticscience.org/resource/CHEMINF_000290	http://purl.obolibrary.org/obo/IAO_0000027
S	http://semanticscience.org/resource/CHEMINF_000290	http://purl.obolibrary.org/obo/IAO_0000030
S	http://semanticscience.org/resource/CHEMINF_000290	http://semanticscience.org/resource/CHEMINF_000017
S	http://semanticscience.org/resource/CHEMINF_000290	http://semanticscience.org/resource/CHEMINF_000123
S	http://semanticscience.org/resource/CHEMINF_000290	http://semanticscience.org/resource/CHEMINF_000136
S	http://semanticscience.org/resource/CHEMINF_000290	http://semanticscience.org/resource/CHEMINF_000209
S	http://semanticscience.org/resource/CHEMINF_000290	http://semanticscience.org/resource/CHEMINF_000270
S	http://semanticscience.org/resource/CHEMINF_000290	http://www.ifomis.org/bfo/1.1#Entity
S	http://semanticscience.org/resource/CHEMINF_000290	http://www.ifomis.org/bfo/1.1/snap#Continuant
S	http://semanticscience.org/resource/CHEMINF_000290	http://www.ifomis.org/bfo/1.1/snap#DependentContinuant
S	http://semanticscience.org/resource/CHEMINF_000290	http://www.ifomis.org/bfo/1.1/snap#GenericallyDependentContinuant
S	http://semanticscience.org/resource/CHEMINF_000307	http://purl.obolibrary.org/obo/IAO_0000027
S	http://semanticscience.org/resource/CHEMINF_000307	http://purl.obolibrary.org/obo/IAO_0000030
S	http://semanticscience.org/resource/CHEMINF_000307	http://semanticscience.org/resource/CHEMINF_000017
S	http://semanticscience.org/resource/CHEMINF_000307	http://semanticscience.org/resource/CHEMINF_000060
S	http://semanticscience.org/resource/CHEMINF_000307	http://semanticscience.org/resource/CHEMINF_000065
S	http://semanticscience.org/resource/CHEMINF_000307	http://semanticscience.org/resource/CHEMINF_000093
S	http://semanticscience.org/resource/CHEMINF_000307	http://semanticscience.org/resource/CHEMINF_000123
S	http://semanticscience.org/resource/CHEMINF_000307	http://semanticscience.org/resource/CHEMINF_000229
S	http://semanticscience.org/resource/CHEMINF_000307	http://www.ifomis.org/bfo/1.1#Entity
S	http://semanticscience.org/resource/CHEMINF_000307	http://www.ifomis.org/bfo/1.1/snap#Continuant
S	http://semanticscience.org/resource/CHEMINF_000307	http://www.ifomis.org/bfo/1.1/snap#DependentContinuant
S	http://semanticscience.org/resource/CHEMINF_000307	http://www.ifomis.org/bfo/1.1/snap#GenericallyDependentContinuant
S	http://semanticscience.org/resource/CHEMINF_000312	http://purl.obolibrary.org/obo/IAO_0000027
S	http://semanticscience.org/resource/CHEMINF_000312	http://purl.obolibrary.org/obo/IAO_0000030
S	http://semanticscience.org/resource/CHEMINF_000312	http://semanticscience.org/resource/CHEMINF_000017
S	http://semanticscience.org/resource/CHEMINF_000312	http://semanticscience.org/resource/CHEMINF_000025
S	http://semanticscience.org/resource/CHEMINF_000312	http://semanticscience.org/resource/CHEMINF_000123
S	http://semanticscience.org/resource/CHEMINF_000312	http://www.ifomis.org/bfo/1.1#Entity
S	http://semanticscience.org/resource/CHEMINF_000312	http://www.ifomis.org/bfo/1.1/snap#Continuant
S	http://semanticscience.org/resource/CHEMINF_000312	http://www.ifomis.org/bfo/1.1/snap#DependentContinuant
S	http://semanticscience.org/resource/CHEMINF_000312	http://www.ifomis.org/bfo/1.1/snap#GenericallyDependentContinuant
S	http://semanticscience.org/resource/CHEMINF_000315	http://purl.obolibrary.org/obo/IAO_0000027
S	http://semanticscience.org/resource/CHEMINF_000315	http://purl.obolibrary.org/obo/IAO_0000030
S	http://semanticscience.org/resource/CHEMINF_000315	http://semanticscience.org/resource/CHEMINF_000017
S	http://semanticscience.org/resource/CHEMINF_000315	http://semanticscience.org/resource/CHEMINF_000025
S	http://semanticscience.org/resource/CHEMINF_000315	http://semanticscience.org/resource/CHEMINF_000123
S	http://semanticscience.org/resource/CHEMINF_000315	http://www.ifomis.org/bfo/1.1#Entity
S	http://semanticscience.org/resource/CHEMINF_000315	http://www.ifomis.org/bfo/1.1/snap#Continuant
S	http://semanticscience.org/resource/CHEMINF_000315	http://www.ifomis.org/bfo/1.1/snap#DependentContinuant
S	http://semanticscience.org/resource/CHEMINF_000315	http://www.ifomis.org/bfo/1.1/snap#GenericallyDependentContinuant
S	http://semanticscience.org/resource/CHEMINF_000318	http://purl.obolibrary.org/obo/IAO_0000027
S	http://semanticscience.org/resource/CHEMINF_000318	http://purl.obolibrary.org/obo/IAO_0000030
S	http://semanticscience.org/resource/CHEMINF_000318	http://semanticscience.org/resource/CHEMINF_000017
S	http://semanticscience.org/resource/CHEMINF_000318	http://semanticscience.org/resource/CHEMINF_000025
S	http://semanticscience.org/resource/CHEMINF_000318	http://semanticscience.org/resource/CHEMINF_000123
S	http://semanticscience.org/resource/CHEMINF_000318	http://www.ifomis.org/bfo/1.1#Entity
S	http://semanticscience.org/resource/CHEMINF_000318	http://www.ifomis.org/bfo/1.1/snap#Continuant
S	http://semanticscience.org/resource/CHEMINF_000318	http://www.ifomis.org/bfo/1.1/snap#DependentContinuant
S	http://semanticscience.org/resource/CHEMINF_000318	http://www.ifomis.org/bfo/1.1/snap#GenericallyDependentContinuant
S	http://semanticscience.org/resource/CHEMINF_000320	http://purl.obolibrary.org/obo/IAO_0000010
S	http://semanticscience.org/resource/CHEMINF_000320	http://purl.obolibrary.org/obo/IAO_0000030
S	http://semanticscience.org/resource/CHEMINF_000320	http://purl.obolibrary.org/obo/IAO_0000033
S	http://semanticscience.org/resource/CHEMINF_000320	http://purl.obolibrary.org/obo/IAO_0000104
S	http://semanticscience.org/resource/CHEMINF_000320	http://semanticscience.org/resource/CHEMINF_000139
S	http://semanticscience.org/resource/CHEMINF_000320	http://semanticscience.org/resource/CHEMINF_000342
S	http://semanticscience.org/resource/CHEMINF_000320	http://semanticscience.org/resource/CHEMINF_000343
S	http://semanticscience.org/resource/CHEMINF_000320	http://www.ifomis.org/bfo/1.1#Entity
S	http://semanticscience.org/resource/CHEMINF_000320	http://www.ifomis.org/bfo/1.1/snap#Continuant
S	http://semanticscience.org/resource/CHEMINF_000320	http://www.ifomis.org/bfo/1.1/snap#DependentContinuant
S	http://semanticscience.org/resource/CHEMINF_000320	http://www.ifomis.org/bfo/1.1/snap#GenericallyDependentContinuant
S	http://semanticscience.org/resource/CHEMINF_000322	http://purl.obolibrary.org/obo/IAO_0000027
S	http://semanticscience.org/resource/CHEMINF_000322	http://purl.obolibrary.org/obo/IAO_0000030
S	http://semanticscience.org/resource/CHEMINF_000322	http://semanticscience.org/resource/CHEMINF_000017
S	http://semanticscience.org/resource/CHEMINF_000322	http://semanticscience.org/resource/CHEMINF_000025
S	http://semanticscience.org/resource/CHEMINF_000322	http://semanticscience.org/resource/CHEMINF_000123
S	http://semanticscience.org/resource/CHEMINF_000322	http://www.ifomis.org/bfo/1.1#Entity
S	http://semanticscience.org/resource/CHEMINF_000322	http://www.ifomis.org/bfo/1.1/snap#Continuant
S	http://semanticscience.org/resource/CHEMINF_000322	http://www.ifomis.org/bfo/1.1/snap#DependentContinuant
S	http://semanticscience.org/resource/CHEMINF_000322	http://www.ifomis.org/bfo/1.1/snap#GenericallyDependentContinuant
S	http://semanticscience.org/resource/CHEMINF_000325	http://purl.obolibrary.org/obo/IAO_0000027
S	http://semanticscience.org/resource/CHEMINF_000325	http://purl.obolibrary.org/obo/IAO_0000030
S	http://semanticscience.org/resource/CHEMINF_000325	http://semanticscience.org/resource/CHEMINF_000017
S	http://semanticscience.org/resource/CHEMINF_000325	http://semanticscience.org/resource/CHEMINF_000087
S	http://semanticscience.org/resource/CHEMINF_000325	http://semanticscience.org/resource/CHEMINF_000123
S	http://semanticscience.org/resource/CHEMINF_000325	http://semanticscience.org/resource/CHEMINF_000193
S	http://semanticscience.org/resource/CHEMINF_000325	http://semanticscience.org/resource/CHEMINF_000195
S	http://semanticscience.org/resource/CHEMINF_000325	http://www.ifomis.org/bfo/1.1#Entity
S	http://semanticscience.org/resource/CHEMINF_000325	http://www.ifomis.org/bfo/1.1/snap#Continuant
S	http://semanticscience.org/resource/CHEMINF_000325	http://www.ifomis.org/bfo/1.1/snap#DependentContinuant
S	http://semanticscience.org/resource/CHEMINF_000325	http://www.ifomis.org/bfo/1.1/snap#GenericallyDependentContinuant
S	http://semanticscience.org/resource/CHEMINF_000326	http://purl.obolibrary.org/obo/IAO_0000027
S	http://semanticscience.org/resource/CHEMINF_000326	http://purl.obolibrary.org/obo/IAO_0000030
S	http://semanticscience.org/resource/CHEMINF_000326	http://semanticscience.org/resource/CHEMINF_000017
S	http://semanticscience.org/resource/CHEMINF_000326	http://semanticscience.org/resource/CHEMINF_000025
S	http://semanticscience.org/resource/CHEMINF_000326	http://semanticscience.org/resource/CHEMINF_000123
S	http://semanticscience.org/resource/CHEMINF_000326	http://www.ifomis.org/bfo/1.1#Entity
S	http://semanticscience.org/resource/CHEMINF_000326	http://www.ifomis.org/bfo/1.1/snap#Continuant
S	http://semanticscience.org/resource/CHEMINF_000326	http://www.ifomis.org/bfo/1.1/snap#DependentContinuant
S	http://semanticscience.org/resource/CHEMINF_000326	http://www.ifomis.org/bfo/1.1/snap#GenericallyDependentContinuant
S	http://semanticscience.org/resource/CHEMINF_000328	http://purl.obolibrary.org/obo/IAO_0000010
S	http://semanticscience.org/resource/CHEMINF_000328	http://purl.obolibrary.org/obo/IAO_0000030
S	http://semanticscience.org/resource/CHEMINF_000328	http://purl.obolibrary.org/obo/IAO_0000033
S	http://semanticscience.org/resource/CHEMINF_000328	http://purl.obolibrary.org/obo/IAO_0000104
S	http://semanticscience.org/resource/CHEMINF_000328	http://semanticscience.org/resource/CHEMINF_000139
S	http://semanticscience.org/resource/CHEMINF_000328	http://semanticscience.org/resource/CHEMINF_000320
S	http://semanticscience.org/resource/CHEMINF_000328	http://semanticscience.org/resource/CHEMINF_000342
S	http://semanticscience.org/resource/CHEMINF_000328	http://semanticscience.org/resource/CHEMINF_000343
S	http://semanticscience.org/resource/CHEMINF_000328	http://www.ifomis.org/bfo/1.1#Entity
S	http://semanticscience.org/resource/CHEMINF_000328	http://www.ifomis.org/bfo/1.1/snap#Continuant
S	http://semanticscience.org/resource/CHEMINF_000328	http://www.ifomis.org/bfo/1.1/snap#DependentContinuant
S	http://semanticscience.org/resource/CHEMINF_000328	http://www.ifomis.org/bfo/1.1/snap#GenericallyDependentContinuant
S	http://semanticscience.org/resource/CHEMINF_000329	http://purl.obolibrary.org/obo/IAO_0000010
S	http://semanticscience.org/resource/CHEMINF_000329	http://purl.obolibrary.org/obo/IAO_0000030
S	http://semanticscience.org/resource/CHEMINF_000329	http://purl.obolibrary.org/obo/IAO_0000033
S	http://semanticscience.org/resource/CHEMINF_000329	http://purl.obolibrary.org/obo/IAO_0000104
S	http://semanticscience.org/resource/CHEMINF_000329	http://semanticscience.org/resource/CHEMINF_000139
S	http://semanticscience.org/resource/CHEMINF_000329	http://semanticscience.org/resource/CHEMINF_000142
S	http://semanticscience.org/resource/CHEMINF_000329	http://semanticscience.org/resource/CHEMINF_000342
S	http://semanticscience.org/resource/CHEMINF_000329	http://semanticscience.org/resource/CHEMINF_000343
S	http://semanticscience.org/resource/CHEMINF_000329	http://www.ifomis.org/bfo/1.1#Entity
S	http://semanticscience.org/resource/CHEMINF_000329	http://www.ifomis.org/bfo/1.1/snap#Continuant
S	http://semanticscience.org/resource/CHEMINF_000329	http://www.ifomis.org/bfo/1.1/snap#DependentContinuant
S	http://semanticscience.org/resource/CHEMINF_000329	http://www.ifomis.org/bfo/1.1/snap#GenericallyDependentContinuant
S	http://semanticscience.org/resource/CHEMINF_000340	http://purl.obolibrary.org/obo/IAO_0000010
S	http://semanticscience.org/resource/CHEMINF_000340	http://purl.obolibrary.org/obo/IAO_0000030
S	http://semanticscience.org/resource/CHEMINF_000340	http://purl.obolibrary.org/obo/IAO_0000033
S	http://semanticscience.org/resource/CHEMINF_000340	http://purl.obolibrary.org/obo/IAO_0000104
S	http://semanticscience.org/resource/CHEMINF_000340	http://semanticscience.org/resource/CHEMINF_000139
S	http://semanticscience.org/resource/CHEMINF_000340	http://www.ifomis.org/bfo/1.1#Entity
S	http://semanticscience.org/resource/CHEMINF_000340	http://www.ifomis.org/bfo/1.1/snap#Continuant
S	http://semanticscience.org/resource/CHEMINF_000340	http://www.ifomis.org/bfo/1.1/snap#DependentContinuant
S	http://semanticscience.org/resource/CHEMINF_000340	http://www.ifomis.org/bfo/1.1/snap#GenericallyDependentContinuant
S	http://semanticscience.org/resource/CHEMINF_000341	http://purl.obolibrary.org/obo/IAO_0000010
S	http://semanticscience.org/resource/CHEMINF_000341	http://purl.obolibrary.org/obo/IAO_0000030
S	http://semanticscience.org/resource/CHEMINF_000341	http://purl.obolibrary.org/obo/IAO_0000033
S	http://semanticscience.org/resource/CHEMINF_000341	http://purl.obolibrary.org/obo/IAO_0000064
S	http://semanticscience.org/resource/CHEMINF_000341	http://purl.obolibrary.org/obo/IAO_0000104
S	http://semanticscience.org/resource/CHEMINF_000341	http://semanticscience.org/resource/CHEMINF_000139
S	http://semanticscience.org/resource/CHEMINF_000341	http://www.ifomis.org/bfo/1.1#Entity
S	http://semanticscience.org/resource/CHEMINF_000341	http://www.ifomis.org/bfo/1.1/snap#Continuant
S	http://semanticscience.org/resource/CHEMINF_000341	http://www.ifomis.org/bfo/1.1/snap#DependentContinuant
S	http://semanticscience.org/resource/CHEMINF_000341	http://www.ifomis.org/bfo/1.1/snap#GenericallyDependentContinuant
S	http://semanticscience.org/resource/CHEMINF_000342	http://purl.obolibrary.org/obo/IAO_0000010
S	http://semanticscience.org/resource/CHEMINF_000342	http://purl.obolibrary.org/obo/IAO_0000030
S	http://semanticscience.org/resource/CHEMINF_000342	http://purl.obolibrary.org/obo/IAO_0000033
S	http://semanticscience.org/resource/CHEMINF_000342	http://purl.obolibrary.org/obo/IAO_0000104
S	http://semanticscience.org/resource/CHEMINF_000342	http://semanticscience.org/resource/CHEMINF_000139
S	http://semanticscience.org/resource/CHEMINF_000342	http://semanticscience.org/resource/CHEMINF_000343
S	http://semanticscience.org/resource/CHEMINF_000342	http://www.ifomis.org/bfo/1.1#Entity
S	http://semanticscience.org/resource/CHEMINF_000342	http://www.ifomis.org/bfo/1.1/snap#Continuant
S	http://semanticscience.org/resource/CHEMINF_000342	http://www.ifomis.org/bfo/1.1/snap#DependentContinuant
S	http://semanticscience.org/resource/CHEMINF_000342	http://www.ifomis.org/bfo/1.1/snap#GenericallyDependentContinuant
S	http://semanticscience.org/resource/CHEMINF_000343	http://purl.obolibrary.org/obo/IAO_0000010
S	http://semanticscience.org/resource/CHEMINF_000343	http://purl.obolibrary.org/obo/IAO_0000030
S	http://semanticscience.org/resource/CHEMINF_000343	http://purl.obolibrary.org/obo/IAO_0000033
S	http://semanticscience.org/resource/CHEMINF_000343	http://purl.obolibrary.org/obo/IAO_0000104
S	http://semanticscience.org/resource/CHEMINF_000343	http://semanticscience.org/resource/CHEMINF_000139
S	http://semanticscience.org/resource/CHEMINF_000343	http://www.ifomis.org/bfo/1.1#Entity
S	http://semanticscience.org/resource/CHEMINF_000343	http://www.ifomis.org/bfo/1.1/snap#Continuant
S	http://semanticscience.org/resource/CHEMINF_000343	http://www.ifomis.org/bfo/1.1/snap#DependentContinuant
S	http://semanticscience.org/resource/CHEMINF_000343	http://www.ifomis.org/bfo/1.1/snap#GenericallyDependentContinuant
S	http://semanticscience.org/resource/CHEMINF_000348	http://purl.obolibrary.org/obo/IAO_0000027
S	http://semanticscience.org/resource/CHEMINF_000348	http://purl.obolibrary.org/obo/IAO_0000030
S	http://semanticscience.org/resource/CHEMINF_000348	http://semanticscience.org/resource/CHEMINF_000017
S	http://semanticscience.org/resource/CHEMINF_000348	http://semanticscience.org/resource/CHEMINF_000065
S	http://semanticscience.org/resource/CHEMINF_000348	http://semanticscience.org/resource/CHEMINF_000123
S	http://semanticscience.org/resource/CHEMINF_000348	http://semanticscience.org/resource/CHEMINF_000136
S	http://semanticscience.org/resource/CHEMINF_000348	http://semanticscience.org/resource/CHEMINF_000209
S	http://semanticscience.org/resource/CHEMINF_000348	http://semanticscience.org/resource/CHEMINF_000233
S	http://semanticscience.org/resource/CHEMINF_000348	http://semanticscience.org/resource/CHEMINF_000254
S	http://semanticscience.org/resource/CHEMINF_000348	http://www.ifomis.org/bfo/1.1#Entity
S	http://semanticscience.org/resource/CHEMINF_000348	http://www.ifomis.org/bfo/1.1/snap#Continuant
S	http://semanticscience.org/resource/CHEMINF_000348	http://www.ifomis.org/bfo/1.1/snap#DependentContinuant
S	http://semanticscience.org/resource/CHEMINF_000348	http://www.ifomis.org/bfo/1.1/snap#GenericallyDependentContinuant
S	http://semanticscience.org/resource/CHEMINF_000350	http://semanticscience.org/resource/CHEMINF_000216
S	http://semanticscience.org/resource/CHEMINF_000351	http://purl.obolibrary.org/obo/IAO_0000027
S	http://semanticscience.org/resource/CHEMINF_000351	http://purl.obolibrary.org/obo/IAO_0000030
S	http://semanticscience.org/resource/CHEMINF_000351	http://semanticscience.org/resource/CHEMINF_000001
S	http://semanticscience.org/resource/CHEMINF_000351	http://semanticscience.org/resource/CHEMINF_000017
S	http://semanticscience.org/resource/CHEMINF_000351	http://semanticscience.org/resource/CHEMINF_000087
S	http://semanticscience.org/resource/CHEMINF_000351	http://semanticscience.org/resource/CHEMINF_000094
S	http://semanticscience.org/resource/CHEMINF_000351	http://semanticscience.org/resource/CHEMINF_000123
S	http://semanticscience.org/resource/CHEMINF_000351	http://www.ifomis.org/bfo/1.1#Entity
S	http://semanticscience.org/resource/CHEMINF_000351	http://www.ifomis.org/bfo/1.1/snap#Continuant
S	http://semanticscience.org/resource/CHEMINF_000351	http://www.ifomis.org/bfo/1.1/snap#DependentContinuant
S	http://semanticscience.org/resource/CHEMINF_000351	http://www.ifomis.org/bfo/1.1/snap#GenericallyDependentContinuant
S	http://semanticscience.org/resource/CHEMINF_000356	http://purl.obolibrary.org/obo/IAO_0000010
S	http://semanticscience.org/resource/CHEMINF_000356	http://purl.obolibrary.org/obo/IAO_0000030
S	http://semanticscience.org/resource/CHEMINF_000356	http://purl.obolibrary.org/obo/IAO_0000033
S	http://semanticscience.org/resource/CHEMINF_000356	http://purl.obolibrary.org/obo/IAO_0000104
S	http://semanticscience.org/resource/CHEMINF_000356	http://semanticscience.org/resource/CHEMINF_000139
S	http://semanticscience.org/resource/CHEMINF_000356	http://semanticscience.org/resource/CHEMINF_000342
S	http://semanticscience.org/resource/CHEMINF_000356	http://semanticscience.org/resource/CHEMINF_000343
S	http://semanticscience.org/resource/CHEMINF_000356	http://www.ifomis.org/bfo/1.1#Entity
S	http://semanticscience.org/resource/CHEMINF_000356	http://www.ifomis.org/bfo/1.1/snap#Continuant
S	http://semanticscience.org/resource/CHEMINF_000356	http://www.ifomis.org/bfo/1.1/snap#DependentContinuant
S	http://semanticscience.org/resource/CHEMINF_000356	http://www.ifomis.org/bfo/1.1/snap#GenericallyDependentContinuant
S	http://semanticscience.org/resource/CHEMINF_000401	http://semanticscience.org/resource/CHEMINF_000031
S	http://semanticscience.org/resource/CHEMINF_000401	http://semanticscience.org/resource/CHEMINF_000086
S	http://semanticscience.org/resource/CHEMINF_000401	http://semanticscience.org/resource/CHEMINF_000120
S	http://semanticscience.org/resource/CHEMINF_000401	http://www.ifomis.org/bfo/1.1#Entity
S	http://semanticscience.org/resource/CHEMINF_000401	http://www.ifomis.org/bfo/1.1/snap#Continuant
S	http://semanticscience.org/resource/CHEMINF_000401	http://www.ifomis.org/bfo/1.1/snap#DependentContinuant
S	http://semanticscience.org/resource/CHEMINF_000401	http://www.ifomis.org/bfo/1.1/snap#Quality
S	http://semanticscience.org/resource/CHEMINF_000401	http://www.ifomis.org/bfo/1.1/snap#SpecificallyDependentContinuant
S	http://semanticscience.org/resource/CHEMINF_000402	http://semanticscience.org/resource/CHEMINF_000031
S	http://semanticscience.org/resource/CHEMINF_000402	http://semanticscience.org/resource/CHEMINF_000086
S	http://semanticscience.org/resource/CHEMINF_000402	http://semanticscience.org/resource/CHEMINF_000120
S	http://semanticscience.org/resource/CHEMINF_000402	http://www.ifomis.org/bfo/1.1#Entity
S	http://semanticscience.org/resource/CHEMINF_000402	http://www.ifomis.org/bfo/1.1/snap#Continuant
S	http://semanticscience.org/resource/CHEMINF_000402	http://www.ifomis.org/bfo/1.1/snap#DependentContinuant
S	http://semanticscience.org/resource/CHEMINF_000402	http://www.ifomis.org/bfo/1.1/snap#Quality
S	http://semanticscience.org/resource/CHEMINF_000402	http://www.ifomis.org/bfo/1.1/snap#SpecificallyDependentContinuant
S	http://semanticscience.org/resource/CHEMINF_000403	http://semanticscience.org/resource/CHEMINF_000031
S	http://semanticscience.org/resource/CHEMINF_000403	http://semanticscience.org/resource/CHEMINF_000086
S	http://semanticscience.org/resource/CHEMINF_000403	http://semanticscience.org/resource/CHEMINF_000120
S	http://semanticscience.org/resource/CHEMINF_000403	http://www.ifomis.org/bfo/1.1#Entity
S	http://semanticscience.org/resource/CHEMINF_000403	http://www.ifomis.org/bfo/1.1/snap#Continuant
S	http://semanticscience.org/resource/CHEMINF_000403	http://www.ifomis.org/bfo/1.1/snap#DependentContinuant
S	http://semanticscience.org/resource/CHEMINF_000403	http://www.ifomis.org/bfo/1.1/snap#Quality
S	http://semanticscience.org/resource/CHEMINF_000403	http://www.ifomis.org/bfo/1.1/snap#SpecificallyDependentContinuant
S	http://semanticscience.org/resource/CHEMINF_000404	http://www.ifomis.org/bfo/1.1#Entity
S	http://semanticscience.org/resource/CHEMINF_000404	http://www.ifomis.org/bfo/1.1/snap#Continuant
S	http://semanticscience.org/resource/CHEMINF_000404	http://www.ifomis.org/bfo/1.1/snap#DependentContinuant
S	http://semanticscience.org/resource/CHEMINF_000404	http://www.ifomis.org/bfo/1.1/snap#Disposition
S	http://semanticscience.org/resource/CHEMINF_000404	http://www.ifomis.org/bfo/1.1/snap#RealizableEntity
S	http://semanticscience.org/resource/CHEMINF_000404	http://www.ifomis.org/bfo/1.1/snap#SpecificallyDependentContinuant
S	http://semanticscience.org/resource/CHEMINF_000550	http://purl.obolibrary.org/obo/IAO_0000027
S	http://semanticscience.org/resource/CHEMINF_000550	http://purl.obolibrary.org/obo/IAO_0000030
S	http://semanticscience.org/resource/CHEMINF_000550	http://semanticscience.org/resource/CHEMINF_000017
S	http://semanticscience.org/resource/CHEMINF_000550	http://semanticscience.org/resource/CHEMINF_000043
S	http://semanticscience.org/resource/CHEMINF_000550	http://semanticscience.org/resource/CHEMINF_000044
S	http://semanticscience.org/resource/CHEMINF_000550	http://semanticscience.org/resource/CHEMINF_000061
S	http://semanticscience.org/resource/CHEMINF_000550	http://semanticscience.org/resource/CHEMINF_000065
S	http://semanticscience.org/resource/CHEMINF_000550	http://semanticscience.org/resource/CHEMINF_000123
S	http://semanticscience.org/resource/CHEMINF_000550	http://www.ifomis.org/bfo/1.1#Entity
S	http://semanticscience.org/resource/CHEMINF_000550	http://www.ifomis.org/bfo/1.1/snap#Continuant
S	http://semanticscience.org/resource/CHEMINF_000550	http://www.ifomis.org/bfo/1.1/snap#DependentContinuant
S	http://semanticscience.org/resource/CHEMINF_000550	http://www.ifomis.org/bfo/1.1/snap#GenericallyDependentContinuant
S	http://www.geneontology.org/formats/oboInOwl#DbXref	http://purl.obolibrary.org/obo/IAO_0000027
S	http://www.geneontology.org/formats/oboInOwl#DbXref	http://purl.obolibrary.org/obo/IAO_0000030
S	http://www.geneontology.org/formats/oboInOwl#DbXref	http://purl.obolibrary.org/obo/IAO_0000102
S	http://www.geneontology.org/formats/oboInOwl#DbXref	http://www.ifomis.org/bfo/1.1#Entity
S	http://www.geneontology.org/formats/oboInOwl#DbXref	http://www.ifomis.org/bfo/1.1/snap#Continuant
S	http://www.geneontology.org/formats/oboInOwl#DbXref	http://www.ifomis.org/bfo/1.1/snap#DependentContinuant
S	http://www.geneontology.org/formats/oboInOwl#DbXref	http://www.ifomis.org/bfo/1.1/snap#GenericallyDependentContinuant
S	http://www.geneontology.org/formats/oboInOwl#Definition	http://purl.obolibrary.org/obo/IAO_0000027
S	http://www.geneontology.org/formats/oboInOwl#Definition	http://purl.obolibrary.org/obo/IAO_0000030
S	http://www.geneontology.org/formats/oboInOwl#Definition	http://purl.obolibrary.org/obo/IAO_0000102
S	http://www.geneontology.org/formats/oboInOwl#Definition	http://www.ifomis.org/bfo/1.1#Entity
S	http://www.geneontology.org/formats/oboInOwl#Definition	http://www.ifomis.org/bfo/1.1/snap#Continuant
S	http://www.geneontology.org/formats/oboInOwl#Definition	http://www.ifomis.org/bfo/1.1/snap#DependentContinuant
S	http://www.geneontology.org/formats/oboInOwl#Definition	http://www.ifomis.org/bfo/1.1/snap#GenericallyDependentContinuant
S	http://www.geneontology.org/formats/oboInOwl#Subset	http://purl.obolibrary.org/obo/IAO_0000027
S	http://www.geneontology.org/formats/oboInOwl#Subset	http://purl.obolibrary.org/obo/IAO_0000030
S	http://www.geneontology.org/formats/oboInOwl#Subset	http://purl.obolibrary.org/obo/IAO_0000102
S	http://www.geneontology.org/formats/oboInOwl#Subset	http://www.ifomis.org/bfo/1.1#Entity
S	http://www.geneontology.org/formats/oboInOwl#Subset	http://www.ifomis.org/bfo/1.1/snap#Continuant
S	http://www.geneontology.org/formats/oboInOwl#Subset	http://www.ifomis.org/bfo/1.1/snap#DependentContinuant
S	http://www.geneontology.org/formats/oboInOwl#Subset	http://www.ifomis.org/bfo/1.1/snap#GenericallyDependentContinuant
S	http://www.geneontology.org/formats/oboInOwl#Synonym	http://purl.obolibrary.org/obo/IAO_0000027
S	http://www.geneontology.org/formats/oboInOwl#Synonym	http://purl.obolibrary.org/obo/IAO_0000030
S	http://www.geneontology.org/formats/oboInOwl#Synonym	http://purl.obolibrary.org/obo/IAO_0000102
S	http://www.geneontology.org/formats/oboInOwl#Synonym	http://www.ifomis.org/bfo/1.1#Entity
S	http://www.geneontology.org/formats/oboInOwl#Synonym	http://www.ifomis.org/bfo/1.1/snap#Continuant
S	http://www.geneontology.org/formats/oboInOwl#Synonym	http://www.ifomis.org/bfo/1.1/snap#DependentContinuant
S	http://www.geneontology.org/formats/oboInOwl#Synonym	http://www.ifomis.org/bfo/1.1/snap#GenericallyDependentContinuant
S	http://www.geneontology.org/formats/oboInOwl#SynonymType	http://purl.obolibrary.org/obo/IAO_0000027
S	http://www.geneontology.org/formats/oboInOwl#SynonymType	http://purl.obolibrary.org/obo/IAO_0000030
S	http://www.geneontology.org/formats/oboInOwl#SynonymType	http://purl.obolibrary.org/obo/IAO_0000102
S	http://www.geneontology.org/formats/oboInOwl#SynonymType	http://www.ifomis.org/bfo/1.1#Entity
S	http://www.geneontology.org/formats/oboInOwl#SynonymType	http://www.ifomis.org/bfo/1.1/snap#Continuant
S	http://www.geneontology.org/formats/oboInOwl#SynonymType	http://www.ifomis.org/bfo/1.1/snap#DependentContinuant
S	http://www.geneontology.org/formats/oboInOwl#SynonymType	http://www.ifomis.org/bfo/1.1/snap#GenericallyDependentContinuant
S	http://www.ifomis.org/bfo/1.1#AlsatianWine	http://www.ifomis.org/bfo/1.1#Entity
S	http://www.ifomis.org/bfo/1.1#AlsatianWine	http://www.ifomis.org/bfo/1.1#IndependentContinuant
S	http://www.ifomis.org/bfo/1.1#AlsatianWine	http://www.ifomis.org/bfo/1.1#Wine
S	http://www.ifomis.org/bfo/1.1#AlsatianWine	http://www.ifomis.org/bfo/1.1/snap#Continuant
S	http://www.ifomis.org/bfo/1.1#AlsatianWine	http://www.ifomis.org/bfo/1.1/snap#IndependentContinuant
S	http://www.ifomis.org/bfo/1.1#AlsatianWine	http://www.ifomis.org/bfo/1.1/snap#MaterialEntity
S	http://www.ifomis.org/bfo/1.1#AlsatianWine	http://www.ifomis.org/bfo/1.1/snap#Object
S	http://www.ifomis.org/bfo/1.1#AmericanWine	http://www.ifomis.org/bfo/1.1#Entity
S	http://www.ifomis.org/bfo/1.1#AmericanWine	http://www.ifomis.org/bfo/1.1#IndependentContinuant
S	http://www.ifomis.org/bfo/1.1#AmericanWine	http://www.ifomis.org/bfo/1.1#Wine
S	http://www.ifomis.org/bfo/1.1#AmericanWine	http://www.ifomis.org/bfo/1.1/snap#Continuant
S	http://www.ifomis.org/bfo/1.1#AmericanWine	http://www.ifomis.org/bfo/1.1/snap#IndependentContinuant
S	http://www.ifomis.org/bfo/1.1#AmericanWine	http://www.ifomis.org/bfo/1.1/snap#MaterialEntity
S	http://www.ifomis.org/bfo/1.1#AmericanWine	http://www.ifomis.org/bfo/1.1/snap#Object
S	http://www.ifomis.org/bfo/1.1#Anjou	http://www.ifomis.org/bfo/1.1#Entity
S	http://www.ifomis.org/bfo/1.1#Anjou	http://www.ifomis.org/bfo/1.1#IndependentContinuant
S	http://www.ifomis.org/bfo/1.1#Anjou	http://www.ifomis.org/bfo/1.1#Loire
S	http://www.ifomis.org/bfo/1.1#Anjou	http://www.ifomis.org/bfo/1.1#RoseWine
S	http://www.ifomis.org/bfo/1.1#Anjou	http://www.ifomis.org/bfo/1.1#Wine
S	http://www.ifomis.org/bfo/1.1#Anjou	http://www.ifomis.org/bfo/1.1/snap#Continuant
S	http://www.ifomis.org/bfo/1.1#Anjou	http://www.ifomis.org/bfo/1.1/snap#IndependentContinuant
S	http://www.ifomis.org/bfo/1.1#Anjou	http://www.ifomis.org/bfo/1.1/snap#MaterialEntity
S	http://www.ifomis.org/bfo/1.1#Anjou	http://www.ifomis.org/bfo/1.1/snap#Object
S	http://www.ifomis.org/bfo/1.1#Beaujolais	http://www.ifomis.org/bfo/1.1#DryRedWine
S	http://www.ifomis.org/bfo/1.1#Beaujolais	http://www.ifomis.org/bfo/1.1#DryWine
S	http://www.ifomis.org/bfo/1.1#Beaujolais	http://www.ifomis.org/bfo/1.1#Entity
S	http://www.ifomis.org/bfo/1.1#Beaujolais	http://www.ifomis.org/bfo/1.1#Gamay
S	http://www.ifomis.org/bfo/1.1#Beaujolais	http://www.ifomis.org/bfo/1.1#IndependentContinuant
S	http://www.ifomis.org/bfo/1.1#Beaujolais	http://www.ifomis.org/bfo/1.1#RedTableWine
S	http://www.ifomis.org/bfo/1.1#Beaujolais	http://www.ifomis.org/bfo/1.1#RedWine
S	http://www.ifomis.org/bfo/1.1#Beaujolais	http://www.ifomis.org/bfo/1.1#TableWine
S	http://www.ifomis.org/bfo/1.1#Beaujolais	http://www.ifomis.org/bfo/1.1#Wine
S	http://www.ifomis.org/bfo/1.1#Beaujolais	http://www.ifomis.org/bfo/1.1/snap#Continuant
S	http://www.ifomis.org/bfo/1.1#Beaujolais	http://www.ifomis.org/bfo/1.1/snap#IndependentContinuant
S	http://www.ifomis.org/bfo/1.1#Beaujolais	http://www.ifomis.org/bfo/1.1/snap#MaterialEntity
S	http://www.ifomis.org/bfo/1.1#Beaujolais	http://www.ifomis.org/bfo/1.1/snap#Object
S	http://www.ifomis.org/bfo/1.1#Bordeaux	http://www.ifomis.org/bfo/1.1#Entity
S	http://www.ifomis.org/bfo/1.1#Bordeaux	http://www.ifomis.org/bfo/1.1#IndependentContinuant
S	http://www.ifomis.org/bfo/1.1#Bordeaux	http://www.ifomis.org/bfo/1.1#Wine
S	http://www.ifomis.org/bfo/1.1#Bordeaux	http://www.ifomis.org/bfo/1.1/snap#Continuant
S	http://www.ifomis.org/bfo/1.1#Bordeaux	http://www.ifomis.org/bfo/1.1/snap#IndependentContinuant
S	http://www.ifomis.org/bfo/1.1#Bordeaux	http://www.ifomis.org/bfo/1.1/snap#MaterialEntity
S	http://www.ifomis.org/bfo/1.1#Bordeaux	http://www.ifomis.org/bfo/1.1/snap#Object
S	http://www.ifomis.org/bfo/1.1#Burgundy	http://www.ifomis.org/bfo/1.1#DryWine
S	http://www.ifomis.org/bfo/1.1#Burgundy	http://www.ifomis.org/bfo/1.1#Entity
S	http://www.ifomis.org/bfo/1.1#Burgundy	http://www.ifomis.org/bfo/1.1#IndependentContinuant
S	http://www.ifomis.org/bfo/1.1#Burgundy	http://www.ifomis.org/bfo/1.1#TableWine
S	http://www.ifomis.org/bfo/1.1#Burgundy	http://www.ifomis.org/bfo/1.1#Wine
S	http://www.ifomis.org/bfo/1.1#Burgundy	http://www.ifomis.org/bfo/1.1/snap#Continuant
S	http://www.ifomis.org/bfo/1.1#Burgundy	http://www.ifomis.org/bfo/1.1/snap#IndependentContinuant
S	http://www.ifomis.org/bfo/1.1#Burgundy	http://www.ifomis.org/bfo/1.1/snap#MaterialEntity
S	http://www.ifomis.org/bfo/1.1#Burgundy	http://www.ifomis.org/bfo/1.1/snap#Object
S	http://www.ifomis.org/bfo/1.1#CabernetFranc	http://www.ifomis.org/bfo/1.1#DryRedWine
S	http://www.ifomis.org/bfo/1.1#CabernetFranc	http://www.ifomis.org/bfo/1.1#DryWine
S	http://www.ifomis.org/bfo/1.1#CabernetFranc	http://www.ifomis.org/bfo/1.1#Entity
S	http://www.ifomis.org/bfo/1.1#CabernetFranc	http://www.ifomis.org/bfo/1.1#IndependentContinuant
S	http://www.ifomis.org/bfo/1.1#CabernetFranc	http://www.ifomis.org/bfo/1.1#RedTableWine
S	http://www.ifomis.org/bfo/1.1#CabernetFranc	http://www.ifomis.org/bfo/1.1#RedWine
S	http://www.ifomis.org/bfo/1.1#CabernetFranc	http://www.ifomis.org/bfo/1.1#TableWine
S	http://www.ifomis.org/bfo/1.1#CabernetFranc	http://www.ifomis.org/bfo/1.1#Wine
S	http://www.ifomis.org/bfo/1.1#CabernetFranc	http://www.ifomis.org/bfo/1.1/snap#Continuant
S	http://www.ifomis.org/bfo/1.1#CabernetFranc	http://www.ifomis.org/bfo/1.1/snap#IndependentContinuant
S	http://www.ifomis.org/bfo/1.1#CabernetFranc	http://www.ifomis.org/bfo/1.1/snap#MaterialEntity
S	http://www.ifomis.org/bfo/1.1#CabernetFranc	http://www.ifomis.org/bfo/1.1/snap#Object
S	http://www.ifomis.org/bfo/1.1#CabernetSauvignon	http://www.ifomis.org/bfo/1.1#DryRedWine
S	http://www.ifomis.org/bfo/1.1#CabernetSauvignon	http://www.ifomis.org/bfo/1.1#DryWine
S	http://www.ifomis.org/bfo/1.1#CabernetSauvignon	http://www.ifomis.org/bfo/1.1#Entity
S	http://www.ifomis.org/bfo/1.1#CabernetSauvignon	http://www.ifomis.org/bfo/1.1#IndependentContinuant
S	http://www.ifomis.org/bfo/1.1#CabernetSauvignon	http://www.ifomis.org/bfo/1.1#RedTableWine
S	http://www.ifomis.org/bfo/1.1#CabernetSauvignon	http://www.ifomis.org/bfo/1.1#RedWine
S	http://www.ifomis.org/bfo/1.1#CabernetSauvignon	http://www.ifomis.org/bfo/1.1#TableWine
S	http://www.ifomis.org/bfo/1.1#CabernetSauvignon	http://www.ifomis.org/bfo/1.1#Wine
S	http://www.ifomis.org/bfo/1.1#CabernetSauvignon	http://www.ifomis.org/bfo/1.1/snap#Continuant
S	http://www.ifomis.org/bfo/1.1#CabernetSauvignon	http://www.ifomis.org/bfo/1.1/snap#IndependentContinuant
S	http://www.ifomis.org/bfo/1.1#CabernetSauvignon	http://www.ifomis.org/bfo/1.1/snap#MaterialEntity
S	http://www.ifomis.org/bfo/1.1#CabernetSauvignon	http://www.ifomis.org/bfo/1.1/snap#Object
S	http://www.ifomis.org/bfo/1.1#CaliforniaWine	http://www.ifomis.org/bfo/1.1#Entity
S	http://www.ifomis.org/bfo/1.1#CaliforniaWine	http://www.ifomis.org/bfo/1.1#IndependentContinuant
S	http://www.ifomis.org/bfo/1.1#CaliforniaWine	http://www.ifomis.org/bfo/1.1#Wine
S	http://www.ifomis.org/bfo/1.1#CaliforniaWine	http://www.ifomis.org/bfo/1.1/snap#Continuant
S	http://www.ifomis.org/bfo/1.1#CaliforniaWine	http://www.ifomis.org/bfo/1.1/snap#IndependentContinuant
S	http://www.ifomis.org/bfo/1.1#CaliforniaWine	http://www.ifomis.org/bfo/1.1/snap#MaterialEntity
S	http://www.ifomis.org/bfo/1.1#CaliforniaWine	http://www.ifomis.org/bfo/1.1/snap#Object
S	http://www.ifomis.org/bfo/1.1#Chardonnay	http://www.ifomis.org/bfo/1.1#Entity
S	http://www.ifomis.org/bfo/1.1#Chardonnay	http://www.ifomis.org/bfo/1.1#IndependentContinuant
S	http://www.ifomis.org/bfo/1.1#Chardonnay	http://www.ifomis.org/bfo/1.1#WhiteWine
S	http://www.ifomis.org/bfo/1.1#Chardonnay	http://www.ifomis.org/bfo/1.1#Wine
S	http://www.ifomis.org/bfo/1.1#Chardonnay	http://www.ifomis.org/bfo/1.1/snap#Continuant
S	http://www.ifomis.org/bfo/1.1#Chardonnay	http://www.ifomis.org/bfo/1.1/snap#IndependentContinuant
S	http://www.ifomis.org/bfo/1.1#Chardonnay	http://www.ifomis.org/bfo/1.1/snap#MaterialEntity
S	http://www.ifomis.org/bfo/1.1#Chardonnay	http://www.ifomis.org/bfo/1.1/snap#Object
S	http://www.ifomis.org/bfo/1.1#CheninBlanc	http://www.ifomis.org/bfo/1.1#Entity
S	http://www.ifomis.org/bfo/1.1#CheninBlanc	http://www.ifomis.org/bfo/1.1#IndependentContinuant
S	http://www.ifomis.org/bfo/1.1#CheninBlanc	http://www.ifomis.org/bfo/1.1#WhiteNonSweetWine
S	http://www.ifomis.org/bfo/1.1#CheninBlanc	http://www.ifomis.org/bfo/1.1#WhiteWine
S	http://www.ifomis.org/bfo/1.1#CheninBlanc	http://www.ifomis.org/bfo/1.1#Wine
S	http://www.ifomis.org/bfo/1.1#CheninBlanc	http://www.ifomis.org/bfo/1.1/snap#Continuant
S	http://www.ifomis.org/bfo/1.1#CheninBlanc	http://www.ifomis.org/bfo/1.1/snap#IndependentContinuant
S	http://www.ifomis.org/bfo/1.1#CheninBlanc	http://www.ifomis.org/bfo/1.1/snap#MaterialEntity
S	http://www.ifomis.org/bfo/1.1#CheninBlanc	http://www.ifomis.org/bfo/1.1/snap#Object
S	http://www.ifomis.org/bfo/1.1#Chianti	http://www.ifomis.org/bfo/1.1#DryRedWine
S	http://www.ifomis.org/bfo/1.1#Chianti	http://www.ifomis.org/bfo/1.1#DryWine
S	http://www.ifomis.org/bfo/1.1#Chianti	http://www.ifomis.org/bfo/1.1#Entity
S	http://www.ifomis.org/bfo/1.1#Chianti	http://www.ifomis.org/bfo/1.1#IndependentContinuant
S	http://www.ifomis.org/bfo/1.1#Chianti	http://www.ifomis.org/bfo/1.1#ItalianWine
S	http://www.ifomis.org/bfo/1.1#Chianti	http://www.ifomis.org/bfo/1.1#RedTableWine
S	http://www.ifomis.org/bfo/1.1#Chianti	http://www.ifomis.org/bfo/1.1#RedWine
S	http://www.ifomis.org/bfo/1.1#Chianti	http://www.ifomis.org/bfo/1.1#TableWine
S	http://www.ifomis.org/bfo/1.1#Chianti	http://www.ifomis.org/bfo/1.1#Wine
S	http://www.ifomis.org/bfo/1.1#Chianti	http://www.ifomis.org/bfo/1.1/snap#Continuant
S	http://www.ifomis.org/bfo/1.1#Chianti	http://www.ifomis.org/bfo/1.1/snap#IndependentContinuant
S	http://www.ifomis.org/bfo/1.1#Chianti	http://www.ifomis.org/bfo/1.1/snap#MaterialEntity
S	http://www.ifomis.org/bfo/1.1#Chianti	http://www.ifomis.org/bfo/1.1/snap#Object
S	http://www.ifomis.org/bfo/1.1#Color	http://www.ifomis.org/bfo/1.1#Entity
S	http://www.ifomis.org/bfo/1.1#Color	http://www.ifomis.org/bfo/1.1/snap#Continuant
S	http://www.ifomis.org/bfo/1.1#Color	http://www.ifomis.org/bfo/1.1/snap#DependentContinuant
S	http://www.ifomis.org/bfo/1.1#Color	http://www.ifomis.org/bfo/1.1/snap#Quality
S	http://www.ifomis.org/bfo/1.1#Color	http://www.ifomis.org/bfo/1.1/snap#SpecificallyDependentContinuant
S	http://www.ifomis.org/bfo/1.1#CotesDOr	http://www.ifomis.org/bfo/1.1#Burgundy
S	http://www.ifomis.org/bfo/1.1#CotesDOr	http://www.ifomis.org/bfo/1.1#DryRedWine
S	http://www.ifomis.org/bfo/1.1#CotesDOr	http://www.ifomis.org/bfo/1.1#DryWine
S	http://www.ifomis.org/bfo/1.1#CotesDOr	http://www.ifomis.org/bfo/1.1#Entity
S	http://www.ifomis.org/bfo/1.1#CotesDOr	http://www.ifomis.org/bfo/1.1#IndependentContinuant
S	http://www.ifomis.org/bfo/1.1#CotesDOr	http://www.ifomis.org/bfo/1.1#PinotNoir
S	http://www.ifomis.org/bfo/1.1#CotesDOr	http://www.ifomis.org/bfo/1.1#RedBurgundy
S	http://www.ifomis.org/bfo/1.1#CotesDOr	http://www.ifomis.org/bfo/1.1#RedTableWine
S	http://www.ifomis.org/bfo/1.1#CotesDOr	http://www.ifomis.org/bfo/1.1#RedWine
S	http://www.ifomis.org/bfo/1.1#CotesDOr	http://www.ifomis.org/bfo/1.1#TableWine
S	http://www.ifomis.org/bfo/1.1#CotesDOr	http://www.ifomis.org/bfo/1.1#Wine
S	http://www.ifomis.org/bfo/1.1#CotesDOr	http://www.ifomis.org/bfo/1.1/snap#Continuant
S	http://www.ifomis.org/bfo/1.1#CotesDOr	http://www.ifomis.org/bfo/1.1/snap#IndependentContinuant
S	http://www.ifomis.org/bfo/1.1#CotesDOr	http://www.ifomis.org/bfo/1.1/snap#MaterialEntity
S	http://www.ifomis.org/bfo/1.1#CotesDOr	http://www.ifomis.org/bfo/1.1/snap#Object
S	http://www.ifomis.org/bfo/1.1#DessertWine	http://www.ifomis.org/bfo/1.1#Entity
S	http://www.ifomis.org/bfo/1.1#DessertWine	http://www.ifomis.org/bfo/1.1#IndependentContinuant
S	http://www.ifomis.org/bfo/1.1#DessertWine	http://www.ifomis.org/bfo/1.1#Wine
S	http://www.ifomis.org/bfo/1.1#DessertWine	http://www.ifomis.org/bfo/1.1/snap#Continuant
S	http://www.ifomis.org/bfo/1.1#DessertWine	http://www.ifomis.org/bfo/1.1/snap#IndependentContinuant
S	http://www.ifomis.org/bfo/1.1#DessertWine	http://www.ifomis.org/bfo/1.1/snap#MaterialEntity
S	http://www.ifomis.org/bfo/1.1#DessertWine	http://www.ifomis.org/bfo/1.1/snap#Object
S	http://www.ifomis.org/bfo/1.1#DryRedWine	http://www.ifomis.org/bfo/1.1#DryWine
S	http://www.ifomis.org/bfo/1.1#DryRedWine	http://www.ifomis.org/bfo/1.1#Entity
S	http://www.ifomis.org/bfo/1.1#DryRedWine	http://www.ifomis.org/bfo/1.1#IndependentContinuant
S	http://www.ifomis.org/bfo/1.1#DryRedWine	http://www.ifomis.org/bfo/1.1#RedTableWine
S	http://www.ifomis.org/bfo/1.1#DryRedWine	http://www.ifomis.org/bfo/1.1#RedWine
S	http://www.ifomis.org/bfo/1.1#DryRedWine	http://www.ifomis.org/bfo/1.1#TableWine
S	http://www.ifomis.org/bfo/1.1#DryRedWine	http://www.ifomis.org/bfo/1.1#Wine
S	http://www.ifomis.org/bfo/1.1#DryRedWine	http://www.ifomis.org/bfo/1.1/snap#Continuant
S	http://www.ifomis.org/bfo/1.1#DryRedWine	http://www.ifomis.org/bfo/1.1/snap#IndependentContinuant
S	http://www.ifomis.org/bfo/1.1#DryRedWine	http://www.ifomis.org/bfo/1.1/snap#MaterialEntity
S	http://www.ifomis.org/bfo/1.1#DryRedWine	http://www.ifomis.org/bfo/1.1/snap#Object
S	http://www.ifomis.org/bfo/1.1#DryRiesling	http://www.ifomis.org/bfo/1.1#DryWhiteWine
S	http://www.ifomis.org/bfo/1.1#DryRiesling	http://www.ifomis.org/bfo/1.1#DryWine
S	http://www.ifomis.org/bfo/1.1#DryRiesling	http://www.ifomis.org/bfo/1.1#Entity
S	http://www.ifomis.org/bfo/1.1#DryRiesling	http://www.ifomis.org/bfo/1.1#IndependentContinuant
S	http://www.ifomis.org/bfo/1.1#DryRiesling	http://www.ifomis.org/bfo/1.1#Riesling
S	http://www.ifomis.org/bfo/1.1#DryRiesling	http://www.ifomis.org/bfo/1.1#TableWine
S	http://www.ifomis.org/bfo/1.1#DryRiesling	http://www.ifomis.org/bfo/1.1#WhiteNonSweetWine
S	http://www.ifomis.org/bfo/1.1#DryRiesling	http://www.ifomis.org/bfo/1.1#WhiteTableWine
S	http://www.ifomis.org/bfo/1.1#DryRiesling	http://www.ifomis.org/bfo/1.1#WhiteWine
S	http://www.ifomis.org/bfo/1.1#DryRiesling	http://www.ifomis.org/bfo/1.1#Wine
S	http://www.ifomis.org/bfo/1.1#DryRiesling	http://www.ifomis.org/bfo/1.1/snap#Continuant
S	http://www.ifomis.org/bfo/1.1#DryRiesling	http://www.ifomis.org/bfo/1.1/snap#IndependentContinuant
S	http://www.ifomis.org/bfo/1.1#DryRiesling	http://www.ifomis.org/bfo/1.1/snap#MaterialEntity
S	http://www.ifomis.org/bfo/1.1#DryRiesling	http://www.ifomis.org/bfo/1.1/snap#Object
S	http://www.ifomis.org/bfo/1.1#DryWhiteWine	http://www.ifomis.org/bfo/1.1#DryWine
S	http://www.ifomis.org/bfo/1.1#DryWhiteWine	http://www.ifomis.org/bfo/1.1#Entity
S	http://www.ifomis.org/bfo/1.1#DryWhiteWine	http://www.ifomis.org/bfo/1.1#IndependentContinuant
S	http://www.ifomis.org/bfo/1.1#DryWhiteWine	http://www.ifomis.org/bfo/1.1#TableWine
S	http://www.ifomis.org/bfo/1.1#DryWhiteWine	http://www.ifomis.org/bfo/1.1#WhiteNonSweetWine
S	http://www.ifomis.org/bfo/1.1#DryWhiteWine	http://www.ifomis.org/bfo/1.1#WhiteTableWine
S	http://www.ifomis.org/bfo/1.1#DryWhiteWine	http://www.ifomis.org/bfo/1.1#WhiteWine
S	http://www.ifomis.org/bfo/1.1#DryWhiteWine	http://www.ifomis.org/bfo/1.1#Wine
S	http://www.ifomis.org/bfo/1.1#DryWhiteWine	http://www.ifomis.org/bfo/1.1/snap#Continuant
S	http://www.ifomis.org/bfo/1.1#DryWhiteWine	http://www.ifomis.org/bfo/1.1/snap#IndependentContinuant
S	http://www.ifomis.org/bfo/1.1#DryWhiteWine	http://www.ifomis.org/bfo/1.1/snap#MaterialEntity
S	http://www.ifomis.org/bfo/1.1#DryWhiteWine	http://www.ifomis.org/bfo/1.1/snap#Object
S	http://www.ifomis.org/bfo/1.1#DryWine	http://www.ifomis.org/bfo/1.1#Entity
S	http://www.ifomis.org/bfo/1.1#DryWine	http://www.ifomis.org/bfo/1.1#IndependentContinuant
S	http://www.ifomis.org/bfo/1.1#DryWine	http://www.ifomis.org/bfo/1.1#TableWine
S	http://www.ifomis.org/bfo/1.1#DryWine	http://www.ifomis.org/bfo/1.1#Wine
S	http://www.ifomis.org/bfo/1.1#DryWine	http://www.ifomis.org/bfo/1.1/snap#Continuant
S	http://www.ifomis.org/bfo/1.1#DryWine	http://www.ifomis.org/bfo/1.1/snap#IndependentContinuant
S	http://www.ifomis.org/bfo/1.1#DryWine	http://www.ifomis.org/bfo/1.1/snap#MaterialEntity
S	http://www.ifomis.org/bfo/1.1#DryWine	http://www.ifomis.org/bfo/1.1/snap#Object
S	http://www.ifomis.org/bfo/1.1#EarlyHarvest	http://www.ifomis.org/bfo/1.1#Entity
S	http://www.ifomis.org/bfo/1.1#EarlyHarvest	http://www.ifomis.org/bfo/1.1#IndependentContinuant
S	http://www.ifomis.org/bfo/1.1#EarlyHarvest	http://www.ifomis.org/bfo/1.1#Wine
S	http://www.ifomis.org/bfo/1.1#EarlyHarvest	http://www.ifomis.org/bfo/1.1/snap#Continuant
S	http://www.ifomis.org/bfo/1.1#EarlyHarvest	http://www.ifomis.org/bfo/1.1/snap#IndependentContinuant
S	http://www.ifomis.org/bfo/1.1#EarlyHarvest	http://www.ifomis.org/bfo/1.1/snap#MaterialEntity
S	http://www.ifomis.org/bfo/1.1#EarlyHarvest	http://www.ifomis.org/bfo/1.1/snap#Object
S	http://www.ifomis.org/bfo/1.1#FrenchWine	http://www.ifomis.org/bfo/1.1#Entity
S	http://www.ifomis.org/bfo/1.1#FrenchWine	http://www.ifomis.org/bfo/1.1#IndependentContinuant
S	http://www.ifomis.org/bfo/1.1#FrenchWine	http://www.ifomis.org/bfo/1.1#Wine
S	http://www.ifomis.org/bfo/1.1#FrenchWine	http://www.ifomis.org/bfo/1.1/snap#Continuant
S	http://www.ifomis.org/bfo/1.1#FrenchWine	http://www.ifomis.org/bfo/1.1/snap#IndependentContinuant
S	http://www.ifomis.org/bfo/1.1#FrenchWine	http://www.ifomis.org/bfo/1.1/snap#MaterialEntity
S	http://www.ifomis.org/bfo/1.1#FrenchWine	http://www.ifomis.org/bfo/1.1/snap#Object
S	http://www.ifomis.org/bfo/1.1#FullBodiedWine	http://www.ifomis.org/bfo/1.1#Entity
S	http://www.ifomis.org/bfo/1.1#FullBodiedWine	http://www.ifomis.org/bfo/1.1#IndependentContinuant
S	http://www.ifomis.org/bfo/1.1#FullBodiedWine	http://www.ifomis.org/bfo/1.1#Wine
S	http://www.ifomis.org/bfo/1.1#FullBodiedWine	http://www.ifomis.org/bfo/1.1/snap#Continuant
S	http://www.ifomis.org/bfo/1.1#FullBodiedWine	http://www.ifomis.org/bfo/1.1/snap#IndependentContinuant
S	http://www.ifomis.org/bfo/1.1#FullBodiedWine	http://www.ifomis.org/bfo/1.1/snap#MaterialEntity
S	http://www.ifomis.org/bfo/1.1#FullBodiedWine	http://www.ifomis.org/bfo/1.1/snap#Object
S	http://www.ifomis.org/bfo/1.1#Gamay	http://www.ifomis.org/bfo/1.1#Entity
S	http://www.ifomis.org/bfo/1.1#Gamay	http://www.ifomis.org/bfo/1.1#IndependentContinuant
S	http://www.ifomis.org/bfo/1.1#Gamay	http://www.ifomis.org/bfo/1.1#Wine
S	http://www.ifomis.org/bfo/1.1#Gamay	http://www.ifomis.org/bfo/1.1/snap#Continuant
S	http://www.ifomis.org/bfo/1.1#Gamay	http://www.ifomis.org/bfo/1.1/snap#IndependentContinuant
S	http://www.ifomis.org/bfo/1.1#Gamay	http://www.ifomis.org/bfo/1.1/snap#MaterialEntity
S	http://www.ifomis.org/bfo/1.1#Gamay	http://www.ifomis.org/bfo/1.1/snap#Object
S	http://www.ifomis.org/bfo/1.1#GermanWine	http://www.ifomis.org/bfo/1.1#Entity
S	http://www.ifomis.org/bfo/1.1#GermanWine	http://www.ifomis.org/bfo/1.1#IndependentContinuant
S	http://www.ifomis.org/bfo/1.1#GermanWine	http://www.ifomis.org/bfo/1.1#Wine
S	http://www.ifomis.org/bfo/1.1#GermanWine	http://www.ifomis.org/bfo/1.1/snap#Continuant
S	http://www.ifomis.org/bfo/1.1#GermanWine	http://www.ifomis.org/bfo/1.1/snap#IndependentContinuant
S	http://www.ifomis.org/bfo/1.1#GermanWine	http://www.ifomis.org/bfo/1.1/snap#MaterialEntity
S	http://www.ifomis.org/bfo/1.1#GermanWine	http://www.ifomis.org/bfo/1.1/snap#Object
S	http://www.ifomis.org/bfo/1.1#IceWine	http://www.ifomis.org/bfo/1.1#DessertWine
S	http://www.ifomis.org/bfo/1.1#IceWine	http://www.ifomis.org/bfo/1.1#Entity
S	http://www.ifomis.org/bfo/1.1#IceWine	http://www.ifomis.org/bfo/1.1#IndependentContinuant
S	http://www.ifomis.org/bfo/1.1#IceWine	http://www.ifomis.org/bfo/1.1#LateHarvest
S	http://www.ifomis.org/bfo/1.1#IceWine	http://www.ifomis.org/bfo/1.1#SweetWine
S	http://www.ifomis.org/bfo/1.1#IceWine	http://www.ifomis.org/bfo/1.1#WhiteWine
S	http://www.ifomis.org/bfo/1.1#IceWine	http://www.ifomis.org/bfo/1.1#Wine
S	http://www.ifomis.org/bfo/1.1#IceWine	http://www.ifomis.org/bfo/1.1/snap#Continuant
S	http://www.ifomis.org/bfo/1.1#IceWine	http://www.ifomis.org/bfo/1.1/snap#IndependentContinuant
S	http://www.ifomis.org/bfo/1.1#IceWine	http://www.ifomis.org/bfo/1.1/snap#MaterialEntity
S	http://www.ifomis.org/bfo/1.1#IceWine	http://www.ifomis.org/bfo/1.1/snap#Object
S	http://www.ifomis.org/bfo/1.1#ItalianWine	http://www.ifomis.org/bfo/1.1#Entity
S	http://www.ifomis.org/bfo/1.1#ItalianWine	http://www.ifomis.org/bfo/1.1#IndependentContinuant
S	http://www.ifomis.org/bfo/1.1#ItalianWine	http://www.ifomis.org/bfo/1.1#Wine
S	http://www.ifomis.org/bfo/1.1#ItalianWine	http://www.ifomis.org/bfo/1.1/snap#Continuant
S	http://www.ifomis.org/bfo/1.1#ItalianWine	http://www.ifomis.org/bfo/1.1/snap#IndependentContinuant
S	http://www.ifomis.org/bfo/1.1#ItalianWine	http://www.ifomis.org/bfo/1.1/snap#MaterialEntity
S	http://www.ifomis.org/bfo/1.1#ItalianWine	http://www.ifomis.org/bfo/1.1/snap#Object
S	http://www.ifomis.org/bfo/1.1#LateHarvest	http://www.ifomis.org/bfo/1.1#Entity
S	http://www.ifomis.org/bfo/1.1#LateHarvest	http://www.ifomis.org/bfo/1.1#IndependentContinuant
S	http://www.ifomis.org/bfo/1.1#LateHarvest	http://www.ifomis.org/bfo/1.1#SweetWine
S	http://www.ifomis.org/bfo/1.1#LateHarvest	http://www.ifomis.org/bfo/1.1#Wine
S	http://www.ifomis.org/bfo/1.1#LateHarvest	http://www.ifomis.org/bfo/1.1/snap#Continuant
S	http://www.ifomis.org/bfo/1.1#LateHarvest	http://www.ifomis.org/bfo/1.1/snap#IndependentContinuant
S	http://www.ifomis.org/bfo/1.1#LateHarvest	http://www.ifomis.org/bfo/1.1/snap#MaterialEntity
S	http://www.ifomis.org/bfo/1.1#LateHarvest	http://www.ifomis.org/bfo/1.1/snap#Object
S	http://www.ifomis.org/bfo/1.1#Loire	http://www.ifomis.org/bfo/1.1#Entity
S	http://www.ifomis.org/bfo/1.1#Loire	http://www.ifomis.org/bfo/1.1#IndependentContinuant
S	http://www.ifomis.org/bfo/1.1#Loire	http://www.ifomis.org/bfo/1.1#Wine
S	http://www.ifomis.org/bfo/1.1#Loire	http://www.ifomis.org/bfo/1.1/snap#Continuant
S	http://www.ifomis.org/bfo/1.1#Loire	http://www.ifomis.org/bfo/1.1/snap#IndependentContinuant
S	http://www.ifomis.org/bfo/1.1#Loire	http://www.ifomis.org/bfo/1.1/snap#MaterialEntity
S	http://www.ifomis.org/bfo/1.1#Loire	http://www.ifomis.org/bfo/1.1/snap#Object
S	http://www.ifomis.org/bfo/1.1#Margaux	http://www.ifomis.org/bfo/1.1#Bordeaux
S	http://www.ifomis.org/bfo/1.1#Margaux	http://www.ifomis.org/bfo/1.1#DryRedWine
S	http://www.ifomis.org/bfo/1.1#Margaux	http://www.ifomis.org/bfo/1.1#DryWine
S	http://www.ifomis.org/bfo/1.1#Margaux	http://www.ifomis.org/bfo/1.1#Entity
S	http://www.ifomis.org/bfo/1.1#Margaux	http://www.ifomis.org/bfo/1.1#IndependentContinuant
S	http://www.ifomis.org/bfo/1.1#Margaux	http://www.ifomis.org/bfo/1.1#Medoc
S	http://www.ifomis.org/bfo/1.1#Margaux	http://www.ifomis.org/bfo/1.1#Merlot
S	http://www.ifomis.org/bfo/1.1#Margaux	http://www.ifomis.org/bfo/1.1#RedBordeaux
S	http://www.ifomis.org/bfo/1.1#Margaux	http://www.ifomis.org/bfo/1.1#RedTableWine
S	http://www.ifomis.org/bfo/1.1#Margaux	http://www.ifomis.org/bfo/1.1#RedWine
S	http://www.ifomis.org/bfo/1.1#Margaux	http://www.ifomis.org/bfo/1.1#TableWine
S	http://www.ifomis.org/bfo/1.1#Margaux	http://www.ifomis.org/bfo/1.1#Wine
S	http://www.ifomis.org/bfo/1.1#Margaux	http://www.ifomis.org/bfo/1.1/snap#Continuant
S	http://www.ifomis.org/bfo/1.1#Margaux	http://www.ifomis.org/bfo/1.1/snap#IndependentContinuant
S	http://www.ifomis.org/bfo/1.1#Margaux	http://www.ifomis.org/bfo/1.1/snap#MaterialEntity
S	http://www.ifomis.org/bfo/1.1#Margaux	http://www.ifomis.org/bfo/1.1/snap#Object
S	http://www.ifomis.org/bfo/1.1#Medoc	http://www.ifomis.org/bfo/1.1#Bordeaux
S	http://www.ifomis.org/bfo/1.1#Medoc	http://www.ifomis.org/bfo/1.1#DryRedWine
S	http://www.ifomis.org/bfo/1.1#Medoc	http://www.ifomis.org/bfo/1.1#DryWine
S	http://www.ifomis.org/bfo/1.1#Medoc	http://www.ifomis.org/bfo/1.1#Entity
S	http://www.ifomis.org/bfo/1.1#Medoc	http://www.ifomis.org/bfo/1.1#IndependentContinuant
S	http://www.ifomis.org/bfo/1.1#Medoc	http://www.ifomis.org/bfo/1.1#RedBordeaux
S	http://www.ifomis.org/bfo/1.1#Medoc	http://www.ifomis.org/bfo/1.1#RedTableWine
S	http://www.ifomis.org/bfo/1.1#Medoc	http://www.ifomis.org/bfo/1.1#RedWine
S	http://www.ifomis.org/bfo/1.1#Medoc	http://www.ifomis.org/bfo/1.1#TableWine
S	http://www.ifomis.org/bfo/1.1#Medoc	http://www.ifomis.org/bfo/1.1#Wine
S	http://www.ifomis.org/bfo/1.1#Medoc	http://www.ifomis.org/bfo/1.1/snap#Continuant
S	http://www.ifomis.org/bfo/1.1#Medoc	http://www.ifomis.org/bfo/1.1/snap#IndependentContinuant
S	http://www.ifomis.org/bfo/1.1#Medoc	http://www.ifomis.org/bfo/1.1/snap#MaterialEntity
S	http://www.ifomis.org/bfo/1.1#Medoc	http://www.ifomis.org/bfo/1.1/snap#Object
S	http://www.ifomis.org/bfo/1.1#Meritage	http://www.ifomis.org/bfo/1.1#Entity
S	http://www.ifomis.org/bfo/1.1#Meritage	http://www.ifomis.org/bfo/1.1#IndependentContinuant
S	http://www.ifomis.org/bfo/1.1#Meritage	http://www.ifomis.org/bfo/1.1#RedWine
S	http://www.ifomis.org/bfo/1.1#Meritage	http://www.ifomis.org/bfo/1.1#Wine
S	http://www.ifomis.org/bfo/1.1#Meritage	http://www.ifomis.org/bfo/1.1/snap#Continuant
S	http://www.ifomis.org/bfo/1.1#Meritage	http://www.ifomis.org/bfo/1.1/snap#IndependentContinuant
S	http://www.ifomis.org/bfo/1.1#Meritage	http://www.ifomis.org/bfo/1.1/snap#MaterialEntity
S	http://www.ifomis.org/bfo/1.1#Meritage	http://www.ifomis.org/bfo/1.1/snap#Object
S	http://www.ifomis.org/bfo/1.1#Merlot	http://www.ifomis.org/bfo/1.1#DryRedWine
S	http://www.ifomis.org/bfo/1.1#Merlot	http://www.ifomis.org/bfo/1.1#DryWine
S	http://www.ifomis.org/bfo/1.1#Merlot	http://www.ifomis.org/bfo/1.1#Entity
S	http://www.ifomis.org/bfo/1.1#Merlot	http://www.ifomis.org/bfo/1.1#IndependentContinuant
S	http://www.ifomis.org/bfo/1.1#Merlot	http://www.ifomis.org/bfo/1.1#RedTableWine
S	http://www.ifomis.org/bfo/1.1#Merlot	http://www.ifomis.org/bfo/1.1#RedWine
S	http://www.ifomis.org/bfo/1.1#Merlot	http://www.ifomis.org/bfo/1.1#TableWine
S	http://www.ifomis.org/bfo/1.1#Merlot	http://www.ifomis.org/bfo/1.1#Wine
S	http://www.ifomis.org/bfo/1.1#Merlot	http://www.ifomis.org/bfo/1.1/snap#Continuant
S	http://www.ifomis.org/bfo/1.1#Merlot	http://www.ifomis.org/bfo/1.1/snap#IndependentContinuant
S	http://www.ifomis.org/bfo/1.1#Merlot	http://www.ifomis.org/bfo/1.1/snap#MaterialEntity
S	http://www.ifomis.org/bfo/1.1#Merlot	http://www.ifomis.org/bfo/1.1/snap#Object
S	http://www.ifomis.org/bfo/1.1#Meursault	http://www.ifomis.org/bfo/1.1#Burgundy
S	http://www.ifomis.org/bfo/1.1#Meursault	http://www.ifomis.org/bfo/1.1#Chardonnay
S	http://www.ifomis.org/bfo/1.1#Meursault	http://www.ifomis.org/bfo/1.1#DryWhiteWine
S	http://www.ifomis.org/bfo/1.1#Meursault	http://www.ifomis.org/bfo/1.1#DryWine
S	http://www.ifomis.org/bfo/1.1#Meursault	http://www.ifomis.org/bfo/1.1#Entity
S	http://www.ifomis.org/bfo/1.1#Meursault	http://www.ifomis.org/bfo/1.1#FullBodiedWine
S	http://www.ifomis.org/bfo/1.1#Meursault	http://www.ifomis.org/bfo/1.1#IndependentContinuant
S	http://www.ifomis.org/bfo/1.1#Meursault	http://www.ifomis.org/bfo/1.1#TableWine
S	http://www.ifomis.org/bfo/1.1#Meursault	http://www.ifomis.org/bfo/1.1#WhiteBurgundy
S	http://www.ifomis.org/bfo/1.1#Meursault	http://www.ifomis.org/bfo/1.1#WhiteNonSweetWine
S	http://www.ifomis.org/bfo/1.1#Meursault	http://www.ifomis.org/bfo/1.1#WhiteTableWine
S	http://www.ifomis.org/bfo/1.1#Meursault	http://www.ifomis.org/bfo/1.1#WhiteWine
S	http://www.ifomis.org/bfo/1.1#Meursault	http://www.ifomis.org/bfo/1.1#Wine
S	http://www.ifomis.org/bfo/1.1#Meursault	http://www.ifomis.org/bfo/1.1/snap#Continuant
S	http://www.ifomis.org/bfo/1.1#Meursault	http://www.ifomis.org/bfo/1.1/snap#IndependentContinuant
S	http://www.ifomis.org/bfo/1.1#Meursault	http://www.ifomis.org/bfo/1.1/snap#MaterialEntity
S	http://www.ifomis.org/bfo/1.1#Meursault	http://www.ifomis.org/bfo/1.1/snap#Object
S	http://www.ifomis.org/bfo/1.1#Muscadet	http://www.ifomis.org/bfo/1.1#DryWhiteWine
S	http://www.ifomis.org/bfo/1.1#Muscadet	http://www.ifomis.org/bfo/1.1#DryWine
S	http://www.ifomis.org/bfo/1.1#Muscadet	http://www.ifomis.org/bfo/1.1#Entity
S	http://www.ifomis.org/bfo/1.1#Muscadet	http://www.ifomis.org/bfo/1.1#IndependentContinuant
S	http://www.ifomis.org/bfo/1.1#Muscadet	http://www.ifomis.org/bfo/1.1#Loire
S	http://www.ifomis.org/bfo/1.1#Muscadet	http://www.ifomis.org/bfo/1.1#PinotBlanc
S	http://www.ifomis.org/bfo/1.1#Muscadet	http://www.ifomis.org/bfo/1.1#TableWine
S	http://www.ifomis.org/bfo/1.1#Muscadet	http://www.ifomis.org/bfo/1.1#WhiteLoire
S	http://www.ifomis.org/bfo/1.1#Muscadet	http://www.ifomis.org/bfo/1.1#WhiteNonSweetWine
S	http://www.ifomis.org/bfo/1.1#Muscadet	http://www.ifomis.org/bfo/1.1#WhiteTableWine
S	http://www.ifomis.org/bfo/1.1#Muscadet	http://www.ifomis.org/bfo/1.1#WhiteWine
S	http://www.ifomis.org/bfo/1.1#Muscadet	http://www.ifomis.org/bfo/1.1#Wine
S	http://www.ifomis.org/bfo/1.1#Muscadet	http://www.ifomis.org/bfo/1.1/snap#Continuant
S	http://www.ifomis.org/bfo/1.1#Muscadet	http://www.ifomis.org/bfo/1.1/snap#IndependentContinuant
S	http://www.ifomis.org/bfo/1.1#Muscadet	http://www.ifomis.org/bfo/1.1/snap#MaterialEntity
S	http://www.ifomis.org/bfo/1.1#Muscadet	http://www.ifomis.org/bfo/1.1/snap#Object
S	http://www.ifomis.org/bfo/1.1#Pauillac	http://www.ifomis.org/bfo/1.1#Bordeaux
S	http://www.ifomis.org/bfo/1.1#Pauillac	http://www.ifomis.org/bfo/1.1#CabernetSauvignon
S	http://www.ifomis.org/bfo/1.1#Pauillac	http://www.ifomis.org/bfo/1.1#DryRedWine
S	http://www.ifomis.org/bfo/1.1#Pauillac	http://www.ifomis.org/bfo/1.1#DryWine
S	http://www.ifomis.org/bfo/1.1#Pauillac	http://www.ifomis.org/bfo/1.1#Entity
S	http://www.ifomis.org/bfo/1.1#Pauillac	http://www.ifomis.org/bfo/1.1#FullBodiedWine
S	http://www.ifomis.org/bfo/1.1#Pauillac	http://www.ifomis.org/bfo/1.1#IndependentContinuant
S	http://www.ifomis.org/bfo/1.1#Pauillac	http://www.ifomis.org/bfo/1.1#Medoc
S	http://www.ifomis.org/bfo/1.1#Pauillac	http://www.ifomis.org/bfo/1.1#RedBordeaux
S	http://www.ifomis.org/bfo/1.1#Pauillac	http://www.ifomis.org/bfo/1.1#RedTableWine
S	http://www.ifomis.org/bfo/1.1#Pauillac	http://www.ifomis.org/bfo/1.1#RedWine
S	http://www.ifomis.org/bfo/1.1#Pauillac	http://www.ifomis.org/bfo/1.1#TableWine
S	http://www.ifomis.org/bfo/1.1#Pauillac	http://www.ifomis.org/bfo/1.1#Wine
S	http://www.ifomis.org/bfo/1.1#Pauillac	http://www.ifomis.org/bfo/1.1/snap#Continuant
S	http://www.ifomis.org/bfo/1.1#Pauillac	http://www.ifomis.org/bfo/1.1/snap#IndependentContinuant
S	http://www.ifomis.org/bfo/1.1#Pauillac	http://www.ifomis.org/bfo/1.1/snap#MaterialEntity
S	http://www.ifomis.org/bfo/1.1#Pauillac	http://www.ifomis.org/bfo/1.1/snap#Object
S	http://www.ifomis.org/bfo/1.1#PetiteSyrah	http://www.ifomis.org/bfo/1.1#DryRedWine
S	http://www.ifomis.org/bfo/1.1#PetiteSyrah	http://www.ifomis.org/bfo/1.1#DryWine
S	http://www.ifomis.org/bfo/1.1#PetiteSyrah	http://www.ifomis.org/bfo/1.1#Entity
S	http://www.ifomis.org/bfo/1.1#PetiteSyrah	http://www.ifomis.org/bfo/1.1#IndependentContinuant
S	http://www.ifomis.org/bfo/1.1#PetiteSyrah	http://www.ifomis.org/bfo/1.1#RedTableWine
S	http://www.ifomis.org/bfo/1.1#PetiteSyrah	http://www.ifomis.org/bfo/1.1#RedWine
S	http://www.ifomis.org/bfo/1.1#PetiteSyrah	http://www.ifomis.org/bfo/1.1#TableWine
S	http://www.ifomis.org/bfo/1.1#PetiteSyrah	http://www.ifomis.org/bfo/1.1#Wine
S	http://www.ifomis.org/bfo/1.1#PetiteSyrah	http://www.ifomis.org/bfo/1.1/snap#Continuant
S	http://www.ifomis.org/bfo/1.1#PetiteSyrah	http://www.ifomis.org/bfo/1.1/snap#IndependentContinuant
S	http://www.ifomis.org/bfo/1.1#PetiteSyrah	http://www.ifomis.org/bfo/1.1/snap#MaterialEntity
S	http://www.ifomis.org/bfo/1.1#PetiteSyrah	http://www.ifomis.org/bfo/1.1/snap#Object
S	http://www.ifomis.org/bfo/1.1#PinotBlanc	http://www.ifomis.org/bfo/1.1#Entity
S	http://www.ifomis.org/bfo/1.1#PinotBlanc	http://www.ifomis.org/bfo/1.1#IndependentContinuant
S	http://www.ifomis.org/bfo/1.1#PinotBlanc	http://www.ifomis.org/bfo/1.1#WhiteWine
S	http://www.ifomis.org/bfo/1.1#PinotBlanc	http://www.ifomis.org/bfo/1.1#Wine
S	http://www.ifomis.org/bfo/1.1#PinotBlanc	http://www.ifomis.org/bfo/1.1/snap#Continuant
S	http://www.ifomis.org/bfo/1.1#PinotBlanc	http://www.ifomis.org/bfo/1.1/snap#IndependentContinuant
S	http://www.ifomis.org/bfo/1.1#PinotBlanc	http://www.ifomis.org/bfo/1.1/snap#MaterialEntity
S	http://www.ifomis.org/bfo/1.1#PinotBlanc	http://www.ifomis.org/bfo/1.1/snap#Object
S	http://www.ifomis.org/bfo/1.1#PinotNoir	http://www.ifomis.org/bfo/1.1#Entity
S	http://www.ifomis.org/bfo/1.1#PinotNoir	http://www.ifomis.org/bfo/1.1#IndependentContinuant
S	http://www.ifomis.org/bfo/1.1#PinotNoir	http://www.ifomis.org/bfo/1.1#RedWine
S	http://www.ifomis.org/bfo/1.1#PinotNoir	http://www.ifomis.org/bfo/1.1#Wine
S	http://www.ifomis.org/bfo/1.1#PinotNoir	http://www.ifomis.org/bfo/1.1/snap#Continuant
S	http://www.ifomis.org/bfo/1.1#PinotNoir	http://www.ifomis.org/bfo/1.1/snap#IndependentContinuant
S	http://www.ifomis.org/bfo/1.1#PinotNoir	http://www.ifomis.org/bfo/1.1/snap#MaterialEntity
S	http://www.ifomis.org/bfo/1.1#PinotNoir	http://www.ifomis.org/bfo/1.1/snap#Object
S	http://www.ifomis.org/bfo/1.1#Port	http://www.ifomis.org/bfo/1.1#Entity
S	http://www.ifomis.org/bfo/1.1#Port	http://www.ifomis.org/bfo/1.1#FullBodiedWine
S	http://www.ifomis.org/bfo/1.1#Port	http://www.ifomis.org/bfo/1.1#IndependentContinuant
S	http://www.ifomis.org/bfo/1.1#Port	http://www.ifomis.org/bfo/1.1#RedWine
S	http://www.ifomis.org/bfo/1.1#Port	http://www.ifomis.org/bfo/1.1#SweetWine
S	http://www.ifomis.org/bfo/1.1#Port	http://www.ifomis.org/bfo/1.1#Wine
S	http://www.ifomis.org/bfo/1.1#Port	http://www.ifomis.org/bfo/1.1/snap#Continuant
S	http://www.ifomis.org/bfo/1.1#Port	http://www.ifomis.org/bfo/1.1/snap#IndependentContinuant
S	http://www.ifomis.org/bfo/1.1#Port	http://www.ifomis.org/bfo/1.1/snap#MaterialEntity
S	http://www.ifomis.org/bfo/1.1#Port	http://www.ifomis.org/bfo/1.1/snap#Object
S	http://www.ifomis.org/bfo/1.1#RedBordeaux	http://www.ifomis.org/bfo/1.1#Bordeaux
S	http://www.ifomis.org/bfo/1.1#RedBordeaux	http://www.ifomis.org/bfo/1.1#Entity
S	http://www.ifomis.org/bfo/1.1#RedBordeaux	http://www.ifomis.org/bfo/1.1#IndependentContinuant
S	http://www.ifomis.org/bfo/1.1#RedBordeaux	http://www.ifomis.org/bfo/1.1#RedWine
S	http://www.ifomis.org/bfo/1.1#RedBordeaux	http://www.ifomis.org/bfo/1.1#Wine
S	http://www.ifomis.org/bfo/1.1#RedBordeaux	http://www.ifomis.org/bfo/1.1/snap#Continuant
S	http://www.ifomis.org/bfo/1.1#RedBordeaux	http://www.ifomis.org/bfo/1.1/snap#IndependentContinuant
S	http://www.ifomis.org/bfo/1.1#RedBordeaux	http://www.ifomis.org/bfo/1.1/snap#MaterialEntity
S	http://www.ifomis.org/bfo/1.1#RedBordeaux	http://www.ifomis.org/bfo/1.1/snap#Object
S	http://www.ifomis.org/bfo/1.1#RedBurgundy	http://www.ifomis.org/bfo/1.1#Burgundy
S	http://www.ifomis.org/bfo/1.1#RedBurgundy	http://www.ifomis.org/bfo/1.1#DryRedWine
S	http://www.ifomis.org/bfo/1.1#RedBurgundy	http://www.ifomis.org/bfo/1.1#DryWine
S	http://www.ifomis.org/bfo/1.1#RedBurgundy	http://www.ifomis.org/bfo/1.1#Entity
S	http://www.ifomis.org/bfo/1.1#RedBurgundy	http://www.ifomis.org/bfo/1.1#IndependentContinuant
S	http://www.ifomis.org/bfo/1.1#RedBurgundy	http://www.ifomis.org/bfo/1.1#PinotNoir
S	http://www.ifomis.org/bfo/1.1#RedBurgundy	http://www.ifomis.org/bfo/1.1#RedTableWine
S	http://www.ifomis.org/bfo/1.1#RedBurgundy	http://www.ifomis.org/bfo/1.1#RedWine
S	http://www.ifomis.org/bfo/1.1#RedBurgundy	http://www.ifomis.org/bfo/1.1#TableWine
S	http://www.ifomis.org/bfo/1.1#RedBurgundy	http://www.ifomis.org/bfo/1.1#Wine
S	http://www.ifomis.org/bfo/1.1#RedBurgundy	http://www.ifomis.org/bfo/1.1/snap#Continuant
S	http://www.ifomis.org/bfo/1.1#RedBurgundy	http://www.ifomis.org/bfo/1.1/snap#IndependentContinuant
S	http://www.ifomis.org/bfo/1.1#RedBurgundy	http://www.ifomis.org/bfo/1.1/snap#MaterialEntity
S	http://www.ifomis.org/bfo/1.1#RedBurgundy	http://www.ifomis.org/bfo/1.1/snap#Object
S	http://www.ifomis.org/bfo/1.1#RedTableWine	http://www.ifomis.org/bfo/1.1#DryRedWine
S	http://www.ifomis.org/bfo/1.1#RedTableWine	http://www.ifomis.org/bfo/1.1#DryWine
S	http://www.ifomis.org/bfo/1.1#RedTableWine	http://www.ifomis.org/bfo/1.1#Entity
S	http://www.ifomis.org/bfo/1.1#RedTableWine	http://www.ifomis.org/bfo/1.1#IndependentContinuant
S	http://www.ifomis.org/bfo/1.1#RedTableWine	http://www.ifomis.org/bfo/1.1#RedWine
S	http://www.ifomis.org/bfo/1.1#RedTableWine	http://www.ifomis.org/bfo/1.1#TableWine
S	http://www.ifomis.org/bfo/1.1#RedTableWine	http://www.ifomis.org/bfo/1.1#Wine
S	http://www.ifomis.org/bfo/1.1#RedTableWine	http://www.ifomis.org/bfo/1.1/snap#Continuant
S	http://www.ifomis.org/bfo/1.1#RedTableWine	http://www.ifomis.org/bfo/1.1/snap#IndependentContinuant
S	http://www.ifomis.org/bfo/1.1#RedTableWine	http://www.ifomis.org/bfo/1.1/snap#MaterialEntity
S	http://www.ifomis.org/bfo/1.1#RedTableWine	http://www.ifomis.org/bfo/1.1/snap#Object
S	http://www.ifomis.org/bfo/1.1#RedWine	http://www.ifomis.org/bfo/1.1#Entity
S	http://www.ifomis.org/bfo/1.1#RedWine	http://www.ifomis.org/bfo/1.1#IndependentContinuant
S	http://www.ifomis.org/bfo/1.1#RedWine	http://www.ifomis.org/bfo/1.1#Wine
S	http://www.ifomis.org/bfo/1.1#RedWine	http://www.ifomis.org/bfo/1.1/snap#Continuant
S	http://www.ifomis.org/bfo/1.1#RedWine	http://www.ifomis.org/bfo/1.1/snap#IndependentContinuant
S	http://www.ifomis.org/bfo/1.1#RedWine	http://www.ifomis.org/bfo/1.1/snap#MaterialEntity
S	http://www.ifomis.org/bfo/1.1#RedWine	http://www.ifomis.org/bfo/1.1/snap#Object
S	http://www.ifomis.org/bfo/1.1#Region	http://www.ifomis.org/bfo/1.1#Entity
S	http://www.ifomis.org/bfo/1.1#Region	http://www.ifomis.org/bfo/1.1/snap#Continuant
S	http://www.ifomis.org/bfo/1.1#Region	http://www.ifomis.org/bfo/1.1/snap#IndependentContinuant
S	http://www.ifomis.org/bfo/1.1#Region	http://www.ifomis.org/bfo/1.1/snap#Site
S	http://www.ifomis.org/bfo/1.1#Riesling	http://www.ifomis.org/bfo/1.1#Entity
S	http://www.ifomis.org/bfo/1.1#Riesling	http://www.ifomis.org/bfo/1.1#IndependentContinuant
S	http://www.ifomis.org/bfo/1.1#Riesling	http://www.ifomis.org/bfo/1.1#WhiteWine
S	http://www.ifomis.org/bfo/1.1#Riesling	http://www.ifomis.org/bfo/1.1#Wine
S	http://www.ifomis.org/bfo/1.1#Riesling	http://www.ifomis.org/bfo/1.1/snap#Continuant
S	http://www.ifomis.org/bfo/1.1#Riesling	http://www.ifomis.org/bfo/1.1/snap#IndependentContinuant
S	http://www.ifomis.org/bfo/1.1#Riesling	http://www.ifomis.org/bfo/1.1/snap#MaterialEntity
S	http://www.ifomis.org/bfo/1.1#Riesling	http://www.ifomis.org/bfo/1.1/snap#Object
S	http://www.ifomis.org/bfo/1.1#RoseWine	http://www.ifomis.org/bfo/1.1#Entity
S	http://www.ifomis.org/bfo/1.1#RoseWine	http://www.ifomis.org/bfo/1.1#IndependentContinuant
S	http://www.ifomis.org/bfo/1.1#RoseWine	http://www.ifomis.org/bfo/1.1#Wine
S	http://www.ifomis.org/bfo/1.1#RoseWine	http://www.ifomis.org/bfo/1.1/snap#Continuant
S	http://www.ifomis.org/bfo/1.1#RoseWine	http://www.ifomis.org/bfo/1.1/snap#IndependentContinuant
S	http://www.ifomis.org/bfo/1.1#RoseWine	http://www.ifomis.org/bfo/1.1/snap#MaterialEntity
S	http://www.ifomis.org/bfo/1.1#RoseWine	http://www.ifomis.org/bfo/1.1/snap#Object
S	http://www.ifomis.org/bfo/1.1#Sancerre	http://www.ifomis.org/bfo/1.1#Entity
S	http://www.ifomis.org/bfo/1.1#Sancerre	http://www.ifomis.org/bfo/1.1#IndependentContinuant
S	http://www.ifomis.org/bfo/1.1#Sancerre	http://www.ifomis.org/bfo/1.1#Loire
S	http://www.ifomis.org/bfo/1.1#Sancerre	http://www.ifomis.org/bfo/1.1#SauvignonBlanc
S	http://www.ifomis.org/bfo/1.1#Sancerre	http://www.ifomis.org/bfo/1.1#SemillonOrSauvignonBlanc
S	http://www.ifomis.org/bfo/1.1#Sancerre	http://www.ifomis.org/bfo/1.1#WhiteLoire
S	http://www.ifomis.org/bfo/1.1#Sancerre	http://www.ifomis.org/bfo/1.1#WhiteNonSweetWine
S	http://www.ifomis.org/bfo/1.1#Sancerre	http://www.ifomis.org/bfo/1.1#WhiteWine
S	http://www.ifomis.org/bfo/1.1#Sancerre	http://www.ifomis.org/bfo/1.1#Wine
S	http://www.ifomis.org/bfo/1.1#Sancerre	http://www.ifomis.org/bfo/1.1/snap#Continuant
S	http://www.ifomis.org/bfo/1.1#Sancerre	http://www.ifomis.org/bfo/1.1/snap#IndependentContinuant
S	http://www.ifomis.org/bfo/1.1#Sancerre	http://www.ifomis.org/bfo/1.1/snap#MaterialEntity
S	http://www.ifomis.org/bfo/1.1#Sancerre	http://www.ifomis.org/bfo/1.1/snap#Object
S	http://www.ifomis.org/bfo/1.1#Sauternes	http://www.ifomis.org/bfo/1.1#Bordeaux
S	http://www.ifomis.org/bfo/1.1#Sauternes	http://www.ifomis.org/bfo/1.1#Entity
S	http://www.ifomis.org/bfo/1.1#Sauternes	http://www.ifomis.org/bfo/1.1#IndependentContinuant
S	http://www.ifomis.org/bfo/1.1#Sauternes	http://www.ifomis.org/bfo/1.1#LateHarvest
S	http://www.ifomis.org/bfo/1.1#Sauternes	http://www.ifomis.org/bfo/1.1#SemillonOrSauvignonBlanc
S	http://www.ifomis.org/bfo/1.1#Sauternes	http://www.ifomis.org/bfo/1.1#SweetWine
S	http://www.ifomis.org/bfo/1.1#Sauternes	http://www.ifomis.org/bfo/1.1#WhiteBordeaux
S	http://www.ifomis.org/bfo/1.1#Sauternes	http://www.ifomis.org/bfo/1.1#WhiteWine
S	http://www.ifomis.org/bfo/1.1#Sauternes	http://www.ifomis.org/bfo/1.1#Wine
S	http://www.ifomis.org/bfo/1.1#Sauternes	http://www.ifomis.org/bfo/1.1/snap#Continuant
S	http://www.ifomis.org/bfo/1.1#Sauternes	http://www.ifomis.org/bfo/1.1/snap#IndependentContinuant
S	http://www.ifomis.org/bfo/1.1#Sauternes	http://www.ifomis.org/bfo/1.1/snap#MaterialEntity
S	http://www.ifomis.org/bfo/1.1#Sauternes	http://www.ifomis.org/bfo/1.1/snap#Object
S	http://www.ifomis.org/bfo/1.1#SauvignonBlanc	http://www.ifomis.org/bfo/1.1#Entity
S	http://www.ifomis.org/bfo/1.1#SauvignonBlanc	http://www.ifomis.org/bfo/1.1#IndependentContinuant
S	http://www.ifomis.org/bfo/1.1#SauvignonBlanc	http://www.ifomis.org/bfo/1.1#SemillonOrSauvignonBlanc
S	http://www.ifomis.org/bfo/1.1#SauvignonBlanc	http://www.ifomis.org/bfo/1.1#WhiteWine
S	http://www.ifomis.org/bfo/1.1#SauvignonBlanc	http://www.ifomis.org/bfo/1.1#Wine
S	http://www.ifomis.org/bfo/1.1#SauvignonBlanc	http://www.ifomis.org/bfo/1.1/snap#Continuant
S	http://www.ifomis.org/bfo/1.1#SauvignonBlanc	http://www.ifomis.org/bfo/1.1/snap#IndependentContinuant
S	http://www.ifomis.org/bfo/1.1#SauvignonBlanc	http://www.ifomis.org/bfo/1.1/snap#MaterialEntity
S	http://www.ifomis.org/bfo/1.1#SauvignonBlanc	http://www.ifomis.org/bfo/1.1/snap#Object
S	http://www.ifomis.org/bfo/1.1#Semillon	http://www.ifomis.org/bfo/1.1#Entity
S	http://www.ifomis.org/bfo/1.1#Semillon	http://www.ifomis.org/bfo/1.1#IndependentContinuant
S	http://www.ifomis.org/bfo/1.1#Semillon	http://www.ifomis.org/bfo/1.1#SemillonOrSauvignonBlanc
S	http://www.ifomis.org/bfo/1.1#Semillon	http://www.ifomis.org/bfo/1.1#WhiteWine
S	http://www.ifomis.org/bfo/1.1#Semillon	http://www.ifomis.org/bfo/1.1#Wine
S	http://www.ifomis.org/bfo/1.1#Semillon	http://www.ifomis.org/bfo/1.1/snap#Continuant
S	http://www.ifomis.org/bfo/1.1#Semillon	http://www.ifomis.org/bfo/1.1/snap#IndependentContinuant
S	http://www.ifomis.org/bfo/1.1#Semillon	http://www.ifomis.org/bfo/1.1/snap#MaterialEntity
S	http://www.ifomis.org/bfo/1.1#Semillon	http://www.ifomis.org/bfo/1.1/snap#Object
S	http://www.ifomis.org/bfo/1.1#SemillonOrSauvignonBlanc	http://www.ifomis.org/bfo/1.1#Entity
S	http://www.ifomis.org/bfo/1.1#SemillonOrSauvignonBlanc	http://www.ifomis.org/bfo/1.1#IndependentContinuant
S	http://www.ifomis.org/bfo/1.1#SemillonOrSauvignonBlanc	http://www.ifomis.org/bfo/1.1#WhiteWine
S	http://www.ifomis.org/bfo/1.1#SemillonOrSauvignonBlanc	http://www.ifomis.org/bfo/1.1#Wine
S	http://www.ifomis.org/bfo/1.1#SemillonOrSauvignonBlanc	http://www.ifomis.org/bfo/1.1/snap#Continuant
S	http://www.ifomis.org/bfo/1.1#SemillonOrSauvignonBlanc	http://www.ifomis.org/bfo/1.1/snap#IndependentContinuant
S	http://www.ifomis.org/bfo/1.1#SemillonOrSauvignonBlanc	http://www.ifomis.org/bfo/1.1/snap#MaterialEntity
S	http://www.ifomis.org/bfo/1.1#SemillonOrSauvignonBlanc	http://www.ifomis.org/bfo/1.1/snap#Object
S	http://www.ifomis.org/bfo/1.1#StEmilion	http://www.ifomis.org/bfo/1.1#Bordeaux
S	http://www.ifomis.org/bfo/1.1#StEmilion	http://www.ifomis.org/bfo/1.1#CabernetSauvignon
S	http://www.ifomis.org/bfo/1.1#StEmilion	http://www.ifomis.org/bfo/1.1#DryRedWine
S	http://www.ifomis.org/bfo/1.1#StEmilion	http://www.ifomis.org/bfo/1.1#DryWine
S	http://www.ifomis.org/bfo/1.1#StEmilion	http://www.ifomis.org/bfo/1.1#Entity
S	http://www.ifomis.org/bfo/1.1#StEmilion	http://www.ifomis.org/bfo/1.1#IndependentContinuant
S	http://www.ifomis.org/bfo/1.1#StEmilion	http://www.ifomis.org/bfo/1.1#RedBordeaux
S	http://www.ifomis.org/bfo/1.1#StEmilion	http://www.ifomis.org/bfo/1.1#RedTableWine
S	http://www.ifomis.org/bfo/1.1#StEmilion	http://www.ifomis.org/bfo/1.1#RedWine
S	http://www.ifomis.org/bfo/1.1#StEmilion	http://www.ifomis.org/bfo/1.1#TableWine
S	http://www.ifomis.org/bfo/1.1#StEmilion	http://www.ifomis.org/bfo/1.1#Wine
S	http://www.ifomis.org/bfo/1.1#StEmilion	http://www.ifomis.org/bfo/1.1/snap#Continuant
S	http://www.ifomis.org/bfo/1.1#StEmilion	http://www.ifomis.org/bfo/1.1/snap#IndependentContinuant
S	http://www.ifomis.org/bfo/1.1#StEmilion	http://www.ifomis.org/bfo/1.1/snap#MaterialEntity
S	http://www.ifomis.org/bfo/1.1#StEmilion	http://www.ifomis.org/bfo/1.1/snap#Object
S	http://www.ifomis.org/bfo/1.1#SweetRiesling	http://www.ifomis.org/bfo/1.1#DessertWine
S	http://www.ifomis.org/bfo/1.1#SweetRiesling	http://www.ifomis.org/bfo/1.1#Entity
S	http://www.ifomis.org/bfo/1.1#SweetRiesling	http://www.ifomis.org/bfo/1.1#FullBodiedWine
S	http://www.ifomis.org/bfo/1.1#SweetRiesling	http://www.ifomis.org/bfo/1.1#IndependentContinuant
S	http://www.ifomis.org/bfo/1.1#SweetRiesling	http://www.ifomis.org/bfo/1.1#Riesling
S	http://www.ifomis.org/bfo/1.1#SweetRiesling	http://www.ifomis.org/bfo/1.1#SweetWine
S	http://www.ifomis.org/bfo/1.1#SweetRiesling	http://www.ifomis.org/bfo/1.1#WhiteWine
S	http://www.ifomis.org/bfo/1.1#SweetRiesling	http://www.ifomis.org/bfo/1.1#Wine
S	http://www.ifomis.org/bfo/1.1#SweetRiesling	http://www.ifomis.org/bfo/1.1/snap#Continuant
S	http://www.ifomis.org/bfo/1.1#SweetRiesling	http://www.ifomis.org/bfo/1.1/snap#IndependentContinuant
S	http://www.ifomis.org/bfo/1.1#SweetRiesling	http://www.ifomis.org/bfo/1.1/snap#MaterialEntity
S	http://www.ifomis.org/bfo/1.1#SweetRiesling	http://www.ifomis.org/bfo/1.1/snap#Object
S	http://www.ifomis.org/bfo/1.1#SweetWine	http://www.ifomis.org/bfo/1.1#Entity
S	http://www.ifomis.org/bfo/1.1#SweetWine	http://www.ifomis.org/bfo/1.1#IndependentContinuant
S	http://www.ifomis.org/bfo/1.1#SweetWine	http://www.ifomis.org/bfo/1.1#Wine
S	http://www.ifomis.org/bfo/1.1#SweetWine	http://www.ifomis.org/bfo/1.1/snap#Continuant
S	http://www.ifomis.org/bfo/1.1#SweetWine	http://www.ifomis.org/bfo/1.1/snap#IndependentContinuant
S	http://www.ifomis.org/bfo/1.1#SweetWine	http://www.ifomis.org/bfo/1.1/snap#MaterialEntity
S	http://www.ifomis.org/bfo/1.1#SweetWine	http://www.ifomis.org/bfo/1.1/snap#Object
S	http://www.ifomis.org/bfo/1.1#TableWine	http://www.ifomis.org/bfo/1.1#DryWine
S	http://www.ifomis.org/bfo/1.1#TableWine	http://www.ifomis.org/bfo/1.1#Entity
S	http://www.ifomis.org/bfo/1.1#TableWine	http://www.ifomis.org/bfo/1.1#IndependentContinuant
S	http://www.ifomis.org/bfo/1.1#TableWine	http://www.ifomis.org/bfo/1.1#Wine
S	http://www.ifomis.org/bfo/1.1#TableWine	http://www.ifomis.org/bfo/1.1/snap#Continuant
S	http://www.ifomis.org/bfo/1.1#TableWine	http://www.ifomis.org/bfo/1.1/snap#IndependentContinuant
S	http://www.ifomis.org/bfo/1.1#TableWine	http://www.ifomis.org/bfo/1.1/snap#MaterialEntity
S	http://www.ifomis.org/bfo/1.1#TableWine	http://www.ifomis.org/bfo/1.1/snap#Object
S	http://www.ifomis.org/bfo/1.1#TexasWine	http://www.ifomis.org/bfo/1.1#Entity
S	http://www.ifomis.org/bfo/1.1#TexasWine	http://www.ifomis.org/bfo/1.1#IndependentContinuant
S	http://www.ifomis.org/bfo/1.1#TexasWine	http://www.ifomis.org/bfo/1.1#Wine
S	http://www.ifomis.org/bfo/1.1#TexasWine	http://www.ifomis.org/bfo/1.1/snap#Continuant
S	http://www.ifomis.org/bfo/1.1#TexasWine	http://www.ifomis.org/bfo/1.1/snap#IndependentContinuant
S	http://www.ifomis.org/bfo/1.1#TexasWine	http://www.ifomis.org/bfo/1.1/snap#MaterialEntity
S	http://www.ifomis.org/bfo/1.1#TexasWine	http://www.ifomis.org/bfo/1.1/snap#Object
S	http://www.ifomis.org/bfo/1.1#Tours	http://www.ifomis.org/bfo/1.1#CheninBlanc
S	http://www.ifomis.org/bfo/1.1#Tours	http://www.ifomis.org/bfo/1.1#Entity
S	http://www.ifomis.org/bfo/1.1#Tours	http://www.ifomis.org/bfo/1.1#IndependentContinuant
S	http://www.ifomis.org/bfo/1.1#Tours	http://www.ifomis.org/bfo/1.1#Loire
S	http://www.ifomis.org/bfo/1.1#Tours	http://www.ifomis.org/bfo/1.1#WhiteLoire
S	http://www.ifomis.org/bfo/1.1#Tours	http://www.ifomis.org/bfo/1.1#WhiteNonSweetWine
S	http://www.ifomis.org/bfo/1.1#Tours	http://www.ifomis.org/bfo/1.1#WhiteWine
S	http://www.ifomis.org/bfo/1.1#Tours	http://www.ifomis.org/bfo/1.1#Wine
S	http://www.ifomis.org/bfo/1.1#Tours	http://www.ifomis.org/bfo/1.1/snap#Continuant
S	http://www.ifomis.org/bfo/1.1#Tours	http://www.ifomis.org/bfo/1.1/snap#IndependentContinuant
S	http://www.ifomis.org/bfo/1.1#Tours	http://www.ifomis.org/bfo/1.1/snap#MaterialEntity
S	http://www.ifomis.org/bfo/1.1#Tours	http://www.ifomis.org/bfo/1.1/snap#Object
S	http://www.ifomis.org/bfo/1.1#Vintage	http://www.ifomis.org/bfo/1.1#SpatiotemporalInterval
S	http://www.ifomis.org/bfo/1.1#VintageYear	http://www.ifomis.org/bfo/1.1#Entity
S	http://www.ifomis.org/bfo/1.1#VintageYear	http://www.ifomis.org/bfo/1.1/span#ConnectedSpatiotemporalRegion
S	http://www.ifomis.org/bfo/1.1#VintageYear	http://www.ifomis.org/bfo/1.1/span#Occurrent
S	http://www.ifomis.org/bfo/1.1#VintageYear	http://www.ifomis.org/bfo/1.1/span#SpatiotemporalInstant
S	http://www.ifomis.org/bfo/1.1#VintageYear	http://www.ifomis.org/bfo/1.1/span#SpatiotemporalRegion
S	http://www.ifomis.org/bfo/1.1#WhiteBordeaux	http://www.ifomis.org/bfo/1.1#Bordeaux
S	http://www.ifomis.org/bfo/1.1#WhiteBordeaux	http://www.ifomis.org/bfo/1.1#Entity
S	http://www.ifomis.org/bfo/1.1#WhiteBordeaux	http://www.ifomis.org/bfo/1.1#IndependentContinuant
S	http://www.ifomis.org/bfo/1.1#WhiteBordeaux	http://www.ifomis.org/bfo/1.1#SemillonOrSauvignonBlanc
S	http://www.ifomis.org/bfo/1.1#WhiteBordeaux	http://www.ifomis.org/bfo/1.1#WhiteWine
S	http://www.ifomis.org/bfo/1.1#WhiteBordeaux	http://www.ifomis.org/bfo/1.1#Wine
S	http://www.ifomis.org/bfo/1.1#WhiteBordeaux	http://www.ifomis.org/bfo/1.1/snap#Continuant
S	http://www.ifomis.org/bfo/1.1#WhiteBordeaux	http://www.ifomis.org/bfo/1.1/snap#IndependentContinuant
S	http://www.ifomis.org/bfo/1.1#WhiteBordeaux	http://www.ifomis.org/bfo/1.1/snap#MaterialEntity
S	http://www.ifomis.org/bfo/1.1#WhiteBordeaux	http://www.ifomis.org/bfo/1.1/snap#Object
S	http://www.ifomis.org/bfo/1.1#WhiteBurgundy	http://www.ifomis.org/bfo/1.1#Burgundy
S	http://www.ifomis.org/bfo/1.1#WhiteBurgundy	http://www.ifomis.org/bfo/1.1#Chardonnay
S	http://www.ifomis.org/bfo/1.1#WhiteBurgundy	http://www.ifomis.org/bfo/1.1#DryWhiteWine
S	http://www.ifomis.org/bfo/1.1#WhiteBurgundy	http://www.ifomis.org/bfo/1.1#DryWine
S	http://www.ifomis.org/bfo/1.1#WhiteBurgundy	http://www.ifomis.org/bfo/1.1#Entity
S	http://www.ifomis.org/bfo/1.1#WhiteBurgundy	http://www.ifomis.org/bfo/1.1#IndependentContinuant
S	http://www.ifomis.org/bfo/1.1#WhiteBurgundy	http://www.ifomis.org/bfo/1.1#TableWine
S	http://www.ifomis.org/bfo/1.1#WhiteBurgundy	http://www.ifomis.org/bfo/1.1#WhiteNonSweetWine
S	http://www.ifomis.org/bfo/1.1#WhiteBurgundy	http://www.ifomis.org/bfo/1.1#WhiteTableWine
S	http://www.ifomis.org/bfo/1.1#WhiteBurgundy	http://www.ifomis.org/bfo/1.1#WhiteWine
S	http://www.ifomis.org/bfo/1.1#WhiteBurgundy	http://www.ifomis.org/bfo/1.1#Wine
S	http://www.ifomis.org/bfo/1.1#WhiteBurgundy	http://www.ifomis.org/bfo/1.1/snap#Continuant
S	http://www.ifomis.org/bfo/1.1#WhiteBurgundy	http://www.ifomis.org/bfo/1.1/snap#IndependentContinuant
S	http://www.ifomis.org/bfo/1.1#WhiteBurgundy	http://www.ifomis.org/bfo/1.1/snap#MaterialEntity
S	http://www.ifomis.org/bfo/1.1#WhiteBurgundy	http://www.ifomis.org/bfo/1.1/snap#Object
S	http://www.ifomis.org/bfo/1.1#WhiteGermanWine	http://www.ifomis.org/bfo/1.1#Entity
S	http://www.ifomis.org/bfo/1.1#WhiteGermanWine	http://www.ifomis.org/bfo/1.1#GermanWine
S	http://www.ifomis.org/bfo/1.1#WhiteGermanWine	http://www.ifomis.org/bfo/1.1#IndependentContinuant
S	http://www.ifomis.org/bfo/1.1#WhiteGermanWine	http://www.ifomis.org/bfo/1.1#WhiteWine
S	http://www.ifomis.org/bfo/1.1#WhiteGermanWine	http://www.ifomis.org/bfo/1.1#Wine
S	http://www.ifomis.org/bfo/1.1#WhiteGermanWine	http://www.ifomis.org/bfo/1.1/snap#Continuant
S	http://www.ifomis.org/bfo/1.1#WhiteGermanWine	http://www.ifomis.org/bfo/1.1/snap#IndependentContinuant
S	http://www.ifomis.org/bfo/1.1#WhiteGermanWine	http://www.ifomis.org/bfo/1.1/snap#MaterialEntity
S	http://www.ifomis.org/bfo/1.1#WhiteGermanWine	http://www.ifomis.org/bfo/1.1/snap#Object
S	http://www.ifomis.org/bfo/1.1#WhiteLoire	http://www.ifomis.org/bfo/1.1#Entity
S	http://www.ifomis.org/bfo/1.1#WhiteLoire	http://www.ifomis.org/bfo/1.1#IndependentContinuant
S	http://www.ifomis.org/bfo/1.1#WhiteLoire	http://www.ifomis.org/bfo/1.1#Loire
S	http://www.ifomis.org/bfo/1.1#WhiteLoire	http://www.ifomis.org/bfo/1.1#WhiteWine
S	http://www.ifomis.org/bfo/1.1#WhiteLoire	http://www.ifomis.org/bfo/1.1#Wine
S	http://www.ifomis.org/bfo/1.1#WhiteLoire	http://www.ifomis.org/bfo/1.1/snap#Continuant
S	http://www.ifomis.org/bfo/1.1#WhiteLoire	http://www.ifomis.org/bfo/1.1/snap#IndependentContinuant
S	http://www.ifomis.org/bfo/1.1#WhiteLoire	http://www.ifomis.org/bfo/1.1/snap#MaterialEntity
S	http://www.ifomis.org/bfo/1.1#WhiteLoire	http://www.ifomis.org/bfo/1.1/snap#Object
S	http://www.ifomis.org/bfo/1.1#WhiteNonSweetWine	http://www.ifomis.org/bfo/1.1#Entity
S	http://www.ifomis.org/bfo/1.1#WhiteNonSweetWine	http://www.ifomis.org/bfo/1.1#IndependentContinuant
S	http://www.ifomis.org/bfo/1.1#WhiteNonSweetWine	http://www.ifomis.org/bfo/1.1#WhiteWine
S	http://www.ifomis.org/bfo/1.1#WhiteNonSweetWine	http://www.ifomis.org/bfo/1.1#Wine
S	http://www.ifomis.org/bfo/1.1#WhiteNonSweetWine	http://www.ifomis.org/bfo/1.1/snap#Continuant
S	http://www.ifomis.org/bfo/1.1#WhiteNonSweetWine	http://www.ifomis.org/bfo/1.1/snap#IndependentContinuant
S	http://www.ifomis.org/bfo/1.1#WhiteNonSweetWine	http://www.ifomis.org/bfo/1.1/snap#MaterialEntity
S	http://www.ifomis.org/bfo/1.1#WhiteNonSweetWine	http://www.ifomis.org/bfo/1.1/snap#Object
S	http://www.ifomis.org/bfo/1.1#WhiteTableWine	http://www.ifomis.org/bfo/1.1#DryWhiteWine
S	http://www.ifomis.org/bfo/1.1#WhiteTableWine	http://www.ifomis.org/bfo/1.1#DryWine
S	http://www.ifomis.org/bfo/1.1#WhiteTableWine	http://www.ifomis.org/bfo/1.1#Entity
S	http://www.ifomis.org/bfo/1.1#WhiteTableWine	http://www.ifomis.org/bfo/1.1#IndependentContinuant
S	http://www.ifomis.org/bfo/1.1#WhiteTableWine	http://www.ifomis.org/bfo/1.1#TableWine
S	http://www.ifomis.org/bfo/1.1#WhiteTableWine	http://www.ifomis.org/bfo/1.1#WhiteNonSweetWine
S	http://www.ifomis.org/bfo/1.1#WhiteTableWine	http://www.ifomis.org/bfo/1.1#WhiteWine
S	http://www.ifomis.org/bfo/1.1#WhiteTableWine	http://www.ifomis.org/bfo/1.1#Wine
S	http://www.ifomis.org/bfo/1.1#WhiteTableWine	http://www.ifomis.org/bfo/1.1/snap#Continuant
S	http://www.ifomis.org/bfo/1.1#WhiteTableWine	http://www.ifomis.org/bfo/1.1/snap#IndependentContinuant
S	http://www.ifomis.org/bfo/1.1#WhiteTableWine	http://www.ifomis.org/bfo/1.1/snap#MaterialEntity
S	http://www.ifomis.org/bfo/1.1#WhiteTableWine	http://www.ifomis.org/bfo/1.1/snap#Object
S	http://www.ifomis.org/bfo/1.1#WhiteWine	http://www.ifomis.org/bfo/1.1#Entity
S	http://www.ifomis.org/bfo/1.1#WhiteWine	http://www.ifomis.org/bfo/1.1#IndependentContinuant
S	http://www.ifomis.org/bfo/1.1#WhiteWine	http://www.ifomis.org/bfo/1.1#Wine
S	http://www.ifomis.org/bfo/1.1#WhiteWine	http://www.ifomis.org/bfo/1.1/snap#Continuant
S	http://www.ifomis.org/bfo/1.1#WhiteWine	http://www.ifomis.org/bfo/1.1/snap#IndependentContinuant
S	http://www.ifomis.org/bfo/1.1#WhiteWine	http://www.ifomis.org/bfo/1.1/snap#MaterialEntity
S	http://www.ifomis.org/bfo/1.1#WhiteWine	http://www.ifomis.org/bfo/1.1/snap#Object
S	http://www.ifomis.org/bfo/1.1#Wine	http://www.ifomis.org/bfo/1.1#Entity
S	http://www.ifomis.org/bfo/1.1#Wine	http://www.ifomis.org/bfo/1.1#IndependentContinuant
S	http://www.ifomis.org/bfo/1.1#Wine	http://www.ifomis.org/bfo/1.1/snap#Continuant
S	http://www.ifomis.org/bfo/1.1#Wine	http://www.ifomis.org/bfo/1.1/snap#IndependentContinuant
S	http://www.ifomis.org/bfo/1.1#Wine	http://www.ifomis.org/bfo/1.1/snap#MaterialEntity
S	http://www.ifomis.org/bfo/1.1#Wine	http://www.ifomis.org/bfo/1.1/snap#Object
S	http://www.ifomis.org/bfo/1.1#WineBody	http://semanticscience.org/ontology/cheminf.owlWineBody
S	http://www.ifomis.org/bfo/1.1#WineBody	http://www.ifomis.org/bfo/1.1#Entity
S	http://www.ifomis.org/bfo/1.1#WineBody	http://www.ifomis.org/bfo/1.1#WineDescriptor
S	http://www.ifomis.org/bfo/1.1#WineBody	http://www.ifomis.org/bfo/1.1#WineTaste
S	http://www.ifomis.org/bfo/1.1#WineBody	http://www.ifomis.org/bfo/1.1/snap#Continuant
S	http://www.ifomis.org/bfo/1.1#WineBody	http://www.ifomis.org/bfo/1.1/snap#DependentContinuant
S	http://www.ifomis.org/bfo/1.1#WineBody	http://www.ifomis.org/bfo/1.1/snap#Quality
S	http://www.ifomis.org/bfo/1.1#WineBody	http://www.ifomis.org/bfo/1.1/snap#SpecificallyDependentContinuant
S	http://www.ifomis.org/bfo/1.1#WineColor	http://semanticscience.org/ontology/cheminf.owlWineColor
S	http://www.ifomis.org/bfo/1.1#WineColor	http://www.ifomis.org/bfo/1.1#Color
S	http://www.ifomis.org/bfo/1.1#WineColor	http://www.ifomis.org/bfo/1.1#Entity
S	http://www.ifomis.org/bfo/1.1#WineColor	http://www.ifomis.org/bfo/1.1#WineDescriptor
S	http://www.ifomis.org/bfo/1.1#WineColor	http://www.ifomis.org/bfo/1.1/snap#Continuant
S	http://www.ifomis.org/bfo/1.1#WineColor	http://www.ifomis.org/bfo/1.1/snap#DependentContinuant
S	http://www.ifomis.org/bfo/1.1#WineColor	http://www.ifomis.org/bfo/1.1/snap#Quality
S	http://www.ifomis.org/bfo/1.1#WineColor	http://www.ifomis.org/bfo/1.1/snap#SpecificallyDependentContinuant
S	http://www.ifomis.org/bfo/1.1#WineDescriptor	http://www.ifomis.org/bfo/1.1#Entity
S	http://www.ifomis.org/bfo/1.1#WineDescriptor	http://www.ifomis.org/bfo/1.1/snap#Continuant
S	http://www.ifomis.org/bfo/1.1#WineDescriptor	http://www.ifomis.org/bfo/1.1/snap#DependentContinuant
S	http://www.ifomis.org/bfo/1.1#WineDescriptor	http://www.ifomis.org/bfo/1.1/snap#Quality
S	http://www.ifomis.org/bfo/1.1#WineDescriptor	http://www.ifomis.org/bfo/1.1/snap#SpecificallyDependentContinuant
S	http://www.ifomis.org/bfo/1.1#WineFlavor	http://semanticscience.org/ontology/cheminf.owlWineFlavor
S	http://www.ifomis.org/bfo/1.1#WineFlavor	http://www.ifomis.org/bfo/1.1#Entity
S	http://www.ifomis.org/bfo/1.1#WineFlavor	http://www.ifomis.org/bfo/1.1#WineDescriptor
S	http://www.ifomis.org/bfo/1.1#WineFlavor	http://www.ifomis.org/bfo/1.1#WineTaste
S	http://www.ifomis.org/bfo/1.1#WineFlavor	http://www.ifomis.org/bfo/1.1/snap#Continuant
S	http://www.ifomis.org/bfo/1.1#WineFlavor	http://www.ifomis.org/bfo/1.1/snap#DependentContinuant
S	http://www.ifomis.org/bfo/1.1#WineFlavor	http://www.ifomis.org/bfo/1.1/snap#Quality
S	http://www.ifomis.org/bfo/1.1#WineFlavor	http://www.ifomis.org/bfo/1.1/snap#SpecificallyDependentContinuant
S	http://www.ifomis.org/bfo/1.1#WineGrape	http://www.ifomis.org/bfo/1.1#Entity
S	http://www.ifomis.org/bfo/1.1#WineGrape	http://www.ifomis.org/bfo/1.1/snap#Continuant
S	http://www.ifomis.org/bfo/1.1#WineGrape	http://www.ifomis.org/bfo/1.1/snap#IndependentContinuant
S	http://www.ifomis.org/bfo/1.1#WineGrape	http://www.ifomis.org/bfo/1.1/snap#MaterialEntity
S	http://www.ifomis.org/bfo/1.1#WineGrape	http://www.ifomis.org/bfo/1.1/snap#Object
S	http://www.ifomis.org/bfo/1.1#WineSugar	http://semanticscience.org/ontology/cheminf.owlWineSugar
S	http://www.ifomis.org/bfo/1.1#WineSugar	http://www.ifomis.org/bfo/1.1#Entity
S	http://www.ifomis.org/bfo/1.1#WineSugar	http://www.ifomis.org/bfo/1.1#WineDescriptor
S	http://www.ifomis.org/bfo/1.1#WineSugar	http://www.ifomis.org/bfo/1.1#WineTaste
S	http://www.ifomis.org/bfo/1.1#WineSugar	http://www.ifomis.org/bfo/1.1/snap#Continuant
S	http://www.ifomis.org/bfo/1.1#WineSugar	http://www.ifomis.org/bfo/1.1/snap#DependentContinuant
S	http://www.ifomis.org/bfo/1.1#WineSugar	http://www.ifomis.org/bfo/1.1/snap#Quality
S	http://www.ifomis.org/bfo/1.1#WineSugar	http://www.ifomis.org/bfo/1.1/snap#SpecificallyDependentContinuant
S	http://www.ifomis.org/bfo/1.1#WineTaste	http://www.ifomis.org/bfo/1.1#Entity
S	http://www.ifomis.org/bfo/1.1#WineTaste	http://www.ifomis.org/bfo/1.1#WineDescriptor
S	http://www.ifomis.org/bfo/1.1#WineTaste	http://www.ifomis.org/bfo/1.1/snap#Continuant
S	http://www.ifomis.org/bfo/1.1#WineTaste	http://www.ifomis.org/bfo/1.1/snap#DependentContinuant
S	http://www.ifomis.org/bfo/1.1#WineTaste	http://www.ifomis.org/bfo/1.1/snap#Quality
S	http://www.ifomis.org/bfo/1.1#WineTaste	http://www.ifomis.org/bfo/1.1/snap#SpecificallyDependentContinuant
S	http://www.ifomis.org/bfo/1.1#Winery	http://www.ifomis.org/bfo/1.1#Entity
S	http://www.ifomis.org/bfo/1.1#Winery	http://www.ifomis.org/bfo/1.1/snap#Continuant
S	http://www.ifomis.org/bfo/1.1#Winery	http://www.ifomis.org/bfo/1.1/snap#IndependentContinuant
S	http://www.ifomis.org/bfo/1.1#Winery	http://www.ifomis.org/bfo/1.1/snap#MaterialEntity
S	http://www.ifomis.org/bfo/1.1#Winery	http://www.ifomis.org/bfo/1.1/snap#Object
S	http://www.ifomis.org/bfo/1.1#Zinfandel	http://www.ifomis.org/bfo/1.1#DryRedWine
S	http://www.ifomis.org/bfo/1.1#Zinfandel	http://www.ifomis.org/bfo/1.1#DryWine
S	http://www.ifomis.org/bfo/1.1#Zinfandel	http://www.ifomis.org/bfo/1.1#Entity
S	http://www.ifomis.org/bfo/1.1#Zinfandel	http://www.ifomis.org/bfo/1.1#IndependentContinuant
S	http://www.ifomis.org/bfo/1.1#Zinfandel	http://www.ifomis.org/bfo/1.1#RedTableWine
S	http://www.ifomis.org/bfo/1.1#Zinfandel	http://www.ifomis.org/bfo/1.1#RedWine
S	http://www.ifomis.org/bfo/1.1#Zinfandel	http://www.ifomis.org/bfo/1.1#TableWine
S	http://www.ifomis.org/bfo/1.1#Zinfandel	http://www.ifomis.org/bfo/1.1#Wine
S	http://www.ifomis.org/bfo/1.1#Zinfandel	http://www.ifomis.org/bfo/1.1/snap#Continuant
S	http://www.ifomis.org/bfo/1.1#Zinfandel	http://www.ifomis.org/bfo/1.1/snap#IndependentContinuant
S	http://www.ifomis.org/bfo/1.1#Zinfandel	http://www.ifomis.org/bfo/1.1/snap#MaterialEntity
S	http://www.ifomis.org/bfo/1.1#Zinfandel	http://www.ifomis.org/bfo/1.1/snap#Object
S	http://www.ifomis.org/bfo/1.1/snap#Continuant	http://www.ifomis.org/bfo/1.1#Entity
S	http://www.ifomis.org/bfo/1.1/snap#DependentContinuant	http://www.ifomis.org/bfo/1.1#Entity
S	http://www.ifomis.org/bfo/1.1/snap#DependentContinuant	http://www.ifomis.org/bfo/1.1/snap#Continuant
S	http://www.ifomis.org/bfo/1.1/snap#Disposition	http://www.ifomis.org/bfo/1.1#Entity
S	http://www.ifomis.org/bfo/1.1/snap#Disposition	http://www.ifomis.org/bfo/1.1/snap#Continuant
S	http://www.ifomis.org/bfo/1.1/snap#Disposition	http://www.ifomis.org/bfo/1.1/snap#DependentContinuant
S	http://www.ifomis.org/bfo/1.1/snap#Disposition	http://www.ifomis.org/bfo/1.1/snap#RealizableEntity
S	http://www.ifomis.org/bfo/1.1/snap#Disposition	http://www.ifomis.org/bfo/1.1/snap#SpecificallyDependentContinuant
S	http://www.ifomis.org/bfo/1.1/snap#FiatObjectPart	http://www.ifomis.org/bfo/1.1#Entity
S	http://www.ifomis.org/bfo/1.1/snap#FiatObjectPart	http://www.ifomis.org/bfo/1.1/snap#Continuant
S	http://www.ifomis.org/bfo/1.1/snap#FiatObjectPart	http://www.ifomis.org/bfo/1.1/snap#IndependentContinuant
S	http://www.ifomis.org/bfo/1.1/snap#FiatObjectPart	http://www.ifomis.org/bfo/1.1/snap#MaterialEntity
S	http://www.ifomis.org/bfo/1.1/snap#Function	http://www.ifomis.org/bfo/1.1#Entity
S	http://www.ifomis.org/bfo/1.1/snap#Function	http://www.ifomis.org/bfo/1.1/snap#Continuant
S	http://www.ifomis.org/bfo/1.1/snap#Function	http://www.ifomis.org/bfo/1.1/snap#DependentContinuant
S	http://www.ifomis.org/bfo/1.1/snap#Function	http://www.ifomis.org/bfo/1.1/snap#RealizableEntity
S	http://www.ifomis.org/bfo/1.1/snap#Function	http://www.ifomis.org/bfo/1.1/snap#SpecificallyDependentContinuant
S	http://www.ifomis.org/bfo/1.1/snap#GenericallyDependentContinuant	http://www.ifomis.org/bfo/1.1#Entity
S	http://www.ifomis.org/bfo/1.1/snap#GenericallyDependentContinuant	http://www.ifomis.org/bfo/1.1/snap#Continuant
S	http://www.ifomis.org/bfo/1.1/snap#GenericallyDependentContinuant	http://www.ifomis.org/bfo/1.1/snap#DependentContinuant
S	http://www.ifomis.org/bfo/1.1/snap#IndependentContinuant	http://www.ifomis.org/bfo/1.1#Entity
S	http://www.ifomis.org/bfo/1.1/snap#IndependentContinuant	http://www.ifomis.org/bfo/1.1/snap#Continuant
S	http://www.ifomis.org/bfo/1.1/snap#MaterialEntity	http://www.ifomis.org/bfo/1.1#Entity
S	http://www.ifomis.org/bfo/1.1/snap#MaterialEntity	http://www.ifomis.org/bfo/1.1/snap#Continuant
S	http://www.ifomis.org/bfo/1.1/snap#MaterialEntity	http://www.ifomis.org/bfo/1.1/snap#IndependentContinuant
S	http://www.ifomis.org/bfo/1.1/snap#Object	http://www.ifomis.org/bfo/1.1#Entity
S	http://www.ifomis.org/bfo/1.1/snap#Object	http://www.ifomis.org/bfo/1.1/snap#Continuant
S	http://www.ifomis.org/bfo/1.1/snap#Object	http://www.ifomis.org/bfo/1.1/snap#IndependentContinuant
S	http://www.ifomis.org/bfo/1.1/snap#Object	http://www.ifomis.org/bfo/1.1/snap#MaterialEntity
S	http://www.ifomis.org/bfo/1.1/snap#ObjectAggregate	http://www.ifomis.org/bfo/1.1#Entity
S	http://www.ifomis.org/bfo/1.1/snap#ObjectAggregate	http://www.ifomis.org/bfo/1.1/snap#Continuant
S	http://www.ifomis.org/bfo/1.1/snap#ObjectAggregate	http://www.ifomis.org/bfo/1.1/snap#IndependentContinuant
S	http://www.ifomis.org/bfo/1.1/snap#ObjectAggregate	http://www.ifomis.org/bfo/1.1/snap#MaterialEntity
S	http://www.ifomis.org/bfo/1.1/snap#ObjectBoundary	http://www.ifomis.org/bfo/1.1#Entity
S	http://www.ifomis.org/bfo/1.1/snap#ObjectBoundary	http://www.ifomis.org/bfo/1.1/snap#Continuant
S	http://www.ifomis.org/bfo/1.1/snap#ObjectBoundary	http://www.ifomis.org/bfo/1.1/snap#IndependentContinuant
S	http://www.ifomis.org/bfo/1.1/snap#OneDimensionalRegion	http://www.ifomis.org/bfo/1.1#Entity
S	http://www.ifomis.org/bfo/1.1/snap#OneDimensionalRegion	http://www.ifomis.org/bfo/1.1/snap#Continuant
S	http://www.ifomis.org/bfo/1.1/snap#OneDimensionalRegion	http://www.ifomis.org/bfo/1.1/snap#SpatialRegion
S	http://www.ifomis.org/bfo/1.1/snap#Quality	http://www.ifomis.org/bfo/1.1#Entity
S	http://www.ifomis.org/bfo/1.1/snap#Quality	http://www.ifomis.org/bfo/1.1/snap#Continuant
S	http://www.ifomis.org/bfo/1.1/snap#Quality	http://www.ifomis.org/bfo/1.1/snap#DependentContinuant
S	http://www.ifomis.org/bfo/1.1/snap#Quality	http://www.ifomis.org/bfo/1.1/snap#SpecificallyDependentContinuant
S	http://www.ifomis.org/bfo/1.1/snap#RealizableEntity	http://www.ifomis.org/bfo/1.1#Entity
S	http://www.ifomis.org/bfo/1.1/snap#RealizableEntity	http://www.ifomis.org/bfo/1.1/snap#Continuant
S	http://www.ifomis.org/bfo/1.1/snap#RealizableEntity	http://www.ifomis.org/bfo/1.1/snap#DependentContinuant
S	http://www.ifomis.org/bfo/1.1/snap#RealizableEntity	http://www.ifomis.org/bfo/1.1/snap#SpecificallyDependentContinuant
S	http://www.ifomis.org/bfo/1.1/snap#Role	http://www.ifomis.org/bfo/1.1#Entity
S	http://www.ifomis.org/bfo/1.1/snap#Role	http://www.ifomis.org/bfo/1.1/snap#Continuant
S	http://www.ifomis.org/bfo/1.1/snap#Role	http://www.ifomis.org/bfo/1.1/snap#DependentContinuant
S	http://www.ifomis.org/bfo/1.1/snap#Role	http://www.ifomis.org/bfo/1.1/snap#RealizableEntity
S	http://www.ifomis.org/bfo/1.1/snap#Role	http://www.ifomis.org/bfo/1.1/snap#SpecificallyDependentContinuant
S	http://www.ifomis.org/bfo/1.1/snap#Site	http://www.ifomis.org/bfo/1.1#Entity
S	http://www.ifomis.org/bfo/1.1/snap#Site	http://www.ifomis.org/bfo/1.1/snap#Continuant
S	http://www.ifomis.org/bfo/1.1/snap#Site	http://www.ifomis.org/bfo/1.1/snap#IndependentContinuant
S	http://www.ifomis.org/bfo/1.1/snap#SpatialRegion	http://www.ifomis.org/bfo/1.1#Entity
S	http://www.ifomis.org/bfo/1.1/snap#SpatialRegion	http://www.ifomis.org/bfo/1.1/snap#Continuant
S	http://www.ifomis.org/bfo/1.1/snap#SpecificallyDependentContinuant	http://www.ifomis.org/bfo/1.1#Entity
S	http://www.ifomis.org/bfo/1.1/snap#SpecificallyDependentContinuant	http://www.ifomis.org/bfo/1.1/snap#Continuant
S	http://www.ifomis.org/bfo/1.1/snap#SpecificallyDependentContinuant	http://www.ifomis.org/bfo/1.1/snap#DependentContinuant
S	http://www.ifomis.org/bfo/1.1/snap#ThreeDimensionalRegion	http://www.ifomis.org/bfo/1.1#Entity
S	http://www.ifomis.org/bfo/1.1/snap#ThreeDimensionalRegion	http://www.ifomis.org/bfo/1.1/snap#Continuant
S	http://www.ifomis.org/bfo/1.1/snap#ThreeDimensionalRegion	http://www.ifomis.org/bfo/1.1/snap#SpatialRegion
S	http://www.ifomis.org/bfo/1.1/snap#TwoDimensionalRegion	http://www.ifomis.org/bfo/1.1#Entity
S	http://www.ifomis.org/bfo/1.1/snap#TwoDimensionalRegion	http://www.ifomis.org/bfo/1.1/snap#Continuant
S	http://www.ifomis.org/bfo/1.1/snap#TwoDimensionalRegion	http://www.ifomis.org/bfo/1.1/snap#SpatialRegion
S	http://www.ifomis.org/bfo/1.1/snap#ZeroDimensionalRegion	http://www.ifomis.org/bfo/1.1#Entity
S	http://www.ifomis.org/bfo/1.1/snap#ZeroDimensionalRegion	http://www.ifomis.org/bfo/1.1/snap#Continuant
S	http://www.ifomis.org/bfo/1.1/snap#ZeroDimensionalRegion	http://www.ifomis.org/bfo/1.1/snap#SpatialRegion
S	http://www.ifomis.org/bfo/1.1/span#ConnectedSpatiotemporalRegion	http://www.ifomis.org/bfo/1.1#Entity
S	http://www.ifomis.org/bfo/1.1/span#ConnectedSpatiotemporalRegion	http://www.ifomis.org/bfo/1.1/span#Occurrent
S	http://www.ifomis.org/bfo/1.1/span#ConnectedSpatiotemporalRegion	http://www.ifomis.org/bfo/1.1/span#SpatiotemporalRegion
S	http://www.ifomis.org/bfo/1.1/span#ConnectedTemporalRegion	http://www.ifomis.org/bfo/1.1#Entity
S	http://www.ifomis.org/bfo/1.1/span#ConnectedTemporalRegion	http://www.ifomis.org/bfo/1.1/span#Occurrent
S	http://www.ifomis.org/bfo/1.1/span#ConnectedTemporalRegion	http://www.ifomis.org/bfo/1.1/span#TemporalRegion
S	http://www.ifomis.org/bfo/1.1/span#FiatProcessPart	http://www.ifomis.org/bfo/1.1#Entity
S	http://www.ifomis.org/bfo/1.1/span#FiatProcessPart	http://www.ifomis.org/bfo/1.1/span#Occurrent
S	http://www.ifomis.org/bfo/1.1/span#FiatProcessPart	http://www.ifomis.org/bfo/1.1/span#ProcessualEntity
S	http://www.ifomis.org/bfo/1.1/span#Occurrent	http://www.ifomis.org/bfo/1.1#Entity
S	http://www.ifomis.org/bfo/1.1/span#Process	http://www.ifomis.org/bfo/1.1#Entity
S	http://www.ifomis.org/bfo/1.1/span#Process	http://www.ifomis.org/bfo/1.1/span#Occurrent
S	http://www.ifomis.org/bfo/1.1/span#Process	http://www.ifomis.org/bfo/1.1/span#ProcessualEntity
S	http://www.ifomis.org/bfo/1.1/span#ProcessAggregate	http://www.ifomis.org/bfo/1.1#Entity
S	http://www.ifomis.org/bfo/1.1/span#ProcessAggregate	http://www.ifomis.org/bfo/1.1/span#Occurrent
S	http://www.ifomis.org/bfo/1.1/span#ProcessAggregate	http://www.ifomis.org/bfo/1.1/span#ProcessualEntity
S	http://www.ifomis.org/bfo/1.1/span#ProcessBoundary	http://www.ifomis.org/bfo/1.1#Entity
S	http://www.ifomis.org/bfo/1.1/span#ProcessBoundary	http://www.ifomis.org/bfo/1.1/span#Occurrent
S	http://www.ifomis.org/bfo/1.1/span#ProcessBoundary	http://www.ifomis.org/bfo/1.1/span#ProcessualEntity
S	http://www.ifomis.org/bfo/1.1/span#ProcessualContext	http://www.ifomis.org/bfo/1.1#Entity
S	http://www.ifomis.org/bfo/1.1/span#ProcessualContext	http://www.ifomis.org/bfo/1.1/span#Occurrent
S	http://www.ifomis.org/bfo/1.1/span#ProcessualContext	http://www.ifomis.org/bfo/1.1/span#ProcessualEntity
S	http://www.ifomis.org/bfo/1.1/span#ProcessualEntity	http://www.ifomis.org/bfo/1.1#Entity
S	http://www.ifomis.org/bfo/1.1/span#ProcessualEntity	http://www.ifomis.org/bfo/1.1/span#Occurrent
S	http://www.ifomis.org/bfo/1.1/span#ScatteredSpatiotemporalRegion	http://www.ifomis.org/bfo/1.1#Entity
S	http://www.ifomis.org/bfo/1.1/span#ScatteredSpatiotemporalRegion	http://www.ifomis.org/bfo/1.1/span#Occurrent
S	http://www.ifomis.org/bfo/1.1/span#ScatteredSpatiotemporalRegion	http://www.ifomis.org/bfo/1.1/span#SpatiotemporalRegion
S	http://www.ifomis.org/bfo/1.1/span#ScatteredTemporalRegion	http://www.ifomis.org/bfo/1.1#Entity
S	http://www.ifomis.org/bfo/1.1/span#ScatteredTemporalRegion	http://www.ifomis.org/bfo/1.1/span#Occurrent
S	http://www.ifomis.org/bfo/1.1/span#ScatteredTemporalRegion	http://www.ifomis.org/bfo/1.1/span#TemporalRegion
S	http://www.ifomis.org/bfo/1.1/span#SpatiotemporalInstant	http://www.ifomis.org/bfo/1.1#Entity
S	http://www.ifomis.org/bfo/1.1/span#SpatiotemporalInstant	http://www.ifomis.org/bfo/1.1/span#ConnectedSpatiotemporalRegion
S	http://www.ifomis.org/bfo/1.1/span#SpatiotemporalInstant	http://www.ifomis.org/bfo/1.1/span#Occurrent
S	http://www.ifomis.org/bfo/1.1/span#SpatiotemporalInstant	http://www.ifomis.org/bfo/1.1/span#SpatiotemporalRegion
S	http://www.ifomis.org/bfo/1.1/span#SpatiotemporalInterval	http://www.ifomis.org/bfo/1.1#Entity
S	http://www.ifomis.org/bfo/1.1/span#SpatiotemporalInterval	http://www.ifomis.org/bfo/1.1/span#ConnectedSpatiotemporalRegion
S	http://www.ifomis.org/bfo/1.1/span#SpatiotemporalInterval	http://www.ifomis.org/bfo/1.1/span#Occurrent
S	http://www.ifomis.org/bfo/1.1/span#SpatiotemporalInterval	http://www.ifomis.org/bfo/1.1/span#SpatiotemporalRegion
S	http://www.ifomis.org/bfo/1.1/span#SpatiotemporalRegion	http://www.ifomis.org/bfo/1.1#Entity
S	http://www.ifomis.org/bfo/1.1/span#SpatiotemporalRegion	http://www.ifomis.org/bfo/1.1/span#Occurrent
S	http://www.ifomis.org/bfo/1.1/span#TemporalInstant	http://www.ifomis.org/bfo/1.1#Entity
S	http://www.ifomis.org/bfo/1.1/span#TemporalInstant	http://www.ifomis.org/bfo/1.1/span#ConnectedTemporalRegion
S	http://www.ifomis.org/bfo/1.1/span#TemporalInstant	http://www.ifomis.org/bfo/1.1/span#Occurrent
S	http://www.ifomis.org/bfo/1.1/span#TemporalInstant	http://www.ifomis.org/bfo/1.1/span#TemporalRegion
S	http://www.ifomis.org/bfo/1.1/span#TemporalInterval	http://www.ifomis.org/bfo/1.1#Entity
S	http://www.ifomis.org/bfo/1.1/span#TemporalInterval	http://www.ifomis.org/bfo/1.1/span#ConnectedTemporalRegion
S	http://www.ifomis.org/bfo/1.1/span#TemporalInterval	http://www.ifomis.org/bfo/1.1/span#Occurrent
S	http://www.ifomis.org/bfo/1.1/span#TemporalInterval	http://www.ifomis.org/bfo/1.1/span#TemporalRegion
S	http://www.ifomis.org/bfo/1.1/span#TemporalRegion	http://www.ifomis.org/bfo/1.1#Entity
S	http://www.ifomis.org/bfo/1.1/span#TemporalRegion	http://www.ifomis.org/bfo/1.1/span#Occurrent
M	classes	659
M	unsatisfiable	56
M	subsumptions	4385
Z	complete
