M	schema	1
M	factory	org.semanticweb.HermiT.Reasoner$ReasonerFactory
M	reasoner	HermiT
C	true
S	http://www.owl-ontologies.com/Ontology1201106854.owl#API	http://www.owl-ontologies.com/Ontology1201106854.owl#Abstract
S	http://www.owl-ontologies.com/Ontology1201106854.owl#API	http://www.owl-ontologies.com/Ontology1201106854.owl#ComputerSoftware
S	http://www.owl-ontologies.com/Ontology1201106854.owl#API	http://www.owl-ontologies.com/Ontology1201106854.owl#DigitalObject
S	http://www.owl-ontologies.com/Ontology1201106854.owl#API	http://www.owl-ontologies.com/Ontology1201106854.owl#Entity
S	http://www.owl-ontologies.com/Ontology1201106854.owl#API	http://www.owl-ontologies.com/Ontology1201106854.owl#InterfaceSoftware
S	http://www.owl-ontologies.com/Ontology1201106854.owl#Abstract	http://www.owl-ontologies.com/Ontology1201106854.owl#Entity
S	http://www.owl-ontologies.com/Ontology1201106854.owl#Administrator	http://www.owl-ontologies.com/Ontology1201106854.owl#Agent
S	http://www.owl-ontologies.com/Ontology1201106854.owl#Administrator	http://www.owl-ontologies.com/Ontology1201106854.owl#Entity
S	http://www.owl-ontologies.com/Ontology1201106854.owl#Administrator	http://www.owl-ontologies.com/Ontology1201106854.owl#Object
S	http://www.owl-ontologies.com/Ontology1201106854.owl#Administrator	http://www.owl-ontologies.com/Ontology1201106854.owl#PCUser
S	http://www.owl-ontologies.com/Ontology1201106854.owl#Administrator	http://www.owl-ontologies.com/Ontology1201106854.owl#SocialAgent
S	http://www.owl-ontologies.com/Ontology1201106854.owl#Administrator	http://www.owl-ontologies.com/Ontology1201106854.owl#SocialPerson
S	http://www.owl-ontologies.com/Ontology1201106854.owl#Agent	http://www.owl-ontologies.com/Ontology1201106854.owl#Entity
S	http://www.owl-ontologies.com/Ontology1201106854.owl#Agent	http://www.owl-ontologies.com/Ontology1201106854.owl#Object
S	http://www.owl-ontologies.com/Ontology1201106854.owl#ApplicationSoftware	http://www.owl-ontologies.com/Ontology1201106854.owl#Abstract
S	http://www.owl-ontologies.com/Ontology1201106854.owl#ApplicationSoftware	http://www.owl-ontologies.com/Ontology1201106854.owl#ComputerSoftware
S	http://www.owl-ontologies.com/Ontology1201106854.owl#ApplicationSoftware	http://www.owl-ontologies.com/Ontology1201106854.owl#DigitalObject
S	http://www.owl-ontologies.com/Ontology1201106854.owl#ApplicationSoftware	http://www.owl-ontologies.com/Ontology1201106854.owl#Entity
S	http://www.owl-ontologies.com/Ontology1201106854.owl#ApplicationSoftwareUpdate	http://www.owl-ontologies.com/Ontology1201106854.owl#Abstract
S	http://www.owl-ontologies.com/Ontology1201106854.owl#ApplicationSoftwareUpdate	http://www.owl-ontologies.com/Ontology1201106854.owl#ComputerSoftware
S	http://www.owl-ontologies.com/Ontology1201106854.owl#ApplicationSoftwareUpdate	http://www.owl-ontologies.com/Ontology1201106854.owl#DigitalObject
S	http://www.owl-ontologies.com/Ontology1201106854.owl#ApplicationSoftwareUpdate	http://www.owl-ontologies.com/Ontology1201106854.owl#Entity
S	http://www.owl-ontologies.com/Ontology1201106854.owl#ApplicationSoftwareUpdate	http://www.owl-ontologies.com/Ontology1201106854.owl#UpdateSoftware
S	http://www.owl-ontologies.com/Ontology1201106854.owl#Assembly	http://www.owl-ontologies.com/Ontology1201106854.owl#Abstract
S	http://www.owl-ontologies.com/Ontology1201106854.owl#Assembly	http://www.owl-ontologies.com/Ontology1201106854.owl#Entity
S	http://www.owl-ontologies.com/Ontology1201106854.owl#Assembly	http://www.owl-ontologies.com/Ontology1201106854.owl#Low-levelProgrammingLanguage
S	http://www.owl-ontologies.com/Ontology1201106854.owl#Assembly	http://www.owl-ontologies.com/Ontology1201106854.owl#ProgrammingLanguage
S	http://www.owl-ontologies.com/Ontology1201106854.owl#BackUp	http://www.owl-ontologies.com/Ontology1201106854.owl#Abstract
S	http://www.owl-ontologies.com/Ontology1201106854.owl#BackUp	http://www.owl-ontologies.com/Ontology1201106854.owl#DigitalObject
S	http://www.owl-ontologies.com/Ontology1201106854.owl#BackUp	http://www.owl-ontologies.com/Ontology1201106854.owl#Entity
S	http://www.owl-ontologies.com/Ontology1201106854.owl#BackUp	http://www.owl-ontologies.com/Ontology1201106854.owl#File
S	http://www.owl-ontologies.com/Ontology1201106854.owl#BackgroundProgram	http://www.owl-ontologies.com/Ontology1201106854.owl#Abstract
S	http://www.owl-ontologies.com/Ontology1201106854.owl#BackgroundProgram	http://www.owl-ontologies.com/Ontology1201106854.owl#ComputerSoftware
S	http://www.owl-ontologies.com/Ontology1201106854.owl#BackgroundProgram	http://www.owl-ontologies.com/Ontology1201106854.owl#DigitalObject
S	http://www.owl-ontologies.com/Ontology1201106854.owl#BackgroundProgram	http://www.owl-ontologies.com/Ontology1201106854.owl#Entity
S	http://www.owl-ontologies.com/Ontology1201106854.owl#BackgroundProgram	http://www.owl-ontologies.com/Ontology1201106854.owl#OtherComputerSoftware
S	http://www.owl-ontologies.com/Ontology1201106854.owl#Button	http://www.owl-ontologies.com/Ontology1201106854.owl#Abstract
S	http://www.owl-ontologies.com/Ontology1201106854.owl#Button	http://www.owl-ontologies.com/Ontology1201106854.owl#ComputerSoftwareComponent
S	http://www.owl-ontologies.com/Ontology1201106854.owl#Button	http://www.owl-ontologies.com/Ontology1201106854.owl#DigitalObject
S	http://www.owl-ontologies.com/Ontology1201106854.owl#Button	http://www.owl-ontologies.com/Ontology1201106854.owl#Entity
S	http://www.owl-ontologies.com/Ontology1201106854.owl#CDDrive	http://www.owl-ontologies.com/Ontology1201106854.owl#ComputerHardware
S	http://www.owl-ontologies.com/Ontology1201106854.owl#CDDrive	http://www.owl-ontologies.com/Ontology1201106854.owl#Entity
S	http://www.owl-ontologies.com/Ontology1201106854.owl#CDDrive	http://www.owl-ontologies.com/Ontology1201106854.owl#HardwareComponent
S	http://www.owl-ontologies.com/Ontology1201106854.owl#CDDrive	http://www.owl-ontologies.com/Ontology1201106854.owl#Object
S	http://www.owl-ontologies.com/Ontology1201106854.owl#CDDrive	http://www.owl-ontologies.com/Ontology1201106854.owl#OpticalDrive
S	http://www.owl-ontologies.com/Ontology1201106854.owl#CDDrive	http://www.owl-ontologies.com/Ontology1201106854.owl#PhysicalObject
S	http://www.owl-ontologies.com/Ontology1201106854.owl#CPlusPlus	http://www.owl-ontologies.com/Ontology1201106854.owl#Abstract
S	http://www.owl-ontologies.com/Ontology1201106854.owl#CPlusPlus	http://www.owl-ontologies.com/Ontology1201106854.owl#Entity
S	http://www.owl-ontologies.com/Ontology1201106854.owl#CPlusPlus	http://www.owl-ontologies.com/Ontology1201106854.owl#High-levelProgrammingLanguage
S	http://www.owl-ontologies.com/Ontology1201106854.owl#CPlusPlus	http://www.owl-ontologies.com/Ontology1201106854.owl#ProgrammingLanguage
S	http://www.owl-ontologies.com/Ontology1201106854.owl#Cable	http://www.owl-ontologies.com/Ontology1201106854.owl#ComputerAccessory
S	http://www.owl-ontologies.com/Ontology1201106854.owl#Cable	http://www.owl-ontologies.com/Ontology1201106854.owl#Entity
S	http://www.owl-ontologies.com/Ontology1201106854.owl#Cable	http://www.owl-ontologies.com/Ontology1201106854.owl#Object
S	http://www.owl-ontologies.com/Ontology1201106854.owl#Cable	http://www.owl-ontologies.com/Ontology1201106854.owl#PhysicalObject
S	http://www.owl-ontologies.com/Ontology1201106854.owl#Cause	http://www.owl-ontologies.com/Ontology1201106854.owl#DigitalDocument
S	http://www.owl-ontologies.com/Ontology1201106854.owl#Cause	http://www.owl-ontologies.com/Ontology1201106854.owl#Document
S	http://www.owl-ontologies.com/Ontology1201106854.owl#Cause	http://www.owl-ontologies.com/Ontology1201106854.owl#Entity
S	http://www.owl-ontologies.com/Ontology1201106854.owl#Cause	http://www.owl-ontologies.com/Ontology1201106854.owl#InformationRealization
S	http://www.owl-ontologies.com/Ontology1201106854.owl#Cause	http://www.owl-ontologies.com/Ontology1201106854.owl#KBArticle
S	http://www.owl-ontologies.com/Ontology1201106854.owl#Cause	http://www.owl-ontologies.com/Ontology1201106854.owl#ProblemDescriptionDocument
S	http://www.owl-ontologies.com/Ontology1201106854.owl#Cause	http://www.owl-ontologies.com/Ontology1201106854.owl#WebPage
S	http://www.owl-ontologies.com/Ontology1201106854.owl#Character	http://www.owl-ontologies.com/Ontology1201106854.owl#Abstract
S	http://www.owl-ontologies.com/Ontology1201106854.owl#Character	http://www.owl-ontologies.com/Ontology1201106854.owl#DigitalObject
S	http://www.owl-ontologies.com/Ontology1201106854.owl#Character	http://www.owl-ontologies.com/Ontology1201106854.owl#Entity
S	http://www.owl-ontologies.com/Ontology1201106854.owl#Character	http://www.owl-ontologies.com/Ontology1201106854.owl#OtherDigitalObject
S	http://www.owl-ontologies.com/Ontology1201106854.owl#Color	http://www.owl-ontologies.com/Ontology1201106854.owl#Entity
S	http://www.owl-ontologies.com/Ontology1201106854.owl#Color	http://www.owl-ontologies.com/Ontology1201106854.owl#OtherQuality
S	http://www.owl-ontologies.com/Ontology1201106854.owl#Color	http://www.owl-ontologies.com/Ontology1201106854.owl#Quality
S	http://www.owl-ontologies.com/Ontology1201106854.owl#Company	http://www.owl-ontologies.com/Ontology1201106854.owl#Agent
S	http://www.owl-ontologies.com/Ontology1201106854.owl#Company	http://www.owl-ontologies.com/Ontology1201106854.owl#Entity
S	http://www.owl-ontologies.com/Ontology1201106854.owl#Company	http://www.owl-ontologies.com/Ontology1201106854.owl#Object
S	http://www.owl-ontologies.com/Ontology1201106854.owl#Company	http://www.owl-ontologies.com/Ontology1201106854.owl#Organization
S	http://www.owl-ontologies.com/Ontology1201106854.owl#Company	http://www.owl-ontologies.com/Ontology1201106854.owl#SocialAgent
S	http://www.owl-ontologies.com/Ontology1201106854.owl#Computer	http://www.owl-ontologies.com/Ontology1201106854.owl#ComputerHardware
S	http://www.owl-ontologies.com/Ontology1201106854.owl#Computer	http://www.owl-ontologies.com/Ontology1201106854.owl#Entity
S	http://www.owl-ontologies.com/Ontology1201106854.owl#Computer	http://www.owl-ontologies.com/Ontology1201106854.owl#Object
S	http://www.owl-ontologies.com/Ontology1201106854.owl#Computer	http://www.owl-ontologies.com/Ontology1201106854.owl#PhysicalObject
S	http://www.owl-ontologies.com/Ontology1201106854.owl#ComputerAccessory	http://www.owl-ontologies.com/Ontology1201106854.owl#Entity
S	http://www.owl-ontologies.com/Ontology1201106854.owl#ComputerAccessory	http://www.owl-ontologies.com/Ontology1201106854.owl#Object
S	http://www.owl-ontologies.com/Ontology1201106854.owl#ComputerAccessory	http://www.owl-ontologies.com/Ontology1201106854.owl#PhysicalObject
S	http://www.owl-ontologies.com/Ontology1201106854.owl#ComputerFont	http://www.owl-ontologies.com/Ontology1201106854.owl#Abstract
S	http://www.owl-ontologies.com/Ontology1201106854.owl#ComputerFont	http://www.owl-ontologies.com/Ontology1201106854.owl#ComputerSoftware
S	http://www.owl-ontologies.com/Ontology1201106854.owl#ComputerFont	http://www.owl-ontologies.com/Ontology1201106854.owl#DigitalObject
S	http://www.owl-ontologies.com/Ontology1201106854.owl#ComputerFont	http://www.owl-ontologies.com/Ontology1201106854.owl#Entity
S	http://www.owl-ontologies.com/Ontology1201106854.owl#ComputerFont	http://www.owl-ontologies.com/Ontology1201106854.owl#SystemSoftware
S	http://www.owl-ontologies.com/Ontology1201106854.owl#ComputerHardware	http://www.owl-ontologies.com/Ontology1201106854.owl#Entity
S	http://www.owl-ontologies.com/Ontology1201106854.owl#ComputerHardware	http://www.owl-ontologies.com/Ontology1201106854.owl#Object
S	http://www.owl-ontologies.com/Ontology1201106854.owl#ComputerHardware	http://www.owl-ontologies.com/Ontology1201106854.owl#PhysicalObject
S	http://www.owl-ontologies.com/Ontology1201106854.owl#ComputerSoftware	http://www.owl-ontologies.com/Ontology1201106854.owl#Abstract
S	http://www.owl-ontologies.com/Ontology1201106854.owl#ComputerSoftware	http://www.owl-ontologies.com/Ontology1201106854.owl#DigitalObject
S	http://www.owl-ontologies.com/Ontology1201106854.owl#ComputerSoftware	http://www.owl-ontologies.com/Ontology1201106854.owl#Entity
S	http://www.owl-ontologies.com/Ontology1201106854.owl#ComputerSoftwareComponent	http://www.owl-ontologies.com/Ontology1201106854.owl#Abstract
S	http://www.owl-ontologies.com/Ontology1201106854.owl#ComputerSoftwareComponent	http://www.owl-ontologies.com/Ontology1201106854.owl#DigitalObject
S	http://www.owl-ontologies.com/Ontology1201106854.owl#ComputerSoftwareComponent	http://www.owl-ontologies.com/Ontology1201106854.owl#Entity
S	http://www.owl-ontologies.com/Ontology1201106854.owl#DVDDrive	http://www.owl-ontologies.com/Ontology1201106854.owl#ComputerHardware
S	http://www.owl-ontologies.com/Ontology1201106854.owl#DVDDrive	http://www.owl-ontologies.com/Ontology1201106854.owl#Entity
S	http://www.owl-ontologies.com/Ontology1201106854.owl#DVDDrive	http://www.owl-ontologies.com/Ontology1201106854.owl#HardwareComponent
S	http://www.owl-ontologies.com/Ontology1201106854.owl#DVDDrive	http://www.owl-ontologies.com/Ontology1201106854.owl#Object
S	http://www.owl-ontologies.com/Ontology1201106854.owl#DVDDrive	http://www.owl-ontologies.com/Ontology1201106854.owl#PhysicalObject
S	http://www.owl-ontologies.com/Ontology1201106854.owl#DesktopPC	http://www.owl-ontologies.com/Ontology1201106854.owl#Computer
S	http://www.owl-ontologies.com/Ontology1201106854.owl#DesktopPC	http://www.owl-ontologies.com/Ontology1201106854.owl#ComputerHardware
S	http://www.owl-ontologies.com/Ontology1201106854.owl#DesktopPC	http://www.owl-ontologies.com/Ontology1201106854.owl#Entity
S	http://www.owl-ontologies.com/Ontology1201106854.owl#DesktopPC	http://www.owl-ontologies.com/Ontology1201106854.owl#Object
S	http://www.owl-ontologies.com/Ontology1201106854.owl#DesktopPC	http://www.owl-ontologies.com/Ontology1201106854.owl#PhysicalObject
S	http://www.owl-ontologies.com/Ontology1201106854.owl#DeviceDriver	http://www.owl-ontologies.com/Ontology1201106854.owl#Abstract
S	http://www.owl-ontologies.com/Ontology1201106854.owl#DeviceDriver	http://www.owl-ontologies.com/Ontology1201106854.owl#ComputerSoftware
S	http://www.owl-ontologies.com/Ontology1201106854.owl#DeviceDriver	http://www.owl-ontologies.com/Ontology1201106854.owl#DigitalObject
S	http://www.owl-ontologies.com/Ontology1201106854.owl#DeviceDriver	http://www.owl-ontologies.com/Ontology1201106854.owl#Entity
S	http://www.owl-ontologies.com/Ontology1201106854.owl#DeviceDriver	http://www.owl-ontologies.com/Ontology1201106854.owl#SystemSoftware
S	http://www.owl-ontologies.com/Ontology1201106854.owl#DigitalDocument	http://www.owl-ontologies.com/Ontology1201106854.owl#Document
S	http://www.owl-ontologies.com/Ontology1201106854.owl#DigitalDocument	http://www.owl-ontologies.com/Ontology1201106854.owl#Entity
S	http://www.owl-ontologies.com/Ontology1201106854.owl#DigitalDocument	http://www.owl-ontologies.com/Ontology1201106854.owl#InformationRealization
S	http://www.owl-ontologies.com/Ontology1201106854.owl#DigitalObject	http://www.owl-ontologies.com/Ontology1201106854.owl#Abstract
S	http://www.owl-ontologies.com/Ontology1201106854.owl#DigitalObject	http://www.owl-ontologies.com/Ontology1201106854.owl#Entity
S	http://www.owl-ontologies.com/Ontology1201106854.owl#DiskBackUp	http://www.owl-ontologies.com/Ontology1201106854.owl#Abstract
S	http://www.owl-ontologies.com/Ontology1201106854.owl#DiskBackUp	http://www.owl-ontologies.com/Ontology1201106854.owl#BackUp
S	http://www.owl-ontologies.com/Ontology1201106854.owl#DiskBackUp	http://www.owl-ontologies.com/Ontology1201106854.owl#DigitalObject
S	http://www.owl-ontologies.com/Ontology1201106854.owl#DiskBackUp	http://www.owl-ontologies.com/Ontology1201106854.owl#Entity
S	http://www.owl-ontologies.com/Ontology1201106854.owl#DiskBackUp	http://www.owl-ontologies.com/Ontology1201106854.owl#File
S	http://www.owl-ontologies.com/Ontology1201106854.owl#DiskSpace	http://www.owl-ontologies.com/Ontology1201106854.owl#Entity
S	http://www.owl-ontologies.com/Ontology1201106854.owl#DiskSpace	http://www.owl-ontologies.com/Ontology1201106854.owl#OtherQuality
S	http://www.owl-ontologies.com/Ontology1201106854.owl#DiskSpace	http://www.owl-ontologies.com/Ontology1201106854.owl#Quality
S	http://www.owl-ontologies.com/Ontology1201106854.owl#Document	http://www.owl-ontologies.com/Ontology1201106854.owl#Entity
S	http://www.owl-ontologies.com/Ontology1201106854.owl#Document	http://www.owl-ontologies.com/Ontology1201106854.owl#InformationRealization
S	http://www.owl-ontologies.com/Ontology1201106854.owl#Drive	http://www.owl-ontologies.com/Ontology1201106854.owl#Abstract
S	http://www.owl-ontologies.com/Ontology1201106854.owl#Drive	http://www.owl-ontologies.com/Ontology1201106854.owl#DigitalObject
S	http://www.owl-ontologies.com/Ontology1201106854.owl#Drive	http://www.owl-ontologies.com/Ontology1201106854.owl#Entity
S	http://www.owl-ontologies.com/Ontology1201106854.owl#Drive	http://www.owl-ontologies.com/Ontology1201106854.owl#OtherDigitalObject
S	http://www.owl-ontologies.com/Ontology1201106854.owl#E-MailMessage	http://www.owl-ontologies.com/Ontology1201106854.owl#DigitalDocument
S	http://www.owl-ontologies.com/Ontology1201106854.owl#E-MailMessage	http://www.owl-ontologies.com/Ontology1201106854.owl#Document
S	http://www.owl-ontologies.com/Ontology1201106854.owl#E-MailMessage	http://www.owl-ontologies.com/Ontology1201106854.owl#Entity
S	http://www.owl-ontologies.com/Ontology1201106854.owl#E-MailMessage	http://www.owl-ontologies.com/Ontology1201106854.owl#InformationRealization
S	http://www.owl-ontologies.com/Ontology1201106854.owl#Eclipse	http://www.owl-ontologies.com/Ontology1201106854.owl#Abstract
S	http://www.owl-ontologies.com/Ontology1201106854.owl#Eclipse	http://www.owl-ontologies.com/Ontology1201106854.owl#ComputerSoftware
S	http://www.owl-ontologies.com/Ontology1201106854.owl#Eclipse	http://www.owl-ontologies.com/Ontology1201106854.owl#DigitalObject
S	http://www.owl-ontologies.com/Ontology1201106854.owl#Eclipse	http://www.owl-ontologies.com/Ontology1201106854.owl#Entity
S	http://www.owl-ontologies.com/Ontology1201106854.owl#Eclipse	http://www.owl-ontologies.com/Ontology1201106854.owl#ProgrammingSoftware
S	http://www.owl-ontologies.com/Ontology1201106854.owl#Editor	http://www.owl-ontologies.com/Ontology1201106854.owl#Abstract
S	http://www.owl-ontologies.com/Ontology1201106854.owl#Editor	http://www.owl-ontologies.com/Ontology1201106854.owl#ApplicationSoftware
S	http://www.owl-ontologies.com/Ontology1201106854.owl#Editor	http://www.owl-ontologies.com/Ontology1201106854.owl#ComputerSoftware
S	http://www.owl-ontologies.com/Ontology1201106854.owl#Editor	http://www.owl-ontologies.com/Ontology1201106854.owl#DigitalObject
S	http://www.owl-ontologies.com/Ontology1201106854.owl#Editor	http://www.owl-ontologies.com/Ontology1201106854.owl#Entity
S	http://www.owl-ontologies.com/Ontology1201106854.owl#EndUser	http://www.owl-ontologies.com/Ontology1201106854.owl#Agent
S	http://www.owl-ontologies.com/Ontology1201106854.owl#EndUser	http://www.owl-ontologies.com/Ontology1201106854.owl#Entity
S	http://www.owl-ontologies.com/Ontology1201106854.owl#EndUser	http://www.owl-ontologies.com/Ontology1201106854.owl#Object
S	http://www.owl-ontologies.com/Ontology1201106854.owl#EndUser	http://www.owl-ontologies.com/Ontology1201106854.owl#PCUser
S	http://www.owl-ontologies.com/Ontology1201106854.owl#EndUser	http://www.owl-ontologies.com/Ontology1201106854.owl#SocialAgent
S	http://www.owl-ontologies.com/Ontology1201106854.owl#EndUser	http://www.owl-ontologies.com/Ontology1201106854.owl#SocialPerson
S	http://www.owl-ontologies.com/Ontology1201106854.owl#EnvironmentVariable	http://www.owl-ontologies.com/Ontology1201106854.owl#Entity
S	http://www.owl-ontologies.com/Ontology1201106854.owl#EnvironmentVariable	http://www.owl-ontologies.com/Ontology1201106854.owl#OtherQuality
S	http://www.owl-ontologies.com/Ontology1201106854.owl#EnvironmentVariable	http://www.owl-ontologies.com/Ontology1201106854.owl#Quality
S	http://www.owl-ontologies.com/Ontology1201106854.owl#ExampleDocument	http://www.owl-ontologies.com/Ontology1201106854.owl#DigitalDocument
S	http://www.owl-ontologies.com/Ontology1201106854.owl#ExampleDocument	http://www.owl-ontologies.com/Ontology1201106854.owl#Document
S	http://www.owl-ontologies.com/Ontology1201106854.owl#ExampleDocument	http://www.owl-ontologies.com/Ontology1201106854.owl#Entity
S	http://www.owl-ontologies.com/Ontology1201106854.owl#ExampleDocument	http://www.owl-ontologies.com/Ontology1201106854.owl#InformationRealization
S	http://www.owl-ontologies.com/Ontology1201106854.owl#ExampleDocument	http://www.owl-ontologies.com/Ontology1201106854.owl#KBArticle
S	http://www.owl-ontologies.com/Ontology1201106854.owl#ExampleDocument	http://www.owl-ontologies.com/Ontology1201106854.owl#WebPage
S	http://www.owl-ontologies.com/Ontology1201106854.owl#File	http://www.owl-ontologies.com/Ontology1201106854.owl#Abstract
S	http://www.owl-ontologies.com/Ontology1201106854.owl#File	http://www.owl-ontologies.com/Ontology1201106854.owl#DigitalObject
S	http://www.owl-ontologies.com/Ontology1201106854.owl#File	http://www.owl-ontologies.com/Ontology1201106854.owl#Entity
S	http://www.owl-ontologies.com/Ontology1201106854.owl#FileExplorer	http://www.owl-ontologies.com/Ontology1201106854.owl#Abstract
S	http://www.owl-ontologies.com/Ontology1201106854.owl#FileExplorer	http://www.owl-ontologies.com/Ontology1201106854.owl#ApplicationSoftware
S	http://www.owl-ontologies.com/Ontology1201106854.owl#FileExplorer	http://www.owl-ontologies.com/Ontology1201106854.owl#ComputerSoftware
S	http://www.owl-ontologies.com/Ontology1201106854.owl#FileExplorer	http://www.owl-ontologies.com/Ontology1201106854.owl#DigitalObject
S	http://www.owl-ontologies.com/Ontology1201106854.owl#FileExplorer	http://www.owl-ontologies.com/Ontology1201106854.owl#Entity
S	http://www.owl-ontologies.com/Ontology1201106854.owl#Firefox	http://www.owl-ontologies.com/Ontology1201106854.owl#Abstract
S	http://www.owl-ontologies.com/Ontology1201106854.owl#Firefox	http://www.owl-ontologies.com/Ontology1201106854.owl#ApplicationSoftware
S	http://www.owl-ontologies.com/Ontology1201106854.owl#Firefox	http://www.owl-ontologies.com/Ontology1201106854.owl#ComputerSoftware
S	http://www.owl-ontologies.com/Ontology1201106854.owl#Firefox	http://www.owl-ontologies.com/Ontology1201106854.owl#DigitalObject
S	http://www.owl-ontologies.com/Ontology1201106854.owl#Firefox	http://www.owl-ontologies.com/Ontology1201106854.owl#Entity
S	http://www.owl-ontologies.com/Ontology1201106854.owl#Firefox	http://www.owl-ontologies.com/Ontology1201106854.owl#WebBrowser
S	http://www.owl-ontologies.com/Ontology1201106854.owl#Folder	http://www.owl-ontologies.com/Ontology1201106854.owl#Abstract
S	http://www.owl-ontologies.com/Ontology1201106854.owl#Folder	http://www.owl-ontologies.com/Ontology1201106854.owl#ComputerSoftwareComponent
S	http://www.owl-ontologies.com/Ontology1201106854.owl#Folder	http://www.owl-ontologies.com/Ontology1201106854.owl#DigitalObject
S	http://www.owl-ontologies.com/Ontology1201106854.owl#Folder	http://www.owl-ontologies.com/Ontology1201106854.owl#Entity
S	http://www.owl-ontologies.com/Ontology1201106854.owl#FontColor	http://www.owl-ontologies.com/Ontology1201106854.owl#Color
S	http://www.owl-ontologies.com/Ontology1201106854.owl#FontColor	http://www.owl-ontologies.com/Ontology1201106854.owl#Entity
S	http://www.owl-ontologies.com/Ontology1201106854.owl#FontColor	http://www.owl-ontologies.com/Ontology1201106854.owl#OtherQuality
S	http://www.owl-ontologies.com/Ontology1201106854.owl#FontColor	http://www.owl-ontologies.com/Ontology1201106854.owl#Quality
S	http://www.owl-ontologies.com/Ontology1201106854.owl#ForegroundProgram	http://www.owl-ontologies.com/Ontology1201106854.owl#Abstract
S	http://www.owl-ontologies.com/Ontology1201106854.owl#ForegroundProgram	http://www.owl-ontologies.com/Ontology1201106854.owl#ComputerSoftware
S	http://www.owl-ontologies.com/Ontology1201106854.owl#ForegroundProgram	http://www.owl-ontologies.com/Ontology1201106854.owl#DigitalObject
S	http://www.owl-ontologies.com/Ontology1201106854.owl#ForegroundProgram	http://www.owl-ontologies.com/Ontology1201106854.owl#Entity
S	http://www.owl-ontologies.com/Ontology1201106854.owl#ForegroundProgram	http://www.owl-ontologies.com/Ontology1201106854.owl#OtherComputerSoftware
S	http://www.owl-ontologies.com/Ontology1201106854.owl#HardDrive	http://www.owl-ontologies.com/Ontology1201106854.owl#ComputerHardware
S	http://www.owl-ontologies.com/Ontology1201106854.owl#HardDrive	http://www.owl-ontologies.com/Ontology1201106854.owl#Entity
S	http://www.owl-ontologies.com/Ontology1201106854.owl#HardDrive	http://www.owl-ontologies.com/Ontology1201106854.owl#HardwareComponent
S	http://www.owl-ontologies.com/Ontology1201106854.owl#HardDrive	http://www.owl-ontologies.com/Ontology1201106854.owl#Object
S	http://www.owl-ontologies.com/Ontology1201106854.owl#HardDrive	http://www.owl-ontologies.com/Ontology1201106854.owl#PhysicalObject
S	http://www.owl-ontologies.com/Ontology1201106854.owl#HardwareComponent	http://www.owl-ontologies.com/Ontology1201106854.owl#ComputerHardware
S	http://www.owl-ontologies.com/Ontology1201106854.owl#HardwareComponent	http://www.owl-ontologies.com/Ontology1201106854.owl#Entity
S	http://www.owl-ontologies.com/Ontology1201106854.owl#HardwareComponent	http://www.owl-ontologies.com/Ontology1201106854.owl#Object
S	http://www.owl-ontologies.com/Ontology1201106854.owl#HardwareComponent	http://www.owl-ontologies.com/Ontology1201106854.owl#PhysicalObject
S	http://www.owl-ontologies.com/Ontology1201106854.owl#High-levelProgrammingLanguage	http://www.owl-ontologies.com/Ontology1201106854.owl#Abstract
S	http://www.owl-ontologies.com/Ontology1201106854.owl#High-levelProgrammingLanguage	http://www.owl-ontologies.com/Ontology1201106854.owl#Entity
S	http://www.owl-ontologies.com/Ontology1201106854.owl#High-levelProgrammingLanguage	http://www.owl-ontologies.com/Ontology1201106854.owl#ProgrammingLanguage
S	http://www.owl-ontologies.com/Ontology1201106854.owl#InformationRealization	http://www.owl-ontologies.com/Ontology1201106854.owl#Entity
S	http://www.owl-ontologies.com/Ontology1201106854.owl#InstallationInstruction	http://www.owl-ontologies.com/Ontology1201106854.owl#DigitalDocument
S	http://www.owl-ontologies.com/Ontology1201106854.owl#InstallationInstruction	http://www.owl-ontologies.com/Ontology1201106854.owl#Document
S	http://www.owl-ontologies.com/Ontology1201106854.owl#InstallationInstruction	http://www.owl-ontologies.com/Ontology1201106854.owl#Entity
S	http://www.owl-ontologies.com/Ontology1201106854.owl#InstallationInstruction	http://www.owl-ontologies.com/Ontology1201106854.owl#InformationRealization
S	http://www.owl-ontologies.com/Ontology1201106854.owl#InstallationInstruction	http://www.owl-ontologies.com/Ontology1201106854.owl#InstructionDocument
S	http://www.owl-ontologies.com/Ontology1201106854.owl#InstallationInstruction	http://www.owl-ontologies.com/Ontology1201106854.owl#KBArticle
S	http://www.owl-ontologies.com/Ontology1201106854.owl#InstallationInstruction	http://www.owl-ontologies.com/Ontology1201106854.owl#WebPage
S	http://www.owl-ontologies.com/Ontology1201106854.owl#Installer	http://www.owl-ontologies.com/Ontology1201106854.owl#Abstract
S	http://www.owl-ontologies.com/Ontology1201106854.owl#Installer	http://www.owl-ontologies.com/Ontology1201106854.owl#ComputerSoftware
S	http://www.owl-ontologies.com/Ontology1201106854.owl#Installer	http://www.owl-ontologies.com/Ontology1201106854.owl#DigitalObject
S	http://www.owl-ontologies.com/Ontology1201106854.owl#Installer	http://www.owl-ontologies.com/Ontology1201106854.owl#Entity
S	http://www.owl-ontologies.com/Ontology1201106854.owl#Installer	http://www.owl-ontologies.com/Ontology1201106854.owl#SystemSoftware
S	http://www.owl-ontologies.com/Ontology1201106854.owl#Installer	http://www.owl-ontologies.com/Ontology1201106854.owl#Tool
S	http://www.owl-ontologies.com/Ontology1201106854.owl#InstructionDocument	http://www.owl-ontologies.com/Ontology1201106854.owl#DigitalDocument
S	http://www.owl-ontologies.com/Ontology1201106854.owl#InstructionDocument	http://www.owl-ontologies.com/Ontology1201106854.owl#Document
S	http://www.owl-ontologies.com/Ontology1201106854.owl#InstructionDocument	http://www.owl-ontologies.com/Ontology1201106854.owl#Entity
S	http://www.owl-ontologies.com/Ontology1201106854.owl#InstructionDocument	http://www.owl-ontologies.com/Ontology1201106854.owl#InformationRealization
S	http://www.owl-ontologies.com/Ontology1201106854.owl#InstructionDocument	http://www.owl-ontologies.com/Ontology1201106854.owl#KBArticle
S	http://www.owl-ontologies.com/Ontology1201106854.owl#InstructionDocument	http://www.owl-ontologies.com/Ontology1201106854.owl#WebPage
S	http://www.owl-ontologies.com/Ontology1201106854.owl#InterfaceSoftware	http://www.owl-ontologies.com/Ontology1201106854.owl#Abstract
S	http://www.owl-ontologies.com/Ontology1201106854.owl#InterfaceSoftware	http://www.owl-ontologies.com/Ontology1201106854.owl#ComputerSoftware
S	http://www.owl-ontologies.com/Ontology1201106854.owl#InterfaceSoftware	http://www.owl-ontologies.com/Ontology1201106854.owl#DigitalObject
S	http://www.owl-ontologies.com/Ontology1201106854.owl#InterfaceSoftware	http://www.owl-ontologies.com/Ontology1201106854.owl#Entity
S	http://www.owl-ontologies.com/Ontology1201106854.owl#InternetExplorer	http://www.owl-ontologies.com/Ontology1201106854.owl#Abstract
S	http://www.owl-ontologies.com/Ontology1201106854.owl#InternetExplorer	http://www.owl-ontologies.com/Ontology1201106854.owl#ApplicationSoftware
S	http://www.owl-ontologies.com/Ontology1201106854.owl#InternetExplorer	http://www.owl-ontologies.com/Ontology1201106854.owl#ComputerSoftware
S	http://www.owl-ontologies.com/Ontology1201106854.owl#InternetExplorer	http://www.owl-ontologies.com/Ontology1201106854.owl#DigitalObject
S	http://www.owl-ontologies.com/Ontology1201106854.owl#InternetExplorer	http://www.owl-ontologies.com/Ontology1201106854.owl#Entity
S	http://www.owl-ontologies.com/Ontology1201106854.owl#InternetExplorer	http://www.owl-ontologies.com/Ontology1201106854.owl#WebBrowser
S	http://www.owl-ontologies.com/Ontology1201106854.owl#Java	http://www.owl-ontologies.com/Ontology1201106854.owl#Abstract
S	http://www.owl-ontologies.com/Ontology1201106854.owl#Java	http://www.owl-ontologies.com/Ontology1201106854.owl#Entity
S	http://www.owl-ontologies.com/Ontology1201106854.owl#Java	http://www.owl-ontologies.com/Ontology1201106854.owl#High-levelProgrammingLanguage
S	http://www.owl-ontologies.com/Ontology1201106854.owl#Java	http://www.owl-ontologies.com/Ontology1201106854.owl#ProgrammingLanguage
S	http://www.owl-ontologies.com/Ontology1201106854.owl#KBArticle	http://www.owl-ontologies.com/Ontology1201106854.owl#DigitalDocument
S	http://www.owl-ontologies.com/Ontology1201106854.owl#KBArticle	http://www.owl-ontologies.com/Ontology1201106854.owl#Document
S	http://www.owl-ontologies.com/Ontology1201106854.owl#KBArticle	http://www.owl-ontologies.com/Ontology1201106854.owl#Entity
S	http://www.owl-ontologies.com/Ontology1201106854.owl#KBArticle	http://www.owl-ontologies.com/Ontology1201106854.owl#InformationRealization
S	http://www.owl-ontologies.com/Ontology1201106854.owl#KBArticle	http://www.owl-ontologies.com/Ontology1201106854.owl#WebPage
S	http://www.owl-ontologies.com/Ontology1201106854.owl#Keyboard	http://www.owl-ontologies.com/Ontology1201106854.owl#ComputerHardware
S	http://www.owl-ontologies.com/Ontology1201106854.owl#Keyboard	http://www.owl-ontologies.com/Ontology1201106854.owl#Entity
S	http://www.owl-ontologies.com/Ontology1201106854.owl#Keyboard	http://www.owl-ontologies.com/Ontology1201106854.owl#Object
S	http://www.owl-ontologies.com/Ontology1201106854.owl#Keyboard	http://www.owl-ontologies.com/Ontology1201106854.owl#PeripheralDevice
S	http://www.owl-ontologies.com/Ontology1201106854.owl#Keyboard	http://www.owl-ontologies.com/Ontology1201106854.owl#PhysicalObject
S	http://www.owl-ontologies.com/Ontology1201106854.owl#Keyword	http://www.owl-ontologies.com/Ontology1201106854.owl#Entity
S	http://www.owl-ontologies.com/Ontology1201106854.owl#Keyword	http://www.owl-ontologies.com/Ontology1201106854.owl#InformationRealization
S	http://www.owl-ontologies.com/Ontology1201106854.owl#Keyword	http://www.owl-ontologies.com/Ontology1201106854.owl#SingleInformationRealization
S	http://www.owl-ontologies.com/Ontology1201106854.owl#Layout	http://www.owl-ontologies.com/Ontology1201106854.owl#Abstract
S	http://www.owl-ontologies.com/Ontology1201106854.owl#Layout	http://www.owl-ontologies.com/Ontology1201106854.owl#ComputerSoftwareComponent
S	http://www.owl-ontologies.com/Ontology1201106854.owl#Layout	http://www.owl-ontologies.com/Ontology1201106854.owl#DigitalObject
S	http://www.owl-ontologies.com/Ontology1201106854.owl#Layout	http://www.owl-ontologies.com/Ontology1201106854.owl#Entity
S	http://www.owl-ontologies.com/Ontology1201106854.owl#Linux	http://www.owl-ontologies.com/Ontology1201106854.owl#Abstract
S	http://www.owl-ontologies.com/Ontology1201106854.owl#Linux	http://www.owl-ontologies.com/Ontology1201106854.owl#ComputerSoftware
S	http://www.owl-ontologies.com/Ontology1201106854.owl#Linux	http://www.owl-ontologies.com/Ontology1201106854.owl#DigitalObject
S	http://www.owl-ontologies.com/Ontology1201106854.owl#Linux	http://www.owl-ontologies.com/Ontology1201106854.owl#Entity
S	http://www.owl-ontologies.com/Ontology1201106854.owl#Linux	http://www.owl-ontologies.com/Ontology1201106854.owl#OperatingSystem
S	http://www.owl-ontologies.com/Ontology1201106854.owl#Linux	http://www.owl-ontologies.com/Ontology1201106854.owl#SystemSoftware
S	http://www.owl-ontologies.com/Ontology1201106854.owl#Linux	http://www.owl-ontologies.com/Ontology1201106854.owl#Workstation
S	http://www.owl-ontologies.com/Ontology1201106854.owl#LocalPrinter	http://www.owl-ontologies.com/Ontology1201106854.owl#ComputerHardware
S	http://www.owl-ontologies.com/Ontology1201106854.owl#LocalPrinter	http://www.owl-ontologies.com/Ontology1201106854.owl#Entity
S	http://www.owl-ontologies.com/Ontology1201106854.owl#LocalPrinter	http://www.owl-ontologies.com/Ontology1201106854.owl#Object
S	http://www.owl-ontologies.com/Ontology1201106854.owl#LocalPrinter	http://www.owl-ontologies.com/Ontology1201106854.owl#PeripheralDevice
S	http://www.owl-ontologies.com/Ontology1201106854.owl#LocalPrinter	http://www.owl-ontologies.com/Ontology1201106854.owl#PhysicalObject
S	http://www.owl-ontologies.com/Ontology1201106854.owl#LocalPrinter	http://www.owl-ontologies.com/Ontology1201106854.owl#Printer
S	http://www.owl-ontologies.com/Ontology1201106854.owl#LogFile	http://www.owl-ontologies.com/Ontology1201106854.owl#Abstract
S	http://www.owl-ontologies.com/Ontology1201106854.owl#LogFile	http://www.owl-ontologies.com/Ontology1201106854.owl#DigitalObject
S	http://www.owl-ontologies.com/Ontology1201106854.owl#LogFile	http://www.owl-ontologies.com/Ontology1201106854.owl#Entity
S	http://www.owl-ontologies.com/Ontology1201106854.owl#LogFile	http://www.owl-ontologies.com/Ontology1201106854.owl#File
S	http://www.owl-ontologies.com/Ontology1201106854.owl#Low-levelProgrammingLanguage	http://www.owl-ontologies.com/Ontology1201106854.owl#Abstract
S	http://www.owl-ontologies.com/Ontology1201106854.owl#Low-levelProgrammingLanguage	http://www.owl-ontologies.com/Ontology1201106854.owl#Entity
S	http://www.owl-ontologies.com/Ontology1201106854.owl#Low-levelProgrammingLanguage	http://www.owl-ontologies.com/Ontology1201106854.owl#ProgrammingLanguage
S	http://www.owl-ontologies.com/Ontology1201106854.owl#Manual	http://www.owl-ontologies.com/Ontology1201106854.owl#DigitalDocument
S	http://www.owl-ontologies.com/Ontology1201106854.owl#Manual	http://www.owl-ontologies.com/Ontology1201106854.owl#Document
S	http://www.owl-ontologies.com/Ontology1201106854.owl#Manual	http://www.owl-ontologies.com/Ontology1201106854.owl#Entity
S	http://www.owl-ontologies.com/Ontology1201106854.owl#Manual	http://www.owl-ontologies.com/Ontology1201106854.owl#InformationRealization
S	http://www.owl-ontologies.com/Ontology1201106854.owl#Manufacturer	http://www.owl-ontologies.com/Ontology1201106854.owl#Agent
S	http://www.owl-ontologies.com/Ontology1201106854.owl#Manufacturer	http://www.owl-ontologies.com/Ontology1201106854.owl#Entity
S	http://www.owl-ontologies.com/Ontology1201106854.owl#Manufacturer	http://www.owl-ontologies.com/Ontology1201106854.owl#Object
S	http://www.owl-ontologies.com/Ontology1201106854.owl#Manufacturer	http://www.owl-ontologies.com/Ontology1201106854.owl#Organization
S	http://www.owl-ontologies.com/Ontology1201106854.owl#Manufacturer	http://www.owl-ontologies.com/Ontology1201106854.owl#SocialAgent
S	http://www.owl-ontologies.com/Ontology1201106854.owl#Memory	http://www.owl-ontologies.com/Ontology1201106854.owl#Entity
S	http://www.owl-ontologies.com/Ontology1201106854.owl#Memory	http://www.owl-ontologies.com/Ontology1201106854.owl#OtherQuality
S	http://www.owl-ontologies.com/Ontology1201106854.owl#Memory	http://www.owl-ontologies.com/Ontology1201106854.owl#Quality
S	http://www.owl-ontologies.com/Ontology1201106854.owl#MicrosoftOfficeSoftware	http://www.owl-ontologies.com/Ontology1201106854.owl#Abstract
S	http://www.owl-ontologies.com/Ontology1201106854.owl#MicrosoftOfficeSoftware	http://www.owl-ontologies.com/Ontology1201106854.owl#ApplicationSoftware
S	http://www.owl-ontologies.com/Ontology1201106854.owl#MicrosoftOfficeSoftware	http://www.owl-ontologies.com/Ontology1201106854.owl#ComputerSoftware
S	http://www.owl-ontologies.com/Ontology1201106854.owl#MicrosoftOfficeSoftware	http://www.owl-ontologies.com/Ontology1201106854.owl#DigitalObject
S	http://www.owl-ontologies.com/Ontology1201106854.owl#MicrosoftOfficeSoftware	http://www.owl-ontologies.com/Ontology1201106854.owl#Entity
S	http://www.owl-ontologies.com/Ontology1201106854.owl#MicrosoftOfficeUpdate	http://www.owl-ontologies.com/Ontology1201106854.owl#Abstract
S	http://www.owl-ontologies.com/Ontology1201106854.owl#MicrosoftOfficeUpdate	http://www.owl-ontologies.com/Ontology1201106854.owl#ApplicationSoftwareUpdate
S	http://www.owl-ontologies.com/Ontology1201106854.owl#MicrosoftOfficeUpdate	http://www.owl-ontologies.com/Ontology1201106854.owl#ComputerSoftware
S	http://www.owl-ontologies.com/Ontology1201106854.owl#MicrosoftOfficeUpdate	http://www.owl-ontologies.com/Ontology1201106854.owl#DigitalObject
S	http://www.owl-ontologies.com/Ontology1201106854.owl#MicrosoftOfficeUpdate	http://www.owl-ontologies.com/Ontology1201106854.owl#Entity
S	http://www.owl-ontologies.com/Ontology1201106854.owl#MicrosoftOfficeUpdate	http://www.owl-ontologies.com/Ontology1201106854.owl#UpdateSoftware
S	http://www.owl-ontologies.com/Ontology1201106854.owl#MicrosoftPublisher	http://www.owl-ontologies.com/Ontology1201106854.owl#Abstract
S	http://www.owl-ontologies.com/Ontology1201106854.owl#MicrosoftPublisher	http://www.owl-ontologies.com/Ontology1201106854.owl#ApplicationSoftware
S	http://www.owl-ontologies.com/Ontology1201106854.owl#MicrosoftPublisher	http://www.owl-ontologies.com/Ontology1201106854.owl#ComputerSoftware
S	http://www.owl-ontologies.com/Ontology1201106854.owl#MicrosoftPublisher	http://www.owl-ontologies.com/Ontology1201106854.owl#DigitalObject
S	http://www.owl-ontologies.com/Ontology1201106854.owl#MicrosoftPublisher	http://www.owl-ontologies.com/Ontology1201106854.owl#Entity
S	http://www.owl-ontologies.com/Ontology1201106854.owl#MicrosoftVisualBasic	http://www.owl-ontologies.com/Ontology1201106854.owl#Abstract
S	http://www.owl-ontologies.com/Ontology1201106854.owl#MicrosoftVisualBasic	http://www.owl-ontologies.com/Ontology1201106854.owl#ComputerSoftware
S	http://www.owl-ontologies.com/Ontology1201106854.owl#MicrosoftVisualBasic	http://www.owl-ontologies.com/Ontology1201106854.owl#DigitalObject
S	http://www.owl-ontologies.com/Ontology1201106854.owl#MicrosoftVisualBasic	http://www.owl-ontologies.com/Ontology1201106854.owl#Entity
S	http://www.owl-ontologies.com/Ontology1201106854.owl#MicrosoftVisualBasic	http://www.owl-ontologies.com/Ontology1201106854.owl#ProgrammingSoftware
S	http://www.owl-ontologies.com/Ontology1201106854.owl#Monitor	http://www.owl-ontologies.com/Ontology1201106854.owl#ComputerHardware
S	http://www.owl-ontologies.com/Ontology1201106854.owl#Monitor	http://www.owl-ontologies.com/Ontology1201106854.owl#Entity
S	http://www.owl-ontologies.com/Ontology1201106854.owl#Monitor	http://www.owl-ontologies.com/Ontology1201106854.owl#Object
S	http://www.owl-ontologies.com/Ontology1201106854.owl#Monitor	http://www.owl-ontologies.com/Ontology1201106854.owl#PeripheralDevice
S	http://www.owl-ontologies.com/Ontology1201106854.owl#Monitor	http://www.owl-ontologies.com/Ontology1201106854.owl#PhysicalObject
S	http://www.owl-ontologies.com/Ontology1201106854.owl#Motherboard	http://www.owl-ontologies.com/Ontology1201106854.owl#ComputerHardware
S	http://www.owl-ontologies.com/Ontology1201106854.owl#Motherboard	http://www.owl-ontologies.com/Ontology1201106854.owl#Entity
S	http://www.owl-ontologies.com/Ontology1201106854.owl#Motherboard	http://www.owl-ontologies.com/Ontology1201106854.owl#HardwareComponent
S	http://www.owl-ontologies.com/Ontology1201106854.owl#Motherboard	http://www.owl-ontologies.com/Ontology1201106854.owl#Object
S	http://www.owl-ontologies.com/Ontology1201106854.owl#Motherboard	http://www.owl-ontologies.com/Ontology1201106854.owl#PhysicalObject
S	http://www.owl-ontologies.com/Ontology1201106854.owl#Mouse	http://www.owl-ontologies.com/Ontology1201106854.owl#ComputerHardware
S	http://www.owl-ontologies.com/Ontology1201106854.owl#Mouse	http://www.owl-ontologies.com/Ontology1201106854.owl#Entity
S	http://www.owl-ontologies.com/Ontology1201106854.owl#Mouse	http://www.owl-ontologies.com/Ontology1201106854.owl#Object
S	http://www.owl-ontologies.com/Ontology1201106854.owl#Mouse	http://www.owl-ontologies.com/Ontology1201106854.owl#PeripheralDevice
S	http://www.owl-ontologies.com/Ontology1201106854.owl#Mouse	http://www.owl-ontologies.com/Ontology1201106854.owl#PhysicalObject
S	http://www.owl-ontologies.com/Ontology1201106854.owl#NaturalPerson	http://www.owl-ontologies.com/Ontology1201106854.owl#Agent
S	http://www.owl-ontologies.com/Ontology1201106854.owl#NaturalPerson	http://www.owl-ontologies.com/Ontology1201106854.owl#Entity
S	http://www.owl-ontologies.com/Ontology1201106854.owl#NaturalPerson	http://www.owl-ontologies.com/Ontology1201106854.owl#Object
S	http://www.owl-ontologies.com/Ontology1201106854.owl#NaturalPerson	http://www.owl-ontologies.com/Ontology1201106854.owl#PhysicalAgent
S	http://www.owl-ontologies.com/Ontology1201106854.owl#NetworkPrinter	http://www.owl-ontologies.com/Ontology1201106854.owl#ComputerHardware
S	http://www.owl-ontologies.com/Ontology1201106854.owl#NetworkPrinter	http://www.owl-ontologies.com/Ontology1201106854.owl#Entity
S	http://www.owl-ontologies.com/Ontology1201106854.owl#NetworkPrinter	http://www.owl-ontologies.com/Ontology1201106854.owl#Object
S	http://www.owl-ontologies.com/Ontology1201106854.owl#NetworkPrinter	http://www.owl-ontologies.com/Ontology1201106854.owl#PeripheralDevice
S	http://www.owl-ontologies.com/Ontology1201106854.owl#NetworkPrinter	http://www.owl-ontologies.com/Ontology1201106854.owl#PhysicalObject
S	http://www.owl-ontologies.com/Ontology1201106854.owl#NetworkPrinter	http://www.owl-ontologies.com/Ontology1201106854.owl#Printer
S	http://www.owl-ontologies.com/Ontology1201106854.owl#Notebook	http://www.owl-ontologies.com/Ontology1201106854.owl#Computer
S	http://www.owl-ontologies.com/Ontology1201106854.owl#Notebook	http://www.owl-ontologies.com/Ontology1201106854.owl#ComputerHardware
S	http://www.owl-ontologies.com/Ontology1201106854.owl#Notebook	http://www.owl-ontologies.com/Ontology1201106854.owl#Entity
S	http://www.owl-ontologies.com/Ontology1201106854.owl#Notebook	http://www.owl-ontologies.com/Ontology1201106854.owl#Object
S	http://www.owl-ontologies.com/Ontology1201106854.owl#Notebook	http://www.owl-ontologies.com/Ontology1201106854.owl#PhysicalObject
S	http://www.owl-ontologies.com/Ontology1201106854.owl#Notepad	http://www.owl-ontologies.com/Ontology1201106854.owl#Abstract
S	http://www.owl-ontologies.com/Ontology1201106854.owl#Notepad	http://www.owl-ontologies.com/Ontology1201106854.owl#ApplicationSoftware
S	http://www.owl-ontologies.com/Ontology1201106854.owl#Notepad	http://www.owl-ontologies.com/Ontology1201106854.owl#ComputerSoftware
S	http://www.owl-ontologies.com/Ontology1201106854.owl#Notepad	http://www.owl-ontologies.com/Ontology1201106854.owl#DigitalObject
S	http://www.owl-ontologies.com/Ontology1201106854.owl#Notepad	http://www.owl-ontologies.com/Ontology1201106854.owl#Editor
S	http://www.owl-ontologies.com/Ontology1201106854.owl#Notepad	http://www.owl-ontologies.com/Ontology1201106854.owl#Entity
S	http://www.owl-ontologies.com/Ontology1201106854.owl#Notepad	http://www.owl-ontologies.com/Ontology1201106854.owl#TextEditor
S	http://www.owl-ontologies.com/Ontology1201106854.owl#Object	http://www.owl-ontologies.com/Ontology1201106854.owl#Entity
S	http://www.owl-ontologies.com/Ontology1201106854.owl#Office2000Software	http://www.owl-ontologies.com/Ontology1201106854.owl#Abstract
S	http://www.owl-ontologies.com/Ontology1201106854.owl#Office2000Software	http://www.owl-ontologies.com/Ontology1201106854.owl#ApplicationSoftware
S	http://www.owl-ontologies.com/Ontology1201106854.owl#Office2000Software	http://www.owl-ontologies.com/Ontology1201106854.owl#ComputerSoftware
S	http://www.owl-ontologies.com/Ontology1201106854.owl#Office2000Software	http://www.owl-ontologies.com/Ontology1201106854.owl#DigitalObject
S	http://www.owl-ontologies.com/Ontology1201106854.owl#Office2000Software	http://www.owl-ontologies.com/Ontology1201106854.owl#Entity
S	http://www.owl-ontologies.com/Ontology1201106854.owl#Office2000Software	http://www.owl-ontologies.com/Ontology1201106854.owl#MicrosoftOfficeSoftware
S	http://www.owl-ontologies.com/Ontology1201106854.owl#Office2002Software	http://www.owl-ontologies.com/Ontology1201106854.owl#Abstract
S	http://www.owl-ontologies.com/Ontology1201106854.owl#Office2002Software	http://www.owl-ontologies.com/Ontology1201106854.owl#ApplicationSoftware
S	http://www.owl-ontologies.com/Ontology1201106854.owl#Office2002Software	http://www.owl-ontologies.com/Ontology1201106854.owl#ComputerSoftware
S	http://www.owl-ontologies.com/Ontology1201106854.owl#Office2002Software	http://www.owl-ontologies.com/Ontology1201106854.owl#DigitalObject
S	http://www.owl-ontologies.com/Ontology1201106854.owl#Office2002Software	http://www.owl-ontologies.com/Ontology1201106854.owl#Entity
S	http://www.owl-ontologies.com/Ontology1201106854.owl#Office2002Software	http://www.owl-ontologies.com/Ontology1201106854.owl#MicrosoftOfficeSoftware
S	http://www.owl-ontologies.com/Ontology1201106854.owl#Office2003Software	http://www.owl-ontologies.com/Ontology1201106854.owl#Abstract
S	http://www.owl-ontologies.com/Ontology1201106854.owl#Office2003Software	http://www.owl-ontologies.com/Ontology1201106854.owl#ApplicationSoftware
S	http://www.owl-ontologies.com/Ontology1201106854.owl#Office2003Software	http://www.owl-ontologies.com/Ontology1201106854.owl#ComputerSoftware
S	http://www.owl-ontologies.com/Ontology1201106854.owl#Office2003Software	http://www.owl-ontologies.com/Ontology1201106854.owl#DigitalObject
S	http://www.owl-ontologies.com/Ontology1201106854.owl#Office2003Software	http://www.owl-ontologies.com/Ontology1201106854.owl#Entity
S	http://www.owl-ontologies.com/Ontology1201106854.owl#Office2003Software	http://www.owl-ontologies.com/Ontology1201106854.owl#MicrosoftOfficeSoftware
S	http://www.owl-ontologies.com/Ontology1201106854.owl#Office2007Software	http://www.owl-ontologies.com/Ontology1201106854.owl#Abstract
S	http://www.owl-ontologies.com/Ontology1201106854.owl#Office2007Software	http://www.owl-ontologies.com/Ontology1201106854.owl#ApplicationSoftware
S	http://www.owl-ontologies.com/Ontology1201106854.owl#Office2007Software	http://www.owl-ontologies.com/Ontology1201106854.owl#ComputerSoftware
S	http://www.owl-ontologies.com/Ontology1201106854.owl#Office2007Software	http://www.owl-ontologies.com/Ontology1201106854.owl#DigitalObject
S	http://www.owl-ontologies.com/Ontology1201106854.owl#Office2007Software	http://www.owl-ontologies.com/Ontology1201106854.owl#Entity
S	http://www.owl-ontologies.com/Ontology1201106854.owl#Office2007Software	http://www.owl-ontologies.com/Ontology1201106854.owl#MicrosoftOfficeSoftware
S	http://www.owl-ontologies.com/Ontology1201106854.owl#Office97Software	http://www.owl-ontologies.com/Ontology1201106854.owl#Abstract
S	http://www.owl-ontologies.com/Ontology1201106854.owl#Office97Software	http://www.owl-ontologies.com/Ontology1201106854.owl#ApplicationSoftware
S	http://www.owl-ontologies.com/Ontology1201106854.owl#Office97Software	http://www.owl-ontologies.com/Ontology1201106854.owl#ComputerSoftware
S	http://www.owl-ontologies.com/Ontology1201106854.owl#Office97Software	http://www.owl-ontologies.com/Ontology1201106854.owl#DigitalObject
S	http://www.owl-ontologies.com/Ontology1201106854.owl#Office97Software	http://www.owl-ontologies.com/Ontology1201106854.owl#Entity
S	http://www.owl-ontologies.com/Ontology1201106854.owl#Office97Software	http://www.owl-ontologies.com/Ontology1201106854.owl#MicrosoftOfficeSoftware
S	http://www.owl-ontologies.com/Ontology1201106854.owl#OperatingSystem	http://www.owl-ontologies.com/Ontology1201106854.owl#Abstract
S	http://www.owl-ontologies.com/Ontology1201106854.owl#OperatingSystem	http://www.owl-ontologies.com/Ontology1201106854.owl#ComputerSoftware
S	http://www.owl-ontologies.com/Ontology1201106854.owl#OperatingSystem	http://www.owl-ontologies.com/Ontology1201106854.owl#DigitalObject
S	http://www.owl-ontologies.com/Ontology1201106854.owl#OperatingSystem	http://www.owl-ontologies.com/Ontology1201106854.owl#Entity
S	http://www.owl-ontologies.com/Ontology1201106854.owl#OperatingSystem	http://www.owl-ontologies.com/Ontology1201106854.owl#SystemSoftware
S	http://www.owl-ontologies.com/Ontology1201106854.owl#OperatingSystemUpdate	http://www.owl-ontologies.com/Ontology1201106854.owl#Abstract
S	http://www.owl-ontologies.com/Ontology1201106854.owl#OperatingSystemUpdate	http://www.owl-ontologies.com/Ontology1201106854.owl#ComputerSoftware
S	http://www.owl-ontologies.com/Ontology1201106854.owl#OperatingSystemUpdate	http://www.owl-ontologies.com/Ontology1201106854.owl#DigitalObject
S	http://www.owl-ontologies.com/Ontology1201106854.owl#OperatingSystemUpdate	http://www.owl-ontologies.com/Ontology1201106854.owl#Entity
S	http://www.owl-ontologies.com/Ontology1201106854.owl#OperatingSystemUpdate	http://www.owl-ontologies.com/Ontology1201106854.owl#SystemSoftwareUpdate
S	http://www.owl-ontologies.com/Ontology1201106854.owl#OperatingSystemUpdate	http://www.owl-ontologies.com/Ontology1201106854.owl#UpdateSoftware
S	http://www.owl-ontologies.com/Ontology1201106854.owl#OpticalDrive	http://www.owl-ontologies.com/Ontology1201106854.owl#ComputerHardware
S	http://www.owl-ontologies.com/Ontology1201106854.owl#OpticalDrive	http://www.owl-ontologies.com/Ontology1201106854.owl#Entity
S	http://www.owl-ontologies.com/Ontology1201106854.owl#OpticalDrive	http://www.owl-ontologies.com/Ontology1201106854.owl#HardwareComponent
S	http://www.owl-ontologies.com/Ontology1201106854.owl#OpticalDrive	http://www.owl-ontologies.com/Ontology1201106854.owl#Object
S	http://www.owl-ontologies.com/Ontology1201106854.owl#OpticalDrive	http://www.owl-ontologies.com/Ontology1201106854.owl#PhysicalObject
S	http://www.owl-ontologies.com/Ontology1201106854.owl#Option	http://www.owl-ontologies.com/Ontology1201106854.owl#Abstract
S	http://www.owl-ontologies.com/Ontology1201106854.owl#Option	http://www.owl-ontologies.com/Ontology1201106854.owl#DigitalObject
S	http://www.owl-ontologies.com/Ontology1201106854.owl#Option	http://www.owl-ontologies.com/Ontology1201106854.owl#Entity
S	http://www.owl-ontologies.com/Ontology1201106854.owl#Option	http://www.owl-ontologies.com/Ontology1201106854.owl#OtherDigitalObject
S	http://www.owl-ontologies.com/Ontology1201106854.owl#Organization	http://www.owl-ontologies.com/Ontology1201106854.owl#Agent
S	http://www.owl-ontologies.com/Ontology1201106854.owl#Organization	http://www.owl-ontologies.com/Ontology1201106854.owl#Entity
S	http://www.owl-ontologies.com/Ontology1201106854.owl#Organization	http://www.owl-ontologies.com/Ontology1201106854.owl#Object
S	http://www.owl-ontologies.com/Ontology1201106854.owl#Organization	http://www.owl-ontologies.com/Ontology1201106854.owl#SocialAgent
S	http://www.owl-ontologies.com/Ontology1201106854.owl#OtherComputerSoftware	http://www.owl-ontologies.com/Ontology1201106854.owl#Abstract
S	http://www.owl-ontologies.com/Ontology1201106854.owl#OtherComputerSoftware	http://www.owl-ontologies.com/Ontology1201106854.owl#ComputerSoftware
S	http://www.owl-ontologies.com/Ontology1201106854.owl#OtherComputerSoftware	http://www.owl-ontologies.com/Ontology1201106854.owl#DigitalObject
S	http://www.owl-ontologies.com/Ontology1201106854.owl#OtherComputerSoftware	http://www.owl-ontologies.com/Ontology1201106854.owl#Entity
S	http://www.owl-ontologies.com/Ontology1201106854.owl#OtherDigitalObject	http://www.owl-ontologies.com/Ontology1201106854.owl#Abstract
S	http://www.owl-ontologies.com/Ontology1201106854.owl#OtherDigitalObject	http://www.owl-ontologies.com/Ontology1201106854.owl#DigitalObject
S	http://www.owl-ontologies.com/Ontology1201106854.owl#OtherDigitalObject	http://www.owl-ontologies.com/Ontology1201106854.owl#Entity
S	http://www.owl-ontologies.com/Ontology1201106854.owl#OtherQuality	http://www.owl-ontologies.com/Ontology1201106854.owl#Entity
S	http://www.owl-ontologies.com/Ontology1201106854.owl#OtherQuality	http://www.owl-ontologies.com/Ontology1201106854.owl#Quality
S	http://www.owl-ontologies.com/Ontology1201106854.owl#Outlook2000	http://www.owl-ontologies.com/Ontology1201106854.owl#Abstract
S	http://www.owl-ontologies.com/Ontology1201106854.owl#Outlook2000	http://www.owl-ontologies.com/Ontology1201106854.owl#ApplicationSoftware
S	http://www.owl-ontologies.com/Ontology1201106854.owl#Outlook2000	http://www.owl-ontologies.com/Ontology1201106854.owl#ComputerSoftware
S	http://www.owl-ontologies.com/Ontology1201106854.owl#Outlook2000	http://www.owl-ontologies.com/Ontology1201106854.owl#DigitalObject
S	http://www.owl-ontologies.com/Ontology1201106854.owl#Outlook2000	http://www.owl-ontologies.com/Ontology1201106854.owl#Entity
S	http://www.owl-ontologies.com/Ontology1201106854.owl#Outlook2000	http://www.owl-ontologies.com/Ontology1201106854.owl#MicrosoftOfficeSoftware
S	http://www.owl-ontologies.com/Ontology1201106854.owl#Outlook2000	http://www.owl-ontologies.com/Ontology1201106854.owl#Office2000Software
S	http://www.owl-ontologies.com/Ontology1201106854.owl#Outlook2002	http://www.owl-ontologies.com/Ontology1201106854.owl#Abstract
S	http://www.owl-ontologies.com/Ontology1201106854.owl#Outlook2002	http://www.owl-ontologies.com/Ontology1201106854.owl#ApplicationSoftware
S	http://www.owl-ontologies.com/Ontology1201106854.owl#Outlook2002	http://www.owl-ontologies.com/Ontology1201106854.owl#ComputerSoftware
S	http://www.owl-ontologies.com/Ontology1201106854.owl#Outlook2002	http://www.owl-ontologies.com/Ontology1201106854.owl#DigitalObject
S	http://www.owl-ontologies.com/Ontology1201106854.owl#Outlook2002	http://www.owl-ontologies.com/Ontology1201106854.owl#Entity
S	http://www.owl-ontologies.com/Ontology1201106854.owl#Outlook2002	http://www.owl-ontologies.com/Ontology1201106854.owl#MicrosoftOfficeSoftware
S	http://www.owl-ontologies.com/Ontology1201106854.owl#Outlook2002	http://www.owl-ontologies.com/Ontology1201106854.owl#Office2002Software
S	http://www.owl-ontologies.com/Ontology1201106854.owl#Outlook2003	http://www.owl-ontologies.com/Ontology1201106854.owl#Abstract
S	http://www.owl-ontologies.com/Ontology1201106854.owl#Outlook2003	http://www.owl-ontologies.com/Ontology1201106854.owl#ApplicationSoftware
S	http://www.owl-ontologies.com/Ontology1201106854.owl#Outlook2003	http://www.owl-ontologies.com/Ontology1201106854.owl#ComputerSoftware
S	http://www.owl-ontologies.com/Ontology1201106854.owl#Outlook2003	http://www.owl-ontologies.com/Ontology1201106854.owl#DigitalObject
S	http://www.owl-ontologies.com/Ontology1201106854.owl#Outlook2003	http://www.owl-ontologies.com/Ontology1201106854.owl#Entity
S	http://www.owl-ontologies.com/Ontology1201106854.owl#Outlook2003	http://www.owl-ontologies.com/Ontology1201106854.owl#MicrosoftOfficeSoftware
S	http://www.owl-ontologies.com/Ontology1201106854.owl#Outlook2003	http://www.owl-ontologies.com/Ontology1201106854.owl#Office2003Software
S	http://www.owl-ontologies.com/Ontology1201106854.owl#Outlook2007	http://www.owl-ontologies.com/Ontology1201106854.owl#Abstract
S	http://www.owl-ontologies.com/Ontology1201106854.owl#Outlook2007	http://www.owl-ontologies.com/Ontology1201106854.owl#ApplicationSoftware
S	http://www.owl-ontologies.com/Ontology1201106854.owl#Outlook2007	http://www.owl-ontologies.com/Ontology1201106854.owl#ComputerSoftware
S	http://www.owl-ontologies.com/Ontology1201106854.owl#Outlook2007	http://www.owl-ontologies.com/Ontology1201106854.owl#DigitalObject
S	http://www.owl-ontologies.com/Ontology1201106854.owl#Outlook2007	http://www.owl-ontologies.com/Ontology1201106854.owl#Entity
S	http://www.owl-ontologies.com/Ontology1201106854.owl#Outlook2007	http://www.owl-ontologies.com/Ontology1201106854.owl#MicrosoftOfficeSoftware
S	http://www.owl-ontologies.com/Ontology1201106854.owl#Outlook2007	http://www.owl-ontologies.com/Ontology1201106854.owl#Office2007Software
S	http://www.owl-ontologies.com/Ontology1201106854.owl#OutlookComponent	http://www.owl-ontologies.com/Ontology1201106854.owl#Abstract
S	http://www.owl-ontologies.com/Ontology1201106854.owl#OutlookComponent	http://www.owl-ontologies.com/Ontology1201106854.owl#ComputerSoftwareComponent
S	http://www.owl-ontologies.com/Ontology1201106854.owl#OutlookComponent	http://www.owl-ontologies.com/Ontology1201106854.owl#DigitalObject
S	http://www.owl-ontologies.com/Ontology1201106854.owl#OutlookComponent	http://www.owl-ontologies.com/Ontology1201106854.owl#Entity
S	http://www.owl-ontologies.com/Ontology1201106854.owl#OutlookDelegate	http://www.owl-ontologies.com/Ontology1201106854.owl#Agent
S	http://www.owl-ontologies.com/Ontology1201106854.owl#OutlookDelegate	http://www.owl-ontologies.com/Ontology1201106854.owl#Entity
S	http://www.owl-ontologies.com/Ontology1201106854.owl#OutlookDelegate	http://www.owl-ontologies.com/Ontology1201106854.owl#Object
S	http://www.owl-ontologies.com/Ontology1201106854.owl#OutlookDelegate	http://www.owl-ontologies.com/Ontology1201106854.owl#SocialAgent
S	http://www.owl-ontologies.com/Ontology1201106854.owl#OutlookDelegate	http://www.owl-ontologies.com/Ontology1201106854.owl#SocialPerson
S	http://www.owl-ontologies.com/Ontology1201106854.owl#OutlookE-Mail	http://www.owl-ontologies.com/Ontology1201106854.owl#Abstract
S	http://www.owl-ontologies.com/Ontology1201106854.owl#OutlookE-Mail	http://www.owl-ontologies.com/Ontology1201106854.owl#ComputerSoftwareComponent
S	http://www.owl-ontologies.com/Ontology1201106854.owl#OutlookE-Mail	http://www.owl-ontologies.com/Ontology1201106854.owl#DigitalObject
S	http://www.owl-ontologies.com/Ontology1201106854.owl#OutlookE-Mail	http://www.owl-ontologies.com/Ontology1201106854.owl#Entity
S	http://www.owl-ontologies.com/Ontology1201106854.owl#OutlookE-Mail	http://www.owl-ontologies.com/Ontology1201106854.owl#OutlookComponent
S	http://www.owl-ontologies.com/Ontology1201106854.owl#OutlookE-Mail	http://www.owl-ontologies.com/Ontology1201106854.owl#OutlookItem
S	http://www.owl-ontologies.com/Ontology1201106854.owl#OutlookItem	http://www.owl-ontologies.com/Ontology1201106854.owl#Abstract
S	http://www.owl-ontologies.com/Ontology1201106854.owl#OutlookItem	http://www.owl-ontologies.com/Ontology1201106854.owl#ComputerSoftwareComponent
S	http://www.owl-ontologies.com/Ontology1201106854.owl#OutlookItem	http://www.owl-ontologies.com/Ontology1201106854.owl#DigitalObject
S	http://www.owl-ontologies.com/Ontology1201106854.owl#OutlookItem	http://www.owl-ontologies.com/Ontology1201106854.owl#Entity
S	http://www.owl-ontologies.com/Ontology1201106854.owl#OutlookItem	http://www.owl-ontologies.com/Ontology1201106854.owl#OutlookComponent
S	http://www.owl-ontologies.com/Ontology1201106854.owl#OutlookNote	http://www.owl-ontologies.com/Ontology1201106854.owl#Abstract
S	http://www.owl-ontologies.com/Ontology1201106854.owl#OutlookNote	http://www.owl-ontologies.com/Ontology1201106854.owl#ComputerSoftwareComponent
S	http://www.owl-ontologies.com/Ontology1201106854.owl#OutlookNote	http://www.owl-ontologies.com/Ontology1201106854.owl#DigitalObject
S	http://www.owl-ontologies.com/Ontology1201106854.owl#OutlookNote	http://www.owl-ontologies.com/Ontology1201106854.owl#Entity
S	http://www.owl-ontologies.com/Ontology1201106854.owl#OutlookNote	http://www.owl-ontologies.com/Ontology1201106854.owl#OutlookComponent
S	http://www.owl-ontologies.com/Ontology1201106854.owl#OutlookNote	http://www.owl-ontologies.com/Ontology1201106854.owl#OutlookItem
S	http://www.owl-ontologies.com/Ontology1201106854.owl#OutlookTask	http://www.owl-ontologies.com/Ontology1201106854.owl#Abstract
S	http://www.owl-ontologies.com/Ontology1201106854.owl#OutlookTask	http://www.owl-ontologies.com/Ontology1201106854.owl#ComputerSoftwareComponent
S	http://www.owl-ontologies.com/Ontology1201106854.owl#OutlookTask	http://www.owl-ontologies.com/Ontology1201106854.owl#DigitalObject
S	http://www.owl-ontologies.com/Ontology1201106854.owl#OutlookTask	http://www.owl-ontologies.com/Ontology1201106854.owl#Entity
S	http://www.owl-ontologies.com/Ontology1201106854.owl#OutlookTask	http://www.owl-ontologies.com/Ontology1201106854.owl#OutlookComponent
S	http://www.owl-ontologies.com/Ontology1201106854.owl#OutlookTask	http://www.owl-ontologies.com/Ontology1201106854.owl#OutlookItem
S	http://www.owl-ontologies.com/Ontology1201106854.owl#PCUser	http://www.owl-ontologies.com/Ontology1201106854.owl#Agent
S	http://www.owl-ontologies.com/Ontology1201106854.owl#PCUser	http://www.owl-ontologies.com/Ontology1201106854.owl#Entity
S	http://www.owl-ontologies.com/Ontology1201106854.owl#PCUser	http://www.owl-ontologies.com/Ontology1201106854.owl#Object
S	http://www.owl-ontologies.com/Ontology1201106854.owl#PCUser	http://www.owl-ontologies.com/Ontology1201106854.owl#SocialAgent
S	http://www.owl-ontologies.com/Ontology1201106854.owl#PCUser	http://www.owl-ontologies.com/Ontology1201106854.owl#SocialPerson
S	http://www.owl-ontologies.com/Ontology1201106854.owl#Partition	http://www.owl-ontologies.com/Ontology1201106854.owl#Abstract
S	http://www.owl-ontologies.com/Ontology1201106854.owl#Partition	http://www.owl-ontologies.com/Ontology1201106854.owl#DigitalObject
S	http://www.owl-ontologies.com/Ontology1201106854.owl#Partition	http://www.owl-ontologies.com/Ontology1201106854.owl#Entity
S	http://www.owl-ontologies.com/Ontology1201106854.owl#Partition	http://www.owl-ontologies.com/Ontology1201106854.owl#OtherDigitalObject
S	http://www.owl-ontologies.com/Ontology1201106854.owl#Password	http://www.owl-ontologies.com/Ontology1201106854.owl#Entity
S	http://www.owl-ontologies.com/Ontology1201106854.owl#Password	http://www.owl-ontologies.com/Ontology1201106854.owl#InformationRealization
S	http://www.owl-ontologies.com/Ontology1201106854.owl#Password	http://www.owl-ontologies.com/Ontology1201106854.owl#SingleInformationRealization
S	http://www.owl-ontologies.com/Ontology1201106854.owl#Performance	http://www.owl-ontologies.com/Ontology1201106854.owl#Entity
S	http://www.owl-ontologies.com/Ontology1201106854.owl#Performance	http://www.owl-ontologies.com/Ontology1201106854.owl#OtherQuality
S	http://www.owl-ontologies.com/Ontology1201106854.owl#Performance	http://www.owl-ontologies.com/Ontology1201106854.owl#Quality
S	http://www.owl-ontologies.com/Ontology1201106854.owl#PeripheralDevice	http://www.owl-ontologies.com/Ontology1201106854.owl#ComputerHardware
S	http://www.owl-ontologies.com/Ontology1201106854.owl#PeripheralDevice	http://www.owl-ontologies.com/Ontology1201106854.owl#Entity
S	http://www.owl-ontologies.com/Ontology1201106854.owl#PeripheralDevice	http://www.owl-ontologies.com/Ontology1201106854.owl#Object
S	http://www.owl-ontologies.com/Ontology1201106854.owl#PeripheralDevice	http://www.owl-ontologies.com/Ontology1201106854.owl#PhysicalObject
S	http://www.owl-ontologies.com/Ontology1201106854.owl#PhysicalAgent	http://www.owl-ontologies.com/Ontology1201106854.owl#Agent
S	http://www.owl-ontologies.com/Ontology1201106854.owl#PhysicalAgent	http://www.owl-ontologies.com/Ontology1201106854.owl#Entity
S	http://www.owl-ontologies.com/Ontology1201106854.owl#PhysicalAgent	http://www.owl-ontologies.com/Ontology1201106854.owl#Object
S	http://www.owl-ontologies.com/Ontology1201106854.owl#PhysicalDocument	http://www.owl-ontologies.com/Ontology1201106854.owl#Document
S	http://www.owl-ontologies.com/Ontology1201106854.owl#PhysicalDocument	http://www.owl-ontologies.com/Ontology1201106854.owl#Entity
S	http://www.owl-ontologies.com/Ontology1201106854.owl#PhysicalDocument	http://www.owl-ontologies.com/Ontology1201106854.owl#InformationRealization
S	http://www.owl-ontologies.com/Ontology1201106854.owl#PhysicalMemory	http://www.owl-ontologies.com/Ontology1201106854.owl#Entity
S	http://www.owl-ontologies.com/Ontology1201106854.owl#PhysicalMemory	http://www.owl-ontologies.com/Ontology1201106854.owl#Memory
S	http://www.owl-ontologies.com/Ontology1201106854.owl#PhysicalMemory	http://www.owl-ontologies.com/Ontology1201106854.owl#OtherQuality
S	http://www.owl-ontologies.com/Ontology1201106854.owl#PhysicalMemory	http://www.owl-ontologies.com/Ontology1201106854.owl#Quality
S	http://www.owl-ontologies.com/Ontology1201106854.owl#PhysicalObject	http://www.owl-ontologies.com/Ontology1201106854.owl#Entity
S	http://www.owl-ontologies.com/Ontology1201106854.owl#PhysicalObject	http://www.owl-ontologies.com/Ontology1201106854.owl#Object
S	http://www.owl-ontologies.com/Ontology1201106854.owl#Pixel	http://www.owl-ontologies.com/Ontology1201106854.owl#Abstract
S	http://www.owl-ontologies.com/Ontology1201106854.owl#Pixel	http://www.owl-ontologies.com/Ontology1201106854.owl#DigitalObject
S	http://www.owl-ontologies.com/Ontology1201106854.owl#Pixel	http://www.owl-ontologies.com/Ontology1201106854.owl#Entity
S	http://www.owl-ontologies.com/Ontology1201106854.owl#Pixel	http://www.owl-ontologies.com/Ontology1201106854.owl#OtherDigitalObject
S	http://www.owl-ontologies.com/Ontology1201106854.owl#Port	http://www.owl-ontologies.com/Ontology1201106854.owl#Abstract
S	http://www.owl-ontologies.com/Ontology1201106854.owl#Port	http://www.owl-ontologies.com/Ontology1201106854.owl#DigitalObject
S	http://www.owl-ontologies.com/Ontology1201106854.owl#Port	http://www.owl-ontologies.com/Ontology1201106854.owl#Entity
S	http://www.owl-ontologies.com/Ontology1201106854.owl#Port	http://www.owl-ontologies.com/Ontology1201106854.owl#OtherDigitalObject
S	http://www.owl-ontologies.com/Ontology1201106854.owl#PowerSource	http://www.owl-ontologies.com/Ontology1201106854.owl#ComputerHardware
S	http://www.owl-ontologies.com/Ontology1201106854.owl#PowerSource	http://www.owl-ontologies.com/Ontology1201106854.owl#Entity
S	http://www.owl-ontologies.com/Ontology1201106854.owl#PowerSource	http://www.owl-ontologies.com/Ontology1201106854.owl#Object
S	http://www.owl-ontologies.com/Ontology1201106854.owl#PowerSource	http://www.owl-ontologies.com/Ontology1201106854.owl#PhysicalObject
S	http://www.owl-ontologies.com/Ontology1201106854.owl#PreviewPane	http://www.owl-ontologies.com/Ontology1201106854.owl#Abstract
S	http://www.owl-ontologies.com/Ontology1201106854.owl#PreviewPane	http://www.owl-ontologies.com/Ontology1201106854.owl#ComputerSoftwareComponent
S	http://www.owl-ontologies.com/Ontology1201106854.owl#PreviewPane	http://www.owl-ontologies.com/Ontology1201106854.owl#DigitalObject
S	http://www.owl-ontologies.com/Ontology1201106854.owl#PreviewPane	http://www.owl-ontologies.com/Ontology1201106854.owl#Entity
S	http://www.owl-ontologies.com/Ontology1201106854.owl#PreviewPane	http://www.owl-ontologies.com/Ontology1201106854.owl#OutlookComponent
S	http://www.owl-ontologies.com/Ontology1201106854.owl#Printer	http://www.owl-ontologies.com/Ontology1201106854.owl#ComputerHardware
S	http://www.owl-ontologies.com/Ontology1201106854.owl#Printer	http://www.owl-ontologies.com/Ontology1201106854.owl#Entity
S	http://www.owl-ontologies.com/Ontology1201106854.owl#Printer	http://www.owl-ontologies.com/Ontology1201106854.owl#Object
S	http://www.owl-ontologies.com/Ontology1201106854.owl#Printer	http://www.owl-ontologies.com/Ontology1201106854.owl#PeripheralDevice
S	http://www.owl-ontologies.com/Ontology1201106854.owl#Printer	http://www.owl-ontologies.com/Ontology1201106854.owl#PhysicalObject
S	http://www.owl-ontologies.com/Ontology1201106854.owl#PrinterInk	http://www.owl-ontologies.com/Ontology1201106854.owl#ComputerAccessory
S	http://www.owl-ontologies.com/Ontology1201106854.owl#PrinterInk	http://www.owl-ontologies.com/Ontology1201106854.owl#Entity
S	http://www.owl-ontologies.com/Ontology1201106854.owl#PrinterInk	http://www.owl-ontologies.com/Ontology1201106854.owl#Object
S	http://www.owl-ontologies.com/Ontology1201106854.owl#PrinterInk	http://www.owl-ontologies.com/Ontology1201106854.owl#PhysicalObject
S	http://www.owl-ontologies.com/Ontology1201106854.owl#PrinterInk	http://www.owl-ontologies.com/Ontology1201106854.owl#PrintingAccessory
S	http://www.owl-ontologies.com/Ontology1201106854.owl#PrinterPaper	http://www.owl-ontologies.com/Ontology1201106854.owl#ComputerAccessory
S	http://www.owl-ontologies.com/Ontology1201106854.owl#PrinterPaper	http://www.owl-ontologies.com/Ontology1201106854.owl#Entity
S	http://www.owl-ontologies.com/Ontology1201106854.owl#PrinterPaper	http://www.owl-ontologies.com/Ontology1201106854.owl#Object
S	http://www.owl-ontologies.com/Ontology1201106854.owl#PrinterPaper	http://www.owl-ontologies.com/Ontology1201106854.owl#PhysicalObject
S	http://www.owl-ontologies.com/Ontology1201106854.owl#PrinterPaper	http://www.owl-ontologies.com/Ontology1201106854.owl#PrintingAccessory
S	http://www.owl-ontologies.com/Ontology1201106854.owl#PrinterPort	http://www.owl-ontologies.com/Ontology1201106854.owl#Abstract
S	http://www.owl-ontologies.com/Ontology1201106854.owl#PrinterPort	http://www.owl-ontologies.com/Ontology1201106854.owl#DigitalObject
S	http://www.owl-ontologies.com/Ontology1201106854.owl#PrinterPort	http://www.owl-ontologies.com/Ontology1201106854.owl#Entity
S	http://www.owl-ontologies.com/Ontology1201106854.owl#PrinterPort	http://www.owl-ontologies.com/Ontology1201106854.owl#OtherDigitalObject
S	http://www.owl-ontologies.com/Ontology1201106854.owl#PrinterPort	http://www.owl-ontologies.com/Ontology1201106854.owl#Port
S	http://www.owl-ontologies.com/Ontology1201106854.owl#PrinterToner	http://www.owl-ontologies.com/Ontology1201106854.owl#ComputerAccessory
S	http://www.owl-ontologies.com/Ontology1201106854.owl#PrinterToner	http://www.owl-ontologies.com/Ontology1201106854.owl#Entity
S	http://www.owl-ontologies.com/Ontology1201106854.owl#PrinterToner	http://www.owl-ontologies.com/Ontology1201106854.owl#Object
S	http://www.owl-ontologies.com/Ontology1201106854.owl#PrinterToner	http://www.owl-ontologies.com/Ontology1201106854.owl#PhysicalObject
S	http://www.owl-ontologies.com/Ontology1201106854.owl#PrinterToner	http://www.owl-ontologies.com/Ontology1201106854.owl#PrintingAccessory
S	http://www.owl-ontologies.com/Ontology1201106854.owl#Printing	http://www.owl-ontologies.com/Ontology1201106854.owl#Abstract
S	http://www.owl-ontologies.com/Ontology1201106854.owl#Printing	http://www.owl-ontologies.com/Ontology1201106854.owl#BackgroundProgram
S	http://www.owl-ontologies.com/Ontology1201106854.owl#Printing	http://www.owl-ontologies.com/Ontology1201106854.owl#ComputerSoftware
S	http://www.owl-ontologies.com/Ontology1201106854.owl#Printing	http://www.owl-ontologies.com/Ontology1201106854.owl#DigitalObject
S	http://www.owl-ontologies.com/Ontology1201106854.owl#Printing	http://www.owl-ontologies.com/Ontology1201106854.owl#Entity
S	http://www.owl-ontologies.com/Ontology1201106854.owl#Printing	http://www.owl-ontologies.com/Ontology1201106854.owl#OtherComputerSoftware
S	http://www.owl-ontologies.com/Ontology1201106854.owl#PrintingAccessory	http://www.owl-ontologies.com/Ontology1201106854.owl#ComputerAccessory
S	http://www.owl-ontologies.com/Ontology1201106854.owl#PrintingAccessory	http://www.owl-ontologies.com/Ontology1201106854.owl#Entity
S	http://www.owl-ontologies.com/Ontology1201106854.owl#PrintingAccessory	http://www.owl-ontologies.com/Ontology1201106854.owl#Object
S	http://www.owl-ontologies.com/Ontology1201106854.owl#PrintingAccessory	http://www.owl-ontologies.com/Ontology1201106854.owl#PhysicalObject
S	http://www.owl-ontologies.com/Ontology1201106854.owl#ProblemDescriptionDocument	http://www.owl-ontologies.com/Ontology1201106854.owl#DigitalDocument
S	http://www.owl-ontologies.com/Ontology1201106854.owl#ProblemDescriptionDocument	http://www.owl-ontologies.com/Ontology1201106854.owl#Document
S	http://www.owl-ontologies.com/Ontology1201106854.owl#ProblemDescriptionDocument	http://www.owl-ontologies.com/Ontology1201106854.owl#Entity
S	http://www.owl-ontologies.com/Ontology1201106854.owl#ProblemDescriptionDocument	http://www.owl-ontologies.com/Ontology1201106854.owl#InformationRealization
S	http://www.owl-ontologies.com/Ontology1201106854.owl#ProblemDescriptionDocument	http://www.owl-ontologies.com/Ontology1201106854.owl#KBArticle
S	http://www.owl-ontologies.com/Ontology1201106854.owl#ProblemDescriptionDocument	http://www.owl-ontologies.com/Ontology1201106854.owl#WebPage
S	http://www.owl-ontologies.com/Ontology1201106854.owl#Processor	http://www.owl-ontologies.com/Ontology1201106854.owl#ComputerHardware
S	http://www.owl-ontologies.com/Ontology1201106854.owl#Processor	http://www.owl-ontologies.com/Ontology1201106854.owl#Entity
S	http://www.owl-ontologies.com/Ontology1201106854.owl#Processor	http://www.owl-ontologies.com/Ontology1201106854.owl#HardwareComponent
S	http://www.owl-ontologies.com/Ontology1201106854.owl#Processor	http://www.owl-ontologies.com/Ontology1201106854.owl#Object
S	http://www.owl-ontologies.com/Ontology1201106854.owl#Processor	http://www.owl-ontologies.com/Ontology1201106854.owl#PhysicalObject
S	http://www.owl-ontologies.com/Ontology1201106854.owl#ProgramCodeDocument	http://www.owl-ontologies.com/Ontology1201106854.owl#DigitalDocument
S	http://www.owl-ontologies.com/Ontology1201106854.owl#ProgramCodeDocument	http://www.owl-ontologies.com/Ontology1201106854.owl#Document
S	http://www.owl-ontologies.com/Ontology1201106854.owl#ProgramCodeDocument	http://www.owl-ontologies.com/Ontology1201106854.owl#Entity
S	http://www.owl-ontologies.com/Ontology1201106854.owl#ProgramCodeDocument	http://www.owl-ontologies.com/Ontology1201106854.owl#InformationRealization
S	http://www.owl-ontologies.com/Ontology1201106854.owl#ProgramCodeDocument	http://www.owl-ontologies.com/Ontology1201106854.owl#KBArticle
S	http://www.owl-ontologies.com/Ontology1201106854.owl#ProgramCodeDocument	http://www.owl-ontologies.com/Ontology1201106854.owl#WebPage
S	http://www.owl-ontologies.com/Ontology1201106854.owl#ProgrammingLanguage	http://www.owl-ontologies.com/Ontology1201106854.owl#Abstract
S	http://www.owl-ontologies.com/Ontology1201106854.owl#ProgrammingLanguage	http://www.owl-ontologies.com/Ontology1201106854.owl#Entity
S	http://www.owl-ontologies.com/Ontology1201106854.owl#ProgrammingSoftware	http://www.owl-ontologies.com/Ontology1201106854.owl#Abstract
S	http://www.owl-ontologies.com/Ontology1201106854.owl#ProgrammingSoftware	http://www.owl-ontologies.com/Ontology1201106854.owl#ComputerSoftware
S	http://www.owl-ontologies.com/Ontology1201106854.owl#ProgrammingSoftware	http://www.owl-ontologies.com/Ontology1201106854.owl#DigitalObject
S	http://www.owl-ontologies.com/Ontology1201106854.owl#ProgrammingSoftware	http://www.owl-ontologies.com/Ontology1201106854.owl#Entity
S	http://www.owl-ontologies.com/Ontology1201106854.owl#ProgrammingSoftwareUpdate	http://www.owl-ontologies.com/Ontology1201106854.owl#Abstract
S	http://www.owl-ontologies.com/Ontology1201106854.owl#ProgrammingSoftwareUpdate	http://www.owl-ontologies.com/Ontology1201106854.owl#ComputerSoftware
S	http://www.owl-ontologies.com/Ontology1201106854.owl#ProgrammingSoftwareUpdate	http://www.owl-ontologies.com/Ontology1201106854.owl#DigitalObject
S	http://www.owl-ontologies.com/Ontology1201106854.owl#ProgrammingSoftwareUpdate	http://www.owl-ontologies.com/Ontology1201106854.owl#Entity
S	http://www.owl-ontologies.com/Ontology1201106854.owl#ProgrammingSoftwareUpdate	http://www.owl-ontologies.com/Ontology1201106854.owl#UpdateSoftware
S	http://www.owl-ontologies.com/Ontology1201106854.owl#Quality	http://www.owl-ontologies.com/Ontology1201106854.owl#Entity
S	http://www.owl-ontologies.com/Ontology1201106854.owl#RAM	http://www.owl-ontologies.com/Ontology1201106854.owl#ComputerHardware
S	http://www.owl-ontologies.com/Ontology1201106854.owl#RAM	http://www.owl-ontologies.com/Ontology1201106854.owl#Entity
S	http://www.owl-ontologies.com/Ontology1201106854.owl#RAM	http://www.owl-ontologies.com/Ontology1201106854.owl#HardwareComponent
S	http://www.owl-ontologies.com/Ontology1201106854.owl#RAM	http://www.owl-ontologies.com/Ontology1201106854.owl#Object
S	http://www.owl-ontologies.com/Ontology1201106854.owl#RAM	http://www.owl-ontologies.com/Ontology1201106854.owl#PhysicalObject
S	http://www.owl-ontologies.com/Ontology1201106854.owl#RegistryEditor	http://www.owl-ontologies.com/Ontology1201106854.owl#Abstract
S	http://www.owl-ontologies.com/Ontology1201106854.owl#RegistryEditor	http://www.owl-ontologies.com/Ontology1201106854.owl#ComputerSoftware
S	http://www.owl-ontologies.com/Ontology1201106854.owl#RegistryEditor	http://www.owl-ontologies.com/Ontology1201106854.owl#DigitalObject
S	http://www.owl-ontologies.com/Ontology1201106854.owl#RegistryEditor	http://www.owl-ontologies.com/Ontology1201106854.owl#Entity
S	http://www.owl-ontologies.com/Ontology1201106854.owl#RegistryEditor	http://www.owl-ontologies.com/Ontology1201106854.owl#SystemSoftware
S	http://www.owl-ontologies.com/Ontology1201106854.owl#RegistryEditor	http://www.owl-ontologies.com/Ontology1201106854.owl#Tool
S	http://www.owl-ontologies.com/Ontology1201106854.owl#RegistryKey	http://www.owl-ontologies.com/Ontology1201106854.owl#Abstract
S	http://www.owl-ontologies.com/Ontology1201106854.owl#RegistryKey	http://www.owl-ontologies.com/Ontology1201106854.owl#ComputerSoftwareComponent
S	http://www.owl-ontologies.com/Ontology1201106854.owl#RegistryKey	http://www.owl-ontologies.com/Ontology1201106854.owl#DigitalObject
S	http://www.owl-ontologies.com/Ontology1201106854.owl#RegistryKey	http://www.owl-ontologies.com/Ontology1201106854.owl#Entity
S	http://www.owl-ontologies.com/Ontology1201106854.owl#RegistryKey	http://www.owl-ontologies.com/Ontology1201106854.owl#Setting
S	http://www.owl-ontologies.com/Ontology1201106854.owl#Resolution	http://www.owl-ontologies.com/Ontology1201106854.owl#Entity
S	http://www.owl-ontologies.com/Ontology1201106854.owl#Resolution	http://www.owl-ontologies.com/Ontology1201106854.owl#OtherQuality
S	http://www.owl-ontologies.com/Ontology1201106854.owl#Resolution	http://www.owl-ontologies.com/Ontology1201106854.owl#Quality
S	http://www.owl-ontologies.com/Ontology1201106854.owl#ScreenResolution	http://www.owl-ontologies.com/Ontology1201106854.owl#Entity
S	http://www.owl-ontologies.com/Ontology1201106854.owl#ScreenResolution	http://www.owl-ontologies.com/Ontology1201106854.owl#OtherQuality
S	http://www.owl-ontologies.com/Ontology1201106854.owl#ScreenResolution	http://www.owl-ontologies.com/Ontology1201106854.owl#Quality
S	http://www.owl-ontologies.com/Ontology1201106854.owl#ScreenResolution	http://www.owl-ontologies.com/Ontology1201106854.owl#Resolution
S	http://www.owl-ontologies.com/Ontology1201106854.owl#Server	http://www.owl-ontologies.com/Ontology1201106854.owl#Abstract
S	http://www.owl-ontologies.com/Ontology1201106854.owl#Server	http://www.owl-ontologies.com/Ontology1201106854.owl#ComputerSoftware
S	http://www.owl-ontologies.com/Ontology1201106854.owl#Server	http://www.owl-ontologies.com/Ontology1201106854.owl#DigitalObject
S	http://www.owl-ontologies.com/Ontology1201106854.owl#Server	http://www.owl-ontologies.com/Ontology1201106854.owl#Entity
S	http://www.owl-ontologies.com/Ontology1201106854.owl#Server	http://www.owl-ontologies.com/Ontology1201106854.owl#OperatingSystem
S	http://www.owl-ontologies.com/Ontology1201106854.owl#Server	http://www.owl-ontologies.com/Ontology1201106854.owl#SystemSoftware
S	http://www.owl-ontologies.com/Ontology1201106854.owl#Setting	http://www.owl-ontologies.com/Ontology1201106854.owl#Abstract
S	http://www.owl-ontologies.com/Ontology1201106854.owl#Setting	http://www.owl-ontologies.com/Ontology1201106854.owl#ComputerSoftwareComponent
S	http://www.owl-ontologies.com/Ontology1201106854.owl#Setting	http://www.owl-ontologies.com/Ontology1201106854.owl#DigitalObject
S	http://www.owl-ontologies.com/Ontology1201106854.owl#Setting	http://www.owl-ontologies.com/Ontology1201106854.owl#Entity
S	http://www.owl-ontologies.com/Ontology1201106854.owl#SingleInformationRealization	http://www.owl-ontologies.com/Ontology1201106854.owl#Entity
S	http://www.owl-ontologies.com/Ontology1201106854.owl#SingleInformationRealization	http://www.owl-ontologies.com/Ontology1201106854.owl#InformationRealization
S	http://www.owl-ontologies.com/Ontology1201106854.owl#SocialAgent	http://www.owl-ontologies.com/Ontology1201106854.owl#Agent
S	http://www.owl-ontologies.com/Ontology1201106854.owl#SocialAgent	http://www.owl-ontologies.com/Ontology1201106854.owl#Entity
S	http://www.owl-ontologies.com/Ontology1201106854.owl#SocialAgent	http://www.owl-ontologies.com/Ontology1201106854.owl#Object
S	http://www.owl-ontologies.com/Ontology1201106854.owl#SocialPerson	http://www.owl-ontologies.com/Ontology1201106854.owl#Agent
S	http://www.owl-ontologies.com/Ontology1201106854.owl#SocialPerson	http://www.owl-ontologies.com/Ontology1201106854.owl#Entity
S	http://www.owl-ontologies.com/Ontology1201106854.owl#SocialPerson	http://www.owl-ontologies.com/Ontology1201106854.owl#Object
S	http://www.owl-ontologies.com/Ontology1201106854.owl#SocialPerson	http://www.owl-ontologies.com/Ontology1201106854.owl#SocialAgent
S	http://www.owl-ontologies.com/Ontology1201106854.owl#SoftwareDeveloper	http://www.owl-ontologies.com/Ontology1201106854.owl#Agent
S	http://www.owl-ontologies.com/Ontology1201106854.owl#SoftwareDeveloper	http://www.owl-ontologies.com/Ontology1201106854.owl#Entity
S	http://www.owl-ontologies.com/Ontology1201106854.owl#SoftwareDeveloper	http://www.owl-ontologies.com/Ontology1201106854.owl#Object
S	http://www.owl-ontologies.com/Ontology1201106854.owl#SoftwareDeveloper	http://www.owl-ontologies.com/Ontology1201106854.owl#SocialAgent
S	http://www.owl-ontologies.com/Ontology1201106854.owl#SoftwareDeveloper	http://www.owl-ontologies.com/Ontology1201106854.owl#SocialPerson
S	http://www.owl-ontologies.com/Ontology1201106854.owl#Solution	http://www.owl-ontologies.com/Ontology1201106854.owl#DigitalDocument
S	http://www.owl-ontologies.com/Ontology1201106854.owl#Solution	http://www.owl-ontologies.com/Ontology1201106854.owl#Document
S	http://www.owl-ontologies.com/Ontology1201106854.owl#Solution	http://www.owl-ontologies.com/Ontology1201106854.owl#Entity
S	http://www.owl-ontologies.com/Ontology1201106854.owl#Solution	http://www.owl-ontologies.com/Ontology1201106854.owl#InformationRealization
S	http://www.owl-ontologies.com/Ontology1201106854.owl#Solution	http://www.owl-ontologies.com/Ontology1201106854.owl#KBArticle
S	http://www.owl-ontologies.com/Ontology1201106854.owl#Solution	http://www.owl-ontologies.com/Ontology1201106854.owl#ProblemDescriptionDocument
S	http://www.owl-ontologies.com/Ontology1201106854.owl#Solution	http://www.owl-ontologies.com/Ontology1201106854.owl#WebPage
S	http://www.owl-ontologies.com/Ontology1201106854.owl#Switch	http://www.owl-ontologies.com/Ontology1201106854.owl#ComputerHardware
S	http://www.owl-ontologies.com/Ontology1201106854.owl#Switch	http://www.owl-ontologies.com/Ontology1201106854.owl#Entity
S	http://www.owl-ontologies.com/Ontology1201106854.owl#Switch	http://www.owl-ontologies.com/Ontology1201106854.owl#HardwareComponent
S	http://www.owl-ontologies.com/Ontology1201106854.owl#Switch	http://www.owl-ontologies.com/Ontology1201106854.owl#Object
S	http://www.owl-ontologies.com/Ontology1201106854.owl#Switch	http://www.owl-ontologies.com/Ontology1201106854.owl#PhysicalObject
S	http://www.owl-ontologies.com/Ontology1201106854.owl#Symptoms	http://www.owl-ontologies.com/Ontology1201106854.owl#DigitalDocument
S	http://www.owl-ontologies.com/Ontology1201106854.owl#Symptoms	http://www.owl-ontologies.com/Ontology1201106854.owl#Document
S	http://www.owl-ontologies.com/Ontology1201106854.owl#Symptoms	http://www.owl-ontologies.com/Ontology1201106854.owl#Entity
S	http://www.owl-ontologies.com/Ontology1201106854.owl#Symptoms	http://www.owl-ontologies.com/Ontology1201106854.owl#InformationRealization
S	http://www.owl-ontologies.com/Ontology1201106854.owl#Symptoms	http://www.owl-ontologies.com/Ontology1201106854.owl#KBArticle
S	http://www.owl-ontologies.com/Ontology1201106854.owl#Symptoms	http://www.owl-ontologies.com/Ontology1201106854.owl#ProblemDescriptionDocument
S	http://www.owl-ontologies.com/Ontology1201106854.owl#Symptoms	http://www.owl-ontologies.com/Ontology1201106854.owl#WebPage
S	http://www.owl-ontologies.com/Ontology1201106854.owl#SystemSoftware	http://www.owl-ontologies.com/Ontology1201106854.owl#Abstract
S	http://www.owl-ontologies.com/Ontology1201106854.owl#SystemSoftware	http://www.owl-ontologies.com/Ontology1201106854.owl#ComputerSoftware
S	http://www.owl-ontologies.com/Ontology1201106854.owl#SystemSoftware	http://www.owl-ontologies.com/Ontology1201106854.owl#DigitalObject
S	http://www.owl-ontologies.com/Ontology1201106854.owl#SystemSoftware	http://www.owl-ontologies.com/Ontology1201106854.owl#Entity
S	http://www.owl-ontologies.com/Ontology1201106854.owl#SystemSoftwareUpdate	http://www.owl-ontologies.com/Ontology1201106854.owl#Abstract
S	http://www.owl-ontologies.com/Ontology1201106854.owl#SystemSoftwareUpdate	http://www.owl-ontologies.com/Ontology1201106854.owl#ComputerSoftware
S	http://www.owl-ontologies.com/Ontology1201106854.owl#SystemSoftwareUpdate	http://www.owl-ontologies.com/Ontology1201106854.owl#DigitalObject
S	http://www.owl-ontologies.com/Ontology1201106854.owl#SystemSoftwareUpdate	http://www.owl-ontologies.com/Ontology1201106854.owl#Entity
S	http://www.owl-ontologies.com/Ontology1201106854.owl#SystemSoftwareUpdate	http://www.owl-ontologies.com/Ontology1201106854.owl#UpdateSoftware
S	http://www.owl-ontologies.com/Ontology1201106854.owl#Text	http://www.owl-ontologies.com/Ontology1201106854.owl#Entity
S	http://www.owl-ontologies.com/Ontology1201106854.owl#Text	http://www.owl-ontologies.com/Ontology1201106854.owl#InformationRealization
S	http://www.owl-ontologies.com/Ontology1201106854.owl#Text	http://www.owl-ontologies.com/Ontology1201106854.owl#SingleInformationRealization
S	http://www.owl-ontologies.com/Ontology1201106854.owl#TextEditor	http://www.owl-ontologies.com/Ontology1201106854.owl#Abstract
S	http://www.owl-ontologies.com/Ontology1201106854.owl#TextEditor	http://www.owl-ontologies.com/Ontology1201106854.owl#ApplicationSoftware
S	http://www.owl-ontologies.com/Ontology1201106854.owl#TextEditor	http://www.owl-ontologies.com/Ontology1201106854.owl#ComputerSoftware
S	http://www.owl-ontologies.com/Ontology1201106854.owl#TextEditor	http://www.owl-ontologies.com/Ontology1201106854.owl#DigitalObject
S	http://www.owl-ontologies.com/Ontology1201106854.owl#TextEditor	http://www.owl-ontologies.com/Ontology1201106854.owl#Editor
S	http://www.owl-ontologies.com/Ontology1201106854.owl#TextEditor	http://www.owl-ontologies.com/Ontology1201106854.owl#Entity
S	http://www.owl-ontologies.com/Ontology1201106854.owl#Tool	http://www.owl-ontologies.com/Ontology1201106854.owl#Abstract
S	http://www.owl-ontologies.com/Ontology1201106854.owl#Tool	http://www.owl-ontologies.com/Ontology1201106854.owl#ComputerSoftware
S	http://www.owl-ontologies.com/Ontology1201106854.owl#Tool	http://www.owl-ontologies.com/Ontology1201106854.owl#DigitalObject
S	http://www.owl-ontologies.com/Ontology1201106854.owl#Tool	http://www.owl-ontologies.com/Ontology1201106854.owl#Entity
S	http://www.owl-ontologies.com/Ontology1201106854.owl#Tool	http://www.owl-ontologies.com/Ontology1201106854.owl#SystemSoftware
S	http://www.owl-ontologies.com/Ontology1201106854.owl#UpdateSoftware	http://www.owl-ontologies.com/Ontology1201106854.owl#Abstract
S	http://www.owl-ontologies.com/Ontology1201106854.owl#UpdateSoftware	http://www.owl-ontologies.com/Ontology1201106854.owl#ComputerSoftware
S	http://www.owl-ontologies.com/Ontology1201106854.owl#UpdateSoftware	http://www.owl-ontologies.com/Ontology1201106854.owl#DigitalObject
S	http://www.owl-ontologies.com/Ontology1201106854.owl#UpdateSoftware	http://www.owl-ontologies.com/Ontology1201106854.owl#Entity
S	http://www.owl-ontologies.com/Ontology1201106854.owl#Username	http://www.owl-ontologies.com/Ontology1201106854.owl#Entity
S	http://www.owl-ontologies.com/Ontology1201106854.owl#Username	http://www.owl-ontologies.com/Ontology1201106854.owl#InformationRealization
S	http://www.owl-ontologies.com/Ontology1201106854.owl#Username	http://www.owl-ontologies.com/Ontology1201106854.owl#SingleInformationRealization
S	http://www.owl-ontologies.com/Ontology1201106854.owl#Value	http://www.owl-ontologies.com/Ontology1201106854.owl#Entity
S	http://www.owl-ontologies.com/Ontology1201106854.owl#Value	http://www.owl-ontologies.com/Ontology1201106854.owl#OtherQuality
S	http://www.owl-ontologies.com/Ontology1201106854.owl#Value	http://www.owl-ontologies.com/Ontology1201106854.owl#Quality
S	http://www.owl-ontologies.com/Ontology1201106854.owl#Version	http://www.owl-ontologies.com/Ontology1201106854.owl#Entity
S	http://www.owl-ontologies.com/Ontology1201106854.owl#Version	http://www.owl-ontologies.com/Ontology1201106854.owl#Quality
S	http://www.owl-ontologies.com/Ontology1201106854.owl#VirtualMemory	http://www.owl-ontologies.com/Ontology1201106854.owl#Entity
S	http://www.owl-ontologies.com/Ontology1201106854.owl#VirtualMemory	http://www.owl-ontologies.com/Ontology1201106854.owl#Memory
S	http://www.owl-ontologies.com/Ontology1201106854.owl#VirtualMemory	http://www.owl-ontologies.com/Ontology1201106854.owl#OtherQuality
S	http://www.owl-ontologies.com/Ontology1201106854.owl#VirtualMemory	http://www.owl-ontologies.com/Ontology1201106854.owl#Quality
S	http://www.owl-ontologies.com/Ontology1201106854.owl#VisualBasic	http://www.owl-ontologies.com/Ontology1201106854.owl#Abstract
S	http://www.owl-ontologies.com/Ontology1201106854.owl#VisualBasic	http://www.owl-ontologies.com/Ontology1201106854.owl#Entity
S	http://www.owl-ontologies.com/Ontology1201106854.owl#VisualBasic	http://www.owl-ontologies.com/Ontology1201106854.owl#High-levelProgrammingLanguage
S	http://www.owl-ontologies.com/Ontology1201106854.owl#VisualBasic	http://www.owl-ontologies.com/Ontology1201106854.owl#ProgrammingLanguage
S	http://www.owl-ontologies.com/Ontology1201106854.owl#WarningDocument	http://www.owl-ontologies.com/Ontology1201106854.owl#DigitalDocument
S	http://www.owl-ontologies.com/Ontology1201106854.owl#WarningDocument	http://www.owl-ontologies.com/Ontology1201106854.owl#Document
S	http://www.owl-ontologies.com/Ontology1201106854.owl#WarningDocument	http://www.owl-ontologies.com/Ontology1201106854.owl#Entity
S	http://www.owl-ontologies.com/Ontology1201106854.owl#WarningDocument	http://www.owl-ontologies.com/Ontology1201106854.owl#InformationRealization
S	http://www.owl-ontologies.com/Ontology1201106854.owl#WarningDocument	http://www.owl-ontologies.com/Ontology1201106854.owl#KBArticle
S	http://www.owl-ontologies.com/Ontology1201106854.owl#WarningDocument	http://www.owl-ontologies.com/Ontology1201106854.owl#WebPage
S	http://www.owl-ontologies.com/Ontology1201106854.owl#WebBrowser	http://www.owl-ontologies.com/Ontology1201106854.owl#Abstract
S	http://www.owl-ontologies.com/Ontology1201106854.owl#WebBrowser	http://www.owl-ontologies.com/Ontology1201106854.owl#ApplicationSoftware
S	http://www.owl-ontologies.com/Ontology1201106854.owl#WebBrowser	http://www.owl-ontologies.com/Ontology1201106854.owl#ComputerSoftware
S	http://www.owl-ontologies.com/Ontology1201106854.owl#WebBrowser	http://www.owl-ontologies.com/Ontology1201106854.owl#DigitalObject
S	http://www.owl-ontologies.com/Ontology1201106854.owl#WebBrowser	http://www.owl-ontologies.com/Ontology1201106854.owl#Entity
S	http://www.owl-ontologies.com/Ontology1201106854.owl#WebPage	http://www.owl-ontologies.com/Ontology1201106854.owl#DigitalDocument
S	http://www.owl-ontologies.com/Ontology1201106854.owl#WebPage	http://www.owl-ontologies.com/Ontology1201106854.owl#Document
S	http://www.owl-ontologies.com/Ontology1201106854.owl#WebPage	http://www.owl-ontologies.com/Ontology1201106854.owl#Entity
S	http://www.owl-ontologies.com/Ontology1201106854.owl#WebPage	http://www.owl-ontologies.com/Ontology1201106854.owl#InformationRealization
S	http://www.owl-ontologies.com/Ontology1201106854.owl#Windows	http://www.owl-ontologies.com/Ontology1201106854.owl#Abstract
S	http://www.owl-ontologies.com/Ontology1201106854.owl#Windows	http://www.owl-ontologies.com/Ontology1201106854.owl#ComputerSoftware
S	http://www.owl-ontologies.com/Ontology1201106854.owl#Windows	http://www.owl-ontologies.com/Ontology1201106854.owl#DigitalObject
S	http://www.owl-ontologies.com/Ontology1201106854.owl#Windows	http://www.owl-ontologies.com/Ontology1201106854.owl#Entity
S	http://www.owl-ontologies.com/Ontology1201106854.owl#Windows	http://www.owl-ontologies.com/Ontology1201106854.owl#OperatingSystem
S	http://www.owl-ontologies.com/Ontology1201106854.owl#Windows	http://www.owl-ontologies.com/Ontology1201106854.owl#SystemSoftware
S	http://www.owl-ontologies.com/Ontology1201106854.owl#Windows	http://www.owl-ontologies.com/Ontology1201106854.owl#Workstation
S	http://www.owl-ontologies.com/Ontology1201106854.owl#Windows2000	http://www.owl-ontologies.com/Ontology1201106854.owl#Abstract
S	http://www.owl-ontologies.com/Ontology1201106854.owl#Windows2000	http://www.owl-ontologies.com/Ontology1201106854.owl#ComputerSoftware
S	http://www.owl-ontologies.com/Ontology1201106854.owl#Windows2000	http://www.owl-ontologies.com/Ontology1201106854.owl#DigitalObject
S	http://www.owl-ontologies.com/Ontology1201106854.owl#Windows2000	http://www.owl-ontologies.com/Ontology1201106854.owl#Entity
S	http://www.owl-ontologies.com/Ontology1201106854.owl#Windows2000	http://www.owl-ontologies.com/Ontology1201106854.owl#OperatingSystem
S	http://www.owl-ontologies.com/Ontology1201106854.owl#Windows2000	http://www.owl-ontologies.com/Ontology1201106854.owl#Server
S	http://www.owl-ontologies.com/Ontology1201106854.owl#Windows2000	http://www.owl-ontologies.com/Ontology1201106854.owl#SystemSoftware
S	http://www.owl-ontologies.com/Ontology1201106854.owl#Windows2000AdvancedServer	http://www.owl-ontologies.com/Ontology1201106854.owl#Abstract
S	http://www.owl-ontologies.com/Ontology1201106854.owl#Windows2000AdvancedServer	http://www.owl-ontologies.com/Ontology1201106854.owl#ComputerSoftware
S	http://www.owl-ontologies.com/Ontology1201106854.owl#Windows2000AdvancedServer	http://www.owl-ontologies.com/Ontology1201106854.owl#DigitalObject
S	http://www.owl-ontologies.com/Ontology1201106854.owl#Windows2000AdvancedServer	http://www.owl-ontologies.com/Ontology1201106854.owl#Entity
S	http://www.owl-ontologies.com/Ontology1201106854.owl#Windows2000AdvancedServer	http://www.owl-ontologies.com/Ontology1201106854.owl#OperatingSystem
S	http://www.owl-ontologies.com/Ontology1201106854.owl#Windows2000AdvancedServer	http://www.owl-ontologies.com/Ontology1201106854.owl#Server
S	http://www.owl-ontologies.com/Ontology1201106854.owl#Windows2000AdvancedServer	http://www.owl-ontologies.com/Ontology1201106854.owl#SystemSoftware
S	http://www.owl-ontologies.com/Ontology1201106854.owl#Windows2000AdvancedServer	http://www.owl-ontologies.com/Ontology1201106854.owl#Windows2000
S	http://www.owl-ontologies.com/Ontology1201106854.owl#Windows2000DatacenterServer	http://www.owl-ontologies.com/Ontology1201106854.owl#Abstract
S	http://www.owl-ontologies.com/Ontology1201106854.owl#Windows2000DatacenterServer	http://www.owl-ontologies.com/Ontology1201106854.owl#ComputerSoftware
S	http://www.owl-ontologies.com/Ontology1201106854.owl#Windows2000DatacenterServer	http://www.owl-ontologies.com/Ontology1201106854.owl#DigitalObject
S	http://www.owl-ontologies.com/Ontology1201106854.owl#Windows2000DatacenterServer	http://www.owl-ontologies.com/Ontology1201106854.owl#Entity
S	http://www.owl-ontologies.com/Ontology1201106854.owl#Windows2000DatacenterServer	http://www.owl-ontologies.com/Ontology1201106854.owl#OperatingSystem
S	http://www.owl-ontologies.com/Ontology1201106854.owl#Windows2000DatacenterServer	http://www.owl-ontologies.com/Ontology1201106854.owl#Server
S	http://www.owl-ontologies.com/Ontology1201106854.owl#Windows2000DatacenterServer	http://www.owl-ontologies.com/Ontology1201106854.owl#SystemSoftware
S	http://www.owl-ontologies.com/Ontology1201106854.owl#Windows2000DatacenterServer	http://www.owl-ontologies.com/Ontology1201106854.owl#Windows2000
S	http://www.owl-ontologies.com/Ontology1201106854.owl#Windows2000ProfessionalEdition	http://www.owl-ontologies.com/Ontology1201106854.owl#Abstract
S	http://www.owl-ontologies.com/Ontology1201106854.owl#Windows2000ProfessionalEdition	http://www.owl-ontologies.com/Ontology1201106854.owl#ComputerSoftware
S	http://www.owl-ontologies.com/Ontology1201106854.owl#Windows2000ProfessionalEdition	http://www.owl-ontologies.com/Ontology1201106854.owl#DigitalObject
S	http://www.owl-ontologies.com/Ontology1201106854.owl#Windows2000ProfessionalEdition	http://www.owl-ontologies.com/Ontology1201106854.owl#Entity
S	http://www.owl-ontologies.com/Ontology1201106854.owl#Windows2000ProfessionalEdition	http://www.owl-ontologies.com/Ontology1201106854.owl#OperatingSystem
S	http://www.owl-ontologies.com/Ontology1201106854.owl#Windows2000ProfessionalEdition	http://www.owl-ontologies.com/Ontology1201106854.owl#Server
S	http://www.owl-ontologies.com/Ontology1201106854.owl#Windows2000ProfessionalEdition	http://www.owl-ontologies.com/Ontology1201106854.owl#SystemSoftware
S	http://www.owl-ontologies.com/Ontology1201106854.owl#Windows2000ProfessionalEdition	http://www.owl-ontologies.com/Ontology1201106854.owl#Windows2000
S	http://www.owl-ontologies.com/Ontology1201106854.owl#Windows2000Server	http://www.owl-ontologies.com/Ontology1201106854.owl#Abstract
S	http://www.owl-ontologies.com/Ontology1201106854.owl#Windows2000Server	http://www.owl-ontologies.com/Ontology1201106854.owl#ComputerSoftware
S	http://www.owl-ontologies.com/Ontology1201106854.owl#Windows2000Server	http://www.owl-ontologies.com/Ontology1201106854.owl#DigitalObject
S	http://www.owl-ontologies.com/Ontology1201106854.owl#Windows2000Server	http://www.owl-ontologies.com/Ontology1201106854.owl#Entity
S	http://www.owl-ontologies.com/Ontology1201106854.owl#Windows2000Server	http://www.owl-ontologies.com/Ontology1201106854.owl#OperatingSystem
S	http://www.owl-ontologies.com/Ontology1201106854.owl#Windows2000Server	http://www.owl-ontologies.com/Ontology1201106854.owl#Server
S	http://www.owl-ontologies.com/Ontology1201106854.owl#Windows2000Server	http://www.owl-ontologies.com/Ontology1201106854.owl#SystemSoftware
S	http://www.owl-ontologies.com/Ontology1201106854.owl#Windows2000Server	http://www.owl-ontologies.com/Ontology1201106854.owl#Windows2000
S	http://www.owl-ontologies.com/Ontology1201106854.owl#WindowsControlPanel	http://www.owl-ontologies.com/Ontology1201106854.owl#Abstract
S	http://www.owl-ontologies.com/Ontology1201106854.owl#WindowsControlPanel	http://www.owl-ontologies.com/Ontology1201106854.owl#ComputerSoftware
S	http://www.owl-ontologies.com/Ontology1201106854.owl#WindowsControlPanel	http://www.owl-ontologies.com/Ontology1201106854.owl#DigitalObject
S	http://www.owl-ontologies.com/Ontology1201106854.owl#WindowsControlPanel	http://www.owl-ontologies.com/Ontology1201106854.owl#Entity
S	http://www.owl-ontologies.com/Ontology1201106854.owl#WindowsControlPanel	http://www.owl-ontologies.com/Ontology1201106854.owl#SystemSoftware
S	http://www.owl-ontologies.com/Ontology1201106854.owl#WindowsControlPanel	http://www.owl-ontologies.com/Ontology1201106854.owl#Tool
S	http://www.owl-ontologies.com/Ontology1201106854.owl#WindowsExplorer	http://www.owl-ontologies.com/Ontology1201106854.owl#Abstract
S	http://www.owl-ontologies.com/Ontology1201106854.owl#WindowsExplorer	http://www.owl-ontologies.com/Ontology1201106854.owl#ApplicationSoftware
S	http://www.owl-ontologies.com/Ontology1201106854.owl#WindowsExplorer	http://www.owl-ontologies.com/Ontology1201106854.owl#ComputerSoftware
S	http://www.owl-ontologies.com/Ontology1201106854.owl#WindowsExplorer	http://www.owl-ontologies.com/Ontology1201106854.owl#DigitalObject
S	http://www.owl-ontologies.com/Ontology1201106854.owl#WindowsExplorer	http://www.owl-ontologies.com/Ontology1201106854.owl#Entity
S	http://www.owl-ontologies.com/Ontology1201106854.owl#WindowsExplorer	http://www.owl-ontologies.com/Ontology1201106854.owl#FileExplorer
S	http://www.owl-ontologies.com/Ontology1201106854.owl#WindowsMillenium	http://www.owl-ontologies.com/Ontology1201106854.owl#Abstract
S	http://www.owl-ontologies.com/Ontology1201106854.owl#WindowsMillenium	http://www.owl-ontologies.com/Ontology1201106854.owl#ComputerSoftware
S	http://www.owl-ontologies.com/Ontology1201106854.owl#WindowsMillenium	http://www.owl-ontologies.com/Ontology1201106854.owl#DigitalObject
S	http://www.owl-ontologies.com/Ontology1201106854.owl#WindowsMillenium	http://www.owl-ontologies.com/Ontology1201106854.owl#Entity
S	http://www.owl-ontologies.com/Ontology1201106854.owl#WindowsMillenium	http://www.owl-ontologies.com/Ontology1201106854.owl#OperatingSystem
S	http://www.owl-ontologies.com/Ontology1201106854.owl#WindowsMillenium	http://www.owl-ontologies.com/Ontology1201106854.owl#SystemSoftware
S	http://www.owl-ontologies.com/Ontology1201106854.owl#WindowsMillenium	http://www.owl-ontologies.com/Ontology1201106854.owl#Windows
S	http://www.owl-ontologies.com/Ontology1201106854.owl#WindowsMillenium	http://www.owl-ontologies.com/Ontology1201106854.owl#Workstation
S	http://www.owl-ontologies.com/Ontology1201106854.owl#WindowsNT	http://www.owl-ontologies.com/Ontology1201106854.owl#Abstract
S	http://www.owl-ontologies.com/Ontology1201106854.owl#WindowsNT	http://www.owl-ontologies.com/Ontology1201106854.owl#ComputerSoftware
S	http://www.owl-ontologies.com/Ontology1201106854.owl#WindowsNT	http://www.owl-ontologies.com/Ontology1201106854.owl#DigitalObject
S	http://www.owl-ontologies.com/Ontology1201106854.owl#WindowsNT	http://www.owl-ontologies.com/Ontology1201106854.owl#Entity
S	http://www.owl-ontologies.com/Ontology1201106854.owl#WindowsNT	http://www.owl-ontologies.com/Ontology1201106854.owl#OperatingSystem
S	http://www.owl-ontologies.com/Ontology1201106854.owl#WindowsNT	http://www.owl-ontologies.com/Ontology1201106854.owl#Server
S	http://www.owl-ontologies.com/Ontology1201106854.owl#WindowsNT	http://www.owl-ontologies.com/Ontology1201106854.owl#SystemSoftware
S	http://www.owl-ontologies.com/Ontology1201106854.owl#WindowsNTServer4.0StandardEdition	http://www.owl-ontologies.com/Ontology1201106854.owl#Abstract
S	http://www.owl-ontologies.com/Ontology1201106854.owl#WindowsNTServer4.0StandardEdition	http://www.owl-ontologies.com/Ontology1201106854.owl#ComputerSoftware
S	http://www.owl-ontologies.com/Ontology1201106854.owl#WindowsNTServer4.0StandardEdition	http://www.owl-ontologies.com/Ontology1201106854.owl#DigitalObject
S	http://www.owl-ontologies.com/Ontology1201106854.owl#WindowsNTServer4.0StandardEdition	http://www.owl-ontologies.com/Ontology1201106854.owl#Entity
S	http://www.owl-ontologies.com/Ontology1201106854.owl#WindowsNTServer4.0StandardEdition	http://www.owl-ontologies.com/Ontology1201106854.owl#OperatingSystem
S	http://www.owl-ontologies.com/Ontology1201106854.owl#WindowsNTServer4.0StandardEdition	http://www.owl-ontologies.com/Ontology1201106854.owl#Server
S	http://www.owl-ontologies.com/Ontology1201106854.owl#WindowsNTServer4.0StandardEdition	http://www.owl-ontologies.com/Ontology1201106854.owl#SystemSoftware
S	http://www.owl-ontologies.com/Ontology1201106854.owl#WindowsNTServer4.0StandardEdition	http://www.owl-ontologies.com/Ontology1201106854.owl#WindowsNT
S	http://www.owl-ontologies.com/Ontology1201106854.owl#WindowsNTWorkstation4.0DeveloperEdition	http://www.owl-ontologies.com/Ontology1201106854.owl#Abstract
S	http://www.owl-ontologies.com/Ontology1201106854.owl#WindowsNTWorkstation4.0DeveloperEdition	http://www.owl-ontologies.com/Ontology1201106854.owl#ComputerSoftware
S	http://www.owl-ontologies.com/Ontology1201106854.owl#WindowsNTWorkstation4.0DeveloperEdition	http://www.owl-ontologies.com/Ontology1201106854.owl#DigitalObject
S	http://www.owl-ontologies.com/Ontology1201106854.owl#WindowsNTWorkstation4.0DeveloperEdition	http://www.owl-ontologies.com/Ontology1201106854.owl#Entity
S	http://www.owl-ontologies.com/Ontology1201106854.owl#WindowsNTWorkstation4.0DeveloperEdition	http://www.owl-ontologies.com/Ontology1201106854.owl#OperatingSystem
S	http://www.owl-ontologies.com/Ontology1201106854.owl#WindowsNTWorkstation4.0DeveloperEdition	http://www.owl-ontologies.com/Ontology1201106854.owl#Server
S	http://www.owl-ontologies.com/Ontology1201106854.owl#WindowsNTWorkstation4.0DeveloperEdition	http://www.owl-ontologies.com/Ontology1201106854.owl#SystemSoftware
S	http://www.owl-ontologies.com/Ontology1201106854.owl#WindowsNTWorkstation4.0DeveloperEdition	http://www.owl-ontologies.com/Ontology1201106854.owl#WindowsNT
S	http://www.owl-ontologies.com/Ontology1201106854.owl#WindowsRegistry	http://www.owl-ontologies.com/Ontology1201106854.owl#Abstract
S	http://www.owl-ontologies.com/Ontology1201106854.owl#WindowsRegistry	http://www.owl-ontologies.com/Ontology1201106854.owl#ComputerSoftware
S	http://www.owl-ontologies.com/Ontology1201106854.owl#WindowsRegistry	http://www.owl-ontologies.com/Ontology1201106854.owl#DigitalObject
S	http://www.owl-ontologies.com/Ontology1201106854.owl#WindowsRegistry	http://www.owl-ontologies.com/Ontology1201106854.owl#Entity
S	http://www.owl-ontologies.com/Ontology1201106854.owl#WindowsRegistry	http://www.owl-ontologies.com/Ontology1201106854.owl#SystemSoftware
S	http://www.owl-ontologies.com/Ontology1201106854.owl#WindowsServer2003	http://www.owl-ontologies.com/Ontology1201106854.owl#Abstract
S	http://www.owl-ontologies.com/Ontology1201106854.owl#WindowsServer2003	http://www.owl-ontologies.com/Ontology1201106854.owl#ComputerSoftware
S	http://www.owl-ontologies.com/Ontology1201106854.owl#WindowsServer2003	http://www.owl-ontologies.com/Ontology1201106854.owl#DigitalObject
S	http://www.owl-ontologies.com/Ontology1201106854.owl#WindowsServer2003	http://www.owl-ontologies.com/Ontology1201106854.owl#Entity
S	http://www.owl-ontologies.com/Ontology1201106854.owl#WindowsServer2003	http://www.owl-ontologies.com/Ontology1201106854.owl#OperatingSystem
S	http://www.owl-ontologies.com/Ontology1201106854.owl#WindowsServer2003	http://www.owl-ontologies.com/Ontology1201106854.owl#Server
S	http://www.owl-ontologies.com/Ontology1201106854.owl#WindowsServer2003	http://www.owl-ontologies.com/Ontology1201106854.owl#SystemSoftware
S	http://www.owl-ontologies.com/Ontology1201106854.owl#WindowsServer2003DatacenterEdition	http://www.owl-ontologies.com/Ontology1201106854.owl#Abstract
S	http://www.owl-ontologies.com/Ontology1201106854.owl#WindowsServer2003DatacenterEdition	http://www.owl-ontologies.com/Ontology1201106854.owl#ComputerSoftware
S	http://www.owl-ontologies.com/Ontology1201106854.owl#WindowsServer2003DatacenterEdition	http://www.owl-ontologies.com/Ontology1201106854.owl#DigitalObject
S	http://www.owl-ontologies.com/Ontology1201106854.owl#WindowsServer2003DatacenterEdition	http://www.owl-ontologies.com/Ontology1201106854.owl#Entity
S	http://www.owl-ontologies.com/Ontology1201106854.owl#WindowsServer2003DatacenterEdition	http://www.owl-ontologies.com/Ontology1201106854.owl#OperatingSystem
S	http://www.owl-ontologies.com/Ontology1201106854.owl#WindowsServer2003DatacenterEdition	http://www.owl-ontologies.com/Ontology1201106854.owl#Server
S	http://www.owl-ontologies.com/Ontology1201106854.owl#WindowsServer2003DatacenterEdition	http://www.owl-ontologies.com/Ontology1201106854.owl#SystemSoftware
S	http://www.owl-ontologies.com/Ontology1201106854.owl#WindowsServer2003DatacenterEdition	http://www.owl-ontologies.com/Ontology1201106854.owl#WindowsServer2003
S	http://www.owl-ontologies.com/Ontology1201106854.owl#WindowsServer2003EnterpriseEdition	http://www.owl-ontologies.com/Ontology1201106854.owl#Abstract
S	http://www.owl-ontologies.com/Ontology1201106854.owl#WindowsServer2003EnterpriseEdition	http://www.owl-ontologies.com/Ontology1201106854.owl#ComputerSoftware
S	http://www.owl-ontologies.com/Ontology1201106854.owl#WindowsServer2003EnterpriseEdition	http://www.owl-ontologies.com/Ontology1201106854.owl#DigitalObject
S	http://www.owl-ontologies.com/Ontology1201106854.owl#WindowsServer2003EnterpriseEdition	http://www.owl-ontologies.com/Ontology1201106854.owl#Entity
S	http://www.owl-ontologies.com/Ontology1201106854.owl#WindowsServer2003EnterpriseEdition	http://www.owl-ontologies.com/Ontology1201106854.owl#OperatingSystem
S	http://www.owl-ontologies.com/Ontology1201106854.owl#WindowsServer2003EnterpriseEdition	http://www.owl-ontologies.com/Ontology1201106854.owl#Server
S	http://www.owl-ontologies.com/Ontology1201106854.owl#WindowsServer2003EnterpriseEdition	http://www.owl-ontologies.com/Ontology1201106854.owl#SystemSoftware
S	http://www.owl-ontologies.com/Ontology1201106854.owl#WindowsServer2003EnterpriseEdition	http://www.owl-ontologies.com/Ontology1201106854.owl#WindowsServer2003
S	http://www.owl-ontologies.com/Ontology1201106854.owl#WindowsServer2003EnterpriseX64Edition	http://www.owl-ontologies.com/Ontology1201106854.owl#Abstract
S	http://www.owl-ontologies.com/Ontology1201106854.owl#WindowsServer2003EnterpriseX64Edition	http://www.owl-ontologies.com/Ontology1201106854.owl#ComputerSoftware
S	http://www.owl-ontologies.com/Ontology1201106854.owl#WindowsServer2003EnterpriseX64Edition	http://www.owl-ontologies.com/Ontology1201106854.owl#DigitalObject
S	http://www.owl-ontologies.com/Ontology1201106854.owl#WindowsServer2003EnterpriseX64Edition	http://www.owl-ontologies.com/Ontology1201106854.owl#Entity
S	http://www.owl-ontologies.com/Ontology1201106854.owl#WindowsServer2003EnterpriseX64Edition	http://www.owl-ontologies.com/Ontology1201106854.owl#OperatingSystem
S	http://www.owl-ontologies.com/Ontology1201106854.owl#WindowsServer2003EnterpriseX64Edition	http://www.owl-ontologies.com/Ontology1201106854.owl#Server
S	http://www.owl-ontologies.com/Ontology1201106854.owl#WindowsServer2003EnterpriseX64Edition	http://www.owl-ontologies.com/Ontology1201106854.owl#SystemSoftware
S	http://www.owl-ontologies.com/Ontology1201106854.owl#WindowsServer2003EnterpriseX64Edition	http://www.owl-ontologies.com/Ontology1201106854.owl#WindowsServer2003
S	http://www.owl-ontologies.com/Ontology1201106854.owl#WindowsServer2003StandardEdition	http://www.owl-ontologies.com/Ontology1201106854.owl#Abstract
S	http://www.owl-ontologies.com/Ontology1201106854.owl#WindowsServer2003StandardEdition	http://www.owl-ontologies.com/Ontology1201106854.owl#ComputerSoftware
S	http://www.owl-ontologies.com/Ontology1201106854.owl#WindowsServer2003StandardEdition	http://www.owl-ontologies.com/Ontology1201106854.owl#DigitalObject
S	http://www.owl-ontologies.com/Ontology1201106854.owl#WindowsServer2003StandardEdition	http://www.owl-ontologies.com/Ontology1201106854.owl#Entity
S	http://www.owl-ontologies.com/Ontology1201106854.owl#WindowsServer2003StandardEdition	http://www.owl-ontologies.com/Ontology1201106854.owl#OperatingSystem
S	http://www.owl-ontologies.com/Ontology1201106854.owl#WindowsServer2003StandardEdition	http://www.owl-ontologies.com/Ontology1201106854.owl#Server
S	http://www.owl-ontologies.com/Ontology1201106854.owl#WindowsServer2003StandardEdition	http://www.owl-ontologies.com/Ontology1201106854.owl#SystemSoftware
S	http://www.owl-ontologies.com/Ontology1201106854.owl#WindowsServer2003StandardEdition	http://www.owl-ontologies.com/Ontology1201106854.owl#WindowsServer2003
S	http://www.owl-ontologies.com/Ontology1201106854.owl#WindowsServer2003WebEdition	http://www.owl-ontologies.com/Ontology1201106854.owl#Abstract
S	http://www.owl-ontologies.com/Ontology1201106854.owl#WindowsServer2003WebEdition	http://www.owl-ontologies.com/Ontology1201106854.owl#ComputerSoftware
S	http://www.owl-ontologies.com/Ontology1201106854.owl#WindowsServer2003WebEdition	http://www.owl-ontologies.com/Ontology1201106854.owl#DigitalObject
S	http://www.owl-ontologies.com/Ontology1201106854.owl#WindowsServer2003WebEdition	http://www.owl-ontologies.com/Ontology1201106854.owl#Entity
S	http://www.owl-ontologies.com/Ontology1201106854.owl#WindowsServer2003WebEdition	http://www.owl-ontologies.com/Ontology1201106854.owl#OperatingSystem
S	http://www.owl-ontologies.com/Ontology1201106854.owl#WindowsServer2003WebEdition	http://www.owl-ontologies.com/Ontology1201106854.owl#Server
S	http://www.owl-ontologies.com/Ontology1201106854.owl#WindowsServer2003WebEdition	http://www.owl-ontologies.com/Ontology1201106854.owl#SystemSoftware
S	http://www.owl-ontologies.com/Ontology1201106854.owl#WindowsServer2003WebEdition	http://www.owl-ontologies.com/Ontology1201106854.owl#WindowsServer2003
S	http://www.owl-ontologies.com/Ontology1201106854.owl#WindowsServer2003_64BitDatacenterEdition	http://www.owl-ontologies.com/Ontology1201106854.owl#Abstract
S	http://www.owl-ontologies.com/Ontology1201106854.owl#WindowsServer2003_64BitDatacenterEdition	http://www.owl-ontologies.com/Ontology1201106854.owl#ComputerSoftware
S	http://www.owl-ontologies.com/Ontology1201106854.owl#WindowsServer2003_64BitDatacenterEdition	http://www.owl-ontologies.com/Ontology1201106854.owl#DigitalObject
S	http://www.owl-ontologies.com/Ontology1201106854.owl#WindowsServer2003_64BitDatacenterEdition	http://www.owl-ontologies.com/Ontology1201106854.owl#Entity
S	http://www.owl-ontologies.com/Ontology1201106854.owl#WindowsServer2003_64BitDatacenterEdition	http://www.owl-ontologies.com/Ontology1201106854.owl#OperatingSystem
S	http://www.owl-ontologies.com/Ontology1201106854.owl#WindowsServer2003_64BitDatacenterEdition	http://www.owl-ontologies.com/Ontology1201106854.owl#Server
S	http://www.owl-ontologies.com/Ontology1201106854.owl#WindowsServer2003_64BitDatacenterEdition	http://www.owl-ontologies.com/Ontology1201106854.owl#SystemSoftware
S	http://www.owl-ontologies.com/Ontology1201106854.owl#WindowsServer2003_64BitDatacenterEdition	http://www.owl-ontologies.com/Ontology1201106854.owl#WindowsServer2003
S	http://www.owl-ontologies.com/Ontology1201106854.owl#WindowsStandardFont	http://www.owl-ontologies.com/Ontology1201106854.owl#Abstract
S	http://www.owl-ontologies.com/Ontology1201106854.owl#WindowsStandardFont	http://www.owl-ontologies.com/Ontology1201106854.owl#ComputerFont
S	http://www.owl-ontologies.com/Ontology1201106854.owl#WindowsStandardFont	http://www.owl-ontologies.com/Ontology1201106854.owl#ComputerSoftware
S	http://www.owl-ontologies.com/Ontology1201106854.owl#WindowsStandardFont	http://www.owl-ontologies.com/Ontology1201106854.owl#DigitalObject
S	http://www.owl-ontologies.com/Ontology1201106854.owl#WindowsStandardFont	http://www.owl-ontologies.com/Ontology1201106854.owl#Entity
S	http://www.owl-ontologies.com/Ontology1201106854.owl#WindowsStandardFont	http://www.owl-ontologies.com/Ontology1201106854.owl#SystemSoftware
S	http://www.owl-ontologies.com/Ontology1201106854.owl#WindowsStartButton	http://www.owl-ontologies.com/Ontology1201106854.owl#Abstract
S	http://www.owl-ontologies.com/Ontology1201106854.owl#WindowsStartButton	http://www.owl-ontologies.com/Ontology1201106854.owl#Button
S	http://www.owl-ontologies.com/Ontology1201106854.owl#WindowsStartButton	http://www.owl-ontologies.com/Ontology1201106854.owl#ComputerSoftwareComponent
S	http://www.owl-ontologies.com/Ontology1201106854.owl#WindowsStartButton	http://www.owl-ontologies.com/Ontology1201106854.owl#DigitalObject
S	http://www.owl-ontologies.com/Ontology1201106854.owl#WindowsStartButton	http://www.owl-ontologies.com/Ontology1201106854.owl#Entity
S	http://www.owl-ontologies.com/Ontology1201106854.owl#WindowsUpdate	http://www.owl-ontologies.com/Ontology1201106854.owl#Abstract
S	http://www.owl-ontologies.com/Ontology1201106854.owl#WindowsUpdate	http://www.owl-ontologies.com/Ontology1201106854.owl#ComputerSoftware
S	http://www.owl-ontologies.com/Ontology1201106854.owl#WindowsUpdate	http://www.owl-ontologies.com/Ontology1201106854.owl#DigitalObject
S	http://www.owl-ontologies.com/Ontology1201106854.owl#WindowsUpdate	http://www.owl-ontologies.com/Ontology1201106854.owl#Entity
S	http://www.owl-ontologies.com/Ontology1201106854.owl#WindowsUpdate	http://www.owl-ontologies.com/Ontology1201106854.owl#OperatingSystemUpdate
S	http://www.owl-ontologies.com/Ontology1201106854.owl#WindowsUpdate	http://www.owl-ontologies.com/Ontology1201106854.owl#SystemSoftwareUpdate
S	http://www.owl-ontologies.com/Ontology1201106854.owl#WindowsUpdate	http://www.owl-ontologies.com/Ontology1201106854.owl#UpdateSoftware
S	http://www.owl-ontologies.com/Ontology1201106854.owl#WindowsVista	http://www.owl-ontologies.com/Ontology1201106854.owl#Abstract
S	http://www.owl-ontologies.com/Ontology1201106854.owl#WindowsVista	http://www.owl-ontologies.com/Ontology1201106854.owl#ComputerSoftware
S	http://www.owl-ontologies.com/Ontology1201106854.owl#WindowsVista	http://www.owl-ontologies.com/Ontology1201106854.owl#DigitalObject
S	http://www.owl-ontologies.com/Ontology1201106854.owl#WindowsVista	http://www.owl-ontologies.com/Ontology1201106854.owl#Entity
S	http://www.owl-ontologies.com/Ontology1201106854.owl#WindowsVista	http://www.owl-ontologies.com/Ontology1201106854.owl#OperatingSystem
S	http://www.owl-ontologies.com/Ontology1201106854.owl#WindowsVista	http://www.owl-ontologies.com/Ontology1201106854.owl#SystemSoftware
S	http://www.owl-ontologies.com/Ontology1201106854.owl#WindowsVista	http://www.owl-ontologies.com/Ontology1201106854.owl#Windows
S	http://www.owl-ontologies.com/Ontology1201106854.owl#WindowsVista	http://www.owl-ontologies.com/Ontology1201106854.owl#Workstation
S	http://www.owl-ontologies.com/Ontology1201106854.owl#WindowsXP	http://www.owl-ontologies.com/Ontology1201106854.owl#Abstract
S	http://www.owl-ontologies.com/Ontology1201106854.owl#WindowsXP	http://www.owl-ontologies.com/Ontology1201106854.owl#ComputerSoftware
S	http://www.owl-ontologies.com/Ontology1201106854.owl#WindowsXP	http://www.owl-ontologies.com/Ontology1201106854.owl#DigitalObject
S	http://www.owl-ontologies.com/Ontology1201106854.owl#WindowsXP	http://www.owl-ontologies.com/Ontology1201106854.owl#Entity
S	http://www.owl-ontologies.com/Ontology1201106854.owl#WindowsXP	http://www.owl-ontologies.com/Ontology1201106854.owl#OperatingSystem
S	http://www.owl-ontologies.com/Ontology1201106854.owl#WindowsXP	http://www.owl-ontologies.com/Ontology1201106854.owl#SystemSoftware
S	http://www.owl-ontologies.com/Ontology1201106854.owl#WindowsXP	http://www.owl-ontologies.com/Ontology1201106854.owl#Windows
S	http://www.owl-ontologies.com/Ontology1201106854.owl#WindowsXP	http://www.owl-ontologies.com/Ontology1201106854.owl#Workstation
S	http://www.owl-ontologies.com/Ontology1201106854.owl#WindowsXPHomeEdition	http://www.owl-ontologies.com/Ontology1201106854.owl#Abstract
S	http://www.owl-ontologies.com/Ontology1201106854.owl#WindowsXPHomeEdition	http://www.owl-ontologies.com/Ontology1201106854.owl#ComputerSoftware
S	http://www.owl-ontologies.com/Ontology1201106854.owl#WindowsXPHomeEdition	http://www.owl-ontologies.com/Ontology1201106854.owl#DigitalObject
S	http://www.owl-ontologies.com/Ontology1201106854.owl#WindowsXPHomeEdition	http://www.owl-ontologies.com/Ontology1201106854.owl#Entity
S	http://www.owl-ontologies.com/Ontology1201106854.owl#WindowsXPHomeEdition	http://www.owl-ontologies.com/Ontology1201106854.owl#OperatingSystem
S	http://www.owl-ontologies.com/Ontology1201106854.owl#WindowsXPHomeEdition	http://www.owl-ontologies.com/Ontology1201106854.owl#SystemSoftware
S	http://www.owl-ontologies.com/Ontology1201106854.owl#WindowsXPHomeEdition	http://www.owl-ontologies.com/Ontology1201106854.owl#Windows
S	http://www.owl-ontologies.com/Ontology1201106854.owl#WindowsXPHomeEdition	http://www.owl-ontologies.com/Ontology1201106854.owl#WindowsXP
S	http://www.owl-ontologies.com/Ontology1201106854.owl#WindowsXPHomeEdition	http://www.owl-ontologies.com/Ontology1201106854.owl#Workstation
S	http://www.owl-ontologies.com/Ontology1201106854.owl#WindowsXPMediaCenterEdition2002	http://www.owl-ontologies.com/Ontology1201106854.owl#Abstract
S	http://www.owl-ontologies.com/Ontology1201106854.owl#WindowsXPMediaCenterEdition2002	http://www.owl-ontologies.com/Ontology1201106854.owl#ComputerSoftware
S	http://www.owl-ontologies.com/Ontology1201106854.owl#WindowsXPMediaCenterEdition2002	http://www.owl-ontologies.com/Ontology1201106854.owl#DigitalObject
S	http://www.owl-ontologies.com/Ontology1201106854.owl#WindowsXPMediaCenterEdition2002	http://www.owl-ontologies.com/Ontology1201106854.owl#Entity
S	http://www.owl-ontologies.com/Ontology1201106854.owl#WindowsXPMediaCenterEdition2002	http://www.owl-ontologies.com/Ontology1201106854.owl#OperatingSystem
S	http://www.owl-ontologies.com/Ontology1201106854.owl#WindowsXPMediaCenterEdition2002	http://www.owl-ontologies.com/Ontology1201106854.owl#SystemSoftware
S	http://www.owl-ontologies.com/Ontology1201106854.owl#WindowsXPMediaCenterEdition2002	http://www.owl-ontologies.com/Ontology1201106854.owl#Windows
S	http://www.owl-ontologies.com/Ontology1201106854.owl#WindowsXPMediaCenterEdition2002	http://www.owl-ontologies.com/Ontology1201106854.owl#WindowsXP
S	http://www.owl-ontologies.com/Ontology1201106854.owl#WindowsXPMediaCenterEdition2002	http://www.owl-ontologies.com/Ontology1201106854.owl#Workstation
S	http://www.owl-ontologies.com/Ontology1201106854.owl#WindowsXPProfessional	http://www.owl-ontologies.com/Ontology1201106854.owl#Abstract
S	http://www.owl-ontologies.com/Ontology1201106854.owl#WindowsXPProfessional	http://www.owl-ontologies.com/Ontology1201106854.owl#ComputerSoftware
S	http://www.owl-ontologies.com/Ontology1201106854.owl#WindowsXPProfessional	http://www.owl-ontologies.com/Ontology1201106854.owl#DigitalObject
S	http://www.owl-ontologies.com/Ontology1201106854.owl#WindowsXPProfessional	http://www.owl-ontologies.com/Ontology1201106854.owl#Entity
S	http://www.owl-ontologies.com/Ontology1201106854.owl#WindowsXPProfessional	http://www.owl-ontologies.com/Ontology1201106854.owl#OperatingSystem
S	http://www.owl-ontologies.com/Ontology1201106854.owl#WindowsXPProfessional	http://www.owl-ontologies.com/Ontology1201106854.owl#SystemSoftware
S	http://www.owl-ontologies.com/Ontology1201106854.owl#WindowsXPProfessional	http://www.owl-ontologies.com/Ontology1201106854.owl#Windows
S	http://www.owl-ontologies.com/Ontology1201106854.owl#WindowsXPProfessional	http://www.owl-ontologies.com/Ontology1201106854.owl#WindowsXP
S	http://www.owl-ontologies.com/Ontology1201106854.owl#WindowsXPProfessional	http://www.owl-ontologies.com/Ontology1201106854.owl#Workstation
S	http://www.owl-ontologies.com/Ontology1201106854.owl#WindowsXPProfessionalForItaniumBasedSystems	http://www.owl-ontologies.com/Ontology1201106854.owl#Abstract
S	http://www.owl-ontologies.com/Ontology1201106854.owl#WindowsXPProfessionalForItaniumBasedSystems	http://www.owl-ontologies.com/Ontology1201106854.owl#ComputerSoftware
S	http://www.owl-ontologies.com/Ontology1201106854.owl#WindowsXPProfessionalForItaniumBasedSystems	http://www.owl-ontologies.com/Ontology1201106854.owl#DigitalObject
S	http://www.owl-ontologies.com/Ontology1201106854.owl#WindowsXPProfessionalForItaniumBasedSystems	http://www.owl-ontologies.com/Ontology1201106854.owl#Entity
S	http://www.owl-ontologies.com/Ontology1201106854.owl#WindowsXPProfessionalForItaniumBasedSystems	http://www.owl-ontologies.com/Ontology1201106854.owl#OperatingSystem
S	http://www.owl-ontologies.com/Ontology1201106854.owl#WindowsXPProfessionalForItaniumBasedSystems	http://www.owl-ontologies.com/Ontology1201106854.owl#SystemSoftware
S	http://www.owl-ontologies.com/Ontology1201106854.owl#WindowsXPProfessionalForItaniumBasedSystems	http://www.owl-ontologies.com/Ontology1201106854.owl#Windows
S	http://www.owl-ontologies.com/Ontology1201106854.owl#WindowsXPProfessionalForItaniumBasedSystems	http://www.owl-ontologies.com/Ontology1201106854.owl#WindowsXP
S	http://www.owl-ontologies.com/Ontology1201106854.owl#WindowsXPProfessionalForItaniumBasedSystems	http://www.owl-ontologies.com/Ontology1201106854.owl#Workstation
S	http://www.owl-ontologies.com/Ontology1201106854.owl#WindowsXPServicePack1	http://www.owl-ontologies.com/Ontology1201106854.owl#Abstract
S	http://www.owl-ontologies.com/Ontology1201106854.owl#WindowsXPServicePack1	http://www.owl-ontologies.com/Ontology1201106854.owl#ComputerSoftware
S	http://www.owl-ontologies.com/Ontology1201106854.owl#WindowsXPServicePack1	http://www.owl-ontologies.com/Ontology1201106854.owl#DigitalObject
S	http://www.owl-ontologies.com/Ontology1201106854.owl#WindowsXPServicePack1	http://www.owl-ontologies.com/Ontology1201106854.owl#Entity
S	http://www.owl-ontologies.com/Ontology1201106854.owl#WindowsXPServicePack1	http://www.owl-ontologies.com/Ontology1201106854.owl#OperatingSystemUpdate
S	http://www.owl-ontologies.com/Ontology1201106854.owl#WindowsXPServicePack1	http://www.owl-ontologies.com/Ontology1201106854.owl#SystemSoftwareUpdate
S	http://www.owl-ontologies.com/Ontology1201106854.owl#WindowsXPServicePack1	http://www.owl-ontologies.com/Ontology1201106854.owl#UpdateSoftware
S	http://www.owl-ontologies.com/Ontology1201106854.owl#WindowsXPServicePack1	http://www.owl-ontologies.com/Ontology1201106854.owl#WindowsUpdate
S	http://www.owl-ontologies.com/Ontology1201106854.owl#WindowsXPServicePack1	http://www.owl-ontologies.com/Ontology1201106854.owl#WindowsXPUpdate
S	http://www.owl-ontologies.com/Ontology1201106854.owl#WindowsXPServicePack2	http://www.owl-ontologies.com/Ontology1201106854.owl#Abstract
S	http://www.owl-ontologies.com/Ontology1201106854.owl#WindowsXPServicePack2	http://www.owl-ontologies.com/Ontology1201106854.owl#ComputerSoftware
S	http://www.owl-ontologies.com/Ontology1201106854.owl#WindowsXPServicePack2	http://www.owl-ontologies.com/Ontology1201106854.owl#DigitalObject
S	http://www.owl-ontologies.com/Ontology1201106854.owl#WindowsXPServicePack2	http://www.owl-ontologies.com/Ontology1201106854.owl#Entity
S	http://www.owl-ontologies.com/Ontology1201106854.owl#WindowsXPServicePack2	http://www.owl-ontologies.com/Ontology1201106854.owl#OperatingSystemUpdate
S	http://www.owl-ontologies.com/Ontology1201106854.owl#WindowsXPServicePack2	http://www.owl-ontologies.com/Ontology1201106854.owl#SystemSoftwareUpdate
S	http://www.owl-ontologies.com/Ontology1201106854.owl#WindowsXPServicePack2	http://www.owl-ontologies.com/Ontology1201106854.owl#UpdateSoftware
S	http://www.owl-ontologies.com/Ontology1201106854.owl#WindowsXPServicePack2	http://www.owl-ontologies.com/Ontology1201106854.owl#WindowsUpdate
S	http://www.owl-ontologies.com/Ontology1201106854.owl#WindowsXPServicePack2	http://www.owl-ontologies.com/Ontology1201106854.owl#WindowsXPUpdate
S	http://www.owl-ontologies.com/Ontology1201106854.owl#WindowsXPTabletPCEdition	http://www.owl-ontologies.com/Ontology1201106854.owl#Abstract
S	http://www.owl-ontologies.com/Ontology1201106854.owl#WindowsXPTabletPCEdition	http://www.owl-ontologies.com/Ontology1201106854.owl#ComputerSoftware
S	http://www.owl-ontologies.com/Ontology1201106854.owl#WindowsXPTabletPCEdition	http://www.owl-ontologies.com/Ontology1201106854.owl#DigitalObject
S	http://www.owl-ontologies.com/Ontology1201106854.owl#WindowsXPTabletPCEdition	http://www.owl-ontologies.com/Ontology1201106854.owl#Entity
S	http://www.owl-ontologies.com/Ontology1201106854.owl#WindowsXPTabletPCEdition	http://www.owl-ontologies.com/Ontology1201106854.owl#OperatingSystem
S	http://www.owl-ontologies.com/Ontology1201106854.owl#WindowsXPTabletPCEdition	http://www.owl-ontologies.com/Ontology1201106854.owl#SystemSoftware
S	http://www.owl-ontologies.com/Ontology1201106854.owl#WindowsXPTabletPCEdition	http://www.owl-ontologies.com/Ontology1201106854.owl#Windows
S	http://www.owl-ontologies.com/Ontology1201106854.owl#WindowsXPTabletPCEdition	http://www.owl-ontologies.com/Ontology1201106854.owl#WindowsXP
S	http://www.owl-ontologies.com/Ontology1201106854.owl#WindowsXPTabletPCEdition	http://www.owl-ontologies.com/Ontology1201106854.owl#Workstation
S	http://www.owl-ontologies.com/Ontology1201106854.owl#WindowsXPUpdate	http://www.owl-ontologies.com/Ontology1201106854.owl#Abstract
S	http://www.owl-ontologies.com/Ontology1201106854.owl#WindowsXPUpdate	http://www.owl-ontologies.com/Ontology1201106854.owl#ComputerSoftware
S	http://www.owl-ontologies.com/Ontology1201106854.owl#WindowsXPUpdate	http://www.owl-ontologies.com/Ontology1201106854.owl#DigitalObject
S	http://www.owl-ontologies.com/Ontology1201106854.owl#WindowsXPUpdate	http://www.owl-ontologies.com/Ontology1201106854.owl#Entity
S	http://www.owl-ontologies.com/Ontology1201106854.owl#WindowsXPUpdate	http://www.owl-ontologies.com/Ontology1201106854.owl#OperatingSystemUpdate
S	http://www.owl-ontologies.com/Ontology1201106854.owl#WindowsXPUpdate	http://www.owl-ontologies.com/Ontology1201106854.owl#SystemSoftwareUpdate
S	http://www.owl-ontologies.com/Ontology1201106854.owl#WindowsXPUpdate	http://www.owl-ontologies.com/Ontology1201106854.owl#UpdateSoftware
S	http://www.owl-ontologies.com/Ontology1201106854.owl#WindowsXPUpdate	http://www.owl-ontologies.com/Ontology1201106854.owl#WindowsUpdate
S	http://www.owl-ontologies.com/Ontology1201106854.owl#Word2000	http://www.owl-ontologies.com/Ontology1201106854.owl#Abstract
S	http://www.owl-ontologies.com/Ontology1201106854.owl#Word2000	http://www.owl-ontologies.com/Ontology1201106854.owl#ApplicationSoftware
S	http://www.owl-ontologies.com/Ontology1201106854.owl#Word2000	http://www.owl-ontologies.com/Ontology1201106854.owl#ComputerSoftware
S	http://www.owl-ontologies.com/Ontology1201106854.owl#Word2000	http://www.owl-ontologies.com/Ontology1201106854.owl#DigitalObject
S	http://www.owl-ontologies.com/Ontology1201106854.owl#Word2000	http://www.owl-ontologies.com/Ontology1201106854.owl#Entity
S	http://www.owl-ontologies.com/Ontology1201106854.owl#Word2000	http://www.owl-ontologies.com/Ontology1201106854.owl#MicrosoftOfficeSoftware
S	http://www.owl-ontologies.com/Ontology1201106854.owl#Word2000	http://www.owl-ontologies.com/Ontology1201106854.owl#Office2000Software
S	http://www.owl-ontologies.com/Ontology1201106854.owl#Word2002	http://www.owl-ontologies.com/Ontology1201106854.owl#Abstract
S	http://www.owl-ontologies.com/Ontology1201106854.owl#Word2002	http://www.owl-ontologies.com/Ontology1201106854.owl#ApplicationSoftware
S	http://www.owl-ontologies.com/Ontology1201106854.owl#Word2002	http://www.owl-ontologies.com/Ontology1201106854.owl#ComputerSoftware
S	http://www.owl-ontologies.com/Ontology1201106854.owl#Word2002	http://www.owl-ontologies.com/Ontology1201106854.owl#DigitalObject
S	http://www.owl-ontologies.com/Ontology1201106854.owl#Word2002	http://www.owl-ontologies.com/Ontology1201106854.owl#Entity
S	http://www.owl-ontologies.com/Ontology1201106854.owl#Word2002	http://www.owl-ontologies.com/Ontology1201106854.owl#MicrosoftOfficeSoftware
S	http://www.owl-ontologies.com/Ontology1201106854.owl#Word2002	http://www.owl-ontologies.com/Ontology1201106854.owl#Office2002Software
S	http://www.owl-ontologies.com/Ontology1201106854.owl#Word2003	http://www.owl-ontologies.com/Ontology1201106854.owl#Abstract
S	http://www.owl-ontologies.com/Ontology1201106854.owl#Word2003	http://www.owl-ontologies.com/Ontology1201106854.owl#ApplicationSoftware
S	http://www.owl-ontologies.com/Ontology1201106854.owl#Word2003	http://www.owl-ontologies.com/Ontology1201106854.owl#ComputerSoftware
S	http://www.owl-ontologies.com/Ontology1201106854.owl#Word2003	http://www.owl-ontologies.com/Ontology1201106854.owl#DigitalObject
S	http://www.owl-ontologies.com/Ontology1201106854.owl#Word2003	http://www.owl-ontologies.com/Ontology1201106854.owl#Entity
S	http://www.owl-ontologies.com/Ontology1201106854.owl#Word2003	http://www.owl-ontologies.com/Ontology1201106854.owl#MicrosoftOfficeSoftware
S	http://www.owl-ontologies.com/Ontology1201106854.owl#Word2003	http://www.owl-ontologies.com/Ontology1201106854.owl#Office2003Software
S	http://www.owl-ontologies.com/Ontology1201106854.owl#Word2007	http://www.owl-ontologies.com/Ontology1201106854.owl#Abstract
S	http://www.owl-ontologies.com/Ontology1201106854.owl#Word2007	http://www.owl-ontologies.com/Ontology1201106854.owl#ApplicationSoftware
S	http://www.owl-ontologies.com/Ontology1201106854.owl#Word2007	http://www.owl-ontologies.com/Ontology1201106854.owl#ComputerSoftware
S	http://www.owl-ontologies.com/Ontology1201106854.owl#Word2007	http://www.owl-ontologies.com/Ontology1201106854.owl#DigitalObject
S	http://www.owl-ontologies.com/Ontology1201106854.owl#Word2007	http://www.owl-ontologies.com/Ontology1201106854.owl#Entity
S	http://www.owl-ontologies.com/Ontology1201106854.owl#Word2007	http://www.owl-ontologies.com/Ontology1201106854.owl#MicrosoftOfficeSoftware
S	http://www.owl-ontologies.com/Ontology1201106854.owl#Word2007	http://www.owl-ontologies.com/Ontology1201106854.owl#Office2007Software
S	http://www.owl-ontologies.com/Ontology1201106854.owl#Workaround	http://www.owl-ontologies.com/Ontology1201106854.owl#DigitalDocument
S	http://www.owl-ontologies.com/Ontology1201106854.owl#Workaround	http://www.owl-ontologies.com/Ontology1201106854.owl#Document
S	http://www.owl-ontologies.com/Ontology1201106854.owl#Workaround	http://www.owl-ontologies.com/Ontology1201106854.owl#Entity
S	http://www.owl-ontologies.com/Ontology1201106854.owl#Workaround	http://www.owl-ontologies.com/Ontology1201106854.owl#InformationRealization
S	http://www.owl-ontologies.com/Ontology1201106854.owl#Workaround	http://www.owl-ontologies.com/Ontology1201106854.owl#KBArticle
S	http://www.owl-ontologies.com/Ontology1201106854.owl#Workaround	http://www.owl-ontologies.com/Ontology1201106854.owl#ProblemDescriptionDocument
S	http://www.owl-ontologies.com/Ontology1201106854.owl#Workaround	http://www.owl-ontologies.com/Ontology1201106854.owl#WebPage
S	http://www.owl-ontologies.com/Ontology1201106854.owl#Workstation	http://www.owl-ontologies.com/Ontology1201106854.owl#Abstract
S	http://www.owl-ontologies.com/Ontology1201106854.owl#Workstation	http://www.owl-ontologies.com/Ontology1201106854.owl#ComputerSoftware
S	http://www.owl-ontologies.com/Ontology1201106854.owl#Workstation	http://www.owl-ontologies.com/Ontology1201106854.owl#DigitalObject
S	http://www.owl-ontologies.com/Ontology1201106854.owl#Workstation	http://www.owl-ontologies.com/Ontology1201106854.owl#Entity
S	http://www.owl-ontologies.com/Ontology1201106854.owl#Workstation	http://www.owl-ontologies.com/Ontology1201106854.owl#OperatingSystem
S	http://www.owl-ontologies.com/Ontology1201106854.owl#Workstation	http://www.owl-ontologies.com/Ontology1201106854.owl#SystemSoftware
M	classes	195
M	unsatisfiable	0
M	subsumptions	992
Z	complete
