ontology	index	status	verdict	solved	selected_route	wall_s	peak_mb	binary_sha256	signature_sha256	correctness_basis	slurm_job_id
ore_ont_33.owl	0	ok	match	true	production_all	0.337	51.5	0aa78e92d327c2e73570243388e43347abb199d1bef9d461c94302a1d5eff20b	c547c598ede2b73339e49f4c1e805d2cdb9eacf5916e6a87169653fea88bad2d		49793193
ore_ont_105.owl	1	ok	match	true	production_all	0.0405	7.19	0aa78e92d327c2e73570243388e43347abb199d1bef9d461c94302a1d5eff20b	b87db53f167df5a69d109d90740cadf2bb2c27635e9496a86f454e4838ed8728		49793196
ore_ont_148.owl	2	ok	match	true	nominals	11.9652	1627.86	0aa78e92d327c2e73570243388e43347abb199d1bef9d461c94302a1d5eff20b	10ef79ea10318d5197169737fc59d7d5771162a452a2e4e1a74a7a0ca880d944		49793197
ore_ont_178.owl	3	ok	match	true	nominals	0.1568	45.01	0aa78e92d327c2e73570243388e43347abb199d1bef9d461c94302a1d5eff20b	e6e4ebc5a09a391d077e5e5a30b88abe563b2c13b222f6bab8cdf1aecbf50e0a		49793198
ore_ont_258.owl	4	ok	match	true	production_all	0.0404	6.88	0aa78e92d327c2e73570243388e43347abb199d1bef9d461c94302a1d5eff20b	9579a5c955be86249c9f139f96cfae0fc4ab29399e898cd12d2c769e74e464c9		49793199
ore_ont_269.owl	5	ok	match	true	production_all	2.2397	565.22	0aa78e92d327c2e73570243388e43347abb199d1bef9d461c94302a1d5eff20b	25a9dfe3607834ad90d624672276aede57eaf02784efa544063dd4489337adab		49793200
ore_ont_338.owl	6	ok	match	true	production_all	0.0413	8.44	0aa78e92d327c2e73570243388e43347abb199d1bef9d461c94302a1d5eff20b	b745bb36702b9861d79f297df70982109814a0a5c5579b2af04f4fd748403746		49793201
ore_ont_380.owl	7	ok	match	true	production_all	0.0695	12.2	0aa78e92d327c2e73570243388e43347abb199d1bef9d461c94302a1d5eff20b	55086452e6fa037ae88e22f05bf4fd7fae44c534fc7dbcf65691946962e0e202		49793202
ore_ont_394.owl	8	ok	match	true	nominals	0.0979	28.67	0aa78e92d327c2e73570243388e43347abb199d1bef9d461c94302a1d5eff20b	b0b77ecd4bd6ae54580d015e3168dae58e0dd9cd80f64ecebf29d2fa2dfe5c02		49793203
ore_ont_412.owl	9	ok	match	true	production_all	0.0984	20.04	0aa78e92d327c2e73570243388e43347abb199d1bef9d461c94302a1d5eff20b	9e482716a302992d30f7afcb71c473594584992bd4a9032ace1f005c460987da		49793204
ore_ont_443.owl	10	ok	match	true	nominals	0.0993	23.97	0aa78e92d327c2e73570243388e43347abb199d1bef9d461c94302a1d5eff20b	3c48c283d1292f55fe67383942d35be768499f1f96e83f0adf812c000ac3b9dd		49793205
ore_ont_457.owl	11	ok	match	true	production_all	0.0699	14.38	0aa78e92d327c2e73570243388e43347abb199d1bef9d461c94302a1d5eff20b	21d873c690e1f8ddd85fb557aa6ccd2dec40902830769885cb340d5889bd1b06		49793206
ore_ont_508.owl	12	ok	match	true	production_all	0.0411	6.88	0aa78e92d327c2e73570243388e43347abb199d1bef9d461c94302a1d5eff20b	3847724c9e9e2a9fcf6c97fe0e5fdbe9cb10a1957f3521806480ac5f21de5f1f		49793207
ore_ont_541.owl	13	ok	match	true	production_all	0.1844	58.69	0aa78e92d327c2e73570243388e43347abb199d1bef9d461c94302a1d5eff20b	c20d3724284bad20c79b64470da7d1a176fa34e92aa993fed54799a9bdbfb82e		49793208
ore_ont_544.owl	14	ok	match	true	production_all	0.1309	20.52	0aa78e92d327c2e73570243388e43347abb199d1bef9d461c94302a1d5eff20b	fae1e3e632c54b1c5a0b1de39cd2907984c5cb7cb41be063ba05dc1a00470694		49793209
ore_ont_566.owl	15	ok	match	true	production_all	0.0692	11.57	0aa78e92d327c2e73570243388e43347abb199d1bef9d461c94302a1d5eff20b	3460573f3c96cde1f3769168bd13a417b28ed1b271986165c4ea3a4bb63652c7		49793210
ore_ont_637.owl	16	ok	match	true	production_all	0.041	8.44	0aa78e92d327c2e73570243388e43347abb199d1bef9d461c94302a1d5eff20b	cb49a9ec460d5f3888d3d2416aa7ce8ddb9ce0c3057009d3ae037567be23d277		49793211
ore_ont_670.owl	17	ok	match	true	production_all	0.0694	13.02	0aa78e92d327c2e73570243388e43347abb199d1bef9d461c94302a1d5eff20b	73ed44f501a16b10e3fc47bfe462789376f5337a258b8d668544d0fd82f3e07d		49793212
ore_ont_703.owl	18	ok	match	true	production_all	0.0403	8.44	0aa78e92d327c2e73570243388e43347abb199d1bef9d461c94302a1d5eff20b	3fab48d1d70f73e046aaa7fc045b757147a895eb288a037e3d7e7a4cc9218923		49793213
ore_ont_725.owl	19	ok	match	true	production_all	0.0689	11.99	0aa78e92d327c2e73570243388e43347abb199d1bef9d461c94302a1d5eff20b	bcb36636c59fa3d9c804c5fe45671d1ec6012c5afabc66a6209c1ece82e576f7		49793214
ore_ont_795.owl	20	ok	match	true	production_all	6.0094	1195.2	0aa78e92d327c2e73570243388e43347abb199d1bef9d461c94302a1d5eff20b	46bc86a218926fba754a544edfbd189e4985f4d1588bb590b4e7d16e7bf425b8		49793215
ore_ont_840.owl	21	ok	match	true	production_all	2.3006	415.89	0aa78e92d327c2e73570243388e43347abb199d1bef9d461c94302a1d5eff20b	3d88d25973c176a4c55bedc4af8b0111afbdde3b792af73c4c86386e94dad4a9		49793216
ore_ont_868.owl	22	ok	match	true	production_all	56.1347	5327.41	0aa78e92d327c2e73570243388e43347abb199d1bef9d461c94302a1d5eff20b	be6be6663ffd9721606bf3cb61308789c55c28ffbe8d4ba2d85d0ee60b7fcc0f		49793217
ore_ont_869.owl	23	ok	match	true	production_all	0.0979	15.89	0aa78e92d327c2e73570243388e43347abb199d1bef9d461c94302a1d5eff20b	786a9d5011c8dfe4b3b537254d4949946a4aa2a65bfa7246ecbbc5816ec89823		49793218
ore_ont_935.owl	24	ok	match	true	production_all	0.65	58.97	0aa78e92d327c2e73570243388e43347abb199d1bef9d461c94302a1d5eff20b	e28734d416a55cc903d9b1d299be79e05763691b27185934a94a42f59524be2e		49793219
ore_ont_947.owl	25	ok	match	true	production_all	0.3883	44.91	0aa78e92d327c2e73570243388e43347abb199d1bef9d461c94302a1d5eff20b	04edb515f2bfe70c8381f2886402201b30947dfedb48f69eccfab4275f8d9baf		49793220
ore_ont_960.owl	26	ok	match	true	nominals	2.549	853.69	0aa78e92d327c2e73570243388e43347abb199d1bef9d461c94302a1d5eff20b	f4cfde7f23bbb2df47ece80129e120bd127df90b2793cfc5fe5bfe924b0bad33		49793221
ore_ont_964.owl	27	ok	match	true	production_all	0.389	51.2	0aa78e92d327c2e73570243388e43347abb199d1bef9d461c94302a1d5eff20b	bf71a4cbd9ebf8173477e14cd8e902174c692fbfe824487fc5f22119a63f5500		49793261
ore_ont_1012.owl	28	ok	match	true	production_all	64.8608	6212.07	0aa78e92d327c2e73570243388e43347abb199d1bef9d461c94302a1d5eff20b	25a9dfe3607834ad90d624672276aede57eaf02784efa544063dd4489337adab		49793265
ore_ont_1016.owl	29	ok	match	true	production_all	1.0585	587.66	0aa78e92d327c2e73570243388e43347abb199d1bef9d461c94302a1d5eff20b	4761511ebdff1db0c30c8c5cac756a6fde57bf284d7be536740fd3e145e0a694		49793266
ore_ont_1017.owl	30	ok	match	true	production_all	0.0695	11.88	0aa78e92d327c2e73570243388e43347abb199d1bef9d461c94302a1d5eff20b	ae99b783760a88e6b52f52e8fc649a680d05124b89be44322252f8d9a4e9b7b8		49793267
ore_ont_1034.owl	31	ok	match	true	production_all	0.0697	8.44	0aa78e92d327c2e73570243388e43347abb199d1bef9d461c94302a1d5eff20b	25a9dfe3607834ad90d624672276aede57eaf02784efa544063dd4489337adab		49793268
ore_ont_1082.owl	32	ok	match	true	production_all	2.3519	575.03	0aa78e92d327c2e73570243388e43347abb199d1bef9d461c94302a1d5eff20b	d74d401fbc3ede0305a22638186dbf109482648f2c9bee7be761183c26937f9a		49793276
ore_ont_1194.owl	33	error	error	false	nominals	28.4002	18479.95	0aa78e92d327c2e73570243388e43347abb199d1bef9d461c94302a1d5eff20b			49793279
ore_ont_1212.owl	34	ok	match	true	production_all	1.3466	284.48	0aa78e92d327c2e73570243388e43347abb199d1bef9d461c94302a1d5eff20b	772e912b94a8d6e544147a6baef2955c80c5f9e7d4f2c805da71d1e1f9474516		49793280
ore_ont_1272.owl	35	ok	match	true	production_all	3.1814	715.46	0aa78e92d327c2e73570243388e43347abb199d1bef9d461c94302a1d5eff20b	ba4a5ca1111a1ab31aaab5c4fee7b7cf5fb80a35ceda816fbfca46da60d13da0		49793283
ore_ont_1306.owl	36	ok	match	true	production_all	41.1233	4592.95	0aa78e92d327c2e73570243388e43347abb199d1bef9d461c94302a1d5eff20b	25a9dfe3607834ad90d624672276aede57eaf02784efa544063dd4489337adab		49793288
ore_ont_1325.owl	37	ok	match	true	production_all	0.0406	7.19	0aa78e92d327c2e73570243388e43347abb199d1bef9d461c94302a1d5eff20b	f4d1df3b8fd67c88abe2789c705dcf70bea77e675f8196f5ecb4bba1f440b8be		49793289
ore_ont_1340.owl	38	ok	match	true	production_all	0.1883	52.56	0aa78e92d327c2e73570243388e43347abb199d1bef9d461c94302a1d5eff20b	cd58269a7598470fd2e574ac761fc27a8579eaf49b660f71530d93af973ec852		49793290
ore_ont_1357.owl	39	ok	match	true	production_all	5.1301	1047.25	0aa78e92d327c2e73570243388e43347abb199d1bef9d461c94302a1d5eff20b	252e5a317e97b937b29f83d93539566a7028d833752c8c7433dcb66bc9946f5a		49793292
ore_ont_1370.owl	40	ok	match	true	production_all	13.1435	1955.19	0aa78e92d327c2e73570243388e43347abb199d1bef9d461c94302a1d5eff20b	c05f030504ebae8cf9ae1a43f33f679c0eb33055041d00f5ba3797c5ec3f2408		49793294
ore_ont_1420.owl	41	ok	match	true	production_all	0.0404	6.88	0aa78e92d327c2e73570243388e43347abb199d1bef9d461c94302a1d5eff20b	4823f97a40abc54c7cdaeb1da933f82879169872bed63ed9a200c0ba94d3f9c5		49793295
ore_ont_1473.owl	42	ok	match	true	production_all	0.0699	11.2	0aa78e92d327c2e73570243388e43347abb199d1bef9d461c94302a1d5eff20b	0294b032925c15c476e5177efb18e8e6f3208e75b5a05531ebbc3aa67610afec		49793296
ore_ont_1481.owl	43	ok	match	true	production_all	1.1957	285.32	0aa78e92d327c2e73570243388e43347abb199d1bef9d461c94302a1d5eff20b	4258584ca637b9cb22cf9a2a5adf454d2630a2af8bd7524f62032bc048bb52dc		49793297
ore_ont_1493.owl	44	ok	match	true	production_all	0.2788	66.73	0aa78e92d327c2e73570243388e43347abb199d1bef9d461c94302a1d5eff20b	db0c3f18e8a94a9ba207e78900e81b51fd5883e09c1aacd893600bc96fcf4fbe		49793298
ore_ont_1494.owl	45	ok	match	true	production_all	0.0407	8.44	0aa78e92d327c2e73570243388e43347abb199d1bef9d461c94302a1d5eff20b	0c5bac20e795a43b20fa62c2633255b76b0b0e309ac355d1f474982d966c8a97		49793302
ore_ont_1501.owl	46	ok	match	true	production_all	0.4173	49.57	0aa78e92d327c2e73570243388e43347abb199d1bef9d461c94302a1d5eff20b	12cd4960cb68b7dc6a9a238e85da4036dc3f54687cf9402764fb38a886c7456a		49793305
ore_ont_1555.owl	47	ok	match	true	nominals	0.2158	101.4	0aa78e92d327c2e73570243388e43347abb199d1bef9d461c94302a1d5eff20b	a9a6e523bf2e63b92cabe7d60d4ca2a160340fd91a5d0bd5653d6f40f352bbfc		49793306
ore_ont_1559.owl	48	ok	match	true	production_all	59.262	8353.76	0aa78e92d327c2e73570243388e43347abb199d1bef9d461c94302a1d5eff20b	a1ad6c7eedab65f2395675205f0cbfbb3c25aad43d40690ad8acfbae483a652d		49793309
ore_ont_1579.owl	49	ok	match	true	production_all	12.4173	1008.81	0aa78e92d327c2e73570243388e43347abb199d1bef9d461c94302a1d5eff20b	1e3901c4e07c5ed16d1540ad65c9c714ab2b8d2c2a3f8f7ce285745c1dc69498		49793310
ore_ont_1603.owl	50	ok	match	true	production_all	4.5207	241.52	0aa78e92d327c2e73570243388e43347abb199d1bef9d461c94302a1d5eff20b	fa39d615f9e61b2f89febfb836d0fa368b9435190ce5604b479573c80a7e3081		49793312
ore_ont_1618.owl	51	ok	match	true	production_all	0.0396	16.96	0aa78e92d327c2e73570243388e43347abb199d1bef9d461c94302a1d5eff20b	e2658caadf043dbf5c015820328c06e106102c19d14b53944c95ccdc74a85554		49793313
ore_ont_1666.owl	52	ok	match	true	production_all	0.3323	43.34	0aa78e92d327c2e73570243388e43347abb199d1bef9d461c94302a1d5eff20b	fa40d5b25c95a52249cb01f29ba0f315d1a0223bb9f9080bb70f7d47e741adbd		49793315
ore_ont_1790.owl	53	ok	match	true	nominals	10.4685	1566.84	0aa78e92d327c2e73570243388e43347abb199d1bef9d461c94302a1d5eff20b	6dd2a1f6eaa9f001ed5c7db958ff1edd374302f7b4e6b64679a6b0deb7635ff6		49793316
ore_ont_1793.owl	54	ok	match	true	production_all	0.0708	9.06	0aa78e92d327c2e73570243388e43347abb199d1bef9d461c94302a1d5eff20b	880e5d909a6e1aadf9f84775c3bf73bd5c26bbe4d9a3f2b494477818ad6b2832		49793318
ore_ont_1902.owl	55	ok	match	true	production_all	0.0707	9.06	0aa78e92d327c2e73570243388e43347abb199d1bef9d461c94302a1d5eff20b	ced976926250d9f91ce25eb6fa928bab4b4b0c9b0864abc43fcb5f2eea7a05b7		49793320
ore_ont_1967.owl	56	ok	match	true	production_all	0.0409	6.88	0aa78e92d327c2e73570243388e43347abb199d1bef9d461c94302a1d5eff20b	efda811e1d6e9ea5f0db4e624fb6396525b8b8062b2425db6e4d09050f5b1c17		49793321
ore_ont_1970.owl	57	ok	match	true	production_all	0.1599	27.72	0aa78e92d327c2e73570243388e43347abb199d1bef9d461c94302a1d5eff20b	61b592347078fca805011c536599fcf4a353ccb7e90d1677c3b07485f1d77e72		49793322
ore_ont_2011.owl	58	ok	match	true	production_all	0.0402	10.31	0aa78e92d327c2e73570243388e43347abb199d1bef9d461c94302a1d5eff20b	56ed4e3d127a5629acea9af4a49866c473a53c149dfa685e194191af802668dd		49793325
ore_ont_2036.owl	59	ok	match	true	production_all	0.0408	7.19	0aa78e92d327c2e73570243388e43347abb199d1bef9d461c94302a1d5eff20b	1b7cba6bc7b03320f1e66d8e1e8ab7f7055d76d6531012ecc7237356e50201fc		49793326
ore_ont_2046.owl	60	ok	match	true	production_all	17.5214	3112.25	0aa78e92d327c2e73570243388e43347abb199d1bef9d461c94302a1d5eff20b	25a9dfe3607834ad90d624672276aede57eaf02784efa544063dd4489337adab		49793327
ore_ont_2066.owl	61	ok	match	true	production_all	0.0408	7.5	0aa78e92d327c2e73570243388e43347abb199d1bef9d461c94302a1d5eff20b	91adc813320db3dcb85694efba9d6579b27797ae80fab7cbed7660d01b838a28		49793329
ore_ont_2105.owl	62	ok	match	true	production_all	0.9013	263.21	0aa78e92d327c2e73570243388e43347abb199d1bef9d461c94302a1d5eff20b	25a9dfe3607834ad90d624672276aede57eaf02784efa544063dd4489337adab		49793330
ore_ont_2128.owl	63	ok	match	true	production_all	0.3038	37.52	0aa78e92d327c2e73570243388e43347abb199d1bef9d461c94302a1d5eff20b	2e3d43d2ccdef95965bb116db6a147ac1c9436689d91642fdc0a0ae516665943		49793331
ore_ont_2129.owl	64	ok	match	true	production_all	0.5603	55.83	0aa78e92d327c2e73570243388e43347abb199d1bef9d461c94302a1d5eff20b	cb1caedcdcf14007912e6f4869d1347fe285cc5c4d848f40f247b83ee9989851		49793333
ore_ont_2195.owl	65	ok	match	true	production_all	0.1016	35.63	0aa78e92d327c2e73570243388e43347abb199d1bef9d461c94302a1d5eff20b	25a9dfe3607834ad90d624672276aede57eaf02784efa544063dd4489337adab		49793334
ore_ont_2228.owl	66	ok	match	true	production_all	0.0411	7.5	0aa78e92d327c2e73570243388e43347abb199d1bef9d461c94302a1d5eff20b	ce2a95ed1d1036bf9d4704f8cf34410b65b27c0792ad983ffa7bcdf93124e17f		49793335
ore_ont_2237.owl	67	ok	match	true	production_all	0.0702	10.99	0aa78e92d327c2e73570243388e43347abb199d1bef9d461c94302a1d5eff20b	25a9dfe3607834ad90d624672276aede57eaf02784efa544063dd4489337adab		49793336
ore_ont_2243.owl	68	ok	match	true	production_all	7.488	1703.09	0aa78e92d327c2e73570243388e43347abb199d1bef9d461c94302a1d5eff20b	25a9dfe3607834ad90d624672276aede57eaf02784efa544063dd4489337adab		49793340
ore_ont_2253.owl	69	ok	match	true	production_all	22.2985	3690.49	0aa78e92d327c2e73570243388e43347abb199d1bef9d461c94302a1d5eff20b	25a9dfe3607834ad90d624672276aede57eaf02784efa544063dd4489337adab		49793345
ore_ont_2266.owl	70	ok	match	true	production_all	0.07	13.46	0aa78e92d327c2e73570243388e43347abb199d1bef9d461c94302a1d5eff20b	b259329a58c29998b5e5fb98602314993dcc590449779f452e8b5d7c24f1fdbd		49793347
ore_ont_2313.owl	71	ok	match	true	production_all	0.9932	210.65	0aa78e92d327c2e73570243388e43347abb199d1bef9d461c94302a1d5eff20b	4b1c2c0b5c33e7ea8178bc5c98d5a8cebc422a378856682657ae0036ecf4fef8		49793348
ore_ont_2317.owl	72	ok	match	true	production_all	0.5612	60.7	0aa78e92d327c2e73570243388e43347abb199d1bef9d461c94302a1d5eff20b	06aea88f93c8a06fd471868569d9c58f3a0e1ea01f06c1accbb26d292d5cec76		49793349
ore_ont_2333.owl	73	ok	match	true	production_all	0.1917	63.95	0aa78e92d327c2e73570243388e43347abb199d1bef9d461c94302a1d5eff20b	afac023702c0cc4c05d8529939485e44cc82c4f08d6d4108b5ae432ba581aef9		49793352
ore_ont_2361.owl	74	ok	match	true	production_all	10.7064	1483.03	0aa78e92d327c2e73570243388e43347abb199d1bef9d461c94302a1d5eff20b	8e53f546be8c3e5a75323e982976ce736e03fdd7215f8151cee711479b994b36		49793354
ore_ont_2377.owl	75	ok	match	true	production_all	0.1583	20.62	0aa78e92d327c2e73570243388e43347abb199d1bef9d461c94302a1d5eff20b	bf3c549a55d176d5afde0b3ae58f955c13ed80a01d8125d635ac86be234e05c2		49793355
ore_ont_2378.owl	76	ok	match	true	production_all	0.0702	11.84	0aa78e92d327c2e73570243388e43347abb199d1bef9d461c94302a1d5eff20b	456885455165455332dfd3bedfcd097c8bb74b34227a78d2f807df414bb96578		49793356
ore_ont_2397.owl	77	ok	match	true	production_all	2.4239	511.51	0aa78e92d327c2e73570243388e43347abb199d1bef9d461c94302a1d5eff20b	8a4a0c8bc8402efaf65343c6e3f705dcc3faabbbeaa15ae6ee5d34cc5259d06e		49793357
ore_ont_2440.owl	78	ok	match	true	production_all	0.0982	16.41	0aa78e92d327c2e73570243388e43347abb199d1bef9d461c94302a1d5eff20b	5a47a7dfd4ef9fd3755517b8220470e67a0a4611f8c5fc76fa395544f822571e		49793358
ore_ont_2453.owl	79	ok	match	true	production_all	0.1624	45.18	0aa78e92d327c2e73570243388e43347abb199d1bef9d461c94302a1d5eff20b	104ea91f04934d91a9e0815b45a9940e4e60c9e8aaec0838658a8814d6004ffa		49793359
ore_ont_2469.owl	80	ok	match	true	production_all	8.074	1778.46	0aa78e92d327c2e73570243388e43347abb199d1bef9d461c94302a1d5eff20b	738b1c7ce71d64c72af0d7c491746e78c01fc4bc002df6313b1ed3a2c80cd719		49793362
ore_ont_2485.owl	81	ok	match	true	production_all	0.0416	8.17	0aa78e92d327c2e73570243388e43347abb199d1bef9d461c94302a1d5eff20b	b254f390278d1308d3020ce93a0e4bfe308f497cf36477cc27bbb763d08458df		49793366
ore_ont_2491.owl	82	ok	match	true	production_all	0.6932	165.61	0aa78e92d327c2e73570243388e43347abb199d1bef9d461c94302a1d5eff20b	25a9dfe3607834ad90d624672276aede57eaf02784efa544063dd4489337adab		49793367
ore_ont_2496.owl	83	ok	match	true	production_all	0.0996	14.31	0aa78e92d327c2e73570243388e43347abb199d1bef9d461c94302a1d5eff20b	6c8c2dd1ea442064196c32326cd1c2c8d3a72ecf5e3d2c331a16cc9281ffa925		49793369
ore_ont_2497.owl	84	ok	match	true	production_all	0.4234	44.62	0aa78e92d327c2e73570243388e43347abb199d1bef9d461c94302a1d5eff20b	7c5910f08321736ac0f61ab34fd1b38ef7ab515e5625800662344bdf0365b1c7		49793370
ore_ont_2557.owl	85	ok	match	true	production_all	0.041	8.44	0aa78e92d327c2e73570243388e43347abb199d1bef9d461c94302a1d5eff20b	25a9dfe3607834ad90d624672276aede57eaf02784efa544063dd4489337adab		49793371
ore_ont_2569.owl	86	ok	match	true	production_all	0.0997	17.71	0aa78e92d327c2e73570243388e43347abb199d1bef9d461c94302a1d5eff20b	f24e7d7134057ec9e2d1325d01ae3d43562f5d211c84654d4726d67eee07aed9		49793372
ore_ont_2591.owl	87	ok	match	true	production_all	0.4727	54.9	0aa78e92d327c2e73570243388e43347abb199d1bef9d461c94302a1d5eff20b	25a9dfe3607834ad90d624672276aede57eaf02784efa544063dd4489337adab		49793383
ore_ont_2627.owl	88	ok	match	true	production_all	1.3633	307.4	0aa78e92d327c2e73570243388e43347abb199d1bef9d461c94302a1d5eff20b	bf4c6b70ee61c103bc93c176ef918936c57a650723d025e60e69b91c8832bb8b		49793384
ore_ont_2632.owl	89	ok	match	true	nominals	2.0703	528.65	0aa78e92d327c2e73570243388e43347abb199d1bef9d461c94302a1d5eff20b	62e68a1ac660d1e1e592bc93f63b7ae9f7acc7abdfa947f439c231d3a6f804d3		49793387
ore_ont_2654.owl	90	ok	match	true	production_all	0.0409	9.11	0aa78e92d327c2e73570243388e43347abb199d1bef9d461c94302a1d5eff20b	3453da9381fa3e59bdb9b370be6f6df50aba9d9d88fc465e3d19e3894e14d009		49793388
ore_ont_2661.owl	91	ok	match	true	production_all	0.99	221.01	0aa78e92d327c2e73570243388e43347abb199d1bef9d461c94302a1d5eff20b	9f600e8b5d326d5a3980de356c4a8b1ca839ec07547ad7ad3abff09a2cc2045f		49793389
ore_ont_2662.owl	92	ok	match	true	production_all	0.0409	7.5	0aa78e92d327c2e73570243388e43347abb199d1bef9d461c94302a1d5eff20b	fd34b1d4ceb20c5e75b681223a69317888fd506e8507339ea206a877509b78c4		49793391
ore_ont_2669.owl	93	ok	consistency_mismatch	false	ht_rules	0.1549	24.06	0aa78e92d327c2e73570243388e43347abb199d1bef9d461c94302a1d5eff20b	3c48c283d1292f55fe67383942d35be768499f1f96e83f0adf812c000ac3b9dd		49793392
ore_ont_2672.owl	94	ok	match	true	production_all	0.0403	8.75	0aa78e92d327c2e73570243388e43347abb199d1bef9d461c94302a1d5eff20b	ccec9d60ef1094821eb6a78cfc3f7622e8a27e0abd8d4c0e041c3e950febe5a1		49793393
ore_ont_2678.owl	95	ok	match	true	nominals	0.1006	66.03	0aa78e92d327c2e73570243388e43347abb199d1bef9d461c94302a1d5eff20b	4d94e1f7530b312057603495f8070e53a9716410718fe3794dac0817974fc788		49793394
ore_ont_2713.owl	96	ok	match	true	production_all	0.0413	7.81	0aa78e92d327c2e73570243388e43347abb199d1bef9d461c94302a1d5eff20b	7d4cfe7d4dbc46f455eac2edb2b1f18fb1311cc83088c0fd513b2a1a8b6ed859		49793395
ore_ont_2720.owl	97	ok	match	true	production_all	0.0418	9.06	0aa78e92d327c2e73570243388e43347abb199d1bef9d461c94302a1d5eff20b	809fa595c9cd497346a427ce8a4df2a95f9aa123110f8772b5085cdff3a09800		49793396
ore_ont_2744.owl	98	ok	match	true	nominals	0.1628	78.65	0aa78e92d327c2e73570243388e43347abb199d1bef9d461c94302a1d5eff20b	cc1a1bfca6d6ba98ffc979241d1b99f078e266c40abb6c2e862884301f8b44bd		49793397
ore_ont_2753.owl	99	ok	match	true	production_all	0.0409	7.81	0aa78e92d327c2e73570243388e43347abb199d1bef9d461c94302a1d5eff20b	2edc19bebc56e548c1a2996cf388171b36806041f17480c9a1fb2606cab8334c		49793398
ore_ont_2803.owl	100	ok	match	true	production_all	6.633	1274.61	0aa78e92d327c2e73570243388e43347abb199d1bef9d461c94302a1d5eff20b	f0c432fee3845eb4ee0944c812ab0cadbbb8b96ea3184fcfff116504553d20e6		49793401
ore_ont_2828.owl	101	ok	match	true	production_all	9.4331	2112.73	0aa78e92d327c2e73570243388e43347abb199d1bef9d461c94302a1d5eff20b	0399302fe592566a3f17d25fbcacdc7be2952b4cf76e2c14384f00e5f7a73b4f		49793402
ore_ont_2860.owl	102	ok	match	true	nominals	0.3724	159.54	0aa78e92d327c2e73570243388e43347abb199d1bef9d461c94302a1d5eff20b	32f9f65defa5b278b7745ffe5d0fc8e4815fd87d064b09f179dd5d5d4322aa26		49793404
ore_ont_2876.owl	103	ok	match	true	production_all	0.0406	6.25	0aa78e92d327c2e73570243388e43347abb199d1bef9d461c94302a1d5eff20b	ccdfc6d626940ef30a9115eff4872649ebcdaae60e4ff9e1d922d38485fb44ad		49793405
ore_ont_3050.owl	104	ok	match	true	nominals	13.9554	3100.02	0aa78e92d327c2e73570243388e43347abb199d1bef9d461c94302a1d5eff20b	6dd2a1f6eaa9f001ed5c7db958ff1edd374302f7b4e6b64679a6b0deb7635ff6		49793406
ore_ont_3082.owl	105	ok	match	true	production_all	0.0406	6.56	0aa78e92d327c2e73570243388e43347abb199d1bef9d461c94302a1d5eff20b	0b77ec936cb4d6f7a533a0b8321147d39fb68a521a2b260f1a81d30e3cb589fa		49793407
ore_ont_3106.owl	106	ok	match	true	production_all	0.2216	35.95	0aa78e92d327c2e73570243388e43347abb199d1bef9d461c94302a1d5eff20b	28dfc47a6b572c7c94f510f067e8c416c66be2b4e826c29df6fb4e615d95915f		49793408
ore_ont_3164.owl	107	ok	match	true	production_all	5.2393	956.02	0aa78e92d327c2e73570243388e43347abb199d1bef9d461c94302a1d5eff20b	33d524f5fa1fcd7e3ac81f8c2163ee6b7b97cc3236863781ef629d9887b43d0b		49793410
ore_ont_3177.owl	108	ok	match	true	production_all	0.1864	33.97	0aa78e92d327c2e73570243388e43347abb199d1bef9d461c94302a1d5eff20b	07663e7029f71a58e44ff18ab67c370076dfb27460959b9943b138948cb9b7d5		49793412
ore_ont_3215.owl	109	ok	match	true	production_all	163.9725	8172.16	0aa78e92d327c2e73570243388e43347abb199d1bef9d461c94302a1d5eff20b	2e629f329a33aae3af87893afb850e383d3aece4e19f6785157d4d8756234f6b		49793413
ore_ont_3231.owl	110	ok	match	true	production_all	0.0723	40.02	0aa78e92d327c2e73570243388e43347abb199d1bef9d461c94302a1d5eff20b	6c80b4663d84cc112c1f4e35b5dee1d7407ac3435d8593df8805646a5dbd78bb		49793414
ore_ont_3259.owl	111	ok	match	true	production_all	0.0709	15.13	0aa78e92d327c2e73570243388e43347abb199d1bef9d461c94302a1d5eff20b	25a9dfe3607834ad90d624672276aede57eaf02784efa544063dd4489337adab		49793415
ore_ont_3260.owl	112	ok	match	true	certified_nominals	0.0414	13.72	0aa78e92d327c2e73570243388e43347abb199d1bef9d461c94302a1d5eff20b	9e31c7e70c0bc3a4bbd3efb8aacea673b4027a3cc16bf57da05d04e5e295dfdb		49793416
ore_ont_3313.owl	113	ok	match	true	production_all	0.1004	16.47	0aa78e92d327c2e73570243388e43347abb199d1bef9d461c94302a1d5eff20b	156c0e0737752b0d9eb1dc156090cfce69269a36f7ae125769bc23371a67e4ba		49793417
ore_ont_3349.owl	114	ok	match	true	production_all	0.0409	9.67	0aa78e92d327c2e73570243388e43347abb199d1bef9d461c94302a1d5eff20b	fe52ef7294cf036febadb05ab1f05bdf8a0af7e52dd71d1f31ada2bd77229907		49793418
ore_ont_3377.owl	115	ok	match	true	production_all	37.6073	2641.89	0aa78e92d327c2e73570243388e43347abb199d1bef9d461c94302a1d5eff20b	c0374ad84f4916ecdb8dc8f8d2ae1455c2285ed2f86aaa14c319c7a50c5900cd		49793419
ore_ont_3406.owl	116	ok	match	true	production_all	1.0028	105.96	0aa78e92d327c2e73570243388e43347abb199d1bef9d461c94302a1d5eff20b	624d5d82f0c5f480837cea323d4c86ad7c1e7764ae9b3fb89acb33d9810b3c6c		49793420
ore_ont_3414.owl	117	ok	match	true	production_all	5.2397	1010.1	0aa78e92d327c2e73570243388e43347abb199d1bef9d461c94302a1d5eff20b	522aef3af0e145793028b0a2005237437702b100dbb8f4b3ee487aefb3b5b67d		49793421
ore_ont_3418.owl	118	ok	match	true	production_all	0.0408	8.44	0aa78e92d327c2e73570243388e43347abb199d1bef9d461c94302a1d5eff20b	70a7760cdf714c8394efe230e853f212aefff565cd7c5c739bbe1386b0fdf0c4		49793422
ore_ont_3463.owl	119	ok	match	true	production_all	0.0411	6.88	0aa78e92d327c2e73570243388e43347abb199d1bef9d461c94302a1d5eff20b	14e3abbd4745b1013a35ef51291fba70afb6eb51d002d3d2dc9bb09500152904		49793423
ore_ont_3480.owl	120	ok	match	true	production_all	0.3614	46.7	0aa78e92d327c2e73570243388e43347abb199d1bef9d461c94302a1d5eff20b	bc2cc27510ca5023d81cee938b7901836f6cb98e1718518aa5d4748de7850ea7		49793424
ore_ont_3524.owl	121	ok	match	true	elc	28.1308	2584.37	0aa78e92d327c2e73570243388e43347abb199d1bef9d461c94302a1d5eff20b	090129a7fbaa14652ada3408dd1f160e7dd4a09a3502cc3323d8dad734e8893a	same_job_fulliri_identity_to_konclude	49793425
ore_ont_3560.owl	122	ok	match	true	production_all	25.1015	3721.14	0aa78e92d327c2e73570243388e43347abb199d1bef9d461c94302a1d5eff20b	a916c134368b9754f20d8daa6d7a9fd3ab83b8b2b146afb4de212242185d7993		49793426
ore_ont_3635.owl	123	ok	match	true	production_all	0.0698	12.29	0aa78e92d327c2e73570243388e43347abb199d1bef9d461c94302a1d5eff20b	d70dda2b2aeb8f0348230a796bbbbeed179618410272f73d0fab0ef58f9807e8		49793427
ore_ont_3640.owl	124	ok	match	true	production_all	0.1014	21.23	0aa78e92d327c2e73570243388e43347abb199d1bef9d461c94302a1d5eff20b	0242345796f9a80460ab41889f9c60f161f70d579f65e450ef7cca9e2c93da32		49793428
ore_ont_3658.owl	125	ok	match	true	production_all	6.5464	1238.69	0aa78e92d327c2e73570243388e43347abb199d1bef9d461c94302a1d5eff20b	6abf4289743d05b7c75269cde13113316c621516fa3d6cd0306048c161cd1d7b		49793431
ore_ont_3712.owl	126	ok	match	true	production_all	0.3133	49.66	0aa78e92d327c2e73570243388e43347abb199d1bef9d461c94302a1d5eff20b	24e57541ea2f059f849e07530327b1e6b4197982136b5930d07cc5258156f54c		49793432
ore_ont_3770.owl	127	ok	match	true	production_all	0.0416	8.75	0aa78e92d327c2e73570243388e43347abb199d1bef9d461c94302a1d5eff20b	25a9dfe3607834ad90d624672276aede57eaf02784efa544063dd4489337adab		49793433
ore_ont_3784.owl	128	ok	match	true	production_all	0.3412	43.41	0aa78e92d327c2e73570243388e43347abb199d1bef9d461c94302a1d5eff20b	26b8655c70484396ea5210e6edacb65de63967b0670f1763087e1eecd54c24d9		49793435
ore_ont_3795.owl	129	ok	match	true	nominal_ni_abox	1.1879	583.75	0aa78e92d327c2e73570243388e43347abb199d1bef9d461c94302a1d5eff20b	6d9285aae0ab89479bc2db0d99b396d87044ea4f1baa33c4edc5fc5410681760		49793438
ore_ont_3797.owl	130	ok	match	true	production_all	0.3326	45.87	0aa78e92d327c2e73570243388e43347abb199d1bef9d461c94302a1d5eff20b	25a9dfe3607834ad90d624672276aede57eaf02784efa544063dd4489337adab		49793439
ore_ont_3836.owl	131	ok	match	true	production_all	35.2429	5316.09	0aa78e92d327c2e73570243388e43347abb199d1bef9d461c94302a1d5eff20b	203f79d8a6f6590f120e9edd2b5f01c21a0b39b2fce4a84de55ada270163e4c5		49793441
ore_ont_3842.owl	132	ok	match	true	production_all	0.0409	7.45	0aa78e92d327c2e73570243388e43347abb199d1bef9d461c94302a1d5eff20b	149b7198f920010407261137b83b46ba384d57d1349dd3ff2dcdf50f3e36b101		49793442
ore_ont_3905.owl	133	ok	match	true	production_all	0.1909	53.84	0aa78e92d327c2e73570243388e43347abb199d1bef9d461c94302a1d5eff20b	9026921dbe65d33881bd60615ecda0c9dd6e7ad4dd9376b64b51596bbc6f8f92		49793443
ore_ont_3909.owl	134	ok	match	true	production_all	0.0407	6.25	0aa78e92d327c2e73570243388e43347abb199d1bef9d461c94302a1d5eff20b	5ec0c0065801b5eee139e6d08a289191c287abe064a95ac8fe9570e90d0f6fd6		49793445
ore_ont_3931.owl	135	ok	match	true	production_all	0.0994	27.5	0aa78e92d327c2e73570243388e43347abb199d1bef9d461c94302a1d5eff20b	1f5a534b480adabb390fc161c5ae04304f2a150a97a4f9767ac6ba0e107d8b48		49793446
ore_ont_3954.owl	136	ok	match	true	production_all	5.7247	1026.03	0aa78e92d327c2e73570243388e43347abb199d1bef9d461c94302a1d5eff20b	f36c7be0b65832b4a9cfe365697a413c326eae0f77db2a4eb2b060ca95f29725		49793449
ore_ont_3978.owl	137	ok	match	true	production_all	0.0992	14.52	0aa78e92d327c2e73570243388e43347abb199d1bef9d461c94302a1d5eff20b	b71dc4a127bef014fab3285bdfbb1cf4c4216f4a2e68455021c5192e132ccd2d		49793452
ore_ont_4033.owl	138	ok	match	true	production_all	11.239	1965.22	0aa78e92d327c2e73570243388e43347abb199d1bef9d461c94302a1d5eff20b	25a9dfe3607834ad90d624672276aede57eaf02784efa544063dd4489337adab		49793453
ore_ont_4054.owl	139	ok	match	true	production_all	11.6095	1712.41	0aa78e92d327c2e73570243388e43347abb199d1bef9d461c94302a1d5eff20b	5c77ef2e055526a9b27c3ab88ee1395c0c882c223570b27405d71ba35d66e5ef		49793456
ore_ont_4187.owl	140	ok	match	true	production_all	7.8587	1376.48	0aa78e92d327c2e73570243388e43347abb199d1bef9d461c94302a1d5eff20b	cef1b9f701cffb9b99d93deb4f140456ba23b035a4564400f836f9f85d471d9f		49793457
ore_ont_4205.owl	141	ok	match	true	production_all	16.5051	2079.11	0aa78e92d327c2e73570243388e43347abb199d1bef9d461c94302a1d5eff20b	59fe2ee75b8ea859b8dadcc4715d8591b3f1b41c2880e673b3a24ec9613a267c		49793458
ore_ont_4226.owl	142	ok	match	true	production_all	0.4161	48.86	0aa78e92d327c2e73570243388e43347abb199d1bef9d461c94302a1d5eff20b	a2c9fd27be406668497189b64f1f673b22ea55c2266d5417991166ab3fdc6685		49793459
ore_ont_4235.owl	143	ok	match	true	production_all	0.8093	197.8	0aa78e92d327c2e73570243388e43347abb199d1bef9d461c94302a1d5eff20b	059c0056376d51c12f6acbcb677a0cf1fd8d0d7f6102be275d5589d98c00c855		49793460
ore_ont_4382.owl	144	ok	match	true	production_all	0.0404	7.19	0aa78e92d327c2e73570243388e43347abb199d1bef9d461c94302a1d5eff20b	8bd0ba01b95a8a38e2bfca8f7deadc71c897cfb5999690720930f1e2cac57430		49793461
ore_ont_4383.owl	145	ok	match	true	production_all	0.1304	18.97	0aa78e92d327c2e73570243388e43347abb199d1bef9d461c94302a1d5eff20b	1e7c8f95f8b2b70c11e9442bd78155ef52288cc457dbd14c42fb2f77f510a315		49793462
ore_ont_4400.owl	146	ok	match	true	production_all	0.0407	9.38	0aa78e92d327c2e73570243388e43347abb199d1bef9d461c94302a1d5eff20b	716cfa2d10db6e72f4c010954339c97c77a6d7400ca7547d0b9b5313da0a07d0		49793463
ore_ont_4460.owl	147	ok	match	true	production_all	0.3117	53.04	0aa78e92d327c2e73570243388e43347abb199d1bef9d461c94302a1d5eff20b	4afcf15d32cdd9f6fb257c5e3935c76c482fec3a5ee5a4bf823d2c447801750e		49793464
ore_ont_4487.owl	148	ok	match	true	production_all	2.7504	618.53	0aa78e92d327c2e73570243388e43347abb199d1bef9d461c94302a1d5eff20b	7b1409b24f397a7d20f5d762e29936bf0731cd36c00c26743379c5b5e6ea6683		49793465
ore_ont_4527.owl	149	ok	match	true	production_all	0.0996	15.87	0aa78e92d327c2e73570243388e43347abb199d1bef9d461c94302a1d5eff20b	bc4c60af4746bace5e1ec2d8deb46c8fe9820e2ea43efd33a8c2012c8921fdd7		49793466
ore_ont_4557.owl	150	ok	match	true	production_all	18.6903	3499.21	0aa78e92d327c2e73570243388e43347abb199d1bef9d461c94302a1d5eff20b	25a9dfe3607834ad90d624672276aede57eaf02784efa544063dd4489337adab		49793468
ore_ont_4572.owl	151	ok	match	true	production_all	4.0076	352.89	0aa78e92d327c2e73570243388e43347abb199d1bef9d461c94302a1d5eff20b	c2aff89794b9370cc1203d175854919a112f6108c687c071701adb00dfb593d5		49793469
ore_ont_4578.owl	152	ok	match	true	production_all	0.219	34.81	0aa78e92d327c2e73570243388e43347abb199d1bef9d461c94302a1d5eff20b	28dfc47a6b572c7c94f510f067e8c416c66be2b4e826c29df6fb4e615d95915f		49793470
ore_ont_4604.owl	153	ok	match	true	production_all	12.6951	2689.47	0aa78e92d327c2e73570243388e43347abb199d1bef9d461c94302a1d5eff20b	d07c82fff63f66ce9e43811301a81def8459e9cac0593d2946d658c9220d7358		49793472
ore_ont_4617.owl	154	ok	match	true	production_all	3.4767	711.08	0aa78e92d327c2e73570243388e43347abb199d1bef9d461c94302a1d5eff20b	9a6830c5cb0fc8b5446fc048ca3d306977592262f881e96a5269e5ed3db0e02f		49793474
ore_ont_4655.owl	155	ok	match	true	production_all	0.1568	25.53	0aa78e92d327c2e73570243388e43347abb199d1bef9d461c94302a1d5eff20b	6b1945e00a8cb4bdfc5e2e33e163d8de34c7ab1d0dc1d2517212df3700e3805b		49793475
ore_ont_4662.owl	156	ok	match	true	production_all	0.6549	68.84	0aa78e92d327c2e73570243388e43347abb199d1bef9d461c94302a1d5eff20b	9bb1d2922d51430135d0f93a742d285f5f11dbdda53ba29af00564bf000ceaf2		49793476
ore_ont_4669.owl	157	ok	nogold	true	mirror_private	69.6804	5686.5	0aa78e92d327c2e73570243388e43347abb199d1bef9d461c94302a1d5eff20b	d02decbafe66d8a9f1afaf7385785b6937fe46c1f288a33113c83c2bbe805b96	independent_fulliri_private_mirror_oracle	49794816
ore_ont_4671.owl	158	ok	match	true	production_all	0.0413	8.44	0aa78e92d327c2e73570243388e43347abb199d1bef9d461c94302a1d5eff20b	c97eb0f0dcd44e6d1543b0f97489647ac526bab3c084879fa26cd5c312de500f		49793478
ore_ont_4724.owl	159	ok	match	true	production_all	0.0405	7.62	0aa78e92d327c2e73570243388e43347abb199d1bef9d461c94302a1d5eff20b	25a9dfe3607834ad90d624672276aede57eaf02784efa544063dd4489337adab		49793479
ore_ont_4732.owl	160	ok	match	true	production_all	0.3001	46.8	0aa78e92d327c2e73570243388e43347abb199d1bef9d461c94302a1d5eff20b	46a5ae2d7526b5fbfa69fa496d0dc165e4a3029c429477030e59fed16ddaf190		49793480
ore_ont_4755.owl	161	ok	match	true	production_all	16.0198	2127.82	0aa78e92d327c2e73570243388e43347abb199d1bef9d461c94302a1d5eff20b	d53fd97d7a9e7182998346d6a207bd4f4590e44960a6f8ebf0b047f0820d3380		49793481
ore_ont_4767.owl	162	ok	match	true	production_all	0.0411	7.19	0aa78e92d327c2e73570243388e43347abb199d1bef9d461c94302a1d5eff20b	118fcfc33f63b6900fac9d5a8cd382782b9e10a83b4ab069db64c64dd74a2cdb		49793482
ore_ont_4782.owl	163	ok	match	true	production_all	3.1995	703.27	0aa78e92d327c2e73570243388e43347abb199d1bef9d461c94302a1d5eff20b	7bd356f32241d05d26600550ab937c3970815adc6b9740c9d7bc71635958f354		49793483
ore_ont_4798.owl	164	ok	match	true	production_all	0.1312	24.8	0aa78e92d327c2e73570243388e43347abb199d1bef9d461c94302a1d5eff20b	5c6f359604affee99507cdd750dbbfc794e267be366dbb2e28d23195585173fc		49793484
ore_ont_4802.owl	165	ok	match	true	production_all	7.8429	1512.12	0aa78e92d327c2e73570243388e43347abb199d1bef9d461c94302a1d5eff20b	8a77d08a8524b902e299e2c4e026cdc793a8b242adddd352eba14a513af9900d		49793485
ore_ont_4827.owl	166	ok	match	true	production_all	0.3318	43.77	0aa78e92d327c2e73570243388e43347abb199d1bef9d461c94302a1d5eff20b	2cc60be5f9593807e81d890be80276803cda2324d524d0e06b748f407e70f636		49793487
ore_ont_4834.owl	167	ok	match	true	nominal_ni_abox	1.2113	597.74	0aa78e92d327c2e73570243388e43347abb199d1bef9d461c94302a1d5eff20b	7dcc501eb5c31fb38a279eae83ae4fe78d35fd6d9f1830cb61e6d0f66ebd395c		49793488
ore_ont_4856.owl	168	ok	match	true	production_all	0.041	7.19	0aa78e92d327c2e73570243388e43347abb199d1bef9d461c94302a1d5eff20b	a203954d51ec9ff1f842f8191198f002eb500d6f11ee88117a2d60d9130b7d05		49793489
ore_ont_4897.owl	169	ok	match	true	production_all	0.0704	9.23	0aa78e92d327c2e73570243388e43347abb199d1bef9d461c94302a1d5eff20b	c79f735a2915c0674b30dcfe287bfadb93722b9af47bdbb6d15643bf06773f51		49793490
ore_ont_5002.owl	170	ok	match	true	production_all	0.4187	49.03	0aa78e92d327c2e73570243388e43347abb199d1bef9d461c94302a1d5eff20b	0cb604f1415e8f094710b625d242b327bcefda1fbcaf3e206547d764c97ec371		49793491
ore_ont_5057.owl	171	ok	match	true	production_all	0.0407	9.06	0aa78e92d327c2e73570243388e43347abb199d1bef9d461c94302a1d5eff20b	152831133e59e099572e05c6a84187e14d67a555555d5cac0c30630216f5d97a		49793492
ore_ont_5080.owl	172	ok	match	true	production_all	0.0988	15.33	0aa78e92d327c2e73570243388e43347abb199d1bef9d461c94302a1d5eff20b	b3a15e89aee6c84449a55074504d7709a86bb94fb7c3adde4ae4441e8b0acc0a		49793493
ore_ont_5089.owl	173	ok	match	true	production_all	0.0416	7.19	0aa78e92d327c2e73570243388e43347abb199d1bef9d461c94302a1d5eff20b	149bc40d44a4b5cf2530c619c709e8cc0ad6700e7c2de2cbdad6d619b7b14890		49793494
ore_ont_5090.owl	174	ok	match	true	production_all	0.0405	6.88	0aa78e92d327c2e73570243388e43347abb199d1bef9d461c94302a1d5eff20b	4cb1a1e105b2edef858e03f294a792d695d67f4679b53fdab90b089e844ebde3		49793495
ore_ont_5103.owl	175	ok	match	true	production_all	1.4153	375.42	0aa78e92d327c2e73570243388e43347abb199d1bef9d461c94302a1d5eff20b	4903d6317aa1a70a7777f68cbc7fc9092557b46f0406719383043646969bd215		49793496
ore_ont_5107.owl	176	ok	match	true	certified_nominals	0.6934	159.46	0aa78e92d327c2e73570243388e43347abb199d1bef9d461c94302a1d5eff20b	54c6abc42b8192c3f0f0d7f80649e3f74a25c3c0eda139560322ce620014eab1		49793497
ore_ont_5164.owl	177	ok	match	true	production_all	0.0706	9.69	0aa78e92d327c2e73570243388e43347abb199d1bef9d461c94302a1d5eff20b	25a9dfe3607834ad90d624672276aede57eaf02784efa544063dd4489337adab		49793498
ore_ont_5184.owl	178	ok	match	true	certified_nominals	0.3019	38.11	0aa78e92d327c2e73570243388e43347abb199d1bef9d461c94302a1d5eff20b	143e732f871ebc460a396f90684b0f500244eb5620173e0cc45115a9d4cc3f98		49793499
ore_ont_5197.owl	179	ok	match	true	production_all	0.1289	22.89	0aa78e92d327c2e73570243388e43347abb199d1bef9d461c94302a1d5eff20b	ce38268ffd0a9fd4797e0a81f002835c27d284dccb0529b7acc2804307cb8173		49793500
ore_ont_5220.owl	180	ok	match	true	production_all	0.0411	10.59	0aa78e92d327c2e73570243388e43347abb199d1bef9d461c94302a1d5eff20b	47fec0cb02d47beba5839357b6043cae06cc6eabb68ba01322a1bd54acb9717c		49793501
ore_ont_5255.owl	181	ok	match	true	production_all	0.0408	6.56	0aa78e92d327c2e73570243388e43347abb199d1bef9d461c94302a1d5eff20b	db855d35339a166d888f70d54a013f5e7c1d81f161121cc6b83ca7b02d348409		49793502
ore_ont_5266.owl	182	ok	match	true	production_all	0.0698	12.89	0aa78e92d327c2e73570243388e43347abb199d1bef9d461c94302a1d5eff20b	11b062554512b7dc5030652d6359a4637466330cb93b1acbbe25eb81e28b7efc		49793504
ore_ont_5292.owl	183	ok	match	true	production_all	0.0416	8.41	0aa78e92d327c2e73570243388e43347abb199d1bef9d461c94302a1d5eff20b	8c9545998d1d886c8a4b0fbb652105564f4705b14a3cc49e38655a0fe3567ab7		49793505
ore_ont_5303.owl	184	ok	match	true	production_all	0.576	254.91	0aa78e92d327c2e73570243388e43347abb199d1bef9d461c94302a1d5eff20b	7f654cd28e91a63a528189ffca19da211d9a49b8531062db7c977b30a2fe3033		49793506
ore_ont_5404.owl	185	ok	match	true	production_all	0.0708	24.43	0aa78e92d327c2e73570243388e43347abb199d1bef9d461c94302a1d5eff20b	71de596972c733b7c2af887e6b31e07c34c2d5c13ea5cf6b555e99f23160f1f2		49793507
ore_ont_5462.owl	186	ok	match	true	production_all	0.3372	43.74	0aa78e92d327c2e73570243388e43347abb199d1bef9d461c94302a1d5eff20b	f11e631ca3131c02379b38db0d07616aa32976fd05aaf09a7abe368f79783668		49793508
ore_ont_5485.owl	187	ok	match	true	production_all	0.0694	13.75	0aa78e92d327c2e73570243388e43347abb199d1bef9d461c94302a1d5eff20b	6c33730d4bc6e1f6aa064f2e182593f9b6519c412c818788fe0699cb90c27b55		49793510
ore_ont_5487.owl	188	ok	match	true	production_all	0.4186	55.41	0aa78e92d327c2e73570243388e43347abb199d1bef9d461c94302a1d5eff20b	3079635fbc42ede00878bb4819e33f3ad4fcb8acac25c964e80439d229873a82		49793511
ore_ont_5519.owl	189	ok	match	true	production_all	25.8374	3594.56	0aa78e92d327c2e73570243388e43347abb199d1bef9d461c94302a1d5eff20b	a916c134368b9754f20d8daa6d7a9fd3ab83b8b2b146afb4de212242185d7993		49793512
ore_ont_5549.owl	190	ok	match	true	production_all	10.8801	1488.13	0aa78e92d327c2e73570243388e43347abb199d1bef9d461c94302a1d5eff20b	8e53f546be8c3e5a75323e982976ce736e03fdd7215f8151cee711479b994b36		49793513
ore_ont_5564.owl	191	ok	match	true	nominals	0.1023	42.21	0aa78e92d327c2e73570243388e43347abb199d1bef9d461c94302a1d5eff20b	f909e961886801e82b4341cd768807639aae0fceaa3d344678ce533d75916082		49793514
ore_ont_5566.owl	192	ok	match	true	production_all	8.7669	1765.98	0aa78e92d327c2e73570243388e43347abb199d1bef9d461c94302a1d5eff20b	9a91a28aeb27d670ce72b75b354b84de5859287d44eb902647b4f47bf051eb1f		49793515
ore_ont_5572.owl	193	ok	match	true	production_all	0.0706	9.69	0aa78e92d327c2e73570243388e43347abb199d1bef9d461c94302a1d5eff20b	794aad8468295c516d2a394f93d299714f490dacd1d968a6534cbe5a582bb488		49793516
ore_ont_5602.owl	194	ok	match	true	production_all	19.6575	3605.27	0aa78e92d327c2e73570243388e43347abb199d1bef9d461c94302a1d5eff20b	25a9dfe3607834ad90d624672276aede57eaf02784efa544063dd4489337adab		49793517
ore_ont_5612.owl	195	ok	match	true	production_all	7.3762	1362.57	0aa78e92d327c2e73570243388e43347abb199d1bef9d461c94302a1d5eff20b	6c0877b5e054be5e2cef3b76c276a9c5007025f8483e4230c7156c7a45774003		49793518
ore_ont_5665.owl	196	ok	match	true	production_all	0.0408	8.44	0aa78e92d327c2e73570243388e43347abb199d1bef9d461c94302a1d5eff20b	a76d933963fe7eb8acc2152ceb208fbfc847ee8140f09b4791d6d905f717ce42		49793519
ore_ont_5742.owl	197	ok	match	true	production_all	0.0406	6.25	0aa78e92d327c2e73570243388e43347abb199d1bef9d461c94302a1d5eff20b	1b748642d61733666eec435cb81094c0f59dcbf20443c391069e5a9c8ce51398		49793520
ore_ont_5755.owl	198	ok	match	true	production_all	5.9115	1042.08	0aa78e92d327c2e73570243388e43347abb199d1bef9d461c94302a1d5eff20b	0b8fb805974ec14b4df641131aa1c4af1eaed8babda4ab870378a05ef7aa26a0		49793522
ore_ont_5760.owl	199	ok	match	true	production_all	25.4446	4213.21	0aa78e92d327c2e73570243388e43347abb199d1bef9d461c94302a1d5eff20b	25a9dfe3607834ad90d624672276aede57eaf02784efa544063dd4489337adab		49793523
ore_ont_5781.owl	200	ok	match	true	production_all	5.3861	983.15	0aa78e92d327c2e73570243388e43347abb199d1bef9d461c94302a1d5eff20b	6698505bd0fd451a6061df5eff71203e6074cfc3d62e0022fe8b60d458be8237		49793573
ore_ont_5792.owl	201	ok	match	true	production_all	0.1914	31.85	0aa78e92d327c2e73570243388e43347abb199d1bef9d461c94302a1d5eff20b	07663e7029f71a58e44ff18ab67c370076dfb27460959b9943b138948cb9b7d5		49793579
ore_ont_5815.owl	202	ok	match	true	production_all	0.9845	227.02	0aa78e92d327c2e73570243388e43347abb199d1bef9d461c94302a1d5eff20b	25a9dfe3607834ad90d624672276aede57eaf02784efa544063dd4489337adab		49793580
ore_ont_5852.owl	203	ok	match	true	production_all	0.0408	6.56	0aa78e92d327c2e73570243388e43347abb199d1bef9d461c94302a1d5eff20b	5ec0c0065801b5eee139e6d08a289191c287abe064a95ac8fe9570e90d0f6fd6		49793583
ore_ont_5927.owl	204	ok	match	true	production_all	6.0833	1220.28	0aa78e92d327c2e73570243388e43347abb199d1bef9d461c94302a1d5eff20b	df5204236b942809dc9fff216bc1a3ccf523cc361d1cb9ca2a12b36456249647		49793584
ore_ont_5940.owl	205	ok	match	true	production_all	0.0996	12.19	0aa78e92d327c2e73570243388e43347abb199d1bef9d461c94302a1d5eff20b	7d92b7d06a4f4f6e5d69dfe3427cf620316b986e3c97336c481323b9e2c75541		49793585
ore_ont_5943.owl	206	ok	match	true	nominals	1.2715	623.31	0aa78e92d327c2e73570243388e43347abb199d1bef9d461c94302a1d5eff20b	a92d8283ca794f043d4e8674c1f149fff5ded6960d02750dd54c37511fec308a		49793588
ore_ont_5965.owl	207	ok	match	true	production_all	0.4776	54.91	0aa78e92d327c2e73570243388e43347abb199d1bef9d461c94302a1d5eff20b	25a9dfe3607834ad90d624672276aede57eaf02784efa544063dd4489337adab		49793589
ore_ont_5966.owl	208	ok	match	true	production_all	0.0408	7.81	0aa78e92d327c2e73570243388e43347abb199d1bef9d461c94302a1d5eff20b	9f144657403b390cde484ce7144557101ddc0f91cf7a58e006f06b139d34a829		49793590
ore_ont_5974.owl	209	ok	match	true	production_all	0.4789	54.91	0aa78e92d327c2e73570243388e43347abb199d1bef9d461c94302a1d5eff20b	25a9dfe3607834ad90d624672276aede57eaf02784efa544063dd4489337adab		49793591
ore_ont_6024.owl	210	ok	match	true	production_all	0.0412	8.12	0aa78e92d327c2e73570243388e43347abb199d1bef9d461c94302a1d5eff20b	fd38224abd125b5f5a24640e946131f4a4c693c31fb1e3bf11f13eb8401b5c86		49793595
ore_ont_6060.owl	211	ok	match	true	nominal_ni_abox	1.2176	590.95	0aa78e92d327c2e73570243388e43347abb199d1bef9d461c94302a1d5eff20b	d3e4063001c3e4438ded8d47f87d27a46d3dcbbe418ae052b9c635ae9671f559		49793597
ore_ont_6076.owl	212	ok	match	true	production_all	0.8394	69.86	0aa78e92d327c2e73570243388e43347abb199d1bef9d461c94302a1d5eff20b	bd10def3d41c1e22fc106a4cbd39c7210b16e4330ff04be9ec5c9520f93a5e36		49793598
ore_ont_6102.owl	213	ok	match	true	production_all	1.0873	275.98	0aa78e92d327c2e73570243388e43347abb199d1bef9d461c94302a1d5eff20b	b8b44da4d5df5135b881ed029d13a33eddb0b3560b437f3e39076c7a4d6cf04b		49793599
ore_ont_6198.owl	214	ok	match	true	production_all	0.649	50.99	0aa78e92d327c2e73570243388e43347abb199d1bef9d461c94302a1d5eff20b	3b1fad5e91e1894e3db6411002f05c0506a0878ae60f3d9f17d08307bfdc5660		49793601
ore_ont_6207.owl	215	ok	match	true	production_all	0.0405	6.88	0aa78e92d327c2e73570243388e43347abb199d1bef9d461c94302a1d5eff20b	621fca63e45cf2206f96f1a26dd7196ae091dfb92bc60a5b615905d46b91ea6d		49793602
ore_ont_6212.owl	216	ok	match	true	production_all	24.1338	2484.29	0aa78e92d327c2e73570243388e43347abb199d1bef9d461c94302a1d5eff20b	7ae073cdbffccf3be43a0cd32b533d98d7b44c29e3233acc91621715e1be1636		49793603
ore_ont_6223.owl	217	ok	match	true	production_all	19.6422	2447.53	0aa78e92d327c2e73570243388e43347abb199d1bef9d461c94302a1d5eff20b	dca4c38812f1ba96d632392754821ae3b2a1b9ab6e3bd84b2fa9046ddbe8a811		49793606
ore_ont_6226.owl	218	ok	match	true	production_all	0.041	11.84	0aa78e92d327c2e73570243388e43347abb199d1bef9d461c94302a1d5eff20b	0f6576b1f60718edccc3bc45fa9716c9c6d463b12f6b01e4df44986fa4ac97bb		49793609
ore_ont_6230.owl	219	ok	match	true	production_all	0.4199	48.9	0aa78e92d327c2e73570243388e43347abb199d1bef9d461c94302a1d5eff20b	65cd57dacb88edecf9f413022ff56ff1b53b173333a926445a1c708a5b12a13c		49793610
ore_ont_6233.owl	220	ok	match	true	production_all	40.7693	4509.0	0aa78e92d327c2e73570243388e43347abb199d1bef9d461c94302a1d5eff20b	25a9dfe3607834ad90d624672276aede57eaf02784efa544063dd4489337adab		49793611
ore_ont_6246.owl	221	ok	match	true	production_all	0.6151	53.45	0aa78e92d327c2e73570243388e43347abb199d1bef9d461c94302a1d5eff20b	93b7859c78179ff099816dd2be78351edf79d854aea8f8ae58fff6f666123a23		49793612
ore_ont_6310.owl	222	ok	match	true	production_all	1.3205	280.03	0aa78e92d327c2e73570243388e43347abb199d1bef9d461c94302a1d5eff20b	a68ac89973e199916c1ef7d8ff6b9fd7a85c8ec7524aec5f8266dac0dc0da328		49793613
ore_ont_6358.owl	223	ok	match	true	production_all	0.3116	53.41	0aa78e92d327c2e73570243388e43347abb199d1bef9d461c94302a1d5eff20b	26261a85079db13321a7de8c0b83f9f4d4a8843617179f0c1108386b659b98ca		49793616
ore_ont_6417.owl	224	ok	match	true	production_all	0.0707	9.06	0aa78e92d327c2e73570243388e43347abb199d1bef9d461c94302a1d5eff20b	25a9dfe3607834ad90d624672276aede57eaf02784efa544063dd4489337adab		49793621
ore_ont_6423.owl	225	ok	match	true	production_all	0.3069	74.0	0aa78e92d327c2e73570243388e43347abb199d1bef9d461c94302a1d5eff20b	d6182ad55cdcd6fa7a8d2bdc540436f4c71350f5dd7cfcf8f03c190b92679dd7		49793622
ore_ont_6433.owl	226	ok	match	true	production_all	0.4014	48.11	0aa78e92d327c2e73570243388e43347abb199d1bef9d461c94302a1d5eff20b	7796424c2b2f646b5a3fb8a63b90ddbfc014127b60de867be7a57388a6366d27		49793623
ore_ont_6453.owl	227	ok	match	true	production_all	0.4455	54.91	0aa78e92d327c2e73570243388e43347abb199d1bef9d461c94302a1d5eff20b	25a9dfe3607834ad90d624672276aede57eaf02784efa544063dd4489337adab		49793625
ore_ont_6477.owl	228	ok	match	true	production_all	19.3641	3254.19	0aa78e92d327c2e73570243388e43347abb199d1bef9d461c94302a1d5eff20b	01e8ae5dd77b83a67724a6e40f88ce2191f96e1f74003d90a67d0974f037a188		49793626
ore_ont_6566.owl	229	ok	match	true	production_all	0.0996	16.16	0aa78e92d327c2e73570243388e43347abb199d1bef9d461c94302a1d5eff20b	456de73651e72ad41cafa09ec4862170488fa58bfc96804cf0b22bf8bddcd79a		49793627
ore_ont_6589.owl	230	ok	match	true	nominals	0.0408	9.21	0aa78e92d327c2e73570243388e43347abb199d1bef9d461c94302a1d5eff20b	effa0eaa4edd98d52b7412297ea2f1305fb8161995434cba59061ec953abf851		49793628
ore_ont_6659.owl	231	ok	match	true	production_all	2.2013	533.92	0aa78e92d327c2e73570243388e43347abb199d1bef9d461c94302a1d5eff20b	ebca2b615596b2796e548fc678858b7e399a9eba523ee96579bef889d19801cf		49793629
ore_ont_6682.owl	232	ok	match	true	production_all	35.696	7886.7	0aa78e92d327c2e73570243388e43347abb199d1bef9d461c94302a1d5eff20b	0a7e90878ba8715efca484296498d433cf7ab87612dc369aacb545029d3e93e3		49793630
ore_ont_6696.owl	233	ok	match	true	production_all	0.0696	11.88	0aa78e92d327c2e73570243388e43347abb199d1bef9d461c94302a1d5eff20b	2d805b780f699bee6f128c54f0e3b589416c072e1830309a93bbc64f730a5d81		49793633
ore_ont_6720.owl	234	ok	match	true	production_all	0.0412	9.06	0aa78e92d327c2e73570243388e43347abb199d1bef9d461c94302a1d5eff20b	3c48c283d1292f55fe67383942d35be768499f1f96e83f0adf812c000ac3b9dd		49793635
ore_ont_6722.owl	235	ok	match	true	production_all	7.9591	1137.68	0aa78e92d327c2e73570243388e43347abb199d1bef9d461c94302a1d5eff20b	4564dd0471d31889baa9329a691ff22bf09d5125cbec7d460810722b7c25a901		49793636
ore_ont_6735.owl	236	ok	match	true	production_all	0.0411	6.56	0aa78e92d327c2e73570243388e43347abb199d1bef9d461c94302a1d5eff20b	568b20ec22f256e9bd4fc9fcf15cf4b3157021cf963d60142af61ee8f90294a8		49793639
ore_ont_6751.owl	237	ok	match	true	production_all	0.2507	40.87	0aa78e92d327c2e73570243388e43347abb199d1bef9d461c94302a1d5eff20b	5c1fe0699854aa6c4f891ae1122faf848af88deaf57d6d6a18959e0c89e90df6		49793640
ore_ont_6765.owl	238	ok	match	true	nominals	10.8528	1591.85	0aa78e92d327c2e73570243388e43347abb199d1bef9d461c94302a1d5eff20b	f4cfde7f23bbb2df47ece80129e120bd127df90b2793cfc5fe5bfe924b0bad33		49793641
ore_ont_6796.owl	239	ok	match	true	production_all	0.0407	7.5	0aa78e92d327c2e73570243388e43347abb199d1bef9d461c94302a1d5eff20b	75b6c8b0da2fa48dcb7812afec56880fd64859eea8a24c86d2dd2f6c6e159e13		49793645
ore_ont_6812.owl	240	ok	match	true	production_all	0.0406	6.88	0aa78e92d327c2e73570243388e43347abb199d1bef9d461c94302a1d5eff20b	1b748642d61733666eec435cb81094c0f59dcbf20443c391069e5a9c8ce51398		49793646
ore_ont_6817.owl	241	ok	match	true	production_all	0.0997	16.16	0aa78e92d327c2e73570243388e43347abb199d1bef9d461c94302a1d5eff20b	2a47d8eb1298a2a53d28da4d78f897a04fbc8dcd17e84c2dd3306c341f87ecec		49793647
ore_ont_6855.owl	242	ok	match	true	nominals	0.0706	20.46	0aa78e92d327c2e73570243388e43347abb199d1bef9d461c94302a1d5eff20b	53a658f652f9df7a203289d89ad485dc611e4451cbca395eaaf186dd63f1a2df		49793649
ore_ont_6869.owl	243	ok	match	true	production_all	0.2811	48.98	0aa78e92d327c2e73570243388e43347abb199d1bef9d461c94302a1d5eff20b	222d0c9496adf87472570ce6385aec3f1d0854a9222db549213d721ed89e6940		49793651
ore_ont_6870.owl	244	ok	match	true	production_all	0.3094	46.25	0aa78e92d327c2e73570243388e43347abb199d1bef9d461c94302a1d5eff20b	b073c08ca62b95b0d634eab18aaff4fefe8d4cea94718a22b13e75f9f7cdac85		49793653
ore_ont_6934.owl	245	ok	match	true	nominal_ni_abox	203.4603	1432.59	0aa78e92d327c2e73570243388e43347abb199d1bef9d461c94302a1d5eff20b	5e60a794400802833a9d5785abb6320b7b13d702e48a4c810462bad6c1fc931e		49793654
ore_ont_6999.owl	246	ok	match	true	certified_nominals	0.3036	94.41	0aa78e92d327c2e73570243388e43347abb199d1bef9d461c94302a1d5eff20b	db669ccdb7494f564a988b9f8cf0084b3714c0feb590e272fb75185f2de1c1d3		49793656
ore_ont_7003.owl	247	ok	match	true	production_all	0.0411	7.37	0aa78e92d327c2e73570243388e43347abb199d1bef9d461c94302a1d5eff20b	25a9dfe3607834ad90d624672276aede57eaf02784efa544063dd4489337adab		49793657
ore_ont_7025.owl	248	ok	match	true	nominals	1.361	630.0	0aa78e92d327c2e73570243388e43347abb199d1bef9d461c94302a1d5eff20b	d46b11fc71dde82bf5ef0a349d3b41a845c9f34f60e8959d9783216dac92d420		49793658
ore_ont_7052.owl	249	ok	match	true	nominals	0.0411	12.09	0aa78e92d327c2e73570243388e43347abb199d1bef9d461c94302a1d5eff20b	3c48c283d1292f55fe67383942d35be768499f1f96e83f0adf812c000ac3b9dd		49793659
ore_ont_7120.owl	250	ok	match	true	production_all	0.07	13.93	0aa78e92d327c2e73570243388e43347abb199d1bef9d461c94302a1d5eff20b	9448c0d4cf3dfd61d5ba709b2126df314cf4e7ae4c0d1743e9e02490c6743559		49793660
ore_ont_7127.owl	251	ok	match	true	production_all	10.7157	2111.59	0aa78e92d327c2e73570243388e43347abb199d1bef9d461c94302a1d5eff20b	6d60a4b9434307896c1d29c6e289b5379fe2d39b68754be2d07ab82682ab6235		49793661
ore_ont_7169.owl	252	ok	match	true	production_all	0.0696	10.62	0aa78e92d327c2e73570243388e43347abb199d1bef9d461c94302a1d5eff20b	c4515c4f4b99d254b5a695ba508e733b17b41696846c36d6e118dea92ff46e93		49793662
ore_ont_7195.owl	253	ok	match	true	production_all	0.3718	43.34	0aa78e92d327c2e73570243388e43347abb199d1bef9d461c94302a1d5eff20b	03accb67d6d40c5c42a9da8431fcefdc8f3c9811fd69b5efc5562d65b4347e9d		49793663
ore_ont_7216.owl	254	ok	match	true	production_all	0.1621	47.72	0aa78e92d327c2e73570243388e43347abb199d1bef9d461c94302a1d5eff20b	3d88a915669fdbb2f868940740069281997953e43042ae1ada668f2b385e3754		49793664
ore_ont_7218.owl	255	ok	match	true	production_all	0.2194	31.51	0aa78e92d327c2e73570243388e43347abb199d1bef9d461c94302a1d5eff20b	c83b420eb9e3ac17fbc453ffe5e2d42074c33e5356f719a005abacab486da9e1		49793665
ore_ont_7220.owl	256	ok	match	true	production_all	0.0415	9.69	0aa78e92d327c2e73570243388e43347abb199d1bef9d461c94302a1d5eff20b	c8cc206848dedf9ea7f8187f4b84146cc843be24d1d6f9739b996703419c6f36		49793666
ore_ont_7234.owl	257	ok	match	true	production_all	0.5379	56.41	0aa78e92d327c2e73570243388e43347abb199d1bef9d461c94302a1d5eff20b	8ff975eebd5a426ae5eab822f03c8620c76c8dfb17415f7488768d9facb69e75		49793667
ore_ont_7246.owl	258	ok	match	true	production_all	31.2161	5513.11	0aa78e92d327c2e73570243388e43347abb199d1bef9d461c94302a1d5eff20b	1fdf3d773ce6278032b0975ae42432254a22696e360cb41cffd0e4af032d0537		49793668
ore_ont_7251.owl	259	ok	match	true	production_all	0.5103	57.57	0aa78e92d327c2e73570243388e43347abb199d1bef9d461c94302a1d5eff20b	734ac944226aedb079df6235f3a610f16608c4e87dc06507fee67dfb94131f04		49793669
ore_ont_7256.owl	260	ok	match	true	production_all	1.603	360.23	0aa78e92d327c2e73570243388e43347abb199d1bef9d461c94302a1d5eff20b	25a9dfe3607834ad90d624672276aede57eaf02784efa544063dd4489337adab		49793672
ore_ont_7270.owl	261	ok	match	true	production_all	0.0416	6.88	0aa78e92d327c2e73570243388e43347abb199d1bef9d461c94302a1d5eff20b	881f2546efa252840c0a44322691d9a1341b87054d9105d0362ccb4eb5c55225		49793673
ore_ont_7300.owl	262	ok	match	true	production_all	1.6348	361.71	0aa78e92d327c2e73570243388e43347abb199d1bef9d461c94302a1d5eff20b	f3a81da56d8936d963e8da5a6732f0fbde31d99db78f602deecc01783e44b358		49793674
ore_ont_7320.owl	263	ok	match	true	nominal_ni_abox	1.2453	603.95	0aa78e92d327c2e73570243388e43347abb199d1bef9d461c94302a1d5eff20b	13356683a3a33f75b61c73cd89d37568c8babcdc8082d7ea0be3fecef4c96f69		49793676
ore_ont_7340.owl	264	ok	match	true	production_all	8.1994	1588.74	0aa78e92d327c2e73570243388e43347abb199d1bef9d461c94302a1d5eff20b	b727a7735e45785e7fd4b0d77f5752a29d01036cac0589233213015fcd0f4505		49793679
ore_ont_7343.owl	265	ok	match	true	production_all	4.5459	1133.61	0aa78e92d327c2e73570243388e43347abb199d1bef9d461c94302a1d5eff20b	25a9dfe3607834ad90d624672276aede57eaf02784efa544063dd4489337adab		49793680
ore_ont_7409.owl	266	ok	match	true	nominals	7.9023	1911.25	0aa78e92d327c2e73570243388e43347abb199d1bef9d461c94302a1d5eff20b	dbed370744689df90ceffaea08d2c6f77e205c80fcb51bb68029322c375abec7		49793681
ore_ont_7417.owl	267	ok	match	true	nominals	0.0409	6.94	0aa78e92d327c2e73570243388e43347abb199d1bef9d461c94302a1d5eff20b	5df147bd114ac6ebdefd0fd6c02a07ceb1d45ed947a03f98c077d15d11bc2043		49793682
ore_ont_7418.owl	268	ok	match	true	production_all	0.0713	10.3	0aa78e92d327c2e73570243388e43347abb199d1bef9d461c94302a1d5eff20b	25a9dfe3607834ad90d624672276aede57eaf02784efa544063dd4489337adab		49793683
ore_ont_7439.owl	269	ok	match	true	production_all	0.4196	49.07	0aa78e92d327c2e73570243388e43347abb199d1bef9d461c94302a1d5eff20b	a2c9fd27be406668497189b64f1f673b22ea55c2266d5417991166ab3fdc6685		49793684
ore_ont_7455.owl	270	ok	match	true	production_all	3.7146	683.79	0aa78e92d327c2e73570243388e43347abb199d1bef9d461c94302a1d5eff20b	94f1b9a52fc04d8b77a815c4dba31d99b3f4ea184d10118c0fe15d2322b8da65		49793685
ore_ont_7474.owl	271	ok	match	true	nominals	10.7772	1588.88	0aa78e92d327c2e73570243388e43347abb199d1bef9d461c94302a1d5eff20b	d8a0ecd1c05efc6540c190219022cbf2596edddcae5850b92e7c19bdfe5ed6c3		49793686
ore_ont_7482.owl	272	ok	match	true	production_all	0.0409	6.88	0aa78e92d327c2e73570243388e43347abb199d1bef9d461c94302a1d5eff20b	aa43997598571957c3e4fcdb5cb14dd1185fb593bc966e197af4fb71bb9d8960		49793687
ore_ont_7493.owl	273	ok	match	true	production_all	1.8816	362.79	0aa78e92d327c2e73570243388e43347abb199d1bef9d461c94302a1d5eff20b	c46365c28ab506d47204cdcb689e860bba483b13191b4646ffa2ce9831e4099d		49793689
ore_ont_7499.owl	274	ok	match	true	certified_card_proxy_abox	87.0392	2464.15	0aa78e92d327c2e73570243388e43347abb199d1bef9d461c94302a1d5eff20b	f82850c6582131358cd9ecc108888e2131734900cf687d055a7a7c0f4fece17d		49793690
ore_ont_7567.owl	275	ok	match	true	production_all	6.4931	1362.2	0aa78e92d327c2e73570243388e43347abb199d1bef9d461c94302a1d5eff20b	aa75019ee58185ca3802480986d3948301c7dc7b9f5316b09b0e61ae3c41d92d		49793691
ore_ont_7576.owl	276	ok	match	true	production_all	0.0407	7.19	0aa78e92d327c2e73570243388e43347abb199d1bef9d461c94302a1d5eff20b	b397cda8a43a43ced776b8d3b7dbdb5774579fa035364a30976b207a127c1028		49793693
ore_ont_7581.owl	277	ok	match	true	production_all	20.3209	4379.31	0aa78e92d327c2e73570243388e43347abb199d1bef9d461c94302a1d5eff20b	d54544ddd6a2f4e91994f13794369403aaa5fd0a5de2c24e8df517e89580021d		49793694
ore_ont_7608.owl	278	ok	match	true	production_all	0.3917	52.54	0aa78e92d327c2e73570243388e43347abb199d1bef9d461c94302a1d5eff20b	151a5767650248760c9540f5134bd6941f23d222ac6cb9ed9d458998b9118ab0		49793695
ore_ont_7639.owl	279	ok	match	true	production_all	0.0413	9.88	0aa78e92d327c2e73570243388e43347abb199d1bef9d461c94302a1d5eff20b	0f454f1459631f12284f48aec1c94aab8f7c34d7fd299e7f4aaee4733d694980		49793696
ore_ont_7663.owl	280	ok	match	true	production_all	0.041	7.81	0aa78e92d327c2e73570243388e43347abb199d1bef9d461c94302a1d5eff20b	bdfac28194877cd85b581a35583329ca129f2cdea9a9cdc366adb73c0615400a		49793697
ore_ont_7716.owl	281	ok	match	true	production_all	1.0961	282.79	0aa78e92d327c2e73570243388e43347abb199d1bef9d461c94302a1d5eff20b	dd3b5bbe7f4a013d8a153f64f72551e43a927e98bb7fee179c0578db0581d568		49793698
ore_ont_7726.owl	282	ok	match	true	production_all	0.4277	51.45	0aa78e92d327c2e73570243388e43347abb199d1bef9d461c94302a1d5eff20b	311a7aa3709f273afb66ff6411d52f4fc995238d84b3102677a5e6ef86c4c392		49793699
ore_ont_7728.owl	283	ok	match	true	production_all	5.6629	1169.98	0aa78e92d327c2e73570243388e43347abb199d1bef9d461c94302a1d5eff20b	3537c300fef513b1f95cbc12ac6827cdffd438bfb9ba466e971464c2b77bd576		49793702
ore_ont_7775.owl	284	ok	match	true	production_all	0.1895	58.85	0aa78e92d327c2e73570243388e43347abb199d1bef9d461c94302a1d5eff20b	55d6d20356364ed92a7cbda694127429aeeeb731cd3403cc51883db1ba926d0a		49793703
ore_ont_7831.owl	285	ok	match	true	production_all	1.3888	382.62	0aa78e92d327c2e73570243388e43347abb199d1bef9d461c94302a1d5eff20b	25a9dfe3607834ad90d624672276aede57eaf02784efa544063dd4489337adab		49793705
ore_ont_7868.owl	286	ok	match	true	production_all	9.2937	1751.91	0aa78e92d327c2e73570243388e43347abb199d1bef9d461c94302a1d5eff20b	4019d9513c497d61fb25100283859e81b66ffeb8e055b430d1e50f947772db73		49793706
ore_ont_7890.owl	287	ok	match	true	production_all	0.0412	7.19	0aa78e92d327c2e73570243388e43347abb199d1bef9d461c94302a1d5eff20b	28a1e49d14379cb1f82aaf14e3c9ef1df435861077b31111dec9d947d4225a51		49793707
ore_ont_7901.owl	288	ok	match	true	production_all	0.1578	17.96	0aa78e92d327c2e73570243388e43347abb199d1bef9d461c94302a1d5eff20b	f295da304477c4374ae0a079f38e43b434c23a1e6933ee2cc9876c5711a3f9bb		49793708
ore_ont_7914.owl	289	ok	match	true	production_all	46.0654	9118.12	0aa78e92d327c2e73570243388e43347abb199d1bef9d461c94302a1d5eff20b	5dfdc6168df75c9a1e2dd6485ea1d5b4bf9af6307ea210e9cd1634262e981923		49793709
ore_ont_7956.owl	290	ok	match	true	production_all	6.4006	1256.22	0aa78e92d327c2e73570243388e43347abb199d1bef9d461c94302a1d5eff20b	aebf3b95b4ccf23d1c411a1c30e74773f1b6bbfd775c75a97210b7992cdb471d		49793712
ore_ont_7993.owl	291	ok	match	true	production_all	23.0358	4098.64	0aa78e92d327c2e73570243388e43347abb199d1bef9d461c94302a1d5eff20b	25a9dfe3607834ad90d624672276aede57eaf02784efa544063dd4489337adab		49793716
ore_ont_8006.owl	292	ok	match	true	nominals	0.2801	110.39	0aa78e92d327c2e73570243388e43347abb199d1bef9d461c94302a1d5eff20b	e40a3abda27e0256fd3fc4e4a661444b9097852a17e2cf599e9c252eabadabe5		49793717
ore_ont_8021.owl	293	ok	match	true	production_all	0.0405	9.38	0aa78e92d327c2e73570243388e43347abb199d1bef9d461c94302a1d5eff20b	f1c1aff96369c4199e413436dcd3a0d45b449393826940589aad2446b3122753		49793718
ore_ont_8068.owl	294	ok	match	true	production_all	9.732	1367.45	0aa78e92d327c2e73570243388e43347abb199d1bef9d461c94302a1d5eff20b	5c2ab9b4b26ecff56fd8e5c58caf281e5feb460455d6e03e7231cb2e3f65d601		49793720
ore_ont_8135.owl	295	ok	match	true	production_all	0.07	10.09	0aa78e92d327c2e73570243388e43347abb199d1bef9d461c94302a1d5eff20b	9251a47de72167549d5ded7d510bf8d803f42b3c0a1ad48a7374556417c186d9		49793722
ore_ont_8145.owl	296	ok	match	true	production_all	4.3741	1159.88	0aa78e92d327c2e73570243388e43347abb199d1bef9d461c94302a1d5eff20b	25a9dfe3607834ad90d624672276aede57eaf02784efa544063dd4489337adab		49793724
ore_ont_8169.owl	297	ok	match	true	production_all	0.0407	6.56	0aa78e92d327c2e73570243388e43347abb199d1bef9d461c94302a1d5eff20b	ea6c013a1f02885a5417d8db9efecd7258fe49a6a6b9b6f24b6332e245a117b4		49793725
ore_ont_8175.owl	298	ok	match	true	production_all	0.1295	17.72	0aa78e92d327c2e73570243388e43347abb199d1bef9d461c94302a1d5eff20b	ae99b783760a88e6b52f52e8fc649a680d05124b89be44322252f8d9a4e9b7b8		49793726
ore_ont_8298.owl	299	ok	match	true	production_all	0.0992	16.0	0aa78e92d327c2e73570243388e43347abb199d1bef9d461c94302a1d5eff20b	e832933cc9322364c76e54ba0f51d9548d6c2077fed14e9a627e5529006be3d7		49793727
ore_ont_8322.owl	300	ok	match	true	nominals	12.1798	1745.54	0aa78e92d327c2e73570243388e43347abb199d1bef9d461c94302a1d5eff20b	3c47845e47bf260331395c02e3ce3c65fed55eb04a364eceadf9a50b552821e0		49793728
ore_ont_8329.owl	301	ok	match	true	production_all	0.2522	32.91	0aa78e92d327c2e73570243388e43347abb199d1bef9d461c94302a1d5eff20b	c83b420eb9e3ac17fbc453ffe5e2d42074c33e5356f719a005abacab486da9e1		49793729
ore_ont_8347.owl	302	ok	match	true	production_all	0.2788	41.17	0aa78e92d327c2e73570243388e43347abb199d1bef9d461c94302a1d5eff20b	2e3d43d2ccdef95965bb116db6a147ac1c9436689d91642fdc0a0ae516665943		49793730
ore_ont_8369.owl	303	ok	match	true	production_all	0.0716	9.06	0aa78e92d327c2e73570243388e43347abb199d1bef9d461c94302a1d5eff20b	25a9dfe3607834ad90d624672276aede57eaf02784efa544063dd4489337adab		49793731
ore_ont_8462.owl	304	ok	match	true	production_all	0.0709	9.06	0aa78e92d327c2e73570243388e43347abb199d1bef9d461c94302a1d5eff20b	25a9dfe3607834ad90d624672276aede57eaf02784efa544063dd4489337adab		49793733
ore_ont_8480.owl	305	ok	match	true	nominals	22.6475	5291.89	0aa78e92d327c2e73570243388e43347abb199d1bef9d461c94302a1d5eff20b	ac1340ed5caad4831da799f8842d2893e8d9f310dce3d084390affed2072a4a6		49793734
ore_ont_8486.owl	306	ok	match	true	production_all	53.3673	4935.58	0aa78e92d327c2e73570243388e43347abb199d1bef9d461c94302a1d5eff20b	e8538c62c6e3407ba8b6f280e031e7778ea96154b374ccb60e0e9aeca2c8a742		49793736
ore_ont_8492.owl	307	ok	match	true	production_all	0.4199	48.91	0aa78e92d327c2e73570243388e43347abb199d1bef9d461c94302a1d5eff20b	65cd57dacb88edecf9f413022ff56ff1b53b173333a926445a1c708a5b12a13c		49793737
ore_ont_8557.owl	308	ok	match	true	production_all	2.3301	631.67	0aa78e92d327c2e73570243388e43347abb199d1bef9d461c94302a1d5eff20b	25a9dfe3607834ad90d624672276aede57eaf02784efa544063dd4489337adab		49793738
ore_ont_8579.owl	309	ok	match	true	production_all	0.3097	42.38	0aa78e92d327c2e73570243388e43347abb199d1bef9d461c94302a1d5eff20b	25a9dfe3607834ad90d624672276aede57eaf02784efa544063dd4489337adab		49793740
ore_ont_8634.owl	310	ok	match	true	production_all	3.239	703.98	0aa78e92d327c2e73570243388e43347abb199d1bef9d461c94302a1d5eff20b	7e3f4f2b20876c80b4f4c449df65b6cbc2ee89ce460335c802183fd013914ddc		49793741
ore_ont_8641.owl	311	ok	match	true	production_all	0.2481	28.04	0aa78e92d327c2e73570243388e43347abb199d1bef9d461c94302a1d5eff20b	f28ec1c5ea5f0658828881e84767eaceaf4d7075058f90e8ed3c02de5bcf87e3		49793742
ore_ont_8667.owl	312	ok	match	true	production_all	0.0414	6.25	0aa78e92d327c2e73570243388e43347abb199d1bef9d461c94302a1d5eff20b	7e6ad8de8a1f7ae523024c33c5dda271da9e1d5229bd795b78a7f45b55fdfee5		49793743
ore_ont_8730.owl	313	ok	match	true	production_all	0.099	30.47	0aa78e92d327c2e73570243388e43347abb199d1bef9d461c94302a1d5eff20b	49bbd16d161499bca9c39a7c91db140777f3181f91d095be67c258599383b106		49793744
ore_ont_8737.owl	314	ok	match	true	production_all	111.8753	9984.48	0aa78e92d327c2e73570243388e43347abb199d1bef9d461c94302a1d5eff20b	25a9dfe3607834ad90d624672276aede57eaf02784efa544063dd4489337adab		49793745
ore_ont_8744.owl	315	ok	match	true	production_all	0.1287	17.72	0aa78e92d327c2e73570243388e43347abb199d1bef9d461c94302a1d5eff20b	d713f119f4ce447a586bfb40e881c98b8c953c4a5055106a42abe8529e26e0de		49793746
ore_ont_8759.owl	316	ok	match	true	production_all	0.1601	27.19	0aa78e92d327c2e73570243388e43347abb199d1bef9d461c94302a1d5eff20b	dc8dba3248ce86b519e958417ad4c4002c3773fde402451f98bc052f131f8f31		49793748
ore_ont_8792.owl	317	ok	match	true	production_all	0.7529	80.8	0aa78e92d327c2e73570243388e43347abb199d1bef9d461c94302a1d5eff20b	cc8ed26f34adca4dd9418c34241a6b1a4a77d65ca564619e47b9ceeb308ef87b		49793749
ore_ont_8806.owl	318	ok	match	true	production_all	0.0413	6.88	0aa78e92d327c2e73570243388e43347abb199d1bef9d461c94302a1d5eff20b	ba414f74ab3e7b966cd457b609dabae6ba612401e7274ca55d7881bc9d22987c		49793750
ore_ont_8864.owl	319	ok	match	true	production_all	0.7405	69.86	0aa78e92d327c2e73570243388e43347abb199d1bef9d461c94302a1d5eff20b	159a022b4f747d2d997be119b1931f66afb88d8f3178ce39578474349bc072e1		49793751
ore_ont_8937.owl	320	ok	match	true	production_all	0.0406	6.56	0aa78e92d327c2e73570243388e43347abb199d1bef9d461c94302a1d5eff20b	64fc5b419fe9b852ab9cf2f041610574b2172f0b82fdccaa1be515d0dc303e22		49793752
ore_ont_8941.owl	321	ok	match	true	nominals	0.0419	9.28	0aa78e92d327c2e73570243388e43347abb199d1bef9d461c94302a1d5eff20b	3c48c283d1292f55fe67383942d35be768499f1f96e83f0adf812c000ac3b9dd		49793753
ore_ont_8974.owl	322	ok	match	true	production_all	0.0406	6.88	0aa78e92d327c2e73570243388e43347abb199d1bef9d461c94302a1d5eff20b	1c432924c500260bbb560ba78e947ea3b0024c5972c5c62446d653f8aab82707		49793754
ore_ont_8982.owl	323	ok	match	true	production_all	8.369	1720.8	0aa78e92d327c2e73570243388e43347abb199d1bef9d461c94302a1d5eff20b	1c1d0d6b85946a2f8329e9e475abff843d882bca0287daf3cbff8b3714e65d12		49793755
ore_ont_8999.owl	324	ok	match	true	nominals	10.3655	1575.94	0aa78e92d327c2e73570243388e43347abb199d1bef9d461c94302a1d5eff20b	97d6d9eb3b55d3f801af85340de71c922ff497f5e0b9ee8e21994c3ff6c8fc88		49793756
ore_ont_9002.owl	325	ok	match	true	production_all	0.0704	10.0	0aa78e92d327c2e73570243388e43347abb199d1bef9d461c94302a1d5eff20b	99d0faced2959471b60d0a67e805997d23dd3321683895b93ca62646f3ba0259		49793757
ore_ont_9014.owl	326	ok	match	true	production_all	0.251	34.44	0aa78e92d327c2e73570243388e43347abb199d1bef9d461c94302a1d5eff20b	ce8e2abddc8b99ee5b90fd21def4355dfa9a5fac43a6e72b093db0e5a4ed6c84		49793758
ore_ont_9020.owl	327	ok	match	true	production_all	0.1595	23.59	0aa78e92d327c2e73570243388e43347abb199d1bef9d461c94302a1d5eff20b	25a9dfe3607834ad90d624672276aede57eaf02784efa544063dd4489337adab		49793759
ore_ont_9024.owl	328	ok	match	true	production_all	0.4817	179.65	0aa78e92d327c2e73570243388e43347abb199d1bef9d461c94302a1d5eff20b	0205fe9d5bff8d6ac81af28ac8ca71cf10b61b85998e5e70242fdd9be69af349		49793760
ore_ont_9031.owl	329	ok	match	true	production_all	0.0409	6.56	0aa78e92d327c2e73570243388e43347abb199d1bef9d461c94302a1d5eff20b	0e5701300cb5b8f0a6c312b537991848cadb3b0f94a7bf40999cee4fa10694a5		49793761
ore_ont_9096.owl	330	ok	match	true	nominals	0.1897	54.66	0aa78e92d327c2e73570243388e43347abb199d1bef9d461c94302a1d5eff20b	f3b5d8340ae8952054a204146b16e5e82818390360e61cd62831da4c24b7867f		49793762
ore_ont_9400.owl	331	ok	match	true	production_all	15.608	2295.75	0aa78e92d327c2e73570243388e43347abb199d1bef9d461c94302a1d5eff20b	ed813c6bb729688629abd57498c392f2b9c59e451076692d26d323cf17b5b4f8		49793763
ore_ont_9435.owl	332	ok	match	true	production_all	0.1291	19.28	0aa78e92d327c2e73570243388e43347abb199d1bef9d461c94302a1d5eff20b	bab32340487d9aa994aee6bdaf676387d6926cc59863cba1314a0a6e18015ea7		49793764
ore_ont_9498.owl	333	ok	match	true	production_all	21.6751	3360.16	0aa78e92d327c2e73570243388e43347abb199d1bef9d461c94302a1d5eff20b	c914feef45d9a4d58fa282a84a58b29a7872e69a5cf0a0dfb7ecc6fbbd2ad83a		49793765
ore_ont_9499.owl	334	ok	match	true	production_all	16.5947	2457.9	0aa78e92d327c2e73570243388e43347abb199d1bef9d461c94302a1d5eff20b	fabf3860014083f4e7c6d1d0775efe1dda40bb124bf6b4619c1876a9f9ce17d7		49793766
ore_ont_9509.owl	335	ok	match	true	production_all	0.0411	6.25	0aa78e92d327c2e73570243388e43347abb199d1bef9d461c94302a1d5eff20b	6dfd8cd44c067cdcb5a447f5a0784d0ac3b59f0323ba1fc7d4e3cb65ca402c53		49793767
ore_ont_9513.owl	336	ok	match	true	production_all	0.4534	54.33	0aa78e92d327c2e73570243388e43347abb199d1bef9d461c94302a1d5eff20b	b1066b92f86cd2250dcc3e4f9d6e0d6a47ba59ae0608d54dcef83b1e86cfcc63		49793768
ore_ont_9540.owl	337	ok	match	true	certified_card_nominals	0.7934	123.75	0aa78e92d327c2e73570243388e43347abb199d1bef9d461c94302a1d5eff20b	973e3ccc38715145084b7fb36d95be8b4824aaa80931af741fbff473c7aa7e61		49793769
ore_ont_9557.owl	338	ok	match	true	nominals	0.102	49.84	0aa78e92d327c2e73570243388e43347abb199d1bef9d461c94302a1d5eff20b	09b5dccb229d2940f720397ba57fae3d2e043099ed5fd4d41189946d9d8fe955		49793772
ore_ont_9567.owl	339	ok	match	true	production_all	5.8898	1053.15	0aa78e92d327c2e73570243388e43347abb199d1bef9d461c94302a1d5eff20b	0b8fb805974ec14b4df641131aa1c4af1eaed8babda4ab870378a05ef7aa26a0		49793773
ore_ont_9590.owl	340	ok	match	true	production_all	0.3015	41.38	0aa78e92d327c2e73570243388e43347abb199d1bef9d461c94302a1d5eff20b	df32deb27449bcec194c3446ed312e9c77f71f413ebfe65ce6192a5563336ff6		49793774
ore_ont_9598.owl	341	ok	match	true	production_all	0.0697	14.29	0aa78e92d327c2e73570243388e43347abb199d1bef9d461c94302a1d5eff20b	007a7c6b5298f817cc16cad9262411ac152ca7efbc034b87fcf0a608dcf3739c		49793776
ore_ont_9612.owl	342	ok	match	true	production_all	0.3736	47.66	0aa78e92d327c2e73570243388e43347abb199d1bef9d461c94302a1d5eff20b	f36c7be0b65832b4a9cfe365697a413c326eae0f77db2a4eb2b060ca95f29725		49793777
ore_ont_9635.owl	343	ok	match	true	certified_nominals	0.1572	34.75	0aa78e92d327c2e73570243388e43347abb199d1bef9d461c94302a1d5eff20b	05ec2b7af10ca0553fabdf219377baf556044a8a0e3b71215555cfc44d511b13		49793778
ore_ont_9646.owl	344	ok	match	true	production_all	0.0988	18.97	0aa78e92d327c2e73570243388e43347abb199d1bef9d461c94302a1d5eff20b	32872f949ba62fe301386711bc639b7c57ba02cb5e33704bed90d8c022867ba0		49793780
ore_ont_9654.owl	345	ok	match	true	production_all	14.0831	2075.15	0aa78e92d327c2e73570243388e43347abb199d1bef9d461c94302a1d5eff20b	8b2ef7faa2cdbe8e9e36287b8922fbabeb4c1b9c92bff7f51ab2a33e920eb799		49793781
ore_ont_9663.owl	346	ok	match	true	production_all	24.2237	5161.37	0aa78e92d327c2e73570243388e43347abb199d1bef9d461c94302a1d5eff20b	02f5fd4d3395072d1c692c7fa0de012e7a86d3feca88c8984310f302e86a86f3		49793782
ore_ont_9668.owl	347	ok	match	true	nominals	2.2494	780.48	0aa78e92d327c2e73570243388e43347abb199d1bef9d461c94302a1d5eff20b	6dd2a1f6eaa9f001ed5c7db958ff1edd374302f7b4e6b64679a6b0deb7635ff6		49793783
ore_ont_9674.owl	348	ok	match	true	production_all	55.2596	5327.03	0aa78e92d327c2e73570243388e43347abb199d1bef9d461c94302a1d5eff20b	c1178310a91e0aff7b3209af626b01157a45f221df1fe058845f7585ee7b650f		49793784
ore_ont_9695.owl	349	ok	match	true	production_all	0.0404	8.44	0aa78e92d327c2e73570243388e43347abb199d1bef9d461c94302a1d5eff20b	7af604002c66e3631410e327b01a0e80f08f9e3eef9bf28079638e0957334616		49793785
ore_ont_9724.owl	350	ok	match	true	ht_bridge	45.4192	8202.29	0aa78e92d327c2e73570243388e43347abb199d1bef9d461c94302a1d5eff20b	95d679d0ee51b14583ca4dffe419b1c7e128398d207a2bdb25ab9eaa06c03b05		49793786
ore_ont_9761.owl	351	ok	match	true	production_all	0.3607	38.6	0aa78e92d327c2e73570243388e43347abb199d1bef9d461c94302a1d5eff20b	22f28c620b9541258ef5651487ced86b41df9bf0c60da852ae9f7427900570a0		49793787
ore_ont_9768.owl	352	ok	match	true	production_all	19.4968	3602.02	0aa78e92d327c2e73570243388e43347abb199d1bef9d461c94302a1d5eff20b	25a9dfe3607834ad90d624672276aede57eaf02784efa544063dd4489337adab		49793788
ore_ont_9772.owl	353	ok	match	true	production_all	0.1882	24.47	0aa78e92d327c2e73570243388e43347abb199d1bef9d461c94302a1d5eff20b	6b1945e00a8cb4bdfc5e2e33e163d8de34c7ab1d0dc1d2517212df3700e3805b		49793789
ore_ont_9790.owl	354	ok	match	true	production_all	0.1599	26.84	0aa78e92d327c2e73570243388e43347abb199d1bef9d461c94302a1d5eff20b	3db60447b84c1d14d898433b9a590740d2ae89cc4a09c7cf0000b62fbd9761c9		49793790
ore_ont_9792.owl	355	ok	match	true	production_all	0.4596	68.4	0aa78e92d327c2e73570243388e43347abb199d1bef9d461c94302a1d5eff20b	dbe74c4da873c1e82fbd5ece88e723708b12df7d0ad4b65f1697fa978df35436		49793791
ore_ont_9794.owl	356	ok	match	true	production_all	12.0548	2013.41	0aa78e92d327c2e73570243388e43347abb199d1bef9d461c94302a1d5eff20b	25a9dfe3607834ad90d624672276aede57eaf02784efa544063dd4489337adab		49793792
ore_ont_9854.owl	357	ok	match	true	production_all	0.0406	6.56	0aa78e92d327c2e73570243388e43347abb199d1bef9d461c94302a1d5eff20b	ee884ca781aa9b3125755319fa04fe136fa8b6f3fb9d4b223e1c1b2e217303de		49793793
ore_ont_9857.owl	358	ok	match	true	production_all	0.0701	14.06	0aa78e92d327c2e73570243388e43347abb199d1bef9d461c94302a1d5eff20b	bcfb6d2459d0b343cdf9cdbcddfc92088fbc1bfabadf5f65c4a6dddca42a41bd		49793794
ore_ont_9881.owl	359	ok	match	true	nominals	7.4438	2062.8	0aa78e92d327c2e73570243388e43347abb199d1bef9d461c94302a1d5eff20b	02d9215f1ccaeb8d1e8b4b1e423f86b9d4823b9e676fff8c3eb898814e1d4ac1		49793795
ore_ont_9894.owl	360	ok	match	true	production_all	2.4155	541.74	0aa78e92d327c2e73570243388e43347abb199d1bef9d461c94302a1d5eff20b	db1af93afa5192ad635ea4163a536087e106a263a674d3d09252ed9490418892		49793796
ore_ont_9904.owl	361	ok	match	true	nominals	0.0424	7.98	0aa78e92d327c2e73570243388e43347abb199d1bef9d461c94302a1d5eff20b	adc2de296c6ec11b58563a175cea58529c2ad32fa0935808086fc3ef4a761903		49793798
ore_ont_9944.owl	362	ok	match	true	production_all	8.7552	8821.78	0aa78e92d327c2e73570243388e43347abb199d1bef9d461c94302a1d5eff20b	ea9d6bdd0418ec22cde4ad8b0e6530e9d396250d8ba2222427e290bfb6cf3b50		49793799
ore_ont_9958.owl	363	ok	match	true	production_all	6.8676	1249.42	0aa78e92d327c2e73570243388e43347abb199d1bef9d461c94302a1d5eff20b	6ac501d44cf044992209e9135655b7315326abaa29e2c1883c98e5f95a5c4bf2		49793800
ore_ont_10016.owl	364	ok	match	true	production_all	10.207	1925.44	0aa78e92d327c2e73570243388e43347abb199d1bef9d461c94302a1d5eff20b	ffc30b418ed2dea607f009293e1b0790243765404ed2061c4342c30a716ea818		49793801
ore_ont_10032.owl	365	ok	match	true	production_all	6.2897	1220.15	0aa78e92d327c2e73570243388e43347abb199d1bef9d461c94302a1d5eff20b	df5204236b942809dc9fff216bc1a3ccf523cc361d1cb9ca2a12b36456249647		49793818
ore_ont_10056.owl	366	ok	match	true	production_all	0.0402	7.81	0aa78e92d327c2e73570243388e43347abb199d1bef9d461c94302a1d5eff20b	f7263b2424943a6318ad423eee5cfaaeca18173aea87826910f2cb3fb4c4b1b2		49793872
ore_ont_10073.owl	367	ok	match	true	production_all	25.3928	3125.29	0aa78e92d327c2e73570243388e43347abb199d1bef9d461c94302a1d5eff20b	1b068c5c15f054d5fc7dfa7c91fb77a80e6f68257c0fc156f590edef3ad57fcc		49793878
ore_ont_10123.owl	368	ok	match	true	production_all	0.2809	51.53	0aa78e92d327c2e73570243388e43347abb199d1bef9d461c94302a1d5eff20b	6c1e4b555838fde9f917bb140c40e003f75025a08623e3e15f59f34c17f857df		49793879
ore_ont_10127.owl	369	ok	match	true	production_all	2.061	466.16	0aa78e92d327c2e73570243388e43347abb199d1bef9d461c94302a1d5eff20b	283d2c8230fa2895f44aba726960f75168e6d58971847b981a04a9e0bd18bba9		49793880
ore_ont_10134.owl	370	ok	match	true	production_all	0.0703	11.84	0aa78e92d327c2e73570243388e43347abb199d1bef9d461c94302a1d5eff20b	bc13a85d7f537f9cbcc5b18b5b8aeaed250a0fc46e00fddc1c050b856943af7a		49793883
ore_ont_10146.owl	371	ok	match	true	production_all	0.1597	21.89	0aa78e92d327c2e73570243388e43347abb199d1bef9d461c94302a1d5eff20b	683d410181c3d77df65f94caa014438ac468a3561b4882c004553c184a3828bb		49793885
ore_ont_10160.owl	372	ok	match	true	production_all	0.0697	14.69	0aa78e92d327c2e73570243388e43347abb199d1bef9d461c94302a1d5eff20b	6c33730d4bc6e1f6aa064f2e182593f9b6519c412c818788fe0699cb90c27b55		49793889
ore_ont_10175.owl	373	ok	match	true	production_all	5.8889	1192.38	0aa78e92d327c2e73570243388e43347abb199d1bef9d461c94302a1d5eff20b	f2e2f4eb571840cb8dafeed07f560af4b9be804c588296846bfc41133239eb2a		49793890
ore_ont_10212.owl	374	ok	match	true	production_all	0.1014	27.14	0aa78e92d327c2e73570243388e43347abb199d1bef9d461c94302a1d5eff20b	216f018137fd6a812635f1e59284986b66efd3f70e76508f72065d2375e81484		49793891
ore_ont_10242.owl	375	ok	match	true	nominals	2.847	1627.55	0aa78e92d327c2e73570243388e43347abb199d1bef9d461c94302a1d5eff20b	5e240020e54a32d546f0aab6ca84621979706a46542490537626cfc5a1b72787		49793892
ore_ont_10248.owl	376	ok	match	true	production_all	7.2359	1396.8	0aa78e92d327c2e73570243388e43347abb199d1bef9d461c94302a1d5eff20b	6c0877b5e054be5e2cef3b76c276a9c5007025f8483e4230c7156c7a45774003		49793896
ore_ont_10280.owl	377	ok	match	true	production_all	0.1622	28.06	0aa78e92d327c2e73570243388e43347abb199d1bef9d461c94302a1d5eff20b	800442fb37369b500ebabfa01bfee81e440a7c142ba49f49d1d47e6d1242d926		49793897
ore_ont_10283.owl	378	ok	match	true	production_all	0.0408	9.38	0aa78e92d327c2e73570243388e43347abb199d1bef9d461c94302a1d5eff20b	253ab9c47deb593a7b0fa2c333acee0b1d4131ff3ce88668588e415dd100bd98		49793900
ore_ont_10309.owl	379	ok	match	true	production_all	0.0406	6.56	0aa78e92d327c2e73570243388e43347abb199d1bef9d461c94302a1d5eff20b	1c432924c500260bbb560ba78e947ea3b0024c5972c5c62446d653f8aab82707		49793901
ore_ont_10314.owl	380	ok	match	true	production_all	0.0709	10.95	0aa78e92d327c2e73570243388e43347abb199d1bef9d461c94302a1d5eff20b	94d5c5d620349befe39d4041174b395ecf56b4f42891f7591db65771e98d546c		49793902
ore_ont_10321.owl	381	ok	match	true	nominal_ni_abox	0.0408	7.19	0aa78e92d327c2e73570243388e43347abb199d1bef9d461c94302a1d5eff20b	25a9dfe3607834ad90d624672276aede57eaf02784efa544063dd4489337adab		49793904
ore_ont_10362.owl	382	ok	match	true	certified_nominals	0.0993	16.88	0aa78e92d327c2e73570243388e43347abb199d1bef9d461c94302a1d5eff20b	bdaac64809d4dd860324e7acbccf4b9ea1efd832fe30164f4085e4f0ef73d093		49793908
ore_ont_10389.owl	383	ok	match	true	production_all	0.2413	38.39	0aa78e92d327c2e73570243388e43347abb199d1bef9d461c94302a1d5eff20b	66cf798e2a6d852b552a503df73f79fe7386094dc37bb43419cf48547670e743		49793909
ore_ont_10413.owl	384	ok	match	true	production_all	0.0406	8.12	0aa78e92d327c2e73570243388e43347abb199d1bef9d461c94302a1d5eff20b	25a9dfe3607834ad90d624672276aede57eaf02784efa544063dd4489337adab		49793911
ore_ont_10445.owl	385	ok	match	true	production_all	10.8276	2710.49	0aa78e92d327c2e73570243388e43347abb199d1bef9d461c94302a1d5eff20b	25a9dfe3607834ad90d624672276aede57eaf02784efa544063dd4489337adab		49793912
ore_ont_10516.owl	386	ok	match	true	production_all	0.0405	7.19	0aa78e92d327c2e73570243388e43347abb199d1bef9d461c94302a1d5eff20b	6465a6f722e6155f37f042174b14783c944b0e9cbeb5fd290f7d4fef100eb9e7		49793913
ore_ont_10536.owl	387	ok	match	true	production_all	0.0428	8.26	0aa78e92d327c2e73570243388e43347abb199d1bef9d461c94302a1d5eff20b	8bc83a8d066e749a174d488d953064092d8c11300c09aa86119c0a2c4b3bceb8		49793914
ore_ont_10594.owl	388	ok	match	true	nominals	1.2554	610.02	0aa78e92d327c2e73570243388e43347abb199d1bef9d461c94302a1d5eff20b	a92d8283ca794f043d4e8674c1f149fff5ded6960d02750dd54c37511fec308a		49793915
ore_ont_10621.owl	389	ok	match	true	certified_nominals	88.5825	8919.57	0aa78e92d327c2e73570243388e43347abb199d1bef9d461c94302a1d5eff20b	cb490ae3d086535d4ef467ed5277e5f497e221d84a79a70fb0dc87afb8a45ccf		49793916
ore_ont_10689.owl	390	ok	match	true	production_all	57.2108	5325.54	0aa78e92d327c2e73570243388e43347abb199d1bef9d461c94302a1d5eff20b	be6be6663ffd9721606bf3cb61308789c55c28ffbe8d4ba2d85d0ee60b7fcc0f		49793918
ore_ont_10697.owl	391	ok	match	true	production_all	3.6404	748.34	0aa78e92d327c2e73570243388e43347abb199d1bef9d461c94302a1d5eff20b	7ef5274bff5da1265da9caf1bf27fbebeeb483aef1ef0c5042648b1408918a22		49793919
ore_ont_10702.owl	392	ok	match	true	nominal_ni_tbox	2.6254	22.46	0aa78e92d327c2e73570243388e43347abb199d1bef9d461c94302a1d5eff20b	eee761d0c89347a42ce9a221e7d98295f4a9d7527c755cb3eafa9978cc06d55b		49793922
ore_ont_10742.owl	393	ok	match	true	production_all	0.1581	20.95	0aa78e92d327c2e73570243388e43347abb199d1bef9d461c94302a1d5eff20b	4939673f071bec5faf58247da86935819a596518944a49e03241c0b6571eaedc		49793925
ore_ont_10749.owl	394	ok	match	true	nominals	0.651	278.48	0aa78e92d327c2e73570243388e43347abb199d1bef9d461c94302a1d5eff20b	87e9f917a51555b2f5c32dc06ca16d2e78ce9a4786b4c566eda495fe308d7ea0		49793926
ore_ont_10750.owl	395	ok	match	true	production_all	58.4561	6112.86	0aa78e92d327c2e73570243388e43347abb199d1bef9d461c94302a1d5eff20b	25a9dfe3607834ad90d624672276aede57eaf02784efa544063dd4489337adab		49793927
ore_ont_10769.owl	396	ok	match	true	production_all	0.0411	7.72	0aa78e92d327c2e73570243388e43347abb199d1bef9d461c94302a1d5eff20b	25a9dfe3607834ad90d624672276aede57eaf02784efa544063dd4489337adab		49793928
ore_ont_10778.owl	397	ok	match	true	production_all	3.9247	814.66	0aa78e92d327c2e73570243388e43347abb199d1bef9d461c94302a1d5eff20b	85cc3f3c22308567df50cc27a367ae51ff51c8011dd6e0db264ab734284598d2		49793929
ore_ont_10781.owl	398	ok	match	true	nominals	0.7035	600.12	0aa78e92d327c2e73570243388e43347abb199d1bef9d461c94302a1d5eff20b	00758ec29ea6954778af43d3f08c6d6f055402a39656b8b827a5466c1e4b0849		49793930
ore_ont_10806.owl	399	ok	match	true	production_all	0.2754	38.36	0aa78e92d327c2e73570243388e43347abb199d1bef9d461c94302a1d5eff20b	74b1a536119970eb697b1f362b77f0af0c2b62ec59fbffd18d1de0027090e69b		49793931
ore_ont_10833.owl	400	ok	match	true	production_all	0.0415	8.44	0aa78e92d327c2e73570243388e43347abb199d1bef9d461c94302a1d5eff20b	25a9dfe3607834ad90d624672276aede57eaf02784efa544063dd4489337adab		49793935
ore_ont_10860.owl	401	ok	nogold	false	ht_rules	0.0409	10.62	0aa78e92d327c2e73570243388e43347abb199d1bef9d461c94302a1d5eff20b	3c48c283d1292f55fe67383942d35be768499f1f96e83f0adf812c000ac3b9dd		49793938
ore_ont_10890.owl	402	ok	match	true	production_all	0.3394	56.73	0aa78e92d327c2e73570243388e43347abb199d1bef9d461c94302a1d5eff20b	d6d944bda034a28f5f56e0b9e9e1a95a6dab7e1436f535eb79be30bed06b3ffd		49793939
ore_ont_10908.owl	403	ok	match	true	production_all	205.3038	948.79	0aa78e92d327c2e73570243388e43347abb199d1bef9d461c94302a1d5eff20b	161a98a585fc8e21f60afe6610dba4ca012aaee9bfad97346de51a1b434cf786		49793940
ore_ont_10951.owl	404	ok	match	true	production_all	0.2156	41.48	0aa78e92d327c2e73570243388e43347abb199d1bef9d461c94302a1d5eff20b	1b89738d6fbade1eaa90287b7543cd5ab1eca4a44ad3466bf0ef7b921ac81aaf		49793941
ore_ont_10968.owl	405	ok	match	true	production_all	0.1298	20.84	0aa78e92d327c2e73570243388e43347abb199d1bef9d461c94302a1d5eff20b	88cbac66a54cfeaf04967f7ec263a98959a6287df46eed2d3ade7b7b021e9a09		49793942
ore_ont_11009.owl	406	ok	match	true	production_all	0.0706	14.06	0aa78e92d327c2e73570243388e43347abb199d1bef9d461c94302a1d5eff20b	9b6af4d9456a057732eed6f4edd4c6d03409183b742304705ae9c5d22f2e83d2		49793943
ore_ont_11010.owl	407	ok	match	true	production_all	0.0401	7.5	0aa78e92d327c2e73570243388e43347abb199d1bef9d461c94302a1d5eff20b	2b911469722f5b04c8805dc441873cfae6fcb261e12933bdffe402e2897a2ee6		49793944
ore_ont_11014.owl	408	ok	match	true	production_all	0.071	10.75	0aa78e92d327c2e73570243388e43347abb199d1bef9d461c94302a1d5eff20b	72cd88051c821cd06ad5106a19f4145824f4bdff70821eff1bcc1cfe017f1b6b		49793945
ore_ont_11016.owl	409	ok	match	true	nominal_ni_abox	0.4017	204.82	0aa78e92d327c2e73570243388e43347abb199d1bef9d461c94302a1d5eff20b	17ac165e5d7677646ccf0943b78bf7322b4c3d316a3bc85d662709c85dc88b0c		49793946
ore_ont_11081.owl	410	ok	match	true	production_all	1.2813	302.09	0aa78e92d327c2e73570243388e43347abb199d1bef9d461c94302a1d5eff20b	b32f2ff1bff70ea99cef3fb709025b066120345e74768c3a2a046c0dbc2a99d9		49793947
ore_ont_11140.owl	411	ok	match	true	production_all	0.2157	28.05	0aa78e92d327c2e73570243388e43347abb199d1bef9d461c94302a1d5eff20b	25a9dfe3607834ad90d624672276aede57eaf02784efa544063dd4489337adab		49793949
ore_ont_11207.owl	412	ok	match	true	production_all	2.0213	514.56	0aa78e92d327c2e73570243388e43347abb199d1bef9d461c94302a1d5eff20b	1d053e818a80eb36d0a8795c930a6ab97ce4697c6f859dcef0b35f6588e24d9c		49793954
ore_ont_11291.owl	413	ok	match	true	production_all	0.0702	15.27	0aa78e92d327c2e73570243388e43347abb199d1bef9d461c94302a1d5eff20b	42e2ecfb6f2d4cdcd3acde0696c9fdbe2bc0c3b357bb316ea83a11490169ad54		49793955
ore_ont_11293.owl	414	ok	match	true	production_all	7.0592	1354.01	0aa78e92d327c2e73570243388e43347abb199d1bef9d461c94302a1d5eff20b	f0c432fee3845eb4ee0944c812ab0cadbbb8b96ea3184fcfff116504553d20e6		49793956
ore_ont_11311.owl	415	ok	match	true	cb_plain16	10.4795	6032.99	0aa78e92d327c2e73570243388e43347abb199d1bef9d461c94302a1d5eff20b	7549d4160fa3a2f2527fa6fbddb1b4eae3f12e3101894696fb88756a02004828		49793957
ore_ont_11315.owl	416	ok	match	true	production_all	23.387	2867.27	0aa78e92d327c2e73570243388e43347abb199d1bef9d461c94302a1d5eff20b	a8cd5455a6c36d2c1c8f76547f9d07a3953b5ce92d260198abbaa6598505fe10		49793964
ore_ont_11316.owl	417	ok	match	true	production_all	0.099	15.54	0aa78e92d327c2e73570243388e43347abb199d1bef9d461c94302a1d5eff20b	39c9f8f0a63cf1cc1aabdad76e0f88e5423a3fdce72e3172951f9c3ff8ea6093		49793966
ore_ont_11389.owl	418	ok	match	true	production_all	7.6116	1687.25	0aa78e92d327c2e73570243388e43347abb199d1bef9d461c94302a1d5eff20b	25a9dfe3607834ad90d624672276aede57eaf02784efa544063dd4489337adab		49793967
ore_ont_11395.owl	419	ok	match	true	production_all	39.5017	3772.72	0aa78e92d327c2e73570243388e43347abb199d1bef9d461c94302a1d5eff20b	5f730ffc22a0828f94eb0bcfe5c366774eb965dcb577c9b64e14c9552f2e86e9		49793968
ore_ont_11452.owl	420	ok	match	true	production_all	0.2504	39.21	0aa78e92d327c2e73570243388e43347abb199d1bef9d461c94302a1d5eff20b	ff2d968f560c0ba3266c303fcfd4ac514bb3e8b03738a5238dfefc6a44a8020e		49793972
ore_ont_11460.owl	421	ok	match	true	production_all	15.0593	3089.59	0aa78e92d327c2e73570243388e43347abb199d1bef9d461c94302a1d5eff20b	3bba2ff9cd16d7b398364bee1e4f766c02626881163422a6876593d2a705a101		49793974
ore_ont_11497.owl	422	ok	match	true	production_all	0.0404	8.75	0aa78e92d327c2e73570243388e43347abb199d1bef9d461c94302a1d5eff20b	8640d78d492ca0006243d52fcb33dc628524656293e4b88db7829ad4389f4338		49793975
ore_ont_11502.owl	423	ok	match	true	production_all	0.4829	51.43	0aa78e92d327c2e73570243388e43347abb199d1bef9d461c94302a1d5eff20b	07713dc746bebd4230af577db06d41437878358da6baaa3e27c202281fae91b3		49793978
ore_ont_11504.owl	424	ok	match	true	production_all	0.0405	7.19	0aa78e92d327c2e73570243388e43347abb199d1bef9d461c94302a1d5eff20b	7c18c4567a36b238d8bc0334f7c2e40786398d8886a6e9ecdf6e3befe99090f4		49793979
ore_ont_11519.owl	425	ok	match	true	production_all	6.4396	1272.81	0aa78e92d327c2e73570243388e43347abb199d1bef9d461c94302a1d5eff20b	c0bc75c2b13e0e0728f78f726f58e663625f17bcc036cb40241a226879063aeb		49793981
ore_ont_11522.owl	426	ok	match	true	production_all	0.041	8.75	0aa78e92d327c2e73570243388e43347abb199d1bef9d461c94302a1d5eff20b	6923fe07622ff54eda7fc0b364d6c03c8bbae703e7069a5d10c053a6054def7f		49793988
ore_ont_11523.owl	427	ok	match	true	production_all	0.07	9.69	0aa78e92d327c2e73570243388e43347abb199d1bef9d461c94302a1d5eff20b	7310a2420253d972d26776ccad771b038711abc2dd578c8a13098c3e3663ec89		49793989
ore_ont_11526.owl	428	ok	match	true	production_all	0.0707	8.75	0aa78e92d327c2e73570243388e43347abb199d1bef9d461c94302a1d5eff20b	25a9dfe3607834ad90d624672276aede57eaf02784efa544063dd4489337adab		49793990
ore_ont_11559.owl	429	ok	match	true	production_all	3.0907	569.29	0aa78e92d327c2e73570243388e43347abb199d1bef9d461c94302a1d5eff20b	27cb18ecd91fbbc21ef7cd872ed2161ca58afead9634753597b502262e856841		49793991
ore_ont_11577.owl	430	ok	match	true	production_all	0.0708	10.62	0aa78e92d327c2e73570243388e43347abb199d1bef9d461c94302a1d5eff20b	78c12e0fb82e17869f2df3bcdd0a6d56db4d249e566a11d9f25c4b1f6dd411d1		49793993
ore_ont_11619.owl	431	ok	match	true	production_all	0.1006	18.79	0aa78e92d327c2e73570243388e43347abb199d1bef9d461c94302a1d5eff20b	9304084bc5359a42d0837601eea5354bcf3aaa41eb2a62bbff14787e98252747		49793996
ore_ont_11623.owl	432	ok	match	true	production_all	0.7974	510.0	0aa78e92d327c2e73570243388e43347abb199d1bef9d461c94302a1d5eff20b	6f12e8392cac6b5ab95e02cfb22942825a445cafa89ef09eb500684ee3e279dd		49793997
ore_ont_11639.owl	433	ok	match	true	production_all	0.0403	6.88	0aa78e92d327c2e73570243388e43347abb199d1bef9d461c94302a1d5eff20b	9d20e1c1afe6e79af9e35f135dfbeb965efec25215a54e6b2c27472ec46fe8a1		49793998
ore_ont_11739.owl	434	ok	match	true	production_all	27.8976	2661.79	0aa78e92d327c2e73570243388e43347abb199d1bef9d461c94302a1d5eff20b	87e198b4b4877fa7bef65c28ac7ae439613a8f41cd8156786c14ac63d580712c		49793999
ore_ont_11745.owl	435	ok	match	true	cb_plain16	13.7449	4034.52	0aa78e92d327c2e73570243388e43347abb199d1bef9d461c94302a1d5eff20b	49e851a304217ddcaa13291238cf1bd37e6d161e6a57ba7318eb6e7244b1584f		49794000
ore_ont_11778.owl	436	ok	match	true	production_all	5.9025	1222.4	0aa78e92d327c2e73570243388e43347abb199d1bef9d461c94302a1d5eff20b	02f70d54c956f315440e7b6c6cf11b10e21313041e72692d251f018364ea8b06		49794001
ore_ont_11866.owl	437	ok	match	true	production_all	0.0409	8.44	0aa78e92d327c2e73570243388e43347abb199d1bef9d461c94302a1d5eff20b	25a9dfe3607834ad90d624672276aede57eaf02784efa544063dd4489337adab		49794002
ore_ont_11889.owl	438	ok	match	true	production_all	0.0705	10.0	0aa78e92d327c2e73570243388e43347abb199d1bef9d461c94302a1d5eff20b	5f1ce489832cb8ae99748f2ecbb665ddb7da0d5750e09c9ac409fd75c5875444		49794003
ore_ont_11978.owl	439	ok	match	true	production_all	0.0705	21.08	0aa78e92d327c2e73570243388e43347abb199d1bef9d461c94302a1d5eff20b	f238035ea70c8a9a2f9d439a52b36ef315a3449e2a926cd8a6065f3be4f86087		49794005
ore_ont_12007.owl	440	ok	match	true	production_all	0.0404	7.19	0aa78e92d327c2e73570243388e43347abb199d1bef9d461c94302a1d5eff20b	779011b5e74b3bf61345db242cf0d5ab1c508e60d59470b7021926b6ca7f4963		49794006
ore_ont_12009.owl	441	ok	match	true	production_all	0.0408	11.17	0aa78e92d327c2e73570243388e43347abb199d1bef9d461c94302a1d5eff20b	c49ac8a00b73dd16b18c6806b9e19bea5f9a821003a4da37b2202dc8b2c0913a		49794007
ore_ont_12087.owl	442	ok	match	true	production_all	10.978	2119.39	0aa78e92d327c2e73570243388e43347abb199d1bef9d461c94302a1d5eff20b	0de4f44746026093588d63cfce9e4402e938cf30b7c88a3970e4771da4a63c60		49794008
ore_ont_12141.owl	443	ok	match	true	production_all	0.4819	180.45	0aa78e92d327c2e73570243388e43347abb199d1bef9d461c94302a1d5eff20b	0205fe9d5bff8d6ac81af28ac8ca71cf10b61b85998e5e70242fdd9be69af349		49794009
ore_ont_12149.owl	444	ok	match	true	production_all	1.8749	359.64	0aa78e92d327c2e73570243388e43347abb199d1bef9d461c94302a1d5eff20b	1a6c34a01e0f9de8f986e062b118c3950b89fcee5894446fcaa350902e7f126f		49794010
ore_ont_12161.owl	445	ok	match	true	production_all	0.2453	39.43	0aa78e92d327c2e73570243388e43347abb199d1bef9d461c94302a1d5eff20b	5c1fe0699854aa6c4f891ae1122faf848af88deaf57d6d6a18959e0c89e90df6		49794011
ore_ont_12194.owl	446	ok	match	true	production_all	0.8165	178.66	0aa78e92d327c2e73570243388e43347abb199d1bef9d461c94302a1d5eff20b	5008d3bc52e4aaab7aca6b11a01a2dcdfdf2005f2d4c1aeec1abb75de67e2206		49794012
ore_ont_12281.owl	447	ok	match	true	production_all	0.0989	14.45	0aa78e92d327c2e73570243388e43347abb199d1bef9d461c94302a1d5eff20b	6c8c2dd1ea442064196c32326cd1c2c8d3a72ecf5e3d2c331a16cc9281ffa925		49794013
ore_ont_12387.owl	448	ok	match	true	production_all	11.726	1989.92	0aa78e92d327c2e73570243388e43347abb199d1bef9d461c94302a1d5eff20b	9d25a3ae4b10f67a869ff1ec8333b593900ad745b3453e11588555e8178d7dba		49794014
ore_ont_12397.owl	449	ok	match	true	production_all	0.0695	13.55	0aa78e92d327c2e73570243388e43347abb199d1bef9d461c94302a1d5eff20b	1141b993c4ce4fc0f8712bb0c6b6853b030ea938eba3d8e27dbe28dbc7ec1070		49794016
ore_ont_12405.owl	450	ok	match	true	production_all	0.3387	43.21	0aa78e92d327c2e73570243388e43347abb199d1bef9d461c94302a1d5eff20b	450e43282d20750ee054bec83e074f6b4d890c845074125e9b9b04cd346ae614		49794017
ore_ont_12414.owl	451	ok	match	true	production_all	10.5621	1449.16	0aa78e92d327c2e73570243388e43347abb199d1bef9d461c94302a1d5eff20b	f52655554ad9025c06c681d71ccebf5cce633bac6305e01d8e78fa7abd9477c0		49794018
ore_ont_12528.owl	452	ok	match	true	production_all	26.0568	3623.57	0aa78e92d327c2e73570243388e43347abb199d1bef9d461c94302a1d5eff20b	821c9e8abb3c9f0b13db22b7044710317c1f59fb0219ad16c7f007464d7aa7b4		49794019
ore_ont_12653.owl	453	ok	match	true	production_all	0.1002	43.6	0aa78e92d327c2e73570243388e43347abb199d1bef9d461c94302a1d5eff20b	b9b3b2004562dfba7af26bbbd125115be0383fcd014b509717cbcedc73b31f00		49794020
ore_ont_12698.owl	454	ok	match	true	nominals	2.8863	782.18	0aa78e92d327c2e73570243388e43347abb199d1bef9d461c94302a1d5eff20b	9f2ee83b8fc315586d509d7a508be032bd1674970b5ab484f81a138be9f91e19		49794021
ore_ont_12776.owl	455	ok	match	true	production_all	0.1597	24.91	0aa78e92d327c2e73570243388e43347abb199d1bef9d461c94302a1d5eff20b	25a9dfe3607834ad90d624672276aede57eaf02784efa544063dd4489337adab		49794022
ore_ont_12802.owl	456	ok	match	true	production_all	0.4197	50.56	0aa78e92d327c2e73570243388e43347abb199d1bef9d461c94302a1d5eff20b	25a9dfe3607834ad90d624672276aede57eaf02784efa544063dd4489337adab		49794023
ore_ont_12831.owl	457	ok	match	true	production_all	0.0402	9.38	0aa78e92d327c2e73570243388e43347abb199d1bef9d461c94302a1d5eff20b	38a2ba76b4a11fd01f59b97df9cd3d93fc54a9094e1cc87d511aca66989ac102		49794024
ore_ont_12906.owl	458	ok	match	true	production_all	0.0411	6.25	0aa78e92d327c2e73570243388e43347abb199d1bef9d461c94302a1d5eff20b	ccdfc6d626940ef30a9115eff4872649ebcdaae60e4ff9e1d922d38485fb44ad		49794025
ore_ont_13000.owl	459	ok	match	true	production_all	0.4191	49.36	0aa78e92d327c2e73570243388e43347abb199d1bef9d461c94302a1d5eff20b	a2c9fd27be406668497189b64f1f673b22ea55c2266d5417991166ab3fdc6685		49794026
ore_ont_13035.owl	460	ok	match	true	nominals	0.1028	84.05	0aa78e92d327c2e73570243388e43347abb199d1bef9d461c94302a1d5eff20b	26f70e0efde86c6b42ee15c2ddfa83b64a9c6e57fdaf6444414c5f486f355b1c		49794027
ore_ont_13053.owl	461	ok	match	true	production_all	0.0407	7.81	0aa78e92d327c2e73570243388e43347abb199d1bef9d461c94302a1d5eff20b	8be7de1da407a2951e7d7cd0e99a349f1fefcf747161b09d042d33f84aa7ddd7		49794028
ore_ont_13066.owl	462	ok	match	true	production_all	0.0411	7.5	0aa78e92d327c2e73570243388e43347abb199d1bef9d461c94302a1d5eff20b	25a9dfe3607834ad90d624672276aede57eaf02784efa544063dd4489337adab		49794029
ore_ont_13071.owl	463	ok	match	true	production_all	1.5246	396.23	0aa78e92d327c2e73570243388e43347abb199d1bef9d461c94302a1d5eff20b	a198a99650a9b25c5cb6bd92be339eb7987b3e74b77bf4e39cba8bce54ac2fb1		49794030
ore_ont_13113.owl	464	ok	match	true	nominals	0.1858	46.76	0aa78e92d327c2e73570243388e43347abb199d1bef9d461c94302a1d5eff20b	1bb468cee8017811a155e6f28b61dc9724fb6fd28fbf7f7f557d9bb79d9f8d52		49794031
ore_ont_13132.owl	465	ok	match	true	nominals	0.0999	72.62	0aa78e92d327c2e73570243388e43347abb199d1bef9d461c94302a1d5eff20b	e13d65dbb5d532c7e775e0356509fb42a69836b7037bb39ba5f07d267d7c0f72		49794032
ore_ont_13141.owl	466	ok	match	true	production_all	0.1593	23.48	0aa78e92d327c2e73570243388e43347abb199d1bef9d461c94302a1d5eff20b	02bedd319c20f293b81cf4c0848009629bdda90e5ca659cfbfeb58bb865f145a		49794033
ore_ont_13204.owl	467	ok	match	true	production_all	0.041	6.56	0aa78e92d327c2e73570243388e43347abb199d1bef9d461c94302a1d5eff20b	1c55999654f057fe0eb6fae17bf2b3b0f5598cc5237eb0b2ca0af50a9d673748		49794034
ore_ont_13224.owl	468	ok	match	true	production_all	13.8525	2846.19	0aa78e92d327c2e73570243388e43347abb199d1bef9d461c94302a1d5eff20b	a770e5429a6fea4919ca768a672493adacfbe951d6826e06878f1deed93a2545		49794035
ore_ont_13234.owl	469	ok	match	true	production_all	0.0412	8.12	0aa78e92d327c2e73570243388e43347abb199d1bef9d461c94302a1d5eff20b	ce0bd8d2bc45f2722c2a72a77559605eeba16b4f38c7df36e978aa1f5c6231a5		49794036
ore_ont_13243.owl	470	ok	match	true	production_all	3.9841	846.98	0aa78e92d327c2e73570243388e43347abb199d1bef9d461c94302a1d5eff20b	522456978803f2cd7797cc242cd5f366fe650452fe3a2511f22e95da21dfd3ee		49794037
ore_ont_13277.owl	471	ok	match	true	production_all	0.0408	9.59	0aa78e92d327c2e73570243388e43347abb199d1bef9d461c94302a1d5eff20b	65c860516d3ce897e28e1ef7373215a1c131cbf859a877bac5b445beb160e9ac		49794038
ore_ont_13301.owl	472	ok	match	true	production_all	0.0414	10.29	0aa78e92d327c2e73570243388e43347abb199d1bef9d461c94302a1d5eff20b	af1f58fdf3560dbb4ee8f7d0f4f112479ef6073b2ae57b79030d0cf470864343		49794039
ore_ont_13355.owl	473	ok	match	true	production_all	21.4125	3097.65	0aa78e92d327c2e73570243388e43347abb199d1bef9d461c94302a1d5eff20b	7a44b3849b6013155767d75119c927d95918dc51e00102349321e8ff49a4b7fc		49794040
ore_ont_13383.owl	474	ok	match	true	nominals	0.0996	41.91	0aa78e92d327c2e73570243388e43347abb199d1bef9d461c94302a1d5eff20b	44f33d580b81ffff9b7d87a2b0f1cde4fb6cf3fe7dcc51ab7b120da5c25652a8		49794042
ore_ont_13392.owl	475	ok	match	true	production_all	0.0403	7.48	0aa78e92d327c2e73570243388e43347abb199d1bef9d461c94302a1d5eff20b	730c48986817f508c95e2a47c17ac5abb52fc24d2a7c7d08c8d9a5f89759cfd6		49794043
ore_ont_13429.owl	476	ok	match	true	production_all	0.0409	6.25	0aa78e92d327c2e73570243388e43347abb199d1bef9d461c94302a1d5eff20b	febfdbf4ffd72b5377678ddc84ec0f53e3ea83c6d463001bb59b1494d64f02e8		49794044
ore_ont_13444.owl	477	ok	match	true	production_all	0.1617	98.27	0aa78e92d327c2e73570243388e43347abb199d1bef9d461c94302a1d5eff20b	247c4ac30df7d55beb16fc23b0943bd2b6d2bc62e449e40d830370fd846d769a		49794045
ore_ont_13482.owl	478	ok	match	true	production_all	68.5373	7466.6	0aa78e92d327c2e73570243388e43347abb199d1bef9d461c94302a1d5eff20b	25a9dfe3607834ad90d624672276aede57eaf02784efa544063dd4489337adab		49794046
ore_ont_13503.owl	479	ok	match	true	production_all	0.0412	10.0	0aa78e92d327c2e73570243388e43347abb199d1bef9d461c94302a1d5eff20b	1b8fdf730b9cdce8afed1c69c13e782c6c2dde70c42e5f1d2273dcbdb6b1282b	same_job_fulliri_identity_to_konclude	49794047
ore_ont_13530.owl	480	ok	match	true	production_all	0.0409	6.88	0aa78e92d327c2e73570243388e43347abb199d1bef9d461c94302a1d5eff20b	6e5b1361a86c93ec1ceeb5272edbfa2c089f06651d99c6e5ffd32a8cb585ddc6		49794048
ore_ont_13578.owl	481	ok	match	true	production_all	0.0712	13.44	0aa78e92d327c2e73570243388e43347abb199d1bef9d461c94302a1d5eff20b	c0a7387438bc9b5659506006706666a5540c33373ad4f8f0fe9a89e9922a00d9		49794049
ore_ont_13621.owl	482	ok	match	true	nominals	2.955	1625.55	0aa78e92d327c2e73570243388e43347abb199d1bef9d461c94302a1d5eff20b	f61f9526d186c0af485ce724f10c3e6c794c2bd876f564e8e04b5c195f1806a0		49794050
ore_ont_13643.owl	483	ok	match	true	production_all	0.0405	6.56	0aa78e92d327c2e73570243388e43347abb199d1bef9d461c94302a1d5eff20b	e6a28db50f029843a0a2b347a35bc6d99ef168c042af0b6aaffcf04524def1bc		49794051
ore_ont_13664.owl	484	ok	match	true	production_all	1.4788	323.7	0aa78e92d327c2e73570243388e43347abb199d1bef9d461c94302a1d5eff20b	c46e20fd5257acb674d22a52a7e7d5e9f96e94749f0b0c949f3c445076616481		49794052
ore_ont_13752.owl	485	ok	match	true	production_all	0.8234	232.45	0aa78e92d327c2e73570243388e43347abb199d1bef9d461c94302a1d5eff20b	c9457601ea869b5d7998f65f9653efb7bf953e9b82fec67f27113a36208f993f		49794053
ore_ont_13755.owl	486	ok	match	true	production_all	0.1883	25.56	0aa78e92d327c2e73570243388e43347abb199d1bef9d461c94302a1d5eff20b	6b1945e00a8cb4bdfc5e2e33e163d8de34c7ab1d0dc1d2517212df3700e3805b		49794054
ore_ont_13759.owl	487	ok	match	true	production_all	0.041	11.22	0aa78e92d327c2e73570243388e43347abb199d1bef9d461c94302a1d5eff20b	c1944627d8fb4d69c4ec0b6c27c93ad55072e6ab9a4241a356adafe482892657		49794055
ore_ont_13762.owl	488	ok	match	true	nominals	0.2505	176.88	0aa78e92d327c2e73570243388e43347abb199d1bef9d461c94302a1d5eff20b	834d5a60982e1e532564cb200cbfe49dde2ef31b8a7d6cc1e9e09cd08fb7dd61		49794056
ore_ont_13772.owl	489	ok	match	true	production_all	0.0718	9.06	0aa78e92d327c2e73570243388e43347abb199d1bef9d461c94302a1d5eff20b	25a9dfe3607834ad90d624672276aede57eaf02784efa544063dd4489337adab		49794057
ore_ont_13840.owl	490	ok	match	true	production_all	0.219	34.04	0aa78e92d327c2e73570243388e43347abb199d1bef9d461c94302a1d5eff20b	1a76bc2eead4ab2c64afae2e732b4a5ef9f37155917439b00c9518c686bff41c		49794059
ore_ont_13852.owl	491	ok	match	true	production_all	0.3094	37.82	0aa78e92d327c2e73570243388e43347abb199d1bef9d461c94302a1d5eff20b	2e3d43d2ccdef95965bb116db6a147ac1c9436689d91642fdc0a0ae516665943		49794060
ore_ont_13887.owl	492	ok	match	true	production_all	0.0708	10.31	0aa78e92d327c2e73570243388e43347abb199d1bef9d461c94302a1d5eff20b	7d50171db15ecaab15bff2a8f8cd738024aa3139b61332e80c2e122a182ecc3e		49794061
ore_ont_13902.owl	493	ok	match	true	production_all	2.5218	633.93	0aa78e92d327c2e73570243388e43347abb199d1bef9d461c94302a1d5eff20b	25a9dfe3607834ad90d624672276aede57eaf02784efa544063dd4489337adab		49794062
ore_ont_13912.owl	494	ok	match	true	nominals	0.0407	7.5	0aa78e92d327c2e73570243388e43347abb199d1bef9d461c94302a1d5eff20b	3c48c283d1292f55fe67383942d35be768499f1f96e83f0adf812c000ac3b9dd		49794063
ore_ont_13964.owl	495	ok	match	true	production_all	1.4019	386.91	0aa78e92d327c2e73570243388e43347abb199d1bef9d461c94302a1d5eff20b	25a9dfe3607834ad90d624672276aede57eaf02784efa544063dd4489337adab		49794065
ore_ont_13969.owl	496	ok	match	true	production_all	8.9945	1420.25	0aa78e92d327c2e73570243388e43347abb199d1bef9d461c94302a1d5eff20b	df5204236b942809dc9fff216bc1a3ccf523cc361d1cb9ca2a12b36456249647		49794067
ore_ont_14027.owl	497	ok	match	true	production_all	0.2739	37.35	0aa78e92d327c2e73570243388e43347abb199d1bef9d461c94302a1d5eff20b	e89ac3a69a1ca7c8e4b2c50fffb92e958ce6cfa6aedbd9a5f449895c592d5e48		49794072
ore_ont_14031.owl	498	ok	match	true	production_all	0.0991	17.55	0aa78e92d327c2e73570243388e43347abb199d1bef9d461c94302a1d5eff20b	41ecf9621a1cc6d1dda13476959ce98ef12d1f97090b407e8a0b5b4d2d35d1dd		49794073
ore_ont_14042.owl	499	ok	match	true	production_all	41.7793	3766.68	0aa78e92d327c2e73570243388e43347abb199d1bef9d461c94302a1d5eff20b	5f730ffc22a0828f94eb0bcfe5c366774eb965dcb577c9b64e14c9552f2e86e9		49794074
ore_ont_14123.owl	500	ok	match	true	production_all	0.07	11.79	0aa78e92d327c2e73570243388e43347abb199d1bef9d461c94302a1d5eff20b	8b7f9bcf47a17d494df882683f019686ed295e909c0d80b7e4bcb0a306b16245		49794075
ore_ont_14153.owl	501	ok	match	true	production_all	0.1294	46.68	0aa78e92d327c2e73570243388e43347abb199d1bef9d461c94302a1d5eff20b	11b062554512b7dc5030652d6359a4637466330cb93b1acbbe25eb81e28b7efc		49794076
ore_ont_14194.owl	502	ok	match	true	nominals	2.9466	1633.64	0aa78e92d327c2e73570243388e43347abb199d1bef9d461c94302a1d5eff20b	c134da9d8e936c4f86bdfba991620153f1a4e471154011b9e333b0324ac35da5		49794077
ore_ont_14216.owl	503	ok	match	true	production_all	21.4806	3716.38	0aa78e92d327c2e73570243388e43347abb199d1bef9d461c94302a1d5eff20b	25a9dfe3607834ad90d624672276aede57eaf02784efa544063dd4489337adab		49794078
ore_ont_14273.owl	504	ok	match	true	production_all	0.0409	7.19	0aa78e92d327c2e73570243388e43347abb199d1bef9d461c94302a1d5eff20b	25a9dfe3607834ad90d624672276aede57eaf02784efa544063dd4489337adab		49794079
ore_ont_14280.owl	505	ok	match	true	production_all	0.4226	44.6	0aa78e92d327c2e73570243388e43347abb199d1bef9d461c94302a1d5eff20b	dcc934c8bc158452fb1f4d5590d9555e693e5417a6b0cf76f28a01fde9f4385a		49794080
ore_ont_14312.owl	506	ok	match	true	production_all	2.9938	770.07	0aa78e92d327c2e73570243388e43347abb199d1bef9d461c94302a1d5eff20b	13aed4f22b7932a454821bd5bd3c1d9354fc69f7586b2bf3b2cb445a461a59b3		49794081
ore_ont_14327.owl	507	ok	match	true	production_all	0.041	6.88	0aa78e92d327c2e73570243388e43347abb199d1bef9d461c94302a1d5eff20b	70171f4a81f01a33cbc8852ca47a0155893039a6f390b7a5780a71655b53800e		49794082
ore_ont_14375.owl	508	ok	match	true	production_all	0.9293	229.58	0aa78e92d327c2e73570243388e43347abb199d1bef9d461c94302a1d5eff20b	2829f8183f13c0ca7bea6def45b269984c62055471f3a226dbbb625743470655		49794083
ore_ont_14450.owl	509	ok	match	true	production_all	0.1887	55.24	0aa78e92d327c2e73570243388e43347abb199d1bef9d461c94302a1d5eff20b	d0c67792f15f1d3adee5ff277de2c7511d08474189203320bab5c30dafe21fcc		49794084
ore_ont_14459.owl	510	ok	match	true	production_all	48.6614	4676.62	0aa78e92d327c2e73570243388e43347abb199d1bef9d461c94302a1d5eff20b	cd04b420623e015a2c262189ae87da5f5712179d720dbc20e6ea4609e7615f41		49794085
ore_ont_14499.owl	511	ok	match	true	production_all	0.1904	30.85	0aa78e92d327c2e73570243388e43347abb199d1bef9d461c94302a1d5eff20b	ac49106e1451d9853d2cb9d7a85693b96e5379e58a9cbe8d8dd6b8786b979d2a		49794086
ore_ont_14508.owl	512	ok	match	true	production_all	1.1871	272.75	0aa78e92d327c2e73570243388e43347abb199d1bef9d461c94302a1d5eff20b	25a9dfe3607834ad90d624672276aede57eaf02784efa544063dd4489337adab		49794088
ore_ont_14518.owl	513	ok	match	true	production_all	0.0407	7.19	0aa78e92d327c2e73570243388e43347abb199d1bef9d461c94302a1d5eff20b	3b4f8d3811e4bc8dd83d2498f6d1f68ddddde4834c99449996bbbe92ebfba5ec		49794089
ore_ont_14543.owl	514	ok	match	true	production_all	6.0258	974.73	0aa78e92d327c2e73570243388e43347abb199d1bef9d461c94302a1d5eff20b	3d69cceb509ef6af3ff22cd2eea4b2d20cf4a261c48c0f2e4ea786582fa9b4f6		49794090
ore_ont_14574.owl	515	ok	match	true	production_all	0.2187	31.13	0aa78e92d327c2e73570243388e43347abb199d1bef9d461c94302a1d5eff20b	493d5b8d2bad1ba4b0a417ba87c4b0cdb31b917cac6c8c521b50eccf50dcb35f		49794091
ore_ont_14587.owl	516	ok	match	true	production_all	0.3122	51.77	0aa78e92d327c2e73570243388e43347abb199d1bef9d461c94302a1d5eff20b	430efd311cd4e4530c704f7a881a2634d8ba24a2d2eb44f99858bfa90650c8c4		49794092
ore_ont_14607.owl	517	ok	match	true	production_all	6.9632	1653.38	0aa78e92d327c2e73570243388e43347abb199d1bef9d461c94302a1d5eff20b	25a9dfe3607834ad90d624672276aede57eaf02784efa544063dd4489337adab		49794093
ore_ont_14817.owl	518	ok	match	true	production_all	99.736	8224.12	0aa78e92d327c2e73570243388e43347abb199d1bef9d461c94302a1d5eff20b	3c43822a005baa536d47079eac973ab6247dd54adace4643ac119bc74757445d		49794094
ore_ont_14826.owl	519	ok	match	true	production_all	0.0409	7.81	0aa78e92d327c2e73570243388e43347abb199d1bef9d461c94302a1d5eff20b	0d117ce09c0ab3b0861b3c524719fe2a4f3143a0fc90124355a18e12028726b3		49794096
ore_ont_14840.owl	520	ok	match	true	production_all	0.0699	11.76	0aa78e92d327c2e73570243388e43347abb199d1bef9d461c94302a1d5eff20b	11b062554512b7dc5030652d6359a4637466330cb93b1acbbe25eb81e28b7efc		49794150
ore_ont_14848.owl	521	ok	match	true	production_all	0.0699	10.44	0aa78e92d327c2e73570243388e43347abb199d1bef9d461c94302a1d5eff20b	35ad616fd48312b83ed0327765383c7b7087019ec32aa6778e7b85eed5448fb2		49794154
ore_ont_14896.owl	522	ok	match	true	nominal_ni_abox	1.1863	584.54	0aa78e92d327c2e73570243388e43347abb199d1bef9d461c94302a1d5eff20b	6d9285aae0ab89479bc2db0d99b396d87044ea4f1baa33c4edc5fc5410681760		49794155
ore_ont_14901.owl	523	ok	match	true	production_all	0.0408	9.06	0aa78e92d327c2e73570243388e43347abb199d1bef9d461c94302a1d5eff20b	a6209a6c16fcc7a056b4afd3a9a3d62114a67dfd76f674aac2f616d7cc0276df		49794156
ore_ont_14926.owl	524	ok	match	true	production_all	0.0404	6.88	0aa78e92d327c2e73570243388e43347abb199d1bef9d461c94302a1d5eff20b	77665b11fb7d2370101eb7b65e132de7967c9239a51a1eb0bb9769f5c6e0b389		49794159
ore_ont_14934.owl	525	ok	match	true	production_all	2.7816	616.09	0aa78e92d327c2e73570243388e43347abb199d1bef9d461c94302a1d5eff20b	67f8b56d7977547b096eb1abae5ff30988653d703a4e8c27f8d543b13e3f6b3c		49794160
ore_ont_15059.owl	526	ok	match	true	production_all	63.2107	9796.42	0aa78e92d327c2e73570243388e43347abb199d1bef9d461c94302a1d5eff20b	25a9dfe3607834ad90d624672276aede57eaf02784efa544063dd4489337adab		49794161
ore_ont_15068.owl	527	ok	match	true	production_all	0.04	7.19	0aa78e92d327c2e73570243388e43347abb199d1bef9d461c94302a1d5eff20b	e60aee98e44662ce73579fe6f10aaf0c4197f6297c8c7a2dc96229a68000cec5		49794164
ore_ont_15098.owl	528	ok	match	true	production_all	0.1565	31.92	0aa78e92d327c2e73570243388e43347abb199d1bef9d461c94302a1d5eff20b	97c1355b707518660b4d88edeaafbedba4ed48ded26a8a6750b5b9dbbdc0c0d3		49794167
ore_ont_15099.owl	529	ok	match	true	production_all	1.3124	302.02	0aa78e92d327c2e73570243388e43347abb199d1bef9d461c94302a1d5eff20b	25a9dfe3607834ad90d624672276aede57eaf02784efa544063dd4489337adab		49794168
ore_ont_15145.owl	530	ok	match	true	production_all	0.04	6.56	0aa78e92d327c2e73570243388e43347abb199d1bef9d461c94302a1d5eff20b	d35d49ee77e0944bb615970957f86b0e59c29c32cb004f5b780cad04a884d820		49794173
ore_ont_15152.owl	531	ok	match	true	production_all	0.2488	35.55	0aa78e92d327c2e73570243388e43347abb199d1bef9d461c94302a1d5eff20b	2e77cd8b86b16a814046b32b0f6aac24408a4720f8c85b5e70064714d044ab4e		49794174
ore_ont_15172.owl	532	ok	match	true	production_all	4.4888	860.78	0aa78e92d327c2e73570243388e43347abb199d1bef9d461c94302a1d5eff20b	cfe1d126a72a80da87f532b5b612cb038a9842ba2da3b976a42210dd64dc309f		49794176
ore_ont_15178.owl	533	ok	match	true	production_all	0.5923	65.45	0aa78e92d327c2e73570243388e43347abb199d1bef9d461c94302a1d5eff20b	25a9dfe3607834ad90d624672276aede57eaf02784efa544063dd4489337adab		49794177
ore_ont_15222.owl	534	ok	match	true	production_all	0.1276	26.18	0aa78e92d327c2e73570243388e43347abb199d1bef9d461c94302a1d5eff20b	5c6f359604affee99507cdd750dbbfc794e267be366dbb2e28d23195585173fc		49794182
ore_ont_15231.owl	535	ok	match	true	production_all	0.0406	8.75	0aa78e92d327c2e73570243388e43347abb199d1bef9d461c94302a1d5eff20b	759bbfe0aa99baef0b44c0a355a8bdb04c1e1567df8276657a8f110eaa63b0da		49794183
ore_ont_15260.owl	536	ok	match	true	production_all	0.5395	56.59	0aa78e92d327c2e73570243388e43347abb199d1bef9d461c94302a1d5eff20b	aff02089bd790afb61c697a9cd6479412f059bcfc0280ebe620fbf4f9db6f74e		49794185
ore_ont_15280.owl	537	ok	match	true	production_all	67.427	7158.66	0aa78e92d327c2e73570243388e43347abb199d1bef9d461c94302a1d5eff20b	25a9dfe3607834ad90d624672276aede57eaf02784efa544063dd4489337adab		49794186
ore_ont_15288.owl	538	ok	match	true	nominals	0.0985	25.84	0aa78e92d327c2e73570243388e43347abb199d1bef9d461c94302a1d5eff20b	3c48c283d1292f55fe67383942d35be768499f1f96e83f0adf812c000ac3b9dd		49794189
ore_ont_15292.owl	539	ok	match	true	production_all	0.0708	14.71	0aa78e92d327c2e73570243388e43347abb199d1bef9d461c94302a1d5eff20b	29a150755fb749ce18438b66bc2251caf3830ac42a72a55b5f9f80354d7d7a36		49794190
ore_ont_15341.owl	540	ok	match	true	production_all	0.215	33.99	0aa78e92d327c2e73570243388e43347abb199d1bef9d461c94302a1d5eff20b	1a76bc2eead4ab2c64afae2e732b4a5ef9f37155917439b00c9518c686bff41c		49794193
ore_ont_15388.owl	541	ok	match	true	production_all	3.2195	629.0	0aa78e92d327c2e73570243388e43347abb199d1bef9d461c94302a1d5eff20b	758db59f0d87ce5cce6675d9c29e821c914f18a5c6441c409b4e99b59fda8a32		49794194
ore_ont_15397.owl	542	ok	match	true	production_all	0.0408	9.06	0aa78e92d327c2e73570243388e43347abb199d1bef9d461c94302a1d5eff20b	d9e64c782f6e64d0320ccc7d671e028934cbea67e33feb8d416ea7ff796713cd		49794195
ore_ont_15399.owl	543	ok	match	true	production_all	0.0408	6.88	0aa78e92d327c2e73570243388e43347abb199d1bef9d461c94302a1d5eff20b	efda811e1d6e9ea5f0db4e624fb6396525b8b8062b2425db6e4d09050f5b1c17		49794199
ore_ont_15461.owl	544	ok	match	true	certified_nominals	0.041	12.85	0aa78e92d327c2e73570243388e43347abb199d1bef9d461c94302a1d5eff20b	ee5f8cc3794b0475358c736d5f6fd8de147908ad3b71ce2191a8db616177f5ec		49794200
ore_ont_15491.owl	545	ok	match	true	production_all	1.7848	760.65	0aa78e92d327c2e73570243388e43347abb199d1bef9d461c94302a1d5eff20b	97a59d7571fc801275294d5b4946c729e77ce8827ae172f37860dd37c725b499		49794201
ore_ont_15516.owl	546	ok	consistency_mismatch	false	ht_rules	0.1586	24.37	0aa78e92d327c2e73570243388e43347abb199d1bef9d461c94302a1d5eff20b	3c48c283d1292f55fe67383942d35be768499f1f96e83f0adf812c000ac3b9dd		49794204
ore_ont_15536.owl	547	ok	match	true	production_all	1.3023	428.96	0aa78e92d327c2e73570243388e43347abb199d1bef9d461c94302a1d5eff20b	e1fbeb7aeb67310ff49d0f3581a15226962810239795d8c96bfc061bc5fb9f8d		49794207
ore_ont_15576.owl	548	ok	match	true	production_all	0.0408	6.88	0aa78e92d327c2e73570243388e43347abb199d1bef9d461c94302a1d5eff20b	695d45a2b96d972126076a53cdec4cb9ad18c89b74acb7d7a37b2f4dc6d86945		49794208
ore_ont_15615.owl	549	ok	match	true	nominals	0.6646	303.66	0aa78e92d327c2e73570243388e43347abb199d1bef9d461c94302a1d5eff20b	838b8129e87b7cee048f7a2d220cbba48c95cc9e8202758908e2abe4d31270c0		49794209
ore_ont_15672.owl	550	ok	match	true	certified_nominals	0.1571	41.43	0aa78e92d327c2e73570243388e43347abb199d1bef9d461c94302a1d5eff20b	ac6f352d8affdb9102cfb99509c6f3684aa1b181c29845ac98780d1b07e3b131		49794213
ore_ont_15696.owl	551	ok	match	true	production_all	6.2977	1020.7	0aa78e92d327c2e73570243388e43347abb199d1bef9d461c94302a1d5eff20b	c970dcfadfa3044c7e64c2d304534d117c73227fe514292dc5714b298b8b3ea7		49794216
ore_ont_15703.owl	552	ok	match	true	production_all	33.8195	4360.35	0aa78e92d327c2e73570243388e43347abb199d1bef9d461c94302a1d5eff20b	090129a7fbaa14652ada3408dd1f160e7dd4a09a3502cc3323d8dad734e8893a	same_job_fulliri_identity_to_konclude	49794217
ore_ont_15725.owl	553	ok	match	true	production_all	2.8059	541.71	0aa78e92d327c2e73570243388e43347abb199d1bef9d461c94302a1d5eff20b	42436eeb45b30ea78e04c949ee44ed2b01fd517c889e603da4aa5afe491dbba3		49794219
ore_ont_15790.owl	554	ok	match	true	production_all	0.9869	220.93	0aa78e92d327c2e73570243388e43347abb199d1bef9d461c94302a1d5eff20b	a98baf2805a78f76f0ada62cba4ff6ba0f2074ab456c1358f173d00b9cdcf687		49794220
ore_ont_15791.owl	555	ok	match	true	production_all	0.6664	179.29	0aa78e92d327c2e73570243388e43347abb199d1bef9d461c94302a1d5eff20b	400f7d33417064a47481356d944fc2a18d4464daaccc300744d15445d18267a9		49794221
ore_ont_15793.owl	556	ok	match	true	production_all	0.4473	54.9	0aa78e92d327c2e73570243388e43347abb199d1bef9d461c94302a1d5eff20b	25a9dfe3607834ad90d624672276aede57eaf02784efa544063dd4489337adab		49794222
ore_ont_15803.owl	557	ok	match	true	production_all	35.084	2596.23	0aa78e92d327c2e73570243388e43347abb199d1bef9d461c94302a1d5eff20b	b2a4da940996565b8ddac8c21ce38392192c271087965a80ba09c8826f2ee654		49794223
ore_ont_15846.owl	558	ok	match	true	certified_nominals	183.9988	18984.46	0aa78e92d327c2e73570243388e43347abb199d1bef9d461c94302a1d5eff20b	ac1340ed5caad4831da799f8842d2893e8d9f310dce3d084390affed2072a4a6		49794225
ore_ont_15860.owl	559	ok	match	true	production_all	0.0992	19.21	0aa78e92d327c2e73570243388e43347abb199d1bef9d461c94302a1d5eff20b	c173c953ba6ebb32391cc93132739e108a31bcfc0eecb2b364122804641facc1		49794232
ore_ont_15882.owl	560	ok	match	true	production_all	0.0407	7.81	0aa78e92d327c2e73570243388e43347abb199d1bef9d461c94302a1d5eff20b	46a256fa20fee1a424bd74f6c769b7069c857a56526bebf219f8a1ea5970d413		49794234
ore_ont_15917.owl	561	ok	match	true	production_all	0.2194	33.9	0aa78e92d327c2e73570243388e43347abb199d1bef9d461c94302a1d5eff20b	b18821800ab66df564954fe1f8f0215e5a18ab26bb84b658dad00ecef50d8d43		49794440
ore_ont_15929.owl	562	ok	match	true	production_all	7.2736	1359.43	0aa78e92d327c2e73570243388e43347abb199d1bef9d461c94302a1d5eff20b	f0c432fee3845eb4ee0944c812ab0cadbbb8b96ea3184fcfff116504553d20e6		49794443
ore_ont_15932.owl	563	ok	match	true	production_all	0.1887	28.03	0aa78e92d327c2e73570243388e43347abb199d1bef9d461c94302a1d5eff20b	25a9dfe3607834ad90d624672276aede57eaf02784efa544063dd4489337adab		49794444
ore_ont_15944.owl	564	ok	match	true	production_all	0.2185	29.13	0aa78e92d327c2e73570243388e43347abb199d1bef9d461c94302a1d5eff20b	a89fcaec0acf48929b811ad17b0a59dae35e6000e3da2a3eb5a38face70b89f0		49794446
ore_ont_15950.owl	565	ok	match	true	production_all	0.0697	12.74	0aa78e92d327c2e73570243388e43347abb199d1bef9d461c94302a1d5eff20b	d15b70278a4cfa2cbedf2764cb9add0f0a8634cfe957ddc2861c637639bcbf80		49794447
ore_ont_15968.owl	566	ok	match	true	production_all	0.1278	19.28	0aa78e92d327c2e73570243388e43347abb199d1bef9d461c94302a1d5eff20b	6db6d583cbef219dfd43cf09b0d4d10c48a2e452b5fa3a3192d1e43164b71ad8		49794450
ore_ont_15976.owl	567	ok	match	true	production_all	12.2791	2519.75	0aa78e92d327c2e73570243388e43347abb199d1bef9d461c94302a1d5eff20b	51a1a9f58e3876db3d650ffc837f1b17a593f96e8186123ad3a7be4ebae90ce2		49794451
ore_ont_15985.owl	568	ok	match	true	production_all	0.0406	10.0	0aa78e92d327c2e73570243388e43347abb199d1bef9d461c94302a1d5eff20b	ca24600a6333d4f0b50ddb653421567ea0b628924690df4d658227e0b57116ca		49794452
ore_ont_16008.owl	569	ok	match	true	production_all	40.729	4156.59	0aa78e92d327c2e73570243388e43347abb199d1bef9d461c94302a1d5eff20b	a63271e4eaa00aee100894f5b327640ee71188051dabf76b2db3966ee97c7300		49794454
ore_ont_16076.owl	570	ok	match	true	production_all	0.0408	6.56	0aa78e92d327c2e73570243388e43347abb199d1bef9d461c94302a1d5eff20b	f5bc89bf3be32e4581fd4c79c458b48416e36f89c736035abe746f5a9a8f202b		49794455
ore_ont_16114.owl	571	ok	match	true	production_all	0.3031	41.88	0aa78e92d327c2e73570243388e43347abb199d1bef9d461c94302a1d5eff20b	1ad425b38518f1b34809c5bac5e48a3852f6537a4b67a386e7738d65bbabfbd1		49794456
ore_ont_16167.owl	572	ok	match	true	production_all	0.0413	8.91	0aa78e92d327c2e73570243388e43347abb199d1bef9d461c94302a1d5eff20b	b7265f5d9eb0fb65cc91f6a0c66536106a10cfb80bfd5e9a3089fc4912cc1685		49794457
ore_ont_16299.owl	573	ok	match	true	production_all	0.2193	36.35	0aa78e92d327c2e73570243388e43347abb199d1bef9d461c94302a1d5eff20b	79a3357bf88132434ab6f17359e8423fd8e267d9cd8f284a69f83811a81c5534		49794458
ore_ont_16303.owl	574	ok	match	true	nominals	5.2057	2398.3	0aa78e92d327c2e73570243388e43347abb199d1bef9d461c94302a1d5eff20b	34fe02a636bad19ca47c10bc915fa2e13b8985ab465f1950e8e9ac37e8c5cec4		49794460
ore_ont_16312.owl	575	ok	match	true	production_all	0.0414	9.38	0aa78e92d327c2e73570243388e43347abb199d1bef9d461c94302a1d5eff20b	211b0f09c916f799fa9e5d415686048201528f845fe8c51344875b641012c3bb		49794461
ore_ont_16351.owl	576	ok	match	true	production_all	0.0408	6.56	0aa78e92d327c2e73570243388e43347abb199d1bef9d461c94302a1d5eff20b	089285c14961a28c3295b6109e4770cd940be7585d1707cf11d856a9a3d8fbfb		49794462
ore_ont_16444.owl	577	ok	match	true	production_all	11.162	1829.04	0aa78e92d327c2e73570243388e43347abb199d1bef9d461c94302a1d5eff20b	5109eb2f46fdb186066ec88a1337c6a825792132ceb7c8da24bf726151dc8266		49794463
ore_ont_16461.owl	578	ok	match	true	production_all	0.5057	25.45	0aa78e92d327c2e73570243388e43347abb199d1bef9d461c94302a1d5eff20b	0af6a1d628529a9a1d42c72379974169f6b2c6bcb60f707f8219c3729daff0ad		49794464
ore_ont_16462.owl	579	ok	match	true	nominals	11.788	2459.78	0aa78e92d327c2e73570243388e43347abb199d1bef9d461c94302a1d5eff20b	9109e440a0fde12e5608bff89f0f251b2a2e18c60bc08c6f8e52778c3871d19b		49794465
ore_ont_16501.owl	580	ok	match	true	production_all	0.0405	8.12	0aa78e92d327c2e73570243388e43347abb199d1bef9d461c94302a1d5eff20b	1b5b8a3dfbee869f5bef037fc0ebcf0443e1c450ce39e644ac98a8bddb061619		49794466
ore_ont_16558.owl	581	ok	match	true	production_all	0.1906	30.0	0aa78e92d327c2e73570243388e43347abb199d1bef9d461c94302a1d5eff20b	a89fcaec0acf48929b811ad17b0a59dae35e6000e3da2a3eb5a38face70b89f0		49794467
ore_ont_16559.owl	582	ok	match	true	production_all	1.3103	377.71	0aa78e92d327c2e73570243388e43347abb199d1bef9d461c94302a1d5eff20b	25a9dfe3607834ad90d624672276aede57eaf02784efa544063dd4489337adab		49794468
ore_ont_16596.owl	583	ok	match	true	production_all	12.0293	2536.17	0aa78e92d327c2e73570243388e43347abb199d1bef9d461c94302a1d5eff20b	59fe2ee75b8ea859b8dadcc4715d8591b3f1b41c2880e673b3a24ec9613a267c		49794469
ore_ont_16619.owl	584	ok	match	true	production_all	0.7996	68.74	0aa78e92d327c2e73570243388e43347abb199d1bef9d461c94302a1d5eff20b	fb177a37c99251f771c426c2b969026f3a1e8efffc7fb30336b4543b014707e2		49794471
ore_ont_16626.owl	585	ok	match	true	production_all	0.0424	7.19	0aa78e92d327c2e73570243388e43347abb199d1bef9d461c94302a1d5eff20b	4c0fc61e706201f24a9b90a90645e46f89e292aebc1411ae5d428a2aeb00fc90		49794473
ore_ont_16684.owl	586	ok	match	true	production_all	1.8219	400.3	0aa78e92d327c2e73570243388e43347abb199d1bef9d461c94302a1d5eff20b	25a9dfe3607834ad90d624672276aede57eaf02784efa544063dd4489337adab		49794474
ore_ont_16687.owl	587	ok	match	true	production_all	1.2828	275.12	0aa78e92d327c2e73570243388e43347abb199d1bef9d461c94302a1d5eff20b	065e1e1457ce47b8ce09b524443d73adc155d2d40d1a6303dec535d74378c086		49794475
ore_ont_16730.owl	588	ok	match	true	production_all	0.0409	7.81	0aa78e92d327c2e73570243388e43347abb199d1bef9d461c94302a1d5eff20b	a387245df155c38805c9fb5860713f05c5747dcc66cb68aeed3f348cce01ed68		49794477
ore_ont_16744.owl	589	ok	match	true	production_all	108.6457	11598.09	0aa78e92d327c2e73570243388e43347abb199d1bef9d461c94302a1d5eff20b	25a9dfe3607834ad90d624672276aede57eaf02784efa544063dd4489337adab		49794478
ore_ont_16777.owl	590	ok	match	true	production_all	0.0706	8.75	0aa78e92d327c2e73570243388e43347abb199d1bef9d461c94302a1d5eff20b	25a9dfe3607834ad90d624672276aede57eaf02784efa544063dd4489337adab		49794479
ore_ont_16821.owl	591	ok	match	true	production_all	0.0413	8.44	0aa78e92d327c2e73570243388e43347abb199d1bef9d461c94302a1d5eff20b	1a2026b1f210fee29abcf425160d81ab1f0edef058aec0379f8dbf0b3bce7cc2		49793194
