ont	status	verdict	solved	consistent	wall_s	peak_mb	selected_route_trace	signature_sha256	binary_sha256	host	cpu_model	slurm_array_job_id	slurm_array_task_id
ore_ont_33.owl	ok	match	True	True	0.3015	37.52	production_all	c547c598ede2b73339e49f4c1e805d2cdb9eacf5916e6a87169653fea88bad2d	21263bc18a61fddf15c4a2b0c71f9e2a06051b1c916227e15efd246534b677ee	cn512-09-r	Intel(R) Xeon(R) Gold 6248 CPU @ 2.50GHz	50438700	0
ore_ont_105.owl	ok	match	True	True	0.0405	6.25	elc	b87db53f167df5a69d109d90740cadf2bb2c27635e9496a86f454e4838ed8728	21263bc18a61fddf15c4a2b0c71f9e2a06051b1c916227e15efd246534b677ee	cn509-28-l	Intel(R) Xeon(R) Gold 6248 CPU @ 2.50GHz	50438700	1
ore_ont_148.owl	ok	match	True	True	9.7589	1438.49	nominals	10ef79ea10318d5197169737fc59d7d5771162a452a2e4e1a74a7a0ca880d944	21263bc18a61fddf15c4a2b0c71f9e2a06051b1c916227e15efd246534b677ee	cn509-24-r	Intel(R) Xeon(R) Gold 6248 CPU @ 2.50GHz	50438700	2
ore_ont_178.owl	ok	match	True	True	0.0989	33.87	nominals	e6e4ebc5a09a391d077e5e5a30b88abe563b2c13b222f6bab8cdf1aecbf50e0a	21263bc18a61fddf15c4a2b0c71f9e2a06051b1c916227e15efd246534b677ee	cn509-23-r	Intel(R) Xeon(R) Gold 6248 CPU @ 2.50GHz	50438700	3
ore_ont_258.owl	ok	match	True	True	0.0402	6.25	elc	9579a5c955be86249c9f139f96cfae0fc4ab29399e898cd12d2c769e74e464c9	21263bc18a61fddf15c4a2b0c71f9e2a06051b1c916227e15efd246534b677ee	cn509-22-l	Intel(R) Xeon(R) Gold 6248 CPU @ 2.50GHz	50438700	4
ore_ont_269.owl	ok	match	True	True	0.9508	119.89	elc	25a9dfe3607834ad90d624672276aede57eaf02784efa544063dd4489337adab	21263bc18a61fddf15c4a2b0c71f9e2a06051b1c916227e15efd246534b677ee	cn509-19-r	Intel(R) Xeon(R) Gold 6248 CPU @ 2.50GHz	50438700	5
ore_ont_338.owl	ok	match	True	True	0.0404	7.81	production_all	b745bb36702b9861d79f297df70982109814a0a5c5579b2af04f4fd748403746	21263bc18a61fddf15c4a2b0c71f9e2a06051b1c916227e15efd246534b677ee	cn509-19-l	Intel(R) Xeon(R) Gold 6248 CPU @ 2.50GHz	50438700	6
ore_ont_380.owl	ok	match	True	True	0.0701	9.29	elc	55086452e6fa037ae88e22f05bf4fd7fae44c534fc7dbcf65691946962e0e202	21263bc18a61fddf15c4a2b0c71f9e2a06051b1c916227e15efd246534b677ee	cn509-11-l	Intel(R) Xeon(R) Gold 6248 CPU @ 2.50GHz	50438700	7
ore_ont_394.owl	ok	match	True	True	0.0984	29.86	nominals	b0b77ecd4bd6ae54580d015e3168dae58e0dd9cd80f64ecebf29d2fa2dfe5c02	21263bc18a61fddf15c4a2b0c71f9e2a06051b1c916227e15efd246534b677ee	cn509-10-l	Intel(R) Xeon(R) Gold 6248 CPU @ 2.50GHz	50438700	8
ore_ont_412.owl	ok	match	True	True	0.1327	20.86	elc	9e482716a302992d30f7afcb71c473594584992bd4a9032ace1f005c460987da	21263bc18a61fddf15c4a2b0c71f9e2a06051b1c916227e15efd246534b677ee	cn509-09-l	Intel(R) Xeon(R) Gold 6248 CPU @ 2.50GHz	50438700	9
ore_ont_443.owl	ok	match	True	False	0.0977	23.66	nominals	3c48c283d1292f55fe67383942d35be768499f1f96e83f0adf812c000ac3b9dd	21263bc18a61fddf15c4a2b0c71f9e2a06051b1c916227e15efd246534b677ee	cn512-09-r	Intel(R) Xeon(R) Gold 6248 CPU @ 2.50GHz	50438700	10
ore_ont_457.owl	ok	match	True	True	0.0705	14.38	production_all	21d873c690e1f8ddd85fb557aa6ccd2dec40902830769885cb340d5889bd1b06	21263bc18a61fddf15c4a2b0c71f9e2a06051b1c916227e15efd246534b677ee	cn509-28-l	Intel(R) Xeon(R) Gold 6248 CPU @ 2.50GHz	50438700	11
ore_ont_508.owl	ok	match	True	True	0.0408	7.81	production_all	3847724c9e9e2a9fcf6c97fe0e5fdbe9cb10a1957f3521806480ac5f21de5f1f	21263bc18a61fddf15c4a2b0c71f9e2a06051b1c916227e15efd246534b677ee	cn509-24-r	Intel(R) Xeon(R) Gold 6248 CPU @ 2.50GHz	50438700	12
ore_ont_541.owl	ok	match	True	True	0.1862	57.35	production_all	c20d3724284bad20c79b64470da7d1a176fa34e92aa993fed54799a9bdbfb82e	21263bc18a61fddf15c4a2b0c71f9e2a06051b1c916227e15efd246534b677ee	cn509-23-r	Intel(R) Xeon(R) Gold 6248 CPU @ 2.50GHz	50438700	13
ore_ont_544.owl	ok	match	True	True	0.1307	31.34	elc	fae1e3e632c54b1c5a0b1de39cd2907984c5cb7cb41be063ba05dc1a00470694	21263bc18a61fddf15c4a2b0c71f9e2a06051b1c916227e15efd246534b677ee	cn509-22-l	Intel(R) Xeon(R) Gold 6248 CPU @ 2.50GHz	50438700	14
ore_ont_566.owl	ok	match	True	True	0.0698	9.6	elc	3460573f3c96cde1f3769168bd13a417b28ed1b271986165c4ea3a4bb63652c7	21263bc18a61fddf15c4a2b0c71f9e2a06051b1c916227e15efd246534b677ee	cn509-19-r	Intel(R) Xeon(R) Gold 6248 CPU @ 2.50GHz	50438700	15
ore_ont_637.owl	ok	match	True	True	0.0404	8.75	production_all	cb49a9ec460d5f3888d3d2416aa7ce8ddb9ce0c3057009d3ae037567be23d277	21263bc18a61fddf15c4a2b0c71f9e2a06051b1c916227e15efd246534b677ee	cn509-19-l	Intel(R) Xeon(R) Gold 6248 CPU @ 2.50GHz	50438700	16
ore_ont_670.owl	ok	match	True	True	0.0702	12.39	production_all	73ed44f501a16b10e3fc47bfe462789376f5337a258b8d668544d0fd82f3e07d	21263bc18a61fddf15c4a2b0c71f9e2a06051b1c916227e15efd246534b677ee	cn509-11-l	Intel(R) Xeon(R) Gold 6248 CPU @ 2.50GHz	50438700	17
ore_ont_703.owl	ok	match	True	True	0.0409	8.75	production_all	3fab48d1d70f73e046aaa7fc045b757147a895eb288a037e3d7e7a4cc9218923	21263bc18a61fddf15c4a2b0c71f9e2a06051b1c916227e15efd246534b677ee	cn509-10-l	Intel(R) Xeon(R) Gold 6248 CPU @ 2.50GHz	50438700	18
ore_ont_725.owl	ok	match	True	True	0.0732	9.06	elc	bcb36636c59fa3d9c804c5fe45671d1ec6012c5afabc66a6209c1ece82e576f7	21263bc18a61fddf15c4a2b0c71f9e2a06051b1c916227e15efd246534b677ee	cn509-09-l	Intel(R) Xeon(R) Gold 6248 CPU @ 2.50GHz	50438700	19
ore_ont_795.owl	ok	match	True	True	4.8544	263.33	elc	46bc86a218926fba754a544edfbd189e4985f4d1588bb590b4e7d16e7bf425b8	21263bc18a61fddf15c4a2b0c71f9e2a06051b1c916227e15efd246534b677ee	cn512-09-r	Intel(R) Xeon(R) Gold 6248 CPU @ 2.50GHz	50438700	20
ore_ont_840.owl	ok	match	True	True	1.291	80.8	elc	3d88d25973c176a4c55bedc4af8b0111afbdde3b792af73c4c86386e94dad4a9	21263bc18a61fddf15c4a2b0c71f9e2a06051b1c916227e15efd246534b677ee	cn509-28-l	Intel(R) Xeon(R) Gold 6248 CPU @ 2.50GHz	50438700	21
ore_ont_868.owl	ok	match	True	True	45.0025	2857.79	production_all	be6be6663ffd9721606bf3cb61308789c55c28ffbe8d4ba2d85d0ee60b7fcc0f	21263bc18a61fddf15c4a2b0c71f9e2a06051b1c916227e15efd246534b677ee	cn509-25-l	Intel(R) Xeon(R) Gold 6248 CPU @ 2.50GHz	50438700	22
ore_ont_869.owl	ok	match	True	True	0.0989	20.44	elc	786a9d5011c8dfe4b3b537254d4949946a4aa2a65bfa7246ecbbc5816ec89823	21263bc18a61fddf15c4a2b0c71f9e2a06051b1c916227e15efd246534b677ee	cn509-24-r	Intel(R) Xeon(R) Gold 6248 CPU @ 2.50GHz	50438700	23
ore_ont_935.owl	ok	match	True	True	0.8475	56.97	elc	e28734d416a55cc903d9b1d299be79e05763691b27185934a94a42f59524be2e	21263bc18a61fddf15c4a2b0c71f9e2a06051b1c916227e15efd246534b677ee	cn509-23-r	Intel(R) Xeon(R) Gold 6248 CPU @ 2.50GHz	50438700	24
ore_ont_947.owl	ok	match	True	True	0.4169	38.37	elc	04edb515f2bfe70c8381f2886402201b30947dfedb48f69eccfab4275f8d9baf	21263bc18a61fddf15c4a2b0c71f9e2a06051b1c916227e15efd246534b677ee	cn509-22-l	Intel(R) Xeon(R) Gold 6248 CPU @ 2.50GHz	50438700	25
ore_ont_960.owl	ok	match	True	True	1.3544	740.78	nominals	f4cfde7f23bbb2df47ece80129e120bd127df90b2793cfc5fe5bfe924b0bad33	21263bc18a61fddf15c4a2b0c71f9e2a06051b1c916227e15efd246534b677ee	cn509-19-r	Intel(R) Xeon(R) Gold 6248 CPU @ 2.50GHz	50438700	26
ore_ont_964.owl	ok	match	True	True	0.3663	39.99	elc	bf71a4cbd9ebf8173477e14cd8e902174c692fbfe824487fc5f22119a63f5500	21263bc18a61fddf15c4a2b0c71f9e2a06051b1c916227e15efd246534b677ee	cn509-19-l	Intel(R) Xeon(R) Gold 6248 CPU @ 2.50GHz	50438700	27
ore_ont_1012.owl	ok	match	True	True	51.7866	5706.98	elc	25a9dfe3607834ad90d624672276aede57eaf02784efa544063dd4489337adab	21263bc18a61fddf15c4a2b0c71f9e2a06051b1c916227e15efd246534b677ee	cn509-11-l	Intel(R) Xeon(R) Gold 6248 CPU @ 2.50GHz	50438700	28
ore_ont_1016.owl	ok	match	True	True	1.0247	644.84	production_all	4761511ebdff1db0c30c8c5cac756a6fde57bf284d7be536740fd3e145e0a694	21263bc18a61fddf15c4a2b0c71f9e2a06051b1c916227e15efd246534b677ee	cn509-10-l	Intel(R) Xeon(R) Gold 6248 CPU @ 2.50GHz	50438700	29
ore_ont_1017.owl	ok	match	True	True	0.0701	9.69	elc	ae99b783760a88e6b52f52e8fc649a680d05124b89be44322252f8d9a4e9b7b8	21263bc18a61fddf15c4a2b0c71f9e2a06051b1c916227e15efd246534b677ee	cn512-09-r	Intel(R) Xeon(R) Gold 6248 CPU @ 2.50GHz	50438700	30
ore_ont_1034.owl	ok	match	True	True	0.0701	8.12	production_all	25a9dfe3607834ad90d624672276aede57eaf02784efa544063dd4489337adab	21263bc18a61fddf15c4a2b0c71f9e2a06051b1c916227e15efd246534b677ee	cn509-28-l	Intel(R) Xeon(R) Gold 6248 CPU @ 2.50GHz	50438700	31
ore_ont_1082.owl	ok	match	True	True	1.5194	121.64	elc	d74d401fbc3ede0305a22638186dbf109482648f2c9bee7be761183c26937f9a	21263bc18a61fddf15c4a2b0c71f9e2a06051b1c916227e15efd246534b677ee	cn509-24-r	Intel(R) Xeon(R) Gold 6248 CPU @ 2.50GHz	50438700	32
ore_ont_1194.owl	error	error	False		31.2158	18535.93	nominals		21263bc18a61fddf15c4a2b0c71f9e2a06051b1c916227e15efd246534b677ee	cn509-23-r	Intel(R) Xeon(R) Gold 6248 CPU @ 2.50GHz	50438700	33
ore_ont_1212.owl	ok	match	True	True	0.8469	111.84	elc	772e912b94a8d6e544147a6baef2955c80c5f9e7d4f2c805da71d1e1f9474516	21263bc18a61fddf15c4a2b0c71f9e2a06051b1c916227e15efd246534b677ee	cn509-22-l	Intel(R) Xeon(R) Gold 6248 CPU @ 2.50GHz	50438700	34
ore_ont_1272.owl	ok	match	True	True	3.1953	716.83	production_all	ba4a5ca1111a1ab31aaab5c4fee7b7cf5fb80a35ceda816fbfca46da60d13da0	21263bc18a61fddf15c4a2b0c71f9e2a06051b1c916227e15efd246534b677ee	cn509-19-r	Intel(R) Xeon(R) Gold 6248 CPU @ 2.50GHz	50438700	35
ore_ont_1306.owl	ok	match	True	True	34.9693	4243.83	elc	25a9dfe3607834ad90d624672276aede57eaf02784efa544063dd4489337adab	21263bc18a61fddf15c4a2b0c71f9e2a06051b1c916227e15efd246534b677ee	cn509-19-l	Intel(R) Xeon(R) Gold 6248 CPU @ 2.50GHz	50438700	36
ore_ont_1325.owl	ok	match	True	True	0.0404	8.12	production_all	f4d1df3b8fd67c88abe2789c705dcf70bea77e675f8196f5ecb4bba1f440b8be	21263bc18a61fddf15c4a2b0c71f9e2a06051b1c916227e15efd246534b677ee	cn509-11-l	Intel(R) Xeon(R) Gold 6248 CPU @ 2.50GHz	50438700	37
ore_ont_1340.owl	ok	match	True	True	0.1876	47.56	production_all	cd58269a7598470fd2e574ac761fc27a8579eaf49b660f71530d93af973ec852	21263bc18a61fddf15c4a2b0c71f9e2a06051b1c916227e15efd246534b677ee	cn509-10-l	Intel(R) Xeon(R) Gold 6248 CPU @ 2.50GHz	50438700	38
ore_ont_1357.owl	ok	match	True	True	2.2987	229.76	elc	252e5a317e97b937b29f83d93539566a7028d833752c8c7433dcb66bc9946f5a	21263bc18a61fddf15c4a2b0c71f9e2a06051b1c916227e15efd246534b677ee	cn509-28-l	Intel(R) Xeon(R) Gold 6248 CPU @ 2.50GHz	50438700	39
ore_ont_1370.owl	ok	match	True	True	7.2847	800.11	elc	c05f030504ebae8cf9ae1a43f33f679c0eb33055041d00f5ba3797c5ec3f2408	21263bc18a61fddf15c4a2b0c71f9e2a06051b1c916227e15efd246534b677ee	cn509-25-l	Intel(R) Xeon(R) Gold 6248 CPU @ 2.50GHz	50438700	40
ore_ont_1420.owl	ok	match	True	True	0.0409	6.88	production_all	4823f97a40abc54c7cdaeb1da933f82879169872bed63ed9a200c0ba94d3f9c5	21263bc18a61fddf15c4a2b0c71f9e2a06051b1c916227e15efd246534b677ee	cn509-24-r	Intel(R) Xeon(R) Gold 6248 CPU @ 2.50GHz	50438700	41
ore_ont_1473.owl	ok	match	True	True	0.0706	8.12	elc	0294b032925c15c476e5177efb18e8e6f3208e75b5a05531ebbc3aa67610afec	21263bc18a61fddf15c4a2b0c71f9e2a06051b1c916227e15efd246534b677ee	cn509-23-r	Intel(R) Xeon(R) Gold 6248 CPU @ 2.50GHz	50438700	42
ore_ont_1481.owl	ok	match	True	True	1.3391	310.77	production_all	4258584ca637b9cb22cf9a2a5adf454d2630a2af8bd7524f62032bc048bb52dc	21263bc18a61fddf15c4a2b0c71f9e2a06051b1c916227e15efd246534b677ee	cn509-22-l	Intel(R) Xeon(R) Gold 6248 CPU @ 2.50GHz	50438700	43
ore_ont_1493.owl	ok	match	True	True	0.2195	28.4	elc	db0c3f18e8a94a9ba207e78900e81b51fd5883e09c1aacd893600bc96fcf4fbe	21263bc18a61fddf15c4a2b0c71f9e2a06051b1c916227e15efd246534b677ee	cn509-19-r	Intel(R) Xeon(R) Gold 6248 CPU @ 2.50GHz	50438700	44
ore_ont_1494.owl	ok	match	True	True	0.0409	9.06	production_all	0c5bac20e795a43b20fa62c2633255b76b0b0e309ac355d1f474982d966c8a97	21263bc18a61fddf15c4a2b0c71f9e2a06051b1c916227e15efd246534b677ee	cn509-19-l	Intel(R) Xeon(R) Gold 6248 CPU @ 2.50GHz	50438700	45
ore_ont_1501.owl	ok	match	True	True	0.329	44.0	elc	12cd4960cb68b7dc6a9a238e85da4036dc3f54687cf9402764fb38a886c7456a	21263bc18a61fddf15c4a2b0c71f9e2a06051b1c916227e15efd246534b677ee	cn509-11-l	Intel(R) Xeon(R) Gold 6248 CPU @ 2.50GHz	50438700	46
ore_ont_1555.owl	ok	match	True	True	0.2179	95.73	nominals	a9a6e523bf2e63b92cabe7d60d4ca2a160340fd91a5d0bd5653d6f40f352bbfc	21263bc18a61fddf15c4a2b0c71f9e2a06051b1c916227e15efd246534b677ee	cn509-10-l	Intel(R) Xeon(R) Gold 6248 CPU @ 2.50GHz	50438700	47
ore_ont_1559.owl	ok	match	True	True	44.2948	3926.21	elc	a1ad6c7eedab65f2395675205f0cbfbb3c25aad43d40690ad8acfbae483a652d	21263bc18a61fddf15c4a2b0c71f9e2a06051b1c916227e15efd246534b677ee	cn509-09-l	Intel(R) Xeon(R) Gold 6248 CPU @ 2.50GHz	50438700	48
ore_ont_1579.owl	ok	match	True	True	9.6005	825.32	elc	1e3901c4e07c5ed16d1540ad65c9c714ab2b8d2c2a3f8f7ce285745c1dc69498	21263bc18a61fddf15c4a2b0c71f9e2a06051b1c916227e15efd246534b677ee	cn509-28-l	Intel(R) Xeon(R) Gold 6248 CPU @ 2.50GHz	50438700	49
ore_ont_1603.owl	ok	match	True	True	4.5459	402.29	production_all	fa39d615f9e61b2f89febfb836d0fa368b9435190ce5604b479573c80a7e3081	21263bc18a61fddf15c4a2b0c71f9e2a06051b1c916227e15efd246534b677ee	cn509-25-l	Intel(R) Xeon(R) Gold 6248 CPU @ 2.50GHz	50438700	50
ore_ont_1618.owl	ok	match	True	True	0.0405	15.28	production_all	e2658caadf043dbf5c015820328c06e106102c19d14b53944c95ccdc74a85554	21263bc18a61fddf15c4a2b0c71f9e2a06051b1c916227e15efd246534b677ee	cn509-24-r	Intel(R) Xeon(R) Gold 6248 CPU @ 2.50GHz	50438700	51
ore_ont_1666.owl	ok	match	True	True	0.3002	38.06	elc	fa40d5b25c95a52249cb01f29ba0f315d1a0223bb9f9080bb70f7d47e741adbd	21263bc18a61fddf15c4a2b0c71f9e2a06051b1c916227e15efd246534b677ee	cn509-23-r	Intel(R) Xeon(R) Gold 6248 CPU @ 2.50GHz	50438700	52
ore_ont_1790.owl	ok	match	True	True	8.6642	1381.87	nominals	6dd2a1f6eaa9f001ed5c7db958ff1edd374302f7b4e6b64679a6b0deb7635ff6	21263bc18a61fddf15c4a2b0c71f9e2a06051b1c916227e15efd246534b677ee	cn509-22-l	Intel(R) Xeon(R) Gold 6248 CPU @ 2.50GHz	50438700	53
ore_ont_1793.owl	ok	match	True	True	0.0709	8.44	production_all	880e5d909a6e1aadf9f84775c3bf73bd5c26bbe4d9a3f2b494477818ad6b2832	21263bc18a61fddf15c4a2b0c71f9e2a06051b1c916227e15efd246534b677ee	cn509-19-r	Intel(R) Xeon(R) Gold 6248 CPU @ 2.50GHz	50438700	54
ore_ont_1902.owl	ok	match	True	True	0.0705	10.0	production_all	ced976926250d9f91ce25eb6fa928bab4b4b0c9b0864abc43fcb5f2eea7a05b7	21263bc18a61fddf15c4a2b0c71f9e2a06051b1c916227e15efd246534b677ee	cn509-19-l	Intel(R) Xeon(R) Gold 6248 CPU @ 2.50GHz	50438700	55
ore_ont_1967.owl	ok	match	True	True	0.0406	7.19	production_all	efda811e1d6e9ea5f0db4e624fb6396525b8b8062b2425db6e4d09050f5b1c17	21263bc18a61fddf15c4a2b0c71f9e2a06051b1c916227e15efd246534b677ee	cn509-11-l	Intel(R) Xeon(R) Gold 6248 CPU @ 2.50GHz	50438700	56
ore_ont_1970.owl	ok	match	True	True	0.1906	27.41	production_all	61b592347078fca805011c536599fcf4a353ccb7e90d1677c3b07485f1d77e72	21263bc18a61fddf15c4a2b0c71f9e2a06051b1c916227e15efd246534b677ee	cn509-10-l	Intel(R) Xeon(R) Gold 6248 CPU @ 2.50GHz	50438700	57
ore_ont_2011.owl	ok	match	True	True	0.073	7.5	elc	56ed4e3d127a5629acea9af4a49866c473a53c149dfa685e194191af802668dd	21263bc18a61fddf15c4a2b0c71f9e2a06051b1c916227e15efd246534b677ee	cn509-09-l	Intel(R) Xeon(R) Gold 6248 CPU @ 2.50GHz	50438700	58
ore_ont_2036.owl	ok	match	True	True	0.0403	7.5	production_all	1b7cba6bc7b03320f1e66d8e1e8ab7f7055d76d6531012ecc7237356e50201fc	21263bc18a61fddf15c4a2b0c71f9e2a06051b1c916227e15efd246534b677ee	cn509-08-r	Intel(R) Xeon(R) Gold 6248 CPU @ 2.50GHz	50438700	59
ore_ont_2046.owl	ok	match	True	True	11.2218	1419.29	elc	25a9dfe3607834ad90d624672276aede57eaf02784efa544063dd4489337adab	21263bc18a61fddf15c4a2b0c71f9e2a06051b1c916227e15efd246534b677ee	cn509-08-l	Intel(R) Xeon(R) Gold 6248 CPU @ 2.50GHz	50438700	60
ore_ont_2066.owl	ok	match	True	True	0.0403	7.81	production_all	91adc813320db3dcb85694efba9d6579b27797ae80fab7cbed7660d01b838a28	21263bc18a61fddf15c4a2b0c71f9e2a06051b1c916227e15efd246534b677ee	cn509-07-r	Intel(R) Xeon(R) Gold 6248 CPU @ 2.50GHz	50438700	61
ore_ont_2105.owl	ok	match	True	True	0.3831	53.81	elc	25a9dfe3607834ad90d624672276aede57eaf02784efa544063dd4489337adab	21263bc18a61fddf15c4a2b0c71f9e2a06051b1c916227e15efd246534b677ee	cn509-07-l	Intel(R) Xeon(R) Gold 6248 CPU @ 2.50GHz	50438700	62
ore_ont_2128.owl	ok	match	True	True	0.3308	38.29	production_all	2e3d43d2ccdef95965bb116db6a147ac1c9436689d91642fdc0a0ae516665943	21263bc18a61fddf15c4a2b0c71f9e2a06051b1c916227e15efd246534b677ee	cn509-06-r	Intel(R) Xeon(R) Gold 6248 CPU @ 2.50GHz	50438700	63
ore_ont_2129.owl	ok	match	True	True	0.4492	84.58	elc	cb1caedcdcf14007912e6f4869d1347fe285cc5c4d848f40f247b83ee9989851	21263bc18a61fddf15c4a2b0c71f9e2a06051b1c916227e15efd246534b677ee	cn509-06-l	Intel(R) Xeon(R) Gold 6248 CPU @ 2.50GHz	50438700	64
ore_ont_2195.owl	ok	match	True	True	0.0981	20.36	production_all	25a9dfe3607834ad90d624672276aede57eaf02784efa544063dd4489337adab	21263bc18a61fddf15c4a2b0c71f9e2a06051b1c916227e15efd246534b677ee	cn509-05-r	Intel(R) Xeon(R) Gold 6248 CPU @ 2.50GHz	50438700	65
ore_ont_2228.owl	ok	match	True	True	0.0408	7.81	production_all	ce2a95ed1d1036bf9d4704f8cf34410b65b27c0792ad983ffa7bcdf93124e17f	21263bc18a61fddf15c4a2b0c71f9e2a06051b1c916227e15efd246534b677ee	cn509-05-l	Intel(R) Xeon(R) Gold 6248 CPU @ 2.50GHz	50438700	66
ore_ont_2237.owl	ok	match	True	True	0.0705	9.43	production_all	25a9dfe3607834ad90d624672276aede57eaf02784efa544063dd4489337adab	21263bc18a61fddf15c4a2b0c71f9e2a06051b1c916227e15efd246534b677ee	cn509-04-r	Intel(R) Xeon(R) Gold 6248 CPU @ 2.50GHz	50438700	67
ore_ont_2243.owl	ok	match	True	True	2.9651	364.75	elc	25a9dfe3607834ad90d624672276aede57eaf02784efa544063dd4489337adab	21263bc18a61fddf15c4a2b0c71f9e2a06051b1c916227e15efd246534b677ee	cn509-04-l	Intel(R) Xeon(R) Gold 6248 CPU @ 2.50GHz	50438700	68
ore_ont_2253.owl	ok	match	True	True	12.2238	1598.08	elc	25a9dfe3607834ad90d624672276aede57eaf02784efa544063dd4489337adab	21263bc18a61fddf15c4a2b0c71f9e2a06051b1c916227e15efd246534b677ee	cn509-28-l	Intel(R) Xeon(R) Gold 6248 CPU @ 2.50GHz	50438700	69
ore_ont_2266.owl	ok	match	True	True	0.069	13.0	elc	b259329a58c29998b5e5fb98602314993dcc590449779f452e8b5d7c24f1fdbd	21263bc18a61fddf15c4a2b0c71f9e2a06051b1c916227e15efd246534b677ee	cn509-25-l	Intel(R) Xeon(R) Gold 6248 CPU @ 2.50GHz	50438700	70
ore_ont_2313.owl	ok	match	True	True	0.9959	221.72	production_all	4b1c2c0b5c33e7ea8178bc5c98d5a8cebc422a378856682657ae0036ecf4fef8	21263bc18a61fddf15c4a2b0c71f9e2a06051b1c916227e15efd246534b677ee	cn509-24-r	Intel(R) Xeon(R) Gold 6248 CPU @ 2.50GHz	50438700	71
ore_ont_2317.owl	ok	match	True	True	0.6762	70.03	elc	06aea88f93c8a06fd471868569d9c58f3a0e1ea01f06c1accbb26d292d5cec76	21263bc18a61fddf15c4a2b0c71f9e2a06051b1c916227e15efd246534b677ee	cn509-23-r	Intel(R) Xeon(R) Gold 6248 CPU @ 2.50GHz	50438700	72
ore_ont_2333.owl	ok	match	True	True	0.1891	60.82	production_all	afac023702c0cc4c05d8529939485e44cc82c4f08d6d4108b5ae432ba581aef9	21263bc18a61fddf15c4a2b0c71f9e2a06051b1c916227e15efd246534b677ee	cn509-22-l	Intel(R) Xeon(R) Gold 6248 CPU @ 2.50GHz	50438700	73
ore_ont_2361.owl	ok	match	True	True	6.736	619.76	elc	8e53f546be8c3e5a75323e982976ce736e03fdd7215f8151cee711479b994b36	21263bc18a61fddf15c4a2b0c71f9e2a06051b1c916227e15efd246534b677ee	cn509-19-r	Intel(R) Xeon(R) Gold 6248 CPU @ 2.50GHz	50438700	74
ore_ont_2377.owl	ok	match	True	True	0.1585	30.84	elc	bf3c549a55d176d5afde0b3ae58f955c13ed80a01d8125d635ac86be234e05c2	21263bc18a61fddf15c4a2b0c71f9e2a06051b1c916227e15efd246534b677ee	cn509-19-l	Intel(R) Xeon(R) Gold 6248 CPU @ 2.50GHz	50438700	75
ore_ont_2378.owl	ok	match	True	True	0.07	8.12	elc	456885455165455332dfd3bedfcd097c8bb74b34227a78d2f807df414bb96578	21263bc18a61fddf15c4a2b0c71f9e2a06051b1c916227e15efd246534b677ee	cn509-11-l	Intel(R) Xeon(R) Gold 6248 CPU @ 2.50GHz	50438700	76
ore_ont_2397.owl	ok	match	True	True	2.0629	573.97	production_all	8a4a0c8bc8402efaf65343c6e3f705dcc3faabbbeaa15ae6ee5d34cc5259d06e	21263bc18a61fddf15c4a2b0c71f9e2a06051b1c916227e15efd246534b677ee	cn509-10-l	Intel(R) Xeon(R) Gold 6248 CPU @ 2.50GHz	50438700	77
ore_ont_2440.owl	ok	match	True	True	0.1029	21.47	elc	5a47a7dfd4ef9fd3755517b8220470e67a0a4611f8c5fc76fa395544f822571e	21263bc18a61fddf15c4a2b0c71f9e2a06051b1c916227e15efd246534b677ee	cn509-09-l	Intel(R) Xeon(R) Gold 6248 CPU @ 2.50GHz	50438700	78
ore_ont_2453.owl	ok	match	True	True	0.1863	49.43	production_all	104ea91f04934d91a9e0815b45a9940e4e60c9e8aaec0838658a8814d6004ffa	21263bc18a61fddf15c4a2b0c71f9e2a06051b1c916227e15efd246534b677ee	cn509-08-r	Intel(R) Xeon(R) Gold 6248 CPU @ 2.50GHz	50438700	79
ore_ont_2469.owl	ok	match	True	True	4.2692	386.01	elc	738b1c7ce71d64c72af0d7c491746e78c01fc4bc002df6313b1ed3a2c80cd719	21263bc18a61fddf15c4a2b0c71f9e2a06051b1c916227e15efd246534b677ee	cn509-08-l	Intel(R) Xeon(R) Gold 6248 CPU @ 2.50GHz	50438700	80
ore_ont_2485.owl	ok	match	True	True	0.0409	8.48	production_all	b254f390278d1308d3020ce93a0e4bfe308f497cf36477cc27bbb763d08458df	21263bc18a61fddf15c4a2b0c71f9e2a06051b1c916227e15efd246534b677ee	cn509-07-r	Intel(R) Xeon(R) Gold 6248 CPU @ 2.50GHz	50438700	81
ore_ont_2491.owl	ok	match	True	True	0.7139	166.8	production_all	25a9dfe3607834ad90d624672276aede57eaf02784efa544063dd4489337adab	21263bc18a61fddf15c4a2b0c71f9e2a06051b1c916227e15efd246534b677ee	cn509-07-l	Intel(R) Xeon(R) Gold 6248 CPU @ 2.50GHz	50438700	82
ore_ont_2496.owl	ok	match	True	True	0.0981	21.3	elc	6c8c2dd1ea442064196c32326cd1c2c8d3a72ecf5e3d2c331a16cc9281ffa925	21263bc18a61fddf15c4a2b0c71f9e2a06051b1c916227e15efd246534b677ee	cn509-06-r	Intel(R) Xeon(R) Gold 6248 CPU @ 2.50GHz	50438700	83
ore_ont_2497.owl	ok	match	True	True	0.3392	40.38	elc	7c5910f08321736ac0f61ab34fd1b38ef7ab515e5625800662344bdf0365b1c7	21263bc18a61fddf15c4a2b0c71f9e2a06051b1c916227e15efd246534b677ee	cn509-06-l	Intel(R) Xeon(R) Gold 6248 CPU @ 2.50GHz	50438700	84
ore_ont_2557.owl	ok	match	True	True	0.0407	7.81	production_all	25a9dfe3607834ad90d624672276aede57eaf02784efa544063dd4489337adab	21263bc18a61fddf15c4a2b0c71f9e2a06051b1c916227e15efd246534b677ee	cn509-05-r	Intel(R) Xeon(R) Gold 6248 CPU @ 2.50GHz	50438700	85
ore_ont_2569.owl	ok	match	True	True	0.0998	20.54	elc	f24e7d7134057ec9e2d1325d01ae3d43562f5d211c84654d4726d67eee07aed9	21263bc18a61fddf15c4a2b0c71f9e2a06051b1c916227e15efd246534b677ee	cn509-05-l	Intel(R) Xeon(R) Gold 6248 CPU @ 2.50GHz	50438700	86
ore_ont_2591.owl	ok	match	True	True	0.3584	48.07	elc	25a9dfe3607834ad90d624672276aede57eaf02784efa544063dd4489337adab	21263bc18a61fddf15c4a2b0c71f9e2a06051b1c916227e15efd246534b677ee	cn509-04-r	Intel(R) Xeon(R) Gold 6248 CPU @ 2.50GHz	50438700	87
ore_ont_2627.owl	ok	match	True	True	1.3782	313.12	production_all	bf4c6b70ee61c103bc93c176ef918936c57a650723d025e60e69b91c8832bb8b	21263bc18a61fddf15c4a2b0c71f9e2a06051b1c916227e15efd246534b677ee	cn509-04-l	Intel(R) Xeon(R) Gold 6248 CPU @ 2.50GHz	50438700	88
ore_ont_2632.owl	ok	match	True	True	1.954	470.57	nominals	62e68a1ac660d1e1e592bc93f63b7ae9f7acc7abdfa947f439c231d3a6f804d3	21263bc18a61fddf15c4a2b0c71f9e2a06051b1c916227e15efd246534b677ee	cn509-28-l	Intel(R) Xeon(R) Gold 6248 CPU @ 2.50GHz	50438700	89
ore_ont_2654.owl	ok	match	True	True	0.0694	8.8	production_all	3453da9381fa3e59bdb9b370be6f6df50aba9d9d88fc465e3d19e3894e14d009	21263bc18a61fddf15c4a2b0c71f9e2a06051b1c916227e15efd246534b677ee	cn509-25-l	Intel(R) Xeon(R) Gold 6248 CPU @ 2.50GHz	50438700	90
ore_ont_2661.owl	ok	match	True	True	0.5071	57.97	elc	9f600e8b5d326d5a3980de356c4a8b1ca839ec07547ad7ad3abff09a2cc2045f	21263bc18a61fddf15c4a2b0c71f9e2a06051b1c916227e15efd246534b677ee	cn509-24-r	Intel(R) Xeon(R) Gold 6248 CPU @ 2.50GHz	50438700	91
ore_ont_2662.owl	ok	match	True	True	0.0407	7.81	production_all	fd34b1d4ceb20c5e75b681223a69317888fd506e8507339ea206a877509b78c4	21263bc18a61fddf15c4a2b0c71f9e2a06051b1c916227e15efd246534b677ee	cn509-23-r	Intel(R) Xeon(R) Gold 6248 CPU @ 2.50GHz	50438700	92
ore_ont_2669.owl	ok	consistency_mismatch	False	False	0.1593	24.69	ht_rules	3c48c283d1292f55fe67383942d35be768499f1f96e83f0adf812c000ac3b9dd	21263bc18a61fddf15c4a2b0c71f9e2a06051b1c916227e15efd246534b677ee	cn509-22-l	Intel(R) Xeon(R) Gold 6248 CPU @ 2.50GHz	50438700	93
ore_ont_2672.owl	ok	match	True	True	0.0406	8.44	production_all	ccec9d60ef1094821eb6a78cfc3f7622e8a27e0abd8d4c0e041c3e950febe5a1	21263bc18a61fddf15c4a2b0c71f9e2a06051b1c916227e15efd246534b677ee	cn509-19-r	Intel(R) Xeon(R) Gold 6248 CPU @ 2.50GHz	50438700	94
ore_ont_2678.owl	ok	match	True	True	0.1009	63.26	nominals	4d94e1f7530b312057603495f8070e53a9716410718fe3794dac0817974fc788	21263bc18a61fddf15c4a2b0c71f9e2a06051b1c916227e15efd246534b677ee	cn509-19-l	Intel(R) Xeon(R) Gold 6248 CPU @ 2.50GHz	50438700	95
ore_ont_2713.owl	ok	match	True	True	0.0406	8.44	production_all	7d4cfe7d4dbc46f455eac2edb2b1f18fb1311cc83088c0fd513b2a1a8b6ed859	21263bc18a61fddf15c4a2b0c71f9e2a06051b1c916227e15efd246534b677ee	cn509-11-l	Intel(R) Xeon(R) Gold 6248 CPU @ 2.50GHz	50438700	96
ore_ont_2720.owl	ok	match	True	True	0.0409	7.19	elc	809fa595c9cd497346a427ce8a4df2a95f9aa123110f8772b5085cdff3a09800	21263bc18a61fddf15c4a2b0c71f9e2a06051b1c916227e15efd246534b677ee	cn509-10-l	Intel(R) Xeon(R) Gold 6248 CPU @ 2.50GHz	50438700	97
ore_ont_2744.owl	ok	match	True	True	0.1054	71.95	nominals	cc1a1bfca6d6ba98ffc979241d1b99f078e266c40abb6c2e862884301f8b44bd	21263bc18a61fddf15c4a2b0c71f9e2a06051b1c916227e15efd246534b677ee	cn509-09-l	Intel(R) Xeon(R) Gold 6248 CPU @ 2.50GHz	50438700	98
ore_ont_2753.owl	ok	match	True	True	0.0405	7.19	production_all	2edc19bebc56e548c1a2996cf388171b36806041f17480c9a1fb2606cab8334c	21263bc18a61fddf15c4a2b0c71f9e2a06051b1c916227e15efd246534b677ee	cn509-08-r	Intel(R) Xeon(R) Gold 6248 CPU @ 2.50GHz	50438700	99
ore_ont_2803.owl	ok	match	True	True	3.6827	243.86	elc	f0c432fee3845eb4ee0944c812ab0cadbbb8b96ea3184fcfff116504553d20e6	21263bc18a61fddf15c4a2b0c71f9e2a06051b1c916227e15efd246534b677ee	cn509-08-l	Intel(R) Xeon(R) Gold 6248 CPU @ 2.50GHz	50438700	100
ore_ont_2828.owl	ok	match	True	True	9.2227	501.62	elc	0399302fe592566a3f17d25fbcacdc7be2952b4cf76e2c14384f00e5f7a73b4f	21263bc18a61fddf15c4a2b0c71f9e2a06051b1c916227e15efd246534b677ee	cn509-07-r	Intel(R) Xeon(R) Gold 6248 CPU @ 2.50GHz	50438700	101
ore_ont_2860.owl	ok	match	True	True	0.279	143.51	nominals	32f9f65defa5b278b7745ffe5d0fc8e4815fd87d064b09f179dd5d5d4322aa26	21263bc18a61fddf15c4a2b0c71f9e2a06051b1c916227e15efd246534b677ee	cn509-07-l	Intel(R) Xeon(R) Gold 6248 CPU @ 2.50GHz	50438700	102
ore_ont_2876.owl	ok	match	True	True	0.0408	6.56	production_all	ccdfc6d626940ef30a9115eff4872649ebcdaae60e4ff9e1d922d38485fb44ad	21263bc18a61fddf15c4a2b0c71f9e2a06051b1c916227e15efd246534b677ee	cn509-06-r	Intel(R) Xeon(R) Gold 6248 CPU @ 2.50GHz	50438700	103
ore_ont_3050.owl	ok	match	True	True	10.1501	2623.92	nominals	6dd2a1f6eaa9f001ed5c7db958ff1edd374302f7b4e6b64679a6b0deb7635ff6	21263bc18a61fddf15c4a2b0c71f9e2a06051b1c916227e15efd246534b677ee	cn509-06-l	Intel(R) Xeon(R) Gold 6248 CPU @ 2.50GHz	50438700	104
ore_ont_3082.owl	ok	match	True	True	0.0406	5.94	elc	0b77ec936cb4d6f7a533a0b8321147d39fb68a521a2b260f1a81d30e3cb589fa	21263bc18a61fddf15c4a2b0c71f9e2a06051b1c916227e15efd246534b677ee	cn509-05-r	Intel(R) Xeon(R) Gold 6248 CPU @ 2.50GHz	50438700	105
ore_ont_3106.owl	ok	match	True	True	0.2178	39.1	elc	28dfc47a6b572c7c94f510f067e8c416c66be2b4e826c29df6fb4e615d95915f	21263bc18a61fddf15c4a2b0c71f9e2a06051b1c916227e15efd246534b677ee	cn509-05-l	Intel(R) Xeon(R) Gold 6248 CPU @ 2.50GHz	50438700	106
ore_ont_3164.owl	ok	match	True	True	5.2929	953.92	production_all	33d524f5fa1fcd7e3ac81f8c2163ee6b7b97cc3236863781ef629d9887b43d0b	21263bc18a61fddf15c4a2b0c71f9e2a06051b1c916227e15efd246534b677ee	cn509-04-r	Intel(R) Xeon(R) Gold 6248 CPU @ 2.50GHz	50438700	107
ore_ont_3177.owl	ok	match	True	True	0.188	25.91	production_all	07663e7029f71a58e44ff18ab67c370076dfb27460959b9943b138948cb9b7d5	21263bc18a61fddf15c4a2b0c71f9e2a06051b1c916227e15efd246534b677ee	cn509-04-l	Intel(R) Xeon(R) Gold 6248 CPU @ 2.50GHz	50438700	108
ore_ont_3215.owl	ok	match	True	True	164.1682	8477.09	production_all	2e629f329a33aae3af87893afb850e383d3aece4e19f6785157d4d8756234f6b	21263bc18a61fddf15c4a2b0c71f9e2a06051b1c916227e15efd246534b677ee	cn509-28-l	Intel(R) Xeon(R) Gold 6248 CPU @ 2.50GHz	50438700	109
ore_ont_3231.owl	ok	match	True	True	0.0709	36.72	production_all	6c80b4663d84cc112c1f4e35b5dee1d7407ac3435d8593df8805646a5dbd78bb	21263bc18a61fddf15c4a2b0c71f9e2a06051b1c916227e15efd246534b677ee	cn509-25-l	Intel(R) Xeon(R) Gold 6248 CPU @ 2.50GHz	50438700	110
ore_ont_3259.owl	ok	match	True	True	0.0699	9.06	production_all	25a9dfe3607834ad90d624672276aede57eaf02784efa544063dd4489337adab	21263bc18a61fddf15c4a2b0c71f9e2a06051b1c916227e15efd246534b677ee	cn509-24-r	Intel(R) Xeon(R) Gold 6248 CPU @ 2.50GHz	50438700	111
ore_ont_3260.owl	ok	match	True	True	0.0406	10.62	certified_nominals	9e31c7e70c0bc3a4bbd3efb8aacea673b4027a3cc16bf57da05d04e5e295dfdb	21263bc18a61fddf15c4a2b0c71f9e2a06051b1c916227e15efd246534b677ee	cn509-23-r	Intel(R) Xeon(R) Gold 6248 CPU @ 2.50GHz	50438700	112
ore_ont_3313.owl	ok	match	True	True	0.0985	14.59	elc	156c0e0737752b0d9eb1dc156090cfce69269a36f7ae125769bc23371a67e4ba	21263bc18a61fddf15c4a2b0c71f9e2a06051b1c916227e15efd246534b677ee	cn509-22-l	Intel(R) Xeon(R) Gold 6248 CPU @ 2.50GHz	50438700	113
ore_ont_3349.owl	ok	match	True	True	0.0408	9.38	production_all	fe52ef7294cf036febadb05ab1f05bdf8a0af7e52dd71d1f31ada2bd77229907	21263bc18a61fddf15c4a2b0c71f9e2a06051b1c916227e15efd246534b677ee	cn509-19-r	Intel(R) Xeon(R) Gold 6248 CPU @ 2.50GHz	50438700	114
ore_ont_3377.owl	ok	match	True	True	28.7224	2308.28	elc	c0374ad84f4916ecdb8dc8f8d2ae1455c2285ed2f86aaa14c319c7a50c5900cd	21263bc18a61fddf15c4a2b0c71f9e2a06051b1c916227e15efd246534b677ee	cn509-19-l	Intel(R) Xeon(R) Gold 6248 CPU @ 2.50GHz	50438700	115
ore_ont_3406.owl	ok	match	True	True	0.7493	93.33	elc	624d5d82f0c5f480837cea323d4c86ad7c1e7764ae9b3fb89acb33d9810b3c6c	21263bc18a61fddf15c4a2b0c71f9e2a06051b1c916227e15efd246534b677ee	cn509-11-l	Intel(R) Xeon(R) Gold 6248 CPU @ 2.50GHz	50438700	116
ore_ont_3414.owl	ok	match	True	True	4.967	997.06	production_all	522aef3af0e145793028b0a2005237437702b100dbb8f4b3ee487aefb3b5b67d	21263bc18a61fddf15c4a2b0c71f9e2a06051b1c916227e15efd246534b677ee	cn509-10-l	Intel(R) Xeon(R) Gold 6248 CPU @ 2.50GHz	50438700	117
ore_ont_3418.owl	ok	match	True	True	0.0425	8.12	production_all	70a7760cdf714c8394efe230e853f212aefff565cd7c5c739bbe1386b0fdf0c4	21263bc18a61fddf15c4a2b0c71f9e2a06051b1c916227e15efd246534b677ee	cn509-09-l	Intel(R) Xeon(R) Gold 6248 CPU @ 2.50GHz	50438700	118
ore_ont_3463.owl	ok	match	True	True	0.0404	5.94	elc	14e3abbd4745b1013a35ef51291fba70afb6eb51d002d3d2dc9bb09500152904	21263bc18a61fddf15c4a2b0c71f9e2a06051b1c916227e15efd246534b677ee	cn509-08-r	Intel(R) Xeon(R) Gold 6248 CPU @ 2.50GHz	50438700	119
ore_ont_3480.owl	ok	match	True	True	0.3146	37.45	elc	bc2cc27510ca5023d81cee938b7901836f6cb98e1718518aa5d4748de7850ea7	21263bc18a61fddf15c4a2b0c71f9e2a06051b1c916227e15efd246534b677ee	cn509-08-l	Intel(R) Xeon(R) Gold 6248 CPU @ 2.50GHz	50438700	120
ore_ont_3524.owl	ok	match	True		23.4065	2586.82	elc	090129a7fbaa14652ada3408dd1f160e7dd4a09a3502cc3323d8dad734e8893a	21263bc18a61fddf15c4a2b0c71f9e2a06051b1c916227e15efd246534b677ee	cn509-07-r	Intel(R) Xeon(R) Gold 6248 CPU @ 2.50GHz	50438700	121
ore_ont_3560.owl	ok	match	True	True	16.591	1507.08	elc	a916c134368b9754f20d8daa6d7a9fd3ab83b8b2b146afb4de212242185d7993	21263bc18a61fddf15c4a2b0c71f9e2a06051b1c916227e15efd246534b677ee	cn509-07-l	Intel(R) Xeon(R) Gold 6248 CPU @ 2.50GHz	50438700	122
ore_ont_3635.owl	ok	match	True	True	0.07	10.31	elc	d70dda2b2aeb8f0348230a796bbbbeed179618410272f73d0fab0ef58f9807e8	21263bc18a61fddf15c4a2b0c71f9e2a06051b1c916227e15efd246534b677ee	cn509-06-r	Intel(R) Xeon(R) Gold 6248 CPU @ 2.50GHz	50438700	123
ore_ont_3640.owl	ok	match	True	True	0.0999	20.8	production_all	0242345796f9a80460ab41889f9c60f161f70d579f65e450ef7cca9e2c93da32	21263bc18a61fddf15c4a2b0c71f9e2a06051b1c916227e15efd246534b677ee	cn509-06-l	Intel(R) Xeon(R) Gold 6248 CPU @ 2.50GHz	50438700	124
ore_ont_3658.owl	ok	match	True	True	6.5594	1148.93	production_all	6abf4289743d05b7c75269cde13113316c621516fa3d6cd0306048c161cd1d7b	21263bc18a61fddf15c4a2b0c71f9e2a06051b1c916227e15efd246534b677ee	cn509-05-r	Intel(R) Xeon(R) Gold 6248 CPU @ 2.50GHz	50438700	125
ore_ont_3712.owl	ok	match	True	True	0.2478	44.18	elc	24e57541ea2f059f849e07530327b1e6b4197982136b5930d07cc5258156f54c	21263bc18a61fddf15c4a2b0c71f9e2a06051b1c916227e15efd246534b677ee	cn509-05-l	Intel(R) Xeon(R) Gold 6248 CPU @ 2.50GHz	50438700	126
ore_ont_3770.owl	ok	match	True	True	0.0403	8.12	production_all	25a9dfe3607834ad90d624672276aede57eaf02784efa544063dd4489337adab	21263bc18a61fddf15c4a2b0c71f9e2a06051b1c916227e15efd246534b677ee	cn509-04-r	Intel(R) Xeon(R) Gold 6248 CPU @ 2.50GHz	50438700	127
ore_ont_3784.owl	ok	match	True	True	0.2769	65.18	elc	26b8655c70484396ea5210e6edacb65de63967b0670f1763087e1eecd54c24d9	21263bc18a61fddf15c4a2b0c71f9e2a06051b1c916227e15efd246534b677ee	cn509-04-l	Intel(R) Xeon(R) Gold 6248 CPU @ 2.50GHz	50438700	128
ore_ont_3795.owl	ok	match	True	True	0.9103	511.71	nominal_ni_abox	6d9285aae0ab89479bc2db0d99b396d87044ea4f1baa33c4edc5fc5410681760	21263bc18a61fddf15c4a2b0c71f9e2a06051b1c916227e15efd246534b677ee	cn509-25-l	Intel(R) Xeon(R) Gold 6248 CPU @ 2.50GHz	50438700	129
ore_ont_3797.owl	ok	match	True	True	0.3026	34.44	elc	25a9dfe3607834ad90d624672276aede57eaf02784efa544063dd4489337adab	21263bc18a61fddf15c4a2b0c71f9e2a06051b1c916227e15efd246534b677ee	cn509-24-r	Intel(R) Xeon(R) Gold 6248 CPU @ 2.50GHz	50438700	130
ore_ont_3836.owl	ok	match	True	True	22.2502	2505.02	elc	203f79d8a6f6590f120e9edd2b5f01c21a0b39b2fce4a84de55ada270163e4c5	21263bc18a61fddf15c4a2b0c71f9e2a06051b1c916227e15efd246534b677ee	cn509-23-r	Intel(R) Xeon(R) Gold 6248 CPU @ 2.50GHz	50438700	131
ore_ont_3842.owl	ok	match	True	True	0.0408	8.7	production_all	149b7198f920010407261137b83b46ba384d57d1349dd3ff2dcdf50f3e36b101	21263bc18a61fddf15c4a2b0c71f9e2a06051b1c916227e15efd246534b677ee	cn509-22-l	Intel(R) Xeon(R) Gold 6248 CPU @ 2.50GHz	50438700	132
ore_ont_3905.owl	ok	match	True	True	0.1873	48.36	production_all	9026921dbe65d33881bd60615ecda0c9dd6e7ad4dd9376b64b51596bbc6f8f92	21263bc18a61fddf15c4a2b0c71f9e2a06051b1c916227e15efd246534b677ee	cn509-19-r	Intel(R) Xeon(R) Gold 6248 CPU @ 2.50GHz	50438700	133
ore_ont_3909.owl	ok	match	True	True	0.0403	7.19	production_all	5ec0c0065801b5eee139e6d08a289191c287abe064a95ac8fe9570e90d0f6fd6	21263bc18a61fddf15c4a2b0c71f9e2a06051b1c916227e15efd246534b677ee	cn509-19-l	Intel(R) Xeon(R) Gold 6248 CPU @ 2.50GHz	50438700	134
ore_ont_3931.owl	ok	match	True	True	0.1004	25.61	production_all	1f5a534b480adabb390fc161c5ae04304f2a150a97a4f9767ac6ba0e107d8b48	21263bc18a61fddf15c4a2b0c71f9e2a06051b1c916227e15efd246534b677ee	cn509-11-l	Intel(R) Xeon(R) Gold 6248 CPU @ 2.50GHz	50438700	135
ore_ont_3954.owl	ok	match	True	True	3.1786	406.39	elc	f36c7be0b65832b4a9cfe365697a413c326eae0f77db2a4eb2b060ca95f29725	21263bc18a61fddf15c4a2b0c71f9e2a06051b1c916227e15efd246534b677ee	cn509-10-l	Intel(R) Xeon(R) Gold 6248 CPU @ 2.50GHz	50438700	136
ore_ont_3978.owl	ok	match	True	True	0.102	15.15	production_all	b71dc4a127bef014fab3285bdfbb1cf4c4216f4a2e68455021c5192e132ccd2d	21263bc18a61fddf15c4a2b0c71f9e2a06051b1c916227e15efd246534b677ee	cn509-09-l	Intel(R) Xeon(R) Gold 6248 CPU @ 2.50GHz	50438700	137
ore_ont_4033.owl	ok	match	True	True	5.8944	884.05	elc	25a9dfe3607834ad90d624672276aede57eaf02784efa544063dd4489337adab	21263bc18a61fddf15c4a2b0c71f9e2a06051b1c916227e15efd246534b677ee	cn509-08-r	Intel(R) Xeon(R) Gold 6248 CPU @ 2.50GHz	50438700	138
ore_ont_4054.owl	ok	match	True	True	8.449	718.31	elc	5c77ef2e055526a9b27c3ab88ee1395c0c882c223570b27405d71ba35d66e5ef	21263bc18a61fddf15c4a2b0c71f9e2a06051b1c916227e15efd246534b677ee	cn509-08-l	Intel(R) Xeon(R) Gold 6248 CPU @ 2.50GHz	50438700	139
ore_ont_4187.owl	ok	match	True	True	7.9598	1351.3	production_all	cef1b9f701cffb9b99d93deb4f140456ba23b035a4564400f836f9f85d471d9f	21263bc18a61fddf15c4a2b0c71f9e2a06051b1c916227e15efd246534b677ee	cn509-07-r	Intel(R) Xeon(R) Gold 6248 CPU @ 2.50GHz	50438700	140
ore_ont_4205.owl	ok	match	True	True	15.1286	2078.99	production_all	59fe2ee75b8ea859b8dadcc4715d8591b3f1b41c2880e673b3a24ec9613a267c	21263bc18a61fddf15c4a2b0c71f9e2a06051b1c916227e15efd246534b677ee	cn509-07-l	Intel(R) Xeon(R) Gold 6248 CPU @ 2.50GHz	50438700	141
ore_ont_4226.owl	ok	match	True	True	0.3298	42.99	elc	a2c9fd27be406668497189b64f1f673b22ea55c2266d5417991166ab3fdc6685	21263bc18a61fddf15c4a2b0c71f9e2a06051b1c916227e15efd246534b677ee	cn509-06-r	Intel(R) Xeon(R) Gold 6248 CPU @ 2.50GHz	50438700	142
ore_ont_4235.owl	ok	match	True	True	0.4253	46.57	elc	059c0056376d51c12f6acbcb677a0cf1fd8d0d7f6102be275d5589d98c00c855	21263bc18a61fddf15c4a2b0c71f9e2a06051b1c916227e15efd246534b677ee	cn509-06-l	Intel(R) Xeon(R) Gold 6248 CPU @ 2.50GHz	50438700	143
ore_ont_4382.owl	ok	match	True	True	0.0408	7.81	production_all	8bd0ba01b95a8a38e2bfca8f7deadc71c897cfb5999690720930f1e2cac57430	21263bc18a61fddf15c4a2b0c71f9e2a06051b1c916227e15efd246534b677ee	cn509-05-r	Intel(R) Xeon(R) Gold 6248 CPU @ 2.50GHz	50438700	144
ore_ont_4383.owl	ok	match	True	True	0.1298	29.87	elc	1e7c8f95f8b2b70c11e9442bd78155ef52288cc457dbd14c42fb2f77f510a315	21263bc18a61fddf15c4a2b0c71f9e2a06051b1c916227e15efd246534b677ee	cn509-05-l	Intel(R) Xeon(R) Gold 6248 CPU @ 2.50GHz	50438700	145
ore_ont_4400.owl	ok	match	True	True	0.0409	9.38	production_all	716cfa2d10db6e72f4c010954339c97c77a6d7400ca7547d0b9b5313da0a07d0	21263bc18a61fddf15c4a2b0c71f9e2a06051b1c916227e15efd246534b677ee	cn509-04-r	Intel(R) Xeon(R) Gold 6248 CPU @ 2.50GHz	50438700	146
ore_ont_4460.owl	ok	match	True	True	0.2404	46.16	elc	4afcf15d32cdd9f6fb257c5e3935c76c482fec3a5ee5a4bf823d2c447801750e	21263bc18a61fddf15c4a2b0c71f9e2a06051b1c916227e15efd246534b677ee	cn509-04-l	Intel(R) Xeon(R) Gold 6248 CPU @ 2.50GHz	50438700	147
ore_ont_4487.owl	ok	match	True	True	2.7746	588.34	production_all	7b1409b24f397a7d20f5d762e29936bf0731cd36c00c26743379c5b5e6ea6683	21263bc18a61fddf15c4a2b0c71f9e2a06051b1c916227e15efd246534b677ee	cn509-28-l	Intel(R) Xeon(R) Gold 6248 CPU @ 2.50GHz	50438700	148
ore_ont_4527.owl	ok	match	True	True	0.0991	14.21	elc	bc4c60af4746bace5e1ec2d8deb46c8fe9820e2ea43efd33a8c2012c8921fdd7	21263bc18a61fddf15c4a2b0c71f9e2a06051b1c916227e15efd246534b677ee	cn509-25-l	Intel(R) Xeon(R) Gold 6248 CPU @ 2.50GHz	50438700	149
ore_ont_4557.owl	ok	match	True	True	10.8951	1514.84	elc	25a9dfe3607834ad90d624672276aede57eaf02784efa544063dd4489337adab	21263bc18a61fddf15c4a2b0c71f9e2a06051b1c916227e15efd246534b677ee	cn509-24-r	Intel(R) Xeon(R) Gold 6248 CPU @ 2.50GHz	50438700	150
ore_ont_4572.owl	ok	match	True	True	5.0697	349.77	production_all	c2aff89794b9370cc1203d175854919a112f6108c687c071701adb00dfb593d5	21263bc18a61fddf15c4a2b0c71f9e2a06051b1c916227e15efd246534b677ee	cn509-23-r	Intel(R) Xeon(R) Gold 6248 CPU @ 2.50GHz	50438700	151
ore_ont_4578.owl	ok	match	True	True	0.2168	38.68	elc	28dfc47a6b572c7c94f510f067e8c416c66be2b4e826c29df6fb4e615d95915f	21263bc18a61fddf15c4a2b0c71f9e2a06051b1c916227e15efd246534b677ee	cn509-22-l	Intel(R) Xeon(R) Gold 6248 CPU @ 2.50GHz	50438700	152
ore_ont_4604.owl	ok	match	True	True	12.9629	2695.74	production_all	d07c82fff63f66ce9e43811301a81def8459e9cac0593d2946d658c9220d7358	21263bc18a61fddf15c4a2b0c71f9e2a06051b1c916227e15efd246534b677ee	cn509-19-r	Intel(R) Xeon(R) Gold 6248 CPU @ 2.50GHz	50438700	153
ore_ont_4617.owl	ok	match	True	True	1.6942	165.91	elc	9a6830c5cb0fc8b5446fc048ca3d306977592262f881e96a5269e5ed3db0e02f	21263bc18a61fddf15c4a2b0c71f9e2a06051b1c916227e15efd246534b677ee	cn509-19-l	Intel(R) Xeon(R) Gold 6248 CPU @ 2.50GHz	50438700	154
ore_ont_4655.owl	ok	match	True	True	0.1584	28.71	elc	6b1945e00a8cb4bdfc5e2e33e163d8de34c7ab1d0dc1d2517212df3700e3805b	21263bc18a61fddf15c4a2b0c71f9e2a06051b1c916227e15efd246534b677ee	cn509-11-l	Intel(R) Xeon(R) Gold 6248 CPU @ 2.50GHz	50438700	155
ore_ont_4662.owl	ok	match	True	True	0.5929	100.96	elc	9bb1d2922d51430135d0f93a742d285f5f11dbdda53ba29af00564bf000ceaf2	21263bc18a61fddf15c4a2b0c71f9e2a06051b1c916227e15efd246534b677ee	cn509-10-l	Intel(R) Xeon(R) Gold 6248 CPU @ 2.50GHz	50438700	156
ore_ont_4669.owl	ok	match	True		67.5562	5707.71	mirror_private	a482e066a22110df593bf3a4c1fdd0ef4404f7141903b2101b85aae49811cb30	21263bc18a61fddf15c4a2b0c71f9e2a06051b1c916227e15efd246534b677ee	cn509-09-l	Intel(R) Xeon(R) Gold 6248 CPU @ 2.50GHz	50438700	157
ore_ont_4671.owl	ok	match	True	True	0.0409	9.06	production_all	c97eb0f0dcd44e6d1543b0f97489647ac526bab3c084879fa26cd5c312de500f	21263bc18a61fddf15c4a2b0c71f9e2a06051b1c916227e15efd246534b677ee	cn509-08-r	Intel(R) Xeon(R) Gold 6248 CPU @ 2.50GHz	50438700	158
ore_ont_4724.owl	ok	match	True	True	0.0402	7.94	production_all	25a9dfe3607834ad90d624672276aede57eaf02784efa544063dd4489337adab	21263bc18a61fddf15c4a2b0c71f9e2a06051b1c916227e15efd246534b677ee	cn509-08-l	Intel(R) Xeon(R) Gold 6248 CPU @ 2.50GHz	50438700	159
ore_ont_4732.owl	ok	match	True	True	0.2426	44.36	elc	46a5ae2d7526b5fbfa69fa496d0dc165e4a3029c429477030e59fed16ddaf190	21263bc18a61fddf15c4a2b0c71f9e2a06051b1c916227e15efd246534b677ee	cn509-07-r	Intel(R) Xeon(R) Gold 6248 CPU @ 2.50GHz	50438700	160
ore_ont_4755.owl	ok	match	True	True	9.059	851.73	elc	d53fd97d7a9e7182998346d6a207bd4f4590e44960a6f8ebf0b047f0820d3380	21263bc18a61fddf15c4a2b0c71f9e2a06051b1c916227e15efd246534b677ee	cn509-07-l	Intel(R) Xeon(R) Gold 6248 CPU @ 2.50GHz	50438700	161
ore_ont_4767.owl	ok	match	True	True	0.0409	7.81	production_all	118fcfc33f63b6900fac9d5a8cd382782b9e10a83b4ab069db64c64dd74a2cdb	21263bc18a61fddf15c4a2b0c71f9e2a06051b1c916227e15efd246534b677ee	cn509-06-r	Intel(R) Xeon(R) Gold 6248 CPU @ 2.50GHz	50438700	162
ore_ont_4782.owl	ok	match	True	True	3.1426	713.83	production_all	7bd356f32241d05d26600550ab937c3970815adc6b9740c9d7bc71635958f354	21263bc18a61fddf15c4a2b0c71f9e2a06051b1c916227e15efd246534b677ee	cn509-06-l	Intel(R) Xeon(R) Gold 6248 CPU @ 2.50GHz	50438700	163
ore_ont_4798.owl	ok	match	True	True	0.1279	14.29	elc	5c6f359604affee99507cdd750dbbfc794e267be366dbb2e28d23195585173fc	21263bc18a61fddf15c4a2b0c71f9e2a06051b1c916227e15efd246534b677ee	cn509-05-r	Intel(R) Xeon(R) Gold 6248 CPU @ 2.50GHz	50438700	164
ore_ont_4802.owl	ok	match	True	True	4.3803	297.45	elc	8a77d08a8524b902e299e2c4e026cdc793a8b242adddd352eba14a513af9900d	21263bc18a61fddf15c4a2b0c71f9e2a06051b1c916227e15efd246534b677ee	cn509-05-l	Intel(R) Xeon(R) Gold 6248 CPU @ 2.50GHz	50438700	165
ore_ont_4827.owl	ok	match	True	True	0.3324	43.02	production_all	2cc60be5f9593807e81d890be80276803cda2324d524d0e06b748f407e70f636	21263bc18a61fddf15c4a2b0c71f9e2a06051b1c916227e15efd246534b677ee	cn509-04-r	Intel(R) Xeon(R) Gold 6248 CPU @ 2.50GHz	50438700	166
ore_ont_4834.owl	ok	match	True	True	0.9302	519.91	nominal_ni_abox	7dcc501eb5c31fb38a279eae83ae4fe78d35fd6d9f1830cb61e6d0f66ebd395c	21263bc18a61fddf15c4a2b0c71f9e2a06051b1c916227e15efd246534b677ee	cn509-04-l	Intel(R) Xeon(R) Gold 6248 CPU @ 2.50GHz	50438700	167
ore_ont_4856.owl	ok	match	True	True	0.0402	7.5	production_all	a203954d51ec9ff1f842f8191198f002eb500d6f11ee88117a2d60d9130b7d05	21263bc18a61fddf15c4a2b0c71f9e2a06051b1c916227e15efd246534b677ee	cn509-28-l	Intel(R) Xeon(R) Gold 6248 CPU @ 2.50GHz	50438700	168
ore_ont_4897.owl	ok	match	True	True	0.0705	9.54	production_all	c79f735a2915c0674b30dcfe287bfadb93722b9af47bdbb6d15643bf06773f51	21263bc18a61fddf15c4a2b0c71f9e2a06051b1c916227e15efd246534b677ee	cn509-25-l	Intel(R) Xeon(R) Gold 6248 CPU @ 2.50GHz	50438700	169
ore_ont_5002.owl	ok	match	True	True	0.3313	43.18	elc	0cb604f1415e8f094710b625d242b327bcefda1fbcaf3e206547d764c97ec371	21263bc18a61fddf15c4a2b0c71f9e2a06051b1c916227e15efd246534b677ee	cn509-24-r	Intel(R) Xeon(R) Gold 6248 CPU @ 2.50GHz	50438700	170
ore_ont_5057.owl	ok	match	True	True	0.0406	9.69	production_all	152831133e59e099572e05c6a84187e14d67a555555d5cac0c30630216f5d97a	21263bc18a61fddf15c4a2b0c71f9e2a06051b1c916227e15efd246534b677ee	cn509-23-r	Intel(R) Xeon(R) Gold 6248 CPU @ 2.50GHz	50438700	171
ore_ont_5080.owl	ok	match	True	True	0.0996	20.8	elc	b3a15e89aee6c84449a55074504d7709a86bb94fb7c3adde4ae4441e8b0acc0a	21263bc18a61fddf15c4a2b0c71f9e2a06051b1c916227e15efd246534b677ee	cn509-22-l	Intel(R) Xeon(R) Gold 6248 CPU @ 2.50GHz	50438700	172
ore_ont_5089.owl	ok	match	True	True	0.0407	7.81	production_all	149bc40d44a4b5cf2530c619c709e8cc0ad6700e7c2de2cbdad6d619b7b14890	21263bc18a61fddf15c4a2b0c71f9e2a06051b1c916227e15efd246534b677ee	cn509-19-r	Intel(R) Xeon(R) Gold 6248 CPU @ 2.50GHz	50438700	173
ore_ont_5090.owl	ok	match	True	True	0.041	7.5	production_all	4cb1a1e105b2edef858e03f294a792d695d67f4679b53fdab90b089e844ebde3	21263bc18a61fddf15c4a2b0c71f9e2a06051b1c916227e15efd246534b677ee	cn509-19-l	Intel(R) Xeon(R) Gold 6248 CPU @ 2.50GHz	50438700	174
ore_ont_5103.owl	ok	match	True	True	1.4152	347.86	production_all	4903d6317aa1a70a7777f68cbc7fc9092557b46f0406719383043646969bd215	21263bc18a61fddf15c4a2b0c71f9e2a06051b1c916227e15efd246534b677ee	cn509-11-l	Intel(R) Xeon(R) Gold 6248 CPU @ 2.50GHz	50438700	175
ore_ont_5107.owl	ok	match	True	True	0.6908	161.6	certified_nominals	54c6abc42b8192c3f0f0d7f80649e3f74a25c3c0eda139560322ce620014eab1	21263bc18a61fddf15c4a2b0c71f9e2a06051b1c916227e15efd246534b677ee	cn509-10-l	Intel(R) Xeon(R) Gold 6248 CPU @ 2.50GHz	50438700	176
ore_ont_5164.owl	ok	match	True	True	0.0736	10.0	production_all	25a9dfe3607834ad90d624672276aede57eaf02784efa544063dd4489337adab	21263bc18a61fddf15c4a2b0c71f9e2a06051b1c916227e15efd246534b677ee	cn509-09-l	Intel(R) Xeon(R) Gold 6248 CPU @ 2.50GHz	50438700	177
ore_ont_5184.owl	ok	match	True	True	0.3003	36.49	certified_nominals	143e732f871ebc460a396f90684b0f500244eb5620173e0cc45115a9d4cc3f98	21263bc18a61fddf15c4a2b0c71f9e2a06051b1c916227e15efd246534b677ee	cn509-08-r	Intel(R) Xeon(R) Gold 6248 CPU @ 2.50GHz	50438700	178
ore_ont_5197.owl	ok	match	True	True	0.128	15.22	elc	ce38268ffd0a9fd4797e0a81f002835c27d284dccb0529b7acc2804307cb8173	21263bc18a61fddf15c4a2b0c71f9e2a06051b1c916227e15efd246534b677ee	cn509-08-l	Intel(R) Xeon(R) Gold 6248 CPU @ 2.50GHz	50438700	179
ore_ont_5220.owl	ok	match	True	True	0.0399	10.91	production_all	47fec0cb02d47beba5839357b6043cae06cc6eabb68ba01322a1bd54acb9717c	21263bc18a61fddf15c4a2b0c71f9e2a06051b1c916227e15efd246534b677ee	cn509-07-r	Intel(R) Xeon(R) Gold 6248 CPU @ 2.50GHz	50438700	180
ore_ont_5255.owl	ok	match	True	True	0.0404	6.88	production_all	db855d35339a166d888f70d54a013f5e7c1d81f161121cc6b83ca7b02d348409	21263bc18a61fddf15c4a2b0c71f9e2a06051b1c916227e15efd246534b677ee	cn509-07-l	Intel(R) Xeon(R) Gold 6248 CPU @ 2.50GHz	50438700	181
ore_ont_5266.owl	ok	match	True	True	0.0699	11.56	elc	11b062554512b7dc5030652d6359a4637466330cb93b1acbbe25eb81e28b7efc	21263bc18a61fddf15c4a2b0c71f9e2a06051b1c916227e15efd246534b677ee	cn509-06-r	Intel(R) Xeon(R) Gold 6248 CPU @ 2.50GHz	50438700	182
ore_ont_5292.owl	ok	match	True	True	0.0407	9.04	production_all	8c9545998d1d886c8a4b0fbb652105564f4705b14a3cc49e38655a0fe3567ab7	21263bc18a61fddf15c4a2b0c71f9e2a06051b1c916227e15efd246534b677ee	cn509-06-l	Intel(R) Xeon(R) Gold 6248 CPU @ 2.50GHz	50438700	183
ore_ont_5303.owl	ok	match	True	True	0.4807	252.5	production_all	7f654cd28e91a63a528189ffca19da211d9a49b8531062db7c977b30a2fe3033	21263bc18a61fddf15c4a2b0c71f9e2a06051b1c916227e15efd246534b677ee	cn509-05-r	Intel(R) Xeon(R) Gold 6248 CPU @ 2.50GHz	50438700	184
ore_ont_5404.owl	ok	match	True	True	0.0709	24.54	production_all	71de596972c733b7c2af887e6b31e07c34c2d5c13ea5cf6b555e99f23160f1f2	21263bc18a61fddf15c4a2b0c71f9e2a06051b1c916227e15efd246534b677ee	cn509-05-l	Intel(R) Xeon(R) Gold 6248 CPU @ 2.50GHz	50438700	185
ore_ont_5462.owl	ok	match	True	True	0.2785	65.2	elc	f11e631ca3131c02379b38db0d07616aa32976fd05aaf09a7abe368f79783668	21263bc18a61fddf15c4a2b0c71f9e2a06051b1c916227e15efd246534b677ee	cn509-04-r	Intel(R) Xeon(R) Gold 6248 CPU @ 2.50GHz	50438700	186
ore_ont_5485.owl	ok	match	True	True	0.0985	20.53	elc	6c33730d4bc6e1f6aa064f2e182593f9b6519c412c818788fe0699cb90c27b55	21263bc18a61fddf15c4a2b0c71f9e2a06051b1c916227e15efd246534b677ee	cn509-04-l	Intel(R) Xeon(R) Gold 6248 CPU @ 2.50GHz	50438700	187
ore_ont_5487.owl	ok	match	True	True	0.3897	42.8	elc	3079635fbc42ede00878bb4819e33f3ad4fcb8acac25c964e80439d229873a82	21263bc18a61fddf15c4a2b0c71f9e2a06051b1c916227e15efd246534b677ee	cn509-28-l	Intel(R) Xeon(R) Gold 6248 CPU @ 2.50GHz	50438700	188
ore_ont_5519.owl	ok	match	True	True	16.4286	1419.04	elc	a916c134368b9754f20d8daa6d7a9fd3ab83b8b2b146afb4de212242185d7993	21263bc18a61fddf15c4a2b0c71f9e2a06051b1c916227e15efd246534b677ee	cn509-25-l	Intel(R) Xeon(R) Gold 6248 CPU @ 2.50GHz	50438700	189
ore_ont_5549.owl	ok	match	True	True	6.4651	612.52	elc	8e53f546be8c3e5a75323e982976ce736e03fdd7215f8151cee711479b994b36	21263bc18a61fddf15c4a2b0c71f9e2a06051b1c916227e15efd246534b677ee	cn509-24-r	Intel(R) Xeon(R) Gold 6248 CPU @ 2.50GHz	50438700	190
ore_ont_5564.owl	ok	match	True	True	0.101	38.12	nominals	f909e961886801e82b4341cd768807639aae0fceaa3d344678ce533d75916082	21263bc18a61fddf15c4a2b0c71f9e2a06051b1c916227e15efd246534b677ee	cn509-23-r	Intel(R) Xeon(R) Gold 6248 CPU @ 2.50GHz	50438700	191
ore_ont_5566.owl	ok	match	True	True	8.7849	1776.04	production_all	9a91a28aeb27d670ce72b75b354b84de5859287d44eb902647b4f47bf051eb1f	21263bc18a61fddf15c4a2b0c71f9e2a06051b1c916227e15efd246534b677ee	cn509-22-l	Intel(R) Xeon(R) Gold 6248 CPU @ 2.50GHz	50438700	192
ore_ont_5572.owl	ok	match	True	True	0.0695	10.31	production_all	794aad8468295c516d2a394f93d299714f490dacd1d968a6534cbe5a582bb488	21263bc18a61fddf15c4a2b0c71f9e2a06051b1c916227e15efd246534b677ee	cn509-19-r	Intel(R) Xeon(R) Gold 6248 CPU @ 2.50GHz	50438700	193
ore_ont_5602.owl	ok	match	True	True	11.4594	1566.12	elc	25a9dfe3607834ad90d624672276aede57eaf02784efa544063dd4489337adab	21263bc18a61fddf15c4a2b0c71f9e2a06051b1c916227e15efd246534b677ee	cn509-19-l	Intel(R) Xeon(R) Gold 6248 CPU @ 2.50GHz	50438700	194
ore_ont_5612.owl	ok	match	True	True	4.6738	266.33	elc	6c0877b5e054be5e2cef3b76c276a9c5007025f8483e4230c7156c7a45774003	21263bc18a61fddf15c4a2b0c71f9e2a06051b1c916227e15efd246534b677ee	cn509-11-l	Intel(R) Xeon(R) Gold 6248 CPU @ 2.50GHz	50438700	195
ore_ont_5665.owl	ok	match	True	True	0.0408	8.44	production_all	a76d933963fe7eb8acc2152ceb208fbfc847ee8140f09b4791d6d905f717ce42	21263bc18a61fddf15c4a2b0c71f9e2a06051b1c916227e15efd246534b677ee	cn509-10-l	Intel(R) Xeon(R) Gold 6248 CPU @ 2.50GHz	50438700	196
ore_ont_5742.owl	ok	match	True	True	0.0426	5.94	elc	1b748642d61733666eec435cb81094c0f59dcbf20443c391069e5a9c8ce51398	21263bc18a61fddf15c4a2b0c71f9e2a06051b1c916227e15efd246534b677ee	cn509-09-l	Intel(R) Xeon(R) Gold 6248 CPU @ 2.50GHz	50438700	197
ore_ont_5755.owl	ok	match	True	True	3.2385	411.87	elc	0b8fb805974ec14b4df641131aa1c4af1eaed8babda4ab870378a05ef7aa26a0	21263bc18a61fddf15c4a2b0c71f9e2a06051b1c916227e15efd246534b677ee	cn509-08-r	Intel(R) Xeon(R) Gold 6248 CPU @ 2.50GHz	50438700	198
ore_ont_5760.owl	ok	match	True	True	14.7321	1906.37	elc	25a9dfe3607834ad90d624672276aede57eaf02784efa544063dd4489337adab	21263bc18a61fddf15c4a2b0c71f9e2a06051b1c916227e15efd246534b677ee	cn509-08-l	Intel(R) Xeon(R) Gold 6248 CPU @ 2.50GHz	50438700	199
ore_ont_5781.owl	ok	match	True	True	3.0155	395.31	elc	6698505bd0fd451a6061df5eff71203e6074cfc3d62e0022fe8b60d458be8237	21263bc18a61fddf15c4a2b0c71f9e2a06051b1c916227e15efd246534b677ee	cn509-07-r	Intel(R) Xeon(R) Gold 6248 CPU @ 2.50GHz	50438700	200
ore_ont_5792.owl	ok	match	True	True	0.188	25.25	production_all	07663e7029f71a58e44ff18ab67c370076dfb27460959b9943b138948cb9b7d5	21263bc18a61fddf15c4a2b0c71f9e2a06051b1c916227e15efd246534b677ee	cn509-07-l	Intel(R) Xeon(R) Gold 6248 CPU @ 2.50GHz	50438700	201
ore_ont_5815.owl	ok	match	True	True	0.4506	52.78	elc	25a9dfe3607834ad90d624672276aede57eaf02784efa544063dd4489337adab	21263bc18a61fddf15c4a2b0c71f9e2a06051b1c916227e15efd246534b677ee	cn509-06-r	Intel(R) Xeon(R) Gold 6248 CPU @ 2.50GHz	50438700	202
ore_ont_5852.owl	ok	match	True	True	0.0418	5.94	elc	5ec0c0065801b5eee139e6d08a289191c287abe064a95ac8fe9570e90d0f6fd6	21263bc18a61fddf15c4a2b0c71f9e2a06051b1c916227e15efd246534b677ee	cn509-06-l	Intel(R) Xeon(R) Gold 6248 CPU @ 2.50GHz	50438700	203
ore_ont_5927.owl	ok	match	True	True	3.2667	239.42	elc	df5204236b942809dc9fff216bc1a3ccf523cc361d1cb9ca2a12b36456249647	21263bc18a61fddf15c4a2b0c71f9e2a06051b1c916227e15efd246534b677ee	cn509-05-r	Intel(R) Xeon(R) Gold 6248 CPU @ 2.50GHz	50438700	204
ore_ont_5940.owl	ok	match	True	True	0.0987	12.81	production_all	7d92b7d06a4f4f6e5d69dfe3427cf620316b986e3c97336c481323b9e2c75541	21263bc18a61fddf15c4a2b0c71f9e2a06051b1c916227e15efd246534b677ee	cn509-05-l	Intel(R) Xeon(R) Gold 6248 CPU @ 2.50GHz	50438700	205
ore_ont_5943.owl	ok	match	True	True	0.9759	542.7	nominals	a92d8283ca794f043d4e8674c1f149fff5ded6960d02750dd54c37511fec308a	21263bc18a61fddf15c4a2b0c71f9e2a06051b1c916227e15efd246534b677ee	cn509-04-r	Intel(R) Xeon(R) Gold 6248 CPU @ 2.50GHz	50438700	206
ore_ont_5965.owl	ok	match	True	True	0.3607	51.55	elc	25a9dfe3607834ad90d624672276aede57eaf02784efa544063dd4489337adab	21263bc18a61fddf15c4a2b0c71f9e2a06051b1c916227e15efd246534b677ee	cn509-04-l	Intel(R) Xeon(R) Gold 6248 CPU @ 2.50GHz	50438700	207
ore_ont_5966.owl	ok	match	True	True	0.04	7.81	production_all	9f144657403b390cde484ce7144557101ddc0f91cf7a58e006f06b139d34a829	21263bc18a61fddf15c4a2b0c71f9e2a06051b1c916227e15efd246534b677ee	cn509-03-r	Intel(R) Xeon(R) Gold 6248 CPU @ 2.50GHz	50438700	208
ore_ont_5974.owl	ok	match	True	True	0.3553	47.45	elc	25a9dfe3607834ad90d624672276aede57eaf02784efa544063dd4489337adab	21263bc18a61fddf15c4a2b0c71f9e2a06051b1c916227e15efd246534b677ee	cn509-28-l	Intel(R) Xeon(R) Gold 6248 CPU @ 2.50GHz	50438700	209
ore_ont_6024.owl	ok	match	True	True	0.0403	9.06	production_all	fd38224abd125b5f5a24640e946131f4a4c693c31fb1e3bf11f13eb8401b5c86	21263bc18a61fddf15c4a2b0c71f9e2a06051b1c916227e15efd246534b677ee	cn509-25-l	Intel(R) Xeon(R) Gold 6248 CPU @ 2.50GHz	50438700	210
ore_ont_6060.owl	ok	match	True	True	0.8822	517.6	nominal_ni_abox	d3e4063001c3e4438ded8d47f87d27a46d3dcbbe418ae052b9c635ae9671f559	21263bc18a61fddf15c4a2b0c71f9e2a06051b1c916227e15efd246534b677ee	gpu510-32	Intel(R) Xeon(R) Gold 6248 CPU @ 2.50GHz	50439574	211
ore_ont_6076.owl	ok	match	True	True	0.7916	54.38	elc	bd10def3d41c1e22fc106a4cbd39c7210b16e4330ff04be9ec5c9520f93a5e36	21263bc18a61fddf15c4a2b0c71f9e2a06051b1c916227e15efd246534b677ee	cn509-23-r	Intel(R) Xeon(R) Gold 6248 CPU @ 2.50GHz	50438700	212
ore_ont_6102.owl	ok	match	True	True	0.6573	100.3	elc	b8b44da4d5df5135b881ed029d13a33eddb0b3560b437f3e39076c7a4d6cf04b	21263bc18a61fddf15c4a2b0c71f9e2a06051b1c916227e15efd246534b677ee	cn509-22-l	Intel(R) Xeon(R) Gold 6248 CPU @ 2.50GHz	50438700	213
ore_ont_6198.owl	ok	match	True	True	0.704	44.86	elc	3b1fad5e91e1894e3db6411002f05c0506a0878ae60f3d9f17d08307bfdc5660	21263bc18a61fddf15c4a2b0c71f9e2a06051b1c916227e15efd246534b677ee	cn509-19-r	Intel(R) Xeon(R) Gold 6248 CPU @ 2.50GHz	50438700	214
ore_ont_6207.owl	ok	match	True	True	0.0409	7.19	production_all	621fca63e45cf2206f96f1a26dd7196ae091dfb92bc60a5b615905d46b91ea6d	21263bc18a61fddf15c4a2b0c71f9e2a06051b1c916227e15efd246534b677ee	cn509-19-l	Intel(R) Xeon(R) Gold 6248 CPU @ 2.50GHz	50438700	215
ore_ont_6212.owl	ok	match	True	True	22.6804	2487.67	production_all	7ae073cdbffccf3be43a0cd32b533d98d7b44c29e3233acc91621715e1be1636	21263bc18a61fddf15c4a2b0c71f9e2a06051b1c916227e15efd246534b677ee	gpu510-32	Intel(R) Xeon(R) Gold 6248 CPU @ 2.50GHz	50439574	216
ore_ont_6223.owl	ok	match	True	True	10.0449	972.16	elc	dca4c38812f1ba96d632392754821ae3b2a1b9ab6e3bd84b2fa9046ddbe8a811	21263bc18a61fddf15c4a2b0c71f9e2a06051b1c916227e15efd246534b677ee	gpu510-32	Intel(R) Xeon(R) Gold 6248 CPU @ 2.50GHz	50439574	217
ore_ont_6226.owl	ok	match	True	True	0.0427	12.1	production_all	0f6576b1f60718edccc3bc45fa9716c9c6d463b12f6b01e4df44986fa4ac97bb	21263bc18a61fddf15c4a2b0c71f9e2a06051b1c916227e15efd246534b677ee	cn509-09-l	Intel(R) Xeon(R) Gold 6248 CPU @ 2.50GHz	50438700	218
ore_ont_6230.owl	ok	match	True	True	0.3026	42.78	elc	65cd57dacb88edecf9f413022ff56ff1b53b173333a926445a1c708a5b12a13c	21263bc18a61fddf15c4a2b0c71f9e2a06051b1c916227e15efd246534b677ee	cn509-08-r	Intel(R) Xeon(R) Gold 6248 CPU @ 2.50GHz	50438700	219
ore_ont_6233.owl	ok	match	True	True	31.5836	4147.93	elc	25a9dfe3607834ad90d624672276aede57eaf02784efa544063dd4489337adab	21263bc18a61fddf15c4a2b0c71f9e2a06051b1c916227e15efd246534b677ee	gpu510-32	Intel(R) Xeon(R) Gold 6248 CPU @ 2.50GHz	50439574	220
ore_ont_6246.owl	ok	match	True	True	0.2981	59.03	production_all	93b7859c78179ff099816dd2be78351edf79d854aea8f8ae58fff6f666123a23	21263bc18a61fddf15c4a2b0c71f9e2a06051b1c916227e15efd246534b677ee	cn509-07-r	Intel(R) Xeon(R) Gold 6248 CPU @ 2.50GHz	50438700	221
ore_ont_6310.owl	ok	match	True	True	0.7538	69.33	elc	a68ac89973e199916c1ef7d8ff6b9fd7a85c8ec7524aec5f8266dac0dc0da328	21263bc18a61fddf15c4a2b0c71f9e2a06051b1c916227e15efd246534b677ee	cn509-07-l	Intel(R) Xeon(R) Gold 6248 CPU @ 2.50GHz	50438700	222
ore_ont_6358.owl	ok	match	True	True	0.2462	44.7	elc	26261a85079db13321a7de8c0b83f9f4d4a8843617179f0c1108386b659b98ca	21263bc18a61fddf15c4a2b0c71f9e2a06051b1c916227e15efd246534b677ee	cn509-06-r	Intel(R) Xeon(R) Gold 6248 CPU @ 2.50GHz	50438700	223
ore_ont_6417.owl	ok	match	True	True	0.0713	8.44	production_all	25a9dfe3607834ad90d624672276aede57eaf02784efa544063dd4489337adab	21263bc18a61fddf15c4a2b0c71f9e2a06051b1c916227e15efd246534b677ee	cn509-06-l	Intel(R) Xeon(R) Gold 6248 CPU @ 2.50GHz	50438700	224
ore_ont_6423.owl	ok	match	True	True	0.301	73.9	production_all	d6182ad55cdcd6fa7a8d2bdc540436f4c71350f5dd7cfcf8f03c190b92679dd7	21263bc18a61fddf15c4a2b0c71f9e2a06051b1c916227e15efd246534b677ee	cn509-05-r	Intel(R) Xeon(R) Gold 6248 CPU @ 2.50GHz	50438700	225
ore_ont_6433.owl	ok	match	True	True	0.3086	36.86	elc	7796424c2b2f646b5a3fb8a63b90ddbfc014127b60de867be7a57388a6366d27	21263bc18a61fddf15c4a2b0c71f9e2a06051b1c916227e15efd246534b677ee	gpu510-32	Intel(R) Xeon(R) Gold 6248 CPU @ 2.50GHz	50439574	226
ore_ont_6453.owl	ok	match	True	True	0.3607	50.21	elc	25a9dfe3607834ad90d624672276aede57eaf02784efa544063dd4489337adab	21263bc18a61fddf15c4a2b0c71f9e2a06051b1c916227e15efd246534b677ee	cn509-04-r	Intel(R) Xeon(R) Gold 6248 CPU @ 2.50GHz	50438700	227
ore_ont_6477.owl	ok	match	True	True	10.8415	1403.03	elc	01e8ae5dd77b83a67724a6e40f88ce2191f96e1f74003d90a67d0974f037a188	21263bc18a61fddf15c4a2b0c71f9e2a06051b1c916227e15efd246534b677ee	cn509-04-l	Intel(R) Xeon(R) Gold 6248 CPU @ 2.50GHz	50438700	228
ore_ont_6566.owl	ok	match	True	True	0.0988	15.22	elc	456de73651e72ad41cafa09ec4862170488fa58bfc96804cf0b22bf8bddcd79a	21263bc18a61fddf15c4a2b0c71f9e2a06051b1c916227e15efd246534b677ee	cn509-03-r	Intel(R) Xeon(R) Gold 6248 CPU @ 2.50GHz	50438700	229
ore_ont_6589.owl	ok	match	True	True	0.0406	9.54	nominals	effa0eaa4edd98d52b7412297ea2f1305fb8161995434cba59061ec953abf851	21263bc18a61fddf15c4a2b0c71f9e2a06051b1c916227e15efd246534b677ee	gpu510-32	Intel(R) Xeon(R) Gold 6248 CPU @ 2.50GHz	50439574	230
ore_ont_6659.owl	ok	match	True	True	1.0779	106.88	elc	ebca2b615596b2796e548fc678858b7e399a9eba523ee96579bef889d19801cf	21263bc18a61fddf15c4a2b0c71f9e2a06051b1c916227e15efd246534b677ee	gpu510-32	Intel(R) Xeon(R) Gold 6248 CPU @ 2.50GHz	50439574	231
ore_ont_6682.owl	ok	match	True	True	24.753	5082.78	certified_el_production	0a7e90878ba8715efca484296498d433cf7ab87612dc369aacb545029d3e93e3	21263bc18a61fddf15c4a2b0c71f9e2a06051b1c916227e15efd246534b677ee	gpu510-32	Intel(R) Xeon(R) Gold 6248 CPU @ 2.50GHz	50439574	232
ore_ont_6696.owl	ok	match	True	True	0.069	10.94	production_all	2d805b780f699bee6f128c54f0e3b589416c072e1830309a93bbc64f730a5d81	21263bc18a61fddf15c4a2b0c71f9e2a06051b1c916227e15efd246534b677ee	gpu510-32	Intel(R) Xeon(R) Gold 6248 CPU @ 2.50GHz	50439574	233
ore_ont_6720.owl	ok	match	True	False	0.0405	9.38	production_all	3c48c283d1292f55fe67383942d35be768499f1f96e83f0adf812c000ac3b9dd	21263bc18a61fddf15c4a2b0c71f9e2a06051b1c916227e15efd246534b677ee	gpu510-32	Intel(R) Xeon(R) Gold 6248 CPU @ 2.50GHz	50439574	234
ore_ont_6722.owl	ok	match	True	True	5.3731	490.48	elc	4564dd0471d31889baa9329a691ff22bf09d5125cbec7d460810722b7c25a901	21263bc18a61fddf15c4a2b0c71f9e2a06051b1c916227e15efd246534b677ee	gpu510-32	Intel(R) Xeon(R) Gold 6248 CPU @ 2.50GHz	50439574	235
ore_ont_6735.owl	ok	match	True	True	0.0406	6.56	elc	568b20ec22f256e9bd4fc9fcf15cf4b3157021cf963d60142af61ee8f90294a8	21263bc18a61fddf15c4a2b0c71f9e2a06051b1c916227e15efd246534b677ee	gpu510-32	Intel(R) Xeon(R) Gold 6248 CPU @ 2.50GHz	50439574	236
ore_ont_6751.owl	ok	match	True	True	0.2112	33.19	production_all	5c1fe0699854aa6c4f891ae1122faf848af88deaf57d6d6a18959e0c89e90df6	21263bc18a61fddf15c4a2b0c71f9e2a06051b1c916227e15efd246534b677ee	gpu510-32	Intel(R) Xeon(R) Gold 6248 CPU @ 2.50GHz	50439574	237
ore_ont_6765.owl	ok	match	True	True	7.7523	1418.96	nominals	f4cfde7f23bbb2df47ece80129e120bd127df90b2793cfc5fe5bfe924b0bad33	21263bc18a61fddf15c4a2b0c71f9e2a06051b1c916227e15efd246534b677ee	gpu510-32	Intel(R) Xeon(R) Gold 6248 CPU @ 2.50GHz	50439574	238
ore_ont_6796.owl	ok	match	True	True	0.04	7.5	production_all	75b6c8b0da2fa48dcb7812afec56880fd64859eea8a24c86d2dd2f6c6e159e13	21263bc18a61fddf15c4a2b0c71f9e2a06051b1c916227e15efd246534b677ee	gpu510-32	Intel(R) Xeon(R) Gold 6248 CPU @ 2.50GHz	50439574	239
ore_ont_6812.owl	ok	match	True	True	0.0399	6.25	elc	1b748642d61733666eec435cb81094c0f59dcbf20443c391069e5a9c8ce51398	21263bc18a61fddf15c4a2b0c71f9e2a06051b1c916227e15efd246534b677ee	gpu510-32	Intel(R) Xeon(R) Gold 6248 CPU @ 2.50GHz	50439574	240
ore_ont_6817.owl	ok	match	True	True	0.0993	16.36	elc	2a47d8eb1298a2a53d28da4d78f897a04fbc8dcd17e84c2dd3306c341f87ecec	21263bc18a61fddf15c4a2b0c71f9e2a06051b1c916227e15efd246534b677ee	gpu510-32	Intel(R) Xeon(R) Gold 6248 CPU @ 2.50GHz	50439574	241
ore_ont_6855.owl	ok	match	True	True	0.0415	20.48	nominals	53a658f652f9df7a203289d89ad485dc611e4451cbca395eaaf186dd63f1a2df	21263bc18a61fddf15c4a2b0c71f9e2a06051b1c916227e15efd246534b677ee	gpu510-32	Intel(R) Xeon(R) Gold 6248 CPU @ 2.50GHz	50439574	242
ore_ont_6869.owl	ok	match	True	True	0.2201	44.24	elc	222d0c9496adf87472570ce6385aec3f1d0854a9222db549213d721ed89e6940	21263bc18a61fddf15c4a2b0c71f9e2a06051b1c916227e15efd246534b677ee	gpu510-32	Intel(R) Xeon(R) Gold 6248 CPU @ 2.50GHz	50439574	243
ore_ont_6870.owl	ok	match	True	True	0.3129	46.56	production_all	b073c08ca62b95b0d634eab18aaff4fefe8d4cea94718a22b13e75f9f7cdac85	21263bc18a61fddf15c4a2b0c71f9e2a06051b1c916227e15efd246534b677ee	gpu510-32	Intel(R) Xeon(R) Gold 6248 CPU @ 2.50GHz	50439574	244
ore_ont_6934.owl	ok	match	True	True	117.3487	3051.86	nominal_ni_abox	5e60a794400802833a9d5785abb6320b7b13d702e48a4c810462bad6c1fc931e	21263bc18a61fddf15c4a2b0c71f9e2a06051b1c916227e15efd246534b677ee	gpu510-32	Intel(R) Xeon(R) Gold 6248 CPU @ 2.50GHz	50439574	245
ore_ont_6999.owl	ok	match	True	True	0.2782	92.38	certified_nominals	db669ccdb7494f564a988b9f8cf0084b3714c0feb590e272fb75185f2de1c1d3	21263bc18a61fddf15c4a2b0c71f9e2a06051b1c916227e15efd246534b677ee	gpu510-32	Intel(R) Xeon(R) Gold 6248 CPU @ 2.50GHz	50439574	246
ore_ont_7003.owl	ok	match	True	True	0.0406	8.44	production_all	25a9dfe3607834ad90d624672276aede57eaf02784efa544063dd4489337adab	21263bc18a61fddf15c4a2b0c71f9e2a06051b1c916227e15efd246534b677ee	gpu510-32	Intel(R) Xeon(R) Gold 6248 CPU @ 2.50GHz	50439574	247
ore_ont_7025.owl	ok	match	True	True	0.9559	533.49	nominals	d46b11fc71dde82bf5ef0a349d3b41a845c9f34f60e8959d9783216dac92d420	21263bc18a61fddf15c4a2b0c71f9e2a06051b1c916227e15efd246534b677ee	gpu510-32	Intel(R) Xeon(R) Gold 6248 CPU @ 2.50GHz	50439574	248
ore_ont_7052.owl	ok	match	True	False	0.0402	11.78	nominals	3c48c283d1292f55fe67383942d35be768499f1f96e83f0adf812c000ac3b9dd	21263bc18a61fddf15c4a2b0c71f9e2a06051b1c916227e15efd246534b677ee	gpu510-32	Intel(R) Xeon(R) Gold 6248 CPU @ 2.50GHz	50439574	249
ore_ont_7120.owl	ok	match	True	True	0.0705	11.47	elc	9448c0d4cf3dfd61d5ba709b2126df314cf4e7ae4c0d1743e9e02490c6743559	21263bc18a61fddf15c4a2b0c71f9e2a06051b1c916227e15efd246534b677ee	cn509-28-l	Intel(R) Xeon(R) Gold 6248 CPU @ 2.50GHz	50439604	250
ore_ont_7127.owl	ok	match	True	True	10.1859	1967.87	production_all	6d60a4b9434307896c1d29c6e289b5379fe2d39b68754be2d07ab82682ab6235	21263bc18a61fddf15c4a2b0c71f9e2a06051b1c916227e15efd246534b677ee	cn509-25-l	Intel(R) Xeon(R) Gold 6248 CPU @ 2.50GHz	50439604	251
ore_ont_7169.owl	ok	match	True	True	0.0695	8.12	elc	c4515c4f4b99d254b5a695ba508e733b17b41696846c36d6e118dea92ff46e93	21263bc18a61fddf15c4a2b0c71f9e2a06051b1c916227e15efd246534b677ee	cn509-24-r	Intel(R) Xeon(R) Gold 6248 CPU @ 2.50GHz	50439604	252
ore_ont_7195.owl	ok	match	True	True	0.4277	60.17	elc	03accb67d6d40c5c42a9da8431fcefdc8f3c9811fd69b5efc5562d65b4347e9d	21263bc18a61fddf15c4a2b0c71f9e2a06051b1c916227e15efd246534b677ee	cn509-23-r	Intel(R) Xeon(R) Gold 6248 CPU @ 2.50GHz	50439604	253
ore_ont_7216.owl	ok	match	True	True	0.1558	19.99	elc	3d88a915669fdbb2f868940740069281997953e43042ae1ada668f2b385e3754	21263bc18a61fddf15c4a2b0c71f9e2a06051b1c916227e15efd246534b677ee	cn509-22-l	Intel(R) Xeon(R) Gold 6248 CPU @ 2.50GHz	50439604	254
ore_ont_7218.owl	ok	match	True	True	0.1887	40.85	elc	c83b420eb9e3ac17fbc453ffe5e2d42074c33e5356f719a005abacab486da9e1	21263bc18a61fddf15c4a2b0c71f9e2a06051b1c916227e15efd246534b677ee	cn509-19-r	Intel(R) Xeon(R) Gold 6248 CPU @ 2.50GHz	50439604	255
ore_ont_7220.owl	ok	match	True	True	0.041	7.5	elc	c8cc206848dedf9ea7f8187f4b84146cc843be24d1d6f9739b996703419c6f36	21263bc18a61fddf15c4a2b0c71f9e2a06051b1c916227e15efd246534b677ee	cn509-19-l	Intel(R) Xeon(R) Gold 6248 CPU @ 2.50GHz	50439604	256
ore_ont_7234.owl	ok	match	True	True	0.5039	47.93	elc	8ff975eebd5a426ae5eab822f03c8620c76c8dfb17415f7488768d9facb69e75	21263bc18a61fddf15c4a2b0c71f9e2a06051b1c916227e15efd246534b677ee	cn509-11-l	Intel(R) Xeon(R) Gold 6248 CPU @ 2.50GHz	50439604	257
ore_ont_7246.owl	ok	match	True	True	22.9349	2027.47	certified_el_production	1fdf3d773ce6278032b0975ae42432254a22696e360cb41cffd0e4af032d0537	21263bc18a61fddf15c4a2b0c71f9e2a06051b1c916227e15efd246534b677ee	cn509-10-l	Intel(R) Xeon(R) Gold 6248 CPU @ 2.50GHz	50439604	258
ore_ont_7251.owl	ok	match	True	True	0.4945	76.45	elc	734ac944226aedb079df6235f3a610f16608c4e87dc06507fee67dfb94131f04	21263bc18a61fddf15c4a2b0c71f9e2a06051b1c916227e15efd246534b677ee	cn509-09-l	Intel(R) Xeon(R) Gold 6248 CPU @ 2.50GHz	50439604	259
ore_ont_7256.owl	ok	match	True	True	0.7594	75.29	elc	25a9dfe3607834ad90d624672276aede57eaf02784efa544063dd4489337adab	21263bc18a61fddf15c4a2b0c71f9e2a06051b1c916227e15efd246534b677ee	cn509-08-r	Intel(R) Xeon(R) Gold 6248 CPU @ 2.50GHz	50439604	260
ore_ont_7270.owl	ok	match	True	True	0.0406	7.19	production_all	881f2546efa252840c0a44322691d9a1341b87054d9105d0362ccb4eb5c55225	21263bc18a61fddf15c4a2b0c71f9e2a06051b1c916227e15efd246534b677ee	cn509-08-l	Intel(R) Xeon(R) Gold 6248 CPU @ 2.50GHz	50439604	261
ore_ont_7300.owl	ok	match	True	True	1.6508	352.7	production_all	f3a81da56d8936d963e8da5a6732f0fbde31d99db78f602deecc01783e44b358	21263bc18a61fddf15c4a2b0c71f9e2a06051b1c916227e15efd246534b677ee	cn509-07-r	Intel(R) Xeon(R) Gold 6248 CPU @ 2.50GHz	50439604	262
ore_ont_7320.owl	ok	match	True	True	0.9464	530.45	nominal_ni_abox	13356683a3a33f75b61c73cd89d37568c8babcdc8082d7ea0be3fecef4c96f69	21263bc18a61fddf15c4a2b0c71f9e2a06051b1c916227e15efd246534b677ee	cn509-07-l	Intel(R) Xeon(R) Gold 6248 CPU @ 2.50GHz	50439604	263
ore_ont_7340.owl	ok	match	True	True	8.2495	1587.78	production_all	b727a7735e45785e7fd4b0d77f5752a29d01036cac0589233213015fcd0f4505	21263bc18a61fddf15c4a2b0c71f9e2a06051b1c916227e15efd246534b677ee	cn509-06-r	Intel(R) Xeon(R) Gold 6248 CPU @ 2.50GHz	50439604	264
ore_ont_7343.owl	ok	match	True	True	1.809	244.39	elc	25a9dfe3607834ad90d624672276aede57eaf02784efa544063dd4489337adab	21263bc18a61fddf15c4a2b0c71f9e2a06051b1c916227e15efd246534b677ee	cn509-06-l	Intel(R) Xeon(R) Gold 6248 CPU @ 2.50GHz	50439604	265
ore_ont_7409.owl	ok	match	True	True	7.6814	1705.59	nominals	dbed370744689df90ceffaea08d2c6f77e205c80fcb51bb68029322c375abec7	21263bc18a61fddf15c4a2b0c71f9e2a06051b1c916227e15efd246534b677ee	cn509-05-r	Intel(R) Xeon(R) Gold 6248 CPU @ 2.50GHz	50439604	266
ore_ont_7417.owl	ok	match	True	True	0.0411	7.81	nominals	5df147bd114ac6ebdefd0fd6c02a07ceb1d45ed947a03f98c077d15d11bc2043	21263bc18a61fddf15c4a2b0c71f9e2a06051b1c916227e15efd246534b677ee	cn509-05-l	Intel(R) Xeon(R) Gold 6248 CPU @ 2.50GHz	50439604	267
ore_ont_7418.owl	ok	match	True	True	0.0702	9.06	production_all	25a9dfe3607834ad90d624672276aede57eaf02784efa544063dd4489337adab	21263bc18a61fddf15c4a2b0c71f9e2a06051b1c916227e15efd246534b677ee	cn509-04-r	Intel(R) Xeon(R) Gold 6248 CPU @ 2.50GHz	50439604	268
ore_ont_7439.owl	ok	match	True	True	0.3646	43.26	elc	a2c9fd27be406668497189b64f1f673b22ea55c2266d5417991166ab3fdc6685	21263bc18a61fddf15c4a2b0c71f9e2a06051b1c916227e15efd246534b677ee	cn509-04-l	Intel(R) Xeon(R) Gold 6248 CPU @ 2.50GHz	50439604	269
ore_ont_7455.owl	ok	match	True	True	2.6834	267.39	elc	94f1b9a52fc04d8b77a815c4dba31d99b3f4ea184d10118c0fe15d2322b8da65	21263bc18a61fddf15c4a2b0c71f9e2a06051b1c916227e15efd246534b677ee	cn509-03-r	Intel(R) Xeon(R) Gold 6248 CPU @ 2.50GHz	50439604	270
ore_ont_7474.owl	ok	match	True	True	8.5711	1411.84	nominals	d8a0ecd1c05efc6540c190219022cbf2596edddcae5850b92e7c19bdfe5ed6c3	21263bc18a61fddf15c4a2b0c71f9e2a06051b1c916227e15efd246534b677ee	cn509-28-l	Intel(R) Xeon(R) Gold 6248 CPU @ 2.50GHz	50439604	271
ore_ont_7482.owl	ok	match	True	True	0.0403	6.88	production_all	aa43997598571957c3e4fcdb5cb14dd1185fb593bc966e197af4fb71bb9d8960	21263bc18a61fddf15c4a2b0c71f9e2a06051b1c916227e15efd246534b677ee	cn509-25-l	Intel(R) Xeon(R) Gold 6248 CPU @ 2.50GHz	50439604	272
ore_ont_7493.owl	ok	match	True	True	1.1507	76.09	elc	c46365c28ab506d47204cdcb689e860bba483b13191b4646ffa2ce9831e4099d	21263bc18a61fddf15c4a2b0c71f9e2a06051b1c916227e15efd246534b677ee	cn509-24-r	Intel(R) Xeon(R) Gold 6248 CPU @ 2.50GHz	50439604	273
ore_ont_7499.owl	ok	match	True	True	35.23	2479.03	certified_card_proxy_abox	f82850c6582131358cd9ecc108888e2131734900cf687d055a7a7c0f4fece17d	21263bc18a61fddf15c4a2b0c71f9e2a06051b1c916227e15efd246534b677ee	cn509-23-r	Intel(R) Xeon(R) Gold 6248 CPU @ 2.50GHz	50439604	274
ore_ont_7567.owl	ok	match	True	True	6.371	1400.64	production_all	aa75019ee58185ca3802480986d3948301c7dc7b9f5316b09b0e61ae3c41d92d	21263bc18a61fddf15c4a2b0c71f9e2a06051b1c916227e15efd246534b677ee	cn509-22-l	Intel(R) Xeon(R) Gold 6248 CPU @ 2.50GHz	50439604	275
ore_ont_7576.owl	ok	match	True	True	0.0405	7.81	production_all	b397cda8a43a43ced776b8d3b7dbdb5774579fa035364a30976b207a127c1028	21263bc18a61fddf15c4a2b0c71f9e2a06051b1c916227e15efd246534b677ee	cn509-19-r	Intel(R) Xeon(R) Gold 6248 CPU @ 2.50GHz	50439604	276
ore_ont_7581.owl	ok	match	True	True	19.4203	4320.45	production_all	d54544ddd6a2f4e91994f13794369403aaa5fd0a5de2c24e8df517e89580021d	21263bc18a61fddf15c4a2b0c71f9e2a06051b1c916227e15efd246534b677ee	cn509-19-l	Intel(R) Xeon(R) Gold 6248 CPU @ 2.50GHz	50439604	277
ore_ont_7608.owl	ok	match	True	True	0.3388	46.92	elc	151a5767650248760c9540f5134bd6941f23d222ac6cb9ed9d458998b9118ab0	21263bc18a61fddf15c4a2b0c71f9e2a06051b1c916227e15efd246534b677ee	cn509-11-l	Intel(R) Xeon(R) Gold 6248 CPU @ 2.50GHz	50439604	278
ore_ont_7639.owl	ok	match	True	True	0.041	11.97	production_all	0f454f1459631f12284f48aec1c94aab8f7c34d7fd299e7f4aaee4733d694980	21263bc18a61fddf15c4a2b0c71f9e2a06051b1c916227e15efd246534b677ee	cn509-10-l	Intel(R) Xeon(R) Gold 6248 CPU @ 2.50GHz	50439604	279
ore_ont_7663.owl	ok	match	True	True	0.0426	7.81	production_all	bdfac28194877cd85b581a35583329ca129f2cdea9a9cdc366adb73c0615400a	21263bc18a61fddf15c4a2b0c71f9e2a06051b1c916227e15efd246534b677ee	cn509-09-l	Intel(R) Xeon(R) Gold 6248 CPU @ 2.50GHz	50439604	280
ore_ont_7716.owl	ok	match	True	True	0.5938	63.63	elc	dd3b5bbe7f4a013d8a153f64f72551e43a927e98bb7fee179c0578db0581d568	21263bc18a61fddf15c4a2b0c71f9e2a06051b1c916227e15efd246534b677ee	cn509-08-r	Intel(R) Xeon(R) Gold 6248 CPU @ 2.50GHz	50439604	281
ore_ont_7726.owl	ok	match	True	True	0.399	48.28	production_all	311a7aa3709f273afb66ff6411d52f4fc995238d84b3102677a5e6ef86c4c392	21263bc18a61fddf15c4a2b0c71f9e2a06051b1c916227e15efd246534b677ee	cn509-08-l	Intel(R) Xeon(R) Gold 6248 CPU @ 2.50GHz	50439604	282
ore_ont_7728.owl	ok	match	True	True	5.6552	1127.75	production_all	3537c300fef513b1f95cbc12ac6827cdffd438bfb9ba466e971464c2b77bd576	21263bc18a61fddf15c4a2b0c71f9e2a06051b1c916227e15efd246534b677ee	cn509-07-r	Intel(R) Xeon(R) Gold 6248 CPU @ 2.50GHz	50439604	283
ore_ont_7775.owl	ok	match	True	True	0.185	51.19	production_all	55d6d20356364ed92a7cbda694127429aeeeb731cd3403cc51883db1ba926d0a	21263bc18a61fddf15c4a2b0c71f9e2a06051b1c916227e15efd246534b677ee	cn509-07-l	Intel(R) Xeon(R) Gold 6248 CPU @ 2.50GHz	50439604	284
ore_ont_7831.owl	ok	match	True	True	0.6218	80.65	elc	25a9dfe3607834ad90d624672276aede57eaf02784efa544063dd4489337adab	21263bc18a61fddf15c4a2b0c71f9e2a06051b1c916227e15efd246534b677ee	cn509-06-r	Intel(R) Xeon(R) Gold 6248 CPU @ 2.50GHz	50439604	285
ore_ont_7868.owl	ok	match	True	True	6.8475	390.03	elc	4019d9513c497d61fb25100283859e81b66ffeb8e055b430d1e50f947772db73	21263bc18a61fddf15c4a2b0c71f9e2a06051b1c916227e15efd246534b677ee	cn509-06-l	Intel(R) Xeon(R) Gold 6248 CPU @ 2.50GHz	50439604	286
ore_ont_7890.owl	ok	match	True	True	0.0402	6.25	elc	28a1e49d14379cb1f82aaf14e3c9ef1df435861077b31111dec9d947d4225a51	21263bc18a61fddf15c4a2b0c71f9e2a06051b1c916227e15efd246534b677ee	cn509-05-r	Intel(R) Xeon(R) Gold 6248 CPU @ 2.50GHz	50439604	287
ore_ont_7901.owl	ok	match	True	True	0.1588	14.2	production_all	f295da304477c4374ae0a079f38e43b434c23a1e6933ee2cc9876c5711a3f9bb	21263bc18a61fddf15c4a2b0c71f9e2a06051b1c916227e15efd246534b677ee	cn509-05-l	Intel(R) Xeon(R) Gold 6248 CPU @ 2.50GHz	50439604	288
ore_ont_7914.owl	ok	match	True	True	7.793	1547.46	production_all	5dfdc6168df75c9a1e2dd6485ea1d5b4bf9af6307ea210e9cd1634262e981923	21263bc18a61fddf15c4a2b0c71f9e2a06051b1c916227e15efd246534b677ee	cn509-04-r	Intel(R) Xeon(R) Gold 6248 CPU @ 2.50GHz	50439604	289
ore_ont_7956.owl	ok	match	True	True	5.6908	1255.11	production_all	aebf3b95b4ccf23d1c411a1c30e74773f1b6bbfd775c75a97210b7992cdb471d	21263bc18a61fddf15c4a2b0c71f9e2a06051b1c916227e15efd246534b677ee	cn509-04-l	Intel(R) Xeon(R) Gold 6248 CPU @ 2.50GHz	50439604	290
ore_ont_7993.owl	ok	match	True	True	13.9255	1842.16	elc	25a9dfe3607834ad90d624672276aede57eaf02784efa544063dd4489337adab	21263bc18a61fddf15c4a2b0c71f9e2a06051b1c916227e15efd246534b677ee	cn509-03-r	Intel(R) Xeon(R) Gold 6248 CPU @ 2.50GHz	50439604	291
ore_ont_8006.owl	ok	match	True	True	0.2791	102.34	nominals	e40a3abda27e0256fd3fc4e4a661444b9097852a17e2cf599e9c252eabadabe5	21263bc18a61fddf15c4a2b0c71f9e2a06051b1c916227e15efd246534b677ee	cn509-28-l	Intel(R) Xeon(R) Gold 6248 CPU @ 2.50GHz	50439604	292
ore_ont_8021.owl	ok	match	True	True	0.0697	10.0	production_all	f1c1aff96369c4199e413436dcd3a0d45b449393826940589aad2446b3122753	21263bc18a61fddf15c4a2b0c71f9e2a06051b1c916227e15efd246534b677ee	cn509-25-l	Intel(R) Xeon(R) Gold 6248 CPU @ 2.50GHz	50439604	293
ore_ont_8068.owl	ok	match	True	True	5.4563	538.62	elc	5c2ab9b4b26ecff56fd8e5c58caf281e5feb460455d6e03e7231cb2e3f65d601	21263bc18a61fddf15c4a2b0c71f9e2a06051b1c916227e15efd246534b677ee	cn509-24-r	Intel(R) Xeon(R) Gold 6248 CPU @ 2.50GHz	50439604	294
ore_ont_8135.owl	ok	match	True	True	0.0689	8.12	elc	9251a47de72167549d5ded7d510bf8d803f42b3c0a1ad48a7374556417c186d9	21263bc18a61fddf15c4a2b0c71f9e2a06051b1c916227e15efd246534b677ee	cn509-23-r	Intel(R) Xeon(R) Gold 6248 CPU @ 2.50GHz	50439604	295
ore_ont_8145.owl	ok	match	True	True	1.6691	228.5	elc	25a9dfe3607834ad90d624672276aede57eaf02784efa544063dd4489337adab	21263bc18a61fddf15c4a2b0c71f9e2a06051b1c916227e15efd246534b677ee	cn509-22-l	Intel(R) Xeon(R) Gold 6248 CPU @ 2.50GHz	50439604	296
ore_ont_8169.owl	ok	match	True	True	0.0407	7.19	production_all	ea6c013a1f02885a5417d8db9efecd7258fe49a6a6b9b6f24b6332e245a117b4	21263bc18a61fddf15c4a2b0c71f9e2a06051b1c916227e15efd246534b677ee	cn509-19-r	Intel(R) Xeon(R) Gold 6248 CPU @ 2.50GHz	50439604	297
ore_ont_8175.owl	ok	match	True	True	0.1289	16.89	elc	ae99b783760a88e6b52f52e8fc649a680d05124b89be44322252f8d9a4e9b7b8	21263bc18a61fddf15c4a2b0c71f9e2a06051b1c916227e15efd246534b677ee	cn509-19-l	Intel(R) Xeon(R) Gold 6248 CPU @ 2.50GHz	50439604	298
ore_ont_8298.owl	ok	match	True	True	0.1005	19.91	elc	e832933cc9322364c76e54ba0f51d9548d6c2077fed14e9a627e5529006be3d7	21263bc18a61fddf15c4a2b0c71f9e2a06051b1c916227e15efd246534b677ee	cn509-11-l	Intel(R) Xeon(R) Gold 6248 CPU @ 2.50GHz	50439604	299
ore_ont_8322.owl	ok	match	True	True	10.0786	1476.42	nominals	3c47845e47bf260331395c02e3ce3c65fed55eb04a364eceadf9a50b552821e0	21263bc18a61fddf15c4a2b0c71f9e2a06051b1c916227e15efd246534b677ee	cn509-10-l	Intel(R) Xeon(R) Gold 6248 CPU @ 2.50GHz	50439604	300
ore_ont_8329.owl	ok	match	True	True	0.2503	44.2	elc	c83b420eb9e3ac17fbc453ffe5e2d42074c33e5356f719a005abacab486da9e1	21263bc18a61fddf15c4a2b0c71f9e2a06051b1c916227e15efd246534b677ee	cn509-09-l	Intel(R) Xeon(R) Gold 6248 CPU @ 2.50GHz	50439604	301
ore_ont_8347.owl	ok	match	True	True	0.2802	41.43	production_all	2e3d43d2ccdef95965bb116db6a147ac1c9436689d91642fdc0a0ae516665943	21263bc18a61fddf15c4a2b0c71f9e2a06051b1c916227e15efd246534b677ee	cn509-08-r	Intel(R) Xeon(R) Gold 6248 CPU @ 2.50GHz	50439604	302
ore_ont_8369.owl	ok	match	True	True	0.0411	7.81	production_all	25a9dfe3607834ad90d624672276aede57eaf02784efa544063dd4489337adab	21263bc18a61fddf15c4a2b0c71f9e2a06051b1c916227e15efd246534b677ee	cn509-08-l	Intel(R) Xeon(R) Gold 6248 CPU @ 2.50GHz	50439604	303
ore_ont_8462.owl	ok	match	True	True	0.0698	9.38	production_all	25a9dfe3607834ad90d624672276aede57eaf02784efa544063dd4489337adab	21263bc18a61fddf15c4a2b0c71f9e2a06051b1c916227e15efd246534b677ee	cn509-07-r	Intel(R) Xeon(R) Gold 6248 CPU @ 2.50GHz	50439604	304
ore_ont_8480.owl	ok	match	True	True	20.2617	4962.76	nominals	ac1340ed5caad4831da799f8842d2893e8d9f310dce3d084390affed2072a4a6	21263bc18a61fddf15c4a2b0c71f9e2a06051b1c916227e15efd246534b677ee	cn509-07-l	Intel(R) Xeon(R) Gold 6248 CPU @ 2.50GHz	50439604	305
ore_ont_8486.owl	ok	match	True	True	36.9388	1531.17	elc	e8538c62c6e3407ba8b6f280e031e7778ea96154b374ccb60e0e9aeca2c8a742	21263bc18a61fddf15c4a2b0c71f9e2a06051b1c916227e15efd246534b677ee	cn509-06-r	Intel(R) Xeon(R) Gold 6248 CPU @ 2.50GHz	50439604	306
ore_ont_8492.owl	ok	match	True	True	0.3034	42.84	elc	65cd57dacb88edecf9f413022ff56ff1b53b173333a926445a1c708a5b12a13c	21263bc18a61fddf15c4a2b0c71f9e2a06051b1c916227e15efd246534b677ee	cn509-06-l	Intel(R) Xeon(R) Gold 6248 CPU @ 2.50GHz	50439604	307
ore_ont_8557.owl	ok	match	True	True	0.9345	120.54	elc	25a9dfe3607834ad90d624672276aede57eaf02784efa544063dd4489337adab	21263bc18a61fddf15c4a2b0c71f9e2a06051b1c916227e15efd246534b677ee	cn509-05-r	Intel(R) Xeon(R) Gold 6248 CPU @ 2.50GHz	50439604	308
ore_ont_8579.owl	ok	match	True	True	0.2449	32.42	elc	25a9dfe3607834ad90d624672276aede57eaf02784efa544063dd4489337adab	21263bc18a61fddf15c4a2b0c71f9e2a06051b1c916227e15efd246534b677ee	cn509-05-l	Intel(R) Xeon(R) Gold 6248 CPU @ 2.50GHz	50439604	309
ore_ont_8634.owl	ok	match	True	True	1.7466	144.39	elc	7e3f4f2b20876c80b4f4c449df65b6cbc2ee89ce460335c802183fd013914ddc	21263bc18a61fddf15c4a2b0c71f9e2a06051b1c916227e15efd246534b677ee	cn509-04-r	Intel(R) Xeon(R) Gold 6248 CPU @ 2.50GHz	50439604	310
ore_ont_8641.owl	ok	match	True	True	0.2453	40.66	elc	f28ec1c5ea5f0658828881e84767eaceaf4d7075058f90e8ed3c02de5bcf87e3	21263bc18a61fddf15c4a2b0c71f9e2a06051b1c916227e15efd246534b677ee	cn509-04-l	Intel(R) Xeon(R) Gold 6248 CPU @ 2.50GHz	50439604	311
ore_ont_8667.owl	ok	match	True	True	0.0404	6.56	production_all	7e6ad8de8a1f7ae523024c33c5dda271da9e1d5229bd795b78a7f45b55fdfee5	21263bc18a61fddf15c4a2b0c71f9e2a06051b1c916227e15efd246534b677ee	cn509-03-r	Intel(R) Xeon(R) Gold 6248 CPU @ 2.50GHz	50439604	312
ore_ont_8730.owl	ok	match	True	True	0.0994	27.97	production_all	49bbd16d161499bca9c39a7c91db140777f3181f91d095be67c258599383b106	21263bc18a61fddf15c4a2b0c71f9e2a06051b1c916227e15efd246534b677ee	cn509-28-l	Intel(R) Xeon(R) Gold 6248 CPU @ 2.50GHz	50439604	313
ore_ont_8737.owl	ok	match	True	True	96.2453	4921.77	certified_el_production	25a9dfe3607834ad90d624672276aede57eaf02784efa544063dd4489337adab	21263bc18a61fddf15c4a2b0c71f9e2a06051b1c916227e15efd246534b677ee	cn509-25-l	Intel(R) Xeon(R) Gold 6248 CPU @ 2.50GHz	50439604	314
ore_ont_8744.owl	ok	match	True	True	0.1263	16.93	elc	d713f119f4ce447a586bfb40e881c98b8c953c4a5055106a42abe8529e26e0de	21263bc18a61fddf15c4a2b0c71f9e2a06051b1c916227e15efd246534b677ee	cn509-24-r	Intel(R) Xeon(R) Gold 6248 CPU @ 2.50GHz	50439604	315
ore_ont_8759.owl	ok	match	True	True	0.1596	27.3	elc	dc8dba3248ce86b519e958417ad4c4002c3773fde402451f98bc052f131f8f31	21263bc18a61fddf15c4a2b0c71f9e2a06051b1c916227e15efd246534b677ee	cn509-23-r	Intel(R) Xeon(R) Gold 6248 CPU @ 2.50GHz	50439604	316
ore_ont_8792.owl	ok	match	True	True	0.7389	81.42	production_all	cc8ed26f34adca4dd9418c34241a6b1a4a77d65ca564619e47b9ceeb308ef87b	21263bc18a61fddf15c4a2b0c71f9e2a06051b1c916227e15efd246534b677ee	cn509-22-l	Intel(R) Xeon(R) Gold 6248 CPU @ 2.50GHz	50439604	317
ore_ont_8806.owl	ok	match	True	True	0.0408	7.5	production_all	ba414f74ab3e7b966cd457b609dabae6ba612401e7274ca55d7881bc9d22987c	21263bc18a61fddf15c4a2b0c71f9e2a06051b1c916227e15efd246534b677ee	cn509-19-r	Intel(R) Xeon(R) Gold 6248 CPU @ 2.50GHz	50439604	318
ore_ont_8864.owl	ok	match	True	True	0.6451	65.3	elc	159a022b4f747d2d997be119b1931f66afb88d8f3178ce39578474349bc072e1	21263bc18a61fddf15c4a2b0c71f9e2a06051b1c916227e15efd246534b677ee	cn509-19-l	Intel(R) Xeon(R) Gold 6248 CPU @ 2.50GHz	50439604	319
ore_ont_8937.owl	ok	match	True	True	0.0409	7.19	production_all	64fc5b419fe9b852ab9cf2f041610574b2172f0b82fdccaa1be515d0dc303e22	21263bc18a61fddf15c4a2b0c71f9e2a06051b1c916227e15efd246534b677ee	cn509-11-l	Intel(R) Xeon(R) Gold 6248 CPU @ 2.50GHz	50439604	320
ore_ont_8941.owl	ok	match	True	False	0.0403	9.6	nominals	3c48c283d1292f55fe67383942d35be768499f1f96e83f0adf812c000ac3b9dd	21263bc18a61fddf15c4a2b0c71f9e2a06051b1c916227e15efd246534b677ee	cn509-10-l	Intel(R) Xeon(R) Gold 6248 CPU @ 2.50GHz	50439604	321
ore_ont_8974.owl	ok	match	True	True	0.0421	7.5	production_all	1c432924c500260bbb560ba78e947ea3b0024c5972c5c62446d653f8aab82707	21263bc18a61fddf15c4a2b0c71f9e2a06051b1c916227e15efd246534b677ee	cn509-09-l	Intel(R) Xeon(R) Gold 6248 CPU @ 2.50GHz	50439604	322
ore_ont_8982.owl	ok	match	True	True	8.0893	1720.71	production_all	1c1d0d6b85946a2f8329e9e475abff843d882bca0287daf3cbff8b3714e65d12	21263bc18a61fddf15c4a2b0c71f9e2a06051b1c916227e15efd246534b677ee	cn509-08-r	Intel(R) Xeon(R) Gold 6248 CPU @ 2.50GHz	50439604	323
ore_ont_8999.owl	ok	match	True	True	8.4499	1395.3	nominals	97d6d9eb3b55d3f801af85340de71c922ff497f5e0b9ee8e21994c3ff6c8fc88	21263bc18a61fddf15c4a2b0c71f9e2a06051b1c916227e15efd246534b677ee	cn509-08-l	Intel(R) Xeon(R) Gold 6248 CPU @ 2.50GHz	50439604	324
ore_ont_9002.owl	ok	match	True	True	0.0698	9.69	production_all	99d0faced2959471b60d0a67e805997d23dd3321683895b93ca62646f3ba0259	21263bc18a61fddf15c4a2b0c71f9e2a06051b1c916227e15efd246534b677ee	cn509-07-r	Intel(R) Xeon(R) Gold 6248 CPU @ 2.50GHz	50439604	325
ore_ont_9014.owl	ok	match	True	True	0.2484	34.08	production_all	ce8e2abddc8b99ee5b90fd21def4355dfa9a5fac43a6e72b093db0e5a4ed6c84	21263bc18a61fddf15c4a2b0c71f9e2a06051b1c916227e15efd246534b677ee	cn509-07-l	Intel(R) Xeon(R) Gold 6248 CPU @ 2.50GHz	50439604	326
ore_ont_9020.owl	ok	match	True	True	0.1565	24.29	production_all	25a9dfe3607834ad90d624672276aede57eaf02784efa544063dd4489337adab	21263bc18a61fddf15c4a2b0c71f9e2a06051b1c916227e15efd246534b677ee	cn509-06-l	Intel(R) Xeon(R) Gold 6248 CPU @ 2.50GHz	50439604	327
ore_ont_9024.owl	ok	match	True	True	0.4785	158.54	production_all	0205fe9d5bff8d6ac81af28ac8ca71cf10b61b85998e5e70242fdd9be69af349	21263bc18a61fddf15c4a2b0c71f9e2a06051b1c916227e15efd246534b677ee	cn509-05-r	Intel(R) Xeon(R) Gold 6248 CPU @ 2.50GHz	50439604	328
ore_ont_9031.owl	ok	match	True	True	0.0413	6.88	production_all	0e5701300cb5b8f0a6c312b537991848cadb3b0f94a7bf40999cee4fa10694a5	21263bc18a61fddf15c4a2b0c71f9e2a06051b1c916227e15efd246534b677ee	cn509-05-l	Intel(R) Xeon(R) Gold 6248 CPU @ 2.50GHz	50439604	329
ore_ont_9096.owl	ok	match	True	True	0.1274	51.4	nominals	f3b5d8340ae8952054a204146b16e5e82818390360e61cd62831da4c24b7867f	21263bc18a61fddf15c4a2b0c71f9e2a06051b1c916227e15efd246534b677ee	cn509-04-r	Intel(R) Xeon(R) Gold 6248 CPU @ 2.50GHz	50439604	330
ore_ont_9400.owl	ok	match	True	True	9.4841	983.18	elc	ed813c6bb729688629abd57498c392f2b9c59e451076692d26d323cf17b5b4f8	21263bc18a61fddf15c4a2b0c71f9e2a06051b1c916227e15efd246534b677ee	cn509-04-l	Intel(R) Xeon(R) Gold 6248 CPU @ 2.50GHz	50439604	331
ore_ont_9435.owl	ok	match	True	True	0.1563	26.73	elc	bab32340487d9aa994aee6bdaf676387d6926cc59863cba1314a0a6e18015ea7	21263bc18a61fddf15c4a2b0c71f9e2a06051b1c916227e15efd246534b677ee	cn509-03-r	Intel(R) Xeon(R) Gold 6248 CPU @ 2.50GHz	50439604	332
ore_ont_9498.owl	ok	match	True	True	11.5395	663.41	elc	c914feef45d9a4d58fa282a84a58b29a7872e69a5cf0a0dfb7ecc6fbbd2ad83a	21263bc18a61fddf15c4a2b0c71f9e2a06051b1c916227e15efd246534b677ee	cn509-28-l	Intel(R) Xeon(R) Gold 6248 CPU @ 2.50GHz	50439604	333
ore_ont_9499.owl	ok	match	True	True	10.1154	1052.45	elc	fabf3860014083f4e7c6d1d0775efe1dda40bb124bf6b4619c1876a9f9ce17d7	21263bc18a61fddf15c4a2b0c71f9e2a06051b1c916227e15efd246534b677ee	cn509-24-r	Intel(R) Xeon(R) Gold 6248 CPU @ 2.50GHz	50439604	334
ore_ont_9509.owl	ok	match	True	True	0.041	7.19	production_all	6dfd8cd44c067cdcb5a447f5a0784d0ac3b59f0323ba1fc7d4e3cb65ca402c53	21263bc18a61fddf15c4a2b0c71f9e2a06051b1c916227e15efd246534b677ee	cn509-23-r	Intel(R) Xeon(R) Gold 6248 CPU @ 2.50GHz	50439604	335
ore_ont_9513.owl	ok	match	True	True	0.4235	44.48	elc	b1066b92f86cd2250dcc3e4f9d6e0d6a47ba59ae0608d54dcef83b1e86cfcc63	21263bc18a61fddf15c4a2b0c71f9e2a06051b1c916227e15efd246534b677ee	cn509-22-l	Intel(R) Xeon(R) Gold 6248 CPU @ 2.50GHz	50439604	336
ore_ont_9540.owl	ok	match	True	True	0.8207	122.73	certified_card_nominals	973e3ccc38715145084b7fb36d95be8b4824aaa80931af741fbff473c7aa7e61	21263bc18a61fddf15c4a2b0c71f9e2a06051b1c916227e15efd246534b677ee	cn509-19-r	Intel(R) Xeon(R) Gold 6248 CPU @ 2.50GHz	50439604	337
ore_ont_9557.owl	ok	match	True	True	0.101	42.78	nominals	09b5dccb229d2940f720397ba57fae3d2e043099ed5fd4d41189946d9d8fe955	21263bc18a61fddf15c4a2b0c71f9e2a06051b1c916227e15efd246534b677ee	cn509-19-l	Intel(R) Xeon(R) Gold 6248 CPU @ 2.50GHz	50439604	338
ore_ont_9567.owl	ok	match	True	True	4.2347	420.16	elc	0b8fb805974ec14b4df641131aa1c4af1eaed8babda4ab870378a05ef7aa26a0	21263bc18a61fddf15c4a2b0c71f9e2a06051b1c916227e15efd246534b677ee	cn509-11-l	Intel(R) Xeon(R) Gold 6248 CPU @ 2.50GHz	50439604	339
ore_ont_9590.owl	ok	match	True	True	0.3295	41.28	production_all	df32deb27449bcec194c3446ed312e9c77f71f413ebfe65ce6192a5563336ff6	21263bc18a61fddf15c4a2b0c71f9e2a06051b1c916227e15efd246534b677ee	cn509-10-l	Intel(R) Xeon(R) Gold 6248 CPU @ 2.50GHz	50439604	340
ore_ont_9598.owl	ok	match	True	True	0.0723	11.47	elc	007a7c6b5298f817cc16cad9262411ac152ca7efbc034b87fcf0a608dcf3739c	21263bc18a61fddf15c4a2b0c71f9e2a06051b1c916227e15efd246534b677ee	cn509-09-l	Intel(R) Xeon(R) Gold 6248 CPU @ 2.50GHz	50439604	341
ore_ont_9612.owl	ok	match	True	True	0.3109	66.21	elc	f36c7be0b65832b4a9cfe365697a413c326eae0f77db2a4eb2b060ca95f29725	21263bc18a61fddf15c4a2b0c71f9e2a06051b1c916227e15efd246534b677ee	cn509-08-r	Intel(R) Xeon(R) Gold 6248 CPU @ 2.50GHz	50439604	342
ore_ont_9635.owl	ok	match	True	True	0.156	33.98	certified_nominals	05ec2b7af10ca0553fabdf219377baf556044a8a0e3b71215555cfc44d511b13	21263bc18a61fddf15c4a2b0c71f9e2a06051b1c916227e15efd246534b677ee	cn509-08-l	Intel(R) Xeon(R) Gold 6248 CPU @ 2.50GHz	50439604	343
ore_ont_9646.owl	ok	match	True	True	0.0985	14.27	elc	32872f949ba62fe301386711bc639b7c57ba02cb5e33704bed90d8c022867ba0	21263bc18a61fddf15c4a2b0c71f9e2a06051b1c916227e15efd246534b677ee	cn509-07-r	Intel(R) Xeon(R) Gold 6248 CPU @ 2.50GHz	50439604	344
ore_ont_9654.owl	ok	match	True	True	15.3888	2114.95	production_all	8b2ef7faa2cdbe8e9e36287b8922fbabeb4c1b9c92bff7f51ab2a33e920eb799	21263bc18a61fddf15c4a2b0c71f9e2a06051b1c916227e15efd246534b677ee	cn509-07-l	Intel(R) Xeon(R) Gold 6248 CPU @ 2.50GHz	50439604	345
ore_ont_9663.owl	ok	match	True	True	23.484	4855.82	production_all	02f5fd4d3395072d1c692c7fa0de012e7a86d3feca88c8984310f302e86a86f3	21263bc18a61fddf15c4a2b0c71f9e2a06051b1c916227e15efd246534b677ee	cn509-06-r	Intel(R) Xeon(R) Gold 6248 CPU @ 2.50GHz	50439604	346
ore_ont_9668.owl	ok	match	True	True	1.2667	672.99	nominals	6dd2a1f6eaa9f001ed5c7db958ff1edd374302f7b4e6b64679a6b0deb7635ff6	21263bc18a61fddf15c4a2b0c71f9e2a06051b1c916227e15efd246534b677ee	cn509-06-l	Intel(R) Xeon(R) Gold 6248 CPU @ 2.50GHz	50439604	347
ore_ont_9674.owl	ok	match	True	True	39.674	1687.4	elc	c1178310a91e0aff7b3209af626b01157a45f221df1fe058845f7585ee7b650f	21263bc18a61fddf15c4a2b0c71f9e2a06051b1c916227e15efd246534b677ee	cn509-05-r	Intel(R) Xeon(R) Gold 6248 CPU @ 2.50GHz	50439604	348
ore_ont_9695.owl	ok	match	True	True	0.0406	9.38	production_all	7af604002c66e3631410e327b01a0e80f08f9e3eef9bf28079638e0957334616	21263bc18a61fddf15c4a2b0c71f9e2a06051b1c916227e15efd246534b677ee	cn509-05-l	Intel(R) Xeon(R) Gold 6248 CPU @ 2.50GHz	50439604	349
ore_ont_9724.owl	ok	match	True	True	37.9369	8208.73	ht_bridge	95d679d0ee51b14583ca4dffe419b1c7e128398d207a2bdb25ab9eaa06c03b05	21263bc18a61fddf15c4a2b0c71f9e2a06051b1c916227e15efd246534b677ee	cn509-04-r	Intel(R) Xeon(R) Gold 6248 CPU @ 2.50GHz	50439604	350
ore_ont_9761.owl	ok	match	True	True	0.3618	58.95	elc	22f28c620b9541258ef5651487ced86b41df9bf0c60da852ae9f7427900570a0	21263bc18a61fddf15c4a2b0c71f9e2a06051b1c916227e15efd246534b677ee	cn509-04-l	Intel(R) Xeon(R) Gold 6248 CPU @ 2.50GHz	50439604	351
ore_ont_9768.owl	ok	match	True	True	11.8145	1556.3	elc	25a9dfe3607834ad90d624672276aede57eaf02784efa544063dd4489337adab	21263bc18a61fddf15c4a2b0c71f9e2a06051b1c916227e15efd246534b677ee	cn509-03-r	Intel(R) Xeon(R) Gold 6248 CPU @ 2.50GHz	50439604	352
ore_ont_9772.owl	ok	match	True	True	0.1876	31.17	elc	6b1945e00a8cb4bdfc5e2e33e163d8de34c7ab1d0dc1d2517212df3700e3805b	21263bc18a61fddf15c4a2b0c71f9e2a06051b1c916227e15efd246534b677ee	cn509-28-l	Intel(R) Xeon(R) Gold 6248 CPU @ 2.50GHz	50439604	353
ore_ont_9790.owl	ok	match	True	True	0.1293	28.01	elc	3db60447b84c1d14d898433b9a590740d2ae89cc4a09c7cf0000b62fbd9761c9	21263bc18a61fddf15c4a2b0c71f9e2a06051b1c916227e15efd246534b677ee	cn509-25-l	Intel(R) Xeon(R) Gold 6248 CPU @ 2.50GHz	50439604	354
ore_ont_9792.owl	ok	match	True	True	0.4032	38.97	production_all	dbe74c4da873c1e82fbd5ece88e723708b12df7d0ad4b65f1697fa978df35436	21263bc18a61fddf15c4a2b0c71f9e2a06051b1c916227e15efd246534b677ee	cn509-24-r	Intel(R) Xeon(R) Gold 6248 CPU @ 2.50GHz	50439604	355
ore_ont_9794.owl	ok	match	True	True	7.5346	947.16	elc	25a9dfe3607834ad90d624672276aede57eaf02784efa544063dd4489337adab	21263bc18a61fddf15c4a2b0c71f9e2a06051b1c916227e15efd246534b677ee	cn509-23-r	Intel(R) Xeon(R) Gold 6248 CPU @ 2.50GHz	50439604	356
ore_ont_9854.owl	ok	match	True	True	0.0404	7.19	production_all	ee884ca781aa9b3125755319fa04fe136fa8b6f3fb9d4b223e1c1b2e217303de	21263bc18a61fddf15c4a2b0c71f9e2a06051b1c916227e15efd246534b677ee	cn509-22-l	Intel(R) Xeon(R) Gold 6248 CPU @ 2.50GHz	50439604	357
ore_ont_9857.owl	ok	match	True	True	0.099	14.06	production_all	bcfb6d2459d0b343cdf9cdbcddfc92088fbc1bfabadf5f65c4a6dddca42a41bd	21263bc18a61fddf15c4a2b0c71f9e2a06051b1c916227e15efd246534b677ee	cn509-19-r	Intel(R) Xeon(R) Gold 6248 CPU @ 2.50GHz	50439604	358
ore_ont_9881.owl	ok	match	True	True	7.1567	1933.23	nominals	02d9215f1ccaeb8d1e8b4b1e423f86b9d4823b9e676fff8c3eb898814e1d4ac1	21263bc18a61fddf15c4a2b0c71f9e2a06051b1c916227e15efd246534b677ee	cn509-19-l	Intel(R) Xeon(R) Gold 6248 CPU @ 2.50GHz	50439604	359
ore_ont_9894.owl	ok	match	True	True	2.8748	562.83	production_all	db1af93afa5192ad635ea4163a536087e106a263a674d3d09252ed9490418892	21263bc18a61fddf15c4a2b0c71f9e2a06051b1c916227e15efd246534b677ee	cn509-11-l	Intel(R) Xeon(R) Gold 6248 CPU @ 2.50GHz	50439604	360
ore_ont_9904.owl	ok	match	True	True	0.0409	7.33	nominals	adc2de296c6ec11b58563a175cea58529c2ad32fa0935808086fc3ef4a761903	21263bc18a61fddf15c4a2b0c71f9e2a06051b1c916227e15efd246534b677ee	cn509-10-l	Intel(R) Xeon(R) Gold 6248 CPU @ 2.50GHz	50439604	361
ore_ont_9944.owl	ok	match	True	True	8.4701	8332.61	production_all	ea9d6bdd0418ec22cde4ad8b0e6530e9d396250d8ba2222427e290bfb6cf3b50	21263bc18a61fddf15c4a2b0c71f9e2a06051b1c916227e15efd246534b677ee	cn509-09-l	Intel(R) Xeon(R) Gold 6248 CPU @ 2.50GHz	50439604	362
ore_ont_9958.owl	ok	match	True	True	6.587	1254.02	production_all	6ac501d44cf044992209e9135655b7315326abaa29e2c1883c98e5f95a5c4bf2	21263bc18a61fddf15c4a2b0c71f9e2a06051b1c916227e15efd246534b677ee	cn509-08-r	Intel(R) Xeon(R) Gold 6248 CPU @ 2.50GHz	50439604	363
ore_ont_10016.owl	ok	match	True	True	11.145	1926.36	production_all	ffc30b418ed2dea607f009293e1b0790243765404ed2061c4342c30a716ea818	21263bc18a61fddf15c4a2b0c71f9e2a06051b1c916227e15efd246534b677ee	cn509-08-l	Intel(R) Xeon(R) Gold 6248 CPU @ 2.50GHz	50439604	364
ore_ont_10032.owl	ok	match	True	True	6.0306	1190.34	production_all	df5204236b942809dc9fff216bc1a3ccf523cc361d1cb9ca2a12b36456249647	21263bc18a61fddf15c4a2b0c71f9e2a06051b1c916227e15efd246534b677ee	cn509-07-r	Intel(R) Xeon(R) Gold 6248 CPU @ 2.50GHz	50439604	365
ore_ont_10056.owl	ok	match	True	True	0.0406	7.81	production_all	f7263b2424943a6318ad423eee5cfaaeca18173aea87826910f2cb3fb4c4b1b2	21263bc18a61fddf15c4a2b0c71f9e2a06051b1c916227e15efd246534b677ee	cn509-07-l	Intel(R) Xeon(R) Gold 6248 CPU @ 2.50GHz	50439604	366
ore_ont_10073.owl	ok	match	True	True	13.4413	1131.04	elc	1b068c5c15f054d5fc7dfa7c91fb77a80e6f68257c0fc156f590edef3ad57fcc	21263bc18a61fddf15c4a2b0c71f9e2a06051b1c916227e15efd246534b677ee	cn509-06-r	Intel(R) Xeon(R) Gold 6248 CPU @ 2.50GHz	50439604	367
ore_ont_10123.owl	ok	match	True	True	0.2799	51.59	production_all	6c1e4b555838fde9f917bb140c40e003f75025a08623e3e15f59f34c17f857df	21263bc18a61fddf15c4a2b0c71f9e2a06051b1c916227e15efd246534b677ee	cn509-06-l	Intel(R) Xeon(R) Gold 6248 CPU @ 2.50GHz	50439604	368
ore_ont_10127.owl	ok	match	True	True	2.075	464.21	production_all	283d2c8230fa2895f44aba726960f75168e6d58971847b981a04a9e0bd18bba9	21263bc18a61fddf15c4a2b0c71f9e2a06051b1c916227e15efd246534b677ee	cn509-05-l	Intel(R) Xeon(R) Gold 6248 CPU @ 2.50GHz	50439604	369
ore_ont_10134.owl	ok	match	True	True	0.0706	9.38	elc	bc13a85d7f537f9cbcc5b18b5b8aeaed250a0fc46e00fddc1c050b856943af7a	21263bc18a61fddf15c4a2b0c71f9e2a06051b1c916227e15efd246534b677ee	cn509-04-r	Intel(R) Xeon(R) Gold 6248 CPU @ 2.50GHz	50439604	370
ore_ont_10146.owl	ok	match	True	True	0.1602	29.49	production_all	683d410181c3d77df65f94caa014438ac468a3561b4882c004553c184a3828bb	21263bc18a61fddf15c4a2b0c71f9e2a06051b1c916227e15efd246534b677ee	cn509-04-l	Intel(R) Xeon(R) Gold 6248 CPU @ 2.50GHz	50439604	371
ore_ont_10160.owl	ok	match	True	True	0.0993	19.97	elc	6c33730d4bc6e1f6aa064f2e182593f9b6519c412c818788fe0699cb90c27b55	21263bc18a61fddf15c4a2b0c71f9e2a06051b1c916227e15efd246534b677ee	cn509-03-r	Intel(R) Xeon(R) Gold 6248 CPU @ 2.50GHz	50439604	372
ore_ont_10175.owl	ok	match	True	True	3.7335	236.9	elc	f2e2f4eb571840cb8dafeed07f560af4b9be804c588296846bfc41133239eb2a	21263bc18a61fddf15c4a2b0c71f9e2a06051b1c916227e15efd246534b677ee	cn509-28-l	Intel(R) Xeon(R) Gold 6248 CPU @ 2.50GHz	50439604	373
ore_ont_10212.owl	ok	match	True	True	0.097	25.39	production_all	216f018137fd6a812635f1e59284986b66efd3f70e76508f72065d2375e81484	21263bc18a61fddf15c4a2b0c71f9e2a06051b1c916227e15efd246534b677ee	cn509-25-l	Intel(R) Xeon(R) Gold 6248 CPU @ 2.50GHz	50439604	374
ore_ont_10242.owl	ok	match	True	True	2.0364	1399.51	nominals	5e240020e54a32d546f0aab6ca84621979706a46542490537626cfc5a1b72787	21263bc18a61fddf15c4a2b0c71f9e2a06051b1c916227e15efd246534b677ee	cn509-24-r	Intel(R) Xeon(R) Gold 6248 CPU @ 2.50GHz	50439604	375
ore_ont_10248.owl	ok	match	True	True	5.2669	265.53	elc	6c0877b5e054be5e2cef3b76c276a9c5007025f8483e4230c7156c7a45774003	21263bc18a61fddf15c4a2b0c71f9e2a06051b1c916227e15efd246534b677ee	cn509-23-r	Intel(R) Xeon(R) Gold 6248 CPU @ 2.50GHz	50439604	376
ore_ont_10280.owl	ok	match	True	True	0.1874	36.66	elc	800442fb37369b500ebabfa01bfee81e440a7c142ba49f49d1d47e6d1242d926	21263bc18a61fddf15c4a2b0c71f9e2a06051b1c916227e15efd246534b677ee	cn509-22-l	Intel(R) Xeon(R) Gold 6248 CPU @ 2.50GHz	50439604	377
ore_ont_10283.owl	ok	match	True	True	0.0698	8.12	elc	253ab9c47deb593a7b0fa2c333acee0b1d4131ff3ce88668588e415dd100bd98	21263bc18a61fddf15c4a2b0c71f9e2a06051b1c916227e15efd246534b677ee	cn509-19-r	Intel(R) Xeon(R) Gold 6248 CPU @ 2.50GHz	50439604	378
ore_ont_10309.owl	ok	match	True	True	0.0401	6.88	production_all	1c432924c500260bbb560ba78e947ea3b0024c5972c5c62446d653f8aab82707	21263bc18a61fddf15c4a2b0c71f9e2a06051b1c916227e15efd246534b677ee	cn509-19-l	Intel(R) Xeon(R) Gold 6248 CPU @ 2.50GHz	50439604	379
ore_ont_10314.owl	ok	match	True	True	0.0707	11.12	production_all	94d5c5d620349befe39d4041174b395ecf56b4f42891f7591db65771e98d546c	21263bc18a61fddf15c4a2b0c71f9e2a06051b1c916227e15efd246534b677ee	cn509-11-l	Intel(R) Xeon(R) Gold 6248 CPU @ 2.50GHz	50439604	380
ore_ont_10321.owl	ok	match	True	True	0.0406	6.88	nominal_ni_abox	25a9dfe3607834ad90d624672276aede57eaf02784efa544063dd4489337adab	21263bc18a61fddf15c4a2b0c71f9e2a06051b1c916227e15efd246534b677ee	cn509-10-l	Intel(R) Xeon(R) Gold 6248 CPU @ 2.50GHz	50439604	381
ore_ont_10362.owl	ok	match	True	True	0.1026	17.19	certified_nominals	bdaac64809d4dd860324e7acbccf4b9ea1efd832fe30164f4085e4f0ef73d093	21263bc18a61fddf15c4a2b0c71f9e2a06051b1c916227e15efd246534b677ee	cn509-09-l	Intel(R) Xeon(R) Gold 6248 CPU @ 2.50GHz	50439604	382
ore_ont_10389.owl	ok	match	True	True	0.2183	30.99	production_all	66cf798e2a6d852b552a503df73f79fe7386094dc37bb43419cf48547670e743	21263bc18a61fddf15c4a2b0c71f9e2a06051b1c916227e15efd246534b677ee	cn509-08-r	Intel(R) Xeon(R) Gold 6248 CPU @ 2.50GHz	50439604	383
ore_ont_10413.owl	ok	match	True	True	0.0412	7.19	production_all	25a9dfe3607834ad90d624672276aede57eaf02784efa544063dd4489337adab	21263bc18a61fddf15c4a2b0c71f9e2a06051b1c916227e15efd246534b677ee	cn509-08-l	Intel(R) Xeon(R) Gold 6248 CPU @ 2.50GHz	50439604	384
ore_ont_10445.owl	ok	match	True	True	3.8533	579.55	elc	25a9dfe3607834ad90d624672276aede57eaf02784efa544063dd4489337adab	21263bc18a61fddf15c4a2b0c71f9e2a06051b1c916227e15efd246534b677ee	cn509-07-r	Intel(R) Xeon(R) Gold 6248 CPU @ 2.50GHz	50439604	385
ore_ont_10516.owl	ok	match	True	True	0.0404	7.81	production_all	6465a6f722e6155f37f042174b14783c944b0e9cbeb5fd290f7d4fef100eb9e7	21263bc18a61fddf15c4a2b0c71f9e2a06051b1c916227e15efd246534b677ee	cn509-07-l	Intel(R) Xeon(R) Gold 6248 CPU @ 2.50GHz	50439604	386
ore_ont_10536.owl	ok	match	True	True	0.0401	8.25	production_all	8bc83a8d066e749a174d488d953064092d8c11300c09aa86119c0a2c4b3bceb8	21263bc18a61fddf15c4a2b0c71f9e2a06051b1c916227e15efd246534b677ee	cn509-06-r	Intel(R) Xeon(R) Gold 6248 CPU @ 2.50GHz	50439604	387
ore_ont_10594.owl	ok	match	True	True	0.9657	520.62	nominals	a92d8283ca794f043d4e8674c1f149fff5ded6960d02750dd54c37511fec308a	21263bc18a61fddf15c4a2b0c71f9e2a06051b1c916227e15efd246534b677ee	cn509-06-l	Intel(R) Xeon(R) Gold 6248 CPU @ 2.50GHz	50439604	388
ore_ont_10621.owl	ok	match	True	True	86.7312	1275.58	certified_nominals	cb490ae3d086535d4ef467ed5277e5f497e221d84a79a70fb0dc87afb8a45ccf	21263bc18a61fddf15c4a2b0c71f9e2a06051b1c916227e15efd246534b677ee	cn509-05-l	Intel(R) Xeon(R) Gold 6248 CPU @ 2.50GHz	50439604	389
ore_ont_10689.owl	ok	match	True	True	39.2073	1686.95	elc	be6be6663ffd9721606bf3cb61308789c55c28ffbe8d4ba2d85d0ee60b7fcc0f	21263bc18a61fddf15c4a2b0c71f9e2a06051b1c916227e15efd246534b677ee	cn509-04-r	Intel(R) Xeon(R) Gold 6248 CPU @ 2.50GHz	50439604	390
ore_ont_10697.owl	ok	match	True	True	3.6501	707.76	production_all	7ef5274bff5da1265da9caf1bf27fbebeeb483aef1ef0c5042648b1408918a22	21263bc18a61fddf15c4a2b0c71f9e2a06051b1c916227e15efd246534b677ee	cn509-04-l	Intel(R) Xeon(R) Gold 6248 CPU @ 2.50GHz	50439604	391
ore_ont_10702.owl	ok	match	True	True	1.1328	22.16	nominal_ni_tbox	eee761d0c89347a42ce9a221e7d98295f4a9d7527c755cb3eafa9978cc06d55b	21263bc18a61fddf15c4a2b0c71f9e2a06051b1c916227e15efd246534b677ee	cn509-03-r	Intel(R) Xeon(R) Gold 6248 CPU @ 2.50GHz	50439604	392
ore_ont_10742.owl	ok	match	True	True	0.1572	30.03	elc	4939673f071bec5faf58247da86935819a596518944a49e03241c0b6571eaedc	21263bc18a61fddf15c4a2b0c71f9e2a06051b1c916227e15efd246534b677ee	cn509-25-l	Intel(R) Xeon(R) Gold 6248 CPU @ 2.50GHz	50439604	393
ore_ont_10749.owl	ok	match	True	True	0.5478	259.21	nominals	87e9f917a51555b2f5c32dc06ca16d2e78ce9a4786b4c566eda495fe308d7ea0	21263bc18a61fddf15c4a2b0c71f9e2a06051b1c916227e15efd246534b677ee	cn509-24-r	Intel(R) Xeon(R) Gold 6248 CPU @ 2.50GHz	50439604	394
ore_ont_10750.owl	ok	match	True	True	55.6555	5603.02	elc	25a9dfe3607834ad90d624672276aede57eaf02784efa544063dd4489337adab	21263bc18a61fddf15c4a2b0c71f9e2a06051b1c916227e15efd246534b677ee	cn509-23-r	Intel(R) Xeon(R) Gold 6248 CPU @ 2.50GHz	50439604	395
ore_ont_10769.owl	ok	match	True	True	0.0409	8.04	production_all	25a9dfe3607834ad90d624672276aede57eaf02784efa544063dd4489337adab	21263bc18a61fddf15c4a2b0c71f9e2a06051b1c916227e15efd246534b677ee	cn509-22-l	Intel(R) Xeon(R) Gold 6248 CPU @ 2.50GHz	50439604	396
ore_ont_10778.owl	ok	match	True	True	2.0989	160.1	elc	85cc3f3c22308567df50cc27a367ae51ff51c8011dd6e0db264ab734284598d2	21263bc18a61fddf15c4a2b0c71f9e2a06051b1c916227e15efd246534b677ee	cn509-19-r	Intel(R) Xeon(R) Gold 6248 CPU @ 2.50GHz	50439604	397
ore_ont_10781.owl	ok	match	True	True	0.6012	562.52	nominals	00758ec29ea6954778af43d3f08c6d6f055402a39656b8b827a5466c1e4b0849	21263bc18a61fddf15c4a2b0c71f9e2a06051b1c916227e15efd246534b677ee	cn509-19-l	Intel(R) Xeon(R) Gold 6248 CPU @ 2.50GHz	50439604	398
ore_ont_10806.owl	ok	match	True	True	0.2729	39.61	production_all	74b1a536119970eb697b1f362b77f0af0c2b62ec59fbffd18d1de0027090e69b	21263bc18a61fddf15c4a2b0c71f9e2a06051b1c916227e15efd246534b677ee	cn509-11-l	Intel(R) Xeon(R) Gold 6248 CPU @ 2.50GHz	50439604	399
ore_ont_10833.owl	ok	match	True	True	0.0406	7.5	production_all	25a9dfe3607834ad90d624672276aede57eaf02784efa544063dd4489337adab	21263bc18a61fddf15c4a2b0c71f9e2a06051b1c916227e15efd246534b677ee	cn509-10-l	Intel(R) Xeon(R) Gold 6248 CPU @ 2.50GHz	50439604	400
ore_ont_10860.owl	ok	nogold	False	False	0.0429	10.31	ht_rules	3c48c283d1292f55fe67383942d35be768499f1f96e83f0adf812c000ac3b9dd	21263bc18a61fddf15c4a2b0c71f9e2a06051b1c916227e15efd246534b677ee	cn509-09-l	Intel(R) Xeon(R) Gold 6248 CPU @ 2.50GHz	50439604	401
ore_ont_10890.owl	ok	match	True	True	0.3279	43.49	elc	d6d944bda034a28f5f56e0b9e9e1a95a6dab7e1436f535eb79be30bed06b3ffd	21263bc18a61fddf15c4a2b0c71f9e2a06051b1c916227e15efd246534b677ee	cn509-08-r	Intel(R) Xeon(R) Gold 6248 CPU @ 2.50GHz	50439604	402
ore_ont_10908.owl	ok	match	True	True	10.1417	837.29	production_all	161a98a585fc8e21f60afe6610dba4ca012aaee9bfad97346de51a1b434cf786	21263bc18a61fddf15c4a2b0c71f9e2a06051b1c916227e15efd246534b677ee	cn509-08-l	Intel(R) Xeon(R) Gold 6248 CPU @ 2.50GHz	50439604	403
ore_ont_10951.owl	ok	match	True	True	0.2133	43.21	production_all	1b89738d6fbade1eaa90287b7543cd5ab1eca4a44ad3466bf0ef7b921ac81aaf	21263bc18a61fddf15c4a2b0c71f9e2a06051b1c916227e15efd246534b677ee	cn509-07-r	Intel(R) Xeon(R) Gold 6248 CPU @ 2.50GHz	50439604	404
ore_ont_10968.owl	ok	match	True	True	0.1591	29.91	elc	88cbac66a54cfeaf04967f7ec263a98959a6287df46eed2d3ade7b7b021e9a09	21263bc18a61fddf15c4a2b0c71f9e2a06051b1c916227e15efd246534b677ee	cn509-07-l	Intel(R) Xeon(R) Gold 6248 CPU @ 2.50GHz	50439604	405
ore_ont_11009.owl	ok	match	True	True	0.0704	14.69	production_all	9b6af4d9456a057732eed6f4edd4c6d03409183b742304705ae9c5d22f2e83d2	21263bc18a61fddf15c4a2b0c71f9e2a06051b1c916227e15efd246534b677ee	cn509-06-r	Intel(R) Xeon(R) Gold 6248 CPU @ 2.50GHz	50439604	406
ore_ont_11010.owl	ok	match	True	True	0.0412	7.5	production_all	2b911469722f5b04c8805dc441873cfae6fcb261e12933bdffe402e2897a2ee6	21263bc18a61fddf15c4a2b0c71f9e2a06051b1c916227e15efd246534b677ee	cn509-06-l	Intel(R) Xeon(R) Gold 6248 CPU @ 2.50GHz	50439604	407
ore_ont_11014.owl	ok	match	True	True	0.0695	8.75	elc	72cd88051c821cd06ad5106a19f4145824f4bdff70821eff1bcc1cfe017f1b6b	21263bc18a61fddf15c4a2b0c71f9e2a06051b1c916227e15efd246534b677ee	cn509-05-r	Intel(R) Xeon(R) Gold 6248 CPU @ 2.50GHz	50439604	408
ore_ont_11016.owl	ok	match	True	True	0.4282	187.45	nominal_ni_abox	17ac165e5d7677646ccf0943b78bf7322b4c3d316a3bc85d662709c85dc88b0c	21263bc18a61fddf15c4a2b0c71f9e2a06051b1c916227e15efd246534b677ee	cn509-05-l	Intel(R) Xeon(R) Gold 6248 CPU @ 2.50GHz	50439604	409
ore_ont_11081.owl	ok	match	True	True	1.0227	70.87	elc	b32f2ff1bff70ea99cef3fb709025b066120345e74768c3a2a046c0dbc2a99d9	21263bc18a61fddf15c4a2b0c71f9e2a06051b1c916227e15efd246534b677ee	cn509-04-l	Intel(R) Xeon(R) Gold 6248 CPU @ 2.50GHz	50439604	410
ore_ont_11140.owl	ok	match	True	True	0.1847	22.35	elc	25a9dfe3607834ad90d624672276aede57eaf02784efa544063dd4489337adab	21263bc18a61fddf15c4a2b0c71f9e2a06051b1c916227e15efd246534b677ee	cn509-03-r	Intel(R) Xeon(R) Gold 6248 CPU @ 2.50GHz	50439604	411
ore_ont_11207.owl	ok	match	True	True	2.0256	491.18	production_all	1d053e818a80eb36d0a8795c930a6ab97ce4697c6f859dcef0b35f6588e24d9c	21263bc18a61fddf15c4a2b0c71f9e2a06051b1c916227e15efd246534b677ee	cn512-09-r	Intel(R) Xeon(R) Gold 6248 CPU @ 2.50GHz	50439604	412
ore_ont_11291.owl	ok	match	True	True	0.07	14.69	production_all	42e2ecfb6f2d4cdcd3acde0696c9fdbe2bc0c3b357bb316ea83a11490169ad54	21263bc18a61fddf15c4a2b0c71f9e2a06051b1c916227e15efd246534b677ee	cn509-25-l	Intel(R) Xeon(R) Gold 6248 CPU @ 2.50GHz	50439604	413
ore_ont_11293.owl	ok	match	True	True	4.1873	260.28	elc	f0c432fee3845eb4ee0944c812ab0cadbbb8b96ea3184fcfff116504553d20e6	21263bc18a61fddf15c4a2b0c71f9e2a06051b1c916227e15efd246534b677ee	cn509-24-r	Intel(R) Xeon(R) Gold 6248 CPU @ 2.50GHz	50439604	414
ore_ont_11311.owl	ok	match	True	True	9.1626	5318.23	cb_plain16	7549d4160fa3a2f2527fa6fbddb1b4eae3f12e3101894696fb88756a02004828	21263bc18a61fddf15c4a2b0c71f9e2a06051b1c916227e15efd246534b677ee	cn509-23-r	Intel(R) Xeon(R) Gold 6248 CPU @ 2.50GHz	50439604	415
ore_ont_11315.owl	ok	match	True	True	13.9991	1111.71	elc	a8cd5455a6c36d2c1c8f76547f9d07a3953b5ce92d260198abbaa6598505fe10	21263bc18a61fddf15c4a2b0c71f9e2a06051b1c916227e15efd246534b677ee	cn509-22-l	Intel(R) Xeon(R) Gold 6248 CPU @ 2.50GHz	50439604	416
ore_ont_11316.owl	ok	match	True	True	0.0987	15.0	production_all	39c9f8f0a63cf1cc1aabdad76e0f88e5423a3fdce72e3172951f9c3ff8ea6093	21263bc18a61fddf15c4a2b0c71f9e2a06051b1c916227e15efd246534b677ee	cn509-19-r	Intel(R) Xeon(R) Gold 6248 CPU @ 2.50GHz	50439604	417
ore_ont_11389.owl	ok	match	True	True	2.9679	382.3	elc	25a9dfe3607834ad90d624672276aede57eaf02784efa544063dd4489337adab	21263bc18a61fddf15c4a2b0c71f9e2a06051b1c916227e15efd246534b677ee	cn509-19-l	Intel(R) Xeon(R) Gold 6248 CPU @ 2.50GHz	50439604	418
ore_ont_11395.owl	ok	match	True	True	35.9461	1992.95	elc	5f730ffc22a0828f94eb0bcfe5c366774eb965dcb577c9b64e14c9552f2e86e9	21263bc18a61fddf15c4a2b0c71f9e2a06051b1c916227e15efd246534b677ee	cn509-11-l	Intel(R) Xeon(R) Gold 6248 CPU @ 2.50GHz	50439604	419
ore_ont_11452.owl	ok	match	True	True	0.2479	31.72	production_all	ff2d968f560c0ba3266c303fcfd4ac514bb3e8b03738a5238dfefc6a44a8020e	21263bc18a61fddf15c4a2b0c71f9e2a06051b1c916227e15efd246534b677ee	cn509-10-l	Intel(R) Xeon(R) Gold 6248 CPU @ 2.50GHz	50439604	420
ore_ont_11460.owl	ok	match	True	True	16.409	3222.06	production_all	3bba2ff9cd16d7b398364bee1e4f766c02626881163422a6876593d2a705a101	21263bc18a61fddf15c4a2b0c71f9e2a06051b1c916227e15efd246534b677ee	cn509-09-l	Intel(R) Xeon(R) Gold 6248 CPU @ 2.50GHz	50439604	421
ore_ont_11497.owl	ok	match	True	True	0.0409	9.06	production_all	8640d78d492ca0006243d52fcb33dc628524656293e4b88db7829ad4389f4338	21263bc18a61fddf15c4a2b0c71f9e2a06051b1c916227e15efd246534b677ee	cn509-08-r	Intel(R) Xeon(R) Gold 6248 CPU @ 2.50GHz	50439604	422
ore_ont_11502.owl	ok	match	True	True	0.4738	72.18	elc	07713dc746bebd4230af577db06d41437878358da6baaa3e27c202281fae91b3	21263bc18a61fddf15c4a2b0c71f9e2a06051b1c916227e15efd246534b677ee	cn509-08-l	Intel(R) Xeon(R) Gold 6248 CPU @ 2.50GHz	50439604	423
ore_ont_11504.owl	ok	match	True	True	0.0693	6.25	elc	7c18c4567a36b238d8bc0334f7c2e40786398d8886a6e9ecdf6e3befe99090f4	21263bc18a61fddf15c4a2b0c71f9e2a06051b1c916227e15efd246534b677ee	cn509-07-r	Intel(R) Xeon(R) Gold 6248 CPU @ 2.50GHz	50439604	424
ore_ont_11519.owl	ok	match	True	True	3.457	251.82	elc	c0bc75c2b13e0e0728f78f726f58e663625f17bcc036cb40241a226879063aeb	21263bc18a61fddf15c4a2b0c71f9e2a06051b1c916227e15efd246534b677ee	cn509-07-l	Intel(R) Xeon(R) Gold 6248 CPU @ 2.50GHz	50439604	425
ore_ont_11522.owl	ok	match	True	True	0.0408	8.75	production_all	6923fe07622ff54eda7fc0b364d6c03c8bbae703e7069a5d10c053a6054def7f	21263bc18a61fddf15c4a2b0c71f9e2a06051b1c916227e15efd246534b677ee	cn509-06-r	Intel(R) Xeon(R) Gold 6248 CPU @ 2.50GHz	50439604	426
ore_ont_11523.owl	ok	match	True	True	0.0721	10.0	production_all	7310a2420253d972d26776ccad771b038711abc2dd578c8a13098c3e3663ec89	21263bc18a61fddf15c4a2b0c71f9e2a06051b1c916227e15efd246534b677ee	cn509-06-l	Intel(R) Xeon(R) Gold 6248 CPU @ 2.50GHz	50439604	427
ore_ont_11526.owl	ok	match	True	True	0.0695	8.12	production_all	25a9dfe3607834ad90d624672276aede57eaf02784efa544063dd4489337adab	21263bc18a61fddf15c4a2b0c71f9e2a06051b1c916227e15efd246534b677ee	cn509-05-r	Intel(R) Xeon(R) Gold 6248 CPU @ 2.50GHz	50439604	428
ore_ont_11559.owl	ok	match	True	True	1.5463	138.49	elc	27cb18ecd91fbbc21ef7cd872ed2161ca58afead9634753597b502262e856841	21263bc18a61fddf15c4a2b0c71f9e2a06051b1c916227e15efd246534b677ee	cn509-05-l	Intel(R) Xeon(R) Gold 6248 CPU @ 2.50GHz	50439604	429
ore_ont_11577.owl	ok	match	True	True	0.0706	21.89	production_all	78c12e0fb82e17869f2df3bcdd0a6d56db4d249e566a11d9f25c4b1f6dd411d1	21263bc18a61fddf15c4a2b0c71f9e2a06051b1c916227e15efd246534b677ee	cn509-04-l	Intel(R) Xeon(R) Gold 6248 CPU @ 2.50GHz	50439604	430
ore_ont_11619.owl	ok	match	True	True	0.0987	13.97	elc	9304084bc5359a42d0837601eea5354bcf3aaa41eb2a62bbff14787e98252747	21263bc18a61fddf15c4a2b0c71f9e2a06051b1c916227e15efd246534b677ee	cn509-03-r	Intel(R) Xeon(R) Gold 6248 CPU @ 2.50GHz	50439604	431
ore_ont_11623.owl	ok	match	True	True	0.7958	531.59	production_all	6f12e8392cac6b5ab95e02cfb22942825a445cafa89ef09eb500684ee3e279dd	21263bc18a61fddf15c4a2b0c71f9e2a06051b1c916227e15efd246534b677ee	cn509-07-r	Intel(R) Xeon(R) Gold 6248 CPU @ 2.50GHz	50439604	432
ore_ont_11639.owl	ok	match	True	True	0.0406	6.25	elc	9d20e1c1afe6e79af9e35f135dfbeb965efec25215a54e6b2c27472ec46fe8a1	21263bc18a61fddf15c4a2b0c71f9e2a06051b1c916227e15efd246534b677ee	cn509-04-l	Intel(R) Xeon(R) Gold 6248 CPU @ 2.50GHz	50439604	433
ore_ont_11739.owl	ok	match	True	True	15.8683	1277.51	elc	87e198b4b4877fa7bef65c28ac7ae439613a8f41cd8156786c14ac63d580712c	21263bc18a61fddf15c4a2b0c71f9e2a06051b1c916227e15efd246534b677ee	cn512-09-r	Intel(R) Xeon(R) Gold 6248 CPU @ 2.50GHz	50439604	434
ore_ont_11745.owl	ok	match	True	True	12.6771	3576.37	cb_plain16	49e851a304217ddcaa13291238cf1bd37e6d161e6a57ba7318eb6e7244b1584f	21263bc18a61fddf15c4a2b0c71f9e2a06051b1c916227e15efd246534b677ee	cn509-07-r	Intel(R) Xeon(R) Gold 6248 CPU @ 2.50GHz	50439604	435
ore_ont_11778.owl	ok	match	True	True	2.7487	253.21	elc	02f70d54c956f315440e7b6c6cf11b10e21313041e72692d251f018364ea8b06	21263bc18a61fddf15c4a2b0c71f9e2a06051b1c916227e15efd246534b677ee	cn509-06-l	Intel(R) Xeon(R) Gold 6248 CPU @ 2.50GHz	50439604	436
ore_ont_11866.owl	ok	match	True	True	0.0416	7.19	production_all	25a9dfe3607834ad90d624672276aede57eaf02784efa544063dd4489337adab	21263bc18a61fddf15c4a2b0c71f9e2a06051b1c916227e15efd246534b677ee	cn509-06-l	Intel(R) Xeon(R) Gold 6248 CPU @ 2.50GHz	50439604	437
ore_ont_11889.owl	ok	match	True	True	0.0707	10.14	production_all	5f1ce489832cb8ae99748f2ecbb665ddb7da0d5750e09c9ac409fd75c5875444	21263bc18a61fddf15c4a2b0c71f9e2a06051b1c916227e15efd246534b677ee	cn509-04-l	Intel(R) Xeon(R) Gold 6248 CPU @ 2.50GHz	50439604	438
ore_ont_11978.owl	ok	match	True	True	0.0702	22.21	production_all	f238035ea70c8a9a2f9d439a52b36ef315a3449e2a926cd8a6065f3be4f86087	21263bc18a61fddf15c4a2b0c71f9e2a06051b1c916227e15efd246534b677ee	cn509-24-r	Intel(R) Xeon(R) Gold 6248 CPU @ 2.50GHz	50439604	439
ore_ont_12007.owl	ok	match	True	True	0.041	6.25	elc	779011b5e74b3bf61345db242cf0d5ab1c508e60d59470b7021926b6ca7f4963	21263bc18a61fddf15c4a2b0c71f9e2a06051b1c916227e15efd246534b677ee	cn509-23-r	Intel(R) Xeon(R) Gold 6248 CPU @ 2.50GHz	50439604	440
ore_ont_12009.owl	ok	match	True	True	0.0406	9.69	production_all	c49ac8a00b73dd16b18c6806b9e19bea5f9a821003a4da37b2202dc8b2c0913a	21263bc18a61fddf15c4a2b0c71f9e2a06051b1c916227e15efd246534b677ee	cn509-19-l	Intel(R) Xeon(R) Gold 6248 CPU @ 2.50GHz	50439604	441
ore_ont_12087.owl	ok	match	True	True	10.8344	2144.0	production_all	0de4f44746026093588d63cfce9e4402e938cf30b7c88a3970e4771da4a63c60	21263bc18a61fddf15c4a2b0c71f9e2a06051b1c916227e15efd246534b677ee	cn509-06-l	Intel(R) Xeon(R) Gold 6248 CPU @ 2.50GHz	50439604	442
ore_ont_12141.owl	ok	match	True	True	0.5032	159.28	production_all	0205fe9d5bff8d6ac81af28ac8ca71cf10b61b85998e5e70242fdd9be69af349	21263bc18a61fddf15c4a2b0c71f9e2a06051b1c916227e15efd246534b677ee	cn509-04-r	Intel(R) Xeon(R) Gold 6248 CPU @ 2.50GHz	50439604	443
ore_ont_12149.owl	ok	match	True	True	1.1508	76.33	elc	1a6c34a01e0f9de8f986e062b118c3950b89fcee5894446fcaa350902e7f126f	21263bc18a61fddf15c4a2b0c71f9e2a06051b1c916227e15efd246534b677ee	cn509-24-r	Intel(R) Xeon(R) Gold 6248 CPU @ 2.50GHz	50439604	444
ore_ont_12161.owl	ok	match	True	True	0.243	32.88	production_all	5c1fe0699854aa6c4f891ae1122faf848af88deaf57d6d6a18959e0c89e90df6	21263bc18a61fddf15c4a2b0c71f9e2a06051b1c916227e15efd246534b677ee	cn509-10-l	Intel(R) Xeon(R) Gold 6248 CPU @ 2.50GHz	50439604	445
ore_ont_12194.owl	ok	match	True	True	0.4794	45.89	elc	5008d3bc52e4aaab7aca6b11a01a2dcdfdf2005f2d4c1aeec1abb75de67e2206	21263bc18a61fddf15c4a2b0c71f9e2a06051b1c916227e15efd246534b677ee	cn509-04-r	Intel(R) Xeon(R) Gold 6248 CPU @ 2.50GHz	50439604	446
ore_ont_12281.owl	ok	match	True	True	0.0993	21.93	elc	6c8c2dd1ea442064196c32326cd1c2c8d3a72ecf5e3d2c331a16cc9281ffa925	21263bc18a61fddf15c4a2b0c71f9e2a06051b1c916227e15efd246534b677ee	cn509-19-r	Intel(R) Xeon(R) Gold 6248 CPU @ 2.50GHz	50439604	447
ore_ont_12387.owl	ok	match	True	True	5.4822	438.03	elc	9d25a3ae4b10f67a869ff1ec8333b593900ad745b3453e11588555e8178d7dba	21263bc18a61fddf15c4a2b0c71f9e2a06051b1c916227e15efd246534b677ee	cn509-10-l	Intel(R) Xeon(R) Gold 6248 CPU @ 2.50GHz	50439604	448
ore_ont_12397.owl	ok	match	True	True	0.0694	10.62	elc	1141b993c4ce4fc0f8712bb0c6b6853b030ea938eba3d8e27dbe28dbc7ec1070	21263bc18a61fddf15c4a2b0c71f9e2a06051b1c916227e15efd246534b677ee	cn509-03-r	Intel(R) Xeon(R) Gold 6248 CPU @ 2.50GHz	50439604	449
ore_ont_12405.owl	ok	match	True	True	0.279	66.0	elc	450e43282d20750ee054bec83e074f6b4d890c845074125e9b9b04cd346ae614	21263bc18a61fddf15c4a2b0c71f9e2a06051b1c916227e15efd246534b677ee	cn509-05-r	Intel(R) Xeon(R) Gold 6248 CPU @ 2.50GHz	50439604	450
ore_ont_12414.owl	ok	match	True	True	5.9424	579.75	elc	f52655554ad9025c06c681d71ccebf5cce633bac6305e01d8e78fa7abd9477c0	21263bc18a61fddf15c4a2b0c71f9e2a06051b1c916227e15efd246534b677ee	cn509-05-r	Intel(R) Xeon(R) Gold 6248 CPU @ 2.50GHz	50439604	451
ore_ont_12528.owl	ok	match	True	True	14.9348	1361.75	elc	821c9e8abb3c9f0b13db22b7044710317c1f59fb0219ad16c7f007464d7aa7b4	21263bc18a61fddf15c4a2b0c71f9e2a06051b1c916227e15efd246534b677ee	cn509-04-r	Intel(R) Xeon(R) Gold 6248 CPU @ 2.50GHz	50439604	452
ore_ont_12653.owl	ok	match	True	True	0.1001	43.81	production_all	b9b3b2004562dfba7af26bbbd125115be0383fcd014b509717cbcedc73b31f00	21263bc18a61fddf15c4a2b0c71f9e2a06051b1c916227e15efd246534b677ee	cn509-08-r	Intel(R) Xeon(R) Gold 6248 CPU @ 2.50GHz	50439604	453
ore_ont_12698.owl	ok	match	True	True	1.8396	678.04	nominals	9f2ee83b8fc315586d509d7a508be032bd1674970b5ab484f81a138be9f91e19	21263bc18a61fddf15c4a2b0c71f9e2a06051b1c916227e15efd246534b677ee	cn509-08-l	Intel(R) Xeon(R) Gold 6248 CPU @ 2.50GHz	50439604	454
ore_ont_12776.owl	ok	match	True	True	0.1285	27.2	elc	25a9dfe3607834ad90d624672276aede57eaf02784efa544063dd4489337adab	21263bc18a61fddf15c4a2b0c71f9e2a06051b1c916227e15efd246534b677ee	cn509-24-r	Intel(R) Xeon(R) Gold 6248 CPU @ 2.50GHz	50439604	455
ore_ont_12802.owl	ok	match	True	True	0.3613	40.33	elc	25a9dfe3607834ad90d624672276aede57eaf02784efa544063dd4489337adab	21263bc18a61fddf15c4a2b0c71f9e2a06051b1c916227e15efd246534b677ee	cn509-22-l	Intel(R) Xeon(R) Gold 6248 CPU @ 2.50GHz	50439604	456
ore_ont_12831.owl	ok	match	True	True	0.0407	7.19	elc	38a2ba76b4a11fd01f59b97df9cd3d93fc54a9094e1cc87d511aca66989ac102	21263bc18a61fddf15c4a2b0c71f9e2a06051b1c916227e15efd246534b677ee	cn509-19-l	Intel(R) Xeon(R) Gold 6248 CPU @ 2.50GHz	50439604	457
ore_ont_12906.owl	ok	match	True	True	0.0405	5.94	elc	ccdfc6d626940ef30a9115eff4872649ebcdaae60e4ff9e1d922d38485fb44ad	21263bc18a61fddf15c4a2b0c71f9e2a06051b1c916227e15efd246534b677ee	cn509-07-r	Intel(R) Xeon(R) Gold 6248 CPU @ 2.50GHz	50439604	458
ore_ont_13000.owl	ok	match	True	True	0.3311	42.72	elc	a2c9fd27be406668497189b64f1f673b22ea55c2266d5417991166ab3fdc6685	21263bc18a61fddf15c4a2b0c71f9e2a06051b1c916227e15efd246534b677ee	cn509-24-r	Intel(R) Xeon(R) Gold 6248 CPU @ 2.50GHz	50439604	459
ore_ont_13035.owl	ok	match	True	True	0.1028	77.19	nominals	26f70e0efde86c6b42ee15c2ddfa83b64a9c6e57fdaf6444414c5f486f355b1c	21263bc18a61fddf15c4a2b0c71f9e2a06051b1c916227e15efd246534b677ee	cn509-23-r	Intel(R) Xeon(R) Gold 6248 CPU @ 2.50GHz	50439604	460
ore_ont_13053.owl	ok	match	True	True	0.0409	7.19	production_all	8be7de1da407a2951e7d7cd0e99a349f1fefcf747161b09d042d33f84aa7ddd7	21263bc18a61fddf15c4a2b0c71f9e2a06051b1c916227e15efd246534b677ee	cn509-08-r	Intel(R) Xeon(R) Gold 6248 CPU @ 2.50GHz	50439604	461
ore_ont_13066.owl	ok	match	True	True	0.0409	8.12	production_all	25a9dfe3607834ad90d624672276aede57eaf02784efa544063dd4489337adab	21263bc18a61fddf15c4a2b0c71f9e2a06051b1c916227e15efd246534b677ee	cn509-07-r	Intel(R) Xeon(R) Gold 6248 CPU @ 2.50GHz	50439604	462
ore_ont_13071.owl	ok	match	True	True	1.5022	434.28	production_all	a198a99650a9b25c5cb6bd92be339eb7987b3e74b77bf4e39cba8bce54ac2fb1	21263bc18a61fddf15c4a2b0c71f9e2a06051b1c916227e15efd246534b677ee	cn509-06-l	Intel(R) Xeon(R) Gold 6248 CPU @ 2.50GHz	50439604	463
ore_ont_13113.owl	ok	match	True	True	0.1277	43.21	nominals	1bb468cee8017811a155e6f28b61dc9724fb6fd28fbf7f7f557d9bb79d9f8d52	21263bc18a61fddf15c4a2b0c71f9e2a06051b1c916227e15efd246534b677ee	cn509-23-r	Intel(R) Xeon(R) Gold 6248 CPU @ 2.50GHz	50439604	464
ore_ont_13132.owl	ok	match	True	True	0.1053	63.83	nominals	e13d65dbb5d532c7e775e0356509fb42a69836b7037bb39ba5f07d267d7c0f72	21263bc18a61fddf15c4a2b0c71f9e2a06051b1c916227e15efd246534b677ee	cn509-09-l	Intel(R) Xeon(R) Gold 6248 CPU @ 2.50GHz	50439604	465
ore_ont_13141.owl	ok	match	True	True	0.1305	26.79	elc	02bedd319c20f293b81cf4c0848009629bdda90e5ca659cfbfeb58bb865f145a	21263bc18a61fddf15c4a2b0c71f9e2a06051b1c916227e15efd246534b677ee	cn509-23-r	Intel(R) Xeon(R) Gold 6248 CPU @ 2.50GHz	50439604	466
ore_ont_13204.owl	ok	match	True	True	0.0402	7.19	production_all	1c55999654f057fe0eb6fae17bf2b3b0f5598cc5237eb0b2ca0af50a9d673748	21263bc18a61fddf15c4a2b0c71f9e2a06051b1c916227e15efd246534b677ee	cn509-22-l	Intel(R) Xeon(R) Gold 6248 CPU @ 2.50GHz	50439604	467
ore_ont_13224.owl	ok	match	True	True	7.227	621.68	elc	a770e5429a6fea4919ca768a672493adacfbe951d6826e06878f1deed93a2545	21263bc18a61fddf15c4a2b0c71f9e2a06051b1c916227e15efd246534b677ee	cn509-08-r	Intel(R) Xeon(R) Gold 6248 CPU @ 2.50GHz	50439604	468
ore_ont_13234.owl	ok	match	True	True	0.0404	6.56	elc	ce0bd8d2bc45f2722c2a72a77559605eeba16b4f38c7df36e978aa1f5c6231a5	21263bc18a61fddf15c4a2b0c71f9e2a06051b1c916227e15efd246534b677ee	cn509-08-l	Intel(R) Xeon(R) Gold 6248 CPU @ 2.50GHz	50439604	469
ore_ont_13243.owl	ok	match	True	True	2.2611	170.74	elc	522456978803f2cd7797cc242cd5f366fe650452fe3a2511f22e95da21dfd3ee	21263bc18a61fddf15c4a2b0c71f9e2a06051b1c916227e15efd246534b677ee	cn509-06-r	Intel(R) Xeon(R) Gold 6248 CPU @ 2.50GHz	50439604	470
ore_ont_13277.owl	ok	match	True	True	0.0415	11.6	production_all	65c860516d3ce897e28e1ef7373215a1c131cbf859a877bac5b445beb160e9ac	21263bc18a61fddf15c4a2b0c71f9e2a06051b1c916227e15efd246534b677ee	cn509-06-l	Intel(R) Xeon(R) Gold 6248 CPU @ 2.50GHz	50439604	471
ore_ont_13301.owl	ok	match	True	True	0.0406	7.5	elc	af1f58fdf3560dbb4ee8f7d0f4f112479ef6073b2ae57b79030d0cf470864343	21263bc18a61fddf15c4a2b0c71f9e2a06051b1c916227e15efd246534b677ee	cn509-05-r	Intel(R) Xeon(R) Gold 6248 CPU @ 2.50GHz	50439604	472
ore_ont_13355.owl	ok	match	True	True	10.4438	611.99	elc	7a44b3849b6013155767d75119c927d95918dc51e00102349321e8ff49a4b7fc	21263bc18a61fddf15c4a2b0c71f9e2a06051b1c916227e15efd246534b677ee	cn509-04-l	Intel(R) Xeon(R) Gold 6248 CPU @ 2.50GHz	50439604	473
ore_ont_13383.owl	ok	match	True	True	0.1007	42.72	nominals	44f33d580b81ffff9b7d87a2b0f1cde4fb6cf3fe7dcc51ab7b120da5c25652a8	21263bc18a61fddf15c4a2b0c71f9e2a06051b1c916227e15efd246534b677ee	cn509-24-r	Intel(R) Xeon(R) Gold 6248 CPU @ 2.50GHz	50439604	474
ore_ont_13392.owl	ok	match	True	True	0.0427	7.79	production_all	730c48986817f508c95e2a47c17ac5abb52fc24d2a7c7d08c8d9a5f89759cfd6	21263bc18a61fddf15c4a2b0c71f9e2a06051b1c916227e15efd246534b677ee	cn509-09-l	Intel(R) Xeon(R) Gold 6248 CPU @ 2.50GHz	50439604	475
ore_ont_13429.owl	ok	match	True	True	0.0406	5.62	elc	febfdbf4ffd72b5377678ddc84ec0f53e3ea83c6d463001bb59b1494d64f02e8	21263bc18a61fddf15c4a2b0c71f9e2a06051b1c916227e15efd246534b677ee	cn509-07-r	Intel(R) Xeon(R) Gold 6248 CPU @ 2.50GHz	50439604	476
ore_ont_13444.owl	ok	match	True	True	0.1576	83.12	production_all	247c4ac30df7d55beb16fc23b0943bd2b6d2bc62e449e40d830370fd846d769a	21263bc18a61fddf15c4a2b0c71f9e2a06051b1c916227e15efd246534b677ee	cn509-05-l	Intel(R) Xeon(R) Gold 6248 CPU @ 2.50GHz	50439604	477
ore_ont_13482.owl	ok	match	True	True	61.2869	6857.69	elc	25a9dfe3607834ad90d624672276aede57eaf02784efa544063dd4489337adab	21263bc18a61fddf15c4a2b0c71f9e2a06051b1c916227e15efd246534b677ee	cn509-24-r	Intel(R) Xeon(R) Gold 6248 CPU @ 2.50GHz	50439604	478
ore_ont_13503.owl	ok	match	True		0.0408	8.68	production_all	1b8fdf730b9cdce8afed1c69c13e782c6c2dde70c42e5f1d2273dcbdb6b1282b	21263bc18a61fddf15c4a2b0c71f9e2a06051b1c916227e15efd246534b677ee	cn509-19-r	Intel(R) Xeon(R) Gold 6248 CPU @ 2.50GHz	50439604	479
ore_ont_13530.owl	ok	match	True	True	0.0404	7.5	production_all	6e5b1361a86c93ec1ceeb5272edbfa2c089f06651d99c6e5ffd32a8cb585ddc6	21263bc18a61fddf15c4a2b0c71f9e2a06051b1c916227e15efd246534b677ee	cn509-07-r	Intel(R) Xeon(R) Gold 6248 CPU @ 2.50GHz	50439604	480
ore_ont_13578.owl	ok	match	True	True	0.0993	19.27	elc	c0a7387438bc9b5659506006706666a5540c33373ad4f8f0fe9a89e9922a00d9	21263bc18a61fddf15c4a2b0c71f9e2a06051b1c916227e15efd246534b677ee	cn509-25-l	Intel(R) Xeon(R) Gold 6248 CPU @ 2.50GHz	50439604	481
ore_ont_13621.owl	ok	match	True	True	2.2607	1388.15	nominals	f61f9526d186c0af485ce724f10c3e6c794c2bd876f564e8e04b5c195f1806a0	21263bc18a61fddf15c4a2b0c71f9e2a06051b1c916227e15efd246534b677ee	cn509-11-l	Intel(R) Xeon(R) Gold 6248 CPU @ 2.50GHz	50439604	482
ore_ont_13643.owl	ok	match	True	True	0.0422	5.94	elc	e6a28db50f029843a0a2b347a35bc6d99ef168c042af0b6aaffcf04524def1bc	21263bc18a61fddf15c4a2b0c71f9e2a06051b1c916227e15efd246534b677ee	cn509-09-l	Intel(R) Xeon(R) Gold 6248 CPU @ 2.50GHz	50439604	483
ore_ont_13664.owl	ok	match	True	True	1.4882	327.72	production_all	c46e20fd5257acb674d22a52a7e7d5e9f96e94749f0b0c949f3c445076616481	21263bc18a61fddf15c4a2b0c71f9e2a06051b1c916227e15efd246534b677ee	cn509-06-r	Intel(R) Xeon(R) Gold 6248 CPU @ 2.50GHz	50439604	484
ore_ont_13752.owl	ok	match	True	True	0.4855	49.46	elc	c9457601ea869b5d7998f65f9653efb7bf953e9b82fec67f27113a36208f993f	21263bc18a61fddf15c4a2b0c71f9e2a06051b1c916227e15efd246534b677ee	cn509-22-l	Intel(R) Xeon(R) Gold 6248 CPU @ 2.50GHz	50439604	485
ore_ont_13755.owl	ok	match	True	True	0.1903	29.93	elc	6b1945e00a8cb4bdfc5e2e33e163d8de34c7ab1d0dc1d2517212df3700e3805b	21263bc18a61fddf15c4a2b0c71f9e2a06051b1c916227e15efd246534b677ee	cn509-09-l	Intel(R) Xeon(R) Gold 6248 CPU @ 2.50GHz	50439604	486
ore_ont_13759.owl	ok	match	True	True	0.0408	9.62	production_all	c1944627d8fb4d69c4ec0b6c27c93ad55072e6ab9a4241a356adafe482892657	21263bc18a61fddf15c4a2b0c71f9e2a06051b1c916227e15efd246534b677ee	cn509-05-r	Intel(R) Xeon(R) Gold 6248 CPU @ 2.50GHz	50439604	487
ore_ont_13762.owl	ok	match	True	True	0.1647	153.49	nominals	834d5a60982e1e532564cb200cbfe49dde2ef31b8a7d6cc1e9e09cd08fb7dd61	21263bc18a61fddf15c4a2b0c71f9e2a06051b1c916227e15efd246534b677ee	cn509-07-r	Intel(R) Xeon(R) Gold 6248 CPU @ 2.50GHz	50439604	488
ore_ont_13772.owl	ok	match	True	True	0.0699	8.12	production_all	25a9dfe3607834ad90d624672276aede57eaf02784efa544063dd4489337adab	21263bc18a61fddf15c4a2b0c71f9e2a06051b1c916227e15efd246534b677ee	cn509-06-r	Intel(R) Xeon(R) Gold 6248 CPU @ 2.50GHz	50439604	489
ore_ont_13840.owl	ok	match	True	True	0.2423	34.43	production_all	1a76bc2eead4ab2c64afae2e732b4a5ef9f37155917439b00c9518c686bff41c	21263bc18a61fddf15c4a2b0c71f9e2a06051b1c916227e15efd246534b677ee	cn509-19-r	Intel(R) Xeon(R) Gold 6248 CPU @ 2.50GHz	50439604	490
ore_ont_13852.owl	ok	match	True	True	0.3396	39.15	production_all	2e3d43d2ccdef95965bb116db6a147ac1c9436689d91642fdc0a0ae516665943	21263bc18a61fddf15c4a2b0c71f9e2a06051b1c916227e15efd246534b677ee	cn509-11-l	Intel(R) Xeon(R) Gold 6248 CPU @ 2.50GHz	50439604	491
ore_ont_13887.owl	ok	match	True	True	0.0703	10.16	production_all	7d50171db15ecaab15bff2a8f8cd738024aa3139b61332e80c2e122a182ecc3e	21263bc18a61fddf15c4a2b0c71f9e2a06051b1c916227e15efd246534b677ee	cn509-07-r	Intel(R) Xeon(R) Gold 6248 CPU @ 2.50GHz	50439604	492
ore_ont_13902.owl	ok	match	True	True	1.0221	125.08	elc	25a9dfe3607834ad90d624672276aede57eaf02784efa544063dd4489337adab	21263bc18a61fddf15c4a2b0c71f9e2a06051b1c916227e15efd246534b677ee	cn509-19-r	Intel(R) Xeon(R) Gold 6248 CPU @ 2.50GHz	50439604	493
ore_ont_13912.owl	ok	match	True	False	0.0414	8.44	nominals	3c48c283d1292f55fe67383942d35be768499f1f96e83f0adf812c000ac3b9dd	21263bc18a61fddf15c4a2b0c71f9e2a06051b1c916227e15efd246534b677ee	cn509-19-l	Intel(R) Xeon(R) Gold 6248 CPU @ 2.50GHz	50439604	494
ore_ont_13964.owl	ok	match	True	True	0.6209	81.1	elc	25a9dfe3607834ad90d624672276aede57eaf02784efa544063dd4489337adab	21263bc18a61fddf15c4a2b0c71f9e2a06051b1c916227e15efd246534b677ee	cn509-08-r	Intel(R) Xeon(R) Gold 6248 CPU @ 2.50GHz	50439604	495
ore_ont_13969.owl	ok	match	True	True	5.2214	562.65	elc	df5204236b942809dc9fff216bc1a3ccf523cc361d1cb9ca2a12b36456249647	21263bc18a61fddf15c4a2b0c71f9e2a06051b1c916227e15efd246534b677ee	cn509-06-l	Intel(R) Xeon(R) Gold 6248 CPU @ 2.50GHz	50439604	496
ore_ont_14027.owl	ok	match	True	True	0.2457	32.94	elc	e89ac3a69a1ca7c8e4b2c50fffb92e958ce6cfa6aedbd9a5f449895c592d5e48	21263bc18a61fddf15c4a2b0c71f9e2a06051b1c916227e15efd246534b677ee	cn509-05-l	Intel(R) Xeon(R) Gold 6248 CPU @ 2.50GHz	50439604	497
ore_ont_14031.owl	ok	match	True	True	0.1	20.53	elc	41ecf9621a1cc6d1dda13476959ce98ef12d1f97090b407e8a0b5b4d2d35d1dd	21263bc18a61fddf15c4a2b0c71f9e2a06051b1c916227e15efd246534b677ee	cn509-23-r	Intel(R) Xeon(R) Gold 6248 CPU @ 2.50GHz	50439604	498
ore_ont_14042.owl	ok	match	True	True	30.7492	1994.01	elc	5f730ffc22a0828f94eb0bcfe5c366774eb965dcb577c9b64e14c9552f2e86e9	21263bc18a61fddf15c4a2b0c71f9e2a06051b1c916227e15efd246534b677ee	cn509-19-l	Intel(R) Xeon(R) Gold 6248 CPU @ 2.50GHz	50439604	499
ore_ont_14123.owl	ok	match	True	True	0.0699	9.69	elc	8b7f9bcf47a17d494df882683f019686ed295e909c0d80b7e4bcb0a306b16245	21263bc18a61fddf15c4a2b0c71f9e2a06051b1c916227e15efd246534b677ee	cn509-08-l	Intel(R) Xeon(R) Gold 6248 CPU @ 2.50GHz	50439604	500
ore_ont_14153.owl	ok	match	True	True	0.1279	47.9	production_all	11b062554512b7dc5030652d6359a4637466330cb93b1acbbe25eb81e28b7efc	21263bc18a61fddf15c4a2b0c71f9e2a06051b1c916227e15efd246534b677ee	cn509-07-l	Intel(R) Xeon(R) Gold 6248 CPU @ 2.50GHz	50439604	501
ore_ont_14194.owl	ok	match	True	True	2.2689	1394.62	nominals	c134da9d8e936c4f86bdfba991620153f1a4e471154011b9e333b0324ac35da5	21263bc18a61fddf15c4a2b0c71f9e2a06051b1c916227e15efd246534b677ee	cn509-11-l	Intel(R) Xeon(R) Gold 6248 CPU @ 2.50GHz	50439604	502
ore_ont_14216.owl	ok	match	True	True	11.8369	1613.79	elc	25a9dfe3607834ad90d624672276aede57eaf02784efa544063dd4489337adab	21263bc18a61fddf15c4a2b0c71f9e2a06051b1c916227e15efd246534b677ee	cn509-07-l	Intel(R) Xeon(R) Gold 6248 CPU @ 2.50GHz	50439604	503
ore_ont_14273.owl	ok	match	True	True	0.0413	7.81	production_all	25a9dfe3607834ad90d624672276aede57eaf02784efa544063dd4489337adab	21263bc18a61fddf15c4a2b0c71f9e2a06051b1c916227e15efd246534b677ee	cn509-03-r	Intel(R) Xeon(R) Gold 6248 CPU @ 2.50GHz	50439604	504
ore_ont_14280.owl	ok	match	True	True	0.4743	39.14	elc	dcc934c8bc158452fb1f4d5590d9555e693e5417a6b0cf76f28a01fde9f4385a	21263bc18a61fddf15c4a2b0c71f9e2a06051b1c916227e15efd246534b677ee	cn509-23-r	Intel(R) Xeon(R) Gold 6248 CPU @ 2.50GHz	50439604	505
ore_ont_14312.owl	ok	match	True	True	2.7056	610.5	production_all	13aed4f22b7932a454821bd5bd3c1d9354fc69f7586b2bf3b2cb445a461a59b3	21263bc18a61fddf15c4a2b0c71f9e2a06051b1c916227e15efd246534b677ee	cn509-19-r	Intel(R) Xeon(R) Gold 6248 CPU @ 2.50GHz	50439604	506
ore_ont_14327.owl	ok	match	True	True	0.0405	7.19	production_all	70171f4a81f01a33cbc8852ca47a0155893039a6f390b7a5780a71655b53800e	21263bc18a61fddf15c4a2b0c71f9e2a06051b1c916227e15efd246534b677ee	cn509-08-r	Intel(R) Xeon(R) Gold 6248 CPU @ 2.50GHz	50439604	507
ore_ont_14375.owl	ok	match	True	True	0.9226	225.34	production_all	2829f8183f13c0ca7bea6def45b269984c62055471f3a226dbbb625743470655	21263bc18a61fddf15c4a2b0c71f9e2a06051b1c916227e15efd246534b677ee	cn509-08-l	Intel(R) Xeon(R) Gold 6248 CPU @ 2.50GHz	50439604	508
ore_ont_14450.owl	ok	match	True	True	0.1905	48.07	production_all	d0c67792f15f1d3adee5ff277de2c7511d08474189203320bab5c30dafe21fcc	21263bc18a61fddf15c4a2b0c71f9e2a06051b1c916227e15efd246534b677ee	cn509-08-l	Intel(R) Xeon(R) Gold 6248 CPU @ 2.50GHz	50439604	509
ore_ont_14459.owl	ok	match	True	True	31.8977	1450.56	elc	cd04b420623e015a2c262189ae87da5f5712179d720dbc20e6ea4609e7615f41	21263bc18a61fddf15c4a2b0c71f9e2a06051b1c916227e15efd246534b677ee	cn509-25-l	Intel(R) Xeon(R) Gold 6248 CPU @ 2.50GHz	50439604	510
ore_ont_14499.owl	ok	match	True	True	0.1893	30.84	production_all	ac49106e1451d9853d2cb9d7a85693b96e5379e58a9cbe8d8dd6b8786b979d2a	21263bc18a61fddf15c4a2b0c71f9e2a06051b1c916227e15efd246534b677ee	cn509-22-l	Intel(R) Xeon(R) Gold 6248 CPU @ 2.50GHz	50439604	511
ore_ont_14508.owl	ok	match	True	True	0.539	59.55	elc	25a9dfe3607834ad90d624672276aede57eaf02784efa544063dd4489337adab	21263bc18a61fddf15c4a2b0c71f9e2a06051b1c916227e15efd246534b677ee	cn509-19-r	Intel(R) Xeon(R) Gold 6248 CPU @ 2.50GHz	50439604	512
ore_ont_14518.owl	ok	match	True	True	0.042	7.81	production_all	3b4f8d3811e4bc8dd83d2498f6d1f68ddddde4834c99449996bbbe92ebfba5ec	21263bc18a61fddf15c4a2b0c71f9e2a06051b1c916227e15efd246534b677ee	cn509-10-l	Intel(R) Xeon(R) Gold 6248 CPU @ 2.50GHz	50439604	513
ore_ont_14543.owl	ok	match	True	True	4.2708	416.82	elc	3d69cceb509ef6af3ff22cd2eea4b2d20cf4a261c48c0f2e4ea786582fa9b4f6	21263bc18a61fddf15c4a2b0c71f9e2a06051b1c916227e15efd246534b677ee	cn509-08-l	Intel(R) Xeon(R) Gold 6248 CPU @ 2.50GHz	50439604	514
ore_ont_14574.owl	ok	match	True	True	0.2233	31.27	production_all	493d5b8d2bad1ba4b0a417ba87c4b0cdb31b917cac6c8c521b50eccf50dcb35f	21263bc18a61fddf15c4a2b0c71f9e2a06051b1c916227e15efd246534b677ee	cn509-06-l	Intel(R) Xeon(R) Gold 6248 CPU @ 2.50GHz	50439604	515
ore_ont_14587.owl	ok	match	True	True	0.2461	45.76	elc	430efd311cd4e4530c704f7a881a2634d8ba24a2d2eb44f99858bfa90650c8c4	21263bc18a61fddf15c4a2b0c71f9e2a06051b1c916227e15efd246534b677ee	cn512-09-r	Intel(R) Xeon(R) Gold 6248 CPU @ 2.50GHz	50439604	516
ore_ont_14607.owl	ok	match	True	True	2.7059	361.47	elc	25a9dfe3607834ad90d624672276aede57eaf02784efa544063dd4489337adab	21263bc18a61fddf15c4a2b0c71f9e2a06051b1c916227e15efd246534b677ee	cn509-10-l	Intel(R) Xeon(R) Gold 6248 CPU @ 2.50GHz	50439604	517
ore_ont_14817.owl	ok	match	True	True	98.9903	5213.19	production_all	3c43822a005baa536d47079eac973ab6247dd54adace4643ac119bc74757445d	21263bc18a61fddf15c4a2b0c71f9e2a06051b1c916227e15efd246534b677ee	cn509-08-r	Intel(R) Xeon(R) Gold 6248 CPU @ 2.50GHz	50439604	518
ore_ont_14826.owl	ok	match	True	True	0.0412	8.12	production_all	0d117ce09c0ab3b0861b3c524719fe2a4f3143a0fc90124355a18e12028726b3	21263bc18a61fddf15c4a2b0c71f9e2a06051b1c916227e15efd246534b677ee	cn512-09-r	Intel(R) Xeon(R) Gold 6248 CPU @ 2.50GHz	50439604	519
ore_ont_14840.owl	ok	match	True	True	0.0701	9.06	elc	11b062554512b7dc5030652d6359a4637466330cb93b1acbbe25eb81e28b7efc	21263bc18a61fddf15c4a2b0c71f9e2a06051b1c916227e15efd246534b677ee	cn512-09-r	Intel(R) Xeon(R) Gold 6248 CPU @ 2.50GHz	50439604	520
ore_ont_14848.owl	ok	match	True	True	0.0704	10.75	production_all	35ad616fd48312b83ed0327765383c7b7087019ec32aa6778e7b85eed5448fb2	21263bc18a61fddf15c4a2b0c71f9e2a06051b1c916227e15efd246534b677ee	cn509-22-l	Intel(R) Xeon(R) Gold 6248 CPU @ 2.50GHz	50439604	521
ore_ont_14896.owl	ok	match	True	True	0.9122	511.45	nominal_ni_abox	6d9285aae0ab89479bc2db0d99b396d87044ea4f1baa33c4edc5fc5410681760	21263bc18a61fddf15c4a2b0c71f9e2a06051b1c916227e15efd246534b677ee	cn509-07-l	Intel(R) Xeon(R) Gold 6248 CPU @ 2.50GHz	50439604	522
ore_ont_14901.owl	ok	match	True	True	0.0412	8.75	production_all	a6209a6c16fcc7a056b4afd3a9a3d62114a67dfd76f674aac2f616d7cc0276df	21263bc18a61fddf15c4a2b0c71f9e2a06051b1c916227e15efd246534b677ee	cn509-06-l	Intel(R) Xeon(R) Gold 6248 CPU @ 2.50GHz	50439604	523
ore_ont_14926.owl	ok	match	True	True	0.0409	5.94	elc	77665b11fb7d2370101eb7b65e132de7967c9239a51a1eb0bb9769f5c6e0b389	21263bc18a61fddf15c4a2b0c71f9e2a06051b1c916227e15efd246534b677ee	cn509-23-r	Intel(R) Xeon(R) Gold 6248 CPU @ 2.50GHz	50439604	524
ore_ont_14934.owl	ok	match	True	True	1.3375	132.3	elc	67f8b56d7977547b096eb1abae5ff30988653d703a4e8c27f8d543b13e3f6b3c	21263bc18a61fddf15c4a2b0c71f9e2a06051b1c916227e15efd246534b677ee	cn509-07-l	Intel(R) Xeon(R) Gold 6248 CPU @ 2.50GHz	50439604	525
ore_ont_15059.owl	ok	match	True	True	36.3845	4666.84	elc	25a9dfe3607834ad90d624672276aede57eaf02784efa544063dd4489337adab	21263bc18a61fddf15c4a2b0c71f9e2a06051b1c916227e15efd246534b677ee	cn509-04-l	Intel(R) Xeon(R) Gold 6248 CPU @ 2.50GHz	50439604	526
ore_ont_15068.owl	ok	match	True	True	0.0406	7.5	production_all	e60aee98e44662ce73579fe6f10aaf0c4197f6297c8c7a2dc96229a68000cec5	21263bc18a61fddf15c4a2b0c71f9e2a06051b1c916227e15efd246534b677ee	cn512-09-r	Intel(R) Xeon(R) Gold 6248 CPU @ 2.50GHz	50439604	527
ore_ont_15098.owl	ok	match	True	True	0.1564	31.61	production_all	97c1355b707518660b4d88edeaafbedba4ed48ded26a8a6750b5b9dbbdc0c0d3	21263bc18a61fddf15c4a2b0c71f9e2a06051b1c916227e15efd246534b677ee	cn509-23-r	Intel(R) Xeon(R) Gold 6248 CPU @ 2.50GHz	50439604	528
ore_ont_15099.owl	ok	match	True	True	0.684	64.31	elc	25a9dfe3607834ad90d624672276aede57eaf02784efa544063dd4489337adab	21263bc18a61fddf15c4a2b0c71f9e2a06051b1c916227e15efd246534b677ee	cn509-22-l	Intel(R) Xeon(R) Gold 6248 CPU @ 2.50GHz	50439604	529
ore_ont_15145.owl	ok	match	True	True	0.0406	5.62	elc	d35d49ee77e0944bb615970957f86b0e59c29c32cb004f5b780cad04a884d820	21263bc18a61fddf15c4a2b0c71f9e2a06051b1c916227e15efd246534b677ee	cn509-11-l	Intel(R) Xeon(R) Gold 6248 CPU @ 2.50GHz	50439604	530
ore_ont_15152.owl	ok	match	True	True	0.271	54.36	elc	2e77cd8b86b16a814046b32b0f6aac24408a4720f8c85b5e70064714d044ab4e	21263bc18a61fddf15c4a2b0c71f9e2a06051b1c916227e15efd246534b677ee	cn509-10-l	Intel(R) Xeon(R) Gold 6248 CPU @ 2.50GHz	50439604	531
ore_ont_15172.owl	ok	match	True	True	2.5675	353.39	elc	cfe1d126a72a80da87f532b5b612cb038a9842ba2da3b976a42210dd64dc309f	21263bc18a61fddf15c4a2b0c71f9e2a06051b1c916227e15efd246534b677ee	cn509-04-r	Intel(R) Xeon(R) Gold 6248 CPU @ 2.50GHz	50439604	532
ore_ont_15178.owl	ok	match	True	True	0.5076	59.38	elc	25a9dfe3607834ad90d624672276aede57eaf02784efa544063dd4489337adab	21263bc18a61fddf15c4a2b0c71f9e2a06051b1c916227e15efd246534b677ee	cn512-09-r	Intel(R) Xeon(R) Gold 6248 CPU @ 2.50GHz	50439604	533
ore_ont_15222.owl	ok	match	True	True	0.131	14.05	elc	5c6f359604affee99507cdd750dbbfc794e267be366dbb2e28d23195585173fc	21263bc18a61fddf15c4a2b0c71f9e2a06051b1c916227e15efd246534b677ee	cn509-09-l	Intel(R) Xeon(R) Gold 6248 CPU @ 2.50GHz	50439604	534
ore_ont_15231.owl	ok	match	True	True	0.042	9.69	production_all	759bbfe0aa99baef0b44c0a355a8bdb04c1e1567df8276657a8f110eaa63b0da	21263bc18a61fddf15c4a2b0c71f9e2a06051b1c916227e15efd246534b677ee	cn509-06-l	Intel(R) Xeon(R) Gold 6248 CPU @ 2.50GHz	50439604	535
ore_ont_15260.owl	ok	match	True	True	0.5069	44.64	elc	aff02089bd790afb61c697a9cd6479412f059bcfc0280ebe620fbf4f9db6f74e	21263bc18a61fddf15c4a2b0c71f9e2a06051b1c916227e15efd246534b677ee	cn509-03-r	Intel(R) Xeon(R) Gold 6248 CPU @ 2.50GHz	50439604	536
ore_ont_15280.owl	ok	match	True	True	56.773	6605.57	elc	25a9dfe3607834ad90d624672276aede57eaf02784efa544063dd4489337adab	21263bc18a61fddf15c4a2b0c71f9e2a06051b1c916227e15efd246534b677ee	cn509-06-l	Intel(R) Xeon(R) Gold 6248 CPU @ 2.50GHz	50439604	537
ore_ont_15288.owl	ok	match	True	False	0.1051	26.36	nominals	3c48c283d1292f55fe67383942d35be768499f1f96e83f0adf812c000ac3b9dd	21263bc18a61fddf15c4a2b0c71f9e2a06051b1c916227e15efd246534b677ee	cn509-09-l	Intel(R) Xeon(R) Gold 6248 CPU @ 2.50GHz	50439604	538
ore_ont_15292.owl	ok	match	True	True	0.0994	20.33	elc	29a150755fb749ce18438b66bc2251caf3830ac42a72a55b5f9f80354d7d7a36	21263bc18a61fddf15c4a2b0c71f9e2a06051b1c916227e15efd246534b677ee	cn509-05-l	Intel(R) Xeon(R) Gold 6248 CPU @ 2.50GHz	50439604	539
ore_ont_15341.owl	ok	match	True	True	0.2188	34.1	production_all	1a76bc2eead4ab2c64afae2e732b4a5ef9f37155917439b00c9518c686bff41c	21263bc18a61fddf15c4a2b0c71f9e2a06051b1c916227e15efd246534b677ee	cn509-04-r	Intel(R) Xeon(R) Gold 6248 CPU @ 2.50GHz	50439604	540
ore_ont_15388.owl	ok	match	True	True	1.8741	130.87	elc	758db59f0d87ce5cce6675d9c29e821c914f18a5c6441c409b4e99b59fda8a32	21263bc18a61fddf15c4a2b0c71f9e2a06051b1c916227e15efd246534b677ee	cn512-09-r	Intel(R) Xeon(R) Gold 6248 CPU @ 2.50GHz	50439604	541
ore_ont_15397.owl	ok	match	True	True	0.0699	7.81	elc	d9e64c782f6e64d0320ccc7d671e028934cbea67e33feb8d416ea7ff796713cd	21263bc18a61fddf15c4a2b0c71f9e2a06051b1c916227e15efd246534b677ee	cn509-19-r	Intel(R) Xeon(R) Gold 6248 CPU @ 2.50GHz	50439604	542
ore_ont_15399.owl	ok	match	True	True	0.0403	7.5	production_all	efda811e1d6e9ea5f0db4e624fb6396525b8b8062b2425db6e4d09050f5b1c17	21263bc18a61fddf15c4a2b0c71f9e2a06051b1c916227e15efd246534b677ee	cn509-04-r	Intel(R) Xeon(R) Gold 6248 CPU @ 2.50GHz	50439604	543
ore_ont_15461.owl	ok	match	True	True	0.041	12.27	certified_nominals	ee5f8cc3794b0475358c736d5f6fd8de147908ad3b71ce2191a8db616177f5ec	21263bc18a61fddf15c4a2b0c71f9e2a06051b1c916227e15efd246534b677ee	cn509-19-l	Intel(R) Xeon(R) Gold 6248 CPU @ 2.50GHz	50439604	544
ore_ont_15491.owl	ok	match	True	True	1.68	728.08	production_all	97a59d7571fc801275294d5b4946c729e77ce8827ae172f37860dd37c725b499	21263bc18a61fddf15c4a2b0c71f9e2a06051b1c916227e15efd246534b677ee	cn509-09-l	Intel(R) Xeon(R) Gold 6248 CPU @ 2.50GHz	50439604	545
ore_ont_15516.owl	ok	consistency_mismatch	False	False	0.1596	24.68	ht_rules	3c48c283d1292f55fe67383942d35be768499f1f96e83f0adf812c000ac3b9dd	21263bc18a61fddf15c4a2b0c71f9e2a06051b1c916227e15efd246534b677ee	cn509-06-r	Intel(R) Xeon(R) Gold 6248 CPU @ 2.50GHz	50439604	546
ore_ont_15536.owl	ok	match	True	True	1.3175	411.48	production_all	e1fbeb7aeb67310ff49d0f3581a15226962810239795d8c96bfc061bc5fb9f8d	21263bc18a61fddf15c4a2b0c71f9e2a06051b1c916227e15efd246534b677ee	cn509-05-r	Intel(R) Xeon(R) Gold 6248 CPU @ 2.50GHz	50439604	547
ore_ont_15576.owl	ok	match	True	True	0.0409	6.25	elc	695d45a2b96d972126076a53cdec4cb9ad18c89b74acb7d7a37b2f4dc6d86945	21263bc18a61fddf15c4a2b0c71f9e2a06051b1c916227e15efd246534b677ee	cn509-04-r	Intel(R) Xeon(R) Gold 6248 CPU @ 2.50GHz	50439604	548
ore_ont_15615.owl	ok	match	True	True	0.5659	282.07	nominals	838b8129e87b7cee048f7a2d220cbba48c95cc9e8202758908e2abe4d31270c0	21263bc18a61fddf15c4a2b0c71f9e2a06051b1c916227e15efd246534b677ee	cn509-09-l	Intel(R) Xeon(R) Gold 6248 CPU @ 2.50GHz	50439604	549
ore_ont_15672.owl	ok	match	True	True	0.1575	40.49	certified_nominals	ac6f352d8affdb9102cfb99509c6f3684aa1b181c29845ac98780d1b07e3b131	21263bc18a61fddf15c4a2b0c71f9e2a06051b1c916227e15efd246534b677ee	cn509-08-l	Intel(R) Xeon(R) Gold 6248 CPU @ 2.50GHz	50439604	550
ore_ont_15696.owl	ok	match	True	True	3.6902	230.04	elc	c970dcfadfa3044c7e64c2d304534d117c73227fe514292dc5714b298b8b3ea7	21263bc18a61fddf15c4a2b0c71f9e2a06051b1c916227e15efd246534b677ee	cn509-07-r	Intel(R) Xeon(R) Gold 6248 CPU @ 2.50GHz	50439604	551
ore_ont_15703.owl	ok	match	True		30.6855	4370.74	production_all	090129a7fbaa14652ada3408dd1f160e7dd4a09a3502cc3323d8dad734e8893a	21263bc18a61fddf15c4a2b0c71f9e2a06051b1c916227e15efd246534b677ee	cn509-05-r	Intel(R) Xeon(R) Gold 6248 CPU @ 2.50GHz	50439604	552
ore_ont_15725.owl	ok	match	True	True	2.6891	528.58	production_all	42436eeb45b30ea78e04c949ee44ed2b01fd517c889e603da4aa5afe491dbba3	21263bc18a61fddf15c4a2b0c71f9e2a06051b1c916227e15efd246534b677ee	cn509-04-r	Intel(R) Xeon(R) Gold 6248 CPU @ 2.50GHz	50439604	553
ore_ont_15790.owl	ok	match	True	True	0.509	57.78	elc	a98baf2805a78f76f0ada62cba4ff6ba0f2074ab456c1358f173d00b9cdcf687	21263bc18a61fddf15c4a2b0c71f9e2a06051b1c916227e15efd246534b677ee	cn509-03-r	Intel(R) Xeon(R) Gold 6248 CPU @ 2.50GHz	50439604	554
ore_ont_15791.owl	ok	match	True	True	0.6609	179.53	production_all	400f7d33417064a47481356d944fc2a18d4464daaccc300744d15445d18267a9	21263bc18a61fddf15c4a2b0c71f9e2a06051b1c916227e15efd246534b677ee	cn512-09-r	Intel(R) Xeon(R) Gold 6248 CPU @ 2.50GHz	50439604	555
ore_ont_15793.owl	ok	match	True	True	0.333	51.41	elc	25a9dfe3607834ad90d624672276aede57eaf02784efa544063dd4489337adab	21263bc18a61fddf15c4a2b0c71f9e2a06051b1c916227e15efd246534b677ee	cn509-19-l	Intel(R) Xeon(R) Gold 6248 CPU @ 2.50GHz	50439604	556
ore_ont_15803.owl	ok	match	True	True	27.6535	1350.52	certified_el_production	b2a4da940996565b8ddac8c21ce38392192c271087965a80ba09c8826f2ee654	21263bc18a61fddf15c4a2b0c71f9e2a06051b1c916227e15efd246534b677ee	cn509-08-l	Intel(R) Xeon(R) Gold 6248 CPU @ 2.50GHz	50439604	557
ore_ont_15846.owl	ok	match	True	True	10.611	1330.78	production_all	ac1340ed5caad4831da799f8842d2893e8d9f310dce3d084390affed2072a4a6	21263bc18a61fddf15c4a2b0c71f9e2a06051b1c916227e15efd246534b677ee	cn509-05-l	Intel(R) Xeon(R) Gold 6248 CPU @ 2.50GHz	50439604	558
ore_ont_15860.owl	ok	match	True	True	0.0984	13.66	elc	c173c953ba6ebb32391cc93132739e108a31bcfc0eecb2b364122804641facc1	21263bc18a61fddf15c4a2b0c71f9e2a06051b1c916227e15efd246534b677ee	cn512-09-r	Intel(R) Xeon(R) Gold 6248 CPU @ 2.50GHz	50439604	559
ore_ont_15882.owl	ok	match	True	True	0.0404	6.56	elc	46a256fa20fee1a424bd74f6c769b7069c857a56526bebf219f8a1ea5970d413	21263bc18a61fddf15c4a2b0c71f9e2a06051b1c916227e15efd246534b677ee	cn509-06-r	Intel(R) Xeon(R) Gold 6248 CPU @ 2.50GHz	50439604	560
ore_ont_15917.owl	ok	match	True	True	0.2191	34.75	production_all	b18821800ab66df564954fe1f8f0215e5a18ab26bb84b658dad00ecef50d8d43	21263bc18a61fddf15c4a2b0c71f9e2a06051b1c916227e15efd246534b677ee	cn509-03-r	Intel(R) Xeon(R) Gold 6248 CPU @ 2.50GHz	50439604	561
ore_ont_15929.owl	ok	match	True	True	4.181	262.23	elc	f0c432fee3845eb4ee0944c812ab0cadbbb8b96ea3184fcfff116504553d20e6	21263bc18a61fddf15c4a2b0c71f9e2a06051b1c916227e15efd246534b677ee	cn512-09-r	Intel(R) Xeon(R) Gold 6248 CPU @ 2.50GHz	50439604	562
ore_ont_15932.owl	ok	match	True	True	0.1604	38.77	elc	25a9dfe3607834ad90d624672276aede57eaf02784efa544063dd4489337adab	21263bc18a61fddf15c4a2b0c71f9e2a06051b1c916227e15efd246534b677ee	cn509-24-r	Intel(R) Xeon(R) Gold 6248 CPU @ 2.50GHz	50439604	563
ore_ont_15944.owl	ok	match	True	True	0.1893	37.08	elc	a89fcaec0acf48929b811ad17b0a59dae35e6000e3da2a3eb5a38face70b89f0	21263bc18a61fddf15c4a2b0c71f9e2a06051b1c916227e15efd246534b677ee	cn509-19-l	Intel(R) Xeon(R) Gold 6248 CPU @ 2.50GHz	50439604	564
ore_ont_15950.owl	ok	match	True	True	0.0705	10.31	elc	d15b70278a4cfa2cbedf2764cb9add0f0a8634cfe957ddc2861c637639bcbf80	21263bc18a61fddf15c4a2b0c71f9e2a06051b1c916227e15efd246534b677ee	cn509-24-r	Intel(R) Xeon(R) Gold 6248 CPU @ 2.50GHz	50439604	565
ore_ont_15968.owl	ok	match	True	True	0.1345	31.62	elc	6db6d583cbef219dfd43cf09b0d4d10c48a2e452b5fa3a3192d1e43164b71ad8	21263bc18a61fddf15c4a2b0c71f9e2a06051b1c916227e15efd246534b677ee	cn509-09-l	Intel(R) Xeon(R) Gold 6248 CPU @ 2.50GHz	50439604	566
ore_ont_15976.owl	ok	match	True	True	6.0307	533.7	elc	51a1a9f58e3876db3d650ffc837f1b17a593f96e8186123ad3a7be4ebae90ce2	21263bc18a61fddf15c4a2b0c71f9e2a06051b1c916227e15efd246534b677ee	cn509-24-r	Intel(R) Xeon(R) Gold 6248 CPU @ 2.50GHz	50439604	567
ore_ont_15985.owl	ok	match	True	True	0.0707	8.12	elc	ca24600a6333d4f0b50ddb653421567ea0b628924690df4d658227e0b57116ca	21263bc18a61fddf15c4a2b0c71f9e2a06051b1c916227e15efd246534b677ee	cn509-19-l	Intel(R) Xeon(R) Gold 6248 CPU @ 2.50GHz	50439604	568
ore_ont_16008.owl	ok	match	True	True	28.7308	1279.5	elc	a63271e4eaa00aee100894f5b327640ee71188051dabf76b2db3966ee97c7300	21263bc18a61fddf15c4a2b0c71f9e2a06051b1c916227e15efd246534b677ee	cn509-04-r	Intel(R) Xeon(R) Gold 6248 CPU @ 2.50GHz	50439604	569
ore_ont_16076.owl	ok	match	True	True	0.0403	7.19	production_all	f5bc89bf3be32e4581fd4c79c458b48416e36f89c736035abe746f5a9a8f202b	21263bc18a61fddf15c4a2b0c71f9e2a06051b1c916227e15efd246534b677ee	cn509-22-l	Intel(R) Xeon(R) Gold 6248 CPU @ 2.50GHz	50439604	570
ore_ont_16114.owl	ok	match	True	True	0.2811	32.76	elc	1ad425b38518f1b34809c5bac5e48a3852f6537a4b67a386e7738d65bbabfbd1	21263bc18a61fddf15c4a2b0c71f9e2a06051b1c916227e15efd246534b677ee	cn509-19-l	Intel(R) Xeon(R) Gold 6248 CPU @ 2.50GHz	50439604	571
ore_ont_16167.owl	ok	match	True	True	0.0705	9.8	production_all	b7265f5d9eb0fb65cc91f6a0c66536106a10cfb80bfd5e9a3089fc4912cc1685	21263bc18a61fddf15c4a2b0c71f9e2a06051b1c916227e15efd246534b677ee	cn509-06-r	Intel(R) Xeon(R) Gold 6248 CPU @ 2.50GHz	50439604	572
ore_ont_16299.owl	ok	match	True	True	0.2211	36.34	production_all	79a3357bf88132434ab6f17359e8423fd8e267d9cd8f284a69f83811a81c5534	21263bc18a61fddf15c4a2b0c71f9e2a06051b1c916227e15efd246534b677ee	cn509-19-r	Intel(R) Xeon(R) Gold 6248 CPU @ 2.50GHz	50439604	573
ore_ont_16303.owl	ok	match	True	True	4.0905	2105.64	nominals	34fe02a636bad19ca47c10bc915fa2e13b8985ab465f1950e8e9ac37e8c5cec4	21263bc18a61fddf15c4a2b0c71f9e2a06051b1c916227e15efd246534b677ee	cn512-09-r	Intel(R) Xeon(R) Gold 6248 CPU @ 2.50GHz	50439604	574
ore_ont_16312.owl	ok	match	True	True	0.0697	7.81	elc	211b0f09c916f799fa9e5d415686048201528f845fe8c51344875b641012c3bb	21263bc18a61fddf15c4a2b0c71f9e2a06051b1c916227e15efd246534b677ee	cn509-22-l	Intel(R) Xeon(R) Gold 6248 CPU @ 2.50GHz	50439604	575
ore_ont_16351.owl	ok	match	True	True	0.0409	6.88	production_all	089285c14961a28c3295b6109e4770cd940be7585d1707cf11d856a9a3d8fbfb	21263bc18a61fddf15c4a2b0c71f9e2a06051b1c916227e15efd246534b677ee	cn509-22-l	Intel(R) Xeon(R) Gold 6248 CPU @ 2.50GHz	50439604	576
ore_ont_16444.owl	ok	match	True	True	11.0358	1844.84	production_all	5109eb2f46fdb186066ec88a1337c6a825792132ceb7c8da24bf726151dc8266	21263bc18a61fddf15c4a2b0c71f9e2a06051b1c916227e15efd246534b677ee	cn509-11-l	Intel(R) Xeon(R) Gold 6248 CPU @ 2.50GHz	50439604	577
ore_ont_16461.owl	ok	match	True	True	0.4009	24.38	production_all	0af6a1d628529a9a1d42c72379974169f6b2c6bcb60f707f8219c3729daff0ad	21263bc18a61fddf15c4a2b0c71f9e2a06051b1c916227e15efd246534b677ee	cn509-09-l	Intel(R) Xeon(R) Gold 6248 CPU @ 2.50GHz	50439604	578
ore_ont_16462.owl	ok	match	True	True	11.1443	2166.64	nominals	9109e440a0fde12e5608bff89f0f251b2a2e18c60bc08c6f8e52778c3871d19b	21263bc18a61fddf15c4a2b0c71f9e2a06051b1c916227e15efd246534b677ee	cn509-03-r	Intel(R) Xeon(R) Gold 6248 CPU @ 2.50GHz	50439604	579
ore_ont_16501.owl	ok	match	True	True	0.0403	8.75	production_all	1b5b8a3dfbee869f5bef037fc0ebcf0443e1c450ce39e644ac98a8bddb061619	21263bc18a61fddf15c4a2b0c71f9e2a06051b1c916227e15efd246534b677ee	cn509-22-l	Intel(R) Xeon(R) Gold 6248 CPU @ 2.50GHz	50439604	580
ore_ont_16558.owl	ok	match	True	True	0.1865	37.42	elc	a89fcaec0acf48929b811ad17b0a59dae35e6000e3da2a3eb5a38face70b89f0	21263bc18a61fddf15c4a2b0c71f9e2a06051b1c916227e15efd246534b677ee	cn509-19-r	Intel(R) Xeon(R) Gold 6248 CPU @ 2.50GHz	50439604	581
ore_ont_16559.owl	ok	match	True	True	0.5639	75.96	elc	25a9dfe3607834ad90d624672276aede57eaf02784efa544063dd4489337adab	21263bc18a61fddf15c4a2b0c71f9e2a06051b1c916227e15efd246534b677ee	cn509-19-r	Intel(R) Xeon(R) Gold 6248 CPU @ 2.50GHz	50439604	582
ore_ont_16596.owl	ok	match	True	True	12.0251	2550.97	production_all	59fe2ee75b8ea859b8dadcc4715d8591b3f1b41c2880e673b3a24ec9613a267c	21263bc18a61fddf15c4a2b0c71f9e2a06051b1c916227e15efd246534b677ee	cn509-24-r	Intel(R) Xeon(R) Gold 6248 CPU @ 2.50GHz	50439604	583
ore_ont_16619.owl	ok	match	True	True	0.7977	55.23	elc	fb177a37c99251f771c426c2b969026f3a1e8efffc7fb30336b4543b014707e2	21263bc18a61fddf15c4a2b0c71f9e2a06051b1c916227e15efd246534b677ee	cn509-23-r	Intel(R) Xeon(R) Gold 6248 CPU @ 2.50GHz	50439604	584
ore_ont_16626.owl	ok	match	True	True	0.0409	7.5	production_all	4c0fc61e706201f24a9b90a90645e46f89e292aebc1411ae5d428a2aeb00fc90	21263bc18a61fddf15c4a2b0c71f9e2a06051b1c916227e15efd246534b677ee	cn509-19-r	Intel(R) Xeon(R) Gold 6248 CPU @ 2.50GHz	50439604	585
ore_ont_16684.owl	ok	match	True	True	0.8625	81.37	elc	25a9dfe3607834ad90d624672276aede57eaf02784efa544063dd4489337adab	21263bc18a61fddf15c4a2b0c71f9e2a06051b1c916227e15efd246534b677ee	cn509-10-l	Intel(R) Xeon(R) Gold 6248 CPU @ 2.50GHz	50439604	586
ore_ont_16687.owl	ok	match	True	True	0.594	68.31	elc	065e1e1457ce47b8ce09b524443d73adc155d2d40d1a6303dec535d74378c086	21263bc18a61fddf15c4a2b0c71f9e2a06051b1c916227e15efd246534b677ee	cn509-07-l	Intel(R) Xeon(R) Gold 6248 CPU @ 2.50GHz	50439604	587
ore_ont_16730.owl	ok	match	True	True	0.0414	6.88	elc	a387245df155c38805c9fb5860713f05c5747dcc66cb68aeed3f348cce01ed68	21263bc18a61fddf15c4a2b0c71f9e2a06051b1c916227e15efd246534b677ee	cn509-04-l	Intel(R) Xeon(R) Gold 6248 CPU @ 2.50GHz	50439604	588
ore_ont_16744.owl	ok	match	True	True	74.9097	5677.95	certified_el_production	25a9dfe3607834ad90d624672276aede57eaf02784efa544063dd4489337adab	21263bc18a61fddf15c4a2b0c71f9e2a06051b1c916227e15efd246534b677ee	cn509-19-r	Intel(R) Xeon(R) Gold 6248 CPU @ 2.50GHz	50439604	589
ore_ont_16777.owl	ok	match	True	True	0.0408	8.12	production_all	25a9dfe3607834ad90d624672276aede57eaf02784efa544063dd4489337adab	21263bc18a61fddf15c4a2b0c71f9e2a06051b1c916227e15efd246534b677ee	cn509-04-l	Intel(R) Xeon(R) Gold 6248 CPU @ 2.50GHz	50439604	590
ore_ont_16821.owl	ok	match	True	True	0.041	7.81	elc	1a2026b1f210fee29abcf425160d81ab1f0edef058aec0379f8dbf0b3bce7cc2	21263bc18a61fddf15c4a2b0c71f9e2a06051b1c916227e15efd246534b677ee	cn512-09-r	Intel(R) Xeon(R) Gold 6248 CPU @ 2.50GHz	50439604	591
