source	kind	path	present	sha256
baseline-original	independent_audit	/ibex/scratch/hohndor/km/dynamic-benchmark-20260917/justification-driver-v3/justification-audit/audit.json	True	9da5d6a3e8f615ccacb3570357c86821331ff925cdc799ca90d89359d8db2a14
baseline-original	logical_normalization	/ibex/scratch/hohndor/km/dynamic-benchmark-20260917/justification-driver-v3/justification-audit/normalized-supports.tsv	True	63023a4e958a018b67124ba8c91d0febac037050dc66a4eb87f0b4a785af2ac8
baseline-original	driver_manifest	/ibex/scratch/hohndor/km/dynamic-benchmark-20260917/justification-driver-v3/justification-main/driver-manifest.json	True	48d87bd8bdbbc5f5e1db6ae50f09a2d0f703baa50ad85fcb9fa50ede68ab13ac
baseline-original	frozen_task	/ibex/scratch/hohndor/km/dynamic-benchmark-20260917/justification-driver-v3/justification-main/tasks/0000.json	True	ae11aded2731afcadfc996fbdfdbb1f9851b63f33d332cc4daffd71267a3afae
baseline-original	frozen_task	/ibex/scratch/hohndor/km/dynamic-benchmark-20260917/justification-driver-v3/justification-main/tasks/0001.json	True	86f5ca5d7563ece9ee163b44fddc6e0893d6e5218cf92425c53d5660252e71c7
baseline-original	frozen_task	/ibex/scratch/hohndor/km/dynamic-benchmark-20260917/justification-driver-v3/justification-main/tasks/0002.json	True	63ff01ecd02e07790a2370d5f42fdc9cd6c51cb6e013b093e2ca742de43573da
baseline-original	frozen_task	/ibex/scratch/hohndor/km/dynamic-benchmark-20260917/justification-driver-v3/justification-main/tasks/0003.json	True	0ee49f115f03ac4c79988bf5351a3eef5e75a3bb34147f07ca0c5c54ec59f62c
baseline-original	frozen_task	/ibex/scratch/hohndor/km/dynamic-benchmark-20260917/justification-driver-v3/justification-main/tasks/0004.json	True	5a115fe8e979da604dca1b773ed5756f540fb55de344c8cafdd5b16b86af6425
baseline-original	frozen_task	/ibex/scratch/hohndor/km/dynamic-benchmark-20260917/justification-driver-v3/justification-main/tasks/0005.json	True	3a1b607de2a17c51e511c59435f66a1a0c6cffafa77022da96ae4d588aa0119b
baseline-original	frozen_task	/ibex/scratch/hohndor/km/dynamic-benchmark-20260917/justification-driver-v3/justification-main/tasks/0006.json	True	25a6631c47ea59c8106bc2a1e9a27fe22cc9691349156b385e868378c8e945f9
baseline-original	frozen_task	/ibex/scratch/hohndor/km/dynamic-benchmark-20260917/justification-driver-v3/justification-main/tasks/0007.json	True	1443aeb6e6054750f1df9abe5ebb74a9f3541568bfd8ac64805a0b17cb52d652
baseline-original	frozen_task	/ibex/scratch/hohndor/km/dynamic-benchmark-20260917/justification-driver-v3/justification-main/tasks/0008.json	True	c350de01873d33d96eab23a3be534ac9737728b3489ad7a7091343e818f0846a
baseline-original	frozen_task	/ibex/scratch/hohndor/km/dynamic-benchmark-20260917/justification-driver-v3/justification-main/tasks/0009.json	True	4eb56a287047b0350963133d8adc77474c28e05d5ef817ed5bc70ced92e7b31a
baseline-original	frozen_task	/ibex/scratch/hohndor/km/dynamic-benchmark-20260917/justification-driver-v3/justification-main/tasks/0010.json	True	041fd1b2e737c555a53de3df1a8a21542286d633a37fb3cd212830f336ba69c4
baseline-original	frozen_task	/ibex/scratch/hohndor/km/dynamic-benchmark-20260917/justification-driver-v3/justification-main/tasks/0011.json	True	bc02aac3c862087d5a865ceaf75d15957ffa3bcfa0d8e243e2c71c5466930a94
baseline-original	frozen_task	/ibex/scratch/hohndor/km/dynamic-benchmark-20260917/justification-driver-v3/justification-main/tasks/0012.json	True	e2bdfb1e4f6cb9c3b4d5f282332e57c7bc75cf63ba4b7b57eb9e6aa53354e5f5
baseline-original	frozen_task	/ibex/scratch/hohndor/km/dynamic-benchmark-20260917/justification-driver-v3/justification-main/tasks/0013.json	True	cb00c63acda25eda06240840fef71fe090cfef9b0826dcb62af24f4f3d36f556
baseline-original	frozen_task	/ibex/scratch/hohndor/km/dynamic-benchmark-20260917/justification-driver-v3/justification-main/tasks/0014.json	True	73ac3b886ce9fa00aedf5f0a218efd972ea37447a7bd036ba740903a7451771a
baseline-original	frozen_task	/ibex/scratch/hohndor/km/dynamic-benchmark-20260917/justification-driver-v3/justification-main/tasks/0015.json	True	70378af66893c2f679d9c6974d620de75b9f181040eedee6882852bfafbe54c7
baseline-original	frozen_task	/ibex/scratch/hohndor/km/dynamic-benchmark-20260917/justification-driver-v3/justification-main/tasks/0016.json	True	efebf348cfa0b1507c6b781ea3a03786213f778b73b734fb005318070884571a
baseline-original	frozen_task	/ibex/scratch/hohndor/km/dynamic-benchmark-20260917/justification-driver-v3/justification-main/tasks/0017.json	True	980da9edc09c2c4743cb448f0d503c5a03f50d457e4f63d97d5ae58c98b4994a
baseline-original	frozen_task	/ibex/scratch/hohndor/km/dynamic-benchmark-20260917/justification-driver-v3/justification-main/tasks/0018.json	True	46b465f93679a668c221e55c7c3eb78d6977e40b9fc372a83064e2099bca7f27
baseline-original	frozen_task	/ibex/scratch/hohndor/km/dynamic-benchmark-20260917/justification-driver-v3/justification-main/tasks/0019.json	True	a07e84fc7b56bb0a2ceab8262c6e6eb3104285a948b302411f7d2270c0321da4
baseline-original	frozen_task	/ibex/scratch/hohndor/km/dynamic-benchmark-20260917/justification-driver-v3/justification-main/tasks/0020.json	True	a9545acdfe50e1b1d5ed2e8544061c814a0315a24872fa52cbc7e65c6566234c
baseline-original	frozen_task	/ibex/scratch/hohndor/km/dynamic-benchmark-20260917/justification-driver-v3/justification-main/tasks/0021.json	True	3e5ff8a6a6536c5b0f2275b2001b4bbc8919737a323eeecd830c4302fdaaeb4e
baseline-original	frozen_task	/ibex/scratch/hohndor/km/dynamic-benchmark-20260917/justification-driver-v3/justification-main/tasks/0022.json	True	7e482dff14cd1d0dd1efe79ea9bd529a3ef3621ad328136d45c9568ff9fbcde1
baseline-original	frozen_task	/ibex/scratch/hohndor/km/dynamic-benchmark-20260917/justification-driver-v3/justification-main/tasks/0023.json	True	d6338bc9b1f81a015855c9bb45bd17a5ba7b531dc118319d7838c447086f5d93
baseline-original	frozen_task	/ibex/scratch/hohndor/km/dynamic-benchmark-20260917/justification-driver-v3/justification-main/tasks/0024.json	True	3f2dc3f656544f64f91a7d249deb911eee6f5c482e2a0658f06a5bac92c3181b
baseline-original	frozen_task	/ibex/scratch/hohndor/km/dynamic-benchmark-20260917/justification-driver-v3/justification-main/tasks/0025.json	True	a37b0d7f029d2e5eea96f846a98721389729a7cb4c52cfa795f7e59a9410aeb2
baseline-original	frozen_task	/ibex/scratch/hohndor/km/dynamic-benchmark-20260917/justification-driver-v3/justification-main/tasks/0026.json	True	60ef064c9b52fe658800ee30bb5ad5c65322a778bb5972508b391a79fd8a7db2
baseline-original	frozen_task	/ibex/scratch/hohndor/km/dynamic-benchmark-20260917/justification-driver-v3/justification-main/tasks/0027.json	True	e317d8ad09d8a6acfb3720663a069fccd89590730d90c884d65359420e4166c0
baseline-original	frozen_task	/ibex/scratch/hohndor/km/dynamic-benchmark-20260917/justification-driver-v3/justification-main/tasks/0028.json	True	f86412386f6c5a50e8343e0f70613c0d041431335d5f536e92dd9655376d53b3
baseline-original	frozen_task	/ibex/scratch/hohndor/km/dynamic-benchmark-20260917/justification-driver-v3/justification-main/tasks/0029.json	True	8a8b17c581f46e68c84d4db2e569bf8ea0f71dfea3d283952cdbc4d092e03bf5
baseline-original	frozen_task	/ibex/scratch/hohndor/km/dynamic-benchmark-20260917/justification-driver-v3/justification-main/tasks/0030.json	True	90f8b2908c071e34166ed61da1ed49aba5cd33f690bbe9cf8611fab07bd075ea
baseline-original	frozen_task	/ibex/scratch/hohndor/km/dynamic-benchmark-20260917/justification-driver-v3/justification-main/tasks/0031.json	True	c1e2c835f7030750666c2d5a711d73bdbdd1031c3738a05744266356abf510fb
baseline-original	frozen_task	/ibex/scratch/hohndor/km/dynamic-benchmark-20260917/justification-driver-v3/justification-main/tasks/0032.json	True	ec2a3f95fe613170f5972724c373d5c0b5f81f0f1205a317442afe6d2caf8686
baseline-original	frozen_task	/ibex/scratch/hohndor/km/dynamic-benchmark-20260917/justification-driver-v3/justification-main/tasks/0033.json	True	40465790372b825508c7d11a2a332eae5a5abdcc814334065aa053f4538ec9e1
baseline-original	frozen_task	/ibex/scratch/hohndor/km/dynamic-benchmark-20260917/justification-driver-v3/justification-main/tasks/0034.json	True	7431f00b5355552a05c8cfee57779c4f6c70cdb2d55ed2f2a652d609966bf512
baseline-original	frozen_task	/ibex/scratch/hohndor/km/dynamic-benchmark-20260917/justification-driver-v3/justification-main/tasks/0035.json	True	d9833e67d27a810581cfa76b657b4a5b9987deabec0deb87b6917acd8ddc837e
baseline-original	frozen_task	/ibex/scratch/hohndor/km/dynamic-benchmark-20260917/justification-driver-v3/justification-main/tasks/0036.json	True	1f3de9551fba942af4a3c596cdebaa5fe97287282677ff3c43667961b5f08e76
baseline-original	frozen_task	/ibex/scratch/hohndor/km/dynamic-benchmark-20260917/justification-driver-v3/justification-main/tasks/0037.json	True	315aa6bff2171a94a738dafd17f7d71f0b69f19db4769bdeb279f15768e7bcbd
baseline-original	frozen_task	/ibex/scratch/hohndor/km/dynamic-benchmark-20260917/justification-driver-v3/justification-main/tasks/0038.json	True	4ee2d9c8c5b4dc20c08df84e0cbaa87039aa2ff6bdf7ca3c0e98ad40a3efe493
baseline-original	frozen_task	/ibex/scratch/hohndor/km/dynamic-benchmark-20260917/justification-driver-v3/justification-main/tasks/0039.json	True	0855edec7b0ba22b114cfbe9f7168f33f046626202f1d61bcd45ad04e4eee8c5
baseline-original	frozen_task	/ibex/scratch/hohndor/km/dynamic-benchmark-20260917/justification-driver-v3/justification-main/tasks/0040.json	True	753dcb81ccc5d806a8b70fd2492e5d988edfc3ad18b197a1735a2e8d9285e686
baseline-original	frozen_task	/ibex/scratch/hohndor/km/dynamic-benchmark-20260917/justification-driver-v3/justification-main/tasks/0041.json	True	8216fb99745df9baa75d4d14188ce29f5ac42e12bc0e58238be8bd9b94cd2c71
baseline-original	frozen_task	/ibex/scratch/hohndor/km/dynamic-benchmark-20260917/justification-driver-v3/justification-main/tasks/0042.json	True	46483ad749c05c0e11235e01b2fb6433e315fd7aa3bd2492a51476a4f74e11b5
baseline-original	frozen_task	/ibex/scratch/hohndor/km/dynamic-benchmark-20260917/justification-driver-v3/justification-main/tasks/0043.json	True	39dc5b61b276ed5057fabf9bf090cbc50d6e2046f313ccc00bb5deaab3752289
baseline-original	frozen_task	/ibex/scratch/hohndor/km/dynamic-benchmark-20260917/justification-driver-v3/justification-main/tasks/0044.json	True	cadb14f7ecf6e9c0f0fdc23aaa388ecfafb0c69c74d96b908e8220fd5b5acb44
baseline-original	frozen_task	/ibex/scratch/hohndor/km/dynamic-benchmark-20260917/justification-driver-v3/justification-main/tasks/0045.json	True	11e0a6fc719e5e3eaa0c936b70439f93bad4761e2a687bf404f4668896fd4f07
baseline-original	frozen_task	/ibex/scratch/hohndor/km/dynamic-benchmark-20260917/justification-driver-v3/justification-main/tasks/0046.json	True	537d48de477fbcad62f7c0dd6eb7d7d9d8e3264267550b570bd80b7f110a817e
baseline-original	frozen_task	/ibex/scratch/hohndor/km/dynamic-benchmark-20260917/justification-driver-v3/justification-main/tasks/0047.json	True	9285cf32d993f6d744527d4be29c868bd3c447665609cbade9664ce1ac5ba63f
baseline-original	frozen_task	/ibex/scratch/hohndor/km/dynamic-benchmark-20260917/justification-driver-v3/justification-main/tasks/0048.json	True	059b1a2f08b679306023129173b813f83063f47ffa04155c9a65f77356d2d3d8
baseline-original	frozen_task	/ibex/scratch/hohndor/km/dynamic-benchmark-20260917/justification-driver-v3/justification-main/tasks/0049.json	True	dbcea440d2a403e26086efe134426bce72e8eb003636316641c546546db9033f
baseline-original	frozen_task	/ibex/scratch/hohndor/km/dynamic-benchmark-20260917/justification-driver-v3/justification-main/tasks/0050.json	True	6277c00e1d3df76f3f6557dc3e8e72c9d753400102e8a9645535fbcfafc66186
baseline-original	frozen_task	/ibex/scratch/hohndor/km/dynamic-benchmark-20260917/justification-driver-v3/justification-main/tasks/0051.json	True	f7e5e9be757f176167e4bcfb1792229e6c3019fac80246d408e23808db064395
baseline-original	frozen_task	/ibex/scratch/hohndor/km/dynamic-benchmark-20260917/justification-driver-v3/justification-main/tasks/0052.json	True	cfc17efcf0d34f535e11db8be3502a127912f5e382cef9a9db81d12098f74925
baseline-original	frozen_task	/ibex/scratch/hohndor/km/dynamic-benchmark-20260917/justification-driver-v3/justification-main/tasks/0053.json	True	da62ef0ac24aab399d5d2b33b4cc27751ec32517aba825fd062ae770d0b9220c
baseline-original	frozen_task	/ibex/scratch/hohndor/km/dynamic-benchmark-20260917/justification-driver-v3/justification-main/tasks/0054.json	True	efe4ac40a3a68a2c64301cfdd36da54c3a09e92b23b7f1d09727d31ae2c8361d
baseline-original	frozen_task	/ibex/scratch/hohndor/km/dynamic-benchmark-20260917/justification-driver-v3/justification-main/tasks/0055.json	True	e6b3dcde28d0cadf93037c7df1536105583a23b1b7f7b501dbfc9703d7954531
baseline-original	frozen_task	/ibex/scratch/hohndor/km/dynamic-benchmark-20260917/justification-driver-v3/justification-main/tasks/0056.json	True	54bd76a39e75540f4f995ca0db6d87051bf95063830a606534202164dbf8f800
baseline-original	frozen_task	/ibex/scratch/hohndor/km/dynamic-benchmark-20260917/justification-driver-v3/justification-main/tasks/0057.json	True	e171e25dbfd158c3fd417065e0905b5ce4f7ecfea8a8015a1697935785c1c340
baseline-original	frozen_task	/ibex/scratch/hohndor/km/dynamic-benchmark-20260917/justification-driver-v3/justification-main/tasks/0058.json	True	3f3fb040886bccc285eee8b4f0030033060e42f2bed1388db28851127de1dbda
baseline-original	frozen_task	/ibex/scratch/hohndor/km/dynamic-benchmark-20260917/justification-driver-v3/justification-main/tasks/0059.json	True	5bc6ebed8f7f1999dd26c8e6c210fc3a0ca14f50da8c713bc5b502b9b2186938
baseline-original	frozen_task	/ibex/scratch/hohndor/km/dynamic-benchmark-20260917/justification-driver-v3/justification-main/tasks/0060.json	True	e4ebf25369b1ca3f3cd079cd6d439ef2119ec25e75db892acd7eacaf6b7ea07a
baseline-original	frozen_task	/ibex/scratch/hohndor/km/dynamic-benchmark-20260917/justification-driver-v3/justification-main/tasks/0061.json	True	aecf4f053db3bc6a22bc785b719a811621c196813efe6d76b2ea866dd3dc9b4a
baseline-original	frozen_task	/ibex/scratch/hohndor/km/dynamic-benchmark-20260917/justification-driver-v3/justification-main/tasks/0062.json	True	1dee117a517bdb67e4c4071f0b0354640b15bd8772c34015214c645ba0ac2e4a
baseline-original	frozen_task	/ibex/scratch/hohndor/km/dynamic-benchmark-20260917/justification-driver-v3/justification-main/tasks/0063.json	True	948d15bbcad4862eb754513711a908bf710e3ab082b8ca4ac67b11428226b56e
baseline-original	frozen_task	/ibex/scratch/hohndor/km/dynamic-benchmark-20260917/justification-driver-v3/justification-main/tasks/0064.json	True	92fa369c1e5ff550d19ecd08c25ec6535b618b27ad2261fa38ae348b600f92b1
baseline-original	frozen_task	/ibex/scratch/hohndor/km/dynamic-benchmark-20260917/justification-driver-v3/justification-main/tasks/0065.json	True	b88f8ca15858eb2806edb41499ef3b0d8be7f3358c53d7110e87e6c83fd37c97
baseline-original	frozen_task	/ibex/scratch/hohndor/km/dynamic-benchmark-20260917/justification-driver-v3/justification-main/tasks/0066.json	True	ed49306dc718bec518b2c10f1abd5d684f17a694c915267c2975df12598e9530
baseline-original	frozen_task	/ibex/scratch/hohndor/km/dynamic-benchmark-20260917/justification-driver-v3/justification-main/tasks/0067.json	True	59a902395a9cc882916d82f5263531ea8f8a327ecaa1e28fda54413bae321043
baseline-original	frozen_task	/ibex/scratch/hohndor/km/dynamic-benchmark-20260917/justification-driver-v3/justification-main/tasks/0068.json	True	9c6c6a6222553b4879f1af632b630199d02c6ab2fa412c89eeb46aba87006eba
baseline-original	frozen_task	/ibex/scratch/hohndor/km/dynamic-benchmark-20260917/justification-driver-v3/justification-main/tasks/0069.json	True	db741dea85a683083efed821e16745687158a283f6dced20d687b640c4a30a8d
baseline-original	frozen_task	/ibex/scratch/hohndor/km/dynamic-benchmark-20260917/justification-driver-v3/justification-main/tasks/0070.json	True	36ce96c6d36be4da1b196d6d700b2852533a9f2f591333bef261a771a6b57a1c
baseline-original	frozen_task	/ibex/scratch/hohndor/km/dynamic-benchmark-20260917/justification-driver-v3/justification-main/tasks/0071.json	True	141073d6feb97979fba2a59ea3f8f76ace2d31fcfcd34068188bb02066a7624e
baseline-original	frozen_task	/ibex/scratch/hohndor/km/dynamic-benchmark-20260917/justification-driver-v3/justification-main/tasks/0072.json	True	a019408e439228a99cb6de6f1f2f884d21fdce01f8632473c632024d3b47349a
baseline-original	frozen_task	/ibex/scratch/hohndor/km/dynamic-benchmark-20260917/justification-driver-v3/justification-main/tasks/0073.json	True	dbf67163c14048c25587d8f1d6b35bd508644866648bd76f64ad8db6aa21576d
baseline-original	frozen_task	/ibex/scratch/hohndor/km/dynamic-benchmark-20260917/justification-driver-v3/justification-main/tasks/0074.json	True	f003d84b6e7c3b5ebeae36691c922804fbc4f16c180d99324a5b433e173142e0
baseline-original	frozen_task	/ibex/scratch/hohndor/km/dynamic-benchmark-20260917/justification-driver-v3/justification-main/tasks/0075.json	True	bddc864d9aaa325a474227526f898f1358fc5ff7894fea58d2c167dd9ee7e691
baseline-original	frozen_task	/ibex/scratch/hohndor/km/dynamic-benchmark-20260917/justification-driver-v3/justification-main/tasks/0076.json	True	bc055dd95b4fd7a1c40f19a8cbc77bcac148f90169a69a348bed9c7e9499b433
baseline-original	frozen_task	/ibex/scratch/hohndor/km/dynamic-benchmark-20260917/justification-driver-v3/justification-main/tasks/0077.json	True	364ae102851ee17f6b69a531c33cfe43038928e5e5d65e179649fbb06121f529
baseline-original	frozen_task	/ibex/scratch/hohndor/km/dynamic-benchmark-20260917/justification-driver-v3/justification-main/tasks/0078.json	True	c29e327e18f98e8424c3f36553025b2ab4f8bf4d8e7259ddfc0c921e5e50b345
baseline-original	frozen_task	/ibex/scratch/hohndor/km/dynamic-benchmark-20260917/justification-driver-v3/justification-main/tasks/0079.json	True	cd2f06868aee18b4f2b62ec5994863ffd0c53794978cefc2533a4c5ec11f7932
baseline-original	frozen_task	/ibex/scratch/hohndor/km/dynamic-benchmark-20260917/justification-driver-v3/justification-main/tasks/0080.json	True	c37d512c17fee920f9151dbb00d6fa0247529b34c8e1ab8054b1c9b3cdbdbbe9
baseline-original	frozen_task	/ibex/scratch/hohndor/km/dynamic-benchmark-20260917/justification-driver-v3/justification-main/tasks/0081.json	True	152c0da037b9a85535f189908c2f89ba4952dd8876f2f2d41cf0eeb99ee9613a
baseline-original	frozen_task	/ibex/scratch/hohndor/km/dynamic-benchmark-20260917/justification-driver-v3/justification-main/tasks/0082.json	True	f6a1d86c5d9d15f0db01c958af18e772a758a85820f425d5ba8067618e6dbba2
baseline-original	frozen_task	/ibex/scratch/hohndor/km/dynamic-benchmark-20260917/justification-driver-v3/justification-main/tasks/0083.json	True	aac7bf9bb8ebca0ebc38b3f0dfbc32d97a024f22d6208a2c812e9fe35557a589
baseline-original	frozen_task	/ibex/scratch/hohndor/km/dynamic-benchmark-20260917/justification-driver-v3/justification-main/tasks/0084.json	True	3103f125b50936f6c447a4903a13f5a0140a32ec9b04e4bc7e5b986eb3b1aeb3
baseline-original	frozen_task	/ibex/scratch/hohndor/km/dynamic-benchmark-20260917/justification-driver-v3/justification-main/tasks/0085.json	True	4981d7bbba8610335b1277ad702c1d03f67b209f0efe57b27a657e9db9135692
baseline-original	frozen_task	/ibex/scratch/hohndor/km/dynamic-benchmark-20260917/justification-driver-v3/justification-main/tasks/0086.json	True	f79160f07d96a34adecd19d0ef65a4c133899b3b1daf7acf50951fe9dffb7fbc
baseline-original	frozen_task	/ibex/scratch/hohndor/km/dynamic-benchmark-20260917/justification-driver-v3/justification-main/tasks/0087.json	True	e4618a24f2c557a2c22cf2c408737b04177a4b804dcd2a8749c4825c50622a57
baseline-original	frozen_task	/ibex/scratch/hohndor/km/dynamic-benchmark-20260917/justification-driver-v3/justification-main/tasks/0088.json	True	0332c6db061d86a5578897c2076dbe82a7417c9a27727b9b29f77b841d7a500f
baseline-original	frozen_task	/ibex/scratch/hohndor/km/dynamic-benchmark-20260917/justification-driver-v3/justification-main/tasks/0089.json	True	0998bbac1d1c2b3ab63638cf68d73424795c094b6e48a982b6a668170181c949
baseline-original	frozen_task	/ibex/scratch/hohndor/km/dynamic-benchmark-20260917/justification-driver-v3/justification-main/tasks/0090.json	True	b7ef9082a72736a6b249c7715137b33e706b81cf4a92b75b378fe643000c1c89
baseline-original	frozen_task	/ibex/scratch/hohndor/km/dynamic-benchmark-20260917/justification-driver-v3/justification-main/tasks/0091.json	True	fdeb2f49ea00fbfaba690413a14ee8d4782f90cc5d81919737a14ca8b989dd42
baseline-original	frozen_task	/ibex/scratch/hohndor/km/dynamic-benchmark-20260917/justification-driver-v3/justification-main/tasks/0092.json	True	7300b5a087b1c3abe0817a577c301ac92680f0f1b69845b0ac373e5160bcb716
baseline-original	frozen_task	/ibex/scratch/hohndor/km/dynamic-benchmark-20260917/justification-driver-v3/justification-main/tasks/0093.json	True	7c8d8010cd79adb69711fc28103f1d4d2a948e5a56365217aec672c344b3d333
baseline-original	frozen_task	/ibex/scratch/hohndor/km/dynamic-benchmark-20260917/justification-driver-v3/justification-main/tasks/0094.json	True	1efd9b320a5aae2df465e9fe60bd7191cb0991237494dd796c02b66039adf76e
baseline-original	frozen_task	/ibex/scratch/hohndor/km/dynamic-benchmark-20260917/justification-driver-v3/justification-main/tasks/0095.json	True	505e5ea32bc4003d14a33b6a4f80d42c4bdd343f92090afff89f5d5d0de9be1f
baseline-original	frozen_task	/ibex/scratch/hohndor/km/dynamic-benchmark-20260917/justification-driver-v3/justification-main/tasks/0096.json	True	13f0fcac14e773f7b16fe0f3460c804850b217c46b75e642bbbf4f81eed2091b
baseline-original	frozen_task	/ibex/scratch/hohndor/km/dynamic-benchmark-20260917/justification-driver-v3/justification-main/tasks/0097.json	True	fb189ba568dfaa80e98235a695c5fb4cf0f2b02771cda9a834b07efccbeff64f
baseline-original	frozen_task	/ibex/scratch/hohndor/km/dynamic-benchmark-20260917/justification-driver-v3/justification-main/tasks/0098.json	True	c5be2036b3653509b8510851876884c2686932c2d03d64160df1b11b1beac76f
baseline-original	frozen_task	/ibex/scratch/hohndor/km/dynamic-benchmark-20260917/justification-driver-v3/justification-main/tasks/0099.json	True	514c222f5f43f9fa9d786295135cb406f51a4cb4458e685e0d112c2ea2c059e5
baseline-original	frozen_task	/ibex/scratch/hohndor/km/dynamic-benchmark-20260917/justification-driver-v3/justification-main/tasks/0100.json	True	39e32dbb9815d09566f39207fa2c23df0f322d0213aee719838a6f7d8a3f5aa2
baseline-original	frozen_task	/ibex/scratch/hohndor/km/dynamic-benchmark-20260917/justification-driver-v3/justification-main/tasks/0101.json	True	2592d1afe77cabc1748557e3bd68fc65f19237b3d8d2d6dcae627d4f0b1270ed
baseline-original	frozen_task	/ibex/scratch/hohndor/km/dynamic-benchmark-20260917/justification-driver-v3/justification-main/tasks/0102.json	True	e2e3e93084a7279d36e03359d25699ec06e68ff200e8ad2db4f0b3a9b233c8b5
baseline-original	frozen_task	/ibex/scratch/hohndor/km/dynamic-benchmark-20260917/justification-driver-v3/justification-main/tasks/0103.json	True	5cac679f70c1f6babe48f7fd64f8fb1708a6d54537d95349937fbe7556121a81
baseline-original	frozen_task	/ibex/scratch/hohndor/km/dynamic-benchmark-20260917/justification-driver-v3/justification-main/tasks/0104.json	True	37caf4a8375531c3609a5ce656d4d9248cbbd7f9b21688a878f91852b56b92cb
baseline-original	frozen_task	/ibex/scratch/hohndor/km/dynamic-benchmark-20260917/justification-driver-v3/justification-main/tasks/0105.json	True	92bf7cdc1f11e09efaef4630e85149bb8648ed46d6c1ba391bf122f445255caf
baseline-original	frozen_task	/ibex/scratch/hohndor/km/dynamic-benchmark-20260917/justification-driver-v3/justification-main/tasks/0106.json	True	82339d756b2db32d6874c1a330fd01239f090fe5f7a86ca5a331d1e57c2c64c2
baseline-original	frozen_task	/ibex/scratch/hohndor/km/dynamic-benchmark-20260917/justification-driver-v3/justification-main/tasks/0107.json	True	9aa54c27917f80bf741cf87c7910893284c632a396240968425d942a8996aead
baseline-original	frozen_task	/ibex/scratch/hohndor/km/dynamic-benchmark-20260917/justification-driver-v3/justification-main/tasks/0108.json	True	5c62c72376e4dacdf2f21be7126555c44b814544913ad6bb337e943c03ba37cc
baseline-original	frozen_task	/ibex/scratch/hohndor/km/dynamic-benchmark-20260917/justification-driver-v3/justification-main/tasks/0109.json	True	b377a9a7394684bc91edb0ee6056cfd58655106d3ada4bf2b7c7ad532e5ebe13
baseline-original	frozen_task	/ibex/scratch/hohndor/km/dynamic-benchmark-20260917/justification-driver-v3/justification-main/tasks/0110.json	True	ce1d6ee1a1216ca2256d728c1b9f7c28cae67996caa29c5bff4a254e45bee06f
baseline-original	frozen_task	/ibex/scratch/hohndor/km/dynamic-benchmark-20260917/justification-driver-v3/justification-main/tasks/0111.json	True	fe2b21461c1542f4ce07a1fc7ca5ba84824ff1496a28d62463203cb7d1e6d541
baseline-original	frozen_task	/ibex/scratch/hohndor/km/dynamic-benchmark-20260917/justification-driver-v3/justification-main/tasks/0112.json	True	69271daf775ab0380db1b2c7c9134d7bfe52ea5561c7666104b64dc919bdc5f5
baseline-original	frozen_task	/ibex/scratch/hohndor/km/dynamic-benchmark-20260917/justification-driver-v3/justification-main/tasks/0113.json	True	7bfc8e1ee0e6909476de590f360a78030a0985679604ebcbc5e4fba9aaa7853f
baseline-original	frozen_task	/ibex/scratch/hohndor/km/dynamic-benchmark-20260917/justification-driver-v3/justification-main/tasks/0114.json	True	f9913e962b319392074fb2d59fc9afef23d7ee4135144b6b18f29796f6f7ca0f
baseline-original	frozen_task	/ibex/scratch/hohndor/km/dynamic-benchmark-20260917/justification-driver-v3/justification-main/tasks/0115.json	True	d01ee776e96bc5010f855974fae7f411f2bb59f25c68b76dc834b1f965fa33ad
baseline-original	frozen_task	/ibex/scratch/hohndor/km/dynamic-benchmark-20260917/justification-driver-v3/justification-main/tasks/0116.json	True	15733b9b60de34ed0269ff1d352ab3d815e5355afdcfc057fd3a1dcc672934f7
baseline-original	frozen_task	/ibex/scratch/hohndor/km/dynamic-benchmark-20260917/justification-driver-v3/justification-main/tasks/0117.json	True	b21fcb9dc190456fd1ec090fbe8886d8e3dbbb867bddcdf3d23b4d242b15cf89
baseline-original	frozen_task	/ibex/scratch/hohndor/km/dynamic-benchmark-20260917/justification-driver-v3/justification-main/tasks/0118.json	True	05fdfd684ec3e76aec88f1833501dfd180afc6daec4e5f92ca631aada6975fda
baseline-original	frozen_task	/ibex/scratch/hohndor/km/dynamic-benchmark-20260917/justification-driver-v3/justification-main/tasks/0119.json	True	ed6c3a0504104914123c77207952ca3e39bb4b1eb793e07d94200dc9706c9bc0
baseline-original	frozen_task	/ibex/scratch/hohndor/km/dynamic-benchmark-20260917/justification-driver-v3/justification-main/tasks/0120.json	True	65efc0659c90db2854dd768b32c380b119d5ccd449cbf18cb670d1e33f27dcc8
baseline-original	frozen_task	/ibex/scratch/hohndor/km/dynamic-benchmark-20260917/justification-driver-v3/justification-main/tasks/0121.json	True	1f609dc30d1fcdd4e4d13762ab59619e87e57a7345339e3ca8491cef17230ed0
baseline-original	frozen_task	/ibex/scratch/hohndor/km/dynamic-benchmark-20260917/justification-driver-v3/justification-main/tasks/0122.json	True	e6401959a34eb8af61785b9335a8ba8d0b73d4df2242fa3cfe02d941bdcee1c7
baseline-original	frozen_task	/ibex/scratch/hohndor/km/dynamic-benchmark-20260917/justification-driver-v3/justification-main/tasks/0123.json	True	892abedd2fc2c254939051fa825bdacda19201a73b1136fb037b566240396c9a
baseline-original	frozen_task	/ibex/scratch/hohndor/km/dynamic-benchmark-20260917/justification-driver-v3/justification-main/tasks/0124.json	True	04b2835725f4e0c251593917ef6466a02622777de81d0fd1b4fd0e7ed20abf26
baseline-original	frozen_task	/ibex/scratch/hohndor/km/dynamic-benchmark-20260917/justification-driver-v3/justification-main/tasks/0125.json	True	583c41d815e72582d53345581775922289e3cc09276f912df7d10e91b9617ec8
baseline-original	frozen_task	/ibex/scratch/hohndor/km/dynamic-benchmark-20260917/justification-driver-v3/justification-main/tasks/0126.json	True	26a6409e85316fe7222d638b0d1b3c303e84628ef9c1db4ec684037995d4dbbb
baseline-original	frozen_task	/ibex/scratch/hohndor/km/dynamic-benchmark-20260917/justification-driver-v3/justification-main/tasks/0127.json	True	33383c46b637d98e364e170e89116c4e2ca5f51912d48022b422bebc86635bea
baseline-original	frozen_task	/ibex/scratch/hohndor/km/dynamic-benchmark-20260917/justification-driver-v3/justification-main/tasks/0128.json	True	3db66375a03e22e8100658f5a820bbe8d80fb1ad788898eccf4eeeef1107aac6
baseline-original	frozen_task	/ibex/scratch/hohndor/km/dynamic-benchmark-20260917/justification-driver-v3/justification-main/tasks/0129.json	True	52501b5784569fa484f403c378c73a922c4261ce039eb0d3147aa6aebc1f601e
baseline-original	frozen_task	/ibex/scratch/hohndor/km/dynamic-benchmark-20260917/justification-driver-v3/justification-main/tasks/0130.json	True	410a2b9f89068bc11c8f6a72a78aa03fe7c853906c1a36bcccf7236e9c4df065
baseline-original	frozen_task	/ibex/scratch/hohndor/km/dynamic-benchmark-20260917/justification-driver-v3/justification-main/tasks/0131.json	True	f04e5b4d08b2cbc472706279c79ea9fedb1b05845923f2e877f502ac93b44af7
baseline-original	frozen_task	/ibex/scratch/hohndor/km/dynamic-benchmark-20260917/justification-driver-v3/justification-main/tasks/0132.json	True	31c8008fa243a0e07be68cdd739c918f484523e175191b886d99aff3c78d928e
baseline-original	frozen_task	/ibex/scratch/hohndor/km/dynamic-benchmark-20260917/justification-driver-v3/justification-main/tasks/0133.json	True	6a1d37815f262ba66ea030a07eb674ab3924ed0be1bb52f1516e547bb43715fa
baseline-original	frozen_task	/ibex/scratch/hohndor/km/dynamic-benchmark-20260917/justification-driver-v3/justification-main/tasks/0134.json	True	381431cede7a401ff4f7d6b5a9b14bfa285ff97e5aba4101ed2db996918f0f29
baseline-original	frozen_task	/ibex/scratch/hohndor/km/dynamic-benchmark-20260917/justification-driver-v3/justification-main/tasks/0135.json	True	9eaef1b46846fdbcd0b4869a3ea150bc72d82926f4aa270d550b1258019cd11b
baseline-original	frozen_task	/ibex/scratch/hohndor/km/dynamic-benchmark-20260917/justification-driver-v3/justification-main/tasks/0136.json	True	f466cab26489ddda1aa7b48fc447695144cf45f355a189fe84d412b7a5f0d8dd
baseline-original	frozen_task	/ibex/scratch/hohndor/km/dynamic-benchmark-20260917/justification-driver-v3/justification-main/tasks/0137.json	True	858c10f0b4ae2e03f5291305771da5728c6ee962fc73c4c835395f2b976f388c
baseline-original	frozen_task	/ibex/scratch/hohndor/km/dynamic-benchmark-20260917/justification-driver-v3/justification-main/tasks/0138.json	True	c8df56430a99e97f7ad5f6611cf4cd539d26e28511e4104110b58260afed9651
baseline-original	frozen_task	/ibex/scratch/hohndor/km/dynamic-benchmark-20260917/justification-driver-v3/justification-main/tasks/0139.json	True	09501add0b362317b5228abc949f49c1ce3cae1c969997adba3632e8ccd025c7
baseline-original	frozen_task	/ibex/scratch/hohndor/km/dynamic-benchmark-20260917/justification-driver-v3/justification-main/tasks/0140.json	True	3bc6d88926e69b63074507d19a40d91e8624392fce7bbe53ab70b48e45428cf6
baseline-original	frozen_task	/ibex/scratch/hohndor/km/dynamic-benchmark-20260917/justification-driver-v3/justification-main/tasks/0141.json	True	44c2bfd98493fe10905175487b018c6cb1b61fbe9786ac05d0ff4e14a30a2087
baseline-original	frozen_task	/ibex/scratch/hohndor/km/dynamic-benchmark-20260917/justification-driver-v3/justification-main/tasks/0142.json	True	4856c85f5838be1b019c62f81048efefa3ca7dc3e98fa549d6ed28809341dc3a
baseline-original	frozen_task	/ibex/scratch/hohndor/km/dynamic-benchmark-20260917/justification-driver-v3/justification-main/tasks/0143.json	True	3bd46ec023670d90136d78f4dae139d004243420a7969e9672e961c6494810cc
baseline-original	frozen_task	/ibex/scratch/hohndor/km/dynamic-benchmark-20260917/justification-driver-v3/justification-main/tasks/0144.json	True	bf962be3afe7bacdd51c11036f668a52c72fa9163ecea88e81344464f1c78ef9
baseline-original	frozen_task	/ibex/scratch/hohndor/km/dynamic-benchmark-20260917/justification-driver-v3/justification-main/tasks/0145.json	True	bdf5b5891a61187c8e3885d457c338b23adb4b9eb0b1fb2371b9d7a1c92df7e2
baseline-original	frozen_task	/ibex/scratch/hohndor/km/dynamic-benchmark-20260917/justification-driver-v3/justification-main/tasks/0146.json	True	040124a37091a230f2427a073868f487ea09116dd89d039ddac1e034d297fcd4
baseline-original	frozen_task	/ibex/scratch/hohndor/km/dynamic-benchmark-20260917/justification-driver-v3/justification-main/tasks/0147.json	True	3d0874bbeeb39d48af8d1701c25dc9c53c34f9d3a03e1b5a857a32ea5f60fa9b
baseline-original	frozen_task	/ibex/scratch/hohndor/km/dynamic-benchmark-20260917/justification-driver-v3/justification-main/tasks/0148.json	True	283874bd51d85e83856f5a35a0f7a737165faadd90e39459c024fef5774b568d
baseline-original	frozen_task	/ibex/scratch/hohndor/km/dynamic-benchmark-20260917/justification-driver-v3/justification-main/tasks/0149.json	True	4dbc110122ac87bca1125d8fc8de949fcbb1353986eb6629cd1da3b441124a9c
baseline-original	frozen_task	/ibex/scratch/hohndor/km/dynamic-benchmark-20260917/justification-driver-v3/justification-main/tasks/0150.json	True	95f32407c39c59d59c951e5c87425d004eae6e298a251ed6b023f202b569c4aa
baseline-original	frozen_task	/ibex/scratch/hohndor/km/dynamic-benchmark-20260917/justification-driver-v3/justification-main/tasks/0151.json	True	3cdf44e2327eba6d5f84b32c6fb846b33933a4abc4cabda599b05cb2613a8caa
baseline-original	frozen_task	/ibex/scratch/hohndor/km/dynamic-benchmark-20260917/justification-driver-v3/justification-main/tasks/0152.json	True	fff965b4c9633f63d45acb129bdb404d634370637b2d1b1fa356dde5f4e80e93
baseline-original	frozen_task	/ibex/scratch/hohndor/km/dynamic-benchmark-20260917/justification-driver-v3/justification-main/tasks/0153.json	True	3aabd709ad3aa651900f91fbe346a884755c8f8553fa292885ebaf81dcb1641b
baseline-original	frozen_task	/ibex/scratch/hohndor/km/dynamic-benchmark-20260917/justification-driver-v3/justification-main/tasks/0154.json	True	0a441153155b3edb43872d75143a0aa29212a59dec7c4e4eeac1aa4553ea0e45
baseline-original	frozen_task	/ibex/scratch/hohndor/km/dynamic-benchmark-20260917/justification-driver-v3/justification-main/tasks/0155.json	True	de1902efbfd37d2d67974e93ad18786d9ac768b0eafdcd381f2e9a4c91c5a9ae
baseline-original	frozen_task	/ibex/scratch/hohndor/km/dynamic-benchmark-20260917/justification-driver-v3/justification-main/tasks/0156.json	True	82f81b83e23a247980f222690cc9e52673b7abd9d3b430abae2dcadb8353dc2d
baseline-original	frozen_task	/ibex/scratch/hohndor/km/dynamic-benchmark-20260917/justification-driver-v3/justification-main/tasks/0157.json	True	5506311bc82eddfa82981ae4cacc65730207c4275d2ce5af55d57d902ce3918a
baseline-original	frozen_task	/ibex/scratch/hohndor/km/dynamic-benchmark-20260917/justification-driver-v3/justification-main/tasks/0158.json	True	4e8e150543274c7ebc12236c8de8bc5206c07c62c0b45d19a84038a24694a55a
baseline-original	frozen_task	/ibex/scratch/hohndor/km/dynamic-benchmark-20260917/justification-driver-v3/justification-main/tasks/0159.json	True	7fbfd9fe0ea2861423c8da1b42f1d77af0ff97c7035db4e1cae7571c15db485f
baseline-original	frozen_task	/ibex/scratch/hohndor/km/dynamic-benchmark-20260917/justification-driver-v3/justification-main/tasks/0160.json	True	6b47fe2c93c5ff6291bb5ee8d70ed5b448d9022eb768d860c432037d53756634
baseline-original	frozen_task	/ibex/scratch/hohndor/km/dynamic-benchmark-20260917/justification-driver-v3/justification-main/tasks/0161.json	True	b505658e0844709b447ca6570387b02db329721deed5aa91a6fdade95eab7698
baseline-original	frozen_task	/ibex/scratch/hohndor/km/dynamic-benchmark-20260917/justification-driver-v3/justification-main/tasks/0162.json	True	6e7d5118c04facf276ff3adb951a6b091c4e9f75643217e2f5a41f17fe869197
baseline-original	frozen_task	/ibex/scratch/hohndor/km/dynamic-benchmark-20260917/justification-driver-v3/justification-main/tasks/0163.json	True	71913e57130955434d4673f2f6e22c1816a4f52de8b48f6022de87680aa39c98
baseline-original	frozen_task	/ibex/scratch/hohndor/km/dynamic-benchmark-20260917/justification-driver-v3/justification-main/tasks/0164.json	True	64fd2e1fc7749787c57a25220901cf7a35896ed7fde871f2db4689c5bee93f9b
baseline-original	frozen_task	/ibex/scratch/hohndor/km/dynamic-benchmark-20260917/justification-driver-v3/justification-main/tasks/0165.json	True	1418523cd933f4342895ce9fd267a9d641118b6dac148891599c6c24a374afd9
baseline-original	frozen_task	/ibex/scratch/hohndor/km/dynamic-benchmark-20260917/justification-driver-v3/justification-main/tasks/0166.json	True	4c6c47c5d23df2ce105c25436f62227445ec31f722af21086be6e4a00c769be3
baseline-original	frozen_task	/ibex/scratch/hohndor/km/dynamic-benchmark-20260917/justification-driver-v3/justification-main/tasks/0167.json	True	c613fe7858c5962347d2d51a5b859fe4540d5840711d7d3cf665bfdbf2069e8e
baseline-original	frozen_task	/ibex/scratch/hohndor/km/dynamic-benchmark-20260917/justification-driver-v3/justification-main/tasks/0168.json	True	ffc5066cf679705846ddf0dd9f086aa7575e4676067712dac1a210ca951ee748
baseline-original	frozen_task	/ibex/scratch/hohndor/km/dynamic-benchmark-20260917/justification-driver-v3/justification-main/tasks/0169.json	True	21ebbe4ab978763162f492cb3474c6f3d2e296fc993bb0991d994c91a3a8f1de
baseline-original	frozen_task	/ibex/scratch/hohndor/km/dynamic-benchmark-20260917/justification-driver-v3/justification-main/tasks/0170.json	True	bfe88ad2a97abba1e67c8018b5054174c24eaa659ad67a3072aa162c2d1525b2
baseline-original	frozen_task	/ibex/scratch/hohndor/km/dynamic-benchmark-20260917/justification-driver-v3/justification-main/tasks/0171.json	True	892603956ed9534fe537c1b9d13fa0e82e1969a45b123e1d038f1af1c180bb55
baseline-original	frozen_task	/ibex/scratch/hohndor/km/dynamic-benchmark-20260917/justification-driver-v3/justification-main/tasks/0172.json	True	332a328ff56421f57eba7011ac0be45024f558b3317531dd09bab48cc51cf783
baseline-original	frozen_task	/ibex/scratch/hohndor/km/dynamic-benchmark-20260917/justification-driver-v3/justification-main/tasks/0173.json	True	eb9843aeb3d2d3ad32ff3d72379e9dd20ac8b1346c1b3dbd1fb863307cd36d4d
baseline-original	frozen_task	/ibex/scratch/hohndor/km/dynamic-benchmark-20260917/justification-driver-v3/justification-main/tasks/0174.json	True	a71836d41c2284ba1c713254fef9ecdc282e6ff92106d26a470774c1c311dacd
baseline-original	frozen_task	/ibex/scratch/hohndor/km/dynamic-benchmark-20260917/justification-driver-v3/justification-main/tasks/0175.json	True	b995ba18f3b79d02e447b0abae8fcb52068b45df6bc9857dd605e455db0ee808
baseline-original	frozen_task	/ibex/scratch/hohndor/km/dynamic-benchmark-20260917/justification-driver-v3/justification-main/tasks/0176.json	True	5e1dd194f1220f21efd19415174a94b4019e47430baff083b39146ea2afbebb3
baseline-original	frozen_task	/ibex/scratch/hohndor/km/dynamic-benchmark-20260917/justification-driver-v3/justification-main/tasks/0177.json	True	8f78b96d1abf4642cdcf5e948f1385d88697db0e61b73f9bb874e173daa71d4b
baseline-original	frozen_task	/ibex/scratch/hohndor/km/dynamic-benchmark-20260917/justification-driver-v3/justification-main/tasks/0178.json	True	93908cbfb5fc84f043146ce6b1abf99b0c855c61f17d944837ae11f86baa9df7
baseline-original	frozen_task	/ibex/scratch/hohndor/km/dynamic-benchmark-20260917/justification-driver-v3/justification-main/tasks/0179.json	True	a7bb85c9ea958ce6aa5ce099c77977141db33e5f2b9b6e0fd3bfd410779240e3
baseline-original	frozen_task	/ibex/scratch/hohndor/km/dynamic-benchmark-20260917/justification-driver-v3/justification-main/tasks/0180.json	True	e2b269ff08fa0af993efda5d58854213d7b8432baa8fd89cd5ae685c52e9da4f
baseline-original	frozen_task	/ibex/scratch/hohndor/km/dynamic-benchmark-20260917/justification-driver-v3/justification-main/tasks/0181.json	True	0a4f05fe417f476dd0f64f1ed1cb5ce8a4aa83c2fa289ed4dec84f6f81129fb3
baseline-original	frozen_task	/ibex/scratch/hohndor/km/dynamic-benchmark-20260917/justification-driver-v3/justification-main/tasks/0182.json	True	1e62ed57328e30930d5e462df8504c6b63d8ce2c7262b9539789997a5cc204ac
baseline-original	frozen_task	/ibex/scratch/hohndor/km/dynamic-benchmark-20260917/justification-driver-v3/justification-main/tasks/0183.json	True	6d3d6f0f318577aea432da8424c29eeadf50fb8271c4022745cc3c8e526e43f4
baseline-original	frozen_task	/ibex/scratch/hohndor/km/dynamic-benchmark-20260917/justification-driver-v3/justification-main/tasks/0184.json	True	69a383267c65e2672c2987386761e29f8ba2de124afa8976bd4f2557c11a6937
baseline-original	frozen_task	/ibex/scratch/hohndor/km/dynamic-benchmark-20260917/justification-driver-v3/justification-main/tasks/0185.json	True	b668b473b681e10e97e5a156af7fcf1f62e7798dd5685228885c5538979d7357
baseline-original	frozen_task	/ibex/scratch/hohndor/km/dynamic-benchmark-20260917/justification-driver-v3/justification-main/tasks/0186.json	True	a2f0164ad014dfd2d5bede1275c85c2dab7adcb71baef467bd86f907bf99541c
baseline-original	frozen_task	/ibex/scratch/hohndor/km/dynamic-benchmark-20260917/justification-driver-v3/justification-main/tasks/0187.json	True	6cafdbb1a00e87188360168bdc10f0dcb47238b225ad3ca9b9183b3c8abf59e6
baseline-original	frozen_task	/ibex/scratch/hohndor/km/dynamic-benchmark-20260917/justification-driver-v3/justification-main/tasks/0188.json	True	d7340d064d1af44a40efa7ad1c4da6a5d8e673b8e807e19b5673207b099a2692
baseline-original	frozen_task	/ibex/scratch/hohndor/km/dynamic-benchmark-20260917/justification-driver-v3/justification-main/tasks/0189.json	True	44724455ccbbeee1f5a7afb75610db86327b4100afb144906c6465c2b83b5e5a
baseline-original	frozen_task	/ibex/scratch/hohndor/km/dynamic-benchmark-20260917/justification-driver-v3/justification-main/tasks/0190.json	True	66c39862b10a6a137c2cd78ac29e3ad07a2f1bfa2c8cb55ad58f9afca1a3092e
baseline-original	frozen_task	/ibex/scratch/hohndor/km/dynamic-benchmark-20260917/justification-driver-v3/justification-main/tasks/0191.json	True	a650c7f7ddf30afdbd95d0e7be8e94120635bae1fb0d223b28b1c4c36e5fa9ce
baseline-original	frozen_task	/ibex/scratch/hohndor/km/dynamic-benchmark-20260917/justification-driver-v3/justification-main/tasks/0192.json	True	9ea6e96fa76ab5d4250afebccb6812d84285bdc557237e350b28cb9f57a05935
baseline-original	frozen_task	/ibex/scratch/hohndor/km/dynamic-benchmark-20260917/justification-driver-v3/justification-main/tasks/0193.json	True	f03eb9ad5bb2b2ad0637dd653628ea1ca62a5284623f7b79f97dce0f2520de11
baseline-original	frozen_task	/ibex/scratch/hohndor/km/dynamic-benchmark-20260917/justification-driver-v3/justification-main/tasks/0194.json	True	f12b1dbbd41e7ad01bed3b9b8cb15138432bea683e37c2b6b392e470c5acf6c6
baseline-original	frozen_task	/ibex/scratch/hohndor/km/dynamic-benchmark-20260917/justification-driver-v3/justification-main/tasks/0195.json	True	f6883ab47479e57b6b22f9e5398894bbb7d5abc6ed951753dd960f49dfe6b428
baseline-original	frozen_task	/ibex/scratch/hohndor/km/dynamic-benchmark-20260917/justification-driver-v3/justification-main/tasks/0196.json	True	2060c2fa4b99e565fae24e76240e56adaaffbf9630def931f46477a5690ee299
baseline-original	frozen_task	/ibex/scratch/hohndor/km/dynamic-benchmark-20260917/justification-driver-v3/justification-main/tasks/0197.json	True	f451e3cb02227325d11f8fed79e3b30e41ac5de10b93f2bf7bb8c2723b84f79e
baseline-original	frozen_task	/ibex/scratch/hohndor/km/dynamic-benchmark-20260917/justification-driver-v3/justification-main/tasks/0198.json	True	970c6b2deb89f8fe19599edf9cd61b8656715f72404ffc39e724f06ade8de694
baseline-original	frozen_task	/ibex/scratch/hohndor/km/dynamic-benchmark-20260917/justification-driver-v3/justification-main/tasks/0199.json	True	f495b8291ebf999beebf4cf8e8be5890164f15817a75f746958758773c49edc0
baseline-original	frozen_task	/ibex/scratch/hohndor/km/dynamic-benchmark-20260917/justification-driver-v3/justification-main/tasks/0200.json	True	f02d5a07da99fdbc9e36678a05a050f2a7e73b8de6bb3d5e2dace678a8603876
baseline-original	frozen_task	/ibex/scratch/hohndor/km/dynamic-benchmark-20260917/justification-driver-v3/justification-main/tasks/0201.json	True	efa6a4cf5e1eec35e25a1425dc43017752a6707d84b8c2691c18011f1977ec72
baseline-original	frozen_task	/ibex/scratch/hohndor/km/dynamic-benchmark-20260917/justification-driver-v3/justification-main/tasks/0202.json	True	5d3d17e1bd685ef7643a71ffa2a3e89d1f017c01cbfb93db1dfcf0cb10ed6ac0
baseline-original	frozen_task	/ibex/scratch/hohndor/km/dynamic-benchmark-20260917/justification-driver-v3/justification-main/tasks/0203.json	True	a2e87562d9076c0945c15022358dae9e4b15ed66e2006c1a3b0fc0b4ef663058
baseline-original	frozen_task	/ibex/scratch/hohndor/km/dynamic-benchmark-20260917/justification-driver-v3/justification-main/tasks/0204.json	True	6dd19e4eda2420fd6badb6047c2ae61f2654927c4562968fc1d279e309e6e1f2
baseline-original	frozen_task	/ibex/scratch/hohndor/km/dynamic-benchmark-20260917/justification-driver-v3/justification-main/tasks/0205.json	True	fa2d92de321d2e19927989cd42cc9a5ebcf1abc9719ba34aa1b2c37b5f4e048b
baseline-original	frozen_task	/ibex/scratch/hohndor/km/dynamic-benchmark-20260917/justification-driver-v3/justification-main/tasks/0206.json	True	7bf69a33ea0e54a5789170b7474f41ae28a24c62d9946bee78485647250260e9
baseline-original	frozen_task	/ibex/scratch/hohndor/km/dynamic-benchmark-20260917/justification-driver-v3/justification-main/tasks/0207.json	True	39d12e552ad015ddf38c0d399c5caf0b69abf3664bbad0dd1a1150008f462e1a
baseline-original	frozen_task	/ibex/scratch/hohndor/km/dynamic-benchmark-20260917/justification-driver-v3/justification-main/tasks/0208.json	True	f35d47e27bdc982aa80cd84f59415721184a464b76e13a1f33fec7363dd2d349
baseline-original	frozen_task	/ibex/scratch/hohndor/km/dynamic-benchmark-20260917/justification-driver-v3/justification-main/tasks/0209.json	True	ade1979aefc4aafe552ca01a507808fb9549cb7aa39a89c29e79393cc302d60e
baseline-original	frozen_task	/ibex/scratch/hohndor/km/dynamic-benchmark-20260917/justification-driver-v3/justification-main/tasks/0210.json	True	481f8189917955bf4d702e857c9a8b00cefc0a77a30216fa531200b05cb3fec5
baseline-original	frozen_task	/ibex/scratch/hohndor/km/dynamic-benchmark-20260917/justification-driver-v3/justification-main/tasks/0211.json	True	43b4ed5dbf4ff1dfbd5489e9114110819c1d17f1ba20c03ff17a23c006bd62d7
baseline-original	frozen_task	/ibex/scratch/hohndor/km/dynamic-benchmark-20260917/justification-driver-v3/justification-main/tasks/0212.json	True	8f6cec30b107448ce532fe5c5a735b16bd46a681aa940637cb6ed5b8c9d06935
baseline-original	frozen_task	/ibex/scratch/hohndor/km/dynamic-benchmark-20260917/justification-driver-v3/justification-main/tasks/0213.json	True	1ad754f175a8f41d4fb38ddda1e2d2746c55249c5a87958cd8827b52bdc9ed18
baseline-original	frozen_task	/ibex/scratch/hohndor/km/dynamic-benchmark-20260917/justification-driver-v3/justification-main/tasks/0214.json	True	515f2290ff0c18ebae94aefd1f7c23d9298139f7ad3c58032b37e7020f1f63c0
baseline-original	frozen_task	/ibex/scratch/hohndor/km/dynamic-benchmark-20260917/justification-driver-v3/justification-main/tasks/0215.json	True	18ad9846db5260ab6998f32a0d4f5456ae477ea7c92619e9afa8f6e0dc7f0841
baseline-original	frozen_task	/ibex/scratch/hohndor/km/dynamic-benchmark-20260917/justification-driver-v3/justification-main/tasks/0216.json	True	c4e4c762752b59ae17ba0b3a132882dc2ca60e079dbb283359eb15772846e6fb
baseline-original	frozen_task	/ibex/scratch/hohndor/km/dynamic-benchmark-20260917/justification-driver-v3/justification-main/tasks/0217.json	True	22bb3611cda76c7f503597d3988830888f5023da0d4be636fad61f1a2ac74076
baseline-original	frozen_task	/ibex/scratch/hohndor/km/dynamic-benchmark-20260917/justification-driver-v3/justification-main/tasks/0218.json	True	30f337dba8ae31cdeb3d2ae00295177dffa56eb4340bbc4b940a7f48428b58cb
baseline-original	frozen_task	/ibex/scratch/hohndor/km/dynamic-benchmark-20260917/justification-driver-v3/justification-main/tasks/0219.json	True	7f2120ebe01f18246c52d78775d1854968a222538338ac85998c9f09f8b253fb
baseline-original	frozen_task	/ibex/scratch/hohndor/km/dynamic-benchmark-20260917/justification-driver-v3/justification-main/tasks/0220.json	True	31d84ea8f1115a93f4b22d13d75de1d0802ec3f159140d12f70b947dd7f4e59d
baseline-original	frozen_task	/ibex/scratch/hohndor/km/dynamic-benchmark-20260917/justification-driver-v3/justification-main/tasks/0221.json	True	12a7bd5fe04bc02e38b63f7fdc73e880ea9d6c7ac0478ee5444866ca07ad3d73
baseline-original	frozen_task	/ibex/scratch/hohndor/km/dynamic-benchmark-20260917/justification-driver-v3/justification-main/tasks/0222.json	True	345634bdb5b8aeed2bf12d04ad8c5090934d4cdea0a09da632301ae023b00150
baseline-original	frozen_task	/ibex/scratch/hohndor/km/dynamic-benchmark-20260917/justification-driver-v3/justification-main/tasks/0223.json	True	a2d05af3f7695a794f3037713b3ee26ceba0b4d21aeebbaceb26a89779e65163
baseline-original	frozen_task	/ibex/scratch/hohndor/km/dynamic-benchmark-20260917/justification-driver-v3/justification-main/tasks/0224.json	True	233edfcb8389531788dd99dad3263fe98785421181d15d748eb1cc778f37661f
baseline-original	frozen_task	/ibex/scratch/hohndor/km/dynamic-benchmark-20260917/justification-driver-v3/justification-main/tasks/0225.json	True	de8cbc1cc66dde01fb48924da7be0774e7caf08bf02c1f7a749dabb2303257a3
baseline-original	frozen_task	/ibex/scratch/hohndor/km/dynamic-benchmark-20260917/justification-driver-v3/justification-main/tasks/0226.json	True	27a22ec84f6e66169c27d13177f9e22df7fbe8dc27123ab77a3bde800a9f6639
baseline-original	frozen_task	/ibex/scratch/hohndor/km/dynamic-benchmark-20260917/justification-driver-v3/justification-main/tasks/0227.json	True	0816fe3412c08ed6c7f0ded43f53f5e207b52ebc3c229f0d958cbd9a2565fed4
baseline-original	frozen_task	/ibex/scratch/hohndor/km/dynamic-benchmark-20260917/justification-driver-v3/justification-main/tasks/0228.json	True	79d90727de9ab7bb9f58a9f0fad10b2787f5f2df7eb569eee5b741d40db3970f
baseline-original	frozen_task	/ibex/scratch/hohndor/km/dynamic-benchmark-20260917/justification-driver-v3/justification-main/tasks/0229.json	True	7ef9ff8cc27e90e647359c5c1f0ec9fdae40ef189f047a4f92a062507ad2100a
baseline-original	frozen_task	/ibex/scratch/hohndor/km/dynamic-benchmark-20260917/justification-driver-v3/justification-main/tasks/0230.json	True	27da58d778e1270ebd7d4e4a9936ff69177087853733f891a0f70c41d3e94e6f
baseline-original	frozen_task	/ibex/scratch/hohndor/km/dynamic-benchmark-20260917/justification-driver-v3/justification-main/tasks/0231.json	True	6e94d78f81e93d46dbdc00b32c637d9285b8df811e7c20f4429693980ab1ba86
baseline-original	frozen_task	/ibex/scratch/hohndor/km/dynamic-benchmark-20260917/justification-driver-v3/justification-main/tasks/0232.json	True	5f2e3caa43ca81ddc57da4d5308c19b14dfd5d433a23d3ca2163901c2c54598f
baseline-original	frozen_task	/ibex/scratch/hohndor/km/dynamic-benchmark-20260917/justification-driver-v3/justification-main/tasks/0233.json	True	2c699a54c60a2da010b1bdd4a15eb414a3d492e965c8b4e6db435f01357b089e
baseline-original	frozen_task	/ibex/scratch/hohndor/km/dynamic-benchmark-20260917/justification-driver-v3/justification-main/tasks/0234.json	True	f508a9a519da4deceaa2b220af088a94064c0c2e4ed2ccad4f9a36cc0533d64c
baseline-original	frozen_task	/ibex/scratch/hohndor/km/dynamic-benchmark-20260917/justification-driver-v3/justification-main/tasks/0235.json	True	cc43300203e323b5c61cd22ee7412cde0c4ac3539f4dd7809da4a99c3c01e932
baseline-original	frozen_task	/ibex/scratch/hohndor/km/dynamic-benchmark-20260917/justification-driver-v3/justification-main/tasks/0236.json	True	09ca97dc8495389ee7fc4bd012102584cfe4cfbacafde0eeb3ee5cfdd5c132bc
baseline-original	frozen_task	/ibex/scratch/hohndor/km/dynamic-benchmark-20260917/justification-driver-v3/justification-main/tasks/0237.json	True	298aca4e826f3aef6e840cd6bfd8f0cd92ed6cc45b7679a0977385245a19bc6e
baseline-original	frozen_task	/ibex/scratch/hohndor/km/dynamic-benchmark-20260917/justification-driver-v3/justification-main/tasks/0238.json	True	1521bc088153dcdf400c3d161124bc58b2dadcd6f9f24b418d7127efc35f4c3a
baseline-original	frozen_task	/ibex/scratch/hohndor/km/dynamic-benchmark-20260917/justification-driver-v3/justification-main/tasks/0239.json	True	c153709f500ae6d80bf84517961e6979d24b01c771b7167d613004af60564bb5
baseline-pure-dl	independent_audit	/ibex/scratch/hohndor/km/dynamic-benchmark-20260917/justification-pure-dl-v1/justification-audit/audit.json	True	252a41e84a5c7e6ec1775bfd0c5ca5f1605d3309bbd9f85f9f3d217eff694b15
baseline-pure-dl	logical_normalization	/ibex/scratch/hohndor/km/dynamic-benchmark-20260917/justification-pure-dl-v1/justification-audit/normalized-supports.tsv	True	1040dd67a5dc1e1ce77d37153dbd2ed8141a8cf50721554d364544239b486d76
baseline-pure-dl	driver_manifest	/ibex/scratch/hohndor/km/dynamic-benchmark-20260917/justification-pure-dl-v1/justification-main/driver-manifest.json	True	92b44d817410f58d062c42ee908bd5d114ae8cacf76e8c7f8a2072d7c8c1a4ee
baseline-pure-dl	frozen_task	/ibex/scratch/hohndor/km/dynamic-benchmark-20260917/justification-pure-dl-v1/justification-main/tasks/0000.json	True	9a40be72d5b62cdb117dd0e03c8ddd3fd3d1ad2e18762e809c92358bf0b36207
baseline-pure-dl	frozen_task	/ibex/scratch/hohndor/km/dynamic-benchmark-20260917/justification-pure-dl-v1/justification-main/tasks/0001.json	True	34ed2b53f7d0c94958d401c561706f2dcbba6d40d674bd41feaaa63033a87af7
baseline-pure-dl	frozen_task	/ibex/scratch/hohndor/km/dynamic-benchmark-20260917/justification-pure-dl-v1/justification-main/tasks/0002.json	True	07fe5a9643d60e2c706e14bedd9df62379ba3f3e322369c4e543994fe267ed46
baseline-pure-dl	frozen_task	/ibex/scratch/hohndor/km/dynamic-benchmark-20260917/justification-pure-dl-v1/justification-main/tasks/0003.json	True	86db149b4b5a2640e7d7dc3f4d27e00742f590a7a3889b313ffd6ab6cabe0284
baseline-pure-dl	frozen_task	/ibex/scratch/hohndor/km/dynamic-benchmark-20260917/justification-pure-dl-v1/justification-main/tasks/0004.json	True	3ddb02d52941507f45476a4a2045301134b70a8960044daf1105a6fbb2275ce4
baseline-pure-dl	frozen_task	/ibex/scratch/hohndor/km/dynamic-benchmark-20260917/justification-pure-dl-v1/justification-main/tasks/0005.json	True	0572f9a6041abeb641c466109eee44818f5306ccbda3a2989e42522d7fbf4f44
baseline-pure-dl	frozen_task	/ibex/scratch/hohndor/km/dynamic-benchmark-20260917/justification-pure-dl-v1/justification-main/tasks/0006.json	True	71e193aaeeb0a9c349a6398102eb73a049d6bb89151395d5b2a66773ef4bbbf1
baseline-pure-dl	frozen_task	/ibex/scratch/hohndor/km/dynamic-benchmark-20260917/justification-pure-dl-v1/justification-main/tasks/0007.json	True	874a8ad8803b89c64cb26f2bf58ec9c7731785a73d5ca0b745191330e3b0f4b2
baseline-pure-dl	frozen_task	/ibex/scratch/hohndor/km/dynamic-benchmark-20260917/justification-pure-dl-v1/justification-main/tasks/0008.json	True	2b5f8a5f9d4b055e556fa5c46a771172e82727b4d26745e8311ee2e95e3b0571
baseline-pure-dl	frozen_task	/ibex/scratch/hohndor/km/dynamic-benchmark-20260917/justification-pure-dl-v1/justification-main/tasks/0009.json	True	14f7f8c64cea7875a83f867e1b8c4db299a02f370ac7f8845d1b4c5f04d3f623
baseline-pure-dl	frozen_task	/ibex/scratch/hohndor/km/dynamic-benchmark-20260917/justification-pure-dl-v1/justification-main/tasks/0010.json	True	e71a12af6f392f1e9d0750f53cc038500863e784ea487c782b3a2fe208f207c3
baseline-pure-dl	frozen_task	/ibex/scratch/hohndor/km/dynamic-benchmark-20260917/justification-pure-dl-v1/justification-main/tasks/0011.json	True	7f5d2574aa68c912a06bd3df4630d33df96cd8fe22950f6f686ba077007d475d
baseline-pure-dl	frozen_task	/ibex/scratch/hohndor/km/dynamic-benchmark-20260917/justification-pure-dl-v1/justification-main/tasks/0012.json	True	94cfbbd6abffbaa8fcb4ced360e0d2c255dcd4130a9bd9204043396e4bd0ac42
baseline-pure-dl	frozen_task	/ibex/scratch/hohndor/km/dynamic-benchmark-20260917/justification-pure-dl-v1/justification-main/tasks/0013.json	True	ef66a7068849a4cc42d69afd3ca74ff5353a84c83fe0aa80958d624826487542
baseline-pure-dl	frozen_task	/ibex/scratch/hohndor/km/dynamic-benchmark-20260917/justification-pure-dl-v1/justification-main/tasks/0014.json	True	2178a66b40f8ba6b48b5356f164e12efe643c14da72567fcfac5754ea1237df4
baseline-pure-dl	frozen_task	/ibex/scratch/hohndor/km/dynamic-benchmark-20260917/justification-pure-dl-v1/justification-main/tasks/0015.json	True	3f807697483677e99192004388cc81636139a10e63972a31962369d47e3e79d1
baseline-pure-dl	frozen_task	/ibex/scratch/hohndor/km/dynamic-benchmark-20260917/justification-pure-dl-v1/justification-main/tasks/0016.json	True	c73030ae949113d95585a9ca9da969ee40634f1a26613e78e682bcf02c49e6ce
baseline-pure-dl	frozen_task	/ibex/scratch/hohndor/km/dynamic-benchmark-20260917/justification-pure-dl-v1/justification-main/tasks/0017.json	True	2c28f5f95dec871251256fd5de30f6cd478e57c78ef5fece5d0e0f73463c0753
baseline-pure-dl	frozen_task	/ibex/scratch/hohndor/km/dynamic-benchmark-20260917/justification-pure-dl-v1/justification-main/tasks/0018.json	True	d6c21d8336e97e2395e49d15a1ee691c1a93d33e3ebedfa5742694451a8aad15
baseline-pure-dl	frozen_task	/ibex/scratch/hohndor/km/dynamic-benchmark-20260917/justification-pure-dl-v1/justification-main/tasks/0019.json	True	528a067f336cbb623da26ac9480d44a11f3bf2134a37b7c323bc411ce7875ee3
baseline-pure-dl	frozen_task	/ibex/scratch/hohndor/km/dynamic-benchmark-20260917/justification-pure-dl-v1/justification-main/tasks/0020.json	True	ad7dc86db7bc25ad0f4f8c9ff19344d7cdb9aa823ef0ad5e91fd94e6f816b978
baseline-pure-dl	frozen_task	/ibex/scratch/hohndor/km/dynamic-benchmark-20260917/justification-pure-dl-v1/justification-main/tasks/0021.json	True	046e387eec3360a92440f93a52c0ade08994a23451ce591a933f5119ebe7d8a2
baseline-pure-dl	frozen_task	/ibex/scratch/hohndor/km/dynamic-benchmark-20260917/justification-pure-dl-v1/justification-main/tasks/0022.json	True	bd5d370c9686d4537e753b478a97d0873ead343fd5eeaeee428a8bb2b4b74bd4
baseline-pure-dl	frozen_task	/ibex/scratch/hohndor/km/dynamic-benchmark-20260917/justification-pure-dl-v1/justification-main/tasks/0023.json	True	de38458845b93da0a209b057d568649244bf7e5e77c5208f96a67598875948b6
baseline-pure-dl	frozen_task	/ibex/scratch/hohndor/km/dynamic-benchmark-20260917/justification-pure-dl-v1/justification-main/tasks/0024.json	True	f37fffe3b4feb5fd2e12f49a95b315cbe984564822730b54aa118c23fc788877
baseline-pure-dl	frozen_task	/ibex/scratch/hohndor/km/dynamic-benchmark-20260917/justification-pure-dl-v1/justification-main/tasks/0025.json	True	9acef936f9eded99a8e54fadb5e2d4f8019ff0179d4e78a7c47b7aff2a21d235
baseline-pure-dl	frozen_task	/ibex/scratch/hohndor/km/dynamic-benchmark-20260917/justification-pure-dl-v1/justification-main/tasks/0026.json	True	961905797a849b84b51b13bcecb25dd2529778358d6df0f31e428d9b0321470a
baseline-pure-dl	frozen_task	/ibex/scratch/hohndor/km/dynamic-benchmark-20260917/justification-pure-dl-v1/justification-main/tasks/0027.json	True	d9304e27240bba81a4f25b954f64f1182c6dacff4555eff3169dc45797ac9e05
baseline-pure-dl	frozen_task	/ibex/scratch/hohndor/km/dynamic-benchmark-20260917/justification-pure-dl-v1/justification-main/tasks/0028.json	True	cf6fc327604fe6e81470ecc1c09895dafd894e9939a4d2908947d2897238cce0
baseline-pure-dl	frozen_task	/ibex/scratch/hohndor/km/dynamic-benchmark-20260917/justification-pure-dl-v1/justification-main/tasks/0029.json	True	95de0c2f17fe44267d57051946a68ebfde07b3d335a1eef67bdfe1eb811d2351
baseline-pure-dl	frozen_task	/ibex/scratch/hohndor/km/dynamic-benchmark-20260917/justification-pure-dl-v1/justification-main/tasks/0030.json	True	66ba6b65c1dc8203ad258312314849996cc836c4692f755fba1e035e9a46840e
baseline-pure-dl	frozen_task	/ibex/scratch/hohndor/km/dynamic-benchmark-20260917/justification-pure-dl-v1/justification-main/tasks/0031.json	True	f213d30f1325842ce406dd850f7df9b3ffb0df1b66dcc21055a5380f6874ab7e
baseline-pure-dl	frozen_task	/ibex/scratch/hohndor/km/dynamic-benchmark-20260917/justification-pure-dl-v1/justification-main/tasks/0032.json	True	32528364b8901ac8257312d0e0d36239aa58d25709129ad8dea2b339417af1c6
baseline-pure-dl	frozen_task	/ibex/scratch/hohndor/km/dynamic-benchmark-20260917/justification-pure-dl-v1/justification-main/tasks/0033.json	True	95c23d8c1aa93da4e0dc5ba6cbd8b0bac0ef93c1266520d4ebdb51fe121d9afa
baseline-pure-dl	frozen_task	/ibex/scratch/hohndor/km/dynamic-benchmark-20260917/justification-pure-dl-v1/justification-main/tasks/0034.json	True	d7948deae430fbe651922af5ed2e767a246807a57e94665496fec7af251c2542
baseline-pure-dl	frozen_task	/ibex/scratch/hohndor/km/dynamic-benchmark-20260917/justification-pure-dl-v1/justification-main/tasks/0035.json	True	37a5842ff132d2dea26b787f86bd9b71dc5efd38a26b3f59f7d62967b08641c4
baseline-pure-dl	frozen_task	/ibex/scratch/hohndor/km/dynamic-benchmark-20260917/justification-pure-dl-v1/justification-main/tasks/0036.json	True	7d7ef9ebbe570d42ae90b46fb1ebdf5ae47c19991b0244817e4f46301689b7e6
baseline-pure-dl	frozen_task	/ibex/scratch/hohndor/km/dynamic-benchmark-20260917/justification-pure-dl-v1/justification-main/tasks/0037.json	True	a3a7c8fbb12000e270397d29c59a520cecfede9cf613c873a5b9895424baedc7
baseline-pure-dl	frozen_task	/ibex/scratch/hohndor/km/dynamic-benchmark-20260917/justification-pure-dl-v1/justification-main/tasks/0038.json	True	35a9b337af26648b21c53061a7f8f7ff54513aad29079728690e5eadc97da6b2
baseline-pure-dl	frozen_task	/ibex/scratch/hohndor/km/dynamic-benchmark-20260917/justification-pure-dl-v1/justification-main/tasks/0039.json	True	f6128750736bd07eb08f0fbd8770750b479c4a6dd32eaf53aa8544da9a1faf5e
baseline-pure-dl	frozen_task	/ibex/scratch/hohndor/km/dynamic-benchmark-20260917/justification-pure-dl-v1/justification-main/tasks/0040.json	True	fab7fd4496d9055a7f13e7f3ea52841926e35f29baf16d8c0c9714b3866f70eb
baseline-pure-dl	frozen_task	/ibex/scratch/hohndor/km/dynamic-benchmark-20260917/justification-pure-dl-v1/justification-main/tasks/0041.json	True	09e58061315e2a57bd588c79b14ebb9fcbf117861f25c88d0c4448ba72f7eae0
baseline-pure-dl	frozen_task	/ibex/scratch/hohndor/km/dynamic-benchmark-20260917/justification-pure-dl-v1/justification-main/tasks/0042.json	True	8dfd8a93f6f4d323d815868beb90374aeb22b28f8ecab1d3a48d6e0578811631
baseline-pure-dl	frozen_task	/ibex/scratch/hohndor/km/dynamic-benchmark-20260917/justification-pure-dl-v1/justification-main/tasks/0043.json	True	3e6ce6840b32602d3771c4d89ef084d79e11759ad5f22ab73439f573a7bcef58
baseline-pure-dl	frozen_task	/ibex/scratch/hohndor/km/dynamic-benchmark-20260917/justification-pure-dl-v1/justification-main/tasks/0044.json	True	30a4fc6b68e6a0522a5c4ff88d8fbb8b6c7a57e3c8aeb0675a5ba30f6887a362
baseline-pure-dl	frozen_task	/ibex/scratch/hohndor/km/dynamic-benchmark-20260917/justification-pure-dl-v1/justification-main/tasks/0045.json	True	f3835c20ddffe2fac1910c4196eb6e127f3a2efc92187c7e502d16ea08e5bf38
baseline-pure-dl	frozen_task	/ibex/scratch/hohndor/km/dynamic-benchmark-20260917/justification-pure-dl-v1/justification-main/tasks/0046.json	True	7c866d5dff63d31a2abbecf614a19af765cffd5739c3366715395bd6dddb941f
baseline-pure-dl	frozen_task	/ibex/scratch/hohndor/km/dynamic-benchmark-20260917/justification-pure-dl-v1/justification-main/tasks/0047.json	True	fc8ea8725020c6b0c3b4a25b5dc697c1fc2b6541432e07bac32d8c370922adb0
baseline-pure-dl	frozen_task	/ibex/scratch/hohndor/km/dynamic-benchmark-20260917/justification-pure-dl-v1/justification-main/tasks/0048.json	True	35dac9a69ecaba8e384152aa9c3c17b6fe8742ccaa90cf7b1930154a8b7f6661
baseline-pure-dl	frozen_task	/ibex/scratch/hohndor/km/dynamic-benchmark-20260917/justification-pure-dl-v1/justification-main/tasks/0049.json	True	b6cc58c3178a7bb28791e32095acd9201bb7c1e017c0aff99f007941ac2db850
baseline-pure-dl	frozen_task	/ibex/scratch/hohndor/km/dynamic-benchmark-20260917/justification-pure-dl-v1/justification-main/tasks/0050.json	True	a5392d014d623035050c22228a8867650864b2cb940f95c4ce66c1388b4f3bac
baseline-pure-dl	frozen_task	/ibex/scratch/hohndor/km/dynamic-benchmark-20260917/justification-pure-dl-v1/justification-main/tasks/0051.json	True	6cddc2e2f47a2ed9d36f08de4522debe7638a7a0dc6a5576fa2254ba041043de
baseline-pure-dl	frozen_task	/ibex/scratch/hohndor/km/dynamic-benchmark-20260917/justification-pure-dl-v1/justification-main/tasks/0052.json	True	052702ca64db4b2dd22562f37633052cbfb9c2b3930fc34eae51b4da14b10379
baseline-pure-dl	frozen_task	/ibex/scratch/hohndor/km/dynamic-benchmark-20260917/justification-pure-dl-v1/justification-main/tasks/0053.json	True	80d8cabb8ea09188cf48921948341e3e2a4d5e1be7aedb6573b49897ed646166
baseline-pure-dl	frozen_task	/ibex/scratch/hohndor/km/dynamic-benchmark-20260917/justification-pure-dl-v1/justification-main/tasks/0054.json	True	baab52cc78df33382b6fdb78bda45063d6fbdd31a4f4a8bf4092feb1d1e5334c
baseline-pure-dl	frozen_task	/ibex/scratch/hohndor/km/dynamic-benchmark-20260917/justification-pure-dl-v1/justification-main/tasks/0055.json	True	103f7a49bc914e148497da6cba3714f993716731a0cede95b6b74509d8c05b0e
baseline-pure-dl	frozen_task	/ibex/scratch/hohndor/km/dynamic-benchmark-20260917/justification-pure-dl-v1/justification-main/tasks/0056.json	True	065cbb1d5326d2a9328df7c520e91cd3f8c64e4c1f3d447cc3004a1014e3345f
baseline-pure-dl	frozen_task	/ibex/scratch/hohndor/km/dynamic-benchmark-20260917/justification-pure-dl-v1/justification-main/tasks/0057.json	True	b797d63969a7cf8ae244095604b908edad4027a268c265f3094667c376856b31
baseline-pure-dl	frozen_task	/ibex/scratch/hohndor/km/dynamic-benchmark-20260917/justification-pure-dl-v1/justification-main/tasks/0058.json	True	c32d479b13722103babea2da5a6c89bafd8e60a939622d60bf726f8a35c0f5da
baseline-pure-dl	frozen_task	/ibex/scratch/hohndor/km/dynamic-benchmark-20260917/justification-pure-dl-v1/justification-main/tasks/0059.json	True	035912b805987d202bd995f9a9780e3c97fe94387f959bbdbaf29c940c27ae01
v142-original	independent_audit	/ibex/scratch/hohndor/km/dynamic-benchmark-20260917/justification-v142-original/justification-audit/audit.json	True	acbdb1f933731e19494cc2bd71ba683a6d7dcff2ec2cf3158bea165441618025
v142-original	logical_normalization	/ibex/scratch/hohndor/km/dynamic-benchmark-20260917/justification-v142-original/justification-audit/normalized-supports.tsv	True	d9494b11051af7a087334a0296602258b9cf6caf4fdcacf7a05ec2860e2c8c38
v142-original	driver_manifest	/ibex/scratch/hohndor/km/dynamic-benchmark-20260917/justification-v142-original/justification-main/driver-manifest.json	True	48ac78980a602c0988d57317701c304e0d52a38d276dd40ad0c54db88e8e9250
v142-original	frozen_task	/ibex/scratch/hohndor/km/dynamic-benchmark-20260917/justification-v142-original/justification-main/tasks/0000.json	True	c38fce9399d64887de2ba6f881fb13f9483073f5c5a06dcd833c5c5ca1f57892
v142-original	frozen_task	/ibex/scratch/hohndor/km/dynamic-benchmark-20260917/justification-v142-original/justification-main/tasks/0001.json	True	f849e80d5c23d9c957e05863e99ad96324c0c87a11995e09fe6087ca98c39c25
v142-original	frozen_task	/ibex/scratch/hohndor/km/dynamic-benchmark-20260917/justification-v142-original/justification-main/tasks/0002.json	True	0f53976a5d32047da496b1b6375448cf18f7ae58ce67521716865d50bc29152c
v142-original	frozen_task	/ibex/scratch/hohndor/km/dynamic-benchmark-20260917/justification-v142-original/justification-main/tasks/0003.json	True	fafa5708a9832fd7172b71b1a4489d7e562acccd0bd9efe9bc7a53a1894880b2
v142-original	frozen_task	/ibex/scratch/hohndor/km/dynamic-benchmark-20260917/justification-v142-original/justification-main/tasks/0004.json	True	2bcd10589f1b33ce6cbd6926e63928e4778b3da06d2189801f168e882242fadc
v142-original	frozen_task	/ibex/scratch/hohndor/km/dynamic-benchmark-20260917/justification-v142-original/justification-main/tasks/0005.json	True	9a9176916a3415425989faa20a86d9fe99b6ad2fab348b59b2441f87ed7b3e5a
v142-original	frozen_task	/ibex/scratch/hohndor/km/dynamic-benchmark-20260917/justification-v142-original/justification-main/tasks/0006.json	True	610fff226978da3a2b23a373855ac330ff785502a2c9a44161c23c7aad841a42
v142-original	frozen_task	/ibex/scratch/hohndor/km/dynamic-benchmark-20260917/justification-v142-original/justification-main/tasks/0007.json	True	2609f3613f2b91346a2880ba16a5f11a9d35db67256cac3e39b300ebd38c139d
v142-original	frozen_task	/ibex/scratch/hohndor/km/dynamic-benchmark-20260917/justification-v142-original/justification-main/tasks/0008.json	True	237ae5525ec8ed6221b14f98439f1ab13ac8d044b40d6e8b638e36cb7b24daab
v142-original	frozen_task	/ibex/scratch/hohndor/km/dynamic-benchmark-20260917/justification-v142-original/justification-main/tasks/0009.json	True	b0b631c5b1a8941de56c3bad7c182e6240207bfff24609f3da04b62e9ab0abd1
v142-original	frozen_task	/ibex/scratch/hohndor/km/dynamic-benchmark-20260917/justification-v142-original/justification-main/tasks/0010.json	True	333b1ae4b0f78b1aeeb7df9232130e903ee9916dc231558fb57cbda924a9d916
v142-original	frozen_task	/ibex/scratch/hohndor/km/dynamic-benchmark-20260917/justification-v142-original/justification-main/tasks/0011.json	True	dc708d3123b2fb5c25f1caf226a54b72cb376657325354fc4230a84ad11870ec
v142-original	frozen_task	/ibex/scratch/hohndor/km/dynamic-benchmark-20260917/justification-v142-original/justification-main/tasks/0012.json	True	9a28e4db255ed72a5d2fb610efe3fb2de75dbbb8db5fc64e24199bdc080b6258
v142-original	frozen_task	/ibex/scratch/hohndor/km/dynamic-benchmark-20260917/justification-v142-original/justification-main/tasks/0013.json	True	4d60d4123a112b6f7b8d100be277f0b9f87f013a233df9406127fe1a8212be18
v142-original	frozen_task	/ibex/scratch/hohndor/km/dynamic-benchmark-20260917/justification-v142-original/justification-main/tasks/0014.json	True	fd325ebce21e5c89e0bd904f1cc1535fe383ae6020ffad8a3e37259c2685f966
v142-original	frozen_task	/ibex/scratch/hohndor/km/dynamic-benchmark-20260917/justification-v142-original/justification-main/tasks/0015.json	True	89a9e1747c3dfea9632908933144f8ccd9622e521fb26a1245e3480e101bde21
v142-original	frozen_task	/ibex/scratch/hohndor/km/dynamic-benchmark-20260917/justification-v142-original/justification-main/tasks/0016.json	True	1d1dcdd3d3565fef97e899bd91689e807ba9ee754c432c9af1b189d9bf5ddf74
v142-original	frozen_task	/ibex/scratch/hohndor/km/dynamic-benchmark-20260917/justification-v142-original/justification-main/tasks/0017.json	True	839eb0c69a3d0ae031191dca7e7bb016197301d9aabf030e5a43db2f94260268
v142-original	frozen_task	/ibex/scratch/hohndor/km/dynamic-benchmark-20260917/justification-v142-original/justification-main/tasks/0018.json	True	16c279ea32a84b6c5cb52a36ea90425c51d12cbb600ee95430daef5ba5f9fe5f
v142-original	frozen_task	/ibex/scratch/hohndor/km/dynamic-benchmark-20260917/justification-v142-original/justification-main/tasks/0019.json	True	dd2801e6f88dc5cecf559153b29dd56398077c0fad8201376401e10cae6dd003
v142-original	frozen_task	/ibex/scratch/hohndor/km/dynamic-benchmark-20260917/justification-v142-original/justification-main/tasks/0020.json	True	88c8c05c4ce4aadec1ccef4a423f1ca91fb553b12faa5fcfce449023732a1d58
v142-original	frozen_task	/ibex/scratch/hohndor/km/dynamic-benchmark-20260917/justification-v142-original/justification-main/tasks/0021.json	True	1ec7f8531185d8fb08e7577f0d520f27f5919e773c8846cd8096e6381486debb
v142-original	frozen_task	/ibex/scratch/hohndor/km/dynamic-benchmark-20260917/justification-v142-original/justification-main/tasks/0022.json	True	a595b25c6ebbb9b8bfabec50375b64a8f1d62099b965160048373699d29c6499
v142-original	frozen_task	/ibex/scratch/hohndor/km/dynamic-benchmark-20260917/justification-v142-original/justification-main/tasks/0023.json	True	20c4a80344e4c8dc11a396e29b963871ea8a96374f7131eeba6585a771da072d
v142-original	frozen_task	/ibex/scratch/hohndor/km/dynamic-benchmark-20260917/justification-v142-original/justification-main/tasks/0024.json	True	d70f7782d5bf1ab9da7aa12752d2356bea8ea89d05cf3614ad6cbba8d72569bb
v142-original	frozen_task	/ibex/scratch/hohndor/km/dynamic-benchmark-20260917/justification-v142-original/justification-main/tasks/0025.json	True	2fcb523de116e63220f927522bf71474c0d26c86d8e4c0763605da2906e36e57
v142-original	frozen_task	/ibex/scratch/hohndor/km/dynamic-benchmark-20260917/justification-v142-original/justification-main/tasks/0026.json	True	401d5bb3e6ef983d5bc63e2bb33e082552d4d0031610d1d54fd2faa0e5219750
v142-original	frozen_task	/ibex/scratch/hohndor/km/dynamic-benchmark-20260917/justification-v142-original/justification-main/tasks/0027.json	True	43c14200d14903e99111fde2d024186b52f30f7f02db7180b71e178c549d4ab4
v142-original	frozen_task	/ibex/scratch/hohndor/km/dynamic-benchmark-20260917/justification-v142-original/justification-main/tasks/0028.json	True	3315a58a85566182dfc3f402638f59b4f8a976aef1fbca1ddafcb9f02b38b474
v142-original	frozen_task	/ibex/scratch/hohndor/km/dynamic-benchmark-20260917/justification-v142-original/justification-main/tasks/0029.json	True	c93999380b27802ddd07cc4905783f885da47935aeb28a83d1f10aca1ff55cd0
v142-original	frozen_task	/ibex/scratch/hohndor/km/dynamic-benchmark-20260917/justification-v142-original/justification-main/tasks/0030.json	True	aabb974a8d774c8793c7edcebac901b78ac300d03041927cc5cea73a9930fe96
v142-original	frozen_task	/ibex/scratch/hohndor/km/dynamic-benchmark-20260917/justification-v142-original/justification-main/tasks/0031.json	True	51c6dfe701a54aa11aa898f51f084b39708e202db6a2002d672aeae15276ba0a
v142-original	frozen_task	/ibex/scratch/hohndor/km/dynamic-benchmark-20260917/justification-v142-original/justification-main/tasks/0032.json	True	80d4442969a0419b412dae537b90bb8a19d1530a786756827b4fb5654bf38704
v142-original	frozen_task	/ibex/scratch/hohndor/km/dynamic-benchmark-20260917/justification-v142-original/justification-main/tasks/0033.json	True	15c9a20b47d6a641bcb8a5bd87ce4546dca884561ad5de824e2b1b7f449edb60
v142-original	frozen_task	/ibex/scratch/hohndor/km/dynamic-benchmark-20260917/justification-v142-original/justification-main/tasks/0034.json	True	b7836b5376b27fc7fe5fe2c75ffb146a6d66902172c986662ba2cf99d21afeb1
v142-original	frozen_task	/ibex/scratch/hohndor/km/dynamic-benchmark-20260917/justification-v142-original/justification-main/tasks/0035.json	True	b53abc03d5094dff7953db3f8ecf065fe711d84658b172bc84e52be85d2f1712
v142-original	frozen_task	/ibex/scratch/hohndor/km/dynamic-benchmark-20260917/justification-v142-original/justification-main/tasks/0036.json	True	f0492c0af9149d1a8c1046b5750f73f8e8468ef4c95373a7a950b52667c819a7
v142-original	frozen_task	/ibex/scratch/hohndor/km/dynamic-benchmark-20260917/justification-v142-original/justification-main/tasks/0037.json	True	3841e49e2cffaf4dc44af3eed7646ec7af30651dda024702e1d34c489cd0bf4c
v142-original	frozen_task	/ibex/scratch/hohndor/km/dynamic-benchmark-20260917/justification-v142-original/justification-main/tasks/0038.json	True	b341ac50ba63a039aaad5a866c8c5ede8b027c769d1f8043820c748cf3a49c99
v142-original	frozen_task	/ibex/scratch/hohndor/km/dynamic-benchmark-20260917/justification-v142-original/justification-main/tasks/0039.json	True	95fef1f7ce423b4a4cc206e8eca929aad375efdce401ece6a2cba3aac5f7f652
v142-original	frozen_task	/ibex/scratch/hohndor/km/dynamic-benchmark-20260917/justification-v142-original/justification-main/tasks/0040.json	True	d814ee2fa3095ae52c29885e73b154bbe04ffe68b4bd4a2d4a90b62d72c7a87b
v142-original	frozen_task	/ibex/scratch/hohndor/km/dynamic-benchmark-20260917/justification-v142-original/justification-main/tasks/0041.json	True	abeb4edc31e4a8d863625e670963dc27da191f12ce003412bce61d627ec2adae
v142-original	frozen_task	/ibex/scratch/hohndor/km/dynamic-benchmark-20260917/justification-v142-original/justification-main/tasks/0042.json	True	c87b53e310f4c2aebdb87f78f8c431fa77ede2b761d5115f21c3b3fe7c1e91e1
v142-original	frozen_task	/ibex/scratch/hohndor/km/dynamic-benchmark-20260917/justification-v142-original/justification-main/tasks/0043.json	True	3787b3712a7f09ba5aae7a9e527af8a7c836e4b073b44a4e5d07ebac6bcd8047
v142-original	frozen_task	/ibex/scratch/hohndor/km/dynamic-benchmark-20260917/justification-v142-original/justification-main/tasks/0044.json	True	6dab98ad5111ae3737632b4f9073ae9965111a33fb90cfdaab3c212b745a0293
v142-original	frozen_task	/ibex/scratch/hohndor/km/dynamic-benchmark-20260917/justification-v142-original/justification-main/tasks/0045.json	True	56f9527b3bc01b17719b4cbd4f704d3a38f3ce8eaf52cae88db51c082f5c2c49
v142-original	frozen_task	/ibex/scratch/hohndor/km/dynamic-benchmark-20260917/justification-v142-original/justification-main/tasks/0046.json	True	b811185173044eda2c878a140fd9bf5b0dc0da8683a5755d3f3f23ae96bbf1f2
v142-original	frozen_task	/ibex/scratch/hohndor/km/dynamic-benchmark-20260917/justification-v142-original/justification-main/tasks/0047.json	True	fa95e4f100aa14d9058e5568ae5e26d4319565fee778b249a0e74d608b0388cf
v142-original	frozen_task	/ibex/scratch/hohndor/km/dynamic-benchmark-20260917/justification-v142-original/justification-main/tasks/0048.json	True	97ed3ecaba97a05484ebd14a9b39eb30b29f2935b42a9333968275fde2a19805
v142-original	frozen_task	/ibex/scratch/hohndor/km/dynamic-benchmark-20260917/justification-v142-original/justification-main/tasks/0049.json	True	0b8f0a6035d37fc067dc4e77bc4df24c068fec8bbc0b043428e794b74a816437
v142-original	frozen_task	/ibex/scratch/hohndor/km/dynamic-benchmark-20260917/justification-v142-original/justification-main/tasks/0050.json	True	35c2e0559657cf5309b860fffc28c774d615a9507a399dc8c90c40c2a8a12750
v142-original	frozen_task	/ibex/scratch/hohndor/km/dynamic-benchmark-20260917/justification-v142-original/justification-main/tasks/0051.json	True	94d8726b28cc9d1d6692690bf5078fb06ada330107e8670584b3f958286c845f
v142-original	frozen_task	/ibex/scratch/hohndor/km/dynamic-benchmark-20260917/justification-v142-original/justification-main/tasks/0052.json	True	e15e57f15595e78d097fa91206b3d7bd06582c565a4606b3d475718d1a25ec3e
v142-original	frozen_task	/ibex/scratch/hohndor/km/dynamic-benchmark-20260917/justification-v142-original/justification-main/tasks/0053.json	True	ba2f969df4f280f0cac415fbd3c2455c4096d7fe692c444e535a31cacad4fdf0
v142-original	frozen_task	/ibex/scratch/hohndor/km/dynamic-benchmark-20260917/justification-v142-original/justification-main/tasks/0054.json	True	3601ebae93c3ef4e2a76dbb75f219d12a8c912ca9c006acb965bbcb9132c7682
v142-original	frozen_task	/ibex/scratch/hohndor/km/dynamic-benchmark-20260917/justification-v142-original/justification-main/tasks/0055.json	True	99f2f3b33334489e9aa6ad562472fbc820a9ecad295ffe2cd8ee266621a01e01
v142-original	frozen_task	/ibex/scratch/hohndor/km/dynamic-benchmark-20260917/justification-v142-original/justification-main/tasks/0056.json	True	d193586f96aaf967d936d19a4446ed14b610a1ba224114e6e362d84e62ef03fc
v142-original	frozen_task	/ibex/scratch/hohndor/km/dynamic-benchmark-20260917/justification-v142-original/justification-main/tasks/0057.json	True	729225c62592e59a1949fbe805a8ed237a5ee1d88aa513ce66ed84374a461721
v142-original	frozen_task	/ibex/scratch/hohndor/km/dynamic-benchmark-20260917/justification-v142-original/justification-main/tasks/0058.json	True	47ed34df2126eb04b3cf2954f24b50701ac5ca30282581606e13633e2f8ba683
v142-original	frozen_task	/ibex/scratch/hohndor/km/dynamic-benchmark-20260917/justification-v142-original/justification-main/tasks/0059.json	True	00ac61f08f957a714ddacaba5f9e6da4daf80e995088840e559b3085872423b0
v142-original	frozen_task	/ibex/scratch/hohndor/km/dynamic-benchmark-20260917/justification-v142-original/justification-main/tasks/0060.json	True	dc5b7c98d210d0aa45eea1fd0ae1daee376f319f198477e4739840d6a5c9e2c9
v142-original	frozen_task	/ibex/scratch/hohndor/km/dynamic-benchmark-20260917/justification-v142-original/justification-main/tasks/0061.json	True	a5929a5bb17c31846613c954aa03a8f85e57d050b16e461eab1524c9751d6c46
v142-original	frozen_task	/ibex/scratch/hohndor/km/dynamic-benchmark-20260917/justification-v142-original/justification-main/tasks/0062.json	True	7c990a3c562bc6a677aafe6f8a499c0045aaf16761cfa9790784485fe82cce00
v142-original	frozen_task	/ibex/scratch/hohndor/km/dynamic-benchmark-20260917/justification-v142-original/justification-main/tasks/0063.json	True	8d9eb2e06cb8ad4a7b138adc6b2028f51431d75202276de376cf742622218c0d
v142-original	frozen_task	/ibex/scratch/hohndor/km/dynamic-benchmark-20260917/justification-v142-original/justification-main/tasks/0064.json	True	6bb1d6842113420471d951c08034e3e7d06c6c493095d49a273ce10abf31a625
v142-original	frozen_task	/ibex/scratch/hohndor/km/dynamic-benchmark-20260917/justification-v142-original/justification-main/tasks/0065.json	True	e9c2b170f2ac769b1e071dae835ff60c944626af30e30d69e2aa13ce11eb4691
v142-original	frozen_task	/ibex/scratch/hohndor/km/dynamic-benchmark-20260917/justification-v142-original/justification-main/tasks/0066.json	True	e8a51b5eb5d43fdfaf0a3c450db133f302f4011024312caf0bd635a02e2de0b0
v142-original	frozen_task	/ibex/scratch/hohndor/km/dynamic-benchmark-20260917/justification-v142-original/justification-main/tasks/0067.json	True	57263ce723015ede59619da9c579e08c6b7be84efe8bbbca5ddb4a07fcc35268
v142-original	frozen_task	/ibex/scratch/hohndor/km/dynamic-benchmark-20260917/justification-v142-original/justification-main/tasks/0068.json	True	96fa796f802cb6814948e18735706b39a48dbb37081238225b88809354da7ba1
v142-original	frozen_task	/ibex/scratch/hohndor/km/dynamic-benchmark-20260917/justification-v142-original/justification-main/tasks/0069.json	True	df680c511e6d96b14c65295f9e81c781ffc2ddd6051d46118874c1c09a4ed771
v142-original	frozen_task	/ibex/scratch/hohndor/km/dynamic-benchmark-20260917/justification-v142-original/justification-main/tasks/0070.json	True	5b13e2ca69621eb4454514f4032041cc9aeb1a60f694b679bd377fc23a05608b
v142-original	frozen_task	/ibex/scratch/hohndor/km/dynamic-benchmark-20260917/justification-v142-original/justification-main/tasks/0071.json	True	40bf6dd9db99b3bf3949b34d5c5e8b22cf67ee0e20d4234f1743647fb4e0ddc5
v142-original	frozen_task	/ibex/scratch/hohndor/km/dynamic-benchmark-20260917/justification-v142-original/justification-main/tasks/0072.json	True	e4077ebe6fce1c1877b6a5c6375fac7cb66d9b1ffae225f2e8663f5a82b19600
v142-original	frozen_task	/ibex/scratch/hohndor/km/dynamic-benchmark-20260917/justification-v142-original/justification-main/tasks/0073.json	True	d8c7c91406ce341434a5a172841682571043af786e1f06cec409aa3f24066896
v142-original	frozen_task	/ibex/scratch/hohndor/km/dynamic-benchmark-20260917/justification-v142-original/justification-main/tasks/0074.json	True	3a46168a5e258448b0f0a28ee332569f6d1c815d23de3dcd430ba4674324dbf6
v142-original	frozen_task	/ibex/scratch/hohndor/km/dynamic-benchmark-20260917/justification-v142-original/justification-main/tasks/0075.json	True	6d482e71b140cc1607e5124b825e94678c3ee8a23543815490ac17c5f5034fa2
v142-original	frozen_task	/ibex/scratch/hohndor/km/dynamic-benchmark-20260917/justification-v142-original/justification-main/tasks/0076.json	True	bc38c9a6344870771df531d2ce26bd5aba2f80fe48ca04841dc4279836f4dd7d
v142-original	frozen_task	/ibex/scratch/hohndor/km/dynamic-benchmark-20260917/justification-v142-original/justification-main/tasks/0077.json	True	82e8c699be285e1fe74843ada35b02f55811ac5cd9df114dc05ce312445b4ae8
v142-original	frozen_task	/ibex/scratch/hohndor/km/dynamic-benchmark-20260917/justification-v142-original/justification-main/tasks/0078.json	True	30981857d4bb46bddf8d2053e1c4b972194f9595c3a935ba3d18d8495cb5c904
v142-original	frozen_task	/ibex/scratch/hohndor/km/dynamic-benchmark-20260917/justification-v142-original/justification-main/tasks/0079.json	True	67cc31faf67bea18eaf13a58a81ef067de582db11179432a5df09bd62818bd74
v142-original	frozen_task	/ibex/scratch/hohndor/km/dynamic-benchmark-20260917/justification-v142-original/justification-main/tasks/0080.json	True	1a704235666526c72d86d85a7b2263ea1a66c08e7ff7f911b3171c714a759430
v142-original	frozen_task	/ibex/scratch/hohndor/km/dynamic-benchmark-20260917/justification-v142-original/justification-main/tasks/0081.json	True	da356ae51a3322b3ccdb65b9638ed14cfbf760856612fe46d0114a898d6bdf87
v142-original	frozen_task	/ibex/scratch/hohndor/km/dynamic-benchmark-20260917/justification-v142-original/justification-main/tasks/0082.json	True	b0a5b6c2c496f3099d722afbfbb1edd6ce9cf3e14582dd4f7eedd40dc4ba7b6e
v142-original	frozen_task	/ibex/scratch/hohndor/km/dynamic-benchmark-20260917/justification-v142-original/justification-main/tasks/0083.json	True	bbf13232fe35c0c4cb04fb7d8a7f063230f7c34329e61dcf540f02f0944411b6
v142-original	frozen_task	/ibex/scratch/hohndor/km/dynamic-benchmark-20260917/justification-v142-original/justification-main/tasks/0084.json	True	e716f382771e6021e988efd9ff9e0450b31d1d55dc78f4e16d1b5b084c294faa
v142-original	frozen_task	/ibex/scratch/hohndor/km/dynamic-benchmark-20260917/justification-v142-original/justification-main/tasks/0085.json	True	c5267bf385ebec1f0872fdb46fb793ee5a4867bc646bdebbd2823a278e6e6650
v142-original	frozen_task	/ibex/scratch/hohndor/km/dynamic-benchmark-20260917/justification-v142-original/justification-main/tasks/0086.json	True	7014fda4d4a8fd8da42ea4a6921f87d0051500d55f7b6d11101bba2e63bc3c82
v142-original	frozen_task	/ibex/scratch/hohndor/km/dynamic-benchmark-20260917/justification-v142-original/justification-main/tasks/0087.json	True	1f49fa7e7f6f251bd12792389451e74c99356a77b63a45b0a6c765af492e1591
v142-original	frozen_task	/ibex/scratch/hohndor/km/dynamic-benchmark-20260917/justification-v142-original/justification-main/tasks/0088.json	True	1e0c37bad52711246ccb797de06615e3381b1319afc7385decf5076ee5ba711f
v142-original	frozen_task	/ibex/scratch/hohndor/km/dynamic-benchmark-20260917/justification-v142-original/justification-main/tasks/0089.json	True	2815a7323202a91b1258d269ef01870d92bd736efc814e39aa82d9d22d7f2bf7
v142-original	frozen_task	/ibex/scratch/hohndor/km/dynamic-benchmark-20260917/justification-v142-original/justification-main/tasks/0090.json	True	c369368bee12d8b937d2d3a55899a3ce3497a68043b45580efdc63db565ad5d5
v142-original	frozen_task	/ibex/scratch/hohndor/km/dynamic-benchmark-20260917/justification-v142-original/justification-main/tasks/0091.json	True	4fbfacb63a6df1ffbacfe75267bbbaf656e5ffec1eb0a3b35a616d12b114a026
v142-original	frozen_task	/ibex/scratch/hohndor/km/dynamic-benchmark-20260917/justification-v142-original/justification-main/tasks/0092.json	True	ae2addc193f61f350bc8d27587094d0735db483f82253544b2a097f842a38cb3
v142-original	frozen_task	/ibex/scratch/hohndor/km/dynamic-benchmark-20260917/justification-v142-original/justification-main/tasks/0093.json	True	3bcd4f43b05bb8332c1615a179d18b53b0be81996b9d0d4c4a92f2e888454204
v142-original	frozen_task	/ibex/scratch/hohndor/km/dynamic-benchmark-20260917/justification-v142-original/justification-main/tasks/0094.json	True	4964f060973e510754f7f4047ce809af89d4c46eb9f3af8885ed6879596950ee
v142-original	frozen_task	/ibex/scratch/hohndor/km/dynamic-benchmark-20260917/justification-v142-original/justification-main/tasks/0095.json	True	99c3e12f774b672eeebc974eea0718b4ce80e701696bc887d3d13bf2ffab25ba
v142-original	frozen_task	/ibex/scratch/hohndor/km/dynamic-benchmark-20260917/justification-v142-original/justification-main/tasks/0096.json	True	2e6c3ffb48f1855a8ef84e7bac66f8d6cdac403087284e69d0cf29a4d9c3049c
v142-original	frozen_task	/ibex/scratch/hohndor/km/dynamic-benchmark-20260917/justification-v142-original/justification-main/tasks/0097.json	True	6554f9ba68c5a51f8e9c80286707cee2373f8fdc745ad2f6ae2ad33d5a57b746
v142-original	frozen_task	/ibex/scratch/hohndor/km/dynamic-benchmark-20260917/justification-v142-original/justification-main/tasks/0098.json	True	e61ea46ca5876343029382cbe69ba31dcb5cb8a24b50f84ad77906f4dada85dc
v142-original	frozen_task	/ibex/scratch/hohndor/km/dynamic-benchmark-20260917/justification-v142-original/justification-main/tasks/0099.json	True	ba992ffd8190fe13c3f25d9ac8045e6b3eb8bb5e01793fd543a4db3d7585305f
v142-original	frozen_task	/ibex/scratch/hohndor/km/dynamic-benchmark-20260917/justification-v142-original/justification-main/tasks/0100.json	True	11e8047efc9ca0cb1e3f5fdbd3a7bfa26259f1b9e736314e88767a9a7b1e101b
v142-original	frozen_task	/ibex/scratch/hohndor/km/dynamic-benchmark-20260917/justification-v142-original/justification-main/tasks/0101.json	True	5a7e5cbb71f815542d69c51434fb89e5545a683cb0bf82d0c15a63b4ca1bf327
v142-original	frozen_task	/ibex/scratch/hohndor/km/dynamic-benchmark-20260917/justification-v142-original/justification-main/tasks/0102.json	True	f662b45519a1c78501f8a12240fd4e0d2879949757d987b606a395150c0d7fd3
v142-original	frozen_task	/ibex/scratch/hohndor/km/dynamic-benchmark-20260917/justification-v142-original/justification-main/tasks/0103.json	True	6c4acbcb5a30065386fb89264aeef14b0185ce9ce3fa693448cf675380c2e3d7
v142-original	frozen_task	/ibex/scratch/hohndor/km/dynamic-benchmark-20260917/justification-v142-original/justification-main/tasks/0104.json	True	c4922e65ea2caaef4564eaaa4dc621a64b647e6277d5cb7753b696f74be852cd
v142-original	frozen_task	/ibex/scratch/hohndor/km/dynamic-benchmark-20260917/justification-v142-original/justification-main/tasks/0105.json	True	297a54e3b6429c26a6f1e24fc2501a98d84b3d79b9f86b42f015e34d15e11960
v142-original	frozen_task	/ibex/scratch/hohndor/km/dynamic-benchmark-20260917/justification-v142-original/justification-main/tasks/0106.json	True	e86578063557680c14baf17a80c3fb529973c109532f994027db0b459ef2ae33
v142-original	frozen_task	/ibex/scratch/hohndor/km/dynamic-benchmark-20260917/justification-v142-original/justification-main/tasks/0107.json	True	d68ef25385d01122e242b5680eccd99ca3714bac2aabdb2468c534429b05d350
v142-original	frozen_task	/ibex/scratch/hohndor/km/dynamic-benchmark-20260917/justification-v142-original/justification-main/tasks/0108.json	True	a7f9d0bbc2df1137fd526476a157cf68e75d8cf1376472e70377b98bb2459d34
v142-original	frozen_task	/ibex/scratch/hohndor/km/dynamic-benchmark-20260917/justification-v142-original/justification-main/tasks/0109.json	True	df77a0678a7930b00a1c965639c3e3ad8ca81da7b83fd5546e45cbacc654b7ea
v142-original	frozen_task	/ibex/scratch/hohndor/km/dynamic-benchmark-20260917/justification-v142-original/justification-main/tasks/0110.json	True	b1f39ea7331abdcf5db1316465c299a3115ed14b860bcb8fcc60df57aa38f17b
v142-original	frozen_task	/ibex/scratch/hohndor/km/dynamic-benchmark-20260917/justification-v142-original/justification-main/tasks/0111.json	True	6864c6326b7d57488a6562abf0deba7c142ba6aeb395c74314c2db16c7a8f3ba
v142-original	frozen_task	/ibex/scratch/hohndor/km/dynamic-benchmark-20260917/justification-v142-original/justification-main/tasks/0112.json	True	e133aa998804716c6c3c52601d602f3c3df27e283381adb3da64cf369e7fe7ab
v142-original	frozen_task	/ibex/scratch/hohndor/km/dynamic-benchmark-20260917/justification-v142-original/justification-main/tasks/0113.json	True	4eaa683f8f89ed6103470c30ff791d66be41584f48b416a222f835d1d9051aa8
v142-original	frozen_task	/ibex/scratch/hohndor/km/dynamic-benchmark-20260917/justification-v142-original/justification-main/tasks/0114.json	True	e66cc1f7273936e0079891840e354b72c31da0e08146a278e821fc33aca250fb
v142-original	frozen_task	/ibex/scratch/hohndor/km/dynamic-benchmark-20260917/justification-v142-original/justification-main/tasks/0115.json	True	e886df3ac3cea1f0568874c08e5dcc55086f83019c1aeeab929137065ed3c1e4
v142-original	frozen_task	/ibex/scratch/hohndor/km/dynamic-benchmark-20260917/justification-v142-original/justification-main/tasks/0116.json	True	02481f03871cf4ea488020efefab2e4792151d1cd6ce2b9117c88e16c19039e8
v142-original	frozen_task	/ibex/scratch/hohndor/km/dynamic-benchmark-20260917/justification-v142-original/justification-main/tasks/0117.json	True	5e22e467f77cf29d4565c99dac4ea96a928dcf6d45937e75f80434d532fc6673
v142-original	frozen_task	/ibex/scratch/hohndor/km/dynamic-benchmark-20260917/justification-v142-original/justification-main/tasks/0118.json	True	fda57bd94ef1c059f75dfe2d70611e31d8d8a689310405b506b32e534cf14d71
v142-original	frozen_task	/ibex/scratch/hohndor/km/dynamic-benchmark-20260917/justification-v142-original/justification-main/tasks/0119.json	True	bb3e249fb65ce586060cc62f10b2661fa636fafbf4b34c99821f0082ce40692f
v142-original	frozen_task	/ibex/scratch/hohndor/km/dynamic-benchmark-20260917/justification-v142-original/justification-main/tasks/0120.json	True	f2c2ae77b6435f54d8c53db15b698de0798610557aa30bbdf1bb6e5668f1820e
v142-original	frozen_task	/ibex/scratch/hohndor/km/dynamic-benchmark-20260917/justification-v142-original/justification-main/tasks/0121.json	True	8a2759951167a4f00befa47b991bca7a5d11d45b26ce4fd8436981d5353541b0
v142-original	frozen_task	/ibex/scratch/hohndor/km/dynamic-benchmark-20260917/justification-v142-original/justification-main/tasks/0122.json	True	8e8c596be8f05071cf5a7bb30e329387e9d75fdbdfe3a1cc73cd18598ca01a3b
v142-original	frozen_task	/ibex/scratch/hohndor/km/dynamic-benchmark-20260917/justification-v142-original/justification-main/tasks/0123.json	True	348e4a1b59169b99f66d6d12463e277db6195db98c7e710c25b0aabc7d3768cf
v142-original	frozen_task	/ibex/scratch/hohndor/km/dynamic-benchmark-20260917/justification-v142-original/justification-main/tasks/0124.json	True	3a557a3929616b6af2bd413df81adacb00064ff63725b4d203d47bc2963d9d5f
v142-original	frozen_task	/ibex/scratch/hohndor/km/dynamic-benchmark-20260917/justification-v142-original/justification-main/tasks/0125.json	True	c9a795b61695ac8968f49c0e069463924144c23ffb10e4c374bc21943b3abee2
v142-original	frozen_task	/ibex/scratch/hohndor/km/dynamic-benchmark-20260917/justification-v142-original/justification-main/tasks/0126.json	True	dd4fcc7fdbfa62bc7dd68c7c198840867a999d9559c08a6f66c36e93f85aa6fa
v142-original	frozen_task	/ibex/scratch/hohndor/km/dynamic-benchmark-20260917/justification-v142-original/justification-main/tasks/0127.json	True	786627389c9cf50710292c1c170dddc2402a2c917967c4d2f26cfe1dd1152213
v142-original	frozen_task	/ibex/scratch/hohndor/km/dynamic-benchmark-20260917/justification-v142-original/justification-main/tasks/0128.json	True	30e7e881177e8f5e6b092162cc9fa078ed70816eb94f8fbfde0625c9c12538dc
v142-original	frozen_task	/ibex/scratch/hohndor/km/dynamic-benchmark-20260917/justification-v142-original/justification-main/tasks/0129.json	True	6f38adc18b5ead51fcf4922efca3ae53b755fdaef2d5ac245f8a88170891b7fa
v142-original	frozen_task	/ibex/scratch/hohndor/km/dynamic-benchmark-20260917/justification-v142-original/justification-main/tasks/0130.json	True	d6704e4fb383e2c1870faf5469c04437a861702b21a1eb1a8846627a2bc261b2
v142-original	frozen_task	/ibex/scratch/hohndor/km/dynamic-benchmark-20260917/justification-v142-original/justification-main/tasks/0131.json	True	86e7eeb7be2c6f1485f970f1f0ad2c1b4412792b56e674be51a5028a3974749c
v142-original	frozen_task	/ibex/scratch/hohndor/km/dynamic-benchmark-20260917/justification-v142-original/justification-main/tasks/0132.json	True	b7294879f5ccc159280de718047b6f2b3ef58ad820b68cbd8dab84cc11a8f209
v142-original	frozen_task	/ibex/scratch/hohndor/km/dynamic-benchmark-20260917/justification-v142-original/justification-main/tasks/0133.json	True	4cddfd7f7590ad3a5a6ba6e939eae8453182010ecf44cf698e4fdefbea29be8c
v142-original	frozen_task	/ibex/scratch/hohndor/km/dynamic-benchmark-20260917/justification-v142-original/justification-main/tasks/0134.json	True	1981b915d12705018e0b0e43115744ca44dad861632bd1841b2a896ea37cb3ae
v142-original	frozen_task	/ibex/scratch/hohndor/km/dynamic-benchmark-20260917/justification-v142-original/justification-main/tasks/0135.json	True	a5b70158b968735ffddafb24b197faab92ff01351be72009ccf953c2a2c44af0
v142-original	frozen_task	/ibex/scratch/hohndor/km/dynamic-benchmark-20260917/justification-v142-original/justification-main/tasks/0136.json	True	a18856472448b629e648fd561451ce1f99cdaf8d29dd62a3db18faaed33d1bfe
v142-original	frozen_task	/ibex/scratch/hohndor/km/dynamic-benchmark-20260917/justification-v142-original/justification-main/tasks/0137.json	True	9f92d9eba1f800b95d1f4a6db754c540aadb96b87212157357dba01e5084c2bc
v142-original	frozen_task	/ibex/scratch/hohndor/km/dynamic-benchmark-20260917/justification-v142-original/justification-main/tasks/0138.json	True	17514f8b3209c2e433525b5596d03ace89489c62c64e99de49f80a3f37f5863c
v142-original	frozen_task	/ibex/scratch/hohndor/km/dynamic-benchmark-20260917/justification-v142-original/justification-main/tasks/0139.json	True	d78aaf871eb4faf8b369e7656ae4b0ab08e1bbf2260d569a78aa193d80dbfbb2
v142-original	frozen_task	/ibex/scratch/hohndor/km/dynamic-benchmark-20260917/justification-v142-original/justification-main/tasks/0140.json	True	cb1ae22adc3a2d1137fe12b3178593b7da295c028888e0fd77065a7af37b16c3
v142-original	frozen_task	/ibex/scratch/hohndor/km/dynamic-benchmark-20260917/justification-v142-original/justification-main/tasks/0141.json	True	7c1045c3e0291ef32ce69bfe6e61cbb50e2cffb261bcae98f54b17a8b136fc69
v142-original	frozen_task	/ibex/scratch/hohndor/km/dynamic-benchmark-20260917/justification-v142-original/justification-main/tasks/0142.json	True	4a044c08c929e2256359ad7c64f94e86d47fa73a134fb2332a4ca882763182c2
v142-original	frozen_task	/ibex/scratch/hohndor/km/dynamic-benchmark-20260917/justification-v142-original/justification-main/tasks/0143.json	True	24dbfcf2dc3b811ad8793c51fd47dac3fcffa3bb0571b49225956f55fa43480d
v142-original	frozen_task	/ibex/scratch/hohndor/km/dynamic-benchmark-20260917/justification-v142-original/justification-main/tasks/0144.json	True	99689578afc4191d161e4a75aa5e802fe147b50cdac13bc920e6e3d48ca1cd93
v142-original	frozen_task	/ibex/scratch/hohndor/km/dynamic-benchmark-20260917/justification-v142-original/justification-main/tasks/0145.json	True	946d7ad824ef25e2b2e63e1c6ed5e9c7327eb811b8d718458c2203e3cef5399a
v142-original	frozen_task	/ibex/scratch/hohndor/km/dynamic-benchmark-20260917/justification-v142-original/justification-main/tasks/0146.json	True	3320588efa0a6f8252627ed051d30e147cd5788eda5fbf74a6f04a639445e716
v142-original	frozen_task	/ibex/scratch/hohndor/km/dynamic-benchmark-20260917/justification-v142-original/justification-main/tasks/0147.json	True	434218a52a03533e4b9ef9b09efd8c6595712014084e4576326f1396fd7447c0
v142-original	frozen_task	/ibex/scratch/hohndor/km/dynamic-benchmark-20260917/justification-v142-original/justification-main/tasks/0148.json	True	db9dccd792bff7e23f167062f920806ba8433c49bfa3ef71ec1289de3121b0c8
v142-original	frozen_task	/ibex/scratch/hohndor/km/dynamic-benchmark-20260917/justification-v142-original/justification-main/tasks/0149.json	True	fc7fd5b64be5a11b4b9b63e5cb7d2533897bf7d035b8264225a34d5c69079589
v142-original	frozen_task	/ibex/scratch/hohndor/km/dynamic-benchmark-20260917/justification-v142-original/justification-main/tasks/0150.json	True	b08e9fb27df2dec444db83ff2abed4f7dc443fe202cb738f220799db310d79c9
v142-original	frozen_task	/ibex/scratch/hohndor/km/dynamic-benchmark-20260917/justification-v142-original/justification-main/tasks/0151.json	True	e43be3207e27a161b5f53eb3d49294dcb1b3671f5961b612da9520301d4494a8
v142-original	frozen_task	/ibex/scratch/hohndor/km/dynamic-benchmark-20260917/justification-v142-original/justification-main/tasks/0152.json	True	4f976b4014c9b71ee483ca10360c17bd8e4449a89c42171ea61a4f848ed73d2c
v142-original	frozen_task	/ibex/scratch/hohndor/km/dynamic-benchmark-20260917/justification-v142-original/justification-main/tasks/0153.json	True	bc7baa798c1610853f425ef31ee2f490bb808f9574a32626eb63395a67c459ca
v142-original	frozen_task	/ibex/scratch/hohndor/km/dynamic-benchmark-20260917/justification-v142-original/justification-main/tasks/0154.json	True	9a812ce2d36b8ea8bf0a608acf7a14514092876f0fdebab1bbed969408d12693
v142-original	frozen_task	/ibex/scratch/hohndor/km/dynamic-benchmark-20260917/justification-v142-original/justification-main/tasks/0155.json	True	fe52992f8a78d87979d9a8eea746a2cc693637049480442661597674222543a9
v142-original	frozen_task	/ibex/scratch/hohndor/km/dynamic-benchmark-20260917/justification-v142-original/justification-main/tasks/0156.json	True	951002fb1317a548084c731237f5d4cd2dc11c2605fd69ec140b031a4df3da26
v142-original	frozen_task	/ibex/scratch/hohndor/km/dynamic-benchmark-20260917/justification-v142-original/justification-main/tasks/0157.json	True	8a40c63cd431a09ce230f21ddcea3c4cb6d40eb776ae326614d4d7ba51c9811e
v142-original	frozen_task	/ibex/scratch/hohndor/km/dynamic-benchmark-20260917/justification-v142-original/justification-main/tasks/0158.json	True	4ce59b6f76527681bf0aeb1c396a2e2648444f29c58dc99ccfdf01b35c63575e
v142-original	frozen_task	/ibex/scratch/hohndor/km/dynamic-benchmark-20260917/justification-v142-original/justification-main/tasks/0159.json	True	8b7fc4ada2b3b32a8d48023f7fd31ce093ca8c09d46defafd2bd665b7bcc2e18
v142-original	frozen_task	/ibex/scratch/hohndor/km/dynamic-benchmark-20260917/justification-v142-original/justification-main/tasks/0160.json	True	bab1dfe1d2df002271f636285fc90778644991d3bb639233030f74ce83f5a254
v142-original	frozen_task	/ibex/scratch/hohndor/km/dynamic-benchmark-20260917/justification-v142-original/justification-main/tasks/0161.json	True	32aa1b146c838d810c0a0ae185f39ded591095848e2c3abcf3218d1bc3fbf917
v142-original	frozen_task	/ibex/scratch/hohndor/km/dynamic-benchmark-20260917/justification-v142-original/justification-main/tasks/0162.json	True	e8abfe9cc6d3d9f2dcf218ea896bd63b720b1aca45ed20c379c1f41da82a0f78
v142-original	frozen_task	/ibex/scratch/hohndor/km/dynamic-benchmark-20260917/justification-v142-original/justification-main/tasks/0163.json	True	2f321bff102628b2d2830d75306e44278a41d021e503cbd033462a84e0a4f34a
v142-original	frozen_task	/ibex/scratch/hohndor/km/dynamic-benchmark-20260917/justification-v142-original/justification-main/tasks/0164.json	True	36fcfdbe99e06e418b97f01aa2a7e9eab141b614a5d90253f3a8602b282c93a7
v142-original	frozen_task	/ibex/scratch/hohndor/km/dynamic-benchmark-20260917/justification-v142-original/justification-main/tasks/0165.json	True	bf61e31d542699fa50f25d61a4eb2b94838534915668313864939a10d2038cdb
v142-original	frozen_task	/ibex/scratch/hohndor/km/dynamic-benchmark-20260917/justification-v142-original/justification-main/tasks/0166.json	True	44dd4942b381252d861b70522ad99ad5a9cf71e359abf795511163d35f606e18
v142-original	frozen_task	/ibex/scratch/hohndor/km/dynamic-benchmark-20260917/justification-v142-original/justification-main/tasks/0167.json	True	768360acc2ad47bae42a7565d985190673ac07e606ac4010c7df263a246cf0d2
v142-original	frozen_task	/ibex/scratch/hohndor/km/dynamic-benchmark-20260917/justification-v142-original/justification-main/tasks/0168.json	True	a95c6d03df5e652550c0837855fa46aa288ee3a58b5d30856d24995e52060191
v142-original	frozen_task	/ibex/scratch/hohndor/km/dynamic-benchmark-20260917/justification-v142-original/justification-main/tasks/0169.json	True	7cb220a552052b106177db6bb7f6039165433b6bdb7b0a7a772487caddb32ebf
v142-original	frozen_task	/ibex/scratch/hohndor/km/dynamic-benchmark-20260917/justification-v142-original/justification-main/tasks/0170.json	True	b8c6530448c46f16301aab870d0384e81d2140a52c810ae90af09b06fdf06d24
v142-original	frozen_task	/ibex/scratch/hohndor/km/dynamic-benchmark-20260917/justification-v142-original/justification-main/tasks/0171.json	True	75ec710bf32afe477537c25f8e183a813b9bed41c3bf5ebfd932c76d26cc6784
v142-original	frozen_task	/ibex/scratch/hohndor/km/dynamic-benchmark-20260917/justification-v142-original/justification-main/tasks/0172.json	True	a61ea87a5a0304ac1a290d829020e1a213d1810d5fa3cd64cf4fd23f6c9bc842
v142-original	frozen_task	/ibex/scratch/hohndor/km/dynamic-benchmark-20260917/justification-v142-original/justification-main/tasks/0173.json	True	77f6590d9f839047ef93f2ad8d0a78ed4d3e2708e52b7ca7d23d4e8a36e3215c
v142-original	frozen_task	/ibex/scratch/hohndor/km/dynamic-benchmark-20260917/justification-v142-original/justification-main/tasks/0174.json	True	b4ceb6e9697fc8b383b2639f85710757b01eb0654e8d9c57cd966d45958c15ad
v142-original	frozen_task	/ibex/scratch/hohndor/km/dynamic-benchmark-20260917/justification-v142-original/justification-main/tasks/0175.json	True	2b47e5932cf8f48820784c3d7c5f5623f60c8450857f3860b5ccc89e1a6ee060
v142-original	frozen_task	/ibex/scratch/hohndor/km/dynamic-benchmark-20260917/justification-v142-original/justification-main/tasks/0176.json	True	a7d8ff6d78cf9938cf40d3ed2880494ba59b752c6cac76d3de667213fb00a5b9
v142-original	frozen_task	/ibex/scratch/hohndor/km/dynamic-benchmark-20260917/justification-v142-original/justification-main/tasks/0177.json	True	b5de661186d052ef9cb9f87e95a2120e891b4685519ad808f122eab8580c3d02
v142-original	frozen_task	/ibex/scratch/hohndor/km/dynamic-benchmark-20260917/justification-v142-original/justification-main/tasks/0178.json	True	5cb287bc8c1b3a704836ec375b094d5d9f56f9cffa5a3b382add226e5981fd94
v142-original	frozen_task	/ibex/scratch/hohndor/km/dynamic-benchmark-20260917/justification-v142-original/justification-main/tasks/0179.json	True	e6183ed90f6e417aede7264f1b382d27383173a4cdc0fbb607ed344b945629e3
v142-original	frozen_task	/ibex/scratch/hohndor/km/dynamic-benchmark-20260917/justification-v142-original/justification-main/tasks/0180.json	True	4e8952a35d870b6c02baf8effb8cc6a17593fa9ef5afba2f2ce8819736285716
v142-original	frozen_task	/ibex/scratch/hohndor/km/dynamic-benchmark-20260917/justification-v142-original/justification-main/tasks/0181.json	True	695af41ae03eddfb434082d9c290fc240144f8cb0b3424c4494721ba1aa4c89c
v142-original	frozen_task	/ibex/scratch/hohndor/km/dynamic-benchmark-20260917/justification-v142-original/justification-main/tasks/0182.json	True	84566343dcf16f46608fd41a258be6e4c4709fd7dabc50dbb83a11136d203541
v142-original	frozen_task	/ibex/scratch/hohndor/km/dynamic-benchmark-20260917/justification-v142-original/justification-main/tasks/0183.json	True	fe9a0b33c4cecea46711b8390f8432e6713c147ceb455545c276bb4a059b1329
v142-original	frozen_task	/ibex/scratch/hohndor/km/dynamic-benchmark-20260917/justification-v142-original/justification-main/tasks/0184.json	True	0d1ea2f2320b8e1c37ff10a1428f5413017406cae14f4ae874aa63f8b6b8ec7d
v142-original	frozen_task	/ibex/scratch/hohndor/km/dynamic-benchmark-20260917/justification-v142-original/justification-main/tasks/0185.json	True	a63b6f61b7b181eac6fe00f8c277289c8c1a4b32829cdd3dbf769084044683c7
v142-original	frozen_task	/ibex/scratch/hohndor/km/dynamic-benchmark-20260917/justification-v142-original/justification-main/tasks/0186.json	True	ad239853fc0db770739d22a55620ed7aa12c7b2969fdc16f13b34ab648ab46b1
v142-original	frozen_task	/ibex/scratch/hohndor/km/dynamic-benchmark-20260917/justification-v142-original/justification-main/tasks/0187.json	True	d634d6a9133e6f16caeab5a0b8804c7fb0c916bede1288e72ee3d8d36ec02ff5
v142-original	frozen_task	/ibex/scratch/hohndor/km/dynamic-benchmark-20260917/justification-v142-original/justification-main/tasks/0188.json	True	8c2ad233d1a0c5e194b9fae4626354f43fe675623e18de286b95d0cd79cc8594
v142-original	frozen_task	/ibex/scratch/hohndor/km/dynamic-benchmark-20260917/justification-v142-original/justification-main/tasks/0189.json	True	6d893cda098749793c59c5157ae10382b53e0301cfa4e7404eca8b634c09e176
v142-original	frozen_task	/ibex/scratch/hohndor/km/dynamic-benchmark-20260917/justification-v142-original/justification-main/tasks/0190.json	True	bebe8e80f93011326dd582563c062cfa38a28372d1885518af60be9d03ecbd59
v142-original	frozen_task	/ibex/scratch/hohndor/km/dynamic-benchmark-20260917/justification-v142-original/justification-main/tasks/0191.json	True	71514336ec8807b29516227266c993e16e3b70f6a8830d606b5db52a907bdb01
v142-original	frozen_task	/ibex/scratch/hohndor/km/dynamic-benchmark-20260917/justification-v142-original/justification-main/tasks/0192.json	True	c4b1c920cf3d38bc01a554d71f896ad1f5861b3df8b889edf6ee181d31b83b43
v142-original	frozen_task	/ibex/scratch/hohndor/km/dynamic-benchmark-20260917/justification-v142-original/justification-main/tasks/0193.json	True	7adcd072112ca399f072df3ebfdd5861b17750f130937d3947c9dc036c6c2d80
v142-original	frozen_task	/ibex/scratch/hohndor/km/dynamic-benchmark-20260917/justification-v142-original/justification-main/tasks/0194.json	True	0b794112c9b109127495af11de84bbe8536ed6f53db1c86b0e82ff967b8b2c3f
v142-original	frozen_task	/ibex/scratch/hohndor/km/dynamic-benchmark-20260917/justification-v142-original/justification-main/tasks/0195.json	True	e55d2434ef053168237a54afc2b1172bb2eb61bca2e2dbb106b603d32e77bbdf
v142-original	frozen_task	/ibex/scratch/hohndor/km/dynamic-benchmark-20260917/justification-v142-original/justification-main/tasks/0196.json	True	44a882db637e80f7f55c032fe7ea84d640f30959153df33e325f0119facb8d4c
v142-original	frozen_task	/ibex/scratch/hohndor/km/dynamic-benchmark-20260917/justification-v142-original/justification-main/tasks/0197.json	True	01134cadddf459907768aef70f8e2caa879086012e5a9340357be1f335d42edb
v142-original	frozen_task	/ibex/scratch/hohndor/km/dynamic-benchmark-20260917/justification-v142-original/justification-main/tasks/0198.json	True	5826c95ad9594ab49830936b0778e0570717e36de543f69cd587e461d69f6c5e
v142-original	frozen_task	/ibex/scratch/hohndor/km/dynamic-benchmark-20260917/justification-v142-original/justification-main/tasks/0199.json	True	a747ca49853f298e9bb47d323371bf2a4952541291a2c19ebc1e9e15a3b22b19
v142-original	frozen_task	/ibex/scratch/hohndor/km/dynamic-benchmark-20260917/justification-v142-original/justification-main/tasks/0200.json	True	fb93d8e03ee608925c6157428b1b99e7c2cb0183286888269e0f387c695b8f95
v142-original	frozen_task	/ibex/scratch/hohndor/km/dynamic-benchmark-20260917/justification-v142-original/justification-main/tasks/0201.json	True	390fe3a09244ea356b883950dde07c16c6cdf74fc24f7d2fa9dab9dd5e20d56b
v142-original	frozen_task	/ibex/scratch/hohndor/km/dynamic-benchmark-20260917/justification-v142-original/justification-main/tasks/0202.json	True	6bb02c8453d5535f0e4218ca9cfb1d9e46196c2578a7d22837a14df856998d14
v142-original	frozen_task	/ibex/scratch/hohndor/km/dynamic-benchmark-20260917/justification-v142-original/justification-main/tasks/0203.json	True	1926ce72f80ce62d771b9eb2c59c6a6edae70642bd7bf9ab01a41b5c57c1fe0b
v142-original	frozen_task	/ibex/scratch/hohndor/km/dynamic-benchmark-20260917/justification-v142-original/justification-main/tasks/0204.json	True	84ca5cf8347078cbe37bc6e87d93f2e95020ef020ddd2057643f4defbdaaf12b
v142-original	frozen_task	/ibex/scratch/hohndor/km/dynamic-benchmark-20260917/justification-v142-original/justification-main/tasks/0205.json	True	96c048d254520934dd81e5b769aff28e9a6bdb5f8901b8f025d3f70d8b2a63d5
v142-original	frozen_task	/ibex/scratch/hohndor/km/dynamic-benchmark-20260917/justification-v142-original/justification-main/tasks/0206.json	True	aa9f06d06cd9ab8037f37a65ce424617d47de74d2808628bce99b6d8d92c8ec4
v142-original	frozen_task	/ibex/scratch/hohndor/km/dynamic-benchmark-20260917/justification-v142-original/justification-main/tasks/0207.json	True	b254d675c3872995b99078da6d76fc52e26d2922aa4a60f933f002d279089140
v142-original	frozen_task	/ibex/scratch/hohndor/km/dynamic-benchmark-20260917/justification-v142-original/justification-main/tasks/0208.json	True	65fbbc98abddc4bcfaa7432d5caaa88e9bf080da5ddcf0f8ca050ef3e601c6f7
v142-original	frozen_task	/ibex/scratch/hohndor/km/dynamic-benchmark-20260917/justification-v142-original/justification-main/tasks/0209.json	True	071bcc121151b183c4eef665ad6fcaca29994cf82c17932e0558b30ec506f9d3
v142-original	frozen_task	/ibex/scratch/hohndor/km/dynamic-benchmark-20260917/justification-v142-original/justification-main/tasks/0210.json	True	479f58d154bab247252de9f29f45515c64c09af99de65b3c30927f3c80f99cc6
v142-original	frozen_task	/ibex/scratch/hohndor/km/dynamic-benchmark-20260917/justification-v142-original/justification-main/tasks/0211.json	True	00f4ba6a073bfc2f7bb7496e49d33dac58c488e6fae04e0daad68769ba16a315
v142-original	frozen_task	/ibex/scratch/hohndor/km/dynamic-benchmark-20260917/justification-v142-original/justification-main/tasks/0212.json	True	220981678712cf7b509ca09bae7472b9ef1a0de880bce210f8509f9589bf8053
v142-original	frozen_task	/ibex/scratch/hohndor/km/dynamic-benchmark-20260917/justification-v142-original/justification-main/tasks/0213.json	True	b7f698c71990a7366dc5a0abb36b947590d29d3bea84ce0aaf20d40c431a40ed
v142-original	frozen_task	/ibex/scratch/hohndor/km/dynamic-benchmark-20260917/justification-v142-original/justification-main/tasks/0214.json	True	12c7d8ff16ab9847a3302bbc131b83f8388f485664d044f873847796abad9cee
v142-original	frozen_task	/ibex/scratch/hohndor/km/dynamic-benchmark-20260917/justification-v142-original/justification-main/tasks/0215.json	True	03db96f7cbbadeebd0476b04391663c4078ee58baaa6f13b3e784fd21cdfbaec
v142-original	frozen_task	/ibex/scratch/hohndor/km/dynamic-benchmark-20260917/justification-v142-original/justification-main/tasks/0216.json	True	9a0fec8104fc3fd5b2c40c5589dba6a3df15260bd72bf93e84408efa7e7b497d
v142-original	frozen_task	/ibex/scratch/hohndor/km/dynamic-benchmark-20260917/justification-v142-original/justification-main/tasks/0217.json	True	845e8e9d87d47facb8747d9bc65459ff7f7de82486e06e26c494cc414f98dd5f
v142-original	frozen_task	/ibex/scratch/hohndor/km/dynamic-benchmark-20260917/justification-v142-original/justification-main/tasks/0218.json	True	be886de66c823704767d3dffa889dc9c60c8f2c4cf9f4e2d66fe7179c05f228a
v142-original	frozen_task	/ibex/scratch/hohndor/km/dynamic-benchmark-20260917/justification-v142-original/justification-main/tasks/0219.json	True	9963f52ef6a3a8019db18edd404a99d105aa0a5f076e4853551e83db6b0201ef
v142-original	frozen_task	/ibex/scratch/hohndor/km/dynamic-benchmark-20260917/justification-v142-original/justification-main/tasks/0220.json	True	db947f6ba0955a1dc236e7b7014ed3174a42cc5ce9bc0289979f4aff4653345c
v142-original	frozen_task	/ibex/scratch/hohndor/km/dynamic-benchmark-20260917/justification-v142-original/justification-main/tasks/0221.json	True	7a4ab5724f505865f1c8d9cf6ca82259539c864d6c0f03ecbddec3a4c6653a2f
v142-original	frozen_task	/ibex/scratch/hohndor/km/dynamic-benchmark-20260917/justification-v142-original/justification-main/tasks/0222.json	True	9905fa3c71d35d0ca59fb5d099e4003fe855738f8e4aa5ac6d20752ad3a3020b
v142-original	frozen_task	/ibex/scratch/hohndor/km/dynamic-benchmark-20260917/justification-v142-original/justification-main/tasks/0223.json	True	b0e5bb2dcb55b8d42e64daecebfcfac5c7c4ddbea579f2d96e7481d22aaaf952
v142-original	frozen_task	/ibex/scratch/hohndor/km/dynamic-benchmark-20260917/justification-v142-original/justification-main/tasks/0224.json	True	b658a464499eaba6ed7fbd7b3a03d94b38aa69b799f12b155ab83bcaf0eb70c7
v142-original	frozen_task	/ibex/scratch/hohndor/km/dynamic-benchmark-20260917/justification-v142-original/justification-main/tasks/0225.json	True	4cf17ab4ec89db74d07a082241e28132a2f4115b2f593232596a4a4531f5f149
v142-original	frozen_task	/ibex/scratch/hohndor/km/dynamic-benchmark-20260917/justification-v142-original/justification-main/tasks/0226.json	True	53eb7422fcbb1556651cf130bc6f57e03ae0bd5aad62fab5162e95b8ed93cda5
v142-original	frozen_task	/ibex/scratch/hohndor/km/dynamic-benchmark-20260917/justification-v142-original/justification-main/tasks/0227.json	True	d3906da94239c17605901e94fbea1c14de52c8f0198f158dc39300ad93285694
v142-original	frozen_task	/ibex/scratch/hohndor/km/dynamic-benchmark-20260917/justification-v142-original/justification-main/tasks/0228.json	True	780d47296a27043546a2ddc2a79dbba50c3494dedddb20f982b7061069ff4778
v142-original	frozen_task	/ibex/scratch/hohndor/km/dynamic-benchmark-20260917/justification-v142-original/justification-main/tasks/0229.json	True	1b10f6ac1359bfd5640adb833f82c0efe55d54b7aa5439755a8bce0e22da87ba
v142-original	frozen_task	/ibex/scratch/hohndor/km/dynamic-benchmark-20260917/justification-v142-original/justification-main/tasks/0230.json	True	f6e545a799768edbe3dbcba99fe8e12c41aad525549fee0892b8cf2e165f8f03
v142-original	frozen_task	/ibex/scratch/hohndor/km/dynamic-benchmark-20260917/justification-v142-original/justification-main/tasks/0231.json	True	9bed39f9155769966466e9cde0e974dc516eb046b59da03cd467303dbdf2c9ac
v142-original	frozen_task	/ibex/scratch/hohndor/km/dynamic-benchmark-20260917/justification-v142-original/justification-main/tasks/0232.json	True	6c5788adaa0695f84931dd5a2f7d53308451156f9bfa5c7e58368c00d2d0f68e
v142-original	frozen_task	/ibex/scratch/hohndor/km/dynamic-benchmark-20260917/justification-v142-original/justification-main/tasks/0233.json	True	e54a1dedf2b115e904a9cdad49e54653242b2a974f1f9830bba635a68a8f59fe
v142-original	frozen_task	/ibex/scratch/hohndor/km/dynamic-benchmark-20260917/justification-v142-original/justification-main/tasks/0234.json	True	0ad6c5449488ab06aa01626f2faacdd3443c36be3c973b754da38ac57e4e0be8
v142-original	frozen_task	/ibex/scratch/hohndor/km/dynamic-benchmark-20260917/justification-v142-original/justification-main/tasks/0235.json	True	750f3fb271e7ae688a7d7121a2c884f27c3488e09a13ec71418055ca37ad2f2a
v142-original	frozen_task	/ibex/scratch/hohndor/km/dynamic-benchmark-20260917/justification-v142-original/justification-main/tasks/0236.json	True	56f2b2fad726711ff2716bb4d7de5122b0da1e966a8727cbb7db5ff1439d0212
v142-original	frozen_task	/ibex/scratch/hohndor/km/dynamic-benchmark-20260917/justification-v142-original/justification-main/tasks/0237.json	True	b7ebbddab13b46dd328e11c51621532dedff56ef4ba7f203630346a0d67c220a
v142-original	frozen_task	/ibex/scratch/hohndor/km/dynamic-benchmark-20260917/justification-v142-original/justification-main/tasks/0238.json	True	e0bfb5ee1ccc7f95be2e223fb25a5a1fc487d7d712af8b9ec6a4502437a54a1b
v142-original	frozen_task	/ibex/scratch/hohndor/km/dynamic-benchmark-20260917/justification-v142-original/justification-main/tasks/0239.json	True	427275e8d54e95d4537e2c87af230e1d22bdd936afad4bb27ca36cb29b26f7ba
v142-pure-dl	independent_audit	/ibex/scratch/hohndor/km/dynamic-benchmark-20260917/justification-v142-pure-dl/justification-audit/audit.json	True	aa9ed666be2263ee4d1b18af048a4af5e8e43c3f338fdb21185e24fa25e9e05e
v142-pure-dl	logical_normalization	/ibex/scratch/hohndor/km/dynamic-benchmark-20260917/justification-v142-pure-dl/justification-audit/normalized-supports.tsv	True	38c770ad55a90d146d1f5ff8a9e147764b1441146266ed563e0b0488bbfdc348
v142-pure-dl	driver_manifest	/ibex/scratch/hohndor/km/dynamic-benchmark-20260917/justification-v142-pure-dl/justification-main/driver-manifest.json	True	bc50a3ba411cb731714e0b09fc2df3d78c6968d25994d6ff7139aceb29fb4ade
v142-pure-dl	frozen_task	/ibex/scratch/hohndor/km/dynamic-benchmark-20260917/justification-v142-pure-dl/justification-main/tasks/0000.json	True	3decba473c0673b1b720ec6ced2dc828d853e21ef6cbaddb3f48ede59c29b2d6
v142-pure-dl	frozen_task	/ibex/scratch/hohndor/km/dynamic-benchmark-20260917/justification-v142-pure-dl/justification-main/tasks/0001.json	True	84c1c2d5f2eba060b48675882af3c02e315d429414d25411bb0d1c3f8bc41c8e
v142-pure-dl	frozen_task	/ibex/scratch/hohndor/km/dynamic-benchmark-20260917/justification-v142-pure-dl/justification-main/tasks/0002.json	True	6c8fb4af7c35bd8fbebdd110c27c6cbe9609e96182bd8acfbc9b10b5e0f7352a
v142-pure-dl	frozen_task	/ibex/scratch/hohndor/km/dynamic-benchmark-20260917/justification-v142-pure-dl/justification-main/tasks/0003.json	True	465589f45b190715bc8d7194f44cb9942d9f9aa9c9b2e671ab3f3d3ec7577854
v142-pure-dl	frozen_task	/ibex/scratch/hohndor/km/dynamic-benchmark-20260917/justification-v142-pure-dl/justification-main/tasks/0004.json	True	13db938a2c130087b924ed57477702e736c3d1c68098bcb574ee728491cef726
v142-pure-dl	frozen_task	/ibex/scratch/hohndor/km/dynamic-benchmark-20260917/justification-v142-pure-dl/justification-main/tasks/0005.json	True	18ec5c3c37b9cc63e2a9c990b48f9de6b5c058677541a6fc7e138b174a2a2831
v142-pure-dl	frozen_task	/ibex/scratch/hohndor/km/dynamic-benchmark-20260917/justification-v142-pure-dl/justification-main/tasks/0006.json	True	79a6e6166fe63a0e8796ca6f86452d282e38262e25e222c3ef8a9b1297e22afb
v142-pure-dl	frozen_task	/ibex/scratch/hohndor/km/dynamic-benchmark-20260917/justification-v142-pure-dl/justification-main/tasks/0007.json	True	9cf23d17e56afcf84dfdbb0efec2cedcf63d6e92e8c03cd6f196ab6844e8b87c
v142-pure-dl	frozen_task	/ibex/scratch/hohndor/km/dynamic-benchmark-20260917/justification-v142-pure-dl/justification-main/tasks/0008.json	True	86a810da643447116f729ee57879ce09000f8bba4b3794f89c2620762c52fd12
v142-pure-dl	frozen_task	/ibex/scratch/hohndor/km/dynamic-benchmark-20260917/justification-v142-pure-dl/justification-main/tasks/0009.json	True	4cc047d3369c8266f2294bb3a0f8997a25cb328c7d8b1928370d88c5ca244622
v142-pure-dl	frozen_task	/ibex/scratch/hohndor/km/dynamic-benchmark-20260917/justification-v142-pure-dl/justification-main/tasks/0010.json	True	3ea6605acacf7419fddb4f0b4eacb244aa6ed87ef6c03756f0e93847b35c99c2
v142-pure-dl	frozen_task	/ibex/scratch/hohndor/km/dynamic-benchmark-20260917/justification-v142-pure-dl/justification-main/tasks/0011.json	True	51c2f12cffc0c771f785fd6de3d0a7ddc432205fdc45ca0be4be07b1974cc2cf
v142-pure-dl	frozen_task	/ibex/scratch/hohndor/km/dynamic-benchmark-20260917/justification-v142-pure-dl/justification-main/tasks/0012.json	True	1ee58788ee5df0288a0c1b369c91452c02aa2bd9e84bcd421db3b0b415b84eea
v142-pure-dl	frozen_task	/ibex/scratch/hohndor/km/dynamic-benchmark-20260917/justification-v142-pure-dl/justification-main/tasks/0013.json	True	f2cac72d5c4804144a429a50d2b7891429edafb65644a2bbc7ffad85e10a0306
v142-pure-dl	frozen_task	/ibex/scratch/hohndor/km/dynamic-benchmark-20260917/justification-v142-pure-dl/justification-main/tasks/0014.json	True	d72c0e4e8fd0adea18a73eb4a4ca7a4d93a8778f9faef472a6fe86f4e76d34f5
v142-pure-dl	frozen_task	/ibex/scratch/hohndor/km/dynamic-benchmark-20260917/justification-v142-pure-dl/justification-main/tasks/0015.json	True	d8544551a18847b086bc55ebbce8f88bfde37296d3908b8dea879859c9b8d7ba
v142-pure-dl	frozen_task	/ibex/scratch/hohndor/km/dynamic-benchmark-20260917/justification-v142-pure-dl/justification-main/tasks/0016.json	True	c28dcac3d1f200e28692507088aeee1c27604ab04c292488b0114e6e0579faf8
v142-pure-dl	frozen_task	/ibex/scratch/hohndor/km/dynamic-benchmark-20260917/justification-v142-pure-dl/justification-main/tasks/0017.json	True	9367d6218c2524b868eb45a0d3988442103046757506746a19cb39053a113d5d
v142-pure-dl	frozen_task	/ibex/scratch/hohndor/km/dynamic-benchmark-20260917/justification-v142-pure-dl/justification-main/tasks/0018.json	True	ff0311a987a93b17bf5b3a34a1aa46fda2825ee6405be42abfc75e5c773c1d0b
v142-pure-dl	frozen_task	/ibex/scratch/hohndor/km/dynamic-benchmark-20260917/justification-v142-pure-dl/justification-main/tasks/0019.json	True	a33c11a9800795334e1ba06529cc2a655ae9b0b1b13f740a067f5a4d3b373bfe
v142-pure-dl	frozen_task	/ibex/scratch/hohndor/km/dynamic-benchmark-20260917/justification-v142-pure-dl/justification-main/tasks/0020.json	True	0355152bcca1f90c07c08e11bfc838883a9d89140c39e27fca1aad753abbfbb4
v142-pure-dl	frozen_task	/ibex/scratch/hohndor/km/dynamic-benchmark-20260917/justification-v142-pure-dl/justification-main/tasks/0021.json	True	bd7aafe97dfa398f1c88e51c539e20226bc7c72dd98cec0554fa3dcb6760992e
v142-pure-dl	frozen_task	/ibex/scratch/hohndor/km/dynamic-benchmark-20260917/justification-v142-pure-dl/justification-main/tasks/0022.json	True	c74451a8e64e02c68b7fb1ce7e68cf98bbc4016ad310444cf46873c9e2ffbc60
v142-pure-dl	frozen_task	/ibex/scratch/hohndor/km/dynamic-benchmark-20260917/justification-v142-pure-dl/justification-main/tasks/0023.json	True	95c5542b8aeed211ec9dfcbc8f3df6b78dece6e8bbd34cccdcc2234b4a5668af
v142-pure-dl	frozen_task	/ibex/scratch/hohndor/km/dynamic-benchmark-20260917/justification-v142-pure-dl/justification-main/tasks/0024.json	True	416dd909297674a78bd0aeddd96ff6bb4944fcfe94dd9556dd32f5527602bbf0
v142-pure-dl	frozen_task	/ibex/scratch/hohndor/km/dynamic-benchmark-20260917/justification-v142-pure-dl/justification-main/tasks/0025.json	True	38664cf58dd7a9e04f3fcf4d9141fba31336e35ed57bbf3bf1e69192389ef10c
v142-pure-dl	frozen_task	/ibex/scratch/hohndor/km/dynamic-benchmark-20260917/justification-v142-pure-dl/justification-main/tasks/0026.json	True	bbd53f5b09fec4745e1563e99d3b474408e50709a42efb475e306efed6e9b670
v142-pure-dl	frozen_task	/ibex/scratch/hohndor/km/dynamic-benchmark-20260917/justification-v142-pure-dl/justification-main/tasks/0027.json	True	eee554931359e0e0b305973c810629403e36b06024334afb7665eedc29fcfc63
v142-pure-dl	frozen_task	/ibex/scratch/hohndor/km/dynamic-benchmark-20260917/justification-v142-pure-dl/justification-main/tasks/0028.json	True	3195925542e74a0d6cee81c52b24c953b3d93f596fd3cd3ddd42bcb60fd7f1ba
v142-pure-dl	frozen_task	/ibex/scratch/hohndor/km/dynamic-benchmark-20260917/justification-v142-pure-dl/justification-main/tasks/0029.json	True	9e9343b7589bcef249e142395188c08a34caad9361782ccb13be11ab3235d5c9
v142-pure-dl	frozen_task	/ibex/scratch/hohndor/km/dynamic-benchmark-20260917/justification-v142-pure-dl/justification-main/tasks/0030.json	True	a0098ccfe3f032d7b651bd3c749ec7542b36c016989bdd294d83ff6d51462b10
v142-pure-dl	frozen_task	/ibex/scratch/hohndor/km/dynamic-benchmark-20260917/justification-v142-pure-dl/justification-main/tasks/0031.json	True	ed43a307d03e651acd1a7cac2dba59b06bdde338c9b6df5e3c3c5c67dc93488d
v142-pure-dl	frozen_task	/ibex/scratch/hohndor/km/dynamic-benchmark-20260917/justification-v142-pure-dl/justification-main/tasks/0032.json	True	c4a90117ef0037830b010dbf308f3ff1b9a7b7ab09caa8ff65b397bdc8d5bf9e
v142-pure-dl	frozen_task	/ibex/scratch/hohndor/km/dynamic-benchmark-20260917/justification-v142-pure-dl/justification-main/tasks/0033.json	True	214b2bb2946814ad705e85aa8450bec74041480321222b7c874e7379ac00d2c4
v142-pure-dl	frozen_task	/ibex/scratch/hohndor/km/dynamic-benchmark-20260917/justification-v142-pure-dl/justification-main/tasks/0034.json	True	d83e6a934c22193aa934fff974b93a4bf9f2388a29efb7c936b4e2a902e78926
v142-pure-dl	frozen_task	/ibex/scratch/hohndor/km/dynamic-benchmark-20260917/justification-v142-pure-dl/justification-main/tasks/0035.json	True	6245e501cc5c859fc60573416deec7923c19b23e92ce1d09e24e56c91bf5f51a
v142-pure-dl	frozen_task	/ibex/scratch/hohndor/km/dynamic-benchmark-20260917/justification-v142-pure-dl/justification-main/tasks/0036.json	True	413c456eec05989021aef5ce62625ba254902723032dbbb7354a81fe9419ce07
v142-pure-dl	frozen_task	/ibex/scratch/hohndor/km/dynamic-benchmark-20260917/justification-v142-pure-dl/justification-main/tasks/0037.json	True	0736a68951961f7cf7e04d0dc59064f9ce8ce5cf1f4c022ddca38d65347050af
v142-pure-dl	frozen_task	/ibex/scratch/hohndor/km/dynamic-benchmark-20260917/justification-v142-pure-dl/justification-main/tasks/0038.json	True	375363187868db251f7481ca284fcdd51d46f330bc7938b57adba8bc6e714722
v142-pure-dl	frozen_task	/ibex/scratch/hohndor/km/dynamic-benchmark-20260917/justification-v142-pure-dl/justification-main/tasks/0039.json	True	bcfe05e9371e5f59647a31a7390c149873374d312fe17a4c10424869fbb9050d
v142-pure-dl	frozen_task	/ibex/scratch/hohndor/km/dynamic-benchmark-20260917/justification-v142-pure-dl/justification-main/tasks/0040.json	True	033a7ef2783ccc9a41a18f87fd1737d76f380c7eabf896000b21f6f07e44eeb6
v142-pure-dl	frozen_task	/ibex/scratch/hohndor/km/dynamic-benchmark-20260917/justification-v142-pure-dl/justification-main/tasks/0041.json	True	39da52a84cd47310b3a57995c0762a8696b8ab9e9e208dac0e01d2cc27e181d7
v142-pure-dl	frozen_task	/ibex/scratch/hohndor/km/dynamic-benchmark-20260917/justification-v142-pure-dl/justification-main/tasks/0042.json	True	3158f73c92a906e28bc2f3168ed343cda37f814ea12001e8ffdd25e463436739
v142-pure-dl	frozen_task	/ibex/scratch/hohndor/km/dynamic-benchmark-20260917/justification-v142-pure-dl/justification-main/tasks/0043.json	True	c9689e3f2fbf3df6d4972f3c4505eb480a12aa47dfe82638897004f90992f34b
v142-pure-dl	frozen_task	/ibex/scratch/hohndor/km/dynamic-benchmark-20260917/justification-v142-pure-dl/justification-main/tasks/0044.json	True	b266b001284e18c3b213ec858fa3bc529fe0baf3b65f339782981cb8bd175738
v142-pure-dl	frozen_task	/ibex/scratch/hohndor/km/dynamic-benchmark-20260917/justification-v142-pure-dl/justification-main/tasks/0045.json	True	ad60651c829ffb161bf543f89c6da8ea78cfb8aafe8b52180decbb6789ff65e3
v142-pure-dl	frozen_task	/ibex/scratch/hohndor/km/dynamic-benchmark-20260917/justification-v142-pure-dl/justification-main/tasks/0046.json	True	51a0530521e233ec9bc142ca169bfcceb73d7e5bed57dbe725cdb3a0e09d2a0d
v142-pure-dl	frozen_task	/ibex/scratch/hohndor/km/dynamic-benchmark-20260917/justification-v142-pure-dl/justification-main/tasks/0047.json	True	e8d2360b28d7a6ba3614088d51e6d44cbafe485a39f54062e4d99edb569861a0
v142-pure-dl	frozen_task	/ibex/scratch/hohndor/km/dynamic-benchmark-20260917/justification-v142-pure-dl/justification-main/tasks/0048.json	True	35764e5ca449ba85f3a8d59238b7863820fb740ac7859063c9f9cdd9eca3c536
v142-pure-dl	frozen_task	/ibex/scratch/hohndor/km/dynamic-benchmark-20260917/justification-v142-pure-dl/justification-main/tasks/0049.json	True	4f55c93bd7f4da8cf0572db0c2172b54435dc86f7d749a22a662350ec9b4cdcc
v142-pure-dl	frozen_task	/ibex/scratch/hohndor/km/dynamic-benchmark-20260917/justification-v142-pure-dl/justification-main/tasks/0050.json	True	f51828184442ec70155090b17a07c6b3e8701569aacb328c4f6fc9b890f5a76e
v142-pure-dl	frozen_task	/ibex/scratch/hohndor/km/dynamic-benchmark-20260917/justification-v142-pure-dl/justification-main/tasks/0051.json	True	3a44a0b2e2eee5d204304af379ef540b80fa340a423f004716978454777c783a
v142-pure-dl	frozen_task	/ibex/scratch/hohndor/km/dynamic-benchmark-20260917/justification-v142-pure-dl/justification-main/tasks/0052.json	True	5455d7f24742b2b902e89ce9e049e7fe5f743eb473cfcc1bb3b02d36eedb9dab
v142-pure-dl	frozen_task	/ibex/scratch/hohndor/km/dynamic-benchmark-20260917/justification-v142-pure-dl/justification-main/tasks/0053.json	True	1f970016761fe19edf5098644bd376f1355a9c188a533daa0ebdcd4f4d3fa03f
v142-pure-dl	frozen_task	/ibex/scratch/hohndor/km/dynamic-benchmark-20260917/justification-v142-pure-dl/justification-main/tasks/0054.json	True	a30fe07da3816e0d7ed07b665df7a4420ce7521ef15415026448db7039d76f92
v142-pure-dl	frozen_task	/ibex/scratch/hohndor/km/dynamic-benchmark-20260917/justification-v142-pure-dl/justification-main/tasks/0055.json	True	c971744860c8645d4d52873fab794e417438e1b40c7c064ca7232afa56e88515
v142-pure-dl	frozen_task	/ibex/scratch/hohndor/km/dynamic-benchmark-20260917/justification-v142-pure-dl/justification-main/tasks/0056.json	True	d89a24452879ce580a3e344436c123bd45fa3e26537b3fb976f996b30ff951c2
v142-pure-dl	frozen_task	/ibex/scratch/hohndor/km/dynamic-benchmark-20260917/justification-v142-pure-dl/justification-main/tasks/0057.json	True	cd8239d16e3fea472d6a0658dd5eebb73a33ba3367e3f1d478a765fbcc25713f
v142-pure-dl	frozen_task	/ibex/scratch/hohndor/km/dynamic-benchmark-20260917/justification-v142-pure-dl/justification-main/tasks/0058.json	True	18133dbee7f65553d9b5acf6aea489ec7d9676cbfc2d21e77c6de3818f3dd2e1
v142-pure-dl	frozen_task	/ibex/scratch/hohndor/km/dynamic-benchmark-20260917/justification-v142-pure-dl/justification-main/tasks/0059.json	True	2616e3cbf499f776c95340ed5a8224d8e657a02afdffcb845d2580ca90aad435
stream-v4-baseline-original	independent_audit	/ibex/user/hohndor/km/dynamic-benchmark-20260917/justification-stream-v4c-baseline-original/justification-audit/audit.json	True	d549bc304725379795e42701ec7fe808cbf1606de39d979225092eb86f793e17
stream-v4-baseline-original	logical_normalization	/ibex/user/hohndor/km/dynamic-benchmark-20260917/justification-stream-v4c-baseline-original/justification-audit/normalized-supports.tsv	True	409c62cd8da142317b125639a797f90d03f670a30aec0dd3505567d72e660fff
stream-v4-baseline-original	driver_manifest	/ibex/user/hohndor/km/dynamic-benchmark-20260917/justification-stream-v4c-baseline-original/justification-main/driver-manifest.json	True	374671ed59e18fe6e6b54964afd4c1c1223d2487fc55eee74fe9da6b2db1d688
stream-v4-baseline-original	frozen_task	/ibex/user/hohndor/km/dynamic-benchmark-20260917/justification-stream-v4c-baseline-original/justification-main/tasks/0000.json	True	935523a845b9f53abe3d845578e89b2f5277f874edc2b7d6d797776df308eada
stream-v4-baseline-original	frozen_task	/ibex/user/hohndor/km/dynamic-benchmark-20260917/justification-stream-v4c-baseline-original/justification-main/tasks/0001.json	True	6de1a38f5b37b413bef53bec15a1e1c8c7d04731464a378784622e089537361b
stream-v4-baseline-original	frozen_task	/ibex/user/hohndor/km/dynamic-benchmark-20260917/justification-stream-v4c-baseline-original/justification-main/tasks/0002.json	True	82ca7c27731364351e6156407fc10a254b3ce294074d92e5601c9a99bb2b6dd1
stream-v4-baseline-original	frozen_task	/ibex/user/hohndor/km/dynamic-benchmark-20260917/justification-stream-v4c-baseline-original/justification-main/tasks/0003.json	True	7901e4ecbea9e6d05e3d75f548996a3f4a182d617e0900c7b55f351da56eea2c
stream-v4-baseline-original	frozen_task	/ibex/user/hohndor/km/dynamic-benchmark-20260917/justification-stream-v4c-baseline-original/justification-main/tasks/0004.json	True	1b154c72506f7fcddd566d411d6a98208b1e1bd571e33d70fa8504b97b044c2e
stream-v4-baseline-original	frozen_task	/ibex/user/hohndor/km/dynamic-benchmark-20260917/justification-stream-v4c-baseline-original/justification-main/tasks/0005.json	True	e5015ea7f5de3b593789c84b46cb3cd280d639509d22aee1f66e3cbb796d309b
stream-v4-baseline-original	frozen_task	/ibex/user/hohndor/km/dynamic-benchmark-20260917/justification-stream-v4c-baseline-original/justification-main/tasks/0006.json	True	85aea2cea821b6f8f9c9ede08f11ec9ced8b05650afc8eb5bc57c49393960427
stream-v4-baseline-original	frozen_task	/ibex/user/hohndor/km/dynamic-benchmark-20260917/justification-stream-v4c-baseline-original/justification-main/tasks/0007.json	True	b3f6fdc0edc074e8488bf14c4e92cfb3ef84b42d916f84292f47aea335acf54e
stream-v4-baseline-original	frozen_task	/ibex/user/hohndor/km/dynamic-benchmark-20260917/justification-stream-v4c-baseline-original/justification-main/tasks/0008.json	True	6554011dd71ccd4ae8944a21f2133477a72dd6c201fa63c972fe6a936bd5215a
stream-v4-baseline-original	frozen_task	/ibex/user/hohndor/km/dynamic-benchmark-20260917/justification-stream-v4c-baseline-original/justification-main/tasks/0009.json	True	16d5768852efd9030ef331839aa680edbe6c542545367a55760d39d33277f7d5
stream-v4-baseline-original	frozen_task	/ibex/user/hohndor/km/dynamic-benchmark-20260917/justification-stream-v4c-baseline-original/justification-main/tasks/0010.json	True	af17c3a6c72a6e717088133fc6f6ded6d2157be21a6b8a0168727057ef842ea9
stream-v4-baseline-original	frozen_task	/ibex/user/hohndor/km/dynamic-benchmark-20260917/justification-stream-v4c-baseline-original/justification-main/tasks/0011.json	True	5ab21b921103f4104f5727aacfcbbabf1ca6cd91f191d732834cd119220ef029
stream-v4-baseline-original	frozen_task	/ibex/user/hohndor/km/dynamic-benchmark-20260917/justification-stream-v4c-baseline-original/justification-main/tasks/0012.json	True	c0e531f5aaf814e906a6b25388707310c50510c9d7ece3cdd8fd3dd738f326e3
stream-v4-baseline-original	frozen_task	/ibex/user/hohndor/km/dynamic-benchmark-20260917/justification-stream-v4c-baseline-original/justification-main/tasks/0013.json	True	1efd5477be3fa4125c10e6804d19077ce8ca7b491f578c4d805a1eba106ba09b
stream-v4-baseline-original	frozen_task	/ibex/user/hohndor/km/dynamic-benchmark-20260917/justification-stream-v4c-baseline-original/justification-main/tasks/0014.json	True	b73f483328c1622318f9c380b76bc51abccd47054405d5ff1781979f81a1066b
stream-v4-baseline-original	frozen_task	/ibex/user/hohndor/km/dynamic-benchmark-20260917/justification-stream-v4c-baseline-original/justification-main/tasks/0015.json	True	1b34254bdf18462766757480ab95e84160b7cf5051449108e0a60392a522ea86
stream-v4-baseline-original	frozen_task	/ibex/user/hohndor/km/dynamic-benchmark-20260917/justification-stream-v4c-baseline-original/justification-main/tasks/0016.json	True	10fa110a89d111e58afba89fda2d315bbe1acb475da2292dcf888fe41f5f87db
stream-v4-baseline-original	frozen_task	/ibex/user/hohndor/km/dynamic-benchmark-20260917/justification-stream-v4c-baseline-original/justification-main/tasks/0017.json	True	323b4983bac785c6f22720caa61a1091544fa0a6c0ed29780d778db1705115ee
stream-v4-baseline-original	frozen_task	/ibex/user/hohndor/km/dynamic-benchmark-20260917/justification-stream-v4c-baseline-original/justification-main/tasks/0018.json	True	c3125a48fe6d4a164df80c45cd211b2e252a2889c8d2501989fe7644c1a7a2fa
stream-v4-baseline-original	frozen_task	/ibex/user/hohndor/km/dynamic-benchmark-20260917/justification-stream-v4c-baseline-original/justification-main/tasks/0019.json	True	5ad31e77e137ae7b6f287e70e11b91db2ebd543b5e8039ceb4c30ea90d0583be
stream-v4-baseline-original	frozen_task	/ibex/user/hohndor/km/dynamic-benchmark-20260917/justification-stream-v4c-baseline-original/justification-main/tasks/0020.json	True	e97d23130d9379e918a02d1159a2558cca4a5673cbb06448105df50ab0594b52
stream-v4-baseline-original	frozen_task	/ibex/user/hohndor/km/dynamic-benchmark-20260917/justification-stream-v4c-baseline-original/justification-main/tasks/0021.json	True	324e0c3dfdae7a29c3e6474da19e4e84bdad78fb0e7751752a1cdcd55d2b9a30
stream-v4-baseline-original	frozen_task	/ibex/user/hohndor/km/dynamic-benchmark-20260917/justification-stream-v4c-baseline-original/justification-main/tasks/0022.json	True	a71da68ccb40f7127c28f501ce3ef6f30195376d4a0a443706caf5c7e32a9950
stream-v4-baseline-original	frozen_task	/ibex/user/hohndor/km/dynamic-benchmark-20260917/justification-stream-v4c-baseline-original/justification-main/tasks/0023.json	True	c43f95e3a9dd430a08e16e4890845a67df7e662b162d65234e3b7fe05f23a072
stream-v4-baseline-original	frozen_task	/ibex/user/hohndor/km/dynamic-benchmark-20260917/justification-stream-v4c-baseline-original/justification-main/tasks/0024.json	True	457741296bc8809d52358187a76418297f2352a547a9714becf04a79c5208776
stream-v4-baseline-original	frozen_task	/ibex/user/hohndor/km/dynamic-benchmark-20260917/justification-stream-v4c-baseline-original/justification-main/tasks/0025.json	True	c74bab912d65b5cfad4e70aa1a00b57ecd030e6172e657d6d73379ecdeaa97fb
stream-v4-baseline-original	frozen_task	/ibex/user/hohndor/km/dynamic-benchmark-20260917/justification-stream-v4c-baseline-original/justification-main/tasks/0026.json	True	c1784143576c6fc7782c1cc6bed2d80aeb6ba2ec73d81a5cb485e9b55f89e354
stream-v4-baseline-original	frozen_task	/ibex/user/hohndor/km/dynamic-benchmark-20260917/justification-stream-v4c-baseline-original/justification-main/tasks/0027.json	True	6f6ccdc466e0adf062335868e1a699a5a08143664c7bd4d140a20e270803b7c6
stream-v4-baseline-original	frozen_task	/ibex/user/hohndor/km/dynamic-benchmark-20260917/justification-stream-v4c-baseline-original/justification-main/tasks/0028.json	True	54533b413ef2e4ac9f113be228e4199ebd7280d8e9db117067ebb8d3f9b67c60
stream-v4-baseline-original	frozen_task	/ibex/user/hohndor/km/dynamic-benchmark-20260917/justification-stream-v4c-baseline-original/justification-main/tasks/0029.json	True	428f56b63d0636aa5f9be1e3c8d9e63c10d1915a556a498c717511b6b7e433c6
stream-v4-baseline-original	frozen_task	/ibex/user/hohndor/km/dynamic-benchmark-20260917/justification-stream-v4c-baseline-original/justification-main/tasks/0030.json	True	e045e73cbed8304302ac97896bf3a9932bce0ddb5723b53de2eb25457dd545f8
stream-v4-baseline-original	frozen_task	/ibex/user/hohndor/km/dynamic-benchmark-20260917/justification-stream-v4c-baseline-original/justification-main/tasks/0031.json	True	55452c2bfc5baa5b09cc711130b08a5c6cc7f9ac6b6a79ff22d143ebaee3ae34
stream-v4-baseline-original	frozen_task	/ibex/user/hohndor/km/dynamic-benchmark-20260917/justification-stream-v4c-baseline-original/justification-main/tasks/0032.json	True	9dc49fa104c2b32d69208d9a4ca86c5f6292cd9dfd89951380f9973eda8b7271
stream-v4-baseline-original	frozen_task	/ibex/user/hohndor/km/dynamic-benchmark-20260917/justification-stream-v4c-baseline-original/justification-main/tasks/0033.json	True	0fc654d58ff38a7bb35ba5a61f6c56d4324cde3e49c775967aa575ce51d73fef
stream-v4-baseline-original	frozen_task	/ibex/user/hohndor/km/dynamic-benchmark-20260917/justification-stream-v4c-baseline-original/justification-main/tasks/0034.json	True	fd9c519abe6dfad5c2972d75be06f59195a5813af78bc7b7b36d78fb613199a1
stream-v4-baseline-original	frozen_task	/ibex/user/hohndor/km/dynamic-benchmark-20260917/justification-stream-v4c-baseline-original/justification-main/tasks/0035.json	True	c9a50ff12efddbb2739ab157ccf016ad45113e2491b459b69b78168b84952cda
stream-v4-baseline-original	frozen_task	/ibex/user/hohndor/km/dynamic-benchmark-20260917/justification-stream-v4c-baseline-original/justification-main/tasks/0036.json	True	32143079786a1bfaeeed97134dcd7b8ab447cfb80a9404c7a74c00ab0a371a09
stream-v4-baseline-original	frozen_task	/ibex/user/hohndor/km/dynamic-benchmark-20260917/justification-stream-v4c-baseline-original/justification-main/tasks/0037.json	True	62801968e3058d520b3ccf5b6b4841b9bd695c85d0bea8e74ec20aaeb472be1b
stream-v4-baseline-original	frozen_task	/ibex/user/hohndor/km/dynamic-benchmark-20260917/justification-stream-v4c-baseline-original/justification-main/tasks/0038.json	True	dc2b559a1be0eb2a88977f9b9f82bb612ba9c18df1f13381b487a4d4dbf2ec7d
stream-v4-baseline-original	frozen_task	/ibex/user/hohndor/km/dynamic-benchmark-20260917/justification-stream-v4c-baseline-original/justification-main/tasks/0039.json	True	18c56c8da086ed465d6ec3da32f5bbbb27ecdf4e2f1a053743bb8c3bcdb8236e
stream-v4-baseline-original	frozen_task	/ibex/user/hohndor/km/dynamic-benchmark-20260917/justification-stream-v4c-baseline-original/justification-main/tasks/0040.json	True	bb65c291d37fec141fe17097a850db1f36273fabfc212bc6b06706fbea1e6e4a
stream-v4-baseline-original	frozen_task	/ibex/user/hohndor/km/dynamic-benchmark-20260917/justification-stream-v4c-baseline-original/justification-main/tasks/0041.json	True	1bed89f0443540cf95584095ad3a4efae3ff10d2ea0ee7c9a07ae20183f654d1
stream-v4-baseline-original	frozen_task	/ibex/user/hohndor/km/dynamic-benchmark-20260917/justification-stream-v4c-baseline-original/justification-main/tasks/0042.json	True	84272589367a3ec29da003019d65686bf52f7d19124907de82a4928f6306fb2f
stream-v4-baseline-original	frozen_task	/ibex/user/hohndor/km/dynamic-benchmark-20260917/justification-stream-v4c-baseline-original/justification-main/tasks/0043.json	True	178f715fd1cd7b9196a5baf6b55fa806ecebc513682b9a9b6f88e6c5a5211a37
stream-v4-baseline-original	frozen_task	/ibex/user/hohndor/km/dynamic-benchmark-20260917/justification-stream-v4c-baseline-original/justification-main/tasks/0044.json	True	655d7fe53fec61c5c0d9214649d4dc6f3830f5f90e7c4627be032049e0c5f221
stream-v4-baseline-original	frozen_task	/ibex/user/hohndor/km/dynamic-benchmark-20260917/justification-stream-v4c-baseline-original/justification-main/tasks/0045.json	True	84a227aa449ca6ae3fd94841242d887f8cca59f2872dec568cc2a4599fbdf4e6
stream-v4-baseline-original	frozen_task	/ibex/user/hohndor/km/dynamic-benchmark-20260917/justification-stream-v4c-baseline-original/justification-main/tasks/0046.json	True	ac64e35e576d8c45f6cbcf953a8f51a561394f2d3081f22e9ac654abc574621e
stream-v4-baseline-original	frozen_task	/ibex/user/hohndor/km/dynamic-benchmark-20260917/justification-stream-v4c-baseline-original/justification-main/tasks/0047.json	True	75491e5b94ea3f26e585b98383ea512a2c63cb12d20b3f3923ed6bad26c10562
stream-v4-baseline-original	frozen_task	/ibex/user/hohndor/km/dynamic-benchmark-20260917/justification-stream-v4c-baseline-original/justification-main/tasks/0048.json	True	acb176229aaec8340c376b4538509085015d274aea83596f0df49ae1fda41b2a
stream-v4-baseline-original	frozen_task	/ibex/user/hohndor/km/dynamic-benchmark-20260917/justification-stream-v4c-baseline-original/justification-main/tasks/0049.json	True	4bcf69eef4ddface6dc3fd1104b748b6d8e8c1a24e53dd963c01420684a2d431
stream-v4-baseline-original	frozen_task	/ibex/user/hohndor/km/dynamic-benchmark-20260917/justification-stream-v4c-baseline-original/justification-main/tasks/0050.json	True	66ac93ecb5aff9ca9c09a7cc00ca009d98596ee6b3e911e541fe5cc460236948
stream-v4-baseline-original	frozen_task	/ibex/user/hohndor/km/dynamic-benchmark-20260917/justification-stream-v4c-baseline-original/justification-main/tasks/0051.json	True	981fede7dd1db63c2067d003c1641b453b360384cb54667f3b6b708cb3438394
stream-v4-baseline-original	frozen_task	/ibex/user/hohndor/km/dynamic-benchmark-20260917/justification-stream-v4c-baseline-original/justification-main/tasks/0052.json	True	55252aef3369bc3c0c59e9de3cc826a9d5d29b860a300e83206a4de25ca0a03f
stream-v4-baseline-original	frozen_task	/ibex/user/hohndor/km/dynamic-benchmark-20260917/justification-stream-v4c-baseline-original/justification-main/tasks/0053.json	True	f494c321a28237b7d9566180619e4ebea93a04d4ba1835f15867cbbea5649009
stream-v4-baseline-original	frozen_task	/ibex/user/hohndor/km/dynamic-benchmark-20260917/justification-stream-v4c-baseline-original/justification-main/tasks/0054.json	True	f1dbc578a815796de0eff423b2ce80592a4b37bcdbd54cf4657d6f9239631797
stream-v4-baseline-original	frozen_task	/ibex/user/hohndor/km/dynamic-benchmark-20260917/justification-stream-v4c-baseline-original/justification-main/tasks/0055.json	True	f74c1a4070155c3f17de5f65d6f00965e0ebba5d38cdf52403214943681a0d17
stream-v4-baseline-original	frozen_task	/ibex/user/hohndor/km/dynamic-benchmark-20260917/justification-stream-v4c-baseline-original/justification-main/tasks/0056.json	True	26f3bfaa14ce83db37186cacabe1b4e87c672aed61296e2a169ff9071df4bb2d
stream-v4-baseline-original	frozen_task	/ibex/user/hohndor/km/dynamic-benchmark-20260917/justification-stream-v4c-baseline-original/justification-main/tasks/0057.json	True	f7c3e97b52dc0a0af88d1ed65316e0f8fa214584c6367c6e1b9ed495539d5735
stream-v4-baseline-original	frozen_task	/ibex/user/hohndor/km/dynamic-benchmark-20260917/justification-stream-v4c-baseline-original/justification-main/tasks/0058.json	True	80b851c00f78c4b6dbd746a094ad154a27ac7c951e35c328ff1715d765ebe043
stream-v4-baseline-original	frozen_task	/ibex/user/hohndor/km/dynamic-benchmark-20260917/justification-stream-v4c-baseline-original/justification-main/tasks/0059.json	True	98e88af6778ab9e4dd912ea55cbc5992eef0a608d52d05e4e3a07ae164159682
stream-v4-baseline-original	frozen_task	/ibex/user/hohndor/km/dynamic-benchmark-20260917/justification-stream-v4c-baseline-original/justification-main/tasks/0060.json	True	0099129aeca149d81c8c76aa3f2eab3d04606a0b65f716bcb5b8e0239891d5f1
stream-v4-baseline-original	frozen_task	/ibex/user/hohndor/km/dynamic-benchmark-20260917/justification-stream-v4c-baseline-original/justification-main/tasks/0061.json	True	f7a3c1f1e96d7166f5d7e98fe4cfad29cde00593319d870423447b7e392facd4
stream-v4-baseline-original	frozen_task	/ibex/user/hohndor/km/dynamic-benchmark-20260917/justification-stream-v4c-baseline-original/justification-main/tasks/0062.json	True	11550cd1a436d885e5c19e7536df11faccbcd396f03a6800b214221d6c48fa8a
stream-v4-baseline-original	frozen_task	/ibex/user/hohndor/km/dynamic-benchmark-20260917/justification-stream-v4c-baseline-original/justification-main/tasks/0063.json	True	a4a41c689b59d3bdc13ec002fd4db836f64ac5e9683c544bcb32b5a036493003
stream-v4-baseline-original	frozen_task	/ibex/user/hohndor/km/dynamic-benchmark-20260917/justification-stream-v4c-baseline-original/justification-main/tasks/0064.json	True	838d732d210b44ccb01dc126a660e795cf5d8ca0a2b707c8391698032e7c3bb4
stream-v4-baseline-original	frozen_task	/ibex/user/hohndor/km/dynamic-benchmark-20260917/justification-stream-v4c-baseline-original/justification-main/tasks/0065.json	True	b6ed8d929ffd752555280b97e19a96fc54935a80a1b8c06f656039a049862322
stream-v4-baseline-original	frozen_task	/ibex/user/hohndor/km/dynamic-benchmark-20260917/justification-stream-v4c-baseline-original/justification-main/tasks/0066.json	True	709a8e1816d5a12b5cf9bc72dd14128ba2bef0bc6c73e7480c667282f3888a20
stream-v4-baseline-original	frozen_task	/ibex/user/hohndor/km/dynamic-benchmark-20260917/justification-stream-v4c-baseline-original/justification-main/tasks/0067.json	True	fc20645fa3c31249289c25c2a32c1a3a45ff09358104e226fd073e18563d62aa
stream-v4-baseline-original	frozen_task	/ibex/user/hohndor/km/dynamic-benchmark-20260917/justification-stream-v4c-baseline-original/justification-main/tasks/0068.json	True	7ffc0083b83a310d84b5f7725e780f8dee6e8478c7dbf4ff59757fa337d723ff
stream-v4-baseline-original	frozen_task	/ibex/user/hohndor/km/dynamic-benchmark-20260917/justification-stream-v4c-baseline-original/justification-main/tasks/0069.json	True	d7e32665f5803be08b0be0c3ced48f093b0b4a6fdcce8162c5e11fd9499c5542
stream-v4-baseline-original	frozen_task	/ibex/user/hohndor/km/dynamic-benchmark-20260917/justification-stream-v4c-baseline-original/justification-main/tasks/0070.json	True	c630b4573f6e3ff3fc1897376a5e8c5e4d39e510847a33e9bffaad836948f3e0
stream-v4-baseline-original	frozen_task	/ibex/user/hohndor/km/dynamic-benchmark-20260917/justification-stream-v4c-baseline-original/justification-main/tasks/0071.json	True	bb9f70f01ef89412ff6758103c1aa42d2d3cbfb0466b26ca3f2266cee7bc1377
stream-v4-baseline-original	frozen_task	/ibex/user/hohndor/km/dynamic-benchmark-20260917/justification-stream-v4c-baseline-original/justification-main/tasks/0072.json	True	003c78782bf784dd3a403e6c1243188c6819b67bfdfc1f5b689a95683c849051
stream-v4-baseline-original	frozen_task	/ibex/user/hohndor/km/dynamic-benchmark-20260917/justification-stream-v4c-baseline-original/justification-main/tasks/0073.json	True	14eb1eaab31cbe065bdd8af6fa226b537c66307a66ed837953d6dc43871aeb35
stream-v4-baseline-original	frozen_task	/ibex/user/hohndor/km/dynamic-benchmark-20260917/justification-stream-v4c-baseline-original/justification-main/tasks/0074.json	True	b3eb4be93df44206fe6f8093ee2258923812f9a2a3df462ff24496b3a514039f
stream-v4-baseline-original	frozen_task	/ibex/user/hohndor/km/dynamic-benchmark-20260917/justification-stream-v4c-baseline-original/justification-main/tasks/0075.json	True	26d65e30581cf966dfc74e9d9d013132e23e4b6c407c5952aebb38d0aa9c5659
stream-v4-baseline-original	frozen_task	/ibex/user/hohndor/km/dynamic-benchmark-20260917/justification-stream-v4c-baseline-original/justification-main/tasks/0076.json	True	566075703a39718ff9ae077a57c50e77ed78dc3f49facfa2c28eacbe7a20d99a
stream-v4-baseline-original	frozen_task	/ibex/user/hohndor/km/dynamic-benchmark-20260917/justification-stream-v4c-baseline-original/justification-main/tasks/0077.json	True	a3c58aa72fabb4d2a68e10f30bb1cc439a9d8895948fa6c4dbf3fc67d163c2cf
stream-v4-baseline-original	frozen_task	/ibex/user/hohndor/km/dynamic-benchmark-20260917/justification-stream-v4c-baseline-original/justification-main/tasks/0078.json	True	d4808aaf78fc4d6cc39437fc15688f0c40df0b6da4f6ca78c9fd974862dce618
stream-v4-baseline-original	frozen_task	/ibex/user/hohndor/km/dynamic-benchmark-20260917/justification-stream-v4c-baseline-original/justification-main/tasks/0079.json	True	b5dd3efc8cda712b14a367406a2dcd70f5edc62fcf92101cfd00dce5bea409c0
stream-v4-baseline-original	frozen_task	/ibex/user/hohndor/km/dynamic-benchmark-20260917/justification-stream-v4c-baseline-original/justification-main/tasks/0080.json	True	9c485f9a5a7beb62dc1debd8b61793b8453cecaa3cc852e673f1f0c40ab9953c
stream-v4-baseline-original	frozen_task	/ibex/user/hohndor/km/dynamic-benchmark-20260917/justification-stream-v4c-baseline-original/justification-main/tasks/0081.json	True	7f7cc5ac800035f25d0df05c91d9341d0d214f8264cefaf2e44a71dd455f10bc
stream-v4-baseline-original	frozen_task	/ibex/user/hohndor/km/dynamic-benchmark-20260917/justification-stream-v4c-baseline-original/justification-main/tasks/0082.json	True	1ba4fc447cc37258bd810d96c01a5e12be3efced32d015bf02680db8ec0611d9
stream-v4-baseline-original	frozen_task	/ibex/user/hohndor/km/dynamic-benchmark-20260917/justification-stream-v4c-baseline-original/justification-main/tasks/0083.json	True	e9798871c365e2504b448b5e23efc542d1a40093fe22462d4f956eab9e62371b
stream-v4-baseline-original	frozen_task	/ibex/user/hohndor/km/dynamic-benchmark-20260917/justification-stream-v4c-baseline-original/justification-main/tasks/0084.json	True	c47c2aba511afd96d918d78e72e41ebc88a1261a1ec32a8b2b69e0facaf4c588
stream-v4-baseline-original	frozen_task	/ibex/user/hohndor/km/dynamic-benchmark-20260917/justification-stream-v4c-baseline-original/justification-main/tasks/0085.json	True	ce10acc3ff5bea01fa487ed4af6a17bfdf841727b84a257a8d40f139d361fe7b
stream-v4-baseline-original	frozen_task	/ibex/user/hohndor/km/dynamic-benchmark-20260917/justification-stream-v4c-baseline-original/justification-main/tasks/0086.json	True	c54160c78a7b6f0d4b8ecec6427a50667b74f857ff8aae17bfe2a97fe8e2adaa
stream-v4-baseline-original	frozen_task	/ibex/user/hohndor/km/dynamic-benchmark-20260917/justification-stream-v4c-baseline-original/justification-main/tasks/0087.json	True	d326ade10fd483674acb2b1d19e4caad69e6b579ffd2f573e580d8e83f14db5f
stream-v4-baseline-original	frozen_task	/ibex/user/hohndor/km/dynamic-benchmark-20260917/justification-stream-v4c-baseline-original/justification-main/tasks/0088.json	True	1e50e8bbb89c320eff4e58cd04a3ee629c6937bf8ff9dc6b16ba8149bc690671
stream-v4-baseline-original	frozen_task	/ibex/user/hohndor/km/dynamic-benchmark-20260917/justification-stream-v4c-baseline-original/justification-main/tasks/0089.json	True	6e3781cae3b9956fb0cc8c8baf522b11514cb0d4d650c0f64d628a63955f2da3
stream-v4-baseline-original	frozen_task	/ibex/user/hohndor/km/dynamic-benchmark-20260917/justification-stream-v4c-baseline-original/justification-main/tasks/0090.json	True	f72fdeb2d987dd1be726c8238b054d5247c1b484254625f3bc720fec09565414
stream-v4-baseline-original	frozen_task	/ibex/user/hohndor/km/dynamic-benchmark-20260917/justification-stream-v4c-baseline-original/justification-main/tasks/0091.json	True	d67fca70696aa705849ef915d006e1d2d0cee990d8167d970d57db904415560d
stream-v4-baseline-original	frozen_task	/ibex/user/hohndor/km/dynamic-benchmark-20260917/justification-stream-v4c-baseline-original/justification-main/tasks/0092.json	True	a88f3d763d077a70e36c15db32a5ec6447bf2d8e3d931611e90698ed557970e0
stream-v4-baseline-original	frozen_task	/ibex/user/hohndor/km/dynamic-benchmark-20260917/justification-stream-v4c-baseline-original/justification-main/tasks/0093.json	True	d433dfa4b496b346d91736c2045d4b497775831a352d7c4373e619dc294bd448
stream-v4-baseline-original	frozen_task	/ibex/user/hohndor/km/dynamic-benchmark-20260917/justification-stream-v4c-baseline-original/justification-main/tasks/0094.json	True	d5953168b87dd56a26daef8a7d7afa0078493ff4cc60239613fdfbc35f6e5d58
stream-v4-baseline-original	frozen_task	/ibex/user/hohndor/km/dynamic-benchmark-20260917/justification-stream-v4c-baseline-original/justification-main/tasks/0095.json	True	7eaa573aa86671efc3af83547b051c53f27878a519865b0648ce9b7b7f9c5bba
stream-v4-baseline-original	frozen_task	/ibex/user/hohndor/km/dynamic-benchmark-20260917/justification-stream-v4c-baseline-original/justification-main/tasks/0096.json	True	c0e1bf3f1b0d86b29bda39c9a523e5f9b5aee7b134e6a36e21fbfd950e6d3b3d
stream-v4-baseline-original	frozen_task	/ibex/user/hohndor/km/dynamic-benchmark-20260917/justification-stream-v4c-baseline-original/justification-main/tasks/0097.json	True	f64bc3e75d93abe47802e27759775c99d8b0d8671a577b02e83e057fae004a31
stream-v4-baseline-original	frozen_task	/ibex/user/hohndor/km/dynamic-benchmark-20260917/justification-stream-v4c-baseline-original/justification-main/tasks/0098.json	True	09841c4a49649d21376c39e5c75657e60c2488a4211bff01f8bd6eda474000a6
stream-v4-baseline-original	frozen_task	/ibex/user/hohndor/km/dynamic-benchmark-20260917/justification-stream-v4c-baseline-original/justification-main/tasks/0099.json	True	23d51256ba7abc57f575bd5d865f602bc8a744e8c938198c7814a73677172659
stream-v4-baseline-original	frozen_task	/ibex/user/hohndor/km/dynamic-benchmark-20260917/justification-stream-v4c-baseline-original/justification-main/tasks/0100.json	True	939e6a72de3f6e25385f9e220d03b4d9894c8889234f5e9ebe4c5157440de879
stream-v4-baseline-original	frozen_task	/ibex/user/hohndor/km/dynamic-benchmark-20260917/justification-stream-v4c-baseline-original/justification-main/tasks/0101.json	True	eab1c3e40c35b8c51ee3b6ded2aca5b83860ba9d5ca1a975d3bd5c017b94abd1
stream-v4-baseline-original	frozen_task	/ibex/user/hohndor/km/dynamic-benchmark-20260917/justification-stream-v4c-baseline-original/justification-main/tasks/0102.json	True	415fa79c35a1f62b2ca908674b78bab9a2274949ac625e4bb0fb629498448574
stream-v4-baseline-original	frozen_task	/ibex/user/hohndor/km/dynamic-benchmark-20260917/justification-stream-v4c-baseline-original/justification-main/tasks/0103.json	True	8521910af6148a503d6c00b7bdf9b713c15a6b676698bba109e7290f05364c9d
stream-v4-baseline-original	frozen_task	/ibex/user/hohndor/km/dynamic-benchmark-20260917/justification-stream-v4c-baseline-original/justification-main/tasks/0104.json	True	c03ccbec9b56fab61db3d2ccbac9be0f4f056621c6a14512835274ba95a63c38
stream-v4-baseline-original	frozen_task	/ibex/user/hohndor/km/dynamic-benchmark-20260917/justification-stream-v4c-baseline-original/justification-main/tasks/0105.json	True	fc88fb9a98d36925cb95c25fc57891241544ceb142720e78551c767ef20ae6a5
stream-v4-baseline-original	frozen_task	/ibex/user/hohndor/km/dynamic-benchmark-20260917/justification-stream-v4c-baseline-original/justification-main/tasks/0106.json	True	f777d38b0a05553cf706d4c176d6fcb9bca0d5d97c9643406dd3dbcb801f1ab3
stream-v4-baseline-original	frozen_task	/ibex/user/hohndor/km/dynamic-benchmark-20260917/justification-stream-v4c-baseline-original/justification-main/tasks/0107.json	True	0df44fa99540571153edc498c05c4317269dc7ad8bc0ed8bc55bc23d0b868f9a
stream-v4-baseline-original	frozen_task	/ibex/user/hohndor/km/dynamic-benchmark-20260917/justification-stream-v4c-baseline-original/justification-main/tasks/0108.json	True	b17518d715c750e654502d9d9b381239990cd64098cf18a67909ac387e3e9d3d
stream-v4-baseline-original	frozen_task	/ibex/user/hohndor/km/dynamic-benchmark-20260917/justification-stream-v4c-baseline-original/justification-main/tasks/0109.json	True	5d7210069e0e592d85bd7df43e0e8c17887c20c2135fff450e329b632dcedcd0
stream-v4-baseline-original	frozen_task	/ibex/user/hohndor/km/dynamic-benchmark-20260917/justification-stream-v4c-baseline-original/justification-main/tasks/0110.json	True	1c517cffe0966865c44bd3c555f984326ebe1aacf023798b29702b5a3fa1da92
stream-v4-baseline-original	frozen_task	/ibex/user/hohndor/km/dynamic-benchmark-20260917/justification-stream-v4c-baseline-original/justification-main/tasks/0111.json	True	56b687ba072be08ba5cd70c4c83f13e3b7726ab2d34904a677c3deac57642b13
stream-v4-baseline-original	frozen_task	/ibex/user/hohndor/km/dynamic-benchmark-20260917/justification-stream-v4c-baseline-original/justification-main/tasks/0112.json	True	ed81d82c0c0c06a50964016a4e0868bf09f2cecb7996ba0ab0b9fd7306af55a3
stream-v4-baseline-original	frozen_task	/ibex/user/hohndor/km/dynamic-benchmark-20260917/justification-stream-v4c-baseline-original/justification-main/tasks/0113.json	True	94eb880d9599b07234ebd91d0f14a6909adfa9a33c330640602fee5c80b106e9
stream-v4-baseline-original	frozen_task	/ibex/user/hohndor/km/dynamic-benchmark-20260917/justification-stream-v4c-baseline-original/justification-main/tasks/0114.json	True	0f8d06ebb3f587e9217a4354004ff6c4e8451eec5c6dfdb6b338ed69bc1d6ded
stream-v4-baseline-original	frozen_task	/ibex/user/hohndor/km/dynamic-benchmark-20260917/justification-stream-v4c-baseline-original/justification-main/tasks/0115.json	True	5a12b3bac437819b8542c561338184a42f38f0182e653fd85160dcc6f3371e7a
stream-v4-baseline-original	frozen_task	/ibex/user/hohndor/km/dynamic-benchmark-20260917/justification-stream-v4c-baseline-original/justification-main/tasks/0116.json	True	0b79db9f48766f4c47bd7dc9e2280191708e64d65c099ecf065d2737cb1929d3
stream-v4-baseline-original	frozen_task	/ibex/user/hohndor/km/dynamic-benchmark-20260917/justification-stream-v4c-baseline-original/justification-main/tasks/0117.json	True	a8629ce7fb3f1976a9663c5cec44971f2a6e961265fa354aede91b16c6256a35
stream-v4-baseline-original	frozen_task	/ibex/user/hohndor/km/dynamic-benchmark-20260917/justification-stream-v4c-baseline-original/justification-main/tasks/0118.json	True	1e6bca26732e2485b4fa7a50a971617bea7fd9259a0399960762b5fbe39b231c
stream-v4-baseline-original	frozen_task	/ibex/user/hohndor/km/dynamic-benchmark-20260917/justification-stream-v4c-baseline-original/justification-main/tasks/0119.json	True	65730ba11a6de8291821197992d0addbdfd7ab015e5b3cdb85b4832cbbd1b31c
stream-v4-baseline-original	frozen_task	/ibex/user/hohndor/km/dynamic-benchmark-20260917/justification-stream-v4c-baseline-original/justification-main/tasks/0120.json	True	1f08949b37e5e8a3a8f0df49fffd2aa369a61d40bd4b2d0985bfcc67fc008735
stream-v4-baseline-original	frozen_task	/ibex/user/hohndor/km/dynamic-benchmark-20260917/justification-stream-v4c-baseline-original/justification-main/tasks/0121.json	True	f9b810939addb0986fe124964cbf397db7d974dcc3840c26d6ccde6df434132d
stream-v4-baseline-original	frozen_task	/ibex/user/hohndor/km/dynamic-benchmark-20260917/justification-stream-v4c-baseline-original/justification-main/tasks/0122.json	True	fbe5e2511dd9cf187ebfd2b466b86f9b0c5ea7916699669f6b21ee5e615b0400
stream-v4-baseline-original	frozen_task	/ibex/user/hohndor/km/dynamic-benchmark-20260917/justification-stream-v4c-baseline-original/justification-main/tasks/0123.json	True	c70c3ed70cd905d883debaef05fbd44281af3c5474603f345909d5e4936d5f2c
stream-v4-baseline-original	frozen_task	/ibex/user/hohndor/km/dynamic-benchmark-20260917/justification-stream-v4c-baseline-original/justification-main/tasks/0124.json	True	ccf1d6fdf0a9e9f75892cd200cb1f7a657b8a7842cbc23272ae61feab96fb17a
stream-v4-baseline-original	frozen_task	/ibex/user/hohndor/km/dynamic-benchmark-20260917/justification-stream-v4c-baseline-original/justification-main/tasks/0125.json	True	3770807f3e1df16b44f213e425307be068169adaf079d50d9cf6a0b63fa6c29a
stream-v4-baseline-original	frozen_task	/ibex/user/hohndor/km/dynamic-benchmark-20260917/justification-stream-v4c-baseline-original/justification-main/tasks/0126.json	True	40339471cc9b17f84d46806526ce5772e2074515715a6eed3ef12f07f05a1885
stream-v4-baseline-original	frozen_task	/ibex/user/hohndor/km/dynamic-benchmark-20260917/justification-stream-v4c-baseline-original/justification-main/tasks/0127.json	True	3d7aa7150f5319bbd6b9d58b213035f9f5aee4c68e0959df9bee30c99f2296fe
stream-v4-baseline-original	frozen_task	/ibex/user/hohndor/km/dynamic-benchmark-20260917/justification-stream-v4c-baseline-original/justification-main/tasks/0128.json	True	19e028af0e2df0e24512265a37f3d4bc9dab93e3ad77e9dd8af3ef7247a19ddb
stream-v4-baseline-original	frozen_task	/ibex/user/hohndor/km/dynamic-benchmark-20260917/justification-stream-v4c-baseline-original/justification-main/tasks/0129.json	True	21a2fb9da6a0bf6d3977e0b362288cb84cad2fd69c50449a767659292660b33f
stream-v4-baseline-original	frozen_task	/ibex/user/hohndor/km/dynamic-benchmark-20260917/justification-stream-v4c-baseline-original/justification-main/tasks/0130.json	True	de2c990384ea6a4e4bb8ae38a43151e9162d37b239acb3ef17698789d99f2544
stream-v4-baseline-original	frozen_task	/ibex/user/hohndor/km/dynamic-benchmark-20260917/justification-stream-v4c-baseline-original/justification-main/tasks/0131.json	True	44904c9c4374ce9d10d4b6c473e1f80002f54af3418b44c520c6e0ee2be056c5
stream-v4-baseline-original	frozen_task	/ibex/user/hohndor/km/dynamic-benchmark-20260917/justification-stream-v4c-baseline-original/justification-main/tasks/0132.json	True	42a8e0bce47d07d21e8176fa439b6d24fd4f2c733a3213395a261655b985b72e
stream-v4-baseline-original	frozen_task	/ibex/user/hohndor/km/dynamic-benchmark-20260917/justification-stream-v4c-baseline-original/justification-main/tasks/0133.json	True	3ef3229de7510d31c3fefbb38e8d4854dfa226533baabc19aa94b5088cc4e294
stream-v4-baseline-original	frozen_task	/ibex/user/hohndor/km/dynamic-benchmark-20260917/justification-stream-v4c-baseline-original/justification-main/tasks/0134.json	True	8c9e00c4663c7844c040d745223b8abcc6cfba1abc5c7ad4788bbc19585cb9e8
stream-v4-baseline-original	frozen_task	/ibex/user/hohndor/km/dynamic-benchmark-20260917/justification-stream-v4c-baseline-original/justification-main/tasks/0135.json	True	db8af610a4b7c620e23627f9d155bf1eee856a8492f670436d8736a570eac613
stream-v4-baseline-original	frozen_task	/ibex/user/hohndor/km/dynamic-benchmark-20260917/justification-stream-v4c-baseline-original/justification-main/tasks/0136.json	True	6566c97b4d29e4b8fad56b1dc210112a0d69a665049388eaa56ef72e5baeda9d
stream-v4-baseline-original	frozen_task	/ibex/user/hohndor/km/dynamic-benchmark-20260917/justification-stream-v4c-baseline-original/justification-main/tasks/0137.json	True	3daa2e0e7319108a5c657fce38be97ba22daccd41e2e77d81fbe47bafce61422
stream-v4-baseline-original	frozen_task	/ibex/user/hohndor/km/dynamic-benchmark-20260917/justification-stream-v4c-baseline-original/justification-main/tasks/0138.json	True	603dcdff08aff2da1b81150da707f6095011cb0faedca1a9a2e867768cca553d
stream-v4-baseline-original	frozen_task	/ibex/user/hohndor/km/dynamic-benchmark-20260917/justification-stream-v4c-baseline-original/justification-main/tasks/0139.json	True	7df036fc2d95781649b26a29029e3f458c436fa1690cd0eeb2442ced17b1753c
stream-v4-baseline-original	frozen_task	/ibex/user/hohndor/km/dynamic-benchmark-20260917/justification-stream-v4c-baseline-original/justification-main/tasks/0140.json	True	d67f5ee23078b8b60e8b0909b5fe8c71e1e922ee2efcbde5b89d280649e4fc79
stream-v4-baseline-original	frozen_task	/ibex/user/hohndor/km/dynamic-benchmark-20260917/justification-stream-v4c-baseline-original/justification-main/tasks/0141.json	True	9700327a2ed3cd7245070398f583cc2790767200b1302dc233a3a786c4484956
stream-v4-baseline-original	frozen_task	/ibex/user/hohndor/km/dynamic-benchmark-20260917/justification-stream-v4c-baseline-original/justification-main/tasks/0142.json	True	bee0ee9e8d42b08d01536ce1e81b7e04872fd6fc1b567495fb67f927a28fbf1e
stream-v4-baseline-original	frozen_task	/ibex/user/hohndor/km/dynamic-benchmark-20260917/justification-stream-v4c-baseline-original/justification-main/tasks/0143.json	True	2968168ff49e28eac9c41c71f093ea980543a84feb978ba47055bec9f1c84333
stream-v4-baseline-original	frozen_task	/ibex/user/hohndor/km/dynamic-benchmark-20260917/justification-stream-v4c-baseline-original/justification-main/tasks/0144.json	True	96d9adba15df8566a1282b5f2e66874982867c50a435b8fc09941710416aeb73
stream-v4-baseline-original	frozen_task	/ibex/user/hohndor/km/dynamic-benchmark-20260917/justification-stream-v4c-baseline-original/justification-main/tasks/0145.json	True	86d25f79ea8c49f2a32db5594c06b20eee5508be50d99e89e6e6d6631e8ebe0b
stream-v4-baseline-original	frozen_task	/ibex/user/hohndor/km/dynamic-benchmark-20260917/justification-stream-v4c-baseline-original/justification-main/tasks/0146.json	True	a08b9f50f20c0806bdfe23f53ce132b9e530b78c322aabe6d424f8e82144a55a
stream-v4-baseline-original	frozen_task	/ibex/user/hohndor/km/dynamic-benchmark-20260917/justification-stream-v4c-baseline-original/justification-main/tasks/0147.json	True	4ca52f39edb48f1c13f64977f8b026f86d2cbf19734557760664b7c4f85ab1ed
stream-v4-baseline-original	frozen_task	/ibex/user/hohndor/km/dynamic-benchmark-20260917/justification-stream-v4c-baseline-original/justification-main/tasks/0148.json	True	4771619c406dd623f175c3b7d8a94dd3489f72387c813154702c325137f09852
stream-v4-baseline-original	frozen_task	/ibex/user/hohndor/km/dynamic-benchmark-20260917/justification-stream-v4c-baseline-original/justification-main/tasks/0149.json	True	0398c56b399c3ac4a1211a235622dbcdd30781935e64d050ab3df10215702f97
stream-v4-baseline-original	frozen_task	/ibex/user/hohndor/km/dynamic-benchmark-20260917/justification-stream-v4c-baseline-original/justification-main/tasks/0150.json	True	3553929d2676769847c634f2de8bc036a38c070bf791a57f2eb2c11d9b8b6d75
stream-v4-baseline-original	frozen_task	/ibex/user/hohndor/km/dynamic-benchmark-20260917/justification-stream-v4c-baseline-original/justification-main/tasks/0151.json	True	c60be2a1b19898dc6a7274c7ded9472339d36b32f47e507a5e814987c860c2ca
stream-v4-baseline-original	frozen_task	/ibex/user/hohndor/km/dynamic-benchmark-20260917/justification-stream-v4c-baseline-original/justification-main/tasks/0152.json	True	0bba30eb0a97d41fe547fa3a53c535734bb9f6c0766a6f238d3f8ecc3953cc34
stream-v4-baseline-original	frozen_task	/ibex/user/hohndor/km/dynamic-benchmark-20260917/justification-stream-v4c-baseline-original/justification-main/tasks/0153.json	True	2214292722201c42fbd6b4fac2f61a496cc3ea4444edd4b34ecd69443c5b21bf
stream-v4-baseline-original	frozen_task	/ibex/user/hohndor/km/dynamic-benchmark-20260917/justification-stream-v4c-baseline-original/justification-main/tasks/0154.json	True	fa7d1050ce798adb135bcafbbf384b557a1ef21e07a8102dad816b21770f0e59
stream-v4-baseline-original	frozen_task	/ibex/user/hohndor/km/dynamic-benchmark-20260917/justification-stream-v4c-baseline-original/justification-main/tasks/0155.json	True	c7c30320493b108a3cdb779dc145cc453fac2b3f7f14a7cda3c3e971beeb00c7
stream-v4-baseline-original	frozen_task	/ibex/user/hohndor/km/dynamic-benchmark-20260917/justification-stream-v4c-baseline-original/justification-main/tasks/0156.json	True	1725307466f7123edbcd02ae9778ad6e7b325f74300b317706f8595de87eeed9
stream-v4-baseline-original	frozen_task	/ibex/user/hohndor/km/dynamic-benchmark-20260917/justification-stream-v4c-baseline-original/justification-main/tasks/0157.json	True	8fd948124f6bc1e6a277bb501cfd23920488b3a4106deb0be5511e3f16e50c23
stream-v4-baseline-original	frozen_task	/ibex/user/hohndor/km/dynamic-benchmark-20260917/justification-stream-v4c-baseline-original/justification-main/tasks/0158.json	True	7c31225a07fed1d4e48837df72cbe0692bd704d5b64a61e92d8f847b5fd9c733
stream-v4-baseline-original	frozen_task	/ibex/user/hohndor/km/dynamic-benchmark-20260917/justification-stream-v4c-baseline-original/justification-main/tasks/0159.json	True	f60a0eadfdddc7d98e2aeb21b5aa4f748d235add41bf56c5c63c36a472b3b129
stream-v4-baseline-original	frozen_task	/ibex/user/hohndor/km/dynamic-benchmark-20260917/justification-stream-v4c-baseline-original/justification-main/tasks/0160.json	True	54c3d37fd3457f80c0904be100ab46d7bd132b3d66e3453fedb15224f022820d
stream-v4-baseline-original	frozen_task	/ibex/user/hohndor/km/dynamic-benchmark-20260917/justification-stream-v4c-baseline-original/justification-main/tasks/0161.json	True	68e8b983894bdd073d91e8104cb8572d160a6df9a7d102e3e8eaac946fadfc90
stream-v4-baseline-original	frozen_task	/ibex/user/hohndor/km/dynamic-benchmark-20260917/justification-stream-v4c-baseline-original/justification-main/tasks/0162.json	True	3a0c919dc4d366ce3428516d81c10ab20a6ad4764f3dbc1584f91f3fd2c7b7ec
stream-v4-baseline-original	frozen_task	/ibex/user/hohndor/km/dynamic-benchmark-20260917/justification-stream-v4c-baseline-original/justification-main/tasks/0163.json	True	fbbbcb3482dc333e1789592d136015c43e36c3b750f3966426c7d1ea51d5dbea
stream-v4-baseline-original	frozen_task	/ibex/user/hohndor/km/dynamic-benchmark-20260917/justification-stream-v4c-baseline-original/justification-main/tasks/0164.json	True	cd68cd4268a809cdc933c2d793ebd24af2b843af4e74e658868173295f57ad13
stream-v4-baseline-original	frozen_task	/ibex/user/hohndor/km/dynamic-benchmark-20260917/justification-stream-v4c-baseline-original/justification-main/tasks/0165.json	True	cf9443a816309ef4e6d52c3031aec49f42dbef73bbf80e682dd35dbb34609fe2
stream-v4-baseline-original	frozen_task	/ibex/user/hohndor/km/dynamic-benchmark-20260917/justification-stream-v4c-baseline-original/justification-main/tasks/0166.json	True	c52cce73d90f73e12394b8c1888fb89a767ca1b12a2f5030e016bd992493b37a
stream-v4-baseline-original	frozen_task	/ibex/user/hohndor/km/dynamic-benchmark-20260917/justification-stream-v4c-baseline-original/justification-main/tasks/0167.json	True	7282f813555a388749362401f6f2afcdc465c2c387c9c674ee2c11272882c822
stream-v4-baseline-original	frozen_task	/ibex/user/hohndor/km/dynamic-benchmark-20260917/justification-stream-v4c-baseline-original/justification-main/tasks/0168.json	True	1f5de3278400bdf8f7eaab8cf879bc24a87eebe22e8bcb3739eb7009a3b0901a
stream-v4-baseline-original	frozen_task	/ibex/user/hohndor/km/dynamic-benchmark-20260917/justification-stream-v4c-baseline-original/justification-main/tasks/0169.json	True	40bf840482da10e80ac75e597866e14904092f9c92347359e77663434fd291af
stream-v4-baseline-original	frozen_task	/ibex/user/hohndor/km/dynamic-benchmark-20260917/justification-stream-v4c-baseline-original/justification-main/tasks/0170.json	True	4765a5eac257a39d530620a9f937f1a74b0233aa94965556f19fae39022d3ae0
stream-v4-baseline-original	frozen_task	/ibex/user/hohndor/km/dynamic-benchmark-20260917/justification-stream-v4c-baseline-original/justification-main/tasks/0171.json	True	60780d131d82f327d375c85e37eefa793a3f15c36939d91e4150ee0c0c9102d3
stream-v4-baseline-original	frozen_task	/ibex/user/hohndor/km/dynamic-benchmark-20260917/justification-stream-v4c-baseline-original/justification-main/tasks/0172.json	True	e12c7f654276c9cf90acba389840370707ffd8c2a97ba29cf5baa774ee3515c6
stream-v4-baseline-original	frozen_task	/ibex/user/hohndor/km/dynamic-benchmark-20260917/justification-stream-v4c-baseline-original/justification-main/tasks/0173.json	True	61cd2a43f53782d1d9863c72482acd209ea45ab731b4b65484f87260d4ea619c
stream-v4-baseline-original	frozen_task	/ibex/user/hohndor/km/dynamic-benchmark-20260917/justification-stream-v4c-baseline-original/justification-main/tasks/0174.json	True	990f522be123afb34d934dcf480fe4fc514540656aed354e1a90afd6791adebb
stream-v4-baseline-original	frozen_task	/ibex/user/hohndor/km/dynamic-benchmark-20260917/justification-stream-v4c-baseline-original/justification-main/tasks/0175.json	True	d427def0bd13cb618e7c433a588eebad2c04e50252228d33c2b1a9c513fbc739
stream-v4-baseline-original	frozen_task	/ibex/user/hohndor/km/dynamic-benchmark-20260917/justification-stream-v4c-baseline-original/justification-main/tasks/0176.json	True	88fe4f9ce0d3b0432fa5e73866d3df78748c277e4f38bcaf963c5bed959e2e24
stream-v4-baseline-original	frozen_task	/ibex/user/hohndor/km/dynamic-benchmark-20260917/justification-stream-v4c-baseline-original/justification-main/tasks/0177.json	True	15e7577dadb7b202533013e31e9f3c2ff618daaf5c9546b97f3b00288f99364e
stream-v4-baseline-original	frozen_task	/ibex/user/hohndor/km/dynamic-benchmark-20260917/justification-stream-v4c-baseline-original/justification-main/tasks/0178.json	True	e3acccc7ffade5bf72c31c4c24869a2be0595ba627b7d8f2c082e431180701b3
stream-v4-baseline-original	frozen_task	/ibex/user/hohndor/km/dynamic-benchmark-20260917/justification-stream-v4c-baseline-original/justification-main/tasks/0179.json	True	1bea68aacacbd885f12627b8e9d1b0354d9dd16b4a0e27ee336d43146f0a0d38
stream-v4-baseline-original	frozen_task	/ibex/user/hohndor/km/dynamic-benchmark-20260917/justification-stream-v4c-baseline-original/justification-main/tasks/0180.json	True	c27c8f630839ebb3d639eb6c9ff1ae036a17968618ce7797cd6673a01e278b2d
stream-v4-baseline-original	frozen_task	/ibex/user/hohndor/km/dynamic-benchmark-20260917/justification-stream-v4c-baseline-original/justification-main/tasks/0181.json	True	c1030400635fc94ce809ff674750ef27285f758c575a76797d40f522cf08e28f
stream-v4-baseline-original	frozen_task	/ibex/user/hohndor/km/dynamic-benchmark-20260917/justification-stream-v4c-baseline-original/justification-main/tasks/0182.json	True	d09bb81de3e93dc36e4b4f520c1fff975eae22d7bd51b37fc705fb64165bbbe7
stream-v4-baseline-original	frozen_task	/ibex/user/hohndor/km/dynamic-benchmark-20260917/justification-stream-v4c-baseline-original/justification-main/tasks/0183.json	True	6bd742015e249cdea25b6f5b0991b6e46f2136bb59dcab2175413d4df4686cbf
stream-v4-baseline-original	frozen_task	/ibex/user/hohndor/km/dynamic-benchmark-20260917/justification-stream-v4c-baseline-original/justification-main/tasks/0184.json	True	b6d5286ded72ea8d66df92de2d3a4ea5e971e39e417d164167315628995a62da
stream-v4-baseline-original	frozen_task	/ibex/user/hohndor/km/dynamic-benchmark-20260917/justification-stream-v4c-baseline-original/justification-main/tasks/0185.json	True	1ed28ddbfa0f187488336c4da6f9af10078376202c48c7e4ef8166d25052d8a3
stream-v4-baseline-original	frozen_task	/ibex/user/hohndor/km/dynamic-benchmark-20260917/justification-stream-v4c-baseline-original/justification-main/tasks/0186.json	True	4291d66767441510e6aa11c5142b360f302f757a300c052b8334d8ff70f5cc06
stream-v4-baseline-original	frozen_task	/ibex/user/hohndor/km/dynamic-benchmark-20260917/justification-stream-v4c-baseline-original/justification-main/tasks/0187.json	True	fb8a281eca4407c9efccd53af05e53f0ac7414c435779d7f62e82c2e1385b86c
stream-v4-baseline-original	frozen_task	/ibex/user/hohndor/km/dynamic-benchmark-20260917/justification-stream-v4c-baseline-original/justification-main/tasks/0188.json	True	1b4600b693faa6a46ae7252681e70680253b7a7aef8cf12d002689e632995620
stream-v4-baseline-original	frozen_task	/ibex/user/hohndor/km/dynamic-benchmark-20260917/justification-stream-v4c-baseline-original/justification-main/tasks/0189.json	True	ee7fc8ba02f024d8339b3389f8c6ca6a0243351072f05697f0a5b0ccf16b08b0
stream-v4-baseline-original	frozen_task	/ibex/user/hohndor/km/dynamic-benchmark-20260917/justification-stream-v4c-baseline-original/justification-main/tasks/0190.json	True	20216f3691107404435cac6eb652e4435ea792952069ffdcc607eb10c47afa77
stream-v4-baseline-original	frozen_task	/ibex/user/hohndor/km/dynamic-benchmark-20260917/justification-stream-v4c-baseline-original/justification-main/tasks/0191.json	True	ebf6d3a349e3a9f65eacf1d74b63a8d28863b15dbdb9f7bbc602daf1ab9d771f
stream-v4-baseline-original	frozen_task	/ibex/user/hohndor/km/dynamic-benchmark-20260917/justification-stream-v4c-baseline-original/justification-main/tasks/0192.json	True	54c891b3a7a45ded928e7bb6d1fc6665cdbe8bd064572f4e00e623c68c719ee1
stream-v4-baseline-original	frozen_task	/ibex/user/hohndor/km/dynamic-benchmark-20260917/justification-stream-v4c-baseline-original/justification-main/tasks/0193.json	True	0ab1d360b249b30e0ebf2b7093dace641668312c4387b9f852527f6c9aca74bc
stream-v4-baseline-original	frozen_task	/ibex/user/hohndor/km/dynamic-benchmark-20260917/justification-stream-v4c-baseline-original/justification-main/tasks/0194.json	True	8e0565fb5097fd7b1cb6b35e001011b27be099414c4ca07f92e2e4a484d4d1bd
stream-v4-baseline-original	frozen_task	/ibex/user/hohndor/km/dynamic-benchmark-20260917/justification-stream-v4c-baseline-original/justification-main/tasks/0195.json	True	f6bdad7b0be252f8e8b1fe32bb59787bf8e68f330ab995f5954a1adc52b4b9ef
stream-v4-baseline-original	frozen_task	/ibex/user/hohndor/km/dynamic-benchmark-20260917/justification-stream-v4c-baseline-original/justification-main/tasks/0196.json	True	2f6db4689c2e7def11f22d6cea3c663e109669407f9d5efebca2b090eed8b356
stream-v4-baseline-original	frozen_task	/ibex/user/hohndor/km/dynamic-benchmark-20260917/justification-stream-v4c-baseline-original/justification-main/tasks/0197.json	True	3ac272c56add35a02903d74c2b352374e27fc5608d274cff3434bd46fdca6fa5
stream-v4-baseline-original	frozen_task	/ibex/user/hohndor/km/dynamic-benchmark-20260917/justification-stream-v4c-baseline-original/justification-main/tasks/0198.json	True	2f542f0710330ecfe1d066df3576066bf005e16ba9bc1c7242423a44c5695e34
stream-v4-baseline-original	frozen_task	/ibex/user/hohndor/km/dynamic-benchmark-20260917/justification-stream-v4c-baseline-original/justification-main/tasks/0199.json	True	d88758dfee98bc20d526265aceed7e997e697c5b29604d17d1f8489dc9581dd2
stream-v4-baseline-original	frozen_task	/ibex/user/hohndor/km/dynamic-benchmark-20260917/justification-stream-v4c-baseline-original/justification-main/tasks/0200.json	True	1218aebc43701df0c2d86d048dbb1c7bca840ff3cbc3b09409567f16e68d2f6d
stream-v4-baseline-original	frozen_task	/ibex/user/hohndor/km/dynamic-benchmark-20260917/justification-stream-v4c-baseline-original/justification-main/tasks/0201.json	True	24a48037b8a41dc30e57c2870d0be6442f31f8e43c243aa697c2b32acee879c4
stream-v4-baseline-original	frozen_task	/ibex/user/hohndor/km/dynamic-benchmark-20260917/justification-stream-v4c-baseline-original/justification-main/tasks/0202.json	True	f344af7883195e586f1e4c778982ba4836db5cb5d8f9888099f50f9dfd6afcf9
stream-v4-baseline-original	frozen_task	/ibex/user/hohndor/km/dynamic-benchmark-20260917/justification-stream-v4c-baseline-original/justification-main/tasks/0203.json	True	4bb1624b93fc5895d627a587198caee0351bab59d45c00595b2cea786bc9d400
stream-v4-baseline-original	frozen_task	/ibex/user/hohndor/km/dynamic-benchmark-20260917/justification-stream-v4c-baseline-original/justification-main/tasks/0204.json	True	aa1bceee3b4ccae03fc3d7ca6fd0eee0bee78117349ae10167e7cba29c1b1678
stream-v4-baseline-original	frozen_task	/ibex/user/hohndor/km/dynamic-benchmark-20260917/justification-stream-v4c-baseline-original/justification-main/tasks/0205.json	True	795cbbc3d7cf46d15cd0ca05f5853e34fe97248e8be07519197b1d40b8b8f39f
stream-v4-baseline-original	frozen_task	/ibex/user/hohndor/km/dynamic-benchmark-20260917/justification-stream-v4c-baseline-original/justification-main/tasks/0206.json	True	bfe76cb0edc0b545c1e4d04162a1cd25c7906d06b0f6c959ddf77fc70aadce75
stream-v4-baseline-original	frozen_task	/ibex/user/hohndor/km/dynamic-benchmark-20260917/justification-stream-v4c-baseline-original/justification-main/tasks/0207.json	True	674da45ff3ad2cb9d4572ef2570495d5d434bacf2b16417f08468e90a8872502
stream-v4-baseline-original	frozen_task	/ibex/user/hohndor/km/dynamic-benchmark-20260917/justification-stream-v4c-baseline-original/justification-main/tasks/0208.json	True	9001e00625cc0dead2c4dfef6d6ebb19672fbb15c34213338d1eee70442df231
stream-v4-baseline-original	frozen_task	/ibex/user/hohndor/km/dynamic-benchmark-20260917/justification-stream-v4c-baseline-original/justification-main/tasks/0209.json	True	f8055787afe9ba1e8bfddf91ea7b88f244b8558b3a122dcb6fa7378f10e851a1
stream-v4-baseline-original	frozen_task	/ibex/user/hohndor/km/dynamic-benchmark-20260917/justification-stream-v4c-baseline-original/justification-main/tasks/0210.json	True	e01ba067734ef1f6abe2ba387d33f4715a7ed8615604a440996fe819a210c788
stream-v4-baseline-original	frozen_task	/ibex/user/hohndor/km/dynamic-benchmark-20260917/justification-stream-v4c-baseline-original/justification-main/tasks/0211.json	True	1241cb753195ca57202695cf09058fcabc544061d1e71ebeec967cda4035a336
stream-v4-baseline-original	frozen_task	/ibex/user/hohndor/km/dynamic-benchmark-20260917/justification-stream-v4c-baseline-original/justification-main/tasks/0212.json	True	70debf57a9befc43484217e6ba2ee630afaf9649c881596c09fab09e1c6bea8e
stream-v4-baseline-original	frozen_task	/ibex/user/hohndor/km/dynamic-benchmark-20260917/justification-stream-v4c-baseline-original/justification-main/tasks/0213.json	True	a7bc7d00486261efa6af3a69938aede7e649b6c9437964abb3f49a6adf090c6a
stream-v4-baseline-original	frozen_task	/ibex/user/hohndor/km/dynamic-benchmark-20260917/justification-stream-v4c-baseline-original/justification-main/tasks/0214.json	True	8872104bd6bde18420151debbe8900506e7845c08d526ec30e02a1366477fa27
stream-v4-baseline-original	frozen_task	/ibex/user/hohndor/km/dynamic-benchmark-20260917/justification-stream-v4c-baseline-original/justification-main/tasks/0215.json	True	b1a421c9a6c811db587564d0e4982ab8f8c15dddf4fbf8b9dfdbe9f9e5886e2f
stream-v4-baseline-original	frozen_task	/ibex/user/hohndor/km/dynamic-benchmark-20260917/justification-stream-v4c-baseline-original/justification-main/tasks/0216.json	True	a9f30b61c7bb26700c67f7084be9576a08538e0da11b1b3f0f7ca956b4b4768a
stream-v4-baseline-original	frozen_task	/ibex/user/hohndor/km/dynamic-benchmark-20260917/justification-stream-v4c-baseline-original/justification-main/tasks/0217.json	True	8149130423d2118d7f0743428fb8341782c0a6ba08a06ca20d944ccff07915a1
stream-v4-baseline-original	frozen_task	/ibex/user/hohndor/km/dynamic-benchmark-20260917/justification-stream-v4c-baseline-original/justification-main/tasks/0218.json	True	7dbf59fa1ba1491866af2d8a5c5d3291cb3aae715ff317056324ead98ff281be
stream-v4-baseline-original	frozen_task	/ibex/user/hohndor/km/dynamic-benchmark-20260917/justification-stream-v4c-baseline-original/justification-main/tasks/0219.json	True	30f13857fe176fcbedb62ba9db425842193db93617d3f4ddfcd85ae5d29ae48c
stream-v4-baseline-original	frozen_task	/ibex/user/hohndor/km/dynamic-benchmark-20260917/justification-stream-v4c-baseline-original/justification-main/tasks/0220.json	True	4c425918a9cb5edcd93941fef049c3e8e3a07d516288e80fdb38a3fb91fc03b8
stream-v4-baseline-original	frozen_task	/ibex/user/hohndor/km/dynamic-benchmark-20260917/justification-stream-v4c-baseline-original/justification-main/tasks/0221.json	True	27d315adece18152116b32d9623d142fe2eb35550480d94827e92ae9209b753c
stream-v4-baseline-original	frozen_task	/ibex/user/hohndor/km/dynamic-benchmark-20260917/justification-stream-v4c-baseline-original/justification-main/tasks/0222.json	True	4f311c56dad15dd9fda337ba8f820f7b17b8c8e2092bc5a2f4c38d8324e16c86
stream-v4-baseline-original	frozen_task	/ibex/user/hohndor/km/dynamic-benchmark-20260917/justification-stream-v4c-baseline-original/justification-main/tasks/0223.json	True	c373e3dab7b47f063d7db09f17403bcc0f47dd6d320d0f124f3795a75ad04b69
stream-v4-baseline-original	frozen_task	/ibex/user/hohndor/km/dynamic-benchmark-20260917/justification-stream-v4c-baseline-original/justification-main/tasks/0224.json	True	5ae09d83f7175556bf7f9d3e58808233bb6e14e2d0edfc904b17b13c81681840
stream-v4-baseline-original	frozen_task	/ibex/user/hohndor/km/dynamic-benchmark-20260917/justification-stream-v4c-baseline-original/justification-main/tasks/0225.json	True	40a47f80683bd9b0cb80cfb21ca50c2e7e1f519cb885d1670697636f42c26132
stream-v4-baseline-original	frozen_task	/ibex/user/hohndor/km/dynamic-benchmark-20260917/justification-stream-v4c-baseline-original/justification-main/tasks/0226.json	True	c9e4bc3068ebfc0c9d26c3cf5e3584991dafe5dc03c1ade4783dc9e3f9c96f98
stream-v4-baseline-original	frozen_task	/ibex/user/hohndor/km/dynamic-benchmark-20260917/justification-stream-v4c-baseline-original/justification-main/tasks/0227.json	True	d93647bbb3e0d1d47ec4acce35add1e0cd92a93b20e2fd5725e7130f3c4539f5
stream-v4-baseline-original	frozen_task	/ibex/user/hohndor/km/dynamic-benchmark-20260917/justification-stream-v4c-baseline-original/justification-main/tasks/0228.json	True	47bf760bcfeb44a63b00ad95d93d2f9ed0d785e631e6d415f3c363d712e28429
stream-v4-baseline-original	frozen_task	/ibex/user/hohndor/km/dynamic-benchmark-20260917/justification-stream-v4c-baseline-original/justification-main/tasks/0229.json	True	5e0095707ed3779ea0bb6c635ecc3bdc135a63cbfedf88261c693d2dd5ae77b8
stream-v4-baseline-original	frozen_task	/ibex/user/hohndor/km/dynamic-benchmark-20260917/justification-stream-v4c-baseline-original/justification-main/tasks/0230.json	True	5762ecd3781865170fd8bec78be72a8d0db5bf4153e06cbabe26669f020d9c62
stream-v4-baseline-original	frozen_task	/ibex/user/hohndor/km/dynamic-benchmark-20260917/justification-stream-v4c-baseline-original/justification-main/tasks/0231.json	True	86a932a39fe03edc5d17a4c3681af51a975aadc2a2b4efc08a0c4f5a128fde5a
stream-v4-baseline-original	frozen_task	/ibex/user/hohndor/km/dynamic-benchmark-20260917/justification-stream-v4c-baseline-original/justification-main/tasks/0232.json	True	a30c6f04a120724c1700af7503903e9bb757516b47fd58be00fc827652ea2760
stream-v4-baseline-original	frozen_task	/ibex/user/hohndor/km/dynamic-benchmark-20260917/justification-stream-v4c-baseline-original/justification-main/tasks/0233.json	True	07b8d007d664d7e044866656ef8866011adb780b483a6fbc9951529cd3949b4e
stream-v4-baseline-original	frozen_task	/ibex/user/hohndor/km/dynamic-benchmark-20260917/justification-stream-v4c-baseline-original/justification-main/tasks/0234.json	True	331904a16b8b730416bd92fe1b4acc214f8da121855fa928ed5851c4ff8ca002
stream-v4-baseline-original	frozen_task	/ibex/user/hohndor/km/dynamic-benchmark-20260917/justification-stream-v4c-baseline-original/justification-main/tasks/0235.json	True	180a6044cdb9154c7ba336f57a9e14d67df291ef19576a82083acb297e732ede
stream-v4-baseline-original	frozen_task	/ibex/user/hohndor/km/dynamic-benchmark-20260917/justification-stream-v4c-baseline-original/justification-main/tasks/0236.json	True	84b37032ae20b36ee4aa4b4be7c4d297b98809f49dfa2bc0af83098ef84f8d56
stream-v4-baseline-original	frozen_task	/ibex/user/hohndor/km/dynamic-benchmark-20260917/justification-stream-v4c-baseline-original/justification-main/tasks/0237.json	True	212a25f4f0315c3e8e77f1973d9e04188ff0a46667fd38ec305090d58a9459a8
stream-v4-baseline-original	frozen_task	/ibex/user/hohndor/km/dynamic-benchmark-20260917/justification-stream-v4c-baseline-original/justification-main/tasks/0238.json	True	6b297df5b8e93700a966e30ed2bc45f1e165ad10134fcc0490fb973981ce9c1f
stream-v4-baseline-original	frozen_task	/ibex/user/hohndor/km/dynamic-benchmark-20260917/justification-stream-v4c-baseline-original/justification-main/tasks/0239.json	True	05e135944b2f45184318daef9ed2fb32a5d6615696aa57d379490613382fb4f2
stream-v4-baseline-pure-dl	independent_audit	/ibex/user/hohndor/km/dynamic-benchmark-20260917/justification-stream-v4c-baseline-pure-dl/justification-audit/audit.json	True	a01b62819651a0a1fd3555a5c7016d24a492b1e3c58909b82a063d667b804c34
stream-v4-baseline-pure-dl	logical_normalization	/ibex/user/hohndor/km/dynamic-benchmark-20260917/justification-stream-v4c-baseline-pure-dl/justification-audit/normalized-supports.tsv	True	006b1b22d855b05ee4fbf3f2447974e10f6000880954ac2883962c08c5e4292d
stream-v4-baseline-pure-dl	driver_manifest	/ibex/user/hohndor/km/dynamic-benchmark-20260917/justification-stream-v4c-baseline-pure-dl/justification-main/driver-manifest.json	True	69773347f46cd3575385c35976326d1d73c416fd08bd74928ac4cb9807622b63
stream-v4-baseline-pure-dl	frozen_task	/ibex/user/hohndor/km/dynamic-benchmark-20260917/justification-stream-v4c-baseline-pure-dl/justification-main/tasks/0000.json	True	deefdba57594e57cf031eaa206050d744abbc6b032a466bfdf9517a7ca795ef0
stream-v4-baseline-pure-dl	frozen_task	/ibex/user/hohndor/km/dynamic-benchmark-20260917/justification-stream-v4c-baseline-pure-dl/justification-main/tasks/0001.json	True	85e8920198a4b52a4c2687e8b2cf08932eb18fa58a61af01c3f8b75fd59ec132
stream-v4-baseline-pure-dl	frozen_task	/ibex/user/hohndor/km/dynamic-benchmark-20260917/justification-stream-v4c-baseline-pure-dl/justification-main/tasks/0002.json	True	adc1d80d89fef00a27b0c1482f4e22747ee3340f5569ed536648701ede874f2e
stream-v4-baseline-pure-dl	frozen_task	/ibex/user/hohndor/km/dynamic-benchmark-20260917/justification-stream-v4c-baseline-pure-dl/justification-main/tasks/0003.json	True	5f352fc327a27f0b29e380216a133e4789b3ebe6ece998649c9e4bf7ce4fb3a0
stream-v4-baseline-pure-dl	frozen_task	/ibex/user/hohndor/km/dynamic-benchmark-20260917/justification-stream-v4c-baseline-pure-dl/justification-main/tasks/0004.json	True	6601c80f3eaec47652d77c4eb49e65c87925b178095f5ddfa31b0f4c710bbd1f
stream-v4-baseline-pure-dl	frozen_task	/ibex/user/hohndor/km/dynamic-benchmark-20260917/justification-stream-v4c-baseline-pure-dl/justification-main/tasks/0005.json	True	35d9ea7a488ddddead94a6d1150923d50daec6a6f03b13f4aee9f5ea092463ab
stream-v4-baseline-pure-dl	frozen_task	/ibex/user/hohndor/km/dynamic-benchmark-20260917/justification-stream-v4c-baseline-pure-dl/justification-main/tasks/0006.json	True	00b122413b9ef9310b893bddb1b256ed551472b38b9c28fce097f361d9a1ff4d
stream-v4-baseline-pure-dl	frozen_task	/ibex/user/hohndor/km/dynamic-benchmark-20260917/justification-stream-v4c-baseline-pure-dl/justification-main/tasks/0007.json	True	e281d3bde1ce54a4954d1dfc1f041a375891be22affe3762cabb075fabc5be24
stream-v4-baseline-pure-dl	frozen_task	/ibex/user/hohndor/km/dynamic-benchmark-20260917/justification-stream-v4c-baseline-pure-dl/justification-main/tasks/0008.json	True	30baf00f1c152769cb70e41072c70b877aa73ef1579c998331e2f98d73d40db4
stream-v4-baseline-pure-dl	frozen_task	/ibex/user/hohndor/km/dynamic-benchmark-20260917/justification-stream-v4c-baseline-pure-dl/justification-main/tasks/0009.json	True	5dbeea542740b2c73659c90fae18cf77ab4f3e615ce4ba013bf649add5e30f42
stream-v4-baseline-pure-dl	frozen_task	/ibex/user/hohndor/km/dynamic-benchmark-20260917/justification-stream-v4c-baseline-pure-dl/justification-main/tasks/0010.json	True	b99b982ade6e35257fa8900282bb6dc80be3770178348a661131d1ab37b90c13
stream-v4-baseline-pure-dl	frozen_task	/ibex/user/hohndor/km/dynamic-benchmark-20260917/justification-stream-v4c-baseline-pure-dl/justification-main/tasks/0011.json	True	17e46a936bed7564eeccf6a3370a2299704489b7fe28f832cf72e06a193ad7c9
stream-v4-baseline-pure-dl	frozen_task	/ibex/user/hohndor/km/dynamic-benchmark-20260917/justification-stream-v4c-baseline-pure-dl/justification-main/tasks/0012.json	True	201cfb7829f9d45c50cf089917e0698d1f0d7b1e30915d64cd2f97485b8ed866
stream-v4-baseline-pure-dl	frozen_task	/ibex/user/hohndor/km/dynamic-benchmark-20260917/justification-stream-v4c-baseline-pure-dl/justification-main/tasks/0013.json	True	5f3234456f7b442a5c838940d243a894348ab34e8fe6210da4ca29ff4c041ad7
stream-v4-baseline-pure-dl	frozen_task	/ibex/user/hohndor/km/dynamic-benchmark-20260917/justification-stream-v4c-baseline-pure-dl/justification-main/tasks/0014.json	True	4f21c1392fa1e38c7687c36035edb60db4d97a5899ce06fd70ca4161eddf499a
stream-v4-baseline-pure-dl	frozen_task	/ibex/user/hohndor/km/dynamic-benchmark-20260917/justification-stream-v4c-baseline-pure-dl/justification-main/tasks/0015.json	True	1bfea323ac06d658bd1206fa7f57f8c273aaada2cd001b18e9c3947fa383411b
stream-v4-baseline-pure-dl	frozen_task	/ibex/user/hohndor/km/dynamic-benchmark-20260917/justification-stream-v4c-baseline-pure-dl/justification-main/tasks/0016.json	True	8afdd21a3e7248a5c2dc6da5540f0e6c86f2bd3720a623840fc93cebb7b47d02
stream-v4-baseline-pure-dl	frozen_task	/ibex/user/hohndor/km/dynamic-benchmark-20260917/justification-stream-v4c-baseline-pure-dl/justification-main/tasks/0017.json	True	5ff395970c8190106a1de640a188fefb1cec9db54f70438d8cca881d1301f7c0
stream-v4-baseline-pure-dl	frozen_task	/ibex/user/hohndor/km/dynamic-benchmark-20260917/justification-stream-v4c-baseline-pure-dl/justification-main/tasks/0018.json	True	15fb67f01d9e49502171de31504df65d729b46a779e15974d057e12cf2ea0a91
stream-v4-baseline-pure-dl	frozen_task	/ibex/user/hohndor/km/dynamic-benchmark-20260917/justification-stream-v4c-baseline-pure-dl/justification-main/tasks/0019.json	True	a742744bf2d1ce74890fe45c4841e99375ca81b618696085adb455c3f47e422b
stream-v4-baseline-pure-dl	frozen_task	/ibex/user/hohndor/km/dynamic-benchmark-20260917/justification-stream-v4c-baseline-pure-dl/justification-main/tasks/0020.json	True	9932bcd2925469567bf9448e4f4af92394fa956c15f1c2a657171afbc7021d48
stream-v4-baseline-pure-dl	frozen_task	/ibex/user/hohndor/km/dynamic-benchmark-20260917/justification-stream-v4c-baseline-pure-dl/justification-main/tasks/0021.json	True	f7e4a1956caa56859c613a08d66b62590c9379cc5da809c37341b90b5f2a00db
stream-v4-baseline-pure-dl	frozen_task	/ibex/user/hohndor/km/dynamic-benchmark-20260917/justification-stream-v4c-baseline-pure-dl/justification-main/tasks/0022.json	True	895e99c98afdbcffc2ba55e2dcb50519554ef3657e263f81277a45182c0e5281
stream-v4-baseline-pure-dl	frozen_task	/ibex/user/hohndor/km/dynamic-benchmark-20260917/justification-stream-v4c-baseline-pure-dl/justification-main/tasks/0023.json	True	1edc64aed92e6f90faae58000e4d73737b57c6b83a6a4d626dd7299d88aab381
stream-v4-baseline-pure-dl	frozen_task	/ibex/user/hohndor/km/dynamic-benchmark-20260917/justification-stream-v4c-baseline-pure-dl/justification-main/tasks/0024.json	True	98aaa873af117c7f834855e96b4dced19c976595482ab79fde991cb748bbe883
stream-v4-baseline-pure-dl	frozen_task	/ibex/user/hohndor/km/dynamic-benchmark-20260917/justification-stream-v4c-baseline-pure-dl/justification-main/tasks/0025.json	True	1ab588444d2c6262b1caccd34a241a409adb811789a98f7b006e487e8ac25277
stream-v4-baseline-pure-dl	frozen_task	/ibex/user/hohndor/km/dynamic-benchmark-20260917/justification-stream-v4c-baseline-pure-dl/justification-main/tasks/0026.json	True	b6f148dc01000d7b4dce75339ff71e162aff37fa0806dafe2c1b2e7561cfd07d
stream-v4-baseline-pure-dl	frozen_task	/ibex/user/hohndor/km/dynamic-benchmark-20260917/justification-stream-v4c-baseline-pure-dl/justification-main/tasks/0027.json	True	7ee082bce4b58b78d7e1495fdae22c2a2997de432b46cafea2fd34ddde2bad20
stream-v4-baseline-pure-dl	frozen_task	/ibex/user/hohndor/km/dynamic-benchmark-20260917/justification-stream-v4c-baseline-pure-dl/justification-main/tasks/0028.json	True	505a95b0b87e7f1c22c9246dd72ad34cccbc255d905be285f35510daf982edd1
stream-v4-baseline-pure-dl	frozen_task	/ibex/user/hohndor/km/dynamic-benchmark-20260917/justification-stream-v4c-baseline-pure-dl/justification-main/tasks/0029.json	True	dfdbcc44b0eeaac785c90d3fccbe8f3a4dbac63ba199838e90c695a0a78cce48
stream-v4-baseline-pure-dl	frozen_task	/ibex/user/hohndor/km/dynamic-benchmark-20260917/justification-stream-v4c-baseline-pure-dl/justification-main/tasks/0030.json	True	bcee63b740a5f617f298865ee625f6e53663b4f0848c55c79615ac38884024dd
stream-v4-baseline-pure-dl	frozen_task	/ibex/user/hohndor/km/dynamic-benchmark-20260917/justification-stream-v4c-baseline-pure-dl/justification-main/tasks/0031.json	True	d1f6e712612bb045252d59c648a6f1303c81b1ada315497e26807d91a6621aa0
stream-v4-baseline-pure-dl	frozen_task	/ibex/user/hohndor/km/dynamic-benchmark-20260917/justification-stream-v4c-baseline-pure-dl/justification-main/tasks/0032.json	True	afa853f69fb418cdc8b826dddb59107749b39269a1ac0fc868210ee4702f9cc7
stream-v4-baseline-pure-dl	frozen_task	/ibex/user/hohndor/km/dynamic-benchmark-20260917/justification-stream-v4c-baseline-pure-dl/justification-main/tasks/0033.json	True	de40b4fce54acda81c4ebd5bb1db2741f8fcd2859be4187d58905303482e96c6
stream-v4-baseline-pure-dl	frozen_task	/ibex/user/hohndor/km/dynamic-benchmark-20260917/justification-stream-v4c-baseline-pure-dl/justification-main/tasks/0034.json	True	60df4b1d8144130869b74d4655c08174779398ce6055a43f4967453c7c9a8f38
stream-v4-baseline-pure-dl	frozen_task	/ibex/user/hohndor/km/dynamic-benchmark-20260917/justification-stream-v4c-baseline-pure-dl/justification-main/tasks/0035.json	True	920740337f7977f183bab64426aa40c8b0fccfe2e5f6f4a7d09fc5c4af6aae04
stream-v4-baseline-pure-dl	frozen_task	/ibex/user/hohndor/km/dynamic-benchmark-20260917/justification-stream-v4c-baseline-pure-dl/justification-main/tasks/0036.json	True	44b2149a539e5cde123287563f07736c0d30087d12b8b94885bf3393b2741146
stream-v4-baseline-pure-dl	frozen_task	/ibex/user/hohndor/km/dynamic-benchmark-20260917/justification-stream-v4c-baseline-pure-dl/justification-main/tasks/0037.json	True	1a9dedf5f426805cd613130303ec45eee803fe3e237eeaf534a2b80a67e77409
stream-v4-baseline-pure-dl	frozen_task	/ibex/user/hohndor/km/dynamic-benchmark-20260917/justification-stream-v4c-baseline-pure-dl/justification-main/tasks/0038.json	True	132a334509c30fdda37a32498dd91c105bfd799ea78bc99cfbba841da22d9678
stream-v4-baseline-pure-dl	frozen_task	/ibex/user/hohndor/km/dynamic-benchmark-20260917/justification-stream-v4c-baseline-pure-dl/justification-main/tasks/0039.json	True	66822287253ef5443339c0c2938ce7f41bdc4454275e5e75ac8d6942f392adc9
stream-v4-baseline-pure-dl	frozen_task	/ibex/user/hohndor/km/dynamic-benchmark-20260917/justification-stream-v4c-baseline-pure-dl/justification-main/tasks/0040.json	True	a4b43e7035e7c80124c711fe04c03320dc589927f6710e1af1e08bd47cbd03bc
stream-v4-baseline-pure-dl	frozen_task	/ibex/user/hohndor/km/dynamic-benchmark-20260917/justification-stream-v4c-baseline-pure-dl/justification-main/tasks/0041.json	True	6fba980fec54c0868c3b1d6af6a6efcffedd2677dd883e81464a205bd8d4af2f
stream-v4-baseline-pure-dl	frozen_task	/ibex/user/hohndor/km/dynamic-benchmark-20260917/justification-stream-v4c-baseline-pure-dl/justification-main/tasks/0042.json	True	b7dbb70ffaf40444bcb591141d74804c3c1c24c3c95ebf8b4e57bcce7f585e6c
stream-v4-baseline-pure-dl	frozen_task	/ibex/user/hohndor/km/dynamic-benchmark-20260917/justification-stream-v4c-baseline-pure-dl/justification-main/tasks/0043.json	True	e5c91dfc7772255fc94f2f0c155d42244e1402bf93c56c063ba3436424308eeb
stream-v4-baseline-pure-dl	frozen_task	/ibex/user/hohndor/km/dynamic-benchmark-20260917/justification-stream-v4c-baseline-pure-dl/justification-main/tasks/0044.json	True	795e0b4b069cf55fc3e947c12e94f88a9370a7930c6152a6b344ce8d952effec
stream-v4-baseline-pure-dl	frozen_task	/ibex/user/hohndor/km/dynamic-benchmark-20260917/justification-stream-v4c-baseline-pure-dl/justification-main/tasks/0045.json	True	a91bf003f31c93b8cdce4339cb348966f2598a9f7ab1ea449cd0bc1ce107c739
stream-v4-baseline-pure-dl	frozen_task	/ibex/user/hohndor/km/dynamic-benchmark-20260917/justification-stream-v4c-baseline-pure-dl/justification-main/tasks/0046.json	True	2ea05b8dd83b103e4fdc2b7a4c2f554709ca33ab6b8203cb253d6ee8d6160264
stream-v4-baseline-pure-dl	frozen_task	/ibex/user/hohndor/km/dynamic-benchmark-20260917/justification-stream-v4c-baseline-pure-dl/justification-main/tasks/0047.json	True	ecb7138f247640cdd76e1fadd9984aff234fbd83bf05aeb286240440622c7503
stream-v4-baseline-pure-dl	frozen_task	/ibex/user/hohndor/km/dynamic-benchmark-20260917/justification-stream-v4c-baseline-pure-dl/justification-main/tasks/0048.json	True	6fee23a4ffa87f42e08e080cb0e84032660516a6073f73b7693df28e1fd0f7e3
stream-v4-baseline-pure-dl	frozen_task	/ibex/user/hohndor/km/dynamic-benchmark-20260917/justification-stream-v4c-baseline-pure-dl/justification-main/tasks/0049.json	True	533603595728a404c21b7d25453e809e54c8308ff8557627a943df95e83f8f03
stream-v4-baseline-pure-dl	frozen_task	/ibex/user/hohndor/km/dynamic-benchmark-20260917/justification-stream-v4c-baseline-pure-dl/justification-main/tasks/0050.json	True	8350666202f11341398e2480aff46ee666aa9d2cc85cdd33550131078f434333
stream-v4-baseline-pure-dl	frozen_task	/ibex/user/hohndor/km/dynamic-benchmark-20260917/justification-stream-v4c-baseline-pure-dl/justification-main/tasks/0051.json	True	1fe54f5a3a3837c5bb55121ce980b2b3c9defe2fd089f27d2565b29a4ecadc59
stream-v4-baseline-pure-dl	frozen_task	/ibex/user/hohndor/km/dynamic-benchmark-20260917/justification-stream-v4c-baseline-pure-dl/justification-main/tasks/0052.json	True	922e9e4d8c151269120295dff87b4c5197269e2a2ea43c8e35b68fcbad3860d8
stream-v4-baseline-pure-dl	frozen_task	/ibex/user/hohndor/km/dynamic-benchmark-20260917/justification-stream-v4c-baseline-pure-dl/justification-main/tasks/0053.json	True	39c9fedcf364de05a1bc36d28787abbc1920ac94492e3265ae3060b850e3f617
stream-v4-baseline-pure-dl	frozen_task	/ibex/user/hohndor/km/dynamic-benchmark-20260917/justification-stream-v4c-baseline-pure-dl/justification-main/tasks/0054.json	True	ceb3ddfc12ebc230b125859c115b5b31c8cc8e32d37c98672b6a3e41eb5fad20
stream-v4-baseline-pure-dl	frozen_task	/ibex/user/hohndor/km/dynamic-benchmark-20260917/justification-stream-v4c-baseline-pure-dl/justification-main/tasks/0055.json	True	7508b2f7a0c0e61ac65e094e7e4d43e5bd005d24736c0a3d8eefa5526c82777c
stream-v4-baseline-pure-dl	frozen_task	/ibex/user/hohndor/km/dynamic-benchmark-20260917/justification-stream-v4c-baseline-pure-dl/justification-main/tasks/0056.json	True	c6c5a93246e6a671364ad15fce2fff495e3986b8c7a4dcd6c85b81c35a6e43d3
stream-v4-baseline-pure-dl	frozen_task	/ibex/user/hohndor/km/dynamic-benchmark-20260917/justification-stream-v4c-baseline-pure-dl/justification-main/tasks/0057.json	True	b71c628c8e11f1298de47c7b9827a5d35d0de4c60bcbd14db39a1d39f03f1914
stream-v4-baseline-pure-dl	frozen_task	/ibex/user/hohndor/km/dynamic-benchmark-20260917/justification-stream-v4c-baseline-pure-dl/justification-main/tasks/0058.json	True	f9c6b352474f70743fc4a490187294dcc70b4cdd73f2ee00191b970e5b657875
stream-v4-baseline-pure-dl	frozen_task	/ibex/user/hohndor/km/dynamic-benchmark-20260917/justification-stream-v4c-baseline-pure-dl/justification-main/tasks/0059.json	True	6fd2a7d285e7f81d0aaf2fdda0abe50a54ba29e2f9d04ec48da7fa8ad39693e0
stream-v4-final-original	independent_audit	/ibex/user/hohndor/km/dynamic-benchmark-20260917/justification-stream-v4c-final-original/justification-audit/audit.json	True	d377697a452a8f9900110dbb5f5d5e75f3e999727286a49e7ba5eb0fc666aeb8
stream-v4-final-original	logical_normalization	/ibex/user/hohndor/km/dynamic-benchmark-20260917/justification-stream-v4c-final-original/justification-audit/normalized-supports.tsv	True	6d505d210295add5a4fe641c4d2a23a2010681f62137e96384d614cbc38d2fbd
stream-v4-final-original	driver_manifest	/ibex/user/hohndor/km/dynamic-benchmark-20260917/justification-stream-v4c-final-original/justification-main/driver-manifest.json	True	4403d0bf33cb4f7cdf720225b1b207a7d03ab802d63ee350b5c73ac55ccd1abf
stream-v4-final-original	frozen_task	/ibex/user/hohndor/km/dynamic-benchmark-20260917/justification-stream-v4c-final-original/justification-main/tasks/0000.json	True	d67a071884418497f68f57b0556d01973cdc3d4e1b22c0b27c3ba5989520b7e2
stream-v4-final-original	frozen_task	/ibex/user/hohndor/km/dynamic-benchmark-20260917/justification-stream-v4c-final-original/justification-main/tasks/0001.json	True	3726f132cbb7ed6c20e1d22370c427b6bf278e5115b91091ac62dca7057b1162
stream-v4-final-original	frozen_task	/ibex/user/hohndor/km/dynamic-benchmark-20260917/justification-stream-v4c-final-original/justification-main/tasks/0002.json	True	562515fa56ed189e7e05165062143f2d6c82493a480b11d4ae0c28430ae48475
stream-v4-final-original	frozen_task	/ibex/user/hohndor/km/dynamic-benchmark-20260917/justification-stream-v4c-final-original/justification-main/tasks/0003.json	True	b6831aa569ba4a11f9ebffb3ee761e807f9eaeebb90fb95e2b4e5a505856b3bc
stream-v4-final-original	frozen_task	/ibex/user/hohndor/km/dynamic-benchmark-20260917/justification-stream-v4c-final-original/justification-main/tasks/0004.json	True	6277dfe4c528b34f58f51fb8f998e6da2389af20fa2ff2a7f104218e3f263caa
stream-v4-final-original	frozen_task	/ibex/user/hohndor/km/dynamic-benchmark-20260917/justification-stream-v4c-final-original/justification-main/tasks/0005.json	True	e25f420cfc167b2ed41b985912968a67dd37da3e54787602fb895e9eca8101a2
stream-v4-final-original	frozen_task	/ibex/user/hohndor/km/dynamic-benchmark-20260917/justification-stream-v4c-final-original/justification-main/tasks/0006.json	True	0079b740e2cf1f237999cb225b9d348a2cfeff17c85d2c278fea42c70ae0ecce
stream-v4-final-original	frozen_task	/ibex/user/hohndor/km/dynamic-benchmark-20260917/justification-stream-v4c-final-original/justification-main/tasks/0007.json	True	4f63307c60c81627e516186c2ed74866588718c71531d9a61175681f234b3fcb
stream-v4-final-original	frozen_task	/ibex/user/hohndor/km/dynamic-benchmark-20260917/justification-stream-v4c-final-original/justification-main/tasks/0008.json	True	90d0a8e6d9fd2967a50ecc4428b9f94607e8194295d76b94ef6ea0c0b2e9829f
stream-v4-final-original	frozen_task	/ibex/user/hohndor/km/dynamic-benchmark-20260917/justification-stream-v4c-final-original/justification-main/tasks/0009.json	True	9a967fb9b762ddc166aba65c9089e8a95426ff646cb98940a39e614284954889
stream-v4-final-original	frozen_task	/ibex/user/hohndor/km/dynamic-benchmark-20260917/justification-stream-v4c-final-original/justification-main/tasks/0010.json	True	93e63b357f0d261d15e35352841983bedfaca48e80b23d9985176fb5ad523cb6
stream-v4-final-original	frozen_task	/ibex/user/hohndor/km/dynamic-benchmark-20260917/justification-stream-v4c-final-original/justification-main/tasks/0011.json	True	f717a2d2e51d5c2f62aa086b5c91bedb7481fdb1630f9a6bd6c4614a11ce9a4a
stream-v4-final-original	frozen_task	/ibex/user/hohndor/km/dynamic-benchmark-20260917/justification-stream-v4c-final-original/justification-main/tasks/0012.json	True	176c59bf6927f61868745ad16f2acb77e86e8c212c030b5423c14b8851b10eac
stream-v4-final-original	frozen_task	/ibex/user/hohndor/km/dynamic-benchmark-20260917/justification-stream-v4c-final-original/justification-main/tasks/0013.json	True	9bb87eebf8e4c8bc1d6ffd447711ab51674bd1062556e03b75ad0a5658353368
stream-v4-final-original	frozen_task	/ibex/user/hohndor/km/dynamic-benchmark-20260917/justification-stream-v4c-final-original/justification-main/tasks/0014.json	True	a304da07103569e6dd02c34fcc4ef9ef2417fb3857ae5763d28b9dbdd5a61959
stream-v4-final-original	frozen_task	/ibex/user/hohndor/km/dynamic-benchmark-20260917/justification-stream-v4c-final-original/justification-main/tasks/0015.json	True	188bb419ec2529bd0aed659d90d2f2c2b3e948d4339b147792bb16bddc40cc97
stream-v4-final-original	frozen_task	/ibex/user/hohndor/km/dynamic-benchmark-20260917/justification-stream-v4c-final-original/justification-main/tasks/0016.json	True	8e3621f6e9aa54361d9923ae921cb6b039157c0af267f20e5448791477d7b00b
stream-v4-final-original	frozen_task	/ibex/user/hohndor/km/dynamic-benchmark-20260917/justification-stream-v4c-final-original/justification-main/tasks/0017.json	True	eccab219b258bd2931ce7020fb54e832e3f9cf2749d45bdd3ebe23f9a4eaf92a
stream-v4-final-original	frozen_task	/ibex/user/hohndor/km/dynamic-benchmark-20260917/justification-stream-v4c-final-original/justification-main/tasks/0018.json	True	306336cb54f021844b6791d79db34b3fe62669be4c0a16e2684e9f328ebc19d7
stream-v4-final-original	frozen_task	/ibex/user/hohndor/km/dynamic-benchmark-20260917/justification-stream-v4c-final-original/justification-main/tasks/0019.json	True	03a7632490925be55500b1a585acea2b68c09740d68bde40a7175a6210f6aa2e
stream-v4-final-original	frozen_task	/ibex/user/hohndor/km/dynamic-benchmark-20260917/justification-stream-v4c-final-original/justification-main/tasks/0020.json	True	7aef10e4f7b3ccbab725470919929fa710050abf66d71bcd8343676338389776
stream-v4-final-original	frozen_task	/ibex/user/hohndor/km/dynamic-benchmark-20260917/justification-stream-v4c-final-original/justification-main/tasks/0021.json	True	163b9ed78a783d9ae5657951972a67711bd80d8fbabf48589582e7af5ede415e
stream-v4-final-original	frozen_task	/ibex/user/hohndor/km/dynamic-benchmark-20260917/justification-stream-v4c-final-original/justification-main/tasks/0022.json	True	dd913307cd5076547748b49183198fdf5160a8e25f4f5fd74ba13298a4cc5b10
stream-v4-final-original	frozen_task	/ibex/user/hohndor/km/dynamic-benchmark-20260917/justification-stream-v4c-final-original/justification-main/tasks/0023.json	True	4e81884b87385442368085ce245410c2f8cb912004419878de61bab002cc223a
stream-v4-final-original	frozen_task	/ibex/user/hohndor/km/dynamic-benchmark-20260917/justification-stream-v4c-final-original/justification-main/tasks/0024.json	True	57d955687664117346087c9e4fa217677b5eec714fb9db6f1c2914335ae2917c
stream-v4-final-original	frozen_task	/ibex/user/hohndor/km/dynamic-benchmark-20260917/justification-stream-v4c-final-original/justification-main/tasks/0025.json	True	f399ae13b9c1775773b8ecd9d9a1ad075524f4cf8abf5ca857e49851d9af0a26
stream-v4-final-original	frozen_task	/ibex/user/hohndor/km/dynamic-benchmark-20260917/justification-stream-v4c-final-original/justification-main/tasks/0026.json	True	aaa4faac458cc973bfe93cbad3908b151d85f6e04be567532c0b9ad4d241d0f5
stream-v4-final-original	frozen_task	/ibex/user/hohndor/km/dynamic-benchmark-20260917/justification-stream-v4c-final-original/justification-main/tasks/0027.json	True	a95a7f18d880f5764fe1863b9a921aca92c022f379d681e4d9845184850bf93b
stream-v4-final-original	frozen_task	/ibex/user/hohndor/km/dynamic-benchmark-20260917/justification-stream-v4c-final-original/justification-main/tasks/0028.json	True	71704e666ff31ffc69e5b555d7b5a31b11a3640bd9ffbabaca2e7eda556d5a14
stream-v4-final-original	frozen_task	/ibex/user/hohndor/km/dynamic-benchmark-20260917/justification-stream-v4c-final-original/justification-main/tasks/0029.json	True	9b19b5c7736a481dcdabe124672cf54ece19e315f62758594791ae9276717c24
stream-v4-final-original	frozen_task	/ibex/user/hohndor/km/dynamic-benchmark-20260917/justification-stream-v4c-final-original/justification-main/tasks/0030.json	True	31037d21292a57401fe00948123abb7826b509cdb8713db04c26ed54b44580a7
stream-v4-final-original	frozen_task	/ibex/user/hohndor/km/dynamic-benchmark-20260917/justification-stream-v4c-final-original/justification-main/tasks/0031.json	True	4ccb7fa3e123a806ccca035e92bb9ba4f4b4c033b9b07dc8c46eff261ae4a24b
stream-v4-final-original	frozen_task	/ibex/user/hohndor/km/dynamic-benchmark-20260917/justification-stream-v4c-final-original/justification-main/tasks/0032.json	True	c0ccdb50f82b318f401a2005e9c0ae4f33d33fe8e9e086e05d474510031a66be
stream-v4-final-original	frozen_task	/ibex/user/hohndor/km/dynamic-benchmark-20260917/justification-stream-v4c-final-original/justification-main/tasks/0033.json	True	ef65239bb8864c7cf8cf2e5c1161ace11d5abed68cbb236d5688274888337d10
stream-v4-final-original	frozen_task	/ibex/user/hohndor/km/dynamic-benchmark-20260917/justification-stream-v4c-final-original/justification-main/tasks/0034.json	True	fc4af89aec7ac424358f66fa1180b0395896d5d0b010ead47dde5b1e60c55ac3
stream-v4-final-original	frozen_task	/ibex/user/hohndor/km/dynamic-benchmark-20260917/justification-stream-v4c-final-original/justification-main/tasks/0035.json	True	837c542fd0abc97df2b94cd9b250a92649a43af7ea2950ff3850dc2c7423bc7f
stream-v4-final-original	frozen_task	/ibex/user/hohndor/km/dynamic-benchmark-20260917/justification-stream-v4c-final-original/justification-main/tasks/0036.json	True	1fc62086ea30d35bda79260a8ddc76224d12d99263681cfe30aad764b3f03100
stream-v4-final-original	frozen_task	/ibex/user/hohndor/km/dynamic-benchmark-20260917/justification-stream-v4c-final-original/justification-main/tasks/0037.json	True	15d1c7c13c59bd22bf2b17fef5c264c2c0e3a13a4495b64e141d377197cf6c5c
stream-v4-final-original	frozen_task	/ibex/user/hohndor/km/dynamic-benchmark-20260917/justification-stream-v4c-final-original/justification-main/tasks/0038.json	True	2bd8bc13600ec56189877d9db71796a62070a9e9707725e69c612a8783a7455f
stream-v4-final-original	frozen_task	/ibex/user/hohndor/km/dynamic-benchmark-20260917/justification-stream-v4c-final-original/justification-main/tasks/0039.json	True	8f93a7ba6199ba25f071a288e56bcebd1d14dc028e7ff8c58d807d9dcf9bd650
stream-v4-final-original	frozen_task	/ibex/user/hohndor/km/dynamic-benchmark-20260917/justification-stream-v4c-final-original/justification-main/tasks/0040.json	True	b5210520b0ebcea67f2c6b6332f3d7f320c8f818bc15bd676eb45e25789e0bad
stream-v4-final-original	frozen_task	/ibex/user/hohndor/km/dynamic-benchmark-20260917/justification-stream-v4c-final-original/justification-main/tasks/0041.json	True	17b9c571f870fb7d621c9ddf0af29d467d4fced5635c08be5d1666cce6568d8e
stream-v4-final-original	frozen_task	/ibex/user/hohndor/km/dynamic-benchmark-20260917/justification-stream-v4c-final-original/justification-main/tasks/0042.json	True	7440e5a3c94c703003ba59f9d04d4834fe89c28a896cb6797068988f92f28585
stream-v4-final-original	frozen_task	/ibex/user/hohndor/km/dynamic-benchmark-20260917/justification-stream-v4c-final-original/justification-main/tasks/0043.json	True	a7c40a50d0c6a70db6220696484e6e665c80035262cbbb50a158d986b228c08b
stream-v4-final-original	frozen_task	/ibex/user/hohndor/km/dynamic-benchmark-20260917/justification-stream-v4c-final-original/justification-main/tasks/0044.json	True	1ccb2ee7ad4ee31fcf55d7b2ef431e98eaaf9994e84b3f3461bb947915a9fd57
stream-v4-final-original	frozen_task	/ibex/user/hohndor/km/dynamic-benchmark-20260917/justification-stream-v4c-final-original/justification-main/tasks/0045.json	True	48b33eb851fcce3ca37ff79414d8207a6695b7b8ed677edd2ab401f5e3c593a0
stream-v4-final-original	frozen_task	/ibex/user/hohndor/km/dynamic-benchmark-20260917/justification-stream-v4c-final-original/justification-main/tasks/0046.json	True	4bc87c01c1cb3e77a0ea167e2faf6b8e09909bea35d02dd79d1cf504da2cb8a0
stream-v4-final-original	frozen_task	/ibex/user/hohndor/km/dynamic-benchmark-20260917/justification-stream-v4c-final-original/justification-main/tasks/0047.json	True	62eb0f7471e405fce424d11a9f53a973798c3a981d84bc75e07c642a372c11c3
stream-v4-final-original	frozen_task	/ibex/user/hohndor/km/dynamic-benchmark-20260917/justification-stream-v4c-final-original/justification-main/tasks/0048.json	True	938992b6d132c1514e993ee25f93f82a422fbe4cd1ed3b9a47467065dea919cf
stream-v4-final-original	frozen_task	/ibex/user/hohndor/km/dynamic-benchmark-20260917/justification-stream-v4c-final-original/justification-main/tasks/0049.json	True	4e92c1ddc6bfb75bbe154fcec59a4c558ee72f368d8977735727940087a4d867
stream-v4-final-original	frozen_task	/ibex/user/hohndor/km/dynamic-benchmark-20260917/justification-stream-v4c-final-original/justification-main/tasks/0050.json	True	a4bf59ff0041e0a847058b024f983b33e7d2cc24e3a6b36eb17982bf44055c16
stream-v4-final-original	frozen_task	/ibex/user/hohndor/km/dynamic-benchmark-20260917/justification-stream-v4c-final-original/justification-main/tasks/0051.json	True	76ffdd77c9da560f919e1ce4435db5d6c2aeb8cec747d621e5192fdcb2778f63
stream-v4-final-original	frozen_task	/ibex/user/hohndor/km/dynamic-benchmark-20260917/justification-stream-v4c-final-original/justification-main/tasks/0052.json	True	7a87c37fe4ec086cebd380a919df3d4157c5af93a2d3f4767cc2a8e86e8c39d8
stream-v4-final-original	frozen_task	/ibex/user/hohndor/km/dynamic-benchmark-20260917/justification-stream-v4c-final-original/justification-main/tasks/0053.json	True	74add99aec67b42500f95c5488e9b2c2278d95c57a4c6669059249e35f85c934
stream-v4-final-original	frozen_task	/ibex/user/hohndor/km/dynamic-benchmark-20260917/justification-stream-v4c-final-original/justification-main/tasks/0054.json	True	ae2fc88304fac43463a9c0bba7eb08d7385cbda7f14e4c5e237ff6ef914750d5
stream-v4-final-original	frozen_task	/ibex/user/hohndor/km/dynamic-benchmark-20260917/justification-stream-v4c-final-original/justification-main/tasks/0055.json	True	fb151517eed93015184a9a5a5ca820f425bd247fa366f6c682ef1146cb22c804
stream-v4-final-original	frozen_task	/ibex/user/hohndor/km/dynamic-benchmark-20260917/justification-stream-v4c-final-original/justification-main/tasks/0056.json	True	4771a0bb257e4bddbfd119ab8cc368905ff962fa39e6f93108a627c78197c7af
stream-v4-final-original	frozen_task	/ibex/user/hohndor/km/dynamic-benchmark-20260917/justification-stream-v4c-final-original/justification-main/tasks/0057.json	True	58cf6154b7bae78c12b3e1d1083b8da0c33fa04c53fcf936e4874694c64ab785
stream-v4-final-original	frozen_task	/ibex/user/hohndor/km/dynamic-benchmark-20260917/justification-stream-v4c-final-original/justification-main/tasks/0058.json	True	836751f5a5f9faf2ff2f33276f7cd19eca9e79c3688f9e2cf0489584cdced93f
stream-v4-final-original	frozen_task	/ibex/user/hohndor/km/dynamic-benchmark-20260917/justification-stream-v4c-final-original/justification-main/tasks/0059.json	True	f01a39c948c18dd0d445630f491e97574c9c68845535066088b1810289189679
stream-v4-final-original	frozen_task	/ibex/user/hohndor/km/dynamic-benchmark-20260917/justification-stream-v4c-final-original/justification-main/tasks/0060.json	True	5676385bd4f59e9a9cf4263a7aa58d7f54488b203552c93a6260a9b216f496d5
stream-v4-final-original	frozen_task	/ibex/user/hohndor/km/dynamic-benchmark-20260917/justification-stream-v4c-final-original/justification-main/tasks/0061.json	True	d2e97e00d71408fa94ef968d4dcc2f42c78d393b2099d62d180ee4c612dea914
stream-v4-final-original	frozen_task	/ibex/user/hohndor/km/dynamic-benchmark-20260917/justification-stream-v4c-final-original/justification-main/tasks/0062.json	True	b77773fb35aa1777b128f866d8c0d35e9743c8f9f9a89d599dfed9d26db7dc9e
stream-v4-final-original	frozen_task	/ibex/user/hohndor/km/dynamic-benchmark-20260917/justification-stream-v4c-final-original/justification-main/tasks/0063.json	True	bf40462944c353531b5427920dc81c0c2f8b86a9e3b6a6677d63729e4576679c
stream-v4-final-original	frozen_task	/ibex/user/hohndor/km/dynamic-benchmark-20260917/justification-stream-v4c-final-original/justification-main/tasks/0064.json	True	1b54373d6f55703a39e275208d601f5d0544d7f88e8751b28c9c4fdcd52aebb3
stream-v4-final-original	frozen_task	/ibex/user/hohndor/km/dynamic-benchmark-20260917/justification-stream-v4c-final-original/justification-main/tasks/0065.json	True	9fe1c916241ce2d9b9ad48767e484dd729245a79584ea1177805bcce4da24974
stream-v4-final-original	frozen_task	/ibex/user/hohndor/km/dynamic-benchmark-20260917/justification-stream-v4c-final-original/justification-main/tasks/0066.json	True	0df309cc5eaced83965322a4b03f8a3ee462c563adfaf223a2f559493ca83214
stream-v4-final-original	frozen_task	/ibex/user/hohndor/km/dynamic-benchmark-20260917/justification-stream-v4c-final-original/justification-main/tasks/0067.json	True	f3c8634523460b18680a748cc796bdde81a8942c12a2a313fa1800010ef247bf
stream-v4-final-original	frozen_task	/ibex/user/hohndor/km/dynamic-benchmark-20260917/justification-stream-v4c-final-original/justification-main/tasks/0068.json	True	d59c9acbabcbd4aa322cc810e174085bc6749ef5f1c9f8686dd099e11a8aa900
stream-v4-final-original	frozen_task	/ibex/user/hohndor/km/dynamic-benchmark-20260917/justification-stream-v4c-final-original/justification-main/tasks/0069.json	True	71bc7c8fb6a2dde6e90c338321948ea15de1346bc5aa8ed2faa8967bf4cae4ef
stream-v4-final-original	frozen_task	/ibex/user/hohndor/km/dynamic-benchmark-20260917/justification-stream-v4c-final-original/justification-main/tasks/0070.json	True	cf263d5c42a49d128b39cd0f173ced6139d0dfe167a4ab7fd5178bc1d0d2107f
stream-v4-final-original	frozen_task	/ibex/user/hohndor/km/dynamic-benchmark-20260917/justification-stream-v4c-final-original/justification-main/tasks/0071.json	True	42840639ce056b8fb3176b3b85844debb884f6b7fbb0dc8c2ab62ecb53d9ff20
stream-v4-final-original	frozen_task	/ibex/user/hohndor/km/dynamic-benchmark-20260917/justification-stream-v4c-final-original/justification-main/tasks/0072.json	True	339bce891ab00e132f217714506e3222cfc422dc59b5a13cf4c499fd06806075
stream-v4-final-original	frozen_task	/ibex/user/hohndor/km/dynamic-benchmark-20260917/justification-stream-v4c-final-original/justification-main/tasks/0073.json	True	c1d31d67bcb6b6e16d1423f48ab3c80a47bb4f672e1d610644af9b576acc3ccb
stream-v4-final-original	frozen_task	/ibex/user/hohndor/km/dynamic-benchmark-20260917/justification-stream-v4c-final-original/justification-main/tasks/0074.json	True	10d44b156391ab547df268457cc454ad7d24cea50a9a56a0ae850ff9e864ef36
stream-v4-final-original	frozen_task	/ibex/user/hohndor/km/dynamic-benchmark-20260917/justification-stream-v4c-final-original/justification-main/tasks/0075.json	True	403b5dd51968f35162c33936c58e6fb48d344f7569a03814fc2d8a62f2bde1ce
stream-v4-final-original	frozen_task	/ibex/user/hohndor/km/dynamic-benchmark-20260917/justification-stream-v4c-final-original/justification-main/tasks/0076.json	True	ba31ef4f6ec09290cc7b9d121da8f8258ecaf38dcc78ff6d6f849247be76acf2
stream-v4-final-original	frozen_task	/ibex/user/hohndor/km/dynamic-benchmark-20260917/justification-stream-v4c-final-original/justification-main/tasks/0077.json	True	9cbe111208e46300b652d3db411147fc6179c39ec813bb1e209735a9a3a81210
stream-v4-final-original	frozen_task	/ibex/user/hohndor/km/dynamic-benchmark-20260917/justification-stream-v4c-final-original/justification-main/tasks/0078.json	True	658af0e313034a9cbf00e4d19d89aa4f0a789df0c129e837fdc5f6ba5f9d2c60
stream-v4-final-original	frozen_task	/ibex/user/hohndor/km/dynamic-benchmark-20260917/justification-stream-v4c-final-original/justification-main/tasks/0079.json	True	194d16edc124f095e827a63825c368deabdd893c7dbcdd97248a1563cc97433f
stream-v4-final-original	frozen_task	/ibex/user/hohndor/km/dynamic-benchmark-20260917/justification-stream-v4c-final-original/justification-main/tasks/0080.json	True	9271ae1c47ca14fc5a8cee156863ec5bd3278b2220412b2e52406e4f0a038a32
stream-v4-final-original	frozen_task	/ibex/user/hohndor/km/dynamic-benchmark-20260917/justification-stream-v4c-final-original/justification-main/tasks/0081.json	True	906a1ed9671fe04c00cecca5c51c69417bedfdffcdac7c52475063bd61dce820
stream-v4-final-original	frozen_task	/ibex/user/hohndor/km/dynamic-benchmark-20260917/justification-stream-v4c-final-original/justification-main/tasks/0082.json	True	f1e001d92f3afa321d55ef3e2abb2d1e9dfb2f7fd9e64818b2ce1eb62e5a8047
stream-v4-final-original	frozen_task	/ibex/user/hohndor/km/dynamic-benchmark-20260917/justification-stream-v4c-final-original/justification-main/tasks/0083.json	True	b6a51a49acd6c868f40358b7a794c7d7594856d3d9fd801490d9fcad5f17c331
stream-v4-final-original	frozen_task	/ibex/user/hohndor/km/dynamic-benchmark-20260917/justification-stream-v4c-final-original/justification-main/tasks/0084.json	True	08b4ac240860e3b1f391b03ead66e78992ab414476b09aaee4225356357d2eb5
stream-v4-final-original	frozen_task	/ibex/user/hohndor/km/dynamic-benchmark-20260917/justification-stream-v4c-final-original/justification-main/tasks/0085.json	True	80943ff03c7758f6da332ce46a6c968dc7df7ef388cbfd580b3b660c23d011e7
stream-v4-final-original	frozen_task	/ibex/user/hohndor/km/dynamic-benchmark-20260917/justification-stream-v4c-final-original/justification-main/tasks/0086.json	True	555ba8684e36d961f88235be5da11318956c9587a0c40dbbbde01b98eba4d33a
stream-v4-final-original	frozen_task	/ibex/user/hohndor/km/dynamic-benchmark-20260917/justification-stream-v4c-final-original/justification-main/tasks/0087.json	True	185aea0002fee175bcb67be63c85d94caf9186ec9246469e89eb9c1e653855a2
stream-v4-final-original	frozen_task	/ibex/user/hohndor/km/dynamic-benchmark-20260917/justification-stream-v4c-final-original/justification-main/tasks/0088.json	True	1a0de1acfd687ceed77a7eb9398153064fc0d4e4f01371a53cd23e8d2d03344c
stream-v4-final-original	frozen_task	/ibex/user/hohndor/km/dynamic-benchmark-20260917/justification-stream-v4c-final-original/justification-main/tasks/0089.json	True	e031a1c4f298d89480f31733238d9ad4d4031d9231fea7c5d7ae66c1df36cec8
stream-v4-final-original	frozen_task	/ibex/user/hohndor/km/dynamic-benchmark-20260917/justification-stream-v4c-final-original/justification-main/tasks/0090.json	True	b52aac5a8ed9a996df3e92116aa875fffb45a806a0d75750e8d787bb8aa58517
stream-v4-final-original	frozen_task	/ibex/user/hohndor/km/dynamic-benchmark-20260917/justification-stream-v4c-final-original/justification-main/tasks/0091.json	True	28dff0a3f36eae90bd937d7a8d2e98e9709bea59fcac896ed6183ecd8d7e6502
stream-v4-final-original	frozen_task	/ibex/user/hohndor/km/dynamic-benchmark-20260917/justification-stream-v4c-final-original/justification-main/tasks/0092.json	True	0cdb1dbb035370944217c946d621933bcb0c19e45b2f83d1e01477b5bbd3c30e
stream-v4-final-original	frozen_task	/ibex/user/hohndor/km/dynamic-benchmark-20260917/justification-stream-v4c-final-original/justification-main/tasks/0093.json	True	36b856810af398818301e8eec50f62f66387ebee5cb56aba127b166e988d9b52
stream-v4-final-original	frozen_task	/ibex/user/hohndor/km/dynamic-benchmark-20260917/justification-stream-v4c-final-original/justification-main/tasks/0094.json	True	498d3e2a2efb9d5b72916ab388e25b1d638711f0b5e7c98503f4eab271404a20
stream-v4-final-original	frozen_task	/ibex/user/hohndor/km/dynamic-benchmark-20260917/justification-stream-v4c-final-original/justification-main/tasks/0095.json	True	10722c5bd388e281cf5b228157f5cf29b4ed5c257c429eeabb95e753d31276d8
stream-v4-final-original	frozen_task	/ibex/user/hohndor/km/dynamic-benchmark-20260917/justification-stream-v4c-final-original/justification-main/tasks/0096.json	True	d687d14b6504e3caa60d2af8aac4cc6026e9c9bc1c502d8fada1bff275db5d45
stream-v4-final-original	frozen_task	/ibex/user/hohndor/km/dynamic-benchmark-20260917/justification-stream-v4c-final-original/justification-main/tasks/0097.json	True	8ab13c5f6b27b3c5d09957d390e67fcfa543b33ae3644ec49f96e0a8e76e9bce
stream-v4-final-original	frozen_task	/ibex/user/hohndor/km/dynamic-benchmark-20260917/justification-stream-v4c-final-original/justification-main/tasks/0098.json	True	1813d33d4324dc59eb538c2adb1bd0f01878bbb23bf250beee0301bedab50bce
stream-v4-final-original	frozen_task	/ibex/user/hohndor/km/dynamic-benchmark-20260917/justification-stream-v4c-final-original/justification-main/tasks/0099.json	True	fa79181285d2b0a0c268c3123430dff481f5f2a0191f21fc5cc495bc67c788ea
stream-v4-final-original	frozen_task	/ibex/user/hohndor/km/dynamic-benchmark-20260917/justification-stream-v4c-final-original/justification-main/tasks/0100.json	True	877ffbc82eca004bc78693c61a2f161b66a1f9603549b20580202eeab67b1277
stream-v4-final-original	frozen_task	/ibex/user/hohndor/km/dynamic-benchmark-20260917/justification-stream-v4c-final-original/justification-main/tasks/0101.json	True	f6a2bdcf62cfe733d89030059b2cfc8782f165e24a3353a4a21bb4d11d92224c
stream-v4-final-original	frozen_task	/ibex/user/hohndor/km/dynamic-benchmark-20260917/justification-stream-v4c-final-original/justification-main/tasks/0102.json	True	24a8520d40df8a78f6d5b44822560ce1a7c88766ae6cdd69c155f2a582405077
stream-v4-final-original	frozen_task	/ibex/user/hohndor/km/dynamic-benchmark-20260917/justification-stream-v4c-final-original/justification-main/tasks/0103.json	True	ca53d2e88ec9dd05c0b7f56bd7b00856dca0f12151959552d83ba689a31302ba
stream-v4-final-original	frozen_task	/ibex/user/hohndor/km/dynamic-benchmark-20260917/justification-stream-v4c-final-original/justification-main/tasks/0104.json	True	76f0f934ec0b61b3c8f0ac9e0e36b0d164cb8bacb83a7eff79a418b1fffc3377
stream-v4-final-original	frozen_task	/ibex/user/hohndor/km/dynamic-benchmark-20260917/justification-stream-v4c-final-original/justification-main/tasks/0105.json	True	a3b8e5644eef9b3d01cbedf6386ecb534d74a0fdbf5098dce378bdb77953e76f
stream-v4-final-original	frozen_task	/ibex/user/hohndor/km/dynamic-benchmark-20260917/justification-stream-v4c-final-original/justification-main/tasks/0106.json	True	9b236c26d25d1145b29a2c830251d72ebd1486053b2ca70081ed7f04998c5c20
stream-v4-final-original	frozen_task	/ibex/user/hohndor/km/dynamic-benchmark-20260917/justification-stream-v4c-final-original/justification-main/tasks/0107.json	True	ac662030def91d5566faf28db54dd74a498550d448ac7f63fff296f4731aacbb
stream-v4-final-original	frozen_task	/ibex/user/hohndor/km/dynamic-benchmark-20260917/justification-stream-v4c-final-original/justification-main/tasks/0108.json	True	09cf5126124291f10271d92dc3ce149a6d8f483c4cd830988882bc7893563b47
stream-v4-final-original	frozen_task	/ibex/user/hohndor/km/dynamic-benchmark-20260917/justification-stream-v4c-final-original/justification-main/tasks/0109.json	True	2fa067e0800d6693e003e9b9c9fa20d60f81bb004acc224ac6ad633981b43a5f
stream-v4-final-original	frozen_task	/ibex/user/hohndor/km/dynamic-benchmark-20260917/justification-stream-v4c-final-original/justification-main/tasks/0110.json	True	70529dbf10692d567b17daf84efa9f4ab2a2549738f7acce56db8812f16d6d24
stream-v4-final-original	frozen_task	/ibex/user/hohndor/km/dynamic-benchmark-20260917/justification-stream-v4c-final-original/justification-main/tasks/0111.json	True	4a3a82f72f0bcd3d77f45f1eae302e6570d8956003646c1c1107717deb0599aa
stream-v4-final-original	frozen_task	/ibex/user/hohndor/km/dynamic-benchmark-20260917/justification-stream-v4c-final-original/justification-main/tasks/0112.json	True	14b5b1be1762aed301c19f66414736c716f60c40fc280436c1aed74aac2e30c0
stream-v4-final-original	frozen_task	/ibex/user/hohndor/km/dynamic-benchmark-20260917/justification-stream-v4c-final-original/justification-main/tasks/0113.json	True	52158f254360fbc3029588ee1b6158f5c543964d14b0c1e4b4219f266ed0fe9d
stream-v4-final-original	frozen_task	/ibex/user/hohndor/km/dynamic-benchmark-20260917/justification-stream-v4c-final-original/justification-main/tasks/0114.json	True	cf7566397f8fbbd4bca4436dcaefb0ad7a3f0428fbd74df1d2f147bb56106642
stream-v4-final-original	frozen_task	/ibex/user/hohndor/km/dynamic-benchmark-20260917/justification-stream-v4c-final-original/justification-main/tasks/0115.json	True	06b97bf589f946c158f659b662eeaf1dd336e6783cb48db5c0dca8c952c73678
stream-v4-final-original	frozen_task	/ibex/user/hohndor/km/dynamic-benchmark-20260917/justification-stream-v4c-final-original/justification-main/tasks/0116.json	True	7165280ce3307160173d5408634a9b0e9901dc7a1cc8f207b0903f913f339800
stream-v4-final-original	frozen_task	/ibex/user/hohndor/km/dynamic-benchmark-20260917/justification-stream-v4c-final-original/justification-main/tasks/0117.json	True	72dbd589699b04b6464525b6e5c7ac5d01f8fc60e666a5ed50276e07efa8bc15
stream-v4-final-original	frozen_task	/ibex/user/hohndor/km/dynamic-benchmark-20260917/justification-stream-v4c-final-original/justification-main/tasks/0118.json	True	671ca26805b7dff1eeb971ea78190c6a45b8db20d159a797431fbace453d8cb4
stream-v4-final-original	frozen_task	/ibex/user/hohndor/km/dynamic-benchmark-20260917/justification-stream-v4c-final-original/justification-main/tasks/0119.json	True	6e55cd3c9068db8a2b55545dcb0d2d1e97c9b8a91c59715ad16e7ca372b1b8b5
stream-v4-final-original	frozen_task	/ibex/user/hohndor/km/dynamic-benchmark-20260917/justification-stream-v4c-final-original/justification-main/tasks/0120.json	True	d54e3f4ad7a34d6b4556c97a4d0431e58997bf1edd595d8cfbbcddd70ffd9c32
stream-v4-final-original	frozen_task	/ibex/user/hohndor/km/dynamic-benchmark-20260917/justification-stream-v4c-final-original/justification-main/tasks/0121.json	True	78f8770ac47d53953f53c316366754746e0f161dacb49426f7e5aab73b47c2f1
stream-v4-final-original	frozen_task	/ibex/user/hohndor/km/dynamic-benchmark-20260917/justification-stream-v4c-final-original/justification-main/tasks/0122.json	True	455624dda86ff6cf1a7c4bca33301d39d68a4eb13ab969aa74ffb33f833da18f
stream-v4-final-original	frozen_task	/ibex/user/hohndor/km/dynamic-benchmark-20260917/justification-stream-v4c-final-original/justification-main/tasks/0123.json	True	7819a8a5956206ac24c5c241983d640e144cba4844cc260c2365c4c51c2618a5
stream-v4-final-original	frozen_task	/ibex/user/hohndor/km/dynamic-benchmark-20260917/justification-stream-v4c-final-original/justification-main/tasks/0124.json	True	6ad17b6cd72b20c73d9b1b838afde9e38ed078c0a28d5ae031287711197d7b22
stream-v4-final-original	frozen_task	/ibex/user/hohndor/km/dynamic-benchmark-20260917/justification-stream-v4c-final-original/justification-main/tasks/0125.json	True	7f56c4fac61ff95dfd0df01cd5f02fe00f6468540bf79752577e974833b7d08c
stream-v4-final-original	frozen_task	/ibex/user/hohndor/km/dynamic-benchmark-20260917/justification-stream-v4c-final-original/justification-main/tasks/0126.json	True	3a8c84eb7753c5b8863ef7bde5f338b70892e02c74fab0e932c4f91fcaf97aaa
stream-v4-final-original	frozen_task	/ibex/user/hohndor/km/dynamic-benchmark-20260917/justification-stream-v4c-final-original/justification-main/tasks/0127.json	True	8c48f712c0a6b930441b27ecf5bc4df750c4c0e19379075e65cad92f11612688
stream-v4-final-original	frozen_task	/ibex/user/hohndor/km/dynamic-benchmark-20260917/justification-stream-v4c-final-original/justification-main/tasks/0128.json	True	bf6573689dbb1496e68db24ed72e316a80f914a231c5b185cf0a75e2ea543be4
stream-v4-final-original	frozen_task	/ibex/user/hohndor/km/dynamic-benchmark-20260917/justification-stream-v4c-final-original/justification-main/tasks/0129.json	True	4f8cea153caf8753f2e84c2df1af846a5d933a25ab4a99554af4ae96f67e2173
stream-v4-final-original	frozen_task	/ibex/user/hohndor/km/dynamic-benchmark-20260917/justification-stream-v4c-final-original/justification-main/tasks/0130.json	True	9e11207ff61fa700e24f238ef65adc3c00924f939828310ded50c3abac7da6ed
stream-v4-final-original	frozen_task	/ibex/user/hohndor/km/dynamic-benchmark-20260917/justification-stream-v4c-final-original/justification-main/tasks/0131.json	True	b87ba750f634bac97656dcb53676725aa315836dae67b4e6e64db51ed106ed98
stream-v4-final-original	frozen_task	/ibex/user/hohndor/km/dynamic-benchmark-20260917/justification-stream-v4c-final-original/justification-main/tasks/0132.json	True	b96a7047c7fe87696a92d86fbe4df4f7c7c4504c546a41bec6d2eead4cc5e25c
stream-v4-final-original	frozen_task	/ibex/user/hohndor/km/dynamic-benchmark-20260917/justification-stream-v4c-final-original/justification-main/tasks/0133.json	True	4969b9a080bc7059608e2b1eb9977c676f4da2819866f0c3a45a83904511c155
stream-v4-final-original	frozen_task	/ibex/user/hohndor/km/dynamic-benchmark-20260917/justification-stream-v4c-final-original/justification-main/tasks/0134.json	True	c1c230cbb04a9360a55cecf2d7a0eedf1e157d01bfab7f4c7af0e0f1c93beb7c
stream-v4-final-original	frozen_task	/ibex/user/hohndor/km/dynamic-benchmark-20260917/justification-stream-v4c-final-original/justification-main/tasks/0135.json	True	7320aa8b8f4f41e36fe04f8fad2fedb6ea03c167a71fa171835b52dda29abe60
stream-v4-final-original	frozen_task	/ibex/user/hohndor/km/dynamic-benchmark-20260917/justification-stream-v4c-final-original/justification-main/tasks/0136.json	True	3ceb4bb2e4e4c2be4efc62f15c552aca4a7bb181db6be325564781cfd22ea060
stream-v4-final-original	frozen_task	/ibex/user/hohndor/km/dynamic-benchmark-20260917/justification-stream-v4c-final-original/justification-main/tasks/0137.json	True	1601322bac78dce42f0dc7d1fd9a8db236511d4b82609d53029f0eb1c3ac44bc
stream-v4-final-original	frozen_task	/ibex/user/hohndor/km/dynamic-benchmark-20260917/justification-stream-v4c-final-original/justification-main/tasks/0138.json	True	9fc45dab8af419168a718b6f196f3bc5f68a3a487333217b09ae23826942b93b
stream-v4-final-original	frozen_task	/ibex/user/hohndor/km/dynamic-benchmark-20260917/justification-stream-v4c-final-original/justification-main/tasks/0139.json	True	6a53b6f74b2e026a1b8ce7dbb3ae964c3103e9a01dd20afd84c9d08995efa1fc
stream-v4-final-original	frozen_task	/ibex/user/hohndor/km/dynamic-benchmark-20260917/justification-stream-v4c-final-original/justification-main/tasks/0140.json	True	643cfbe3176fd05c2672c9a81762a691d3e3903325989d3b605c180ac5b9c4f3
stream-v4-final-original	frozen_task	/ibex/user/hohndor/km/dynamic-benchmark-20260917/justification-stream-v4c-final-original/justification-main/tasks/0141.json	True	e25187408c96fdca7b5cb986f67b419e349b15e7212c7fcee962200cb2cfa53e
stream-v4-final-original	frozen_task	/ibex/user/hohndor/km/dynamic-benchmark-20260917/justification-stream-v4c-final-original/justification-main/tasks/0142.json	True	fc7ee8987acc906ac56417d5ba00a823416783720366601d87939604e5b0d8b8
stream-v4-final-original	frozen_task	/ibex/user/hohndor/km/dynamic-benchmark-20260917/justification-stream-v4c-final-original/justification-main/tasks/0143.json	True	db85ef24894cfff773b262f91e6305145addf80cabed015e18f33abdf539ca30
stream-v4-final-original	frozen_task	/ibex/user/hohndor/km/dynamic-benchmark-20260917/justification-stream-v4c-final-original/justification-main/tasks/0144.json	True	36a9162906ac788cbb1b8af9aa86495bcf4590f080f9ba929ca653da1ff5f96b
stream-v4-final-original	frozen_task	/ibex/user/hohndor/km/dynamic-benchmark-20260917/justification-stream-v4c-final-original/justification-main/tasks/0145.json	True	61581e5256ca7c0819f7830dc3cf462a5dac490711699c210d39895691ee9517
stream-v4-final-original	frozen_task	/ibex/user/hohndor/km/dynamic-benchmark-20260917/justification-stream-v4c-final-original/justification-main/tasks/0146.json	True	d2417e421727255421876a875fb3251f2eff326ca33d96338b50fecbb434aaa3
stream-v4-final-original	frozen_task	/ibex/user/hohndor/km/dynamic-benchmark-20260917/justification-stream-v4c-final-original/justification-main/tasks/0147.json	True	ff53ec11aa594176a3b2feca21f6672dc48f1b17ee8ea08b687b91c759de8521
stream-v4-final-original	frozen_task	/ibex/user/hohndor/km/dynamic-benchmark-20260917/justification-stream-v4c-final-original/justification-main/tasks/0148.json	True	d05c2bdf5a96961ade2c5c9ddad9ae10fae5f9dc337d7006bb27e51bdefebc09
stream-v4-final-original	frozen_task	/ibex/user/hohndor/km/dynamic-benchmark-20260917/justification-stream-v4c-final-original/justification-main/tasks/0149.json	True	7e671a63e081491a1b0a08f46ad09363c1c9ff53d11b18d4114e5f31f468f768
stream-v4-final-original	frozen_task	/ibex/user/hohndor/km/dynamic-benchmark-20260917/justification-stream-v4c-final-original/justification-main/tasks/0150.json	True	75f03345f4fb5c761ab893a1354902814d518c85f8509182554b5279c98f8075
stream-v4-final-original	frozen_task	/ibex/user/hohndor/km/dynamic-benchmark-20260917/justification-stream-v4c-final-original/justification-main/tasks/0151.json	True	ce398d9ca913df0547facc21312109435a5acacfd3a6be77006f1742a8237443
stream-v4-final-original	frozen_task	/ibex/user/hohndor/km/dynamic-benchmark-20260917/justification-stream-v4c-final-original/justification-main/tasks/0152.json	True	4e2a053cc92f30f3bcd926109a0f6126e28ef72014be78af227d22b43283a458
stream-v4-final-original	frozen_task	/ibex/user/hohndor/km/dynamic-benchmark-20260917/justification-stream-v4c-final-original/justification-main/tasks/0153.json	True	2ee9c6f70669d090f614b00cb87d3f8a99d2480c9a51a7c0ab3ab02b2b480c06
stream-v4-final-original	frozen_task	/ibex/user/hohndor/km/dynamic-benchmark-20260917/justification-stream-v4c-final-original/justification-main/tasks/0154.json	True	f863872a38db376280d3bb231caf48209a352c2c365128bb81dad64911f2577f
stream-v4-final-original	frozen_task	/ibex/user/hohndor/km/dynamic-benchmark-20260917/justification-stream-v4c-final-original/justification-main/tasks/0155.json	True	b403f2d32078d68e2372af452e61c85edfbb52b7d2cd24274da128af09b41268
stream-v4-final-original	frozen_task	/ibex/user/hohndor/km/dynamic-benchmark-20260917/justification-stream-v4c-final-original/justification-main/tasks/0156.json	True	9b65db1606d7796e42604e116c1f664fcceadedbf9f879464df59c5e312a1f8b
stream-v4-final-original	frozen_task	/ibex/user/hohndor/km/dynamic-benchmark-20260917/justification-stream-v4c-final-original/justification-main/tasks/0157.json	True	a76d9dc9dbae3a49dc02dae38d840d9750a15c37cdcd97c090c1e3765d1785c6
stream-v4-final-original	frozen_task	/ibex/user/hohndor/km/dynamic-benchmark-20260917/justification-stream-v4c-final-original/justification-main/tasks/0158.json	True	567602c69105cd452e748723b2dac6a36192a7312533bde1699c7e1e1c7995f6
stream-v4-final-original	frozen_task	/ibex/user/hohndor/km/dynamic-benchmark-20260917/justification-stream-v4c-final-original/justification-main/tasks/0159.json	True	4f6466e80d980ea2a644c88d04858968168e520b8c598162c8056d97a8d0a70c
stream-v4-final-original	frozen_task	/ibex/user/hohndor/km/dynamic-benchmark-20260917/justification-stream-v4c-final-original/justification-main/tasks/0160.json	True	65402ad68b3525a83013be827fec37d17a69f657d6bb1c9bce1861a9dbbb0aa8
stream-v4-final-original	frozen_task	/ibex/user/hohndor/km/dynamic-benchmark-20260917/justification-stream-v4c-final-original/justification-main/tasks/0161.json	True	5ac2ed93f4fd5895fd6df3020ffa46e36e16c1048e2c712e8797f499f3a063c9
stream-v4-final-original	frozen_task	/ibex/user/hohndor/km/dynamic-benchmark-20260917/justification-stream-v4c-final-original/justification-main/tasks/0162.json	True	d772f84e103603ccc32c3c9b3cee4ea5589f37f2e76919921edbd2031f2826d2
stream-v4-final-original	frozen_task	/ibex/user/hohndor/km/dynamic-benchmark-20260917/justification-stream-v4c-final-original/justification-main/tasks/0163.json	True	c37bc8806b1623be42b98edcc46f32de53801d357a53d50f5e38e6741e5749af
stream-v4-final-original	frozen_task	/ibex/user/hohndor/km/dynamic-benchmark-20260917/justification-stream-v4c-final-original/justification-main/tasks/0164.json	True	addf3f81adc8dd03e737e2bb2095aef5ceb6b7050b15154f67682a3695d99bf8
stream-v4-final-original	frozen_task	/ibex/user/hohndor/km/dynamic-benchmark-20260917/justification-stream-v4c-final-original/justification-main/tasks/0165.json	True	8c720f5a6fe7fb511bba4c3888d37239f39d789bfbcb09540fca1750998cf9ae
stream-v4-final-original	frozen_task	/ibex/user/hohndor/km/dynamic-benchmark-20260917/justification-stream-v4c-final-original/justification-main/tasks/0166.json	True	4f153010c7f4405ff7ffbf8598a0738bd102573cabf9e7b85690128b22953755
stream-v4-final-original	frozen_task	/ibex/user/hohndor/km/dynamic-benchmark-20260917/justification-stream-v4c-final-original/justification-main/tasks/0167.json	True	4f3cd203c0e15e0c352de9c37139584c556943738c7352cdf1bcf05be41cac20
stream-v4-final-original	frozen_task	/ibex/user/hohndor/km/dynamic-benchmark-20260917/justification-stream-v4c-final-original/justification-main/tasks/0168.json	True	47120732e9794130ceef60f414eee9b76e66e7b5408eaa6eab2ba1400ee0f0cd
stream-v4-final-original	frozen_task	/ibex/user/hohndor/km/dynamic-benchmark-20260917/justification-stream-v4c-final-original/justification-main/tasks/0169.json	True	97b8f6aba0cbe277056684ef31c7ce1ef873665b684de94db879cfe0a0829bcc
stream-v4-final-original	frozen_task	/ibex/user/hohndor/km/dynamic-benchmark-20260917/justification-stream-v4c-final-original/justification-main/tasks/0170.json	True	4c8ff99b63644a1d0d4f3512bba11e318e2a70a9df9063059cb71471a83320e3
stream-v4-final-original	frozen_task	/ibex/user/hohndor/km/dynamic-benchmark-20260917/justification-stream-v4c-final-original/justification-main/tasks/0171.json	True	fd6cfe22888f36d46e45beacf70eaeaf45024d55de5c6e45e345539b1f0022dc
stream-v4-final-original	frozen_task	/ibex/user/hohndor/km/dynamic-benchmark-20260917/justification-stream-v4c-final-original/justification-main/tasks/0172.json	True	c4026a625d837548a94b6d87af7b1fab6f044245ce5cb1c990f8ffec23750660
stream-v4-final-original	frozen_task	/ibex/user/hohndor/km/dynamic-benchmark-20260917/justification-stream-v4c-final-original/justification-main/tasks/0173.json	True	a66ebed9d06ff75cd18245e16421f17d008ef29c2d16d5924a8055f638e0c936
stream-v4-final-original	frozen_task	/ibex/user/hohndor/km/dynamic-benchmark-20260917/justification-stream-v4c-final-original/justification-main/tasks/0174.json	True	5469846fae468dae98495e6f4d4bf3b16ed5a55933647069fa73bef293c20f96
stream-v4-final-original	frozen_task	/ibex/user/hohndor/km/dynamic-benchmark-20260917/justification-stream-v4c-final-original/justification-main/tasks/0175.json	True	dbe163c34470949c05e9adcc3357c92432eb8cab68696904a065c33eb9d3323d
stream-v4-final-original	frozen_task	/ibex/user/hohndor/km/dynamic-benchmark-20260917/justification-stream-v4c-final-original/justification-main/tasks/0176.json	True	3d24154b2119cd81e12fc67c58f890786ce7a1808c980da2bd43a1a13268d757
stream-v4-final-original	frozen_task	/ibex/user/hohndor/km/dynamic-benchmark-20260917/justification-stream-v4c-final-original/justification-main/tasks/0177.json	True	3eee45bf90c6f2ffaac0a2016bf8c7daf54772e4b144cc0d3c8de9a4b4a85b34
stream-v4-final-original	frozen_task	/ibex/user/hohndor/km/dynamic-benchmark-20260917/justification-stream-v4c-final-original/justification-main/tasks/0178.json	True	a516d442f4260e27835a3446fbd6bf86831a3a9b54357669fb75f802493ac1f9
stream-v4-final-original	frozen_task	/ibex/user/hohndor/km/dynamic-benchmark-20260917/justification-stream-v4c-final-original/justification-main/tasks/0179.json	True	1757cecbe4dd8401b6154d50b048582160051624db93361b40b9ec0ceb2f6be4
stream-v4-final-original	frozen_task	/ibex/user/hohndor/km/dynamic-benchmark-20260917/justification-stream-v4c-final-original/justification-main/tasks/0180.json	True	c68c425e3973396e89acf3ca14f386e5d9c1eda7becbcf5dc93f55b25cbca127
stream-v4-final-original	frozen_task	/ibex/user/hohndor/km/dynamic-benchmark-20260917/justification-stream-v4c-final-original/justification-main/tasks/0181.json	True	90acdc1d148d963ef3eedcf4bf72ec6a19830eb3fb4c82134cc8c97cda9e2f57
stream-v4-final-original	frozen_task	/ibex/user/hohndor/km/dynamic-benchmark-20260917/justification-stream-v4c-final-original/justification-main/tasks/0182.json	True	1bb244355051d1f702c60754095a7dc7bcfe5886756d4d0277abb53bf834bfe5
stream-v4-final-original	frozen_task	/ibex/user/hohndor/km/dynamic-benchmark-20260917/justification-stream-v4c-final-original/justification-main/tasks/0183.json	True	04ba4af4598aebb83229b249e6ef9c4a6904989f7d36cd99cf7ecdcb7e43b52e
stream-v4-final-original	frozen_task	/ibex/user/hohndor/km/dynamic-benchmark-20260917/justification-stream-v4c-final-original/justification-main/tasks/0184.json	True	155dbfe8d568209694f85ed68d24e20572ea514fa3eeed9217c4c2678e2630eb
stream-v4-final-original	frozen_task	/ibex/user/hohndor/km/dynamic-benchmark-20260917/justification-stream-v4c-final-original/justification-main/tasks/0185.json	True	cadadda8cc2eedde71067512c21c803420c0703ca65a36f952f42d1e50124c6e
stream-v4-final-original	frozen_task	/ibex/user/hohndor/km/dynamic-benchmark-20260917/justification-stream-v4c-final-original/justification-main/tasks/0186.json	True	f6226be226283f12f433450016bcda22abe81bd85bf5902c3fbdd90f4823054d
stream-v4-final-original	frozen_task	/ibex/user/hohndor/km/dynamic-benchmark-20260917/justification-stream-v4c-final-original/justification-main/tasks/0187.json	True	458f3534b6e1b917c84903ea261bfda03b892be64f29532a9ed3aa5201e68878
stream-v4-final-original	frozen_task	/ibex/user/hohndor/km/dynamic-benchmark-20260917/justification-stream-v4c-final-original/justification-main/tasks/0188.json	True	b9cca7a9b72e3261d7a384d19d290b5d621ca303af94e39a19e0fc2747a027cd
stream-v4-final-original	frozen_task	/ibex/user/hohndor/km/dynamic-benchmark-20260917/justification-stream-v4c-final-original/justification-main/tasks/0189.json	True	0a464d01263bdf85787b3affd8d2cce7cfbb2b0c12c1e256003752955fa25c40
stream-v4-final-original	frozen_task	/ibex/user/hohndor/km/dynamic-benchmark-20260917/justification-stream-v4c-final-original/justification-main/tasks/0190.json	True	befaadc2a876650ac9f264e6133f67fccda28107862103ce8a065d8022936c71
stream-v4-final-original	frozen_task	/ibex/user/hohndor/km/dynamic-benchmark-20260917/justification-stream-v4c-final-original/justification-main/tasks/0191.json	True	9d0530614ff366a9f2efc46ad8ca7e2cd154619eca446acd42e460d7c0bb17fb
stream-v4-final-original	frozen_task	/ibex/user/hohndor/km/dynamic-benchmark-20260917/justification-stream-v4c-final-original/justification-main/tasks/0192.json	True	4a9acb55e59e2b946f712a896c550365733408a8a4f1c8a9a1437b3f824fb31b
stream-v4-final-original	frozen_task	/ibex/user/hohndor/km/dynamic-benchmark-20260917/justification-stream-v4c-final-original/justification-main/tasks/0193.json	True	7d5638747f762b6c1231c69af7c50465fca55af86a8765370127486142290808
stream-v4-final-original	frozen_task	/ibex/user/hohndor/km/dynamic-benchmark-20260917/justification-stream-v4c-final-original/justification-main/tasks/0194.json	True	d3f4a7e3c7ab1cab0443578c403c7e42c4cc7a00a472757db2d373e06f33d097
stream-v4-final-original	frozen_task	/ibex/user/hohndor/km/dynamic-benchmark-20260917/justification-stream-v4c-final-original/justification-main/tasks/0195.json	True	bbc9365431839603f5c9f1aa03a1709f55ff2c16400792f92334f8891582e848
stream-v4-final-original	frozen_task	/ibex/user/hohndor/km/dynamic-benchmark-20260917/justification-stream-v4c-final-original/justification-main/tasks/0196.json	True	3b109fda0fc3dc4661bbeb2a580a4eac37352192761a8dc9fc7c793e3e75d0d6
stream-v4-final-original	frozen_task	/ibex/user/hohndor/km/dynamic-benchmark-20260917/justification-stream-v4c-final-original/justification-main/tasks/0197.json	True	76effef8851c32a23c9340c631fe4e62b5b898a0316026cc92096b6ab911ad7d
stream-v4-final-original	frozen_task	/ibex/user/hohndor/km/dynamic-benchmark-20260917/justification-stream-v4c-final-original/justification-main/tasks/0198.json	True	cf2ce4e0b45740f5406bc22665a86aa51e51f452e7ec0f8fa5560a38634f40ed
stream-v4-final-original	frozen_task	/ibex/user/hohndor/km/dynamic-benchmark-20260917/justification-stream-v4c-final-original/justification-main/tasks/0199.json	True	5890fa34425d5489c358afc19ac5c857107e63b21846e14770a5a5d0785abd1c
stream-v4-final-original	frozen_task	/ibex/user/hohndor/km/dynamic-benchmark-20260917/justification-stream-v4c-final-original/justification-main/tasks/0200.json	True	ab2aa13ef93cfccdf288e9f651931632cddc3c42bbe9960e6cd3e22a9b2ba08b
stream-v4-final-original	frozen_task	/ibex/user/hohndor/km/dynamic-benchmark-20260917/justification-stream-v4c-final-original/justification-main/tasks/0201.json	True	884b352f6ad5343a2c93bd5f8ecedc9b3ced6af5dfd12a59f9cdf6467d5bce0b
stream-v4-final-original	frozen_task	/ibex/user/hohndor/km/dynamic-benchmark-20260917/justification-stream-v4c-final-original/justification-main/tasks/0202.json	True	9bb8ce6c1ddef69d6c77684fe8665332603629e83c607215cd730eb68bda6c45
stream-v4-final-original	frozen_task	/ibex/user/hohndor/km/dynamic-benchmark-20260917/justification-stream-v4c-final-original/justification-main/tasks/0203.json	True	26979ed2d677d9691ce7a00e467d87129656d525234a5d0c020a98322ff4d9d2
stream-v4-final-original	frozen_task	/ibex/user/hohndor/km/dynamic-benchmark-20260917/justification-stream-v4c-final-original/justification-main/tasks/0204.json	True	fab0ac61c050af2d0fe90b698f5e1fd9c824ca8c4e0e19053f1a041811ac1908
stream-v4-final-original	frozen_task	/ibex/user/hohndor/km/dynamic-benchmark-20260917/justification-stream-v4c-final-original/justification-main/tasks/0205.json	True	b736275350aa19decc27e63959e6a234aa3f84d71313f43f4ba66c241f786354
stream-v4-final-original	frozen_task	/ibex/user/hohndor/km/dynamic-benchmark-20260917/justification-stream-v4c-final-original/justification-main/tasks/0206.json	True	094caee795a730e15a75969f889dbbe9534a6e5729d164391ff321c2bad1e56d
stream-v4-final-original	frozen_task	/ibex/user/hohndor/km/dynamic-benchmark-20260917/justification-stream-v4c-final-original/justification-main/tasks/0207.json	True	257ddd96776bccc7e676eddcdaeeb716c5ccf7b072116c899a78c7f6a02add4e
stream-v4-final-original	frozen_task	/ibex/user/hohndor/km/dynamic-benchmark-20260917/justification-stream-v4c-final-original/justification-main/tasks/0208.json	True	100445fb3bd02e2d4a0ada72234d6130cb455136b69d2facc42268f8ed4030da
stream-v4-final-original	frozen_task	/ibex/user/hohndor/km/dynamic-benchmark-20260917/justification-stream-v4c-final-original/justification-main/tasks/0209.json	True	6e36ee339e57e2a7faaef81ba03a8a57822aadac4b847a55fedf7953aa433963
stream-v4-final-original	frozen_task	/ibex/user/hohndor/km/dynamic-benchmark-20260917/justification-stream-v4c-final-original/justification-main/tasks/0210.json	True	5b596a9e49d021af68d29e5661a3991d43843d541a4d52d6bae4d651cd1da025
stream-v4-final-original	frozen_task	/ibex/user/hohndor/km/dynamic-benchmark-20260917/justification-stream-v4c-final-original/justification-main/tasks/0211.json	True	e2f761c27d9e88a898de2c9fbc48affbd5e08f1920dbdc19a7163afec7fc1968
stream-v4-final-original	frozen_task	/ibex/user/hohndor/km/dynamic-benchmark-20260917/justification-stream-v4c-final-original/justification-main/tasks/0212.json	True	c3450decebcecf4df00d3972c96439d5f38d179e8ce9e5cb272ed8facca40877
stream-v4-final-original	frozen_task	/ibex/user/hohndor/km/dynamic-benchmark-20260917/justification-stream-v4c-final-original/justification-main/tasks/0213.json	True	d63ff14c084c26501472286661e653e7ecb60ad84f3ee511b831d48d2ff2b1da
stream-v4-final-original	frozen_task	/ibex/user/hohndor/km/dynamic-benchmark-20260917/justification-stream-v4c-final-original/justification-main/tasks/0214.json	True	c68124639315a1f5affb3853fd2d747ca389cafae9ba0bca2ebe656b45536b07
stream-v4-final-original	frozen_task	/ibex/user/hohndor/km/dynamic-benchmark-20260917/justification-stream-v4c-final-original/justification-main/tasks/0215.json	True	d1deb8718794c9567f20218a009dd69bc8e7347c3551b0ce60abfeb663a293f8
stream-v4-final-original	frozen_task	/ibex/user/hohndor/km/dynamic-benchmark-20260917/justification-stream-v4c-final-original/justification-main/tasks/0216.json	True	9b961ce36519c93940d88e53645b453d265c3e04ed48906a98a423c03cec4e9e
stream-v4-final-original	frozen_task	/ibex/user/hohndor/km/dynamic-benchmark-20260917/justification-stream-v4c-final-original/justification-main/tasks/0217.json	True	24e091817b223a94ca855107de9069ae49a8789f36dc42af089214cd54086f12
stream-v4-final-original	frozen_task	/ibex/user/hohndor/km/dynamic-benchmark-20260917/justification-stream-v4c-final-original/justification-main/tasks/0218.json	True	dc465d100a1f21d1300c16fe223a3d5565dd07d6016528ad32591814ee642d74
stream-v4-final-original	frozen_task	/ibex/user/hohndor/km/dynamic-benchmark-20260917/justification-stream-v4c-final-original/justification-main/tasks/0219.json	True	e9c71493b1809eff2addda404fd5c25cb80be6bc49d7ae358d54ea28f802b646
stream-v4-final-original	frozen_task	/ibex/user/hohndor/km/dynamic-benchmark-20260917/justification-stream-v4c-final-original/justification-main/tasks/0220.json	True	ab4528190efe8d61264650632199af1dbabb3df6a4a36ffae0652f2c54473e0f
stream-v4-final-original	frozen_task	/ibex/user/hohndor/km/dynamic-benchmark-20260917/justification-stream-v4c-final-original/justification-main/tasks/0221.json	True	7935266589c3ae6b54745f8e59008c93b7753dac482d6d88bab9023f4e28b426
stream-v4-final-original	frozen_task	/ibex/user/hohndor/km/dynamic-benchmark-20260917/justification-stream-v4c-final-original/justification-main/tasks/0222.json	True	4172c03568706632cc1fdac0b33cba601f21780cb029f548e04b68437420ba72
stream-v4-final-original	frozen_task	/ibex/user/hohndor/km/dynamic-benchmark-20260917/justification-stream-v4c-final-original/justification-main/tasks/0223.json	True	5724712b01808a41f511e9de20256ba9dd50071ffb45ef2a00102fdbbe6210dc
stream-v4-final-original	frozen_task	/ibex/user/hohndor/km/dynamic-benchmark-20260917/justification-stream-v4c-final-original/justification-main/tasks/0224.json	True	08ea152247aa49f9ba84428a47da472ca6505457ec158d6740c5574c2aac3657
stream-v4-final-original	frozen_task	/ibex/user/hohndor/km/dynamic-benchmark-20260917/justification-stream-v4c-final-original/justification-main/tasks/0225.json	True	c43b227147f28c93c7eac91a524781c0525762751b78aa1e26c74fb0dce021f0
stream-v4-final-original	frozen_task	/ibex/user/hohndor/km/dynamic-benchmark-20260917/justification-stream-v4c-final-original/justification-main/tasks/0226.json	True	4545f6bde05f0281cb8214abb10abc11477e25898738e7cf39c2bb4b48b59e6f
stream-v4-final-original	frozen_task	/ibex/user/hohndor/km/dynamic-benchmark-20260917/justification-stream-v4c-final-original/justification-main/tasks/0227.json	True	c784452b2d788aeb67d99a3d89fee5c851b27c03fd05c4b98f07e7f2e92d0bc5
stream-v4-final-original	frozen_task	/ibex/user/hohndor/km/dynamic-benchmark-20260917/justification-stream-v4c-final-original/justification-main/tasks/0228.json	True	086f0f5ede6f75ad16658a26d889a5f3bd6db5e1af42edbe8821f422a5143288
stream-v4-final-original	frozen_task	/ibex/user/hohndor/km/dynamic-benchmark-20260917/justification-stream-v4c-final-original/justification-main/tasks/0229.json	True	775870b3f45053c862f2b02a599acbd37e852d47d1d79543436927051a282189
stream-v4-final-original	frozen_task	/ibex/user/hohndor/km/dynamic-benchmark-20260917/justification-stream-v4c-final-original/justification-main/tasks/0230.json	True	306f7f69994dab6c3554a28fc70658b4c38d4c7f8c9638c91cd2a8f4e512814d
stream-v4-final-original	frozen_task	/ibex/user/hohndor/km/dynamic-benchmark-20260917/justification-stream-v4c-final-original/justification-main/tasks/0231.json	True	4a005817cf7652bdda71f6a4a5ce6d60fcfafdcde25303bf8bd8b63e6bca4d70
stream-v4-final-original	frozen_task	/ibex/user/hohndor/km/dynamic-benchmark-20260917/justification-stream-v4c-final-original/justification-main/tasks/0232.json	True	8e7a6b46560cf3b7724164a9211ad195206374c54bed3639692bd262ac2333f1
stream-v4-final-original	frozen_task	/ibex/user/hohndor/km/dynamic-benchmark-20260917/justification-stream-v4c-final-original/justification-main/tasks/0233.json	True	5e2f1c30db1a8532d48900a1ae72f077e3428a1e1ed67e30e78e1f8c375bdd25
stream-v4-final-original	frozen_task	/ibex/user/hohndor/km/dynamic-benchmark-20260917/justification-stream-v4c-final-original/justification-main/tasks/0234.json	True	bcd44d0855a8bf1fe1f875db84304248d8d6826a5b2454eccfa1142103734f0b
stream-v4-final-original	frozen_task	/ibex/user/hohndor/km/dynamic-benchmark-20260917/justification-stream-v4c-final-original/justification-main/tasks/0235.json	True	1e97e3a62027b6410c377cb0a4a8e60dcb02f776bf32bb32f8b523c3b0363c85
stream-v4-final-original	frozen_task	/ibex/user/hohndor/km/dynamic-benchmark-20260917/justification-stream-v4c-final-original/justification-main/tasks/0236.json	True	079373bbe1945d9f3e5d0b0f8b641b32aa836d08669db8c2bd8339387ff0945a
stream-v4-final-original	frozen_task	/ibex/user/hohndor/km/dynamic-benchmark-20260917/justification-stream-v4c-final-original/justification-main/tasks/0237.json	True	de25473d62a60d87a76905e910aa23adc4c90941bed863534a2bb48bd327c93f
stream-v4-final-original	frozen_task	/ibex/user/hohndor/km/dynamic-benchmark-20260917/justification-stream-v4c-final-original/justification-main/tasks/0238.json	True	b1828ae60df3fc352c7e91e17af45f34f2714c3948cb134db3c31be0c4fc6d65
stream-v4-final-original	frozen_task	/ibex/user/hohndor/km/dynamic-benchmark-20260917/justification-stream-v4c-final-original/justification-main/tasks/0239.json	True	fa48313bd31d017357986b6a984c046a68476baf7174e65bf598edfab0e1bf62
stream-v4-final-pure-dl	independent_audit	/ibex/user/hohndor/km/dynamic-benchmark-20260917/justification-stream-v4c-final-pure-dl/justification-audit/audit.json	True	0908ea5ed7a7db74e302fbceb312c0172cbaa513f3fec04f4933d2f6de886bb1
stream-v4-final-pure-dl	logical_normalization	/ibex/user/hohndor/km/dynamic-benchmark-20260917/justification-stream-v4c-final-pure-dl/justification-audit/normalized-supports.tsv	True	006b1b22d855b05ee4fbf3f2447974e10f6000880954ac2883962c08c5e4292d
stream-v4-final-pure-dl	driver_manifest	/ibex/user/hohndor/km/dynamic-benchmark-20260917/justification-stream-v4c-final-pure-dl/justification-main/driver-manifest.json	True	279e9ca18d7f5f446a3122b438d20048799220fdd732c339c57e34c453c1630b
stream-v4-final-pure-dl	frozen_task	/ibex/user/hohndor/km/dynamic-benchmark-20260917/justification-stream-v4c-final-pure-dl/justification-main/tasks/0000.json	True	f5c4eb27aab55eab7f69e32e6a851c5198c7d466c6e18b0cd8da2895e02f99ff
stream-v4-final-pure-dl	frozen_task	/ibex/user/hohndor/km/dynamic-benchmark-20260917/justification-stream-v4c-final-pure-dl/justification-main/tasks/0001.json	True	d0af5abcedb883746dcd9cccda2a329b53e66777028b4246725188553b1cc532
stream-v4-final-pure-dl	frozen_task	/ibex/user/hohndor/km/dynamic-benchmark-20260917/justification-stream-v4c-final-pure-dl/justification-main/tasks/0002.json	True	3593423285ec909bb638699836e717566015cf77a576a3afd232451f4759670c
stream-v4-final-pure-dl	frozen_task	/ibex/user/hohndor/km/dynamic-benchmark-20260917/justification-stream-v4c-final-pure-dl/justification-main/tasks/0003.json	True	4b19c2416298b95696738e11ef45a4f547ec575d301f8fb74aed11f9e40ec449
stream-v4-final-pure-dl	frozen_task	/ibex/user/hohndor/km/dynamic-benchmark-20260917/justification-stream-v4c-final-pure-dl/justification-main/tasks/0004.json	True	4f01299a0a5a4f0293e5d7aad8fb6a01cdac4ba75af4efba41a3644c107efd0b
stream-v4-final-pure-dl	frozen_task	/ibex/user/hohndor/km/dynamic-benchmark-20260917/justification-stream-v4c-final-pure-dl/justification-main/tasks/0005.json	True	fe050777b78846387e3e6d67e96f09f28c6136dff3cd99532385663570009a2c
stream-v4-final-pure-dl	frozen_task	/ibex/user/hohndor/km/dynamic-benchmark-20260917/justification-stream-v4c-final-pure-dl/justification-main/tasks/0006.json	True	a6cccd9f0c3a2cddaa7cb4b0f530707c03007af54470dee693929702db354594
stream-v4-final-pure-dl	frozen_task	/ibex/user/hohndor/km/dynamic-benchmark-20260917/justification-stream-v4c-final-pure-dl/justification-main/tasks/0007.json	True	b7bfbcbe450279c474f00a72d3572acbe708681e0e67e6e41d9c2d3a597c7c1e
stream-v4-final-pure-dl	frozen_task	/ibex/user/hohndor/km/dynamic-benchmark-20260917/justification-stream-v4c-final-pure-dl/justification-main/tasks/0008.json	True	945765b2961b5ecf88b39ec8a5ac8c41c62b14194460b749989b68db2685e1a3
stream-v4-final-pure-dl	frozen_task	/ibex/user/hohndor/km/dynamic-benchmark-20260917/justification-stream-v4c-final-pure-dl/justification-main/tasks/0009.json	True	056be7cd78374be3702b974af8c1ae31d06cc3a9202f1d04d65a728ca8efdaac
stream-v4-final-pure-dl	frozen_task	/ibex/user/hohndor/km/dynamic-benchmark-20260917/justification-stream-v4c-final-pure-dl/justification-main/tasks/0010.json	True	77bfe8a9fb50fd9cadce521eb54e824be8b620918b3d7f26ae37b44537a2b760
stream-v4-final-pure-dl	frozen_task	/ibex/user/hohndor/km/dynamic-benchmark-20260917/justification-stream-v4c-final-pure-dl/justification-main/tasks/0011.json	True	07f57674afd981ceb2011f7f4168f9e65db3915c38f27af713a9ddef80768730
stream-v4-final-pure-dl	frozen_task	/ibex/user/hohndor/km/dynamic-benchmark-20260917/justification-stream-v4c-final-pure-dl/justification-main/tasks/0012.json	True	79685167bf639d2c2dbab86c127567f63d0857fb53a99b7403fd01286a873a1a
stream-v4-final-pure-dl	frozen_task	/ibex/user/hohndor/km/dynamic-benchmark-20260917/justification-stream-v4c-final-pure-dl/justification-main/tasks/0013.json	True	91f53727d3cc4658f15d0a94127ce88665572b2e4b8b636f8fdfd4f63ae45a38
stream-v4-final-pure-dl	frozen_task	/ibex/user/hohndor/km/dynamic-benchmark-20260917/justification-stream-v4c-final-pure-dl/justification-main/tasks/0014.json	True	22e924382e1e85dd1e176e73d97d05e10de500f81ab6527a661966d0d2e20e38
stream-v4-final-pure-dl	frozen_task	/ibex/user/hohndor/km/dynamic-benchmark-20260917/justification-stream-v4c-final-pure-dl/justification-main/tasks/0015.json	True	b65237beac8e7ae03edd0ac6a19cb676dfaece4708ab2d7be8c7815db7ddfd34
stream-v4-final-pure-dl	frozen_task	/ibex/user/hohndor/km/dynamic-benchmark-20260917/justification-stream-v4c-final-pure-dl/justification-main/tasks/0016.json	True	22f7378103ca40b3de72bbbc7bbfc72c9c11e6d8d1a5bf4d939d234d18b3d7b7
stream-v4-final-pure-dl	frozen_task	/ibex/user/hohndor/km/dynamic-benchmark-20260917/justification-stream-v4c-final-pure-dl/justification-main/tasks/0017.json	True	212b1e05c45ee8eed91f438196dc7cafe10c1d8e913f7da2df86279e92994187
stream-v4-final-pure-dl	frozen_task	/ibex/user/hohndor/km/dynamic-benchmark-20260917/justification-stream-v4c-final-pure-dl/justification-main/tasks/0018.json	True	8ede1f39a21e0a98c8fa1701594c75e3d3bebe051458a70f828eea7c840a6c21
stream-v4-final-pure-dl	frozen_task	/ibex/user/hohndor/km/dynamic-benchmark-20260917/justification-stream-v4c-final-pure-dl/justification-main/tasks/0019.json	True	02271f90204333ecc9340857e5cf90c4b6c2c9d0c31af35c5994c3e29d1afd6f
stream-v4-final-pure-dl	frozen_task	/ibex/user/hohndor/km/dynamic-benchmark-20260917/justification-stream-v4c-final-pure-dl/justification-main/tasks/0020.json	True	079c34ea6a56179407d2d9d502d81bd7ce8ffeea274702e8ed2bdd23e882538b
stream-v4-final-pure-dl	frozen_task	/ibex/user/hohndor/km/dynamic-benchmark-20260917/justification-stream-v4c-final-pure-dl/justification-main/tasks/0021.json	True	79ef8ed6e5d1b181e1cd3d0a74931151367c9ef41710b36422d1db937be6748a
stream-v4-final-pure-dl	frozen_task	/ibex/user/hohndor/km/dynamic-benchmark-20260917/justification-stream-v4c-final-pure-dl/justification-main/tasks/0022.json	True	8c3b4532590bb722817efe44cdf2a241a42f2df36a596692fd5f5f53e5111ed0
stream-v4-final-pure-dl	frozen_task	/ibex/user/hohndor/km/dynamic-benchmark-20260917/justification-stream-v4c-final-pure-dl/justification-main/tasks/0023.json	True	6889b5ec0a8ff2eb649c15b1c589b85b0c52c1345ccdc75e8eb7f96e81164fcb
stream-v4-final-pure-dl	frozen_task	/ibex/user/hohndor/km/dynamic-benchmark-20260917/justification-stream-v4c-final-pure-dl/justification-main/tasks/0024.json	True	48c3967aa308f5c07c3ed3b92ad12c69952301522c1d75bbd82422a66893ad73
stream-v4-final-pure-dl	frozen_task	/ibex/user/hohndor/km/dynamic-benchmark-20260917/justification-stream-v4c-final-pure-dl/justification-main/tasks/0025.json	True	db8cfb04622a6a27f61e01c9890daddbb800776319bd4c5eedb8886666f74ea2
stream-v4-final-pure-dl	frozen_task	/ibex/user/hohndor/km/dynamic-benchmark-20260917/justification-stream-v4c-final-pure-dl/justification-main/tasks/0026.json	True	6abaaf21a85eae92a50494c57bbd341091de16129c0cb362be652e9c55097ee6
stream-v4-final-pure-dl	frozen_task	/ibex/user/hohndor/km/dynamic-benchmark-20260917/justification-stream-v4c-final-pure-dl/justification-main/tasks/0027.json	True	58738c9410551587c7ef8249d0959215d7ab76ebf73a9ba8f0050efb4d603b1f
stream-v4-final-pure-dl	frozen_task	/ibex/user/hohndor/km/dynamic-benchmark-20260917/justification-stream-v4c-final-pure-dl/justification-main/tasks/0028.json	True	c3a418bcb54fe02e094e23bdedb4b81f713843b6741d7821343e5555ec5ac08f
stream-v4-final-pure-dl	frozen_task	/ibex/user/hohndor/km/dynamic-benchmark-20260917/justification-stream-v4c-final-pure-dl/justification-main/tasks/0029.json	True	986acdc08d8176fb40671920f54d5d9fa5595dd2fe085193f7c6ce1a7b31d2c1
stream-v4-final-pure-dl	frozen_task	/ibex/user/hohndor/km/dynamic-benchmark-20260917/justification-stream-v4c-final-pure-dl/justification-main/tasks/0030.json	True	77e5d441129d6714f8f444788ca7fc91efa2b1d6e30717cff8e577e89ad40f07
stream-v4-final-pure-dl	frozen_task	/ibex/user/hohndor/km/dynamic-benchmark-20260917/justification-stream-v4c-final-pure-dl/justification-main/tasks/0031.json	True	f798f7ea46ee93c89a39e10cd0f5dd125083b45fdf6037e7c2c9c70d7de9bd89
stream-v4-final-pure-dl	frozen_task	/ibex/user/hohndor/km/dynamic-benchmark-20260917/justification-stream-v4c-final-pure-dl/justification-main/tasks/0032.json	True	2a21dfe889d58d7cad3b1feae8f8d5743032f86ae4d3634ffd4f38c0a0d8f2ff
stream-v4-final-pure-dl	frozen_task	/ibex/user/hohndor/km/dynamic-benchmark-20260917/justification-stream-v4c-final-pure-dl/justification-main/tasks/0033.json	True	6404caa4348f0c808b87abff0373ba3b9a8ee309e7dea7dc52e62a2b2f48e24b
stream-v4-final-pure-dl	frozen_task	/ibex/user/hohndor/km/dynamic-benchmark-20260917/justification-stream-v4c-final-pure-dl/justification-main/tasks/0034.json	True	87a12e91d4e239b52ca718375c5767e0e08338baedae82ca4d1e56ffa8d585ac
stream-v4-final-pure-dl	frozen_task	/ibex/user/hohndor/km/dynamic-benchmark-20260917/justification-stream-v4c-final-pure-dl/justification-main/tasks/0035.json	True	ec2a13907834b2fc6a573991a8c6c28125a4bc3007996739cc3d116c3f9a2504
stream-v4-final-pure-dl	frozen_task	/ibex/user/hohndor/km/dynamic-benchmark-20260917/justification-stream-v4c-final-pure-dl/justification-main/tasks/0036.json	True	3626b42ee5eb68de2710513e66a876a5d1357203c43b9771e8ca152d521025bc
stream-v4-final-pure-dl	frozen_task	/ibex/user/hohndor/km/dynamic-benchmark-20260917/justification-stream-v4c-final-pure-dl/justification-main/tasks/0037.json	True	7874446f15fceb7cbea9f3dd79022664b851fafc59ded035d83d71c971367a9c
stream-v4-final-pure-dl	frozen_task	/ibex/user/hohndor/km/dynamic-benchmark-20260917/justification-stream-v4c-final-pure-dl/justification-main/tasks/0038.json	True	87d22e735c615ec4acff1b7cc2a5547208272c9eb81b9d5ac6cb5c53d3319ffb
stream-v4-final-pure-dl	frozen_task	/ibex/user/hohndor/km/dynamic-benchmark-20260917/justification-stream-v4c-final-pure-dl/justification-main/tasks/0039.json	True	92d9ad20a28c72e1e2d71c65311c0b7e151fd96f8b180fa7831a63560c163c1e
stream-v4-final-pure-dl	frozen_task	/ibex/user/hohndor/km/dynamic-benchmark-20260917/justification-stream-v4c-final-pure-dl/justification-main/tasks/0040.json	True	75d12d1c77c52aedbb8171c51e0642913aabb199a145cce747fa55c14542d57d
stream-v4-final-pure-dl	frozen_task	/ibex/user/hohndor/km/dynamic-benchmark-20260917/justification-stream-v4c-final-pure-dl/justification-main/tasks/0041.json	True	98ad980d77770bee06ac42debc9ea6455f39c9b0dac879a3663c404d340e54c3
stream-v4-final-pure-dl	frozen_task	/ibex/user/hohndor/km/dynamic-benchmark-20260917/justification-stream-v4c-final-pure-dl/justification-main/tasks/0042.json	True	c3a709b2da1a3047ef4042478e9098d1e0ba6f64897aa0b15a8f14b5d0c8b9f8
stream-v4-final-pure-dl	frozen_task	/ibex/user/hohndor/km/dynamic-benchmark-20260917/justification-stream-v4c-final-pure-dl/justification-main/tasks/0043.json	True	5ea7a3a0c946ff5e59b0460faf17792dba316766cd5632c7f9ced26bc6135e8f
stream-v4-final-pure-dl	frozen_task	/ibex/user/hohndor/km/dynamic-benchmark-20260917/justification-stream-v4c-final-pure-dl/justification-main/tasks/0044.json	True	0f3446461afb37af0e342bd62d38303345f4da61917ac0ef68d6e8fd1dd45065
stream-v4-final-pure-dl	frozen_task	/ibex/user/hohndor/km/dynamic-benchmark-20260917/justification-stream-v4c-final-pure-dl/justification-main/tasks/0045.json	True	0670080a61b847e9d2df6f390e693ef1fb4180fb19bc813bfff296d06f65c9a3
stream-v4-final-pure-dl	frozen_task	/ibex/user/hohndor/km/dynamic-benchmark-20260917/justification-stream-v4c-final-pure-dl/justification-main/tasks/0046.json	True	e9a2e62bb17951dda9fa519ae0f2b67386350ebb26fbdcb24b2736402d9e18f9
stream-v4-final-pure-dl	frozen_task	/ibex/user/hohndor/km/dynamic-benchmark-20260917/justification-stream-v4c-final-pure-dl/justification-main/tasks/0047.json	True	b9a5ffd54419b4386ad422523badcd95490acee03b7b6e877cd77790636cb384
stream-v4-final-pure-dl	frozen_task	/ibex/user/hohndor/km/dynamic-benchmark-20260917/justification-stream-v4c-final-pure-dl/justification-main/tasks/0048.json	True	43b8ca007b494f842e01745ab1d958182f9708ed9486ab96f259bbe574c3f352
stream-v4-final-pure-dl	frozen_task	/ibex/user/hohndor/km/dynamic-benchmark-20260917/justification-stream-v4c-final-pure-dl/justification-main/tasks/0049.json	True	fbff5bdb8e624a20d16151f470664efe8bb6955e4f1d40cadc0671f6c5ab8611
stream-v4-final-pure-dl	frozen_task	/ibex/user/hohndor/km/dynamic-benchmark-20260917/justification-stream-v4c-final-pure-dl/justification-main/tasks/0050.json	True	7d378ef22541965e8f48e8dd2cd7a33c6c343d7da036fae8092be007141087a0
stream-v4-final-pure-dl	frozen_task	/ibex/user/hohndor/km/dynamic-benchmark-20260917/justification-stream-v4c-final-pure-dl/justification-main/tasks/0051.json	True	1626a82707bbf3fe08a39f79afa575df60c92e6816139745bf1700bbb35bb4ac
stream-v4-final-pure-dl	frozen_task	/ibex/user/hohndor/km/dynamic-benchmark-20260917/justification-stream-v4c-final-pure-dl/justification-main/tasks/0052.json	True	320a42d3de917773f45a89b603c267cc9c6bb6dfedc69d7ee32e2e4bbf88b3cd
stream-v4-final-pure-dl	frozen_task	/ibex/user/hohndor/km/dynamic-benchmark-20260917/justification-stream-v4c-final-pure-dl/justification-main/tasks/0053.json	True	84eabe7337ef1253284792ab6a732090e52307e13e041138bcf37370d47a595f
stream-v4-final-pure-dl	frozen_task	/ibex/user/hohndor/km/dynamic-benchmark-20260917/justification-stream-v4c-final-pure-dl/justification-main/tasks/0054.json	True	da312a53ade0a2e285b0c2f80494b77b0ab8d76e17a4f96f3b548169c46f961e
stream-v4-final-pure-dl	frozen_task	/ibex/user/hohndor/km/dynamic-benchmark-20260917/justification-stream-v4c-final-pure-dl/justification-main/tasks/0055.json	True	c0b19f0ea9c248d7213cb2a98e1d368f4c814374997f59345b796007308ec52f
stream-v4-final-pure-dl	frozen_task	/ibex/user/hohndor/km/dynamic-benchmark-20260917/justification-stream-v4c-final-pure-dl/justification-main/tasks/0056.json	True	de12ca4f6a48517ea3ebb67d7c1646c944db09f3382801226de0d563a544f8fe
stream-v4-final-pure-dl	frozen_task	/ibex/user/hohndor/km/dynamic-benchmark-20260917/justification-stream-v4c-final-pure-dl/justification-main/tasks/0057.json	True	1aaa1ddb2f18684f5a48c235e863ddeb014a6db7741414313b4b2858076f8468
stream-v4-final-pure-dl	frozen_task	/ibex/user/hohndor/km/dynamic-benchmark-20260917/justification-stream-v4c-final-pure-dl/justification-main/tasks/0058.json	True	42b434f0ab50814fbf60b051595194f1cd7ad18bea3c2a657d8ba50fff6b4f5f
stream-v4-final-pure-dl	frozen_task	/ibex/user/hohndor/km/dynamic-benchmark-20260917/justification-stream-v4c-final-pure-dl/justification-main/tasks/0059.json	True	9fc962a20d1c0073ddbe9e3b2e74f8835680300218684e8d1a748fcded789906
stream-v4-konclude-original	independent_audit	/ibex/user/hohndor/km/dynamic-benchmark-20260917/justification-konclude-stream-v4b-original/justification-audit/audit.json	True	c05d2dc72a7dcbe08b0216b576957180890452356f0fae95b72dc3cd1dd26283
stream-v4-konclude-original	logical_normalization	/ibex/user/hohndor/km/dynamic-benchmark-20260917/justification-konclude-stream-v4b-original/justification-audit/normalized-supports.tsv	True	86be1a8a80268a524f0d9990adaa1d08c72a785658c82b16bb6309ffa7a662de
stream-v4-konclude-original	driver_manifest	/ibex/user/hohndor/km/dynamic-benchmark-20260917/justification-konclude-stream-v4b-original/justification-main/driver-manifest.json	True	9e7b15b518c52ab95da5495d264d31d25ddb2d152aeb59957327780544e24d6c
stream-v4-konclude-original	frozen_task	/ibex/user/hohndor/km/dynamic-benchmark-20260917/justification-konclude-stream-v4b-original/justification-main/tasks/0000.json	True	d44676c6073f570f47ddd3bf74ce34e1333f4e50508251ad6dd268da47d07c16
stream-v4-konclude-original	frozen_task	/ibex/user/hohndor/km/dynamic-benchmark-20260917/justification-konclude-stream-v4b-original/justification-main/tasks/0001.json	True	683cdb7642e3fe72958abc9a9d66814f2f0d9af187da7308cfb637e25246109a
stream-v4-konclude-original	frozen_task	/ibex/user/hohndor/km/dynamic-benchmark-20260917/justification-konclude-stream-v4b-original/justification-main/tasks/0002.json	True	ad56de251d0b1d369071152b3f0bba568624c86239cadb09b10508df2ad1b0e8
stream-v4-konclude-original	frozen_task	/ibex/user/hohndor/km/dynamic-benchmark-20260917/justification-konclude-stream-v4b-original/justification-main/tasks/0003.json	True	9b970e854897a55368c20dc36c2f2a9ada5b7d1f97fd7a97891bbb423e3e8dbe
stream-v4-konclude-original	frozen_task	/ibex/user/hohndor/km/dynamic-benchmark-20260917/justification-konclude-stream-v4b-original/justification-main/tasks/0004.json	True	2d0d864aac8e81e332b2c8963f8ae0c4982c5bca97c266117aac9605cfce1a23
stream-v4-konclude-original	frozen_task	/ibex/user/hohndor/km/dynamic-benchmark-20260917/justification-konclude-stream-v4b-original/justification-main/tasks/0005.json	True	7db76405bc39c1554a98e948aefd1df35b4daef9994fc0a65db0e951899bef89
stream-v4-konclude-original	frozen_task	/ibex/user/hohndor/km/dynamic-benchmark-20260917/justification-konclude-stream-v4b-original/justification-main/tasks/0006.json	True	980c4d3def23d8919185bfe11458f35717067506426104bbb676ecf8dcd8b862
stream-v4-konclude-original	frozen_task	/ibex/user/hohndor/km/dynamic-benchmark-20260917/justification-konclude-stream-v4b-original/justification-main/tasks/0007.json	True	ef08f2d0338966f422532e1c37b7392b5d94fee93c92c6029c5de570fee3b5c2
stream-v4-konclude-original	frozen_task	/ibex/user/hohndor/km/dynamic-benchmark-20260917/justification-konclude-stream-v4b-original/justification-main/tasks/0008.json	True	eadd34f2944b3904f9048ec2a1705eac47131dd6b77205829d8adc71eef307af
stream-v4-konclude-original	frozen_task	/ibex/user/hohndor/km/dynamic-benchmark-20260917/justification-konclude-stream-v4b-original/justification-main/tasks/0009.json	True	cfb3e58ba171b5cc0f5d035467dd0f1ac36c29f5b2c0e4b634f9be7fa81897d1
stream-v4-konclude-original	frozen_task	/ibex/user/hohndor/km/dynamic-benchmark-20260917/justification-konclude-stream-v4b-original/justification-main/tasks/0010.json	True	233c846479051c4db088ba1fcae849d016d1f71869ec6eaf73b7b3b7c4a47f7e
stream-v4-konclude-original	frozen_task	/ibex/user/hohndor/km/dynamic-benchmark-20260917/justification-konclude-stream-v4b-original/justification-main/tasks/0011.json	True	5b2d895f7b46e030202b38a57e322566ecfce5631e2f1795e10f27edae27314e
stream-v4-konclude-original	frozen_task	/ibex/user/hohndor/km/dynamic-benchmark-20260917/justification-konclude-stream-v4b-original/justification-main/tasks/0012.json	True	532ffc363f304a7a76ba237eeef7973f18dea87a476fa9a86662c78b57f4f18d
stream-v4-konclude-original	frozen_task	/ibex/user/hohndor/km/dynamic-benchmark-20260917/justification-konclude-stream-v4b-original/justification-main/tasks/0013.json	True	b1792f3b3e216d98aab62d063b2f2961962e02cc19d094c5bf3cb2371c71b866
stream-v4-konclude-original	frozen_task	/ibex/user/hohndor/km/dynamic-benchmark-20260917/justification-konclude-stream-v4b-original/justification-main/tasks/0014.json	True	98cbb820e16470ef2ba9417f02df21ceb5d3948b1c2757ae5e3b1c570f907eb7
stream-v4-konclude-original	frozen_task	/ibex/user/hohndor/km/dynamic-benchmark-20260917/justification-konclude-stream-v4b-original/justification-main/tasks/0015.json	True	74f744ed5106df889286ce3cb673a8f30eca0e76e8dd5817d320d63777075a1f
stream-v4-konclude-original	frozen_task	/ibex/user/hohndor/km/dynamic-benchmark-20260917/justification-konclude-stream-v4b-original/justification-main/tasks/0016.json	True	3b05f890cb85d837bfc748488d2ad2fc132457d3971b8939d78fcb4337267b94
stream-v4-konclude-original	frozen_task	/ibex/user/hohndor/km/dynamic-benchmark-20260917/justification-konclude-stream-v4b-original/justification-main/tasks/0017.json	True	792ecf2fb8f59e6ae429816b94b3aa1420c2e3a178f17b2c1be18dce4ba60160
stream-v4-konclude-original	frozen_task	/ibex/user/hohndor/km/dynamic-benchmark-20260917/justification-konclude-stream-v4b-original/justification-main/tasks/0018.json	True	6ae68dc8bd77ccd7defa1e88a880c1345ef5c29443eb4523ecb9504d22be33ff
stream-v4-konclude-original	frozen_task	/ibex/user/hohndor/km/dynamic-benchmark-20260917/justification-konclude-stream-v4b-original/justification-main/tasks/0019.json	True	2eb14c4bdfe12f3ea5890f07bcecabc473d632593f1f9fc1f102496c396f5446
stream-v4-konclude-original	frozen_task	/ibex/user/hohndor/km/dynamic-benchmark-20260917/justification-konclude-stream-v4b-original/justification-main/tasks/0020.json	True	bd988fe597ed786186d23b603e847b8eca4d3b0e2675ff0a9d90e225c39af459
stream-v4-konclude-original	frozen_task	/ibex/user/hohndor/km/dynamic-benchmark-20260917/justification-konclude-stream-v4b-original/justification-main/tasks/0021.json	True	b84a611315296e9b5b8d1570f50705fa29a84258b3ec7740de4cbf022d411fde
stream-v4-konclude-original	frozen_task	/ibex/user/hohndor/km/dynamic-benchmark-20260917/justification-konclude-stream-v4b-original/justification-main/tasks/0022.json	True	cdd283a6693a53d97879d2344887617130d7c873f76105b83d59207cda2f0821
stream-v4-konclude-original	frozen_task	/ibex/user/hohndor/km/dynamic-benchmark-20260917/justification-konclude-stream-v4b-original/justification-main/tasks/0023.json	True	cce360cd9cd39b086dc31aa3fac6733d956cddc34ff8120286570e5127ebbc2e
stream-v4-konclude-original	frozen_task	/ibex/user/hohndor/km/dynamic-benchmark-20260917/justification-konclude-stream-v4b-original/justification-main/tasks/0024.json	True	c4e64863ab282ad4ac57d6c0d06620eb9f835e2c51f383bf7e12264b43288e90
stream-v4-konclude-original	frozen_task	/ibex/user/hohndor/km/dynamic-benchmark-20260917/justification-konclude-stream-v4b-original/justification-main/tasks/0025.json	True	2c9296d8501c7b7344548fc5bb6e4bd530bcbf9c887716724000d5fa405ae95d
stream-v4-konclude-original	frozen_task	/ibex/user/hohndor/km/dynamic-benchmark-20260917/justification-konclude-stream-v4b-original/justification-main/tasks/0026.json	True	e77c0f070d82b3a5cd75d0f672993d375d814863f1dd2acf92f9ca8fbd81f207
stream-v4-konclude-original	frozen_task	/ibex/user/hohndor/km/dynamic-benchmark-20260917/justification-konclude-stream-v4b-original/justification-main/tasks/0027.json	True	96c6729ff4829cda2f3638ab376dc5ab811682a89071bf140d3daca21163a2c9
stream-v4-konclude-original	frozen_task	/ibex/user/hohndor/km/dynamic-benchmark-20260917/justification-konclude-stream-v4b-original/justification-main/tasks/0028.json	True	bba8d931e1b2431b5fd85b29d6fe722c6adf917bc6b8be42df2afb001d9338ae
stream-v4-konclude-original	frozen_task	/ibex/user/hohndor/km/dynamic-benchmark-20260917/justification-konclude-stream-v4b-original/justification-main/tasks/0029.json	True	c048dd70bae36cc3c1db4a369b292e7fca4ba1136938c132123c7665f9863171
stream-v4-konclude-original	frozen_task	/ibex/user/hohndor/km/dynamic-benchmark-20260917/justification-konclude-stream-v4b-original/justification-main/tasks/0030.json	True	b609a7c96d9aa8e0662a9611a834636fb775a020308864211c03c7e2f3597542
stream-v4-konclude-original	frozen_task	/ibex/user/hohndor/km/dynamic-benchmark-20260917/justification-konclude-stream-v4b-original/justification-main/tasks/0031.json	True	0e30050d45c43bcd3a46c64c0ec9da23cee1bfae8800b10bf1ae247ceff1643e
stream-v4-konclude-original	frozen_task	/ibex/user/hohndor/km/dynamic-benchmark-20260917/justification-konclude-stream-v4b-original/justification-main/tasks/0032.json	True	aea072f2bf1441670e149eb36567591097e72dcf11208db35046eb17efea44b9
stream-v4-konclude-original	frozen_task	/ibex/user/hohndor/km/dynamic-benchmark-20260917/justification-konclude-stream-v4b-original/justification-main/tasks/0033.json	True	6b2b8757409620d57c3f579f5574b8e4c8693b3004bbd7125eb6780350b6748b
stream-v4-konclude-original	frozen_task	/ibex/user/hohndor/km/dynamic-benchmark-20260917/justification-konclude-stream-v4b-original/justification-main/tasks/0034.json	True	3673824f447c9ca618803b20cce2e61035b4775c177b402f650975fe277a4cf9
stream-v4-konclude-original	frozen_task	/ibex/user/hohndor/km/dynamic-benchmark-20260917/justification-konclude-stream-v4b-original/justification-main/tasks/0035.json	True	b892138fc70c8095646296bb8c5e81324b2c04bf5d921b915e9109fcc87140d9
stream-v4-konclude-original	frozen_task	/ibex/user/hohndor/km/dynamic-benchmark-20260917/justification-konclude-stream-v4b-original/justification-main/tasks/0036.json	True	ea8bd7583af1cb90f795fab668c00787130cce0f087b7b691f4c0052837fb0a1
stream-v4-konclude-original	frozen_task	/ibex/user/hohndor/km/dynamic-benchmark-20260917/justification-konclude-stream-v4b-original/justification-main/tasks/0037.json	True	22d44bb80a3a52762c4b8ba25f66cfc4ecf622aebd5fa8848c33ff59cf86b61e
stream-v4-konclude-original	frozen_task	/ibex/user/hohndor/km/dynamic-benchmark-20260917/justification-konclude-stream-v4b-original/justification-main/tasks/0038.json	True	29e929caf57a33fd8d22fb34034072c9cb7b8a3006b2bb1019161a5cbedf54d2
stream-v4-konclude-original	frozen_task	/ibex/user/hohndor/km/dynamic-benchmark-20260917/justification-konclude-stream-v4b-original/justification-main/tasks/0039.json	True	215e022d97d6142f471801f525b8a7c26a3d94022ec0a993d1e06bed0ac51be9
stream-v4-konclude-original	frozen_task	/ibex/user/hohndor/km/dynamic-benchmark-20260917/justification-konclude-stream-v4b-original/justification-main/tasks/0040.json	True	cdf0938ed7b723062589bec2847a83c0ad74544fc4076f27bae9f5e08eb8bc98
stream-v4-konclude-original	frozen_task	/ibex/user/hohndor/km/dynamic-benchmark-20260917/justification-konclude-stream-v4b-original/justification-main/tasks/0041.json	True	c9a03b8fb61ea586ddc602bc0104f5a541776c64610b630effa408995b52bb70
stream-v4-konclude-original	frozen_task	/ibex/user/hohndor/km/dynamic-benchmark-20260917/justification-konclude-stream-v4b-original/justification-main/tasks/0042.json	True	a06c813e8e957001805b64af8fb18e1f6d97f0f171322af764b6f803f92c88da
stream-v4-konclude-original	frozen_task	/ibex/user/hohndor/km/dynamic-benchmark-20260917/justification-konclude-stream-v4b-original/justification-main/tasks/0043.json	True	00519cb04961b646cf0a92d9cb81a5d42264fdef10a43c25136512a577ae0f1e
stream-v4-konclude-original	frozen_task	/ibex/user/hohndor/km/dynamic-benchmark-20260917/justification-konclude-stream-v4b-original/justification-main/tasks/0044.json	True	2a721999d42ce58cc9a0fc9b45a7cc1cb6d283165d2247e03b29a7ad2d8a5efd
stream-v4-konclude-original	frozen_task	/ibex/user/hohndor/km/dynamic-benchmark-20260917/justification-konclude-stream-v4b-original/justification-main/tasks/0045.json	True	77feb3c8e12f8cd751aeb45eb90be2a46ffe70df2d25f8c6ed91b95204d703d4
stream-v4-konclude-original	frozen_task	/ibex/user/hohndor/km/dynamic-benchmark-20260917/justification-konclude-stream-v4b-original/justification-main/tasks/0046.json	True	292d54750b2d6b776da59f646b2b5692d106f056878c39a5bf436004faa02157
stream-v4-konclude-original	frozen_task	/ibex/user/hohndor/km/dynamic-benchmark-20260917/justification-konclude-stream-v4b-original/justification-main/tasks/0047.json	True	859f09a1355903bea7555740b545781de7165262b686570efec08c2e04228465
stream-v4-konclude-original	frozen_task	/ibex/user/hohndor/km/dynamic-benchmark-20260917/justification-konclude-stream-v4b-original/justification-main/tasks/0048.json	True	85ce5b2d38179695eefd6c0da7f9187864b6bd34e4ce9989820524415188e23f
stream-v4-konclude-original	frozen_task	/ibex/user/hohndor/km/dynamic-benchmark-20260917/justification-konclude-stream-v4b-original/justification-main/tasks/0049.json	True	0b375ad744e27f44f54476b164e3c377ec7d0fcd8b3244d0e758466d42bcb58d
stream-v4-konclude-original	frozen_task	/ibex/user/hohndor/km/dynamic-benchmark-20260917/justification-konclude-stream-v4b-original/justification-main/tasks/0050.json	True	0651ae220efde1848c2f38494c1954565c23dda9c03890ca05768f8f3320abf2
stream-v4-konclude-original	frozen_task	/ibex/user/hohndor/km/dynamic-benchmark-20260917/justification-konclude-stream-v4b-original/justification-main/tasks/0051.json	True	b6497ab28bdbcca081e867a4f0c85cc97c7b8813956ef09a588ce2c2c948addd
stream-v4-konclude-original	frozen_task	/ibex/user/hohndor/km/dynamic-benchmark-20260917/justification-konclude-stream-v4b-original/justification-main/tasks/0052.json	True	4836c32fa905b7cf8c8ce4eec7420da08b1292d387fd23edd8ebc9b35a2836f5
stream-v4-konclude-original	frozen_task	/ibex/user/hohndor/km/dynamic-benchmark-20260917/justification-konclude-stream-v4b-original/justification-main/tasks/0053.json	True	62e9ffe8e287cda415356f5f669716a6e0d79b1807c5c9f057d3af5f95839e07
stream-v4-konclude-original	frozen_task	/ibex/user/hohndor/km/dynamic-benchmark-20260917/justification-konclude-stream-v4b-original/justification-main/tasks/0054.json	True	4ec317e86019e301c5682dcd18df0971e50b9a7403b68d02bf50d9357f609335
stream-v4-konclude-original	frozen_task	/ibex/user/hohndor/km/dynamic-benchmark-20260917/justification-konclude-stream-v4b-original/justification-main/tasks/0055.json	True	fb0c71167f3407cbb27110d47a4c04fcb962d576d2df0949d9eda51e1c1f6eca
stream-v4-konclude-original	frozen_task	/ibex/user/hohndor/km/dynamic-benchmark-20260917/justification-konclude-stream-v4b-original/justification-main/tasks/0056.json	True	b60d3191471c1d41449255f0939c6ea4011f338561a4b444d0ba94954e8eb721
stream-v4-konclude-original	frozen_task	/ibex/user/hohndor/km/dynamic-benchmark-20260917/justification-konclude-stream-v4b-original/justification-main/tasks/0057.json	True	d29dacb17dbb9b613b74d60671cdc2c3266db4e7d365775ff57a0528246b2dc5
stream-v4-konclude-original	frozen_task	/ibex/user/hohndor/km/dynamic-benchmark-20260917/justification-konclude-stream-v4b-original/justification-main/tasks/0058.json	True	e951215aafaa76e860d11d1144d08c27504ed844321c497111a432705b6ab3cc
stream-v4-konclude-original	frozen_task	/ibex/user/hohndor/km/dynamic-benchmark-20260917/justification-konclude-stream-v4b-original/justification-main/tasks/0059.json	True	815875dd581f7eafa06fa07793c80ef05a8b1ad7df3a289f2e614e7e3cd99bc2
stream-v4-konclude-original	frozen_task	/ibex/user/hohndor/km/dynamic-benchmark-20260917/justification-konclude-stream-v4b-original/justification-main/tasks/0060.json	True	d1c66de77ad94b4241e823922ff38e9293be3e0807dc3d1fcf94963a096cc438
stream-v4-konclude-original	frozen_task	/ibex/user/hohndor/km/dynamic-benchmark-20260917/justification-konclude-stream-v4b-original/justification-main/tasks/0061.json	True	5d1cb8b79872bc3698a7b6930c6a67097afb8db1f28dcd055fdd2b64c03111d2
stream-v4-konclude-original	frozen_task	/ibex/user/hohndor/km/dynamic-benchmark-20260917/justification-konclude-stream-v4b-original/justification-main/tasks/0062.json	True	6504c1777da0fe308cf8ac2ed59ae827c386e0e06b9b8677ccabba6a03d71569
stream-v4-konclude-original	frozen_task	/ibex/user/hohndor/km/dynamic-benchmark-20260917/justification-konclude-stream-v4b-original/justification-main/tasks/0063.json	True	02801f4e284b7fa6087c111b891e41dda69a482878d861528ca31fc8f9d48348
stream-v4-konclude-original	frozen_task	/ibex/user/hohndor/km/dynamic-benchmark-20260917/justification-konclude-stream-v4b-original/justification-main/tasks/0064.json	True	257e81cd33c1c22078de55bdf9c97039261a2460de3cb4a53fd71241f843b2a3
stream-v4-konclude-original	frozen_task	/ibex/user/hohndor/km/dynamic-benchmark-20260917/justification-konclude-stream-v4b-original/justification-main/tasks/0065.json	True	7bc1d5c0fef1a6dea882c408d20fb078e337290eabecd1fa315b1491251ef2db
stream-v4-konclude-original	frozen_task	/ibex/user/hohndor/km/dynamic-benchmark-20260917/justification-konclude-stream-v4b-original/justification-main/tasks/0066.json	True	8a72fb508122277904945d98981972e09905c72c4771f12aad372dd1184e46f6
stream-v4-konclude-original	frozen_task	/ibex/user/hohndor/km/dynamic-benchmark-20260917/justification-konclude-stream-v4b-original/justification-main/tasks/0067.json	True	bf4697763bfb166b40848a20d9776dad02077c52b367fb3bff55bcaa411b219c
stream-v4-konclude-original	frozen_task	/ibex/user/hohndor/km/dynamic-benchmark-20260917/justification-konclude-stream-v4b-original/justification-main/tasks/0068.json	True	cb0f6418f765ea8e42674a0e89a193f5cc622300bb04080929f59f233d08c7c3
stream-v4-konclude-original	frozen_task	/ibex/user/hohndor/km/dynamic-benchmark-20260917/justification-konclude-stream-v4b-original/justification-main/tasks/0069.json	True	f30e2cf262be0b76cd0e184204ec4aa0e844e00095dc7cca57eb3b9cec08217d
stream-v4-konclude-original	frozen_task	/ibex/user/hohndor/km/dynamic-benchmark-20260917/justification-konclude-stream-v4b-original/justification-main/tasks/0070.json	True	1d41591872b45941935ba907fac1692dec317c1c518bfd9c43050b6d99412a5a
stream-v4-konclude-original	frozen_task	/ibex/user/hohndor/km/dynamic-benchmark-20260917/justification-konclude-stream-v4b-original/justification-main/tasks/0071.json	True	6ce843f2cb1cf01cca3693f8b79ceb3d47a5d9ba6ad4bb829e2f58a054cc86e2
stream-v4-konclude-original	frozen_task	/ibex/user/hohndor/km/dynamic-benchmark-20260917/justification-konclude-stream-v4b-original/justification-main/tasks/0072.json	True	64735d6d4c4192964e8690c2128f77dff02bd87c3c992cef96f9ff5d7e01dd9f
stream-v4-konclude-original	frozen_task	/ibex/user/hohndor/km/dynamic-benchmark-20260917/justification-konclude-stream-v4b-original/justification-main/tasks/0073.json	True	d27b16e08cfb126bdb67ded024e8cb9d7c7bedcec7eb4c1437bf8e7a984ee020
stream-v4-konclude-original	frozen_task	/ibex/user/hohndor/km/dynamic-benchmark-20260917/justification-konclude-stream-v4b-original/justification-main/tasks/0074.json	True	8c991bbced853b904d8db44e8309e0a959ecef15f516af28043c647a84de3c69
stream-v4-konclude-original	frozen_task	/ibex/user/hohndor/km/dynamic-benchmark-20260917/justification-konclude-stream-v4b-original/justification-main/tasks/0075.json	True	bf6cb7de663cb5aa77a640774331974b65430114a82146d2bc74da6e5c09c89c
stream-v4-konclude-original	frozen_task	/ibex/user/hohndor/km/dynamic-benchmark-20260917/justification-konclude-stream-v4b-original/justification-main/tasks/0076.json	True	f34148b6dd549d34f19ca6891267f4061b21bf49d81af33a929d2e1eb7f2e3b9
stream-v4-konclude-original	frozen_task	/ibex/user/hohndor/km/dynamic-benchmark-20260917/justification-konclude-stream-v4b-original/justification-main/tasks/0077.json	True	1506b6269b4d76b8077582057972325741ebb2dd3d9ef98fee72c359ce4e7bcc
stream-v4-konclude-original	frozen_task	/ibex/user/hohndor/km/dynamic-benchmark-20260917/justification-konclude-stream-v4b-original/justification-main/tasks/0078.json	True	3d39ac4484f29ed3a6a8369ec5eae20d02ba00028e252440ee82d80e85fa2388
stream-v4-konclude-original	frozen_task	/ibex/user/hohndor/km/dynamic-benchmark-20260917/justification-konclude-stream-v4b-original/justification-main/tasks/0079.json	True	e0a5338fd1eeca68bd43a8f3c53ba08051f45dffe6fa0c119669d79cbb6dccb5
stream-v4-konclude-original	frozen_task	/ibex/user/hohndor/km/dynamic-benchmark-20260917/justification-konclude-stream-v4b-original/justification-main/tasks/0080.json	True	bef391ae6e02bc88b77fea5728937840a75c32c7b6f7c8f18fcb679072d9fcdb
stream-v4-konclude-original	frozen_task	/ibex/user/hohndor/km/dynamic-benchmark-20260917/justification-konclude-stream-v4b-original/justification-main/tasks/0081.json	True	a1042a7dbc30b5b81e590e29082aa51f422aec201ec7f50ac83e7f8ad150cf83
stream-v4-konclude-original	frozen_task	/ibex/user/hohndor/km/dynamic-benchmark-20260917/justification-konclude-stream-v4b-original/justification-main/tasks/0082.json	True	58b78aa7b84398e8d34bfb5bb3ae3babc7dc4047d289085698af79f5991e5c69
stream-v4-konclude-original	frozen_task	/ibex/user/hohndor/km/dynamic-benchmark-20260917/justification-konclude-stream-v4b-original/justification-main/tasks/0083.json	True	b762faee9c28f7a6186d10eb7d13c148dfe32677370f36a158ead60d14df3f99
stream-v4-konclude-original	frozen_task	/ibex/user/hohndor/km/dynamic-benchmark-20260917/justification-konclude-stream-v4b-original/justification-main/tasks/0084.json	True	462cfa646f7e70c91a39dfb27d68cd320e62e69545fcdb1329cd5312ea593c94
stream-v4-konclude-original	frozen_task	/ibex/user/hohndor/km/dynamic-benchmark-20260917/justification-konclude-stream-v4b-original/justification-main/tasks/0085.json	True	a9ddf42a0913bfe7e6282e891a283f334ef8779456b91cb3cfe5db2fec873a9e
stream-v4-konclude-original	frozen_task	/ibex/user/hohndor/km/dynamic-benchmark-20260917/justification-konclude-stream-v4b-original/justification-main/tasks/0086.json	True	f46fe3e59d8a69027da154df96ecdc062df40b52995af986b984517affd5274c
stream-v4-konclude-original	frozen_task	/ibex/user/hohndor/km/dynamic-benchmark-20260917/justification-konclude-stream-v4b-original/justification-main/tasks/0087.json	True	52a742c09242fc66408003b0fe12f4558a306af406a6c15e70baeb6ac05601e2
stream-v4-konclude-original	frozen_task	/ibex/user/hohndor/km/dynamic-benchmark-20260917/justification-konclude-stream-v4b-original/justification-main/tasks/0088.json	True	50a05474a6d0da092a68ae7a16cbfd5cbf43d94261618cda8c46296f74488822
stream-v4-konclude-original	frozen_task	/ibex/user/hohndor/km/dynamic-benchmark-20260917/justification-konclude-stream-v4b-original/justification-main/tasks/0089.json	True	52593c5eb2408789649b145ef0c4f4a84860b3143d62b64847e032a34d650c52
stream-v4-konclude-original	frozen_task	/ibex/user/hohndor/km/dynamic-benchmark-20260917/justification-konclude-stream-v4b-original/justification-main/tasks/0090.json	True	4d0a84a5461a73fcdbc2c8ff4505ff58df7bbacf9786209bb64b15f75f0267ab
stream-v4-konclude-original	frozen_task	/ibex/user/hohndor/km/dynamic-benchmark-20260917/justification-konclude-stream-v4b-original/justification-main/tasks/0091.json	True	a8469f71f2ea8f4b06b03ce184b3c1d26e799cac0e38fdf64865667084e40ed4
stream-v4-konclude-original	frozen_task	/ibex/user/hohndor/km/dynamic-benchmark-20260917/justification-konclude-stream-v4b-original/justification-main/tasks/0092.json	True	671e435b889d9ab3f851036723fb961bac91f58d2c4f8bf7597128688eb120f6
stream-v4-konclude-original	frozen_task	/ibex/user/hohndor/km/dynamic-benchmark-20260917/justification-konclude-stream-v4b-original/justification-main/tasks/0093.json	True	aed60db4ab751290f38e0ef5d6cdfc6b67d02ff69c941422d6f662d81acdcac1
stream-v4-konclude-original	frozen_task	/ibex/user/hohndor/km/dynamic-benchmark-20260917/justification-konclude-stream-v4b-original/justification-main/tasks/0094.json	True	a2121398d7d3fb2101ea10ba073992d09c3ee30a35d54197ac25714ad26015f9
stream-v4-konclude-original	frozen_task	/ibex/user/hohndor/km/dynamic-benchmark-20260917/justification-konclude-stream-v4b-original/justification-main/tasks/0095.json	True	8dceeaa0dbbfc41f1ba181265994cd0895803d9576fd3936a177383bcd5fc673
stream-v4-konclude-original	frozen_task	/ibex/user/hohndor/km/dynamic-benchmark-20260917/justification-konclude-stream-v4b-original/justification-main/tasks/0096.json	True	3767b868126568a94f5fa2791fa8a3825910ae201ffdc5d62292024fb75d99b1
stream-v4-konclude-original	frozen_task	/ibex/user/hohndor/km/dynamic-benchmark-20260917/justification-konclude-stream-v4b-original/justification-main/tasks/0097.json	True	a6adcf51494db0d3876f7f8f6213f732c162d5d79532911093d1459c1bd6761e
stream-v4-konclude-original	frozen_task	/ibex/user/hohndor/km/dynamic-benchmark-20260917/justification-konclude-stream-v4b-original/justification-main/tasks/0098.json	True	ed204ab613173e51701ea5eb7ed1561226c2774f73cba9f327ce1a5102eb418e
stream-v4-konclude-original	frozen_task	/ibex/user/hohndor/km/dynamic-benchmark-20260917/justification-konclude-stream-v4b-original/justification-main/tasks/0099.json	True	35a40bc203bcf7841032743c31b06fc45ac29612ec86cbf9bae031ad679fe9dd
stream-v4-konclude-original	frozen_task	/ibex/user/hohndor/km/dynamic-benchmark-20260917/justification-konclude-stream-v4b-original/justification-main/tasks/0100.json	True	ac32d42d18bc6b1c4250a8d8a38542526f15aef6f01d9b4647465ba998e03e5d
stream-v4-konclude-original	frozen_task	/ibex/user/hohndor/km/dynamic-benchmark-20260917/justification-konclude-stream-v4b-original/justification-main/tasks/0101.json	True	37bc7bf1958176b1729c75912311fe1fbbe49f72b2fec54f815dd105715f721b
stream-v4-konclude-original	frozen_task	/ibex/user/hohndor/km/dynamic-benchmark-20260917/justification-konclude-stream-v4b-original/justification-main/tasks/0102.json	True	0db28838a07410098836ce911b677852ce5ae1d7b1ab9cbd6de9f0609ab749e6
stream-v4-konclude-original	frozen_task	/ibex/user/hohndor/km/dynamic-benchmark-20260917/justification-konclude-stream-v4b-original/justification-main/tasks/0103.json	True	f8c94201ffc4972b619f094b21705d7fc68e7e2b45e565453e761588edf0dd6c
stream-v4-konclude-original	frozen_task	/ibex/user/hohndor/km/dynamic-benchmark-20260917/justification-konclude-stream-v4b-original/justification-main/tasks/0104.json	True	f3bcb3fc1fff372bc06482e7bc48290c7353f687a6d1ae6e1ff46482c46b62a4
stream-v4-konclude-original	frozen_task	/ibex/user/hohndor/km/dynamic-benchmark-20260917/justification-konclude-stream-v4b-original/justification-main/tasks/0105.json	True	b91270cc322c79b2a8448c62bc6c0efd741b8ce47e03ecc01b7b02eb7103dc6b
stream-v4-konclude-original	frozen_task	/ibex/user/hohndor/km/dynamic-benchmark-20260917/justification-konclude-stream-v4b-original/justification-main/tasks/0106.json	True	4c55eb5b8ebdd1d315f89482d8ca128d3f4cebb47a18a75b4e3ec33848fe8ff5
stream-v4-konclude-original	frozen_task	/ibex/user/hohndor/km/dynamic-benchmark-20260917/justification-konclude-stream-v4b-original/justification-main/tasks/0107.json	True	72ea734aa89a25be059e7379b7493c58f6652b02d667043521eec201ca3619a8
stream-v4-konclude-original	frozen_task	/ibex/user/hohndor/km/dynamic-benchmark-20260917/justification-konclude-stream-v4b-original/justification-main/tasks/0108.json	True	447417ead5b2ebbf667d8a199f89f721eaa44cc15e3113eff66979b319676b07
stream-v4-konclude-original	frozen_task	/ibex/user/hohndor/km/dynamic-benchmark-20260917/justification-konclude-stream-v4b-original/justification-main/tasks/0109.json	True	a29a97289edc918ca4558569c25f4f5d1d65d6db3f0610aa520382b7a0ff4ef1
stream-v4-konclude-original	frozen_task	/ibex/user/hohndor/km/dynamic-benchmark-20260917/justification-konclude-stream-v4b-original/justification-main/tasks/0110.json	True	6df9b683f2265874d12f8f97395d0c89ca278ef9c57c526d16d7f5036993318c
stream-v4-konclude-original	frozen_task	/ibex/user/hohndor/km/dynamic-benchmark-20260917/justification-konclude-stream-v4b-original/justification-main/tasks/0111.json	True	213d4345ecd80b9b5c6f86a1635f5b058386bf5089e8441842bf29ca8e9c09ea
stream-v4-konclude-original	frozen_task	/ibex/user/hohndor/km/dynamic-benchmark-20260917/justification-konclude-stream-v4b-original/justification-main/tasks/0112.json	True	7879a9b714d5a21e2436d61b71496b6448ab8449c29ea1bae3c7a0e75b7706c4
stream-v4-konclude-original	frozen_task	/ibex/user/hohndor/km/dynamic-benchmark-20260917/justification-konclude-stream-v4b-original/justification-main/tasks/0113.json	True	c464794c1f25320809d9787d6b4e3996b10d4cc3ec6163d0c5986bcd10466362
stream-v4-konclude-original	frozen_task	/ibex/user/hohndor/km/dynamic-benchmark-20260917/justification-konclude-stream-v4b-original/justification-main/tasks/0114.json	True	500143173fa7fbeaec252a7c8f5c5bc71f7d685dd6bef528029a5fe4ec064c10
stream-v4-konclude-original	frozen_task	/ibex/user/hohndor/km/dynamic-benchmark-20260917/justification-konclude-stream-v4b-original/justification-main/tasks/0115.json	True	aee51c6bef38c7a2e476bcef29f3dae5330e75cbb5ac64c96f1736e25fd790a5
stream-v4-konclude-original	frozen_task	/ibex/user/hohndor/km/dynamic-benchmark-20260917/justification-konclude-stream-v4b-original/justification-main/tasks/0116.json	True	3e57dce200438b2e55c193e966209a7fdc41426bbabd8868341add4153c1eaea
stream-v4-konclude-original	frozen_task	/ibex/user/hohndor/km/dynamic-benchmark-20260917/justification-konclude-stream-v4b-original/justification-main/tasks/0117.json	True	95716ccc04e94a53614e9f77f8f99bfc35bb7372118c40faf7b37768d63fc252
stream-v4-konclude-original	frozen_task	/ibex/user/hohndor/km/dynamic-benchmark-20260917/justification-konclude-stream-v4b-original/justification-main/tasks/0118.json	True	64ae8dd8ff8815492e092509919a5e06f430119848d2c28b0bcd029e849d0d2a
stream-v4-konclude-original	frozen_task	/ibex/user/hohndor/km/dynamic-benchmark-20260917/justification-konclude-stream-v4b-original/justification-main/tasks/0119.json	True	8534f67710c409a4dc50d523eef646483aab40372ab281186a4fd17fbb9068cf
stream-v4-konclude-original	frozen_task	/ibex/user/hohndor/km/dynamic-benchmark-20260917/justification-konclude-stream-v4b-original/justification-main/tasks/0120.json	True	29a3747eca9ff02a1d9c0d8783d9c1dadf4726497167017b644ba1d64af06db9
stream-v4-konclude-original	frozen_task	/ibex/user/hohndor/km/dynamic-benchmark-20260917/justification-konclude-stream-v4b-original/justification-main/tasks/0121.json	True	dca0289fa711f47d4cbb9164139be18f4577e242f99161772725d0af89230e42
stream-v4-konclude-original	frozen_task	/ibex/user/hohndor/km/dynamic-benchmark-20260917/justification-konclude-stream-v4b-original/justification-main/tasks/0122.json	True	596c5fbb96d22c1993701750bdc2824a04494c66b65584eafd75d81076cbc611
stream-v4-konclude-original	frozen_task	/ibex/user/hohndor/km/dynamic-benchmark-20260917/justification-konclude-stream-v4b-original/justification-main/tasks/0123.json	True	d96513a7d36e695621ff3c01187002236c9c5d34b9a1f99abe3024216ecc3be0
stream-v4-konclude-original	frozen_task	/ibex/user/hohndor/km/dynamic-benchmark-20260917/justification-konclude-stream-v4b-original/justification-main/tasks/0124.json	True	1324ed7036afc9d1f8f475a86ae0382abf81d6b4e82c6f205e6d63b8ca7ee4ff
stream-v4-konclude-original	frozen_task	/ibex/user/hohndor/km/dynamic-benchmark-20260917/justification-konclude-stream-v4b-original/justification-main/tasks/0125.json	True	001a5753b4b4991f8d2075bdf585be0b68588b43cd7db7343f72d0b3b734b5a5
stream-v4-konclude-original	frozen_task	/ibex/user/hohndor/km/dynamic-benchmark-20260917/justification-konclude-stream-v4b-original/justification-main/tasks/0126.json	True	750831b648a0a65e3ca5800eb7ce3ba22a7c773576f7b017ac2d2b766da049c9
stream-v4-konclude-original	frozen_task	/ibex/user/hohndor/km/dynamic-benchmark-20260917/justification-konclude-stream-v4b-original/justification-main/tasks/0127.json	True	07da0c7726e12dcfe2b0df1da1fe020e24fb6a65518bc9d0b6006ec0e7956dc7
stream-v4-konclude-original	frozen_task	/ibex/user/hohndor/km/dynamic-benchmark-20260917/justification-konclude-stream-v4b-original/justification-main/tasks/0128.json	True	7bcfe66e227e035793f05dce47a311735a9813f3b118dd42a38ed10c701f4340
stream-v4-konclude-original	frozen_task	/ibex/user/hohndor/km/dynamic-benchmark-20260917/justification-konclude-stream-v4b-original/justification-main/tasks/0129.json	True	0c8b6348329872694f71fafaeeb67fdb1aba22403dfcf18ed4c95de77508503c
stream-v4-konclude-original	frozen_task	/ibex/user/hohndor/km/dynamic-benchmark-20260917/justification-konclude-stream-v4b-original/justification-main/tasks/0130.json	True	be361a014f55aeb5997fb5721bc341b2192f6400a9aa14624bd92f2ffa04bfa1
stream-v4-konclude-original	frozen_task	/ibex/user/hohndor/km/dynamic-benchmark-20260917/justification-konclude-stream-v4b-original/justification-main/tasks/0131.json	True	729a47db1b5d49cf04984b884790e5a55cf60cf763e92248ccc6c6e950a6b1ac
stream-v4-konclude-original	frozen_task	/ibex/user/hohndor/km/dynamic-benchmark-20260917/justification-konclude-stream-v4b-original/justification-main/tasks/0132.json	True	0ec63d63b0888318eb79faff5b52bef18600e1994667fc2ebad4f2e4afc11d45
stream-v4-konclude-original	frozen_task	/ibex/user/hohndor/km/dynamic-benchmark-20260917/justification-konclude-stream-v4b-original/justification-main/tasks/0133.json	True	9a1b944bccfde27b7522802942d34e2f8ddb7436b5e813dc6a779b5c6e511eac
stream-v4-konclude-original	frozen_task	/ibex/user/hohndor/km/dynamic-benchmark-20260917/justification-konclude-stream-v4b-original/justification-main/tasks/0134.json	True	53f91e354610c415613f8aad843c2101d646c1eff93e8f1f7eab26af088d9427
stream-v4-konclude-original	frozen_task	/ibex/user/hohndor/km/dynamic-benchmark-20260917/justification-konclude-stream-v4b-original/justification-main/tasks/0135.json	True	6c2395e3a02a471bb9af1ff491f78817c2c2d08d18a8d9a06e8a6e926f1dff86
stream-v4-konclude-original	frozen_task	/ibex/user/hohndor/km/dynamic-benchmark-20260917/justification-konclude-stream-v4b-original/justification-main/tasks/0136.json	True	d633b220fb6c8e45b5885ca4053cb73083293dcc6cddf37804928c51a29405ca
stream-v4-konclude-original	frozen_task	/ibex/user/hohndor/km/dynamic-benchmark-20260917/justification-konclude-stream-v4b-original/justification-main/tasks/0137.json	True	35aa4dc028c350bc1b2705bb60ae8ae8341aeced2ed5d7efe4440ed722c0023a
stream-v4-konclude-original	frozen_task	/ibex/user/hohndor/km/dynamic-benchmark-20260917/justification-konclude-stream-v4b-original/justification-main/tasks/0138.json	True	a7cca95c721a92ca9ee936987a428a059380393903df683bb39ecf8321a06e48
stream-v4-konclude-original	frozen_task	/ibex/user/hohndor/km/dynamic-benchmark-20260917/justification-konclude-stream-v4b-original/justification-main/tasks/0139.json	True	19c407b68d7f045de18568091619d9990001caa74f8d169fb6b125a2e524dd42
stream-v4-konclude-original	frozen_task	/ibex/user/hohndor/km/dynamic-benchmark-20260917/justification-konclude-stream-v4b-original/justification-main/tasks/0140.json	True	f1dda39ec29626c53b10c559e2a101a90d248e0e66067811795802e18a7c0da5
stream-v4-konclude-original	frozen_task	/ibex/user/hohndor/km/dynamic-benchmark-20260917/justification-konclude-stream-v4b-original/justification-main/tasks/0141.json	True	0fe68aee794f516e4906ee4c226a46fa7b73a2d045e366dae964f82d90c0a543
stream-v4-konclude-original	frozen_task	/ibex/user/hohndor/km/dynamic-benchmark-20260917/justification-konclude-stream-v4b-original/justification-main/tasks/0142.json	True	a33a38e467ecdc7380df371296bb8184ca1d2ec9a59a53a3cc2026a22aed67f1
stream-v4-konclude-original	frozen_task	/ibex/user/hohndor/km/dynamic-benchmark-20260917/justification-konclude-stream-v4b-original/justification-main/tasks/0143.json	True	08c1741e978a1d36fbd3ada9e267f3f61b71e2a99aed998e233f4caae1684d9f
stream-v4-konclude-original	frozen_task	/ibex/user/hohndor/km/dynamic-benchmark-20260917/justification-konclude-stream-v4b-original/justification-main/tasks/0144.json	True	e4ded02e835d8e38ae2acbd04efed67090f081570bd02ccf23dd1c72d9d48137
stream-v4-konclude-original	frozen_task	/ibex/user/hohndor/km/dynamic-benchmark-20260917/justification-konclude-stream-v4b-original/justification-main/tasks/0145.json	True	07658c8416a0251b79f7034b8f3a5d6a6de6cde232b8184a3ba2483ff0698a9f
stream-v4-konclude-original	frozen_task	/ibex/user/hohndor/km/dynamic-benchmark-20260917/justification-konclude-stream-v4b-original/justification-main/tasks/0146.json	True	827d2749d9ca4860fb2805eaf5cb75cfbd857f50666affef561f87597b153275
stream-v4-konclude-original	frozen_task	/ibex/user/hohndor/km/dynamic-benchmark-20260917/justification-konclude-stream-v4b-original/justification-main/tasks/0147.json	True	3741722f1fae7ef6d3e1b41682178d162e24b87bc11ef9bc8b634421c08bb56d
stream-v4-konclude-original	frozen_task	/ibex/user/hohndor/km/dynamic-benchmark-20260917/justification-konclude-stream-v4b-original/justification-main/tasks/0148.json	True	778a80ef0cf8af910fa0c04a4c6b8d436e3b72d228f8415b6580d1d179641946
stream-v4-konclude-original	frozen_task	/ibex/user/hohndor/km/dynamic-benchmark-20260917/justification-konclude-stream-v4b-original/justification-main/tasks/0149.json	True	7da10bf5d9e66eb46b5625a486ee7cad914ce811a673ce74ca9cc10d37cd3eca
stream-v4-konclude-original	frozen_task	/ibex/user/hohndor/km/dynamic-benchmark-20260917/justification-konclude-stream-v4b-original/justification-main/tasks/0150.json	True	b4a228a7f8fea20f9268606fce72cc75ec09d15659c6a9b446d3b076a86e75c8
stream-v4-konclude-original	frozen_task	/ibex/user/hohndor/km/dynamic-benchmark-20260917/justification-konclude-stream-v4b-original/justification-main/tasks/0151.json	True	02d4578256fe71b79fc43e38c4a4404ee2413f67a2089d71752d5067ebc7dcb5
stream-v4-konclude-original	frozen_task	/ibex/user/hohndor/km/dynamic-benchmark-20260917/justification-konclude-stream-v4b-original/justification-main/tasks/0152.json	True	d0dec82dde730c2f940752ac3d395d164a281ad6d33c7e3172a4631cc094a54c
stream-v4-konclude-original	frozen_task	/ibex/user/hohndor/km/dynamic-benchmark-20260917/justification-konclude-stream-v4b-original/justification-main/tasks/0153.json	True	6fa1aa90051ffb42026da89eeff6cc37668f36fa3dd01c78b238628063cad674
stream-v4-konclude-original	frozen_task	/ibex/user/hohndor/km/dynamic-benchmark-20260917/justification-konclude-stream-v4b-original/justification-main/tasks/0154.json	True	192903c943c3894645107cdc54236746100b719d9c42b8ef76e31a9a10e9233d
stream-v4-konclude-original	frozen_task	/ibex/user/hohndor/km/dynamic-benchmark-20260917/justification-konclude-stream-v4b-original/justification-main/tasks/0155.json	True	3d6b4b6dca6820fdc5c2abd0b2e72c8f2a506dd607e75f98ee8069cfabd5eef7
stream-v4-konclude-original	frozen_task	/ibex/user/hohndor/km/dynamic-benchmark-20260917/justification-konclude-stream-v4b-original/justification-main/tasks/0156.json	True	de5146ff357356f6a10b4f1845a66631d66c14f8c87c07f3a97085a94848f450
stream-v4-konclude-original	frozen_task	/ibex/user/hohndor/km/dynamic-benchmark-20260917/justification-konclude-stream-v4b-original/justification-main/tasks/0157.json	True	f1688f23601a09c2d11e069ead4e187fa8c508aae989661040dae77ecdf43939
stream-v4-konclude-original	frozen_task	/ibex/user/hohndor/km/dynamic-benchmark-20260917/justification-konclude-stream-v4b-original/justification-main/tasks/0158.json	True	722d9dc20fda337105dfc7e0f3e71da3c798926934f5ac5bdbd8f0a348bad86b
stream-v4-konclude-original	frozen_task	/ibex/user/hohndor/km/dynamic-benchmark-20260917/justification-konclude-stream-v4b-original/justification-main/tasks/0159.json	True	72478a3d9b700d0c1902dab57c9eb5200e19d0d473b31bc53faf8f9ee7928e8e
stream-v4-konclude-original	frozen_task	/ibex/user/hohndor/km/dynamic-benchmark-20260917/justification-konclude-stream-v4b-original/justification-main/tasks/0160.json	True	7baf0e5b07dbee631a1f9df8ce5b5aad1858b15371c2b8398306db55b6af3017
stream-v4-konclude-original	frozen_task	/ibex/user/hohndor/km/dynamic-benchmark-20260917/justification-konclude-stream-v4b-original/justification-main/tasks/0161.json	True	1052d250b1d767b5384c2e152a2f5bcbb50c38d83c595b3c244fed0e98fcd3d8
stream-v4-konclude-original	frozen_task	/ibex/user/hohndor/km/dynamic-benchmark-20260917/justification-konclude-stream-v4b-original/justification-main/tasks/0162.json	True	43920bfffc880694c8b654a2c2cfd65f53aa1727da83f67de16c7ce8cd1e6e92
stream-v4-konclude-original	frozen_task	/ibex/user/hohndor/km/dynamic-benchmark-20260917/justification-konclude-stream-v4b-original/justification-main/tasks/0163.json	True	78b4bf022467a2ff0df7c3e78392e5e0d442160eca65cde77ec56d6b962cf5e7
stream-v4-konclude-original	frozen_task	/ibex/user/hohndor/km/dynamic-benchmark-20260917/justification-konclude-stream-v4b-original/justification-main/tasks/0164.json	True	046cd73cd697e9b3bf8612bbcf77a07d6ab061f65e91b3c8f5ccf6200eb8614a
stream-v4-konclude-original	frozen_task	/ibex/user/hohndor/km/dynamic-benchmark-20260917/justification-konclude-stream-v4b-original/justification-main/tasks/0165.json	True	260179ade6edf5e7315f6e7f534ef7bf94a1ee662f17ef75a0de539f14845fa2
stream-v4-konclude-original	frozen_task	/ibex/user/hohndor/km/dynamic-benchmark-20260917/justification-konclude-stream-v4b-original/justification-main/tasks/0166.json	True	21acc793b037af42266af0aadb9ad978622c2a728d6dbe9be5b5c21a2c701692
stream-v4-konclude-original	frozen_task	/ibex/user/hohndor/km/dynamic-benchmark-20260917/justification-konclude-stream-v4b-original/justification-main/tasks/0167.json	True	b4ed6215e93c5b6ab7fe3d7008a9f927fc6079778557e664c70103dbc71439a5
stream-v4-konclude-original	frozen_task	/ibex/user/hohndor/km/dynamic-benchmark-20260917/justification-konclude-stream-v4b-original/justification-main/tasks/0168.json	True	0a2826d0fa609a6fda00c4f8d59da3c55379b0710d6a6577291197817c9048fe
stream-v4-konclude-original	frozen_task	/ibex/user/hohndor/km/dynamic-benchmark-20260917/justification-konclude-stream-v4b-original/justification-main/tasks/0169.json	True	58505d2473344a3198b0cfd7ca418b7508be436aa76c4f28481c98fea9dc9992
stream-v4-konclude-original	frozen_task	/ibex/user/hohndor/km/dynamic-benchmark-20260917/justification-konclude-stream-v4b-original/justification-main/tasks/0170.json	True	239b2b5ace4af455888041ae6dc664ff86ec74db877800761de8e25996b343c8
stream-v4-konclude-original	frozen_task	/ibex/user/hohndor/km/dynamic-benchmark-20260917/justification-konclude-stream-v4b-original/justification-main/tasks/0171.json	True	e7cc4f8a6cc69684d57af0969ca0c94d101d6119102db353ed094dcdd62cf3d7
stream-v4-konclude-original	frozen_task	/ibex/user/hohndor/km/dynamic-benchmark-20260917/justification-konclude-stream-v4b-original/justification-main/tasks/0172.json	True	e2f134638fa1abe744aee78624fb4e6feb969aa9108c9b8b529fd7e29c68d2bf
stream-v4-konclude-original	frozen_task	/ibex/user/hohndor/km/dynamic-benchmark-20260917/justification-konclude-stream-v4b-original/justification-main/tasks/0173.json	True	e70ee17e1210a80134ebfc91bb04ce077907892b9ae97aa52e94b343602ab882
stream-v4-konclude-original	frozen_task	/ibex/user/hohndor/km/dynamic-benchmark-20260917/justification-konclude-stream-v4b-original/justification-main/tasks/0174.json	True	e03309e16f323c493f1eb5f1a9ec89b7eac392a4bfb71713edcbe4b55d6b4762
stream-v4-konclude-original	frozen_task	/ibex/user/hohndor/km/dynamic-benchmark-20260917/justification-konclude-stream-v4b-original/justification-main/tasks/0175.json	True	7be2b81b93abbba0ba45d76ba49cb73e8f66a593a04893ba8d5dec53096a8493
stream-v4-konclude-original	frozen_task	/ibex/user/hohndor/km/dynamic-benchmark-20260917/justification-konclude-stream-v4b-original/justification-main/tasks/0176.json	True	8c2211efb5ebae661b393ba7fc0ffda1e4a9caec6a56268d55467fd87c33c582
stream-v4-konclude-original	frozen_task	/ibex/user/hohndor/km/dynamic-benchmark-20260917/justification-konclude-stream-v4b-original/justification-main/tasks/0177.json	True	28e702f4139e0fb06b1f59f6917b49d559e5fa73359beb1c3fac25516646f8c9
stream-v4-konclude-original	frozen_task	/ibex/user/hohndor/km/dynamic-benchmark-20260917/justification-konclude-stream-v4b-original/justification-main/tasks/0178.json	True	3f88d394a45fb69a0bae6a81d99f928b6b90ccda5ef65269a10adc1d5d7c8cba
stream-v4-konclude-original	frozen_task	/ibex/user/hohndor/km/dynamic-benchmark-20260917/justification-konclude-stream-v4b-original/justification-main/tasks/0179.json	True	1b59787bb9cfde330130ed1a9fb716b4f3fff7b088dd91967a2248e370b837dc
stream-v4-konclude-original	frozen_task	/ibex/user/hohndor/km/dynamic-benchmark-20260917/justification-konclude-stream-v4b-original/justification-main/tasks/0180.json	True	a4dbb00086f645f1908871c3ba8154537ba00a0c82afb3ecc27dc46dd41fe637
stream-v4-konclude-original	frozen_task	/ibex/user/hohndor/km/dynamic-benchmark-20260917/justification-konclude-stream-v4b-original/justification-main/tasks/0181.json	True	dbc01b90b6353a94687f0c3c05312535c3c9aa95cee3ffde5beb70fd473faf5f
stream-v4-konclude-original	frozen_task	/ibex/user/hohndor/km/dynamic-benchmark-20260917/justification-konclude-stream-v4b-original/justification-main/tasks/0182.json	True	c584481a8b62930757d1563c12dc2a9ad8654465bcc51e1940183f0dbba50973
stream-v4-konclude-original	frozen_task	/ibex/user/hohndor/km/dynamic-benchmark-20260917/justification-konclude-stream-v4b-original/justification-main/tasks/0183.json	True	0731d067424e03a566456304999442836d9f26c6fb239397928b4c3bcb54ea67
stream-v4-konclude-original	frozen_task	/ibex/user/hohndor/km/dynamic-benchmark-20260917/justification-konclude-stream-v4b-original/justification-main/tasks/0184.json	True	f8b355a3354ca2bb8bdc64130e7a3197c853cf45f9cf203b4c45687e97d33dda
stream-v4-konclude-original	frozen_task	/ibex/user/hohndor/km/dynamic-benchmark-20260917/justification-konclude-stream-v4b-original/justification-main/tasks/0185.json	True	900bc21987613bf76591a46b1b64e2c66eeef64df792f349c78b68e181d74546
stream-v4-konclude-original	frozen_task	/ibex/user/hohndor/km/dynamic-benchmark-20260917/justification-konclude-stream-v4b-original/justification-main/tasks/0186.json	True	66eb7dd443f9382234202a82aceed971226cc3c199c3b560c3529d525209241b
stream-v4-konclude-original	frozen_task	/ibex/user/hohndor/km/dynamic-benchmark-20260917/justification-konclude-stream-v4b-original/justification-main/tasks/0187.json	True	199d10dfe5caf0ef00160d81b3febc354de63d4aac1cdd2281b1e6ea7a66d902
stream-v4-konclude-original	frozen_task	/ibex/user/hohndor/km/dynamic-benchmark-20260917/justification-konclude-stream-v4b-original/justification-main/tasks/0188.json	True	b44acada2235a5aa27e393586073b842b55a20f9869754d0a9500a88057b3500
stream-v4-konclude-original	frozen_task	/ibex/user/hohndor/km/dynamic-benchmark-20260917/justification-konclude-stream-v4b-original/justification-main/tasks/0189.json	True	fd86e50a1043b1f9c160ac48fd241ebabc1f014a666b987d1d8561e14a8e9466
stream-v4-konclude-original	frozen_task	/ibex/user/hohndor/km/dynamic-benchmark-20260917/justification-konclude-stream-v4b-original/justification-main/tasks/0190.json	True	488f930340eb46ce5fa284860007f20c37cb7b765136405a400b414b0ad4e134
stream-v4-konclude-original	frozen_task	/ibex/user/hohndor/km/dynamic-benchmark-20260917/justification-konclude-stream-v4b-original/justification-main/tasks/0191.json	True	0e685a9f8aef538d67d4f259fb7998dc8b40b94c48574c2edb47cc795a88b9a2
stream-v4-konclude-original	frozen_task	/ibex/user/hohndor/km/dynamic-benchmark-20260917/justification-konclude-stream-v4b-original/justification-main/tasks/0192.json	True	63bef742ce9f8337dcd18d93e347540bf918b8f0f19464ed609a2e9f7558d29e
stream-v4-konclude-original	frozen_task	/ibex/user/hohndor/km/dynamic-benchmark-20260917/justification-konclude-stream-v4b-original/justification-main/tasks/0193.json	True	2d40532d4e7f21b342979560fddc34f695cfdad4deeea4c857c353f69c9377f4
stream-v4-konclude-original	frozen_task	/ibex/user/hohndor/km/dynamic-benchmark-20260917/justification-konclude-stream-v4b-original/justification-main/tasks/0194.json	True	10f785de4b208c5244db0a6729c04929c7a5d85bb825b0980908f07c301eb464
stream-v4-konclude-original	frozen_task	/ibex/user/hohndor/km/dynamic-benchmark-20260917/justification-konclude-stream-v4b-original/justification-main/tasks/0195.json	True	cf7c439f2b89e4b8fb082961b13541f4cb89b1720a996ce4a5ff42e1b6ded0e8
stream-v4-konclude-original	frozen_task	/ibex/user/hohndor/km/dynamic-benchmark-20260917/justification-konclude-stream-v4b-original/justification-main/tasks/0196.json	True	8b3725a7ba7e917909669ee1852e5052615d404459c83ae66a68553029e36d9c
stream-v4-konclude-original	frozen_task	/ibex/user/hohndor/km/dynamic-benchmark-20260917/justification-konclude-stream-v4b-original/justification-main/tasks/0197.json	True	04a5706844aab23145638e3b65142973bf407182e2321a8cf32ee2b2966bee44
stream-v4-konclude-original	frozen_task	/ibex/user/hohndor/km/dynamic-benchmark-20260917/justification-konclude-stream-v4b-original/justification-main/tasks/0198.json	True	0c19140eb159dd047ad2b5cc4e326c220f8c1dee0e189ac7d285387508ba4645
stream-v4-konclude-original	frozen_task	/ibex/user/hohndor/km/dynamic-benchmark-20260917/justification-konclude-stream-v4b-original/justification-main/tasks/0199.json	True	bf0c6826baf64785c36f884c15c7232553a610e4827f9ed7ee786436e7961c33
stream-v4-konclude-original	frozen_task	/ibex/user/hohndor/km/dynamic-benchmark-20260917/justification-konclude-stream-v4b-original/justification-main/tasks/0200.json	True	1868a937406cbf3f094c433a781bc2a065839db5a517bf9fb88ba7d4cb5a5de2
stream-v4-konclude-original	frozen_task	/ibex/user/hohndor/km/dynamic-benchmark-20260917/justification-konclude-stream-v4b-original/justification-main/tasks/0201.json	True	5f08c74280292621d20d0b2b58e15f866f5c30330a8412224b0a054bd267db15
stream-v4-konclude-original	frozen_task	/ibex/user/hohndor/km/dynamic-benchmark-20260917/justification-konclude-stream-v4b-original/justification-main/tasks/0202.json	True	937c49f1666fba1e0bd6a24968ee209c75b9e10434ef2f0f9e65fcf1fa3d4fcc
stream-v4-konclude-original	frozen_task	/ibex/user/hohndor/km/dynamic-benchmark-20260917/justification-konclude-stream-v4b-original/justification-main/tasks/0203.json	True	e97c25d9a7a5a68e3b543cbf37da45f88fe7627b434e60f7b7af87557d025e18
stream-v4-konclude-original	frozen_task	/ibex/user/hohndor/km/dynamic-benchmark-20260917/justification-konclude-stream-v4b-original/justification-main/tasks/0204.json	True	2a70ed1d0fe035cd67a39ecd46d42cb99682615cf7f7784d2f105141fd03d01b
stream-v4-konclude-original	frozen_task	/ibex/user/hohndor/km/dynamic-benchmark-20260917/justification-konclude-stream-v4b-original/justification-main/tasks/0205.json	True	dce662d9968687953b4e538a4d32836a1f319e49e819238876843d43c2b3f36e
stream-v4-konclude-original	frozen_task	/ibex/user/hohndor/km/dynamic-benchmark-20260917/justification-konclude-stream-v4b-original/justification-main/tasks/0206.json	True	9b07cbbd1521c9e43d0a3eb147b283296ab29d643d204ae4a9e9b20211d1a516
stream-v4-konclude-original	frozen_task	/ibex/user/hohndor/km/dynamic-benchmark-20260917/justification-konclude-stream-v4b-original/justification-main/tasks/0207.json	True	f66b4fc8c24b45eb6f6550c45568ca46b99a48f58ef444478538253147b1dedd
stream-v4-konclude-original	frozen_task	/ibex/user/hohndor/km/dynamic-benchmark-20260917/justification-konclude-stream-v4b-original/justification-main/tasks/0208.json	True	0df2ec8a15b4e518be92bdfdf6c11f10640da88f488a81f4e92706966978877e
stream-v4-konclude-original	frozen_task	/ibex/user/hohndor/km/dynamic-benchmark-20260917/justification-konclude-stream-v4b-original/justification-main/tasks/0209.json	True	bf1908333a4edbc4648939359d7bbfdbc9688076c01cfb3efba9dc5fa8cec99e
stream-v4-konclude-original	frozen_task	/ibex/user/hohndor/km/dynamic-benchmark-20260917/justification-konclude-stream-v4b-original/justification-main/tasks/0210.json	True	2a54d3f7e55cbadbdbe3dcb0a879cbdd30ab1eba4542a7b319786a821b23f706
stream-v4-konclude-original	frozen_task	/ibex/user/hohndor/km/dynamic-benchmark-20260917/justification-konclude-stream-v4b-original/justification-main/tasks/0211.json	True	3e116dfe8d000f8d42199dadd23fa2c03ca34ba3eb803eb4cdcd648c74ff47d0
stream-v4-konclude-original	frozen_task	/ibex/user/hohndor/km/dynamic-benchmark-20260917/justification-konclude-stream-v4b-original/justification-main/tasks/0212.json	True	be38c59614f53025315b827cb1093328bcaaa5b23cce5a1a42a5e4ca565158e6
stream-v4-konclude-original	frozen_task	/ibex/user/hohndor/km/dynamic-benchmark-20260917/justification-konclude-stream-v4b-original/justification-main/tasks/0213.json	True	9ddaecb636cb1fa17cc1df7b5085e20b4fb2594e39a2b527e927ff454f2affc7
stream-v4-konclude-original	frozen_task	/ibex/user/hohndor/km/dynamic-benchmark-20260917/justification-konclude-stream-v4b-original/justification-main/tasks/0214.json	True	4f7e8a3a5d16409f217a260cdd867c1c9d27c1a978297a846b09892865b65a84
stream-v4-konclude-original	frozen_task	/ibex/user/hohndor/km/dynamic-benchmark-20260917/justification-konclude-stream-v4b-original/justification-main/tasks/0215.json	True	198ef1d38263410e1739d60950831ad9567ed4b9299917b4cb90077e43336969
stream-v4-konclude-original	frozen_task	/ibex/user/hohndor/km/dynamic-benchmark-20260917/justification-konclude-stream-v4b-original/justification-main/tasks/0216.json	True	f879b28073ed790b105c6b1b39f009dffb245cf7ae20bc7a855c2388358f21e3
stream-v4-konclude-original	frozen_task	/ibex/user/hohndor/km/dynamic-benchmark-20260917/justification-konclude-stream-v4b-original/justification-main/tasks/0217.json	True	fcc6fd8222518d93fc8222d3fbb5cbcd61b81beb03198f4b9e5e12d612011db0
stream-v4-konclude-original	frozen_task	/ibex/user/hohndor/km/dynamic-benchmark-20260917/justification-konclude-stream-v4b-original/justification-main/tasks/0218.json	True	d050746b939e0e640b449856479528a664c051369adfdcf3b8a4a5a3076cafa2
stream-v4-konclude-original	frozen_task	/ibex/user/hohndor/km/dynamic-benchmark-20260917/justification-konclude-stream-v4b-original/justification-main/tasks/0219.json	True	cacffc0db65cd099217056b54d3d90b44b4ccf0f6b772b961b5e55851f09c3c5
stream-v4-konclude-original	frozen_task	/ibex/user/hohndor/km/dynamic-benchmark-20260917/justification-konclude-stream-v4b-original/justification-main/tasks/0220.json	True	25b291952eb8626f5eaa53e530fda3606ec45d7db93a46c11dbb0ec936dd26eb
stream-v4-konclude-original	frozen_task	/ibex/user/hohndor/km/dynamic-benchmark-20260917/justification-konclude-stream-v4b-original/justification-main/tasks/0221.json	True	2e5f6289b9fb94d9c77bd7b87cde2c14e0d745a3ffa7229e363517aae502a5c4
stream-v4-konclude-original	frozen_task	/ibex/user/hohndor/km/dynamic-benchmark-20260917/justification-konclude-stream-v4b-original/justification-main/tasks/0222.json	True	c8a3c97aa62e7099191ac35bcdc1984c7385a2358516e3bdf9691486af9c66d3
stream-v4-konclude-original	frozen_task	/ibex/user/hohndor/km/dynamic-benchmark-20260917/justification-konclude-stream-v4b-original/justification-main/tasks/0223.json	True	cd2522a21c783fd4357fed63b4fe85d108ded0b8e4e0e053364864e1594ba68d
stream-v4-konclude-original	frozen_task	/ibex/user/hohndor/km/dynamic-benchmark-20260917/justification-konclude-stream-v4b-original/justification-main/tasks/0224.json	True	a3beddb31ed76f68c9a9b6c468e6983588dc88e70d81788a3c88779f7f37ac41
stream-v4-konclude-original	frozen_task	/ibex/user/hohndor/km/dynamic-benchmark-20260917/justification-konclude-stream-v4b-original/justification-main/tasks/0225.json	True	dff0a8367f33dc1bfca182a6715b698b32e3378cb938b5b8ed52654fe62cc47d
stream-v4-konclude-original	frozen_task	/ibex/user/hohndor/km/dynamic-benchmark-20260917/justification-konclude-stream-v4b-original/justification-main/tasks/0226.json	True	c6f44245fc34fa2bcc0e994db0ebf13592af12bb6650b488f4e750ee5bb46854
stream-v4-konclude-original	frozen_task	/ibex/user/hohndor/km/dynamic-benchmark-20260917/justification-konclude-stream-v4b-original/justification-main/tasks/0227.json	True	c4ee8bb771baa32186cd281926c0ffdb0951ca78c09d42b76c7953122e8d81f4
stream-v4-konclude-original	frozen_task	/ibex/user/hohndor/km/dynamic-benchmark-20260917/justification-konclude-stream-v4b-original/justification-main/tasks/0228.json	True	fa96447dfbadf6c24970a3ffd4383d54c2cea6d6f14a471f94dd482e2f0e728d
stream-v4-konclude-original	frozen_task	/ibex/user/hohndor/km/dynamic-benchmark-20260917/justification-konclude-stream-v4b-original/justification-main/tasks/0229.json	True	d38882bdbb67496af807299fba4f46ed81fd7533a2550806dba376ecda021c21
stream-v4-konclude-original	frozen_task	/ibex/user/hohndor/km/dynamic-benchmark-20260917/justification-konclude-stream-v4b-original/justification-main/tasks/0230.json	True	86ebccac95b3a969adc7b37ad808e165957e2d8d0bf98dad1b5d8748536c3783
stream-v4-konclude-original	frozen_task	/ibex/user/hohndor/km/dynamic-benchmark-20260917/justification-konclude-stream-v4b-original/justification-main/tasks/0231.json	True	f150eb8744d76c9f1b770e0e9914ea74797548b788e6915f8617fe2130d22c3c
stream-v4-konclude-original	frozen_task	/ibex/user/hohndor/km/dynamic-benchmark-20260917/justification-konclude-stream-v4b-original/justification-main/tasks/0232.json	True	3d5200afde4b12a9ab4467e8b5d25325563c4c195eb748bd4100b6ed11c5f5c4
stream-v4-konclude-original	frozen_task	/ibex/user/hohndor/km/dynamic-benchmark-20260917/justification-konclude-stream-v4b-original/justification-main/tasks/0233.json	True	ee2173a997ccc9c0abdc5a66449416fb3de86b2e279fa834f539eccc32420c32
stream-v4-konclude-original	frozen_task	/ibex/user/hohndor/km/dynamic-benchmark-20260917/justification-konclude-stream-v4b-original/justification-main/tasks/0234.json	True	2ebc676263e338b3c064078e3da77629545e83afd7ec20b80a122d0f42a96f14
stream-v4-konclude-original	frozen_task	/ibex/user/hohndor/km/dynamic-benchmark-20260917/justification-konclude-stream-v4b-original/justification-main/tasks/0235.json	True	e227678929d12afff3e3ae80cb06901c4ef5ea57e5319c843de18256583a98a9
stream-v4-konclude-original	frozen_task	/ibex/user/hohndor/km/dynamic-benchmark-20260917/justification-konclude-stream-v4b-original/justification-main/tasks/0236.json	True	f70027aa2c4b741fab98cc21cce68c780f1afb433164ef75c0f1c624d02f8d27
stream-v4-konclude-original	frozen_task	/ibex/user/hohndor/km/dynamic-benchmark-20260917/justification-konclude-stream-v4b-original/justification-main/tasks/0237.json	True	0e59816de4c57694fec5525e7ca801ab19f8f83102ecf9dec9084a666a436f2f
stream-v4-konclude-original	frozen_task	/ibex/user/hohndor/km/dynamic-benchmark-20260917/justification-konclude-stream-v4b-original/justification-main/tasks/0238.json	True	74a6918b64cff50dba568dcf2d3b2efa8818c4db9b039416126a3b2c01ce8c75
stream-v4-konclude-original	frozen_task	/ibex/user/hohndor/km/dynamic-benchmark-20260917/justification-konclude-stream-v4b-original/justification-main/tasks/0239.json	True	768b922f7e4774302a73089fd9b662cd74db8c2d1a90daf52da9bbe39c3fa495
stream-v4-konclude-pure-dl	independent_audit	/ibex/user/hohndor/km/dynamic-benchmark-20260917/justification-konclude-stream-v4b-pure-dl/justification-audit/audit.json	True	3518eb8cb398b1bfe9bdcf81c19c4d4738ed2a6c1d4e7a2c60d8216e0f042240
stream-v4-konclude-pure-dl	logical_normalization	/ibex/user/hohndor/km/dynamic-benchmark-20260917/justification-konclude-stream-v4b-pure-dl/justification-audit/normalized-supports.tsv	True	0636f37106ed5d00cc1eba0d38a54bc0331c79840c6d0ca847797499311719df
stream-v4-konclude-pure-dl	driver_manifest	/ibex/user/hohndor/km/dynamic-benchmark-20260917/justification-konclude-stream-v4b-pure-dl/justification-main/driver-manifest.json	True	1a0691af3828a542c4511849c3e07bbd26badbc0070fdf526fedbec7feb8201b
stream-v4-konclude-pure-dl	frozen_task	/ibex/user/hohndor/km/dynamic-benchmark-20260917/justification-konclude-stream-v4b-pure-dl/justification-main/tasks/0000.json	True	eb08ebbd081a28be69e066ac6a634c0728914c13b130efd50449f1886d08bbb6
stream-v4-konclude-pure-dl	frozen_task	/ibex/user/hohndor/km/dynamic-benchmark-20260917/justification-konclude-stream-v4b-pure-dl/justification-main/tasks/0001.json	True	aeb959314b57956164e3ee4bd3b1c7a023399470bd891cc4dadb956e0f8f57d7
stream-v4-konclude-pure-dl	frozen_task	/ibex/user/hohndor/km/dynamic-benchmark-20260917/justification-konclude-stream-v4b-pure-dl/justification-main/tasks/0002.json	True	22747ab97b842bc52eae62673edc8d9d7a92a444778c618f2b3d66591150c62e
stream-v4-konclude-pure-dl	frozen_task	/ibex/user/hohndor/km/dynamic-benchmark-20260917/justification-konclude-stream-v4b-pure-dl/justification-main/tasks/0003.json	True	c4da0961ce9b7180aa5f19465c3a85821ce322665f5d4242ea9ae8a51305385c
stream-v4-konclude-pure-dl	frozen_task	/ibex/user/hohndor/km/dynamic-benchmark-20260917/justification-konclude-stream-v4b-pure-dl/justification-main/tasks/0004.json	True	e6afcd5aa11693d35fb52323db6273836158bd3d7b239c9cd3d05c4ccbbafa77
stream-v4-konclude-pure-dl	frozen_task	/ibex/user/hohndor/km/dynamic-benchmark-20260917/justification-konclude-stream-v4b-pure-dl/justification-main/tasks/0005.json	True	4ce7955d4e8eef912f99e300714d5ed42dbc22d7bd7de3601fa9cc7c32e19338
stream-v4-konclude-pure-dl	frozen_task	/ibex/user/hohndor/km/dynamic-benchmark-20260917/justification-konclude-stream-v4b-pure-dl/justification-main/tasks/0006.json	True	62e05a2ba3be0909dff60657d60591e4e2c5f0930da1f37ea92e58c7b4cbd8d2
stream-v4-konclude-pure-dl	frozen_task	/ibex/user/hohndor/km/dynamic-benchmark-20260917/justification-konclude-stream-v4b-pure-dl/justification-main/tasks/0007.json	True	881cba55c80f84cd29773bf387256554d85bceb35b0941b7fe066272a2922643
stream-v4-konclude-pure-dl	frozen_task	/ibex/user/hohndor/km/dynamic-benchmark-20260917/justification-konclude-stream-v4b-pure-dl/justification-main/tasks/0008.json	True	ac50cca772f431ad719978ce79de3e478dbd310cb156bfdb96fcc5c96257ba1a
stream-v4-konclude-pure-dl	frozen_task	/ibex/user/hohndor/km/dynamic-benchmark-20260917/justification-konclude-stream-v4b-pure-dl/justification-main/tasks/0009.json	True	6f55925e49b080dba49342952cfeb88080f8858bfe23ac1389ebcc5fb149e1b3
stream-v4-konclude-pure-dl	frozen_task	/ibex/user/hohndor/km/dynamic-benchmark-20260917/justification-konclude-stream-v4b-pure-dl/justification-main/tasks/0010.json	True	a03a67c5df3561fee0f1a28ce9232d824a1a211abf143cde61a466717280cd20
stream-v4-konclude-pure-dl	frozen_task	/ibex/user/hohndor/km/dynamic-benchmark-20260917/justification-konclude-stream-v4b-pure-dl/justification-main/tasks/0011.json	True	726250fc0672237f97dcc51a5d3ca423971254ed65c0506b69c618249689952d
stream-v4-konclude-pure-dl	frozen_task	/ibex/user/hohndor/km/dynamic-benchmark-20260917/justification-konclude-stream-v4b-pure-dl/justification-main/tasks/0012.json	True	2a5987d555521aa7161d9582c80973784a12c0025e13b5375997090b93d5f2ce
stream-v4-konclude-pure-dl	frozen_task	/ibex/user/hohndor/km/dynamic-benchmark-20260917/justification-konclude-stream-v4b-pure-dl/justification-main/tasks/0013.json	True	d9237fe4d3945d0b217b9b24fdeeac35514b05f1e0b2d1ea4cd429232e4bcfc0
stream-v4-konclude-pure-dl	frozen_task	/ibex/user/hohndor/km/dynamic-benchmark-20260917/justification-konclude-stream-v4b-pure-dl/justification-main/tasks/0014.json	True	e9899a7c024d29f5ee4e3a248596398f99fc68bbea2af2e9a4e8c5e89e63ddcd
stream-v4-konclude-pure-dl	frozen_task	/ibex/user/hohndor/km/dynamic-benchmark-20260917/justification-konclude-stream-v4b-pure-dl/justification-main/tasks/0015.json	True	97d1c8cd72209f030911e40edc696e83d4e4a1246f18ed25c24aec829d7210b0
stream-v4-konclude-pure-dl	frozen_task	/ibex/user/hohndor/km/dynamic-benchmark-20260917/justification-konclude-stream-v4b-pure-dl/justification-main/tasks/0016.json	True	d6231fb1666aa34e2f1daa3f99d6d5309bbbe136e205967545895616ea635f33
stream-v4-konclude-pure-dl	frozen_task	/ibex/user/hohndor/km/dynamic-benchmark-20260917/justification-konclude-stream-v4b-pure-dl/justification-main/tasks/0017.json	True	e28aec70204c83ab5d406dd3bbaf67a2ab147c80c7fa3ac1b6fc920b9488e63d
stream-v4-konclude-pure-dl	frozen_task	/ibex/user/hohndor/km/dynamic-benchmark-20260917/justification-konclude-stream-v4b-pure-dl/justification-main/tasks/0018.json	True	38214abebd569ddc1452a46fd0df387381e99c495d72212d18b45d523f67b1c5
stream-v4-konclude-pure-dl	frozen_task	/ibex/user/hohndor/km/dynamic-benchmark-20260917/justification-konclude-stream-v4b-pure-dl/justification-main/tasks/0019.json	True	105d71300f9b746499a15edfd3d0be4efcda78569cb1057cd5c5699d0dbdd8a1
stream-v4-konclude-pure-dl	frozen_task	/ibex/user/hohndor/km/dynamic-benchmark-20260917/justification-konclude-stream-v4b-pure-dl/justification-main/tasks/0020.json	True	7915864f88a7fa12698ccb279276f3a3eda6dca075bee5c4d5ab35e07d0c682e
stream-v4-konclude-pure-dl	frozen_task	/ibex/user/hohndor/km/dynamic-benchmark-20260917/justification-konclude-stream-v4b-pure-dl/justification-main/tasks/0021.json	True	9f6738a1a2276c0bdb37794c16a4fd5d7c7b12a6dbff52b82cebea7138caa114
stream-v4-konclude-pure-dl	frozen_task	/ibex/user/hohndor/km/dynamic-benchmark-20260917/justification-konclude-stream-v4b-pure-dl/justification-main/tasks/0022.json	True	17fb66d8aa8e1b63c5a1e62a2f449d3cf1977d68a6592c6cd38420409c3cc2da
stream-v4-konclude-pure-dl	frozen_task	/ibex/user/hohndor/km/dynamic-benchmark-20260917/justification-konclude-stream-v4b-pure-dl/justification-main/tasks/0023.json	True	4b646c6b65712dd4a5c3de7ec089bd58f5e2ca3f6149fe46cbbd210adadcfb78
stream-v4-konclude-pure-dl	frozen_task	/ibex/user/hohndor/km/dynamic-benchmark-20260917/justification-konclude-stream-v4b-pure-dl/justification-main/tasks/0024.json	True	ff97bdd5de43af9961186265b61a6b765b65609b3dc6195f5edf0c4b0678010d
stream-v4-konclude-pure-dl	frozen_task	/ibex/user/hohndor/km/dynamic-benchmark-20260917/justification-konclude-stream-v4b-pure-dl/justification-main/tasks/0025.json	True	bbc62064493ccbbe034354254ac8d5f88f04569132afc2a52ec51ea79170879f
stream-v4-konclude-pure-dl	frozen_task	/ibex/user/hohndor/km/dynamic-benchmark-20260917/justification-konclude-stream-v4b-pure-dl/justification-main/tasks/0026.json	True	c1027eb0857dceab08f7b9bc97c7c537b539696fac7f143a4a077651a197c721
stream-v4-konclude-pure-dl	frozen_task	/ibex/user/hohndor/km/dynamic-benchmark-20260917/justification-konclude-stream-v4b-pure-dl/justification-main/tasks/0027.json	True	a37e984dbc8d3f003d4172ac3ec493cb1c1f7442a104a2dcc01d1848688c82a1
stream-v4-konclude-pure-dl	frozen_task	/ibex/user/hohndor/km/dynamic-benchmark-20260917/justification-konclude-stream-v4b-pure-dl/justification-main/tasks/0028.json	True	e345d379c8af80caa1141bd6b3509951bb7c94e4ab52ee0d9f5b06ab0505ba67
stream-v4-konclude-pure-dl	frozen_task	/ibex/user/hohndor/km/dynamic-benchmark-20260917/justification-konclude-stream-v4b-pure-dl/justification-main/tasks/0029.json	True	41435b6c6ba7eafac81e181659055f6cfb74e64e75d8e2d4883d4e29fe13d39c
stream-v4-konclude-pure-dl	frozen_task	/ibex/user/hohndor/km/dynamic-benchmark-20260917/justification-konclude-stream-v4b-pure-dl/justification-main/tasks/0030.json	True	a615aa2afe5b15a0e174342ac2d308494fc834887077a9ba427ebabcf313ef6f
stream-v4-konclude-pure-dl	frozen_task	/ibex/user/hohndor/km/dynamic-benchmark-20260917/justification-konclude-stream-v4b-pure-dl/justification-main/tasks/0031.json	True	2da72b1d078070d3f3740926b015bd84093e83e75f0fb6463fc26f2d77ff4ab8
stream-v4-konclude-pure-dl	frozen_task	/ibex/user/hohndor/km/dynamic-benchmark-20260917/justification-konclude-stream-v4b-pure-dl/justification-main/tasks/0032.json	True	8b33fd93956a0f3b5b1dc2ca56a240718477d3e4576eb7d7586f23471e0a284e
stream-v4-konclude-pure-dl	frozen_task	/ibex/user/hohndor/km/dynamic-benchmark-20260917/justification-konclude-stream-v4b-pure-dl/justification-main/tasks/0033.json	True	2718cb453715394bdbd0272b7c0d7a7dae250922942a28e697515b781a9c58c7
stream-v4-konclude-pure-dl	frozen_task	/ibex/user/hohndor/km/dynamic-benchmark-20260917/justification-konclude-stream-v4b-pure-dl/justification-main/tasks/0034.json	True	4aa06ffbc6f9aec0e7acb6f1ebd1a3b6e842dcfdc6333fb458832a7ed2b2f4ac
stream-v4-konclude-pure-dl	frozen_task	/ibex/user/hohndor/km/dynamic-benchmark-20260917/justification-konclude-stream-v4b-pure-dl/justification-main/tasks/0035.json	True	7af595613309494ce2ac104e6ed553ef1b1d2b0ba0fad070c55d6827f4151160
stream-v4-konclude-pure-dl	frozen_task	/ibex/user/hohndor/km/dynamic-benchmark-20260917/justification-konclude-stream-v4b-pure-dl/justification-main/tasks/0036.json	True	8c4c044761eead4334ae11886ed338f56362857abca895cae5915c52ea3145d7
stream-v4-konclude-pure-dl	frozen_task	/ibex/user/hohndor/km/dynamic-benchmark-20260917/justification-konclude-stream-v4b-pure-dl/justification-main/tasks/0037.json	True	6e4d0f28c535ca1d023066f1a213a4e7e2ffe9d914aa2879d4aa969cc0e671d9
stream-v4-konclude-pure-dl	frozen_task	/ibex/user/hohndor/km/dynamic-benchmark-20260917/justification-konclude-stream-v4b-pure-dl/justification-main/tasks/0038.json	True	e846a4b327bca088cd561b943d706856607e5f17b351b3f46f19d5e46ad4c01d
stream-v4-konclude-pure-dl	frozen_task	/ibex/user/hohndor/km/dynamic-benchmark-20260917/justification-konclude-stream-v4b-pure-dl/justification-main/tasks/0039.json	True	27902945a3ddcd9e81b2c7e47d91cef82914e7ec5815c5901923b8152ced2988
stream-v4-konclude-pure-dl	frozen_task	/ibex/user/hohndor/km/dynamic-benchmark-20260917/justification-konclude-stream-v4b-pure-dl/justification-main/tasks/0040.json	True	acbd6817624f78000b795b6b0214da4dd99e61dad9e27df76995dff25eaec41e
stream-v4-konclude-pure-dl	frozen_task	/ibex/user/hohndor/km/dynamic-benchmark-20260917/justification-konclude-stream-v4b-pure-dl/justification-main/tasks/0041.json	True	d67714e8d611dbd6065199aedc96eca3d1958666d721eac1f67840eb69822216
stream-v4-konclude-pure-dl	frozen_task	/ibex/user/hohndor/km/dynamic-benchmark-20260917/justification-konclude-stream-v4b-pure-dl/justification-main/tasks/0042.json	True	63a1f00353164c1d59596649093c8bbca7b4206d6c8c83cee261ec85535a7e61
stream-v4-konclude-pure-dl	frozen_task	/ibex/user/hohndor/km/dynamic-benchmark-20260917/justification-konclude-stream-v4b-pure-dl/justification-main/tasks/0043.json	True	1fcdb2e368056a16674e5b226112370ede888bad54883f505dec0cb7fae3b298
stream-v4-konclude-pure-dl	frozen_task	/ibex/user/hohndor/km/dynamic-benchmark-20260917/justification-konclude-stream-v4b-pure-dl/justification-main/tasks/0044.json	True	9b3cd10671b28fa1a3b706c7654545265ccb39dd09c8d6ad6dae20505ec29a4e
stream-v4-konclude-pure-dl	frozen_task	/ibex/user/hohndor/km/dynamic-benchmark-20260917/justification-konclude-stream-v4b-pure-dl/justification-main/tasks/0045.json	True	96272f4487ee4e0bc778a7132253c96b1818b29855e9fffad989799665bbfe12
stream-v4-konclude-pure-dl	frozen_task	/ibex/user/hohndor/km/dynamic-benchmark-20260917/justification-konclude-stream-v4b-pure-dl/justification-main/tasks/0046.json	True	7d5f0d59aaf0a22c552699d4a772c2dbc70f25365e8bf9962d440ba7542c3dc7
stream-v4-konclude-pure-dl	frozen_task	/ibex/user/hohndor/km/dynamic-benchmark-20260917/justification-konclude-stream-v4b-pure-dl/justification-main/tasks/0047.json	True	73ea9ed675b09f03a0ba8743d8f35e19c8d62b5df1133e0e9796375dc73005df
stream-v4-konclude-pure-dl	frozen_task	/ibex/user/hohndor/km/dynamic-benchmark-20260917/justification-konclude-stream-v4b-pure-dl/justification-main/tasks/0048.json	True	439bdc5b68d90bb63511bf9216a1dd9deb458fd1ee830ef76ec94038d65e98dc
stream-v4-konclude-pure-dl	frozen_task	/ibex/user/hohndor/km/dynamic-benchmark-20260917/justification-konclude-stream-v4b-pure-dl/justification-main/tasks/0049.json	True	61a554b87f15df73a927279a5b2fbdf800960ee1fe69dd27077a0ecd29209c6e
stream-v4-konclude-pure-dl	frozen_task	/ibex/user/hohndor/km/dynamic-benchmark-20260917/justification-konclude-stream-v4b-pure-dl/justification-main/tasks/0050.json	True	2ab9ccd88de364d517c5b66422b4086fa8d81c580a6af01b5655de8e7ec2f28a
stream-v4-konclude-pure-dl	frozen_task	/ibex/user/hohndor/km/dynamic-benchmark-20260917/justification-konclude-stream-v4b-pure-dl/justification-main/tasks/0051.json	True	63efa4a7e4495bdeee04bd859c55134bf410a61b51850ed769c22c7960c9255a
stream-v4-konclude-pure-dl	frozen_task	/ibex/user/hohndor/km/dynamic-benchmark-20260917/justification-konclude-stream-v4b-pure-dl/justification-main/tasks/0052.json	True	746cd8c763ca1a360e2be3bd2c3954f6ea03ce7b14b3875a66f8de5c9f35cc30
stream-v4-konclude-pure-dl	frozen_task	/ibex/user/hohndor/km/dynamic-benchmark-20260917/justification-konclude-stream-v4b-pure-dl/justification-main/tasks/0053.json	True	41be63e62032e96e084a7dfb70ff7e64a4bf3b260509148ddbd51265a78c0db1
stream-v4-konclude-pure-dl	frozen_task	/ibex/user/hohndor/km/dynamic-benchmark-20260917/justification-konclude-stream-v4b-pure-dl/justification-main/tasks/0054.json	True	327aa9f6f6dc1a1793b6b63bdbd5f6cc525d8f77959451e9c4a50137b0ed83e0
stream-v4-konclude-pure-dl	frozen_task	/ibex/user/hohndor/km/dynamic-benchmark-20260917/justification-konclude-stream-v4b-pure-dl/justification-main/tasks/0055.json	True	6a6041cee58608d9d353c3fb2d777f1119ae40d6fe889753129eb5e7f44ee0d0
stream-v4-konclude-pure-dl	frozen_task	/ibex/user/hohndor/km/dynamic-benchmark-20260917/justification-konclude-stream-v4b-pure-dl/justification-main/tasks/0056.json	True	feba74562ec2fb87ed3474b34065e2b8cd686c605d1e74a8c9783112e8fa8779
stream-v4-konclude-pure-dl	frozen_task	/ibex/user/hohndor/km/dynamic-benchmark-20260917/justification-konclude-stream-v4b-pure-dl/justification-main/tasks/0057.json	True	435d275ccad74a55c9e0d8ebe11703f106ed9d7b1f08cbb3f242975687dd2fb3
stream-v4-konclude-pure-dl	frozen_task	/ibex/user/hohndor/km/dynamic-benchmark-20260917/justification-konclude-stream-v4b-pure-dl/justification-main/tasks/0058.json	True	da475b2304f3ff20a0cc38f00e449e3d90654932ce1a5db45801a5336f331942
stream-v4-konclude-pure-dl	frozen_task	/ibex/user/hohndor/km/dynamic-benchmark-20260917/justification-konclude-stream-v4b-pure-dl/justification-main/tasks/0059.json	True	e93b90eccc7baa778e31b2bddcf487bda07c3851055cc70ef9e4d120c7c44434
