source	ontology	query_hash	track	limit	arm	scheduled	positive_rss_samples	zero_or_missing_samples	verified_positive_samples	complete_verified_five_repetitions	execution_counts	all_observed_rss_mib_median	all_observed_rss_mib_minimum	all_observed_rss_mib_maximum	all_observed_rss_mib_iqr	all_observed_rss_mib_mad	verified_rss_mib_median	verified_rss_mib_minimum	verified_rss_mib_maximum	verified_rss_mib_iqr	verified_rss_mib_mad
baseline-original	hao	003ad1bd34938fda85d9b95fc09721c47b623f2e4a5d7af103d10976f9842613	full	1	elk-common	5	5	0	0	False	"{""timeout"": 5}"	716.30078125	715.12109375	719.671875	0.078125	0.07421875					
baseline-original	hao	003ad1bd34938fda85d9b95fc09721c47b623f2e4a5d7af103d10976f9842613	full	1	hermit-common	5	5	0	0	False	"{""timeout"": 5}"	744.0234375	739.296875	756.8203125	6.890625	4.0625					
baseline-original	hao	003ad1bd34938fda85d9b95fc09721c47b623f2e4a5d7af103d10976f9842613	full	1	hermit-library	5	5	0	5	True	"{""ok"": 5}"	364.21875	355.7734375	386.1328125	16.02734375	8.4453125	364.21875	355.7734375	386.1328125	16.02734375	8.4453125
baseline-original	hao	003ad1bd34938fda85d9b95fc09721c47b623f2e4a5d7af103d10976f9842613	full	1	jfact-common	5	5	0	0	False	"{""timeout"": 5}"	1386.9765625	1347.6796875	1418.54296875	30.2109375	24.671875					
baseline-original	hao	003ad1bd34938fda85d9b95fc09721c47b623f2e4a5d7af103d10976f9842613	full	1	jfact-library	5	5	0	5	True	"{""ok"": 5}"	587.296875	581.265625	602.5078125	12.328125	6.03125	587.296875	581.265625	602.5078125	12.328125	6.03125
baseline-original	hao	003ad1bd34938fda85d9b95fc09721c47b623f2e4a5d7af103d10976f9842613	full	1	openllet-common	5	5	0	0	False	"{""timeout"": 5}"	2162.51171875	2071.4375	2197.7265625	18.32421875	16.19921875					
baseline-original	hao	003ad1bd34938fda85d9b95fc09721c47b623f2e4a5d7af103d10976f9842613	full	1	openllet-library	5	5	0	5	True	"{""ok"": 5}"	746.609375	742.4609375	752.22265625	1.6875	1.20703125	746.609375	742.4609375	752.22265625	1.6875	1.20703125
baseline-original	hao	003ad1bd34938fda85d9b95fc09721c47b623f2e4a5d7af103d10976f9842613	full	1	whelk-common	5	5	0	0	False	"{""timeout"": 5}"	772.9375	764.09375	791.984375	14.90625	8.84375					
baseline-original	hao	003ad1bd34938fda85d9b95fc09721c47b623f2e4a5d7af103d10976f9842613	full	10	elk-common	5	5	0	0	False	"{""timeout"": 5}"	720.171875	717.484375	721.37890625	0.90625	0.62109375					
baseline-original	hao	003ad1bd34938fda85d9b95fc09721c47b623f2e4a5d7af103d10976f9842613	full	10	hermit-common	5	5	0	0	False	"{""timeout"": 5}"	744.51171875	738.03125	751.2265625	3.859375	2.52734375					
baseline-original	hao	003ad1bd34938fda85d9b95fc09721c47b623f2e4a5d7af103d10976f9842613	full	10	hermit-library	5	5	0	5	True	"{""ok"": 5}"	935.8515625	926.078125	950.6796875	19.8359375	9.7734375	935.8515625	926.078125	950.6796875	19.8359375	9.7734375
baseline-original	hao	003ad1bd34938fda85d9b95fc09721c47b623f2e4a5d7af103d10976f9842613	full	10	jfact-common	5	5	0	0	False	"{""timeout"": 5}"	1412.22265625	1364.015625	1442.296875	48.5078125	30.07421875					
baseline-original	hao	003ad1bd34938fda85d9b95fc09721c47b623f2e4a5d7af103d10976f9842613	full	10	jfact-library	5	5	0	5	True	"{""ok"": 5}"	923.04296875	907.3515625	942.6484375	16.74609375	10.25	923.04296875	907.3515625	942.6484375	16.74609375	10.25
baseline-original	hao	003ad1bd34938fda85d9b95fc09721c47b623f2e4a5d7af103d10976f9842613	full	10	openllet-common	5	5	0	0	False	"{""timeout"": 5}"	2189.80078125	2155.76171875	2207.0390625	25.46484375	14.7109375					
baseline-original	hao	003ad1bd34938fda85d9b95fc09721c47b623f2e4a5d7af103d10976f9842613	full	10	openllet-library	5	5	0	0	False	"{""timeout"": 5}"	1551.56640625	1439.28125	2206.83203125	733.8671875	112.28515625					
baseline-original	hao	003ad1bd34938fda85d9b95fc09721c47b623f2e4a5d7af103d10976f9842613	full	10	whelk-common	5	5	0	0	False	"{""timeout"": 5}"	784.078125	777.62890625	790.88671875	1.0	0.984375					
baseline-original	hao	003ad1bd34938fda85d9b95fc09721c47b623f2e4a5d7af103d10976f9842613	full	100	elk-common	5	5	0	0	False	"{""timeout"": 5}"	724.0859375	720.09375	727.51171875	3.35546875	3.0078125					
baseline-original	hao	003ad1bd34938fda85d9b95fc09721c47b623f2e4a5d7af103d10976f9842613	full	100	hermit-common	5	5	0	0	False	"{""timeout"": 5}"	742.69140625	739.484375	776.8671875	2.97265625	2.51171875					
baseline-original	hao	003ad1bd34938fda85d9b95fc09721c47b623f2e4a5d7af103d10976f9842613	full	100	hermit-library	5	5	0	5	True	"{""ok"": 5}"	957.4921875	930.9140625	972.27734375	26.9765625	14.78515625	957.4921875	930.9140625	972.27734375	26.9765625	14.78515625
baseline-original	hao	003ad1bd34938fda85d9b95fc09721c47b623f2e4a5d7af103d10976f9842613	full	100	jfact-common	5	5	0	0	False	"{""timeout"": 5}"	1424.4140625	1344.12890625	1477.875	94.671875	50.3203125					
baseline-original	hao	003ad1bd34938fda85d9b95fc09721c47b623f2e4a5d7af103d10976f9842613	full	100	jfact-library	5	5	0	5	True	"{""ok"": 5}"	927.5859375	900.77734375	936.96484375	10.88671875	8.0859375	927.5859375	900.77734375	936.96484375	10.88671875	8.0859375
baseline-original	hao	003ad1bd34938fda85d9b95fc09721c47b623f2e4a5d7af103d10976f9842613	full	100	openllet-common	5	5	0	0	False	"{""timeout"": 5}"	2191.48828125	1416.90625	2205.9375	20.359375	14.44921875					
baseline-original	hao	003ad1bd34938fda85d9b95fc09721c47b623f2e4a5d7af103d10976f9842613	full	100	openllet-library	5	5	0	0	False	"{""timeout"": 5}"	1457.78515625	1234.67578125	2214.38671875	757.66796875	223.109375					
baseline-original	hao	003ad1bd34938fda85d9b95fc09721c47b623f2e4a5d7af103d10976f9842613	full	100	whelk-common	5	5	0	0	False	"{""timeout"": 5}"	777.44921875	759.85546875	783.71875	11.296875	6.26953125					
baseline-original	hao	003ad1bd34938fda85d9b95fc09721c47b623f2e4a5d7af103d10976f9842613	module	1	elk-common	5	5	0	5	True	"{""ok"": 5}"	702.640625	698.2265625	705.53515625	3.921875	2.73828125	702.640625	698.2265625	705.53515625	3.921875	2.73828125
baseline-original	hao	003ad1bd34938fda85d9b95fc09721c47b623f2e4a5d7af103d10976f9842613	module	1	hermit-common	5	5	0	5	True	"{""ok"": 5}"	751.85546875	735.37109375	772.91015625	31.1875	16.484375	751.85546875	735.37109375	772.91015625	31.1875	16.484375
baseline-original	hao	003ad1bd34938fda85d9b95fc09721c47b623f2e4a5d7af103d10976f9842613	module	1	hermit-library	5	5	0	5	True	"{""ok"": 5}"	267.46484375	266.76171875	270.15625	3.2109375	0.703125	267.46484375	266.76171875	270.15625	3.2109375	0.703125
baseline-original	hao	003ad1bd34938fda85d9b95fc09721c47b623f2e4a5d7af103d10976f9842613	module	1	jfact-common	5	5	0	0	False	"{""timeout"": 5}"	1702.7109375	1534.98828125	1972.15234375	69.67578125	67.51171875					
baseline-original	hao	003ad1bd34938fda85d9b95fc09721c47b623f2e4a5d7af103d10976f9842613	module	1	jfact-library	5	5	0	5	True	"{""ok"": 5}"	389.3125	382.80078125	393.8671875	3.13671875	1.59375	389.3125	382.80078125	393.8671875	3.13671875	1.59375
baseline-original	hao	003ad1bd34938fda85d9b95fc09721c47b623f2e4a5d7af103d10976f9842613	module	1	openllet-common	5	5	0	0	False	"{""timeout"": 5}"	2170.41796875	2167.66015625	2183.0390625	3.4921875	2.05078125					
baseline-original	hao	003ad1bd34938fda85d9b95fc09721c47b623f2e4a5d7af103d10976f9842613	module	1	openllet-library	5	5	0	5	True	"{""ok"": 5}"	738.3515625	726.69921875	813.765625	73.63671875	11.65234375	738.3515625	726.69921875	813.765625	73.63671875	11.65234375
baseline-original	hao	003ad1bd34938fda85d9b95fc09721c47b623f2e4a5d7af103d10976f9842613	module	1	whelk-common	5	5	0	5	True	"{""ok"": 5}"	751.125	744.2578125	752.39453125	2.8203125	1.26953125	751.125	744.2578125	752.39453125	2.8203125	1.26953125
baseline-original	hao	003ad1bd34938fda85d9b95fc09721c47b623f2e4a5d7af103d10976f9842613	module	10	elk-common	5	5	0	5	True	"{""ok"": 5}"	702.60546875	699.84765625	730.5078125	1.6796875	1.6171875	702.60546875	699.84765625	730.5078125	1.6796875	1.6171875
baseline-original	hao	003ad1bd34938fda85d9b95fc09721c47b623f2e4a5d7af103d10976f9842613	module	10	hermit-common	5	5	0	5	True	"{""ok"": 5}"	745.0546875	736.6875	745.91796875	7.19921875	0.86328125	745.0546875	736.6875	745.91796875	7.19921875	0.86328125
baseline-original	hao	003ad1bd34938fda85d9b95fc09721c47b623f2e4a5d7af103d10976f9842613	module	10	hermit-library	5	5	0	5	True	"{""ok"": 5}"	849.76953125	833.98046875	857.5	17.9609375	7.73046875	849.76953125	833.98046875	857.5	17.9609375	7.73046875
baseline-original	hao	003ad1bd34938fda85d9b95fc09721c47b623f2e4a5d7af103d10976f9842613	module	10	jfact-common	5	5	0	0	False	"{""timeout"": 5}"	1707.9375	1659.05078125	1824.328125	48.56640625	39.68359375					
baseline-original	hao	003ad1bd34938fda85d9b95fc09721c47b623f2e4a5d7af103d10976f9842613	module	10	jfact-library	5	5	0	5	True	"{""ok"": 5}"	808.375	796.11328125	825.75	3.75	2.4765625	808.375	796.11328125	825.75	3.75	2.4765625
baseline-original	hao	003ad1bd34938fda85d9b95fc09721c47b623f2e4a5d7af103d10976f9842613	module	10	openllet-common	5	5	0	0	False	"{""timeout"": 5}"	2170.76953125	2157.8515625	2173.26953125	8.52734375	2.5					
baseline-original	hao	003ad1bd34938fda85d9b95fc09721c47b623f2e4a5d7af103d10976f9842613	module	10	openllet-library	5	5	0	0	False	"{""timeout"": 5}"	2160.35546875	1421.8046875	2213.375	679.7109375	53.01953125					
baseline-original	hao	003ad1bd34938fda85d9b95fc09721c47b623f2e4a5d7af103d10976f9842613	module	10	whelk-common	5	5	0	5	True	"{""ok"": 5}"	747.99609375	738.3984375	778.9765625	5.82421875	4.08203125	747.99609375	738.3984375	778.9765625	5.82421875	4.08203125
baseline-original	hao	003ad1bd34938fda85d9b95fc09721c47b623f2e4a5d7af103d10976f9842613	module	100	elk-common	5	5	0	5	True	"{""ok"": 5}"	702.296875	687.359375	705.34375	11.11328125	3.046875	702.296875	687.359375	705.34375	11.11328125	3.046875
baseline-original	hao	003ad1bd34938fda85d9b95fc09721c47b623f2e4a5d7af103d10976f9842613	module	100	hermit-common	5	5	0	5	True	"{""ok"": 5}"	744.5078125	740.89453125	745.78515625	3.58984375	1.27734375	744.5078125	740.89453125	745.78515625	3.58984375	1.27734375
baseline-original	hao	003ad1bd34938fda85d9b95fc09721c47b623f2e4a5d7af103d10976f9842613	module	100	hermit-library	5	5	0	5	True	"{""ok"": 5}"	843.59375	836.796875	857.79296875	5.15234375	3.2734375	843.59375	836.796875	857.79296875	5.15234375	3.2734375
baseline-original	hao	003ad1bd34938fda85d9b95fc09721c47b623f2e4a5d7af103d10976f9842613	module	100	jfact-common	5	5	0	0	False	"{""timeout"": 5}"	1750.2734375	1662.6796875	1810.69140625	53.3671875	49.28515625					
baseline-original	hao	003ad1bd34938fda85d9b95fc09721c47b623f2e4a5d7af103d10976f9842613	module	100	jfact-library	5	5	0	5	True	"{""ok"": 5}"	826.796875	791.3515625	830.828125	33.75	4.03125	826.796875	791.3515625	830.828125	33.75	4.03125
baseline-original	hao	003ad1bd34938fda85d9b95fc09721c47b623f2e4a5d7af103d10976f9842613	module	100	openllet-common	5	5	0	0	False	"{""timeout"": 5}"	2172.26953125	2163.0390625	2186.6015625	17.078125	9.23046875					
baseline-original	hao	003ad1bd34938fda85d9b95fc09721c47b623f2e4a5d7af103d10976f9842613	module	100	openllet-library	5	5	0	0	False	"{""timeout"": 5}"	2188.6171875	1452.35546875	2214.671875	35.0234375	21.890625					
baseline-original	hao	003ad1bd34938fda85d9b95fc09721c47b623f2e4a5d7af103d10976f9842613	module	100	whelk-common	5	5	0	5	True	"{""ok"": 5}"	749.5390625	741.6328125	756.51171875	5.0078125	3.17578125	749.5390625	741.6328125	756.51171875	5.0078125	3.17578125
baseline-original	hao	0076a8acf1884be0a4ef93c9fa67f065ea088e42db357fbb192d45250fa0ee3f	full	1	elk-common	5	5	0	0	False	"{""timeout"": 5}"	726.265625	722.7109375	729.0234375	3.50390625	2.03515625					
baseline-original	hao	0076a8acf1884be0a4ef93c9fa67f065ea088e42db357fbb192d45250fa0ee3f	full	1	hermit-common	5	5	0	0	False	"{""timeout"": 5}"	747.05859375	742.05078125	786.8046875	0.05859375	0.0546875					
baseline-original	hao	0076a8acf1884be0a4ef93c9fa67f065ea088e42db357fbb192d45250fa0ee3f	full	1	hermit-library	5	5	0	5	True	"{""ok"": 5}"	343.68359375	336.8203125	360.109375	4.1015625	3.80078125	343.68359375	336.8203125	360.109375	4.1015625	3.80078125
baseline-original	hao	0076a8acf1884be0a4ef93c9fa67f065ea088e42db357fbb192d45250fa0ee3f	full	1	jfact-common	5	5	0	0	False	"{""timeout"": 5}"	1525.28125	1408.92578125	1593.12109375	93.453125	67.83984375					
baseline-original	hao	0076a8acf1884be0a4ef93c9fa67f065ea088e42db357fbb192d45250fa0ee3f	full	1	jfact-library	5	5	0	5	True	"{""ok"": 5}"	594.55078125	593.0390625	602.3203125	6.078125	1.51171875	594.55078125	593.0390625	602.3203125	6.078125	1.51171875
baseline-original	hao	0076a8acf1884be0a4ef93c9fa67f065ea088e42db357fbb192d45250fa0ee3f	full	1	openllet-common	5	5	0	0	False	"{""timeout"": 5}"	2211.09765625	2193.29296875	2212.92578125	16.17578125	1.828125					
baseline-original	hao	0076a8acf1884be0a4ef93c9fa67f065ea088e42db357fbb192d45250fa0ee3f	full	1	openllet-library	5	5	0	5	True	"{""ok"": 5}"	756.765625	746.81640625	828.71875	73.3125	9.94921875	756.765625	746.81640625	828.71875	73.3125	9.94921875
baseline-original	hao	0076a8acf1884be0a4ef93c9fa67f065ea088e42db357fbb192d45250fa0ee3f	full	1	whelk-common	5	5	0	0	False	"{""timeout"": 5}"	783.046875	769.58203125	787.73046875	14.11328125	4.68359375					
baseline-original	hao	0076a8acf1884be0a4ef93c9fa67f065ea088e42db357fbb192d45250fa0ee3f	full	10	elk-common	5	5	0	0	False	"{""timeout"": 5}"	726.29296875	722.7421875	728.8046875	1.62109375	1.40625					
baseline-original	hao	0076a8acf1884be0a4ef93c9fa67f065ea088e42db357fbb192d45250fa0ee3f	full	10	hermit-common	5	5	0	0	False	"{""timeout"": 5}"	738.0859375	734.83203125	750.8046875	4.6640625	3.25390625					
baseline-original	hao	0076a8acf1884be0a4ef93c9fa67f065ea088e42db357fbb192d45250fa0ee3f	full	10	hermit-library	5	5	0	5	True	"{""ok"": 5}"	869.359375	863.046875	881.8359375	8.78125	6.2109375	869.359375	863.046875	881.8359375	8.78125	6.2109375
baseline-original	hao	0076a8acf1884be0a4ef93c9fa67f065ea088e42db357fbb192d45250fa0ee3f	full	10	jfact-common	5	5	0	0	False	"{""timeout"": 5}"	1493.42578125	1443.78515625	1589.66015625	99.2578125	49.640625					
baseline-original	hao	0076a8acf1884be0a4ef93c9fa67f065ea088e42db357fbb192d45250fa0ee3f	full	10	jfact-library	5	5	0	5	True	"{""ok"": 5}"	868.4921875	862.9296875	890.63671875	14.796875	5.5625	868.4921875	862.9296875	890.63671875	14.796875	5.5625
baseline-original	hao	0076a8acf1884be0a4ef93c9fa67f065ea088e42db357fbb192d45250fa0ee3f	full	10	openllet-common	5	5	0	0	False	"{""timeout"": 5}"	2194.28515625	1441.2734375	2217.53125	54.734375	23.24609375					
baseline-original	hao	0076a8acf1884be0a4ef93c9fa67f065ea088e42db357fbb192d45250fa0ee3f	full	10	openllet-library	5	5	0	2	False	"{""ok"": 2, ""timeout"": 3}"	2207.34765625	2204.07421875	2223.06640625	10.63671875	3.2734375	2205.7109375	2204.07421875	2207.34765625	1.63671875	1.63671875
baseline-original	hao	0076a8acf1884be0a4ef93c9fa67f065ea088e42db357fbb192d45250fa0ee3f	full	10	whelk-common	5	5	0	0	False	"{""timeout"": 5}"	773.11328125	771.2578125	779.6015625	7.109375	1.85546875					
baseline-original	hao	0076a8acf1884be0a4ef93c9fa67f065ea088e42db357fbb192d45250fa0ee3f	full	100	elk-common	5	5	0	0	False	"{""timeout"": 5}"	722.796875	720.9375	727.421875	2.37109375	1.70703125					
baseline-original	hao	0076a8acf1884be0a4ef93c9fa67f065ea088e42db357fbb192d45250fa0ee3f	full	100	hermit-common	5	5	0	0	False	"{""timeout"": 5}"	738.20703125	736.88671875	782.8515625	9.1796875	1.3203125					
baseline-original	hao	0076a8acf1884be0a4ef93c9fa67f065ea088e42db357fbb192d45250fa0ee3f	full	100	hermit-library	5	5	0	5	True	"{""ok"": 5}"	868.92578125	856.515625	885.8828125	15.94140625	8.3984375	868.92578125	856.515625	885.8828125	15.94140625	8.3984375
baseline-original	hao	0076a8acf1884be0a4ef93c9fa67f065ea088e42db357fbb192d45250fa0ee3f	full	100	jfact-common	5	5	0	0	False	"{""timeout"": 5}"	1435.28125	1386.8671875	1565.046875	41.046875	22.4140625					
baseline-original	hao	0076a8acf1884be0a4ef93c9fa67f065ea088e42db357fbb192d45250fa0ee3f	full	100	jfact-library	5	5	0	5	True	"{""ok"": 5}"	876.3828125	841.90234375	887.0546875	8.31640625	8.1328125	876.3828125	841.90234375	887.0546875	8.31640625	8.1328125
baseline-original	hao	0076a8acf1884be0a4ef93c9fa67f065ea088e42db357fbb192d45250fa0ee3f	full	100	openllet-common	5	5	0	0	False	"{""timeout"": 5}"	2194.6328125	1435.75	2212.4296875	26.09375	15.11328125					
baseline-original	hao	0076a8acf1884be0a4ef93c9fa67f065ea088e42db357fbb192d45250fa0ee3f	full	100	openllet-library	5	5	0	2	False	"{""ok"": 2, ""timeout"": 3}"	2199.83203125	1985.015625	2223.01953125	179.93359375	23.1875	2131.068359375	2039.1171875	2223.01953125	91.951171875	91.951171875
baseline-original	hao	0076a8acf1884be0a4ef93c9fa67f065ea088e42db357fbb192d45250fa0ee3f	full	100	whelk-common	5	5	0	0	False	"{""timeout"": 5}"	783.265625	767.48828125	786.796875	2.546875	1.28515625					
baseline-original	hao	0076a8acf1884be0a4ef93c9fa67f065ea088e42db357fbb192d45250fa0ee3f	module	1	elk-common	5	5	0	5	True	"{""ok"": 5}"	702.63671875	694.21875	707.06640625	3.09375	2.703125	702.63671875	694.21875	707.06640625	3.09375	2.703125
baseline-original	hao	0076a8acf1884be0a4ef93c9fa67f065ea088e42db357fbb192d45250fa0ee3f	module	1	hermit-common	5	5	0	5	True	"{""ok"": 5}"	735.59375	731.7734375	770.9140625	5.8515625	3.8203125	735.59375	731.7734375	770.9140625	5.8515625	3.8203125
baseline-original	hao	0076a8acf1884be0a4ef93c9fa67f065ea088e42db357fbb192d45250fa0ee3f	module	1	hermit-library	5	5	0	5	True	"{""ok"": 5}"	241.625	239.7578125	251.23046875	2.296875	1.8671875	241.625	239.7578125	251.23046875	2.296875	1.8671875
baseline-original	hao	0076a8acf1884be0a4ef93c9fa67f065ea088e42db357fbb192d45250fa0ee3f	module	1	jfact-common	5	5	0	0	False	"{""timeout"": 5}"	1564.890625	1514.0390625	1654.421875	67.26171875	50.8515625					
baseline-original	hao	0076a8acf1884be0a4ef93c9fa67f065ea088e42db357fbb192d45250fa0ee3f	module	1	jfact-library	5	5	0	5	True	"{""ok"": 5}"	366.80859375	343.890625	378.4921875	7.05078125	5.8671875	366.80859375	343.890625	378.4921875	7.05078125	5.8671875
baseline-original	hao	0076a8acf1884be0a4ef93c9fa67f065ea088e42db357fbb192d45250fa0ee3f	module	1	openllet-common	5	5	0	0	False	"{""timeout"": 5}"	2165.53515625	2160.31640625	2192.2109375	12.5390625	5.21875					
baseline-original	hao	0076a8acf1884be0a4ef93c9fa67f065ea088e42db357fbb192d45250fa0ee3f	module	1	openllet-library	5	5	0	5	True	"{""ok"": 5}"	808.62890625	727.73046875	809.234375	73.31640625	0.60546875	808.62890625	727.73046875	809.234375	73.31640625	0.60546875
baseline-original	hao	0076a8acf1884be0a4ef93c9fa67f065ea088e42db357fbb192d45250fa0ee3f	module	1	whelk-common	5	5	0	4	False	"{""ok"": 4, ""timeout"": 1}"	750.98828125	745.86328125	757.2734375	8.7265625	5.125	753.5625	745.86328125	757.2734375	6.7138671875	3.142578125
baseline-original	hao	0076a8acf1884be0a4ef93c9fa67f065ea088e42db357fbb192d45250fa0ee3f	module	10	elk-common	5	5	0	5	True	"{""ok"": 5}"	721.83984375	702.1328125	723.703125	18.703125	1.86328125	721.83984375	702.1328125	723.703125	18.703125	1.86328125
baseline-original	hao	0076a8acf1884be0a4ef93c9fa67f065ea088e42db357fbb192d45250fa0ee3f	module	10	hermit-common	5	5	0	5	True	"{""ok"": 5}"	741.3671875	728.63671875	743.703125	7.6171875	2.3359375	741.3671875	728.63671875	743.703125	7.6171875	2.3359375
baseline-original	hao	0076a8acf1884be0a4ef93c9fa67f065ea088e42db357fbb192d45250fa0ee3f	module	10	hermit-library	5	5	0	5	True	"{""ok"": 5}"	762.5078125	749.26171875	770.0625	13.52734375	7.5546875	762.5078125	749.26171875	770.0625	13.52734375	7.5546875
baseline-original	hao	0076a8acf1884be0a4ef93c9fa67f065ea088e42db357fbb192d45250fa0ee3f	module	10	jfact-common	5	5	0	0	False	"{""timeout"": 5}"	1593.8984375	1530.6171875	1629.96875	60.83984375	36.0703125					
baseline-original	hao	0076a8acf1884be0a4ef93c9fa67f065ea088e42db357fbb192d45250fa0ee3f	module	10	jfact-library	5	5	0	5	True	"{""ok"": 5}"	787.6015625	782.76171875	796.07421875	9.82421875	4.83984375	787.6015625	782.76171875	796.07421875	9.82421875	4.83984375
baseline-original	hao	0076a8acf1884be0a4ef93c9fa67f065ea088e42db357fbb192d45250fa0ee3f	module	10	openllet-common	5	5	0	0	False	"{""timeout"": 5}"	2165.05078125	2159.97265625	2196.0859375	17.9375	5.078125					
baseline-original	hao	0076a8acf1884be0a4ef93c9fa67f065ea088e42db357fbb192d45250fa0ee3f	module	10	openllet-library	5	5	0	5	True	"{""ok"": 5}"	2145.36328125	1934.40625	2187.1328125	219.64453125	41.76953125	2145.36328125	1934.40625	2187.1328125	219.64453125	41.76953125
baseline-original	hao	0076a8acf1884be0a4ef93c9fa67f065ea088e42db357fbb192d45250fa0ee3f	module	10	whelk-common	5	5	0	5	True	"{""ok"": 5}"	747.57421875	744.0078125	755.44921875	4.609375	3.12109375	747.57421875	744.0078125	755.44921875	4.609375	3.12109375
baseline-original	hao	0076a8acf1884be0a4ef93c9fa67f065ea088e42db357fbb192d45250fa0ee3f	module	100	elk-common	5	5	0	5	True	"{""ok"": 5}"	699.26953125	696.69140625	706.74609375	1.171875	0.8046875	699.26953125	696.69140625	706.74609375	1.171875	0.8046875
baseline-original	hao	0076a8acf1884be0a4ef93c9fa67f065ea088e42db357fbb192d45250fa0ee3f	module	100	hermit-common	5	5	0	5	True	"{""ok"": 5}"	763.85546875	737.1796875	768.109375	26.79296875	4.25390625	763.85546875	737.1796875	768.109375	26.79296875	4.25390625
baseline-original	hao	0076a8acf1884be0a4ef93c9fa67f065ea088e42db357fbb192d45250fa0ee3f	module	100	hermit-library	5	5	0	5	True	"{""ok"": 5}"	756.47265625	753.37109375	767.1875	9.81640625	3.1015625	756.47265625	753.37109375	767.1875	9.81640625	3.1015625
baseline-original	hao	0076a8acf1884be0a4ef93c9fa67f065ea088e42db357fbb192d45250fa0ee3f	module	100	jfact-common	5	5	0	0	False	"{""timeout"": 5}"	1584.6953125	1570.5	1673.44921875	5.03125	3.8125					
baseline-original	hao	0076a8acf1884be0a4ef93c9fa67f065ea088e42db357fbb192d45250fa0ee3f	module	100	jfact-library	5	5	0	5	True	"{""ok"": 5}"	791.734375	779.71484375	801.625	2.62890625	1.5859375	791.734375	779.71484375	801.625	2.62890625	1.5859375
baseline-original	hao	0076a8acf1884be0a4ef93c9fa67f065ea088e42db357fbb192d45250fa0ee3f	module	100	openllet-common	5	5	0	0	False	"{""timeout"": 5}"	2180.12890625	2163.2265625	2201.87109375	8.07421875	7.15625					
baseline-original	hao	0076a8acf1884be0a4ef93c9fa67f065ea088e42db357fbb192d45250fa0ee3f	module	100	openllet-library	5	5	0	5	True	"{""ok"": 5}"	2185.5703125	1266.35546875	2197.0546875	495.79296875	11.484375	2185.5703125	1266.35546875	2197.0546875	495.79296875	11.484375
baseline-original	hao	0076a8acf1884be0a4ef93c9fa67f065ea088e42db357fbb192d45250fa0ee3f	module	100	whelk-common	5	5	0	5	True	"{""ok"": 5}"	743.5390625	739.65234375	750.91796875	3.49609375	2.7578125	743.5390625	739.65234375	750.91796875	3.49609375	2.7578125
baseline-original	hao	014e8b22590d3801ece16abe4840c0fe128dbcf5c23033aab23ef40036457845	full	1	elk-common	5	5	0	0	False	"{""timeout"": 5}"	728.15625	722.9140625	731.72265625	4.03515625	3.01171875					
baseline-original	hao	014e8b22590d3801ece16abe4840c0fe128dbcf5c23033aab23ef40036457845	full	1	hermit-common	5	5	0	0	False	"{""timeout"": 5}"	749.0	743.76953125	787.5078125	37.5859375	5.23046875					
baseline-original	hao	014e8b22590d3801ece16abe4840c0fe128dbcf5c23033aab23ef40036457845	full	1	hermit-library	5	5	0	5	True	"{""ok"": 5}"	321.9609375	315.671875	339.54296875	7.62109375	4.8359375	321.9609375	315.671875	339.54296875	7.62109375	4.8359375
baseline-original	hao	014e8b22590d3801ece16abe4840c0fe128dbcf5c23033aab23ef40036457845	full	1	jfact-common	5	5	0	0	False	"{""timeout"": 5}"	1502.37890625	1435.94140625	1518.23828125	46.28125	15.859375					
baseline-original	hao	014e8b22590d3801ece16abe4840c0fe128dbcf5c23033aab23ef40036457845	full	1	jfact-library	5	5	0	5	True	"{""ok"": 5}"	577.29296875	559.0390625	592.79296875	1.37109375	0.83203125	577.29296875	559.0390625	592.79296875	1.37109375	0.83203125
baseline-original	hao	014e8b22590d3801ece16abe4840c0fe128dbcf5c23033aab23ef40036457845	full	1	openllet-common	5	5	0	0	False	"{""timeout"": 5}"	2202.15234375	1519.64453125	2229.26171875	9.33203125	9.0234375					
baseline-original	hao	014e8b22590d3801ece16abe4840c0fe128dbcf5c23033aab23ef40036457845	full	1	openllet-library	5	5	0	5	True	"{""ok"": 5}"	826.83984375	822.9921875	831.38671875	1.55859375	1.5546875	826.83984375	822.9921875	831.38671875	1.55859375	1.5546875
baseline-original	hao	014e8b22590d3801ece16abe4840c0fe128dbcf5c23033aab23ef40036457845	full	1	whelk-common	5	5	0	0	False	"{""timeout"": 5}"	783.734375	779.01953125	785.59375	3.30078125	1.859375					
baseline-original	hao	014e8b22590d3801ece16abe4840c0fe128dbcf5c23033aab23ef40036457845	full	10	elk-common	5	5	0	0	False	"{""timeout"": 5}"	724.60546875	716.0703125	726.3515625	7.09375	1.74609375					
baseline-original	hao	014e8b22590d3801ece16abe4840c0fe128dbcf5c23033aab23ef40036457845	full	10	hermit-common	5	5	0	0	False	"{""timeout"": 5}"	743.8984375	739.70703125	755.5390625	8.39453125	4.19140625					
baseline-original	hao	014e8b22590d3801ece16abe4840c0fe128dbcf5c23033aab23ef40036457845	full	10	hermit-library	5	5	0	5	True	"{""ok"": 5}"	778.2109375	776.3125	793.625	0.34765625	0.26171875	778.2109375	776.3125	793.625	0.34765625	0.26171875
baseline-original	hao	014e8b22590d3801ece16abe4840c0fe128dbcf5c23033aab23ef40036457845	full	10	jfact-common	5	5	0	0	False	"{""timeout"": 5}"	1460.9765625	1372.59375	1504.18359375	74.57421875	43.20703125					
baseline-original	hao	014e8b22590d3801ece16abe4840c0fe128dbcf5c23033aab23ef40036457845	full	10	jfact-library	5	5	0	5	True	"{""ok"": 5}"	820.09765625	804.0546875	873.796875	17.21484375	11.921875	820.09765625	804.0546875	873.796875	17.21484375	11.921875
baseline-original	hao	014e8b22590d3801ece16abe4840c0fe128dbcf5c23033aab23ef40036457845	full	10	openllet-common	5	5	0	0	False	"{""timeout"": 5}"	2204.34765625	1566.98828125	2206.765625	52.421875	2.41796875					
baseline-original	hao	014e8b22590d3801ece16abe4840c0fe128dbcf5c23033aab23ef40036457845	full	10	openllet-library	5	5	0	5	True	"{""ok"": 5}"	1359.94921875	1122.9609375	2180.37890625	979.96484375	236.98828125	1359.94921875	1122.9609375	2180.37890625	979.96484375	236.98828125
baseline-original	hao	014e8b22590d3801ece16abe4840c0fe128dbcf5c23033aab23ef40036457845	full	10	whelk-common	5	5	0	0	False	"{""timeout"": 5}"	783.26953125	774.2109375	785.60546875	7.53515625	2.3359375					
baseline-original	hao	014e8b22590d3801ece16abe4840c0fe128dbcf5c23033aab23ef40036457845	full	100	elk-common	5	5	0	0	False	"{""timeout"": 5}"	725.44140625	721.26953125	739.4140625	4.96875	3.3359375					
baseline-original	hao	014e8b22590d3801ece16abe4840c0fe128dbcf5c23033aab23ef40036457845	full	100	hermit-common	5	5	0	0	False	"{""timeout"": 5}"	741.91796875	736.81640625	775.50390625	3.53515625	2.30859375					
baseline-original	hao	014e8b22590d3801ece16abe4840c0fe128dbcf5c23033aab23ef40036457845	full	100	hermit-library	5	5	0	5	True	"{""ok"": 5}"	769.1328125	762.69921875	789.60546875	4.77734375	3.921875	769.1328125	762.69921875	789.60546875	4.77734375	3.921875
baseline-original	hao	014e8b22590d3801ece16abe4840c0fe128dbcf5c23033aab23ef40036457845	full	100	jfact-common	5	5	0	0	False	"{""timeout"": 5}"	1477.51171875	1355.6875	1526.7421875	110.40234375	49.23046875					
baseline-original	hao	014e8b22590d3801ece16abe4840c0fe128dbcf5c23033aab23ef40036457845	full	100	jfact-library	5	5	0	5	True	"{""ok"": 5}"	839.3515625	832.77734375	865.3984375	3.625	3.43359375	839.3515625	832.77734375	865.3984375	3.625	3.43359375
baseline-original	hao	014e8b22590d3801ece16abe4840c0fe128dbcf5c23033aab23ef40036457845	full	100	openllet-common	5	5	0	0	False	"{""timeout"": 5}"	2187.0390625	1414.99609375	2202.17578125	55.15234375	15.13671875					
baseline-original	hao	014e8b22590d3801ece16abe4840c0fe128dbcf5c23033aab23ef40036457845	full	100	openllet-library	5	5	0	5	True	"{""ok"": 5}"	2167.0625	1376.765625	2210.90234375	14.74609375	7.70703125	2167.0625	1376.765625	2210.90234375	14.74609375	7.70703125
baseline-original	hao	014e8b22590d3801ece16abe4840c0fe128dbcf5c23033aab23ef40036457845	full	100	whelk-common	5	5	0	0	False	"{""timeout"": 5}"	774.4140625	764.18359375	786.8984375	10.3125	6.5546875					
baseline-original	hao	014e8b22590d3801ece16abe4840c0fe128dbcf5c23033aab23ef40036457845	module	1	elk-common	5	5	0	5	True	"{""ok"": 5}"	704.53515625	699.4921875	725.39453125	8.015625	4.24609375	704.53515625	699.4921875	725.39453125	8.015625	4.24609375
baseline-original	hao	014e8b22590d3801ece16abe4840c0fe128dbcf5c23033aab23ef40036457845	module	1	hermit-common	5	5	0	3	False	"{""ok"": 3, ""timeout"": 2}"	737.28125	729.75	765.68359375	3.765625	2.4296875	737.28125	734.8515625	738.6171875	1.8828125	1.3359375
baseline-original	hao	014e8b22590d3801ece16abe4840c0fe128dbcf5c23033aab23ef40036457845	module	1	hermit-library	5	5	0	5	True	"{""ok"": 5}"	217.06640625	206.578125	227.40234375	8.50390625	4.81640625	217.06640625	206.578125	227.40234375	8.50390625	4.81640625
baseline-original	hao	014e8b22590d3801ece16abe4840c0fe128dbcf5c23033aab23ef40036457845	module	1	jfact-common	5	5	0	0	False	"{""timeout"": 5}"	1576.08984375	1339.4609375	1791.23046875	104.71875	85.49609375					
baseline-original	hao	014e8b22590d3801ece16abe4840c0fe128dbcf5c23033aab23ef40036457845	module	1	jfact-library	5	5	0	5	True	"{""ok"": 5}"	375.171875	354.94140625	382.32421875	4.5078125	3.32421875	375.171875	354.94140625	382.32421875	4.5078125	3.32421875
baseline-original	hao	014e8b22590d3801ece16abe4840c0fe128dbcf5c23033aab23ef40036457845	module	1	openllet-common	5	5	0	0	False	"{""timeout"": 5}"	2188.33984375	2167.5546875	2214.32421875	8.5703125	8.22265625					
baseline-original	hao	014e8b22590d3801ece16abe4840c0fe128dbcf5c23033aab23ef40036457845	module	1	openllet-library	5	5	0	5	True	"{""ok"": 5}"	807.96875	727.25390625	811.3671875	66.4453125	3.3984375	807.96875	727.25390625	811.3671875	66.4453125	3.3984375
baseline-original	hao	014e8b22590d3801ece16abe4840c0fe128dbcf5c23033aab23ef40036457845	module	1	whelk-common	5	5	0	3	False	"{""ok"": 3, ""timeout"": 2}"	747.046875	744.3203125	754.671875	1.59375	1.44921875	747.046875	745.59765625	754.671875	4.537109375	1.44921875
baseline-original	hao	014e8b22590d3801ece16abe4840c0fe128dbcf5c23033aab23ef40036457845	module	10	elk-common	5	5	0	5	True	"{""ok"": 5}"	706.6640625	700.8515625	722.85546875	15.4140625	5.8125	706.6640625	700.8515625	722.85546875	15.4140625	5.8125
baseline-original	hao	014e8b22590d3801ece16abe4840c0fe128dbcf5c23033aab23ef40036457845	module	10	hermit-common	5	5	0	3	False	"{""ok"": 3, ""timeout"": 2}"	756.96875	730.63671875	768.4921875	22.359375	11.5234375	756.96875	730.63671875	768.4921875	18.927734375	11.5234375
baseline-original	hao	014e8b22590d3801ece16abe4840c0fe128dbcf5c23033aab23ef40036457845	module	10	hermit-library	5	5	0	5	True	"{""ok"": 5}"	727.56640625	680.48046875	741.671875	7.30078125	3.66015625	727.56640625	680.48046875	741.671875	7.30078125	3.66015625
baseline-original	hao	014e8b22590d3801ece16abe4840c0fe128dbcf5c23033aab23ef40036457845	module	10	jfact-common	5	5	0	0	False	"{""timeout"": 5}"	1555.40625	1412.98828125	1656.265625	142.8203125	86.97265625					
baseline-original	hao	014e8b22590d3801ece16abe4840c0fe128dbcf5c23033aab23ef40036457845	module	10	jfact-library	5	5	0	5	True	"{""ok"": 5}"	783.19140625	775.73828125	795.99609375	7.0390625	6.078125	783.19140625	775.73828125	795.99609375	7.0390625	6.078125
baseline-original	hao	014e8b22590d3801ece16abe4840c0fe128dbcf5c23033aab23ef40036457845	module	10	openllet-common	5	5	0	0	False	"{""timeout"": 5}"	2178.72265625	2174.25	2185.3359375	2.02734375	1.34375					
baseline-original	hao	014e8b22590d3801ece16abe4840c0fe128dbcf5c23033aab23ef40036457845	module	10	openllet-library	5	5	0	5	True	"{""ok"": 5}"	1412.93359375	1225.59765625	1921.6796875	594.16015625	187.3359375	1412.93359375	1225.59765625	1921.6796875	594.16015625	187.3359375
baseline-original	hao	014e8b22590d3801ece16abe4840c0fe128dbcf5c23033aab23ef40036457845	module	10	whelk-common	5	5	0	3	False	"{""ok"": 3, ""timeout"": 2}"	748.66015625	741.1171875	756.6484375	8.6171875	6.4921875	750.78515625	748.66015625	756.6484375	3.994140625	2.125
baseline-original	hao	014e8b22590d3801ece16abe4840c0fe128dbcf5c23033aab23ef40036457845	module	100	elk-common	5	5	0	5	True	"{""ok"": 5}"	698.75390625	697.49609375	704.9140625	3.0546875	1.2578125	698.75390625	697.49609375	704.9140625	3.0546875	1.2578125
baseline-original	hao	014e8b22590d3801ece16abe4840c0fe128dbcf5c23033aab23ef40036457845	module	100	hermit-common	5	5	0	3	False	"{""ok"": 3, ""timeout"": 2}"	739.9609375	732.6640625	745.64453125	2.7890625	2.65625	740.09375	739.9609375	745.64453125	2.841796875	0.1328125
baseline-original	hao	014e8b22590d3801ece16abe4840c0fe128dbcf5c23033aab23ef40036457845	module	100	hermit-library	5	5	0	5	True	"{""ok"": 5}"	684.28515625	671.53515625	726.4375	45.25390625	12.75	684.28515625	671.53515625	726.4375	45.25390625	12.75
baseline-original	hao	014e8b22590d3801ece16abe4840c0fe128dbcf5c23033aab23ef40036457845	module	100	jfact-common	5	5	0	0	False	"{""timeout"": 5}"	1535.1328125	1411.1796875	1676.30078125	207.62109375	118.30078125					
baseline-original	hao	014e8b22590d3801ece16abe4840c0fe128dbcf5c23033aab23ef40036457845	module	100	jfact-library	5	5	0	5	True	"{""ok"": 5}"	778.94140625	771.74609375	789.52734375	8.1640625	6.18359375	778.94140625	771.74609375	789.52734375	8.1640625	6.18359375
baseline-original	hao	014e8b22590d3801ece16abe4840c0fe128dbcf5c23033aab23ef40036457845	module	100	openllet-common	5	5	0	0	False	"{""timeout"": 5}"	2178.0078125	2173.87109375	2183.5859375	0.4765625	0.36328125					
baseline-original	hao	014e8b22590d3801ece16abe4840c0fe128dbcf5c23033aab23ef40036457845	module	100	openllet-library	5	5	0	5	True	"{""ok"": 5}"	1924.03125	1292.890625	2175.51953125	244.23046875	236.83984375	1924.03125	1292.890625	2175.51953125	244.23046875	236.83984375
baseline-original	hao	014e8b22590d3801ece16abe4840c0fe128dbcf5c23033aab23ef40036457845	module	100	whelk-common	5	5	0	3	False	"{""ok"": 3, ""timeout"": 2}"	746.67578125	743.94921875	747.9765625	1.64453125	0.97265625	746.67578125	743.94921875	747.9765625	2.013671875	1.30078125
baseline-original	hao	0152c9e454adc5b9d9406d2328dfae445b7cef87f16c4144841b5b289529918e	full	1	elk-common	5	5	0	0	False	"{""timeout"": 5}"	724.109375	717.76171875	745.78125	8.25	5.828125					
baseline-original	hao	0152c9e454adc5b9d9406d2328dfae445b7cef87f16c4144841b5b289529918e	full	1	hermit-common	5	5	0	0	False	"{""timeout"": 5}"	747.6484375	737.87890625	782.2890625	7.48828125	6.078125					
baseline-original	hao	0152c9e454adc5b9d9406d2328dfae445b7cef87f16c4144841b5b289529918e	full	1	hermit-library	5	5	0	5	True	"{""ok"": 5}"	345.1875	340.1015625	352.84765625	1.828125	1.19921875	345.1875	340.1015625	352.84765625	1.828125	1.19921875
baseline-original	hao	0152c9e454adc5b9d9406d2328dfae445b7cef87f16c4144841b5b289529918e	full	1	jfact-common	5	5	0	0	False	"{""timeout"": 5}"	1440.61328125	1105.83984375	1531.59375	63.6796875	56.9375					
baseline-original	hao	0152c9e454adc5b9d9406d2328dfae445b7cef87f16c4144841b5b289529918e	full	1	jfact-library	5	5	0	5	True	"{""ok"": 5}"	602.09765625	582.0	615.08203125	8.6328125	5.43359375	602.09765625	582.0	615.08203125	8.6328125	5.43359375
baseline-original	hao	0152c9e454adc5b9d9406d2328dfae445b7cef87f16c4144841b5b289529918e	full	1	openllet-common	5	5	0	0	False	"{""timeout"": 5}"	2202.45703125	2163.48828125	2214.1640625	16.5	11.6796875					
baseline-original	hao	0152c9e454adc5b9d9406d2328dfae445b7cef87f16c4144841b5b289529918e	full	1	openllet-library	5	5	0	5	True	"{""ok"": 5}"	758.703125	748.51171875	833.45703125	75.07421875	10.19140625	758.703125	748.51171875	833.45703125	75.07421875	10.19140625
baseline-original	hao	0152c9e454adc5b9d9406d2328dfae445b7cef87f16c4144841b5b289529918e	full	1	whelk-common	5	5	0	0	False	"{""timeout"": 5}"	783.1640625	769.3046875	789.31640625	7.09765625	4.0703125					
baseline-original	hao	0152c9e454adc5b9d9406d2328dfae445b7cef87f16c4144841b5b289529918e	full	10	elk-common	5	5	0	0	False	"{""timeout"": 5}"	728.16796875	720.640625	747.22265625	13.2109375	7.52734375					
baseline-original	hao	0152c9e454adc5b9d9406d2328dfae445b7cef87f16c4144841b5b289529918e	full	10	hermit-common	5	5	0	0	False	"{""timeout"": 5}"	744.5078125	737.5234375	749.31640625	7.9765625	4.80859375					
baseline-original	hao	0152c9e454adc5b9d9406d2328dfae445b7cef87f16c4144841b5b289529918e	full	10	hermit-library	5	5	0	5	True	"{""ok"": 5}"	853.14453125	837.67578125	868.8828125	19.83984375	13.1875	853.14453125	837.67578125	868.8828125	19.83984375	13.1875
baseline-original	hao	0152c9e454adc5b9d9406d2328dfae445b7cef87f16c4144841b5b289529918e	full	10	jfact-common	5	5	0	0	False	"{""timeout"": 5}"	1455.97265625	1397.05859375	1621.390625	18.046875	10.94140625					
baseline-original	hao	0152c9e454adc5b9d9406d2328dfae445b7cef87f16c4144841b5b289529918e	full	10	jfact-library	5	5	0	5	True	"{""ok"": 5}"	858.12890625	850.5078125	868.65234375	9.859375	6.30078125	858.12890625	850.5078125	868.65234375	9.859375	6.30078125
baseline-original	hao	0152c9e454adc5b9d9406d2328dfae445b7cef87f16c4144841b5b289529918e	full	10	openllet-common	5	5	0	0	False	"{""timeout"": 5}"	2191.88671875	2163.0625	2210.16796875	29.90234375	18.046875					
baseline-original	hao	0152c9e454adc5b9d9406d2328dfae445b7cef87f16c4144841b5b289529918e	full	10	openllet-library	5	5	0	1	False	"{""ok"": 1, ""timeout"": 4}"	2210.7109375	2178.03515625	2215.625	6.1015625	4.8203125	2205.890625	2205.890625	2205.890625	0	0.0
baseline-original	hao	0152c9e454adc5b9d9406d2328dfae445b7cef87f16c4144841b5b289529918e	full	10	whelk-common	5	5	0	0	False	"{""timeout"": 5}"	775.30078125	772.61328125	784.48046875	5.359375	2.6875					
baseline-original	hao	0152c9e454adc5b9d9406d2328dfae445b7cef87f16c4144841b5b289529918e	full	100	elk-common	5	5	0	0	False	"{""timeout"": 5}"	726.22265625	720.2265625	734.11328125	3.40234375	3.25390625					
baseline-original	hao	0152c9e454adc5b9d9406d2328dfae445b7cef87f16c4144841b5b289529918e	full	100	hermit-common	5	5	0	0	False	"{""timeout"": 5}"	743.328125	740.4765625	773.36328125	4.21484375	2.8515625					
baseline-original	hao	0152c9e454adc5b9d9406d2328dfae445b7cef87f16c4144841b5b289529918e	full	100	hermit-library	5	5	0	5	True	"{""ok"": 5}"	860.6875	843.63671875	884.84375	32.08203125	17.05078125	860.6875	843.63671875	884.84375	32.08203125	17.05078125
baseline-original	hao	0152c9e454adc5b9d9406d2328dfae445b7cef87f16c4144841b5b289529918e	full	100	jfact-common	5	5	0	0	False	"{""timeout"": 5}"	1519.33984375	1437.4296875	1598.37890625	26.30859375	15.06640625					
baseline-original	hao	0152c9e454adc5b9d9406d2328dfae445b7cef87f16c4144841b5b289529918e	full	100	jfact-library	5	5	0	5	True	"{""ok"": 5}"	852.83984375	847.859375	860.80078125	4.859375	4.8203125	852.83984375	847.859375	860.80078125	4.859375	4.8203125
baseline-original	hao	0152c9e454adc5b9d9406d2328dfae445b7cef87f16c4144841b5b289529918e	full	100	openllet-common	5	5	0	0	False	"{""timeout"": 5}"	2179.87109375	1359.87109375	2208.69140625	683.63671875	28.8203125					
baseline-original	hao	0152c9e454adc5b9d9406d2328dfae445b7cef87f16c4144841b5b289529918e	full	100	openllet-library	5	5	0	2	False	"{""ok"": 2, ""timeout"": 3}"	2209.08203125	1273.01171875	2212.00390625	739.1484375	2.921875	1742.5078125	1273.01171875	2212.00390625	469.49609375	469.49609375
baseline-original	hao	0152c9e454adc5b9d9406d2328dfae445b7cef87f16c4144841b5b289529918e	full	100	whelk-common	5	5	0	0	False	"{""timeout"": 5}"	773.85546875	766.98046875	779.6171875	8.25390625	5.5546875					
baseline-original	hao	0152c9e454adc5b9d9406d2328dfae445b7cef87f16c4144841b5b289529918e	module	1	elk-common	5	5	0	5	True	"{""ok"": 5}"	703.24609375	702.109375	725.0078125	4.8515625	1.13671875	703.24609375	702.109375	725.0078125	4.8515625	1.13671875
baseline-original	hao	0152c9e454adc5b9d9406d2328dfae445b7cef87f16c4144841b5b289529918e	module	1	hermit-common	5	5	0	5	True	"{""ok"": 5}"	744.71484375	737.5546875	776.765625	12.16796875	7.16015625	744.71484375	737.5546875	776.765625	12.16796875	7.16015625
baseline-original	hao	0152c9e454adc5b9d9406d2328dfae445b7cef87f16c4144841b5b289529918e	module	1	hermit-library	5	5	0	5	True	"{""ok"": 5}"	239.0078125	234.30859375	243.44921875	3.015625	2.71484375	239.0078125	234.30859375	243.44921875	3.015625	2.71484375
baseline-original	hao	0152c9e454adc5b9d9406d2328dfae445b7cef87f16c4144841b5b289529918e	module	1	jfact-common	5	5	0	0	False	"{""timeout"": 5}"	1605.8203125	1504.3359375	1774.14453125	159.58984375	101.484375					
baseline-original	hao	0152c9e454adc5b9d9406d2328dfae445b7cef87f16c4144841b5b289529918e	module	1	jfact-library	5	5	0	5	True	"{""ok"": 5}"	367.265625	357.1484375	385.4921875	17.56640625	10.1171875	367.265625	357.1484375	385.4921875	17.56640625	10.1171875
baseline-original	hao	0152c9e454adc5b9d9406d2328dfae445b7cef87f16c4144841b5b289529918e	module	1	openllet-common	5	5	0	0	False	"{""timeout"": 5}"	2178.59765625	2173.3359375	2200.640625	17.171875	5.26171875					
baseline-original	hao	0152c9e454adc5b9d9406d2328dfae445b7cef87f16c4144841b5b289529918e	module	1	openllet-library	5	5	0	5	True	"{""ok"": 5}"	744.19140625	727.34375	811.11328125	70.08203125	16.84765625	744.19140625	727.34375	811.11328125	70.08203125	16.84765625
baseline-original	hao	0152c9e454adc5b9d9406d2328dfae445b7cef87f16c4144841b5b289529918e	module	1	whelk-common	5	5	0	4	False	"{""ok"": 4, ""timeout"": 1}"	750.0234375	743.35546875	753.5859375	2.234375	1.546875	749.25	743.35546875	753.5859375	3.7177734375	2.5546875
baseline-original	hao	0152c9e454adc5b9d9406d2328dfae445b7cef87f16c4144841b5b289529918e	module	10	elk-common	5	5	0	5	True	"{""ok"": 5}"	702.85546875	696.6875	723.80078125	10.9296875	6.1484375	702.85546875	696.6875	723.80078125	10.9296875	6.1484375
baseline-original	hao	0152c9e454adc5b9d9406d2328dfae445b7cef87f16c4144841b5b289529918e	module	10	hermit-common	5	5	0	4	False	"{""ok"": 4, ""timeout"": 1}"	736.34765625	735.84375	749.21484375	0.71484375	0.50390625	736.65234375	735.84375	749.21484375	3.7998046875	0.556640625
baseline-original	hao	0152c9e454adc5b9d9406d2328dfae445b7cef87f16c4144841b5b289529918e	module	10	hermit-library	5	5	0	5	True	"{""ok"": 5}"	783.4296875	773.92578125	786.265625	9.296875	2.8359375	783.4296875	773.92578125	786.265625	9.296875	2.8359375
baseline-original	hao	0152c9e454adc5b9d9406d2328dfae445b7cef87f16c4144841b5b289529918e	module	10	jfact-common	5	5	0	0	False	"{""timeout"": 5}"	1624.625	1486.05078125	1658.0078125	147.16015625	33.3828125					
baseline-original	hao	0152c9e454adc5b9d9406d2328dfae445b7cef87f16c4144841b5b289529918e	module	10	jfact-library	5	5	0	5	True	"{""ok"": 5}"	808.703125	797.51171875	823.6484375	7.28125	7.19140625	808.703125	797.51171875	823.6484375	7.28125	7.19140625
baseline-original	hao	0152c9e454adc5b9d9406d2328dfae445b7cef87f16c4144841b5b289529918e	module	10	openllet-common	5	5	0	0	False	"{""timeout"": 5}"	2177.515625	2163.10546875	2181.9375	4.21484375	3.0390625					
baseline-original	hao	0152c9e454adc5b9d9406d2328dfae445b7cef87f16c4144841b5b289529918e	module	10	openllet-library	5	5	0	2	False	"{""ok"": 2, ""timeout"": 3}"	2200.9921875	2185.6875	2208.20703125	4.06640625	3.34765625	2191.666015625	2185.6875	2197.64453125	5.978515625	5.978515625
baseline-original	hao	0152c9e454adc5b9d9406d2328dfae445b7cef87f16c4144841b5b289529918e	module	10	whelk-common	5	5	0	4	False	"{""ok"": 4, ""timeout"": 1}"	747.80078125	744.23046875	750.2734375	4.37109375	2.47265625	746.51953125	744.23046875	749.609375	3.2666015625	1.78515625
baseline-original	hao	0152c9e454adc5b9d9406d2328dfae445b7cef87f16c4144841b5b289529918e	module	100	elk-common	5	5	0	5	True	"{""ok"": 5}"	706.34765625	693.28125	721.48046875	20.8125	13.06640625	706.34765625	693.28125	721.48046875	20.8125	13.06640625
baseline-original	hao	0152c9e454adc5b9d9406d2328dfae445b7cef87f16c4144841b5b289529918e	module	100	hermit-common	5	5	0	4	False	"{""ok"": 4, ""timeout"": 1}"	734.40625	732.6953125	742.015625	3.25	1.7109375	735.94140625	732.6953125	742.015625	4.6328125	2.390625
baseline-original	hao	0152c9e454adc5b9d9406d2328dfae445b7cef87f16c4144841b5b289529918e	module	100	hermit-library	5	5	0	5	True	"{""ok"": 5}"	771.96484375	765.19921875	779.27734375	5.41015625	5.16015625	771.96484375	765.19921875	779.27734375	5.41015625	5.16015625
baseline-original	hao	0152c9e454adc5b9d9406d2328dfae445b7cef87f16c4144841b5b289529918e	module	100	jfact-common	5	5	0	0	False	"{""timeout"": 5}"	1592.3828125	1474.8359375	1632.7109375	37.5625	20.75390625					
baseline-original	hao	0152c9e454adc5b9d9406d2328dfae445b7cef87f16c4144841b5b289529918e	module	100	jfact-library	5	5	0	5	True	"{""ok"": 5}"	808.23828125	797.64453125	811.1875	10.5625	2.94921875	808.23828125	797.64453125	811.1875	10.5625	2.94921875
baseline-original	hao	0152c9e454adc5b9d9406d2328dfae445b7cef87f16c4144841b5b289529918e	module	100	openllet-common	5	5	0	0	False	"{""timeout"": 5}"	2178.37890625	2162.36328125	2214.80859375	13.53125	12.27734375					
baseline-original	hao	0152c9e454adc5b9d9406d2328dfae445b7cef87f16c4144841b5b289529918e	module	100	openllet-library	5	5	0	4	False	"{""ok"": 4, ""timeout"": 1}"	2203.20703125	1313.10546875	2206.84375	13.07421875	3.63671875	2198.283203125	1313.10546875	2206.43359375	230.7177734375	6.537109375
baseline-original	hao	0152c9e454adc5b9d9406d2328dfae445b7cef87f16c4144841b5b289529918e	module	100	whelk-common	5	5	0	4	False	"{""ok"": 4, ""timeout"": 1}"	745.15625	743.765625	751.59765625	0.796875	0.75	745.5078125	743.765625	751.59765625	2.5556640625	1.0703125
baseline-original	hao	016278aed839744e3fe6c6cb1b96f29bd1419df3553b29e88874dd968da98306	full	1	elk-common	5	5	0	0	False	"{""timeout"": 5}"	722.7109375	720.8984375	748.92578125	4.23828125	1.8125					
baseline-original	hao	016278aed839744e3fe6c6cb1b96f29bd1419df3553b29e88874dd968da98306	full	1	hermit-common	5	5	0	0	False	"{""timeout"": 5}"	739.8671875	737.76171875	748.98828125	0.1953125	0.16015625					
baseline-original	hao	016278aed839744e3fe6c6cb1b96f29bd1419df3553b29e88874dd968da98306	full	1	hermit-library	5	5	0	5	True	"{""ok"": 5}"	320.75390625	315.53125	342.98046875	11.33984375	5.22265625	320.75390625	315.53125	342.98046875	11.33984375	5.22265625
baseline-original	hao	016278aed839744e3fe6c6cb1b96f29bd1419df3553b29e88874dd968da98306	full	1	jfact-common	5	5	0	0	False	"{""timeout"": 5}"	1446.85546875	1348.0625	1544.375	42.6953125	39.7578125					
baseline-original	hao	016278aed839744e3fe6c6cb1b96f29bd1419df3553b29e88874dd968da98306	full	1	jfact-library	5	5	0	5	True	"{""ok"": 5}"	574.17578125	561.265625	581.95703125	4.68359375	2.66015625	574.17578125	561.265625	581.95703125	4.68359375	2.66015625
baseline-original	hao	016278aed839744e3fe6c6cb1b96f29bd1419df3553b29e88874dd968da98306	full	1	openllet-common	5	5	0	0	False	"{""timeout"": 5}"	2197.23046875	1481.44140625	2208.8515625	44.09765625	11.62109375					
baseline-original	hao	016278aed839744e3fe6c6cb1b96f29bd1419df3553b29e88874dd968da98306	full	1	openllet-library	5	5	0	5	True	"{""ok"": 5}"	825.375	761.30078125	827.83203125	2.2109375	1.7421875	825.375	761.30078125	827.83203125	2.2109375	1.7421875
baseline-original	hao	016278aed839744e3fe6c6cb1b96f29bd1419df3553b29e88874dd968da98306	full	1	whelk-common	5	5	0	0	False	"{""timeout"": 5}"	771.5859375	766.39453125	788.3515625	12.45703125	5.19140625					
baseline-original	hao	016278aed839744e3fe6c6cb1b96f29bd1419df3553b29e88874dd968da98306	full	10	elk-common	5	5	0	0	False	"{""timeout"": 5}"	721.390625	717.984375	725.53125	4.625	3.40625					
baseline-original	hao	016278aed839744e3fe6c6cb1b96f29bd1419df3553b29e88874dd968da98306	full	10	hermit-common	5	5	0	0	False	"{""timeout"": 5}"	737.19140625	729.01171875	743.69140625	5.66796875	3.14453125					
baseline-original	hao	016278aed839744e3fe6c6cb1b96f29bd1419df3553b29e88874dd968da98306	full	10	hermit-library	5	5	0	5	True	"{""ok"": 5}"	812.56640625	804.02734375	847.73046875	12.48046875	8.5390625	812.56640625	804.02734375	847.73046875	12.48046875	8.5390625
baseline-original	hao	016278aed839744e3fe6c6cb1b96f29bd1419df3553b29e88874dd968da98306	full	10	jfact-common	5	5	0	0	False	"{""timeout"": 5}"	1419.51171875	1348.62890625	1446.33203125	40.78515625	22.6328125					
baseline-original	hao	016278aed839744e3fe6c6cb1b96f29bd1419df3553b29e88874dd968da98306	full	10	jfact-library	5	5	0	5	True	"{""ok"": 5}"	857.515625	845.84765625	866.14453125	6.82421875	5.51953125	857.515625	845.84765625	866.14453125	6.82421875	5.51953125
baseline-original	hao	016278aed839744e3fe6c6cb1b96f29bd1419df3553b29e88874dd968da98306	full	10	openllet-common	5	5	0	0	False	"{""timeout"": 5}"	2192.640625	1271.296875	2199.265625	19.625	6.625					
baseline-original	hao	016278aed839744e3fe6c6cb1b96f29bd1419df3553b29e88874dd968da98306	full	10	openllet-library	5	5	0	1	False	"{""ok"": 1, ""timeout"": 4}"	2197.6796875	2180.23046875	2219.3515625	21.16796875	11.9453125	2188.45703125	2188.45703125	2188.45703125	0	0.0
baseline-original	hao	016278aed839744e3fe6c6cb1b96f29bd1419df3553b29e88874dd968da98306	full	10	whelk-common	5	5	0	0	False	"{""timeout"": 5}"	778.94921875	769.4609375	784.42578125	9.75390625	5.4765625					
baseline-original	hao	016278aed839744e3fe6c6cb1b96f29bd1419df3553b29e88874dd968da98306	full	100	elk-common	5	5	0	0	False	"{""timeout"": 5}"	721.33984375	720.5	728.5390625	1.56640625	0.80078125					
baseline-original	hao	016278aed839744e3fe6c6cb1b96f29bd1419df3553b29e88874dd968da98306	full	100	hermit-common	5	5	0	0	False	"{""timeout"": 5}"	739.77734375	738.68359375	747.0	0.72265625	0.6015625					
baseline-original	hao	016278aed839744e3fe6c6cb1b96f29bd1419df3553b29e88874dd968da98306	full	100	hermit-library	5	5	0	5	True	"{""ok"": 5}"	820.2578125	805.2421875	841.28515625	6.3984375	5.1953125	820.2578125	805.2421875	841.28515625	6.3984375	5.1953125
baseline-original	hao	016278aed839744e3fe6c6cb1b96f29bd1419df3553b29e88874dd968da98306	full	100	jfact-common	5	5	0	0	False	"{""timeout"": 5}"	1381.25390625	1329.3125	1407.18359375	3.4921875	2.65625					
baseline-original	hao	016278aed839744e3fe6c6cb1b96f29bd1419df3553b29e88874dd968da98306	full	100	jfact-library	5	5	0	5	True	"{""ok"": 5}"	849.94921875	840.5859375	862.5625	9.046875	6.9609375	849.94921875	840.5859375	862.5625	9.046875	6.9609375
baseline-original	hao	016278aed839744e3fe6c6cb1b96f29bd1419df3553b29e88874dd968da98306	full	100	openllet-common	5	5	0	0	False	"{""timeout"": 5}"	2205.71484375	2156.9609375	2207.7734375	12.83203125	2.05859375					
baseline-original	hao	016278aed839744e3fe6c6cb1b96f29bd1419df3553b29e88874dd968da98306	full	100	openllet-library	5	5	0	4	False	"{""ok"": 4, ""timeout"": 1}"	1988.68359375	1284.3125	2219.33203125	702.49609375	230.6484375	1836.392578125	1284.3125	2219.33203125	760.626953125	367.09375
baseline-original	hao	016278aed839744e3fe6c6cb1b96f29bd1419df3553b29e88874dd968da98306	full	100	whelk-common	5	5	0	0	False	"{""timeout"": 5}"	781.390625	767.37109375	788.20703125	5.3125	3.94921875					
baseline-original	hao	016278aed839744e3fe6c6cb1b96f29bd1419df3553b29e88874dd968da98306	module	1	elk-common	5	5	0	5	True	"{""ok"": 5}"	703.72265625	696.19921875	725.29296875	8.84375	6.63671875	703.72265625	696.19921875	725.29296875	8.84375	6.63671875
baseline-original	hao	016278aed839744e3fe6c6cb1b96f29bd1419df3553b29e88874dd968da98306	module	1	hermit-common	5	5	0	5	True	"{""ok"": 5}"	741.71875	735.0859375	755.45703125	6.9296875	3.7578125	741.71875	735.0859375	755.45703125	6.9296875	3.7578125
baseline-original	hao	016278aed839744e3fe6c6cb1b96f29bd1419df3553b29e88874dd968da98306	module	1	hermit-library	5	5	0	5	True	"{""ok"": 5}"	221.84765625	217.6953125	239.51171875	7.53125	4.15234375	221.84765625	217.6953125	239.51171875	7.53125	4.15234375
baseline-original	hao	016278aed839744e3fe6c6cb1b96f29bd1419df3553b29e88874dd968da98306	module	1	jfact-common	5	5	0	0	False	"{""timeout"": 5}"	1606.63671875	1548.94921875	1674.09765625	46.7421875	43.0859375					
baseline-original	hao	016278aed839744e3fe6c6cb1b96f29bd1419df3553b29e88874dd968da98306	module	1	jfact-library	5	5	0	5	True	"{""ok"": 5}"	365.21484375	359.0625	378.34765625	5.69140625	5.328125	365.21484375	359.0625	378.34765625	5.69140625	5.328125
baseline-original	hao	016278aed839744e3fe6c6cb1b96f29bd1419df3553b29e88874dd968da98306	module	1	openllet-common	5	5	0	0	False	"{""timeout"": 5}"	2176.28125	2166.20703125	2184.9140625	11.140625	7.4609375					
baseline-original	hao	016278aed839744e3fe6c6cb1b96f29bd1419df3553b29e88874dd968da98306	module	1	openllet-library	5	5	0	5	True	"{""ok"": 5}"	807.5234375	737.34375	810.37890625	68.71484375	2.85546875	807.5234375	737.34375	810.37890625	68.71484375	2.85546875
baseline-original	hao	016278aed839744e3fe6c6cb1b96f29bd1419df3553b29e88874dd968da98306	module	1	whelk-common	5	5	0	5	True	"{""ok"": 5}"	744.921875	743.94921875	749.14453125	1.80078125	0.97265625	744.921875	743.94921875	749.14453125	1.80078125	0.97265625
baseline-original	hao	016278aed839744e3fe6c6cb1b96f29bd1419df3553b29e88874dd968da98306	module	10	elk-common	5	5	0	5	True	"{""ok"": 5}"	700.2890625	697.3828125	706.67578125	8.140625	2.90625	700.2890625	697.3828125	706.67578125	8.140625	2.90625
baseline-original	hao	016278aed839744e3fe6c6cb1b96f29bd1419df3553b29e88874dd968da98306	module	10	hermit-common	5	5	0	5	True	"{""ok"": 5}"	739.83203125	731.6328125	775.265625	10.0546875	5.15625	739.83203125	731.6328125	775.265625	10.0546875	5.15625
baseline-original	hao	016278aed839744e3fe6c6cb1b96f29bd1419df3553b29e88874dd968da98306	module	10	hermit-library	5	5	0	5	True	"{""ok"": 5}"	765.1015625	760.296875	767.63671875	4.68359375	2.53515625	765.1015625	760.296875	767.63671875	4.68359375	2.53515625
baseline-original	hao	016278aed839744e3fe6c6cb1b96f29bd1419df3553b29e88874dd968da98306	module	10	jfact-common	5	5	0	0	False	"{""timeout"": 5}"	1592.875	1572.8046875	1648.24609375	36.7421875	20.0703125					
baseline-original	hao	016278aed839744e3fe6c6cb1b96f29bd1419df3553b29e88874dd968da98306	module	10	jfact-library	5	5	0	5	True	"{""ok"": 5}"	804.109375	784.98046875	812.33203125	13.21484375	8.22265625	804.109375	784.98046875	812.33203125	13.21484375	8.22265625
baseline-original	hao	016278aed839744e3fe6c6cb1b96f29bd1419df3553b29e88874dd968da98306	module	10	openllet-common	5	5	0	0	False	"{""timeout"": 5}"	2176.8515625	1151.0234375	2211.20703125	16.51953125	11.99609375					
baseline-original	hao	016278aed839744e3fe6c6cb1b96f29bd1419df3553b29e88874dd968da98306	module	10	openllet-library	5	5	0	5	True	"{""ok"": 5}"	2201.125	2169.984375	2214.38671875	19.7109375	10.30078125	2201.125	2169.984375	2214.38671875	19.7109375	10.30078125
baseline-original	hao	016278aed839744e3fe6c6cb1b96f29bd1419df3553b29e88874dd968da98306	module	10	whelk-common	5	5	0	5	True	"{""ok"": 5}"	742.76953125	741.3515625	747.25390625	5.359375	1.41796875	742.76953125	741.3515625	747.25390625	5.359375	1.41796875
baseline-original	hao	016278aed839744e3fe6c6cb1b96f29bd1419df3553b29e88874dd968da98306	module	100	elk-common	5	5	0	5	True	"{""ok"": 5}"	701.91796875	699.2421875	721.4453125	4.44921875	2.67578125	701.91796875	699.2421875	721.4453125	4.44921875	2.67578125
baseline-original	hao	016278aed839744e3fe6c6cb1b96f29bd1419df3553b29e88874dd968da98306	module	100	hermit-common	5	5	0	5	True	"{""ok"": 5}"	742.32421875	734.0390625	768.16015625	26.09375	8.28515625	742.32421875	734.0390625	768.16015625	26.09375	8.28515625
baseline-original	hao	016278aed839744e3fe6c6cb1b96f29bd1419df3553b29e88874dd968da98306	module	100	hermit-library	5	5	0	5	True	"{""ok"": 5}"	767.078125	759.09375	774.6484375	2.4375	1.421875	767.078125	759.09375	774.6484375	2.4375	1.421875
baseline-original	hao	016278aed839744e3fe6c6cb1b96f29bd1419df3553b29e88874dd968da98306	module	100	jfact-common	5	5	0	0	False	"{""timeout"": 5}"	1597.921875	1560.75	1611.7734375	32.21875	13.8515625					
baseline-original	hao	016278aed839744e3fe6c6cb1b96f29bd1419df3553b29e88874dd968da98306	module	100	jfact-library	5	5	0	5	True	"{""ok"": 5}"	800.13671875	796.421875	816.32421875	4.6484375	3.71484375	800.13671875	796.421875	816.32421875	4.6484375	3.71484375
baseline-original	hao	016278aed839744e3fe6c6cb1b96f29bd1419df3553b29e88874dd968da98306	module	100	openllet-common	5	5	0	0	False	"{""timeout"": 5}"	2179.21484375	2165.96484375	2208.90625	17.9921875	11.99609375					
baseline-original	hao	016278aed839744e3fe6c6cb1b96f29bd1419df3553b29e88874dd968da98306	module	100	openllet-library	5	5	0	5	True	"{""ok"": 5}"	2190.51953125	1845.02734375	2202.14453125	22.328125	11.625	2190.51953125	1845.02734375	2202.14453125	22.328125	11.625
baseline-original	hao	016278aed839744e3fe6c6cb1b96f29bd1419df3553b29e88874dd968da98306	module	100	whelk-common	5	5	0	5	True	"{""ok"": 5}"	744.46875	742.50390625	746.1484375	3.0078125	1.65625	744.46875	742.50390625	746.1484375	3.0078125	1.65625
baseline-original	mfomd	00ad80c85b69b651d45363a55219c1f0ea4d84c6271b5d95a42432590564908c	full	1	hermit-common	5	5	0	5	True	"{""ok"": 5}"	728.015625	718.75	732.02734375	3.59375	2.1171875	728.015625	718.75	732.02734375	3.59375	2.1171875
baseline-original	mfomd	00ad80c85b69b651d45363a55219c1f0ea4d84c6271b5d95a42432590564908c	full	1	hermit-library	5	5	0	5	True	"{""ok"": 5}"	192.86328125	186.68359375	200.51953125	7.05859375	3.71875	192.86328125	186.68359375	200.51953125	7.05859375	3.71875
baseline-original	mfomd	00ad80c85b69b651d45363a55219c1f0ea4d84c6271b5d95a42432590564908c	full	1	jfact-common	5	5	0	5	True	"{""ok"": 5}"	1053.7265625	1015.58984375	1059.21875	28.73828125	5.4921875	1053.7265625	1015.58984375	1059.21875	28.73828125	5.4921875
baseline-original	mfomd	00ad80c85b69b651d45363a55219c1f0ea4d84c6271b5d95a42432590564908c	full	1	jfact-library	5	5	0	5	True	"{""ok"": 5}"	256.73828125	252.80859375	266.28515625	12.91796875	3.9296875	256.73828125	252.80859375	266.28515625	12.91796875	3.9296875
baseline-original	mfomd	00ad80c85b69b651d45363a55219c1f0ea4d84c6271b5d95a42432590564908c	full	1	openllet-common	5	5	0	5	True	"{""ok"": 5}"	711.1640625	698.3203125	735.20703125	22.6640625	12.84375	711.1640625	698.3203125	735.20703125	22.6640625	12.84375
baseline-original	mfomd	00ad80c85b69b651d45363a55219c1f0ea4d84c6271b5d95a42432590564908c	full	1	openllet-library	5	5	0	5	True	"{""ok"": 5}"	173.890625	167.07421875	178.85546875	7.7578125	4.96484375	173.890625	167.07421875	178.85546875	7.7578125	4.96484375
baseline-original	mfomd	00ad80c85b69b651d45363a55219c1f0ea4d84c6271b5d95a42432590564908c	full	10	hermit-common	5	5	0	5	True	"{""ok"": 5}"	723.91015625	715.8125	731.23046875	5.69921875	4.1953125	723.91015625	715.8125	731.23046875	5.69921875	4.1953125
baseline-original	mfomd	00ad80c85b69b651d45363a55219c1f0ea4d84c6271b5d95a42432590564908c	full	10	hermit-library	5	5	0	5	True	"{""ok"": 5}"	671.1640625	663.21484375	724.02734375	51.890625	7.94921875	671.1640625	663.21484375	724.02734375	51.890625	7.94921875
baseline-original	mfomd	00ad80c85b69b651d45363a55219c1f0ea4d84c6271b5d95a42432590564908c	full	10	jfact-common	5	5	0	5	True	"{""ok"": 5}"	1043.66796875	1024.375	1072.69140625	15.9453125	15.3984375	1043.66796875	1024.375	1072.69140625	15.9453125	15.3984375
baseline-original	mfomd	00ad80c85b69b651d45363a55219c1f0ea4d84c6271b5d95a42432590564908c	full	10	jfact-library	5	5	0	5	True	"{""ok"": 5}"	683.09375	678.9609375	689.20703125	5.30859375	3.26953125	683.09375	678.9609375	689.20703125	5.30859375	3.26953125
baseline-original	mfomd	00ad80c85b69b651d45363a55219c1f0ea4d84c6271b5d95a42432590564908c	full	10	openllet-common	5	5	0	5	True	"{""ok"": 5}"	709.54296875	697.19921875	731.19921875	27.40234375	12.34375	709.54296875	697.19921875	731.19921875	27.40234375	12.34375
baseline-original	mfomd	00ad80c85b69b651d45363a55219c1f0ea4d84c6271b5d95a42432590564908c	full	10	openllet-library	5	5	0	5	True	"{""ok"": 5}"	674.8125	668.609375	676.87109375	4.08203125	2.05859375	674.8125	668.609375	676.87109375	4.08203125	2.05859375
baseline-original	mfomd	00ad80c85b69b651d45363a55219c1f0ea4d84c6271b5d95a42432590564908c	full	100	hermit-common	5	5	0	5	True	"{""ok"": 5}"	723.921875	721.484375	731.0703125	4.1171875	2.4375	723.921875	721.484375	731.0703125	4.1171875	2.4375
baseline-original	mfomd	00ad80c85b69b651d45363a55219c1f0ea4d84c6271b5d95a42432590564908c	full	100	hermit-library	5	5	0	5	True	"{""ok"": 5}"	677.1640625	660.8359375	717.23046875	33.76953125	16.328125	677.1640625	660.8359375	717.23046875	33.76953125	16.328125
baseline-original	mfomd	00ad80c85b69b651d45363a55219c1f0ea4d84c6271b5d95a42432590564908c	full	100	jfact-common	5	5	0	5	True	"{""ok"": 5}"	1053.515625	1030.78515625	1069.60546875	20.53515625	16.08984375	1053.515625	1030.78515625	1069.60546875	20.53515625	16.08984375
baseline-original	mfomd	00ad80c85b69b651d45363a55219c1f0ea4d84c6271b5d95a42432590564908c	full	100	jfact-library	5	5	0	5	True	"{""ok"": 5}"	681.125	678.49609375	700.5390625	10.74609375	2.62890625	681.125	678.49609375	700.5390625	10.74609375	2.62890625
baseline-original	mfomd	00ad80c85b69b651d45363a55219c1f0ea4d84c6271b5d95a42432590564908c	full	100	openllet-common	5	5	0	5	True	"{""ok"": 5}"	706.36328125	698.14453125	720.75390625	7.45703125	6.3125	706.36328125	698.14453125	720.75390625	7.45703125	6.3125
baseline-original	mfomd	00ad80c85b69b651d45363a55219c1f0ea4d84c6271b5d95a42432590564908c	full	100	openllet-library	5	5	0	5	True	"{""ok"": 5}"	675.94921875	663.4765625	683.36328125	11.96875	6.25	675.94921875	663.4765625	683.36328125	11.96875	6.25
baseline-original	mfomd	00ad80c85b69b651d45363a55219c1f0ea4d84c6271b5d95a42432590564908c	module	1	hermit-common	5	5	0	5	True	"{""ok"": 5}"	179.69921875	175.34765625	183.27734375	0.25390625	0.2265625	179.69921875	175.34765625	183.27734375	0.25390625	0.2265625
baseline-original	mfomd	00ad80c85b69b651d45363a55219c1f0ea4d84c6271b5d95a42432590564908c	module	1	hermit-library	5	5	0	5	True	"{""ok"": 5}"	140.8515625	135.00390625	143.70703125	5.0234375	2.85546875	140.8515625	135.00390625	143.70703125	5.0234375	2.85546875
baseline-original	mfomd	00ad80c85b69b651d45363a55219c1f0ea4d84c6271b5d95a42432590564908c	module	1	jfact-common	5	5	0	5	True	"{""ok"": 5}"	259.3984375	256.875	265.67578125	7.0390625	2.5234375	259.3984375	256.875	265.67578125	7.0390625	2.5234375
baseline-original	mfomd	00ad80c85b69b651d45363a55219c1f0ea4d84c6271b5d95a42432590564908c	module	1	jfact-library	5	5	0	5	True	"{""ok"": 5}"	172.89453125	169.75390625	180.078125	6.328125	3.140625	172.89453125	169.75390625	180.078125	6.328125	3.140625
baseline-original	mfomd	00ad80c85b69b651d45363a55219c1f0ea4d84c6271b5d95a42432590564908c	module	1	openllet-common	5	5	0	5	True	"{""ok"": 5}"	155.33984375	150.14453125	163.4921875	2.52734375	1.90625	155.33984375	150.14453125	163.4921875	2.52734375	1.90625
baseline-original	mfomd	00ad80c85b69b651d45363a55219c1f0ea4d84c6271b5d95a42432590564908c	module	1	openllet-library	5	5	0	5	True	"{""ok"": 5}"	131.40625	124.63671875	137.3359375	4.28515625	3.296875	131.40625	124.63671875	137.3359375	4.28515625	3.296875
baseline-original	mfomd	00ad80c85b69b651d45363a55219c1f0ea4d84c6271b5d95a42432590564908c	module	10	hermit-common	5	5	0	5	True	"{""ok"": 5}"	190.58203125	185.5859375	196.5546875	4.85546875	2.8203125	190.58203125	185.5859375	196.5546875	4.85546875	2.8203125
baseline-original	mfomd	00ad80c85b69b651d45363a55219c1f0ea4d84c6271b5d95a42432590564908c	module	10	hermit-library	5	5	0	5	True	"{""ok"": 5}"	224.27734375	223.3046875	228.9453125	4.859375	0.97265625	224.27734375	223.3046875	228.9453125	4.859375	0.97265625
baseline-original	mfomd	00ad80c85b69b651d45363a55219c1f0ea4d84c6271b5d95a42432590564908c	module	10	jfact-common	5	5	0	5	True	"{""ok"": 5}"	273.17578125	256.6171875	276.79296875	4.04296875	2.7890625	273.17578125	256.6171875	276.79296875	4.04296875	2.7890625
baseline-original	mfomd	00ad80c85b69b651d45363a55219c1f0ea4d84c6271b5d95a42432590564908c	module	10	jfact-library	5	5	0	5	True	"{""ok"": 5}"	217.24609375	201.94140625	220.84375	3.6875	3.59765625	217.24609375	201.94140625	220.84375	3.6875	3.59765625
baseline-original	mfomd	00ad80c85b69b651d45363a55219c1f0ea4d84c6271b5d95a42432590564908c	module	10	openllet-common	5	5	0	5	True	"{""ok"": 5}"	162.20703125	159.640625	164.6640625	0.5	0.38671875	162.20703125	159.640625	164.6640625	0.5	0.38671875
baseline-original	mfomd	00ad80c85b69b651d45363a55219c1f0ea4d84c6271b5d95a42432590564908c	module	10	openllet-library	5	5	0	5	True	"{""ok"": 5}"	159.6640625	154.36328125	166.4765625	7.1015625	5.30078125	159.6640625	154.36328125	166.4765625	7.1015625	5.30078125
baseline-original	mfomd	00ad80c85b69b651d45363a55219c1f0ea4d84c6271b5d95a42432590564908c	module	100	hermit-common	5	5	0	5	True	"{""ok"": 5}"	192.34765625	188.7890625	195.03515625	2.4296875	1.86328125	192.34765625	188.7890625	195.03515625	2.4296875	1.86328125
baseline-original	mfomd	00ad80c85b69b651d45363a55219c1f0ea4d84c6271b5d95a42432590564908c	module	100	hermit-library	5	5	0	5	True	"{""ok"": 5}"	223.14453125	222.30078125	225.40234375	0.8359375	0.6953125	223.14453125	222.30078125	225.40234375	0.8359375	0.6953125
baseline-original	mfomd	00ad80c85b69b651d45363a55219c1f0ea4d84c6271b5d95a42432590564908c	module	100	jfact-common	5	5	0	5	True	"{""ok"": 5}"	265.3203125	253.7421875	271.80859375	12.46875	6.48828125	265.3203125	253.7421875	271.80859375	12.46875	6.48828125
baseline-original	mfomd	00ad80c85b69b651d45363a55219c1f0ea4d84c6271b5d95a42432590564908c	module	100	jfact-library	5	5	0	5	True	"{""ok"": 5}"	211.66796875	208.875	217.41796875	3.86328125	2.79296875	211.66796875	208.875	217.41796875	3.86328125	2.79296875
baseline-original	mfomd	00ad80c85b69b651d45363a55219c1f0ea4d84c6271b5d95a42432590564908c	module	100	openllet-common	5	5	0	5	True	"{""ok"": 5}"	161.10546875	156.734375	163.89453125	0.97265625	0.53515625	161.10546875	156.734375	163.89453125	0.97265625	0.53515625
baseline-original	mfomd	00ad80c85b69b651d45363a55219c1f0ea4d84c6271b5d95a42432590564908c	module	100	openllet-library	5	5	0	5	True	"{""ok"": 5}"	161.0859375	156.046875	165.35546875	3.609375	2.78515625	161.0859375	156.046875	165.35546875	3.609375	2.78515625
baseline-original	mfomd	00e4133025107a0f3faa3263e3c0b1555d8ca407f37c6b431114ae8e4ae0ca18	full	1	hermit-common	5	5	0	5	True	"{""ok"": 5}"	715.1328125	710.92578125	733.265625	6.3125	4.20703125	715.1328125	710.92578125	733.265625	6.3125	4.20703125
baseline-original	mfomd	00e4133025107a0f3faa3263e3c0b1555d8ca407f37c6b431114ae8e4ae0ca18	full	1	hermit-library	5	5	0	5	True	"{""ok"": 5}"	154.140625	152.4453125	156.54296875	2.5	1.4453125	154.140625	152.4453125	156.54296875	2.5	1.4453125
baseline-original	mfomd	00e4133025107a0f3faa3263e3c0b1555d8ca407f37c6b431114ae8e4ae0ca18	full	1	jfact-common	5	5	0	5	True	"{""ok"": 5}"	1033.41796875	1027.09765625	1038.57421875	5.08203125	4.1875	1033.41796875	1027.09765625	1038.57421875	5.08203125	4.1875
baseline-original	mfomd	00e4133025107a0f3faa3263e3c0b1555d8ca407f37c6b431114ae8e4ae0ca18	full	1	jfact-library	5	5	0	5	True	"{""ok"": 5}"	238.75390625	225.9140625	244.66015625	11.1640625	5.90625	238.75390625	225.9140625	244.66015625	11.1640625	5.90625
baseline-original	mfomd	00e4133025107a0f3faa3263e3c0b1555d8ca407f37c6b431114ae8e4ae0ca18	full	1	openllet-common	5	5	0	5	True	"{""ok"": 5}"	704.0078125	696.1953125	724.0078125	3.09375	2.9609375	704.0078125	696.1953125	724.0078125	3.09375	2.9609375
baseline-original	mfomd	00e4133025107a0f3faa3263e3c0b1555d8ca407f37c6b431114ae8e4ae0ca18	full	1	openllet-library	5	5	0	5	True	"{""ok"": 5}"	156.66015625	153.8046875	159.65234375	3.03125	1.76953125	156.66015625	153.8046875	159.65234375	3.03125	1.76953125
baseline-original	mfomd	00e4133025107a0f3faa3263e3c0b1555d8ca407f37c6b431114ae8e4ae0ca18	full	10	hermit-common	5	5	0	5	True	"{""ok"": 5}"	718.3046875	716.01953125	745.93359375	3.17578125	2.08984375	718.3046875	716.01953125	745.93359375	3.17578125	2.08984375
baseline-original	mfomd	00e4133025107a0f3faa3263e3c0b1555d8ca407f37c6b431114ae8e4ae0ca18	full	10	hermit-library	5	5	0	5	True	"{""ok"": 5}"	645.3359375	641.515625	663.6171875	13.921875	3.8203125	645.3359375	641.515625	663.6171875	13.921875	3.8203125
baseline-original	mfomd	00e4133025107a0f3faa3263e3c0b1555d8ca407f37c6b431114ae8e4ae0ca18	full	10	jfact-common	5	5	0	5	True	"{""ok"": 5}"	1041.22265625	1033.4140625	1051.6015625	6.078125	5.1640625	1041.22265625	1033.4140625	1051.6015625	6.078125	5.1640625
baseline-original	mfomd	00e4133025107a0f3faa3263e3c0b1555d8ca407f37c6b431114ae8e4ae0ca18	full	10	jfact-library	5	5	0	5	True	"{""ok"": 5}"	574.19140625	571.93359375	579.30859375	4.2265625	2.2578125	574.19140625	571.93359375	579.30859375	4.2265625	2.2578125
baseline-original	mfomd	00e4133025107a0f3faa3263e3c0b1555d8ca407f37c6b431114ae8e4ae0ca18	full	10	openllet-common	5	5	0	5	True	"{""ok"": 5}"	706.953125	701.77734375	724.69140625	16.88671875	5.17578125	706.953125	701.77734375	724.69140625	16.88671875	5.17578125
baseline-original	mfomd	00e4133025107a0f3faa3263e3c0b1555d8ca407f37c6b431114ae8e4ae0ca18	full	10	openllet-library	5	5	0	5	True	"{""ok"": 5}"	644.8203125	633.3046875	648.24609375	3.12109375	2.94921875	644.8203125	633.3046875	648.24609375	3.12109375	2.94921875
baseline-original	mfomd	00e4133025107a0f3faa3263e3c0b1555d8ca407f37c6b431114ae8e4ae0ca18	full	100	hermit-common	5	5	0	5	True	"{""ok"": 5}"	715.28515625	712.5	718.11328125	2.0	1.51953125	715.28515625	712.5	718.11328125	2.0	1.51953125
baseline-original	mfomd	00e4133025107a0f3faa3263e3c0b1555d8ca407f37c6b431114ae8e4ae0ca18	full	100	hermit-library	5	5	0	5	True	"{""ok"": 5}"	641.76171875	640.12109375	654.9609375	2.73828125	1.640625	641.76171875	640.12109375	654.9609375	2.73828125	1.640625
baseline-original	mfomd	00e4133025107a0f3faa3263e3c0b1555d8ca407f37c6b431114ae8e4ae0ca18	full	100	jfact-common	5	5	0	5	True	"{""ok"": 5}"	1039.2109375	1027.23046875	1050.33203125	11.203125	6.05078125	1039.2109375	1027.23046875	1050.33203125	11.203125	6.05078125
baseline-original	mfomd	00e4133025107a0f3faa3263e3c0b1555d8ca407f37c6b431114ae8e4ae0ca18	full	100	jfact-library	5	5	0	5	True	"{""ok"": 5}"	581.47265625	575.21484375	598.6640625	11.90234375	6.2578125	581.47265625	575.21484375	598.6640625	11.90234375	6.2578125
baseline-original	mfomd	00e4133025107a0f3faa3263e3c0b1555d8ca407f37c6b431114ae8e4ae0ca18	full	100	openllet-common	5	5	0	5	True	"{""ok"": 5}"	700.33984375	697.49609375	723.65625	2.578125	1.72265625	700.33984375	697.49609375	723.65625	2.578125	1.72265625
baseline-original	mfomd	00e4133025107a0f3faa3263e3c0b1555d8ca407f37c6b431114ae8e4ae0ca18	full	100	openllet-library	5	5	0	5	True	"{""ok"": 5}"	646.6328125	641.8359375	651.3515625	4.921875	4.55859375	646.6328125	641.8359375	651.3515625	4.921875	4.55859375
baseline-original	mfomd	00e4133025107a0f3faa3263e3c0b1555d8ca407f37c6b431114ae8e4ae0ca18	module	1	hermit-common	5	5	0	5	True	"{""ok"": 5}"	155.671875	150.828125	158.55859375	3.21484375	2.03515625	155.671875	150.828125	158.55859375	3.21484375	2.03515625
baseline-original	mfomd	00e4133025107a0f3faa3263e3c0b1555d8ca407f37c6b431114ae8e4ae0ca18	module	1	hermit-library	5	5	0	5	True	"{""ok"": 5}"	113.9140625	113.75	122.2421875	0.9375	0.1640625	113.9140625	113.75	122.2421875	0.9375	0.1640625
baseline-original	mfomd	00e4133025107a0f3faa3263e3c0b1555d8ca407f37c6b431114ae8e4ae0ca18	module	1	jfact-common	5	5	0	5	True	"{""ok"": 5}"	249.27734375	235.68359375	258.2734375	16.37890625	8.99609375	249.27734375	235.68359375	258.2734375	16.37890625	8.99609375
baseline-original	mfomd	00e4133025107a0f3faa3263e3c0b1555d8ca407f37c6b431114ae8e4ae0ca18	module	1	jfact-library	5	5	0	5	True	"{""ok"": 5}"	153.37109375	149.63671875	168.3046875	7.74609375	3.734375	153.37109375	149.63671875	168.3046875	7.74609375	3.734375
baseline-original	mfomd	00e4133025107a0f3faa3263e3c0b1555d8ca407f37c6b431114ae8e4ae0ca18	module	1	openllet-common	5	5	0	5	True	"{""ok"": 5}"	133.4921875	130.95703125	146.3828125	11.8515625	2.53515625	133.4921875	130.95703125	146.3828125	11.8515625	2.53515625
baseline-original	mfomd	00e4133025107a0f3faa3263e3c0b1555d8ca407f37c6b431114ae8e4ae0ca18	module	1	openllet-library	5	5	0	5	True	"{""ok"": 5}"	114.1328125	112.4453125	127.38671875	11.6796875	1.6875	114.1328125	112.4453125	127.38671875	11.6796875	1.6875
baseline-original	mfomd	00e4133025107a0f3faa3263e3c0b1555d8ca407f37c6b431114ae8e4ae0ca18	module	10	hermit-common	5	5	0	5	True	"{""ok"": 5}"	159.80859375	153.453125	161.78125	5.9921875	1.97265625	159.80859375	153.453125	161.78125	5.9921875	1.97265625
baseline-original	mfomd	00e4133025107a0f3faa3263e3c0b1555d8ca407f37c6b431114ae8e4ae0ca18	module	10	hermit-library	5	5	0	5	True	"{""ok"": 5}"	138.27734375	135.91015625	145.8359375	6.64453125	2.3671875	138.27734375	135.91015625	145.8359375	6.64453125	2.3671875
baseline-original	mfomd	00e4133025107a0f3faa3263e3c0b1555d8ca407f37c6b431114ae8e4ae0ca18	module	10	jfact-common	5	5	0	5	True	"{""ok"": 5}"	261.75390625	243.94921875	273.80859375	18.25	12.0546875	261.75390625	243.94921875	273.80859375	18.25	12.0546875
baseline-original	mfomd	00e4133025107a0f3faa3263e3c0b1555d8ca407f37c6b431114ae8e4ae0ca18	module	10	jfact-library	5	5	0	5	True	"{""ok"": 5}"	174.6953125	167.5703125	181.5078125	7.94921875	6.8125	174.6953125	167.5703125	181.5078125	7.94921875	6.8125
baseline-original	mfomd	00e4133025107a0f3faa3263e3c0b1555d8ca407f37c6b431114ae8e4ae0ca18	module	10	openllet-common	5	5	0	5	True	"{""ok"": 5}"	135.7578125	133.05859375	144.328125	3.1484375	1.91015625	135.7578125	133.05859375	144.328125	3.1484375	1.91015625
baseline-original	mfomd	00e4133025107a0f3faa3263e3c0b1555d8ca407f37c6b431114ae8e4ae0ca18	module	10	openllet-library	5	5	0	5	True	"{""ok"": 5}"	121.92578125	120.04296875	135.1484375	11.1953125	1.8828125	121.92578125	120.04296875	135.1484375	11.1953125	1.8828125
baseline-original	mfomd	00e4133025107a0f3faa3263e3c0b1555d8ca407f37c6b431114ae8e4ae0ca18	module	100	hermit-common	5	5	0	5	True	"{""ok"": 5}"	162.1640625	154.40625	162.58203125	0.94921875	0.41796875	162.1640625	154.40625	162.58203125	0.94921875	0.41796875
baseline-original	mfomd	00e4133025107a0f3faa3263e3c0b1555d8ca407f37c6b431114ae8e4ae0ca18	module	100	hermit-library	5	5	0	5	True	"{""ok"": 5}"	143.74609375	137.51953125	146.3828125	3.93359375	2.59375	143.74609375	137.51953125	146.3828125	3.93359375	2.59375
baseline-original	mfomd	00e4133025107a0f3faa3263e3c0b1555d8ca407f37c6b431114ae8e4ae0ca18	module	100	jfact-common	5	5	0	5	True	"{""ok"": 5}"	256.22265625	246.390625	261.03125	11.8671875	4.80859375	256.22265625	246.390625	261.03125	11.8671875	4.80859375
baseline-original	mfomd	00e4133025107a0f3faa3263e3c0b1555d8ca407f37c6b431114ae8e4ae0ca18	module	100	jfact-library	5	5	0	5	True	"{""ok"": 5}"	175.0	172.046875	180.23046875	4.53515625	2.796875	175.0	172.046875	180.23046875	4.53515625	2.796875
baseline-original	mfomd	00e4133025107a0f3faa3263e3c0b1555d8ca407f37c6b431114ae8e4ae0ca18	module	100	openllet-common	5	5	0	5	True	"{""ok"": 5}"	141.390625	140.2421875	146.796875	3.28125	1.1484375	141.390625	140.2421875	146.796875	3.28125	1.1484375
baseline-original	mfomd	00e4133025107a0f3faa3263e3c0b1555d8ca407f37c6b431114ae8e4ae0ca18	module	100	openllet-library	5	5	0	5	True	"{""ok"": 5}"	125.40625	119.9140625	131.109375	6.05078125	4.72265625	125.40625	119.9140625	131.109375	6.05078125	4.72265625
baseline-original	mfomd	0113b14df2575cdf9fe75dc67dfa5467eca99e7e4007cf129f75de0cbc3c97a3	full	1	hermit-common	5	5	0	5	True	"{""ok"": 5}"	727.359375	721.6640625	745.13671875	3.296875	3.12890625	727.359375	721.6640625	745.13671875	3.296875	3.12890625
baseline-original	mfomd	0113b14df2575cdf9fe75dc67dfa5467eca99e7e4007cf129f75de0cbc3c97a3	full	1	hermit-library	5	5	0	5	True	"{""ok"": 5}"	200.0	199.2578125	201.671875	0.8125	0.41796875	200.0	199.2578125	201.671875	0.8125	0.41796875
baseline-original	mfomd	0113b14df2575cdf9fe75dc67dfa5467eca99e7e4007cf129f75de0cbc3c97a3	full	1	jfact-common	5	5	0	5	True	"{""ok"": 5}"	1048.53125	1029.078125	1063.140625	10.359375	6.62109375	1048.53125	1029.078125	1063.140625	10.359375	6.62109375
baseline-original	mfomd	0113b14df2575cdf9fe75dc67dfa5467eca99e7e4007cf129f75de0cbc3c97a3	full	1	jfact-library	5	5	0	5	True	"{""ok"": 5}"	264.99609375	249.0546875	267.49609375	0.60546875	0.37109375	264.99609375	249.0546875	267.49609375	0.60546875	0.37109375
baseline-original	mfomd	0113b14df2575cdf9fe75dc67dfa5467eca99e7e4007cf129f75de0cbc3c97a3	full	1	openllet-common	5	5	0	5	True	"{""ok"": 5}"	705.81640625	701.50390625	708.3671875	6.109375	2.55078125	705.81640625	701.50390625	708.3671875	6.109375	2.55078125
baseline-original	mfomd	0113b14df2575cdf9fe75dc67dfa5467eca99e7e4007cf129f75de0cbc3c97a3	full	1	openllet-library	5	5	0	5	True	"{""ok"": 5}"	180.78125	177.38671875	184.66015625	1.31640625	0.66015625	180.78125	177.38671875	184.66015625	1.31640625	0.66015625
baseline-original	mfomd	0113b14df2575cdf9fe75dc67dfa5467eca99e7e4007cf129f75de0cbc3c97a3	full	10	hermit-common	5	5	0	5	True	"{""ok"": 5}"	726.41796875	723.4296875	737.59765625	1.06640625	0.796875	726.41796875	723.4296875	737.59765625	1.06640625	0.796875
baseline-original	mfomd	0113b14df2575cdf9fe75dc67dfa5467eca99e7e4007cf129f75de0cbc3c97a3	full	10	hermit-library	5	5	0	5	True	"{""ok"": 5}"	723.6328125	713.9765625	730.2265625	2.1484375	2.09765625	723.6328125	713.9765625	730.2265625	2.1484375	2.09765625
baseline-original	mfomd	0113b14df2575cdf9fe75dc67dfa5467eca99e7e4007cf129f75de0cbc3c97a3	full	10	jfact-common	5	5	0	5	True	"{""ok"": 5}"	1040.85546875	1030.61328125	1045.171875	3.51171875	3.078125	1040.85546875	1030.61328125	1045.171875	3.51171875	3.078125
baseline-original	mfomd	0113b14df2575cdf9fe75dc67dfa5467eca99e7e4007cf129f75de0cbc3c97a3	full	10	jfact-library	5	5	0	5	True	"{""ok"": 5}"	686.5859375	685.4609375	695.27734375	1.4765625	0.80078125	686.5859375	685.4609375	695.27734375	1.4765625	0.80078125
baseline-original	mfomd	0113b14df2575cdf9fe75dc67dfa5467eca99e7e4007cf129f75de0cbc3c97a3	full	10	openllet-common	5	5	0	5	True	"{""ok"": 5}"	709.453125	704.51171875	730.5625	19.9375	4.94140625	709.453125	704.51171875	730.5625	19.9375	4.94140625
baseline-original	mfomd	0113b14df2575cdf9fe75dc67dfa5467eca99e7e4007cf129f75de0cbc3c97a3	full	10	openllet-library	5	5	0	5	True	"{""ok"": 5}"	681.734375	679.37109375	682.7421875	1.8515625	1.0078125	681.734375	679.37109375	682.7421875	1.8515625	1.0078125
baseline-original	mfomd	0113b14df2575cdf9fe75dc67dfa5467eca99e7e4007cf129f75de0cbc3c97a3	full	100	hermit-common	5	5	0	5	True	"{""ok"": 5}"	728.6953125	723.08203125	762.546875	1.3203125	1.125	728.6953125	723.08203125	762.546875	1.3203125	1.125
baseline-original	mfomd	0113b14df2575cdf9fe75dc67dfa5467eca99e7e4007cf129f75de0cbc3c97a3	full	100	hermit-library	5	5	0	5	True	"{""ok"": 5}"	717.66796875	714.9765625	729.74609375	6.64453125	2.69140625	717.66796875	714.9765625	729.74609375	6.64453125	2.69140625
baseline-original	mfomd	0113b14df2575cdf9fe75dc67dfa5467eca99e7e4007cf129f75de0cbc3c97a3	full	100	jfact-common	5	5	0	5	True	"{""ok"": 5}"	1040.14453125	1024.375	1053.40625	17.4140625	10.77734375	1040.14453125	1024.375	1053.40625	17.4140625	10.77734375
baseline-original	mfomd	0113b14df2575cdf9fe75dc67dfa5467eca99e7e4007cf129f75de0cbc3c97a3	full	100	jfact-library	5	5	0	5	True	"{""ok"": 5}"	688.203125	682.80859375	695.59765625	1.734375	0.8671875	688.203125	682.80859375	695.59765625	1.734375	0.8671875
baseline-original	mfomd	0113b14df2575cdf9fe75dc67dfa5467eca99e7e4007cf129f75de0cbc3c97a3	full	100	openllet-common	5	5	0	5	True	"{""ok"": 5}"	706.87109375	703.05078125	734.828125	6.3671875	3.8203125	706.87109375	703.05078125	734.828125	6.3671875	3.8203125
baseline-original	mfomd	0113b14df2575cdf9fe75dc67dfa5467eca99e7e4007cf129f75de0cbc3c97a3	full	100	openllet-library	5	5	0	5	True	"{""ok"": 5}"	681.26953125	677.73046875	685.41015625	1.40625	1.02734375	681.26953125	677.73046875	685.41015625	1.40625	1.02734375
baseline-original	mfomd	0113b14df2575cdf9fe75dc67dfa5467eca99e7e4007cf129f75de0cbc3c97a3	module	1	hermit-common	5	5	0	5	True	"{""ok"": 5}"	177.1484375	173.015625	182.890625	7.01171875	3.78125	177.1484375	173.015625	182.890625	7.01171875	3.78125
baseline-original	mfomd	0113b14df2575cdf9fe75dc67dfa5467eca99e7e4007cf129f75de0cbc3c97a3	module	1	hermit-library	5	5	0	5	True	"{""ok"": 5}"	134.87109375	132.73046875	144.421875	0.7578125	0.58203125	134.87109375	132.73046875	144.421875	0.7578125	0.58203125
baseline-original	mfomd	0113b14df2575cdf9fe75dc67dfa5467eca99e7e4007cf129f75de0cbc3c97a3	module	1	jfact-common	5	5	0	5	True	"{""ok"": 5}"	258.8671875	253.22265625	270.5390625	4.05859375	3.06640625	258.8671875	253.22265625	270.5390625	4.05859375	3.06640625
baseline-original	mfomd	0113b14df2575cdf9fe75dc67dfa5467eca99e7e4007cf129f75de0cbc3c97a3	module	1	jfact-library	5	5	0	5	True	"{""ok"": 5}"	167.41015625	161.671875	175.76953125	3.984375	3.3671875	167.41015625	161.671875	175.76953125	3.984375	3.3671875
baseline-original	mfomd	0113b14df2575cdf9fe75dc67dfa5467eca99e7e4007cf129f75de0cbc3c97a3	module	1	openllet-common	5	5	0	5	True	"{""ok"": 5}"	147.359375	145.07421875	150.31640625	3.546875	2.28515625	147.359375	145.07421875	150.31640625	3.546875	2.28515625
baseline-original	mfomd	0113b14df2575cdf9fe75dc67dfa5467eca99e7e4007cf129f75de0cbc3c97a3	module	1	openllet-library	5	5	0	5	True	"{""ok"": 5}"	119.703125	117.96484375	135.3125	1.3359375	1.06640625	119.703125	117.96484375	135.3125	1.3359375	1.06640625
baseline-original	mfomd	0113b14df2575cdf9fe75dc67dfa5467eca99e7e4007cf129f75de0cbc3c97a3	module	10	hermit-common	5	5	0	5	True	"{""ok"": 5}"	188.87890625	186.0703125	190.84375	3.16015625	1.73046875	188.87890625	186.0703125	190.84375	3.16015625	1.73046875
baseline-original	mfomd	0113b14df2575cdf9fe75dc67dfa5467eca99e7e4007cf129f75de0cbc3c97a3	module	10	hermit-library	5	5	0	5	True	"{""ok"": 5}"	239.47265625	231.55078125	246.8203125	4.05859375	3.4609375	239.47265625	231.55078125	246.8203125	4.05859375	3.4609375
baseline-original	mfomd	0113b14df2575cdf9fe75dc67dfa5467eca99e7e4007cf129f75de0cbc3c97a3	module	10	jfact-common	5	5	0	5	True	"{""ok"": 5}"	265.5859375	264.34375	280.46484375	8.80859375	1.2421875	265.5859375	264.34375	280.46484375	8.80859375	1.2421875
baseline-original	mfomd	0113b14df2575cdf9fe75dc67dfa5467eca99e7e4007cf129f75de0cbc3c97a3	module	10	jfact-library	5	5	0	5	True	"{""ok"": 5}"	213.7578125	206.84375	217.87109375	3.5078125	2.62890625	213.7578125	206.84375	217.87109375	3.5078125	2.62890625
baseline-original	mfomd	0113b14df2575cdf9fe75dc67dfa5467eca99e7e4007cf129f75de0cbc3c97a3	module	10	openllet-common	5	5	0	5	True	"{""ok"": 5}"	164.05078125	153.53515625	165.55078125	4.2578125	1.5	164.05078125	153.53515625	165.55078125	4.2578125	1.5
baseline-original	mfomd	0113b14df2575cdf9fe75dc67dfa5467eca99e7e4007cf129f75de0cbc3c97a3	module	10	openllet-library	5	5	0	5	True	"{""ok"": 5}"	158.15234375	153.84375	163.91015625	6.4765625	3.40625	158.15234375	153.84375	163.91015625	6.4765625	3.40625
baseline-original	mfomd	0113b14df2575cdf9fe75dc67dfa5467eca99e7e4007cf129f75de0cbc3c97a3	module	100	hermit-common	5	5	0	5	True	"{""ok"": 5}"	187.62890625	184.4453125	193.88671875	1.265625	0.69140625	187.62890625	184.4453125	193.88671875	1.265625	0.69140625
baseline-original	mfomd	0113b14df2575cdf9fe75dc67dfa5467eca99e7e4007cf129f75de0cbc3c97a3	module	100	hermit-library	5	5	0	5	True	"{""ok"": 5}"	238.5078125	234.90625	245.7578125	5.7734375	3.00390625	238.5078125	234.90625	245.7578125	5.7734375	3.00390625
baseline-original	mfomd	0113b14df2575cdf9fe75dc67dfa5467eca99e7e4007cf129f75de0cbc3c97a3	module	100	jfact-common	5	5	0	5	True	"{""ok"": 5}"	266.49609375	259.11328125	270.15625	2.94140625	2.8203125	266.49609375	259.11328125	270.15625	2.94140625	2.8203125
baseline-original	mfomd	0113b14df2575cdf9fe75dc67dfa5467eca99e7e4007cf129f75de0cbc3c97a3	module	100	jfact-library	5	5	0	5	True	"{""ok"": 5}"	209.71875	206.98828125	221.703125	5.47265625	2.73046875	209.71875	206.98828125	221.703125	5.47265625	2.73046875
baseline-original	mfomd	0113b14df2575cdf9fe75dc67dfa5467eca99e7e4007cf129f75de0cbc3c97a3	module	100	openllet-common	5	5	0	5	True	"{""ok"": 5}"	157.52734375	150.95703125	161.2890625	7.90234375	3.76171875	157.52734375	150.95703125	161.2890625	7.90234375	3.76171875
baseline-original	mfomd	0113b14df2575cdf9fe75dc67dfa5467eca99e7e4007cf129f75de0cbc3c97a3	module	100	openllet-library	5	5	0	5	True	"{""ok"": 5}"	160.61328125	152.109375	170.6796875	4.015625	2.54296875	160.61328125	152.109375	170.6796875	4.015625	2.54296875
baseline-original	mfomd	011c33d46e6b36a07fdc5d6777783747d0a5345f05c6752035f6e9b592b78762	full	1	hermit-common	5	5	0	5	True	"{""ok"": 5}"	719.90234375	715.9140625	725.2734375	3.4375	1.85546875	719.90234375	715.9140625	725.2734375	3.4375	1.85546875
baseline-original	mfomd	011c33d46e6b36a07fdc5d6777783747d0a5345f05c6752035f6e9b592b78762	full	1	hermit-library	5	5	0	5	True	"{""ok"": 5}"	166.140625	164.67578125	166.8125	1.0859375	0.671875	166.140625	164.67578125	166.8125	1.0859375	0.671875
baseline-original	mfomd	011c33d46e6b36a07fdc5d6777783747d0a5345f05c6752035f6e9b592b78762	full	1	jfact-common	5	5	0	5	True	"{""ok"": 5}"	1036.10546875	1033.7890625	1100.328125	21.94140625	2.31640625	1036.10546875	1033.7890625	1100.328125	21.94140625	2.31640625
baseline-original	mfomd	011c33d46e6b36a07fdc5d6777783747d0a5345f05c6752035f6e9b592b78762	full	1	jfact-library	5	5	0	5	True	"{""ok"": 5}"	250.03125	246.87890625	257.9375	3.015625	2.26953125	250.03125	246.87890625	257.9375	3.015625	2.26953125
baseline-original	mfomd	011c33d46e6b36a07fdc5d6777783747d0a5345f05c6752035f6e9b592b78762	full	1	openllet-common	5	5	0	5	True	"{""ok"": 5}"	706.03515625	698.85546875	728.546875	1.51171875	1.24609375	706.03515625	698.85546875	728.546875	1.51171875	1.24609375
baseline-original	mfomd	011c33d46e6b36a07fdc5d6777783747d0a5345f05c6752035f6e9b592b78762	full	1	openllet-library	5	5	0	5	True	"{""ok"": 5}"	163.3984375	160.94921875	170.32421875	1.0078125	0.85546875	163.3984375	160.94921875	170.32421875	1.0078125	0.85546875
baseline-original	mfomd	011c33d46e6b36a07fdc5d6777783747d0a5345f05c6752035f6e9b592b78762	full	10	hermit-common	5	5	0	5	True	"{""ok"": 5}"	724.296875	720.26953125	732.5234375	3.06640625	1.5546875	724.296875	720.26953125	732.5234375	3.06640625	1.5546875
baseline-original	mfomd	011c33d46e6b36a07fdc5d6777783747d0a5345f05c6752035f6e9b592b78762	full	10	hermit-library	5	5	0	5	True	"{""ok"": 5}"	655.90234375	650.13671875	672.15625	6.640625	4.6015625	655.90234375	650.13671875	672.15625	6.640625	4.6015625
baseline-original	mfomd	011c33d46e6b36a07fdc5d6777783747d0a5345f05c6752035f6e9b592b78762	full	10	jfact-common	5	5	0	5	True	"{""ok"": 5}"	1025.921875	1012.3046875	1047.16015625	20.2734375	13.6171875	1025.921875	1012.3046875	1047.16015625	20.2734375	13.6171875
baseline-original	mfomd	011c33d46e6b36a07fdc5d6777783747d0a5345f05c6752035f6e9b592b78762	full	10	jfact-library	5	5	0	5	True	"{""ok"": 5}"	488.5234375	444.40234375	496.046875	9.328125	7.5234375	488.5234375	444.40234375	496.046875	9.328125	7.5234375
baseline-original	mfomd	011c33d46e6b36a07fdc5d6777783747d0a5345f05c6752035f6e9b592b78762	full	10	openllet-common	5	5	0	5	True	"{""ok"": 5}"	704.27734375	695.94921875	721.0625	3.6796875	3.55859375	704.27734375	695.94921875	721.0625	3.6796875	3.55859375
baseline-original	mfomd	011c33d46e6b36a07fdc5d6777783747d0a5345f05c6752035f6e9b592b78762	full	10	openllet-library	5	5	0	5	True	"{""ok"": 5}"	609.0625	597.45703125	614.79296875	7.2421875	4.99609375	609.0625	597.45703125	614.79296875	7.2421875	4.99609375
baseline-original	mfomd	011c33d46e6b36a07fdc5d6777783747d0a5345f05c6752035f6e9b592b78762	full	100	hermit-common	5	5	0	5	True	"{""ok"": 5}"	721.5546875	720.078125	728.94140625	7.3671875	1.4765625	721.5546875	720.078125	728.94140625	7.3671875	1.4765625
baseline-original	mfomd	011c33d46e6b36a07fdc5d6777783747d0a5345f05c6752035f6e9b592b78762	full	100	hermit-library	5	5	0	5	True	"{""ok"": 5}"	648.6640625	644.87890625	656.625	9.72265625	3.78515625	648.6640625	644.87890625	656.625	9.72265625	3.78515625
baseline-original	mfomd	011c33d46e6b36a07fdc5d6777783747d0a5345f05c6752035f6e9b592b78762	full	100	jfact-common	5	5	0	5	True	"{""ok"": 5}"	1030.58203125	1027.44921875	1050.671875	7.95703125	3.1328125	1030.58203125	1027.44921875	1050.671875	7.95703125	3.1328125
baseline-original	mfomd	011c33d46e6b36a07fdc5d6777783747d0a5345f05c6752035f6e9b592b78762	full	100	jfact-library	5	5	0	5	True	"{""ok"": 5}"	504.77734375	468.78125	524.765625	27.953125	18.875	504.77734375	468.78125	524.765625	27.953125	18.875
baseline-original	mfomd	011c33d46e6b36a07fdc5d6777783747d0a5345f05c6752035f6e9b592b78762	full	100	openllet-common	5	5	0	5	True	"{""ok"": 5}"	707.1796875	706.3515625	724.8984375	1.78515625	0.828125	707.1796875	706.3515625	724.8984375	1.78515625	0.828125
baseline-original	mfomd	011c33d46e6b36a07fdc5d6777783747d0a5345f05c6752035f6e9b592b78762	full	100	openllet-library	5	5	0	5	True	"{""ok"": 5}"	609.203125	591.15234375	625.24609375	18.40625	9.38671875	609.203125	591.15234375	625.24609375	18.40625	9.38671875
baseline-original	mfomd	011c33d46e6b36a07fdc5d6777783747d0a5345f05c6752035f6e9b592b78762	module	1	hermit-common	5	5	0	5	True	"{""ok"": 5}"	170.75390625	166.7109375	173.09765625	2.05859375	1.59375	170.75390625	166.7109375	173.09765625	2.05859375	1.59375
baseline-original	mfomd	011c33d46e6b36a07fdc5d6777783747d0a5345f05c6752035f6e9b592b78762	module	1	hermit-library	5	5	0	5	True	"{""ok"": 5}"	120.859375	114.76171875	127.05859375	8.3515625	6.09765625	120.859375	114.76171875	127.05859375	8.3515625	6.09765625
baseline-original	mfomd	011c33d46e6b36a07fdc5d6777783747d0a5345f05c6752035f6e9b592b78762	module	1	jfact-common	5	5	0	5	True	"{""ok"": 5}"	253.62890625	251.70703125	260.56640625	3.4296875	1.8125	253.62890625	251.70703125	260.56640625	3.4296875	1.8125
baseline-original	mfomd	011c33d46e6b36a07fdc5d6777783747d0a5345f05c6752035f6e9b592b78762	module	1	jfact-library	5	5	0	5	True	"{""ok"": 5}"	162.9765625	158.390625	173.04296875	4.6875	4.3046875	162.9765625	158.390625	173.04296875	4.6875	4.3046875
baseline-original	mfomd	011c33d46e6b36a07fdc5d6777783747d0a5345f05c6752035f6e9b592b78762	module	1	openllet-common	5	5	0	5	True	"{""ok"": 5}"	146.8515625	139.3125	153.17578125	3.6875	2.7265625	146.8515625	139.3125	153.17578125	3.6875	2.7265625
baseline-original	mfomd	011c33d46e6b36a07fdc5d6777783747d0a5345f05c6752035f6e9b592b78762	module	1	openllet-library	5	5	0	5	True	"{""ok"": 5}"	117.4375	114.87890625	128.61328125	4.1796875	2.55859375	117.4375	114.87890625	128.61328125	4.1796875	2.55859375
baseline-original	mfomd	011c33d46e6b36a07fdc5d6777783747d0a5345f05c6752035f6e9b592b78762	module	10	hermit-common	5	5	0	5	True	"{""ok"": 5}"	176.64453125	173.55078125	183.37890625	3.8984375	2.71875	176.64453125	173.55078125	183.37890625	3.8984375	2.71875
baseline-original	mfomd	011c33d46e6b36a07fdc5d6777783747d0a5345f05c6752035f6e9b592b78762	module	10	hermit-library	5	5	0	5	True	"{""ok"": 5}"	170.4296875	165.54296875	177.16015625	4.80859375	4.01953125	170.4296875	165.54296875	177.16015625	4.80859375	4.01953125
baseline-original	mfomd	011c33d46e6b36a07fdc5d6777783747d0a5345f05c6752035f6e9b592b78762	module	10	jfact-common	5	5	0	5	True	"{""ok"": 5}"	259.75390625	254.8671875	274.6875	3.08203125	2.21484375	259.75390625	254.8671875	274.6875	3.08203125	2.21484375
baseline-original	mfomd	011c33d46e6b36a07fdc5d6777783747d0a5345f05c6752035f6e9b592b78762	module	10	jfact-library	5	5	0	5	True	"{""ok"": 5}"	186.359375	166.7265625	195.90625	9.6171875	5.640625	186.359375	166.7265625	195.90625	9.6171875	5.640625
baseline-original	mfomd	011c33d46e6b36a07fdc5d6777783747d0a5345f05c6752035f6e9b592b78762	module	10	openllet-common	5	5	0	5	True	"{""ok"": 5}"	150.55078125	145.515625	160.47265625	4.78125	3.9453125	150.55078125	145.515625	160.47265625	4.78125	3.9453125
baseline-original	mfomd	011c33d46e6b36a07fdc5d6777783747d0a5345f05c6752035f6e9b592b78762	module	10	openllet-library	5	5	0	5	True	"{""ok"": 5}"	133.11328125	128.35546875	142.05859375	10.5	4.7578125	133.11328125	128.35546875	142.05859375	10.5	4.7578125
baseline-original	mfomd	011c33d46e6b36a07fdc5d6777783747d0a5345f05c6752035f6e9b592b78762	module	100	hermit-common	5	5	0	5	True	"{""ok"": 5}"	177.5	172.91015625	180.2421875	1.91796875	1.078125	177.5	172.91015625	180.2421875	1.91796875	1.078125
baseline-original	mfomd	011c33d46e6b36a07fdc5d6777783747d0a5345f05c6752035f6e9b592b78762	module	100	hermit-library	5	5	0	5	True	"{""ok"": 5}"	170.23828125	162.24609375	174.23046875	7.08203125	3.9921875	170.23828125	162.24609375	174.23046875	7.08203125	3.9921875
baseline-original	mfomd	011c33d46e6b36a07fdc5d6777783747d0a5345f05c6752035f6e9b592b78762	module	100	jfact-common	5	5	0	5	True	"{""ok"": 5}"	268.54296875	259.60546875	272.0	6.8984375	3.45703125	268.54296875	259.60546875	272.0	6.8984375	3.45703125
baseline-original	mfomd	011c33d46e6b36a07fdc5d6777783747d0a5345f05c6752035f6e9b592b78762	module	100	jfact-library	5	5	0	5	True	"{""ok"": 5}"	193.6953125	181.76171875	197.41796875	12.796875	3.72265625	193.6953125	181.76171875	197.41796875	12.796875	3.72265625
baseline-original	mfomd	011c33d46e6b36a07fdc5d6777783747d0a5345f05c6752035f6e9b592b78762	module	100	openllet-common	5	5	0	5	True	"{""ok"": 5}"	155.34765625	148.94921875	158.93359375	1.69140625	1.47265625	155.34765625	148.94921875	158.93359375	1.69140625	1.47265625
baseline-original	mfomd	011c33d46e6b36a07fdc5d6777783747d0a5345f05c6752035f6e9b592b78762	module	100	openllet-library	5	5	0	5	True	"{""ok"": 5}"	137.4375	128.98046875	142.08203125	10.23046875	4.64453125	137.4375	128.98046875	142.08203125	10.23046875	4.64453125
baseline-original	mfomd	0139834153c76ce6cdc48b17beb2aa6d7966542ce7becdcbea86123a4e3045cd	full	1	hermit-common	5	5	0	5	True	"{""ok"": 5}"	722.9140625	720.30859375	736.515625	8.046875	2.60546875	722.9140625	720.30859375	736.515625	8.046875	2.60546875
baseline-original	mfomd	0139834153c76ce6cdc48b17beb2aa6d7966542ce7becdcbea86123a4e3045cd	full	1	hermit-library	5	5	0	5	True	"{""ok"": 5}"	165.62890625	162.4765625	166.55859375	2.66015625	0.9296875	165.62890625	162.4765625	166.55859375	2.66015625	0.9296875
baseline-original	mfomd	0139834153c76ce6cdc48b17beb2aa6d7966542ce7becdcbea86123a4e3045cd	full	1	jfact-common	5	5	0	5	True	"{""ok"": 5}"	1041.49609375	1030.41796875	1055.50390625	21.91796875	11.078125	1041.49609375	1030.41796875	1055.50390625	21.91796875	11.078125
baseline-original	mfomd	0139834153c76ce6cdc48b17beb2aa6d7966542ce7becdcbea86123a4e3045cd	full	1	jfact-library	5	5	0	5	True	"{""ok"": 5}"	253.515625	247.64453125	258.125	7.984375	4.609375	253.515625	247.64453125	258.125	7.984375	4.609375
baseline-original	mfomd	0139834153c76ce6cdc48b17beb2aa6d7966542ce7becdcbea86123a4e3045cd	full	1	openllet-common	5	5	0	5	True	"{""ok"": 5}"	705.8046875	696.8984375	711.66015625	10.25390625	5.85546875	705.8046875	696.8984375	711.66015625	10.25390625	5.85546875
baseline-original	mfomd	0139834153c76ce6cdc48b17beb2aa6d7966542ce7becdcbea86123a4e3045cd	full	1	openllet-library	5	5	0	5	True	"{""ok"": 5}"	164.38671875	157.31640625	171.55078125	7.37109375	4.4921875	164.38671875	157.31640625	171.55078125	7.37109375	4.4921875
baseline-original	mfomd	0139834153c76ce6cdc48b17beb2aa6d7966542ce7becdcbea86123a4e3045cd	full	10	hermit-common	5	5	0	5	True	"{""ok"": 5}"	725.703125	722.7109375	732.9765625	6.140625	2.9921875	725.703125	722.7109375	732.9765625	6.140625	2.9921875
baseline-original	mfomd	0139834153c76ce6cdc48b17beb2aa6d7966542ce7becdcbea86123a4e3045cd	full	10	hermit-library	5	5	0	5	True	"{""ok"": 5}"	666.125	661.39453125	671.58203125	3.00390625	2.76171875	666.125	661.39453125	671.58203125	3.00390625	2.76171875
baseline-original	mfomd	0139834153c76ce6cdc48b17beb2aa6d7966542ce7becdcbea86123a4e3045cd	full	10	jfact-common	5	5	0	5	True	"{""ok"": 5}"	1038.81640625	1022.94921875	1045.0859375	10.125	6.26953125	1038.81640625	1022.94921875	1045.0859375	10.125	6.26953125
baseline-original	mfomd	0139834153c76ce6cdc48b17beb2aa6d7966542ce7becdcbea86123a4e3045cd	full	10	jfact-library	5	5	0	5	True	"{""ok"": 5}"	575.265625	562.1171875	578.3125	7.26953125	3.046875	575.265625	562.1171875	578.3125	7.26953125	3.046875
baseline-original	mfomd	0139834153c76ce6cdc48b17beb2aa6d7966542ce7becdcbea86123a4e3045cd	full	10	openllet-common	5	5	0	5	True	"{""ok"": 5}"	706.9296875	700.76171875	707.51171875	4.125	0.58203125	706.9296875	700.76171875	707.51171875	4.125	0.58203125
baseline-original	mfomd	0139834153c76ce6cdc48b17beb2aa6d7966542ce7becdcbea86123a4e3045cd	full	10	openllet-library	5	5	0	5	True	"{""ok"": 5}"	655.41015625	653.53125	667.98046875	9.91796875	1.87890625	655.41015625	653.53125	667.98046875	9.91796875	1.87890625
baseline-original	mfomd	0139834153c76ce6cdc48b17beb2aa6d7966542ce7becdcbea86123a4e3045cd	full	100	hermit-common	5	5	0	5	True	"{""ok"": 5}"	720.8671875	714.984375	724.609375	3.98828125	2.9453125	720.8671875	714.984375	724.609375	3.98828125	2.9453125
baseline-original	mfomd	0139834153c76ce6cdc48b17beb2aa6d7966542ce7becdcbea86123a4e3045cd	full	100	hermit-library	5	5	0	5	True	"{""ok"": 5}"	656.6015625	651.29296875	661.8203125	3.5546875	2.51171875	656.6015625	651.29296875	661.8203125	3.5546875	2.51171875
baseline-original	mfomd	0139834153c76ce6cdc48b17beb2aa6d7966542ce7becdcbea86123a4e3045cd	full	100	jfact-common	5	5	0	5	True	"{""ok"": 5}"	1040.7265625	1022.01171875	1070.22265625	13.0625	8.6171875	1040.7265625	1022.01171875	1070.22265625	13.0625	8.6171875
baseline-original	mfomd	0139834153c76ce6cdc48b17beb2aa6d7966542ce7becdcbea86123a4e3045cd	full	100	jfact-library	5	5	0	5	True	"{""ok"": 5}"	557.390625	540.04296875	566.59375	16.03125	9.203125	557.390625	540.04296875	566.59375	16.03125	9.203125
baseline-original	mfomd	0139834153c76ce6cdc48b17beb2aa6d7966542ce7becdcbea86123a4e3045cd	full	100	openllet-common	5	5	0	5	True	"{""ok"": 5}"	703.32421875	698.3203125	706.56640625	3.80078125	3.23046875	703.32421875	698.3203125	706.56640625	3.80078125	3.23046875
baseline-original	mfomd	0139834153c76ce6cdc48b17beb2aa6d7966542ce7becdcbea86123a4e3045cd	full	100	openllet-library	5	5	0	5	True	"{""ok"": 5}"	660.046875	649.734375	665.41796875	8.1484375	5.37109375	660.046875	649.734375	665.41796875	8.1484375	5.37109375
baseline-original	mfomd	0139834153c76ce6cdc48b17beb2aa6d7966542ce7becdcbea86123a4e3045cd	module	1	hermit-common	5	5	0	5	True	"{""ok"": 5}"	215.4375	204.79296875	219.54296875	3.7421875	3.60546875	215.4375	204.79296875	219.54296875	3.7421875	3.60546875
baseline-original	mfomd	0139834153c76ce6cdc48b17beb2aa6d7966542ce7becdcbea86123a4e3045cd	module	1	hermit-library	5	5	0	5	True	"{""ok"": 5}"	131.8125	122.078125	136.3203125	2.74609375	2.25390625	131.8125	122.078125	136.3203125	2.74609375	2.25390625
baseline-original	mfomd	0139834153c76ce6cdc48b17beb2aa6d7966542ce7becdcbea86123a4e3045cd	module	1	jfact-common	5	5	0	5	True	"{""ok"": 5}"	261.15625	258.9296875	266.22265625	2.8125	2.2265625	261.15625	258.9296875	266.22265625	2.8125	2.2265625
baseline-original	mfomd	0139834153c76ce6cdc48b17beb2aa6d7966542ce7becdcbea86123a4e3045cd	module	1	jfact-library	5	5	0	5	True	"{""ok"": 5}"	166.15625	152.03125	178.046875	11.63671875	7.3203125	166.15625	152.03125	178.046875	11.63671875	7.3203125
baseline-original	mfomd	0139834153c76ce6cdc48b17beb2aa6d7966542ce7becdcbea86123a4e3045cd	module	1	openllet-common	5	5	0	5	True	"{""ok"": 5}"	179.89453125	169.1171875	184.59375	4.0546875	3.26953125	179.89453125	169.1171875	184.59375	4.0546875	3.26953125
baseline-original	mfomd	0139834153c76ce6cdc48b17beb2aa6d7966542ce7becdcbea86123a4e3045cd	module	1	openllet-library	5	5	0	5	True	"{""ok"": 5}"	128.17578125	116.625	132.890625	2.33984375	1.65234375	128.17578125	116.625	132.890625	2.33984375	1.65234375
baseline-original	mfomd	0139834153c76ce6cdc48b17beb2aa6d7966542ce7becdcbea86123a4e3045cd	module	10	hermit-common	5	5	0	5	True	"{""ok"": 5}"	223.12890625	211.72265625	230.57421875	1.6015625	0.953125	223.12890625	211.72265625	230.57421875	1.6015625	0.953125
baseline-original	mfomd	0139834153c76ce6cdc48b17beb2aa6d7966542ce7becdcbea86123a4e3045cd	module	10	hermit-library	5	5	0	5	True	"{""ok"": 5}"	194.4453125	185.40625	196.35546875	4.78515625	1.91015625	194.4453125	185.40625	196.35546875	4.78515625	1.91015625
baseline-original	mfomd	0139834153c76ce6cdc48b17beb2aa6d7966542ce7becdcbea86123a4e3045cd	module	10	jfact-common	5	5	0	5	True	"{""ok"": 5}"	263.5546875	258.37109375	272.7421875	9.54296875	5.18359375	263.5546875	258.37109375	272.7421875	9.54296875	5.18359375
baseline-original	mfomd	0139834153c76ce6cdc48b17beb2aa6d7966542ce7becdcbea86123a4e3045cd	module	10	jfact-library	5	5	0	5	True	"{""ok"": 5}"	201.36328125	183.12109375	219.44140625	29.41015625	16.31640625	201.36328125	183.12109375	219.44140625	29.41015625	16.31640625
baseline-original	mfomd	0139834153c76ce6cdc48b17beb2aa6d7966542ce7becdcbea86123a4e3045cd	module	10	openllet-common	5	5	0	5	True	"{""ok"": 5}"	179.1796875	170.3125	183.10546875	2.2265625	2.203125	179.1796875	170.3125	183.10546875	2.2265625	2.203125
baseline-original	mfomd	0139834153c76ce6cdc48b17beb2aa6d7966542ce7becdcbea86123a4e3045cd	module	10	openllet-library	5	5	0	5	True	"{""ok"": 5}"	158.34375	148.11328125	164.08984375	6.5859375	4.52734375	158.34375	148.11328125	164.08984375	6.5859375	4.52734375
baseline-original	mfomd	0139834153c76ce6cdc48b17beb2aa6d7966542ce7becdcbea86123a4e3045cd	module	100	hermit-common	5	5	0	5	True	"{""ok"": 5}"	218.35546875	209.765625	219.421875	4.68359375	1.06640625	218.35546875	209.765625	219.421875	4.68359375	1.06640625
baseline-original	mfomd	0139834153c76ce6cdc48b17beb2aa6d7966542ce7becdcbea86123a4e3045cd	module	100	hermit-library	5	5	0	5	True	"{""ok"": 5}"	193.1328125	183.328125	198.37109375	4.47265625	4.23046875	193.1328125	183.328125	198.37109375	4.47265625	4.23046875
baseline-original	mfomd	0139834153c76ce6cdc48b17beb2aa6d7966542ce7becdcbea86123a4e3045cd	module	100	jfact-common	5	5	0	5	True	"{""ok"": 5}"	259.19921875	254.6796875	264.2265625	5.34765625	4.22265625	259.19921875	254.6796875	264.2265625	5.34765625	4.22265625
baseline-original	mfomd	0139834153c76ce6cdc48b17beb2aa6d7966542ce7becdcbea86123a4e3045cd	module	100	jfact-library	5	5	0	5	True	"{""ok"": 5}"	210.0	187.01171875	221.7734375	20.9375	11.7734375	210.0	187.01171875	221.7734375	20.9375	11.7734375
baseline-original	mfomd	0139834153c76ce6cdc48b17beb2aa6d7966542ce7becdcbea86123a4e3045cd	module	100	openllet-common	5	5	0	5	True	"{""ok"": 5}"	177.2421875	165.57421875	188.125	6.4296875	4.02734375	177.2421875	165.57421875	188.125	6.4296875	4.02734375
baseline-original	mfomd	0139834153c76ce6cdc48b17beb2aa6d7966542ce7becdcbea86123a4e3045cd	module	100	openllet-library	5	5	0	5	True	"{""ok"": 5}"	159.34375	139.95703125	161.34765625	3.078125	1.7421875	159.34375	139.95703125	161.34765625	3.078125	1.7421875
baseline-original	mmo	000d25e56e57c9f985e8c2793f62b2510b08e924bd56fa5873a500e4c2922dc9	full	1	elk-common	5	5	0	5	True	"{""ok"": 5}"	677.9609375	666.08203125	700.0390625	8.12890625	7.78515625	677.9609375	666.08203125	700.0390625	8.12890625	7.78515625
baseline-original	mmo	000d25e56e57c9f985e8c2793f62b2510b08e924bd56fa5873a500e4c2922dc9	full	1	hermit-common	5	5	0	5	True	"{""ok"": 5}"	711.23046875	705.7421875	739.41796875	11.66015625	5.48828125	711.23046875	705.7421875	739.41796875	11.66015625	5.48828125
baseline-original	mmo	000d25e56e57c9f985e8c2793f62b2510b08e924bd56fa5873a500e4c2922dc9	full	1	hermit-library	5	5	0	5	True	"{""ok"": 5}"	160.98828125	158.06640625	162.49609375	2.74609375	1.5078125	160.98828125	158.06640625	162.49609375	2.74609375	1.5078125
baseline-original	mmo	000d25e56e57c9f985e8c2793f62b2510b08e924bd56fa5873a500e4c2922dc9	full	1	jfact-common	5	5	0	5	True	"{""ok"": 5}"	1017.28125	1006.59765625	1021.90234375	5.40625	4.5078125	1017.28125	1006.59765625	1021.90234375	5.40625	4.5078125
baseline-original	mmo	000d25e56e57c9f985e8c2793f62b2510b08e924bd56fa5873a500e4c2922dc9	full	1	jfact-library	5	5	0	5	True	"{""ok"": 5}"	230.51953125	222.23046875	239.296875	10.62890625	5.63671875	230.51953125	222.23046875	239.296875	10.62890625	5.63671875
baseline-original	mmo	000d25e56e57c9f985e8c2793f62b2510b08e924bd56fa5873a500e4c2922dc9	full	1	openllet-common	5	5	0	5	True	"{""ok"": 5}"	689.1796875	680.91015625	724.53125	8.08203125	5.52734375	689.1796875	680.91015625	724.53125	8.08203125	5.52734375
baseline-original	mmo	000d25e56e57c9f985e8c2793f62b2510b08e924bd56fa5873a500e4c2922dc9	full	1	openllet-library	5	5	0	5	True	"{""ok"": 5}"	168.3125	165.28515625	170.46484375	3.25	2.15234375	168.3125	165.28515625	170.46484375	3.25	2.15234375
baseline-original	mmo	000d25e56e57c9f985e8c2793f62b2510b08e924bd56fa5873a500e4c2922dc9	full	1	whelk-common	5	5	0	5	True	"{""ok"": 5}"	709.6015625	698.984375	718.39453125	5.0234375	4.7109375	709.6015625	698.984375	718.39453125	5.0234375	4.7109375
baseline-original	mmo	000d25e56e57c9f985e8c2793f62b2510b08e924bd56fa5873a500e4c2922dc9	full	10	elk-common	5	5	0	5	True	"{""ok"": 5}"	670.71484375	663.7109375	680.84375	2.43359375	1.98046875	670.71484375	663.7109375	680.84375	2.43359375	1.98046875
baseline-original	mmo	000d25e56e57c9f985e8c2793f62b2510b08e924bd56fa5873a500e4c2922dc9	full	10	hermit-common	5	5	0	5	True	"{""ok"": 5}"	717.19921875	709.12109375	720.41796875	8.2734375	3.21875	717.19921875	709.12109375	720.41796875	8.2734375	3.21875
baseline-original	mmo	000d25e56e57c9f985e8c2793f62b2510b08e924bd56fa5873a500e4c2922dc9	full	10	hermit-library	5	5	0	5	True	"{""ok"": 5}"	447.08203125	443.50390625	449.66796875	1.72265625	1.48046875	447.08203125	443.50390625	449.66796875	1.72265625	1.48046875
baseline-original	mmo	000d25e56e57c9f985e8c2793f62b2510b08e924bd56fa5873a500e4c2922dc9	full	10	jfact-common	5	5	0	5	True	"{""ok"": 5}"	1000.14453125	991.390625	1020.3984375	6.16015625	3.40234375	1000.14453125	991.390625	1020.3984375	6.16015625	3.40234375
baseline-original	mmo	000d25e56e57c9f985e8c2793f62b2510b08e924bd56fa5873a500e4c2922dc9	full	10	jfact-library	5	5	0	5	True	"{""ok"": 5}"	443.2421875	430.6171875	455.0703125	6.29296875	3.2578125	443.2421875	430.6171875	455.0703125	6.29296875	3.2578125
baseline-original	mmo	000d25e56e57c9f985e8c2793f62b2510b08e924bd56fa5873a500e4c2922dc9	full	10	openllet-common	5	5	0	5	True	"{""ok"": 5}"	691.03515625	679.33203125	721.1953125	10.234375	5.56640625	691.03515625	679.33203125	721.1953125	10.234375	5.56640625
baseline-original	mmo	000d25e56e57c9f985e8c2793f62b2510b08e924bd56fa5873a500e4c2922dc9	full	10	openllet-library	5	5	0	5	True	"{""ok"": 5}"	404.5625	403.73046875	410.5234375	3.80078125	0.83203125	404.5625	403.73046875	410.5234375	3.80078125	0.83203125
baseline-original	mmo	000d25e56e57c9f985e8c2793f62b2510b08e924bd56fa5873a500e4c2922dc9	full	10	whelk-common	5	5	0	5	True	"{""ok"": 5}"	713.015625	701.61328125	739.078125	10.7578125	6.62109375	713.015625	701.61328125	739.078125	10.7578125	6.62109375
baseline-original	mmo	000d25e56e57c9f985e8c2793f62b2510b08e924bd56fa5873a500e4c2922dc9	full	100	elk-common	5	5	0	5	True	"{""ok"": 5}"	681.61328125	672.4296875	702.30859375	3.5625	3.125	681.61328125	672.4296875	702.30859375	3.5625	3.125
baseline-original	mmo	000d25e56e57c9f985e8c2793f62b2510b08e924bd56fa5873a500e4c2922dc9	full	100	hermit-common	5	5	0	5	True	"{""ok"": 5}"	710.49609375	706.55859375	721.75390625	4.9296875	2.82421875	710.49609375	706.55859375	721.75390625	4.9296875	2.82421875
baseline-original	mmo	000d25e56e57c9f985e8c2793f62b2510b08e924bd56fa5873a500e4c2922dc9	full	100	hermit-library	5	5	0	5	True	"{""ok"": 5}"	447.5	443.90234375	450.453125	3.72265625	2.2421875	447.5	443.90234375	450.453125	3.72265625	2.2421875
baseline-original	mmo	000d25e56e57c9f985e8c2793f62b2510b08e924bd56fa5873a500e4c2922dc9	full	100	jfact-common	5	5	0	5	True	"{""ok"": 5}"	1014.04296875	1001.96875	1017.1484375	9.05078125	3.10546875	1014.04296875	1001.96875	1017.1484375	9.05078125	3.10546875
baseline-original	mmo	000d25e56e57c9f985e8c2793f62b2510b08e924bd56fa5873a500e4c2922dc9	full	100	jfact-library	5	5	0	5	True	"{""ok"": 5}"	439.8046875	429.1953125	450.15234375	11.01171875	10.3203125	439.8046875	429.1953125	450.15234375	11.01171875	10.3203125
baseline-original	mmo	000d25e56e57c9f985e8c2793f62b2510b08e924bd56fa5873a500e4c2922dc9	full	100	openllet-common	5	5	0	5	True	"{""ok"": 5}"	686.96484375	679.6953125	725.828125	30.80859375	7.26953125	686.96484375	679.6953125	725.828125	30.80859375	7.26953125
baseline-original	mmo	000d25e56e57c9f985e8c2793f62b2510b08e924bd56fa5873a500e4c2922dc9	full	100	openllet-library	5	5	0	5	True	"{""ok"": 5}"	407.01171875	405.4296875	410.6484375	2.4765625	1.43359375	407.01171875	405.4296875	410.6484375	2.4765625	1.43359375
baseline-original	mmo	000d25e56e57c9f985e8c2793f62b2510b08e924bd56fa5873a500e4c2922dc9	full	100	whelk-common	5	5	0	5	True	"{""ok"": 5}"	706.28125	701.5859375	737.30078125	2.23046875	1.76953125	706.28125	701.5859375	737.30078125	2.23046875	1.76953125
baseline-original	mmo	000d25e56e57c9f985e8c2793f62b2510b08e924bd56fa5873a500e4c2922dc9	module	1	elk-common	5	5	0	5	True	"{""ok"": 5}"	129.4296875	124.98046875	132.65625	4.7109375	3.2265625	129.4296875	124.98046875	132.65625	4.7109375	3.2265625
baseline-original	mmo	000d25e56e57c9f985e8c2793f62b2510b08e924bd56fa5873a500e4c2922dc9	module	1	hermit-common	5	5	0	5	True	"{""ok"": 5}"	114.9765625	112.56640625	117.98046875	2.78125	2.2109375	114.9765625	112.56640625	117.98046875	2.78125	2.2109375
baseline-original	mmo	000d25e56e57c9f985e8c2793f62b2510b08e924bd56fa5873a500e4c2922dc9	module	1	hermit-library	5	5	0	5	True	"{""ok"": 5}"	117.640625	117.375	121.60546875	1.9140625	0.265625	117.640625	117.375	121.60546875	1.9140625	0.265625
baseline-original	mmo	000d25e56e57c9f985e8c2793f62b2510b08e924bd56fa5873a500e4c2922dc9	module	1	jfact-common	5	5	0	5	True	"{""ok"": 5}"	160.609375	158.11328125	166.86328125	2.625	1.4921875	160.609375	158.11328125	166.86328125	2.625	1.4921875
baseline-original	mmo	000d25e56e57c9f985e8c2793f62b2510b08e924bd56fa5873a500e4c2922dc9	module	1	jfact-library	5	5	0	5	True	"{""ok"": 5}"	157.4765625	156.51171875	160.6015625	1.98828125	0.96484375	157.4765625	156.51171875	160.6015625	1.98828125	0.96484375
baseline-original	mmo	000d25e56e57c9f985e8c2793f62b2510b08e924bd56fa5873a500e4c2922dc9	module	1	openllet-common	5	5	0	5	True	"{""ok"": 5}"	122.07421875	121.03125	124.28125	2.30859375	1.04296875	122.07421875	121.03125	124.28125	2.30859375	1.04296875
baseline-original	mmo	000d25e56e57c9f985e8c2793f62b2510b08e924bd56fa5873a500e4c2922dc9	module	1	openllet-library	5	5	0	5	True	"{""ok"": 5}"	122.2578125	122.12109375	123.5234375	0.16796875	0.09375	122.2578125	122.12109375	123.5234375	0.16796875	0.09375
baseline-original	mmo	000d25e56e57c9f985e8c2793f62b2510b08e924bd56fa5873a500e4c2922dc9	module	1	whelk-common	5	5	0	5	True	"{""ok"": 5}"	126.52734375	125.6796875	127.796875	0.84765625	0.515625	126.52734375	125.6796875	127.796875	0.84765625	0.515625
baseline-original	mmo	000d25e56e57c9f985e8c2793f62b2510b08e924bd56fa5873a500e4c2922dc9	module	10	elk-common	5	5	0	5	True	"{""ok"": 5}"	127.80859375	124.953125	136.6640625	0.87109375	0.46484375	127.80859375	124.953125	136.6640625	0.87109375	0.46484375
baseline-original	mmo	000d25e56e57c9f985e8c2793f62b2510b08e924bd56fa5873a500e4c2922dc9	module	10	hermit-common	5	5	0	5	True	"{""ok"": 5}"	117.06640625	114.8359375	121.9140625	6.37890625	2.23046875	117.06640625	114.8359375	121.9140625	6.37890625	2.23046875
baseline-original	mmo	000d25e56e57c9f985e8c2793f62b2510b08e924bd56fa5873a500e4c2922dc9	module	10	hermit-library	5	5	0	5	True	"{""ok"": 5}"	124.4609375	122.98046875	128.609375	0.22265625	0.2109375	124.4609375	122.98046875	128.609375	0.22265625	0.2109375
baseline-original	mmo	000d25e56e57c9f985e8c2793f62b2510b08e924bd56fa5873a500e4c2922dc9	module	10	jfact-common	5	5	0	5	True	"{""ok"": 5}"	169.94921875	162.359375	171.3046875	6.05859375	1.35546875	169.94921875	162.359375	171.3046875	6.05859375	1.35546875
baseline-original	mmo	000d25e56e57c9f985e8c2793f62b2510b08e924bd56fa5873a500e4c2922dc9	module	10	jfact-library	5	5	0	5	True	"{""ok"": 5}"	161.84765625	156.7734375	163.6953125	4.546875	1.84765625	161.84765625	156.7734375	163.6953125	4.546875	1.84765625
baseline-original	mmo	000d25e56e57c9f985e8c2793f62b2510b08e924bd56fa5873a500e4c2922dc9	module	10	openllet-common	5	5	0	5	True	"{""ok"": 5}"	123.046875	119.18359375	125.33203125	4.04296875	2.28515625	123.046875	119.18359375	125.33203125	4.04296875	2.28515625
baseline-original	mmo	000d25e56e57c9f985e8c2793f62b2510b08e924bd56fa5873a500e4c2922dc9	module	10	openllet-library	5	5	0	5	True	"{""ok"": 5}"	121.125	119.30859375	123.02734375	1.78125	1.11328125	121.125	119.30859375	123.02734375	1.78125	1.11328125
baseline-original	mmo	000d25e56e57c9f985e8c2793f62b2510b08e924bd56fa5873a500e4c2922dc9	module	10	whelk-common	5	5	0	5	True	"{""ok"": 5}"	123.98828125	121.01171875	125.0703125	1.79296875	1.08203125	123.98828125	121.01171875	125.0703125	1.79296875	1.08203125
baseline-original	mmo	000d25e56e57c9f985e8c2793f62b2510b08e924bd56fa5873a500e4c2922dc9	module	100	elk-common	5	5	0	5	True	"{""ok"": 5}"	129.23046875	127.05078125	132.25390625	0.4765625	0.3671875	129.23046875	127.05078125	132.25390625	0.4765625	0.3671875
baseline-original	mmo	000d25e56e57c9f985e8c2793f62b2510b08e924bd56fa5873a500e4c2922dc9	module	100	hermit-common	5	5	0	5	True	"{""ok"": 5}"	117.41796875	117.01171875	119.5859375	2.1875	0.40625	117.41796875	117.01171875	119.5859375	2.1875	0.40625
baseline-original	mmo	000d25e56e57c9f985e8c2793f62b2510b08e924bd56fa5873a500e4c2922dc9	module	100	hermit-library	5	5	0	5	True	"{""ok"": 5}"	126.3671875	124.0390625	126.734375	2.15625	0.3671875	126.3671875	124.0390625	126.734375	2.15625	0.3671875
baseline-original	mmo	000d25e56e57c9f985e8c2793f62b2510b08e924bd56fa5873a500e4c2922dc9	module	100	jfact-common	5	5	0	5	True	"{""ok"": 5}"	168.29296875	166.1640625	174.1796875	3.734375	2.12890625	168.29296875	166.1640625	174.1796875	3.734375	2.12890625
baseline-original	mmo	000d25e56e57c9f985e8c2793f62b2510b08e924bd56fa5873a500e4c2922dc9	module	100	jfact-library	5	5	0	5	True	"{""ok"": 5}"	156.8984375	153.43359375	164.45703125	3.0	2.36328125	156.8984375	153.43359375	164.45703125	3.0	2.36328125
baseline-original	mmo	000d25e56e57c9f985e8c2793f62b2510b08e924bd56fa5873a500e4c2922dc9	module	100	openllet-common	5	5	0	5	True	"{""ok"": 5}"	122.20703125	119.78515625	124.1171875	2.82421875	1.55859375	122.20703125	119.78515625	124.1171875	2.82421875	1.55859375
baseline-original	mmo	000d25e56e57c9f985e8c2793f62b2510b08e924bd56fa5873a500e4c2922dc9	module	100	openllet-library	5	5	0	5	True	"{""ok"": 5}"	122.49609375	119.25	127.47265625	3.3984375	2.61328125	122.49609375	119.25	127.47265625	3.3984375	2.61328125
baseline-original	mmo	000d25e56e57c9f985e8c2793f62b2510b08e924bd56fa5873a500e4c2922dc9	module	100	whelk-common	5	5	0	5	True	"{""ok"": 5}"	125.29296875	122.58203125	129.21484375	1.515625	0.78125	125.29296875	122.58203125	129.21484375	1.515625	0.78125
baseline-original	mmo	00351a393a5557c13431e428f085b979cb2597d9fb026ce248e4040897125b07	full	1	elk-common	5	5	0	5	True	"{""ok"": 5}"	678.59765625	668.04296875	687.0625	13.6796875	8.46484375	678.59765625	668.04296875	687.0625	13.6796875	8.46484375
baseline-original	mmo	00351a393a5557c13431e428f085b979cb2597d9fb026ce248e4040897125b07	full	1	hermit-common	5	5	0	5	True	"{""ok"": 5}"	706.8515625	704.91796875	712.43359375	5.87109375	1.93359375	706.8515625	704.91796875	712.43359375	5.87109375	1.93359375
baseline-original	mmo	00351a393a5557c13431e428f085b979cb2597d9fb026ce248e4040897125b07	full	1	hermit-library	5	5	0	5	True	"{""ok"": 5}"	166.16796875	157.45703125	168.4609375	4.0	2.29296875	166.16796875	157.45703125	168.4609375	4.0	2.29296875
baseline-original	mmo	00351a393a5557c13431e428f085b979cb2597d9fb026ce248e4040897125b07	full	1	jfact-common	5	5	0	5	True	"{""ok"": 5}"	1009.52734375	1006.69140625	1025.6875	11.640625	2.8359375	1009.52734375	1006.69140625	1025.6875	11.640625	2.8359375
baseline-original	mmo	00351a393a5557c13431e428f085b979cb2597d9fb026ce248e4040897125b07	full	1	jfact-library	5	5	0	5	True	"{""ok"": 5}"	227.20703125	225.61328125	239.48828125	1.19140625	0.66796875	227.20703125	225.61328125	239.48828125	1.19140625	0.66796875
baseline-original	mmo	00351a393a5557c13431e428f085b979cb2597d9fb026ce248e4040897125b07	full	1	openllet-common	5	5	0	5	True	"{""ok"": 5}"	690.140625	682.0703125	732.765625	44.796875	8.0703125	690.140625	682.0703125	732.765625	44.796875	8.0703125
baseline-original	mmo	00351a393a5557c13431e428f085b979cb2597d9fb026ce248e4040897125b07	full	1	openllet-library	5	5	0	5	True	"{""ok"": 5}"	171.01171875	164.9453125	177.8515625	5.9765625	5.046875	171.01171875	164.9453125	177.8515625	5.9765625	5.046875
baseline-original	mmo	00351a393a5557c13431e428f085b979cb2597d9fb026ce248e4040897125b07	full	1	whelk-common	5	5	0	5	True	"{""ok"": 5}"	708.0	699.046875	716.02734375	13.92578125	8.02734375	708.0	699.046875	716.02734375	13.92578125	8.02734375
baseline-original	mmo	00351a393a5557c13431e428f085b979cb2597d9fb026ce248e4040897125b07	full	10	elk-common	5	5	0	5	True	"{""ok"": 5}"	678.15234375	665.42578125	720.60546875	37.17578125	12.7265625	678.15234375	665.42578125	720.60546875	37.17578125	12.7265625
baseline-original	mmo	00351a393a5557c13431e428f085b979cb2597d9fb026ce248e4040897125b07	full	10	hermit-common	5	5	0	5	True	"{""ok"": 5}"	715.87109375	705.27734375	728.171875	4.8203125	3.96484375	715.87109375	705.27734375	728.171875	4.8203125	3.96484375
baseline-original	mmo	00351a393a5557c13431e428f085b979cb2597d9fb026ce248e4040897125b07	full	10	hermit-library	5	5	0	5	True	"{""ok"": 5}"	513.13671875	506.6953125	518.08984375	2.6953125	2.1640625	513.13671875	506.6953125	518.08984375	2.6953125	2.1640625
baseline-original	mmo	00351a393a5557c13431e428f085b979cb2597d9fb026ce248e4040897125b07	full	10	jfact-common	5	5	0	5	True	"{""ok"": 5}"	999.48828125	994.28125	1012.4296875	10.66796875	5.20703125	999.48828125	994.28125	1012.4296875	10.66796875	5.20703125
baseline-original	mmo	00351a393a5557c13431e428f085b979cb2597d9fb026ce248e4040897125b07	full	10	jfact-library	5	5	0	5	True	"{""ok"": 5}"	489.8828125	478.0625	497.59375	10.96484375	7.7109375	489.8828125	478.0625	497.59375	10.96484375	7.7109375
baseline-original	mmo	00351a393a5557c13431e428f085b979cb2597d9fb026ce248e4040897125b07	full	10	openllet-common	5	5	0	5	True	"{""ok"": 5}"	691.84375	685.296875	720.49609375	8.296875	5.79296875	691.84375	685.296875	720.49609375	8.296875	5.79296875
baseline-original	mmo	00351a393a5557c13431e428f085b979cb2597d9fb026ce248e4040897125b07	full	10	openllet-library	5	5	0	5	True	"{""ok"": 5}"	461.05859375	450.421875	463.2890625	3.51171875	2.05859375	461.05859375	450.421875	463.2890625	3.51171875	2.05859375
baseline-original	mmo	00351a393a5557c13431e428f085b979cb2597d9fb026ce248e4040897125b07	full	10	whelk-common	5	5	0	5	True	"{""ok"": 5}"	711.05078125	704.046875	729.85546875	3.078125	1.76953125	711.05078125	704.046875	729.85546875	3.078125	1.76953125
baseline-original	mmo	00351a393a5557c13431e428f085b979cb2597d9fb026ce248e4040897125b07	full	100	elk-common	5	5	0	5	True	"{""ok"": 5}"	670.9609375	662.30859375	707.11328125	17.35546875	8.65234375	670.9609375	662.30859375	707.11328125	17.35546875	8.65234375
baseline-original	mmo	00351a393a5557c13431e428f085b979cb2597d9fb026ce248e4040897125b07	full	100	hermit-common	5	5	0	5	True	"{""ok"": 5}"	710.265625	701.52734375	714.0703125	5.484375	3.66015625	710.265625	701.52734375	714.0703125	5.484375	3.66015625
baseline-original	mmo	00351a393a5557c13431e428f085b979cb2597d9fb026ce248e4040897125b07	full	100	hermit-library	5	5	0	5	True	"{""ok"": 5}"	516.23828125	509.73046875	531.78125	6.9921875	4.87109375	516.23828125	509.73046875	531.78125	6.9921875	4.87109375
baseline-original	mmo	00351a393a5557c13431e428f085b979cb2597d9fb026ce248e4040897125b07	full	100	jfact-common	5	5	0	5	True	"{""ok"": 5}"	997.58984375	983.01171875	1026.84765625	20.51171875	14.578125	997.58984375	983.01171875	1026.84765625	20.51171875	14.578125
baseline-original	mmo	00351a393a5557c13431e428f085b979cb2597d9fb026ce248e4040897125b07	full	100	jfact-library	5	5	0	5	True	"{""ok"": 5}"	485.80078125	481.09765625	506.87109375	5.6328125	3.7421875	485.80078125	481.09765625	506.87109375	5.6328125	3.7421875
baseline-original	mmo	00351a393a5557c13431e428f085b979cb2597d9fb026ce248e4040897125b07	full	100	openllet-common	5	5	0	5	True	"{""ok"": 5}"	688.01953125	682.52734375	723.45703125	4.765625	3.5546875	688.01953125	682.52734375	723.45703125	4.765625	3.5546875
baseline-original	mmo	00351a393a5557c13431e428f085b979cb2597d9fb026ce248e4040897125b07	full	100	openllet-library	5	5	0	5	True	"{""ok"": 5}"	460.73046875	455.5	463.5390625	2.26953125	2.18359375	460.73046875	455.5	463.5390625	2.26953125	2.18359375
baseline-original	mmo	00351a393a5557c13431e428f085b979cb2597d9fb026ce248e4040897125b07	full	100	whelk-common	5	5	0	5	True	"{""ok"": 5}"	715.87890625	711.74609375	736.76953125	13.01171875	4.1328125	715.87890625	711.74609375	736.76953125	13.01171875	4.1328125
baseline-original	mmo	00351a393a5557c13431e428f085b979cb2597d9fb026ce248e4040897125b07	module	1	elk-common	5	5	0	5	True	"{""ok"": 5}"	131.8984375	126.89453125	134.1796875	0.76171875	0.74609375	131.8984375	126.89453125	134.1796875	0.76171875	0.74609375
baseline-original	mmo	00351a393a5557c13431e428f085b979cb2597d9fb026ce248e4040897125b07	module	1	hermit-common	5	5	0	5	True	"{""ok"": 5}"	115.4921875	114.69921875	119.44140625	1.41015625	0.79296875	115.4921875	114.69921875	119.44140625	1.41015625	0.79296875
baseline-original	mmo	00351a393a5557c13431e428f085b979cb2597d9fb026ce248e4040897125b07	module	1	hermit-library	5	5	0	5	True	"{""ok"": 5}"	119.4453125	119.32421875	124.17578125	2.7109375	0.12109375	119.4453125	119.32421875	124.17578125	2.7109375	0.12109375
baseline-original	mmo	00351a393a5557c13431e428f085b979cb2597d9fb026ce248e4040897125b07	module	1	jfact-common	5	5	0	5	True	"{""ok"": 5}"	166.8359375	162.984375	171.62890625	5.22265625	3.6171875	166.8359375	162.984375	171.62890625	5.22265625	3.6171875
baseline-original	mmo	00351a393a5557c13431e428f085b979cb2597d9fb026ce248e4040897125b07	module	1	jfact-library	5	5	0	5	True	"{""ok"": 5}"	155.890625	151.90234375	161.95703125	4.8984375	2.7421875	155.890625	151.90234375	161.95703125	4.8984375	2.7421875
baseline-original	mmo	00351a393a5557c13431e428f085b979cb2597d9fb026ce248e4040897125b07	module	1	openllet-common	5	5	0	5	True	"{""ok"": 5}"	120.13671875	119.36328125	122.1640625	2.50390625	0.7734375	120.13671875	119.36328125	122.1640625	2.50390625	0.7734375
baseline-original	mmo	00351a393a5557c13431e428f085b979cb2597d9fb026ce248e4040897125b07	module	1	openllet-library	5	5	0	5	True	"{""ok"": 5}"	122.28515625	121.05859375	125.25390625	2.796875	1.2265625	122.28515625	121.05859375	125.25390625	2.796875	1.2265625
baseline-original	mmo	00351a393a5557c13431e428f085b979cb2597d9fb026ce248e4040897125b07	module	1	whelk-common	5	5	0	5	True	"{""ok"": 5}"	123.53125	120.53515625	126.609375	2.98046875	2.93359375	123.53125	120.53515625	126.609375	2.98046875	2.93359375
baseline-original	mmo	00351a393a5557c13431e428f085b979cb2597d9fb026ce248e4040897125b07	module	10	elk-common	5	5	0	5	True	"{""ok"": 5}"	129.82421875	127.69140625	132.3984375	0.1796875	0.1484375	129.82421875	127.69140625	132.3984375	0.1796875	0.1484375
baseline-original	mmo	00351a393a5557c13431e428f085b979cb2597d9fb026ce248e4040897125b07	module	10	hermit-common	5	5	0	5	True	"{""ok"": 5}"	119.78515625	117.21875	122.79296875	0.91796875	0.89453125	119.78515625	117.21875	122.79296875	0.91796875	0.89453125
baseline-original	mmo	00351a393a5557c13431e428f085b979cb2597d9fb026ce248e4040897125b07	module	10	hermit-library	5	5	0	5	True	"{""ok"": 5}"	135.21875	132.16015625	137.390625	4.31640625	2.171875	135.21875	132.16015625	137.390625	4.31640625	2.171875
baseline-original	mmo	00351a393a5557c13431e428f085b979cb2597d9fb026ce248e4040897125b07	module	10	jfact-common	5	5	0	5	True	"{""ok"": 5}"	172.18359375	169.73046875	176.86328125	3.9609375	2.12109375	172.18359375	169.73046875	176.86328125	3.9609375	2.12109375
baseline-original	mmo	00351a393a5557c13431e428f085b979cb2597d9fb026ce248e4040897125b07	module	10	jfact-library	5	5	0	5	True	"{""ok"": 5}"	162.37109375	156.19140625	165.59375	2.16015625	1.7734375	162.37109375	156.19140625	165.59375	2.16015625	1.7734375
baseline-original	mmo	00351a393a5557c13431e428f085b979cb2597d9fb026ce248e4040897125b07	module	10	openllet-common	5	5	0	5	True	"{""ok"": 5}"	124.25	122.18359375	124.57421875	1.78125	0.32421875	124.25	122.18359375	124.57421875	1.78125	0.32421875
baseline-original	mmo	00351a393a5557c13431e428f085b979cb2597d9fb026ce248e4040897125b07	module	10	openllet-library	5	5	0	5	True	"{""ok"": 5}"	122.8125	121.44921875	127.79296875	4.7421875	1.36328125	122.8125	121.44921875	127.79296875	4.7421875	1.36328125
baseline-original	mmo	00351a393a5557c13431e428f085b979cb2597d9fb026ce248e4040897125b07	module	10	whelk-common	5	5	0	5	True	"{""ok"": 5}"	127.16796875	124.21875	132.3125	1.91796875	1.31640625	127.16796875	124.21875	132.3125	1.91796875	1.31640625
baseline-original	mmo	00351a393a5557c13431e428f085b979cb2597d9fb026ce248e4040897125b07	module	100	elk-common	5	5	0	5	True	"{""ok"": 5}"	132.38671875	132.2578125	134.265625	0.40625	0.12890625	132.38671875	132.2578125	134.265625	0.40625	0.12890625
baseline-original	mmo	00351a393a5557c13431e428f085b979cb2597d9fb026ce248e4040897125b07	module	100	hermit-common	5	5	0	5	True	"{""ok"": 5}"	119.5	119.359375	121.98828125	0.07421875	0.0625	119.5	119.359375	121.98828125	0.07421875	0.0625
baseline-original	mmo	00351a393a5557c13431e428f085b979cb2597d9fb026ce248e4040897125b07	module	100	hermit-library	5	5	0	5	True	"{""ok"": 5}"	134.8671875	132.234375	135.24609375	2.39453125	0.37890625	134.8671875	132.234375	135.24609375	2.39453125	0.37890625
baseline-original	mmo	00351a393a5557c13431e428f085b979cb2597d9fb026ce248e4040897125b07	module	100	jfact-common	5	5	0	5	True	"{""ok"": 5}"	171.69140625	169.8203125	175.94140625	1.53125	1.4921875	171.69140625	169.8203125	175.94140625	1.53125	1.4921875
baseline-original	mmo	00351a393a5557c13431e428f085b979cb2597d9fb026ce248e4040897125b07	module	100	jfact-library	5	5	0	5	True	"{""ok"": 5}"	158.34765625	156.453125	163.24609375	2.80859375	1.44140625	158.34765625	156.453125	163.24609375	2.80859375	1.44140625
baseline-original	mmo	00351a393a5557c13431e428f085b979cb2597d9fb026ce248e4040897125b07	module	100	openllet-common	5	5	0	5	True	"{""ok"": 5}"	119.8671875	117.24609375	125.36328125	2.44921875	2.41015625	119.8671875	117.24609375	125.36328125	2.44921875	2.41015625
baseline-original	mmo	00351a393a5557c13431e428f085b979cb2597d9fb026ce248e4040897125b07	module	100	openllet-library	5	5	0	5	True	"{""ok"": 5}"	123.984375	121.05859375	127.48828125	1.83203125	1.57421875	123.984375	121.05859375	127.48828125	1.83203125	1.57421875
baseline-original	mmo	00351a393a5557c13431e428f085b979cb2597d9fb026ce248e4040897125b07	module	100	whelk-common	5	5	0	5	True	"{""ok"": 5}"	125.08984375	121.30859375	128.671875	2.71484375	1.8125	125.08984375	121.30859375	128.671875	2.71484375	1.8125
baseline-original	mmo	0067ad17fb33839d74961c073ea1235adbb4d0556c62769e75c4f311ce5cbe28	full	1	elk-common	5	5	0	5	True	"{""ok"": 5}"	673.27734375	665.39453125	702.69140625	6.2109375	5.140625	673.27734375	665.39453125	702.69140625	6.2109375	5.140625
baseline-original	mmo	0067ad17fb33839d74961c073ea1235adbb4d0556c62769e75c4f311ce5cbe28	full	1	hermit-common	5	5	0	5	True	"{""ok"": 5}"	714.90625	712.13671875	734.08203125	10.96875	2.76953125	714.90625	712.13671875	734.08203125	10.96875	2.76953125
baseline-original	mmo	0067ad17fb33839d74961c073ea1235adbb4d0556c62769e75c4f311ce5cbe28	full	1	hermit-library	5	5	0	5	True	"{""ok"": 5}"	168.30859375	165.734375	172.0703125	1.91015625	1.703125	168.30859375	165.734375	172.0703125	1.91015625	1.703125
baseline-original	mmo	0067ad17fb33839d74961c073ea1235adbb4d0556c62769e75c4f311ce5cbe28	full	1	jfact-common	5	5	0	5	True	"{""ok"": 5}"	1023.9140625	990.6640625	1029.50390625	21.82421875	5.58984375	1023.9140625	990.6640625	1029.50390625	21.82421875	5.58984375
baseline-original	mmo	0067ad17fb33839d74961c073ea1235adbb4d0556c62769e75c4f311ce5cbe28	full	1	jfact-library	5	5	0	5	True	"{""ok"": 5}"	231.0	227.546875	235.83984375	1.51171875	1.29296875	231.0	227.546875	235.83984375	1.51171875	1.29296875
baseline-original	mmo	0067ad17fb33839d74961c073ea1235adbb4d0556c62769e75c4f311ce5cbe28	full	1	openllet-common	5	5	0	5	True	"{""ok"": 5}"	687.59375	680.5859375	695.703125	2.06640625	1.95703125	687.59375	680.5859375	695.703125	2.06640625	1.95703125
baseline-original	mmo	0067ad17fb33839d74961c073ea1235adbb4d0556c62769e75c4f311ce5cbe28	full	1	openllet-library	5	5	0	5	True	"{""ok"": 5}"	169.171875	165.625	173.55859375	2.39453125	1.578125	169.171875	165.625	173.55859375	2.39453125	1.578125
baseline-original	mmo	0067ad17fb33839d74961c073ea1235adbb4d0556c62769e75c4f311ce5cbe28	full	1	whelk-common	5	5	0	5	True	"{""ok"": 5}"	711.60546875	696.65234375	713.60546875	4.203125	2.0	711.60546875	696.65234375	713.60546875	4.203125	2.0
baseline-original	mmo	0067ad17fb33839d74961c073ea1235adbb4d0556c62769e75c4f311ce5cbe28	full	10	elk-common	5	5	0	5	True	"{""ok"": 5}"	691.0234375	661.46875	711.953125	33.0546875	17.609375	691.0234375	661.46875	711.953125	33.0546875	17.609375
baseline-original	mmo	0067ad17fb33839d74961c073ea1235adbb4d0556c62769e75c4f311ce5cbe28	full	10	hermit-common	5	5	0	5	True	"{""ok"": 5}"	710.02734375	703.34765625	716.625	7.42578125	5.81640625	710.02734375	703.34765625	716.625	7.42578125	5.81640625
baseline-original	mmo	0067ad17fb33839d74961c073ea1235adbb4d0556c62769e75c4f311ce5cbe28	full	10	hermit-library	5	5	0	5	True	"{""ok"": 5}"	659.91796875	645.2109375	667.41796875	4.59375	4.0234375	659.91796875	645.2109375	667.41796875	4.59375	4.0234375
baseline-original	mmo	0067ad17fb33839d74961c073ea1235adbb4d0556c62769e75c4f311ce5cbe28	full	10	jfact-common	5	5	0	5	True	"{""ok"": 5}"	1025.69140625	999.43359375	1046.04296875	22.90625	19.9765625	1025.69140625	999.43359375	1046.04296875	22.90625	19.9765625
baseline-original	mmo	0067ad17fb33839d74961c073ea1235adbb4d0556c62769e75c4f311ce5cbe28	full	10	jfact-library	5	5	0	5	True	"{""ok"": 5}"	676.890625	660.05078125	683.62890625	15.55078125	6.73828125	676.890625	660.05078125	683.62890625	15.55078125	6.73828125
baseline-original	mmo	0067ad17fb33839d74961c073ea1235adbb4d0556c62769e75c4f311ce5cbe28	full	10	openllet-common	5	5	0	5	True	"{""ok"": 5}"	688.02734375	681.9296875	721.6484375	26.38671875	6.09765625	688.02734375	681.9296875	721.6484375	26.38671875	6.09765625
baseline-original	mmo	0067ad17fb33839d74961c073ea1235adbb4d0556c62769e75c4f311ce5cbe28	full	10	openllet-library	5	5	0	5	True	"{""ok"": 5}"	655.48046875	651.09375	663.23828125	4.734375	4.38671875	655.48046875	651.09375	663.23828125	4.734375	4.38671875
baseline-original	mmo	0067ad17fb33839d74961c073ea1235adbb4d0556c62769e75c4f311ce5cbe28	full	10	whelk-common	5	5	0	5	True	"{""ok"": 5}"	716.48828125	703.60546875	744.046875	13.03515625	12.01171875	716.48828125	703.60546875	744.046875	13.03515625	12.01171875
baseline-original	mmo	0067ad17fb33839d74961c073ea1235adbb4d0556c62769e75c4f311ce5cbe28	full	100	elk-common	5	5	0	5	True	"{""ok"": 5}"	682.875	662.0703125	719.2109375	37.1640625	20.8046875	682.875	662.0703125	719.2109375	37.1640625	20.8046875
baseline-original	mmo	0067ad17fb33839d74961c073ea1235adbb4d0556c62769e75c4f311ce5cbe28	full	100	hermit-common	5	5	0	5	True	"{""ok"": 5}"	711.85546875	705.96484375	752.76171875	6.671875	4.51953125	711.85546875	705.96484375	752.76171875	6.671875	4.51953125
baseline-original	mmo	0067ad17fb33839d74961c073ea1235adbb4d0556c62769e75c4f311ce5cbe28	full	100	hermit-library	5	5	0	5	True	"{""ok"": 5}"	663.109375	652.890625	664.20703125	4.62890625	1.09765625	663.109375	652.890625	664.20703125	4.62890625	1.09765625
baseline-original	mmo	0067ad17fb33839d74961c073ea1235adbb4d0556c62769e75c4f311ce5cbe28	full	100	jfact-common	5	5	0	5	True	"{""ok"": 5}"	1011.69921875	991.12109375	1038.80859375	4.54296875	3.55859375	1011.69921875	991.12109375	1038.80859375	4.54296875	3.55859375
baseline-original	mmo	0067ad17fb33839d74961c073ea1235adbb4d0556c62769e75c4f311ce5cbe28	full	100	jfact-library	5	5	0	5	True	"{""ok"": 5}"	661.66015625	658.671875	668.55859375	5.74609375	2.98828125	661.66015625	658.671875	668.55859375	5.74609375	2.98828125
baseline-original	mmo	0067ad17fb33839d74961c073ea1235adbb4d0556c62769e75c4f311ce5cbe28	full	100	openllet-common	5	5	0	5	True	"{""ok"": 5}"	686.421875	684.5625	721.078125	9.30078125	1.859375	686.421875	684.5625	721.078125	9.30078125	1.859375
baseline-original	mmo	0067ad17fb33839d74961c073ea1235adbb4d0556c62769e75c4f311ce5cbe28	full	100	openllet-library	5	5	0	5	True	"{""ok"": 5}"	656.796875	650.45703125	663.84765625	2.46484375	2.11328125	656.796875	650.45703125	663.84765625	2.46484375	2.11328125
baseline-original	mmo	0067ad17fb33839d74961c073ea1235adbb4d0556c62769e75c4f311ce5cbe28	full	100	whelk-common	5	5	0	5	True	"{""ok"": 5}"	712.90625	708.66015625	746.17578125	10.16015625	4.24609375	712.90625	708.66015625	746.17578125	10.16015625	4.24609375
baseline-original	mmo	0067ad17fb33839d74961c073ea1235adbb4d0556c62769e75c4f311ce5cbe28	module	1	elk-common	5	5	0	5	True	"{""ok"": 5}"	129.98046875	127.09375	133.96875	2.359375	1.63671875	129.98046875	127.09375	133.96875	2.359375	1.63671875
baseline-original	mmo	0067ad17fb33839d74961c073ea1235adbb4d0556c62769e75c4f311ce5cbe28	module	1	hermit-common	5	5	0	5	True	"{""ok"": 5}"	117.44921875	117.12890625	124.25	2.72265625	0.3203125	117.44921875	117.12890625	124.25	2.72265625	0.3203125
baseline-original	mmo	0067ad17fb33839d74961c073ea1235adbb4d0556c62769e75c4f311ce5cbe28	module	1	hermit-library	5	5	0	5	True	"{""ok"": 5}"	126.15625	123.90234375	127.38671875	0.02734375	0.01953125	126.15625	123.90234375	127.38671875	0.02734375	0.01953125
baseline-original	mmo	0067ad17fb33839d74961c073ea1235adbb4d0556c62769e75c4f311ce5cbe28	module	1	jfact-common	5	5	0	5	True	"{""ok"": 5}"	171.4140625	170.1328125	172.3828125	0.79296875	0.44140625	171.4140625	170.1328125	172.3828125	0.79296875	0.44140625
baseline-original	mmo	0067ad17fb33839d74961c073ea1235adbb4d0556c62769e75c4f311ce5cbe28	module	1	jfact-library	5	5	0	5	True	"{""ok"": 5}"	159.2578125	153.953125	163.30859375	6.55859375	3.41015625	159.2578125	153.953125	163.30859375	6.55859375	3.41015625
baseline-original	mmo	0067ad17fb33839d74961c073ea1235adbb4d0556c62769e75c4f311ce5cbe28	module	1	openllet-common	5	5	0	5	True	"{""ok"": 5}"	121.37890625	120.125	125.03515625	4.57421875	1.25390625	121.37890625	120.125	125.03515625	4.57421875	1.25390625
baseline-original	mmo	0067ad17fb33839d74961c073ea1235adbb4d0556c62769e75c4f311ce5cbe28	module	1	openllet-library	5	5	0	5	True	"{""ok"": 5}"	124.3359375	120.69140625	125.484375	3.890625	1.1484375	124.3359375	120.69140625	125.484375	3.890625	1.1484375
baseline-original	mmo	0067ad17fb33839d74961c073ea1235adbb4d0556c62769e75c4f311ce5cbe28	module	1	whelk-common	5	5	0	5	True	"{""ok"": 5}"	128.6640625	125.33984375	136.1328125	0.4609375	0.25	128.6640625	125.33984375	136.1328125	0.4609375	0.25
baseline-original	mmo	0067ad17fb33839d74961c073ea1235adbb4d0556c62769e75c4f311ce5cbe28	module	10	elk-common	5	5	0	5	True	"{""ok"": 5}"	130.4140625	129.91796875	134.70703125	2.16015625	0.49609375	130.4140625	129.91796875	134.70703125	2.16015625	0.49609375
baseline-original	mmo	0067ad17fb33839d74961c073ea1235adbb4d0556c62769e75c4f311ce5cbe28	module	10	hermit-common	5	5	0	5	True	"{""ok"": 5}"	125.54296875	123.0390625	128.0703125	4.265625	2.26171875	125.54296875	123.0390625	128.0703125	4.265625	2.26171875
baseline-original	mmo	0067ad17fb33839d74961c073ea1235adbb4d0556c62769e75c4f311ce5cbe28	module	10	hermit-library	5	5	0	5	True	"{""ok"": 5}"	155.6015625	153.9375	158.1484375	1.69140625	1.17578125	155.6015625	153.9375	158.1484375	1.69140625	1.17578125
baseline-original	mmo	0067ad17fb33839d74961c073ea1235adbb4d0556c62769e75c4f311ce5cbe28	module	10	jfact-common	5	5	0	5	True	"{""ok"": 5}"	182.8515625	173.44140625	188.8203125	6.12109375	5.29296875	182.8515625	173.44140625	188.8203125	6.12109375	5.29296875
baseline-original	mmo	0067ad17fb33839d74961c073ea1235adbb4d0556c62769e75c4f311ce5cbe28	module	10	jfact-library	5	5	0	5	True	"{""ok"": 5}"	164.40234375	159.57421875	169.63671875	6.6875	3.44140625	164.40234375	159.57421875	169.63671875	6.6875	3.44140625
baseline-original	mmo	0067ad17fb33839d74961c073ea1235adbb4d0556c62769e75c4f311ce5cbe28	module	10	openllet-common	5	5	0	5	True	"{""ok"": 5}"	121.82421875	118.84375	127.08203125	7.015625	2.98046875	121.82421875	118.84375	127.08203125	7.015625	2.98046875
baseline-original	mmo	0067ad17fb33839d74961c073ea1235adbb4d0556c62769e75c4f311ce5cbe28	module	10	openllet-library	5	5	0	5	True	"{""ok"": 5}"	127.6015625	125.0078125	130.12109375	3.04296875	1.87109375	127.6015625	125.0078125	130.12109375	3.04296875	1.87109375
baseline-original	mmo	0067ad17fb33839d74961c073ea1235adbb4d0556c62769e75c4f311ce5cbe28	module	10	whelk-common	5	5	0	5	True	"{""ok"": 5}"	128.75390625	127.12890625	133.890625	1.66015625	1.30859375	128.75390625	127.12890625	133.890625	1.66015625	1.30859375
baseline-original	mmo	0067ad17fb33839d74961c073ea1235adbb4d0556c62769e75c4f311ce5cbe28	module	100	elk-common	5	5	0	5	True	"{""ok"": 5}"	131.75	129.58984375	132.6640625	0.8203125	0.6171875	131.75	129.58984375	132.6640625	0.8203125	0.6171875
baseline-original	mmo	0067ad17fb33839d74961c073ea1235adbb4d0556c62769e75c4f311ce5cbe28	module	100	hermit-common	5	5	0	5	True	"{""ok"": 5}"	123.3828125	121.28125	123.5390625	0.53515625	0.15625	123.3828125	121.28125	123.5390625	0.53515625	0.15625
baseline-original	mmo	0067ad17fb33839d74961c073ea1235adbb4d0556c62769e75c4f311ce5cbe28	module	100	hermit-library	5	5	0	5	True	"{""ok"": 5}"	154.01953125	153.52734375	155.9140625	1.98046875	0.4921875	154.01953125	153.52734375	155.9140625	1.98046875	0.4921875
baseline-original	mmo	0067ad17fb33839d74961c073ea1235adbb4d0556c62769e75c4f311ce5cbe28	module	100	jfact-common	5	5	0	5	True	"{""ok"": 5}"	180.33203125	172.35546875	187.66796875	3.30078125	3.01953125	180.33203125	172.35546875	187.66796875	3.30078125	3.01953125
baseline-original	mmo	0067ad17fb33839d74961c073ea1235adbb4d0556c62769e75c4f311ce5cbe28	module	100	jfact-library	5	5	0	5	True	"{""ok"": 5}"	164.07421875	158.96484375	166.671875	2.9375	2.59765625	164.07421875	158.96484375	166.671875	2.9375	2.59765625
baseline-original	mmo	0067ad17fb33839d74961c073ea1235adbb4d0556c62769e75c4f311ce5cbe28	module	100	openllet-common	5	5	0	5	True	"{""ok"": 5}"	122.4453125	121.06640625	125.46484375	1.7109375	1.37890625	122.4453125	121.06640625	125.46484375	1.7109375	1.37890625
baseline-original	mmo	0067ad17fb33839d74961c073ea1235adbb4d0556c62769e75c4f311ce5cbe28	module	100	openllet-library	5	5	0	5	True	"{""ok"": 5}"	127.5	124.8046875	129.828125	0.109375	0.10546875	127.5	124.8046875	129.828125	0.109375	0.10546875
baseline-original	mmo	0067ad17fb33839d74961c073ea1235adbb4d0556c62769e75c4f311ce5cbe28	module	100	whelk-common	5	5	0	5	True	"{""ok"": 5}"	127.80078125	126.19921875	131.19140625	1.56640625	1.2421875	127.80078125	126.19921875	131.19140625	1.56640625	1.2421875
baseline-original	mmo	0254b02677aa3aa8565ce91fa89f2e03b1a07bca78e614a135515a36a1fb7c82	full	1	elk-common	5	5	0	5	True	"{""ok"": 5}"	676.91015625	663.50390625	716.67578125	12.6484375	11.80859375	676.91015625	663.50390625	716.67578125	12.6484375	11.80859375
baseline-original	mmo	0254b02677aa3aa8565ce91fa89f2e03b1a07bca78e614a135515a36a1fb7c82	full	1	hermit-common	5	5	0	5	True	"{""ok"": 5}"	713.63671875	706.5	742.7578125	24.3203125	7.13671875	713.63671875	706.5	742.7578125	24.3203125	7.13671875
baseline-original	mmo	0254b02677aa3aa8565ce91fa89f2e03b1a07bca78e614a135515a36a1fb7c82	full	1	hermit-library	5	5	0	5	True	"{""ok"": 5}"	164.27734375	157.01171875	168.8671875	4.61328125	2.84765625	164.27734375	157.01171875	168.8671875	4.61328125	2.84765625
baseline-original	mmo	0254b02677aa3aa8565ce91fa89f2e03b1a07bca78e614a135515a36a1fb7c82	full	1	jfact-common	5	5	0	5	True	"{""ok"": 5}"	1003.4765625	991.3046875	1050.87890625	15.19140625	8.87890625	1003.4765625	991.3046875	1050.87890625	15.19140625	8.87890625
baseline-original	mmo	0254b02677aa3aa8565ce91fa89f2e03b1a07bca78e614a135515a36a1fb7c82	full	1	jfact-library	5	5	0	5	True	"{""ok"": 5}"	228.62109375	218.63671875	238.62109375	8.75390625	4.66796875	228.62109375	218.63671875	238.62109375	8.75390625	4.66796875
baseline-original	mmo	0254b02677aa3aa8565ce91fa89f2e03b1a07bca78e614a135515a36a1fb7c82	full	1	openllet-common	5	5	0	5	True	"{""ok"": 5}"	682.890625	679.546875	689.50390625	1.2890625	1.16796875	682.890625	679.546875	689.50390625	1.2890625	1.16796875
baseline-original	mmo	0254b02677aa3aa8565ce91fa89f2e03b1a07bca78e614a135515a36a1fb7c82	full	1	openllet-library	5	5	0	5	True	"{""ok"": 5}"	166.25390625	154.453125	168.7890625	6.4140625	2.53515625	166.25390625	154.453125	168.7890625	6.4140625	2.53515625
baseline-original	mmo	0254b02677aa3aa8565ce91fa89f2e03b1a07bca78e614a135515a36a1fb7c82	full	1	whelk-common	5	5	0	5	True	"{""ok"": 5}"	705.26953125	700.33203125	724.07421875	16.3984375	4.9375	705.26953125	700.33203125	724.07421875	16.3984375	4.9375
baseline-original	mmo	0254b02677aa3aa8565ce91fa89f2e03b1a07bca78e614a135515a36a1fb7c82	full	10	elk-common	5	5	0	5	True	"{""ok"": 5}"	700.53515625	661.0	714.88671875	38.1796875	14.3515625	700.53515625	661.0	714.88671875	38.1796875	14.3515625
baseline-original	mmo	0254b02677aa3aa8565ce91fa89f2e03b1a07bca78e614a135515a36a1fb7c82	full	10	hermit-common	5	5	0	5	True	"{""ok"": 5}"	711.9140625	704.3515625	715.71484375	7.8515625	3.80078125	711.9140625	704.3515625	715.71484375	7.8515625	3.80078125
baseline-original	mmo	0254b02677aa3aa8565ce91fa89f2e03b1a07bca78e614a135515a36a1fb7c82	full	10	hermit-library	5	5	0	5	True	"{""ok"": 5}"	588.03125	573.92578125	648.4375	7.3203125	5.87109375	588.03125	573.92578125	648.4375	7.3203125	5.87109375
baseline-original	mmo	0254b02677aa3aa8565ce91fa89f2e03b1a07bca78e614a135515a36a1fb7c82	full	10	jfact-common	5	5	0	5	True	"{""ok"": 5}"	1013.19140625	1000.234375	1019.78515625	7.8671875	5.49609375	1013.19140625	1000.234375	1019.78515625	7.8671875	5.49609375
baseline-original	mmo	0254b02677aa3aa8565ce91fa89f2e03b1a07bca78e614a135515a36a1fb7c82	full	10	jfact-library	5	5	0	5	True	"{""ok"": 5}"	522.12109375	511.3828125	528.9765625	7.89453125	5.1328125	522.12109375	511.3828125	528.9765625	7.89453125	5.1328125
baseline-original	mmo	0254b02677aa3aa8565ce91fa89f2e03b1a07bca78e614a135515a36a1fb7c82	full	10	openllet-common	5	5	0	5	True	"{""ok"": 5}"	688.828125	686.05078125	697.80078125	1.60546875	1.234375	688.828125	686.05078125	697.80078125	1.60546875	1.234375
baseline-original	mmo	0254b02677aa3aa8565ce91fa89f2e03b1a07bca78e614a135515a36a1fb7c82	full	10	openllet-library	5	5	0	5	True	"{""ok"": 5}"	561.94921875	521.20703125	573.19921875	12.5703125	7.07421875	561.94921875	521.20703125	573.19921875	12.5703125	7.07421875
baseline-original	mmo	0254b02677aa3aa8565ce91fa89f2e03b1a07bca78e614a135515a36a1fb7c82	full	10	whelk-common	5	5	0	5	True	"{""ok"": 5}"	713.1953125	702.2890625	724.35546875	18.28515625	9.15234375	713.1953125	702.2890625	724.35546875	18.28515625	9.15234375
baseline-original	mmo	0254b02677aa3aa8565ce91fa89f2e03b1a07bca78e614a135515a36a1fb7c82	full	100	elk-common	5	5	0	5	True	"{""ok"": 5}"	673.2421875	661.8828125	708.61328125	28.734375	11.359375	673.2421875	661.8828125	708.61328125	28.734375	11.359375
baseline-original	mmo	0254b02677aa3aa8565ce91fa89f2e03b1a07bca78e614a135515a36a1fb7c82	full	100	hermit-common	5	5	0	5	True	"{""ok"": 5}"	710.453125	705.5078125	716.265625	6.6484375	3.53125	710.453125	705.5078125	716.265625	6.6484375	3.53125
baseline-original	mmo	0254b02677aa3aa8565ce91fa89f2e03b1a07bca78e614a135515a36a1fb7c82	full	100	hermit-library	5	5	0	5	True	"{""ok"": 5}"	592.84765625	579.609375	595.1953125	1.40625	1.296875	592.84765625	579.609375	595.1953125	1.40625	1.296875
baseline-original	mmo	0254b02677aa3aa8565ce91fa89f2e03b1a07bca78e614a135515a36a1fb7c82	full	100	jfact-common	5	5	0	5	True	"{""ok"": 5}"	1011.68359375	1006.78515625	1022.22265625	5.63671875	2.96484375	1011.68359375	1006.78515625	1022.22265625	5.63671875	2.96484375
baseline-original	mmo	0254b02677aa3aa8565ce91fa89f2e03b1a07bca78e614a135515a36a1fb7c82	full	100	jfact-library	5	5	0	5	True	"{""ok"": 5}"	526.99609375	507.7890625	530.453125	6.453125	3.45703125	526.99609375	507.7890625	530.453125	6.453125	3.45703125
baseline-original	mmo	0254b02677aa3aa8565ce91fa89f2e03b1a07bca78e614a135515a36a1fb7c82	full	100	openllet-common	5	5	0	5	True	"{""ok"": 5}"	685.64453125	677.109375	720.66796875	8.66796875	6.4765625	685.64453125	677.109375	720.66796875	8.66796875	6.4765625
baseline-original	mmo	0254b02677aa3aa8565ce91fa89f2e03b1a07bca78e614a135515a36a1fb7c82	full	100	openllet-library	5	5	0	5	True	"{""ok"": 5}"	521.2265625	518.28515625	555.6640625	2.96484375	2.2109375	521.2265625	518.28515625	555.6640625	2.96484375	2.2109375
baseline-original	mmo	0254b02677aa3aa8565ce91fa89f2e03b1a07bca78e614a135515a36a1fb7c82	full	100	whelk-common	5	5	0	5	True	"{""ok"": 5}"	711.83203125	703.69921875	724.2265625	6.55859375	4.83984375	711.83203125	703.69921875	724.2265625	6.55859375	4.83984375
baseline-original	mmo	0254b02677aa3aa8565ce91fa89f2e03b1a07bca78e614a135515a36a1fb7c82	module	1	elk-common	5	5	0	5	True	"{""ok"": 5}"	127.83203125	124.97265625	134.34765625	2.171875	1.21484375	127.83203125	124.97265625	134.34765625	2.171875	1.21484375
baseline-original	mmo	0254b02677aa3aa8565ce91fa89f2e03b1a07bca78e614a135515a36a1fb7c82	module	1	hermit-common	5	5	0	5	True	"{""ok"": 5}"	115.28515625	114.890625	116.94140625	1.9140625	0.39453125	115.28515625	114.890625	116.94140625	1.9140625	0.39453125
baseline-original	mmo	0254b02677aa3aa8565ce91fa89f2e03b1a07bca78e614a135515a36a1fb7c82	module	1	hermit-library	5	5	0	5	True	"{""ok"": 5}"	123.63671875	120.73046875	124.2265625	1.67578125	0.58984375	123.63671875	120.73046875	124.2265625	1.67578125	0.58984375
baseline-original	mmo	0254b02677aa3aa8565ce91fa89f2e03b1a07bca78e614a135515a36a1fb7c82	module	1	jfact-common	5	5	0	5	True	"{""ok"": 5}"	166.26953125	162.46484375	167.49609375	3.109375	1.2265625	166.26953125	162.46484375	167.49609375	3.109375	1.2265625
baseline-original	mmo	0254b02677aa3aa8565ce91fa89f2e03b1a07bca78e614a135515a36a1fb7c82	module	1	jfact-library	5	5	0	5	True	"{""ok"": 5}"	160.90234375	158.34765625	162.1171875	2.359375	1.21484375	160.90234375	158.34765625	162.1171875	2.359375	1.21484375
baseline-original	mmo	0254b02677aa3aa8565ce91fa89f2e03b1a07bca78e614a135515a36a1fb7c82	module	1	openllet-common	5	5	0	5	True	"{""ok"": 5}"	121.83984375	117.16796875	124.78125	0.671875	0.5078125	121.83984375	117.16796875	124.78125	0.671875	0.5078125
baseline-original	mmo	0254b02677aa3aa8565ce91fa89f2e03b1a07bca78e614a135515a36a1fb7c82	module	1	openllet-library	5	5	0	5	True	"{""ok"": 5}"	120.94921875	119.17578125	123.203125	0.33984375	0.19140625	120.94921875	119.17578125	123.203125	0.33984375	0.19140625
baseline-original	mmo	0254b02677aa3aa8565ce91fa89f2e03b1a07bca78e614a135515a36a1fb7c82	module	1	whelk-common	5	5	0	5	True	"{""ok"": 5}"	126.76171875	121.70703125	127.8125	4.2265625	1.05078125	126.76171875	121.70703125	127.8125	4.2265625	1.05078125
baseline-original	mmo	0254b02677aa3aa8565ce91fa89f2e03b1a07bca78e614a135515a36a1fb7c82	module	10	elk-common	5	5	0	5	True	"{""ok"": 5}"	130.34765625	127.671875	134.65234375	3.00390625	2.37890625	130.34765625	127.671875	134.65234375	3.00390625	2.37890625
baseline-original	mmo	0254b02677aa3aa8565ce91fa89f2e03b1a07bca78e614a135515a36a1fb7c82	module	10	hermit-common	5	5	0	5	True	"{""ok"": 5}"	122.4375	119.3671875	122.7265625	0.33984375	0.2421875	122.4375	119.3671875	122.7265625	0.33984375	0.2421875
baseline-original	mmo	0254b02677aa3aa8565ce91fa89f2e03b1a07bca78e614a135515a36a1fb7c82	module	10	hermit-library	5	5	0	5	True	"{""ok"": 5}"	135.16015625	132.8125	139.2109375	4.484375	2.24609375	135.16015625	132.8125	139.2109375	4.484375	2.24609375
baseline-original	mmo	0254b02677aa3aa8565ce91fa89f2e03b1a07bca78e614a135515a36a1fb7c82	module	10	jfact-common	5	5	0	5	True	"{""ok"": 5}"	171.3203125	168.98046875	176.6875	1.21875	0.75	171.3203125	168.98046875	176.6875	1.21875	0.75
baseline-original	mmo	0254b02677aa3aa8565ce91fa89f2e03b1a07bca78e614a135515a36a1fb7c82	module	10	jfact-library	5	5	0	5	True	"{""ok"": 5}"	159.40625	157.94140625	161.359375	1.03515625	0.63671875	159.40625	157.94140625	161.359375	1.03515625	0.63671875
baseline-original	mmo	0254b02677aa3aa8565ce91fa89f2e03b1a07bca78e614a135515a36a1fb7c82	module	10	openllet-common	5	5	0	5	True	"{""ok"": 5}"	120.99609375	119.0078125	127.46484375	1.9296875	1.73828125	120.99609375	119.0078125	127.46484375	1.9296875	1.73828125
baseline-original	mmo	0254b02677aa3aa8565ce91fa89f2e03b1a07bca78e614a135515a36a1fb7c82	module	10	openllet-library	5	5	0	5	True	"{""ok"": 5}"	125.19921875	123.89453125	125.41796875	0.6171875	0.21875	125.19921875	123.89453125	125.41796875	0.6171875	0.21875
baseline-original	mmo	0254b02677aa3aa8565ce91fa89f2e03b1a07bca78e614a135515a36a1fb7c82	module	10	whelk-common	5	5	0	5	True	"{""ok"": 5}"	124.4921875	123.5390625	129.00390625	0.71484375	0.3671875	124.4921875	123.5390625	129.00390625	0.71484375	0.3671875
baseline-original	mmo	0254b02677aa3aa8565ce91fa89f2e03b1a07bca78e614a135515a36a1fb7c82	module	100	elk-common	5	5	0	5	True	"{""ok"": 5}"	130.6875	129.37890625	132.37890625	1.6328125	1.265625	130.6875	129.37890625	132.37890625	1.6328125	1.265625
baseline-original	mmo	0254b02677aa3aa8565ce91fa89f2e03b1a07bca78e614a135515a36a1fb7c82	module	100	hermit-common	5	5	0	5	True	"{""ok"": 5}"	120.3125	117.3515625	124.08203125	4.828125	2.9296875	120.3125	117.3515625	124.08203125	4.828125	2.9296875
baseline-original	mmo	0254b02677aa3aa8565ce91fa89f2e03b1a07bca78e614a135515a36a1fb7c82	module	100	hermit-library	5	5	0	5	True	"{""ok"": 5}"	132.859375	132.65625	133.3828125	0.43359375	0.203125	132.859375	132.65625	133.3828125	0.43359375	0.203125
baseline-original	mmo	0254b02677aa3aa8565ce91fa89f2e03b1a07bca78e614a135515a36a1fb7c82	module	100	jfact-common	5	5	0	5	True	"{""ok"": 5}"	171.890625	167.60546875	174.3359375	2.93359375	2.4453125	171.890625	167.60546875	174.3359375	2.93359375	2.4453125
baseline-original	mmo	0254b02677aa3aa8565ce91fa89f2e03b1a07bca78e614a135515a36a1fb7c82	module	100	jfact-library	5	5	0	5	True	"{""ok"": 5}"	161.40625	159.42578125	161.734375	2.15234375	0.328125	161.40625	159.42578125	161.734375	2.15234375	0.328125
baseline-original	mmo	0254b02677aa3aa8565ce91fa89f2e03b1a07bca78e614a135515a36a1fb7c82	module	100	openllet-common	5	5	0	5	True	"{""ok"": 5}"	121.9609375	120.2421875	126.2265625	2.79296875	1.453125	121.9609375	120.2421875	126.2265625	2.79296875	1.453125
baseline-original	mmo	0254b02677aa3aa8565ce91fa89f2e03b1a07bca78e614a135515a36a1fb7c82	module	100	openllet-library	5	5	0	5	True	"{""ok"": 5}"	122.7421875	121.98828125	127.16796875	2.734375	0.75390625	122.7421875	121.98828125	127.16796875	2.734375	0.75390625
baseline-original	mmo	0254b02677aa3aa8565ce91fa89f2e03b1a07bca78e614a135515a36a1fb7c82	module	100	whelk-common	5	5	0	5	True	"{""ok"": 5}"	127.046875	125.48828125	129.34765625	0.96484375	0.67578125	127.046875	125.48828125	129.34765625	0.96484375	0.67578125
baseline-original	mmo	03507fc4ddc5d501eae1d2d9e7e54466bd72ec09e7450870beaa0552a98a90fb	full	1	elk-common	5	5	0	5	True	"{""ok"": 5}"	676.33203125	670.40234375	707.16015625	30.76953125	5.9296875	676.33203125	670.40234375	707.16015625	30.76953125	5.9296875
baseline-original	mmo	03507fc4ddc5d501eae1d2d9e7e54466bd72ec09e7450870beaa0552a98a90fb	full	1	hermit-common	5	5	0	5	True	"{""ok"": 5}"	711.85546875	708.30859375	719.53515625	7.578125	3.546875	711.85546875	708.30859375	719.53515625	7.578125	3.546875
baseline-original	mmo	03507fc4ddc5d501eae1d2d9e7e54466bd72ec09e7450870beaa0552a98a90fb	full	1	hermit-library	5	5	0	5	True	"{""ok"": 5}"	158.984375	154.6796875	166.15234375	5.953125	3.39453125	158.984375	154.6796875	166.15234375	5.953125	3.39453125
baseline-original	mmo	03507fc4ddc5d501eae1d2d9e7e54466bd72ec09e7450870beaa0552a98a90fb	full	1	jfact-common	5	5	0	5	True	"{""ok"": 5}"	1000.62890625	982.13671875	1009.33984375	9.20703125	8.65234375	1000.62890625	982.13671875	1009.33984375	9.20703125	8.65234375
baseline-original	mmo	03507fc4ddc5d501eae1d2d9e7e54466bd72ec09e7450870beaa0552a98a90fb	full	1	jfact-library	5	5	0	5	True	"{""ok"": 5}"	229.93359375	226.21875	234.3359375	5.4296875	3.48828125	229.93359375	226.21875	234.3359375	5.4296875	3.48828125
baseline-original	mmo	03507fc4ddc5d501eae1d2d9e7e54466bd72ec09e7450870beaa0552a98a90fb	full	1	openllet-common	5	5	0	5	True	"{""ok"": 5}"	686.2109375	684.5859375	688.15234375	0.9609375	0.6171875	686.2109375	684.5859375	688.15234375	0.9609375	0.6171875
baseline-original	mmo	03507fc4ddc5d501eae1d2d9e7e54466bd72ec09e7450870beaa0552a98a90fb	full	1	openllet-library	5	5	0	5	True	"{""ok"": 5}"	168.5390625	163.33984375	171.9296875	3.67578125	3.1640625	168.5390625	163.33984375	171.9296875	3.67578125	3.1640625
baseline-original	mmo	03507fc4ddc5d501eae1d2d9e7e54466bd72ec09e7450870beaa0552a98a90fb	full	1	whelk-common	5	5	0	5	True	"{""ok"": 5}"	709.5859375	699.140625	729.2578125	21.22265625	10.4453125	709.5859375	699.140625	729.2578125	21.22265625	10.4453125
baseline-original	mmo	03507fc4ddc5d501eae1d2d9e7e54466bd72ec09e7450870beaa0552a98a90fb	full	10	elk-common	5	5	0	5	True	"{""ok"": 5}"	674.8984375	659.203125	709.484375	38.09765625	15.6953125	674.8984375	659.203125	709.484375	38.09765625	15.6953125
baseline-original	mmo	03507fc4ddc5d501eae1d2d9e7e54466bd72ec09e7450870beaa0552a98a90fb	full	10	hermit-common	5	5	0	5	True	"{""ok"": 5}"	708.1484375	704.66015625	718.48046875	9.08203125	3.48828125	708.1484375	704.66015625	718.48046875	9.08203125	3.48828125
baseline-original	mmo	03507fc4ddc5d501eae1d2d9e7e54466bd72ec09e7450870beaa0552a98a90fb	full	10	hermit-library	5	5	0	5	True	"{""ok"": 5}"	441.26171875	437.60546875	444.47265625	2.53125	2.47265625	441.26171875	437.60546875	444.47265625	2.53125	2.47265625
baseline-original	mmo	03507fc4ddc5d501eae1d2d9e7e54466bd72ec09e7450870beaa0552a98a90fb	full	10	jfact-common	5	5	0	5	True	"{""ok"": 5}"	1008.87109375	989.2578125	1022.40625	6.25390625	5.69140625	1008.87109375	989.2578125	1022.40625	6.25390625	5.69140625
baseline-original	mmo	03507fc4ddc5d501eae1d2d9e7e54466bd72ec09e7450870beaa0552a98a90fb	full	10	jfact-library	5	5	0	5	True	"{""ok"": 5}"	444.9140625	433.6875	451.6328125	7.2265625	5.87109375	444.9140625	433.6875	451.6328125	7.2265625	5.87109375
baseline-original	mmo	03507fc4ddc5d501eae1d2d9e7e54466bd72ec09e7450870beaa0552a98a90fb	full	10	openllet-common	5	5	0	5	True	"{""ok"": 5}"	689.5078125	688.765625	728.1484375	2.3125	0.7421875	689.5078125	688.765625	728.1484375	2.3125	0.7421875
baseline-original	mmo	03507fc4ddc5d501eae1d2d9e7e54466bd72ec09e7450870beaa0552a98a90fb	full	10	openllet-library	5	5	0	5	True	"{""ok"": 5}"	406.19921875	404.4375	411.7109375	5.05859375	1.76171875	406.19921875	404.4375	411.7109375	5.05859375	1.76171875
baseline-original	mmo	03507fc4ddc5d501eae1d2d9e7e54466bd72ec09e7450870beaa0552a98a90fb	full	10	whelk-common	5	5	0	5	True	"{""ok"": 5}"	703.26171875	697.6875	709.3671875	6.33984375	3.1796875	703.26171875	697.6875	709.3671875	6.33984375	3.1796875
baseline-original	mmo	03507fc4ddc5d501eae1d2d9e7e54466bd72ec09e7450870beaa0552a98a90fb	full	100	elk-common	5	5	0	5	True	"{""ok"": 5}"	675.7109375	667.43359375	706.28125	2.51953125	1.6953125	675.7109375	667.43359375	706.28125	2.51953125	1.6953125
baseline-original	mmo	03507fc4ddc5d501eae1d2d9e7e54466bd72ec09e7450870beaa0552a98a90fb	full	100	hermit-common	5	5	0	5	True	"{""ok"": 5}"	709.0234375	701.13671875	717.89453125	5.58984375	3.37890625	709.0234375	701.13671875	717.89453125	5.58984375	3.37890625
baseline-original	mmo	03507fc4ddc5d501eae1d2d9e7e54466bd72ec09e7450870beaa0552a98a90fb	full	100	hermit-library	5	5	0	5	True	"{""ok"": 5}"	440.921875	433.5078125	444.390625	0.89453125	0.7421875	440.921875	433.5078125	444.390625	0.89453125	0.7421875
baseline-original	mmo	03507fc4ddc5d501eae1d2d9e7e54466bd72ec09e7450870beaa0552a98a90fb	full	100	jfact-common	5	5	0	5	True	"{""ok"": 5}"	1021.78125	994.26171875	1037.81640625	29.93359375	16.03515625	1021.78125	994.26171875	1037.81640625	29.93359375	16.03515625
baseline-original	mmo	03507fc4ddc5d501eae1d2d9e7e54466bd72ec09e7450870beaa0552a98a90fb	full	100	jfact-library	5	5	0	5	True	"{""ok"": 5}"	448.75390625	434.08203125	451.92578125	13.49609375	3.171875	448.75390625	434.08203125	451.92578125	13.49609375	3.171875
baseline-original	mmo	03507fc4ddc5d501eae1d2d9e7e54466bd72ec09e7450870beaa0552a98a90fb	full	100	openllet-common	5	5	0	5	True	"{""ok"": 5}"	687.59765625	683.984375	721.37890625	4.453125	3.171875	687.59765625	683.984375	721.37890625	4.453125	3.171875
baseline-original	mmo	03507fc4ddc5d501eae1d2d9e7e54466bd72ec09e7450870beaa0552a98a90fb	full	100	openllet-library	5	5	0	5	True	"{""ok"": 5}"	402.234375	398.53125	409.671875	3.83984375	2.4296875	402.234375	398.53125	409.671875	3.83984375	2.4296875
baseline-original	mmo	03507fc4ddc5d501eae1d2d9e7e54466bd72ec09e7450870beaa0552a98a90fb	full	100	whelk-common	5	5	0	5	True	"{""ok"": 5}"	707.58984375	701.125	714.31640625	10.94140625	6.26953125	707.58984375	701.125	714.31640625	10.94140625	6.26953125
baseline-original	mmo	03507fc4ddc5d501eae1d2d9e7e54466bd72ec09e7450870beaa0552a98a90fb	module	1	elk-common	5	5	0	5	True	"{""ok"": 5}"	127.69921875	124.4765625	137.5859375	4.6875	3.22265625	127.69921875	124.4765625	137.5859375	4.6875	3.22265625
baseline-original	mmo	03507fc4ddc5d501eae1d2d9e7e54466bd72ec09e7450870beaa0552a98a90fb	module	1	hermit-common	5	5	0	5	True	"{""ok"": 5}"	115.1796875	112.890625	117.2421875	0.1953125	0.1171875	115.1796875	112.890625	117.2421875	0.1953125	0.1171875
baseline-original	mmo	03507fc4ddc5d501eae1d2d9e7e54466bd72ec09e7450870beaa0552a98a90fb	module	1	hermit-library	5	5	0	5	True	"{""ok"": 5}"	117.23828125	116.8125	120.79296875	3.25	0.42578125	117.23828125	116.8125	120.79296875	3.25	0.42578125
baseline-original	mmo	03507fc4ddc5d501eae1d2d9e7e54466bd72ec09e7450870beaa0552a98a90fb	module	1	jfact-common	5	5	0	5	True	"{""ok"": 5}"	162.61328125	158.62890625	170.3125	8.19140625	3.984375	162.61328125	158.62890625	170.3125	8.19140625	3.984375
baseline-original	mmo	03507fc4ddc5d501eae1d2d9e7e54466bd72ec09e7450870beaa0552a98a90fb	module	1	jfact-library	5	5	0	5	True	"{""ok"": 5}"	156.41015625	153.265625	160.95703125	0.67578125	0.515625	156.41015625	153.265625	160.95703125	0.67578125	0.515625
baseline-original	mmo	03507fc4ddc5d501eae1d2d9e7e54466bd72ec09e7450870beaa0552a98a90fb	module	1	openllet-common	5	5	0	5	True	"{""ok"": 5}"	119.66796875	118.88671875	122.01953125	1.265625	0.78125	119.66796875	118.88671875	122.01953125	1.265625	0.78125
baseline-original	mmo	03507fc4ddc5d501eae1d2d9e7e54466bd72ec09e7450870beaa0552a98a90fb	module	1	openllet-library	5	5	0	5	True	"{""ok"": 5}"	123.12890625	116.76953125	125.328125	2.0	1.640625	123.12890625	116.76953125	125.328125	2.0	1.640625
baseline-original	mmo	03507fc4ddc5d501eae1d2d9e7e54466bd72ec09e7450870beaa0552a98a90fb	module	1	whelk-common	5	5	0	5	True	"{""ok"": 5}"	123.33203125	121.390625	127.34765625	4.06640625	1.94140625	123.33203125	121.390625	127.34765625	4.06640625	1.94140625
baseline-original	mmo	03507fc4ddc5d501eae1d2d9e7e54466bd72ec09e7450870beaa0552a98a90fb	module	10	elk-common	5	5	0	5	True	"{""ok"": 5}"	129.3359375	127.40625	134.765625	0.9921875	0.5390625	129.3359375	127.40625	134.765625	0.9921875	0.5390625
baseline-original	mmo	03507fc4ddc5d501eae1d2d9e7e54466bd72ec09e7450870beaa0552a98a90fb	module	10	hermit-common	5	5	0	5	True	"{""ok"": 5}"	117.18359375	116.5078125	118.79296875	0.48046875	0.4140625	117.18359375	116.5078125	118.79296875	0.48046875	0.4140625
baseline-original	mmo	03507fc4ddc5d501eae1d2d9e7e54466bd72ec09e7450870beaa0552a98a90fb	module	10	hermit-library	5	5	0	5	True	"{""ok"": 5}"	125.51171875	124.234375	128.82421875	2.19140625	1.1875	125.51171875	124.234375	128.82421875	2.19140625	1.1875
baseline-original	mmo	03507fc4ddc5d501eae1d2d9e7e54466bd72ec09e7450870beaa0552a98a90fb	module	10	jfact-common	5	5	0	5	True	"{""ok"": 5}"	168.4921875	166.30859375	173.015625	1.55859375	1.26171875	168.4921875	166.30859375	173.015625	1.55859375	1.26171875
baseline-original	mmo	03507fc4ddc5d501eae1d2d9e7e54466bd72ec09e7450870beaa0552a98a90fb	module	10	jfact-library	5	5	0	5	True	"{""ok"": 5}"	161.1953125	158.94140625	165.96875	2.890625	2.0	161.1953125	158.94140625	165.96875	2.890625	2.0
baseline-original	mmo	03507fc4ddc5d501eae1d2d9e7e54466bd72ec09e7450870beaa0552a98a90fb	module	10	openllet-common	5	5	0	5	True	"{""ok"": 5}"	123.56640625	116.88671875	124.60546875	3.92578125	1.0390625	123.56640625	116.88671875	124.60546875	3.92578125	1.0390625
baseline-original	mmo	03507fc4ddc5d501eae1d2d9e7e54466bd72ec09e7450870beaa0552a98a90fb	module	10	openllet-library	5	5	0	5	True	"{""ok"": 5}"	122.9375	119.71484375	127.51953125	1.9140625	1.76953125	122.9375	119.71484375	127.51953125	1.9140625	1.76953125
baseline-original	mmo	03507fc4ddc5d501eae1d2d9e7e54466bd72ec09e7450870beaa0552a98a90fb	module	10	whelk-common	5	5	0	5	True	"{""ok"": 5}"	125.1640625	122.6015625	125.65625	0.19140625	0.1171875	125.1640625	122.6015625	125.65625	0.19140625	0.1171875
baseline-original	mmo	03507fc4ddc5d501eae1d2d9e7e54466bd72ec09e7450870beaa0552a98a90fb	module	100	elk-common	5	5	0	5	True	"{""ok"": 5}"	133.40625	126.87890625	134.45703125	6.3125	1.05078125	133.40625	126.87890625	134.45703125	6.3125	1.05078125
baseline-original	mmo	03507fc4ddc5d501eae1d2d9e7e54466bd72ec09e7450870beaa0552a98a90fb	module	100	hermit-common	5	5	0	5	True	"{""ok"": 5}"	114.984375	113.7421875	119.4921875	2.4765625	1.2421875	114.984375	113.7421875	119.4921875	2.4765625	1.2421875
baseline-original	mmo	03507fc4ddc5d501eae1d2d9e7e54466bd72ec09e7450870beaa0552a98a90fb	module	100	hermit-library	5	5	0	5	True	"{""ok"": 5}"	126.671875	126.0703125	128.640625	2.15234375	0.6015625	126.671875	126.0703125	128.640625	2.15234375	0.6015625
baseline-original	mmo	03507fc4ddc5d501eae1d2d9e7e54466bd72ec09e7450870beaa0552a98a90fb	module	100	jfact-common	5	5	0	5	True	"{""ok"": 5}"	170.16796875	166.59375	173.53125	5.19140625	3.35546875	170.16796875	166.59375	173.53125	5.19140625	3.35546875
baseline-original	mmo	03507fc4ddc5d501eae1d2d9e7e54466bd72ec09e7450870beaa0552a98a90fb	module	100	jfact-library	5	5	0	5	True	"{""ok"": 5}"	159.171875	156.453125	169.609375	2.640625	1.80078125	159.171875	156.453125	169.609375	2.640625	1.80078125
baseline-original	mmo	03507fc4ddc5d501eae1d2d9e7e54466bd72ec09e7450870beaa0552a98a90fb	module	100	openllet-common	5	5	0	5	True	"{""ok"": 5}"	121.81640625	118.64453125	124.34765625	3.23828125	2.53125	121.81640625	118.64453125	124.34765625	3.23828125	2.53125
baseline-original	mmo	03507fc4ddc5d501eae1d2d9e7e54466bd72ec09e7450870beaa0552a98a90fb	module	100	openllet-library	5	5	0	5	True	"{""ok"": 5}"	122.78125	120.3671875	123.5390625	0.4140625	0.34765625	122.78125	120.3671875	123.5390625	0.4140625	0.34765625
baseline-original	mmo	03507fc4ddc5d501eae1d2d9e7e54466bd72ec09e7450870beaa0552a98a90fb	module	100	whelk-common	5	5	0	5	True	"{""ok"": 5}"	125.4453125	123.421875	127.96484375	2.5078125	2.0234375	125.4453125	123.421875	127.96484375	2.5078125	2.0234375
baseline-original	vto	0032c408ae08b8c078fbcecfc06533a0143ce424dbca34635c52989881ac74a5	full	1	elk-common	5	5	0	0	False	"{""timeout"": 5}"	987.6171875	984.69140625	991.63671875	3.7265625	1.9296875					
baseline-original	vto	0032c408ae08b8c078fbcecfc06533a0143ce424dbca34635c52989881ac74a5	full	1	hermit-common	5	5	0	0	False	"{""timeout"": 5}"	2200.2421875	2184.28515625	2324.41015625	40.97265625	15.95703125					
baseline-original	vto	0032c408ae08b8c078fbcecfc06533a0143ce424dbca34635c52989881ac74a5	full	1	hermit-library	5	5	0	5	True	"{""ok"": 5}"	1048.37890625	1040.12109375	1053.55859375	6.1640625	5.1796875	1048.37890625	1040.12109375	1053.55859375	6.1640625	5.1796875
baseline-original	vto	0032c408ae08b8c078fbcecfc06533a0143ce424dbca34635c52989881ac74a5	full	1	jfact-common	5	5	0	0	False	"{""timeout"": 5}"	4626.4453125	3991.48046875	5059.44921875	370.671875	265.3984375					
baseline-original	vto	0032c408ae08b8c078fbcecfc06533a0143ce424dbca34635c52989881ac74a5	full	1	jfact-library	5	5	0	5	True	"{""ok"": 5}"	1109.35546875	1094.59375	1120.49609375	13.37890625	8.1015625	1109.35546875	1094.59375	1120.49609375	13.37890625	8.1015625
baseline-original	vto	0032c408ae08b8c078fbcecfc06533a0143ce424dbca34635c52989881ac74a5	full	1	openllet-common	5	5	0	0	False	"{""timeout"": 5}"	2168.328125	2160.94921875	2184.25390625	10.828125	7.37890625					
baseline-original	vto	0032c408ae08b8c078fbcecfc06533a0143ce424dbca34635c52989881ac74a5	full	1	openllet-library	5	5	0	5	True	"{""ok"": 5}"	998.5859375	985.05859375	1002.0703125	9.97265625	3.484375	998.5859375	985.05859375	1002.0703125	9.97265625	3.484375
baseline-original	vto	0032c408ae08b8c078fbcecfc06533a0143ce424dbca34635c52989881ac74a5	full	1	whelk-common	5	5	0	0	False	"{""timeout"": 5}"	2230.82421875	2226.234375	2238.2421875	7.9921875	4.58984375					
baseline-original	vto	0032c408ae08b8c078fbcecfc06533a0143ce424dbca34635c52989881ac74a5	full	10	elk-common	5	5	0	0	False	"{""timeout"": 5}"	986.484375	980.86328125	996.5703125	7.859375	5.62109375					
baseline-original	vto	0032c408ae08b8c078fbcecfc06533a0143ce424dbca34635c52989881ac74a5	full	10	hermit-common	5	5	0	0	False	"{""timeout"": 5}"	2237.99609375	2174.3828125	2292.390625	54.62890625	54.13671875					
baseline-original	vto	0032c408ae08b8c078fbcecfc06533a0143ce424dbca34635c52989881ac74a5	full	10	hermit-library	5	5	0	5	True	"{""ok"": 5}"	2671.078125	2649.69921875	2709.23046875	18.3046875	15.46875	2671.078125	2649.69921875	2709.23046875	18.3046875	15.46875
baseline-original	vto	0032c408ae08b8c078fbcecfc06533a0143ce424dbca34635c52989881ac74a5	full	10	jfact-common	5	5	0	0	False	"{""error"": 1, ""timeout"": 4}"	4319.640625	3914.734375	4650.578125	326.5234375	184.4140625					
baseline-original	vto	0032c408ae08b8c078fbcecfc06533a0143ce424dbca34635c52989881ac74a5	full	10	jfact-library	5	5	0	5	True	"{""ok"": 5}"	2103.87890625	2063.45703125	2134.86328125	47.328125	23.96484375	2103.87890625	2063.45703125	2134.86328125	47.328125	23.96484375
baseline-original	vto	0032c408ae08b8c078fbcecfc06533a0143ce424dbca34635c52989881ac74a5	full	10	openllet-common	5	5	0	0	False	"{""timeout"": 5}"	2175.1015625	2167.140625	2183.50390625	8.34375	7.36328125					
baseline-original	vto	0032c408ae08b8c078fbcecfc06533a0143ce424dbca34635c52989881ac74a5	full	10	openllet-library	5	5	0	5	True	"{""ok"": 5}"	2633.1484375	2618.06640625	2652.078125	13.984375	12.140625	2633.1484375	2618.06640625	2652.078125	13.984375	12.140625
baseline-original	vto	0032c408ae08b8c078fbcecfc06533a0143ce424dbca34635c52989881ac74a5	full	10	whelk-common	5	5	0	0	False	"{""timeout"": 5}"	2237.5625	2234.82421875	2240.51171875	4.3671875	2.58203125					
baseline-original	vto	0032c408ae08b8c078fbcecfc06533a0143ce424dbca34635c52989881ac74a5	full	100	elk-common	5	5	0	0	False	"{""timeout"": 5}"	986.9765625	984.09375	993.2109375	4.921875	2.8828125					
baseline-original	vto	0032c408ae08b8c078fbcecfc06533a0143ce424dbca34635c52989881ac74a5	full	100	hermit-common	5	5	0	0	False	"{""timeout"": 5}"	2217.42578125	2174.734375	2411.22265625	121.03125	42.69140625					
baseline-original	vto	0032c408ae08b8c078fbcecfc06533a0143ce424dbca34635c52989881ac74a5	full	100	hermit-library	5	5	0	5	True	"{""ok"": 5}"	2641.51953125	2629.11328125	2672.5390625	31.1796875	12.40625	2641.51953125	2629.11328125	2672.5390625	31.1796875	12.40625
baseline-original	vto	0032c408ae08b8c078fbcecfc06533a0143ce424dbca34635c52989881ac74a5	full	100	jfact-common	5	5	0	0	False	"{""timeout"": 5}"	4323.1796875	3697.9765625	5466.71875	485.4375	277.54296875					
baseline-original	vto	0032c408ae08b8c078fbcecfc06533a0143ce424dbca34635c52989881ac74a5	full	100	jfact-library	5	5	0	5	True	"{""ok"": 5}"	2150.51953125	2115.02734375	2177.91796875	47.265625	25.57421875	2150.51953125	2115.02734375	2177.91796875	47.265625	25.57421875
baseline-original	vto	0032c408ae08b8c078fbcecfc06533a0143ce424dbca34635c52989881ac74a5	full	100	openllet-common	5	5	0	0	False	"{""timeout"": 5}"	2180.8671875	2171.7734375	2190.43359375	12.0390625	6.9140625					
baseline-original	vto	0032c408ae08b8c078fbcecfc06533a0143ce424dbca34635c52989881ac74a5	full	100	openllet-library	5	5	0	5	True	"{""ok"": 5}"	2636.88671875	2608.3203125	2653.515625	17.42578125	16.33984375	2636.88671875	2608.3203125	2653.515625	17.42578125	16.33984375
baseline-original	vto	0032c408ae08b8c078fbcecfc06533a0143ce424dbca34635c52989881ac74a5	full	100	whelk-common	5	5	0	0	False	"{""timeout"": 5}"	2242.421875	2236.96484375	2245.83984375	4.98046875	3.41796875					
baseline-original	vto	0032c408ae08b8c078fbcecfc06533a0143ce424dbca34635c52989881ac74a5	module	1	elk-common	5	5	0	5	True	"{""ok"": 5}"	118.92578125	118.24609375	120.5546875	0.66796875	0.62109375	118.92578125	118.24609375	120.5546875	0.66796875	0.62109375
baseline-original	vto	0032c408ae08b8c078fbcecfc06533a0143ce424dbca34635c52989881ac74a5	module	1	hermit-common	5	5	0	5	True	"{""ok"": 5}"	107.1875	105.625	107.8125	1.25	0.625	107.1875	105.625	107.8125	1.25	0.625
baseline-original	vto	0032c408ae08b8c078fbcecfc06533a0143ce424dbca34635c52989881ac74a5	module	1	hermit-library	5	5	0	5	True	"{""ok"": 5}"	111.25	110.625	113.125	0.3125	0.3125	111.25	110.625	113.125	0.3125	0.3125
baseline-original	vto	0032c408ae08b8c078fbcecfc06533a0143ce424dbca34635c52989881ac74a5	module	1	jfact-common	5	5	0	5	True	"{""ok"": 5}"	154.15625	153.12109375	156.0546875	1.28125	1.01953125	154.15625	153.12109375	156.0546875	1.28125	1.01953125
baseline-original	vto	0032c408ae08b8c078fbcecfc06533a0143ce424dbca34635c52989881ac74a5	module	1	jfact-library	5	5	0	5	True	"{""ok"": 5}"	146.2421875	145.55859375	146.5390625	0.23828125	0.1328125	146.2421875	145.55859375	146.5390625	0.23828125	0.1328125
baseline-original	vto	0032c408ae08b8c078fbcecfc06533a0143ce424dbca34635c52989881ac74a5	module	1	openllet-common	5	5	0	5	True	"{""ok"": 5}"	110.87890625	110.4921875	111.2109375	0.43359375	0.33203125	110.87890625	110.4921875	111.2109375	0.43359375	0.33203125
baseline-original	vto	0032c408ae08b8c078fbcecfc06533a0143ce424dbca34635c52989881ac74a5	module	1	openllet-library	5	5	0	5	True	"{""ok"": 5}"	111.98828125	110.3125	112.88671875	1.9375	0.8984375	111.98828125	110.3125	112.88671875	1.9375	0.8984375
baseline-original	vto	0032c408ae08b8c078fbcecfc06533a0143ce424dbca34635c52989881ac74a5	module	1	whelk-common	5	5	0	5	True	"{""ok"": 5}"	120.796875	114.05078125	122.19140625	7.46875	1.39453125	120.796875	114.05078125	122.19140625	7.46875	1.39453125
baseline-original	vto	0032c408ae08b8c078fbcecfc06533a0143ce424dbca34635c52989881ac74a5	module	10	elk-common	5	5	0	5	True	"{""ok"": 5}"	120.828125	119.0	121.80078125	1.140625	0.578125	120.828125	119.0	121.80078125	1.140625	0.578125
baseline-original	vto	0032c408ae08b8c078fbcecfc06533a0143ce424dbca34635c52989881ac74a5	module	10	hermit-common	5	5	0	5	True	"{""ok"": 5}"	111.5625	110.0	112.1875	1.875	0.625	111.5625	110.0	112.1875	1.875	0.625
baseline-original	vto	0032c408ae08b8c078fbcecfc06533a0143ce424dbca34635c52989881ac74a5	module	10	hermit-library	5	5	0	5	True	"{""ok"": 5}"	125.02734375	123.67578125	125.5546875	0.6015625	0.3359375	125.02734375	123.67578125	125.5546875	0.6015625	0.3359375
baseline-original	vto	0032c408ae08b8c078fbcecfc06533a0143ce424dbca34635c52989881ac74a5	module	10	jfact-common	5	5	0	5	True	"{""ok"": 5}"	158.34765625	158.11328125	159.24609375	0.88671875	0.234375	158.34765625	158.11328125	159.24609375	0.88671875	0.234375
baseline-original	vto	0032c408ae08b8c078fbcecfc06533a0143ce424dbca34635c52989881ac74a5	module	10	jfact-library	5	5	0	5	True	"{""ok"": 5}"	148.4453125	147.40234375	149.71484375	1.91015625	1.0	148.4453125	147.40234375	149.71484375	1.91015625	1.0
baseline-original	vto	0032c408ae08b8c078fbcecfc06533a0143ce424dbca34635c52989881ac74a5	module	10	openllet-common	5	5	0	5	True	"{""ok"": 5}"	110.7421875	110.59765625	111.48828125	0.8515625	0.14453125	110.7421875	110.59765625	111.48828125	0.8515625	0.14453125
baseline-original	vto	0032c408ae08b8c078fbcecfc06533a0143ce424dbca34635c52989881ac74a5	module	10	openllet-library	5	5	0	5	True	"{""ok"": 5}"	113.61328125	112.50390625	114.66796875	1.0625	0.74609375	113.61328125	112.50390625	114.66796875	1.0625	0.74609375
baseline-original	vto	0032c408ae08b8c078fbcecfc06533a0143ce424dbca34635c52989881ac74a5	module	10	whelk-common	5	5	0	5	True	"{""ok"": 5}"	116.953125	114.65234375	122.234375	0.34765625	0.2421875	116.953125	114.65234375	122.234375	0.34765625	0.2421875
baseline-original	vto	0032c408ae08b8c078fbcecfc06533a0143ce424dbca34635c52989881ac74a5	module	100	elk-common	5	5	0	5	True	"{""ok"": 5}"	120.53125	119.80078125	121.61328125	1.3515625	0.7265625	120.53125	119.80078125	121.61328125	1.3515625	0.7265625
baseline-original	vto	0032c408ae08b8c078fbcecfc06533a0143ce424dbca34635c52989881ac74a5	module	100	hermit-common	5	5	0	5	True	"{""ok"": 5}"	110.625	110.0	112.1875	1.5625	0.625	110.625	110.0	112.1875	1.5625	0.625
baseline-original	vto	0032c408ae08b8c078fbcecfc06533a0143ce424dbca34635c52989881ac74a5	module	100	hermit-library	5	5	0	5	True	"{""ok"": 5}"	124.18359375	123.2109375	125.54296875	1.60546875	0.94921875	124.18359375	123.2109375	125.54296875	1.60546875	0.94921875
baseline-original	vto	0032c408ae08b8c078fbcecfc06533a0143ce424dbca34635c52989881ac74a5	module	100	jfact-common	5	5	0	5	True	"{""ok"": 5}"	159.30859375	158.875	160.20703125	0.90234375	0.43359375	159.30859375	158.875	160.20703125	0.90234375	0.43359375
baseline-original	vto	0032c408ae08b8c078fbcecfc06533a0143ce424dbca34635c52989881ac74a5	module	100	jfact-library	5	5	0	5	True	"{""ok"": 5}"	148.56640625	147.87890625	149.33203125	0.20703125	0.19140625	148.56640625	147.87890625	149.33203125	0.20703125	0.19140625
baseline-original	vto	0032c408ae08b8c078fbcecfc06533a0143ce424dbca34635c52989881ac74a5	module	100	openllet-common	5	5	0	5	True	"{""ok"": 5}"	111.359375	109.9375	113.8671875	3.578125	1.421875	111.359375	109.9375	113.8671875	3.578125	1.421875
baseline-original	vto	0032c408ae08b8c078fbcecfc06533a0143ce424dbca34635c52989881ac74a5	module	100	openllet-library	5	5	0	5	True	"{""ok"": 5}"	114.1171875	112.64453125	116.046875	1.703125	0.97265625	114.1171875	112.64453125	116.046875	1.703125	0.97265625
baseline-original	vto	0032c408ae08b8c078fbcecfc06533a0143ce424dbca34635c52989881ac74a5	module	100	whelk-common	5	5	0	5	True	"{""ok"": 5}"	119.4453125	116.76953125	122.2421875	4.30078125	2.65625	119.4453125	116.76953125	122.2421875	4.30078125	2.65625
baseline-original	vto	0055b4a115d54c76907aa934dabb293d0f752301108124f82cf0f0a941699dd9	full	1	elk-common	5	5	0	0	False	"{""timeout"": 5}"	984.66015625	979.7109375	989.890625	4.5859375	2.4453125					
baseline-original	vto	0055b4a115d54c76907aa934dabb293d0f752301108124f82cf0f0a941699dd9	full	1	hermit-common	5	5	0	0	False	"{""timeout"": 5}"	2332.171875	2184.4140625	2360.421875	168.1796875	28.25					
baseline-original	vto	0055b4a115d54c76907aa934dabb293d0f752301108124f82cf0f0a941699dd9	full	1	hermit-library	5	5	0	5	True	"{""ok"": 5}"	1049.58203125	1029.60546875	1055.48046875	22.40625	5.8984375	1049.58203125	1029.60546875	1055.48046875	22.40625	5.8984375
baseline-original	vto	0055b4a115d54c76907aa934dabb293d0f752301108124f82cf0f0a941699dd9	full	1	jfact-common	5	5	0	0	False	"{""timeout"": 5}"	4277.45703125	3494.28125	4912.27734375	902.921875	522.91015625					
baseline-original	vto	0055b4a115d54c76907aa934dabb293d0f752301108124f82cf0f0a941699dd9	full	1	jfact-library	5	5	0	5	True	"{""ok"": 5}"	1099.66015625	1083.78515625	1112.4453125	10.7890625	6.3203125	1099.66015625	1083.78515625	1112.4453125	10.7890625	6.3203125
baseline-original	vto	0055b4a115d54c76907aa934dabb293d0f752301108124f82cf0f0a941699dd9	full	1	openllet-common	5	5	0	0	False	"{""timeout"": 5}"	2168.046875	2162.03515625	2197.78515625	0.92578125	0.57421875					
baseline-original	vto	0055b4a115d54c76907aa934dabb293d0f752301108124f82cf0f0a941699dd9	full	1	openllet-library	5	5	0	5	True	"{""ok"": 5}"	996.6171875	985.30078125	1041.8203125	25.4140625	11.31640625	996.6171875	985.30078125	1041.8203125	25.4140625	11.31640625
baseline-original	vto	0055b4a115d54c76907aa934dabb293d0f752301108124f82cf0f0a941699dd9	full	1	whelk-common	5	5	0	0	False	"{""timeout"": 5}"	2240.86328125	2224.0234375	2245.296875	4.28515625	4.0625					
baseline-original	vto	0055b4a115d54c76907aa934dabb293d0f752301108124f82cf0f0a941699dd9	full	10	elk-common	5	5	0	0	False	"{""timeout"": 5}"	985.65234375	981.54296875	990.75390625	4.8359375	2.9453125					
baseline-original	vto	0055b4a115d54c76907aa934dabb293d0f752301108124f82cf0f0a941699dd9	full	10	hermit-common	5	5	0	0	False	"{""timeout"": 5}"	2209.59375	2171.6953125	2396.7109375	75.0078125	37.8984375					
baseline-original	vto	0055b4a115d54c76907aa934dabb293d0f752301108124f82cf0f0a941699dd9	full	10	hermit-library	5	5	0	0	False	"{""timeout"": 5}"	7232.13671875	6764.27734375	7390.9453125	268.80078125	158.80859375					
baseline-original	vto	0055b4a115d54c76907aa934dabb293d0f752301108124f82cf0f0a941699dd9	full	10	jfact-common	5	5	0	0	False	"{""timeout"": 5}"	4577.41015625	3519.96484375	4882.34375	872.4921875	304.93359375					
baseline-original	vto	0055b4a115d54c76907aa934dabb293d0f752301108124f82cf0f0a941699dd9	full	10	jfact-library	5	5	0	0	False	"{""timeout"": 5}"	5795.97265625	5368.1015625	6042.30859375	136.50390625	104.44921875					
baseline-original	vto	0055b4a115d54c76907aa934dabb293d0f752301108124f82cf0f0a941699dd9	full	10	openllet-common	5	5	0	0	False	"{""timeout"": 5}"	2171.51171875	2162.765625	2226.234375	48.5234375	8.74609375					
baseline-original	vto	0055b4a115d54c76907aa934dabb293d0f752301108124f82cf0f0a941699dd9	full	10	openllet-library	5	5	0	0	False	"{""timeout"": 5}"	6546.26171875	6063.23046875	6669.44140625	524.47265625	123.1796875					
baseline-original	vto	0055b4a115d54c76907aa934dabb293d0f752301108124f82cf0f0a941699dd9	full	10	whelk-common	5	5	0	0	False	"{""timeout"": 5}"	2241.44140625	2230.10546875	2245.234375	8.703125	3.79296875					
baseline-original	vto	0055b4a115d54c76907aa934dabb293d0f752301108124f82cf0f0a941699dd9	full	100	elk-common	5	5	0	0	False	"{""timeout"": 5}"	983.54296875	980.64453125	990.078125	3.41015625	2.20703125					
baseline-original	vto	0055b4a115d54c76907aa934dabb293d0f752301108124f82cf0f0a941699dd9	full	100	hermit-common	5	5	0	0	False	"{""timeout"": 5}"	2259.77734375	2180.35546875	2375.296875	100.609375	75.10546875					
baseline-original	vto	0055b4a115d54c76907aa934dabb293d0f752301108124f82cf0f0a941699dd9	full	100	hermit-library	5	5	0	0	False	"{""timeout"": 5}"	7381.88671875	6970.84375	7555.66015625	509.61328125	173.7734375					
baseline-original	vto	0055b4a115d54c76907aa934dabb293d0f752301108124f82cf0f0a941699dd9	full	100	jfact-common	5	5	0	0	False	"{""timeout"": 5}"	4406.2578125	3816.87890625	4784.63671875	243.01171875	155.859375					
baseline-original	vto	0055b4a115d54c76907aa934dabb293d0f752301108124f82cf0f0a941699dd9	full	100	jfact-library	5	5	0	0	False	"{""timeout"": 5}"	5829.1875	5460.90234375	6347.23046875	533.5625	346.46484375					
baseline-original	vto	0055b4a115d54c76907aa934dabb293d0f752301108124f82cf0f0a941699dd9	full	100	openllet-common	5	5	0	0	False	"{""timeout"": 5}"	2168.73828125	2164.92578125	2191.4140625	11.57421875	3.8125					
baseline-original	vto	0055b4a115d54c76907aa934dabb293d0f752301108124f82cf0f0a941699dd9	full	100	openllet-library	5	5	0	0	False	"{""timeout"": 5}"	6505.203125	5366.48828125	6678.76171875	658.44921875	173.55859375					
baseline-original	vto	0055b4a115d54c76907aa934dabb293d0f752301108124f82cf0f0a941699dd9	full	100	whelk-common	5	5	0	0	False	"{""timeout"": 5}"	2242.96484375	2233.26171875	2252.65625	2.12109375	1.19140625					
baseline-original	vto	0055b4a115d54c76907aa934dabb293d0f752301108124f82cf0f0a941699dd9	module	1	elk-common	5	5	0	5	True	"{""ok"": 5}"	131.73046875	129.4296875	134.9921875	2.15234375	2.03515625	131.73046875	129.4296875	134.9921875	2.15234375	2.03515625
baseline-original	vto	0055b4a115d54c76907aa934dabb293d0f752301108124f82cf0f0a941699dd9	module	1	hermit-common	5	5	0	5	True	"{""ok"": 5}"	125.2109375	124.078125	132.1171875	0.87109375	0.71484375	125.2109375	124.078125	132.1171875	0.87109375	0.71484375
baseline-original	vto	0055b4a115d54c76907aa934dabb293d0f752301108124f82cf0f0a941699dd9	module	1	hermit-library	5	5	0	5	True	"{""ok"": 5}"	143.94921875	141.90234375	153.640625	1.91015625	1.68359375	143.94921875	141.90234375	153.640625	1.91015625	1.68359375
baseline-original	vto	0055b4a115d54c76907aa934dabb293d0f752301108124f82cf0f0a941699dd9	module	1	jfact-common	5	5	0	5	True	"{""ok"": 5}"	189.20703125	188.29296875	203.94140625	7.890625	0.9140625	189.20703125	188.29296875	203.94140625	7.890625	0.9140625
baseline-original	vto	0055b4a115d54c76907aa934dabb293d0f752301108124f82cf0f0a941699dd9	module	1	jfact-library	5	5	0	5	True	"{""ok"": 5}"	156.328125	152.49609375	163.16796875	3.49609375	1.7578125	156.328125	152.49609375	163.16796875	3.49609375	1.7578125
baseline-original	vto	0055b4a115d54c76907aa934dabb293d0f752301108124f82cf0f0a941699dd9	module	1	openllet-common	5	5	0	5	True	"{""ok"": 5}"	118.88671875	116.91796875	125.5625	1.609375	1.125	118.88671875	116.91796875	125.5625	1.609375	1.125
baseline-original	vto	0055b4a115d54c76907aa934dabb293d0f752301108124f82cf0f0a941699dd9	module	1	openllet-library	5	5	0	5	True	"{""ok"": 5}"	124.9921875	118.3359375	129.24609375	7.3203125	4.25390625	124.9921875	118.3359375	129.24609375	7.3203125	4.25390625
baseline-original	vto	0055b4a115d54c76907aa934dabb293d0f752301108124f82cf0f0a941699dd9	module	1	whelk-common	5	5	0	5	True	"{""ok"": 5}"	137.08984375	134.80078125	145.78515625	1.1328125	0.75390625	137.08984375	134.80078125	145.78515625	1.1328125	0.75390625
baseline-original	vto	0055b4a115d54c76907aa934dabb293d0f752301108124f82cf0f0a941699dd9	module	10	elk-common	5	5	0	5	True	"{""ok"": 5}"	136.515625	136.20703125	143.54296875	0.10546875	0.078125	136.515625	136.20703125	143.54296875	0.10546875	0.078125
baseline-original	vto	0055b4a115d54c76907aa934dabb293d0f752301108124f82cf0f0a941699dd9	module	10	hermit-common	5	5	0	5	True	"{""ok"": 5}"	143.73046875	141.5546875	151.390625	3.67578125	2.17578125	143.73046875	141.5546875	151.390625	3.67578125	2.17578125
baseline-original	vto	0055b4a115d54c76907aa934dabb293d0f752301108124f82cf0f0a941699dd9	module	10	hermit-library	5	5	0	5	True	"{""ok"": 5}"	441.1171875	438.56640625	453.0078125	8.6328125	2.55078125	441.1171875	438.56640625	453.0078125	8.6328125	2.55078125
baseline-original	vto	0055b4a115d54c76907aa934dabb293d0f752301108124f82cf0f0a941699dd9	module	10	jfact-common	5	5	0	5	True	"{""ok"": 5}"	233.2890625	227.93359375	240.33984375	3.625	2.7109375	233.2890625	227.93359375	240.33984375	3.625	2.7109375
baseline-original	vto	0055b4a115d54c76907aa934dabb293d0f752301108124f82cf0f0a941699dd9	module	10	jfact-library	5	5	0	5	True	"{""ok"": 5}"	213.54296875	211.2265625	227.515625	3.52734375	2.109375	213.54296875	211.2265625	227.515625	3.52734375	2.109375
baseline-original	vto	0055b4a115d54c76907aa934dabb293d0f752301108124f82cf0f0a941699dd9	module	10	openllet-common	5	5	0	5	True	"{""ok"": 5}"	127.11328125	125.24609375	139.38671875	1.22265625	0.9375	127.11328125	125.24609375	139.38671875	1.22265625	0.9375
baseline-original	vto	0055b4a115d54c76907aa934dabb293d0f752301108124f82cf0f0a941699dd9	module	10	openllet-library	5	5	0	5	True	"{""ok"": 5}"	192.8359375	188.72265625	201.88671875	3.109375	2.734375	192.8359375	188.72265625	201.88671875	3.109375	2.734375
baseline-original	vto	0055b4a115d54c76907aa934dabb293d0f752301108124f82cf0f0a941699dd9	module	10	whelk-common	5	5	0	5	True	"{""ok"": 5}"	163.91015625	157.66796875	173.7578125	5.62890625	4.05078125	163.91015625	157.66796875	173.7578125	5.62890625	4.05078125
baseline-original	vto	0055b4a115d54c76907aa934dabb293d0f752301108124f82cf0f0a941699dd9	module	100	elk-common	5	5	0	5	True	"{""ok"": 5}"	137.5078125	135.3046875	146.56640625	1.93359375	1.44140625	137.5078125	135.3046875	146.56640625	1.93359375	1.44140625
baseline-original	vto	0055b4a115d54c76907aa934dabb293d0f752301108124f82cf0f0a941699dd9	module	100	hermit-common	5	5	0	5	True	"{""ok"": 5}"	145.40234375	143.5546875	149.20703125	1.96875	1.4140625	145.40234375	143.5546875	149.20703125	1.96875	1.4140625
baseline-original	vto	0055b4a115d54c76907aa934dabb293d0f752301108124f82cf0f0a941699dd9	module	100	hermit-library	5	5	0	5	True	"{""ok"": 5}"	450.02734375	447.90234375	460.58203125	9.11328125	2.125	450.02734375	447.90234375	460.58203125	9.11328125	2.125
baseline-original	vto	0055b4a115d54c76907aa934dabb293d0f752301108124f82cf0f0a941699dd9	module	100	jfact-common	5	5	0	5	True	"{""ok"": 5}"	225.55078125	223.58203125	244.0703125	13.0	1.96875	225.55078125	223.58203125	244.0703125	13.0	1.96875
baseline-original	vto	0055b4a115d54c76907aa934dabb293d0f752301108124f82cf0f0a941699dd9	module	100	jfact-library	5	5	0	5	True	"{""ok"": 5}"	215.05078125	209.2578125	229.171875	5.046875	3.38671875	215.05078125	209.2578125	229.171875	5.046875	3.38671875
baseline-original	vto	0055b4a115d54c76907aa934dabb293d0f752301108124f82cf0f0a941699dd9	module	100	openllet-common	5	5	0	5	True	"{""ok"": 5}"	129.51953125	126.21875	136.5625	0.6015625	0.43359375	129.51953125	126.21875	136.5625	0.6015625	0.43359375
baseline-original	vto	0055b4a115d54c76907aa934dabb293d0f752301108124f82cf0f0a941699dd9	module	100	openllet-library	5	5	0	5	True	"{""ok"": 5}"	196.8046875	190.2890625	198.21875	5.25390625	1.4140625	196.8046875	190.2890625	198.21875	5.25390625	1.4140625
baseline-original	vto	0055b4a115d54c76907aa934dabb293d0f752301108124f82cf0f0a941699dd9	module	100	whelk-common	5	5	0	5	True	"{""ok"": 5}"	162.19140625	153.84375	172.32421875	2.9140625	2.328125	162.19140625	153.84375	172.32421875	2.9140625	2.328125
baseline-original	vto	006ec55049838656b87aba916ad4497431dad7e42c05f1784953732abed8715f	full	1	elk-common	5	5	0	0	False	"{""timeout"": 5}"	984.5546875	981.515625	994.34375	7.46875	3.0390625					
baseline-original	vto	006ec55049838656b87aba916ad4497431dad7e42c05f1784953732abed8715f	full	1	hermit-common	5	5	0	0	False	"{""timeout"": 5}"	2208.9375	2178.41015625	2348.3984375	78.015625	30.52734375					
baseline-original	vto	006ec55049838656b87aba916ad4497431dad7e42c05f1784953732abed8715f	full	1	hermit-library	5	5	0	5	True	"{""ok"": 5}"	1048.515625	1029.71484375	1057.1484375	12.48828125	8.6328125	1048.515625	1029.71484375	1057.1484375	12.48828125	8.6328125
baseline-original	vto	006ec55049838656b87aba916ad4497431dad7e42c05f1784953732abed8715f	full	1	jfact-common	5	5	0	0	False	"{""timeout"": 5}"	4324.27734375	3616.3828125	5087.06640625	492.40234375	389.9921875					
baseline-original	vto	006ec55049838656b87aba916ad4497431dad7e42c05f1784953732abed8715f	full	1	jfact-library	5	5	0	5	True	"{""ok"": 5}"	1104.98828125	1102.1640625	1111.51171875	5.8046875	2.82421875	1104.98828125	1102.1640625	1111.51171875	5.8046875	2.82421875
baseline-original	vto	006ec55049838656b87aba916ad4497431dad7e42c05f1784953732abed8715f	full	1	openllet-common	5	5	0	0	False	"{""timeout"": 5}"	2178.984375	2169.37109375	2202.44921875	10.0	8.84375					
baseline-original	vto	006ec55049838656b87aba916ad4497431dad7e42c05f1784953732abed8715f	full	1	openllet-library	5	5	0	5	True	"{""ok"": 5}"	994.5	986.23828125	1005.546875	6.91015625	5.79296875	994.5	986.23828125	1005.546875	6.91015625	5.79296875
baseline-original	vto	006ec55049838656b87aba916ad4497431dad7e42c05f1784953732abed8715f	full	1	whelk-common	5	5	0	0	False	"{""timeout"": 5}"	2231.2109375	2222.921875	2235.6171875	3.46875	2.98828125					
baseline-original	vto	006ec55049838656b87aba916ad4497431dad7e42c05f1784953732abed8715f	full	10	elk-common	5	5	0	0	False	"{""timeout"": 5}"	984.046875	981.33984375	987.1640625	3.42578125	2.515625					
baseline-original	vto	006ec55049838656b87aba916ad4497431dad7e42c05f1784953732abed8715f	full	10	hermit-common	5	5	0	0	False	"{""timeout"": 5}"	2204.03515625	2187.60546875	2352.49609375	138.3125	16.4296875					
baseline-original	vto	006ec55049838656b87aba916ad4497431dad7e42c05f1784953732abed8715f	full	10	hermit-library	5	5	0	0	False	"{""timeout"": 5}"	6788.84375	5596.07421875	7504.5390625	650.4375	611.1953125					
baseline-original	vto	006ec55049838656b87aba916ad4497431dad7e42c05f1784953732abed8715f	full	10	jfact-common	5	5	0	0	False	"{""timeout"": 5}"	4495.2421875	3710.8203125	4796.671875	728.71484375	301.4296875					
baseline-original	vto	006ec55049838656b87aba916ad4497431dad7e42c05f1784953732abed8715f	full	10	jfact-library	5	5	0	0	False	"{""timeout"": 5}"	6146.25	4759.9765625	6733.203125	781.78515625	513.76171875					
baseline-original	vto	006ec55049838656b87aba916ad4497431dad7e42c05f1784953732abed8715f	full	10	openllet-common	5	5	0	0	False	"{""timeout"": 5}"	2177.7734375	2157.9609375	2192.5625	4.67578125	3.6875					
baseline-original	vto	006ec55049838656b87aba916ad4497431dad7e42c05f1784953732abed8715f	full	10	openllet-library	5	5	0	0	False	"{""timeout"": 5}"	6653.98828125	5255.234375	6894.47265625	1409.04296875	240.484375					
baseline-original	vto	006ec55049838656b87aba916ad4497431dad7e42c05f1784953732abed8715f	full	10	whelk-common	5	5	0	0	False	"{""timeout"": 5}"	2231.28125	2228.23046875	2258.1015625	12.7421875	3.05078125					
baseline-original	vto	006ec55049838656b87aba916ad4497431dad7e42c05f1784953732abed8715f	full	100	elk-common	5	5	0	0	False	"{""timeout"": 5}"	981.875	978.1796875	985.53515625	0.8671875	0.5					
baseline-original	vto	006ec55049838656b87aba916ad4497431dad7e42c05f1784953732abed8715f	full	100	hermit-common	5	5	0	0	False	"{""timeout"": 5}"	2309.71484375	2194.87109375	2386.7265625	57.921875	34.6953125					
baseline-original	vto	006ec55049838656b87aba916ad4497431dad7e42c05f1784953732abed8715f	full	100	hermit-library	5	5	0	0	False	"{""timeout"": 5}"	7155.1015625	5848.0859375	7605.3984375	271.30078125	177.75390625					
baseline-original	vto	006ec55049838656b87aba916ad4497431dad7e42c05f1784953732abed8715f	full	100	jfact-common	5	5	0	0	False	"{""timeout"": 5}"	4368.7578125	3748.08203125	4734.32421875	109.95703125	100.51953125					
baseline-original	vto	006ec55049838656b87aba916ad4497431dad7e42c05f1784953732abed8715f	full	100	jfact-library	5	5	0	0	False	"{""timeout"": 5}"	6033.47265625	5583.92578125	6094.76171875	223.7109375	61.2890625					
baseline-original	vto	006ec55049838656b87aba916ad4497431dad7e42c05f1784953732abed8715f	full	100	openllet-common	5	5	0	0	False	"{""timeout"": 5}"	2168.55078125	2161.37109375	2174.05859375	4.56640625	3.73046875					
baseline-original	vto	006ec55049838656b87aba916ad4497431dad7e42c05f1784953732abed8715f	full	100	openllet-library	5	5	0	0	False	"{""timeout"": 5}"	6453.8203125	5457.90625	6700.9296875	616.828125	247.109375					
baseline-original	vto	006ec55049838656b87aba916ad4497431dad7e42c05f1784953732abed8715f	full	100	whelk-common	5	5	0	0	False	"{""timeout"": 5}"	2238.734375	2225.51171875	2244.4453125	3.06640625	1.75					
baseline-original	vto	006ec55049838656b87aba916ad4497431dad7e42c05f1784953732abed8715f	module	1	elk-common	5	5	0	5	True	"{""ok"": 5}"	146.30859375	144.38671875	152.4140625	3.4921875	1.921875	146.30859375	144.38671875	152.4140625	3.4921875	1.921875
baseline-original	vto	006ec55049838656b87aba916ad4497431dad7e42c05f1784953732abed8715f	module	1	hermit-common	5	5	0	5	True	"{""ok"": 5}"	150.05078125	147.59375	154.3515625	0.703125	0.58984375	150.05078125	147.59375	154.3515625	0.703125	0.58984375
baseline-original	vto	006ec55049838656b87aba916ad4497431dad7e42c05f1784953732abed8715f	module	1	hermit-library	5	5	0	5	True	"{""ok"": 5}"	181.421875	179.80859375	183.65234375	0.44140625	0.23046875	181.421875	179.80859375	183.65234375	0.44140625	0.23046875
baseline-original	vto	006ec55049838656b87aba916ad4497431dad7e42c05f1784953732abed8715f	module	1	jfact-common	5	5	0	5	True	"{""ok"": 5}"	227.92578125	225.7265625	238.828125	7.51171875	2.19921875	227.92578125	225.7265625	238.828125	7.51171875	2.19921875
baseline-original	vto	006ec55049838656b87aba916ad4497431dad7e42c05f1784953732abed8715f	module	1	jfact-library	5	5	0	5	True	"{""ok"": 5}"	170.96875	168.71875	172.78515625	0.68359375	0.6171875	170.96875	168.71875	172.78515625	0.68359375	0.6171875
baseline-original	vto	006ec55049838656b87aba916ad4497431dad7e42c05f1784953732abed8715f	module	1	openllet-common	5	5	0	5	True	"{""ok"": 5}"	141.4453125	133.19921875	142.4375	2.99609375	0.9921875	141.4453125	133.19921875	142.4375	2.99609375	0.9921875
baseline-original	vto	006ec55049838656b87aba916ad4497431dad7e42c05f1784953732abed8715f	module	1	openllet-library	5	5	0	5	True	"{""ok"": 5}"	137.72265625	137.390625	149.27734375	0.26953125	0.26171875	137.72265625	137.390625	149.27734375	0.26953125	0.26171875
baseline-original	vto	006ec55049838656b87aba916ad4497431dad7e42c05f1784953732abed8715f	module	1	whelk-common	5	5	0	5	True	"{""ok"": 5}"	185.84765625	169.93359375	188.59765625	5.62109375	2.75	185.84765625	169.93359375	188.59765625	5.62109375	2.75
baseline-original	vto	006ec55049838656b87aba916ad4497431dad7e42c05f1784953732abed8715f	module	10	elk-common	5	5	0	5	True	"{""ok"": 5}"	161.66015625	159.83984375	165.2109375	3.53515625	1.8203125	161.66015625	159.83984375	165.2109375	3.53515625	1.8203125
baseline-original	vto	006ec55049838656b87aba916ad4497431dad7e42c05f1784953732abed8715f	module	10	hermit-common	5	5	0	5	True	"{""ok"": 5}"	187.88671875	181.1796875	194.48828125	6.0234375	4.06640625	187.88671875	181.1796875	194.48828125	6.0234375	4.06640625
baseline-original	vto	006ec55049838656b87aba916ad4497431dad7e42c05f1784953732abed8715f	module	10	hermit-library	5	5	0	5	True	"{""ok"": 5}"	676.12890625	671.00390625	686.9921875	5.30078125	3.72265625	676.12890625	671.00390625	686.9921875	5.30078125	3.72265625
baseline-original	vto	006ec55049838656b87aba916ad4497431dad7e42c05f1784953732abed8715f	module	10	jfact-common	5	5	0	5	True	"{""ok"": 5}"	307.14453125	301.43359375	314.9609375	6.171875	5.546875	307.14453125	301.43359375	314.9609375	6.171875	5.546875
baseline-original	vto	006ec55049838656b87aba916ad4497431dad7e42c05f1784953732abed8715f	module	10	jfact-library	5	5	0	5	True	"{""ok"": 5}"	351.27734375	345.8671875	354.8203125	5.1328125	3.54296875	351.27734375	345.8671875	354.8203125	5.1328125	3.54296875
baseline-original	vto	006ec55049838656b87aba916ad4497431dad7e42c05f1784953732abed8715f	module	10	openllet-common	5	5	0	5	True	"{""ok"": 5}"	148.8359375	147.4765625	157.16796875	2.05078125	1.1953125	148.8359375	147.4765625	157.16796875	2.05078125	1.1953125
baseline-original	vto	006ec55049838656b87aba916ad4497431dad7e42c05f1784953732abed8715f	module	10	openllet-library	5	5	0	5	True	"{""ok"": 5}"	347.05859375	333.28515625	353.5390625	6.19140625	6.078125	347.05859375	333.28515625	353.5390625	6.19140625	6.078125
baseline-original	vto	006ec55049838656b87aba916ad4497431dad7e42c05f1784953732abed8715f	module	10	whelk-common	5	5	0	5	True	"{""ok"": 5}"	206.0	199.74609375	221.30078125	16.87109375	6.25390625	206.0	199.74609375	221.30078125	16.87109375	6.25390625
baseline-original	vto	006ec55049838656b87aba916ad4497431dad7e42c05f1784953732abed8715f	module	100	elk-common	5	5	0	5	True	"{""ok"": 5}"	164.5390625	162.19921875	166.69921875	2.2109375	2.03125	164.5390625	162.19921875	166.69921875	2.2109375	2.03125
baseline-original	vto	006ec55049838656b87aba916ad4497431dad7e42c05f1784953732abed8715f	module	100	hermit-common	5	5	0	5	True	"{""ok"": 5}"	189.55078125	187.09375	192.55859375	3.22265625	1.84765625	189.55078125	187.09375	192.55859375	3.22265625	1.84765625
baseline-original	vto	006ec55049838656b87aba916ad4497431dad7e42c05f1784953732abed8715f	module	100	hermit-library	5	5	0	5	True	"{""ok"": 5}"	681.25390625	664.46875	692.59375	5.49609375	3.40234375	681.25390625	664.46875	692.59375	5.49609375	3.40234375
baseline-original	vto	006ec55049838656b87aba916ad4497431dad7e42c05f1784953732abed8715f	module	100	jfact-common	5	5	0	5	True	"{""ok"": 5}"	310.58984375	290.6484375	315.4765625	21.6640625	4.88671875	310.58984375	290.6484375	315.4765625	21.6640625	4.88671875
baseline-original	vto	006ec55049838656b87aba916ad4497431dad7e42c05f1784953732abed8715f	module	100	jfact-library	5	5	0	5	True	"{""ok"": 5}"	345.16796875	342.69140625	356.5390625	1.859375	1.16796875	345.16796875	342.69140625	356.5390625	1.859375	1.16796875
baseline-original	vto	006ec55049838656b87aba916ad4497431dad7e42c05f1784953732abed8715f	module	100	openllet-common	5	5	0	5	True	"{""ok"": 5}"	151.828125	145.4375	155.9921875	2.8671875	1.94921875	151.828125	145.4375	155.9921875	2.8671875	1.94921875
baseline-original	vto	006ec55049838656b87aba916ad4497431dad7e42c05f1784953732abed8715f	module	100	openllet-library	5	5	0	5	True	"{""ok"": 5}"	344.359375	339.83984375	353.44921875	9.01171875	4.51953125	344.359375	339.83984375	353.44921875	9.01171875	4.51953125
baseline-original	vto	006ec55049838656b87aba916ad4497431dad7e42c05f1784953732abed8715f	module	100	whelk-common	5	5	0	5	True	"{""ok"": 5}"	222.9375	202.8671875	225.77734375	5.68359375	2.83984375	222.9375	202.8671875	225.77734375	5.68359375	2.83984375
baseline-original	vto	007d74d3ed2fd57987aa4c6fd70848bea9173e3eb4140f81df7143293b5fd163	full	1	elk-common	5	5	0	0	False	"{""timeout"": 5}"	987.73828125	977.95703125	991.7578125	7.0234375	4.01953125					
baseline-original	vto	007d74d3ed2fd57987aa4c6fd70848bea9173e3eb4140f81df7143293b5fd163	full	1	hermit-common	5	5	0	0	False	"{""timeout"": 5}"	2334.33984375	2183.078125	2396.96875	154.08984375	62.62890625					
baseline-original	vto	007d74d3ed2fd57987aa4c6fd70848bea9173e3eb4140f81df7143293b5fd163	full	1	hermit-library	5	5	0	5	True	"{""ok"": 5}"	1048.83984375	1033.41796875	1053.1796875	8.171875	4.33984375	1048.83984375	1033.41796875	1053.1796875	8.171875	4.33984375
baseline-original	vto	007d74d3ed2fd57987aa4c6fd70848bea9173e3eb4140f81df7143293b5fd163	full	1	jfact-common	5	5	0	0	False	"{""timeout"": 5}"	4407.40234375	4234.71875	4936.2109375	376.37890625	172.68359375					
baseline-original	vto	007d74d3ed2fd57987aa4c6fd70848bea9173e3eb4140f81df7143293b5fd163	full	1	jfact-library	5	5	0	5	True	"{""ok"": 5}"	1101.98828125	1094.76953125	1112.58984375	5.390625	2.76171875	1101.98828125	1094.76953125	1112.58984375	5.390625	2.76171875
baseline-original	vto	007d74d3ed2fd57987aa4c6fd70848bea9173e3eb4140f81df7143293b5fd163	full	1	openllet-common	5	5	0	0	False	"{""timeout"": 5}"	2180.31640625	2166.140625	2191.90234375	13.5625	7.68359375					
baseline-original	vto	007d74d3ed2fd57987aa4c6fd70848bea9173e3eb4140f81df7143293b5fd163	full	1	openllet-library	5	5	0	5	True	"{""ok"": 5}"	993.90625	984.1796875	1062.52734375	26.86328125	9.7265625	993.90625	984.1796875	1062.52734375	26.86328125	9.7265625
baseline-original	vto	007d74d3ed2fd57987aa4c6fd70848bea9173e3eb4140f81df7143293b5fd163	full	1	whelk-common	5	5	0	0	False	"{""timeout"": 5}"	2234.69140625	2230.01953125	2253.77734375	13.76171875	4.671875					
baseline-original	vto	007d74d3ed2fd57987aa4c6fd70848bea9173e3eb4140f81df7143293b5fd163	full	10	elk-common	5	5	0	0	False	"{""timeout"": 5}"	985.91015625	982.671875	986.99609375	1.6796875	1.0859375					
baseline-original	vto	007d74d3ed2fd57987aa4c6fd70848bea9173e3eb4140f81df7143293b5fd163	full	10	hermit-common	5	5	0	0	False	"{""timeout"": 5}"	2249.62890625	2177.94921875	2338.66015625	67.46875	35.03125					
baseline-original	vto	007d74d3ed2fd57987aa4c6fd70848bea9173e3eb4140f81df7143293b5fd163	full	10	hermit-library	5	5	0	0	False	"{""timeout"": 5}"	7199.8359375	4618.359375	7541.34765625	225.21875	141.83203125					
baseline-original	vto	007d74d3ed2fd57987aa4c6fd70848bea9173e3eb4140f81df7143293b5fd163	full	10	jfact-common	5	5	0	0	False	"{""timeout"": 5}"	4198.67578125	3770.86328125	4266.89453125	242.2265625	68.21875					
baseline-original	vto	007d74d3ed2fd57987aa4c6fd70848bea9173e3eb4140f81df7143293b5fd163	full	10	jfact-library	5	5	0	0	False	"{""timeout"": 5}"	5791.125	3849.35546875	5837.0390625	23.80078125	16.2421875					
baseline-original	vto	007d74d3ed2fd57987aa4c6fd70848bea9173e3eb4140f81df7143293b5fd163	full	10	openllet-common	5	5	0	0	False	"{""timeout"": 5}"	2192.703125	2159.7109375	2195.60546875	24.45703125	2.90234375					
baseline-original	vto	007d74d3ed2fd57987aa4c6fd70848bea9173e3eb4140f81df7143293b5fd163	full	10	openllet-library	5	5	0	0	False	"{""timeout"": 5}"	6344.390625	4411.234375	6725.69921875	221.3046875	135.02734375					
baseline-original	vto	007d74d3ed2fd57987aa4c6fd70848bea9173e3eb4140f81df7143293b5fd163	full	10	whelk-common	5	5	0	0	False	"{""timeout"": 5}"	2231.39453125	2224.875	2241.67578125	7.76953125	4.02734375					
baseline-original	vto	007d74d3ed2fd57987aa4c6fd70848bea9173e3eb4140f81df7143293b5fd163	full	100	elk-common	5	5	0	0	False	"{""timeout"": 5}"	984.75	983.25	987.8359375	2.609375	1.4453125					
baseline-original	vto	007d74d3ed2fd57987aa4c6fd70848bea9173e3eb4140f81df7143293b5fd163	full	100	hermit-common	5	5	0	0	False	"{""timeout"": 5}"	2256.7734375	2180.22265625	2387.83984375	85.8125	50.49609375					
baseline-original	vto	007d74d3ed2fd57987aa4c6fd70848bea9173e3eb4140f81df7143293b5fd163	full	100	hermit-library	5	5	0	0	False	"{""timeout"": 5}"	7541.93359375	6925.87890625	7780.671875	189.65625	98.25390625					
baseline-original	vto	007d74d3ed2fd57987aa4c6fd70848bea9173e3eb4140f81df7143293b5fd163	full	100	jfact-common	5	5	0	0	False	"{""timeout"": 5}"	4607.6015625	4043.8828125	4821.79296875	486.78515625	214.19140625					
baseline-original	vto	007d74d3ed2fd57987aa4c6fd70848bea9173e3eb4140f81df7143293b5fd163	full	100	jfact-library	5	5	0	0	False	"{""timeout"": 5}"	6089.7890625	5705.19921875	6379.45703125	457.01171875	260.75					
baseline-original	vto	007d74d3ed2fd57987aa4c6fd70848bea9173e3eb4140f81df7143293b5fd163	full	100	openllet-common	5	5	0	0	False	"{""timeout"": 5}"	2169.421875	2163.82421875	2200.7265625	13.37890625	5.59765625					
baseline-original	vto	007d74d3ed2fd57987aa4c6fd70848bea9173e3eb4140f81df7143293b5fd163	full	100	openllet-library	5	5	0	0	False	"{""timeout"": 5}"	6606.73046875	6023.5	6734.84375	65.84375	53.7109375					
baseline-original	vto	007d74d3ed2fd57987aa4c6fd70848bea9173e3eb4140f81df7143293b5fd163	full	100	whelk-common	5	5	0	0	False	"{""timeout"": 5}"	2239.81640625	2229.76171875	2245.421875	7.9375	5.60546875					
baseline-original	vto	007d74d3ed2fd57987aa4c6fd70848bea9173e3eb4140f81df7143293b5fd163	module	1	elk-common	5	5	0	5	True	"{""ok"": 5}"	134.91015625	132.49609375	137.6640625	3.51953125	2.4140625	134.91015625	132.49609375	137.6640625	3.51953125	2.4140625
baseline-original	vto	007d74d3ed2fd57987aa4c6fd70848bea9173e3eb4140f81df7143293b5fd163	module	1	hermit-common	5	5	0	5	True	"{""ok"": 5}"	127.828125	125.08203125	131.3828125	3.17578125	2.609375	127.828125	125.08203125	131.3828125	3.17578125	2.609375
baseline-original	vto	007d74d3ed2fd57987aa4c6fd70848bea9173e3eb4140f81df7143293b5fd163	module	1	hermit-library	5	5	0	5	True	"{""ok"": 5}"	141.65625	141.05859375	143.953125	2.265625	0.59765625	141.65625	141.05859375	143.953125	2.265625	0.59765625
baseline-original	vto	007d74d3ed2fd57987aa4c6fd70848bea9173e3eb4140f81df7143293b5fd163	module	1	jfact-common	5	5	0	5	True	"{""ok"": 5}"	188.2734375	186.80859375	189.921875	1.38671875	1.23828125	188.2734375	186.80859375	189.921875	1.38671875	1.23828125
baseline-original	vto	007d74d3ed2fd57987aa4c6fd70848bea9173e3eb4140f81df7143293b5fd163	module	1	jfact-library	5	5	0	5	True	"{""ok"": 5}"	164.10546875	160.88671875	166.80078125	2.14453125	1.98828125	164.10546875	160.88671875	166.80078125	2.14453125	1.98828125
baseline-original	vto	007d74d3ed2fd57987aa4c6fd70848bea9173e3eb4140f81df7143293b5fd163	module	1	openllet-common	5	5	0	5	True	"{""ok"": 5}"	124.921875	123.5546875	129.74609375	3.56640625	1.3671875	124.921875	123.5546875	129.74609375	3.56640625	1.3671875
baseline-original	vto	007d74d3ed2fd57987aa4c6fd70848bea9173e3eb4140f81df7143293b5fd163	module	1	openllet-library	5	5	0	5	True	"{""ok"": 5}"	126.875	124.375	131.87109375	1.1796875	1.02734375	126.875	124.375	131.87109375	1.1796875	1.02734375
baseline-original	vto	007d74d3ed2fd57987aa4c6fd70848bea9173e3eb4140f81df7143293b5fd163	module	1	whelk-common	5	5	0	5	True	"{""ok"": 5}"	137.86328125	130.6640625	144.765625	6.42578125	5.5234375	137.86328125	130.6640625	144.765625	6.42578125	5.5234375
baseline-original	vto	007d74d3ed2fd57987aa4c6fd70848bea9173e3eb4140f81df7143293b5fd163	module	10	elk-common	5	5	0	5	True	"{""ok"": 5}"	138.78515625	137.6640625	140.84375	1.0703125	0.640625	138.78515625	137.6640625	140.84375	1.0703125	0.640625
baseline-original	vto	007d74d3ed2fd57987aa4c6fd70848bea9173e3eb4140f81df7143293b5fd163	module	10	hermit-common	5	5	0	5	True	"{""ok"": 5}"	143.125	140.37109375	143.6328125	2.0703125	0.5078125	143.125	140.37109375	143.6328125	2.0703125	0.5078125
baseline-original	vto	007d74d3ed2fd57987aa4c6fd70848bea9173e3eb4140f81df7143293b5fd163	module	10	hermit-library	5	5	0	5	True	"{""ok"": 5}"	323.296875	315.75	325.4921875	7.44140625	2.1953125	323.296875	315.75	325.4921875	7.44140625	2.1953125
baseline-original	vto	007d74d3ed2fd57987aa4c6fd70848bea9173e3eb4140f81df7143293b5fd163	module	10	jfact-common	5	5	0	5	True	"{""ok"": 5}"	224.90234375	210.375	226.46875	4.26171875	1.56640625	224.90234375	210.375	226.46875	4.26171875	1.56640625
baseline-original	vto	007d74d3ed2fd57987aa4c6fd70848bea9173e3eb4140f81df7143293b5fd163	module	10	jfact-library	5	5	0	5	True	"{""ok"": 5}"	191.62109375	190.03125	202.375	1.1875	0.6875	191.62109375	190.03125	202.375	1.1875	0.6875
baseline-original	vto	007d74d3ed2fd57987aa4c6fd70848bea9173e3eb4140f81df7143293b5fd163	module	10	openllet-common	5	5	0	5	True	"{""ok"": 5}"	132.12109375	128.10546875	141.6796875	8.0546875	4.015625	132.12109375	128.10546875	141.6796875	8.0546875	4.015625
baseline-original	vto	007d74d3ed2fd57987aa4c6fd70848bea9173e3eb4140f81df7143293b5fd163	module	10	openllet-library	5	5	0	5	True	"{""ok"": 5}"	164.42578125	161.7890625	164.62109375	1.12890625	0.1953125	164.42578125	161.7890625	164.62109375	1.12890625	0.1953125
baseline-original	vto	007d74d3ed2fd57987aa4c6fd70848bea9173e3eb4140f81df7143293b5fd163	module	10	whelk-common	5	5	0	5	True	"{""ok"": 5}"	145.8046875	143.3984375	158.6171875	2.4453125	1.33984375	145.8046875	143.3984375	158.6171875	2.4453125	1.33984375
baseline-original	vto	007d74d3ed2fd57987aa4c6fd70848bea9173e3eb4140f81df7143293b5fd163	module	100	elk-common	5	5	0	5	True	"{""ok"": 5}"	137.6875	137.328125	138.1015625	0.5	0.359375	137.6875	137.328125	138.1015625	0.5	0.359375
baseline-original	vto	007d74d3ed2fd57987aa4c6fd70848bea9173e3eb4140f81df7143293b5fd163	module	100	hermit-common	5	5	0	5	True	"{""ok"": 5}"	142.56640625	140.390625	145.703125	1.8671875	1.53515625	142.56640625	140.390625	145.703125	1.8671875	1.53515625
baseline-original	vto	007d74d3ed2fd57987aa4c6fd70848bea9173e3eb4140f81df7143293b5fd163	module	100	hermit-library	5	5	0	5	True	"{""ok"": 5}"	319.92578125	314.84375	325.3984375	2.84765625	1.78125	319.92578125	314.84375	325.3984375	2.84765625	1.78125
baseline-original	vto	007d74d3ed2fd57987aa4c6fd70848bea9173e3eb4140f81df7143293b5fd163	module	100	jfact-common	5	5	0	5	True	"{""ok"": 5}"	220.0703125	209.40234375	221.515625	6.98046875	1.4453125	220.0703125	209.40234375	221.515625	6.98046875	1.4453125
baseline-original	vto	007d74d3ed2fd57987aa4c6fd70848bea9173e3eb4140f81df7143293b5fd163	module	100	jfact-library	5	5	0	5	True	"{""ok"": 5}"	195.0859375	192.0	198.8515625	5.66015625	3.0859375	195.0859375	192.0	198.8515625	5.66015625	3.0859375
baseline-original	vto	007d74d3ed2fd57987aa4c6fd70848bea9173e3eb4140f81df7143293b5fd163	module	100	openllet-common	5	5	0	5	True	"{""ok"": 5}"	135.18359375	129.6640625	138.4609375	5.57421875	3.27734375	135.18359375	129.6640625	138.4609375	5.57421875	3.27734375
baseline-original	vto	007d74d3ed2fd57987aa4c6fd70848bea9173e3eb4140f81df7143293b5fd163	module	100	openllet-library	5	5	0	5	True	"{""ok"": 5}"	167.01953125	166.05078125	170.19140625	3.0546875	0.96875	167.01953125	166.05078125	170.19140625	3.0546875	0.96875
baseline-original	vto	007d74d3ed2fd57987aa4c6fd70848bea9173e3eb4140f81df7143293b5fd163	module	100	whelk-common	5	5	0	5	True	"{""ok"": 5}"	148.12890625	143.41015625	151.44140625	6.19140625	3.12109375	148.12890625	143.41015625	151.44140625	6.19140625	3.12109375
baseline-original	vto	007e99d81cb75dfa4462f1993157dd545182349a0ee3b0e1cdf10d2288d29771	full	1	elk-common	5	5	0	0	False	"{""timeout"": 5}"	984.9375	980.5390625	989.21484375	2.15234375	1.16015625					
baseline-original	vto	007e99d81cb75dfa4462f1993157dd545182349a0ee3b0e1cdf10d2288d29771	full	1	hermit-common	5	5	0	0	False	"{""timeout"": 5}"	2270.09765625	2184.06640625	2362.80078125	48.8203125	26.67578125					
baseline-original	vto	007e99d81cb75dfa4462f1993157dd545182349a0ee3b0e1cdf10d2288d29771	full	1	hermit-library	5	5	0	5	True	"{""ok"": 5}"	1042.2421875	1035.73828125	1060.44921875	13.921875	6.50390625	1042.2421875	1035.73828125	1060.44921875	13.921875	6.50390625
baseline-original	vto	007e99d81cb75dfa4462f1993157dd545182349a0ee3b0e1cdf10d2288d29771	full	1	jfact-common	5	5	0	0	False	"{""timeout"": 5}"	4675.42578125	4229.32421875	4703.25390625	43.046875	22.98828125					
baseline-original	vto	007e99d81cb75dfa4462f1993157dd545182349a0ee3b0e1cdf10d2288d29771	full	1	jfact-library	5	5	0	5	True	"{""ok"": 5}"	1097.1328125	1084.828125	1119.00390625	6.5625	4.56640625	1097.1328125	1084.828125	1119.00390625	6.5625	4.56640625
baseline-original	vto	007e99d81cb75dfa4462f1993157dd545182349a0ee3b0e1cdf10d2288d29771	full	1	openllet-common	5	5	0	0	False	"{""timeout"": 5}"	2173.53125	2161.70703125	2197.09765625	21.9140625	11.82421875					
baseline-original	vto	007e99d81cb75dfa4462f1993157dd545182349a0ee3b0e1cdf10d2288d29771	full	1	openllet-library	5	5	0	5	True	"{""ok"": 5}"	990.55859375	982.6875	1041.7578125	16.2421875	7.87109375	990.55859375	982.6875	1041.7578125	16.2421875	7.87109375
baseline-original	vto	007e99d81cb75dfa4462f1993157dd545182349a0ee3b0e1cdf10d2288d29771	full	1	whelk-common	5	5	0	0	False	"{""timeout"": 5}"	2238.05859375	2225.95703125	2241.25390625	1.234375	0.64453125					
baseline-original	vto	007e99d81cb75dfa4462f1993157dd545182349a0ee3b0e1cdf10d2288d29771	full	10	elk-common	5	5	0	0	False	"{""timeout"": 5}"	984.73046875	980.97265625	988.5390625	5.02734375	2.578125					
baseline-original	vto	007e99d81cb75dfa4462f1993157dd545182349a0ee3b0e1cdf10d2288d29771	full	10	hermit-common	5	5	0	0	False	"{""timeout"": 5}"	2230.16796875	2166.23046875	2346.06640625	65.34375	54.4375					
baseline-original	vto	007e99d81cb75dfa4462f1993157dd545182349a0ee3b0e1cdf10d2288d29771	full	10	hermit-library	5	5	0	0	False	"{""timeout"": 5}"	7165.3359375	6968.01953125	7244.4140625	113.390625	79.078125					
baseline-original	vto	007e99d81cb75dfa4462f1993157dd545182349a0ee3b0e1cdf10d2288d29771	full	10	jfact-common	5	5	0	0	False	"{""timeout"": 5}"	4068.5859375	4019.0	4700.19140625	135.84765625	49.5859375					
baseline-original	vto	007e99d81cb75dfa4462f1993157dd545182349a0ee3b0e1cdf10d2288d29771	full	10	jfact-library	5	5	0	0	False	"{""timeout"": 5}"	6009.24609375	5830.8203125	6438.41015625	119.8984375	107.41796875					
baseline-original	vto	007e99d81cb75dfa4462f1993157dd545182349a0ee3b0e1cdf10d2288d29771	full	10	openllet-common	5	5	0	0	False	"{""timeout"": 5}"	2177.02734375	2166.55078125	2185.88671875	11.40625	5.73828125					
baseline-original	vto	007e99d81cb75dfa4462f1993157dd545182349a0ee3b0e1cdf10d2288d29771	full	10	openllet-library	5	5	0	0	False	"{""timeout"": 5}"	6385.77734375	6121.4921875	6718.21484375	384.3203125	264.28515625					
baseline-original	vto	007e99d81cb75dfa4462f1993157dd545182349a0ee3b0e1cdf10d2288d29771	full	10	whelk-common	5	5	0	0	False	"{""timeout"": 5}"	2239.24609375	2216.17578125	2250.4296875	14.5703125	9.31640625					
baseline-original	vto	007e99d81cb75dfa4462f1993157dd545182349a0ee3b0e1cdf10d2288d29771	full	100	elk-common	5	5	0	0	False	"{""timeout"": 5}"	986.2734375	981.95703125	989.6328125	0.53515625	0.4765625					
baseline-original	vto	007e99d81cb75dfa4462f1993157dd545182349a0ee3b0e1cdf10d2288d29771	full	100	hermit-common	5	5	0	0	False	"{""timeout"": 5}"	2248.0703125	2231.5546875	2392.6796875	18.4765625	15.73046875					
baseline-original	vto	007e99d81cb75dfa4462f1993157dd545182349a0ee3b0e1cdf10d2288d29771	full	100	hermit-library	5	5	0	0	False	"{""timeout"": 5}"	7460.28125	7279.73046875	7579.1953125	166.3125	104.78515625					
baseline-original	vto	007e99d81cb75dfa4462f1993157dd545182349a0ee3b0e1cdf10d2288d29771	full	100	jfact-common	5	5	0	0	False	"{""timeout"": 5}"	4242.65234375	3773.578125	4424.03515625	17.5625	10.69921875					
baseline-original	vto	007e99d81cb75dfa4462f1993157dd545182349a0ee3b0e1cdf10d2288d29771	full	100	jfact-library	5	5	0	0	False	"{""timeout"": 5}"	6160.921875	5993.28515625	6942.0078125	200.83984375	132.76171875					
baseline-original	vto	007e99d81cb75dfa4462f1993157dd545182349a0ee3b0e1cdf10d2288d29771	full	100	openllet-common	5	5	0	0	False	"{""timeout"": 5}"	2184.91015625	2164.7734375	2201.23828125	11.95703125	7.87890625					
baseline-original	vto	007e99d81cb75dfa4462f1993157dd545182349a0ee3b0e1cdf10d2288d29771	full	100	openllet-library	5	5	0	0	False	"{""timeout"": 5}"	6573.6484375	6487.01953125	6706.4609375	74.52734375	38.671875					
baseline-original	vto	007e99d81cb75dfa4462f1993157dd545182349a0ee3b0e1cdf10d2288d29771	full	100	whelk-common	5	5	0	0	False	"{""timeout"": 5}"	2244.28125	2239.66015625	2249.58984375	3.3203125	2.57421875					
baseline-original	vto	007e99d81cb75dfa4462f1993157dd545182349a0ee3b0e1cdf10d2288d29771	module	1	elk-common	5	5	0	5	True	"{""ok"": 5}"	134.02734375	133.54296875	136.015625	1.26953125	0.484375	134.02734375	133.54296875	136.015625	1.26953125	0.484375
baseline-original	vto	007e99d81cb75dfa4462f1993157dd545182349a0ee3b0e1cdf10d2288d29771	module	1	hermit-common	5	5	0	5	True	"{""ok"": 5}"	136.66015625	133.578125	146.65625	10.38671875	3.08203125	136.66015625	133.578125	146.65625	10.38671875	3.08203125
baseline-original	vto	007e99d81cb75dfa4462f1993157dd545182349a0ee3b0e1cdf10d2288d29771	module	1	hermit-library	5	5	0	5	True	"{""ok"": 5}"	163.34375	161.03125	170.02734375	6.8515625	2.3125	163.34375	161.03125	170.02734375	6.8515625	2.3125
baseline-original	vto	007e99d81cb75dfa4462f1993157dd545182349a0ee3b0e1cdf10d2288d29771	module	1	jfact-common	5	5	0	5	True	"{""ok"": 5}"	216.41796875	202.07421875	225.109375	6.77734375	3.63671875	216.41796875	202.07421875	225.109375	6.77734375	3.63671875
baseline-original	vto	007e99d81cb75dfa4462f1993157dd545182349a0ee3b0e1cdf10d2288d29771	module	1	jfact-library	5	5	0	5	True	"{""ok"": 5}"	159.4453125	156.01171875	165.43359375	3.54296875	2.01171875	159.4453125	156.01171875	165.43359375	3.54296875	2.01171875
baseline-original	vto	007e99d81cb75dfa4462f1993157dd545182349a0ee3b0e1cdf10d2288d29771	module	1	openllet-common	5	5	0	5	True	"{""ok"": 5}"	125.97265625	123.34375	140.44140625	6.75	2.62890625	125.97265625	123.34375	140.44140625	6.75	2.62890625
baseline-original	vto	007e99d81cb75dfa4462f1993157dd545182349a0ee3b0e1cdf10d2288d29771	module	1	openllet-library	5	5	0	5	True	"{""ok"": 5}"	127.77734375	125.15234375	129.69921875	1.88671875	1.81640625	127.77734375	125.15234375	129.69921875	1.88671875	1.81640625
baseline-original	vto	007e99d81cb75dfa4462f1993157dd545182349a0ee3b0e1cdf10d2288d29771	module	1	whelk-common	5	5	0	5	True	"{""ok"": 5}"	170.0390625	156.33984375	173.58984375	9.30859375	3.55078125	170.0390625	156.33984375	173.58984375	9.30859375	3.55078125
baseline-original	vto	007e99d81cb75dfa4462f1993157dd545182349a0ee3b0e1cdf10d2288d29771	module	10	elk-common	5	5	0	5	True	"{""ok"": 5}"	147.265625	146.625	151.0	0.57421875	0.51171875	147.265625	146.625	151.0	0.57421875	0.51171875
baseline-original	vto	007e99d81cb75dfa4462f1993157dd545182349a0ee3b0e1cdf10d2288d29771	module	10	hermit-common	5	5	0	5	True	"{""ok"": 5}"	168.29296875	164.1015625	174.53515625	3.9453125	3.84765625	168.29296875	164.1015625	174.53515625	3.9453125	3.84765625
baseline-original	vto	007e99d81cb75dfa4462f1993157dd545182349a0ee3b0e1cdf10d2288d29771	module	10	hermit-library	5	5	0	5	True	"{""ok"": 5}"	663.77734375	659.2578125	669.640625	4.09375	2.25390625	663.77734375	659.2578125	669.640625	4.09375	2.25390625
baseline-original	vto	007e99d81cb75dfa4462f1993157dd545182349a0ee3b0e1cdf10d2288d29771	module	10	jfact-common	5	5	0	5	True	"{""ok"": 5}"	278.6796875	269.859375	284.3359375	5.7890625	3.85546875	278.6796875	269.859375	284.3359375	5.7890625	3.85546875
baseline-original	vto	007e99d81cb75dfa4462f1993157dd545182349a0ee3b0e1cdf10d2288d29771	module	10	jfact-library	5	5	0	5	True	"{""ok"": 5}"	284.09375	278.17578125	293.140625	11.92578125	5.91796875	284.09375	278.17578125	293.140625	11.92578125	5.91796875
baseline-original	vto	007e99d81cb75dfa4462f1993157dd545182349a0ee3b0e1cdf10d2288d29771	module	10	openllet-common	5	5	0	5	True	"{""ok"": 5}"	134.95703125	132.1640625	142.14453125	2.765625	2.57421875	134.95703125	132.1640625	142.14453125	2.765625	2.57421875
baseline-original	vto	007e99d81cb75dfa4462f1993157dd545182349a0ee3b0e1cdf10d2288d29771	module	10	openllet-library	5	5	0	5	True	"{""ok"": 5}"	271.375	264.47265625	273.01953125	6.40234375	1.64453125	271.375	264.47265625	273.01953125	6.40234375	1.64453125
baseline-original	vto	007e99d81cb75dfa4462f1993157dd545182349a0ee3b0e1cdf10d2288d29771	module	10	whelk-common	5	5	0	5	True	"{""ok"": 5}"	197.7734375	196.640625	203.7109375	3.44921875	1.1328125	197.7734375	196.640625	203.7109375	3.44921875	1.1328125
baseline-original	vto	007e99d81cb75dfa4462f1993157dd545182349a0ee3b0e1cdf10d2288d29771	module	100	elk-common	5	5	0	5	True	"{""ok"": 5}"	147.80078125	146.8046875	153.859375	0.96484375	0.640625	147.80078125	146.8046875	153.859375	0.96484375	0.640625
baseline-original	vto	007e99d81cb75dfa4462f1993157dd545182349a0ee3b0e1cdf10d2288d29771	module	100	hermit-common	5	5	0	5	True	"{""ok"": 5}"	164.82421875	160.59375	170.7578125	2.7265625	1.73046875	164.82421875	160.59375	170.7578125	2.7265625	1.73046875
baseline-original	vto	007e99d81cb75dfa4462f1993157dd545182349a0ee3b0e1cdf10d2288d29771	module	100	hermit-library	5	5	0	5	True	"{""ok"": 5}"	663.34375	657.890625	672.25	4.453125	2.8671875	663.34375	657.890625	672.25	4.453125	2.8671875
baseline-original	vto	007e99d81cb75dfa4462f1993157dd545182349a0ee3b0e1cdf10d2288d29771	module	100	jfact-common	5	5	0	5	True	"{""ok"": 5}"	276.63671875	263.62109375	283.9296875	9.72265625	5.30078125	276.63671875	263.62109375	283.9296875	9.72265625	5.30078125
baseline-original	vto	007e99d81cb75dfa4462f1993157dd545182349a0ee3b0e1cdf10d2288d29771	module	100	jfact-library	5	5	0	5	True	"{""ok"": 5}"	282.3125	279.6796875	298.52734375	7.140625	2.6328125	282.3125	279.6796875	298.52734375	7.140625	2.6328125
baseline-original	vto	007e99d81cb75dfa4462f1993157dd545182349a0ee3b0e1cdf10d2288d29771	module	100	openllet-common	5	5	0	5	True	"{""ok"": 5}"	135.140625	133.37890625	139.18359375	5.25	1.76171875	135.140625	133.37890625	139.18359375	5.25	1.76171875
baseline-original	vto	007e99d81cb75dfa4462f1993157dd545182349a0ee3b0e1cdf10d2288d29771	module	100	openllet-library	5	5	0	5	True	"{""ok"": 5}"	279.3671875	270.0859375	281.20703125	8.98046875	1.83984375	279.3671875	270.0859375	281.20703125	8.98046875	1.83984375
baseline-original	vto	007e99d81cb75dfa4462f1993157dd545182349a0ee3b0e1cdf10d2288d29771	module	100	whelk-common	5	5	0	5	True	"{""ok"": 5}"	195.24609375	193.58203125	203.3046875	5.1875	1.6640625	195.24609375	193.58203125	203.3046875	5.1875	1.6640625
baseline-pure-dl	zfa	00d9f195cc533e1c52412af99b5f11c9425d99babaf0af68b7bdf7f20cd9d88e	full	1	hermit-common	5	5	0	0	False	"{""timeout"": 5}"	757.53125	748.9296875	762.65625	6.265625	5.125					
baseline-pure-dl	zfa	00d9f195cc533e1c52412af99b5f11c9425d99babaf0af68b7bdf7f20cd9d88e	full	1	hermit-library	5	5	0	5	True	"{""ok"": 5}"	381.77734375	375.5859375	393.8984375	11.87109375	6.19140625	381.77734375	375.5859375	393.8984375	11.87109375	6.19140625
baseline-pure-dl	zfa	00d9f195cc533e1c52412af99b5f11c9425d99babaf0af68b7bdf7f20cd9d88e	full	1	jfact-common	5	5	0	0	False	"{""timeout"": 5}"	1725.3203125	1611.578125	1766.578125	27.28125	21.78515625					
baseline-pure-dl	zfa	00d9f195cc533e1c52412af99b5f11c9425d99babaf0af68b7bdf7f20cd9d88e	full	1	jfact-library	5	5	0	5	True	"{""ok"": 5}"	641.29296875	617.41796875	652.01953125	20.01953125	10.7265625	641.29296875	617.41796875	652.01953125	20.01953125	10.7265625
baseline-pure-dl	zfa	00d9f195cc533e1c52412af99b5f11c9425d99babaf0af68b7bdf7f20cd9d88e	full	1	openllet-common	5	5	0	0	False	"{""timeout"": 5}"	737.88671875	735.61328125	741.16796875	2.7578125	2.18359375					
baseline-pure-dl	zfa	00d9f195cc533e1c52412af99b5f11c9425d99babaf0af68b7bdf7f20cd9d88e	full	1	openllet-library	5	5	0	5	True	"{""ok"": 5}"	399.421875	398.41796875	411.2890625	8.015625	1.00390625	399.421875	398.41796875	411.2890625	8.015625	1.00390625
baseline-pure-dl	zfa	00d9f195cc533e1c52412af99b5f11c9425d99babaf0af68b7bdf7f20cd9d88e	full	10	hermit-common	5	5	0	0	False	"{""timeout"": 5}"	749.72265625	746.2109375	753.3828125	2.55078125	2.2734375					
baseline-pure-dl	zfa	00d9f195cc533e1c52412af99b5f11c9425d99babaf0af68b7bdf7f20cd9d88e	full	10	hermit-library	5	5	0	5	True	"{""ok"": 5}"	857.89453125	845.12109375	885.0625	4.92578125	4.6171875	857.89453125	845.12109375	885.0625	4.92578125	4.6171875
baseline-pure-dl	zfa	00d9f195cc533e1c52412af99b5f11c9425d99babaf0af68b7bdf7f20cd9d88e	full	10	jfact-common	5	5	0	0	False	"{""timeout"": 5}"	1734.44140625	1633.3046875	2076.3125	105.98828125	75.3125					
baseline-pure-dl	zfa	00d9f195cc533e1c52412af99b5f11c9425d99babaf0af68b7bdf7f20cd9d88e	full	10	jfact-library	5	5	0	5	True	"{""ok"": 5}"	809.609375	799.40234375	831.23046875	23.62890625	10.20703125	809.609375	799.40234375	831.23046875	23.62890625	10.20703125
baseline-pure-dl	zfa	00d9f195cc533e1c52412af99b5f11c9425d99babaf0af68b7bdf7f20cd9d88e	full	10	openllet-common	5	5	0	0	False	"{""timeout"": 5}"	734.42578125	730.015625	773.35546875	34.28125	4.41015625					
baseline-pure-dl	zfa	00d9f195cc533e1c52412af99b5f11c9425d99babaf0af68b7bdf7f20cd9d88e	full	10	openllet-library	5	5	0	5	True	"{""ok"": 5}"	845.8984375	840.9453125	863.47265625	8.16015625	4.5390625	845.8984375	840.9453125	863.47265625	8.16015625	4.5390625
baseline-pure-dl	zfa	00d9f195cc533e1c52412af99b5f11c9425d99babaf0af68b7bdf7f20cd9d88e	full	100	hermit-common	5	5	0	0	False	"{""timeout"": 5}"	744.44140625	740.76953125	751.62890625	2.20703125	2.02734375					
baseline-pure-dl	zfa	00d9f195cc533e1c52412af99b5f11c9425d99babaf0af68b7bdf7f20cd9d88e	full	100	hermit-library	5	5	0	5	True	"{""ok"": 5}"	849.58984375	846.34375	867.33203125	9.64453125	3.24609375	849.58984375	846.34375	867.33203125	9.64453125	3.24609375
baseline-pure-dl	zfa	00d9f195cc533e1c52412af99b5f11c9425d99babaf0af68b7bdf7f20cd9d88e	full	100	jfact-common	5	5	0	0	False	"{""timeout"": 5}"	1791.06640625	1539.41015625	1946.6640625	276.29296875	155.59765625					
baseline-pure-dl	zfa	00d9f195cc533e1c52412af99b5f11c9425d99babaf0af68b7bdf7f20cd9d88e	full	100	jfact-library	5	5	0	5	True	"{""ok"": 5}"	827.4765625	805.12109375	833.328125	14.7890625	5.8515625	827.4765625	805.12109375	833.328125	14.7890625	5.8515625
baseline-pure-dl	zfa	00d9f195cc533e1c52412af99b5f11c9425d99babaf0af68b7bdf7f20cd9d88e	full	100	openllet-common	5	5	0	0	False	"{""timeout"": 5}"	735.16015625	731.65625	763.80078125	3.31640625	1.94140625					
baseline-pure-dl	zfa	00d9f195cc533e1c52412af99b5f11c9425d99babaf0af68b7bdf7f20cd9d88e	full	100	openllet-library	5	5	0	5	True	"{""ok"": 5}"	840.26953125	829.94140625	863.9375	4.0234375	3.51171875	840.26953125	829.94140625	863.9375	4.0234375	3.51171875
baseline-pure-dl	zfa	00d9f195cc533e1c52412af99b5f11c9425d99babaf0af68b7bdf7f20cd9d88e	module	1	hermit-common	5	5	0	5	True	"{""ok"": 5}"	378.55078125	375.47265625	387.70703125	5.40234375	3.078125	378.55078125	375.47265625	387.70703125	5.40234375	3.078125
baseline-pure-dl	zfa	00d9f195cc533e1c52412af99b5f11c9425d99babaf0af68b7bdf7f20cd9d88e	module	1	hermit-library	5	5	0	5	True	"{""ok"": 5}"	149.7421875	149.14453125	153.2578125	3.67578125	0.59765625	149.7421875	149.14453125	153.2578125	3.67578125	0.59765625
baseline-pure-dl	zfa	00d9f195cc533e1c52412af99b5f11c9425d99babaf0af68b7bdf7f20cd9d88e	module	1	jfact-common	5	5	0	5	True	"{""ok"": 5}"	495.49609375	484.97265625	501.4765625	5.5	4.68359375	495.49609375	484.97265625	501.4765625	5.5	4.68359375
baseline-pure-dl	zfa	00d9f195cc533e1c52412af99b5f11c9425d99babaf0af68b7bdf7f20cd9d88e	module	1	jfact-library	5	5	0	5	True	"{""ok"": 5}"	173.9609375	169.29296875	176.234375	1.95703125	1.578125	173.9609375	169.29296875	176.234375	1.95703125	1.578125
baseline-pure-dl	zfa	00d9f195cc533e1c52412af99b5f11c9425d99babaf0af68b7bdf7f20cd9d88e	module	1	openllet-common	5	5	0	5	True	"{""ok"": 5}"	300.6953125	297.05078125	302.15234375	2.4765625	1.45703125	300.6953125	297.05078125	302.15234375	2.4765625	1.45703125
baseline-pure-dl	zfa	00d9f195cc533e1c52412af99b5f11c9425d99babaf0af68b7bdf7f20cd9d88e	module	1	openllet-library	5	5	0	5	True	"{""ok"": 5}"	133.16796875	132.54296875	137.5234375	0.734375	0.4921875	133.16796875	132.54296875	137.5234375	0.734375	0.4921875
baseline-pure-dl	zfa	00d9f195cc533e1c52412af99b5f11c9425d99babaf0af68b7bdf7f20cd9d88e	module	10	hermit-common	5	5	0	5	True	"{""ok"": 5}"	386.66015625	385.70703125	391.6171875	3.05078125	0.953125	386.66015625	385.70703125	391.6171875	3.05078125	0.953125
baseline-pure-dl	zfa	00d9f195cc533e1c52412af99b5f11c9425d99babaf0af68b7bdf7f20cd9d88e	module	10	hermit-library	5	5	0	5	True	"{""ok"": 5}"	235.59375	229.609375	240.1171875	5.50390625	3.17578125	235.59375	229.609375	240.1171875	5.50390625	3.17578125
baseline-pure-dl	zfa	00d9f195cc533e1c52412af99b5f11c9425d99babaf0af68b7bdf7f20cd9d88e	module	10	jfact-common	5	5	0	5	True	"{""ok"": 5}"	509.8203125	498.94921875	518.8671875	3.87109375	3.3984375	509.8203125	498.94921875	518.8671875	3.87109375	3.3984375
baseline-pure-dl	zfa	00d9f195cc533e1c52412af99b5f11c9425d99babaf0af68b7bdf7f20cd9d88e	module	10	jfact-library	5	5	0	5	True	"{""ok"": 5}"	219.0859375	214.9765625	233.2734375	10.5078125	4.109375	219.0859375	214.9765625	233.2734375	10.5078125	4.109375
baseline-pure-dl	zfa	00d9f195cc533e1c52412af99b5f11c9425d99babaf0af68b7bdf7f20cd9d88e	module	10	openllet-common	5	5	0	5	True	"{""ok"": 5}"	303.6640625	298.265625	305.07421875	1.5078125	1.0859375	303.6640625	298.265625	305.07421875	1.5078125	1.0859375
baseline-pure-dl	zfa	00d9f195cc533e1c52412af99b5f11c9425d99babaf0af68b7bdf7f20cd9d88e	module	10	openllet-library	5	5	0	5	True	"{""ok"": 5}"	188.3046875	187.5859375	193.8671875	1.78515625	0.71875	188.3046875	187.5859375	193.8671875	1.78515625	0.71875
baseline-pure-dl	zfa	00d9f195cc533e1c52412af99b5f11c9425d99babaf0af68b7bdf7f20cd9d88e	module	100	hermit-common	5	5	0	5	True	"{""ok"": 5}"	388.59375	378.6171875	389.48828125	4.4609375	0.89453125	388.59375	378.6171875	389.48828125	4.4609375	0.89453125
baseline-pure-dl	zfa	00d9f195cc533e1c52412af99b5f11c9425d99babaf0af68b7bdf7f20cd9d88e	module	100	hermit-library	5	5	0	5	True	"{""ok"": 5}"	227.62890625	226.61328125	233.359375	2.62109375	1.015625	227.62890625	226.61328125	233.359375	2.62109375	1.015625
baseline-pure-dl	zfa	00d9f195cc533e1c52412af99b5f11c9425d99babaf0af68b7bdf7f20cd9d88e	module	100	jfact-common	5	5	0	5	True	"{""ok"": 5}"	511.26953125	495.73046875	521.81640625	18.984375	10.546875	511.26953125	495.73046875	521.81640625	18.984375	10.546875
baseline-pure-dl	zfa	00d9f195cc533e1c52412af99b5f11c9425d99babaf0af68b7bdf7f20cd9d88e	module	100	jfact-library	5	5	0	5	True	"{""ok"": 5}"	217.51171875	212.28515625	220.8984375	2.13671875	1.7421875	217.51171875	212.28515625	220.8984375	2.13671875	1.7421875
baseline-pure-dl	zfa	00d9f195cc533e1c52412af99b5f11c9425d99babaf0af68b7bdf7f20cd9d88e	module	100	openllet-common	5	5	0	5	True	"{""ok"": 5}"	303.8125	299.4765625	314.21875	5.5234375	3.2421875	303.8125	299.4765625	314.21875	5.5234375	3.2421875
baseline-pure-dl	zfa	00d9f195cc533e1c52412af99b5f11c9425d99babaf0af68b7bdf7f20cd9d88e	module	100	openllet-library	5	5	0	5	True	"{""ok"": 5}"	192.3046875	183.15625	196.6171875	7.03125	4.3125	192.3046875	183.15625	196.6171875	7.03125	4.3125
baseline-pure-dl	zfa	02849870a29329c76c8ad4d897426a73a2d800679c2619d373bb6285bb3a9093	full	1	hermit-common	5	5	0	0	False	"{""timeout"": 5}"	751.8125	739.49609375	759.765625	10.1171875	7.953125					
baseline-pure-dl	zfa	02849870a29329c76c8ad4d897426a73a2d800679c2619d373bb6285bb3a9093	full	1	hermit-library	5	5	0	5	True	"{""ok"": 5}"	442.26953125	439.91015625	463.15625	11.16796875	2.359375	442.26953125	439.91015625	463.15625	11.16796875	2.359375
baseline-pure-dl	zfa	02849870a29329c76c8ad4d897426a73a2d800679c2619d373bb6285bb3a9093	full	1	jfact-common	5	5	0	0	False	"{""timeout"": 5}"	1674.328125	1529.23828125	1984.8046875	93.66796875	73.47265625					
baseline-pure-dl	zfa	02849870a29329c76c8ad4d897426a73a2d800679c2619d373bb6285bb3a9093	full	1	jfact-library	5	5	0	5	True	"{""ok"": 5}"	673.1953125	659.328125	691.58203125	14.890625	8.51171875	673.1953125	659.328125	691.58203125	14.890625	8.51171875
baseline-pure-dl	zfa	02849870a29329c76c8ad4d897426a73a2d800679c2619d373bb6285bb3a9093	full	1	openllet-common	5	5	0	0	False	"{""timeout"": 5}"	733.46875	730.4296875	739.953125	5.39453125	2.96875					
baseline-pure-dl	zfa	02849870a29329c76c8ad4d897426a73a2d800679c2619d373bb6285bb3a9093	full	1	openllet-library	5	5	0	5	True	"{""ok"": 5}"	494.9765625	489.01953125	502.80078125	11.3984375	5.95703125	494.9765625	489.01953125	502.80078125	11.3984375	5.95703125
baseline-pure-dl	zfa	02849870a29329c76c8ad4d897426a73a2d800679c2619d373bb6285bb3a9093	full	10	hermit-common	5	5	0	0	False	"{""timeout"": 5}"	752.97265625	744.125	759.0859375	5.99609375	5.51953125					
baseline-pure-dl	zfa	02849870a29329c76c8ad4d897426a73a2d800679c2619d373bb6285bb3a9093	full	10	hermit-library	5	5	0	5	True	"{""ok"": 5}"	2064.796875	2042.47265625	2083.24609375	17.51171875	15.77734375	2064.796875	2042.47265625	2083.24609375	17.51171875	15.77734375
baseline-pure-dl	zfa	02849870a29329c76c8ad4d897426a73a2d800679c2619d373bb6285bb3a9093	full	10	jfact-common	5	5	0	0	False	"{""timeout"": 5}"	1750.71875	1594.13671875	1930.31640625	269.27734375	154.38671875					
baseline-pure-dl	zfa	02849870a29329c76c8ad4d897426a73a2d800679c2619d373bb6285bb3a9093	full	10	jfact-library	5	5	0	5	True	"{""ok"": 5}"	1389.76953125	1376.50390625	1396.5390625	3.81640625	3.1484375	1389.76953125	1376.50390625	1396.5390625	3.81640625	3.1484375
baseline-pure-dl	zfa	02849870a29329c76c8ad4d897426a73a2d800679c2619d373bb6285bb3a9093	full	10	openllet-common	5	5	0	0	False	"{""timeout"": 5}"	734.109375	730.16796875	766.16796875	6.1484375	3.94140625					
baseline-pure-dl	zfa	02849870a29329c76c8ad4d897426a73a2d800679c2619d373bb6285bb3a9093	full	10	openllet-library	5	5	0	5	True	"{""ok"": 5}"	2070.1796875	2046.796875	2090.0390625	23.5859375	13.38671875	2070.1796875	2046.796875	2090.0390625	23.5859375	13.38671875
baseline-pure-dl	zfa	02849870a29329c76c8ad4d897426a73a2d800679c2619d373bb6285bb3a9093	full	100	hermit-common	5	5	0	0	False	"{""timeout"": 5}"	750.74609375	743.1640625	758.1640625	6.58203125	4.94921875					
baseline-pure-dl	zfa	02849870a29329c76c8ad4d897426a73a2d800679c2619d373bb6285bb3a9093	full	100	hermit-library	5	5	0	5	True	"{""ok"": 5}"	2065.40625	2038.578125	2080.40625	22.34375	15.0	2065.40625	2038.578125	2080.40625	22.34375	15.0
baseline-pure-dl	zfa	02849870a29329c76c8ad4d897426a73a2d800679c2619d373bb6285bb3a9093	full	100	jfact-common	5	5	0	0	False	"{""timeout"": 5}"	1597.46875	1520.078125	2003.5703125	53.0078125	45.5546875					
baseline-pure-dl	zfa	02849870a29329c76c8ad4d897426a73a2d800679c2619d373bb6285bb3a9093	full	100	jfact-library	5	5	0	5	True	"{""ok"": 5}"	1397.18359375	1379.35546875	1405.67578125	5.6953125	4.1953125	1397.18359375	1379.35546875	1405.67578125	5.6953125	4.1953125
baseline-pure-dl	zfa	02849870a29329c76c8ad4d897426a73a2d800679c2619d373bb6285bb3a9093	full	100	openllet-common	5	5	0	0	False	"{""timeout"": 5}"	739.08984375	735.1484375	772.46875	31.62109375	3.94140625					
baseline-pure-dl	zfa	02849870a29329c76c8ad4d897426a73a2d800679c2619d373bb6285bb3a9093	full	100	openllet-library	5	5	0	5	True	"{""ok"": 5}"	2066.92578125	2032.13671875	2088.08984375	25.74609375	21.1640625	2066.92578125	2032.13671875	2088.08984375	25.74609375	21.1640625
baseline-pure-dl	zfa	02849870a29329c76c8ad4d897426a73a2d800679c2619d373bb6285bb3a9093	module	1	hermit-common	5	5	0	5	True	"{""ok"": 5}"	481.44921875	477.984375	491.80859375	6.50390625	3.46484375	481.44921875	477.984375	491.80859375	6.50390625	3.46484375
baseline-pure-dl	zfa	02849870a29329c76c8ad4d897426a73a2d800679c2619d373bb6285bb3a9093	module	1	hermit-library	5	5	0	5	True	"{""ok"": 5}"	219.0625	213.796875	219.6796875	0.69140625	0.6171875	219.0625	213.796875	219.6796875	0.69140625	0.6171875
baseline-pure-dl	zfa	02849870a29329c76c8ad4d897426a73a2d800679c2619d373bb6285bb3a9093	module	1	jfact-common	5	5	0	5	True	"{""ok"": 5}"	700.66796875	694.53125	704.19921875	6.125	3.53125	700.66796875	694.53125	704.19921875	6.125	3.53125
baseline-pure-dl	zfa	02849870a29329c76c8ad4d897426a73a2d800679c2619d373bb6285bb3a9093	module	1	jfact-library	5	5	0	5	True	"{""ok"": 5}"	194.0	190.7265625	206.02734375	2.51171875	2.16015625	194.0	190.7265625	206.02734375	2.51171875	2.16015625
baseline-pure-dl	zfa	02849870a29329c76c8ad4d897426a73a2d800679c2619d373bb6285bb3a9093	module	1	openllet-common	5	5	0	5	True	"{""ok"": 5}"	386.4765625	378.1015625	401.83984375	7.08984375	4.55078125	386.4765625	378.1015625	401.83984375	7.08984375	4.55078125
baseline-pure-dl	zfa	02849870a29329c76c8ad4d897426a73a2d800679c2619d373bb6285bb3a9093	module	1	openllet-library	5	5	0	5	True	"{""ok"": 5}"	160.3046875	159.55859375	164.11328125	0.90234375	0.5234375	160.3046875	159.55859375	164.11328125	0.90234375	0.5234375
baseline-pure-dl	zfa	02849870a29329c76c8ad4d897426a73a2d800679c2619d373bb6285bb3a9093	module	10	hermit-common	5	5	0	5	True	"{""ok"": 5}"	735.80078125	731.80078125	740.48828125	2.125	1.57421875	735.80078125	731.80078125	740.48828125	2.125	1.57421875
baseline-pure-dl	zfa	02849870a29329c76c8ad4d897426a73a2d800679c2619d373bb6285bb3a9093	module	10	hermit-library	5	5	0	5	True	"{""ok"": 5}"	734.43359375	727.91015625	740.79296875	9.3046875	6.0390625	734.43359375	727.91015625	740.79296875	9.3046875	6.0390625
baseline-pure-dl	zfa	02849870a29329c76c8ad4d897426a73a2d800679c2619d373bb6285bb3a9093	module	10	jfact-common	5	5	0	5	True	"{""ok"": 5}"	1122.0390625	1120.37109375	1133.66796875	10.7578125	1.66796875	1122.0390625	1120.37109375	1133.66796875	10.7578125	1.66796875
baseline-pure-dl	zfa	02849870a29329c76c8ad4d897426a73a2d800679c2619d373bb6285bb3a9093	module	10	jfact-library	5	5	0	5	True	"{""ok"": 5}"	691.8828125	691.57421875	697.5859375	2.953125	0.30859375	691.8828125	691.57421875	697.5859375	2.953125	0.30859375
baseline-pure-dl	zfa	02849870a29329c76c8ad4d897426a73a2d800679c2619d373bb6285bb3a9093	module	10	openllet-common	5	5	0	5	True	"{""ok"": 5}"	679.453125	671.87890625	695.5234375	14.15234375	7.57421875	679.453125	671.87890625	695.5234375	14.15234375	7.57421875
baseline-pure-dl	zfa	02849870a29329c76c8ad4d897426a73a2d800679c2619d373bb6285bb3a9093	module	10	openllet-library	5	5	0	5	True	"{""ok"": 5}"	684.7890625	679.77734375	692.22265625	3.94140625	2.87109375	684.7890625	679.77734375	692.22265625	3.94140625	2.87109375
baseline-pure-dl	zfa	02849870a29329c76c8ad4d897426a73a2d800679c2619d373bb6285bb3a9093	module	100	hermit-common	5	5	0	5	True	"{""ok"": 5}"	732.8203125	731.05859375	743.953125	10.765625	1.76171875	732.8203125	731.05859375	743.953125	10.765625	1.76171875
baseline-pure-dl	zfa	02849870a29329c76c8ad4d897426a73a2d800679c2619d373bb6285bb3a9093	module	100	hermit-library	5	5	0	5	True	"{""ok"": 5}"	736.2890625	732.8359375	741.92578125	2.41796875	1.453125	736.2890625	732.8359375	741.92578125	2.41796875	1.453125
baseline-pure-dl	zfa	02849870a29329c76c8ad4d897426a73a2d800679c2619d373bb6285bb3a9093	module	100	jfact-common	5	5	0	5	True	"{""ok"": 5}"	1120.453125	1118.3203125	1135.84765625	6.87890625	2.1328125	1120.453125	1118.3203125	1135.84765625	6.87890625	2.1328125
baseline-pure-dl	zfa	02849870a29329c76c8ad4d897426a73a2d800679c2619d373bb6285bb3a9093	module	100	jfact-library	5	5	0	5	True	"{""ok"": 5}"	695.56640625	688.32421875	701.9453125	10.75390625	6.0390625	695.56640625	688.32421875	701.9453125	10.75390625	6.0390625
baseline-pure-dl	zfa	02849870a29329c76c8ad4d897426a73a2d800679c2619d373bb6285bb3a9093	module	100	openllet-common	5	5	0	5	True	"{""ok"": 5}"	677.4453125	673.36328125	690.2890625	9.55078125	4.08203125	677.4453125	673.36328125	690.2890625	9.55078125	4.08203125
baseline-pure-dl	zfa	02849870a29329c76c8ad4d897426a73a2d800679c2619d373bb6285bb3a9093	module	100	openllet-library	5	5	0	5	True	"{""ok"": 5}"	681.89453125	676.71484375	694.7109375	16.609375	5.1796875	681.89453125	676.71484375	694.7109375	16.609375	5.1796875
baseline-pure-dl	zfa	02c36b6dca3bd8beb958162cdea386860ab89f2b56a1d4b0b50005ae85b93d6e	full	1	hermit-common	5	5	0	0	False	"{""timeout"": 5}"	752.4921875	743.08984375	755.92578125	2.48046875	1.73046875					
baseline-pure-dl	zfa	02c36b6dca3bd8beb958162cdea386860ab89f2b56a1d4b0b50005ae85b93d6e	full	1	hermit-library	5	5	0	5	True	"{""ok"": 5}"	381.890625	377.48046875	401.7578125	4.515625	2.73046875	381.890625	377.48046875	401.7578125	4.515625	2.73046875
baseline-pure-dl	zfa	02c36b6dca3bd8beb958162cdea386860ab89f2b56a1d4b0b50005ae85b93d6e	full	1	jfact-common	5	5	0	0	False	"{""timeout"": 5}"	1861.21875	1779.2890625	2687.97265625	107.83203125	73.07421875					
baseline-pure-dl	zfa	02c36b6dca3bd8beb958162cdea386860ab89f2b56a1d4b0b50005ae85b93d6e	full	1	jfact-library	5	5	0	5	True	"{""ok"": 5}"	642.33203125	631.94140625	655.44140625	12.96875	7.3359375	642.33203125	631.94140625	655.44140625	12.96875	7.3359375
baseline-pure-dl	zfa	02c36b6dca3bd8beb958162cdea386860ab89f2b56a1d4b0b50005ae85b93d6e	full	1	openllet-common	5	5	0	0	False	"{""timeout"": 5}"	740.484375	735.41796875	766.9609375	27.31640625	5.06640625					
baseline-pure-dl	zfa	02c36b6dca3bd8beb958162cdea386860ab89f2b56a1d4b0b50005ae85b93d6e	full	1	openllet-library	5	5	0	5	True	"{""ok"": 5}"	410.33984375	409.125	421.8203125	3.265625	1.21484375	410.33984375	409.125	421.8203125	3.265625	1.21484375
baseline-pure-dl	zfa	02c36b6dca3bd8beb958162cdea386860ab89f2b56a1d4b0b50005ae85b93d6e	full	10	hermit-common	5	5	0	0	False	"{""timeout"": 5}"	752.484375	743.1484375	764.03125	4.62109375	4.2890625					
baseline-pure-dl	zfa	02c36b6dca3bd8beb958162cdea386860ab89f2b56a1d4b0b50005ae85b93d6e	full	10	hermit-library	5	5	0	5	True	"{""ok"": 5}"	832.49609375	818.04296875	839.5703125	9.296875	6.7578125	832.49609375	818.04296875	839.5703125	9.296875	6.7578125
baseline-pure-dl	zfa	02c36b6dca3bd8beb958162cdea386860ab89f2b56a1d4b0b50005ae85b93d6e	full	10	jfact-common	5	5	0	0	False	"{""timeout"": 5}"	1832.76953125	1770.6015625	2639.5625	331.10546875	62.16796875					
baseline-pure-dl	zfa	02c36b6dca3bd8beb958162cdea386860ab89f2b56a1d4b0b50005ae85b93d6e	full	10	jfact-library	5	5	0	5	True	"{""ok"": 5}"	817.82421875	804.19921875	833.8828125	7.07421875	5.04296875	817.82421875	804.19921875	833.8828125	7.07421875	5.04296875
baseline-pure-dl	zfa	02c36b6dca3bd8beb958162cdea386860ab89f2b56a1d4b0b50005ae85b93d6e	full	10	openllet-common	5	5	0	0	False	"{""timeout"": 5}"	737.81640625	732.84375	774.34765625	3.17578125	1.8125					
baseline-pure-dl	zfa	02c36b6dca3bd8beb958162cdea386860ab89f2b56a1d4b0b50005ae85b93d6e	full	10	openllet-library	5	5	0	5	True	"{""ok"": 5}"	817.49609375	812.7578125	833.5546875	16.57421875	4.73828125	817.49609375	812.7578125	833.5546875	16.57421875	4.73828125
baseline-pure-dl	zfa	02c36b6dca3bd8beb958162cdea386860ab89f2b56a1d4b0b50005ae85b93d6e	full	100	hermit-common	5	5	0	0	False	"{""timeout"": 5}"	749.375	743.7578125	759.75390625	8.04296875	4.69140625					
baseline-pure-dl	zfa	02c36b6dca3bd8beb958162cdea386860ab89f2b56a1d4b0b50005ae85b93d6e	full	100	hermit-library	5	5	0	5	True	"{""ok"": 5}"	824.83984375	815.828125	838.1796875	13.7109375	9.01171875	824.83984375	815.828125	838.1796875	13.7109375	9.01171875
baseline-pure-dl	zfa	02c36b6dca3bd8beb958162cdea386860ab89f2b56a1d4b0b50005ae85b93d6e	full	100	jfact-common	5	5	0	0	False	"{""timeout"": 5}"	1791.0078125	1739.41796875	2599.953125	107.01953125	51.58984375					
baseline-pure-dl	zfa	02c36b6dca3bd8beb958162cdea386860ab89f2b56a1d4b0b50005ae85b93d6e	full	100	jfact-library	5	5	0	5	True	"{""ok"": 5}"	821.09765625	798.8203125	837.91796875	13.19921875	10.6953125	821.09765625	798.8203125	837.91796875	13.19921875	10.6953125
baseline-pure-dl	zfa	02c36b6dca3bd8beb958162cdea386860ab89f2b56a1d4b0b50005ae85b93d6e	full	100	openllet-common	5	5	0	0	False	"{""timeout"": 5}"	742.1484375	733.14453125	770.5	32.59765625	9.00390625					
baseline-pure-dl	zfa	02c36b6dca3bd8beb958162cdea386860ab89f2b56a1d4b0b50005ae85b93d6e	full	100	openllet-library	5	5	0	5	True	"{""ok"": 5}"	817.0546875	804.1171875	852.890625	7.90234375	5.89453125	817.0546875	804.1171875	852.890625	7.90234375	5.89453125
baseline-pure-dl	zfa	02c36b6dca3bd8beb958162cdea386860ab89f2b56a1d4b0b50005ae85b93d6e	module	1	hermit-common	5	5	0	5	True	"{""ok"": 5}"	116.640625	114.1171875	121.7265625	1.3359375	1.04296875	116.640625	114.1171875	121.7265625	1.3359375	1.04296875
baseline-pure-dl	zfa	02c36b6dca3bd8beb958162cdea386860ab89f2b56a1d4b0b50005ae85b93d6e	module	1	hermit-library	5	5	0	5	True	"{""ok"": 5}"	121.17578125	119.39453125	122.26953125	1.73828125	1.09375	121.17578125	119.39453125	122.26953125	1.73828125	1.09375
baseline-pure-dl	zfa	02c36b6dca3bd8beb958162cdea386860ab89f2b56a1d4b0b50005ae85b93d6e	module	1	jfact-common	5	5	0	5	True	"{""ok"": 5}"	163.1640625	160.26953125	169.390625	5.78125	2.89453125	163.1640625	160.26953125	169.390625	5.78125	2.89453125
baseline-pure-dl	zfa	02c36b6dca3bd8beb958162cdea386860ab89f2b56a1d4b0b50005ae85b93d6e	module	1	jfact-library	5	5	0	5	True	"{""ok"": 5}"	155.8515625	151.59765625	162.828125	1.34375	0.91796875	155.8515625	151.59765625	162.828125	1.34375	0.91796875
baseline-pure-dl	zfa	02c36b6dca3bd8beb958162cdea386860ab89f2b56a1d4b0b50005ae85b93d6e	module	1	openllet-common	5	5	0	5	True	"{""ok"": 5}"	122.21484375	117.7734375	124.26171875	2.0078125	1.75	122.21484375	117.7734375	124.26171875	2.0078125	1.75
baseline-pure-dl	zfa	02c36b6dca3bd8beb958162cdea386860ab89f2b56a1d4b0b50005ae85b93d6e	module	1	openllet-library	5	5	0	5	True	"{""ok"": 5}"	120.46484375	118.74609375	122.515625	3.328125	1.71875	120.46484375	118.74609375	122.515625	3.328125	1.71875
baseline-pure-dl	zfa	02c36b6dca3bd8beb958162cdea386860ab89f2b56a1d4b0b50005ae85b93d6e	module	10	hermit-common	5	5	0	5	True	"{""ok"": 5}"	122.28125	119.35546875	124.328125	1.88671875	1.5625	122.28125	119.35546875	124.328125	1.88671875	1.5625
baseline-pure-dl	zfa	02c36b6dca3bd8beb958162cdea386860ab89f2b56a1d4b0b50005ae85b93d6e	module	10	hermit-library	5	5	0	5	True	"{""ok"": 5}"	134.70703125	132.4375	135.29296875	0.78515625	0.53515625	134.70703125	132.4375	135.29296875	0.78515625	0.53515625
baseline-pure-dl	zfa	02c36b6dca3bd8beb958162cdea386860ab89f2b56a1d4b0b50005ae85b93d6e	module	10	jfact-common	5	5	0	5	True	"{""ok"": 5}"	171.56640625	167.43359375	172.671875	1.125	0.671875	171.56640625	167.43359375	172.671875	1.125	0.671875
baseline-pure-dl	zfa	02c36b6dca3bd8beb958162cdea386860ab89f2b56a1d4b0b50005ae85b93d6e	module	10	jfact-library	5	5	0	5	True	"{""ok"": 5}"	161.140625	156.453125	161.63671875	0.16796875	0.15234375	161.140625	156.453125	161.63671875	0.16796875	0.15234375
baseline-pure-dl	zfa	02c36b6dca3bd8beb958162cdea386860ab89f2b56a1d4b0b50005ae85b93d6e	module	10	openllet-common	5	5	0	5	True	"{""ok"": 5}"	120.50390625	118.98828125	123.64453125	1.953125	1.17578125	120.50390625	118.98828125	123.64453125	1.953125	1.17578125
baseline-pure-dl	zfa	02c36b6dca3bd8beb958162cdea386860ab89f2b56a1d4b0b50005ae85b93d6e	module	10	openllet-library	5	5	0	5	True	"{""ok"": 5}"	124.7578125	122.171875	125.40625	1.03125	0.62890625	124.7578125	122.171875	125.40625	1.03125	0.62890625
baseline-pure-dl	zfa	02c36b6dca3bd8beb958162cdea386860ab89f2b56a1d4b0b50005ae85b93d6e	module	100	hermit-common	5	5	0	5	True	"{""ok"": 5}"	119.34765625	117.30078125	120.21484375	1.90625	0.8671875	119.34765625	117.30078125	120.21484375	1.90625	0.8671875
baseline-pure-dl	zfa	02c36b6dca3bd8beb958162cdea386860ab89f2b56a1d4b0b50005ae85b93d6e	module	100	hermit-library	5	5	0	5	True	"{""ok"": 5}"	132.671875	130.171875	134.35546875	1.3984375	1.1640625	132.671875	130.171875	134.35546875	1.3984375	1.1640625
baseline-pure-dl	zfa	02c36b6dca3bd8beb958162cdea386860ab89f2b56a1d4b0b50005ae85b93d6e	module	100	jfact-common	5	5	0	5	True	"{""ok"": 5}"	169.2734375	166.8515625	174.2265625	2.48828125	2.40234375	169.2734375	166.8515625	174.2265625	2.48828125	2.40234375
baseline-pure-dl	zfa	02c36b6dca3bd8beb958162cdea386860ab89f2b56a1d4b0b50005ae85b93d6e	module	100	jfact-library	5	5	0	5	True	"{""ok"": 5}"	159.16015625	156.6171875	162.00390625	4.01171875	2.54296875	159.16015625	156.6171875	162.00390625	4.01171875	2.54296875
baseline-pure-dl	zfa	02c36b6dca3bd8beb958162cdea386860ab89f2b56a1d4b0b50005ae85b93d6e	module	100	openllet-common	5	5	0	5	True	"{""ok"": 5}"	122.1640625	117.99609375	123.66796875	1.859375	1.50390625	122.1640625	117.99609375	123.66796875	1.859375	1.50390625
baseline-pure-dl	zfa	02c36b6dca3bd8beb958162cdea386860ab89f2b56a1d4b0b50005ae85b93d6e	module	100	openllet-library	5	5	0	5	True	"{""ok"": 5}"	122.52734375	121.984375	126.39453125	2.5	0.54296875	122.52734375	121.984375	126.39453125	2.5	0.54296875
baseline-pure-dl	zfa	02ff37982fdae5be5cba8c0e67403f6fd22d360abb6c6d2943c8ae0aa6bddae8	full	1	hermit-common	5	5	0	0	False	"{""timeout"": 5}"	753.84765625	742.3671875	756.015625	4.21875	2.16796875					
baseline-pure-dl	zfa	02ff37982fdae5be5cba8c0e67403f6fd22d360abb6c6d2943c8ae0aa6bddae8	full	1	hermit-library	5	5	0	5	True	"{""ok"": 5}"	400.5	375.48046875	417.45703125	26.2265625	13.80078125	400.5	375.48046875	417.45703125	26.2265625	13.80078125
baseline-pure-dl	zfa	02ff37982fdae5be5cba8c0e67403f6fd22d360abb6c6d2943c8ae0aa6bddae8	full	1	jfact-common	5	5	0	0	False	"{""timeout"": 5}"	1630.91796875	1567.359375	1736.19140625	32.58203125	26.046875					
baseline-pure-dl	zfa	02ff37982fdae5be5cba8c0e67403f6fd22d360abb6c6d2943c8ae0aa6bddae8	full	1	jfact-library	5	5	0	5	True	"{""ok"": 5}"	637.55078125	606.93359375	663.90625	34.69921875	20.12109375	637.55078125	606.93359375	663.90625	34.69921875	20.12109375
baseline-pure-dl	zfa	02ff37982fdae5be5cba8c0e67403f6fd22d360abb6c6d2943c8ae0aa6bddae8	full	1	openllet-common	5	5	0	0	False	"{""timeout"": 5}"	735.453125	730.24609375	773.09765625	4.66796875	4.56640625					
baseline-pure-dl	zfa	02ff37982fdae5be5cba8c0e67403f6fd22d360abb6c6d2943c8ae0aa6bddae8	full	1	openllet-library	5	5	0	5	True	"{""ok"": 5}"	401.53515625	392.76171875	413.71484375	7.3125	7.29296875	401.53515625	392.76171875	413.71484375	7.3125	7.29296875
baseline-pure-dl	zfa	02ff37982fdae5be5cba8c0e67403f6fd22d360abb6c6d2943c8ae0aa6bddae8	full	10	hermit-common	5	5	0	0	False	"{""timeout"": 5}"	750.1328125	744.35546875	754.34375	6.04296875	3.5625					
baseline-pure-dl	zfa	02ff37982fdae5be5cba8c0e67403f6fd22d360abb6c6d2943c8ae0aa6bddae8	full	10	hermit-library	5	5	0	5	True	"{""ok"": 5}"	928.609375	911.40625	939.17578125	7.52734375	5.90625	928.609375	911.40625	939.17578125	7.52734375	5.90625
baseline-pure-dl	zfa	02ff37982fdae5be5cba8c0e67403f6fd22d360abb6c6d2943c8ae0aa6bddae8	full	10	jfact-common	5	5	0	0	False	"{""timeout"": 5}"	2133.5078125	1677.89453125	2598.17578125	655.50390625	411.20703125					
baseline-pure-dl	zfa	02ff37982fdae5be5cba8c0e67403f6fd22d360abb6c6d2943c8ae0aa6bddae8	full	10	jfact-library	5	5	0	5	True	"{""ok"": 5}"	839.8984375	825.203125	863.03515625	6.32421875	5.26171875	839.8984375	825.203125	863.03515625	6.32421875	5.26171875
baseline-pure-dl	zfa	02ff37982fdae5be5cba8c0e67403f6fd22d360abb6c6d2943c8ae0aa6bddae8	full	10	openllet-common	5	5	0	0	False	"{""timeout"": 5}"	734.7265625	734.1484375	770.7109375	4.66796875	0.578125					
baseline-pure-dl	zfa	02ff37982fdae5be5cba8c0e67403f6fd22d360abb6c6d2943c8ae0aa6bddae8	full	10	openllet-library	5	5	0	5	True	"{""ok"": 5}"	922.54296875	915.3984375	945.8671875	21.46875	7.14453125	922.54296875	915.3984375	945.8671875	21.46875	7.14453125
baseline-pure-dl	zfa	02ff37982fdae5be5cba8c0e67403f6fd22d360abb6c6d2943c8ae0aa6bddae8	full	100	hermit-common	5	5	0	0	False	"{""timeout"": 5}"	746.58203125	741.57421875	747.390625	3.48828125	0.80859375					
baseline-pure-dl	zfa	02ff37982fdae5be5cba8c0e67403f6fd22d360abb6c6d2943c8ae0aa6bddae8	full	100	hermit-library	5	5	0	5	True	"{""ok"": 5}"	944.73828125	942.73046875	949.953125	0.65625	0.64453125	944.73828125	942.73046875	949.953125	0.65625	0.64453125
baseline-pure-dl	zfa	02ff37982fdae5be5cba8c0e67403f6fd22d360abb6c6d2943c8ae0aa6bddae8	full	100	jfact-common	5	5	0	0	False	"{""timeout"": 5}"	1687.84375	1527.80859375	1739.671875	128.0625	51.828125					
baseline-pure-dl	zfa	02ff37982fdae5be5cba8c0e67403f6fd22d360abb6c6d2943c8ae0aa6bddae8	full	100	jfact-library	5	5	0	5	True	"{""ok"": 5}"	844.6796875	833.66796875	863.453125	12.76953125	6.40625	844.6796875	833.66796875	863.453125	12.76953125	6.40625
baseline-pure-dl	zfa	02ff37982fdae5be5cba8c0e67403f6fd22d360abb6c6d2943c8ae0aa6bddae8	full	100	openllet-common	5	5	0	0	False	"{""timeout"": 5}"	737.14453125	732.87890625	759.84375	2.6796875	2.11328125					
baseline-pure-dl	zfa	02ff37982fdae5be5cba8c0e67403f6fd22d360abb6c6d2943c8ae0aa6bddae8	full	100	openllet-library	5	5	0	5	True	"{""ok"": 5}"	935.8828125	926.41015625	962.09375	24.91796875	9.47265625	935.8828125	926.41015625	962.09375	24.91796875	9.47265625
baseline-pure-dl	zfa	02ff37982fdae5be5cba8c0e67403f6fd22d360abb6c6d2943c8ae0aa6bddae8	module	1	hermit-common	5	5	0	5	True	"{""ok"": 5}"	146.12109375	143.2890625	147.4765625	0.37890625	0.359375	146.12109375	143.2890625	147.4765625	0.37890625	0.359375
baseline-pure-dl	zfa	02ff37982fdae5be5cba8c0e67403f6fd22d360abb6c6d2943c8ae0aa6bddae8	module	1	hermit-library	5	5	0	5	True	"{""ok"": 5}"	157.046875	154.6875	159.53515625	2.421875	1.8359375	157.046875	154.6875	159.53515625	2.421875	1.8359375
baseline-pure-dl	zfa	02ff37982fdae5be5cba8c0e67403f6fd22d360abb6c6d2943c8ae0aa6bddae8	module	1	jfact-common	5	5	0	5	True	"{""ok"": 5}"	244.9375	219.13671875	247.78125	14.0546875	2.84375	244.9375	219.13671875	247.78125	14.0546875	2.84375
baseline-pure-dl	zfa	02ff37982fdae5be5cba8c0e67403f6fd22d360abb6c6d2943c8ae0aa6bddae8	module	1	jfact-library	5	5	0	5	True	"{""ok"": 5}"	182.453125	167.1015625	184.2109375	7.15625	1.7578125	182.453125	167.1015625	184.2109375	7.15625	1.7578125
baseline-pure-dl	zfa	02ff37982fdae5be5cba8c0e67403f6fd22d360abb6c6d2943c8ae0aa6bddae8	module	1	openllet-common	5	5	0	5	True	"{""ok"": 5}"	134.82421875	130.515625	135.6953125	0.3515625	0.25	134.82421875	130.515625	135.6953125	0.3515625	0.25
baseline-pure-dl	zfa	02ff37982fdae5be5cba8c0e67403f6fd22d360abb6c6d2943c8ae0aa6bddae8	module	1	openllet-library	5	5	0	5	True	"{""ok"": 5}"	137.3203125	133.8203125	138.44140625	3.60546875	1.12109375	137.3203125	133.8203125	138.44140625	3.60546875	1.12109375
baseline-pure-dl	zfa	02ff37982fdae5be5cba8c0e67403f6fd22d360abb6c6d2943c8ae0aa6bddae8	module	10	hermit-common	5	5	0	5	True	"{""ok"": 5}"	155.0546875	146.40234375	157.4296875	5.5234375	2.375	155.0546875	146.40234375	157.4296875	5.5234375	2.375
baseline-pure-dl	zfa	02ff37982fdae5be5cba8c0e67403f6fd22d360abb6c6d2943c8ae0aa6bddae8	module	10	hermit-library	5	5	0	5	True	"{""ok"": 5}"	202.125	191.5859375	207.55859375	7.41796875	5.35546875	202.125	191.5859375	207.55859375	7.41796875	5.35546875
baseline-pure-dl	zfa	02ff37982fdae5be5cba8c0e67403f6fd22d360abb6c6d2943c8ae0aa6bddae8	module	10	jfact-common	5	5	0	5	True	"{""ok"": 5}"	258.40234375	247.74609375	261.171875	9.1640625	2.76953125	258.40234375	247.74609375	261.171875	9.1640625	2.76953125
baseline-pure-dl	zfa	02ff37982fdae5be5cba8c0e67403f6fd22d360abb6c6d2943c8ae0aa6bddae8	module	10	jfact-library	5	5	0	5	True	"{""ok"": 5}"	199.640625	182.36328125	201.34765625	11.5703125	1.70703125	199.640625	182.36328125	201.34765625	11.5703125	1.70703125
baseline-pure-dl	zfa	02ff37982fdae5be5cba8c0e67403f6fd22d360abb6c6d2943c8ae0aa6bddae8	module	10	openllet-common	5	5	0	5	True	"{""ok"": 5}"	137.3359375	133.28125	140.1484375	0.4765625	0.328125	137.3359375	133.28125	140.1484375	0.4765625	0.328125
baseline-pure-dl	zfa	02ff37982fdae5be5cba8c0e67403f6fd22d360abb6c6d2943c8ae0aa6bddae8	module	10	openllet-library	5	5	0	5	True	"{""ok"": 5}"	157.953125	151.12890625	162.4453125	1.359375	0.6875	157.953125	151.12890625	162.4453125	1.359375	0.6875
baseline-pure-dl	zfa	02ff37982fdae5be5cba8c0e67403f6fd22d360abb6c6d2943c8ae0aa6bddae8	module	100	hermit-common	5	5	0	5	True	"{""ok"": 5}"	150.0	147.37109375	155.0703125	3.02734375	2.62890625	150.0	147.37109375	155.0703125	3.02734375	2.62890625
baseline-pure-dl	zfa	02ff37982fdae5be5cba8c0e67403f6fd22d360abb6c6d2943c8ae0aa6bddae8	module	100	hermit-library	5	5	0	5	True	"{""ok"": 5}"	199.6328125	191.71484375	208.79296875	7.0078125	4.921875	199.6328125	191.71484375	208.79296875	7.0078125	4.921875
baseline-pure-dl	zfa	02ff37982fdae5be5cba8c0e67403f6fd22d360abb6c6d2943c8ae0aa6bddae8	module	100	jfact-common	5	5	0	5	True	"{""ok"": 5}"	258.421875	249.453125	263.87890625	7.25	5.45703125	258.421875	249.453125	263.87890625	7.25	5.45703125
baseline-pure-dl	zfa	02ff37982fdae5be5cba8c0e67403f6fd22d360abb6c6d2943c8ae0aa6bddae8	module	100	jfact-library	5	5	0	5	True	"{""ok"": 5}"	185.1328125	173.92578125	199.75	9.68359375	7.94921875	185.1328125	173.92578125	199.75	9.68359375	7.94921875
baseline-pure-dl	zfa	02ff37982fdae5be5cba8c0e67403f6fd22d360abb6c6d2943c8ae0aa6bddae8	module	100	openllet-common	5	5	0	5	True	"{""ok"": 5}"	137.30078125	131.859375	142.46875	1.6796875	1.1796875	137.30078125	131.859375	142.46875	1.6796875	1.1796875
baseline-pure-dl	zfa	02ff37982fdae5be5cba8c0e67403f6fd22d360abb6c6d2943c8ae0aa6bddae8	module	100	openllet-library	5	5	0	5	True	"{""ok"": 5}"	157.72265625	149.15625	160.86328125	3.1484375	2.05078125	157.72265625	149.15625	160.86328125	3.1484375	2.05078125
baseline-pure-dl	zfa	0320ee9a59793802c01888f99cfbb53405b3ecdbbbe0e8d70d24c0071e3817cd	full	1	hermit-common	5	5	0	0	False	"{""timeout"": 5}"	752.34765625	746.34375	758.55078125	7.203125	5.41796875					
baseline-pure-dl	zfa	0320ee9a59793802c01888f99cfbb53405b3ecdbbbe0e8d70d24c0071e3817cd	full	1	hermit-library	5	5	0	5	True	"{""ok"": 5}"	399.20703125	389.671875	403.76953125	4.91015625	2.90234375	399.20703125	389.671875	403.76953125	4.91015625	2.90234375
baseline-pure-dl	zfa	0320ee9a59793802c01888f99cfbb53405b3ecdbbbe0e8d70d24c0071e3817cd	full	1	jfact-common	5	5	0	0	False	"{""timeout"": 5}"	1746.83203125	1671.36328125	2076.0703125	209.6328125	75.46875					
baseline-pure-dl	zfa	0320ee9a59793802c01888f99cfbb53405b3ecdbbbe0e8d70d24c0071e3817cd	full	1	jfact-library	5	5	0	5	True	"{""ok"": 5}"	640.28515625	631.34765625	649.78125	11.9609375	8.80859375	640.28515625	631.34765625	649.78125	11.9609375	8.80859375
baseline-pure-dl	zfa	0320ee9a59793802c01888f99cfbb53405b3ecdbbbe0e8d70d24c0071e3817cd	full	1	openllet-common	5	5	0	0	False	"{""timeout"": 5}"	736.046875	733.16015625	769.60546875	33.62890625	2.88671875					
baseline-pure-dl	zfa	0320ee9a59793802c01888f99cfbb53405b3ecdbbbe0e8d70d24c0071e3817cd	full	1	openllet-library	5	5	0	5	True	"{""ok"": 5}"	437.37109375	433.46875	441.20703125	5.67578125	3.328125	437.37109375	433.46875	441.20703125	5.67578125	3.328125
baseline-pure-dl	zfa	0320ee9a59793802c01888f99cfbb53405b3ecdbbbe0e8d70d24c0071e3817cd	full	10	hermit-common	5	5	0	0	False	"{""timeout"": 5}"	748.98828125	747.14453125	753.0546875	1.0703125	0.9453125					
baseline-pure-dl	zfa	0320ee9a59793802c01888f99cfbb53405b3ecdbbbe0e8d70d24c0071e3817cd	full	10	hermit-library	5	5	0	5	True	"{""ok"": 5}"	1435.609375	1388.03515625	1464.3203125	48.296875	28.7109375	1435.609375	1388.03515625	1464.3203125	48.296875	28.7109375
baseline-pure-dl	zfa	0320ee9a59793802c01888f99cfbb53405b3ecdbbbe0e8d70d24c0071e3817cd	full	10	jfact-common	5	5	0	0	False	"{""timeout"": 5}"	1744.95703125	1622.5390625	1809.0703125	130.4921875	64.11328125					
baseline-pure-dl	zfa	0320ee9a59793802c01888f99cfbb53405b3ecdbbbe0e8d70d24c0071e3817cd	full	10	jfact-library	5	5	0	5	True	"{""ok"": 5}"	1030.89453125	1015.53515625	1056.30078125	12.0625	11.859375	1030.89453125	1015.53515625	1056.30078125	12.0625	11.859375
baseline-pure-dl	zfa	0320ee9a59793802c01888f99cfbb53405b3ecdbbbe0e8d70d24c0071e3817cd	full	10	openllet-common	5	5	0	0	False	"{""timeout"": 5}"	734.42578125	732.953125	770.8828125	2.35546875	1.47265625					
baseline-pure-dl	zfa	0320ee9a59793802c01888f99cfbb53405b3ecdbbbe0e8d70d24c0071e3817cd	full	10	openllet-library	5	5	0	5	True	"{""ok"": 5}"	1446.5625	1421.53125	1477.9296875	28.00390625	17.40625	1446.5625	1421.53125	1477.9296875	28.00390625	17.40625
baseline-pure-dl	zfa	0320ee9a59793802c01888f99cfbb53405b3ecdbbbe0e8d70d24c0071e3817cd	full	100	hermit-common	5	5	0	0	False	"{""timeout"": 5}"	744.984375	742.97265625	745.36328125	1.2890625	0.37890625					
baseline-pure-dl	zfa	0320ee9a59793802c01888f99cfbb53405b3ecdbbbe0e8d70d24c0071e3817cd	full	100	hermit-library	5	5	0	5	True	"{""ok"": 5}"	1426.12109375	1387.98828125	1434.28125	40.40234375	8.16015625	1426.12109375	1387.98828125	1434.28125	40.40234375	8.16015625
baseline-pure-dl	zfa	0320ee9a59793802c01888f99cfbb53405b3ecdbbbe0e8d70d24c0071e3817cd	full	100	jfact-common	5	5	0	0	False	"{""timeout"": 5}"	1727.3671875	1651.42578125	1864.0625	133.09375	75.94140625					
baseline-pure-dl	zfa	0320ee9a59793802c01888f99cfbb53405b3ecdbbbe0e8d70d24c0071e3817cd	full	100	jfact-library	5	5	0	5	True	"{""ok"": 5}"	1024.8046875	1017.33203125	1048.39453125	17.34765625	7.47265625	1024.8046875	1017.33203125	1048.39453125	17.34765625	7.47265625
baseline-pure-dl	zfa	0320ee9a59793802c01888f99cfbb53405b3ecdbbbe0e8d70d24c0071e3817cd	full	100	openllet-common	5	5	0	0	False	"{""timeout"": 5}"	731.46484375	730.40234375	765.80078125	3.74609375	1.0625					
baseline-pure-dl	zfa	0320ee9a59793802c01888f99cfbb53405b3ecdbbbe0e8d70d24c0071e3817cd	full	100	openllet-library	5	5	0	5	True	"{""ok"": 5}"	1453.7421875	1448.60546875	1485.2421875	18.921875	5.13671875	1453.7421875	1448.60546875	1485.2421875	18.921875	5.13671875
baseline-pure-dl	zfa	0320ee9a59793802c01888f99cfbb53405b3ecdbbbe0e8d70d24c0071e3817cd	module	1	hermit-common	5	5	0	5	True	"{""ok"": 5}"	456.80078125	453.9140625	467.5703125	1.51171875	1.15625	456.80078125	453.9140625	467.5703125	1.51171875	1.15625
baseline-pure-dl	zfa	0320ee9a59793802c01888f99cfbb53405b3ecdbbbe0e8d70d24c0071e3817cd	module	1	hermit-library	5	5	0	5	True	"{""ok"": 5}"	188.45703125	177.78125	190.0234375	2.79296875	1.56640625	188.45703125	177.78125	190.0234375	2.79296875	1.56640625
baseline-pure-dl	zfa	0320ee9a59793802c01888f99cfbb53405b3ecdbbbe0e8d70d24c0071e3817cd	module	1	jfact-common	5	5	0	5	True	"{""ok"": 5}"	648.41796875	634.2578125	665.07421875	5.61328125	3.9296875	648.41796875	634.2578125	665.07421875	5.61328125	3.9296875
baseline-pure-dl	zfa	0320ee9a59793802c01888f99cfbb53405b3ecdbbbe0e8d70d24c0071e3817cd	module	1	jfact-library	5	5	0	5	True	"{""ok"": 5}"	184.84765625	179.07421875	187.890625	5.16796875	3.04296875	184.84765625	179.07421875	187.890625	5.16796875	3.04296875
baseline-pure-dl	zfa	0320ee9a59793802c01888f99cfbb53405b3ecdbbbe0e8d70d24c0071e3817cd	module	1	openllet-common	5	5	0	5	True	"{""ok"": 5}"	372.6015625	356.2265625	380.0	6.8359375	5.90234375	372.6015625	356.2265625	380.0	6.8359375	5.90234375
baseline-pure-dl	zfa	0320ee9a59793802c01888f99cfbb53405b3ecdbbbe0e8d70d24c0071e3817cd	module	1	openllet-library	5	5	0	5	True	"{""ok"": 5}"	148.49609375	140.8125	152.4453125	6.43359375	3.94921875	148.49609375	140.8125	152.4453125	6.43359375	3.94921875
baseline-pure-dl	zfa	0320ee9a59793802c01888f99cfbb53405b3ecdbbbe0e8d70d24c0071e3817cd	module	10	hermit-common	5	5	0	5	True	"{""ok"": 5}"	743.44140625	735.0	768.7421875	10.0703125	7.7421875	743.44140625	735.0	768.7421875	10.0703125	7.7421875
baseline-pure-dl	zfa	0320ee9a59793802c01888f99cfbb53405b3ecdbbbe0e8d70d24c0071e3817cd	module	10	hermit-library	5	5	0	5	True	"{""ok"": 5}"	666.57421875	659.9375	678.62109375	13.59375	6.63671875	666.57421875	659.9375	678.62109375	13.59375	6.63671875
baseline-pure-dl	zfa	0320ee9a59793802c01888f99cfbb53405b3ecdbbbe0e8d70d24c0071e3817cd	module	10	jfact-common	5	5	0	5	True	"{""ok"": 5}"	1236.61328125	1199.625	1243.03125	7.359375	5.70703125	1236.61328125	1199.625	1243.03125	7.359375	5.70703125
baseline-pure-dl	zfa	0320ee9a59793802c01888f99cfbb53405b3ecdbbbe0e8d70d24c0071e3817cd	module	10	jfact-library	5	5	0	5	True	"{""ok"": 5}"	580.31640625	575.36328125	582.796875	1.56640625	1.0859375	580.31640625	575.36328125	582.796875	1.56640625	1.0859375
baseline-pure-dl	zfa	0320ee9a59793802c01888f99cfbb53405b3ecdbbbe0e8d70d24c0071e3817cd	module	10	openllet-common	5	5	0	5	True	"{""ok"": 5}"	692.03125	681.76953125	699.04296875	4.796875	2.5859375	692.03125	681.76953125	699.04296875	4.796875	2.5859375
baseline-pure-dl	zfa	0320ee9a59793802c01888f99cfbb53405b3ecdbbbe0e8d70d24c0071e3817cd	module	10	openllet-library	5	5	0	5	True	"{""ok"": 5}"	542.46484375	535.37109375	546.3125	7.25390625	3.734375	542.46484375	535.37109375	546.3125	7.25390625	3.734375
baseline-pure-dl	zfa	0320ee9a59793802c01888f99cfbb53405b3ecdbbbe0e8d70d24c0071e3817cd	module	100	hermit-common	5	5	0	5	True	"{""ok"": 5}"	746.56640625	739.91796875	775.578125	4.7578125	3.87109375	746.56640625	739.91796875	775.578125	4.7578125	3.87109375
baseline-pure-dl	zfa	0320ee9a59793802c01888f99cfbb53405b3ecdbbbe0e8d70d24c0071e3817cd	module	100	hermit-library	5	5	0	5	True	"{""ok"": 5}"	658.5859375	655.0625	667.10546875	4.04296875	3.01171875	658.5859375	655.0625	667.10546875	4.04296875	3.01171875
baseline-pure-dl	zfa	0320ee9a59793802c01888f99cfbb53405b3ecdbbbe0e8d70d24c0071e3817cd	module	100	jfact-common	5	5	0	5	True	"{""ok"": 5}"	1207.85546875	1204.0546875	1229.28125	19.8828125	3.80078125	1207.85546875	1204.0546875	1229.28125	19.8828125	3.80078125
baseline-pure-dl	zfa	0320ee9a59793802c01888f99cfbb53405b3ecdbbbe0e8d70d24c0071e3817cd	module	100	jfact-library	5	5	0	5	True	"{""ok"": 5}"	583.2578125	580.3515625	587.66015625	3.42578125	2.35546875	583.2578125	580.3515625	587.66015625	3.42578125	2.35546875
baseline-pure-dl	zfa	0320ee9a59793802c01888f99cfbb53405b3ecdbbbe0e8d70d24c0071e3817cd	module	100	openllet-common	5	5	0	5	True	"{""ok"": 5}"	691.07421875	681.828125	705.8671875	7.4453125	5.6796875	691.07421875	681.828125	705.8671875	7.4453125	5.6796875
baseline-pure-dl	zfa	0320ee9a59793802c01888f99cfbb53405b3ecdbbbe0e8d70d24c0071e3817cd	module	100	openllet-library	5	5	0	5	True	"{""ok"": 5}"	544.703125	539.70703125	553.9140625	9.359375	4.99609375	544.703125	539.70703125	553.9140625	9.359375	4.99609375
stream-v4-final-original	hao	003ad1bd34938fda85d9b95fc09721c47b623f2e4a5d7af103d10976f9842613	full	1	km-common	5	5	0	0	False	"{""timeout"": 5}"	785.5703125	768.296875	1450.046875	4.12890625	3.671875					
stream-v4-final-original	hao	003ad1bd34938fda85d9b95fc09721c47b623f2e4a5d7af103d10976f9842613	full	10	km-common	5	5	0	0	False	"{""timeout"": 5}"	775.90234375	763.71875	790.3671875	10.2265625	8.2421875					
stream-v4-final-original	hao	003ad1bd34938fda85d9b95fc09721c47b623f2e4a5d7af103d10976f9842613	full	100	km-common	5	5	0	0	False	"{""timeout"": 5}"	777.125	769.26953125	801.49609375	10.60546875	6.078125					
stream-v4-final-original	hao	003ad1bd34938fda85d9b95fc09721c47b623f2e4a5d7af103d10976f9842613	module	1	km-common	5	5	0	0	False	"{""timeout"": 5}"	733.71484375	727.796875	734.69140625	4.88671875	0.9765625					
stream-v4-final-original	hao	003ad1bd34938fda85d9b95fc09721c47b623f2e4a5d7af103d10976f9842613	module	10	km-common	5	5	0	0	False	"{""timeout"": 5}"	732.8203125	730.19140625	764.26171875	2.8984375	1.6796875					
stream-v4-final-original	hao	003ad1bd34938fda85d9b95fc09721c47b623f2e4a5d7af103d10976f9842613	module	100	km-common	5	5	0	0	False	"{""timeout"": 5}"	733.08203125	731.90625	1404.5859375	652.65625	1.17578125					
stream-v4-final-original	hao	0076a8acf1884be0a4ef93c9fa67f065ea088e42db357fbb192d45250fa0ee3f	full	1	km-common	5	5	0	0	False	"{""timeout"": 5}"	787.01171875	766.98046875	1404.34375	21.40234375	15.6640625					
stream-v4-final-original	hao	0076a8acf1884be0a4ef93c9fa67f065ea088e42db357fbb192d45250fa0ee3f	full	10	km-common	5	5	0	0	False	"{""timeout"": 5}"	773.8828125	768.02734375	799.41796875	19.22265625	5.85546875					
stream-v4-final-original	hao	0076a8acf1884be0a4ef93c9fa67f065ea088e42db357fbb192d45250fa0ee3f	full	100	km-common	5	5	0	0	False	"{""timeout"": 5}"	768.46875	762.81640625	795.828125	26.30078125	5.65234375					
stream-v4-final-original	hao	0076a8acf1884be0a4ef93c9fa67f065ea088e42db357fbb192d45250fa0ee3f	module	1	km-common	5	5	0	0	False	"{""timeout"": 5}"	1347.984375	725.8828125	1361.515625	627.30859375	13.53125					
stream-v4-final-original	hao	0076a8acf1884be0a4ef93c9fa67f065ea088e42db357fbb192d45250fa0ee3f	module	10	km-common	5	5	0	0	False	"{""timeout"": 5}"	727.8203125	723.40234375	1400.5390625	1.68359375	1.05859375					
stream-v4-final-original	hao	0076a8acf1884be0a4ef93c9fa67f065ea088e42db357fbb192d45250fa0ee3f	module	100	km-common	5	5	0	0	False	"{""timeout"": 5}"	1371.875	1361.0546875	1392.75	15.390625	7.9609375					
stream-v4-final-original	hao	014e8b22590d3801ece16abe4840c0fe128dbcf5c23033aab23ef40036457845	full	1	km-common	5	5	0	0	False	"{""timeout"": 5}"	776.3515625	772.3125	1457.1328125	619.08984375	4.0390625					
stream-v4-final-original	hao	014e8b22590d3801ece16abe4840c0fe128dbcf5c23033aab23ef40036457845	full	10	km-common	5	5	0	0	False	"{""timeout"": 5}"	791.57421875	776.078125	1430.4921875	619.46875	15.49609375					
stream-v4-final-original	hao	014e8b22590d3801ece16abe4840c0fe128dbcf5c23033aab23ef40036457845	full	100	km-common	5	5	0	0	False	"{""timeout"": 5}"	797.4921875	773.2265625	1401.7421875	615.17578125	24.265625					
stream-v4-final-original	hao	014e8b22590d3801ece16abe4840c0fe128dbcf5c23033aab23ef40036457845	module	1	km-common	5	5	0	0	False	"{""timeout"": 5}"	1362.640625	731.21875	1413.59375	648.17578125	50.953125					
stream-v4-final-original	hao	014e8b22590d3801ece16abe4840c0fe128dbcf5c23033aab23ef40036457845	module	10	km-common	5	5	0	0	False	"{""timeout"": 5}"	1370.9296875	733.3125	1412.09375	645.109375	41.1640625					
stream-v4-final-original	hao	014e8b22590d3801ece16abe4840c0fe128dbcf5c23033aab23ef40036457845	module	100	km-common	5	5	0	0	False	"{""timeout"": 5}"	1331.65625	732.41796875	1421.4375	671.9921875	89.78125					
stream-v4-final-original	hao	0152c9e454adc5b9d9406d2328dfae445b7cef87f16c4144841b5b289529918e	full	1	km-common	5	5	0	0	False	"{""timeout"": 5}"	787.54296875	763.94140625	1471.3671875	15.91015625	11.88671875					
stream-v4-final-original	hao	0152c9e454adc5b9d9406d2328dfae445b7cef87f16c4144841b5b289529918e	full	10	km-common	5	5	0	0	False	"{""timeout"": 5}"	789.3359375	769.10546875	1422.515625	645.65625	20.23046875					
stream-v4-final-original	hao	0152c9e454adc5b9d9406d2328dfae445b7cef87f16c4144841b5b289529918e	full	100	km-common	5	5	0	0	False	"{""timeout"": 5}"	786.890625	768.80078125	1429.6171875	623.82421875	18.08984375					
stream-v4-final-original	hao	0152c9e454adc5b9d9406d2328dfae445b7cef87f16c4144841b5b289529918e	module	1	km-common	5	5	0	0	False	"{""timeout"": 5}"	731.33203125	728.38671875	1327.4921875	3.0859375	1.92578125					
stream-v4-final-original	hao	0152c9e454adc5b9d9406d2328dfae445b7cef87f16c4144841b5b289529918e	module	10	km-common	5	5	0	0	False	"{""timeout"": 5}"	729.81640625	725.15625	1356.0703125	5.3046875	3.46484375					
stream-v4-final-original	hao	0152c9e454adc5b9d9406d2328dfae445b7cef87f16c4144841b5b289529918e	module	100	km-common	5	5	0	0	False	"{""timeout"": 5}"	728.9375	726.94921875	1397.4609375	435.51953125	1.98828125					
stream-v4-final-original	hao	016278aed839744e3fe6c6cb1b96f29bd1419df3553b29e88874dd968da98306	full	1	km-common	5	5	0	0	False	"{""timeout"": 5}"	774.2265625	761.41796875	1331.8984375	522.0390625	12.80859375					
stream-v4-final-original	hao	016278aed839744e3fe6c6cb1b96f29bd1419df3553b29e88874dd968da98306	full	10	km-common	5	5	0	0	False	"{""timeout"": 5}"	774.90234375	766.53515625	1393.8046875	6.30859375	6.0625					
stream-v4-final-original	hao	016278aed839744e3fe6c6cb1b96f29bd1419df3553b29e88874dd968da98306	full	100	km-common	5	5	0	0	False	"{""timeout"": 5}"	790.76171875	768.57421875	1397.5703125	600.4453125	22.1875					
stream-v4-final-original	hao	016278aed839744e3fe6c6cb1b96f29bd1419df3553b29e88874dd968da98306	module	1	km-common	5	5	0	0	False	"{""timeout"": 5}"	1371.921875	725.21875	1402.2734375	658.8125	30.3515625					
stream-v4-final-original	hao	016278aed839744e3fe6c6cb1b96f29bd1419df3553b29e88874dd968da98306	module	10	km-common	5	5	0	0	False	"{""timeout"": 5}"	1348.28125	728.81640625	1397.9375	650.2265625	49.65625					
stream-v4-final-original	hao	016278aed839744e3fe6c6cb1b96f29bd1419df3553b29e88874dd968da98306	module	100	km-common	5	5	0	0	False	"{""timeout"": 5}"	1391.75	730.6328125	1404.71875	103.4765625	12.96875					
stream-v4-final-original	mfomd	00ad80c85b69b651d45363a55219c1f0ea4d84c6271b5d95a42432590564908c	full	1	km-common	5	5	0	5	True	"{""ok"": 5}"	882.16015625	876.10546875	946.8828125	10.1015625	5.31640625	882.16015625	876.10546875	946.8828125	10.1015625	5.31640625
stream-v4-final-original	mfomd	00ad80c85b69b651d45363a55219c1f0ea4d84c6271b5d95a42432590564908c	full	10	km-common	5	5	0	4	False	"{""ok"": 4, ""timeout"": 1}"	891.5078125	884.8203125	1358.2578125	450.37109375	6.6875	1114.26171875	886.64453125	1358.2578125	452.0341796875	225.185546875
stream-v4-final-original	mfomd	00ad80c85b69b651d45363a55219c1f0ea4d84c6271b5d95a42432590564908c	full	100	km-common	5	5	0	4	False	"{""ok"": 4, ""timeout"": 1}"	886.72265625	881.86328125	1381.21875	6.7421875	4.859375	889.708984375	881.86328125	1381.21875	129.318359375	5.416015625
stream-v4-final-original	mfomd	00ad80c85b69b651d45363a55219c1f0ea4d84c6271b5d95a42432590564908c	module	1	km-common	5	5	0	0	False	"{""timeout"": 5}"	162.8203125	161.64453125	163.84765625	0.57421875	0.44140625					
stream-v4-final-original	mfomd	00ad80c85b69b651d45363a55219c1f0ea4d84c6271b5d95a42432590564908c	module	10	km-common	5	5	0	0	False	"{""timeout"": 5}"	164.671875	162.80859375	165.51953125	1.9140625	0.84765625					
stream-v4-final-original	mfomd	00ad80c85b69b651d45363a55219c1f0ea4d84c6271b5d95a42432590564908c	module	100	km-common	5	5	0	0	False	"{""timeout"": 5}"	165.171875	163.1171875	172.79296875	1.82421875	0.99609375					
stream-v4-final-original	mfomd	00e4133025107a0f3faa3263e3c0b1555d8ca407f37c6b431114ae8e4ae0ca18	full	1	km-common	5	5	0	5	True	"{""ok"": 5}"	886.80859375	871.51171875	1409.3828125	4.88671875	3.2421875	886.80859375	871.51171875	1409.3828125	4.88671875	3.2421875
stream-v4-final-original	mfomd	00e4133025107a0f3faa3263e3c0b1555d8ca407f37c6b431114ae8e4ae0ca18	full	10	km-common	5	5	0	5	True	"{""ok"": 5}"	1340.8203125	878.90234375	1371.515625	457.6484375	30.6953125	1340.8203125	878.90234375	1371.515625	457.6484375	30.6953125
stream-v4-final-original	mfomd	00e4133025107a0f3faa3263e3c0b1555d8ca407f37c6b431114ae8e4ae0ca18	full	100	km-common	5	5	0	5	True	"{""ok"": 5}"	885.90234375	885.15234375	1364.609375	0.4453125	0.4375	885.90234375	885.15234375	1364.609375	0.4453125	0.4375
stream-v4-final-original	mfomd	00e4133025107a0f3faa3263e3c0b1555d8ca407f37c6b431114ae8e4ae0ca18	module	1	km-common	5	5	0	0	False	"{""timeout"": 5}"	150.00390625	149.796875	150.515625	0.49609375	0.20703125					
stream-v4-final-original	mfomd	00e4133025107a0f3faa3263e3c0b1555d8ca407f37c6b431114ae8e4ae0ca18	module	10	km-common	5	5	0	0	False	"{""timeout"": 5}"	150.6171875	150.35546875	152.4453125	0.08203125	0.06640625					
stream-v4-final-original	mfomd	00e4133025107a0f3faa3263e3c0b1555d8ca407f37c6b431114ae8e4ae0ca18	module	100	km-common	5	5	0	0	False	"{""timeout"": 5}"	150.46875	149.29296875	150.66015625	0.73828125	0.19140625					
stream-v4-final-original	mfomd	0113b14df2575cdf9fe75dc67dfa5467eca99e7e4007cf129f75de0cbc3c97a3	full	1	km-common	5	5	0	5	True	"{""ok"": 5}"	888.06640625	871.9921875	1319.7578125	11.03125	10.5546875	888.06640625	871.9921875	1319.7578125	11.03125	10.5546875
stream-v4-final-original	mfomd	0113b14df2575cdf9fe75dc67dfa5467eca99e7e4007cf129f75de0cbc3c97a3	full	10	km-common	5	5	0	5	True	"{""ok"": 5}"	1365.1015625	887.14453125	1379.3359375	218.8203125	14.234375	1365.1015625	887.14453125	1379.3359375	218.8203125	14.234375
stream-v4-final-original	mfomd	0113b14df2575cdf9fe75dc67dfa5467eca99e7e4007cf129f75de0cbc3c97a3	full	100	km-common	5	5	0	5	True	"{""ok"": 5}"	891.1484375	875.26171875	1399.78125	466.03515625	15.88671875	891.1484375	875.26171875	1399.78125	466.03515625	15.88671875
stream-v4-final-original	mfomd	0113b14df2575cdf9fe75dc67dfa5467eca99e7e4007cf129f75de0cbc3c97a3	module	1	km-common	5	5	0	0	False	"{""timeout"": 5}"	161.1484375	160.74609375	161.75	0.48046875	0.33984375					
stream-v4-final-original	mfomd	0113b14df2575cdf9fe75dc67dfa5467eca99e7e4007cf129f75de0cbc3c97a3	module	10	km-common	5	5	0	0	False	"{""timeout"": 5}"	161.7421875	161.3203125	163.65234375	0.625	0.3125					
stream-v4-final-original	mfomd	0113b14df2575cdf9fe75dc67dfa5467eca99e7e4007cf129f75de0cbc3c97a3	module	100	km-common	5	5	0	0	False	"{""timeout"": 5}"	161.75	161.12109375	162.05859375	0.3359375	0.30859375					
stream-v4-final-original	mfomd	011c33d46e6b36a07fdc5d6777783747d0a5345f05c6752035f6e9b592b78762	full	1	km-common	5	5	0	5	True	"{""ok"": 5}"	890.7109375	884.20703125	901.109375	1.16796875	0.66796875	890.7109375	884.20703125	901.109375	1.16796875	0.66796875
stream-v4-final-original	mfomd	011c33d46e6b36a07fdc5d6777783747d0a5345f05c6752035f6e9b592b78762	full	10	km-common	5	5	0	5	True	"{""ok"": 5}"	884.515625	881.49609375	1382.8046875	9.6953125	3.01953125	884.515625	881.49609375	1382.8046875	9.6953125	3.01953125
stream-v4-final-original	mfomd	011c33d46e6b36a07fdc5d6777783747d0a5345f05c6752035f6e9b592b78762	full	100	km-common	5	5	0	5	True	"{""ok"": 5}"	887.59765625	881.25390625	889.30859375	4.18359375	1.7109375	887.59765625	881.25390625	889.30859375	4.18359375	1.7109375
stream-v4-final-original	mfomd	011c33d46e6b36a07fdc5d6777783747d0a5345f05c6752035f6e9b592b78762	module	1	km-common	5	5	0	0	False	"{""timeout"": 5}"	170.28125	161.30859375	173.51171875	9.703125	3.23046875					
stream-v4-final-original	mfomd	011c33d46e6b36a07fdc5d6777783747d0a5345f05c6752035f6e9b592b78762	module	10	km-common	5	5	0	0	False	"{""timeout"": 5}"	163.375	162.140625	169.69140625	6.421875	1.234375					
stream-v4-final-original	mfomd	011c33d46e6b36a07fdc5d6777783747d0a5345f05c6752035f6e9b592b78762	module	100	km-common	5	5	0	0	False	"{""timeout"": 5}"	164.2109375	161.5390625	169.953125	6.765625	2.671875					
stream-v4-final-original	mfomd	0139834153c76ce6cdc48b17beb2aa6d7966542ce7becdcbea86123a4e3045cd	full	1	km-common	5	5	0	5	True	"{""ok"": 5}"	1320.078125	870.41015625	1366.0703125	485.27734375	45.9921875	1320.078125	870.41015625	1366.0703125	485.27734375	45.9921875
stream-v4-final-original	mfomd	0139834153c76ce6cdc48b17beb2aa6d7966542ce7becdcbea86123a4e3045cd	full	10	km-common	5	5	0	5	True	"{""ok"": 5}"	1040.421875	876.2265625	1347.4609375	458.41015625	164.1953125	1040.421875	876.2265625	1347.4609375	458.41015625	164.1953125
stream-v4-final-original	mfomd	0139834153c76ce6cdc48b17beb2aa6d7966542ce7becdcbea86123a4e3045cd	full	100	km-common	5	5	0	5	True	"{""ok"": 5}"	892.77734375	881.2734375	1329.953125	432.6640625	11.50390625	892.77734375	881.2734375	1329.953125	432.6640625	11.50390625
stream-v4-final-original	mfomd	0139834153c76ce6cdc48b17beb2aa6d7966542ce7becdcbea86123a4e3045cd	module	1	km-common	5	5	0	0	False	"{""error"": 5}"	210.80078125	209.31640625	269.2578125	9.50390625	1.484375					
stream-v4-final-original	mfomd	0139834153c76ce6cdc48b17beb2aa6d7966542ce7becdcbea86123a4e3045cd	module	10	km-common	5	5	0	0	False	"{""error"": 5}"	212.54296875	208.796875	222.96484375	7.296875	3.74609375					
stream-v4-final-original	mfomd	0139834153c76ce6cdc48b17beb2aa6d7966542ce7becdcbea86123a4e3045cd	module	100	km-common	5	5	0	0	False	"{""error"": 5}"	219.65625	211.390625	222.63671875	2.65625	1.8359375					
stream-v4-final-original	mmo	000d25e56e57c9f985e8c2793f62b2510b08e924bd56fa5873a500e4c2922dc9	full	1	km-common	5	5	0	5	True	"{""ok"": 5}"	695.5234375	688.546875	1382.4375	672.62890625	6.9765625	695.5234375	688.546875	1382.4375	672.62890625	6.9765625
stream-v4-final-original	mmo	000d25e56e57c9f985e8c2793f62b2510b08e924bd56fa5873a500e4c2922dc9	full	10	km-common	5	5	0	5	True	"{""ok"": 5}"	694.91796875	690.58203125	1378.7578125	19.87890625	4.3359375	694.91796875	690.58203125	1378.7578125	19.87890625	4.3359375
stream-v4-final-original	mmo	000d25e56e57c9f985e8c2793f62b2510b08e924bd56fa5873a500e4c2922dc9	full	100	km-common	5	5	0	5	True	"{""ok"": 5}"	696.08203125	677.58203125	1346.59375	9.10546875	7.328125	696.08203125	677.58203125	1346.59375	9.10546875	7.328125
stream-v4-final-original	mmo	000d25e56e57c9f985e8c2793f62b2510b08e924bd56fa5873a500e4c2922dc9	module	1	km-common	5	5	0	5	True	"{""ok"": 5}"	114.7734375	114.6875	130.921875	9.63671875	0.0859375	114.7734375	114.6875	130.921875	9.63671875	0.0859375
stream-v4-final-original	mmo	000d25e56e57c9f985e8c2793f62b2510b08e924bd56fa5873a500e4c2922dc9	module	10	km-common	5	5	0	5	True	"{""ok"": 5}"	115.9375	114.6875	126.55078125	11.09765625	1.25	115.9375	114.6875	126.55078125	11.09765625	1.25
stream-v4-final-original	mmo	000d25e56e57c9f985e8c2793f62b2510b08e924bd56fa5873a500e4c2922dc9	module	100	km-common	5	5	0	5	True	"{""ok"": 5}"	114.6875	114.375	126.875	12.12109375	0.3125	114.6875	114.375	126.875	12.12109375	0.3125
stream-v4-final-original	mmo	00351a393a5557c13431e428f085b979cb2597d9fb026ce248e4040897125b07	full	1	km-common	5	5	0	5	True	"{""ok"": 5}"	1296.1171875	695.1796875	1355.2890625	621.421875	59.171875	1296.1171875	695.1796875	1355.2890625	621.421875	59.171875
stream-v4-final-original	mmo	00351a393a5557c13431e428f085b979cb2597d9fb026ce248e4040897125b07	full	10	km-common	5	5	0	5	True	"{""ok"": 5}"	703.73828125	691.44140625	1377.890625	9.62109375	7.02734375	703.73828125	691.44140625	1377.890625	9.62109375	7.02734375
stream-v4-final-original	mmo	00351a393a5557c13431e428f085b979cb2597d9fb026ce248e4040897125b07	full	100	km-common	5	5	0	5	True	"{""ok"": 5}"	707.05859375	695.80859375	1364.4375	663.34765625	11.25	707.05859375	695.80859375	1364.4375	663.34765625	11.25
stream-v4-final-original	mmo	00351a393a5557c13431e428f085b979cb2597d9fb026ce248e4040897125b07	module	1	km-common	5	5	0	5	True	"{""ok"": 5}"	126.63671875	120.65625	131.22265625	4.55859375	4.3359375	126.63671875	120.65625	131.22265625	4.55859375	4.3359375
stream-v4-final-original	mmo	00351a393a5557c13431e428f085b979cb2597d9fb026ce248e4040897125b07	module	10	km-common	5	5	0	5	True	"{""ok"": 5}"	123.94140625	118.4140625	129.46484375	7.0625	4.171875	123.94140625	118.4140625	129.46484375	7.0625	4.171875
stream-v4-final-original	mmo	00351a393a5557c13431e428f085b979cb2597d9fb026ce248e4040897125b07	module	100	km-common	5	5	0	5	True	"{""ok"": 5}"	118.89453125	117.28125	131.578125	10.1484375	1.61328125	118.89453125	117.28125	131.578125	10.1484375	1.61328125
stream-v4-final-original	mmo	0067ad17fb33839d74961c073ea1235adbb4d0556c62769e75c4f311ce5cbe28	full	1	km-common	5	5	0	5	True	"{""ok"": 5}"	700.40234375	686.8046875	1377.5	22.09765625	13.59765625	700.40234375	686.8046875	1377.5	22.09765625	13.59765625
stream-v4-final-original	mmo	0067ad17fb33839d74961c073ea1235adbb4d0556c62769e75c4f311ce5cbe28	full	10	km-common	5	5	0	5	True	"{""ok"": 5}"	700.0390625	692.109375	1342.921875	621.69140625	7.9296875	700.0390625	692.109375	1342.921875	621.69140625	7.9296875
stream-v4-final-original	mmo	0067ad17fb33839d74961c073ea1235adbb4d0556c62769e75c4f311ce5cbe28	full	100	km-common	5	5	0	5	True	"{""ok"": 5}"	696.41015625	691.24609375	1340.6484375	7.61328125	4.51953125	696.41015625	691.24609375	1340.6484375	7.61328125	4.51953125
stream-v4-final-original	mmo	0067ad17fb33839d74961c073ea1235adbb4d0556c62769e75c4f311ce5cbe28	module	1	km-common	5	5	0	5	True	"{""ok"": 5}"	115.9375	115.4765625	124.3125	3.3828125	0.4609375	115.9375	115.4765625	124.3125	3.3828125	0.4609375
stream-v4-final-original	mmo	0067ad17fb33839d74961c073ea1235adbb4d0556c62769e75c4f311ce5cbe28	module	10	km-common	5	5	0	5	True	"{""ok"": 5}"	119.0625	118.29296875	120.40625	0.421875	0.3125	119.0625	118.29296875	120.40625	0.421875	0.3125
stream-v4-final-original	mmo	0067ad17fb33839d74961c073ea1235adbb4d0556c62769e75c4f311ce5cbe28	module	100	km-common	5	5	0	5	True	"{""ok"": 5}"	124.46875	117.4296875	131.640625	11.2109375	6.03125	124.46875	117.4296875	131.640625	11.2109375	6.03125
stream-v4-final-original	mmo	0254b02677aa3aa8565ce91fa89f2e03b1a07bca78e614a135515a36a1fb7c82	full	1	km-common	5	5	0	5	True	"{""ok"": 5}"	696.28125	690.89453125	1339.28125	2.8046875	2.40625	696.28125	690.89453125	1339.28125	2.8046875	2.40625
stream-v4-final-original	mmo	0254b02677aa3aa8565ce91fa89f2e03b1a07bca78e614a135515a36a1fb7c82	full	10	km-common	5	5	0	5	True	"{""ok"": 5}"	697.0625	695.125	1379.828125	673.1484375	1.9375	697.0625	695.125	1379.828125	673.1484375	1.9375
stream-v4-final-original	mmo	0254b02677aa3aa8565ce91fa89f2e03b1a07bca78e614a135515a36a1fb7c82	full	100	km-common	5	5	0	5	True	"{""ok"": 5}"	694.62109375	683.53515625	1292.296875	13.6328125	10.26953125	694.62109375	683.53515625	1292.296875	13.6328125	10.26953125
stream-v4-final-original	mmo	0254b02677aa3aa8565ce91fa89f2e03b1a07bca78e614a135515a36a1fb7c82	module	1	km-common	5	5	0	5	True	"{""ok"": 5}"	115.625	114.6875	127.265625	0.9375	0.625	115.625	114.6875	127.265625	0.9375	0.625
stream-v4-final-original	mmo	0254b02677aa3aa8565ce91fa89f2e03b1a07bca78e614a135515a36a1fb7c82	module	10	km-common	5	5	0	5	True	"{""ok"": 5}"	116.25	115.625	129.44140625	1.25	0.625	116.25	115.625	129.44140625	1.25	0.625
stream-v4-final-original	mmo	0254b02677aa3aa8565ce91fa89f2e03b1a07bca78e614a135515a36a1fb7c82	module	100	km-common	5	5	0	5	True	"{""ok"": 5}"	117.1875	115.625	129.796875	3.30078125	1.5625	117.1875	115.625	129.796875	3.30078125	1.5625
stream-v4-final-original	mmo	03507fc4ddc5d501eae1d2d9e7e54466bd72ec09e7450870beaa0552a98a90fb	full	1	km-common	5	5	0	5	True	"{""ok"": 5}"	693.4375	677.0390625	695.70703125	4.53125	2.26953125	693.4375	677.0390625	695.70703125	4.53125	2.26953125
stream-v4-final-original	mmo	03507fc4ddc5d501eae1d2d9e7e54466bd72ec09e7450870beaa0552a98a90fb	full	10	km-common	5	5	0	5	True	"{""ok"": 5}"	703.8671875	682.27734375	1181.15625	36.3203125	21.58984375	703.8671875	682.27734375	1181.15625	36.3203125	21.58984375
stream-v4-final-original	mmo	03507fc4ddc5d501eae1d2d9e7e54466bd72ec09e7450870beaa0552a98a90fb	full	100	km-common	5	5	0	5	True	"{""ok"": 5}"	695.3984375	686.1171875	1349.828125	32.83203125	9.28125	695.3984375	686.1171875	1349.828125	32.83203125	9.28125
stream-v4-final-original	mmo	03507fc4ddc5d501eae1d2d9e7e54466bd72ec09e7450870beaa0552a98a90fb	module	1	km-common	5	5	0	5	True	"{""ok"": 5}"	115.3125	115.0	118.97265625	0.3359375	0.3125	115.3125	115.0	118.97265625	0.3359375	0.3125
stream-v4-final-original	mmo	03507fc4ddc5d501eae1d2d9e7e54466bd72ec09e7450870beaa0552a98a90fb	module	10	km-common	5	5	0	5	True	"{""ok"": 5}"	115.625	114.375	116.47265625	1.5625	0.84765625	115.625	114.375	116.47265625	1.5625	0.84765625
stream-v4-final-original	mmo	03507fc4ddc5d501eae1d2d9e7e54466bd72ec09e7450870beaa0552a98a90fb	module	100	km-common	5	5	0	5	True	"{""ok"": 5}"	115.9375	114.6875	121.640625	1.62109375	1.25	115.9375	114.6875	121.640625	1.62109375	1.25
stream-v4-final-original	vto	0032c408ae08b8c078fbcecfc06533a0143ce424dbca34635c52989881ac74a5	full	1	km-common	5	5	0	0	False	"{""timeout"": 5}"	3446.5703125	3430.28515625	3562.078125	23.828125	16.28515625					
stream-v4-final-original	vto	0032c408ae08b8c078fbcecfc06533a0143ce424dbca34635c52989881ac74a5	full	10	km-common	5	5	0	0	False	"{""timeout"": 5}"	3439.36328125	3436.80859375	3449.609375	1.671875	1.32421875					
stream-v4-final-original	vto	0032c408ae08b8c078fbcecfc06533a0143ce424dbca34635c52989881ac74a5	full	100	km-common	5	5	0	0	False	"{""timeout"": 5}"	3446.30859375	3430.984375	3455.12109375	4.63671875	2.62890625					
stream-v4-final-original	vto	0032c408ae08b8c078fbcecfc06533a0143ce424dbca34635c52989881ac74a5	module	1	km-common	5	5	0	5	True	"{""ok"": 5}"	115.625	114.58203125	120.30859375	1.13671875	0.8515625	115.625	114.58203125	120.30859375	1.13671875	0.8515625
stream-v4-final-original	vto	0032c408ae08b8c078fbcecfc06533a0143ce424dbca34635c52989881ac74a5	module	10	km-common	5	5	0	5	True	"{""ok"": 5}"	117.23828125	115.625	122.0546875	3.2109375	1.61328125	117.23828125	115.625	122.0546875	3.2109375	1.61328125
stream-v4-final-original	vto	0032c408ae08b8c078fbcecfc06533a0143ce424dbca34635c52989881ac74a5	module	100	km-common	5	5	0	5	True	"{""ok"": 5}"	117.36328125	115.3125	119.88671875	1.5390625	1.05078125	117.36328125	115.3125	119.88671875	1.5390625	1.05078125
stream-v4-final-original	vto	0055b4a115d54c76907aa934dabb293d0f752301108124f82cf0f0a941699dd9	full	1	km-common	5	5	0	0	False	"{""timeout"": 5}"	3544.37109375	3512.62890625	3550.73046875	30.921875	6.359375					
stream-v4-final-original	vto	0055b4a115d54c76907aa934dabb293d0f752301108124f82cf0f0a941699dd9	full	10	km-common	5	5	0	0	False	"{""timeout"": 5}"	3531.18359375	3511.6796875	3546.3671875	15.9765625	13.6796875					
stream-v4-final-original	vto	0055b4a115d54c76907aa934dabb293d0f752301108124f82cf0f0a941699dd9	full	100	km-common	5	5	0	0	False	"{""timeout"": 5}"	3547.44140625	3510.25	3570.078125	24.6015625	20.9765625					
stream-v4-final-original	vto	0055b4a115d54c76907aa934dabb293d0f752301108124f82cf0f0a941699dd9	module	1	km-common	5	5	0	5	True	"{""ok"": 5}"	128.78125	126.5625	130.625	2.671875	1.59375	128.78125	126.5625	130.625	2.671875	1.59375
stream-v4-final-original	vto	0055b4a115d54c76907aa934dabb293d0f752301108124f82cf0f0a941699dd9	module	10	km-common	5	5	0	5	True	"{""ok"": 5}"	136.25	135.265625	140.93359375	3.43359375	0.984375	136.25	135.265625	140.93359375	3.43359375	0.984375
stream-v4-final-original	vto	0055b4a115d54c76907aa934dabb293d0f752301108124f82cf0f0a941699dd9	module	100	km-common	5	5	0	5	True	"{""ok"": 5}"	135.1875	134.6875	136.25	1.0390625	0.5	135.1875	134.6875	136.25	1.0390625	0.5
stream-v4-final-original	vto	006ec55049838656b87aba916ad4497431dad7e42c05f1784953732abed8715f	full	1	km-common	5	5	0	0	False	"{""timeout"": 5}"	3436.7421875	3432.5625	3446.1328125	8.94140625	4.1796875					
stream-v4-final-original	vto	006ec55049838656b87aba916ad4497431dad7e42c05f1784953732abed8715f	full	10	km-common	5	5	0	0	False	"{""timeout"": 5}"	3436.74609375	3436.26171875	3456.91015625	1.21875	0.484375					
stream-v4-final-original	vto	006ec55049838656b87aba916ad4497431dad7e42c05f1784953732abed8715f	full	100	km-common	5	5	0	0	False	"{""timeout"": 5}"	3436.0	3427.0625	3455.83203125	21.53515625	8.9375					
stream-v4-final-original	vto	006ec55049838656b87aba916ad4497431dad7e42c05f1784953732abed8715f	module	1	km-common	5	5	0	5	True	"{""ok"": 5}"	141.5546875	139.92578125	145.17578125	0.375	0.24609375	141.5546875	139.92578125	145.17578125	0.375	0.24609375
stream-v4-final-original	vto	006ec55049838656b87aba916ad4497431dad7e42c05f1784953732abed8715f	module	10	km-common	5	5	0	5	True	"{""ok"": 5}"	161.828125	160.19140625	168.32421875	0.1953125	0.19140625	161.828125	160.19140625	168.32421875	0.1953125	0.19140625
stream-v4-final-original	vto	006ec55049838656b87aba916ad4497431dad7e42c05f1784953732abed8715f	module	100	km-common	5	5	0	5	True	"{""ok"": 5}"	161.4296875	159.875	163.140625	1.0859375	0.58203125	161.4296875	159.875	163.140625	1.0859375	0.58203125
stream-v4-final-original	vto	007d74d3ed2fd57987aa4c6fd70848bea9173e3eb4140f81df7143293b5fd163	full	1	km-common	5	5	0	0	False	"{""timeout"": 5}"	3440.49609375	3437.95703125	3443.97265625	2.3359375	2.1328125					
stream-v4-final-original	vto	007d74d3ed2fd57987aa4c6fd70848bea9173e3eb4140f81df7143293b5fd163	full	10	km-common	5	5	0	0	False	"{""timeout"": 5}"	3439.17578125	3428.26171875	3446.67578125	8.546875	6.9140625					
stream-v4-final-original	vto	007d74d3ed2fd57987aa4c6fd70848bea9173e3eb4140f81df7143293b5fd163	full	100	km-common	5	5	0	0	False	"{""timeout"": 5}"	3442.984375	3424.28515625	3444.9375	4.66015625	1.953125					
stream-v4-final-original	vto	007d74d3ed2fd57987aa4c6fd70848bea9173e3eb4140f81df7143293b5fd163	module	1	km-common	5	5	0	5	True	"{""ok"": 5}"	122.1875	121.875	123.75	0.3125	0.3125	122.1875	121.875	123.75	0.3125	0.3125
stream-v4-final-original	vto	007d74d3ed2fd57987aa4c6fd70848bea9173e3eb4140f81df7143293b5fd163	module	10	km-common	5	5	0	5	True	"{""ok"": 5}"	129.0625	128.4375	129.82421875	0.625	0.625	129.0625	128.4375	129.82421875	0.625	0.625
stream-v4-final-original	vto	007d74d3ed2fd57987aa4c6fd70848bea9173e3eb4140f81df7143293b5fd163	module	100	km-common	5	5	0	5	True	"{""ok"": 5}"	129.6875	128.4375	130.0	0.734375	0.3125	129.6875	128.4375	130.0	0.734375	0.3125
stream-v4-final-original	vto	007e99d81cb75dfa4462f1993157dd545182349a0ee3b0e1cdf10d2288d29771	full	1	km-common	5	5	0	0	False	"{""timeout"": 5}"	3436.36328125	3429.640625	3443.9375	9.0703125	5.87890625					
stream-v4-final-original	vto	007e99d81cb75dfa4462f1993157dd545182349a0ee3b0e1cdf10d2288d29771	full	10	km-common	5	5	0	0	False	"{""timeout"": 5}"	3443.11328125	3440.54296875	4034.51953125	4.85546875	2.5703125					
stream-v4-final-original	vto	007e99d81cb75dfa4462f1993157dd545182349a0ee3b0e1cdf10d2288d29771	full	100	km-common	5	5	0	0	False	"{""timeout"": 5}"	3443.203125	3439.09765625	3452.609375	4.01171875	3.3671875					
stream-v4-final-original	vto	007e99d81cb75dfa4462f1993157dd545182349a0ee3b0e1cdf10d2288d29771	module	1	km-common	5	5	0	5	True	"{""ok"": 5}"	145.5234375	135.8046875	146.09375	1.3359375	0.5703125	145.5234375	135.8046875	146.09375	1.3359375	0.5703125
stream-v4-final-original	vto	007e99d81cb75dfa4462f1993157dd545182349a0ee3b0e1cdf10d2288d29771	module	10	km-common	5	5	0	5	True	"{""ok"": 5}"	165.62109375	161.21875	307.53125	5.65234375	3.53515625	165.62109375	161.21875	307.53125	5.65234375	3.53515625
stream-v4-final-original	vto	007e99d81cb75dfa4462f1993157dd545182349a0ee3b0e1cdf10d2288d29771	module	100	km-common	5	5	0	5	True	"{""ok"": 5}"	163.03125	148.734375	314.984375	13.921875	12.31640625	163.03125	148.734375	314.984375	13.921875	12.31640625
stream-v4-final-pure-dl	zfa	00d9f195cc533e1c52412af99b5f11c9425d99babaf0af68b7bdf7f20cd9d88e	full	1	km-common	5	5	0	0	False	"{""timeout"": 5}"	781.7265625	776.703125	788.49609375	3.76953125	2.20703125					
stream-v4-final-pure-dl	zfa	00d9f195cc533e1c52412af99b5f11c9425d99babaf0af68b7bdf7f20cd9d88e	full	10	km-common	5	5	0	0	False	"{""timeout"": 5}"	888.6953125	777.2890625	1421.265625	602.59375	111.40625					
stream-v4-final-pure-dl	zfa	00d9f195cc533e1c52412af99b5f11c9425d99babaf0af68b7bdf7f20cd9d88e	full	100	km-common	5	5	0	0	False	"{""timeout"": 5}"	781.40625	776.6171875	1424.578125	585.78515625	4.7890625					
stream-v4-final-pure-dl	zfa	00d9f195cc533e1c52412af99b5f11c9425d99babaf0af68b7bdf7f20cd9d88e	module	1	km-common	5	5	0	5	True	"{""ok"": 5}"	347.6875	327.7265625	353.10546875	0.65234375	0.56640625	347.6875	327.7265625	353.10546875	0.65234375	0.56640625
stream-v4-final-pure-dl	zfa	00d9f195cc533e1c52412af99b5f11c9425d99babaf0af68b7bdf7f20cd9d88e	module	10	km-common	5	5	0	5	True	"{""ok"": 5}"	352.40625	349.9140625	353.64453125	2.8046875	1.23828125	352.40625	349.9140625	353.64453125	2.8046875	1.23828125
stream-v4-final-pure-dl	zfa	00d9f195cc533e1c52412af99b5f11c9425d99babaf0af68b7bdf7f20cd9d88e	module	100	km-common	5	5	0	5	True	"{""ok"": 5}"	356.15234375	330.375	606.5078125	221.4609375	25.77734375	356.15234375	330.375	606.5078125	221.4609375	25.77734375
stream-v4-final-pure-dl	zfa	02849870a29329c76c8ad4d897426a73a2d800679c2619d373bb6285bb3a9093	full	1	km-common	5	5	0	0	False	"{""timeout"": 5}"	805.93359375	778.07421875	1411.3125	599.48046875	27.859375					
stream-v4-final-pure-dl	zfa	02849870a29329c76c8ad4d897426a73a2d800679c2619d373bb6285bb3a9093	full	10	km-common	5	5	0	0	False	"{""timeout"": 5}"	784.79296875	781.76953125	1468.59375	630.52734375	3.0234375					
stream-v4-final-pure-dl	zfa	02849870a29329c76c8ad4d897426a73a2d800679c2619d373bb6285bb3a9093	full	100	km-common	5	5	0	0	False	"{""timeout"": 5}"	797.44921875	779.03125	1409.703125	25.8046875	14.0546875					
stream-v4-final-pure-dl	zfa	02849870a29329c76c8ad4d897426a73a2d800679c2619d373bb6285bb3a9093	module	1	km-common	5	5	0	5	True	"{""ok"": 5}"	471.98828125	439.40625	625.3125	96.34375	32.58203125	471.98828125	439.40625	625.3125	96.34375	32.58203125
stream-v4-final-pure-dl	zfa	02849870a29329c76c8ad4d897426a73a2d800679c2619d373bb6285bb3a9093	module	10	km-common	5	5	0	5	True	"{""ok"": 5}"	1412.3203125	1334.984375	1432.953125	39.640625	20.6328125	1412.3203125	1334.984375	1432.953125	39.640625	20.6328125
stream-v4-final-pure-dl	zfa	02849870a29329c76c8ad4d897426a73a2d800679c2619d373bb6285bb3a9093	module	100	km-common	5	5	0	5	True	"{""ok"": 5}"	1377.6171875	674.09765625	1430.7890625	87.3671875	53.171875	1377.6171875	674.09765625	1430.7890625	87.3671875	53.171875
stream-v4-final-pure-dl	zfa	02c36b6dca3bd8beb958162cdea386860ab89f2b56a1d4b0b50005ae85b93d6e	full	1	km-common	5	5	0	0	False	"{""timeout"": 5}"	790.25	769.828125	1427.9375	643.35546875	20.421875					
stream-v4-final-pure-dl	zfa	02c36b6dca3bd8beb958162cdea386860ab89f2b56a1d4b0b50005ae85b93d6e	full	10	km-common	5	5	0	0	False	"{""timeout"": 5}"	781.328125	769.6875	1404.203125	17.25390625	11.640625					
stream-v4-final-pure-dl	zfa	02c36b6dca3bd8beb958162cdea386860ab89f2b56a1d4b0b50005ae85b93d6e	full	100	km-common	5	5	0	0	False	"{""timeout"": 5}"	789.41015625	770.79296875	1365.84375	24.828125	17.21875					
stream-v4-final-pure-dl	zfa	02c36b6dca3bd8beb958162cdea386860ab89f2b56a1d4b0b50005ae85b93d6e	module	1	km-common	5	5	0	5	True	"{""ok"": 5}"	126.53125	114.375	130.8046875	12.92578125	4.2734375	126.53125	114.375	130.8046875	12.92578125	4.2734375
stream-v4-final-pure-dl	zfa	02c36b6dca3bd8beb958162cdea386860ab89f2b56a1d4b0b50005ae85b93d6e	module	10	km-common	5	5	0	5	True	"{""ok"": 5}"	129.18359375	117.23046875	130.1953125	7.859375	1.01171875	129.18359375	117.23046875	130.1953125	7.859375	1.01171875
stream-v4-final-pure-dl	zfa	02c36b6dca3bd8beb958162cdea386860ab89f2b56a1d4b0b50005ae85b93d6e	module	100	km-common	5	5	0	5	True	"{""ok"": 5}"	126.82421875	120.16796875	131.73828125	8.6640625	4.54296875	126.82421875	120.16796875	131.73828125	8.6640625	4.54296875
stream-v4-final-pure-dl	zfa	02ff37982fdae5be5cba8c0e67403f6fd22d360abb6c6d2943c8ae0aa6bddae8	full	1	km-common	5	5	0	0	False	"{""timeout"": 5}"	1401.6015625	785.05078125	1457.4921875	632.671875	55.890625					
stream-v4-final-pure-dl	zfa	02ff37982fdae5be5cba8c0e67403f6fd22d360abb6c6d2943c8ae0aa6bddae8	full	10	km-common	5	5	0	0	False	"{""timeout"": 5}"	804.68359375	788.28515625	1425.203125	574.82421875	16.3984375					
stream-v4-final-pure-dl	zfa	02ff37982fdae5be5cba8c0e67403f6fd22d360abb6c6d2943c8ae0aa6bddae8	full	100	km-common	5	5	0	0	False	"{""timeout"": 5}"	1444.953125	774.80078125	1461.96875	648.1640625	17.015625					
stream-v4-final-pure-dl	zfa	02ff37982fdae5be5cba8c0e67403f6fd22d360abb6c6d2943c8ae0aa6bddae8	module	1	km-common	5	5	0	5	True	"{""ok"": 5}"	145.484375	143.078125	145.92578125	1.81640625	0.44140625	145.484375	143.078125	145.92578125	1.81640625	0.44140625
stream-v4-final-pure-dl	zfa	02ff37982fdae5be5cba8c0e67403f6fd22d360abb6c6d2943c8ae0aa6bddae8	module	10	km-common	5	5	0	5	True	"{""ok"": 5}"	149.1796875	146.10546875	151.9921875	1.98828125	1.37890625	149.1796875	146.10546875	151.9921875	1.98828125	1.37890625
stream-v4-final-pure-dl	zfa	02ff37982fdae5be5cba8c0e67403f6fd22d360abb6c6d2943c8ae0aa6bddae8	module	100	km-common	5	5	0	5	True	"{""ok"": 5}"	147.64453125	145.65234375	148.33203125	2.04296875	0.6875	147.64453125	145.65234375	148.33203125	2.04296875	0.6875
stream-v4-final-pure-dl	zfa	0320ee9a59793802c01888f99cfbb53405b3ecdbbbe0e8d70d24c0071e3817cd	full	1	km-common	5	5	0	0	False	"{""timeout"": 5}"	788.81640625	785.20703125	1345.8515625	4.203125	2.21484375					
stream-v4-final-pure-dl	zfa	0320ee9a59793802c01888f99cfbb53405b3ecdbbbe0e8d70d24c0071e3817cd	full	10	km-common	5	5	0	0	False	"{""timeout"": 5}"	795.33203125	779.0625	1356.8203125	21.0859375	13.85546875					
stream-v4-final-pure-dl	zfa	0320ee9a59793802c01888f99cfbb53405b3ecdbbbe0e8d70d24c0071e3817cd	full	100	km-common	5	5	0	0	False	"{""timeout"": 5}"	788.54296875	775.89453125	796.69140625	4.70703125	4.12890625					
stream-v4-final-pure-dl	zfa	0320ee9a59793802c01888f99cfbb53405b3ecdbbbe0e8d70d24c0071e3817cd	module	1	km-common	5	5	0	5	True	"{""ok"": 5}"	437.86328125	423.4453125	444.78125	4.1171875	3.90625	437.86328125	423.4453125	444.78125	4.1171875	3.90625
stream-v4-final-pure-dl	zfa	0320ee9a59793802c01888f99cfbb53405b3ecdbbbe0e8d70d24c0071e3817cd	module	10	km-common	5	5	0	5	True	"{""ok"": 5}"	1416.25	1368.125	1438.171875	33.828125	21.921875	1416.25	1368.125	1438.171875	33.828125	21.921875
stream-v4-final-pure-dl	zfa	0320ee9a59793802c01888f99cfbb53405b3ecdbbbe0e8d70d24c0071e3817cd	module	100	km-common	5	5	0	5	True	"{""ok"": 5}"	1366.1328125	1354.9453125	1388.515625	11.34375	9.578125	1366.1328125	1354.9453125	1388.515625	11.34375	9.578125
stream-v4-konclude-original	hao	003ad1bd34938fda85d9b95fc09721c47b623f2e4a5d7af103d10976f9842613	full	1	konclude-common	5	5	0	0	False	"{""timeout"": 5}"	852.33203125	810.9296875	885.4765625	40.06640625	33.14453125					
stream-v4-konclude-original	hao	003ad1bd34938fda85d9b95fc09721c47b623f2e4a5d7af103d10976f9842613	full	10	konclude-common	5	5	0	0	False	"{""error"": 1, ""timeout"": 4}"	815.40234375	810.48046875	1426.3671875	13.5390625	4.921875					
stream-v4-konclude-original	hao	003ad1bd34938fda85d9b95fc09721c47b623f2e4a5d7af103d10976f9842613	full	100	konclude-common	5	5	0	0	False	"{""timeout"": 5}"	808.40234375	799.48046875	838.0859375	13.13671875	8.875					
stream-v4-konclude-original	hao	003ad1bd34938fda85d9b95fc09721c47b623f2e4a5d7af103d10976f9842613	module	1	konclude-common	5	5	0	0	False	"{""timeout"": 5}"	782.3828125	777.078125	1391.4296875	584.34375	5.3046875					
stream-v4-konclude-original	hao	003ad1bd34938fda85d9b95fc09721c47b623f2e4a5d7af103d10976f9842613	module	10	konclude-common	5	5	0	0	False	"{""error"": 1, ""timeout"": 4}"	776.97265625	776.08984375	787.03515625	0.6953125	0.375					
stream-v4-konclude-original	hao	003ad1bd34938fda85d9b95fc09721c47b623f2e4a5d7af103d10976f9842613	module	100	konclude-common	5	5	0	0	False	"{""timeout"": 5}"	787.26171875	770.67578125	1353.5	519.71875	16.5859375					
stream-v4-konclude-original	hao	0076a8acf1884be0a4ef93c9fa67f065ea088e42db357fbb192d45250fa0ee3f	full	1	konclude-common	5	5	0	0	False	"{""timeout"": 5}"	809.28515625	804.87890625	1426.390625	581.44921875	4.40625					
stream-v4-konclude-original	hao	0076a8acf1884be0a4ef93c9fa67f065ea088e42db357fbb192d45250fa0ee3f	full	10	konclude-common	5	5	0	0	False	"{""timeout"": 5}"	831.640625	803.12109375	1292.484375	13.38671875	11.5390625					
stream-v4-konclude-original	hao	0076a8acf1884be0a4ef93c9fa67f065ea088e42db357fbb192d45250fa0ee3f	full	100	konclude-common	5	5	0	0	False	"{""timeout"": 5}"	802.859375	796.05078125	816.10546875	11.34765625	6.80859375					
stream-v4-konclude-original	hao	0076a8acf1884be0a4ef93c9fa67f065ea088e42db357fbb192d45250fa0ee3f	module	1	konclude-common	5	5	0	0	False	"{""timeout"": 5}"	1368.5390625	776.87109375	1409.265625	586.5703125	40.7265625					
stream-v4-konclude-original	hao	0076a8acf1884be0a4ef93c9fa67f065ea088e42db357fbb192d45250fa0ee3f	module	10	konclude-common	5	5	0	0	False	"{""timeout"": 5}"	1387.2265625	773.4375	1395.1015625	53.53125	7.875					
stream-v4-konclude-original	hao	0076a8acf1884be0a4ef93c9fa67f065ea088e42db357fbb192d45250fa0ee3f	module	100	konclude-common	5	5	0	0	False	"{""error"": 1, ""timeout"": 4}"	779.53125	771.79296875	1374.3046875	570.42578125	7.73828125					
stream-v4-konclude-original	hao	014e8b22590d3801ece16abe4840c0fe128dbcf5c23033aab23ef40036457845	full	1	konclude-common	5	5	0	0	False	"{""timeout"": 5}"	808.73828125	801.5234375	822.875	4.140625	3.5625					
stream-v4-konclude-original	hao	014e8b22590d3801ece16abe4840c0fe128dbcf5c23033aab23ef40036457845	full	10	konclude-common	5	5	0	0	False	"{""error"": 1, ""timeout"": 4}"	825.08203125	781.5859375	832.515625	23.58203125	7.43359375					
stream-v4-konclude-original	hao	014e8b22590d3801ece16abe4840c0fe128dbcf5c23033aab23ef40036457845	full	100	konclude-common	5	5	0	0	False	"{""timeout"": 5}"	838.8203125	808.97265625	1419.3203125	26.5234375	21.828125					
stream-v4-konclude-original	hao	014e8b22590d3801ece16abe4840c0fe128dbcf5c23033aab23ef40036457845	module	1	konclude-common	5	5	0	0	False	"{""timeout"": 5}"	775.609375	770.84765625	786.57421875	12.859375	4.76171875					
stream-v4-konclude-original	hao	014e8b22590d3801ece16abe4840c0fe128dbcf5c23033aab23ef40036457845	module	10	konclude-common	5	5	0	0	False	"{""timeout"": 5}"	780.296875	768.515625	784.69140625	4.25	3.453125					
stream-v4-konclude-original	hao	014e8b22590d3801ece16abe4840c0fe128dbcf5c23033aab23ef40036457845	module	100	konclude-common	5	5	0	0	False	"{""error"": 1, ""timeout"": 4}"	785.1796875	772.26171875	1389.6875	487.64453125	12.91796875					
stream-v4-konclude-original	hao	0152c9e454adc5b9d9406d2328dfae445b7cef87f16c4144841b5b289529918e	full	1	konclude-common	5	5	0	0	False	"{""timeout"": 5}"	809.1953125	804.50390625	1348.296875	24.05859375	4.69140625					
stream-v4-konclude-original	hao	0152c9e454adc5b9d9406d2328dfae445b7cef87f16c4144841b5b289529918e	full	10	konclude-common	5	5	0	0	False	"{""timeout"": 5}"	815.81640625	807.30078125	1409.78125	594.1953125	8.515625					
stream-v4-konclude-original	hao	0152c9e454adc5b9d9406d2328dfae445b7cef87f16c4144841b5b289529918e	full	100	konclude-common	5	5	0	0	False	"{""timeout"": 5}"	1423.1328125	830.0390625	1432.5078125	21.421875	9.375					
stream-v4-konclude-original	hao	0152c9e454adc5b9d9406d2328dfae445b7cef87f16c4144841b5b289529918e	module	1	konclude-common	5	5	0	0	False	"{""error"": 1, ""timeout"": 4}"	777.84375	762.703125	1383.3125	597.30078125	15.140625					
stream-v4-konclude-original	hao	0152c9e454adc5b9d9406d2328dfae445b7cef87f16c4144841b5b289529918e	module	10	konclude-common	5	5	0	0	False	"{""timeout"": 5}"	770.2109375	767.6484375	1150.78125	8.56640625	2.5625					
stream-v4-konclude-original	hao	0152c9e454adc5b9d9406d2328dfae445b7cef87f16c4144841b5b289529918e	module	100	konclude-common	5	5	0	0	False	"{""error"": 2, ""timeout"": 3}"	780.09375	771.15625	784.9140625	9.76171875	4.8203125					
stream-v4-konclude-original	hao	016278aed839744e3fe6c6cb1b96f29bd1419df3553b29e88874dd968da98306	full	1	konclude-common	5	5	0	0	False	"{""timeout"": 5}"	800.6015625	792.984375	1282.8671875	13.62890625	7.6171875					
stream-v4-konclude-original	hao	016278aed839744e3fe6c6cb1b96f29bd1419df3553b29e88874dd968da98306	full	10	konclude-common	5	5	0	0	False	"{""timeout"": 5}"	825.5546875	797.73046875	1418.1328125	27.32421875	26.984375					
stream-v4-konclude-original	hao	016278aed839744e3fe6c6cb1b96f29bd1419df3553b29e88874dd968da98306	full	100	konclude-common	5	5	0	0	False	"{""timeout"": 5}"	803.79296875	798.3125	1407.765625	7.15234375	5.48046875					
stream-v4-konclude-original	hao	016278aed839744e3fe6c6cb1b96f29bd1419df3553b29e88874dd968da98306	module	1	konclude-common	5	5	0	0	False	"{""error"": 1, ""timeout"": 4}"	774.67578125	768.47265625	1388.9140625	605.015625	6.203125					
stream-v4-konclude-original	hao	016278aed839744e3fe6c6cb1b96f29bd1419df3553b29e88874dd968da98306	module	10	konclude-common	5	5	0	0	False	"{""error"": 1, ""timeout"": 4}"	1268.953125	767.99609375	1364.5390625	493.9765625	95.5859375					
stream-v4-konclude-original	hao	016278aed839744e3fe6c6cb1b96f29bd1419df3553b29e88874dd968da98306	module	100	konclude-common	5	5	0	0	False	"{""timeout"": 5}"	773.5390625	766.4375	1363.9296875	2.5234375	1.29296875					
stream-v4-konclude-original	mfomd	00ad80c85b69b651d45363a55219c1f0ea4d84c6271b5d95a42432590564908c	full	1	konclude-common	5	5	0	5	True	"{""ok"": 5}"	751.19921875	726.3046875	1385.375	634.94921875	24.89453125	751.19921875	726.3046875	1385.375	634.94921875	24.89453125
stream-v4-konclude-original	mfomd	00ad80c85b69b651d45363a55219c1f0ea4d84c6271b5d95a42432590564908c	full	10	konclude-common	5	5	0	5	True	"{""ok"": 5}"	753.58984375	732.5546875	1373.9140625	619.81640625	21.03515625	753.58984375	732.5546875	1373.9140625	619.81640625	21.03515625
stream-v4-konclude-original	mfomd	00ad80c85b69b651d45363a55219c1f0ea4d84c6271b5d95a42432590564908c	full	100	konclude-common	5	5	0	4	False	"{""error"": 1, ""ok"": 4}"	743.390625	730.14453125	1368.4375	74.984375	13.24609375	774.7578125	730.14453125	1368.4375	206.6240234375	37.990234375
stream-v4-konclude-original	mfomd	00ad80c85b69b651d45363a55219c1f0ea4d84c6271b5d95a42432590564908c	module	1	konclude-common	5	5	0	5	True	"{""ok"": 5}"	189.9921875	181.9140625	195.52734375	7.15625	4.71484375	189.9921875	181.9140625	195.52734375	7.15625	4.71484375
stream-v4-konclude-original	mfomd	00ad80c85b69b651d45363a55219c1f0ea4d84c6271b5d95a42432590564908c	module	10	konclude-common	5	5	0	5	True	"{""ok"": 5}"	190.86328125	183.3359375	205.60546875	20.24609375	7.52734375	190.86328125	183.3359375	205.60546875	20.24609375	7.52734375
stream-v4-konclude-original	mfomd	00ad80c85b69b651d45363a55219c1f0ea4d84c6271b5d95a42432590564908c	module	100	konclude-common	5	5	0	5	True	"{""ok"": 5}"	193.1328125	183.51171875	202.4921875	11.85546875	8.58984375	193.1328125	183.51171875	202.4921875	11.85546875	8.58984375
stream-v4-konclude-original	mfomd	00e4133025107a0f3faa3263e3c0b1555d8ca407f37c6b431114ae8e4ae0ca18	full	1	konclude-common	5	5	0	5	True	"{""ok"": 5}"	729.33203125	725.0078125	767.6484375	2.46484375	1.72265625	729.33203125	725.0078125	767.6484375	2.46484375	1.72265625
stream-v4-konclude-original	mfomd	00e4133025107a0f3faa3263e3c0b1555d8ca407f37c6b431114ae8e4ae0ca18	full	10	konclude-common	5	5	0	3	False	"{""error"": 2, ""ok"": 3}"	731.546875	700.29296875	1399.921875	6.375	4.78125	731.546875	729.953125	1399.921875	334.984375	1.59375
stream-v4-konclude-original	mfomd	00e4133025107a0f3faa3263e3c0b1555d8ca407f37c6b431114ae8e4ae0ca18	full	100	konclude-common	5	5	0	4	False	"{""error"": 1, ""ok"": 4}"	744.66796875	734.640625	747.9609375	8.3984375	3.29296875	746.177734375	734.640625	747.9609375	5.5947265625	1.646484375
stream-v4-konclude-original	mfomd	00e4133025107a0f3faa3263e3c0b1555d8ca407f37c6b431114ae8e4ae0ca18	module	1	konclude-common	5	5	0	5	True	"{""ok"": 5}"	177.6484375	176.828125	202.65234375	7.53515625	0.8203125	177.6484375	176.828125	202.65234375	7.53515625	0.8203125
stream-v4-konclude-original	mfomd	00e4133025107a0f3faa3263e3c0b1555d8ca407f37c6b431114ae8e4ae0ca18	module	10	konclude-common	5	5	0	5	True	"{""ok"": 5}"	180.3984375	178.76953125	202.17578125	6.32421875	1.62890625	180.3984375	178.76953125	202.17578125	6.32421875	1.62890625
stream-v4-konclude-original	mfomd	00e4133025107a0f3faa3263e3c0b1555d8ca407f37c6b431114ae8e4ae0ca18	module	100	konclude-common	5	5	0	5	True	"{""ok"": 5}"	181.171875	164.97265625	191.5625	6.515625	4.23828125	181.171875	164.97265625	191.5625	6.515625	4.23828125
stream-v4-konclude-original	mfomd	0113b14df2575cdf9fe75dc67dfa5467eca99e7e4007cf129f75de0cbc3c97a3	full	1	konclude-common	5	5	0	3	False	"{""error"": 1, ""ok"": 3, ""timeout"": 1}"	746.57421875	673.3515625	1370.2734375	630.54296875	73.22265625	1367.5546875	737.01171875	1370.2734375	316.630859375	2.71875
stream-v4-konclude-original	mfomd	0113b14df2575cdf9fe75dc67dfa5467eca99e7e4007cf129f75de0cbc3c97a3	full	10	konclude-common	5	5	0	5	True	"{""ok"": 5}"	1326.875	721.96484375	1390.3125	619.24609375	63.4375	1326.875	721.96484375	1390.3125	619.24609375	63.4375
stream-v4-konclude-original	mfomd	0113b14df2575cdf9fe75dc67dfa5467eca99e7e4007cf129f75de0cbc3c97a3	full	100	konclude-common	5	5	0	5	True	"{""ok"": 5}"	1220.6328125	731.09375	1389.8125	629.296875	169.1796875	1220.6328125	731.09375	1389.8125	629.296875	169.1796875
stream-v4-konclude-original	mfomd	0113b14df2575cdf9fe75dc67dfa5467eca99e7e4007cf129f75de0cbc3c97a3	module	1	konclude-common	5	5	0	5	True	"{""ok"": 5}"	193.4375	187.4375	308.0	3.22265625	2.515625	193.4375	187.4375	308.0	3.22265625	2.515625
stream-v4-konclude-original	mfomd	0113b14df2575cdf9fe75dc67dfa5467eca99e7e4007cf129f75de0cbc3c97a3	module	10	konclude-common	5	5	0	5	True	"{""ok"": 5}"	212.484375	190.49609375	313.8125	18.5546875	15.67578125	212.484375	190.49609375	313.8125	18.5546875	15.67578125
stream-v4-konclude-original	mfomd	0113b14df2575cdf9fe75dc67dfa5467eca99e7e4007cf129f75de0cbc3c97a3	module	100	konclude-common	5	5	0	5	True	"{""ok"": 5}"	212.8984375	186.66015625	305.8515625	6.23046875	4.63671875	212.8984375	186.66015625	305.8515625	6.23046875	4.63671875
stream-v4-konclude-original	mfomd	011c33d46e6b36a07fdc5d6777783747d0a5345f05c6752035f6e9b592b78762	full	1	konclude-common	5	5	0	4	False	"{""error"": 1, ""ok"": 4}"	745.12890625	742.0234375	1366.8515625	21.265625	3.10546875	744.212890625	742.0234375	1366.8515625	157.5810546875	1.552734375
stream-v4-konclude-original	mfomd	011c33d46e6b36a07fdc5d6777783747d0a5345f05c6752035f6e9b592b78762	full	10	konclude-common	5	5	0	5	True	"{""ok"": 5}"	746.98046875	729.515625	1361.453125	596.921875	17.46484375	746.98046875	729.515625	1361.453125	596.921875	17.46484375
stream-v4-konclude-original	mfomd	011c33d46e6b36a07fdc5d6777783747d0a5345f05c6752035f6e9b592b78762	full	100	konclude-common	5	5	0	5	True	"{""ok"": 5}"	1338.359375	744.8359375	1372.3125	564.578125	33.953125	1338.359375	744.8359375	1372.3125	564.578125	33.953125
stream-v4-konclude-original	mfomd	011c33d46e6b36a07fdc5d6777783747d0a5345f05c6752035f6e9b592b78762	module	1	konclude-common	5	5	0	5	True	"{""ok"": 5}"	190.7890625	174.69921875	194.3515625	5.38671875	2.74609375	190.7890625	174.69921875	194.3515625	5.38671875	2.74609375
stream-v4-konclude-original	mfomd	011c33d46e6b36a07fdc5d6777783747d0a5345f05c6752035f6e9b592b78762	module	10	konclude-common	5	5	0	5	True	"{""ok"": 5}"	194.19140625	180.47265625	200.1328125	4.89453125	4.3046875	194.19140625	180.47265625	200.1328125	4.89453125	4.3046875
stream-v4-konclude-original	mfomd	011c33d46e6b36a07fdc5d6777783747d0a5345f05c6752035f6e9b592b78762	module	100	konclude-common	5	5	0	5	True	"{""ok"": 5}"	190.80859375	177.96484375	199.125	11.94140625	7.97265625	190.80859375	177.96484375	199.125	11.94140625	7.97265625
stream-v4-konclude-original	mfomd	0139834153c76ce6cdc48b17beb2aa6d7966542ce7becdcbea86123a4e3045cd	full	1	konclude-common	5	5	0	5	True	"{""ok"": 5}"	1250.75	736.31640625	1346.8125	603.296875	96.0625	1250.75	736.31640625	1346.8125	603.296875	96.0625
stream-v4-konclude-original	mfomd	0139834153c76ce6cdc48b17beb2aa6d7966542ce7becdcbea86123a4e3045cd	full	10	konclude-common	5	5	0	3	False	"{""error"": 2, ""ok"": 3}"	736.44140625	728.17578125	1354.3359375	12.12890625	7.9140625	736.44140625	728.17578125	740.65625	6.240234375	4.21484375
stream-v4-konclude-original	mfomd	0139834153c76ce6cdc48b17beb2aa6d7966542ce7becdcbea86123a4e3045cd	full	100	konclude-common	5	5	0	4	False	"{""error"": 1, ""ok"": 4}"	1345.765625	728.140625	1388.1484375	641.46484375	42.3828125	1361.796875	736.36328125	1388.1484375	186.9931640625	21.19140625
stream-v4-konclude-original	mfomd	0139834153c76ce6cdc48b17beb2aa6d7966542ce7becdcbea86123a4e3045cd	module	1	konclude-common	5	5	0	5	True	"{""ok"": 5}"	223.484375	206.328125	368.5546875	17.15234375	16.74609375	223.484375	206.328125	368.5546875	17.15234375	16.74609375
stream-v4-konclude-original	mfomd	0139834153c76ce6cdc48b17beb2aa6d7966542ce7becdcbea86123a4e3045cd	module	10	konclude-common	5	5	0	5	True	"{""ok"": 5}"	225.4375	220.0703125	385.7578125	10.1328125	5.3671875	225.4375	220.0703125	385.7578125	10.1328125	5.3671875
stream-v4-konclude-original	mfomd	0139834153c76ce6cdc48b17beb2aa6d7966542ce7becdcbea86123a4e3045cd	module	100	konclude-common	5	5	0	5	True	"{""ok"": 5}"	225.81640625	217.02734375	232.3203125	13.66796875	6.50390625	225.81640625	217.02734375	232.3203125	13.66796875	6.50390625
stream-v4-konclude-original	mmo	000d25e56e57c9f985e8c2793f62b2510b08e924bd56fa5873a500e4c2922dc9	full	1	konclude-common	5	5	0	5	True	"{""ok"": 5}"	1323.296875	728.83203125	1356.0859375	601.12109375	32.7890625	1323.296875	728.83203125	1356.0859375	601.12109375	32.7890625
stream-v4-konclude-original	mmo	000d25e56e57c9f985e8c2793f62b2510b08e924bd56fa5873a500e4c2922dc9	full	10	konclude-common	5	5	0	4	False	"{""error"": 1, ""ok"": 4}"	732.57421875	722.453125	1350.5859375	14.296875	8.0234375	728.5625	722.453125	1350.5859375	163.05078125	5.060546875
stream-v4-konclude-original	mmo	000d25e56e57c9f985e8c2793f62b2510b08e924bd56fa5873a500e4c2922dc9	full	100	konclude-common	5	5	0	4	False	"{""error"": 1, ""ok"": 4}"	728.109375	721.65234375	1346.0625	597.0859375	6.45703125	727.015625	721.65234375	1346.0625	157.7431640625	3.228515625
stream-v4-konclude-original	mmo	000d25e56e57c9f985e8c2793f62b2510b08e924bd56fa5873a500e4c2922dc9	module	1	konclude-common	5	5	0	5	True	"{""ok"": 5}"	135.55078125	126.875	152.13671875	4.9453125	3.84375	135.55078125	126.875	152.13671875	4.9453125	3.84375
stream-v4-konclude-original	mmo	000d25e56e57c9f985e8c2793f62b2510b08e924bd56fa5873a500e4c2922dc9	module	10	konclude-common	5	5	0	5	True	"{""ok"": 5}"	143.5703125	127.8125	154.984375	8.359375	6.2890625	143.5703125	127.8125	154.984375	8.359375	6.2890625
stream-v4-konclude-original	mmo	000d25e56e57c9f985e8c2793f62b2510b08e924bd56fa5873a500e4c2922dc9	module	100	konclude-common	5	5	0	5	True	"{""ok"": 5}"	142.8125	137.3828125	147.4140625	6.89453125	4.6015625	142.8125	137.3828125	147.4140625	6.89453125	4.6015625
stream-v4-konclude-original	mmo	00351a393a5557c13431e428f085b979cb2597d9fb026ce248e4040897125b07	full	1	konclude-common	5	5	0	4	False	"{""error"": 1, ""ok"": 4}"	743.01953125	733.65625	1349.296875	9.515625	7.83984375	739.099609375	733.65625	744.6953125	8.6396484375	4.681640625
stream-v4-konclude-original	mmo	00351a393a5557c13431e428f085b979cb2597d9fb026ce248e4040897125b07	full	10	konclude-common	5	5	0	5	True	"{""ok"": 5}"	733.05078125	729.94921875	1371.5	622.4140625	3.1015625	733.05078125	729.94921875	1371.5	622.4140625	3.1015625
stream-v4-konclude-original	mmo	00351a393a5557c13431e428f085b979cb2597d9fb026ce248e4040897125b07	full	100	konclude-common	5	5	0	5	True	"{""ok"": 5}"	1375.9921875	745.1015625	1380.625	8.609375	4.6328125	1375.9921875	745.1015625	1380.625	8.609375	4.6328125
stream-v4-konclude-original	mmo	00351a393a5557c13431e428f085b979cb2597d9fb026ce248e4040897125b07	module	1	konclude-common	5	5	0	5	True	"{""ok"": 5}"	152.1640625	136.25	159.41796875	20.15234375	7.25390625	152.1640625	136.25	159.41796875	20.15234375	7.25390625
stream-v4-konclude-original	mmo	00351a393a5557c13431e428f085b979cb2597d9fb026ce248e4040897125b07	module	10	konclude-common	5	5	0	5	True	"{""ok"": 5}"	142.8125	138.7109375	158.8125	15.01171875	4.1015625	142.8125	138.7109375	158.8125	15.01171875	4.1015625
stream-v4-konclude-original	mmo	00351a393a5557c13431e428f085b979cb2597d9fb026ce248e4040897125b07	module	100	konclude-common	5	5	0	5	True	"{""ok"": 5}"	139.359375	139.046875	161.6015625	16.5703125	0.3125	139.359375	139.046875	161.6015625	16.5703125	0.3125
stream-v4-konclude-original	mmo	0067ad17fb33839d74961c073ea1235adbb4d0556c62769e75c4f311ce5cbe28	full	1	konclude-common	5	5	0	4	False	"{""error"": 1, ""ok"": 4}"	734.50390625	727.703125	1330.6953125	531.4140625	6.80078125	731.755859375	727.703125	1330.6953125	154.8701171875	3.400390625
stream-v4-konclude-original	mmo	0067ad17fb33839d74961c073ea1235adbb4d0556c62769e75c4f311ce5cbe28	full	10	konclude-common	5	5	0	4	False	"{""error"": 1, ""ok"": 4}"	734.60546875	722.68359375	1341.765625	1.2890625	0.7421875	734.9765625	734.05859375	1341.765625	152.4833984375	0.64453125
stream-v4-konclude-original	mmo	0067ad17fb33839d74961c073ea1235adbb4d0556c62769e75c4f311ce5cbe28	full	100	konclude-common	5	5	0	4	False	"{""error"": 1, ""ok"": 4}"	734.29296875	731.12890625	1344.65625	611.64453125	3.1640625	1039.271484375	732.60546875	1344.65625	610.48046875	305.181640625
stream-v4-konclude-original	mmo	0067ad17fb33839d74961c073ea1235adbb4d0556c62769e75c4f311ce5cbe28	module	1	konclude-common	5	5	0	5	True	"{""ok"": 5}"	140.5078125	139.015625	165.703125	16.359375	1.4921875	140.5078125	139.015625	165.703125	16.359375	1.4921875
stream-v4-konclude-original	mmo	0067ad17fb33839d74961c073ea1235adbb4d0556c62769e75c4f311ce5cbe28	module	10	konclude-common	5	5	0	5	True	"{""ok"": 5}"	157.70703125	141.55859375	163.87890625	19.3828125	6.171875	157.70703125	141.55859375	163.87890625	19.3828125	6.171875
stream-v4-konclude-original	mmo	0067ad17fb33839d74961c073ea1235adbb4d0556c62769e75c4f311ce5cbe28	module	100	konclude-common	5	5	0	5	True	"{""ok"": 5}"	152.54296875	141.72265625	168.625	13.0859375	9.34375	152.54296875	141.72265625	168.625	13.0859375	9.34375
stream-v4-konclude-original	mmo	0254b02677aa3aa8565ce91fa89f2e03b1a07bca78e614a135515a36a1fb7c82	full	1	konclude-common	5	5	0	5	True	"{""ok"": 5}"	1344.0234375	731.5234375	1365.078125	28.03125	21.0546875	1344.0234375	731.5234375	1365.078125	28.03125	21.0546875
stream-v4-konclude-original	mmo	0254b02677aa3aa8565ce91fa89f2e03b1a07bca78e614a135515a36a1fb7c82	full	10	konclude-common	5	5	0	4	False	"{""error"": 1, ""ok"": 4}"	736.4609375	732.58203125	1336.8046875	0.0390625	0.02734375	736.46875	732.58203125	1336.8046875	151.0849609375	1.953125
stream-v4-konclude-original	mmo	0254b02677aa3aa8565ce91fa89f2e03b1a07bca78e614a135515a36a1fb7c82	full	100	konclude-common	5	5	0	5	True	"{""ok"": 5}"	1351.4609375	747.1953125	1369.03125	32.2109375	17.5703125	1351.4609375	747.1953125	1369.03125	32.2109375	17.5703125
stream-v4-konclude-original	mmo	0254b02677aa3aa8565ce91fa89f2e03b1a07bca78e614a135515a36a1fb7c82	module	1	konclude-common	5	5	0	5	True	"{""ok"": 5}"	140.171875	138.95703125	164.796875	17.09375	1.21484375	140.171875	138.95703125	164.796875	17.09375	1.21484375
stream-v4-konclude-original	mmo	0254b02677aa3aa8565ce91fa89f2e03b1a07bca78e614a135515a36a1fb7c82	module	10	konclude-common	5	5	0	5	True	"{""ok"": 5}"	138.7265625	134.81640625	151.8046875	14.79296875	3.91015625	138.7265625	134.81640625	151.8046875	14.79296875	3.91015625
stream-v4-konclude-original	mmo	0254b02677aa3aa8565ce91fa89f2e03b1a07bca78e614a135515a36a1fb7c82	module	100	konclude-common	5	5	0	5	True	"{""ok"": 5}"	150.6953125	133.1015625	156.65234375	18.01953125	5.95703125	150.6953125	133.1015625	156.65234375	18.01953125	5.95703125
stream-v4-konclude-original	mmo	03507fc4ddc5d501eae1d2d9e7e54466bd72ec09e7450870beaa0552a98a90fb	full	1	konclude-common	5	5	0	5	True	"{""ok"": 5}"	737.64453125	731.95703125	1364.359375	4.3125	2.671875	737.64453125	731.95703125	1364.359375	4.3125	2.671875
stream-v4-konclude-original	mmo	03507fc4ddc5d501eae1d2d9e7e54466bd72ec09e7450870beaa0552a98a90fb	full	10	konclude-common	5	5	0	5	True	"{""ok"": 5}"	1357.2890625	751.72265625	1382.4140625	8.8828125	4.640625	1357.2890625	751.72265625	1382.4140625	8.8828125	4.640625
stream-v4-konclude-original	mmo	03507fc4ddc5d501eae1d2d9e7e54466bd72ec09e7450870beaa0552a98a90fb	full	100	konclude-common	5	5	0	4	False	"{""error"": 1, ""ok"": 4}"	742.984375	730.58203125	1351.9765625	608.6796875	12.40234375	1046.6796875	730.58203125	1351.9765625	610.8916015625	304.49609375
stream-v4-konclude-original	mmo	03507fc4ddc5d501eae1d2d9e7e54466bd72ec09e7450870beaa0552a98a90fb	module	1	konclude-common	5	5	0	5	True	"{""ok"": 5}"	152.78125	138.828125	161.94921875	16.40625	9.16796875	152.78125	138.828125	161.94921875	16.40625	9.16796875
stream-v4-konclude-original	mmo	03507fc4ddc5d501eae1d2d9e7e54466bd72ec09e7450870beaa0552a98a90fb	module	10	konclude-common	5	5	0	5	True	"{""ok"": 5}"	140.48046875	137.72265625	160.66015625	15.08203125	2.7578125	140.48046875	137.72265625	160.66015625	15.08203125	2.7578125
stream-v4-konclude-original	mmo	03507fc4ddc5d501eae1d2d9e7e54466bd72ec09e7450870beaa0552a98a90fb	module	100	konclude-common	5	5	0	5	True	"{""ok"": 5}"	159.109375	137.8046875	162.5546875	23.39453125	3.4453125	159.109375	137.8046875	162.5546875	23.39453125	3.4453125
stream-v4-konclude-original	vto	0032c408ae08b8c078fbcecfc06533a0143ce424dbca34635c52989881ac74a5	full	1	konclude-common	5	5	0	0	False	"{""timeout"": 5}"	3764.3359375	3755.05859375	3891.8203125	10.34375	9.27734375					
stream-v4-konclude-original	vto	0032c408ae08b8c078fbcecfc06533a0143ce424dbca34635c52989881ac74a5	full	10	konclude-common	5	5	0	0	False	"{""timeout"": 5}"	3762.47265625	3754.26171875	3777.30078125	6.12890625	5.9453125					
stream-v4-konclude-original	vto	0032c408ae08b8c078fbcecfc06533a0143ce424dbca34635c52989881ac74a5	full	100	konclude-common	5	5	0	0	False	"{""timeout"": 5}"	3812.6171875	3771.72265625	4126.0078125	69.828125	39.69140625					
stream-v4-konclude-original	vto	0032c408ae08b8c078fbcecfc06533a0143ce424dbca34635c52989881ac74a5	module	1	konclude-common	5	5	0	5	True	"{""ok"": 5}"	141.25	138.08203125	158.859375	5.03125	2.7734375	141.25	138.08203125	158.859375	5.03125	2.7734375
stream-v4-konclude-original	vto	0032c408ae08b8c078fbcecfc06533a0143ce424dbca34635c52989881ac74a5	module	10	konclude-common	5	5	0	5	True	"{""ok"": 5}"	138.98046875	126.875	157.36328125	11.8203125	10.875	138.98046875	126.875	157.36328125	11.8203125	10.875
stream-v4-konclude-original	vto	0032c408ae08b8c078fbcecfc06533a0143ce424dbca34635c52989881ac74a5	module	100	konclude-common	5	5	0	5	True	"{""ok"": 5}"	138.8984375	135.625	160.22265625	16.81640625	3.2734375	138.8984375	135.625	160.22265625	16.81640625	3.2734375
stream-v4-konclude-original	vto	0055b4a115d54c76907aa934dabb293d0f752301108124f82cf0f0a941699dd9	full	1	konclude-common	5	5	0	0	False	"{""timeout"": 5}"	3850.6015625	3812.3984375	3896.04296875	39.8984375	23.71484375					
stream-v4-konclude-original	vto	0055b4a115d54c76907aa934dabb293d0f752301108124f82cf0f0a941699dd9	full	10	konclude-common	5	5	0	0	False	"{""timeout"": 5}"	3834.953125	3765.45703125	3887.8046875	85.41015625	52.8515625					
stream-v4-konclude-original	vto	0055b4a115d54c76907aa934dabb293d0f752301108124f82cf0f0a941699dd9	full	100	konclude-common	5	5	0	0	False	"{""timeout"": 5}"	3874.79296875	3839.0	3881.84375	32.75	7.05078125					
stream-v4-konclude-original	vto	0055b4a115d54c76907aa934dabb293d0f752301108124f82cf0f0a941699dd9	module	1	konclude-common	5	5	0	5	True	"{""ok"": 5}"	154.375	137.6484375	156.27734375	15.54296875	1.90234375	154.375	137.6484375	156.27734375	15.54296875	1.90234375
stream-v4-konclude-original	vto	0055b4a115d54c76907aa934dabb293d0f752301108124f82cf0f0a941699dd9	module	10	konclude-common	5	5	0	5	True	"{""ok"": 5}"	165.38671875	155.36328125	167.1875	5.51953125	1.80078125	165.38671875	155.36328125	167.1875	5.51953125	1.80078125
stream-v4-konclude-original	vto	0055b4a115d54c76907aa934dabb293d0f752301108124f82cf0f0a941699dd9	module	100	konclude-common	5	5	0	5	True	"{""ok"": 5}"	164.796875	158.75390625	282.78125	4.6875	2.390625	164.796875	158.75390625	282.78125	4.6875	2.390625
stream-v4-konclude-original	vto	006ec55049838656b87aba916ad4497431dad7e42c05f1784953732abed8715f	full	1	konclude-common	5	5	0	0	False	"{""timeout"": 5}"	3768.62890625	3761.3359375	3779.71484375	3.77734375	2.6796875					
stream-v4-konclude-original	vto	006ec55049838656b87aba916ad4497431dad7e42c05f1784953732abed8715f	full	10	konclude-common	5	5	0	0	False	"{""timeout"": 5}"	3763.9765625	3757.73828125	3774.53515625	7.86328125	3.94921875					
stream-v4-konclude-original	vto	006ec55049838656b87aba916ad4497431dad7e42c05f1784953732abed8715f	full	100	konclude-common	5	5	0	0	False	"{""timeout"": 5}"	3765.2578125	3759.1484375	3767.0	1.6640625	1.62890625					
stream-v4-konclude-original	vto	006ec55049838656b87aba916ad4497431dad7e42c05f1784953732abed8715f	module	1	konclude-common	5	5	0	5	True	"{""ok"": 5}"	166.3671875	158.078125	178.0859375	11.25	8.2890625	166.3671875	158.078125	178.0859375	11.25	8.2890625
stream-v4-konclude-original	vto	006ec55049838656b87aba916ad4497431dad7e42c05f1784953732abed8715f	module	10	konclude-common	5	5	0	5	True	"{""ok"": 5}"	192.77734375	175.515625	218.3125	10.64453125	8.36328125	192.77734375	175.515625	218.3125	10.64453125	8.36328125
stream-v4-konclude-original	vto	006ec55049838656b87aba916ad4497431dad7e42c05f1784953732abed8715f	module	100	konclude-common	5	5	0	5	True	"{""ok"": 5}"	203.13671875	193.14453125	211.11328125	7.0	4.59375	203.13671875	193.14453125	211.11328125	7.0	4.59375
stream-v4-konclude-original	vto	007d74d3ed2fd57987aa4c6fd70848bea9173e3eb4140f81df7143293b5fd163	full	1	konclude-common	5	5	0	0	False	"{""timeout"": 5}"	3773.0859375	3758.04296875	3871.81640625	22.2421875	11.38671875					
stream-v4-konclude-original	vto	007d74d3ed2fd57987aa4c6fd70848bea9173e3eb4140f81df7143293b5fd163	full	10	konclude-common	5	5	0	0	False	"{""timeout"": 5}"	3771.78515625	3764.28515625	3816.453125	7.42578125	5.78125					
stream-v4-konclude-original	vto	007d74d3ed2fd57987aa4c6fd70848bea9173e3eb4140f81df7143293b5fd163	full	100	konclude-common	5	5	0	0	False	"{""timeout"": 5}"	3771.515625	3764.65625	3881.19140625	15.23046875	6.859375					
stream-v4-konclude-original	vto	007d74d3ed2fd57987aa4c6fd70848bea9173e3eb4140f81df7143293b5fd163	module	1	konclude-common	5	5	0	5	True	"{""ok"": 5}"	151.86328125	135.30078125	160.9375	10.9140625	5.765625	151.86328125	135.30078125	160.9375	10.9140625	5.765625
stream-v4-konclude-original	vto	007d74d3ed2fd57987aa4c6fd70848bea9173e3eb4140f81df7143293b5fd163	module	10	konclude-common	5	5	0	5	True	"{""ok"": 5}"	157.1015625	140.75390625	166.18359375	22.8125	9.08203125	157.1015625	140.75390625	166.18359375	22.8125	9.08203125
stream-v4-konclude-original	vto	007d74d3ed2fd57987aa4c6fd70848bea9173e3eb4140f81df7143293b5fd163	module	100	konclude-common	5	5	0	5	True	"{""ok"": 5}"	156.47265625	150.3125	171.109375	10.828125	6.16015625	156.47265625	150.3125	171.109375	10.828125	6.16015625
stream-v4-konclude-original	vto	007e99d81cb75dfa4462f1993157dd545182349a0ee3b0e1cdf10d2288d29771	full	1	konclude-common	5	5	0	0	False	"{""timeout"": 5}"	3762.1328125	3759.25	3800.3125	8.27734375	2.8828125					
stream-v4-konclude-original	vto	007e99d81cb75dfa4462f1993157dd545182349a0ee3b0e1cdf10d2288d29771	full	10	konclude-common	5	5	0	0	False	"{""timeout"": 5}"	3761.984375	3756.78125	3833.87890625	4.89453125	3.14453125					
stream-v4-konclude-original	vto	007e99d81cb75dfa4462f1993157dd545182349a0ee3b0e1cdf10d2288d29771	full	100	konclude-common	5	5	0	0	False	"{""timeout"": 5}"	3775.5234375	3762.94140625	4384.8203125	28.49609375	12.58203125					
stream-v4-konclude-original	vto	007e99d81cb75dfa4462f1993157dd545182349a0ee3b0e1cdf10d2288d29771	module	1	konclude-common	5	5	0	5	True	"{""ok"": 5}"	159.0625	147.7265625	179.625	5.5625	4.28125	159.0625	147.7265625	179.625	5.5625	4.28125
stream-v4-konclude-original	vto	007e99d81cb75dfa4462f1993157dd545182349a0ee3b0e1cdf10d2288d29771	module	10	konclude-common	5	5	0	5	True	"{""ok"": 5}"	185.015625	170.1796875	296.4140625	11.44921875	10.16015625	185.015625	170.1796875	296.4140625	11.44921875	10.16015625
stream-v4-konclude-original	vto	007e99d81cb75dfa4462f1993157dd545182349a0ee3b0e1cdf10d2288d29771	module	100	konclude-common	5	5	0	5	True	"{""ok"": 5}"	176.02734375	167.9921875	183.73046875	14.97265625	7.703125	176.02734375	167.9921875	183.73046875	14.97265625	7.703125
stream-v4-konclude-pure-dl	zfa	00d9f195cc533e1c52412af99b5f11c9425d99babaf0af68b7bdf7f20cd9d88e	full	1	konclude-common	5	5	0	0	False	"{""error"": 1, ""timeout"": 4}"	804.046875	795.7109375	1471.9140625	658.74609375	8.3359375					
stream-v4-konclude-pure-dl	zfa	00d9f195cc533e1c52412af99b5f11c9425d99babaf0af68b7bdf7f20cd9d88e	full	10	konclude-common	5	5	0	0	False	"{""timeout"": 5}"	807.93359375	798.2890625	826.16796875	7.375	3.75390625					
stream-v4-konclude-pure-dl	zfa	00d9f195cc533e1c52412af99b5f11c9425d99babaf0af68b7bdf7f20cd9d88e	full	100	konclude-common	5	5	0	0	False	"{""error"": 1, ""timeout"": 4}"	801.0625	792.05078125	804.87890625	1.69140625	0.859375					
stream-v4-konclude-pure-dl	zfa	00d9f195cc533e1c52412af99b5f11c9425d99babaf0af68b7bdf7f20cd9d88e	module	1	konclude-common	5	5	0	5	True	"{""ok"": 5}"	371.37890625	368.17578125	615.0703125	16.58984375	3.203125	371.37890625	368.17578125	615.0703125	16.58984375	3.203125
stream-v4-konclude-pure-dl	zfa	00d9f195cc533e1c52412af99b5f11c9425d99babaf0af68b7bdf7f20cd9d88e	module	10	konclude-common	5	5	0	5	True	"{""ok"": 5}"	371.33984375	364.0234375	381.12890625	3.0546875	2.07421875	371.33984375	364.0234375	381.12890625	3.0546875	2.07421875
stream-v4-konclude-pure-dl	zfa	00d9f195cc533e1c52412af99b5f11c9425d99babaf0af68b7bdf7f20cd9d88e	module	100	konclude-common	5	5	0	5	True	"{""ok"": 5}"	381.40234375	374.67578125	694.125	301.99609375	6.7265625	381.40234375	374.67578125	694.125	301.99609375	6.7265625
stream-v4-konclude-pure-dl	zfa	02849870a29329c76c8ad4d897426a73a2d800679c2619d373bb6285bb3a9093	full	1	konclude-common	5	5	0	0	False	"{""timeout"": 5}"	812.96875	802.4375	828.3203125	16.42578125	10.53125					
stream-v4-konclude-pure-dl	zfa	02849870a29329c76c8ad4d897426a73a2d800679c2619d373bb6285bb3a9093	full	10	konclude-common	5	5	0	0	False	"{""timeout"": 5}"	801.65625	792.8125	1438.9375	29.86328125	8.84375					
stream-v4-konclude-pure-dl	zfa	02849870a29329c76c8ad4d897426a73a2d800679c2619d373bb6285bb3a9093	full	100	konclude-common	5	5	0	0	False	"{""timeout"": 5}"	819.3984375	794.8203125	1454.84375	610.0703125	24.578125					
stream-v4-konclude-pure-dl	zfa	02849870a29329c76c8ad4d897426a73a2d800679c2619d373bb6285bb3a9093	module	1	konclude-common	5	5	0	5	True	"{""ok"": 5}"	472.15234375	463.41796875	481.3203125	5.7265625	3.1015625	472.15234375	463.41796875	481.3203125	5.7265625	3.1015625
stream-v4-konclude-pure-dl	zfa	02849870a29329c76c8ad4d897426a73a2d800679c2619d373bb6285bb3a9093	module	10	konclude-common	5	5	0	5	True	"{""ok"": 5}"	756.9296875	716.37890625	1415.453125	645.2890625	40.55078125	756.9296875	716.37890625	1415.453125	645.2890625	40.55078125
stream-v4-konclude-pure-dl	zfa	02849870a29329c76c8ad4d897426a73a2d800679c2619d373bb6285bb3a9093	module	100	konclude-common	5	5	0	5	True	"{""ok"": 5}"	1335.2578125	737.0234375	1435.5859375	592.6015625	100.328125	1335.2578125	737.0234375	1435.5859375	592.6015625	100.328125
stream-v4-konclude-pure-dl	zfa	02c36b6dca3bd8beb958162cdea386860ab89f2b56a1d4b0b50005ae85b93d6e	full	1	konclude-common	5	5	0	0	False	"{""timeout"": 5}"	827.08984375	794.33203125	1495.15625	596.44921875	32.7578125					
stream-v4-konclude-pure-dl	zfa	02c36b6dca3bd8beb958162cdea386860ab89f2b56a1d4b0b50005ae85b93d6e	full	10	konclude-common	5	5	0	0	False	"{""timeout"": 5}"	809.3515625	800.28125	825.8125	7.59765625	6.390625					
stream-v4-konclude-pure-dl	zfa	02c36b6dca3bd8beb958162cdea386860ab89f2b56a1d4b0b50005ae85b93d6e	full	100	konclude-common	5	5	0	0	False	"{""error"": 1, ""timeout"": 4}"	804.48828125	798.71484375	830.3515625	1.4296875	1.08203125					
stream-v4-konclude-pure-dl	zfa	02c36b6dca3bd8beb958162cdea386860ab89f2b56a1d4b0b50005ae85b93d6e	module	1	konclude-common	5	5	0	5	True	"{""ok"": 5}"	131.80859375	129.05078125	150.45703125	15.2734375	2.7578125	131.80859375	129.05078125	150.45703125	15.2734375	2.7578125
stream-v4-konclude-pure-dl	zfa	02c36b6dca3bd8beb958162cdea386860ab89f2b56a1d4b0b50005ae85b93d6e	module	10	konclude-common	5	5	0	5	True	"{""ok"": 5}"	138.6796875	134.59375	147.81640625	9.80078125	4.0859375	138.6796875	134.59375	147.81640625	9.80078125	4.0859375
stream-v4-konclude-pure-dl	zfa	02c36b6dca3bd8beb958162cdea386860ab89f2b56a1d4b0b50005ae85b93d6e	module	100	konclude-common	5	5	0	5	True	"{""ok"": 5}"	132.546875	127.96484375	147.203125	9.94921875	4.58203125	132.546875	127.96484375	147.203125	9.94921875	4.58203125
stream-v4-konclude-pure-dl	zfa	02ff37982fdae5be5cba8c0e67403f6fd22d360abb6c6d2943c8ae0aa6bddae8	full	1	konclude-common	5	5	0	0	False	"{""timeout"": 5}"	803.66015625	794.1875	814.6484375	9.26953125	4.86328125					
stream-v4-konclude-pure-dl	zfa	02ff37982fdae5be5cba8c0e67403f6fd22d360abb6c6d2943c8ae0aa6bddae8	full	10	konclude-common	5	5	0	0	False	"{""timeout"": 5}"	808.44921875	800.73046875	827.33203125	18.67578125	7.71875					
stream-v4-konclude-pure-dl	zfa	02ff37982fdae5be5cba8c0e67403f6fd22d360abb6c6d2943c8ae0aa6bddae8	full	100	konclude-common	5	5	0	0	False	"{""timeout"": 5}"	825.82421875	797.7890625	1420.2265625	21.078125	14.55859375					
stream-v4-konclude-pure-dl	zfa	02ff37982fdae5be5cba8c0e67403f6fd22d360abb6c6d2943c8ae0aa6bddae8	module	1	konclude-common	5	5	0	5	True	"{""ok"": 5}"	147.64453125	144.8984375	156.55078125	6.70703125	2.74609375	147.64453125	144.8984375	156.55078125	6.70703125	2.74609375
stream-v4-konclude-pure-dl	zfa	02ff37982fdae5be5cba8c0e67403f6fd22d360abb6c6d2943c8ae0aa6bddae8	module	10	konclude-common	5	5	0	5	True	"{""ok"": 5}"	156.875	149.890625	174.15625	12.30859375	6.7578125	156.875	149.890625	174.15625	12.30859375	6.7578125
stream-v4-konclude-pure-dl	zfa	02ff37982fdae5be5cba8c0e67403f6fd22d360abb6c6d2943c8ae0aa6bddae8	module	100	konclude-common	5	5	0	5	True	"{""ok"": 5}"	158.84375	151.234375	166.4609375	4.17578125	2.09375	158.84375	151.234375	166.4609375	4.17578125	2.09375
stream-v4-konclude-pure-dl	zfa	0320ee9a59793802c01888f99cfbb53405b3ecdbbbe0e8d70d24c0071e3817cd	full	1	konclude-common	5	5	0	0	False	"{""error"": 1, ""timeout"": 4}"	1410.9296875	809.3046875	1458.40625	27.140625	20.9765625					
stream-v4-konclude-pure-dl	zfa	0320ee9a59793802c01888f99cfbb53405b3ecdbbbe0e8d70d24c0071e3817cd	full	10	konclude-common	5	5	0	0	False	"{""timeout"": 5}"	1432.9921875	815.7109375	1451.796875	20.3046875	17.125					
stream-v4-konclude-pure-dl	zfa	0320ee9a59793802c01888f99cfbb53405b3ecdbbbe0e8d70d24c0071e3817cd	full	100	konclude-common	5	5	0	0	False	"{""timeout"": 5}"	1414.4375	1379.546875	1446.09375	5.671875	3.390625					
stream-v4-konclude-pure-dl	zfa	0320ee9a59793802c01888f99cfbb53405b3ecdbbbe0e8d70d24c0071e3817cd	module	1	konclude-common	5	5	0	5	True	"{""ok"": 5}"	440.953125	435.1875	600.046875	18.28125	5.765625	440.953125	435.1875	600.046875	18.28125	5.765625
stream-v4-konclude-pure-dl	zfa	0320ee9a59793802c01888f99cfbb53405b3ecdbbbe0e8d70d24c0071e3817cd	module	10	konclude-common	5	5	0	4	False	"{""error"": 1, ""ok"": 4}"	1360.4375	733.33984375	1370.59375	14.2578125	9.515625	1355.6796875	733.33984375	1365.1796875	165.0966796875	7.12890625
stream-v4-konclude-pure-dl	zfa	0320ee9a59793802c01888f99cfbb53405b3ecdbbbe0e8d70d24c0071e3817cd	module	100	konclude-common	5	5	0	5	True	"{""ok"": 5}"	1369.828125	732.828125	1383.0390625	28.2734375	13.2109375	1369.828125	732.828125	1383.0390625	28.2734375	13.2109375
v142-original	hao	003ad1bd34938fda85d9b95fc09721c47b623f2e4a5d7af103d10976f9842613	full	1	km-native	5	5	0	5	True	"{""ok"": 5}"	46.72265625	41.1015625	74.3046875	5.91015625	5.609375	46.72265625	41.1015625	74.3046875	5.91015625	5.609375
v142-original	hao	003ad1bd34938fda85d9b95fc09721c47b623f2e4a5d7af103d10976f9842613	full	10	km-native	5	5	0	5	True	"{""ok"": 5}"	42.04296875	41.75	42.37109375	0.3046875	0.29296875	42.04296875	41.75	42.37109375	0.3046875	0.29296875
v142-original	hao	003ad1bd34938fda85d9b95fc09721c47b623f2e4a5d7af103d10976f9842613	full	100	km-native	5	5	0	5	True	"{""ok"": 5}"	42.02734375	41.7109375	44.8671875	0.3125	0.28125	42.02734375	41.7109375	44.8671875	0.3125	0.28125
v142-original	hao	003ad1bd34938fda85d9b95fc09721c47b623f2e4a5d7af103d10976f9842613	module	1	km-native	5	5	0	5	True	"{""ok"": 5}"	18.5234375	17.88671875	33.9140625	0.3125	0.30078125	18.5234375	17.88671875	33.9140625	0.3125	0.30078125
v142-original	hao	003ad1bd34938fda85d9b95fc09721c47b623f2e4a5d7af103d10976f9842613	module	10	km-native	5	5	0	5	True	"{""ok"": 5}"	19.2265625	18.5234375	19.44921875	0.57421875	0.22265625	19.2265625	18.5234375	19.44921875	0.57421875	0.22265625
v142-original	hao	003ad1bd34938fda85d9b95fc09721c47b623f2e4a5d7af103d10976f9842613	module	100	km-native	5	5	0	5	True	"{""ok"": 5}"	18.8203125	18.51171875	19.4609375	0.94140625	0.30859375	18.8203125	18.51171875	19.4609375	0.94140625	0.30859375
v142-original	hao	0076a8acf1884be0a4ef93c9fa67f065ea088e42db357fbb192d45250fa0ee3f	full	1	km-native	5	5	0	5	True	"{""ok"": 5}"	41.71875	41.44140625	44.49609375	0.00390625	0.00390625	41.71875	41.44140625	44.49609375	0.00390625	0.00390625
v142-original	hao	0076a8acf1884be0a4ef93c9fa67f065ea088e42db357fbb192d45250fa0ee3f	full	10	km-native	5	5	0	5	True	"{""ok"": 5}"	42.03125	42.0234375	48.71875	0.015625	0.0078125	42.03125	42.0234375	48.71875	0.015625	0.0078125
v142-original	hao	0076a8acf1884be0a4ef93c9fa67f065ea088e42db357fbb192d45250fa0ee3f	full	100	km-native	5	5	0	5	True	"{""ok"": 5}"	41.73046875	41.72265625	46.72265625	0.015625	0.0078125	41.73046875	41.72265625	46.72265625	0.015625	0.0078125
v142-original	hao	0076a8acf1884be0a4ef93c9fa67f065ea088e42db357fbb192d45250fa0ee3f	module	1	km-native	5	5	0	5	True	"{""ok"": 5}"	18.5234375	18.2109375	33.296875	0.16796875	0.1640625	18.5234375	18.2109375	33.296875	0.16796875	0.1640625
v142-original	hao	0076a8acf1884be0a4ef93c9fa67f065ea088e42db357fbb192d45250fa0ee3f	module	10	km-native	5	5	0	5	True	"{""ok"": 5}"	19.15625	18.8359375	19.453125	0.4296875	0.296875	19.15625	18.8359375	19.453125	0.4296875	0.296875
v142-original	hao	0076a8acf1884be0a4ef93c9fa67f065ea088e42db357fbb192d45250fa0ee3f	module	100	km-native	5	5	0	5	True	"{""ok"": 5}"	19.4609375	18.8359375	33.296875	0.48046875	0.30859375	19.4609375	18.8359375	33.296875	0.48046875	0.30859375
v142-original	hao	014e8b22590d3801ece16abe4840c0fe128dbcf5c23033aab23ef40036457845	full	1	km-native	5	5	0	5	True	"{""ok"": 5}"	39.1875	38.24609375	39.49609375	0.12890625	0.12890625	39.1875	38.24609375	39.49609375	0.12890625	0.12890625
v142-original	hao	014e8b22590d3801ece16abe4840c0fe128dbcf5c23033aab23ef40036457845	full	10	km-native	5	5	0	5	True	"{""ok"": 5}"	41.75	41.40625	42.03515625	0.29296875	0.27734375	41.75	41.40625	42.03515625	0.29296875	0.27734375
v142-original	hao	014e8b22590d3801ece16abe4840c0fe128dbcf5c23033aab23ef40036457845	full	100	km-native	5	5	0	5	True	"{""ok"": 5}"	41.734375	41.70703125	42.046875	0.31640625	0.02734375	41.734375	41.70703125	42.046875	0.31640625	0.02734375
v142-original	hao	014e8b22590d3801ece16abe4840c0fe128dbcf5c23033aab23ef40036457845	module	1	km-native	5	5	0	5	True	"{""ok"": 5}"	17.72265625	17.4140625	18.23828125	0.3125	0.30859375	17.72265625	17.4140625	18.23828125	0.3125	0.30859375
v142-original	hao	014e8b22590d3801ece16abe4840c0fe128dbcf5c23033aab23ef40036457845	module	10	km-native	5	5	0	5	True	"{""ok"": 5}"	18.828125	18.5078125	19.14453125	0.625	0.3125	18.828125	18.5078125	19.14453125	0.625	0.3125
v142-original	hao	014e8b22590d3801ece16abe4840c0fe128dbcf5c23033aab23ef40036457845	module	100	km-native	5	5	0	5	True	"{""ok"": 5}"	18.66015625	18.203125	19.140625	0.31640625	0.16796875	18.66015625	18.203125	19.140625	0.31640625	0.16796875
v142-original	hao	0152c9e454adc5b9d9406d2328dfae445b7cef87f16c4144841b5b289529918e	full	1	km-native	5	5	0	5	True	"{""ok"": 5}"	38.9296875	38.55859375	74.3046875	0.3125	0.25390625	38.9296875	38.55859375	74.3046875	0.3125	0.25390625
v142-original	hao	0152c9e454adc5b9d9406d2328dfae445b7cef87f16c4144841b5b289529918e	full	10	km-native	5	5	0	5	True	"{""ok"": 5}"	42.02734375	41.1015625	45.12109375	3.72265625	0.92578125	42.02734375	41.1015625	45.12109375	3.72265625	0.92578125
v142-original	hao	0152c9e454adc5b9d9406d2328dfae445b7cef87f16c4144841b5b289529918e	full	100	km-native	5	5	0	5	True	"{""ok"": 5}"	40.43359375	39.35546875	43.24609375	2.5390625	1.078125	40.43359375	39.35546875	43.24609375	2.5390625	1.078125
v142-original	hao	0152c9e454adc5b9d9406d2328dfae445b7cef87f16c4144841b5b289529918e	module	1	km-native	5	5	0	5	True	"{""ok"": 5}"	18.49609375	18.1484375	18.51953125	0.3125	0.0234375	18.49609375	18.1484375	18.51953125	0.3125	0.0234375
v142-original	hao	0152c9e454adc5b9d9406d2328dfae445b7cef87f16c4144841b5b289529918e	module	10	km-native	5	5	0	5	True	"{""ok"": 5}"	19.14453125	18.82421875	19.4765625	0.3203125	0.3125	19.14453125	18.82421875	19.4765625	0.3203125	0.3125
v142-original	hao	0152c9e454adc5b9d9406d2328dfae445b7cef87f16c4144841b5b289529918e	module	100	km-native	5	5	0	5	True	"{""ok"": 5}"	18.54296875	18.203125	19.140625	0.3125	0.28515625	18.54296875	18.203125	19.140625	0.3125	0.28515625
v142-original	hao	016278aed839744e3fe6c6cb1b96f29bd1419df3553b29e88874dd968da98306	full	1	km-native	5	5	0	5	True	"{""ok"": 5}"	41.40234375	40.4765625	44.49609375	0.640625	0.33984375	41.40234375	40.4765625	44.49609375	0.640625	0.33984375
v142-original	hao	016278aed839744e3fe6c6cb1b96f29bd1419df3553b29e88874dd968da98306	full	10	km-native	5	5	0	5	True	"{""ok"": 5}"	41.40625	41.1015625	43.734375	0.94140625	0.3046875	41.40625	41.1015625	43.734375	0.94140625	0.3046875
v142-original	hao	016278aed839744e3fe6c6cb1b96f29bd1419df3553b29e88874dd968da98306	full	100	km-native	5	5	0	5	True	"{""ok"": 5}"	42.05859375	39.8125	49.3359375	0.30078125	0.28515625	42.05859375	39.8125	49.3359375	0.30078125	0.28515625
v142-original	hao	016278aed839744e3fe6c6cb1b96f29bd1419df3553b29e88874dd968da98306	module	1	km-native	5	5	0	5	True	"{""ok"": 5}"	18.20703125	17.89453125	18.51953125	0.3125	0.3125	18.20703125	17.89453125	18.51953125	0.3125	0.3125
v142-original	hao	016278aed839744e3fe6c6cb1b96f29bd1419df3553b29e88874dd968da98306	module	10	km-native	5	5	0	5	True	"{""ok"": 5}"	19.45703125	19.265625	19.76953125	0.0	0.0	19.45703125	19.265625	19.76953125	0.0	0.0
v142-original	hao	016278aed839744e3fe6c6cb1b96f29bd1419df3553b29e88874dd968da98306	module	100	km-native	5	5	0	5	True	"{""ok"": 5}"	19.14453125	18.83203125	33.8203125	0.6796875	0.3125	19.14453125	18.83203125	33.8203125	0.6796875	0.3125
v142-original	mfomd	00ad80c85b69b651d45363a55219c1f0ea4d84c6271b5d95a42432590564908c	full	1	km-native	5	5	0	5	True	"{""ok"": 5}"	18.125	17.8125	18.4375	0.2734375	0.2734375	18.125	17.8125	18.4375	0.2734375	0.2734375
v142-original	mfomd	00ad80c85b69b651d45363a55219c1f0ea4d84c6271b5d95a42432590564908c	full	10	km-native	5	5	0	5	True	"{""ok"": 5}"	19.375	19.0625	19.6875	0.3125	0.3125	19.375	19.0625	19.6875	0.3125	0.3125
v142-original	mfomd	00ad80c85b69b651d45363a55219c1f0ea4d84c6271b5d95a42432590564908c	full	100	km-native	5	5	0	5	True	"{""ok"": 5}"	19.6875	18.75	19.6875	0.3125	0.0	19.6875	18.75	19.6875	0.3125	0.0
v142-original	mfomd	00ad80c85b69b651d45363a55219c1f0ea4d84c6271b5d95a42432590564908c	module	1	km-native	5	5	0	0	False	"{""error"": 5}"	66.33984375	66.03125	67.11328125	0.3125	0.1640625					
v142-original	mfomd	00ad80c85b69b651d45363a55219c1f0ea4d84c6271b5d95a42432590564908c	module	10	km-native	5	5	0	0	False	"{""error"": 5}"	67.734375	66.17578125	68.04296875	1.52734375	0.30859375					
v142-original	mfomd	00ad80c85b69b651d45363a55219c1f0ea4d84c6271b5d95a42432590564908c	module	100	km-native	5	5	0	0	False	"{""error"": 5}"	66.4921875	66.1796875	68.44140625	0.3828125	0.3125					
v142-original	mfomd	00e4133025107a0f3faa3263e3c0b1555d8ca407f37c6b431114ae8e4ae0ca18	full	1	km-native	5	5	0	0	False	"{""error"": 5}"	72.5546875	69.49609375	75.03515625	1.77734375	1.34375					
v142-original	mfomd	00e4133025107a0f3faa3263e3c0b1555d8ca407f37c6b431114ae8e4ae0ca18	full	10	km-native	5	5	0	0	False	"{""error"": 5}"	72.4140625	72.03515625	75.80859375	0.82421875	0.37890625					
v142-original	mfomd	00e4133025107a0f3faa3263e3c0b1555d8ca407f37c6b431114ae8e4ae0ca18	full	100	km-native	5	5	0	0	False	"{""error"": 5}"	72.7109375	72.06640625	73.84765625	0.21484375	0.19921875					
v142-original	mfomd	00e4133025107a0f3faa3263e3c0b1555d8ca407f37c6b431114ae8e4ae0ca18	module	1	km-native	5	5	0	5	True	"{""ok"": 5}"	11.25	10.9375	11.25	0.3125	0.0	11.25	10.9375	11.25	0.3125	0.0
v142-original	mfomd	00e4133025107a0f3faa3263e3c0b1555d8ca407f37c6b431114ae8e4ae0ca18	module	10	km-native	5	5	0	5	True	"{""ok"": 5}"	15.0	10.9375	15.625	3.75	0.625	15.0	10.9375	15.625	3.75	0.625
v142-original	mfomd	00e4133025107a0f3faa3263e3c0b1555d8ca407f37c6b431114ae8e4ae0ca18	module	100	km-native	5	5	0	5	True	"{""ok"": 5}"	15.625	10.9375	15.9375	4.375	0.3125	15.625	10.9375	15.9375	4.375	0.3125
v142-original	mfomd	0113b14df2575cdf9fe75dc67dfa5467eca99e7e4007cf129f75de0cbc3c97a3	full	1	km-native	5	5	0	5	True	"{""ok"": 5}"	18.125	17.8125	18.4375	0.3125	0.3125	18.125	17.8125	18.4375	0.3125	0.3125
v142-original	mfomd	0113b14df2575cdf9fe75dc67dfa5467eca99e7e4007cf129f75de0cbc3c97a3	full	10	km-native	5	5	0	5	True	"{""ok"": 5}"	19.375	19.375	19.6875	0.1875	0.0	19.375	19.375	19.6875	0.1875	0.0
v142-original	mfomd	0113b14df2575cdf9fe75dc67dfa5467eca99e7e4007cf129f75de0cbc3c97a3	full	100	km-native	5	5	0	5	True	"{""ok"": 5}"	19.6875	19.37890625	19.69140625	0.0	0.0	19.6875	19.37890625	19.69140625	0.0	0.0
v142-original	mfomd	0113b14df2575cdf9fe75dc67dfa5467eca99e7e4007cf129f75de0cbc3c97a3	module	1	km-native	5	5	0	0	False	"{""error"": 5}"	66.4921875	63.98828125	66.8046875	0.9375	0.3125					
v142-original	mfomd	0113b14df2575cdf9fe75dc67dfa5467eca99e7e4007cf129f75de0cbc3c97a3	module	10	km-native	5	5	0	0	False	"{""error"": 5}"	66.33984375	63.83984375	68.26953125	0.3125	0.1640625					
v142-original	mfomd	0113b14df2575cdf9fe75dc67dfa5467eca99e7e4007cf129f75de0cbc3c97a3	module	100	km-native	5	5	0	0	False	"{""error"": 5}"	66.65625	66.35546875	68.05859375	0.3125	0.1640625					
v142-original	mfomd	011c33d46e6b36a07fdc5d6777783747d0a5345f05c6752035f6e9b592b78762	full	1	km-native	5	5	0	5	True	"{""ok"": 5}"	18.9296875	18.125	23.4375	4.6875	0.8046875	18.9296875	18.125	23.4375	4.6875	0.8046875
v142-original	mfomd	011c33d46e6b36a07fdc5d6777783747d0a5345f05c6752035f6e9b592b78762	full	10	km-native	5	5	0	5	True	"{""ok"": 5}"	20.0	19.6875	23.75	0.42578125	0.30859375	20.0	19.6875	23.75	0.42578125	0.30859375
v142-original	mfomd	011c33d46e6b36a07fdc5d6777783747d0a5345f05c6752035f6e9b592b78762	full	100	km-native	5	5	0	5	True	"{""ok"": 5}"	20.00390625	19.37890625	23.75	4.07421875	0.625	20.00390625	19.37890625	23.75	4.07421875	0.625
v142-original	mfomd	011c33d46e6b36a07fdc5d6777783747d0a5345f05c6752035f6e9b592b78762	module	1	km-native	5	5	0	0	False	"{""error"": 5}"	53.4609375	52.3125	53.76171875	0.890625	0.30078125					
v142-original	mfomd	011c33d46e6b36a07fdc5d6777783747d0a5345f05c6752035f6e9b592b78762	module	10	km-native	5	5	0	0	False	"{""error"": 5}"	53.76171875	52.51171875	54.078125	0.9375	0.31640625					
v142-original	mfomd	011c33d46e6b36a07fdc5d6777783747d0a5345f05c6752035f6e9b592b78762	module	100	km-native	5	5	0	0	False	"{""error"": 5}"	53.765625	53.13671875	58.171875	4.74609375	0.62890625					
v142-original	mfomd	0139834153c76ce6cdc48b17beb2aa6d7966542ce7becdcbea86123a4e3045cd	full	1	km-native	5	5	0	5	True	"{""ok"": 5}"	18.2578125	17.81640625	18.4375	0.3125	0.1796875	18.2578125	17.81640625	18.4375	0.3125	0.1796875
v142-original	mfomd	0139834153c76ce6cdc48b17beb2aa6d7966542ce7becdcbea86123a4e3045cd	full	10	km-native	5	5	0	5	True	"{""ok"": 5}"	19.6875	19.375	19.6875	0.30859375	0.0	19.6875	19.375	19.6875	0.30859375	0.0
v142-original	mfomd	0139834153c76ce6cdc48b17beb2aa6d7966542ce7becdcbea86123a4e3045cd	full	100	km-native	5	5	0	5	True	"{""ok"": 5}"	19.375	19.375	19.6875	0.3125	0.0	19.375	19.375	19.6875	0.3125	0.0
v142-original	mfomd	0139834153c76ce6cdc48b17beb2aa6d7966542ce7becdcbea86123a4e3045cd	module	1	km-native	5	5	0	0	False	"{""error"": 5}"	66.203125	65.58203125	66.68359375	0.78515625	0.4765625					
v142-original	mfomd	0139834153c76ce6cdc48b17beb2aa6d7966542ce7becdcbea86123a4e3045cd	module	10	km-native	5	5	0	0	False	"{""error"": 5}"	66.671875	66.203125	68.62109375	1.4453125	0.46875					
v142-original	mfomd	0139834153c76ce6cdc48b17beb2aa6d7966542ce7becdcbea86123a4e3045cd	module	100	km-native	5	5	0	0	False	"{""error"": 5}"	66.515625	66.20703125	66.83203125	0.30859375	0.1640625					
v142-original	mmo	000d25e56e57c9f985e8c2793f62b2510b08e924bd56fa5873a500e4c2922dc9	full	1	km-native	5	5	0	5	True	"{""ok"": 5}"	14.37890625	14.0703125	15.00390625	0.39453125	0.30859375	14.37890625	14.0703125	15.00390625	0.39453125	0.30859375
v142-original	mmo	000d25e56e57c9f985e8c2793f62b2510b08e924bd56fa5873a500e4c2922dc9	full	10	km-native	5	5	0	5	True	"{""ok"": 5}"	14.37890625	14.06640625	14.3828125	0.31640625	0.00390625	14.37890625	14.06640625	14.3828125	0.31640625	0.00390625
v142-original	mmo	000d25e56e57c9f985e8c2793f62b2510b08e924bd56fa5873a500e4c2922dc9	full	100	km-native	5	5	0	5	True	"{""ok"": 5}"	14.37890625	13.75390625	14.69140625	0.51953125	0.3125	14.37890625	13.75390625	14.69140625	0.51953125	0.3125
v142-original	mmo	000d25e56e57c9f985e8c2793f62b2510b08e924bd56fa5873a500e4c2922dc9	module	1	km-native	5	5	0	5	True	"{""ok"": 5}"	1.25	0.9375	1.25	0.3125	0.0	1.25	0.9375	1.25	0.3125	0.0
v142-original	mmo	000d25e56e57c9f985e8c2793f62b2510b08e924bd56fa5873a500e4c2922dc9	module	10	km-native	5	5	0	5	True	"{""ok"": 5}"	1.25	0.9375	1.25	0.3125	0.0	1.25	0.9375	1.25	0.3125	0.0
v142-original	mmo	000d25e56e57c9f985e8c2793f62b2510b08e924bd56fa5873a500e4c2922dc9	module	100	km-native	5	4	1	4	False	"{""ok"": 5}"	1.25	1.25	1.25	0.0	0.0	1.25	1.25	1.25	0.0	0.0
v142-original	mmo	00351a393a5557c13431e428f085b979cb2597d9fb026ce248e4040897125b07	full	1	km-native	5	5	0	5	True	"{""ok"": 5}"	14.21875	13.8671875	14.69140625	0.625	0.3515625	14.21875	13.8671875	14.69140625	0.625	0.3515625
v142-original	mmo	00351a393a5557c13431e428f085b979cb2597d9fb026ce248e4040897125b07	full	10	km-native	5	5	0	5	True	"{""ok"": 5}"	14.6171875	14.06640625	15.00390625	0.3125	0.234375	14.6171875	14.06640625	15.00390625	0.3125	0.234375
v142-original	mmo	00351a393a5557c13431e428f085b979cb2597d9fb026ce248e4040897125b07	full	100	km-native	5	5	0	5	True	"{""ok"": 5}"	14.37890625	14.0703125	14.69140625	0.3125	0.30859375	14.37890625	14.0703125	14.69140625	0.3125	0.30859375
v142-original	mmo	00351a393a5557c13431e428f085b979cb2597d9fb026ce248e4040897125b07	module	1	km-native	5	5	0	5	True	"{""ok"": 5}"	0.9375	0.9375	1.25	0.3125	0.0	0.9375	0.9375	1.25	0.3125	0.0
v142-original	mmo	00351a393a5557c13431e428f085b979cb2597d9fb026ce248e4040897125b07	module	10	km-native	5	5	0	5	True	"{""ok"": 5}"	1.25	0.9375	1.25	0.3125	0.0	1.25	0.9375	1.25	0.3125	0.0
v142-original	mmo	00351a393a5557c13431e428f085b979cb2597d9fb026ce248e4040897125b07	module	100	km-native	5	5	0	5	True	"{""ok"": 5}"	0.9375	0.9375	1.25	0.3125	0.0	0.9375	0.9375	1.25	0.3125	0.0
v142-original	mmo	0067ad17fb33839d74961c073ea1235adbb4d0556c62769e75c4f311ce5cbe28	full	1	km-native	5	5	0	5	True	"{""ok"": 5}"	14.69140625	14.37890625	14.69140625	0.3125	0.0	14.69140625	14.37890625	14.69140625	0.3125	0.0
v142-original	mmo	0067ad17fb33839d74961c073ea1235adbb4d0556c62769e75c4f311ce5cbe28	full	10	km-native	5	5	0	5	True	"{""ok"": 5}"	14.4609375	14.33203125	15.0078125	0.62109375	0.12890625	14.4609375	14.33203125	15.0078125	0.62109375	0.12890625
v142-original	mmo	0067ad17fb33839d74961c073ea1235adbb4d0556c62769e75c4f311ce5cbe28	full	100	km-native	5	5	0	5	True	"{""ok"": 5}"	14.0703125	14.06640625	14.69140625	0.625	0.00390625	14.0703125	14.06640625	14.69140625	0.625	0.00390625
v142-original	mmo	0067ad17fb33839d74961c073ea1235adbb4d0556c62769e75c4f311ce5cbe28	module	1	km-native	5	4	1	4	False	"{""ok"": 5}"	1.25	1.25	1.25	0.0	0.0	1.25	1.25	1.25	0.0	0.0
v142-original	mmo	0067ad17fb33839d74961c073ea1235adbb4d0556c62769e75c4f311ce5cbe28	module	10	km-native	5	5	0	5	True	"{""ok"": 5}"	1.25	0.9375	1.25	0.0	0.0	1.25	0.9375	1.25	0.0	0.0
v142-original	mmo	0067ad17fb33839d74961c073ea1235adbb4d0556c62769e75c4f311ce5cbe28	module	100	km-native	5	4	1	4	False	"{""ok"": 5}"	1.25	0.9375	1.25	0.078125	0.0	1.25	0.9375	1.25	0.078125	0.0
v142-original	mmo	0254b02677aa3aa8565ce91fa89f2e03b1a07bca78e614a135515a36a1fb7c82	full	1	km-native	5	5	0	5	True	"{""ok"": 5}"	14.37890625	14.06640625	14.69140625	0.3125	0.3125	14.37890625	14.06640625	14.69140625	0.3125	0.3125
v142-original	mmo	0254b02677aa3aa8565ce91fa89f2e03b1a07bca78e614a135515a36a1fb7c82	full	10	km-native	5	5	0	5	True	"{""ok"": 5}"	14.37890625	14.37890625	14.69140625	0.00390625	0.0	14.37890625	14.37890625	14.69140625	0.00390625	0.0
v142-original	mmo	0254b02677aa3aa8565ce91fa89f2e03b1a07bca78e614a135515a36a1fb7c82	full	100	km-native	5	5	0	5	True	"{""ok"": 5}"	14.37890625	14.06640625	15.00390625	0.0	0.0	14.37890625	14.06640625	15.00390625	0.0	0.0
v142-original	mmo	0254b02677aa3aa8565ce91fa89f2e03b1a07bca78e614a135515a36a1fb7c82	module	1	km-native	5	5	0	5	True	"{""ok"": 5}"	1.25	0.9375	1.25	0.3125	0.0	1.25	0.9375	1.25	0.3125	0.0
v142-original	mmo	0254b02677aa3aa8565ce91fa89f2e03b1a07bca78e614a135515a36a1fb7c82	module	10	km-native	5	5	0	5	True	"{""ok"": 5}"	1.25	0.9375	8.4375	0.3125	0.3125	1.25	0.9375	8.4375	0.3125	0.3125
v142-original	mmo	0254b02677aa3aa8565ce91fa89f2e03b1a07bca78e614a135515a36a1fb7c82	module	100	km-native	5	4	1	4	False	"{""ok"": 5}"	1.25	0.9375	1.25	0.078125	0.0	1.25	0.9375	1.25	0.078125	0.0
v142-original	mmo	03507fc4ddc5d501eae1d2d9e7e54466bd72ec09e7450870beaa0552a98a90fb	full	1	km-native	5	5	0	5	True	"{""ok"": 5}"	14.06640625	14.06640625	15.00390625	0.1953125	0.0	14.06640625	14.06640625	15.00390625	0.1953125	0.0
v142-original	mmo	03507fc4ddc5d501eae1d2d9e7e54466bd72ec09e7450870beaa0552a98a90fb	full	10	km-native	5	5	0	5	True	"{""ok"": 5}"	14.69140625	14.06640625	14.6953125	0.31640625	0.00390625	14.69140625	14.06640625	14.6953125	0.31640625	0.00390625
v142-original	mmo	03507fc4ddc5d501eae1d2d9e7e54466bd72ec09e7450870beaa0552a98a90fb	full	100	km-native	5	5	0	5	True	"{""ok"": 5}"	14.58203125	14.06640625	15.00390625	0.625	0.421875	14.58203125	14.06640625	15.00390625	0.625	0.421875
v142-original	mmo	03507fc4ddc5d501eae1d2d9e7e54466bd72ec09e7450870beaa0552a98a90fb	module	1	km-native	5	5	0	5	True	"{""ok"": 5}"	1.25	0.9375	1.25	0.0	0.0	1.25	0.9375	1.25	0.0	0.0
v142-original	mmo	03507fc4ddc5d501eae1d2d9e7e54466bd72ec09e7450870beaa0552a98a90fb	module	10	km-native	5	4	1	4	False	"{""ok"": 5}"	1.25	0.9375	1.25	0.078125	0.0	1.25	0.9375	1.25	0.078125	0.0
v142-original	mmo	03507fc4ddc5d501eae1d2d9e7e54466bd72ec09e7450870beaa0552a98a90fb	module	100	km-native	5	4	1	4	False	"{""ok"": 5}"	1.25	0.9375	1.25	0.078125	0.0	1.25	0.9375	1.25	0.078125	0.0
v142-original	vto	0032c408ae08b8c078fbcecfc06533a0143ce424dbca34635c52989881ac74a5	full	1	km-native	5	5	0	5	True	"{""ok"": 5}"	713.73828125	709.6015625	716.93359375	3.140625	2.4453125	713.73828125	709.6015625	716.93359375	3.140625	2.4453125
v142-original	vto	0032c408ae08b8c078fbcecfc06533a0143ce424dbca34635c52989881ac74a5	full	10	km-native	5	5	0	5	True	"{""ok"": 5}"	796.7890625	792.9140625	798.71875	1.13671875	1.109375	796.7890625	792.9140625	798.71875	1.13671875	1.109375
v142-original	vto	0032c408ae08b8c078fbcecfc06533a0143ce424dbca34635c52989881ac74a5	full	100	km-native	5	5	0	5	True	"{""ok"": 5}"	796.88671875	794.96875	801.1328125	1.7734375	0.90625	796.88671875	794.96875	801.1328125	1.7734375	0.90625
v142-original	vto	0032c408ae08b8c078fbcecfc06533a0143ce424dbca34635c52989881ac74a5	module	1	km-native	5	5	0	5	True	"{""ok"": 5}"	1.25	0.9375	1.25	0.0	0.0	1.25	0.9375	1.25	0.0	0.0
v142-original	vto	0032c408ae08b8c078fbcecfc06533a0143ce424dbca34635c52989881ac74a5	module	10	km-native	5	5	0	5	True	"{""ok"": 5}"	1.25	1.25	8.125	0.0	0.0	1.25	1.25	8.125	0.0	0.0
v142-original	vto	0032c408ae08b8c078fbcecfc06533a0143ce424dbca34635c52989881ac74a5	module	100	km-native	5	5	0	5	True	"{""ok"": 5}"	1.25	0.9375	1.25	0.3125	0.0	1.25	0.9375	1.25	0.3125	0.0
v142-original	vto	0055b4a115d54c76907aa934dabb293d0f752301108124f82cf0f0a941699dd9	full	1	km-native	5	5	0	5	True	"{""ok"": 5}"	742.16015625	738.57421875	744.26953125	1.94140625	1.23828125	742.16015625	738.57421875	744.26953125	1.94140625	1.23828125
v142-original	vto	0055b4a115d54c76907aa934dabb293d0f752301108124f82cf0f0a941699dd9	full	10	km-native	5	5	0	5	True	"{""ok"": 5}"	851.6640625	848.90234375	858.1953125	3.44140625	2.76171875	851.6640625	848.90234375	858.1953125	3.44140625	2.76171875
v142-original	vto	0055b4a115d54c76907aa934dabb293d0f752301108124f82cf0f0a941699dd9	full	100	km-native	5	5	0	5	True	"{""ok"": 5}"	852.28515625	825.6328125	858.12109375	2.46484375	1.84375	852.28515625	825.6328125	858.12109375	2.46484375	1.84375
v142-original	vto	0055b4a115d54c76907aa934dabb293d0f752301108124f82cf0f0a941699dd9	module	1	km-native	5	5	0	5	True	"{""ok"": 5}"	8.4375	0.9375	9.0625	7.5	0.625	8.4375	0.9375	9.0625	7.5	0.625
v142-original	vto	0055b4a115d54c76907aa934dabb293d0f752301108124f82cf0f0a941699dd9	module	10	km-native	5	5	0	5	True	"{""ok"": 5}"	8.75	8.4375	9.375	0.3125	0.3125	8.75	8.4375	9.375	0.3125	0.3125
v142-original	vto	0055b4a115d54c76907aa934dabb293d0f752301108124f82cf0f0a941699dd9	module	100	km-native	5	5	0	5	True	"{""ok"": 5}"	8.75	8.4375	9.0625	0.0	0.0	8.75	8.4375	9.0625	0.0	0.0
v142-original	vto	006ec55049838656b87aba916ad4497431dad7e42c05f1784953732abed8715f	full	1	km-native	5	5	0	5	True	"{""ok"": 5}"	743.2578125	738.6015625	745.375	1.4375	1.140625	743.2578125	738.6015625	745.375	1.4375	1.140625
v142-original	vto	006ec55049838656b87aba916ad4497431dad7e42c05f1784953732abed8715f	full	10	km-native	5	5	0	5	True	"{""ok"": 5}"	883.80859375	883.5234375	885.38671875	0.32421875	0.28515625	883.80859375	883.5234375	885.38671875	0.32421875	0.28515625
v142-original	vto	006ec55049838656b87aba916ad4497431dad7e42c05f1784953732abed8715f	full	100	km-native	5	5	0	5	True	"{""ok"": 5}"	884.73046875	882.9609375	885.21875	1.55859375	0.48828125	884.73046875	882.9609375	885.21875	1.55859375	0.48828125
v142-original	vto	006ec55049838656b87aba916ad4497431dad7e42c05f1784953732abed8715f	module	1	km-native	5	5	0	5	True	"{""ok"": 5}"	8.75	8.4375	8.75	0.3125	0.0	8.75	8.4375	8.75	0.3125	0.0
v142-original	vto	006ec55049838656b87aba916ad4497431dad7e42c05f1784953732abed8715f	module	10	km-native	5	5	0	5	True	"{""ok"": 5}"	8.75	8.4375	9.0625	0.625	0.3125	8.75	8.4375	9.0625	0.625	0.3125
v142-original	vto	006ec55049838656b87aba916ad4497431dad7e42c05f1784953732abed8715f	module	100	km-native	5	5	0	5	True	"{""ok"": 5}"	8.75	8.75	9.0625	0.3125	0.0	8.75	8.75	9.0625	0.3125	0.0
v142-original	vto	007d74d3ed2fd57987aa4c6fd70848bea9173e3eb4140f81df7143293b5fd163	full	1	km-native	5	5	0	5	True	"{""ok"": 5}"	743.34765625	738.65234375	745.109375	3.359375	1.71484375	743.34765625	738.65234375	745.109375	3.359375	1.71484375
v142-original	vto	007d74d3ed2fd57987aa4c6fd70848bea9173e3eb4140f81df7143293b5fd163	full	10	km-native	5	5	0	5	True	"{""ok"": 5}"	806.19140625	804.91015625	812.39453125	2.96875	1.28125	806.19140625	804.91015625	812.39453125	2.96875	1.28125
v142-original	vto	007d74d3ed2fd57987aa4c6fd70848bea9173e3eb4140f81df7143293b5fd163	full	100	km-native	5	5	0	5	True	"{""ok"": 5}"	810.0625	806.5625	811.92578125	3.234375	1.63671875	810.0625	806.5625	811.92578125	3.234375	1.63671875
v142-original	vto	007d74d3ed2fd57987aa4c6fd70848bea9173e3eb4140f81df7143293b5fd163	module	1	km-native	5	4	1	4	False	"{""ok"": 5}"	4.84375	1.25	8.75	7.265625	3.59375	4.84375	1.25	8.75	7.265625	3.59375
v142-original	vto	007d74d3ed2fd57987aa4c6fd70848bea9173e3eb4140f81df7143293b5fd163	module	10	km-native	5	5	0	5	True	"{""ok"": 5}"	8.75	0.9375	9.0625	0.0	0.0	8.75	0.9375	9.0625	0.0	0.0
v142-original	vto	007d74d3ed2fd57987aa4c6fd70848bea9173e3eb4140f81df7143293b5fd163	module	100	km-native	5	5	0	5	True	"{""ok"": 5}"	8.75	8.4375	9.0625	0.3125	0.3125	8.75	8.4375	9.0625	0.3125	0.3125
v142-original	vto	007e99d81cb75dfa4462f1993157dd545182349a0ee3b0e1cdf10d2288d29771	full	1	km-native	5	5	0	5	True	"{""ok"": 5}"	740.13671875	738.57421875	741.734375	2.171875	1.25	740.13671875	738.57421875	741.734375	2.171875	1.25
v142-original	vto	007e99d81cb75dfa4462f1993157dd545182349a0ee3b0e1cdf10d2288d29771	full	10	km-native	5	5	0	5	True	"{""ok"": 5}"	857.40625	856.65625	859.35546875	0.64453125	0.4453125	857.40625	856.65625	859.35546875	0.64453125	0.4453125
v142-original	vto	007e99d81cb75dfa4462f1993157dd545182349a0ee3b0e1cdf10d2288d29771	full	100	km-native	5	5	0	5	True	"{""ok"": 5}"	857.59375	856.8359375	1035.34375	1.8125	0.7578125	857.59375	856.8359375	1035.34375	1.8125	0.7578125
v142-original	vto	007e99d81cb75dfa4462f1993157dd545182349a0ee3b0e1cdf10d2288d29771	module	1	km-native	5	5	0	5	True	"{""ok"": 5}"	8.75	8.75	9.0625	0.3125	0.0	8.75	8.75	9.0625	0.3125	0.0
v142-original	vto	007e99d81cb75dfa4462f1993157dd545182349a0ee3b0e1cdf10d2288d29771	module	10	km-native	5	5	0	5	True	"{""ok"": 5}"	8.75	8.4375	9.375	0.3125	0.3125	8.75	8.4375	9.375	0.3125	0.3125
v142-original	vto	007e99d81cb75dfa4462f1993157dd545182349a0ee3b0e1cdf10d2288d29771	module	100	km-native	5	5	0	5	True	"{""ok"": 5}"	8.4375	8.125	9.0625	0.3125	0.3125	8.4375	8.125	9.0625	0.3125	0.3125
v142-pure-dl	zfa	00d9f195cc533e1c52412af99b5f11c9425d99babaf0af68b7bdf7f20cd9d88e	full	1	km-native	5	5	0	5	True	"{""ok"": 5}"	54.8359375	53.8046875	67.51953125	0.8515625	0.81640625	54.8359375	53.8046875	67.51953125	0.8515625	0.81640625
v142-pure-dl	zfa	00d9f195cc533e1c52412af99b5f11c9425d99babaf0af68b7bdf7f20cd9d88e	full	10	km-native	5	5	0	5	True	"{""ok"": 5}"	57.83203125	57.51953125	58.140625	0.31640625	0.30859375	57.83203125	57.51953125	58.140625	0.31640625	0.30859375
v142-pure-dl	zfa	00d9f195cc533e1c52412af99b5f11c9425d99babaf0af68b7bdf7f20cd9d88e	full	100	km-native	5	5	0	5	True	"{""ok"": 5}"	60.5	57.83203125	65.96484375	7.22265625	2.66796875	60.5	57.83203125	65.96484375	7.22265625	2.66796875
v142-pure-dl	zfa	00d9f195cc533e1c52412af99b5f11c9425d99babaf0af68b7bdf7f20cd9d88e	module	1	km-native	5	5	0	5	True	"{""ok"": 5}"	10.3125	10.0	10.625	0.0	0.0	10.3125	10.0	10.625	0.0	0.0
v142-pure-dl	zfa	00d9f195cc533e1c52412af99b5f11c9425d99babaf0af68b7bdf7f20cd9d88e	module	10	km-native	5	5	0	5	True	"{""ok"": 5}"	10.3125	10.0	10.625	0.0	0.0	10.3125	10.0	10.625	0.0	0.0
v142-pure-dl	zfa	00d9f195cc533e1c52412af99b5f11c9425d99babaf0af68b7bdf7f20cd9d88e	module	100	km-native	5	5	0	5	True	"{""ok"": 5}"	10.3125	10.0	10.9375	0.625	0.3125	10.3125	10.0	10.9375	0.625	0.3125
v142-pure-dl	zfa	02849870a29329c76c8ad4d897426a73a2d800679c2619d373bb6285bb3a9093	full	1	km-native	5	5	0	5	True	"{""ok"": 5}"	54.55859375	54.0390625	55.59765625	0.80078125	0.4296875	54.55859375	54.0390625	55.59765625	0.80078125	0.4296875
v142-pure-dl	zfa	02849870a29329c76c8ad4d897426a73a2d800679c2619d373bb6285bb3a9093	full	10	km-native	5	5	0	5	True	"{""ok"": 5}"	56.74609375	56.34375	59.0390625	1.98046875	0.40234375	56.74609375	56.34375	59.0390625	1.98046875	0.40234375
v142-pure-dl	zfa	02849870a29329c76c8ad4d897426a73a2d800679c2619d373bb6285bb3a9093	full	100	km-native	5	5	0	5	True	"{""ok"": 5}"	57.43359375	57.05859375	59.0390625	1.66796875	0.375	57.43359375	57.05859375	59.0390625	1.66796875	0.375
v142-pure-dl	zfa	02849870a29329c76c8ad4d897426a73a2d800679c2619d373bb6285bb3a9093	module	1	km-native	5	5	0	5	True	"{""ok"": 5}"	12.1875	12.1875	12.5	0.0	0.0	12.1875	12.1875	12.5	0.0	0.0
v142-pure-dl	zfa	02849870a29329c76c8ad4d897426a73a2d800679c2619d373bb6285bb3a9093	module	10	km-native	5	5	0	5	True	"{""ok"": 5}"	12.8125	12.5	14.95703125	0.0	0.0	12.8125	12.5	14.95703125	0.0	0.0
v142-pure-dl	zfa	02849870a29329c76c8ad4d897426a73a2d800679c2619d373bb6285bb3a9093	module	100	km-native	5	5	0	5	True	"{""ok"": 5}"	12.1875	11.875	12.5	0.3125	0.3125	12.1875	11.875	12.5	0.3125	0.3125
v142-pure-dl	zfa	02c36b6dca3bd8beb958162cdea386860ab89f2b56a1d4b0b50005ae85b93d6e	full	1	km-native	5	5	0	5	True	"{""ok"": 5}"	54.5859375	54.1171875	55.19921875	0.15234375	0.125	54.5859375	54.1171875	55.19921875	0.15234375	0.125
v142-pure-dl	zfa	02c36b6dca3bd8beb958162cdea386860ab89f2b56a1d4b0b50005ae85b93d6e	full	10	km-native	5	5	0	5	True	"{""ok"": 5}"	57.76171875	55.80859375	60.55078125	1.5	0.8671875	57.76171875	55.80859375	60.55078125	1.5	0.8671875
v142-pure-dl	zfa	02c36b6dca3bd8beb958162cdea386860ab89f2b56a1d4b0b50005ae85b93d6e	full	100	km-native	5	5	0	5	True	"{""ok"": 5}"	57.94140625	55.72265625	60.5	0.22265625	0.14453125	57.94140625	55.72265625	60.5	0.22265625	0.14453125
v142-pure-dl	zfa	02c36b6dca3bd8beb958162cdea386860ab89f2b56a1d4b0b50005ae85b93d6e	module	1	km-native	5	5	0	5	True	"{""ok"": 5}"	1.25	0.9375	8.4375	0.0	0.0	1.25	0.9375	8.4375	0.0	0.0
v142-pure-dl	zfa	02c36b6dca3bd8beb958162cdea386860ab89f2b56a1d4b0b50005ae85b93d6e	module	10	km-native	5	5	0	5	True	"{""ok"": 5}"	1.25	0.9375	1.25	0.3125	0.0	1.25	0.9375	1.25	0.3125	0.0
v142-pure-dl	zfa	02c36b6dca3bd8beb958162cdea386860ab89f2b56a1d4b0b50005ae85b93d6e	module	100	km-native	5	5	0	5	True	"{""ok"": 5}"	1.25	0.9375	8.4375	0.0	0.0	1.25	0.9375	8.4375	0.0	0.0
v142-pure-dl	zfa	02ff37982fdae5be5cba8c0e67403f6fd22d360abb6c6d2943c8ae0aa6bddae8	full	1	km-native	5	5	0	5	True	"{""ok"": 5}"	54.87109375	54.55859375	55.18359375	0.32421875	0.28515625	54.87109375	54.55859375	55.18359375	0.32421875	0.28515625
v142-pure-dl	zfa	02ff37982fdae5be5cba8c0e67403f6fd22d360abb6c6d2943c8ae0aa6bddae8	full	10	km-native	5	5	0	5	True	"{""ok"": 5}"	55.5	55.49609375	63.63671875	0.62890625	0.00390625	55.5	55.49609375	63.63671875	0.62890625	0.00390625
v142-pure-dl	zfa	02ff37982fdae5be5cba8c0e67403f6fd22d360abb6c6d2943c8ae0aa6bddae8	full	100	km-native	5	5	0	5	True	"{""ok"": 5}"	57.515625	56.125	57.828125	0.7734375	0.3125	57.515625	56.125	57.828125	0.7734375	0.3125
v142-pure-dl	zfa	02ff37982fdae5be5cba8c0e67403f6fd22d360abb6c6d2943c8ae0aa6bddae8	module	1	km-native	5	5	0	5	True	"{""ok"": 5}"	10.625	10.625	11.25	0.3125	0.0	10.625	10.625	11.25	0.3125	0.0
v142-pure-dl	zfa	02ff37982fdae5be5cba8c0e67403f6fd22d360abb6c6d2943c8ae0aa6bddae8	module	10	km-native	5	5	0	5	True	"{""ok"": 5}"	11.25	10.625	13.37890625	0.3125	0.3125	11.25	10.625	13.37890625	0.3125	0.3125
v142-pure-dl	zfa	02ff37982fdae5be5cba8c0e67403f6fd22d360abb6c6d2943c8ae0aa6bddae8	module	100	km-native	5	5	0	5	True	"{""ok"": 5}"	10.9375	10.625	11.25	0.0	0.0	10.9375	10.625	11.25	0.0	0.0
v142-pure-dl	zfa	0320ee9a59793802c01888f99cfbb53405b3ecdbbbe0e8d70d24c0071e3817cd	full	1	km-native	5	5	0	5	True	"{""ok"": 5}"	54.2109375	51.61328125	55.67578125	0.74609375	0.375	54.2109375	51.61328125	55.67578125	0.74609375	0.375
v142-pure-dl	zfa	0320ee9a59793802c01888f99cfbb53405b3ecdbbbe0e8d70d24c0071e3817cd	full	10	km-native	5	5	0	5	True	"{""ok"": 5}"	59.26171875	58.484375	61.88671875	1.39453125	0.77734375	59.26171875	58.484375	61.88671875	1.39453125	0.77734375
v142-pure-dl	zfa	0320ee9a59793802c01888f99cfbb53405b3ecdbbbe0e8d70d24c0071e3817cd	full	100	km-native	5	5	0	5	True	"{""ok"": 5}"	60.7265625	59.71484375	61.34765625	0.74609375	0.62109375	60.7265625	59.71484375	61.34765625	0.74609375	0.62109375
v142-pure-dl	zfa	0320ee9a59793802c01888f99cfbb53405b3ecdbbbe0e8d70d24c0071e3817cd	module	1	km-native	5	5	0	5	True	"{""ok"": 5}"	10.625	10.3125	10.9375	0.625	0.3125	10.625	10.3125	10.9375	0.625	0.3125
v142-pure-dl	zfa	0320ee9a59793802c01888f99cfbb53405b3ecdbbbe0e8d70d24c0071e3817cd	module	10	km-native	5	5	0	5	True	"{""ok"": 5}"	10.625	10.625	10.9375	0.0	0.0	10.625	10.625	10.9375	0.0	0.0
v142-pure-dl	zfa	0320ee9a59793802c01888f99cfbb53405b3ecdbbbe0e8d70d24c0071e3817cd	module	100	km-native	5	5	0	5	True	"{""ok"": 5}"	10.625	10.3125	10.9375	0.3125	0.3125	10.625	10.3125	10.9375	0.3125	0.3125
