ontology	index	status	verdict	solved	selected_route	wall_s	peak_mb	binary_sha256	signature_sha256	correctness_basis	slurm_job_id
ore_ont_33.owl	0	ok	match	true	production_all	0.3373	52.68	ffbd9afd129533e7fa67c1c86f726496d4e269dfc38418375c16aa033e32dd9b	c547c598ede2b73339e49f4c1e805d2cdb9eacf5916e6a87169653fea88bad2d		49826973
ore_ont_105.owl	1	ok	match	true	production_all	0.0405	7.19	ffbd9afd129533e7fa67c1c86f726496d4e269dfc38418375c16aa033e32dd9b	b87db53f167df5a69d109d90740cadf2bb2c27635e9496a86f454e4838ed8728		49826974
ore_ont_148.owl	2	ok	match	true	nominals	12.1528	1638.82	ffbd9afd129533e7fa67c1c86f726496d4e269dfc38418375c16aa033e32dd9b	10ef79ea10318d5197169737fc59d7d5771162a452a2e4e1a74a7a0ca880d944		49826975
ore_ont_178.owl	3	ok	match	true	nominals	0.1563	45.91	ffbd9afd129533e7fa67c1c86f726496d4e269dfc38418375c16aa033e32dd9b	e6e4ebc5a09a391d077e5e5a30b88abe563b2c13b222f6bab8cdf1aecbf50e0a		49826976
ore_ont_258.owl	4	ok	match	true	production_all	0.0398	6.88	ffbd9afd129533e7fa67c1c86f726496d4e269dfc38418375c16aa033e32dd9b	9579a5c955be86249c9f139f96cfae0fc4ab29399e898cd12d2c769e74e464c9		49826977
ore_ont_269.owl	5	ok	match	true	production_all	2.229	565.57	ffbd9afd129533e7fa67c1c86f726496d4e269dfc38418375c16aa033e32dd9b	25a9dfe3607834ad90d624672276aede57eaf02784efa544063dd4489337adab		49826978
ore_ont_338.owl	6	ok	match	true	production_all	0.0404	7.81	ffbd9afd129533e7fa67c1c86f726496d4e269dfc38418375c16aa033e32dd9b	b745bb36702b9861d79f297df70982109814a0a5c5579b2af04f4fd748403746		49826979
ore_ont_380.owl	7	ok	match	true	production_all	0.0688	12.2	ffbd9afd129533e7fa67c1c86f726496d4e269dfc38418375c16aa033e32dd9b	55086452e6fa037ae88e22f05bf4fd7fae44c534fc7dbcf65691946962e0e202		49826980
ore_ont_394.owl	8	ok	match	true	nominals	0.0983	30.56	ffbd9afd129533e7fa67c1c86f726496d4e269dfc38418375c16aa033e32dd9b	b0b77ecd4bd6ae54580d015e3168dae58e0dd9cd80f64ecebf29d2fa2dfe5c02		49826981
ore_ont_412.owl	9	ok	match	true	production_all	0.0992	19.7	ffbd9afd129533e7fa67c1c86f726496d4e269dfc38418375c16aa033e32dd9b	9e482716a302992d30f7afcb71c473594584992bd4a9032ace1f005c460987da		49826982
ore_ont_443.owl	10	ok	match	true	nominals	0.0997	23.35	ffbd9afd129533e7fa67c1c86f726496d4e269dfc38418375c16aa033e32dd9b	3c48c283d1292f55fe67383942d35be768499f1f96e83f0adf812c000ac3b9dd		49826983
ore_ont_457.owl	11	ok	match	true	production_all	0.0708	14.38	ffbd9afd129533e7fa67c1c86f726496d4e269dfc38418375c16aa033e32dd9b	21d873c690e1f8ddd85fb557aa6ccd2dec40902830769885cb340d5889bd1b06		49826984
ore_ont_508.owl	12	ok	match	true	production_all	0.0407	7.81	ffbd9afd129533e7fa67c1c86f726496d4e269dfc38418375c16aa033e32dd9b	3847724c9e9e2a9fcf6c97fe0e5fdbe9cb10a1957f3521806480ac5f21de5f1f		49826985
ore_ont_541.owl	13	ok	match	true	production_all	0.1562	49.48	ffbd9afd129533e7fa67c1c86f726496d4e269dfc38418375c16aa033e32dd9b	c20d3724284bad20c79b64470da7d1a176fa34e92aa993fed54799a9bdbfb82e		49826986
ore_ont_544.owl	14	ok	match	true	production_all	0.1286	20.52	ffbd9afd129533e7fa67c1c86f726496d4e269dfc38418375c16aa033e32dd9b	fae1e3e632c54b1c5a0b1de39cd2907984c5cb7cb41be063ba05dc1a00470694		49826987
ore_ont_566.owl	15	ok	match	true	production_all	0.0693	11.58	ffbd9afd129533e7fa67c1c86f726496d4e269dfc38418375c16aa033e32dd9b	3460573f3c96cde1f3769168bd13a417b28ed1b271986165c4ea3a4bb63652c7		49826988
ore_ont_637.owl	16	ok	match	true	production_all	0.0399	8.12	ffbd9afd129533e7fa67c1c86f726496d4e269dfc38418375c16aa033e32dd9b	cb49a9ec460d5f3888d3d2416aa7ce8ddb9ce0c3057009d3ae037567be23d277		49826989
ore_ont_670.owl	17	ok	match	true	production_all	0.0704	13.12	ffbd9afd129533e7fa67c1c86f726496d4e269dfc38418375c16aa033e32dd9b	73ed44f501a16b10e3fc47bfe462789376f5337a258b8d668544d0fd82f3e07d		49826990
ore_ont_703.owl	18	ok	match	true	production_all	0.0405	8.12	ffbd9afd129533e7fa67c1c86f726496d4e269dfc38418375c16aa033e32dd9b	3fab48d1d70f73e046aaa7fc045b757147a895eb288a037e3d7e7a4cc9218923		49826992
ore_ont_725.owl	19	ok	match	true	production_all	0.07	12.3	ffbd9afd129533e7fa67c1c86f726496d4e269dfc38418375c16aa033e32dd9b	bcb36636c59fa3d9c804c5fe45671d1ec6012c5afabc66a6209c1ece82e576f7		49826994
ore_ont_795.owl	20	ok	match	true	production_all	5.9371	1195.4	ffbd9afd129533e7fa67c1c86f726496d4e269dfc38418375c16aa033e32dd9b	46bc86a218926fba754a544edfbd189e4985f4d1588bb590b4e7d16e7bf425b8		49826995
ore_ont_840.owl	21	ok	match	true	production_all	2.546	439.59	ffbd9afd129533e7fa67c1c86f726496d4e269dfc38418375c16aa033e32dd9b	3d88d25973c176a4c55bedc4af8b0111afbdde3b792af73c4c86386e94dad4a9		49826996
ore_ont_868.owl	22	ok	match	true	production_all	55.0929	5328.25	ffbd9afd129533e7fa67c1c86f726496d4e269dfc38418375c16aa033e32dd9b	be6be6663ffd9721606bf3cb61308789c55c28ffbe8d4ba2d85d0ee60b7fcc0f		49826997
ore_ont_869.owl	23	ok	match	true	production_all	0.0991	15.99	ffbd9afd129533e7fa67c1c86f726496d4e269dfc38418375c16aa033e32dd9b	786a9d5011c8dfe4b3b537254d4949946a4aa2a65bfa7246ecbbc5816ec89823		49826998
ore_ont_935.owl	24	ok	match	true	production_all	0.6773	57.66	ffbd9afd129533e7fa67c1c86f726496d4e269dfc38418375c16aa033e32dd9b	e28734d416a55cc903d9b1d299be79e05763691b27185934a94a42f59524be2e		49826999
ore_ont_947.owl	25	ok	match	true	production_all	0.3882	45.22	ffbd9afd129533e7fa67c1c86f726496d4e269dfc38418375c16aa033e32dd9b	04edb515f2bfe70c8381f2886402201b30947dfedb48f69eccfab4275f8d9baf		49827000
ore_ont_960.owl	26	ok	match	true	nominals	2.5535	854.55	ffbd9afd129533e7fa67c1c86f726496d4e269dfc38418375c16aa033e32dd9b	f4cfde7f23bbb2df47ece80129e120bd127df90b2793cfc5fe5bfe924b0bad33		49827001
ore_ont_964.owl	27	ok	match	true	production_all	0.3901	51.36	ffbd9afd129533e7fa67c1c86f726496d4e269dfc38418375c16aa033e32dd9b	bf71a4cbd9ebf8173477e14cd8e902174c692fbfe824487fc5f22119a63f5500		49827002
ore_ont_1012.owl	28	ok	match	true	production_all	63.942	6196.54	ffbd9afd129533e7fa67c1c86f726496d4e269dfc38418375c16aa033e32dd9b	25a9dfe3607834ad90d624672276aede57eaf02784efa544063dd4489337adab		49827003
ore_ont_1016.owl	29	ok	match	true	production_all	1.0562	582.34	ffbd9afd129533e7fa67c1c86f726496d4e269dfc38418375c16aa033e32dd9b	4761511ebdff1db0c30c8c5cac756a6fde57bf284d7be536740fd3e145e0a694		49827004
ore_ont_1017.owl	30	ok	match	true	production_all	0.0693	12.19	ffbd9afd129533e7fa67c1c86f726496d4e269dfc38418375c16aa033e32dd9b	ae99b783760a88e6b52f52e8fc649a680d05124b89be44322252f8d9a4e9b7b8		49827005
ore_ont_1034.owl	31	ok	match	true	production_all	0.0709	8.44	ffbd9afd129533e7fa67c1c86f726496d4e269dfc38418375c16aa033e32dd9b	25a9dfe3607834ad90d624672276aede57eaf02784efa544063dd4489337adab		49827006
ore_ont_1082.owl	32	ok	match	true	production_all	2.3077	589.89	ffbd9afd129533e7fa67c1c86f726496d4e269dfc38418375c16aa033e32dd9b	d74d401fbc3ede0305a22638186dbf109482648f2c9bee7be761183c26937f9a		49827008
ore_ont_1194.owl	33	error	error	false	nominals	28.6353	18577.2	ffbd9afd129533e7fa67c1c86f726496d4e269dfc38418375c16aa033e32dd9b			49826958
ore_ont_1212.owl	34	ok	match	true	production_all	1.3473	289.29	ffbd9afd129533e7fa67c1c86f726496d4e269dfc38418375c16aa033e32dd9b	772e912b94a8d6e544147a6baef2955c80c5f9e7d4f2c805da71d1e1f9474516		49827010
ore_ont_1272.owl	35	ok	match	true	production_all	3.2127	723.69	ffbd9afd129533e7fa67c1c86f726496d4e269dfc38418375c16aa033e32dd9b	ba4a5ca1111a1ab31aaab5c4fee7b7cf5fb80a35ceda816fbfca46da60d13da0		49827011
ore_ont_1306.owl	36	ok	match	true	production_all	41.5131	4607.92	ffbd9afd129533e7fa67c1c86f726496d4e269dfc38418375c16aa033e32dd9b	25a9dfe3607834ad90d624672276aede57eaf02784efa544063dd4489337adab		49827012
ore_ont_1325.owl	37	ok	match	true	production_all	0.0404	8.12	ffbd9afd129533e7fa67c1c86f726496d4e269dfc38418375c16aa033e32dd9b	f4d1df3b8fd67c88abe2789c705dcf70bea77e675f8196f5ecb4bba1f440b8be		49827013
ore_ont_1340.owl	38	ok	match	true	production_all	0.1899	51.95	ffbd9afd129533e7fa67c1c86f726496d4e269dfc38418375c16aa033e32dd9b	cd58269a7598470fd2e574ac761fc27a8579eaf49b660f71530d93af973ec852		49827014
ore_ont_1357.owl	39	ok	match	true	production_all	5.1086	1039.88	ffbd9afd129533e7fa67c1c86f726496d4e269dfc38418375c16aa033e32dd9b	252e5a317e97b937b29f83d93539566a7028d833752c8c7433dcb66bc9946f5a		49827020
ore_ont_1370.owl	40	ok	match	true	production_all	12.7414	1963.84	ffbd9afd129533e7fa67c1c86f726496d4e269dfc38418375c16aa033e32dd9b	c05f030504ebae8cf9ae1a43f33f679c0eb33055041d00f5ba3797c5ec3f2408		49827021
ore_ont_1420.owl	41	ok	match	true	production_all	0.0405	6.88	ffbd9afd129533e7fa67c1c86f726496d4e269dfc38418375c16aa033e32dd9b	4823f97a40abc54c7cdaeb1da933f82879169872bed63ed9a200c0ba94d3f9c5		49827022
ore_ont_1473.owl	42	ok	match	true	production_all	0.0709	11.2	ffbd9afd129533e7fa67c1c86f726496d4e269dfc38418375c16aa033e32dd9b	0294b032925c15c476e5177efb18e8e6f3208e75b5a05531ebbc3aa67610afec		49827023
ore_ont_1481.owl	43	ok	match	true	production_all	1.2056	287.39	ffbd9afd129533e7fa67c1c86f726496d4e269dfc38418375c16aa033e32dd9b	4258584ca637b9cb22cf9a2a5adf454d2630a2af8bd7524f62032bc048bb52dc		49827024
ore_ont_1493.owl	44	ok	match	true	production_all	0.249	66.75	ffbd9afd129533e7fa67c1c86f726496d4e269dfc38418375c16aa033e32dd9b	db0c3f18e8a94a9ba207e78900e81b51fd5883e09c1aacd893600bc96fcf4fbe		49827025
ore_ont_1494.owl	45	ok	match	true	production_all	0.0408	8.44	ffbd9afd129533e7fa67c1c86f726496d4e269dfc38418375c16aa033e32dd9b	0c5bac20e795a43b20fa62c2633255b76b0b0e309ac355d1f474982d966c8a97		49827027
ore_ont_1501.owl	46	ok	match	true	production_all	0.4194	49.89	ffbd9afd129533e7fa67c1c86f726496d4e269dfc38418375c16aa033e32dd9b	12cd4960cb68b7dc6a9a238e85da4036dc3f54687cf9402764fb38a886c7456a		49827028
ore_ont_1555.owl	47	ok	match	true	nominals	0.2476	104.04	ffbd9afd129533e7fa67c1c86f726496d4e269dfc38418375c16aa033e32dd9b	a9a6e523bf2e63b92cabe7d60d4ca2a160340fd91a5d0bd5653d6f40f352bbfc		49827029
ore_ont_1559.owl	48	ok	match	true	production_all	66.4171	8347.28	ffbd9afd129533e7fa67c1c86f726496d4e269dfc38418375c16aa033e32dd9b	a1ad6c7eedab65f2395675205f0cbfbb3c25aad43d40690ad8acfbae483a652d		49827030
ore_ont_1579.owl	49	ok	match	true	production_all	12.5546	1039.67	ffbd9afd129533e7fa67c1c86f726496d4e269dfc38418375c16aa033e32dd9b	1e3901c4e07c5ed16d1540ad65c9c714ab2b8d2c2a3f8f7ce285745c1dc69498		49827031
ore_ont_1603.owl	50	ok	match	true	production_all	4.5432	240.04	ffbd9afd129533e7fa67c1c86f726496d4e269dfc38418375c16aa033e32dd9b	fa39d615f9e61b2f89febfb836d0fa368b9435190ce5604b479573c80a7e3081		49827032
ore_ont_1618.owl	51	ok	match	true	production_all	0.0413	14.97	ffbd9afd129533e7fa67c1c86f726496d4e269dfc38418375c16aa033e32dd9b	e2658caadf043dbf5c015820328c06e106102c19d14b53944c95ccdc74a85554		49827033
ore_ont_1666.owl	52	ok	match	true	production_all	0.3288	43.16	ffbd9afd129533e7fa67c1c86f726496d4e269dfc38418375c16aa033e32dd9b	fa40d5b25c95a52249cb01f29ba0f315d1a0223bb9f9080bb70f7d47e741adbd		49827034
ore_ont_1790.owl	53	ok	match	true	nominals	10.5666	1571.09	ffbd9afd129533e7fa67c1c86f726496d4e269dfc38418375c16aa033e32dd9b	6dd2a1f6eaa9f001ed5c7db958ff1edd374302f7b4e6b64679a6b0deb7635ff6		49827035
ore_ont_1793.owl	54	ok	match	true	production_all	0.0707	11.17	ffbd9afd129533e7fa67c1c86f726496d4e269dfc38418375c16aa033e32dd9b	880e5d909a6e1aadf9f84775c3bf73bd5c26bbe4d9a3f2b494477818ad6b2832		49827036
ore_ont_1902.owl	55	ok	match	true	production_all	0.0705	9.38	ffbd9afd129533e7fa67c1c86f726496d4e269dfc38418375c16aa033e32dd9b	ced976926250d9f91ce25eb6fa928bab4b4b0c9b0864abc43fcb5f2eea7a05b7		49827037
ore_ont_1967.owl	56	ok	match	true	production_all	0.0401	6.88	ffbd9afd129533e7fa67c1c86f726496d4e269dfc38418375c16aa033e32dd9b	efda811e1d6e9ea5f0db4e624fb6396525b8b8062b2425db6e4d09050f5b1c17		49827038
ore_ont_1970.owl	57	ok	match	true	production_all	0.1596	27.72	ffbd9afd129533e7fa67c1c86f726496d4e269dfc38418375c16aa033e32dd9b	61b592347078fca805011c536599fcf4a353ccb7e90d1677c3b07485f1d77e72		49827039
ore_ont_2011.owl	58	ok	match	true	production_all	0.0406	10.0	ffbd9afd129533e7fa67c1c86f726496d4e269dfc38418375c16aa033e32dd9b	56ed4e3d127a5629acea9af4a49866c473a53c149dfa685e194191af802668dd		49827040
ore_ont_2036.owl	59	ok	match	true	production_all	0.0407	6.88	ffbd9afd129533e7fa67c1c86f726496d4e269dfc38418375c16aa033e32dd9b	1b7cba6bc7b03320f1e66d8e1e8ab7f7055d76d6531012ecc7237356e50201fc		49827041
ore_ont_2046.owl	60	ok	match	true	production_all	17.7203	3238.54	ffbd9afd129533e7fa67c1c86f726496d4e269dfc38418375c16aa033e32dd9b	25a9dfe3607834ad90d624672276aede57eaf02784efa544063dd4489337adab		49827042
ore_ont_2066.owl	61	ok	match	true	production_all	0.0406	7.5	ffbd9afd129533e7fa67c1c86f726496d4e269dfc38418375c16aa033e32dd9b	91adc813320db3dcb85694efba9d6579b27797ae80fab7cbed7660d01b838a28		49827043
ore_ont_2105.owl	62	ok	match	true	production_all	0.9002	260.79	ffbd9afd129533e7fa67c1c86f726496d4e269dfc38418375c16aa033e32dd9b	25a9dfe3607834ad90d624672276aede57eaf02784efa544063dd4489337adab		49827044
ore_ont_2128.owl	63	ok	match	true	production_all	0.3029	37.65	ffbd9afd129533e7fa67c1c86f726496d4e269dfc38418375c16aa033e32dd9b	2e3d43d2ccdef95965bb116db6a147ac1c9436689d91642fdc0a0ae516665943		49827045
ore_ont_2129.owl	64	ok	match	true	production_all	0.4861	56.11	ffbd9afd129533e7fa67c1c86f726496d4e269dfc38418375c16aa033e32dd9b	cb1caedcdcf14007912e6f4869d1347fe285cc5c4d848f40f247b83ee9989851		49827046
ore_ont_2195.owl	65	ok	match	true	production_all	0.1013	25.52	ffbd9afd129533e7fa67c1c86f726496d4e269dfc38418375c16aa033e32dd9b	25a9dfe3607834ad90d624672276aede57eaf02784efa544063dd4489337adab		49827047
ore_ont_2228.owl	66	ok	match	true	production_all	0.0409	7.81	ffbd9afd129533e7fa67c1c86f726496d4e269dfc38418375c16aa033e32dd9b	ce2a95ed1d1036bf9d4704f8cf34410b65b27c0792ad983ffa7bcdf93124e17f		49827048
ore_ont_2237.owl	67	ok	match	true	production_all	0.0705	8.75	ffbd9afd129533e7fa67c1c86f726496d4e269dfc38418375c16aa033e32dd9b	25a9dfe3607834ad90d624672276aede57eaf02784efa544063dd4489337adab		49827049
ore_ont_2243.owl	68	ok	match	true	production_all	7.4555	1709.93	ffbd9afd129533e7fa67c1c86f726496d4e269dfc38418375c16aa033e32dd9b	25a9dfe3607834ad90d624672276aede57eaf02784efa544063dd4489337adab		49827050
ore_ont_2253.owl	69	ok	match	true	production_all	20.5269	3726.27	ffbd9afd129533e7fa67c1c86f726496d4e269dfc38418375c16aa033e32dd9b	25a9dfe3607834ad90d624672276aede57eaf02784efa544063dd4489337adab		49827051
ore_ont_2266.owl	70	ok	match	true	production_all	0.0701	13.74	ffbd9afd129533e7fa67c1c86f726496d4e269dfc38418375c16aa033e32dd9b	b259329a58c29998b5e5fb98602314993dcc590449779f452e8b5d7c24f1fdbd		49827052
ore_ont_2313.owl	71	ok	match	true	production_all	0.995	213.1	ffbd9afd129533e7fa67c1c86f726496d4e269dfc38418375c16aa033e32dd9b	4b1c2c0b5c33e7ea8178bc5c98d5a8cebc422a378856682657ae0036ecf4fef8		49827053
ore_ont_2317.owl	72	ok	match	true	production_all	0.5626	61.95	ffbd9afd129533e7fa67c1c86f726496d4e269dfc38418375c16aa033e32dd9b	06aea88f93c8a06fd471868569d9c58f3a0e1ea01f06c1accbb26d292d5cec76		49827055
ore_ont_2333.owl	73	ok	match	true	production_all	0.1914	63.93	ffbd9afd129533e7fa67c1c86f726496d4e269dfc38418375c16aa033e32dd9b	afac023702c0cc4c05d8529939485e44cc82c4f08d6d4108b5ae432ba581aef9		49827056
ore_ont_2361.owl	74	ok	match	true	production_all	10.942	1489.89	ffbd9afd129533e7fa67c1c86f726496d4e269dfc38418375c16aa033e32dd9b	8e53f546be8c3e5a75323e982976ce736e03fdd7215f8151cee711479b994b36		49827060
ore_ont_2377.owl	75	ok	match	true	production_all	0.1575	21.19	ffbd9afd129533e7fa67c1c86f726496d4e269dfc38418375c16aa033e32dd9b	bf3c549a55d176d5afde0b3ae58f955c13ed80a01d8125d635ac86be234e05c2		49827061
ore_ont_2378.owl	76	ok	match	true	production_all	0.0704	11.84	ffbd9afd129533e7fa67c1c86f726496d4e269dfc38418375c16aa033e32dd9b	456885455165455332dfd3bedfcd097c8bb74b34227a78d2f807df414bb96578		49827062
ore_ont_2397.owl	77	ok	match	true	production_all	2.4139	494.01	ffbd9afd129533e7fa67c1c86f726496d4e269dfc38418375c16aa033e32dd9b	8a4a0c8bc8402efaf65343c6e3f705dcc3faabbbeaa15ae6ee5d34cc5259d06e		49827063
ore_ont_2440.owl	78	ok	match	true	production_all	0.0996	16.51	ffbd9afd129533e7fa67c1c86f726496d4e269dfc38418375c16aa033e32dd9b	5a47a7dfd4ef9fd3755517b8220470e67a0a4611f8c5fc76fa395544f822571e		49827064
ore_ont_2453.owl	79	ok	match	true	production_all	0.1614	45.51	ffbd9afd129533e7fa67c1c86f726496d4e269dfc38418375c16aa033e32dd9b	104ea91f04934d91a9e0815b45a9940e4e60c9e8aaec0838658a8814d6004ffa		49827065
ore_ont_2469.owl	80	ok	match	true	production_all	7.9984	1782.41	ffbd9afd129533e7fa67c1c86f726496d4e269dfc38418375c16aa033e32dd9b	738b1c7ce71d64c72af0d7c491746e78c01fc4bc002df6313b1ed3a2c80cd719		49827066
ore_ont_2485.owl	81	ok	match	true	production_all	0.041	8.17	ffbd9afd129533e7fa67c1c86f726496d4e269dfc38418375c16aa033e32dd9b	b254f390278d1308d3020ce93a0e4bfe308f497cf36477cc27bbb763d08458df		49827067
ore_ont_2491.owl	82	ok	match	true	production_all	0.7502	165.44	ffbd9afd129533e7fa67c1c86f726496d4e269dfc38418375c16aa033e32dd9b	25a9dfe3607834ad90d624672276aede57eaf02784efa544063dd4489337adab		49827068
ore_ont_2496.owl	83	ok	match	true	production_all	0.099	14.53	ffbd9afd129533e7fa67c1c86f726496d4e269dfc38418375c16aa033e32dd9b	6c8c2dd1ea442064196c32326cd1c2c8d3a72ecf5e3d2c331a16cc9281ffa925		49827069
ore_ont_2497.owl	84	ok	match	true	production_all	0.4266	44.6	ffbd9afd129533e7fa67c1c86f726496d4e269dfc38418375c16aa033e32dd9b	7c5910f08321736ac0f61ab34fd1b38ef7ab515e5625800662344bdf0365b1c7		49827071
ore_ont_2557.owl	85	ok	match	true	production_all	0.0407	7.5	ffbd9afd129533e7fa67c1c86f726496d4e269dfc38418375c16aa033e32dd9b	25a9dfe3607834ad90d624672276aede57eaf02784efa544063dd4489337adab		49827072
ore_ont_2569.owl	86	ok	match	true	production_all	0.099	17.71	ffbd9afd129533e7fa67c1c86f726496d4e269dfc38418375c16aa033e32dd9b	f24e7d7134057ec9e2d1325d01ae3d43562f5d211c84654d4726d67eee07aed9		49827073
ore_ont_2591.owl	87	ok	match	true	production_all	0.4774	55.52	ffbd9afd129533e7fa67c1c86f726496d4e269dfc38418375c16aa033e32dd9b	25a9dfe3607834ad90d624672276aede57eaf02784efa544063dd4489337adab		49827074
ore_ont_2627.owl	88	ok	match	true	production_all	1.3434	307.29	ffbd9afd129533e7fa67c1c86f726496d4e269dfc38418375c16aa033e32dd9b	bf4c6b70ee61c103bc93c176ef918936c57a650723d025e60e69b91c8832bb8b		49827075
ore_ont_2632.owl	89	ok	match	true	nominals	2.0536	529.47	ffbd9afd129533e7fa67c1c86f726496d4e269dfc38418375c16aa033e32dd9b	62e68a1ac660d1e1e592bc93f63b7ae9f7acc7abdfa947f439c231d3a6f804d3		49827076
ore_ont_2654.owl	90	ok	match	true	production_all	0.0414	8.18	ffbd9afd129533e7fa67c1c86f726496d4e269dfc38418375c16aa033e32dd9b	3453da9381fa3e59bdb9b370be6f6df50aba9d9d88fc465e3d19e3894e14d009		49827077
ore_ont_2661.owl	91	ok	match	true	production_all	1.0583	222.25	ffbd9afd129533e7fa67c1c86f726496d4e269dfc38418375c16aa033e32dd9b	9f600e8b5d326d5a3980de356c4a8b1ca839ec07547ad7ad3abff09a2cc2045f		49827078
ore_ont_2662.owl	92	ok	match	true	production_all	0.041	7.19	ffbd9afd129533e7fa67c1c86f726496d4e269dfc38418375c16aa033e32dd9b	fd34b1d4ceb20c5e75b681223a69317888fd506e8507339ea206a877509b78c4		49827079
ore_ont_2669.owl	93	ok	consistency_mismatch	false	ht_rules	0.1612	25.0	ffbd9afd129533e7fa67c1c86f726496d4e269dfc38418375c16aa033e32dd9b	3c48c283d1292f55fe67383942d35be768499f1f96e83f0adf812c000ac3b9dd		49827081
ore_ont_2672.owl	94	ok	match	true	production_all	0.0406	8.44	ffbd9afd129533e7fa67c1c86f726496d4e269dfc38418375c16aa033e32dd9b	ccec9d60ef1094821eb6a78cfc3f7622e8a27e0abd8d4c0e041c3e950febe5a1		49827082
ore_ont_2678.owl	95	ok	match	true	nominals	0.0992	63.38	ffbd9afd129533e7fa67c1c86f726496d4e269dfc38418375c16aa033e32dd9b	4d94e1f7530b312057603495f8070e53a9716410718fe3794dac0817974fc788		49827083
ore_ont_2713.owl	96	ok	match	true	production_all	0.0414	8.44	ffbd9afd129533e7fa67c1c86f726496d4e269dfc38418375c16aa033e32dd9b	7d4cfe7d4dbc46f455eac2edb2b1f18fb1311cc83088c0fd513b2a1a8b6ed859		49827084
ore_ont_2720.owl	97	ok	match	true	production_all	0.041	9.06	ffbd9afd129533e7fa67c1c86f726496d4e269dfc38418375c16aa033e32dd9b	809fa595c9cd497346a427ce8a4df2a95f9aa123110f8772b5085cdff3a09800		49827085
ore_ont_2744.owl	98	ok	match	true	nominals	0.1622	77.79	ffbd9afd129533e7fa67c1c86f726496d4e269dfc38418375c16aa033e32dd9b	cc1a1bfca6d6ba98ffc979241d1b99f078e266c40abb6c2e862884301f8b44bd		49827086
ore_ont_2753.owl	99	ok	match	true	production_all	0.0402	7.5	ffbd9afd129533e7fa67c1c86f726496d4e269dfc38418375c16aa033e32dd9b	2edc19bebc56e548c1a2996cf388171b36806041f17480c9a1fb2606cab8334c		49827087
ore_ont_2803.owl	100	ok	match	true	production_all	6.49	1264.95	ffbd9afd129533e7fa67c1c86f726496d4e269dfc38418375c16aa033e32dd9b	f0c432fee3845eb4ee0944c812ab0cadbbb8b96ea3184fcfff116504553d20e6		49827088
ore_ont_2828.owl	101	ok	match	true	production_all	9.096	2108.63	ffbd9afd129533e7fa67c1c86f726496d4e269dfc38418375c16aa033e32dd9b	0399302fe592566a3f17d25fbcacdc7be2952b4cf76e2c14384f00e5f7a73b4f		49827089
ore_ont_2860.owl	102	ok	match	true	nominals	0.3706	159.93	ffbd9afd129533e7fa67c1c86f726496d4e269dfc38418375c16aa033e32dd9b	32f9f65defa5b278b7745ffe5d0fc8e4815fd87d064b09f179dd5d5d4322aa26		49827090
ore_ont_2876.owl	103	ok	match	true	production_all	0.0406	6.56	ffbd9afd129533e7fa67c1c86f726496d4e269dfc38418375c16aa033e32dd9b	ccdfc6d626940ef30a9115eff4872649ebcdaae60e4ff9e1d922d38485fb44ad		49827091
ore_ont_3050.owl	104	ok	match	true	nominals	13.9553	3165.91	ffbd9afd129533e7fa67c1c86f726496d4e269dfc38418375c16aa033e32dd9b	6dd2a1f6eaa9f001ed5c7db958ff1edd374302f7b4e6b64679a6b0deb7635ff6		49827092
ore_ont_3082.owl	105	ok	match	true	production_all	0.0413	6.56	ffbd9afd129533e7fa67c1c86f726496d4e269dfc38418375c16aa033e32dd9b	0b77ec936cb4d6f7a533a0b8321147d39fb68a521a2b260f1a81d30e3cb589fa		49827093
ore_ont_3106.owl	106	ok	match	true	production_all	0.2215	38.06	ffbd9afd129533e7fa67c1c86f726496d4e269dfc38418375c16aa033e32dd9b	28dfc47a6b572c7c94f510f067e8c416c66be2b4e826c29df6fb4e615d95915f		49827094
ore_ont_3164.owl	107	ok	match	true	production_all	5.3514	950.43	ffbd9afd129533e7fa67c1c86f726496d4e269dfc38418375c16aa033e32dd9b	33d524f5fa1fcd7e3ac81f8c2163ee6b7b97cc3236863781ef629d9887b43d0b		49827095
ore_ont_3177.owl	108	ok	match	true	production_all	0.1909	32.89	ffbd9afd129533e7fa67c1c86f726496d4e269dfc38418375c16aa033e32dd9b	07663e7029f71a58e44ff18ab67c370076dfb27460959b9943b138948cb9b7d5		49827111
ore_ont_3215.owl	109	ok	match	true	production_all	162.9248	8183.54	ffbd9afd129533e7fa67c1c86f726496d4e269dfc38418375c16aa033e32dd9b	2e629f329a33aae3af87893afb850e383d3aece4e19f6785157d4d8756234f6b		49827113
ore_ont_3231.owl	110	ok	match	true	production_all	0.0724	40.15	ffbd9afd129533e7fa67c1c86f726496d4e269dfc38418375c16aa033e32dd9b	6c80b4663d84cc112c1f4e35b5dee1d7407ac3435d8593df8805646a5dbd78bb		49827114
ore_ont_3259.owl	111	ok	match	true	production_all	0.0713	17.61	ffbd9afd129533e7fa67c1c86f726496d4e269dfc38418375c16aa033e32dd9b	25a9dfe3607834ad90d624672276aede57eaf02784efa544063dd4489337adab		49827116
ore_ont_3260.owl	112	ok	match	true	certified_nominals	0.0411	11.92	ffbd9afd129533e7fa67c1c86f726496d4e269dfc38418375c16aa033e32dd9b	9e31c7e70c0bc3a4bbd3efb8aacea673b4027a3cc16bf57da05d04e5e295dfdb		49827117
ore_ont_3313.owl	113	ok	match	true	production_all	0.0999	16.79	ffbd9afd129533e7fa67c1c86f726496d4e269dfc38418375c16aa033e32dd9b	156c0e0737752b0d9eb1dc156090cfce69269a36f7ae125769bc23371a67e4ba		49827182
ore_ont_3349.owl	114	ok	match	true	production_all	0.0414	9.66	ffbd9afd129533e7fa67c1c86f726496d4e269dfc38418375c16aa033e32dd9b	fe52ef7294cf036febadb05ab1f05bdf8a0af7e52dd71d1f31ada2bd77229907		49827186
ore_ont_3377.owl	115	ok	match	true	production_all	39.1231	2639.52	ffbd9afd129533e7fa67c1c86f726496d4e269dfc38418375c16aa033e32dd9b	c0374ad84f4916ecdb8dc8f8d2ae1455c2285ed2f86aaa14c319c7a50c5900cd		49827187
ore_ont_3406.owl	116	ok	match	true	production_all	1.0282	106.07	ffbd9afd129533e7fa67c1c86f726496d4e269dfc38418375c16aa033e32dd9b	624d5d82f0c5f480837cea323d4c86ad7c1e7764ae9b3fb89acb33d9810b3c6c		49827188
ore_ont_3414.owl	117	ok	match	true	production_all	5.1263	970.33	ffbd9afd129533e7fa67c1c86f726496d4e269dfc38418375c16aa033e32dd9b	522aef3af0e145793028b0a2005237437702b100dbb8f4b3ee487aefb3b5b67d		49827189
ore_ont_3418.owl	118	ok	match	true	production_all	0.0408	7.5	ffbd9afd129533e7fa67c1c86f726496d4e269dfc38418375c16aa033e32dd9b	70a7760cdf714c8394efe230e853f212aefff565cd7c5c739bbe1386b0fdf0c4		49827194
ore_ont_3463.owl	119	ok	match	true	production_all	0.0407	6.56	ffbd9afd129533e7fa67c1c86f726496d4e269dfc38418375c16aa033e32dd9b	14e3abbd4745b1013a35ef51291fba70afb6eb51d002d3d2dc9bb09500152904		49827195
ore_ont_3480.owl	120	ok	match	true	production_all	0.3719	46.8	ffbd9afd129533e7fa67c1c86f726496d4e269dfc38418375c16aa033e32dd9b	bc2cc27510ca5023d81cee938b7901836f6cb98e1718518aa5d4748de7850ea7		49827196
ore_ont_3524.owl	121	ok	match	true	elc	25.6475	2580.91	ffbd9afd129533e7fa67c1c86f726496d4e269dfc38418375c16aa033e32dd9b	090129a7fbaa14652ada3408dd1f160e7dd4a09a3502cc3323d8dad734e8893a		49827198
ore_ont_3560.owl	122	ok	match	true	production_all	26.5087	3723.73	ffbd9afd129533e7fa67c1c86f726496d4e269dfc38418375c16aa033e32dd9b	a916c134368b9754f20d8daa6d7a9fd3ab83b8b2b146afb4de212242185d7993		49827204
ore_ont_3635.owl	123	ok	match	true	production_all	0.0703	12.59	ffbd9afd129533e7fa67c1c86f726496d4e269dfc38418375c16aa033e32dd9b	d70dda2b2aeb8f0348230a796bbbbeed179618410272f73d0fab0ef58f9807e8		49827205
ore_ont_3640.owl	124	ok	match	true	production_all	0.1008	22.56	ffbd9afd129533e7fa67c1c86f726496d4e269dfc38418375c16aa033e32dd9b	0242345796f9a80460ab41889f9c60f161f70d579f65e450ef7cca9e2c93da32		49827207
ore_ont_3658.owl	125	ok	match	true	production_all	6.5251	1167.48	ffbd9afd129533e7fa67c1c86f726496d4e269dfc38418375c16aa033e32dd9b	6abf4289743d05b7c75269cde13113316c621516fa3d6cd0306048c161cd1d7b		49827208
ore_ont_3712.owl	126	ok	match	true	production_all	0.2993	48.08	ffbd9afd129533e7fa67c1c86f726496d4e269dfc38418375c16aa033e32dd9b	24e57541ea2f059f849e07530327b1e6b4197982136b5930d07cc5258156f54c		49827209
ore_ont_3770.owl	127	ok	match	true	production_all	0.0412	8.12	ffbd9afd129533e7fa67c1c86f726496d4e269dfc38418375c16aa033e32dd9b	25a9dfe3607834ad90d624672276aede57eaf02784efa544063dd4489337adab		49827210
ore_ont_3784.owl	128	ok	match	true	production_all	0.3097	43.85	ffbd9afd129533e7fa67c1c86f726496d4e269dfc38418375c16aa033e32dd9b	26b8655c70484396ea5210e6edacb65de63967b0670f1763087e1eecd54c24d9		49827212
ore_ont_3795.owl	129	ok	match	true	nominal_ni_abox	1.1748	586.64	ffbd9afd129533e7fa67c1c86f726496d4e269dfc38418375c16aa033e32dd9b	6d9285aae0ab89479bc2db0d99b396d87044ea4f1baa33c4edc5fc5410681760		49827213
ore_ont_3797.owl	130	ok	match	true	production_all	0.3316	43.22	ffbd9afd129533e7fa67c1c86f726496d4e269dfc38418375c16aa033e32dd9b	25a9dfe3607834ad90d624672276aede57eaf02784efa544063dd4489337adab		49827215
ore_ont_3836.owl	131	ok	match	true	production_all	31.8194	5316.58	ffbd9afd129533e7fa67c1c86f726496d4e269dfc38418375c16aa033e32dd9b	203f79d8a6f6590f120e9edd2b5f01c21a0b39b2fce4a84de55ada270163e4c5		49827216
ore_ont_3842.owl	132	ok	match	true	production_all	0.041	7.76	ffbd9afd129533e7fa67c1c86f726496d4e269dfc38418375c16aa033e32dd9b	149b7198f920010407261137b83b46ba384d57d1349dd3ff2dcdf50f3e36b101		49827217
ore_ont_3905.owl	133	ok	match	true	production_all	0.19	55.54	ffbd9afd129533e7fa67c1c86f726496d4e269dfc38418375c16aa033e32dd9b	9026921dbe65d33881bd60615ecda0c9dd6e7ad4dd9376b64b51596bbc6f8f92		49827218
ore_ont_3909.owl	134	ok	match	true	production_all	0.0404	6.25	ffbd9afd129533e7fa67c1c86f726496d4e269dfc38418375c16aa033e32dd9b	5ec0c0065801b5eee139e6d08a289191c287abe064a95ac8fe9570e90d0f6fd6		49827222
ore_ont_3931.owl	135	ok	match	true	production_all	0.1009	30.15	ffbd9afd129533e7fa67c1c86f726496d4e269dfc38418375c16aa033e32dd9b	1f5a534b480adabb390fc161c5ae04304f2a150a97a4f9767ac6ba0e107d8b48		49827223
ore_ont_3954.owl	136	ok	match	true	production_all	5.716	1025.35	ffbd9afd129533e7fa67c1c86f726496d4e269dfc38418375c16aa033e32dd9b	f36c7be0b65832b4a9cfe365697a413c326eae0f77db2a4eb2b060ca95f29725		49827225
ore_ont_3978.owl	137	ok	match	true	production_all	0.0992	14.64	ffbd9afd129533e7fa67c1c86f726496d4e269dfc38418375c16aa033e32dd9b	b71dc4a127bef014fab3285bdfbb1cf4c4216f4a2e68455021c5192e132ccd2d		49827229
ore_ont_4033.owl	138	ok	match	true	production_all	10.9991	1962.59	ffbd9afd129533e7fa67c1c86f726496d4e269dfc38418375c16aa033e32dd9b	25a9dfe3607834ad90d624672276aede57eaf02784efa544063dd4489337adab		49827231
ore_ont_4054.owl	139	ok	match	true	production_all	12.2067	1725.02	ffbd9afd129533e7fa67c1c86f726496d4e269dfc38418375c16aa033e32dd9b	5c77ef2e055526a9b27c3ab88ee1395c0c882c223570b27405d71ba35d66e5ef		49827232
ore_ont_4187.owl	140	ok	match	true	production_all	7.7962	1349.12	ffbd9afd129533e7fa67c1c86f726496d4e269dfc38418375c16aa033e32dd9b	cef1b9f701cffb9b99d93deb4f140456ba23b035a4564400f836f9f85d471d9f		49827237
ore_ont_4205.owl	141	ok	match	true	production_all	15.0915	2083.38	ffbd9afd129533e7fa67c1c86f726496d4e269dfc38418375c16aa033e32dd9b	59fe2ee75b8ea859b8dadcc4715d8591b3f1b41c2880e673b3a24ec9613a267c		49827241
ore_ont_4226.owl	142	ok	match	true	production_all	0.4185	49.07	ffbd9afd129533e7fa67c1c86f726496d4e269dfc38418375c16aa033e32dd9b	a2c9fd27be406668497189b64f1f673b22ea55c2266d5417991166ab3fdc6685		49827243
ore_ont_4235.owl	143	ok	match	true	production_all	0.8033	201.04	ffbd9afd129533e7fa67c1c86f726496d4e269dfc38418375c16aa033e32dd9b	059c0056376d51c12f6acbcb677a0cf1fd8d0d7f6102be275d5589d98c00c855		49827248
ore_ont_4382.owl	144	ok	match	true	production_all	0.0405	7.19	ffbd9afd129533e7fa67c1c86f726496d4e269dfc38418375c16aa033e32dd9b	8bd0ba01b95a8a38e2bfca8f7deadc71c897cfb5999690720930f1e2cac57430		49827249
ore_ont_4383.owl	145	ok	match	true	production_all	0.1295	19.38	ffbd9afd129533e7fa67c1c86f726496d4e269dfc38418375c16aa033e32dd9b	1e7c8f95f8b2b70c11e9442bd78155ef52288cc457dbd14c42fb2f77f510a315		49827250
ore_ont_4400.owl	146	ok	match	true	production_all	0.0417	9.38	ffbd9afd129533e7fa67c1c86f726496d4e269dfc38418375c16aa033e32dd9b	716cfa2d10db6e72f4c010954339c97c77a6d7400ca7547d0b9b5313da0a07d0		49827253
ore_ont_4460.owl	147	ok	match	true	production_all	0.312	52.14	ffbd9afd129533e7fa67c1c86f726496d4e269dfc38418375c16aa033e32dd9b	4afcf15d32cdd9f6fb257c5e3935c76c482fec3a5ee5a4bf823d2c447801750e		49827254
ore_ont_4487.owl	148	ok	match	true	production_all	2.7367	620.67	ffbd9afd129533e7fa67c1c86f726496d4e269dfc38418375c16aa033e32dd9b	7b1409b24f397a7d20f5d762e29936bf0731cd36c00c26743379c5b5e6ea6683		49827255
ore_ont_4527.owl	149	ok	match	true	production_all	0.0995	15.55	ffbd9afd129533e7fa67c1c86f726496d4e269dfc38418375c16aa033e32dd9b	bc4c60af4746bace5e1ec2d8deb46c8fe9820e2ea43efd33a8c2012c8921fdd7		49827256
ore_ont_4557.owl	150	ok	match	true	production_all	20.2263	3506.2	ffbd9afd129533e7fa67c1c86f726496d4e269dfc38418375c16aa033e32dd9b	25a9dfe3607834ad90d624672276aede57eaf02784efa544063dd4489337adab		49827258
ore_ont_4572.owl	151	ok	match	true	production_all	4.0165	352.46	ffbd9afd129533e7fa67c1c86f726496d4e269dfc38418375c16aa033e32dd9b	c2aff89794b9370cc1203d175854919a112f6108c687c071701adb00dfb593d5		49827259
ore_ont_4578.owl	152	ok	match	true	production_all	0.2175	36.61	ffbd9afd129533e7fa67c1c86f726496d4e269dfc38418375c16aa033e32dd9b	28dfc47a6b572c7c94f510f067e8c416c66be2b4e826c29df6fb4e615d95915f		49827261
ore_ont_4604.owl	153	ok	match	true	production_all	14.4011	2697.61	ffbd9afd129533e7fa67c1c86f726496d4e269dfc38418375c16aa033e32dd9b	d07c82fff63f66ce9e43811301a81def8459e9cac0593d2946d658c9220d7358		49827262
ore_ont_4617.owl	154	ok	match	true	production_all	3.4765	714.88	ffbd9afd129533e7fa67c1c86f726496d4e269dfc38418375c16aa033e32dd9b	9a6830c5cb0fc8b5446fc048ca3d306977592262f881e96a5269e5ed3db0e02f		49827263
ore_ont_4655.owl	155	ok	match	true	production_all	0.1598	25.22	ffbd9afd129533e7fa67c1c86f726496d4e269dfc38418375c16aa033e32dd9b	6b1945e00a8cb4bdfc5e2e33e163d8de34c7ab1d0dc1d2517212df3700e3805b		49827264
ore_ont_4662.owl	156	ok	match	true	production_all	0.6584	68.82	ffbd9afd129533e7fa67c1c86f726496d4e269dfc38418375c16aa033e32dd9b	9bb1d2922d51430135d0f93a742d285f5f11dbdda53ba29af00564bf000ceaf2		49827266
ore_ont_4669.owl	157	ok	match	true	mirror_private	68.6331	5691.5	ffbd9afd129533e7fa67c1c86f726496d4e269dfc38418375c16aa033e32dd9b	a482e066a22110df593bf3a4c1fdd0ef4404f7141903b2101b85aae49811cb30		49827267
ore_ont_4671.owl	158	ok	match	true	production_all	0.0412	8.75	ffbd9afd129533e7fa67c1c86f726496d4e269dfc38418375c16aa033e32dd9b	c97eb0f0dcd44e6d1543b0f97489647ac526bab3c084879fa26cd5c312de500f		49827268
ore_ont_4724.owl	159	ok	match	true	production_all	0.0412	7.62	ffbd9afd129533e7fa67c1c86f726496d4e269dfc38418375c16aa033e32dd9b	25a9dfe3607834ad90d624672276aede57eaf02784efa544063dd4489337adab		49827269
ore_ont_4732.owl	160	ok	match	true	production_all	0.2823	47.36	ffbd9afd129533e7fa67c1c86f726496d4e269dfc38418375c16aa033e32dd9b	46a5ae2d7526b5fbfa69fa496d0dc165e4a3029c429477030e59fed16ddaf190		49827270
ore_ont_4755.owl	161	ok	match	true	production_all	16.6783	2129.06	ffbd9afd129533e7fa67c1c86f726496d4e269dfc38418375c16aa033e32dd9b	d53fd97d7a9e7182998346d6a207bd4f4590e44960a6f8ebf0b047f0820d3380		49827271
ore_ont_4767.owl	162	ok	match	true	production_all	0.0403	7.19	ffbd9afd129533e7fa67c1c86f726496d4e269dfc38418375c16aa033e32dd9b	118fcfc33f63b6900fac9d5a8cd382782b9e10a83b4ab069db64c64dd74a2cdb		49827272
ore_ont_4782.owl	163	ok	match	true	production_all	3.2245	713.76	ffbd9afd129533e7fa67c1c86f726496d4e269dfc38418375c16aa033e32dd9b	7bd356f32241d05d26600550ab937c3970815adc6b9740c9d7bc71635958f354		49827273
ore_ont_4798.owl	164	ok	match	true	production_all	0.1307	24.91	ffbd9afd129533e7fa67c1c86f726496d4e269dfc38418375c16aa033e32dd9b	5c6f359604affee99507cdd750dbbfc794e267be366dbb2e28d23195585173fc		49827275
ore_ont_4802.owl	165	ok	match	true	production_all	7.9519	1513.9	ffbd9afd129533e7fa67c1c86f726496d4e269dfc38418375c16aa033e32dd9b	8a77d08a8524b902e299e2c4e026cdc793a8b242adddd352eba14a513af9900d		49827276
ore_ont_4827.owl	166	ok	match	true	production_all	0.3326	41.84	ffbd9afd129533e7fa67c1c86f726496d4e269dfc38418375c16aa033e32dd9b	2cc60be5f9593807e81d890be80276803cda2324d524d0e06b748f407e70f636		49827277
ore_ont_4834.owl	167	ok	match	true	nominal_ni_abox	1.2075	598.86	ffbd9afd129533e7fa67c1c86f726496d4e269dfc38418375c16aa033e32dd9b	7dcc501eb5c31fb38a279eae83ae4fe78d35fd6d9f1830cb61e6d0f66ebd395c		49827278
ore_ont_4856.owl	168	ok	match	true	production_all	0.0407	7.19	ffbd9afd129533e7fa67c1c86f726496d4e269dfc38418375c16aa033e32dd9b	a203954d51ec9ff1f842f8191198f002eb500d6f11ee88117a2d60d9130b7d05		49827279
ore_ont_4897.owl	169	ok	match	true	production_all	0.0711	9.54	ffbd9afd129533e7fa67c1c86f726496d4e269dfc38418375c16aa033e32dd9b	c79f735a2915c0674b30dcfe287bfadb93722b9af47bdbb6d15643bf06773f51		49827280
ore_ont_5002.owl	170	ok	match	true	production_all	0.4216	49.03	ffbd9afd129533e7fa67c1c86f726496d4e269dfc38418375c16aa033e32dd9b	0cb604f1415e8f094710b625d242b327bcefda1fbcaf3e206547d764c97ec371		49827281
ore_ont_5057.owl	171	ok	match	true	production_all	0.0406	9.38	ffbd9afd129533e7fa67c1c86f726496d4e269dfc38418375c16aa033e32dd9b	152831133e59e099572e05c6a84187e14d67a555555d5cac0c30630216f5d97a		49827282
ore_ont_5080.owl	172	ok	match	true	production_all	0.0988	15.28	ffbd9afd129533e7fa67c1c86f726496d4e269dfc38418375c16aa033e32dd9b	b3a15e89aee6c84449a55074504d7709a86bb94fb7c3adde4ae4441e8b0acc0a		49827284
ore_ont_5089.owl	173	ok	match	true	production_all	0.0406	7.81	ffbd9afd129533e7fa67c1c86f726496d4e269dfc38418375c16aa033e32dd9b	149bc40d44a4b5cf2530c619c709e8cc0ad6700e7c2de2cbdad6d619b7b14890		49827285
ore_ont_5090.owl	174	ok	match	true	production_all	0.0409	6.88	ffbd9afd129533e7fa67c1c86f726496d4e269dfc38418375c16aa033e32dd9b	4cb1a1e105b2edef858e03f294a792d695d67f4679b53fdab90b089e844ebde3		49827286
ore_ont_5103.owl	175	ok	match	true	production_all	1.639	401.61	ffbd9afd129533e7fa67c1c86f726496d4e269dfc38418375c16aa033e32dd9b	4903d6317aa1a70a7777f68cbc7fc9092557b46f0406719383043646969bd215		49827287
ore_ont_5107.owl	176	ok	match	true	certified_nominals	0.7299	170.39	ffbd9afd129533e7fa67c1c86f726496d4e269dfc38418375c16aa033e32dd9b	54c6abc42b8192c3f0f0d7f80649e3f74a25c3c0eda139560322ce620014eab1		49827289
ore_ont_5164.owl	177	ok	match	true	production_all	0.0718	10.47	ffbd9afd129533e7fa67c1c86f726496d4e269dfc38418375c16aa033e32dd9b	25a9dfe3607834ad90d624672276aede57eaf02784efa544063dd4489337adab		49827290
ore_ont_5184.owl	178	ok	match	true	certified_nominals	0.3018	38.58	ffbd9afd129533e7fa67c1c86f726496d4e269dfc38418375c16aa033e32dd9b	143e732f871ebc460a396f90684b0f500244eb5620173e0cc45115a9d4cc3f98		49827291
ore_ont_5197.owl	179	ok	match	true	production_all	0.1298	23.07	ffbd9afd129533e7fa67c1c86f726496d4e269dfc38418375c16aa033e32dd9b	ce38268ffd0a9fd4797e0a81f002835c27d284dccb0529b7acc2804307cb8173		49827292
ore_ont_5220.owl	180	ok	match	true	production_all	0.0412	10.28	ffbd9afd129533e7fa67c1c86f726496d4e269dfc38418375c16aa033e32dd9b	47fec0cb02d47beba5839357b6043cae06cc6eabb68ba01322a1bd54acb9717c		49827293
ore_ont_5255.owl	181	ok	match	true	production_all	0.0414	6.25	ffbd9afd129533e7fa67c1c86f726496d4e269dfc38418375c16aa033e32dd9b	db855d35339a166d888f70d54a013f5e7c1d81f161121cc6b83ca7b02d348409		49827294
ore_ont_5266.owl	182	ok	match	true	production_all	0.0708	13.05	ffbd9afd129533e7fa67c1c86f726496d4e269dfc38418375c16aa033e32dd9b	11b062554512b7dc5030652d6359a4637466330cb93b1acbbe25eb81e28b7efc		49827295
ore_ont_5292.owl	183	ok	match	true	production_all	0.0408	8.73	ffbd9afd129533e7fa67c1c86f726496d4e269dfc38418375c16aa033e32dd9b	8c9545998d1d886c8a4b0fbb652105564f4705b14a3cc49e38655a0fe3567ab7		49827296
ore_ont_5303.owl	184	ok	match	true	production_all	0.4626	258.33	ffbd9afd129533e7fa67c1c86f726496d4e269dfc38418375c16aa033e32dd9b	7f654cd28e91a63a528189ffca19da211d9a49b8531062db7c977b30a2fe3033		49827297
ore_ont_5404.owl	185	ok	match	true	production_all	0.0707	22.08	ffbd9afd129533e7fa67c1c86f726496d4e269dfc38418375c16aa033e32dd9b	71de596972c733b7c2af887e6b31e07c34c2d5c13ea5cf6b555e99f23160f1f2		49827298
ore_ont_5462.owl	186	ok	match	true	production_all	0.3296	43.23	ffbd9afd129533e7fa67c1c86f726496d4e269dfc38418375c16aa033e32dd9b	f11e631ca3131c02379b38db0d07616aa32976fd05aaf09a7abe368f79783668		49827299
ore_ont_5485.owl	187	ok	match	true	production_all	0.07	13.75	ffbd9afd129533e7fa67c1c86f726496d4e269dfc38418375c16aa033e32dd9b	6c33730d4bc6e1f6aa064f2e182593f9b6519c412c818788fe0699cb90c27b55		49827300
ore_ont_5487.owl	188	ok	match	true	production_all	0.4202	55.25	ffbd9afd129533e7fa67c1c86f726496d4e269dfc38418375c16aa033e32dd9b	3079635fbc42ede00878bb4819e33f3ad4fcb8acac25c964e80439d229873a82		49827302
ore_ont_5519.owl	189	ok	match	true	production_all	25.1402	3605.49	ffbd9afd129533e7fa67c1c86f726496d4e269dfc38418375c16aa033e32dd9b	a916c134368b9754f20d8daa6d7a9fd3ab83b8b2b146afb4de212242185d7993		49827303
ore_ont_5549.owl	190	ok	match	true	production_all	12.3137	1496.89	ffbd9afd129533e7fa67c1c86f726496d4e269dfc38418375c16aa033e32dd9b	8e53f546be8c3e5a75323e982976ce736e03fdd7215f8151cee711479b994b36		49827304
ore_ont_5564.owl	191	ok	match	true	nominals	0.1021	42.62	ffbd9afd129533e7fa67c1c86f726496d4e269dfc38418375c16aa033e32dd9b	f909e961886801e82b4341cd768807639aae0fceaa3d344678ce533d75916082		49827305
ore_ont_5566.owl	192	ok	match	true	production_all	8.9053	1774.52	ffbd9afd129533e7fa67c1c86f726496d4e269dfc38418375c16aa033e32dd9b	9a91a28aeb27d670ce72b75b354b84de5859287d44eb902647b4f47bf051eb1f		49827306
ore_ont_5572.owl	193	ok	match	true	production_all	0.0707	10.47	ffbd9afd129533e7fa67c1c86f726496d4e269dfc38418375c16aa033e32dd9b	794aad8468295c516d2a394f93d299714f490dacd1d968a6534cbe5a582bb488		49827307
ore_ont_5602.owl	194	ok	match	true	production_all	20.3385	3606.15	ffbd9afd129533e7fa67c1c86f726496d4e269dfc38418375c16aa033e32dd9b	25a9dfe3607834ad90d624672276aede57eaf02784efa544063dd4489337adab		49827309
ore_ont_5612.owl	195	ok	match	true	production_all	8.555	1414.77	ffbd9afd129533e7fa67c1c86f726496d4e269dfc38418375c16aa033e32dd9b	6c0877b5e054be5e2cef3b76c276a9c5007025f8483e4230c7156c7a45774003		49827310
ore_ont_5665.owl	196	ok	match	true	production_all	0.0408	7.81	ffbd9afd129533e7fa67c1c86f726496d4e269dfc38418375c16aa033e32dd9b	a76d933963fe7eb8acc2152ceb208fbfc847ee8140f09b4791d6d905f717ce42		49827311
ore_ont_5742.owl	197	ok	match	true	production_all	0.0405	6.56	ffbd9afd129533e7fa67c1c86f726496d4e269dfc38418375c16aa033e32dd9b	1b748642d61733666eec435cb81094c0f59dcbf20443c391069e5a9c8ce51398		49827312
ore_ont_5755.owl	198	ok	match	true	production_all	5.9963	1057.88	ffbd9afd129533e7fa67c1c86f726496d4e269dfc38418375c16aa033e32dd9b	0b8fb805974ec14b4df641131aa1c4af1eaed8babda4ab870378a05ef7aa26a0		49827313
ore_ont_5760.owl	199	ok	match	true	production_all	24.1497	4221.92	ffbd9afd129533e7fa67c1c86f726496d4e269dfc38418375c16aa033e32dd9b	25a9dfe3607834ad90d624672276aede57eaf02784efa544063dd4489337adab		49827314
ore_ont_5781.owl	200	ok	match	true	production_all	5.3769	987.26	ffbd9afd129533e7fa67c1c86f726496d4e269dfc38418375c16aa033e32dd9b	6698505bd0fd451a6061df5eff71203e6074cfc3d62e0022fe8b60d458be8237		49827315
ore_ont_5792.owl	201	ok	match	true	production_all	0.1909	31.92	ffbd9afd129533e7fa67c1c86f726496d4e269dfc38418375c16aa033e32dd9b	07663e7029f71a58e44ff18ab67c370076dfb27460959b9943b138948cb9b7d5		49827316
ore_ont_5815.owl	202	ok	match	true	production_all	0.9387	237.41	ffbd9afd129533e7fa67c1c86f726496d4e269dfc38418375c16aa033e32dd9b	25a9dfe3607834ad90d624672276aede57eaf02784efa544063dd4489337adab		49827317
ore_ont_5852.owl	203	ok	match	true	production_all	0.0412	6.25	ffbd9afd129533e7fa67c1c86f726496d4e269dfc38418375c16aa033e32dd9b	5ec0c0065801b5eee139e6d08a289191c287abe064a95ac8fe9570e90d0f6fd6		49827318
ore_ont_5927.owl	204	ok	match	true	production_all	6.0802	1172.98	ffbd9afd129533e7fa67c1c86f726496d4e269dfc38418375c16aa033e32dd9b	df5204236b942809dc9fff216bc1a3ccf523cc361d1cb9ca2a12b36456249647		49827319
ore_ont_5940.owl	205	ok	match	true	production_all	0.0996	12.26	ffbd9afd129533e7fa67c1c86f726496d4e269dfc38418375c16aa033e32dd9b	7d92b7d06a4f4f6e5d69dfe3427cf620316b986e3c97336c481323b9e2c75541		49827320
ore_ont_5943.owl	206	ok	match	true	nominals	1.2523	629.03	ffbd9afd129533e7fa67c1c86f726496d4e269dfc38418375c16aa033e32dd9b	a92d8283ca794f043d4e8674c1f149fff5ded6960d02750dd54c37511fec308a		49827321
ore_ont_5965.owl	207	ok	match	true	production_all	0.4788	54.91	ffbd9afd129533e7fa67c1c86f726496d4e269dfc38418375c16aa033e32dd9b	25a9dfe3607834ad90d624672276aede57eaf02784efa544063dd4489337adab		49827322
ore_ont_5966.owl	208	ok	match	true	production_all	0.041	7.81	ffbd9afd129533e7fa67c1c86f726496d4e269dfc38418375c16aa033e32dd9b	9f144657403b390cde484ce7144557101ddc0f91cf7a58e006f06b139d34a829		49827323
ore_ont_5974.owl	209	ok	match	true	production_all	0.5057	55.22	ffbd9afd129533e7fa67c1c86f726496d4e269dfc38418375c16aa033e32dd9b	25a9dfe3607834ad90d624672276aede57eaf02784efa544063dd4489337adab		49827324
ore_ont_6024.owl	210	ok	match	true	production_all	0.0413	7.5	ffbd9afd129533e7fa67c1c86f726496d4e269dfc38418375c16aa033e32dd9b	fd38224abd125b5f5a24640e946131f4a4c693c31fb1e3bf11f13eb8401b5c86		49827325
ore_ont_6060.owl	211	ok	match	true	nominal_ni_abox	1.2325	590.01	ffbd9afd129533e7fa67c1c86f726496d4e269dfc38418375c16aa033e32dd9b	d3e4063001c3e4438ded8d47f87d27a46d3dcbbe418ae052b9c635ae9671f559		49827326
ore_ont_6076.owl	212	ok	match	true	production_all	0.8213	69.14	ffbd9afd129533e7fa67c1c86f726496d4e269dfc38418375c16aa033e32dd9b	bd10def3d41c1e22fc106a4cbd39c7210b16e4330ff04be9ec5c9520f93a5e36		49827327
ore_ont_6102.owl	213	ok	match	true	production_all	1.1925	336.98	ffbd9afd129533e7fa67c1c86f726496d4e269dfc38418375c16aa033e32dd9b	b8b44da4d5df5135b881ed029d13a33eddb0b3560b437f3e39076c7a4d6cf04b		49827328
ore_ont_6198.owl	214	ok	match	true	production_all	0.6534	51.0	ffbd9afd129533e7fa67c1c86f726496d4e269dfc38418375c16aa033e32dd9b	3b1fad5e91e1894e3db6411002f05c0506a0878ae60f3d9f17d08307bfdc5660		49827329
ore_ont_6207.owl	215	ok	match	true	production_all	0.0407	7.19	ffbd9afd129533e7fa67c1c86f726496d4e269dfc38418375c16aa033e32dd9b	621fca63e45cf2206f96f1a26dd7196ae091dfb92bc60a5b615905d46b91ea6d		49827330
ore_ont_6212.owl	216	ok	match	true	production_all	24.1811	2482.1	ffbd9afd129533e7fa67c1c86f726496d4e269dfc38418375c16aa033e32dd9b	7ae073cdbffccf3be43a0cd32b533d98d7b44c29e3233acc91621715e1be1636		49827331
ore_ont_6223.owl	217	ok	match	true	production_all	18.5825	2437.26	ffbd9afd129533e7fa67c1c86f726496d4e269dfc38418375c16aa033e32dd9b	dca4c38812f1ba96d632392754821ae3b2a1b9ab6e3bd84b2fa9046ddbe8a811		49827332
ore_ont_6226.owl	218	ok	match	true	production_all	0.0409	11.79	ffbd9afd129533e7fa67c1c86f726496d4e269dfc38418375c16aa033e32dd9b	0f6576b1f60718edccc3bc45fa9716c9c6d463b12f6b01e4df44986fa4ac97bb		49827334
ore_ont_6230.owl	219	ok	match	true	production_all	0.4171	48.57	ffbd9afd129533e7fa67c1c86f726496d4e269dfc38418375c16aa033e32dd9b	65cd57dacb88edecf9f413022ff56ff1b53b173333a926445a1c708a5b12a13c		49827335
ore_ont_6233.owl	220	ok	match	true	production_all	46.3613	4490.45	ffbd9afd129533e7fa67c1c86f726496d4e269dfc38418375c16aa033e32dd9b	25a9dfe3607834ad90d624672276aede57eaf02784efa544063dd4489337adab		49827336
ore_ont_6246.owl	221	ok	match	true	production_all	0.6177	57.05	ffbd9afd129533e7fa67c1c86f726496d4e269dfc38418375c16aa033e32dd9b	93b7859c78179ff099816dd2be78351edf79d854aea8f8ae58fff6f666123a23		49827337
ore_ont_6310.owl	222	ok	match	true	production_all	1.3421	280.38	ffbd9afd129533e7fa67c1c86f726496d4e269dfc38418375c16aa033e32dd9b	a68ac89973e199916c1ef7d8ff6b9fd7a85c8ec7524aec5f8266dac0dc0da328		49827338
ore_ont_6358.owl	223	ok	match	true	production_all	0.3109	51.93	ffbd9afd129533e7fa67c1c86f726496d4e269dfc38418375c16aa033e32dd9b	26261a85079db13321a7de8c0b83f9f4d4a8843617179f0c1108386b659b98ca		49827339
ore_ont_6417.owl	224	ok	match	true	production_all	0.0705	9.06	ffbd9afd129533e7fa67c1c86f726496d4e269dfc38418375c16aa033e32dd9b	25a9dfe3607834ad90d624672276aede57eaf02784efa544063dd4489337adab		49827340
ore_ont_6423.owl	225	ok	match	true	production_all	0.3077	76.18	ffbd9afd129533e7fa67c1c86f726496d4e269dfc38418375c16aa033e32dd9b	d6182ad55cdcd6fa7a8d2bdc540436f4c71350f5dd7cfcf8f03c190b92679dd7		49827341
ore_ont_6433.owl	226	ok	match	true	production_all	0.3938	46.86	ffbd9afd129533e7fa67c1c86f726496d4e269dfc38418375c16aa033e32dd9b	7796424c2b2f646b5a3fb8a63b90ddbfc014127b60de867be7a57388a6366d27		49827342
ore_ont_6453.owl	227	ok	match	true	production_all	0.4608	54.59	ffbd9afd129533e7fa67c1c86f726496d4e269dfc38418375c16aa033e32dd9b	25a9dfe3607834ad90d624672276aede57eaf02784efa544063dd4489337adab		49827343
ore_ont_6477.owl	228	ok	match	true	production_all	19.3294	3148.62	ffbd9afd129533e7fa67c1c86f726496d4e269dfc38418375c16aa033e32dd9b	01e8ae5dd77b83a67724a6e40f88ce2191f96e1f74003d90a67d0974f037a188		49827344
ore_ont_6566.owl	229	ok	match	true	production_all	0.0993	15.87	ffbd9afd129533e7fa67c1c86f726496d4e269dfc38418375c16aa033e32dd9b	456de73651e72ad41cafa09ec4862170488fa58bfc96804cf0b22bf8bddcd79a		49827345
ore_ont_6589.owl	230	ok	match	true	nominals	0.041	6.88	ffbd9afd129533e7fa67c1c86f726496d4e269dfc38418375c16aa033e32dd9b	effa0eaa4edd98d52b7412297ea2f1305fb8161995434cba59061ec953abf851		49827346
ore_ont_6659.owl	231	ok	match	true	production_all	2.1988	531.34	ffbd9afd129533e7fa67c1c86f726496d4e269dfc38418375c16aa033e32dd9b	ebca2b615596b2796e548fc678858b7e399a9eba523ee96579bef889d19801cf		49827347
ore_ont_6682.owl	232	ok	match	true	production_all	32.4226	8029.07	ffbd9afd129533e7fa67c1c86f726496d4e269dfc38418375c16aa033e32dd9b	0a7e90878ba8715efca484296498d433cf7ab87612dc369aacb545029d3e93e3		49827348
ore_ont_6696.owl	233	ok	match	true	production_all	0.0696	11.56	ffbd9afd129533e7fa67c1c86f726496d4e269dfc38418375c16aa033e32dd9b	2d805b780f699bee6f128c54f0e3b589416c072e1830309a93bbc64f730a5d81		49827349
ore_ont_6720.owl	234	ok	match	true	production_all	0.0403	9.38	ffbd9afd129533e7fa67c1c86f726496d4e269dfc38418375c16aa033e32dd9b	3c48c283d1292f55fe67383942d35be768499f1f96e83f0adf812c000ac3b9dd		49827351
ore_ont_6722.owl	235	ok	match	true	production_all	7.7658	1142.32	ffbd9afd129533e7fa67c1c86f726496d4e269dfc38418375c16aa033e32dd9b	4564dd0471d31889baa9329a691ff22bf09d5125cbec7d460810722b7c25a901		49827352
ore_ont_6735.owl	236	ok	match	true	production_all	0.0406	6.56	ffbd9afd129533e7fa67c1c86f726496d4e269dfc38418375c16aa033e32dd9b	568b20ec22f256e9bd4fc9fcf15cf4b3157021cf963d60142af61ee8f90294a8		49827353
ore_ont_6751.owl	237	ok	match	true	production_all	0.2517	39.53	ffbd9afd129533e7fa67c1c86f726496d4e269dfc38418375c16aa033e32dd9b	5c1fe0699854aa6c4f891ae1122faf848af88deaf57d6d6a18959e0c89e90df6		49827354
ore_ont_6765.owl	238	ok	match	true	nominals	10.7733	1589.02	ffbd9afd129533e7fa67c1c86f726496d4e269dfc38418375c16aa033e32dd9b	f4cfde7f23bbb2df47ece80129e120bd127df90b2793cfc5fe5bfe924b0bad33		49827355
ore_ont_6796.owl	239	ok	match	true	production_all	0.0403	7.5	ffbd9afd129533e7fa67c1c86f726496d4e269dfc38418375c16aa033e32dd9b	75b6c8b0da2fa48dcb7812afec56880fd64859eea8a24c86d2dd2f6c6e159e13		49827356
ore_ont_6812.owl	240	ok	match	true	production_all	0.0408	6.56	ffbd9afd129533e7fa67c1c86f726496d4e269dfc38418375c16aa033e32dd9b	1b748642d61733666eec435cb81094c0f59dcbf20443c391069e5a9c8ce51398		49827357
ore_ont_6817.owl	241	ok	match	true	production_all	0.0996	16.3	ffbd9afd129533e7fa67c1c86f726496d4e269dfc38418375c16aa033e32dd9b	2a47d8eb1298a2a53d28da4d78f897a04fbc8dcd17e84c2dd3306c341f87ecec		49827359
ore_ont_6855.owl	242	ok	match	true	nominals	0.0405	19.03	ffbd9afd129533e7fa67c1c86f726496d4e269dfc38418375c16aa033e32dd9b	53a658f652f9df7a203289d89ad485dc611e4451cbca395eaaf186dd63f1a2df		49827360
ore_ont_6869.owl	243	ok	match	true	production_all	0.3084	47.43	ffbd9afd129533e7fa67c1c86f726496d4e269dfc38418375c16aa033e32dd9b	222d0c9496adf87472570ce6385aec3f1d0854a9222db549213d721ed89e6940		49827361
ore_ont_6870.owl	244	ok	match	true	production_all	0.3091	46.59	ffbd9afd129533e7fa67c1c86f726496d4e269dfc38418375c16aa033e32dd9b	b073c08ca62b95b0d634eab18aaff4fefe8d4cea94718a22b13e75f9f7cdac85		49827362
ore_ont_6934.owl	245	ok	match	true	nominal_ni_abox	200.7174	1431.87	ffbd9afd129533e7fa67c1c86f726496d4e269dfc38418375c16aa033e32dd9b	5e60a794400802833a9d5785abb6320b7b13d702e48a4c810462bad6c1fc931e		49827363
ore_ont_6999.owl	246	ok	match	true	certified_nominals	0.3068	95.03	ffbd9afd129533e7fa67c1c86f726496d4e269dfc38418375c16aa033e32dd9b	db669ccdb7494f564a988b9f8cf0084b3714c0feb590e272fb75185f2de1c1d3		49827364
ore_ont_7003.owl	247	ok	match	true	production_all	0.0411	7.99	ffbd9afd129533e7fa67c1c86f726496d4e269dfc38418375c16aa033e32dd9b	25a9dfe3607834ad90d624672276aede57eaf02784efa544063dd4489337adab		49827365
ore_ont_7025.owl	248	ok	match	true	nominals	1.2759	630.36	ffbd9afd129533e7fa67c1c86f726496d4e269dfc38418375c16aa033e32dd9b	d46b11fc71dde82bf5ef0a349d3b41a845c9f34f60e8959d9783216dac92d420		49827366
ore_ont_7052.owl	249	ok	match	true	nominals	0.042	11.79	ffbd9afd129533e7fa67c1c86f726496d4e269dfc38418375c16aa033e32dd9b	3c48c283d1292f55fe67383942d35be768499f1f96e83f0adf812c000ac3b9dd		49827367
ore_ont_7120.owl	250	ok	match	true	production_all	0.0701	13.97	ffbd9afd129533e7fa67c1c86f726496d4e269dfc38418375c16aa033e32dd9b	9448c0d4cf3dfd61d5ba709b2126df314cf4e7ae4c0d1743e9e02490c6743559		49827368
ore_ont_7127.owl	251	ok	match	true	production_all	10.5852	2110.36	ffbd9afd129533e7fa67c1c86f726496d4e269dfc38418375c16aa033e32dd9b	6d60a4b9434307896c1d29c6e289b5379fe2d39b68754be2d07ab82682ab6235		49827369
ore_ont_7169.owl	252	ok	match	true	production_all	0.0695	10.55	ffbd9afd129533e7fa67c1c86f726496d4e269dfc38418375c16aa033e32dd9b	c4515c4f4b99d254b5a695ba508e733b17b41696846c36d6e118dea92ff46e93		49827370
ore_ont_7195.owl	253	ok	match	true	production_all	0.3736	43.35	ffbd9afd129533e7fa67c1c86f726496d4e269dfc38418375c16aa033e32dd9b	03accb67d6d40c5c42a9da8431fcefdc8f3c9811fd69b5efc5562d65b4347e9d		49827371
ore_ont_7216.owl	254	ok	match	true	production_all	0.1602	51.94	ffbd9afd129533e7fa67c1c86f726496d4e269dfc38418375c16aa033e32dd9b	3d88a915669fdbb2f868940740069281997953e43042ae1ada668f2b385e3754		49827372
ore_ont_7218.owl	255	ok	match	true	production_all	0.2146	31.0	ffbd9afd129533e7fa67c1c86f726496d4e269dfc38418375c16aa033e32dd9b	c83b420eb9e3ac17fbc453ffe5e2d42074c33e5356f719a005abacab486da9e1		49827374
ore_ont_7220.owl	256	ok	match	true	production_all	0.0413	9.38	ffbd9afd129533e7fa67c1c86f726496d4e269dfc38418375c16aa033e32dd9b	c8cc206848dedf9ea7f8187f4b84146cc843be24d1d6f9739b996703419c6f36		49827375
ore_ont_7234.owl	257	ok	match	true	production_all	0.5462	56.03	ffbd9afd129533e7fa67c1c86f726496d4e269dfc38418375c16aa033e32dd9b	8ff975eebd5a426ae5eab822f03c8620c76c8dfb17415f7488768d9facb69e75		49827376
ore_ont_7246.owl	258	ok	match	true	production_all	30.8076	9226.38	ffbd9afd129533e7fa67c1c86f726496d4e269dfc38418375c16aa033e32dd9b	1fdf3d773ce6278032b0975ae42432254a22696e360cb41cffd0e4af032d0537		49827378
ore_ont_7251.owl	259	ok	match	true	production_all	0.5122	57.58	ffbd9afd129533e7fa67c1c86f726496d4e269dfc38418375c16aa033e32dd9b	734ac944226aedb079df6235f3a610f16608c4e87dc06507fee67dfb94131f04		49827380
ore_ont_7256.owl	260	ok	match	true	production_all	1.5656	356.04	ffbd9afd129533e7fa67c1c86f726496d4e269dfc38418375c16aa033e32dd9b	25a9dfe3607834ad90d624672276aede57eaf02784efa544063dd4489337adab		49827381
ore_ont_7270.owl	261	ok	match	true	production_all	0.0411	6.88	ffbd9afd129533e7fa67c1c86f726496d4e269dfc38418375c16aa033e32dd9b	881f2546efa252840c0a44322691d9a1341b87054d9105d0362ccb4eb5c55225		49827383
ore_ont_7300.owl	262	ok	match	true	production_all	1.6606	350.26	ffbd9afd129533e7fa67c1c86f726496d4e269dfc38418375c16aa033e32dd9b	f3a81da56d8936d963e8da5a6732f0fbde31d99db78f602deecc01783e44b358		49827384
ore_ont_7320.owl	263	ok	match	true	nominal_ni_abox	1.2422	602.83	ffbd9afd129533e7fa67c1c86f726496d4e269dfc38418375c16aa033e32dd9b	13356683a3a33f75b61c73cd89d37568c8babcdc8082d7ea0be3fecef4c96f69		49827385
ore_ont_7340.owl	264	ok	match	true	production_all	8.1369	1588.52	ffbd9afd129533e7fa67c1c86f726496d4e269dfc38418375c16aa033e32dd9b	b727a7735e45785e7fd4b0d77f5752a29d01036cac0589233213015fcd0f4505		49827386
ore_ont_7343.owl	265	ok	match	true	production_all	4.555	1135.17	ffbd9afd129533e7fa67c1c86f726496d4e269dfc38418375c16aa033e32dd9b	25a9dfe3607834ad90d624672276aede57eaf02784efa544063dd4489337adab		49827387
ore_ont_7409.owl	266	ok	match	true	nominals	9.8285	1895.33	ffbd9afd129533e7fa67c1c86f726496d4e269dfc38418375c16aa033e32dd9b	dbed370744689df90ceffaea08d2c6f77e205c80fcb51bb68029322c375abec7		49827388
ore_ont_7417.owl	267	ok	match	true	nominals	0.0412	7.22	ffbd9afd129533e7fa67c1c86f726496d4e269dfc38418375c16aa033e32dd9b	5df147bd114ac6ebdefd0fd6c02a07ceb1d45ed947a03f98c077d15d11bc2043		49827389
ore_ont_7418.owl	268	ok	match	true	production_all	0.0709	10.12	ffbd9afd129533e7fa67c1c86f726496d4e269dfc38418375c16aa033e32dd9b	25a9dfe3607834ad90d624672276aede57eaf02784efa544063dd4489337adab		49827390
ore_ont_7439.owl	269	ok	match	true	production_all	0.4183	49.7	ffbd9afd129533e7fa67c1c86f726496d4e269dfc38418375c16aa033e32dd9b	a2c9fd27be406668497189b64f1f673b22ea55c2266d5417991166ab3fdc6685		49827391
ore_ont_7455.owl	270	ok	match	true	production_all	3.769	676.44	ffbd9afd129533e7fa67c1c86f726496d4e269dfc38418375c16aa033e32dd9b	94f1b9a52fc04d8b77a815c4dba31d99b3f4ea184d10118c0fe15d2322b8da65		49827392
ore_ont_7474.owl	271	ok	match	true	nominals	10.8578	1583.35	ffbd9afd129533e7fa67c1c86f726496d4e269dfc38418375c16aa033e32dd9b	d8a0ecd1c05efc6540c190219022cbf2596edddcae5850b92e7c19bdfe5ed6c3		49827393
ore_ont_7482.owl	272	ok	match	true	production_all	0.0407	6.56	ffbd9afd129533e7fa67c1c86f726496d4e269dfc38418375c16aa033e32dd9b	aa43997598571957c3e4fcdb5cb14dd1185fb593bc966e197af4fb71bb9d8960		49827394
ore_ont_7493.owl	273	ok	match	true	production_all	1.8645	356.36	ffbd9afd129533e7fa67c1c86f726496d4e269dfc38418375c16aa033e32dd9b	c46365c28ab506d47204cdcb689e860bba483b13191b4646ffa2ce9831e4099d		49827395
ore_ont_7499.owl	274	ok	match	true	certified_card_proxy_abox	86.7431	2405.58	ffbd9afd129533e7fa67c1c86f726496d4e269dfc38418375c16aa033e32dd9b	f82850c6582131358cd9ecc108888e2131734900cf687d055a7a7c0f4fece17d		49827396
ore_ont_7567.owl	275	ok	match	true	production_all	6.381	1368.06	ffbd9afd129533e7fa67c1c86f726496d4e269dfc38418375c16aa033e32dd9b	aa75019ee58185ca3802480986d3948301c7dc7b9f5316b09b0e61ae3c41d92d		49827397
ore_ont_7576.owl	276	ok	match	true	production_all	0.0403	7.5	ffbd9afd129533e7fa67c1c86f726496d4e269dfc38418375c16aa033e32dd9b	b397cda8a43a43ced776b8d3b7dbdb5774579fa035364a30976b207a127c1028		49827398
ore_ont_7581.owl	277	ok	match	true	production_all	20.4034	4422.55	ffbd9afd129533e7fa67c1c86f726496d4e269dfc38418375c16aa033e32dd9b	d54544ddd6a2f4e91994f13794369403aaa5fd0a5de2c24e8df517e89580021d		49827400
ore_ont_7608.owl	278	ok	match	true	production_all	0.4212	52.38	ffbd9afd129533e7fa67c1c86f726496d4e269dfc38418375c16aa033e32dd9b	151a5767650248760c9540f5134bd6941f23d222ac6cb9ed9d458998b9118ab0		49827401
ore_ont_7639.owl	279	ok	match	true	production_all	0.0407	9.61	ffbd9afd129533e7fa67c1c86f726496d4e269dfc38418375c16aa033e32dd9b	0f454f1459631f12284f48aec1c94aab8f7c34d7fd299e7f4aaee4733d694980		49827404
ore_ont_7663.owl	280	ok	match	true	production_all	0.0411	7.5	ffbd9afd129533e7fa67c1c86f726496d4e269dfc38418375c16aa033e32dd9b	bdfac28194877cd85b581a35583329ca129f2cdea9a9cdc366adb73c0615400a		49827405
ore_ont_7716.owl	281	ok	match	true	production_all	1.091	276.45	ffbd9afd129533e7fa67c1c86f726496d4e269dfc38418375c16aa033e32dd9b	dd3b5bbe7f4a013d8a153f64f72551e43a927e98bb7fee179c0578db0581d568		49827406
ore_ont_7726.owl	282	ok	match	true	production_all	0.4324	52.28	ffbd9afd129533e7fa67c1c86f726496d4e269dfc38418375c16aa033e32dd9b	311a7aa3709f273afb66ff6411d52f4fc995238d84b3102677a5e6ef86c4c392		49827407
ore_ont_7728.owl	283	ok	match	true	production_all	5.7684	1128.75	ffbd9afd129533e7fa67c1c86f726496d4e269dfc38418375c16aa033e32dd9b	3537c300fef513b1f95cbc12ac6827cdffd438bfb9ba466e971464c2b77bd576		49827408
ore_ont_7775.owl	284	ok	match	true	production_all	0.1907	56.13	ffbd9afd129533e7fa67c1c86f726496d4e269dfc38418375c16aa033e32dd9b	55d6d20356364ed92a7cbda694127429aeeeb731cd3403cc51883db1ba926d0a		49827409
ore_ont_7831.owl	285	ok	match	true	production_all	1.3852	384.45	ffbd9afd129533e7fa67c1c86f726496d4e269dfc38418375c16aa033e32dd9b	25a9dfe3607834ad90d624672276aede57eaf02784efa544063dd4489337adab		49827410
ore_ont_7868.owl	286	ok	match	true	production_all	10.5668	1767.59	ffbd9afd129533e7fa67c1c86f726496d4e269dfc38418375c16aa033e32dd9b	4019d9513c497d61fb25100283859e81b66ffeb8e055b430d1e50f947772db73		49827411
ore_ont_7890.owl	287	ok	match	true	production_all	0.0412	7.19	ffbd9afd129533e7fa67c1c86f726496d4e269dfc38418375c16aa033e32dd9b	28a1e49d14379cb1f82aaf14e3c9ef1df435861077b31111dec9d947d4225a51		49827412
ore_ont_7901.owl	288	ok	match	true	production_all	0.158	18.75	ffbd9afd129533e7fa67c1c86f726496d4e269dfc38418375c16aa033e32dd9b	f295da304477c4374ae0a079f38e43b434c23a1e6933ee2cc9876c5711a3f9bb		49827413
ore_ont_7914.owl	289	ok	match	true	production_all	46.3417	9161.77	ffbd9afd129533e7fa67c1c86f726496d4e269dfc38418375c16aa033e32dd9b	5dfdc6168df75c9a1e2dd6485ea1d5b4bf9af6307ea210e9cd1634262e981923		49827414
ore_ont_7956.owl	290	ok	match	true	production_all	6.2207	1328.6	ffbd9afd129533e7fa67c1c86f726496d4e269dfc38418375c16aa033e32dd9b	aebf3b95b4ccf23d1c411a1c30e74773f1b6bbfd775c75a97210b7992cdb471d		49827416
ore_ont_7993.owl	291	ok	match	true	production_all	23.0544	4100.28	ffbd9afd129533e7fa67c1c86f726496d4e269dfc38418375c16aa033e32dd9b	25a9dfe3607834ad90d624672276aede57eaf02784efa544063dd4489337adab		49827417
ore_ont_8006.owl	292	ok	match	true	nominals	0.2774	113.22	ffbd9afd129533e7fa67c1c86f726496d4e269dfc38418375c16aa033e32dd9b	e40a3abda27e0256fd3fc4e4a661444b9097852a17e2cf599e9c252eabadabe5		49827418
ore_ont_8021.owl	293	ok	match	true	production_all	0.0716	9.69	ffbd9afd129533e7fa67c1c86f726496d4e269dfc38418375c16aa033e32dd9b	f1c1aff96369c4199e413436dcd3a0d45b449393826940589aad2446b3122753		49827419
ore_ont_8068.owl	294	ok	match	true	production_all	9.9349	1365.03	ffbd9afd129533e7fa67c1c86f726496d4e269dfc38418375c16aa033e32dd9b	5c2ab9b4b26ecff56fd8e5c58caf281e5feb460455d6e03e7231cb2e3f65d601		49827421
ore_ont_8135.owl	295	ok	match	true	production_all	0.0698	9.69	ffbd9afd129533e7fa67c1c86f726496d4e269dfc38418375c16aa033e32dd9b	9251a47de72167549d5ded7d510bf8d803f42b3c0a1ad48a7374556417c186d9		49827422
ore_ont_8145.owl	296	ok	match	true	production_all	4.3917	1128.4	ffbd9afd129533e7fa67c1c86f726496d4e269dfc38418375c16aa033e32dd9b	25a9dfe3607834ad90d624672276aede57eaf02784efa544063dd4489337adab		49827486
ore_ont_8169.owl	297	ok	match	true	production_all	0.0415	6.88	ffbd9afd129533e7fa67c1c86f726496d4e269dfc38418375c16aa033e32dd9b	ea6c013a1f02885a5417d8db9efecd7258fe49a6a6b9b6f24b6332e245a117b4		49827491
ore_ont_8175.owl	298	ok	match	true	production_all	0.1292	17.72	ffbd9afd129533e7fa67c1c86f726496d4e269dfc38418375c16aa033e32dd9b	ae99b783760a88e6b52f52e8fc649a680d05124b89be44322252f8d9a4e9b7b8		49827493
ore_ont_8298.owl	299	ok	match	true	production_all	0.0994	15.92	ffbd9afd129533e7fa67c1c86f726496d4e269dfc38418375c16aa033e32dd9b	e832933cc9322364c76e54ba0f51d9548d6c2077fed14e9a627e5529006be3d7		49827499
ore_ont_8322.owl	300	ok	match	true	nominals	12.1549	1754.91	ffbd9afd129533e7fa67c1c86f726496d4e269dfc38418375c16aa033e32dd9b	3c47845e47bf260331395c02e3ce3c65fed55eb04a364eceadf9a50b552821e0		49827500
ore_ont_8329.owl	301	ok	match	true	production_all	0.2517	32.95	ffbd9afd129533e7fa67c1c86f726496d4e269dfc38418375c16aa033e32dd9b	c83b420eb9e3ac17fbc453ffe5e2d42074c33e5356f719a005abacab486da9e1		49827501
ore_ont_8347.owl	302	ok	match	true	production_all	0.2802	41.11	ffbd9afd129533e7fa67c1c86f726496d4e269dfc38418375c16aa033e32dd9b	2e3d43d2ccdef95965bb116db6a147ac1c9436689d91642fdc0a0ae516665943		49827502
ore_ont_8369.owl	303	ok	match	true	production_all	0.0705	9.38	ffbd9afd129533e7fa67c1c86f726496d4e269dfc38418375c16aa033e32dd9b	25a9dfe3607834ad90d624672276aede57eaf02784efa544063dd4489337adab		49827505
ore_ont_8462.owl	304	ok	match	true	production_all	0.0697	9.06	ffbd9afd129533e7fa67c1c86f726496d4e269dfc38418375c16aa033e32dd9b	25a9dfe3607834ad90d624672276aede57eaf02784efa544063dd4489337adab		49827507
ore_ont_8480.owl	305	ok	match	true	nominals	20.6307	5327.71	ffbd9afd129533e7fa67c1c86f726496d4e269dfc38418375c16aa033e32dd9b	ac1340ed5caad4831da799f8842d2893e8d9f310dce3d084390affed2072a4a6		49827508
ore_ont_8486.owl	306	ok	match	true	production_all	52.9853	4935.17	ffbd9afd129533e7fa67c1c86f726496d4e269dfc38418375c16aa033e32dd9b	e8538c62c6e3407ba8b6f280e031e7778ea96154b374ccb60e0e9aeca2c8a742		49827509
ore_ont_8492.owl	307	ok	match	true	production_all	0.4461	48.61	ffbd9afd129533e7fa67c1c86f726496d4e269dfc38418375c16aa033e32dd9b	65cd57dacb88edecf9f413022ff56ff1b53b173333a926445a1c708a5b12a13c		49827512
ore_ont_8557.owl	308	ok	match	true	production_all	2.3152	635.47	ffbd9afd129533e7fa67c1c86f726496d4e269dfc38418375c16aa033e32dd9b	25a9dfe3607834ad90d624672276aede57eaf02784efa544063dd4489337adab		49827518
ore_ont_8579.owl	309	ok	match	true	production_all	0.3361	42.73	ffbd9afd129533e7fa67c1c86f726496d4e269dfc38418375c16aa033e32dd9b	25a9dfe3607834ad90d624672276aede57eaf02784efa544063dd4489337adab		49827519
ore_ont_8634.owl	310	ok	match	true	production_all	3.2875	692.21	ffbd9afd129533e7fa67c1c86f726496d4e269dfc38418375c16aa033e32dd9b	7e3f4f2b20876c80b4f4c449df65b6cbc2ee89ce460335c802183fd013914ddc		49827520
ore_ont_8641.owl	311	ok	match	true	production_all	0.2489	28.35	ffbd9afd129533e7fa67c1c86f726496d4e269dfc38418375c16aa033e32dd9b	f28ec1c5ea5f0658828881e84767eaceaf4d7075058f90e8ed3c02de5bcf87e3		49827522
ore_ont_8667.owl	312	ok	match	true	production_all	0.0404	6.25	ffbd9afd129533e7fa67c1c86f726496d4e269dfc38418375c16aa033e32dd9b	7e6ad8de8a1f7ae523024c33c5dda271da9e1d5229bd795b78a7f45b55fdfee5		49827523
ore_ont_8730.owl	313	ok	match	true	production_all	0.1002	31.1	ffbd9afd129533e7fa67c1c86f726496d4e269dfc38418375c16aa033e32dd9b	49bbd16d161499bca9c39a7c91db140777f3181f91d095be67c258599383b106		49827524
ore_ont_8737.owl	314	ok	match	true	production_all	116.4961	9989.2	ffbd9afd129533e7fa67c1c86f726496d4e269dfc38418375c16aa033e32dd9b	25a9dfe3607834ad90d624672276aede57eaf02784efa544063dd4489337adab		49827528
ore_ont_8744.owl	315	ok	match	true	production_all	0.1288	17.44	ffbd9afd129533e7fa67c1c86f726496d4e269dfc38418375c16aa033e32dd9b	d713f119f4ce447a586bfb40e881c98b8c953c4a5055106a42abe8529e26e0de		49827529
ore_ont_8759.owl	316	ok	match	true	production_all	0.1594	27.04	ffbd9afd129533e7fa67c1c86f726496d4e269dfc38418375c16aa033e32dd9b	dc8dba3248ce86b519e958417ad4c4002c3773fde402451f98bc052f131f8f31		49827531
ore_ont_8792.owl	317	ok	match	true	production_all	0.8361	81.18	ffbd9afd129533e7fa67c1c86f726496d4e269dfc38418375c16aa033e32dd9b	cc8ed26f34adca4dd9418c34241a6b1a4a77d65ca564619e47b9ceeb308ef87b		49827532
ore_ont_8806.owl	318	ok	match	true	production_all	0.0402	6.88	ffbd9afd129533e7fa67c1c86f726496d4e269dfc38418375c16aa033e32dd9b	ba414f74ab3e7b966cd457b609dabae6ba612401e7274ca55d7881bc9d22987c		49827533
ore_ont_8864.owl	319	ok	match	true	production_all	0.7788	69.23	ffbd9afd129533e7fa67c1c86f726496d4e269dfc38418375c16aa033e32dd9b	159a022b4f747d2d997be119b1931f66afb88d8f3178ce39578474349bc072e1		49827534
ore_ont_8937.owl	320	ok	match	true	production_all	0.041	6.56	ffbd9afd129533e7fa67c1c86f726496d4e269dfc38418375c16aa033e32dd9b	64fc5b419fe9b852ab9cf2f041610574b2172f0b82fdccaa1be515d0dc303e22		49827538
ore_ont_8941.owl	321	ok	match	true	nominals	0.0412	9.28	ffbd9afd129533e7fa67c1c86f726496d4e269dfc38418375c16aa033e32dd9b	3c48c283d1292f55fe67383942d35be768499f1f96e83f0adf812c000ac3b9dd		49827539
ore_ont_8974.owl	322	ok	match	true	production_all	0.041	7.19	ffbd9afd129533e7fa67c1c86f726496d4e269dfc38418375c16aa033e32dd9b	1c432924c500260bbb560ba78e947ea3b0024c5972c5c62446d653f8aab82707		49827540
ore_ont_8982.owl	323	ok	match	true	production_all	8.6919	1727.69	ffbd9afd129533e7fa67c1c86f726496d4e269dfc38418375c16aa033e32dd9b	1c1d0d6b85946a2f8329e9e475abff843d882bca0287daf3cbff8b3714e65d12		49827557
ore_ont_8999.owl	324	ok	match	true	nominals	10.7648	1574.54	ffbd9afd129533e7fa67c1c86f726496d4e269dfc38418375c16aa033e32dd9b	97d6d9eb3b55d3f801af85340de71c922ff497f5e0b9ee8e21994c3ff6c8fc88		49827558
ore_ont_9002.owl	325	ok	match	true	production_all	0.0699	10.0	ffbd9afd129533e7fa67c1c86f726496d4e269dfc38418375c16aa033e32dd9b	99d0faced2959471b60d0a67e805997d23dd3321683895b93ca62646f3ba0259		49827559
ore_ont_9014.owl	326	ok	match	true	production_all	0.2511	34.3	ffbd9afd129533e7fa67c1c86f726496d4e269dfc38418375c16aa033e32dd9b	ce8e2abddc8b99ee5b90fd21def4355dfa9a5fac43a6e72b093db0e5a4ed6c84		49827560
ore_ont_9020.owl	327	ok	match	true	production_all	0.131	23.27	ffbd9afd129533e7fa67c1c86f726496d4e269dfc38418375c16aa033e32dd9b	25a9dfe3607834ad90d624672276aede57eaf02784efa544063dd4489337adab		49827563
ore_ont_9024.owl	328	ok	match	true	production_all	0.4833	183.0	ffbd9afd129533e7fa67c1c86f726496d4e269dfc38418375c16aa033e32dd9b	0205fe9d5bff8d6ac81af28ac8ca71cf10b61b85998e5e70242fdd9be69af349		49827565
ore_ont_9031.owl	329	ok	match	true	production_all	0.0408	6.56	ffbd9afd129533e7fa67c1c86f726496d4e269dfc38418375c16aa033e32dd9b	0e5701300cb5b8f0a6c312b537991848cadb3b0f94a7bf40999cee4fa10694a5		49827566
ore_ont_9096.owl	330	ok	match	true	nominals	0.1899	57.57	ffbd9afd129533e7fa67c1c86f726496d4e269dfc38418375c16aa033e32dd9b	f3b5d8340ae8952054a204146b16e5e82818390360e61cd62831da4c24b7867f		49827569
ore_ont_9400.owl	331	ok	match	true	production_all	15.7595	2306.27	ffbd9afd129533e7fa67c1c86f726496d4e269dfc38418375c16aa033e32dd9b	ed813c6bb729688629abd57498c392f2b9c59e451076692d26d323cf17b5b4f8		49827570
ore_ont_9435.owl	332	ok	match	true	production_all	0.1285	19.59	ffbd9afd129533e7fa67c1c86f726496d4e269dfc38418375c16aa033e32dd9b	bab32340487d9aa994aee6bdaf676387d6926cc59863cba1314a0a6e18015ea7		49827572
ore_ont_9498.owl	333	ok	match	true	production_all	21.6601	3185.82	ffbd9afd129533e7fa67c1c86f726496d4e269dfc38418375c16aa033e32dd9b	c914feef45d9a4d58fa282a84a58b29a7872e69a5cf0a0dfb7ecc6fbbd2ad83a		49827573
ore_ont_9499.owl	334	ok	match	true	production_all	16.4354	2452.41	ffbd9afd129533e7fa67c1c86f726496d4e269dfc38418375c16aa033e32dd9b	fabf3860014083f4e7c6d1d0775efe1dda40bb124bf6b4619c1876a9f9ce17d7		49827576
ore_ont_9509.owl	335	ok	match	true	production_all	0.0411	6.56	ffbd9afd129533e7fa67c1c86f726496d4e269dfc38418375c16aa033e32dd9b	6dfd8cd44c067cdcb5a447f5a0784d0ac3b59f0323ba1fc7d4e3cb65ca402c53		49827577
ore_ont_9513.owl	336	ok	match	true	production_all	0.4493	54.29	ffbd9afd129533e7fa67c1c86f726496d4e269dfc38418375c16aa033e32dd9b	b1066b92f86cd2250dcc3e4f9d6e0d6a47ba59ae0608d54dcef83b1e86cfcc63		49827578
ore_ont_9540.owl	337	ok	match	true	certified_card_nominals	0.8035	123.12	ffbd9afd129533e7fa67c1c86f726496d4e269dfc38418375c16aa033e32dd9b	973e3ccc38715145084b7fb36d95be8b4824aaa80931af741fbff473c7aa7e61		49827581
ore_ont_9557.owl	338	ok	match	true	nominals	0.1002	51.41	ffbd9afd129533e7fa67c1c86f726496d4e269dfc38418375c16aa033e32dd9b	09b5dccb229d2940f720397ba57fae3d2e043099ed5fd4d41189946d9d8fe955		49827582
ore_ont_9567.owl	339	ok	match	true	production_all	7.2194	1054.88	ffbd9afd129533e7fa67c1c86f726496d4e269dfc38418375c16aa033e32dd9b	0b8fb805974ec14b4df641131aa1c4af1eaed8babda4ab870378a05ef7aa26a0		49827586
ore_ont_9590.owl	340	ok	match	true	production_all	0.3028	41.11	ffbd9afd129533e7fa67c1c86f726496d4e269dfc38418375c16aa033e32dd9b	df32deb27449bcec194c3446ed312e9c77f71f413ebfe65ce6192a5563336ff6		49827587
ore_ont_9598.owl	341	ok	match	true	production_all	0.0707	14.28	ffbd9afd129533e7fa67c1c86f726496d4e269dfc38418375c16aa033e32dd9b	007a7c6b5298f817cc16cad9262411ac152ca7efbc034b87fcf0a608dcf3739c		49827590
ore_ont_9612.owl	342	ok	match	true	production_all	0.3691	47.65	ffbd9afd129533e7fa67c1c86f726496d4e269dfc38418375c16aa033e32dd9b	f36c7be0b65832b4a9cfe365697a413c326eae0f77db2a4eb2b060ca95f29725		49827591
ore_ont_9635.owl	343	ok	match	true	certified_nominals	0.1583	35.23	ffbd9afd129533e7fa67c1c86f726496d4e269dfc38418375c16aa033e32dd9b	05ec2b7af10ca0553fabdf219377baf556044a8a0e3b71215555cfc44d511b13		49827592
ore_ont_9646.owl	344	ok	match	true	production_all	0.0997	18.97	ffbd9afd129533e7fa67c1c86f726496d4e269dfc38418375c16aa033e32dd9b	32872f949ba62fe301386711bc639b7c57ba02cb5e33704bed90d8c022867ba0		49827594
ore_ont_9654.owl	345	ok	match	true	production_all	14.2846	2078.0	ffbd9afd129533e7fa67c1c86f726496d4e269dfc38418375c16aa033e32dd9b	8b2ef7faa2cdbe8e9e36287b8922fbabeb4c1b9c92bff7f51ab2a33e920eb799		49827596
ore_ont_9663.owl	346	ok	match	true	production_all	24.0525	5174.61	ffbd9afd129533e7fa67c1c86f726496d4e269dfc38418375c16aa033e32dd9b	02f5fd4d3395072d1c692c7fa0de012e7a86d3feca88c8984310f302e86a86f3		49827597
ore_ont_9668.owl	347	ok	match	true	nominals	2.2474	780.09	ffbd9afd129533e7fa67c1c86f726496d4e269dfc38418375c16aa033e32dd9b	6dd2a1f6eaa9f001ed5c7db958ff1edd374302f7b4e6b64679a6b0deb7635ff6		49827598
ore_ont_9674.owl	348	ok	match	true	production_all	54.4407	5327.85	ffbd9afd129533e7fa67c1c86f726496d4e269dfc38418375c16aa033e32dd9b	c1178310a91e0aff7b3209af626b01157a45f221df1fe058845f7585ee7b650f		49827599
ore_ont_9695.owl	349	ok	match	true	production_all	0.041	8.75	ffbd9afd129533e7fa67c1c86f726496d4e269dfc38418375c16aa033e32dd9b	7af604002c66e3631410e327b01a0e80f08f9e3eef9bf28079638e0957334616		49827600
ore_ont_9724.owl	350	ok	match	true	ht_bridge	40.7928	8207.63	ffbd9afd129533e7fa67c1c86f726496d4e269dfc38418375c16aa033e32dd9b	95d679d0ee51b14583ca4dffe419b1c7e128398d207a2bdb25ab9eaa06c03b05		49827601
ore_ont_9761.owl	351	ok	match	true	production_all	0.3395	38.46	ffbd9afd129533e7fa67c1c86f726496d4e269dfc38418375c16aa033e32dd9b	22f28c620b9541258ef5651487ced86b41df9bf0c60da852ae9f7427900570a0		49827602
ore_ont_9768.owl	352	ok	match	true	production_all	22.191	3477.14	ffbd9afd129533e7fa67c1c86f726496d4e269dfc38418375c16aa033e32dd9b	25a9dfe3607834ad90d624672276aede57eaf02784efa544063dd4489337adab		49827603
ore_ont_9772.owl	353	ok	match	true	production_all	0.1905	25.41	ffbd9afd129533e7fa67c1c86f726496d4e269dfc38418375c16aa033e32dd9b	6b1945e00a8cb4bdfc5e2e33e163d8de34c7ab1d0dc1d2517212df3700e3805b		49827605
ore_ont_9790.owl	354	ok	match	true	production_all	0.1599	25.93	ffbd9afd129533e7fa67c1c86f726496d4e269dfc38418375c16aa033e32dd9b	3db60447b84c1d14d898433b9a590740d2ae89cc4a09c7cf0000b62fbd9761c9		49827606
ore_ont_9792.owl	355	ok	match	true	production_all	0.457	67.78	ffbd9afd129533e7fa67c1c86f726496d4e269dfc38418375c16aa033e32dd9b	dbe74c4da873c1e82fbd5ece88e723708b12df7d0ad4b65f1697fa978df35436		49827607
ore_ont_9794.owl	356	ok	match	true	production_all	11.7261	2005.96	ffbd9afd129533e7fa67c1c86f726496d4e269dfc38418375c16aa033e32dd9b	25a9dfe3607834ad90d624672276aede57eaf02784efa544063dd4489337adab		49827608
ore_ont_9854.owl	357	ok	match	true	production_all	0.0411	6.56	ffbd9afd129533e7fa67c1c86f726496d4e269dfc38418375c16aa033e32dd9b	ee884ca781aa9b3125755319fa04fe136fa8b6f3fb9d4b223e1c1b2e217303de		49827610
ore_ont_9857.owl	358	ok	match	true	production_all	0.0708	13.75	ffbd9afd129533e7fa67c1c86f726496d4e269dfc38418375c16aa033e32dd9b	bcfb6d2459d0b343cdf9cdbcddfc92088fbc1bfabadf5f65c4a6dddca42a41bd		49827611
ore_ont_9881.owl	359	ok	match	true	nominals	7.454	2066.8	ffbd9afd129533e7fa67c1c86f726496d4e269dfc38418375c16aa033e32dd9b	02d9215f1ccaeb8d1e8b4b1e423f86b9d4823b9e676fff8c3eb898814e1d4ac1		49827612
ore_ont_9894.owl	360	ok	match	true	production_all	2.4384	521.86	ffbd9afd129533e7fa67c1c86f726496d4e269dfc38418375c16aa033e32dd9b	db1af93afa5192ad635ea4163a536087e106a263a674d3d09252ed9490418892		49827614
ore_ont_9904.owl	361	ok	match	true	nominals	0.0411	7.66	ffbd9afd129533e7fa67c1c86f726496d4e269dfc38418375c16aa033e32dd9b	adc2de296c6ec11b58563a175cea58529c2ad32fa0935808086fc3ef4a761903		49827615
ore_ont_9944.owl	362	ok	match	true	production_all	8.6936	8698.93	ffbd9afd129533e7fa67c1c86f726496d4e269dfc38418375c16aa033e32dd9b	ea9d6bdd0418ec22cde4ad8b0e6530e9d396250d8ba2222427e290bfb6cf3b50		49827617
ore_ont_9958.owl	363	ok	match	true	production_all	6.609	1252.39	ffbd9afd129533e7fa67c1c86f726496d4e269dfc38418375c16aa033e32dd9b	6ac501d44cf044992209e9135655b7315326abaa29e2c1883c98e5f95a5c4bf2		49827618
ore_ont_10016.owl	364	ok	match	true	production_all	11.3953	1953.22	ffbd9afd129533e7fa67c1c86f726496d4e269dfc38418375c16aa033e32dd9b	ffc30b418ed2dea607f009293e1b0790243765404ed2061c4342c30a716ea818		49827619
ore_ont_10032.owl	365	ok	match	true	production_all	6.2618	1172.46	ffbd9afd129533e7fa67c1c86f726496d4e269dfc38418375c16aa033e32dd9b	df5204236b942809dc9fff216bc1a3ccf523cc361d1cb9ca2a12b36456249647		49827620
ore_ont_10056.owl	366	ok	match	true	production_all	0.0406	7.19	ffbd9afd129533e7fa67c1c86f726496d4e269dfc38418375c16aa033e32dd9b	f7263b2424943a6318ad423eee5cfaaeca18173aea87826910f2cb3fb4c4b1b2		49827622
ore_ont_10073.owl	367	ok	match	true	production_all	24.5302	3129.35	ffbd9afd129533e7fa67c1c86f726496d4e269dfc38418375c16aa033e32dd9b	1b068c5c15f054d5fc7dfa7c91fb77a80e6f68257c0fc156f590edef3ad57fcc		49827623
ore_ont_10123.owl	368	ok	match	true	production_all	0.2758	51.86	ffbd9afd129533e7fa67c1c86f726496d4e269dfc38418375c16aa033e32dd9b	6c1e4b555838fde9f917bb140c40e003f75025a08623e3e15f59f34c17f857df		49827624
ore_ont_10127.owl	369	ok	match	true	production_all	2.0605	469.54	ffbd9afd129533e7fa67c1c86f726496d4e269dfc38418375c16aa033e32dd9b	283d2c8230fa2895f44aba726960f75168e6d58971847b981a04a9e0bd18bba9		49827626
ore_ont_10134.owl	370	ok	match	true	production_all	0.0707	11.85	ffbd9afd129533e7fa67c1c86f726496d4e269dfc38418375c16aa033e32dd9b	bc13a85d7f537f9cbcc5b18b5b8aeaed250a0fc46e00fddc1c050b856943af7a		49827627
ore_ont_10146.owl	371	ok	match	true	production_all	0.1579	28.06	ffbd9afd129533e7fa67c1c86f726496d4e269dfc38418375c16aa033e32dd9b	683d410181c3d77df65f94caa014438ac468a3561b4882c004553c184a3828bb		49827628
ore_ont_10160.owl	372	ok	match	true	production_all	0.0704	13.75	ffbd9afd129533e7fa67c1c86f726496d4e269dfc38418375c16aa033e32dd9b	6c33730d4bc6e1f6aa064f2e182593f9b6519c412c818788fe0699cb90c27b55		49827629
ore_ont_10175.owl	373	ok	match	true	production_all	6.248	1162.2	ffbd9afd129533e7fa67c1c86f726496d4e269dfc38418375c16aa033e32dd9b	f2e2f4eb571840cb8dafeed07f560af4b9be804c588296846bfc41133239eb2a		49827630
ore_ont_10212.owl	374	ok	match	true	production_all	0.1011	27.79	ffbd9afd129533e7fa67c1c86f726496d4e269dfc38418375c16aa033e32dd9b	216f018137fd6a812635f1e59284986b66efd3f70e76508f72065d2375e81484		49827631
ore_ont_10242.owl	375	ok	match	true	nominals	2.864	1622.75	ffbd9afd129533e7fa67c1c86f726496d4e269dfc38418375c16aa033e32dd9b	5e240020e54a32d546f0aab6ca84621979706a46542490537626cfc5a1b72787		49827632
ore_ont_10248.owl	376	ok	match	true	production_all	7.2136	1404.0	ffbd9afd129533e7fa67c1c86f726496d4e269dfc38418375c16aa033e32dd9b	6c0877b5e054be5e2cef3b76c276a9c5007025f8483e4230c7156c7a45774003		49827635
ore_ont_10280.owl	377	ok	match	true	production_all	0.1626	27.73	ffbd9afd129533e7fa67c1c86f726496d4e269dfc38418375c16aa033e32dd9b	800442fb37369b500ebabfa01bfee81e440a7c142ba49f49d1d47e6d1242d926		49827636
ore_ont_10283.owl	378	ok	match	true	production_all	0.0412	9.38	ffbd9afd129533e7fa67c1c86f726496d4e269dfc38418375c16aa033e32dd9b	253ab9c47deb593a7b0fa2c333acee0b1d4131ff3ce88668588e415dd100bd98		49827640
ore_ont_10309.owl	379	ok	match	true	production_all	0.0414	6.88	ffbd9afd129533e7fa67c1c86f726496d4e269dfc38418375c16aa033e32dd9b	1c432924c500260bbb560ba78e947ea3b0024c5972c5c62446d653f8aab82707		49827641
ore_ont_10314.owl	380	ok	match	true	production_all	0.07	10.95	ffbd9afd129533e7fa67c1c86f726496d4e269dfc38418375c16aa033e32dd9b	94d5c5d620349befe39d4041174b395ecf56b4f42891f7591db65771e98d546c		49827642
ore_ont_10321.owl	381	ok	match	true	nominal_ni_abox	0.0412	8.98	ffbd9afd129533e7fa67c1c86f726496d4e269dfc38418375c16aa033e32dd9b	25a9dfe3607834ad90d624672276aede57eaf02784efa544063dd4489337adab		49827643
ore_ont_10362.owl	382	ok	match	true	certified_nominals	0.0994	16.88	ffbd9afd129533e7fa67c1c86f726496d4e269dfc38418375c16aa033e32dd9b	bdaac64809d4dd860324e7acbccf4b9ea1efd832fe30164f4085e4f0ef73d093		49827644
ore_ont_10389.owl	383	ok	match	true	production_all	0.2504	38.04	ffbd9afd129533e7fa67c1c86f726496d4e269dfc38418375c16aa033e32dd9b	66cf798e2a6d852b552a503df73f79fe7386094dc37bb43419cf48547670e743		49827645
ore_ont_10413.owl	384	ok	match	true	production_all	0.1008	8.12	ffbd9afd129533e7fa67c1c86f726496d4e269dfc38418375c16aa033e32dd9b	25a9dfe3607834ad90d624672276aede57eaf02784efa544063dd4489337adab		49827646
ore_ont_10445.owl	385	ok	match	true	production_all	10.8463	2735.82	ffbd9afd129533e7fa67c1c86f726496d4e269dfc38418375c16aa033e32dd9b	25a9dfe3607834ad90d624672276aede57eaf02784efa544063dd4489337adab		49827647
ore_ont_10516.owl	386	ok	match	true	production_all	0.041	7.19	ffbd9afd129533e7fa67c1c86f726496d4e269dfc38418375c16aa033e32dd9b	6465a6f722e6155f37f042174b14783c944b0e9cbeb5fd290f7d4fef100eb9e7		49827648
ore_ont_10536.owl	387	ok	match	true	production_all	0.0406	7.75	ffbd9afd129533e7fa67c1c86f726496d4e269dfc38418375c16aa033e32dd9b	8bc83a8d066e749a174d488d953064092d8c11300c09aa86119c0a2c4b3bceb8		49827649
ore_ont_10594.owl	388	ok	match	true	nominals	1.2815	604.95	ffbd9afd129533e7fa67c1c86f726496d4e269dfc38418375c16aa033e32dd9b	a92d8283ca794f043d4e8674c1f149fff5ded6960d02750dd54c37511fec308a		49827650
ore_ont_10621.owl	389	ok	match	true	certified_nominals	87.6749	8252.49	ffbd9afd129533e7fa67c1c86f726496d4e269dfc38418375c16aa033e32dd9b	cb490ae3d086535d4ef467ed5277e5f497e221d84a79a70fb0dc87afb8a45ccf		49827651
ore_ont_10689.owl	390	ok	match	true	production_all	55.1556	5326.91	ffbd9afd129533e7fa67c1c86f726496d4e269dfc38418375c16aa033e32dd9b	be6be6663ffd9721606bf3cb61308789c55c28ffbe8d4ba2d85d0ee60b7fcc0f		49827652
ore_ont_10697.owl	391	ok	match	true	production_all	3.6326	713.44	ffbd9afd129533e7fa67c1c86f726496d4e269dfc38418375c16aa033e32dd9b	7ef5274bff5da1265da9caf1bf27fbebeeb483aef1ef0c5042648b1408918a22		49827653
ore_ont_10702.owl	392	ok	match	true	nominal_ni_tbox	2.6166	22.47	ffbd9afd129533e7fa67c1c86f726496d4e269dfc38418375c16aa033e32dd9b	eee761d0c89347a42ce9a221e7d98295f4a9d7527c755cb3eafa9978cc06d55b		49827654
ore_ont_10742.owl	393	ok	match	true	production_all	0.1596	20.95	ffbd9afd129533e7fa67c1c86f726496d4e269dfc38418375c16aa033e32dd9b	4939673f071bec5faf58247da86935819a596518944a49e03241c0b6571eaedc		49827655
ore_ont_10749.owl	394	ok	match	true	nominals	0.6717	278.32	ffbd9afd129533e7fa67c1c86f726496d4e269dfc38418375c16aa033e32dd9b	87e9f917a51555b2f5c32dc06ca16d2e78ce9a4786b4c566eda495fe308d7ea0		49827656
ore_ont_10750.owl	395	ok	match	true	production_all	58.7841	6105.35	ffbd9afd129533e7fa67c1c86f726496d4e269dfc38418375c16aa033e32dd9b	25a9dfe3607834ad90d624672276aede57eaf02784efa544063dd4489337adab		49827658
ore_ont_10769.owl	396	ok	match	true	production_all	0.0415	7.1	ffbd9afd129533e7fa67c1c86f726496d4e269dfc38418375c16aa033e32dd9b	25a9dfe3607834ad90d624672276aede57eaf02784efa544063dd4489337adab		49827659
ore_ont_10778.owl	397	ok	match	true	production_all	3.8387	822.71	ffbd9afd129533e7fa67c1c86f726496d4e269dfc38418375c16aa033e32dd9b	85cc3f3c22308567df50cc27a367ae51ff51c8011dd6e0db264ab734284598d2		49827660
ore_ont_10781.owl	398	ok	match	true	nominals	0.8189	596.19	ffbd9afd129533e7fa67c1c86f726496d4e269dfc38418375c16aa033e32dd9b	00758ec29ea6954778af43d3f08c6d6f055402a39656b8b827a5466c1e4b0849		49827661
ore_ont_10806.owl	399	ok	match	true	production_all	0.2736	38.06	ffbd9afd129533e7fa67c1c86f726496d4e269dfc38418375c16aa033e32dd9b	74b1a536119970eb697b1f362b77f0af0c2b62ec59fbffd18d1de0027090e69b		49827662
ore_ont_10833.owl	400	ok	match	true	production_all	0.0414	7.5	ffbd9afd129533e7fa67c1c86f726496d4e269dfc38418375c16aa033e32dd9b	25a9dfe3607834ad90d624672276aede57eaf02784efa544063dd4489337adab		49827663
ore_ont_10860.owl	401	ok	nogold	false	ht_rules	0.0405	10.62	ffbd9afd129533e7fa67c1c86f726496d4e269dfc38418375c16aa033e32dd9b	3c48c283d1292f55fe67383942d35be768499f1f96e83f0adf812c000ac3b9dd		49826957
ore_ont_10890.owl	402	ok	match	true	production_all	0.342	56.46	ffbd9afd129533e7fa67c1c86f726496d4e269dfc38418375c16aa033e32dd9b	d6d944bda034a28f5f56e0b9e9e1a95a6dab7e1436f535eb79be30bed06b3ffd		49827665
ore_ont_10908.owl	403	ok	match	true	production_all	205.4534	879.52	ffbd9afd129533e7fa67c1c86f726496d4e269dfc38418375c16aa033e32dd9b	161a98a585fc8e21f60afe6610dba4ca012aaee9bfad97346de51a1b434cf786		49827666
ore_ont_10951.owl	404	ok	match	true	production_all	0.2158	41.07	ffbd9afd129533e7fa67c1c86f726496d4e269dfc38418375c16aa033e32dd9b	1b89738d6fbade1eaa90287b7543cd5ab1eca4a44ad3466bf0ef7b921ac81aaf		49827667
ore_ont_10968.owl	405	ok	match	true	production_all	0.1299	20.84	ffbd9afd129533e7fa67c1c86f726496d4e269dfc38418375c16aa033e32dd9b	88cbac66a54cfeaf04967f7ec263a98959a6287df46eed2d3ade7b7b021e9a09		49827668
ore_ont_11009.owl	406	ok	match	true	production_all	0.0709	14.38	ffbd9afd129533e7fa67c1c86f726496d4e269dfc38418375c16aa033e32dd9b	9b6af4d9456a057732eed6f4edd4c6d03409183b742304705ae9c5d22f2e83d2		49827669
ore_ont_11010.owl	407	ok	match	true	production_all	0.0406	7.5	ffbd9afd129533e7fa67c1c86f726496d4e269dfc38418375c16aa033e32dd9b	2b911469722f5b04c8805dc441873cfae6fcb261e12933bdffe402e2897a2ee6		49827670
ore_ont_11014.owl	408	ok	match	true	production_all	0.0703	10.62	ffbd9afd129533e7fa67c1c86f726496d4e269dfc38418375c16aa033e32dd9b	72cd88051c821cd06ad5106a19f4145824f4bdff70821eff1bcc1cfe017f1b6b		49827671
ore_ont_11016.owl	409	ok	match	true	nominal_ni_abox	0.4049	203.0	ffbd9afd129533e7fa67c1c86f726496d4e269dfc38418375c16aa033e32dd9b	17ac165e5d7677646ccf0943b78bf7322b4c3d316a3bc85d662709c85dc88b0c		49827672
ore_ont_11081.owl	410	ok	match	true	production_all	1.1989	305.01	ffbd9afd129533e7fa67c1c86f726496d4e269dfc38418375c16aa033e32dd9b	b32f2ff1bff70ea99cef3fb709025b066120345e74768c3a2a046c0dbc2a99d9		49827673
ore_ont_11140.owl	411	ok	match	true	production_all	0.2164	28.2	ffbd9afd129533e7fa67c1c86f726496d4e269dfc38418375c16aa033e32dd9b	25a9dfe3607834ad90d624672276aede57eaf02784efa544063dd4489337adab		49827674
ore_ont_11207.owl	412	ok	match	true	production_all	1.9236	460.62	ffbd9afd129533e7fa67c1c86f726496d4e269dfc38418375c16aa033e32dd9b	1d053e818a80eb36d0a8795c930a6ab97ce4697c6f859dcef0b35f6588e24d9c		49827675
ore_ont_11291.owl	413	ok	match	true	production_all	0.07	13.44	ffbd9afd129533e7fa67c1c86f726496d4e269dfc38418375c16aa033e32dd9b	42e2ecfb6f2d4cdcd3acde0696c9fdbe2bc0c3b357bb316ea83a11490169ad54		49827676
ore_ont_11293.owl	414	ok	match	true	production_all	7.2866	1337.88	ffbd9afd129533e7fa67c1c86f726496d4e269dfc38418375c16aa033e32dd9b	f0c432fee3845eb4ee0944c812ab0cadbbb8b96ea3184fcfff116504553d20e6		49827677
ore_ont_11311.owl	415	ok	match	true	cb_plain16	10.4599	6063.49	ffbd9afd129533e7fa67c1c86f726496d4e269dfc38418375c16aa033e32dd9b	7549d4160fa3a2f2527fa6fbddb1b4eae3f12e3101894696fb88756a02004828		49827678
ore_ont_11315.owl	416	ok	match	true	production_all	24.2528	2867.27	ffbd9afd129533e7fa67c1c86f726496d4e269dfc38418375c16aa033e32dd9b	a8cd5455a6c36d2c1c8f76547f9d07a3953b5ce92d260198abbaa6598505fe10		49827681
ore_ont_11316.owl	417	ok	match	true	production_all	0.0991	15.31	ffbd9afd129533e7fa67c1c86f726496d4e269dfc38418375c16aa033e32dd9b	39c9f8f0a63cf1cc1aabdad76e0f88e5423a3fdce72e3172951f9c3ff8ea6093		49827682
ore_ont_11389.owl	418	ok	match	true	production_all	7.6691	1698.44	ffbd9afd129533e7fa67c1c86f726496d4e269dfc38418375c16aa033e32dd9b	25a9dfe3607834ad90d624672276aede57eaf02784efa544063dd4489337adab		49827683
ore_ont_11395.owl	419	ok	match	true	production_all	37.5826	3768.71	ffbd9afd129533e7fa67c1c86f726496d4e269dfc38418375c16aa033e32dd9b	5f730ffc22a0828f94eb0bcfe5c366774eb965dcb577c9b64e14c9552f2e86e9		49827684
ore_ont_11452.owl	420	ok	match	true	production_all	0.2513	42.19	ffbd9afd129533e7fa67c1c86f726496d4e269dfc38418375c16aa033e32dd9b	ff2d968f560c0ba3266c303fcfd4ac514bb3e8b03738a5238dfefc6a44a8020e		49827685
ore_ont_11460.owl	421	ok	match	true	production_all	14.552	3099.64	ffbd9afd129533e7fa67c1c86f726496d4e269dfc38418375c16aa033e32dd9b	3bba2ff9cd16d7b398364bee1e4f766c02626881163422a6876593d2a705a101		49827686
ore_ont_11497.owl	422	ok	match	true	production_all	0.0414	8.12	ffbd9afd129533e7fa67c1c86f726496d4e269dfc38418375c16aa033e32dd9b	8640d78d492ca0006243d52fcb33dc628524656293e4b88db7829ad4389f4338		49827688
ore_ont_11502.owl	423	ok	match	true	production_all	0.4762	51.64	ffbd9afd129533e7fa67c1c86f726496d4e269dfc38418375c16aa033e32dd9b	07713dc746bebd4230af577db06d41437878358da6baaa3e27c202281fae91b3		49827689
ore_ont_11504.owl	424	ok	match	true	production_all	0.0412	7.19	ffbd9afd129533e7fa67c1c86f726496d4e269dfc38418375c16aa033e32dd9b	7c18c4567a36b238d8bc0334f7c2e40786398d8886a6e9ecdf6e3befe99090f4		49827690
ore_ont_11519.owl	425	ok	match	true	production_all	6.4962	1274.63	ffbd9afd129533e7fa67c1c86f726496d4e269dfc38418375c16aa033e32dd9b	c0bc75c2b13e0e0728f78f726f58e663625f17bcc036cb40241a226879063aeb		49827691
ore_ont_11522.owl	426	ok	match	true	production_all	0.041	8.75	ffbd9afd129533e7fa67c1c86f726496d4e269dfc38418375c16aa033e32dd9b	6923fe07622ff54eda7fc0b364d6c03c8bbae703e7069a5d10c053a6054def7f		49827692
ore_ont_11523.owl	427	ok	match	true	production_all	0.0698	9.69	ffbd9afd129533e7fa67c1c86f726496d4e269dfc38418375c16aa033e32dd9b	7310a2420253d972d26776ccad771b038711abc2dd578c8a13098c3e3663ec89		49827694
ore_ont_11526.owl	428	ok	match	true	production_all	0.0705	8.75	ffbd9afd129533e7fa67c1c86f726496d4e269dfc38418375c16aa033e32dd9b	25a9dfe3607834ad90d624672276aede57eaf02784efa544063dd4489337adab		49827695
ore_ont_11559.owl	429	ok	match	true	production_all	3.0724	574.09	ffbd9afd129533e7fa67c1c86f726496d4e269dfc38418375c16aa033e32dd9b	27cb18ecd91fbbc21ef7cd872ed2161ca58afead9634753597b502262e856841		49827696
ore_ont_11577.owl	430	ok	match	true	production_all	0.0705	10.33	ffbd9afd129533e7fa67c1c86f726496d4e269dfc38418375c16aa033e32dd9b	78c12e0fb82e17869f2df3bcdd0a6d56db4d249e566a11d9f25c4b1f6dd411d1		49827697
ore_ont_11619.owl	431	ok	match	true	production_all	0.0998	18.23	ffbd9afd129533e7fa67c1c86f726496d4e269dfc38418375c16aa033e32dd9b	9304084bc5359a42d0837601eea5354bcf3aaa41eb2a62bbff14787e98252747		49827698
ore_ont_11623.owl	432	ok	match	true	production_all	0.7984	518.67	ffbd9afd129533e7fa67c1c86f726496d4e269dfc38418375c16aa033e32dd9b	6f12e8392cac6b5ab95e02cfb22942825a445cafa89ef09eb500684ee3e279dd		49827699
ore_ont_11639.owl	433	ok	match	true	production_all	0.0405	6.88	ffbd9afd129533e7fa67c1c86f726496d4e269dfc38418375c16aa033e32dd9b	9d20e1c1afe6e79af9e35f135dfbeb965efec25215a54e6b2c27472ec46fe8a1		49827700
ore_ont_11739.owl	434	ok	match	true	production_all	25.9458	2661.91	ffbd9afd129533e7fa67c1c86f726496d4e269dfc38418375c16aa033e32dd9b	87e198b4b4877fa7bef65c28ac7ae439613a8f41cd8156786c14ac63d580712c		49827701
ore_ont_11745.owl	435	ok	match	true	cb_plain16	12.893	4068.29	ffbd9afd129533e7fa67c1c86f726496d4e269dfc38418375c16aa033e32dd9b	49e851a304217ddcaa13291238cf1bd37e6d161e6a57ba7318eb6e7244b1584f		49827702
ore_ont_11778.owl	436	ok	match	true	production_all	5.9266	1225.09	ffbd9afd129533e7fa67c1c86f726496d4e269dfc38418375c16aa033e32dd9b	02f70d54c956f315440e7b6c6cf11b10e21313041e72692d251f018364ea8b06		49827703
ore_ont_11866.owl	437	ok	match	true	production_all	0.0414	7.19	ffbd9afd129533e7fa67c1c86f726496d4e269dfc38418375c16aa033e32dd9b	25a9dfe3607834ad90d624672276aede57eaf02784efa544063dd4489337adab		49827704
ore_ont_11889.owl	438	ok	match	true	production_all	0.0707	9.82	ffbd9afd129533e7fa67c1c86f726496d4e269dfc38418375c16aa033e32dd9b	5f1ce489832cb8ae99748f2ecbb665ddb7da0d5750e09c9ac409fd75c5875444		49827705
ore_ont_11978.owl	439	ok	match	true	production_all	0.0708	11.42	ffbd9afd129533e7fa67c1c86f726496d4e269dfc38418375c16aa033e32dd9b	f238035ea70c8a9a2f9d439a52b36ef315a3449e2a926cd8a6065f3be4f86087		49827706
ore_ont_12007.owl	440	ok	match	true	production_all	0.0405	7.19	ffbd9afd129533e7fa67c1c86f726496d4e269dfc38418375c16aa033e32dd9b	779011b5e74b3bf61345db242cf0d5ab1c508e60d59470b7021926b6ca7f4963		49827707
ore_ont_12009.owl	441	ok	match	true	production_all	0.0408	11.21	ffbd9afd129533e7fa67c1c86f726496d4e269dfc38418375c16aa033e32dd9b	c49ac8a00b73dd16b18c6806b9e19bea5f9a821003a4da37b2202dc8b2c0913a		49827710
ore_ont_12087.owl	442	ok	match	true	production_all	10.9458	2134.91	ffbd9afd129533e7fa67c1c86f726496d4e269dfc38418375c16aa033e32dd9b	0de4f44746026093588d63cfce9e4402e938cf30b7c88a3970e4771da4a63c60		49827711
ore_ont_12141.owl	443	ok	match	true	production_all	0.4831	180.17	ffbd9afd129533e7fa67c1c86f726496d4e269dfc38418375c16aa033e32dd9b	0205fe9d5bff8d6ac81af28ac8ca71cf10b61b85998e5e70242fdd9be69af349		49827712
ore_ont_12149.owl	444	ok	match	true	production_all	1.8806	362.05	ffbd9afd129533e7fa67c1c86f726496d4e269dfc38418375c16aa033e32dd9b	1a6c34a01e0f9de8f986e062b118c3950b89fcee5894446fcaa350902e7f126f		49827713
ore_ont_12161.owl	445	ok	match	true	production_all	0.2786	42.16	ffbd9afd129533e7fa67c1c86f726496d4e269dfc38418375c16aa033e32dd9b	5c1fe0699854aa6c4f891ae1122faf848af88deaf57d6d6a18959e0c89e90df6		49827714
ore_ont_12194.owl	446	ok	match	true	production_all	0.8145	177.37	ffbd9afd129533e7fa67c1c86f726496d4e269dfc38418375c16aa033e32dd9b	5008d3bc52e4aaab7aca6b11a01a2dcdfdf2005f2d4c1aeec1abb75de67e2206		49827715
ore_ont_12281.owl	447	ok	match	true	production_all	0.0991	14.45	ffbd9afd129533e7fa67c1c86f726496d4e269dfc38418375c16aa033e32dd9b	6c8c2dd1ea442064196c32326cd1c2c8d3a72ecf5e3d2c331a16cc9281ffa925		49827716
ore_ont_12387.owl	448	ok	match	true	production_all	11.5894	1998.17	ffbd9afd129533e7fa67c1c86f726496d4e269dfc38418375c16aa033e32dd9b	9d25a3ae4b10f67a869ff1ec8333b593900ad745b3453e11588555e8178d7dba		49827718
ore_ont_12397.owl	449	ok	match	true	production_all	0.0701	13.47	ffbd9afd129533e7fa67c1c86f726496d4e269dfc38418375c16aa033e32dd9b	1141b993c4ce4fc0f8712bb0c6b6853b030ea938eba3d8e27dbe28dbc7ec1070		49827719
ore_ont_12405.owl	450	ok	match	true	production_all	0.3078	43.59	ffbd9afd129533e7fa67c1c86f726496d4e269dfc38418375c16aa033e32dd9b	450e43282d20750ee054bec83e074f6b4d890c845074125e9b9b04cd346ae614		49827720
ore_ont_12414.owl	451	ok	match	true	production_all	10.7946	1465.09	ffbd9afd129533e7fa67c1c86f726496d4e269dfc38418375c16aa033e32dd9b	f52655554ad9025c06c681d71ccebf5cce633bac6305e01d8e78fa7abd9477c0		49827721
ore_ont_12528.owl	452	ok	match	true	production_all	26.4438	3633.6	ffbd9afd129533e7fa67c1c86f726496d4e269dfc38418375c16aa033e32dd9b	821c9e8abb3c9f0b13db22b7044710317c1f59fb0219ad16c7f007464d7aa7b4		49827722
ore_ont_12653.owl	453	ok	match	true	production_all	0.1002	43.6	ffbd9afd129533e7fa67c1c86f726496d4e269dfc38418375c16aa033e32dd9b	b9b3b2004562dfba7af26bbbd125115be0383fcd014b509717cbcedc73b31f00		49827723
ore_ont_12698.owl	454	ok	match	true	nominals	2.9756	786.11	ffbd9afd129533e7fa67c1c86f726496d4e269dfc38418375c16aa033e32dd9b	9f2ee83b8fc315586d509d7a508be032bd1674970b5ab484f81a138be9f91e19		49827724
ore_ont_12776.owl	455	ok	match	true	production_all	0.1294	24.91	ffbd9afd129533e7fa67c1c86f726496d4e269dfc38418375c16aa033e32dd9b	25a9dfe3607834ad90d624672276aede57eaf02784efa544063dd4489337adab		49827725
ore_ont_12802.owl	456	ok	match	true	production_all	0.4194	49.8	ffbd9afd129533e7fa67c1c86f726496d4e269dfc38418375c16aa033e32dd9b	25a9dfe3607834ad90d624672276aede57eaf02784efa544063dd4489337adab		49827728
ore_ont_12831.owl	457	ok	match	true	production_all	0.0414	9.38	ffbd9afd129533e7fa67c1c86f726496d4e269dfc38418375c16aa033e32dd9b	38a2ba76b4a11fd01f59b97df9cd3d93fc54a9094e1cc87d511aca66989ac102		49827791
ore_ont_12906.owl	458	ok	match	true	production_all	0.0404	6.25	ffbd9afd129533e7fa67c1c86f726496d4e269dfc38418375c16aa033e32dd9b	ccdfc6d626940ef30a9115eff4872649ebcdaae60e4ff9e1d922d38485fb44ad		49827792
ore_ont_13000.owl	459	ok	match	true	production_all	0.4213	49.71	ffbd9afd129533e7fa67c1c86f726496d4e269dfc38418375c16aa033e32dd9b	a2c9fd27be406668497189b64f1f673b22ea55c2266d5417991166ab3fdc6685		49827798
ore_ont_13035.owl	460	ok	match	true	nominals	0.1028	86.13	ffbd9afd129533e7fa67c1c86f726496d4e269dfc38418375c16aa033e32dd9b	26f70e0efde86c6b42ee15c2ddfa83b64a9c6e57fdaf6444414c5f486f355b1c		49827799
ore_ont_13053.owl	461	ok	match	true	production_all	0.0407	8.75	ffbd9afd129533e7fa67c1c86f726496d4e269dfc38418375c16aa033e32dd9b	8be7de1da407a2951e7d7cd0e99a349f1fefcf747161b09d042d33f84aa7ddd7		49827800
ore_ont_13066.owl	462	ok	match	true	production_all	0.0414	8.12	ffbd9afd129533e7fa67c1c86f726496d4e269dfc38418375c16aa033e32dd9b	25a9dfe3607834ad90d624672276aede57eaf02784efa544063dd4489337adab		49827804
ore_ont_13071.owl	463	ok	match	true	production_all	1.4613	418.32	ffbd9afd129533e7fa67c1c86f726496d4e269dfc38418375c16aa033e32dd9b	a198a99650a9b25c5cb6bd92be339eb7987b3e74b77bf4e39cba8bce54ac2fb1		49827805
ore_ont_13113.owl	464	ok	match	true	nominals	0.1884	47.05	ffbd9afd129533e7fa67c1c86f726496d4e269dfc38418375c16aa033e32dd9b	1bb468cee8017811a155e6f28b61dc9724fb6fd28fbf7f7f557d9bb79d9f8d52		49827806
ore_ont_13132.owl	465	ok	match	true	nominals	0.1005	74.42	ffbd9afd129533e7fa67c1c86f726496d4e269dfc38418375c16aa033e32dd9b	e13d65dbb5d532c7e775e0356509fb42a69836b7037bb39ba5f07d267d7c0f72		49827807
ore_ont_13141.owl	466	ok	match	true	production_all	0.1602	23.82	ffbd9afd129533e7fa67c1c86f726496d4e269dfc38418375c16aa033e32dd9b	02bedd319c20f293b81cf4c0848009629bdda90e5ca659cfbfeb58bb865f145a		49827811
ore_ont_13204.owl	467	ok	match	true	production_all	0.0408	6.56	ffbd9afd129533e7fa67c1c86f726496d4e269dfc38418375c16aa033e32dd9b	1c55999654f057fe0eb6fae17bf2b3b0f5598cc5237eb0b2ca0af50a9d673748		49827814
ore_ont_13224.owl	468	ok	match	true	production_all	13.762	2854.76	ffbd9afd129533e7fa67c1c86f726496d4e269dfc38418375c16aa033e32dd9b	a770e5429a6fea4919ca768a672493adacfbe951d6826e06878f1deed93a2545		49827815
ore_ont_13234.owl	469	ok	match	true	production_all	0.0409	8.12	ffbd9afd129533e7fa67c1c86f726496d4e269dfc38418375c16aa033e32dd9b	ce0bd8d2bc45f2722c2a72a77559605eeba16b4f38c7df36e978aa1f5c6231a5		49827816
ore_ont_13243.owl	470	ok	match	true	production_all	3.9846	846.45	ffbd9afd129533e7fa67c1c86f726496d4e269dfc38418375c16aa033e32dd9b	522456978803f2cd7797cc242cd5f366fe650452fe3a2511f22e95da21dfd3ee		49827817
ore_ont_13277.owl	471	ok	match	true	production_all	0.0421	9.55	ffbd9afd129533e7fa67c1c86f726496d4e269dfc38418375c16aa033e32dd9b	65c860516d3ce897e28e1ef7373215a1c131cbf859a877bac5b445beb160e9ac		49827823
ore_ont_13301.owl	472	ok	match	true	production_all	0.0415	10.94	ffbd9afd129533e7fa67c1c86f726496d4e269dfc38418375c16aa033e32dd9b	af1f58fdf3560dbb4ee8f7d0f4f112479ef6073b2ae57b79030d0cf470864343		49827827
ore_ont_13355.owl	473	ok	match	true	production_all	19.6814	2894.64	ffbd9afd129533e7fa67c1c86f726496d4e269dfc38418375c16aa033e32dd9b	7a44b3849b6013155767d75119c927d95918dc51e00102349321e8ff49a4b7fc		49827832
ore_ont_13383.owl	474	ok	match	true	nominals	0.101	42.5	ffbd9afd129533e7fa67c1c86f726496d4e269dfc38418375c16aa033e32dd9b	44f33d580b81ffff9b7d87a2b0f1cde4fb6cf3fe7dcc51ab7b120da5c25652a8		49827835
ore_ont_13392.owl	475	ok	match	true	production_all	0.0413	7.48	ffbd9afd129533e7fa67c1c86f726496d4e269dfc38418375c16aa033e32dd9b	730c48986817f508c95e2a47c17ac5abb52fc24d2a7c7d08c8d9a5f89759cfd6		49827836
ore_ont_13429.owl	476	ok	match	true	production_all	0.041	6.56	ffbd9afd129533e7fa67c1c86f726496d4e269dfc38418375c16aa033e32dd9b	febfdbf4ffd72b5377678ddc84ec0f53e3ea83c6d463001bb59b1494d64f02e8		49827837
ore_ont_13444.owl	477	ok	match	true	production_all	0.1624	97.64	ffbd9afd129533e7fa67c1c86f726496d4e269dfc38418375c16aa033e32dd9b	247c4ac30df7d55beb16fc23b0943bd2b6d2bc62e449e40d830370fd846d769a		49827839
ore_ont_13482.owl	478	ok	match	true	production_all	70.2695	7470.91	ffbd9afd129533e7fa67c1c86f726496d4e269dfc38418375c16aa033e32dd9b	25a9dfe3607834ad90d624672276aede57eaf02784efa544063dd4489337adab		49827840
ore_ont_13503.owl	479	ok	match	true	production_all	0.041	8.37	ffbd9afd129533e7fa67c1c86f726496d4e269dfc38418375c16aa033e32dd9b	1b8fdf730b9cdce8afed1c69c13e782c6c2dde70c42e5f1d2273dcbdb6b1282b		49827841
ore_ont_13530.owl	480	ok	match	true	production_all	0.0409	6.56	ffbd9afd129533e7fa67c1c86f726496d4e269dfc38418375c16aa033e32dd9b	6e5b1361a86c93ec1ceeb5272edbfa2c089f06651d99c6e5ffd32a8cb585ddc6		49827842
ore_ont_13578.owl	481	ok	match	true	production_all	0.0699	13.75	ffbd9afd129533e7fa67c1c86f726496d4e269dfc38418375c16aa033e32dd9b	c0a7387438bc9b5659506006706666a5540c33373ad4f8f0fe9a89e9922a00d9		49827847
ore_ont_13621.owl	482	ok	match	true	nominals	2.9598	1624.66	ffbd9afd129533e7fa67c1c86f726496d4e269dfc38418375c16aa033e32dd9b	f61f9526d186c0af485ce724f10c3e6c794c2bd876f564e8e04b5c195f1806a0		49827848
ore_ont_13643.owl	483	ok	match	true	production_all	0.0478	6.88	ffbd9afd129533e7fa67c1c86f726496d4e269dfc38418375c16aa033e32dd9b	e6a28db50f029843a0a2b347a35bc6d99ef168c042af0b6aaffcf04524def1bc		49827851
ore_ont_13664.owl	484	ok	match	true	production_all	1.4613	323.3	ffbd9afd129533e7fa67c1c86f726496d4e269dfc38418375c16aa033e32dd9b	c46e20fd5257acb674d22a52a7e7d5e9f96e94749f0b0c949f3c445076616481		49827852
ore_ont_13752.owl	485	ok	match	true	production_all	0.8174	232.3	ffbd9afd129533e7fa67c1c86f726496d4e269dfc38418375c16aa033e32dd9b	c9457601ea869b5d7998f65f9653efb7bf953e9b82fec67f27113a36208f993f		49827853
ore_ont_13755.owl	486	ok	match	true	production_all	0.1897	25.47	ffbd9afd129533e7fa67c1c86f726496d4e269dfc38418375c16aa033e32dd9b	6b1945e00a8cb4bdfc5e2e33e163d8de34c7ab1d0dc1d2517212df3700e3805b		49827855
ore_ont_13759.owl	487	ok	match	true	production_all	0.0409	10.17	ffbd9afd129533e7fa67c1c86f726496d4e269dfc38418375c16aa033e32dd9b	c1944627d8fb4d69c4ec0b6c27c93ad55072e6ab9a4241a356adafe482892657		49827856
ore_ont_13762.owl	488	ok	match	true	nominals	0.2494	176.5	ffbd9afd129533e7fa67c1c86f726496d4e269dfc38418375c16aa033e32dd9b	834d5a60982e1e532564cb200cbfe49dde2ef31b8a7d6cc1e9e09cd08fb7dd61		49827862
ore_ont_13772.owl	489	ok	match	true	production_all	0.0717	9.52	ffbd9afd129533e7fa67c1c86f726496d4e269dfc38418375c16aa033e32dd9b	25a9dfe3607834ad90d624672276aede57eaf02784efa544063dd4489337adab		49827863
ore_ont_13840.owl	490	ok	match	true	production_all	0.2207	34.28	ffbd9afd129533e7fa67c1c86f726496d4e269dfc38418375c16aa033e32dd9b	1a76bc2eead4ab2c64afae2e732b4a5ef9f37155917439b00c9518c686bff41c		49827865
ore_ont_13852.owl	491	ok	match	true	production_all	0.3042	38.12	ffbd9afd129533e7fa67c1c86f726496d4e269dfc38418375c16aa033e32dd9b	2e3d43d2ccdef95965bb116db6a147ac1c9436689d91642fdc0a0ae516665943		49827866
ore_ont_13887.owl	492	ok	match	true	production_all	0.0705	10.0	ffbd9afd129533e7fa67c1c86f726496d4e269dfc38418375c16aa033e32dd9b	7d50171db15ecaab15bff2a8f8cd738024aa3139b61332e80c2e122a182ecc3e		49827867
ore_ont_13902.owl	493	ok	match	true	production_all	2.5241	625.0	ffbd9afd129533e7fa67c1c86f726496d4e269dfc38418375c16aa033e32dd9b	25a9dfe3607834ad90d624672276aede57eaf02784efa544063dd4489337adab		49827869
ore_ont_13912.owl	494	ok	match	true	nominals	0.0407	7.5	ffbd9afd129533e7fa67c1c86f726496d4e269dfc38418375c16aa033e32dd9b	3c48c283d1292f55fe67383942d35be768499f1f96e83f0adf812c000ac3b9dd		49827870
ore_ont_13964.owl	495	ok	match	true	production_all	1.3968	383.02	ffbd9afd129533e7fa67c1c86f726496d4e269dfc38418375c16aa033e32dd9b	25a9dfe3607834ad90d624672276aede57eaf02784efa544063dd4489337adab		49827871
ore_ont_13969.owl	496	ok	match	true	production_all	9.3965	1419.27	ffbd9afd129533e7fa67c1c86f726496d4e269dfc38418375c16aa033e32dd9b	df5204236b942809dc9fff216bc1a3ccf523cc361d1cb9ca2a12b36456249647		49827872
ore_ont_14027.owl	497	ok	match	true	production_all	0.2731	37.13	ffbd9afd129533e7fa67c1c86f726496d4e269dfc38418375c16aa033e32dd9b	e89ac3a69a1ca7c8e4b2c50fffb92e958ce6cfa6aedbd9a5f449895c592d5e48		49827873
ore_ont_14031.owl	498	ok	match	true	production_all	0.0996	17.43	ffbd9afd129533e7fa67c1c86f726496d4e269dfc38418375c16aa033e32dd9b	41ecf9621a1cc6d1dda13476959ce98ef12d1f97090b407e8a0b5b4d2d35d1dd		49827874
ore_ont_14042.owl	499	ok	match	true	production_all	39.9489	3766.5	ffbd9afd129533e7fa67c1c86f726496d4e269dfc38418375c16aa033e32dd9b	5f730ffc22a0828f94eb0bcfe5c366774eb965dcb577c9b64e14c9552f2e86e9		49827875
ore_ont_14123.owl	500	ok	match	true	production_all	0.0695	11.79	ffbd9afd129533e7fa67c1c86f726496d4e269dfc38418375c16aa033e32dd9b	8b7f9bcf47a17d494df882683f019686ed295e909c0d80b7e4bcb0a306b16245		49827878
ore_ont_14153.owl	501	ok	match	true	production_all	0.1295	45.01	ffbd9afd129533e7fa67c1c86f726496d4e269dfc38418375c16aa033e32dd9b	11b062554512b7dc5030652d6359a4637466330cb93b1acbbe25eb81e28b7efc		49827879
ore_ont_14194.owl	502	ok	match	true	nominals	2.8541	1624.52	ffbd9afd129533e7fa67c1c86f726496d4e269dfc38418375c16aa033e32dd9b	c134da9d8e936c4f86bdfba991620153f1a4e471154011b9e333b0324ac35da5		49827881
ore_ont_14216.owl	503	ok	match	true	production_all	19.7757	3611.67	ffbd9afd129533e7fa67c1c86f726496d4e269dfc38418375c16aa033e32dd9b	25a9dfe3607834ad90d624672276aede57eaf02784efa544063dd4489337adab		49827882
ore_ont_14273.owl	504	ok	match	true	production_all	0.0409	8.44	ffbd9afd129533e7fa67c1c86f726496d4e269dfc38418375c16aa033e32dd9b	25a9dfe3607834ad90d624672276aede57eaf02784efa544063dd4489337adab		49827883
ore_ont_14280.owl	505	ok	match	true	production_all	0.4324	44.54	ffbd9afd129533e7fa67c1c86f726496d4e269dfc38418375c16aa033e32dd9b	dcc934c8bc158452fb1f4d5590d9555e693e5417a6b0cf76f28a01fde9f4385a		49827884
ore_ont_14312.owl	506	ok	match	true	production_all	2.9032	787.35	ffbd9afd129533e7fa67c1c86f726496d4e269dfc38418375c16aa033e32dd9b	13aed4f22b7932a454821bd5bd3c1d9354fc69f7586b2bf3b2cb445a461a59b3		49827885
ore_ont_14327.owl	507	ok	match	true	production_all	0.0414	6.88	ffbd9afd129533e7fa67c1c86f726496d4e269dfc38418375c16aa033e32dd9b	70171f4a81f01a33cbc8852ca47a0155893039a6f390b7a5780a71655b53800e		49827886
ore_ont_14375.owl	508	ok	match	true	production_all	0.9331	218.89	ffbd9afd129533e7fa67c1c86f726496d4e269dfc38418375c16aa033e32dd9b	2829f8183f13c0ca7bea6def45b269984c62055471f3a226dbbb625743470655		49827887
ore_ont_14450.owl	509	ok	match	true	production_all	0.192	54.63	ffbd9afd129533e7fa67c1c86f726496d4e269dfc38418375c16aa033e32dd9b	d0c67792f15f1d3adee5ff277de2c7511d08474189203320bab5c30dafe21fcc		49827888
ore_ont_14459.owl	510	ok	match	true	production_all	48.5695	4675.26	ffbd9afd129533e7fa67c1c86f726496d4e269dfc38418375c16aa033e32dd9b	cd04b420623e015a2c262189ae87da5f5712179d720dbc20e6ea4609e7615f41		49827889
ore_ont_14499.owl	511	ok	match	true	production_all	0.191	30.84	ffbd9afd129533e7fa67c1c86f726496d4e269dfc38418375c16aa033e32dd9b	ac49106e1451d9853d2cb9d7a85693b96e5379e58a9cbe8d8dd6b8786b979d2a		49827890
ore_ont_14508.owl	512	ok	match	true	production_all	1.1974	266.48	ffbd9afd129533e7fa67c1c86f726496d4e269dfc38418375c16aa033e32dd9b	25a9dfe3607834ad90d624672276aede57eaf02784efa544063dd4489337adab		49827891
ore_ont_14518.owl	513	ok	match	true	production_all	0.0408	7.19	ffbd9afd129533e7fa67c1c86f726496d4e269dfc38418375c16aa033e32dd9b	3b4f8d3811e4bc8dd83d2498f6d1f68ddddde4834c99449996bbbe92ebfba5ec		49827892
ore_ont_14543.owl	514	ok	match	true	production_all	6.0621	969.83	ffbd9afd129533e7fa67c1c86f726496d4e269dfc38418375c16aa033e32dd9b	3d69cceb509ef6af3ff22cd2eea4b2d20cf4a261c48c0f2e4ea786582fa9b4f6		49827893
ore_ont_14574.owl	515	ok	match	true	production_all	0.2144	30.93	ffbd9afd129533e7fa67c1c86f726496d4e269dfc38418375c16aa033e32dd9b	493d5b8d2bad1ba4b0a417ba87c4b0cdb31b917cac6c8c521b50eccf50dcb35f		49827894
ore_ont_14587.owl	516	ok	match	true	production_all	0.3118	54.02	ffbd9afd129533e7fa67c1c86f726496d4e269dfc38418375c16aa033e32dd9b	430efd311cd4e4530c704f7a881a2634d8ba24a2d2eb44f99858bfa90650c8c4		49827896
ore_ont_14607.owl	517	ok	match	true	production_all	6.9269	1700.68	ffbd9afd129533e7fa67c1c86f726496d4e269dfc38418375c16aa033e32dd9b	25a9dfe3607834ad90d624672276aede57eaf02784efa544063dd4489337adab		49827897
ore_ont_14817.owl	518	ok	match	true	production_all	101.6803	8247.11	ffbd9afd129533e7fa67c1c86f726496d4e269dfc38418375c16aa033e32dd9b	3c43822a005baa536d47079eac973ab6247dd54adace4643ac119bc74757445d		49827898
ore_ont_14826.owl	519	ok	match	true	production_all	0.0407	7.81	ffbd9afd129533e7fa67c1c86f726496d4e269dfc38418375c16aa033e32dd9b	0d117ce09c0ab3b0861b3c524719fe2a4f3143a0fc90124355a18e12028726b3		49827899
ore_ont_14840.owl	520	ok	match	true	production_all	0.0708	11.76	ffbd9afd129533e7fa67c1c86f726496d4e269dfc38418375c16aa033e32dd9b	11b062554512b7dc5030652d6359a4637466330cb93b1acbbe25eb81e28b7efc		49827900
ore_ont_14848.owl	521	ok	match	true	production_all	0.0703	9.69	ffbd9afd129533e7fa67c1c86f726496d4e269dfc38418375c16aa033e32dd9b	35ad616fd48312b83ed0327765383c7b7087019ec32aa6778e7b85eed5448fb2		49827901
ore_ont_14896.owl	522	ok	match	true	nominal_ni_abox	1.1741	585.73	ffbd9afd129533e7fa67c1c86f726496d4e269dfc38418375c16aa033e32dd9b	6d9285aae0ab89479bc2db0d99b396d87044ea4f1baa33c4edc5fc5410681760		49827902
ore_ont_14901.owl	523	ok	match	true	production_all	0.0408	8.75	ffbd9afd129533e7fa67c1c86f726496d4e269dfc38418375c16aa033e32dd9b	a6209a6c16fcc7a056b4afd3a9a3d62114a67dfd76f674aac2f616d7cc0276df		49827903
ore_ont_14926.owl	524	ok	match	true	production_all	0.0409	6.88	ffbd9afd129533e7fa67c1c86f726496d4e269dfc38418375c16aa033e32dd9b	77665b11fb7d2370101eb7b65e132de7967c9239a51a1eb0bb9769f5c6e0b389		49827904
ore_ont_14934.owl	525	ok	match	true	production_all	3.3886	626.95	ffbd9afd129533e7fa67c1c86f726496d4e269dfc38418375c16aa033e32dd9b	67f8b56d7977547b096eb1abae5ff30988653d703a4e8c27f8d543b13e3f6b3c		49827905
ore_ont_15059.owl	526	ok	match	true	production_all	60.0527	9796.74	ffbd9afd129533e7fa67c1c86f726496d4e269dfc38418375c16aa033e32dd9b	25a9dfe3607834ad90d624672276aede57eaf02784efa544063dd4489337adab		49827907
ore_ont_15068.owl	527	ok	match	true	production_all	0.041	6.88	ffbd9afd129533e7fa67c1c86f726496d4e269dfc38418375c16aa033e32dd9b	e60aee98e44662ce73579fe6f10aaf0c4197f6297c8c7a2dc96229a68000cec5		49827908
ore_ont_15098.owl	528	ok	match	true	production_all	0.1602	32.29	ffbd9afd129533e7fa67c1c86f726496d4e269dfc38418375c16aa033e32dd9b	97c1355b707518660b4d88edeaafbedba4ed48ded26a8a6750b5b9dbbdc0c0d3		49827909
ore_ont_15099.owl	529	ok	match	true	production_all	1.3232	306.65	ffbd9afd129533e7fa67c1c86f726496d4e269dfc38418375c16aa033e32dd9b	25a9dfe3607834ad90d624672276aede57eaf02784efa544063dd4489337adab		49827910
ore_ont_15145.owl	530	ok	match	true	production_all	0.0409	6.56	ffbd9afd129533e7fa67c1c86f726496d4e269dfc38418375c16aa033e32dd9b	d35d49ee77e0944bb615970957f86b0e59c29c32cb004f5b780cad04a884d820		49827911
ore_ont_15152.owl	531	ok	match	true	production_all	0.2484	35.56	ffbd9afd129533e7fa67c1c86f726496d4e269dfc38418375c16aa033e32dd9b	2e77cd8b86b16a814046b32b0f6aac24408a4720f8c85b5e70064714d044ab4e		49827912
ore_ont_15172.owl	532	ok	match	true	production_all	4.4046	862.59	ffbd9afd129533e7fa67c1c86f726496d4e269dfc38418375c16aa033e32dd9b	cfe1d126a72a80da87f532b5b612cb038a9842ba2da3b976a42210dd64dc309f		49827913
ore_ont_15178.owl	533	ok	match	true	production_all	0.595	65.08	ffbd9afd129533e7fa67c1c86f726496d4e269dfc38418375c16aa033e32dd9b	25a9dfe3607834ad90d624672276aede57eaf02784efa544063dd4489337adab		49827914
ore_ont_15222.owl	534	ok	match	true	production_all	0.1317	25.28	ffbd9afd129533e7fa67c1c86f726496d4e269dfc38418375c16aa033e32dd9b	5c6f359604affee99507cdd750dbbfc794e267be366dbb2e28d23195585173fc		49827915
ore_ont_15231.owl	535	ok	match	true	production_all	0.0409	9.06	ffbd9afd129533e7fa67c1c86f726496d4e269dfc38418375c16aa033e32dd9b	759bbfe0aa99baef0b44c0a355a8bdb04c1e1567df8276657a8f110eaa63b0da		49827916
ore_ont_15260.owl	536	ok	match	true	production_all	0.5643	56.39	ffbd9afd129533e7fa67c1c86f726496d4e269dfc38418375c16aa033e32dd9b	aff02089bd790afb61c697a9cd6479412f059bcfc0280ebe620fbf4f9db6f74e		49827917
ore_ont_15280.owl	537	ok	match	true	production_all	67.0139	7169.97	ffbd9afd129533e7fa67c1c86f726496d4e269dfc38418375c16aa033e32dd9b	25a9dfe3607834ad90d624672276aede57eaf02784efa544063dd4489337adab		49827918
ore_ont_15288.owl	538	ok	match	true	nominals	0.0984	25.31	ffbd9afd129533e7fa67c1c86f726496d4e269dfc38418375c16aa033e32dd9b	3c48c283d1292f55fe67383942d35be768499f1f96e83f0adf812c000ac3b9dd		49827919
ore_ont_15292.owl	539	ok	match	true	production_all	0.0699	14.88	ffbd9afd129533e7fa67c1c86f726496d4e269dfc38418375c16aa033e32dd9b	29a150755fb749ce18438b66bc2251caf3830ac42a72a55b5f9f80354d7d7a36		49827920
ore_ont_15341.owl	540	ok	match	true	production_all	0.2208	34.26	ffbd9afd129533e7fa67c1c86f726496d4e269dfc38418375c16aa033e32dd9b	1a76bc2eead4ab2c64afae2e732b4a5ef9f37155917439b00c9518c686bff41c		49827921
ore_ont_15388.owl	541	ok	match	true	production_all	3.5769	631.26	ffbd9afd129533e7fa67c1c86f726496d4e269dfc38418375c16aa033e32dd9b	758db59f0d87ce5cce6675d9c29e821c914f18a5c6441c409b4e99b59fda8a32		49827922
ore_ont_15397.owl	542	ok	match	true	production_all	0.0404	9.38	ffbd9afd129533e7fa67c1c86f726496d4e269dfc38418375c16aa033e32dd9b	d9e64c782f6e64d0320ccc7d671e028934cbea67e33feb8d416ea7ff796713cd		49827923
ore_ont_15399.owl	543	ok	match	true	production_all	0.0402	7.19	ffbd9afd129533e7fa67c1c86f726496d4e269dfc38418375c16aa033e32dd9b	efda811e1d6e9ea5f0db4e624fb6396525b8b8062b2425db6e4d09050f5b1c17		49827925
ore_ont_15461.owl	544	ok	match	true	certified_nominals	0.0411	11.95	ffbd9afd129533e7fa67c1c86f726496d4e269dfc38418375c16aa033e32dd9b	ee5f8cc3794b0475358c736d5f6fd8de147908ad3b71ce2191a8db616177f5ec		49827926
ore_ont_15491.owl	545	ok	match	true	production_all	1.768	751.24	ffbd9afd129533e7fa67c1c86f726496d4e269dfc38418375c16aa033e32dd9b	97a59d7571fc801275294d5b4946c729e77ce8827ae172f37860dd37c725b499		49827927
ore_ont_15516.owl	546	ok	consistency_mismatch	false	ht_rules	0.1597	24.68	ffbd9afd129533e7fa67c1c86f726496d4e269dfc38418375c16aa033e32dd9b	3c48c283d1292f55fe67383942d35be768499f1f96e83f0adf812c000ac3b9dd		49827928
ore_ont_15536.owl	547	ok	match	true	production_all	1.3444	418.26	ffbd9afd129533e7fa67c1c86f726496d4e269dfc38418375c16aa033e32dd9b	e1fbeb7aeb67310ff49d0f3581a15226962810239795d8c96bfc061bc5fb9f8d		49827929
ore_ont_15576.owl	548	ok	match	true	production_all	0.0403	6.88	ffbd9afd129533e7fa67c1c86f726496d4e269dfc38418375c16aa033e32dd9b	695d45a2b96d972126076a53cdec4cb9ad18c89b74acb7d7a37b2f4dc6d86945		49827930
ore_ont_15615.owl	549	ok	match	true	nominals	0.6666	304.02	ffbd9afd129533e7fa67c1c86f726496d4e269dfc38418375c16aa033e32dd9b	838b8129e87b7cee048f7a2d220cbba48c95cc9e8202758908e2abe4d31270c0		49827931
ore_ont_15672.owl	550	ok	match	true	certified_nominals	0.1561	44.19	ffbd9afd129533e7fa67c1c86f726496d4e269dfc38418375c16aa033e32dd9b	ac6f352d8affdb9102cfb99509c6f3684aa1b181c29845ac98780d1b07e3b131		49827932
ore_ont_15696.owl	551	ok	match	true	production_all	7.6551	1064.75	ffbd9afd129533e7fa67c1c86f726496d4e269dfc38418375c16aa033e32dd9b	c970dcfadfa3044c7e64c2d304534d117c73227fe514292dc5714b298b8b3ea7		49827933
ore_ont_15703.owl	552	ok	match	true	production_all	30.8506	4367.54	ffbd9afd129533e7fa67c1c86f726496d4e269dfc38418375c16aa033e32dd9b	090129a7fbaa14652ada3408dd1f160e7dd4a09a3502cc3323d8dad734e8893a		49827935
ore_ont_15725.owl	553	ok	match	true	production_all	2.59	535.39	ffbd9afd129533e7fa67c1c86f726496d4e269dfc38418375c16aa033e32dd9b	42436eeb45b30ea78e04c949ee44ed2b01fd517c889e603da4aa5afe491dbba3		49827936
ore_ont_15790.owl	554	ok	match	true	production_all	0.9706	221.6	ffbd9afd129533e7fa67c1c86f726496d4e269dfc38418375c16aa033e32dd9b	a98baf2805a78f76f0ada62cba4ff6ba0f2074ab456c1358f173d00b9cdcf687		49827937
ore_ont_15791.owl	555	ok	match	true	production_all	0.6635	181.16	ffbd9afd129533e7fa67c1c86f726496d4e269dfc38418375c16aa033e32dd9b	400f7d33417064a47481356d944fc2a18d4464daaccc300744d15445d18267a9		49827938
ore_ont_15793.owl	556	ok	match	true	production_all	0.4502	54.79	ffbd9afd129533e7fa67c1c86f726496d4e269dfc38418375c16aa033e32dd9b	25a9dfe3607834ad90d624672276aede57eaf02784efa544063dd4489337adab		49827940
ore_ont_15803.owl	557	ok	match	true	production_all	35.8405	2593.81	ffbd9afd129533e7fa67c1c86f726496d4e269dfc38418375c16aa033e32dd9b	b2a4da940996565b8ddac8c21ce38392192c271087965a80ba09c8826f2ee654		49827941
ore_ont_15846.owl	558	ok	match	true	certified_nominals	188.5981	18987.49	ffbd9afd129533e7fa67c1c86f726496d4e269dfc38418375c16aa033e32dd9b	ac1340ed5caad4831da799f8842d2893e8d9f310dce3d084390affed2072a4a6		49827942
ore_ont_15860.owl	559	ok	match	true	production_all	0.1001	19.21	ffbd9afd129533e7fa67c1c86f726496d4e269dfc38418375c16aa033e32dd9b	c173c953ba6ebb32391cc93132739e108a31bcfc0eecb2b364122804641facc1		49827943
ore_ont_15882.owl	560	ok	match	true	production_all	0.0405	7.19	ffbd9afd129533e7fa67c1c86f726496d4e269dfc38418375c16aa033e32dd9b	46a256fa20fee1a424bd74f6c769b7069c857a56526bebf219f8a1ea5970d413		49827944
ore_ont_15917.owl	561	ok	match	true	production_all	0.2199	34.54	ffbd9afd129533e7fa67c1c86f726496d4e269dfc38418375c16aa033e32dd9b	b18821800ab66df564954fe1f8f0215e5a18ab26bb84b658dad00ecef50d8d43		49827946
ore_ont_15929.owl	562	ok	match	true	production_all	7.2853	1339.83	ffbd9afd129533e7fa67c1c86f726496d4e269dfc38418375c16aa033e32dd9b	f0c432fee3845eb4ee0944c812ab0cadbbb8b96ea3184fcfff116504553d20e6		49827947
ore_ont_15932.owl	563	ok	match	true	production_all	0.1612	28.35	ffbd9afd129533e7fa67c1c86f726496d4e269dfc38418375c16aa033e32dd9b	25a9dfe3607834ad90d624672276aede57eaf02784efa544063dd4489337adab		49827949
ore_ont_15944.owl	564	ok	match	true	production_all	0.219	29.53	ffbd9afd129533e7fa67c1c86f726496d4e269dfc38418375c16aa033e32dd9b	a89fcaec0acf48929b811ad17b0a59dae35e6000e3da2a3eb5a38face70b89f0		49827951
ore_ont_15950.owl	565	ok	match	true	production_all	0.0702	12.69	ffbd9afd129533e7fa67c1c86f726496d4e269dfc38418375c16aa033e32dd9b	d15b70278a4cfa2cbedf2764cb9add0f0a8634cfe957ddc2861c637639bcbf80		49827952
ore_ont_15968.owl	566	ok	match	true	production_all	0.1295	18.97	ffbd9afd129533e7fa67c1c86f726496d4e269dfc38418375c16aa033e32dd9b	6db6d583cbef219dfd43cf09b0d4d10c48a2e452b5fa3a3192d1e43164b71ad8		49827953
ore_ont_15976.owl	567	ok	match	true	production_all	12.0698	2519.59	ffbd9afd129533e7fa67c1c86f726496d4e269dfc38418375c16aa033e32dd9b	51a1a9f58e3876db3d650ffc837f1b17a593f96e8186123ad3a7be4ebae90ce2		49827954
ore_ont_15985.owl	568	ok	match	true	production_all	0.041	10.0	ffbd9afd129533e7fa67c1c86f726496d4e269dfc38418375c16aa033e32dd9b	ca24600a6333d4f0b50ddb653421567ea0b628924690df4d658227e0b57116ca		49827955
ore_ont_16008.owl	569	ok	match	true	production_all	39.6772	4158.12	ffbd9afd129533e7fa67c1c86f726496d4e269dfc38418375c16aa033e32dd9b	a63271e4eaa00aee100894f5b327640ee71188051dabf76b2db3966ee97c7300		49827956
ore_ont_16076.owl	570	ok	match	true	production_all	0.0408	6.88	ffbd9afd129533e7fa67c1c86f726496d4e269dfc38418375c16aa033e32dd9b	f5bc89bf3be32e4581fd4c79c458b48416e36f89c736035abe746f5a9a8f202b		49827957
ore_ont_16114.owl	571	ok	match	true	production_all	0.3048	42.41	ffbd9afd129533e7fa67c1c86f726496d4e269dfc38418375c16aa033e32dd9b	1ad425b38518f1b34809c5bac5e48a3852f6537a4b67a386e7738d65bbabfbd1		49827958
ore_ont_16167.owl	572	ok	match	true	production_all	0.0408	7.5	ffbd9afd129533e7fa67c1c86f726496d4e269dfc38418375c16aa033e32dd9b	b7265f5d9eb0fb65cc91f6a0c66536106a10cfb80bfd5e9a3089fc4912cc1685		49827960
ore_ont_16299.owl	573	ok	match	true	production_all	0.2203	34.16	ffbd9afd129533e7fa67c1c86f726496d4e269dfc38418375c16aa033e32dd9b	79a3357bf88132434ab6f17359e8423fd8e267d9cd8f284a69f83811a81c5534		49827961
ore_ont_16303.owl	574	ok	match	true	nominals	5.2818	2396.09	ffbd9afd129533e7fa67c1c86f726496d4e269dfc38418375c16aa033e32dd9b	34fe02a636bad19ca47c10bc915fa2e13b8985ab465f1950e8e9ac37e8c5cec4		49827962
ore_ont_16312.owl	575	ok	match	true	production_all	0.0408	9.06	ffbd9afd129533e7fa67c1c86f726496d4e269dfc38418375c16aa033e32dd9b	211b0f09c916f799fa9e5d415686048201528f845fe8c51344875b641012c3bb		49827963
ore_ont_16351.owl	576	ok	match	true	production_all	0.0408	7.19	ffbd9afd129533e7fa67c1c86f726496d4e269dfc38418375c16aa033e32dd9b	089285c14961a28c3295b6109e4770cd940be7585d1707cf11d856a9a3d8fbfb		49827964
ore_ont_16444.owl	577	ok	match	true	production_all	11.1564	1767.27	ffbd9afd129533e7fa67c1c86f726496d4e269dfc38418375c16aa033e32dd9b	5109eb2f46fdb186066ec88a1337c6a825792132ceb7c8da24bf726151dc8266		49827965
ore_ont_16461.owl	578	ok	match	true	production_all	0.5001	25.03	ffbd9afd129533e7fa67c1c86f726496d4e269dfc38418375c16aa033e32dd9b	0af6a1d628529a9a1d42c72379974169f6b2c6bcb60f707f8219c3729daff0ad		49827966
ore_ont_16462.owl	579	ok	match	true	nominals	11.8148	2440.53	ffbd9afd129533e7fa67c1c86f726496d4e269dfc38418375c16aa033e32dd9b	9109e440a0fde12e5608bff89f0f251b2a2e18c60bc08c6f8e52778c3871d19b		49827967
ore_ont_16501.owl	580	ok	match	true	production_all	0.0412	8.75	ffbd9afd129533e7fa67c1c86f726496d4e269dfc38418375c16aa033e32dd9b	1b5b8a3dfbee869f5bef037fc0ebcf0443e1c450ce39e644ac98a8bddb061619		49827968
ore_ont_16558.owl	581	ok	match	true	production_all	0.219	28.82	ffbd9afd129533e7fa67c1c86f726496d4e269dfc38418375c16aa033e32dd9b	a89fcaec0acf48929b811ad17b0a59dae35e6000e3da2a3eb5a38face70b89f0		49827969
ore_ont_16559.owl	582	ok	match	true	production_all	1.3095	375.93	ffbd9afd129533e7fa67c1c86f726496d4e269dfc38418375c16aa033e32dd9b	25a9dfe3607834ad90d624672276aede57eaf02784efa544063dd4489337adab		49827970
ore_ont_16596.owl	583	ok	match	true	production_all	12.2131	2551.3	ffbd9afd129533e7fa67c1c86f726496d4e269dfc38418375c16aa033e32dd9b	59fe2ee75b8ea859b8dadcc4715d8591b3f1b41c2880e673b3a24ec9613a267c		49827971
ore_ont_16619.owl	584	ok	match	true	production_all	0.8581	68.15	ffbd9afd129533e7fa67c1c86f726496d4e269dfc38418375c16aa033e32dd9b	fb177a37c99251f771c426c2b969026f3a1e8efffc7fb30336b4543b014707e2		49827972
ore_ont_16626.owl	585	ok	match	true	production_all	0.0405	7.19	ffbd9afd129533e7fa67c1c86f726496d4e269dfc38418375c16aa033e32dd9b	4c0fc61e706201f24a9b90a90645e46f89e292aebc1411ae5d428a2aeb00fc90		49827973
ore_ont_16684.owl	586	ok	match	true	production_all	2.22	394.2	ffbd9afd129533e7fa67c1c86f726496d4e269dfc38418375c16aa033e32dd9b	25a9dfe3607834ad90d624672276aede57eaf02784efa544063dd4489337adab		49827974
ore_ont_16687.owl	587	ok	match	true	production_all	1.2757	275.58	ffbd9afd129533e7fa67c1c86f726496d4e269dfc38418375c16aa033e32dd9b	065e1e1457ce47b8ce09b524443d73adc155d2d40d1a6303dec535d74378c086		49827975
ore_ont_16730.owl	588	ok	match	true	production_all	0.0407	7.5	ffbd9afd129533e7fa67c1c86f726496d4e269dfc38418375c16aa033e32dd9b	a387245df155c38805c9fb5860713f05c5747dcc66cb68aeed3f348cce01ed68		49827976
ore_ont_16744.owl	589	ok	match	true	production_all	110.0964	11609.51	ffbd9afd129533e7fa67c1c86f726496d4e269dfc38418375c16aa033e32dd9b	25a9dfe3607834ad90d624672276aede57eaf02784efa544063dd4489337adab		49827978
ore_ont_16777.owl	590	ok	match	true	production_all	0.0714	8.75	ffbd9afd129533e7fa67c1c86f726496d4e269dfc38418375c16aa033e32dd9b	25a9dfe3607834ad90d624672276aede57eaf02784efa544063dd4489337adab		49827979
ore_ont_16821.owl	591	ok	match	true	production_all	0.0405	8.44	ffbd9afd129533e7fa67c1c86f726496d4e269dfc38418375c16aa033e32dd9b	1a2026b1f210fee29abcf425160d81ab1f0edef058aec0379f8dbf0b3bce7cc2		49826971
