ont	status	verdict	solved	consistent	wall_s	peak_mb	selected_route_trace	signature_sha256	binary_sha256	host	cpu_model	slurm_array_job_id	slurm_array_task_id
ore_ont_33.owl	ok	match	True	True	0.2779	34.78	production_all	c547c598ede2b73339e49f4c1e805d2cdb9eacf5916e6a87169653fea88bad2d	08d0fcd50d524bb6991fe350af440c5f2729ef516c8989a81236687cf66bd410	cn512-27-r	Intel(R) Xeon(R) Gold 6248 CPU @ 2.50GHz	50483032	0
ore_ont_105.owl	ok	match	True	True	0.0403	6.56	elc	b87db53f167df5a69d109d90740cadf2bb2c27635e9496a86f454e4838ed8728	08d0fcd50d524bb6991fe350af440c5f2729ef516c8989a81236687cf66bd410	cn512-27-l	Intel(R) Xeon(R) Gold 6248 CPU @ 2.50GHz	50483032	1
ore_ont_148.owl	ok	match	True	True	9.8517	1436.97	nominals	10ef79ea10318d5197169737fc59d7d5771162a452a2e4e1a74a7a0ca880d944	08d0fcd50d524bb6991fe350af440c5f2729ef516c8989a81236687cf66bd410	cn512-25-l	Intel(R) Xeon(R) Gold 6248 CPU @ 2.50GHz	50483032	2
ore_ont_178.owl	ok	match	True	True	0.0977	34.38	nominals	e6e4ebc5a09a391d077e5e5a30b88abe563b2c13b222f6bab8cdf1aecbf50e0a	08d0fcd50d524bb6991fe350af440c5f2729ef516c8989a81236687cf66bd410	cn512-24-l	Intel(R) Xeon(R) Gold 6248 CPU @ 2.50GHz	50483032	3
ore_ont_258.owl	ok	match	True	True	0.0399	5.94	elc	9579a5c955be86249c9f139f96cfae0fc4ab29399e898cd12d2c769e74e464c9	08d0fcd50d524bb6991fe350af440c5f2729ef516c8989a81236687cf66bd410	cn512-23-r	Intel(R) Xeon(R) Gold 6248 CPU @ 2.50GHz	50483032	4
ore_ont_269.owl	ok	match	True	True	0.763	118.48	elc	25a9dfe3607834ad90d624672276aede57eaf02784efa544063dd4489337adab	08d0fcd50d524bb6991fe350af440c5f2729ef516c8989a81236687cf66bd410	cn512-22-r	Intel(R) Xeon(R) Gold 6248 CPU @ 2.50GHz	50483032	5
ore_ont_338.owl	ok	match	True	True	0.0404	7.81	production_all	b745bb36702b9861d79f297df70982109814a0a5c5579b2af04f4fd748403746	08d0fcd50d524bb6991fe350af440c5f2729ef516c8989a81236687cf66bd410	cn512-21-l	Intel(R) Xeon(R) Gold 6248 CPU @ 2.50GHz	50483032	6
ore_ont_380.owl	ok	match	True	True	0.0406	9.29	elc	55086452e6fa037ae88e22f05bf4fd7fae44c534fc7dbcf65691946962e0e202	08d0fcd50d524bb6991fe350af440c5f2729ef516c8989a81236687cf66bd410	cn512-20-r	Intel(R) Xeon(R) Gold 6248 CPU @ 2.50GHz	50483032	7
ore_ont_394.owl	ok	match	True	True	0.0977	28.59	nominals	b0b77ecd4bd6ae54580d015e3168dae58e0dd9cd80f64ecebf29d2fa2dfe5c02	08d0fcd50d524bb6991fe350af440c5f2729ef516c8989a81236687cf66bd410	cn512-18-l	Intel(R) Xeon(R) Gold 6248 CPU @ 2.50GHz	50483032	8
ore_ont_412.owl	ok	match	True	True	0.0695	15.38	elc	9e482716a302992d30f7afcb71c473594584992bd4a9032ace1f005c460987da	08d0fcd50d524bb6991fe350af440c5f2729ef516c8989a81236687cf66bd410	cn512-17-r	Intel(R) Xeon(R) Gold 6248 CPU @ 2.50GHz	50483032	9
ore_ont_443.owl	ok	match	True	False	0.1003	21.78	nominals	3c48c283d1292f55fe67383942d35be768499f1f96e83f0adf812c000ac3b9dd	08d0fcd50d524bb6991fe350af440c5f2729ef516c8989a81236687cf66bd410	cn512-17-l	Intel(R) Xeon(R) Gold 6248 CPU @ 2.50GHz	50483032	10
ore_ont_457.owl	ok	match	True	True	0.0673	14.38	production_all	21d873c690e1f8ddd85fb557aa6ccd2dec40902830769885cb340d5889bd1b06	08d0fcd50d524bb6991fe350af440c5f2729ef516c8989a81236687cf66bd410	cn512-16-r	Intel(R) Xeon(R) Gold 6248 CPU @ 2.50GHz	50483032	11
ore_ont_508.owl	ok	match	True	True	0.0404	7.5	production_all	3847724c9e9e2a9fcf6c97fe0e5fdbe9cb10a1957f3521806480ac5f21de5f1f	08d0fcd50d524bb6991fe350af440c5f2729ef516c8989a81236687cf66bd410	cn512-16-l	Intel(R) Xeon(R) Gold 6248 CPU @ 2.50GHz	50483032	12
ore_ont_541.owl	ok	match	True	True	0.1592	47.46	production_all	c20d3724284bad20c79b64470da7d1a176fa34e92aa993fed54799a9bdbfb82e	08d0fcd50d524bb6991fe350af440c5f2729ef516c8989a81236687cf66bd410	cn512-15-r	Intel(R) Xeon(R) Gold 6248 CPU @ 2.50GHz	50483032	13
ore_ont_544.owl	ok	match	True	True	0.0994	17.41	elc	fae1e3e632c54b1c5a0b1de39cd2907984c5cb7cb41be063ba05dc1a00470694	08d0fcd50d524bb6991fe350af440c5f2729ef516c8989a81236687cf66bd410	cn512-15-l	Intel(R) Xeon(R) Gold 6248 CPU @ 2.50GHz	50483032	14
ore_ont_566.owl	ok	match	True	True	0.0407	8.97	elc	3460573f3c96cde1f3769168bd13a417b28ed1b271986165c4ea3a4bb63652c7	08d0fcd50d524bb6991fe350af440c5f2729ef516c8989a81236687cf66bd410	cn512-14-r	Intel(R) Xeon(R) Gold 6248 CPU @ 2.50GHz	50483032	15
ore_ont_637.owl	ok	match	True	True	0.0405	8.12	production_all	cb49a9ec460d5f3888d3d2416aa7ce8ddb9ce0c3057009d3ae037567be23d277	08d0fcd50d524bb6991fe350af440c5f2729ef516c8989a81236687cf66bd410	cn512-14-l	Intel(R) Xeon(R) Gold 6248 CPU @ 2.50GHz	50483032	16
ore_ont_670.owl	ok	match	True	True	0.069	12.21	production_all	73ed44f501a16b10e3fc47bfe462789376f5337a258b8d668544d0fd82f3e07d	08d0fcd50d524bb6991fe350af440c5f2729ef516c8989a81236687cf66bd410	cn512-13-r	Intel(R) Xeon(R) Gold 6248 CPU @ 2.50GHz	50483032	17
ore_ont_703.owl	ok	match	True	True	0.0405	8.44	production_all	3fab48d1d70f73e046aaa7fc045b757147a895eb288a037e3d7e7a4cc9218923	08d0fcd50d524bb6991fe350af440c5f2729ef516c8989a81236687cf66bd410	cn512-11-r	Intel(R) Xeon(R) Gold 6248 CPU @ 2.50GHz	50483032	18
ore_ont_725.owl	ok	match	True	True	0.0403	9.38	elc	bcb36636c59fa3d9c804c5fe45671d1ec6012c5afabc66a6209c1ece82e576f7	08d0fcd50d524bb6991fe350af440c5f2729ef516c8989a81236687cf66bd410	cn512-10-r	Intel(R) Xeon(R) Gold 6248 CPU @ 2.50GHz	50483032	19
ore_ont_795.owl	ok	match	True	True	3.7284	261.37	elc	46bc86a218926fba754a544edfbd189e4985f4d1588bb590b4e7d16e7bf425b8	08d0fcd50d524bb6991fe350af440c5f2729ef516c8989a81236687cf66bd410	cn512-09-r	Intel(R) Xeon(R) Gold 6248 CPU @ 2.50GHz	50483032	20
ore_ont_840.owl	ok	match	True	True	1.0164	77.22	elc	3d88d25973c176a4c55bedc4af8b0111afbdde3b792af73c4c86386e94dad4a9	08d0fcd50d524bb6991fe350af440c5f2729ef516c8989a81236687cf66bd410	cn512-09-l	Intel(R) Xeon(R) Gold 6248 CPU @ 2.50GHz	50483032	21
ore_ont_868.owl	ok	match	True	True	44.3818	2860.12	production_all	be6be6663ffd9721606bf3cb61308789c55c28ffbe8d4ba2d85d0ee60b7fcc0f	08d0fcd50d524bb6991fe350af440c5f2729ef516c8989a81236687cf66bd410	cn512-08-r	Intel(R) Xeon(R) Gold 6248 CPU @ 2.50GHz	50483032	22
ore_ont_869.owl	ok	match	True	True	0.069	11.16	elc	786a9d5011c8dfe4b3b537254d4949946a4aa2a65bfa7246ecbbc5816ec89823	08d0fcd50d524bb6991fe350af440c5f2729ef516c8989a81236687cf66bd410	cn512-08-l	Intel(R) Xeon(R) Gold 6248 CPU @ 2.50GHz	50483032	23
ore_ont_935.owl	ok	match	True	True	0.4797	47.47	elc	e28734d416a55cc903d9b1d299be79e05763691b27185934a94a42f59524be2e	08d0fcd50d524bb6991fe350af440c5f2729ef516c8989a81236687cf66bd410	cn512-07-r	Intel(R) Xeon(R) Gold 6248 CPU @ 2.50GHz	50483032	24
ore_ont_947.owl	ok	match	True	True	0.1871	25.9	elc	04edb515f2bfe70c8381f2886402201b30947dfedb48f69eccfab4275f8d9baf	08d0fcd50d524bb6991fe350af440c5f2729ef516c8989a81236687cf66bd410	cn512-07-l	Intel(R) Xeon(R) Gold 6248 CPU @ 2.50GHz	50483032	25
ore_ont_960.owl	ok	match	True	True	1.3523	735.46	nominals	f4cfde7f23bbb2df47ece80129e120bd127df90b2793cfc5fe5bfe924b0bad33	08d0fcd50d524bb6991fe350af440c5f2729ef516c8989a81236687cf66bd410	cn512-06-r	Intel(R) Xeon(R) Gold 6248 CPU @ 2.50GHz	50483032	26
ore_ont_964.owl	ok	match	True	True	0.3359	65.36	elc	bf71a4cbd9ebf8173477e14cd8e902174c692fbfe824487fc5f22119a63f5500	08d0fcd50d524bb6991fe350af440c5f2729ef516c8989a81236687cf66bd410	cn512-06-l	Intel(R) Xeon(R) Gold 6248 CPU @ 2.50GHz	50483032	27
ore_ont_1012.owl	ok	match	True	True	34.7822	3029.49	elc	25a9dfe3607834ad90d624672276aede57eaf02784efa544063dd4489337adab	08d0fcd50d524bb6991fe350af440c5f2729ef516c8989a81236687cf66bd410	cn512-05-r	Intel(R) Xeon(R) Gold 6248 CPU @ 2.50GHz	50483032	28
ore_ont_1016.owl	ok	match	True	True	1.0278	689.07	production_all	4761511ebdff1db0c30c8c5cac756a6fde57bf284d7be536740fd3e145e0a694	08d0fcd50d524bb6991fe350af440c5f2729ef516c8989a81236687cf66bd410	cn512-05-l	Intel(R) Xeon(R) Gold 6248 CPU @ 2.50GHz	50483032	29
ore_ont_1017.owl	ok	match	True	True	0.0406	8.75	elc	ae99b783760a88e6b52f52e8fc649a680d05124b89be44322252f8d9a4e9b7b8	08d0fcd50d524bb6991fe350af440c5f2729ef516c8989a81236687cf66bd410	cn512-04-r	Intel(R) Xeon(R) Gold 6248 CPU @ 2.50GHz	50483032	30
ore_ont_1034.owl	ok	match	True	True	0.0694	8.44	production_all	25a9dfe3607834ad90d624672276aede57eaf02784efa544063dd4489337adab	08d0fcd50d524bb6991fe350af440c5f2729ef516c8989a81236687cf66bd410	cn512-04-l	Intel(R) Xeon(R) Gold 6248 CPU @ 2.50GHz	50483032	31
ore_ont_1082.owl	ok	match	True	True	1.1559	125.18	elc	d74d401fbc3ede0305a22638186dbf109482648f2c9bee7be761183c26937f9a	08d0fcd50d524bb6991fe350af440c5f2729ef516c8989a81236687cf66bd410	cn512-21-l	Intel(R) Xeon(R) Gold 6248 CPU @ 2.50GHz	50483032	32
ore_ont_1194.owl	error	error	False		27.1829	18443.33	nominals		08d0fcd50d524bb6991fe350af440c5f2729ef516c8989a81236687cf66bd410	cn512-16-r	Intel(R) Xeon(R) Gold 6248 CPU @ 2.50GHz	50483032	33
ore_ont_1212.owl	ok	match	True	True	0.7764	101.54	elc	772e912b94a8d6e544147a6baef2955c80c5f9e7d4f2c805da71d1e1f9474516	08d0fcd50d524bb6991fe350af440c5f2729ef516c8989a81236687cf66bd410	cn512-11-r	Intel(R) Xeon(R) Gold 6248 CPU @ 2.50GHz	50483032	34
ore_ont_1272.owl	ok	match	True	True	2.795	688.41	production_all	ba4a5ca1111a1ab31aaab5c4fee7b7cf5fb80a35ceda816fbfca46da60d13da0	08d0fcd50d524bb6991fe350af440c5f2729ef516c8989a81236687cf66bd410	cn512-07-l	Intel(R) Xeon(R) Gold 6248 CPU @ 2.50GHz	50483032	35
ore_ont_1306.owl	ok	match	True	True	21.9375	2231.29	elc	25a9dfe3607834ad90d624672276aede57eaf02784efa544063dd4489337adab	08d0fcd50d524bb6991fe350af440c5f2729ef516c8989a81236687cf66bd410	cn512-24-l	Intel(R) Xeon(R) Gold 6248 CPU @ 2.50GHz	50483032	36
ore_ont_1325.owl	ok	match	True	True	0.0401	8.12	production_all	f4d1df3b8fd67c88abe2789c705dcf70bea77e675f8196f5ecb4bba1f440b8be	08d0fcd50d524bb6991fe350af440c5f2729ef516c8989a81236687cf66bd410	cn512-22-r	Intel(R) Xeon(R) Gold 6248 CPU @ 2.50GHz	50483032	37
ore_ont_1340.owl	ok	match	True	True	0.186	45.68	production_all	cd58269a7598470fd2e574ac761fc27a8579eaf49b660f71530d93af973ec852	08d0fcd50d524bb6991fe350af440c5f2729ef516c8989a81236687cf66bd410	cn512-25-l	Intel(R) Xeon(R) Gold 6248 CPU @ 2.50GHz	50483032	38
ore_ont_1357.owl	ok	match	True	True	1.8322	224.83	elc	252e5a317e97b937b29f83d93539566a7028d833752c8c7433dcb66bc9946f5a	08d0fcd50d524bb6991fe350af440c5f2729ef516c8989a81236687cf66bd410	cn512-22-r	Intel(R) Xeon(R) Gold 6248 CPU @ 2.50GHz	50483032	39
ore_ont_1370.owl	ok	match	True	True	5.8895	609.32	elc	c05f030504ebae8cf9ae1a43f33f679c0eb33055041d00f5ba3797c5ec3f2408	08d0fcd50d524bb6991fe350af440c5f2729ef516c8989a81236687cf66bd410	cn512-21-l	Intel(R) Xeon(R) Gold 6248 CPU @ 2.50GHz	50483032	40
ore_ont_1420.owl	ok	match	True	True	0.0402	7.19	production_all	4823f97a40abc54c7cdaeb1da933f82879169872bed63ed9a200c0ba94d3f9c5	08d0fcd50d524bb6991fe350af440c5f2729ef516c8989a81236687cf66bd410	cn512-20-r	Intel(R) Xeon(R) Gold 6248 CPU @ 2.50GHz	50483032	41
ore_ont_1473.owl	ok	match	True	True	0.0404	8.12	elc	0294b032925c15c476e5177efb18e8e6f3208e75b5a05531ebbc3aa67610afec	08d0fcd50d524bb6991fe350af440c5f2729ef516c8989a81236687cf66bd410	cn512-25-l	Intel(R) Xeon(R) Gold 6248 CPU @ 2.50GHz	50483032	42
ore_ont_1481.owl	ok	match	True	True	1.264	309.44	production_all	4258584ca637b9cb22cf9a2a5adf454d2630a2af8bd7524f62032bc048bb52dc	08d0fcd50d524bb6991fe350af440c5f2729ef516c8989a81236687cf66bd410	cn512-23-r	Intel(R) Xeon(R) Gold 6248 CPU @ 2.50GHz	50483032	43
ore_ont_1493.owl	ok	match	True	True	0.2164	27.47	elc	db0c3f18e8a94a9ba207e78900e81b51fd5883e09c1aacd893600bc96fcf4fbe	08d0fcd50d524bb6991fe350af440c5f2729ef516c8989a81236687cf66bd410	cn512-20-r	Intel(R) Xeon(R) Gold 6248 CPU @ 2.50GHz	50483032	44
ore_ont_1494.owl	ok	match	True	True	0.0406	8.12	production_all	0c5bac20e795a43b20fa62c2633255b76b0b0e309ac355d1f474982d966c8a97	08d0fcd50d524bb6991fe350af440c5f2729ef516c8989a81236687cf66bd410	cn512-10-r	Intel(R) Xeon(R) Gold 6248 CPU @ 2.50GHz	50483032	45
ore_ont_1501.owl	ok	match	True	True	0.1594	30.85	elc	12cd4960cb68b7dc6a9a238e85da4036dc3f54687cf9402764fb38a886c7456a	08d0fcd50d524bb6991fe350af440c5f2729ef516c8989a81236687cf66bd410	cn512-09-l	Intel(R) Xeon(R) Gold 6248 CPU @ 2.50GHz	50483032	46
ore_ont_1555.owl	ok	match	True	True	0.2193	96.65	nominals	a9a6e523bf2e63b92cabe7d60d4ca2a160340fd91a5d0bd5653d6f40f352bbfc	08d0fcd50d524bb6991fe350af440c5f2729ef516c8989a81236687cf66bd410	cn512-03-l	Intel(R) Xeon(R) Gold 6248 CPU @ 2.50GHz	50483032	47
ore_ont_1559.owl	ok	match	True	True	26.2627	2646.37	elc	a1ad6c7eedab65f2395675205f0cbfbb3c25aad43d40690ad8acfbae483a652d	08d0fcd50d524bb6991fe350af440c5f2729ef516c8989a81236687cf66bd410	cn512-18-l	Intel(R) Xeon(R) Gold 6248 CPU @ 2.50GHz	50483032	48
ore_ont_1579.owl	ok	match	True	True	7.9075	829.93	elc	1e3901c4e07c5ed16d1540ad65c9c714ab2b8d2c2a3f8f7ce285745c1dc69498	08d0fcd50d524bb6991fe350af440c5f2729ef516c8989a81236687cf66bd410	cn512-14-l	Intel(R) Xeon(R) Gold 6248 CPU @ 2.50GHz	50483032	49
ore_ont_1603.owl	ok	match	True	True	4.5457	401.83	production_all	fa39d615f9e61b2f89febfb836d0fa368b9435190ce5604b479573c80a7e3081	08d0fcd50d524bb6991fe350af440c5f2729ef516c8989a81236687cf66bd410	cn512-11-r	Intel(R) Xeon(R) Gold 6248 CPU @ 2.50GHz	50483032	50
ore_ont_1618.owl	ok	match	True	True	0.0409	16.92	production_all	e2658caadf043dbf5c015820328c06e106102c19d14b53944c95ccdc74a85554	08d0fcd50d524bb6991fe350af440c5f2729ef516c8989a81236687cf66bd410	cn512-22-r	Intel(R) Xeon(R) Gold 6248 CPU @ 2.50GHz	50483032	51
ore_ont_1666.owl	ok	match	True	True	0.126	27.69	elc	fa40d5b25c95a52249cb01f29ba0f315d1a0223bb9f9080bb70f7d47e741adbd	08d0fcd50d524bb6991fe350af440c5f2729ef516c8989a81236687cf66bd410	cn512-16-l	Intel(R) Xeon(R) Gold 6248 CPU @ 2.50GHz	50483032	52
ore_ont_1790.owl	ok	match	True	True	8.5689	1384.98	nominals	6dd2a1f6eaa9f001ed5c7db958ff1edd374302f7b4e6b64679a6b0deb7635ff6	08d0fcd50d524bb6991fe350af440c5f2729ef516c8989a81236687cf66bd410	cn512-10-r	Intel(R) Xeon(R) Gold 6248 CPU @ 2.50GHz	50483032	53
ore_ont_1793.owl	ok	match	True	True	0.0693	9.06	production_all	880e5d909a6e1aadf9f84775c3bf73bd5c26bbe4d9a3f2b494477818ad6b2832	08d0fcd50d524bb6991fe350af440c5f2729ef516c8989a81236687cf66bd410	cn512-09-r	Intel(R) Xeon(R) Gold 6248 CPU @ 2.50GHz	50483032	54
ore_ont_1902.owl	ok	match	True	True	0.0695	9.69	production_all	ced976926250d9f91ce25eb6fa928bab4b4b0c9b0864abc43fcb5f2eea7a05b7	08d0fcd50d524bb6991fe350af440c5f2729ef516c8989a81236687cf66bd410	cn512-03-l	Intel(R) Xeon(R) Gold 6248 CPU @ 2.50GHz	50483032	55
ore_ont_1967.owl	ok	match	True	True	0.0399	7.81	production_all	efda811e1d6e9ea5f0db4e624fb6396525b8b8062b2425db6e4d09050f5b1c17	08d0fcd50d524bb6991fe350af440c5f2729ef516c8989a81236687cf66bd410	cn512-25-l	Intel(R) Xeon(R) Gold 6248 CPU @ 2.50GHz	50483032	56
ore_ont_1970.owl	ok	match	True	True	0.1867	26.16	production_all	61b592347078fca805011c536599fcf4a353ccb7e90d1677c3b07485f1d77e72	08d0fcd50d524bb6991fe350af440c5f2729ef516c8989a81236687cf66bd410	cn512-16-l	Intel(R) Xeon(R) Gold 6248 CPU @ 2.50GHz	50483032	57
ore_ont_2011.owl	ok	match	True	True	0.0691	7.81	elc	56ed4e3d127a5629acea9af4a49866c473a53c149dfa685e194191af802668dd	08d0fcd50d524bb6991fe350af440c5f2729ef516c8989a81236687cf66bd410	cn512-25-l	Intel(R) Xeon(R) Gold 6248 CPU @ 2.50GHz	50483032	58
ore_ont_2036.owl	ok	match	True	True	0.0404	7.81	production_all	1b7cba6bc7b03320f1e66d8e1e8ab7f7055d76d6531012ecc7237356e50201fc	08d0fcd50d524bb6991fe350af440c5f2729ef516c8989a81236687cf66bd410	cn512-17-l	Intel(R) Xeon(R) Gold 6248 CPU @ 2.50GHz	50483032	59
ore_ont_2046.owl	ok	match	True	True	6.8811	763.99	elc	25a9dfe3607834ad90d624672276aede57eaf02784efa544063dd4489337adab	08d0fcd50d524bb6991fe350af440c5f2729ef516c8989a81236687cf66bd410	cn512-09-r	Intel(R) Xeon(R) Gold 6248 CPU @ 2.50GHz	50483032	60
ore_ont_2066.owl	ok	match	True	True	0.0409	8.12	production_all	91adc813320db3dcb85694efba9d6579b27797ae80fab7cbed7660d01b838a28	08d0fcd50d524bb6991fe350af440c5f2729ef516c8989a81236687cf66bd410	cn512-04-l	Intel(R) Xeon(R) Gold 6248 CPU @ 2.50GHz	50483032	61
ore_ont_2105.owl	ok	match	True	True	0.3356	54.55	elc	25a9dfe3607834ad90d624672276aede57eaf02784efa544063dd4489337adab	08d0fcd50d524bb6991fe350af440c5f2729ef516c8989a81236687cf66bd410	cn512-02-l	Intel(R) Xeon(R) Gold 6248 CPU @ 2.50GHz	50483032	62
ore_ont_2128.owl	ok	match	True	True	0.305	36.41	production_all	2e3d43d2ccdef95965bb116db6a147ac1c9436689d91642fdc0a0ae516665943	08d0fcd50d524bb6991fe350af440c5f2729ef516c8989a81236687cf66bd410	cn509-28-r	Intel(R) Xeon(R) Gold 6248 CPU @ 2.50GHz	50483032	63
ore_ont_2129.owl	ok	match	True	True	0.4261	84.0	elc	cb1caedcdcf14007912e6f4869d1347fe285cc5c4d848f40f247b83ee9989851	08d0fcd50d524bb6991fe350af440c5f2729ef516c8989a81236687cf66bd410	cn509-28-l	Intel(R) Xeon(R) Gold 6248 CPU @ 2.50GHz	50483032	64
ore_ont_2195.owl	ok	match	True	True	0.0992	21.64	production_all	25a9dfe3607834ad90d624672276aede57eaf02784efa544063dd4489337adab	08d0fcd50d524bb6991fe350af440c5f2729ef516c8989a81236687cf66bd410	cn512-25-l	Intel(R) Xeon(R) Gold 6248 CPU @ 2.50GHz	50483032	65
ore_ont_2228.owl	ok	match	True	True	0.0401	8.12	production_all	ce2a95ed1d1036bf9d4704f8cf34410b65b27c0792ad983ffa7bcdf93124e17f	08d0fcd50d524bb6991fe350af440c5f2729ef516c8989a81236687cf66bd410	cn512-17-r	Intel(R) Xeon(R) Gold 6248 CPU @ 2.50GHz	50483032	66
ore_ont_2237.owl	ok	match	True	True	0.0405	7.92	production_all	25a9dfe3607834ad90d624672276aede57eaf02784efa544063dd4489337adab	08d0fcd50d524bb6991fe350af440c5f2729ef516c8989a81236687cf66bd410	cn512-17-l	Intel(R) Xeon(R) Gold 6248 CPU @ 2.50GHz	50483032	67
ore_ont_2243.owl	ok	match	True	True	2.3526	365.34	elc	25a9dfe3607834ad90d624672276aede57eaf02784efa544063dd4489337adab	08d0fcd50d524bb6991fe350af440c5f2729ef516c8989a81236687cf66bd410	cn512-16-r	Intel(R) Xeon(R) Gold 6248 CPU @ 2.50GHz	50483032	68
ore_ont_2253.owl	ok	match	True	True	8.0093	858.53	elc	25a9dfe3607834ad90d624672276aede57eaf02784efa544063dd4489337adab	08d0fcd50d524bb6991fe350af440c5f2729ef516c8989a81236687cf66bd410	cn512-14-l	Intel(R) Xeon(R) Gold 6248 CPU @ 2.50GHz	50483032	69
ore_ont_2266.owl	ok	match	True	True	0.0703	12.71	elc	b259329a58c29998b5e5fb98602314993dcc590449779f452e8b5d7c24f1fdbd	08d0fcd50d524bb6991fe350af440c5f2729ef516c8989a81236687cf66bd410	cn512-09-l	Intel(R) Xeon(R) Gold 6248 CPU @ 2.50GHz	50483032	70
ore_ont_2313.owl	ok	match	True	True	0.9961	219.36	production_all	4b1c2c0b5c33e7ea8178bc5c98d5a8cebc422a378856682657ae0036ecf4fef8	08d0fcd50d524bb6991fe350af440c5f2729ef516c8989a81236687cf66bd410	cn512-20-r	Intel(R) Xeon(R) Gold 6248 CPU @ 2.50GHz	50483032	71
ore_ont_2317.owl	ok	match	True	True	0.2975	51.87	elc	06aea88f93c8a06fd471868569d9c58f3a0e1ea01f06c1accbb26d292d5cec76	08d0fcd50d524bb6991fe350af440c5f2729ef516c8989a81236687cf66bd410	cn512-17-r	Intel(R) Xeon(R) Gold 6248 CPU @ 2.50GHz	50483032	72
ore_ont_2333.owl	ok	match	True	True	0.185	59.69	production_all	afac023702c0cc4c05d8529939485e44cc82c4f08d6d4108b5ae432ba581aef9	08d0fcd50d524bb6991fe350af440c5f2729ef516c8989a81236687cf66bd410	cn512-13-r	Intel(R) Xeon(R) Gold 6248 CPU @ 2.50GHz	50483032	73
ore_ont_2361.owl	ok	match	True	True	5.3468	431.26	elc	8e53f546be8c3e5a75323e982976ce736e03fdd7215f8151cee711479b994b36	08d0fcd50d524bb6991fe350af440c5f2729ef516c8989a81236687cf66bd410	cn512-05-l	Intel(R) Xeon(R) Gold 6248 CPU @ 2.50GHz	50483032	74
ore_ont_2377.owl	ok	match	True	True	0.0979	16.75	elc	bf3c549a55d176d5afde0b3ae58f955c13ed80a01d8125d635ac86be234e05c2	08d0fcd50d524bb6991fe350af440c5f2729ef516c8989a81236687cf66bd410	cn512-17-l	Intel(R) Xeon(R) Gold 6248 CPU @ 2.50GHz	50483032	75
ore_ont_2378.owl	ok	match	True	True	0.0409	8.12	elc	456885455165455332dfd3bedfcd097c8bb74b34227a78d2f807df414bb96578	08d0fcd50d524bb6991fe350af440c5f2729ef516c8989a81236687cf66bd410	cn512-06-l	Intel(R) Xeon(R) Gold 6248 CPU @ 2.50GHz	50483032	76
ore_ont_2397.owl	ok	match	True	True	1.8882	519.56	production_all	8a4a0c8bc8402efaf65343c6e3f705dcc3faabbbeaa15ae6ee5d34cc5259d06e	08d0fcd50d524bb6991fe350af440c5f2729ef516c8989a81236687cf66bd410	cn512-23-r	Intel(R) Xeon(R) Gold 6248 CPU @ 2.50GHz	50483032	77
ore_ont_2440.owl	ok	match	True	True	0.071	10.85	elc	5a47a7dfd4ef9fd3755517b8220470e67a0a4611f8c5fc76fa395544f822571e	08d0fcd50d524bb6991fe350af440c5f2729ef516c8989a81236687cf66bd410	cn512-20-r	Intel(R) Xeon(R) Gold 6248 CPU @ 2.50GHz	50483032	78
ore_ont_2453.owl	ok	match	True	True	0.1849	49.29	production_all	104ea91f04934d91a9e0815b45a9940e4e60c9e8aaec0838658a8814d6004ffa	08d0fcd50d524bb6991fe350af440c5f2729ef516c8989a81236687cf66bd410	cn512-17-r	Intel(R) Xeon(R) Gold 6248 CPU @ 2.50GHz	50483032	79
ore_ont_2469.owl	ok	match	True	True	3.4198	397.11	elc	738b1c7ce71d64c72af0d7c491746e78c01fc4bc002df6313b1ed3a2c80cd719	08d0fcd50d524bb6991fe350af440c5f2729ef516c8989a81236687cf66bd410	cn512-17-l	Intel(R) Xeon(R) Gold 6248 CPU @ 2.50GHz	50483032	80
ore_ont_2485.owl	ok	match	True	True	0.0677	8.48	production_all	b254f390278d1308d3020ce93a0e4bfe308f497cf36477cc27bbb763d08458df	08d0fcd50d524bb6991fe350af440c5f2729ef516c8989a81236687cf66bd410	cn512-16-r	Intel(R) Xeon(R) Gold 6248 CPU @ 2.50GHz	50483032	81
ore_ont_2491.owl	ok	match	True	True	0.635	166.72	production_all	25a9dfe3607834ad90d624672276aede57eaf02784efa544063dd4489337adab	08d0fcd50d524bb6991fe350af440c5f2729ef516c8989a81236687cf66bd410	cn512-09-r	Intel(R) Xeon(R) Gold 6248 CPU @ 2.50GHz	50483032	82
ore_ont_2496.owl	ok	match	True	True	0.0703	10.84	elc	6c8c2dd1ea442064196c32326cd1c2c8d3a72ecf5e3d2c331a16cc9281ffa925	08d0fcd50d524bb6991fe350af440c5f2729ef516c8989a81236687cf66bd410	cn512-08-l	Intel(R) Xeon(R) Gold 6248 CPU @ 2.50GHz	50483032	83
ore_ont_2497.owl	ok	match	True	True	0.2132	30.67	elc	7c5910f08321736ac0f61ab34fd1b38ef7ab515e5625800662344bdf0365b1c7	08d0fcd50d524bb6991fe350af440c5f2729ef516c8989a81236687cf66bd410	cn512-25-l	Intel(R) Xeon(R) Gold 6248 CPU @ 2.50GHz	50483032	84
ore_ont_2557.owl	ok	match	True	True	0.04	7.81	production_all	25a9dfe3607834ad90d624672276aede57eaf02784efa544063dd4489337adab	08d0fcd50d524bb6991fe350af440c5f2729ef516c8989a81236687cf66bd410	cn512-17-r	Intel(R) Xeon(R) Gold 6248 CPU @ 2.50GHz	50483032	85
ore_ont_2569.owl	ok	match	True	True	0.0698	12.48	elc	f24e7d7134057ec9e2d1325d01ae3d43562f5d211c84654d4726d67eee07aed9	08d0fcd50d524bb6991fe350af440c5f2729ef516c8989a81236687cf66bd410	cn512-09-l	Intel(R) Xeon(R) Gold 6248 CPU @ 2.50GHz	50483032	86
ore_ont_2591.owl	ok	match	True	True	0.3336	73.82	elc	25a9dfe3607834ad90d624672276aede57eaf02784efa544063dd4489337adab	08d0fcd50d524bb6991fe350af440c5f2729ef516c8989a81236687cf66bd410	cn512-08-l	Intel(R) Xeon(R) Gold 6248 CPU @ 2.50GHz	50483032	87
ore_ont_2627.owl	ok	match	True	True	1.2808	314.92	production_all	bf4c6b70ee61c103bc93c176ef918936c57a650723d025e60e69b91c8832bb8b	08d0fcd50d524bb6991fe350af440c5f2729ef516c8989a81236687cf66bd410	cn512-04-r	Intel(R) Xeon(R) Gold 6248 CPU @ 2.50GHz	50483032	88
ore_ont_2632.owl	ok	match	True	True	1.878	464.11	nominals	62e68a1ac660d1e1e592bc93f63b7ae9f7acc7abdfa947f439c231d3a6f804d3	08d0fcd50d524bb6991fe350af440c5f2729ef516c8989a81236687cf66bd410	cn512-17-r	Intel(R) Xeon(R) Gold 6248 CPU @ 2.50GHz	50483032	89
ore_ont_2654.owl	ok	match	True	True	0.0386	8.18	production_all	3453da9381fa3e59bdb9b370be6f6df50aba9d9d88fc465e3d19e3894e14d009	08d0fcd50d524bb6991fe350af440c5f2729ef516c8989a81236687cf66bd410	cn512-16-r	Intel(R) Xeon(R) Gold 6248 CPU @ 2.50GHz	50483032	90
ore_ont_2661.owl	ok	match	True	True	0.4837	54.24	elc	9f600e8b5d326d5a3980de356c4a8b1ca839ec07547ad7ad3abff09a2cc2045f	08d0fcd50d524bb6991fe350af440c5f2729ef516c8989a81236687cf66bd410	cn512-15-r	Intel(R) Xeon(R) Gold 6248 CPU @ 2.50GHz	50483032	91
ore_ont_2662.owl	ok	match	True	True	0.0409	7.19	production_all	fd34b1d4ceb20c5e75b681223a69317888fd506e8507339ea206a877509b78c4	08d0fcd50d524bb6991fe350af440c5f2729ef516c8989a81236687cf66bd410	cn512-05-l	Intel(R) Xeon(R) Gold 6248 CPU @ 2.50GHz	50483032	92
ore_ont_2669.owl	ok	consistency_mismatch	False	False	0.1507	25.62	ht_rules	3c48c283d1292f55fe67383942d35be768499f1f96e83f0adf812c000ac3b9dd	08d0fcd50d524bb6991fe350af440c5f2729ef516c8989a81236687cf66bd410	cn512-16-r	Intel(R) Xeon(R) Gold 6248 CPU @ 2.50GHz	50483032	93
ore_ont_2672.owl	ok	match	True	True	0.0412	8.75	production_all	ccec9d60ef1094821eb6a78cfc3f7622e8a27e0abd8d4c0e041c3e950febe5a1	08d0fcd50d524bb6991fe350af440c5f2729ef516c8989a81236687cf66bd410	cn512-06-r	Intel(R) Xeon(R) Gold 6248 CPU @ 2.50GHz	50483032	94
ore_ont_2678.owl	ok	match	True	True	0.1007	62.47	nominals	4d94e1f7530b312057603495f8070e53a9716410718fe3794dac0817974fc788	08d0fcd50d524bb6991fe350af440c5f2729ef516c8989a81236687cf66bd410	cn512-04-r	Intel(R) Xeon(R) Gold 6248 CPU @ 2.50GHz	50483032	95
ore_ont_2713.owl	ok	match	True	True	0.0408	7.81	production_all	7d4cfe7d4dbc46f455eac2edb2b1f18fb1311cc83088c0fd513b2a1a8b6ed859	08d0fcd50d524bb6991fe350af440c5f2729ef516c8989a81236687cf66bd410	cn512-04-l	Intel(R) Xeon(R) Gold 6248 CPU @ 2.50GHz	50483032	96
ore_ont_2720.owl	ok	match	True	True	0.0406	7.81	elc	809fa595c9cd497346a427ce8a4df2a95f9aa123110f8772b5085cdff3a09800	08d0fcd50d524bb6991fe350af440c5f2729ef516c8989a81236687cf66bd410	cn512-25-l	Intel(R) Xeon(R) Gold 6248 CPU @ 2.50GHz	50483032	97
ore_ont_2744.owl	ok	match	True	True	0.1003	69.88	nominals	cc1a1bfca6d6ba98ffc979241d1b99f078e266c40abb6c2e862884301f8b44bd	08d0fcd50d524bb6991fe350af440c5f2729ef516c8989a81236687cf66bd410	cn512-16-r	Intel(R) Xeon(R) Gold 6248 CPU @ 2.50GHz	50483032	98
ore_ont_2753.owl	ok	match	True	True	0.0402	7.5	production_all	2edc19bebc56e548c1a2996cf388171b36806041f17480c9a1fb2606cab8334c	08d0fcd50d524bb6991fe350af440c5f2729ef516c8989a81236687cf66bd410	cn512-15-l	Intel(R) Xeon(R) Gold 6248 CPU @ 2.50GHz	50483032	99
ore_ont_2803.owl	ok	match	True	True	2.8761	251.35	elc	f0c432fee3845eb4ee0944c812ab0cadbbb8b96ea3184fcfff116504553d20e6	08d0fcd50d524bb6991fe350af440c5f2729ef516c8989a81236687cf66bd410	cn512-27-l	Intel(R) Xeon(R) Gold 6248 CPU @ 2.50GHz	50483032	100
ore_ont_2828.owl	ok	match	True	True	7.4533	494.09	elc	0399302fe592566a3f17d25fbcacdc7be2952b4cf76e2c14384f00e5f7a73b4f	08d0fcd50d524bb6991fe350af440c5f2729ef516c8989a81236687cf66bd410	cn512-17-l	Intel(R) Xeon(R) Gold 6248 CPU @ 2.50GHz	50483032	101
ore_ont_2860.owl	ok	match	True	True	0.2767	139.99	nominals	32f9f65defa5b278b7745ffe5d0fc8e4815fd87d064b09f179dd5d5d4322aa26	08d0fcd50d524bb6991fe350af440c5f2729ef516c8989a81236687cf66bd410	cn512-16-r	Intel(R) Xeon(R) Gold 6248 CPU @ 2.50GHz	50483032	102
ore_ont_2876.owl	ok	match	True	True	0.0405	6.88	production_all	ccdfc6d626940ef30a9115eff4872649ebcdaae60e4ff9e1d922d38485fb44ad	08d0fcd50d524bb6991fe350af440c5f2729ef516c8989a81236687cf66bd410	cn512-15-l	Intel(R) Xeon(R) Gold 6248 CPU @ 2.50GHz	50483032	103
ore_ont_3050.owl	ok	match	True	True	10.163	2623.37	nominals	6dd2a1f6eaa9f001ed5c7db958ff1edd374302f7b4e6b64679a6b0deb7635ff6	08d0fcd50d524bb6991fe350af440c5f2729ef516c8989a81236687cf66bd410	cn512-14-l	Intel(R) Xeon(R) Gold 6248 CPU @ 2.50GHz	50483032	104
ore_ont_3082.owl	ok	match	True	True	0.0404	5.94	elc	0b77ec936cb4d6f7a533a0b8321147d39fb68a521a2b260f1a81d30e3cb589fa	08d0fcd50d524bb6991fe350af440c5f2729ef516c8989a81236687cf66bd410	cn512-17-r	Intel(R) Xeon(R) Gold 6248 CPU @ 2.50GHz	50483032	105
ore_ont_3106.owl	ok	match	True	True	0.1282	23.35	elc	28dfc47a6b572c7c94f510f067e8c416c66be2b4e826c29df6fb4e615d95915f	08d0fcd50d524bb6991fe350af440c5f2729ef516c8989a81236687cf66bd410	cn512-15-l	Intel(R) Xeon(R) Gold 6248 CPU @ 2.50GHz	50483032	106
ore_ont_3164.owl	ok	match	True	True	5.2981	952.57	production_all	33d524f5fa1fcd7e3ac81f8c2163ee6b7b97cc3236863781ef629d9887b43d0b	08d0fcd50d524bb6991fe350af440c5f2729ef516c8989a81236687cf66bd410	cn512-14-r	Intel(R) Xeon(R) Gold 6248 CPU @ 2.50GHz	50483032	107
ore_ont_3177.owl	ok	match	True	True	0.1872	25.62	production_all	07663e7029f71a58e44ff18ab67c370076dfb27460959b9943b138948cb9b7d5	08d0fcd50d524bb6991fe350af440c5f2729ef516c8989a81236687cf66bd410	cn512-09-r	Intel(R) Xeon(R) Gold 6248 CPU @ 2.50GHz	50483032	108
ore_ont_3215.owl	ok	match	True	True	163.6048	6303.89	production_all	2e629f329a33aae3af87893afb850e383d3aece4e19f6785157d4d8756234f6b	08d0fcd50d524bb6991fe350af440c5f2729ef516c8989a81236687cf66bd410	cn512-07-r	Intel(R) Xeon(R) Gold 6248 CPU @ 2.50GHz	50483032	109
ore_ont_3231.owl	ok	match	True	True	0.0711	37.04	production_all	6c80b4663d84cc112c1f4e35b5dee1d7407ac3435d8593df8805646a5dbd78bb	08d0fcd50d524bb6991fe350af440c5f2729ef516c8989a81236687cf66bd410	cn512-06-l	Intel(R) Xeon(R) Gold 6248 CPU @ 2.50GHz	50483032	110
ore_ont_3259.owl	ok	match	True	True	0.0693	11.1	production_all	25a9dfe3607834ad90d624672276aede57eaf02784efa544063dd4489337adab	08d0fcd50d524bb6991fe350af440c5f2729ef516c8989a81236687cf66bd410	cn512-27-r	Intel(R) Xeon(R) Gold 6248 CPU @ 2.50GHz	50483032	111
ore_ont_3260.owl	ok	match	True	True	0.0397	12.21	certified_nominals	9e31c7e70c0bc3a4bbd3efb8aacea673b4027a3cc16bf57da05d04e5e295dfdb	08d0fcd50d524bb6991fe350af440c5f2729ef516c8989a81236687cf66bd410	cn512-16-r	Intel(R) Xeon(R) Gold 6248 CPU @ 2.50GHz	50483032	112
ore_ont_3313.owl	ok	match	True	True	0.0698	14.61	elc	156c0e0737752b0d9eb1dc156090cfce69269a36f7ae125769bc23371a67e4ba	08d0fcd50d524bb6991fe350af440c5f2729ef516c8989a81236687cf66bd410	cn512-15-l	Intel(R) Xeon(R) Gold 6248 CPU @ 2.50GHz	50483032	113
ore_ont_3349.owl	ok	match	True	True	0.0409	9.69	production_all	fe52ef7294cf036febadb05ab1f05bdf8a0af7e52dd71d1f31ada2bd77229907	08d0fcd50d524bb6991fe350af440c5f2729ef516c8989a81236687cf66bd410	cn512-10-r	Intel(R) Xeon(R) Gold 6248 CPU @ 2.50GHz	50483032	114
ore_ont_3377.owl	ok	match	True	True	18.5346	1223.68	elc	c0374ad84f4916ecdb8dc8f8d2ae1455c2285ed2f86aaa14c319c7a50c5900cd	08d0fcd50d524bb6991fe350af440c5f2729ef516c8989a81236687cf66bd410	cn512-05-l	Intel(R) Xeon(R) Gold 6248 CPU @ 2.50GHz	50483032	115
ore_ont_3406.owl	ok	match	True	True	0.3972	54.59	elc	624d5d82f0c5f480837cea323d4c86ad7c1e7764ae9b3fb89acb33d9810b3c6c	08d0fcd50d524bb6991fe350af440c5f2729ef516c8989a81236687cf66bd410	cn512-21-l	Intel(R) Xeon(R) Gold 6248 CPU @ 2.50GHz	50483032	116
ore_ont_3414.owl	ok	match	True	True	4.3948	911.45	production_all	522aef3af0e145793028b0a2005237437702b100dbb8f4b3ee487aefb3b5b67d	08d0fcd50d524bb6991fe350af440c5f2729ef516c8989a81236687cf66bd410	cn512-16-r	Intel(R) Xeon(R) Gold 6248 CPU @ 2.50GHz	50483032	117
ore_ont_3418.owl	ok	match	True	True	0.0406	8.75	production_all	70a7760cdf714c8394efe230e853f212aefff565cd7c5c739bbe1386b0fdf0c4	08d0fcd50d524bb6991fe350af440c5f2729ef516c8989a81236687cf66bd410	cn512-15-r	Intel(R) Xeon(R) Gold 6248 CPU @ 2.50GHz	50483032	118
ore_ont_3463.owl	ok	match	True	True	0.041	5.62	elc	14e3abbd4745b1013a35ef51291fba70afb6eb51d002d3d2dc9bb09500152904	08d0fcd50d524bb6991fe350af440c5f2729ef516c8989a81236687cf66bd410	cn512-15-l	Intel(R) Xeon(R) Gold 6248 CPU @ 2.50GHz	50483032	119
ore_ont_3480.owl	ok	match	True	True	0.2763	59.05	elc	bc2cc27510ca5023d81cee938b7901836f6cb98e1718518aa5d4748de7850ea7	08d0fcd50d524bb6991fe350af440c5f2729ef516c8989a81236687cf66bd410	cn512-07-l	Intel(R) Xeon(R) Gold 6248 CPU @ 2.50GHz	50483032	120
ore_ont_3524.owl	ok	match	True		18.1255	2578.13	elc	090129a7fbaa14652ada3408dd1f160e7dd4a09a3502cc3323d8dad734e8893a	08d0fcd50d524bb6991fe350af440c5f2729ef516c8989a81236687cf66bd410	cn512-25-l	Intel(R) Xeon(R) Gold 6248 CPU @ 2.50GHz	50483032	121
ore_ont_3560.owl	ok	match	True	True	11.7714	911.82	elc	a916c134368b9754f20d8daa6d7a9fd3ab83b8b2b146afb4de212242185d7993	08d0fcd50d524bb6991fe350af440c5f2729ef516c8989a81236687cf66bd410	cn512-14-r	Intel(R) Xeon(R) Gold 6248 CPU @ 2.50GHz	50483032	122
ore_ont_3635.owl	ok	match	True	True	0.041	8.44	elc	d70dda2b2aeb8f0348230a796bbbbeed179618410272f73d0fab0ef58f9807e8	08d0fcd50d524bb6991fe350af440c5f2729ef516c8989a81236687cf66bd410	cn512-14-l	Intel(R) Xeon(R) Gold 6248 CPU @ 2.50GHz	50483032	123
ore_ont_3640.owl	ok	match	True	True	0.0994	22.89	production_all	0242345796f9a80460ab41889f9c60f161f70d579f65e450ef7cca9e2c93da32	08d0fcd50d524bb6991fe350af440c5f2729ef516c8989a81236687cf66bd410	cn512-06-l	Intel(R) Xeon(R) Gold 6248 CPU @ 2.50GHz	50483032	124
ore_ont_3658.owl	ok	match	True	True	6.5449	1157.15	production_all	6abf4289743d05b7c75269cde13113316c621516fa3d6cd0306048c161cd1d7b	08d0fcd50d524bb6991fe350af440c5f2729ef516c8989a81236687cf66bd410	cn512-04-r	Intel(R) Xeon(R) Gold 6248 CPU @ 2.50GHz	50483032	125
ore_ont_3712.owl	ok	match	True	True	0.1584	25.22	elc	24e57541ea2f059f849e07530327b1e6b4197982136b5930d07cc5258156f54c	08d0fcd50d524bb6991fe350af440c5f2729ef516c8989a81236687cf66bd410	cn512-13-r	Intel(R) Xeon(R) Gold 6248 CPU @ 2.50GHz	50483032	126
ore_ont_3770.owl	ok	match	True	True	0.0405	8.12	production_all	25a9dfe3607834ad90d624672276aede57eaf02784efa544063dd4489337adab	08d0fcd50d524bb6991fe350af440c5f2729ef516c8989a81236687cf66bd410	cn512-10-r	Intel(R) Xeon(R) Gold 6248 CPU @ 2.50GHz	50483032	127
ore_ont_3784.owl	ok	match	True	True	0.2503	65.61	elc	26b8655c70484396ea5210e6edacb65de63967b0670f1763087e1eecd54c24d9	08d0fcd50d524bb6991fe350af440c5f2729ef516c8989a81236687cf66bd410	cn512-04-l	Intel(R) Xeon(R) Gold 6248 CPU @ 2.50GHz	50483032	128
ore_ont_3795.owl	ok	match	True	True	0.9173	512.8	nominal_ni_abox	6d9285aae0ab89479bc2db0d99b396d87044ea4f1baa33c4edc5fc5410681760	08d0fcd50d524bb6991fe350af440c5f2729ef516c8989a81236687cf66bd410	cn512-23-r	Intel(R) Xeon(R) Gold 6248 CPU @ 2.50GHz	50483032	129
ore_ont_3797.owl	ok	match	True	True	0.1296	29.03	elc	25a9dfe3607834ad90d624672276aede57eaf02784efa544063dd4489337adab	08d0fcd50d524bb6991fe350af440c5f2729ef516c8989a81236687cf66bd410	cn512-15-l	Intel(R) Xeon(R) Gold 6248 CPU @ 2.50GHz	50483032	130
ore_ont_3836.owl	ok	match	True	True	13.1317	1813.67	elc	203f79d8a6f6590f120e9edd2b5f01c21a0b39b2fce4a84de55ada270163e4c5	08d0fcd50d524bb6991fe350af440c5f2729ef516c8989a81236687cf66bd410	cn512-27-r	Intel(R) Xeon(R) Gold 6248 CPU @ 2.50GHz	50483032	131
ore_ont_3842.owl	ok	match	True	True	0.0409	8.7	production_all	149b7198f920010407261137b83b46ba384d57d1349dd3ff2dcdf50f3e36b101	08d0fcd50d524bb6991fe350af440c5f2729ef516c8989a81236687cf66bd410	cn512-17-r	Intel(R) Xeon(R) Gold 6248 CPU @ 2.50GHz	50483032	132
ore_ont_3905.owl	ok	match	True	True	0.1874	46.23	production_all	9026921dbe65d33881bd60615ecda0c9dd6e7ad4dd9376b64b51596bbc6f8f92	08d0fcd50d524bb6991fe350af440c5f2729ef516c8989a81236687cf66bd410	cn512-15-r	Intel(R) Xeon(R) Gold 6248 CPU @ 2.50GHz	50483032	133
ore_ont_3909.owl	ok	match	True	True	0.0408	7.5	production_all	5ec0c0065801b5eee139e6d08a289191c287abe064a95ac8fe9570e90d0f6fd6	08d0fcd50d524bb6991fe350af440c5f2729ef516c8989a81236687cf66bd410	cn512-22-r	Intel(R) Xeon(R) Gold 6248 CPU @ 2.50GHz	50483032	134
ore_ont_3931.owl	ok	match	True	True	0.0998	26.96	production_all	1f5a534b480adabb390fc161c5ae04304f2a150a97a4f9767ac6ba0e107d8b48	08d0fcd50d524bb6991fe350af440c5f2729ef516c8989a81236687cf66bd410	cn512-20-r	Intel(R) Xeon(R) Gold 6248 CPU @ 2.50GHz	50483032	135
ore_ont_3954.owl	ok	match	True	True	2.6867	331.23	elc	f36c7be0b65832b4a9cfe365697a413c326eae0f77db2a4eb2b060ca95f29725	08d0fcd50d524bb6991fe350af440c5f2729ef516c8989a81236687cf66bd410	cn512-09-r	Intel(R) Xeon(R) Gold 6248 CPU @ 2.50GHz	50483032	136
ore_ont_3978.owl	ok	match	True	True	0.099	14.38	production_all	b71dc4a127bef014fab3285bdfbb1cf4c4216f4a2e68455021c5192e132ccd2d	08d0fcd50d524bb6991fe350af440c5f2729ef516c8989a81236687cf66bd410	cn512-08-l	Intel(R) Xeon(R) Gold 6248 CPU @ 2.50GHz	50483032	137
ore_ont_4033.owl	ok	match	True	True	3.8953	463.09	elc	25a9dfe3607834ad90d624672276aede57eaf02784efa544063dd4489337adab	08d0fcd50d524bb6991fe350af440c5f2729ef516c8989a81236687cf66bd410	cn512-06-r	Intel(R) Xeon(R) Gold 6248 CPU @ 2.50GHz	50483032	138
ore_ont_4054.owl	ok	match	True	True	5.3755	488.64	elc	5c77ef2e055526a9b27c3ab88ee1395c0c882c223570b27405d71ba35d66e5ef	08d0fcd50d524bb6991fe350af440c5f2729ef516c8989a81236687cf66bd410	cn512-17-l	Intel(R) Xeon(R) Gold 6248 CPU @ 2.50GHz	50483032	139
ore_ont_4187.owl	ok	match	True	True	7.6044	1352.76	production_all	cef1b9f701cffb9b99d93deb4f140456ba23b035a4564400f836f9f85d471d9f	08d0fcd50d524bb6991fe350af440c5f2729ef516c8989a81236687cf66bd410	cn512-16-r	Intel(R) Xeon(R) Gold 6248 CPU @ 2.50GHz	50483032	140
ore_ont_4205.owl	ok	match	True	True	14.828	2076.92	production_all	59fe2ee75b8ea859b8dadcc4715d8591b3f1b41c2880e673b3a24ec9613a267c	08d0fcd50d524bb6991fe350af440c5f2729ef516c8989a81236687cf66bd410	cn512-16-l	Intel(R) Xeon(R) Gold 6248 CPU @ 2.50GHz	50483032	141
ore_ont_4226.owl	ok	match	True	True	0.1593	31.0	elc	a2c9fd27be406668497189b64f1f673b22ea55c2266d5417991166ab3fdc6685	08d0fcd50d524bb6991fe350af440c5f2729ef516c8989a81236687cf66bd410	cn512-11-r	Intel(R) Xeon(R) Gold 6248 CPU @ 2.50GHz	50483032	142
ore_ont_4235.owl	ok	match	True	True	0.3971	45.52	elc	059c0056376d51c12f6acbcb677a0cf1fd8d0d7f6102be275d5589d98c00c855	08d0fcd50d524bb6991fe350af440c5f2729ef516c8989a81236687cf66bd410	cn512-09-l	Intel(R) Xeon(R) Gold 6248 CPU @ 2.50GHz	50483032	143
ore_ont_4382.owl	ok	match	True	True	0.0408	7.81	production_all	8bd0ba01b95a8a38e2bfca8f7deadc71c897cfb5999690720930f1e2cac57430	08d0fcd50d524bb6991fe350af440c5f2729ef516c8989a81236687cf66bd410	cn512-06-l	Intel(R) Xeon(R) Gold 6248 CPU @ 2.50GHz	50483032	144
ore_ont_4383.owl	ok	match	True	True	0.1279	31.0	elc	1e7c8f95f8b2b70c11e9442bd78155ef52288cc457dbd14c42fb2f77f510a315	08d0fcd50d524bb6991fe350af440c5f2729ef516c8989a81236687cf66bd410	cn512-24-l	Intel(R) Xeon(R) Gold 6248 CPU @ 2.50GHz	50483032	145
ore_ont_4400.owl	ok	match	True	True	0.0406	9.69	production_all	716cfa2d10db6e72f4c010954339c97c77a6d7400ca7547d0b9b5313da0a07d0	08d0fcd50d524bb6991fe350af440c5f2729ef516c8989a81236687cf66bd410	cn512-15-l	Intel(R) Xeon(R) Gold 6248 CPU @ 2.50GHz	50483032	146
ore_ont_4460.owl	ok	match	True	True	0.1883	26.15	elc	4afcf15d32cdd9f6fb257c5e3935c76c482fec3a5ee5a4bf823d2c447801750e	08d0fcd50d524bb6991fe350af440c5f2729ef516c8989a81236687cf66bd410	cn512-14-l	Intel(R) Xeon(R) Gold 6248 CPU @ 2.50GHz	50483032	147
ore_ont_4487.owl	ok	match	True	True	2.4153	621.33	production_all	7b1409b24f397a7d20f5d762e29936bf0731cd36c00c26743379c5b5e6ea6683	08d0fcd50d524bb6991fe350af440c5f2729ef516c8989a81236687cf66bd410	cn512-07-l	Intel(R) Xeon(R) Gold 6248 CPU @ 2.50GHz	50483032	148
ore_ont_4527.owl	ok	match	True	True	0.0704	14.52	elc	bc4c60af4746bace5e1ec2d8deb46c8fe9820e2ea43efd33a8c2012c8921fdd7	08d0fcd50d524bb6991fe350af440c5f2729ef516c8989a81236687cf66bd410	cn512-04-r	Intel(R) Xeon(R) Gold 6248 CPU @ 2.50GHz	50483032	149
ore_ont_4557.owl	ok	match	True	True	7.7858	812.26	elc	25a9dfe3607834ad90d624672276aede57eaf02784efa544063dd4489337adab	08d0fcd50d524bb6991fe350af440c5f2729ef516c8989a81236687cf66bd410	cn512-27-l	Intel(R) Xeon(R) Gold 6248 CPU @ 2.50GHz	50483032	150
ore_ont_4572.owl	ok	match	True	True	4.0324	351.02	production_all	c2aff89794b9370cc1203d175854919a112f6108c687c071701adb00dfb593d5	08d0fcd50d524bb6991fe350af440c5f2729ef516c8989a81236687cf66bd410	cn512-13-r	Intel(R) Xeon(R) Gold 6248 CPU @ 2.50GHz	50483032	151
ore_ont_4578.owl	ok	match	True	True	0.1286	23.04	elc	28dfc47a6b572c7c94f510f067e8c416c66be2b4e826c29df6fb4e615d95915f	08d0fcd50d524bb6991fe350af440c5f2729ef516c8989a81236687cf66bd410	cn512-05-r	Intel(R) Xeon(R) Gold 6248 CPU @ 2.50GHz	50483032	152
ore_ont_4604.owl	ok	match	True	True	12.2261	2842.09	production_all	d07c82fff63f66ce9e43811301a81def8459e9cac0593d2946d658c9220d7358	08d0fcd50d524bb6991fe350af440c5f2729ef516c8989a81236687cf66bd410	cn512-23-r	Intel(R) Xeon(R) Gold 6248 CPU @ 2.50GHz	50483032	153
ore_ont_4617.owl	ok	match	True	True	1.4142	149.63	elc	9a6830c5cb0fc8b5446fc048ca3d306977592262f881e96a5269e5ed3db0e02f	08d0fcd50d524bb6991fe350af440c5f2729ef516c8989a81236687cf66bd410	cn512-21-l	Intel(R) Xeon(R) Gold 6248 CPU @ 2.50GHz	50483032	154
ore_ont_4655.owl	ok	match	True	True	0.1299	30.22	elc	6b1945e00a8cb4bdfc5e2e33e163d8de34c7ab1d0dc1d2517212df3700e3805b	08d0fcd50d524bb6991fe350af440c5f2729ef516c8989a81236687cf66bd410	cn512-04-l	Intel(R) Xeon(R) Gold 6248 CPU @ 2.50GHz	50483032	155
ore_ont_4662.owl	ok	match	True	True	0.4287	66.96	elc	9bb1d2922d51430135d0f93a742d285f5f11dbdda53ba29af00564bf000ceaf2	08d0fcd50d524bb6991fe350af440c5f2729ef516c8989a81236687cf66bd410	cn512-14-r	Intel(R) Xeon(R) Gold 6248 CPU @ 2.50GHz	50483032	156
ore_ont_4669.owl	ok	match	True		66.9501	5706.14	mirror_private	a482e066a22110df593bf3a4c1fdd0ef4404f7141903b2101b85aae49811cb30	08d0fcd50d524bb6991fe350af440c5f2729ef516c8989a81236687cf66bd410	cn512-09-r	Intel(R) Xeon(R) Gold 6248 CPU @ 2.50GHz	50483032	157
ore_ont_4671.owl	ok	match	True	True	0.0408	9.06	production_all	c97eb0f0dcd44e6d1543b0f97489647ac526bab3c084879fa26cd5c312de500f	08d0fcd50d524bb6991fe350af440c5f2729ef516c8989a81236687cf66bd410	cn512-08-l	Intel(R) Xeon(R) Gold 6248 CPU @ 2.50GHz	50483032	158
ore_ont_4724.owl	ok	match	True	True	0.0408	7.62	production_all	25a9dfe3607834ad90d624672276aede57eaf02784efa544063dd4489337adab	08d0fcd50d524bb6991fe350af440c5f2729ef516c8989a81236687cf66bd410	cn512-06-r	Intel(R) Xeon(R) Gold 6248 CPU @ 2.50GHz	50483032	159
ore_ont_4732.owl	ok	match	True	True	0.159	25.23	elc	46a5ae2d7526b5fbfa69fa496d0dc165e4a3029c429477030e59fed16ddaf190	08d0fcd50d524bb6991fe350af440c5f2729ef516c8989a81236687cf66bd410	cn512-20-r	Intel(R) Xeon(R) Gold 6248 CPU @ 2.50GHz	50483032	160
ore_ont_4755.owl	ok	match	True	True	7.5041	711.0	elc	d53fd97d7a9e7182998346d6a207bd4f4590e44960a6f8ebf0b047f0820d3380	08d0fcd50d524bb6991fe350af440c5f2729ef516c8989a81236687cf66bd410	cn512-15-r	Intel(R) Xeon(R) Gold 6248 CPU @ 2.50GHz	50483032	161
ore_ont_4767.owl	ok	match	True	True	0.0407	8.44	production_all	118fcfc33f63b6900fac9d5a8cd382782b9e10a83b4ab069db64c64dd74a2cdb	08d0fcd50d524bb6991fe350af440c5f2729ef516c8989a81236687cf66bd410	cn512-14-r	Intel(R) Xeon(R) Gold 6248 CPU @ 2.50GHz	50483032	162
ore_ont_4782.owl	ok	match	True	True	2.722	692.71	production_all	7bd356f32241d05d26600550ab937c3970815adc6b9740c9d7bc71635958f354	08d0fcd50d524bb6991fe350af440c5f2729ef516c8989a81236687cf66bd410	cn512-09-l	Intel(R) Xeon(R) Gold 6248 CPU @ 2.50GHz	50483032	163
ore_ont_4798.owl	ok	match	True	True	0.1278	14.29	elc	5c6f359604affee99507cdd750dbbfc794e267be366dbb2e28d23195585173fc	08d0fcd50d524bb6991fe350af440c5f2729ef516c8989a81236687cf66bd410	cn512-07-l	Intel(R) Xeon(R) Gold 6248 CPU @ 2.50GHz	50483032	164
ore_ont_4802.owl	ok	match	True	True	3.5566	297.64	elc	8a77d08a8524b902e299e2c4e026cdc793a8b242adddd352eba14a513af9900d	08d0fcd50d524bb6991fe350af440c5f2729ef516c8989a81236687cf66bd410	cn512-06-l	Intel(R) Xeon(R) Gold 6248 CPU @ 2.50GHz	50483032	165
ore_ont_4827.owl	ok	match	True	True	0.3262	35.91	production_all	2cc60be5f9593807e81d890be80276803cda2324d524d0e06b748f407e70f636	08d0fcd50d524bb6991fe350af440c5f2729ef516c8989a81236687cf66bd410	cn512-03-l	Intel(R) Xeon(R) Gold 6248 CPU @ 2.50GHz	50483032	166
ore_ont_4834.owl	ok	match	True	True	0.9384	515.54	nominal_ni_abox	7dcc501eb5c31fb38a279eae83ae4fe78d35fd6d9f1830cb61e6d0f66ebd395c	08d0fcd50d524bb6991fe350af440c5f2729ef516c8989a81236687cf66bd410	cn512-17-r	Intel(R) Xeon(R) Gold 6248 CPU @ 2.50GHz	50483032	167
ore_ont_4856.owl	ok	match	True	True	0.0395	8.44	production_all	a203954d51ec9ff1f842f8191198f002eb500d6f11ee88117a2d60d9130b7d05	08d0fcd50d524bb6991fe350af440c5f2729ef516c8989a81236687cf66bd410	cn512-16-r	Intel(R) Xeon(R) Gold 6248 CPU @ 2.50GHz	50483032	168
ore_ont_4897.owl	ok	match	True	True	0.0707	9.97	production_all	c79f735a2915c0674b30dcfe287bfadb93722b9af47bdbb6d15643bf06773f51	08d0fcd50d524bb6991fe350af440c5f2729ef516c8989a81236687cf66bd410	cn512-15-l	Intel(R) Xeon(R) Gold 6248 CPU @ 2.50GHz	50483032	169
ore_ont_5002.owl	ok	match	True	True	0.1604	30.85	elc	0cb604f1415e8f094710b625d242b327bcefda1fbcaf3e206547d764c97ec371	08d0fcd50d524bb6991fe350af440c5f2729ef516c8989a81236687cf66bd410	cn512-24-l	Intel(R) Xeon(R) Gold 6248 CPU @ 2.50GHz	50483032	170
ore_ont_5057.owl	ok	match	True	True	0.0402	10.0	production_all	152831133e59e099572e05c6a84187e14d67a555555d5cac0c30630216f5d97a	08d0fcd50d524bb6991fe350af440c5f2729ef516c8989a81236687cf66bd410	cn512-11-r	Intel(R) Xeon(R) Gold 6248 CPU @ 2.50GHz	50483032	171
ore_ont_5080.owl	ok	match	True	True	0.0698	10.53	elc	b3a15e89aee6c84449a55074504d7709a86bb94fb7c3adde4ae4441e8b0acc0a	08d0fcd50d524bb6991fe350af440c5f2729ef516c8989a81236687cf66bd410	cn512-10-r	Intel(R) Xeon(R) Gold 6248 CPU @ 2.50GHz	50483032	172
ore_ont_5089.owl	ok	match	True	True	0.0399	7.81	production_all	149bc40d44a4b5cf2530c619c709e8cc0ad6700e7c2de2cbdad6d619b7b14890	08d0fcd50d524bb6991fe350af440c5f2729ef516c8989a81236687cf66bd410	cn512-07-l	Intel(R) Xeon(R) Gold 6248 CPU @ 2.50GHz	50483032	173
ore_ont_5090.owl	ok	match	True	True	0.0403	7.19	production_all	4cb1a1e105b2edef858e03f294a792d695d67f4679b53fdab90b089e844ebde3	08d0fcd50d524bb6991fe350af440c5f2729ef516c8989a81236687cf66bd410	cn512-04-r	Intel(R) Xeon(R) Gold 6248 CPU @ 2.50GHz	50483032	174
ore_ont_5103.owl	ok	match	True	True	1.4163	398.11	production_all	4903d6317aa1a70a7777f68cbc7fc9092557b46f0406719383043646969bd215	08d0fcd50d524bb6991fe350af440c5f2729ef516c8989a81236687cf66bd410	cn512-14-l	Intel(R) Xeon(R) Gold 6248 CPU @ 2.50GHz	50483032	175
ore_ont_5107.owl	ok	match	True	True	0.6626	180.65	certified_nominals	54c6abc42b8192c3f0f0d7f80649e3f74a25c3c0eda139560322ce620014eab1	08d0fcd50d524bb6991fe350af440c5f2729ef516c8989a81236687cf66bd410	cn512-13-r	Intel(R) Xeon(R) Gold 6248 CPU @ 2.50GHz	50483032	176
ore_ont_5164.owl	ok	match	True	True	0.0701	8.75	production_all	25a9dfe3607834ad90d624672276aede57eaf02784efa544063dd4489337adab	08d0fcd50d524bb6991fe350af440c5f2729ef516c8989a81236687cf66bd410	cn512-10-r	Intel(R) Xeon(R) Gold 6248 CPU @ 2.50GHz	50483032	177
ore_ont_5184.owl	ok	match	True	True	0.3	35.42	certified_nominals	143e732f871ebc460a396f90684b0f500244eb5620173e0cc45115a9d4cc3f98	08d0fcd50d524bb6991fe350af440c5f2729ef516c8989a81236687cf66bd410	cn512-17-l	Intel(R) Xeon(R) Gold 6248 CPU @ 2.50GHz	50483032	178
ore_ont_5197.owl	ok	match	True	True	0.0695	13.97	elc	ce38268ffd0a9fd4797e0a81f002835c27d284dccb0529b7acc2804307cb8173	08d0fcd50d524bb6991fe350af440c5f2729ef516c8989a81236687cf66bd410	cn512-07-l	Intel(R) Xeon(R) Gold 6248 CPU @ 2.50GHz	50483032	179
ore_ont_5220.owl	ok	match	True	True	0.0405	11.23	production_all	47fec0cb02d47beba5839357b6043cae06cc6eabb68ba01322a1bd54acb9717c	08d0fcd50d524bb6991fe350af440c5f2729ef516c8989a81236687cf66bd410	cn512-05-r	Intel(R) Xeon(R) Gold 6248 CPU @ 2.50GHz	50483032	180
ore_ont_5255.owl	ok	match	True	True	0.0403	6.88	production_all	db855d35339a166d888f70d54a013f5e7c1d81f161121cc6b83ca7b02d348409	08d0fcd50d524bb6991fe350af440c5f2729ef516c8989a81236687cf66bd410	cn512-25-l	Intel(R) Xeon(R) Gold 6248 CPU @ 2.50GHz	50483032	181
ore_ont_5266.owl	ok	match	True	True	0.041	10.0	elc	11b062554512b7dc5030652d6359a4637466330cb93b1acbbe25eb81e28b7efc	08d0fcd50d524bb6991fe350af440c5f2729ef516c8989a81236687cf66bd410	cn512-17-l	Intel(R) Xeon(R) Gold 6248 CPU @ 2.50GHz	50483032	182
ore_ont_5292.owl	ok	match	True	True	0.0405	9.35	production_all	8c9545998d1d886c8a4b0fbb652105564f4705b14a3cc49e38655a0fe3567ab7	08d0fcd50d524bb6991fe350af440c5f2729ef516c8989a81236687cf66bd410	cn512-16-l	Intel(R) Xeon(R) Gold 6248 CPU @ 2.50GHz	50483032	183
ore_ont_5303.owl	ok	match	True	True	0.4831	252.11	production_all	7f654cd28e91a63a528189ffca19da211d9a49b8531062db7c977b30a2fe3033	08d0fcd50d524bb6991fe350af440c5f2729ef516c8989a81236687cf66bd410	cn512-24-l	Intel(R) Xeon(R) Gold 6248 CPU @ 2.50GHz	50483032	184
ore_ont_5404.owl	ok	match	True	True	0.0716	21.45	production_all	71de596972c733b7c2af887e6b31e07c34c2d5c13ea5cf6b555e99f23160f1f2	08d0fcd50d524bb6991fe350af440c5f2729ef516c8989a81236687cf66bd410	cn512-22-r	Intel(R) Xeon(R) Gold 6248 CPU @ 2.50GHz	50483032	185
ore_ont_5462.owl	ok	match	True	True	0.2499	66.07	elc	f11e631ca3131c02379b38db0d07616aa32976fd05aaf09a7abe368f79783668	08d0fcd50d524bb6991fe350af440c5f2729ef516c8989a81236687cf66bd410	cn512-16-l	Intel(R) Xeon(R) Gold 6248 CPU @ 2.50GHz	50483032	186
ore_ont_5485.owl	ok	match	True	True	0.0406	10.0	elc	6c33730d4bc6e1f6aa064f2e182593f9b6519c412c818788fe0699cb90c27b55	08d0fcd50d524bb6991fe350af440c5f2729ef516c8989a81236687cf66bd410	cn512-27-r	Intel(R) Xeon(R) Gold 6248 CPU @ 2.50GHz	50483032	187
ore_ont_5487.owl	ok	match	True	True	0.3681	69.84	elc	3079635fbc42ede00878bb4819e33f3ad4fcb8acac25c964e80439d229873a82	08d0fcd50d524bb6991fe350af440c5f2729ef516c8989a81236687cf66bd410	cn512-25-l	Intel(R) Xeon(R) Gold 6248 CPU @ 2.50GHz	50483032	188
ore_ont_5519.owl	ok	match	True	True	11.0368	862.5	elc	a916c134368b9754f20d8daa6d7a9fd3ab83b8b2b146afb4de212242185d7993	08d0fcd50d524bb6991fe350af440c5f2729ef516c8989a81236687cf66bd410	cn512-17-l	Intel(R) Xeon(R) Gold 6248 CPU @ 2.50GHz	50483032	189
ore_ont_5549.owl	ok	match	True	True	4.945	424.12	elc	8e53f546be8c3e5a75323e982976ce736e03fdd7215f8151cee711479b994b36	08d0fcd50d524bb6991fe350af440c5f2729ef516c8989a81236687cf66bd410	cn512-11-r	Intel(R) Xeon(R) Gold 6248 CPU @ 2.50GHz	50483032	190
ore_ont_5564.owl	ok	match	True	True	0.1021	42.73	nominals	f909e961886801e82b4341cd768807639aae0fceaa3d344678ce533d75916082	08d0fcd50d524bb6991fe350af440c5f2729ef516c8989a81236687cf66bd410	cn512-27-r	Intel(R) Xeon(R) Gold 6248 CPU @ 2.50GHz	50483032	191
ore_ont_5566.owl	ok	match	True	True	7.8109	1717.93	production_all	9a91a28aeb27d670ce72b75b354b84de5859287d44eb902647b4f47bf051eb1f	08d0fcd50d524bb6991fe350af440c5f2729ef516c8989a81236687cf66bd410	cn512-27-l	Intel(R) Xeon(R) Gold 6248 CPU @ 2.50GHz	50483032	192
ore_ont_5572.owl	ok	match	True	True	0.0699	9.38	production_all	794aad8468295c516d2a394f93d299714f490dacd1d968a6534cbe5a582bb488	08d0fcd50d524bb6991fe350af440c5f2729ef516c8989a81236687cf66bd410	cn512-25-l	Intel(R) Xeon(R) Gold 6248 CPU @ 2.50GHz	50483032	193
ore_ont_5602.owl	ok	match	True	True	7.5246	836.75	elc	25a9dfe3607834ad90d624672276aede57eaf02784efa544063dd4489337adab	08d0fcd50d524bb6991fe350af440c5f2729ef516c8989a81236687cf66bd410	cn512-04-r	Intel(R) Xeon(R) Gold 6248 CPU @ 2.50GHz	50483032	194
ore_ont_5612.owl	ok	match	True	True	3.3088	267.56	elc	6c0877b5e054be5e2cef3b76c276a9c5007025f8483e4230c7156c7a45774003	08d0fcd50d524bb6991fe350af440c5f2729ef516c8989a81236687cf66bd410	cn512-25-l	Intel(R) Xeon(R) Gold 6248 CPU @ 2.50GHz	50483032	195
ore_ont_5665.owl	ok	match	True	True	0.0405	8.44	production_all	a76d933963fe7eb8acc2152ceb208fbfc847ee8140f09b4791d6d905f717ce42	08d0fcd50d524bb6991fe350af440c5f2729ef516c8989a81236687cf66bd410	cn512-18-l	Intel(R) Xeon(R) Gold 6248 CPU @ 2.50GHz	50483032	196
ore_ont_5742.owl	ok	match	True	True	0.0399	5.62	elc	1b748642d61733666eec435cb81094c0f59dcbf20443c391069e5a9c8ce51398	08d0fcd50d524bb6991fe350af440c5f2729ef516c8989a81236687cf66bd410	cn512-18-l	Intel(R) Xeon(R) Gold 6248 CPU @ 2.50GHz	50483032	197
ore_ont_5755.owl	ok	match	True	True	2.7604	339.47	elc	0b8fb805974ec14b4df641131aa1c4af1eaed8babda4ab870378a05ef7aa26a0	08d0fcd50d524bb6991fe350af440c5f2729ef516c8989a81236687cf66bd410	cn512-09-l	Intel(R) Xeon(R) Gold 6248 CPU @ 2.50GHz	50483032	198
ore_ont_5760.owl	ok	match	True	True	10.0088	994.73	elc	25a9dfe3607834ad90d624672276aede57eaf02784efa544063dd4489337adab	08d0fcd50d524bb6991fe350af440c5f2729ef516c8989a81236687cf66bd410	cn512-20-r	Intel(R) Xeon(R) Gold 6248 CPU @ 2.50GHz	50483032	199
ore_ont_5781.owl	ok	match	True	True	2.7197	325.96	elc	6698505bd0fd451a6061df5eff71203e6074cfc3d62e0022fe8b60d458be8237	08d0fcd50d524bb6991fe350af440c5f2729ef516c8989a81236687cf66bd410	cn512-18-l	Intel(R) Xeon(R) Gold 6248 CPU @ 2.50GHz	50483032	200
ore_ont_5792.owl	ok	match	True	True	0.1899	24.96	production_all	07663e7029f71a58e44ff18ab67c370076dfb27460959b9943b138948cb9b7d5	08d0fcd50d524bb6991fe350af440c5f2729ef516c8989a81236687cf66bd410	cn512-14-r	Intel(R) Xeon(R) Gold 6248 CPU @ 2.50GHz	50483032	201
ore_ont_5815.owl	ok	match	True	True	0.5117	53.29	elc	25a9dfe3607834ad90d624672276aede57eaf02784efa544063dd4489337adab	08d0fcd50d524bb6991fe350af440c5f2729ef516c8989a81236687cf66bd410	cn512-05-l	Intel(R) Xeon(R) Gold 6248 CPU @ 2.50GHz	50483032	202
ore_ont_5852.owl	ok	match	True	True	0.0418	5.94	elc	5ec0c0065801b5eee139e6d08a289191c287abe064a95ac8fe9570e90d0f6fd6	08d0fcd50d524bb6991fe350af440c5f2729ef516c8989a81236687cf66bd410	cn512-09-l	Intel(R) Xeon(R) Gold 6248 CPU @ 2.50GHz	50483032	203
ore_ont_5927.owl	ok	match	True	True	2.7549	233.36	elc	df5204236b942809dc9fff216bc1a3ccf523cc361d1cb9ca2a12b36456249647	08d0fcd50d524bb6991fe350af440c5f2729ef516c8989a81236687cf66bd410	cn512-05-l	Intel(R) Xeon(R) Gold 6248 CPU @ 2.50GHz	50483032	204
ore_ont_5940.owl	ok	match	True	True	0.1002	12.96	production_all	7d92b7d06a4f4f6e5d69dfe3427cf620316b986e3c97336c481323b9e2c75541	08d0fcd50d524bb6991fe350af440c5f2729ef516c8989a81236687cf66bd410	cn512-27-l	Intel(R) Xeon(R) Gold 6248 CPU @ 2.50GHz	50483032	205
ore_ont_5943.owl	ok	match	True	True	0.9674	541.85	nominals	a92d8283ca794f043d4e8674c1f149fff5ded6960d02750dd54c37511fec308a	08d0fcd50d524bb6991fe350af440c5f2729ef516c8989a81236687cf66bd410	cn512-15-r	Intel(R) Xeon(R) Gold 6248 CPU @ 2.50GHz	50483032	206
ore_ont_5965.owl	ok	match	True	True	0.3	73.17	elc	25a9dfe3607834ad90d624672276aede57eaf02784efa544063dd4489337adab	08d0fcd50d524bb6991fe350af440c5f2729ef516c8989a81236687cf66bd410	cn512-14-r	Intel(R) Xeon(R) Gold 6248 CPU @ 2.50GHz	50483032	207
ore_ont_5966.owl	ok	match	True	True	0.0408	8.12	production_all	9f144657403b390cde484ce7144557101ddc0f91cf7a58e006f06b139d34a829	08d0fcd50d524bb6991fe350af440c5f2729ef516c8989a81236687cf66bd410	cn512-09-l	Intel(R) Xeon(R) Gold 6248 CPU @ 2.50GHz	50483032	208
ore_ont_5974.owl	ok	match	True	True	0.307	73.36	elc	25a9dfe3607834ad90d624672276aede57eaf02784efa544063dd4489337adab	08d0fcd50d524bb6991fe350af440c5f2729ef516c8989a81236687cf66bd410	cn512-17-r	Intel(R) Xeon(R) Gold 6248 CPU @ 2.50GHz	50483032	209
ore_ont_6024.owl	ok	match	True	True	0.0413	8.12	production_all	fd38224abd125b5f5a24640e946131f4a4c693c31fb1e3bf11f13eb8401b5c86	08d0fcd50d524bb6991fe350af440c5f2729ef516c8989a81236687cf66bd410	cn512-09-l	Intel(R) Xeon(R) Gold 6248 CPU @ 2.50GHz	50483032	210
ore_ont_6060.owl	ok	match	True	True	0.9391	514.42	nominal_ni_abox	d3e4063001c3e4438ded8d47f87d27a46d3dcbbe418ae052b9c635ae9671f559	08d0fcd50d524bb6991fe350af440c5f2729ef516c8989a81236687cf66bd410	cn512-06-l	Intel(R) Xeon(R) Gold 6248 CPU @ 2.50GHz	50483032	211
ore_ont_6076.owl	ok	match	True	True	0.423	48.35	elc	bd10def3d41c1e22fc106a4cbd39c7210b16e4330ff04be9ec5c9520f93a5e36	08d0fcd50d524bb6991fe350af440c5f2729ef516c8989a81236687cf66bd410	cn512-25-l	Intel(R) Xeon(R) Gold 6248 CPU @ 2.50GHz	50483032	212
ore_ont_6102.owl	ok	match	True	True	0.5779	86.6	elc	b8b44da4d5df5135b881ed029d13a33eddb0b3560b437f3e39076c7a4d6cf04b	08d0fcd50d524bb6991fe350af440c5f2729ef516c8989a81236687cf66bd410	cn512-15-l	Intel(R) Xeon(R) Gold 6248 CPU @ 2.50GHz	50483032	213
ore_ont_6198.owl	ok	match	True	True	0.3929	39.26	elc	3b1fad5e91e1894e3db6411002f05c0506a0878ae60f3d9f17d08307bfdc5660	08d0fcd50d524bb6991fe350af440c5f2729ef516c8989a81236687cf66bd410	cn512-14-r	Intel(R) Xeon(R) Gold 6248 CPU @ 2.50GHz	50483032	214
ore_ont_6207.owl	ok	match	True	True	0.0404	7.19	production_all	621fca63e45cf2206f96f1a26dd7196ae091dfb92bc60a5b615905d46b91ea6d	08d0fcd50d524bb6991fe350af440c5f2729ef516c8989a81236687cf66bd410	cn512-10-r	Intel(R) Xeon(R) Gold 6248 CPU @ 2.50GHz	50483032	215
ore_ont_6212.owl	ok	match	True	True	22.722	2483.18	production_all	7ae073cdbffccf3be43a0cd32b533d98d7b44c29e3233acc91621715e1be1636	08d0fcd50d524bb6991fe350af440c5f2729ef516c8989a81236687cf66bd410	cn512-05-r	Intel(R) Xeon(R) Gold 6248 CPU @ 2.50GHz	50483032	216
ore_ont_6223.owl	ok	match	True	True	8.7411	773.07	elc	dca4c38812f1ba96d632392754821ae3b2a1b9ab6e3bd84b2fa9046ddbe8a811	08d0fcd50d524bb6991fe350af440c5f2729ef516c8989a81236687cf66bd410	cn512-27-l	Intel(R) Xeon(R) Gold 6248 CPU @ 2.50GHz	50483032	217
ore_ont_6226.owl	ok	match	True	True	0.0698	12.41	production_all	0f6576b1f60718edccc3bc45fa9716c9c6d463b12f6b01e4df44986fa4ac97bb	08d0fcd50d524bb6991fe350af440c5f2729ef516c8989a81236687cf66bd410	cn512-20-r	Intel(R) Xeon(R) Gold 6248 CPU @ 2.50GHz	50483032	218
ore_ont_6230.owl	ok	match	True	True	0.1607	31.16	elc	65cd57dacb88edecf9f413022ff56ff1b53b173333a926445a1c708a5b12a13c	08d0fcd50d524bb6991fe350af440c5f2729ef516c8989a81236687cf66bd410	cn512-17-l	Intel(R) Xeon(R) Gold 6248 CPU @ 2.50GHz	50483032	219
ore_ont_6233.owl	ok	match	True	True	22.8731	2179.06	elc	25a9dfe3607834ad90d624672276aede57eaf02784efa544063dd4489337adab	08d0fcd50d524bb6991fe350af440c5f2729ef516c8989a81236687cf66bd410	cn512-06-l	Intel(R) Xeon(R) Gold 6248 CPU @ 2.50GHz	50483032	220
ore_ont_6246.owl	ok	match	True	True	0.3013	57.34	production_all	93b7859c78179ff099816dd2be78351edf79d854aea8f8ae58fff6f666123a23	08d0fcd50d524bb6991fe350af440c5f2729ef516c8989a81236687cf66bd410	cn512-17-r	Intel(R) Xeon(R) Gold 6248 CPU @ 2.50GHz	50483032	221
ore_ont_6310.owl	ok	match	True	True	0.6875	66.48	elc	a68ac89973e199916c1ef7d8ff6b9fd7a85c8ec7524aec5f8266dac0dc0da328	08d0fcd50d524bb6991fe350af440c5f2729ef516c8989a81236687cf66bd410	cn512-14-r	Intel(R) Xeon(R) Gold 6248 CPU @ 2.50GHz	50483032	222
ore_ont_6358.owl	ok	match	True	True	0.1876	25.86	elc	26261a85079db13321a7de8c0b83f9f4d4a8843617179f0c1108386b659b98ca	08d0fcd50d524bb6991fe350af440c5f2729ef516c8989a81236687cf66bd410	cn512-17-r	Intel(R) Xeon(R) Gold 6248 CPU @ 2.50GHz	50483032	223
ore_ont_6417.owl	ok	match	True	True	0.07	8.75	production_all	25a9dfe3607834ad90d624672276aede57eaf02784efa544063dd4489337adab	08d0fcd50d524bb6991fe350af440c5f2729ef516c8989a81236687cf66bd410	cn512-17-l	Intel(R) Xeon(R) Gold 6248 CPU @ 2.50GHz	50483032	224
ore_ont_6423.owl	ok	match	True	True	0.2797	78.8	production_all	d6182ad55cdcd6fa7a8d2bdc540436f4c71350f5dd7cfcf8f03c190b92679dd7	08d0fcd50d524bb6991fe350af440c5f2729ef516c8989a81236687cf66bd410	cn512-14-r	Intel(R) Xeon(R) Gold 6248 CPU @ 2.50GHz	50483032	225
ore_ont_6433.owl	ok	match	True	True	0.3655	59.74	elc	7796424c2b2f646b5a3fb8a63b90ddbfc014127b60de867be7a57388a6366d27	08d0fcd50d524bb6991fe350af440c5f2729ef516c8989a81236687cf66bd410	cn512-18-l	Intel(R) Xeon(R) Gold 6248 CPU @ 2.50GHz	50483032	226
ore_ont_6453.owl	ok	match	True	True	0.3067	73.72	elc	25a9dfe3607834ad90d624672276aede57eaf02784efa544063dd4489337adab	08d0fcd50d524bb6991fe350af440c5f2729ef516c8989a81236687cf66bd410	cn512-04-l	Intel(R) Xeon(R) Gold 6248 CPU @ 2.50GHz	50483032	227
ore_ont_6477.owl	ok	match	True	True	7.5356	757.2	elc	01e8ae5dd77b83a67724a6e40f88ce2191f96e1f74003d90a67d0974f037a188	08d0fcd50d524bb6991fe350af440c5f2729ef516c8989a81236687cf66bd410	cn512-25-l	Intel(R) Xeon(R) Gold 6248 CPU @ 2.50GHz	50483032	228
ore_ont_6566.owl	ok	match	True	True	0.0703	12.42	elc	456de73651e72ad41cafa09ec4862170488fa58bfc96804cf0b22bf8bddcd79a	08d0fcd50d524bb6991fe350af440c5f2729ef516c8989a81236687cf66bd410	cn512-24-l	Intel(R) Xeon(R) Gold 6248 CPU @ 2.50GHz	50483032	229
ore_ont_6589.owl	ok	match	True	True	0.0404	9.5	nominals	effa0eaa4edd98d52b7412297ea2f1305fb8161995434cba59061ec953abf851	08d0fcd50d524bb6991fe350af440c5f2729ef516c8989a81236687cf66bd410	cn512-21-l	Intel(R) Xeon(R) Gold 6248 CPU @ 2.50GHz	50483032	230
ore_ont_6659.owl	ok	match	True	True	0.986	108.39	elc	ebca2b615596b2796e548fc678858b7e399a9eba523ee96579bef889d19801cf	08d0fcd50d524bb6991fe350af440c5f2729ef516c8989a81236687cf66bd410	cn512-20-r	Intel(R) Xeon(R) Gold 6248 CPU @ 2.50GHz	50483032	231
ore_ont_6682.owl	ok	match	True	True	25.7282	5077.13	certified_el_production	0a7e90878ba8715efca484296498d433cf7ab87612dc369aacb545029d3e93e3	08d0fcd50d524bb6991fe350af440c5f2729ef516c8989a81236687cf66bd410	cn512-18-l	Intel(R) Xeon(R) Gold 6248 CPU @ 2.50GHz	50483032	232
ore_ont_6696.owl	ok	match	True	True	0.0701	11.88	production_all	2d805b780f699bee6f128c54f0e3b589416c072e1830309a93bbc64f730a5d81	08d0fcd50d524bb6991fe350af440c5f2729ef516c8989a81236687cf66bd410	cn512-17-l	Intel(R) Xeon(R) Gold 6248 CPU @ 2.50GHz	50483032	233
ore_ont_6720.owl	ok	match	True	False	0.0394	9.38	production_all	3c48c283d1292f55fe67383942d35be768499f1f96e83f0adf812c000ac3b9dd	08d0fcd50d524bb6991fe350af440c5f2729ef516c8989a81236687cf66bd410	cn512-16-r	Intel(R) Xeon(R) Gold 6248 CPU @ 2.50GHz	50483032	234
ore_ont_6722.owl	ok	match	True	True	3.2731	378.36	elc	4564dd0471d31889baa9329a691ff22bf09d5125cbec7d460810722b7c25a901	08d0fcd50d524bb6991fe350af440c5f2729ef516c8989a81236687cf66bd410	cn512-15-r	Intel(R) Xeon(R) Gold 6248 CPU @ 2.50GHz	50483032	235
ore_ont_6735.owl	ok	match	True	True	0.0413	5.62	elc	568b20ec22f256e9bd4fc9fcf15cf4b3157021cf963d60142af61ee8f90294a8	08d0fcd50d524bb6991fe350af440c5f2729ef516c8989a81236687cf66bd410	cn512-09-l	Intel(R) Xeon(R) Gold 6248 CPU @ 2.50GHz	50483032	236
ore_ont_6751.owl	ok	match	True	True	0.2474	31.81	production_all	5c1fe0699854aa6c4f891ae1122faf848af88deaf57d6d6a18959e0c89e90df6	08d0fcd50d524bb6991fe350af440c5f2729ef516c8989a81236687cf66bd410	cn512-08-l	Intel(R) Xeon(R) Gold 6248 CPU @ 2.50GHz	50483032	237
ore_ont_6765.owl	ok	match	True	True	8.3568	1413.88	nominals	f4cfde7f23bbb2df47ece80129e120bd127df90b2793cfc5fe5bfe924b0bad33	08d0fcd50d524bb6991fe350af440c5f2729ef516c8989a81236687cf66bd410	cn512-06-r	Intel(R) Xeon(R) Gold 6248 CPU @ 2.50GHz	50483032	238
ore_ont_6796.owl	ok	match	True	True	0.0412	7.5	production_all	75b6c8b0da2fa48dcb7812afec56880fd64859eea8a24c86d2dd2f6c6e159e13	08d0fcd50d524bb6991fe350af440c5f2729ef516c8989a81236687cf66bd410	cn512-05-l	Intel(R) Xeon(R) Gold 6248 CPU @ 2.50GHz	50483032	239
ore_ont_6812.owl	ok	match	True	True	0.0409	5.94	elc	1b748642d61733666eec435cb81094c0f59dcbf20443c391069e5a9c8ce51398	08d0fcd50d524bb6991fe350af440c5f2729ef516c8989a81236687cf66bd410	cn512-03-l	Intel(R) Xeon(R) Gold 6248 CPU @ 2.50GHz	50483032	240
ore_ont_6817.owl	ok	match	True	True	0.0709	15.86	elc	2a47d8eb1298a2a53d28da4d78f897a04fbc8dcd17e84c2dd3306c341f87ecec	08d0fcd50d524bb6991fe350af440c5f2729ef516c8989a81236687cf66bd410	cn512-27-r	Intel(R) Xeon(R) Gold 6248 CPU @ 2.50GHz	50483032	241
ore_ont_6855.owl	ok	match	True	True	0.0409	18.76	nominals	53a658f652f9df7a203289d89ad485dc611e4451cbca395eaaf186dd63f1a2df	08d0fcd50d524bb6991fe350af440c5f2729ef516c8989a81236687cf66bd410	cn512-17-r	Intel(R) Xeon(R) Gold 6248 CPU @ 2.50GHz	50483032	242
ore_ont_6869.owl	ok	match	True	True	0.1574	25.18	elc	222d0c9496adf87472570ce6385aec3f1d0854a9222db549213d721ed89e6940	08d0fcd50d524bb6991fe350af440c5f2729ef516c8989a81236687cf66bd410	cn512-15-l	Intel(R) Xeon(R) Gold 6248 CPU @ 2.50GHz	50483032	243
ore_ont_6870.owl	ok	match	True	True	0.3027	41.02	production_all	b073c08ca62b95b0d634eab18aaff4fefe8d4cea94718a22b13e75f9f7cdac85	08d0fcd50d524bb6991fe350af440c5f2729ef516c8989a81236687cf66bd410	cn512-14-r	Intel(R) Xeon(R) Gold 6248 CPU @ 2.50GHz	50483032	244
ore_ont_6934.owl	ok	match	True	True	73.2583	2951.84	nominal_ni_abox	5e60a794400802833a9d5785abb6320b7b13d702e48a4c810462bad6c1fc931e	08d0fcd50d524bb6991fe350af440c5f2729ef516c8989a81236687cf66bd410	cn512-27-r	Intel(R) Xeon(R) Gold 6248 CPU @ 2.50GHz	50483032	245
ore_ont_6999.owl	ok	match	True	True	0.3029	92.51	certified_nominals	db669ccdb7494f564a988b9f8cf0084b3714c0feb590e272fb75185f2de1c1d3	08d0fcd50d524bb6991fe350af440c5f2729ef516c8989a81236687cf66bd410	cn512-21-l	Intel(R) Xeon(R) Gold 6248 CPU @ 2.50GHz	50483032	246
ore_ont_7003.owl	ok	match	True	True	0.0407	7.99	production_all	25a9dfe3607834ad90d624672276aede57eaf02784efa544063dd4489337adab	08d0fcd50d524bb6991fe350af440c5f2729ef516c8989a81236687cf66bd410	cn512-11-r	Intel(R) Xeon(R) Gold 6248 CPU @ 2.50GHz	50483032	247
ore_ont_7025.owl	ok	match	True	True	0.9508	532.23	nominals	d46b11fc71dde82bf5ef0a349d3b41a845c9f34f60e8959d9783216dac92d420	08d0fcd50d524bb6991fe350af440c5f2729ef516c8989a81236687cf66bd410	cn512-17-r	Intel(R) Xeon(R) Gold 6248 CPU @ 2.50GHz	50483032	248
ore_ont_7052.owl	ok	match	True	False	0.0405	11.78	nominals	3c48c283d1292f55fe67383942d35be768499f1f96e83f0adf812c000ac3b9dd	08d0fcd50d524bb6991fe350af440c5f2729ef516c8989a81236687cf66bd410	cn512-15-l	Intel(R) Xeon(R) Gold 6248 CPU @ 2.50GHz	50483032	249
ore_ont_7120.owl	ok	match	True	True	0.0704	11.16	elc	9448c0d4cf3dfd61d5ba709b2126df314cf4e7ae4c0d1743e9e02490c6743559	08d0fcd50d524bb6991fe350af440c5f2729ef516c8989a81236687cf66bd410	cn512-11-r	Intel(R) Xeon(R) Gold 6248 CPU @ 2.50GHz	50483032	250
ore_ont_7127.owl	ok	match	True	True	9.7088	1996.34	production_all	6d60a4b9434307896c1d29c6e289b5379fe2d39b68754be2d07ab82682ab6235	08d0fcd50d524bb6991fe350af440c5f2729ef516c8989a81236687cf66bd410	cn512-27-l	Intel(R) Xeon(R) Gold 6248 CPU @ 2.50GHz	50483032	251
ore_ont_7169.owl	ok	match	True	True	0.0704	9.06	elc	c4515c4f4b99d254b5a695ba508e733b17b41696846c36d6e118dea92ff46e93	08d0fcd50d524bb6991fe350af440c5f2729ef516c8989a81236687cf66bd410	cn512-22-r	Intel(R) Xeon(R) Gold 6248 CPU @ 2.50GHz	50483032	252
ore_ont_7195.owl	ok	match	True	True	0.2807	41.48	elc	03accb67d6d40c5c42a9da8431fcefdc8f3c9811fd69b5efc5562d65b4347e9d	08d0fcd50d524bb6991fe350af440c5f2729ef516c8989a81236687cf66bd410	cn512-20-r	Intel(R) Xeon(R) Gold 6248 CPU @ 2.50GHz	50483032	253
ore_ont_7216.owl	ok	match	True	True	0.0992	16.13	elc	3d88a915669fdbb2f868940740069281997953e43042ae1ada668f2b385e3754	08d0fcd50d524bb6991fe350af440c5f2729ef516c8989a81236687cf66bd410	cn512-13-r	Intel(R) Xeon(R) Gold 6248 CPU @ 2.50GHz	50483032	254
ore_ont_7218.owl	ok	match	True	True	0.0997	19.91	elc	c83b420eb9e3ac17fbc453ffe5e2d42074c33e5356f719a005abacab486da9e1	08d0fcd50d524bb6991fe350af440c5f2729ef516c8989a81236687cf66bd410	cn512-08-l	Intel(R) Xeon(R) Gold 6248 CPU @ 2.50GHz	50483032	255
ore_ont_7220.owl	ok	match	True	True	0.0405	7.5	elc	c8cc206848dedf9ea7f8187f4b84146cc843be24d1d6f9739b996703419c6f36	08d0fcd50d524bb6991fe350af440c5f2729ef516c8989a81236687cf66bd410	cn512-23-r	Intel(R) Xeon(R) Gold 6248 CPU @ 2.50GHz	50483032	256
ore_ont_7234.owl	ok	match	True	True	0.2527	36.3	elc	8ff975eebd5a426ae5eab822f03c8620c76c8dfb17415f7488768d9facb69e75	08d0fcd50d524bb6991fe350af440c5f2729ef516c8989a81236687cf66bd410	cn512-17-r	Intel(R) Xeon(R) Gold 6248 CPU @ 2.50GHz	50483032	257
ore_ont_7246.owl	ok	match	True	True	20.93	2028.39	certified_el_production	1fdf3d773ce6278032b0975ae42432254a22696e360cb41cffd0e4af032d0537	08d0fcd50d524bb6991fe350af440c5f2729ef516c8989a81236687cf66bd410	cn512-17-l	Intel(R) Xeon(R) Gold 6248 CPU @ 2.50GHz	50483032	258
ore_ont_7251.owl	ok	match	True	True	0.3037	52.41	elc	734ac944226aedb079df6235f3a610f16608c4e87dc06507fee67dfb94131f04	08d0fcd50d524bb6991fe350af440c5f2729ef516c8989a81236687cf66bd410	cn512-16-r	Intel(R) Xeon(R) Gold 6248 CPU @ 2.50GHz	50483032	259
ore_ont_7256.owl	ok	match	True	True	0.6987	74.18	elc	25a9dfe3607834ad90d624672276aede57eaf02784efa544063dd4489337adab	08d0fcd50d524bb6991fe350af440c5f2729ef516c8989a81236687cf66bd410	cn512-15-l	Intel(R) Xeon(R) Gold 6248 CPU @ 2.50GHz	50483032	260
ore_ont_7270.owl	ok	match	True	True	0.0417	7.19	production_all	881f2546efa252840c0a44322691d9a1341b87054d9105d0362ccb4eb5c55225	08d0fcd50d524bb6991fe350af440c5f2729ef516c8989a81236687cf66bd410	cn512-14-l	Intel(R) Xeon(R) Gold 6248 CPU @ 2.50GHz	50483032	261
ore_ont_7300.owl	ok	match	True	True	1.5139	355.74	production_all	f3a81da56d8936d963e8da5a6732f0fbde31d99db78f602deecc01783e44b358	08d0fcd50d524bb6991fe350af440c5f2729ef516c8989a81236687cf66bd410	cn512-07-l	Intel(R) Xeon(R) Gold 6248 CPU @ 2.50GHz	50483032	262
ore_ont_7320.owl	ok	match	True	True	0.9425	520.3	nominal_ni_abox	13356683a3a33f75b61c73cd89d37568c8babcdc8082d7ea0be3fecef4c96f69	08d0fcd50d524bb6991fe350af440c5f2729ef516c8989a81236687cf66bd410	cn512-06-r	Intel(R) Xeon(R) Gold 6248 CPU @ 2.50GHz	50483032	263
ore_ont_7340.owl	ok	match	True	True	7.2096	1584.83	production_all	b727a7735e45785e7fd4b0d77f5752a29d01036cac0589233213015fcd0f4505	08d0fcd50d524bb6991fe350af440c5f2729ef516c8989a81236687cf66bd410	cn512-25-l	Intel(R) Xeon(R) Gold 6248 CPU @ 2.50GHz	50483032	264
ore_ont_7343.owl	ok	match	True	True	1.5287	239.66	elc	25a9dfe3607834ad90d624672276aede57eaf02784efa544063dd4489337adab	08d0fcd50d524bb6991fe350af440c5f2729ef516c8989a81236687cf66bd410	cn512-23-r	Intel(R) Xeon(R) Gold 6248 CPU @ 2.50GHz	50483032	265
ore_ont_7409.owl	ok	match	True	True	7.2971	1672.34	nominals	dbed370744689df90ceffaea08d2c6f77e205c80fcb51bb68029322c375abec7	08d0fcd50d524bb6991fe350af440c5f2729ef516c8989a81236687cf66bd410	cn512-09-l	Intel(R) Xeon(R) Gold 6248 CPU @ 2.50GHz	50483032	266
ore_ont_7417.owl	ok	match	True	True	0.0404	7.58	nominals	5df147bd114ac6ebdefd0fd6c02a07ceb1d45ed947a03f98c077d15d11bc2043	08d0fcd50d524bb6991fe350af440c5f2729ef516c8989a81236687cf66bd410	cn512-05-l	Intel(R) Xeon(R) Gold 6248 CPU @ 2.50GHz	50483032	267
ore_ont_7418.owl	ok	match	True	True	0.0699	8.75	production_all	25a9dfe3607834ad90d624672276aede57eaf02784efa544063dd4489337adab	08d0fcd50d524bb6991fe350af440c5f2729ef516c8989a81236687cf66bd410	cn512-24-l	Intel(R) Xeon(R) Gold 6248 CPU @ 2.50GHz	50483032	268
ore_ont_7439.owl	ok	match	True	True	0.1595	30.85	elc	a2c9fd27be406668497189b64f1f673b22ea55c2266d5417991166ab3fdc6685	08d0fcd50d524bb6991fe350af440c5f2729ef516c8989a81236687cf66bd410	cn512-16-l	Intel(R) Xeon(R) Gold 6248 CPU @ 2.50GHz	50483032	269
ore_ont_7455.owl	ok	match	True	True	1.5635	188.55	elc	94f1b9a52fc04d8b77a815c4dba31d99b3f4ea184d10118c0fe15d2322b8da65	08d0fcd50d524bb6991fe350af440c5f2729ef516c8989a81236687cf66bd410	cn512-11-r	Intel(R) Xeon(R) Gold 6248 CPU @ 2.50GHz	50483032	270
ore_ont_7474.owl	ok	match	True	True	8.5568	1421.85	nominals	d8a0ecd1c05efc6540c190219022cbf2596edddcae5850b92e7c19bdfe5ed6c3	08d0fcd50d524bb6991fe350af440c5f2729ef516c8989a81236687cf66bd410	cn512-10-r	Intel(R) Xeon(R) Gold 6248 CPU @ 2.50GHz	50483032	271
ore_ont_7482.owl	ok	match	True	True	0.0407	6.88	production_all	aa43997598571957c3e4fcdb5cb14dd1185fb593bc966e197af4fb71bb9d8960	08d0fcd50d524bb6991fe350af440c5f2729ef516c8989a81236687cf66bd410	cn512-15-r	Intel(R) Xeon(R) Gold 6248 CPU @ 2.50GHz	50483032	272
ore_ont_7493.owl	ok	match	True	True	1.0858	76.78	elc	c46365c28ab506d47204cdcb689e860bba483b13191b4646ffa2ce9831e4099d	08d0fcd50d524bb6991fe350af440c5f2729ef516c8989a81236687cf66bd410	cn512-15-l	Intel(R) Xeon(R) Gold 6248 CPU @ 2.50GHz	50483032	273
ore_ont_7499.owl	ok	match	True	True	35.4832	2478.29	certified_card_proxy_abox	f82850c6582131358cd9ecc108888e2131734900cf687d055a7a7c0f4fece17d	08d0fcd50d524bb6991fe350af440c5f2729ef516c8989a81236687cf66bd410	cn512-16-l	Intel(R) Xeon(R) Gold 6248 CPU @ 2.50GHz	50483032	274
ore_ont_7567.owl	ok	match	True	True	6.0377	1373.91	production_all	aa75019ee58185ca3802480986d3948301c7dc7b9f5316b09b0e61ae3c41d92d	08d0fcd50d524bb6991fe350af440c5f2729ef516c8989a81236687cf66bd410	cn512-15-r	Intel(R) Xeon(R) Gold 6248 CPU @ 2.50GHz	50483032	275
ore_ont_7576.owl	ok	match	True	True	0.041	7.81	production_all	b397cda8a43a43ced776b8d3b7dbdb5774579fa035364a30976b207a127c1028	08d0fcd50d524bb6991fe350af440c5f2729ef516c8989a81236687cf66bd410	cn512-13-r	Intel(R) Xeon(R) Gold 6248 CPU @ 2.50GHz	50483032	276
ore_ont_7581.owl	ok	match	True	True	18.587	4271.53	production_all	d54544ddd6a2f4e91994f13794369403aaa5fd0a5de2c24e8df517e89580021d	08d0fcd50d524bb6991fe350af440c5f2729ef516c8989a81236687cf66bd410	cn512-05-r	Intel(R) Xeon(R) Gold 6248 CPU @ 2.50GHz	50483032	277
ore_ont_7608.owl	ok	match	True	True	0.3105	67.57	elc	151a5767650248760c9540f5134bd6941f23d222ac6cb9ed9d458998b9118ab0	08d0fcd50d524bb6991fe350af440c5f2729ef516c8989a81236687cf66bd410	cn512-11-r	Intel(R) Xeon(R) Gold 6248 CPU @ 2.50GHz	50483032	278
ore_ont_7639.owl	ok	match	True	True	0.041	12.12	production_all	0f454f1459631f12284f48aec1c94aab8f7c34d7fd299e7f4aaee4733d694980	08d0fcd50d524bb6991fe350af440c5f2729ef516c8989a81236687cf66bd410	cn512-25-l	Intel(R) Xeon(R) Gold 6248 CPU @ 2.50GHz	50483032	279
ore_ont_7663.owl	ok	match	True	True	0.0705	8.12	production_all	bdfac28194877cd85b581a35583329ca129f2cdea9a9cdc366adb73c0615400a	08d0fcd50d524bb6991fe350af440c5f2729ef516c8989a81236687cf66bd410	cn512-21-l	Intel(R) Xeon(R) Gold 6248 CPU @ 2.50GHz	50483032	280
ore_ont_7716.owl	ok	match	True	True	0.4515	59.25	elc	dd3b5bbe7f4a013d8a153f64f72551e43a927e98bb7fee179c0578db0581d568	08d0fcd50d524bb6991fe350af440c5f2729ef516c8989a81236687cf66bd410	cn512-20-r	Intel(R) Xeon(R) Gold 6248 CPU @ 2.50GHz	50483032	281
ore_ont_7726.owl	ok	match	True	True	0.3581	45.94	production_all	311a7aa3709f273afb66ff6411d52f4fc995238d84b3102677a5e6ef86c4c392	08d0fcd50d524bb6991fe350af440c5f2729ef516c8989a81236687cf66bd410	cn512-14-l	Intel(R) Xeon(R) Gold 6248 CPU @ 2.50GHz	50483032	282
ore_ont_7728.owl	ok	match	True	True	4.979	1171.93	production_all	3537c300fef513b1f95cbc12ac6827cdffd438bfb9ba466e971464c2b77bd576	08d0fcd50d524bb6991fe350af440c5f2729ef516c8989a81236687cf66bd410	cn512-11-r	Intel(R) Xeon(R) Gold 6248 CPU @ 2.50GHz	50483032	283
ore_ont_7775.owl	ok	match	True	True	0.1896	50.75	production_all	55d6d20356364ed92a7cbda694127429aeeeb731cd3403cc51883db1ba926d0a	08d0fcd50d524bb6991fe350af440c5f2729ef516c8989a81236687cf66bd410	cn512-07-l	Intel(R) Xeon(R) Gold 6248 CPU @ 2.50GHz	50483032	284
ore_ont_7831.owl	ok	match	True	True	0.5193	79.11	elc	25a9dfe3607834ad90d624672276aede57eaf02784efa544063dd4489337adab	08d0fcd50d524bb6991fe350af440c5f2729ef516c8989a81236687cf66bd410	cn512-04-r	Intel(R) Xeon(R) Gold 6248 CPU @ 2.50GHz	50483032	285
ore_ont_7868.owl	ok	match	True	True	5.5062	384.13	elc	4019d9513c497d61fb25100283859e81b66ffeb8e055b430d1e50f947772db73	08d0fcd50d524bb6991fe350af440c5f2729ef516c8989a81236687cf66bd410	cn512-21-l	Intel(R) Xeon(R) Gold 6248 CPU @ 2.50GHz	50483032	286
ore_ont_7890.owl	ok	match	True	True	0.0406	6.25	elc	28a1e49d14379cb1f82aaf14e3c9ef1df435861077b31111dec9d947d4225a51	08d0fcd50d524bb6991fe350af440c5f2729ef516c8989a81236687cf66bd410	cn512-18-l	Intel(R) Xeon(R) Gold 6248 CPU @ 2.50GHz	50483032	287
ore_ont_7901.owl	ok	match	True	True	0.1533	18.98	production_all	f295da304477c4374ae0a079f38e43b434c23a1e6933ee2cc9876c5711a3f9bb	08d0fcd50d524bb6991fe350af440c5f2729ef516c8989a81236687cf66bd410	cn512-16-r	Intel(R) Xeon(R) Gold 6248 CPU @ 2.50GHz	50483032	288
ore_ont_7914.owl	ok	match	True	True	7.4412	1511.34	production_all	5dfdc6168df75c9a1e2dd6485ea1d5b4bf9af6307ea210e9cd1634262e981923	08d0fcd50d524bb6991fe350af440c5f2729ef516c8989a81236687cf66bd410	cn512-07-l	Intel(R) Xeon(R) Gold 6248 CPU @ 2.50GHz	50483032	289
ore_ont_7956.owl	ok	match	True	True	5.584	1336.9	production_all	aebf3b95b4ccf23d1c411a1c30e74773f1b6bbfd775c75a97210b7992cdb471d	08d0fcd50d524bb6991fe350af440c5f2729ef516c8989a81236687cf66bd410	cn512-06-l	Intel(R) Xeon(R) Gold 6248 CPU @ 2.50GHz	50483032	290
ore_ont_7993.owl	ok	match	True	True	9.0013	972.72	elc	25a9dfe3607834ad90d624672276aede57eaf02784efa544063dd4489337adab	08d0fcd50d524bb6991fe350af440c5f2729ef516c8989a81236687cf66bd410	cn512-04-r	Intel(R) Xeon(R) Gold 6248 CPU @ 2.50GHz	50483032	291
ore_ont_8006.owl	ok	match	True	True	0.2758	101.27	nominals	e40a3abda27e0256fd3fc4e4a661444b9097852a17e2cf599e9c252eabadabe5	08d0fcd50d524bb6991fe350af440c5f2729ef516c8989a81236687cf66bd410	cn512-24-l	Intel(R) Xeon(R) Gold 6248 CPU @ 2.50GHz	50483032	292
ore_ont_8021.owl	ok	match	True	True	0.0702	10.29	production_all	f1c1aff96369c4199e413436dcd3a0d45b449393826940589aad2446b3122753	08d0fcd50d524bb6991fe350af440c5f2729ef516c8989a81236687cf66bd410	cn512-22-r	Intel(R) Xeon(R) Gold 6248 CPU @ 2.50GHz	50483032	293
ore_ont_8068.owl	ok	match	True	True	4.5281	434.74	elc	5c2ab9b4b26ecff56fd8e5c58caf281e5feb460455d6e03e7231cb2e3f65d601	08d0fcd50d524bb6991fe350af440c5f2729ef516c8989a81236687cf66bd410	cn512-15-r	Intel(R) Xeon(R) Gold 6248 CPU @ 2.50GHz	50483032	294
ore_ont_8135.owl	ok	match	True	True	0.0409	8.12	elc	9251a47de72167549d5ded7d510bf8d803f42b3c0a1ad48a7374556417c186d9	08d0fcd50d524bb6991fe350af440c5f2729ef516c8989a81236687cf66bd410	cn512-10-r	Intel(R) Xeon(R) Gold 6248 CPU @ 2.50GHz	50483032	295
ore_ont_8145.owl	ok	match	True	True	1.4494	233.71	elc	25a9dfe3607834ad90d624672276aede57eaf02784efa544063dd4489337adab	08d0fcd50d524bb6991fe350af440c5f2729ef516c8989a81236687cf66bd410	cn512-24-l	Intel(R) Xeon(R) Gold 6248 CPU @ 2.50GHz	50483032	296
ore_ont_8169.owl	ok	match	True	True	0.0409	7.5	production_all	ea6c013a1f02885a5417d8db9efecd7258fe49a6a6b9b6f24b6332e245a117b4	08d0fcd50d524bb6991fe350af440c5f2729ef516c8989a81236687cf66bd410	cn512-20-r	Intel(R) Xeon(R) Gold 6248 CPU @ 2.50GHz	50483032	297
ore_ont_8175.owl	ok	match	True	True	0.0994	16.47	elc	ae99b783760a88e6b52f52e8fc649a680d05124b89be44322252f8d9a4e9b7b8	08d0fcd50d524bb6991fe350af440c5f2729ef516c8989a81236687cf66bd410	cn512-18-l	Intel(R) Xeon(R) Gold 6248 CPU @ 2.50GHz	50483032	298
ore_ont_8298.owl	ok	match	True	True	0.0704	11.16	elc	e832933cc9322364c76e54ba0f51d9548d6c2077fed14e9a627e5529006be3d7	08d0fcd50d524bb6991fe350af440c5f2729ef516c8989a81236687cf66bd410	cn512-17-l	Intel(R) Xeon(R) Gold 6248 CPU @ 2.50GHz	50483032	299
ore_ont_8322.owl	ok	match	True	True	10.1681	1475.66	nominals	3c47845e47bf260331395c02e3ce3c65fed55eb04a364eceadf9a50b552821e0	08d0fcd50d524bb6991fe350af440c5f2729ef516c8989a81236687cf66bd410	cn512-15-l	Intel(R) Xeon(R) Gold 6248 CPU @ 2.50GHz	50483032	300
ore_ont_8329.owl	ok	match	True	True	0.1295	19.92	elc	c83b420eb9e3ac17fbc453ffe5e2d42074c33e5356f719a005abacab486da9e1	08d0fcd50d524bb6991fe350af440c5f2729ef516c8989a81236687cf66bd410	cn512-08-l	Intel(R) Xeon(R) Gold 6248 CPU @ 2.50GHz	50483032	301
ore_ont_8347.owl	ok	match	True	True	0.2486	35.38	production_all	2e3d43d2ccdef95965bb116db6a147ac1c9436689d91642fdc0a0ae516665943	08d0fcd50d524bb6991fe350af440c5f2729ef516c8989a81236687cf66bd410	cn512-25-l	Intel(R) Xeon(R) Gold 6248 CPU @ 2.50GHz	50483032	302
ore_ont_8369.owl	ok	match	True	True	0.0415	8.12	production_all	25a9dfe3607834ad90d624672276aede57eaf02784efa544063dd4489337adab	08d0fcd50d524bb6991fe350af440c5f2729ef516c8989a81236687cf66bd410	cn512-22-r	Intel(R) Xeon(R) Gold 6248 CPU @ 2.50GHz	50483032	303
ore_ont_8462.owl	ok	match	True	True	0.0709	8.12	production_all	25a9dfe3607834ad90d624672276aede57eaf02784efa544063dd4489337adab	08d0fcd50d524bb6991fe350af440c5f2729ef516c8989a81236687cf66bd410	cn512-17-l	Intel(R) Xeon(R) Gold 6248 CPU @ 2.50GHz	50483032	304
ore_ont_8480.owl	ok	match	True	True	19.6376	4956.21	nominals	ac1340ed5caad4831da799f8842d2893e8d9f310dce3d084390affed2072a4a6	08d0fcd50d524bb6991fe350af440c5f2729ef516c8989a81236687cf66bd410	cn512-06-r	Intel(R) Xeon(R) Gold 6248 CPU @ 2.50GHz	50483032	305
ore_ont_8486.owl	ok	match	True	True	33.9614	1480.25	elc	e8538c62c6e3407ba8b6f280e031e7778ea96154b374ccb60e0e9aeca2c8a742	08d0fcd50d524bb6991fe350af440c5f2729ef516c8989a81236687cf66bd410	cn512-27-l	Intel(R) Xeon(R) Gold 6248 CPU @ 2.50GHz	50483032	306
ore_ont_8492.owl	ok	match	True	True	0.1605	29.92	elc	65cd57dacb88edecf9f413022ff56ff1b53b173333a926445a1c708a5b12a13c	08d0fcd50d524bb6991fe350af440c5f2729ef516c8989a81236687cf66bd410	cn512-25-l	Intel(R) Xeon(R) Gold 6248 CPU @ 2.50GHz	50483032	307
ore_ont_8557.owl	ok	match	True	True	0.789	127.5	elc	25a9dfe3607834ad90d624672276aede57eaf02784efa544063dd4489337adab	08d0fcd50d524bb6991fe350af440c5f2729ef516c8989a81236687cf66bd410	cn512-17-r	Intel(R) Xeon(R) Gold 6248 CPU @ 2.50GHz	50483032	308
ore_ont_8579.owl	ok	match	True	True	0.2141	49.59	elc	25a9dfe3607834ad90d624672276aede57eaf02784efa544063dd4489337adab	08d0fcd50d524bb6991fe350af440c5f2729ef516c8989a81236687cf66bd410	cn512-16-r	Intel(R) Xeon(R) Gold 6248 CPU @ 2.50GHz	50483032	309
ore_ont_8634.owl	ok	match	True	True	1.391	138.93	elc	7e3f4f2b20876c80b4f4c449df65b6cbc2ee89ce460335c802183fd013914ddc	08d0fcd50d524bb6991fe350af440c5f2729ef516c8989a81236687cf66bd410	cn512-24-l	Intel(R) Xeon(R) Gold 6248 CPU @ 2.50GHz	50483032	310
ore_ont_8641.owl	ok	match	True	True	0.1579	24.61	elc	f28ec1c5ea5f0658828881e84767eaceaf4d7075058f90e8ed3c02de5bcf87e3	08d0fcd50d524bb6991fe350af440c5f2729ef516c8989a81236687cf66bd410	cn512-17-r	Intel(R) Xeon(R) Gold 6248 CPU @ 2.50GHz	50483032	311
ore_ont_8667.owl	ok	match	True	True	0.0406	6.88	production_all	7e6ad8de8a1f7ae523024c33c5dda271da9e1d5229bd795b78a7f45b55fdfee5	08d0fcd50d524bb6991fe350af440c5f2729ef516c8989a81236687cf66bd410	cn512-04-r	Intel(R) Xeon(R) Gold 6248 CPU @ 2.50GHz	50483032	312
ore_ont_8730.owl	ok	match	True	True	0.1296	30.9	production_all	49bbd16d161499bca9c39a7c91db140777f3181f91d095be67c258599383b106	08d0fcd50d524bb6991fe350af440c5f2729ef516c8989a81236687cf66bd410	cn512-03-l	Intel(R) Xeon(R) Gold 6248 CPU @ 2.50GHz	50483032	313
ore_ont_8737.owl	ok	match	True	True	97.2089	4912.34	certified_el_production	25a9dfe3607834ad90d624672276aede57eaf02784efa544063dd4489337adab	08d0fcd50d524bb6991fe350af440c5f2729ef516c8989a81236687cf66bd410	cn512-17-r	Intel(R) Xeon(R) Gold 6248 CPU @ 2.50GHz	50483032	314
ore_ont_8744.owl	ok	match	True	True	0.0989	16.42	elc	d713f119f4ce447a586bfb40e881c98b8c953c4a5055106a42abe8529e26e0de	08d0fcd50d524bb6991fe350af440c5f2729ef516c8989a81236687cf66bd410	cn512-14-l	Intel(R) Xeon(R) Gold 6248 CPU @ 2.50GHz	50483032	315
ore_ont_8759.owl	ok	match	True	True	0.1303	28.13	elc	dc8dba3248ce86b519e958417ad4c4002c3773fde402451f98bc052f131f8f31	08d0fcd50d524bb6991fe350af440c5f2729ef516c8989a81236687cf66bd410	cn512-14-l	Intel(R) Xeon(R) Gold 6248 CPU @ 2.50GHz	50483032	316
ore_ont_8792.owl	ok	match	True	True	0.7112	80.55	production_all	cc8ed26f34adca4dd9418c34241a6b1a4a77d65ca564619e47b9ceeb308ef87b	08d0fcd50d524bb6991fe350af440c5f2729ef516c8989a81236687cf66bd410	cn512-07-l	Intel(R) Xeon(R) Gold 6248 CPU @ 2.50GHz	50483032	317
ore_ont_8806.owl	ok	match	True	True	0.0407	7.5	production_all	ba414f74ab3e7b966cd457b609dabae6ba612401e7274ca55d7881bc9d22987c	08d0fcd50d524bb6991fe350af440c5f2729ef516c8989a81236687cf66bd410	cn512-06-l	Intel(R) Xeon(R) Gold 6248 CPU @ 2.50GHz	50483032	318
ore_ont_8864.owl	ok	match	True	True	0.5717	112.86	elc	159a022b4f747d2d997be119b1931f66afb88d8f3178ce39578474349bc072e1	08d0fcd50d524bb6991fe350af440c5f2729ef516c8989a81236687cf66bd410	cn512-23-r	Intel(R) Xeon(R) Gold 6248 CPU @ 2.50GHz	50483032	319
ore_ont_8937.owl	ok	match	True	True	0.0407	7.19	production_all	64fc5b419fe9b852ab9cf2f041610574b2172f0b82fdccaa1be515d0dc303e22	08d0fcd50d524bb6991fe350af440c5f2729ef516c8989a81236687cf66bd410	cn512-20-r	Intel(R) Xeon(R) Gold 6248 CPU @ 2.50GHz	50483032	320
ore_ont_8941.owl	ok	match	True	False	0.041	8.97	nominals	3c48c283d1292f55fe67383942d35be768499f1f96e83f0adf812c000ac3b9dd	08d0fcd50d524bb6991fe350af440c5f2729ef516c8989a81236687cf66bd410	cn512-14-l	Intel(R) Xeon(R) Gold 6248 CPU @ 2.50GHz	50483032	321
ore_ont_8974.owl	ok	match	True	True	0.041	7.5	production_all	1c432924c500260bbb560ba78e947ea3b0024c5972c5c62446d653f8aab82707	08d0fcd50d524bb6991fe350af440c5f2729ef516c8989a81236687cf66bd410	cn512-13-r	Intel(R) Xeon(R) Gold 6248 CPU @ 2.50GHz	50483032	322
ore_ont_8982.owl	ok	match	True	True	7.8694	1684.21	production_all	1c1d0d6b85946a2f8329e9e475abff843d882bca0287daf3cbff8b3714e65d12	08d0fcd50d524bb6991fe350af440c5f2729ef516c8989a81236687cf66bd410	cn512-05-l	Intel(R) Xeon(R) Gold 6248 CPU @ 2.50GHz	50483032	323
ore_ont_8999.owl	ok	match	True	True	8.5426	1368.11	nominals	97d6d9eb3b55d3f801af85340de71c922ff497f5e0b9ee8e21994c3ff6c8fc88	08d0fcd50d524bb6991fe350af440c5f2729ef516c8989a81236687cf66bd410	cn512-04-l	Intel(R) Xeon(R) Gold 6248 CPU @ 2.50GHz	50483032	324
ore_ont_9002.owl	ok	match	True	True	0.0712	10.0	production_all	99d0faced2959471b60d0a67e805997d23dd3321683895b93ca62646f3ba0259	08d0fcd50d524bb6991fe350af440c5f2729ef516c8989a81236687cf66bd410	cn512-20-r	Intel(R) Xeon(R) Gold 6248 CPU @ 2.50GHz	50483032	325
ore_ont_9014.owl	ok	match	True	True	0.2161	34.09	production_all	ce8e2abddc8b99ee5b90fd21def4355dfa9a5fac43a6e72b093db0e5a4ed6c84	08d0fcd50d524bb6991fe350af440c5f2729ef516c8989a81236687cf66bd410	cn512-18-l	Intel(R) Xeon(R) Gold 6248 CPU @ 2.50GHz	50483032	326
ore_ont_9020.owl	ok	match	True	True	0.1292	21.76	production_all	25a9dfe3607834ad90d624672276aede57eaf02784efa544063dd4489337adab	08d0fcd50d524bb6991fe350af440c5f2729ef516c8989a81236687cf66bd410	cn512-11-r	Intel(R) Xeon(R) Gold 6248 CPU @ 2.50GHz	50483032	327
ore_ont_9024.owl	ok	match	True	True	0.4839	159.43	production_all	0205fe9d5bff8d6ac81af28ac8ca71cf10b61b85998e5e70242fdd9be69af349	08d0fcd50d524bb6991fe350af440c5f2729ef516c8989a81236687cf66bd410	cn512-08-l	Intel(R) Xeon(R) Gold 6248 CPU @ 2.50GHz	50483032	328
ore_ont_9031.owl	ok	match	True	True	0.0409	6.88	production_all	0e5701300cb5b8f0a6c312b537991848cadb3b0f94a7bf40999cee4fa10694a5	08d0fcd50d524bb6991fe350af440c5f2729ef516c8989a81236687cf66bd410	cn512-05-r	Intel(R) Xeon(R) Gold 6248 CPU @ 2.50GHz	50483032	329
ore_ont_9096.owl	ok	match	True	True	0.1297	51.89	nominals	f3b5d8340ae8952054a204146b16e5e82818390360e61cd62831da4c24b7867f	08d0fcd50d524bb6991fe350af440c5f2729ef516c8989a81236687cf66bd410	cn512-21-l	Intel(R) Xeon(R) Gold 6248 CPU @ 2.50GHz	50483032	330
ore_ont_9400.owl	ok	match	True	True	7.6857	693.12	elc	ed813c6bb729688629abd57498c392f2b9c59e451076692d26d323cf17b5b4f8	08d0fcd50d524bb6991fe350af440c5f2729ef516c8989a81236687cf66bd410	cn512-15-l	Intel(R) Xeon(R) Gold 6248 CPU @ 2.50GHz	50483032	331
ore_ont_9435.owl	ok	match	True	True	0.0703	14.56	elc	bab32340487d9aa994aee6bdaf676387d6926cc59863cba1314a0a6e18015ea7	08d0fcd50d524bb6991fe350af440c5f2729ef516c8989a81236687cf66bd410	cn512-14-r	Intel(R) Xeon(R) Gold 6248 CPU @ 2.50GHz	50483032	332
ore_ont_9498.owl	ok	match	True	True	9.5327	667.56	elc	c914feef45d9a4d58fa282a84a58b29a7872e69a5cf0a0dfb7ecc6fbbd2ad83a	08d0fcd50d524bb6991fe350af440c5f2729ef516c8989a81236687cf66bd410	cn512-14-l	Intel(R) Xeon(R) Gold 6248 CPU @ 2.50GHz	50483032	333
ore_ont_9499.owl	ok	match	True	True	8.3262	732.81	elc	fabf3860014083f4e7c6d1d0775efe1dda40bb124bf6b4619c1876a9f9ce17d7	08d0fcd50d524bb6991fe350af440c5f2729ef516c8989a81236687cf66bd410	cn512-13-r	Intel(R) Xeon(R) Gold 6248 CPU @ 2.50GHz	50483032	334
ore_ont_9509.owl	ok	match	True	True	0.0414	6.88	production_all	6dfd8cd44c067cdcb5a447f5a0784d0ac3b59f0323ba1fc7d4e3cb65ca402c53	08d0fcd50d524bb6991fe350af440c5f2729ef516c8989a81236687cf66bd410	cn512-05-r	Intel(R) Xeon(R) Gold 6248 CPU @ 2.50GHz	50483032	335
ore_ont_9513.owl	ok	match	True	True	0.3928	68.45	elc	b1066b92f86cd2250dcc3e4f9d6e0d6a47ba59ae0608d54dcef83b1e86cfcc63	08d0fcd50d524bb6991fe350af440c5f2729ef516c8989a81236687cf66bd410	cn512-24-r	Intel(R) Xeon(R) Gold 6248 CPU @ 2.50GHz	50483032	336
ore_ont_9540.owl	ok	match	True	True	0.8294	121.83	certified_card_nominals	973e3ccc38715145084b7fb36d95be8b4824aaa80931af741fbff473c7aa7e61	08d0fcd50d524bb6991fe350af440c5f2729ef516c8989a81236687cf66bd410	cn512-24-r	Intel(R) Xeon(R) Gold 6248 CPU @ 2.50GHz	50483032	337
ore_ont_9557.owl	ok	match	True	True	0.1003	40.54	nominals	09b5dccb229d2940f720397ba57fae3d2e043099ed5fd4d41189946d9d8fe955	08d0fcd50d524bb6991fe350af440c5f2729ef516c8989a81236687cf66bd410	cn512-15-r	Intel(R) Xeon(R) Gold 6248 CPU @ 2.50GHz	50483032	338
ore_ont_9567.owl	ok	match	True	True	2.8063	337.6	elc	0b8fb805974ec14b4df641131aa1c4af1eaed8babda4ab870378a05ef7aa26a0	08d0fcd50d524bb6991fe350af440c5f2729ef516c8989a81236687cf66bd410	cn512-14-r	Intel(R) Xeon(R) Gold 6248 CPU @ 2.50GHz	50483032	339
ore_ont_9590.owl	ok	match	True	True	0.2807	40.64	production_all	df32deb27449bcec194c3446ed312e9c77f71f413ebfe65ce6192a5563336ff6	08d0fcd50d524bb6991fe350af440c5f2729ef516c8989a81236687cf66bd410	cn512-11-r	Intel(R) Xeon(R) Gold 6248 CPU @ 2.50GHz	50483032	340
ore_ont_9598.owl	ok	match	True	True	0.041	10.23	elc	007a7c6b5298f817cc16cad9262411ac152ca7efbc034b87fcf0a608dcf3739c	08d0fcd50d524bb6991fe350af440c5f2729ef516c8989a81236687cf66bd410	cn512-15-r	Intel(R) Xeon(R) Gold 6248 CPU @ 2.50GHz	50483032	341
ore_ont_9612.owl	ok	match	True	True	0.2766	59.21	elc	f36c7be0b65832b4a9cfe365697a413c326eae0f77db2a4eb2b060ca95f29725	08d0fcd50d524bb6991fe350af440c5f2729ef516c8989a81236687cf66bd410	cn512-06-r	Intel(R) Xeon(R) Gold 6248 CPU @ 2.50GHz	50483032	342
ore_ont_9635.owl	ok	match	True	True	0.1568	33.66	certified_nominals	05ec2b7af10ca0553fabdf219377baf556044a8a0e3b71215555cfc44d511b13	08d0fcd50d524bb6991fe350af440c5f2729ef516c8989a81236687cf66bd410	cn512-24-r	Intel(R) Xeon(R) Gold 6248 CPU @ 2.50GHz	50483032	343
ore_ont_9646.owl	ok	match	True	True	0.0707	13.97	elc	32872f949ba62fe301386711bc639b7c57ba02cb5e33704bed90d8c022867ba0	08d0fcd50d524bb6991fe350af440c5f2729ef516c8989a81236687cf66bd410	cn512-21-l	Intel(R) Xeon(R) Gold 6248 CPU @ 2.50GHz	50483032	344
ore_ont_9654.owl	ok	match	True	True	13.9479	2116.73	production_all	8b2ef7faa2cdbe8e9e36287b8922fbabeb4c1b9c92bff7f51ab2a33e920eb799	08d0fcd50d524bb6991fe350af440c5f2729ef516c8989a81236687cf66bd410	cn512-15-r	Intel(R) Xeon(R) Gold 6248 CPU @ 2.50GHz	50483032	345
ore_ont_9663.owl	ok	match	True	True	22.7806	4778.94	production_all	02f5fd4d3395072d1c692c7fa0de012e7a86d3feca88c8984310f302e86a86f3	08d0fcd50d524bb6991fe350af440c5f2729ef516c8989a81236687cf66bd410	cn512-09-r	Intel(R) Xeon(R) Gold 6248 CPU @ 2.50GHz	50483032	346
ore_ont_9668.owl	ok	match	True	True	1.2405	676.92	nominals	6dd2a1f6eaa9f001ed5c7db958ff1edd374302f7b4e6b64679a6b0deb7635ff6	08d0fcd50d524bb6991fe350af440c5f2729ef516c8989a81236687cf66bd410	cn512-07-l	Intel(R) Xeon(R) Gold 6248 CPU @ 2.50GHz	50483032	347
ore_ont_9674.owl	ok	match	True	True	42.2086	1640.32	elc	c1178310a91e0aff7b3209af626b01157a45f221df1fe058845f7585ee7b650f	08d0fcd50d524bb6991fe350af440c5f2729ef516c8989a81236687cf66bd410	cn512-24-r	Intel(R) Xeon(R) Gold 6248 CPU @ 2.50GHz	50483032	348
ore_ont_9695.owl	ok	match	True	True	0.0402	9.06	production_all	7af604002c66e3631410e327b01a0e80f08f9e3eef9bf28079638e0957334616	08d0fcd50d524bb6991fe350af440c5f2729ef516c8989a81236687cf66bd410	cn512-18-l	Intel(R) Xeon(R) Gold 6248 CPU @ 2.50GHz	50483032	349
ore_ont_9724.owl	ok	match	True	True	38.9742	8214.88	ht_bridge	95d679d0ee51b14583ca4dffe419b1c7e128398d207a2bdb25ab9eaa06c03b05	08d0fcd50d524bb6991fe350af440c5f2729ef516c8989a81236687cf66bd410	cn512-14-r	Intel(R) Xeon(R) Gold 6248 CPU @ 2.50GHz	50483032	350
ore_ont_9761.owl	ok	match	True	True	0.22	35.94	elc	22f28c620b9541258ef5651487ced86b41df9bf0c60da852ae9f7427900570a0	08d0fcd50d524bb6991fe350af440c5f2729ef516c8989a81236687cf66bd410	cn512-13-r	Intel(R) Xeon(R) Gold 6248 CPU @ 2.50GHz	50483032	351
ore_ont_9768.owl	ok	match	True	True	7.6543	833.23	elc	25a9dfe3607834ad90d624672276aede57eaf02784efa544063dd4489337adab	08d0fcd50d524bb6991fe350af440c5f2729ef516c8989a81236687cf66bd410	cn512-09-l	Intel(R) Xeon(R) Gold 6248 CPU @ 2.50GHz	50483032	352
ore_ont_9772.owl	ok	match	True	True	0.0991	20.18	elc	6b1945e00a8cb4bdfc5e2e33e163d8de34c7ab1d0dc1d2517212df3700e3805b	08d0fcd50d524bb6991fe350af440c5f2729ef516c8989a81236687cf66bd410	cn512-07-l	Intel(R) Xeon(R) Gold 6248 CPU @ 2.50GHz	50483032	353
ore_ont_9790.owl	ok	match	True	True	0.129	27.6	elc	3db60447b84c1d14d898433b9a590740d2ae89cc4a09c7cf0000b62fbd9761c9	08d0fcd50d524bb6991fe350af440c5f2729ef516c8989a81236687cf66bd410	cn512-21-l	Intel(R) Xeon(R) Gold 6248 CPU @ 2.50GHz	50483032	354
ore_ont_9792.owl	ok	match	True	True	0.3922	41.69	production_all	dbe74c4da873c1e82fbd5ece88e723708b12df7d0ad4b65f1697fa978df35436	08d0fcd50d524bb6991fe350af440c5f2729ef516c8989a81236687cf66bd410	cn512-13-r	Intel(R) Xeon(R) Gold 6248 CPU @ 2.50GHz	50483032	355
ore_ont_9794.owl	ok	match	True	True	6.2073	954.16	elc	25a9dfe3607834ad90d624672276aede57eaf02784efa544063dd4489337adab	08d0fcd50d524bb6991fe350af440c5f2729ef516c8989a81236687cf66bd410	cn512-10-r	Intel(R) Xeon(R) Gold 6248 CPU @ 2.50GHz	50483032	356
ore_ont_9854.owl	ok	match	True	True	0.0402	7.19	production_all	ee884ca781aa9b3125755319fa04fe136fa8b6f3fb9d4b223e1c1b2e217303de	08d0fcd50d524bb6991fe350af440c5f2729ef516c8989a81236687cf66bd410	cn512-07-l	Intel(R) Xeon(R) Gold 6248 CPU @ 2.50GHz	50483032	357
ore_ont_9857.owl	ok	match	True	True	0.0706	15.0	production_all	bcfb6d2459d0b343cdf9cdbcddfc92088fbc1bfabadf5f65c4a6dddca42a41bd	08d0fcd50d524bb6991fe350af440c5f2729ef516c8989a81236687cf66bd410	cn512-05-r	Intel(R) Xeon(R) Gold 6248 CPU @ 2.50GHz	50483032	358
ore_ont_9881.owl	ok	match	True	True	7.2534	1925.59	nominals	02d9215f1ccaeb8d1e8b4b1e423f86b9d4823b9e676fff8c3eb898814e1d4ac1	08d0fcd50d524bb6991fe350af440c5f2729ef516c8989a81236687cf66bd410	cn512-17-l	Intel(R) Xeon(R) Gold 6248 CPU @ 2.50GHz	50483032	359
ore_ont_9894.owl	ok	match	True	True	2.1152	529.89	production_all	db1af93afa5192ad635ea4163a536087e106a263a674d3d09252ed9490418892	08d0fcd50d524bb6991fe350af440c5f2729ef516c8989a81236687cf66bd410	cn512-27-r	Intel(R) Xeon(R) Gold 6248 CPU @ 2.50GHz	50483032	360
ore_ont_9904.owl	ok	match	True	True	0.0407	7.68	nominals	adc2de296c6ec11b58563a175cea58529c2ad32fa0935808086fc3ef4a761903	08d0fcd50d524bb6991fe350af440c5f2729ef516c8989a81236687cf66bd410	cn512-24-l	Intel(R) Xeon(R) Gold 6248 CPU @ 2.50GHz	50483032	361
ore_ont_9944.owl	ok	match	True	True	8.0543	8075.27	production_all	ea9d6bdd0418ec22cde4ad8b0e6530e9d396250d8ba2222427e290bfb6cf3b50	08d0fcd50d524bb6991fe350af440c5f2729ef516c8989a81236687cf66bd410	cn512-13-r	Intel(R) Xeon(R) Gold 6248 CPU @ 2.50GHz	50483032	362
ore_ont_9958.owl	ok	match	True	True	6.6375	1251.05	production_all	6ac501d44cf044992209e9135655b7315326abaa29e2c1883c98e5f95a5c4bf2	08d0fcd50d524bb6991fe350af440c5f2729ef516c8989a81236687cf66bd410	cn512-05-r	Intel(R) Xeon(R) Gold 6248 CPU @ 2.50GHz	50483032	363
ore_ont_10016.owl	ok	match	True	True	10.2387	1920.59	production_all	ffc30b418ed2dea607f009293e1b0790243765404ed2061c4342c30a716ea818	08d0fcd50d524bb6991fe350af440c5f2729ef516c8989a81236687cf66bd410	cn512-20-r	Intel(R) Xeon(R) Gold 6248 CPU @ 2.50GHz	50483032	364
ore_ont_10032.owl	ok	match	True	True	5.4517	1191.56	production_all	df5204236b942809dc9fff216bc1a3ccf523cc361d1cb9ca2a12b36456249647	08d0fcd50d524bb6991fe350af440c5f2729ef516c8989a81236687cf66bd410	cn512-06-r	Intel(R) Xeon(R) Gold 6248 CPU @ 2.50GHz	50483032	365
ore_ont_10056.owl	ok	match	True	True	0.041	7.5	production_all	f7263b2424943a6318ad423eee5cfaaeca18173aea87826910f2cb3fb4c4b1b2	08d0fcd50d524bb6991fe350af440c5f2729ef516c8989a81236687cf66bd410	cn512-05-l	Intel(R) Xeon(R) Gold 6248 CPU @ 2.50GHz	50483032	366
ore_ont_10073.owl	ok	match	True	True	12.2669	1124.79	elc	1b068c5c15f054d5fc7dfa7c91fb77a80e6f68257c0fc156f590edef3ad57fcc	08d0fcd50d524bb6991fe350af440c5f2729ef516c8989a81236687cf66bd410	cn512-25-l	Intel(R) Xeon(R) Gold 6248 CPU @ 2.50GHz	50483032	367
ore_ont_10123.owl	ok	match	True	True	0.2532	48.55	production_all	6c1e4b555838fde9f917bb140c40e003f75025a08623e3e15f59f34c17f857df	08d0fcd50d524bb6991fe350af440c5f2729ef516c8989a81236687cf66bd410	cn512-15-r	Intel(R) Xeon(R) Gold 6248 CPU @ 2.50GHz	50483032	368
ore_ont_10127.owl	ok	match	True	True	2.0601	463.98	production_all	283d2c8230fa2895f44aba726960f75168e6d58971847b981a04a9e0bd18bba9	08d0fcd50d524bb6991fe350af440c5f2729ef516c8989a81236687cf66bd410	cn512-07-l	Intel(R) Xeon(R) Gold 6248 CPU @ 2.50GHz	50483032	369
ore_ont_10134.owl	ok	match	True	True	0.0417	9.38	elc	bc13a85d7f537f9cbcc5b18b5b8aeaed250a0fc46e00fddc1c050b856943af7a	08d0fcd50d524bb6991fe350af440c5f2729ef516c8989a81236687cf66bd410	cn512-05-l	Intel(R) Xeon(R) Gold 6248 CPU @ 2.50GHz	50483032	370
ore_ont_10146.owl	ok	match	True	True	0.1565	29.98	production_all	683d410181c3d77df65f94caa014438ac468a3561b4882c004553c184a3828bb	08d0fcd50d524bb6991fe350af440c5f2729ef516c8989a81236687cf66bd410	cn512-24-l	Intel(R) Xeon(R) Gold 6248 CPU @ 2.50GHz	50483032	371
ore_ont_10160.owl	ok	match	True	True	0.0403	10.31	elc	6c33730d4bc6e1f6aa064f2e182593f9b6519c412c818788fe0699cb90c27b55	08d0fcd50d524bb6991fe350af440c5f2729ef516c8989a81236687cf66bd410	cn512-21-l	Intel(R) Xeon(R) Gold 6248 CPU @ 2.50GHz	50483032	372
ore_ont_10175.owl	ok	match	True	True	2.98	230.66	elc	f2e2f4eb571840cb8dafeed07f560af4b9be804c588296846bfc41133239eb2a	08d0fcd50d524bb6991fe350af440c5f2729ef516c8989a81236687cf66bd410	cn512-17-l	Intel(R) Xeon(R) Gold 6248 CPU @ 2.50GHz	50483032	373
ore_ont_10212.owl	ok	match	True	True	0.1008	25.45	production_all	216f018137fd6a812635f1e59284986b66efd3f70e76508f72065d2375e81484	08d0fcd50d524bb6991fe350af440c5f2729ef516c8989a81236687cf66bd410	cn512-15-l	Intel(R) Xeon(R) Gold 6248 CPU @ 2.50GHz	50483032	374
ore_ont_10242.owl	ok	match	True	True	2.0589	1397.37	nominals	5e240020e54a32d546f0aab6ca84621979706a46542490537626cfc5a1b72787	08d0fcd50d524bb6991fe350af440c5f2729ef516c8989a81236687cf66bd410	cn512-09-l	Intel(R) Xeon(R) Gold 6248 CPU @ 2.50GHz	50483032	375
ore_ont_10248.owl	ok	match	True	True	3.3398	267.03	elc	6c0877b5e054be5e2cef3b76c276a9c5007025f8483e4230c7156c7a45774003	08d0fcd50d524bb6991fe350af440c5f2729ef516c8989a81236687cf66bd410	cn512-07-r	Intel(R) Xeon(R) Gold 6248 CPU @ 2.50GHz	50483032	376
ore_ont_10280.owl	ok	match	True	True	0.1851	20.79	elc	800442fb37369b500ebabfa01bfee81e440a7c142ba49f49d1d47e6d1242d926	08d0fcd50d524bb6991fe350af440c5f2729ef516c8989a81236687cf66bd410	cn512-05-r	Intel(R) Xeon(R) Gold 6248 CPU @ 2.50GHz	50483032	377
ore_ont_10283.owl	ok	match	True	True	0.0413	7.81	elc	253ab9c47deb593a7b0fa2c333acee0b1d4131ff3ce88668588e415dd100bd98	08d0fcd50d524bb6991fe350af440c5f2729ef516c8989a81236687cf66bd410	cn512-04-r	Intel(R) Xeon(R) Gold 6248 CPU @ 2.50GHz	50483032	378
ore_ont_10309.owl	ok	match	True	True	0.0405	7.19	production_all	1c432924c500260bbb560ba78e947ea3b0024c5972c5c62446d653f8aab82707	08d0fcd50d524bb6991fe350af440c5f2729ef516c8989a81236687cf66bd410	cn512-18-l	Intel(R) Xeon(R) Gold 6248 CPU @ 2.50GHz	50483032	379
ore_ont_10314.owl	ok	match	True	True	0.0705	11.04	production_all	94d5c5d620349befe39d4041174b395ecf56b4f42891f7591db65771e98d546c	08d0fcd50d524bb6991fe350af440c5f2729ef516c8989a81236687cf66bd410	cn512-07-l	Intel(R) Xeon(R) Gold 6248 CPU @ 2.50GHz	50483032	380
ore_ont_10321.owl	ok	match	True	True	0.0409	7.5	nominal_ni_abox	25a9dfe3607834ad90d624672276aede57eaf02784efa544063dd4489337adab	08d0fcd50d524bb6991fe350af440c5f2729ef516c8989a81236687cf66bd410	cn512-05-r	Intel(R) Xeon(R) Gold 6248 CPU @ 2.50GHz	50483032	381
ore_ont_10362.owl	ok	match	True	True	0.099	16.56	certified_nominals	bdaac64809d4dd860324e7acbccf4b9ea1efd832fe30164f4085e4f0ef73d093	08d0fcd50d524bb6991fe350af440c5f2729ef516c8989a81236687cf66bd410	cn512-04-r	Intel(R) Xeon(R) Gold 6248 CPU @ 2.50GHz	50483032	382
ore_ont_10389.owl	ok	match	True	True	0.2212	28.5	production_all	66cf798e2a6d852b552a503df73f79fe7386094dc37bb43419cf48547670e743	08d0fcd50d524bb6991fe350af440c5f2729ef516c8989a81236687cf66bd410	cn512-04-l	Intel(R) Xeon(R) Gold 6248 CPU @ 2.50GHz	50483032	383
ore_ont_10413.owl	ok	match	True	True	0.0415	7.5	production_all	25a9dfe3607834ad90d624672276aede57eaf02784efa544063dd4489337adab	08d0fcd50d524bb6991fe350af440c5f2729ef516c8989a81236687cf66bd410	cn512-27-r	Intel(R) Xeon(R) Gold 6248 CPU @ 2.50GHz	50483032	384
ore_ont_10445.owl	ok	match	True	True	3.4689	575.91	elc	25a9dfe3607834ad90d624672276aede57eaf02784efa544063dd4489337adab	08d0fcd50d524bb6991fe350af440c5f2729ef516c8989a81236687cf66bd410	cn512-22-r	Intel(R) Xeon(R) Gold 6248 CPU @ 2.50GHz	50483032	385
ore_ont_10516.owl	ok	match	True	True	0.041	8.44	production_all	6465a6f722e6155f37f042174b14783c944b0e9cbeb5fd290f7d4fef100eb9e7	08d0fcd50d524bb6991fe350af440c5f2729ef516c8989a81236687cf66bd410	cn512-15-r	Intel(R) Xeon(R) Gold 6248 CPU @ 2.50GHz	50483032	386
ore_ont_10536.owl	ok	match	True	True	0.0411	8.19	production_all	8bc83a8d066e749a174d488d953064092d8c11300c09aa86119c0a2c4b3bceb8	08d0fcd50d524bb6991fe350af440c5f2729ef516c8989a81236687cf66bd410	cn512-13-r	Intel(R) Xeon(R) Gold 6248 CPU @ 2.50GHz	50483032	387
ore_ont_10594.owl	ok	match	True	True	0.965	521.42	nominals	a92d8283ca794f043d4e8674c1f149fff5ded6960d02750dd54c37511fec308a	08d0fcd50d524bb6991fe350af440c5f2729ef516c8989a81236687cf66bd410	cn512-24-l	Intel(R) Xeon(R) Gold 6248 CPU @ 2.50GHz	50483032	388
ore_ont_10621.owl	ok	match	True	True	86.8013	1256.11	certified_nominals	cb490ae3d086535d4ef467ed5277e5f497e221d84a79a70fb0dc87afb8a45ccf	08d0fcd50d524bb6991fe350af440c5f2729ef516c8989a81236687cf66bd410	cn512-21-l	Intel(R) Xeon(R) Gold 6248 CPU @ 2.50GHz	50483032	389
ore_ont_10689.owl	ok	match	True	True	37.9403	1644.03	elc	be6be6663ffd9721606bf3cb61308789c55c28ffbe8d4ba2d85d0ee60b7fcc0f	08d0fcd50d524bb6991fe350af440c5f2729ef516c8989a81236687cf66bd410	cn512-15-r	Intel(R) Xeon(R) Gold 6248 CPU @ 2.50GHz	50483032	390
ore_ont_10697.owl	ok	match	True	True	3.6332	703.0	production_all	7ef5274bff5da1265da9caf1bf27fbebeeb483aef1ef0c5042648b1408918a22	08d0fcd50d524bb6991fe350af440c5f2729ef516c8989a81236687cf66bd410	cn512-15-l	Intel(R) Xeon(R) Gold 6248 CPU @ 2.50GHz	50483032	391
ore_ont_10702.owl	ok	match	True	True	1.109	22.65	nominal_ni_tbox	eee761d0c89347a42ce9a221e7d98295f4a9d7527c755cb3eafa9978cc06d55b	08d0fcd50d524bb6991fe350af440c5f2729ef516c8989a81236687cf66bd410	cn512-09-l	Intel(R) Xeon(R) Gold 6248 CPU @ 2.50GHz	50483032	392
ore_ont_10742.owl	ok	match	True	True	0.0697	13.66	elc	4939673f071bec5faf58247da86935819a596518944a49e03241c0b6571eaedc	08d0fcd50d524bb6991fe350af440c5f2729ef516c8989a81236687cf66bd410	cn512-06-l	Intel(R) Xeon(R) Gold 6248 CPU @ 2.50GHz	50483032	393
ore_ont_10749.owl	ok	match	True	True	0.5475	264.49	nominals	87e9f917a51555b2f5c32dc06ca16d2e78ce9a4786b4c566eda495fe308d7ea0	08d0fcd50d524bb6991fe350af440c5f2729ef516c8989a81236687cf66bd410	cn512-27-r	Intel(R) Xeon(R) Gold 6248 CPU @ 2.50GHz	50483032	394
ore_ont_10750.owl	ok	match	True	True	36.7314	2935.74	elc	25a9dfe3607834ad90d624672276aede57eaf02784efa544063dd4489337adab	08d0fcd50d524bb6991fe350af440c5f2729ef516c8989a81236687cf66bd410	cn512-22-r	Intel(R) Xeon(R) Gold 6248 CPU @ 2.50GHz	50483032	395
ore_ont_10769.owl	ok	match	True	True	0.0412	7.72	production_all	25a9dfe3607834ad90d624672276aede57eaf02784efa544063dd4489337adab	08d0fcd50d524bb6991fe350af440c5f2729ef516c8989a81236687cf66bd410	cn512-20-r	Intel(R) Xeon(R) Gold 6248 CPU @ 2.50GHz	50483032	396
ore_ont_10778.owl	ok	match	True	True	1.5916	162.12	elc	85cc3f3c22308567df50cc27a367ae51ff51c8011dd6e0db264ab734284598d2	08d0fcd50d524bb6991fe350af440c5f2729ef516c8989a81236687cf66bd410	cn512-16-r	Intel(R) Xeon(R) Gold 6248 CPU @ 2.50GHz	50483032	397
ore_ont_10781.owl	ok	match	True	True	0.6094	559.23	nominals	00758ec29ea6954778af43d3f08c6d6f055402a39656b8b827a5466c1e4b0849	08d0fcd50d524bb6991fe350af440c5f2729ef516c8989a81236687cf66bd410	cn512-06-r	Intel(R) Xeon(R) Gold 6248 CPU @ 2.50GHz	50483032	398
ore_ont_10806.owl	ok	match	True	True	0.2505	37.11	production_all	74b1a536119970eb697b1f362b77f0af0c2b62ec59fbffd18d1de0027090e69b	08d0fcd50d524bb6991fe350af440c5f2729ef516c8989a81236687cf66bd410	cn512-05-r	Intel(R) Xeon(R) Gold 6248 CPU @ 2.50GHz	50483032	399
ore_ont_10833.owl	ok	match	True	True	0.0415	8.12	production_all	25a9dfe3607834ad90d624672276aede57eaf02784efa544063dd4489337adab	08d0fcd50d524bb6991fe350af440c5f2729ef516c8989a81236687cf66bd410	cn512-05-l	Intel(R) Xeon(R) Gold 6248 CPU @ 2.50GHz	50483032	400
ore_ont_10860.owl	ok	nogold	False	False	0.041	10.0	ht_rules	3c48c283d1292f55fe67383942d35be768499f1f96e83f0adf812c000ac3b9dd	08d0fcd50d524bb6991fe350af440c5f2729ef516c8989a81236687cf66bd410	cn512-25-l	Intel(R) Xeon(R) Gold 6248 CPU @ 2.50GHz	50483032	401
ore_ont_10890.owl	ok	match	True	True	0.1881	25.22	elc	d6d944bda034a28f5f56e0b9e9e1a95a6dab7e1436f535eb79be30bed06b3ffd	08d0fcd50d524bb6991fe350af440c5f2729ef516c8989a81236687cf66bd410	cn512-20-r	Intel(R) Xeon(R) Gold 6248 CPU @ 2.50GHz	50483032	402
ore_ont_10908.owl	ok	match	True	True	10.1507	836.92	production_all	161a98a585fc8e21f60afe6610dba4ca012aaee9bfad97346de51a1b434cf786	08d0fcd50d524bb6991fe350af440c5f2729ef516c8989a81236687cf66bd410	cn512-17-l	Intel(R) Xeon(R) Gold 6248 CPU @ 2.50GHz	50483032	403
ore_ont_10951.owl	ok	match	True	True	0.2223	47.3	production_all	1b89738d6fbade1eaa90287b7543cd5ab1eca4a44ad3466bf0ef7b921ac81aaf	08d0fcd50d524bb6991fe350af440c5f2729ef516c8989a81236687cf66bd410	cn512-14-l	Intel(R) Xeon(R) Gold 6248 CPU @ 2.50GHz	50483032	404
ore_ont_10968.owl	ok	match	True	True	0.0705	15.54	elc	88cbac66a54cfeaf04967f7ec263a98959a6287df46eed2d3ade7b7b021e9a09	08d0fcd50d524bb6991fe350af440c5f2729ef516c8989a81236687cf66bd410	cn512-13-r	Intel(R) Xeon(R) Gold 6248 CPU @ 2.50GHz	50483032	405
ore_ont_11009.owl	ok	match	True	True	0.0706	14.38	production_all	9b6af4d9456a057732eed6f4edd4c6d03409183b742304705ae9c5d22f2e83d2	08d0fcd50d524bb6991fe350af440c5f2729ef516c8989a81236687cf66bd410	cn512-10-r	Intel(R) Xeon(R) Gold 6248 CPU @ 2.50GHz	50483032	406
ore_ont_11010.owl	ok	match	True	True	0.0411	7.5	production_all	2b911469722f5b04c8805dc441873cfae6fcb261e12933bdffe402e2897a2ee6	08d0fcd50d524bb6991fe350af440c5f2729ef516c8989a81236687cf66bd410	cn512-09-r	Intel(R) Xeon(R) Gold 6248 CPU @ 2.50GHz	50483032	407
ore_ont_11014.owl	ok	match	True	True	0.0411	8.44	elc	72cd88051c821cd06ad5106a19f4145824f4bdff70821eff1bcc1cfe017f1b6b	08d0fcd50d524bb6991fe350af440c5f2729ef516c8989a81236687cf66bd410	cn512-24-l	Intel(R) Xeon(R) Gold 6248 CPU @ 2.50GHz	50483032	408
ore_ont_11016.owl	ok	match	True	True	0.426	187.98	nominal_ni_abox	17ac165e5d7677646ccf0943b78bf7322b4c3d316a3bc85d662709c85dc88b0c	08d0fcd50d524bb6991fe350af440c5f2729ef516c8989a81236687cf66bd410	cn512-20-r	Intel(R) Xeon(R) Gold 6248 CPU @ 2.50GHz	50483032	409
ore_ont_11081.owl	ok	match	True	True	0.7695	70.39	elc	b32f2ff1bff70ea99cef3fb709025b066120345e74768c3a2a046c0dbc2a99d9	08d0fcd50d524bb6991fe350af440c5f2729ef516c8989a81236687cf66bd410	cn512-15-l	Intel(R) Xeon(R) Gold 6248 CPU @ 2.50GHz	50483032	410
ore_ont_11140.owl	ok	match	True	True	0.1008	18.97	elc	25a9dfe3607834ad90d624672276aede57eaf02784efa544063dd4489337adab	08d0fcd50d524bb6991fe350af440c5f2729ef516c8989a81236687cf66bd410	cn512-14-l	Intel(R) Xeon(R) Gold 6248 CPU @ 2.50GHz	50483032	411
ore_ont_11207.owl	ok	match	True	True	2.0283	489.77	production_all	1d053e818a80eb36d0a8795c930a6ab97ce4697c6f859dcef0b35f6588e24d9c	08d0fcd50d524bb6991fe350af440c5f2729ef516c8989a81236687cf66bd410	cn512-11-r	Intel(R) Xeon(R) Gold 6248 CPU @ 2.50GHz	50483032	412
ore_ont_11291.owl	ok	match	True	True	0.0707	14.69	production_all	42e2ecfb6f2d4cdcd3acde0696c9fdbe2bc0c3b357bb316ea83a11490169ad54	08d0fcd50d524bb6991fe350af440c5f2729ef516c8989a81236687cf66bd410	cn512-08-r	Intel(R) Xeon(R) Gold 6248 CPU @ 2.50GHz	50483032	413
ore_ont_11293.owl	ok	match	True	True	3.23	258.75	elc	f0c432fee3845eb4ee0944c812ab0cadbbb8b96ea3184fcfff116504553d20e6	08d0fcd50d524bb6991fe350af440c5f2729ef516c8989a81236687cf66bd410	cn512-13-r	Intel(R) Xeon(R) Gold 6248 CPU @ 2.50GHz	50483032	414
ore_ont_11311.owl	ok	match	True	True	8.6551	5238.39	cb_plain16	7549d4160fa3a2f2527fa6fbddb1b4eae3f12e3101894696fb88756a02004828	08d0fcd50d524bb6991fe350af440c5f2729ef516c8989a81236687cf66bd410	cn512-04-l	Intel(R) Xeon(R) Gold 6248 CPU @ 2.50GHz	50483032	415
ore_ont_11315.owl	ok	match	True	True	11.0199	887.09	elc	a8cd5455a6c36d2c1c8f76547f9d07a3953b5ce92d260198abbaa6598505fe10	08d0fcd50d524bb6991fe350af440c5f2729ef516c8989a81236687cf66bd410	cn512-15-l	Intel(R) Xeon(R) Gold 6248 CPU @ 2.50GHz	50483032	416
ore_ont_11316.owl	ok	match	True	True	0.0994	14.5	production_all	39c9f8f0a63cf1cc1aabdad76e0f88e5423a3fdce72e3172951f9c3ff8ea6093	08d0fcd50d524bb6991fe350af440c5f2729ef516c8989a81236687cf66bd410	cn512-11-r	Intel(R) Xeon(R) Gold 6248 CPU @ 2.50GHz	50483032	417
ore_ont_11389.owl	ok	match	True	True	2.5755	373.45	elc	25a9dfe3607834ad90d624672276aede57eaf02784efa544063dd4489337adab	08d0fcd50d524bb6991fe350af440c5f2729ef516c8989a81236687cf66bd410	cn512-08-r	Intel(R) Xeon(R) Gold 6248 CPU @ 2.50GHz	50483032	418
ore_ont_11395.owl	ok	match	True	True	24.6334	1961.58	elc	5f730ffc22a0828f94eb0bcfe5c366774eb965dcb577c9b64e14c9552f2e86e9	08d0fcd50d524bb6991fe350af440c5f2729ef516c8989a81236687cf66bd410	cn512-08-l	Intel(R) Xeon(R) Gold 6248 CPU @ 2.50GHz	50483032	419
ore_ont_11452.owl	ok	match	True	True	0.2488	30.68	production_all	ff2d968f560c0ba3266c303fcfd4ac514bb3e8b03738a5238dfefc6a44a8020e	08d0fcd50d524bb6991fe350af440c5f2729ef516c8989a81236687cf66bd410	cn512-23-r	Intel(R) Xeon(R) Gold 6248 CPU @ 2.50GHz	50483032	420
ore_ont_11460.owl	ok	match	True	True	13.4955	3253.52	production_all	3bba2ff9cd16d7b398364bee1e4f766c02626881163422a6876593d2a705a101	08d0fcd50d524bb6991fe350af440c5f2729ef516c8989a81236687cf66bd410	cn512-16-l	Intel(R) Xeon(R) Gold 6248 CPU @ 2.50GHz	50483032	421
ore_ont_11497.owl	ok	match	True	True	0.041	9.06	production_all	8640d78d492ca0006243d52fcb33dc628524656293e4b88db7829ad4389f4338	08d0fcd50d524bb6991fe350af440c5f2729ef516c8989a81236687cf66bd410	cn512-09-r	Intel(R) Xeon(R) Gold 6248 CPU @ 2.50GHz	50483032	422
ore_ont_11502.owl	ok	match	True	True	0.3129	47.46	elc	07713dc746bebd4230af577db06d41437878358da6baaa3e27c202281fae91b3	08d0fcd50d524bb6991fe350af440c5f2729ef516c8989a81236687cf66bd410	cn512-09-l	Intel(R) Xeon(R) Gold 6248 CPU @ 2.50GHz	50483032	423
ore_ont_11504.owl	ok	match	True	True	0.0408	6.25	elc	7c18c4567a36b238d8bc0334f7c2e40786398d8886a6e9ecdf6e3befe99090f4	08d0fcd50d524bb6991fe350af440c5f2729ef516c8989a81236687cf66bd410	cn512-07-r	Intel(R) Xeon(R) Gold 6248 CPU @ 2.50GHz	50483032	424
ore_ont_11519.owl	ok	match	True	True	2.836	245.29	elc	c0bc75c2b13e0e0728f78f726f58e663625f17bcc036cb40241a226879063aeb	08d0fcd50d524bb6991fe350af440c5f2729ef516c8989a81236687cf66bd410	cn512-06-r	Intel(R) Xeon(R) Gold 6248 CPU @ 2.50GHz	50483032	425
ore_ont_11522.owl	ok	match	True	True	0.0408	8.75	production_all	6923fe07622ff54eda7fc0b364d6c03c8bbae703e7069a5d10c053a6054def7f	08d0fcd50d524bb6991fe350af440c5f2729ef516c8989a81236687cf66bd410	cn512-27-r	Intel(R) Xeon(R) Gold 6248 CPU @ 2.50GHz	50483032	426
ore_ont_11523.owl	ok	match	True	True	0.0705	9.38	production_all	7310a2420253d972d26776ccad771b038711abc2dd578c8a13098c3e3663ec89	08d0fcd50d524bb6991fe350af440c5f2729ef516c8989a81236687cf66bd410	cn512-23-r	Intel(R) Xeon(R) Gold 6248 CPU @ 2.50GHz	50483032	427
ore_ont_11526.owl	ok	match	True	True	0.069	9.69	production_all	25a9dfe3607834ad90d624672276aede57eaf02784efa544063dd4489337adab	08d0fcd50d524bb6991fe350af440c5f2729ef516c8989a81236687cf66bd410	cn512-16-r	Intel(R) Xeon(R) Gold 6248 CPU @ 2.50GHz	50483032	428
ore_ont_11559.owl	ok	match	True	True	1.4184	136.05	elc	27cb18ecd91fbbc21ef7cd872ed2161ca58afead9634753597b502262e856841	08d0fcd50d524bb6991fe350af440c5f2729ef516c8989a81236687cf66bd410	cn512-09-r	Intel(R) Xeon(R) Gold 6248 CPU @ 2.50GHz	50483032	429
ore_ont_11577.owl	ok	match	True	True	0.0701	10.33	production_all	78c12e0fb82e17869f2df3bcdd0a6d56db4d249e566a11d9f25c4b1f6dd411d1	08d0fcd50d524bb6991fe350af440c5f2729ef516c8989a81236687cf66bd410	cn512-08-r	Intel(R) Xeon(R) Gold 6248 CPU @ 2.50GHz	50483032	430
ore_ont_11619.owl	ok	match	True	True	0.0713	14.29	elc	9304084bc5359a42d0837601eea5354bcf3aaa41eb2a62bbff14787e98252747	08d0fcd50d524bb6991fe350af440c5f2729ef516c8989a81236687cf66bd410	cn512-05-r	Intel(R) Xeon(R) Gold 6248 CPU @ 2.50GHz	50483032	431
ore_ont_11623.owl	ok	match	True	True	0.7993	523.28	production_all	6f12e8392cac6b5ab95e02cfb22942825a445cafa89ef09eb500684ee3e279dd	08d0fcd50d524bb6991fe350af440c5f2729ef516c8989a81236687cf66bd410	cn512-24-l	Intel(R) Xeon(R) Gold 6248 CPU @ 2.50GHz	50483032	432
ore_ont_11639.owl	ok	match	True	True	0.0405	5.94	elc	9d20e1c1afe6e79af9e35f135dfbeb965efec25215a54e6b2c27472ec46fe8a1	08d0fcd50d524bb6991fe350af440c5f2729ef516c8989a81236687cf66bd410	cn512-20-r	Intel(R) Xeon(R) Gold 6248 CPU @ 2.50GHz	50483032	433
ore_ont_11739.owl	ok	match	True	True	10.6416	1285.22	elc	87e198b4b4877fa7bef65c28ac7ae439613a8f41cd8156786c14ac63d580712c	08d0fcd50d524bb6991fe350af440c5f2729ef516c8989a81236687cf66bd410	cn512-16-r	Intel(R) Xeon(R) Gold 6248 CPU @ 2.50GHz	50483032	434
ore_ont_11745.owl	ok	match	True	True	11.512	3561.47	cb_plain16	49e851a304217ddcaa13291238cf1bd37e6d161e6a57ba7318eb6e7244b1584f	08d0fcd50d524bb6991fe350af440c5f2729ef516c8989a81236687cf66bd410	cn512-10-r	Intel(R) Xeon(R) Gold 6248 CPU @ 2.50GHz	50483032	435
ore_ont_11778.owl	ok	match	True	True	2.3279	244.02	elc	02f70d54c956f315440e7b6c6cf11b10e21313041e72692d251f018364ea8b06	08d0fcd50d524bb6991fe350af440c5f2729ef516c8989a81236687cf66bd410	cn512-05-l	Intel(R) Xeon(R) Gold 6248 CPU @ 2.50GHz	50483032	436
ore_ont_11866.owl	ok	match	True	True	0.0415	7.81	production_all	25a9dfe3607834ad90d624672276aede57eaf02784efa544063dd4489337adab	08d0fcd50d524bb6991fe350af440c5f2729ef516c8989a81236687cf66bd410	cn512-13-r	Intel(R) Xeon(R) Gold 6248 CPU @ 2.50GHz	50483032	437
ore_ont_11889.owl	ok	match	True	True	0.0711	10.76	production_all	5f1ce489832cb8ae99748f2ecbb665ddb7da0d5750e09c9ac409fd75c5875444	08d0fcd50d524bb6991fe350af440c5f2729ef516c8989a81236687cf66bd410	cn512-09-l	Intel(R) Xeon(R) Gold 6248 CPU @ 2.50GHz	50483032	438
ore_ont_11978.owl	ok	match	True	True	0.0703	11.72	production_all	f238035ea70c8a9a2f9d439a52b36ef315a3449e2a926cd8a6065f3be4f86087	08d0fcd50d524bb6991fe350af440c5f2729ef516c8989a81236687cf66bd410	cn512-07-r	Intel(R) Xeon(R) Gold 6248 CPU @ 2.50GHz	50483032	439
ore_ont_12007.owl	ok	match	True	True	0.041	6.56	elc	779011b5e74b3bf61345db242cf0d5ab1c508e60d59470b7021926b6ca7f4963	08d0fcd50d524bb6991fe350af440c5f2729ef516c8989a81236687cf66bd410	cn512-06-l	Intel(R) Xeon(R) Gold 6248 CPU @ 2.50GHz	50483032	440
ore_ont_12009.owl	ok	match	True	True	0.0406	9.06	production_all	c49ac8a00b73dd16b18c6806b9e19bea5f9a821003a4da37b2202dc8b2c0913a	08d0fcd50d524bb6991fe350af440c5f2729ef516c8989a81236687cf66bd410	cn512-13-r	Intel(R) Xeon(R) Gold 6248 CPU @ 2.50GHz	50483032	441
ore_ont_12087.owl	ok	match	True	True	9.6365	2038.5	production_all	0de4f44746026093588d63cfce9e4402e938cf30b7c88a3970e4771da4a63c60	08d0fcd50d524bb6991fe350af440c5f2729ef516c8989a81236687cf66bd410	cn512-08-r	Intel(R) Xeon(R) Gold 6248 CPU @ 2.50GHz	50483032	442
ore_ont_12141.owl	ok	match	True	True	0.4798	160.48	production_all	0205fe9d5bff8d6ac81af28ac8ca71cf10b61b85998e5e70242fdd9be69af349	08d0fcd50d524bb6991fe350af440c5f2729ef516c8989a81236687cf66bd410	cn512-07-r	Intel(R) Xeon(R) Gold 6248 CPU @ 2.50GHz	50483032	443
ore_ont_12149.owl	ok	match	True	True	1.1171	76.1	elc	1a6c34a01e0f9de8f986e062b118c3950b89fcee5894446fcaa350902e7f126f	08d0fcd50d524bb6991fe350af440c5f2729ef516c8989a81236687cf66bd410	cn512-25-l	Intel(R) Xeon(R) Gold 6248 CPU @ 2.50GHz	50483032	444
ore_ont_12161.owl	ok	match	True	True	0.2489	31.69	production_all	5c1fe0699854aa6c4f891ae1122faf848af88deaf57d6d6a18959e0c89e90df6	08d0fcd50d524bb6991fe350af440c5f2729ef516c8989a81236687cf66bd410	cn512-04-l	Intel(R) Xeon(R) Gold 6248 CPU @ 2.50GHz	50483032	445
ore_ont_12194.owl	ok	match	True	True	0.4455	44.11	elc	5008d3bc52e4aaab7aca6b11a01a2dcdfdf2005f2d4c1aeec1abb75de67e2206	08d0fcd50d524bb6991fe350af440c5f2729ef516c8989a81236687cf66bd410	cn512-23-r	Intel(R) Xeon(R) Gold 6248 CPU @ 2.50GHz	50483032	446
ore_ont_12281.owl	ok	match	True	True	0.0703	10.54	elc	6c8c2dd1ea442064196c32326cd1c2c8d3a72ecf5e3d2c331a16cc9281ffa925	08d0fcd50d524bb6991fe350af440c5f2729ef516c8989a81236687cf66bd410	cn512-18-l	Intel(R) Xeon(R) Gold 6248 CPU @ 2.50GHz	50483032	447
ore_ont_12387.owl	ok	match	True	True	4.5079	428.91	elc	9d25a3ae4b10f67a869ff1ec8333b593900ad745b3453e11588555e8178d7dba	08d0fcd50d524bb6991fe350af440c5f2729ef516c8989a81236687cf66bd410	cn512-14-r	Intel(R) Xeon(R) Gold 6248 CPU @ 2.50GHz	50483032	448
ore_ont_12397.owl	ok	match	True	True	0.0408	8.75	elc	1141b993c4ce4fc0f8712bb0c6b6853b030ea938eba3d8e27dbe28dbc7ec1070	08d0fcd50d524bb6991fe350af440c5f2729ef516c8989a81236687cf66bd410	cn512-23-r	Intel(R) Xeon(R) Gold 6248 CPU @ 2.50GHz	50483032	449
ore_ont_12405.owl	ok	match	True	True	0.2516	64.14	elc	450e43282d20750ee054bec83e074f6b4d890c845074125e9b9b04cd346ae614	08d0fcd50d524bb6991fe350af440c5f2729ef516c8989a81236687cf66bd410	cn512-17-l	Intel(R) Xeon(R) Gold 6248 CPU @ 2.50GHz	50483032	450
ore_ont_12414.owl	ok	match	True	True	4.8086	457.13	elc	f52655554ad9025c06c681d71ccebf5cce633bac6305e01d8e78fa7abd9477c0	08d0fcd50d524bb6991fe350af440c5f2729ef516c8989a81236687cf66bd410	cn512-14-l	Intel(R) Xeon(R) Gold 6248 CPU @ 2.50GHz	50483032	451
ore_ont_12528.owl	ok	match	True	True	12.1133	1169.56	elc	821c9e8abb3c9f0b13db22b7044710317c1f59fb0219ad16c7f007464d7aa7b4	08d0fcd50d524bb6991fe350af440c5f2729ef516c8989a81236687cf66bd410	cn512-13-r	Intel(R) Xeon(R) Gold 6248 CPU @ 2.50GHz	50483032	452
ore_ont_12653.owl	ok	match	True	True	0.1026	44.85	production_all	b9b3b2004562dfba7af26bbbd125115be0383fcd014b509717cbcedc73b31f00	08d0fcd50d524bb6991fe350af440c5f2729ef516c8989a81236687cf66bd410	cn512-09-r	Intel(R) Xeon(R) Gold 6248 CPU @ 2.50GHz	50483032	453
ore_ont_12698.owl	ok	match	True	True	1.9149	725.86	nominals	9f2ee83b8fc315586d509d7a508be032bd1674970b5ab484f81a138be9f91e19	08d0fcd50d524bb6991fe350af440c5f2729ef516c8989a81236687cf66bd410	cn512-07-r	Intel(R) Xeon(R) Gold 6248 CPU @ 2.50GHz	50483032	454
ore_ont_12776.owl	ok	match	True	True	0.1287	29.26	elc	25a9dfe3607834ad90d624672276aede57eaf02784efa544063dd4489337adab	08d0fcd50d524bb6991fe350af440c5f2729ef516c8989a81236687cf66bd410	cn512-20-r	Intel(R) Xeon(R) Gold 6248 CPU @ 2.50GHz	50483032	455
ore_ont_12802.owl	ok	match	True	True	0.3078	63.97	elc	25a9dfe3607834ad90d624672276aede57eaf02784efa544063dd4489337adab	08d0fcd50d524bb6991fe350af440c5f2729ef516c8989a81236687cf66bd410	cn512-17-l	Intel(R) Xeon(R) Gold 6248 CPU @ 2.50GHz	50483032	456
ore_ont_12831.owl	ok	match	True	True	0.041	7.19	elc	38a2ba76b4a11fd01f59b97df9cd3d93fc54a9094e1cc87d511aca66989ac102	08d0fcd50d524bb6991fe350af440c5f2729ef516c8989a81236687cf66bd410	cn512-08-l	Intel(R) Xeon(R) Gold 6248 CPU @ 2.50GHz	50483032	457
ore_ont_12906.owl	ok	match	True	True	0.0409	5.62	elc	ccdfc6d626940ef30a9115eff4872649ebcdaae60e4ff9e1d922d38485fb44ad	08d0fcd50d524bb6991fe350af440c5f2729ef516c8989a81236687cf66bd410	cn512-18-l	Intel(R) Xeon(R) Gold 6248 CPU @ 2.50GHz	50483032	458
ore_ont_13000.owl	ok	match	True	True	0.1575	30.71	elc	a2c9fd27be406668497189b64f1f673b22ea55c2266d5417991166ab3fdc6685	08d0fcd50d524bb6991fe350af440c5f2729ef516c8989a81236687cf66bd410	cn512-17-l	Intel(R) Xeon(R) Gold 6248 CPU @ 2.50GHz	50483032	459
ore_ont_13035.owl	ok	match	True	True	0.1019	81.14	nominals	26f70e0efde86c6b42ee15c2ddfa83b64a9c6e57fdaf6444414c5f486f355b1c	08d0fcd50d524bb6991fe350af440c5f2729ef516c8989a81236687cf66bd410	cn512-14-r	Intel(R) Xeon(R) Gold 6248 CPU @ 2.50GHz	50483032	460
ore_ont_13053.owl	ok	match	True	True	0.0413	8.12	production_all	8be7de1da407a2951e7d7cd0e99a349f1fefcf747161b09d042d33f84aa7ddd7	08d0fcd50d524bb6991fe350af440c5f2729ef516c8989a81236687cf66bd410	cn512-08-r	Intel(R) Xeon(R) Gold 6248 CPU @ 2.50GHz	50483032	461
ore_ont_13066.owl	ok	match	True	True	0.0408	8.44	production_all	25a9dfe3607834ad90d624672276aede57eaf02784efa544063dd4489337adab	08d0fcd50d524bb6991fe350af440c5f2729ef516c8989a81236687cf66bd410	cn512-07-r	Intel(R) Xeon(R) Gold 6248 CPU @ 2.50GHz	50483032	462
ore_ont_13071.owl	ok	match	True	True	1.3423	408.83	production_all	a198a99650a9b25c5cb6bd92be339eb7987b3e74b77bf4e39cba8bce54ac2fb1	08d0fcd50d524bb6991fe350af440c5f2729ef516c8989a81236687cf66bd410	cn512-06-l	Intel(R) Xeon(R) Gold 6248 CPU @ 2.50GHz	50483032	463
ore_ont_13113.owl	ok	match	True	True	0.129	47.76	nominals	1bb468cee8017811a155e6f28b61dc9724fb6fd28fbf7f7f557d9bb79d9f8d52	08d0fcd50d524bb6991fe350af440c5f2729ef516c8989a81236687cf66bd410	cn512-25-l	Intel(R) Xeon(R) Gold 6248 CPU @ 2.50GHz	50483032	464
ore_ont_13132.owl	ok	match	True	True	0.1013	61.91	nominals	e13d65dbb5d532c7e775e0356509fb42a69836b7037bb39ba5f07d267d7c0f72	08d0fcd50d524bb6991fe350af440c5f2729ef516c8989a81236687cf66bd410	cn512-18-l	Intel(R) Xeon(R) Gold 6248 CPU @ 2.50GHz	50483032	465
ore_ont_13141.owl	ok	match	True	True	0.129	29.15	elc	02bedd319c20f293b81cf4c0848009629bdda90e5ca659cfbfeb58bb865f145a	08d0fcd50d524bb6991fe350af440c5f2729ef516c8989a81236687cf66bd410	cn512-08-r	Intel(R) Xeon(R) Gold 6248 CPU @ 2.50GHz	50483032	466
ore_ont_13204.owl	ok	match	True	True	0.0409	7.19	production_all	1c55999654f057fe0eb6fae17bf2b3b0f5598cc5237eb0b2ca0af50a9d673748	08d0fcd50d524bb6991fe350af440c5f2729ef516c8989a81236687cf66bd410	cn512-06-r	Intel(R) Xeon(R) Gold 6248 CPU @ 2.50GHz	50483032	467
ore_ont_13224.owl	ok	match	True	True	5.9205	622.34	elc	a770e5429a6fea4919ca768a672493adacfbe951d6826e06878f1deed93a2545	08d0fcd50d524bb6991fe350af440c5f2729ef516c8989a81236687cf66bd410	cn512-18-l	Intel(R) Xeon(R) Gold 6248 CPU @ 2.50GHz	50483032	468
ore_ont_13234.owl	ok	match	True	True	0.0412	6.88	elc	ce0bd8d2bc45f2722c2a72a77559605eeba16b4f38c7df36e978aa1f5c6231a5	08d0fcd50d524bb6991fe350af440c5f2729ef516c8989a81236687cf66bd410	cn512-16-l	Intel(R) Xeon(R) Gold 6248 CPU @ 2.50GHz	50483032	469
ore_ont_13243.owl	ok	match	True	True	1.7628	168.88	elc	522456978803f2cd7797cc242cd5f366fe650452fe3a2511f22e95da21dfd3ee	08d0fcd50d524bb6991fe350af440c5f2729ef516c8989a81236687cf66bd410	cn512-09-l	Intel(R) Xeon(R) Gold 6248 CPU @ 2.50GHz	50483032	470
ore_ont_13277.owl	ok	match	True	True	0.0409	11.81	production_all	65c860516d3ce897e28e1ef7373215a1c131cbf859a877bac5b445beb160e9ac	08d0fcd50d524bb6991fe350af440c5f2729ef516c8989a81236687cf66bd410	cn512-25-l	Intel(R) Xeon(R) Gold 6248 CPU @ 2.50GHz	50483032	471
ore_ont_13301.owl	ok	match	True	True	0.0403	6.25	elc	af1f58fdf3560dbb4ee8f7d0f4f112479ef6073b2ae57b79030d0cf470864343	08d0fcd50d524bb6991fe350af440c5f2729ef516c8989a81236687cf66bd410	cn512-17-r	Intel(R) Xeon(R) Gold 6248 CPU @ 2.50GHz	50483032	472
ore_ont_13355.owl	ok	match	True	True	8.8097	593.04	elc	7a44b3849b6013155767d75119c927d95918dc51e00102349321e8ff49a4b7fc	08d0fcd50d524bb6991fe350af440c5f2729ef516c8989a81236687cf66bd410	cn512-16-l	Intel(R) Xeon(R) Gold 6248 CPU @ 2.50GHz	50483032	473
ore_ont_13383.owl	ok	match	True	True	0.1002	40.02	nominals	44f33d580b81ffff9b7d87a2b0f1cde4fb6cf3fe7dcc51ab7b120da5c25652a8	08d0fcd50d524bb6991fe350af440c5f2729ef516c8989a81236687cf66bd410	cn512-15-l	Intel(R) Xeon(R) Gold 6248 CPU @ 2.50GHz	50483032	474
ore_ont_13392.owl	ok	match	True	True	0.0411	8.44	production_all	730c48986817f508c95e2a47c17ac5abb52fc24d2a7c7d08c8d9a5f89759cfd6	08d0fcd50d524bb6991fe350af440c5f2729ef516c8989a81236687cf66bd410	cn512-09-r	Intel(R) Xeon(R) Gold 6248 CPU @ 2.50GHz	50483032	475
ore_ont_13429.owl	ok	match	True	True	0.0409	5.62	elc	febfdbf4ffd72b5377678ddc84ec0f53e3ea83c6d463001bb59b1494d64f02e8	08d0fcd50d524bb6991fe350af440c5f2729ef516c8989a81236687cf66bd410	cn512-07-l	Intel(R) Xeon(R) Gold 6248 CPU @ 2.50GHz	50483032	476
ore_ont_13444.owl	ok	match	True	True	0.1606	83.77	production_all	247c4ac30df7d55beb16fc23b0943bd2b6d2bc62e449e40d830370fd846d769a	08d0fcd50d524bb6991fe350af440c5f2729ef516c8989a81236687cf66bd410	cn512-06-l	Intel(R) Xeon(R) Gold 6248 CPU @ 2.50GHz	50483032	477
ore_ont_13482.owl	ok	match	True	True	38.7202	3640.84	elc	25a9dfe3607834ad90d624672276aede57eaf02784efa544063dd4489337adab	08d0fcd50d524bb6991fe350af440c5f2729ef516c8989a81236687cf66bd410	cn512-08-r	Intel(R) Xeon(R) Gold 6248 CPU @ 2.50GHz	50483032	478
ore_ont_13503.owl	ok	match	True		0.0413	8.37	production_all	1b8fdf730b9cdce8afed1c69c13e782c6c2dde70c42e5f1d2273dcbdb6b1282b	08d0fcd50d524bb6991fe350af440c5f2729ef516c8989a81236687cf66bd410	cn512-08-l	Intel(R) Xeon(R) Gold 6248 CPU @ 2.50GHz	50483032	479
ore_ont_13530.owl	ok	match	True	True	0.0413	7.19	production_all	6e5b1361a86c93ec1ceeb5272edbfa2c089f06651d99c6e5ffd32a8cb585ddc6	08d0fcd50d524bb6991fe350af440c5f2729ef516c8989a81236687cf66bd410	cn512-23-r	Intel(R) Xeon(R) Gold 6248 CPU @ 2.50GHz	50483032	480
ore_ont_13578.owl	ok	match	True	True	0.0406	10.31	elc	c0a7387438bc9b5659506006706666a5540c33373ad4f8f0fe9a89e9922a00d9	08d0fcd50d524bb6991fe350af440c5f2729ef516c8989a81236687cf66bd410	cn512-22-r	Intel(R) Xeon(R) Gold 6248 CPU @ 2.50GHz	50483032	481
ore_ont_13621.owl	ok	match	True	True	2.0485	1393.96	nominals	f61f9526d186c0af485ce724f10c3e6c794c2bd876f564e8e04b5c195f1806a0	08d0fcd50d524bb6991fe350af440c5f2729ef516c8989a81236687cf66bd410	cn512-17-r	Intel(R) Xeon(R) Gold 6248 CPU @ 2.50GHz	50483032	482
ore_ont_13643.owl	ok	match	True	True	0.0403	5.62	elc	e6a28db50f029843a0a2b347a35bc6d99ef168c042af0b6aaffcf04524def1bc	08d0fcd50d524bb6991fe350af440c5f2729ef516c8989a81236687cf66bd410	cn512-15-l	Intel(R) Xeon(R) Gold 6248 CPU @ 2.50GHz	50483032	483
ore_ont_13664.owl	ok	match	True	True	1.3672	321.44	production_all	c46e20fd5257acb674d22a52a7e7d5e9f96e94749f0b0c949f3c445076616481	08d0fcd50d524bb6991fe350af440c5f2729ef516c8989a81236687cf66bd410	cn512-14-r	Intel(R) Xeon(R) Gold 6248 CPU @ 2.50GHz	50483032	484
ore_ont_13752.owl	ok	match	True	True	0.3368	47.95	elc	c9457601ea869b5d7998f65f9653efb7bf953e9b82fec67f27113a36208f993f	08d0fcd50d524bb6991fe350af440c5f2729ef516c8989a81236687cf66bd410	cn512-08-l	Intel(R) Xeon(R) Gold 6248 CPU @ 2.50GHz	50483032	485
ore_ont_13755.owl	ok	match	True	True	0.0996	20.54	elc	6b1945e00a8cb4bdfc5e2e33e163d8de34c7ab1d0dc1d2517212df3700e3805b	08d0fcd50d524bb6991fe350af440c5f2729ef516c8989a81236687cf66bd410	cn512-06-l	Intel(R) Xeon(R) Gold 6248 CPU @ 2.50GHz	50483032	486
ore_ont_13759.owl	ok	match	True	True	0.041	9.58	production_all	c1944627d8fb4d69c4ec0b6c27c93ad55072e6ab9a4241a356adafe482892657	08d0fcd50d524bb6991fe350af440c5f2729ef516c8989a81236687cf66bd410	cn512-05-l	Intel(R) Xeon(R) Gold 6248 CPU @ 2.50GHz	50483032	487
ore_ont_13762.owl	ok	match	True	True	0.1626	154.0	nominals	834d5a60982e1e532564cb200cbfe49dde2ef31b8a7d6cc1e9e09cd08fb7dd61	08d0fcd50d524bb6991fe350af440c5f2729ef516c8989a81236687cf66bd410	cn512-22-r	Intel(R) Xeon(R) Gold 6248 CPU @ 2.50GHz	50483032	488
ore_ont_13772.owl	ok	match	True	True	0.0704	8.44	production_all	25a9dfe3607834ad90d624672276aede57eaf02784efa544063dd4489337adab	08d0fcd50d524bb6991fe350af440c5f2729ef516c8989a81236687cf66bd410	cn512-07-l	Intel(R) Xeon(R) Gold 6248 CPU @ 2.50GHz	50483032	489
ore_ont_13840.owl	ok	match	True	True	0.2148	29.41	production_all	1a76bc2eead4ab2c64afae2e732b4a5ef9f37155917439b00c9518c686bff41c	08d0fcd50d524bb6991fe350af440c5f2729ef516c8989a81236687cf66bd410	cn512-06-r	Intel(R) Xeon(R) Gold 6248 CPU @ 2.50GHz	50483032	490
ore_ont_13852.owl	ok	match	True	True	0.3082	35.85	production_all	2e3d43d2ccdef95965bb116db6a147ac1c9436689d91642fdc0a0ae516665943	08d0fcd50d524bb6991fe350af440c5f2729ef516c8989a81236687cf66bd410	cn512-22-r	Intel(R) Xeon(R) Gold 6248 CPU @ 2.50GHz	50483032	491
ore_ont_13887.owl	ok	match	True	True	0.0717	10.47	production_all	7d50171db15ecaab15bff2a8f8cd738024aa3139b61332e80c2e122a182ecc3e	08d0fcd50d524bb6991fe350af440c5f2729ef516c8989a81236687cf66bd410	cn512-17-l	Intel(R) Xeon(R) Gold 6248 CPU @ 2.50GHz	50483032	492
ore_ont_13902.owl	ok	match	True	True	0.864	132.11	elc	25a9dfe3607834ad90d624672276aede57eaf02784efa544063dd4489337adab	08d0fcd50d524bb6991fe350af440c5f2729ef516c8989a81236687cf66bd410	cn512-10-r	Intel(R) Xeon(R) Gold 6248 CPU @ 2.50GHz	50483032	493
ore_ont_13912.owl	ok	match	True	False	0.041	7.5	nominals	3c48c283d1292f55fe67383942d35be768499f1f96e83f0adf812c000ac3b9dd	08d0fcd50d524bb6991fe350af440c5f2729ef516c8989a81236687cf66bd410	cn512-09-r	Intel(R) Xeon(R) Gold 6248 CPU @ 2.50GHz	50483032	494
ore_ont_13964.owl	ok	match	True	True	0.537	79.94	elc	25a9dfe3607834ad90d624672276aede57eaf02784efa544063dd4489337adab	08d0fcd50d524bb6991fe350af440c5f2729ef516c8989a81236687cf66bd410	cn512-27-r	Intel(R) Xeon(R) Gold 6248 CPU @ 2.50GHz	50483032	495
ore_ont_13969.owl	ok	match	True	True	3.6633	315.14	elc	df5204236b942809dc9fff216bc1a3ccf523cc361d1cb9ca2a12b36456249647	08d0fcd50d524bb6991fe350af440c5f2729ef516c8989a81236687cf66bd410	cn512-13-r	Intel(R) Xeon(R) Gold 6248 CPU @ 2.50GHz	50483032	496
ore_ont_14027.owl	ok	match	True	True	0.2185	47.46	elc	e89ac3a69a1ca7c8e4b2c50fffb92e958ce6cfa6aedbd9a5f449895c592d5e48	08d0fcd50d524bb6991fe350af440c5f2729ef516c8989a81236687cf66bd410	cn512-06-r	Intel(R) Xeon(R) Gold 6248 CPU @ 2.50GHz	50483032	497
ore_ont_14031.owl	ok	match	True	True	0.0701	11.16	elc	41ecf9621a1cc6d1dda13476959ce98ef12d1f97090b407e8a0b5b4d2d35d1dd	08d0fcd50d524bb6991fe350af440c5f2729ef516c8989a81236687cf66bd410	cn512-22-r	Intel(R) Xeon(R) Gold 6248 CPU @ 2.50GHz	50483032	498
ore_ont_14042.owl	ok	match	True	True	25.5015	1961.98	elc	5f730ffc22a0828f94eb0bcfe5c366774eb965dcb577c9b64e14c9552f2e86e9	08d0fcd50d524bb6991fe350af440c5f2729ef516c8989a81236687cf66bd410	cn512-17-l	Intel(R) Xeon(R) Gold 6248 CPU @ 2.50GHz	50483032	499
ore_ont_14123.owl	ok	match	True	True	0.0413	9.38	elc	8b7f9bcf47a17d494df882683f019686ed295e909c0d80b7e4bcb0a306b16245	08d0fcd50d524bb6991fe350af440c5f2729ef516c8989a81236687cf66bd410	cn512-14-r	Intel(R) Xeon(R) Gold 6248 CPU @ 2.50GHz	50483032	500
ore_ont_14153.owl	ok	match	True	True	0.1305	42.39	production_all	11b062554512b7dc5030652d6359a4637466330cb93b1acbbe25eb81e28b7efc	08d0fcd50d524bb6991fe350af440c5f2729ef516c8989a81236687cf66bd410	cn512-10-r	Intel(R) Xeon(R) Gold 6248 CPU @ 2.50GHz	50483032	501
ore_ont_14194.owl	ok	match	True	True	2.0532	1399.14	nominals	c134da9d8e936c4f86bdfba991620153f1a4e471154011b9e333b0324ac35da5	08d0fcd50d524bb6991fe350af440c5f2729ef516c8989a81236687cf66bd410	cn512-09-r	Intel(R) Xeon(R) Gold 6248 CPU @ 2.50GHz	50483032	502
ore_ont_14216.owl	ok	match	True	True	7.6771	860.3	elc	25a9dfe3607834ad90d624672276aede57eaf02784efa544063dd4489337adab	08d0fcd50d524bb6991fe350af440c5f2729ef516c8989a81236687cf66bd410	cn512-08-l	Intel(R) Xeon(R) Gold 6248 CPU @ 2.50GHz	50483032	503
ore_ont_14273.owl	ok	match	True	True	0.0405	7.81	production_all	25a9dfe3607834ad90d624672276aede57eaf02784efa544063dd4489337adab	08d0fcd50d524bb6991fe350af440c5f2729ef516c8989a81236687cf66bd410	cn512-07-l	Intel(R) Xeon(R) Gold 6248 CPU @ 2.50GHz	50483032	504
ore_ont_14280.owl	ok	match	True	True	0.2187	30.81	elc	dcc934c8bc158452fb1f4d5590d9555e693e5417a6b0cf76f28a01fde9f4385a	08d0fcd50d524bb6991fe350af440c5f2729ef516c8989a81236687cf66bd410	cn512-05-r	Intel(R) Xeon(R) Gold 6248 CPU @ 2.50GHz	50483032	505
ore_ont_14312.owl	ok	match	True	True	2.6978	635.1	production_all	13aed4f22b7932a454821bd5bd3c1d9354fc69f7586b2bf3b2cb445a461a59b3	08d0fcd50d524bb6991fe350af440c5f2729ef516c8989a81236687cf66bd410	cn512-14-l	Intel(R) Xeon(R) Gold 6248 CPU @ 2.50GHz	50483032	506
ore_ont_14327.owl	ok	match	True	True	0.0405	6.88	production_all	70171f4a81f01a33cbc8852ca47a0155893039a6f390b7a5780a71655b53800e	08d0fcd50d524bb6991fe350af440c5f2729ef516c8989a81236687cf66bd410	cn512-11-r	Intel(R) Xeon(R) Gold 6248 CPU @ 2.50GHz	50483032	507
ore_ont_14375.owl	ok	match	True	True	0.9194	214.77	production_all	2829f8183f13c0ca7bea6def45b269984c62055471f3a226dbbb625743470655	08d0fcd50d524bb6991fe350af440c5f2729ef516c8989a81236687cf66bd410	cn512-06-r	Intel(R) Xeon(R) Gold 6248 CPU @ 2.50GHz	50483032	508
ore_ont_14450.owl	ok	match	True	True	0.1897	47.73	production_all	d0c67792f15f1d3adee5ff277de2c7511d08474189203320bab5c30dafe21fcc	08d0fcd50d524bb6991fe350af440c5f2729ef516c8989a81236687cf66bd410	cn512-06-l	Intel(R) Xeon(R) Gold 6248 CPU @ 2.50GHz	50483032	509
ore_ont_14459.owl	ok	match	True	True	30.9015	1398.54	elc	cd04b420623e015a2c262189ae87da5f5712179d720dbc20e6ea4609e7615f41	08d0fcd50d524bb6991fe350af440c5f2729ef516c8989a81236687cf66bd410	cn512-24-l	Intel(R) Xeon(R) Gold 6248 CPU @ 2.50GHz	50483032	510
ore_ont_14499.owl	ok	match	True	True	0.1885	28.04	production_all	ac49106e1451d9853d2cb9d7a85693b96e5379e58a9cbe8d8dd6b8786b979d2a	08d0fcd50d524bb6991fe350af440c5f2729ef516c8989a81236687cf66bd410	cn512-22-r	Intel(R) Xeon(R) Gold 6248 CPU @ 2.50GHz	50483032	511
ore_ont_14508.owl	ok	match	True	True	0.4906	59.84	elc	25a9dfe3607834ad90d624672276aede57eaf02784efa544063dd4489337adab	08d0fcd50d524bb6991fe350af440c5f2729ef516c8989a81236687cf66bd410	cn512-11-r	Intel(R) Xeon(R) Gold 6248 CPU @ 2.50GHz	50483032	512
ore_ont_14518.owl	ok	match	True	True	0.0409	7.81	production_all	3b4f8d3811e4bc8dd83d2498f6d1f68ddddde4834c99449996bbbe92ebfba5ec	08d0fcd50d524bb6991fe350af440c5f2729ef516c8989a81236687cf66bd410	cn512-06-r	Intel(R) Xeon(R) Gold 6248 CPU @ 2.50GHz	50483032	513
ore_ont_14543.owl	ok	match	True	True	2.683	282.46	elc	3d69cceb509ef6af3ff22cd2eea4b2d20cf4a261c48c0f2e4ea786582fa9b4f6	08d0fcd50d524bb6991fe350af440c5f2729ef516c8989a81236687cf66bd410	cn512-25-l	Intel(R) Xeon(R) Gold 6248 CPU @ 2.50GHz	50483032	514
ore_ont_14574.owl	ok	match	True	True	0.2192	28.74	production_all	493d5b8d2bad1ba4b0a417ba87c4b0cdb31b917cac6c8c521b50eccf50dcb35f	08d0fcd50d524bb6991fe350af440c5f2729ef516c8989a81236687cf66bd410	cn512-22-r	Intel(R) Xeon(R) Gold 6248 CPU @ 2.50GHz	50483032	515
ore_ont_14587.owl	ok	match	True	True	0.1878	26.16	elc	430efd311cd4e4530c704f7a881a2634d8ba24a2d2eb44f99858bfa90650c8c4	08d0fcd50d524bb6991fe350af440c5f2729ef516c8989a81236687cf66bd410	cn512-06-l	Intel(R) Xeon(R) Gold 6248 CPU @ 2.50GHz	50483032	516
ore_ont_14607.owl	ok	match	True	True	2.5199	361.04	elc	25a9dfe3607834ad90d624672276aede57eaf02784efa544063dd4489337adab	08d0fcd50d524bb6991fe350af440c5f2729ef516c8989a81236687cf66bd410	cn512-05-l	Intel(R) Xeon(R) Gold 6248 CPU @ 2.50GHz	50483032	517
ore_ont_14817.owl	ok	match	True	True	97.4587	5158.12	production_all	3c43822a005baa536d47079eac973ab6247dd54adace4643ac119bc74757445d	08d0fcd50d524bb6991fe350af440c5f2729ef516c8989a81236687cf66bd410	cn512-04-r	Intel(R) Xeon(R) Gold 6248 CPU @ 2.50GHz	50483032	518
ore_ont_14826.owl	ok	match	True	True	0.0412	7.19	production_all	0d117ce09c0ab3b0861b3c524719fe2a4f3143a0fc90124355a18e12028726b3	08d0fcd50d524bb6991fe350af440c5f2729ef516c8989a81236687cf66bd410	cn512-20-r	Intel(R) Xeon(R) Gold 6248 CPU @ 2.50GHz	50483032	519
ore_ont_14840.owl	ok	match	True	True	0.0413	9.06	elc	11b062554512b7dc5030652d6359a4637466330cb93b1acbbe25eb81e28b7efc	08d0fcd50d524bb6991fe350af440c5f2729ef516c8989a81236687cf66bd410	cn512-14-l	Intel(R) Xeon(R) Gold 6248 CPU @ 2.50GHz	50483032	520
ore_ont_14848.owl	ok	match	True	True	0.0706	9.06	production_all	35ad616fd48312b83ed0327765383c7b7087019ec32aa6778e7b85eed5448fb2	08d0fcd50d524bb6991fe350af440c5f2729ef516c8989a81236687cf66bd410	cn512-06-r	Intel(R) Xeon(R) Gold 6248 CPU @ 2.50GHz	50483032	521
ore_ont_14896.owl	ok	match	True	True	0.9054	509.74	nominal_ni_abox	6d9285aae0ab89479bc2db0d99b396d87044ea4f1baa33c4edc5fc5410681760	08d0fcd50d524bb6991fe350af440c5f2729ef516c8989a81236687cf66bd410	cn512-06-l	Intel(R) Xeon(R) Gold 6248 CPU @ 2.50GHz	50483032	522
ore_ont_14901.owl	ok	match	True	True	0.0412	8.75	production_all	a6209a6c16fcc7a056b4afd3a9a3d62114a67dfd76f674aac2f616d7cc0276df	08d0fcd50d524bb6991fe350af440c5f2729ef516c8989a81236687cf66bd410	cn512-27-r	Intel(R) Xeon(R) Gold 6248 CPU @ 2.50GHz	50483032	523
ore_ont_14926.owl	ok	match	True	True	0.0409	5.31	elc	77665b11fb7d2370101eb7b65e132de7967c9239a51a1eb0bb9769f5c6e0b389	08d0fcd50d524bb6991fe350af440c5f2729ef516c8989a81236687cf66bd410	cn512-08-l	Intel(R) Xeon(R) Gold 6248 CPU @ 2.50GHz	50483032	524
ore_ont_14934.owl	ok	match	True	True	1.0261	124.69	elc	67f8b56d7977547b096eb1abae5ff30988653d703a4e8c27f8d543b13e3f6b3c	08d0fcd50d524bb6991fe350af440c5f2729ef516c8989a81236687cf66bd410	cn512-04-l	Intel(R) Xeon(R) Gold 6248 CPU @ 2.50GHz	50483032	525
ore_ont_15059.owl	ok	match	True	True	24.8589	3233.15	elc	25a9dfe3607834ad90d624672276aede57eaf02784efa544063dd4489337adab	08d0fcd50d524bb6991fe350af440c5f2729ef516c8989a81236687cf66bd410	cn512-27-r	Intel(R) Xeon(R) Gold 6248 CPU @ 2.50GHz	50483032	526
ore_ont_15068.owl	ok	match	True	True	0.041	7.81	production_all	e60aee98e44662ce73579fe6f10aaf0c4197f6297c8c7a2dc96229a68000cec5	08d0fcd50d524bb6991fe350af440c5f2729ef516c8989a81236687cf66bd410	cn512-13-r	Intel(R) Xeon(R) Gold 6248 CPU @ 2.50GHz	50483032	527
ore_ont_15098.owl	ok	match	True	True	0.1611	35.38	production_all	97c1355b707518660b4d88edeaafbedba4ed48ded26a8a6750b5b9dbbdc0c0d3	08d0fcd50d524bb6991fe350af440c5f2729ef516c8989a81236687cf66bd410	cn512-08-l	Intel(R) Xeon(R) Gold 6248 CPU @ 2.50GHz	50483032	528
ore_ont_15099.owl	ok	match	True	True	0.6404	64.68	elc	25a9dfe3607834ad90d624672276aede57eaf02784efa544063dd4489337adab	08d0fcd50d524bb6991fe350af440c5f2729ef516c8989a81236687cf66bd410	cn512-06-r	Intel(R) Xeon(R) Gold 6248 CPU @ 2.50GHz	50483032	529
ore_ont_15145.owl	ok	match	True	True	0.0408	5.62	elc	d35d49ee77e0944bb615970957f86b0e59c29c32cb004f5b780cad04a884d820	08d0fcd50d524bb6991fe350af440c5f2729ef516c8989a81236687cf66bd410	cn512-21-l	Intel(R) Xeon(R) Gold 6248 CPU @ 2.50GHz	50483032	530
ore_ont_15152.owl	ok	match	True	True	0.2434	55.28	elc	2e77cd8b86b16a814046b32b0f6aac24408a4720f8c85b5e70064714d044ab4e	08d0fcd50d524bb6991fe350af440c5f2729ef516c8989a81236687cf66bd410	cn512-17-r	Intel(R) Xeon(R) Gold 6248 CPU @ 2.50GHz	50483032	531
ore_ont_15172.owl	ok	match	True	True	2.3241	280.74	elc	cfe1d126a72a80da87f532b5b612cb038a9842ba2da3b976a42210dd64dc309f	08d0fcd50d524bb6991fe350af440c5f2729ef516c8989a81236687cf66bd410	cn512-14-r	Intel(R) Xeon(R) Gold 6248 CPU @ 2.50GHz	50483032	532
ore_ont_15178.owl	ok	match	True	True	0.4579	88.82	elc	25a9dfe3607834ad90d624672276aede57eaf02784efa544063dd4489337adab	08d0fcd50d524bb6991fe350af440c5f2729ef516c8989a81236687cf66bd410	cn512-06-r	Intel(R) Xeon(R) Gold 6248 CPU @ 2.50GHz	50483032	533
ore_ont_15222.owl	ok	match	True	True	0.1274	13.61	elc	5c6f359604affee99507cdd750dbbfc794e267be366dbb2e28d23195585173fc	08d0fcd50d524bb6991fe350af440c5f2729ef516c8989a81236687cf66bd410	cn512-06-l	Intel(R) Xeon(R) Gold 6248 CPU @ 2.50GHz	50483032	534
ore_ont_15231.owl	ok	match	True	True	0.0408	10.0	production_all	759bbfe0aa99baef0b44c0a355a8bdb04c1e1567df8276657a8f110eaa63b0da	08d0fcd50d524bb6991fe350af440c5f2729ef516c8989a81236687cf66bd410	cn512-23-r	Intel(R) Xeon(R) Gold 6248 CPU @ 2.50GHz	50483032	535
ore_ont_15260.owl	ok	match	True	True	0.2511	35.97	elc	aff02089bd790afb61c697a9cd6479412f059bcfc0280ebe620fbf4f9db6f74e	08d0fcd50d524bb6991fe350af440c5f2729ef516c8989a81236687cf66bd410	cn512-14-l	Intel(R) Xeon(R) Gold 6248 CPU @ 2.50GHz	50483032	536
ore_ont_15280.owl	ok	match	True	True	37.1583	3513.5	elc	25a9dfe3607834ad90d624672276aede57eaf02784efa544063dd4489337adab	08d0fcd50d524bb6991fe350af440c5f2729ef516c8989a81236687cf66bd410	cn512-13-r	Intel(R) Xeon(R) Gold 6248 CPU @ 2.50GHz	50483032	537
ore_ont_15288.owl	ok	match	True	False	0.1014	24.28	nominals	3c48c283d1292f55fe67383942d35be768499f1f96e83f0adf812c000ac3b9dd	08d0fcd50d524bb6991fe350af440c5f2729ef516c8989a81236687cf66bd410	cn512-11-r	Intel(R) Xeon(R) Gold 6248 CPU @ 2.50GHz	50483032	538
ore_ont_15292.owl	ok	match	True	True	0.07	10.54	elc	29a150755fb749ce18438b66bc2251caf3830ac42a72a55b5f9f80354d7d7a36	08d0fcd50d524bb6991fe350af440c5f2729ef516c8989a81236687cf66bd410	cn512-05-l	Intel(R) Xeon(R) Gold 6248 CPU @ 2.50GHz	50483032	539
ore_ont_15341.owl	ok	match	True	True	0.22	29.62	production_all	1a76bc2eead4ab2c64afae2e732b4a5ef9f37155917439b00c9518c686bff41c	08d0fcd50d524bb6991fe350af440c5f2729ef516c8989a81236687cf66bd410	cn512-08-l	Intel(R) Xeon(R) Gold 6248 CPU @ 2.50GHz	50483032	540
ore_ont_15388.owl	ok	match	True	True	1.4339	126.11	elc	758db59f0d87ce5cce6675d9c29e821c914f18a5c6441c409b4e99b59fda8a32	08d0fcd50d524bb6991fe350af440c5f2729ef516c8989a81236687cf66bd410	cn512-06-l	Intel(R) Xeon(R) Gold 6248 CPU @ 2.50GHz	50483032	541
ore_ont_15397.owl	ok	match	True	True	0.0405	7.81	elc	d9e64c782f6e64d0320ccc7d671e028934cbea67e33feb8d416ea7ff796713cd	08d0fcd50d524bb6991fe350af440c5f2729ef516c8989a81236687cf66bd410	cn512-21-l	Intel(R) Xeon(R) Gold 6248 CPU @ 2.50GHz	50483032	542
ore_ont_15399.owl	ok	match	True	True	0.0407	7.81	production_all	efda811e1d6e9ea5f0db4e624fb6396525b8b8062b2425db6e4d09050f5b1c17	08d0fcd50d524bb6991fe350af440c5f2729ef516c8989a81236687cf66bd410	cn512-20-r	Intel(R) Xeon(R) Gold 6248 CPU @ 2.50GHz	50483032	543
ore_ont_15461.owl	ok	match	True	True	0.0413	13.05	certified_nominals	ee5f8cc3794b0475358c736d5f6fd8de147908ad3b71ce2191a8db616177f5ec	08d0fcd50d524bb6991fe350af440c5f2729ef516c8989a81236687cf66bd410	cn512-14-r	Intel(R) Xeon(R) Gold 6248 CPU @ 2.50GHz	50483032	544
ore_ont_15491.owl	ok	match	True	True	1.739	830.41	production_all	97a59d7571fc801275294d5b4946c729e77ce8827ae172f37860dd37c725b499	08d0fcd50d524bb6991fe350af440c5f2729ef516c8989a81236687cf66bd410	cn512-08-r	Intel(R) Xeon(R) Gold 6248 CPU @ 2.50GHz	50483032	545
ore_ont_15516.owl	ok	consistency_mismatch	False	False	0.1593	25.0	ht_rules	3c48c283d1292f55fe67383942d35be768499f1f96e83f0adf812c000ac3b9dd	08d0fcd50d524bb6991fe350af440c5f2729ef516c8989a81236687cf66bd410	cn512-22-r	Intel(R) Xeon(R) Gold 6248 CPU @ 2.50GHz	50483032	546
ore_ont_15536.owl	ok	match	True	True	1.3118	410.38	production_all	e1fbeb7aeb67310ff49d0f3581a15226962810239795d8c96bfc061bc5fb9f8d	08d0fcd50d524bb6991fe350af440c5f2729ef516c8989a81236687cf66bd410	cn512-25-l	Intel(R) Xeon(R) Gold 6248 CPU @ 2.50GHz	50483032	547
ore_ont_15576.owl	ok	match	True	True	0.0395	5.94	elc	695d45a2b96d972126076a53cdec4cb9ad18c89b74acb7d7a37b2f4dc6d86945	08d0fcd50d524bb6991fe350af440c5f2729ef516c8989a81236687cf66bd410	cn512-16-r	Intel(R) Xeon(R) Gold 6248 CPU @ 2.50GHz	50483032	548
ore_ont_15615.owl	ok	match	True	True	0.5538	282.38	nominals	838b8129e87b7cee048f7a2d220cbba48c95cc9e8202758908e2abe4d31270c0	08d0fcd50d524bb6991fe350af440c5f2729ef516c8989a81236687cf66bd410	cn512-16-l	Intel(R) Xeon(R) Gold 6248 CPU @ 2.50GHz	50483032	549
ore_ont_15672.owl	ok	match	True	True	0.1573	40.04	certified_nominals	ac6f352d8affdb9102cfb99509c6f3684aa1b181c29845ac98780d1b07e3b131	08d0fcd50d524bb6991fe350af440c5f2729ef516c8989a81236687cf66bd410	cn512-14-l	Intel(R) Xeon(R) Gold 6248 CPU @ 2.50GHz	50483032	550
ore_ont_15696.owl	ok	match	True	True	3.5735	222.76	elc	c970dcfadfa3044c7e64c2d304534d117c73227fe514292dc5714b298b8b3ea7	08d0fcd50d524bb6991fe350af440c5f2729ef516c8989a81236687cf66bd410	cn512-11-r	Intel(R) Xeon(R) Gold 6248 CPU @ 2.50GHz	50483032	551
ore_ont_15703.owl	ok	match	True		25.0397	4358.3	production_all	090129a7fbaa14652ada3408dd1f160e7dd4a09a3502cc3323d8dad734e8893a	08d0fcd50d524bb6991fe350af440c5f2729ef516c8989a81236687cf66bd410	cn512-09-r	Intel(R) Xeon(R) Gold 6248 CPU @ 2.50GHz	50483032	552
ore_ont_15725.owl	ok	match	True	True	2.7033	535.41	production_all	42436eeb45b30ea78e04c949ee44ed2b01fd517c889e603da4aa5afe491dbba3	08d0fcd50d524bb6991fe350af440c5f2729ef516c8989a81236687cf66bd410	cn512-07-r	Intel(R) Xeon(R) Gold 6248 CPU @ 2.50GHz	50483032	553
ore_ont_15790.owl	ok	match	True	True	0.4919	54.28	elc	a98baf2805a78f76f0ada62cba4ff6ba0f2074ab456c1358f173d00b9cdcf687	08d0fcd50d524bb6991fe350af440c5f2729ef516c8989a81236687cf66bd410	cn512-06-r	Intel(R) Xeon(R) Gold 6248 CPU @ 2.50GHz	50483032	554
ore_ont_15791.owl	ok	match	True	True	0.6649	174.8	production_all	400f7d33417064a47481356d944fc2a18d4464daaccc300744d15445d18267a9	08d0fcd50d524bb6991fe350af440c5f2729ef516c8989a81236687cf66bd410	cn512-18-l	Intel(R) Xeon(R) Gold 6248 CPU @ 2.50GHz	50483032	555
ore_ont_15793.owl	ok	match	True	True	0.3065	73.58	elc	25a9dfe3607834ad90d624672276aede57eaf02784efa544063dd4489337adab	08d0fcd50d524bb6991fe350af440c5f2729ef516c8989a81236687cf66bd410	cn512-17-l	Intel(R) Xeon(R) Gold 6248 CPU @ 2.50GHz	50483032	556
ore_ont_15803.owl	ok	match	True	True	24.3121	1292.39	certified_el_production	b2a4da940996565b8ddac8c21ce38392192c271087965a80ba09c8826f2ee654	08d0fcd50d524bb6991fe350af440c5f2729ef516c8989a81236687cf66bd410	cn512-07-l	Intel(R) Xeon(R) Gold 6248 CPU @ 2.50GHz	50483032	557
ore_ont_15846.owl	ok	match	True	True	11.1381	1332.68	production_all	ac1340ed5caad4831da799f8842d2893e8d9f310dce3d084390affed2072a4a6	08d0fcd50d524bb6991fe350af440c5f2729ef516c8989a81236687cf66bd410	cn512-05-l	Intel(R) Xeon(R) Gold 6248 CPU @ 2.50GHz	50483032	558
ore_ont_15860.owl	ok	match	True	True	0.0707	13.66	elc	c173c953ba6ebb32391cc93132739e108a31bcfc0eecb2b364122804641facc1	08d0fcd50d524bb6991fe350af440c5f2729ef516c8989a81236687cf66bd410	cn512-23-r	Intel(R) Xeon(R) Gold 6248 CPU @ 2.50GHz	50483032	559
ore_ont_15882.owl	ok	match	True	True	0.0412	5.94	elc	46a256fa20fee1a424bd74f6c769b7069c857a56526bebf219f8a1ea5970d413	08d0fcd50d524bb6991fe350af440c5f2729ef516c8989a81236687cf66bd410	cn512-14-l	Intel(R) Xeon(R) Gold 6248 CPU @ 2.50GHz	50483032	560
ore_ont_15917.owl	ok	match	True	True	0.2189	29.71	production_all	b18821800ab66df564954fe1f8f0215e5a18ab26bb84b658dad00ecef50d8d43	08d0fcd50d524bb6991fe350af440c5f2729ef516c8989a81236687cf66bd410	cn512-09-l	Intel(R) Xeon(R) Gold 6248 CPU @ 2.50GHz	50483032	561
ore_ont_15929.owl	ok	match	True	True	3.2377	259.87	elc	f0c432fee3845eb4ee0944c812ab0cadbbb8b96ea3184fcfff116504553d20e6	08d0fcd50d524bb6991fe350af440c5f2729ef516c8989a81236687cf66bd410	cn512-23-r	Intel(R) Xeon(R) Gold 6248 CPU @ 2.50GHz	50483032	562
ore_ont_15932.owl	ok	match	True	True	0.1594	30.18	elc	25a9dfe3607834ad90d624672276aede57eaf02784efa544063dd4489337adab	08d0fcd50d524bb6991fe350af440c5f2729ef516c8989a81236687cf66bd410	cn512-21-l	Intel(R) Xeon(R) Gold 6248 CPU @ 2.50GHz	50483032	563
ore_ont_15944.owl	ok	match	True	True	0.1002	17.68	elc	a89fcaec0acf48929b811ad17b0a59dae35e6000e3da2a3eb5a38face70b89f0	08d0fcd50d524bb6991fe350af440c5f2729ef516c8989a81236687cf66bd410	cn512-18-l	Intel(R) Xeon(R) Gold 6248 CPU @ 2.50GHz	50483032	564
ore_ont_15950.owl	ok	match	True	True	0.0408	9.06	elc	d15b70278a4cfa2cbedf2764cb9add0f0a8634cfe957ddc2861c637639bcbf80	08d0fcd50d524bb6991fe350af440c5f2729ef516c8989a81236687cf66bd410	cn512-17-l	Intel(R) Xeon(R) Gold 6248 CPU @ 2.50GHz	50483032	565
ore_ont_15968.owl	ok	match	True	True	0.0705	16.48	elc	6db6d583cbef219dfd43cf09b0d4d10c48a2e452b5fa3a3192d1e43164b71ad8	08d0fcd50d524bb6991fe350af440c5f2729ef516c8989a81236687cf66bd410	cn512-16-l	Intel(R) Xeon(R) Gold 6248 CPU @ 2.50GHz	50483032	566
ore_ont_15976.owl	ok	match	True	True	5.1462	529.01	elc	51a1a9f58e3876db3d650ffc837f1b17a593f96e8186123ad3a7be4ebae90ce2	08d0fcd50d524bb6991fe350af440c5f2729ef516c8989a81236687cf66bd410	cn512-27-r	Intel(R) Xeon(R) Gold 6248 CPU @ 2.50GHz	50483032	567
ore_ont_15985.owl	ok	match	True	True	0.0409	7.81	elc	ca24600a6333d4f0b50ddb653421567ea0b628924690df4d658227e0b57116ca	08d0fcd50d524bb6991fe350af440c5f2729ef516c8989a81236687cf66bd410	cn512-20-r	Intel(R) Xeon(R) Gold 6248 CPU @ 2.50GHz	50483032	568
ore_ont_16008.owl	ok	match	True	True	27.2299	1232.57	elc	a63271e4eaa00aee100894f5b327640ee71188051dabf76b2db3966ee97c7300	08d0fcd50d524bb6991fe350af440c5f2729ef516c8989a81236687cf66bd410	cn512-15-l	Intel(R) Xeon(R) Gold 6248 CPU @ 2.50GHz	50483032	569
ore_ont_16076.owl	ok	match	True	True	0.041	7.19	production_all	f5bc89bf3be32e4581fd4c79c458b48416e36f89c736035abe746f5a9a8f202b	08d0fcd50d524bb6991fe350af440c5f2729ef516c8989a81236687cf66bd410	cn512-14-l	Intel(R) Xeon(R) Gold 6248 CPU @ 2.50GHz	50483032	570
ore_ont_16114.owl	ok	match	True	True	0.2488	52.42	elc	1ad425b38518f1b34809c5bac5e48a3852f6537a4b67a386e7738d65bbabfbd1	08d0fcd50d524bb6991fe350af440c5f2729ef516c8989a81236687cf66bd410	cn512-20-r	Intel(R) Xeon(R) Gold 6248 CPU @ 2.50GHz	50483032	571
ore_ont_16167.owl	ok	match	True	True	0.0412	8.59	production_all	b7265f5d9eb0fb65cc91f6a0c66536106a10cfb80bfd5e9a3089fc4912cc1685	08d0fcd50d524bb6991fe350af440c5f2729ef516c8989a81236687cf66bd410	cn512-08-l	Intel(R) Xeon(R) Gold 6248 CPU @ 2.50GHz	50483032	572
ore_ont_16299.owl	ok	match	True	True	0.2192	33.53	production_all	79a3357bf88132434ab6f17359e8423fd8e267d9cd8f284a69f83811a81c5534	08d0fcd50d524bb6991fe350af440c5f2729ef516c8989a81236687cf66bd410	cn512-05-r	Intel(R) Xeon(R) Gold 6248 CPU @ 2.50GHz	50483032	573
ore_ont_16303.owl	ok	match	True	True	4.2718	2103.74	nominals	34fe02a636bad19ca47c10bc915fa2e13b8985ab465f1950e8e9ac37e8c5cec4	08d0fcd50d524bb6991fe350af440c5f2729ef516c8989a81236687cf66bd410	cn512-04-l	Intel(R) Xeon(R) Gold 6248 CPU @ 2.50GHz	50483032	574
ore_ont_16312.owl	ok	match	True	True	0.0406	7.81	elc	211b0f09c916f799fa9e5d415686048201528f845fe8c51344875b641012c3bb	08d0fcd50d524bb6991fe350af440c5f2729ef516c8989a81236687cf66bd410	cn512-03-l	Intel(R) Xeon(R) Gold 6248 CPU @ 2.50GHz	50483032	575
ore_ont_16351.owl	ok	match	True	True	0.0405	6.88	production_all	089285c14961a28c3295b6109e4770cd940be7585d1707cf11d856a9a3d8fbfb	08d0fcd50d524bb6991fe350af440c5f2729ef516c8989a81236687cf66bd410	cn512-25-l	Intel(R) Xeon(R) Gold 6248 CPU @ 2.50GHz	50483032	576
ore_ont_16444.owl	ok	match	True	True	10.0524	1875.38	production_all	5109eb2f46fdb186066ec88a1337c6a825792132ceb7c8da24bf726151dc8266	08d0fcd50d524bb6991fe350af440c5f2729ef516c8989a81236687cf66bd410	cn512-17-r	Intel(R) Xeon(R) Gold 6248 CPU @ 2.50GHz	50483032	577
ore_ont_16461.owl	ok	match	True	True	0.4162	24.64	production_all	0af6a1d628529a9a1d42c72379974169f6b2c6bcb60f707f8219c3729daff0ad	08d0fcd50d524bb6991fe350af440c5f2729ef516c8989a81236687cf66bd410	cn512-14-r	Intel(R) Xeon(R) Gold 6248 CPU @ 2.50GHz	50483032	578
ore_ont_16462.owl	ok	match	True	True	10.6725	2129.43	nominals	9109e440a0fde12e5608bff89f0f251b2a2e18c60bc08c6f8e52778c3871d19b	08d0fcd50d524bb6991fe350af440c5f2729ef516c8989a81236687cf66bd410	cn512-14-l	Intel(R) Xeon(R) Gold 6248 CPU @ 2.50GHz	50483032	579
ore_ont_16501.owl	ok	match	True	True	0.0411	8.75	production_all	1b5b8a3dfbee869f5bef037fc0ebcf0443e1c450ce39e644ac98a8bddb061619	08d0fcd50d524bb6991fe350af440c5f2729ef516c8989a81236687cf66bd410	cn512-10-r	Intel(R) Xeon(R) Gold 6248 CPU @ 2.50GHz	50483032	580
ore_ont_16558.owl	ok	match	True	True	0.1001	18.04	elc	a89fcaec0acf48929b811ad17b0a59dae35e6000e3da2a3eb5a38face70b89f0	08d0fcd50d524bb6991fe350af440c5f2729ef516c8989a81236687cf66bd410	cn512-08-l	Intel(R) Xeon(R) Gold 6248 CPU @ 2.50GHz	50483032	581
ore_ont_16559.owl	ok	match	True	True	0.4584	79.91	elc	25a9dfe3607834ad90d624672276aede57eaf02784efa544063dd4489337adab	08d0fcd50d524bb6991fe350af440c5f2729ef516c8989a81236687cf66bd410	cn512-06-l	Intel(R) Xeon(R) Gold 6248 CPU @ 2.50GHz	50483032	582
ore_ont_16596.owl	ok	match	True	True	10.9006	2465.88	production_all	59fe2ee75b8ea859b8dadcc4715d8591b3f1b41c2880e673b3a24ec9613a267c	08d0fcd50d524bb6991fe350af440c5f2729ef516c8989a81236687cf66bd410	cn512-05-l	Intel(R) Xeon(R) Gold 6248 CPU @ 2.50GHz	50483032	583
ore_ont_16619.owl	ok	match	True	True	0.4259	48.48	elc	fb177a37c99251f771c426c2b969026f3a1e8efffc7fb30336b4543b014707e2	08d0fcd50d524bb6991fe350af440c5f2729ef516c8989a81236687cf66bd410	cn512-25-l	Intel(R) Xeon(R) Gold 6248 CPU @ 2.50GHz	50483032	584
ore_ont_16626.owl	ok	match	True	True	0.0385	7.19	production_all	4c0fc61e706201f24a9b90a90645e46f89e292aebc1411ae5d428a2aeb00fc90	08d0fcd50d524bb6991fe350af440c5f2729ef516c8989a81236687cf66bd410	cn512-16-r	Intel(R) Xeon(R) Gold 6248 CPU @ 2.50GHz	50483032	585
ore_ont_16684.owl	ok	match	True	True	0.7605	82.04	elc	25a9dfe3607834ad90d624672276aede57eaf02784efa544063dd4489337adab	08d0fcd50d524bb6991fe350af440c5f2729ef516c8989a81236687cf66bd410	cn512-14-r	Intel(R) Xeon(R) Gold 6248 CPU @ 2.50GHz	50483032	586
ore_ont_16687.owl	ok	match	True	True	0.5543	65.32	elc	065e1e1457ce47b8ce09b524443d73adc155d2d40d1a6303dec535d74378c086	08d0fcd50d524bb6991fe350af440c5f2729ef516c8989a81236687cf66bd410	cn512-09-l	Intel(R) Xeon(R) Gold 6248 CPU @ 2.50GHz	50483032	587
ore_ont_16730.owl	ok	match	True	True	0.0412	6.56	elc	a387245df155c38805c9fb5860713f05c5747dcc66cb68aeed3f348cce01ed68	08d0fcd50d524bb6991fe350af440c5f2729ef516c8989a81236687cf66bd410	cn512-06-r	Intel(R) Xeon(R) Gold 6248 CPU @ 2.50GHz	50483032	588
ore_ont_16744.owl	ok	match	True	True	74.1055	5675.55	certified_el_production	25a9dfe3607834ad90d624672276aede57eaf02784efa544063dd4489337adab	08d0fcd50d524bb6991fe350af440c5f2729ef516c8989a81236687cf66bd410	cn512-27-l	Intel(R) Xeon(R) Gold 6248 CPU @ 2.50GHz	50483032	589
ore_ont_16777.owl	ok	match	True	True	0.0411	8.12	production_all	25a9dfe3607834ad90d624672276aede57eaf02784efa544063dd4489337adab	08d0fcd50d524bb6991fe350af440c5f2729ef516c8989a81236687cf66bd410	cn512-22-r	Intel(R) Xeon(R) Gold 6248 CPU @ 2.50GHz	50483032	590
ore_ont_16821.owl	ok	match	True	True	0.0412	7.19	elc	1a2026b1f210fee29abcf425160d81ab1f0edef058aec0379f8dbf0b3bce7cc2	08d0fcd50d524bb6991fe350af440c5f2729ef516c8989a81236687cf66bd410	cn512-20-r	Intel(R) Xeon(R) Gold 6248 CPU @ 2.50GHz	50483032	591
