ontology	index	status	verdict	solved	selected_route	wall_s	peak_mb	binary_sha256	signature_sha256	correctness_basis	slurm_job_id
ore_ont_33.owl	0	ok	match	True	production_all	0.3389	52.46	546ecedfd926794879e1ddae60cfd74e00896a264b0513324afaef0060161089	c547c598ede2b73339e49f4c1e805d2cdb9eacf5916e6a87169653fea88bad2d		50015230
ore_ont_105.owl	1	ok	match	True	production_all	0.0408	6.88	546ecedfd926794879e1ddae60cfd74e00896a264b0513324afaef0060161089	b87db53f167df5a69d109d90740cadf2bb2c27635e9496a86f454e4838ed8728		50015236
ore_ont_148.owl	2	ok	match	True	nominals	10.3552	1627.95	546ecedfd926794879e1ddae60cfd74e00896a264b0513324afaef0060161089	10ef79ea10318d5197169737fc59d7d5771162a452a2e4e1a74a7a0ca880d944		50015237
ore_ont_178.owl	3	ok	match	True	nominals	0.0988	37.07	546ecedfd926794879e1ddae60cfd74e00896a264b0513324afaef0060161089	e6e4ebc5a09a391d077e5e5a30b88abe563b2c13b222f6bab8cdf1aecbf50e0a		50015242
ore_ont_258.owl	4	ok	match	True	production_all	0.0405	7.19	546ecedfd926794879e1ddae60cfd74e00896a264b0513324afaef0060161089	9579a5c955be86249c9f139f96cfae0fc4ab29399e898cd12d2c769e74e464c9		50015268
ore_ont_269.owl	5	ok	match	True	production_all	2.2355	559.27	546ecedfd926794879e1ddae60cfd74e00896a264b0513324afaef0060161089	25a9dfe3607834ad90d624672276aede57eaf02784efa544063dd4489337adab		50015272
ore_ont_338.owl	6	ok	match	True	production_all	0.0414	7.19	546ecedfd926794879e1ddae60cfd74e00896a264b0513324afaef0060161089	b745bb36702b9861d79f297df70982109814a0a5c5579b2af04f4fd748403746		50015276
ore_ont_380.owl	7	ok	match	True	production_all	0.0694	12.52	546ecedfd926794879e1ddae60cfd74e00896a264b0513324afaef0060161089	55086452e6fa037ae88e22f05bf4fd7fae44c534fc7dbcf65691946962e0e202		50015277
ore_ont_394.owl	8	ok	match	True	nominals	0.0993	30.2	546ecedfd926794879e1ddae60cfd74e00896a264b0513324afaef0060161089	b0b77ecd4bd6ae54580d015e3168dae58e0dd9cd80f64ecebf29d2fa2dfe5c02		50015278
ore_ont_412.owl	9	ok	match	True	production_all	0.0998	20.79	546ecedfd926794879e1ddae60cfd74e00896a264b0513324afaef0060161089	9e482716a302992d30f7afcb71c473594584992bd4a9032ace1f005c460987da		50015279
ore_ont_443.owl	10	ok	match	True	nominals	0.1018	23.52	546ecedfd926794879e1ddae60cfd74e00896a264b0513324afaef0060161089	3c48c283d1292f55fe67383942d35be768499f1f96e83f0adf812c000ac3b9dd		50015280
ore_ont_457.owl	11	ok	match	True	production_all	0.0706	14.38	546ecedfd926794879e1ddae60cfd74e00896a264b0513324afaef0060161089	21d873c690e1f8ddd85fb557aa6ccd2dec40902830769885cb340d5889bd1b06		50015281
ore_ont_508.owl	12	ok	match	True	production_all	0.0407	7.5	546ecedfd926794879e1ddae60cfd74e00896a264b0513324afaef0060161089	3847724c9e9e2a9fcf6c97fe0e5fdbe9cb10a1957f3521806480ac5f21de5f1f		50015284
ore_ont_541.owl	13	ok	match	True	production_all	0.1583	47.17	546ecedfd926794879e1ddae60cfd74e00896a264b0513324afaef0060161089	c20d3724284bad20c79b64470da7d1a176fa34e92aa993fed54799a9bdbfb82e		50015286
ore_ont_544.owl	14	ok	match	True	production_all	0.1308	20.54	546ecedfd926794879e1ddae60cfd74e00896a264b0513324afaef0060161089	fae1e3e632c54b1c5a0b1de39cd2907984c5cb7cb41be063ba05dc1a00470694		50015289
ore_ont_566.owl	15	ok	match	True	production_all	0.069	11.55	546ecedfd926794879e1ddae60cfd74e00896a264b0513324afaef0060161089	3460573f3c96cde1f3769168bd13a417b28ed1b271986165c4ea3a4bb63652c7		50015292
ore_ont_637.owl	16	ok	match	True	production_all	0.0411	8.75	546ecedfd926794879e1ddae60cfd74e00896a264b0513324afaef0060161089	cb49a9ec460d5f3888d3d2416aa7ce8ddb9ce0c3057009d3ae037567be23d277		50015293
ore_ont_670.owl	17	ok	match	True	production_all	0.0702	13.12	546ecedfd926794879e1ddae60cfd74e00896a264b0513324afaef0060161089	73ed44f501a16b10e3fc47bfe462789376f5337a258b8d668544d0fd82f3e07d		50015295
ore_ont_703.owl	18	ok	match	True	production_all	0.0411	8.75	546ecedfd926794879e1ddae60cfd74e00896a264b0513324afaef0060161089	3fab48d1d70f73e046aaa7fc045b757147a895eb288a037e3d7e7a4cc9218923		50015297
ore_ont_725.owl	19	ok	match	True	production_all	0.0697	12.62	546ecedfd926794879e1ddae60cfd74e00896a264b0513324afaef0060161089	bcb36636c59fa3d9c804c5fe45671d1ec6012c5afabc66a6209c1ece82e576f7		50015298
ore_ont_795.owl	20	ok	match	True	production_all	5.9503	1190.11	546ecedfd926794879e1ddae60cfd74e00896a264b0513324afaef0060161089	46bc86a218926fba754a544edfbd189e4985f4d1588bb590b4e7d16e7bf425b8		50015300
ore_ont_840.owl	21	ok	match	True	production_all	2.3115	405.8	546ecedfd926794879e1ddae60cfd74e00896a264b0513324afaef0060161089	3d88d25973c176a4c55bedc4af8b0111afbdde3b792af73c4c86386e94dad4a9		50015309
ore_ont_868.owl	22	ok	match	True	production_all	54.2326	5327.38	546ecedfd926794879e1ddae60cfd74e00896a264b0513324afaef0060161089	be6be6663ffd9721606bf3cb61308789c55c28ffbe8d4ba2d85d0ee60b7fcc0f		50015315
ore_ont_869.owl	23	ok	match	True	production_all	0.0995	16.34	546ecedfd926794879e1ddae60cfd74e00896a264b0513324afaef0060161089	786a9d5011c8dfe4b3b537254d4949946a4aa2a65bfa7246ecbbc5816ec89823		50015543
ore_ont_935.owl	24	ok	match	True	production_all	0.6792	58.92	546ecedfd926794879e1ddae60cfd74e00896a264b0513324afaef0060161089	e28734d416a55cc903d9b1d299be79e05763691b27185934a94a42f59524be2e		50015544
ore_ont_947.owl	25	ok	match	True	production_all	0.3888	45.23	546ecedfd926794879e1ddae60cfd74e00896a264b0513324afaef0060161089	04edb515f2bfe70c8381f2886402201b30947dfedb48f69eccfab4275f8d9baf		50015546
ore_ont_960.owl	26	ok	match	True	nominals	1.3427	818.87	546ecedfd926794879e1ddae60cfd74e00896a264b0513324afaef0060161089	f4cfde7f23bbb2df47ece80129e120bd127df90b2793cfc5fe5bfe924b0bad33		50015550
ore_ont_964.owl	27	ok	match	True	production_all	0.392	51.98	546ecedfd926794879e1ddae60cfd74e00896a264b0513324afaef0060161089	bf71a4cbd9ebf8173477e14cd8e902174c692fbfe824487fc5f22119a63f5500		50015551
ore_ont_1012.owl	28	ok	match	True	production_all	60.1306	6201.19	546ecedfd926794879e1ddae60cfd74e00896a264b0513324afaef0060161089	25a9dfe3607834ad90d624672276aede57eaf02784efa544063dd4489337adab		50015553
ore_ont_1016.owl	29	ok	match	True	production_all	1.0517	633.32	546ecedfd926794879e1ddae60cfd74e00896a264b0513324afaef0060161089	4761511ebdff1db0c30c8c5cac756a6fde57bf284d7be536740fd3e145e0a694		50015592
ore_ont_1017.owl	30	ok	match	True	production_all	0.0698	12.5	546ecedfd926794879e1ddae60cfd74e00896a264b0513324afaef0060161089	ae99b783760a88e6b52f52e8fc649a680d05124b89be44322252f8d9a4e9b7b8		50015593
ore_ont_1034.owl	31	ok	match	True	production_all	0.0409	8.44	546ecedfd926794879e1ddae60cfd74e00896a264b0513324afaef0060161089	25a9dfe3607834ad90d624672276aede57eaf02784efa544063dd4489337adab		50015594
ore_ont_1082.owl	32	ok	match	True	production_all	2.3634	579.0	546ecedfd926794879e1ddae60cfd74e00896a264b0513324afaef0060161089	d74d401fbc3ede0305a22638186dbf109482648f2c9bee7be761183c26937f9a		50015595
ore_ont_1194.owl	33	error	error	False	nominals	29.9453	18490.94	546ecedfd926794879e1ddae60cfd74e00896a264b0513324afaef0060161089			50015186
ore_ont_1212.owl	34	ok	match	True	production_all	1.349	282.73	546ecedfd926794879e1ddae60cfd74e00896a264b0513324afaef0060161089	772e912b94a8d6e544147a6baef2955c80c5f9e7d4f2c805da71d1e1f9474516		50015597
ore_ont_1272.owl	35	ok	match	True	production_all	3.2468	711.96	546ecedfd926794879e1ddae60cfd74e00896a264b0513324afaef0060161089	ba4a5ca1111a1ab31aaab5c4fee7b7cf5fb80a35ceda816fbfca46da60d13da0		50015599
ore_ont_1306.owl	36	ok	match	True	production_all	40.7527	4612.45	546ecedfd926794879e1ddae60cfd74e00896a264b0513324afaef0060161089	25a9dfe3607834ad90d624672276aede57eaf02784efa544063dd4489337adab		50015600
ore_ont_1325.owl	37	ok	match	True	production_all	0.0407	8.44	546ecedfd926794879e1ddae60cfd74e00896a264b0513324afaef0060161089	f4d1df3b8fd67c88abe2789c705dcf70bea77e675f8196f5ecb4bba1f440b8be		50015638
ore_ont_1340.owl	38	ok	match	True	production_all	0.1895	51.19	546ecedfd926794879e1ddae60cfd74e00896a264b0513324afaef0060161089	cd58269a7598470fd2e574ac761fc27a8579eaf49b660f71530d93af973ec852		50015639
ore_ont_1357.owl	39	ok	match	True	production_all	5.1009	1053.46	546ecedfd926794879e1ddae60cfd74e00896a264b0513324afaef0060161089	252e5a317e97b937b29f83d93539566a7028d833752c8c7433dcb66bc9946f5a		50015642
ore_ont_1370.owl	40	ok	match	True	production_all	12.4495	1958.3	546ecedfd926794879e1ddae60cfd74e00896a264b0513324afaef0060161089	c05f030504ebae8cf9ae1a43f33f679c0eb33055041d00f5ba3797c5ec3f2408		50015643
ore_ont_1420.owl	41	ok	match	True	production_all	0.0412	7.19	546ecedfd926794879e1ddae60cfd74e00896a264b0513324afaef0060161089	4823f97a40abc54c7cdaeb1da933f82879169872bed63ed9a200c0ba94d3f9c5		50015646
ore_ont_1473.owl	42	ok	match	True	production_all	0.0706	11.52	546ecedfd926794879e1ddae60cfd74e00896a264b0513324afaef0060161089	0294b032925c15c476e5177efb18e8e6f3208e75b5a05531ebbc3aa67610afec		50015647
ore_ont_1481.owl	43	ok	match	True	production_all	1.2068	287.57	546ecedfd926794879e1ddae60cfd74e00896a264b0513324afaef0060161089	4258584ca637b9cb22cf9a2a5adf454d2630a2af8bd7524f62032bc048bb52dc		50015648
ore_ont_1493.owl	44	ok	match	True	production_all	0.281	67.5	546ecedfd926794879e1ddae60cfd74e00896a264b0513324afaef0060161089	db0c3f18e8a94a9ba207e78900e81b51fd5883e09c1aacd893600bc96fcf4fbe		50015651
ore_ont_1494.owl	45	ok	match	True	production_all	0.0411	8.44	546ecedfd926794879e1ddae60cfd74e00896a264b0513324afaef0060161089	0c5bac20e795a43b20fa62c2633255b76b0b0e309ac355d1f474982d966c8a97		50015652
ore_ont_1501.owl	46	ok	match	True	production_all	0.4173	50.21	546ecedfd926794879e1ddae60cfd74e00896a264b0513324afaef0060161089	12cd4960cb68b7dc6a9a238e85da4036dc3f54687cf9402764fb38a886c7456a		50015653
ore_ont_1555.owl	47	ok	match	True	nominals	0.2213	105.87	546ecedfd926794879e1ddae60cfd74e00896a264b0513324afaef0060161089	a9a6e523bf2e63b92cabe7d60d4ca2a160340fd91a5d0bd5653d6f40f352bbfc		50015654
ore_ont_1559.owl	48	ok	match	True	production_all	58.04	8357.48	546ecedfd926794879e1ddae60cfd74e00896a264b0513324afaef0060161089	a1ad6c7eedab65f2395675205f0cbfbb3c25aad43d40690ad8acfbae483a652d		50015655
ore_ont_1579.owl	49	ok	match	True	production_all	12.647	1038.62	546ecedfd926794879e1ddae60cfd74e00896a264b0513324afaef0060161089	1e3901c4e07c5ed16d1540ad65c9c714ab2b8d2c2a3f8f7ce285745c1dc69498		50015658
ore_ont_1603.owl	50	ok	match	True	production_all	4.5349	413.56	546ecedfd926794879e1ddae60cfd74e00896a264b0513324afaef0060161089	fa39d615f9e61b2f89febfb836d0fa368b9435190ce5604b479573c80a7e3081		50015665
ore_ont_1618.owl	51	ok	match	True	production_all	0.0408	15.24	546ecedfd926794879e1ddae60cfd74e00896a264b0513324afaef0060161089	e2658caadf043dbf5c015820328c06e106102c19d14b53944c95ccdc74a85554		50015667
ore_ont_1666.owl	52	ok	match	True	production_all	0.3328	43.62	546ecedfd926794879e1ddae60cfd74e00896a264b0513324afaef0060161089	fa40d5b25c95a52249cb01f29ba0f315d1a0223bb9f9080bb70f7d47e741adbd		50015669
ore_ont_1790.owl	53	ok	match	True	nominals	8.6571	1583.86	546ecedfd926794879e1ddae60cfd74e00896a264b0513324afaef0060161089	6dd2a1f6eaa9f001ed5c7db958ff1edd374302f7b4e6b64679a6b0deb7635ff6		50015671
ore_ont_1793.owl	54	ok	match	True	production_all	0.0701	8.44	546ecedfd926794879e1ddae60cfd74e00896a264b0513324afaef0060161089	880e5d909a6e1aadf9f84775c3bf73bd5c26bbe4d9a3f2b494477818ad6b2832		50015672
ore_ont_1902.owl	55	ok	match	True	production_all	0.0703	8.75	546ecedfd926794879e1ddae60cfd74e00896a264b0513324afaef0060161089	ced976926250d9f91ce25eb6fa928bab4b4b0c9b0864abc43fcb5f2eea7a05b7		50015673
ore_ont_1967.owl	56	ok	match	True	production_all	0.0406	7.19	546ecedfd926794879e1ddae60cfd74e00896a264b0513324afaef0060161089	efda811e1d6e9ea5f0db4e624fb6396525b8b8062b2425db6e4d09050f5b1c17		50015674
ore_ont_1970.owl	57	ok	match	True	production_all	0.1905	27.41	546ecedfd926794879e1ddae60cfd74e00896a264b0513324afaef0060161089	61b592347078fca805011c536599fcf4a353ccb7e90d1677c3b07485f1d77e72		50015676
ore_ont_2011.owl	58	ok	match	True	production_all	0.0429	10.31	546ecedfd926794879e1ddae60cfd74e00896a264b0513324afaef0060161089	56ed4e3d127a5629acea9af4a49866c473a53c149dfa685e194191af802668dd		50015677
ore_ont_2036.owl	59	ok	match	True	production_all	0.041	7.19	546ecedfd926794879e1ddae60cfd74e00896a264b0513324afaef0060161089	1b7cba6bc7b03320f1e66d8e1e8ab7f7055d76d6531012ecc7237356e50201fc		50015678
ore_ont_2046.owl	60	ok	match	True	production_all	17.8642	3241.9	546ecedfd926794879e1ddae60cfd74e00896a264b0513324afaef0060161089	25a9dfe3607834ad90d624672276aede57eaf02784efa544063dd4489337adab		50015679
ore_ont_2066.owl	61	ok	match	True	production_all	0.0407	7.81	546ecedfd926794879e1ddae60cfd74e00896a264b0513324afaef0060161089	91adc813320db3dcb85694efba9d6579b27797ae80fab7cbed7660d01b838a28		50015705
ore_ont_2105.owl	62	ok	match	True	production_all	0.8971	264.05	546ecedfd926794879e1ddae60cfd74e00896a264b0513324afaef0060161089	25a9dfe3607834ad90d624672276aede57eaf02784efa544063dd4489337adab		50015710
ore_ont_2128.owl	63	ok	match	True	production_all	0.3101	38.33	546ecedfd926794879e1ddae60cfd74e00896a264b0513324afaef0060161089	2e3d43d2ccdef95965bb116db6a147ac1c9436689d91642fdc0a0ae516665943		50015713
ore_ont_2129.owl	64	ok	match	True	production_all	0.4903	55.84	546ecedfd926794879e1ddae60cfd74e00896a264b0513324afaef0060161089	cb1caedcdcf14007912e6f4869d1347fe285cc5c4d848f40f247b83ee9989851		50015722
ore_ont_2195.owl	65	ok	match	True	production_all	0.1002	36.57	546ecedfd926794879e1ddae60cfd74e00896a264b0513324afaef0060161089	25a9dfe3607834ad90d624672276aede57eaf02784efa544063dd4489337adab		50015724
ore_ont_2228.owl	66	ok	match	True	production_all	0.0407	7.5	546ecedfd926794879e1ddae60cfd74e00896a264b0513324afaef0060161089	ce2a95ed1d1036bf9d4704f8cf34410b65b27c0792ad983ffa7bcdf93124e17f		50015725
ore_ont_2237.owl	67	ok	match	True	production_all	0.0708	7.81	546ecedfd926794879e1ddae60cfd74e00896a264b0513324afaef0060161089	25a9dfe3607834ad90d624672276aede57eaf02784efa544063dd4489337adab		50015886
ore_ont_2243.owl	68	ok	match	True	production_all	7.5925	1713.5	546ecedfd926794879e1ddae60cfd74e00896a264b0513324afaef0060161089	25a9dfe3607834ad90d624672276aede57eaf02784efa544063dd4489337adab		50015887
ore_ont_2253.owl	69	ok	match	True	production_all	20.5404	3729.11	546ecedfd926794879e1ddae60cfd74e00896a264b0513324afaef0060161089	25a9dfe3607834ad90d624672276aede57eaf02784efa544063dd4489337adab		50015892
ore_ont_2266.owl	70	ok	match	True	production_all	0.0715	13.48	546ecedfd926794879e1ddae60cfd74e00896a264b0513324afaef0060161089	b259329a58c29998b5e5fb98602314993dcc590449779f452e8b5d7c24f1fdbd		50015893
ore_ont_2313.owl	71	ok	match	True	production_all	0.9993	210.46	546ecedfd926794879e1ddae60cfd74e00896a264b0513324afaef0060161089	4b1c2c0b5c33e7ea8178bc5c98d5a8cebc422a378856682657ae0036ecf4fef8		50015894
ore_ont_2317.owl	72	ok	match	True	production_all	0.5531	61.7	546ecedfd926794879e1ddae60cfd74e00896a264b0513324afaef0060161089	06aea88f93c8a06fd471868569d9c58f3a0e1ea01f06c1accbb26d292d5cec76		50015895
ore_ont_2333.owl	73	ok	match	True	production_all	0.1926	63.03	546ecedfd926794879e1ddae60cfd74e00896a264b0513324afaef0060161089	afac023702c0cc4c05d8529939485e44cc82c4f08d6d4108b5ae432ba581aef9		50015898
ore_ont_2361.owl	74	ok	match	True	production_all	10.9886	1493.69	546ecedfd926794879e1ddae60cfd74e00896a264b0513324afaef0060161089	8e53f546be8c3e5a75323e982976ce736e03fdd7215f8151cee711479b994b36		50015899
ore_ont_2377.owl	75	ok	match	True	production_all	0.1587	20.57	546ecedfd926794879e1ddae60cfd74e00896a264b0513324afaef0060161089	bf3c549a55d176d5afde0b3ae58f955c13ed80a01d8125d635ac86be234e05c2		50015900
ore_ont_2378.owl	76	ok	match	True	production_all	0.0707	12.13	546ecedfd926794879e1ddae60cfd74e00896a264b0513324afaef0060161089	456885455165455332dfd3bedfcd097c8bb74b34227a78d2f807df414bb96578		50015901
ore_ont_2397.owl	77	ok	match	True	production_all	2.4364	560.82	546ecedfd926794879e1ddae60cfd74e00896a264b0513324afaef0060161089	8a4a0c8bc8402efaf65343c6e3f705dcc3faabbbeaa15ae6ee5d34cc5259d06e		50015902
ore_ont_2440.owl	78	ok	match	True	production_all	0.1006	16.46	546ecedfd926794879e1ddae60cfd74e00896a264b0513324afaef0060161089	5a47a7dfd4ef9fd3755517b8220470e67a0a4611f8c5fc76fa395544f822571e		50015903
ore_ont_2453.owl	79	ok	match	True	production_all	0.1635	45.98	546ecedfd926794879e1ddae60cfd74e00896a264b0513324afaef0060161089	104ea91f04934d91a9e0815b45a9940e4e60c9e8aaec0838658a8814d6004ffa		50015904
ore_ont_2469.owl	80	ok	match	True	production_all	8.5444	1790.48	546ecedfd926794879e1ddae60cfd74e00896a264b0513324afaef0060161089	738b1c7ce71d64c72af0d7c491746e78c01fc4bc002df6313b1ed3a2c80cd719		50015906
ore_ont_2485.owl	81	ok	match	True	production_all	0.0425	9.11	546ecedfd926794879e1ddae60cfd74e00896a264b0513324afaef0060161089	b254f390278d1308d3020ce93a0e4bfe308f497cf36477cc27bbb763d08458df		50015907
ore_ont_2491.owl	82	ok	match	True	production_all	0.6975	167.2	546ecedfd926794879e1ddae60cfd74e00896a264b0513324afaef0060161089	25a9dfe3607834ad90d624672276aede57eaf02784efa544063dd4489337adab		50015908
ore_ont_2496.owl	83	ok	match	True	production_all	0.1018	14.75	546ecedfd926794879e1ddae60cfd74e00896a264b0513324afaef0060161089	6c8c2dd1ea442064196c32326cd1c2c8d3a72ecf5e3d2c331a16cc9281ffa925		50015909
ore_ont_2497.owl	84	ok	match	True	production_all	0.435	44.91	546ecedfd926794879e1ddae60cfd74e00896a264b0513324afaef0060161089	7c5910f08321736ac0f61ab34fd1b38ef7ab515e5625800662344bdf0365b1c7		50015910
ore_ont_2557.owl	85	ok	match	True	production_all	0.0413	9.53	546ecedfd926794879e1ddae60cfd74e00896a264b0513324afaef0060161089	25a9dfe3607834ad90d624672276aede57eaf02784efa544063dd4489337adab		50015911
ore_ont_2569.owl	86	ok	match	True	production_all	0.1034	18.34	546ecedfd926794879e1ddae60cfd74e00896a264b0513324afaef0060161089	f24e7d7134057ec9e2d1325d01ae3d43562f5d211c84654d4726d67eee07aed9		50015912
ore_ont_2591.owl	87	ok	match	True	production_all	0.4809	54.91	546ecedfd926794879e1ddae60cfd74e00896a264b0513324afaef0060161089	25a9dfe3607834ad90d624672276aede57eaf02784efa544063dd4489337adab		50015914
ore_ont_2627.owl	88	ok	match	True	production_all	1.345	310.41	546ecedfd926794879e1ddae60cfd74e00896a264b0513324afaef0060161089	bf4c6b70ee61c103bc93c176ef918936c57a650723d025e60e69b91c8832bb8b		50015915
ore_ont_2632.owl	89	ok	match	True	nominals	1.9665	510.55	546ecedfd926794879e1ddae60cfd74e00896a264b0513324afaef0060161089	62e68a1ac660d1e1e592bc93f63b7ae9f7acc7abdfa947f439c231d3a6f804d3		50015916
ore_ont_2654.owl	90	ok	match	True	production_all	0.0414	8.49	546ecedfd926794879e1ddae60cfd74e00896a264b0513324afaef0060161089	3453da9381fa3e59bdb9b370be6f6df50aba9d9d88fc465e3d19e3894e14d009		50015917
ore_ont_2661.owl	91	ok	match	True	production_all	0.9895	222.92	546ecedfd926794879e1ddae60cfd74e00896a264b0513324afaef0060161089	9f600e8b5d326d5a3980de356c4a8b1ca839ec07547ad7ad3abff09a2cc2045f		50015918
ore_ont_2662.owl	92	ok	match	True	production_all	0.0414	7.5	546ecedfd926794879e1ddae60cfd74e00896a264b0513324afaef0060161089	fd34b1d4ceb20c5e75b681223a69317888fd506e8507339ea206a877509b78c4		50015919
ore_ont_2669.owl	93	ok	consistency_mismatch	False	ht_rules	0.1649	25.0	546ecedfd926794879e1ddae60cfd74e00896a264b0513324afaef0060161089	3c48c283d1292f55fe67383942d35be768499f1f96e83f0adf812c000ac3b9dd		50015920
ore_ont_2672.owl	94	ok	match	True	production_all	0.0413	8.75	546ecedfd926794879e1ddae60cfd74e00896a264b0513324afaef0060161089	ccec9d60ef1094821eb6a78cfc3f7622e8a27e0abd8d4c0e041c3e950febe5a1		50015922
ore_ont_2678.owl	95	ok	match	True	nominals	0.1018	65.74	546ecedfd926794879e1ddae60cfd74e00896a264b0513324afaef0060161089	4d94e1f7530b312057603495f8070e53a9716410718fe3794dac0817974fc788		50015923
ore_ont_2713.owl	96	ok	match	True	production_all	0.0412	8.44	546ecedfd926794879e1ddae60cfd74e00896a264b0513324afaef0060161089	7d4cfe7d4dbc46f455eac2edb2b1f18fb1311cc83088c0fd513b2a1a8b6ed859		50015925
ore_ont_2720.owl	97	ok	match	True	production_all	0.0408	9.38	546ecedfd926794879e1ddae60cfd74e00896a264b0513324afaef0060161089	809fa595c9cd497346a427ce8a4df2a95f9aa123110f8772b5085cdff3a09800		50015926
ore_ont_2744.owl	98	ok	match	True	nominals	0.1013	76.74	546ecedfd926794879e1ddae60cfd74e00896a264b0513324afaef0060161089	cc1a1bfca6d6ba98ffc979241d1b99f078e266c40abb6c2e862884301f8b44bd		50015927
ore_ont_2753.owl	99	ok	match	True	production_all	0.0416	8.12	546ecedfd926794879e1ddae60cfd74e00896a264b0513324afaef0060161089	2edc19bebc56e548c1a2996cf388171b36806041f17480c9a1fb2606cab8334c		50015928
ore_ont_2803.owl	100	ok	match	True	production_all	6.468	1279.08	546ecedfd926794879e1ddae60cfd74e00896a264b0513324afaef0060161089	f0c432fee3845eb4ee0944c812ab0cadbbb8b96ea3184fcfff116504553d20e6		50015929
ore_ont_2828.owl	101	ok	match	True	production_all	9.4111	2124.19	546ecedfd926794879e1ddae60cfd74e00896a264b0513324afaef0060161089	0399302fe592566a3f17d25fbcacdc7be2952b4cf76e2c14384f00e5f7a73b4f		50015930
ore_ont_2860.owl	102	ok	match	True	nominals	0.2611	159.51	546ecedfd926794879e1ddae60cfd74e00896a264b0513324afaef0060161089	32f9f65defa5b278b7745ffe5d0fc8e4815fd87d064b09f179dd5d5d4322aa26		50015931
ore_ont_2876.owl	103	ok	match	True	production_all	0.0425	6.88	546ecedfd926794879e1ddae60cfd74e00896a264b0513324afaef0060161089	ccdfc6d626940ef30a9115eff4872649ebcdaae60e4ff9e1d922d38485fb44ad		50015932
ore_ont_3050.owl	104	ok	match	True	nominals	10.5567	2988.85	546ecedfd926794879e1ddae60cfd74e00896a264b0513324afaef0060161089	6dd2a1f6eaa9f001ed5c7db958ff1edd374302f7b4e6b64679a6b0deb7635ff6		50015939
ore_ont_3082.owl	105	ok	match	True	production_all	0.0413	6.88	546ecedfd926794879e1ddae60cfd74e00896a264b0513324afaef0060161089	0b77ec936cb4d6f7a533a0b8321147d39fb68a521a2b260f1a81d30e3cb589fa		50015941
ore_ont_3106.owl	106	ok	match	True	production_all	0.2234	35.71	546ecedfd926794879e1ddae60cfd74e00896a264b0513324afaef0060161089	28dfc47a6b572c7c94f510f067e8c416c66be2b4e826c29df6fb4e615d95915f		50015966
ore_ont_3164.owl	107	ok	match	True	production_all	5.3036	950.79	546ecedfd926794879e1ddae60cfd74e00896a264b0513324afaef0060161089	33d524f5fa1fcd7e3ac81f8c2163ee6b7b97cc3236863781ef629d9887b43d0b		50015967
ore_ont_3177.owl	108	ok	match	True	production_all	0.1964	31.96	546ecedfd926794879e1ddae60cfd74e00896a264b0513324afaef0060161089	07663e7029f71a58e44ff18ab67c370076dfb27460959b9943b138948cb9b7d5		50015968
ore_ont_3215.owl	109	ok	match	True	production_all	167.9188	8672.6	546ecedfd926794879e1ddae60cfd74e00896a264b0513324afaef0060161089	2e629f329a33aae3af87893afb850e383d3aece4e19f6785157d4d8756234f6b		50015973
ore_ont_3231.owl	110	ok	match	True	production_all	0.0741	41.92	546ecedfd926794879e1ddae60cfd74e00896a264b0513324afaef0060161089	6c80b4663d84cc112c1f4e35b5dee1d7407ac3435d8593df8805646a5dbd78bb		50015974
ore_ont_3259.owl	111	ok	match	True	production_all	0.073	8.75	546ecedfd926794879e1ddae60cfd74e00896a264b0513324afaef0060161089	25a9dfe3607834ad90d624672276aede57eaf02784efa544063dd4489337adab		50015975
ore_ont_3260.owl	112	ok	match	True	certified_nominals	0.0432	11.66	546ecedfd926794879e1ddae60cfd74e00896a264b0513324afaef0060161089	9e31c7e70c0bc3a4bbd3efb8aacea673b4027a3cc16bf57da05d04e5e295dfdb		50015976
ore_ont_3313.owl	113	ok	match	True	production_all	0.1	17.1	546ecedfd926794879e1ddae60cfd74e00896a264b0513324afaef0060161089	156c0e0737752b0d9eb1dc156090cfce69269a36f7ae125769bc23371a67e4ba		50015978
ore_ont_3349.owl	114	ok	match	True	production_all	0.0424	9.98	546ecedfd926794879e1ddae60cfd74e00896a264b0513324afaef0060161089	fe52ef7294cf036febadb05ab1f05bdf8a0af7e52dd71d1f31ada2bd77229907		50015979
ore_ont_3377.owl	115	ok	match	True	production_all	38.2552	2650.52	546ecedfd926794879e1ddae60cfd74e00896a264b0513324afaef0060161089	c0374ad84f4916ecdb8dc8f8d2ae1455c2285ed2f86aaa14c319c7a50c5900cd		50015993
ore_ont_3406.owl	116	ok	match	True	production_all	1.0376	106.7	546ecedfd926794879e1ddae60cfd74e00896a264b0513324afaef0060161089	624d5d82f0c5f480837cea323d4c86ad7c1e7764ae9b3fb89acb33d9810b3c6c		50015994
ore_ont_3414.owl	117	ok	match	True	production_all	5.2387	1009.87	546ecedfd926794879e1ddae60cfd74e00896a264b0513324afaef0060161089	522aef3af0e145793028b0a2005237437702b100dbb8f4b3ee487aefb3b5b67d		50015996
ore_ont_3418.owl	118	ok	match	True	production_all	0.0429	7.81	546ecedfd926794879e1ddae60cfd74e00896a264b0513324afaef0060161089	70a7760cdf714c8394efe230e853f212aefff565cd7c5c739bbe1386b0fdf0c4		50015999
ore_ont_3463.owl	119	ok	match	True	production_all	0.043	6.88	546ecedfd926794879e1ddae60cfd74e00896a264b0513324afaef0060161089	14e3abbd4745b1013a35ef51291fba70afb6eb51d002d3d2dc9bb09500152904		50016000
ore_ont_3480.owl	120	ok	match	True	production_all	0.3731	47.29	546ecedfd926794879e1ddae60cfd74e00896a264b0513324afaef0060161089	bc2cc27510ca5023d81cee938b7901836f6cb98e1718518aa5d4748de7850ea7		50016001
ore_ont_3524.owl	121	ok	match	True	elc	25.1979	2579.11	546ecedfd926794879e1ddae60cfd74e00896a264b0513324afaef0060161089	090129a7fbaa14652ada3408dd1f160e7dd4a09a3502cc3323d8dad734e8893a	same_job_fulliri_identity_to_konclude	50016003
ore_ont_3560.owl	122	ok	match	True	production_all	24.6863	3717.75	546ecedfd926794879e1ddae60cfd74e00896a264b0513324afaef0060161089	a916c134368b9754f20d8daa6d7a9fd3ab83b8b2b146afb4de212242185d7993		50016012
ore_ont_3635.owl	123	ok	match	True	production_all	0.0732	12.59	546ecedfd926794879e1ddae60cfd74e00896a264b0513324afaef0060161089	d70dda2b2aeb8f0348230a796bbbbeed179618410272f73d0fab0ef58f9807e8		50016013
ore_ont_3640.owl	124	ok	match	True	production_all	0.1046	24.87	546ecedfd926794879e1ddae60cfd74e00896a264b0513324afaef0060161089	0242345796f9a80460ab41889f9c60f161f70d579f65e450ef7cca9e2c93da32		50016015
ore_ont_3658.owl	125	ok	match	True	production_all	6.5849	1145.91	546ecedfd926794879e1ddae60cfd74e00896a264b0513324afaef0060161089	6abf4289743d05b7c75269cde13113316c621516fa3d6cd0306048c161cd1d7b		50016016
ore_ont_3712.owl	126	ok	match	True	production_all	0.292	49.64	546ecedfd926794879e1ddae60cfd74e00896a264b0513324afaef0060161089	24e57541ea2f059f849e07530327b1e6b4197982136b5930d07cc5258156f54c		50016043
ore_ont_3770.owl	127	ok	match	True	production_all	0.043	7.5	546ecedfd926794879e1ddae60cfd74e00896a264b0513324afaef0060161089	25a9dfe3607834ad90d624672276aede57eaf02784efa544063dd4489337adab		50016046
ore_ont_3784.owl	128	ok	match	True	production_all	0.3232	43.41	546ecedfd926794879e1ddae60cfd74e00896a264b0513324afaef0060161089	26b8655c70484396ea5210e6edacb65de63967b0670f1763087e1eecd54c24d9		50016047
ore_ont_3795.owl	129	ok	match	True	nominal_ni_abox	0.9274	556.18	546ecedfd926794879e1ddae60cfd74e00896a264b0513324afaef0060161089	6d9285aae0ab89479bc2db0d99b396d87044ea4f1baa33c4edc5fc5410681760		50016048
ore_ont_3797.owl	130	ok	match	True	production_all	0.3466	44.93	546ecedfd926794879e1ddae60cfd74e00896a264b0513324afaef0060161089	25a9dfe3607834ad90d624672276aede57eaf02784efa544063dd4489337adab		50016051
ore_ont_3836.owl	131	ok	match	True	production_all	31.5251	5320.66	546ecedfd926794879e1ddae60cfd74e00896a264b0513324afaef0060161089	203f79d8a6f6590f120e9edd2b5f01c21a0b39b2fce4a84de55ada270163e4c5		50016056
ore_ont_3842.owl	132	ok	match	True	production_all	0.0411	8.38	546ecedfd926794879e1ddae60cfd74e00896a264b0513324afaef0060161089	149b7198f920010407261137b83b46ba384d57d1349dd3ff2dcdf50f3e36b101		50016058
ore_ont_3905.owl	133	ok	match	True	production_all	0.1921	50.67	546ecedfd926794879e1ddae60cfd74e00896a264b0513324afaef0060161089	9026921dbe65d33881bd60615ecda0c9dd6e7ad4dd9376b64b51596bbc6f8f92		50016059
ore_ont_3909.owl	134	ok	match	True	production_all	0.0414	6.56	546ecedfd926794879e1ddae60cfd74e00896a264b0513324afaef0060161089	5ec0c0065801b5eee139e6d08a289191c287abe064a95ac8fe9570e90d0f6fd6		50016060
ore_ont_3931.owl	135	ok	match	True	production_all	0.1001	26.27	546ecedfd926794879e1ddae60cfd74e00896a264b0513324afaef0060161089	1f5a534b480adabb390fc161c5ae04304f2a150a97a4f9767ac6ba0e107d8b48		50016061
ore_ont_3954.owl	136	ok	match	True	production_all	5.7131	1026.35	546ecedfd926794879e1ddae60cfd74e00896a264b0513324afaef0060161089	f36c7be0b65832b4a9cfe365697a413c326eae0f77db2a4eb2b060ca95f29725		50016062
ore_ont_3978.owl	137	ok	match	True	production_all	0.0992	14.22	546ecedfd926794879e1ddae60cfd74e00896a264b0513324afaef0060161089	b71dc4a127bef014fab3285bdfbb1cf4c4216f4a2e68455021c5192e132ccd2d		50016066
ore_ont_4033.owl	138	ok	match	True	production_all	10.3664	1960.86	546ecedfd926794879e1ddae60cfd74e00896a264b0513324afaef0060161089	25a9dfe3607834ad90d624672276aede57eaf02784efa544063dd4489337adab		50016067
ore_ont_4054.owl	139	ok	match	True	production_all	11.6181	1722.21	546ecedfd926794879e1ddae60cfd74e00896a264b0513324afaef0060161089	5c77ef2e055526a9b27c3ab88ee1395c0c882c223570b27405d71ba35d66e5ef		50016070
ore_ont_4187.owl	140	ok	match	True	production_all	7.9573	1348.83	546ecedfd926794879e1ddae60cfd74e00896a264b0513324afaef0060161089	cef1b9f701cffb9b99d93deb4f140456ba23b035a4564400f836f9f85d471d9f		50016071
ore_ont_4205.owl	141	ok	match	True	production_all	15.4157	2089.35	546ecedfd926794879e1ddae60cfd74e00896a264b0513324afaef0060161089	59fe2ee75b8ea859b8dadcc4715d8591b3f1b41c2880e673b3a24ec9613a267c		50016072
ore_ont_4226.owl	142	ok	match	True	production_all	0.4176	50.02	546ecedfd926794879e1ddae60cfd74e00896a264b0513324afaef0060161089	a2c9fd27be406668497189b64f1f673b22ea55c2266d5417991166ab3fdc6685		50016073
ore_ont_4235.owl	143	ok	match	True	production_all	0.7937	196.84	546ecedfd926794879e1ddae60cfd74e00896a264b0513324afaef0060161089	059c0056376d51c12f6acbcb677a0cf1fd8d0d7f6102be275d5589d98c00c855		50016074
ore_ont_4382.owl	144	ok	match	True	production_all	0.0405	7.5	546ecedfd926794879e1ddae60cfd74e00896a264b0513324afaef0060161089	8bd0ba01b95a8a38e2bfca8f7deadc71c897cfb5999690720930f1e2cac57430		50016076
ore_ont_4383.owl	145	ok	match	True	production_all	0.1286	19.66	546ecedfd926794879e1ddae60cfd74e00896a264b0513324afaef0060161089	1e7c8f95f8b2b70c11e9442bd78155ef52288cc457dbd14c42fb2f77f510a315		50016077
ore_ont_4400.owl	146	ok	match	True	production_all	0.0408	9.69	546ecedfd926794879e1ddae60cfd74e00896a264b0513324afaef0060161089	716cfa2d10db6e72f4c010954339c97c77a6d7400ca7547d0b9b5313da0a07d0		50016078
ore_ont_4460.owl	147	ok	match	True	production_all	0.314	51.73	546ecedfd926794879e1ddae60cfd74e00896a264b0513324afaef0060161089	4afcf15d32cdd9f6fb257c5e3935c76c482fec3a5ee5a4bf823d2c447801750e		50016079
ore_ont_4487.owl	148	ok	match	True	production_all	2.7482	628.59	546ecedfd926794879e1ddae60cfd74e00896a264b0513324afaef0060161089	7b1409b24f397a7d20f5d762e29936bf0731cd36c00c26743379c5b5e6ea6683		50016080
ore_ont_4527.owl	149	ok	match	True	production_all	0.0994	15.66	546ecedfd926794879e1ddae60cfd74e00896a264b0513324afaef0060161089	bc4c60af4746bace5e1ec2d8deb46c8fe9820e2ea43efd33a8c2012c8921fdd7		50016081
ore_ont_4557.owl	150	ok	match	True	production_all	18.6844	3496.74	546ecedfd926794879e1ddae60cfd74e00896a264b0513324afaef0060161089	25a9dfe3607834ad90d624672276aede57eaf02784efa544063dd4489337adab		50016082
ore_ont_4572.owl	151	ok	match	True	production_all	4.0287	353.23	546ecedfd926794879e1ddae60cfd74e00896a264b0513324afaef0060161089	c2aff89794b9370cc1203d175854919a112f6108c687c071701adb00dfb593d5		50016083
ore_ont_4578.owl	152	ok	match	True	production_all	0.2224	36.37	546ecedfd926794879e1ddae60cfd74e00896a264b0513324afaef0060161089	28dfc47a6b572c7c94f510f067e8c416c66be2b4e826c29df6fb4e615d95915f		50016084
ore_ont_4604.owl	153	ok	match	True	production_all	12.839	2693.51	546ecedfd926794879e1ddae60cfd74e00896a264b0513324afaef0060161089	d07c82fff63f66ce9e43811301a81def8459e9cac0593d2946d658c9220d7358		50016085
ore_ont_4617.owl	154	ok	match	True	production_all	3.5124	714.66	546ecedfd926794879e1ddae60cfd74e00896a264b0513324afaef0060161089	9a6830c5cb0fc8b5446fc048ca3d306977592262f881e96a5269e5ed3db0e02f		50016086
ore_ont_4655.owl	155	ok	match	True	production_all	0.1544	25.33	546ecedfd926794879e1ddae60cfd74e00896a264b0513324afaef0060161089	6b1945e00a8cb4bdfc5e2e33e163d8de34c7ab1d0dc1d2517212df3700e3805b		50016087
ore_ont_4662.owl	156	ok	match	True	production_all	0.6534	68.98	546ecedfd926794879e1ddae60cfd74e00896a264b0513324afaef0060161089	9bb1d2922d51430135d0f93a742d285f5f11dbdda53ba29af00564bf000ceaf2		50016088
ore_ont_4669.owl	157	ok	match	True	mirror_private	68.8026	5691.53	546ecedfd926794879e1ddae60cfd74e00896a264b0513324afaef0060161089	a482e066a22110df593bf3a4c1fdd0ef4404f7141903b2101b85aae49811cb30	same_job_fulliri_identity_to_independent_mirror_oracle	50015187
ore_ont_4671.owl	158	ok	match	True	production_all	0.0441	9.06	546ecedfd926794879e1ddae60cfd74e00896a264b0513324afaef0060161089	c97eb0f0dcd44e6d1543b0f97489647ac526bab3c084879fa26cd5c312de500f		50016090
ore_ont_4724.owl	159	ok	match	True	production_all	0.0415	7.94	546ecedfd926794879e1ddae60cfd74e00896a264b0513324afaef0060161089	25a9dfe3607834ad90d624672276aede57eaf02784efa544063dd4489337adab		50016091
ore_ont_4732.owl	160	ok	match	True	production_all	0.2825	47.0	546ecedfd926794879e1ddae60cfd74e00896a264b0513324afaef0060161089	46a5ae2d7526b5fbfa69fa496d0dc165e4a3029c429477030e59fed16ddaf190		50016092
ore_ont_4755.owl	161	ok	match	True	production_all	16.0198	2130.04	546ecedfd926794879e1ddae60cfd74e00896a264b0513324afaef0060161089	d53fd97d7a9e7182998346d6a207bd4f4590e44960a6f8ebf0b047f0820d3380		50016093
ore_ont_4767.owl	162	ok	match	True	production_all	0.041	7.5	546ecedfd926794879e1ddae60cfd74e00896a264b0513324afaef0060161089	118fcfc33f63b6900fac9d5a8cd382782b9e10a83b4ab069db64c64dd74a2cdb		50016094
ore_ont_4782.owl	163	ok	match	True	production_all	3.2135	713.98	546ecedfd926794879e1ddae60cfd74e00896a264b0513324afaef0060161089	7bd356f32241d05d26600550ab937c3970815adc6b9740c9d7bc71635958f354		50016096
ore_ont_4798.owl	164	ok	match	True	production_all	0.13	25.93	546ecedfd926794879e1ddae60cfd74e00896a264b0513324afaef0060161089	5c6f359604affee99507cdd750dbbfc794e267be366dbb2e28d23195585173fc		50016097
ore_ont_4802.owl	165	ok	match	True	production_all	8.0447	1506.93	546ecedfd926794879e1ddae60cfd74e00896a264b0513324afaef0060161089	8a77d08a8524b902e299e2c4e026cdc793a8b242adddd352eba14a513af9900d		50016098
ore_ont_4827.owl	166	ok	match	True	production_all	0.3335	42.61	546ecedfd926794879e1ddae60cfd74e00896a264b0513324afaef0060161089	2cc60be5f9593807e81d890be80276803cda2324d524d0e06b748f407e70f636		50016138
ore_ont_4834.owl	167	ok	match	True	nominal_ni_abox	0.9645	568.46	546ecedfd926794879e1ddae60cfd74e00896a264b0513324afaef0060161089	7dcc501eb5c31fb38a279eae83ae4fe78d35fd6d9f1830cb61e6d0f66ebd395c		50016139
ore_ont_4856.owl	168	ok	match	True	production_all	0.0407	7.19	546ecedfd926794879e1ddae60cfd74e00896a264b0513324afaef0060161089	a203954d51ec9ff1f842f8191198f002eb500d6f11ee88117a2d60d9130b7d05		50016140
ore_ont_4897.owl	169	ok	match	True	production_all	0.0707	9.54	546ecedfd926794879e1ddae60cfd74e00896a264b0513324afaef0060161089	c79f735a2915c0674b30dcfe287bfadb93722b9af47bdbb6d15643bf06773f51		50016141
ore_ont_5002.owl	170	ok	match	True	production_all	0.4252	48.67	546ecedfd926794879e1ddae60cfd74e00896a264b0513324afaef0060161089	0cb604f1415e8f094710b625d242b327bcefda1fbcaf3e206547d764c97ec371		50016142
ore_ont_5057.owl	171	ok	match	True	production_all	0.0693	9.38	546ecedfd926794879e1ddae60cfd74e00896a264b0513324afaef0060161089	152831133e59e099572e05c6a84187e14d67a555555d5cac0c30630216f5d97a		50016143
ore_ont_5080.owl	172	ok	match	True	production_all	0.0989	15.65	546ecedfd926794879e1ddae60cfd74e00896a264b0513324afaef0060161089	b3a15e89aee6c84449a55074504d7709a86bb94fb7c3adde4ae4441e8b0acc0a		50016147
ore_ont_5089.owl	173	ok	match	True	production_all	0.0409	7.81	546ecedfd926794879e1ddae60cfd74e00896a264b0513324afaef0060161089	149bc40d44a4b5cf2530c619c709e8cc0ad6700e7c2de2cbdad6d619b7b14890		50016150
ore_ont_5090.owl	174	ok	match	True	production_all	0.0412	7.19	546ecedfd926794879e1ddae60cfd74e00896a264b0513324afaef0060161089	4cb1a1e105b2edef858e03f294a792d695d67f4679b53fdab90b089e844ebde3		50016151
ore_ont_5103.owl	175	ok	match	True	production_all	1.3925	397.51	546ecedfd926794879e1ddae60cfd74e00896a264b0513324afaef0060161089	4903d6317aa1a70a7777f68cbc7fc9092557b46f0406719383043646969bd215		50016152
ore_ont_5107.owl	176	ok	match	True	certified_nominals	0.7021	162.2	546ecedfd926794879e1ddae60cfd74e00896a264b0513324afaef0060161089	54c6abc42b8192c3f0f0d7f80649e3f74a25c3c0eda139560322ce620014eab1		50016153
ore_ont_5164.owl	177	ok	match	True	production_all	0.0701	8.44	546ecedfd926794879e1ddae60cfd74e00896a264b0513324afaef0060161089	25a9dfe3607834ad90d624672276aede57eaf02784efa544063dd4489337adab		50016154
ore_ont_5184.owl	178	ok	match	True	certified_nominals	0.3019	36.22	546ecedfd926794879e1ddae60cfd74e00896a264b0513324afaef0060161089	143e732f871ebc460a396f90684b0f500244eb5620173e0cc45115a9d4cc3f98		50016155
ore_ont_5197.owl	179	ok	match	True	production_all	0.1279	22.55	546ecedfd926794879e1ddae60cfd74e00896a264b0513324afaef0060161089	ce38268ffd0a9fd4797e0a81f002835c27d284dccb0529b7acc2804307cb8173		50016156
ore_ont_5220.owl	180	ok	match	True	production_all	0.0406	10.6	546ecedfd926794879e1ddae60cfd74e00896a264b0513324afaef0060161089	47fec0cb02d47beba5839357b6043cae06cc6eabb68ba01322a1bd54acb9717c		50016157
ore_ont_5255.owl	181	ok	match	True	production_all	0.0429	6.25	546ecedfd926794879e1ddae60cfd74e00896a264b0513324afaef0060161089	db855d35339a166d888f70d54a013f5e7c1d81f161121cc6b83ca7b02d348409		50016158
ore_ont_5266.owl	182	ok	match	True	production_all	0.0732	13.16	546ecedfd926794879e1ddae60cfd74e00896a264b0513324afaef0060161089	11b062554512b7dc5030652d6359a4637466330cb93b1acbbe25eb81e28b7efc		50016159
ore_ont_5292.owl	183	ok	match	True	production_all	0.0417	9.04	546ecedfd926794879e1ddae60cfd74e00896a264b0513324afaef0060161089	8c9545998d1d886c8a4b0fbb652105564f4705b14a3cc49e38655a0fe3567ab7		50016161
ore_ont_5303.owl	184	ok	match	True	production_all	0.4576	266.93	546ecedfd926794879e1ddae60cfd74e00896a264b0513324afaef0060161089	7f654cd28e91a63a528189ffca19da211d9a49b8531062db7c977b30a2fe3033		50016163
ore_ont_5404.owl	185	ok	match	True	production_all	0.075	23.08	546ecedfd926794879e1ddae60cfd74e00896a264b0513324afaef0060161089	71de596972c733b7c2af887e6b31e07c34c2d5c13ea5cf6b555e99f23160f1f2		50016164
ore_ont_5462.owl	186	ok	match	True	production_all	0.3253	43.44	546ecedfd926794879e1ddae60cfd74e00896a264b0513324afaef0060161089	f11e631ca3131c02379b38db0d07616aa32976fd05aaf09a7abe368f79783668		50016167
ore_ont_5485.owl	187	ok	match	True	production_all	0.0706	13.75	546ecedfd926794879e1ddae60cfd74e00896a264b0513324afaef0060161089	6c33730d4bc6e1f6aa064f2e182593f9b6519c412c818788fe0699cb90c27b55		50016169
ore_ont_5487.owl	188	ok	match	True	production_all	0.4327	55.16	546ecedfd926794879e1ddae60cfd74e00896a264b0513324afaef0060161089	3079635fbc42ede00878bb4819e33f3ad4fcb8acac25c964e80439d229873a82		50016171
ore_ont_5519.owl	189	ok	match	True	production_all	24.7764	3596.75	546ecedfd926794879e1ddae60cfd74e00896a264b0513324afaef0060161089	a916c134368b9754f20d8daa6d7a9fd3ab83b8b2b146afb4de212242185d7993		50016172
ore_ont_5549.owl	190	ok	match	True	production_all	10.9809	1495.68	546ecedfd926794879e1ddae60cfd74e00896a264b0513324afaef0060161089	8e53f546be8c3e5a75323e982976ce736e03fdd7215f8151cee711479b994b36		50016173
ore_ont_5564.owl	191	ok	match	True	nominals	0.1012	44.19	546ecedfd926794879e1ddae60cfd74e00896a264b0513324afaef0060161089	f909e961886801e82b4341cd768807639aae0fceaa3d344678ce533d75916082		50016174
ore_ont_5566.owl	192	ok	match	True	production_all	8.7186	1775.8	546ecedfd926794879e1ddae60cfd74e00896a264b0513324afaef0060161089	9a91a28aeb27d670ce72b75b354b84de5859287d44eb902647b4f47bf051eb1f		50016175
ore_ont_5572.owl	193	ok	match	True	production_all	0.0732	9.06	546ecedfd926794879e1ddae60cfd74e00896a264b0513324afaef0060161089	794aad8468295c516d2a394f93d299714f490dacd1d968a6534cbe5a582bb488		50016176
ore_ont_5602.owl	194	ok	match	True	production_all	19.5712	3594.73	546ecedfd926794879e1ddae60cfd74e00896a264b0513324afaef0060161089	25a9dfe3607834ad90d624672276aede57eaf02784efa544063dd4489337adab		50016179
ore_ont_5612.owl	195	ok	match	True	production_all	7.3109	1403.1	546ecedfd926794879e1ddae60cfd74e00896a264b0513324afaef0060161089	6c0877b5e054be5e2cef3b76c276a9c5007025f8483e4230c7156c7a45774003		50016184
ore_ont_5665.owl	196	ok	match	True	production_all	0.0404	8.12	546ecedfd926794879e1ddae60cfd74e00896a264b0513324afaef0060161089	a76d933963fe7eb8acc2152ceb208fbfc847ee8140f09b4791d6d905f717ce42		50016185
ore_ont_5742.owl	197	ok	match	True	production_all	0.0408	6.88	546ecedfd926794879e1ddae60cfd74e00896a264b0513324afaef0060161089	1b748642d61733666eec435cb81094c0f59dcbf20443c391069e5a9c8ce51398		50016187
ore_ont_5755.owl	198	ok	match	True	production_all	5.8585	1042.79	546ecedfd926794879e1ddae60cfd74e00896a264b0513324afaef0060161089	0b8fb805974ec14b4df641131aa1c4af1eaed8babda4ab870378a05ef7aa26a0		50016188
ore_ont_5760.owl	199	ok	match	True	production_all	23.6953	4214.95	546ecedfd926794879e1ddae60cfd74e00896a264b0513324afaef0060161089	25a9dfe3607834ad90d624672276aede57eaf02784efa544063dd4489337adab		50016189
ore_ont_5781.owl	200	ok	match	True	production_all	5.4904	986.3	546ecedfd926794879e1ddae60cfd74e00896a264b0513324afaef0060161089	6698505bd0fd451a6061df5eff71203e6074cfc3d62e0022fe8b60d458be8237		50016192
ore_ont_5792.owl	201	ok	match	True	production_all	0.19	33.21	546ecedfd926794879e1ddae60cfd74e00896a264b0513324afaef0060161089	07663e7029f71a58e44ff18ab67c370076dfb27460959b9943b138948cb9b7d5		50016194
ore_ont_5815.owl	202	ok	match	True	production_all	0.9989	228.92	546ecedfd926794879e1ddae60cfd74e00896a264b0513324afaef0060161089	25a9dfe3607834ad90d624672276aede57eaf02784efa544063dd4489337adab		50016195
ore_ont_5852.owl	203	ok	match	True	production_all	0.041	6.56	546ecedfd926794879e1ddae60cfd74e00896a264b0513324afaef0060161089	5ec0c0065801b5eee139e6d08a289191c287abe064a95ac8fe9570e90d0f6fd6		50016196
ore_ont_5927.owl	204	ok	match	True	production_all	6.1301	1218.71	546ecedfd926794879e1ddae60cfd74e00896a264b0513324afaef0060161089	df5204236b942809dc9fff216bc1a3ccf523cc361d1cb9ca2a12b36456249647		50016197
ore_ont_5940.owl	205	ok	match	True	production_all	0.1046	12.5	546ecedfd926794879e1ddae60cfd74e00896a264b0513324afaef0060161089	7d92b7d06a4f4f6e5d69dfe3427cf620316b986e3c97336c481323b9e2c75541		50016198
ore_ont_5943.owl	206	ok	match	True	nominals	0.9774	586.28	546ecedfd926794879e1ddae60cfd74e00896a264b0513324afaef0060161089	a92d8283ca794f043d4e8674c1f149fff5ded6960d02750dd54c37511fec308a		50016199
ore_ont_5965.owl	207	ok	match	True	production_all	0.4805	55.23	546ecedfd926794879e1ddae60cfd74e00896a264b0513324afaef0060161089	25a9dfe3607834ad90d624672276aede57eaf02784efa544063dd4489337adab		50016200
ore_ont_5966.owl	208	ok	match	True	production_all	0.0414	7.5	546ecedfd926794879e1ddae60cfd74e00896a264b0513324afaef0060161089	9f144657403b390cde484ce7144557101ddc0f91cf7a58e006f06b139d34a829		50016201
ore_ont_5974.owl	209	ok	match	True	production_all	0.4748	54.91	546ecedfd926794879e1ddae60cfd74e00896a264b0513324afaef0060161089	25a9dfe3607834ad90d624672276aede57eaf02784efa544063dd4489337adab		50016202
ore_ont_6024.owl	210	ok	match	True	production_all	0.0409	7.5	546ecedfd926794879e1ddae60cfd74e00896a264b0513324afaef0060161089	fd38224abd125b5f5a24640e946131f4a4c693c31fb1e3bf11f13eb8401b5c86		50016203
ore_ont_6060.owl	211	ok	match	True	nominal_ni_abox	0.9817	562.94	546ecedfd926794879e1ddae60cfd74e00896a264b0513324afaef0060161089	d3e4063001c3e4438ded8d47f87d27a46d3dcbbe418ae052b9c635ae9671f559		50016204
ore_ont_6076.owl	212	ok	match	True	production_all	0.8306	68.54	546ecedfd926794879e1ddae60cfd74e00896a264b0513324afaef0060161089	bd10def3d41c1e22fc106a4cbd39c7210b16e4330ff04be9ec5c9520f93a5e36		50016205
ore_ont_6102.owl	213	ok	match	True	production_all	1.0948	288.4	546ecedfd926794879e1ddae60cfd74e00896a264b0513324afaef0060161089	b8b44da4d5df5135b881ed029d13a33eddb0b3560b437f3e39076c7a4d6cf04b		50016208
ore_ont_6198.owl	214	ok	match	True	production_all	0.6529	50.68	546ecedfd926794879e1ddae60cfd74e00896a264b0513324afaef0060161089	3b1fad5e91e1894e3db6411002f05c0506a0878ae60f3d9f17d08307bfdc5660		50016209
ore_ont_6207.owl	215	ok	match	True	production_all	0.0412	6.88	546ecedfd926794879e1ddae60cfd74e00896a264b0513324afaef0060161089	621fca63e45cf2206f96f1a26dd7196ae091dfb92bc60a5b615905d46b91ea6d		50016210
ore_ont_6212.owl	216	ok	match	True	production_all	24.5543	2487.31	546ecedfd926794879e1ddae60cfd74e00896a264b0513324afaef0060161089	7ae073cdbffccf3be43a0cd32b533d98d7b44c29e3233acc91621715e1be1636		50016211
ore_ont_6223.owl	217	ok	match	True	production_all	19.566	2446.89	546ecedfd926794879e1ddae60cfd74e00896a264b0513324afaef0060161089	dca4c38812f1ba96d632392754821ae3b2a1b9ab6e3bd84b2fa9046ddbe8a811		50016212
ore_ont_6226.owl	218	ok	match	True	production_all	0.0412	11.79	546ecedfd926794879e1ddae60cfd74e00896a264b0513324afaef0060161089	0f6576b1f60718edccc3bc45fa9716c9c6d463b12f6b01e4df44986fa4ac97bb		50016213
ore_ont_6230.owl	219	ok	match	True	production_all	0.4226	48.89	546ecedfd926794879e1ddae60cfd74e00896a264b0513324afaef0060161089	65cd57dacb88edecf9f413022ff56ff1b53b173333a926445a1c708a5b12a13c		50016214
ore_ont_6233.owl	220	ok	match	True	production_all	40.1613	4503.23	546ecedfd926794879e1ddae60cfd74e00896a264b0513324afaef0060161089	25a9dfe3607834ad90d624672276aede57eaf02784efa544063dd4489337adab		50016220
ore_ont_6246.owl	221	ok	match	True	production_all	0.3026	58.62	546ecedfd926794879e1ddae60cfd74e00896a264b0513324afaef0060161089	93b7859c78179ff099816dd2be78351edf79d854aea8f8ae58fff6f666123a23		50016222
ore_ont_6310.owl	222	ok	match	True	production_all	1.3273	282.84	546ecedfd926794879e1ddae60cfd74e00896a264b0513324afaef0060161089	a68ac89973e199916c1ef7d8ff6b9fd7a85c8ec7524aec5f8266dac0dc0da328		50016224
ore_ont_6358.owl	223	ok	match	True	production_all	0.3146	55.47	546ecedfd926794879e1ddae60cfd74e00896a264b0513324afaef0060161089	26261a85079db13321a7de8c0b83f9f4d4a8843617179f0c1108386b659b98ca		50016227
ore_ont_6417.owl	224	ok	match	True	production_all	0.0706	10.26	546ecedfd926794879e1ddae60cfd74e00896a264b0513324afaef0060161089	25a9dfe3607834ad90d624672276aede57eaf02784efa544063dd4489337adab		50016228
ore_ont_6423.owl	225	ok	match	True	production_all	0.3058	73.36	546ecedfd926794879e1ddae60cfd74e00896a264b0513324afaef0060161089	d6182ad55cdcd6fa7a8d2bdc540436f4c71350f5dd7cfcf8f03c190b92679dd7		50016253
ore_ont_6433.owl	226	ok	match	True	production_all	0.3958	46.2	546ecedfd926794879e1ddae60cfd74e00896a264b0513324afaef0060161089	7796424c2b2f646b5a3fb8a63b90ddbfc014127b60de867be7a57388a6366d27		50016254
ore_ont_6453.owl	227	ok	match	True	production_all	0.4791	55.22	546ecedfd926794879e1ddae60cfd74e00896a264b0513324afaef0060161089	25a9dfe3607834ad90d624672276aede57eaf02784efa544063dd4489337adab		50016258
ore_ont_6477.owl	228	ok	match	True	production_all	19.2741	3148.66	546ecedfd926794879e1ddae60cfd74e00896a264b0513324afaef0060161089	01e8ae5dd77b83a67724a6e40f88ce2191f96e1f74003d90a67d0974f037a188		50016259
ore_ont_6566.owl	229	ok	match	True	production_all	0.1001	15.73	546ecedfd926794879e1ddae60cfd74e00896a264b0513324afaef0060161089	456de73651e72ad41cafa09ec4862170488fa58bfc96804cf0b22bf8bddcd79a		50016260
ore_ont_6589.owl	230	ok	match	True	nominals	0.0415	7.11	546ecedfd926794879e1ddae60cfd74e00896a264b0513324afaef0060161089	effa0eaa4edd98d52b7412297ea2f1305fb8161995434cba59061ec953abf851		50016262
ore_ont_6659.owl	231	ok	match	True	production_all	2.196	530.76	546ecedfd926794879e1ddae60cfd74e00896a264b0513324afaef0060161089	ebca2b615596b2796e548fc678858b7e399a9eba523ee96579bef889d19801cf		50016270
ore_ont_6682.owl	232	ok	match	True	production_all	31.6237	7955.15	546ecedfd926794879e1ddae60cfd74e00896a264b0513324afaef0060161089	0a7e90878ba8715efca484296498d433cf7ab87612dc369aacb545029d3e93e3		50016287
ore_ont_6696.owl	233	ok	match	True	production_all	0.0717	10.62	546ecedfd926794879e1ddae60cfd74e00896a264b0513324afaef0060161089	2d805b780f699bee6f128c54f0e3b589416c072e1830309a93bbc64f730a5d81		50016288
ore_ont_6720.owl	234	ok	match	True	production_all	0.0411	9.38	546ecedfd926794879e1ddae60cfd74e00896a264b0513324afaef0060161089	3c48c283d1292f55fe67383942d35be768499f1f96e83f0adf812c000ac3b9dd		50016290
ore_ont_6722.owl	235	ok	match	True	production_all	8.1396	1120.32	546ecedfd926794879e1ddae60cfd74e00896a264b0513324afaef0060161089	4564dd0471d31889baa9329a691ff22bf09d5125cbec7d460810722b7c25a901		50016291
ore_ont_6735.owl	236	ok	match	True	production_all	0.0413	6.88	546ecedfd926794879e1ddae60cfd74e00896a264b0513324afaef0060161089	568b20ec22f256e9bd4fc9fcf15cf4b3157021cf963d60142af61ee8f90294a8		50016294
ore_ont_6751.owl	237	ok	match	True	production_all	0.2615	43.44	546ecedfd926794879e1ddae60cfd74e00896a264b0513324afaef0060161089	5c1fe0699854aa6c4f891ae1122faf848af88deaf57d6d6a18959e0c89e90df6		50016295
ore_ont_6765.owl	238	ok	match	True	nominals	8.869	1589.36	546ecedfd926794879e1ddae60cfd74e00896a264b0513324afaef0060161089	f4cfde7f23bbb2df47ece80129e120bd127df90b2793cfc5fe5bfe924b0bad33		50016298
ore_ont_6796.owl	239	ok	match	True	production_all	0.0408	8.12	546ecedfd926794879e1ddae60cfd74e00896a264b0513324afaef0060161089	75b6c8b0da2fa48dcb7812afec56880fd64859eea8a24c86d2dd2f6c6e159e13		50016299
ore_ont_6812.owl	240	ok	match	True	production_all	0.0412	6.56	546ecedfd926794879e1ddae60cfd74e00896a264b0513324afaef0060161089	1b748642d61733666eec435cb81094c0f59dcbf20443c391069e5a9c8ce51398		50016301
ore_ont_6817.owl	241	ok	match	True	production_all	0.1008	16.61	546ecedfd926794879e1ddae60cfd74e00896a264b0513324afaef0060161089	2a47d8eb1298a2a53d28da4d78f897a04fbc8dcd17e84c2dd3306c341f87ecec		50016302
ore_ont_6855.owl	242	ok	match	True	nominals	0.0416	21.36	546ecedfd926794879e1ddae60cfd74e00896a264b0513324afaef0060161089	53a658f652f9df7a203289d89ad485dc611e4451cbca395eaaf186dd63f1a2df		50016303
ore_ont_6869.owl	243	ok	match	True	production_all	0.3113	46.92	546ecedfd926794879e1ddae60cfd74e00896a264b0513324afaef0060161089	222d0c9496adf87472570ce6385aec3f1d0854a9222db549213d721ed89e6940		50016304
ore_ont_6870.owl	244	ok	match	True	production_all	0.323	45.98	546ecedfd926794879e1ddae60cfd74e00896a264b0513324afaef0060161089	b073c08ca62b95b0d634eab18aaff4fefe8d4cea94718a22b13e75f9f7cdac85		50016305
ore_ont_6934.owl	245	ok	match	True	nominal_ni_abox	203.8667	3305.13	546ecedfd926794879e1ddae60cfd74e00896a264b0513324afaef0060161089	5e60a794400802833a9d5785abb6320b7b13d702e48a4c810462bad6c1fc931e		50016306
ore_ont_6999.owl	246	ok	match	True	certified_nominals	0.3049	94.62	546ecedfd926794879e1ddae60cfd74e00896a264b0513324afaef0060161089	db669ccdb7494f564a988b9f8cf0084b3714c0feb590e272fb75185f2de1c1d3		50016307
ore_ont_7003.owl	247	ok	match	True	production_all	0.0413	8.62	546ecedfd926794879e1ddae60cfd74e00896a264b0513324afaef0060161089	25a9dfe3607834ad90d624672276aede57eaf02784efa544063dd4489337adab		50016308
ore_ont_7025.owl	248	ok	match	True	nominals	0.9581	595.57	546ecedfd926794879e1ddae60cfd74e00896a264b0513324afaef0060161089	d46b11fc71dde82bf5ef0a349d3b41a845c9f34f60e8959d9783216dac92d420		50016309
ore_ont_7052.owl	249	ok	match	True	nominals	0.0417	11.79	546ecedfd926794879e1ddae60cfd74e00896a264b0513324afaef0060161089	3c48c283d1292f55fe67383942d35be768499f1f96e83f0adf812c000ac3b9dd		50016310
ore_ont_7120.owl	250	ok	match	True	production_all	0.0705	13.66	546ecedfd926794879e1ddae60cfd74e00896a264b0513324afaef0060161089	9448c0d4cf3dfd61d5ba709b2126df314cf4e7ae4c0d1743e9e02490c6743559		50016311
ore_ont_7127.owl	251	ok	match	True	production_all	10.5867	2014.37	546ecedfd926794879e1ddae60cfd74e00896a264b0513324afaef0060161089	6d60a4b9434307896c1d29c6e289b5379fe2d39b68754be2d07ab82682ab6235		50016312
ore_ont_7169.owl	252	ok	match	True	production_all	0.0705	10.94	546ecedfd926794879e1ddae60cfd74e00896a264b0513324afaef0060161089	c4515c4f4b99d254b5a695ba508e733b17b41696846c36d6e118dea92ff46e93		50016313
ore_ont_7195.owl	253	ok	match	True	production_all	0.3612	41.79	546ecedfd926794879e1ddae60cfd74e00896a264b0513324afaef0060161089	03accb67d6d40c5c42a9da8431fcefdc8f3c9811fd69b5efc5562d65b4347e9d		50016314
ore_ont_7216.owl	254	ok	match	True	production_all	0.157	53.05	546ecedfd926794879e1ddae60cfd74e00896a264b0513324afaef0060161089	3d88a915669fdbb2f868940740069281997953e43042ae1ada668f2b385e3754		50016315
ore_ont_7218.owl	255	ok	match	True	production_all	0.2282	31.16	546ecedfd926794879e1ddae60cfd74e00896a264b0513324afaef0060161089	c83b420eb9e3ac17fbc453ffe5e2d42074c33e5356f719a005abacab486da9e1		50016316
ore_ont_7220.owl	256	ok	match	True	production_all	0.0417	9.69	546ecedfd926794879e1ddae60cfd74e00896a264b0513324afaef0060161089	c8cc206848dedf9ea7f8187f4b84146cc843be24d1d6f9739b996703419c6f36		50016318
ore_ont_7234.owl	257	ok	match	True	production_all	0.5539	56.46	546ecedfd926794879e1ddae60cfd74e00896a264b0513324afaef0060161089	8ff975eebd5a426ae5eab822f03c8620c76c8dfb17415f7488768d9facb69e75		50016319
ore_ont_7246.owl	258	ok	match	True	production_all	32.262	10903.51	546ecedfd926794879e1ddae60cfd74e00896a264b0513324afaef0060161089	1fdf3d773ce6278032b0975ae42432254a22696e360cb41cffd0e4af032d0537		50016321
ore_ont_7251.owl	259	ok	match	True	production_all	0.5108	57.58	546ecedfd926794879e1ddae60cfd74e00896a264b0513324afaef0060161089	734ac944226aedb079df6235f3a610f16608c4e87dc06507fee67dfb94131f04		50016322
ore_ont_7256.owl	260	ok	match	True	production_all	1.5824	356.89	546ecedfd926794879e1ddae60cfd74e00896a264b0513324afaef0060161089	25a9dfe3607834ad90d624672276aede57eaf02784efa544063dd4489337adab		50016323
ore_ont_7270.owl	261	ok	match	True	production_all	0.0407	6.88	546ecedfd926794879e1ddae60cfd74e00896a264b0513324afaef0060161089	881f2546efa252840c0a44322691d9a1341b87054d9105d0362ccb4eb5c55225		50016325
ore_ont_7300.owl	262	ok	match	True	production_all	1.6352	354.79	546ecedfd926794879e1ddae60cfd74e00896a264b0513324afaef0060161089	f3a81da56d8936d963e8da5a6732f0fbde31d99db78f602deecc01783e44b358		50016327
ore_ont_7320.owl	263	ok	match	True	nominal_ni_abox	0.9827	571.02	546ecedfd926794879e1ddae60cfd74e00896a264b0513324afaef0060161089	13356683a3a33f75b61c73cd89d37568c8babcdc8082d7ea0be3fecef4c96f69		50016328
ore_ont_7340.owl	264	ok	match	True	production_all	8.256	1587.21	546ecedfd926794879e1ddae60cfd74e00896a264b0513324afaef0060161089	b727a7735e45785e7fd4b0d77f5752a29d01036cac0589233213015fcd0f4505		50016329
ore_ont_7343.owl	265	ok	match	True	production_all	4.602	1153.02	546ecedfd926794879e1ddae60cfd74e00896a264b0513324afaef0060161089	25a9dfe3607834ad90d624672276aede57eaf02784efa544063dd4489337adab		50016330
ore_ont_7409.owl	266	ok	match	True	nominals	7.6623	1844.62	546ecedfd926794879e1ddae60cfd74e00896a264b0513324afaef0060161089	dbed370744689df90ceffaea08d2c6f77e205c80fcb51bb68029322c375abec7		50016331
ore_ont_7417.owl	267	ok	match	True	nominals	0.0414	8.2	546ecedfd926794879e1ddae60cfd74e00896a264b0513324afaef0060161089	5df147bd114ac6ebdefd0fd6c02a07ceb1d45ed947a03f98c077d15d11bc2043		50016333
ore_ont_7418.owl	268	ok	match	True	production_all	0.0696	9.69	546ecedfd926794879e1ddae60cfd74e00896a264b0513324afaef0060161089	25a9dfe3607834ad90d624672276aede57eaf02784efa544063dd4489337adab		50016334
ore_ont_7439.owl	269	ok	match	True	production_all	0.4215	49.39	546ecedfd926794879e1ddae60cfd74e00896a264b0513324afaef0060161089	a2c9fd27be406668497189b64f1f673b22ea55c2266d5417991166ab3fdc6685		50016335
ore_ont_7455.owl	270	ok	match	True	production_all	3.7198	617.11	546ecedfd926794879e1ddae60cfd74e00896a264b0513324afaef0060161089	94f1b9a52fc04d8b77a815c4dba31d99b3f4ea184d10118c0fe15d2322b8da65		50016336
ore_ont_7474.owl	271	ok	match	True	nominals	8.8552	1589.62	546ecedfd926794879e1ddae60cfd74e00896a264b0513324afaef0060161089	d8a0ecd1c05efc6540c190219022cbf2596edddcae5850b92e7c19bdfe5ed6c3		50016337
ore_ont_7482.owl	272	ok	match	True	production_all	0.0404	6.56	546ecedfd926794879e1ddae60cfd74e00896a264b0513324afaef0060161089	aa43997598571957c3e4fcdb5cb14dd1185fb593bc966e197af4fb71bb9d8960		50016341
ore_ont_7493.owl	273	ok	match	True	production_all	1.9566	361.88	546ecedfd926794879e1ddae60cfd74e00896a264b0513324afaef0060161089	c46365c28ab506d47204cdcb689e860bba483b13191b4646ffa2ce9831e4099d		50016342
ore_ont_7499.owl	274	ok	match	True	certified_card_proxy_abox	87.1425	3170.02	546ecedfd926794879e1ddae60cfd74e00896a264b0513324afaef0060161089	f82850c6582131358cd9ecc108888e2131734900cf687d055a7a7c0f4fece17d		50016343
ore_ont_7567.owl	275	ok	match	True	production_all	6.3766	1394.52	546ecedfd926794879e1ddae60cfd74e00896a264b0513324afaef0060161089	aa75019ee58185ca3802480986d3948301c7dc7b9f5316b09b0e61ae3c41d92d		50016346
ore_ont_7576.owl	276	ok	match	True	production_all	0.0401	7.5	546ecedfd926794879e1ddae60cfd74e00896a264b0513324afaef0060161089	b397cda8a43a43ced776b8d3b7dbdb5774579fa035364a30976b207a127c1028		50016347
ore_ont_7581.owl	277	ok	match	True	production_all	20.0947	4333.9	546ecedfd926794879e1ddae60cfd74e00896a264b0513324afaef0060161089	d54544ddd6a2f4e91994f13794369403aaa5fd0a5de2c24e8df517e89580021d		50016349
ore_ont_7608.owl	278	ok	match	True	production_all	0.3806	52.4	546ecedfd926794879e1ddae60cfd74e00896a264b0513324afaef0060161089	151a5767650248760c9540f5134bd6941f23d222ac6cb9ed9d458998b9118ab0		50016350
ore_ont_7639.owl	279	ok	match	True	production_all	0.0409	11.5	546ecedfd926794879e1ddae60cfd74e00896a264b0513324afaef0060161089	0f454f1459631f12284f48aec1c94aab8f7c34d7fd299e7f4aaee4733d694980		50016351
ore_ont_7663.owl	280	ok	match	True	production_all	0.0406	8.75	546ecedfd926794879e1ddae60cfd74e00896a264b0513324afaef0060161089	bdfac28194877cd85b581a35583329ca129f2cdea9a9cdc366adb73c0615400a		50016352
ore_ont_7716.owl	281	ok	match	True	production_all	1.1068	293.45	546ecedfd926794879e1ddae60cfd74e00896a264b0513324afaef0060161089	dd3b5bbe7f4a013d8a153f64f72551e43a927e98bb7fee179c0578db0581d568		50016353
ore_ont_7726.owl	282	ok	match	True	production_all	0.4284	55.74	546ecedfd926794879e1ddae60cfd74e00896a264b0513324afaef0060161089	311a7aa3709f273afb66ff6411d52f4fc995238d84b3102677a5e6ef86c4c392		50016355
ore_ont_7728.owl	283	ok	match	True	production_all	5.7181	1165.42	546ecedfd926794879e1ddae60cfd74e00896a264b0513324afaef0060161089	3537c300fef513b1f95cbc12ac6827cdffd438bfb9ba466e971464c2b77bd576		50016356
ore_ont_7775.owl	284	ok	match	True	production_all	0.1866	56.98	546ecedfd926794879e1ddae60cfd74e00896a264b0513324afaef0060161089	55d6d20356364ed92a7cbda694127429aeeeb731cd3403cc51883db1ba926d0a		50016358
ore_ont_7831.owl	285	ok	match	True	production_all	1.4152	380.52	546ecedfd926794879e1ddae60cfd74e00896a264b0513324afaef0060161089	25a9dfe3607834ad90d624672276aede57eaf02784efa544063dd4489337adab		50016359
ore_ont_7868.owl	286	ok	match	True	production_all	8.984	1710.27	546ecedfd926794879e1ddae60cfd74e00896a264b0513324afaef0060161089	4019d9513c497d61fb25100283859e81b66ffeb8e055b430d1e50f947772db73		50016360
ore_ont_7890.owl	287	ok	match	True	production_all	0.0408	7.19	546ecedfd926794879e1ddae60cfd74e00896a264b0513324afaef0060161089	28a1e49d14379cb1f82aaf14e3c9ef1df435861077b31111dec9d947d4225a51		50016361
ore_ont_7901.owl	288	ok	match	True	production_all	0.1571	17.1	546ecedfd926794879e1ddae60cfd74e00896a264b0513324afaef0060161089	f295da304477c4374ae0a079f38e43b434c23a1e6933ee2cc9876c5711a3f9bb		50016388
ore_ont_7914.owl	289	ok	match	True	production_all	46.7788	9470.41	546ecedfd926794879e1ddae60cfd74e00896a264b0513324afaef0060161089	5dfdc6168df75c9a1e2dd6485ea1d5b4bf9af6307ea210e9cd1634262e981923		50016389
ore_ont_7956.owl	290	ok	match	True	production_all	5.7626	1262.81	546ecedfd926794879e1ddae60cfd74e00896a264b0513324afaef0060161089	aebf3b95b4ccf23d1c411a1c30e74773f1b6bbfd775c75a97210b7992cdb471d		50016390
ore_ont_7993.owl	291	ok	match	True	production_all	23.629	4097.8	546ecedfd926794879e1ddae60cfd74e00896a264b0513324afaef0060161089	25a9dfe3607834ad90d624672276aede57eaf02784efa544063dd4489337adab		50016391
ore_ont_8006.owl	292	ok	match	True	nominals	0.2772	106.64	546ecedfd926794879e1ddae60cfd74e00896a264b0513324afaef0060161089	e40a3abda27e0256fd3fc4e4a661444b9097852a17e2cf599e9c252eabadabe5		50016393
ore_ont_8021.owl	293	ok	match	True	production_all	0.0702	9.69	546ecedfd926794879e1ddae60cfd74e00896a264b0513324afaef0060161089	f1c1aff96369c4199e413436dcd3a0d45b449393826940589aad2446b3122753		50016394
ore_ont_8068.owl	294	ok	match	True	production_all	9.7835	1365.47	546ecedfd926794879e1ddae60cfd74e00896a264b0513324afaef0060161089	5c2ab9b4b26ecff56fd8e5c58caf281e5feb460455d6e03e7231cb2e3f65d601		50016403
ore_ont_8135.owl	295	ok	match	True	production_all	0.0677	10.0	546ecedfd926794879e1ddae60cfd74e00896a264b0513324afaef0060161089	9251a47de72167549d5ded7d510bf8d803f42b3c0a1ad48a7374556417c186d9		50016404
ore_ont_8145.owl	296	ok	match	True	production_all	4.4303	1140.73	546ecedfd926794879e1ddae60cfd74e00896a264b0513324afaef0060161089	25a9dfe3607834ad90d624672276aede57eaf02784efa544063dd4489337adab		50016405
ore_ont_8169.owl	297	ok	match	True	production_all	0.0394	6.88	546ecedfd926794879e1ddae60cfd74e00896a264b0513324afaef0060161089	ea6c013a1f02885a5417d8db9efecd7258fe49a6a6b9b6f24b6332e245a117b4		50016406
ore_ont_8175.owl	298	ok	match	True	production_all	0.1296	18.04	546ecedfd926794879e1ddae60cfd74e00896a264b0513324afaef0060161089	ae99b783760a88e6b52f52e8fc649a680d05124b89be44322252f8d9a4e9b7b8		50016407
ore_ont_8298.owl	299	ok	match	True	production_all	0.0971	16.3	546ecedfd926794879e1ddae60cfd74e00896a264b0513324afaef0060161089	e832933cc9322364c76e54ba0f51d9548d6c2077fed14e9a627e5529006be3d7		50016408
ore_ont_8322.owl	300	ok	match	True	nominals	10.2833	1668.99	546ecedfd926794879e1ddae60cfd74e00896a264b0513324afaef0060161089	3c47845e47bf260331395c02e3ce3c65fed55eb04a364eceadf9a50b552821e0		50016409
ore_ont_8329.owl	301	ok	match	True	production_all	0.2447	33.18	546ecedfd926794879e1ddae60cfd74e00896a264b0513324afaef0060161089	c83b420eb9e3ac17fbc453ffe5e2d42074c33e5356f719a005abacab486da9e1		50016410
ore_ont_8347.owl	302	ok	match	True	production_all	0.2819	41.44	546ecedfd926794879e1ddae60cfd74e00896a264b0513324afaef0060161089	2e3d43d2ccdef95965bb116db6a147ac1c9436689d91642fdc0a0ae516665943		50016411
ore_ont_8369.owl	303	ok	match	True	production_all	0.0685	7.93	546ecedfd926794879e1ddae60cfd74e00896a264b0513324afaef0060161089	25a9dfe3607834ad90d624672276aede57eaf02784efa544063dd4489337adab		50016412
ore_ont_8462.owl	304	ok	match	True	production_all	0.0708	9.38	546ecedfd926794879e1ddae60cfd74e00896a264b0513324afaef0060161089	25a9dfe3607834ad90d624672276aede57eaf02784efa544063dd4489337adab		50016413
ore_ont_8480.owl	305	ok	match	True	nominals	19.5462	5426.87	546ecedfd926794879e1ddae60cfd74e00896a264b0513324afaef0060161089	ac1340ed5caad4831da799f8842d2893e8d9f310dce3d084390affed2072a4a6		50016414
ore_ont_8486.owl	306	ok	match	True	production_all	48.4622	4935.89	546ecedfd926794879e1ddae60cfd74e00896a264b0513324afaef0060161089	e8538c62c6e3407ba8b6f280e031e7778ea96154b374ccb60e0e9aeca2c8a742		50016415
ore_ont_8492.owl	307	ok	match	True	production_all	0.4333	49.23	546ecedfd926794879e1ddae60cfd74e00896a264b0513324afaef0060161089	65cd57dacb88edecf9f413022ff56ff1b53b173333a926445a1c708a5b12a13c		50016416
ore_ont_8557.owl	308	ok	match	True	production_all	2.3075	624.52	546ecedfd926794879e1ddae60cfd74e00896a264b0513324afaef0060161089	25a9dfe3607834ad90d624672276aede57eaf02784efa544063dd4489337adab		50016417
ore_ont_8579.owl	309	ok	match	True	production_all	0.3333	42.08	546ecedfd926794879e1ddae60cfd74e00896a264b0513324afaef0060161089	25a9dfe3607834ad90d624672276aede57eaf02784efa544063dd4489337adab		50016418
ore_ont_8634.owl	310	ok	match	True	production_all	3.248	703.26	546ecedfd926794879e1ddae60cfd74e00896a264b0513324afaef0060161089	7e3f4f2b20876c80b4f4c449df65b6cbc2ee89ce460335c802183fd013914ddc		50016419
ore_ont_8641.owl	311	ok	match	True	production_all	0.2481	27.41	546ecedfd926794879e1ddae60cfd74e00896a264b0513324afaef0060161089	f28ec1c5ea5f0658828881e84767eaceaf4d7075058f90e8ed3c02de5bcf87e3		50016420
ore_ont_8667.owl	312	ok	match	True	production_all	0.0408	6.56	546ecedfd926794879e1ddae60cfd74e00896a264b0513324afaef0060161089	7e6ad8de8a1f7ae523024c33c5dda271da9e1d5229bd795b78a7f45b55fdfee5		50016421
ore_ont_8730.owl	313	ok	match	True	production_all	0.1005	19.85	546ecedfd926794879e1ddae60cfd74e00896a264b0513324afaef0060161089	49bbd16d161499bca9c39a7c91db140777f3181f91d095be67c258599383b106		50016423
ore_ont_8737.owl	314	ok	match	True	production_all	113.862	9991.05	546ecedfd926794879e1ddae60cfd74e00896a264b0513324afaef0060161089	25a9dfe3607834ad90d624672276aede57eaf02784efa544063dd4489337adab		50016425
ore_ont_8744.owl	315	ok	match	True	production_all	0.1348	17.44	546ecedfd926794879e1ddae60cfd74e00896a264b0513324afaef0060161089	d713f119f4ce447a586bfb40e881c98b8c953c4a5055106a42abe8529e26e0de		50016426
ore_ont_8759.owl	316	ok	match	True	production_all	0.1598	26.47	546ecedfd926794879e1ddae60cfd74e00896a264b0513324afaef0060161089	dc8dba3248ce86b519e958417ad4c4002c3773fde402451f98bc052f131f8f31		50016427
ore_ont_8792.owl	317	ok	match	True	production_all	0.7601	80.78	546ecedfd926794879e1ddae60cfd74e00896a264b0513324afaef0060161089	cc8ed26f34adca4dd9418c34241a6b1a4a77d65ca564619e47b9ceeb308ef87b		50016428
ore_ont_8806.owl	318	ok	match	True	production_all	0.043	7.19	546ecedfd926794879e1ddae60cfd74e00896a264b0513324afaef0060161089	ba414f74ab3e7b966cd457b609dabae6ba612401e7274ca55d7881bc9d22987c		50016431
ore_ont_8864.owl	319	ok	match	True	production_all	0.7674	68.96	546ecedfd926794879e1ddae60cfd74e00896a264b0513324afaef0060161089	159a022b4f747d2d997be119b1931f66afb88d8f3178ce39578474349bc072e1		50016432
ore_ont_8937.owl	320	ok	match	True	production_all	0.0411	6.88	546ecedfd926794879e1ddae60cfd74e00896a264b0513324afaef0060161089	64fc5b419fe9b852ab9cf2f041610574b2172f0b82fdccaa1be515d0dc303e22		50016433
ore_ont_8941.owl	321	ok	match	True	nominals	0.0412	9.28	546ecedfd926794879e1ddae60cfd74e00896a264b0513324afaef0060161089	3c48c283d1292f55fe67383942d35be768499f1f96e83f0adf812c000ac3b9dd		50016434
ore_ont_8974.owl	322	ok	match	True	production_all	0.0429	7.19	546ecedfd926794879e1ddae60cfd74e00896a264b0513324afaef0060161089	1c432924c500260bbb560ba78e947ea3b0024c5972c5c62446d653f8aab82707		50016435
ore_ont_8982.owl	323	ok	match	True	production_all	8.4403	1728.13	546ecedfd926794879e1ddae60cfd74e00896a264b0513324afaef0060161089	1c1d0d6b85946a2f8329e9e475abff843d882bca0287daf3cbff8b3714e65d12		50016436
ore_ont_8999.owl	324	ok	match	True	nominals	8.8729	1573.27	546ecedfd926794879e1ddae60cfd74e00896a264b0513324afaef0060161089	97d6d9eb3b55d3f801af85340de71c922ff497f5e0b9ee8e21994c3ff6c8fc88		50016437
ore_ont_9002.owl	325	ok	match	True	production_all	0.0703	10.0	546ecedfd926794879e1ddae60cfd74e00896a264b0513324afaef0060161089	99d0faced2959471b60d0a67e805997d23dd3321683895b93ca62646f3ba0259		50016438
ore_ont_9014.owl	326	ok	match	True	production_all	0.2294	34.22	546ecedfd926794879e1ddae60cfd74e00896a264b0513324afaef0060161089	ce8e2abddc8b99ee5b90fd21def4355dfa9a5fac43a6e72b093db0e5a4ed6c84		50016439
ore_ont_9020.owl	327	ok	match	True	production_all	0.1304	23.97	546ecedfd926794879e1ddae60cfd74e00896a264b0513324afaef0060161089	25a9dfe3607834ad90d624672276aede57eaf02784efa544063dd4489337adab		50016440
ore_ont_9024.owl	328	ok	match	True	production_all	0.4771	168.08	546ecedfd926794879e1ddae60cfd74e00896a264b0513324afaef0060161089	0205fe9d5bff8d6ac81af28ac8ca71cf10b61b85998e5e70242fdd9be69af349		50016441
ore_ont_9031.owl	329	ok	match	True	production_all	0.0426	6.88	546ecedfd926794879e1ddae60cfd74e00896a264b0513324afaef0060161089	0e5701300cb5b8f0a6c312b537991848cadb3b0f94a7bf40999cee4fa10694a5		50016442
ore_ont_9096.owl	330	ok	match	True	nominals	0.1317	54.38	546ecedfd926794879e1ddae60cfd74e00896a264b0513324afaef0060161089	f3b5d8340ae8952054a204146b16e5e82818390360e61cd62831da4c24b7867f		50016443
ore_ont_9400.owl	331	ok	match	True	production_all	16.4759	2314.3	546ecedfd926794879e1ddae60cfd74e00896a264b0513324afaef0060161089	ed813c6bb729688629abd57498c392f2b9c59e451076692d26d323cf17b5b4f8		50016447
ore_ont_9435.owl	332	ok	match	True	production_all	0.1295	18.94	546ecedfd926794879e1ddae60cfd74e00896a264b0513324afaef0060161089	bab32340487d9aa994aee6bdaf676387d6926cc59863cba1314a0a6e18015ea7		50016449
ore_ont_9498.owl	333	ok	match	True	production_all	21.4821	3164.32	546ecedfd926794879e1ddae60cfd74e00896a264b0513324afaef0060161089	c914feef45d9a4d58fa282a84a58b29a7872e69a5cf0a0dfb7ecc6fbbd2ad83a		50016450
ore_ont_9499.owl	334	ok	match	True	production_all	16.6352	2456.82	546ecedfd926794879e1ddae60cfd74e00896a264b0513324afaef0060161089	fabf3860014083f4e7c6d1d0775efe1dda40bb124bf6b4619c1876a9f9ce17d7		50016451
ore_ont_9509.owl	335	ok	match	True	production_all	0.0413	7.19	546ecedfd926794879e1ddae60cfd74e00896a264b0513324afaef0060161089	6dfd8cd44c067cdcb5a447f5a0784d0ac3b59f0323ba1fc7d4e3cb65ca402c53		50016452
ore_ont_9513.owl	336	ok	match	True	production_all	0.4332	54.07	546ecedfd926794879e1ddae60cfd74e00896a264b0513324afaef0060161089	b1066b92f86cd2250dcc3e4f9d6e0d6a47ba59ae0608d54dcef83b1e86cfcc63		50016454
ore_ont_9540.owl	337	ok	match	True	certified_card_nominals	0.8259	121.52	546ecedfd926794879e1ddae60cfd74e00896a264b0513324afaef0060161089	973e3ccc38715145084b7fb36d95be8b4824aaa80931af741fbff473c7aa7e61		50016455
ore_ont_9557.owl	338	ok	match	True	nominals	0.1007	43.12	546ecedfd926794879e1ddae60cfd74e00896a264b0513324afaef0060161089	09b5dccb229d2940f720397ba57fae3d2e043099ed5fd4d41189946d9d8fe955		50016460
ore_ont_9567.owl	339	ok	match	True	production_all	6.0097	1056.16	546ecedfd926794879e1ddae60cfd74e00896a264b0513324afaef0060161089	0b8fb805974ec14b4df641131aa1c4af1eaed8babda4ab870378a05ef7aa26a0		50016465
ore_ont_9590.owl	340	ok	match	True	production_all	0.3031	40.62	546ecedfd926794879e1ddae60cfd74e00896a264b0513324afaef0060161089	df32deb27449bcec194c3446ed312e9c77f71f413ebfe65ce6192a5563336ff6		50016466
ore_ont_9598.owl	341	ok	match	True	production_all	0.0706	13.45	546ecedfd926794879e1ddae60cfd74e00896a264b0513324afaef0060161089	007a7c6b5298f817cc16cad9262411ac152ca7efbc034b87fcf0a608dcf3739c		50016467
ore_ont_9612.owl	342	ok	match	True	production_all	0.3715	47.68	546ecedfd926794879e1ddae60cfd74e00896a264b0513324afaef0060161089	f36c7be0b65832b4a9cfe365697a413c326eae0f77db2a4eb2b060ca95f29725		50016468
ore_ont_9635.owl	343	ok	match	True	certified_nominals	0.1572	36.02	546ecedfd926794879e1ddae60cfd74e00896a264b0513324afaef0060161089	05ec2b7af10ca0553fabdf219377baf556044a8a0e3b71215555cfc44d511b13		50016469
ore_ont_9646.owl	344	ok	match	True	production_all	0.1296	18.66	546ecedfd926794879e1ddae60cfd74e00896a264b0513324afaef0060161089	32872f949ba62fe301386711bc639b7c57ba02cb5e33704bed90d8c022867ba0		50016470
ore_ont_9654.owl	345	ok	match	True	production_all	14.1406	2115.4	546ecedfd926794879e1ddae60cfd74e00896a264b0513324afaef0060161089	8b2ef7faa2cdbe8e9e36287b8922fbabeb4c1b9c92bff7f51ab2a33e920eb799		50016471
ore_ont_9663.owl	346	ok	match	True	production_all	24.6718	4890.56	546ecedfd926794879e1ddae60cfd74e00896a264b0513324afaef0060161089	02f5fd4d3395072d1c692c7fa0de012e7a86d3feca88c8984310f302e86a86f3		50016472
ore_ont_9668.owl	347	ok	match	True	nominals	1.2678	739.49	546ecedfd926794879e1ddae60cfd74e00896a264b0513324afaef0060161089	6dd2a1f6eaa9f001ed5c7db958ff1edd374302f7b4e6b64679a6b0deb7635ff6		50016487
ore_ont_9674.owl	348	ok	match	True	production_all	54.9113	5327.55	546ecedfd926794879e1ddae60cfd74e00896a264b0513324afaef0060161089	c1178310a91e0aff7b3209af626b01157a45f221df1fe058845f7585ee7b650f		50016488
ore_ont_9695.owl	349	ok	match	True	production_all	0.0408	8.75	546ecedfd926794879e1ddae60cfd74e00896a264b0513324afaef0060161089	7af604002c66e3631410e327b01a0e80f08f9e3eef9bf28079638e0957334616		50016489
ore_ont_9724.owl	350	ok	match	True	ht_bridge	37.7193	8214.88	546ecedfd926794879e1ddae60cfd74e00896a264b0513324afaef0060161089	95d679d0ee51b14583ca4dffe419b1c7e128398d207a2bdb25ab9eaa06c03b05		50016537
ore_ont_9761.owl	351	ok	match	True	production_all	0.3449	38.8	546ecedfd926794879e1ddae60cfd74e00896a264b0513324afaef0060161089	22f28c620b9541258ef5651487ced86b41df9bf0c60da852ae9f7427900570a0		50016544
ore_ont_9768.owl	352	ok	match	True	production_all	19.5028	3604.82	546ecedfd926794879e1ddae60cfd74e00896a264b0513324afaef0060161089	25a9dfe3607834ad90d624672276aede57eaf02784efa544063dd4489337adab		50016545
ore_ont_9772.owl	353	ok	match	True	production_all	0.1905	24.79	546ecedfd926794879e1ddae60cfd74e00896a264b0513324afaef0060161089	6b1945e00a8cb4bdfc5e2e33e163d8de34c7ab1d0dc1d2517212df3700e3805b		50016546
ore_ont_9790.owl	354	ok	match	True	production_all	0.161	26.81	546ecedfd926794879e1ddae60cfd74e00896a264b0513324afaef0060161089	3db60447b84c1d14d898433b9a590740d2ae89cc4a09c7cf0000b62fbd9761c9		50016547
ore_ont_9792.owl	355	ok	match	True	production_all	0.4873	69.33	546ecedfd926794879e1ddae60cfd74e00896a264b0513324afaef0060161089	dbe74c4da873c1e82fbd5ece88e723708b12df7d0ad4b65f1697fa978df35436		50016548
ore_ont_9794.owl	356	ok	match	True	production_all	11.9102	2000.97	546ecedfd926794879e1ddae60cfd74e00896a264b0513324afaef0060161089	25a9dfe3607834ad90d624672276aede57eaf02784efa544063dd4489337adab		50016549
ore_ont_9854.owl	357	ok	match	True	production_all	0.041	6.88	546ecedfd926794879e1ddae60cfd74e00896a264b0513324afaef0060161089	ee884ca781aa9b3125755319fa04fe136fa8b6f3fb9d4b223e1c1b2e217303de		50016614
ore_ont_9857.owl	358	ok	match	True	production_all	0.071	13.75	546ecedfd926794879e1ddae60cfd74e00896a264b0513324afaef0060161089	bcfb6d2459d0b343cdf9cdbcddfc92088fbc1bfabadf5f65c4a6dddca42a41bd		50016615
ore_ont_9881.owl	359	ok	match	True	nominals	7.5506	2112.21	546ecedfd926794879e1ddae60cfd74e00896a264b0513324afaef0060161089	02d9215f1ccaeb8d1e8b4b1e423f86b9d4823b9e676fff8c3eb898814e1d4ac1		50016616
ore_ont_9894.owl	360	ok	match	True	production_all	2.4501	564.8	546ecedfd926794879e1ddae60cfd74e00896a264b0513324afaef0060161089	db1af93afa5192ad635ea4163a536087e106a263a674d3d09252ed9490418892		50016618
ore_ont_9904.owl	361	ok	match	True	nominals	0.0724	7.94	546ecedfd926794879e1ddae60cfd74e00896a264b0513324afaef0060161089	adc2de296c6ec11b58563a175cea58529c2ad32fa0935808086fc3ef4a761903		50016620
ore_ont_9944.owl	362	ok	match	True	production_all	8.3033	9125.54	546ecedfd926794879e1ddae60cfd74e00896a264b0513324afaef0060161089	ea9d6bdd0418ec22cde4ad8b0e6530e9d396250d8ba2222427e290bfb6cf3b50		50016621
ore_ont_9958.owl	363	ok	match	True	production_all	6.645	1255.09	546ecedfd926794879e1ddae60cfd74e00896a264b0513324afaef0060161089	6ac501d44cf044992209e9135655b7315326abaa29e2c1883c98e5f95a5c4bf2		50016622
ore_ont_10016.owl	364	ok	match	True	production_all	10.2962	1944.36	546ecedfd926794879e1ddae60cfd74e00896a264b0513324afaef0060161089	ffc30b418ed2dea607f009293e1b0790243765404ed2061c4342c30a716ea818		50016623
ore_ont_10032.owl	365	ok	match	True	production_all	6.2114	1212.72	546ecedfd926794879e1ddae60cfd74e00896a264b0513324afaef0060161089	df5204236b942809dc9fff216bc1a3ccf523cc361d1cb9ca2a12b36456249647		50016625
ore_ont_10056.owl	366	ok	match	True	production_all	0.0411	7.81	546ecedfd926794879e1ddae60cfd74e00896a264b0513324afaef0060161089	f7263b2424943a6318ad423eee5cfaaeca18173aea87826910f2cb3fb4c4b1b2		50016627
ore_ont_10073.owl	367	ok	match	True	production_all	25.6497	3125.02	546ecedfd926794879e1ddae60cfd74e00896a264b0513324afaef0060161089	1b068c5c15f054d5fc7dfa7c91fb77a80e6f68257c0fc156f590edef3ad57fcc		50016628
ore_ont_10123.owl	368	ok	match	True	production_all	0.2766	50.13	546ecedfd926794879e1ddae60cfd74e00896a264b0513324afaef0060161089	6c1e4b555838fde9f917bb140c40e003f75025a08623e3e15f59f34c17f857df		50016629
ore_ont_10127.owl	369	ok	match	True	production_all	2.061	464.51	546ecedfd926794879e1ddae60cfd74e00896a264b0513324afaef0060161089	283d2c8230fa2895f44aba726960f75168e6d58971847b981a04a9e0bd18bba9		50016630
ore_ont_10134.owl	370	ok	match	True	production_all	0.0701	12.5	546ecedfd926794879e1ddae60cfd74e00896a264b0513324afaef0060161089	bc13a85d7f537f9cbcc5b18b5b8aeaed250a0fc46e00fddc1c050b856943af7a		50016631
ore_ont_10146.owl	371	ok	match	True	production_all	0.1618	46.88	546ecedfd926794879e1ddae60cfd74e00896a264b0513324afaef0060161089	683d410181c3d77df65f94caa014438ac468a3561b4882c004553c184a3828bb		50016632
ore_ont_10160.owl	372	ok	match	True	production_all	0.0995	13.45	546ecedfd926794879e1ddae60cfd74e00896a264b0513324afaef0060161089	6c33730d4bc6e1f6aa064f2e182593f9b6519c412c818788fe0699cb90c27b55		50016633
ore_ont_10175.owl	373	ok	match	True	production_all	6.0371	1185.86	546ecedfd926794879e1ddae60cfd74e00896a264b0513324afaef0060161089	f2e2f4eb571840cb8dafeed07f560af4b9be804c588296846bfc41133239eb2a		50016634
ore_ont_10212.owl	374	ok	match	True	production_all	0.1017	25.75	546ecedfd926794879e1ddae60cfd74e00896a264b0513324afaef0060161089	216f018137fd6a812635f1e59284986b66efd3f70e76508f72065d2375e81484		50016639
ore_ont_10242.owl	375	ok	match	True	nominals	2.261	1597.32	546ecedfd926794879e1ddae60cfd74e00896a264b0513324afaef0060161089	5e240020e54a32d546f0aab6ca84621979706a46542490537626cfc5a1b72787		50016640
ore_ont_10248.owl	376	ok	match	True	production_all	7.1904	1313.95	546ecedfd926794879e1ddae60cfd74e00896a264b0513324afaef0060161089	6c0877b5e054be5e2cef3b76c276a9c5007025f8483e4230c7156c7a45774003		50016643
ore_ont_10280.owl	377	ok	match	True	production_all	0.1613	28.13	546ecedfd926794879e1ddae60cfd74e00896a264b0513324afaef0060161089	800442fb37369b500ebabfa01bfee81e440a7c142ba49f49d1d47e6d1242d926		50016644
ore_ont_10283.owl	378	ok	match	True	production_all	0.041	9.38	546ecedfd926794879e1ddae60cfd74e00896a264b0513324afaef0060161089	253ab9c47deb593a7b0fa2c333acee0b1d4131ff3ce88668588e415dd100bd98		50016646
ore_ont_10309.owl	379	ok	match	True	production_all	0.0407	6.88	546ecedfd926794879e1ddae60cfd74e00896a264b0513324afaef0060161089	1c432924c500260bbb560ba78e947ea3b0024c5972c5c62446d653f8aab82707		50016647
ore_ont_10314.owl	380	ok	match	True	production_all	0.0713	10.95	546ecedfd926794879e1ddae60cfd74e00896a264b0513324afaef0060161089	94d5c5d620349befe39d4041174b395ecf56b4f42891f7591db65771e98d546c		50016648
ore_ont_10321.owl	381	ok	match	True	nominal_ni_abox	0.041	7.19	546ecedfd926794879e1ddae60cfd74e00896a264b0513324afaef0060161089	25a9dfe3607834ad90d624672276aede57eaf02784efa544063dd4489337adab		50016649
ore_ont_10362.owl	382	ok	match	True	certified_nominals	0.1285	25.6	546ecedfd926794879e1ddae60cfd74e00896a264b0513324afaef0060161089	bdaac64809d4dd860324e7acbccf4b9ea1efd832fe30164f4085e4f0ef73d093		50016650
ore_ont_10389.owl	383	ok	match	True	production_all	0.243	37.38	546ecedfd926794879e1ddae60cfd74e00896a264b0513324afaef0060161089	66cf798e2a6d852b552a503df73f79fe7386094dc37bb43419cf48547670e743		50016655
ore_ont_10413.owl	384	ok	match	True	production_all	0.0414	9.49	546ecedfd926794879e1ddae60cfd74e00896a264b0513324afaef0060161089	25a9dfe3607834ad90d624672276aede57eaf02784efa544063dd4489337adab		50016656
ore_ont_10445.owl	385	ok	match	True	production_all	11.2394	2707.58	546ecedfd926794879e1ddae60cfd74e00896a264b0513324afaef0060161089	25a9dfe3607834ad90d624672276aede57eaf02784efa544063dd4489337adab		50016658
ore_ont_10516.owl	386	ok	match	True	production_all	0.0412	7.5	546ecedfd926794879e1ddae60cfd74e00896a264b0513324afaef0060161089	6465a6f722e6155f37f042174b14783c944b0e9cbeb5fd290f7d4fef100eb9e7		50016659
ore_ont_10536.owl	387	ok	match	True	production_all	0.0408	7.95	546ecedfd926794879e1ddae60cfd74e00896a264b0513324afaef0060161089	8bc83a8d066e749a174d488d953064092d8c11300c09aa86119c0a2c4b3bceb8		50016660
ore_ont_10594.owl	388	ok	match	True	nominals	0.9786	573.03	546ecedfd926794879e1ddae60cfd74e00896a264b0513324afaef0060161089	a92d8283ca794f043d4e8674c1f149fff5ded6960d02750dd54c37511fec308a		50016665
ore_ont_10621.owl	389	ok	match	True	certified_nominals	79.2987	10074.66	546ecedfd926794879e1ddae60cfd74e00896a264b0513324afaef0060161089	cb490ae3d086535d4ef467ed5277e5f497e221d84a79a70fb0dc87afb8a45ccf		50016666
ore_ont_10689.owl	390	ok	match	True	production_all	55.5517	5327.88	546ecedfd926794879e1ddae60cfd74e00896a264b0513324afaef0060161089	be6be6663ffd9721606bf3cb61308789c55c28ffbe8d4ba2d85d0ee60b7fcc0f		50016667
ore_ont_10697.owl	391	ok	match	True	production_all	3.638	706.61	546ecedfd926794879e1ddae60cfd74e00896a264b0513324afaef0060161089	7ef5274bff5da1265da9caf1bf27fbebeeb483aef1ef0c5042648b1408918a22		50016668
ore_ont_10702.owl	392	ok	match	True	nominal_ni_tbox	2.6304	21.85	546ecedfd926794879e1ddae60cfd74e00896a264b0513324afaef0060161089	eee761d0c89347a42ce9a221e7d98295f4a9d7527c755cb3eafa9978cc06d55b		50016671
ore_ont_10742.owl	393	ok	match	True	production_all	0.1586	20.73	546ecedfd926794879e1ddae60cfd74e00896a264b0513324afaef0060161089	4939673f071bec5faf58247da86935819a596518944a49e03241c0b6571eaedc		50016673
ore_ont_10749.owl	394	ok	match	True	nominals	0.5557	278.38	546ecedfd926794879e1ddae60cfd74e00896a264b0513324afaef0060161089	87e9f917a51555b2f5c32dc06ca16d2e78ce9a4786b4c566eda495fe308d7ea0		50016674
ore_ont_10750.owl	395	ok	match	True	production_all	59.1652	6104.27	546ecedfd926794879e1ddae60cfd74e00896a264b0513324afaef0060161089	25a9dfe3607834ad90d624672276aede57eaf02784efa544063dd4489337adab		50016675
ore_ont_10769.owl	396	ok	match	True	production_all	0.0419	8.04	546ecedfd926794879e1ddae60cfd74e00896a264b0513324afaef0060161089	25a9dfe3607834ad90d624672276aede57eaf02784efa544063dd4489337adab		50016677
ore_ont_10778.owl	397	ok	match	True	production_all	3.9057	820.91	546ecedfd926794879e1ddae60cfd74e00896a264b0513324afaef0060161089	85cc3f3c22308567df50cc27a367ae51ff51c8011dd6e0db264ab734284598d2		50016706
ore_ont_10781.owl	398	ok	match	True	nominals	0.7021	613.41	546ecedfd926794879e1ddae60cfd74e00896a264b0513324afaef0060161089	00758ec29ea6954778af43d3f08c6d6f055402a39656b8b827a5466c1e4b0849		50016713
ore_ont_10806.owl	399	ok	match	True	production_all	0.2733	38.41	546ecedfd926794879e1ddae60cfd74e00896a264b0513324afaef0060161089	74b1a536119970eb697b1f362b77f0af0c2b62ec59fbffd18d1de0027090e69b		50016719
ore_ont_10833.owl	400	ok	match	True	production_all	0.0707	7.81	546ecedfd926794879e1ddae60cfd74e00896a264b0513324afaef0060161089	25a9dfe3607834ad90d624672276aede57eaf02784efa544063dd4489337adab		50016720
ore_ont_10860.owl	401	ok	nogold	False	ht_rules	0.0437	10.62	546ecedfd926794879e1ddae60cfd74e00896a264b0513324afaef0060161089	3c48c283d1292f55fe67383942d35be768499f1f96e83f0adf812c000ac3b9dd		50015185
ore_ont_10890.owl	402	ok	match	True	production_all	0.3328	58.33	546ecedfd926794879e1ddae60cfd74e00896a264b0513324afaef0060161089	d6d944bda034a28f5f56e0b9e9e1a95a6dab7e1436f535eb79be30bed06b3ffd		50016722
ore_ont_10908.owl	403	ok	match	True	production_all	10.351	968.75	546ecedfd926794879e1ddae60cfd74e00896a264b0513324afaef0060161089	161a98a585fc8e21f60afe6610dba4ca012aaee9bfad97346de51a1b434cf786		50016723
ore_ont_10951.owl	404	ok	match	True	production_all	0.2152	41.49	546ecedfd926794879e1ddae60cfd74e00896a264b0513324afaef0060161089	1b89738d6fbade1eaa90287b7543cd5ab1eca4a44ad3466bf0ef7b921ac81aaf		50016726
ore_ont_10968.owl	405	ok	match	True	production_all	0.1288	20.85	546ecedfd926794879e1ddae60cfd74e00896a264b0513324afaef0060161089	88cbac66a54cfeaf04967f7ec263a98959a6287df46eed2d3ade7b7b021e9a09		50016741
ore_ont_11009.owl	406	ok	match	True	production_all	0.0704	14.06	546ecedfd926794879e1ddae60cfd74e00896a264b0513324afaef0060161089	9b6af4d9456a057732eed6f4edd4c6d03409183b742304705ae9c5d22f2e83d2		50016743
ore_ont_11010.owl	407	ok	match	True	production_all	0.0408	8.75	546ecedfd926794879e1ddae60cfd74e00896a264b0513324afaef0060161089	2b911469722f5b04c8805dc441873cfae6fcb261e12933bdffe402e2897a2ee6		50016744
ore_ont_11014.owl	408	ok	match	True	production_all	0.0705	10.75	546ecedfd926794879e1ddae60cfd74e00896a264b0513324afaef0060161089	72cd88051c821cd06ad5106a19f4145824f4bdff70821eff1bcc1cfe017f1b6b		50016746
ore_ont_11016.owl	409	ok	match	True	nominal_ni_abox	0.4321	211.73	546ecedfd926794879e1ddae60cfd74e00896a264b0513324afaef0060161089	17ac165e5d7677646ccf0943b78bf7322b4c3d316a3bc85d662709c85dc88b0c		50016750
ore_ont_11081.owl	410	ok	match	True	production_all	1.2913	300.85	546ecedfd926794879e1ddae60cfd74e00896a264b0513324afaef0060161089	b32f2ff1bff70ea99cef3fb709025b066120345e74768c3a2a046c0dbc2a99d9		50016753
ore_ont_11140.owl	411	ok	match	True	production_all	0.2133	28.4	546ecedfd926794879e1ddae60cfd74e00896a264b0513324afaef0060161089	25a9dfe3607834ad90d624672276aede57eaf02784efa544063dd4489337adab		50016755
ore_ont_11207.owl	412	ok	match	True	production_all	1.9253	456.68	546ecedfd926794879e1ddae60cfd74e00896a264b0513324afaef0060161089	1d053e818a80eb36d0a8795c930a6ab97ce4697c6f859dcef0b35f6588e24d9c		50016757
ore_ont_11291.owl	413	ok	match	True	production_all	0.069	13.75	546ecedfd926794879e1ddae60cfd74e00896a264b0513324afaef0060161089	42e2ecfb6f2d4cdcd3acde0696c9fdbe2bc0c3b357bb316ea83a11490169ad54		50016758
ore_ont_11293.owl	414	ok	match	True	production_all	7.2855	1362.64	546ecedfd926794879e1ddae60cfd74e00896a264b0513324afaef0060161089	f0c432fee3845eb4ee0944c812ab0cadbbb8b96ea3184fcfff116504553d20e6		50016759
ore_ont_11311.owl	415	ok	match	True	cb_plain16	8.5202	5966.84	546ecedfd926794879e1ddae60cfd74e00896a264b0513324afaef0060161089	7549d4160fa3a2f2527fa6fbddb1b4eae3f12e3101894696fb88756a02004828		50016760
ore_ont_11315.owl	416	ok	match	True	production_all	23.3097	2868.89	546ecedfd926794879e1ddae60cfd74e00896a264b0513324afaef0060161089	a8cd5455a6c36d2c1c8f76547f9d07a3953b5ce92d260198abbaa6598505fe10		50016768
ore_ont_11316.owl	417	ok	match	True	production_all	0.0959	15.62	546ecedfd926794879e1ddae60cfd74e00896a264b0513324afaef0060161089	39c9f8f0a63cf1cc1aabdad76e0f88e5423a3fdce72e3172951f9c3ff8ea6093		50016770
ore_ont_11389.owl	418	ok	match	True	production_all	7.5773	1676.75	546ecedfd926794879e1ddae60cfd74e00896a264b0513324afaef0060161089	25a9dfe3607834ad90d624672276aede57eaf02784efa544063dd4489337adab		50016777
ore_ont_11395.owl	419	ok	match	True	production_all	38.6317	3765.0	546ecedfd926794879e1ddae60cfd74e00896a264b0513324afaef0060161089	5f730ffc22a0828f94eb0bcfe5c366774eb965dcb577c9b64e14c9552f2e86e9		50016778
ore_ont_11452.owl	420	ok	match	True	production_all	0.253	41.56	546ecedfd926794879e1ddae60cfd74e00896a264b0513324afaef0060161089	ff2d968f560c0ba3266c303fcfd4ac514bb3e8b03738a5238dfefc6a44a8020e		50016781
ore_ont_11460.owl	421	ok	match	True	production_all	15.0702	3106.78	546ecedfd926794879e1ddae60cfd74e00896a264b0513324afaef0060161089	3bba2ff9cd16d7b398364bee1e4f766c02626881163422a6876593d2a705a101		50016785
ore_ont_11497.owl	422	ok	match	True	production_all	0.0391	8.44	546ecedfd926794879e1ddae60cfd74e00896a264b0513324afaef0060161089	8640d78d492ca0006243d52fcb33dc628524656293e4b88db7829ad4389f4338		50016786
ore_ont_11502.owl	423	ok	match	True	production_all	0.4634	51.89	546ecedfd926794879e1ddae60cfd74e00896a264b0513324afaef0060161089	07713dc746bebd4230af577db06d41437878358da6baaa3e27c202281fae91b3		50016788
ore_ont_11504.owl	424	ok	match	True	production_all	0.0401	7.19	546ecedfd926794879e1ddae60cfd74e00896a264b0513324afaef0060161089	7c18c4567a36b238d8bc0334f7c2e40786398d8886a6e9ecdf6e3befe99090f4		50016790
ore_ont_11519.owl	425	ok	match	True	production_all	6.1425	1279.72	546ecedfd926794879e1ddae60cfd74e00896a264b0513324afaef0060161089	c0bc75c2b13e0e0728f78f726f58e663625f17bcc036cb40241a226879063aeb		50016794
ore_ont_11522.owl	426	ok	match	True	production_all	0.0411	8.44	546ecedfd926794879e1ddae60cfd74e00896a264b0513324afaef0060161089	6923fe07622ff54eda7fc0b364d6c03c8bbae703e7069a5d10c053a6054def7f		50016808
ore_ont_11523.owl	427	ok	match	True	production_all	0.0709	9.38	546ecedfd926794879e1ddae60cfd74e00896a264b0513324afaef0060161089	7310a2420253d972d26776ccad771b038711abc2dd578c8a13098c3e3663ec89		50016811
ore_ont_11526.owl	428	ok	match	True	production_all	0.0413	8.44	546ecedfd926794879e1ddae60cfd74e00896a264b0513324afaef0060161089	25a9dfe3607834ad90d624672276aede57eaf02784efa544063dd4489337adab		50016815
ore_ont_11559.owl	429	ok	match	True	production_all	2.9498	579.46	546ecedfd926794879e1ddae60cfd74e00896a264b0513324afaef0060161089	27cb18ecd91fbbc21ef7cd872ed2161ca58afead9634753597b502262e856841		50016816
ore_ont_11577.owl	430	ok	match	True	production_all	0.0715	10.33	546ecedfd926794879e1ddae60cfd74e00896a264b0513324afaef0060161089	78c12e0fb82e17869f2df3bcdd0a6d56db4d249e566a11d9f25c4b1f6dd411d1		50016841
ore_ont_11619.owl	431	ok	match	True	production_all	0.1003	18.8	546ecedfd926794879e1ddae60cfd74e00896a264b0513324afaef0060161089	9304084bc5359a42d0837601eea5354bcf3aaa41eb2a62bbff14787e98252747		50016842
ore_ont_11623.owl	432	ok	match	True	production_all	0.8061	557.31	546ecedfd926794879e1ddae60cfd74e00896a264b0513324afaef0060161089	6f12e8392cac6b5ab95e02cfb22942825a445cafa89ef09eb500684ee3e279dd		50016846
ore_ont_11639.owl	433	ok	match	True	production_all	0.0397	6.88	546ecedfd926794879e1ddae60cfd74e00896a264b0513324afaef0060161089	9d20e1c1afe6e79af9e35f135dfbeb965efec25215a54e6b2c27472ec46fe8a1		50016847
ore_ont_11739.owl	434	ok	match	True	production_all	26.4017	2661.64	546ecedfd926794879e1ddae60cfd74e00896a264b0513324afaef0060161089	87e198b4b4877fa7bef65c28ac7ae439613a8f41cd8156786c14ac63d580712c		50016849
ore_ont_11745.owl	435	ok	match	True	cb_plain16	12.5074	4064.75	546ecedfd926794879e1ddae60cfd74e00896a264b0513324afaef0060161089	49e851a304217ddcaa13291238cf1bd37e6d161e6a57ba7318eb6e7244b1584f		50016850
ore_ont_11778.owl	436	ok	match	True	production_all	5.7547	1172.97	546ecedfd926794879e1ddae60cfd74e00896a264b0513324afaef0060161089	02f70d54c956f315440e7b6c6cf11b10e21313041e72692d251f018364ea8b06		50016898
ore_ont_11866.owl	437	ok	match	True	production_all	0.0401	6.88	546ecedfd926794879e1ddae60cfd74e00896a264b0513324afaef0060161089	25a9dfe3607834ad90d624672276aede57eaf02784efa544063dd4489337adab		50016917
ore_ont_11889.owl	438	ok	match	True	production_all	0.07	9.82	546ecedfd926794879e1ddae60cfd74e00896a264b0513324afaef0060161089	5f1ce489832cb8ae99748f2ecbb665ddb7da0d5750e09c9ac409fd75c5875444		50016919
ore_ont_11978.owl	439	ok	match	True	production_all	0.0685	21.51	546ecedfd926794879e1ddae60cfd74e00896a264b0513324afaef0060161089	f238035ea70c8a9a2f9d439a52b36ef315a3449e2a926cd8a6065f3be4f86087		50016920
ore_ont_12007.owl	440	ok	match	True	production_all	0.0398	7.5	546ecedfd926794879e1ddae60cfd74e00896a264b0513324afaef0060161089	779011b5e74b3bf61345db242cf0d5ab1c508e60d59470b7021926b6ca7f4963		50016924
ore_ont_12009.owl	441	ok	match	True	production_all	0.0731	11.23	546ecedfd926794879e1ddae60cfd74e00896a264b0513324afaef0060161089	c49ac8a00b73dd16b18c6806b9e19bea5f9a821003a4da37b2202dc8b2c0913a		50016925
ore_ont_12087.owl	442	ok	match	True	production_all	11.1951	2100.2	546ecedfd926794879e1ddae60cfd74e00896a264b0513324afaef0060161089	0de4f44746026093588d63cfce9e4402e938cf30b7c88a3970e4771da4a63c60		50016937
ore_ont_12141.owl	443	ok	match	True	production_all	0.4998	169.94	546ecedfd926794879e1ddae60cfd74e00896a264b0513324afaef0060161089	0205fe9d5bff8d6ac81af28ac8ca71cf10b61b85998e5e70242fdd9be69af349		50016974
ore_ont_12149.owl	444	ok	match	True	production_all	1.9454	367.38	546ecedfd926794879e1ddae60cfd74e00896a264b0513324afaef0060161089	1a6c34a01e0f9de8f986e062b118c3950b89fcee5894446fcaa350902e7f126f		50016976
ore_ont_12161.owl	445	ok	match	True	production_all	0.2608	41.0	546ecedfd926794879e1ddae60cfd74e00896a264b0513324afaef0060161089	5c1fe0699854aa6c4f891ae1122faf848af88deaf57d6d6a18959e0c89e90df6		50016986
ore_ont_12194.owl	446	ok	match	True	production_all	0.7993	173.94	546ecedfd926794879e1ddae60cfd74e00896a264b0513324afaef0060161089	5008d3bc52e4aaab7aca6b11a01a2dcdfdf2005f2d4c1aeec1abb75de67e2206		50016992
ore_ont_12281.owl	447	ok	match	True	production_all	0.1028	15.07	546ecedfd926794879e1ddae60cfd74e00896a264b0513324afaef0060161089	6c8c2dd1ea442064196c32326cd1c2c8d3a72ecf5e3d2c331a16cc9281ffa925		50016994
ore_ont_12387.owl	448	ok	match	True	production_all	11.8229	1999.45	546ecedfd926794879e1ddae60cfd74e00896a264b0513324afaef0060161089	9d25a3ae4b10f67a869ff1ec8333b593900ad745b3453e11588555e8178d7dba		50016996
ore_ont_12397.owl	449	ok	match	True	production_all	0.0691	13.86	546ecedfd926794879e1ddae60cfd74e00896a264b0513324afaef0060161089	1141b993c4ce4fc0f8712bb0c6b6853b030ea938eba3d8e27dbe28dbc7ec1070		50016997
ore_ont_12405.owl	450	ok	match	True	production_all	0.3362	43.41	546ecedfd926794879e1ddae60cfd74e00896a264b0513324afaef0060161089	450e43282d20750ee054bec83e074f6b4d890c845074125e9b9b04cd346ae614		50016999
ore_ont_12414.owl	451	ok	match	True	production_all	10.5799	1457.1	546ecedfd926794879e1ddae60cfd74e00896a264b0513324afaef0060161089	f52655554ad9025c06c681d71ccebf5cce633bac6305e01d8e78fa7abd9477c0		50017006
ore_ont_12528.owl	452	ok	match	True	production_all	25.798	3638.71	546ecedfd926794879e1ddae60cfd74e00896a264b0513324afaef0060161089	821c9e8abb3c9f0b13db22b7044710317c1f59fb0219ad16c7f007464d7aa7b4		50017022
ore_ont_12653.owl	453	ok	match	True	production_all	0.1038	44.45	546ecedfd926794879e1ddae60cfd74e00896a264b0513324afaef0060161089	b9b3b2004562dfba7af26bbbd125115be0383fcd014b509717cbcedc73b31f00		50017028
ore_ont_12698.owl	454	ok	match	True	nominals	2.0006	762.71	546ecedfd926794879e1ddae60cfd74e00896a264b0513324afaef0060161089	9f2ee83b8fc315586d509d7a508be032bd1674970b5ab484f81a138be9f91e19		50017036
ore_ont_12776.owl	455	ok	match	True	production_all	0.1598	25.15	546ecedfd926794879e1ddae60cfd74e00896a264b0513324afaef0060161089	25a9dfe3607834ad90d624672276aede57eaf02784efa544063dd4489337adab		50017037
ore_ont_12802.owl	456	ok	match	True	production_all	0.4191	50.42	546ecedfd926794879e1ddae60cfd74e00896a264b0513324afaef0060161089	25a9dfe3607834ad90d624672276aede57eaf02784efa544063dd4489337adab		50017041
ore_ont_12831.owl	457	ok	match	True	production_all	0.043	9.38	546ecedfd926794879e1ddae60cfd74e00896a264b0513324afaef0060161089	38a2ba76b4a11fd01f59b97df9cd3d93fc54a9094e1cc87d511aca66989ac102		50017045
ore_ont_12906.owl	458	ok	match	True	production_all	0.0406	6.25	546ecedfd926794879e1ddae60cfd74e00896a264b0513324afaef0060161089	ccdfc6d626940ef30a9115eff4872649ebcdaae60e4ff9e1d922d38485fb44ad		50017046
ore_ont_13000.owl	459	ok	match	True	production_all	0.437	50.04	546ecedfd926794879e1ddae60cfd74e00896a264b0513324afaef0060161089	a2c9fd27be406668497189b64f1f673b22ea55c2266d5417991166ab3fdc6685		50017061
ore_ont_13035.owl	460	ok	match	True	nominals	0.1024	85.44	546ecedfd926794879e1ddae60cfd74e00896a264b0513324afaef0060161089	26f70e0efde86c6b42ee15c2ddfa83b64a9c6e57fdaf6444414c5f486f355b1c		50017065
ore_ont_13053.owl	461	ok	match	True	production_all	0.0429	7.5	546ecedfd926794879e1ddae60cfd74e00896a264b0513324afaef0060161089	8be7de1da407a2951e7d7cd0e99a349f1fefcf747161b09d042d33f84aa7ddd7		50017069
ore_ont_13066.owl	462	ok	match	True	production_all	0.0406	8.12	546ecedfd926794879e1ddae60cfd74e00896a264b0513324afaef0060161089	25a9dfe3607834ad90d624672276aede57eaf02784efa544063dd4489337adab		50017070
ore_ont_13071.owl	463	ok	match	True	production_all	1.5573	408.22	546ecedfd926794879e1ddae60cfd74e00896a264b0513324afaef0060161089	a198a99650a9b25c5cb6bd92be339eb7987b3e74b77bf4e39cba8bce54ac2fb1		50017114
ore_ont_13113.owl	464	ok	match	True	nominals	0.1304	48.35	546ecedfd926794879e1ddae60cfd74e00896a264b0513324afaef0060161089	1bb468cee8017811a155e6f28b61dc9724fb6fd28fbf7f7f557d9bb79d9f8d52		50017125
ore_ont_13132.owl	465	ok	match	True	nominals	0.1021	74.75	546ecedfd926794879e1ddae60cfd74e00896a264b0513324afaef0060161089	e13d65dbb5d532c7e775e0356509fb42a69836b7037bb39ba5f07d267d7c0f72		50017128
ore_ont_13141.owl	466	ok	match	True	production_all	0.1656	23.55	546ecedfd926794879e1ddae60cfd74e00896a264b0513324afaef0060161089	02bedd319c20f293b81cf4c0848009629bdda90e5ca659cfbfeb58bb865f145a		50017135
ore_ont_13204.owl	467	ok	match	True	production_all	0.0406	6.56	546ecedfd926794879e1ddae60cfd74e00896a264b0513324afaef0060161089	1c55999654f057fe0eb6fae17bf2b3b0f5598cc5237eb0b2ca0af50a9d673748		50017136
ore_ont_13224.owl	468	ok	match	True	production_all	13.7076	2852.95	546ecedfd926794879e1ddae60cfd74e00896a264b0513324afaef0060161089	a770e5429a6fea4919ca768a672493adacfbe951d6826e06878f1deed93a2545		50017155
ore_ont_13234.owl	469	ok	match	True	production_all	0.0414	8.75	546ecedfd926794879e1ddae60cfd74e00896a264b0513324afaef0060161089	ce0bd8d2bc45f2722c2a72a77559605eeba16b4f38c7df36e978aa1f5c6231a5		50017158
ore_ont_13243.owl	470	ok	match	True	production_all	4.0048	854.04	546ecedfd926794879e1ddae60cfd74e00896a264b0513324afaef0060161089	522456978803f2cd7797cc242cd5f366fe650452fe3a2511f22e95da21dfd3ee		50017178
ore_ont_13277.owl	471	ok	match	True	production_all	0.0443	9.23	546ecedfd926794879e1ddae60cfd74e00896a264b0513324afaef0060161089	65c860516d3ce897e28e1ef7373215a1c131cbf859a877bac5b445beb160e9ac		50017203
ore_ont_13301.owl	472	ok	match	True	production_all	0.0432	10.94	546ecedfd926794879e1ddae60cfd74e00896a264b0513324afaef0060161089	af1f58fdf3560dbb4ee8f7d0f4f112479ef6073b2ae57b79030d0cf470864343		50017215
ore_ont_13355.owl	473	ok	match	True	production_all	20.0719	2859.74	546ecedfd926794879e1ddae60cfd74e00896a264b0513324afaef0060161089	7a44b3849b6013155767d75119c927d95918dc51e00102349321e8ff49a4b7fc		50017216
ore_ont_13383.owl	474	ok	match	True	nominals	0.1005	43.89	546ecedfd926794879e1ddae60cfd74e00896a264b0513324afaef0060161089	44f33d580b81ffff9b7d87a2b0f1cde4fb6cf3fe7dcc51ab7b120da5c25652a8		50017224
ore_ont_13392.owl	475	ok	match	True	production_all	0.0415	7.79	546ecedfd926794879e1ddae60cfd74e00896a264b0513324afaef0060161089	730c48986817f508c95e2a47c17ac5abb52fc24d2a7c7d08c8d9a5f89759cfd6		50017226
ore_ont_13429.owl	476	ok	match	True	production_all	0.0404	6.56	546ecedfd926794879e1ddae60cfd74e00896a264b0513324afaef0060161089	febfdbf4ffd72b5377678ddc84ec0f53e3ea83c6d463001bb59b1494d64f02e8		50017227
ore_ont_13444.owl	477	ok	match	True	production_all	0.1618	95.35	546ecedfd926794879e1ddae60cfd74e00896a264b0513324afaef0060161089	247c4ac30df7d55beb16fc23b0943bd2b6d2bc62e449e40d830370fd846d769a		50017229
ore_ont_13482.owl	478	ok	match	True	production_all	69.6244	7464.24	546ecedfd926794879e1ddae60cfd74e00896a264b0513324afaef0060161089	25a9dfe3607834ad90d624672276aede57eaf02784efa544063dd4489337adab		50017231
ore_ont_13503.owl	479	ok	match	True	production_all	0.0437	8.68	546ecedfd926794879e1ddae60cfd74e00896a264b0513324afaef0060161089	1b8fdf730b9cdce8afed1c69c13e782c6c2dde70c42e5f1d2273dcbdb6b1282b	same_job_fulliri_identity_to_konclude	50017235
ore_ont_13530.owl	480	ok	match	True	production_all	0.0427	6.88	546ecedfd926794879e1ddae60cfd74e00896a264b0513324afaef0060161089	6e5b1361a86c93ec1ceeb5272edbfa2c089f06651d99c6e5ffd32a8cb585ddc6		50017261
ore_ont_13578.owl	481	ok	match	True	production_all	0.0734	13.75	546ecedfd926794879e1ddae60cfd74e00896a264b0513324afaef0060161089	c0a7387438bc9b5659506006706666a5540c33373ad4f8f0fe9a89e9922a00d9		50017266
ore_ont_13621.owl	482	ok	match	True	nominals	2.2471	1594.13	546ecedfd926794879e1ddae60cfd74e00896a264b0513324afaef0060161089	f61f9526d186c0af485ce724f10c3e6c794c2bd876f564e8e04b5c195f1806a0		50017267
ore_ont_13643.owl	483	ok	match	True	production_all	0.0426	6.88	546ecedfd926794879e1ddae60cfd74e00896a264b0513324afaef0060161089	e6a28db50f029843a0a2b347a35bc6d99ef168c042af0b6aaffcf04524def1bc		50017272
ore_ont_13664.owl	484	ok	match	True	production_all	1.5214	308.3	546ecedfd926794879e1ddae60cfd74e00896a264b0513324afaef0060161089	c46e20fd5257acb674d22a52a7e7d5e9f96e94749f0b0c949f3c445076616481		50017274
ore_ont_13752.owl	485	ok	match	True	production_all	0.8452	233.5	546ecedfd926794879e1ddae60cfd74e00896a264b0513324afaef0060161089	c9457601ea869b5d7998f65f9653efb7bf953e9b82fec67f27113a36208f993f		50017285
ore_ont_13755.owl	486	ok	match	True	production_all	0.198	25.76	546ecedfd926794879e1ddae60cfd74e00896a264b0513324afaef0060161089	6b1945e00a8cb4bdfc5e2e33e163d8de34c7ab1d0dc1d2517212df3700e3805b		50017290
ore_ont_13759.owl	487	ok	match	True	production_all	0.0429	11.63	546ecedfd926794879e1ddae60cfd74e00896a264b0513324afaef0060161089	c1944627d8fb4d69c4ec0b6c27c93ad55072e6ab9a4241a356adafe482892657		50017291
ore_ont_13762.owl	488	ok	match	True	nominals	0.264	174.78	546ecedfd926794879e1ddae60cfd74e00896a264b0513324afaef0060161089	834d5a60982e1e532564cb200cbfe49dde2ef31b8a7d6cc1e9e09cd08fb7dd61		50017292
ore_ont_13772.owl	489	ok	match	True	production_all	0.0439	7.81	546ecedfd926794879e1ddae60cfd74e00896a264b0513324afaef0060161089	25a9dfe3607834ad90d624672276aede57eaf02784efa544063dd4489337adab		50017293
ore_ont_13840.owl	490	ok	match	True	production_all	0.228	32.74	546ecedfd926794879e1ddae60cfd74e00896a264b0513324afaef0060161089	1a76bc2eead4ab2c64afae2e732b4a5ef9f37155917439b00c9518c686bff41c		50017294
ore_ont_13852.owl	491	ok	match	True	production_all	0.3146	38.14	546ecedfd926794879e1ddae60cfd74e00896a264b0513324afaef0060161089	2e3d43d2ccdef95965bb116db6a147ac1c9436689d91642fdc0a0ae516665943		50017296
ore_ont_13887.owl	492	ok	match	True	production_all	0.0744	10.31	546ecedfd926794879e1ddae60cfd74e00896a264b0513324afaef0060161089	7d50171db15ecaab15bff2a8f8cd738024aa3139b61332e80c2e122a182ecc3e		50017299
ore_ont_13902.owl	493	ok	match	True	production_all	2.5461	639.66	546ecedfd926794879e1ddae60cfd74e00896a264b0513324afaef0060161089	25a9dfe3607834ad90d624672276aede57eaf02784efa544063dd4489337adab		50017301
ore_ont_13912.owl	494	ok	match	True	nominals	0.0429	7.5	546ecedfd926794879e1ddae60cfd74e00896a264b0513324afaef0060161089	3c48c283d1292f55fe67383942d35be768499f1f96e83f0adf812c000ac3b9dd		50017304
ore_ont_13964.owl	495	ok	match	True	production_all	1.4187	383.09	546ecedfd926794879e1ddae60cfd74e00896a264b0513324afaef0060161089	25a9dfe3607834ad90d624672276aede57eaf02784efa544063dd4489337adab		50017307
ore_ont_13969.owl	496	ok	match	True	production_all	9.2119	1421.78	546ecedfd926794879e1ddae60cfd74e00896a264b0513324afaef0060161089	df5204236b942809dc9fff216bc1a3ccf523cc361d1cb9ca2a12b36456249647		50017310
ore_ont_14027.owl	497	ok	match	True	production_all	0.2812	37.5	546ecedfd926794879e1ddae60cfd74e00896a264b0513324afaef0060161089	e89ac3a69a1ca7c8e4b2c50fffb92e958ce6cfa6aedbd9a5f449895c592d5e48		50017311
ore_ont_14031.owl	498	ok	match	True	production_all	0.0989	17.74	546ecedfd926794879e1ddae60cfd74e00896a264b0513324afaef0060161089	41ecf9621a1cc6d1dda13476959ce98ef12d1f97090b407e8a0b5b4d2d35d1dd		50017313
ore_ont_14042.owl	499	ok	match	True	production_all	37.5165	3772.32	546ecedfd926794879e1ddae60cfd74e00896a264b0513324afaef0060161089	5f730ffc22a0828f94eb0bcfe5c366774eb965dcb577c9b64e14c9552f2e86e9		50017315
ore_ont_14123.owl	500	ok	match	True	production_all	0.0733	11.8	546ecedfd926794879e1ddae60cfd74e00896a264b0513324afaef0060161089	8b7f9bcf47a17d494df882683f019686ed295e909c0d80b7e4bcb0a306b16245		50017319
ore_ont_14153.owl	501	ok	match	True	production_all	0.1347	47.74	546ecedfd926794879e1ddae60cfd74e00896a264b0513324afaef0060161089	11b062554512b7dc5030652d6359a4637466330cb93b1acbbe25eb81e28b7efc		50017320
ore_ont_14194.owl	502	ok	match	True	nominals	2.2663	1601.46	546ecedfd926794879e1ddae60cfd74e00896a264b0513324afaef0060161089	c134da9d8e936c4f86bdfba991620153f1a4e471154011b9e333b0324ac35da5		50017325
ore_ont_14216.owl	503	ok	match	True	production_all	20.4279	3604.93	546ecedfd926794879e1ddae60cfd74e00896a264b0513324afaef0060161089	25a9dfe3607834ad90d624672276aede57eaf02784efa544063dd4489337adab		50017326
ore_ont_14273.owl	504	ok	match	True	production_all	0.0442	9.53	546ecedfd926794879e1ddae60cfd74e00896a264b0513324afaef0060161089	25a9dfe3607834ad90d624672276aede57eaf02784efa544063dd4489337adab		50017484
ore_ont_14280.owl	505	ok	match	True	production_all	0.432	44.6	546ecedfd926794879e1ddae60cfd74e00896a264b0513324afaef0060161089	dcc934c8bc158452fb1f4d5590d9555e693e5417a6b0cf76f28a01fde9f4385a		50017665
ore_ont_14312.owl	506	ok	match	True	production_all	2.8811	607.29	546ecedfd926794879e1ddae60cfd74e00896a264b0513324afaef0060161089	13aed4f22b7932a454821bd5bd3c1d9354fc69f7586b2bf3b2cb445a461a59b3		50017666
ore_ont_14327.owl	507	ok	match	True	production_all	0.0408	7.19	546ecedfd926794879e1ddae60cfd74e00896a264b0513324afaef0060161089	70171f4a81f01a33cbc8852ca47a0155893039a6f390b7a5780a71655b53800e		50017667
ore_ont_14375.owl	508	ok	match	True	production_all	0.9514	223.63	546ecedfd926794879e1ddae60cfd74e00896a264b0513324afaef0060161089	2829f8183f13c0ca7bea6def45b269984c62055471f3a226dbbb625743470655		50017910
ore_ont_14450.owl	509	ok	match	True	production_all	0.1875	52.69	546ecedfd926794879e1ddae60cfd74e00896a264b0513324afaef0060161089	d0c67792f15f1d3adee5ff277de2c7511d08474189203320bab5c30dafe21fcc		50017911
ore_ont_14459.owl	510	ok	match	True	production_all	45.0412	4677.34	546ecedfd926794879e1ddae60cfd74e00896a264b0513324afaef0060161089	cd04b420623e015a2c262189ae87da5f5712179d720dbc20e6ea4609e7615f41		50017912
ore_ont_14499.owl	511	ok	match	True	production_all	0.1882	31.16	546ecedfd926794879e1ddae60cfd74e00896a264b0513324afaef0060161089	ac49106e1451d9853d2cb9d7a85693b96e5379e58a9cbe8d8dd6b8786b979d2a		50020207
ore_ont_14508.owl	512	ok	match	True	production_all	1.1994	266.36	546ecedfd926794879e1ddae60cfd74e00896a264b0513324afaef0060161089	25a9dfe3607834ad90d624672276aede57eaf02784efa544063dd4489337adab		50020216
ore_ont_14518.owl	513	ok	match	True	production_all	0.0404	7.5	546ecedfd926794879e1ddae60cfd74e00896a264b0513324afaef0060161089	3b4f8d3811e4bc8dd83d2498f6d1f68ddddde4834c99449996bbbe92ebfba5ec		50020218
ore_ont_14543.owl	514	ok	match	True	production_all	6.0413	969.34	546ecedfd926794879e1ddae60cfd74e00896a264b0513324afaef0060161089	3d69cceb509ef6af3ff22cd2eea4b2d20cf4a261c48c0f2e4ea786582fa9b4f6		50020219
ore_ont_14574.owl	515	ok	match	True	production_all	0.2197	31.11	546ecedfd926794879e1ddae60cfd74e00896a264b0513324afaef0060161089	493d5b8d2bad1ba4b0a417ba87c4b0cdb31b917cac6c8c521b50eccf50dcb35f		50020227
ore_ont_14587.owl	516	ok	match	True	production_all	0.3115	53.95	546ecedfd926794879e1ddae60cfd74e00896a264b0513324afaef0060161089	430efd311cd4e4530c704f7a881a2634d8ba24a2d2eb44f99858bfa90650c8c4		50020228
ore_ont_14607.owl	517	ok	match	True	production_all	7.0256	1690.11	546ecedfd926794879e1ddae60cfd74e00896a264b0513324afaef0060161089	25a9dfe3607834ad90d624672276aede57eaf02784efa544063dd4489337adab		50020229
ore_ont_14817.owl	518	ok	match	True	production_all	99.7781	5960.12	546ecedfd926794879e1ddae60cfd74e00896a264b0513324afaef0060161089	3c43822a005baa536d47079eac973ab6247dd54adace4643ac119bc74757445d		50020231
ore_ont_14826.owl	519	ok	match	True	production_all	0.0419	7.81	546ecedfd926794879e1ddae60cfd74e00896a264b0513324afaef0060161089	0d117ce09c0ab3b0861b3c524719fe2a4f3143a0fc90124355a18e12028726b3		50020274
ore_ont_14840.owl	520	ok	match	True	production_all	0.0701	11.5	546ecedfd926794879e1ddae60cfd74e00896a264b0513324afaef0060161089	11b062554512b7dc5030652d6359a4637466330cb93b1acbbe25eb81e28b7efc		50020276
ore_ont_14848.owl	521	ok	match	True	production_all	0.0701	10.13	546ecedfd926794879e1ddae60cfd74e00896a264b0513324afaef0060161089	35ad616fd48312b83ed0327765383c7b7087019ec32aa6778e7b85eed5448fb2		50020277
ore_ont_14896.owl	522	ok	match	True	nominal_ni_abox	0.9532	557.77	546ecedfd926794879e1ddae60cfd74e00896a264b0513324afaef0060161089	6d9285aae0ab89479bc2db0d99b396d87044ea4f1baa33c4edc5fc5410681760		50020279
ore_ont_14901.owl	523	ok	match	True	production_all	0.0412	9.06	546ecedfd926794879e1ddae60cfd74e00896a264b0513324afaef0060161089	a6209a6c16fcc7a056b4afd3a9a3d62114a67dfd76f674aac2f616d7cc0276df		50020280
ore_ont_14926.owl	524	ok	match	True	production_all	0.0411	7.19	546ecedfd926794879e1ddae60cfd74e00896a264b0513324afaef0060161089	77665b11fb7d2370101eb7b65e132de7967c9239a51a1eb0bb9769f5c6e0b389		50020281
ore_ont_14934.owl	525	ok	match	True	production_all	2.8134	589.52	546ecedfd926794879e1ddae60cfd74e00896a264b0513324afaef0060161089	67f8b56d7977547b096eb1abae5ff30988653d703a4e8c27f8d543b13e3f6b3c		50020282
ore_ont_15059.owl	526	ok	match	True	production_all	60.0016	9793.55	546ecedfd926794879e1ddae60cfd74e00896a264b0513324afaef0060161089	25a9dfe3607834ad90d624672276aede57eaf02784efa544063dd4489337adab		50020301
ore_ont_15068.owl	527	ok	match	True	production_all	0.0425	6.88	546ecedfd926794879e1ddae60cfd74e00896a264b0513324afaef0060161089	e60aee98e44662ce73579fe6f10aaf0c4197f6297c8c7a2dc96229a68000cec5		50020305
ore_ont_15098.owl	528	ok	match	True	production_all	0.1651	32.62	546ecedfd926794879e1ddae60cfd74e00896a264b0513324afaef0060161089	97c1355b707518660b4d88edeaafbedba4ed48ded26a8a6750b5b9dbbdc0c0d3		50020306
ore_ont_15099.owl	529	ok	match	True	production_all	1.3474	302.92	546ecedfd926794879e1ddae60cfd74e00896a264b0513324afaef0060161089	25a9dfe3607834ad90d624672276aede57eaf02784efa544063dd4489337adab		50020307
ore_ont_15145.owl	530	ok	match	True	production_all	0.0407	6.56	546ecedfd926794879e1ddae60cfd74e00896a264b0513324afaef0060161089	d35d49ee77e0944bb615970957f86b0e59c29c32cb004f5b780cad04a884d820		50020309
ore_ont_15152.owl	531	ok	match	True	production_all	0.2562	35.5	546ecedfd926794879e1ddae60cfd74e00896a264b0513324afaef0060161089	2e77cd8b86b16a814046b32b0f6aac24408a4720f8c85b5e70064714d044ab4e		50020311
ore_ont_15172.owl	532	ok	match	True	production_all	4.546	863.74	546ecedfd926794879e1ddae60cfd74e00896a264b0513324afaef0060161089	cfe1d126a72a80da87f532b5b612cb038a9842ba2da3b976a42210dd64dc309f		50020312
ore_ont_15178.owl	533	ok	match	True	production_all	0.5842	64.62	546ecedfd926794879e1ddae60cfd74e00896a264b0513324afaef0060161089	25a9dfe3607834ad90d624672276aede57eaf02784efa544063dd4489337adab		50020314
ore_ont_15222.owl	534	ok	match	True	production_all	0.1331	25.21	546ecedfd926794879e1ddae60cfd74e00896a264b0513324afaef0060161089	5c6f359604affee99507cdd750dbbfc794e267be366dbb2e28d23195585173fc		50020317
ore_ont_15231.owl	535	ok	match	True	production_all	0.0426	9.06	546ecedfd926794879e1ddae60cfd74e00896a264b0513324afaef0060161089	759bbfe0aa99baef0b44c0a355a8bdb04c1e1567df8276657a8f110eaa63b0da		50020323
ore_ont_15260.owl	536	ok	match	True	production_all	0.54	54.75	546ecedfd926794879e1ddae60cfd74e00896a264b0513324afaef0060161089	aff02089bd790afb61c697a9cd6479412f059bcfc0280ebe620fbf4f9db6f74e		50020324
ore_ont_15280.owl	537	ok	match	True	production_all	67.2573	7172.94	546ecedfd926794879e1ddae60cfd74e00896a264b0513324afaef0060161089	25a9dfe3607834ad90d624672276aede57eaf02784efa544063dd4489337adab		50020325
ore_ont_15288.owl	538	ok	match	True	nominals	0.099	22.73	546ecedfd926794879e1ddae60cfd74e00896a264b0513324afaef0060161089	3c48c283d1292f55fe67383942d35be768499f1f96e83f0adf812c000ac3b9dd		50020327
ore_ont_15292.owl	539	ok	match	True	production_all	0.0995	14.72	546ecedfd926794879e1ddae60cfd74e00896a264b0513324afaef0060161089	29a150755fb749ce18438b66bc2251caf3830ac42a72a55b5f9f80354d7d7a36		50020328
ore_ont_15341.owl	540	ok	match	True	production_all	0.2202	33.9	546ecedfd926794879e1ddae60cfd74e00896a264b0513324afaef0060161089	1a76bc2eead4ab2c64afae2e732b4a5ef9f37155917439b00c9518c686bff41c		50020329
ore_ont_15388.owl	541	ok	match	True	production_all	3.64	645.91	546ecedfd926794879e1ddae60cfd74e00896a264b0513324afaef0060161089	758db59f0d87ce5cce6675d9c29e821c914f18a5c6441c409b4e99b59fda8a32		50020330
ore_ont_15397.owl	542	ok	match	True	production_all	0.0413	9.69	546ecedfd926794879e1ddae60cfd74e00896a264b0513324afaef0060161089	d9e64c782f6e64d0320ccc7d671e028934cbea67e33feb8d416ea7ff796713cd		50020332
ore_ont_15399.owl	543	ok	match	True	production_all	0.0407	6.88	546ecedfd926794879e1ddae60cfd74e00896a264b0513324afaef0060161089	efda811e1d6e9ea5f0db4e624fb6396525b8b8062b2425db6e4d09050f5b1c17		50020351
ore_ont_15461.owl	544	ok	match	True	certified_nominals	0.0414	13.38	546ecedfd926794879e1ddae60cfd74e00896a264b0513324afaef0060161089	ee5f8cc3794b0475358c736d5f6fd8de147908ad3b71ce2191a8db616177f5ec		50020352
ore_ont_15491.owl	545	ok	match	True	production_all	1.8015	763.66	546ecedfd926794879e1ddae60cfd74e00896a264b0513324afaef0060161089	97a59d7571fc801275294d5b4946c729e77ce8827ae172f37860dd37c725b499		50020353
ore_ont_15516.owl	546	ok	consistency_mismatch	False	ht_rules	0.1591	24.37	546ecedfd926794879e1ddae60cfd74e00896a264b0513324afaef0060161089	3c48c283d1292f55fe67383942d35be768499f1f96e83f0adf812c000ac3b9dd		50020354
ore_ont_15536.owl	547	ok	match	True	production_all	1.3319	408.64	546ecedfd926794879e1ddae60cfd74e00896a264b0513324afaef0060161089	e1fbeb7aeb67310ff49d0f3581a15226962810239795d8c96bfc061bc5fb9f8d		50020355
ore_ont_15576.owl	548	ok	match	True	production_all	0.0406	6.88	546ecedfd926794879e1ddae60cfd74e00896a264b0513324afaef0060161089	695d45a2b96d972126076a53cdec4cb9ad18c89b74acb7d7a37b2f4dc6d86945		50020358
ore_ont_15615.owl	549	ok	match	True	nominals	0.5791	309.28	546ecedfd926794879e1ddae60cfd74e00896a264b0513324afaef0060161089	838b8129e87b7cee048f7a2d220cbba48c95cc9e8202758908e2abe4d31270c0		50020359
ore_ont_15672.owl	550	ok	match	True	certified_nominals	0.157	39.55	546ecedfd926794879e1ddae60cfd74e00896a264b0513324afaef0060161089	ac6f352d8affdb9102cfb99509c6f3684aa1b181c29845ac98780d1b07e3b131		50020364
ore_ont_15696.owl	551	ok	match	True	production_all	6.4276	1035.48	546ecedfd926794879e1ddae60cfd74e00896a264b0513324afaef0060161089	c970dcfadfa3044c7e64c2d304534d117c73227fe514292dc5714b298b8b3ea7		50020365
ore_ont_15703.owl	552	ok	match	True	production_all	31.7534	4359.7	546ecedfd926794879e1ddae60cfd74e00896a264b0513324afaef0060161089	090129a7fbaa14652ada3408dd1f160e7dd4a09a3502cc3323d8dad734e8893a	same_job_fulliri_identity_to_konclude	50020366
ore_ont_15725.owl	553	ok	match	True	production_all	2.7166	530.48	546ecedfd926794879e1ddae60cfd74e00896a264b0513324afaef0060161089	42436eeb45b30ea78e04c949ee44ed2b01fd517c889e603da4aa5afe491dbba3		50020371
ore_ont_15790.owl	554	ok	match	True	production_all	0.9733	221.48	546ecedfd926794879e1ddae60cfd74e00896a264b0513324afaef0060161089	a98baf2805a78f76f0ada62cba4ff6ba0f2074ab456c1358f173d00b9cdcf687		50020374
ore_ont_15791.owl	555	ok	match	True	production_all	0.6517	176.35	546ecedfd926794879e1ddae60cfd74e00896a264b0513324afaef0060161089	400f7d33417064a47481356d944fc2a18d4464daaccc300744d15445d18267a9		50020375
ore_ont_15793.owl	556	ok	match	True	production_all	0.4608	55.23	546ecedfd926794879e1ddae60cfd74e00896a264b0513324afaef0060161089	25a9dfe3607834ad90d624672276aede57eaf02784efa544063dd4489337adab		50020381
ore_ont_15803.owl	557	ok	match	True	production_all	34.8475	2599.03	546ecedfd926794879e1ddae60cfd74e00896a264b0513324afaef0060161089	b2a4da940996565b8ddac8c21ce38392192c271087965a80ba09c8826f2ee654		50020382
ore_ont_15846.owl	558	ok	match	True	certified_nominals	187.3115	18932.84	546ecedfd926794879e1ddae60cfd74e00896a264b0513324afaef0060161089	ac1340ed5caad4831da799f8842d2893e8d9f310dce3d084390affed2072a4a6		50020385
ore_ont_15860.owl	559	ok	match	True	production_all	0.1004	19.54	546ecedfd926794879e1ddae60cfd74e00896a264b0513324afaef0060161089	c173c953ba6ebb32391cc93132739e108a31bcfc0eecb2b364122804641facc1		50020387
ore_ont_15882.owl	560	ok	match	True	production_all	0.0406	7.19	546ecedfd926794879e1ddae60cfd74e00896a264b0513324afaef0060161089	46a256fa20fee1a424bd74f6c769b7069c857a56526bebf219f8a1ea5970d413		50020392
ore_ont_15917.owl	561	ok	match	True	production_all	0.2198	33.89	546ecedfd926794879e1ddae60cfd74e00896a264b0513324afaef0060161089	b18821800ab66df564954fe1f8f0215e5a18ab26bb84b658dad00ecef50d8d43		50020393
ore_ont_15929.owl	562	ok	match	True	production_all	7.2011	1375.02	546ecedfd926794879e1ddae60cfd74e00896a264b0513324afaef0060161089	f0c432fee3845eb4ee0944c812ab0cadbbb8b96ea3184fcfff116504553d20e6		50020397
ore_ont_15932.owl	563	ok	match	True	production_all	0.1896	28.17	546ecedfd926794879e1ddae60cfd74e00896a264b0513324afaef0060161089	25a9dfe3607834ad90d624672276aede57eaf02784efa544063dd4489337adab		50020401
ore_ont_15944.owl	564	ok	match	True	production_all	0.2206	30.42	546ecedfd926794879e1ddae60cfd74e00896a264b0513324afaef0060161089	a89fcaec0acf48929b811ad17b0a59dae35e6000e3da2a3eb5a38face70b89f0		50020403
ore_ont_15950.owl	565	ok	match	True	production_all	0.0703	13.03	546ecedfd926794879e1ddae60cfd74e00896a264b0513324afaef0060161089	d15b70278a4cfa2cbedf2764cb9add0f0a8634cfe957ddc2861c637639bcbf80		50020404
ore_ont_15968.owl	566	ok	match	True	production_all	0.1277	19.29	546ecedfd926794879e1ddae60cfd74e00896a264b0513324afaef0060161089	6db6d583cbef219dfd43cf09b0d4d10c48a2e452b5fa3a3192d1e43164b71ad8		50020405
ore_ont_15976.owl	567	ok	match	True	production_all	12.2925	2522.89	546ecedfd926794879e1ddae60cfd74e00896a264b0513324afaef0060161089	51a1a9f58e3876db3d650ffc837f1b17a593f96e8186123ad3a7be4ebae90ce2		50020407
ore_ont_15985.owl	568	ok	match	True	production_all	0.0404	10.31	546ecedfd926794879e1ddae60cfd74e00896a264b0513324afaef0060161089	ca24600a6333d4f0b50ddb653421567ea0b628924690df4d658227e0b57116ca		50020423
ore_ont_16008.owl	569	ok	match	True	production_all	39.5568	4160.18	546ecedfd926794879e1ddae60cfd74e00896a264b0513324afaef0060161089	a63271e4eaa00aee100894f5b327640ee71188051dabf76b2db3966ee97c7300		50020424
ore_ont_16076.owl	570	ok	match	True	production_all	0.0402	6.88	546ecedfd926794879e1ddae60cfd74e00896a264b0513324afaef0060161089	f5bc89bf3be32e4581fd4c79c458b48416e36f89c736035abe746f5a9a8f202b		50020431
ore_ont_16114.owl	571	ok	match	True	production_all	0.312	41.62	546ecedfd926794879e1ddae60cfd74e00896a264b0513324afaef0060161089	1ad425b38518f1b34809c5bac5e48a3852f6537a4b67a386e7738d65bbabfbd1		50020432
ore_ont_16167.owl	572	ok	match	True	production_all	0.0407	7.81	546ecedfd926794879e1ddae60cfd74e00896a264b0513324afaef0060161089	b7265f5d9eb0fb65cc91f6a0c66536106a10cfb80bfd5e9a3089fc4912cc1685		50020433
ore_ont_16299.owl	573	ok	match	True	production_all	0.2145	33.54	546ecedfd926794879e1ddae60cfd74e00896a264b0513324afaef0060161089	79a3357bf88132434ab6f17359e8423fd8e267d9cd8f284a69f83811a81c5534		50020435
ore_ont_16303.owl	574	ok	match	True	nominals	4.2835	2365.67	546ecedfd926794879e1ddae60cfd74e00896a264b0513324afaef0060161089	34fe02a636bad19ca47c10bc915fa2e13b8985ab465f1950e8e9ac37e8c5cec4		50020436
ore_ont_16312.owl	575	ok	match	True	production_all	0.0691	9.38	546ecedfd926794879e1ddae60cfd74e00896a264b0513324afaef0060161089	211b0f09c916f799fa9e5d415686048201528f845fe8c51344875b641012c3bb		50020437
ore_ont_16351.owl	576	ok	match	True	production_all	0.0407	7.19	546ecedfd926794879e1ddae60cfd74e00896a264b0513324afaef0060161089	089285c14961a28c3295b6109e4770cd940be7585d1707cf11d856a9a3d8fbfb		50020438
ore_ont_16444.owl	577	ok	match	True	production_all	11.196	1863.24	546ecedfd926794879e1ddae60cfd74e00896a264b0513324afaef0060161089	5109eb2f46fdb186066ec88a1337c6a825792132ceb7c8da24bf726151dc8266		50020439
ore_ont_16461.owl	578	ok	match	True	production_all	0.418	25.14	546ecedfd926794879e1ddae60cfd74e00896a264b0513324afaef0060161089	0af6a1d628529a9a1d42c72379974169f6b2c6bcb60f707f8219c3729daff0ad		50020440
ore_ont_16462.owl	579	ok	match	True	nominals	11.4448	2317.32	546ecedfd926794879e1ddae60cfd74e00896a264b0513324afaef0060161089	9109e440a0fde12e5608bff89f0f251b2a2e18c60bc08c6f8e52778c3871d19b		50020441
ore_ont_16501.owl	580	ok	match	True	production_all	0.0404	8.44	546ecedfd926794879e1ddae60cfd74e00896a264b0513324afaef0060161089	1b5b8a3dfbee869f5bef037fc0ebcf0443e1c450ce39e644ac98a8bddb061619		50020445
ore_ont_16558.owl	581	ok	match	True	production_all	0.2174	29.07	546ecedfd926794879e1ddae60cfd74e00896a264b0513324afaef0060161089	a89fcaec0acf48929b811ad17b0a59dae35e6000e3da2a3eb5a38face70b89f0		50020447
ore_ont_16559.owl	582	ok	match	True	production_all	1.3013	374.89	546ecedfd926794879e1ddae60cfd74e00896a264b0513324afaef0060161089	25a9dfe3607834ad90d624672276aede57eaf02784efa544063dd4489337adab		50020449
ore_ont_16596.owl	583	ok	match	True	production_all	12.109	2512.62	546ecedfd926794879e1ddae60cfd74e00896a264b0513324afaef0060161089	59fe2ee75b8ea859b8dadcc4715d8591b3f1b41c2880e673b3a24ec9613a267c		50020450
ore_ont_16619.owl	584	ok	match	True	production_all	0.831	67.07	546ecedfd926794879e1ddae60cfd74e00896a264b0513324afaef0060161089	fb177a37c99251f771c426c2b969026f3a1e8efffc7fb30336b4543b014707e2		50020453
ore_ont_16626.owl	585	ok	match	True	production_all	0.041	7.19	546ecedfd926794879e1ddae60cfd74e00896a264b0513324afaef0060161089	4c0fc61e706201f24a9b90a90645e46f89e292aebc1411ae5d428a2aeb00fc90		50020455
ore_ont_16684.owl	586	ok	match	True	production_all	1.8459	400.33	546ecedfd926794879e1ddae60cfd74e00896a264b0513324afaef0060161089	25a9dfe3607834ad90d624672276aede57eaf02784efa544063dd4489337adab		50020456
ore_ont_16687.owl	587	ok	match	True	production_all	1.2846	274.27	546ecedfd926794879e1ddae60cfd74e00896a264b0513324afaef0060161089	065e1e1457ce47b8ce09b524443d73adc155d2d40d1a6303dec535d74378c086		50020457
ore_ont_16730.owl	588	ok	match	True	production_all	0.0407	7.81	546ecedfd926794879e1ddae60cfd74e00896a264b0513324afaef0060161089	a387245df155c38805c9fb5860713f05c5747dcc66cb68aeed3f348cce01ed68		50020458
ore_ont_16744.owl	589	ok	match	True	production_all	99.8219	11606.17	546ecedfd926794879e1ddae60cfd74e00896a264b0513324afaef0060161089	25a9dfe3607834ad90d624672276aede57eaf02784efa544063dd4489337adab		50020459
ore_ont_16777.owl	590	ok	match	True	production_all	0.0701	9.06	546ecedfd926794879e1ddae60cfd74e00896a264b0513324afaef0060161089	25a9dfe3607834ad90d624672276aede57eaf02784efa544063dd4489337adab		50020461
ore_ont_16821.owl	591	ok	match	True	production_all	0.0413	8.75	546ecedfd926794879e1ddae60cfd74e00896a264b0513324afaef0060161089	1a2026b1f210fee29abcf425160d81ab1f0edef058aec0379f8dbf0b3bce7cc2		50014326
