M	schema	1
M	transformation	owl2el-whole-violating-axiom-deletion-v1
M	source	/ibex/scratch/hohndor/km/corpus/ore_ont_9724.owl
M	source_sha256	00c80e07aa57578c168d15a1755b62fde41c53dd69a2f04cc5d88c888c8baf19
M	source_axioms	61782
M	source_logical_axioms	37696
M	initial_el_violations	1149
M	projection_rounds	1
M	removed_axioms	1149
M	removed_axioms_sha256	4754e31a8f37a2c1b514d6987b1904a30192beb6e410dfa65e1c4748ebda190f
M	output_axioms	60633
M	output_logical_axioms	36547
M	output_sha256	e4a1ef350907432a7af8b857c784f4a53ec7e7bbcfaad961dd4114baf1fc9a71
P	OWL2EL	true	0
R	d9f487e229205eea0e5ffb4cf9b8aeb299b84875ded37d319866d5ea1c06c41d	RnVuY3Rpb25hbE9iamVjdFByb3BlcnR5KDxodHRwOi8vd3d3LmNvLW9kZS5vcmcvb250b2xvZ2llcy9nYWxlbiNPcmdhbmlzbVNlbGVjdG9yQXR0cmlidXRlPik=
R	ccd1f9405310fba801ffd5d927f02a6f1f07c2fc1d9ce5bc99ab07f70481e3d4	RnVuY3Rpb25hbE9iamVjdFByb3BlcnR5KDxodHRwOi8vd3d3LmNvLW9kZS5vcmcvb250b2xvZ2llcy9nYWxlbiNTdGF0dXNBdHRyaWJ1dGU+KQ==
R	4e4e2065fce6cd07c3ba23e5be0e83c7bb6415222e410312d70792cbee492906	RnVuY3Rpb25hbE9iamVjdFByb3BlcnR5KDxodHRwOi8vd3d3LmNvLW9kZS5vcmcvb250b2xvZ2llcy9nYWxlbiNUZW1wb3JhbEF0dHJpYnV0ZT4p
R	1b39090a8133314df79f7ac92aea4cc25df312571d60a97db1116767c6fd15f8	RnVuY3Rpb25hbE9iamVjdFByb3BlcnR5KDxodHRwOi8vd3d3LmNvLW9kZS5vcmcvb250b2xvZ2llcy9nYWxlbiNhY3RzU3BlY2lmaWNhbGx5QXRMZXZlbD4p
R	b1e50caf5e471548eeacec53a704a9c3e839cdf531432b3380af5e6ca99371be	RnVuY3Rpb25hbE9iamVjdFByb3BlcnR5KDxodHRwOi8vd3d3LmNvLW9kZS5vcmcvb250b2xvZ2llcy9nYWxlbiNhY3RzU3BlY2lmaWNhbGx5T24+KQ==
R	880207dd67694067d0833c7da61e351b6f1cf37943eabc1721e94fa3498c93d4	RnVuY3Rpb25hbE9iamVjdFByb3BlcnR5KDxodHRwOi8vd3d3LmNvLW9kZS5vcmcvb250b2xvZ2llcy9nYWxlbiNkZWZpbmVzU3lzdGVtPik=
R	3f063c019fcc607592aea50a97f0d13aa1826564db74f8fc18caf7661041720b	RnVuY3Rpb25hbE9iamVjdFByb3BlcnR5KDxodHRwOi8vd3d3LmNvLW9kZS5vcmcvb250b2xvZ2llcy9nYWxlbiNoYXNBYm5vcm1hbGl0eVN0YXR1cz4p
R	92a4077889eac9f2d24c944052b917590857f7b2509e78afb8d9969646b1bc05	RnVuY3Rpb25hbE9iamVjdFByb3BlcnR5KDxodHRwOi8vd3d3LmNvLW9kZS5vcmcvb250b2xvZ2llcy9nYWxlbiNoYXNBYnNvbHV0ZVN0YXRlPik=
R	3f65daaa838af12093c4bb5796a0d0b443e17d81791a6b236c92d1323affa5fa	RnVuY3Rpb25hbE9iamVjdFByb3BlcnR5KDxodHRwOi8vd3d3LmNvLW9kZS5vcmcvb250b2xvZ2llcy9nYWxlbiNoYXNBYnNvcmJhbmNlPik=
R	376561683880d72f40c7b3fa4f1bca8b24f8a7bc5a68d36b2bec1abe72492a21	RnVuY3Rpb25hbE9iamVjdFByb3BlcnR5KDxodHRwOi8vd3d3LmNvLW9kZS5vcmcvb250b2xvZ2llcy9nYWxlbiNoYXNBYnN0cmFjdERpcmVjdGlvbj4p
R	5ce5f5aefb2c1b63548f0d1eea3471cfd21add7eee949fd4ec28ca6bdb61f570	RnVuY3Rpb25hbE9iamVjdFByb3BlcnR5KDxodHRwOi8vd3d3LmNvLW9kZS5vcmcvb250b2xvZ2llcy9nYWxlbiNoYXNBY2NlbGVyYXRpb24+KQ==
R	4a71871f5f928187015f528c687fffce1211266175d0395e4a02b151ba7daee6	RnVuY3Rpb25hbE9iamVjdFByb3BlcnR5KDxodHRwOi8vd3d3LmNvLW9kZS5vcmcvb250b2xvZ2llcy9nYWxlbiNoYXNBY3F1aXNpdGlvbk1vZGU+KQ==
R	d27b8257b9b6d3a997e31ae6a5f2f09e6709b57cc5bbf742e79ed8d497bb4806	RnVuY3Rpb25hbE9iamVjdFByb3BlcnR5KDxodHRwOi8vd3d3LmNvLW9kZS5vcmcvb250b2xvZ2llcy9nYWxlbiNoYXNBY3VpdHk+KQ==
R	80e6727b36b4db33556d7db81bf0c9a63886e87a4103e82dd1b91a60384e49db	RnVuY3Rpb25hbE9iamVjdFByb3BlcnR5KDxodHRwOi8vd3d3LmNvLW9kZS5vcmcvb250b2xvZ2llcy9nYWxlbiNoYXNBZGRyZXNzPik=
R	40492a45f8a60a1f89ba5a188b2877d6ee6260b2eda5fda100b0d1a5b7faaec4	RnVuY3Rpb25hbE9iamVjdFByb3BlcnR5KDxodHRwOi8vd3d3LmNvLW9kZS5vcmcvb250b2xvZ2llcy9nYWxlbiNoYXNBZGVxdWFjeUxldmVsU3RhdHVzPik=
R	365ad985566f65d4a7300a82bab8896b9521fdee3c2c3d98d860cad7782cc2b1	RnVuY3Rpb25hbE9iamVjdFByb3BlcnR5KDxodHRwOi8vd3d3LmNvLW9kZS5vcmcvb250b2xvZ2llcy9nYWxlbiNoYXNBZGp1c3RhYmlsaXR5Pik=
R	5a23c8d9971e080bee1aa433f423e06bf2b8b33af161f47d9f81c7fd2410bfc8	RnVuY3Rpb25hbE9iamVjdFByb3BlcnR5KDxodHRwOi8vd3d3LmNvLW9kZS5vcmcvb250b2xvZ2llcy9nYWxlbiNoYXNBZ2U+KQ==
R	8e9f82ba2f6f47903cd12d4bd35628516acabae503355df6fe9c9c281c8e66b3	RnVuY3Rpb25hbE9iamVjdFByb3BlcnR5KDxodHRwOi8vd3d3LmNvLW9kZS5vcmcvb250b2xvZ2llcy9nYWxlbiNoYXNBbGl2ZU9yRGVhZFN0YXR1cz4p
R	28fde56243ad36f3389cc0970f065c5b71be496f31aa0afd74a47cfc4478016c	RnVuY3Rpb25hbE9iamVjdFByb3BlcnR5KDxodHRwOi8vd3d3LmNvLW9kZS5vcmcvb250b2xvZ2llcy9nYWxlbiNoYXNBbHBoYUNvbm5lY3Rpb24+KQ==
R	6a401a049253c70c27033b8679f102a0b8a7f330b5e29e523763882a11d8dba8	RnVuY3Rpb25hbE9iamVjdFByb3BlcnR5KDxodHRwOi8vd3d3LmNvLW9kZS5vcmcvb250b2xvZ2llcy9nYWxlbiNoYXNBbHBoYVBhcnRpdGl2ZUNvbm5lY3Rpb24+KQ==
R	3ab4d1a6ab5aa444b5e95a20687fcab00b5bf81c241de80a01dbcf0a7def862f	RnVuY3Rpb25hbE9iamVjdFByb3BlcnR5KDxodHRwOi8vd3d3LmNvLW9kZS5vcmcvb250b2xvZ2llcy9nYWxlbiNoYXNBbmFlc3RoZXNpYT4p
R	49105550e7e7d40b966e2d8d57ee9fed7b682752721e6c1a551bd73dada76bb2	RnVuY3Rpb25hbE9iamVjdFByb3BlcnR5KDxodHRwOi8vd3d3LmNvLW9kZS5vcmcvb250b2xvZ2llcy9nYWxlbiNoYXNBbmd1bGFyTWVhc3VyZW1lbnQ+KQ==
R	c4a35da84c4a03a7da9941da9046d1c311ebb46c8a9ffaac43faea366493dbe9	RnVuY3Rpb25hbE9iamVjdFByb3BlcnR5KDxodHRwOi8vd3d3LmNvLW9kZS5vcmcvb250b2xvZ2llcy9nYWxlbiNoYXNBbnRlcmlvclBvc3RlcmlvclBvc2l0aW9uPik=
R	85fab978612e33f9f8ce3714dee0d82a0470a57e03310186a0cf7d4992a636de	RnVuY3Rpb25hbE9iamVjdFByb3BlcnR5KDxodHRwOi8vd3d3LmNvLW9kZS5vcmcvb250b2xvZ2llcy9nYWxlbiNoYXNBbnRlcmlvclBvc3RlcmlvclNlbGVjdG9yPik=
R	b064ab833adaa073361fffd8c224d6b3aa4b760b493cd94d670abfc9396ea618	RnVuY3Rpb25hbE9iamVjdFByb3BlcnR5KDxodHRwOi8vd3d3LmNvLW9kZS5vcmcvb250b2xvZ2llcy9nYWxlbiNoYXNBbnRlcm9SZXRyb2dyYWRlU2VsZWN0b3I+KQ==
R	fb670094476c5f6da5503b82dc83d6017e61a9f5bd55ae9c456d0b92b744ce65	RnVuY3Rpb25hbE9iamVjdFByb3BlcnR5KDxodHRwOi8vd3d3LmNvLW9kZS5vcmcvb250b2xvZ2llcy9nYWxlbiNoYXNBcHBsaWNhYmxlSGlzdG9yeT4p
R	da869cdb85024642cd49589194e06a1b04a18d871564de5fa2aa713736e994ad	RnVuY3Rpb25hbE9iamVjdFByb3BlcnR5KDxodHRwOi8vd3d3LmNvLW9kZS5vcmcvb250b2xvZ2llcy9nYWxlbiNoYXNBcHByb3ByaWF0ZW5lc3M+KQ==
R	113ca31deeeb01d6da80aa63c09130950ee1e4ca32eb40f76eed2b6a11694cdb	RnVuY3Rpb25hbE9iamVjdFByb3BlcnR5KDxodHRwOi8vd3d3LmNvLW9kZS5vcmcvb250b2xvZ2llcy9nYWxlbiNoYXNBcmVhPik=
R	5fe8eef9d9ef53e198c5e672abc40d0d99ae08f3a58e4482a3aa9354079a4ac3	RnVuY3Rpb25hbE9iamVjdFByb3BlcnR5KDxodHRwOi8vd3d3LmNvLW9kZS5vcmcvb250b2xvZ2llcy9nYWxlbiNoYXNBc3NlcnRlZERpc2Vhc2VDbGFzcz4p
R	735f334c0420d0bc80cfb5a6582da71edf136ce63c1ee4403518d229c7587824	RnVuY3Rpb25hbE9iamVjdFByb3BlcnR5KDxodHRwOi8vd3d3LmNvLW9kZS5vcmcvb250b2xvZ2llcy9nYWxlbiNoYXNCZW5lZmljaWFsU3RhdHVzPik=
R	f928bd251e52650f4a8b1adc3fdda2d59df9888b4c5b556daefeb7d9b57cb47e	RnVuY3Rpb25hbE9iamVjdFByb3BlcnR5KDxodHRwOi8vd3d3LmNvLW9kZS5vcmcvb250b2xvZ2llcy9nYWxlbiNoYXNCZXRhQ29ubmVjdGlvbj4p
R	3198e9004a62e4e932c8b8d6cb7db40f35d52b7b35e0814b1bf6a72729cc8990	RnVuY3Rpb25hbE9iamVjdFByb3BlcnR5KDxodHRwOi8vd3d3LmNvLW9kZS5vcmcvb250b2xvZ2llcy9nYWxlbiNoYXNCZXRhUGFydGl0aXZlQ29ubmVjdGlvbj4p
R	bcb6d02b972472b912c8fdb0100dcea1d1807054ee0a80dd35c56671377c955b	RnVuY3Rpb25hbE9iamVjdFByb3BlcnR5KDxodHRwOi8vd3d3LmNvLW9kZS5vcmcvb250b2xvZ2llcy9nYWxlbiNoYXNCaWxhdGVyYWxVbmlsYXRlcmFsU2VsZWN0b3I+KQ==
R	205552fb7667737c5b9c23f67c4629b7f4f27b25f70a22b8e11b9c66029beb6c	RnVuY3Rpb25hbE9iamVjdFByb3BlcnR5KDxodHRwOi8vd3d3LmNvLW9kZS5vcmcvb250b2xvZ2llcy9nYWxlbiNoYXNCaW9hdmFpbGFiaWxpdHk+KQ==
R	2c55c361b77d94be24a1e5a7b8ef5fd079c4ff341b85eceda60b0d413c5be64f	RnVuY3Rpb25hbE9iamVjdFByb3BlcnR5KDxodHRwOi8vd3d3LmNvLW9kZS5vcmcvb250b2xvZ2llcy9nYWxlbiNoYXNCb2R5UG9zaXRpb24+KQ==
R	9d62d747d60ad0cc39d961f0e0499f3189ee2c373b4ed4e95a2f1f8066f8502d	RnVuY3Rpb25hbE9iamVjdFByb3BlcnR5KDxodHRwOi8vd3d3LmNvLW9kZS5vcmcvb250b2xvZ2llcy9nYWxlbiNoYXNDYXBhYmlsaXR5Pik=
R	623e2de70089541e689151b3f413cf35d86728a668c39aef2dac5b0af73ca777	RnVuY3Rpb25hbE9iamVjdFByb3BlcnR5KDxodHRwOi8vd3d3LmNvLW9kZS5vcmcvb250b2xvZ2llcy9nYWxlbiNoYXNDZWxsTW9ycGhvbG9neT4p
R	c3780142a2f00a768df988278184028b17d74e7783d4e98c11e645aa9749a5e8	RnVuY3Rpb25hbE9iamVjdFByb3BlcnR5KDxodHRwOi8vd3d3LmNvLW9kZS5vcmcvb250b2xvZ2llcy9nYWxlbiNoYXNDZW50cmFsUGVyaXBoZXJhbFNlbGVjdG9yPik=
R	bc0387662d429323dd738f5af35329fbae20dacd1a141da4c710df7b0b3bd587	RnVuY3Rpb25hbE9iamVjdFByb3BlcnR5KDxodHRwOi8vd3d3LmNvLW9kZS5vcmcvb250b2xvZ2llcy9nYWxlbiNoYXNDaGFuZ2VJblN0YXRlPik=
R	04e5462415481587e61e19d18457899dee6d67a3dce3ca15e17dcf6a71827c00	RnVuY3Rpb25hbE9iamVjdFByb3BlcnR5KDxodHRwOi8vd3d3LmNvLW9kZS5vcmcvb250b2xvZ2llcy9nYWxlbiNoYXNDaGVtaWNhbFByb2Nlc3NUeXBlPik=
R	ca6820a0166fc8d86e3e6c0ba1a72b248e62067ff11be04ea06b0c51ab484659	RnVuY3Rpb25hbE9iamVjdFByb3BlcnR5KDxodHRwOi8vd3d3LmNvLW9kZS5vcmcvb250b2xvZ2llcy9nYWxlbiNoYXNDaGlsZGhvb2RTdGF0dXM+KQ==
R	b776896d0b93b191f17c0a08f534ae03fb806570118a05cc3ba4a4f2eceeb91d	RnVuY3Rpb25hbE9iamVjdFByb3BlcnR5KDxodHRwOi8vd3d3LmNvLW9kZS5vcmcvb250b2xvZ2llcy9nYWxlbiNoYXNDaHJvbmljaXR5Pik=
R	824dc90685e4a61b8c0af8b338c7edb0f8f3417f1f697377d28f3944a3ce60cc	RnVuY3Rpb25hbE9iamVjdFByb3BlcnR5KDxodHRwOi8vd3d3LmNvLW9kZS5vcmcvb250b2xvZ2llcy9nYWxlbiNoYXNDaXJjdW1mZXJlbmNlPik=
R	b42a90c85c826924971bdbc13cd63f4527b2ea90c4c9f12e28054b237aab4b30	RnVuY3Rpb25hbE9iamVjdFByb3BlcnR5KDxodHRwOi8vd3d3LmNvLW9kZS5vcmcvb250b2xvZ2llcy9nYWxlbiNoYXNDbGVhbmxpbmVzcz4p
R	8309510e354da894bed22404eacd7aeba155d3a4d04d815d776a37c031c9418f	RnVuY3Rpb25hbE9iamVjdFByb3BlcnR5KDxodHRwOi8vd3d3LmNvLW9kZS5vcmcvb250b2xvZ2llcy9nYWxlbiNoYXNDbGluaWNhbFNpZ25pZmljYW5jZVN0YXRlPik=
R	1a3bb4fc78434ba0cd3e81e48ddb491f075d39a27d622c5adfb68d898e40a1bc	RnVuY3Rpb25hbE9iamVjdFByb3BlcnR5KDxodHRwOi8vd3d3LmNvLW9kZS5vcmcvb250b2xvZ2llcy9nYWxlbiNoYXNDbGluaWNhbFNwZWNpYWxpdHk+KQ==
R	03a7b46025c8e422cfb414de1c7df7c486adb85b52362fff28d927fa6863af7a	RnVuY3Rpb25hbE9iamVjdFByb3BlcnR5KDxodHRwOi8vd3d3LmNvLW9kZS5vcmcvb250b2xvZ2llcy9nYWxlbiNoYXNDb2hlcmVuY2U+KQ==
R	61c238a34b17c1f32122396b6aea0296eca6ede637a240c87be8ff4ad9ca93d9	RnVuY3Rpb25hbE9iamVjdFByb3BlcnR5KDxodHRwOi8vd3d3LmNvLW9kZS5vcmcvb250b2xvZ2llcy9nYWxlbiNoYXNDb2xvdXI+KQ==
R	09730b29b0ba27180ffd0045d28ad71c44e6c6ee0dec22bb662dd6e21251ae76	RnVuY3Rpb25hbE9iamVjdFByb3BlcnR5KDxodHRwOi8vd3d3LmNvLW9kZS5vcmcvb250b2xvZ2llcy9nYWxlbiNoYXNDb21wYXJpc29uV2l0aD4p
R	c7b4bf7f4f9eeeecd51537e5ba9bc6786de71bf0ca8fc6d9fc1929e93c02f4e7	RnVuY3Rpb25hbE9iamVjdFByb3BlcnR5KDxodHRwOi8vd3d3LmNvLW9kZS5vcmcvb250b2xvZ2llcy9nYWxlbiNoYXNDb21wbGV0ZW5lc3M+KQ==
R	d7f3690997c972743126c5b0e979615b4e392db319ddeac43751283170dea86d	RnVuY3Rpb25hbE9iamVjdFByb3BlcnR5KDxodHRwOi8vd3d3LmNvLW9kZS5vcmcvb250b2xvZ2llcy9nYWxlbiNoYXNDb21wbGlhbmNlPik=
R	8a6fd253848232c253ffa9c4015279cfebc825031ecac76f7a823f675cf2c387	RnVuY3Rpb25hbE9iamVjdFByb3BlcnR5KDxodHRwOi8vd3d3LmNvLW9kZS5vcmcvb250b2xvZ2llcy9nYWxlbiNoYXNDb25jZW50cmF0aW9uPik=
R	f37955fc65e602de3846ef1ce4fb98edb51f6447f33a0f05a2eafdd3ad4477cc	RnVuY3Rpb25hbE9iamVjdFByb3BlcnR5KDxodHRwOi8vd3d3LmNvLW9kZS5vcmcvb250b2xvZ2llcy9nYWxlbiNoYXNDb25kdWN0aXZpdHk+KQ==
R	330d0f590ff9b488bc128df398c04b346a18b8c58da4a716af48f82e1fa6b73a	RnVuY3Rpb25hbE9iamVjdFByb3BlcnR5KDxodHRwOi8vd3d3LmNvLW9kZS5vcmcvb250b2xvZ2llcy9nYWxlbiNoYXNDb25maWRlbmNlTGV2ZWxTdGF0dXM+KQ==
R	53f743c8628b134d5fcc065854102c8e4f5a40e2fc4f1ed0609de12bdc73a47a	RnVuY3Rpb25hbE9iamVjdFByb3BlcnR5KDxodHRwOi8vd3d3LmNvLW9kZS5vcmcvb250b2xvZ2llcy9nYWxlbiNoYXNDb25zaXN0ZW5jeT4p
R	64466980f797981c2e03fd6b5ee3a9208be24f854f0ea7ff1686e1367a07d75d	RnVuY3Rpb25hbE9iamVjdFByb3BlcnR5KDxodHRwOi8vd3d3LmNvLW9kZS5vcmcvb250b2xvZ2llcy9nYWxlbiNoYXNDb3Jyb3NpdmVuZXNzPik=
R	a6b06d961650c282fe87a9d3d4f00a04c911e068a7a0fd2764d0c6e225fb8e51	RnVuY3Rpb25hbE9iamVjdFByb3BlcnR5KDxodHRwOi8vd3d3LmNvLW9kZS5vcmcvb250b2xvZ2llcy9nYWxlbiNoYXNDb3VudENvbmNlbnRyYXRpb24+KQ==
R	42edb1ff2774d8a11ef4f87b11b703ade118342e83844a3286951ad0768d2522	RnVuY3Rpb25hbE9iamVjdFByb3BlcnR5KDxodHRwOi8vd3d3LmNvLW9kZS5vcmcvb250b2xvZ2llcy9nYWxlbiNoYXNDb3VudGFiaWxpdHk+KQ==
R	b7d896f32faa7514be7cbb763780b117df3790d363962d20f0a1d39f49978849	RnVuY3Rpb25hbE9iamVjdFByb3BlcnR5KDxodHRwOi8vd3d3LmNvLW9kZS5vcmcvb250b2xvZ2llcy9nYWxlbiNoYXNEZWZpbml0aW9uTGV2ZWxTdGF0dXM+KQ==
R	810775d63ac60fa73b4d3039e9aa9583a9b2397525e5b3cf6055406e23bc896b	RnVuY3Rpb25hbE9iamVjdFByb3BlcnR5KDxodHRwOi8vd3d3LmNvLW9kZS5vcmcvb250b2xvZ2llcy9nYWxlbiNoYXNEZWx0YUNvbm5lY3Rpb24+KQ==
R	08176b54f764d783502f2664070fc722a95c94e8f1d4dd7e67887eea9228e80b	RnVuY3Rpb25hbE9iamVjdFByb3BlcnR5KDxodHRwOi8vd3d3LmNvLW9kZS5vcmcvb250b2xvZ2llcy9nYWxlbiNoYXNEZWx0YVBhcnRpdGl2ZUNvbm5lY3Rpb24+KQ==
R	c19095b37924d217498f3d62912108b127c1904f4f116ffc100cae1c27d9fff2	RnVuY3Rpb25hbE9iamVjdFByb3BlcnR5KDxodHRwOi8vd3d3LmNvLW9kZS5vcmcvb250b2xvZ2llcy9nYWxlbiNoYXNEZW5zaXR5Pik=
R	89ebfd55a0530a80383f17150446685ab930c07ea0b4a6c9860d7a48b1a96d75	RnVuY3Rpb25hbE9iamVjdFByb3BlcnR5KDxodHRwOi8vd3d3LmNvLW9kZS5vcmcvb250b2xvZ2llcy9nYWxlbiNoYXNEZXBlbmRlbmN5Pik=
R	43570867087c015a31588e2dca3a769ab664422efce57d233b4a30c6acd6e365	RnVuY3Rpb25hbE9iamVjdFByb3BlcnR5KDxodHRwOi8vd3d3LmNvLW9kZS5vcmcvb250b2xvZ2llcy9nYWxlbiNoYXNEZXZlbG9wbWVudGFsU3RhdHVzPik=
R	c10e7a1fb3b9492485cce3f8264a03c38e39e1312e80c8fbc11cc2b2e6acef47	RnVuY3Rpb25hbE9iamVjdFByb3BlcnR5KDxodHRwOi8vd3d3LmNvLW9kZS5vcmcvb250b2xvZ2llcy9nYWxlbiNoYXNEaWFnbm9zaXNQcm9iYWJpbGl0eT4p
R	7f27da80c61b305abede80554e73cba98b18d9a1445abf02c2237cc23b7bcb15	RnVuY3Rpb25hbE9iamVjdFByb3BlcnR5KDxodHRwOi8vd3d3LmNvLW9kZS5vcmcvb250b2xvZ2llcy9nYWxlbiNoYXNEaWFtZXRlcj4p
R	34a0ff90677d9f8ff81ef3b86c7b59d21a317f3bcfd48189e94c8c5116c91eb5	RnVuY3Rpb25hbE9iamVjdFByb3BlcnR5KDxodHRwOi8vd3d3LmNvLW9kZS5vcmcvb250b2xvZ2llcy9nYWxlbiNoYXNEaXJlY3Rpb25PZlRyYW5zcG9ydD4p
R	f267a9883fb2fe1cc9b953904b45397d651bd6b781b3937591c332050bbd6ec8	RnVuY3Rpb25hbE9iamVjdFByb3BlcnR5KDxodHRwOi8vd3d3LmNvLW9kZS5vcmcvb250b2xvZ2llcy9nYWxlbiNoYXNEaXNlYXNlUHJvY2Vzc0V4dGVudD4p
R	c31d9448beea383a503e0bab4932a537729491b16b324505c20c57b2c6c8bf8a	RnVuY3Rpb25hbE9iamVjdFByb3BlcnR5KDxodHRwOi8vd3d3LmNvLW9kZS5vcmcvb250b2xvZ2llcy9nYWxlbiNoYXNEaXN0cmlidXRpb24+KQ==
R	ee24567e2df3ba24821e5a1111fdf4c122a8bef89ae0182afb177e0710e53bd5	RnVuY3Rpb25hbE9iamVjdFByb3BlcnR5KDxodHRwOi8vd3d3LmNvLW9kZS5vcmcvb250b2xvZ2llcy9nYWxlbiNoYXNEb21pbmFuY2U+KQ==
R	1569aaa4f77d6753b66f09564125125d6b597bf955b8ff009dd6f9fd0aa0e459	RnVuY3Rpb25hbE9iamVjdFByb3BlcnR5KDxodHRwOi8vd3d3LmNvLW9kZS5vcmcvb250b2xvZ2llcy9nYWxlbiNoYXNEb25vck9yaWdpbj4p
R	e5ac98c35799ab176cf89531d68ac5995349cf6f018f47ed67c64917265b5fd5	RnVuY3Rpb25hbE9iamVjdFByb3BlcnR5KDxodHRwOi8vd3d3LmNvLW9kZS5vcmcvb250b2xvZ2llcy9nYWxlbiNoYXNEb3JzYWxWZW50cmFsU2VsZWN0b3I+KQ==
R	ff973076a9f4c86197a81c39d3ea093b19adc702b95feddaf07235cebf01d08f	RnVuY3Rpb25hbE9iamVjdFByb3BlcnR5KDxodHRwOi8vd3d3LmNvLW9kZS5vcmcvb250b2xvZ2llcy9nYWxlbiNoYXNEcnluZXNzPik=
R	c334edbeae265b2214cf3fbec1f462fdf9d97845c07564311baa67cfbcf7be7c	RnVuY3Rpb25hbE9iamVjdFByb3BlcnR5KDxodHRwOi8vd3d3LmNvLW9kZS5vcmcvb250b2xvZ2llcy9nYWxlbiNoYXNEdXJhdGlvbj4p
R	7735ca2b54ca5a220a774ae4e97e095d5419f1091c72a74d087149ad4d683040	RnVuY3Rpb25hbE9iamVjdFByb3BlcnR5KDxodHRwOi8vd3d3LmNvLW9kZS5vcmcvb250b2xvZ2llcy9nYWxlbiNoYXNFY3RvcGljU3VwZXJudW1lcmFyeVN0YXR1cz4p
R	7ef65b3b6c675883df665c84b53f864729b41a7ae32e137226332e4e41902844	RnVuY3Rpb25hbE9iamVjdFByb3BlcnR5KDxodHRwOi8vd3d3LmNvLW9kZS5vcmcvb250b2xvZ2llcy9nYWxlbiNoYXNFZmZlY3RpdmVuZXNzPik=
R	f635e00dd697fcce016a76386ee88abdab7766f1f70130b88b2308f216ceff92	RnVuY3Rpb25hbE9iamVjdFByb3BlcnR5KDxodHRwOi8vd3d3LmNvLW9kZS5vcmcvb250b2xvZ2llcy9nYWxlbiNoYXNFbXBsb3llcj4p
R	395f7944a5cb235b2fca3dfa4efb659f02fc3969f45da26ae3f72bb147793dba	RnVuY3Rpb25hbE9iamVjdFByb3BlcnR5KDxodHRwOi8vd3d3LmNvLW9kZS5vcmcvb250b2xvZ2llcy9nYWxlbiNoYXNFbmFjdG1lbnQ+KQ==
R	ed7bf1d497124aa2c3408074a51df37e1bcd87c2a2a4b66599ebc9dd0eea6515	RnVuY3Rpb25hbE9iamVjdFByb3BlcnR5KDxodHRwOi8vd3d3LmNvLW9kZS5vcmcvb250b2xvZ2llcy9nYWxlbiNoYXNFbmRQb2ludD4p
R	93ab17a1785a17bf76ee1986b9677d78101490871003b4158b022a29831c7cec	RnVuY3Rpb25hbE9iamVjdFByb3BlcnR5KDxodHRwOi8vd3d3LmNvLW9kZS5vcmcvb250b2xvZ2llcy9nYWxlbiNoYXNFbmVyZ3lBbW91bnQ+KQ==
R	2db81109867e9b6297139ed4f39a0eca941d273a9360088b8e811c19a0915d24	RnVuY3Rpb25hbE9iamVjdFByb3BlcnR5KDxodHRwOi8vd3d3LmNvLW9kZS5vcmcvb250b2xvZ2llcy9nYWxlbiNoYXNFbmVyZ3lDb250ZW50Pik=
R	f09097108df2f8174e2ed9ae73cd0ba60ccd4dafd61eb2480cc966430222da08	RnVuY3Rpb25hbE9iamVjdFByb3BlcnR5KDxodHRwOi8vd3d3LmNvLW9kZS5vcmcvb250b2xvZ2llcy9nYWxlbiNoYXNFcGl0aGVsaWFsQ2lsaWF0aW9uPik=
R	783b073888767825a67c09375176b99fc3eb59a9db124a5694bb6912f11c91c3	RnVuY3Rpb25hbE9iamVjdFByb3BlcnR5KDxodHRwOi8vd3d3LmNvLW9kZS5vcmcvb250b2xvZ2llcy9nYWxlbiNoYXNFcGl0aGVsaWFsTGF5ZXJpbmc+KQ==
R	6f41df3040392de80907342e78afde68114c7098a850b430d4794bf480ef3a17	RnVuY3Rpb25hbE9iamVjdFByb3BlcnR5KDxodHRwOi8vd3d3LmNvLW9kZS5vcmcvb250b2xvZ2llcy9nYWxlbiNoYXNFcGl0aGVsaWFsTW9ycGhvbG9neT4p
R	907ce9a200c933bc20775dabd0344bdb9ab881e354f154b4b64d29fd3c3b495c	RnVuY3Rpb25hbE9iamVjdFByb3BlcnR5KDxodHRwOi8vd3d3LmNvLW9kZS5vcmcvb250b2xvZ2llcy9nYWxlbiNoYXNFeGlzdGVuY2U+KQ==
R	6b4813a5c546e5d5a06ec22ac446a39f8aa8d01e55254fb2cd3ac373cce83866	RnVuY3Rpb25hbE9iamVjdFByb3BlcnR5KDxodHRwOi8vd3d3LmNvLW9kZS5vcmcvb250b2xvZ2llcy9nYWxlbiNoYXNFeHBlY3RlZExldmVsU3RhdGU+KQ==
R	a37bd5c497cba4aeb80f293c1a6f9888ef5d258faad5cdd92631085898454800	RnVuY3Rpb25hbE9iamVjdFByb3BlcnR5KDxodHRwOi8vd3d3LmNvLW9kZS5vcmcvb250b2xvZ2llcy9nYWxlbiNoYXNGYXhOdW1iZXI+KQ==
R	5d56b53473298e7df4e9a78b2805ad090375ea1fab0d86f5e6ce3cc94ef8fad2	RnVuY3Rpb25hbE9iamVjdFByb3BlcnR5KDxodHRwOi8vd3d3LmNvLW9kZS5vcmcvb250b2xvZ2llcy9nYWxlbiNoYXNGaW5pc2hUaW1lPik=
R	30e381710d644215e2e2616989b7d0a9c6ac15b76be617da2511203fff39b1a8	RnVuY3Rpb25hbE9iamVjdFByb3BlcnR5KDxodHRwOi8vd3d3LmNvLW9kZS5vcmcvb250b2xvZ2llcy9nYWxlbiNoYXNGbGFtbWFiaWxpdHk+KQ==
R	17194a074d563f53901295eb7e338936f5b8edbc272e2bee0f847904c4af37f4	RnVuY3Rpb25hbE9iamVjdFByb3BlcnR5KDxodHRwOi8vd3d3LmNvLW9kZS5vcmcvb250b2xvZ2llcy9nYWxlbiNoYXNGb3JtdWxhdGlvbkF0RGVsaXZlcnk+KQ==
R	a5e10ec767581f17f3b1e1bda3e962a01fd626ef86e0ac7643c2430056731dfc	RnVuY3Rpb25hbE9iamVjdFByb3BlcnR5KDxodHRwOi8vd3d3LmNvLW9kZS5vcmcvb250b2xvZ2llcy9nYWxlbiNoYXNGb3JtdWxhdGlvbkNvbXBsZXg+KQ==
R	6b4076e9818490d663a51fae6dae71e6503dff377d0aa7a3d35ecc6cbd8e214b	RnVuY3Rpb25hbE9iamVjdFByb3BlcnR5KDxodHRwOi8vd3d3LmNvLW9kZS5vcmcvb250b2xvZ2llcy9nYWxlbiNoYXNGb3JtdWxhdGlvbkZlYXR1cmU+KQ==
R	e733ac82a12589c3542b34cc3f45f6995ec2e849a5bf896ce17f48323e4664f8	RnVuY3Rpb25hbE9iamVjdFByb3BlcnR5KDxodHRwOi8vd3d3LmNvLW9kZS5vcmcvb250b2xvZ2llcy9nYWxlbiNoYXNGcmFjdHVyZUNvbXBsZXhpdHk+KQ==
R	32aab78fec9215bd3d2fd1e9b282588fd34eb9f4d59afd5967a22d2c5c0eeeac	RnVuY3Rpb25hbE9iamVjdFByb3BlcnR5KDxodHRwOi8vd3d3LmNvLW9kZS5vcmcvb250b2xvZ2llcy9nYWxlbiNoYXNGcmFjdHVyZVN0YWJpbGl0eT4p
R	58366b31f6a00232c2c62e069295f9a47e7642e7a9c0af91427cbf7e283e5e73	RnVuY3Rpb25hbE9iamVjdFByb3BlcnR5KDxodHRwOi8vd3d3LmNvLW9kZS5vcmcvb250b2xvZ2llcy9nYWxlbiNoYXNGcmFtZU9mUmVmZXJlbmNlPik=
R	ef68befd36c7de5276ef9a211dd681bdc3b56bd993c93b7ce99096349d121f12	RnVuY3Rpb25hbE9iamVjdFByb3BlcnR5KDxodHRwOi8vd3d3LmNvLW9kZS5vcmcvb250b2xvZ2llcy9nYWxlbiNoYXNGcmVxdWVuY3k+KQ==
R	1801bbc0668e816be150b662f842c2770ed17926b11ad6fffaaf0fbc08bbc621	RnVuY3Rpb25hbE9iamVjdFByb3BlcnR5KDxodHRwOi8vd3d3LmNvLW9kZS5vcmcvb250b2xvZ2llcy9nYWxlbiNoYXNHYWl0Pik=
R	69572a690945fd35e6fc228dc8ddec84f95bb585ccc97f6907b028ff61745391	RnVuY3Rpb25hbE9iamVjdFByb3BlcnR5KDxodHRwOi8vd3d3LmNvLW9kZS5vcmcvb250b2xvZ2llcy9nYWxlbiNoYXNHYW1tYUNvbm5lY3Rpb24+KQ==
R	fe5b4c1f0be1015b4baf5bafed6481cd46eb0acfaccba80ce33816fda549d379	RnVuY3Rpb25hbE9iamVjdFByb3BlcnR5KDxodHRwOi8vd3d3LmNvLW9kZS5vcmcvb250b2xvZ2llcy9nYWxlbiNoYXNHYW1tYVBhcnRpdGl2ZUNvbm5lY3Rpb24+KQ==
R	abe922d88f4733276dcbf793385bdb7b903e2fcae4c47d4b0142815c5a72f38c	RnVuY3Rpb25hbE9iamVjdFByb3BlcnR5KDxodHRwOi8vd3d3LmNvLW9kZS5vcmcvb250b2xvZ2llcy9nYWxlbiNoYXNHZW5ldGljWnlnb2NpdHk+KQ==
R	84eba6b43b2bb61deceead80f3aaadd28b131f6ac7c37114926e8e419219888b	RnVuY3Rpb25hbE9iamVjdFByb3BlcnR5KDxodHRwOi8vd3d3LmNvLW9kZS5vcmcvb250b2xvZ2llcy9nYWxlbiNoYXNHb2xmQ2x1YlBob25lTnVtYmVyPik=
R	a28ba42a7a4755fba1b823c8583e83cfffad5cadebf7a2a4f28559f441670bae	RnVuY3Rpb25hbE9iamVjdFByb3BlcnR5KDxodHRwOi8vd3d3LmNvLW9kZS5vcmcvb250b2xvZ2llcy9nYWxlbiNoYXNHcmFkZU9mRXhwZXJpZW5jZT4p
R	e963dc81461026aa86f21041a377f3e28228d65e57f58504486b4241aea14c6e	RnVuY3Rpb25hbE9iamVjdFByb3BlcnR5KDxodHRwOi8vd3d3LmNvLW9kZS5vcmcvb250b2xvZ2llcy9nYWxlbiNoYXNHcmF2aWRpdHk+KQ==
R	ae310aeffd795a4a9ba274b0f9be0d5984e71d7b962f091d5589da8cf19453eb	RnVuY3Rpb25hbE9iamVjdFByb3BlcnR5KDxodHRwOi8vd3d3LmNvLW9kZS5vcmcvb250b2xvZ2llcy9nYWxlbiNoYXNHcmVhdGVyTGVzc2VyU2VsZWN0b3I+KQ==
R	e22d9cfd99b3e5f95422d9fadd46b10bd2cfa8fc014033c9c6303930458f34a5	RnVuY3Rpb25hbE9iamVjdFByb3BlcnR5KDxodHRwOi8vd3d3LmNvLW9kZS5vcmcvb250b2xvZ2llcy9nYWxlbiNoYXNIYWlyUGF0dGVybj4p
R	0d8e5306bc349e34120214deaae168d26a1868a9444dcbe94f1b1ab41c128a61	RnVuY3Rpb25hbE9iamVjdFByb3BlcnR5KDxodHRwOi8vd3d3LmNvLW9kZS5vcmcvb250b2xvZ2llcy9nYWxlbiNoYXNIYWxmTGlmZT4p
R	a87fb4e3a6f073b448c6540b5db404440a7d39dbd72a5f3ab2fc97ec127f8f22	RnVuY3Rpb25hbE9iamVjdFByb3BlcnR5KDxodHRwOi8vd3d3LmNvLW9kZS5vcmcvb250b2xvZ2llcy9nYWxlbiNoYXNIaXN0b3J5Pik=
R	cbae5d33b15c7cb51bc271c62f496cf0666266421e47c9b9c8dfb28b38e5a14f	RnVuY3Rpb25hbE9iamVjdFByb3BlcnR5KDxodHRwOi8vd3d3LmNvLW9kZS5vcmcvb250b2xvZ2llcy9nYWxlbiNoYXNIb21lUGhvbmVOdW1iZXI+KQ==
R	b03c81f8de0c441734467e8b8bcf4c10439ac717ac3437d1439bab0ba92c9bc0	RnVuY3Rpb25hbE9iamVjdFByb3BlcnR5KDxodHRwOi8vd3d3LmNvLW9kZS5vcmcvb250b2xvZ2llcy9nYWxlbiNoYXNJbWFnZVJlc29sdXRpb24+KQ==
R	92610dfe12bdf63ad17653ef8df812ffcd8a9d8fa7af57bce80caeea2598b4be	RnVuY3Rpb25hbE9iamVjdFByb3BlcnR5KDxodHRwOi8vd3d3LmNvLW9kZS5vcmcvb250b2xvZ2llcy9nYWxlbiNoYXNJbXBlZGFuY2U+KQ==
R	74e6af666149fd12b8fcb655e180e4e95bb404674091cbe6fe3a20061d5a0355	RnVuY3Rpb25hbE9iamVjdFByb3BlcnR5KDxodHRwOi8vd3d3LmNvLW9kZS5vcmcvb250b2xvZ2llcy9nYWxlbiNoYXNJbXBsYW50YWJpbGl0eT4p
R	714c5c7376e9eb5f0b8854f3285cc054f46337011a89cdca2aeff8e5b60127cb	RnVuY3Rpb25hbE9iamVjdFByb3BlcnR5KDxodHRwOi8vd3d3LmNvLW9kZS5vcmcvb250b2xvZ2llcy9nYWxlbiNoYXNJbmRpY2F0aW9uU3RhdHVzPik=
R	d1b46c6ed68273dd9e4129addb84e65b2ded1d72c74ee7f7a48014cc6c2c68c9	RnVuY3Rpb25hbE9iamVjdFByb3BlcnR5KDxodHRwOi8vd3d3LmNvLW9kZS5vcmcvb250b2xvZ2llcy9nYWxlbiNoYXNJbm5lck91dGVyU2VsZWN0b3I+KQ==
R	dbf42ea32a9ec04056df5c326fdfc5e9d74ad27fbd093c68d29d73b010a43d26	RnVuY3Rpb25hbE9iamVjdFByb3BlcnR5KDxodHRwOi8vd3d3LmNvLW9kZS5vcmcvb250b2xvZ2llcy9nYWxlbiNoYXNJbnNlY3RMaWZlQ3ljbGVTdGFnZT4p
R	d9b02f148870cf4a31ee44e4794b89b4430812dafb030237c3d9fc1dcb62f773	RnVuY3Rpb25hbE9iamVjdFByb3BlcnR5KDxodHRwOi8vd3d3LmNvLW9kZS5vcmcvb250b2xvZ2llcy9nYWxlbiNoYXNJbnN0cnVjdGlvbkNvbmRpdGlvbmFsU3RhdHVzPik=
R	b8f3452e31d528d75ab89c234efca4078e2343d2a5215fc709ed363641b47905	RnVuY3Rpb25hbE9iamVjdFByb3BlcnR5KDxodHRwOi8vd3d3LmNvLW9kZS5vcmcvb250b2xvZ2llcy9nYWxlbiNoYXNJbnN0cnVjdGlvblN0YXR1cz4p
R	2d475107b1fdaf102f6cef09032295612b96b3e52d53e0a295595ac808df8b66	RnVuY3Rpb25hbE9iamVjdFByb3BlcnR5KDxodHRwOi8vd3d3LmNvLW9kZS5vcmcvb250b2xvZ2llcy9nYWxlbiNoYXNJbnRlbnNpdHk+KQ==
R	4b9b4744e26c1e510ae61133e835416faac2c2043f35ea6988cd3ce6b253a49b	RnVuY3Rpb25hbE9iamVjdFByb3BlcnR5KDxodHRwOi8vd3d3LmNvLW9kZS5vcmcvb250b2xvZ2llcy9nYWxlbiNoYXNJbnRlbnRpb25hbGl0eT4p
R	a1e44cf40cf0b82d08ef95daf21e0f202cc1d02edfab701aeb4db73ba0908b6e	RnVuY3Rpb25hbE9iamVjdFByb3BlcnR5KDxodHRwOi8vd3d3LmNvLW9kZS5vcmcvb250b2xvZ2llcy9nYWxlbiNoYXNJbnRlcm1pdHRlbnRTaWduYWxNb3JwaG9sb2d5Pik=
R	4ff71a75f8ece0430dabb3f9a891319324e391462257f4732a04fce171986556	RnVuY3Rpb25hbE9iamVjdFByb3BlcnR5KDxodHRwOi8vd3d3LmNvLW9kZS5vcmcvb250b2xvZ2llcy9nYWxlbiNoYXNJbnRlcm5hbEV4dGVybmFsU2VsZWN0b3I+KQ==
R	1b63b18d8eba8916141596520db3a98582f0599b920191d66da13260361522f0	RnVuY3Rpb25hbE9iamVjdFByb3BlcnR5KDxodHRwOi8vd3d3LmNvLW9kZS5vcmcvb250b2xvZ2llcy9nYWxlbiNoYXNJbnRyYXV0ZXJpbmVCb2R5UG9zaXRpb24+KQ==
R	d552031c28d13e2da4590644cb2604afd065266cd201fcd46a4ecbb0962a54b1	RnVuY3Rpb25hbE9iamVjdFByb3BlcnR5KDxodHRwOi8vd3d3LmNvLW9kZS5vcmcvb250b2xvZ2llcy9nYWxlbiNoYXNJbnRyaW5zaWNBYm5vcm1hbGl0eVN0YXR1cz4p
R	cb94bcc36412a08b345ae7fdc4bcdb5a2fb0c0c47fa5d817f75be814ad6bc29f	RnVuY3Rpb25hbE9iamVjdFByb3BlcnR5KDxodHRwOi8vd3d3LmNvLW9kZS5vcmcvb250b2xvZ2llcy9nYWxlbiNoYXNJbnRyaW5zaWNQYXRob2xvZ2ljYWxTdGF0dXM+KQ==
R	78fde6a0c8dfc1f5393a1704cad3c25aa42247692a58a8d126866ffaaa9a7379	RnVuY3Rpb25hbE9iamVjdFByb3BlcnR5KDxodHRwOi8vd3d3LmNvLW9kZS5vcmcvb250b2xvZ2llcy9nYWxlbiNoYXNJbnZlc3RpZ2F0aW9uUmVzdWx0U3RhdHVzPik=
R	0cace189a330cfaea7d0b7c3b19a110c4748c6db3fd63c0ba7c0b006cf4bddad	RnVuY3Rpb25hbE9iamVjdFByb3BlcnR5KDxodHRwOi8vd3d3LmNvLW9kZS5vcmcvb250b2xvZ2llcy9nYWxlbiNoYXNJb25pc2F0aW9uRmVhdHVyZT4p
R	7cdd04143d0c2d1891ca4ad7a0340e70f5f6be5bbf27060d3741a06d84f70b21	RnVuY3Rpb25hbE9iamVjdFByb3BlcnR5KDxodHRwOi8vd3d3LmNvLW9kZS5vcmcvb250b2xvZ2llcy9nYWxlbiNoYXNLbm93bGVkZ2VTdGF0dXM+KQ==
R	f72f0af4c6dec5bb34bc43d7b32af80e33bae452a131202ff8f508fe640d2b87	RnVuY3Rpb25hbE9iamVjdFByb3BlcnR5KDxodHRwOi8vd3d3LmNvLW9kZS5vcmcvb250b2xvZ2llcy9nYWxlbiNoYXNMYXRlcmFsUG9zaXRpb24+KQ==
R	a592be7fc9695fef5547c43c6503ac1da5212d4da87d14df273648a5f41d5db8	RnVuY3Rpb25hbE9iamVjdFByb3BlcnR5KDxodHRwOi8vd3d3LmNvLW9kZS5vcmcvb250b2xvZ2llcy9nYWxlbiNoYXNMZWZ0UmlnaHRTZWxlY3Rvcj4p
R	7c0f2d088729140044169508c6b42ecdadcba89986288642bccc1c15abf9b720	RnVuY3Rpb25hbE9iamVjdFByb3BlcnR5KDxodHRwOi8vd3d3LmNvLW9kZS5vcmcvb250b2xvZ2llcy9nYWxlbiNoYXNMZW5ndGg+KQ==
R	60be9195f3fc6c282567bae4096a088a12fa2e7263c1c1779e98412d56f4f432	RnVuY3Rpb25hbE9iamVjdFByb3BlcnR5KDxodHRwOi8vd3d3LmNvLW9kZS5vcmcvb250b2xvZ2llcy9nYWxlbiNoYXNMZXZlbE9mSGVhbHRoPik=
R	8eb173dcd306281c2fea78fe4832e59f91aa9daf889f88ef58bc247125828e96	RnVuY3Rpb25hbE9iamVjdFByb3BlcnR5KDxodHRwOi8vd3d3LmNvLW9kZS5vcmcvb250b2xvZ2llcy9nYWxlbiNoYXNMaWNlbnNpbmdTdGF0dXM+KQ==
R	8715626738a7c0ad142ca64304dff785ed9e23f9b10a305918aaaa9f053f5b6c	RnVuY3Rpb25hbE9iamVjdFByb3BlcnR5KDxodHRwOi8vd3d3LmNvLW9kZS5vcmcvb250b2xvZ2llcy9nYWxlbiNoYXNMb25nQm9uZUZyYWN0dXJlVHlwZT4p
R	2409f5009c4d5a01f014bf688d142e617a27a6b3a52bbd8152a4734ad315fd2c	RnVuY3Rpb25hbE9iamVjdFByb3BlcnR5KDxodHRwOi8vd3d3LmNvLW9kZS5vcmcvb250b2xvZ2llcy9nYWxlbiNoYXNNYWduaXR1ZGU+KQ==
R	a6aaeeba4853acc4f700c2209591e1e0155e7c7e4e26580523e0e46bf2dbaa40	RnVuY3Rpb25hbE9iamVjdFByb3BlcnR5KDxodHRwOi8vd3d3LmNvLW9kZS5vcmcvb250b2xvZ2llcy9nYWxlbiNoYXNNYWpvck1pbm9yU2VsZWN0b3I+KQ==
R	5a47e1f78b0da2a3665c9aff5f2fdd1a5bd5773e53989cceb436c1c7430a46fe	RnVuY3Rpb25hbE9iamVjdFByb3BlcnR5KDxodHRwOi8vd3d3LmNvLW9kZS5vcmcvb250b2xvZ2llcy9nYWxlbiNoYXNNYWxpZ25hbmN5Pik=
R	153c53ceadfd242b9e107e0ad5421fe86dd0f4d3f964f2a02c8d2e5e9e1dbbf7	RnVuY3Rpb25hbE9iamVjdFByb3BlcnR5KDxodHRwOi8vd3d3LmNvLW9kZS5vcmcvb250b2xvZ2llcy9nYWxlbiNoYXNNYXJpdGFsU3RhdHVzPik=
R	5f32d3b7fd22dbee1bc7011dab8af46ddefb6b38697229687e9005b6296e9f2f	RnVuY3Rpb25hbE9iamVjdFByb3BlcnR5KDxodHRwOi8vd3d3LmNvLW9kZS5vcmcvb250b2xvZ2llcy9nYWxlbiNoYXNNYXNzPik=
R	3f6966941adbfec55f1d37b561a0b9dfa9a13b94e88753dc542fb383dd109606	RnVuY3Rpb25hbE9iamVjdFByb3BlcnR5KDxodHRwOi8vd3d3LmNvLW9kZS5vcmcvb250b2xvZ2llcy9nYWxlbiNoYXNNZWRpYWxMYXRlcmFsUG9zaXRpb24+KQ==
R	2c216ef17a521123568cefe364f0ebb48caa2c22681788b75109fedfccbb98dc	RnVuY3Rpb25hbE9iamVjdFByb3BlcnR5KDxodHRwOi8vd3d3LmNvLW9kZS5vcmcvb250b2xvZ2llcy9nYWxlbiNoYXNNZWRpYWxMYXRlcmFsU2VsZWN0b3I+KQ==
R	56b44d1240f424c16fc17fad68190050e49ae2a20d47e700b2e4e88560d1df0c	RnVuY3Rpb25hbE9iamVjdFByb3BlcnR5KDxodHRwOi8vd3d3LmNvLW9kZS5vcmcvb250b2xvZ2llcy9nYWxlbiNoYXNNZXRhc3RhdGljU3RhdHVzPik=
R	39e0eff6175dce5435b9e45ec62c6a70feddad86b9464877f550c6381e976ea9	RnVuY3Rpb25hbE9iamVjdFByb3BlcnR5KDxodHRwOi8vd3d3LmNvLW9kZS5vcmcvb250b2xvZ2llcy9nYWxlbiNoYXNNb2JpbGVQaG9uZU51bWJlcj4p
R	0d9828f5cd231a6e991dbe946cf4772aae8ea4f1447af1c384ea6cc858362567	RnVuY3Rpb25hbE9iamVjdFByb3BlcnR5KDxodHRwOi8vd3d3LmNvLW9kZS5vcmcvb250b2xvZ2llcy9nYWxlbiNoYXNNb3Rpb25TbW9vdGhuZXNzPik=
R	59241dbd122f5f0eca43dbd813772ed6762665b8ce79655e607c66bb8282bebf	RnVuY3Rpb25hbE9iamVjdFByb3BlcnR5KDxodHRwOi8vd3d3LmNvLW9kZS5vcmcvb250b2xvZ2llcy9nYWxlbiNoYXNOb2R1bGFyaXR5Pik=
R	3ad6b062f47b3caa473e0022d64c2f32f579d3ff937aa43444eaa04b23fba886	RnVuY3Rpb25hbE9iamVjdFByb3BlcnR5KDxodHRwOi8vd3d3LmNvLW9kZS5vcmcvb250b2xvZ2llcy9nYWxlbiNoYXNOdW1iZXI+KQ==
R	91b227e35ec7e56e3a5d0075e29a56c70715b858c7060e719eda3acd993270db	RnVuY3Rpb25hbE9iamVjdFByb3BlcnR5KDxodHRwOi8vd3d3LmNvLW9kZS5vcmcvb250b2xvZ2llcy9nYWxlbiNoYXNPY2NsdXNhbE5vbk9jY2x1c2FsU2VsZWN0b3I+KQ==
R	f97bc9f1fe23b4d96ed40d3280d6798c0413dfd2b0a2146b5a73a4de97c17802	RnVuY3Rpb25hbE9iamVjdFByb3BlcnR5KDxodHRwOi8vd3d3LmNvLW9kZS5vcmcvb250b2xvZ2llcy9nYWxlbiNoYXNPZG91cj4p
R	321af35154daf4a352047d177508075b66c4b79c3ef644295b23d55e5dc0927a	RnVuY3Rpb25hbE9iamVjdFByb3BlcnR5KDxodHRwOi8vd3d3LmNvLW9kZS5vcmcvb250b2xvZ2llcy9nYWxlbiNoYXNPcmRpbmFsUG9zaXRpb24+KQ==
R	247d60d4eaaab9432d9d22e31945a08f285d574320f329d774be96b09534fd90	RnVuY3Rpb25hbE9iamVjdFByb3BlcnR5KDxodHRwOi8vd3d3LmNvLW9kZS5vcmcvb250b2xvZ2llcy9nYWxlbiNoYXNPcmdhbmlzbVRvbGVyYW5jZT4p
R	509329a38c493f0c0403e8141540d0146cb68bd6c1470aeebb72113ecfea6fc4	RnVuY3Rpb25hbE9iamVjdFByb3BlcnR5KDxodHRwOi8vd3d3LmNvLW9kZS5vcmcvb250b2xvZ2llcy9nYWxlbiNoYXNPdmVybGFwcGluZ1N0YXR1cz4p
R	74fbea6505a4c9e836916693fdff2635cad12af0f4ab1f9dbf6050042cb8110f	RnVuY3Rpb25hbE9iamVjdFByb3BlcnR5KDxodHRwOi8vd3d3LmNvLW9kZS5vcmcvb250b2xvZ2llcy9nYWxlbiNoYXNQYWxwYWJpbGl0eT4p
R	6b135696fd072778f54952e8aa6e009b1a3e50304c46f9df817d4318d5e066ad	RnVuY3Rpb25hbE9iamVjdFByb3BlcnR5KDxodHRwOi8vd3d3LmNvLW9kZS5vcmcvb250b2xvZ2llcy9nYWxlbiNoYXNQYXJhZG94aWNhbFN0YXR1cz4p
R	fa426e98fabb624b1102d08acd9c821a382f403bda659adf0cec11a9badc998f	RnVuY3Rpb25hbE9iamVjdFByb3BlcnR5KDxodHRwOi8vd3d3LmNvLW9kZS5vcmcvb250b2xvZ2llcy9nYWxlbiNoYXNQYXJhc3ltcGF0aGV0aWNTeW1wYXRoYXRpY1N0YXR1cz4p
R	c5231028be59a88dd1e6cb1a52952155592de29cd6d99a692fc8f33987fa1f58	RnVuY3Rpb25hbE9iamVjdFByb3BlcnR5KDxodHRwOi8vd3d3LmNvLW9kZS5vcmcvb250b2xvZ2llcy9nYWxlbiNoYXNQYXJpdHk+KQ==
R	5ffe0d497553d7420f45c2200a1e6975087e7526f3f9400d0c3e6a8fbdc717ba	RnVuY3Rpb25hbE9iamVjdFByb3BlcnR5KDxodHRwOi8vd3d3LmNvLW9kZS5vcmcvb250b2xvZ2llcy9nYWxlbiNoYXNQYXRlbmN5Pik=
R	f29e5f68f77553c4a7ed9264e9180f793a2dc3edb92ab4ccfcc9466b170448c5	RnVuY3Rpb25hbE9iamVjdFByb3BlcnR5KDxodHRwOi8vd3d3LmNvLW9kZS5vcmcvb250b2xvZ2llcy9nYWxlbiNoYXNQYXRob2xvZ2ljYWxTdGF0dXM+KQ==
R	d0456fdac2872ab22ca5540f7e7529ce317a06dba17f1820a8a5e86cfb9beda9	RnVuY3Rpb25hbE9iamVjdFByb3BlcnR5KDxodHRwOi8vd3d3LmNvLW9kZS5vcmcvb250b2xvZ2llcy9nYWxlbiNoYXNQZXJjdXNzaXZlUmVzb25hbmNlPik=
R	a656f24c5e144fc2bd2eda120cbf30e20116a41003d663a73e7fa519022b97e2	RnVuY3Rpb25hbE9iamVjdFByb3BlcnR5KDxodHRwOi8vd3d3LmNvLW9kZS5vcmcvb250b2xvZ2llcy9nYWxlbiNoYXNQZXJtYW5lbmNlPik=
R	2e2ff30beecc18e1bbfd2b316c5bab47c47c79de1941343b822b736e51d019e5	RnVuY3Rpb25hbE9iamVjdFByb3BlcnR5KDxodHRwOi8vd3d3LmNvLW9kZS5vcmcvb250b2xvZ2llcy9nYWxlbiNoYXNQZXJtZWFiaWxpdHk+KQ==
R	2880c93ccbc89416f842e8f199db8bab52a26413fec75d6e47991a998733aae7	RnVuY3Rpb25hbE9iamVjdFByb3BlcnR5KDxodHRwOi8vd3d3LmNvLW9kZS5vcmcvb250b2xvZ2llcy9nYWxlbiNoYXNQaGVub3R5cGljYWxTZXg+KQ==
R	99ecb454120b4d4e5fb79d3493a794c851f7db5f0844b92c5c199161bfecf367	RnVuY3Rpb25hbE9iamVjdFByb3BlcnR5KDxodHRwOi8vd3d3LmNvLW9kZS5vcmcvb250b2xvZ2llcy9nYWxlbiNoYXNQaG9uZU51bWJlcj4p
R	cb37243dd0b09f440651a2cea2e1f94f9c573c43936eca22bf28e830800d4172	RnVuY3Rpb25hbE9iamVjdFByb3BlcnR5KDxodHRwOi8vd3d3LmNvLW9kZS5vcmcvb250b2xvZ2llcy9nYWxlbiNoYXNQaHlzaWNhbFByZXNlbnRhdGlvbj4p
R	ae6c5347a3b400ebc42e671656797a528be3d15d4942d1083467760861859798	RnVuY3Rpb25hbE9iamVjdFByb3BlcnR5KDxodHRwOi8vd3d3LmNvLW9kZS5vcmcvb250b2xvZ2llcy9nYWxlbiNoYXNQaHlzaWNhbFN0YXRlPik=
R	597c88d52dee57b74458ab5ee95f784c1665687b413f352d220805f25269a535	RnVuY3Rpb25hbE9iamVjdFByb3BlcnR5KDxodHRwOi8vd3d3LmNvLW9kZS5vcmcvb250b2xvZ2llcy9nYWxlbiNoYXNQaWdtZW50YXRpb24+KQ==
R	bb6c0b0c946b16edb69737a7d273938ec6e95e716eb484b4d38f33243e96d743	RnVuY3Rpb25hbE9iamVjdFByb3BlcnR5KDxodHRwOi8vd3d3LmNvLW9kZS5vcmcvb250b2xvZ2llcy9nYWxlbiNoYXNQb3NzaWJpbGl0eT4p
R	3c3dfa02f382bfa0da1ecdf0fb54685850bd27b3716f8d214542a6538a3e7545	RnVuY3Rpb25hbE9iamVjdFByb3BlcnR5KDxodHRwOi8vd3d3LmNvLW9kZS5vcmcvb250b2xvZ2llcy9nYWxlbiNoYXNQb3dlclNvdXJjZT4p
R	8f10efe4111d95352f98f8ca34df078e198399f30f6143a8514c66b5d0982bcb	RnVuY3Rpb25hbE9iamVjdFByb3BlcnR5KDxodHRwOi8vd3d3LmNvLW9kZS5vcmcvb250b2xvZ2llcy9nYWxlbiNoYXNQcmVjZWRlbmNlPik=
R	cffa656751c099897a45935bf22c68cdd05369c80ee1cf3a1c9517642157d2d1	RnVuY3Rpb25hbE9iamVjdFByb3BlcnR5KDxodHRwOi8vd3d3LmNvLW9kZS5vcmcvb250b2xvZ2llcy9nYWxlbiNoYXNQcmVkZWxpdmVyeUZvcm11bGF0aW9uPik=
R	69b553f4bfcdebb4d5eb0ca4c06731ac2179de81cb55004e71f44a5aa4fe2677	RnVuY3Rpb25hbE9iamVjdFByb3BlcnR5KDxodHRwOi8vd3d3LmNvLW9kZS5vcmcvb250b2xvZ2llcy9nYWxlbiNoYXNQcmVzZW5jZUFic2VuY2U+KQ==
R	52554a5f31ebf8582454ed8ede7b3ffd28594aa2b2c5063ce7aaaaa65562d381	RnVuY3Rpb25hbE9iamVjdFByb3BlcnR5KDxodHRwOi8vd3d3LmNvLW9kZS5vcmcvb250b2xvZ2llcy9nYWxlbiNoYXNQcmVzc3VyZT4p
R	8051e6f6be2a6935fea3f053899c9dd91b9d04ee522730a214b1a554cc2cebaf	RnVuY3Rpb25hbE9iamVjdFByb3BlcnR5KDxodHRwOi8vd3d3LmNvLW9kZS5vcmcvb250b2xvZ2llcy9nYWxlbiNoYXNQcmV2YWxlbmNlPik=
R	47c727e7aae8f86cf94727b66e707e7651ad997f7b12da1ecc4346f1bc80e324	RnVuY3Rpb25hbE9iamVjdFByb3BlcnR5KDxodHRwOi8vd3d3LmNvLW9kZS5vcmcvb250b2xvZ2llcy9nYWxlbiNoYXNQcm9jZXNzQWN0aXZpdHk+KQ==
R	7f1f1196e21d33b4a6bc8431540e6a0c62d1abb6e1dad46011c7a660c588e3d2	RnVuY3Rpb25hbE9iamVjdFByb3BlcnR5KDxodHRwOi8vd3d3LmNvLW9kZS5vcmcvb250b2xvZ2llcy9nYWxlbiNoYXNQcm9jZXNzU3BlY2lmaWNhdGlvbkxldmVsPik=
R	ed24cbb671b228b6bda268bc08cee38540deb2181a433120d2ba4f804025e681	RnVuY3Rpb25hbE9iamVjdFByb3BlcnR5KDxodHRwOi8vd3d3LmNvLW9kZS5vcmcvb250b2xvZ2llcy9nYWxlbiNoYXNQcm9taW5lbmNlPik=
R	732d750d86ae2c4fac2190070bc8f3f506b9015f085b585b28b35d8974d50429	RnVuY3Rpb25hbE9iamVjdFByb3BlcnR5KDxodHRwOi8vd3d3LmNvLW9kZS5vcmcvb250b2xvZ2llcy9nYWxlbiNoYXNQcm94aW1hbERpc3RhbFNlbGVjdG9yPik=
R	c6e9d30e29506fb5d45f3c005fdf4126f392882dac9e548276834bf4065f9a5e	RnVuY3Rpb25hbE9iamVjdFByb3BlcnR5KDxodHRwOi8vd3d3LmNvLW9kZS5vcmcvb250b2xvZ2llcy9nYWxlbiNoYXNQc3ljaG90eXBpY2FsU2V4Pik=
R	5e85faf11316bf521ba2626e72c5525e4c8051ce489f7a733926bb921d7cfc51	RnVuY3Rpb25hbE9iamVjdFByb3BlcnR5KDxodHRwOi8vd3d3LmNvLW9kZS5vcmcvb250b2xvZ2llcy9nYWxlbiNoYXNRdWFsaXR5Pik=
R	bfbf8a50109931dc3297e9dffc3de909e8915add697363ab411b55a160c3ddd9	RnVuY3Rpb25hbE9iamVjdFByb3BlcnR5KDxodHRwOi8vd3d3LmNvLW9kZS5vcmcvb250b2xvZ2llcy9nYWxlbiNoYXNRdWFudGl0YXRpdmVQcmVjaXNpb24+KQ==
R	10406d0a47ed21b9207ca197c117b1f9e78f12f0a0f8689ff8f09f2c742341eb	RnVuY3Rpb25hbE9iamVjdFByb3BlcnR5KDxodHRwOi8vd3d3LmNvLW9kZS5vcmcvb250b2xvZ2llcy9nYWxlbiNoYXNRdWFudGl0eT4p
R	fc21c72523e9e0306581cebe523c4d32503254fd4bfd73b6013ae5595f5d39e6	RnVuY3Rpb25hbE9iamVjdFByb3BlcnR5KDxodHRwOi8vd3d3LmNvLW9kZS5vcmcvb250b2xvZ2llcy9nYWxlbiNoYXNSYWRpb2x1c2NlbmNlPik=
R	17c26d7addec4461d0092ece36e1f37ae4dd68608806b1a7b1c5ac08de3b7cca	RnVuY3Rpb25hbE9iamVjdFByb3BlcnR5KDxodHRwOi8vd3d3LmNvLW9kZS5vcmcvb250b2xvZ2llcy9nYWxlbiNoYXNSYW5nZT4p
R	c2dff471112d31b43c0f14e956db3d8f41343b146460c6e606ad9505500bc1c2	RnVuY3Rpb25hbE9iamVjdFByb3BlcnR5KDxodHRwOi8vd3d3LmNvLW9kZS5vcmcvb250b2xvZ2llcy9nYWxlbiNoYXNSZWZlcmVuY2U+KQ==
R	5aebb9e5870aeec8984dc8d762edc90280587c2dee078d01c2881e68c45a20c1	RnVuY3Rpb25hbE9iamVjdFByb3BlcnR5KDxodHRwOi8vd3d3LmNvLW9kZS5vcmcvb250b2xvZ2llcy9nYWxlbiNoYXNSZWZsZWN0aXZpdHk+KQ==
R	68b69405a20ea32ccfa0767914d4030772541bdbf1ca3e19e862e449557f4f8a	RnVuY3Rpb25hbE9iamVjdFByb3BlcnR5KDxodHRwOi8vd3d3LmNvLW9kZS5vcmcvb250b2xvZ2llcy9nYWxlbiNoYXNSZWZyYWN0YW5jZT4p
R	1618740bf05781b31501e841de0869551fcc97045057624dfc5c61ecb3d4fcad	RnVuY3Rpb25hbE9iamVjdFByb3BlcnR5KDxodHRwOi8vd3d3LmNvLW9kZS5vcmcvb250b2xvZ2llcy9nYWxlbiNoYXNSZWxhdGl2ZUxldmVsU3RhdGU+KQ==
R	1ce7eb02f3ab4168222054e370ac2c62240478feadc33da4e16e1820d2231b51	RnVuY3Rpb25hbE9iamVjdFByb3BlcnR5KDxodHRwOi8vd3d3LmNvLW9kZS5vcmcvb250b2xvZ2llcy9nYWxlbiNoYXNSZXVzYWJpbGl0eT4p
R	fbbd42f11acc9fc3f6897c038d8c1b7969f5d647cd2835b6f53ff42f0c66c998	RnVuY3Rpb25hbE9iamVjdFByb3BlcnR5KDxodHRwOi8vd3d3LmNvLW9kZS5vcmcvb250b2xvZ2llcy9nYWxlbiNoYXNSZXZlcnNpYmlsaXR5Pik=
R	d4d96f7a05653743c720b5f44d4683219476a2888aa56feeb2245712db4b6004	RnVuY3Rpb25hbE9iamVjdFByb3BlcnR5KDxodHRwOi8vd3d3LmNvLW9kZS5vcmcvb250b2xvZ2llcy9nYWxlbiNoYXNSZXZpc2lvblN0YXR1cz4p
R	0dbd501f9ac66be1fdd63719711de5344db2976654a7dbe6ed8538861ed6cdc1	RnVuY3Rpb25hbE9iamVjdFByb3BlcnR5KDxodHRwOi8vd3d3LmNvLW9kZS5vcmcvb250b2xvZ2llcy9nYWxlbiNoYXNSaWdpZGl0eT4p
R	8d00b14fcd13786657b8093702242c646aa9901c39bac74d3fa1139253b6200a	RnVuY3Rpb25hbE9iamVjdFByb3BlcnR5KDxodHRwOi8vd3d3LmNvLW9kZS5vcmcvb250b2xvZ2llcy9nYWxlbiNoYXNTY29wZT4p
R	97597c836202cd884c340f4c4572420f6b912d034062151641cc2e9ba7f3cfec	RnVuY3Rpb25hbE9iamVjdFByb3BlcnR5KDxodHRwOi8vd3d3LmNvLW9kZS5vcmcvb250b2xvZ2llcy9nYWxlbiNoYXNTZXF1ZW5jZT4p
R	b5c6dcf17b5232bb11d1592bc08984a8d57b4964c9efda789aa3247a876c3150	RnVuY3Rpb25hbE9iamVjdFByb3BlcnR5KDxodHRwOi8vd3d3LmNvLW9kZS5vcmcvb250b2xvZ2llcy9nYWxlbiNoYXNTZXZlcml0eT4p
R	f3686d7cc4c9e91b218d73c61d97c454b00a120f6d7f3e67f490a8bc17a50be4	RnVuY3Rpb25hbE9iamVjdFByb3BlcnR5KDxodHRwOi8vd3d3LmNvLW9kZS5vcmcvb250b2xvZ2llcy9nYWxlbiNoYXNTZXg+KQ==
R	c42948d52d262c6f7068f5bddfed43e63783ac85fe0b914a2d44c93010316c32	RnVuY3Rpb25hbE9iamVjdFByb3BlcnR5KDxodHRwOi8vd3d3LmNvLW9kZS5vcmcvb250b2xvZ2llcy9nYWxlbiNoYXNTZXh1YWxNYXR1cmF0aW9uPik=
R	08e8d3b4a8798df079fc9e714464adf88b490d57923227bb281bc375f2d43db1	RnVuY3Rpb25hbE9iamVjdFByb3BlcnR5KDxodHRwOi8vd3d3LmNvLW9kZS5vcmcvb250b2xvZ2llcy9nYWxlbiNoYXNTaGFwZT4p
R	5883c269e9f4d86a3bb3b01025b1d0f0553127bdb6b67ff54eef0bf0605f10a6	RnVuY3Rpb25hbE9iamVjdFByb3BlcnR5KDxodHRwOi8vd3d3LmNvLW9kZS5vcmcvb250b2xvZ2llcy9nYWxlbiNoYXNTaGFwZUFuYWxhZ291c1RvPik=
R	f260cb9d761d3470887fbdbf64916ca5d2c0af3b4c986989bc57ad5eb84c50f2	RnVuY3Rpb25hbE9iamVjdFByb3BlcnR5KDxodHRwOi8vd3d3LmNvLW9kZS5vcmcvb250b2xvZ2llcy9nYWxlbiNoYXNTaGFycG5lc3M+KQ==
R	e0b0be9cd3d502ad5a15009785ef00f1b03df30677c3e09864d248e60a9600a3	RnVuY3Rpb25hbE9iamVjdFByb3BlcnR5KDxodHRwOi8vd3d3LmNvLW9kZS5vcmcvb250b2xvZ2llcy9nYWxlbiNoYXNTaWduYWxBbXBsaXR1ZGU+KQ==
R	73608546f57a611b10b1399b01b13980645f0b52326c8105c941f0979c86fbfb	RnVuY3Rpb25hbE9iamVjdFByb3BlcnR5KDxodHRwOi8vd3d3LmNvLW9kZS5vcmcvb250b2xvZ2llcy9nYWxlbiNoYXNTaWduYWxBdHRhY2tQaGFzZT4p
R	8ebdd0e1de1aefb62ede370581bfcb1846eff6193ae83d8512cf6f0bf455691d	RnVuY3Rpb25hbE9iamVjdFByb3BlcnR5KDxodHRwOi8vd3d3LmNvLW9kZS5vcmcvb250b2xvZ2llcy9nYWxlbiNoYXNTaWduYWxEZWNheVBoYXNlPik=
R	bb23465e37ce91b8a6967ca987deea0da26435273015b0dddb5ab26354b00e52	RnVuY3Rpb25hbE9iamVjdFByb3BlcnR5KDxodHRwOi8vd3d3LmNvLW9kZS5vcmcvb250b2xvZ2llcy9nYWxlbiNoYXNTaWduYWxGcmVxdWVuY3k+KQ==
R	f3f6be87106b0c61ec2bef0fbc266199c11bb2c3df45c21dab1fa183aa5346d0	RnVuY3Rpb25hbE9iamVjdFByb3BlcnR5KDxodHRwOi8vd3d3LmNvLW9kZS5vcmcvb250b2xvZ2llcy9nYWxlbiNoYXNTaWduYWxNb3JwaG9sb2d5Pik=
R	3dc783a5802499463585806c4905a161d71317a19a5600bb7166d5211ca4012f	RnVuY3Rpb25hbE9iamVjdFByb3BlcnR5KDxodHRwOi8vd3d3LmNvLW9kZS5vcmcvb250b2xvZ2llcy9nYWxlbiNoYXNTaWduYWxQbGF0ZWF1UGhhc2U+KQ==
R	4fa33e13ef67c2c74f2ed9400019a2f238c390bd3b6c679d1cdacd2dd11fc9c6	RnVuY3Rpb25hbE9iamVjdFByb3BlcnR5KDxodHRwOi8vd3d3LmNvLW9kZS5vcmcvb250b2xvZ2llcy9nYWxlbiNoYXNTaXplPik=
R	72e76516767874a346466db12f0a4303bbf0ab7cf708a755b40f02202db648d3	RnVuY3Rpb25hbE9iamVjdFByb3BlcnR5KDxodHRwOi8vd3d3LmNvLW9kZS5vcmcvb250b2xvZ2llcy9nYWxlbiNoYXNTa3VsbEZyYWN0dXJlVHlwZT4p
R	606292c9e0a14bc9b9156c5aba0511174df116b03345c1304d143682f6f4a5ab	RnVuY3Rpb25hbE9iamVjdFByb3BlcnR5KDxodHRwOi8vd3d3LmNvLW9kZS5vcmcvb250b2xvZ2llcy9nYWxlbiNoYXNTb2NpYWxHcm91cFJhbmtpbmc+KQ==
R	74e333c3a5ebaf99215b2bae6b80ecf00949d242592b43efc29f7b47d7c2a42d	RnVuY3Rpb25hbE9iamVjdFByb3BlcnR5KDxodHRwOi8vd3d3LmNvLW9kZS5vcmcvb250b2xvZ2llcy9nYWxlbiNoYXNTb2x1YmlsaXR5Pik=
R	61a8fcbbacd96f3aeeac13e9148946b1a24c900255f4ed54a9eeccbc4ff2d5dc	RnVuY3Rpb25hbE9iamVjdFByb3BlcnR5KDxodHRwOi8vd3d3LmNvLW9kZS5vcmcvb250b2xvZ2llcy9nYWxlbiNoYXNTb3VuZFRpbWJyZT4p
R	7b96d0ef667de3b5fddaa53acbb2506c0eb488c452ba3eebdbe6d8b13bb2b0d7	RnVuY3Rpb25hbE9iamVjdFByb3BlcnR5KDxodHRwOi8vd3d3LmNvLW9kZS5vcmcvb250b2xvZ2llcy9nYWxlbiNoYXNTcGFjaW5nPik=
R	0c4892fcbb951118db7e6e239f68ba3c9ba2d05c9e9be586db0ed90e93ecaa93	RnVuY3Rpb25hbE9iamVjdFByb3BlcnR5KDxodHRwOi8vd3d3LmNvLW9kZS5vcmcvb250b2xvZ2llcy9nYWxlbiNoYXNTcGVjaWZpY0Fuc3dlcj4p
R	ffb557869bb5b40c8a59b00ee8876ca4cf86f3cf5b942dbb65e06e1abaec13e1	RnVuY3Rpb25hbE9iamVjdFByb3BlcnR5KDxodHRwOi8vd3d3LmNvLW9kZS5vcmcvb250b2xvZ2llcy9nYWxlbiNoYXNTcGVjaWZpY0Fzc29jaWF0aW9uPik=
R	e43c09e25dbb57a6b597ec5d0d4b9180f7201a7c3f4566c6d76b520fcbd1c50a	RnVuY3Rpb25hbE9iamVjdFByb3BlcnR5KDxodHRwOi8vd3d3LmNvLW9kZS5vcmcvb250b2xvZ2llcy9nYWxlbiNoYXNTcGVjaWZpY0NvbXBsaWNhdGlvbj4p
R	43819f33edb158b670ee799e79e342cff9a502b702a13d33e8dcdc5c1b0918f1	RnVuY3Rpb25hbE9iamVjdFByb3BlcnR5KDxodHRwOi8vd3d3LmNvLW9kZS5vcmcvb250b2xvZ2llcy9nYWxlbiNoYXNTcGVjaWZpY0NvbnNlcXVlbmNlPik=
R	73cf7e65952ad6e9c954b244b2d87fc79636f4279a411d27955a8c978ad3c2de	RnVuY3Rpb25hbE9iamVjdFByb3BlcnR5KDxodHRwOi8vd3d3LmNvLW9kZS5vcmcvb250b2xvZ2llcy9nYWxlbiNoYXNTcGVjaWZpY0dvYWw+KQ==
R	d4defb55b596c4b0b5df3d37a222ba54bc9f377e954cc2b26e436d2c4a79f2b1	RnVuY3Rpb25hbE9iamVjdFByb3BlcnR5KDxodHRwOi8vd3d3LmNvLW9kZS5vcmcvb250b2xvZ2llcy9nYWxlbiNoYXNTcGVjaWZpY0dyYXZpdHk+KQ==
R	9eb4e95ad8624ea28e1330761399f2df4ecbb02611faaf167e4a5a16e8d7b841	RnVuY3Rpb25hbE9iamVjdFByb3BlcnR5KDxodHRwOi8vd3d3LmNvLW9kZS5vcmcvb250b2xvZ2llcy9nYWxlbiNoYXNTcGVjaWZpY0ltbWVkaWF0ZUNvbXBsaWNhdGlvbj4p
R	0478edd8e47c159fc5b558ce8c60dde6839da2fc94d40cec63538f2df979a0a4	RnVuY3Rpb25hbE9iamVjdFByb3BlcnR5KDxodHRwOi8vd3d3LmNvLW9kZS5vcmcvb250b2xvZ2llcy9nYWxlbiNoYXNTcGVjaWZpY0ltbWVkaWF0ZUNvbnNlcXVlbmNlPik=
R	a0233b9b38d38af4acc36d3438830d12d1019f647b73b813abed58463ed3a25a	RnVuY3Rpb25hbE9iamVjdFByb3BlcnR5KDxodHRwOi8vd3d3LmNvLW9kZS5vcmcvb250b2xvZ2llcy9nYWxlbiNoYXNTcGVjaWZpY0xhdGVDb21wbGljYXRpb24+KQ==
R	6da15c7771f3d2baea375e3247e1d3e20bbff179438ce67411abc3c92680b891	RnVuY3Rpb25hbE9iamVjdFByb3BlcnR5KDxodHRwOi8vd3d3LmNvLW9kZS5vcmcvb250b2xvZ2llcy9nYWxlbiNoYXNTcGVjaWZpY0xhdGVDb25zZXF1ZW5jZT4p
R	0a23dda22833e51d9edaafc4636b0f6755286257834b1641a5963fb5a3c3f5b2	RnVuY3Rpb25hbE9iamVjdFByb3BlcnR5KDxodHRwOi8vd3d3LmNvLW9kZS5vcmcvb250b2xvZ2llcy9nYWxlbiNoYXNTcGVjaWZpY0xvY2F0aW9uPik=
R	d13094bd97ee6ac4540c7b7637dd0b53d90ca723b9b6e055a15450dae8adaf3b	RnVuY3Rpb25hbE9iamVjdFByb3BlcnR5KDxodHRwOi8vd3d3LmNvLW9kZS5vcmcvb250b2xvZ2llcy9nYWxlbiNoYXNTcGVjaWZpY1BlcnNvblBlcmZvcm1pbmc+KQ==
R	e8a028d66a534e2fe9a38325ecd31fe48afc088f6f3c1a8659f66337e4c44e39	RnVuY3Rpb25hbE9iamVjdFByb3BlcnR5KDxodHRwOi8vd3d3LmNvLW9kZS5vcmcvb250b2xvZ2llcy9nYWxlbiNoYXNTcGVjaWZpY1BoYXNlPik=
R	a98a913425ed9b51355163e51e7ea47a817d537efa53553fd82eac596ec751b9	RnVuY3Rpb25hbE9iamVjdFByb3BlcnR5KDxodHRwOi8vd3d3LmNvLW9kZS5vcmcvb250b2xvZ2llcy9nYWxlbiNoYXNTcGVjaWZpY1BoeXNpY2FsTWVhbnM+KQ==
R	ccec7263ff13064ad86156e79906f81e4e9c9a7bd6ac7a47577bf88b8900cfc7	RnVuY3Rpb25hbE9iamVjdFByb3BlcnR5KDxodHRwOi8vd3d3LmNvLW9kZS5vcmcvb250b2xvZ2llcy9nYWxlbiNoYXNTcGVjaWZpY1Byb3hpbWl0eT4p
R	afe94876b5b60366fe356c646d05ab652543a52ebf9821cfb6d245732eab637e	RnVuY3Rpb25hbE9iamVjdFByb3BlcnR5KDxodHRwOi8vd3d3LmNvLW9kZS5vcmcvb250b2xvZ2llcy9nYWxlbiNoYXNTcGVjaWZpY2F0aW9uTGV2ZWw+KQ==
R	e56795191a107f9874179179ec4f51b921fbd00a79718d7ba887b4755b5f6c29	RnVuY3Rpb25hbE9iamVjdFByb3BlcnR5KDxodHRwOi8vd3d3LmNvLW9kZS5vcmcvb250b2xvZ2llcy9nYWxlbiNoYXNTcGVjaWZpY2l0eT4p
R	5fe9ec47bb373b8197ed0441b680ef52d322b42fece448ac6866e1aa82101b37	RnVuY3Rpb25hbE9iamVjdFByb3BlcnR5KDxodHRwOi8vd3d3LmNvLW9kZS5vcmcvb250b2xvZ2llcy9nYWxlbiNoYXNTcGVlZD4p
R	c07876d3f43f6b3153a366a993b233e200c8d4a12f07c1bcdb99516878e54846	RnVuY3Rpb25hbE9iamVjdFByb3BlcnR5KDxodHRwOi8vd3d3LmNvLW9kZS5vcmcvb250b2xvZ2llcy9nYWxlbiNoYXNTcG9udGFuZWl0eT4p
R	efb9cbf2a2aa60f6196cf69737110460d6e3873f6a87ccab752a0562f7dd2137	RnVuY3Rpb25hbE9iamVjdFByb3BlcnR5KDxodHRwOi8vd3d3LmNvLW9kZS5vcmcvb250b2xvZ2llcy9nYWxlbiNoYXNTdGFydFBvaW50Pik=
R	782232b9e08189ae6b8028b8453cdd3b3905fb19a29699e6328cae805cbf3863	RnVuY3Rpb25hbE9iamVjdFByb3BlcnR5KDxodHRwOi8vd3d3LmNvLW9kZS5vcmcvb250b2xvZ2llcy9nYWxlbiNoYXNTdGFydFRpbWU+KQ==
R	f43321744b54357eb6fd0662d0a89d2e96cd97d835ad50406ee060fd0cc9d52d	RnVuY3Rpb25hbE9iamVjdFByb3BlcnR5KDxodHRwOi8vd3d3LmNvLW9kZS5vcmcvb250b2xvZ2llcy9nYWxlbiNoYXNTdGF0ZT4p
R	8061cf957d14871f26af72aef73468f940fc9769055e09e002941814e34c3520	RnVuY3Rpb25hbE9iamVjdFByb3BlcnR5KDxodHRwOi8vd3d3LmNvLW9kZS5vcmcvb250b2xvZ2llcy9nYWxlbiNoYXNTdGVyaWxpc2FiaWxpdHk+KQ==
R	17fca8131b022ac15c70b4d427ebc5a83ab98b706fc8b8b36af838cb1fd7ef14	RnVuY3Rpb25hbE9iamVjdFByb3BlcnR5KDxodHRwOi8vd3d3LmNvLW9kZS5vcmcvb250b2xvZ2llcy9nYWxlbiNoYXNTdGVyaWxpdHk+KQ==
R	516ed721cf994fe512286c512cf72e6f25461fd16b11cd946e22276866048607	RnVuY3Rpb25hbE9iamVjdFByb3BlcnR5KDxodHRwOi8vd3d3LmNvLW9kZS5vcmcvb250b2xvZ2llcy9nYWxlbiNoYXNTdHJhaW5DYXBhY2l0eT4p
R	259ba757bf978720b83daa7111d0a6c7e50179c265f92a07d6adeae637354e05	RnVuY3Rpb25hbE9iamVjdFByb3BlcnR5KDxodHRwOi8vd3d3LmNvLW9kZS5vcmcvb250b2xvZ2llcy9nYWxlbiNoYXNTdHJlbmd0aD4p
R	e208383d77942c1ca6026d938c32fe139b94547dd94c308da9beeeffea3b3ed9	RnVuY3Rpb25hbE9iamVjdFByb3BlcnR5KDxodHRwOi8vd3d3LmNvLW9kZS5vcmcvb250b2xvZ2llcy9nYWxlbiNoYXNTdHJlc3NDYXBhY2l0eT4p
R	daf16b0431879cab8e926904e4f55974f04f01a032a699b44d5f87354ea4515c	RnVuY3Rpb25hbE9iamVjdFByb3BlcnR5KDxodHRwOi8vd3d3LmNvLW9kZS5vcmcvb250b2xvZ2llcy9nYWxlbiNoYXNTdHJ1Y3R1cmFsRXh0ZW50Pik=
R	49ea7574e4d758921dc6094150cbee0691682ba867ab08b688398692dd7b50c8	RnVuY3Rpb25hbE9iamVjdFByb3BlcnR5KDxodHRwOi8vd3d3LmNvLW9kZS5vcmcvb250b2xvZ2llcy9nYWxlbiNoYXNTdWRkZW5lc3M+KQ==
R	f4ff92f0ada8e511d6560fc3e0aaa3cfbed8ac650f173a503df2ca4ec5065f64	RnVuY3Rpb25hbE9iamVjdFByb3BlcnR5KDxodHRwOi8vd3d3LmNvLW9kZS5vcmcvb250b2xvZ2llcy9nYWxlbiNoYXNTdXBlcmZpY2lhbERlZXBTZWxlY3Rvcj4p
R	764324c7eec4e258ef2cc4efc108db1cd16520b6a720e6c078231bb1889db7c8	RnVuY3Rpb25hbE9iamVjdFByb3BlcnR5KDxodHRwOi8vd3d3LmNvLW9kZS5vcmcvb250b2xvZ2llcy9nYWxlbiNoYXNTdXBlcmlvckluZmVyaW9yUG9zaXRpb24+KQ==
R	806778932f4edf8ab78b3af51cee2aafe546dd5751544c6d54cbe1054b30766b	RnVuY3Rpb25hbE9iamVjdFByb3BlcnR5KDxodHRwOi8vd3d3LmNvLW9kZS5vcmcvb250b2xvZ2llcy9nYWxlbiNoYXNTdXBlcmlvckluZmVyaW9yU2VsZWN0b3I+KQ==
R	ddec4aaa5ecf072ac3ceec531c36e4c699aa51257187aedd57d56843df47e747	RnVuY3Rpb25hbE9iamVjdFByb3BlcnR5KDxodHRwOi8vd3d3LmNvLW9kZS5vcmcvb250b2xvZ2llcy9nYWxlbiNoYXNTdXJmYWNlVmlzaWJpbGl0eT4p
R	f48c49a4f34a3d8f7ebbbd312efe3c9a832e645edfb61995708dc2262f92ef6a	RnVuY3Rpb25hbE9iamVjdFByb3BlcnR5KDxodHRwOi8vd3d3LmNvLW9kZS5vcmcvb250b2xvZ2llcy9nYWxlbiNoYXNTdXJnaWNhbEV4dGVudD4p
R	766c6bc501c5df76f4fbaca41542c71df07cedae5bf952c127e61e6a4536c090	RnVuY3Rpb25hbE9iamVjdFByb3BlcnR5KDxodHRwOi8vd3d3LmNvLW9kZS5vcmcvb250b2xvZ2llcy9nYWxlbiNoYXNTdXJnaWNhbE9wZW5DbG9zZWRuZXNzPik=
R	fa9f25f482a754a301b8d7be6deaf4a0768afe0418be7e0689f821bc9e271e12	RnVuY3Rpb25hbE9iamVjdFByb3BlcnR5KDxodHRwOi8vd3d3LmNvLW9kZS5vcmcvb250b2xvZ2llcy9nYWxlbiNoYXNTdXJnaWNhbFByaW1hcnlTZWNvbmRhcnlTdGF0dXM+KQ==
R	be696fa6b29dfc14460b29ff54df61464db137fff0b30c24881b101ff5b440c6	RnVuY3Rpb25hbE9iamVjdFByb3BlcnR5KDxodHRwOi8vd3d3LmNvLW9kZS5vcmcvb250b2xvZ2llcy9nYWxlbiNoYXNTeW1wdG9tQ2hhcmFjdGVyPik=
R	7f44278ab1e8196970ca393190b1010eaf2a5fe590c15581e75993e34c2a92d1	RnVuY3Rpb25hbE9iamVjdFByb3BlcnR5KDxodHRwOi8vd3d3LmNvLW9kZS5vcmcvb250b2xvZ2llcy9nYWxlbiNoYXNUYXN0ZUZlYXR1cmU+KQ==
R	62615637217babba5e1024fda7372eb2e26b49ac795ae84b5d5402255cf298dc	RnVuY3Rpb25hbE9iamVjdFByb3BlcnR5KDxodHRwOi8vd3d3LmNvLW9kZS5vcmcvb250b2xvZ2llcy9nYWxlbiNoYXNUZW1wb3JhbFBhdHRlcm4+KQ==
R	bb4863574fdf36e54a90b03a64bb526fd2dda61f28a7f6f617ad4e1b76585545	RnVuY3Rpb25hbE9iamVjdFByb3BlcnR5KDxodHRwOi8vd3d3LmNvLW9kZS5vcmcvb250b2xvZ2llcy9nYWxlbiNoYXNUZXh0dXJlPik=
R	83439b5f5212520fce23633d2b437411d0d2f6631e5b149822fea6e92b1168a2	RnVuY3Rpb25hbE9iamVjdFByb3BlcnR5KDxodHRwOi8vd3d3LmNvLW9kZS5vcmcvb250b2xvZ2llcy9nYWxlbiNoYXNUaGVybWFsQ2FwYWNpdHk+KQ==
R	ad8133138722d5fc279c593acebb03c040b11e37fd3592c4652a33182fb44a76	RnVuY3Rpb25hbE9iamVjdFByb3BlcnR5KDxodHRwOi8vd3d3LmNvLW9kZS5vcmcvb250b2xvZ2llcy9nYWxlbiNoYXNUaW1lT2ZPY2N1cnJlbmNlPik=
R	6daa0475f0b29b1dabcba1961b1ab00b3df8450bc43bfa992065e2e03bf9372d	RnVuY3Rpb25hbE9iamVjdFByb3BlcnR5KDxodHRwOi8vd3d3LmNvLW9kZS5vcmcvb250b2xvZ2llcy9nYWxlbiNoYXNUb3BvbG9neT4p
R	f2db4c421bc3b2604b1044ae8d94014d40391bca4f09914d7dbb68dabc7b75b2	RnVuY3Rpb25hbE9iamVjdFByb3BlcnR5KDxodHRwOi8vd3d3LmNvLW9kZS5vcmcvb250b2xvZ2llcy9nYWxlbiNoYXNUb3VnaG5lc3M+KQ==
R	ab8282a5b75f229cc16540cd84555a5208d6a97ba09ec4246e8eceba3e3a4f2c	RnVuY3Rpb25hbE9iamVjdFByb3BlcnR5KDxodHRwOi8vd3d3LmNvLW9kZS5vcmcvb250b2xvZ2llcy9nYWxlbiNoYXNUcmFuc3BhcmVuY3k+KQ==
R	c8da0ba445881301fa8e4888248f2513a0f1adc2a8e78d637560a77edb8812ed	RnVuY3Rpb25hbE9iamVjdFByb3BlcnR5KDxodHRwOi8vd3d3LmNvLW9kZS5vcmcvb250b2xvZ2llcy9nYWxlbiNoYXNUcmVhdG1lbnRTdGF0dXM+KQ==
R	846b00482895d607cfe8648c0c10ec9664c774d848d2ea95bb5160a279af217c	RnVuY3Rpb25hbE9iamVjdFByb3BlcnR5KDxodHRwOi8vd3d3LmNvLW9kZS5vcmcvb250b2xvZ2llcy9nYWxlbiNoYXNUcmVhdG1lbnRUcmFjdGFiaWxpdHk+KQ==
R	698437602a17e2309b9f98fb0c0650e9c036ad84ee00f58cec7040a42672c710	RnVuY3Rpb25hbE9iamVjdFByb3BlcnR5KDxodHRwOi8vd3d3LmNvLW9kZS5vcmcvb250b2xvZ2llcy9nYWxlbiNoYXNUcmVuZEluU3RhdGU+KQ==
R	ae62ce46a3a016073a5877895edeb27197634bb000b28d0ee7f197945beb225b	RnVuY3Rpb25hbE9iamVjdFByb3BlcnR5KDxodHRwOi8vd3d3LmNvLW9kZS5vcmcvb250b2xvZ2llcy9nYWxlbiNoYXNUdW1vdXJIaXN0b2xvZ3k+KQ==
R	10e8c11ad8e5e16a917270978bc7d12b2583548cbf2076ca7aaf701ca3c9aaf3	RnVuY3Rpb25hbE9iamVjdFByb3BlcnR5KDxodHRwOi8vd3d3LmNvLW9kZS5vcmcvb250b2xvZ2llcy9nYWxlbiNoYXNUdW1vdXJNb3JwaG9sb2d5Pik=
R	8bea8058aac952eadde1e950e83292145efaac55f164e2477a62aae9717ac07c	RnVuY3Rpb25hbE9iamVjdFByb3BlcnR5KDxodHRwOi8vd3d3LmNvLW9kZS5vcmcvb250b2xvZ2llcy9nYWxlbiNoYXNVbmlxdWVBc3NvY2lhdGVkUHJvY2Vzcz4p
R	e778b48942cfb3f1181abbffe79128ecf624f90d192437ec07c945e46acd4186	RnVuY3Rpb25hbE9iamVjdFByb3BlcnR5KDxodHRwOi8vd3d3LmNvLW9kZS5vcmcvb250b2xvZ2llcy9nYWxlbiNoYXNVbmlxdWVBc3NvY2lhdGVkU3RydWN0dXJlPik=
R	6c45b94fd5e296d006603a9aaa00d183753c36e823bdd29d00dce1e79cbc7f0b	RnVuY3Rpb25hbE9iamVjdFByb3BlcnR5KDxodHRwOi8vd3d3LmNvLW9kZS5vcmcvb250b2xvZ2llcy9nYWxlbiNoYXNVbmlxdWVJbW1lZGlhdGVDb25zZXF1ZW5jZT4p
R	26860cd3657cb4cd5c947d5a143aa35d43e6d96d4e7864bf50d4835678ca9273	RnVuY3Rpb25hbE9iamVjdFByb3BlcnR5KDxodHRwOi8vd3d3LmNvLW9kZS5vcmcvb250b2xvZ2llcy9nYWxlbiNoYXNVbmlxdWVMYXRlQ29uc2VxdWVuY2U+KQ==
R	c8445ae58fe0ee2957589794c7edc73a2ddd09e1b75a24e60e4d14310af0b0b5	RnVuY3Rpb25hbE9iamVjdFByb3BlcnR5KDxodHRwOi8vd3d3LmNvLW9kZS5vcmcvb250b2xvZ2llcy9nYWxlbiNoYXNVbmlxdWVTdWJwcm9jZXNzPik=
R	7f90a98364dbf633b6ff656c559b7b36def86a0a4bc7a64833bfb80724710824	RnVuY3Rpb25hbE9iamVjdFByb3BlcnR5KDxodHRwOi8vd3d3LmNvLW9kZS5vcmcvb250b2xvZ2llcy9nYWxlbiNoYXNVbml0Pik=
R	76072fe4ba319e7bbaf3c575c8530266e80d9798cb79923e7d880fcad7503795	RnVuY3Rpb25hbE9iamVjdFByb3BlcnR5KDxodHRwOi8vd3d3LmNvLW9kZS5vcmcvb250b2xvZ2llcy9nYWxlbiNoYXNVcHBlckxvd2VyUG9zaXRpb24+KQ==
R	10c636b3a144e1d0cf86ce4250cf267b649fb1e9944d8ed3ba84355654658b50	RnVuY3Rpb25hbE9iamVjdFByb3BlcnR5KDxodHRwOi8vd3d3LmNvLW9kZS5vcmcvb250b2xvZ2llcy9nYWxlbiNoYXNVcHBlckxvd2VyU2VsZWN0b3I+KQ==
R	15a9638df1a92314d8d9fcae8df381c20da3b66e1881acb9a41ceb7896650fce	RnVuY3Rpb25hbE9iamVjdFByb3BlcnR5KDxodHRwOi8vd3d3LmNvLW9kZS5vcmcvb250b2xvZ2llcy9nYWxlbiNoYXNVcmdlbmN5Pik=
R	3e6455f069ef68114e3e0ff89d5c4ce7360ff9cf11a0e2cd0eced40717321e64	RnVuY3Rpb25hbE9iamVjdFByb3BlcnR5KDxodHRwOi8vd3d3LmNvLW9kZS5vcmcvb250b2xvZ2llcy9nYWxlbiNoYXNVc2VmdWxuZXNzPik=
R	7193d8797370c85ec4dfd5544deb0818551becb51b65b82ffc2c62216195abbe	RnVuY3Rpb25hbE9iamVjdFByb3BlcnR5KDxodHRwOi8vd3d3LmNvLW9kZS5vcmcvb250b2xvZ2llcy9nYWxlbiNoYXNWYWxlbmN5Pik=
R	b03a9a16da09f69a6b5c37bda7aded225b17a73098d07900d1e015f65cc29915	RnVuY3Rpb25hbE9iamVjdFByb3BlcnR5KDxodHRwOi8vd3d3LmNvLW9kZS5vcmcvb250b2xvZ2llcy9nYWxlbiNoYXNWYXNjdWxhclB1bHNlVm9sdW1lPik=
R	1f1855a6bff87df3608819dd2e10d32fd6a1739f7cbfd83ac4e804f24b96f78e	RnVuY3Rpb25hbE9iamVjdFByb3BlcnR5KDxodHRwOi8vd3d3LmNvLW9kZS5vcmcvb250b2xvZ2llcy9nYWxlbiNoYXNWZXJ0aWNhbERlcHRoPik=
R	7ca2cbd9c7948bc145b78a4084d3a69e3cfd8ed35fa87979012540a33dba026c	RnVuY3Rpb25hbE9iamVjdFByb3BlcnR5KDxodHRwOi8vd3d3LmNvLW9kZS5vcmcvb250b2xvZ2llcy9nYWxlbiNoYXNWaWFiaWxpdHk+KQ==
R	b862209a9c5a5c65d19c3b2e13fff60b76a85740552c691ea05c4ec2c8b48e02	RnVuY3Rpb25hbE9iamVjdFByb3BlcnR5KDxodHRwOi8vd3d3LmNvLW9kZS5vcmcvb250b2xvZ2llcy9nYWxlbiNoYXNWaXNjZXJhbFBhcmlldGFsU2VsZWN0b3I+KQ==
R	d9e34d627a1fe29f94b415a079d33eb55dd30901f0a465bd3bd084192af4bb26	RnVuY3Rpb25hbE9iamVjdFByb3BlcnR5KDxodHRwOi8vd3d3LmNvLW9kZS5vcmcvb250b2xvZ2llcy9nYWxlbiNoYXNWb2xhdGlsaXR5Pik=
R	33205f92db392ee7d2e2871969c18af5a76bace09e7397888cad44d4a0a9d4dc	RnVuY3Rpb25hbE9iamVjdFByb3BlcnR5KDxodHRwOi8vd3d3LmNvLW9kZS5vcmcvb250b2xvZ2llcy9nYWxlbiNoYXNWb2x1bWU+KQ==
R	52b08adf473723e2bc73dd32e15fc445a300b145b61fd5f6b62450f66d0a2c29	RnVuY3Rpb25hbE9iamVjdFByb3BlcnR5KDxodHRwOi8vd3d3LmNvLW9kZS5vcmcvb250b2xvZ2llcy9nYWxlbiNoYXNXaWR0aD4p
R	4a7b626192f2cdd0f18b9ea80caf4e01ec668687f75ecf111ebbb932a047ac55	RnVuY3Rpb25hbE9iamVjdFByb3BlcnR5KDxodHRwOi8vd3d3LmNvLW9kZS5vcmcvb250b2xvZ2llcy9nYWxlbiNoYXNXb3JrUGhvbmVOdW1iZXI+KQ==
R	7eee20b1935f26b878dded3886e6271ea4f0da8abe2a2d2fe5e41a349e2081f4	RnVuY3Rpb25hbE9iamVjdFByb3BlcnR5KDxodHRwOi8vd3d3LmNvLW9kZS5vcmcvb250b2xvZ2llcy9nYWxlbiNpc0Fic29sdXRlU3RhdGVPZj4p
R	0753e93b9787aceded571826db1fd723bf7ebb55b4fb8c0cee890cabf8c9de67	RnVuY3Rpb25hbE9iamVjdFByb3BlcnR5KDxodHRwOi8vd3d3LmNvLW9kZS5vcmcvb250b2xvZ2llcy9nYWxlbiNpc0FyYml0cmFyeURpc2Vhc2VTdGFnZU9mPik=
R	1682c9317d1851656e89e616910c23ce48429747fb0b3e29daf55e6044f65828	RnVuY3Rpb25hbE9iamVjdFByb3BlcnR5KDxodHRwOi8vd3d3LmNvLW9kZS5vcmcvb250b2xvZ2llcy9nYWxlbiNpc0JyYW5jaE9mPik=
R	2a7fdfd075e3dcc481fc1d09c05ad164d3b6be9c1a0c62c106a45b918fe75461	RnVuY3Rpb25hbE9iamVjdFByb3BlcnR5KDxodHRwOi8vd3d3LmNvLW9kZS5vcmcvb250b2xvZ2llcy9nYWxlbiNpc0NoYW5nZUluU3RhdGVPZj4p
R	5852ee3cd62b07737f9887a73fadbfa7e2ee8e58f7e365d78258c3f628866ed4	RnVuY3Rpb25hbE9iamVjdFByb3BlcnR5KDxodHRwOi8vd3d3LmNvLW9kZS5vcmcvb250b2xvZ2llcy9nYWxlbiNpc0NsaW5pY2FsVmlzaWJpbGl0eU9mPik=
R	b12d3da4f57a6b53b8f0e1f3de243e12653f875721b2b1d48cd0bea24ef17deb	RnVuY3Rpb25hbE9iamVjdFByb3BlcnR5KDxodHRwOi8vd3d3LmNvLW9kZS5vcmcvb250b2xvZ2llcy9nYWxlbiNpc0NvbnZlcmdlbnRXaXRoPik=
R	3e9f0f44bbd6cb7334a057bda6ffa6425ed4b10116090ff0cd059b6154fa0c60	RnVuY3Rpb25hbE9iamVjdFByb3BlcnR5KDxodHRwOi8vd3d3LmNvLW9kZS5vcmcvb250b2xvZ2llcy9nYWxlbiNpc0RhdGVPZj4p
R	685c79a2b84c1696c4f270f08faa84861300d17ac977d4a10a3ee064e7bc80bf	RnVuY3Rpb25hbE9iamVjdFByb3BlcnR5KDxodHRwOi8vd3d3LmNvLW9kZS5vcmcvb250b2xvZ2llcy9nYWxlbiNpc0Rpc2Vhc2VDb3Vyc2VTdGFnZU9mPik=
R	3d0bf2692c959ab66621d2c1ebc0cede5c115bc5a000aa0670ca2b1777e491cc	RnVuY3Rpb25hbE9iamVjdFByb3BlcnR5KDxodHRwOi8vd3d3LmNvLW9kZS5vcmcvb250b2xvZ2llcy9nYWxlbiNpc0Rpc2Vhc2VQcm9jZXNzU3RhZ2VPZj4p
R	a0c1846fadd0d31495cc644c6a68a9311ba123f3213ec008b2795bd21dde4f5b	RnVuY3Rpb25hbE9iamVjdFByb3BlcnR5KDxodHRwOi8vd3d3LmNvLW9kZS5vcmcvb250b2xvZ2llcy9nYWxlbiNpc0Rpc2Vhc2VTZXZlcml0eVN0YWdlT2Y+KQ==
R	358b9f3f54f7fb68c50fc866059aecf17401eabe6f92552bd801e47657b618c7	RnVuY3Rpb25hbE9iamVjdFByb3BlcnR5KDxodHRwOi8vd3d3LmNvLW9kZS5vcmcvb250b2xvZ2llcy9nYWxlbiNpc0Rpc2Vhc2VTdGFnZU9mPik=
R	171192b10a16e410deb90d6134721b867cd76722f5ff4c3d205fca8f24521500	RnVuY3Rpb25hbE9iamVjdFByb3BlcnR5KDxodHRwOi8vd3d3LmNvLW9kZS5vcmcvb250b2xvZ2llcy9nYWxlbiNpc0Rpc3NvbHZlZFdpdGhpbj4p
R	8ca678658da346e5be9cbdc504c81143a9f6d47f18be4fe1fd885c9c9f09323a	RnVuY3Rpb25hbE9iamVjdFByb3BlcnR5KDxodHRwOi8vd3d3LmNvLW9kZS5vcmcvb250b2xvZ2llcy9nYWxlbiNpc0RpdmVyZ2VudFdpdGg+KQ==
R	6df7952ca1bbca6fb505732928480bf97d4c506b41ae6c8b9c27b993dfb743d5	RnVuY3Rpb25hbE9iamVjdFByb3BlcnR5KDxodHRwOi8vd3d3LmNvLW9kZS5vcmcvb250b2xvZ2llcy9nYWxlbiNpc0VuYWN0bWVudE9mPik=
R	0da5e02befd8e7501b5432f34dae204483265f4783444d634f5e896820a19bde	RnVuY3Rpb25hbE9iamVjdFByb3BlcnR5KDxodHRwOi8vd3d3LmNvLW9kZS5vcmcvb250b2xvZ2llcy9nYWxlbiNpc0VuZFBvaW50T2Y+KQ==
R	3f1535ad898e632f0c4cc0b300e28cc4fe41f08b998a645660187d88dc801cdd	RnVuY3Rpb25hbE9iamVjdFByb3BlcnR5KDxodHRwOi8vd3d3LmNvLW9kZS5vcmcvb250b2xvZ2llcy9nYWxlbiNpc0V4aXN0ZW5jZU9mPik=
R	0d88e91c29b436f73bdfa33188297c13e0052328bf93165a2cbbbfffbc549aa7	RnVuY3Rpb25hbE9iamVjdFByb3BlcnR5KDxodHRwOi8vd3d3LmNvLW9kZS5vcmcvb250b2xvZ2llcy9nYWxlbiNpc0V4cGVjdGVkTGV2ZWxTdGF0ZU9mPik=
R	7e94fa2abdba77c7289a754d344f6b7984eadf313c22e7c1925f2879041fccf8	RnVuY3Rpb25hbE9iamVjdFByb3BlcnR5KDxodHRwOi8vd3d3LmNvLW9kZS5vcmcvb250b2xvZ2llcy9nYWxlbiNpc0hpc3RvcnlPZj4p
R	7a34456b389edc65675313779e74e8309a5ccb40882178a677c1744cf05f4a9c	RnVuY3Rpb25hbE9iamVjdFByb3BlcnR5KDxodHRwOi8vd3d3LmNvLW9kZS5vcmcvb250b2xvZ2llcy9nYWxlbiNpc0ltbWVkaWFjeU9mPik=
R	54836092fd2de04e761698b1e4bb8efe8d8642186fdc7a99d6f80326b841185c	RnVuY3Rpb25hbE9iamVjdFByb3BlcnR5KDxodHRwOi8vd3d3LmNvLW9kZS5vcmcvb250b2xvZ2llcy9nYWxlbiNpc0luU3VzcGVuc2lvbldpdGhpbj4p
R	12c4565e49a8171f403c6b24bd397667bf4a82ccbd45d6ca9a65eb7d606a1336	RnVuY3Rpb25hbE9iamVjdFByb3BlcnR5KDxodHRwOi8vd3d3LmNvLW9kZS5vcmcvb250b2xvZ2llcy9nYWxlbiNpc0xpZmVjeWNsZURpc2Vhc2VTdGFnZU9mPik=
R	9020a5ab465101020586a3d1a0d3d813f5bfa7828b7bc24dab742e4ebbcfca17	RnVuY3Rpb25hbE9iamVjdFByb3BlcnR5KDxodHRwOi8vd3d3LmNvLW9kZS5vcmcvb250b2xvZ2llcy9nYWxlbiNpc0xvY2F0aXZlbHlDb250YWluZWRJbj4p
R	dfed7bce8519c7e6da97fb9a6e7ec2f9b49768f60249101ed690934ef961b57b	RnVuY3Rpb25hbE9iamVjdFByb3BlcnR5KDxodHRwOi8vd3d3LmNvLW9kZS5vcmcvb250b2xvZ2llcy9nYWxlbiNpc011bHRpcGxlT2Y+KQ==
R	792fcd8412c6eb77961f9b523003e0be44aca34199fc1d5c0745931af116e00c	RnVuY3Rpb25hbE9iamVjdFByb3BlcnR5KDxodHRwOi8vd3d3LmNvLW9kZS5vcmcvb250b2xvZ2llcy9nYWxlbiNpc09wYWNpdHlPZj4p
R	28e5d0f0f79e86762cf8634a46d573486b90584bb51ed01d01192e165ff0eb9a	RnVuY3Rpb25hbE9iamVjdFByb3BlcnR5KDxodHRwOi8vd3d3LmNvLW9kZS5vcmcvb250b2xvZ2llcy9nYWxlbiNpc1BhaXJlZE9yVW5wYWlyZWQ+KQ==
R	0f5f08bd547a3c3ad5dd48a9f0de037c3e006994c71ae24808b4707fb6f49add	RnVuY3Rpb25hbE9iamVjdFByb3BlcnR5KDxodHRwOi8vd3d3LmNvLW9kZS5vcmcvb250b2xvZ2llcy9nYWxlbiNpc1ByZXNlbmNlQWJzZW5jZU9mPik=
R	cddba0bf3e98a045b9d779166c5de2f79ef2f89fa586f3d061586449da1ab2f6	RnVuY3Rpb25hbE9iamVjdFByb3BlcnR5KDxodHRwOi8vd3d3LmNvLW9kZS5vcmcvb250b2xvZ2llcy9nYWxlbiNpc1F1YW50aXR5T2Y+KQ==
R	fa2a1c5a4b0b0bc312f0f7a4ca409738af9bb71075b53f88704274d8b5d9e4c6	RnVuY3Rpb25hbE9iamVjdFByb3BlcnR5KDxodHRwOi8vd3d3LmNvLW9kZS5vcmcvb250b2xvZ2llcy9nYWxlbiNpc1JlbGF0aW9uc2hpcFRvV2hvbGU+KQ==
R	4ca80ebfef88d5e051c5db147a99914d728977bac47a5fa968b6b36b5b27fd02	RnVuY3Rpb25hbE9iamVjdFByb3BlcnR5KDxodHRwOi8vd3d3LmNvLW9kZS5vcmcvb250b2xvZ2llcy9nYWxlbiNpc1JlbGF0aXZlTGV2ZWxTdGF0ZU9mPik=
R	d139fedbb15d52cfe566c1d3aa31056fc53a2440160ca11f3da1188fec449893	RnVuY3Rpb25hbE9iamVjdFByb3BlcnR5KDxodHRwOi8vd3d3LmNvLW9kZS5vcmcvb250b2xvZ2llcy9nYWxlbiNpc1NlbnNpdGl2aXR5T2Y+KQ==
R	12bb57a64337070ca5ae4567a0fc8f34f742ff1d166e5713758253a17389484e	RnVuY3Rpb25hbE9iamVjdFByb3BlcnR5KDxodHRwOi8vd3d3LmNvLW9kZS5vcmcvb250b2xvZ2llcy9nYWxlbiNpc1NwZWNpZmljRnVuY3Rpb25PZj4p
R	88fd12f68c8b4f6dfa243cdcbc39e175701502547d99f4ad15b7cbf35d5b9c8d	RnVuY3Rpb25hbE9iamVjdFByb3BlcnR5KDxodHRwOi8vd3d3LmNvLW9kZS5vcmcvb250b2xvZ2llcy9nYWxlbiNpc1NwZWNpZmljRnVuY3Rpb25hbENvbXBvbmVudE9mPik=
R	fd61453c1ca518c8692ae7d8832dce82f77262ef01438b10ccf56563119e88bc	RnVuY3Rpb25hbE9iamVjdFByb3BlcnR5KDxodHRwOi8vd3d3LmNvLW9kZS5vcmcvb250b2xvZ2llcy9nYWxlbiNpc1NwZWNpZmljSW1tZWRpYXRlQ29tcGxpY2F0aW9uT2Y+KQ==
R	f5c968ef1436fc4e52b5bd8e4c60ad4c7c543344aefcc256547a8df5b50918d4	RnVuY3Rpb25hbE9iamVjdFByb3BlcnR5KDxodHRwOi8vd3d3LmNvLW9kZS5vcmcvb250b2xvZ2llcy9nYWxlbiNpc1NwZWNpZmljTGF0ZUNvbXBsaWNhdGlvbk9mPik=
R	fedf222d235af12102a9b3986daba92eb0eb281b90b762363da86ca774e20678	RnVuY3Rpb25hbE9iamVjdFByb3BlcnR5KDxodHRwOi8vd3d3LmNvLW9kZS5vcmcvb250b2xvZ2llcy9nYWxlbiNpc1NwZWNpZmljTGF5ZXJPZj4p
R	6311b6ab9ce2c7a7b8986b72a0e235b5165a438a8822688b3a9349ba0f16aeca	RnVuY3Rpb25hbE9iamVjdFByb3BlcnR5KDxodHRwOi8vd3d3LmNvLW9kZS5vcmcvb250b2xvZ2llcy9nYWxlbiNpc1NwZWNpZmljTGluZWFyRGl2aXNpb25PZj4p
R	d8efdf0668840580bc2818e76d817ed3614a66f6a5c0162d4851a334f8c3e2be	RnVuY3Rpb25hbE9iamVjdFByb3BlcnR5KDxodHRwOi8vd3d3LmNvLW9kZS5vcmcvb250b2xvZ2llcy9nYWxlbiNpc1NwZWNpZmljU29saWREaXZpc2lvbk9mPik=
R	c6833b6f9e95ccf4a2a1844a0be2ef27399bc25c4e28d0969b334c3a03a6df99	RnVuY3Rpb25hbE9iamVjdFByb3BlcnR5KDxodHRwOi8vd3d3LmNvLW9kZS5vcmcvb250b2xvZ2llcy9nYWxlbiNpc1NwZWNpZmljU3RydWN0dXJhbENvbXBvbmVudE9mPik=
R	de7acf47d70829d2fcb8676179ae5abaa29b9a410c42f0f0502201e742fce99d	RnVuY3Rpb25hbE9iamVjdFByb3BlcnR5KDxodHRwOi8vd3d3LmNvLW9kZS5vcmcvb250b2xvZ2llcy9nYWxlbiNpc1NwZWNpZmljU3VicHJvY2Vzc09mPik=
R	6651310e7460aec82a78a56511177c39f5443d06fedd2c82f86efb432b8c8af5	RnVuY3Rpb25hbE9iamVjdFByb3BlcnR5KDxodHRwOi8vd3d3LmNvLW9kZS5vcmcvb250b2xvZ2llcy9nYWxlbiNpc1NwZWNpZmljU3VyZmFjZURpdmlzaW9uT2Y+KQ==
R	721fb9ba1ab1204edac22323272813d1b3434efb513bf3f84ea697628a2e58cc	RnVuY3Rpb25hbE9iamVjdFByb3BlcnR5KDxodHRwOi8vd3d3LmNvLW9kZS5vcmcvb250b2xvZ2llcy9nYWxlbiNpc1NwZWNpZmljYWxseUFzc29jaWF0ZWRXaXRoPik=
R	d30d249eba6b013776cd8590f598020752a1767a8cd938c871e1feed42925c73	RnVuY3Rpb25hbE9iamVjdFByb3BlcnR5KDxodHRwOi8vd3d3LmNvLW9kZS5vcmcvb250b2xvZ2llcy9nYWxlbiNpc1NwZWNpZmljYWxseUZvbGxvd2VkQnk+KQ==
R	9319f456aa45de2c949ee38a0ffa4881e1ada4a5a8876e8f1d25cd753ee03374	RnVuY3Rpb25hbE9iamVjdFByb3BlcnR5KDxodHRwOi8vd3d3LmNvLW9kZS5vcmcvb250b2xvZ2llcy9nYWxlbiNpc1NwZWNpZmljYWxseU5vblBhcnRpdGl2ZWx5Q29udGFpbmVkSW4+KQ==
R	c7db1289f6c5c8a1a9e0f4a5cd32c25bc888ab226055511c8b717ee79c7934ae	RnVuY3Rpb25hbE9iamVjdFByb3BlcnR5KDxodHRwOi8vd3d3LmNvLW9kZS5vcmcvb250b2xvZ2llcy9nYWxlbiNpc1NwZWNpZmljYWxseVBhcnRpdGl2ZWx5Q29udGFpbmVkSW4+KQ==
R	dc48f1d0efb40e9858f4cde47a9cadf3da91dd21e9849443958e5240f067b21d	RnVuY3Rpb25hbE9iamVjdFByb3BlcnR5KDxodHRwOi8vd3d3LmNvLW9kZS5vcmcvb250b2xvZ2llcy9nYWxlbiNpc1NwZWNpZmljYWxseVRvRGV0ZXJtaW5lPik=
R	c3c46b66f6e69701b97452124090a210ad8c5a31903d47a76b236bd74daf56e4	RnVuY3Rpb25hbE9iamVjdFByb3BlcnR5KDxodHRwOi8vd3d3LmNvLW9kZS5vcmcvb250b2xvZ2llcy9nYWxlbiNpc1N0YXJ0UG9pbnRPZj4p
R	a2e2ffd0eb4a85146b1047cca0a29fb3c58a88428a52699d75e99d25e4a1bce1	RnVuY3Rpb25hbE9iamVjdFByb3BlcnR5KDxodHRwOi8vd3d3LmNvLW9kZS5vcmcvb250b2xvZ2llcy9nYWxlbiNpc1N0YXRlT2Y+KQ==
R	29ba8be0d9bbf68a53deae5414b6abf4f493b2ac80000353d018223dc3a35727	RnVuY3Rpb25hbE9iamVjdFByb3BlcnR5KDxodHRwOi8vd3d3LmNvLW9kZS5vcmcvb250b2xvZ2llcy9nYWxlbiNpc1N5bmNocm9uaWNpdHlPZj4p
R	788c6cad0db6ea86403ac2a8e7ee3d3e3321a0000ec3ae7587ba5a7fbcb57aef	RnVuY3Rpb25hbE9iamVjdFByb3BlcnR5KDxodHRwOi8vd3d3LmNvLW9kZS5vcmcvb250b2xvZ2llcy9nYWxlbiNpc1N5c3RlbURlZmluZWRCeT4p
R	44960c50a3be367631595af12bfa199831bb0ee73991ea498ead2507fc18d2b5	RnVuY3Rpb25hbE9iamVjdFByb3BlcnR5KDxodHRwOi8vd3d3LmNvLW9kZS5vcmcvb250b2xvZ2llcy9nYWxlbiNpc1RlbXBlcmF0dXJlT2Y+KQ==
R	9fc8a26c229bdff8745f78e718603dbb41da83fc8397da278a86b8abe1bd9ab6	RnVuY3Rpb25hbE9iamVjdFByb3BlcnR5KDxodHRwOi8vd3d3LmNvLW9kZS5vcmcvb250b2xvZ2llcy9nYWxlbiNpc1RpbWluZ0FwcHJvcHJpYXRlbmVzc09mPik=
R	06665c9d5ebaf75e1263d29cc028ed292361d5e645622da607cc3ffc26556fd5	RnVuY3Rpb25hbE9iamVjdFByb3BlcnR5KDxodHRwOi8vd3d3LmNvLW9kZS5vcmcvb250b2xvZ2llcy9nYWxlbiNpc1RyZW5kSW5TdGF0ZU9mPik=
R	513df7396044a45600c20dc2f627f2b47aaa5c2f5a369ee5d0328d6b6d2455aa	RnVuY3Rpb25hbE9iamVjdFByb3BlcnR5KDxodHRwOi8vd3d3LmNvLW9kZS5vcmcvb250b2xvZ2llcy9nYWxlbiNpc1VuaXF1ZUFzc29jaWF0ZWREaXNwbGFjZW1lbnRPZj4p
R	990089e06c9f318e4e5fb2256b228dbec847355163e8927b116f524424ed51cf	RnVuY3Rpb25hbE9iamVjdFByb3BlcnR5KDxodHRwOi8vd3d3LmNvLW9kZS5vcmcvb250b2xvZ2llcy9nYWxlbiNpc1VuaXF1ZUltbWVkaWF0ZUNvbnNlcXVlbmNlT2Y+KQ==
R	0d8f74b6906638c978dfb23a63da9045d568a00db00bb1c1fa58217199f919f8	RnVuY3Rpb25hbE9iamVjdFByb3BlcnR5KDxodHRwOi8vd3d3LmNvLW9kZS5vcmcvb250b2xvZ2llcy9nYWxlbiNpc1VuaXF1ZUxhdGVDb25zZXF1ZW5jZU9mPik=
R	864e513fa4669b73c5c0991bb3b6b3dd72ee48a7df797a24e87211d453f936ac	RnVuY3Rpb25hbE9iamVjdFByb3BlcnR5KDxodHRwOi8vd3d3LmNvLW9kZS5vcmcvb250b2xvZ2llcy9nYWxlbiNpc1VuaXF1ZVN1YnByb2Nlc3NPZj4p
R	4396609ed5b86f3b39fe675c1e5eae73bf37e3846af4bf228bd99b079c6a97ff	RnVuY3Rpb25hbE9iamVjdFByb3BlcnR5KDxodHRwOi8vd3d3LmNvLW9kZS5vcmcvb250b2xvZ2llcy9nYWxlbiNzcGVjaWZpY2FsbHlGb2xsb3dzPik=
R	8feb42565a1de817eca1febd386b190d848ab11d72f3f3377aee63351237ca33	RnVuY3Rpb25hbE9iamVjdFByb3BlcnR5KDxodHRwOi8vd3d3LmNvLW9kZS5vcmcvb250b2xvZ2llcy9nYWxlbiNzcGVjaWZpY2FsbHlNYWtlc1VwPik=
R	95bb5e223a071eed764f82de0d90dd6224c0619d27f7621e21b08d227e765b1b	RnVuY3Rpb25hbE9iamVjdFByb3BlcnR5KDxodHRwOi8vd3d3LmNvLW9kZS5vcmcvb250b2xvZ2llcy9nYWxlbiNzcGVjaWZpY2FsbHlTZXJ2ZXM+KQ==
R	37e4c5255c381e8a8a5bed27ad9debc851e7478a0aa878d7ad9e38c077d1dfee	RnVuY3Rpb25hbE9iamVjdFByb3BlcnR5KDxodHRwOi8vd3d3LmNvLW9kZS5vcmcvb250b2xvZ2llcy9nYWxlbiNzcGVjaWZpY2FsbHlUcmlnZ2Vycz4p
R	9571171305a1bc9479a2d146723632c55cf77858b3a982908dff4b43f4366fd6	SW52ZXJzZUZ1bmN0aW9uYWxPYmplY3RQcm9wZXJ0eSg8aHR0cDovL3d3dy5jby1vZGUub3JnL29udG9sb2dpZXMvZ2FsZW4jSW52ZXJzZU9yZ2FuaXNtU2VsZWN0b3JBdHRyaWJ1dGU+KQ==
R	a2a443779df88d297acb04376196a3227862a439383cff49809efe8559cb5500	SW52ZXJzZUZ1bmN0aW9uYWxPYmplY3RQcm9wZXJ0eSg8aHR0cDovL3d3dy5jby1vZGUub3JnL29udG9sb2dpZXMvZ2FsZW4jSW52ZXJzZVN0YXR1c0F0dHJpYnV0ZT4p
R	74aa40e0221292f51e6934a59f2ad1289419a914824f78f498049208e53f05a7	SW52ZXJzZUZ1bmN0aW9uYWxPYmplY3RQcm9wZXJ0eSg8aHR0cDovL3d3dy5jby1vZGUub3JnL29udG9sb2dpZXMvZ2FsZW4jSW52ZXJzZVRlbXBvcmFsQXR0cmlidXRlPik=
R	3685fd3ff49cc8540041156f8f14f9faa3f4b065718540841f087d79cc4bbd1f	SW52ZXJzZUZ1bmN0aW9uYWxPYmplY3RQcm9wZXJ0eSg8aHR0cDovL3d3dy5jby1vZGUub3JnL29udG9sb2dpZXMvZ2FsZW4jT3JkaW5hbFBvc2l0aW9uT2Y+KQ==
R	3ee21b7db825a70c953bfb5aa4488788eb87845f8d2f82a7358984efaeae723a	SW52ZXJzZUZ1bmN0aW9uYWxPYmplY3RQcm9wZXJ0eSg8aHR0cDovL3d3dy5jby1vZGUub3JnL29udG9sb2dpZXMvZ2FsZW4jZGVmaW5lc1N5c3RlbT4p
R	5c74f33b2adfb3e63c577a58dd705933658c69b3367096ebc05fd6c562ad54df	SW52ZXJzZUZ1bmN0aW9uYWxPYmplY3RQcm9wZXJ0eSg8aHR0cDovL3d3dy5jby1vZGUub3JnL29udG9sb2dpZXMvZ2FsZW4jaGFzQWJzb2x1dGVTdGF0ZT4p
R	8c2d69d7bd92be77008b63a495b93696fcc5d61c3cf6fee9a3a3e94ec10597b8	SW52ZXJzZUZ1bmN0aW9uYWxPYmplY3RQcm9wZXJ0eSg8aHR0cDovL3d3dy5jby1vZGUub3JnL29udG9sb2dpZXMvZ2FsZW4jaGFzQXJiaXRyYXJ5RGlzZWFzZVN0YWdlPik=
R	9438cfb45a40f1ec4788118782c5eca3c6812f1ab8a2eb0c6697bb083554cd53	SW52ZXJzZUZ1bmN0aW9uYWxPYmplY3RQcm9wZXJ0eSg8aHR0cDovL3d3dy5jby1vZGUub3JnL29udG9sb2dpZXMvZ2FsZW4jaGFzQnJhbmNoPik=
R	054e13de02f262396fa50f1921d9c07c7bb23290419e8dcd62376abf137e7660	SW52ZXJzZUZ1bmN0aW9uYWxPYmplY3RQcm9wZXJ0eSg8aHR0cDovL3d3dy5jby1vZGUub3JnL29udG9sb2dpZXMvZ2FsZW4jaGFzQ2hhbmdlSW5TdGF0ZT4p
R	182f4ccec10432493385d1ff5124c176e2aa6e379f678b21321baf35609cb727	SW52ZXJzZUZ1bmN0aW9uYWxPYmplY3RQcm9wZXJ0eSg8aHR0cDovL3d3dy5jby1vZGUub3JnL29udG9sb2dpZXMvZ2FsZW4jaGFzQ2xpbmljYWxWaXNpYmlsaXR5Pik=
R	98dea18dcc5b7ecad3174a37561805bbf95a972236eb78f3ff82e64c8a048fd2	SW52ZXJzZUZ1bmN0aW9uYWxPYmplY3RQcm9wZXJ0eSg8aHR0cDovL3d3dy5jby1vZGUub3JnL29udG9sb2dpZXMvZ2FsZW4jaGFzQ29udmVyZ2VuY2VXaXRoPik=
R	645f49f273d8e7276664b403329aa9b620d83ce6877b22e999d07eafcac7506d	SW52ZXJzZUZ1bmN0aW9uYWxPYmplY3RQcm9wZXJ0eSg8aHR0cDovL3d3dy5jby1vZGUub3JnL29udG9sb2dpZXMvZ2FsZW4jaGFzRGF0ZT4p
R	4adb50220f7db27ee37e16eb05bb07d504195af3b8ff816a36c713a8ce7db457	SW52ZXJzZUZ1bmN0aW9uYWxPYmplY3RQcm9wZXJ0eSg8aHR0cDovL3d3dy5jby1vZGUub3JnL29udG9sb2dpZXMvZ2FsZW4jaGFzRGlzZWFzZUNvdXJzZVN0YWdlPik=
R	60ed576d030cd951f0ed32c36ddbffbaf1d7508266f4d9d77faa055ceeb20630	SW52ZXJzZUZ1bmN0aW9uYWxPYmplY3RQcm9wZXJ0eSg8aHR0cDovL3d3dy5jby1vZGUub3JnL29udG9sb2dpZXMvZ2FsZW4jaGFzRGlzZWFzZVByb2Nlc3NTdGFnZT4p
R	959d6f0ef959c92d568f06d2d70ddc8af97ac3131d7c6012e8ecee8ee7c653e8	SW52ZXJzZUZ1bmN0aW9uYWxPYmplY3RQcm9wZXJ0eSg8aHR0cDovL3d3dy5jby1vZGUub3JnL29udG9sb2dpZXMvZ2FsZW4jaGFzRGlzZWFzZVNldmVyaXR5U3RhZ2U+KQ==
R	d40bd77f26bb5705ca358ffd8b8f4af51ecf924cabe9d766205af4a30703fa9d	SW52ZXJzZUZ1bmN0aW9uYWxPYmplY3RQcm9wZXJ0eSg8aHR0cDovL3d3dy5jby1vZGUub3JnL29udG9sb2dpZXMvZ2FsZW4jaGFzRGlzZWFzZVN0YWdlPik=
R	fc3e971ae2d56f4becf2e84cdbc779ae718ccb3efae9fe033a50d8ea958f47f6	SW52ZXJzZUZ1bmN0aW9uYWxPYmplY3RQcm9wZXJ0eSg8aHR0cDovL3d3dy5jby1vZGUub3JnL29udG9sb2dpZXMvZ2FsZW4jaGFzRGlzc29sdmVkV2l0aGluPik=
R	6bce35a1a6671eb7e9366f61ae9fad7a315ce19c4cdf583ac5dd0a87bda20aa6	SW52ZXJzZUZ1bmN0aW9uYWxPYmplY3RQcm9wZXJ0eSg8aHR0cDovL3d3dy5jby1vZGUub3JnL29udG9sb2dpZXMvZ2FsZW4jaGFzRGl2ZXJnZW5jZVdpdGg+KQ==
R	70cf99923bf45661ce64e7790403eff7981be8845cd9ba6e23061247b8c38f90	SW52ZXJzZUZ1bmN0aW9uYWxPYmplY3RQcm9wZXJ0eSg8aHR0cDovL3d3dy5jby1vZGUub3JnL29udG9sb2dpZXMvZ2FsZW4jaGFzRW1wbG95ZWU+KQ==
R	fa6246f67abe4b227165958b7c6aaaa99e499c6c274e4c1036ae3afdfe5a44b5	SW52ZXJzZUZ1bmN0aW9uYWxPYmplY3RQcm9wZXJ0eSg8aHR0cDovL3d3dy5jby1vZGUub3JnL29udG9sb2dpZXMvZ2FsZW4jaGFzRW5hY3RtZW50Pik=
R	a39a4a6f7925de0067d643813a033396c11ecd472107ea9c90e15f6904276d74	SW52ZXJzZUZ1bmN0aW9uYWxPYmplY3RQcm9wZXJ0eSg8aHR0cDovL3d3dy5jby1vZGUub3JnL29udG9sb2dpZXMvZ2FsZW4jaGFzRW5kUG9pbnQ+KQ==
R	43578ca3404737884605c64ebccf61a9d26ea25a29775c8cb620b6fdee1b7e1f	SW52ZXJzZUZ1bmN0aW9uYWxPYmplY3RQcm9wZXJ0eSg8aHR0cDovL3d3dy5jby1vZGUub3JnL29udG9sb2dpZXMvZ2FsZW4jaGFzRXhpc3RlbmNlPik=
R	5b6d22df229b7036de91b5be99a506921877e1a46c8b7bc609604cc110c40671	SW52ZXJzZUZ1bmN0aW9uYWxPYmplY3RQcm9wZXJ0eSg8aHR0cDovL3d3dy5jby1vZGUub3JnL29udG9sb2dpZXMvZ2FsZW4jaGFzRXhwZWN0ZWRMZXZlbFN0YXRlPik=
R	f8ccacda0293fb93d1ad059a55c297ef2b9f9dd6902f2cbf3d353c7f31988f25	SW52ZXJzZUZ1bmN0aW9uYWxPYmplY3RQcm9wZXJ0eSg8aHR0cDovL3d3dy5jby1vZGUub3JnL29udG9sb2dpZXMvZ2FsZW4jaGFzSGlzdG9yeT4p
R	2733519ec4535f94f0c67de2942c567c1a6d7c6c061a9c5914db92522f96de7c	SW52ZXJzZUZ1bmN0aW9uYWxPYmplY3RQcm9wZXJ0eSg8aHR0cDovL3d3dy5jby1vZGUub3JnL29udG9sb2dpZXMvZ2FsZW4jaGFzSW1tZWRpYWN5Pik=
R	4bcad6c03a86eb3ead2536144ffbf5d428ae1f91e29435a6236349baf939799c	SW52ZXJzZUZ1bmN0aW9uYWxPYmplY3RQcm9wZXJ0eSg8aHR0cDovL3d3dy5jby1vZGUub3JnL29udG9sb2dpZXMvZ2FsZW4jaGFzSW5TdXNwZW5zaW9uV2l0aGluPik=
R	634c740ab515c809ae70086e58c0ba39ff91c0347cb0417cafd03102188eec6a	SW52ZXJzZUZ1bmN0aW9uYWxPYmplY3RQcm9wZXJ0eSg8aHR0cDovL3d3dy5jby1vZGUub3JnL29udG9sb2dpZXMvZ2FsZW4jaGFzTGlmZWN5Y2xlRGlzZWFzZVN0YWdlPik=
R	201e53e9e68e812b8b075f5fc29f15397dacc4c985b9866d368a5568e2a22351	SW52ZXJzZUZ1bmN0aW9uYWxPYmplY3RQcm9wZXJ0eSg8aHR0cDovL3d3dy5jby1vZGUub3JnL29udG9sb2dpZXMvZ2FsZW4jaGFzTXVsdGlwbGljaXR5Pik=
R	ea101979cd90322d7f5484f9ba2874eebac75c66e7eff1f692ab439f52fc079a	SW52ZXJzZUZ1bmN0aW9uYWxPYmplY3RQcm9wZXJ0eSg8aHR0cDovL3d3dy5jby1vZGUub3JnL29udG9sb2dpZXMvZ2FsZW4jaGFzT3BhY2l0eT4p
R	e1ce3f930bfc80a84a273c77b3dd8266e97d5d81f4835abc95a85878c734710d	SW52ZXJzZUZ1bmN0aW9uYWxPYmplY3RQcm9wZXJ0eSg8aHR0cDovL3d3dy5jby1vZGUub3JnL29udG9sb2dpZXMvZ2FsZW4jaGFzUHJlc2VuY2VBYnNlbmNlPik=
R	2ef44e384c2fd44346b6c1073c53bc4373f347672e52de1f0603f3c6063d23c6	SW52ZXJzZUZ1bmN0aW9uYWxPYmplY3RQcm9wZXJ0eSg8aHR0cDovL3d3dy5jby1vZGUub3JnL29udG9sb2dpZXMvZ2FsZW4jaGFzUXVhbnRpdHk+KQ==
R	919a43ba831da0a82e4be227a90d6de1273d89e70cb96ed9c7b2afa0e049e9ad	SW52ZXJzZUZ1bmN0aW9uYWxPYmplY3RQcm9wZXJ0eSg8aHR0cDovL3d3dy5jby1vZGUub3JnL29udG9sb2dpZXMvZ2FsZW4jaGFzUmVsYXRpb25zaGlwVG9XaG9sZT4p
R	24ca560544a5119c879da3825fdfa1f12b9a93e0e46fe295197663e45fd5456f	SW52ZXJzZUZ1bmN0aW9uYWxPYmplY3RQcm9wZXJ0eSg8aHR0cDovL3d3dy5jby1vZGUub3JnL29udG9sb2dpZXMvZ2FsZW4jaGFzUmVsYXRpdmVMZXZlbFN0YXRlPik=
R	df2d5d84996ffd5eb7d6da42883309761ec746ba50c5ced42425ea502c56f0d2	SW52ZXJzZUZ1bmN0aW9uYWxPYmplY3RQcm9wZXJ0eSg8aHR0cDovL3d3dy5jby1vZGUub3JnL29udG9sb2dpZXMvZ2FsZW4jaGFzU2Vuc2l0aXZpdHk+KQ==
R	a56b191ec1087cd051aec2f040c0abf2902a96cc507ab88448e0adfc6966dfb6	SW52ZXJzZUZ1bmN0aW9uYWxPYmplY3RQcm9wZXJ0eSg8aHR0cDovL3d3dy5jby1vZGUub3JnL29udG9sb2dpZXMvZ2FsZW4jaGFzU3BlY2lmaWNBc3NvY2lhdGlvbj4p
R	144f114d1dc27311610c3ab5dd4424965bb411a2c40cc6e08a5a7eeb97751f52	SW52ZXJzZUZ1bmN0aW9uYWxPYmplY3RQcm9wZXJ0eSg8aHR0cDovL3d3dy5jby1vZGUub3JnL29udG9sb2dpZXMvZ2FsZW4jaGFzU3BlY2lmaWNGdW5jdGlvbj4p
R	d8e62ef202d63030e41a43eaa414811f322fb79955350ca8327971e779088d60	SW52ZXJzZUZ1bmN0aW9uYWxPYmplY3RQcm9wZXJ0eSg8aHR0cDovL3d3dy5jby1vZGUub3JnL29udG9sb2dpZXMvZ2FsZW4jaGFzU3BlY2lmaWNGdW5jdGlvbmFsQ29tcG9uZW50Pik=
R	fcc821f69ca7f8c07dc6fcbbcd55ea335ea62597a0e009ebec4c7446e698ed44	SW52ZXJzZUZ1bmN0aW9uYWxPYmplY3RQcm9wZXJ0eSg8aHR0cDovL3d3dy5jby1vZGUub3JnL29udG9sb2dpZXMvZ2FsZW4jaGFzU3BlY2lmaWNJbW1lZGlhdGVDb21wbGljYXRpb24+KQ==
R	d22d111e1876b884bf8d3be813f8b965aa23ce1277c1b3b222f3a651a827109c	SW52ZXJzZUZ1bmN0aW9uYWxPYmplY3RQcm9wZXJ0eSg8aHR0cDovL3d3dy5jby1vZGUub3JnL29udG9sb2dpZXMvZ2FsZW4jaGFzU3BlY2lmaWNMYXRlQ29tcGxpY2F0aW9uPik=
R	693d5c241ddcda7380f1b7c93f39c2aaf978969fe794c61a6f460097dbfff047	SW52ZXJzZUZ1bmN0aW9uYWxPYmplY3RQcm9wZXJ0eSg8aHR0cDovL3d3dy5jby1vZGUub3JnL29udG9sb2dpZXMvZ2FsZW4jaGFzU3BlY2lmaWNMYXllcj4p
R	9e277698c05bee5808346449a52b633a5deacf477892a18b758d9f80027b524d	SW52ZXJzZUZ1bmN0aW9uYWxPYmplY3RQcm9wZXJ0eSg8aHR0cDovL3d3dy5jby1vZGUub3JnL29udG9sb2dpZXMvZ2FsZW4jaGFzU3BlY2lmaWNMaW5lYXJEaXZpc2lvbj4p
R	8d2bc55dabda4461bc61287950ee7ab91c663d8bc7d05f067ffc2b07c24fc422	SW52ZXJzZUZ1bmN0aW9uYWxPYmplY3RQcm9wZXJ0eSg8aHR0cDovL3d3dy5jby1vZGUub3JnL29udG9sb2dpZXMvZ2FsZW4jaGFzU3BlY2lmaWNTb2xpZERpdmlzaW9uPik=
R	893fbc3cd8390abbbfbd933b42c2670ef76776613282c9cabe5207e23d42797f	SW52ZXJzZUZ1bmN0aW9uYWxPYmplY3RQcm9wZXJ0eSg8aHR0cDovL3d3dy5jby1vZGUub3JnL29udG9sb2dpZXMvZ2FsZW4jaGFzU3BlY2lmaWNTdHJ1Y3R1cmFsQ29tcG9uZW50Pik=
R	2cd387fe6192e9ae1596682293a1f9baca166152b453ea9ef109d430e76085c6	SW52ZXJzZUZ1bmN0aW9uYWxPYmplY3RQcm9wZXJ0eSg8aHR0cDovL3d3dy5jby1vZGUub3JnL29udG9sb2dpZXMvZ2FsZW4jaGFzU3BlY2lmaWNTdWJwcm9jZXNzPik=
R	607da9575d7528b14f4570bd97f414391ff5a496e494f9f1f59da2a34ff2f716	SW52ZXJzZUZ1bmN0aW9uYWxPYmplY3RQcm9wZXJ0eSg8aHR0cDovL3d3dy5jby1vZGUub3JnL29udG9sb2dpZXMvZ2FsZW4jaGFzU3BlY2lmaWNTdXJmYWNlRGl2aXNpb24+KQ==
R	80493847128faa376a173149f83b7fc12ae648f7d525b331307a2e9d31ce18ce	SW52ZXJzZUZ1bmN0aW9uYWxPYmplY3RQcm9wZXJ0eSg8aHR0cDovL3d3dy5jby1vZGUub3JnL29udG9sb2dpZXMvZ2FsZW4jaGFzU3RhcnRQb2ludD4p
R	b0191957b3e6506bf43bdbdba6758ea68a5ca569cc3635bcc56f1ebe54850b7b	SW52ZXJzZUZ1bmN0aW9uYWxPYmplY3RQcm9wZXJ0eSg8aHR0cDovL3d3dy5jby1vZGUub3JnL29udG9sb2dpZXMvZ2FsZW4jaGFzU3RhdGU+KQ==
R	4f6f4b419f71cfb8a9e2d09816c20fdfc0a8d11f38ad858fe9a898ab46573e85	SW52ZXJzZUZ1bmN0aW9uYWxPYmplY3RQcm9wZXJ0eSg8aHR0cDovL3d3dy5jby1vZGUub3JnL29udG9sb2dpZXMvZ2FsZW4jaGFzU3luY2hyb25pY2l0eT4p
R	623a9f109920f0b75e31a407ed46d81233416ddd72cfa72c54197814cb327155	SW52ZXJzZUZ1bmN0aW9uYWxPYmplY3RQcm9wZXJ0eSg8aHR0cDovL3d3dy5jby1vZGUub3JnL29udG9sb2dpZXMvZ2FsZW4jaGFzVGVtcGVyYXR1cmU+KQ==
R	308cf4d91064ac660037c0b8075a339561477dbb30e4d892d28d0347078433ca	SW52ZXJzZUZ1bmN0aW9uYWxPYmplY3RQcm9wZXJ0eSg8aHR0cDovL3d3dy5jby1vZGUub3JnL29udG9sb2dpZXMvZ2FsZW4jaGFzVGltaW5nQXBwcm9wcmlhdGVuZXNzPik=
R	2a9c7e87f19bfdc587615bd33b3c3a9468cbc7ae1cfbc939bb7fdf991932f6f0	SW52ZXJzZUZ1bmN0aW9uYWxPYmplY3RQcm9wZXJ0eSg8aHR0cDovL3d3dy5jby1vZGUub3JnL29udG9sb2dpZXMvZ2FsZW4jaGFzVHJlbmRJblN0YXRlPik=
R	9e6d7b231eba8096bbf90e6d09b3e3ff12b78cb6d472e2a8c37928b02d5d752a	SW52ZXJzZUZ1bmN0aW9uYWxPYmplY3RQcm9wZXJ0eSg8aHR0cDovL3d3dy5jby1vZGUub3JnL29udG9sb2dpZXMvZ2FsZW4jaGFzVW5pcXVlQXNzb2NpYXRlZERpc3BsYWNlbWVudD4p
R	7c2ff72d66507f2fb5ebf8e151a0e87f94c5a99022b997890204d4be41179c3b	SW52ZXJzZUZ1bmN0aW9uYWxPYmplY3RQcm9wZXJ0eSg8aHR0cDovL3d3dy5jby1vZGUub3JnL29udG9sb2dpZXMvZ2FsZW4jaGFzVW5pcXVlQXNzb2NpYXRlZFByb2Nlc3M+KQ==
R	507e0b9ec85fcf3fa40ac803edb63b8e56921ae3ac45f0425224f42ae240c764	SW52ZXJzZUZ1bmN0aW9uYWxPYmplY3RQcm9wZXJ0eSg8aHR0cDovL3d3dy5jby1vZGUub3JnL29udG9sb2dpZXMvZ2FsZW4jaGFzVW5pcXVlQXNzb2NpYXRlZFN0cnVjdHVyZT4p
R	f6dbbde6a1fe1dc97ccab2f9875415129deceacbdb76237e4b621376dc26cb5a	SW52ZXJzZUZ1bmN0aW9uYWxPYmplY3RQcm9wZXJ0eSg8aHR0cDovL3d3dy5jby1vZGUub3JnL29udG9sb2dpZXMvZ2FsZW4jaGFzVW5pcXVlSW1tZWRpYXRlQ29uc2VxdWVuY2U+KQ==
R	de9360ee5fc7fa34293425a6ec791315a1627ee40242995f9f5b931ff4ccb064	SW52ZXJzZUZ1bmN0aW9uYWxPYmplY3RQcm9wZXJ0eSg8aHR0cDovL3d3dy5jby1vZGUub3JnL29udG9sb2dpZXMvZ2FsZW4jaGFzVW5pcXVlTGF0ZUNvbnNlcXVlbmNlPik=
R	9a211af84e4ecc9c4cc2bbce8428eca73b2da252e3d9203ab581df0d3d671e12	SW52ZXJzZUZ1bmN0aW9uYWxPYmplY3RQcm9wZXJ0eSg8aHR0cDovL3d3dy5jby1vZGUub3JnL29udG9sb2dpZXMvZ2FsZW4jaGFzVW5pcXVlU3VicHJvY2Vzcz4p
R	86ef75c64177df8ea72413eeef4fc6d4da1a2624467cb06b00629b83ec35b5d2	SW52ZXJzZUZ1bmN0aW9uYWxPYmplY3RQcm9wZXJ0eSg8aHR0cDovL3d3dy5jby1vZGUub3JnL29udG9sb2dpZXMvZ2FsZW4jaXNBYm5vcm1hbGl0eVN0YXR1c09mPik=
R	ed1a8bbe38dd15a7524c203477afcd99ddf1c2093ef471bd645e1ae65f60e78d	SW52ZXJzZUZ1bmN0aW9uYWxPYmplY3RQcm9wZXJ0eSg8aHR0cDovL3d3dy5jby1vZGUub3JnL29udG9sb2dpZXMvZ2FsZW4jaXNBYnNvbHV0ZVN0YXRlT2Y+KQ==
R	b16de73adc03c6d720505a850949b6215d0e57f37744cc4c4397913ce86463b5	SW52ZXJzZUZ1bmN0aW9uYWxPYmplY3RQcm9wZXJ0eSg8aHR0cDovL3d3dy5jby1vZGUub3JnL29udG9sb2dpZXMvZ2FsZW4jaXNBYnNvcmJhbmNlT2Y+KQ==
R	3ef5e9bbc3836b66b0b7d74aa0effbf74f87fb6b8199d2d49d07b3d74307e80d	SW52ZXJzZUZ1bmN0aW9uYWxPYmplY3RQcm9wZXJ0eSg8aHR0cDovL3d3dy5jby1vZGUub3JnL29udG9sb2dpZXMvZ2FsZW4jaXNBY2NlbGVyYXRpb25PZj4p
R	d535fda0b05334ac5e55e1c4539c245a5b8909c3373f718a218c32f21328cd21	SW52ZXJzZUZ1bmN0aW9uYWxPYmplY3RQcm9wZXJ0eSg8aHR0cDovL3d3dy5jby1vZGUub3JnL29udG9sb2dpZXMvZ2FsZW4jaXNBY3F1aXNpdGlvbk1vZGVPZj4p
R	605b4586772a60129d693507a666523d1b4f331c7dbf364edf98317056944d3f	SW52ZXJzZUZ1bmN0aW9uYWxPYmplY3RQcm9wZXJ0eSg8aHR0cDovL3d3dy5jby1vZGUub3JnL29udG9sb2dpZXMvZ2FsZW4jaXNBY3RlZE9uU3BlY2lmaWNhbGx5Qnk+KQ==
R	fc66a80fb0803a2a5db1f9a5bd82729f7bde4d24460a5ef7fc34d3de6f87d6c1	SW52ZXJzZUZ1bmN0aW9uYWxPYmplY3RQcm9wZXJ0eSg8aHR0cDovL3d3dy5jby1vZGUub3JnL29udG9sb2dpZXMvZ2FsZW4jaXNBY3VpdHlPZj4p
R	f133164b6c3c770b32aeafe4ff9cb4ccac7d73e87bb9aba268578cfc9a7092ce	SW52ZXJzZUZ1bmN0aW9uYWxPYmplY3RQcm9wZXJ0eSg8aHR0cDovL3d3dy5jby1vZGUub3JnL29udG9sb2dpZXMvZ2FsZW4jaXNBZGRyZXNzT2Y+KQ==
R	a4d77ab8d043004895cb99c660fa98f7a6bebb3f44dbb45bb9e6c9bb24895635	SW52ZXJzZUZ1bmN0aW9uYWxPYmplY3RQcm9wZXJ0eSg8aHR0cDovL3d3dy5jby1vZGUub3JnL29udG9sb2dpZXMvZ2FsZW4jaXNBZGVxdWFjeUxldmVsU3RhdHVzT2Y+KQ==
R	fff20053c89ecdf113b8ffacac9ba6c1bc0ffb63b9d2f8929a9713d9eba25a6f	SW52ZXJzZUZ1bmN0aW9uYWxPYmplY3RQcm9wZXJ0eSg8aHR0cDovL3d3dy5jby1vZGUub3JnL29udG9sb2dpZXMvZ2FsZW4jaXNBZGp1c3RhYmlsaXR5T2Y+KQ==
R	35c741445c832bdbb65c522e9afa8643120ae3211a0e225b380f14866d0cc91d	SW52ZXJzZUZ1bmN0aW9uYWxPYmplY3RQcm9wZXJ0eSg8aHR0cDovL3d3dy5jby1vZGUub3JnL29udG9sb2dpZXMvZ2FsZW4jaXNBZ2VPZj4p
R	cbdc1dcf9b5f0527b0442b0fe417e651fed1a789d4107fb04c5a3dbc09c2cdb2	SW52ZXJzZUZ1bmN0aW9uYWxPYmplY3RQcm9wZXJ0eSg8aHR0cDovL3d3dy5jby1vZGUub3JnL29udG9sb2dpZXMvZ2FsZW4jaXNBbGl2ZU9yRGVhZFN0YXR1c09mPik=
R	909914fdb6168074d887579f4961cdc1ae7e74d7a896dc9d874f30a79fc0c915	SW52ZXJzZUZ1bmN0aW9uYWxPYmplY3RQcm9wZXJ0eSg8aHR0cDovL3d3dy5jby1vZGUub3JnL29udG9sb2dpZXMvZ2FsZW4jaXNBbHBoYUNvbm5lY3Rpb25PZj4p
R	b81dcb92db9d2241db9d1546c708a4d6b454ac545a29bfdcd5e3cb687acbd468	SW52ZXJzZUZ1bmN0aW9uYWxPYmplY3RQcm9wZXJ0eSg8aHR0cDovL3d3dy5jby1vZGUub3JnL29udG9sb2dpZXMvZ2FsZW4jaXNBbHBoYVBhcnRpdGl2ZUNvbm5lY3Rpb25PZj4p
R	cf2820c03fa785bf218e81e68fa73424dbbad9194770bcb1b9fc2d29316f37e1	SW52ZXJzZUZ1bmN0aW9uYWxPYmplY3RQcm9wZXJ0eSg8aHR0cDovL3d3dy5jby1vZGUub3JnL29udG9sb2dpZXMvZ2FsZW4jaXNBbmFlc3RoZXNpYU9mPik=
R	106edeb39307659224eb71137ba4b9c2b36d29f3eb3f0d8b5e36105bdf8ee012	SW52ZXJzZUZ1bmN0aW9uYWxPYmplY3RQcm9wZXJ0eSg8aHR0cDovL3d3dy5jby1vZGUub3JnL29udG9sb2dpZXMvZ2FsZW4jaXNBbmd1bGFyTWVhc3VyZW1lbnRPZj4p
R	54c1e71a4d35f139936522959ef97bdf9aae9729a24246f54877fa91f666572a	SW52ZXJzZUZ1bmN0aW9uYWxPYmplY3RQcm9wZXJ0eSg8aHR0cDovL3d3dy5jby1vZGUub3JnL29udG9sb2dpZXMvZ2FsZW4jaXNBbnRlcmlvclBvc3RlcmlvclBvc2l0aW9uT2Y+KQ==
R	06cc39b78592b437205990b5d5feaccee221f4f2ad7ffcc4fe8830420c0f4f99	SW52ZXJzZUZ1bmN0aW9uYWxPYmplY3RQcm9wZXJ0eSg8aHR0cDovL3d3dy5jby1vZGUub3JnL29udG9sb2dpZXMvZ2FsZW4jaXNBbnRlcmlvclBvc3RlcmlvclNlbGVjdG9yT2Y+KQ==
R	fcafa2ab469c91890100377e02c230034bb069a3386b525d7538967257c9e00b	SW52ZXJzZUZ1bmN0aW9uYWxPYmplY3RQcm9wZXJ0eSg8aHR0cDovL3d3dy5jby1vZGUub3JnL29udG9sb2dpZXMvZ2FsZW4jaXNBbnRlcm9SZXRyb2dyYWRlU2VsZWN0b3JPZj4p
R	e66b508783b6d48a4a0f6b629bacfbfa3d3198090a2b4c0928c87209f44b661a	SW52ZXJzZUZ1bmN0aW9uYWxPYmplY3RQcm9wZXJ0eSg8aHR0cDovL3d3dy5jby1vZGUub3JnL29udG9sb2dpZXMvZ2FsZW4jaXNBcHByb3ByaWF0ZW5lc3NPZj4p
R	dc072fda19fd9de59b4fd627489af0af37e98b1962fca62862ffd3b7bdeebee2	SW52ZXJzZUZ1bmN0aW9uYWxPYmplY3RQcm9wZXJ0eSg8aHR0cDovL3d3dy5jby1vZGUub3JnL29udG9sb2dpZXMvZ2FsZW4jaXNBcmVhT2Y+KQ==
R	e7fbd542daca6c77bc98ba5527e7c26335511c8eb896ad8547eb5b29b629e886	SW52ZXJzZUZ1bmN0aW9uYWxPYmplY3RQcm9wZXJ0eSg8aHR0cDovL3d3dy5jby1vZGUub3JnL29udG9sb2dpZXMvZ2FsZW4jaXNBc3NlcnRlZERpc2Vhc2VDbGFzc09mPik=
R	38475b17fb79a36d998425843a8d15db6a3f83132642632cb2faf44ae1eb315a	SW52ZXJzZUZ1bmN0aW9uYWxPYmplY3RQcm9wZXJ0eSg8aHR0cDovL3d3dy5jby1vZGUub3JnL29udG9sb2dpZXMvZ2FsZW4jaXNCZW5lZmljaWFsU3RhdHVzPik=
R	c4df3bb027d71f18b7e21b2db0a39fa628d3294e0ac4f671633516274d40f4f8	SW52ZXJzZUZ1bmN0aW9uYWxPYmplY3RQcm9wZXJ0eSg8aHR0cDovL3d3dy5jby1vZGUub3JnL29udG9sb2dpZXMvZ2FsZW4jaXNCZXRhQ29ubmVjdGlvbk9mPik=
R	b3f4895d5d178c75f17f51cf297732799f06c3ca74d7f6de4b39a76d8c741f86	SW52ZXJzZUZ1bmN0aW9uYWxPYmplY3RQcm9wZXJ0eSg8aHR0cDovL3d3dy5jby1vZGUub3JnL29udG9sb2dpZXMvZ2FsZW4jaXNCZXRhUGFydGl0aXZlQ29ubmVjdGlvbk9mPik=
R	013ba110b5b76869ddb1e0e05b3c64f18fb24b3e3cd1aa8fecdc29002e4718cf	SW52ZXJzZUZ1bmN0aW9uYWxPYmplY3RQcm9wZXJ0eSg8aHR0cDovL3d3dy5jby1vZGUub3JnL29udG9sb2dpZXMvZ2FsZW4jaXNCaWxhdGVyYWxVbmlsYXRlcmFsU2VsZWN0b3JPZj4p
R	0601b0ad9998857207c0946c031642fe1af1ac23b1bfb3e84f12dd76deacc76a	SW52ZXJzZUZ1bmN0aW9uYWxPYmplY3RQcm9wZXJ0eSg8aHR0cDovL3d3dy5jby1vZGUub3JnL29udG9sb2dpZXMvZ2FsZW4jaXNCaW9hdmFpbGFiaWxpdHlPZj4p
R	bdfb3403f8b8f6d0cac4aec1120fc1014b6dbb2ce3b072ccee98896c76309a46	SW52ZXJzZUZ1bmN0aW9uYWxPYmplY3RQcm9wZXJ0eSg8aHR0cDovL3d3dy5jby1vZGUub3JnL29udG9sb2dpZXMvZ2FsZW4jaXNCb2R5UG9zaXRpb25PZj4p
R	355c4ea2be3368f95022fc438b0562b3511328e2f52bebe6d355113d61b41aed	SW52ZXJzZUZ1bmN0aW9uYWxPYmplY3RQcm9wZXJ0eSg8aHR0cDovL3d3dy5jby1vZGUub3JnL29udG9sb2dpZXMvZ2FsZW4jaXNDYXBhYmlsaXR5T2Y+KQ==
R	c5a9187a70ec803a603d5f2da4ded0b4f73da40be5c7902b2ba468c014d10ce1	SW52ZXJzZUZ1bmN0aW9uYWxPYmplY3RQcm9wZXJ0eSg8aHR0cDovL3d3dy5jby1vZGUub3JnL29udG9sb2dpZXMvZ2FsZW4jaXNDZWxsTW9ycGhvbG9neU9mPik=
R	e1ccb4843e8b49036209ec8a2f28df23956441149985744630a40a250c876a40	SW52ZXJzZUZ1bmN0aW9uYWxPYmplY3RQcm9wZXJ0eSg8aHR0cDovL3d3dy5jby1vZGUub3JnL29udG9sb2dpZXMvZ2FsZW4jaXNDZW50cmFsUGVyaXBoZXJhbFNlbGVjdG9yT2Y+KQ==
R	6dd49810ca39819d5600dc1073e9e2cf5079b9b984e7d42223196700088bdb06	SW52ZXJzZUZ1bmN0aW9uYWxPYmplY3RQcm9wZXJ0eSg8aHR0cDovL3d3dy5jby1vZGUub3JnL29udG9sb2dpZXMvZ2FsZW4jaXNDaGFuZ2VJblN0YXRlT2Y+KQ==
R	89dc73ff3a9fcaf357f8393309f461069bd0c25345f45aa354c12cd4e3864fd5	SW52ZXJzZUZ1bmN0aW9uYWxPYmplY3RQcm9wZXJ0eSg8aHR0cDovL3d3dy5jby1vZGUub3JnL29udG9sb2dpZXMvZ2FsZW4jaXNDaGlsZGhvb2RTdGF0dXNPZj4p
R	4e2b220380cf71d2c8f74481d530d5baf4dae6bf8da1c10ff2c3a46030223151	SW52ZXJzZUZ1bmN0aW9uYWxPYmplY3RQcm9wZXJ0eSg8aHR0cDovL3d3dy5jby1vZGUub3JnL29udG9sb2dpZXMvZ2FsZW4jaXNDaHJvbmljaXR5T2Y+KQ==
R	8dc65e28e1d18b9025ba1dacf3f1cca3640609778e6902236b3e75429cd02357	SW52ZXJzZUZ1bmN0aW9uYWxPYmplY3RQcm9wZXJ0eSg8aHR0cDovL3d3dy5jby1vZGUub3JnL29udG9sb2dpZXMvZ2FsZW4jaXNDaXJjdW1mZXJlbmNlT2Y+KQ==
R	0420ad68ca6c9588e308b221a6231c0b8d6e7d7f7916ec69eb851eb3a969f4f5	SW52ZXJzZUZ1bmN0aW9uYWxPYmplY3RQcm9wZXJ0eSg8aHR0cDovL3d3dy5jby1vZGUub3JnL29udG9sb2dpZXMvZ2FsZW4jaXNDbGVhbmxpbmVzc09mPik=
R	b9c37a06645941cb89ec844162e3077dc1c4198a0f81f6906221b98a50de4db6	SW52ZXJzZUZ1bmN0aW9uYWxPYmplY3RQcm9wZXJ0eSg8aHR0cDovL3d3dy5jby1vZGUub3JnL29udG9sb2dpZXMvZ2FsZW4jaXNDbGluaWNhbFNpZ25pZmljYW5jZVN0YXRlT2Y+KQ==
R	180af3d73733fd05210dfbc2d84a9d11d48406fc1c93677c4234ffdf4ec852eb	SW52ZXJzZUZ1bmN0aW9uYWxPYmplY3RQcm9wZXJ0eSg8aHR0cDovL3d3dy5jby1vZGUub3JnL29udG9sb2dpZXMvZ2FsZW4jaXNDbGluaWNhbFNwZWNpYWxpdHlPZj4p
R	a0a5798e03b48c5546e8597e6702baffbd83ad1a8622107b630b99874fcb3dfd	SW52ZXJzZUZ1bmN0aW9uYWxPYmplY3RQcm9wZXJ0eSg8aHR0cDovL3d3dy5jby1vZGUub3JnL29udG9sb2dpZXMvZ2FsZW4jaXNDb2hlcmVuY2VPZj4p
R	439183a78b90f9246bf35a1fffd4ac72f4efa0e9901a4934d27f2078eb9a19cc	SW52ZXJzZUZ1bmN0aW9uYWxPYmplY3RQcm9wZXJ0eSg8aHR0cDovL3d3dy5jby1vZGUub3JnL29udG9sb2dpZXMvZ2FsZW4jaXNDb2xvdXJPZj4p
R	ba64848e53ae92e8e054177ebfa24e35874d39d43fcf7d67a10dedca2efa8e8a	SW52ZXJzZUZ1bmN0aW9uYWxPYmplY3RQcm9wZXJ0eSg8aHR0cDovL3d3dy5jby1vZGUub3JnL29udG9sb2dpZXMvZ2FsZW4jaXNDb21wYXJpc29uV2l0aD4p
R	d297c89c513d6a8d54dfe5de79e5183f5308d3ad64da29ec01cd46d71953d37d	SW52ZXJzZUZ1bmN0aW9uYWxPYmplY3RQcm9wZXJ0eSg8aHR0cDovL3d3dy5jby1vZGUub3JnL29udG9sb2dpZXMvZ2FsZW4jaXNDb21wbGV0ZW5lc3NPZj4p
R	23c80b25ec5b1c571dd7d791b711cbec3deacd8d85029689b0ac7beacb809f68	SW52ZXJzZUZ1bmN0aW9uYWxPYmplY3RQcm9wZXJ0eSg8aHR0cDovL3d3dy5jby1vZGUub3JnL29udG9sb2dpZXMvZ2FsZW4jaXNDb21wbGlhbmNlT2Y+KQ==
R	a866a547002d750280d1fd457dd2f55aa5cf1c382bd31b285cf809b9afb79e24	SW52ZXJzZUZ1bmN0aW9uYWxPYmplY3RQcm9wZXJ0eSg8aHR0cDovL3d3dy5jby1vZGUub3JnL29udG9sb2dpZXMvZ2FsZW4jaXNDb25jZW50cmF0aW9uT2Y+KQ==
R	a260f6fcbf3e48c86e95a5b5c806c3898cf869a10ddae3ed1282cd3de9ef212d	SW52ZXJzZUZ1bmN0aW9uYWxPYmplY3RQcm9wZXJ0eSg8aHR0cDovL3d3dy5jby1vZGUub3JnL29udG9sb2dpZXMvZ2FsZW4jaXNDb25kdWN0aXZpdHlPZj4p
R	5189ac5b8755f73756ae5c6c305c7ab4dae374c90da39c789e45cdd6b13c27b7	SW52ZXJzZUZ1bmN0aW9uYWxPYmplY3RQcm9wZXJ0eSg8aHR0cDovL3d3dy5jby1vZGUub3JnL29udG9sb2dpZXMvZ2FsZW4jaXNDb25maWRlbmNlTGV2ZWxTdGF0dXNPZj4p
R	853bc11a65fecfa2b00c26243efbc7e7c0722b059e99dc5d19fc7ae9b7942977	SW52ZXJzZUZ1bmN0aW9uYWxPYmplY3RQcm9wZXJ0eSg8aHR0cDovL3d3dy5jby1vZGUub3JnL29udG9sb2dpZXMvZ2FsZW4jaXNDb25zaXN0ZW5jeU9mPik=
R	28612af2233b79ed9bd050e667216341bf25421bb03ad6b8e909534fa4a4ee1d	SW52ZXJzZUZ1bmN0aW9uYWxPYmplY3RQcm9wZXJ0eSg8aHR0cDovL3d3dy5jby1vZGUub3JnL29udG9sb2dpZXMvZ2FsZW4jaXNDb3JyaXNpdmVuZXNzT2Y+KQ==
R	2b8748a9cce5ffc9b5e616ec346222fdc510ef4b5fb3f70f78a2058ee8c0b2a2	SW52ZXJzZUZ1bmN0aW9uYWxPYmplY3RQcm9wZXJ0eSg8aHR0cDovL3d3dy5jby1vZGUub3JnL29udG9sb2dpZXMvZ2FsZW4jaXNDb3VudENvbmNlbnRyYXRpb25PZj4p
R	b98a3837819bb89586e3f5eb4c44fcd422bafd30bd2f310c0dfea9f072860298	SW52ZXJzZUZ1bmN0aW9uYWxPYmplY3RQcm9wZXJ0eSg8aHR0cDovL3d3dy5jby1vZGUub3JnL29udG9sb2dpZXMvZ2FsZW4jaXNDb3VudGFiaWxpdHlPZj4p
R	873e1b8d9fca987c6bca90981e54ee7badfd26b877759e9eea3043003ef66563	SW52ZXJzZUZ1bmN0aW9uYWxPYmplY3RQcm9wZXJ0eSg8aHR0cDovL3d3dy5jby1vZGUub3JnL29udG9sb2dpZXMvZ2FsZW4jaXNEZWZpbml0aW9uTGV2ZWxTdGF0dXNPZj4p
R	7b24f3bcdf3cee58638872af382c71a728d164af6b2487a1884ea79deca6cbe3	SW52ZXJzZUZ1bmN0aW9uYWxPYmplY3RQcm9wZXJ0eSg8aHR0cDovL3d3dy5jby1vZGUub3JnL29udG9sb2dpZXMvZ2FsZW4jaXNEZWx0YUNvbm5lY3Rpb25PZj4p
R	86bdf276e2c5c607cf28c537a379cc999ad56843478c0f1c96526fbc4cb06a28	SW52ZXJzZUZ1bmN0aW9uYWxPYmplY3RQcm9wZXJ0eSg8aHR0cDovL3d3dy5jby1vZGUub3JnL29udG9sb2dpZXMvZ2FsZW4jaXNEZWx0YVBhcnRpdGl2ZUNvbm5lY3Rpb25PZj4p
R	3c1bc20bf380d9020a0234d6f9edcc112cb7d5c3f6e016676499395f282cfd8e	SW52ZXJzZUZ1bmN0aW9uYWxPYmplY3RQcm9wZXJ0eSg8aHR0cDovL3d3dy5jby1vZGUub3JnL29udG9sb2dpZXMvZ2FsZW4jaXNEZW5zaXR5T2Y+KQ==
R	04dc8b5d67d8af5299a8d72df56302ab68e6674610fefca4b582415d70c82e17	SW52ZXJzZUZ1bmN0aW9uYWxPYmplY3RQcm9wZXJ0eSg8aHR0cDovL3d3dy5jby1vZGUub3JnL29udG9sb2dpZXMvZ2FsZW4jaXNEZXBlbmRlbmN5T2Y+KQ==
R	186e9d68d72b52adfaef102f1aa8354e20548df37d68b03999369e7b3ea64635	SW52ZXJzZUZ1bmN0aW9uYWxPYmplY3RQcm9wZXJ0eSg8aHR0cDovL3d3dy5jby1vZGUub3JnL29udG9sb2dpZXMvZ2FsZW4jaXNEZXZlbG9wbWVudGFsU3RhdHVzT2Y+KQ==
R	053e59fe949db6fd0b2a51061d57757d9921e8a5aa25129a4252daf76690f3e8	SW52ZXJzZUZ1bmN0aW9uYWxPYmplY3RQcm9wZXJ0eSg8aHR0cDovL3d3dy5jby1vZGUub3JnL29udG9sb2dpZXMvZ2FsZW4jaXNEaWFnbm9zaXNQcm9iYWJpbGl0eU9mPik=
R	33f7a07c93a0138e338782ae4de68618f53f534aab9b3ae12d71dea8811460f4	SW52ZXJzZUZ1bmN0aW9uYWxPYmplY3RQcm9wZXJ0eSg8aHR0cDovL3d3dy5jby1vZGUub3JnL29udG9sb2dpZXMvZ2FsZW4jaXNEaWFtZXRlck9mPik=
R	f25e2ddc3143635d5bea3f4d9dfccf376a597dc23c842055c4f6241aea79a435	SW52ZXJzZUZ1bmN0aW9uYWxPYmplY3RQcm9wZXJ0eSg8aHR0cDovL3d3dy5jby1vZGUub3JnL29udG9sb2dpZXMvZ2FsZW4jaXNEaXJlY3Rpb25PZj4p
R	ede45dcbee61d89fea5ccc3c5b4b062296e0bab997b12e78287d8afecfb5364c	SW52ZXJzZUZ1bmN0aW9uYWxPYmplY3RQcm9wZXJ0eSg8aHR0cDovL3d3dy5jby1vZGUub3JnL29udG9sb2dpZXMvZ2FsZW4jaXNEaXJlY3Rpb25PZlRyYW5zcG9ydE9mPik=
R	1a0ebfcd7815165d1e5a7c482a20b8091aaa4da763b708c1d11da1b5319c12d7	SW52ZXJzZUZ1bmN0aW9uYWxPYmplY3RQcm9wZXJ0eSg8aHR0cDovL3d3dy5jby1vZGUub3JnL29udG9sb2dpZXMvZ2FsZW4jaXNEaXNlYXNlUHJvY2Vzc0V4dGVudE9mPik=
R	25ab1871c1f0cc7506374002e33b361db0354b0ba1d49f809ec37d4510fcd675	SW52ZXJzZUZ1bmN0aW9uYWxPYmplY3RQcm9wZXJ0eSg8aHR0cDovL3d3dy5jby1vZGUub3JnL29udG9sb2dpZXMvZ2FsZW4jaXNEaXN0cmlidXRpb25PZj4p
R	f6307f8edfc34f35135b1fdb1a783bebebe268f54876c00439b35c74a2b42761	SW52ZXJzZUZ1bmN0aW9uYWxPYmplY3RQcm9wZXJ0eSg8aHR0cDovL3d3dy5jby1vZGUub3JnL29udG9sb2dpZXMvZ2FsZW4jaXNEb21pbmFuY2VPZj4p
R	59218a74fbbc514c9f76d405ecd2db604ebb2978609fcfebb9f5d5236c3b4501	SW52ZXJzZUZ1bmN0aW9uYWxPYmplY3RQcm9wZXJ0eSg8aHR0cDovL3d3dy5jby1vZGUub3JnL29udG9sb2dpZXMvZ2FsZW4jaXNEb25vck9yaWdpbk9mPik=
R	f6b0283b949dc7b440c4228b906d74d6ea553ca251fc41c48d7b03435f0c2b01	SW52ZXJzZUZ1bmN0aW9uYWxPYmplY3RQcm9wZXJ0eSg8aHR0cDovL3d3dy5jby1vZGUub3JnL29udG9sb2dpZXMvZ2FsZW4jaXNEb3JzYWxWZW50cmFsU2VsZWN0b3JPZj4p
R	8c1e97e0e5a88bbe8ab3d0dbb6c8685579550a488e40514952e78c649d58cd4f	SW52ZXJzZUZ1bmN0aW9uYWxPYmplY3RQcm9wZXJ0eSg8aHR0cDovL3d3dy5jby1vZGUub3JnL29udG9sb2dpZXMvZ2FsZW4jaXNEcnluZXNzT2Y+KQ==
R	8f72578aa9833518c5de05b23e3fe22152d77b575d56ca21c96f6c19367e5a59	SW52ZXJzZUZ1bmN0aW9uYWxPYmplY3RQcm9wZXJ0eSg8aHR0cDovL3d3dy5jby1vZGUub3JnL29udG9sb2dpZXMvZ2FsZW4jaXNEdXJhdGlvbk9mPik=
R	f0b85d014851d3f75dc74a1df8c985417cc36b8cf06d045efe70949e92fe8b4a	SW52ZXJzZUZ1bmN0aW9uYWxPYmplY3RQcm9wZXJ0eSg8aHR0cDovL3d3dy5jby1vZGUub3JnL29udG9sb2dpZXMvZ2FsZW4jaXNFY3RvcGljU3VwZXJudW1lcmFyeVN0YXR1c09mPik=
R	7f8700cb60aabec397335394540d17f910cfc31d0f71d974381de0355043c64f	SW52ZXJzZUZ1bmN0aW9uYWxPYmplY3RQcm9wZXJ0eSg8aHR0cDovL3d3dy5jby1vZGUub3JnL29udG9sb2dpZXMvZ2FsZW4jaXNFZmZlY3RpdmVuZXNzT2Y+KQ==
R	5e711719c72d53fde26146d087e746a60195ff941d96b611158b6408e805c997	SW52ZXJzZUZ1bmN0aW9uYWxPYmplY3RQcm9wZXJ0eSg8aHR0cDovL3d3dy5jby1vZGUub3JnL29udG9sb2dpZXMvZ2FsZW4jaXNFbmFjdG1lbnRPZj4p
R	d81442492ce4ac305e13176f7cf8156f02aaa660fc9f719ad045184351422cde	SW52ZXJzZUZ1bmN0aW9uYWxPYmplY3RQcm9wZXJ0eSg8aHR0cDovL3d3dy5jby1vZGUub3JnL29udG9sb2dpZXMvZ2FsZW4jaXNFbmRQb2ludE9mPik=
R	2fcfdac4e3db7a32ceaccff0e2a639d02c2091e0c29390a4f2f38d9abb30ffcc	SW52ZXJzZUZ1bmN0aW9uYWxPYmplY3RQcm9wZXJ0eSg8aHR0cDovL3d3dy5jby1vZGUub3JnL29udG9sb2dpZXMvZ2FsZW4jaXNFbmVyZ3lBbW91bnRPZj4p
R	a321438a89e3a0d22e93b805ab342608030108e5a2c29a136a2ebca34a73e3fa	SW52ZXJzZUZ1bmN0aW9uYWxPYmplY3RQcm9wZXJ0eSg8aHR0cDovL3d3dy5jby1vZGUub3JnL29udG9sb2dpZXMvZ2FsZW4jaXNFbmVyZ3lDb250ZW50T2Y+KQ==
R	cf98785441124d719ef0e3668a3b1e533e408637788c022dd3a4e0deddbc4a19	SW52ZXJzZUZ1bmN0aW9uYWxPYmplY3RQcm9wZXJ0eSg8aHR0cDovL3d3dy5jby1vZGUub3JnL29udG9sb2dpZXMvZ2FsZW4jaXNFcGl0aGVsaWFsQ2lsaWF0aW9uT2Y+KQ==
R	dd9e7f10050fe70e837efa650e49cea610811f877d5ed456e6418bef576386ea	SW52ZXJzZUZ1bmN0aW9uYWxPYmplY3RQcm9wZXJ0eSg8aHR0cDovL3d3dy5jby1vZGUub3JnL29udG9sb2dpZXMvZ2FsZW4jaXNFcGl0aGVsaWFsTGF5ZXJpbmdPZj4p
R	449444d96c78670d9ceaad2b12a9da477efbfde066f01809edb1845cd9073c06	SW52ZXJzZUZ1bmN0aW9uYWxPYmplY3RQcm9wZXJ0eSg8aHR0cDovL3d3dy5jby1vZGUub3JnL29udG9sb2dpZXMvZ2FsZW4jaXNFcGl0aGVsaWFsTW9ycGhvbG9neU9mPik=
R	f8b3236261a2c25ae7421391e111ac310394dfa7f858e6614db83b36f8fb0f8d	SW52ZXJzZUZ1bmN0aW9uYWxPYmplY3RQcm9wZXJ0eSg8aHR0cDovL3d3dy5jby1vZGUub3JnL29udG9sb2dpZXMvZ2FsZW4jaXNFeGlzdGVuY2VPZj4p
R	41d5012d9d8c06090d2528c65ccbdec87fb189ee0fe385ef9bac61a96a7979c3	SW52ZXJzZUZ1bmN0aW9uYWxPYmplY3RQcm9wZXJ0eSg8aHR0cDovL3d3dy5jby1vZGUub3JnL29udG9sb2dpZXMvZ2FsZW4jaXNFeHBlY3RlZExldmVsU3RhdGVPZj4p
R	7f8de44b01c0bdab786a0a88a1a0340b1a7acd04ab4424799781de203a0e808a	SW52ZXJzZUZ1bmN0aW9uYWxPYmplY3RQcm9wZXJ0eSg8aHR0cDovL3d3dy5jby1vZGUub3JnL29udG9sb2dpZXMvZ2FsZW4jaXNGYXhOdW1iZXJPZj4p
R	69f5325d7879736d63f717db1c63a8581451090f7bad711aea240c1ee652d9b3	SW52ZXJzZUZ1bmN0aW9uYWxPYmplY3RQcm9wZXJ0eSg8aHR0cDovL3d3dy5jby1vZGUub3JnL29udG9sb2dpZXMvZ2FsZW4jaXNGaW5pc2hUaW1lT2Y+KQ==
R	2eaa0f1fd4ce0fc710da19b9e2993f5add2ad7cea9445cfd0364a4bff6c13b2c	SW52ZXJzZUZ1bmN0aW9uYWxPYmplY3RQcm9wZXJ0eSg8aHR0cDovL3d3dy5jby1vZGUub3JnL29udG9sb2dpZXMvZ2FsZW4jaXNGbGFtbWFiaWxpdHlPZj4p
R	8e01c61455e8c3fafa3a17a79f709f45b26694d9a67eb59edb1f183b5aac02ff	SW52ZXJzZUZ1bmN0aW9uYWxPYmplY3RQcm9wZXJ0eSg8aHR0cDovL3d3dy5jby1vZGUub3JnL29udG9sb2dpZXMvZ2FsZW4jaXNGb3JtdWxhdGlvbkF0RGVsaXZlcnlPZj4p
R	fd8ee7296c40d02c203166278731b16a770dedfe658dae61f9dd2a4eb39cfe30	SW52ZXJzZUZ1bmN0aW9uYWxPYmplY3RQcm9wZXJ0eSg8aHR0cDovL3d3dy5jby1vZGUub3JnL29udG9sb2dpZXMvZ2FsZW4jaXNGb3JtdWxhdGlvbkNvbXBsZXhPZj4p
R	dd054e1dea5fd4abd5930670195c814ca2e5d58454aac0b348990212dab9a1fe	SW52ZXJzZUZ1bmN0aW9uYWxPYmplY3RQcm9wZXJ0eSg8aHR0cDovL3d3dy5jby1vZGUub3JnL29udG9sb2dpZXMvZ2FsZW4jaXNGb3JtdWxhdGlvbkZlYXR1cmVPZj4p
R	cc691392e7e1d9106acc65eaa235a5c88df8f77762e6a95d78ce11a0972f3531	SW52ZXJzZUZ1bmN0aW9uYWxPYmplY3RQcm9wZXJ0eSg8aHR0cDovL3d3dy5jby1vZGUub3JnL29udG9sb2dpZXMvZ2FsZW4jaXNGcmFjdHVyZUNvbXBsZXhpdHlPZj4p
R	44bb901a62fc49b697ef781c4108ff1762682823c0b6be90c0eb1b21dc0f4043	SW52ZXJzZUZ1bmN0aW9uYWxPYmplY3RQcm9wZXJ0eSg8aHR0cDovL3d3dy5jby1vZGUub3JnL29udG9sb2dpZXMvZ2FsZW4jaXNGcmFjdHVyZVN0YWJpbGl0eU9mPik=
R	7e86e383279f864bc94631752fbf27653c8c90ee922dbfd7591d9d72cb703800	SW52ZXJzZUZ1bmN0aW9uYWxPYmplY3RQcm9wZXJ0eSg8aHR0cDovL3d3dy5jby1vZGUub3JnL29udG9sb2dpZXMvZ2FsZW4jaXNGcmFtZU9mUmVmZXJlbmNlT2Y+KQ==
R	aadb9d2b787996bb147432ee4334b35ba6218bfcb9bf2f14bb5c41ca116b2536	SW52ZXJzZUZ1bmN0aW9uYWxPYmplY3RQcm9wZXJ0eSg8aHR0cDovL3d3dy5jby1vZGUub3JnL29udG9sb2dpZXMvZ2FsZW4jaXNGcmVxdWVuY3lPZj4p
R	f5a14da0936f532027b514fa6725a83deb5e41ba006ededc6c106ad88e398bc2	SW52ZXJzZUZ1bmN0aW9uYWxPYmplY3RQcm9wZXJ0eSg8aHR0cDovL3d3dy5jby1vZGUub3JnL29udG9sb2dpZXMvZ2FsZW4jaXNHYWl0T2Y+KQ==
R	c297f9d749ace168eaac4368aba18e099683458a15970bff2e5e53606d010237	SW52ZXJzZUZ1bmN0aW9uYWxPYmplY3RQcm9wZXJ0eSg8aHR0cDovL3d3dy5jby1vZGUub3JnL29udG9sb2dpZXMvZ2FsZW4jaXNHYW1tYUNvbm5lY3Rpb25PZj4p
R	8d707c8572a58ec002bb9425b9d7f9350690b8502e9ab51a0f982b241b060031	SW52ZXJzZUZ1bmN0aW9uYWxPYmplY3RQcm9wZXJ0eSg8aHR0cDovL3d3dy5jby1vZGUub3JnL29udG9sb2dpZXMvZ2FsZW4jaXNHYW1tYVBhcnRpdGl2ZUNvbm5lY3Rpb25PZj4p
R	521e14c2310070e3eb9f1db5aa923adcc4308215af9fcbd58bd5f51928a95837	SW52ZXJzZUZ1bmN0aW9uYWxPYmplY3RQcm9wZXJ0eSg8aHR0cDovL3d3dy5jby1vZGUub3JnL29udG9sb2dpZXMvZ2FsZW4jaXNHZW5ldGljWnlnb2NpdHlPZj4p
R	11ea1535677e436e9a45d7da58b426e1d98d9b42a98dbd4b272cb3e64bebebf5	SW52ZXJzZUZ1bmN0aW9uYWxPYmplY3RQcm9wZXJ0eSg8aHR0cDovL3d3dy5jby1vZGUub3JnL29udG9sb2dpZXMvZ2FsZW4jaXNHb2xmQ2x1YlBob25lTnVtYmVyT2Y+KQ==
R	cfc3bbd7c11ee7024b1425e5ef2feecc334898c233fb23c24745fe34764e5d65	SW52ZXJzZUZ1bmN0aW9uYWxPYmplY3RQcm9wZXJ0eSg8aHR0cDovL3d3dy5jby1vZGUub3JnL29udG9sb2dpZXMvZ2FsZW4jaXNHcmFkZU9mRXhwZXJpZW5jZU9mPik=
R	28afa90e07bba87c0d52bee16c402eeb1c32d350d23f8f740a79139100db8ee7	SW52ZXJzZUZ1bmN0aW9uYWxPYmplY3RQcm9wZXJ0eSg8aHR0cDovL3d3dy5jby1vZGUub3JnL29udG9sb2dpZXMvZ2FsZW4jaXNHcmF2aWRpdHlPZj4p
R	b4c353036e3bdc7f9839d7ae80c37d825694590bb5cc266be7f3754cfd3cda58	SW52ZXJzZUZ1bmN0aW9uYWxPYmplY3RQcm9wZXJ0eSg8aHR0cDovL3d3dy5jby1vZGUub3JnL29udG9sb2dpZXMvZ2FsZW4jaXNHcmVhdGVyTGVzc2VyU2VsZWN0b3JPZj4p
R	eefccde67c6eb13f8c20de71ea34b36cb7cf48ae879588e1e10b11586a08b186	SW52ZXJzZUZ1bmN0aW9uYWxPYmplY3RQcm9wZXJ0eSg8aHR0cDovL3d3dy5jby1vZGUub3JnL29udG9sb2dpZXMvZ2FsZW4jaXNIYWlyUGF0dGVybk9mPik=
R	3232d69eb8cda9f7ae0a30f3ba39ae4dc68d2903235e4a2c005279344649940d	SW52ZXJzZUZ1bmN0aW9uYWxPYmplY3RQcm9wZXJ0eSg8aHR0cDovL3d3dy5jby1vZGUub3JnL29udG9sb2dpZXMvZ2FsZW4jaXNIYWxmTGlmZU9mPik=
R	57f69c2499590a09da6ed6bf4e2d0d954d8a91ac6225175224d5200c3b8371bf	SW52ZXJzZUZ1bmN0aW9uYWxPYmplY3RQcm9wZXJ0eSg8aHR0cDovL3d3dy5jby1vZGUub3JnL29udG9sb2dpZXMvZ2FsZW4jaXNIZWFsdGhMZXZlbE9mPik=
R	b45c2eabf919db9ca5aef536a98846b3e1f91fbb0deb3e3b7e93a92f5ff545cd	SW52ZXJzZUZ1bmN0aW9uYWxPYmplY3RQcm9wZXJ0eSg8aHR0cDovL3d3dy5jby1vZGUub3JnL29udG9sb2dpZXMvZ2FsZW4jaXNIaXN0b3J5QXBwbHlpbmdUbz4p
R	8129fd72709a31fa6c9ed86c517ceff7f298c4c0d8b8af0fcd0dde974a0732de	SW52ZXJzZUZ1bmN0aW9uYWxPYmplY3RQcm9wZXJ0eSg8aHR0cDovL3d3dy5jby1vZGUub3JnL29udG9sb2dpZXMvZ2FsZW4jaXNIaXN0b3J5T2Y+KQ==
R	67a7c6ee1fa19fb3c1b47e03b7453ed23fd93563c8add173c1ec6051d2b311ef	SW52ZXJzZUZ1bmN0aW9uYWxPYmplY3RQcm9wZXJ0eSg8aHR0cDovL3d3dy5jby1vZGUub3JnL29udG9sb2dpZXMvZ2FsZW4jaXNIb21lUGhvbmVOdW1iZXJPZj4p
R	46b05d93455daeb7a69a9b83e2ae284aec0dbf01af049474440d7061ddfe6832	SW52ZXJzZUZ1bmN0aW9uYWxPYmplY3RQcm9wZXJ0eSg8aHR0cDovL3d3dy5jby1vZGUub3JnL29udG9sb2dpZXMvZ2FsZW4jaXNJbWFnZVJlc29sdXRpb25PZj4p
R	3118e634ffcdd9375f08d8ea48b18258295f8c35ac81894b3ee77ea9a50b00b4	SW52ZXJzZUZ1bmN0aW9uYWxPYmplY3RQcm9wZXJ0eSg8aHR0cDovL3d3dy5jby1vZGUub3JnL29udG9sb2dpZXMvZ2FsZW4jaXNJbXBlZGFuY2VPZj4p
R	74629fa874ddc4022e43347a30e8b94ac1d4cb18089f207e9777872112d2857b	SW52ZXJzZUZ1bmN0aW9uYWxPYmplY3RQcm9wZXJ0eSg8aHR0cDovL3d3dy5jby1vZGUub3JnL29udG9sb2dpZXMvZ2FsZW4jaXNJbXBsYW50YWJpbGl0eU9mPik=
R	123242bf9fef6f8dbede6673635556f6746ce9e075f555ea5512d47bfe22688a	SW52ZXJzZUZ1bmN0aW9uYWxPYmplY3RQcm9wZXJ0eSg8aHR0cDovL3d3dy5jby1vZGUub3JnL29udG9sb2dpZXMvZ2FsZW4jaXNJbmRpY2F0aW9uU3RhdHVzT2Y+KQ==
R	341538fc60aa62e62d8537756f5f6fbc918da92a4c38bb4547f40d8b03694f51	SW52ZXJzZUZ1bmN0aW9uYWxPYmplY3RQcm9wZXJ0eSg8aHR0cDovL3d3dy5jby1vZGUub3JnL29udG9sb2dpZXMvZ2FsZW4jaXNJbm5lck91dGVyU2VsZWN0b3JPZj4p
R	1be51228182d15f684d651a5a838d420dedc20ec27945aa8ce72a8f41f1238cb	SW52ZXJzZUZ1bmN0aW9uYWxPYmplY3RQcm9wZXJ0eSg8aHR0cDovL3d3dy5jby1vZGUub3JnL29udG9sb2dpZXMvZ2FsZW4jaXNJbnNlY3RMaWZlQ3ljbGVTdGFnZU9mPik=
R	50447830765cae395ea3edd7aab24cd3988f7643140e9e85ff547999d4777e7c	SW52ZXJzZUZ1bmN0aW9uYWxPYmplY3RQcm9wZXJ0eSg8aHR0cDovL3d3dy5jby1vZGUub3JnL29udG9sb2dpZXMvZ2FsZW4jaXNJbnN0cnVjdGlvbkNvbmRpdGlvbmFsU3RhdHVzT2Y+KQ==
R	32a15ffbe4b8999ac4952eecdef267159d59bf861cc165bc0d093a342d157bc0	SW52ZXJzZUZ1bmN0aW9uYWxPYmplY3RQcm9wZXJ0eSg8aHR0cDovL3d3dy5jby1vZGUub3JnL29udG9sb2dpZXMvZ2FsZW4jaXNJbnN0cnVjdGlvblN0YXR1c09mPik=
R	5a9aea37e42f7f0231976f1f647d9c704cf9d5bc0f274e1951873f4ac456e0c5	SW52ZXJzZUZ1bmN0aW9uYWxPYmplY3RQcm9wZXJ0eSg8aHR0cDovL3d3dy5jby1vZGUub3JnL29udG9sb2dpZXMvZ2FsZW4jaXNJbnRlbnNpdHlPZj4p
R	6cd2d92afe1396a9b0271adbd10226b6d8dcae9b73b3c3b9c29e505c6555d1ba	SW52ZXJzZUZ1bmN0aW9uYWxPYmplY3RQcm9wZXJ0eSg8aHR0cDovL3d3dy5jby1vZGUub3JnL29udG9sb2dpZXMvZ2FsZW4jaXNJbnRlbnRpb25hbGl0eU9mPik=
R	3c160f3052ad437889607fc67efc0005780d11899d31dd03a478f2d168b0077a	SW52ZXJzZUZ1bmN0aW9uYWxPYmplY3RQcm9wZXJ0eSg8aHR0cDovL3d3dy5jby1vZGUub3JnL29udG9sb2dpZXMvZ2FsZW4jaXNJbnRlcm1pdHRlbnRTaWduYWxNb3JwaG9sb2d5T2Y+KQ==
R	d64f39e3316752f73aacd61f0a8e2264fc3af525cab13813e423702393f23886	SW52ZXJzZUZ1bmN0aW9uYWxPYmplY3RQcm9wZXJ0eSg8aHR0cDovL3d3dy5jby1vZGUub3JnL29udG9sb2dpZXMvZ2FsZW4jaXNJbnRlcm5hbEV4dGVybmFsU2VsZWN0b3JPZj4p
R	303d27944defadbc2278ff932429ab57a8999c371856c76e15106dce8c3291ea	SW52ZXJzZUZ1bmN0aW9uYWxPYmplY3RQcm9wZXJ0eSg8aHR0cDovL3d3dy5jby1vZGUub3JnL29udG9sb2dpZXMvZ2FsZW4jaXNJbnRyYXV0ZXJpbmVCb2R5UG9zaXRpb25PZj4p
R	f5a817705dfc0008b068819434a29afbe227869b18aedad53031b8d952fd1e1f	SW52ZXJzZUZ1bmN0aW9uYWxPYmplY3RQcm9wZXJ0eSg8aHR0cDovL3d3dy5jby1vZGUub3JnL29udG9sb2dpZXMvZ2FsZW4jaXNJbnRyaW5zaWNBYm5vcm1hbGl0eVN0YXR1c09mPik=
R	7402cef5289dbc6bdbb942562f7503847ccd324ed10dccff02431276daad0f24	SW52ZXJzZUZ1bmN0aW9uYWxPYmplY3RQcm9wZXJ0eSg8aHR0cDovL3d3dy5jby1vZGUub3JnL29udG9sb2dpZXMvZ2FsZW4jaXNJbnRyaW5zaWNQYXRob2xvZ2ljYWxTdGF0dXNPZj4p
R	c9a83ce2aeeaefe6a6d33371dd2be70f1dc2e1375e311ccdf6849b62ef62c27d	SW52ZXJzZUZ1bmN0aW9uYWxPYmplY3RQcm9wZXJ0eSg8aHR0cDovL3d3dy5jby1vZGUub3JnL29udG9sb2dpZXMvZ2FsZW4jaXNJbnZlc3RpZ2F0aW9uUmVzdWx0U3RhdHVzT2Y+KQ==
R	6c9312194e6a628886391b84517e7e61774fb1207c5785cb6f1b533408a2a7fd	SW52ZXJzZUZ1bmN0aW9uYWxPYmplY3RQcm9wZXJ0eSg8aHR0cDovL3d3dy5jby1vZGUub3JnL29udG9sb2dpZXMvZ2FsZW4jaXNJb25pc2F0aW9uRmVhdHVyZU9mPik=
R	d892a6ef5a6e344b763bfec85020f24eda8982a6d5e71de2f0476b97030b1858	SW52ZXJzZUZ1bmN0aW9uYWxPYmplY3RQcm9wZXJ0eSg8aHR0cDovL3d3dy5jby1vZGUub3JnL29udG9sb2dpZXMvZ2FsZW4jaXNLbm93bGVkZ2VTdGF0dXNPZj4p
R	fc0f1623b14f134143340641fbab1690d803bd07b2b2b29ec826896128df0ef5	SW52ZXJzZUZ1bmN0aW9uYWxPYmplY3RQcm9wZXJ0eSg8aHR0cDovL3d3dy5jby1vZGUub3JnL29udG9sb2dpZXMvZ2FsZW4jaXNMYXRlcmFsUG9zaXRpb25PZj4p
R	6dd673fb6f6f1e8cc26d75b1320bbb91a7c527669577dc885e2d75154ad1377e	SW52ZXJzZUZ1bmN0aW9uYWxPYmplY3RQcm9wZXJ0eSg8aHR0cDovL3d3dy5jby1vZGUub3JnL29udG9sb2dpZXMvZ2FsZW4jaXNMZWZ0UmlnaHRTZWxlY3Rvck9mPik=
R	5b5b458d3c9985341dd322e770e9bd173eee70e3903257c96240377bc60d8640	SW52ZXJzZUZ1bmN0aW9uYWxPYmplY3RQcm9wZXJ0eSg8aHR0cDovL3d3dy5jby1vZGUub3JnL29udG9sb2dpZXMvZ2FsZW4jaXNMZW5ndGhPZj4p
R	28548cd471861431b3cbbcdf5c69c4772eacc1b41054b0d84e589501004ce8bf	SW52ZXJzZUZ1bmN0aW9uYWxPYmplY3RQcm9wZXJ0eSg8aHR0cDovL3d3dy5jby1vZGUub3JnL29udG9sb2dpZXMvZ2FsZW4jaXNMZXZlbEFjdGVkQXRTcGVjaWZpY2FsbHlCeT4p
R	43fb07ff33c77fcac79fa0a8e90c5f585cb656181101a4d3b7c1404093cc1b95	SW52ZXJzZUZ1bmN0aW9uYWxPYmplY3RQcm9wZXJ0eSg8aHR0cDovL3d3dy5jby1vZGUub3JnL29udG9sb2dpZXMvZ2FsZW4jaXNMaWNlbnNpbmdTdGF0dXNPZj4p
R	5695ac3b18fdad2a564164df2ce76368d3ef7f3a5ab7a27f3bc82edcd58490bc	SW52ZXJzZUZ1bmN0aW9uYWxPYmplY3RQcm9wZXJ0eSg8aHR0cDovL3d3dy5jby1vZGUub3JnL29udG9sb2dpZXMvZ2FsZW4jaXNMb25nQm9uZUZyYWN0dXJlVHlwZU9mPik=
R	08f453194474cd4feafc2aee606f1803da54cae26d313a1fb347cf32f864d7e7	SW52ZXJzZUZ1bmN0aW9uYWxPYmplY3RQcm9wZXJ0eSg8aHR0cDovL3d3dy5jby1vZGUub3JnL29udG9sb2dpZXMvZ2FsZW4jaXNNYWduaXR1ZGVPZj4p
R	733119d1666700cc9b75b472202be368791a4d00b0f3e3198512486fc93c8c54	SW52ZXJzZUZ1bmN0aW9uYWxPYmplY3RQcm9wZXJ0eSg8aHR0cDovL3d3dy5jby1vZGUub3JnL29udG9sb2dpZXMvZ2FsZW4jaXNNYWpvck1pbm9yU2VsZWN0b3JPZj4p
R	4c3126f26fa905727b4c239866c6c4779e667eb418c3940fcff478fb2028187a	SW52ZXJzZUZ1bmN0aW9uYWxPYmplY3RQcm9wZXJ0eSg8aHR0cDovL3d3dy5jby1vZGUub3JnL29udG9sb2dpZXMvZ2FsZW4jaXNNYWxpZ25hbmN5T2Y+KQ==
R	679989e0c0c441f80955915d0b2456bbfb4ec9804a90e558aa6b988bd7f3f02f	SW52ZXJzZUZ1bmN0aW9uYWxPYmplY3RQcm9wZXJ0eSg8aHR0cDovL3d3dy5jby1vZGUub3JnL29udG9sb2dpZXMvZ2FsZW4jaXNNYXJpdGFsU3RhdHVzT2Y+KQ==
R	3958cb9d3368d6eb5899c45b3ebd451d59d296c2c860cc5c8e67b3cb12766665	SW52ZXJzZUZ1bmN0aW9uYWxPYmplY3RQcm9wZXJ0eSg8aHR0cDovL3d3dy5jby1vZGUub3JnL29udG9sb2dpZXMvZ2FsZW4jaXNNYXNzT2Y+KQ==
R	c4bf699d2e48089ea21a29558b6a873251dcf560e9ecbbc52c725fc9629a14ea	SW52ZXJzZUZ1bmN0aW9uYWxPYmplY3RQcm9wZXJ0eSg8aHR0cDovL3d3dy5jby1vZGUub3JnL29udG9sb2dpZXMvZ2FsZW4jaXNNZWRpYWxMYXRlcmFsUG9zaXRpb25PZj4p
R	b5e626cb9a34eaa2f16d92da4616bd7c10b0263b2aa8d66a6e00fc28a6a02fa9	SW52ZXJzZUZ1bmN0aW9uYWxPYmplY3RQcm9wZXJ0eSg8aHR0cDovL3d3dy5jby1vZGUub3JnL29udG9sb2dpZXMvZ2FsZW4jaXNNZWRpYWxMYXRlcmFsU2VsZWN0b3JPZj4p
R	0e5550167a0f11b595824966b3c02f59b3eff5b57a19c262242a64124d35b0ac	SW52ZXJzZUZ1bmN0aW9uYWxPYmplY3RQcm9wZXJ0eSg8aHR0cDovL3d3dy5jby1vZGUub3JnL29udG9sb2dpZXMvZ2FsZW4jaXNNZXRhc3RhdGljU3RhdHVzPik=
R	a5fa77e3c915c22b37ce87d4a2ce1397f75567f86755cf7e668603eec36d56be	SW52ZXJzZUZ1bmN0aW9uYWxPYmplY3RQcm9wZXJ0eSg8aHR0cDovL3d3dy5jby1vZGUub3JnL29udG9sb2dpZXMvZ2FsZW4jaXNNb2JpbGVQaG9uZU51bWJlck9mPik=
R	a708c2356f0cb821c6804d56ffdc1e925c54f4302ab121981fb8a38b2be18ea6	SW52ZXJzZUZ1bmN0aW9uYWxPYmplY3RQcm9wZXJ0eSg8aHR0cDovL3d3dy5jby1vZGUub3JnL29udG9sb2dpZXMvZ2FsZW4jaXNNb3Rpb25TbW9vdGhuZXNzT2Y+KQ==
R	8cd6e0efbab31c394b42b7f28b32c8e421e6fed771a2a81d9284006573785891	SW52ZXJzZUZ1bmN0aW9uYWxPYmplY3RQcm9wZXJ0eSg8aHR0cDovL3d3dy5jby1vZGUub3JnL29udG9sb2dpZXMvZ2FsZW4jaXNOb2R1bGFyaXR5T2Y+KQ==
R	3ec1b19a2897916bccf0073a98a112787a9cf67af490f56750650e9f0f31a76b	SW52ZXJzZUZ1bmN0aW9uYWxPYmplY3RQcm9wZXJ0eSg8aHR0cDovL3d3dy5jby1vZGUub3JnL29udG9sb2dpZXMvZ2FsZW4jaXNOdW1iZXJPZj4p
R	49a0914ce5ead5b0757ddb417e104e91100e3a5db7fee95f689696eaa4cf558d	SW52ZXJzZUZ1bmN0aW9uYWxPYmplY3RQcm9wZXJ0eSg8aHR0cDovL3d3dy5jby1vZGUub3JnL29udG9sb2dpZXMvZ2FsZW4jaXNPY2NsdXNhbE5vbk9jY2x1c2FsU2VsZWN0b3JPZj4p
R	ed242d8f4e0cc7bf1bf055ec65eb4005ad7a5d2f3237c773b8d06e2fdfeca373	SW52ZXJzZUZ1bmN0aW9uYWxPYmplY3RQcm9wZXJ0eSg8aHR0cDovL3d3dy5jby1vZGUub3JnL29udG9sb2dpZXMvZ2FsZW4jaXNPZG91ck9mPik=
R	691776d126226f1c141f69471de6d556fbd87a135424801e3ed829d250cea976	SW52ZXJzZUZ1bmN0aW9uYWxPYmplY3RQcm9wZXJ0eSg8aHR0cDovL3d3dy5jby1vZGUub3JnL29udG9sb2dpZXMvZ2FsZW4jaXNPcmdhbmlzbVRvbGVyYW5jZU9mPik=
R	014d7d8d630d97fceb2d9ed487148294215d52588ac5b72fed735b39b9df82fa	SW52ZXJzZUZ1bmN0aW9uYWxPYmplY3RQcm9wZXJ0eSg8aHR0cDovL3d3dy5jby1vZGUub3JnL29udG9sb2dpZXMvZ2FsZW4jaXNPdmVybGFwcGluZ1N0YXR1c09mPik=
R	66b940cd89e34593b3714ffa439fba004ca2e5edf04e6ec9a324a33a03859be6	SW52ZXJzZUZ1bmN0aW9uYWxPYmplY3RQcm9wZXJ0eSg8aHR0cDovL3d3dy5jby1vZGUub3JnL29udG9sb2dpZXMvZ2FsZW4jaXNQYWlyZWRPclVucGFpcmVkT2Y+KQ==
R	5eec6be85515d1d7be328abe7222a850130d520fd2ea7867ed958f1707340834	SW52ZXJzZUZ1bmN0aW9uYWxPYmplY3RQcm9wZXJ0eSg8aHR0cDovL3d3dy5jby1vZGUub3JnL29udG9sb2dpZXMvZ2FsZW4jaXNQYWxwYWJpbGl0eU9mPik=
R	26ef5de32ef7cbe16890513e22a32bce95f6fd08c68ca4374cfd04f8ebc27b99	SW52ZXJzZUZ1bmN0aW9uYWxPYmplY3RQcm9wZXJ0eSg8aHR0cDovL3d3dy5jby1vZGUub3JnL29udG9sb2dpZXMvZ2FsZW4jaXNQYXJhZG94aWNhbFN0YXR1c09mPik=
R	efff5f08e643113630680fa0640127ed56da3d2c0716149fa0a4a228de549a3c	SW52ZXJzZUZ1bmN0aW9uYWxPYmplY3RQcm9wZXJ0eSg8aHR0cDovL3d3dy5jby1vZGUub3JnL29udG9sb2dpZXMvZ2FsZW4jaXNQYXJhc3ltcGF0aGV0aWNTeW1wYXRoYXRpY1N0YXR1c09mPik=
R	eaafa528ba80244db7c592a488b4c38a8004962bf97ad4368d2d36608d211836	SW52ZXJzZUZ1bmN0aW9uYWxPYmplY3RQcm9wZXJ0eSg8aHR0cDovL3d3dy5jby1vZGUub3JnL29udG9sb2dpZXMvZ2FsZW4jaXNQYXJpdHlPZj4p
R	72091fa9d0918b47eca40ae88a5bc9db99f574e281ed59f50621514eb531e642	SW52ZXJzZUZ1bmN0aW9uYWxPYmplY3RQcm9wZXJ0eSg8aHR0cDovL3d3dy5jby1vZGUub3JnL29udG9sb2dpZXMvZ2FsZW4jaXNQYXRlbmN5T2Y+KQ==
R	059efea26eae246eae91e11673dd1f6def70cc430aab4b7c7de0d2c75b5d89ee	SW52ZXJzZUZ1bmN0aW9uYWxPYmplY3RQcm9wZXJ0eSg8aHR0cDovL3d3dy5jby1vZGUub3JnL29udG9sb2dpZXMvZ2FsZW4jaXNQYXRob2xvZ2ljYWxTdGF0dXNPZj4p
R	6c8f47bd23c31f7c3e4661329485735b8875b8f7504b451b5be4d0437d61e555	SW52ZXJzZUZ1bmN0aW9uYWxPYmplY3RQcm9wZXJ0eSg8aHR0cDovL3d3dy5jby1vZGUub3JnL29udG9sb2dpZXMvZ2FsZW4jaXNQZXJjdXNzaXZlUmVzb25hbmNlT2Y+KQ==
R	f9aed62f2fb5898ecba6c5e38a8ac78473ad15ca25e76af9c39193ce7fc239c8	SW52ZXJzZUZ1bmN0aW9uYWxPYmplY3RQcm9wZXJ0eSg8aHR0cDovL3d3dy5jby1vZGUub3JnL29udG9sb2dpZXMvZ2FsZW4jaXNQZXJtYW5lbmNlT2Y+KQ==
R	43d31d884bd45641fc7a85a04f9e69e1b9fb621bab216a408f63cd03530f9bca	SW52ZXJzZUZ1bmN0aW9uYWxPYmplY3RQcm9wZXJ0eSg8aHR0cDovL3d3dy5jby1vZGUub3JnL29udG9sb2dpZXMvZ2FsZW4jaXNQZXJtZWFiaWxpdHlPZj4p
R	94ab4ca72cf23f1782ccc843ee0fc8d6319a734d64591b97bbe6a503b88a9146	SW52ZXJzZUZ1bmN0aW9uYWxPYmplY3RQcm9wZXJ0eSg8aHR0cDovL3d3dy5jby1vZGUub3JnL29udG9sb2dpZXMvZ2FsZW4jaXNQaGVub3R5cGljYWxTZXhPZj4p
R	0d89e1f6319fda6cb762e9ea12df34b4850072e9380567a3f20c3f1beef6c391	SW52ZXJzZUZ1bmN0aW9uYWxPYmplY3RQcm9wZXJ0eSg8aHR0cDovL3d3dy5jby1vZGUub3JnL29udG9sb2dpZXMvZ2FsZW4jaXNQaG9uZU51bWJlck9mPik=
R	145b3c8059f19d4c10604ded629fc259bd26285edf7e8fe23e861b79552711d3	SW52ZXJzZUZ1bmN0aW9uYWxPYmplY3RQcm9wZXJ0eSg8aHR0cDovL3d3dy5jby1vZGUub3JnL29udG9sb2dpZXMvZ2FsZW4jaXNQaHlzaWNhbFByZXNlbnRhdGlvbk9mPik=
R	dbc28de391ae78f6fe4ab27020865daf779b280d00632b3cc1fabd290c1aa3b6	SW52ZXJzZUZ1bmN0aW9uYWxPYmplY3RQcm9wZXJ0eSg8aHR0cDovL3d3dy5jby1vZGUub3JnL29udG9sb2dpZXMvZ2FsZW4jaXNQaHlzaWNhbFN0YXRlT2Y+KQ==
R	60ace13c15fc3bf998bbc6e695fc327e63d2e85e74664cb59730901e23ac1725	SW52ZXJzZUZ1bmN0aW9uYWxPYmplY3RQcm9wZXJ0eSg8aHR0cDovL3d3dy5jby1vZGUub3JnL29udG9sb2dpZXMvZ2FsZW4jaXNQaWdtZW50YXRpb25PZj4p
R	f2ad8233a42c2ef5bd720a49d4b55a068efb753d6a752e765b7ad90e63ce7852	SW52ZXJzZUZ1bmN0aW9uYWxPYmplY3RQcm9wZXJ0eSg8aHR0cDovL3d3dy5jby1vZGUub3JnL29udG9sb2dpZXMvZ2FsZW4jaXNQb3NzaWJpbGl0eU9mPik=
R	0dae6a7e1571dfa2ebc37e5fe7a892a23e764bbd7ba99e994fcb67a56e662d37	SW52ZXJzZUZ1bmN0aW9uYWxPYmplY3RQcm9wZXJ0eSg8aHR0cDovL3d3dy5jby1vZGUub3JnL29udG9sb2dpZXMvZ2FsZW4jaXNQb3dlclNvdXJjZU9mPik=
R	2ace0f69201d45991167facddb8bd85202b7c7128b2c245f8c4a1dae5686185a	SW52ZXJzZUZ1bmN0aW9uYWxPYmplY3RQcm9wZXJ0eSg8aHR0cDovL3d3dy5jby1vZGUub3JnL29udG9sb2dpZXMvZ2FsZW4jaXNQcmVjZWRlbmNlT2Y+KQ==
R	2ee17d160604cc2c4e6c5b5fb19f79f224f22ff6c6b54ee12e426a8b9666e858	SW52ZXJzZUZ1bmN0aW9uYWxPYmplY3RQcm9wZXJ0eSg8aHR0cDovL3d3dy5jby1vZGUub3JnL29udG9sb2dpZXMvZ2FsZW4jaXNQcmVkZWxpdmVyeUZvcm11bGF0aW9uPik=
R	4447bc05879ddf478071d2d063166db31d6f622548be602bfd5dc6575d229dc4	SW52ZXJzZUZ1bmN0aW9uYWxPYmplY3RQcm9wZXJ0eSg8aHR0cDovL3d3dy5jby1vZGUub3JnL29udG9sb2dpZXMvZ2FsZW4jaXNQcmVzZW5jZUFic2VuY2VPZj4p
R	54ae5477190d9647a32cb1330f095a9ca8f4147548a3f8540d5565da3a3641b3	SW52ZXJzZUZ1bmN0aW9uYWxPYmplY3RQcm9wZXJ0eSg8aHR0cDovL3d3dy5jby1vZGUub3JnL29udG9sb2dpZXMvZ2FsZW4jaXNQcmVzc3VyZU9mPik=
R	157946af3d83975c538cfcd8a1af90ed80dc147478c597c30408e3adbb31649d	SW52ZXJzZUZ1bmN0aW9uYWxPYmplY3RQcm9wZXJ0eSg8aHR0cDovL3d3dy5jby1vZGUub3JnL29udG9sb2dpZXMvZ2FsZW4jaXNQcmV2YWxlbmNlT2Y+KQ==
R	71e337c1e76083c07995de1cbeee6b6fc7a3787e2427c71b020cfee117e5b2ee	SW52ZXJzZUZ1bmN0aW9uYWxPYmplY3RQcm9wZXJ0eSg8aHR0cDovL3d3dy5jby1vZGUub3JnL29udG9sb2dpZXMvZ2FsZW4jaXNQcm9jZXNzQWN0aXZpdHlPZj4p
R	6604b037c4f8059091ccece1a44da6474fe6641b22ece201b4645eedf5c37da0	SW52ZXJzZUZ1bmN0aW9uYWxPYmplY3RQcm9wZXJ0eSg8aHR0cDovL3d3dy5jby1vZGUub3JnL29udG9sb2dpZXMvZ2FsZW4jaXNQcm9jZXNzU3BlY2lmaWNhdGlvbkxldmVsT2Y+KQ==
R	db9dbe0ae12934bf0777177312541283c4364202be1d3dcc7f8c1fe782928c86	SW52ZXJzZUZ1bmN0aW9uYWxPYmplY3RQcm9wZXJ0eSg8aHR0cDovL3d3dy5jby1vZGUub3JnL29udG9sb2dpZXMvZ2FsZW4jaXNQcm9taW5lbmNlT2Y+KQ==
R	499622262563cf67afd1f779b8a001b8619c64eafa258f103355fb5f90defd54	SW52ZXJzZUZ1bmN0aW9uYWxPYmplY3RQcm9wZXJ0eSg8aHR0cDovL3d3dy5jby1vZGUub3JnL29udG9sb2dpZXMvZ2FsZW4jaXNQcm94aW1hbERpc3RhbFNlbGVjdG9yT2Y+KQ==
R	6c87cf08e665566ffcef3cb00ef902fd9ad3fc7519c2e0563153a7aa851b9899	SW52ZXJzZUZ1bmN0aW9uYWxPYmplY3RQcm9wZXJ0eSg8aHR0cDovL3d3dy5jby1vZGUub3JnL29udG9sb2dpZXMvZ2FsZW4jaXNQc3ljaG90eXBpY2FsU2V4T2Y+KQ==
R	25ebb0d79d7e36f08890042025cb3284754b1a72618622ba672ff5ea5dec40b8	SW52ZXJzZUZ1bmN0aW9uYWxPYmplY3RQcm9wZXJ0eSg8aHR0cDovL3d3dy5jby1vZGUub3JnL29udG9sb2dpZXMvZ2FsZW4jaXNRdWFsaXR5T2Y+KQ==
R	90787310f545efa51848f160238b5ffca3597498fda2621c05a053235c54e92c	SW52ZXJzZUZ1bmN0aW9uYWxPYmplY3RQcm9wZXJ0eSg8aHR0cDovL3d3dy5jby1vZGUub3JnL29udG9sb2dpZXMvZ2FsZW4jaXNRdWFudGl0YXRpdmVQcmVjaXNpb25PZj4p
R	a5467c63ec9b1c6b9731d08daf9c9243c92fdcd31edbfeb755c70719acd63e51	SW52ZXJzZUZ1bmN0aW9uYWxPYmplY3RQcm9wZXJ0eSg8aHR0cDovL3d3dy5jby1vZGUub3JnL29udG9sb2dpZXMvZ2FsZW4jaXNRdWFudGl0eU9mPik=
R	cd655b2afa3b190405568e788afb484bbe509939445775987fcb21757142c1b2	SW52ZXJzZUZ1bmN0aW9uYWxPYmplY3RQcm9wZXJ0eSg8aHR0cDovL3d3dy5jby1vZGUub3JnL29udG9sb2dpZXMvZ2FsZW4jaXNSYWRpb2x1c2NlbmNlT2Y+KQ==
R	8ddb7d87ee7b6e97eee3cdb4bd18494aff5f18cbb2f34c0f16a98a6ae662778c	SW52ZXJzZUZ1bmN0aW9uYWxPYmplY3RQcm9wZXJ0eSg8aHR0cDovL3d3dy5jby1vZGUub3JnL29udG9sb2dpZXMvZ2FsZW4jaXNSYW5nZU9mPik=
R	0cadbbd3954fd58925471a3d3a20967728e5075f44fd253a8f136eac5520bb5c	SW52ZXJzZUZ1bmN0aW9uYWxPYmplY3RQcm9wZXJ0eSg8aHR0cDovL3d3dy5jby1vZGUub3JnL29udG9sb2dpZXMvZ2FsZW4jaXNSZWZsZWN0aXZpdHlPZj4p
R	0a2dedd67127579c87cbdff09d598ff3cbefed5596b463e8910d808a701783f7	SW52ZXJzZUZ1bmN0aW9uYWxPYmplY3RQcm9wZXJ0eSg8aHR0cDovL3d3dy5jby1vZGUub3JnL29udG9sb2dpZXMvZ2FsZW4jaXNSZWZyYWN0YW5jZU9mPik=
R	405836e98838eb55fd74d02e865a41cc7053b7a19970a802e587eff657383f3e	SW52ZXJzZUZ1bmN0aW9uYWxPYmplY3RQcm9wZXJ0eSg8aHR0cDovL3d3dy5jby1vZGUub3JnL29udG9sb2dpZXMvZ2FsZW4jaXNSZWxhdGl2ZUxldmVsU3RhdGVPZj4p
R	b74c4c3c60716621ce05e4996f54137d16dd5dd12c20a89bc693ed4d51c4e11b	SW52ZXJzZUZ1bmN0aW9uYWxPYmplY3RQcm9wZXJ0eSg8aHR0cDovL3d3dy5jby1vZGUub3JnL29udG9sb2dpZXMvZ2FsZW4jaXNSZXVzYWJpbGl0eU9mPik=
R	a40619e0b4228ba2260e3d49ed541231e0333ec4fb333de8ae988ab15a07602e	SW52ZXJzZUZ1bmN0aW9uYWxPYmplY3RQcm9wZXJ0eSg8aHR0cDovL3d3dy5jby1vZGUub3JnL29udG9sb2dpZXMvZ2FsZW4jaXNSZXZlcnNpYmlsaXR5T2Y+KQ==
R	426ac2100197153e308ae0b699145320e0d6d189e02f2c8df40f63a107104527	SW52ZXJzZUZ1bmN0aW9uYWxPYmplY3RQcm9wZXJ0eSg8aHR0cDovL3d3dy5jby1vZGUub3JnL29udG9sb2dpZXMvZ2FsZW4jaXNSZXZpc2lvblN0YXR1c09mPik=
R	e2668cda277cae4ba62b560b3b723e2effb846ad4b074815f31ee3a67d6a27c4	SW52ZXJzZUZ1bmN0aW9uYWxPYmplY3RQcm9wZXJ0eSg8aHR0cDovL3d3dy5jby1vZGUub3JnL29udG9sb2dpZXMvZ2FsZW4jaXNSaWdpZGl0eU9mPik=
R	2c0574defa87eed49d408552c66c896ebde51f8e5e156a1f51e577398b8e58bd	SW52ZXJzZUZ1bmN0aW9uYWxPYmplY3RQcm9wZXJ0eSg8aHR0cDovL3d3dy5jby1vZGUub3JnL29udG9sb2dpZXMvZ2FsZW4jaXNTY29wZU9mPik=
R	61126d71744ca43ae994a5a96e3fc6d050adc15196aab8373c668a18201e92c6	SW52ZXJzZUZ1bmN0aW9uYWxPYmplY3RQcm9wZXJ0eSg8aHR0cDovL3d3dy5jby1vZGUub3JnL29udG9sb2dpZXMvZ2FsZW4jaXNTZXF1ZW5jZU9mPik=
R	fae07a675e1517825e9de55899264ce06b2a93cb8c93e9bc76ce553dda3e57a4	SW52ZXJzZUZ1bmN0aW9uYWxPYmplY3RQcm9wZXJ0eSg8aHR0cDovL3d3dy5jby1vZGUub3JnL29udG9sb2dpZXMvZ2FsZW4jaXNTZXZlcml0eU9mPik=
R	c2a3f8891f92b3ed423ef0c0165b10c08f81d4f1c9fd9918906b3bd3df5b27c1	SW52ZXJzZUZ1bmN0aW9uYWxPYmplY3RQcm9wZXJ0eSg8aHR0cDovL3d3dy5jby1vZGUub3JnL29udG9sb2dpZXMvZ2FsZW4jaXNTZXhPZj4p
R	d59025b5ae9031658ac679379d0f13f930c107dbc27233dc70d5078da22073ba	SW52ZXJzZUZ1bmN0aW9uYWxPYmplY3RQcm9wZXJ0eSg8aHR0cDovL3d3dy5jby1vZGUub3JnL29udG9sb2dpZXMvZ2FsZW4jaXNTZXh1YWxNYXR1cmF0aW9uT2Y+KQ==
R	f62303e34d23df40baef43c46231056ed13bae765fd903aa578aac4936d2ffc7	SW52ZXJzZUZ1bmN0aW9uYWxPYmplY3RQcm9wZXJ0eSg8aHR0cDovL3d3dy5jby1vZGUub3JnL29udG9sb2dpZXMvZ2FsZW4jaXNTaGFwZUFuYWxhZ291c1RvPik=
R	b293448f7d6d0d59cacc78f2ce6044cf3626090da9bdee08d9dcc143b620be1c	SW52ZXJzZUZ1bmN0aW9uYWxPYmplY3RQcm9wZXJ0eSg8aHR0cDovL3d3dy5jby1vZGUub3JnL29udG9sb2dpZXMvZ2FsZW4jaXNTaGFwZU9mPik=
R	79d6220e0a6017fc22bf3b15a0730d724222d2e9c79fcbc18afcb209ba3ace1f	SW52ZXJzZUZ1bmN0aW9uYWxPYmplY3RQcm9wZXJ0eSg8aHR0cDovL3d3dy5jby1vZGUub3JnL29udG9sb2dpZXMvZ2FsZW4jaXNTaGFycG5lc3NPZj4p
R	152a5ef0ee19ee85bb60a8f71c4cc1d603f0b41e9fb7f468050c27cef2acbf83	SW52ZXJzZUZ1bmN0aW9uYWxPYmplY3RQcm9wZXJ0eSg8aHR0cDovL3d3dy5jby1vZGUub3JnL29udG9sb2dpZXMvZ2FsZW4jaXNTaWduYWxBbXBsaXR1ZGVPZj4p
R	09a38ae3748cfe527e652d786ce9611dac8428c010083ddb295e189fad7f3f18	SW52ZXJzZUZ1bmN0aW9uYWxPYmplY3RQcm9wZXJ0eSg8aHR0cDovL3d3dy5jby1vZGUub3JnL29udG9sb2dpZXMvZ2FsZW4jaXNTaWduYWxBdHRhY2tQaGFzZU9mPik=
R	88548798c91808da2a9b1ab05feb853b5be6132eef0e55aea6d29d5cbf927247	SW52ZXJzZUZ1bmN0aW9uYWxPYmplY3RQcm9wZXJ0eSg8aHR0cDovL3d3dy5jby1vZGUub3JnL29udG9sb2dpZXMvZ2FsZW4jaXNTaWduYWxEZWNheVBoYXNlT2Y+KQ==
R	66592a2652bb692d9eeee5c9fffa4fb4884ad748c0e19cd4f03af3d965b6e1eb	SW52ZXJzZUZ1bmN0aW9uYWxPYmplY3RQcm9wZXJ0eSg8aHR0cDovL3d3dy5jby1vZGUub3JnL29udG9sb2dpZXMvZ2FsZW4jaXNTaWduYWxGcmVxdWVuY3lPZj4p
R	1afcb3adfed3badf83d87cd8d23d4d141310771391279cc28979af07b9c0ad76	SW52ZXJzZUZ1bmN0aW9uYWxPYmplY3RQcm9wZXJ0eSg8aHR0cDovL3d3dy5jby1vZGUub3JnL29udG9sb2dpZXMvZ2FsZW4jaXNTaWduYWxNb3JwaG9sb2d5T2Y+KQ==
R	87f731c078f336b67c83c35dba0019dc9d7575786a8c342e14dfc975c5485208	SW52ZXJzZUZ1bmN0aW9uYWxPYmplY3RQcm9wZXJ0eSg8aHR0cDovL3d3dy5jby1vZGUub3JnL29udG9sb2dpZXMvZ2FsZW4jaXNTaWduYWxQbGF0ZWF1UGhhc2VPZj4p
R	dd5148ed11511b468faafab7e23a28914e5a37de65999fd0eaba6498d0cdf0cc	SW52ZXJzZUZ1bmN0aW9uYWxPYmplY3RQcm9wZXJ0eSg8aHR0cDovL3d3dy5jby1vZGUub3JnL29udG9sb2dpZXMvZ2FsZW4jaXNTaXplT2Y+KQ==
R	3eedf01e185745894821723a13959e7608ec531652de6870c55c92081bc6d099	SW52ZXJzZUZ1bmN0aW9uYWxPYmplY3RQcm9wZXJ0eSg8aHR0cDovL3d3dy5jby1vZGUub3JnL29udG9sb2dpZXMvZ2FsZW4jaXNTa3VsbEZyYWN0dXJlVHlwZU9mPik=
R	3c72ac01e0466bf8882ce31d3cec788a21b07f47986a4e5621233b423f1bd8f7	SW52ZXJzZUZ1bmN0aW9uYWxPYmplY3RQcm9wZXJ0eSg8aHR0cDovL3d3dy5jby1vZGUub3JnL29udG9sb2dpZXMvZ2FsZW4jaXNTb2NpYWxHcm91cFJhbmtpbmdPZj4p
R	c597138a153f1a3b03afc899515cc96a09622b80926635f995ed19bde6a28a01	SW52ZXJzZUZ1bmN0aW9uYWxPYmplY3RQcm9wZXJ0eSg8aHR0cDovL3d3dy5jby1vZGUub3JnL29udG9sb2dpZXMvZ2FsZW4jaXNTb2x1YmlsaXR5T2Y+KQ==
R	f2f05e8b928b3cae8d0a86f8a04e185c40515176e913657b0fcb573155cad133	SW52ZXJzZUZ1bmN0aW9uYWxPYmplY3RQcm9wZXJ0eSg8aHR0cDovL3d3dy5jby1vZGUub3JnL29udG9sb2dpZXMvZ2FsZW4jaXNTb3VuZFRpbWJyZU9mPik=
R	7e88de33357b2e2656c8f4c43bc5130e0f529979edfc47038d7166b6d81aa50f	SW52ZXJzZUZ1bmN0aW9uYWxPYmplY3RQcm9wZXJ0eSg8aHR0cDovL3d3dy5jby1vZGUub3JnL29udG9sb2dpZXMvZ2FsZW4jaXNTcGFjaW5nT2Y+KQ==
R	c62fb22c2f1662a45bbb6776f0d6adcee4dd3d7909ef2f1f19de2def4974fa87	SW52ZXJzZUZ1bmN0aW9uYWxPYmplY3RQcm9wZXJ0eSg8aHR0cDovL3d3dy5jby1vZGUub3JnL29udG9sb2dpZXMvZ2FsZW4jaXNTcGVjaWZpY0Fuc3dlck9mPik=
R	907041c29ed38ec43fe2c893c9dec7b5e2f9d8a4765cf50a221219e128297b9a	SW52ZXJzZUZ1bmN0aW9uYWxPYmplY3RQcm9wZXJ0eSg8aHR0cDovL3d3dy5jby1vZGUub3JnL29udG9sb2dpZXMvZ2FsZW4jaXNTcGVjaWZpY0NvbXBsaWNhdGlvbk9mPik=
R	6aa991eea754327e6b20902e08c15646500db0fd69642b48c545efd8c9b3324b	SW52ZXJzZUZ1bmN0aW9uYWxPYmplY3RQcm9wZXJ0eSg8aHR0cDovL3d3dy5jby1vZGUub3JnL29udG9sb2dpZXMvZ2FsZW4jaXNTcGVjaWZpY0NvbnNlcXVlbmNlT2Y+KQ==
R	8d87b07b4804bf912423da3aeff4ee7f84c8581c55754c5f0d0d6b3c34c80540	SW52ZXJzZUZ1bmN0aW9uYWxPYmplY3RQcm9wZXJ0eSg8aHR0cDovL3d3dy5jby1vZGUub3JnL29udG9sb2dpZXMvZ2FsZW4jaXNTcGVjaWZpY0dvYWxPZj4p
R	9b86f30a6e957617711f28ddd0128d3c6d17a1b70db4ec3d75ef9d8c4608ba9f	SW52ZXJzZUZ1bmN0aW9uYWxPYmplY3RQcm9wZXJ0eSg8aHR0cDovL3d3dy5jby1vZGUub3JnL29udG9sb2dpZXMvZ2FsZW4jaXNTcGVjaWZpY0dyYXZpdHlPZj4p
R	af376cc1d76c06c314714afecbaafa2f779c36bf9b163bef3cf30fa26ef8b16a	SW52ZXJzZUZ1bmN0aW9uYWxPYmplY3RQcm9wZXJ0eSg8aHR0cDovL3d3dy5jby1vZGUub3JnL29udG9sb2dpZXMvZ2FsZW4jaXNTcGVjaWZpY0ltbWVkaWF0ZUNvbXBsaWNhdGlvbk9mPik=
R	37443f171c41133811028e823dffb4c3079f71c8c054fe996a3a9b1b3d65ef5a	SW52ZXJzZUZ1bmN0aW9uYWxPYmplY3RQcm9wZXJ0eSg8aHR0cDovL3d3dy5jby1vZGUub3JnL29udG9sb2dpZXMvZ2FsZW4jaXNTcGVjaWZpY0ltbWVkaWF0ZUNvbnNlcXVlbmNlT2Y+KQ==
R	0556fda0c3c6d0cc79db9a6b7432a07c39bd75c1c5bdc10ab78df9715de417b5	SW52ZXJzZUZ1bmN0aW9uYWxPYmplY3RQcm9wZXJ0eSg8aHR0cDovL3d3dy5jby1vZGUub3JnL29udG9sb2dpZXMvZ2FsZW4jaXNTcGVjaWZpY0xhdGVDb21wbGljYXRpb25PZj4p
R	7f5861881611c40da5b1d4432d3d6dfe38bf78ed08962076268393061e80385e	SW52ZXJzZUZ1bmN0aW9uYWxPYmplY3RQcm9wZXJ0eSg8aHR0cDovL3d3dy5jby1vZGUub3JnL29udG9sb2dpZXMvZ2FsZW4jaXNTcGVjaWZpY0xhdGVDb25zZXF1ZW5jZU9mPik=
R	176acc92825790af352de779fffd1ba7cbae8c48bb6f49e00552e86b374a2401	SW52ZXJzZUZ1bmN0aW9uYWxPYmplY3RQcm9wZXJ0eSg8aHR0cDovL3d3dy5jby1vZGUub3JnL29udG9sb2dpZXMvZ2FsZW4jaXNTcGVjaWZpY0xvY2F0aW9uT2Y+KQ==
R	3a0fd9660276d44e1a5be187810a51209bad029486a97d096b55ce5991ccf5d5	SW52ZXJzZUZ1bmN0aW9uYWxPYmplY3RQcm9wZXJ0eSg8aHR0cDovL3d3dy5jby1vZGUub3JnL29udG9sb2dpZXMvZ2FsZW4jaXNTcGVjaWZpY1BlcnNvblBlcmZvcm1pbmc+KQ==
R	157d7d2548df27eb0270b7fbf340f3f11dc0618af4caab46f54529e56e71d0e1	SW52ZXJzZUZ1bmN0aW9uYWxPYmplY3RQcm9wZXJ0eSg8aHR0cDovL3d3dy5jby1vZGUub3JnL29udG9sb2dpZXMvZ2FsZW4jaXNTcGVjaWZpY1BoYXNlT2Y+KQ==
R	a15fec8201ac8e47e0f48f63cc960b2aaa5c71800ab14cbdaba050fdc5530f6a	SW52ZXJzZUZ1bmN0aW9uYWxPYmplY3RQcm9wZXJ0eSg8aHR0cDovL3d3dy5jby1vZGUub3JnL29udG9sb2dpZXMvZ2FsZW4jaXNTcGVjaWZpY1BoeXNpY2FsTWVhbnNPZj4p
R	c408a5c511bd4739128180ee7fb80b64c46b6f5e03f367325ba7e532a852e819	SW52ZXJzZUZ1bmN0aW9uYWxPYmplY3RQcm9wZXJ0eSg8aHR0cDovL3d3dy5jby1vZGUub3JnL29udG9sb2dpZXMvZ2FsZW4jaXNTcGVjaWZpY1Byb3hpbWl0eU9mPik=
R	2417264b241d8eac0e23ea432756a65e2a5f045f3eae40c1f11ccb7175c95cbf	SW52ZXJzZUZ1bmN0aW9uYWxPYmplY3RQcm9wZXJ0eSg8aHR0cDovL3d3dy5jby1vZGUub3JnL29udG9sb2dpZXMvZ2FsZW4jaXNTcGVjaWZpY2FsbHlBc3NvY2lhdGVkV2l0aD4p
R	2ee08370c86c9a6fa81308b0e780773c45fa78529b87118c0235d7fc309d139d	SW52ZXJzZUZ1bmN0aW9uYWxPYmplY3RQcm9wZXJ0eSg8aHR0cDovL3d3dy5jby1vZGUub3JnL29udG9sb2dpZXMvZ2FsZW4jaXNTcGVjaWZpY2FsbHlEZXRlcm1pbmVkQnk+KQ==
R	c181e38857d63e442243043ccb9d0a24c465d4cdfe420cea4637f20088b9baed	SW52ZXJzZUZ1bmN0aW9uYWxPYmplY3RQcm9wZXJ0eSg8aHR0cDovL3d3dy5jby1vZGUub3JnL29udG9sb2dpZXMvZ2FsZW4jaXNTcGVjaWZpY2FsbHlGb2xsb3dlZEJ5Pik=
R	dd66c8a6eaf1c2df44b50eb67be43f2f1fa3033fc4cc716dce14bba9ee4ea12e	SW52ZXJzZUZ1bmN0aW9uYWxPYmplY3RQcm9wZXJ0eSg8aHR0cDovL3d3dy5jby1vZGUub3JnL29udG9sb2dpZXMvZ2FsZW4jaXNTcGVjaWZpY2FsbHlNYWRlT2Y+KQ==
R	8ded27437d08deec12cd3fc140373db6edf619702a1fcf8cdae970f01a319e2d	SW52ZXJzZUZ1bmN0aW9uYWxPYmplY3RQcm9wZXJ0eSg8aHR0cDovL3d3dy5jby1vZGUub3JnL29udG9sb2dpZXMvZ2FsZW4jaXNTcGVjaWZpY2FsbHlTZXJ2ZWRCeT4p
R	eafe52ab5bfa7a3d9b0d36578075de75603396407e03a243e3db6011c626223f	SW52ZXJzZUZ1bmN0aW9uYWxPYmplY3RQcm9wZXJ0eSg8aHR0cDovL3d3dy5jby1vZGUub3JnL29udG9sb2dpZXMvZ2FsZW4jaXNTcGVjaWZpY2FsbHlUcmlnZ2VyZWRCeT4p
R	b2d71a56b5463acee237d225e5d4097d763c6b41d2787dac9192382f33be79ce	SW52ZXJzZUZ1bmN0aW9uYWxPYmplY3RQcm9wZXJ0eSg8aHR0cDovL3d3dy5jby1vZGUub3JnL29udG9sb2dpZXMvZ2FsZW4jaXNTcGVjaWZpY2F0aW9uTGV2ZWxPZj4p
R	6654ff3180da2259e4196378352facc37a2571644543774bc9928480e9cb1d81	SW52ZXJzZUZ1bmN0aW9uYWxPYmplY3RQcm9wZXJ0eSg8aHR0cDovL3d3dy5jby1vZGUub3JnL29udG9sb2dpZXMvZ2FsZW4jaXNTcGVjaWZpY2l0eU9mPik=
R	46c39252e24164cfb2f30e7305ab249fbeaff1df947570d08fad846e94650adc	SW52ZXJzZUZ1bmN0aW9uYWxPYmplY3RQcm9wZXJ0eSg8aHR0cDovL3d3dy5jby1vZGUub3JnL29udG9sb2dpZXMvZ2FsZW4jaXNTcGVlZE9mPik=
R	cb03ab59a193020192575c4ce529cd896a3e97649898bc7b65265a7b09605980	SW52ZXJzZUZ1bmN0aW9uYWxPYmplY3RQcm9wZXJ0eSg8aHR0cDovL3d3dy5jby1vZGUub3JnL29udG9sb2dpZXMvZ2FsZW4jaXNTcG9udGFuZWl0eU9mPik=
R	6bad8e9fb251f844cfa30ad8fe5222480e01ce41e549b020adbeeb28ff7cf94c	SW52ZXJzZUZ1bmN0aW9uYWxPYmplY3RQcm9wZXJ0eSg8aHR0cDovL3d3dy5jby1vZGUub3JnL29udG9sb2dpZXMvZ2FsZW4jaXNTdGFydFBvaW50T2Y+KQ==
R	c0c01146fc5a8b175e32e5650e8a1c940221448430bb6405ba6890dcf828ed59	SW52ZXJzZUZ1bmN0aW9uYWxPYmplY3RQcm9wZXJ0eSg8aHR0cDovL3d3dy5jby1vZGUub3JnL29udG9sb2dpZXMvZ2FsZW4jaXNTdGFydFRpbWVPZj4p
R	7aa38a61adb39cf827b9d0680c13b9e2225e45f77fb813a76e7871e0928fb079	SW52ZXJzZUZ1bmN0aW9uYWxPYmplY3RQcm9wZXJ0eSg8aHR0cDovL3d3dy5jby1vZGUub3JnL29udG9sb2dpZXMvZ2FsZW4jaXNTdGF0ZU9mPik=
R	4ec5e4e1aa4fea31fa082289670eff4b6535bbef913fe437fe77b89cadd734a2	SW52ZXJzZUZ1bmN0aW9uYWxPYmplY3RQcm9wZXJ0eSg8aHR0cDovL3d3dy5jby1vZGUub3JnL29udG9sb2dpZXMvZ2FsZW4jaXNTdGVyaWxpc2FiaWxpdHlPZj4p
R	18352afe23ea4cae9f0d169809fff8e1cca4f65a1ef4c068a53d798ba6084284	SW52ZXJzZUZ1bmN0aW9uYWxPYmplY3RQcm9wZXJ0eSg8aHR0cDovL3d3dy5jby1vZGUub3JnL29udG9sb2dpZXMvZ2FsZW4jaXNTdGVyaWxpdHlPZj4p
R	5d259ebcd32ebacaab1bebe69d69a8e60b535a8e2efc1f9f511e0d32432861fd	SW52ZXJzZUZ1bmN0aW9uYWxPYmplY3RQcm9wZXJ0eSg8aHR0cDovL3d3dy5jby1vZGUub3JnL29udG9sb2dpZXMvZ2FsZW4jaXNTdHJhaW5DYXBhY2l0eU9mPik=
R	d4e599a49977e3e873cf4aa090ff2ca72b39101b5c52c76d6576d37fcbe51fe3	SW52ZXJzZUZ1bmN0aW9uYWxPYmplY3RQcm9wZXJ0eSg8aHR0cDovL3d3dy5jby1vZGUub3JnL29udG9sb2dpZXMvZ2FsZW4jaXNTdHJlbmd0aE9mPik=
R	f66539ce1874efdf9b18d7c6b020ec6a29fd7cc9be45b8cf8151149e1eca0336	SW52ZXJzZUZ1bmN0aW9uYWxPYmplY3RQcm9wZXJ0eSg8aHR0cDovL3d3dy5jby1vZGUub3JnL29udG9sb2dpZXMvZ2FsZW4jaXNTdHJlc3NDYXBhY2l0eU9mPik=
R	bdad899bc9746fd712276065531eb84d02c09c019d531528ccdaba7f2ea9bbd3	SW52ZXJzZUZ1bmN0aW9uYWxPYmplY3RQcm9wZXJ0eSg8aHR0cDovL3d3dy5jby1vZGUub3JnL29udG9sb2dpZXMvZ2FsZW4jaXNTdHJ1Y3R1cmFsRXh0ZW50T2Y+KQ==
R	35cd71e15f5f09c4c7a10f65edfcccc355d411426e2d93ef58bad433fa0dff49	SW52ZXJzZUZ1bmN0aW9uYWxPYmplY3RQcm9wZXJ0eSg8aHR0cDovL3d3dy5jby1vZGUub3JnL29udG9sb2dpZXMvZ2FsZW4jaXNTdWRkZW5lc3NPZj4p
R	2a94bf7520e7e4c07e82b64ff6d8db7b824aef84656bd7a15a100d602970077f	SW52ZXJzZUZ1bmN0aW9uYWxPYmplY3RQcm9wZXJ0eSg8aHR0cDovL3d3dy5jby1vZGUub3JnL29udG9sb2dpZXMvZ2FsZW4jaXNTdXBlcmZpY2lhbERlZXBTZWxlY3Rvck9mPik=
R	4bf392065c4948196712f03b83c4f83d039670cdad4ff7692208895a922e862a	SW52ZXJzZUZ1bmN0aW9uYWxPYmplY3RQcm9wZXJ0eSg8aHR0cDovL3d3dy5jby1vZGUub3JnL29udG9sb2dpZXMvZ2FsZW4jaXNTdXBlcmlvckluZmVyaW9yUG9zaXRpb25PZj4p
R	64547628ecfcc03af2eb9a352df355e57a0eae833adb5af8b36ad577ba82353f	SW52ZXJzZUZ1bmN0aW9uYWxPYmplY3RQcm9wZXJ0eSg8aHR0cDovL3d3dy5jby1vZGUub3JnL29udG9sb2dpZXMvZ2FsZW4jaXNTdXBlcmlvckluZmVyaW9yU2VsZWN0b3JPZj4p
R	05f8ee9870a566d5bc41695ccaf5f542571af4eb5e1156044e48b37952e10763	SW52ZXJzZUZ1bmN0aW9uYWxPYmplY3RQcm9wZXJ0eSg8aHR0cDovL3d3dy5jby1vZGUub3JnL29udG9sb2dpZXMvZ2FsZW4jaXNTdXJmYWNlVmlzaWJpbGl0eU9mPik=
R	a5dc030151fb726591c22eaba8cdcff77d1664e028fee4c1e74b00bef5e98288	SW52ZXJzZUZ1bmN0aW9uYWxPYmplY3RQcm9wZXJ0eSg8aHR0cDovL3d3dy5jby1vZGUub3JnL29udG9sb2dpZXMvZ2FsZW4jaXNTdXJnaWNhbEV4dGVudE9mPik=
R	3211c2ec7e311cbff3aa4fe595e43cdc4cbdb7e4e1fb7f2e10f8b27871371014	SW52ZXJzZUZ1bmN0aW9uYWxPYmplY3RQcm9wZXJ0eSg8aHR0cDovL3d3dy5jby1vZGUub3JnL29udG9sb2dpZXMvZ2FsZW4jaXNTdXJnaWNhbE9wZW5DbG9zZWRuZXNzT2Y+KQ==
R	977bd985c41f211c7eb9e623968fb698e91a66124e7c930e5af1477f418d9007	SW52ZXJzZUZ1bmN0aW9uYWxPYmplY3RQcm9wZXJ0eSg8aHR0cDovL3d3dy5jby1vZGUub3JnL29udG9sb2dpZXMvZ2FsZW4jaXNTdXJnaWNhbFByaW1hcnlTZWNvbmRhcnlTdGF0dXNPZj4p
R	a4c7617ffcb99e9ddf45c0ab066e89948b6befff1260b35b766b414560d3f98b	SW52ZXJzZUZ1bmN0aW9uYWxPYmplY3RQcm9wZXJ0eSg8aHR0cDovL3d3dy5jby1vZGUub3JnL29udG9sb2dpZXMvZ2FsZW4jaXNTeW1wdG9tQ2hhcmFjdGVyT2Y+KQ==
R	e19fba83f11a756d1afe938e2b75843b6a68c4e43ddfe706cd24466ab27f9e04	SW52ZXJzZUZ1bmN0aW9uYWxPYmplY3RQcm9wZXJ0eSg8aHR0cDovL3d3dy5jby1vZGUub3JnL29udG9sb2dpZXMvZ2FsZW4jaXNTeXN0ZW1EZWZpbmVkQnk+KQ==
R	98f0ab934c1fbd9ecc31cfc286a51700866426cfda4d7e7d1c70064dce9e71dd	SW52ZXJzZUZ1bmN0aW9uYWxPYmplY3RQcm9wZXJ0eSg8aHR0cDovL3d3dy5jby1vZGUub3JnL29udG9sb2dpZXMvZ2FsZW4jaXNUYXN0ZUZlYXR1cmVPZj4p
R	a35ee1cabed52e1354f4221ed29a6543a6bd08231f483cc1f87409a7c4aef494	SW52ZXJzZUZ1bmN0aW9uYWxPYmplY3RQcm9wZXJ0eSg8aHR0cDovL3d3dy5jby1vZGUub3JnL29udG9sb2dpZXMvZ2FsZW4jaXNUZW1wb3JhbFBhdHRlcm5PZj4p
R	e0ccde4664bf1acd0181803f38babcb6cf4c7359de6d96e8834c17ab21f6e996	SW52ZXJzZUZ1bmN0aW9uYWxPYmplY3RQcm9wZXJ0eSg8aHR0cDovL3d3dy5jby1vZGUub3JnL29udG9sb2dpZXMvZ2FsZW4jaXNUZXh0dXJlT2Y+KQ==
R	9f30e20918370b5d4db315ad7a3dc8f3914ed075cc193943f9ba2a1648ad601b	SW52ZXJzZUZ1bmN0aW9uYWxPYmplY3RQcm9wZXJ0eSg8aHR0cDovL3d3dy5jby1vZGUub3JnL29udG9sb2dpZXMvZ2FsZW4jaXNUaGVybWFsQ2FwYWNpdHlPZj4p
R	6e0c5bb87912d303bfdda3f31777fca57562520c09e1f557cb058b4b7993982a	SW52ZXJzZUZ1bmN0aW9uYWxPYmplY3RQcm9wZXJ0eSg8aHR0cDovL3d3dy5jby1vZGUub3JnL29udG9sb2dpZXMvZ2FsZW4jaXNUaW1lT2ZPY2N1cnJlbmNlT2Y+KQ==
R	8c25f92941a4bf5ef8cc0139b43f145d501bb6dbe26e83be73d2ce1531b57b05	SW52ZXJzZUZ1bmN0aW9uYWxPYmplY3RQcm9wZXJ0eSg8aHR0cDovL3d3dy5jby1vZGUub3JnL29udG9sb2dpZXMvZ2FsZW4jaXNUb3BvbG9neU9mPik=
R	55cfc0fec1b7b08ab267a027ae6c74c5407be8d920597bf503cb58a4194a92cb	SW52ZXJzZUZ1bmN0aW9uYWxPYmplY3RQcm9wZXJ0eSg8aHR0cDovL3d3dy5jby1vZGUub3JnL29udG9sb2dpZXMvZ2FsZW4jaXNUb3VnaG5lc3NPZj4p
R	e9ea0ba030d43e9b348701334ed20562a4a113ba72b8a3c5c48c35bf778b8122	SW52ZXJzZUZ1bmN0aW9uYWxPYmplY3RQcm9wZXJ0eSg8aHR0cDovL3d3dy5jby1vZGUub3JnL29udG9sb2dpZXMvZ2FsZW4jaXNUcmFuc3BhcmVuY3lPZj4p
R	f57b3411d5bb1a7fc86835c9ae78657d7c4131538340cfaee0d0694e3ebd1f83	SW52ZXJzZUZ1bmN0aW9uYWxPYmplY3RQcm9wZXJ0eSg8aHR0cDovL3d3dy5jby1vZGUub3JnL29udG9sb2dpZXMvZ2FsZW4jaXNUcmVhdG1lbnRTdGF0dXNPZj4p
R	5aea8ebafd327c38510995ffaa17599d04b0ee7fc14c862af811a8f3b8afc719	SW52ZXJzZUZ1bmN0aW9uYWxPYmplY3RQcm9wZXJ0eSg8aHR0cDovL3d3dy5jby1vZGUub3JnL29udG9sb2dpZXMvZ2FsZW4jaXNUcmVhdG1lbnRUcmFjdGFiaWxpdHlPZj4p
R	177fafc83da152a044854654fb3f7bc01442bff64cbbeb137f5a75cfa7754617	SW52ZXJzZUZ1bmN0aW9uYWxPYmplY3RQcm9wZXJ0eSg8aHR0cDovL3d3dy5jby1vZGUub3JnL29udG9sb2dpZXMvZ2FsZW4jaXNUcmVuZEluU3RhdGVPZj4p
R	dda155a815d355b0aa3a5125eef314d8d8529ea31bc815da5edf77c83d3a1e08	SW52ZXJzZUZ1bmN0aW9uYWxPYmplY3RQcm9wZXJ0eSg8aHR0cDovL3d3dy5jby1vZGUub3JnL29udG9sb2dpZXMvZ2FsZW4jaXNUdW1vdXJIaXN0b2xvZ3lPZj4p
R	573eba5aabb68ffbd4a368a3376bf6a57e7f93f00333285d3dd63b3a60ed17dd	SW52ZXJzZUZ1bmN0aW9uYWxPYmplY3RQcm9wZXJ0eSg8aHR0cDovL3d3dy5jby1vZGUub3JnL29udG9sb2dpZXMvZ2FsZW4jaXNUdW1vdXJNb3JwaG9sb2d5T2Y+KQ==
R	694bdc9f75c0889f443cde758e346506cf402bdec6d0875587cb3a78bd037628	SW52ZXJzZUZ1bmN0aW9uYWxPYmplY3RQcm9wZXJ0eSg8aHR0cDovL3d3dy5jby1vZGUub3JnL29udG9sb2dpZXMvZ2FsZW4jaXNUeXBlT2ZDaGVtaWNhbFByb2Nlc3NPZj4p
R	d9edb1d4b923fe7c0828b8ef83081ebe67e1268d6e58602cb341d3d070608440	SW52ZXJzZUZ1bmN0aW9uYWxPYmplY3RQcm9wZXJ0eSg8aHR0cDovL3d3dy5jby1vZGUub3JnL29udG9sb2dpZXMvZ2FsZW4jaXNVbmlxdWVJbW1lZGlhdGVDb25zZXF1ZW5jZU9mPik=
R	300508136e422a00e8cc9f0462fce4c70b181966318f1f2904721120365ec2ba	SW52ZXJzZUZ1bmN0aW9uYWxPYmplY3RQcm9wZXJ0eSg8aHR0cDovL3d3dy5jby1vZGUub3JnL29udG9sb2dpZXMvZ2FsZW4jaXNVbmlxdWVMYXRlQ29uc2VxdWVuY2VPZj4p
R	4db266e5fcc75b92116c4ebef01530b866f9f85e91311f2168300e4df8068c7d	SW52ZXJzZUZ1bmN0aW9uYWxPYmplY3RQcm9wZXJ0eSg8aHR0cDovL3d3dy5jby1vZGUub3JnL29udG9sb2dpZXMvZ2FsZW4jaXNVbmlxdWVTdWJwcm9jZXNzT2Y+KQ==
R	9dd8650149021f93f0d529d1bb59abef8fdc1495b036c449c36c0a3cdf720d7c	SW52ZXJzZUZ1bmN0aW9uYWxPYmplY3RQcm9wZXJ0eSg8aHR0cDovL3d3dy5jby1vZGUub3JnL29udG9sb2dpZXMvZ2FsZW4jaXNVbml0T2Y+KQ==
R	24d39faffb8811e501664e7833e87a6079a39c31ef167a4055f5d3c3d432ca77	SW52ZXJzZUZ1bmN0aW9uYWxPYmplY3RQcm9wZXJ0eSg8aHR0cDovL3d3dy5jby1vZGUub3JnL29udG9sb2dpZXMvZ2FsZW4jaXNVcHBlckxvd2VyUG9zaXRpb25PZj4p
R	56c07c495be6531f836b97dae092963923c558e4c90d3e90e0570ddc435d674a	SW52ZXJzZUZ1bmN0aW9uYWxPYmplY3RQcm9wZXJ0eSg8aHR0cDovL3d3dy5jby1vZGUub3JnL29udG9sb2dpZXMvZ2FsZW4jaXNVcHBlckxvd2VyU2VsZWN0b3JPZj4p
R	1e9569e4500d842c8db79b6128b44bc900e08259d6a8bb400b8fed91b0c89bcd	SW52ZXJzZUZ1bmN0aW9uYWxPYmplY3RQcm9wZXJ0eSg8aHR0cDovL3d3dy5jby1vZGUub3JnL29udG9sb2dpZXMvZ2FsZW4jaXNVcmdlbmN5T2Y+KQ==
R	272d9252ab43f8c1ff1b77447b788eb6d4adc7eddb3633ca6ea45cc70909c718	SW52ZXJzZUZ1bmN0aW9uYWxPYmplY3RQcm9wZXJ0eSg8aHR0cDovL3d3dy5jby1vZGUub3JnL29udG9sb2dpZXMvZ2FsZW4jaXNVc2VmdWxuZXNzT2Y+KQ==
R	3a907543b32a55415cff997f9cddb7ff5f99c5d7263926ba87793a6a290ba2bb	SW52ZXJzZUZ1bmN0aW9uYWxPYmplY3RQcm9wZXJ0eSg8aHR0cDovL3d3dy5jby1vZGUub3JnL29udG9sb2dpZXMvZ2FsZW4jaXNWYWxlbmN5T2Y+KQ==
R	2e3bfbab91b6cc36638985e5ba8b738b581a0bf3c98d43f215e7cf319e7e8989	SW52ZXJzZUZ1bmN0aW9uYWxPYmplY3RQcm9wZXJ0eSg8aHR0cDovL3d3dy5jby1vZGUub3JnL29udG9sb2dpZXMvZ2FsZW4jaXNWYXNjdWxhclB1bHNlVm9sdW1lT2Y+KQ==
R	194233c8b02a274e359145025f7bbc7caa9f86b693448fedb70d87013e2d42d5	SW52ZXJzZUZ1bmN0aW9uYWxPYmplY3RQcm9wZXJ0eSg8aHR0cDovL3d3dy5jby1vZGUub3JnL29udG9sb2dpZXMvZ2FsZW4jaXNWZXJ0aWNhbERlcHRoT2Y+KQ==
R	c654998b59ea50c706a7a35a7132a77256e0766eb45763ccaa543ac01fc559ed	SW52ZXJzZUZ1bmN0aW9uYWxPYmplY3RQcm9wZXJ0eSg8aHR0cDovL3d3dy5jby1vZGUub3JnL29udG9sb2dpZXMvZ2FsZW4jaXNWaWFiaWxpdHlPZj4p
R	b8826ee63c5950f5e2d76e77e5466dccf11eb3ae47ba48a6a2b7227d61bf3ad0	SW52ZXJzZUZ1bmN0aW9uYWxPYmplY3RQcm9wZXJ0eSg8aHR0cDovL3d3dy5jby1vZGUub3JnL29udG9sb2dpZXMvZ2FsZW4jaXNWaXNjZXJhbFBhcmlldGFsU2VsZWN0b3JPZj4p
R	40bb52e5285b5008965587bdea02cde35902f8bb37054c405005b3b96e37a8c6	SW52ZXJzZUZ1bmN0aW9uYWxPYmplY3RQcm9wZXJ0eSg8aHR0cDovL3d3dy5jby1vZGUub3JnL29udG9sb2dpZXMvZ2FsZW4jaXNWb2xhdGlsdHlPZj4p
R	aae839ed79bbedf935aa369bbf3e5cf3e21a1df7bc8d60cada29039dff0cabcc	SW52ZXJzZUZ1bmN0aW9uYWxPYmplY3RQcm9wZXJ0eSg8aHR0cDovL3d3dy5jby1vZGUub3JnL29udG9sb2dpZXMvZ2FsZW4jaXNWb2x1bWVPZj4p
R	ddc8f2aa55e327dcaa8205ed8d7e655efcb6fc3ac0fad53b0ff3a1da76b1e6b0	SW52ZXJzZUZ1bmN0aW9uYWxPYmplY3RQcm9wZXJ0eSg8aHR0cDovL3d3dy5jby1vZGUub3JnL29udG9sb2dpZXMvZ2FsZW4jaXNXaWR0aE9mPik=
R	c2ff0dc46d36480dcca15859bb0a54b19bad534c67bb8f01d734ff4715b7e3e3	SW52ZXJzZUZ1bmN0aW9uYWxPYmplY3RQcm9wZXJ0eSg8aHR0cDovL3d3dy5jby1vZGUub3JnL29udG9sb2dpZXMvZ2FsZW4jaXNXaXRoUmVmZXJlbmNlVG8+KQ==
R	7d4924b0925e48c44e24e0a16f2aad9148565b30bbe7eaed8704058a02e53ed4	SW52ZXJzZUZ1bmN0aW9uYWxPYmplY3RQcm9wZXJ0eSg8aHR0cDovL3d3dy5jby1vZGUub3JnL29udG9sb2dpZXMvZ2FsZW4jaXNXb3JrUGhvbmVOdW1iZXJPZj4p
R	a8287de16dfab06ee19a8163f41262a3a784c5e985e05d65d7c0bd2cfae7a042	SW52ZXJzZUZ1bmN0aW9uYWxPYmplY3RQcm9wZXJ0eSg8aHR0cDovL3d3dy5jby1vZGUub3JnL29udG9sb2dpZXMvZ2FsZW4jbG9jYXRpdmVseUNvbnRhaW5zPik=
R	869758129ee1e59ccb48cbf2d5a48ac9301df08a6023979162097d43d96fc3ed	SW52ZXJzZUZ1bmN0aW9uYWxPYmplY3RQcm9wZXJ0eSg8aHR0cDovL3d3dy5jby1vZGUub3JnL29udG9sb2dpZXMvZ2FsZW4jc3BlY2lmaWNhbGx5Rm9sbG93cz4p
R	de4c765fecc02bde5748560969f42970206a5903f930e869853217005d190905	SW52ZXJzZUZ1bmN0aW9uYWxPYmplY3RQcm9wZXJ0eSg8aHR0cDovL3d3dy5jby1vZGUub3JnL29udG9sb2dpZXMvZ2FsZW4jc3BlY2lmaWNhbGx5Tm9uUGFydGl0aXZlbHlDb250YWlucz4p
R	ef056be96b3cde48097aa2a3e135796a789502f748488d5cb0e4feaa084e566d	SW52ZXJzZUZ1bmN0aW9uYWxPYmplY3RQcm9wZXJ0eSg8aHR0cDovL3d3dy5jby1vZGUub3JnL29udG9sb2dpZXMvZ2FsZW4jc3BlY2lmaWNhbGx5UGFydGl0aXZlbHlDb250YWlucz4p
R	4713506d5eeb369397e5f0836b3234217ac947fda75a3fb0dd44514e58e19e95	SW52ZXJzZU9iamVjdFByb3BlcnRpZXMoPGh0dHA6Ly93d3cuY28tb2RlLm9yZy9vbnRvbG9naWVzL2dhbGVuI0FwcGxpY2F0aW9uQXR0cmlidXRlPiA8aHR0cDovL3d3dy5jby1vZGUub3JnL29udG9sb2dpZXMvZ2FsZW4jSW52ZXJzZUFwcGxpY2F0aW9uQXR0cmlidXRlPik=
R	1571f3b3d99958ebb4bfb11ff68e0619a3fedf39d2688f76fa278de0e9670803	SW52ZXJzZU9iamVjdFByb3BlcnRpZXMoPGh0dHA6Ly93d3cuY28tb2RlLm9yZy9vbnRvbG9naWVzL2dhbGVuI0NoZW1pY2FsUHJvY2Vzc01vZGlmaWVyQXR0cmlidXRlPiA8aHR0cDovL3d3dy5jby1vZGUub3JnL29udG9sb2dpZXMvZ2FsZW4jSW52ZXJzZUNoZW1pY2FsUHJvY2Vzc0F0dHJpYnV0ZT4p
R	c69353b532a79ac587028cec51bfcd2c40d555b5d84f212ad55436f350cf5668	SW52ZXJzZU9iamVjdFByb3BlcnRpZXMoPGh0dHA6Ly93d3cuY28tb2RlLm9yZy9vbnRvbG9naWVzL2dhbGVuI0NvbnN0cnVjdGl2ZUF0dHJpYnV0ZT4gPGh0dHA6Ly93d3cuY28tb2RlLm9yZy9vbnRvbG9naWVzL2dhbGVuI0ludmVyc2VDb25zdHJ1Y3RpdmVBdHRyaWJ1dGU+KQ==
R	fb0f4e84f6a261c50d26fe5a63c5908c4b83277d20b42d932cbec90374357b50	SW52ZXJzZU9iamVjdFByb3BlcnRpZXMoPGh0dHA6Ly93d3cuY28tb2RlLm9yZy9vbnRvbG9naWVzL2dhbGVuI0NvbnRhaW5tZW50QXR0cmlidXRlPiA8aHR0cDovL3d3dy5jby1vZGUub3JnL29udG9sb2dpZXMvZ2FsZW4jSW52ZXJzZUNvbnRhaW5tZW50QXR0cmlidXRlPik=
R	97c13e061c1813b67bd0f1fcc4fa1e8918c6a7beb41b851dc6ffac6d87b06d0a	SW52ZXJzZU9iamVjdFByb3BlcnRpZXMoPGh0dHA6Ly93d3cuY28tb2RlLm9yZy9vbnRvbG9naWVzL2dhbGVuI0RlbGltaXRpbmdBdHRyaWJ1dGU+IDxodHRwOi8vd3d3LmNvLW9kZS5vcmcvb250b2xvZ2llcy9nYWxlbiNJbnZlcnNlRGVsaW1pdGluZ0F0dHJpYnV0ZT4p
R	a1b2ec5c3f8f123dd7b8ca16d149ef6d0eeeefa959f21bc606428437e665fa41	SW52ZXJzZU9iamVjdFByb3BlcnRpZXMoPGh0dHA6Ly93d3cuY28tb2RlLm9yZy9vbnRvbG9naWVzL2dhbGVuI0Rpc2Vhc2VQcm9jZXNzTW9kaWZpZXJBdHRyaWJ1dGU+IDxodHRwOi8vd3d3LmNvLW9kZS5vcmcvb250b2xvZ2llcy9nYWxlbiNJbnZlcnNlRGlzZWFzZVByb2Nlc3NBdHRyaWJ1dGU+KQ==
R	b3c18901e4b03293f3414041ce75f19c05318bb5da19732eb86211b6809f1239	SW52ZXJzZU9iamVjdFByb3BlcnRpZXMoPGh0dHA6Ly93d3cuY28tb2RlLm9yZy9vbnRvbG9naWVzL2dhbGVuI0V4aXN0ZW50aWFsTW9kaWZpZXJBdHRyaWJ1dGU+IDxodHRwOi8vd3d3LmNvLW9kZS5vcmcvb250b2xvZ2llcy9nYWxlbiNJbnZlcnNlRXhpc3RlbnRpYWxNb2RpZmllckF0dHJpYnV0ZT4p
R	3594f9707d4bf1cacc7c7fdfd8107830be8217b5950e0be6b1d454f706cfc1ca	SW52ZXJzZU9iamVjdFByb3BlcnRpZXMoPGh0dHA6Ly93d3cuY28tb2RlLm9yZy9vbnRvbG9naWVzL2dhbGVuI0Z1bmN0aW9uYWxBdHRyaWJ1dGU+IDxodHRwOi8vd3d3LmNvLW9kZS5vcmcvb250b2xvZ2llcy9nYWxlbiNJbnZlcnNlRnVuY3Rpb25hbEF0dHJpYnV0ZT4p
R	1247a1f9052cf4bf36eb9160dad2549f010ef704675390dbe837096a3737fbf5	SW52ZXJzZU9iamVjdFByb3BlcnRpZXMoPGh0dHA6Ly93d3cuY28tb2RlLm9yZy9vbnRvbG9naWVzL2dhbGVuI0ludmVyc2VBdHRyaWJ1dGU+IDxodHRwOi8vd3d3LmNvLW9kZS5vcmcvb250b2xvZ2llcy9nYWxlbiNBdHRyaWJ1dGU+KQ==
R	aadb33002397886ef1f637d85061a52a689ce5a0cbe9f938da10d149810f2128	SW52ZXJzZU9iamVjdFByb3BlcnRpZXMoPGh0dHA6Ly93d3cuY28tb2RlLm9yZy9vbnRvbG9naWVzL2dhbGVuI0ludmVyc2VDaGVtaWNhbE1vZGlmaWVyPiA8aHR0cDovL3d3dy5jby1vZGUub3JnL29udG9sb2dpZXMvZ2FsZW4jQ2hlbWljYWxNb2RpZmllcj4p
R	e397e34085f6f983180ed303fbab9c2543ec797606668b581397cbc35e84f373	SW52ZXJzZU9iamVjdFByb3BlcnRpZXMoPGh0dHA6Ly93d3cuY28tb2RlLm9yZy9vbnRvbG9naWVzL2dhbGVuI0ludmVyc2VDbGluaWNhbFJlY29yZEF0dHJpYnV0ZT4gPGh0dHA6Ly93d3cuY28tb2RlLm9yZy9vbnRvbG9naWVzL2dhbGVuI0NsaW5pY2FsUmVjb3JkQXR0cmlidXRlPik=
R	097adde4593455dffc6a944ec3b26745268f8726e4d1b40af6c8a074d0496b70	SW52ZXJzZU9iamVjdFByb3BlcnRpZXMoPGh0dHA6Ly93d3cuY28tb2RlLm9yZy9vbnRvbG9naWVzL2dhbGVuI0ludmVyc2VDb2xsZWN0aW9uQXR0cmlidXRlPiA8aHR0cDovL3d3dy5jby1vZGUub3JnL29udG9sb2dpZXMvZ2FsZW4jQ29sbGVjdGlvbkF0dHJpYnV0ZT4p
R	b52ca327bebb6161a2f2bb22f855575785b4c69235e3b20303ee0cd84407c673	SW52ZXJzZU9iamVjdFByb3BlcnRpZXMoPGh0dHA6Ly93d3cuY28tb2RlLm9yZy9vbnRvbG9naWVzL2dhbGVuI0ludmVyc2VEb21haW5BdHRyaWJ1dGU+IDxodHRwOi8vd3d3LmNvLW9kZS5vcmcvb250b2xvZ2llcy9nYWxlbiNEb21haW5BdHRyaWJ1dGU+KQ==
R	4188d60e49ddb415feb6d942683740b236054aa67f87cba5195a5da2b0a8bdb1	SW52ZXJzZU9iamVjdFByb3BlcnRpZXMoPGh0dHA6Ly93d3cuY28tb2RlLm9yZy9vbnRvbG9naWVzL2dhbGVuI0ludmVyc2VGZWF0dXJlU3RhdGVBdHRyaWJ1dGU+IDxodHRwOi8vd3d3LmNvLW9kZS5vcmcvb250b2xvZ2llcy9nYWxlbiNGZWF0dXJlU3RhdGVBdHRyaWJ1dGU+KQ==
R	42f192150bb6c7d89157bd515c8601c169c584fa338eb95ec12eab0ff1e46961	SW52ZXJzZU9iamVjdFByb3BlcnRpZXMoPGh0dHA6Ly93d3cuY28tb2RlLm9yZy9vbnRvbG9naWVzL2dhbGVuI0ludmVyc2VMaW5lYXJEZWxpbWl0aW5nQXR0cmlidXRlPiA8aHR0cDovL3d3dy5jby1vZGUub3JnL29udG9sb2dpZXMvZ2FsZW4jTGluZWFyRGVsaW1pdGluZ0F0dHJpYnV0ZT4p
R	6b5a6d612dfcc6fe860827c6d1f92171ee5fff8c462d7dac0becb562ee3065b6	SW52ZXJzZU9iamVjdFByb3BlcnRpZXMoPGh0dHA6Ly93d3cuY28tb2RlLm9yZy9vbnRvbG9naWVzL2dhbGVuI0ludmVyc2VNb2RhbGl0eUF0dHJpYnV0ZT4gPGh0dHA6Ly93d3cuY28tb2RlLm9yZy9vbnRvbG9naWVzL2dhbGVuI01vZGFsaXR5QXR0cmlidXRlPik=
R	67f69967051f1af48bd690d57bffe011e6ff0e2684cf2a8c2f9bce153bfac8d1	SW52ZXJzZU9iamVjdFByb3BlcnRpZXMoPGh0dHA6Ly93d3cuY28tb2RlLm9yZy9vbnRvbG9naWVzL2dhbGVuI0ludmVyc2VPcmdhbmlzbVNlbGVjdG9yQXR0cmlidXRlPiA8aHR0cDovL3d3dy5jby1vZGUub3JnL29udG9sb2dpZXMvZ2FsZW4jT3JnYW5pc21TZWxlY3RvckF0dHJpYnV0ZT4p
R	f3b6b4ea7a9195edbe6f5ddf7a1877315f961f3d03b3a721f335afaebfd0f37c	SW52ZXJzZU9iamVjdFByb3BlcnRpZXMoPGh0dHA6Ly93d3cuY28tb2RlLm9yZy9vbnRvbG9naWVzL2dhbGVuI0ludmVyc2VQcm9jZXNzTG9jYXRpdmVBdHRyaWJ1dGU+IDxodHRwOi8vd3d3LmNvLW9kZS5vcmcvb250b2xvZ2llcy9nYWxlbiNQcm9jZXNzTG9jYXRpdmVBdHRyaWJ1dGU+KQ==
R	3aa9b22dcd526e2a40c7f0723fdf25b998d10d03add9d53a13eb41d7970e3fda	SW52ZXJzZU9iamVjdFByb3BlcnRpZXMoPGh0dHA6Ly93d3cuY28tb2RlLm9yZy9vbnRvbG9naWVzL2dhbGVuI0ludmVyc2VSb2xlRGVzaWduYXRpbmdBdHRyaWJ1dGU+IDxodHRwOi8vd3d3LmNvLW9kZS5vcmcvb250b2xvZ2llcy9nYWxlbiNSb2xlRGVzaWduYXRpbmdBdHRyaWJ1dGU+KQ==
R	884c58eee03a2605d31243efc423bc987e3125ff37ceb1aa2d0085726e2b8106	SW52ZXJzZU9iamVjdFByb3BlcnRpZXMoPGh0dHA6Ly93d3cuY28tb2RlLm9yZy9vbnRvbG9naWVzL2dhbGVuI0ludmVyc2VTcGVjaWZpY2F0aW9uTGV2ZWxBdHRyaWJ1dGU+IDxodHRwOi8vd3d3LmNvLW9kZS5vcmcvb250b2xvZ2llcy9nYWxlbiNTcGVjaWZpY2F0aW9uTGV2ZWxBdHRyaWJ1dGU+KQ==
R	924b3d1b878ec69d2be1095ff7187a88d0fafd7548a70bc154989dc247bd6c71	SW52ZXJzZU9iamVjdFByb3BlcnRpZXMoPGh0dHA6Ly93d3cuY28tb2RlLm9yZy9vbnRvbG9naWVzL2dhbGVuI0ludmVyc2VTdGF0dXNBdHRyaWJ1dGU+IDxodHRwOi8vd3d3LmNvLW9kZS5vcmcvb250b2xvZ2llcy9nYWxlbiNTdGF0dXNBdHRyaWJ1dGU+KQ==
R	22dda33de921efd65292467213416c8bf24e0a93d27d7d957677e7556eeaad83	SW52ZXJzZU9iamVjdFByb3BlcnRpZXMoPGh0dHA6Ly93d3cuY28tb2RlLm9yZy9vbnRvbG9naWVzL2dhbGVuI0ludmVyc2VTdHJ1Y3R1cmFsQXBwZWFyYW5jZU1vZGlmaWVyPiA8aHR0cDovL3d3dy5jby1vZGUub3JnL29udG9sb2dpZXMvZ2FsZW4jU3RydWN0dXJhbEFwcGVhcmFuY2VNb2RpZmllcj4p
R	9e36b293d5d695681c446e350a32b812e6a6f930c916ca35a451b9f1b1832628	SW52ZXJzZU9iamVjdFByb3BlcnRpZXMoPGh0dHA6Ly93d3cuY28tb2RlLm9yZy9vbnRvbG9naWVzL2dhbGVuI0ludmVyc2VTdHJ1Y3R1cmFsTG9jYXRpdmVBdHRyaWJ1dGU+IDxodHRwOi8vd3d3LmNvLW9kZS5vcmcvb250b2xvZ2llcy9nYWxlbiNTdHJ1Y3R1cmFsTG9jYXRpdmVBdHRyaWJ1dGU+KQ==
R	89bdde69797c6040ee963a59728c08db05c648228eb6739f786325d046492cbd	SW52ZXJzZU9iamVjdFByb3BlcnRpZXMoPGh0dHA6Ly93d3cuY28tb2RlLm9yZy9vbnRvbG9naWVzL2dhbGVuI0ludmVyc2VTdHJ1Y3R1cmFsUGFydGl0aXZlQXR0cmlidXRlPiA8aHR0cDovL3d3dy5jby1vZGUub3JnL29udG9sb2dpZXMvZ2FsZW4jU3RydWN0dXJhbFBhcnRpdGl2ZUF0dHJpYnV0ZT4p
R	8c276762687689ece0e3f20e9118612e1d80725a399ccff7ee6d72ea29fa3ca4	SW52ZXJzZU9iamVjdFByb3BlcnRpZXMoPGh0dHA6Ly93d3cuY28tb2RlLm9yZy9vbnRvbG9naWVzL2dhbGVuI0ludmVyc2VTdHJ1Y3R1cmFsUG9zaXRpb25Nb2RpZmllcj4gPGh0dHA6Ly93d3cuY28tb2RlLm9yZy9vbnRvbG9naWVzL2dhbGVuI1N0cnVjdHVyYWxQb3NpdGlvbk1vZGlmaWVyPik=
R	3813442ae046cfaa5b9bd3437e37a901b5304ecbf6357256b9a3e264a9c538a6	SW52ZXJzZU9iamVjdFByb3BlcnRpZXMoPGh0dHA6Ly93d3cuY28tb2RlLm9yZy9vbnRvbG9naWVzL2dhbGVuI0ludmVyc2VTdHJ1Y3R1cmFsU2VsZWN0b3JBdHRyaWJ1dGU+IDxodHRwOi8vd3d3LmNvLW9kZS5vcmcvb250b2xvZ2llcy9nYWxlbiNTdHJ1Y3R1cmFsU2VsZWN0b3JBdHRyaWJ1dGU+KQ==
R	7f0ff4070696094a4fd8991e66084da54679f0c2ca2f4824e92573ea47c3b332	SW52ZXJzZU9iamVjdFByb3BlcnRpZXMoPGh0dHA6Ly93d3cuY28tb2RlLm9yZy9vbnRvbG9naWVzL2dhbGVuI0ludmVyc2VTdWJzdGFuY2VNb2RpZmllckF0dHJpYnV0ZT4gPGh0dHA6Ly93d3cuY28tb2RlLm9yZy9vbnRvbG9naWVzL2dhbGVuI1N1YnN0YW5jZU1vZGlmaWVyQXR0cmlidXRlPik=
R	9eee4ccdc762a41129733df2745e0a78ec1ff2e2dabdb118a75c268ccb9c0062	SW52ZXJzZU9iamVjdFByb3BlcnRpZXMoPGh0dHA6Ly93d3cuY28tb2RlLm9yZy9vbnRvbG9naWVzL2dhbGVuI0ludmVyc2VUZW1wb3JhbEF0dHJpYnV0ZT4gPGh0dHA6Ly93d3cuY28tb2RlLm9yZy9vbnRvbG9naWVzL2dhbGVuI1RlbXBvcmFsQXR0cmlidXRlPik=
R	0e3c3a0d0e26b31bb78f9728e8d762ea14b00466ae249d24433592ba9355af7e	SW52ZXJzZU9iamVjdFByb3BlcnRpZXMoPGh0dHA6Ly93d3cuY28tb2RlLm9yZy9vbnRvbG9naWVzL2dhbGVuI0ludmVyc2VUZW1wb3JhbE1vZGlmaWVyQXR0cmlidXRlPiA8aHR0cDovL3d3dy5jby1vZGUub3JnL29udG9sb2dpZXMvZ2FsZW4jVGVtcG9yYWxNb2RpZmllckF0dHJpYnV0ZT4p
R	a74448518a493e7639b9f6ed624436d8c463f0118c71f7c53aef37e11c001aaf	SW52ZXJzZU9iamVjdFByb3BlcnRpZXMoPGh0dHA6Ly93d3cuY28tb2RlLm9yZy9vbnRvbG9naWVzL2dhbGVuI0ludmVyc2VVbml0QXR0cmlidXRlPiA8aHR0cDovL3d3dy5jby1vZGUub3JnL29udG9sb2dpZXMvZ2FsZW4jVW5pdEF0dHJpYnV0ZT4p
R	f4b76b207c46f15df6d7546807308d6e92ba0cedd193b13b23020919f503bb4d	SW52ZXJzZU9iamVjdFByb3BlcnRpZXMoPGh0dHA6Ly93d3cuY28tb2RlLm9yZy9vbnRvbG9naWVzL2dhbGVuI0lzRGl2aXNpb25PZj4gPGh0dHA6Ly93d3cuY28tb2RlLm9yZy9vbnRvbG9naWVzL2dhbGVuI0hhc0RpdmlzaW9uPik=
R	d818c9689b14da393fb0454f7cbfdf43461f94fc3fa380f0fd5f09efc9a85ad9	SW52ZXJzZU9iamVjdFByb3BlcnRpZXMoPGh0dHA6Ly93d3cuY28tb2RlLm9yZy9vbnRvbG9naWVzL2dhbGVuI0xvY2F0aXZlQXR0cmlidXRlPiA8aHR0cDovL3d3dy5jby1vZGUub3JnL29udG9sb2dpZXMvZ2FsZW4jSW52ZXJzZUxvY2F0aXZlQXR0cmlidXRlPik=
R	ef2bf3757072d34bd3dc95f0e0412f7e1250bed36b3f3908530f5a7be8f70fba	SW52ZXJzZU9iamVjdFByb3BlcnRpZXMoPGh0dHA6Ly93d3cuY28tb2RlLm9yZy9vbnRvbG9naWVzL2dhbGVuI01vZGlmaWVyQXR0cmlidXRlPiA8aHR0cDovL3d3dy5jby1vZGUub3JnL29udG9sb2dpZXMvZ2FsZW4jSW52ZXJzZU1vZGlmaWVyQXR0cmlidXRlPik=
R	56a183794943e61cdf0ca5a8f9a598fd0f4e0677be42b0e83149bcb682d02f3f	SW52ZXJzZU9iamVjdFByb3BlcnRpZXMoPGh0dHA6Ly93d3cuY28tb2RlLm9yZy9vbnRvbG9naWVzL2dhbGVuI09yZ2FuaXNtTW9kaWZpZXI+IDxodHRwOi8vd3d3LmNvLW9kZS5vcmcvb250b2xvZ2llcy9nYWxlbiNJbnZlcnNlT3JnYW5pc21Nb2RpZmllcj4p
R	276213c5da6b0d3e0d448036eef32c19c4614de8d1e72786efd32590e8299701	SW52ZXJzZU9iamVjdFByb3BlcnRpZXMoPGh0dHA6Ly93d3cuY28tb2RlLm9yZy9vbnRvbG9naWVzL2dhbGVuI1BhcnRpdGl2ZUF0dHJpYnV0ZT4gPGh0dHA6Ly93d3cuY28tb2RlLm9yZy9vbnRvbG9naWVzL2dhbGVuI0ludmVyc2VQYXJ0aXRpdmVBdHRyaWJ1dGU+KQ==
R	4befc8411b1aaadab13d039f1cbe441307f07d9e7b414734075573ab2a768613	SW52ZXJzZU9iamVjdFByb3BlcnRpZXMoPGh0dHA6Ly93d3cuY28tb2RlLm9yZy9vbnRvbG9naWVzL2dhbGVuI1Byb2Nlc3NNb2RpZmllckF0dHJpYnV0ZT4gPGh0dHA6Ly93d3cuY28tb2RlLm9yZy9vbnRvbG9naWVzL2dhbGVuI0ludmVyc2VQcm9jZXNzTW9kaWZpZXJBdHRyaWJ1dGU+KQ==
R	ff9f787c0569ea311c39aa5486e0d4cd189e0ccfc89d919fe3b939e826c9d0f0	SW52ZXJzZU9iamVjdFByb3BlcnRpZXMoPGh0dHA6Ly93d3cuY28tb2RlLm9yZy9vbnRvbG9naWVzL2dhbGVuI1Byb2Nlc3NQYXJ0aXRpdmVBdHRyaWJ1dGU+IDxodHRwOi8vd3d3LmNvLW9kZS5vcmcvb250b2xvZ2llcy9nYWxlbiNpbnZlcnNlUHJvY2Vzc1BhcnRpdGl2ZUF0dHJpYnV0ZT4p
R	aa02c13e545eabc45960b2228cc547569896a1c723562bbac62b66a04331e304	SW52ZXJzZU9iamVjdFByb3BlcnRpZXMoPGh0dHA6Ly93d3cuY28tb2RlLm9yZy9vbnRvbG9naWVzL2dhbGVuI1Byb2Nlc3NTZWxlY3RvckF0dHJpYnV0ZT4gPGh0dHA6Ly93d3cuY28tb2RlLm9yZy9vbnRvbG9naWVzL2dhbGVuI0ludmVyc2VQcm9jZXNzU2VsZWN0b3JBdHRyaWJ1dGU+KQ==
R	3a172037ed86072a97b5543ba01bf4341ada370c14bdd78f09c74d66a935d721	SW52ZXJzZU9iamVjdFByb3BlcnRpZXMoPGh0dHA6Ly93d3cuY28tb2RlLm9yZy9vbnRvbG9naWVzL2dhbGVuI1F1YW50aXR5QXR0cmlidXRlPiA8aHR0cDovL3d3dy5jby1vZGUub3JnL29udG9sb2dpZXMvZ2FsZW4jSW52ZXJzZVF1YW50aXR5QXR0cmlidXRlPik=
R	be9b8edda183087cf01a215210c18baae0f5dffbabb1984dd23343d0aac63dbe	SW52ZXJzZU9iamVjdFByb3BlcnRpZXMoPGh0dHA6Ly93d3cuY28tb2RlLm9yZy9vbnRvbG9naWVzL2dhbGVuI1JlbGF0aXZlU3BhdGlhbFBvc2l0aW9uQXR0cmlidXRlPiA8aHR0cDovL3d3dy5jby1vZGUub3JnL29udG9sb2dpZXMvZ2FsZW4jSW52ZXJzZVJlbGF0aXZlU3BhdGlhbFBvc2l0aW9uQXR0cmlidXRlPik=
R	917beae2f8466448d332ac6c054d270a63d00b6cc739298faf02eba86b864a03	SW52ZXJzZU9iamVjdFByb3BlcnRpZXMoPGh0dHA6Ly93d3cuY28tb2RlLm9yZy9vbnRvbG9naWVzL2dhbGVuI1NlbGVjdG9yQXR0cmlidXRlPiA8aHR0cDovL3d3dy5jby1vZGUub3JnL29udG9sb2dpZXMvZ2FsZW4jSW52ZXJzZVNlbGVjdG9yQXR0cmlidXRlPik=
R	e6c1c1f207d22d9eb9a131c70a7c21a54fa756f5aa69c899b21f1d1d75b9210f	SW52ZXJzZU9iamVjdFByb3BlcnRpZXMoPGh0dHA6Ly93d3cuY28tb2RlLm9yZy9vbnRvbG9naWVzL2dhbGVuI1N0cnVjdHVyYWxBdHRyaWJ1dGU+IDxodHRwOi8vd3d3LmNvLW9kZS5vcmcvb250b2xvZ2llcy9nYWxlbiNJbnZlcnNlU3RydWN0dXJhbEF0dHJpYnV0ZT4p
R	b9cf42bf00dbbcbe8bacc633a7a9262fc468330db75646e004dc31829f57aeff	SW52ZXJzZU9iamVjdFByb3BlcnRpZXMoPGh0dHA6Ly93d3cuY28tb2RlLm9yZy9vbnRvbG9naWVzL2dhbGVuI1N0cnVjdHVyYWxGdW5jdGlvbk1vZGlmaWVyPiA8aHR0cDovL3d3dy5jby1vZGUub3JnL29udG9sb2dpZXMvZ2FsZW4jSW52ZXJzZVN0cnVjdHVyYWxGdW5jdGlvbk1vZGlmaWVyPik=
R	40b9f7714c07b566d0dea2ceaaab26afb2696df7c0ec9941ea4551e26b255f2f	SW52ZXJzZU9iamVjdFByb3BlcnRpZXMoPGh0dHA6Ly93d3cuY28tb2RlLm9yZy9vbnRvbG9naWVzL2dhbGVuI1N0cnVjdHVyYWxNb2RpZmllckF0dHJpYnV0ZT4gPGh0dHA6Ly93d3cuY28tb2RlLm9yZy9vbnRvbG9naWVzL2dhbGVuI0ludmVyc2VTdHJ1Y3R1cmFsTW9kaWZpZXJBdHRyaWJ1dGU+KQ==
R	21d36a5fc7b48bf59fc3453590413572522d3ba8fd9e9edb87ea872718662a27	SW52ZXJzZU9iamVjdFByb3BlcnRpZXMoPGh0dHA6Ly93d3cuY28tb2RlLm9yZy9vbnRvbG9naWVzL2dhbGVuI1VuY2VydGFpbnR5TW9kaWZpZXJBdHRyaWJ1dGU+IDxodHRwOi8vd3d3LmNvLW9kZS5vcmcvb250b2xvZ2llcy9nYWxlbiNJbnZlcnNlVW5jZXJ0YWludHlNb2RpZmllckF0dHJpYnV0ZT4p
R	2f671033e87dda461c060be3c72f0180dfcb3184296304331020ba9934a04c5e	SW52ZXJzZU9iamVjdFByb3BlcnRpZXMoPGh0dHA6Ly93d3cuY28tb2RlLm9yZy9vbnRvbG9naWVzL2dhbGVuI1ZvbGl0aW9uYWxQcm9jZXNzTW9kaWZpZXI+IDxodHRwOi8vd3d3LmNvLW9kZS5vcmcvb250b2xvZ2llcy9nYWxlbiNJbnZlcnNlVm9saXRpb25hbFByb2Nlc3NNb2RpZmllcj4p
R	a24c2c749fc06d7684ed0e153634ec8e6d722f3c06cdac710239b89aaacb7629	SW52ZXJzZU9iamVjdFByb3BlcnRpZXMoPGh0dHA6Ly93d3cuY28tb2RlLm9yZy9vbnRvbG9naWVzL2dhbGVuI1dyYXBwZXJBdHRyaWJ1dGU+IDxodHRwOi8vd3d3LmNvLW9kZS5vcmcvb250b2xvZ2llcy9nYWxlbiNJbnZlcnNlV3JhcHBlckF0dHJpYnV0ZT4p
R	1a6625f0dcee76eeb22bb2a9c8d5ecdd2d1f1648ab60472504f03eeb571e8168	SW52ZXJzZU9iamVjdFByb3BlcnRpZXMoPGh0dHA6Ly93d3cuY28tb2RlLm9yZy9vbnRvbG9naWVzL2dhbGVuI2FjdHNTcGVjaWZpY2FsbHlPbj4gPGh0dHA6Ly93d3cuY28tb2RlLm9yZy9vbnRvbG9naWVzL2dhbGVuI2lzQWN0ZWRPblNwZWNpZmljYWxseUJ5Pik=
R	c0b8b191e27a6d7ce9244cb954ad9ce343f9ca40573e1d18b22f85eab96a7f75	SW52ZXJzZU9iamVjdFByb3BlcnRpZXMoPGh0dHA6Ly93d3cuY28tb2RlLm9yZy9vbnRvbG9naWVzL2dhbGVuI2JvdW5kc1NwYWNlPiA8aHR0cDovL3d3dy5jby1vZGUub3JnL29udG9sb2dpZXMvZ2FsZW4jaXNTcGFjZUJvdW5kZWRCeT4p
R	cdec1b62f4141df1c0864dbc6567afe41c93998a151e865d61c68e95c5a67766	SW52ZXJzZU9iamVjdFByb3BlcnRpZXMoPGh0dHA6Ly93d3cuY28tb2RlLm9yZy9vbnRvbG9naWVzL2dhbGVuI2NoYXJhY3RlcmlzZXM+IDxodHRwOi8vd3d3LmNvLW9kZS5vcmcvb250b2xvZ2llcy9nYWxlbiNpc0NoYXJhY3RlcmlzZWRCeT4p
R	d7e5bd59e8a9afc9856d52e7946033cd77ea435bc9f2ad47b8e96c5d2e8f0579	SW52ZXJzZU9iamVjdFByb3BlcnRpZXMoPGh0dHA6Ly93d3cuY28tb2RlLm9yZy9vbnRvbG9naWVzL2dhbGVuI2NvdGVybWluYXRlc1dpdGg+IDxodHRwOi8vd3d3LmNvLW9kZS5vcmcvb250b2xvZ2llcy9nYWxlbiNpc0NvdGVybWludXNXaXRoPik=
R	3623683e56d7e78b6872c1e8704126e1d86f96af8177ed7f25a3e4f9f98e053c	SW52ZXJzZU9iamVjdFByb3BlcnRpZXMoPGh0dHA6Ly93d3cuY28tb2RlLm9yZy9vbnRvbG9naWVzL2dhbGVuI2ZvbGxvd3M+IDxodHRwOi8vd3d3LmNvLW9kZS5vcmcvb250b2xvZ2llcy9nYWxlbiNpc0ZvbGxvd2VkQnk+KQ==
R	b7cb209ef48ff674c3d13aeb0db67e6900415dd17e91e11f0837c02407f057fb	SW52ZXJzZU9iamVjdFByb3BlcnRpZXMoPGh0dHA6Ly93d3cuY28tb2RlLm9yZy9vbnRvbG9naWVzL2dhbGVuI2hhc0Fibm9ybWFsaXR5U3RhdHVzPiA8aHR0cDovL3d3dy5jby1vZGUub3JnL29udG9sb2dpZXMvZ2FsZW4jaXNBYm5vcm1hbGl0eVN0YXR1c09mPik=
R	3fa31a761ee5705d458910bfca3c64e5e9b2ae05840e1eaf371a3cbfe2b32fc7	SW52ZXJzZU9iamVjdFByb3BlcnRpZXMoPGh0dHA6Ly93d3cuY28tb2RlLm9yZy9vbnRvbG9naWVzL2dhbGVuI2hhc0Fic29sdXRlU3RhdGU+IDxodHRwOi8vd3d3LmNvLW9kZS5vcmcvb250b2xvZ2llcy9nYWxlbiNpc0Fic29sdXRlU3RhdGVPZj4p
R	765452a850551fcb4ba4dd503479727200dfee2120eed7308c558b0a99699637	SW52ZXJzZU9iamVjdFByb3BlcnRpZXMoPGh0dHA6Ly93d3cuY28tb2RlLm9yZy9vbnRvbG9naWVzL2dhbGVuI2hhc0Fic29yYmFuY2U+IDxodHRwOi8vd3d3LmNvLW9kZS5vcmcvb250b2xvZ2llcy9nYWxlbiNpc0Fic29yYmFuY2VPZj4p
R	71ae6c0aae83d25dc27267537e95253807b8c10841b4e3a22963edf95fe3c50f	SW52ZXJzZU9iamVjdFByb3BlcnRpZXMoPGh0dHA6Ly93d3cuY28tb2RlLm9yZy9vbnRvbG9naWVzL2dhbGVuI2hhc0FkZXF1YWN5TGV2ZWxTdGF0dXM+IDxodHRwOi8vd3d3LmNvLW9kZS5vcmcvb250b2xvZ2llcy9nYWxlbiNpc0FkZXF1YWN5TGV2ZWxTdGF0dXNPZj4p
R	83869295af2bb7b62be8068ab27f562ded019e3611ad9d8a3db37bcef4eb8835	SW52ZXJzZU9iamVjdFByb3BlcnRpZXMoPGh0dHA6Ly93d3cuY28tb2RlLm9yZy9vbnRvbG9naWVzL2dhbGVuI2hhc0FnZT4gPGh0dHA6Ly93d3cuY28tb2RlLm9yZy9vbnRvbG9naWVzL2dhbGVuI2lzQWdlT2Y+KQ==
R	e5830e5d631d151721529edfcaa34c03dbcdd9399d14f27e2e657814348c4bb3	SW52ZXJzZU9iamVjdFByb3BlcnRpZXMoPGh0dHA6Ly93d3cuY28tb2RlLm9yZy9vbnRvbG9naWVzL2dhbGVuI2hhc0FsaXZlT3JEZWFkU3RhdHVzPiA8aHR0cDovL3d3dy5jby1vZGUub3JnL29udG9sb2dpZXMvZ2FsZW4jaXNBbGl2ZU9yRGVhZFN0YXR1c09mPik=
R	f66ab050a81e646b525f590d35b75d2df32b8590d6daaf9083e2538395745ed0	SW52ZXJzZU9iamVjdFByb3BlcnRpZXMoPGh0dHA6Ly93d3cuY28tb2RlLm9yZy9vbnRvbG9naWVzL2dhbGVuI2hhc0FscGhhQ29ubmVjdGlvbj4gPGh0dHA6Ly93d3cuY28tb2RlLm9yZy9vbnRvbG9naWVzL2dhbGVuI2lzQWxwaGFDb25uZWN0aW9uT2Y+KQ==
R	a5a2f47684abf6c4e1004db818e9b7c0714d2736fa471bd269218a0dc91950d9	SW52ZXJzZU9iamVjdFByb3BlcnRpZXMoPGh0dHA6Ly93d3cuY28tb2RlLm9yZy9vbnRvbG9naWVzL2dhbGVuI2hhc0FscGhhUGFydGl0aXZlQ29ubmVjdGlvbj4gPGh0dHA6Ly93d3cuY28tb2RlLm9yZy9vbnRvbG9naWVzL2dhbGVuI2lzQWxwaGFQYXJ0aXRpdmVDb25uZWN0aW9uT2Y+KQ==
R	10b622e2958f12ed720e7df29172ede27dd81c2e8d1ac0f910ca256873eda42e	SW52ZXJzZU9iamVjdFByb3BlcnRpZXMoPGh0dHA6Ly93d3cuY28tb2RlLm9yZy9vbnRvbG9naWVzL2dhbGVuI2hhc0FuYWVzdGhlc2lhPiA8aHR0cDovL3d3dy5jby1vZGUub3JnL29udG9sb2dpZXMvZ2FsZW4jaXNBbmFlc3RoZXNpYU9mPik=
R	bc6fecd4fdbd5f3a5d1690fb3a9448f02ba69a2182c228424b354d6fbe91d2e8	SW52ZXJzZU9iamVjdFByb3BlcnRpZXMoPGh0dHA6Ly93d3cuY28tb2RlLm9yZy9vbnRvbG9naWVzL2dhbGVuI2hhc0FuZ3VsYXJNZWFzdXJlbWVudD4gPGh0dHA6Ly93d3cuY28tb2RlLm9yZy9vbnRvbG9naWVzL2dhbGVuI2lzQW5ndWxhck1lYXN1cmVtZW50T2Y+KQ==
R	be1f48b23651c30ecd856d8089b0536ab6010dcd66ce445d8eb9e334ae55712c	SW52ZXJzZU9iamVjdFByb3BlcnRpZXMoPGh0dHA6Ly93d3cuY28tb2RlLm9yZy9vbnRvbG9naWVzL2dhbGVuI2hhc0FudGVyb1JldHJvZ3JhZGVTZWxlY3Rvcj4gPGh0dHA6Ly93d3cuY28tb2RlLm9yZy9vbnRvbG9naWVzL2dhbGVuI2lzQW50ZXJvUmV0cm9ncmFkZVNlbGVjdG9yT2Y+KQ==
R	3d34f2b0aba948a7625e36fa3f48d26fdf5416ca6ad1920def6d1a251cb67b4f	SW52ZXJzZU9iamVjdFByb3BlcnRpZXMoPGh0dHA6Ly93d3cuY28tb2RlLm9yZy9vbnRvbG9naWVzL2dhbGVuI2hhc0FwcGxpY2FibGVIaXN0b3J5PiA8aHR0cDovL3d3dy5jby1vZGUub3JnL29udG9sb2dpZXMvZ2FsZW4jaXNIaXN0b3J5QXBwbHlpbmdUbz4p
R	e56341677bf2b2a69097944c23a394e761cd6c1a8938ca2224a80f2da6dbffe9	SW52ZXJzZU9iamVjdFByb3BlcnRpZXMoPGh0dHA6Ly93d3cuY28tb2RlLm9yZy9vbnRvbG9naWVzL2dhbGVuI2hhc0FyYml0cmFyeURpc2Vhc2VTdGFnZT4gPGh0dHA6Ly93d3cuY28tb2RlLm9yZy9vbnRvbG9naWVzL2dhbGVuI2lzQXJiaXRyYXJ5RGlzZWFzZVN0YWdlT2Y+KQ==
R	fc0bea396f5b04c213c47f58eb495bb086fe033a3b200a3e495fc6299340b279	SW52ZXJzZU9iamVjdFByb3BlcnRpZXMoPGh0dHA6Ly93d3cuY28tb2RlLm9yZy9vbnRvbG9naWVzL2dhbGVuI2hhc0FyZWE+IDxodHRwOi8vd3d3LmNvLW9kZS5vcmcvb250b2xvZ2llcy9nYWxlbiNpc0FyZWFPZj4p
R	f7d910b19634649e45d442b69f895d2c91d484044eeaea7774db8625efb33f6e	SW52ZXJzZU9iamVjdFByb3BlcnRpZXMoPGh0dHA6Ly93d3cuY28tb2RlLm9yZy9vbnRvbG9naWVzL2dhbGVuI2hhc0Fzc29jaWF0aW9uPiA8aHR0cDovL3d3dy5jby1vZGUub3JnL29udG9sb2dpZXMvZ2FsZW4jaXNBc3NvY2lhdGVkV2l0aD4p
R	864c0534c357741029de94d11afa274a4db0531735d1c098f66580afb8d872cc	SW52ZXJzZU9iamVjdFByb3BlcnRpZXMoPGh0dHA6Ly93d3cuY28tb2RlLm9yZy9vbnRvbG9naWVzL2dhbGVuI2hhc0JpbGF0ZXJhbFVuaWxhdGVyYWxTZWxlY3Rvcj4gPGh0dHA6Ly93d3cuY28tb2RlLm9yZy9vbnRvbG9naWVzL2dhbGVuI2lzQmlsYXRlcmFsVW5pbGF0ZXJhbFNlbGVjdG9yT2Y+KQ==
R	f8cfe862bc429f027de0e6f3edd7352bce2fa8a48395e63021b4440de19db43c	SW52ZXJzZU9iamVjdFByb3BlcnRpZXMoPGh0dHA6Ly93d3cuY28tb2RlLm9yZy9vbnRvbG9naWVzL2dhbGVuI2hhc0JvZHlQb3NpdGlvbj4gPGh0dHA6Ly93d3cuY28tb2RlLm9yZy9vbnRvbG9naWVzL2dhbGVuI2lzQm9keVBvc2l0aW9uT2Y+KQ==
R	09d1f792c4b9c2d2ace097174fa919dbfd4a12323a233fe862e2e23440527851	SW52ZXJzZU9iamVjdFByb3BlcnRpZXMoPGh0dHA6Ly93d3cuY28tb2RlLm9yZy9vbnRvbG9naWVzL2dhbGVuI2hhc0NhcGFiaWxpdHk+IDxodHRwOi8vd3d3LmNvLW9kZS5vcmcvb250b2xvZ2llcy9nYWxlbiNpc0NhcGFiaWxpdHlPZj4p
R	44effe18f9f5879cb43238e74e90050e3fd537763bf0f2d13196a70d30221c91	SW52ZXJzZU9iamVjdFByb3BlcnRpZXMoPGh0dHA6Ly93d3cuY28tb2RlLm9yZy9vbnRvbG9naWVzL2dhbGVuI2hhc0NlbGxNb3JwaG9sb2d5PiA8aHR0cDovL3d3dy5jby1vZGUub3JnL29udG9sb2dpZXMvZ2FsZW4jaXNDZWxsTW9ycGhvbG9neU9mPik=
R	27069e311a341925ad8bbba1c22b36b5f8c7a4534e523db4a9a46e4af3665183	SW52ZXJzZU9iamVjdFByb3BlcnRpZXMoPGh0dHA6Ly93d3cuY28tb2RlLm9yZy9vbnRvbG9naWVzL2dhbGVuI2hhc0NoYW5nZUluU3RhdGU+IDxodHRwOi8vd3d3LmNvLW9kZS5vcmcvb250b2xvZ2llcy9nYWxlbiNpc0NoYW5nZUluU3RhdGVPZj4p
R	259b0819e6ac023dc8833c0141cdd289464a47dde116f628c0f42fe71eee6130	SW52ZXJzZU9iamVjdFByb3BlcnRpZXMoPGh0dHA6Ly93d3cuY28tb2RlLm9yZy9vbnRvbG9naWVzL2dhbGVuI2hhc0NoZW1pY2FsUHJvY2Vzc1R5cGU+IDxodHRwOi8vd3d3LmNvLW9kZS5vcmcvb250b2xvZ2llcy9nYWxlbiNpc1R5cGVPZkNoZW1pY2FsUHJvY2Vzc09mPik=
R	f1bd1bac876cda2355b0920fa813adcd2866a513cb3e4bcc9639eb4bf7f151fa	SW52ZXJzZU9iamVjdFByb3BlcnRpZXMoPGh0dHA6Ly93d3cuY28tb2RlLm9yZy9vbnRvbG9naWVzL2dhbGVuI2hhc0NoaWxkaG9vZFN0YXR1cz4gPGh0dHA6Ly93d3cuY28tb2RlLm9yZy9vbnRvbG9naWVzL2dhbGVuI2lzQ2hpbGRob29kU3RhdHVzT2Y+KQ==
R	1578029ad8dc69c2591b5beb14540d465b7c3a7d6700d1c4a7520ab4bf3567ba	SW52ZXJzZU9iamVjdFByb3BlcnRpZXMoPGh0dHA6Ly93d3cuY28tb2RlLm9yZy9vbnRvbG9naWVzL2dhbGVuI2hhc0Nocm9uaWNpdHk+IDxodHRwOi8vd3d3LmNvLW9kZS5vcmcvb250b2xvZ2llcy9nYWxlbiNpc0Nocm9uaWNpdHlPZj4p
R	0fad81a9bca8c36108601e36ce0c8f2772ca7850f739d5e383d816291a2cc81d	SW52ZXJzZU9iamVjdFByb3BlcnRpZXMoPGh0dHA6Ly93d3cuY28tb2RlLm9yZy9vbnRvbG9naWVzL2dhbGVuI2hhc0NsZWFubGluZXNzPiA8aHR0cDovL3d3dy5jby1vZGUub3JnL29udG9sb2dpZXMvZ2FsZW4jaXNDbGVhbmxpbmVzc09mPik=
R	1453a8a3b533b6ab20daddfe09106f6c7ec63bd89ec07ed4c666df3ec9c636d0	SW52ZXJzZU9iamVjdFByb3BlcnRpZXMoPGh0dHA6Ly93d3cuY28tb2RlLm9yZy9vbnRvbG9naWVzL2dhbGVuI2hhc0NsaW5pY2FsQXBwZWFyYW5jZT4gPGh0dHA6Ly93d3cuY28tb2RlLm9yZy9vbnRvbG9naWVzL2dhbGVuI2lzQ2xpbmljYWxBcHBlYXJhbmNlT2Y+KQ==
R	67e69166bcc1f5e91c32784017257267c670a6fbf931f3fc8a9b664c4c771aeb	SW52ZXJzZU9iamVjdFByb3BlcnRpZXMoPGh0dHA6Ly93d3cuY28tb2RlLm9yZy9vbnRvbG9naWVzL2dhbGVuI2hhc0NsaW5pY2FsVmlzaWJpbGl0eT4gPGh0dHA6Ly93d3cuY28tb2RlLm9yZy9vbnRvbG9naWVzL2dhbGVuI2lzQ2xpbmljYWxWaXNpYmlsaXR5T2Y+KQ==
R	e95edf985fd5454df82c9411109aa72222edae6a9c8a56d3d9ba8ad3832159e5	SW52ZXJzZU9iamVjdFByb3BlcnRpZXMoPGh0dHA6Ly93d3cuY28tb2RlLm9yZy9vbnRvbG9naWVzL2dhbGVuI2hhc0NvaGVyZW5jZT4gPGh0dHA6Ly93d3cuY28tb2RlLm9yZy9vbnRvbG9naWVzL2dhbGVuI2lzQ29oZXJlbmNlT2Y+KQ==
R	fc7d646082c5e8ee2fe29d24da0e8313375ad20388b6187b223c76034b759683	SW52ZXJzZU9iamVjdFByb3BlcnRpZXMoPGh0dHA6Ly93d3cuY28tb2RlLm9yZy9vbnRvbG9naWVzL2dhbGVuI2hhc0NvbXBhcmlzb25XaXRoPiA8aHR0cDovL3d3dy5jby1vZGUub3JnL29udG9sb2dpZXMvZ2FsZW4jaXNDb21wYXJpc29uV2l0aD4p
R	7a9511bc4f39d2f129e6154d1bcdea9b2e1759a5e0ce35918919270fa034060b	SW52ZXJzZU9iamVjdFByb3BlcnRpZXMoPGh0dHA6Ly93d3cuY28tb2RlLm9yZy9vbnRvbG9naWVzL2dhbGVuI2hhc0NvbXBsZXRlbmVzcz4gPGh0dHA6Ly93d3cuY28tb2RlLm9yZy9vbnRvbG9naWVzL2dhbGVuI2lzQ29tcGxldGVuZXNzT2Y+KQ==
R	2e9152d0a5737b86080b29de3a843be9d3ec0c487643d37110571a5871dc114b	SW52ZXJzZU9iamVjdFByb3BlcnRpZXMoPGh0dHA6Ly93d3cuY28tb2RlLm9yZy9vbnRvbG9naWVzL2dhbGVuI2hhc0NvbmZpZGVuY2VMZXZlbFN0YXR1cz4gPGh0dHA6Ly93d3cuY28tb2RlLm9yZy9vbnRvbG9naWVzL2dhbGVuI2lzQ29uZmlkZW5jZUxldmVsU3RhdHVzT2Y+KQ==
R	c8c02c540836c138c92ef92a79c3951f302295f13e710fb3f243c2a29e40bbab	SW52ZXJzZU9iamVjdFByb3BlcnRpZXMoPGh0dHA6Ly93d3cuY28tb2RlLm9yZy9vbnRvbG9naWVzL2dhbGVuI2hhc0NvbnNlcXVlbmNlPiA8aHR0cDovL3d3dy5jby1vZGUub3JnL29udG9sb2dpZXMvZ2FsZW4jaXNDb25zZXF1ZW5jZU9mPik=
R	0d796e89e332107aebc9528098febca9fc0288671acafc0186996b9864b48869	SW52ZXJzZU9iamVjdFByb3BlcnRpZXMoPGh0dHA6Ly93d3cuY28tb2RlLm9yZy9vbnRvbG9naWVzL2dhbGVuI2hhc0NvbnNpc3RlbmN5PiA8aHR0cDovL3d3dy5jby1vZGUub3JnL29udG9sb2dpZXMvZ2FsZW4jaXNDb25zaXN0ZW5jeU9mPik=
R	229daa027b0d3e164d1fa55dd10c62b89fc5dd1baefe5ad7cedf3e5be7a97be2	SW52ZXJzZU9iamVjdFByb3BlcnRpZXMoPGh0dHA6Ly93d3cuY28tb2RlLm9yZy9vbnRvbG9naWVzL2dhbGVuI2hhc0NvbnZlcmdlbmNlV2l0aD4gPGh0dHA6Ly93d3cuY28tb2RlLm9yZy9vbnRvbG9naWVzL2dhbGVuI2lzQ29udmVyZ2VudFdpdGg+KQ==
R	6332c70fcdd163b451b110d57eafa4e864ea99dc86837770157d57084584d8e5	SW52ZXJzZU9iamVjdFByb3BlcnRpZXMoPGh0dHA6Ly93d3cuY28tb2RlLm9yZy9vbnRvbG9naWVzL2dhbGVuI2hhc0NvcGxhbmFyV2l0aEl0PiA8aHR0cDovL3d3dy5jby1vZGUub3JnL29udG9sb2dpZXMvZ2FsZW4jaXNDb3BsYW5hcldpdGg+KQ==
R	07abc3755d532989988bf67d7b3fbef0418240193d4636e367e4e4ebf9dd243d	SW52ZXJzZU9iamVjdFByb3BlcnRpZXMoPGh0dHA6Ly93d3cuY28tb2RlLm9yZy9vbnRvbG9naWVzL2dhbGVuI2hhc0NvcnJvc2l2ZW5lc3M+IDxodHRwOi8vd3d3LmNvLW9kZS5vcmcvb250b2xvZ2llcy9nYWxlbiNpc0NvcnJpc2l2ZW5lc3NPZj4p
R	37efb0627fd16458d72395a56d519b0d17c8f901a004fcfd99ccb704046cb3d0	SW52ZXJzZU9iamVjdFByb3BlcnRpZXMoPGh0dHA6Ly93d3cuY28tb2RlLm9yZy9vbnRvbG9naWVzL2dhbGVuI2hhc0RhdGU+IDxodHRwOi8vd3d3LmNvLW9kZS5vcmcvb250b2xvZ2llcy9nYWxlbiNpc0RhdGVPZj4p
R	13b91f715f3cc76fb29ad4152aa36a88d192399bed739ed92b9d5c58476541db	SW52ZXJzZU9iamVjdFByb3BlcnRpZXMoPGh0dHA6Ly93d3cuY28tb2RlLm9yZy9vbnRvbG9naWVzL2dhbGVuI2hhc0RlbHRhUGFydGl0aXZlQ29ubmVjdGlvbj4gPGh0dHA6Ly93d3cuY28tb2RlLm9yZy9vbnRvbG9naWVzL2dhbGVuI2lzRGVsdGFQYXJ0aXRpdmVDb25uZWN0aW9uT2Y+KQ==
R	4f88866488168017c77a10798d717874d2ddc1078472499c5825ab55fc7247f3	SW52ZXJzZU9iamVjdFByb3BlcnRpZXMoPGh0dHA6Ly93d3cuY28tb2RlLm9yZy9vbnRvbG9naWVzL2dhbGVuI2hhc0Rlbm9taW5hdG9yVW5pdD4gPGh0dHA6Ly93d3cuY28tb2RlLm9yZy9vbnRvbG9naWVzL2dhbGVuI2lzRGVub21pbmF0b3JVbml0T2Y+KQ==
R	2358984dc5fc90817366e0474f4db98ab8afb7bdd2e9b41f88e676ba1c390295	SW52ZXJzZU9iamVjdFByb3BlcnRpZXMoPGh0dHA6Ly93d3cuY28tb2RlLm9yZy9vbnRvbG9naWVzL2dhbGVuI2hhc0RlbnNpdHk+IDxodHRwOi8vd3d3LmNvLW9kZS5vcmcvb250b2xvZ2llcy9nYWxlbiNpc0RlbnNpdHlPZj4p
R	0ca34bb22065a8eb3bec0dc929e8db8ba7405b19fcd93905c3f9786abca41146	SW52ZXJzZU9iamVjdFByb3BlcnRpZXMoPGh0dHA6Ly93d3cuY28tb2RlLm9yZy9vbnRvbG9naWVzL2dhbGVuI2hhc0RldmVsb3BtZW50YWxTdGF0dXM+IDxodHRwOi8vd3d3LmNvLW9kZS5vcmcvb250b2xvZ2llcy9nYWxlbiNpc0RldmVsb3BtZW50YWxTdGF0dXNPZj4p
R	6c90b81914ed3fb01b68efdea52341b09ce5218e6fd1a6073ddf4c67e1d38fd2	SW52ZXJzZU9iamVjdFByb3BlcnRpZXMoPGh0dHA6Ly93d3cuY28tb2RlLm9yZy9vbnRvbG9naWVzL2dhbGVuI2hhc0RpYWdub3Npcz4gPGh0dHA6Ly93d3cuY28tb2RlLm9yZy9vbnRvbG9naWVzL2dhbGVuI2lzRGlhZ25vc2lzRm9yPik=
R	d21f55e2893467de27d76b83b0782eedb73f5d42a0f9e561a9363b149b99b721	SW52ZXJzZU9iamVjdFByb3BlcnRpZXMoPGh0dHA6Ly93d3cuY28tb2RlLm9yZy9vbnRvbG9naWVzL2dhbGVuI2hhc0RpYW1ldGVyPiA8aHR0cDovL3d3dy5jby1vZGUub3JnL29udG9sb2dpZXMvZ2FsZW4jaXNEaWFtZXRlck9mPik=
R	93608fa06a02da150b4ec2da0b9403d7155dba463f183ba695fad1e5fd1eb5b5	SW52ZXJzZU9iamVjdFByb3BlcnRpZXMoPGh0dHA6Ly93d3cuY28tb2RlLm9yZy9vbnRvbG9naWVzL2dhbGVuI2hhc0RpbWVuc2lvbj4gPGh0dHA6Ly93d3cuY28tb2RlLm9yZy9vbnRvbG9naWVzL2dhbGVuI2lzRGltZW5zaW9uT2Y+KQ==
R	af627b9a9dbeb883e58fc3263c5bbaaec1147f32bbbc3a3da115d85f80df6a83	SW52ZXJzZU9iamVjdFByb3BlcnRpZXMoPGh0dHA6Ly93d3cuY28tb2RlLm9yZy9vbnRvbG9naWVzL2dhbGVuI2hhc0RpcmVjdGlvbk9mVHJhbnNwb3J0PiA8aHR0cDovL3d3dy5jby1vZGUub3JnL29udG9sb2dpZXMvZ2FsZW4jaXNEaXJlY3Rpb25PZlRyYW5zcG9ydE9mPik=
R	15806a19a3e6871b6856ceab575f2f344f97e4712a76a3c2f706a2ad96521399	SW52ZXJzZU9iamVjdFByb3BlcnRpZXMoPGh0dHA6Ly93d3cuY28tb2RlLm9yZy9vbnRvbG9naWVzL2dhbGVuI2hhc0RpcmVjdGlvbmFsU2VsZWN0b3I+IDxodHRwOi8vd3d3LmNvLW9kZS5vcmcvb250b2xvZ2llcy9nYWxlbiNpc0RpcmVjdGlvbmFsU2VsZWN0b3JPZj4p
R	189846abf7c1fcf116016b77c7cd0e2ea18b94e185d0204a5c26e59760e7c60a	SW52ZXJzZU9iamVjdFByb3BlcnRpZXMoPGh0dHA6Ly93d3cuY28tb2RlLm9yZy9vbnRvbG9naWVzL2dhbGVuI2hhc0Rpc2Vhc2VQcm9jZXNzU3RhZ2U+IDxodHRwOi8vd3d3LmNvLW9kZS5vcmcvb250b2xvZ2llcy9nYWxlbiNpc0Rpc2Vhc2VQcm9jZXNzU3RhZ2VPZj4p
R	86ca9b59842ffd06cb88a377429f776e5d23ee8eb3d9a4dea2b4e4a9b1b9c591	SW52ZXJzZU9iamVjdFByb3BlcnRpZXMoPGh0dHA6Ly93d3cuY28tb2RlLm9yZy9vbnRvbG9naWVzL2dhbGVuI2hhc0Rpc2Vhc2VTZXZlcml0eVN0YWdlPiA8aHR0cDovL3d3dy5jby1vZGUub3JnL29udG9sb2dpZXMvZ2FsZW4jaXNEaXNlYXNlU2V2ZXJpdHlTdGFnZU9mPik=
R	5a6c79f70774de8af97586d78dbc100102580cb845c3d03facba1f2067a45897	SW52ZXJzZU9iamVjdFByb3BlcnRpZXMoPGh0dHA6Ly93d3cuY28tb2RlLm9yZy9vbnRvbG9naWVzL2dhbGVuI2hhc0Rpc2Vhc2VTdGFnZT4gPGh0dHA6Ly93d3cuY28tb2RlLm9yZy9vbnRvbG9naWVzL2dhbGVuI2lzRGlzZWFzZVN0YWdlT2Y+KQ==
R	d7f08657b37e435c7a96cfa005a9e5192656380882fd9740d3c299a25287e93a	SW52ZXJzZU9iamVjdFByb3BlcnRpZXMoPGh0dHA6Ly93d3cuY28tb2RlLm9yZy9vbnRvbG9naWVzL2dhbGVuI2hhc0Rpc3BsYWNlbWVudENvbm5lY3Rpb24+IDxodHRwOi8vd3d3LmNvLW9kZS5vcmcvb250b2xvZ2llcy9nYWxlbiNpc0Rpc3BsYWNlbWVudENvbm5lY3Rpb25PZj4p
R	873cf4847043739e50c5a63150882b815b29639eb3a970fe1040883796e2e5df	SW52ZXJzZU9iamVjdFByb3BlcnRpZXMoPGh0dHA6Ly93d3cuY28tb2RlLm9yZy9vbnRvbG9naWVzL2dhbGVuI2hhc0Rpc3RyaWJ1dGlvbj4gPGh0dHA6Ly93d3cuY28tb2RlLm9yZy9vbnRvbG9naWVzL2dhbGVuI2lzRGlzdHJpYnV0aW9uT2Y+KQ==
R	77729c293ed61f7454ea8d0e8dc77ead6efe86775a0a91d8c4050901874d9bbd	SW52ZXJzZU9iamVjdFByb3BlcnRpZXMoPGh0dHA6Ly93d3cuY28tb2RlLm9yZy9vbnRvbG9naWVzL2dhbGVuI2hhc0RpdmVyZ2VuY2VXaXRoPiA8aHR0cDovL3d3dy5jby1vZGUub3JnL29udG9sb2dpZXMvZ2FsZW4jaXNEaXZlcmdlbnRXaXRoPik=
R	3156a912e838f68677ae068c684e4225e40a7d4b3de2c7ab762ee5c5ebb890ad	SW52ZXJzZU9iamVjdFByb3BlcnRpZXMoPGh0dHA6Ly93d3cuY28tb2RlLm9yZy9vbnRvbG9naWVzL2dhbGVuI2hhc0Rvbm9yT3JpZ2luPiA8aHR0cDovL3d3dy5jby1vZGUub3JnL29udG9sb2dpZXMvZ2FsZW4jaXNEb25vck9yaWdpbk9mPik=
R	e9472b7d85912c1546ed5eb25dd53d3c4b0d0ad348109b78c1ca0cea75a0e812	SW52ZXJzZU9iamVjdFByb3BlcnRpZXMoPGh0dHA6Ly93d3cuY28tb2RlLm9yZy9vbnRvbG9naWVzL2dhbGVuI2hhc0RydWdGZWF0dXJlPiA8aHR0cDovL3d3dy5jby1vZGUub3JnL29udG9sb2dpZXMvZ2FsZW4jaXNEcnVnRmVhdHVyZU9mPik=
R	72738055230e5da581df05fab136167630a199a9b95e22f7c14c7840ac5e505b	SW52ZXJzZU9iamVjdFByb3BlcnRpZXMoPGh0dHA6Ly93d3cuY28tb2RlLm9yZy9vbnRvbG9naWVzL2dhbGVuI2hhc0RyeW5lc3M+IDxodHRwOi8vd3d3LmNvLW9kZS5vcmcvb250b2xvZ2llcy9nYWxlbiNpc0RyeW5lc3NPZj4p
R	74bf222bb28a0f112df7852a100d6d354a2c953f7ce1386a891af0a7b508b346	SW52ZXJzZU9iamVjdFByb3BlcnRpZXMoPGh0dHA6Ly93d3cuY28tb2RlLm9yZy9vbnRvbG9naWVzL2dhbGVuI2hhc0VjdG9waWNTdXBlcm51bWVyYXJ5U3RhdHVzPiA8aHR0cDovL3d3dy5jby1vZGUub3JnL29udG9sb2dpZXMvZ2FsZW4jaXNFY3RvcGljU3VwZXJudW1lcmFyeVN0YXR1c09mPik=
R	9413a1bd7752dca1ae80bb541e6180a53f7d3b9e253caa65e97c2892d45a44fe	SW52ZXJzZU9iamVjdFByb3BlcnRpZXMoPGh0dHA6Ly93d3cuY28tb2RlLm9yZy9vbnRvbG9naWVzL2dhbGVuI2hhc0VmZmVjdGl2ZW5lc3M+IDxodHRwOi8vd3d3LmNvLW9kZS5vcmcvb250b2xvZ2llcy9nYWxlbiNpc0VmZmVjdGl2ZW5lc3NPZj4p
R	8ae32f607b40b5ad4db905ae2fcdb4ed9fcb5c42122edfe78dd02dba96c5866f	SW52ZXJzZU9iamVjdFByb3BlcnRpZXMoPGh0dHA6Ly93d3cuY28tb2RlLm9yZy9vbnRvbG9naWVzL2dhbGVuI2hhc0VtcGxveWVlPiA8aHR0cDovL3d3dy5jby1vZGUub3JnL29udG9sb2dpZXMvZ2FsZW4jaGFzRW1wbG95ZXI+KQ==
R	da7a1f8e05522e75de68d02be133fccd4230e5d5272472f0aa30ce0de8794a2a	SW52ZXJzZU9iamVjdFByb3BlcnRpZXMoPGh0dHA6Ly93d3cuY28tb2RlLm9yZy9vbnRvbG9naWVzL2dhbGVuI2hhc0VuZXJneUNvbnRlbnQ+IDxodHRwOi8vd3d3LmNvLW9kZS5vcmcvb250b2xvZ2llcy9nYWxlbiNpc0VuZXJneUNvbnRlbnRPZj4p
R	8ae8f5cd3eba4e6f26335a0e71802ba98267ac3ede65c9563a8c8e500b9003c3	SW52ZXJzZU9iamVjdFByb3BlcnRpZXMoPGh0dHA6Ly93d3cuY28tb2RlLm9yZy9vbnRvbG9naWVzL2dhbGVuI2hhc0VwaXRoZWxpYWxMYXllcmluZz4gPGh0dHA6Ly93d3cuY28tb2RlLm9yZy9vbnRvbG9naWVzL2dhbGVuI2lzRXBpdGhlbGlhbExheWVyaW5nT2Y+KQ==
R	c815efb53f54a02a1fa3e7dd0219ab3eb09b658d175da7a1affa79263c5dc210	SW52ZXJzZU9iamVjdFByb3BlcnRpZXMoPGh0dHA6Ly93d3cuY28tb2RlLm9yZy9vbnRvbG9naWVzL2dhbGVuI2hhc0Vwc2lsb25Db25uZWN0aW9uPiA8aHR0cDovL3d3dy5jby1vZGUub3JnL29udG9sb2dpZXMvZ2FsZW4jaXNFcHNpbG9uQ29ubmVjdGlvbk9mPik=
R	7aaf9eb8e20109d76e976678d2f739ef32956a777f1a544ae702044dbdfb33d3	SW52ZXJzZU9iamVjdFByb3BlcnRpZXMoPGh0dHA6Ly93d3cuY28tb2RlLm9yZy9vbnRvbG9naWVzL2dhbGVuI2hhc0V2ZW50T2NjdXJpbmdEdXJpbmc+IDxodHRwOi8vd3d3LmNvLW9kZS5vcmcvb250b2xvZ2llcy9nYWxlbiNvY2N1cnNEdXJpbmc+KQ==
R	5977e1230de1324d83587238733fab452d359f90182b37772b3b781b5f06243f	SW52ZXJzZU9iamVjdFByb3BlcnRpZXMoPGh0dHA6Ly93d3cuY28tb2RlLm9yZy9vbnRvbG9naWVzL2dhbGVuI2hhc0ZpbmlzaFRpbWU+IDxodHRwOi8vd3d3LmNvLW9kZS5vcmcvb250b2xvZ2llcy9nYWxlbiNpc0ZpbmlzaFRpbWVPZj4p
R	856fcfe7850ae7ff7bf8dd7cc09e2e9f0b3eb53dded10e40baa71a3ddd7b12dd	SW52ZXJzZU9iamVjdFByb3BlcnRpZXMoPGh0dHA6Ly93d3cuY28tb2RlLm9yZy9vbnRvbG9naWVzL2dhbGVuI2hhc0Zvcm11bGF0aW9uQXREZWxpdmVyeT4gPGh0dHA6Ly93d3cuY28tb2RlLm9yZy9vbnRvbG9naWVzL2dhbGVuI2lzRm9ybXVsYXRpb25BdERlbGl2ZXJ5T2Y+KQ==
R	0c0b93edfad16167671f3e585d6c88bf76b6598cd335996e053799e40158db1a	SW52ZXJzZU9iamVjdFByb3BlcnRpZXMoPGh0dHA6Ly93d3cuY28tb2RlLm9yZy9vbnRvbG9naWVzL2dhbGVuI2hhc0Zvcm11bGF0aW9uQ29tcGxleD4gPGh0dHA6Ly93d3cuY28tb2RlLm9yZy9vbnRvbG9naWVzL2dhbGVuI2lzRm9ybXVsYXRpb25Db21wbGV4T2Y+KQ==
R	54d598aad0027955318be25345c1aa4b9e32495bdc4e104b294fa6cd961b55a6	SW52ZXJzZU9iamVjdFByb3BlcnRpZXMoPGh0dHA6Ly93d3cuY28tb2RlLm9yZy9vbnRvbG9naWVzL2dhbGVuI2hhc0ZyYWN0dXJlQ29tcGxleGl0eT4gPGh0dHA6Ly93d3cuY28tb2RlLm9yZy9vbnRvbG9naWVzL2dhbGVuI2lzRnJhY3R1cmVDb21wbGV4aXR5T2Y+KQ==
R	c357d77b7380eae4ed16faff695de14ae539aecac8b2948597361c4b7bece542	SW52ZXJzZU9iamVjdFByb3BlcnRpZXMoPGh0dHA6Ly93d3cuY28tb2RlLm9yZy9vbnRvbG9naWVzL2dhbGVuI2hhc0ZyYWN0dXJlVHlwZT4gPGh0dHA6Ly93d3cuY28tb2RlLm9yZy9vbnRvbG9naWVzL2dhbGVuI2lzRnJhY3R1cmVUeXBlT2Y+KQ==
R	708af4326129405da0de7a78595a8f01949836af83ba981c09bfcbc21a514b01	SW52ZXJzZU9iamVjdFByb3BlcnRpZXMoPGh0dHA6Ly93d3cuY28tb2RlLm9yZy9vbnRvbG9naWVzL2dhbGVuI2hhc0ZyZXF1ZW5jeT4gPGh0dHA6Ly93d3cuY28tb2RlLm9yZy9vbnRvbG9naWVzL2dhbGVuI2lzRnJlcXVlbmN5T2Y+KQ==
R	86b6b8193f20037dde7c7742e76c5f9d95f793a1df313b2dbc3b1aad08781286	SW52ZXJzZU9iamVjdFByb3BlcnRpZXMoPGh0dHA6Ly93d3cuY28tb2RlLm9yZy9vbnRvbG9naWVzL2dhbGVuI2hhc0Z1bmN0aW9uPiA8aHR0cDovL3d3dy5jby1vZGUub3JnL29udG9sb2dpZXMvZ2FsZW4jaXNGdW5jdGlvbk9mPik=
R	c4f91928e63915b28dc53e9fd33e23523be88b246b498ac9c31bd679bf0d4cbd	SW52ZXJzZU9iamVjdFByb3BlcnRpZXMoPGh0dHA6Ly93d3cuY28tb2RlLm9yZy9vbnRvbG9naWVzL2dhbGVuI2hhc0Z1bmN0aW9uYWxDb21wb25lbnQ+IDxodHRwOi8vd3d3LmNvLW9kZS5vcmcvb250b2xvZ2llcy9nYWxlbiNpc0Z1bmN0aW9uYWxDb21wb25lbnRPZj4p
R	c066b09840c7e3c6e68f7b348d8028458644fa69b880678a94b6afcfde67fdae	SW52ZXJzZU9iamVjdFByb3BlcnRpZXMoPGh0dHA6Ly93d3cuY28tb2RlLm9yZy9vbnRvbG9naWVzL2dhbGVuI2hhc0dhaXQ+IDxodHRwOi8vd3d3LmNvLW9kZS5vcmcvb250b2xvZ2llcy9nYWxlbiNpc0dhaXRPZj4p
R	0cbb355c8bacd4c591c03e2f6b51e906bfc5771c67d5dcbf5ac010b85819198c	SW52ZXJzZU9iamVjdFByb3BlcnRpZXMoPGh0dHA6Ly93d3cuY28tb2RlLm9yZy9vbnRvbG9naWVzL2dhbGVuI2hhc0dhbW1hUGFydGl0aXZlQ29ubmVjdGlvbj4gPGh0dHA6Ly93d3cuY28tb2RlLm9yZy9vbnRvbG9naWVzL2dhbGVuI2lzR2FtbWFQYXJ0aXRpdmVDb25uZWN0aW9uT2Y+KQ==
R	81ca79819be5248412b9d018cc49725e4e7e2a3a5156f85569acdadd7abd0f45	SW52ZXJzZU9iamVjdFByb3BlcnRpZXMoPGh0dHA6Ly93d3cuY28tb2RlLm9yZy9vbnRvbG9naWVzL2dhbGVuI2hhc0dlbmV0aWNaeWdvY2l0eT4gPGh0dHA6Ly93d3cuY28tb2RlLm9yZy9vbnRvbG9naWVzL2dhbGVuI2lzR2VuZXRpY1p5Z29jaXR5T2Y+KQ==
R	b1dc8a019ada20b636e308eb4079fafc0401c334ac72157c1bc8dfa129b493e4	SW52ZXJzZU9iamVjdFByb3BlcnRpZXMoPGh0dHA6Ly93d3cuY28tb2RlLm9yZy9vbnRvbG9naWVzL2dhbGVuI2hhc0dvYWw+IDxodHRwOi8vd3d3LmNvLW9kZS5vcmcvb250b2xvZ2llcy9nYWxlbiNpc0dvYWxPZj4p
R	0beb51d4832c52403cb77926253843b742bcebe1414075327c4f74f7ec5724c1	SW52ZXJzZU9iamVjdFByb3BlcnRpZXMoPGh0dHA6Ly93d3cuY28tb2RlLm9yZy9vbnRvbG9naWVzL2dhbGVuI2hhc0dvbGZDbHViUGhvbmVOdW1iZXI+IDxodHRwOi8vd3d3LmNvLW9kZS5vcmcvb250b2xvZ2llcy9nYWxlbiNpc0dvbGZDbHViUGhvbmVOdW1iZXJPZj4p
R	e7397bdf962ceff3e507b8b54f4766385276a21eb68dee3e11272d749439869a	SW52ZXJzZU9iamVjdFByb3BlcnRpZXMoPGh0dHA6Ly93d3cuY28tb2RlLm9yZy9vbnRvbG9naWVzL2dhbGVuI2hhc0dyYWRlT2ZFeHBlcmllbmNlPiA8aHR0cDovL3d3dy5jby1vZGUub3JnL29udG9sb2dpZXMvZ2FsZW4jaXNHcmFkZU9mRXhwZXJpZW5jZU9mPik=
R	3dc755a339ab3bbcae4d8eef0437a50917a258ed7229358a88fa8516f2a9d35b	SW52ZXJzZU9iamVjdFByb3BlcnRpZXMoPGh0dHA6Ly93d3cuY28tb2RlLm9yZy9vbnRvbG9naWVzL2dhbGVuI2hhc0dyYXZpZGl0eT4gPGh0dHA6Ly93d3cuY28tb2RlLm9yZy9vbnRvbG9naWVzL2dhbGVuI2lzR3JhdmlkaXR5T2Y+KQ==
R	59621d9db8110979368aaa8826dfa531cf444edb2daa4e56e416793534f42661	SW52ZXJzZU9iamVjdFByb3BlcnRpZXMoPGh0dHA6Ly93d3cuY28tb2RlLm9yZy9vbnRvbG9naWVzL2dhbGVuI2hhc0dyZWF0ZXJMZXNzZXJTZWxlY3Rvcj4gPGh0dHA6Ly93d3cuY28tb2RlLm9yZy9vbnRvbG9naWVzL2dhbGVuI2lzR3JlYXRlckxlc3NlclNlbGVjdG9yT2Y+KQ==
R	a087134fffd000c90f0ea3cca4e59afdf4188081eed87ca9bf6e294ff30814dd	SW52ZXJzZU9iamVjdFByb3BlcnRpZXMoPGh0dHA6Ly93d3cuY28tb2RlLm9yZy9vbnRvbG9naWVzL2dhbGVuI2hhc0hhbGZMaWZlPiA8aHR0cDovL3d3dy5jby1vZGUub3JnL29udG9sb2dpZXMvZ2FsZW4jaXNIYWxmTGlmZU9mPik=
R	00b6f42c270a7249b484f25e8d9892bfb85eda62d2f98373446a5856a7991bab	SW52ZXJzZU9iamVjdFByb3BlcnRpZXMoPGh0dHA6Ly93d3cuY28tb2RlLm9yZy9vbnRvbG9naWVzL2dhbGVuI2hhc0hvbWVQaG9uZU51bWJlcj4gPGh0dHA6Ly93d3cuY28tb2RlLm9yZy9vbnRvbG9naWVzL2dhbGVuI2lzSG9tZVBob25lTnVtYmVyT2Y+KQ==
R	3a113b6757d112290504208035f520fe666fba44013a99b1b7fc506e7b651a1d	SW52ZXJzZU9iamVjdFByb3BlcnRpZXMoPGh0dHA6Ly93d3cuY28tb2RlLm9yZy9vbnRvbG9naWVzL2dhbGVuI2hhc0ltbWVkaWF0ZUNvbnNlcXVlbmNlPiA8aHR0cDovL3d3dy5jby1vZGUub3JnL29udG9sb2dpZXMvZ2FsZW4jaXNJbW1lZGlhdGVDb25zZXF1ZW5jZU9mPik=
R	e0bd1168ac02448b8cedd672077e687b7fe6fd49cbb6029767acf94d7792fd9e	SW52ZXJzZU9iamVjdFByb3BlcnRpZXMoPGh0dHA6Ly93d3cuY28tb2RlLm9yZy9vbnRvbG9naWVzL2dhbGVuI2hhc0luZGljYXRpb25TdGF0dXM+IDxodHRwOi8vd3d3LmNvLW9kZS5vcmcvb250b2xvZ2llcy9nYWxlbiNpc0luZGljYXRpb25TdGF0dXNPZj4p
R	7cfdd3fbdec0b9af130c1f984c6be476613fb9829995a63319c1b0ec2011fa02	SW52ZXJzZU9iamVjdFByb3BlcnRpZXMoPGh0dHA6Ly93d3cuY28tb2RlLm9yZy9vbnRvbG9naWVzL2dhbGVuI2hhc0luc2VjdExpZmVDeWNsZVN0YWdlPiA8aHR0cDovL3d3dy5jby1vZGUub3JnL29udG9sb2dpZXMvZ2FsZW4jaXNJbnNlY3RMaWZlQ3ljbGVTdGFnZU9mPik=
R	e4a9b1ac2f3b02062ea233c45ece89c86b2eae23850c460b43b62b5ef52ba98c	SW52ZXJzZU9iamVjdFByb3BlcnRpZXMoPGh0dHA6Ly93d3cuY28tb2RlLm9yZy9vbnRvbG9naWVzL2dhbGVuI2hhc0luc3RydWN0aW9uU3RhdHVzPiA8aHR0cDovL3d3dy5jby1vZGUub3JnL29udG9sb2dpZXMvZ2FsZW4jaXNJbnN0cnVjdGlvblN0YXR1c09mPik=
R	6b3884b9c9801e19b37ad3fa3342a765689cf1ce70fbc017229429da13ad64ce	SW52ZXJzZU9iamVjdFByb3BlcnRpZXMoPGh0dHA6Ly93d3cuY28tb2RlLm9yZy9vbnRvbG9naWVzL2dhbGVuI2hhc0ludGVybmFsRXh0ZXJuYWxTZWxlY3Rvcj4gPGh0dHA6Ly93d3cuY28tb2RlLm9yZy9vbnRvbG9naWVzL2dhbGVuI2lzSW50ZXJuYWxFeHRlcm5hbFNlbGVjdG9yT2Y+KQ==
R	414415e4e24ddb956eeb7307e4f97df7c83f918150916a191ef51319f50c6ff7	SW52ZXJzZU9iamVjdFByb3BlcnRpZXMoPGh0dHA6Ly93d3cuY28tb2RlLm9yZy9vbnRvbG9naWVzL2dhbGVuI2hhc0ludHJpbnNpY0Fibm9ybWFsaXR5U3RhdHVzPiA8aHR0cDovL3d3dy5jby1vZGUub3JnL29udG9sb2dpZXMvZ2FsZW4jaXNJbnRyaW5zaWNBYm5vcm1hbGl0eVN0YXR1c09mPik=
R	240b134cbd93d0924f5afaa16b0d621e02a0a090a89850134d41b4c62706594d	SW52ZXJzZU9iamVjdFByb3BlcnRpZXMoPGh0dHA6Ly93d3cuY28tb2RlLm9yZy9vbnRvbG9naWVzL2dhbGVuI2hhc0ludHJpbnNpY1BhdGhvbG9naWNhbFN0YXR1cz4gPGh0dHA6Ly93d3cuY28tb2RlLm9yZy9vbnRvbG9naWVzL2dhbGVuI2lzSW50cmluc2ljUGF0aG9sb2dpY2FsU3RhdHVzT2Y+KQ==
R	b1116605f1818201d1d409b2b86edcb3e504c251e00fb6f78abfcb9452786faa	SW52ZXJzZU9iamVjdFByb3BlcnRpZXMoPGh0dHA6Ly93d3cuY28tb2RlLm9yZy9vbnRvbG9naWVzL2dhbGVuI2hhc0ludmVzdGlnYXRpb25SZXN1bHRTdGF0dXM+IDxodHRwOi8vd3d3LmNvLW9kZS5vcmcvb250b2xvZ2llcy9nYWxlbiNpc0ludmVzdGlnYXRpb25SZXN1bHRTdGF0dXNPZj4p
R	43f83034427cfd3bbf4f874b117182dc33a3a59cd9414fd0e5942acbefd636f4	SW52ZXJzZU9iamVjdFByb3BlcnRpZXMoPGh0dHA6Ly93d3cuY28tb2RlLm9yZy9vbnRvbG9naWVzL2dhbGVuI2hhc0lvbmlzYXRpb25GZWF0dXJlPiA8aHR0cDovL3d3dy5jby1vZGUub3JnL29udG9sb2dpZXMvZ2FsZW4jaXNJb25pc2F0aW9uRmVhdHVyZU9mPik=
R	31f077be7c682231df8e9c043d9fcbcbec777173ff83bc0f60ac052e59bf6a1c	SW52ZXJzZU9iamVjdFByb3BlcnRpZXMoPGh0dHA6Ly93d3cuY28tb2RlLm9yZy9vbnRvbG9naWVzL2dhbGVuI2hhc0xhdGVDb25zZXF1ZW5jZT4gPGh0dHA6Ly93d3cuY28tb2RlLm9yZy9vbnRvbG9naWVzL2dhbGVuI2lzTGF0ZUNvbnNlcXVlbmNlT2Y+KQ==
R	0d16db8abde9163a52671be590917305fb1c4d7296db3e964be1039c2416a8e6	SW52ZXJzZU9iamVjdFByb3BlcnRpZXMoPGh0dHA6Ly93d3cuY28tb2RlLm9yZy9vbnRvbG9naWVzL2dhbGVuI2hhc0xhdGVyYWxQb3NpdGlvbj4gPGh0dHA6Ly93d3cuY28tb2RlLm9yZy9vbnRvbG9naWVzL2dhbGVuI2lzTGF0ZXJhbFBvc2l0aW9uT2Y+KQ==
R	7073e4e1e91cad245f893f0d5e35afeb5482c274ba700a9402f0444b05686540	SW52ZXJzZU9iamVjdFByb3BlcnRpZXMoPGh0dHA6Ly93d3cuY28tb2RlLm9yZy9vbnRvbG9naWVzL2dhbGVuI2hhc0xlZnRSaWdodFNlbGVjdG9yPiA8aHR0cDovL3d3dy5jby1vZGUub3JnL29udG9sb2dpZXMvZ2FsZW4jaXNMZWZ0UmlnaHRTZWxlY3Rvck9mPik=
R	80ba519086806ca7c6abb350138dc28b9cc17b8d9b195c99753730ce320c25b0	SW52ZXJzZU9iamVjdFByb3BlcnRpZXMoPGh0dHA6Ly93d3cuY28tb2RlLm9yZy9vbnRvbG9naWVzL2dhbGVuI2hhc0xvbmdCb25lRnJhY3R1cmVUeXBlPiA8aHR0cDovL3d3dy5jby1vZGUub3JnL29udG9sb2dpZXMvZ2FsZW4jaXNMb25nQm9uZUZyYWN0dXJlVHlwZU9mPik=
R	7ccaea44b5ca5fc32648e0da2af08450bef4e3bd633306db75a7beb782271c47	SW52ZXJzZU9iamVjdFByb3BlcnRpZXMoPGh0dHA6Ly93d3cuY28tb2RlLm9yZy9vbnRvbG9naWVzL2dhbGVuI2hhc01hZ25pdHVkZT4gPGh0dHA6Ly93d3cuY28tb2RlLm9yZy9vbnRvbG9naWVzL2dhbGVuI2lzTWFnbml0dWRlT2Y+KQ==
R	a94b8c276263ecfbaf0c831e17067805038178ad8b3d739139f3351dd1bb1da8	SW52ZXJzZU9iamVjdFByb3BlcnRpZXMoPGh0dHA6Ly93d3cuY28tb2RlLm9yZy9vbnRvbG9naWVzL2dhbGVuI2hhc01hbGlnbmFuY3k+IDxodHRwOi8vd3d3LmNvLW9kZS5vcmcvb250b2xvZ2llcy9nYWxlbiNpc01hbGlnbmFuY3lPZj4p
R	c14a40ed5dc2e02f6b8acdbb7a09876a7dab8a7e4f2d6780d04ebe5e59ed859d	SW52ZXJzZU9iamVjdFByb3BlcnRpZXMoPGh0dHA6Ly93d3cuY28tb2RlLm9yZy9vbnRvbG9naWVzL2dhbGVuI2hhc01hcml0YWxTdGF0dXM+IDxodHRwOi8vd3d3LmNvLW9kZS5vcmcvb250b2xvZ2llcy9nYWxlbiNpc01hcml0YWxTdGF0dXNPZj4p
R	14b090ff4ee6631142af65b02e7fe5e8de6816d1be1f33ab3d52a72b43089297	SW52ZXJzZU9iamVjdFByb3BlcnRpZXMoPGh0dHA6Ly93d3cuY28tb2RlLm9yZy9vbnRvbG9naWVzL2dhbGVuI2hhc01lZGlhbExhdGVyYWxQb3NpdGlvbj4gPGh0dHA6Ly93d3cuY28tb2RlLm9yZy9vbnRvbG9naWVzL2dhbGVuI2lzTWVkaWFsTGF0ZXJhbFBvc2l0aW9uT2Y+KQ==
R	d9c335da8c5c13f63ba0698410c0efc844977d54c3971c15d4940e770da49b7b	SW52ZXJzZU9iamVjdFByb3BlcnRpZXMoPGh0dHA6Ly93d3cuY28tb2RlLm9yZy9vbnRvbG9naWVzL2dhbGVuI2hhc01peGVkVGhyb3VnaG91dD4gPGh0dHA6Ly93d3cuY28tb2RlLm9yZy9vbnRvbG9naWVzL2dhbGVuI2lzTWl4ZWRUaHJvdWdob3V0Pik=
R	4e4a1cd488de99275ad2f0091e3c0795363f12c4e38a53a894d9f121278b4ce6	SW52ZXJzZU9iamVjdFByb3BlcnRpZXMoPGh0dHA6Ly93d3cuY28tb2RlLm9yZy9vbnRvbG9naWVzL2dhbGVuI2hhc01vYmlsZVBob25lTnVtYmVyPiA8aHR0cDovL3d3dy5jby1vZGUub3JnL29udG9sb2dpZXMvZ2FsZW4jaXNNb2JpbGVQaG9uZU51bWJlck9mPik=
R	314d37051f6325bc2d27ffdb8d594d12843c4673f9e439378b1f2c802af41cb4	SW52ZXJzZU9iamVjdFByb3BlcnRpZXMoPGh0dHA6Ly93d3cuY28tb2RlLm9yZy9vbnRvbG9naWVzL2dhbGVuI2hhc011bHRpcGxlRnVuY3Rpb24+IDxodHRwOi8vd3d3LmNvLW9kZS5vcmcvb250b2xvZ2llcy9nYWxlbiNpc011bHRpcGxlRnVuY3Rpb25PZj4p
R	52cde6652cafc597d5bfda7346d273878f0f8ed856fd005a43132a5737d06b03	SW52ZXJzZU9iamVjdFByb3BlcnRpZXMoPGh0dHA6Ly93d3cuY28tb2RlLm9yZy9vbnRvbG9naWVzL2dhbGVuI2hhc011bHRpcGxlTG9jYXRpb24+IDxodHRwOi8vd3d3LmNvLW9kZS5vcmcvb250b2xvZ2llcy9nYWxlbiNpc011bHRpcGxlTG9jYXRpb25PZj4p
R	2e5381b096c18edbda37ee414d914f39d83a0486034d13ca53ea53973f9eb3d2	SW52ZXJzZU9iamVjdFByb3BlcnRpZXMoPGh0dHA6Ly93d3cuY28tb2RlLm9yZy9vbnRvbG9naWVzL2dhbGVuI2hhc011bHRpcGxlU3VicHJvY2Vzcz4gPGh0dHA6Ly93d3cuY28tb2RlLm9yZy9vbnRvbG9naWVzL2dhbGVuI2lzTXVsdGlwbGVTdWJwcm9jZXNzT2Y+KQ==
R	2e13c393a552c26284771272ac02cb5bbf890eb9e982263be217b8fa3b8fe33b	SW52ZXJzZU9iamVjdFByb3BlcnRpZXMoPGh0dHA6Ly93d3cuY28tb2RlLm9yZy9vbnRvbG9naWVzL2dhbGVuI2hhc05vZHVsYXJpdHk+IDxodHRwOi8vd3d3LmNvLW9kZS5vcmcvb250b2xvZ2llcy9nYWxlbiNpc05vZHVsYXJpdHlPZj4p
R	3a71d533b9833f929d1a0a59bef24c385ea4c8401f3cd739a8d5abc8b1bd2ffb	SW52ZXJzZU9iamVjdFByb3BlcnRpZXMoPGh0dHA6Ly93d3cuY28tb2RlLm9yZy9vbnRvbG9naWVzL2dhbGVuI2hhc05vdFBhcmFsbGVsVG9JdD4gPGh0dHA6Ly93d3cuY28tb2RlLm9yZy9vbnRvbG9naWVzL2dhbGVuI2lzTm90UGFyYWxsZWxUbz4p
R	b130cd251f106fa3468bef625c7aada26ea9568d91874dd3d1a691a931bff9f9	SW52ZXJzZU9iamVjdFByb3BlcnRpZXMoPGh0dHA6Ly93d3cuY28tb2RlLm9yZy9vbnRvbG9naWVzL2dhbGVuI2hhc051bWJlcj4gPGh0dHA6Ly93d3cuY28tb2RlLm9yZy9vbnRvbG9naWVzL2dhbGVuI2lzTnVtYmVyT2Y+KQ==
R	d2d01b566b04a5bc2af83d2aeb45cd9aa8c68538c1fe118f18c41b9a93fac27d	SW52ZXJzZU9iamVjdFByb3BlcnRpZXMoPGh0dHA6Ly93d3cuY28tb2RlLm9yZy9vbnRvbG9naWVzL2dhbGVuI2hhc051bWVyYXRvclVuaXQ+IDxodHRwOi8vd3d3LmNvLW9kZS5vcmcvb250b2xvZ2llcy9nYWxlbiNpc051bWVyYXRvclVuaXRPZj4p
R	81ae654cf476f210cf16e03ab6a914f9339f54fc0031bee1a695acc08fffcc92	SW52ZXJzZU9iamVjdFByb3BlcnRpZXMoPGh0dHA6Ly93d3cuY28tb2RlLm9yZy9vbnRvbG9naWVzL2dhbGVuI2hhc09wZXJhYmlsaXR5PiA8aHR0cDovL3d3dy5jby1vZGUub3JnL29udG9sb2dpZXMvZ2FsZW4jaXNPcGVyYWJpbGl0eU9mPik=
R	800d7064b60f2032ae3197e7916e60b5d52824fabbbf3b933a0dc2fdfb169df9	SW52ZXJzZU9iamVjdFByb3BlcnRpZXMoPGh0dHA6Ly93d3cuY28tb2RlLm9yZy9vbnRvbG9naWVzL2dhbGVuI2hhc09yZGluYWxQb3NpdGlvbj4gPGh0dHA6Ly93d3cuY28tb2RlLm9yZy9vbnRvbG9naWVzL2dhbGVuI09yZGluYWxQb3NpdGlvbk9mPik=
R	45b986b5957f68da9aa198704f1836200c4d85b90bccc26c44df22ad971f2957	SW52ZXJzZU9iamVjdFByb3BlcnRpZXMoPGh0dHA6Ly93d3cuY28tb2RlLm9yZy9vbnRvbG9naWVzL2dhbGVuI2hhc1BhbHBhYmlsaXR5PiA8aHR0cDovL3d3dy5jby1vZGUub3JnL29udG9sb2dpZXMvZ2FsZW4jaXNQYWxwYWJpbGl0eU9mPik=
R	7e80d96445c064dd0f13953990f39b571c28bb2ab2f79ed1bf845b0dc5ccec8a	SW52ZXJzZU9iamVjdFByb3BlcnRpZXMoPGh0dHA6Ly93d3cuY28tb2RlLm9yZy9vbnRvbG9naWVzL2dhbGVuI2hhc1BhcmFsbGVsVG9JdD4gPGh0dHA6Ly93d3cuY28tb2RlLm9yZy9vbnRvbG9naWVzL2dhbGVuI2lzUGFyYWxsZWxUbz4p
R	99f6eb5154eab8910d406e542402e2a960f5f757e33caf1425ff5eb74b18db71	SW52ZXJzZU9iamVjdFByb3BlcnRpZXMoPGh0dHA6Ly93d3cuY28tb2RlLm9yZy9vbnRvbG9naWVzL2dhbGVuI2hhc1BhdGVuY3k+IDxodHRwOi8vd3d3LmNvLW9kZS5vcmcvb250b2xvZ2llcy9nYWxlbiNpc1BhdGVuY3lPZj4p
R	adfc8a81ddfc8d9a4cb11e59cea7caaa8706e10a51473946f133f236239ecdcf	SW52ZXJzZU9iamVjdFByb3BlcnRpZXMoPGh0dHA6Ly93d3cuY28tb2RlLm9yZy9vbnRvbG9naWVzL2dhbGVuI2hhc1Blcm1hbmVuY2U+IDxodHRwOi8vd3d3LmNvLW9kZS5vcmcvb250b2xvZ2llcy9nYWxlbiNpc1Blcm1hbmVuY2VPZj4p
R	3a0c21342b8d4db77424404002eecd93748a7af7664e3d439f11037467a2ce75	SW52ZXJzZU9iamVjdFByb3BlcnRpZXMoPGh0dHA6Ly93d3cuY28tb2RlLm9yZy9vbnRvbG9naWVzL2dhbGVuI2hhc1Blcm1lYWJpbGl0eT4gPGh0dHA6Ly93d3cuY28tb2RlLm9yZy9vbnRvbG9naWVzL2dhbGVuI2lzUGVybWVhYmlsaXR5T2Y+KQ==
R	b8c905f225f779bd72896e4d4eeb8b17059e2eaea578d94a08f9e408e7a906b9	SW52ZXJzZU9iamVjdFByb3BlcnRpZXMoPGh0dHA6Ly93d3cuY28tb2RlLm9yZy9vbnRvbG9naWVzL2dhbGVuI2hhc1BoZW5vdHlwaWNhbFNleD4gPGh0dHA6Ly93d3cuY28tb2RlLm9yZy9vbnRvbG9naWVzL2dhbGVuI2lzUGhlbm90eXBpY2FsU2V4T2Y+KQ==
R	e24a49451b515d12626501a9514a8782c91e6968049b67b34d43231d741cd717	SW52ZXJzZU9iamVjdFByb3BlcnRpZXMoPGh0dHA6Ly93d3cuY28tb2RlLm9yZy9vbnRvbG9naWVzL2dhbGVuI2hhc1BoeXNpY2FsTWVhbnM+IDxodHRwOi8vd3d3LmNvLW9kZS5vcmcvb250b2xvZ2llcy9nYWxlbiNpc1BoeXNpY2FsTWVhbnNPZj4p
R	d789832927ee753ae912f5bef8ddd8d7eb727f2e8cfb669bf37601b6bfcd61a7	SW52ZXJzZU9iamVjdFByb3BlcnRpZXMoPGh0dHA6Ly93d3cuY28tb2RlLm9yZy9vbnRvbG9naWVzL2dhbGVuI2hhc1BoeXNpY2FsUHJlc2VudGF0aW9uPiA8aHR0cDovL3d3dy5jby1vZGUub3JnL29udG9sb2dpZXMvZ2FsZW4jaXNQaHlzaWNhbFByZXNlbnRhdGlvbk9mPik=
R	d31219771cc89598bb8d56a22b3a00c8951aa35c5c9dbaf1746d60725290a00f	SW52ZXJzZU9iamVjdFByb3BlcnRpZXMoPGh0dHA6Ly93d3cuY28tb2RlLm9yZy9vbnRvbG9naWVzL2dhbGVuI2hhc1BoeXNpY2FsU3RhdGU+IDxodHRwOi8vd3d3LmNvLW9kZS5vcmcvb250b2xvZ2llcy9nYWxlbiNpc1BoeXNpY2FsU3RhdGVPZj4p
R	dec89743ab907a3d35e7b36d3ab75cd40632ec1fdd6390b1db7b7f9f4de477ac	SW52ZXJzZU9iamVjdFByb3BlcnRpZXMoPGh0dHA6Ly93d3cuY28tb2RlLm9yZy9vbnRvbG9naWVzL2dhbGVuI2hhc1Bvd2VyU291cmNlPiA8aHR0cDovL3d3dy5jby1vZGUub3JnL29udG9sb2dpZXMvZ2FsZW4jaXNQb3dlclNvdXJjZU9mPik=
R	429c156190380a68192022068faab949bdaac42a31476c8545096f35255553a9	SW52ZXJzZU9iamVjdFByb3BlcnRpZXMoPGh0dHA6Ly93d3cuY28tb2RlLm9yZy9vbnRvbG9naWVzL2dhbGVuI2hhc1ByZWNlZGVuY2U+IDxodHRwOi8vd3d3LmNvLW9kZS5vcmcvb250b2xvZ2llcy9nYWxlbiNpc1ByZWNlZGVuY2VPZj4p
R	d16aae563971ee7c2dccea91821410150d2159f8a14cdf29bf991f9ae1dc0d92	SW52ZXJzZU9iamVjdFByb3BlcnRpZXMoPGh0dHA6Ly93d3cuY28tb2RlLm9yZy9vbnRvbG9naWVzL2dhbGVuI2hhc1ByZWRlbGl2ZXJ5Rm9ybXVsYXRpb24+IDxodHRwOi8vd3d3LmNvLW9kZS5vcmcvb250b2xvZ2llcy9nYWxlbiNpc1ByZWRlbGl2ZXJ5Rm9ybXVsYXRpb24+KQ==
R	5f9bfaafdf76ab5cc8b62ce6ea668d82cdbae0ddc1f2c120c0ce77fc5dedae16	SW52ZXJzZU9iamVjdFByb3BlcnRpZXMoPGh0dHA6Ly93d3cuY28tb2RlLm9yZy9vbnRvbG9naWVzL2dhbGVuI2hhc1Byb21pbmVuY2U+IDxodHRwOi8vd3d3LmNvLW9kZS5vcmcvb250b2xvZ2llcy9nYWxlbiNpc1Byb21pbmVuY2VPZj4p
R	5c06c7aa74b8e9e5c25cd56097e854893499819808fbe0fddd67609ef448815b	SW52ZXJzZU9iamVjdFByb3BlcnRpZXMoPGh0dHA6Ly93d3cuY28tb2RlLm9yZy9vbnRvbG9naWVzL2dhbGVuI2hhc1Byb3hpbWFsRGlzdGFsU2VsZWN0b3I+IDxodHRwOi8vd3d3LmNvLW9kZS5vcmcvb250b2xvZ2llcy9nYWxlbiNpc1Byb3hpbWFsRGlzdGFsU2VsZWN0b3JPZj4p
R	da9af5d5ef18dbb5bb12f963362f25195873bcb2b820914e1f368d67755698b7	SW52ZXJzZU9iamVjdFByb3BlcnRpZXMoPGh0dHA6Ly93d3cuY28tb2RlLm9yZy9vbnRvbG9naWVzL2dhbGVuI2hhc1F1YWxpdHk+IDxodHRwOi8vd3d3LmNvLW9kZS5vcmcvb250b2xvZ2llcy9nYWxlbiNpc1F1YWxpdHlPZj4p
R	d38dbb231fadf7f31f86bacf972bdca476d513a3af90bdf0fde7384ed48ea74d	SW52ZXJzZU9iamVjdFByb3BlcnRpZXMoPGh0dHA6Ly93d3cuY28tb2RlLm9yZy9vbnRvbG9naWVzL2dhbGVuI2hhc1F1YW50aXRhdGl2ZVByZWNpc2lvbj4gPGh0dHA6Ly93d3cuY28tb2RlLm9yZy9vbnRvbG9naWVzL2dhbGVuI2lzUXVhbnRpdGF0aXZlUHJlY2lzaW9uT2Y+KQ==
R	8ac516ac78aafdd4f2142ccda2f6c9f49bfd1cc5da98ddd8eaca8602f1bd763e	SW52ZXJzZU9iamVjdFByb3BlcnRpZXMoPGh0dHA6Ly93d3cuY28tb2RlLm9yZy9vbnRvbG9naWVzL2dhbGVuI2hhc1JhbmdlPiA8aHR0cDovL3d3dy5jby1vZGUub3JnL29udG9sb2dpZXMvZ2FsZW4jaXNSYW5nZU9mPik=
R	8bb94ec8a5cda93b7f7c7c161ca6d677a2d9b892fdfc11d9552deae779bb20be	SW52ZXJzZU9iamVjdFByb3BlcnRpZXMoPGh0dHA6Ly93d3cuY28tb2RlLm9yZy9vbnRvbG9naWVzL2dhbGVuI2hhc1JlZmVyZW5jZT4gPGh0dHA6Ly93d3cuY28tb2RlLm9yZy9vbnRvbG9naWVzL2dhbGVuI2lzV2l0aFJlZmVyZW5jZVRvPik=
R	a443da9d21bd95c32440c4122e453c174bc41c0dcef62cedcaa4d997dadb0e89	SW52ZXJzZU9iamVjdFByb3BlcnRpZXMoPGh0dHA6Ly93d3cuY28tb2RlLm9yZy9vbnRvbG9naWVzL2dhbGVuI2hhc1JlZmxlY3Rpdml0eT4gPGh0dHA6Ly93d3cuY28tb2RlLm9yZy9vbnRvbG9naWVzL2dhbGVuI2lzUmVmbGVjdGl2aXR5T2Y+KQ==
R	da86d80d298ad7251fde93da29726a953997a6a73898922778de302b36801647	SW52ZXJzZU9iamVjdFByb3BlcnRpZXMoPGh0dHA6Ly93d3cuY28tb2RlLm9yZy9vbnRvbG9naWVzL2dhbGVuI2hhc1JlZnJhY3RhbmNlPiA8aHR0cDovL3d3dy5jby1vZGUub3JnL29udG9sb2dpZXMvZ2FsZW4jaXNSZWZyYWN0YW5jZU9mPik=
R	36acf29e2247bb792bdb63590dc02c4e6342a56769f141c8df44ebd932fe0c14	SW52ZXJzZU9iamVjdFByb3BlcnRpZXMoPGh0dHA6Ly93d3cuY28tb2RlLm9yZy9vbnRvbG9naWVzL2dhbGVuI2hhc1JlbGF0aW9uc2hpcFRvV2hvbGU+IDxodHRwOi8vd3d3LmNvLW9kZS5vcmcvb250b2xvZ2llcy9nYWxlbiNpc1JlbGF0aW9uc2hpcFRvV2hvbGU+KQ==
R	f20d2c4b3ee936080199571ded81ef9a71cc916ff88a69a90900abe0050bf2c8	SW52ZXJzZU9iamVjdFByb3BlcnRpZXMoPGh0dHA6Ly93d3cuY28tb2RlLm9yZy9vbnRvbG9naWVzL2dhbGVuI2hhc1JldXNhYmlsaXR5PiA8aHR0cDovL3d3dy5jby1vZGUub3JnL29udG9sb2dpZXMvZ2FsZW4jaXNSZXVzYWJpbGl0eU9mPik=
R	8d93a91151d2b089788fd20aa828219136563219d33161c39c9ff42df1d78812	SW52ZXJzZU9iamVjdFByb3BlcnRpZXMoPGh0dHA6Ly93d3cuY28tb2RlLm9yZy9vbnRvbG9naWVzL2dhbGVuI2hhc1JldmlzaW9uU3RhdHVzPiA8aHR0cDovL3d3dy5jby1vZGUub3JnL29udG9sb2dpZXMvZ2FsZW4jaXNSZXZpc2lvblN0YXR1c09mPik=
R	9a39ef1d601f0f8466d9c289752dcd9a5231de7266315f505ed6af5ad51791e5	SW52ZXJzZU9iamVjdFByb3BlcnRpZXMoPGh0dHA6Ly93d3cuY28tb2RlLm9yZy9vbnRvbG9naWVzL2dhbGVuI2hhc1NldmVyaXR5PiA8aHR0cDovL3d3dy5jby1vZGUub3JnL29udG9sb2dpZXMvZ2FsZW4jaXNTZXZlcml0eU9mPik=
R	3ef65f24323c203d90ccd4fe3349b1800a63453422bcc4293b7147e2210ce5c3	SW52ZXJzZU9iamVjdFByb3BlcnRpZXMoPGh0dHA6Ly93d3cuY28tb2RlLm9yZy9vbnRvbG9naWVzL2dhbGVuI2hhc1NleHVhbE1hdHVyYXRpb24+IDxodHRwOi8vd3d3LmNvLW9kZS5vcmcvb250b2xvZ2llcy9nYWxlbiNpc1NleHVhbE1hdHVyYXRpb25PZj4p
R	dcccb8a3148e060b09317799e865513446a8d02e7f19f55d1f1858067db09c73	SW52ZXJzZU9iamVjdFByb3BlcnRpZXMoPGh0dHA6Ly93d3cuY28tb2RlLm9yZy9vbnRvbG9naWVzL2dhbGVuI2hhc1NoYXBlPiA8aHR0cDovL3d3dy5jby1vZGUub3JnL29udG9sb2dpZXMvZ2FsZW4jaXNTaGFwZU9mPik=
R	1e7cd0df4b04051e3dc44c6b435c78dc0c4d03fc98428ea569c04a1ad81fdcc9	SW52ZXJzZU9iamVjdFByb3BlcnRpZXMoPGh0dHA6Ly93d3cuY28tb2RlLm9yZy9vbnRvbG9naWVzL2dhbGVuI2hhc1NoYXBlQW5hbGFnb3VzVG8+IDxodHRwOi8vd3d3LmNvLW9kZS5vcmcvb250b2xvZ2llcy9nYWxlbiNpc1NoYXBlQW5hbGFnb3VzVG8+KQ==
R	18f756c8cdebd0873e8b374f49a2d0fdeb707f75b872722ceb6a83733f44f9a7	SW52ZXJzZU9iamVjdFByb3BlcnRpZXMoPGh0dHA6Ly93d3cuY28tb2RlLm9yZy9vbnRvbG9naWVzL2dhbGVuI2hhc1NoYXJwbmVzcz4gPGh0dHA6Ly93d3cuY28tb2RlLm9yZy9vbnRvbG9naWVzL2dhbGVuI2lzU2hhcnBuZXNzT2Y+KQ==
R	bdc5c253fc08191874b82e483216920e60cf998c4f5e05e84a989d9154b30187	SW52ZXJzZU9iamVjdFByb3BlcnRpZXMoPGh0dHA6Ly93d3cuY28tb2RlLm9yZy9vbnRvbG9naWVzL2dhbGVuI2hhc1NpZ25hbEFtcGxpdHVkZT4gPGh0dHA6Ly93d3cuY28tb2RlLm9yZy9vbnRvbG9naWVzL2dhbGVuI2lzU2lnbmFsQW1wbGl0dWRlT2Y+KQ==
R	d1cfbcb0221ee1d161af7beee8e467687247f105a96c7e5a599ab1daf1bc8c6a	SW52ZXJzZU9iamVjdFByb3BlcnRpZXMoPGh0dHA6Ly93d3cuY28tb2RlLm9yZy9vbnRvbG9naWVzL2dhbGVuI2hhc1NpZ25hbEF0dGFja1BoYXNlPiA8aHR0cDovL3d3dy5jby1vZGUub3JnL29udG9sb2dpZXMvZ2FsZW4jaXNTaWduYWxBdHRhY2tQaGFzZU9mPik=
R	f9e0861fc26d75b71920ec255157bde339ea4fef40e4d97219e381a2c3d9e988	SW52ZXJzZU9iamVjdFByb3BlcnRpZXMoPGh0dHA6Ly93d3cuY28tb2RlLm9yZy9vbnRvbG9naWVzL2dhbGVuI2hhc1NpZ25hbERlY2F5UGhhc2U+IDxodHRwOi8vd3d3LmNvLW9kZS5vcmcvb250b2xvZ2llcy9nYWxlbiNpc1NpZ25hbERlY2F5UGhhc2VPZj4p
R	30f93d560f437409369cbd74885f1aef7cb7737e121acf8530bdc0c26d3194a1	SW52ZXJzZU9iamVjdFByb3BlcnRpZXMoPGh0dHA6Ly93d3cuY28tb2RlLm9yZy9vbnRvbG9naWVzL2dhbGVuI2hhc1NpZ25hbE1vcnBob2xvZ3k+IDxodHRwOi8vd3d3LmNvLW9kZS5vcmcvb250b2xvZ2llcy9nYWxlbiNpc1NpZ25hbE1vcnBob2xvZ3lPZj4p
R	3a83ff4190fe42e9ca84fd56ff0729ad7d292fc229d0fb5058cad22e14c41553	SW52ZXJzZU9iamVjdFByb3BlcnRpZXMoPGh0dHA6Ly93d3cuY28tb2RlLm9yZy9vbnRvbG9naWVzL2dhbGVuI2hhc1NpZ25hbFBsYXRlYXVQaGFzZT4gPGh0dHA6Ly93d3cuY28tb2RlLm9yZy9vbnRvbG9naWVzL2dhbGVuI2lzU2lnbmFsUGxhdGVhdVBoYXNlT2Y+KQ==
R	f3525ee67b1888ab209f1c6832310945ce6092af8748cf92b583b9e107600b40	SW52ZXJzZU9iamVjdFByb3BlcnRpZXMoPGh0dHA6Ly93d3cuY28tb2RlLm9yZy9vbnRvbG9naWVzL2dhbGVuI2hhc1NpbXBsZUNvbXBsZXhTZWxlY3Rvcj4gPGh0dHA6Ly93d3cuY28tb2RlLm9yZy9vbnRvbG9naWVzL2dhbGVuI2lzU2ltcGxlQ29tcGxleFNlbGVjdG9yT2Y+KQ==
R	bc883db8ba80d2e60f99c48795679918fb45e90c9129a3da5586a680fa08a449	SW52ZXJzZU9iamVjdFByb3BlcnRpZXMoPGh0dHA6Ly93d3cuY28tb2RlLm9yZy9vbnRvbG9naWVzL2dhbGVuI2hhc1NpbXBsZUZvcm11bGF0aW9uPiA8aHR0cDovL3d3dy5jby1vZGUub3JnL29udG9sb2dpZXMvZ2FsZW4jaXNTaW1wbGVGb3JtdWxhdGlvbk9mPik=
R	84c4f1fc4117256a313a124e3055f3f719c7e669c69dbd697d201bd02ff3af30	SW52ZXJzZU9iamVjdFByb3BlcnRpZXMoPGh0dHA6Ly93d3cuY28tb2RlLm9yZy9vbnRvbG9naWVzL2dhbGVuI2hhc1NpemU+IDxodHRwOi8vd3d3LmNvLW9kZS5vcmcvb250b2xvZ2llcy9nYWxlbiNpc1NpemVPZj4p
R	1150f8e9b801875b7ff18aee4a2f8bca7da2927ae06547a0726e98df744311f1	SW52ZXJzZU9iamVjdFByb3BlcnRpZXMoPGh0dHA6Ly93d3cuY28tb2RlLm9yZy9vbnRvbG9naWVzL2dhbGVuI2hhc1NrdWxsRnJhY3R1cmVUeXBlPiA8aHR0cDovL3d3dy5jby1vZGUub3JnL29udG9sb2dpZXMvZ2FsZW4jaXNTa3VsbEZyYWN0dXJlVHlwZU9mPik=
R	60e4b36c17ee1e70d5177957e52d6446538c58434cf3f71e8ea862db8c225d5a	SW52ZXJzZU9iamVjdFByb3BlcnRpZXMoPGh0dHA6Ly93d3cuY28tb2RlLm9yZy9vbnRvbG9naWVzL2dhbGVuI2hhc1NvbGlkUmVnaW9uPiA8aHR0cDovL3d3dy5jby1vZGUub3JnL29udG9sb2dpZXMvZ2FsZW4jaXNTb2xpZFJlZ2lvbk9mPik=
R	579c8b83ea1af9a4a16104b7f5ce8d0f78f66823311bc28088fa133eeb468349	SW52ZXJzZU9iamVjdFByb3BlcnRpZXMoPGh0dHA6Ly93d3cuY28tb2RlLm9yZy9vbnRvbG9naWVzL2dhbGVuI2hhc1NwYWNpbmc+IDxodHRwOi8vd3d3LmNvLW9kZS5vcmcvb250b2xvZ2llcy9nYWxlbiNpc1NwYWNpbmdPZj4p
R	be4ea216d19f768461fe2f6f7507c687851c10e86120a405db8b581939db829c	SW52ZXJzZU9iamVjdFByb3BlcnRpZXMoPGh0dHA6Ly93d3cuY28tb2RlLm9yZy9vbnRvbG9naWVzL2dhbGVuI2hhc1NwZWNpZmljQW5zd2VyPiA8aHR0cDovL3d3dy5jby1vZGUub3JnL29udG9sb2dpZXMvZ2FsZW4jaXNTcGVjaWZpY0Fuc3dlck9mPik=
R	5d54b71756718ea8bd2c88e44525a6f9a245804d7a3b18f4187860b8e45f7475	SW52ZXJzZU9iamVjdFByb3BlcnRpZXMoPGh0dHA6Ly93d3cuY28tb2RlLm9yZy9vbnRvbG9naWVzL2dhbGVuI2hhc1NwZWNpZmljQ29tcGxpY2F0aW9uPiA8aHR0cDovL3d3dy5jby1vZGUub3JnL29udG9sb2dpZXMvZ2FsZW4jaXNTcGVjaWZpY0NvbXBsaWNhdGlvbk9mPik=
R	0e8f923f67eca0fc6629b282eb8bb65001e6ffbc5ee2f81a919bbb0ef0e6401f	SW52ZXJzZU9iamVjdFByb3BlcnRpZXMoPGh0dHA6Ly93d3cuY28tb2RlLm9yZy9vbnRvbG9naWVzL2dhbGVuI2hhc1NwZWNpZmljQ29uc2VxdWVuY2U+IDxodHRwOi8vd3d3LmNvLW9kZS5vcmcvb250b2xvZ2llcy9nYWxlbiNpc1NwZWNpZmljQ29uc2VxdWVuY2VPZj4p
R	5aa736ffe6af8fb063ec7e99a9c92667db7bc5a4a1a4165d056b5331f6693f04	SW52ZXJzZU9iamVjdFByb3BlcnRpZXMoPGh0dHA6Ly93d3cuY28tb2RlLm9yZy9vbnRvbG9naWVzL2dhbGVuI2hhc1NwZWNpZmljR29hbD4gPGh0dHA6Ly93d3cuY28tb2RlLm9yZy9vbnRvbG9naWVzL2dhbGVuI2lzU3BlY2lmaWNHb2FsT2Y+KQ==
R	d68e7446091b8a804702a5c6bbe152668620b5354396a75fa4b075bad8a46c0a	SW52ZXJzZU9iamVjdFByb3BlcnRpZXMoPGh0dHA6Ly93d3cuY28tb2RlLm9yZy9vbnRvbG9naWVzL2dhbGVuI2hhc1NwZWNpZmljR3Jhdml0eT4gPGh0dHA6Ly93d3cuY28tb2RlLm9yZy9vbnRvbG9naWVzL2dhbGVuI2lzU3BlY2lmaWNHcmF2aXR5T2Y+KQ==
R	b9a3a6bed9001695776f60973f6e9fb53ae273987499c012fc6d42c050dd318e	SW52ZXJzZU9iamVjdFByb3BlcnRpZXMoPGh0dHA6Ly93d3cuY28tb2RlLm9yZy9vbnRvbG9naWVzL2dhbGVuI2hhc1NwZWNpZmljSW1tZWRpYXRlQ29tcGxpY2F0aW9uPiA8aHR0cDovL3d3dy5jby1vZGUub3JnL29udG9sb2dpZXMvZ2FsZW4jaXNTcGVjaWZpY0ltbWVkaWF0ZUNvbXBsaWNhdGlvbk9mPik=
R	a348fd93bb2100833b36f4ae89fdd46e32780ba115d507f086a3171d255d8658	SW52ZXJzZU9iamVjdFByb3BlcnRpZXMoPGh0dHA6Ly93d3cuY28tb2RlLm9yZy9vbnRvbG9naWVzL2dhbGVuI2hhc1NwZWNpZmljSW1tZWRpYXRlQ29uc2VxdWVuY2U+IDxodHRwOi8vd3d3LmNvLW9kZS5vcmcvb250b2xvZ2llcy9nYWxlbiNpc1NwZWNpZmljSW1tZWRpYXRlQ29uc2VxdWVuY2VPZj4p
R	7691b01140e89ff4ec9b6048df07b9587e84fe1b25a23a43934c6dd3d2653b3a	SW52ZXJzZU9iamVjdFByb3BlcnRpZXMoPGh0dHA6Ly93d3cuY28tb2RlLm9yZy9vbnRvbG9naWVzL2dhbGVuI2hhc1NwZWNpZmljSW5ncmVkaWVudD4gPGh0dHA6Ly93d3cuY28tb2RlLm9yZy9vbnRvbG9naWVzL2dhbGVuI2lzU3BlY2lmaWNJbmdyZWRpZW50T2Y+KQ==
R	6abe29aa6187d760ee15ebda4a5a4fe0a9d14012ca424f6317bd6a4090c8a79b	SW52ZXJzZU9iamVjdFByb3BlcnRpZXMoPGh0dHA6Ly93d3cuY28tb2RlLm9yZy9vbnRvbG9naWVzL2dhbGVuI2hhc1NwZWNpZmljTGF0ZUNvbXBsaWNhdGlvbj4gPGh0dHA6Ly93d3cuY28tb2RlLm9yZy9vbnRvbG9naWVzL2dhbGVuI2lzU3BlY2lmaWNMYXRlQ29tcGxpY2F0aW9uT2Y+KQ==
R	c85f22f4d51d953776229f1602d8a56a38c307289957d49086d3b281e2e728f3	SW52ZXJzZU9iamVjdFByb3BlcnRpZXMoPGh0dHA6Ly93d3cuY28tb2RlLm9yZy9vbnRvbG9naWVzL2dhbGVuI2hhc1NwZWNpZmljTGF5ZXI+IDxodHRwOi8vd3d3LmNvLW9kZS5vcmcvb250b2xvZ2llcy9nYWxlbiNpc1NwZWNpZmljTGF5ZXJPZj4p
R	b401b00b2b7cc1d45eaee37ea9f0d94a386f4fe57c9710f53c6da40567efcf49	SW52ZXJzZU9iamVjdFByb3BlcnRpZXMoPGh0dHA6Ly93d3cuY28tb2RlLm9yZy9vbnRvbG9naWVzL2dhbGVuI2hhc1NwZWNpZmljTGluZWFyRGl2aXNpb24+IDxodHRwOi8vd3d3LmNvLW9kZS5vcmcvb250b2xvZ2llcy9nYWxlbiNpc1NwZWNpZmljTGluZWFyRGl2aXNpb25PZj4p
R	7f2169a7bf568bf203e715aec291587bceb46d009fede7da8784b86b4cc5b311	SW52ZXJzZU9iamVjdFByb3BlcnRpZXMoPGh0dHA6Ly93d3cuY28tb2RlLm9yZy9vbnRvbG9naWVzL2dhbGVuI2hhc1NwZWNpZmljTG9jYXRpb24+IDxodHRwOi8vd3d3LmNvLW9kZS5vcmcvb250b2xvZ2llcy9nYWxlbiNpc1NwZWNpZmljTG9jYXRpb25PZj4p
R	c168d8ddde4a6acf2466f9aafdfc9545ba8884fd409c2410f8f2a63d12acfb7e	SW52ZXJzZU9iamVjdFByb3BlcnRpZXMoPGh0dHA6Ly93d3cuY28tb2RlLm9yZy9vbnRvbG9naWVzL2dhbGVuI2hhc1NwZWNpZmljUGhhc2U+IDxodHRwOi8vd3d3LmNvLW9kZS5vcmcvb250b2xvZ2llcy9nYWxlbiNpc1NwZWNpZmljUGhhc2VPZj4p
R	ff4cc36e5892b53ad07c70b3fd58ffcf332240e1fe76a932a2d8b2e7bca23efa	SW52ZXJzZU9iamVjdFByb3BlcnRpZXMoPGh0dHA6Ly93d3cuY28tb2RlLm9yZy9vbnRvbG9naWVzL2dhbGVuI2hhc1NwZWNpZmljUGh5c2ljYWxNZWFucz4gPGh0dHA6Ly93d3cuY28tb2RlLm9yZy9vbnRvbG9naWVzL2dhbGVuI2lzU3BlY2lmaWNQaHlzaWNhbE1lYW5zT2Y+KQ==
R	4b986ff0219b86ddfe4241b6af3ac9870bd5a7494b728547b16162eba00e3815	SW52ZXJzZU9iamVjdFByb3BlcnRpZXMoPGh0dHA6Ly93d3cuY28tb2RlLm9yZy9vbnRvbG9naWVzL2dhbGVuI2hhc1NwZWNpZmljUHJveGltaXR5PiA8aHR0cDovL3d3dy5jby1vZGUub3JnL29udG9sb2dpZXMvZ2FsZW4jaXNTcGVjaWZpY1Byb3hpbWl0eU9mPik=
R	ab5ebf71558f34d7fe0f28436ac3842fed9159b177da4c1ca836c1188e2b58a9	SW52ZXJzZU9iamVjdFByb3BlcnRpZXMoPGh0dHA6Ly93d3cuY28tb2RlLm9yZy9vbnRvbG9naWVzL2dhbGVuI2hhc1NwZWNpZmljU29saWREaXZpc2lvbj4gPGh0dHA6Ly93d3cuY28tb2RlLm9yZy9vbnRvbG9naWVzL2dhbGVuI2lzU3BlY2lmaWNTb2xpZERpdmlzaW9uT2Y+KQ==
R	ec1ddf9faff3c56bbbd9051a4b47ece73c743de54d38990f57a0af83143e45e7	SW52ZXJzZU9iamVjdFByb3BlcnRpZXMoPGh0dHA6Ly93d3cuY28tb2RlLm9yZy9vbnRvbG9naWVzL2dhbGVuI2hhc1NwZWNpZmljU3RydWN0dXJhbENvbXBvbmVudD4gPGh0dHA6Ly93d3cuY28tb2RlLm9yZy9vbnRvbG9naWVzL2dhbGVuI2lzU3BlY2lmaWNTdHJ1Y3R1cmFsQ29tcG9uZW50T2Y+KQ==
R	548b0a1ee3751851df6a7b481c8b0f30f3f7d474541abded5dd9748cf39ec2a9	SW52ZXJzZU9iamVjdFByb3BlcnRpZXMoPGh0dHA6Ly93d3cuY28tb2RlLm9yZy9vbnRvbG9naWVzL2dhbGVuI2hhc1NwZWNpZmljU3VicHJvY2Vzcz4gPGh0dHA6Ly93d3cuY28tb2RlLm9yZy9vbnRvbG9naWVzL2dhbGVuI2lzU3BlY2lmaWNTdWJwcm9jZXNzT2Y+KQ==
R	b9855e4dc6f6ae7d8c68d3134c979e069f9b2cc558a2698e6be454b623943722	SW52ZXJzZU9iamVjdFByb3BlcnRpZXMoPGh0dHA6Ly93d3cuY28tb2RlLm9yZy9vbnRvbG9naWVzL2dhbGVuI2hhc1NwZWNpZmljU3VyZmFjZURpdmlzaW9uPiA8aHR0cDovL3d3dy5jby1vZGUub3JnL29udG9sb2dpZXMvZ2FsZW4jaXNTcGVjaWZpY1N1cmZhY2VEaXZpc2lvbk9mPik=
R	5aadbb8d5ac08149bc3f5200f8c065720c152fa3367898317f77fa509b41e0bb	SW52ZXJzZU9iamVjdFByb3BlcnRpZXMoPGh0dHA6Ly93d3cuY28tb2RlLm9yZy9vbnRvbG9naWVzL2dhbGVuI2hhc1NwZWNpZmljaXR5PiA8aHR0cDovL3d3dy5jby1vZGUub3JnL29udG9sb2dpZXMvZ2FsZW4jaXNTcGVjaWZpY2l0eU9mPik=
R	fdcfec594ac2b90174e868c49343019e2bd9af4cf779211a63899dd1424dde63	SW52ZXJzZU9iamVjdFByb3BlcnRpZXMoPGh0dHA6Ly93d3cuY28tb2RlLm9yZy9vbnRvbG9naWVzL2dhbGVuI2hhc1NwZWVkPiA8aHR0cDovL3d3dy5jby1vZGUub3JnL29udG9sb2dpZXMvZ2FsZW4jaXNTcGVlZE9mPik=
R	8e906747f0292f53f1e89ae9f60c94210649f0439ee5f752eadabf546ef0fd89	SW52ZXJzZU9iamVjdFByb3BlcnRpZXMoPGh0dHA6Ly93d3cuY28tb2RlLm9yZy9vbnRvbG9naWVzL2dhbGVuI2hhc1NxdWludENvbmNvbWl0YW5jZT4gPGh0dHA6Ly93d3cuY28tb2RlLm9yZy9vbnRvbG9naWVzL2dhbGVuI2lzU3F1aW50Q29uY29taXRhbmNlT2Y+KQ==
R	10e246e7ccfed40858263b95d065dca04b2fd248397d3847e06d811296676fd7	SW52ZXJzZU9iamVjdFByb3BlcnRpZXMoPGh0dHA6Ly93d3cuY28tb2RlLm9yZy9vbnRvbG9naWVzL2dhbGVuI2hhc1N0YXJ0UG9pbnQ+IDxodHRwOi8vd3d3LmNvLW9kZS5vcmcvb250b2xvZ2llcy9nYWxlbiNpc1N0YXJ0UG9pbnRPZj4p
R	fe25ca458fddab1272f93038410c8edbd33e70f927da29a173b3ca8c4c5369f8	SW52ZXJzZU9iamVjdFByb3BlcnRpZXMoPGh0dHA6Ly93d3cuY28tb2RlLm9yZy9vbnRvbG9naWVzL2dhbGVuI2hhc1N0YXJ0VGltZT4gPGh0dHA6Ly93d3cuY28tb2RlLm9yZy9vbnRvbG9naWVzL2dhbGVuI2lzU3RhcnRUaW1lT2Y+KQ==
R	3291a0213301776aebd0ff1cd0f7b60c6e1bdf1776263234c993155f9165de76	SW52ZXJzZU9iamVjdFByb3BlcnRpZXMoPGh0dHA6Ly93d3cuY28tb2RlLm9yZy9vbnRvbG9naWVzL2dhbGVuI2hhc1N0YXRlPiA8aHR0cDovL3d3dy5jby1vZGUub3JnL29udG9sb2dpZXMvZ2FsZW4jaXNTdGF0ZU9mPik=
R	8ee972affa4607b041c1fb2bc777a62ddb3abc9abd5a4cc3ddaadeee26d9dc0e	SW52ZXJzZU9iamVjdFByb3BlcnRpZXMoPGh0dHA6Ly93d3cuY28tb2RlLm9yZy9vbnRvbG9naWVzL2dhbGVuI2hhc1N0cmFpbkNhcGFjaXR5PiA8aHR0cDovL3d3dy5jby1vZGUub3JnL29udG9sb2dpZXMvZ2FsZW4jaXNTdHJhaW5DYXBhY2l0eU9mPik=
R	6e7abcb1d351499d5ff5186d232ba834365cc6bf8bc2564afd91da14eef26414	SW52ZXJzZU9iamVjdFByb3BlcnRpZXMoPGh0dHA6Ly93d3cuY28tb2RlLm9yZy9vbnRvbG9naWVzL2dhbGVuI2hhc1N0cnVjdHVyYWxFeHRlbnQ+IDxodHRwOi8vd3d3LmNvLW9kZS5vcmcvb250b2xvZ2llcy9nYWxlbiNpc1N0cnVjdHVyYWxFeHRlbnRPZj4p
R	a4830df9f305dd9ee1a485b6eef5825f97e0b9b330577954f4fe99d65741487a	SW52ZXJzZU9iamVjdFByb3BlcnRpZXMoPGh0dHA6Ly93d3cuY28tb2RlLm9yZy9vbnRvbG9naWVzL2dhbGVuI2hhc1N1YnByb2Nlc3M+IDxodHRwOi8vd3d3LmNvLW9kZS5vcmcvb250b2xvZ2llcy9nYWxlbiNpc1N1YnByb2Nlc3NPZj4p
R	45ff78af7f627126dc061a055bb21f26f8d2f11b803ffc0ac3737a4b1854a9e4	SW52ZXJzZU9iamVjdFByb3BlcnRpZXMoPGh0dHA6Ly93d3cuY28tb2RlLm9yZy9vbnRvbG9naWVzL2dhbGVuI2hhc1N1ZGRlbmVzcz4gPGh0dHA6Ly93d3cuY28tb2RlLm9yZy9vbnRvbG9naWVzL2dhbGVuI2lzU3VkZGVuZXNzT2Y+KQ==
R	bf768c334a0158d0c05dde0b5b5c8a67fcfa1fa2a6bd73c7d543bb9db3121841	SW52ZXJzZU9iamVjdFByb3BlcnRpZXMoPGh0dHA6Ly93d3cuY28tb2RlLm9yZy9vbnRvbG9naWVzL2dhbGVuI2hhc1N1cGVyZmljaWFsRGVlcFNlbGVjdG9yPiA8aHR0cDovL3d3dy5jby1vZGUub3JnL29udG9sb2dpZXMvZ2FsZW4jaXNTdXBlcmZpY2lhbERlZXBTZWxlY3Rvck9mPik=
R	897ce4c17917a68f1e672e1972a6905676de93bc80bb61c8ee044deab4dfe887	SW52ZXJzZU9iamVjdFByb3BlcnRpZXMoPGh0dHA6Ly93d3cuY28tb2RlLm9yZy9vbnRvbG9naWVzL2dhbGVuI2hhc1N1cGVyaW9ySW5mZXJpb3JTZWxlY3Rvcj4gPGh0dHA6Ly93d3cuY28tb2RlLm9yZy9vbnRvbG9naWVzL2dhbGVuI2lzU3VwZXJpb3JJbmZlcmlvclNlbGVjdG9yT2Y+KQ==
R	12f77725ca8579bb412fcb13a4bebdc44d22212ae24c23d463110b5d0c26b38f	SW52ZXJzZU9iamVjdFByb3BlcnRpZXMoPGh0dHA6Ly93d3cuY28tb2RlLm9yZy9vbnRvbG9naWVzL2dhbGVuI2hhc1N1cmdpY2FsT3BlbkNsb3NlZG5lc3M+IDxodHRwOi8vd3d3LmNvLW9kZS5vcmcvb250b2xvZ2llcy9nYWxlbiNpc1N1cmdpY2FsT3BlbkNsb3NlZG5lc3NPZj4p
R	8ee2dac4f827e41601804d878fa3a0a993d6cf7fde70411430732fc5f057859e	SW52ZXJzZU9iamVjdFByb3BlcnRpZXMoPGh0dHA6Ly93d3cuY28tb2RlLm9yZy9vbnRvbG9naWVzL2dhbGVuI2hhc1N5bXB0b20+IDxodHRwOi8vd3d3LmNvLW9kZS5vcmcvb250b2xvZ2llcy9nYWxlbiNpc1N5bXB0b21PZj4p
R	b156b294ab261ccb69f9d734b4d3ad5ce4377422e6793352cfaa171eaeeaf697	SW52ZXJzZU9iamVjdFByb3BlcnRpZXMoPGh0dHA6Ly93d3cuY28tb2RlLm9yZy9vbnRvbG9naWVzL2dhbGVuI2hhc1N5bmRyb21lRWxlbWVudD4gPGh0dHA6Ly93d3cuY28tb2RlLm9yZy9vbnRvbG9naWVzL2dhbGVuI2lzU3luZHJvbWVFbGVtZW50T2Y+KQ==
R	231465cd5bc47dfe3bbc483654269117dcec66cf1527db5982759e758664dc01	SW52ZXJzZU9iamVjdFByb3BlcnRpZXMoPGh0dHA6Ly93d3cuY28tb2RlLm9yZy9vbnRvbG9naWVzL2dhbGVuI2hhc1Rhc3RlRmVhdHVyZT4gPGh0dHA6Ly93d3cuY28tb2RlLm9yZy9vbnRvbG9naWVzL2dhbGVuI2lzVGFzdGVGZWF0dXJlT2Y+KQ==
R	f5cf2c04cc81c69e3b405c2d5dd20f620d3e96281d46c4a4b48a57794a5f0be4	SW52ZXJzZU9iamVjdFByb3BlcnRpZXMoPGh0dHA6Ly93d3cuY28tb2RlLm9yZy9vbnRvbG9naWVzL2dhbGVuI2hhc1RlbXBvcmFsUGF0dGVybj4gPGh0dHA6Ly93d3cuY28tb2RlLm9yZy9vbnRvbG9naWVzL2dhbGVuI2lzVGVtcG9yYWxQYXR0ZXJuT2Y+KQ==
R	d6b33d89172df92c55c09935b856d04804af96b42c8e30b832f3aa2da0e9bd77	SW52ZXJzZU9iamVjdFByb3BlcnRpZXMoPGh0dHA6Ly93d3cuY28tb2RlLm9yZy9vbnRvbG9naWVzL2dhbGVuI2hhc1RpbWVPZk9jY3VycmVuY2U+IDxodHRwOi8vd3d3LmNvLW9kZS5vcmcvb250b2xvZ2llcy9nYWxlbiNpc1RpbWVPZk9jY3VycmVuY2VPZj4p
R	b929757f9307568bd5d49b40d6d106bbec459555acbc8aceb654c6bbcd72598b	SW52ZXJzZU9iamVjdFByb3BlcnRpZXMoPGh0dHA6Ly93d3cuY28tb2RlLm9yZy9vbnRvbG9naWVzL2dhbGVuI2hhc1RvcG9sb2d5PiA8aHR0cDovL3d3dy5jby1vZGUub3JnL29udG9sb2dpZXMvZ2FsZW4jaXNUb3BvbG9neU9mPik=
R	1becb1320c1cc3ee4208b7b69dc3dc18ec4c452edf80c483a8b8ee5fa70f87ac	SW52ZXJzZU9iamVjdFByb3BlcnRpZXMoPGh0dHA6Ly93d3cuY28tb2RlLm9yZy9vbnRvbG9naWVzL2dhbGVuI2hhc1RyYW5zcGFyZW5jeT4gPGh0dHA6Ly93d3cuY28tb2RlLm9yZy9vbnRvbG9naWVzL2dhbGVuI2lzVHJhbnNwYXJlbmN5T2Y+KQ==
R	6c6ab75c3be9890823edacf8c7dfe1a20a7fe5d259ad22d2829d6af8cd2eaca0	SW52ZXJzZU9iamVjdFByb3BlcnRpZXMoPGh0dHA6Ly93d3cuY28tb2RlLm9yZy9vbnRvbG9naWVzL2dhbGVuI2hhc1RyZWF0bWVudFN0YXR1cz4gPGh0dHA6Ly93d3cuY28tb2RlLm9yZy9vbnRvbG9naWVzL2dhbGVuI2lzVHJlYXRtZW50U3RhdHVzT2Y+KQ==
R	6c776f31409c520cba9f93f9f2243fbbac511b6d2ae9fc079f01f088b5b02084	SW52ZXJzZU9iamVjdFByb3BlcnRpZXMoPGh0dHA6Ly93d3cuY28tb2RlLm9yZy9vbnRvbG9naWVzL2dhbGVuI2hhc1RyZW5kSW5TdGF0ZT4gPGh0dHA6Ly93d3cuY28tb2RlLm9yZy9vbnRvbG9naWVzL2dhbGVuI2lzVHJlbmRJblN0YXRlT2Y+KQ==
R	5571c76dc990038ad91db66e28306e1efc2aa9ea13d77851fec5cf79a9adc484	SW52ZXJzZU9iamVjdFByb3BlcnRpZXMoPGh0dHA6Ly93d3cuY28tb2RlLm9yZy9vbnRvbG9naWVzL2dhbGVuI2hhc1R1bW91ckhpc3RvbG9neT4gPGh0dHA6Ly93d3cuY28tb2RlLm9yZy9vbnRvbG9naWVzL2dhbGVuI2lzVHVtb3VySGlzdG9sb2d5T2Y+KQ==
R	9395e1f94a62f9ac3c0c1335ec24fdff319905818d63818d6ccb123774c7bd04	SW52ZXJzZU9iamVjdFByb3BlcnRpZXMoPGh0dHA6Ly93d3cuY28tb2RlLm9yZy9vbnRvbG9naWVzL2dhbGVuI2hhc1VuaXF1ZUFzc29jaWF0ZWRTdHJ1Y3R1cmU+IDxodHRwOi8vd3d3LmNvLW9kZS5vcmcvb250b2xvZ2llcy9nYWxlbiNoYXNVbmlxdWVBc3NvY2lhdGVkUHJvY2Vzcz4p
R	5e74563af011db735b66791be9c1910f4ec7c1fff599d024e7e15bac4a59b931	SW52ZXJzZU9iamVjdFByb3BlcnRpZXMoPGh0dHA6Ly93d3cuY28tb2RlLm9yZy9vbnRvbG9naWVzL2dhbGVuI2hhc1VuaXF1ZUxhdGVDb25zZXF1ZW5jZT4gPGh0dHA6Ly93d3cuY28tb2RlLm9yZy9vbnRvbG9naWVzL2dhbGVuI2lzVW5pcXVlTGF0ZUNvbnNlcXVlbmNlT2Y+KQ==
R	ab7d8a102ad2d4a4145b55e571cff9b0e841170052654c0e33374a9e0b412897	SW52ZXJzZU9iamVjdFByb3BlcnRpZXMoPGh0dHA6Ly93d3cuY28tb2RlLm9yZy9vbnRvbG9naWVzL2dhbGVuI2hhc1VuaXQ+IDxodHRwOi8vd3d3LmNvLW9kZS5vcmcvb250b2xvZ2llcy9nYWxlbiNpc1VuaXRPZj4p
R	9a42062589d8fc8f3eff96658e2df81c89ef5b44a602612d86aa4fa89b9bf7a0	SW52ZXJzZU9iamVjdFByb3BlcnRpZXMoPGh0dHA6Ly93d3cuY28tb2RlLm9yZy9vbnRvbG9naWVzL2dhbGVuI2hhc1VwcGVyTG93ZXJQb3NpdGlvbj4gPGh0dHA6Ly93d3cuY28tb2RlLm9yZy9vbnRvbG9naWVzL2dhbGVuI2lzVXBwZXJMb3dlclBvc2l0aW9uT2Y+KQ==
R	efc9bd999cf5ca00f88944044d983ebf30142f58eb770d0d986bd68d70464a4b	SW52ZXJzZU9iamVjdFByb3BlcnRpZXMoPGh0dHA6Ly93d3cuY28tb2RlLm9yZy9vbnRvbG9naWVzL2dhbGVuI2hhc1VzZWZ1bG5lc3M+IDxodHRwOi8vd3d3LmNvLW9kZS5vcmcvb250b2xvZ2llcy9nYWxlbiNpc1VzZWZ1bG5lc3NPZj4p
R	c4ceaffc98f37faed92481eaec70bbcb5f27db4714d3a9f08acf772ea2934982	SW52ZXJzZU9iamVjdFByb3BlcnRpZXMoPGh0dHA6Ly93d3cuY28tb2RlLm9yZy9vbnRvbG9naWVzL2dhbGVuI2hhc1VzdWFsUmVwb3J0ZXI+IDxodHRwOi8vd3d3LmNvLW9kZS5vcmcvb250b2xvZ2llcy9nYWxlbiNpc1VzdWFsUmVwb3J0ZXJPZj4p
R	391a59c31681cec588ac2fa8296d374345fa140ea31c601ba018cdf2da404694	SW52ZXJzZU9iamVjdFByb3BlcnRpZXMoPGh0dHA6Ly93d3cuY28tb2RlLm9yZy9vbnRvbG9naWVzL2dhbGVuI2hhc1ZhbGVuY3k+IDxodHRwOi8vd3d3LmNvLW9kZS5vcmcvb250b2xvZ2llcy9nYWxlbiNpc1ZhbGVuY3lPZj4p
R	f3b8a7488f6f8f30815839ed9b3d1f22a5ff8b5d59acbc87578456231652faf9	SW52ZXJzZU9iamVjdFByb3BlcnRpZXMoPGh0dHA6Ly93d3cuY28tb2RlLm9yZy9vbnRvbG9naWVzL2dhbGVuI2hhc1ZpYWJpbGl0eT4gPGh0dHA6Ly93d3cuY28tb2RlLm9yZy9vbnRvbG9naWVzL2dhbGVuI2lzVmlhYmlsaXR5T2Y+KQ==
R	35961f98b006cb51aa7fa3c77571a39363f38fec3160d1702b7a6014fee5db72	SW52ZXJzZU9iamVjdFByb3BlcnRpZXMoPGh0dHA6Ly93d3cuY28tb2RlLm9yZy9vbnRvbG9naWVzL2dhbGVuI2hhc1ZvbGF0aWxpdHk+IDxodHRwOi8vd3d3LmNvLW9kZS5vcmcvb250b2xvZ2llcy9nYWxlbiNpc1ZvbGF0aWx0eU9mPik=
R	7097e5be60d822a40857c4205b18db53de28787352ac114610535b1fe5c21718	SW52ZXJzZU9iamVjdFByb3BlcnRpZXMoPGh0dHA6Ly93d3cuY28tb2RlLm9yZy9vbnRvbG9naWVzL2dhbGVuI2hhc1ZvbHVtZT4gPGh0dHA6Ly93d3cuY28tb2RlLm9yZy9vbnRvbG9naWVzL2dhbGVuI2lzVm9sdW1lT2Y+KQ==
R	57334dafe7e718167e56fc526d1c76408c14647af67d9962d013950972762bca	SW52ZXJzZU9iamVjdFByb3BlcnRpZXMoPGh0dHA6Ly93d3cuY28tb2RlLm9yZy9vbnRvbG9naWVzL2dhbGVuI2hhc1dvcmtQaG9uZU51bWJlcj4gPGh0dHA6Ly93d3cuY28tb2RlLm9yZy9vbnRvbG9naWVzL2dhbGVuI2lzV29ya1Bob25lTnVtYmVyT2Y+KQ==
R	e21ac909f09be4b0ef3fbab276eaa7a62638b6e2fdd7aec56cdb59b44e00ffd8	SW52ZXJzZU9iamVjdFByb3BlcnRpZXMoPGh0dHA6Ly93d3cuY28tb2RlLm9yZy9vbnRvbG9naWVzL2dhbGVuI2hhc1pldGFDb25uZWN0aW9uPiA8aHR0cDovL3d3dy5jby1vZGUub3JnL29udG9sb2dpZXMvZ2FsZW4jaXNaZXRhQ29ubmVjdGlvbk9mPik=
R	8ce648e919d6c6a925cabde74304f86256284b45e36f438c1f1fb12237a59854	SW52ZXJzZU9iamVjdFByb3BlcnRpZXMoPGh0dHA6Ly93d3cuY28tb2RlLm9yZy9vbnRvbG9naWVzL2dhbGVuI2ludm9sdmVzUHJvY2Vzcz4gPGh0dHA6Ly93d3cuY28tb2RlLm9yZy9vbnRvbG9naWVzL2dhbGVuI2lzUHJvY2Vzc0ludm9sdmVkSW4+KQ==
R	c248e3516f121e33493f5cba8cc8fe5784ed170703aab1dd17db8c0c07af3a40	SW52ZXJzZU9iamVjdFByb3BlcnRpZXMoPGh0dHA6Ly93d3cuY28tb2RlLm9yZy9vbnRvbG9naWVzL2dhbGVuI2lzQWJzb2x1dGVQb3NpdGlvbk9mPiA8aHR0cDovL3d3dy5jby1vZGUub3JnL29udG9sb2dpZXMvZ2FsZW4jaGFzQWJzb2x1dGVQb3NpdGlvbj4p
R	01dba28f931ac3e3e4440d1471c4be7c996591da48cf13e8ddba10d2e56b0ca8	SW52ZXJzZU9iamVjdFByb3BlcnRpZXMoPGh0dHA6Ly93d3cuY28tb2RlLm9yZy9vbnRvbG9naWVzL2dhbGVuI2lzQWNjZWxlcmF0aW9uT2Y+IDxodHRwOi8vd3d3LmNvLW9kZS5vcmcvb250b2xvZ2llcy9nYWxlbiNoYXNBY2NlbGVyYXRpb24+KQ==
R	acc29acf158be0f4e7a8fac69e58e0ce270fd036483d7f58aa17cec92518297e	SW52ZXJzZU9iamVjdFByb3BlcnRpZXMoPGh0dHA6Ly93d3cuY28tb2RlLm9yZy9vbnRvbG9naWVzL2dhbGVuI2lzQWNjZXB0ZWRDaG9zZW5Db25zZXF1ZW5jZU9mPiA8aHR0cDovL3d3dy5jby1vZGUub3JnL29udG9sb2dpZXMvZ2FsZW4jaGFzQWNjZXB0ZWRDaG9zZW5Db25zZXF1ZW5jZT4p
R	1b229432bf8bf477cfda40e178e2d3d36a61ad9292c7138fdb2f607ab4cf2ca7	SW52ZXJzZU9iamVjdFByb3BlcnRpZXMoPGh0dHA6Ly93d3cuY28tb2RlLm9yZy9vbnRvbG9naWVzL2dhbGVuI2lzQWNxdWlzaXRpb25Nb2RlT2Y+IDxodHRwOi8vd3d3LmNvLW9kZS5vcmcvb250b2xvZ2llcy9nYWxlbiNoYXNBY3F1aXNpdGlvbk1vZGU+KQ==
R	5c6ad5db336e79d52a7e5f15b8468d03d723a608c861b9d7c024885f46c52f59	SW52ZXJzZU9iamVjdFByb3BlcnRpZXMoPGh0dHA6Ly93d3cuY28tb2RlLm9yZy9vbnRvbG9naWVzL2dhbGVuI2lzQWN0ZWRPbkJ5PiA8aHR0cDovL3d3dy5jby1vZGUub3JnL29udG9sb2dpZXMvZ2FsZW4jYWN0c09uPik=
R	45aed17b2a4c7a6bdbfadb53d28e50499b3b93840874ca53d23dd74e8a79bd19	SW52ZXJzZU9iamVjdFByb3BlcnRpZXMoPGh0dHA6Ly93d3cuY28tb2RlLm9yZy9vbnRvbG9naWVzL2dhbGVuI2lzQWN0ZWRPbk11bHRpcGx5Qnk+IDxodHRwOi8vd3d3LmNvLW9kZS5vcmcvb250b2xvZ2llcy9nYWxlbiNhY3RzTXVsdGlwbHlPbj4p
R	9146f5e04aef08e12be66a147e5124c3013087b86c59769209d7348bab9259c7	SW52ZXJzZU9iamVjdFByb3BlcnRpZXMoPGh0dHA6Ly93d3cuY28tb2RlLm9yZy9vbnRvbG9naWVzL2dhbGVuI2lzQWN1aXR5T2Y+IDxodHRwOi8vd3d3LmNvLW9kZS5vcmcvb250b2xvZ2llcy9nYWxlbiNoYXNBY3VpdHk+KQ==
R	eae7aca04f628985dd72dbcc1cb55b383bcdde8c229f7db013adc0ffa30c33b2	SW52ZXJzZU9iamVjdFByb3BlcnRpZXMoPGh0dHA6Ly93d3cuY28tb2RlLm9yZy9vbnRvbG9naWVzL2dhbGVuI2lzQWRkcmVzc09mPiA8aHR0cDovL3d3dy5jby1vZGUub3JnL29udG9sb2dpZXMvZ2FsZW4jaGFzQWRkcmVzcz4p
R	05e0a85abfacbfa33ce25a56f6bcdfe6eba902b54000616f3f2bd46e629256e7	SW52ZXJzZU9iamVjdFByb3BlcnRpZXMoPGh0dHA6Ly93d3cuY28tb2RlLm9yZy9vbnRvbG9naWVzL2dhbGVuI2lzQWRqdXN0YWJpbGl0eU9mPiA8aHR0cDovL3d3dy5jby1vZGUub3JnL29udG9sb2dpZXMvZ2FsZW4jaGFzQWRqdXN0YWJpbGl0eT4p
R	322247a0dffbc123689d7f0fbd9917f9ae4a2ccbfe55b35ab7be6878d2c73e46	SW52ZXJzZU9iamVjdFByb3BlcnRpZXMoPGh0dHA6Ly93d3cuY28tb2RlLm9yZy9vbnRvbG9naWVzL2dhbGVuI2lzQW5zd2VyT2Y+IDxodHRwOi8vd3d3LmNvLW9kZS5vcmcvb250b2xvZ2llcy9nYWxlbiNoYXNBbnN3ZXI+KQ==
R	2226fada7027055b3ad1f791f88b8510b93b64e2b3449857a4be22f2fb49236f	SW52ZXJzZU9iamVjdFByb3BlcnRpZXMoPGh0dHA6Ly93d3cuY28tb2RlLm9yZy9vbnRvbG9naWVzL2dhbGVuI2lzQW50ZXJpb3JQb3N0ZXJpb3JQb3NpdGlvbk9mPiA8aHR0cDovL3d3dy5jby1vZGUub3JnL29udG9sb2dpZXMvZ2FsZW4jaGFzQW50ZXJpb3JQb3N0ZXJpb3JQb3NpdGlvbj4p
R	0e395c5f7ef153279fb3196dac952a4e37ea02b3b0127d72de5f732c7389b521	SW52ZXJzZU9iamVjdFByb3BlcnRpZXMoPGh0dHA6Ly93d3cuY28tb2RlLm9yZy9vbnRvbG9naWVzL2dhbGVuI2lzQW50ZXJpb3JQb3N0ZXJpb3JTZWxlY3Rvck9mPiA8aHR0cDovL3d3dy5jby1vZGUub3JnL29udG9sb2dpZXMvZ2FsZW4jaGFzQW50ZXJpb3JQb3N0ZXJpb3JTZWxlY3Rvcj4p
R	c2fc88d2c4d41da25319dae5b4fd92fba2d0114024e262384c2c2d24fd087f38	SW52ZXJzZU9iamVjdFByb3BlcnRpZXMoPGh0dHA6Ly93d3cuY28tb2RlLm9yZy9vbnRvbG9naWVzL2dhbGVuI2lzQXBwcm9wcmlhdGVuZXNzT2Y+IDxodHRwOi8vd3d3LmNvLW9kZS5vcmcvb250b2xvZ2llcy9nYWxlbiNoYXNBcHByb3ByaWF0ZW5lc3M+KQ==
R	760fa92a75a9e6963b369d91db57ee00cbb8ae8be5a3d232953d7baeb23fea02	SW52ZXJzZU9iamVjdFByb3BlcnRpZXMoPGh0dHA6Ly93d3cuY28tb2RlLm9yZy9vbnRvbG9naWVzL2dhbGVuI2lzQXJiaXRyYXJ5Q29tcG9uZW50T2Y+IDxodHRwOi8vd3d3LmNvLW9kZS5vcmcvb250b2xvZ2llcy9nYWxlbiNoYXNBcmJpdHJhcnlDb21wb25lbnQ+KQ==
R	3b7fd4a49a390e85c7835ebb3eeca01c833b84d5ca0f5a8772b4539685fd7eaa	SW52ZXJzZU9iamVjdFByb3BlcnRpZXMoPGh0dHA6Ly93d3cuY28tb2RlLm9yZy9vbnRvbG9naWVzL2dhbGVuI2lzQXNzZXJ0ZWREaXNlYXNlQ2xhc3NPZj4gPGh0dHA6Ly93d3cuY28tb2RlLm9yZy9vbnRvbG9naWVzL2dhbGVuI2hhc0Fzc2VydGVkRGlzZWFzZUNsYXNzPik=
R	c22e126bb8a6ef7436abc5f2cd54be54a63e19ab3d83b72e8dd5e6405725fa3f	SW52ZXJzZU9iamVjdFByb3BlcnRpZXMoPGh0dHA6Ly93d3cuY28tb2RlLm9yZy9vbnRvbG9naWVzL2dhbGVuI2lzQmVuZWZpY2lhbFN0YXR1cz4gPGh0dHA6Ly93d3cuY28tb2RlLm9yZy9vbnRvbG9naWVzL2dhbGVuI2hhc0JlbmVmaWNpYWxTdGF0dXM+KQ==
R	878e7e839e77daf64645d2c048288fffb5becbf244c04cfb76f3509613a967e1	SW52ZXJzZU9iamVjdFByb3BlcnRpZXMoPGh0dHA6Ly93d3cuY28tb2RlLm9yZy9vbnRvbG9naWVzL2dhbGVuI2lzQmV0YUNvbm5lY3Rpb25PZj4gPGh0dHA6Ly93d3cuY28tb2RlLm9yZy9vbnRvbG9naWVzL2dhbGVuI2hhc0JldGFDb25uZWN0aW9uPik=
R	3cc71d2d6cfb685a3c688c0681d80d0c724ad6edce3aab469a6e74e6cdcf260e	SW52ZXJzZU9iamVjdFByb3BlcnRpZXMoPGh0dHA6Ly93d3cuY28tb2RlLm9yZy9vbnRvbG9naWVzL2dhbGVuI2lzQmV0YVBhcnRpdGl2ZUNvbm5lY3Rpb25PZj4gPGh0dHA6Ly93d3cuY28tb2RlLm9yZy9vbnRvbG9naWVzL2dhbGVuI2hhc0JldGFQYXJ0aXRpdmVDb25uZWN0aW9uPik=
R	4d8ae5384a595d28a050f4c5cb6170570e7ffa53650b9be66112cac2b4238670	SW52ZXJzZU9iamVjdFByb3BlcnRpZXMoPGh0dHA6Ly93d3cuY28tb2RlLm9yZy9vbnRvbG9naWVzL2dhbGVuI2lzQmlvYXZhaWxhYmlsaXR5T2Y+IDxodHRwOi8vd3d3LmNvLW9kZS5vcmcvb250b2xvZ2llcy9nYWxlbiNoYXNCaW9hdmFpbGFiaWxpdHk+KQ==
R	df673f9f0d063ae29998ec1f1daf75ab136d37f03a1cc2b81a9f882c80f57ebc	SW52ZXJzZU9iamVjdFByb3BlcnRpZXMoPGh0dHA6Ly93d3cuY28tb2RlLm9yZy9vbnRvbG9naWVzL2dhbGVuI2lzQmxpbmRQb3VjaERpdmlzaW9uT2Y+IDxodHRwOi8vd3d3LmNvLW9kZS5vcmcvb250b2xvZ2llcy9nYWxlbiNoYXNCbGluZFBvdWNoRGl2aXNpb24+KQ==
R	f7dc64a8d18e4482da420c6ed06f96639052de6e31fd873ccff089ccdbe83f73	SW52ZXJzZU9iamVjdFByb3BlcnRpZXMoPGh0dHA6Ly93d3cuY28tb2RlLm9yZy9vbnRvbG9naWVzL2dhbGVuI2lzQnJhbmNoT2Y+IDxodHRwOi8vd3d3LmNvLW9kZS5vcmcvb250b2xvZ2llcy9nYWxlbiNoYXNCcmFuY2g+KQ==
R	55e54693c73855e2057a00e19476128e4d8a975590391b1f763a2282ab69c1ad	SW52ZXJzZU9iamVjdFByb3BlcnRpZXMoPGh0dHA6Ly93d3cuY28tb2RlLm9yZy9vbnRvbG9naWVzL2dhbGVuI2lzQnJhbmROYW1lT2Y+IDxodHRwOi8vd3d3LmNvLW9kZS5vcmcvb250b2xvZ2llcy9nYWxlbiNoYXNCcmFuZE5hbWU+KQ==
R	08c5ffefd9f7e47da323bbab34a79831565e7ed86cbe3d97cf15b364bcb28e6d	SW52ZXJzZU9iamVjdFByb3BlcnRpZXMoPGh0dHA6Ly93d3cuY28tb2RlLm9yZy9vbnRvbG9naWVzL2dhbGVuI2lzQ2F1c2FsbHlMaW5rZWRUbz4gPGh0dHA6Ly93d3cuY28tb2RlLm9yZy9vbnRvbG9naWVzL2dhbGVuI2hhc0NhdXNhbExpbmtUbz4p
R	8165ad1574a32915d1846f544575b65aeae3360f7ae0eef14098a2c54f9cac4c	SW52ZXJzZU9iamVjdFByb3BlcnRpZXMoPGh0dHA6Ly93d3cuY28tb2RlLm9yZy9vbnRvbG9naWVzL2dhbGVuI2lzQ2VudHJhbFBlcmlwaGVyYWxTZWxlY3Rvck9mPiA8aHR0cDovL3d3dy5jby1vZGUub3JnL29udG9sb2dpZXMvZ2FsZW4jaGFzQ2VudHJhbFBlcmlwaGVyYWxTZWxlY3Rvcj4p
R	d8b3b476f67a7f36b4f742eb452d625042933668898cd2ef4e7a19a520c72c76	SW52ZXJzZU9iamVjdFByb3BlcnRpZXMoPGh0dHA6Ly93d3cuY28tb2RlLm9yZy9vbnRvbG9naWVzL2dhbGVuI2lzQ2hlbWljYWxTdWJncm91cE9mPiA8aHR0cDovL3d3dy5jby1vZGUub3JnL29udG9sb2dpZXMvZ2FsZW4jaGFzQ2hlbWljYWxTdWJncm91cD4p
R	822f3fff8a688cac874066abd8b43eaee92cc372b2ffec8fc000bfbe003e9b6b	SW52ZXJzZU9iamVjdFByb3BlcnRpZXMoPGh0dHA6Ly93d3cuY28tb2RlLm9yZy9vbnRvbG9naWVzL2dhbGVuI2lzQ2lyY3VtZmVyZW5jZU9mPiA8aHR0cDovL3d3dy5jby1vZGUub3JnL29udG9sb2dpZXMvZ2FsZW4jaGFzQ2lyY3VtZmVyZW5jZT4p
R	19a7baff1b1986cc908f623b4d40b7d2497ae3a30b219e6c0ab672b6e2b24abb	SW52ZXJzZU9iamVjdFByb3BlcnRpZXMoPGh0dHA6Ly93d3cuY28tb2RlLm9yZy9vbnRvbG9naWVzL2dhbGVuI2lzQ2xpbmljYWxTaWduaWZpY2FuY2VTdGF0ZU9mPiA8aHR0cDovL3d3dy5jby1vZGUub3JnL29udG9sb2dpZXMvZ2FsZW4jaGFzQ2xpbmljYWxTaWduaWZpY2FuY2VTdGF0ZT4p
R	decbe4ef81b48757155df2a5b29d4c5da7ebb6a4ded4e466803be857e1380ffb	SW52ZXJzZU9iamVjdFByb3BlcnRpZXMoPGh0dHA6Ly93d3cuY28tb2RlLm9yZy9vbnRvbG9naWVzL2dhbGVuI2lzQ2xpbmljYWxTcGVjaWFsaXR5T2Y+IDxodHRwOi8vd3d3LmNvLW9kZS5vcmcvb250b2xvZ2llcy9nYWxlbiNoYXNDbGluaWNhbFNwZWNpYWxpdHk+KQ==
R	485d8dfac33911849de2983fc663dbbf079357d950248001ef5156ad550b4944	SW52ZXJzZU9iamVjdFByb3BlcnRpZXMoPGh0dHA6Ly93d3cuY28tb2RlLm9yZy9vbnRvbG9naWVzL2dhbGVuI2lzQ29saW5lYXJXaXRoPiA8aHR0cDovL3d3dy5jby1vZGUub3JnL29udG9sb2dpZXMvZ2FsZW4jaGFzQ29saW5lYXJpdHlXaXRoPik=
R	fc6deb140a51be40c2f2e9b70dd98e46ba2c3e12020c43c5342dbaea1cf49bba	SW52ZXJzZU9iamVjdFByb3BlcnRpZXMoPGh0dHA6Ly93d3cuY28tb2RlLm9yZy9vbnRvbG9naWVzL2dhbGVuI2lzQ29sb3VyT2Y+IDxodHRwOi8vd3d3LmNvLW9kZS5vcmcvb250b2xvZ2llcy9nYWxlbiNoYXNDb2xvdXI+KQ==
R	c15c777c230a98d95fb11136e0af7a57ee15f57d32d934b77f3ea0a5d83ad46d	SW52ZXJzZU9iamVjdFByb3BlcnRpZXMoPGh0dHA6Ly93d3cuY28tb2RlLm9yZy9vbnRvbG9naWVzL2dhbGVuI2lzQ29tbW9uRmluZGluZ09mPiA8aHR0cDovL3d3dy5jby1vZGUub3JnL29udG9sb2dpZXMvZ2FsZW4jaGFzQ29tbW9uRmluZGluZz4p
R	b141957f56a6de264b03cb60cf359718faaf1663e9e37fcd319727aab06cddcf	SW52ZXJzZU9iamVjdFByb3BlcnRpZXMoPGh0dHA6Ly93d3cuY28tb2RlLm9yZy9vbnRvbG9naWVzL2dhbGVuI2lzQ29tcGxpYW5jZU9mPiA8aHR0cDovL3d3dy5jby1vZGUub3JnL29udG9sb2dpZXMvZ2FsZW4jaGFzQ29tcGxpYW5jZT4p
R	3f53ef7d8a53b7c2f40f6d16c7e01332bcf8a51f71134e203c87becd00d8679c	SW52ZXJzZU9iamVjdFByb3BlcnRpZXMoPGh0dHA6Ly93d3cuY28tb2RlLm9yZy9vbnRvbG9naWVzL2dhbGVuI2lzQ29tcGxpY2F0aW9uT2Y+IDxodHRwOi8vd3d3LmNvLW9kZS5vcmcvb250b2xvZ2llcy9nYWxlbiNoYXNDb21wbGljYXRpb24+KQ==
R	011b10d4aae0db24cc8ad691162842bfab7e868fa8714537cced872f6bb498db	SW52ZXJzZU9iamVjdFByb3BlcnRpZXMoPGh0dHA6Ly93d3cuY28tb2RlLm9yZy9vbnRvbG9naWVzL2dhbGVuI2lzQ29tcG9zaXRlV2l0aENvbXBvbmVudD4gPGh0dHA6Ly93d3cuY28tb2RlLm9yZy9vbnRvbG9naWVzL2dhbGVuI2hhc0NvbXBvbmVudE9mQ29tcG9zaXRlPik=
R	531e21acf327c6cbd2419f1d3c7b6b3683373a48ef2beb2e3b9b4543e62d01c5	SW52ZXJzZU9iamVjdFByb3BlcnRpZXMoPGh0dHA6Ly93d3cuY28tb2RlLm9yZy9vbnRvbG9naWVzL2dhbGVuI2lzQ29uY2VudHJhdGlvbk9mPiA8aHR0cDovL3d3dy5jby1vZGUub3JnL29udG9sb2dpZXMvZ2FsZW4jaGFzQ29uY2VudHJhdGlvbj4p
R	d5689f787aace5e9ea60b90d622ebf59bbd4218ce324b4967c790fd93579aed9	SW52ZXJzZU9iamVjdFByb3BlcnRpZXMoPGh0dHA6Ly93d3cuY28tb2RlLm9yZy9vbnRvbG9naWVzL2dhbGVuI2lzQ29uZHVjdGl2aXR5T2Y+IDxodHRwOi8vd3d3LmNvLW9kZS5vcmcvb250b2xvZ2llcy9nYWxlbiNoYXNDb25kdWN0aXZpdHk+KQ==
R	a0ca20b10cebe3b337e26edcffc2e14e8dbbe016d676364371bc574edcd571d4	SW52ZXJzZU9iamVjdFByb3BlcnRpZXMoPGh0dHA6Ly93d3cuY28tb2RlLm9yZy9vbnRvbG9naWVzL2dhbGVuI2lzQ29ubmVjdGlvbk9mPiA8aHR0cDovL3d3dy5jby1vZGUub3JnL29udG9sb2dpZXMvZ2FsZW4jY29ubmVjdHM+KQ==
R	fb4e9620ecb15b9ea52cf94d264a816985f927f66746c0b568b87e9cf64979b8	SW52ZXJzZU9iamVjdFByb3BlcnRpZXMoPGh0dHA6Ly93d3cuY28tb2RlLm9yZy9vbnRvbG9naWVzL2dhbGVuI2lzQ29uc3VsdGF0aW9uUm9sZVBsYXllZEJ5PiA8aHR0cDovL3d3dy5jby1vZGUub3JnL29udG9sb2dpZXMvZ2FsZW4jcGxheXNDb25zdWx0YXRpb25Sb2xlPik=
R	730192fa3ebe8240d67e9089d6957550c34b6682d55a5d05488c130dd5f16778	SW52ZXJzZU9iamVjdFByb3BlcnRpZXMoPGh0dHA6Ly93d3cuY28tb2RlLm9yZy9vbnRvbG9naWVzL2dhbGVuI2lzQ29udGV4dE9mVXNlT2Y+IDxodHRwOi8vd3d3LmNvLW9kZS5vcmcvb250b2xvZ2llcy9nYWxlbiNoYXNDb250ZXh0T2ZVc2U+KQ==
R	94a3f639d32ca0b5d4831d973755f849f4ccb863352fd460db3045ebd77d264e	SW52ZXJzZU9iamVjdFByb3BlcnRpZXMoPGh0dHA6Ly93d3cuY28tb2RlLm9yZy9vbnRvbG9naWVzL2dhbGVuI2lzQ291bnRDb25jZW50cmF0aW9uT2Y+IDxodHRwOi8vd3d3LmNvLW9kZS5vcmcvb250b2xvZ2llcy9nYWxlbiNoYXNDb3VudENvbmNlbnRyYXRpb24+KQ==
R	c51726e0f68bf814deb13e3b62deadc5c10f796957b092f6ccc7c6a8a85d9480	SW52ZXJzZU9iamVjdFByb3BlcnRpZXMoPGh0dHA6Ly93d3cuY28tb2RlLm9yZy9vbnRvbG9naWVzL2dhbGVuI2lzQ291bnRhYmlsaXR5T2Y+IDxodHRwOi8vd3d3LmNvLW9kZS5vcmcvb250b2xvZ2llcy9nYWxlbiNoYXNDb3VudGFiaWxpdHk+KQ==
R	5cbc0bbb7c067b63f3810a1c7594cf6c61ef27622a60f79222bcff4f3b571f07	SW52ZXJzZU9iamVjdFByb3BlcnRpZXMoPGh0dHA6Ly93d3cuY28tb2RlLm9yZy9vbnRvbG9naWVzL2dhbGVuI2lzRGVmaW5pdGlvbkxldmVsU3RhdHVzT2Y+IDxodHRwOi8vd3d3LmNvLW9kZS5vcmcvb250b2xvZ2llcy9nYWxlbiNoYXNEZWZpbml0aW9uTGV2ZWxTdGF0dXM+KQ==
R	12bb78082aaea9b963156b16bf78e6cb871ad2c4a25d67f03bbdf4f27cbf7d3e	SW52ZXJzZU9iamVjdFByb3BlcnRpZXMoPGh0dHA6Ly93d3cuY28tb2RlLm9yZy9vbnRvbG9naWVzL2dhbGVuI2lzRGVsdGFDb25uZWN0aW9uT2Y+IDxodHRwOi8vd3d3LmNvLW9kZS5vcmcvb250b2xvZ2llcy9nYWxlbiNoYXNEZWx0YUNvbm5lY3Rpb24+KQ==
R	0114d33250acc81596a6b6ab89b4fcd318794ab33073098e4fef981a0d00e241	SW52ZXJzZU9iamVjdFByb3BlcnRpZXMoPGh0dHA6Ly93d3cuY28tb2RlLm9yZy9vbnRvbG9naWVzL2dhbGVuI2lzRGVwZW5kZW5jeU9mPiA8aHR0cDovL3d3dy5jby1vZGUub3JnL29udG9sb2dpZXMvZ2FsZW4jaGFzRGVwZW5kZW5jeT4p
R	b865768f1c3a12618569bf5d1394fb435bef574be1ab5aa971d825a2b41a5055	SW52ZXJzZU9iamVjdFByb3BlcnRpZXMoPGh0dHA6Ly93d3cuY28tb2RlLm9yZy9vbnRvbG9naWVzL2dhbGVuI2lzRGlhZ25vc2lzUHJvYmFiaWxpdHlPZj4gPGh0dHA6Ly93d3cuY28tb2RlLm9yZy9vbnRvbG9naWVzL2dhbGVuI2hhc0RpYWdub3Npc1Byb2JhYmlsaXR5Pik=
R	d9ee7c6e344f553c2a6839e96cbb52d4e61480925a24a7619e43b938ce971c68	SW52ZXJzZU9iamVjdFByb3BlcnRpZXMoPGh0dHA6Ly93d3cuY28tb2RlLm9yZy9vbnRvbG9naWVzL2dhbGVuI2lzRGlyZWN0aW9uT2Y+IDxodHRwOi8vd3d3LmNvLW9kZS5vcmcvb250b2xvZ2llcy9nYWxlbiNoYXNBYnN0cmFjdERpcmVjdGlvbj4p
R	5fa02f12ca73345defdb7668cbdf266e9bf8fbd440faeb316fdb129d871b7c3e	SW52ZXJzZU9iamVjdFByb3BlcnRpZXMoPGh0dHA6Ly93d3cuY28tb2RlLm9yZy9vbnRvbG9naWVzL2dhbGVuI2lzRGlzZWFzZUFuYWxvZ3lPZj4gPGh0dHA6Ly93d3cuY28tb2RlLm9yZy9vbnRvbG9naWVzL2dhbGVuI2hhc0Rpc2Vhc2VBbmFsb2d5Pik=
R	ca1c7694809bb4d26608c93605e103e043d1d41a3af3486928dd8cad43a8ffe9	SW52ZXJzZU9iamVjdFByb3BlcnRpZXMoPGh0dHA6Ly93d3cuY28tb2RlLm9yZy9vbnRvbG9naWVzL2dhbGVuI2lzRGlzZWFzZUNvdXJzZVN0YWdlT2Y+IDxodHRwOi8vd3d3LmNvLW9kZS5vcmcvb250b2xvZ2llcy9nYWxlbiNoYXNEaXNlYXNlQ291cnNlU3RhZ2U+KQ==
R	427ebb33ef4fd93669d4a41e834a5241cb2b04d422b4ae83aa31eec39881dc66	SW52ZXJzZU9iamVjdFByb3BlcnRpZXMoPGh0dHA6Ly93d3cuY28tb2RlLm9yZy9vbnRvbG9naWVzL2dhbGVuI2lzRGlzZWFzZVByb2Nlc3NFeHRlbnRPZj4gPGh0dHA6Ly93d3cuY28tb2RlLm9yZy9vbnRvbG9naWVzL2dhbGVuI2hhc0Rpc2Vhc2VQcm9jZXNzRXh0ZW50Pik=
R	011bd30c5ec89437e806fe8fadce68b66a91c145c3b219c631a10cfb860a7fac	SW52ZXJzZU9iamVjdFByb3BlcnRpZXMoPGh0dHA6Ly93d3cuY28tb2RlLm9yZy9vbnRvbG9naWVzL2dhbGVuI2lzRGlzcGxhY2VtZW50RnJvbT4gPGh0dHA6Ly93d3cuY28tb2RlLm9yZy9vbnRvbG9naWVzL2dhbGVuI2hhc0Rpc3BsYWNlbWVudEZyb20+KQ==
R	06895d6db28ad20161086df0c4b690334dc7c37e71a0773fa5a76780dffcd6fb	SW52ZXJzZU9iamVjdFByb3BlcnRpZXMoPGh0dHA6Ly93d3cuY28tb2RlLm9yZy9vbnRvbG9naWVzL2dhbGVuI2lzRGlzcGxhY2VtZW50VG8+IDxodHRwOi8vd3d3LmNvLW9kZS5vcmcvb250b2xvZ2llcy9nYWxlbiNoYXNEaXNwbGFjZW1lbnRUbz4p
R	c5a9dd024acbc511c899e5247be90a47624b9596d984b83a6b425db2c35b0c4a	SW52ZXJzZU9iamVjdFByb3BlcnRpZXMoPGh0dHA6Ly93d3cuY28tb2RlLm9yZy9vbnRvbG9naWVzL2dhbGVuI2lzRGlzc29sdmVkV2l0aGluPiA8aHR0cDovL3d3dy5jby1vZGUub3JnL29udG9sb2dpZXMvZ2FsZW4jaGFzRGlzc29sdmVkV2l0aGluPik=
R	eddd3d7ff5d3a09b8d95ce282f387e8ecff200ce9ad64beb133df4696394a702	SW52ZXJzZU9iamVjdFByb3BlcnRpZXMoPGh0dHA6Ly93d3cuY28tb2RlLm9yZy9vbnRvbG9naWVzL2dhbGVuI2lzRG9taW5hbmNlT2Y+IDxodHRwOi8vd3d3LmNvLW9kZS5vcmcvb250b2xvZ2llcy9nYWxlbiNoYXNEb21pbmFuY2U+KQ==
R	86cacbd7ea6a29f14fe5938ed8e33683632213ba657cf8ab69a2ae633024e663	SW52ZXJzZU9iamVjdFByb3BlcnRpZXMoPGh0dHA6Ly93d3cuY28tb2RlLm9yZy9vbnRvbG9naWVzL2dhbGVuI2lzRG9yc2FsVmVudHJhbFNlbGVjdG9yT2Y+IDxodHRwOi8vd3d3LmNvLW9kZS5vcmcvb250b2xvZ2llcy9nYWxlbiNoYXNEb3JzYWxWZW50cmFsU2VsZWN0b3I+KQ==
R	ba45648305c26f577fa5b5a6661ce308d4894cd6e1a2db7dbd2722747cae7d05	SW52ZXJzZU9iamVjdFByb3BlcnRpZXMoPGh0dHA6Ly93d3cuY28tb2RlLm9yZy9vbnRvbG9naWVzL2dhbGVuI2lzRHVyYXRpb25PZj4gPGh0dHA6Ly93d3cuY28tb2RlLm9yZy9vbnRvbG9naWVzL2dhbGVuI2hhc0R1cmF0aW9uPik=
R	7275cca8558aa82004f2a7a6c17baa8dd6187621429078a219880505e61d3952	SW52ZXJzZU9iamVjdFByb3BlcnRpZXMoPGh0dHA6Ly93d3cuY28tb2RlLm9yZy9vbnRvbG9naWVzL2dhbGVuI2lzRWFzZU9mPiA8aHR0cDovL3d3dy5jby1vZGUub3JnL29udG9sb2dpZXMvZ2FsZW4jaGFzRWFzZT4p
R	4b390f1a8bc420e743f3cab9b4cc9f2ad23056b9f80ee9e88d684cc8fa072a54	SW52ZXJzZU9iamVjdFByb3BlcnRpZXMoPGh0dHA6Ly93d3cuY28tb2RlLm9yZy9vbnRvbG9naWVzL2dhbGVuI2lzRW5hY3RtZW50T2Y+IDxodHRwOi8vd3d3LmNvLW9kZS5vcmcvb250b2xvZ2llcy9nYWxlbiNoYXNFbmFjdG1lbnQ+KQ==
R	49d6269c841edb92cf1396b7666e7b3b2555cf7a5fc31627fc905861a219d2c4	SW52ZXJzZU9iamVjdFByb3BlcnRpZXMoPGh0dHA6Ly93d3cuY28tb2RlLm9yZy9vbnRvbG9naWVzL2dhbGVuI2lzRW5kUG9pbnRPZj4gPGh0dHA6Ly93d3cuY28tb2RlLm9yZy9vbnRvbG9naWVzL2dhbGVuI2hhc0VuZFBvaW50Pik=
R	9ebbe6b3cae47151a65eee171e805742aaba37615b5050e476d3f9cd9460a9e2	SW52ZXJzZU9iamVjdFByb3BlcnRpZXMoPGh0dHA6Ly93d3cuY28tb2RlLm9yZy9vbnRvbG9naWVzL2dhbGVuI2lzRW5lcmd5QW1vdW50T2Y+IDxodHRwOi8vd3d3LmNvLW9kZS5vcmcvb250b2xvZ2llcy9nYWxlbiNoYXNFbmVyZ3lBbW91bnQ+KQ==
R	d5648b0ccfd1442616ee48894a1a9903c5fe1da4635f2fca5748b076af2840d9	SW52ZXJzZU9iamVjdFByb3BlcnRpZXMoPGh0dHA6Ly93d3cuY28tb2RlLm9yZy9vbnRvbG9naWVzL2dhbGVuI2lzRXBpdGhlbGlhbENpbGlhdGlvbk9mPiA8aHR0cDovL3d3dy5jby1vZGUub3JnL29udG9sb2dpZXMvZ2FsZW4jaGFzRXBpdGhlbGlhbENpbGlhdGlvbj4p
R	5906da4ecc08dc7ea0b72df3d436012e4b770b2f0252364a34787bfcbca27f43	SW52ZXJzZU9iamVjdFByb3BlcnRpZXMoPGh0dHA6Ly93d3cuY28tb2RlLm9yZy9vbnRvbG9naWVzL2dhbGVuI2lzRXBpdGhlbGlhbE1vcnBob2xvZ3lPZj4gPGh0dHA6Ly93d3cuY28tb2RlLm9yZy9vbnRvbG9naWVzL2dhbGVuI2hhc0VwaXRoZWxpYWxNb3JwaG9sb2d5Pik=
R	4d1b8a1304a4e525f85f750bd3ab52a001c4191ac8e359ee1afab6923423384f	SW52ZXJzZU9iamVjdFByb3BlcnRpZXMoPGh0dHA6Ly93d3cuY28tb2RlLm9yZy9vbnRvbG9naWVzL2dhbGVuI2lzRXRhQ29ubmVjdGlvbk9mPiA8aHR0cDovL3d3dy5jby1vZGUub3JnL29udG9sb2dpZXMvZ2FsZW4jaGFzRXRhQ29ubmVjdGlvbj4p
R	f6f0e33bf8494dd90cc444527e0841db157aa4e08877c9d82e5d6b8c334eeb04	SW52ZXJzZU9iamVjdFByb3BlcnRpZXMoPGh0dHA6Ly93d3cuY28tb2RlLm9yZy9vbnRvbG9naWVzL2dhbGVuI2lzRXhpc3RlbmNlT2Y+IDxodHRwOi8vd3d3LmNvLW9kZS5vcmcvb250b2xvZ2llcy9nYWxlbiNoYXNFeGlzdGVuY2U+KQ==
R	26c177ea1d4413308e32b5802899f629a29ca831141534bdb5b3b92809f6f1dd	SW52ZXJzZU9iamVjdFByb3BlcnRpZXMoPGh0dHA6Ly93d3cuY28tb2RlLm9yZy9vbnRvbG9naWVzL2dhbGVuI2lzRXhwZWN0ZWRMZXZlbFN0YXRlT2Y+IDxodHRwOi8vd3d3LmNvLW9kZS5vcmcvb250b2xvZ2llcy9nYWxlbiNoYXNFeHBlY3RlZExldmVsU3RhdGU+KQ==
R	196772ba02e62b864e6dd8fce386ee7111c16fe99e0777ef5f170618867eb20f	SW52ZXJzZU9iamVjdFByb3BlcnRpZXMoPGh0dHA6Ly93d3cuY28tb2RlLm9yZy9vbnRvbG9naWVzL2dhbGVuI2lzRXhwb3NlZFRvPiA8aHR0cDovL3d3dy5jby1vZGUub3JnL29udG9sb2dpZXMvZ2FsZW4jaGFzRXhwb3N1cmVUbz4p
R	bc217598003065021cb75b227a57f751af3fbf16a1c79697cea04586f750457c	SW52ZXJzZU9iamVjdFByb3BlcnRpZXMoPGh0dHA6Ly93d3cuY28tb2RlLm9yZy9vbnRvbG9naWVzL2dhbGVuI2lzRmF4TnVtYmVyT2Y+IDxodHRwOi8vd3d3LmNvLW9kZS5vcmcvb250b2xvZ2llcy9nYWxlbiNoYXNGYXhOdW1iZXI+KQ==
R	74b79825c4520151f3597c0ddbc9d4d83db38ca3ebb80822c0adcf0eb27d55a3	SW52ZXJzZU9iamVjdFByb3BlcnRpZXMoPGh0dHA6Ly93d3cuY28tb2RlLm9yZy9vbnRvbG9naWVzL2dhbGVuI2lzRmVhdHVyZU9mPiA8aHR0cDovL3d3dy5jby1vZGUub3JnL29udG9sb2dpZXMvZ2FsZW4jaGFzRmVhdHVyZT4p
R	86ab1e4b7090f4c14b331ee1d607460b78284b2282d2dd7120f459e4e72d7773	SW52ZXJzZU9iamVjdFByb3BlcnRpZXMoPGh0dHA6Ly93d3cuY28tb2RlLm9yZy9vbnRvbG9naWVzL2dhbGVuI2lzRmxhbW1hYmlsaXR5T2Y+IDxodHRwOi8vd3d3LmNvLW9kZS5vcmcvb250b2xvZ2llcy9nYWxlbiNoYXNGbGFtbWFiaWxpdHk+KQ==
R	2fc34f0875cd6a58230863357eda658465d7e001293abadc4825306d0731f8d6	SW52ZXJzZU9iamVjdFByb3BlcnRpZXMoPGh0dHA6Ly93d3cuY28tb2RlLm9yZy9vbnRvbG9naWVzL2dhbGVuI2lzRm9ybXVsYXRpb25GZWF0dXJlT2Y+IDxodHRwOi8vd3d3LmNvLW9kZS5vcmcvb250b2xvZ2llcy9nYWxlbiNoYXNGb3JtdWxhdGlvbkZlYXR1cmU+KQ==
R	102de4154a2aa5f5f735668eef2f05a00f68b56d582c8fd875b66da8b8b8a93b	SW52ZXJzZU9iamVjdFByb3BlcnRpZXMoPGh0dHA6Ly93d3cuY28tb2RlLm9yZy9vbnRvbG9naWVzL2dhbGVuI2lzRnJhY3R1cmVTdGFiaWxpdHlPZj4gPGh0dHA6Ly93d3cuY28tb2RlLm9yZy9vbnRvbG9naWVzL2dhbGVuI2hhc0ZyYWN0dXJlU3RhYmlsaXR5Pik=
R	8a30a5f544ef244fc2389a1a94a9eaf90b68cef9d0d0ab96f1eddcd95e585b75	SW52ZXJzZU9iamVjdFByb3BlcnRpZXMoPGh0dHA6Ly93d3cuY28tb2RlLm9yZy9vbnRvbG9naWVzL2dhbGVuI2lzRnJhbWVPZlJlZmVyZW5jZU9mPiA8aHR0cDovL3d3dy5jby1vZGUub3JnL29udG9sb2dpZXMvZ2FsZW4jaGFzRnJhbWVPZlJlZmVyZW5jZT4p
R	a3b999a60555f22320ae450dfe75917e981250bbb3242a79c231cea492675ba7	SW52ZXJzZU9iamVjdFByb3BlcnRpZXMoPGh0dHA6Ly93d3cuY28tb2RlLm9yZy9vbnRvbG9naWVzL2dhbGVuI2lzR2FtbWFDb25uZWN0aW9uT2Y+IDxodHRwOi8vd3d3LmNvLW9kZS5vcmcvb250b2xvZ2llcy9nYWxlbiNoYXNHYW1tYUNvbm5lY3Rpb24+KQ==
R	11c3e2da5dc0ce40d3f94c8954df8b964528a621e9a968abefc15626d0286b25	SW52ZXJzZU9iamVjdFByb3BlcnRpZXMoPGh0dHA6Ly93d3cuY28tb2RlLm9yZy9vbnRvbG9naWVzL2dhbGVuI2lzSGFpclBhdHRlcm5PZj4gPGh0dHA6Ly93d3cuY28tb2RlLm9yZy9vbnRvbG9naWVzL2dhbGVuI2hhc0hhaXJQYXR0ZXJuPik=
R	689f91571db7f7b34b84f2e371ae1eb22c757b6ec221c054b9d1ae46491972aa	SW52ZXJzZU9iamVjdFByb3BlcnRpZXMoPGh0dHA6Ly93d3cuY28tb2RlLm9yZy9vbnRvbG9naWVzL2dhbGVuI2lzSGVhbHRoTGV2ZWxPZj4gPGh0dHA6Ly93d3cuY28tb2RlLm9yZy9vbnRvbG9naWVzL2dhbGVuI2hhc0xldmVsT2ZIZWFsdGg+KQ==
R	b770ec95263265d93cc61a57dd191ef0ed7807992304e3a1c4a5f78c0ce28a34	SW52ZXJzZU9iamVjdFByb3BlcnRpZXMoPGh0dHA6Ly93d3cuY28tb2RlLm9yZy9vbnRvbG9naWVzL2dhbGVuI2lzSGlzdG9sb2dpY2FsU291cmNlT2Y+IDxodHRwOi8vd3d3LmNvLW9kZS5vcmcvb250b2xvZ2llcy9nYWxlbiNoYXNIaXN0b2xvZ2ljYWxTb3VyY2U+KQ==
R	207cfce1db9491e8b4374b2fc3f2962e637d644b26d2ae14c68ac15d04065329	SW52ZXJzZU9iamVjdFByb3BlcnRpZXMoPGh0dHA6Ly93d3cuY28tb2RlLm9yZy9vbnRvbG9naWVzL2dhbGVuI2lzSGlzdG9yeU9mPiA8aHR0cDovL3d3dy5jby1vZGUub3JnL29udG9sb2dpZXMvZ2FsZW4jaGFzSGlzdG9yeT4p
R	2e378e8f5944a27f5d59da63af3eedee35ddadd02eaad1cf2627df64b7f9b9d8	SW52ZXJzZU9iamVjdFByb3BlcnRpZXMoPGh0dHA6Ly93d3cuY28tb2RlLm9yZy9vbnRvbG9naWVzL2dhbGVuI2lzSW1hZ2VSZXNvbHV0aW9uT2Y+IDxodHRwOi8vd3d3LmNvLW9kZS5vcmcvb250b2xvZ2llcy9nYWxlbiNoYXNJbWFnZVJlc29sdXRpb24+KQ==
R	71429e166fe3b295aeddc99ad642fa0280beecf7085b7f659d0b28e67350cb0c	SW52ZXJzZU9iamVjdFByb3BlcnRpZXMoPGh0dHA6Ly93d3cuY28tb2RlLm9yZy9vbnRvbG9naWVzL2dhbGVuI2lzSW1tZWRpYWN5T2Y+IDxodHRwOi8vd3d3LmNvLW9kZS5vcmcvb250b2xvZ2llcy9nYWxlbiNoYXNJbW1lZGlhY3k+KQ==
R	264aa207066ce6a0c228d4bacbc108d08c57d0af686012748a7c3b216e101f9d	SW52ZXJzZU9iamVjdFByb3BlcnRpZXMoPGh0dHA6Ly93d3cuY28tb2RlLm9yZy9vbnRvbG9naWVzL2dhbGVuI2lzSW1wZWRhbmNlT2Y+IDxodHRwOi8vd3d3LmNvLW9kZS5vcmcvb250b2xvZ2llcy9nYWxlbiNoYXNJbXBlZGFuY2U+KQ==
R	32313671ea29844ffdfaa0d491cb7c35e54d448b7ee8736c9f990d1c94c1b2cc	SW52ZXJzZU9iamVjdFByb3BlcnRpZXMoPGh0dHA6Ly93d3cuY28tb2RlLm9yZy9vbnRvbG9naWVzL2dhbGVuI2lzSW1wbGFudGFiaWxpdHlPZj4gPGh0dHA6Ly93d3cuY28tb2RlLm9yZy9vbnRvbG9naWVzL2dhbGVuI2hhc0ltcGxhbnRhYmlsaXR5Pik=
R	fd5f6c6a866376aa7d97cd2826a78e97f601429ddd89ea5ce5bc27dfcaf8eac5	SW52ZXJzZU9iamVjdFByb3BlcnRpZXMoPGh0dHA6Ly93d3cuY28tb2RlLm9yZy9vbnRvbG9naWVzL2dhbGVuI2lzSW5TdXNwZW5zaW9uV2l0aGluPiA8aHR0cDovL3d3dy5jby1vZGUub3JnL29udG9sb2dpZXMvZ2FsZW4jaGFzSW5TdXNwZW5zaW9uV2l0aGluPik=
R	6cb6c23361c082a4c51bc2d687265e35c2be57b7f5b13bd2954762249401cab6	SW52ZXJzZU9iamVjdFByb3BlcnRpZXMoPGh0dHA6Ly93d3cuY28tb2RlLm9yZy9vbnRvbG9naWVzL2dhbGVuI2lzSW5kaWNhdGVkQnk+IDxodHRwOi8vd3d3LmNvLW9kZS5vcmcvb250b2xvZ2llcy9nYWxlbiNpc0luZGljYXRpb25Gb3I+KQ==
R	19a14d3ce0964bf70cac3e86a611b1d58d5850108ff0655655157c5fda9e7c2a	SW52ZXJzZU9iamVjdFByb3BlcnRpZXMoPGh0dHA6Ly93d3cuY28tb2RlLm9yZy9vbnRvbG9naWVzL2dhbGVuI2lzSW5ncmVkaWVudE9mPiA8aHR0cDovL3d3dy5jby1vZGUub3JnL29udG9sb2dpZXMvZ2FsZW4jaGFzSW5ncmVkaWVudD4p
R	f60b310acbc28d32003a4707a6858196ab38b424c7b93fc13355c741ddb07a85	SW52ZXJzZU9iamVjdFByb3BlcnRpZXMoPGh0dHA6Ly93d3cuY28tb2RlLm9yZy9vbnRvbG9naWVzL2dhbGVuI2lzSW5uZXJPdXRlclNlbGVjdG9yT2Y+IDxodHRwOi8vd3d3LmNvLW9kZS5vcmcvb250b2xvZ2llcy9nYWxlbiNoYXNJbm5lck91dGVyU2VsZWN0b3I+KQ==
R	960cd75f43d22dd8c2efdbf276e6ddfe17274c619249c2d4b185d2963acb4387	SW52ZXJzZU9iamVjdFByb3BlcnRpZXMoPGh0dHA6Ly93d3cuY28tb2RlLm9yZy9vbnRvbG9naWVzL2dhbGVuI2lzSW5zdHJ1Y3Rpb25Db25kaXRpb25hbFN0YXR1c09mPiA8aHR0cDovL3d3dy5jby1vZGUub3JnL29udG9sb2dpZXMvZ2FsZW4jaGFzSW5zdHJ1Y3Rpb25Db25kaXRpb25hbFN0YXR1cz4p
R	a13c36dde829b7274f21450c34837be0eb919681d2c3675880bb8326b7b72f61	SW52ZXJzZU9iamVjdFByb3BlcnRpZXMoPGh0dHA6Ly93d3cuY28tb2RlLm9yZy9vbnRvbG9naWVzL2dhbGVuI2lzSW50ZW5zaXR5T2Y+IDxodHRwOi8vd3d3LmNvLW9kZS5vcmcvb250b2xvZ2llcy9nYWxlbiNoYXNJbnRlbnNpdHk+KQ==
R	f24fad4fc5866aaae204c8d44c9084517d0bf0e06511d781d47f24526b035c4f	SW52ZXJzZU9iamVjdFByb3BlcnRpZXMoPGh0dHA6Ly93d3cuY28tb2RlLm9yZy9vbnRvbG9naWVzL2dhbGVuI2lzSW50ZW50aW9uYWxpdHlPZj4gPGh0dHA6Ly93d3cuY28tb2RlLm9yZy9vbnRvbG9naWVzL2dhbGVuI2hhc0ludGVudGlvbmFsaXR5Pik=
R	7bebbc9f3417fe4675f1188a5fa4618b7948d367be6ae41f2a2acd1f442a10f3	SW52ZXJzZU9iamVjdFByb3BlcnRpZXMoPGh0dHA6Ly93d3cuY28tb2RlLm9yZy9vbnRvbG9naWVzL2dhbGVuI2lzSW50ZXJtaXR0ZW50U2lnbmFsTW9ycGhvbG9neU9mPiA8aHR0cDovL3d3dy5jby1vZGUub3JnL29udG9sb2dpZXMvZ2FsZW4jaGFzSW50ZXJtaXR0ZW50U2lnbmFsTW9ycGhvbG9neT4p
R	fe6d8dab8fce0d81a4bf2a79aad2b3b180a3db1ab77a9b3793d7121a3d7dc870	SW52ZXJzZU9iamVjdFByb3BlcnRpZXMoPGh0dHA6Ly93d3cuY28tb2RlLm9yZy9vbnRvbG9naWVzL2dhbGVuI2lzSW50cmF1dGVyaW5lQm9keVBvc2l0aW9uT2Y+IDxodHRwOi8vd3d3LmNvLW9kZS5vcmcvb250b2xvZ2llcy9nYWxlbiNoYXNJbnRyYXV0ZXJpbmVCb2R5UG9zaXRpb24+KQ==
R	8f58ff5ca0130b21c4d2cd9988d18b3346b426470bcfd9ba8e68b00e7bf81e1f	SW52ZXJzZU9iamVjdFByb3BlcnRpZXMoPGh0dHA6Ly93d3cuY28tb2RlLm9yZy9vbnRvbG9naWVzL2dhbGVuI2lzS25vd2xlZGdlU3RhdHVzT2Y+IDxodHRwOi8vd3d3LmNvLW9kZS5vcmcvb250b2xvZ2llcy9nYWxlbiNoYXNLbm93bGVkZ2VTdGF0dXM+KQ==
R	77d8caf0428c274566ff843dc111b7359830b61072de8c56b8a9efe174138b17	SW52ZXJzZU9iamVjdFByb3BlcnRpZXMoPGh0dHA6Ly93d3cuY28tb2RlLm9yZy9vbnRvbG9naWVzL2dhbGVuI2lzTGF5ZXJPZj4gPGh0dHA6Ly93d3cuY28tb2RlLm9yZy9vbnRvbG9naWVzL2dhbGVuI2hhc0xheWVyPik=
R	29f41f162b629bba28af17e31b597ce9963a67d9e12ac109f37356b0be95e7c6	SW52ZXJzZU9iamVjdFByb3BlcnRpZXMoPGh0dHA6Ly93d3cuY28tb2RlLm9yZy9vbnRvbG9naWVzL2dhbGVuI2lzTGVuZ3RoT2Y+IDxodHRwOi8vd3d3LmNvLW9kZS5vcmcvb250b2xvZ2llcy9nYWxlbiNoYXNMZW5ndGg+KQ==
R	34c571887bd3cda41b4bfe99372601a8564c0a9586aeaf9115ecac03820427a7	SW52ZXJzZU9iamVjdFByb3BlcnRpZXMoPGh0dHA6Ly93d3cuY28tb2RlLm9yZy9vbnRvbG9naWVzL2dhbGVuI2lzTGV2ZWxBY3RlZEF0U3BlY2lmaWNhbGx5Qnk+IDxodHRwOi8vd3d3LmNvLW9kZS5vcmcvb250b2xvZ2llcy9nYWxlbiNhY3RzU3BlY2lmaWNhbGx5QXRMZXZlbD4p
R	a856db3be495b0252ec41fcbc23cd3d0a458eb2d628214f12dbece6bd10d1675	SW52ZXJzZU9iamVjdFByb3BlcnRpZXMoPGh0dHA6Ly93d3cuY28tb2RlLm9yZy9vbnRvbG9naWVzL2dhbGVuI2lzTGljZW5zaW5nU3RhdHVzT2Y+IDxodHRwOi8vd3d3LmNvLW9kZS5vcmcvb250b2xvZ2llcy9nYWxlbiNoYXNMaWNlbnNpbmdTdGF0dXM+KQ==
R	88ae3414eebc31c64998e9458cc5680a63e28c147f6f0ce556d88ac958f50633	SW52ZXJzZU9iamVjdFByb3BlcnRpZXMoPGh0dHA6Ly93d3cuY28tb2RlLm9yZy9vbnRvbG9naWVzL2dhbGVuI2lzTGlmZWN5Y2xlRGlzZWFzZVN0YWdlT2Y+IDxodHRwOi8vd3d3LmNvLW9kZS5vcmcvb250b2xvZ2llcy9nYWxlbiNoYXNMaWZlY3ljbGVEaXNlYXNlU3RhZ2U+KQ==
R	760f9f774cf719f37b201515c33da7827ef42842f7c693b51731fcc031bf78f8	SW52ZXJzZU9iamVjdFByb3BlcnRpZXMoPGh0dHA6Ly93d3cuY28tb2RlLm9yZy9vbnRvbG9naWVzL2dhbGVuI2lzTGluZWFyRGl2aXNpb25PZj4gPGh0dHA6Ly93d3cuY28tb2RlLm9yZy9vbnRvbG9naWVzL2dhbGVuI2hhc0xpbmVhckRpdmlzaW9uPik=
R	ddb8b21cea5fa3898ca095fc977aa89d3e8d6ce7fd19eb1233c77a4cc893ce6e	SW52ZXJzZU9iamVjdFByb3BlcnRpZXMoPGh0dHA6Ly93d3cuY28tb2RlLm9yZy9vbnRvbG9naWVzL2dhbGVuI2lzTG9jYXRpb25PZj4gPGh0dHA6Ly93d3cuY28tb2RlLm9yZy9vbnRvbG9naWVzL2dhbGVuI2hhc0xvY2F0aW9uPik=
R	67fd22216e5c0a4845ca290df8970acd02e32c7147b7f436487eabe943a772fc	SW52ZXJzZU9iamVjdFByb3BlcnRpZXMoPGh0dHA6Ly93d3cuY28tb2RlLm9yZy9vbnRvbG9naWVzL2dhbGVuI2lzTWFkZU9mPiA8aHR0cDovL3d3dy5jby1vZGUub3JnL29udG9sb2dpZXMvZ2FsZW4jbWFrZXNVcD4p
R	6909d1410c6def60d4777dc0ce758aac00d267cca71878fcd7ddb4a942a3b527	SW52ZXJzZU9iamVjdFByb3BlcnRpZXMoPGh0dHA6Ly93d3cuY28tb2RlLm9yZy9vbnRvbG9naWVzL2dhbGVuI2lzTWFpbmx5Q2hhcmFjdGVyaXNlZEJ5PiA8aHR0cDovL3d3dy5jby1vZGUub3JnL29udG9sb2dpZXMvZ2FsZW4jbWFpbmx5Q2hhcmFjdGVyaXNlcz4p
R	96ccad4056cf4937c07fb153cdbc65f1564bb6708558a8ca30d711af2b6fddd2	SW52ZXJzZU9iamVjdFByb3BlcnRpZXMoPGh0dHA6Ly93d3cuY28tb2RlLm9yZy9vbnRvbG9naWVzL2dhbGVuI2lzTWFqb3JNaW5vclNlbGVjdG9yT2Y+IDxodHRwOi8vd3d3LmNvLW9kZS5vcmcvb250b2xvZ2llcy9nYWxlbiNoYXNNYWpvck1pbm9yU2VsZWN0b3I+KQ==
R	53ae0bac77784963741a684129079b7a52604dc28cf8f218a7d8d50b221e6bf4	SW52ZXJzZU9iamVjdFByb3BlcnRpZXMoPGh0dHA6Ly93d3cuY28tb2RlLm9yZy9vbnRvbG9naWVzL2dhbGVuI2lzTWFzc09mPiA8aHR0cDovL3d3dy5jby1vZGUub3JnL29udG9sb2dpZXMvZ2FsZW4jaGFzTWFzcz4p
R	7084bdab035867fefad67473a4a7131fbb50f86e4d35798d0524671f8efbf14d	SW52ZXJzZU9iamVjdFByb3BlcnRpZXMoPGh0dHA6Ly93d3cuY28tb2RlLm9yZy9vbnRvbG9naWVzL2dhbGVuI2lzTWVkaWFsTGF0ZXJhbFNlbGVjdG9yT2Y+IDxodHRwOi8vd3d3LmNvLW9kZS5vcmcvb250b2xvZ2llcy9nYWxlbiNoYXNNZWRpYWxMYXRlcmFsU2VsZWN0b3I+KQ==
R	90ab67d6d98e2876e82b747d6561baeedc067eb2cccda0e002ed4bdb24d23078	SW52ZXJzZU9iamVjdFByb3BlcnRpZXMoPGh0dHA6Ly93d3cuY28tb2RlLm9yZy9vbnRvbG9naWVzL2dhbGVuI2lzTWV0YXN0YXRpY1N0YXR1cz4gPGh0dHA6Ly93d3cuY28tb2RlLm9yZy9vbnRvbG9naWVzL2dhbGVuI2hhc01ldGFzdGF0aWNTdGF0dXM+KQ==
R	56c447469756cd088662da5e5c0b262a2baf2161ba64aaa5f00c9ff119207e4f	SW52ZXJzZU9iamVjdFByb3BlcnRpZXMoPGh0dHA6Ly93d3cuY28tb2RlLm9yZy9vbnRvbG9naWVzL2dhbGVuI2lzTW90aW9uU21vb3RobmVzc09mPiA8aHR0cDovL3d3dy5jby1vZGUub3JnL29udG9sb2dpZXMvZ2FsZW4jaGFzTW90aW9uU21vb3RobmVzcz4p
R	929636fe8bcc1fa058a5b3f2e71fd58fe769dcf8afd4c8394f884dd99f0c61e9	SW52ZXJzZU9iamVjdFByb3BlcnRpZXMoPGh0dHA6Ly93d3cuY28tb2RlLm9yZy9vbnRvbG9naWVzL2dhbGVuI2lzTXVsdGlwbGVJbmdyZWRpZW50T2Y+IDxodHRwOi8vd3d3LmNvLW9kZS5vcmcvb250b2xvZ2llcy9nYWxlbiNoYXNNdWx0aXBsZUluZ3JlZGllbnQ+KQ==
R	f7adc55bc2788a8510655f154e39e7cb3208206bc6e8df0423128c9f9e5123fa	SW52ZXJzZU9iamVjdFByb3BlcnRpZXMoPGh0dHA6Ly93d3cuY28tb2RlLm9yZy9vbnRvbG9naWVzL2dhbGVuI2lzTXVsdGlwbGVPZj4gPGh0dHA6Ly93d3cuY28tb2RlLm9yZy9vbnRvbG9naWVzL2dhbGVuI2hhc011bHRpcGxpY2l0eT4p
R	8a6cc7c4f564b810ea3eb189060a5c9fa54b75d64f4123227b8e3ee8b4396ed0	SW52ZXJzZU9iamVjdFByb3BlcnRpZXMoPGh0dHA6Ly93d3cuY28tb2RlLm9yZy9vbnRvbG9naWVzL2dhbGVuI2lzTmFtZU9mPiA8aHR0cDovL3d3dy5jby1vZGUub3JnL29udG9sb2dpZXMvZ2FsZW4jaGFzTmFtZT4p
R	fcda94cc61cd48f2bac01f0aaefb423b84f0ad88393142d15d477a573130fb5d	SW52ZXJzZU9iamVjdFByb3BlcnRpZXMoPGh0dHA6Ly93d3cuY28tb2RlLm9yZy9vbnRvbG9naWVzL2dhbGVuI2lzTmV3RHJ1Z0ZlYXR1cmVPZj4gPGh0dHA6Ly93d3cuY28tb2RlLm9yZy9vbnRvbG9naWVzL2dhbGVuI2hhc05ld0RydWdGZWF0dXJlPik=
R	aab46cbfc35c6b441eda17c9debc946c76337078bdbbe608970b806e2e025183	SW52ZXJzZU9iamVjdFByb3BlcnRpZXMoPGh0dHA6Ly93d3cuY28tb2RlLm9yZy9vbnRvbG9naWVzL2dhbGVuI2lzTm9uQ2F1c2FsbHlMaW5rZWRUbz4gPGh0dHA6Ly93d3cuY28tb2RlLm9yZy9vbnRvbG9naWVzL2dhbGVuI2hhc05vbkNhdXNhbExpbmtUbz4p
R	a6ec751e71d4bc028470e8bc6aa501a582cdffcb1e90eaa565219a39fe2bdb90	SW52ZXJzZU9iamVjdFByb3BlcnRpZXMoPGh0dHA6Ly93d3cuY28tb2RlLm9yZy9vbnRvbG9naWVzL2dhbGVuI2lzTm9uUGFydGl0aXZlQ29ubmVjdGlvbk9mPiA8aHR0cDovL3d3dy5jby1vZGUub3JnL29udG9sb2dpZXMvZ2FsZW4jaGFzTm9uUGFydGl0aXZlQ29ubmVjdGlvbj4p
R	a70bb3340655541e8aea91d3ee4d0295457d8c26bc8b594a0276da8dbffb2658	SW52ZXJzZU9iamVjdFByb3BlcnRpZXMoPGh0dHA6Ly93d3cuY28tb2RlLm9yZy9vbnRvbG9naWVzL2dhbGVuI2lzTm9uUGFydGl0aXZlbHlDb250YWluZWRJbj4gPGh0dHA6Ly93d3cuY28tb2RlLm9yZy9vbnRvbG9naWVzL2dhbGVuI25vblBhcnRpdGl2ZWx5Q29udGFpbnM+KQ==
R	36c809839df11fa4b6fe18bf66d058ee83c8643130ef7e3578ba756077450b61	SW52ZXJzZU9iamVjdFByb3BlcnRpZXMoPGh0dHA6Ly93d3cuY28tb2RlLm9yZy9vbnRvbG9naWVzL2dhbGVuI2lzTm90Q2hhcmFjdGVyaXNlZEJ5PiA8aHR0cDovL3d3dy5jby1vZGUub3JnL29udG9sb2dpZXMvZ2FsZW4jZG9lc05vdENoYXJhY3RlcmlzZXM+KQ==
R	042eefcb126fff1dd1e931d46b96a30ed6babf0076440551340f20fdc9119ada	SW52ZXJzZU9iamVjdFByb3BlcnRpZXMoPGh0dHA6Ly93d3cuY28tb2RlLm9yZy9vbnRvbG9naWVzL2dhbGVuI2lzTm90Q2hlbWljYWxTdWJncm91cE9mPiA8aHR0cDovL3d3dy5jby1vZGUub3JnL29udG9sb2dpZXMvZ2FsZW4jaGFzTm90Q2hlbWljYWxTdWJncm91cD4p
R	1c75998832ca9efee4d52cbabc1360b66df844205149c22d781b532ced52fc0a	SW52ZXJzZU9iamVjdFByb3BlcnRpZXMoPGh0dHA6Ly93d3cuY28tb2RlLm9yZy9vbnRvbG9naWVzL2dhbGVuI2lzTm90SW5ncmVkaWVudE9mPiA8aHR0cDovL3d3dy5jby1vZGUub3JnL29udG9sb2dpZXMvZ2FsZW4jaGFzTm90SW5ncmVkaWVudD4p
R	78f1044b7705c46303b9afccad4b03d56ab2a25c1d617098839a8d48b6ff4cce	SW52ZXJzZU9iamVjdFByb3BlcnRpZXMoPGh0dHA6Ly93d3cuY28tb2RlLm9yZy9vbnRvbG9naWVzL2dhbGVuI2lzT2NjbHVzYWxOb25PY2NsdXNhbFNlbGVjdG9yT2Y+IDxodHRwOi8vd3d3LmNvLW9kZS5vcmcvb250b2xvZ2llcy9nYWxlbiNoYXNPY2NsdXNhbE5vbk9jY2x1c2FsU2VsZWN0b3I+KQ==
R	0c74fa8e707fd5b05702ebeb9a101dfed00d55521ec17ca8d46dfd50f54f5af4	SW52ZXJzZU9iamVjdFByb3BlcnRpZXMoPGh0dHA6Ly93d3cuY28tb2RlLm9yZy9vbnRvbG9naWVzL2dhbGVuI2lzT2RvdXJPZj4gPGh0dHA6Ly93d3cuY28tb2RlLm9yZy9vbnRvbG9naWVzL2dhbGVuI2hhc09kb3VyPik=
R	ef27a6014d5d0dab327632b6a5bc6d7a557ec2eaef0b139bec31c728848a1fa6	SW52ZXJzZU9iamVjdFByb3BlcnRpZXMoPGh0dHA6Ly93d3cuY28tb2RlLm9yZy9vbnRvbG9naWVzL2dhbGVuI2lzT3BhY2l0eU9mPiA8aHR0cDovL3d3dy5jby1vZGUub3JnL29udG9sb2dpZXMvZ2FsZW4jaGFzT3BhY2l0eT4p
R	abb12fc28d11e9687b690e4966ecb694c3c97a1a1af22053365700d851c489d5	SW52ZXJzZU9iamVjdFByb3BlcnRpZXMoPGh0dHA6Ly93d3cuY28tb2RlLm9yZy9vbnRvbG9naWVzL2dhbGVuI2lzT3JnYW5pc21Ub2xlcmFuY2VPZj4gPGh0dHA6Ly93d3cuY28tb2RlLm9yZy9vbnRvbG9naWVzL2dhbGVuI2hhc09yZ2FuaXNtVG9sZXJhbmNlPik=
R	a18f706292b340537b6e07130dc0f5bbf5c4c3ef6f758373d5e4d166cad39f83	SW52ZXJzZU9iamVjdFByb3BlcnRpZXMoPGh0dHA6Ly93d3cuY28tb2RlLm9yZy9vbnRvbG9naWVzL2dhbGVuI2lzT3ZlcmxhcHBpbmdTdGF0dXNPZj4gPGh0dHA6Ly93d3cuY28tb2RlLm9yZy9vbnRvbG9naWVzL2dhbGVuI2hhc092ZXJsYXBwaW5nU3RhdHVzPik=
R	ef1d6aa398da57270f43eae62f695012ba1fffdd7e5b6c97ee473b24f4594349	SW52ZXJzZU9iamVjdFByb3BlcnRpZXMoPGh0dHA6Ly93d3cuY28tb2RlLm9yZy9vbnRvbG9naWVzL2dhbGVuI2lzUGFpcmVkT3JVbnBhaXJlZD4gPGh0dHA6Ly93d3cuY28tb2RlLm9yZy9vbnRvbG9naWVzL2dhbGVuI2lzUGFpcmVkT3JVbnBhaXJlZE9mPik=
R	2daa87add2de23eef573f4a2e127e7cf1ff6f98ba1e5ace77574eee39108b871	SW52ZXJzZU9iamVjdFByb3BlcnRpZXMoPGh0dHA6Ly93d3cuY28tb2RlLm9yZy9vbnRvbG9naWVzL2dhbGVuI2lzUGFyYWRveGljYWxTdGF0dXNPZj4gPGh0dHA6Ly93d3cuY28tb2RlLm9yZy9vbnRvbG9naWVzL2dhbGVuI2hhc1BhcmFkb3hpY2FsU3RhdHVzPik=
R	fe6096c7b89c6d63b5ed88931655bddddc2689801119b594bf40237ac5fdc158	SW52ZXJzZU9iamVjdFByb3BlcnRpZXMoPGh0dHA6Ly93d3cuY28tb2RlLm9yZy9vbnRvbG9naWVzL2dhbGVuI2lzUGFyYXN5bXBhdGhldGljU3ltcGF0aGF0aWNTdGF0dXNPZj4gPGh0dHA6Ly93d3cuY28tb2RlLm9yZy9vbnRvbG9naWVzL2dhbGVuI2hhc1BhcmFzeW1wYXRoZXRpY1N5bXBhdGhhdGljU3RhdHVzPik=
R	82eed5ab166edd65feffe0edd70a5cfef2ea45f466ab4d073652d68b292d01f4	SW52ZXJzZU9iamVjdFByb3BlcnRpZXMoPGh0dHA6Ly93d3cuY28tb2RlLm9yZy9vbnRvbG9naWVzL2dhbGVuI2lzUGFyaXR5T2Y+IDxodHRwOi8vd3d3LmNvLW9kZS5vcmcvb250b2xvZ2llcy9nYWxlbiNoYXNQYXJpdHk+KQ==
R	c04ebc1d5f0dafba30a407598236cfa9ba70cafeb1b17f5686f713f7397215ca	SW52ZXJzZU9iamVjdFByb3BlcnRpZXMoPGh0dHA6Ly93d3cuY28tb2RlLm9yZy9vbnRvbG9naWVzL2dhbGVuI2lzUGFydGl0aXZlQ29ubmVjdGlvbk9mPiA8aHR0cDovL3d3dy5jby1vZGUub3JnL29udG9sb2dpZXMvZ2FsZW4jaGFzUGFydGl0aXZlQ29ubmVjdGlvbj4p
R	b4aa7cfd04d272c67ee7082f046c9719be80a474563e4c6b58478b641e96f25d	SW52ZXJzZU9iamVjdFByb3BlcnRpZXMoPGh0dHA6Ly93d3cuY28tb2RlLm9yZy9vbnRvbG9naWVzL2dhbGVuI2lzUGFzc2VkVGhyb3VnaEJ5PiA8aHR0cDovL3d3dy5jby1vZGUub3JnL29udG9sb2dpZXMvZ2FsZW4jcGFzc2VzVGhyb3VnaD4p
R	302f0cf2d7b851a91b0f447cb6e4f42009862c6c6f9dfebd83d84fe0dcd80ff7	SW52ZXJzZU9iamVjdFByb3BlcnRpZXMoPGh0dHA6Ly93d3cuY28tb2RlLm9yZy9vbnRvbG9naWVzL2dhbGVuI2lzUGF0aG9sb2dpY2FsU3RhdHVzT2Y+IDxodHRwOi8vd3d3LmNvLW9kZS5vcmcvb250b2xvZ2llcy9nYWxlbiNoYXNQYXRob2xvZ2ljYWxTdGF0dXM+KQ==
R	a83f16851566f123cb58e701a7add8c1ed1d557020c465aac90ed175e97bdffa	SW52ZXJzZU9iamVjdFByb3BlcnRpZXMoPGh0dHA6Ly93d3cuY28tb2RlLm9yZy9vbnRvbG9naWVzL2dhbGVuI2lzUGVyY3Vzc2l2ZVJlc29uYW5jZU9mPiA8aHR0cDovL3d3dy5jby1vZGUub3JnL29udG9sb2dpZXMvZ2FsZW4jaGFzUGVyY3Vzc2l2ZVJlc29uYW5jZT4p
R	d4193055a27af847879a62690b532ba9c36d3645a2aaa29c4390ce041fc0a97b	SW52ZXJzZU9iamVjdFByb3BlcnRpZXMoPGh0dHA6Ly93d3cuY28tb2RlLm9yZy9vbnRvbG9naWVzL2dhbGVuI2lzUGVyc29uUGVyZm9ybWluZz4gPGh0dHA6Ly93d3cuY28tb2RlLm9yZy9vbnRvbG9naWVzL2dhbGVuI2hhc1BlcnNvblBlcmZvcm1pbmc+KQ==
R	f426f775963daa189a1c2e1185fa357197c88c8f66fff43ede14154cc89a5721	SW52ZXJzZU9iamVjdFByb3BlcnRpZXMoPGh0dHA6Ly93d3cuY28tb2RlLm9yZy9vbnRvbG9naWVzL2dhbGVuI2lzUGVyc29uYWxpdHlUeXBlT2Y+IDxodHRwOi8vd3d3LmNvLW9kZS5vcmcvb250b2xvZ2llcy9nYWxlbiNoYXNQZXJzb25hbGl0eVR5cGU+KQ==
R	d9f4c08245de170fe651860f3b796cd57a15cd400403d59a362b030bc0ff1019	SW52ZXJzZU9iamVjdFByb3BlcnRpZXMoPGh0dHA6Ly93d3cuY28tb2RlLm9yZy9vbnRvbG9naWVzL2dhbGVuI2lzUGhvbmVOdW1iZXJPZj4gPGh0dHA6Ly93d3cuY28tb2RlLm9yZy9vbnRvbG9naWVzL2dhbGVuI2hhc1Bob25lTnVtYmVyPik=
R	e1a8c27716b7fea3de3097194d86294870f3a5ccd4b2bf6dfab95b113e6b2402	SW52ZXJzZU9iamVjdFByb3BlcnRpZXMoPGh0dHA6Ly93d3cuY28tb2RlLm9yZy9vbnRvbG9naWVzL2dhbGVuI2lzUGlnbWVudGF0aW9uT2Y+IDxodHRwOi8vd3d3LmNvLW9kZS5vcmcvb250b2xvZ2llcy9nYWxlbiNoYXNQaWdtZW50YXRpb24+KQ==
R	b38ceaf7fe160f2761e6149f7af51bfd73eedb796c734ca5818509378de1e826	SW52ZXJzZU9iamVjdFByb3BlcnRpZXMoPGh0dHA6Ly93d3cuY28tb2RlLm9yZy9vbnRvbG9naWVzL2dhbGVuI2lzUG9zaXRpb25PZj4gPGh0dHA6Ly93d3cuY28tb2RlLm9yZy9vbnRvbG9naWVzL2dhbGVuI2hhc1Bvc2l0aW9uPik=
R	b0e95f88dd5fee32f18da1832239067fe173fa700919d8e981d56d730a411807	SW52ZXJzZU9iamVjdFByb3BlcnRpZXMoPGh0dHA6Ly93d3cuY28tb2RlLm9yZy9vbnRvbG9naWVzL2dhbGVuI2lzUG9zaXRpb25hbFNlbGVjdG9yT2Y+IDxodHRwOi8vd3d3LmNvLW9kZS5vcmcvb250b2xvZ2llcy9nYWxlbiNoYXNQb3NpdGlvbmFsU2VsZWN0b3I+KQ==
R	c361175f31e9547f05f75d18ef2c87c49eedd5aad73863a392cc4582e342f5fa	SW52ZXJzZU9iamVjdFByb3BlcnRpZXMoPGh0dHA6Ly93d3cuY28tb2RlLm9yZy9vbnRvbG9naWVzL2dhbGVuI2lzUG9zaXRpb25lZEFib3ZlPiA8aHR0cDovL3d3dy5jby1vZGUub3JnL29udG9sb2dpZXMvZ2FsZW4jaXNQb3NpdGlvbmVkQmVsb3c+KQ==
R	b63e0908ce8ccffafc18840874e694bd36f353eb7717b1348618f5abc46f2797	SW52ZXJzZU9iamVjdFByb3BlcnRpZXMoPGh0dHA6Ly93d3cuY28tb2RlLm9yZy9vbnRvbG9naWVzL2dhbGVuI2lzUG9zaXRpb25lZEFudGVyaW9yVG8+IDxodHRwOi8vd3d3LmNvLW9kZS5vcmcvb250b2xvZ2llcy9nYWxlbiNpc1Bvc2l0aW9uZWRQb3N0ZXJpb3JUbz4p
R	a16b77964282b68b54ae77ed6938c610e0240b2baa4cc8f5ff6368f437cb9d39	SW52ZXJzZU9iamVjdFByb3BlcnRpZXMoPGh0dHA6Ly93d3cuY28tb2RlLm9yZy9vbnRvbG9naWVzL2dhbGVuI2lzUG9zaXRpb25lZENhdWRhbFRvPiA8aHR0cDovL3d3dy5jby1vZGUub3JnL29udG9sb2dpZXMvZ2FsZW4jaXNQb3NpdGlvbmVkQ2VwaGFsaWNUbz4p
R	5dfd01d2053bfae0d00245fd672494e32f3834c21bce3940d9df21c701adc17a	SW52ZXJzZU9iamVjdFByb3BlcnRpZXMoPGh0dHA6Ly93d3cuY28tb2RlLm9yZy9vbnRvbG9naWVzL2dhbGVuI2lzUG9zaXRpb25lZERlZXBUbz4gPGh0dHA6Ly93d3cuY28tb2RlLm9yZy9vbnRvbG9naWVzL2dhbGVuI2lzUG9zaXRpb25lZFN1cGVyZmljaWFsVG8+KQ==
R	41062871ee03ebe06ee6bc58579b3099d5f3e9eadf9d533a9a6d5563870ff6f6	SW52ZXJzZU9iamVjdFByb3BlcnRpZXMoPGh0dHA6Ly93d3cuY28tb2RlLm9yZy9vbnRvbG9naWVzL2dhbGVuI2lzUG9zaXRpb25lZERvcnNhbFRvPiA8aHR0cDovL3d3dy5jby1vZGUub3JnL29udG9sb2dpZXMvZ2FsZW4jaXNQb3NpdGlvbmVkVmVudHJhbFRvPik=
R	8af7c8d5e173afc569d4552cd77dcd19cea61bd40663bfbec87c6f8f22a715d6	SW52ZXJzZU9iamVjdFByb3BlcnRpZXMoPGh0dHA6Ly93d3cuY28tb2RlLm9yZy9vbnRvbG9naWVzL2dhbGVuI2lzUG9zaXRpb25lZEluZmVyaW9yVG8+IDxodHRwOi8vd3d3LmNvLW9kZS5vcmcvb250b2xvZ2llcy9nYWxlbiNpc1Bvc2l0aW9uZWRTdXBlcmlvclRvPik=
R	7d27169b7d044a14575d576481f65f00a27e8744aab69ed01f4eb7ff7c5e8ea2	SW52ZXJzZU9iamVjdFByb3BlcnRpZXMoPGh0dHA6Ly93d3cuY28tb2RlLm9yZy9vbnRvbG9naWVzL2dhbGVuI2lzUG9zaXRpb25lZExlZnRPZj4gPGh0dHA6Ly93d3cuY28tb2RlLm9yZy9vbnRvbG9naWVzL2dhbGVuI2lzUG9zaXRpb25lZFJpZ2h0T2Y+KQ==
R	b2cc372490bd369d2a734bb3add0c8426fe9e09bbb7e6d2f32f0d5d4df70d60c	SW52ZXJzZU9iamVjdFByb3BlcnRpZXMoPGh0dHA6Ly93d3cuY28tb2RlLm9yZy9vbnRvbG9naWVzL2dhbGVuI2lzUG9zaXRpb25lZE1lZGlhbFRvPiA8aHR0cDovL3d3dy5jby1vZGUub3JnL29udG9sb2dpZXMvZ2FsZW4jaXNQb3NpdGlvbmVkTGF0ZXJhbFRvPik=
R	ed6ee358f6b99fda9e5bd2d3bfc96bc749e7db43e1c50979e7f1d1064eb707cd	SW52ZXJzZU9iamVjdFByb3BlcnRpZXMoPGh0dHA6Ly93d3cuY28tb2RlLm9yZy9vbnRvbG9naWVzL2dhbGVuI2lzUG9zaXRpb25lZFByb3hpbWFsVG8+IDxodHRwOi8vd3d3LmNvLW9kZS5vcmcvb250b2xvZ2llcy9nYWxlbiNpc1Bvc2l0aW9uZWREaXN0YWxUbz4p
R	cdb6f53616ae87c8b3b8b08d8fa6e9ead8cfb592d73d5069a30e3967c30d6329	SW52ZXJzZU9iamVjdFByb3BlcnRpZXMoPGh0dHA6Ly93d3cuY28tb2RlLm9yZy9vbnRvbG9naWVzL2dhbGVuI2lzUG9zc2liaWxpdHlPZj4gPGh0dHA6Ly93d3cuY28tb2RlLm9yZy9vbnRvbG9naWVzL2dhbGVuI2hhc1Bvc3NpYmlsaXR5Pik=
R	c45029d8b1b952849ecb450f121f9f1e1154c4f869491acabad0ac0dbf0c5e09	SW52ZXJzZU9iamVjdFByb3BlcnRpZXMoPGh0dHA6Ly93d3cuY28tb2RlLm9yZy9vbnRvbG9naWVzL2dhbGVuI2lzUHJlc2VuY2VBYnNlbmNlT2Y+IDxodHRwOi8vd3d3LmNvLW9kZS5vcmcvb250b2xvZ2llcy9nYWxlbiNoYXNQcmVzZW5jZUFic2VuY2U+KQ==
R	ae492ff2bbdea0e3738126e8ffbc5fb30b52c195a7c2ea4b75327f9a9acb51e1	SW52ZXJzZU9iamVjdFByb3BlcnRpZXMoPGh0dHA6Ly93d3cuY28tb2RlLm9yZy9vbnRvbG9naWVzL2dhbGVuI2lzUHJlc3N1cmVPZj4gPGh0dHA6Ly93d3cuY28tb2RlLm9yZy9vbnRvbG9naWVzL2dhbGVuI2hhc1ByZXNzdXJlPik=
R	cebab6590963416f6b09a5effdffca7107392edae9f122cfb4fa7ee949797c5a	SW52ZXJzZU9iamVjdFByb3BlcnRpZXMoPGh0dHA6Ly93d3cuY28tb2RlLm9yZy9vbnRvbG9naWVzL2dhbGVuI2lzUHJldmFsZW5jZU9mPiA8aHR0cDovL3d3dy5jby1vZGUub3JnL29udG9sb2dpZXMvZ2FsZW4jaGFzUHJldmFsZW5jZT4p
R	1f76cb3cadcf6bdfc2644fd35c7c2f15e5a29ac828c17e20f143d5778819d983	SW52ZXJzZU9iamVjdFByb3BlcnRpZXMoPGh0dHA6Ly93d3cuY28tb2RlLm9yZy9vbnRvbG9naWVzL2dhbGVuI2lzUHJvY2Vzc0FjdGl2aXR5T2Y+IDxodHRwOi8vd3d3LmNvLW9kZS5vcmcvb250b2xvZ2llcy9nYWxlbiNoYXNQcm9jZXNzQWN0aXZpdHk+KQ==
R	4caeca27d0d0351a79b2a7c92fc6a07b9e3b09f599d41075d98cd2519a1fa44f	SW52ZXJzZU9iamVjdFByb3BlcnRpZXMoPGh0dHA6Ly93d3cuY28tb2RlLm9yZy9vbnRvbG9naWVzL2dhbGVuI2lzUHJvY2Vzc1NwZWNpZmljYXRpb25MZXZlbE9mPiA8aHR0cDovL3d3dy5jby1vZGUub3JnL29udG9sb2dpZXMvZ2FsZW4jaGFzUHJvY2Vzc1NwZWNpZmljYXRpb25MZXZlbD4p
R	8d74c4ad3e5bdc7273478a11ed53f13677aa11fa5bbd06eaa764c13e6be88a8e	SW52ZXJzZU9iamVjdFByb3BlcnRpZXMoPGh0dHA6Ly93d3cuY28tb2RlLm9yZy9vbnRvbG9naWVzL2dhbGVuI2lzUHJveGltaXR5T2Y+IDxodHRwOi8vd3d3LmNvLW9kZS5vcmcvb250b2xvZ2llcy9nYWxlbiNoYXNQcm94aW1pdHk+KQ==
R	dda262daba34a187b96c9b83fd00671e86a8c50c46e77a0d9093dbfcb380d157	SW52ZXJzZU9iamVjdFByb3BlcnRpZXMoPGh0dHA6Ly93d3cuY28tb2RlLm9yZy9vbnRvbG9naWVzL2dhbGVuI2lzUHN5Y2hvdHlwaWNhbFNleE9mPiA8aHR0cDovL3d3dy5jby1vZGUub3JnL29udG9sb2dpZXMvZ2FsZW4jaGFzUHN5Y2hvdHlwaWNhbFNleD4p
R	fee27cb4b6fad4a0ef236f20bb269eecccd988d82d09db862498cda21396550b	SW52ZXJzZU9iamVjdFByb3BlcnRpZXMoPGh0dHA6Ly93d3cuY28tb2RlLm9yZy9vbnRvbG9naWVzL2dhbGVuI2lzUXVhbnRpdHlPZj4gPGh0dHA6Ly93d3cuY28tb2RlLm9yZy9vbnRvbG9naWVzL2dhbGVuI2hhc1F1YW50aXR5Pik=
R	26e00265e04264915c68771f3326ba2ab7804d507c25bc858c95a1b9ffe32841	SW52ZXJzZU9iamVjdFByb3BlcnRpZXMoPGh0dHA6Ly93d3cuY28tb2RlLm9yZy9vbnRvbG9naWVzL2dhbGVuI2lzUmFkaW9sdXNjZW5jZU9mPiA8aHR0cDovL3d3dy5jby1vZGUub3JnL29udG9sb2dpZXMvZ2FsZW4jaGFzUmFkaW9sdXNjZW5jZT4p
R	4f981cfa90404ced7700dfc43ca9cbd3a97008e378cc06f316aedb85a8d440e0	SW52ZXJzZU9iamVjdFByb3BlcnRpZXMoPGh0dHA6Ly93d3cuY28tb2RlLm9yZy9vbnRvbG9naWVzL2dhbGVuI2lzUmVsYXRpdmVJbXBvcnRhbmNlUm9sZVBsYXllZEJ5PiA8aHR0cDovL3d3dy5jby1vZGUub3JnL29udG9sb2dpZXMvZ2FsZW4jcGxheXNSZWxhdGl2ZUltcG9ydGFuY2VSb2xlPik=
R	5e94c1624757feab73da6a1e4895df3be6b19753d7fc360d4ab56f482fddf2e9	SW52ZXJzZU9iamVjdFByb3BlcnRpZXMoPGh0dHA6Ly93d3cuY28tb2RlLm9yZy9vbnRvbG9naWVzL2dhbGVuI2lzUmVsYXRpdmVMZXZlbFN0YXRlT2Y+IDxodHRwOi8vd3d3LmNvLW9kZS5vcmcvb250b2xvZ2llcy9nYWxlbiNoYXNSZWxhdGl2ZUxldmVsU3RhdGU+KQ==
R	ce6bd128127489ad8e0eff3442df198d13134b0cebd799d6a2c1b9db85b6ea13	SW52ZXJzZU9iamVjdFByb3BlcnRpZXMoPGh0dHA6Ly93d3cuY28tb2RlLm9yZy9vbnRvbG9naWVzL2dhbGVuI2lzUmVxdWlyZWRDb25zZXF1ZW5jZU9mPiA8aHR0cDovL3d3dy5jby1vZGUub3JnL29udG9sb2dpZXMvZ2FsZW4jaGFzUmVxdWlyZWRDb25zZXF1ZW5jZT4p
R	4e044ce3608e72a4888a7ecfc4d61efd67720f8350fa812845287be811e24e21	SW52ZXJzZU9iamVjdFByb3BlcnRpZXMoPGh0dHA6Ly93d3cuY28tb2RlLm9yZy9vbnRvbG9naWVzL2dhbGVuI2lzUmV2ZXJzaWJpbGl0eU9mPiA8aHR0cDovL3d3dy5jby1vZGUub3JnL29udG9sb2dpZXMvZ2FsZW4jaGFzUmV2ZXJzaWJpbGl0eT4p
R	caa1544cdeafbe324c997474b8cced72e568ef76cbc62922d7212fc9eab6869f	SW52ZXJzZU9iamVjdFByb3BlcnRpZXMoPGh0dHA6Ly93d3cuY28tb2RlLm9yZy9vbnRvbG9naWVzL2dhbGVuI2lzUmlnaWRpdHlPZj4gPGh0dHA6Ly93d3cuY28tb2RlLm9yZy9vbnRvbG9naWVzL2dhbGVuI2hhc1JpZ2lkaXR5Pik=
R	ad0df9af3edd2d2a16cb035e6a7edcfd3f1ffb58cd24a3cc3cbcbc5736548130	SW52ZXJzZU9iamVjdFByb3BlcnRpZXMoPGh0dHA6Ly93d3cuY28tb2RlLm9yZy9vbnRvbG9naWVzL2dhbGVuI2lzU2NvcGVPZj4gPGh0dHA6Ly93d3cuY28tb2RlLm9yZy9vbnRvbG9naWVzL2dhbGVuI2hhc1Njb3BlPik=
R	2e7fb17dcc0bf5fc4ed8d5e37e887619605790f9a75548c5ef3022cd28e04d1e	SW52ZXJzZU9iamVjdFByb3BlcnRpZXMoPGh0dHA6Ly93d3cuY28tb2RlLm9yZy9vbnRvbG9naWVzL2dhbGVuI2lzU2Vuc2l0aXZpdHlPZj4gPGh0dHA6Ly93d3cuY28tb2RlLm9yZy9vbnRvbG9naWVzL2dhbGVuI2hhc1NlbnNpdGl2aXR5Pik=
R	abc539f49d38eff8385ce9f73867e76307b7915ecfe87424ece4248720e81390	SW52ZXJzZU9iamVjdFByb3BlcnRpZXMoPGh0dHA6Ly93d3cuY28tb2RlLm9yZy9vbnRvbG9naWVzL2dhbGVuI2lzU2VxdWVuY2VPZj4gPGh0dHA6Ly93d3cuY28tb2RlLm9yZy9vbnRvbG9naWVzL2dhbGVuI2hhc1NlcXVlbmNlPik=
R	d7de4f8304d5a5b5b5a91447dbe2dec05360fee56b71260e0c5dbb645f05de9a	SW52ZXJzZU9iamVjdFByb3BlcnRpZXMoPGh0dHA6Ly93d3cuY28tb2RlLm9yZy9vbnRvbG9naWVzL2dhbGVuI2lzU2VydmVkQnk+IDxodHRwOi8vd3d3LmNvLW9kZS5vcmcvb250b2xvZ2llcy9nYWxlbiNzZXJ2ZXM+KQ==
R	eff397cbda5c0eeec312b9250c5a7724e68a492101f945c509382a8a2ceb0d9e	SW52ZXJzZU9iamVjdFByb3BlcnRpZXMoPGh0dHA6Ly93d3cuY28tb2RlLm9yZy9vbnRvbG9naWVzL2dhbGVuI2lzU2V4T2Y+IDxodHRwOi8vd3d3LmNvLW9kZS5vcmcvb250b2xvZ2llcy9nYWxlbiNoYXNTZXg+KQ==
R	06afa251be0ca2692bed31b961b3487cdccccbe08f23f9550a9d613990cd4f50	SW52ZXJzZU9iamVjdFByb3BlcnRpZXMoPGh0dHA6Ly93d3cuY28tb2RlLm9yZy9vbnRvbG9naWVzL2dhbGVuI2lzU2lnbmFsRnJlcXVlbmN5T2Y+IDxodHRwOi8vd3d3LmNvLW9kZS5vcmcvb250b2xvZ2llcy9nYWxlbiNoYXNTaWduYWxGcmVxdWVuY3k+KQ==
R	5963b5c7787edca3eaab1e4a8391bb0a9a28552acf5a741541191452f4572192	SW52ZXJzZU9iamVjdFByb3BlcnRpZXMoPGh0dHA6Ly93d3cuY28tb2RlLm9yZy9vbnRvbG9naWVzL2dhbGVuI2lzU29jaWFsR3JvdXBSYW5raW5nT2Y+IDxodHRwOi8vd3d3LmNvLW9kZS5vcmcvb250b2xvZ2llcy9nYWxlbiNoYXNTb2NpYWxHcm91cFJhbmtpbmc+KQ==
R	2f434e7131443c738c2b174e24ae701c7265091e0a6ad8a2a06a3576ae43cf3b	SW52ZXJzZU9iamVjdFByb3BlcnRpZXMoPGh0dHA6Ly93d3cuY28tb2RlLm9yZy9vbnRvbG9naWVzL2dhbGVuI2lzU29saWREaXZpc2lvbk9mPiA8aHR0cDovL3d3dy5jby1vZGUub3JnL29udG9sb2dpZXMvZ2FsZW4jaGFzU29saWREaXZpc2lvbj4p
R	2e09c5fbbc0e8ce8db8d8811873548835af8898633826b1a45a9ff10543f34f3	SW52ZXJzZU9iamVjdFByb3BlcnRpZXMoPGh0dHA6Ly93d3cuY28tb2RlLm9yZy9vbnRvbG9naWVzL2dhbGVuI2lzU29sdWJpbGl0eU9mPiA8aHR0cDovL3d3dy5jby1vZGUub3JnL29udG9sb2dpZXMvZ2FsZW4jaGFzU29sdWJpbGl0eT4p
R	de3c1360728bd61f8c2be5d13614877c613eaf13c2ba28a1bc9133b09bb05c2b	SW52ZXJzZU9iamVjdFByb3BlcnRpZXMoPGh0dHA6Ly93d3cuY28tb2RlLm9yZy9vbnRvbG9naWVzL2dhbGVuI2lzU291bmRUaW1icmVPZj4gPGh0dHA6Ly93d3cuY28tb2RlLm9yZy9vbnRvbG9naWVzL2dhbGVuI2hhc1NvdW5kVGltYnJlPik=
R	e90fab9670631eaeaad1048ccb3f2ab3036c86019e59aa5ef6f66dbea375adec	SW52ZXJzZU9iamVjdFByb3BlcnRpZXMoPGh0dHA6Ly93d3cuY28tb2RlLm9yZy9vbnRvbG9naWVzL2dhbGVuI2lzU3BhY2VEZWZpbmVkQnk+IDxodHRwOi8vd3d3LmNvLW9kZS5vcmcvb250b2xvZ2llcy9nYWxlbiNkZWZpbmVzU3BhY2U+KQ==
R	c4cc0e67f60339153bbc9f6b2d59467d9f81e71da6e82534f78b178b74ee46e1	SW52ZXJzZU9iamVjdFByb3BlcnRpZXMoPGh0dHA6Ly93d3cuY28tb2RlLm9yZy9vbnRvbG9naWVzL2dhbGVuI2lzU3BlY2lmaWNGdW5jdGlvbk9mPiA8aHR0cDovL3d3dy5jby1vZGUub3JnL29udG9sb2dpZXMvZ2FsZW4jaGFzU3BlY2lmaWNGdW5jdGlvbj4p
R	cbb2400140ad02c63cf7c3366113934776e82dbc9031dab3c9a4e5797268785d	SW52ZXJzZU9iamVjdFByb3BlcnRpZXMoPGh0dHA6Ly93d3cuY28tb2RlLm9yZy9vbnRvbG9naWVzL2dhbGVuI2lzU3BlY2lmaWNGdW5jdGlvbmFsQ29tcG9uZW50T2Y+IDxodHRwOi8vd3d3LmNvLW9kZS5vcmcvb250b2xvZ2llcy9nYWxlbiNoYXNTcGVjaWZpY0Z1bmN0aW9uYWxDb21wb25lbnQ+KQ==
R	1a49f8c710e9e99ef0541aefa844637c1b9a5b81d706313a6698807bf46f591c	SW52ZXJzZU9iamVjdFByb3BlcnRpZXMoPGh0dHA6Ly93d3cuY28tb2RlLm9yZy9vbnRvbG9naWVzL2dhbGVuI2lzU3BlY2lmaWNMYXRlQ29uc2VxdWVuY2VPZj4gPGh0dHA6Ly93d3cuY28tb2RlLm9yZy9vbnRvbG9naWVzL2dhbGVuI2hhc1NwZWNpZmljTGF0ZUNvbnNlcXVlbmNlPik=
R	68951f1146b760d9e8e19982765118e041b445650eb97874ec60068199ff15b9	SW52ZXJzZU9iamVjdFByb3BlcnRpZXMoPGh0dHA6Ly93d3cuY28tb2RlLm9yZy9vbnRvbG9naWVzL2dhbGVuI2lzU3BlY2lmaWNQZXJzb25QZXJmb3JtaW5nPiA8aHR0cDovL3d3dy5jby1vZGUub3JnL29udG9sb2dpZXMvZ2FsZW4jaGFzU3BlY2lmaWNQZXJzb25QZXJmb3JtaW5nPik=
R	94346c903483481c4b485eb5fd9ad906172583cdd951484a7ee7c29c7bbb58da	SW52ZXJzZU9iamVjdFByb3BlcnRpZXMoPGh0dHA6Ly93d3cuY28tb2RlLm9yZy9vbnRvbG9naWVzL2dhbGVuI2lzU3BlY2lmaWNhbGx5QXNzb2NpYXRlZFdpdGg+IDxodHRwOi8vd3d3LmNvLW9kZS5vcmcvb250b2xvZ2llcy9nYWxlbiNoYXNTcGVjaWZpY0Fzc29jaWF0aW9uPik=
R	34015281bb92b7adc10055e8f63b5b9b8d009af908acb7780978263549088f67	SW52ZXJzZU9iamVjdFByb3BlcnRpZXMoPGh0dHA6Ly93d3cuY28tb2RlLm9yZy9vbnRvbG9naWVzL2dhbGVuI2lzU3BlY2lmaWNhbGx5UGFydGl0aXZlbHlDb250YWluZWRJbj4gPGh0dHA6Ly93d3cuY28tb2RlLm9yZy9vbnRvbG9naWVzL2dhbGVuI3NwZWNpZmljYWxseVBhcnRpdGl2ZWx5Q29udGFpbnM+KQ==
R	d0ea03b1691e98b496221a47bd800542cb138a95bb4d096b45999c45112d070f	SW52ZXJzZU9iamVjdFByb3BlcnRpZXMoPGh0dHA6Ly93d3cuY28tb2RlLm9yZy9vbnRvbG9naWVzL2dhbGVuI2lzU3BlY2lmaWNhbGx5VG9EZXRlcm1pbmU+IDxodHRwOi8vd3d3LmNvLW9kZS5vcmcvb250b2xvZ2llcy9nYWxlbiNpc1NwZWNpZmljYWxseURldGVybWluZWRCeT4p
R	ac0d3d8e0885f542547bf8c5c77ab52eae87a8d91771dfa87b60c54ea8165fbb	SW52ZXJzZU9iamVjdFByb3BlcnRpZXMoPGh0dHA6Ly93d3cuY28tb2RlLm9yZy9vbnRvbG9naWVzL2dhbGVuI2lzU3BlY2lmaWNhdGlvbkxldmVsT2Y+IDxodHRwOi8vd3d3LmNvLW9kZS5vcmcvb250b2xvZ2llcy9nYWxlbiNoYXNTcGVjaWZpY2F0aW9uTGV2ZWw+KQ==
R	b7f47513651d665d4b938575f3ce6f257ac84a964e64286b4892117b50c019cd	SW52ZXJzZU9iamVjdFByb3BlcnRpZXMoPGh0dHA6Ly93d3cuY28tb2RlLm9yZy9vbnRvbG9naWVzL2dhbGVuI2lzU3BvbnRhbmVpdHlPZj4gPGh0dHA6Ly93d3cuY28tb2RlLm9yZy9vbnRvbG9naWVzL2dhbGVuI2hhc1Nwb250YW5laXR5Pik=
R	3e20f8661fb837ca4f8d4cfb9d2f35a7e7921c6acd63e3150eb046bdbc0e2471	SW52ZXJzZU9iamVjdFByb3BlcnRpZXMoPGh0dHA6Ly93d3cuY28tb2RlLm9yZy9vbnRvbG9naWVzL2dhbGVuI2lzU3RlcmlsaXNhYmlsaXR5T2Y+IDxodHRwOi8vd3d3LmNvLW9kZS5vcmcvb250b2xvZ2llcy9nYWxlbiNoYXNTdGVyaWxpc2FiaWxpdHk+KQ==
R	9acb97fcd17d4db1c3767020ea6527bb63df724ea020aa3275f33427e218576b	SW52ZXJzZU9iamVjdFByb3BlcnRpZXMoPGh0dHA6Ly93d3cuY28tb2RlLm9yZy9vbnRvbG9naWVzL2dhbGVuI2lzU3RlcmlsaXR5T2Y+IDxodHRwOi8vd3d3LmNvLW9kZS5vcmcvb250b2xvZ2llcy9nYWxlbiNoYXNTdGVyaWxpdHk+KQ==
R	0da5f586ed320baf2816ac11f124a02ae6daffa6e0f863df2f8f42bc96da4370	SW52ZXJzZU9iamVjdFByb3BlcnRpZXMoPGh0dHA6Ly93d3cuY28tb2RlLm9yZy9vbnRvbG9naWVzL2dhbGVuI2lzU3RyZW5ndGhPZj4gPGh0dHA6Ly93d3cuY28tb2RlLm9yZy9vbnRvbG9naWVzL2dhbGVuI2hhc1N0cmVuZ3RoPik=
R	fe8f17f0d873b4a281d9c194d6116732a75e2b668cae351bef93a1f0735dd5dd	SW52ZXJzZU9iamVjdFByb3BlcnRpZXMoPGh0dHA6Ly93d3cuY28tb2RlLm9yZy9vbnRvbG9naWVzL2dhbGVuI2lzU3RyZXNzQ2FwYWNpdHlPZj4gPGh0dHA6Ly93d3cuY28tb2RlLm9yZy9vbnRvbG9naWVzL2dhbGVuI2hhc1N0cmVzc0NhcGFjaXR5Pik=
R	2b25886b6bc8ee62bb7d724c1b8b0b42539c3aeefa9fef743523f9df27e303f8	SW52ZXJzZU9iamVjdFByb3BlcnRpZXMoPGh0dHA6Ly93d3cuY28tb2RlLm9yZy9vbnRvbG9naWVzL2dhbGVuI2lzU3RydWN0dXJhbENvbXBvbmVudE9mPiA8aHR0cDovL3d3dy5jby1vZGUub3JnL29udG9sb2dpZXMvZ2FsZW4jaGFzU3RydWN0dXJhbENvbXBvbmVudD4p
R	be2575e3f22a0c314ecb4a4229dea7daf8efa59dc3b5d85d2a489acc1f60d038	SW52ZXJzZU9iamVjdFByb3BlcnRpZXMoPGh0dHA6Ly93d3cuY28tb2RlLm9yZy9vbnRvbG9naWVzL2dhbGVuI2lzU3VwZXJpb3JJbmZlcmlvclBvc2l0aW9uT2Y+IDxodHRwOi8vd3d3LmNvLW9kZS5vcmcvb250b2xvZ2llcy9nYWxlbiNoYXNTdXBlcmlvckluZmVyaW9yUG9zaXRpb24+KQ==
R	fa304b7b25ac999bd15d952c376b2aa702f0d292da3ba9fee312264862f92c8c	SW52ZXJzZU9iamVjdFByb3BlcnRpZXMoPGh0dHA6Ly93d3cuY28tb2RlLm9yZy9vbnRvbG9naWVzL2dhbGVuI2lzU3VyZmFjZURpdmlzaW9uT2Y+IDxodHRwOi8vd3d3LmNvLW9kZS5vcmcvb250b2xvZ2llcy9nYWxlbiNoYXNTdXJmYWNlRGl2aXNpb24+KQ==
R	f5926a87bf904e49cdb7b5483f2460d0eafec96a6b9f1e5ab858462fe6a5c795	SW52ZXJzZU9iamVjdFByb3BlcnRpZXMoPGh0dHA6Ly93d3cuY28tb2RlLm9yZy9vbnRvbG9naWVzL2dhbGVuI2lzU3VyZmFjZVZpc2liaWxpdHlPZj4gPGh0dHA6Ly93d3cuY28tb2RlLm9yZy9vbnRvbG9naWVzL2dhbGVuI2hhc1N1cmZhY2VWaXNpYmlsaXR5Pik=
R	8d89985f8f8776043ddb0adb4460228b6212c7c7756c916c10258d7bbad39251	SW52ZXJzZU9iamVjdFByb3BlcnRpZXMoPGh0dHA6Ly93d3cuY28tb2RlLm9yZy9vbnRvbG9naWVzL2dhbGVuI2lzU3VyZ2ljYWxFeHRlbnRPZj4gPGh0dHA6Ly93d3cuY28tb2RlLm9yZy9vbnRvbG9naWVzL2dhbGVuI2hhc1N1cmdpY2FsRXh0ZW50Pik=
R	a52ebbd549c75bbb596da24f4477c4d9513820c8f42c3d39d3c337334f8579f5	SW52ZXJzZU9iamVjdFByb3BlcnRpZXMoPGh0dHA6Ly93d3cuY28tb2RlLm9yZy9vbnRvbG9naWVzL2dhbGVuI2lzU3VyZ2ljYWxQcmltYXJ5U2Vjb25kYXJ5U3RhdHVzT2Y+IDxodHRwOi8vd3d3LmNvLW9kZS5vcmcvb250b2xvZ2llcy9nYWxlbiNoYXNTdXJnaWNhbFByaW1hcnlTZWNvbmRhcnlTdGF0dXM+KQ==
R	115aa4c09e5ca65b10c7808bb1ebed5a0b2e5714ee1bd7aa22a13107363486f5	SW52ZXJzZU9iamVjdFByb3BlcnRpZXMoPGh0dHA6Ly93d3cuY28tb2RlLm9yZy9vbnRvbG9naWVzL2dhbGVuI2lzU3ltcHRvbUNoYXJhY3Rlck9mPiA8aHR0cDovL3d3dy5jby1vZGUub3JnL29udG9sb2dpZXMvZ2FsZW4jaGFzU3ltcHRvbUNoYXJhY3Rlcj4p
R	ecdbacfb0fd87fcc6272d59d139574d57fbd58350d35578238732b8334f67ab8	SW52ZXJzZU9iamVjdFByb3BlcnRpZXMoPGh0dHA6Ly93d3cuY28tb2RlLm9yZy9vbnRvbG9naWVzL2dhbGVuI2lzU3luY2hyb25pY2l0eU9mPiA8aHR0cDovL3d3dy5jby1vZGUub3JnL29udG9sb2dpZXMvZ2FsZW4jaGFzU3luY2hyb25pY2l0eT4p
R	4b948cb140430cb256410fc4ae508927cff640e4a2a15e333db9c9c359db223a	SW52ZXJzZU9iamVjdFByb3BlcnRpZXMoPGh0dHA6Ly93d3cuY28tb2RlLm9yZy9vbnRvbG9naWVzL2dhbGVuI2lzU3lzdGVtRGVmaW5lZEJ5PiA8aHR0cDovL3d3dy5jby1vZGUub3JnL29udG9sb2dpZXMvZ2FsZW4jZGVmaW5lc1N5c3RlbT4p
R	b8069a3b5da34d996aa73fd8a0bd9d6d802581d2126a2f57a268e0279794beb8	SW52ZXJzZU9iamVjdFByb3BlcnRpZXMoPGh0dHA6Ly93d3cuY28tb2RlLm9yZy9vbnRvbG9naWVzL2dhbGVuI2lzVGVtcGVyYXR1cmVPZj4gPGh0dHA6Ly93d3cuY28tb2RlLm9yZy9vbnRvbG9naWVzL2dhbGVuI2hhc1RlbXBlcmF0dXJlPik=
R	3064478d6ff2240f1eec3d8d29b62a41e5b612e99205c30a8b484658ba84ed4c	SW52ZXJzZU9iamVjdFByb3BlcnRpZXMoPGh0dHA6Ly93d3cuY28tb2RlLm9yZy9vbnRvbG9naWVzL2dhbGVuI2lzVGV4dHVyZU9mPiA8aHR0cDovL3d3dy5jby1vZGUub3JnL29udG9sb2dpZXMvZ2FsZW4jaGFzVGV4dHVyZT4p
R	d350258fa2cd506e437542092f7f95667ac9ee591d83a8d66696e18386fe65f7	SW52ZXJzZU9iamVjdFByb3BlcnRpZXMoPGh0dHA6Ly93d3cuY28tb2RlLm9yZy9vbnRvbG9naWVzL2dhbGVuI2lzVGhlcm1hbENhcGFjaXR5T2Y+IDxodHRwOi8vd3d3LmNvLW9kZS5vcmcvb250b2xvZ2llcy9nYWxlbiNoYXNUaGVybWFsQ2FwYWNpdHk+KQ==
R	3fc04d6eb82a0bb9db8f822fd575b3a522805cefcf1e587a2d938c156819d1a5	SW52ZXJzZU9iamVjdFByb3BlcnRpZXMoPGh0dHA6Ly93d3cuY28tb2RlLm9yZy9vbnRvbG9naWVzL2dhbGVuI2lzVGhldGFDb25uZWN0aW9uT2Y+IDxodHRwOi8vd3d3LmNvLW9kZS5vcmcvb250b2xvZ2llcy9nYWxlbiNoYXNUaGV0YUNvbm5lY3Rpb24+KQ==
R	487312b6f1e672c6b35ab6f558695a6b811eb3cc3ff49f196da639a820bbfa33	SW52ZXJzZU9iamVjdFByb3BlcnRpZXMoPGh0dHA6Ly93d3cuY28tb2RlLm9yZy9vbnRvbG9naWVzL2dhbGVuI2lzVGltaW5nQXBwcm9wcmlhdGVuZXNzT2Y+IDxodHRwOi8vd3d3LmNvLW9kZS5vcmcvb250b2xvZ2llcy9nYWxlbiNoYXNUaW1pbmdBcHByb3ByaWF0ZW5lc3M+KQ==
R	b3153ced34d8dd1fa6b35d93013842d3a14d2d5b02247acb23479323f837dd27	SW52ZXJzZU9iamVjdFByb3BlcnRpZXMoPGh0dHA6Ly93d3cuY28tb2RlLm9yZy9vbnRvbG9naWVzL2dhbGVuI2lzVG9EZXRlcm1pbmU+IDxodHRwOi8vd3d3LmNvLW9kZS5vcmcvb250b2xvZ2llcy9nYWxlbiNpc0RldGVybWluZWRCeT4p
R	91296aba6978deb6672199d2206b0fce4268fde4a541402119e6d9b9aa4eab02	SW52ZXJzZU9iamVjdFByb3BlcnRpZXMoPGh0dHA6Ly93d3cuY28tb2RlLm9yZy9vbnRvbG9naWVzL2dhbGVuI2lzVG91Z2huZXNzT2Y+IDxodHRwOi8vd3d3LmNvLW9kZS5vcmcvb250b2xvZ2llcy9nYWxlbiNoYXNUb3VnaG5lc3M+KQ==
R	868b9a896ef1daea6e045a0955ff9a9c7bf7001a2910313db8d6dd790f2d6b6e	SW52ZXJzZU9iamVjdFByb3BlcnRpZXMoPGh0dHA6Ly93d3cuY28tb2RlLm9yZy9vbnRvbG9naWVzL2dhbGVuI2lzVHJlYXRtZW50VHJhY3RhYmlsaXR5T2Y+IDxodHRwOi8vd3d3LmNvLW9kZS5vcmcvb250b2xvZ2llcy9nYWxlbiNoYXNUcmVhdG1lbnRUcmFjdGFiaWxpdHk+KQ==
R	7d80d7e24c697ec9a3846090ece41ce202856d045d503d96ecbaf753c2062f15	SW52ZXJzZU9iamVjdFByb3BlcnRpZXMoPGh0dHA6Ly93d3cuY28tb2RlLm9yZy9vbnRvbG9naWVzL2dhbGVuI2lzVHVtb3VyTW9ycGhvbG9neU9mPiA8aHR0cDovL3d3dy5jby1vZGUub3JnL29udG9sb2dpZXMvZ2FsZW4jaGFzVHVtb3VyTW9ycGhvbG9neT4p
R	1f859ad15d9c63c222b61cc00b364b623cc065df9493f4f5e3d288c6a7a3c5cb	SW52ZXJzZU9iamVjdFByb3BlcnRpZXMoPGh0dHA6Ly93d3cuY28tb2RlLm9yZy9vbnRvbG9naWVzL2dhbGVuI2lzVW5pcXVlQXNzb2NpYXRlZERpc3BsYWNlbWVudE9mPiA8aHR0cDovL3d3dy5jby1vZGUub3JnL29udG9sb2dpZXMvZ2FsZW4jaGFzVW5pcXVlQXNzb2NpYXRlZERpc3BsYWNlbWVudD4p
R	22bf68b88b66a87d88bfcc879147554c9b1b081ac898ee7c459c1fd285a00f8d	SW52ZXJzZU9iamVjdFByb3BlcnRpZXMoPGh0dHA6Ly93d3cuY28tb2RlLm9yZy9vbnRvbG9naWVzL2dhbGVuI2lzVW5pcXVlSW1tZWRpYXRlQ29uc2VxdWVuY2VPZj4gPGh0dHA6Ly93d3cuY28tb2RlLm9yZy9vbnRvbG9naWVzL2dhbGVuI2hhc1VuaXF1ZUltbWVkaWF0ZUNvbnNlcXVlbmNlPik=
R	99bc0f9fc5c1b98a90b45a003d062bcf5343010605762f8ae03c50800393d936	SW52ZXJzZU9iamVjdFByb3BlcnRpZXMoPGh0dHA6Ly93d3cuY28tb2RlLm9yZy9vbnRvbG9naWVzL2dhbGVuI2lzVW5pcXVlU3VicHJvY2Vzc09mPiA8aHR0cDovL3d3dy5jby1vZGUub3JnL29udG9sb2dpZXMvZ2FsZW4jaGFzVW5pcXVlU3VicHJvY2Vzcz4p
R	f279d94a7f37b0350f74132e5017cee5adbd2bca9574334ee3b40ccfc9f8142f	SW52ZXJzZU9iamVjdFByb3BlcnRpZXMoPGh0dHA6Ly93d3cuY28tb2RlLm9yZy9vbnRvbG9naWVzL2dhbGVuI2lzVXBwZXJMb3dlclNlbGVjdG9yT2Y+IDxodHRwOi8vd3d3LmNvLW9kZS5vcmcvb250b2xvZ2llcy9nYWxlbiNoYXNVcHBlckxvd2VyU2VsZWN0b3I+KQ==
R	16a5d401e3091ab5452c4331133dcc9bd35e72a6fddcf38814d3095efefad39b	SW52ZXJzZU9iamVjdFByb3BlcnRpZXMoPGh0dHA6Ly93d3cuY28tb2RlLm9yZy9vbnRvbG9naWVzL2dhbGVuI2lzVXJnZW5jeU9mPiA8aHR0cDovL3d3dy5jby1vZGUub3JnL29udG9sb2dpZXMvZ2FsZW4jaGFzVXJnZW5jeT4p
R	9a2850e097e04fe0a4bdc294679fa048587129de20329c738661549dd1ed4545	SW52ZXJzZU9iamVjdFByb3BlcnRpZXMoPGh0dHA6Ly93d3cuY28tb2RlLm9yZy9vbnRvbG9naWVzL2dhbGVuI2lzVmFzY3VsYXJQdWxzZVZvbHVtZU9mPiA8aHR0cDovL3d3dy5jby1vZGUub3JnL29udG9sb2dpZXMvZ2FsZW4jaGFzVmFzY3VsYXJQdWxzZVZvbHVtZT4p
R	4c757a5b2bd35042d6c4b958b6e737f218daa4cf1936a79bf180d962d4476de4	SW52ZXJzZU9iamVjdFByb3BlcnRpZXMoPGh0dHA6Ly93d3cuY28tb2RlLm9yZy9vbnRvbG9naWVzL2dhbGVuI2lzVmVydGljYWxEZXB0aE9mPiA8aHR0cDovL3d3dy5jby1vZGUub3JnL29udG9sb2dpZXMvZ2FsZW4jaGFzVmVydGljYWxEZXB0aD4p
R	d07c4bb84da84bcfb032bf2a7be0f8ccfac9bd90a4caf8621e97feddb472aa4d	SW52ZXJzZU9iamVjdFByb3BlcnRpZXMoPGh0dHA6Ly93d3cuY28tb2RlLm9yZy9vbnRvbG9naWVzL2dhbGVuI2lzVmlzY2VyYWxQYXJpZXRhbFNlbGVjdG9yT2Y+IDxodHRwOi8vd3d3LmNvLW9kZS5vcmcvb250b2xvZ2llcy9nYWxlbiNoYXNWaXNjZXJhbFBhcmlldGFsU2VsZWN0b3I+KQ==
R	e2ea00b1560d968da625ef00dccb022a4360c2b328d7280df68588141435a698	SW52ZXJzZU9iamVjdFByb3BlcnRpZXMoPGh0dHA6Ly93d3cuY28tb2RlLm9yZy9vbnRvbG9naWVzL2dhbGVuI2lzV2lkdGhPZj4gPGh0dHA6Ly93d3cuY28tb2RlLm9yZy9vbnRvbG9naWVzL2dhbGVuI2hhc1dpZHRoPik=
R	e8bd22a7879c60f002e325c74102a871f6685bc38f9717ee275d3209f25799bf	SW52ZXJzZU9iamVjdFByb3BlcnRpZXMoPGh0dHA6Ly93d3cuY28tb2RlLm9yZy9vbnRvbG9naWVzL2dhbGVuI2xvY2F0aXZlbHlDb250YWlucz4gPGh0dHA6Ly93d3cuY28tb2RlLm9yZy9vbnRvbG9naWVzL2dhbGVuI2lzTG9jYXRpdmVseUNvbnRhaW5lZEluPik=
R	cc5d71a7f4de5fc83a9481401ed2e9f61c678f893e8195b46313bc4489e79775	SW52ZXJzZU9iamVjdFByb3BlcnRpZXMoPGh0dHA6Ly93d3cuY28tb2RlLm9yZy9vbnRvbG9naWVzL2dhbGVuI21haW5seUNoYXJhY3RlcmlzZXNEaXNlYXNlPiA8aHR0cDovL3d3dy5jby1vZGUub3JnL29udG9sb2dpZXMvZ2FsZW4jaXNEaXNlYXNlTWFpbmx5Q2hhcmFjdGVyaXNlZEJ5Pik=
R	376ded2407289bce99c1c5b9ce73dc4d0a147247b787a8069f94c1570204bb09	SW52ZXJzZU9iamVjdFByb3BlcnRpZXMoPGh0dHA6Ly93d3cuY28tb2RlLm9yZy9vbnRvbG9naWVzL2dhbGVuI3BhcnRpdGl2ZWx5Q29udGFpbnM+IDxodHRwOi8vd3d3LmNvLW9kZS5vcmcvb250b2xvZ2llcy9nYWxlbiNpc1BhcnRpdGl2ZWx5Q29udGFpbmVkSW4+KQ==
R	c3fcb3fc9caa857cf376cda15e5ddcc2b03eb36da9b2a4b5b36040773a1db383	SW52ZXJzZU9iamVjdFByb3BlcnRpZXMoPGh0dHA6Ly93d3cuY28tb2RlLm9yZy9vbnRvbG9naWVzL2dhbGVuI3BsYXlzQ2xpbmljYWxSb2xlPiA8aHR0cDovL3d3dy5jby1vZGUub3JnL29udG9sb2dpZXMvZ2FsZW4jaXNDbGluaWNhbFJvbGVQbGF5ZWRCeT4p
R	b89c5cd8d7b7a1f66e4885e0cc04b1b32d2fc5c13850d452a229772b380227e8	SW52ZXJzZU9iamVjdFByb3BlcnRpZXMoPGh0dHA6Ly93d3cuY28tb2RlLm9yZy9vbnRvbG9naWVzL2dhbGVuI3BsYXlzTnVtZXJpY2FsUm9sZT4gPGh0dHA6Ly93d3cuY28tb2RlLm9yZy9vbnRvbG9naWVzL2dhbGVuI2lzTnVtZXJpY2FsUm9sZVBsYXllZEJ5Pik=
R	5ad7c5b37b566998620355cdde60faa6fa31d540afdfc1a4493f6524440e4357	SW52ZXJzZU9iamVjdFByb3BlcnRpZXMoPGh0dHA6Ly93d3cuY28tb2RlLm9yZy9vbnRvbG9naWVzL2dhbGVuI3BsYXlzUGF0aG9sb2dpY2FsUm9sZT4gPGh0dHA6Ly93d3cuY28tb2RlLm9yZy9vbnRvbG9naWVzL2dhbGVuI2lzUGF0aG9sb2dpY2FsUm9sZVBsYXllZEJ5Pik=
R	91a5afe31d418b2a626cfce10b332eec4d4108d7d6c69de7e2f7eb4c0065e036	SW52ZXJzZU9iamVjdFByb3BlcnRpZXMoPGh0dHA6Ly93d3cuY28tb2RlLm9yZy9vbnRvbG9naWVzL2dhbGVuI3BsYXlzUGh5c2lvbG9naWNhbFJvbGU+IDxodHRwOi8vd3d3LmNvLW9kZS5vcmcvb250b2xvZ2llcy9nYWxlbiNpc1BoeXNpb2xvZ2ljYWxSb2xlUGxheWVkQnk+KQ==
R	673fb4acfa4f7ed503f063821f278145fec4516963a475bd874039cc81376b5a	SW52ZXJzZU9iamVjdFByb3BlcnRpZXMoPGh0dHA6Ly93d3cuY28tb2RlLm9yZy9vbnRvbG9naWVzL2dhbGVuI3BsYXlzU29jaWFsUm9sZT4gPGh0dHA6Ly93d3cuY28tb2RlLm9yZy9vbnRvbG9naWVzL2dhbGVuI2lzU29jaWFsUm9sZVBsYXllZEJ5Pik=
R	b42f1c60493de9ba403daf3429afc351417ec7b634cb599ebd23c674798a7469	SW52ZXJzZU9iamVjdFByb3BlcnRpZXMoPGh0dHA6Ly93d3cuY28tb2RlLm9yZy9vbnRvbG9naWVzL2dhbGVuI3JlY29yZHM+IDxodHRwOi8vd3d3LmNvLW9kZS5vcmcvb250b2xvZ2llcy9nYWxlbiNpc1JlY29yZGVkT24+KQ==
R	c42364ba07b7a8890557efd1b042e0cfc7138e69bec7b5a098f1bf07c5493e9a	SW52ZXJzZU9iamVjdFByb3BlcnRpZXMoPGh0dHA6Ly93d3cuY28tb2RlLm9yZy9vbnRvbG9naWVzL2dhbGVuI3NwZWNpZmljYWxseUZvbGxvd3M+IDxodHRwOi8vd3d3LmNvLW9kZS5vcmcvb250b2xvZ2llcy9nYWxlbiNpc1NwZWNpZmljYWxseUZvbGxvd2VkQnk+KQ==
R	cbff98259e944ce5d8553e51d6a9dfbd45e14d1dd6c7f261e961215e5deb3d1f	SW52ZXJzZU9iamVjdFByb3BlcnRpZXMoPGh0dHA6Ly93d3cuY28tb2RlLm9yZy9vbnRvbG9naWVzL2dhbGVuI3NwZWNpZmljYWxseU1ha2VzVXA+IDxodHRwOi8vd3d3LmNvLW9kZS5vcmcvb250b2xvZ2llcy9nYWxlbiNpc1NwZWNpZmljYWxseU1hZGVPZj4p
R	81fa20b1bf0ff4ab6a513a76d2e7433a823d18300fea344bb73763a0888b7aea	SW52ZXJzZU9iamVjdFByb3BlcnRpZXMoPGh0dHA6Ly93d3cuY28tb2RlLm9yZy9vbnRvbG9naWVzL2dhbGVuI3NwZWNpZmljYWxseU5vblBhcnRpdGl2ZWx5Q29udGFpbnM+IDxodHRwOi8vd3d3LmNvLW9kZS5vcmcvb250b2xvZ2llcy9nYWxlbiNpc1NwZWNpZmljYWxseU5vblBhcnRpdGl2ZWx5Q29udGFpbmVkSW4+KQ==
R	7bd83f63e84e7716575505cb52d74815aa9d8dff725810405903e93c4722ec5d	SW52ZXJzZU9iamVjdFByb3BlcnRpZXMoPGh0dHA6Ly93d3cuY28tb2RlLm9yZy9vbnRvbG9naWVzL2dhbGVuI3NwZWNpZmljYWxseVNlcnZlcz4gPGh0dHA6Ly93d3cuY28tb2RlLm9yZy9vbnRvbG9naWVzL2dhbGVuI2lzU3BlY2lmaWNhbGx5U2VydmVkQnk+KQ==
R	cd82e61aaa351acb6c9890c09a4f2bd8b14ddd596407f270fb56966109f4948e	SW52ZXJzZU9iamVjdFByb3BlcnRpZXMoPGh0dHA6Ly93d3cuY28tb2RlLm9yZy9vbnRvbG9naWVzL2dhbGVuI3NwZWNpZmljYWxseVRyaWdnZXJzPiA8aHR0cDovL3d3dy5jby1vZGUub3JnL29udG9sb2dpZXMvZ2FsZW4jaXNTcGVjaWZpY2FsbHlUcmlnZ2VyZWRCeT4p
Z	complete
