ont,clauses.binary_bottom_clauses,clauses.binary_top_disjunctions,clauses.body_atoms,clauses.clauses,clauses.clauses_with_aux_terms,clauses.clauses_with_function_terms,clauses.complementary_definers,clauses.concept_symbols,clauses.disjunctive_clauses,clauses.empty_body_clauses,clauses.empty_head_clauses,clauses.equality_atoms,clauses.head_atoms,clauses.horn_clauses,clauses.max_body_atoms,clauses.max_disjunction_width,clauses.max_head_atoms,clauses.role_chain_clauses,clauses.role_symbols,clauses.transitivity_clauses,el_rbox_safe,expressivity.cardinality,expressivity.code,expressivity.complex_subrole,expressivity.datatype,expressivity.existential,expressivity.functionality,expressivity.grounding,expressivity.inverse,expressivity.negation_disjunction,expressivity.nominal,expressivity.nominal_individual,expressivity.qualified_cardinality,expressivity.role_hierarchy,expressivity.transitivity,expressivity.universal_role,expressivity_match,konclude_expressivity,schema_version,source.abox_axioms,source.annotation_axioms,source.axiom_types_json,source.class_assertions,source.complements,source.concept_expressions,source.datatype_constructors,source.declarations,source.declared_classes,source.declared_data_properties,source.declared_named_individuals,source.declared_object_properties,source.disjoint_class_axioms,source.distinct_classes,source.distinct_data_properties,source.distinct_individuals,source.distinct_object_properties,source.domain_axioms,source.equivalent_class_axioms,source.exact_cardinalities,source.existentials,source.file_bytes,source.functional_role_axioms,source.has_self,source.has_values,source.imports,source.intersections,source.inverse_functional_role_axioms,source.logical_axioms,source.max_cardinalities,source.max_cardinality,source.max_concept_arity,source.max_concept_depth,source.max_role_chain_length,source.min_cardinalities,source.nominals,source.ontology_children,source.qualified_cardinalities,source.range_axioms,source.rbox_axioms,source.role_assertions,source.role_chain_axioms,source.role_inclusion_axioms,source.rule_axioms,source.subclass_axioms,source.tbox_axioms,source.transitive_role_axioms,source.unions,source.universals,source.unqualified_cardinalities,source.unsupported_rule_axioms
ore_ont_10016.owl,3,3,294001,284792,0,18418,3,113107,3,3,3,0,284792,284789,2,2,2,0,4,0,True,False,SI,False,False,True,False,False,True,True,False,False,False,False,True,False,True,SI,1,0,0,"{""Declaration"":103899,""SubClassOf"":257159}",0,4,692543,0,103899,103895,0,0,4,0,103895,0,0,4,0,0,0,178221,47356702,0,0,0,0,0,0,257159,0,0,2,2,0,0,0,361059,0,0,0,0,0,0,0,257159,257159,0,0,0,0,
ore_ont_10032.owl,3,3,171141,158786,0,24710,3,91338,3,3,3,0,158786,158783,2,2,2,0,7,0,True,False,SHI,False,False,True,False,False,True,True,False,False,False,True,True,False,True,SHI,1,0,0,"{""Declaration"":78987,""SubClassOf"":121712,""SubObjectPropertyOf"":3}",0,4,286162,0,78987,78980,0,0,7,0,78980,0,0,7,0,0,0,42734,20177958,0,0,0,0,0,0,121715,0,0,2,2,0,0,0,200703,0,0,3,0,0,3,0,121712,121712,0,0,0,0,
ore_ont_10056.owl,0,0,511,500,0,22,0,441,0,0,0,0,500,500,2,0,1,0,1,0,True,False,ALEI+,False,False,True,False,False,True,False,False,False,False,False,True,False,True,ALEI+,1,0,0,"{""Declaration"":431,""SubClassOf"":467}",0,0,967,0,431,430,0,0,1,0,430,0,0,1,0,0,0,33,82533,0,0,0,0,0,0,467,0,0,2,2,0,0,0,899,0,0,0,0,0,0,0,467,467,0,0,0,0,
ore_ont_10073.owl,0,0,37057,33870,0,1632,0,18374,0,0,1,0,33869,33870,3,0,1,0,5,0,True,False,SRI,True,False,True,False,False,True,True,False,False,False,False,False,False,True,SRI,1,457670,0,"{""ClassAssertion"":457670,""Declaration"":15608,""DisjointClasses"":2,""EquivalentClasses"":1543,""SubClassOf"":22467,""SubObjectPropertyOf"":1,""TransitiveObjectProperty"":2}",457670,0,511089,0,15608,15603,0,0,5,2,15603,0,457670,5,0,1543,0,2308,41887286,0,0,0,0,1543,0,481685,0,0,3,3,2,0,0,497294,0,0,3,0,1,1,0,22467,24012,2,0,0,0,
ore_ont_1012.owl,0,0,2346640,1824059,0,551286,0,557568,0,0,0,0,1824059,1824059,17,0,1,0,6,0,True,False,ALEI+,False,False,True,False,False,True,False,False,False,False,False,True,False,True,ALEI+,1,237119,0,"{""ClassAssertion"":237119,""Declaration"":37968,""SubClassOf"":262266}",237119,0,2301906,0,37968,37962,0,0,6,0,37962,0,232982,6,0,0,0,1007391,146045080,0,0,0,0,261977,0,499385,0,0,17,6,0,0,0,537354,0,0,0,0,0,0,0,262266,262266,0,0,0,0,
ore_ont_10123.owl,10,10,4098,3788,0,620,10,2463,10,10,10,0,3788,3778,2,2,2,0,27,0,True,False,SHI,False,False,True,False,False,True,True,False,False,False,True,True,False,True,SHI,1,15133,0,"{""ClassAssertion"":15133,""Declaration"":2170,""InverseObjectProperties"":4,""SubClassOf"":2817,""SubObjectPropertyOf"":17}",15133,14,21353,0,2170,2143,0,0,27,0,2143,0,15133,27,0,0,0,572,2186889,0,0,0,0,0,0,17971,0,0,2,2,0,0,0,20142,0,0,21,0,0,17,0,2817,2817,0,0,0,0,
ore_ont_10127.owl,0,0,7792,5827,0,1082,0,2210,0,1,0,1,5827,5827,3,0,1,0,11,0,False,False,SHIF,False,False,True,True,False,True,True,False,False,False,True,True,False,True,SHIF,1,105548,0,"{""ClassAssertion"":65792,""DataPropertyAssertion"":529,""Declaration"":710,""EquivalentClasses"":531,""FunctionalObjectProperty"":1,""InverseObjectProperties"":2,""ObjectPropertyAssertion"":39227,""ObjectPropertyDomain"":4,""ObjectPropertyRange"":4,""SubClassOf"":696,""SubObjectPropertyOf"":1,""TransitiveObjectProperty"":3}",65792,0,70477,0,710,688,1,0,21,0,688,1,20902,21,4,531,0,969,17845208,1,0,0,0,481,0,106790,0,0,2,10,0,0,0,107501,0,4,15,39756,0,1,0,696,1227,3,0,292,0,
ore_ont_10134.owl,0,0,2488,2320,0,194,0,1695,0,0,1,0,2319,2320,3,0,1,0,7,0,True,False,SI,False,False,True,False,False,True,True,False,False,False,False,True,False,True,SI,1,0,0,"{""Declaration"":1547,""DisjointClasses"":2,""EquivalentClasses"":46,""SubClassOf"":1756,""TransitiveObjectProperty"":3}",0,0,3914,0,1547,1538,0,0,9,2,1538,0,0,9,0,46,0,213,316480,0,0,0,0,46,0,1807,0,0,3,3,0,0,0,3355,0,0,3,0,0,0,0,1756,1804,3,0,0,0,
ore_ont_10146.owl,0,0,4115,3829,0,50,0,2574,0,0,1,0,3828,3829,3,0,1,0,16,0,True,False,SHI,False,False,True,False,False,True,True,False,False,False,True,True,False,True,SHI,1,0,0,"{""Declaration"":2308,""DisjointClasses"":60,""EquivalentClasses"":193,""ObjectPropertyDomain"":11,""ObjectPropertyRange"":9,""SubClassOf"":2510,""SubObjectPropertyOf"":4,""TransitiveObjectProperty"":3}",0,0,6153,0,2308,2291,0,0,17,60,2291,0,0,17,11,193,0,219,526074,0,0,0,0,193,0,2790,0,0,3,3,0,0,0,5099,0,9,27,0,0,4,0,2510,2763,3,0,0,0,
ore_ont_1016.owl,0,0,17896,14784,0,2400,0,5683,0,0,0,150,14784,14784,8,0,1,0,413,0,True,False,SHIF,False,False,True,True,False,True,True,False,False,False,True,True,False,True,SHIF,1,0,0,"{""Declaration"":3500,""EquivalentClasses"":1028,""FunctionalObjectProperty"":150,""SubClassOf"":4151,""SubObjectPropertyOf"":416,""TransitiveObjectProperty"":26}",0,0,18081,0,3500,3087,0,0,413,0,3087,0,0,413,0,1028,0,3429,1189003,150,0,0,0,2005,0,5771,0,0,8,11,0,0,0,9272,0,0,592,0,0,416,0,4151,5179,26,0,0,0,
ore_ont_10160.owl,0,0,4611,4084,0,840,0,1791,0,0,1,0,4083,4084,2,0,1,0,6,0,True,False,SI,False,False,True,False,False,True,True,False,False,False,False,True,False,True,SI,1,0,0,"{""Declaration"":1272,""DisjointClasses"":36,""EquivalentClasses"":71,""SubClassOf"":2324,""TransitiveObjectProperty"":3}",0,0,6004,0,1272,1263,0,0,9,36,1263,0,0,9,0,71,0,1000,398026,0,0,0,0,71,0,2434,0,0,2,3,0,0,0,3707,0,0,3,0,0,0,0,2324,2431,3,0,0,0,
ore_ont_1017.owl,0,0,3155,2788,0,734,0,1551,0,0,0,0,2788,2788,2,0,1,0,1,0,True,False,ALEI+,False,False,True,False,False,True,False,False,False,False,False,True,False,True,ALEI+,1,0,0,"{""Declaration"":1186,""SubClassOf"":1687,""TransitiveObjectProperty"":1}",0,0,4555,0,1186,1184,0,0,2,0,1184,0,0,2,0,0,0,1181,382942,0,0,0,0,0,0,1688,0,0,2,2,0,0,0,2875,0,0,1,0,0,0,0,1687,1687,1,0,0,0,
ore_ont_10175.owl,0,0,183820,162592,0,24052,0,60196,0,0,0,0,162592,162592,3,0,1,0,11,0,True,False,SHI,False,False,True,False,False,True,True,False,False,False,True,True,False,True,SHI,1,0,0,"{""Declaration"":39020,""EquivalentClasses"":9163,""SubClassOf"":80657,""SubObjectPropertyOf"":3,""TransitiveObjectProperty"":3}",0,0,222917,0,39020,39007,0,0,13,0,39007,0,0,13,0,9163,0,24912,13805708,0,0,0,0,9163,0,89826,0,0,3,3,0,0,0,128847,0,0,6,0,0,3,0,80657,89820,3,0,0,0,
ore_ont_10212.owl,0,0,1883,1434,0,272,0,560,0,1,0,1,1434,1434,4,0,1,0,12,0,False,False,SHIF,False,False,True,True,False,True,True,False,False,False,True,True,False,True,SHIF,1,9853,0,"{""ClassAssertion"":6147,""DataPropertyAssertion"":50,""Declaration"":242,""EquivalentClasses"":134,""FunctionalObjectProperty"":1,""InverseObjectProperties"":2,""ObjectPropertyAssertion"":3656,""ObjectPropertyDomain"":4,""ObjectPropertyRange"":4,""SubClassOf"":221,""SubObjectPropertyOf"":1,""TransitiveObjectProperty"":3}",6147,0,7348,0,242,219,1,0,22,0,219,1,1970,22,4,134,0,226,1714653,1,0,0,0,100,0,10223,0,0,3,8,0,0,0,10466,0,4,15,3706,0,1,0,221,355,3,0,56,0,
ore_ont_10242.owl,0,0,8137,7450,0,1248,0,4551,0,1,1,0,7449,7450,2,0,1,0,524,0,True,False,SHOI,False,False,True,False,False,True,True,True,True,False,True,True,False,True,SHOI,1,2185,0,"{""ClassAssertion"":1230,""Declaration"":4251,""DifferentIndividuals"":78,""ObjectPropertyAssertion"":669,""SameIndividual"":208,""SubClassOf"":4770,""SubObjectPropertyOf"":467}",1230,0,11824,0,4251,3722,0,0,529,0,3722,0,1290,529,0,0,0,932,1446224,0,0,0,0,61,0,7422,0,0,2,2,2,0,242,11674,0,0,467,669,8,467,0,4770,4770,0,0,0,0,
ore_ont_10248.owl,0,0,210038,184806,0,38552,0,67111,0,0,0,0,184806,184806,2,0,1,0,9,0,True,False,SI,False,False,True,False,False,True,True,False,False,False,False,True,False,True,SI,1,0,0,"{""Declaration"":44866,""SubClassOf"":118044,""TransitiveObjectProperty"":2}",0,0,284212,0,44866,44857,0,0,9,0,44857,0,0,9,0,0,0,48124,18522746,0,0,0,0,0,0,118046,0,0,2,2,0,0,0,162913,0,0,2,0,0,0,0,118044,118044,2,0,0,0,
ore_ont_10280.owl,0,0,8572,8572,0,0,0,11594,0,0,0,0,8572,8572,1,0,1,0,0,0,True,False,ALI+,False,False,False,False,False,True,False,False,False,False,False,True,False,True,ALI+,1,0,0,"{""Declaration"":11594,""SubClassOf"":8572}",0,0,17144,0,11594,11594,0,0,0,0,11594,0,0,0,0,0,0,0,1749333,0,0,0,0,0,0,8572,0,0,0,1,0,0,0,20167,0,0,0,0,0,0,0,8572,8572,0,0,0,0,
ore_ont_10283.owl,0,0,1459,1459,0,0,0,1470,0,0,0,0,1459,1459,1,0,1,0,0,0,True,False,ALI+,False,False,False,False,False,True,False,False,False,False,False,True,False,True,ALI+,1,0,0,"{""Declaration"":1470,""SubClassOf"":1459}",0,0,2918,0,1470,1470,0,0,0,0,1470,0,0,0,0,0,0,0,234210,0,0,0,0,0,0,1459,0,0,0,1,0,0,0,2930,0,0,0,0,0,0,0,1459,1459,0,0,0,0,
ore_ont_10309.owl,0,0,251,203,0,98,0,59,0,1,0,0,203,203,2,0,1,0,49,0,True,False,SI,False,False,True,False,False,True,True,False,False,False,False,True,False,True,SI,1,0,0,"{""Declaration"":58,""SubClassOf"":55}",0,0,159,0,58,9,0,0,49,0,9,0,0,49,0,0,0,49,14958,0,0,0,0,0,0,55,0,0,2,2,0,0,0,114,0,0,0,0,0,0,0,55,55,0,0,0,0,
ore_ont_10314.owl,0,0,293,293,0,0,0,98,0,0,0,0,293,293,1,0,1,0,180,0,True,False,ALI+,False,False,False,False,False,True,False,False,False,False,False,True,False,True,ALI+,1,478,0,"{""ClassAssertion"":478,""Declaration"":278,""ObjectPropertyRange"":190,""SubClassOf"":99}",478,0,866,0,278,98,0,0,180,0,98,0,478,180,0,0,0,0,134959,0,0,0,0,0,0,767,0,0,0,1,0,0,0,1046,0,190,190,0,0,0,0,99,99,0,0,0,0,
ore_ont_10321.owl,12,0,307,203,0,30,0,71,2,1,12,32,193,201,5,2,2,0,43,0,True,False,SOIF(D),False,True,True,True,False,True,True,True,True,False,False,True,False,True,SOIF(D),1,4,0,"{""DataPropertyDomain"":8,""DataPropertyRange"":26,""Declaration"":56,""FunctionalDataProperty"":22,""FunctionalObjectProperty"":3,""ObjectPropertyDomain"":10,""ObjectPropertyRange"":14,""SameIndividual"":4,""SubClassOf"":7}",0,0,48,0,56,12,32,0,12,0,12,32,5,12,18,0,5,0,26630,25,0,0,0,0,0,94,0,1,2,2,0,2,0,151,0,40,83,0,0,0,0,7,7,0,1,0,7,
ore_ont_1034.owl,0,0,411,411,0,0,0,138,0,0,0,0,411,411,1,0,1,0,160,0,True,False,ALHI+,False,False,False,False,False,True,False,False,False,False,True,True,False,True,ALHI+,1,28,0,"{""Declaration"":299,""ObjectPropertyAssertion"":28,""ObjectPropertyDomain"":137,""ObjectPropertyRange"":137,""SubObjectPropertyOf"":137}",0,0,274,0,299,138,0,0,161,0,138,0,28,161,137,0,0,0,90783,0,0,0,0,0,0,439,0,0,0,1,0,0,0,739,0,137,411,28,0,137,0,0,0,0,0,0,0,
ore_ont_10362.owl,4,2,704,604,0,42,2,211,3,3,6,1,601,601,2,2,2,0,53,0,False,True,SHIN,False,False,True,False,False,True,True,False,False,False,True,True,False,True,SHIN,1,4,0,"{""ClassAssertion"":4,""Declaration"":165,""DisjointClasses"":56,""EquivalentClasses"":4,""InverseObjectProperties"":26,""ObjectPropertyDomain"":36,""ObjectPropertyRange"":35,""SubClassOf"":124,""SubObjectPropertyOf"":13,""SymmetricObjectProperty"":2,""TransitiveObjectProperty"":9}",4,0,479,0,165,110,0,0,55,56,110,0,2,55,36,4,0,17,59624,0,0,0,0,5,0,309,0,2,2,4,0,1,0,475,0,35,121,0,0,13,0,124,184,9,1,7,1,
ore_ont_10389.owl,0,0,10768,10768,0,0,0,8755,0,0,0,0,10768,10768,1,0,1,0,0,0,True,False,ALI+,False,False,False,False,False,True,False,False,False,False,False,True,False,True,ALI+,1,0,0,"{""Declaration"":8756,""SubClassOf"":10768,""TransitiveObjectProperty"":1}",0,0,21536,0,8756,8755,0,0,1,0,8755,0,0,1,0,0,0,0,1637631,0,0,0,0,0,0,10769,0,0,0,1,0,0,0,19526,0,0,1,0,0,0,0,10768,10768,1,0,0,0,
ore_ont_10413.owl,0,0,204,204,0,0,0,69,0,0,0,0,204,204,1,0,1,0,86,0,True,False,ALHI+,False,False,False,False,False,True,False,False,False,False,True,True,False,True,ALHI+,1,1,0,"{""Declaration"":156,""ObjectPropertyAssertion"":1,""ObjectPropertyDomain"":68,""ObjectPropertyRange"":68,""SubObjectPropertyOf"":68}",0,0,136,0,156,69,0,0,87,0,69,0,2,87,68,0,0,0,40651,0,0,0,0,0,0,205,0,0,0,1,0,0,0,362,0,68,204,1,0,68,0,0,0,0,0,0,0,
ore_ont_10445.owl,0,0,443102,442951,0,302,0,17220,0,0,0,0,442951,442951,2,0,1,0,1,0,True,False,ALEI+,False,False,True,False,False,True,False,False,False,False,False,True,False,True,ALEI+,1,0,0,"{""Declaration"":17070,""SubClassOf"":442498}",0,0,1327494,0,17070,17069,0,0,1,0,17069,0,0,1,0,0,0,442498,83159404,0,0,0,0,0,0,442498,0,0,2,2,0,0,0,459569,0,0,0,0,0,0,0,442498,442498,0,0,0,0,
ore_ont_105.owl,0,0,347,347,0,0,0,295,0,0,0,0,347,347,1,0,1,0,0,0,True,False,ALI+,False,False,False,False,False,True,False,False,False,False,False,True,False,True,ALI+,1,0,0,"{""Declaration"":295,""SubClassOf"":347}",0,0,694,0,295,295,0,0,0,0,295,0,0,0,0,0,0,0,55930,0,0,0,0,0,0,347,0,0,0,1,0,0,0,643,0,0,0,0,0,0,0,347,347,0,0,0,0,
ore_ont_10516.owl,0,0,694,621,0,78,0,350,0,0,0,0,621,621,2,0,1,0,7,0,True,False,SHI,False,False,True,False,False,True,True,False,False,False,True,True,False,True,SHI,1,0,0,"{""Declaration"":309,""SubClassOf"":450,""SubObjectPropertyOf"":12}",0,0,984,0,309,294,0,0,15,0,294,0,0,15,0,0,0,84,75105,0,0,0,0,0,0,462,0,0,2,2,2,0,0,772,0,0,12,0,9,12,0,450,450,0,0,0,0,
ore_ont_10536.owl,0,0,544,455,0,180,0,98,0,1,0,0,455,455,2,0,1,0,108,0,True,False,SHI,False,False,True,False,False,True,True,False,False,False,True,True,False,True,SHI,1,7,0,"{""Declaration"":116,""ObjectPropertyAssertion"":7,""SubClassOf"":94,""SubObjectPropertyOf"":90}",0,0,278,0,116,7,0,0,109,0,7,0,10,109,0,0,0,90,43048,0,0,0,0,0,0,191,0,0,2,2,0,0,0,308,0,0,90,7,0,90,0,94,94,0,0,0,0,
ore_ont_10594.owl,21,0,7716,7014,0,592,0,4385,2,1,22,7,6994,7012,2,2,2,0,335,0,False,False,SHOI(D),False,True,True,False,False,True,True,True,True,False,True,True,False,True,SHOI(D),1,1682,0,"{""ClassAssertion"":1362,""DataPropertyDomain"":5,""DataPropertyRange"":18,""Declaration"":3876,""DifferentIndividuals"":84,""DisjointClasses"":63,""EquivalentClasses"":333,""EquivalentDataProperties"":4,""EquivalentObjectProperties"":40,""InverseObjectProperties"":16,""ObjectPropertyAssertion"":59,""ObjectPropertyDomain"":63,""ObjectPropertyRange"":156,""SameIndividual"":177,""SubClassOf"":4209,""SubObjectPropertyOf"":119,""SymmetricObjectProperty"":3,""TransitiveObjectProperty"":5}",1362,0,11280,17,3876,3539,29,0,308,63,3539,29,1285,308,68,333,0,114,1303429,0,0,278,0,0,0,6716,0,0,3,2,0,0,0,10593,0,174,429,59,0,123,0,4209,4605,5,2,366,0,
ore_ont_10621.owl,55,0,285180,244385,0,78202,0,81749,179,1,55,74,244771,244206,22,11,11,0,168,0,False,False,SOIF(D),False,True,True,True,False,True,True,True,True,False,False,True,False,True,SOIF(D),1,86,0,"{""ClassAssertion"":85,""DataPropertyDomain"":18,""DataPropertyRange"":19,""Declaration"":41815,""DifferentIndividuals"":1,""EquivalentClasses"":559,""FunctionalDataProperty"":18,""FunctionalObjectProperty"":48,""InverseObjectProperties"":28,""ObjectPropertyDomain"":125,""ObjectPropertyRange"":138,""SubClassOf"":122136,""SymmetricObjectProperty"":1}",85,0,331133,237,41815,41647,20,0,148,0,41647,20,85,148,143,559,0,66179,28758860,66,0,6692,0,559,0,123176,0,0,22,3,0,0,91,164992,0,157,395,0,0,0,0,122136,122695,0,5199,6347,0,
ore_ont_10689.owl,0,0,981144,981144,0,0,0,981148,0,0,0,0,981144,981144,1,0,1,0,0,0,True,False,ALI+,False,False,False,False,False,True,False,False,False,False,False,True,False,True,ALI+,1,0,0,"{""Declaration"":981148,""SubClassOf"":981144}",0,0,1962288,0,981148,981148,0,0,0,0,981148,0,0,0,0,0,0,0,178069556,0,0,0,0,0,0,981144,0,0,0,1,0,0,0,1962293,0,0,0,0,0,0,0,981144,981144,0,0,0,0,
ore_ont_10697.owl,0,0,7490,5573,0,1046,0,2080,0,1,0,1,5573,5573,4,0,1,0,16,0,False,False,SHIF,False,False,True,True,False,True,True,False,False,False,True,True,False,True,SHIF,1,186403,0,"{""ClassAssertion"":115926,""DataPropertyAssertion"":76,""Declaration"":678,""EquivalentClasses"":497,""FunctionalObjectProperty"":1,""InverseObjectProperties"":2,""ObjectPropertyAssertion"":70401,""ObjectPropertyDomain"":4,""ObjectPropertyRange"":4,""SubClassOf"":658,""SubObjectPropertyOf"":1,""TransitiveObjectProperty"":3}",115926,0,120662,0,678,651,1,0,26,0,651,1,36264,26,4,497,0,1028,31753427,1,0,0,0,559,0,187573,0,0,3,10,0,0,0,188252,0,4,15,70477,0,1,0,658,1155,3,0,258,0,
ore_ont_10702.owl,56,29,1935,1556,0,248,29,558,46,30,59,16,1552,1510,5,5,5,0,17,0,False,True,SHOIN,False,False,True,True,False,True,True,True,True,False,True,True,False,True,SHOIN,1,494,0,"{""ClassAssertion"":227,""DataPropertyAssertion"":1,""DataPropertyDomain"":1,""DataPropertyRange"":1,""Declaration"":154,""DifferentIndividuals"":8,""DisjointClasses"":39,""EquivalentClasses"":88,""FunctionalObjectProperty"":6,""InverseObjectProperties"":2,""ObjectPropertyAssertion"":246,""ObjectPropertyDomain"":10,""ObjectPropertyRange"":13,""SameIndividual"":12,""SubClassOf"":228,""SubObjectPropertyOf"":5,""SymmetricObjectProperty"":1,""TransitiveObjectProperty"":1}",227,1,1259,0,154,137,1,0,16,39,137,1,206,16,11,88,6,1,203217,6,0,174,0,80,0,889,22,2,5,3,0,6,74,1044,0,14,40,247,0,5,0,228,355,1,2,117,34,
ore_ont_10742.owl,0,0,10651,8862,0,1366,0,2551,0,0,0,0,8862,8862,2,0,1,0,5,0,True,False,SI,False,False,True,False,False,True,True,False,False,False,False,True,False,True,SI,1,0,0,"{""Declaration"":1320,""SubClassOf"":5154,""TransitiveObjectProperty"":3}",0,0,14133,0,1320,1315,0,0,5,0,1315,0,0,5,0,0,0,3825,875432,0,0,0,0,0,0,5157,0,0,2,2,0,0,0,6478,0,0,3,0,0,0,0,5154,5154,3,0,0,0,
ore_ont_10749.owl,0,0,9064,8311,0,1344,0,5307,0,1,1,0,8310,8311,2,0,1,0,337,0,True,False,SHOI,False,False,True,False,False,True,True,True,True,False,True,True,False,True,SHOI,1,1695,0,"{""ClassAssertion"":1362,""Declaration"":4738,""DifferentIndividuals"":93,""ObjectPropertyAssertion"":63,""SameIndividual"":177,""SubClassOf"":5631,""SubObjectPropertyOf"":282}",1362,0,13831,0,4738,4394,0,0,344,0,4394,0,1292,344,0,0,0,1073,1481574,0,0,0,0,67,0,7608,0,0,2,2,2,0,278,12347,0,0,282,63,5,282,0,5631,5631,0,0,0,0,
ore_ont_10750.owl,0,0,2276795,1764333,0,540248,0,547070,0,0,0,0,1764333,1764333,17,0,1,0,6,0,True,False,ALEI+,False,False,True,False,False,True,False,False,False,False,False,True,False,True,ALEI+,1,232753,0,"{""ClassAssertion"":232753,""Declaration"":37517,""SubClassOf"":232753}",232753,0,2184633,0,37517,37511,0,0,6,0,37511,0,228760,6,0,0,0,963864,138901880,0,0,0,0,256905,0,465506,0,0,17,6,0,0,0,503024,0,0,0,0,0,0,0,232753,232753,0,0,0,0,
ore_ont_10769.owl,0,0,270,270,0,0,0,91,0,0,0,0,270,270,1,0,1,0,110,0,True,False,ALHI+,False,False,False,False,False,True,False,False,False,False,True,True,False,True,ALHI+,1,0,0,"{""Declaration"":201,""ObjectPropertyDomain"":90,""ObjectPropertyRange"":90,""SubObjectPropertyOf"":90}",0,0,180,0,201,91,0,0,110,0,91,0,0,110,90,0,0,0,65753,0,0,0,0,0,0,270,0,0,0,1,0,0,0,472,0,90,270,0,0,90,0,0,0,0,0,0,0,
ore_ont_10778.owl,0,0,121743,111498,0,20490,0,50098,0,0,0,0,111498,111498,2,0,1,0,7,0,True,False,ALEHI+,False,False,True,False,False,True,False,False,False,False,True,True,False,True,ALEHI+,1,0,0,"{""Declaration"":39861,""SubClassOf"":80761,""SubObjectPropertyOf"":2,""TransitiveObjectProperty"":1}",0,0,175293,0,39861,39853,0,0,8,0,39853,0,0,8,0,0,0,13771,11543610,0,0,0,0,0,0,80764,0,0,2,2,0,0,0,120626,0,0,3,0,0,2,0,80761,80761,1,0,0,0,
ore_ont_10781.owl,84,0,5684,4520,0,42,0,1330,0,1,85,7,4435,4520,26,0,1,0,11,0,False,False,SI,False,False,True,False,False,True,True,False,False,False,False,True,False,True,SI,1,3230,0,"{""ClassAssertion"":570,""DataPropertyAssertion"":1319,""DataPropertyDomain"":7,""DataPropertyRange"":7,""Declaration"":304,""DisjointClasses"":981,""InverseObjectProperties"":2,""ObjectPropertyAssertion"":1341,""ObjectPropertyDomain"":4,""ObjectPropertyRange"":4,""SubClassOf"":308}",570,0,3252,0,304,293,7,0,4,981,293,7,590,4,11,0,0,14,859750,0,0,0,0,10,0,4543,0,0,26,3,0,0,0,4848,0,11,24,2660,0,0,0,308,1289,0,0,2,0,
ore_ont_10806.owl,0,0,12352,12350,0,0,0,15322,0,0,1,0,12349,12350,2,0,1,0,0,0,True,False,SI,False,False,False,False,False,True,True,False,False,False,False,True,False,True,SI,1,0,0,"{""Declaration"":15319,""SubClassOf"":12343}",0,0,24690,0,15319,15319,0,0,0,0,15319,0,0,0,0,0,0,0,2364816,0,0,0,0,2,0,12343,0,0,2,2,0,0,0,27663,0,0,0,0,0,0,0,12343,12343,0,0,0,0,
ore_ont_1082.owl,0,0,98883,86638,0,14514,0,29497,0,0,1,0,86637,86638,5,0,1,0,219,0,True,False,SHI,False,False,True,False,False,True,True,False,False,False,True,True,False,True,SHI,1,0,0,"{""Declaration"":17961,""SubClassOf"":50786,""SubObjectPropertyOf"":157}",0,0,131028,0,17961,17736,0,0,225,0,17736,0,0,225,0,0,0,20071,8441784,0,0,0,0,4468,0,50943,0,0,5,2,2,0,0,68905,0,0,157,0,35,157,0,50786,50786,0,0,0,0,
ore_ont_10833.owl,0,0,333,333,0,0,0,112,0,0,0,0,333,333,1,0,1,0,134,0,True,False,ALHI+,False,False,False,False,False,True,False,False,False,False,True,True,False,True,ALHI+,1,15,0,"{""Declaration"":247,""ObjectPropertyAssertion"":15,""ObjectPropertyDomain"":111,""ObjectPropertyRange"":111,""SubObjectPropertyOf"":111}",0,0,222,0,247,112,0,0,135,0,112,0,18,135,111,0,0,0,73327,0,0,0,0,0,0,348,0,0,0,1,0,0,0,596,0,111,333,15,0,111,0,0,0,0,0,0,0,
ore_ont_10860.owl,67,56,2981,2355,0,306,56,721,106,60,110,135,2442,2249,28,8,10,0,73,0,False,True,SIN(D),False,True,True,True,False,True,True,False,True,False,False,True,False,True,SIN(D),1,526,0,"{""ClassAssertion"":284,""DLSafeRule"":17,""DataPropertyDomain"":28,""DataPropertyRange"":26,""Declaration"":249,""DifferentIndividuals"":12,""DisjointClasses"":178,""EquivalentClasses"":83,""FunctionalDataProperty"":31,""FunctionalObjectProperty"":18,""ObjectPropertyAssertion"":230,""ObjectPropertyDomain"":38,""ObjectPropertyRange"":39,""SubClassOf"":168}",284,8,1709,0,249,176,33,0,40,178,176,33,163,40,66,83,121,97,365694,49,0,57,0,41,0,1152,0,4,27,5,0,1,47,1402,0,65,180,230,0,0,17,168,429,0,49,0,122,4
ore_ont_10890.owl,0,0,13013,13013,0,0,0,9273,0,0,0,0,13013,13013,1,0,1,0,0,0,True,False,ALI+,False,False,False,False,False,True,False,False,False,False,False,True,False,True,ALI+,1,0,0,"{""Declaration"":9273,""SubClassOf"":13013}",0,0,26026,0,9273,9273,0,0,0,0,9273,0,0,0,0,0,0,0,1866030,0,0,0,0,0,0,13013,0,0,0,1,0,0,0,22287,0,0,0,0,0,0,0,13013,13013,0,0,0,0,
ore_ont_10908.owl,16,16,1868,1665,0,118,16,929,25,17,19,7,1685,1640,4,9,9,0,82,0,False,False,SROIQ,True,False,True,True,False,True,True,True,True,True,True,False,False,True,SROIQ,1,20,0,"{""ClassAssertion"":18,""Declaration"":776,""DifferentIndividuals"":2,""DisjointClasses"":11,""EquivalentClasses"":23,""FunctionalObjectProperty"":2,""InverseFunctionalObjectProperty"":2,""InverseObjectProperties"":24,""ObjectPropertyDomain"":57,""ObjectPropertyRange"":61,""SubClassOf"":824,""SubObjectPropertyOf"":68,""TransitiveObjectProperty"":18}",18,41,2110,0,776,692,0,0,84,11,692,0,18,84,57,23,0,53,180058,2,6,0,0,20,2,1110,0,2,9,4,2,2,18,1887,2,61,232,0,7,68,0,824,858,18,27,56,0,
ore_ont_10951.owl,0,0,3460,2601,0,468,0,1002,0,1,0,1,2601,2601,4,0,1,0,11,0,False,False,SHIF,False,False,True,True,False,True,True,False,False,False,True,True,False,True,SHIF,1,21476,0,"{""ClassAssertion"":13620,""Declaration"":352,""EquivalentClasses"":247,""FunctionalObjectProperty"":1,""InverseObjectProperties"":2,""ObjectPropertyAssertion"":7856,""ObjectPropertyDomain"":4,""ObjectPropertyRange"":4,""SubClassOf"":335,""SubObjectPropertyOf"":1,""TransitiveObjectProperty"":3}",13620,0,15751,0,352,333,0,0,19,0,333,0,4330,19,4,247,0,424,3700501,1,0,0,0,199,0,22073,0,0,3,9,0,0,0,22426,0,4,15,7856,0,1,0,335,582,3,0,134,0,
ore_ont_10968.owl,0,0,8622,7674,0,1896,0,4949,0,0,0,0,7674,7674,2,0,1,0,3,0,True,False,ALEI+,False,False,True,False,False,True,False,False,False,False,False,True,False,True,ALEI+,1,0,0,"{""Declaration"":4004,""SubClassOf"":4830}",0,0,11582,0,4004,4001,0,0,3,0,4001,0,0,3,0,0,0,1922,964211,0,0,0,0,0,0,4830,0,0,2,2,0,0,0,8835,0,0,0,0,0,0,0,4830,4830,0,0,0,0,
ore_ont_11009.owl,0,0,5800,4644,0,1080,0,2031,0,0,0,0,4644,4644,4,0,1,0,33,0,True,False,SI,False,False,True,False,False,True,True,False,False,False,False,True,False,True,SI,1,0,0,"{""Declaration"":922,""EquivalentClasses"":602}",0,0,3038,0,922,889,0,0,33,0,889,0,0,33,0,602,0,616,220149,0,0,0,0,602,0,602,0,0,4,3,0,0,0,1525,0,0,0,0,0,0,0,0,602,0,0,0,0,
ore_ont_11010.owl,0,0,552,507,0,90,0,301,0,0,0,0,507,507,2,0,1,0,2,0,True,False,ALEI+,False,False,True,False,False,True,False,False,False,False,False,True,False,True,ALEI+,1,0,0,"{""Declaration"":258,""SubClassOf"":372}",0,0,845,0,258,256,0,0,2,0,256,0,0,2,0,0,0,101,66026,0,0,0,0,0,0,372,0,0,2,2,0,0,0,631,0,0,0,0,0,0,0,372,372,0,0,0,0,
ore_ont_11014.owl,0,0,2260,2127,0,150,0,1548,0,0,0,0,2127,2127,2,0,1,0,3,0,True,False,SI,False,False,True,False,False,True,True,False,False,False,False,True,False,True,SI,1,0,0,"{""Declaration"":1447,""SubClassOf"":1815,""TransitiveObjectProperty"":1}",0,0,3887,0,1447,1444,0,0,3,0,1444,0,0,3,0,0,0,257,291981,0,0,0,0,0,0,1816,0,0,2,2,0,0,0,3264,0,0,1,0,0,0,0,1815,1815,1,0,0,0,
ore_ont_11016.owl,14,9,1200,900,0,78,9,323,20,10,15,20,930,880,6,8,8,0,41,0,False,False,SOIF(D),False,True,True,True,False,True,True,True,True,False,False,True,False,True,SOIF(D),1,415,0,"{""ClassAssertion"":106,""DataPropertyAssertion"":110,""Declaration"":107,""DifferentIndividuals"":1,""DisjointClasses"":88,""EquivalentClasses"":7,""InverseObjectProperties"":8,""ObjectPropertyAssertion"":198,""ObjectPropertyDomain"":2,""ObjectPropertyRange"":5,""SubClassOf"":125}",106,6,787,0,107,66,10,0,31,88,66,10,109,31,2,7,11,37,154806,0,0,0,0,36,0,650,11,1,8,7,0,2,8,758,0,5,15,308,0,0,0,125,220,0,19,47,24,
ore_ont_11081.owl,0,0,58359,48248,0,4072,0,14204,0,0,1,0,48247,48248,8,0,1,0,38,0,True,False,SHI,False,False,True,False,False,True,True,False,False,False,True,True,False,True,SHI,1,0,0,"{""Declaration"":8767,""SubClassOf"":27189,""SubObjectPropertyOf"":16}",0,0,76090,0,8767,8728,0,0,39,0,8728,0,0,39,0,0,0,10234,4545760,0,0,0,0,3427,0,27205,0,0,8,2,2,0,0,35973,0,0,16,0,7,16,0,27189,27189,0,0,0,0,
ore_ont_11140.owl,0,0,13019,12353,0,1332,0,4376,0,0,0,0,12353,12353,2,0,1,0,1,0,True,False,ALEI+,False,False,True,False,False,True,False,False,False,False,False,True,False,True,ALEI+,1,0,0,"{""Declaration"":3711,""SubClassOf"":10355}",0,0,31065,0,3711,3710,0,0,1,0,3710,0,0,1,0,0,0,10355,2183969,0,0,0,0,0,0,10355,0,0,2,2,0,0,0,14067,0,0,0,0,0,0,0,10355,10355,0,0,0,0,
ore_ont_11207.owl,0,0,11248,8543,0,1334,0,3163,0,1,0,1,8543,8543,4,0,1,0,14,0,False,False,SHIF,False,False,True,True,False,True,True,False,False,False,True,True,False,True,SHIF,1,99982,0,"{""ClassAssertion"":65583,""DataPropertyAssertion"":242,""Declaration"":1107,""EquivalentClasses"":1090,""FunctionalObjectProperty"":1,""InverseObjectProperties"":2,""ObjectPropertyAssertion"":34157,""ObjectPropertyDomain"":4,""ObjectPropertyRange"":4,""SubClassOf"":1092,""SubObjectPropertyOf"":1,""TransitiveObjectProperty"":3}",65583,0,74308,0,1107,1082,1,0,24,0,1082,1,18419,24,4,1090,0,1825,17185027,1,0,0,0,961,0,102179,0,0,3,9,0,0,0,103287,0,4,15,34399,0,1,0,1092,2182,3,0,570,0,
ore_ont_11291.owl,14,9,868,649,0,48,9,236,18,10,15,12,666,631,7,8,8,0,31,0,False,False,SIF(D),False,True,True,True,False,True,True,False,False,False,False,True,False,True,SIF(D),1,0,0,"{""Declaration"":85,""DisjointClasses"":64,""EquivalentClasses"":6,""InverseObjectProperties"":8,""ObjectPropertyDomain"":2,""ObjectPropertyRange"":5,""SubClassOf"":85}",0,6,479,0,85,54,2,0,29,64,54,2,0,29,2,6,16,14,48735,0,0,0,0,21,0,170,2,1,8,7,0,2,0,256,0,5,15,0,0,0,0,85,155,0,13,42,20,
ore_ont_11293.owl,0,0,205075,180364,0,37834,0,66085,0,0,0,0,180364,180364,2,0,1,0,9,0,True,False,SI,False,False,True,False,False,True,True,False,False,False,False,True,False,True,SI,1,0,0,"{""Declaration"":44280,""SubClassOf"":114922,""TransitiveObjectProperty"":2}",0,0,275845,0,44280,44271,0,0,9,0,44271,0,0,9,0,0,0,46001,18020794,0,0,0,0,0,0,114924,0,0,2,2,0,0,0,159205,0,0,2,0,0,0,0,114922,114922,2,0,0,0,
ore_ont_11311.owl,0,0,54031,44799,0,5252,0,14693,0,0,1,0,44798,44799,6,0,1,0,25,0,False,False,SRI,True,False,True,False,False,True,True,False,False,False,True,False,False,True,SRI,1,45179,0,"{""ClassAssertion"":45179,""Declaration"":8047,""DisjointClasses"":65,""EquivalentClasses"":1877,""InverseObjectProperties"":3,""ObjectPropertyDomain"":9,""ObjectPropertyRange"":7,""SubClassOf"":20811,""SubObjectPropertyOf"":20,""TransitiveObjectProperty"":3}",45179,0,106147,0,8047,8022,0,0,25,65,8022,0,45179,25,9,1877,0,11474,7564733,0,0,0,0,1877,0,67974,0,0,6,3,2,0,0,76022,0,7,42,0,8,20,0,20811,22753,3,0,0,0,
ore_ont_11315.owl,0,0,185007,147179,0,19260,0,61919,0,0,1,0,147178,147179,2,0,1,0,6,0,True,False,SRI,True,False,True,False,False,True,True,False,False,False,True,False,False,True,SRI,1,325290,0,"{""ClassAssertion"":325290,""Declaration"":36123,""DisjointClasses"":3,""EquivalentClasses"":4145,""SubClassOf"":70237,""SubObjectPropertyOf"":7,""TransitiveObjectProperty"":3}",325290,0,499503,0,36123,36115,0,0,8,3,36115,0,325290,8,0,4145,0,17153,38027628,0,0,0,0,4145,0,399685,0,0,2,3,2,0,0,435809,0,0,10,0,5,7,0,70237,74385,3,0,0,0,
ore_ont_11316.owl,0,0,5459,4654,0,606,0,2480,0,0,1,0,4653,4654,3,0,1,0,22,0,True,False,SHI,False,False,True,False,False,True,True,False,False,False,True,True,False,True,SHI,1,11,0,"{""ClassAssertion"":11,""Declaration"":1844,""DisjointClasses"":5,""EquivalentClasses"":219,""SubClassOf"":2210,""SubObjectPropertyOf"":8,""SymmetricObjectProperty"":4,""TransitiveObjectProperty"":7}",11,0,5894,0,1844,1821,0,0,23,5,1821,0,11,23,0,219,0,561,420226,0,0,0,0,219,0,2464,0,0,3,3,0,0,0,4309,0,0,19,0,0,8,0,2210,2434,7,0,0,0,
ore_ont_11389.owl,0,0,289218,276618,0,25200,0,50989,0,0,0,0,276618,276618,2,0,1,0,1,0,True,False,ALEI+,False,False,True,False,False,True,False,False,False,False,False,True,False,True,ALEI+,1,0,0,"{""Declaration"":38390,""SubClassOf"":238818}",0,0,716454,0,38390,38389,0,0,1,0,38389,0,0,1,0,0,0,238818,45510355,0,0,0,0,0,0,238818,0,0,2,2,0,0,0,277209,0,0,0,0,0,0,0,238818,238818,0,0,0,0,
ore_ont_11395.owl,0,0,1633655,1331669,0,301780,0,743461,0,0,0,0,1331669,1331669,2,0,1,0,13,0,True,False,SI,False,False,True,False,False,True,True,False,False,False,False,True,False,True,SI,1,0,0,"{""Declaration"":517038,""SubClassOf"":652355,""TransitiveObjectProperty"":6}",0,0,1945833,0,517038,517023,0,0,15,0,517023,0,0,15,0,0,0,641123,173850448,0,0,0,0,0,0,652361,0,0,2,2,0,0,0,1169400,0,0,6,0,0,0,0,652355,652355,6,0,0,0,
ore_ont_11452.owl,0,0,11936,11936,0,0,0,9764,0,0,0,0,11936,11936,1,0,1,0,0,0,True,False,ALI+,False,False,False,False,False,True,False,False,False,False,False,True,False,True,ALI+,1,0,0,"{""Declaration"":9765,""SubClassOf"":11936,""TransitiveObjectProperty"":1}",0,0,23872,0,9765,9764,0,0,1,0,9764,0,0,1,0,0,0,0,1819011,0,0,0,0,0,0,11937,0,0,0,1,0,0,0,21703,0,0,1,0,0,0,0,11936,11936,1,0,0,0,
ore_ont_11460.owl,0,0,485190,426062,0,50886,0,140960,28,0,1,0,426103,426034,12,6,6,0,9,0,True,False,SI,False,False,True,False,False,True,True,False,False,False,False,True,False,True,SI,1,0,0,"{""Declaration"":83494,""DisjointClasses"":693,""EquivalentClasses"":30509,""SubClassOf"":191060,""TransitiveObjectProperty"":6}",0,0,619153,0,83494,83482,0,0,12,693,83482,0,0,12,0,30509,0,112752,41676585,0,0,0,0,30481,0,222268,0,0,12,3,0,0,0,305763,0,0,6,0,0,0,0,191060,222262,6,28,0,0,
ore_ont_11497.owl,0,0,1162,870,0,208,0,303,0,0,0,0,870,870,2,0,1,0,5,0,True,False,SI,False,False,True,False,False,True,True,False,False,False,False,True,False,True,SI,1,0,0,"{""Declaration"":110,""SubClassOf"":276,""TransitiveObjectProperty"":3}",0,0,725,0,110,105,0,0,5,0,105,0,0,5,0,0,0,173,47901,0,0,0,0,0,0,279,0,0,2,2,0,0,0,390,0,0,3,0,0,0,0,276,276,3,0,0,0,
ore_ont_11502.owl,0,0,13488,11521,0,1710,0,5248,0,0,1,0,11520,11521,2,0,1,0,4,0,True,False,SHI,False,False,True,False,False,True,True,False,False,False,True,True,False,True,SHI,1,12278,0,"{""ClassAssertion"":12278,""Declaration"":3839,""SubClassOf"":7279,""SubObjectPropertyOf"":3}",12278,0,30003,0,3839,3835,0,0,4,0,3835,0,12278,4,0,0,0,3163,2554091,0,0,0,0,2,0,19560,0,0,2,2,2,0,0,23400,0,0,3,0,1,3,0,7279,7279,0,0,0,0,
ore_ont_11504.owl,0,0,401,401,0,0,0,406,0,0,0,0,401,401,1,0,1,0,0,0,True,False,ALI+,False,False,False,False,False,True,False,False,False,False,False,True,False,True,ALI+,1,0,0,"{""Declaration"":406,""SubClassOf"":401}",0,0,802,0,406,406,0,0,0,0,406,0,0,0,0,0,0,0,117564,0,0,0,0,0,0,401,0,0,0,1,0,0,0,808,0,0,0,0,0,0,0,401,401,0,0,0,0,
ore_ont_11519.owl,0,0,181308,167617,0,27382,0,94159,0,0,0,0,167617,167617,2,0,1,0,15,0,True,False,ALEHI+,False,False,True,False,False,True,False,False,False,False,True,True,False,True,ALEHI+,1,0,0,"{""Declaration"":80483,""SubClassOf"":126541,""SubObjectPropertyOf"":3,""TransitiveObjectProperty"":1}",0,0,299161,0,80483,80468,0,0,15,0,80468,0,0,15,0,0,0,46079,22959088,0,0,0,0,0,0,126545,0,0,2,2,0,0,0,207029,0,0,4,0,0,3,0,126541,126541,1,0,0,0,
ore_ont_11522.owl,0,0,639,550,0,180,0,213,0,1,0,0,550,550,2,0,1,0,79,0,True,False,SHI,False,False,True,False,False,True,True,False,False,False,True,True,False,True,SHI,1,0,0,"{""Declaration"":201,""SubClassOf"":242,""SubObjectPropertyOf"":29}",0,0,578,0,201,122,0,0,79,0,122,0,0,79,0,0,0,94,45649,0,0,0,0,0,0,271,0,0,2,2,0,0,0,473,0,0,29,0,0,29,0,242,242,0,0,0,0,
ore_ont_11523.owl,18,0,967,778,0,78,0,216,8,1,19,2,769,770,2,3,3,0,80,0,False,False,SHI,False,False,False,False,False,True,True,False,False,False,True,True,False,True,SHI,1,61,0,"{""ClassAssertion"":47,""DataPropertyDomain"":37,""DataPropertyRange"":31,""Declaration"":110,""DisjointClasses"":91,""InverseObjectProperties"":6,""ObjectPropertyAssertion"":14,""ObjectPropertyDomain"":43,""ObjectPropertyRange"":43,""SubClassOf"":15,""SubDataPropertyOf"":10,""SymmetricObjectProperty"":2,""TransitiveObjectProperty"":7}",47,0,409,0,110,30,37,0,43,91,30,37,47,43,80,0,0,0,50808,0,0,0,0,0,0,346,0,0,3,2,0,0,0,457,0,74,179,14,0,10,0,15,106,7,12,0,0,
ore_ont_11526.owl,0,0,408,408,0,0,0,137,0,0,0,0,408,408,1,0,1,0,160,0,True,False,ALHI+,False,False,False,False,False,True,False,False,False,False,True,True,False,True,ALHI+,1,21,0,"{""Declaration"":298,""ObjectPropertyAssertion"":21,""ObjectPropertyDomain"":136,""ObjectPropertyRange"":136,""SubObjectPropertyOf"":136}",0,0,272,0,298,137,0,0,161,0,137,0,19,161,136,0,0,0,83347,0,0,0,0,0,0,429,0,0,0,1,0,0,0,728,0,136,408,21,0,136,0,0,0,0,0,0,0,
ore_ont_11559.owl,0,0,69065,69066,0,0,0,68466,0,1,0,0,69066,69066,1,0,1,0,0,0,True,False,ALI+,False,False,False,False,False,True,False,False,False,False,False,True,False,True,ALI+,1,0,0,"{""Declaration"":68465,""SubClassOf"":69065}",0,0,138130,0,68465,68465,0,0,0,0,68465,0,0,0,0,0,0,0,15387518,0,0,0,0,0,0,69065,0,0,0,1,0,0,0,137531,0,0,0,0,0,0,0,69065,69065,0,0,0,0,
ore_ont_11577.owl,0,0,916,916,0,0,0,268,0,0,0,0,916,916,1,0,1,0,89,0,True,False,ALI+,False,False,False,False,False,True,False,False,False,False,False,True,False,True,ALI+,1,197,0,"{""ClassAssertion"":197,""Declaration"":357,""ObjectPropertyRange"":813,""SubClassOf"":101}",197,0,1212,0,357,268,0,0,89,0,268,0,197,89,0,0,0,0,158383,0,0,0,0,0,0,1111,0,0,0,1,0,0,0,1469,0,813,813,0,0,0,0,101,101,0,0,0,0,
ore_ont_11619.owl,0,0,5128,5121,0,14,0,3626,0,0,0,0,5121,5121,2,0,1,0,1,0,True,False,ALEI+,False,False,True,False,False,True,False,False,False,False,False,True,False,True,ALEI+,1,0,0,"{""Declaration"":3620,""SubClassOf"":5100}",0,0,10207,0,3620,3619,0,0,1,0,3619,0,0,1,0,0,0,7,742525,0,0,0,0,0,0,5100,0,0,2,2,0,0,0,8721,0,0,0,0,0,0,0,5100,5100,0,0,0,0,
ore_ont_11623.owl,0,0,16433,13289,0,2424,0,5366,0,0,0,150,13289,13289,8,0,1,0,413,0,True,False,SHIF,False,False,True,True,False,True,True,False,False,False,True,True,False,True,SHIF,1,0,0,"{""Declaration"":3161,""EquivalentClasses"":699,""FunctionalObjectProperty"":150,""SubClassOf"":3238,""SubObjectPropertyOf"":416,""TransitiveObjectProperty"":26}",0,0,15647,0,3161,2748,0,0,413,0,2748,0,0,413,0,699,0,3449,1021329,150,0,0,0,2015,0,4529,0,0,8,11,0,0,0,7691,0,0,592,0,0,416,0,3238,3937,26,0,0,0,
ore_ont_11639.owl,0,0,283,283,0,0,0,284,0,0,0,0,283,283,1,0,1,0,0,0,True,False,ALI+,False,False,False,False,False,True,False,False,False,False,False,True,False,True,ALI+,1,0,0,"{""Declaration"":284,""SubClassOf"":283}",0,0,566,0,284,284,0,0,0,0,284,0,0,0,0,0,0,0,54307,0,0,0,0,0,0,283,0,0,0,1,0,0,0,568,0,0,0,0,0,0,0,283,283,0,0,0,0,
ore_ont_11739.owl,0,0,952087,952087,0,0,0,26454,0,0,0,0,952087,952087,1,0,1,0,0,0,True,False,ALI+,False,False,False,False,False,True,False,False,False,False,False,True,False,True,ALI+,1,0,0,"{""Declaration"":26454,""SubClassOf"":952087}",0,0,1904174,0,26454,26454,0,0,0,0,26454,0,0,0,0,0,0,0,128520707,0,0,0,0,0,0,952087,0,0,0,1,0,0,0,978542,0,0,0,0,0,0,0,952087,952087,0,0,0,0,
ore_ont_11745.owl,0,0,264324,215405,0,33942,0,81339,0,0,1,0,215404,215405,9,0,1,0,153,0,False,False,SRI,True,False,True,False,False,True,True,False,False,False,True,False,False,True,SRI,1,259668,0,"{""ClassAssertion"":259668,""Declaration"":44079,""DisjointClasses"":120,""EquivalentClasses"":14847,""InverseObjectProperties"":19,""ObjectPropertyDomain"":35,""ObjectPropertyRange"":34,""SubClassOf"":69355,""SubObjectPropertyOf"":67,""TransitiveObjectProperty"":19}",259668,0,496332,0,44079,43917,0,0,162,120,43917,0,259668,162,35,14847,0,32252,36153835,0,0,0,0,14847,0,344164,0,0,9,3,2,0,0,388244,0,34,174,0,9,67,0,69355,84322,19,0,0,0,
ore_ont_11778.owl,0,0,173741,165994,0,14730,0,87014,0,0,1,0,165993,165994,3,0,1,0,33,0,True,False,SHI,False,False,True,False,False,True,True,False,False,False,True,True,False,True,SHI,1,0,0,"{""Declaration"":79386,""SubClassOf"":142975,""SubObjectPropertyOf"":28}",0,0,353287,0,79386,79352,0,0,34,0,79352,0,0,34,0,0,0,66869,27828772,0,0,0,0,226,0,143003,0,0,3,2,2,0,0,222390,0,0,28,0,9,28,0,142975,142975,0,0,0,0,
ore_ont_11866.owl,0,0,204,204,0,0,0,69,0,0,0,0,204,204,1,0,1,0,82,0,True,False,ALHI+,False,False,False,False,False,True,False,False,False,False,True,True,False,True,ALHI+,1,1,0,"{""Declaration"":152,""ObjectPropertyAssertion"":1,""ObjectPropertyDomain"":68,""ObjectPropertyRange"":68,""SubObjectPropertyOf"":68}",0,0,136,0,152,69,0,0,83,0,69,0,2,83,68,0,0,0,43661,0,0,0,0,0,0,205,0,0,0,1,0,0,0,358,0,68,204,1,0,68,0,0,0,0,0,0,0,
ore_ont_11889.owl,0,0,591,592,0,0,0,581,0,1,0,0,592,592,1,0,1,0,11,0,True,False,ALI+,False,False,False,False,False,True,False,False,False,False,False,True,False,True,ALI+,1,36,0,"{""ClassAssertion"":36,""Declaration"":591,""ObjectPropertyDomain"":10,""ObjectPropertyRange"":2,""SubClassOf"":579}",36,0,1206,0,591,580,0,0,11,0,580,0,18,11,10,0,0,0,134867,0,0,0,0,0,0,627,0,0,0,1,0,0,0,1219,0,2,12,0,0,0,0,579,579,0,0,0,0,
ore_ont_1194.owl,6,6,1507358,1062226,0,260606,6,364719,135,7,33,60,1062365,1062091,11,4,4,0,151,0,False,False,SRIQ,True,False,True,False,False,True,True,False,False,True,True,False,False,True,SRIQ,1,221086,0,"{""ClassAssertion"":221086,""Declaration"":70385,""EquivalentClasses"":57979,""InverseObjectProperties"":10,""ObjectPropertyDomain"":30,""ObjectPropertyRange"":26,""SubClassOf"":123862,""SubObjectPropertyOf"":68,""TransitiveObjectProperty"":19}",221086,0,1049807,0,70385,70231,0,0,154,0,70231,0,18055,154,30,57979,0,380433,78422379,0,0,0,0,33798,0,403080,9,2,11,5,2,9,0,473466,18,26,153,0,20,68,0,123862,181841,19,259,0,0,
ore_ont_11978.owl,0,0,516,457,0,118,0,126,0,0,0,0,457,457,2,0,1,0,80,0,True,False,ALEHI+,False,False,True,False,False,True,False,False,False,False,True,True,False,True,ALEHI+,1,299,0,"{""Declaration"":148,""ObjectPropertyAssertion"":299,""ObjectPropertyDomain"":54,""ObjectPropertyRange"":54,""SubClassOf"":118,""SubObjectPropertyOf"":54}",0,0,462,0,148,67,0,0,81,0,67,0,118,81,54,0,0,118,116178,0,0,0,0,0,0,579,0,0,2,2,0,0,0,728,0,54,162,299,0,54,0,118,118,0,0,0,0,
ore_ont_12007.owl,0,0,326,326,0,0,0,294,0,0,0,0,326,326,1,0,1,0,0,0,True,False,ALI+,False,False,False,False,False,True,False,False,False,False,False,True,False,True,ALI+,1,0,0,"{""Declaration"":294,""SubClassOf"":326}",0,0,652,0,294,294,0,0,0,0,294,0,0,0,0,0,0,0,62736,0,0,0,0,0,0,326,0,0,0,1,0,0,0,621,0,0,0,0,0,0,0,326,326,0,0,0,0,
ore_ont_12009.owl,0,0,1165,1165,0,0,0,1153,0,0,0,0,1165,1165,1,0,1,0,15,0,True,False,ALHI+,False,False,False,False,False,True,False,False,False,False,True,True,False,True,ALHI+,1,0,0,"{""Declaration"":1168,""SubClassOf"":1153,""SubObjectPropertyOf"":12}",0,0,2306,0,1168,1153,0,0,15,0,1153,0,0,15,0,0,0,0,261102,0,0,0,0,0,0,1165,0,0,0,1,0,0,0,2334,0,0,12,0,0,12,0,1153,1153,0,0,0,0,
ore_ont_12087.owl,0,0,335111,314894,0,38944,0,130546,0,0,1,0,314893,314894,3,0,1,0,28,0,True,False,SHI,False,False,True,False,False,True,True,False,False,False,True,True,False,True,SHI,1,0,0,"{""Declaration"":110489,""DisjointClasses"":5,""EquivalentClasses"":494,""SubClassOf"":253617,""SubObjectPropertyOf"":9,""SymmetricObjectProperty"":5,""TransitiveObjectProperty"":9}",0,0,638386,0,110489,110459,0,0,30,5,110459,0,0,30,0,494,0,129150,47033111,0,0,0,0,494,0,254139,0,0,3,3,0,0,0,364629,0,0,23,0,0,9,0,253617,254116,9,0,0,0,
ore_ont_1212.owl,0,0,179,168,0,24,0,131,0,1,0,0,168,168,2,0,1,0,17,0,True,False,SHI,False,False,True,False,False,True,True,False,False,False,True,True,False,True,SHI,1,40757,0,"{""ClassAssertion"":31325,""Declaration"":135,""ObjectPropertyAssertion"":9432,""SubClassOf"":123,""SubObjectPropertyOf"":5}",31325,0,31583,0,135,118,0,0,17,0,118,0,33665,17,0,0,0,12,5433507,0,0,0,0,0,0,40885,0,0,2,2,0,0,0,41021,0,0,5,9432,0,5,0,123,123,0,0,0,0,
ore_ont_12141.owl,28,18,3553,2866,0,288,18,970,43,19,29,0,2889,2823,5,4,4,0,36,0,False,False,SHI,False,False,True,False,False,True,True,False,False,False,True,True,False,True,SHI,1,0,0,"{""Declaration"":318,""DisjointClasses"":379,""EquivalentClasses"":65,""ObjectPropertyDomain"":10,""ObjectPropertyRange"":10,""SubClassOf"":311,""SubObjectPropertyOf"":29,""TransitiveObjectProperty"":10}",0,12,1993,0,318,279,0,0,39,379,279,0,0,39,10,65,0,167,139854,0,0,0,0,58,0,814,0,0,4,6,0,0,0,1133,0,10,59,0,0,29,0,311,755,10,50,25,0,
ore_ont_12149.owl,0,0,38589,38589,0,0,0,38590,0,0,0,0,38589,38589,1,0,1,0,0,0,True,False,ALI+,False,False,False,False,False,True,False,False,False,False,False,True,False,True,ALI+,1,0,0,"{""Declaration"":38590,""SubClassOf"":38589}",0,0,77178,0,38590,38590,0,0,0,0,38590,0,0,0,0,0,0,0,6388383,0,0,0,0,0,0,38589,0,0,0,1,0,0,0,77180,0,0,0,0,0,0,0,38589,38589,0,0,0,0,
ore_ont_12161.owl,0,0,11877,11877,0,0,0,9703,0,0,0,0,11877,11877,1,0,1,0,0,0,True,False,ALI+,False,False,False,False,False,True,False,False,False,False,False,True,False,True,ALI+,1,0,0,"{""Declaration"":9704,""SubClassOf"":11877,""TransitiveObjectProperty"":1}",0,0,23754,0,9704,9703,0,0,1,0,9703,0,0,1,0,0,0,0,1809201,0,0,0,0,0,0,11878,0,0,0,1,0,0,0,21583,0,0,1,0,0,0,0,11877,11877,1,0,0,0,
ore_ont_12194.owl,0,0,19382,19382,0,0,0,19136,0,0,0,0,19382,19382,1,0,1,0,0,0,True,False,ALI+,False,False,False,False,False,True,False,False,False,False,False,True,False,True,ALI+,1,0,0,"{""Declaration"":19136,""SubClassOf"":19382}",0,0,38764,0,19136,19136,0,0,0,0,19136,0,0,0,0,0,0,0,5783471,0,0,0,0,0,0,19382,0,0,0,1,0,0,0,38519,0,0,0,0,0,0,0,19382,19382,0,0,0,0,
ore_ont_12281.owl,0,0,5140,4574,0,908,0,2122,0,0,1,0,4573,4574,2,0,1,0,9,0,True,False,SI,False,False,True,False,False,True,True,False,False,False,False,True,False,True,SI,1,0,0,"{""Declaration"":1567,""DisjointClasses"":36,""EquivalentClasses"":76,""SubClassOf"":2687,""TransitiveObjectProperty"":3}",0,0,6823,0,1567,1555,0,0,12,36,1555,0,0,12,0,76,0,1073,461744,0,0,0,0,76,0,2802,0,0,2,3,0,0,0,4370,0,0,3,0,0,0,0,2687,2799,3,0,0,0,
ore_ont_12387.owl,0,0,302125,300464,0,1796,0,138753,0,0,1,0,300463,300464,2,0,1,0,10,0,True,False,SRI,True,False,True,False,False,True,True,False,False,False,True,False,False,True,SRI,1,0,0,"{""Declaration"":137346,""SubClassOf"":296202,""SubObjectPropertyOf"":10}",0,0,700832,0,137346,137334,0,0,12,0,137334,0,0,12,0,0,0,107874,50592310,0,0,0,0,277,0,296212,0,0,2,2,2,0,0,433559,0,0,10,0,3,10,0,296202,296202,0,0,0,0,
ore_ont_12397.owl,0,0,2687,2684,0,6,0,2261,0,0,0,0,2684,2684,2,0,1,0,1,0,True,False,ALEI+,False,False,True,False,False,True,False,False,False,False,False,True,False,True,ALEI+,1,0,0,"{""Declaration"":2260,""SubClassOf"":2675,""TransitiveObjectProperty"":1}",0,0,5356,0,2260,2258,0,0,2,0,2258,0,0,2,0,0,0,6,420935,0,0,0,0,0,0,2676,0,0,2,2,0,0,0,4937,0,0,1,0,0,0,0,2675,2675,1,0,0,0,
ore_ont_12405.owl,0,0,30248,24162,0,5924,0,10230,0,0,0,0,24162,24162,4,0,1,0,27,0,True,False,SI,False,False,True,False,False,True,True,False,False,False,False,True,False,True,SI,1,0,0,"{""Declaration"":4265,""EquivalentClasses"":3046}",0,0,15420,0,4265,4238,0,0,27,0,4238,0,0,27,0,3046,0,3141,1006750,0,0,0,0,3046,0,3046,0,0,4,3,0,0,0,7312,0,0,0,0,0,0,0,0,3046,0,0,0,0,
ore_ont_12414.owl,0,0,80761,71005,0,11214,0,35658,0,0,1,0,71004,71005,3,0,1,0,7,0,True,False,SHI,False,False,True,False,False,True,True,False,False,False,True,True,False,True,SHI,1,163244,0,"{""ClassAssertion"":163244,""Declaration"":27896,""DisjointClasses"":3,""EquivalentClasses"":173,""SubClassOf"":47342,""SubObjectPropertyOf"":2,""TransitiveObjectProperty"":1}",163244,0,266384,0,27896,27889,0,0,7,3,27889,0,163244,7,0,173,0,7755,20377067,0,0,0,0,173,0,210765,0,0,3,3,0,0,0,238662,0,0,3,0,0,2,0,47342,47518,1,0,0,0,
ore_ont_12528.owl,0,0,138515,119472,0,28790,0,48569,0,0,0,0,119472,119472,2,0,1,0,9,0,True,False,SI,False,False,True,False,False,True,True,False,False,False,False,True,False,True,SI,1,470571,0,"{""ClassAssertion"":470571,""Declaration"":31859,""SubClassOf"":69312,""TransitiveObjectProperty"":2}",470571,0,633616,0,31859,31850,0,0,9,0,31850,0,470571,9,0,0,0,24421,50359462,0,0,0,0,0,0,539885,0,0,2,2,0,0,0,571745,0,0,2,0,0,0,0,69312,69312,2,0,0,0,
ore_ont_12653.owl,7,4,878,596,0,146,4,170,9,5,37,89,595,587,11,3,10,0,55,0,False,False,SRIQ(D),True,True,True,True,False,True,True,False,False,True,True,False,False,True,SRIQ(D),1,0,0,"{""DataPropertyDomain"":19,""DataPropertyRange"":18,""Declaration"":76,""DisjointClasses"":2,""EquivalentClasses"":10,""InverseObjectProperties"":8,""ObjectPropertyDomain"":29,""ObjectPropertyRange"":30,""SubClassOf"":50,""SubObjectPropertyOf"":12}",0,1,259,3,76,21,19,0,36,2,21,19,0,36,48,10,21,4,46250,0,0,3,0,1,0,178,15,4,3,3,2,1,0,255,37,48,116,0,2,12,0,50,62,0,15,2,0,
ore_ont_12698.owl,2,1,37023,33329,0,2440,1,18310,76,1,3,2,33416,33253,6,5,5,0,39,0,False,False,SROIF,True,False,True,True,False,True,True,True,True,False,True,False,False,True,SROIF,1,2,0,"{""ClassAssertion"":2,""Declaration"":15610,""DisjointClasses"":57,""EquivalentClasses"":214,""FunctionalObjectProperty"":1,""InverseFunctionalObjectProperty"":1,""InverseObjectProperties"":12,""ObjectPropertyDomain"":12,""ObjectPropertyRange"":14,""SubClassOf"":24791,""SubObjectPropertyOf"":16,""TransitiveObjectProperty"":10}",2,0,63547,0,15610,15571,0,0,39,57,15571,0,2,39,12,214,0,7830,4167485,1,0,2,0,2658,1,25130,0,0,6,7,2,0,0,40741,0,14,66,0,2,16,0,24791,25062,10,99,18,0,
ore_ont_1272.owl,0,0,98140,92342,0,3956,0,42006,0,0,1,0,92341,92342,3,0,1,0,29,0,False,False,SRI,True,False,True,False,False,True,True,False,False,False,True,False,True,True,SRI,1,0,0,"{""Declaration"":38045,""DisjointClasses"":5,""EquivalentClasses"":9313,""InverseObjectProperties"":1,""SubClassOf"":61706,""SubObjectPropertyOf"":12,""SymmetricObjectProperty"":5,""TransitiveObjectProperty"":9}",0,0,172172,0,38045,38013,0,0,32,5,38013,0,0,32,0,9313,0,29670,13755215,0,0,0,0,219,0,71051,0,0,3,3,2,0,0,109097,0,0,27,0,1,12,0,61706,71024,9,0,0,0,
ore_ont_12776.owl,0,0,7071,7065,0,12,0,7059,0,0,0,0,7065,7065,2,0,1,0,1,0,True,False,ALEI+,False,False,True,False,False,True,False,False,False,False,False,True,False,True,ALEI+,1,0,0,"{""Declaration"":7054,""SubClassOf"":7047}",0,0,21141,0,7054,7053,0,0,1,0,7053,0,0,1,0,0,0,7047,1813858,0,0,0,0,0,0,7047,0,0,2,2,0,0,0,14102,0,0,0,0,0,0,0,7047,7047,0,0,0,0,
ore_ont_12802.owl,0,0,21183,19524,0,3318,0,17865,0,0,0,0,19524,19524,2,0,1,0,1,0,True,False,ALEI+,False,False,True,False,False,True,False,False,False,False,False,True,False,True,ALEI+,1,0,0,"{""Declaration"":16207,""SubClassOf"":14547}",0,0,43641,0,16207,16206,0,0,1,0,16206,0,0,1,0,0,0,14547,4131647,0,0,0,0,0,0,14547,0,0,2,2,0,0,0,30755,0,0,0,0,0,0,0,14547,14547,0,0,0,0,
ore_ont_12831.owl,0,0,1027,1028,0,0,0,809,0,1,0,0,1028,1028,1,0,1,0,0,0,True,False,ALI+,False,False,False,False,False,True,False,False,False,False,False,True,False,True,ALI+,1,0,0,"{""Declaration"":808,""SubClassOf"":1027}",0,0,2054,0,808,808,0,0,0,0,808,0,0,0,0,0,0,0,184324,0,0,0,0,0,0,1027,0,0,0,1,0,0,0,1836,0,0,0,0,0,0,0,1027,1027,0,0,0,0,
ore_ont_12906.owl,0,0,88,88,0,0,0,80,0,0,0,0,88,88,1,0,1,0,0,0,True,False,ALI+,False,False,False,False,False,True,False,False,False,False,False,True,False,True,ALI+,1,0,0,"{""Declaration"":80,""SubClassOf"":88}",0,0,176,0,80,80,0,0,0,0,80,0,0,0,0,0,0,0,41202,0,0,0,0,0,0,88,0,0,0,1,0,0,0,169,0,0,0,0,0,0,0,88,88,0,0,0,0,
ore_ont_13000.owl,0,0,30961,26312,0,9298,0,11434,0,0,0,0,26312,26312,2,0,1,0,6,0,True,False,ALEI+,False,False,True,False,False,True,False,False,False,False,False,True,False,True,ALEI+,1,0,0,"{""Declaration"":6791,""SubClassOf"":12365}",0,0,31740,0,6791,6785,0,0,6,0,6785,0,0,6,0,0,0,7010,2219370,0,0,0,0,0,0,12365,0,0,2,2,0,0,0,19157,0,0,0,0,0,0,0,12365,12365,0,0,0,0,
ore_ont_13035.owl,0,0,1018,915,0,192,0,333,0,1,1,0,914,915,2,0,1,0,191,0,True,False,SHOI,False,False,True,False,False,True,True,True,True,False,True,True,False,True,SHOI,1,297,0,"{""ClassAssertion"":242,""Declaration"":411,""ObjectPropertyAssertion"":55,""SubClassOf"":311,""SubObjectPropertyOf"":277}",242,0,992,0,411,220,0,0,191,0,220,0,146,191,0,0,0,128,122819,0,0,0,0,0,0,885,0,0,2,2,2,0,21,1297,0,0,277,55,6,277,0,311,311,0,0,0,0,
ore_ont_13053.owl,0,0,407,405,0,4,0,396,0,0,0,0,405,405,2,0,1,0,1,0,True,False,ALEI+,False,False,True,False,False,True,False,False,False,False,False,True,False,True,ALEI+,1,0,0,"{""Declaration"":395,""SubClassOf"":399}",0,0,802,0,395,394,0,0,1,0,394,0,0,1,0,0,0,4,65938,0,0,0,0,0,0,399,0,0,2,2,0,0,0,795,0,0,0,0,0,0,0,399,399,0,0,0,0,
ore_ont_1306.owl,0,0,1740944,1351404,0,413512,0,425162,0,0,0,0,1351404,1351404,2,0,1,0,4,0,True,False,ALEI+,False,False,True,False,False,True,False,False,False,False,False,True,False,True,ALEI+,1,182784,0,"{""ClassAssertion"":182784,""Declaration"":35626,""SubClassOf"":182784}",182784,0,1645056,0,35626,35622,0,0,4,0,35622,0,182784,4,0,0,0,731136,102851474,0,0,0,0,182784,0,365568,0,0,2,4,0,0,0,401195,0,0,0,0,0,0,0,182784,182784,0,0,0,0,
ore_ont_13066.owl,0,0,345,345,0,0,0,116,0,0,0,0,345,345,1,0,1,0,137,0,True,False,ALHI+,False,False,False,False,False,True,False,False,False,False,True,True,False,True,ALHI+,1,10,0,"{""Declaration"":254,""ObjectPropertyAssertion"":10,""ObjectPropertyDomain"":115,""ObjectPropertyRange"":115,""SubObjectPropertyOf"":115}",0,0,230,0,254,116,0,0,138,0,116,0,12,138,115,0,0,0,70902,0,0,0,0,0,0,355,0,0,0,1,0,0,0,610,0,115,345,10,0,115,0,0,0,0,0,0,0,
ore_ont_13071.owl,0,0,59582,51454,0,1594,0,32288,1,0,1,0,51454,51453,3,2,2,0,5,0,True,False,SI,False,False,True,False,False,True,True,False,False,False,False,True,False,True,SI,1,0,0,"{""Declaration"":25656,""DisjointClasses"":677,""EquivalentClasses"":4381,""SubClassOf"":21391,""TransitiveObjectProperty"":6}",0,0,67575,0,25656,25648,0,0,8,677,25648,0,0,8,0,4381,0,5209,5503375,0,0,0,0,4380,0,26455,0,0,3,3,0,0,0,52112,0,0,6,0,0,0,0,21391,26449,6,1,0,0,
ore_ont_13113.owl,0,0,3094,2807,0,536,0,1621,0,1,1,0,2806,2807,2,0,1,0,141,0,True,False,SHOI,False,False,True,False,False,True,True,True,True,False,True,True,False,True,SHOI,1,211,0,"{""ClassAssertion"":103,""Declaration"":1410,""ObjectPropertyAssertion"":106,""SameIndividual"":2,""SubClassOf"":1844,""SubObjectPropertyOf"":116}",103,0,4188,0,1410,1269,0,0,141,0,1269,0,210,141,0,0,0,391,412646,0,0,0,0,3,0,2171,0,0,2,2,2,0,161,3582,0,0,116,106,7,116,0,1844,1844,0,0,0,0,
ore_ont_13132.owl,94,0,571,425,0,38,0,122,1,1,94,11,332,424,5,2,2,0,51,0,False,False,SHOIF(D),False,True,True,True,False,True,True,True,True,False,True,True,False,True,SHOIF(D),1,302,0,"{""ClassAssertion"":257,""DataPropertyAssertion"":17,""DataPropertyDomain"":5,""DataPropertyRange"":19,""Declaration"":114,""EquivalentClasses"":8,""InverseObjectProperties"":12,""ObjectPropertyAssertion"":28,""ObjectPropertyDomain"":18,""ObjectPropertyRange"":22,""SubClassOf"":74,""SubDataPropertyOf"":3,""SubObjectPropertyOf"":12,""SymmetricObjectProperty"":2}",257,0,469,8,114,63,20,0,31,0,63,20,101,31,23,8,1,3,51606,0,0,9,0,0,0,477,0,1,3,2,0,3,0,592,0,41,93,45,0,15,0,74,82,0,0,0,4,
ore_ont_13141.owl,0,0,6429,6429,0,0,0,7133,0,0,0,0,6429,6429,1,0,1,0,0,0,True,False,ALI+,False,False,False,False,False,True,False,False,False,False,False,True,False,True,ALI+,1,0,0,"{""Declaration"":7133,""SubClassOf"":6429}",0,0,12858,0,7133,7133,0,0,0,0,7133,0,0,0,0,0,0,0,1678403,0,0,0,0,0,0,6429,0,0,0,1,0,0,0,13563,0,0,0,0,0,0,0,6429,6429,0,0,0,0,
ore_ont_13204.owl,0,0,837,673,0,0,0,200,0,0,1,0,672,673,2,0,1,0,0,0,True,False,SI,False,False,False,False,False,True,True,False,False,False,False,True,False,True,SI,1,0,0,"{""Declaration"":35,""DisjointClasses"":164,""SubClassOf"":16}",0,0,360,0,35,35,0,0,0,164,35,0,0,0,0,0,0,0,26469,0,0,0,0,0,0,180,0,0,0,1,0,0,0,216,0,0,0,0,0,0,0,16,180,0,0,0,0,
ore_ont_13224.owl,0,0,528197,439500,0,165656,0,130155,0,0,1,0,439499,439500,2,0,1,0,20,0,True,False,SHI,False,False,True,False,False,True,True,False,False,False,True,True,False,True,SHI,1,0,0,"{""Declaration"":44374,""DisjointClasses"":1,""EquivalentClasses"":33541,""SubClassOf"":115013,""SubObjectPropertyOf"":3,""TransitiveObjectProperty"":2}",0,0,410273,0,44374,44354,0,0,20,1,44354,0,0,20,0,33541,0,113015,26119929,0,0,0,0,74,0,148560,0,0,2,3,0,0,0,192935,0,0,5,0,0,3,0,115013,148555,2,0,0,0,
ore_ont_13234.owl,0,0,555,555,0,0,0,539,0,0,0,0,555,555,1,0,1,0,0,0,True,False,ALI+,False,False,False,False,False,True,False,False,False,False,False,True,False,True,ALI+,1,0,0,"{""Declaration"":539,""SubClassOf"":555}",0,0,1110,0,539,539,0,0,0,0,539,0,0,0,0,0,0,0,90362,0,0,0,0,0,0,555,0,0,0,1,0,0,0,1095,0,0,0,0,0,0,0,555,555,0,0,0,0,
ore_ont_13243.owl,0,0,128174,116262,0,23824,0,50870,0,0,0,0,116262,116262,2,0,1,0,11,0,True,False,ALEHI+,False,False,True,False,False,True,False,False,False,False,True,True,False,True,ALEHI+,1,0,0,"{""Declaration"":38971,""SubClassOf"":80523,""SubObjectPropertyOf"":3,""TransitiveObjectProperty"":3}",0,0,176712,0,38971,38958,0,0,13,0,38958,0,0,13,0,0,0,15666,11590322,0,0,0,0,0,0,80529,0,0,2,2,0,0,0,119501,0,0,6,0,0,3,0,80523,80523,3,0,0,0,
ore_ont_1325.owl,0,0,379,379,0,0,0,424,0,0,1,0,378,379,1,0,1,0,0,0,True,False,SI,False,False,False,False,False,True,True,False,False,False,False,True,False,True,SI,1,27,0,"{""ClassAssertion"":27,""Declaration"":423,""DisjointClasses"":1,""EquivalentClasses"":3,""SubClassOf"":369}",27,0,773,0,423,423,0,0,0,1,423,0,27,0,0,3,0,0,130083,0,0,0,0,0,0,400,0,0,0,1,0,0,0,824,0,0,0,0,0,0,0,369,373,0,0,0,0,
ore_ont_13277.owl,0,0,193,168,0,52,0,98,0,1,0,0,168,168,2,0,1,0,24,0,False,False,SI,False,False,True,False,False,True,True,False,False,False,False,True,False,True,SI,1,0,0,"{""Declaration"":95,""InverseObjectProperties"":1,""SubClassOf"":86}",0,0,199,0,95,71,0,0,24,0,71,0,0,24,0,0,0,27,27341,0,0,0,0,0,0,87,0,0,2,2,0,0,0,183,0,0,1,0,0,0,0,86,86,0,0,0,0,
ore_ont_13301.owl,0,0,436,436,0,0,0,437,0,0,0,0,436,436,1,0,1,0,0,0,True,False,ALI+,False,False,False,False,False,True,False,False,False,False,False,True,False,True,ALI+,1,0,0,"{""Declaration"":437,""SubClassOf"":436}",0,0,872,0,437,437,0,0,0,0,437,0,0,0,0,0,0,0,78888,0,0,0,0,0,0,436,0,0,0,1,0,0,0,874,0,0,0,0,0,0,0,436,436,0,0,0,0,
ore_ont_13355.owl,0,0,396047,396047,0,0,0,281776,0,0,0,0,396047,396047,1,0,1,0,0,0,True,False,ALI+,False,False,False,False,False,True,False,False,False,False,False,True,False,True,ALI+,1,0,0,"{""Declaration"":281776,""SubClassOf"":396047}",0,0,792094,0,281776,281776,0,0,0,0,281776,0,0,0,0,0,0,0,67481686,0,0,0,0,0,0,396047,0,0,0,1,0,0,0,677824,0,0,0,0,0,0,0,396047,396047,0,0,0,0,
ore_ont_13383.owl,42,0,962,821,0,54,0,472,2,1,43,9,780,819,5,2,2,0,70,0,False,False,SHOIF(D),False,True,True,True,False,True,True,True,True,False,True,True,False,True,SHOIF(D),1,315,0,"{""ClassAssertion"":103,""DataPropertyAssertion"":76,""DataPropertyDomain"":8,""DataPropertyRange"":9,""Declaration"":441,""DisjointClasses"":13,""EquivalentClasses"":31,""EquivalentDataProperties"":2,""EquivalentObjectProperties"":1,""InverseObjectProperties"":5,""ObjectPropertyAssertion"":134,""ObjectPropertyDomain"":16,""ObjectPropertyRange"":30,""SameIndividual"":2,""SubClassOf"":411,""SubDataPropertyOf"":3,""SubObjectPropertyOf"":12,""SymmetricObjectProperty"":1,""TransitiveObjectProperty"":7}",103,0,1124,9,441,368,22,0,51,13,368,22,103,51,24,31,2,2,165797,0,0,12,0,0,0,864,0,1,3,2,0,1,0,1306,0,39,94,210,0,17,0,411,455,7,1,53,3,
ore_ont_13392.owl,0,0,136,136,0,0,0,124,0,0,0,0,136,136,1,0,1,0,5,0,True,False,ALHI+,False,False,False,False,False,True,False,False,False,False,True,True,False,True,ALHI+,1,0,0,"{""Declaration"":129,""ObjectPropertyDomain"":5,""ObjectPropertyRange"":5,""SubClassOf"":122,""SubObjectPropertyOf"":4}",0,0,254,0,129,124,0,0,5,0,124,0,0,5,5,0,0,0,23084,0,0,0,0,0,0,136,0,0,0,1,0,0,0,266,0,5,14,0,0,4,0,122,122,0,0,0,0,
ore_ont_1340.owl,104,104,6711,6294,0,836,104,4240,104,105,104,0,6294,6190,2,2,2,0,503,0,False,False,SHOI,False,False,True,False,False,True,True,True,True,False,True,True,False,True,SHOI,1,1977,0,"{""ClassAssertion"":1230,""Declaration"":4228,""DifferentIndividuals"":78,""InverseObjectProperties"":27,""ObjectPropertyAssertion"":669,""SubClassOf"":4323,""SubObjectPropertyOf"":459}",1230,118,10422,0,4228,3717,0,0,511,0,3717,0,1289,511,0,0,0,428,1322973,0,0,0,0,0,0,6786,0,0,2,2,0,0,0,11015,0,0,486,669,0,459,0,4323,4323,0,0,0,0,
ore_ont_13429.owl,0,0,98,98,0,0,0,88,0,0,0,0,98,98,1,0,1,0,0,0,True,False,ALI+,False,False,False,False,False,True,False,False,False,False,False,True,False,True,ALI+,1,0,0,"{""Declaration"":88,""SubClassOf"":98}",0,0,196,0,88,88,0,0,0,0,88,0,0,0,0,0,0,0,18591,0,0,0,0,0,0,98,0,0,0,1,0,0,0,187,0,0,0,0,0,0,0,98,98,0,0,0,0,
ore_ont_13444.owl,0,0,4481,4187,0,560,0,2382,0,0,0,0,4187,4187,2,0,1,0,10,0,False,False,SRI,True,False,True,False,False,True,True,False,False,False,True,False,False,True,SRI,1,0,0,"{""Declaration"":2107,""InverseObjectProperties"":2,""SubClassOf"":3319,""SubObjectPropertyOf"":7,""TransitiveObjectProperty"":3}",0,0,7052,0,2107,2095,0,0,12,0,2095,0,0,12,0,0,0,414,496062,0,0,0,0,0,0,3331,0,0,2,2,2,0,0,5439,0,0,12,0,2,7,0,3319,3319,3,0,0,0,
ore_ont_13482.owl,0,0,2810504,2192049,0,646630,0,676205,0,0,0,0,2192049,2192049,17,0,1,0,33,0,True,False,ALEI+,False,False,True,False,False,True,False,False,False,False,False,True,False,True,ALEI+,1,293195,0,"{""ClassAssertion"":293195,""Declaration"":58409,""SubClassOf"":337936}",293195,0,2789474,0,58409,58376,0,0,33,0,58376,0,292198,33,0,0,0,1223507,178779907,0,0,0,0,297719,0,631131,0,0,17,6,0,0,0,689541,0,0,0,0,0,0,0,337936,337936,0,0,0,0,
ore_ont_13503.owl,0,0,82,75,0,0,0,50,0,0,1,0,74,75,2,0,1,0,18,0,True,False,SI,False,False,True,False,False,True,True,False,False,False,False,True,False,True,SI,1,11,0,"{""ClassAssertion"":11,""Declaration"":71,""EquivalentClasses"":1,""ObjectPropertyDomain"":5,""ObjectPropertyRange"":15,""SubClassOf"":38}",11,1,120,0,71,42,0,0,29,0,42,0,11,29,5,1,0,0,16129,0,0,0,0,0,0,70,0,0,2,2,0,0,0,142,0,15,20,0,0,0,0,38,39,0,0,10,0,
ore_ont_13530.owl,0,0,247,244,0,6,0,237,0,0,0,0,244,244,2,0,1,0,1,0,True,False,ALEI+,False,False,True,False,False,True,False,False,False,False,False,True,False,True,ALEI+,1,0,0,"{""Declaration"":235,""SubClassOf"":235}",0,0,474,0,235,234,0,0,1,0,234,0,0,1,0,0,0,4,40118,0,0,0,0,0,0,235,0,0,2,2,0,0,0,471,0,0,0,0,0,0,0,235,235,0,0,0,0,
ore_ont_1357.owl,0,0,161196,154443,0,13414,0,67705,0,0,1,0,154442,154443,2,0,1,0,6,0,True,False,SHI,False,False,True,False,False,True,True,False,False,False,True,True,False,True,SHI,1,0,0,"{""Declaration"":60979,""SubClassOf"":134246,""SubObjectPropertyOf"":5}",0,0,331515,0,60979,60973,0,0,6,0,60973,0,0,6,0,0,0,63019,23687639,0,0,0,0,2,0,134251,0,0,2,2,2,0,0,195231,0,0,5,0,2,5,0,134246,134246,0,0,0,0,
ore_ont_13578.owl,0,0,5003,3899,0,736,0,1927,0,0,0,0,3899,3899,2,0,1,0,1,0,True,False,SI,False,False,True,False,False,True,True,False,False,False,False,True,False,True,SI,1,0,0,"{""Declaration"":1192,""SubClassOf"":1691,""SubObjectPropertyOf"":1}",0,0,4562,0,1192,1191,0,0,1,0,1191,0,0,1,0,0,0,1180,335311,0,0,0,0,0,0,1692,0,0,2,2,2,0,0,2885,0,0,1,0,1,1,0,1691,1691,0,0,0,0,
ore_ont_13621.owl,0,0,8157,7466,0,1256,0,4555,0,1,1,0,7465,7466,2,0,1,0,524,0,True,False,SHOI,False,False,True,False,False,True,True,True,True,False,True,True,False,True,SHOI,1,2185,0,"{""ClassAssertion"":1230,""Declaration"":4251,""DifferentIndividuals"":78,""ObjectPropertyAssertion"":669,""SameIndividual"":208,""SubClassOf"":4774,""SubObjectPropertyOf"":467}",1230,0,11836,0,4251,3722,0,0,529,0,3722,0,1290,529,0,0,0,936,1446886,0,0,0,0,61,0,7426,0,0,2,2,2,0,242,11678,0,0,467,669,8,467,0,4774,4774,0,0,0,0,
ore_ont_13643.owl,0,0,181,181,0,0,0,176,0,0,0,0,181,181,1,0,1,0,0,0,True,False,ALI+,False,False,False,False,False,True,False,False,False,False,False,True,False,True,ALI+,1,0,0,"{""Declaration"":176,""SubClassOf"":181}",0,0,362,0,176,176,0,0,0,0,176,0,0,0,0,0,0,0,32966,0,0,0,0,0,0,181,0,0,0,1,0,0,0,358,0,0,0,0,0,0,0,181,181,0,0,0,0,
ore_ont_13664.owl,0,0,37692,37690,0,0,0,37698,0,0,1,0,37689,37690,2,0,1,0,0,0,True,False,SI,False,False,False,False,False,True,True,False,False,False,False,True,False,True,SI,1,0,0,"{""Declaration"":37695,""SubClassOf"":37683}",0,0,75370,0,37695,37695,0,0,0,0,37695,0,0,0,0,0,0,0,7387021,0,0,0,0,2,0,37683,0,0,2,2,0,0,0,75379,0,0,0,0,0,0,0,37683,37683,0,0,0,0,
ore_ont_1370.owl,0,0,70292,61709,0,13942,0,28754,0,0,0,0,61709,61709,2,0,1,0,9,0,True,False,SI,False,False,True,False,False,True,True,False,False,False,False,True,False,True,SI,1,243972,0,"{""ClassAssertion"":243972,""Declaration"":20986,""SubClassOf"":38375,""TransitiveObjectProperty"":2}",243972,0,332347,0,20986,20977,0,0,9,0,20977,0,243972,9,0,0,0,11625,26490123,0,0,0,0,0,0,282349,0,0,2,2,0,0,0,303336,0,0,2,0,0,0,0,38375,38375,2,0,0,0,
ore_ont_13752.owl,0,0,35516,30959,0,9110,0,11681,0,0,1,0,30958,30959,2,0,1,0,2,0,True,False,SHI,False,False,True,False,False,True,True,False,False,False,True,True,False,True,SHI,1,0,0,"{""Declaration"":7125,""SubClassOf"":17285,""SubObjectPropertyOf"":2}",0,0,45417,0,7125,7123,0,0,2,0,7123,0,0,2,0,0,0,10843,4494858,0,0,0,0,2,0,17287,0,0,2,2,0,0,0,24413,0,0,2,0,0,2,0,17285,17285,0,0,0,0,
ore_ont_13755.owl,0,0,10437,8929,0,3016,0,5869,0,0,0,0,8929,8929,2,0,1,0,2,0,True,False,ALEI+,False,False,True,False,False,True,False,False,False,False,False,True,False,True,ALEI+,1,315,0,"{""ClassAssertion"":315,""Declaration"":4363,""SubClassOf"":4402}",315,0,13352,0,4363,4361,0,0,2,0,4361,0,315,2,0,0,0,4233,990486,0,0,0,0,0,0,4717,0,0,2,2,0,0,0,9081,0,0,0,0,0,0,0,4402,4402,0,0,0,0,
ore_ont_13759.owl,1,0,183,174,0,0,0,153,0,1,2,0,172,174,2,0,1,0,17,0,False,False,SI,False,False,False,False,False,True,True,False,False,False,False,True,False,True,SI,1,0,0,"{""DataPropertyRange"":7,""Declaration"":159,""DisjointClasses"":2,""InverseObjectProperties"":5,""ObjectPropertyDomain"":4,""ObjectPropertyRange"":5,""SubClassOf"":131}",0,0,275,0,159,140,9,0,10,2,140,9,0,10,4,0,0,0,39925,0,0,0,0,0,0,154,0,0,0,1,0,0,0,314,0,12,21,0,0,0,0,131,133,0,0,0,0,
ore_ont_13762.owl,0,0,659,558,0,238,0,150,0,1,17,0,541,558,2,0,1,0,79,0,False,False,SHI,False,False,False,False,False,True,True,False,True,False,True,True,True,True,SHI,1,382,0,"{""ClassAssertion"":217,""Declaration"":89,""DisjointClasses"":1,""InverseObjectProperties"":11,""IrreflexiveObjectProperty"":16,""ObjectPropertyAssertion"":165,""ObjectPropertyDomain"":60,""ObjectPropertyRange"":19,""SubClassOf"":4,""SubObjectPropertyOf"":28}",217,0,306,0,89,11,0,0,78,1,11,0,115,78,60,0,0,0,149239,0,0,72,0,0,0,521,0,0,2,1,0,0,0,611,0,19,134,165,0,28,0,4,5,0,0,0,0,
ore_ont_13772.owl,0,0,474,474,0,0,0,159,0,0,0,0,474,474,1,0,1,0,180,0,True,False,ALHI+,False,False,False,False,False,True,False,False,False,False,True,True,False,True,ALHI+,1,44,0,"{""Declaration"":340,""ObjectPropertyAssertion"":44,""ObjectPropertyDomain"":158,""ObjectPropertyRange"":158,""SubObjectPropertyOf"":158}",0,0,316,0,340,159,0,0,181,0,159,0,40,181,158,0,0,0,103480,0,0,0,0,0,0,518,0,0,0,1,0,0,0,859,0,158,474,44,0,158,0,0,0,0,0,0,0,
ore_ont_13840.owl,0,0,13377,10547,0,1956,0,4948,0,0,0,0,10547,10547,2,0,1,0,4,0,True,False,SI,False,False,True,False,False,True,True,False,False,False,False,True,False,True,SI,1,5596,0,"{""ClassAssertion"":5596,""Declaration"":3049,""SubClassOf"":4832,""SymmetricObjectProperty"":1,""TransitiveObjectProperty"":2}",5596,0,17792,0,3049,3044,0,0,5,0,3044,0,5596,5,0,0,0,2532,1282845,0,0,0,0,0,0,10431,0,0,2,2,0,0,0,13481,0,0,3,0,0,0,0,4832,4832,2,0,0,0,
ore_ont_13852.owl,0,0,12343,12343,0,0,0,15318,0,0,0,0,12343,12343,1,0,1,0,0,0,True,False,ALI+,False,False,False,False,False,True,False,False,False,False,False,True,False,True,ALI+,1,1,0,"{""ClassAssertion"":1,""Declaration"":15318,""SubClassOf"":12342}",1,0,24685,0,15318,15318,0,0,0,0,15318,0,1,0,0,0,0,0,2275141,0,0,0,0,0,0,12343,0,0,0,1,0,0,0,27662,0,0,0,0,0,0,0,12342,12342,0,0,0,0,
ore_ont_13887.owl,0,0,609,610,0,0,0,599,0,1,0,0,610,610,1,0,1,0,11,0,True,False,ALI+,False,False,False,False,False,True,False,False,False,False,False,True,False,True,ALI+,1,36,0,"{""ClassAssertion"":36,""Declaration"":609,""ObjectPropertyDomain"":10,""ObjectPropertyRange"":2,""SubClassOf"":597}",36,0,1242,0,609,598,0,0,11,0,598,0,18,11,10,0,0,0,142189,0,0,0,0,0,0,645,0,0,0,1,0,0,0,1255,0,2,12,0,0,0,0,597,597,0,0,0,0,
ore_ont_13902.owl,0,0,97132,92545,0,9174,0,24923,0,0,0,0,92545,92545,2,0,1,0,1,0,True,False,ALEI+,False,False,True,False,False,True,False,False,False,False,False,True,False,True,ALEI+,1,0,0,"{""Declaration"":20337,""SubClassOf"":78784}",0,0,236352,0,20337,20336,0,0,1,0,20336,0,0,1,0,0,0,78784,15653289,0,0,0,0,0,0,78784,0,0,2,2,0,0,0,99122,0,0,0,0,0,0,0,78784,78784,0,0,0,0,
ore_ont_13912.owl,82,0,1038,675,0,144,0,221,2,1,82,44,601,673,5,6,6,0,57,0,False,False,SIF(D),False,True,True,True,False,True,True,False,False,False,False,True,False,True,SIF(D),1,1312,0,"{""ClassAssertion"":121,""DataPropertyAssertion"":974,""DataPropertyDomain"":41,""DataPropertyRange"":39,""Declaration"":88,""InverseFunctionalObjectProperty"":2,""InverseObjectProperties"":2,""ObjectPropertyAssertion"":217,""ObjectPropertyDomain"":16,""ObjectPropertyRange"":15,""SubClassOf"":57,""SymmetricObjectProperty"":2}",121,0,311,2,88,31,41,0,16,0,31,41,121,16,57,0,30,0,254843,0,0,0,0,0,2,1486,3,1,4,2,0,1,0,1575,0,54,117,1191,0,0,0,57,57,0,1,2,34,
ore_ont_13964.owl,0,0,60071,51685,0,16772,0,28955,0,0,0,0,51685,51685,2,0,1,0,1,0,True,False,ALEI+,False,False,True,False,False,True,False,False,False,False,False,True,False,True,ALEI+,1,0,0,"{""Declaration"":20570,""SubClassOf"":26527}",0,0,79581,0,20570,20569,0,0,1,0,20569,0,0,1,0,0,0,26527,6529932,0,0,0,0,0,0,26527,0,0,2,2,0,0,0,47098,0,0,0,0,0,0,0,26527,26527,0,0,0,0,
ore_ont_13969.owl,0,0,171133,158778,0,24710,0,91334,0,0,0,0,158778,158778,2,0,1,0,7,0,True,False,ALEHI+,False,False,True,False,False,True,False,False,False,False,True,True,False,True,ALEHI+,1,47114,0,"{""ClassAssertion"":47114,""Declaration"":78986,""SubClassOf"":121708,""SubObjectPropertyOf"":3,""TransitiveObjectProperty"":1}",47114,0,333264,0,78986,78979,0,0,7,0,78979,0,47114,7,0,0,0,42734,22866521,0,0,0,0,0,0,168826,0,0,2,2,0,0,0,247813,0,0,4,0,0,3,0,121708,121708,1,0,0,0,
ore_ont_14027.owl,0,0,12591,12591,0,0,0,15865,0,0,0,0,12591,12591,1,0,1,0,0,0,True,False,ALI+,False,False,False,False,False,True,False,False,False,False,False,True,False,True,ALI+,1,0,0,"{""Declaration"":15865,""SubClassOf"":12591}",0,0,25182,0,15865,15865,0,0,0,0,15865,0,0,0,0,0,0,0,2562163,0,0,0,0,0,0,12591,0,0,0,1,0,0,0,28457,0,0,0,0,0,0,0,12591,12591,0,0,0,0,
ore_ont_14031.owl,0,0,4150,3856,0,524,0,2221,0,0,1,0,3855,3856,2,0,1,0,11,0,True,False,SHI,False,False,True,False,False,True,True,False,False,False,True,True,False,True,SHI,1,0,0,"{""Declaration"":1937,""DisjointClasses"":32,""SubClassOf"":2935,""SubObjectPropertyOf"":6,""TransitiveObjectProperty"":2}",0,0,6325,0,1937,1926,0,0,11,32,1926,0,0,11,0,0,0,391,449513,0,0,0,0,0,0,2975,0,0,2,2,0,0,0,4913,0,0,8,0,0,6,0,2935,2967,2,0,0,0,
ore_ont_14042.owl,0,0,1633655,1331669,0,301780,0,743461,0,0,0,0,1331669,1331669,2,0,1,0,13,0,True,False,SI,False,False,True,False,False,True,True,False,False,False,False,True,False,True,SI,1,0,0,"{""Declaration"":517038,""SubClassOf"":652355,""TransitiveObjectProperty"":6}",0,0,1945833,0,517038,517023,0,0,15,0,517023,0,0,15,0,0,0,641123,159104159,0,0,0,0,0,0,652361,0,0,2,2,0,0,0,1169400,0,0,6,0,0,0,0,652355,652355,6,0,0,0,
ore_ont_14123.owl,0,0,3186,2848,0,370,0,1580,0,0,0,0,2848,2848,3,0,1,0,13,0,True,False,SI,False,False,True,False,False,True,True,False,False,False,False,True,False,True,SI,1,0,0,"{""Declaration"":1261,""SubClassOf"":1846}",0,0,4430,0,1261,1248,0,0,13,0,1248,0,0,13,0,0,0,438,311517,0,0,0,0,147,0,1846,0,0,3,2,0,0,0,3108,0,0,0,0,0,0,0,1846,1846,0,0,0,0,
ore_ont_14153.owl,0,0,3628,3337,0,50,0,1843,0,0,1,0,3336,3337,3,0,1,0,16,0,True,False,SHI,False,False,True,False,False,True,True,False,False,False,True,True,False,True,SHI,1,0,0,"{""Declaration"":1572,""DisjointClasses"":59,""EquivalentClasses"":199,""ObjectPropertyDomain"":11,""ObjectPropertyRange"":9,""SubClassOf"":1992,""SubObjectPropertyOf"":4,""TransitiveObjectProperty"":3}",0,0,5346,0,1572,1555,0,0,17,59,1555,0,0,17,11,199,0,426,397195,0,0,0,0,199,0,2277,0,0,3,3,0,0,0,3850,0,9,27,0,0,4,0,1992,2250,3,0,0,0,
ore_ont_14194.owl,0,0,8157,7466,0,1256,0,4555,0,1,1,0,7465,7466,2,0,1,0,524,0,True,False,SHOI,False,False,True,False,False,True,True,True,True,False,True,True,False,True,SHOI,1,2185,0,"{""ClassAssertion"":1230,""Declaration"":4251,""DifferentIndividuals"":78,""ObjectPropertyAssertion"":669,""SameIndividual"":208,""SubClassOf"":4774,""SubObjectPropertyOf"":467}",1230,0,11836,0,4251,3722,0,0,529,0,3722,0,1290,529,0,0,0,936,1446888,0,0,0,0,61,0,7426,0,0,2,2,2,0,242,11678,0,0,467,669,8,467,0,4774,4774,0,0,0,0,
ore_ont_1420.owl,0,0,243,204,0,80,0,82,0,1,0,0,204,204,2,0,1,0,36,0,True,False,SHI,False,False,True,False,False,True,True,False,False,False,True,True,False,True,SHI,1,0,0,"{""Declaration"":77,""SubClassOf"":77,""SubObjectPropertyOf"":4}",0,0,196,0,77,41,0,0,36,0,41,0,0,36,0,0,0,42,16681,0,0,0,0,0,0,81,0,0,2,2,0,0,0,159,0,0,4,0,0,4,0,77,77,0,0,0,0,
ore_ont_14216.owl,0,0,657554,513139,0,155922,0,163609,0,0,0,0,513139,513139,2,0,1,0,5,0,True,False,ALEI+,False,False,True,False,False,True,False,False,False,False,False,True,False,True,ALEI+,1,66454,0,"{""ClassAssertion"":66454,""Declaration"":19199,""SubClassOf"":79894}",66454,0,638406,0,19199,19194,0,0,5,0,19194,0,66454,5,0,0,0,279256,40865169,0,0,0,0,66454,0,146348,0,0,2,4,0,0,0,165548,0,0,0,0,0,0,0,79894,79894,0,0,0,0,
ore_ont_14273.owl,0,0,213,213,0,0,0,72,0,0,0,0,213,213,1,0,1,0,89,0,True,False,ALHI+,False,False,False,False,False,True,False,False,False,False,True,True,False,True,ALHI+,1,7,0,"{""Declaration"":162,""ObjectPropertyAssertion"":7,""ObjectPropertyDomain"":71,""ObjectPropertyRange"":71,""SubObjectPropertyOf"":71}",0,0,142,0,162,72,0,0,90,0,72,0,10,90,71,0,0,0,45485,0,0,0,0,0,0,220,0,0,0,1,0,0,0,383,0,71,213,7,0,71,0,0,0,0,0,0,0,
ore_ont_14280.owl,0,0,27627,23609,0,3682,0,10308,0,0,1,0,23608,23609,6,0,1,0,16,0,True,False,SHI,False,False,True,False,False,True,True,False,False,False,True,True,False,True,SHI,1,0,0,"{""Declaration"":6903,""DisjointClasses"":70,""EquivalentClasses"":969,""SubClassOf"":11274,""SubObjectPropertyOf"":6,""TransitiveObjectProperty"":3}",0,0,32329,0,6903,6885,0,0,18,70,6885,0,0,18,0,969,0,5711,2323922,0,0,0,0,969,0,12322,0,0,6,3,0,0,0,19226,0,0,9,0,0,6,0,11274,12313,3,0,0,0,
ore_ont_14312.owl,0,0,62940,58940,0,8000,0,31652,0,0,0,0,58940,58940,2,0,1,0,70,0,True,False,ALEI+,False,False,True,False,False,True,False,False,False,False,False,True,False,True,ALEI+,1,0,0,"{""Declaration"":27722,""ObjectPropertyDomain"":70,""ObjectPropertyRange"":70,""SubClassOf"":46800}",0,0,107701,0,27722,27652,0,0,70,0,27652,0,0,70,70,0,0,13961,11065462,0,0,0,0,0,0,46940,0,0,2,2,0,0,0,74663,0,70,140,0,0,0,0,46800,46800,0,0,0,0,
ore_ont_14327.owl,0,0,369,369,0,0,0,364,0,0,0,0,369,369,1,0,1,0,0,0,True,False,ALI+,False,False,False,False,False,True,False,False,False,False,False,True,False,True,ALI+,1,0,0,"{""Declaration"":364,""EquivalentClasses"":183,""SubClassOf"":3}",0,0,372,0,364,364,0,0,0,0,364,0,0,0,0,183,0,0,56355,0,0,0,0,0,0,186,0,0,0,1,0,0,0,551,0,0,0,0,0,0,0,3,186,0,0,0,0,
ore_ont_14375.owl,0,0,3854,2948,0,464,0,1102,0,1,0,1,2948,2948,4,0,1,0,13,0,False,False,SHIF,False,False,True,True,False,True,True,False,False,False,True,True,False,True,SHIF,1,47450,0,"{""ClassAssertion"":30915,""DataPropertyAssertion"":120,""Declaration"":428,""EquivalentClasses"":363,""FunctionalObjectProperty"":1,""InverseObjectProperties"":2,""ObjectPropertyAssertion"":16415,""ObjectPropertyDomain"":4,""ObjectPropertyRange"":4,""SubClassOf"":434,""SubObjectPropertyOf"":1,""TransitiveObjectProperty"":3}",30915,0,33818,0,428,404,1,0,23,0,404,1,8746,23,4,363,0,562,8085489,1,0,0,0,277,0,48262,0,0,3,8,0,0,0,48691,0,4,15,16535,0,1,0,434,797,3,0,183,0,
ore_ont_14450.owl,106,106,7098,6658,0,882,106,4538,106,107,106,0,6658,6552,2,2,2,0,508,0,False,False,SHOI,False,False,True,False,False,True,True,True,True,False,True,True,False,True,SHOI,1,1979,0,"{""ClassAssertion"":1232,""Declaration"":4506,""DifferentIndividuals"":78,""InverseObjectProperties"":27,""ObjectPropertyAssertion"":669,""SubClassOf"":4609,""SubObjectPropertyOf"":461}",1232,120,11021,0,4506,3990,0,0,516,0,3990,0,1291,516,0,0,0,451,1385373,0,0,0,0,0,0,7076,0,0,2,2,0,0,0,11583,0,0,488,669,0,461,0,4609,4609,0,0,0,0,
ore_ont_14459.owl,0,0,847755,847755,0,0,0,847760,0,0,0,0,847755,847755,1,0,1,0,0,0,True,False,ALI+,False,False,False,False,False,True,False,False,False,False,False,True,False,True,ALI+,1,0,0,"{""Declaration"":847760,""SubClassOf"":847755}",0,0,1695510,0,847760,847760,0,0,0,0,847760,0,0,0,0,0,0,0,153642871,0,0,0,0,0,0,847755,0,0,0,1,0,0,0,1695516,0,0,0,0,0,0,0,847755,847755,0,0,0,0,
ore_ont_14499.owl,0,0,9990,9990,0,0,0,9990,0,0,0,0,9990,9990,1,0,1,0,0,0,True,False,ALI+,False,False,False,False,False,True,False,False,False,False,False,True,False,True,ALI+,1,0,0,"{""Declaration"":9990,""EquivalentClasses"":4995}",0,0,9990,0,9990,9990,0,0,0,0,9990,0,0,0,0,4995,0,0,1951671,0,0,0,0,0,0,4995,0,0,0,1,0,0,0,14986,0,0,0,0,0,0,0,0,4995,0,0,0,0,
ore_ont_14508.owl,0,0,29604,29582,0,44,0,29560,0,0,0,0,29582,29582,2,0,1,0,1,0,True,False,ALEI+,False,False,True,False,False,True,False,False,False,False,False,True,False,True,ALEI+,1,0,0,"{""Declaration"":29539,""SubClassOf"":29516}",0,0,88548,0,29539,29538,0,0,1,0,29538,0,0,1,0,0,0,29516,8011535,0,0,0,0,0,0,29516,0,0,2,2,0,0,0,59056,0,0,0,0,0,0,0,29516,29516,0,0,0,0,
ore_ont_14518.owl,0,0,818,700,0,236,0,248,0,0,0,0,700,700,2,0,1,0,2,0,True,False,ALEI+,False,False,True,False,False,True,False,False,False,False,False,True,False,True,ALEI+,1,0,0,"{""Declaration"":133,""SubClassOf"":346,""TransitiveObjectProperty"":1}",0,0,913,0,133,130,0,0,3,0,130,0,0,3,0,0,0,221,73802,0,0,0,0,0,0,347,0,0,2,2,0,0,0,481,0,0,1,0,0,0,0,346,346,1,0,0,0,
ore_ont_14543.owl,0,0,64948,56788,0,5440,0,31284,0,0,0,0,56788,56788,2,0,1,0,1,0,True,False,SI,False,False,True,False,False,True,True,False,False,False,False,True,False,True,SI,1,98893,0,"{""ClassAssertion"":98893,""Declaration"":25845,""SubClassOf"":40464,""TransitiveObjectProperty"":1}",98893,0,184841,0,25845,25844,0,0,1,0,25844,0,98893,1,0,0,0,5020,13650022,0,0,0,0,0,0,139358,0,0,2,2,0,0,0,165204,0,0,1,0,0,0,0,40464,40464,1,0,0,0,
ore_ont_14574.owl,3,3,14384,13416,0,1936,3,3716,3,3,3,0,13416,13413,2,2,2,0,5,0,True,False,SI,False,False,True,False,False,True,True,False,False,False,False,True,False,True,SI,1,0,0,"{""Declaration"":2750,""SubClassOf"":10506}",0,4,28724,0,2750,2745,0,0,5,0,2745,0,0,5,0,0,0,7708,2009632,0,0,0,0,0,0,10506,0,0,2,2,0,0,0,13257,0,0,0,0,0,0,0,10506,10506,0,0,0,0,
ore_ont_14587.owl,0,0,13760,13760,0,0,0,10433,0,0,0,0,13760,13760,1,0,1,0,0,0,True,False,ALI+,False,False,False,False,False,True,False,False,False,False,False,True,False,True,ALI+,1,0,0,"{""Declaration"":10433,""SubClassOf"":13760}",0,0,27520,0,10433,10433,0,0,0,0,10433,0,0,0,0,0,0,0,2044086,0,0,0,0,0,0,13760,0,0,0,1,0,0,0,24194,0,0,0,0,0,0,0,13760,13760,0,0,0,0,
ore_ont_14607.owl,0,0,280217,274435,0,11564,0,25258,0,0,0,0,274435,274435,2,0,1,0,1,0,True,False,ALEI+,False,False,True,False,False,True,False,False,False,False,False,True,False,True,ALEI+,1,0,0,"{""Declaration"":19477,""SubClassOf"":257089}",0,0,771267,0,19477,19476,0,0,1,0,19476,0,0,1,0,0,0,257089,47325714,0,0,0,0,0,0,257089,0,0,2,2,0,0,0,276567,0,0,0,0,0,0,0,257089,257089,0,0,0,0,
ore_ont_1473.owl,0,0,1676,1676,0,0,0,1415,0,0,0,0,1676,1676,1,0,1,0,0,0,True,False,ALI+,False,False,False,False,False,True,False,False,False,False,False,True,False,True,ALI+,1,0,0,"{""Declaration"":1415,""SubClassOf"":1676}",0,0,3352,0,1415,1415,0,0,0,0,1415,0,0,0,0,0,0,0,248987,0,0,0,0,0,0,1676,0,0,0,1,0,0,0,3092,0,0,0,0,0,0,0,1676,1676,0,0,0,0,
ore_ont_148.owl,42,0,7278,6565,0,614,0,3858,3,1,44,19,6526,6562,7,2,3,0,534,0,False,True,SHOIN(D),False,True,True,True,False,True,True,True,True,False,True,True,False,True,SHOIN(D),1,2291,0,"{""ClassAssertion"":1273,""DataPropertyAssertion"":248,""DataPropertyDomain"":14,""DataPropertyRange"":18,""Declaration"":3598,""DifferentIndividuals"":76,""DisjointClasses"":57,""EquivalentClasses"":305,""EquivalentDataProperties"":4,""EquivalentObjectProperties"":44,""InverseObjectProperties"":12,""ObjectPropertyAssertion"":482,""ObjectPropertyDomain"":64,""ObjectPropertyRange"":166,""SameIndividual"":212,""SubClassOf"":3598,""SubObjectPropertyOf"":313,""SymmetricObjectProperty"":3,""TransitiveObjectProperty"":8}",1273,0,9853,20,3598,3063,32,0,503,57,3063,32,1212,503,78,305,11,95,1330870,0,0,247,0,0,0,6897,0,2,3,2,0,4,0,10496,0,184,646,730,0,317,0,3598,3960,8,2,317,15,
ore_ont_1481.owl,0,0,1856,1547,0,614,0,685,0,1,1,0,1546,1547,4,0,1,0,126,0,True,False,SOI,False,False,True,False,False,True,True,True,True,False,False,True,False,True,SOI,1,1302,0,"{""ClassAssertion"":382,""Declaration"":431,""DifferentIndividuals"":1,""ObjectPropertyAssertion"":919,""SubClassOf"":539}",382,0,1817,0,431,305,0,0,126,0,305,0,1063,126,0,0,0,353,450097,0,0,0,0,1,0,1841,0,0,4,2,0,0,75,2273,0,0,0,919,0,0,0,539,539,0,0,0,0,
ore_ont_14817.owl,13,13,319457,272558,0,50358,13,96282,97,13,86,184,272718,272461,7,4,4,0,152,0,False,False,SRIQ,True,False,True,False,False,True,True,False,False,True,True,False,False,True,SRIQ,1,0,0,"{""Declaration"":58522,""DisjointClasses"":60,""EquivalentClasses"":4293,""InverseObjectProperties"":10,""ObjectPropertyDomain"":11,""ObjectPropertyRange"":9,""SubClassOf"":151224,""SubObjectPropertyOf"":92,""SymmetricObjectProperty"":1,""TransitiveObjectProperty"":24}",0,0,386410,0,58522,58364,0,0,158,60,58364,0,0,158,11,4293,0,66034,25102486,0,0,0,0,4251,0,155724,37,2,5,7,2,37,0,214247,74,9,147,0,30,92,0,151224,155577,24,84,0,0,
ore_ont_14826.owl,0,0,536,448,0,158,0,179,0,1,1,0,447,448,3,0,1,0,66,0,True,False,SHI,False,False,True,False,False,True,True,False,False,False,True,True,False,True,SHI,1,0,0,"{""Declaration"":157,""SubClassOf"":149,""SubObjectPropertyOf"":16}",0,0,396,0,157,91,0,0,66,0,91,0,0,66,0,0,0,81,47333,0,0,0,0,7,0,165,0,0,3,2,0,0,0,323,0,0,16,0,0,16,0,149,149,0,0,0,0,
ore_ont_14840.owl,0,0,2402,2314,0,50,0,1642,0,0,1,0,2313,2314,2,0,1,0,11,0,True,False,SHI,False,False,True,False,False,True,True,False,False,False,True,True,False,True,SHI,1,0,0,"{""Declaration"":1567,""DisjointClasses"":59,""SubClassOf"":1992,""SubObjectPropertyOf"":4,""TransitiveObjectProperty"":3}",0,0,4327,0,1567,1555,0,0,12,59,1555,0,0,12,0,0,0,225,350507,0,0,0,0,0,0,2058,0,0,2,2,0,0,0,3626,0,0,7,0,0,4,0,1992,2051,3,0,0,0,
ore_ont_14848.owl,18,0,967,778,0,78,0,216,8,1,19,2,769,770,2,3,3,0,80,0,False,False,SHI,False,False,False,False,False,True,True,False,False,False,True,True,False,True,SHI,1,61,0,"{""ClassAssertion"":47,""DataPropertyDomain"":37,""DataPropertyRange"":31,""Declaration"":110,""DisjointClasses"":91,""InverseObjectProperties"":6,""ObjectPropertyAssertion"":14,""ObjectPropertyDomain"":43,""ObjectPropertyRange"":43,""SubClassOf"":15,""SubDataPropertyOf"":10,""SymmetricObjectProperty"":2,""TransitiveObjectProperty"":7}",47,0,409,0,110,30,37,0,43,91,30,37,47,43,80,0,0,0,50865,0,0,0,0,0,0,346,0,0,3,2,0,0,0,457,0,74,179,14,0,10,0,15,106,7,12,0,0,
ore_ont_14896.owl,21,0,7749,7029,0,598,0,4389,2,1,22,10,7009,7027,5,2,2,0,335,0,False,False,SHOIF(D),False,True,True,True,False,True,True,True,True,False,True,True,False,True,SHOIF(D),1,1686,0,"{""ClassAssertion"":1362,""DataPropertyDomain"":5,""DataPropertyRange"":18,""Declaration"":3871,""DifferentIndividuals"":84,""DisjointClasses"":63,""EquivalentClasses"":333,""EquivalentDataProperties"":4,""EquivalentObjectProperties"":40,""InverseObjectProperties"":16,""ObjectPropertyAssertion"":63,""ObjectPropertyDomain"":57,""ObjectPropertyRange"":156,""SameIndividual"":177,""SubClassOf"":4209,""SubObjectPropertyOf"":119,""SymmetricObjectProperty"":3,""TransitiveObjectProperty"":5}",1362,0,11274,17,3871,3534,29,0,308,63,3534,29,1285,308,62,333,5,114,1303121,0,0,278,0,0,0,6714,0,1,3,2,0,0,0,10586,0,174,423,63,0,123,0,4209,4605,5,2,366,5,
ore_ont_14901.owl,0,0,967,958,0,6,0,844,0,0,0,0,958,958,2,0,1,0,1,0,True,False,SI,False,False,True,False,False,True,True,False,False,False,False,True,False,True,SI,1,0,0,"{""Declaration"":839,""SubClassOf"":940,""TransitiveObjectProperty"":1}",0,0,1883,0,839,838,0,0,1,0,838,0,0,1,0,0,0,3,145222,0,0,0,0,0,0,941,0,0,2,2,0,0,0,1781,0,0,1,0,0,0,0,940,940,1,0,0,0,
ore_ont_14926.owl,0,0,239,239,0,0,0,240,0,0,0,0,239,239,1,0,1,0,0,0,True,False,ALI+,False,False,False,False,False,True,False,False,False,False,False,True,False,True,ALI+,1,0,0,"{""Declaration"":240,""SubClassOf"":239}",0,0,478,0,240,240,0,0,0,0,240,0,0,0,0,0,0,0,44988,0,0,0,0,0,0,239,0,0,0,1,0,0,0,480,0,0,0,0,0,0,0,239,239,0,0,0,0,
ore_ont_1493.owl,0,0,6585,6585,0,0,0,6584,0,0,0,0,6585,6585,1,0,1,0,0,0,True,False,ALI+,False,False,False,False,False,True,False,False,False,False,False,True,False,True,ALI+,1,0,0,"{""Declaration"":6584,""SubClassOf"":6585}",0,0,13170,0,6584,6584,0,0,0,0,6584,0,0,0,0,0,0,0,1139512,0,0,0,0,0,0,6585,0,0,0,1,0,0,0,13170,0,0,0,0,0,0,0,6585,6585,0,0,0,0,
ore_ont_14934.owl,0,0,87670,83948,0,6712,0,38286,0,0,1,0,83947,83948,3,0,1,0,33,0,True,False,SHI,False,False,True,False,False,True,True,False,False,False,True,True,False,True,SHI,1,0,0,"{""Declaration"":34675,""SubClassOf"":72980,""SubObjectPropertyOf"":28}",0,0,180040,0,34675,34641,0,0,34,0,34641,0,0,34,0,0,0,33612,13441283,0,0,0,0,226,0,73008,0,0,3,2,2,0,0,107684,0,0,28,0,9,28,0,72980,72980,0,0,0,0,
ore_ont_1494.owl,0,0,666,664,0,4,0,646,0,0,0,0,664,664,2,0,1,0,1,0,True,False,ALEI+,False,False,True,False,False,True,False,False,False,False,False,True,False,True,ALEI+,1,0,0,"{""Declaration"":646,""SubClassOf"":658,""TransitiveObjectProperty"":1}",0,0,1318,0,646,644,0,0,2,0,644,0,0,2,0,0,0,2,111799,0,0,0,0,0,0,659,0,0,2,2,0,0,0,1306,0,0,1,0,0,0,0,658,658,1,0,0,0,
ore_ont_1501.owl,0,0,31131,26434,0,9394,0,11496,0,0,0,0,26434,26434,2,0,1,0,6,0,True,False,ALEI+,False,False,True,False,False,True,False,False,False,False,False,True,False,True,ALEI+,1,0,0,"{""Declaration"":6805,""SubClassOf"":12343}",0,0,31765,0,6805,6799,0,0,6,0,6799,0,0,6,0,0,0,7079,2225580,0,0,0,0,0,0,12343,0,0,2,2,0,0,0,19149,0,0,0,0,0,0,0,12343,12343,0,0,0,0,
ore_ont_15059.owl,0,0,3682147,3546085,0,272124,0,278946,0,0,0,0,3546085,3546085,2,0,1,0,1,0,True,False,ALEI+,False,False,True,False,False,True,False,False,False,False,False,True,False,True,ALEI+,1,0,0,"{""Declaration"":142885,""SubClassOf"":3137899}",0,0,9413697,0,142885,142884,0,0,1,0,142884,0,0,1,0,0,0,3137899,576728615,0,0,0,0,0,0,3137899,0,0,2,2,0,0,0,3280785,0,0,0,0,0,0,0,3137899,3137899,0,0,0,0,
ore_ont_15068.owl,0,0,211,211,0,0,0,213,0,0,0,0,211,211,1,0,1,0,0,0,True,False,ALI+,False,False,False,False,False,True,False,False,False,False,False,True,False,True,ALI+,1,166,0,"{""ClassAssertion"":166,""Declaration"":213,""SubClassOf"":211}",166,0,588,0,213,213,0,0,0,0,213,0,166,0,0,0,0,0,79093,0,0,0,0,0,0,377,0,0,0,1,0,0,0,591,0,0,0,0,0,0,0,211,211,0,0,0,0,
ore_ont_15098.owl,0,0,283,279,0,10,0,216,0,1,0,0,279,279,2,0,1,0,7,0,False,False,SHI,False,False,True,False,False,True,True,False,False,False,True,True,False,True,SHI,1,12870,0,"{""ClassAssertion"":1398,""Declaration"":217,""InverseObjectProperties"":2,""ObjectPropertyAssertion"":11472,""SubClassOf"":255,""SubObjectPropertyOf"":4}",1398,0,1913,0,217,210,0,0,7,0,210,0,6916,7,0,0,0,5,2562927,0,0,0,0,0,0,13131,0,0,2,2,0,0,0,13349,0,0,6,11472,0,4,0,255,255,0,0,0,0,
ore_ont_15099.owl,0,0,33630,33623,0,14,0,33616,0,0,0,0,33623,33623,2,0,1,0,1,0,True,False,ALEI+,False,False,True,False,False,True,False,False,False,False,False,True,False,True,ALEI+,1,0,0,"{""Declaration"":33610,""SubClassOf"":33602}",0,0,100806,0,33610,33609,0,0,1,0,33609,0,0,1,0,0,0,33602,8468930,0,0,0,0,0,0,33602,0,0,2,2,0,0,0,67213,0,0,0,0,0,0,0,33602,33602,0,0,0,0,
ore_ont_15145.owl,0,0,98,98,0,0,0,88,0,0,0,0,98,98,1,0,1,0,0,0,True,False,ALI+,False,False,False,False,False,True,False,False,False,False,False,True,False,True,ALI+,1,0,0,"{""Declaration"":88,""SubClassOf"":98}",0,0,196,0,88,88,0,0,0,0,88,0,0,0,0,0,0,0,43564,0,0,0,0,0,0,98,0,0,0,1,0,0,0,187,0,0,0,0,0,0,0,98,98,0,0,0,0,
ore_ont_15152.owl,0,0,23662,18666,0,2396,0,7919,0,0,0,0,18666,18666,5,0,1,0,8,0,True,False,SI,False,False,True,False,False,True,True,False,False,False,False,True,False,True,SI,1,0,0,"{""Declaration"":3955,""EquivalentClasses"":2863}",0,0,16433,0,3955,3947,0,0,8,0,3947,0,0,8,0,2863,0,3922,1086595,0,0,0,0,2863,0,2863,0,0,5,3,0,0,0,6819,0,0,0,0,0,0,0,0,2863,0,0,0,0,
ore_ont_15172.owl,0,0,11925,11903,0,12,0,10308,0,0,1,0,11902,11903,2,0,1,0,4,0,True,False,SRI,True,False,True,False,False,True,True,False,False,False,True,False,False,True,SRI,1,108314,0,"{""ClassAssertion"":108314,""Declaration"":10298,""SubClassOf"":11848,""SubObjectPropertyOf"":9}",108314,0,132025,0,10298,10291,0,0,7,0,10291,0,108314,7,0,0,0,7,14271298,0,0,0,0,4,0,120171,0,0,2,2,2,0,0,130470,0,0,9,0,7,9,0,11848,11848,0,0,0,0,
ore_ont_15178.owl,0,0,37537,31422,0,12230,0,25307,0,0,0,0,31422,31422,2,0,1,0,1,0,True,False,ALEI+,False,False,True,False,False,True,False,False,False,False,False,True,False,True,ALEI+,1,0,0,"{""Declaration"":19193,""SubClassOf"":13077}",0,0,39231,0,19193,19192,0,0,1,0,19192,0,0,1,0,0,0,13077,4099747,0,0,0,0,0,0,13077,0,0,2,2,0,0,0,32271,0,0,0,0,0,0,0,13077,13077,0,0,0,0,
ore_ont_15222.owl,0,0,4553,4517,0,72,0,4353,0,0,0,0,4517,4517,2,0,1,0,4,0,True,False,ALEI+,False,False,True,False,False,True,False,False,False,False,False,True,False,True,ALEI+,1,0,0,"{""Declaration"":4325,""SubClassOf"":4409,""TransitiveObjectProperty"":4}",0,0,8911,0,4325,4317,0,0,8,0,4317,0,0,8,0,0,0,93,765264,0,0,0,0,0,0,4413,0,0,2,2,0,0,0,8739,0,0,4,0,0,0,0,4409,4409,4,0,0,0,
ore_ont_15231.owl,0,0,1265,990,0,266,0,346,0,0,0,0,990,990,2,0,1,0,2,0,True,False,SI,False,False,True,False,False,True,True,False,False,False,False,True,False,True,SI,1,537,0,"{""ClassAssertion"":537,""Declaration"":144,""SubClassOf"":375,""TransitiveObjectProperty"":1}",537,0,1525,0,144,142,0,0,2,0,142,0,537,2,0,0,0,238,110230,0,0,0,0,0,0,913,0,0,2,2,0,0,0,1058,0,0,1,0,0,0,0,375,375,1,0,0,0,
ore_ont_15260.owl,0,0,32477,28611,0,5046,0,10776,0,0,1,0,28610,28611,2,0,1,0,27,0,True,False,SHI,False,False,True,False,False,True,True,False,False,False,True,True,False,True,SHI,1,0,0,"{""Declaration"":7577,""DisjointClasses"":61,""SubClassOf"":18864,""SubObjectPropertyOf"":10,""TransitiveObjectProperty"":3}",0,0,46612,0,7577,7550,0,0,27,61,7550,0,0,27,0,0,0,8762,3196281,0,0,0,0,0,0,18938,0,0,2,2,0,0,0,26516,0,0,13,0,0,10,0,18864,18925,3,0,0,0,
ore_ont_15280.owl,0,0,2699398,2096850,0,626684,0,654497,0,0,0,0,2096850,2096850,2,0,1,0,4,0,True,False,ALEI+,False,False,True,False,False,True,False,False,False,False,False,True,False,True,ALEI+,1,289206,0,"{""ClassAssertion"":289206,""Declaration"":51953,""SubClassOf"":289206}",289206,0,2602854,0,51953,51949,0,0,4,0,51949,0,289206,4,0,0,0,1156824,167417960,0,0,0,0,289206,0,578412,0,0,2,4,0,0,0,630366,0,0,0,0,0,0,0,289206,289206,0,0,0,0,
ore_ont_15288.owl,238,0,1624,1072,0,118,0,276,15,1,239,48,866,1057,5,6,6,0,64,0,False,False,SHIF(D),False,True,True,True,False,True,True,False,False,False,True,True,False,True,SHIF(D),1,12601,0,"{""ClassAssertion"":2618,""DataPropertyAssertion"":4127,""DataPropertyDomain"":33,""DataPropertyRange"":33,""Declaration"":102,""DisjointClasses"":51,""ObjectPropertyAssertion"":5856,""ObjectPropertyDomain"":31,""ObjectPropertyRange"":31,""SubClassOf"":96,""SubObjectPropertyOf"":5,""TransitiveObjectProperty"":1}",2618,0,3057,1,102,38,33,0,31,51,38,33,2619,31,64,0,16,2,2568789,0,0,1,0,0,0,12882,29,1,6,3,0,6,0,12985,0,64,134,9983,0,5,0,96,147,1,15,6,51,
ore_ont_15292.owl,0,0,4246,3983,0,174,0,2041,0,0,1,0,3982,3983,2,0,1,0,3,0,True,False,SI,False,False,True,False,False,True,True,False,False,False,False,True,False,True,SI,1,0,0,"{""Declaration"":1868,""SubClassOf"":3454,""SubObjectPropertyOf"":4}",0,0,7018,0,1868,1864,0,0,4,0,1864,0,0,4,0,0,0,106,464843,0,0,0,0,2,0,3458,0,0,2,2,2,0,0,5327,0,0,4,0,4,4,0,3454,3454,0,0,0,0,
ore_ont_15341.owl,0,0,13377,10547,0,1956,0,4948,0,0,0,0,10547,10547,2,0,1,0,4,0,True,False,SI,False,False,True,False,False,True,True,False,False,False,False,True,False,True,SI,1,5596,0,"{""ClassAssertion"":5596,""Declaration"":3049,""SubClassOf"":4832,""SymmetricObjectProperty"":1,""TransitiveObjectProperty"":2}",5596,0,17792,0,3049,3044,0,0,5,0,3044,0,5596,5,0,0,0,2532,1282787,0,0,0,0,0,0,10431,0,0,2,2,0,0,0,13481,0,0,3,0,0,0,0,4832,4832,2,0,0,0,
ore_ont_15388.owl,0,0,92930,81081,0,18554,0,36003,0,0,0,0,81081,81081,2,0,1,0,9,0,True,False,SI,False,False,True,False,False,True,True,False,False,False,False,True,False,True,SI,1,0,0,"{""Declaration"":25449,""SubClassOf"":49392,""TransitiveObjectProperty"":2}",0,0,114743,0,25449,25440,0,0,9,0,25440,0,0,9,0,0,0,15959,8595584,0,0,0,0,0,0,49394,0,0,2,2,0,0,0,74844,0,0,2,0,0,0,0,49392,49392,2,0,0,0,
ore_ont_15397.owl,0,0,1408,1404,0,6,0,611,0,0,0,0,1404,1404,2,0,1,0,2,0,True,False,SI,False,False,True,False,False,True,True,False,False,False,False,True,False,True,SI,1,0,0,"{""Declaration"":609,""SubClassOf"":1392}",0,0,2790,0,609,607,0,0,2,0,607,0,0,2,0,0,0,4,213781,0,0,0,0,1,0,1392,0,0,2,2,0,0,0,2002,0,0,0,0,0,0,0,1392,1392,0,0,0,0,
ore_ont_15399.owl,0,0,273,230,0,88,0,103,0,1,0,0,230,230,2,0,1,0,44,0,True,False,SI,False,False,True,False,False,True,True,False,False,False,False,True,False,True,SI,1,0,0,"{""Declaration"":102,""SubClassOf"":97}",0,0,238,0,102,58,0,0,44,0,58,0,0,44,0,0,0,44,22671,0,0,0,0,0,0,97,0,0,2,2,0,0,0,200,0,0,0,0,0,0,0,97,97,0,0,0,0,
ore_ont_15461.owl,6,0,790,500,0,88,0,189,0,1,7,47,493,500,5,0,1,0,69,0,False,False,SHIF(D),False,True,True,True,False,True,True,False,False,False,True,True,False,True,SHIF(D),1,1,0,"{""ClassAssertion"":1,""DataPropertyDomain"":26,""DataPropertyRange"":29,""Declaration"":108,""DisjointClasses"":1,""InverseObjectProperties"":1,""ObjectPropertyDomain"":33,""ObjectPropertyRange"":34,""SubClassOf"":93,""SubDataPropertyOf"":2,""SubObjectPropertyOf"":4}",1,0,288,0,108,39,31,0,38,1,39,31,1,38,59,0,18,0,48959,0,0,0,0,0,0,224,34,1,2,2,0,1,0,333,0,63,129,0,0,6,0,93,94,0,0,6,53,
ore_ont_15491.owl,0,0,40697,34471,0,4506,0,10172,10,0,1,0,34481,34461,25,3,3,0,22,0,True,False,SHI,False,False,True,False,False,True,True,False,False,False,True,True,False,True,SHI,1,0,0,"{""Declaration"":5464,""DisjointClasses"":42,""EquivalentClasses"":2359,""SubClassOf"":14083,""SubObjectPropertyOf"":5,""TransitiveObjectProperty"":4}",0,0,48802,0,5464,5440,0,0,24,42,5440,0,0,24,0,2359,0,9687,3342045,0,0,0,0,2349,0,16493,0,0,25,3,0,0,0,21958,0,0,9,0,0,5,0,14083,16484,4,10,0,0,
ore_ont_15516.owl,13,11,589,458,0,86,11,175,17,15,44,62,466,441,11,7,10,0,16,0,False,False,SHIQ(D),False,True,True,True,False,True,True,False,True,True,True,True,True,True,SHIQ(D),1,733,0,"{""ClassAssertion"":270,""DLSafeRule"":2,""DataPropertyAssertion"":49,""Declaration"":113,""DifferentIndividuals"":1,""DisjointClasses"":8,""EquivalentClasses"":21,""InverseObjectProperties"":6,""NegativeObjectPropertyAssertion"":5,""ObjectPropertyAssertion"":408,""ObjectPropertyDomain"":2,""ObjectPropertyRange"":3,""SubClassOf"":76,""SubObjectPropertyOf"":6}",270,44,666,1,113,84,6,0,23,8,84,6,171,23,2,21,15,46,200879,0,0,0,0,24,0,857,0,4,7,6,0,3,1,971,18,3,17,462,0,6,2,76,105,0,5,0,0,0
ore_ont_15536.owl,0,0,6477,4869,0,884,0,1814,0,1,0,1,4869,4869,4,0,1,0,14,0,False,False,SHIF,False,False,True,True,False,True,True,False,False,False,True,True,False,True,SHIF,1,62706,0,"{""ClassAssertion"":39902,""DataPropertyAssertion"":92,""Declaration"":607,""EquivalentClasses"":495,""FunctionalObjectProperty"":1,""InverseObjectProperties"":2,""ObjectPropertyAssertion"":22712,""ObjectPropertyDomain"":4,""ObjectPropertyRange"":4,""SubClassOf"":588,""SubObjectPropertyOf"":1,""TransitiveObjectProperty"":3}",39902,0,44217,0,607,582,1,0,24,0,582,1,12026,24,4,495,0,911,10735544,1,0,0,0,489,0,63804,0,0,3,10,0,0,0,64412,0,4,15,22804,0,1,0,588,1083,3,0,249,0,
ore_ont_1555.owl,0,0,3661,3640,0,10,0,3580,0,1,1,0,3639,3640,2,0,1,0,24,0,True,False,SI,False,False,False,False,False,True,True,False,False,False,False,True,False,True,SI,1,7204,0,"{""ClassAssertion"":3622,""DataPropertyAssertion"":3582,""DataPropertyDomain"":5,""DataPropertyRange"":9,""Declaration"":3579,""DisjointClasses"":8,""ObjectPropertyDomain"":2,""ObjectPropertyRange"":13,""SubClassOf"":3552}",3622,0,10762,0,3579,3555,9,0,15,8,3555,9,3628,15,7,0,0,0,1434174,0,0,0,0,0,0,10793,0,0,0,1,0,0,0,14373,0,22,29,3582,0,0,0,3552,3560,0,0,0,0,
ore_ont_15576.owl,0,0,266,266,0,0,0,269,0,0,0,0,266,266,1,0,1,0,0,0,True,False,ALI+,False,False,False,False,False,True,False,False,False,False,False,True,False,True,ALI+,1,0,0,"{""Declaration"":269,""SubClassOf"":266}",0,0,532,0,269,269,0,0,0,0,269,0,0,0,0,0,0,0,44990,0,0,0,0,0,0,266,0,0,0,1,0,0,0,536,0,0,0,0,0,0,0,266,266,0,0,0,0,
ore_ont_1559.owl,0,0,3151029,2925744,0,450566,0,489308,0,0,1,0,2925743,2925744,2,0,1,0,19,0,True,False,SHI,False,False,True,False,False,True,True,False,False,False,True,True,False,True,SHI,1,0,0,"{""Declaration"":264042,""SubClassOf"":2249882,""SubObjectPropertyOf"":7}",0,0,6481438,0,264042,264022,0,0,20,0,264022,0,0,20,0,0,0,1981670,393840303,0,0,0,0,2,0,2249889,0,0,2,2,2,0,0,2513932,0,0,7,0,1,7,0,2249882,2249882,0,0,0,0,
ore_ont_15615.owl,0,0,9234,8467,0,1372,0,5407,0,1,1,0,8466,8467,2,0,1,0,342,0,True,False,SHOI,False,False,True,False,False,True,True,True,True,False,True,True,False,True,SHOI,1,1801,0,"{""ClassAssertion"":1405,""Declaration"":4829,""DifferentIndividuals"":93,""ObjectPropertyAssertion"":122,""SameIndividual"":181,""SubClassOf"":5744,""SubObjectPropertyOf"":282}",1405,0,14119,0,4829,4478,0,0,351,0,4478,0,1355,351,0,0,0,1092,1522487,0,0,0,0,67,0,7827,0,0,2,2,2,0,283,12657,0,0,282,122,5,282,0,5744,5744,0,0,0,0,
ore_ont_15672.owl,14,8,1180,928,0,174,8,303,10,9,32,27,916,918,10,2,11,0,34,0,False,True,SHOIN,False,False,True,False,False,True,True,True,True,False,True,True,False,True,SHOIN,1,49,0,"{""ClassAssertion"":31,""Declaration"":118,""DifferentIndividuals"":1,""DisjointClasses"":68,""EquivalentClasses"":24,""InverseObjectProperties"":15,""ObjectPropertyAssertion"":17,""ObjectPropertyDomain"":6,""ObjectPropertyRange"":6,""SubClassOf"":102,""SubObjectPropertyOf"":6,""SymmetricObjectProperty"":1,""TransitiveObjectProperty"":7}",31,3,626,0,118,82,0,0,36,68,82,0,16,36,6,24,0,81,70141,0,0,2,0,37,0,284,0,5,6,7,0,4,1,403,0,6,41,17,0,6,0,102,194,7,2,18,4,
ore_ont_15696.owl,0,0,106894,106894,0,0,0,106896,0,0,0,0,106894,106894,1,0,1,0,0,0,True,False,ALI+,False,False,False,False,False,True,False,False,False,False,False,True,False,True,ALI+,1,0,0,"{""Declaration"":106896,""SubClassOf"":106894}",0,0,213788,0,106896,106896,0,0,0,0,106896,0,0,0,0,0,0,0,17852490,0,0,0,0,0,0,106894,0,0,0,1,0,0,0,213791,0,0,0,0,0,0,0,106894,106894,0,0,0,0,
ore_ont_15703.owl,3,3,1727708,1727709,0,0,3,123319,3,4,4,0,1727708,1727706,2,2,2,0,0,0,True,False,SI,False,False,False,False,False,True,True,False,False,False,False,True,False,True,SI,1,0,0,"{""Declaration"":123314,""SubClassOf"":1727700}",0,4,3455404,0,123314,123314,0,0,0,0,123314,0,0,0,0,0,0,0,274783723,0,0,0,0,0,0,1727700,0,0,1,2,0,0,0,1851015,0,0,0,0,0,0,0,1727700,1727700,0,0,0,0,
ore_ont_15725.owl,0,0,5462,4175,0,658,0,1578,0,1,0,1,4175,4175,3,0,1,0,12,0,False,False,SHIF,False,False,True,True,False,True,True,False,False,False,True,True,False,True,SHIF,1,144582,0,"{""ClassAssertion"":93251,""DataPropertyAssertion"":617,""Declaration"":604,""EquivalentClasses"":531,""FunctionalObjectProperty"":1,""InverseObjectProperties"":2,""ObjectPropertyAssertion"":50714,""ObjectPropertyDomain"":4,""ObjectPropertyRange"":4,""SubClassOf"":583,""SubObjectPropertyOf"":1,""TransitiveObjectProperty"":3}",93251,0,97382,0,604,581,1,0,22,0,581,1,26781,22,4,531,0,818,24299011,1,0,0,0,407,0,145711,0,0,2,8,0,0,0,146316,0,4,15,51331,0,1,0,583,1114,3,0,263,0,
ore_ont_1579.owl,0,0,88749,67218,0,41926,0,44038,0,1,1,0,67217,67218,9,0,1,0,164,0,True,False,SROI,True,False,True,False,False,True,True,True,True,False,True,False,True,True,SROI,1,256444,0,"{""ClassAssertion"":111578,""Declaration"":22865,""DifferentIndividuals"":2,""ObjectPropertyAssertion"":78441,""SameIndividual"":66423,""SubClassOf"":2983,""SubObjectPropertyOf"":232}",111578,0,184870,0,22865,22697,0,0,168,0,22697,0,129647,168,0,0,0,66837,40329194,0,0,0,0,231,0,259659,0,0,9,2,2,0,0,282525,0,0,232,78441,55,232,0,2983,2983,0,0,0,0,
ore_ont_15790.owl,0,0,21307,21307,0,0,0,34944,0,0,0,0,21307,21307,1,0,1,0,0,0,True,False,ALI+,False,False,False,False,False,True,False,False,False,False,False,True,False,True,ALI+,1,0,0,"{""Declaration"":34944,""SubClassOf"":21307}",0,0,42614,0,34944,34944,0,0,0,0,34944,0,0,0,0,0,0,0,5593078,0,0,0,0,0,0,21307,0,0,0,1,0,0,0,56252,0,0,0,0,0,0,0,21307,21307,0,0,0,0,
ore_ont_15791.owl,0,0,339,304,0,72,0,116,0,1,0,0,304,304,2,0,1,0,66,0,False,False,SHI,False,False,True,False,False,True,True,False,False,False,True,True,False,True,SHI,1,35759,0,"{""ClassAssertion"":8997,""Declaration"":181,""InverseObjectProperties"":14,""ObjectPropertyAssertion"":26762,""SubClassOf"":115,""SubObjectPropertyOf"":49}",8997,0,9263,0,181,79,0,0,102,0,79,0,13668,102,0,0,0,36,7477539,0,0,0,0,0,0,35937,0,0,2,2,0,0,0,36119,0,0,63,26762,0,49,0,115,115,0,0,0,0,
ore_ont_15793.owl,0,0,34624,27729,0,13790,0,20756,0,0,0,0,27729,27729,2,0,1,0,1,0,True,False,ALEI+,False,False,True,False,False,True,False,False,False,False,False,True,False,True,ALEI+,1,0,0,"{""Declaration"":13862,""SubClassOf"":7044}",0,0,21132,0,13862,13861,0,0,1,0,13861,0,0,1,0,0,0,7044,2430218,0,0,0,0,0,0,7044,0,0,2,2,0,0,0,20907,0,0,0,0,0,0,0,7044,7044,0,0,0,0,
ore_ont_15803.owl,0,0,983209,904763,0,52266,0,450931,16,0,1,0,904799,904747,3,9,9,0,4,0,True,False,SOI,False,False,True,False,False,True,True,True,True,False,False,True,True,True,SOI,1,21,0,"{""ClassAssertion"":19,""Declaration"":398586,""DifferentIndividuals"":2,""DisjointClasses"":44,""EquivalentClasses"":26,""SubClassOf"":747630,""SubObjectPropertyOf"":3,""TransitiveObjectProperty"":1}",19,0,1842490,0,398586,398583,0,0,3,44,398583,0,19,3,0,26,0,347005,132287537,0,0,0,0,11,0,747725,0,0,9,3,0,0,19,1146312,0,0,4,0,0,3,0,747630,747700,1,13,0,0,
ore_ont_15846.owl,0,0,88333,66855,0,41864,0,43812,5,1,1,2,66870,66850,3,9,9,0,111,0,False,False,SROIF,True,False,True,True,False,True,True,True,True,False,True,False,True,True,SROIF,1,256427,0,"{""ClassAssertion"":111561,""Declaration"":22595,""DifferentIndividuals"":2,""DisjointClasses"":5,""EquivalentClasses"":223,""FunctionalObjectProperty"":2,""InverseObjectProperties"":23,""ObjectPropertyAssertion"":78441,""ObjectPropertyDomain"":33,""ObjectPropertyRange"":23,""SameIndividual"":66423,""SubClassOf"":2251,""SubObjectPropertyOf"":108,""SymmetricObjectProperty"":5,""TransitiveObjectProperty"":22}",111561,0,183701,0,22595,22478,0,0,117,5,22478,0,129647,117,33,223,0,66650,40243912,2,0,0,0,219,0,259122,0,0,9,3,2,0,18,281718,0,23,216,78441,33,108,0,2251,2479,22,9,4,0,
ore_ont_15860.owl,0,0,2128,2127,0,2,0,1700,0,0,0,0,2127,2127,2,0,1,0,1,0,True,False,SOI,False,False,True,False,False,True,True,True,True,False,False,True,False,True,SOI,1,545,0,"{""ClassAssertion"":516,""Declaration"":1700,""DifferentIndividuals"":29,""SubClassOf"":2124}",516,0,4767,0,1700,1699,0,0,1,0,1699,0,260,1,0,0,0,3,544026,0,0,0,0,0,0,2669,0,0,2,2,0,0,0,4370,0,0,0,0,0,0,0,2124,2124,0,0,0,0,
ore_ont_15882.owl,0,0,333,333,0,0,0,334,0,0,0,0,333,333,1,0,1,0,0,0,True,False,ALI+,False,False,False,False,False,True,False,False,False,False,False,True,False,True,ALI+,1,0,0,"{""Declaration"":334,""SubClassOf"":333}",0,0,666,0,334,334,0,0,0,0,334,0,0,0,0,0,0,0,72039,0,0,0,0,0,0,333,0,0,0,1,0,0,0,668,0,0,0,0,0,0,0,333,333,0,0,0,0,
ore_ont_15917.owl,0,0,13382,10560,0,1948,0,4916,0,0,0,0,10560,10560,2,0,1,0,3,0,True,False,SI,False,False,True,False,False,True,True,False,False,False,False,True,False,True,SI,1,5474,0,"{""ClassAssertion"":5474,""Declaration"":3022,""SubClassOf"":4863,""SymmetricObjectProperty"":1,""TransitiveObjectProperty"":2}",5474,0,17790,0,3022,3018,0,0,4,0,3018,0,5474,4,0,0,0,2590,1277580,0,0,0,0,0,0,10340,0,0,2,2,0,0,0,13363,0,0,3,0,0,0,0,4863,4863,2,0,0,0,
ore_ont_15929.owl,0,0,205897,181186,0,37834,0,66085,0,0,0,0,181186,181186,2,0,1,0,9,0,True,False,SI,False,False,True,False,False,True,True,False,False,False,False,True,False,True,SI,1,0,0,"{""Declaration"":44280,""SubClassOf"":115744,""TransitiveObjectProperty"":2}",0,0,277489,0,44280,44271,0,0,9,0,44271,0,0,9,0,0,0,46001,18104594,0,0,0,0,0,0,115746,0,0,2,2,0,0,0,160027,0,0,2,0,0,0,0,115744,115744,2,0,0,0,
ore_ont_15932.owl,0,0,14050,11446,0,5208,0,7556,0,0,0,0,11446,11446,2,0,1,0,1,0,True,False,ALEI+,False,False,True,False,False,True,False,False,False,False,False,True,False,True,ALEI+,1,0,0,"{""Declaration"":4953,""SubClassOf"":3634}",0,0,10902,0,4953,4952,0,0,1,0,4952,0,0,1,0,0,0,3634,1004359,0,0,0,0,0,0,3634,0,0,2,2,0,0,0,8588,0,0,0,0,0,0,0,3634,3634,0,0,0,0,
ore_ont_15944.owl,0,0,13319,11354,0,1710,0,5089,0,0,0,0,11354,11354,2,0,1,0,4,0,True,False,SHI,False,False,True,False,False,True,True,False,False,False,True,True,False,True,SHI,1,0,0,"{""Declaration"":3683,""SubClassOf"":7122,""SubObjectPropertyOf"":2,""TransitiveObjectProperty"":1}",0,0,17407,0,3683,3679,0,0,4,0,3679,0,0,4,0,0,0,3163,1181325,0,0,0,0,0,0,7125,0,0,2,2,0,0,0,10809,0,0,3,0,0,2,0,7122,7122,1,0,0,0,
ore_ont_15950.owl,0,0,2632,2458,0,116,0,1996,0,0,0,0,2458,2458,2,0,1,0,1,0,True,False,SI,False,False,True,False,False,True,True,False,False,False,False,True,False,True,SI,1,0,0,"{""Declaration"":1881,""SubClassOf"":2110,""TransitiveObjectProperty"":1}",0,0,4334,0,1881,1880,0,0,1,0,1880,0,0,1,0,0,0,114,394841,0,0,0,0,0,0,2111,0,0,2,2,0,0,0,3993,0,0,1,0,0,0,0,2110,2110,1,0,0,0,
ore_ont_15968.owl,0,0,11393,9238,0,1164,0,3672,0,0,0,0,9238,9238,5,0,1,0,11,0,True,False,SI,False,False,True,False,False,True,True,False,False,False,False,True,False,True,SI,1,0,0,"{""Declaration"":2178,""SubClassOf"":4073}",0,0,12881,0,2178,2167,0,0,11,0,2167,0,0,11,0,0,0,2187,943232,0,0,0,0,941,0,4073,0,0,5,2,0,0,0,6252,0,0,0,0,0,0,0,4073,4073,0,0,0,0,
ore_ont_15976.owl,0,0,428520,369311,0,40882,0,153037,0,0,1,0,369310,369311,3,0,1,0,95,0,True,False,SHI,False,False,True,False,False,True,True,False,False,False,True,True,False,True,SHI,1,0,0,"{""Declaration"":113069,""SubClassOf"":249019,""SubObjectPropertyOf"":95}",0,0,660325,0,113069,112969,0,0,100,0,112969,0,0,100,0,0,0,161271,51643951,0,0,0,0,500,0,249114,0,0,3,2,2,0,0,362184,0,0,95,0,21,95,0,249019,249019,0,0,0,0,
ore_ont_15985.owl,0,0,1446,1428,0,36,0,1206,0,0,0,0,1428,1428,2,0,1,0,1,0,True,False,ALEI+,False,False,True,False,False,True,False,False,False,False,False,True,False,True,ALEI+,1,0,0,"{""Declaration"":1189,""SubClassOf"":1374}",0,0,2787,0,1189,1188,0,0,1,0,1188,0,0,1,0,0,0,39,216653,0,0,0,0,0,0,1374,0,0,2,2,0,0,0,2564,0,0,0,0,0,0,0,1374,1374,0,0,0,0,
ore_ont_16008.owl,0,0,733098,733098,0,0,0,733100,0,0,0,0,733098,733098,1,0,1,0,0,0,True,False,ALI+,False,False,False,False,False,True,False,False,False,False,False,True,False,True,ALI+,1,0,0,"{""Declaration"":733100,""SubClassOf"":733098}",0,0,1466196,0,733100,733100,0,0,0,0,733100,0,0,0,0,0,0,0,132673984,0,0,0,0,0,0,733098,0,0,0,1,0,0,0,1466199,0,0,0,0,0,0,0,733098,733098,0,0,0,0,
ore_ont_1603.owl,4,4,3549,2937,0,396,4,978,40,5,13,22,2974,2897,7,3,3,0,215,0,False,True,SHIN,False,False,True,True,False,True,True,False,False,False,True,True,False,True,SHIN,1,0,0,"{""Declaration"":564,""DisjointClasses"":21,""FunctionalObjectProperty"":1,""InverseFunctionalObjectProperty"":1,""InverseObjectProperties"":101,""ObjectPropertyDomain"":188,""ObjectPropertyRange"":190,""SubClassOf"":960,""SubObjectPropertyOf"":207,""TransitiveObjectProperty"":6}",0,4,3100,0,564,349,0,0,215,21,349,0,0,215,188,0,12,185,443258,1,0,0,0,0,1,1675,0,2,3,3,0,9,0,2240,0,190,694,0,0,207,0,960,981,6,77,406,21,
ore_ont_16076.owl,0,0,190,189,0,2,0,190,0,0,0,0,189,189,2,0,1,0,1,0,True,False,ALEI+,False,False,True,False,False,True,False,False,False,False,False,True,False,True,ALEI+,1,0,0,"{""Declaration"":190,""SubClassOf"":186}",0,0,373,0,190,189,0,0,1,0,189,0,0,1,0,0,0,1,30312,0,0,0,0,0,0,186,0,0,2,2,0,0,0,377,0,0,0,0,0,0,0,186,186,0,0,0,0,
ore_ont_16114.owl,0,0,13885,13885,0,0,0,18437,0,0,0,0,13885,13885,1,0,1,0,0,0,True,False,ALI+,False,False,False,False,False,True,False,False,False,False,False,True,False,True,ALI+,1,0,0,"{""Declaration"":18437,""SubClassOf"":13885}",0,0,27770,0,18437,18437,0,0,0,0,18437,0,0,0,0,0,0,0,2836947,0,0,0,0,0,0,13885,0,0,0,1,0,0,0,32323,0,0,0,0,0,0,0,13885,13885,0,0,0,0,
ore_ont_16167.owl,18,0,353,270,0,40,0,98,6,2,18,22,259,264,2,3,3,0,47,0,False,True,SHIN(D),False,True,True,True,False,True,True,False,False,False,True,True,False,True,SHIN(D),1,0,0,"{""DataPropertyDomain"":17,""DataPropertyRange"":16,""Declaration"":86,""FunctionalDataProperty"":10,""FunctionalObjectProperty"":10,""InverseObjectProperties"":1,""ObjectPropertyDomain"":24,""ObjectPropertyRange"":24,""SubClassOf"":36,""SubObjectPropertyOf"":4}",0,0,159,0,86,39,17,0,30,0,39,17,0,30,41,0,0,0,31789,20,0,0,0,0,0,142,0,0,3,3,0,1,0,229,0,40,106,0,0,4,0,36,36,0,6,8,1,
ore_ont_1618.owl,2,0,522,423,0,108,0,139,0,1,3,0,420,423,2,0,1,0,37,0,False,False,SI(D),False,True,True,False,False,True,True,False,False,False,False,True,False,True,SI(D),1,0,0,"{""DataPropertyDomain"":14,""DataPropertyRange"":23,""Declaration"":72,""DisjointClasses"":1,""InverseObjectProperties"":3,""ObjectPropertyDomain"":11,""ObjectPropertyRange"":13,""SubClassOf"":79}",0,0,224,30,72,35,23,0,14,1,35,23,0,14,25,0,0,50,34364,0,0,0,0,0,0,144,0,1,3,2,0,1,0,217,1,36,64,0,0,0,0,79,80,0,0,0,0,
ore_ont_16299.owl,3,3,11947,11946,0,2,3,12155,3,3,3,0,11946,11943,2,2,2,0,1,0,True,False,SI,False,False,True,False,False,True,True,False,False,False,False,True,False,True,SI,1,0,0,"{""Declaration"":12152,""SubClassOf"":11937}",0,4,23950,0,12152,12151,0,0,1,0,12151,0,0,1,0,0,0,72,2048901,0,0,0,0,0,0,11937,0,0,2,2,0,0,0,24090,0,0,0,0,0,0,0,11937,11937,0,0,0,0,
ore_ont_16303.owl,24,24,15025,13404,0,3244,24,5866,24,25,25,0,13403,13380,2,2,2,0,148,0,False,False,SHOI,False,False,True,False,False,True,True,True,True,False,True,True,True,True,SHOI,1,185,0,"{""ClassAssertion"":163,""Declaration"":4374,""DifferentIndividuals"":2,""InverseObjectProperties"":42,""ObjectPropertyAssertion"":20,""SubClassOf"":8248,""SubObjectPropertyOf"":147}",163,44,20028,0,4374,4218,0,0,156,0,4218,0,151,156,0,0,0,3325,1386978,0,0,0,0,0,0,8622,0,0,2,2,0,0,0,12997,0,0,189,20,0,147,0,8248,8248,0,0,0,0,
ore_ont_16312.owl,0,0,1351,1348,0,6,0,1195,0,0,0,0,1348,1348,2,0,1,0,1,0,True,False,ALEI+,False,False,True,False,False,True,False,False,False,False,False,True,False,True,ALEI+,1,0,0,"{""Declaration"":1197,""SubClassOf"":1339,""TransitiveObjectProperty"":4}",0,0,2711,0,1197,1192,0,0,5,0,1192,0,0,5,0,0,0,33,203646,0,0,0,0,0,0,1343,0,0,2,2,0,0,0,2541,0,0,4,0,0,0,0,1339,1339,4,0,0,0,
ore_ont_16351.owl,0,0,203,178,0,52,0,97,0,1,0,0,178,178,2,0,1,0,26,0,True,False,SI,False,False,True,False,False,True,True,False,False,False,False,True,False,True,SI,1,0,0,"{""Declaration"":96,""SubClassOf"":98}",0,0,222,0,96,70,0,0,26,0,70,0,0,26,0,0,0,26,24445,0,0,0,0,0,0,98,0,0,2,2,0,0,0,195,0,0,0,0,0,0,0,98,98,0,0,0,0,
ore_ont_16444.owl,110,110,255155,230005,0,50302,110,84386,110,111,110,0,230005,229895,2,2,2,0,173,0,False,False,SHI,False,False,True,False,False,True,True,False,False,False,True,True,False,True,SHI,1,0,0,"{""Declaration"":59297,""InverseObjectProperties"":21,""SubClassOf"":154189,""SubObjectPropertyOf"":104}",0,124,370215,0,59297,59124,0,0,173,0,59124,0,0,173,0,0,0,61713,24345383,0,0,0,0,0,0,154314,0,0,2,2,0,0,0,213612,0,0,125,0,0,104,0,154189,154189,0,0,0,0,
ore_ont_16461.owl,0,0,3477,2787,0,72,0,756,0,0,7,12,2786,2787,16,0,7,0,16,0,True,False,SHIQ,False,False,True,False,False,True,True,False,False,True,True,True,False,True,SHIQ,1,0,0,"{""Declaration"":107,""DisjointClasses"":1,""EquivalentClasses"":9,""SubClassOf"":107,""SubObjectPropertyOf"":13}",0,0,336,0,107,91,0,0,16,1,91,0,0,16,0,9,0,49,31090,0,0,0,0,2,0,130,0,4,16,3,0,1,0,238,1,0,13,0,0,13,0,107,117,0,0,0,0,
ore_ont_16462.owl,0,0,554227,478452,0,71070,0,202031,5,1,1,2,478467,478447,3,9,9,0,111,0,False,False,SROIF,True,False,True,True,False,True,True,True,True,False,True,False,True,True,SROIF,1,2,0,"{""Declaration"":146328,""DifferentIndividuals"":2,""DisjointClasses"":5,""EquivalentClasses"":56863,""FunctionalObjectProperty"":2,""InverseObjectProperties"":23,""ObjectPropertyDomain"":33,""ObjectPropertyRange"":23,""SubClassOf"":197128,""SubObjectPropertyOf"":108,""SymmetricObjectProperty"":5,""TransitiveObjectProperty"":22}",0,0,642835,0,146328,146211,0,0,117,5,146211,0,18,117,33,56863,0,134167,50530513,2,0,0,0,291,0,254214,0,0,9,3,2,0,18,400543,0,23,216,0,33,108,0,197128,253996,22,9,4,0,
ore_ont_16501.owl,0,0,1494,1233,0,390,0,421,0,0,0,0,1233,1233,2,0,1,0,3,0,True,False,SHI,False,False,True,False,False,True,True,False,False,False,True,True,False,True,SHI,1,0,0,"{""Declaration"":196,""SubClassOf"":548,""SubObjectPropertyOf"":1,""TransitiveObjectProperty"":2}",0,0,1452,0,196,193,0,0,3,0,193,0,0,3,0,0,0,356,96842,0,0,0,0,0,0,551,0,0,2,2,0,0,0,748,0,0,3,0,0,1,0,548,548,2,0,0,0,
ore_ont_16558.owl,0,0,13325,11360,0,1710,0,5089,0,0,0,0,11360,11360,2,0,1,0,4,0,True,False,SHI,False,False,True,False,False,True,True,False,False,False,True,True,False,True,SHI,1,0,0,"{""Declaration"":3683,""SubClassOf"":7128,""SubObjectPropertyOf"":2,""TransitiveObjectProperty"":1}",0,0,17419,0,3683,3679,0,0,4,0,3679,0,0,4,0,0,0,3163,1192172,0,0,0,0,0,0,7131,0,0,2,2,0,0,0,10815,0,0,3,0,0,2,0,7128,7128,1,0,0,0,
ore_ont_16559.owl,0,0,60579,54888,0,11382,0,13189,0,0,0,0,54888,54888,2,0,1,0,1,0,True,False,ALEI+,False,False,True,False,False,True,False,False,False,False,False,True,False,True,ALEI+,1,0,0,"{""Declaration"":7499,""SubClassOf"":37815}",0,0,113445,0,7499,7498,0,0,1,0,7498,0,0,1,0,0,0,37815,6925867,0,0,0,0,0,0,37815,0,0,2,2,0,0,0,45315,0,0,0,0,0,0,0,37815,37815,0,0,0,0,
ore_ont_16596.owl,0,0,428036,368829,0,40882,0,152878,0,0,1,0,368828,368829,3,0,1,0,89,0,True,False,SHI,False,False,True,False,False,True,True,False,False,False,True,True,False,True,SHI,1,0,0,"{""Declaration"":112907,""DisjointClasses"":5,""EquivalentClasses"":493,""SubClassOf"":247562,""SubObjectPropertyOf"":64,""SymmetricObjectProperty"":5,""TransitiveObjectProperty"":21}",0,0,658241,0,112907,112812,0,0,95,5,112812,0,0,95,0,493,0,161119,51515698,0,0,0,0,493,0,248150,0,0,3,3,0,0,0,361058,0,0,90,0,0,64,0,247562,248060,21,0,0,0,
ore_ont_16619.owl,0,0,45239,37326,0,3234,0,9966,0,0,1,0,37325,37326,8,0,1,0,30,0,True,False,SHI,False,False,True,False,False,True,True,False,False,False,True,True,False,True,SHI,1,0,0,"{""Declaration"":5708,""DisjointClasses"":2,""EquivalentClasses"":2660,""SubClassOf"":15518,""SubObjectPropertyOf"":5,""TransitiveObjectProperty"":5}",0,0,58356,0,5708,5677,0,0,31,2,5677,0,0,31,0,2660,0,13060,3570265,0,0,0,0,2660,0,18190,0,0,8,3,0,0,0,23899,0,0,10,0,0,5,0,15518,18180,5,0,0,0,
ore_ont_16626.owl,0,0,346,337,0,18,0,299,0,0,0,0,337,337,2,0,1,0,3,0,True,False,ALEI+,False,False,True,False,False,True,False,False,False,False,False,True,False,True,ALEI+,1,0,0,"{""Declaration"":296,""SubClassOf"":310,""TransitiveObjectProperty"":3}",0,0,638,0,296,290,0,0,6,0,290,0,0,6,0,0,0,18,52265,0,0,0,0,0,0,313,0,0,2,2,0,0,0,610,0,0,3,0,0,0,0,310,310,3,0,0,0,
ore_ont_1666.owl,0,0,25472,21833,0,7278,0,9585,0,0,0,0,21833,21833,2,0,1,0,2,0,True,False,ALEI+,False,False,True,False,False,True,False,False,False,False,False,True,False,True,ALEI+,1,0,0,"{""Declaration"":5948,""SubClassOf"":10916}",0,0,29108,0,5948,5946,0,0,2,0,5946,0,0,2,0,0,0,7276,2449741,0,0,0,0,0,0,10916,0,0,2,2,0,0,0,16865,0,0,0,0,0,0,0,10916,10916,0,0,0,0,
ore_ont_16684.owl,0,0,45489,45482,0,14,0,45475,0,0,0,0,45482,45482,2,0,1,0,1,0,True,False,ALEI+,False,False,True,False,False,True,False,False,False,False,False,True,False,True,ALEI+,1,0,0,"{""Declaration"":45469,""SubClassOf"":45461}",0,0,136383,0,45469,45468,0,0,1,0,45468,0,0,1,0,0,0,45461,11432180,0,0,0,0,0,0,45461,0,0,2,2,0,0,0,90931,0,0,0,0,0,0,0,45461,45461,0,0,0,0,
ore_ont_16687.owl,0,0,32313,32313,0,0,0,32324,0,0,0,0,32313,32313,1,0,1,0,0,0,True,False,ALI+,False,False,False,False,False,True,False,False,False,False,False,True,False,True,ALI+,1,0,0,"{""Declaration"":32324,""SubClassOf"":32313}",0,0,64626,0,32324,32324,0,0,0,0,32324,0,0,0,0,0,0,0,6334426,0,0,0,0,0,0,32313,0,0,0,1,0,0,0,64638,0,0,0,0,0,0,0,32313,32313,0,0,0,0,
ore_ont_16730.owl,0,0,567,567,0,0,0,512,0,0,0,0,567,567,1,0,1,0,0,0,True,False,ALI+,False,False,False,False,False,True,False,False,False,False,False,True,False,True,ALI+,1,0,0,"{""Declaration"":512,""SubClassOf"":567}",0,0,1134,0,512,512,0,0,0,0,512,0,0,0,0,0,0,0,91481,0,0,0,0,0,0,567,0,0,0,1,0,0,0,1080,0,0,0,0,0,0,0,567,567,0,0,0,0,
ore_ont_16744.owl,0,0,4908892,4227742,0,272460,0,551574,0,0,0,0,4227742,4227742,2,0,1,0,8,0,True,False,SRI,True,False,True,False,False,True,True,False,False,False,True,False,True,True,SRI,1,0,0,"{""Declaration"":142892,""InverseObjectProperties"":1,""SubClassOf"":3137899,""SubObjectPropertyOf"":4,""SymmetricObjectProperty"":1,""TransitiveObjectProperty"":2}",0,0,9413697,0,142892,142884,0,0,8,0,142884,0,0,8,0,0,0,3137899,576729915,0,0,0,0,0,0,3137907,0,0,2,2,2,0,0,3280800,0,0,8,0,1,4,0,3137899,3137899,2,0,0,0,
ore_ont_16777.owl,0,0,399,399,0,0,0,134,0,0,0,0,399,399,1,0,1,0,156,0,True,False,ALHI+,False,False,False,False,False,True,False,False,False,False,True,True,False,True,ALHI+,1,3,0,"{""Declaration"":291,""ObjectPropertyAssertion"":3,""ObjectPropertyDomain"":133,""ObjectPropertyRange"":133,""SubObjectPropertyOf"":133}",0,0,266,0,291,134,0,0,157,0,134,0,4,157,133,0,0,0,80170,0,0,0,0,0,0,402,0,0,0,1,0,0,0,694,0,133,399,3,0,133,0,0,0,0,0,0,0,
ore_ont_16821.owl,0,0,1023,1022,0,2,0,459,0,0,1,0,1021,1022,2,0,1,0,13,0,True,False,SHI,False,False,True,False,False,True,True,False,False,False,True,True,False,True,SHI,1,0,0,"{""Declaration"":493,""SubClassOf"":1010,""SubObjectPropertyOf"":23}",0,0,2021,0,493,457,0,0,36,0,457,0,0,36,0,0,0,1,191627,0,0,0,0,0,0,1033,0,0,2,2,2,0,0,1527,0,0,23,0,15,23,0,1010,1010,0,0,0,0,
ore_ont_178.owl,9,1,858,602,0,96,1,199,3,2,11,40,595,599,5,3,3,0,82,0,False,False,SHOIF(D),False,True,True,True,False,True,True,True,True,False,True,True,False,True,SHOIF(D),1,11,0,"{""ClassAssertion"":8,""DataPropertyAssertion"":3,""DataPropertyDomain"":17,""DataPropertyRange"":14,""Declaration"":130,""DisjointClasses"":9,""EquivalentClasses"":3,""EquivalentObjectProperties"":5,""FunctionalObjectProperty"":1,""InverseObjectProperties"":6,""ObjectPropertyDomain"":57,""ObjectPropertyRange"":53,""SubClassOf"":90,""SubDataPropertyOf"":2,""SubObjectPropertyOf"":7}",8,0,357,2,130,48,17,0,65,9,48,17,8,65,74,3,23,0,56088,1,0,5,0,1,0,275,13,1,3,2,0,1,0,406,0,67,162,3,0,9,0,90,102,0,1,15,37,
ore_ont_1790.owl,42,0,7145,6441,0,606,0,3777,3,1,44,19,6402,6438,7,2,3,0,532,0,False,True,SHOIN(D),False,True,True,True,False,True,True,True,True,False,True,True,False,True,SHOIN(D),1,2183,0,"{""ClassAssertion"":1230,""DataPropertyAssertion"":210,""DataPropertyDomain"":14,""DataPropertyRange"":18,""Declaration"":3526,""DifferentIndividuals"":76,""DisjointClasses"":57,""EquivalentClasses"":294,""EquivalentDataProperties"":4,""EquivalentObjectProperties"":44,""InverseObjectProperties"":12,""ObjectPropertyAssertion"":459,""ObjectPropertyDomain"":64,""ObjectPropertyRange"":165,""SameIndividual"":208,""SubClassOf"":3518,""SubObjectPropertyOf"":311,""SymmetricObjectProperty"":3,""TransitiveObjectProperty"":8}",1230,0,9617,20,3526,2993,32,0,501,57,2993,32,1174,501,78,294,11,91,1294861,0,0,242,0,0,0,6695,0,2,3,2,0,5,0,10222,0,183,643,669,0,315,0,3518,3869,8,2,311,16,
ore_ont_1793.owl,0,0,603,602,0,2,0,500,0,1,0,0,602,602,2,0,1,0,68,0,True,False,ALHI+,False,False,False,False,False,True,False,False,False,False,True,True,False,True,ALHI+,1,0,0,"{""DataPropertyDomain"":1,""DataPropertyRange"":1,""Declaration"":564,""ObjectPropertyDomain"":30,""ObjectPropertyRange"":26,""SubClassOf"":496,""SubDataPropertyOf"":3,""SubObjectPropertyOf"":40}",0,0,1049,0,564,496,4,0,64,0,496,4,0,64,31,0,0,0,108630,0,0,0,0,0,0,597,0,0,0,1,0,0,0,1162,0,27,101,0,0,43,0,496,496,0,0,0,0,
ore_ont_1902.owl,18,0,967,778,0,78,0,216,8,1,19,2,769,770,2,3,3,0,80,0,False,False,SHI,False,False,False,False,False,True,True,False,False,False,True,True,False,True,SHI,1,61,0,"{""ClassAssertion"":47,""DataPropertyDomain"":37,""DataPropertyRange"":31,""Declaration"":110,""DisjointClasses"":91,""InverseObjectProperties"":6,""ObjectPropertyAssertion"":14,""ObjectPropertyDomain"":43,""ObjectPropertyRange"":43,""SubClassOf"":15,""SubDataPropertyOf"":10,""SymmetricObjectProperty"":2,""TransitiveObjectProperty"":7}",47,0,409,0,110,30,37,0,43,91,30,37,47,43,80,0,0,0,50847,0,0,0,0,0,0,346,0,0,3,2,0,0,0,457,0,74,179,14,0,10,0,15,106,7,12,0,0,
ore_ont_1967.owl,0,0,273,230,0,88,0,103,0,1,0,0,230,230,2,0,1,0,44,0,True,False,SI,False,False,True,False,False,True,True,False,False,False,False,True,False,True,SI,1,0,0,"{""Declaration"":102,""SubClassOf"":97}",0,0,238,0,102,58,0,0,44,0,58,0,0,44,0,0,0,44,22671,0,0,0,0,0,0,97,0,0,2,2,0,0,0,200,0,0,0,0,0,0,0,97,97,0,0,0,0,
ore_ont_1970.owl,0,0,10238,10238,0,0,0,9987,0,0,0,0,10238,10238,1,0,1,0,0,0,True,False,ALI+,False,False,False,False,False,True,False,False,False,False,False,True,False,True,ALI+,1,0,0,"{""Declaration"":9987,""EquivalentClasses"":5119}",0,0,10238,0,9987,9987,0,0,0,0,9987,0,0,0,0,5119,0,0,1340876,0,0,0,0,0,0,5119,0,0,0,1,0,0,0,15107,0,0,0,0,0,0,0,0,5119,0,0,0,0,
ore_ont_2011.owl,0,0,1466,1466,0,0,0,1390,0,0,0,0,1466,1466,1,0,1,0,0,0,True,False,ALI+,False,False,False,False,False,True,False,False,False,False,False,True,False,True,ALI+,1,0,0,"{""Declaration"":1390,""SubClassOf"":1466}",0,0,2932,0,1390,1390,0,0,0,0,1390,0,0,0,0,0,0,0,239160,0,0,0,0,0,0,1466,0,0,0,1,0,0,0,2857,0,0,0,0,0,0,0,1466,1466,0,0,0,0,
ore_ont_2036.owl,0,0,280,237,0,88,0,108,0,1,0,0,237,237,2,0,1,0,44,0,True,False,SI,False,False,True,False,False,True,True,False,False,False,False,True,False,True,SI,1,5,0,"{""ClassAssertion"":5,""Declaration"":109,""SubClassOf"":89}",5,0,227,0,109,63,0,0,46,0,63,0,5,46,0,0,0,44,23727,0,0,0,0,0,0,94,0,0,2,2,0,0,0,204,0,0,0,0,0,0,0,89,89,0,0,0,0,
ore_ont_2046.owl,0,0,580494,450496,0,138992,0,140854,0,0,0,0,450496,450496,2,0,1,0,4,0,True,False,ALEI+,False,False,True,False,False,True,False,False,False,False,False,True,False,True,ALEI+,1,60502,0,"{""ClassAssertion"":60502,""Declaration"":10860,""SubClassOf"":60502}",60502,0,544518,0,10860,10856,0,0,4,0,10856,0,60502,4,0,0,0,242008,34641356,0,0,0,0,60502,0,121004,0,0,2,4,0,0,0,131865,0,0,0,0,0,0,0,60502,60502,0,0,0,0,
ore_ont_2066.owl,0,0,511,480,0,62,0,370,0,0,0,0,480,480,2,0,1,0,11,0,True,False,SOI,False,False,True,False,False,True,True,True,True,False,False,True,False,True,SOI,1,84,0,"{""ClassAssertion"":67,""Declaration"":351,""DifferentIndividuals"":2,""ObjectPropertyAssertion"":15,""SubClassOf"":387}",67,0,899,0,351,339,0,0,12,0,339,0,49,12,0,0,0,58,93226,0,0,0,0,0,0,471,0,0,2,2,0,0,0,823,0,0,0,15,0,0,0,387,387,0,0,0,0,
ore_ont_2105.owl,0,0,38635,36780,0,3710,0,9079,0,0,0,0,36780,36780,2,0,1,0,1,0,True,False,ALEI+,False,False,True,False,False,True,False,False,False,False,False,True,False,True,ALEI+,1,0,0,"{""Declaration"":7225,""SubClassOf"":31215}",0,0,93645,0,7225,7224,0,0,1,0,7224,0,0,1,0,0,0,31215,6092382,0,0,0,0,0,0,31215,0,0,2,2,0,0,0,38441,0,0,0,0,0,0,0,31215,31215,0,0,0,0,
ore_ont_2128.owl,0,0,12353,12351,0,0,0,15323,0,0,1,0,12350,12351,2,0,1,0,0,0,True,False,SI,False,False,False,False,False,True,True,False,False,False,False,True,False,True,SI,1,1,0,"{""ClassAssertion"":1,""Declaration"":15320,""SubClassOf"":12343}",1,0,24691,0,15320,15320,0,0,0,0,15320,0,1,0,0,0,0,0,2275450,0,0,0,0,2,0,12344,0,0,2,2,0,0,0,27665,0,0,0,0,0,0,0,12343,12343,0,0,0,0,
ore_ont_2129.owl,0,0,43678,31667,0,7150,0,12574,0,0,0,0,31667,31667,9,0,1,0,5,0,True,False,SI,False,False,True,False,False,True,True,False,False,False,False,True,False,True,SI,1,0,0,"{""Declaration"":5884,""EquivalentClasses"":3133}",0,0,26361,0,5884,5879,0,0,5,0,5879,0,0,5,0,3133,0,8481,1808646,0,0,0,0,3133,0,3133,0,0,9,3,0,0,0,9018,0,0,0,0,0,0,0,0,3133,0,0,0,0,
ore_ont_2195.owl,0,0,2418,1985,0,176,0,369,0,1,1,87,1984,1985,2,0,1,0,430,0,True,False,SIF(D),False,True,False,True,False,True,True,False,False,False,False,True,False,True,SIF(D),1,0,0,"{""DataPropertyDomain"":88,""DataPropertyRange"":88,""Declaration"":449,""DisjointClasses"":171,""FunctionalDataProperty"":87,""ObjectPropertyDomain"":342,""ObjectPropertyRange"":342}",0,0,1114,0,449,19,88,0,342,171,19,88,0,342,430,0,0,0,186295,87,0,0,0,0,0,1118,0,0,0,1,0,0,0,1568,0,430,947,0,0,0,0,0,171,0,0,0,0,
ore_ont_2228.owl,0,0,370,364,0,0,0,91,0,1,0,0,364,364,2,0,1,0,262,0,True,False,ALI+,False,False,False,False,False,True,False,False,False,False,False,True,False,True,ALI+,1,0,0,"{""DataPropertyRange"":7,""Declaration"":344,""ObjectPropertyRange"":255,""SubClassOf"":94}",0,0,443,0,344,82,7,0,255,0,82,7,0,255,0,0,0,0,74815,0,0,0,0,0,0,356,0,0,0,1,0,0,0,701,0,262,262,0,0,0,0,94,94,0,0,0,0,
ore_ont_2237.owl,0,0,390,390,0,0,0,131,0,0,0,0,390,390,1,0,1,0,153,0,True,False,ALHI+,False,False,False,False,False,True,False,False,False,False,True,True,False,True,ALHI+,1,28,0,"{""Declaration"":285,""ObjectPropertyAssertion"":28,""ObjectPropertyDomain"":130,""ObjectPropertyRange"":130,""SubObjectPropertyOf"":130}",0,0,260,0,285,131,0,0,154,0,131,0,31,154,130,0,0,0,88817,0,0,0,0,0,0,418,0,0,0,1,0,0,0,704,0,130,390,28,0,130,0,0,0,0,0,0,0,
ore_ont_2243.owl,0,0,281915,269503,0,24824,0,49935,0,0,0,0,269503,269503,2,0,1,0,1,0,True,False,ALEI+,False,False,True,False,False,True,False,False,False,False,False,True,False,True,ALEI+,1,0,0,"{""Declaration"":37524,""SubClassOf"":232267}",0,0,696801,0,37524,37523,0,0,1,0,37523,0,0,1,0,0,0,232267,45182934,0,0,0,0,0,0,232267,0,0,2,2,0,0,0,269792,0,0,0,0,0,0,0,232267,232267,0,0,0,0,
ore_ont_2253.owl,0,0,652453,510436,0,149240,0,162620,0,0,0,0,510436,510436,2,0,1,0,7,0,True,False,ALEI+,False,False,True,False,False,True,False,False,False,False,False,True,False,True,ALEI+,1,67393,0,"{""ClassAssertion"":67393,""Declaration"":20610,""SubClassOf"":84385}",67393,0,657537,0,20610,20603,0,0,7,0,20603,0,67393,7,0,0,0,286572,42808663,0,0,0,0,67401,0,151778,0,0,2,6,0,0,0,172389,0,0,0,0,0,0,0,84385,84385,0,0,0,0,
ore_ont_2266.owl,0,0,1197,1164,0,66,0,876,0,0,0,0,1164,1164,2,0,1,0,1,0,True,False,ALEI+,False,False,True,False,False,True,False,False,False,False,False,True,False,True,ALEI+,1,2079,0,"{""ClassAssertion"":2079,""Declaration"":844,""SubClassOf"":1062}",2079,0,4278,0,844,843,0,0,1,0,843,0,2079,1,0,0,0,75,394038,0,0,0,0,0,0,3141,0,0,2,2,0,0,0,3986,0,0,0,0,0,0,0,1062,1062,0,0,0,0,
ore_ont_2313.owl,2,1,2513,2368,0,138,1,1815,10,2,3,0,2386,2358,3,7,7,0,17,0,False,False,SHI,False,False,True,False,False,True,True,False,True,False,True,True,False,True,SHI,1,616,0,"{""ClassAssertion"":466,""Declaration"":1705,""DifferentIndividuals"":3,""DisjointClasses"":4,""EquivalentClasses"":36,""EquivalentObjectProperties"":1,""InverseObjectProperties"":2,""ObjectPropertyAssertion"":147,""ObjectPropertyDomain"":17,""ObjectPropertyRange"":15,""SubClassOf"":1863,""SubObjectPropertyOf"":4,""TransitiveObjectProperty"":3}",466,0,4451,0,1705,1688,0,0,17,4,1688,0,363,17,17,36,0,96,423717,0,0,0,0,10,0,2561,0,0,7,4,0,0,0,4267,0,15,42,147,0,4,0,1863,1903,3,9,1,0,
ore_ont_2317.owl,0,0,55745,43732,0,7150,0,16155,0,0,1,0,43731,43732,9,0,1,0,5,0,True,False,SI,False,False,True,False,False,True,True,False,False,False,False,True,False,True,SI,1,0,0,"{""Declaration"":9462,""SubClassOf"":18324}",0,0,60322,0,9462,9457,0,0,5,0,9457,0,0,5,0,0,0,12056,3815316,0,0,0,0,3135,0,18324,0,0,9,2,0,0,0,27787,0,0,0,0,0,0,0,18324,18324,0,0,0,0,
ore_ont_2333.owl,0,0,5423,4731,0,608,0,2976,0,0,0,0,4731,4731,2,0,1,0,11,0,False,False,SI,False,False,True,False,False,True,True,False,False,False,False,True,False,True,SI,1,7178,0,"{""ClassAssertion"":7178,""Declaration"":2489,""InverseObjectProperties"":4,""SubClassOf"":3228,""TransitiveObjectProperty"":5}",7178,0,14504,0,2489,2478,0,0,11,0,2478,0,7178,11,0,0,0,870,1161481,0,0,0,0,0,0,10415,0,0,2,2,0,0,0,12905,0,0,9,0,0,0,0,3228,3228,5,0,0,0,
ore_ont_2361.owl,0,0,129420,99733,0,16772,0,42890,0,0,1,0,99732,99733,2,0,1,0,5,0,True,False,SRI,True,False,True,False,False,True,True,False,False,False,True,False,False,True,SRI,1,144897,0,"{""ClassAssertion"":144897,""Declaration"":23858,""DisjointClasses"":3,""SubClassOf"":50895,""SubObjectPropertyOf"":7,""TransitiveObjectProperty"":2}",144897,0,257671,0,23858,23851,0,0,7,3,23851,0,144897,7,0,0,0,10978,19074797,0,0,0,0,0,0,195804,0,0,2,2,2,0,0,219663,0,0,9,0,5,7,0,50895,50898,2,0,0,0,
ore_ont_2377.owl,0,0,11581,9195,0,1310,0,3347,0,0,0,0,9195,9195,6,0,1,0,21,0,True,False,SHI,False,False,True,False,False,True,True,False,False,False,True,True,False,True,SHI,1,0,0,"{""Declaration"":1685,""EquivalentClasses"":1029,""SubClassOf"":1377,""SubObjectPropertyOf"":6,""TransitiveObjectProperty"":2}",0,0,9401,0,1685,1663,0,0,22,0,1663,0,0,22,0,1029,0,1829,621355,0,0,0,0,1029,0,2414,0,0,6,3,0,0,0,4100,0,0,8,0,0,6,0,1377,2406,2,0,0,0,
ore_ont_2378.owl,0,0,1892,1840,0,104,0,1215,0,0,0,0,1840,1840,2,0,1,0,2,0,True,False,ALEI+,False,False,True,False,False,True,False,False,False,False,False,True,False,True,ALEI+,1,0,0,"{""Declaration"":1165,""SubClassOf"":1684}",0,0,3448,0,1165,1163,0,0,2,0,1163,0,0,2,0,0,0,80,256450,0,0,0,0,0,0,1684,0,0,2,2,0,0,0,2850,0,0,0,0,0,0,0,1684,1684,0,0,0,0,
ore_ont_2397.owl,3,3,57050,48992,0,16118,3,17923,3,4,3,0,48992,48989,2,2,2,0,162,0,True,False,SHI,False,False,True,False,False,True,True,False,False,False,True,True,False,True,SHI,1,0,0,"{""Declaration"":10022,""SubClassOf"":24678,""SubObjectPropertyOf"":71}",0,4,63311,0,10022,9860,0,0,162,0,9860,0,0,162,0,0,0,13951,4995778,0,0,0,0,0,0,24749,0,0,2,2,0,0,0,34772,0,0,71,0,0,71,0,24678,24678,0,0,0,0,
ore_ont_2440.owl,0,0,7609,5984,0,1086,0,2948,0,0,0,0,5984,5984,2,0,1,0,2,0,True,False,SI,False,False,True,False,False,True,True,False,False,False,False,True,False,True,SI,1,0,0,"{""Declaration"":1866,""SubClassOf"":2732,""TransitiveObjectProperty"":1}",0,0,7416,0,1866,1864,0,0,2,0,1864,0,0,2,0,0,0,1952,546343,0,0,0,0,0,0,2733,0,0,2,2,0,0,0,4600,0,0,1,0,0,0,0,2732,2732,1,0,0,0,
ore_ont_2453.owl,0,0,998,826,0,346,0,320,0,1,1,0,825,826,2,0,1,0,54,0,True,False,SOI,False,False,True,False,False,True,True,True,True,False,False,True,False,True,SOI,1,510,0,"{""ClassAssertion"":148,""Declaration"":182,""DifferentIndividuals"":1,""ObjectPropertyAssertion"":361,""SubClassOf"":291}",148,0,950,0,182,128,0,0,54,0,128,0,414,54,0,0,0,220,198438,0,0,0,0,0,0,801,0,0,2,2,0,0,17,984,0,0,0,361,0,0,0,291,291,0,0,0,0,
ore_ont_2469.owl,0,0,325753,264289,0,44440,0,116786,0,0,1,0,264288,264289,3,0,1,0,94,0,True,False,SHI,False,False,True,False,False,True,True,False,False,False,True,True,False,True,SHI,1,0,0,"{""Declaration"":74937,""SubClassOf"":138357,""SubObjectPropertyOf"":95}",0,0,383836,0,74937,74838,0,0,99,0,74838,0,0,99,0,0,0,106654,30991201,0,0,0,0,226,0,138452,0,0,3,2,2,0,0,213390,0,0,95,0,21,95,0,138357,138357,0,0,0,0,
ore_ont_2485.owl,0,0,325,219,0,0,0,113,0,1,0,0,219,219,2,0,1,0,109,0,True,False,ALI+,False,False,False,False,False,True,False,False,False,False,False,True,False,True,ALI+,1,3,0,"{""ClassAssertion"":3,""DataPropertyRange"":107,""Declaration"":113,""ObjectPropertyRange"":2,""SubClassOf"":1}",3,0,7,0,113,4,107,0,2,0,4,107,3,2,0,0,0,0,17016,0,0,0,0,0,0,113,0,0,0,1,0,0,0,227,0,109,109,0,0,0,0,1,1,0,0,0,0,
ore_ont_2491.owl,0,0,17941,17940,0,2,0,17936,0,0,0,0,17940,17940,2,0,1,0,6,0,True,False,SRI,True,False,True,False,False,True,True,False,False,False,True,False,True,True,SRI,1,0,0,"{""Declaration"":17944,""InverseObjectProperties"":1,""SubClassOf"":17934,""SubObjectPropertyOf"":4,""SymmetricObjectProperty"":1,""TransitiveObjectProperty"":2}",0,0,53802,0,17944,17935,0,0,9,0,17935,0,0,9,0,0,0,17934,4772328,0,0,0,0,0,0,17942,0,0,2,2,2,0,0,35887,0,0,8,0,1,4,0,17934,17934,2,0,0,0,
ore_ont_2496.owl,0,0,5140,4574,0,908,0,2122,0,0,1,0,4573,4574,2,0,1,0,9,0,True,False,SI,False,False,True,False,False,True,True,False,False,False,False,True,False,True,SI,1,0,0,"{""Declaration"":1567,""DisjointClasses"":36,""EquivalentClasses"":76,""SubClassOf"":2687,""TransitiveObjectProperty"":3}",0,0,6823,0,1567,1555,0,0,12,36,1555,0,0,12,0,76,0,1073,460448,0,0,0,0,76,0,2802,0,0,2,3,0,0,0,4370,0,0,3,0,0,0,0,2687,2799,3,0,0,0,
ore_ont_2497.owl,0,0,27767,23734,0,3716,0,10356,0,0,1,0,23733,23734,6,0,1,0,19,0,True,False,SHI,False,False,True,False,False,True,True,False,False,False,True,True,False,True,SHI,1,0,0,"{""Declaration"":6936,""DisjointClasses"":70,""EquivalentClasses"":969,""SubClassOf"":11349,""SubObjectPropertyOf"":8,""TransitiveObjectProperty"":3}",0,0,32530,0,6936,6917,0,0,19,70,6917,0,0,19,0,969,0,5762,2309943,0,0,0,0,969,0,12399,0,0,6,3,0,0,0,19336,0,0,11,0,0,8,0,11349,12388,3,0,0,0,
ore_ont_2557.owl,0,0,252,252,0,0,0,85,0,0,0,0,252,252,1,0,1,0,99,0,True,False,ALHI+,False,False,False,False,False,True,False,False,False,False,True,True,False,True,ALHI+,1,1,0,"{""Declaration"":185,""ObjectPropertyAssertion"":1,""ObjectPropertyDomain"":84,""ObjectPropertyRange"":84,""SubObjectPropertyOf"":84}",0,0,168,0,185,85,0,0,100,0,85,0,2,100,84,0,0,0,49629,0,0,0,0,0,0,253,0,0,0,1,0,0,0,439,0,84,252,1,0,84,0,0,0,0,0,0,0,
ore_ont_2569.owl,0,0,4339,4243,0,144,0,3483,0,0,0,0,4243,4243,2,0,1,0,4,0,True,False,SI,False,False,True,False,False,True,True,False,False,False,False,True,False,True,SI,1,0,0,"{""Declaration"":3403,""SubClassOf"":3991,""TransitiveObjectProperty"":1}",0,0,8158,0,3403,3399,0,0,4,0,3399,0,0,4,0,0,0,176,672378,0,0,0,0,0,0,3992,0,0,2,2,0,0,0,7396,0,0,1,0,0,0,0,3991,3991,1,0,0,0,
ore_ont_258.owl,0,0,271,271,0,0,0,275,0,0,0,0,271,271,1,0,1,0,0,0,True,False,ALI+,False,False,False,False,False,True,False,False,False,False,False,True,False,True,ALI+,1,0,0,"{""Declaration"":275,""SubClassOf"":271}",0,0,542,0,275,275,0,0,0,0,275,0,0,0,0,0,0,0,49878,0,0,0,0,0,0,271,0,0,0,1,0,0,0,547,0,0,0,0,0,0,0,271,271,0,0,0,0,
ore_ont_2591.owl,0,0,33014,28193,0,9642,0,18552,0,0,0,0,28193,28193,2,0,1,0,1,0,True,False,ALEI+,False,False,True,False,False,True,False,False,False,False,False,True,False,True,ALEI+,1,0,0,"{""Declaration"":13732,""SubClassOf"":13730}",0,0,41190,0,13732,13731,0,0,1,0,13731,0,0,1,0,0,0,13730,3866770,0,0,0,0,0,0,13730,0,0,2,2,0,0,0,27463,0,0,0,0,0,0,0,13730,13730,0,0,0,0,
ore_ont_2627.owl,0,0,41926,41926,0,0,0,39430,0,0,0,0,41926,41926,1,0,1,0,0,0,True,False,ALI+,False,False,False,False,False,True,False,False,False,False,False,True,False,True,ALI+,1,0,0,"{""Declaration"":39430,""EquivalentClasses"":20963}",0,0,41926,0,39430,39430,0,0,0,0,39430,0,0,0,0,20963,0,0,5200473,0,0,0,0,0,0,20963,0,0,0,1,0,0,0,60394,0,0,0,0,0,0,0,0,20963,0,0,0,0,
ore_ont_2632.owl,0,0,97260,85610,0,14580,0,41438,5,1,1,2,85625,85605,3,9,9,0,111,0,False,False,SROIF,True,False,True,True,False,True,True,True,True,False,True,False,True,True,SROIF,1,2,0,"{""Declaration"":31956,""DifferentIndividuals"":2,""DisjointClasses"":5,""EquivalentClasses"":12389,""FunctionalObjectProperty"":2,""InverseObjectProperties"":23,""ObjectPropertyDomain"":33,""ObjectPropertyRange"":23,""SubClassOf"":31897,""SubObjectPropertyOf"":108,""SymmetricObjectProperty"":5,""TransitiveObjectProperty"":22}",0,0,112263,0,31956,31839,0,0,117,5,31839,0,18,117,33,12389,0,23149,9040202,2,0,0,0,219,0,44509,0,0,9,3,2,0,18,76466,0,23,216,0,33,108,0,31897,44291,22,9,4,0,
ore_ont_2654.owl,0,0,217,217,0,0,0,172,0,0,0,0,217,217,1,0,1,0,1,0,True,False,ALI+,False,False,False,False,False,True,False,False,False,False,False,True,False,True,ALI+,1,1,0,"{""ClassAssertion"":1,""Declaration"":173,""ObjectPropertyRange"":1,""SubClassOf"":215}",1,0,432,0,173,172,0,0,1,0,172,0,1,1,0,0,0,0,38039,0,0,0,0,0,0,217,0,0,0,1,0,0,0,391,0,1,1,0,0,0,0,215,215,0,0,0,0,
ore_ont_2661.owl,0,0,20389,20389,0,0,0,35316,0,0,0,0,20389,20389,1,0,1,0,0,0,True,False,ALI+,False,False,False,False,False,True,False,False,False,False,False,True,False,True,ALI+,1,0,0,"{""Declaration"":35316,""SubClassOf"":20389}",0,0,40778,0,35316,35316,0,0,0,0,35316,0,0,0,0,0,0,0,5127578,0,0,0,0,0,0,20389,0,0,0,1,0,0,0,55706,0,0,0,0,0,0,0,20389,20389,0,0,0,0,
ore_ont_2662.owl,0,0,1104,911,0,0,0,336,0,0,1,0,910,911,2,0,1,0,0,0,True,False,SI,False,False,False,False,False,True,True,False,False,False,False,True,False,True,SI,1,0,0,"{""Declaration"":142,""DisjointClasses"":193,""SubClassOf"":138}",0,0,662,0,142,142,0,0,0,193,142,0,0,0,0,0,0,0,74776,0,0,0,0,0,0,331,0,0,0,1,0,0,0,474,0,0,0,0,0,0,0,138,331,0,0,0,0,
ore_ont_2669.owl,13,11,713,558,0,110,11,208,21,15,44,62,567,537,11,6,10,0,16,0,False,False,SHIQ(D),False,True,True,True,False,True,True,False,True,True,True,True,True,True,SHIQ(D),1,733,0,"{""ClassAssertion"":270,""DLSafeRule"":8,""DataPropertyAssertion"":49,""Declaration"":120,""DifferentIndividuals"":1,""DisjointClasses"":8,""EquivalentClasses"":28,""InverseObjectProperties"":6,""NegativeObjectPropertyAssertion"":5,""ObjectPropertyAssertion"":408,""ObjectPropertyDomain"":2,""ObjectPropertyRange"":3,""SubClassOf"":81,""SubObjectPropertyOf"":6}",270,44,755,1,120,89,6,0,25,8,89,6,171,25,2,28,15,57,214560,0,0,0,0,35,0,875,0,4,6,9,0,3,1,996,18,3,17,462,0,6,8,81,117,0,10,0,0,0
ore_ont_2672.owl,0,0,932,918,0,28,0,827,0,0,0,0,918,918,2,0,1,0,3,0,True,False,ALEI+,False,False,True,False,False,True,False,False,False,False,False,True,False,True,ALEI+,1,0,0,"{""Declaration"":816,""SubClassOf"":876}",0,0,1766,0,816,813,0,0,3,0,813,0,0,3,0,0,0,14,144582,0,0,0,0,0,0,876,0,0,2,2,0,0,0,1693,0,0,0,0,0,0,0,876,876,0,0,0,0,
ore_ont_2678.owl,2,0,811,554,0,116,0,197,7,1,2,35,560,547,5,3,3,0,63,0,False,False,SHIF(D),False,True,True,True,False,True,True,False,False,False,True,True,False,True,SHIF(D),1,298,0,"{""ClassAssertion"":111,""DataPropertyAssertion"":143,""DataPropertyDomain"":37,""DataPropertyRange"":35,""Declaration"":105,""ObjectPropertyAssertion"":44,""ObjectPropertyDomain"":22,""ObjectPropertyRange"":20,""SubClassOf"":107,""SubDataPropertyOf"":3,""SubObjectPropertyOf"":7,""TransitiveObjectProperty"":1}",111,0,435,6,105,35,46,0,24,0,35,46,112,24,59,0,33,0,96360,0,0,0,0,0,0,530,30,1,3,2,0,2,0,636,0,55,125,187,0,10,0,107,107,1,10,16,65,
ore_ont_269.owl,0,0,88830,83104,0,11452,0,24888,0,0,0,0,83104,83104,2,0,1,0,1,0,True,False,ALEI+,False,False,True,False,False,True,False,False,False,False,False,True,False,True,ALEI+,1,0,0,"{""Declaration"":19163,""SubClassOf"":65926}",0,0,197778,0,19163,19162,0,0,1,0,19162,0,0,1,0,0,0,65926,12832724,0,0,0,0,0,0,65926,0,0,2,2,0,0,0,85090,0,0,0,0,0,0,0,65926,65926,0,0,0,0,
ore_ont_2713.owl,0,0,710,612,0,196,0,421,0,0,0,0,612,612,2,0,1,0,92,0,True,False,ALEI+,False,False,True,False,False,True,False,False,False,False,False,True,False,True,ALEI+,1,0,0,"{""Declaration"":415,""SubClassOf"":318}",0,0,734,0,415,323,0,0,92,0,323,0,0,92,0,0,0,98,126969,0,0,0,0,0,0,318,0,0,2,2,0,0,0,734,0,0,0,0,0,0,0,318,318,0,0,0,0,
ore_ont_2720.owl,0,0,1049,1049,0,0,0,901,0,0,0,0,1049,1049,1,0,1,0,0,0,True,False,ALI+,False,False,False,False,False,True,False,False,False,False,False,True,False,True,ALI+,1,0,0,"{""Declaration"":901,""SubClassOf"":1049}",0,0,2098,0,901,901,0,0,0,0,901,0,0,0,0,0,0,0,183363,0,0,0,0,0,0,1049,0,0,0,1,0,0,0,1951,0,0,0,0,0,0,0,1049,1049,0,0,0,0,
ore_ont_2744.owl,3,0,1301,1074,0,102,0,482,11,1,4,44,1098,1063,5,9,9,0,75,0,False,False,SOIF(D),False,True,True,True,False,True,True,True,True,False,False,True,False,True,SOIF(D),1,134,0,"{""ClassAssertion"":29,""DataPropertyAssertion"":61,""DataPropertyDomain"":29,""DataPropertyRange"":30,""Declaration"":363,""DisjointClasses"":70,""EquivalentClasses"":9,""FunctionalDataProperty"":27,""FunctionalObjectProperty"":12,""InverseFunctionalObjectProperty"":3,""InverseObjectProperties"":5,""ObjectPropertyAssertion"":44,""ObjectPropertyDomain"":32,""ObjectPropertyRange"":37,""SubClassOf"":299,""TransitiveObjectProperty"":2}",29,0,971,0,363,288,30,0,45,70,288,30,29,45,61,9,4,27,130970,39,0,4,0,8,3,689,0,1,9,3,0,1,5,1053,0,67,177,105,0,0,0,299,378,2,14,3,5,
ore_ont_2753.owl,0,0,546,501,0,90,0,294,0,0,0,0,501,501,2,0,1,0,2,0,True,False,ALEI+,False,False,True,False,False,True,False,False,False,False,False,True,False,True,ALEI+,1,0,0,"{""Declaration"":251,""SubClassOf"":366}",0,0,833,0,251,249,0,0,2,0,249,0,0,2,0,0,0,101,64993,0,0,0,0,0,0,366,0,0,2,2,0,0,0,618,0,0,0,0,0,0,0,366,366,0,0,0,0,
ore_ont_2803.owl,0,0,196517,175558,0,37834,0,64209,0,0,0,0,175558,175558,2,0,1,0,9,0,True,False,SI,False,False,True,False,False,True,True,False,False,False,False,True,False,True,SI,1,0,0,"{""Declaration"":44281,""SubClassOf"":115744,""TransitiveObjectProperty"":2}",0,0,277489,0,44281,44271,0,0,10,0,44271,0,0,10,0,0,0,46001,19164431,0,0,0,0,0,0,115746,0,0,2,2,0,0,0,160028,0,0,2,0,0,0,0,115744,115744,2,0,0,0,
ore_ont_2828.owl,0,0,411815,352230,0,51998,0,143903,0,0,1,0,352229,352230,12,0,1,0,9,0,True,False,SI,False,False,True,False,False,True,True,False,False,False,False,True,False,True,SI,1,0,0,"{""Declaration"":86022,""SubClassOf"":177695,""SubObjectPropertyOf"":6}",0,0,477635,0,86022,86011,0,0,11,0,86011,0,0,11,0,0,0,59266,30186856,0,0,0,0,31059,0,177701,0,0,12,2,2,0,0,263724,0,0,6,0,6,6,0,177695,177695,0,0,0,0,
ore_ont_2860.owl,243,6,1780,1248,0,124,6,323,26,7,249,103,1035,1222,8,6,6,0,98,0,False,False,SHIF(D),False,True,True,True,False,True,True,False,False,False,True,True,False,True,SHIF(D),1,258,0,"{""ClassAssertion"":72,""DataPropertyAssertion"":84,""DataPropertyDomain"":22,""DataPropertyRange"":22,""Declaration"":210,""DisjointClasses"":57,""EquivalentClasses"":5,""FunctionalDataProperty"":21,""FunctionalObjectProperty"":46,""InverseFunctionalObjectProperty"":4,""InverseObjectProperties"":6,""ObjectPropertyAssertion"":102,""ObjectPropertyDomain"":76,""ObjectPropertyRange"":66,""SubClassOf"":113,""SubObjectPropertyOf"":6}",72,0,652,0,210,112,22,0,76,57,112,22,72,76,98,5,11,8,147634,67,0,0,0,3,4,702,0,1,5,4,0,3,0,913,0,88,269,186,0,6,0,113,175,0,17,8,14,
ore_ont_2876.owl,0,0,114,109,0,10,0,87,0,0,1,0,108,109,2,0,1,0,5,0,True,False,SI,False,False,True,False,False,True,True,False,False,False,False,True,False,True,SI,1,0,0,"{""Declaration"":86,""SubClassOf"":93}",0,0,191,0,86,81,0,0,5,0,81,0,0,5,0,0,0,5,43421,0,0,0,0,0,0,93,0,0,2,2,0,0,0,180,0,0,0,0,0,0,0,93,93,0,0,0,0,
ore_ont_3050.owl,42,0,7256,6552,0,718,0,3777,3,1,44,19,6513,6549,7,2,3,0,532,0,False,True,SHOIN(D),False,True,True,True,False,True,True,True,True,False,True,True,False,True,SHOIN(D),1,2319,0,"{""ClassAssertion"":1230,""DataPropertyAssertion"":210,""DataPropertyDomain"":14,""DataPropertyRange"":18,""Declaration"":3526,""DifferentIndividuals"":76,""DisjointClasses"":57,""EquivalentClasses"":294,""EquivalentDataProperties"":4,""EquivalentObjectProperties"":44,""InverseObjectProperties"":12,""ObjectPropertyAssertion"":595,""ObjectPropertyDomain"":63,""ObjectPropertyRange"":165,""SameIndividual"":208,""SubClassOf"":3518,""SubObjectPropertyOf"":311,""SymmetricObjectProperty"":3,""TransitiveObjectProperty"":8}",1230,0,9616,20,3526,2993,32,0,501,57,2993,32,1174,501,77,294,11,91,1322643,0,0,242,0,0,0,6830,0,2,3,2,0,5,0,10357,0,183,642,805,0,315,0,3518,3869,8,2,311,16,
ore_ont_3082.owl,0,0,120,120,0,0,0,121,0,0,0,0,120,120,1,0,1,0,0,0,True,False,ALI+,False,False,False,False,False,True,False,False,False,False,False,True,False,True,ALI+,1,0,0,"{""Declaration"":121,""SubClassOf"":120}",0,0,240,0,121,121,0,0,0,0,121,0,0,0,0,0,0,0,38279,0,0,0,0,0,0,120,0,0,0,1,0,0,0,242,0,0,0,0,0,0,0,120,120,0,0,0,0,
ore_ont_3106.owl,0,0,10309,10291,0,12,0,8759,0,0,0,0,10291,10291,2,0,1,0,4,0,True,False,SHI,False,False,True,False,False,True,True,False,False,False,True,True,False,True,SHI,1,0,0,"{""Declaration"":8752,""SubClassOf"":10253,""SubObjectPropertyOf"":2,""TransitiveObjectProperty"":2}",0,0,20513,0,8752,8747,0,0,5,0,8747,0,0,5,0,0,0,7,1587249,0,0,0,0,0,0,10257,0,0,2,2,0,0,0,19010,0,0,4,0,0,2,0,10253,10253,2,0,0,0,
ore_ont_3164.owl,0,0,6475,4924,0,804,0,1856,0,1,0,1,4924,4924,3,0,1,0,10,0,False,False,SHIF,False,False,True,True,False,True,True,False,False,False,True,True,False,True,SHIF,1,273990,0,"{""ClassAssertion"":173832,""DataPropertyAssertion"":222,""Declaration"":663,""EquivalentClasses"":593,""FunctionalObjectProperty"":1,""InverseObjectProperties"":2,""ObjectPropertyAssertion"":99936,""ObjectPropertyDomain"":4,""ObjectPropertyRange"":4,""SubClassOf"":645,""SubObjectPropertyOf"":1,""TransitiveObjectProperty"":3}",173832,0,178384,0,663,642,1,0,20,0,642,1,52000,20,4,593,0,901,46300579,1,0,0,0,432,0,275243,0,0,2,9,0,0,0,275907,0,4,15,100158,0,1,0,645,1238,3,0,303,0,
ore_ont_3177.owl,0,0,8926,8926,0,0,0,7490,0,0,0,0,8926,8926,1,0,1,0,0,0,True,False,ALI+,False,False,False,False,False,True,False,False,False,False,False,True,False,True,ALI+,1,0,0,"{""Declaration"":7491,""SubClassOf"":8926,""TransitiveObjectProperty"":1}",0,0,17852,0,7491,7490,0,0,1,0,7490,0,0,1,0,0,0,0,1372471,0,0,0,0,0,0,8927,0,0,0,1,0,0,0,16419,0,0,1,0,0,0,0,8926,8926,1,0,0,0,
ore_ont_3215.owl,0,0,598329,458165,0,43144,0,168163,18323,1,1,0,476487,439842,15,2,2,0,9,0,True,False,SHI,False,False,True,False,False,True,True,False,False,False,True,True,False,True,SHI,1,0,0,"{""Declaration"":54982,""DisjointClasses"":1,""EquivalentClasses"":36646,""SubClassOf"":18326,""SubObjectPropertyOf"":3,""TransitiveObjectProperty"":1}",0,0,343884,0,54982,54973,0,0,9,1,54973,0,0,9,0,36646,0,60377,20131064,0,0,0,0,54969,0,54977,0,0,15,4,0,0,0,109960,0,0,4,0,0,3,0,18326,54973,1,18323,0,0,
ore_ont_3231.owl,5,0,1525,1404,0,168,0,196,2,1,6,10,1400,1402,2,2,2,0,264,0,False,False,SHIF,False,False,True,True,False,True,True,False,False,False,True,True,False,True,SHIF,1,0,0,"{""DataPropertyDomain"":4,""DataPropertyRange"":4,""Declaration"":348,""DisjointClasses"":6,""FunctionalObjectProperty"":2,""InverseFunctionalObjectProperty"":8,""InverseObjectProperties"":128,""ObjectPropertyDomain"":252,""ObjectPropertyRange"":250,""SubClassOf"":173,""SubObjectPropertyOf"":129,""SymmetricObjectProperty"":6,""TransitiveObjectProperty"":5}",0,0,952,0,348,84,4,0,260,6,84,4,0,260,256,0,0,78,307074,2,0,0,0,0,8,967,0,0,2,2,0,0,0,1316,0,254,788,0,0,129,0,173,179,5,5,0,0,
ore_ont_3259.owl,0,0,537,537,0,0,0,180,0,0,0,0,537,537,1,0,1,0,203,0,True,False,ALHI+,False,False,False,False,False,True,False,False,False,False,True,True,False,True,ALHI+,1,220,0,"{""Declaration"":384,""ObjectPropertyAssertion"":220,""ObjectPropertyDomain"":179,""ObjectPropertyRange"":179,""SubObjectPropertyOf"":179}",0,0,358,0,384,180,0,0,204,0,180,0,119,204,179,0,0,0,146380,0,0,0,0,0,0,757,0,0,0,1,0,0,0,1142,0,179,537,220,0,179,0,0,0,0,0,0,0,
ore_ont_3260.owl,6,0,819,519,0,96,0,195,0,1,7,48,512,519,5,0,1,0,74,0,False,False,SHIF(D),False,True,True,True,False,True,True,False,False,False,True,True,False,True,SHIF(D),1,1,0,"{""ClassAssertion"":1,""DataPropertyDomain"":28,""DataPropertyRange"":31,""Declaration"":112,""DisjointClasses"":1,""InverseObjectProperties"":1,""ObjectPropertyDomain"":34,""ObjectPropertyRange"":34,""SubClassOf"":86,""SubDataPropertyOf"":4,""SubObjectPropertyOf"":4}",1,0,275,0,112,38,35,0,39,1,38,35,1,39,62,0,20,0,49219,0,0,0,0,0,0,224,32,1,2,2,0,1,0,337,0,65,136,0,0,8,0,86,87,0,0,4,53,
ore_ont_33.owl,3,3,13640,13640,0,0,3,10333,3,3,3,0,13640,13637,2,2,2,0,0,0,True,False,SI,False,False,False,False,False,True,True,False,False,False,False,True,False,True,SI,1,0,0,"{""Declaration"":10330,""SubClassOf"":13634}",0,4,27272,0,10330,10330,0,0,0,0,10330,0,0,0,0,0,0,0,2024977,0,0,0,0,0,0,13634,0,0,1,2,0,0,0,23965,0,0,0,0,0,0,0,13634,13634,0,0,0,0,
ore_ont_3313.owl,0,0,1742,1628,0,228,0,979,0,0,0,0,1628,1628,2,0,1,0,1,0,True,False,ALEI+,False,False,True,False,False,True,False,False,False,False,False,True,False,True,ALEI+,1,2070,0,"{""ClassAssertion"":2070,""Declaration"":866,""SubClassOf"":1283}",2070,0,4843,0,866,865,0,0,1,0,865,0,2070,1,0,0,0,207,676348,0,0,0,0,0,0,3353,0,0,2,2,0,0,0,4220,0,0,0,0,0,0,0,1283,1283,0,0,0,0,
ore_ont_3349.owl,0,0,1966,1669,0,266,0,985,0,1,0,0,1669,1669,2,0,1,0,17,0,True,False,SRI,True,False,True,False,False,True,True,False,False,False,True,False,True,True,SRI,1,0,0,"{""Declaration"":762,""SubClassOf"":964,""SubObjectPropertyOf"":6}",0,0,2240,0,762,746,0,0,16,0,746,0,0,16,0,0,0,222,170464,0,0,0,0,45,0,970,0,0,2,2,2,0,0,1733,0,0,6,0,4,6,0,964,964,0,0,0,0,
ore_ont_3377.owl,0,0,983353,904869,0,52266,0,451021,0,0,1,0,904868,904869,9,0,1,0,4,0,True,False,SOI,False,False,True,False,False,True,True,True,True,False,False,True,True,True,SOI,1,115,0,"{""ClassAssertion"":113,""Declaration"":398694,""DifferentIndividuals"":2,""SubClassOf"":747848,""SubObjectPropertyOf"":4}",113,0,1842988,0,398694,398691,0,0,3,0,398691,0,19,3,0,0,0,347007,132321541,0,0,0,0,71,0,747967,0,0,9,2,2,0,0,1146662,0,0,4,0,1,4,0,747848,747848,0,0,0,0,
ore_ont_338.owl,0,0,202,201,0,0,0,82,0,1,0,0,201,201,2,0,1,0,142,0,True,False,ALI+,False,False,False,False,False,True,False,False,False,False,False,True,False,True,ALI+,1,0,0,"{""DataPropertyRange"":2,""Declaration"":220,""ObjectPropertyRange"":140,""SubClassOf"":56}",0,0,252,0,220,78,2,0,140,0,78,2,0,140,0,0,0,0,77553,0,0,0,0,0,0,198,0,0,0,1,0,0,0,419,0,142,142,0,0,0,0,56,56,0,0,0,0,
ore_ont_3406.owl,0,0,73307,60799,0,24868,0,18206,0,0,0,0,60799,60799,2,0,1,0,12,0,True,False,SHI,False,False,True,False,False,True,True,False,False,False,True,True,False,True,SHI,1,0,0,"{""Declaration"":5710,""EquivalentClasses"":6808,""SubClassOf"":9656,""SubObjectPropertyOf"":3}",0,0,48276,0,5710,5698,0,0,12,0,5698,0,0,12,0,6808,0,15200,3107048,0,0,0,0,74,0,16467,0,0,2,3,0,0,0,22178,0,0,3,0,0,3,0,9656,16464,0,0,0,0,
ore_ont_3414.owl,0,0,150306,129489,0,23774,0,55271,0,0,0,0,129489,129489,2,0,1,0,8,0,False,False,SHI,False,False,True,False,False,True,True,False,False,False,True,True,False,True,SHI,1,0,0,"{""Declaration"":38927,""InverseObjectProperties"":1,""SubClassOf"":80428,""SubObjectPropertyOf"":3,""TransitiveObjectProperty"":3}",0,0,176497,0,38927,38919,0,0,8,0,38919,0,0,8,0,0,0,15641,11575687,0,0,0,0,0,0,80435,0,0,2,2,0,0,0,119363,0,0,7,0,0,3,0,80428,80428,3,0,0,0,
ore_ont_3418.owl,0,0,604,585,0,38,0,472,0,0,0,0,585,585,2,0,1,0,3,0,True,False,ALEHI+,False,False,True,False,False,True,False,False,False,False,True,True,False,True,ALEHI+,1,0,0,"{""Declaration"":456,""SubClassOf"":527,""SubObjectPropertyOf"":1}",0,0,1079,0,456,453,0,0,3,0,453,0,0,3,0,0,0,25,82512,0,0,0,0,0,0,528,0,0,2,2,0,0,0,985,0,0,1,0,0,1,0,527,527,0,0,0,0,
ore_ont_3463.owl,0,0,122,122,0,0,0,123,0,0,0,0,122,122,1,0,1,0,0,0,True,False,ALI+,False,False,False,False,False,True,False,False,False,False,False,True,False,True,ALI+,1,0,0,"{""Declaration"":123,""SubClassOf"":122}",0,0,244,0,123,123,0,0,0,0,123,0,0,0,0,0,0,0,41645,0,0,0,0,0,0,122,0,0,0,1,0,0,0,246,0,0,0,0,0,0,0,122,122,0,0,0,0,
ore_ont_3480.owl,0,0,13781,13781,0,0,0,25111,0,0,0,0,13781,13781,1,0,1,0,0,0,True,False,ALI+,False,False,False,False,False,True,False,False,False,False,False,True,False,True,ALI+,1,0,0,"{""Declaration"":25111,""SubClassOf"":13781}",0,0,27562,0,25111,25111,0,0,0,0,25111,0,0,0,0,0,0,0,3660523,0,0,0,0,0,0,13781,0,0,0,1,0,0,0,38893,0,0,0,0,0,0,0,13781,13781,0,0,0,0,
ore_ont_3524.owl,0,0,1851010,1851011,0,0,0,123313,0,1,1,0,1851010,1851011,1,0,1,0,0,0,True,False,ALI+,False,False,False,False,False,True,False,False,False,False,False,True,False,True,ALI+,1,0,0,"{""Declaration"":123311,""SubClassOf"":1974320}",0,0,3948640,0,123311,123311,0,0,0,0,123311,0,0,0,0,0,0,0,305482391,0,0,0,0,0,0,1974320,0,0,0,1,0,0,0,2097632,0,0,0,0,0,0,0,1974320,1974320,0,0,0,0,
ore_ont_3560.owl,0,0,429380,342039,0,58226,0,209211,0,0,1,0,342038,342039,2,0,1,0,2,0,True,False,SI,False,False,True,False,False,True,True,False,False,False,False,True,False,True,SI,1,214804,0,"{""ClassAssertion"":214804,""Declaration"":150984,""SubClassOf"":167351,""SubObjectPropertyOf"":2}",214804,0,706253,0,150984,150982,0,0,2,0,150982,0,214804,2,0,0,0,156743,61103308,0,0,0,0,2,0,382157,0,0,2,2,2,0,0,533142,0,0,2,0,2,2,0,167351,167351,0,0,0,0,
ore_ont_3635.owl,0,0,3747,3165,0,388,0,1481,0,0,0,0,3165,3165,2,0,1,0,1,0,True,False,SI,False,False,True,False,False,True,True,False,False,False,False,True,False,True,SI,1,0,0,"{""Declaration"":1094,""SubClassOf"":2001,""TransitiveObjectProperty"":1}",0,0,4904,0,1094,1093,0,0,1,0,1093,0,0,1,0,0,0,902,339710,0,0,0,0,0,0,2002,0,0,2,2,0,0,0,3097,0,0,1,0,0,0,0,2001,2001,1,0,0,0,
ore_ont_3640.owl,0,0,1427,1090,0,184,0,429,0,1,0,1,1090,1090,3,0,1,0,11,0,False,False,SHIF,False,False,True,True,False,True,True,False,False,False,True,True,False,True,SHIF,1,7169,0,"{""ClassAssertion"":4676,""Declaration"":186,""EquivalentClasses"":112,""FunctionalObjectProperty"":1,""InverseObjectProperties"":2,""ObjectPropertyAssertion"":2493,""ObjectPropertyDomain"":4,""ObjectPropertyRange"":4,""SubClassOf"":169,""SubObjectPropertyOf"":1,""TransitiveObjectProperty"":3}",4676,0,5644,0,186,167,0,0,19,0,167,0,1387,19,4,112,0,179,1253294,1,0,0,0,82,0,7465,0,0,2,7,0,0,0,7652,0,4,15,2493,0,1,0,169,281,3,0,55,0,
ore_ont_3658.owl,0,0,11615,8686,0,1512,0,3226,0,1,0,1,8686,8686,5,0,1,0,16,0,False,False,SHIF,False,False,True,True,False,True,True,False,False,False,True,True,False,True,SHIF,1,327960,0,"{""ClassAssertion"":209063,""DataPropertyAssertion"":180,""Declaration"":1024,""EquivalentClasses"":899,""FunctionalObjectProperty"":1,""InverseObjectProperties"":2,""ObjectPropertyAssertion"":118717,""ObjectPropertyDomain"":4,""ObjectPropertyRange"":4,""SubClassOf"":1005,""SubObjectPropertyOf"":1,""TransitiveObjectProperty"":3}",209063,0,217010,0,1024,997,1,0,26,0,997,1,61797,26,4,899,0,1712,55591354,1,0,0,0,956,0,329879,0,0,4,10,0,0,0,330904,0,4,15,118897,0,1,0,1005,1904,3,0,503,0,
ore_ont_3712.owl,0,0,13189,13189,0,0,0,9867,0,0,0,0,13189,13189,1,0,1,0,0,0,True,False,ALI+,False,False,False,False,False,True,False,False,False,False,False,True,False,True,ALI+,1,0,0,"{""Declaration"":9867,""SubClassOf"":13189}",0,0,26378,0,9867,9867,0,0,0,0,9867,0,0,0,0,0,0,0,1950760,0,0,0,0,0,0,13189,0,0,0,1,0,0,0,23057,0,0,0,0,0,0,0,13189,13189,0,0,0,0,
ore_ont_3770.owl,0,0,333,333,0,0,0,112,0,0,0,0,333,333,1,0,1,0,133,0,True,False,ALHI+,False,False,False,False,False,True,False,False,False,False,True,True,False,True,ALHI+,1,36,0,"{""Declaration"":246,""ObjectPropertyAssertion"":36,""ObjectPropertyDomain"":111,""ObjectPropertyRange"":111,""SubObjectPropertyOf"":111}",0,0,222,0,246,112,0,0,134,0,112,0,36,134,111,0,0,0,77186,0,0,0,0,0,0,369,0,0,0,1,0,0,0,616,0,111,333,36,0,111,0,0,0,0,0,0,0,
ore_ont_3784.owl,0,0,30500,24354,0,5856,0,10343,0,0,0,0,24354,24354,4,0,1,0,27,0,True,False,SI,False,False,True,False,False,True,True,False,False,False,False,True,False,True,SI,1,0,0,"{""Declaration"":4354,""EquivalentClasses"":3088}",0,0,15699,0,4354,4327,0,0,27,0,4327,0,0,27,0,3088,0,3217,1080425,0,0,0,0,3088,0,3088,0,0,4,3,0,0,0,7443,0,0,0,0,0,0,0,0,3088,0,0,0,0,
ore_ont_3795.owl,21,0,7749,7029,0,598,0,4389,2,1,22,10,7009,7027,5,2,2,0,335,0,False,False,SHOIF(D),False,True,True,True,False,True,True,True,True,False,True,True,False,True,SHOIF(D),1,1686,0,"{""ClassAssertion"":1362,""DataPropertyDomain"":5,""DataPropertyRange"":18,""Declaration"":3871,""DifferentIndividuals"":84,""DisjointClasses"":63,""EquivalentClasses"":333,""EquivalentDataProperties"":4,""EquivalentObjectProperties"":40,""InverseObjectProperties"":16,""ObjectPropertyAssertion"":63,""ObjectPropertyDomain"":57,""ObjectPropertyRange"":156,""SameIndividual"":177,""SubClassOf"":4209,""SubObjectPropertyOf"":119,""SymmetricObjectProperty"":3,""TransitiveObjectProperty"":5}",1362,0,11274,17,3871,3534,29,0,308,63,3534,29,1285,308,62,333,5,114,1303127,0,0,278,0,0,0,6714,0,1,3,2,0,0,0,10586,0,174,423,63,0,123,0,4209,4605,5,2,366,5,
ore_ont_3797.owl,0,0,21054,20141,0,1826,0,8824,0,0,0,0,20141,20141,2,0,1,0,1,0,True,False,ALEI+,False,False,True,False,False,True,False,False,False,False,False,True,False,True,ALEI+,1,0,0,"{""Declaration"":7912,""SubClassOf"":17402}",0,0,52206,0,7912,7911,0,0,1,0,7911,0,0,1,0,0,0,17402,3682659,0,0,0,0,0,0,17402,0,0,2,2,0,0,0,25315,0,0,0,0,0,0,0,17402,17402,0,0,0,0,
ore_ont_380.owl,0,0,2407,2407,0,0,0,1214,0,0,0,0,2407,2407,1,0,1,0,0,0,True,False,ALI+,False,False,False,False,False,True,False,False,False,False,False,True,False,True,ALI+,1,0,0,"{""Declaration"":1214,""SubClassOf"":2407}",0,0,4814,0,1214,1214,0,0,0,0,1214,0,0,0,0,0,0,0,523670,0,0,0,0,0,0,2407,0,0,0,1,0,0,0,3622,0,0,0,0,0,0,0,2407,2407,0,0,0,0,
ore_ont_3836.owl,0,0,1952722,1931916,0,41612,0,79693,0,0,0,0,1931916,1931916,2,0,1,0,1,0,True,False,ALEI+,False,False,True,False,False,True,False,False,False,False,False,True,False,True,ALEI+,1,0,0,"{""Declaration"":58888,""SubClassOf"":1869498}",0,0,5570813,0,58888,58887,0,0,1,0,58887,0,0,1,0,0,0,1831817,349620447,0,0,0,0,0,0,1869498,0,0,2,2,0,0,0,1928387,0,0,0,0,0,0,0,1869498,1869498,0,0,0,0,
ore_ont_3842.owl,0,0,99,99,0,0,0,98,0,0,0,0,99,99,1,0,1,0,6,0,True,False,ALI+,False,False,False,False,False,True,False,False,False,False,False,True,False,True,ALI+,1,0,0,"{""Declaration"":104,""ObjectPropertyDomain"":4,""ObjectPropertyRange"":6,""SubClassOf"":86}",0,0,182,0,104,98,0,0,6,0,98,0,0,6,4,0,0,0,25739,0,0,0,0,0,0,96,0,0,0,1,0,0,0,201,0,6,10,0,0,0,0,86,86,0,0,0,0,
ore_ont_3905.owl,106,106,6732,6312,0,842,106,4263,106,107,106,0,6312,6206,2,2,2,0,496,0,False,False,SHOI,False,False,True,False,False,True,True,True,True,False,True,True,False,True,SHOI,1,1947,0,"{""ClassAssertion"":1211,""Declaration"":4240,""DifferentIndividuals"":76,""InverseObjectProperties"":23,""ObjectPropertyAssertion"":660,""SubClassOf"":4349,""SubObjectPropertyOf"":445}",1211,120,10461,0,4240,3735,0,0,505,0,3735,0,1266,505,0,0,0,432,1322840,0,0,0,0,0,0,6764,0,0,2,2,0,0,0,11005,0,0,468,660,0,445,0,4349,4349,0,0,0,0,
ore_ont_3909.owl,0,0,71,69,0,4,0,78,0,0,1,0,68,69,2,0,1,0,2,0,True,False,SI,False,False,True,False,False,True,True,False,False,False,False,True,False,True,SI,1,0,0,"{""Declaration"":77,""SubClassOf"":62}",0,0,126,0,77,75,0,0,2,0,75,0,0,2,0,0,0,2,23523,0,0,0,0,0,0,62,0,0,2,2,0,0,0,140,0,0,0,0,0,0,0,62,62,0,0,0,0,
ore_ont_3931.owl,0,0,4184,3883,0,50,0,2598,0,1,1,1,3882,3883,3,0,1,0,23,0,False,False,SHIF,False,False,True,True,False,True,True,False,False,False,True,True,False,True,SHIF,1,0,0,"{""Declaration"":2330,""DisjointClasses"":60,""EquivalentClasses"":193,""FunctionalObjectProperty"":1,""InverseObjectProperties"":2,""ObjectPropertyDomain"":15,""ObjectPropertyRange"":13,""SubClassOf"":2526,""SubObjectPropertyOf"":5,""TransitiveObjectProperty"":6}",0,0,6192,0,2330,2306,0,0,24,60,2306,0,0,24,15,193,0,218,451537,1,0,0,0,193,0,2821,0,0,3,3,0,0,0,5152,0,13,42,0,0,5,0,2526,2779,6,0,0,0,
ore_ont_394.owl,0,0,1161,995,0,186,0,379,0,1,0,0,995,995,6,0,1,0,67,0,True,False,SHOI,False,False,True,False,False,True,True,True,True,False,True,True,False,True,SHOI,1,33,0,"{""ClassAssertion"":15,""Declaration"":301,""DifferentIndividuals"":1,""ObjectPropertyAssertion"":17,""SubClassOf"":479,""SubObjectPropertyOf"":75}",15,0,1243,0,301,234,0,0,67,0,234,0,16,67,0,0,0,173,122116,0,0,0,0,41,0,587,0,0,6,2,2,0,5,889,0,0,75,17,7,75,0,479,479,0,0,0,0,
ore_ont_3954.owl,0,0,29550,22890,0,4440,0,13601,0,0,0,0,22890,22890,2,0,1,0,2,0,True,False,SI,False,False,True,False,False,True,True,False,False,False,False,True,False,True,SI,1,139447,0,"{""ClassAssertion"":139447,""Declaration"":9163,""SubClassOf"":9567,""TransitiveObjectProperty"":2}",139447,0,164812,0,9163,9161,0,0,2,0,9161,0,139447,2,0,0,0,6231,13550238,0,0,0,0,0,0,149016,0,0,2,2,0,0,0,158180,0,0,2,0,0,0,0,9567,9567,2,0,0,0,
ore_ont_3978.owl,0,0,5950,4758,0,906,0,2087,0,0,0,0,4758,4758,5,0,1,0,32,0,True,False,SHI,False,False,True,False,False,True,True,False,False,False,True,True,False,True,SHI,1,3,0,"{""ClassAssertion"":3,""Declaration"":994,""EquivalentClasses"":657,""SubClassOf"":6,""SubObjectPropertyOf"":10,""TransitiveObjectProperty"":2}",3,0,3412,0,994,962,0,0,32,0,962,0,3,32,0,657,0,717,215817,0,0,0,0,657,0,678,0,0,5,3,0,0,0,1673,0,0,12,0,0,10,0,6,663,2,0,0,0,
ore_ont_4033.owl,0,0,353760,275369,0,86312,0,87522,0,0,0,0,275369,275369,3,0,1,0,22,0,True,False,ALEI+,False,False,True,False,False,True,False,False,False,False,False,True,False,True,ALEI+,1,34959,0,"{""ClassAssertion"":34959,""Declaration"":9180,""SubClassOf"":40250}",34959,0,332960,0,9180,9158,0,0,22,0,9158,0,34875,22,0,0,0,145973,21847521,0,0,0,0,35723,0,75209,0,0,3,6,0,0,0,84390,0,0,0,0,0,0,0,40250,40250,0,0,0,0,
ore_ont_4054.owl,0,0,126054,106416,0,13874,0,45529,0,0,0,0,106416,106416,2,0,1,0,5,0,True,False,SRI,True,False,True,False,False,True,True,False,False,False,True,False,False,True,SRI,1,180400,0,"{""ClassAssertion"":180400,""Declaration"":30174,""EquivalentClasses"":4145,""SubClassOf"":53650,""SubObjectPropertyOf"":3,""TransitiveObjectProperty"":2}",180400,0,317920,0,30174,30169,0,0,5,0,30169,0,180400,5,0,4145,0,13640,23591906,0,0,0,0,4145,0,238200,0,0,2,3,2,0,0,268375,0,0,5,0,1,3,0,53650,57795,2,0,0,0,
ore_ont_412.owl,0,0,4785,4136,0,648,0,1692,0,1,0,0,4136,4136,5,0,1,0,118,0,True,False,SHI,False,False,True,False,False,True,True,False,False,False,True,True,False,True,SHI,1,0,0,"{""Declaration"":1283,""SubClassOf"":2317,""SubObjectPropertyOf"":181}",0,0,5620,0,1283,1165,0,0,118,0,1165,0,0,118,0,0,0,599,422569,0,0,0,0,155,0,2498,0,0,5,2,2,0,0,3782,0,0,181,0,18,181,0,2317,2317,0,0,0,0,
ore_ont_4187.owl,0,0,8932,6695,0,1256,0,2556,0,1,0,1,6695,6695,3,0,1,0,11,0,False,False,SHIF,False,False,True,True,False,True,True,False,False,False,True,True,False,True,SHIF,1,394902,0,"{""ClassAssertion"":245631,""DataPropertyAssertion"":130,""Declaration"":811,""EquivalentClasses"":615,""FunctionalObjectProperty"":1,""InverseObjectProperties"":2,""ObjectPropertyAssertion"":149141,""ObjectPropertyDomain"":4,""ObjectPropertyRange"":4,""SubClassOf"":793,""SubObjectPropertyOf"":1,""TransitiveObjectProperty"":3}",245631,0,250775,0,811,789,1,0,21,0,789,1,79467,21,4,615,0,1040,66470774,1,0,0,0,473,0,396325,0,0,2,8,0,0,0,397137,0,4,15,149271,0,1,0,793,1408,3,0,334,0,
ore_ont_4205.owl,10,10,790352,746795,0,87114,10,192451,10,10,10,0,746795,746785,2,2,2,0,97,0,True,False,SHI,False,False,True,False,False,True,True,False,False,False,True,True,False,True,SHI,1,0,0,"{""Declaration"":148981,""InverseObjectProperties"":5,""SubClassOf"":616030,""SubObjectPropertyOf"":74}",0,14,1760842,0,148981,148884,0,0,97,0,148884,0,0,97,0,0,0,528768,118661598,0,0,0,0,0,0,616109,0,0,2,2,0,0,0,765091,0,0,79,0,0,74,0,616030,616030,0,0,0,0,
ore_ont_4226.owl,0,0,30943,26294,0,9298,0,11434,0,0,0,0,26294,26294,2,0,1,0,6,0,True,False,ALEI+,False,False,True,False,False,True,False,False,False,False,False,True,False,True,ALEI+,1,0,0,"{""Declaration"":6791,""SubClassOf"":12347}",0,0,31704,0,6791,6785,0,0,6,0,6785,0,0,6,0,0,0,7010,2333235,0,0,0,0,0,0,12347,0,0,2,2,0,0,0,19139,0,0,0,0,0,0,0,12347,12347,0,0,0,0,
ore_ont_4235.owl,0,0,24422,24422,0,0,0,24423,0,0,0,0,24422,24422,1,0,1,0,0,0,True,False,ALI+,False,False,False,False,False,True,False,False,False,False,False,True,False,True,ALI+,1,0,0,"{""Declaration"":24423,""SubClassOf"":24422}",0,0,48844,0,24423,24423,0,0,0,0,24423,0,0,0,0,0,0,0,4396400,0,0,0,0,0,0,24422,0,0,0,1,0,0,0,48846,0,0,0,0,0,0,0,24422,24422,0,0,0,0,
ore_ont_4382.owl,0,0,686,622,0,128,0,422,0,0,0,0,622,622,2,0,1,0,1,0,True,False,ALEI+,False,False,True,False,False,True,False,False,False,False,False,True,False,True,ALEI+,1,0,0,"{""Declaration"":360,""SubClassOf"":430,""TransitiveObjectProperty"":1}",0,0,1027,0,360,358,0,0,2,0,358,0,0,2,0,0,0,167,85616,0,0,0,0,0,0,431,0,0,2,2,0,0,0,792,0,0,1,0,0,0,0,430,430,1,0,0,0,
ore_ont_4383.owl,0,0,11058,8684,0,1550,0,3952,0,0,0,0,8684,8684,4,0,1,0,7,0,True,False,SI,False,False,True,False,False,True,True,False,False,False,False,True,False,True,SI,1,0,0,"{""Declaration"":2004,""EquivalentClasses"":1200}",0,0,6846,0,2004,1997,0,0,7,0,1997,0,0,7,0,1200,0,1622,445965,0,0,0,0,1200,0,1200,0,0,4,3,0,0,0,3205,0,0,0,0,0,0,0,0,1200,0,0,0,0,
ore_ont_4400.owl,0,0,733,733,0,0,0,575,0,0,0,0,733,733,1,0,1,0,0,0,True,False,ALI+,False,False,False,False,False,True,False,False,False,False,False,True,False,True,ALI+,1,602,0,"{""ClassAssertion"":602,""Declaration"":575,""SubClassOf"":732}",602,0,2066,0,575,575,0,0,0,0,575,0,602,0,0,0,0,0,210392,0,0,0,0,0,0,1334,0,0,0,1,0,0,0,1910,0,0,0,0,0,0,0,732,732,0,0,0,0,
ore_ont_443.owl,238,0,1624,1072,0,118,0,276,15,1,239,48,866,1057,5,6,6,0,64,0,False,False,SHIF(D),False,True,True,True,False,True,True,False,False,False,True,True,False,True,SHIF(D),1,11008,0,"{""ClassAssertion"":2181,""DataPropertyAssertion"":3959,""DataPropertyDomain"":33,""DataPropertyRange"":33,""Declaration"":102,""DisjointClasses"":51,""ObjectPropertyAssertion"":4868,""ObjectPropertyDomain"":31,""ObjectPropertyRange"":31,""SubClassOf"":96,""SubObjectPropertyOf"":5,""TransitiveObjectProperty"":1}",2181,0,2620,1,102,38,33,0,31,51,38,33,2182,31,64,0,16,2,2225563,0,0,1,0,0,0,11289,29,1,6,3,0,6,0,11392,0,64,134,8827,0,5,0,96,147,1,15,6,51,
ore_ont_4460.owl,0,0,13832,13832,0,0,0,10549,0,0,0,0,13832,13832,1,0,1,0,0,0,True,False,ALI+,False,False,False,False,False,True,False,False,False,False,False,True,False,True,ALI+,1,0,0,"{""Declaration"":10549,""SubClassOf"":13832}",0,0,27664,0,10549,10549,0,0,0,0,10549,0,0,0,0,0,0,0,2058695,0,0,0,0,0,0,13832,0,0,0,1,0,0,0,24382,0,0,0,0,0,0,0,13832,13832,0,0,0,0,
ore_ont_4487.owl,0,0,87461,83741,0,6712,0,38128,0,0,1,0,83740,83741,3,0,1,0,27,0,True,False,SHI,False,False,True,False,False,True,True,False,False,False,True,True,False,True,SHI,1,0,0,"{""Declaration"":34514,""DisjointClasses"":5,""EquivalentClasses"":219,""SubClassOf"":72346,""SubObjectPropertyOf"":9,""SymmetricObjectProperty"":5,""TransitiveObjectProperty"":9}",0,0,179055,0,34514,34485,0,0,29,5,34485,0,0,29,0,219,0,33461,13370240,0,0,0,0,219,0,72593,0,0,3,3,0,0,0,107108,0,0,23,0,0,9,0,72346,72570,9,0,0,0,
ore_ont_4527.owl,0,0,2698,2574,0,192,0,2211,0,0,0,0,2574,2574,2,0,1,0,3,0,True,False,SI,False,False,True,False,False,True,True,False,False,False,False,True,False,True,SI,1,1826,0,"{""ClassAssertion"":1826,""Declaration"":2105,""SubClassOf"":2241,""TransitiveObjectProperty"":2}",1826,0,6500,0,2105,2101,0,0,4,0,2101,0,1826,4,0,0,0,192,521596,0,0,0,0,0,0,4069,0,0,2,2,0,0,0,6175,0,0,2,0,0,0,0,2241,2241,2,0,0,0,
ore_ont_4557.owl,0,0,618357,479705,0,149806,0,157410,0,0,0,0,479705,479705,2,0,1,0,4,0,True,False,ALEI+,False,False,True,False,False,True,False,False,False,False,False,True,False,True,ALEI+,1,63749,0,"{""ClassAssertion"":63749,""Declaration"":18762,""SubClassOf"":63749}",63749,0,573741,0,18762,18758,0,0,4,0,18758,0,63749,4,0,0,0,254996,36981520,0,0,0,0,63749,0,127498,0,0,2,4,0,0,0,146261,0,0,0,0,0,0,0,63749,63749,0,0,0,0,
ore_ont_457.owl,0,0,5808,4650,0,1080,0,2032,0,0,0,0,4650,4650,4,0,1,0,33,0,True,False,SI,False,False,True,False,False,True,True,False,False,False,False,True,False,True,SI,1,0,0,"{""Declaration"":922,""EquivalentClasses"":603}",0,0,3044,0,922,889,0,0,33,0,889,0,0,33,0,603,0,617,221104,0,0,0,0,603,0,603,0,0,4,3,0,0,0,1526,0,0,0,0,0,0,0,0,603,0,0,0,0,
ore_ont_4572.owl,0,0,749,580,0,56,0,181,0,1,1,29,579,580,2,0,1,0,33,0,True,False,SIF(D),False,True,False,True,False,True,True,False,False,False,False,True,False,True,SIF(D),1,223139,0,"{""ClassAssertion"":32990,""DataPropertyAssertion"":98867,""DataPropertyDomain"":28,""DataPropertyRange"":28,""Declaration"":69,""DisjointClasses"":7,""FunctionalDataProperty"":28,""FunctionalObjectProperty"":1,""ObjectPropertyAssertion"":91282,""ObjectPropertyDomain"":5,""ObjectPropertyRange"":5,""SubClassOf"":31,""TransitiveObjectProperty"":1}",32990,0,33115,0,69,36,28,0,5,7,36,28,32990,5,33,0,0,0,55753906,29,0,0,0,0,0,223273,0,0,0,1,0,0,0,223343,0,33,96,190149,0,0,0,31,38,1,0,0,0,
ore_ont_4578.owl,0,0,10309,10291,0,12,0,8759,0,0,0,0,10291,10291,2,0,1,0,4,0,True,False,SRI,True,False,True,False,False,True,True,False,False,False,True,False,False,True,SRI,1,0,0,"{""Declaration"":8752,""SubClassOf"":10253,""SubObjectPropertyOf"":3,""TransitiveObjectProperty"":2}",0,0,20513,0,8752,8747,0,0,5,0,8747,0,0,5,0,0,0,7,1586922,0,0,0,0,0,0,10258,0,0,2,2,2,0,0,19011,0,0,5,0,1,3,0,10253,10253,2,0,0,0,
ore_ont_4604.owl,0,0,436174,377209,0,50764,0,140515,26,0,1,0,377248,377183,12,6,6,0,9,0,True,False,SI,False,False,True,False,False,True,True,False,False,False,False,True,False,True,SI,1,0,0,"{""Declaration"":83212,""DisjointClasses"":693,""EquivalentClasses"":30409,""SubClassOf"":142896,""TransitiveObjectProperty"":6}",0,0,498255,0,83212,83200,0,0,12,693,83200,0,0,12,0,30409,0,88582,36459115,0,0,0,0,30383,0,174004,0,0,12,3,0,0,0,257217,0,0,6,0,0,0,0,142896,173998,6,26,0,0,
ore_ont_4617.owl,0,0,103659,99779,0,3162,0,62084,0,0,1,0,99778,99779,2,0,1,0,6,0,True,False,SI,False,False,True,False,False,True,True,False,False,False,False,True,False,True,SI,1,0,0,"{""Declaration"":59016,""DisjointClasses"":693,""SubClassOf"":89854,""TransitiveObjectProperty"":6}",0,0,186273,0,59016,59006,0,0,10,693,59006,0,0,10,0,0,0,5179,13776462,0,0,0,0,0,0,90553,0,0,2,2,0,0,0,149570,0,0,6,0,0,0,0,89854,90547,6,0,0,0,
ore_ont_4655.owl,0,0,10434,8926,0,3016,0,5866,0,0,0,0,8926,8926,2,0,1,0,2,0,True,False,ALEI+,False,False,True,False,False,True,False,False,False,False,False,True,False,True,ALEI+,1,0,0,"{""Declaration"":4360,""SubClassOf"":4402}",0,0,13037,0,4360,4358,0,0,2,0,4358,0,0,2,0,0,0,4233,1219965,0,0,0,0,0,0,4402,0,0,2,2,0,0,0,8763,0,0,0,0,0,0,0,4402,4402,0,0,0,0,
ore_ont_4662.owl,0,0,21277,18043,0,6468,0,11576,0,0,0,0,18043,18043,2,0,1,0,1,0,True,False,ALEI+,False,False,True,False,False,True,False,False,False,False,False,True,False,True,ALEI+,1,16685,0,"{""ClassAssertion"":16685,""Declaration"":8343,""SubClassOf"":8339}",16685,0,41679,0,8343,8342,0,0,1,0,8342,0,16685,1,0,0,0,8316,3169283,0,0,0,0,0,0,25024,0,0,2,2,0,0,0,33368,0,0,0,0,0,0,0,8339,8339,0,0,0,0,
ore_ont_4669.owl,109484,72989,638173,526810,0,93628,72989,247061,72989,72990,109485,1,490314,453821,3,2,2,0,13,0,False,False,SRIF,True,False,True,True,False,True,True,False,False,False,True,False,False,True,SRIF,1,0,0,"{""Declaration"":73002,""DisjointClasses"":6,""EquivalentClasses"":44010,""FunctionalObjectProperty"":1,""InverseObjectProperties"":2,""ObjectPropertyDomain"":4,""ObjectPropertyRange"":4,""SubClassOf"":68742,""SubObjectPropertyOf"":6,""TransitiveObjectProperty"":3}",0,36495,334773,0,73002,72989,0,0,13,6,72989,0,0,13,4,44010,0,57692,23838250,1,0,0,0,7515,0,112778,0,0,3,3,2,0,0,185781,0,4,20,0,3,6,0,68742,112758,3,0,0,0,
ore_ont_4671.owl,0,0,1622,1427,0,390,0,795,0,0,0,0,1427,1427,2,0,1,0,1,0,True,False,ALEI+,False,False,True,False,False,True,False,False,False,False,False,True,False,True,ALEI+,1,0,0,"{""Declaration"":602,""SubClassOf"":842,""TransitiveObjectProperty"":1}",0,0,2142,0,602,600,0,0,2,0,600,0,0,2,0,0,0,458,178187,0,0,0,0,0,0,843,0,0,2,2,0,0,0,1446,0,0,1,0,0,0,0,842,842,1,0,0,0,
ore_ont_4724.owl,0,0,198,198,0,0,0,67,0,0,0,0,198,198,1,0,1,0,85,0,True,False,ALHI+,False,False,False,False,False,True,False,False,False,False,True,True,False,True,ALHI+,1,0,0,"{""Declaration"":152,""ObjectPropertyDomain"":66,""ObjectPropertyRange"":66,""SubObjectPropertyOf"":66}",0,0,132,0,152,67,0,0,85,0,67,0,0,85,66,0,0,0,40691,0,0,0,0,0,0,198,0,0,0,1,0,0,0,351,0,66,198,0,0,66,0,0,0,0,0,0,0,
ore_ont_4732.owl,0,0,13077,13077,0,0,0,10572,0,0,0,0,13077,13077,1,0,1,0,0,0,True,False,ALI+,False,False,False,False,False,True,False,False,False,False,False,True,False,True,ALI+,1,0,0,"{""Declaration"":10572,""SubClassOf"":13077}",0,0,26154,0,10572,10572,0,0,0,0,10572,0,0,0,0,0,0,0,1984671,0,0,0,0,0,0,13077,0,0,0,1,0,0,0,23650,0,0,0,0,0,0,0,13077,13077,0,0,0,0,
ore_ont_4755.owl,0,0,101462,88250,0,11262,0,39118,0,0,1,0,88249,88250,2,0,1,0,4,0,True,False,SHI,False,False,True,False,False,True,True,False,False,False,True,True,False,True,SHI,1,244181,0,"{""ClassAssertion"":244181,""Declaration"":27894,""DisjointClasses"":3,""EquivalentClasses"":3608,""SubClassOf"":47343,""SubObjectPropertyOf"":2,""TransitiveObjectProperty"":1}",244181,0,364492,0,27894,27890,0,0,4,3,27890,0,244181,4,0,3608,0,11187,28063664,0,0,0,0,3608,0,295138,0,0,2,3,0,0,0,323033,0,0,3,0,0,2,0,47343,50954,1,0,0,0,
ore_ont_4767.owl,0,0,594,532,0,124,0,397,0,0,0,0,532,532,2,0,1,0,4,0,True,False,ALEHI+,False,False,True,False,False,True,False,False,False,False,True,True,False,True,ALEHI+,1,0,0,"{""Declaration"":340,""SubClassOf"":344,""SubObjectPropertyOf"":2,""TransitiveObjectProperty"":1}",0,0,754,0,340,335,0,0,5,0,335,0,0,5,0,0,0,66,64747,0,0,0,0,0,0,347,0,0,2,2,0,0,0,688,0,0,3,0,0,2,0,344,344,1,0,0,0,
ore_ont_4782.owl,0,0,95294,92210,0,5364,0,40325,0,0,1,0,92209,92210,3,0,1,0,86,0,True,False,SHI,False,False,True,False,False,True,True,False,False,False,True,True,False,True,SHI,1,0,0,"{""Declaration"":37430,""DisjointClasses"":5,""EquivalentClasses"":219,""SubClassOf"":82725,""SubObjectPropertyOf"":64,""SymmetricObjectProperty"":5,""TransitiveObjectProperty"":21}",0,0,206685,0,37430,37337,0,0,93,5,37337,0,0,93,0,219,0,40333,17117161,0,0,0,0,219,0,83039,0,0,3,3,0,0,0,120470,0,0,90,0,0,64,0,82725,82949,21,0,0,0,
ore_ont_4798.owl,0,0,4553,4517,0,72,0,4353,0,0,0,0,4517,4517,2,0,1,0,4,0,True,False,ALEI+,False,False,True,False,False,True,False,False,False,False,False,True,False,True,ALEI+,1,0,0,"{""Declaration"":4325,""SubClassOf"":4409,""TransitiveObjectProperty"":4}",0,0,8911,0,4325,4317,0,0,8,0,4317,0,0,8,0,0,0,93,765264,0,0,0,0,0,0,4413,0,0,2,2,0,0,0,8739,0,0,4,0,0,0,0,4409,4409,4,0,0,0,
ore_ont_4802.owl,0,0,232661,208869,0,42968,0,77842,0,0,0,0,208869,208869,2,0,1,0,9,0,True,False,SI,False,False,True,False,False,True,True,False,False,False,False,True,False,True,SI,1,0,0,"{""Declaration"":55214,""SubClassOf"":140955,""TransitiveObjectProperty"":2}",0,0,337245,0,55214,55204,0,0,10,0,55204,0,0,10,0,0,0,55335,23749223,0,0,0,0,0,0,140957,0,0,2,2,0,0,0,196172,0,0,2,0,0,0,0,140955,140955,2,0,0,0,
ore_ont_4827.owl,2,2,1595,1502,0,70,2,988,12,3,3,4,1519,1490,5,7,7,0,56,0,False,False,SHIF,False,False,True,True,False,True,True,False,False,False,True,True,False,True,SHIF,1,0,0,"{""DataPropertyDomain"":2,""Declaration"":921,""DisjointClasses"":1,""EquivalentClasses"":41,""ObjectPropertyDomain"":21,""ObjectPropertyRange"":45,""SubClassOf"":964,""SubDataPropertyOf"":4,""SubObjectPropertyOf"":47}",0,2,2223,0,921,865,6,0,50,1,865,6,0,50,23,41,4,28,191942,0,30,0,0,39,0,1125,0,1,7,3,0,2,0,2047,0,45,119,0,0,51,0,964,1006,0,11,0,6,
ore_ont_4834.owl,21,0,7749,7029,0,598,0,4389,2,1,22,10,7009,7027,5,2,2,0,335,0,False,False,SHOIF(D),False,True,True,True,False,True,True,True,True,False,True,True,False,True,SHOIF(D),1,1689,0,"{""ClassAssertion"":1362,""DataPropertyAssertion"":2,""DataPropertyDomain"":5,""DataPropertyRange"":18,""Declaration"":3872,""DifferentIndividuals"":84,""DisjointClasses"":63,""EquivalentClasses"":333,""EquivalentDataProperties"":4,""EquivalentObjectProperties"":40,""InverseObjectProperties"":16,""ObjectPropertyAssertion"":64,""ObjectPropertyDomain"":57,""ObjectPropertyRange"":156,""SameIndividual"":177,""SubClassOf"":4209,""SubObjectPropertyOf"":119,""SymmetricObjectProperty"":3,""TransitiveObjectProperty"":5}",1362,0,11274,17,3872,3534,30,0,308,63,3534,30,1285,308,62,333,5,114,1303745,0,0,278,0,0,0,6717,0,1,3,2,0,0,0,10590,0,174,423,66,0,123,0,4209,4605,5,2,366,5,
ore_ont_4856.owl,0,0,312,259,0,108,0,115,0,1,1,0,258,259,2,0,1,0,38,0,True,False,SI,False,False,True,False,False,True,True,False,False,False,False,True,False,True,SI,1,1,0,"{""ClassAssertion"":1,""Declaration"":100,""SubClassOf"":76}",1,0,207,0,100,59,0,0,41,0,59,0,1,41,0,0,0,54,16983,0,0,0,0,0,0,77,0,0,2,2,0,0,0,178,0,0,0,0,0,0,0,76,76,0,0,0,0,
ore_ont_4897.owl,0,0,577,503,0,36,0,224,12,0,1,0,523,491,2,5,5,0,27,0,True,False,SHI,False,False,True,False,False,True,True,False,False,False,True,True,False,True,SHI,1,0,0,"{""Declaration"":177,""DisjointClasses"":44,""EquivalentClasses"":13,""SubClassOf"":160,""SubObjectPropertyOf"":23,""TransitiveObjectProperty"":15}",0,0,488,0,177,143,0,0,34,44,143,0,0,34,0,13,0,19,44345,0,0,0,0,0,0,255,0,0,5,2,0,0,0,433,0,0,38,0,0,23,0,160,217,15,13,0,0,
ore_ont_5002.owl,0,0,30597,26003,0,9188,0,11322,0,0,0,0,26003,26003,2,0,1,0,5,0,True,False,ALEI+,False,False,True,False,False,True,False,False,False,False,False,True,False,True,ALEI+,1,0,0,"{""Declaration"":6733,""SubClassOf"":12221}",0,0,31420,0,6733,6728,0,0,5,0,6728,0,0,5,0,0,0,6978,2530615,0,0,0,0,0,0,12221,0,0,2,2,0,0,0,18955,0,0,0,0,0,0,0,12221,12221,0,0,0,0,
ore_ont_5057.owl,0,0,2397,1857,0,360,0,914,0,0,0,0,1857,1857,2,0,1,0,1,0,True,False,SI,False,False,True,False,False,True,True,False,False,False,False,True,False,True,SI,1,0,0,"{""Declaration"":555,""SubClassOf"":777,""TransitiveObjectProperty"":1}",0,0,1962,0,555,554,0,0,1,0,554,0,0,1,0,0,0,408,143118,0,0,0,0,0,0,778,0,0,2,2,0,0,0,1334,0,0,1,0,0,0,0,777,777,1,0,0,0,
ore_ont_508.owl,0,0,286,242,0,90,0,111,0,1,1,0,241,242,2,0,1,0,44,0,True,False,SI,False,False,True,False,False,True,True,False,False,False,False,True,False,True,SI,1,5,0,"{""ClassAssertion"":5,""Declaration"":110,""SubClassOf"":90}",5,0,230,0,110,64,0,0,46,0,64,0,5,46,0,0,0,45,23948,0,0,0,0,0,0,95,0,0,2,2,0,0,0,206,0,0,0,0,0,0,0,90,90,0,0,0,0,
ore_ont_5080.owl,0,0,4942,4412,0,908,0,2178,0,0,0,0,4412,4412,2,0,1,0,9,0,True,False,SI,False,False,True,False,False,True,True,False,False,False,False,True,False,True,SI,1,0,0,"{""Declaration"":1660,""SubClassOf"":2822,""SubObjectPropertyOf"":3}",0,0,6845,0,1660,1648,0,0,12,0,1648,0,0,12,0,0,0,1049,468740,0,0,0,0,76,0,2825,0,0,2,2,2,0,0,4486,0,0,3,0,3,3,0,2822,2822,0,0,0,0,
ore_ont_5089.owl,0,0,440,385,0,98,0,164,0,1,1,0,384,385,3,0,1,0,49,0,True,False,SHI,False,False,True,False,False,True,True,False,False,False,True,True,False,True,SHI,1,0,0,"{""Declaration"":158,""SubClassOf"":159,""SubObjectPropertyOf"":64}",0,0,393,0,158,109,0,0,49,0,109,0,0,49,0,0,0,67,47130,0,0,0,0,3,0,223,0,0,3,2,2,0,0,382,0,0,64,0,1,64,0,159,159,0,0,0,0,
ore_ont_5090.owl,0,0,321,300,0,42,0,165,0,0,0,0,300,300,2,0,1,0,3,0,True,False,ALEI+,False,False,True,False,False,True,False,False,False,False,False,True,False,True,ALEI+,1,0,0,"{""Declaration"":147,""SubClassOf"":237}",0,0,570,0,147,144,0,0,3,0,144,0,0,3,0,0,0,96,42971,0,0,0,0,0,0,237,0,0,2,2,0,0,0,385,0,0,0,0,0,0,0,237,237,0,0,0,0,
ore_ont_5103.owl,0,0,3672,2793,0,536,0,1062,0,1,0,1,2793,2793,4,0,1,0,11,0,False,False,SHIF,False,False,True,True,False,True,True,False,False,False,True,True,False,True,SHIF,1,74340,0,"{""ClassAssertion"":46594,""DataPropertyAssertion"":373,""Declaration"":390,""EquivalentClasses"":281,""FunctionalObjectProperty"":1,""InverseObjectProperties"":2,""ObjectPropertyAssertion"":27373,""ObjectPropertyDomain"":4,""ObjectPropertyRange"":4,""SubClassOf"":376,""SubObjectPropertyOf"":1,""TransitiveObjectProperty"":3}",46594,0,48948,0,390,368,1,0,21,0,368,1,14728,21,4,281,0,464,12462443,1,0,0,0,217,0,75012,0,0,3,7,0,0,0,75403,0,4,15,27746,0,1,0,376,657,3,0,132,0,
ore_ont_5107.owl,6,6,90655,45758,0,632,6,122,12,7,44867,44863,953,45746,5,24,24,0,7,0,True,True,SOIN,False,False,True,True,False,True,True,True,True,False,False,True,False,True,SOIN,1,24,0,"{""ClassAssertion"":24,""Declaration"":56,""DisjointClasses"":4,""EquivalentClasses"":9,""FunctionalObjectProperty"":2,""ObjectPropertyDomain"":7,""ObjectPropertyRange"":7,""SubClassOf"":73}",24,6,245,0,56,49,0,0,7,4,49,0,24,7,7,9,1,8,17455,2,0,1,0,2,0,126,0,300,24,4,0,5,63,183,0,7,16,0,0,0,0,73,86,0,1,15,6,
ore_ont_5164.owl,0,0,528,528,0,0,0,177,0,0,0,0,528,528,1,0,1,0,200,0,True,False,ALHI+,False,False,False,False,False,True,False,False,False,False,True,True,False,True,ALHI+,1,58,0,"{""Declaration"":378,""ObjectPropertyAssertion"":58,""ObjectPropertyDomain"":176,""ObjectPropertyRange"":176,""SubObjectPropertyOf"":176}",0,0,352,0,378,177,0,0,201,0,177,0,58,201,176,0,0,0,115562,0,0,0,0,0,0,586,0,0,0,1,0,0,0,965,0,176,528,58,0,176,0,0,0,0,0,0,0,
ore_ont_5184.owl,6,3,972,825,0,102,3,308,4,4,8,1,821,821,3,2,2,0,55,0,False,True,SHOIN,False,False,True,False,False,True,True,True,True,False,True,True,False,True,SHOIN,1,93,0,"{""ClassAssertion"":17,""Declaration"":218,""DisjointClasses"":60,""EquivalentClasses"":6,""InverseObjectProperties"":27,""ObjectPropertyAssertion"":76,""ObjectPropertyDomain"":38,""ObjectPropertyRange"":37,""SubClassOf"":200,""SubObjectPropertyOf"":15,""SymmetricObjectProperty"":2,""TransitiveObjectProperty"":9}",17,0,698,0,218,161,0,0,57,60,161,0,15,57,38,6,0,45,100622,0,0,1,0,8,0,487,0,2,3,4,0,1,1,706,0,37,128,76,0,15,0,200,266,9,1,10,1,
ore_ont_5197.owl,0,0,6053,5695,0,346,0,3379,0,0,1,0,5694,5695,2,0,1,0,12,0,True,False,SRI,True,False,True,False,False,True,True,False,False,False,True,False,False,True,SRI,1,0,0,"{""Declaration"":3127,""DisjointClasses"":1,""SubClassOf"":4890,""SubObjectPropertyOf"":6,""TransitiveObjectProperty"":5}",0,0,10327,0,3127,3112,0,0,15,1,3112,0,0,15,0,0,0,545,753434,0,0,0,0,0,0,4902,0,0,2,2,2,0,0,8030,0,0,11,0,1,6,0,4890,4891,5,0,0,0,
ore_ont_5220.owl,0,0,519,519,0,0,0,504,0,0,0,0,519,519,1,0,1,0,0,0,True,False,ALI+,False,False,False,False,False,True,False,False,False,False,False,True,False,True,ALI+,1,1428,0,"{""ClassAssertion"":1428,""Declaration"":504,""SubClassOf"":516}",1428,0,2460,0,504,504,0,0,0,0,504,0,1428,0,0,0,0,0,196578,0,0,0,0,0,0,1944,0,0,0,1,0,0,0,2449,0,0,0,0,0,0,0,516,516,0,0,0,0,
ore_ont_5255.owl,0,0,185,166,0,34,0,107,0,0,0,0,166,166,2,0,1,0,2,0,True,False,SI,False,False,True,False,False,True,True,False,False,False,False,True,False,True,SI,1,0,0,"{""Declaration"":92,""SubClassOf"":112,""SymmetricObjectProperty"":1,""TransitiveObjectProperty"":2}",0,0,249,0,92,89,0,0,3,0,89,0,0,3,0,0,0,25,20845,0,0,0,0,0,0,115,0,0,2,2,0,0,0,208,0,0,3,0,0,0,0,112,112,2,0,0,0,
ore_ont_5266.owl,0,0,3400,3111,0,50,0,1841,0,0,1,0,3110,3111,3,0,1,0,11,0,True,False,SHI,False,False,True,False,False,True,True,False,False,False,True,True,False,True,SHI,1,0,0,"{""Declaration"":1567,""DisjointClasses"":59,""EquivalentClasses"":199,""SubClassOf"":1792,""SubObjectPropertyOf"":4,""TransitiveObjectProperty"":3}",0,0,4725,0,1567,1555,0,0,12,59,1555,0,0,12,0,199,0,225,365420,0,0,0,0,199,0,2057,0,0,3,3,0,0,0,3625,0,0,7,0,0,4,0,1792,2050,3,0,0,0,
ore_ont_5292.owl,4,0,126,106,0,2,0,80,1,1,4,5,103,105,5,2,2,0,29,0,False,False,ALHIF+,False,False,False,True,False,True,False,False,False,False,True,True,False,True,ALHIF+,1,18,0,"{""ClassAssertion"":18,""DataPropertyDomain"":1,""DataPropertyRange"":2,""Declaration"":105,""InverseObjectProperties"":11,""ObjectPropertyDomain"":9,""ObjectPropertyRange"":15,""SubClassOf"":30,""SubObjectPropertyOf"":2}",18,0,103,0,105,69,3,0,33,0,69,3,18,33,10,0,0,0,20746,0,0,0,0,0,0,88,5,1,2,1,0,0,0,194,0,17,40,0,0,2,0,30,30,0,0,0,5,
ore_ont_5303.owl,39,22,1181,937,0,118,22,337,38,23,40,0,942,899,4,3,3,0,8,0,True,False,SHI,False,False,True,False,False,True,True,False,False,False,True,True,False,True,SHI,1,0,0,"{""Declaration"":102,""DisjointClasses"":76,""EquivalentClasses"":25,""SubClassOf"":123,""SubObjectPropertyOf"":6,""TransitiveObjectProperty"":4}",0,5,666,0,102,94,0,0,8,76,94,0,0,8,0,25,0,73,41889,0,0,0,0,24,0,234,0,0,4,5,0,0,0,337,0,0,10,0,0,6,0,123,224,4,19,25,0,
ore_ont_5404.owl,0,0,804,733,0,144,0,206,0,1,1,0,732,733,2,0,1,0,133,0,False,False,SHI,False,False,True,False,False,True,True,False,False,False,True,True,True,True,SHI,1,0,0,"{""Declaration"":264,""InverseObjectProperties"":64,""SubClassOf"":196,""SubObjectPropertyOf"":184}",0,0,466,0,264,132,0,0,132,0,132,0,0,132,0,0,0,74,66463,0,0,0,0,0,0,444,0,0,2,2,0,0,0,709,0,0,248,0,0,184,0,196,196,0,0,0,0,
ore_ont_541.owl,14,10,1162,941,0,68,10,305,28,11,15,1,982,913,3,8,8,0,42,0,False,False,SRIF,True,False,True,True,False,True,True,False,False,False,True,False,True,True,SRIF,1,0,0,"{""Declaration"":98,""DisjointClasses"":14,""EquivalentClasses"":10,""FunctionalObjectProperty"":1,""InverseObjectProperties"":16,""ObjectPropertyDomain"":3,""ObjectPropertyRange"":3,""SubClassOf"":176,""SubObjectPropertyOf"":26,""TransitiveObjectProperty"":6}",0,10,742,0,98,59,0,0,39,14,59,0,0,39,3,10,0,41,57818,1,0,0,0,30,0,255,0,0,8,4,2,0,0,354,0,3,55,0,1,26,0,176,200,6,34,92,0,
ore_ont_544.owl,0,0,10660,8751,0,808,0,4196,0,0,0,0,8751,8751,2,0,1,0,1,0,True,False,SI,False,False,True,False,False,True,True,False,False,False,False,True,False,True,SI,1,0,0,"{""Declaration"":2288,""EquivalentClasses"":1512}",0,0,7560,0,2288,2287,0,0,1,0,2287,0,0,1,0,1512,0,1512,485666,0,0,0,0,1512,0,1512,0,0,2,3,0,0,0,3801,0,0,0,0,0,0,0,0,1512,0,0,0,0,
ore_ont_5462.owl,0,0,30496,24352,0,5856,0,10343,0,0,0,0,24352,24352,4,0,1,0,26,0,True,False,SI,False,False,True,False,False,True,True,False,False,False,False,True,False,True,SI,1,0,0,"{""Declaration"":4353,""EquivalentClasses"":3088}",0,0,15696,0,4353,4327,0,0,26,0,4327,0,0,26,0,3088,0,3216,1010536,0,0,0,0,3088,0,3088,0,0,4,3,0,0,0,7442,0,0,0,0,0,0,0,0,3088,0,0,0,0,
ore_ont_5485.owl,0,0,4611,4084,0,840,0,1791,0,0,1,0,4083,4084,2,0,1,0,6,0,True,False,SI,False,False,True,False,False,True,True,False,False,False,False,True,False,True,SI,1,0,0,"{""Declaration"":1272,""DisjointClasses"":36,""EquivalentClasses"":71,""SubClassOf"":2324,""TransitiveObjectProperty"":3}",0,0,6004,0,1272,1263,0,0,9,36,1263,0,0,9,0,71,0,1000,397702,0,0,0,0,71,0,2434,0,0,2,3,0,0,0,3707,0,0,3,0,0,0,0,2324,2431,3,0,0,0,
ore_ont_5487.owl,0,0,19884,19884,0,0,0,19892,0,0,0,0,19884,19884,1,0,1,0,0,0,True,False,ALI+,False,False,False,False,False,True,False,False,False,False,False,True,False,True,ALI+,1,0,0,"{""Declaration"":19892,""SubClassOf"":19884}",0,0,39768,0,19892,19892,0,0,0,0,19892,0,0,0,0,0,0,0,3898150,0,0,0,0,0,0,19884,0,0,0,1,0,0,0,39777,0,0,0,0,0,0,0,19884,19884,0,0,0,0,
ore_ont_5519.owl,0,0,429369,342030,0,58226,0,209205,0,0,0,0,342030,342030,2,0,1,0,2,0,True,False,SI,False,False,True,False,False,True,True,False,False,False,False,True,False,True,SI,1,214804,0,"{""ClassAssertion"":214804,""Declaration"":150981,""SubClassOf"":167349,""TransitiveObjectProperty"":2}",214804,0,706245,0,150981,150979,0,0,2,0,150979,0,214804,2,0,0,0,156743,54174684,0,0,0,0,0,0,382155,0,0,2,2,0,0,0,533137,0,0,2,0,0,0,0,167349,167349,2,0,0,0,
ore_ont_5549.owl,0,0,129420,99733,0,16772,0,42890,0,0,1,0,99732,99733,2,0,1,0,5,0,True,False,SRI,True,False,True,False,False,True,True,False,False,False,True,False,False,True,SRI,1,144897,0,"{""ClassAssertion"":144897,""Declaration"":23858,""DisjointClasses"":3,""SubClassOf"":50895,""SubObjectPropertyOf"":7,""TransitiveObjectProperty"":2}",144897,0,257671,0,23858,23851,0,0,7,3,23851,0,144897,7,0,0,0,10978,19074808,0,0,0,0,0,0,195804,0,0,2,2,2,0,0,219663,0,0,9,0,5,7,0,50895,50898,2,0,0,0,
ore_ont_5564.owl,42,0,974,830,0,52,0,477,2,1,43,9,789,828,5,2,2,0,70,0,False,False,SHOIF(D),False,True,True,True,False,True,True,True,True,False,True,True,False,True,SHOIF(D),1,315,0,"{""ClassAssertion"":103,""DataPropertyAssertion"":76,""DataPropertyDomain"":8,""DataPropertyRange"":9,""Declaration"":443,""DisjointClasses"":14,""EquivalentClasses"":31,""EquivalentDataProperties"":2,""EquivalentObjectProperties"":1,""InverseObjectProperties"":5,""ObjectPropertyAssertion"":134,""ObjectPropertyDomain"":16,""ObjectPropertyRange"":30,""SameIndividual"":2,""SubClassOf"":416,""SubDataPropertyOf"":3,""SubObjectPropertyOf"":12,""SymmetricObjectProperty"":1,""TransitiveObjectProperty"":7}",103,0,1140,9,443,370,22,0,51,14,370,22,103,51,24,31,2,2,166613,0,0,12,0,0,0,870,0,1,3,2,0,0,0,1314,0,39,94,210,0,17,0,416,461,7,1,57,2,
ore_ont_5566.owl,0,0,260753,244771,0,30530,0,121681,0,0,1,0,244770,244771,3,0,1,0,28,0,True,False,SHI,False,False,True,False,False,True,True,False,False,False,True,True,False,True,SHI,1,0,0,"{""Declaration"":105947,""DisjointClasses"":5,""EquivalentClasses"":290,""SubClassOf"":196871,""SubObjectPropertyOf"":9,""SymmetricObjectProperty"":5,""TransitiveObjectProperty"":9}",0,0,485897,0,105947,105917,0,0,30,5,105917,0,0,30,0,290,0,90969,37836524,0,0,0,0,290,0,197189,0,0,3,3,0,0,0,303137,0,0,23,0,0,9,0,196871,197166,9,0,0,0,
ore_ont_5572.owl,18,0,967,778,0,78,0,216,8,1,19,2,769,770,2,3,3,0,80,0,False,False,SHI,False,False,False,False,False,True,True,False,False,False,True,True,False,True,SHI,1,61,0,"{""ClassAssertion"":47,""DataPropertyDomain"":37,""DataPropertyRange"":31,""Declaration"":110,""DisjointClasses"":91,""InverseObjectProperties"":6,""ObjectPropertyAssertion"":14,""ObjectPropertyDomain"":43,""ObjectPropertyRange"":43,""SubClassOf"":15,""SubDataPropertyOf"":10,""SymmetricObjectProperty"":2,""TransitiveObjectProperty"":7}",47,0,409,0,110,30,37,0,43,91,30,37,47,43,80,0,0,0,50801,0,0,0,0,0,0,346,0,0,3,2,0,0,0,457,0,74,179,14,0,10,0,15,106,7,12,0,0,
ore_ont_5602.owl,0,0,637518,494530,0,154844,0,163213,0,0,0,0,494530,494530,2,0,1,0,4,0,True,False,ALEI+,False,False,True,False,False,True,False,False,False,False,False,True,False,True,ALEI+,1,65566,0,"{""ClassAssertion"":65566,""Declaration"":20229,""SubClassOf"":65566}",65566,0,590094,0,20229,20225,0,0,4,0,20225,0,65566,4,0,0,0,262264,38524132,0,0,0,0,65566,0,131132,0,0,2,4,0,0,0,151362,0,0,0,0,0,0,0,65566,65566,0,0,0,0,
ore_ont_5612.owl,0,0,210049,184815,0,38552,0,67117,0,0,1,0,184814,184815,2,0,1,0,9,0,True,False,SI,False,False,True,False,False,True,True,False,False,False,False,True,False,True,SI,1,0,0,"{""Declaration"":44869,""SubClassOf"":118046,""SubObjectPropertyOf"":2}",0,0,284220,0,44869,44860,0,0,9,0,44860,0,0,9,0,0,0,48124,18523455,0,0,0,0,2,0,118048,0,0,2,2,2,0,0,162918,0,0,2,0,2,2,0,118046,118046,0,0,0,0,
ore_ont_566.owl,0,0,2411,2411,0,0,0,1220,0,0,0,0,2411,2411,1,0,1,0,0,0,True,False,ALI+,False,False,False,False,False,True,False,False,False,False,False,True,False,True,ALI+,1,0,0,"{""Declaration"":1220,""SubClassOf"":2411}",0,0,4822,0,1220,1220,0,0,0,0,1220,0,0,0,0,0,0,0,524454,0,0,0,0,0,0,2411,0,0,0,1,0,0,0,3632,0,0,0,0,0,0,0,2411,2411,0,0,0,0,
ore_ont_5665.owl,0,0,1208,1007,0,402,0,618,0,0,0,0,1007,1007,2,0,1,0,2,0,True,False,ALEI+,False,False,True,False,False,True,False,False,False,False,False,True,False,True,ALEI+,1,0,0,"{""Declaration"":419,""SubClassOf"":404}",0,0,1010,0,419,417,0,0,2,0,417,0,0,2,0,0,0,202,81041,0,0,0,0,0,0,404,0,0,2,2,0,0,0,824,0,0,0,0,0,0,0,404,404,0,0,0,0,
ore_ont_5742.owl,0,0,98,98,0,0,0,88,0,0,0,0,98,98,1,0,1,0,0,0,True,False,ALI+,False,False,False,False,False,True,False,False,False,False,False,True,False,True,ALI+,1,0,0,"{""Declaration"":88,""SubClassOf"":98}",0,0,196,0,88,88,0,0,0,0,88,0,0,0,0,0,0,0,46941,0,0,0,0,0,0,98,0,0,0,1,0,0,0,187,0,0,0,0,0,0,0,98,98,0,0,0,0,
ore_ont_5755.owl,0,0,29772,23058,0,4476,0,13696,0,0,0,0,23058,23058,2,0,1,0,2,0,True,False,SI,False,False,True,False,False,True,True,False,False,False,False,True,False,True,SI,1,143388,0,"{""ClassAssertion"":143388,""Declaration"":9222,""SubClassOf"":9627,""TransitiveObjectProperty"":2}",143388,0,168918,0,9222,9220,0,0,2,0,9220,0,143388,2,0,0,0,6276,13895269,0,0,0,0,0,0,153017,0,0,2,2,0,0,0,162240,0,0,2,0,0,0,0,9627,9627,2,0,0,0,
ore_ont_5760.owl,0,0,762991,595914,0,176286,0,187431,0,0,0,0,595914,595914,2,0,1,0,5,0,True,False,ALEI+,False,False,True,False,False,True,False,False,False,False,False,True,False,True,ALEI+,1,78934,0,"{""ClassAssertion"":78934,""Declaration"":20359,""SubClassOf"":94683}",78934,0,757653,0,20359,20354,0,0,5,0,20354,0,78934,5,0,0,0,331485,50886288,0,0,0,0,78934,0,173617,0,0,2,4,0,0,0,193977,0,0,0,0,0,0,0,94683,94683,0,0,0,0,
ore_ont_5781.owl,0,0,18358,16005,0,4298,0,11105,0,0,1,0,16004,16005,2,0,1,0,2,0,True,False,SI,False,False,True,False,False,True,True,False,False,False,False,True,False,True,SI,1,128056,0,"{""ClassAssertion"":128056,""Declaration"":8854,""SubClassOf"":9245,""SubObjectPropertyOf"":1}",128056,0,152522,0,8854,8852,0,0,2,0,8852,0,128056,2,0,0,0,5972,16633837,0,0,0,0,2,0,137302,0,0,2,2,2,0,0,146157,0,0,1,0,1,1,0,9245,9245,0,0,0,0,
ore_ont_5792.owl,0,0,8926,8926,0,0,0,7490,0,0,0,0,8926,8926,1,0,1,0,0,0,True,False,ALI+,False,False,False,False,False,True,False,False,False,False,False,True,False,True,ALI+,1,0,0,"{""Declaration"":7491,""SubClassOf"":8926,""TransitiveObjectProperty"":1}",0,0,17852,0,7491,7490,0,0,1,0,7490,0,0,1,0,0,0,0,1372487,0,0,0,0,0,0,8927,0,0,0,1,0,0,0,16419,0,0,1,0,0,0,0,8926,8926,1,0,0,0,
ore_ont_5815.owl,0,0,29380,27006,0,4748,0,24632,0,0,0,0,27006,27006,2,0,1,0,1,0,True,False,ALEI+,False,False,True,False,False,True,False,False,False,False,False,True,False,True,ALEI+,1,0,0,"{""Declaration"":22259,""SubClassOf"":19884}",0,0,59652,0,22259,22258,0,0,1,0,22258,0,0,1,0,0,0,19884,5738004,0,0,0,0,0,0,19884,0,0,2,2,0,0,0,42144,0,0,0,0,0,0,0,19884,19884,0,0,0,0,
ore_ont_5852.owl,0,0,60,60,0,0,0,74,0,0,0,0,60,60,1,0,1,0,0,0,True,False,ALI+,False,False,False,False,False,True,False,False,False,False,False,True,False,True,ALI+,1,0,0,"{""Declaration"":74,""SubClassOf"":60}",0,0,120,0,74,74,0,0,0,0,74,0,0,0,0,0,0,0,22764,0,0,0,0,0,0,60,0,0,0,1,0,0,0,135,0,0,0,0,0,0,0,60,60,0,0,0,0,
ore_ont_5927.owl,0,0,171131,158776,0,24710,0,91332,0,0,0,0,158776,158776,2,0,1,0,7,0,True,False,ALEHI+,False,False,True,False,False,True,False,False,False,False,True,True,False,True,ALEHI+,1,0,0,"{""Declaration"":78984,""SubClassOf"":121708,""SubObjectPropertyOf"":3,""TransitiveObjectProperty"":1}",0,0,286150,0,78984,78977,0,0,7,0,78977,0,0,7,0,0,0,42734,20177346,0,0,0,0,0,0,121712,0,0,2,2,0,0,0,200697,0,0,4,0,0,3,0,121708,121708,1,0,0,0,
ore_ont_5940.owl,0,0,2227,2075,0,304,0,849,2,0,0,0,2077,2073,2,2,2,0,8,0,True,False,SHI,False,False,True,False,False,True,True,False,False,False,True,True,False,True,SHI,1,0,0,"{""Declaration"":703,""EquivalentClasses"":2,""SubClassOf"":1608,""SubObjectPropertyOf"":1}",0,0,4145,0,703,695,0,0,8,0,695,0,0,8,0,2,0,921,265820,0,0,0,0,0,0,1611,0,0,2,2,0,0,0,2315,0,0,1,0,0,1,0,1608,1610,0,2,0,0,
ore_ont_5943.owl,21,0,7715,7013,0,592,0,4385,2,1,22,7,6993,7011,2,2,2,0,335,0,False,False,SHOI(D),False,True,True,False,False,True,True,True,True,False,True,True,False,True,SHOI(D),1,1694,0,"{""ClassAssertion"":1362,""DataPropertyDomain"":5,""DataPropertyRange"":18,""Declaration"":3876,""DifferentIndividuals"":84,""DisjointClasses"":63,""EquivalentClasses"":333,""EquivalentDataProperties"":4,""EquivalentObjectProperties"":40,""InverseObjectProperties"":16,""ObjectPropertyAssertion"":71,""ObjectPropertyDomain"":62,""ObjectPropertyRange"":156,""SameIndividual"":177,""SubClassOf"":4209,""SubObjectPropertyOf"":119,""SymmetricObjectProperty"":3,""TransitiveObjectProperty"":5}",1362,0,11279,17,3876,3539,29,0,308,63,3539,29,1285,308,67,333,0,114,1305325,0,0,278,0,0,0,6727,0,0,3,2,0,0,0,10604,0,174,428,71,0,123,0,4209,4605,5,2,366,0,
ore_ont_5965.owl,0,0,33014,28193,0,9642,0,18552,0,0,0,0,28193,28193,2,0,1,0,1,0,True,False,ALEI+,False,False,True,False,False,True,False,False,False,False,False,True,False,True,ALEI+,1,0,0,"{""Declaration"":13732,""SubClassOf"":13730}",0,0,41190,0,13732,13731,0,0,1,0,13731,0,0,1,0,0,0,13730,3015441,0,0,0,0,0,0,13730,0,0,2,2,0,0,0,27463,0,0,0,0,0,0,0,13730,13730,0,0,0,0,
ore_ont_5966.owl,0,0,559,506,0,108,0,325,0,1,0,0,506,506,2,0,1,0,7,0,True,False,SI,False,False,True,False,False,True,True,False,False,False,False,True,False,True,SI,1,44,0,"{""ClassAssertion"":44,""Declaration"":277,""SubClassOf"":325}",44,0,751,0,277,270,0,0,7,0,270,0,44,7,0,0,0,57,106931,0,0,0,0,0,0,369,0,0,2,2,0,0,0,647,0,0,0,0,0,0,0,325,325,0,0,0,0,
ore_ont_5974.owl,0,0,33025,28202,0,9642,0,18558,0,0,1,0,28201,28202,2,0,1,0,1,0,True,False,SI,False,False,True,False,False,True,True,False,False,False,False,True,False,True,SI,1,0,0,"{""Declaration"":13735,""SubClassOf"":13732}",0,0,41198,0,13735,13734,0,0,1,0,13734,0,0,1,0,0,0,13730,3015864,0,0,0,0,2,0,13732,0,0,2,2,0,0,0,27468,0,0,0,0,0,0,0,13732,13732,0,0,0,0,
ore_ont_6024.owl,0,0,368,362,0,0,0,91,0,1,0,0,362,362,2,0,1,0,260,0,True,False,ALI+,False,False,False,False,False,True,False,False,False,False,False,True,False,True,ALI+,1,0,0,"{""DataPropertyRange"":7,""Declaration"":342,""ObjectPropertyRange"":253,""SubClassOf"":94}",0,0,441,0,342,82,7,0,253,0,82,7,0,253,0,0,0,0,169055,0,0,0,0,0,0,354,0,0,0,1,0,0,0,697,0,260,260,0,0,0,0,94,94,0,0,0,0,
ore_ont_6060.owl,66,0,7978,7176,0,620,0,4431,2,1,67,17,7111,7174,5,2,2,0,335,0,False,False,SHOIF(D),False,True,True,True,False,True,True,True,True,False,True,True,False,True,SHOIF(D),1,1675,0,"{""ClassAssertion"":1362,""DataPropertyDomain"":5,""DataPropertyRange"":18,""Declaration"":3882,""DifferentIndividuals"":84,""DisjointClasses"":63,""EquivalentClasses"":334,""EquivalentDataProperties"":4,""EquivalentObjectProperties"":40,""InverseObjectProperties"":16,""ObjectPropertyAssertion"":52,""ObjectPropertyDomain"":58,""ObjectPropertyRange"":156,""SameIndividual"":177,""SubClassOf"":4241,""SubObjectPropertyOf"":119,""SymmetricObjectProperty"":3,""TransitiveObjectProperty"":5}",1362,0,11352,26,3882,3545,29,0,308,63,3545,29,1285,308,63,334,7,114,1307755,0,0,287,0,0,0,6737,0,1,3,2,0,0,0,10620,0,174,424,52,0,123,0,4241,4638,5,2,377,7,
ore_ont_6076.owl,0,0,46831,38210,0,3234,0,10295,0,0,1,0,38209,38210,8,0,1,0,28,0,True,False,SRI,True,False,True,False,False,True,True,False,False,False,True,False,False,True,SRI,1,0,0,"{""Declaration"":5679,""DisjointClasses"":2,""EquivalentClasses"":2647,""SubClassOf"":15457,""SubObjectPropertyOf"":6,""TransitiveObjectProperty"":5}",0,0,58112,0,5679,5650,0,0,29,2,5650,0,0,29,0,2647,0,13007,3464597,0,0,0,0,2647,0,18117,0,0,8,3,2,0,0,23797,0,0,11,0,1,6,0,15457,18106,5,0,0,0,
ore_ont_6102.owl,0,0,4286,3493,0,730,0,1633,0,1,0,0,3493,3493,2,0,1,0,15,0,True,False,SHI,False,False,True,False,False,True,True,False,False,False,True,True,False,True,SHI,1,46282,0,"{""ClassAssertion"":25129,""Declaration"":1012,""ObjectPropertyAssertion"":21153,""SubClassOf"":1396,""SubObjectPropertyOf"":12}",25129,0,29168,0,1012,986,0,0,26,0,986,0,11310,26,0,0,0,981,8764197,0,0,0,0,133,0,47690,0,0,2,2,2,0,0,48703,0,0,12,21153,3,12,0,1396,1396,0,0,0,0,
ore_ont_6198.owl,0,0,36310,28636,0,4002,0,11424,0,0,0,0,28636,28636,5,0,1,0,14,0,True,False,SI,False,False,True,False,False,True,True,False,False,False,False,True,False,True,SI,1,0,0,"{""Declaration"":6609,""EquivalentClasses"":2830,""SubClassOf"":5640,""TransitiveObjectProperty"":2}",0,0,31372,0,6609,6593,0,0,16,0,6593,0,0,16,0,2830,0,5929,2325334,0,0,0,0,2830,0,8472,0,0,5,3,0,0,0,15082,0,0,2,0,0,0,0,5640,8470,2,0,0,0,
ore_ont_6207.owl,0,0,305,299,0,12,0,270,0,0,0,0,299,299,2,0,1,0,5,0,True,False,ALEHI+,False,False,True,False,False,True,False,False,False,False,True,True,False,True,ALEHI+,1,0,0,"{""Declaration"":269,""SubClassOf"":277,""SubObjectPropertyOf"":4}",0,0,562,0,269,264,0,0,5,0,264,0,0,5,0,0,0,8,46987,0,0,0,0,0,0,281,0,0,2,2,0,0,0,551,0,0,4,0,0,4,0,277,277,0,0,0,0,
ore_ont_6212.owl,3,3,926244,887720,0,77048,3,339426,3,3,3,0,887720,887717,2,2,2,0,5,0,True,False,SI,False,False,True,False,False,True,True,False,False,False,False,True,False,True,SI,1,0,0,"{""Declaration"":300904,""SubClassOf"":772142}",0,4,2072463,0,300904,300899,0,0,5,0,300899,0,0,5,0,0,0,528175,137004898,0,0,0,0,0,0,772142,0,0,2,2,0,0,0,1073047,0,0,0,0,0,0,0,772142,772142,0,0,0,0,
ore_ont_6223.owl,0,0,151469,120285,0,17768,0,57289,0,0,1,0,120284,120285,2,0,1,0,5,0,True,False,SRI,True,False,True,False,False,True,True,False,False,False,True,False,False,True,SRI,1,266084,0,"{""ClassAssertion"":266084,""Declaration"":37258,""DisjointClasses"":6,""SubClassOf"":68447,""SubObjectPropertyOf"":7,""TransitiveObjectProperty"":2}",266084,0,415060,0,37258,37251,0,0,7,6,37251,0,266084,7,0,0,0,12070,31843252,0,0,0,0,0,0,334546,0,0,2,2,2,0,0,371805,0,0,9,0,5,7,0,68447,68453,2,0,0,0,
ore_ont_6226.owl,0,0,558,474,0,88,0,338,0,1,1,0,473,474,15,0,1,0,22,0,True,False,SOI,False,False,True,False,False,True,True,True,True,False,False,True,False,True,SOI,1,2951,0,"{""ClassAssertion"":476,""Declaration"":300,""ObjectPropertyAssertion"":2475,""SubClassOf"":271}",476,0,1117,0,300,278,0,0,22,0,278,0,963,22,0,0,0,45,566584,0,0,0,0,13,0,3222,0,0,15,2,0,0,1,3523,0,0,0,2475,0,0,0,271,271,0,0,0,0,
ore_ont_6230.owl,0,0,30520,25918,0,9204,0,11260,0,0,0,0,25918,25918,2,0,1,0,5,0,True,False,ALEI+,False,False,True,False,False,True,False,False,False,False,False,True,False,True,ALEI+,1,0,0,"{""Declaration"":6663,""SubClassOf"":12112}",0,0,31240,0,6663,6658,0,0,5,0,6658,0,0,5,0,0,0,7016,2519095,0,0,0,0,0,0,12112,0,0,2,2,0,0,0,18776,0,0,0,0,0,0,0,12112,12112,0,0,0,0,
ore_ont_6233.owl,0,0,1701028,1324179,0,401612,0,406820,0,0,0,0,1324179,1324179,2,0,1,0,5,0,True,False,ALEI+,False,False,True,False,False,True,False,False,False,False,False,True,False,True,ALEI+,1,176043,0,"{""ClassAssertion"":176043,""Declaration"":29976,""SubClassOf"":193632}",176043,0,1637154,0,29976,29971,0,0,5,0,29971,0,176043,5,0,0,0,721761,101501959,0,0,0,0,176043,0,369675,0,0,2,4,0,0,0,399652,0,0,0,0,0,0,0,193632,193632,0,0,0,0,
ore_ont_6246.owl,4,3,770,636,0,62,3,214,3,3,5,0,634,633,2,2,2,0,70,0,False,False,SHI,False,False,True,False,False,True,True,False,False,False,True,True,False,True,SHI,1,0,0,"{""Declaration"":146,""DisjointClasses"":18,""EquivalentClasses"":6,""InverseObjectProperties"":34,""ObjectPropertyDomain"":39,""ObjectPropertyRange"":39,""SubClassOf"":153,""SubObjectPropertyOf"":36}",0,4,581,0,146,76,0,0,70,18,76,0,0,70,39,6,0,31,74081,0,0,0,0,23,0,325,0,0,2,13,0,0,0,472,0,39,148,0,0,36,0,153,177,0,0,68,0,
ore_ont_6310.owl,0,0,32917,32918,0,0,0,32918,0,1,0,0,32918,32918,1,0,1,0,0,0,True,False,ALI+,False,False,False,False,False,True,False,False,False,False,False,True,False,True,ALI+,1,0,0,"{""Declaration"":32917,""SubClassOf"":32917}",0,0,65834,0,32917,32917,0,0,0,0,32917,0,0,0,0,0,0,0,7168781,0,0,0,0,0,0,32917,0,0,0,1,0,0,0,65835,0,0,0,0,0,0,0,32917,32917,0,0,0,0,
ore_ont_6358.owl,0,0,13679,13679,0,0,0,10428,0,0,0,0,13679,13679,1,0,1,0,0,0,True,False,ALI+,False,False,False,False,False,True,False,False,False,False,False,True,False,True,ALI+,1,0,0,"{""Declaration"":10428,""SubClassOf"":13679}",0,0,27358,0,10428,10428,0,0,0,0,10428,0,0,0,0,0,0,0,2035664,0,0,0,0,0,0,13679,0,0,0,1,0,0,0,24108,0,0,0,0,0,0,0,13679,13679,0,0,0,0,
ore_ont_637.owl,0,0,1053,989,0,126,0,528,0,0,0,0,989,989,2,0,1,0,9,0,True,False,SHI,False,False,True,False,False,True,True,False,False,False,True,True,False,True,SHI,1,0,0,"{""Declaration"":475,""SubClassOf"":794,""SubObjectPropertyOf"":6}",0,0,1783,0,475,464,0,0,11,0,464,0,0,11,0,0,0,193,125075,0,0,0,0,1,0,800,0,0,2,2,2,0,0,1276,0,0,6,0,3,6,0,794,794,0,0,0,0,
ore_ont_6417.owl,0,0,444,444,0,0,0,149,0,0,0,0,444,444,1,0,1,0,173,0,True,False,ALHI+,False,False,False,False,False,True,False,False,False,False,True,True,False,True,ALHI+,1,53,0,"{""Declaration"":323,""ObjectPropertyAssertion"":53,""ObjectPropertyDomain"":148,""ObjectPropertyRange"":148,""SubObjectPropertyOf"":148}",0,0,296,0,323,149,0,0,174,0,149,0,46,174,148,0,0,0,104123,0,0,0,0,0,0,497,0,0,0,1,0,0,0,821,0,148,444,53,0,148,0,0,0,0,0,0,0,
ore_ont_6423.owl,0,0,8794,7811,0,1108,0,3639,4,0,1,0,7822,7807,3,7,7,0,89,0,True,False,SHI,False,False,True,False,False,True,True,False,False,False,True,True,False,True,SHI,1,0,0,"{""Declaration"":2882,""DisjointClasses"":19,""EquivalentClasses"":142,""SubClassOf"":4887,""SubObjectPropertyOf"":64,""SymmetricObjectProperty"":1,""TransitiveObjectProperty"":4}",0,0,12172,0,2882,2792,0,0,90,19,2792,0,0,90,0,142,0,1774,845587,0,0,0,0,138,0,5117,0,0,7,3,0,0,0,8000,0,0,69,0,0,64,0,4887,5048,4,4,0,0,
ore_ont_6433.owl,0,0,16382,16382,0,0,0,15960,0,0,0,0,16382,16382,1,0,1,0,0,0,True,False,ALI+,False,False,False,False,False,True,False,False,False,False,False,True,False,True,ALI+,1,0,0,"{""Declaration"":15960,""SubClassOf"":16382}",0,0,32764,0,15960,15960,0,0,0,0,15960,0,0,0,0,0,0,0,4094283,0,0,0,0,0,0,16382,0,0,0,1,0,0,0,32343,0,0,0,0,0,0,0,16382,16382,0,0,0,0,
ore_ont_6453.owl,0,0,33014,28193,0,9642,0,18552,0,0,0,0,28193,28193,2,0,1,0,1,0,True,False,ALEI+,False,False,True,False,False,True,False,False,False,False,False,True,False,True,ALEI+,1,0,0,"{""Declaration"":13732,""SubClassOf"":13730}",0,0,41190,0,13732,13731,0,0,1,0,13731,0,0,1,0,0,0,13730,3015397,0,0,0,0,0,0,13730,0,0,2,2,0,0,0,27463,0,0,0,0,0,0,0,13730,13730,0,0,0,0,
ore_ont_6477.owl,0,0,530410,452447,0,155922,0,169368,0,0,1,0,452446,452447,2,0,1,0,5,0,True,False,SI,False,False,True,False,False,True,True,False,False,False,False,True,False,True,SI,1,66454,0,"{""ClassAssertion"":66454,""Declaration"":91409,""SubClassOf"":218557}",66454,0,722127,0,91409,91404,0,0,5,0,91404,0,66454,5,0,0,0,218555,51522958,0,0,0,0,2,0,285011,0,0,2,2,0,0,0,376421,0,0,0,0,0,0,0,218557,218557,0,0,0,0,
ore_ont_6566.owl,0,0,7519,6466,0,1112,0,2671,0,0,1,0,6465,6466,2,0,1,0,5,0,True,False,SI,False,False,True,False,False,True,True,False,False,False,False,True,False,True,SI,1,0,0,"{""Declaration"":1622,""DisjointClasses"":497,""SubClassOf"":2809}",0,0,7806,0,1622,1617,0,0,5,497,1617,0,0,5,0,0,0,1194,693438,0,0,0,0,0,0,3306,0,0,2,2,0,0,0,4929,0,0,0,0,0,0,0,2809,3306,0,0,0,0,
ore_ont_6589.owl,0,0,442,437,0,6,0,80,0,1,0,0,437,437,2,0,1,0,114,0,False,False,ALHI+,False,False,False,False,False,True,False,False,False,False,True,True,True,True,ALHI+,1,62,0,"{""ClassAssertion"":62,""DataPropertyDomain"":7,""DataPropertyRange"":3,""Declaration"":185,""EquivalentClasses"":2,""EquivalentObjectProperties"":1,""InverseObjectProperties"":1,""ObjectPropertyDomain"":109,""ObjectPropertyRange"":142,""SubClassOf"":57,""SubObjectPropertyOf"":97,""SymmetricObjectProperty"":1}",62,0,438,0,185,72,3,0,110,0,72,3,61,110,116,2,0,0,77626,0,0,0,0,0,0,482,0,0,0,1,0,0,0,668,0,145,361,0,0,97,0,57,59,0,0,0,0,
ore_ont_6659.owl,0,0,85430,72920,0,24868,0,30249,0,0,1,0,72919,72920,2,0,1,0,12,0,True,False,SHI,False,False,True,False,False,True,True,False,False,False,True,True,False,True,SHI,1,0,0,"{""Declaration"":17750,""SubClassOf"":35386,""SubObjectPropertyOf"":3}",0,0,98161,0,17750,17738,0,0,12,0,17738,0,0,12,0,0,0,27237,6553285,0,0,0,0,76,0,35389,0,0,2,2,0,0,0,53140,0,0,3,0,0,3,0,35386,35386,0,0,0,0,
ore_ont_6682.owl,0,0,407446,321549,0,37812,0,143856,59,1,1,0,321640,321490,133,9,9,0,102,0,True,False,SHI,False,False,True,False,False,True,True,False,False,False,True,True,False,True,SHI,1,89292,0,"{""DataPropertyDomain"":4,""DataPropertyRange"":4,""Declaration"":110831,""DisjointClasses"":196,""EquivalentClasses"":13129,""ObjectPropertyAssertion"":89292,""ObjectPropertyDomain"":87,""ObjectPropertyRange"":85,""SubClassOf"":143416,""SubObjectPropertyOf"":11,""TransitiveObjectProperty"":2}",0,0,492374,0,110831,110717,4,0,110,196,110717,4,40069,110,91,13129,0,99912,59817437,0,0,0,0,13350,0,246226,0,0,133,5,0,0,0,357058,0,89,193,89292,0,11,0,143416,156741,2,67,0,0,
ore_ont_6696.owl,0,0,3325,2715,0,336,0,1491,0,0,0,0,2715,2715,2,0,1,0,1,0,True,False,SI,False,False,True,False,False,True,True,False,False,False,False,True,False,True,SI,1,8,0,"{""ClassAssertion"":8,""Declaration"":882,""EquivalentClasses"":442}",8,0,2218,0,882,881,0,0,1,0,881,0,8,1,0,442,0,442,153674,0,0,0,0,442,0,450,0,0,2,3,0,0,0,1333,0,0,0,0,0,0,0,0,442,0,0,0,0,
ore_ont_670.owl,0,0,2325,2325,0,0,0,2038,0,0,0,0,2325,2325,1,0,1,0,0,0,True,False,ALI+,False,False,False,False,False,True,False,False,False,False,False,True,False,True,ALI+,1,0,0,"{""Declaration"":2039,""SubClassOf"":2325,""TransitiveObjectProperty"":1}",0,0,4650,0,2039,2038,0,0,1,0,2038,0,0,1,0,0,0,0,423629,0,0,0,0,0,0,2326,0,0,0,1,0,0,0,4366,0,0,1,0,0,0,0,2325,2325,1,0,0,0,
ore_ont_6720.owl,0,0,336,335,0,0,0,315,0,0,1,0,334,335,2,0,1,0,0,0,True,False,SOI,False,False,False,False,False,True,True,True,True,False,False,True,False,True,SOI,1,999,0,"{""ClassAssertion"":994,""Declaration"":313,""DisjointClasses"":1,""EquivalentClasses"":8,""SameIndividual"":5,""SubClassOf"":314}",994,0,1640,0,313,313,0,0,0,1,313,0,979,0,0,8,0,0,151311,0,0,0,0,0,0,1322,0,0,0,1,0,0,0,1636,0,0,0,0,0,0,0,314,323,0,0,0,0,
ore_ont_6722.owl,0,0,137981,129949,0,5432,0,56457,0,1,1,0,129948,129949,9,0,1,0,164,0,True,False,SROI,True,False,True,False,False,True,True,True,True,False,True,False,True,True,SROI,1,37,0,"{""ClassAssertion"":35,""Declaration"":51157,""DifferentIndividuals"":2,""SubClassOf"":113333,""SubObjectPropertyOf"":232}",35,0,267713,0,51157,50989,0,0,168,0,50989,0,18,168,0,0,0,40523,20708966,0,0,0,0,231,0,113602,0,0,9,2,2,0,0,164760,0,0,232,0,55,232,0,113333,113333,0,0,0,0,
ore_ont_6735.owl,0,0,213,213,0,0,0,214,0,0,0,0,213,213,1,0,1,0,0,0,True,False,ALI+,False,False,False,False,False,True,False,False,False,False,False,True,False,True,ALI+,1,0,0,"{""Declaration"":214,""SubClassOf"":213}",0,0,426,0,214,214,0,0,0,0,214,0,0,0,0,0,0,0,34731,0,0,0,0,0,0,213,0,0,0,1,0,0,0,428,0,0,0,0,0,0,0,213,213,0,0,0,0,
ore_ont_6751.owl,0,0,11888,11886,0,0,0,9709,0,0,1,0,11885,11886,2,0,1,0,0,0,True,False,SI,False,False,False,False,False,True,True,False,False,False,False,True,False,True,SI,1,0,0,"{""Declaration"":9707,""SubClassOf"":11879,""SubObjectPropertyOf"":1}",0,0,23762,0,9707,9706,0,0,1,0,9706,0,0,1,0,0,0,0,1809753,0,0,0,0,2,0,11880,0,0,2,2,2,0,0,21588,0,0,1,0,1,1,0,11879,11879,0,0,0,0,
ore_ont_6765.owl,61,0,7152,6430,0,592,0,3772,3,1,63,21,6372,6427,7,2,3,0,529,0,False,True,SHOIN(D),False,True,True,True,False,True,True,True,True,False,True,True,False,True,SHOIN(D),1,2159,0,"{""ClassAssertion"":1211,""DataPropertyAssertion"":210,""DataPropertyDomain"":14,""DataPropertyRange"":18,""Declaration"":3528,""DifferentIndividuals"":74,""DisjointClasses"":58,""EquivalentClasses"":293,""EquivalentDataProperties"":4,""EquivalentObjectProperties"":42,""InverseObjectProperties"":10,""ObjectPropertyAssertion"":458,""ObjectPropertyDomain"":59,""ObjectPropertyRange"":165,""SameIndividual"":206,""SubClassOf"":3522,""SubObjectPropertyOf"":308,""SymmetricObjectProperty"":3,""TransitiveObjectProperty"":8}",1211,0,9604,22,3528,2998,32,0,498,58,2998,32,1155,498,73,293,11,95,1292017,0,0,235,0,0,0,6663,0,2,3,2,0,5,0,10192,0,183,631,668,0,312,0,3522,3873,8,2,310,16,
ore_ont_6796.owl,0,0,372,348,0,0,0,277,0,0,1,0,347,348,2,0,1,0,0,0,True,False,SI,False,False,False,False,False,True,True,False,False,False,False,True,False,True,SI,1,0,0,"{""Declaration"":252,""DisjointClasses"":24,""SubClassOf"":251}",0,0,550,0,252,252,0,0,0,24,252,0,0,0,0,0,0,0,72393,0,0,0,0,0,0,275,0,0,0,1,0,0,0,528,0,0,0,0,0,0,0,251,275,0,0,0,0,
ore_ont_6812.owl,0,0,98,98,0,0,0,88,0,0,0,0,98,98,1,0,1,0,0,0,True,False,ALI+,False,False,False,False,False,True,False,False,False,False,False,True,False,True,ALI+,1,0,0,"{""Declaration"":88,""SubClassOf"":98}",0,0,196,0,88,88,0,0,0,0,88,0,0,0,0,0,0,0,46941,0,0,0,0,0,0,98,0,0,0,1,0,0,0,187,0,0,0,0,0,0,0,98,98,0,0,0,0,
ore_ont_6817.owl,0,0,883,881,0,2,0,779,0,1,0,0,881,881,2,0,1,0,1,0,True,False,SI,False,False,True,False,False,True,True,False,False,False,False,True,False,True,SI,1,3687,0,"{""ClassAssertion"":3687,""Declaration"":777,""SubClassOf"":871,""TransitiveObjectProperty"":1}",3687,0,5445,0,777,776,0,0,1,0,776,0,3687,1,0,0,0,16,664478,0,0,0,0,0,0,4559,0,0,2,2,0,0,0,5337,0,0,1,0,0,0,0,871,871,1,0,0,0,
ore_ont_6855.owl,13,0,338,249,0,46,0,57,1,1,13,37,237,248,5,2,2,0,39,0,False,False,SHIF(D),False,True,True,True,False,True,True,False,False,False,True,True,False,True,SHIF(D),1,137,0,"{""ClassAssertion"":33,""DataPropertyAssertion"":58,""DataPropertyDomain"":15,""DataPropertyRange"":14,""Declaration"":51,""FunctionalDataProperty"":14,""FunctionalObjectProperty"":13,""InverseFunctionalObjectProperty"":7,""InverseObjectProperties"":10,""ObjectPropertyAssertion"":46,""ObjectPropertyDomain"":23,""ObjectPropertyRange"":23,""SubClassOf"":15,""SubObjectPropertyOf"":2}",33,0,124,0,51,12,15,0,24,0,12,15,33,24,38,0,0,0,47492,27,0,0,0,0,7,273,1,1,2,1,0,8,0,325,0,37,121,104,0,2,0,15,15,0,0,0,9,
ore_ont_6869.owl,0,0,13003,13003,0,0,0,9754,0,0,0,0,13003,13003,1,0,1,0,0,0,True,False,ALI+,False,False,False,False,False,True,False,False,False,False,False,True,False,True,ALI+,1,0,0,"{""Declaration"":9754,""SubClassOf"":13003}",0,0,26006,0,9754,9754,0,0,0,0,9754,0,0,0,0,0,0,0,1924930,0,0,0,0,0,0,13003,0,0,0,1,0,0,0,22758,0,0,0,0,0,0,0,13003,13003,0,0,0,0,
ore_ont_6870.owl,3,3,15390,15390,0,0,3,15387,3,3,3,0,15390,15387,2,2,2,0,0,0,True,False,SI,False,False,False,False,False,True,True,False,False,False,False,True,False,True,SI,1,0,0,"{""Declaration"":15384,""SubClassOf"":15384}",0,4,30772,0,15384,15384,0,0,0,0,15384,0,0,0,0,0,0,0,2738763,0,0,0,0,0,0,15384,0,0,1,2,0,0,0,30769,0,0,0,0,0,0,0,15384,15384,0,0,0,0,
ore_ont_6934.owl,16,9,2799,2191,0,160,9,690,18,10,17,25,2218,2173,6,10,10,0,118,0,False,False,SHOIF(D),False,True,True,True,False,True,True,True,True,False,True,True,True,True,SHOIF(D),1,2187,0,"{""ClassAssertion"":526,""DataPropertyAssertion"":624,""DataPropertyRange"":13,""Declaration"":292,""DifferentIndividuals"":1,""DisjointClasses"":292,""EquivalentClasses"":11,""InverseFunctionalObjectProperty"":1,""InverseObjectProperties"":21,""ObjectPropertyAssertion"":1036,""ObjectPropertyDomain"":5,""ObjectPropertyRange"":34,""SubClassOf"":226,""SubDataPropertyOf"":1,""SubObjectPropertyOf"":57,""SymmetricObjectProperty"":1,""TransitiveObjectProperty"":8}",526,6,2046,2,292,144,55,0,93,292,144,56,538,93,5,11,15,131,758659,0,0,0,0,81,1,2857,11,1,10,6,0,2,10,3150,3,47,141,1660,0,58,0,226,529,8,16,51,25,
ore_ont_6999.owl,5,0,3089,2082,0,298,0,804,20,92,6,318,2212,2062,7,37,37,0,166,0,True,True,SOIN(D),False,True,True,True,False,True,True,True,True,False,False,True,False,True,SOIN(D),1,158,0,"{""ClassAssertion"":158,""DataPropertyDomain"":73,""DataPropertyRange"":73,""Declaration"":251,""FunctionalDataProperty"":66,""FunctionalObjectProperty"":88,""ObjectPropertyDomain"":92,""ObjectPropertyRange"":92,""SubClassOf"":279}",158,0,973,0,251,85,74,0,92,0,85,74,158,92,165,0,73,0,176451,154,0,0,0,0,0,921,88,2,37,1,0,93,175,1173,0,165,484,0,0,0,0,279,279,0,0,0,254,
ore_ont_7003.owl,0,0,249,249,0,0,0,84,0,0,0,0,249,249,1,0,1,0,103,0,True,False,ALHI+,False,False,False,False,False,True,False,False,False,False,True,True,False,True,ALHI+,1,0,0,"{""Declaration"":187,""ObjectPropertyDomain"":83,""ObjectPropertyRange"":83,""SubObjectPropertyOf"":83}",0,0,166,0,187,84,0,0,103,0,84,0,0,103,83,0,0,0,53897,0,0,0,0,0,0,249,0,0,0,1,0,0,0,437,0,83,249,0,0,83,0,0,0,0,0,0,0,
ore_ont_7025.owl,21,0,7746,7026,0,598,0,4389,2,1,22,10,7006,7024,5,2,2,0,335,0,False,False,SHOIF(D),False,True,True,True,False,True,True,True,True,False,True,True,False,True,SHOIF(D),1,1745,0,"{""ClassAssertion"":1362,""DataPropertyAssertion"":52,""DataPropertyDomain"":5,""DataPropertyRange"":18,""Declaration"":3871,""DifferentIndividuals"":84,""DisjointClasses"":63,""EquivalentClasses"":333,""EquivalentDataProperties"":4,""EquivalentObjectProperties"":40,""InverseObjectProperties"":16,""ObjectPropertyAssertion"":70,""ObjectPropertyDomain"":54,""ObjectPropertyRange"":156,""SameIndividual"":177,""SubClassOf"":4209,""SubObjectPropertyOf"":119,""SymmetricObjectProperty"":3,""TransitiveObjectProperty"":5}",1362,0,11271,17,3871,3534,29,0,308,63,3534,29,1285,308,59,333,5,114,1309909,0,0,278,0,0,0,6770,0,1,3,2,0,0,0,10642,0,174,420,122,0,123,0,4209,4605,5,2,366,5,
ore_ont_703.owl,0,0,1001,856,0,64,0,597,0,0,1,0,855,856,5,0,1,0,1,0,True,False,SI,False,False,True,False,False,True,True,False,False,False,False,True,False,True,SI,1,0,0,"{""Declaration"":506,""DisjointClasses"":4,""EquivalentClasses"":25,""SubClassOf"":506,""TransitiveObjectProperty"":1}",0,0,1184,0,506,505,0,0,1,4,505,0,0,1,0,25,0,46,97078,0,0,0,0,23,0,536,0,0,5,3,0,0,0,1043,0,0,1,0,0,0,0,506,535,1,0,0,0,
ore_ont_7052.owl,238,0,1624,1072,0,118,0,276,15,1,239,48,866,1057,5,6,6,0,64,0,False,False,SHIF(D),False,True,True,True,False,True,True,False,False,False,True,True,False,True,SHIF(D),1,4152,0,"{""ClassAssertion"":812,""DataPropertyAssertion"":1668,""DataPropertyDomain"":33,""DataPropertyRange"":33,""Declaration"":102,""DisjointClasses"":51,""ObjectPropertyAssertion"":1672,""ObjectPropertyDomain"":31,""ObjectPropertyRange"":31,""SubClassOf"":96,""SubObjectPropertyOf"":5,""TransitiveObjectProperty"":1}",812,0,1251,1,102,38,33,0,31,51,38,33,813,31,64,0,16,2,871389,0,0,1,0,0,0,4433,29,1,6,3,0,6,0,4536,0,64,134,3340,0,5,0,96,147,1,15,6,51,
ore_ont_7120.owl,0,0,3038,3038,0,0,0,3039,0,0,0,0,3038,3038,1,0,1,0,0,0,True,False,ALI+,False,False,False,False,False,True,False,False,False,False,False,True,False,True,ALI+,1,0,0,"{""Declaration"":3039,""SubClassOf"":3038}",0,0,6076,0,3039,3039,0,0,0,0,3039,0,0,0,0,0,0,0,541204,0,0,0,0,0,0,3038,0,0,0,1,0,0,0,6078,0,0,0,0,0,0,0,3038,3038,0,0,0,0,
ore_ont_7127.owl,0,0,279967,233725,0,27790,0,101121,0,1,1,1,233724,233725,8,0,1,0,18,0,False,False,SRIF,True,False,True,True,False,True,True,False,False,False,True,False,False,True,SRIF,1,0,0,"{""Declaration"":65389,""DisjointClasses"":6,""EquivalentClasses"":11598,""FunctionalObjectProperty"":1,""InverseObjectProperties"":2,""ObjectPropertyDomain"":4,""ObjectPropertyRange"":4,""SubClassOf"":109251,""SubObjectPropertyOf"":8,""TransitiveObjectProperty"":5}",0,0,290646,0,65389,65369,0,0,20,6,65369,0,0,20,4,11598,0,25490,18889507,1,0,0,0,11598,0,120879,0,0,8,3,2,0,0,186269,0,4,24,0,3,8,0,109251,120855,5,0,0,0,
ore_ont_7169.owl,0,0,1267,1267,0,0,0,1268,0,0,0,0,1267,1267,1,0,1,0,0,0,True,False,ALI+,False,False,False,False,False,True,False,False,False,False,False,True,False,True,ALI+,1,0,0,"{""Declaration"":1268,""SubClassOf"":1267}",0,0,2534,0,1268,1268,0,0,0,0,1268,0,0,0,0,0,0,0,353712,0,0,0,0,0,0,1267,0,0,0,1,0,0,0,2536,0,0,0,0,0,0,0,1267,1267,0,0,0,0,
ore_ont_7195.owl,0,0,9497,8104,0,928,0,3808,0,0,1,0,8103,8104,2,0,1,0,4,0,True,False,SRI,True,False,True,False,False,True,True,False,False,False,True,False,False,True,SRI,1,11276,0,"{""ClassAssertion"":11276,""Declaration"":2883,""DisjointClasses"":1,""SubClassOf"":5309,""SubObjectPropertyOf"":3,""TransitiveObjectProperty"":2}",11276,0,22911,0,2883,2878,0,0,5,1,2878,0,11276,5,0,0,0,1015,1670051,0,0,0,0,0,0,16591,0,0,2,2,2,0,0,19475,0,0,5,0,1,3,0,5309,5310,2,0,0,0,
ore_ont_7216.owl,0,0,2390,2264,0,254,0,759,0,1,0,0,2264,2264,2,0,1,0,7,0,True,False,SI,False,False,True,False,False,True,True,False,False,False,False,True,False,True,SI,1,0,0,"{""Declaration"":638,""EquivalentClasses"":630,""SubClassOf"":622}",0,0,3134,0,638,631,0,0,7,0,631,0,0,7,0,630,0,630,386729,0,0,0,0,0,0,1252,0,0,2,2,0,0,0,1891,0,0,0,0,0,0,0,622,1252,0,0,0,0,
ore_ont_7218.owl,0,0,15464,13858,0,1876,0,3946,0,0,0,0,13858,13858,2,0,1,0,4,0,True,False,SI,False,False,True,False,False,True,True,False,False,False,False,True,False,True,SI,1,0,0,"{""Declaration"":2679,""SubClassOf"":10042,""TransitiveObjectProperty"":2}",0,0,27596,0,2679,2674,0,0,5,0,2674,0,0,5,0,0,0,7512,2050034,0,0,0,0,0,0,10044,0,0,2,2,0,0,0,12724,0,0,2,0,0,0,0,10042,10042,2,0,0,0,
ore_ont_7220.owl,0,0,1251,1232,0,38,0,1019,0,0,0,0,1232,1232,2,0,1,0,1,0,True,False,ALEI+,False,False,True,False,False,True,False,False,False,False,False,True,False,True,ALEI+,1,0,0,"{""Declaration"":1001,""SubClassOf"":1175}",0,0,2390,0,1001,1000,0,0,1,0,1000,0,0,1,0,0,0,40,186638,0,0,0,0,0,0,1175,0,0,2,2,0,0,0,2177,0,0,0,0,0,0,0,1175,1175,0,0,0,0,
ore_ont_7234.owl,0,0,32890,28989,0,5116,0,10818,0,0,1,0,28988,28989,2,0,1,0,27,0,True,False,SHI,False,False,True,False,False,True,True,False,False,False,True,True,False,True,SHI,1,0,0,"{""Declaration"":7584,""DisjointClasses"":61,""SubClassOf"":19137,""SubObjectPropertyOf"":10,""TransitiveObjectProperty"":3}",0,0,47419,0,7584,7557,0,0,27,61,7557,0,0,27,0,0,0,9023,3208995,0,0,0,0,0,0,19211,0,0,2,2,0,0,0,26796,0,0,13,0,0,10,0,19137,19198,3,0,0,0,
ore_ont_7246.owl,0,0,892444,756680,0,183378,0,183953,0,6,1,0,756679,756680,2,0,1,0,83,0,False,False,SHI,False,False,True,False,False,True,True,False,False,False,True,True,False,True,SHI,1,0,0,"{""Declaration"":70341,""DisjointClasses"":1,""ReflexiveObjectProperty"":6,""SubClassOf"":415423,""SubObjectPropertyOf"":57,""SymmetricObjectProperty"":9,""TransitiveObjectProperty"":55}",0,0,1172811,0,70341,70222,0,0,119,1,70222,0,0,119,0,0,0,341963,87473279,0,0,0,0,0,0,415551,0,0,2,2,0,0,0,485893,0,0,127,0,0,57,0,415423,415424,55,0,0,0,
ore_ont_725.owl,0,0,2733,2634,0,70,0,1810,0,0,0,0,2634,2634,2,0,1,0,4,0,True,False,SI,False,False,True,False,False,True,True,False,False,False,False,True,False,True,SI,1,0,0,"{""Declaration"":1748,""SubClassOf"":2433,""TransitiveObjectProperty"":4}",0,0,4935,0,1748,1743,0,0,5,0,1743,0,0,5,0,0,0,69,350144,0,0,0,0,0,0,2437,0,0,2,2,0,0,0,4186,0,0,4,0,0,0,0,2433,2433,4,0,0,0,
ore_ont_7251.owl,0,0,14353,12868,0,2970,0,8216,0,0,0,0,12868,12868,2,0,1,0,5,0,True,False,ALEI+,False,False,True,False,False,True,False,False,False,False,False,True,False,True,ALEI+,1,14187,0,"{""ClassAssertion"":14187,""Declaration"":6736,""SubClassOf"":8410}",14187,0,34537,0,6736,6731,0,0,5,0,6731,0,14187,5,0,0,0,3530,2703908,0,0,0,0,0,0,22597,0,0,2,2,0,0,0,29334,0,0,0,0,0,0,0,8410,8410,0,0,0,0,
ore_ont_7256.owl,0,0,38301,38146,0,310,0,37991,0,0,0,0,38146,38146,2,0,1,0,1,0,True,False,ALEI+,False,False,True,False,False,True,False,False,False,False,False,True,False,True,ALEI+,1,0,0,"{""Declaration"":37837,""SubClassOf"":37681}",0,0,113043,0,37837,37836,0,0,1,0,37836,0,0,1,0,0,0,37681,10241523,0,0,0,0,0,0,37681,0,0,2,2,0,0,0,75519,0,0,0,0,0,0,0,37681,37681,0,0,0,0,
ore_ont_7270.owl,0,0,246,210,0,64,0,120,0,1,1,0,209,210,3,0,1,0,23,0,True,False,SI,False,False,True,False,False,True,True,False,False,False,False,True,False,True,SI,1,0,0,"{""Declaration"":107,""SubClassOf"":99}",0,0,244,0,107,83,0,0,24,0,83,0,0,24,0,0,0,36,30608,0,0,0,0,4,0,99,0,0,3,2,0,0,0,207,0,0,0,0,0,0,0,99,99,0,0,0,0,
ore_ont_7300.owl,0,0,48148,48148,0,0,0,42892,0,0,0,0,48148,48148,1,0,1,0,0,0,True,False,ALI+,False,False,False,False,False,True,False,False,False,False,False,True,False,True,ALI+,1,0,0,"{""Declaration"":42892,""EquivalentClasses"":24074}",0,0,48148,0,42892,42892,0,0,0,0,42892,0,0,0,0,24074,0,0,6260178,0,0,0,0,0,0,24074,0,0,0,1,0,0,0,66967,0,0,0,0,0,0,0,0,24074,0,0,0,0,
ore_ont_7320.owl,22,0,7789,7050,0,602,0,4396,2,2,23,13,7029,7048,5,2,2,0,334,0,False,True,SHOIN(D),False,True,True,True,False,True,True,True,True,False,True,True,False,True,SHOIN(D),1,1675,0,"{""ClassAssertion"":1362,""DataPropertyDomain"":4,""DataPropertyRange"":18,""Declaration"":3866,""DifferentIndividuals"":84,""DisjointClasses"":63,""EquivalentClasses"":333,""EquivalentDataProperties"":4,""EquivalentObjectProperties"":40,""InverseObjectProperties"":16,""ObjectPropertyAssertion"":52,""ObjectPropertyDomain"":56,""ObjectPropertyRange"":156,""SameIndividual"":177,""SubClassOf"":4209,""SubObjectPropertyOf"":119,""SymmetricObjectProperty"":3,""TransitiveObjectProperty"":5}",1362,0,11272,17,3866,3530,28,0,308,63,3530,28,1285,308,60,333,9,114,1300486,0,0,278,0,0,0,6701,0,1,3,2,0,0,0,10568,0,174,421,52,0,123,0,4209,4605,5,2,366,9,
ore_ont_7340.owl,0,0,234652,232993,0,1796,0,105315,0,0,0,0,232993,232993,2,0,1,0,5,0,True,False,SHI,False,False,True,False,False,True,True,False,False,False,True,True,False,True,SHI,1,0,0,"{""Declaration"":103905,""EquivalentClasses"":275,""SubClassOf"":228194,""SubObjectPropertyOf"":1,""SymmetricObjectProperty"":1,""TransitiveObjectProperty"":2}",0,0,565361,0,103905,103899,0,0,6,0,103899,0,0,6,0,275,0,107873,40922308,0,0,0,0,275,0,228473,0,0,2,3,0,0,0,332379,0,0,4,0,0,1,0,228194,228469,2,0,0,0,
ore_ont_7343.owl,0,0,183492,176991,0,13002,0,26017,0,0,0,0,176991,176991,2,0,1,0,1,0,True,False,ALEI+,False,False,True,False,False,True,False,False,False,False,False,True,False,True,ALEI+,1,0,0,"{""Declaration"":19517,""SubClassOf"":157488}",0,0,472464,0,19517,19516,0,0,1,0,19516,0,0,1,0,0,0,157488,29812031,0,0,0,0,0,0,157488,0,0,2,2,0,0,0,177006,0,0,0,0,0,0,0,157488,157488,0,0,0,0,
ore_ont_7409.owl,0,0,407861,346208,0,44446,0,142047,5,1,1,2,346223,346203,3,9,9,0,111,0,False,False,SROIF,True,False,True,True,False,True,True,True,True,False,True,False,True,True,SROIF,1,2,0,"{""Declaration"":100097,""DifferentIndividuals"":2,""DisjointClasses"":5,""EquivalentClasses"":41073,""FunctionalObjectProperty"":2,""InverseObjectProperties"":23,""ObjectPropertyDomain"":33,""ObjectPropertyRange"":23,""SubClassOf"":137723,""SubObjectPropertyOf"":108,""SymmetricObjectProperty"":5,""TransitiveObjectProperty"":22}",0,0,464640,0,100097,99980,0,0,117,5,99980,0,18,117,33,41073,0,106506,36117958,2,0,0,0,219,0,179019,0,0,9,3,2,0,18,279117,0,23,216,0,33,108,0,137723,178801,22,9,4,0,
ore_ont_7417.owl,0,0,327,292,0,58,0,154,0,1,0,0,292,292,2,0,1,0,32,0,False,False,SHI,False,False,True,False,False,True,True,False,False,False,True,True,False,True,SHI,1,135,0,"{""ClassAssertion"":74,""DataPropertyAssertion"":31,""DataPropertyDomain"":7,""DataPropertyRange"":7,""Declaration"":151,""EquivalentClasses"":3,""InverseObjectProperties"":1,""ObjectPropertyAssertion"":30,""ObjectPropertyDomain"":9,""ObjectPropertyRange"":16,""SubClassOf"":126,""SubDataPropertyOf"":8,""SubObjectPropertyOf"":16}",74,0,386,0,151,116,12,0,23,0,116,12,74,23,16,3,0,22,46211,0,0,0,0,0,0,328,0,0,2,2,0,0,0,480,0,23,64,61,0,24,0,126,129,0,0,0,0,
ore_ont_7418.owl,0,0,546,546,0,0,0,183,0,0,0,0,546,546,1,0,1,0,207,0,True,False,ALHI+,False,False,False,False,False,True,False,False,False,False,True,True,False,True,ALHI+,1,34,0,"{""Declaration"":391,""ObjectPropertyAssertion"":34,""ObjectPropertyDomain"":182,""ObjectPropertyRange"":182,""SubObjectPropertyOf"":182}",0,0,364,0,391,183,0,0,208,0,183,0,46,208,182,0,0,0,127336,0,0,0,0,0,0,580,0,0,0,1,0,0,0,972,0,182,546,34,0,182,0,0,0,0,0,0,0,
ore_ont_7439.owl,0,0,30943,26294,0,9298,0,11434,0,0,0,0,26294,26294,2,0,1,0,6,0,True,False,ALEI+,False,False,True,False,False,True,False,False,False,False,False,True,False,True,ALEI+,1,0,0,"{""Declaration"":6791,""SubClassOf"":12347}",0,0,31704,0,6791,6785,0,0,6,0,6785,0,0,6,0,0,0,7010,2217492,0,0,0,0,0,0,12347,0,0,2,2,0,0,0,19139,0,0,0,0,0,0,0,12347,12347,0,0,0,0,
ore_ont_7455.owl,0,0,64722,63758,0,720,0,30603,0,1,1,0,63757,63758,9,0,1,0,164,0,True,False,SROI,True,False,True,False,False,True,True,True,True,False,True,False,True,True,SROI,1,20,0,"{""ClassAssertion"":18,""Declaration"":30015,""DifferentIndividuals"":2,""SubClassOf"":61278,""SubObjectPropertyOf"":232}",18,0,138078,0,30015,29847,0,0,168,0,29847,0,18,168,0,0,0,15015,9948995,0,0,0,0,231,0,61530,0,0,9,2,2,0,0,91546,0,0,232,0,55,232,0,61278,61278,0,0,0,0,
ore_ont_7474.owl,61,0,7162,6435,0,592,0,3774,3,1,63,22,6377,6432,7,2,3,0,529,0,False,True,SHOIN(D),False,True,True,True,False,True,True,True,True,False,True,True,False,True,SHOIN(D),1,2159,0,"{""ClassAssertion"":1211,""DataPropertyAssertion"":210,""DataPropertyDomain"":14,""DataPropertyRange"":18,""Declaration"":3528,""DifferentIndividuals"":74,""DisjointClasses"":58,""EquivalentClasses"":293,""EquivalentDataProperties"":4,""EquivalentObjectProperties"":42,""InverseObjectProperties"":10,""ObjectPropertyAssertion"":458,""ObjectPropertyDomain"":60,""ObjectPropertyRange"":165,""SameIndividual"":206,""SubClassOf"":3522,""SubObjectPropertyOf"":308,""SymmetricObjectProperty"":3,""TransitiveObjectProperty"":8}",1211,0,9605,22,3528,2998,32,0,498,58,2998,32,1155,498,74,293,12,95,1292166,0,0,235,0,0,0,6664,0,2,3,2,0,4,0,10193,0,183,632,668,0,312,0,3522,3873,8,2,310,16,
ore_ont_7482.owl,0,0,328,275,0,0,0,117,0,0,1,0,274,275,2,0,1,0,0,0,True,False,SI,False,False,False,False,False,True,True,False,False,False,False,True,False,True,SI,1,0,0,"{""Declaration"":63,""DisjointClasses"":53,""SubClassOf"":62}",0,0,230,0,63,63,0,0,0,53,63,0,0,0,0,0,0,0,30229,0,0,0,0,0,0,115,0,0,0,1,0,0,0,179,0,0,0,0,0,0,0,62,115,0,0,0,0,
ore_ont_7493.owl,0,0,38639,38639,0,0,0,38640,0,0,0,0,38639,38639,1,0,1,0,0,0,True,False,ALI+,False,False,False,False,False,True,False,False,False,False,False,True,False,True,ALI+,1,0,0,"{""Declaration"":38640,""SubClassOf"":38639}",0,0,77278,0,38640,38640,0,0,0,0,38640,0,0,0,0,0,0,0,6396676,0,0,0,0,0,0,38639,0,0,0,1,0,0,0,77280,0,0,0,0,0,0,0,38639,38639,0,0,0,0,
ore_ont_7499.owl,3,2,22654,20154,0,3278,2,7699,252,3,5,3,20691,19902,4,8,8,0,93,0,False,False,SRIQ,True,False,True,True,False,True,True,False,False,True,True,False,True,True,SRIQ,1,223,0,"{""ClassAssertion"":149,""Declaration"":5214,""EquivalentClasses"":533,""FunctionalObjectProperty"":1,""InverseObjectProperties"":27,""IrreflexiveObjectProperty"":1,""ObjectPropertyAssertion"":74,""ObjectPropertyDomain"":12,""ObjectPropertyRange"":15,""SubClassOf"":10922,""SubObjectPropertyOf"":58,""TransitiveObjectProperty"":29}",149,1,32243,0,5214,5109,0,0,105,0,5109,0,149,105,12,533,0,6744,2072561,1,0,0,0,640,0,11821,0,2,8,7,2,1,0,17036,1,15,143,74,6,58,0,10922,11455,29,381,2,0,
ore_ont_7567.owl,0,0,190931,186993,0,7176,0,72688,0,0,1,0,186992,186993,3,0,1,0,27,0,True,False,SHI,False,False,True,False,False,True,True,False,False,False,True,True,False,True,SHI,1,0,0,"{""Declaration"":68849,""DisjointClasses"":5,""EquivalentClasses"":219,""SubClassOf"":174923,""SubObjectPropertyOf"":9,""SymmetricObjectProperty"":5,""TransitiveObjectProperty"":9}",0,0,445582,0,68849,68820,0,0,29,5,68820,0,0,29,0,219,0,94834,31242537,0,0,0,0,219,0,175170,0,0,3,3,0,0,0,244020,0,0,23,0,0,9,0,174923,175147,9,0,0,0,
ore_ont_7576.owl,0,0,474,461,0,26,0,402,0,0,0,0,461,461,2,0,1,0,1,0,True,False,ALEI+,False,False,True,False,False,True,False,False,False,False,False,True,False,True,ALEI+,1,0,0,"{""Declaration"":390,""SubClassOf"":422}",0,0,872,0,390,389,0,0,1,0,389,0,0,1,0,0,0,28,70512,0,0,0,0,0,0,422,0,0,2,2,0,0,0,813,0,0,0,0,0,0,0,422,422,0,0,0,0,
ore_ont_7581.owl,0,0,635563,498724,0,86282,0,166726,0,1,1,1,498723,498724,3,0,1,0,13,0,False,False,SRIF,True,False,True,True,False,True,True,False,False,False,True,False,False,True,SRIF,1,0,0,"{""Declaration"":73002,""DisjointClasses"":6,""EquivalentClasses"":44010,""FunctionalObjectProperty"":1,""InverseObjectProperties"":2,""ObjectPropertyDomain"":4,""ObjectPropertyRange"":4,""SubClassOf"":135682,""SubObjectPropertyOf"":6,""TransitiveObjectProperty"":3}",0,0,432158,0,73002,72989,0,0,13,6,72989,0,0,13,4,44010,0,57692,36833627,1,0,0,0,7515,0,179718,0,0,3,3,2,0,0,252721,0,4,20,0,3,6,0,135682,179698,3,0,0,0,
ore_ont_7608.owl,0,0,15078,15078,0,0,0,29867,0,0,0,0,15078,15078,1,0,1,0,0,0,True,False,ALI+,False,False,False,False,False,True,False,False,False,False,False,True,False,True,ALI+,1,0,0,"{""Declaration"":29867,""SubClassOf"":15078}",0,0,30156,0,29867,29867,0,0,0,0,29867,0,0,0,0,0,0,0,3689113,0,0,0,0,0,0,15078,0,0,0,1,0,0,0,44946,0,0,0,0,0,0,0,15078,15078,0,0,0,0,
ore_ont_7639.owl,5,4,369,298,0,36,4,82,6,5,6,8,299,292,5,3,3,0,62,0,False,False,SHIF(D),False,True,True,True,False,True,True,False,False,False,True,True,False,True,SHIF(D),1,0,0,"{""DataPropertyDomain"":16,""DataPropertyRange"":9,""Declaration"":77,""DisjointClasses"":20,""FunctionalDataProperty"":2,""FunctionalObjectProperty"":1,""InverseFunctionalObjectProperty"":4,""InverseObjectProperties"":5,""ObjectPropertyDomain"":27,""ObjectPropertyRange"":29,""SubClassOf"":15,""SubDataPropertyOf"":5,""SubObjectPropertyOf"":8}",0,5,167,0,77,14,27,0,36,20,14,27,0,36,43,0,0,0,18502,3,0,0,0,0,4,141,3,1,4,3,0,3,0,219,0,38,106,0,0,13,0,15,35,0,6,4,6,
ore_ont_7663.owl,0,0,301,301,0,0,0,305,0,0,0,0,301,301,1,0,1,0,0,0,True,False,ALI+,False,False,False,False,False,True,False,False,False,False,False,True,False,True,ALI+,1,417,0,"{""ClassAssertion"":417,""Declaration"":305,""SubClassOf"":297}",417,0,1011,0,305,305,0,0,0,0,305,0,417,0,0,0,0,0,82874,0,0,0,0,0,0,714,0,0,0,1,0,0,0,1020,0,0,0,0,0,0,0,297,297,0,0,0,0,
ore_ont_7716.owl,0,0,42154,38024,0,8260,0,21398,0,0,0,0,38024,38024,2,0,1,0,6,0,True,False,ALEI+,False,False,True,False,False,True,False,False,False,False,False,True,False,True,ALEI+,1,0,0,"{""Declaration"":17274,""SubClassOf"":25634}",0,0,62413,0,17274,17268,0,0,6,0,17268,0,0,6,0,0,0,11145,4995480,0,0,0,0,0,0,25634,0,0,2,2,0,0,0,42909,0,0,0,0,0,0,0,25634,25634,0,0,0,0,
ore_ont_7726.owl,3,3,26828,23496,0,6664,3,11161,3,3,3,0,23496,23493,2,2,2,0,1,0,True,False,SI,False,False,True,False,False,True,True,False,False,False,False,True,False,True,SI,1,0,0,"{""Declaration"":7827,""SubClassOf"":13494}",0,4,30324,0,7827,7826,0,0,1,0,7826,0,0,1,0,0,0,3332,1917015,0,0,0,0,0,0,13494,0,0,2,2,0,0,0,21322,0,0,0,0,0,0,0,13494,13494,0,0,0,0,
ore_ont_7728.owl,0,0,172902,165157,0,14730,0,72158,0,0,1,0,165156,165157,3,0,1,0,27,0,True,False,SHI,False,False,True,False,False,True,True,False,False,False,True,True,False,True,SHI,1,0,0,"{""Declaration"":64527,""DisjointClasses"":5,""EquivalentClasses"":219,""SubClassOf"":141711,""SubObjectPropertyOf"":9,""SymmetricObjectProperty"":5,""TransitiveObjectProperty"":9}",0,0,351042,0,64527,64498,0,0,29,5,64498,0,0,29,0,219,0,66718,26975359,0,0,0,0,219,0,141958,0,0,3,3,0,0,0,206486,0,0,23,0,0,9,0,141711,141935,9,0,0,0,
ore_ont_7775.owl,9,9,10131,8163,0,1716,9,3236,9,10,10,0,8162,8154,11,2,2,0,22,0,False,False,SHOI,False,False,True,False,False,True,True,True,True,False,True,True,False,True,SHOI,1,2328,0,"{""ClassAssertion"":1483,""DataPropertyRange"":1,""Declaration"":1431,""DisjointClasses"":17,""EquivalentClasses"":257,""InverseObjectProperties"":10,""ObjectPropertyAssertion"":845,""SubClassOf"":2617,""SubObjectPropertyOf"":12,""TransitiveObjectProperty"":15}",1483,18,11076,0,1431,1398,1,0,32,17,1398,1,1483,32,0,257,0,2012,1295530,0,0,253,0,883,0,5257,0,0,10,5,0,0,0,6689,0,1,38,845,0,12,0,2617,2891,15,0,0,0,
ore_ont_7831.owl,0,0,60071,51685,0,16772,0,28955,0,0,0,0,51685,51685,2,0,1,0,1,0,True,False,ALEI+,False,False,True,False,False,True,False,False,False,False,False,True,False,True,ALEI+,1,0,0,"{""Declaration"":20570,""SubClassOf"":26527}",0,0,79581,0,20570,20569,0,0,1,0,20569,0,0,1,0,0,0,26527,6603555,0,0,0,0,0,0,26527,0,0,2,2,0,0,0,47098,0,0,0,0,0,0,0,26527,26527,0,0,0,0,
ore_ont_7868.owl,0,0,292469,246221,0,27798,0,109813,0,1,1,0,246220,246221,8,0,1,0,22,0,True,False,SRI,True,False,True,False,False,True,True,False,False,False,True,False,False,True,SRI,1,0,0,"{""Declaration"":74079,""SubClassOf"":144935,""SubObjectPropertyOf"":21}",0,0,342251,0,74079,74055,0,0,24,0,74055,0,0,24,0,0,0,28927,22093796,0,0,0,0,11606,0,144956,0,0,8,2,2,0,0,219036,0,0,21,0,8,21,0,144935,144935,0,0,0,0,
ore_ont_7890.owl,0,0,564,565,0,0,0,268,0,1,0,0,565,565,1,0,1,0,0,0,True,False,ALI+,False,False,False,False,False,True,False,False,False,False,False,True,False,True,ALI+,1,0,0,"{""Declaration"":267,""SubClassOf"":564}",0,0,1128,0,267,267,0,0,0,0,267,0,0,0,0,0,0,0,77839,0,0,0,0,0,0,564,0,0,0,1,0,0,0,832,0,0,0,0,0,0,0,564,564,0,0,0,0,
ore_ont_7901.owl,792,0,3313,2141,0,82,0,445,10,1,794,76,1369,2131,5,7,7,0,98,0,False,False,SHIF(D),False,True,True,True,False,True,True,False,False,False,True,True,False,True,SHIF(D),1,0,0,"{""DataPropertyDomain"":33,""DataPropertyRange"":71,""Declaration"":211,""DisjointClasses"":170,""FunctionalDataProperty"":41,""FunctionalObjectProperty"":2,""InverseObjectProperties"":10,""ObjectPropertyDomain"":6,""ObjectPropertyRange"":9,""SubClassOf"":117,""SubDataPropertyOf"":2,""SubObjectPropertyOf"":12,""SymmetricObjectProperty"":1,""TransitiveObjectProperty"":15}",0,0,634,0,211,104,74,0,33,170,104,74,0,33,39,0,5,7,81109,43,0,0,0,0,0,489,0,1,2,3,0,0,0,701,0,80,202,0,0,14,0,117,287,15,1,3,5,
ore_ont_7914.owl,0,0,82164,68012,0,7444,0,27964,14,0,24,93,68055,67998,7,4,4,0,134,0,False,False,SRIQ,True,False,True,True,False,True,True,False,False,True,True,False,False,True,SRIQ,1,108512,0,"{""ClassAssertion"":108512,""Declaration"":17841,""DisjointClasses"":264,""EquivalentClasses"":2668,""FunctionalObjectProperty"":1,""InverseObjectProperties"":21,""SubClassOf"":32465,""SubObjectPropertyOf"":110,""SymmetricObjectProperty"":2,""TransitiveObjectProperty"":38}",108512,0,197119,0,17841,17680,0,0,161,264,17680,0,108512,161,0,2668,27,12056,15370511,1,0,0,0,2750,0,144081,0,2,4,3,2,0,0,161923,27,0,172,0,33,110,0,32465,35397,38,14,0,0,
ore_ont_795.owl,0,0,213973,183733,0,24052,0,72841,0,0,1,0,183732,183733,3,0,1,0,10,0,True,False,SHI,False,False,True,False,False,True,True,False,False,False,True,True,False,True,SHI,1,0,0,"{""Declaration"":47154,""SubClassOf"":106598,""SubObjectPropertyOf"":10}",0,0,256160,0,47154,47144,0,0,10,0,47144,0,0,10,0,0,0,24595,15944277,0,0,0,0,9165,0,106608,0,0,3,2,2,0,0,153763,0,0,10,0,3,10,0,106598,106598,0,0,0,0,
ore_ont_7956.owl,0,0,200271,161898,0,20638,0,64604,0,1,1,1,161897,161898,3,0,1,0,13,0,False,False,SRIF,True,False,True,True,False,True,True,False,False,False,True,False,False,True,SRIF,1,0,0,"{""Declaration"":36524,""DisjointClasses"":6,""EquivalentClasses"":7515,""FunctionalObjectProperty"":1,""InverseObjectProperties"":2,""ObjectPropertyDomain"":4,""ObjectPropertyRange"":4,""SubClassOf"":68779,""SubObjectPropertyOf"":6,""TransitiveObjectProperty"":3}",0,0,188867,0,36524,36511,0,0,13,6,36511,0,0,13,4,7515,0,21197,11872730,1,0,0,0,7515,0,76320,0,0,3,3,2,0,0,112845,0,4,20,0,3,6,0,68779,76300,3,0,0,0,
ore_ont_7993.owl,0,0,742177,576257,0,174846,0,186087,0,0,0,0,576257,576257,2,0,1,0,4,0,True,False,ALEI+,False,False,True,False,False,True,False,False,False,False,False,True,False,True,ALEI+,1,78497,0,"{""ClassAssertion"":78497,""Declaration"":20171,""SubClassOf"":78497}",78497,0,706473,0,20171,20167,0,0,4,0,20167,0,78497,4,0,0,0,313988,47728317,0,0,0,0,78497,0,156994,0,0,2,4,0,0,0,177166,0,0,0,0,0,0,0,78497,78497,0,0,0,0,
ore_ont_8006.owl,1437,0,5159,3455,0,214,0,1107,2,1,1438,54,2019,3453,5,2,2,0,125,0,False,False,SHOIF(D),False,True,True,True,False,True,True,True,True,False,True,True,False,True,SHOIF(D),1,378,0,"{""ClassAssertion"":124,""DataPropertyAssertion"":97,""DataPropertyDomain"":11,""DataPropertyRange"":13,""Declaration"":951,""DisjointClasses"":31,""EquivalentClasses"":132,""EquivalentDataProperties"":3,""EquivalentObjectProperties"":10,""InverseObjectProperties"":7,""ObjectPropertyAssertion"":155,""ObjectPropertyDomain"":15,""ObjectPropertyRange"":50,""SameIndividual"":2,""SubClassOf"":889,""SubDataPropertyOf"":3,""SubObjectPropertyOf"":37,""SymmetricObjectProperty"":1,""TransitiveObjectProperty"":7}",124,0,2384,83,951,823,27,0,101,31,823,27,124,101,26,132,2,2,305987,0,0,99,0,0,0,1587,0,1,3,2,0,0,0,2539,0,63,157,252,0,43,0,889,1052,7,1,76,2,
ore_ont_8021.owl,0,0,2601,2016,0,390,0,996,0,0,0,0,2016,2016,2,0,1,0,1,0,True,False,SI,False,False,True,False,False,True,True,False,False,False,False,True,False,True,SI,1,0,0,"{""Declaration"":607,""SubClassOf"":846,""SubObjectPropertyOf"":1}",0,0,2150,0,607,606,0,0,1,0,606,0,0,1,0,0,0,458,156979,0,0,0,0,0,0,847,0,0,2,2,2,0,0,1455,0,0,1,0,1,1,0,846,846,0,0,0,0,
ore_ont_8068.owl,0,0,71780,63441,0,10224,0,32299,0,0,1,0,63440,63441,2,0,1,0,4,0,True,False,SHI,False,False,True,False,False,True,True,False,False,False,True,True,False,True,SHI,1,155169,0,"{""ClassAssertion"":155169,""Declaration"":25524,""DisjointClasses"":3,""EquivalentClasses"":102,""SubClassOf"":42893,""SubObjectPropertyOf"":2,""TransitiveObjectProperty"":1}",155169,0,248131,0,25524,25520,0,0,4,3,25520,0,155169,4,0,102,0,6762,19057171,0,0,0,0,102,0,198170,0,0,2,3,0,0,0,223695,0,0,3,0,0,2,0,42893,42998,1,0,0,0,
ore_ont_8135.owl,0,0,2235,2083,0,304,0,861,0,0,0,0,2083,2083,2,0,1,0,8,0,True,False,ALEHI+,False,False,True,False,False,True,False,False,False,False,True,True,False,True,ALEHI+,1,0,0,"{""Declaration"":717,""SubClassOf"":1626,""SubObjectPropertyOf"":1}",0,0,4173,0,717,709,0,0,8,0,709,0,0,8,0,0,0,921,268512,0,0,0,0,0,0,1627,0,0,2,2,0,0,0,2345,0,0,1,0,0,1,0,1626,1626,0,0,0,0,
ore_ont_8145.owl,0,0,175933,173940,0,3986,0,17548,0,0,0,0,173940,173940,2,0,1,0,1,0,True,False,ALEI+,False,False,True,False,False,True,False,False,False,False,False,True,False,True,ALEI+,1,0,0,"{""Declaration"":15556,""SubClassOf"":167961}",0,0,503883,0,15556,15555,0,0,1,0,15555,0,0,1,0,0,0,167961,32584770,0,0,0,0,0,0,167961,0,0,2,2,0,0,0,183518,0,0,0,0,0,0,0,167961,167961,0,0,0,0,
ore_ont_8169.owl,0,0,190,181,0,18,0,142,0,0,0,0,181,181,2,0,1,0,1,0,True,False,ALEI+,False,False,True,False,False,True,False,False,False,False,False,True,False,True,ALEI+,1,0,0,"{""Declaration"":135,""SubClassOf"":154,""TransitiveObjectProperty"":1}",0,0,341,0,135,133,0,0,2,0,133,0,0,2,0,0,0,33,28340,0,0,0,0,0,0,155,0,0,2,2,0,0,0,291,0,0,1,0,0,0,0,154,154,1,0,0,0,
ore_ont_8175.owl,0,0,4993,3892,0,734,0,1921,0,0,0,0,3892,3892,2,0,1,0,1,0,True,False,SI,False,False,True,False,False,True,True,False,False,False,False,True,False,True,SI,1,2385,0,"{""ClassAssertion"":2385,""Declaration"":1188,""SubClassOf"":1687,""TransitiveObjectProperty"":1}",2385,0,6940,0,1188,1187,0,0,1,0,1187,0,2385,1,0,0,0,1181,518399,0,0,0,0,0,0,4073,0,0,2,2,0,0,0,5262,0,0,1,0,0,0,0,1687,1687,1,0,0,0,
ore_ont_8298.owl,0,0,4546,4134,0,604,0,2697,0,2,0,0,4134,4134,2,0,1,0,11,0,True,False,SI,False,False,True,False,False,True,True,False,False,False,False,True,False,True,SI,1,0,0,"{""Declaration"":2350,""ReflexiveObjectProperty"":2,""SubClassOf"":3058,""TransitiveObjectProperty"":5}",0,0,6934,0,2350,2339,0,0,11,0,2339,0,0,11,0,0,0,818,581235,0,0,0,0,0,0,3065,0,0,2,2,0,0,0,5416,0,0,7,0,0,0,0,3058,3058,5,0,0,0,
ore_ont_8322.owl,42,0,7249,6533,0,620,0,3829,3,1,44,19,6494,6530,7,2,3,0,533,0,False,True,SHOIN(D),False,True,True,True,False,True,True,True,True,False,True,True,False,True,SHOIN(D),1,2389,0,"{""ClassAssertion"":1321,""DataPropertyAssertion"":278,""DataPropertyDomain"":14,""DataPropertyRange"":18,""Declaration"":3562,""DifferentIndividuals"":76,""DisjointClasses"":58,""EquivalentClasses"":299,""EquivalentDataProperties"":4,""EquivalentObjectProperties"":44,""InverseObjectProperties"":12,""ObjectPropertyAssertion"":503,""ObjectPropertyDomain"":64,""ObjectPropertyRange"":166,""SameIndividual"":211,""SubClassOf"":3565,""SubObjectPropertyOf"":311,""SymmetricObjectProperty"":3,""TransitiveObjectProperty"":8}",1321,0,9825,20,3562,3028,32,0,502,58,3028,32,1265,502,78,299,11,96,1333472,0,0,250,0,0,0,6955,0,2,3,2,0,4,0,10518,0,184,644,781,0,315,0,3565,3922,8,2,316,15,
ore_ont_8329.owl,0,0,18149,15469,0,1876,0,4483,0,0,0,0,15469,15469,2,0,1,0,4,0,True,False,SI,False,False,True,False,False,True,True,False,False,False,False,True,False,True,SI,1,0,0,"{""Declaration"":2678,""SubClassOf"":10042,""TransitiveObjectProperty"":2}",0,0,27596,0,2678,2674,0,0,4,0,2674,0,0,4,0,0,0,7512,1673472,0,0,0,0,0,0,10044,0,0,2,2,0,0,0,12723,0,0,2,0,0,0,0,10042,10042,2,0,0,0,
ore_ont_8347.owl,3,3,12352,12352,0,0,3,15323,3,3,3,0,12352,12349,2,2,2,0,0,0,True,False,SI,False,False,False,False,False,True,True,False,False,False,False,True,False,True,SI,1,1,0,"{""ClassAssertion"":1,""Declaration"":15320,""SubClassOf"":12345}",1,4,24695,0,15320,15320,0,0,0,0,15320,0,1,0,0,0,0,0,2275666,0,0,0,0,0,0,12346,0,0,1,2,0,0,0,27667,0,0,0,0,0,0,0,12345,12345,0,0,0,0,
ore_ont_8369.owl,0,0,378,378,0,0,0,127,0,0,0,0,378,378,1,0,1,0,150,0,True,False,ALHI+,False,False,False,False,False,True,False,False,False,False,True,True,False,True,ALHI+,1,15,0,"{""Declaration"":278,""ObjectPropertyAssertion"":15,""ObjectPropertyDomain"":126,""ObjectPropertyRange"":126,""SubObjectPropertyOf"":126}",0,0,252,0,278,127,0,0,151,0,127,0,21,151,126,0,0,0,83370,0,0,0,0,0,0,393,0,0,0,1,0,0,0,672,0,126,378,15,0,126,0,0,0,0,0,0,0,
ore_ont_840.owl,0,0,48014,48014,0,0,0,34297,0,0,0,0,48014,48014,1,0,1,0,0,0,True,False,ALI+,False,False,False,False,False,True,False,False,False,False,False,True,False,True,ALI+,1,0,0,"{""Declaration"":34297,""SubClassOf"":48014}",0,0,96028,0,34297,34297,0,0,0,0,34297,0,0,0,0,0,0,0,7123014,0,0,0,0,0,0,48014,0,0,0,1,0,0,0,82312,0,0,0,0,0,0,0,48014,48014,0,0,0,0,
ore_ont_8462.owl,0,0,417,417,0,0,0,140,0,0,0,0,417,417,1,0,1,0,164,0,True,False,ALHI+,False,False,False,False,False,True,False,False,False,False,True,True,False,True,ALHI+,1,8,0,"{""Declaration"":305,""ObjectPropertyAssertion"":8,""ObjectPropertyDomain"":139,""ObjectPropertyRange"":139,""SubObjectPropertyOf"":139}",0,0,278,0,305,140,0,0,165,0,140,0,12,165,139,0,0,0,95153,0,0,0,0,0,0,425,0,0,0,1,0,0,0,731,0,139,417,8,0,139,0,0,0,0,0,0,0,
ore_ont_8480.owl,0,0,26137,20208,0,10766,0,12714,5,1,1,2,20223,20203,3,9,9,0,111,0,False,False,SROIF,True,False,True,True,False,True,True,True,True,False,True,False,True,True,SROIF,1,41814,0,"{""ClassAssertion"":19184,""Declaration"":7046,""DifferentIndividuals"":2,""DisjointClasses"":5,""EquivalentClasses"":223,""FunctionalObjectProperty"":2,""InverseObjectProperties"":23,""ObjectPropertyAssertion"":10462,""ObjectPropertyDomain"":33,""ObjectPropertyRange"":23,""SameIndividual"":12166,""SubClassOf"":2251,""SubObjectPropertyOf"":108,""SymmetricObjectProperty"":5,""TransitiveObjectProperty"":22}",19184,0,37361,0,7046,6929,0,0,117,5,6929,0,24910,117,33,223,0,12687,7162399,2,0,0,0,219,0,44509,0,0,9,3,2,0,18,51556,0,23,216,10462,33,108,0,2251,2479,22,9,4,0,
ore_ont_8486.owl,0,0,903613,903613,0,0,0,903617,0,0,0,0,903613,903613,1,0,1,0,0,0,True,False,ALI+,False,False,False,False,False,True,False,False,False,False,False,True,False,True,ALI+,1,0,0,"{""Declaration"":903617,""SubClassOf"":903613}",0,0,1807226,0,903617,903617,0,0,0,0,903617,0,0,0,0,0,0,0,163865868,0,0,0,0,0,0,903613,0,0,0,1,0,0,0,1807231,0,0,0,0,0,0,0,903613,903613,0,0,0,0,
ore_ont_8492.owl,0,0,30520,25918,0,9204,0,11260,0,0,0,0,25918,25918,2,0,1,0,5,0,True,False,ALEI+,False,False,True,False,False,True,False,False,False,False,False,True,False,True,ALEI+,1,0,0,"{""Declaration"":6663,""SubClassOf"":12112}",0,0,31240,0,6663,6658,0,0,5,0,6658,0,0,5,0,0,0,7016,2187835,0,0,0,0,0,0,12112,0,0,2,2,0,0,0,18776,0,0,0,0,0,0,0,12112,12112,0,0,0,0,
ore_ont_8557.owl,0,0,92454,91911,0,1086,0,12596,0,0,0,0,91911,91911,2,0,1,0,1,0,True,False,ALEI+,False,False,True,False,False,True,False,False,False,False,False,True,False,True,ALEI+,1,0,0,"{""Declaration"":12054,""SubClassOf"":90282}",0,0,270846,0,12054,12053,0,0,1,0,12053,0,0,1,0,0,0,90282,17942698,0,0,0,0,0,0,90282,0,0,2,2,0,0,0,102337,0,0,0,0,0,0,0,90282,90282,0,0,0,0,
ore_ont_8579.owl,0,0,14925,14911,0,28,0,14897,0,0,0,0,14911,14911,2,0,1,0,1,0,True,False,ALEI+,False,False,True,False,False,True,False,False,False,False,False,True,False,True,ALEI+,1,0,0,"{""Declaration"":14884,""SubClassOf"":14869}",0,0,44607,0,14884,14883,0,0,1,0,14883,0,0,1,0,0,0,14869,3821426,0,0,0,0,0,0,14869,0,0,2,2,0,0,0,29754,0,0,0,0,0,0,0,14869,14869,0,0,0,0,
ore_ont_8634.owl,0,0,102340,93450,0,17768,0,44466,0,0,1,0,93449,93450,2,0,1,0,7,0,True,False,SHI,False,False,True,False,False,True,True,False,False,False,True,True,False,True,SHI,1,0,0,"{""Declaration"":35584,""DisjointClasses"":6,""SubClassOf"":66771,""SubObjectPropertyOf"":2,""TransitiveObjectProperty"":2}",0,0,145624,0,35584,35575,0,0,9,6,35575,0,0,9,0,0,0,12070,9789280,0,0,0,0,0,0,66781,0,0,2,2,0,0,0,102366,0,0,4,0,0,2,0,66771,66777,2,0,0,0,
ore_ont_8641.owl,0,0,9390,7969,0,946,0,3737,0,0,1,0,7968,7969,2,0,1,0,1,0,True,False,SI,False,False,True,False,False,True,True,False,False,False,False,True,False,True,SI,1,3135,0,"{""ClassAssertion"":3135,""Declaration"":2789,""SubClassOf"":5121,""SubObjectPropertyOf"":1}",3135,0,15638,0,2789,2788,0,0,1,0,2788,0,3135,1,0,0,0,2257,1170172,0,0,0,0,2,0,8257,0,0,2,2,2,0,0,11047,0,0,1,0,1,1,0,5121,5121,0,0,0,0,
ore_ont_8667.owl,0,0,83,83,0,0,0,87,0,0,0,0,83,83,1,0,1,0,1,0,True,False,ALI+,False,False,False,False,False,True,False,False,False,False,False,True,False,True,ALI+,1,0,0,"{""Declaration"":88,""ObjectPropertyDomain"":1,""SubClassOf"":78}",0,0,157,0,88,87,0,0,1,0,87,0,0,1,1,0,0,0,20926,0,0,0,0,0,0,79,0,0,0,1,0,0,0,168,0,0,1,0,0,0,0,78,78,0,0,0,0,
ore_ont_868.owl,0,0,981155,981153,0,0,0,981154,0,0,1,0,981152,981153,2,0,1,0,0,0,True,False,SI,False,False,False,False,False,True,True,False,False,False,False,True,False,True,SI,1,0,0,"{""Declaration"":981151,""SubClassOf"":981146}",0,0,1962296,0,981151,981151,0,0,0,0,981151,0,0,0,0,0,0,0,178070030,0,0,0,0,2,0,981146,0,0,2,2,0,0,0,1962298,0,0,0,0,0,0,0,981146,981146,0,0,0,0,
ore_ont_869.owl,0,0,4511,4110,0,594,0,2697,0,2,0,0,4110,4110,2,0,1,0,11,0,True,False,SI,False,False,True,False,False,True,True,False,False,False,False,True,False,True,SI,1,0,0,"{""Declaration"":2358,""ReflexiveObjectProperty"":2,""SubClassOf"":3058,""TransitiveObjectProperty"":5}",0,0,6927,0,2358,2347,0,0,11,0,2347,0,0,11,0,0,0,811,580958,0,0,0,0,0,0,3065,0,0,2,2,0,0,0,5424,0,0,7,0,0,0,0,3058,3058,5,0,0,0,
ore_ont_8730.owl,0,0,480,441,0,78,0,121,0,0,0,0,441,441,2,0,1,0,95,0,True,False,ALEHI+,False,False,True,False,False,True,False,False,False,False,True,True,False,True,ALEHI+,1,1800,0,"{""Declaration"":178,""ObjectPropertyAssertion"":1800,""ObjectPropertyDomain"":82,""ObjectPropertyRange"":82,""SubClassOf"":78,""SubObjectPropertyOf"":82}",0,0,398,0,178,82,0,0,96,0,82,0,469,96,82,0,0,78,410866,0,0,0,0,0,0,2124,0,0,2,2,0,0,0,2303,0,82,246,1800,0,82,0,78,78,0,0,0,0,
ore_ont_8737.owl,0,0,4320745,3637685,0,273224,0,546448,0,0,0,0,3637685,3637685,2,0,1,0,8,0,True,False,SRI,True,False,True,False,False,True,True,False,False,False,True,False,True,True,SRI,1,0,0,"{""Declaration"":136620,""InverseObjectProperties"":1,""SubClassOf"":2544786,""SubObjectPropertyOf"":4,""SymmetricObjectProperty"":1,""TransitiveObjectProperty"":2}",0,0,7634358,0,136620,136612,0,0,8,0,136612,0,0,8,0,0,0,2544786,472349807,0,0,0,0,0,0,2544794,0,0,2,2,2,0,0,2681415,0,0,8,0,1,4,0,2544786,2544786,2,0,0,0,
ore_ont_8744.owl,0,0,2982,2778,0,292,0,2011,0,0,0,0,2778,2778,2,0,1,0,7,0,True,False,SHI,False,False,True,False,False,True,True,False,False,False,True,True,False,True,SHI,1,3076,0,"{""ClassAssertion"":3076,""Declaration"":1844,""SubClassOf"":2248,""SubObjectPropertyOf"":2,""TransitiveObjectProperty"":2}",3076,0,7909,0,1844,1836,0,0,8,0,1836,0,3076,8,0,0,0,337,602483,0,0,0,0,0,0,5328,0,0,2,2,0,0,0,7173,0,0,4,0,0,2,0,2248,2248,2,0,0,0,
ore_ont_8759.owl,0,0,6718,6717,0,2,0,6258,0,0,0,0,6717,6717,2,0,1,0,1,0,True,False,ALEI+,False,False,True,False,False,True,False,False,False,False,False,True,False,True,ALEI+,1,0,0,"{""Declaration"":6258,""SubClassOf"":6714}",0,0,13429,0,6258,6257,0,0,1,0,6257,0,0,1,0,0,0,1,1059548,0,0,0,0,0,0,6714,0,0,2,2,0,0,0,12973,0,0,0,0,0,0,0,6714,6714,0,0,0,0,
ore_ont_8792.owl,0,0,13048,13048,0,0,0,9800,0,0,0,0,13048,13048,1,0,1,0,0,0,True,False,ALI+,False,False,False,False,False,True,False,False,False,False,False,True,False,True,ALI+,1,22505,0,"{""ClassAssertion"":22505,""Declaration"":9800,""SubClassOf"":13044}",22505,0,48593,0,9800,9800,0,0,0,0,9800,0,22505,0,0,0,0,0,3676197,0,0,0,0,0,0,35549,0,0,0,1,0,0,0,45350,0,0,0,0,0,0,0,13044,13044,0,0,0,0,
ore_ont_8806.owl,0,0,367,343,0,48,0,190,0,0,0,0,343,343,2,0,1,0,9,0,True,False,ALEHI+,False,False,True,False,False,True,False,False,False,False,True,True,False,True,ALEHI+,1,0,0,"{""Declaration"":177,""SubClassOf"":268,""SubObjectPropertyOf"":3,""TransitiveObjectProperty"":3}",0,0,641,0,177,166,0,0,11,0,166,0,0,11,0,0,0,105,46938,0,0,0,0,0,0,274,0,0,2,2,0,0,0,452,0,0,6,0,0,3,0,268,268,3,0,0,0,
ore_ont_8864.owl,0,0,55403,42487,0,6386,0,17445,0,0,0,0,42487,42487,5,0,1,0,23,0,True,False,SI,False,False,True,False,False,True,True,False,False,False,False,True,False,True,SI,1,0,0,"{""Declaration"":8486,""EquivalentClasses"":5803,""SubClassOf"":1}",0,0,36905,0,8486,8463,0,0,23,0,8463,0,0,23,0,5803,0,9747,2439109,0,0,0,0,5803,0,5804,0,0,5,3,0,0,0,14291,0,0,0,0,0,0,0,1,5804,0,0,0,0,
ore_ont_8937.owl,0,0,316,262,0,110,0,94,0,1,1,0,261,262,2,0,1,0,40,0,True,False,SHI,False,False,True,False,False,True,True,False,False,False,True,True,False,True,SHI,1,0,0,"{""Declaration"":77,""SubClassOf"":72,""SubObjectPropertyOf"":12}",0,0,199,0,77,37,0,0,40,0,37,0,0,40,0,0,0,55,13865,0,0,0,0,0,0,84,0,0,2,2,0,0,0,162,0,0,12,0,0,12,0,72,72,0,0,0,0,
ore_ont_8941.owl,3,0,772,659,0,34,0,181,3,1,3,16,659,656,2,2,2,0,121,0,False,False,SHIF(D),False,True,True,True,False,True,True,False,False,False,True,True,False,True,SHIF(D),1,1752,0,"{""ClassAssertion"":216,""DataPropertyAssertion"":550,""DataPropertyDomain"":16,""DataPropertyRange"":15,""Declaration"":203,""EquivalentClasses"":3,""FunctionalDataProperty"":14,""FunctionalObjectProperty"":2,""InverseObjectProperties"":48,""ObjectPropertyAssertion"":986,""ObjectPropertyDomain"":83,""ObjectPropertyRange"":76,""SubClassOf"":142,""SubDataPropertyOf"":3,""SubObjectPropertyOf"":56,""SymmetricObjectProperty"":3,""TransitiveObjectProperty"":5}",216,0,746,0,203,79,19,0,105,0,79,19,215,105,99,3,0,1,748339,16,0,0,0,0,0,2218,0,0,2,2,0,0,0,2422,0,91,321,1536,0,59,0,142,145,5,3,58,0,
ore_ont_8974.owl,0,0,452,364,0,178,0,104,0,1,1,0,363,364,2,0,1,0,49,0,True,False,SI,False,False,True,False,False,True,True,False,False,False,False,True,False,True,SI,1,0,0,"{""Declaration"":62,""SubClassOf"":95}",0,0,279,0,62,13,0,0,49,0,13,0,0,49,0,0,0,89,21399,0,0,0,0,0,0,95,0,0,2,2,0,0,0,158,0,0,0,0,0,0,0,95,95,0,0,0,0,
ore_ont_8982.owl,0,0,258536,242745,0,30400,0,102456,0,0,1,0,242744,242745,3,0,1,0,28,0,True,False,SHI,False,False,True,False,False,True,True,False,False,False,True,True,False,True,SHI,1,0,0,"{""Declaration"":86850,""DisjointClasses"":5,""EquivalentClasses"":290,""SubClassOf"":195229,""SubObjectPropertyOf"":9,""SymmetricObjectProperty"":5,""TransitiveObjectProperty"":9}",0,0,481652,0,86850,86820,0,0,30,5,86820,0,0,30,0,290,0,90008,34361678,0,0,0,0,290,0,195547,0,0,3,3,0,0,0,282398,0,0,23,0,0,9,0,195229,195524,9,0,0,0,
ore_ont_8999.owl,42,0,7172,6465,0,606,0,3796,3,1,44,19,6426,6462,7,2,3,0,532,0,False,True,SHOIN(D),False,True,True,True,False,True,True,True,True,False,True,True,False,True,SHOIN(D),1,2183,0,"{""ClassAssertion"":1230,""DataPropertyAssertion"":210,""DataPropertyDomain"":14,""DataPropertyRange"":18,""Declaration"":3542,""DifferentIndividuals"":76,""DisjointClasses"":57,""EquivalentClasses"":295,""EquivalentDataProperties"":4,""EquivalentObjectProperties"":44,""InverseObjectProperties"":12,""ObjectPropertyAssertion"":459,""ObjectPropertyDomain"":63,""ObjectPropertyRange"":165,""SameIndividual"":208,""SubClassOf"":3538,""SubObjectPropertyOf"":311,""SymmetricObjectProperty"":3,""TransitiveObjectProperty"":8}",1230,0,9662,20,3542,3009,32,0,501,57,3009,32,1174,501,77,295,11,91,1299600,0,0,242,0,0,0,6715,0,2,3,2,0,5,0,10258,0,183,642,669,0,315,0,3538,3890,8,2,315,16,
ore_ont_9002.owl,18,0,967,778,0,78,0,216,8,1,19,2,769,770,2,3,3,0,80,0,False,False,SHI,False,False,False,False,False,True,True,False,False,False,True,True,False,True,SHI,1,61,0,"{""ClassAssertion"":47,""DataPropertyDomain"":37,""DataPropertyRange"":31,""Declaration"":110,""DisjointClasses"":91,""InverseObjectProperties"":6,""ObjectPropertyAssertion"":14,""ObjectPropertyDomain"":43,""ObjectPropertyRange"":43,""SubClassOf"":15,""SubDataPropertyOf"":10,""SymmetricObjectProperty"":2,""TransitiveObjectProperty"":7}",47,0,409,0,110,30,37,0,43,91,30,37,47,43,80,0,0,0,50815,0,0,0,0,0,0,346,0,0,3,2,0,0,0,457,0,74,179,14,0,10,0,15,106,7,12,0,0,
ore_ont_9014.owl,3,3,10508,9676,0,1664,3,4617,3,3,3,0,9676,9673,2,2,2,0,4,0,True,False,SHI,False,False,True,False,False,True,True,False,False,False,True,True,False,True,SHI,1,5858,0,"{""ClassAssertion"":5858,""Declaration"":3786,""SubClassOf"":7169,""SubObjectPropertyOf"":2}",5858,4,23324,0,3786,3782,0,0,4,0,3782,0,5858,4,0,0,0,3124,1799422,0,0,0,0,0,0,13029,0,0,2,2,0,0,0,16816,0,0,2,0,0,2,0,7169,7169,0,0,0,0,
ore_ont_9020.owl,0,0,51576,41261,0,0,0,10501,0,0,1,0,41260,41261,2,0,1,0,0,0,True,False,SI,False,False,False,False,False,True,True,False,False,False,False,True,False,True,SI,1,0,0,"{""Declaration"":185,""DisjointClasses"":10315}",0,0,20630,0,185,185,0,0,0,10315,185,0,0,0,0,0,0,0,1633313,0,0,0,0,0,0,10315,0,0,0,1,0,0,0,10501,0,0,0,0,0,0,0,0,10315,0,0,0,0,
ore_ont_9024.owl,28,18,3545,2858,0,288,18,970,43,19,29,0,2881,2815,5,4,4,0,36,0,False,False,SHI,False,False,True,False,False,True,True,False,False,False,True,True,False,True,SHI,1,0,0,"{""Declaration"":318,""DisjointClasses"":379,""EquivalentClasses"":65,""ObjectPropertyDomain"":10,""ObjectPropertyRange"":10,""SubClassOf"":303,""SubObjectPropertyOf"":29,""TransitiveObjectProperty"":10}",0,12,1975,0,318,279,0,0,39,379,279,0,0,39,10,65,0,167,139251,0,0,0,0,57,0,806,0,0,4,6,0,0,0,1125,0,10,59,0,0,29,0,303,747,10,50,25,0,
ore_ont_9031.owl,0,0,292,273,0,38,0,216,0,0,0,0,273,273,2,0,1,0,6,0,True,False,ALEI+,False,False,True,False,False,True,False,False,False,False,False,True,False,True,ALEI+,1,0,0,"{""Declaration"":203,""SubClassOf"":216}",0,0,458,0,203,197,0,0,6,0,197,0,0,6,0,0,0,26,38349,0,0,0,0,0,0,216,0,0,2,2,0,0,0,420,0,0,0,0,0,0,0,216,216,0,0,0,0,
ore_ont_9096.owl,1437,0,5496,3734,0,210,0,1171,3,1,1438,54,2299,3731,5,2,2,0,95,0,False,False,SHOIF(D),False,True,True,True,False,True,True,True,True,False,True,True,False,True,SHOIF(D),1,315,0,"{""ClassAssertion"":103,""DataPropertyAssertion"":76,""DataPropertyDomain"":11,""DataPropertyRange"":13,""Declaration"":938,""DisjointClasses"":30,""EquivalentClasses"":198,""EquivalentDataProperties"":3,""EquivalentObjectProperties"":3,""InverseObjectProperties"":5,""ObjectPropertyAssertion"":134,""ObjectPropertyDomain"":16,""ObjectPropertyRange"":41,""SameIndividual"":2,""SubClassOf"":1036,""SubDataPropertyOf"":3,""SubObjectPropertyOf"":21,""SymmetricObjectProperty"":1,""TransitiveObjectProperty"":7}",103,0,2965,113,938,840,27,0,71,30,840,27,103,71,27,198,2,3,335239,0,0,116,0,0,0,1703,0,1,3,2,0,0,0,2642,0,54,124,210,0,27,0,1036,1264,7,2,259,2,
ore_ont_935.owl,0,0,47756,39099,0,3234,0,11706,0,0,1,0,39098,39099,8,0,1,0,28,0,True,False,SRI,True,False,True,False,False,True,True,False,False,False,True,False,False,True,SRI,1,0,0,"{""Declaration"":7073,""SubClassOf"":21574,""SubObjectPropertyOf"":11}",0,0,60170,0,7073,7044,0,0,29,0,7044,0,0,29,0,0,0,8078,3554996,0,0,0,0,2664,0,21585,0,0,8,2,2,0,0,28659,0,0,11,0,6,11,0,21574,21574,0,0,0,0,
ore_ont_9400.owl,0,0,143126,112935,0,16990,0,53639,0,0,1,0,112934,112935,2,0,1,0,5,0,True,False,SRI,True,False,True,False,False,True,True,False,False,False,True,False,False,True,SRI,1,253200,0,"{""ClassAssertion"":253200,""Declaration"":34247,""SubClassOf"":63158,""SubObjectPropertyOf"":9}",253200,0,390930,0,34247,34240,0,0,7,0,34240,0,253200,7,0,0,0,11192,38172878,0,0,0,0,111,0,316367,0,0,2,2,2,0,0,350615,0,0,9,0,7,9,0,63158,63158,0,0,0,0,
ore_ont_9435.owl,0,0,8743,7087,0,1104,0,4086,0,0,0,0,7087,7087,2,0,1,0,1,0,True,False,SI,False,False,True,False,False,True,True,False,False,False,False,True,False,True,SI,1,0,0,"{""Declaration"":2983,""SubClassOf"":3775,""TransitiveObjectProperty"":1}",0,0,9344,0,2983,2982,0,0,1,0,2982,0,0,1,0,0,0,1794,696249,0,0,0,0,0,0,3776,0,0,2,2,0,0,0,6760,0,0,1,0,0,0,0,3775,3775,1,0,0,0,
ore_ont_947.owl,0,0,29654,24286,0,3824,0,6369,0,0,0,0,24286,24286,2,0,1,0,9,0,True,False,SI,False,False,True,False,False,True,True,False,False,False,False,True,False,True,SI,1,0,0,"{""Declaration"":2738,""SubClassOf"":13366,""TransitiveObjectProperty"":3}",0,0,37015,0,2738,2729,0,0,9,0,2729,0,0,9,0,0,0,10283,2291804,0,0,0,0,0,0,13369,0,0,2,2,0,0,0,16108,0,0,3,0,0,0,0,13366,13366,3,0,0,0,
ore_ont_9498.owl,0,0,434349,433963,0,772,0,305735,0,0,0,0,433963,433963,2,0,1,0,1,0,True,False,ALEI+,False,False,True,False,False,True,False,False,False,False,False,True,False,True,ALEI+,1,0,0,"{""Declaration"":305350,""SubClassOf"":432805}",0,0,869955,0,305350,305349,0,0,1,0,305349,0,0,1,0,0,0,4345,85665240,0,0,0,0,0,0,432805,0,0,2,2,0,0,0,738156,0,0,0,0,0,0,0,432805,432805,0,0,0,0,
ore_ont_9499.owl,0,0,153747,122161,0,18164,0,57894,0,0,1,0,122160,122161,3,0,1,0,6,0,True,False,SRI,True,False,True,False,False,True,True,False,False,False,True,False,False,True,SRI,1,266101,0,"{""ClassAssertion"":266101,""Declaration"":37465,""SubClassOf"":69129,""SubObjectPropertyOf"":9}",266101,0,417246,0,37465,37457,0,0,8,0,37457,0,266101,8,0,0,0,12470,40520780,0,0,0,0,207,0,335239,0,0,3,2,2,0,0,372705,0,0,9,0,7,9,0,69129,69129,0,0,0,0,
ore_ont_9509.owl,0,0,125,116,0,20,0,89,0,1,0,0,116,116,2,0,1,0,10,0,True,False,SI,False,False,True,False,False,True,True,False,False,False,False,True,False,True,SI,1,5,0,"{""ClassAssertion"":5,""Declaration"":88,""SubClassOf"":81}",5,0,177,0,88,78,0,0,10,0,78,0,5,10,0,0,0,10,14285,0,0,0,0,0,0,86,0,0,2,2,0,0,0,175,0,0,0,0,0,0,0,81,81,0,0,0,0,
ore_ont_9513.owl,0,0,19680,19680,0,0,0,25159,0,0,0,0,19680,19680,1,0,1,0,0,0,True,False,ALI+,False,False,False,False,False,True,False,False,False,False,False,True,False,True,ALI+,1,0,0,"{""Declaration"":25159,""SubClassOf"":19680}",0,0,39360,0,25159,25159,0,0,0,0,25159,0,0,0,0,0,0,0,4018162,0,0,0,0,0,0,19680,0,0,0,1,0,0,0,44840,0,0,0,0,0,0,0,19680,19680,0,0,0,0,
ore_ont_9540.owl,8,6,2313,2054,0,1278,6,285,16,7,58,104,2133,2038,11,60,60,0,46,0,False,False,SHOIQ,False,False,True,True,False,True,True,True,True,True,True,True,False,True,SHOIQ,1,2004,0,"{""ClassAssertion"":138,""Declaration"":96,""DifferentIndividuals"":4,""DisjointClasses"":1,""EquivalentClasses"":17,""InverseObjectProperties"":19,""NegativeObjectPropertyAssertion"":727,""ObjectPropertyAssertion"":1135,""ObjectPropertyDomain"":5,""ObjectPropertyRange"":10,""SubClassOf"":80,""SubObjectPropertyOf"":30,""TransitiveObjectProperty"":2}",138,1,479,0,96,50,0,0,46,1,50,0,198,46,5,17,10,40,728884,0,0,21,0,14,0,2168,0,4,60,4,0,1,75,2265,11,10,66,1862,0,30,0,80,98,2,9,6,0,
ore_ont_9557.owl,0,0,609,415,0,62,0,143,4,2,0,45,423,411,5,5,5,0,51,0,False,True,SHOIN,False,False,True,True,False,True,True,True,True,False,True,True,False,True,SHOIN,1,129,0,"{""ClassAssertion"":66,""DataPropertyAssertion"":27,""DataPropertyDomain"":10,""DataPropertyRange"":10,""Declaration"":78,""FunctionalObjectProperty"":23,""InverseObjectProperties"":19,""ObjectPropertyAssertion"":36,""ObjectPropertyDomain"":19,""ObjectPropertyRange"":19,""SubClassOf"":99}",66,0,362,0,78,27,10,0,41,0,27,10,53,41,29,0,6,0,71866,23,0,21,0,0,0,328,16,1,5,2,0,14,0,407,0,29,100,63,0,0,0,99,99,0,4,38,36,
ore_ont_9567.owl,0,0,29772,23058,0,4476,0,13696,0,0,0,0,23058,23058,2,0,1,0,2,0,True,False,SI,False,False,True,False,False,True,True,False,False,False,False,True,False,True,SI,1,143388,0,"{""ClassAssertion"":143388,""Declaration"":9222,""SubClassOf"":9627,""TransitiveObjectProperty"":2}",143388,0,168918,0,9222,9220,0,0,2,0,9220,0,143388,2,0,0,0,6276,13895306,0,0,0,0,0,0,153017,0,0,2,2,0,0,0,162240,0,0,2,0,0,0,0,9627,9627,2,0,0,0,
ore_ont_9590.owl,0,0,11873,11871,0,0,0,23656,0,0,1,0,11870,11871,2,0,1,0,0,0,True,False,SI,False,False,False,False,False,True,True,False,False,False,False,True,False,True,SI,1,0,0,"{""Declaration"":23653,""SubClassOf"":11864}",0,0,23732,0,23653,23653,0,0,0,0,23653,0,0,0,0,0,0,0,2889997,0,0,0,0,2,0,11864,0,0,2,2,0,0,0,35518,0,0,0,0,0,0,0,11864,11864,0,0,0,0,
ore_ont_9598.owl,0,0,3985,3657,0,656,0,1929,0,0,0,0,3657,3657,2,0,1,0,10,0,True,False,ALEI+,False,False,True,False,False,True,False,False,False,False,False,True,False,True,ALEI+,1,0,0,"{""Declaration"":1611,""SubClassOf"":2673}",0,0,6405,0,1611,1601,0,0,10,0,1601,0,0,10,0,0,0,1059,493034,0,0,0,0,0,0,2673,0,0,2,2,0,0,0,4285,0,0,0,0,0,0,0,2673,2673,0,0,0,0,
ore_ont_960.owl,61,0,7148,6427,0,590,0,3771,3,1,63,21,6369,6424,7,2,3,0,529,0,False,True,SHOIN(D),False,True,True,True,False,True,True,True,True,False,True,True,False,True,SHOIN(D),1,1908,0,"{""ClassAssertion"":1211,""DataPropertyAssertion"":180,""DataPropertyDomain"":13,""DataPropertyRange"":18,""Declaration"":3528,""DifferentIndividuals"":74,""DisjointClasses"":58,""EquivalentClasses"":293,""EquivalentDataProperties"":4,""EquivalentObjectProperties"":42,""InverseObjectProperties"":10,""ObjectPropertyAssertion"":237,""ObjectPropertyDomain"":60,""ObjectPropertyRange"":165,""SameIndividual"":206,""SubClassOf"":3522,""SubObjectPropertyOf"":308,""SymmetricObjectProperty"":3,""TransitiveObjectProperty"":8}",1211,0,9604,22,3528,2998,32,0,498,58,2998,32,1155,498,73,293,11,95,1244881,0,0,235,0,0,0,6412,0,2,3,2,0,5,0,9941,0,183,631,417,0,312,0,3522,3873,8,2,310,16,
ore_ont_9612.owl,0,0,29547,22887,0,4440,0,13598,0,0,0,0,22887,22887,2,0,1,0,2,0,True,False,SI,False,False,True,False,False,True,True,False,False,False,False,True,False,True,SI,1,0,0,"{""Declaration"":9160,""SubClassOf"":9567,""TransitiveObjectProperty"":2}",0,0,25365,0,9160,9158,0,0,2,0,9158,0,0,2,0,0,0,6231,1990549,0,0,0,0,0,0,9569,0,0,2,2,0,0,0,18730,0,0,2,0,0,0,0,9567,9567,2,0,0,0,
ore_ont_9635.owl,20,9,571,433,0,72,9,199,16,11,24,22,430,417,5,5,5,0,27,0,False,True,SHIN(D),False,True,True,True,False,True,True,False,False,False,True,True,False,True,SHIN(D),1,6,0,"{""ClassAssertion"":5,""DataPropertyDomain"":6,""DataPropertyRange"":6,""Declaration"":123,""DisjointClasses"":3,""EquivalentClasses"":9,""FunctionalDataProperty"":4,""FunctionalObjectProperty"":2,""ObjectPropertyAssertion"":1,""ObjectPropertyDomain"":16,""ObjectPropertyRange"":15,""SubClassOf"":99,""SubObjectPropertyOf"":5}",5,0,314,3,123,96,6,0,21,3,96,6,3,21,22,9,13,0,31711,6,0,3,0,9,0,171,6,1,5,3,0,2,0,295,0,21,54,1,0,5,0,99,111,0,5,13,21,
ore_ont_964.owl,0,0,17934,17934,0,0,0,17942,0,0,0,0,17934,17934,1,0,1,0,0,0,True,False,ALI+,False,False,False,False,False,True,False,False,False,False,False,True,False,True,ALI+,1,0,0,"{""Declaration"":17942,""SubClassOf"":17934}",0,0,35868,0,17942,17942,0,0,0,0,17942,0,0,0,0,0,0,0,3515950,0,0,0,0,0,0,17934,0,0,0,1,0,0,0,35877,0,0,0,0,0,0,0,17934,17934,0,0,0,0,
ore_ont_9646.owl,0,0,6510,5902,0,1216,0,3813,0,0,0,0,5902,5902,2,0,1,0,1,0,True,False,ALEI+,False,False,True,False,False,True,False,False,False,False,False,True,False,True,ALEI+,1,0,0,"{""Declaration"":3207,""SubClassOf"":4078,""TransitiveObjectProperty"":1}",0,0,10109,0,3207,3205,0,0,2,0,3205,0,0,2,0,0,0,1953,834238,0,0,0,0,0,0,4079,0,0,2,2,0,0,0,7287,0,0,1,0,0,0,0,4078,4078,1,0,0,0,
ore_ont_9654.owl,0,0,17767,13348,0,2230,0,4929,5,1,0,2,13365,13343,4,9,9,0,96,0,False,False,SROIF,True,False,True,True,False,True,True,True,True,False,True,False,True,True,SROIF,1,607933,0,"{""ClassAssertion"":382511,""DataPropertyAssertion"":996,""Declaration"":1619,""DifferentIndividuals"":2,""EquivalentClasses"":1411,""FunctionalObjectProperty"":2,""InverseObjectProperties"":23,""ObjectPropertyAssertion"":224424,""ObjectPropertyDomain"":33,""ObjectPropertyRange"":23,""SubClassOf"":1515,""SubObjectPropertyOf"":100,""SymmetricObjectProperty"":1,""TransitiveObjectProperty"":15}",382511,0,394275,0,1619,1507,1,0,111,0,1507,1,116325,111,33,1411,0,2460,103230039,2,0,0,0,1287,0,611056,0,0,9,9,2,0,19,612676,0,23,197,225420,33,100,0,1515,2926,15,9,798,0,
ore_ont_9663.owl,0,0,381832,302772,0,42748,0,114951,18,1,15,57,302810,302754,7,4,4,0,209,0,False,False,SRIQ,True,False,True,True,False,True,True,False,False,True,True,False,False,True,SRIQ,1,0,0,"{""Declaration"":58401,""DisjointClasses"":323,""EquivalentClasses"":12683,""FunctionalObjectProperty"":1,""InverseObjectProperties"":13,""ObjectPropertyDomain"":29,""ObjectPropertyRange"":30,""SubClassOf"":117276,""SubObjectPropertyOf"":84,""SymmetricObjectProperty"":1,""TransitiveObjectProperty"":20}",0,0,339487,0,58401,58192,0,0,209,323,58192,0,0,209,29,12683,18,51578,21672555,1,0,0,0,13474,0,130460,0,2,4,3,2,0,0,188862,18,30,178,0,30,84,0,117276,130282,20,18,0,0,
ore_ont_9668.owl,42,0,7140,6437,0,604,0,3776,3,1,44,19,6398,6434,7,2,3,0,532,0,False,True,SHOIN(D),False,True,True,True,False,True,True,True,True,False,True,True,False,True,SHOIN(D),1,1932,0,"{""ClassAssertion"":1230,""DataPropertyAssertion"":180,""DataPropertyDomain"":13,""DataPropertyRange"":18,""Declaration"":3526,""DifferentIndividuals"":76,""DisjointClasses"":57,""EquivalentClasses"":294,""EquivalentDataProperties"":4,""EquivalentObjectProperties"":44,""InverseObjectProperties"":12,""ObjectPropertyAssertion"":238,""ObjectPropertyDomain"":64,""ObjectPropertyRange"":165,""SameIndividual"":208,""SubClassOf"":3518,""SubObjectPropertyOf"":311,""SymmetricObjectProperty"":3,""TransitiveObjectProperty"":8}",1230,0,9616,20,3526,2993,32,0,501,57,2993,32,1174,501,77,294,11,91,1247583,0,0,242,0,0,0,6443,0,2,3,2,0,5,0,9970,0,183,642,418,0,315,0,3518,3869,8,2,311,16,
ore_ont_9674.owl,0,0,981144,981144,0,0,0,981148,0,0,0,0,981144,981144,1,0,1,0,0,0,True,False,ALI+,False,False,False,False,False,True,False,False,False,False,False,True,False,True,ALI+,1,0,0,"{""Declaration"":981148,""SubClassOf"":981144}",0,0,1962288,0,981148,981148,0,0,0,0,981148,0,0,0,0,0,0,0,178069608,0,0,0,0,0,0,981144,0,0,0,1,0,0,0,1962293,0,0,0,0,0,0,0,981144,981144,0,0,0,0,
ore_ont_9695.owl,0,0,2000,1614,0,262,0,788,0,0,0,0,1614,1614,3,0,1,0,5,0,True,False,SI,False,False,True,False,False,True,True,False,False,False,False,True,False,True,SI,1,0,0,"{""Declaration"":423,""EquivalentClasses"":244}",0,0,1252,0,423,418,0,0,5,0,418,0,0,5,0,244,0,260,93276,0,0,0,0,244,0,244,0,0,3,3,0,0,0,668,0,0,0,0,0,0,0,0,244,0,0,0,0,
ore_ont_9724.owl,0,0,175930,139634,0,28230,0,53048,0,0,0,674,139634,139634,6,0,1,0,950,0,False,False,SHIF,False,False,True,True,False,True,True,False,False,False,True,True,False,True,SHIF,1,0,0,"{""Declaration"":24086,""EquivalentClasses"":9968,""FunctionalObjectProperty"":337,""InverseFunctionalObjectProperty"":337,""InverseObjectProperties"":475,""SubClassOf"":25563,""SubObjectPropertyOf"":958,""TransitiveObjectProperty"":58}",0,0,133419,0,24086,23136,0,0,950,0,23136,0,0,950,0,9968,0,29618,10532295,337,0,0,0,15348,337,37696,0,0,6,13,0,0,0,61783,0,0,2165,0,0,958,0,25563,35531,58,0,0,0,
ore_ont_9761.owl,0,0,14978,12619,0,1662,0,3856,0,0,0,0,12619,12619,2,0,1,0,4,0,True,False,SI,False,False,True,False,False,True,True,False,False,False,False,True,False,True,SI,1,6868,0,"{""ClassAssertion"":6868,""Declaration"":2265,""SubClassOf"":7831,""TransitiveObjectProperty"":2}",6868,0,28737,0,2265,2261,0,0,4,0,2261,0,6868,4,0,0,0,6207,1832115,0,0,0,0,0,0,14701,0,0,2,2,0,0,0,16967,0,0,2,0,0,0,0,7831,7831,2,0,0,0,
ore_ont_9768.owl,0,0,630601,489695,0,147858,0,161295,0,0,0,0,489695,489695,2,0,1,0,4,0,True,False,ALEI+,False,False,True,False,False,True,False,False,False,False,False,True,False,True,ALEI+,1,66977,0,"{""ClassAssertion"":66977,""Declaration"":20393,""SubClassOf"":66977}",66977,0,602793,0,20393,20389,0,0,4,0,20389,0,66977,4,0,0,0,267908,39550286,0,0,0,0,66977,0,133954,0,0,2,4,0,0,0,154348,0,0,0,0,0,0,0,66977,66977,0,0,0,0,
ore_ont_9772.owl,0,0,10437,8929,0,3016,0,5869,0,0,0,0,8929,8929,2,0,1,0,2,0,True,False,ALEI+,False,False,True,False,False,True,False,False,False,False,False,True,False,True,ALEI+,1,316,0,"{""ClassAssertion"":316,""Declaration"":4363,""SubClassOf"":4402}",316,0,13353,0,4363,4361,0,0,2,0,4361,0,316,2,0,0,0,4233,973811,0,0,0,0,0,0,4718,0,0,2,2,0,0,0,9082,0,0,0,0,0,0,0,4402,4402,0,0,0,0,
ore_ont_9790.owl,0,0,6710,6710,0,0,0,6253,0,0,0,0,6710,6710,1,0,1,0,0,0,True,False,ALI+,False,False,False,False,False,True,False,False,False,False,False,True,False,True,ALI+,1,0,0,"{""Declaration"":6253,""SubClassOf"":6710}",0,0,13420,0,6253,6253,0,0,0,0,6253,0,0,0,0,0,0,0,1058610,0,0,0,0,0,0,6710,0,0,0,1,0,0,0,12964,0,0,0,0,0,0,0,6710,6710,0,0,0,0,
ore_ont_9792.owl,0,0,8390,8390,0,0,0,5899,0,0,0,0,8390,8390,1,0,1,0,28,0,True,False,ALHI+,False,False,False,False,False,True,False,False,False,False,True,True,False,True,ALHI+,1,10889,0,"{""Declaration"":6077,""ObjectPropertyAssertion"":10889,""SubClassOf"":8364,""SubObjectPropertyOf"":26}",0,0,16728,0,6077,5899,0,0,178,0,5899,0,2465,178,0,0,0,0,3544247,0,0,0,0,0,0,19279,0,0,0,1,0,0,0,25357,0,0,26,10889,0,26,0,8364,8364,0,0,0,0,
ore_ont_9794.owl,0,0,746686,729632,0,34108,0,54427,0,0,0,0,729632,729632,2,0,1,0,3,0,True,False,ALEI+,False,False,True,False,False,True,False,False,False,False,False,True,False,True,ALEI+,1,0,0,"{""Declaration"":37376,""SubClassOf"":678470}",0,0,2035410,0,37376,37373,0,0,3,0,37373,0,0,3,0,0,0,678470,126975071,0,0,0,0,0,0,678470,0,0,2,2,0,0,0,715847,0,0,0,0,0,0,0,678470,678470,0,0,0,0,
ore_ont_9854.owl,0,0,152,139,0,28,0,75,0,1,0,0,139,139,2,0,1,0,14,0,True,False,SI,False,False,True,False,False,True,True,False,False,False,False,True,False,True,SI,1,0,0,"{""Declaration"":74,""SubClassOf"":96}",0,0,206,0,74,60,0,0,14,0,60,0,0,14,0,0,0,14,18992,0,0,0,0,0,0,96,0,0,2,2,0,0,0,171,0,0,0,0,0,0,0,96,96,0,0,0,0,
ore_ont_9857.owl,0,0,6064,4936,0,704,0,2622,0,0,0,0,4936,4936,2,0,1,0,1,0,True,False,SI,False,False,True,False,False,True,True,False,False,False,False,True,False,True,SI,1,0,0,"{""Declaration"":1495,""EquivalentClasses"":776}",0,0,3880,0,1495,1494,0,0,1,0,1494,0,0,1,0,776,0,776,264635,0,0,0,0,776,0,776,0,0,2,3,0,0,0,2272,0,0,0,0,0,0,0,0,776,0,0,0,0,
ore_ont_9881.owl,94,0,1933,1590,0,434,0,707,1,1,94,11,1497,1589,5,2,2,0,46,0,False,False,SHOIF(D),False,True,True,True,False,True,True,True,True,False,True,True,False,True,SHOIF(D),1,12076,0,"{""ClassAssertion"":4433,""DataPropertyAssertion"":4672,""DataPropertyDomain"":5,""DataPropertyRange"":18,""Declaration"":314,""EquivalentClasses"":8,""InverseObjectProperties"":9,""ObjectPropertyAssertion"":2971,""ObjectPropertyDomain"":16,""ObjectPropertyRange"":19,""SubClassOf"":467,""SubDataPropertyOf"":3,""SubObjectPropertyOf"":10,""SymmetricObjectProperty"":2}",4433,0,5426,8,314,268,19,0,27,0,268,19,4297,27,21,8,1,3,1796906,0,0,207,0,0,0,12633,0,1,3,2,0,3,0,12948,0,37,82,7643,0,13,0,467,475,0,0,0,4,
ore_ont_9894.owl,0,0,79534,73902,0,3956,0,32946,0,0,1,0,73901,73902,3,0,1,0,27,0,True,False,SHI,False,False,True,False,False,True,True,False,False,False,True,True,False,True,SHI,1,0,0,"{""Declaration"":29065,""DisjointClasses"":5,""EquivalentClasses"":219,""SubClassOf"":61706,""SubObjectPropertyOf"":9,""SymmetricObjectProperty"":5,""TransitiveObjectProperty"":9}",0,0,153984,0,29065,29036,0,0,29,5,29036,0,0,29,0,219,0,29670,12066502,0,0,0,0,219,0,61953,0,0,3,3,0,0,0,91019,0,0,23,0,0,9,0,61706,61930,9,0,0,0,
ore_ont_9904.owl,0,0,512,442,0,54,0,120,3,1,1,0,445,439,2,3,3,0,51,0,False,False,SHI,False,False,True,False,False,True,True,False,False,False,True,True,False,True,SHI,1,2,0,"{""DataPropertyAssertion"":2,""Declaration"":98,""DisjointClasses"":19,""EquivalentClasses"":7,""InverseObjectProperties"":27,""ObjectPropertyDomain"":48,""ObjectPropertyRange"":49,""SubClassOf"":73,""SubObjectPropertyOf"":14,""SymmetricObjectProperty"":3,""TransitiveObjectProperty"":4}",0,0,346,0,98,46,1,0,51,19,46,1,1,51,48,7,0,21,57923,0,0,0,0,0,0,246,0,1,3,2,0,6,0,345,0,49,145,2,0,14,0,73,99,4,6,16,6,
ore_ont_9944.owl,0,0,50850,40787,0,5830,0,15291,0,0,1,0,40786,40787,6,0,1,0,38,0,False,False,SRI,True,False,True,False,False,True,True,False,False,False,True,False,False,True,SRI,1,0,0,"{""Declaration"":8047,""DisjointClasses"":65,""EquivalentClasses"":2110,""InverseObjectProperties"":7,""ObjectPropertyDomain"":12,""ObjectPropertyRange"":10,""SubClassOf"":14395,""SubObjectPropertyOf"":33,""TransitiveObjectProperty"":3}",0,0,47948,0,8047,8008,0,0,39,65,8008,0,0,39,12,2110,0,10275,3172890,0,0,0,0,2110,0,16635,0,0,6,3,2,0,0,24683,0,10,65,0,12,33,0,14395,16570,3,0,0,0,
ore_ont_9958.owl,0,0,15634,11773,0,2064,0,4397,0,1,0,1,11773,11773,4,0,1,0,15,0,False,False,SHIF,False,False,True,True,False,True,True,False,False,False,True,True,False,True,SHIF,1,329101,0,"{""ClassAssertion"":212982,""DataPropertyAssertion"":949,""Declaration"":1419,""EquivalentClasses"":1266,""FunctionalObjectProperty"":1,""InverseObjectProperties"":2,""ObjectPropertyAssertion"":115170,""ObjectPropertyDomain"":4,""ObjectPropertyRange"":4,""SubClassOf"":1408,""SubObjectPropertyOf"":1,""TransitiveObjectProperty"":3}",212982,0,223426,0,1419,1393,1,0,25,0,1393,1,60834,25,4,1266,0,2175,55675105,1,0,0,0,1117,0,331790,0,0,4,10,0,0,0,333210,0,4,15,116119,0,1,0,1408,2674,3,0,674,0,
