label	phase	stratum	case	repetition	reasoner	interval	session_s	fresh_s	fresh_over_session
v1.4.0	measured	OWL2EL	hao-n1	0	elk	whole_process_history_wall_s	199.58666626363993	281.79361054487526	1.4118859532061414
v1.4.0	measured	OWL2EL	hao-n1	0	elk	updates_only:parse_s	112.549868151	113.20675161299997	1.0058363770015144
v1.4.0	measured	OWL2EL	hao-n1	0	elk	updates_only:extract_s	32.60034334099999	32.219088938	0.9883052028313914
v1.4.0	measured	OWL2EL	hao-n1	0	elk	updates_only:update_inference_s	8.695977714000005	85.24895227799998	9.80326250615319
v1.4.0	measured	OWL2EL	hao-n1	0	hermit	whole_process_history_wall_s	253.9149269927293	247.4559942819178	0.9745626112363357
v1.4.0	measured	OWL2EL	hao-n1	0	hermit	updates_only:parse_s	67.66746006899996	65.11319093899996	0.962252622938774
v1.4.0	measured	OWL2EL	hao-n1	0	hermit	updates_only:extract_s	19.617581214999998	15.066788710999994	0.7680247909196687
v1.4.0	measured	OWL2EL	hao-n1	0	hermit	updates_only:update_inference_s	132.89162765600008	137.9254334430001	1.03787902876794
v1.4.0	measured	OWL2EL	hao-n1	0	jfact	whole_process_history_wall_s	3525.0540354549885	3445.6538967378438	0.9774754832355651
v1.4.0	measured	OWL2EL	hao-n1	0	jfact	updates_only:parse_s	146.792112257	140.82733242000012	0.9593658014365452
v1.4.0	measured	OWL2EL	hao-n1	0	jfact	updates_only:extract_s	13.883812355999991	10.525308507999993	0.7580993057322187
v1.4.0	measured	OWL2EL	hao-n1	0	jfact	updates_only:update_inference_s	3310.5218133459985	3240.4246401479995	0.978825944322309
v1.4.0	measured	OWL2EL	hao-n1	0	km	whole_process_history_wall_s	262.0265047419816	251.29794525913894	0.9590554417637746
v1.4.0	measured	OWL2EL	hao-n1	0	km	updates_only:canonicalize_s	69.98126018047333	69.36522513628006	0.9911971427407197
v1.4.0	measured	OWL2EL	hao-n1	0	km	updates_only:request_response_s	184.22483515553176	173.8070048633963	0.9434504567023212
v1.4.0	measured	OWL2EL	hao-n1	0	openllet	whole_process_history_wall_s	2729.4755272753537	2666.065880380571	0.9767685600177993
v1.4.0	measured	OWL2EL	hao-n1	0	openllet	updates_only:parse_s	111.03900845099999	114.59230414499999	1.0320004270892604
v1.4.0	measured	OWL2EL	hao-n1	0	openllet	updates_only:extract_s	84.55100879499999	84.20849374799995	0.9959490128872325
v1.4.0	measured	OWL2EL	hao-n1	0	openllet	updates_only:update_inference_s	2480.4623512570015	2414.4983481940008	0.9734065695334692
v1.4.0	measured	OWL2EL	hao-n1	0	whelk	whole_process_history_wall_s	516.6776935458183	507.75283897668123	0.9827264565886554
v1.4.0	measured	OWL2EL	hao-n1	0	whelk	updates_only:parse_s	254.28848041000006	254.25230406699995	0.9998577350301446
v1.4.0	measured	OWL2EL	hao-n1	0	whelk	updates_only:extract_s	84.43199301399996	83.27157158700004	0.9862561407639933
v1.4.0	measured	OWL2EL	hao-n1	0	whelk	updates_only:update_inference_s	144.22861193500003	141.34859749099994	0.9800316011825861
v1.4.0	measured	OWL2EL	hao-n1	1	elk	whole_process_history_wall_s	198.08685314655304	264.1304757408798	1.3334073995585405
v1.4.0	measured	OWL2EL	hao-n1	1	elk	updates_only:parse_s	112.17846342399999	109.51817959299993	0.9762852534274337
v1.4.0	measured	OWL2EL	hao-n1	1	elk	updates_only:extract_s	31.640404936999996	30.665034624000008	0.9691732670633618
v1.4.0	measured	OWL2EL	hao-n1	1	elk	updates_only:update_inference_s	8.480663442999997	79.337411439	9.355094913533643
v1.4.0	measured	OWL2EL	hao-n1	1	hermit	whole_process_history_wall_s	249.12242124974728	244.83640159852803	0.9827955282799596
v1.4.0	measured	OWL2EL	hao-n1	1	hermit	updates_only:parse_s	65.54918837500001	64.436332463	0.9830225828940324
v1.4.0	measured	OWL2EL	hao-n1	1	hermit	updates_only:extract_s	18.519174251999996	14.74298921599999	0.7960932283148535
v1.4.0	measured	OWL2EL	hao-n1	1	hermit	updates_only:update_inference_s	131.84080791500003	135.46561234500004	1.0274937971582894
v1.4.0	measured	OWL2EL	hao-n1	1	jfact	whole_process_history_wall_s	3536.0146037749946	3555.733024727553	1.00557645348283
v1.4.0	measured	OWL2EL	hao-n1	1	jfact	updates_only:parse_s	148.93166290299988	152.19994940800012	1.0219448735164456
v1.4.0	measured	OWL2EL	hao-n1	1	jfact	updates_only:extract_s	14.116610431999998	11.776620918000003	0.834238571272348
v1.4.0	measured	OWL2EL	hao-n1	1	jfact	updates_only:update_inference_s	3316.5766767309997	3331.1751879209987	1.004401680592046
v1.4.0	measured	OWL2EL	hao-n1	1	km	whole_process_history_wall_s	315.8720536585897	201.37882868759334	0.6375329072487483
v1.4.0	measured	OWL2EL	hao-n1	1	km	updates_only:canonicalize_s	71.25820220820606	68.81808916851878	0.9657567414827892
v1.4.0	measured	OWL2EL	hao-n1	1	km	updates_only:request_response_s	236.47745487466455	124.97834076359868	0.5285000247902637
v1.4.0	measured	OWL2EL	hao-n1	1	openllet	whole_process_history_wall_s	2588.739161239937	2420.28211309202	0.9349269904553728
v1.4.0	measured	OWL2EL	hao-n1	1	openllet	updates_only:parse_s	116.72318807600003	116.62520708499996	0.9991605696124726
v1.4.0	measured	OWL2EL	hao-n1	1	openllet	updates_only:extract_s	95.84647255899998	88.75278949999996	0.9259891066451781
v1.4.0	measured	OWL2EL	hao-n1	1	openllet	updates_only:update_inference_s	2321.1952137189996	2159.205016213	0.9302125919661619
v1.4.0	measured	OWL2EL	hao-n1	1	whelk	whole_process_history_wall_s	452.1229556556791	480.62123310007155	1.063032140013912
v1.4.0	measured	OWL2EL	hao-n1	1	whelk	updates_only:parse_s	232.94046027500002	243.12920322400007	1.0437396875449272
v1.4.0	measured	OWL2EL	hao-n1	1	whelk	updates_only:extract_s	76.95522757600003	81.72176324799997	1.061939075773541
v1.4.0	measured	OWL2EL	hao-n1	1	whelk	updates_only:update_inference_s	118.80840646199997	129.35860243500005	1.0888000797853854
v1.4.0	measured	OWL2EL	hao-n1	2	elk	whole_process_history_wall_s	194.5992947947234	256.74797114916146	1.3193674284379948
v1.4.0	measured	OWL2EL	hao-n1	2	elk	updates_only:parse_s	110.85968934499995	107.50556995700008	0.9697444634039907
v1.4.0	measured	OWL2EL	hao-n1	2	elk	updates_only:extract_s	32.136448191999996	29.68161515499997	0.9236121856922842
v1.4.0	measured	OWL2EL	hao-n1	2	elk	updates_only:update_inference_s	8.339877762999999	77.09482207199999	9.244118950283948
v1.4.0	measured	OWL2EL	hao-n1	2	hermit	whole_process_history_wall_s	249.4805011358112	253.21977390907705	1.0149882365805827
v1.4.0	measured	OWL2EL	hao-n1	2	hermit	updates_only:parse_s	65.92736082499998	66.04312591699995	1.0017559491317614
v1.4.0	measured	OWL2EL	hao-n1	2	hermit	updates_only:extract_s	14.91578383399999	16.350671612999996	1.0961992876116393
v1.4.0	measured	OWL2EL	hao-n1	2	hermit	updates_only:update_inference_s	134.26708900500003	140.525183973	1.0466092995266094
v1.4.0	measured	OWL2EL	hao-n1	2	jfact	whole_process_history_wall_s	3579.550472866744	3118.1549548003823	0.8711023851839013
v1.4.0	measured	OWL2EL	hao-n1	2	jfact	updates_only:parse_s	145.064491273	137.82921793	0.9501237464833225
v1.4.0	measured	OWL2EL	hao-n1	2	jfact	updates_only:extract_s	13.796165109000006	10.562530888000001	0.7656135458330717
v1.4.0	measured	OWL2EL	hao-n1	2	jfact	updates_only:update_inference_s	3365.1714591939995	2916.350523710001	0.8666276173661902
v1.4.0	measured	OWL2EL	hao-n1	2	km	whole_process_history_wall_s	267.06150460615754	223.2207707837224	0.8358403099425048
v1.4.0	measured	OWL2EL	hao-n1	2	km	updates_only:canonicalize_s	71.07144082710147	69.19349454343319	0.9735766397611547
v1.4.0	measured	OWL2EL	hao-n1	2	km	updates_only:request_response_s	188.1619513053447	146.47574566304684	0.7784557114065506
v1.4.0	measured	OWL2EL	hao-n1	2	openllet	whole_process_history_wall_s	2370.4541853312403	2260.2684297356755	0.9535170279698244
v1.4.0	measured	OWL2EL	hao-n1	2	openllet	updates_only:parse_s	117.52164864899993	111.89957276599998	0.9521613596504988
v1.4.0	measured	OWL2EL	hao-n1	2	openllet	updates_only:extract_s	89.93382288000001	86.44373685700008	0.9611927313747487
v1.4.0	measured	OWL2EL	hao-n1	2	openllet	updates_only:update_inference_s	2106.4544834920002	2010.8021041900013	0.954590815965114
v1.4.0	measured	OWL2EL	hao-n1	2	whelk	whole_process_history_wall_s	488.24732852727175	571.8803209643811	1.1712922683865497
v1.4.0	measured	OWL2EL	hao-n1	2	whelk	updates_only:parse_s	247.670952104	283.10976935400004	1.1430883070822082
v1.4.0	measured	OWL2EL	hao-n1	2	whelk	updates_only:extract_s	86.20909391499998	95.54502006399994	1.1082939829782337
v1.4.0	measured	OWL2EL	hao-n1	2	whelk	updates_only:update_inference_s	129.29714561699993	158.68082923200012	1.2272570169649348
v1.4.0	measured	OWL2EL	hao-n1	3	elk	whole_process_history_wall_s	189.58410067297518	258.34031766839325	1.3626686876766092
v1.4.0	measured	OWL2EL	hao-n1	3	elk	updates_only:parse_s	108.721526714	107.8641529179999	0.9921140382966155
v1.4.0	measured	OWL2EL	hao-n1	3	elk	updates_only:extract_s	30.935586679999993	29.838209033999995	0.9645270135862832
v1.4.0	measured	OWL2EL	hao-n1	3	elk	updates_only:update_inference_s	8.309536469000001	77.78108192299999	9.360459781742849
v1.4.0	measured	OWL2EL	hao-n1	3	hermit	whole_process_history_wall_s	248.57790283672512	254.77045724727213	1.0249119263614292
v1.4.0	measured	OWL2EL	hao-n1	3	hermit	updates_only:parse_s	66.028437422	65.96151061399993	0.9989863941869119
v1.4.0	measured	OWL2EL	hao-n1	3	hermit	updates_only:extract_s	15.925676517000001	14.89380164000001	0.935206841863295
v1.4.0	measured	OWL2EL	hao-n1	3	hermit	updates_only:update_inference_s	132.87340654200003	143.13076860399988	1.0771965010075781
v1.4.0	measured	OWL2EL	hao-n1	3	jfact	whole_process_history_wall_s	3225.4065327662975	3006.5037895757705	0.9321317356535571
v1.4.0	measured	OWL2EL	hao-n1	3	jfact	updates_only:parse_s	139.91167671600007	137.9664666850001	0.9860968714216152
v1.4.0	measured	OWL2EL	hao-n1	3	jfact	updates_only:extract_s	12.808611942000004	10.461151105999994	0.8167279290972519
v1.4.0	measured	OWL2EL	hao-n1	3	jfact	updates_only:update_inference_s	3020.6217948919993	2806.932403577998	0.9292564889535792
v1.4.0	measured	OWL2EL	hao-n1	3	km	whole_process_history_wall_s	281.27337028086185	251.89026442170143	0.895535415137877
v1.4.0	measured	OWL2EL	hao-n1	3	km	updates_only:canonicalize_s	70.5536112934351	69.69746926054358	0.987865369083224
v1.4.0	measured	OWL2EL	hao-n1	3	km	updates_only:request_response_s	202.85359997861087	174.22488272562623	0.858870055764338
v1.4.0	measured	OWL2EL	hao-n1	3	openllet	whole_process_history_wall_s	2448.7285627964884	2225.219462379813	0.9087244279286618
v1.4.0	measured	OWL2EL	hao-n1	3	openllet	updates_only:parse_s	114.24624865499997	112.88292300600001	0.9880667797406905
v1.4.0	measured	OWL2EL	hao-n1	3	openllet	updates_only:extract_s	87.29268652200001	88.00988118499998	1.0082159765219187
v1.4.0	measured	OWL2EL	hao-n1	3	openllet	updates_only:update_inference_s	2196.006136564001	1972.4741164190007	0.8982097470388897
v1.4.0	measured	OWL2EL	hao-n1	3	whelk	whole_process_history_wall_s	527.4362460523844	526.2890581209213	0.9978249732739278
v1.4.0	measured	OWL2EL	hao-n1	3	whelk	updates_only:parse_s	263.101980264	266.0977824689998	1.0113864677186912
v1.4.0	measured	OWL2EL	hao-n1	3	whelk	updates_only:extract_s	87.94620332099998	83.31206482099996	0.9473071227067573
v1.4.0	measured	OWL2EL	hao-n1	3	whelk	updates_only:update_inference_s	144.632546683	143.95091831900004	0.9952871716661816
v1.4.0	measured	OWL2EL	hao-n1	4	elk	whole_process_history_wall_s	182.6361950840801	239.8274846225977	1.313143238185555
v1.4.0	measured	OWL2EL	hao-n1	4	elk	updates_only:parse_s	106.46842615	104.13370971700007	0.9780712788060695
v1.4.0	measured	OWL2EL	hao-n1	4	elk	updates_only:extract_s	30.74334118599998	28.891983365000005	0.9397802011889633
v1.4.0	measured	OWL2EL	hao-n1	4	elk	updates_only:update_inference_s	8.115349868	68.235046465	8.408145991839573
v1.4.0	measured	OWL2EL	hao-n1	4	hermit	whole_process_history_wall_s	250.87417523935437	244.8341000713408	0.9759238862977792
v1.4.0	measured	OWL2EL	hao-n1	4	hermit	updates_only:parse_s	65.786830089	64.463190621	0.979879871606379
v1.4.0	measured	OWL2EL	hao-n1	4	hermit	updates_only:extract_s	14.795113754000006	14.600251312000012	0.9868292704442836
v1.4.0	measured	OWL2EL	hao-n1	4	hermit	updates_only:update_inference_s	136.47361349700006	136.58588481699996	1.000822659539255
v1.4.0	measured	OWL2EL	hao-n1	4	jfact	whole_process_history_wall_s	3787.4011317845434	3180.167779011652	0.8396701770834673
v1.4.0	measured	OWL2EL	hao-n1	4	jfact	updates_only:parse_s	144.00278728400005	142.8794516610001	0.9921992091668023
v1.4.0	measured	OWL2EL	hao-n1	4	jfact	updates_only:extract_s	14.244243222999998	11.720618954000008	0.8228319869654341
v1.4.0	measured	OWL2EL	hao-n1	4	jfact	updates_only:update_inference_s	3570.2105728139995	2963.264772074	0.8299971981031887
v1.4.0	measured	OWL2EL	hao-n1	4	km	whole_process_history_wall_s	307.7292361613363	240.33547013252974	0.7809965446589112
v1.4.0	measured	OWL2EL	hao-n1	4	km	updates_only:canonicalize_s	70.85194711945951	68.99195738695562	0.973748219941396
v1.4.0	measured	OWL2EL	hao-n1	4	km	updates_only:request_response_s	228.90447436273098	163.52112309075892	0.714364031310445
v1.4.0	measured	OWL2EL	hao-n1	4	openllet	whole_process_history_wall_s	2641.8002083599567	2514.370796520263	0.951764175263351
v1.4.0	measured	OWL2EL	hao-n1	4	openllet	updates_only:parse_s	111.04231725600002	113.70140296900003	1.0239465978260314
v1.4.0	measured	OWL2EL	hao-n1	4	openllet	updates_only:extract_s	84.42746320500001	91.49158229900004	1.0836708675807007
v1.4.0	measured	OWL2EL	hao-n1	4	openllet	updates_only:update_inference_s	2395.6836107120002	2257.101783247001	0.9421535352809746
v1.4.0	measured	OWL2EL	hao-n1	4	whelk	whole_process_history_wall_s	462.6562873721123	455.5965495314449	0.9847408583145673
v1.4.0	measured	OWL2EL	hao-n1	4	whelk	updates_only:parse_s	232.75502048100003	231.22081478700008	0.9934084958046042
v1.4.0	measured	OWL2EL	hao-n1	4	whelk	updates_only:extract_s	79.271390843	80.67072524200002	1.0176524517120111
v1.4.0	measured	OWL2EL	hao-n1	4	whelk	updates_only:update_inference_s	124.79548554600002	119.83031420500001	0.9602135340130566
v1.4.0	measured	OWL2EL	hao-n10	0	elk	whole_process_history_wall_s	167.41310447081923	224.83961971104145	1.3430228202370615
v1.4.0	measured	OWL2EL	hao-n10	0	elk	updates_only:parse_s	92.68389000300003	91.98430039900002	0.9924518748190504
v1.4.0	measured	OWL2EL	hao-n10	0	elk	updates_only:extract_s	27.851396855999997	26.952151808999993	0.9677127487842219
v1.4.0	measured	OWL2EL	hao-n10	0	elk	updates_only:update_inference_s	11.456524196999991	70.08308470099995	6.117307788635573
v1.4.0	measured	OWL2EL	hao-n10	0	hermit	whole_process_history_wall_s	253.65828037261963	254.06243585795164	1.0015933068880634
v1.4.0	measured	OWL2EL	hao-n10	0	hermit	updates_only:parse_s	64.96379058600007	63.38268465799998	0.9756617353492174
v1.4.0	measured	OWL2EL	hao-n10	0	hermit	updates_only:extract_s	17.165153537000005	16.058590471	0.935534333344891
v1.4.0	measured	OWL2EL	hao-n10	0	hermit	updates_only:update_inference_s	138.42026463499994	144.65686249099988	1.0450555261720182
v1.4.0	measured	OWL2EL	hao-n10	0	jfact	whole_process_history_wall_s	3005.225716855377	3150.745497966185	1.0484222467199829
v1.4.0	measured	OWL2EL	hao-n10	0	jfact	updates_only:parse_s	126.07613878500003	127.60402977000005	1.012118795830237
v1.4.0	measured	OWL2EL	hao-n10	0	jfact	updates_only:extract_s	14.602736958000001	11.071558213999994	0.7581837737571876
v1.4.0	measured	OWL2EL	hao-n10	0	jfact	updates_only:update_inference_s	2817.2569035330016	2964.5674844970004	1.052288657374222
v1.4.0	measured	OWL2EL	hao-n10	0	km	whole_process_history_wall_s	271.527470568195	207.7518261410296	0.7651226806123547
v1.4.0	measured	OWL2EL	hao-n10	0	km	updates_only:canonicalize_s	71.63495667465031	69.84725892543793	0.9750443382365442
v1.4.0	measured	OWL2EL	hao-n10	0	km	updates_only:request_response_s	191.44174908474088	129.51702393777668	0.6765348966825754
v1.4.0	measured	OWL2EL	hao-n10	0	openllet	whole_process_history_wall_s	2927.7025810852647	2663.5696998443455	0.9097815184686525
v1.4.0	measured	OWL2EL	hao-n10	0	openllet	updates_only:parse_s	123.41714579399998	122.17821694499997	0.9899614527541583
v1.4.0	measured	OWL2EL	hao-n10	0	openllet	updates_only:extract_s	106.665861408	103.65282741199998	0.9717525930393505
v1.4.0	measured	OWL2EL	hao-n10	0	openllet	updates_only:update_inference_s	2642.0741899509985	2381.571866284998	0.9014023434100343
v1.4.0	measured	OWL2EL	hao-n10	0	whelk	whole_process_history_wall_s	558.1455840654671	573.9191552847624	1.0282606754753885
v1.4.0	measured	OWL2EL	hao-n10	0	whelk	updates_only:parse_s	267.30553641499995	276.5265012800001	1.0344959741151203
v1.4.0	measured	OWL2EL	hao-n10	0	whelk	updates_only:extract_s	99.88324356800001	100.58054036700004	1.0069811188953361
v1.4.0	measured	OWL2EL	hao-n10	0	whelk	updates_only:update_inference_s	157.717564319	162.77712286300005	1.0320798673619291
v1.4.0	measured	OWL2EL	hao-n10	1	elk	whole_process_history_wall_s	160.04394557140768	221.0466712601483	1.3811623455729083
v1.4.0	measured	OWL2EL	hao-n10	1	elk	updates_only:parse_s	89.222395231	91.06329123800002	1.020632667417568
v1.4.0	measured	OWL2EL	hao-n10	1	elk	updates_only:extract_s	26.529673080000006	26.42923828900001	0.9962142469416365
v1.4.0	measured	OWL2EL	hao-n10	1	elk	updates_only:update_inference_s	11.202850285000007	67.50962918799998	6.026111879616173
v1.4.0	measured	OWL2EL	hao-n10	1	hermit	whole_process_history_wall_s	252.00915794074535	244.57427004538476	0.9704975487553165
v1.4.0	measured	OWL2EL	hao-n10	1	hermit	updates_only:parse_s	63.635240567	62.54950342999999	0.9829381153064572
v1.4.0	measured	OWL2EL	hao-n10	1	hermit	updates_only:extract_s	15.657940657000008	15.639119854000002	0.9987980026612508
v1.4.0	measured	OWL2EL	hao-n10	1	hermit	updates_only:update_inference_s	139.58929391600003	137.51352375100004	0.9851294457707543
v1.4.0	measured	OWL2EL	hao-n10	1	jfact	whole_process_history_wall_s	2544.7953045982867	2833.075577164069	1.1132823029203478
v1.4.0	measured	OWL2EL	hao-n10	1	jfact	updates_only:parse_s	123.39510092799992	121.14834818399993	0.9817922046572096
v1.4.0	measured	OWL2EL	hao-n10	1	jfact	updates_only:extract_s	14.008183816999988	10.461769047000006	0.7468326503756939
v1.4.0	measured	OWL2EL	hao-n10	1	jfact	updates_only:update_inference_s	2361.419412040999	2653.6135615600015	1.1237366594130165
v1.4.0	measured	OWL2EL	hao-n10	1	km	whole_process_history_wall_s	268.5027503352612	212.43910088017583	0.7911989751126105
v1.4.0	measured	OWL2EL	hao-n10	1	km	updates_only:canonicalize_s	71.85315640829504	69.94015966169536	0.973376301860292
v1.4.0	measured	OWL2EL	hao-n10	1	km	updates_only:request_response_s	188.5035444740206	134.20543652959168	0.7119517932888936
v1.4.0	measured	OWL2EL	hao-n10	1	openllet	whole_process_history_wall_s	2640.6206561606377	2894.4983809050173	1.0961432018461554
v1.4.0	measured	OWL2EL	hao-n10	1	openllet	updates_only:parse_s	121.39492550499996	124.56907274799998	1.0261472811140635
v1.4.0	measured	OWL2EL	hao-n10	1	openllet	updates_only:extract_s	107.90090696700001	104.24482933099996	0.9661163400867593
v1.4.0	measured	OWL2EL	hao-n10	1	openllet	updates_only:update_inference_s	2355.784527703002	2610.628251268999	1.1081778577663388
v1.4.0	measured	OWL2EL	hao-n10	1	whelk	whole_process_history_wall_s	604.8355866279453	575.8583682999015	0.9520907516543522
v1.4.0	measured	OWL2EL	hao-n10	1	whelk	updates_only:parse_s	284.823652267	275.72241743599994	0.9680460707579567
v1.4.0	measured	OWL2EL	hao-n10	1	whelk	updates_only:extract_s	112.30020404199985	100.48519786899995	0.8947908752812138
v1.4.0	measured	OWL2EL	hao-n10	1	whelk	updates_only:update_inference_s	171.63998500599996	164.99717725199986	0.9612980171620972
v1.4.0	measured	OWL2EL	hao-n10	2	elk	whole_process_history_wall_s	155.5231354869902	205.00195398554206	1.3181444249025627
v1.4.0	measured	OWL2EL	hao-n10	2	elk	updates_only:parse_s	86.01126119999996	85.34923348699996	0.992303011213141
v1.4.0	measured	OWL2EL	hao-n10	2	elk	updates_only:extract_s	26.215730818999987	25.049298252	0.9555063875558789
v1.4.0	measured	OWL2EL	hao-n10	2	elk	updates_only:update_inference_s	10.955918359999997	63.533287909	5.798992455161013
v1.4.0	measured	OWL2EL	hao-n10	2	hermit	whole_process_history_wall_s	248.88354357890785	248.05543649569154	0.996672712581522
v1.4.0	measured	OWL2EL	hao-n10	2	hermit	updates_only:parse_s	62.442924596999994	62.72521963899997	1.0045208491405853
v1.4.0	measured	OWL2EL	hao-n10	2	hermit	updates_only:extract_s	15.697965774999991	16.25547910399999	1.0355150047458934
v1.4.0	measured	OWL2EL	hao-n10	2	hermit	updates_only:update_inference_s	137.045935728	139.755980767	1.0197747202396337
v1.4.0	measured	OWL2EL	hao-n10	2	jfact	whole_process_history_wall_s	2823.149316262454	2916.058348653838	1.0329097125172202
v1.4.0	measured	OWL2EL	hao-n10	2	jfact	updates_only:parse_s	123.38653421700003	121.232183568	0.9825398236309063
v1.4.0	measured	OWL2EL	hao-n10	2	jfact	updates_only:extract_s	14.660176475999998	10.438088075	0.7120028938320129
v1.4.0	measured	OWL2EL	hao-n10	2	jfact	updates_only:update_inference_s	2638.8430125289997	2740.4066697510007	1.0384879497339499
v1.4.0	measured	OWL2EL	hao-n10	2	km	whole_process_history_wall_s	261.0705447681248	203.8298879209906	0.7807463997979025
v1.4.0	measured	OWL2EL	hao-n10	2	km	updates_only:canonicalize_s	71.17118476890028	69.02079547196627	0.9697856751448423
v1.4.0	measured	OWL2EL	hao-n10	2	km	updates_only:request_response_s	181.59782108850777	126.66092069074512	0.6974803988920808
v1.4.0	measured	OWL2EL	hao-n10	2	openllet	whole_process_history_wall_s	3274.882846156135	2906.927886184305	0.887643321224845
v1.4.0	measured	OWL2EL	hao-n10	2	openllet	updates_only:parse_s	118.04830869800007	109.85781897400007	0.9306174750461397
v1.4.0	measured	OWL2EL	hao-n10	2	openllet	updates_only:extract_s	113.67012533000005	100.20174505199998	0.8815134562498326
v1.4.0	measured	OWL2EL	hao-n10	2	openllet	updates_only:update_inference_s	2985.080852804999	2646.1759135180005	0.8864670821332901
v1.4.0	measured	OWL2EL	hao-n10	2	whelk	whole_process_history_wall_s	607.8131364304572	581.5090209394693	0.9567233514473449
v1.4.0	measured	OWL2EL	hao-n10	2	whelk	updates_only:parse_s	290.67137139300013	278.31843764399997	0.957502062587724
v1.4.0	measured	OWL2EL	hao-n10	2	whelk	updates_only:extract_s	108.05646423399983	101.72840116700002	0.9414374409540536
v1.4.0	measured	OWL2EL	hao-n10	2	whelk	updates_only:update_inference_s	170.80795465299985	166.19546278299998	0.972996035931873
v1.4.0	measured	OWL2EL	hao-n10	3	elk	whole_process_history_wall_s	155.42390416003764	206.98657337203622	1.331755076483636
v1.4.0	measured	OWL2EL	hao-n10	3	elk	updates_only:parse_s	87.00622436400008	85.343022507	0.9808841049113695
v1.4.0	measured	OWL2EL	hao-n10	3	elk	updates_only:extract_s	26.267485211000007	25.11389756	0.9560830569910469
v1.4.0	measured	OWL2EL	hao-n10	3	elk	updates_only:update_inference_s	10.612574402000002	64.43655998199999	6.071718090368021
v1.4.0	measured	OWL2EL	hao-n10	3	hermit	whole_process_history_wall_s	249.46496390737593	248.67959037609398	0.9968517682043176
v1.4.0	measured	OWL2EL	hao-n10	3	hermit	updates_only:parse_s	63.14039125200001	62.994876005000016	0.9976953698874113
v1.4.0	measured	OWL2EL	hao-n10	3	hermit	updates_only:extract_s	15.610755416000014	15.032458463999987	0.9629552230760524
v1.4.0	measured	OWL2EL	hao-n10	3	hermit	updates_only:update_inference_s	137.27552337600002	142.00730064899997	1.0344691985623653
v1.4.0	measured	OWL2EL	hao-n10	3	jfact	whole_process_history_wall_s	3045.271077597514	2597.498534038663	0.852961351502373
v1.4.0	measured	OWL2EL	hao-n10	3	jfact	updates_only:parse_s	123.17943572499999	118.97940680999994	0.9659031648401387
v1.4.0	measured	OWL2EL	hao-n10	3	jfact	updates_only:extract_s	14.159606198000008	9.579724740999994	0.676553048654213
v1.4.0	measured	OWL2EL	hao-n10	3	jfact	updates_only:update_inference_s	2859.4181434619995	2422.6030406389996	0.8472363673631405
v1.4.0	measured	OWL2EL	hao-n10	3	km	whole_process_history_wall_s	260.10080800019205	204.1922113597393	0.7850502769664158
v1.4.0	measured	OWL2EL	hao-n10	3	km	updates_only:canonicalize_s	71.51310863904655	70.33237911202013	0.9834893273485564
v1.4.0	measured	OWL2EL	hao-n10	3	km	updates_only:request_response_s	180.44579112902284	125.64541604369879	0.696305606562247
v1.4.0	measured	OWL2EL	hao-n10	3	openllet	whole_process_history_wall_s	2981.303866881877	2893.4028899744153	0.9705159283211889
v1.4.0	measured	OWL2EL	hao-n10	3	openllet	updates_only:parse_s	112.72677749499991	108.35883875800003	0.9612519861379554
v1.4.0	measured	OWL2EL	hao-n10	3	openllet	updates_only:extract_s	100.07960542399995	102.47484550899992	1.0239333486063642
v1.4.0	measured	OWL2EL	hao-n10	3	openllet	updates_only:update_inference_s	2717.1405610979996	2632.977585687	0.9690251668919958
v1.4.0	measured	OWL2EL	hao-n10	3	whelk	whole_process_history_wall_s	573.7794096823782	578.6896557267755	1.0085577243824686
v1.4.0	measured	OWL2EL	hao-n10	3	whelk	updates_only:parse_s	278.120525954	278.43612157900003	1.0011347440967093
v1.4.0	measured	OWL2EL	hao-n10	3	whelk	updates_only:extract_s	103.05365850600006	99.36194670999994	0.9641768002269887
v1.4.0	measured	OWL2EL	hao-n10	3	whelk	updates_only:update_inference_s	157.5597875660001	165.87253868999989	1.0527593445790708
v1.4.0	measured	OWL2EL	hao-n10	4	elk	whole_process_history_wall_s	155.33026677928865	207.05291678011417	1.3329850071932157
v1.4.0	measured	OWL2EL	hao-n10	4	elk	updates_only:parse_s	86.08856348699996	85.41273292999998	0.9921495895665393
v1.4.0	measured	OWL2EL	hao-n10	4	elk	updates_only:extract_s	26.78377505100001	25.111489173	0.9375634736023676
v1.4.0	measured	OWL2EL	hao-n10	4	elk	updates_only:update_inference_s	10.874501095000001	64.32983506299996	5.915658520884075
v1.4.0	measured	OWL2EL	hao-n10	4	hermit	whole_process_history_wall_s	250.4668766465038	258.7666427753866	1.0331371806124952
v1.4.0	measured	OWL2EL	hao-n10	4	hermit	updates_only:parse_s	63.72456872699999	64.313095047	1.009235469643134
v1.4.0	measured	OWL2EL	hao-n10	4	hermit	updates_only:extract_s	15.707029556999991	15.915834231999998	1.0132937086698834
v1.4.0	measured	OWL2EL	hao-n10	4	hermit	updates_only:update_inference_s	137.73524623699998	147.92414861000006	1.0739745464677073
v1.4.0	measured	OWL2EL	hao-n10	4	jfact	whole_process_history_wall_s	3093.683002885431	3230.7695105019957	1.0443117499397017
v1.4.0	measured	OWL2EL	hao-n10	4	jfact	updates_only:parse_s	123.49633891799989	127.75327799599995	1.0344701641789285
v1.4.0	measured	OWL2EL	hao-n10	4	jfact	updates_only:extract_s	13.457541999	10.759828687999997	0.7995389268559991
v1.4.0	measured	OWL2EL	hao-n10	4	jfact	updates_only:update_inference_s	2906.368849830999	3041.4621750029987	1.0464818239363718
v1.4.0	measured	OWL2EL	hao-n10	4	km	whole_process_history_wall_s	264.58795271255076	202.63596925884485	0.7658548591552438
v1.4.0	measured	OWL2EL	hao-n10	4	km	updates_only:canonicalize_s	71.230268843472	69.0792545415461	0.9698019628895023
v1.4.0	measured	OWL2EL	hao-n10	4	km	updates_only:request_response_s	185.09597444161773	125.32814503647387	0.6770981671241284
v1.4.0	measured	OWL2EL	hao-n10	4	openllet	whole_process_history_wall_s	2948.7463216949254	3297.874765522778	1.1183989416991202
v1.4.0	measured	OWL2EL	hao-n10	4	openllet	updates_only:parse_s	114.32838683299997	118.10911238200008	1.0330690010917642
v1.4.0	measured	OWL2EL	hao-n10	4	openllet	updates_only:extract_s	98.77363528600004	99.82425406899998	1.010636631728273
v1.4.0	measured	OWL2EL	hao-n10	4	openllet	updates_only:update_inference_s	2683.7678963479975	3021.224828535999	1.1257399839409379
v1.4.0	measured	OWL2EL	hao-n10	4	whelk	whole_process_history_wall_s	567.0363292489201	571.5295758266002	1.0079240894205699
v1.4.0	measured	OWL2EL	hao-n10	4	whelk	updates_only:parse_s	270.80799681499985	276.69634209599997	1.0217436166961593
v1.4.0	measured	OWL2EL	hao-n10	4	whelk	updates_only:extract_s	102.42119125900003	100.21798233700007	0.978488739538007
v1.4.0	measured	OWL2EL	hao-n10	4	whelk	updates_only:update_inference_s	158.78774923900002	161.2909137439999	1.0157642168051153
v1.4.0	measured	OWL2EL	hao-n100	0	elk	whole_process_history_wall_s	219.36881179735065	260.2603135444224	1.1864052661453381
v1.4.0	measured	OWL2EL	hao-n100	0	elk	updates_only:parse_s	114.44353367799994	111.59308189299996	0.9750929415285267
v1.4.0	measured	OWL2EL	hao-n100	0	elk	updates_only:extract_s	31.838145409999992	30.840908031000005	0.9686779061356141
v1.4.0	measured	OWL2EL	hao-n100	0	elk	updates_only:update_inference_s	28.956122124999983	73.48450118399995	2.537788066605621
v1.4.0	measured	OWL2EL	hao-n100	0	hermit	whole_process_history_wall_s	265.4770025797188	261.2375019490719	0.9840306294351282
v1.4.0	measured	OWL2EL	hao-n100	0	hermit	updates_only:parse_s	66.12178764699999	65.56312989899997	0.991551079184633
v1.4.0	measured	OWL2EL	hao-n100	0	hermit	updates_only:extract_s	16.941323031	16.544691756000002	0.9765879397804869
v1.4.0	measured	OWL2EL	hao-n100	0	hermit	updates_only:update_inference_s	147.12953581499994	148.94127998300002	1.0123139392642286
v1.4.0	measured	OWL2EL	hao-n100	0	jfact	whole_process_history_wall_s	3554.411619078368	3504.8511173110455	0.9860566228454506
v1.4.0	measured	OWL2EL	hao-n100	0	jfact	updates_only:parse_s	148.81197125100013	141.65407363600005	0.9518997191232222
v1.4.0	measured	OWL2EL	hao-n100	0	jfact	updates_only:extract_s	15.379545945000006	11.525079915000008	0.7493771244102879
v1.4.0	measured	OWL2EL	hao-n100	0	jfact	updates_only:update_inference_s	3331.8095596950006	3294.013137590999	0.9886558876109769
v1.4.0	measured	OWL2EL	hao-n100	0	km	whole_process_history_wall_s	329.89959382638335	245.315516166389	0.7436066026061598
v1.4.0	measured	OWL2EL	hao-n100	0	km	updates_only:canonicalize_s	72.00979374349117	70.59143687598407	0.9803032782935126
v1.4.0	measured	OWL2EL	hao-n100	0	km	updates_only:request_response_s	249.28007338382304	165.81705478020012	0.6651837530747485
v1.4.0	measured	OWL2EL	hao-n100	0	openllet	whole_process_history_wall_s	3254.2888389844447	3635.955345680937	1.1172810790868821
v1.4.0	measured	OWL2EL	hao-n100	0	openllet	updates_only:parse_s	133.97413574999993	141.5452302520001	1.0565116129289915
v1.4.0	measured	OWL2EL	hao-n100	0	openllet	updates_only:extract_s	113.46452772699999	113.75879158999993	1.002593443685836
v1.4.0	measured	OWL2EL	hao-n100	0	openllet	updates_only:update_inference_s	2939.8907737659983	3313.7975087590007	1.1271838866700574
v1.4.0	measured	OWL2EL	hao-n100	0	whelk	whole_process_history_wall_s	551.421534832567	547.6729214917868	0.993201909784103
v1.4.0	measured	OWL2EL	hao-n100	0	whelk	updates_only:parse_s	259.7266567759999	259.44143876100003	0.9989018531307479
v1.4.0	measured	OWL2EL	hao-n100	0	whelk	updates_only:extract_s	94.49485898300004	91.42774223399998	0.9675419723145801
v1.4.0	measured	OWL2EL	hao-n100	0	whelk	updates_only:update_inference_s	162.53227196999998	161.641354514	0.9945185196441207
v1.4.0	measured	OWL2EL	hao-n100	1	elk	whole_process_history_wall_s	223.27666968666017	264.93078034743667	1.186558276416576
v1.4.0	measured	OWL2EL	hao-n100	1	elk	updates_only:parse_s	115.50243610000004	110.47362335699998	0.9564614140376555
v1.4.0	measured	OWL2EL	hao-n100	1	elk	updates_only:extract_s	33.054046755	30.780611075999996	0.9312206551938724
v1.4.0	measured	OWL2EL	hao-n100	1	elk	updates_only:update_inference_s	29.02237112999997	80.62881801400003	2.778160945321772
v1.4.0	measured	OWL2EL	hao-n100	1	hermit	whole_process_history_wall_s	256.0650904290378	248.9704238474369	0.9722935033052972
v1.4.0	measured	OWL2EL	hao-n100	1	hermit	updates_only:parse_s	63.92317128599998	63.534921971	0.9939263133040928
v1.4.0	measured	OWL2EL	hao-n100	1	hermit	updates_only:extract_s	16.387138728000007	16.750567513000007	1.0221776840382162
v1.4.0	measured	OWL2EL	hao-n100	1	hermit	updates_only:update_inference_s	141.671023206	140.895093802	0.9945230196942126
v1.4.0	measured	OWL2EL	hao-n100	1	jfact	whole_process_history_wall_s	3075.4061759077013	3082.0376318562776	1.0021562862169318
v1.4.0	measured	OWL2EL	hao-n100	1	jfact	updates_only:parse_s	141.553972684	140.96555759999998	0.9958431750600629
v1.4.0	measured	OWL2EL	hao-n100	1	jfact	updates_only:extract_s	15.685402394999997	10.793995619999997	0.6881554803745918
v1.4.0	measured	OWL2EL	hao-n100	1	jfact	updates_only:update_inference_s	2864.1280126960014	2879.5105236280006	1.005370748396654
v1.4.0	measured	OWL2EL	hao-n100	1	km	whole_process_history_wall_s	328.48089270479977	245.2721063233912	0.746686068415593
v1.4.0	measured	OWL2EL	hao-n100	1	km	updates_only:canonicalize_s	72.15046602860093	70.69473514892161	0.9798236801533304
v1.4.0	measured	OWL2EL	hao-n100	1	km	updates_only:request_response_s	247.44441544823349	165.8244251590222	0.6701481820013572
v1.4.0	measured	OWL2EL	hao-n100	1	openllet	whole_process_history_wall_s	4472.096529273316	4293.0724165756255	0.9599686385287437
v1.4.0	measured	OWL2EL	hao-n100	1	openllet	updates_only:parse_s	184.61498268600005	145.6285316770001	0.7888229306106236
v1.4.0	measured	OWL2EL	hao-n100	1	openllet	updates_only:extract_s	161.84698312899988	120.65455743100003	0.7454853658583954
v1.4.0	measured	OWL2EL	hao-n100	1	openllet	updates_only:update_inference_s	4030.766629477998	3950.7110644490017	0.9801388737210609
v1.4.0	measured	OWL2EL	hao-n100	1	whelk	whole_process_history_wall_s	570.7980128265917	559.835607888177	0.9807945986284555
v1.4.0	measured	OWL2EL	hao-n100	1	whelk	updates_only:parse_s	269.31424014000004	262.7152414430001	0.9754970301846292
v1.4.0	measured	OWL2EL	hao-n100	1	whelk	updates_only:extract_s	94.96983106900007	94.90966333	0.9993664541852628
v1.4.0	measured	OWL2EL	hao-n100	1	whelk	updates_only:update_inference_s	170.18309283300005	165.98981978599997	0.9753602254066747
v1.4.0	measured	OWL2EL	hao-n100	2	elk	whole_process_history_wall_s	223.56189995631576	260.0249166674912	1.1631003168174021
v1.4.0	measured	OWL2EL	hao-n100	2	elk	updates_only:parse_s	116.48682893299998	110.70823177199995	0.9503926992095928
v1.4.0	measured	OWL2EL	hao-n100	2	elk	updates_only:extract_s	31.328858268	31.693625016000016	1.0116431548471907
v1.4.0	measured	OWL2EL	hao-n100	2	elk	updates_only:update_inference_s	29.150412063999973	74.71196333400006	2.562981379816152
v1.4.0	measured	OWL2EL	hao-n100	2	hermit	whole_process_history_wall_s	255.55972697027028	252.72711783833802	0.9889160582322043
v1.4.0	measured	OWL2EL	hao-n100	2	hermit	updates_only:parse_s	63.80921465099997	64.04384039000003	1.0036769883516563
v1.4.0	measured	OWL2EL	hao-n100	2	hermit	updates_only:extract_s	15.842456563999994	15.619389215999988	0.9859196490709087
v1.4.0	measured	OWL2EL	hao-n100	2	hermit	updates_only:update_inference_s	141.85690259799992	144.02957369200004	1.0153159349612837
v1.4.0	measured	OWL2EL	hao-n100	2	jfact	whole_process_history_wall_s	3252.677850721404	3413.6108941994607	1.0494770926799173
v1.4.0	measured	OWL2EL	hao-n100	2	jfact	updates_only:parse_s	139.2410392859999	141.831635254	1.0186051180117883
v1.4.0	measured	OWL2EL	hao-n100	2	jfact	updates_only:extract_s	14.973801466000006	10.981983284000007	0.7334131756011357
v1.4.0	measured	OWL2EL	hao-n100	2	jfact	updates_only:update_inference_s	3045.9161409740004	3208.188452682	1.0532753707579452
v1.4.0	measured	OWL2EL	hao-n100	2	km	whole_process_history_wall_s	241.85043079219759	189.88646197877824	0.7851400609740168
v1.4.0	measured	OWL2EL	hao-n100	2	km	updates_only:canonicalize_s	70.67492649145424	69.41139338165522	0.9821219041529274
v1.4.0	measured	OWL2EL	hao-n100	2	km	updates_only:request_response_s	163.22986606508493	112.39774532429874	0.6885856616428404
v1.4.0	measured	OWL2EL	hao-n100	2	openllet	whole_process_history_wall_s	3512.1554701123387	3037.421771226451	0.8648312402666208
v1.4.0	measured	OWL2EL	hao-n100	2	openllet	updates_only:parse_s	124.04450141299994	132.65008522499994	1.0693749719977361
v1.4.0	measured	OWL2EL	hao-n100	2	openllet	updates_only:extract_s	103.86391504199999	109.05535831000002	1.0499831271130184
v1.4.0	measured	OWL2EL	hao-n100	2	openllet	updates_only:update_inference_s	3219.0618473049994	2732.618615284998	0.8488866461428034
v1.4.0	measured	OWL2EL	hao-n100	2	whelk	whole_process_history_wall_s	567.1874633170664	545.2602300420403	0.9613404126621741
v1.4.0	measured	OWL2EL	hao-n100	2	whelk	updates_only:parse_s	265.17435320699974	260.85799288400005	0.9837225573634933
v1.4.0	measured	OWL2EL	hao-n100	2	whelk	updates_only:extract_s	95.46966802900002	93.53482461200001	0.9797334225943649
v1.4.0	measured	OWL2EL	hao-n100	2	whelk	updates_only:update_inference_s	170.812368135	158.95756027800002	0.9305974854957185
v1.4.0	measured	OWL2EL	hao-n100	3	elk	whole_process_history_wall_s	214.39714313670993	263.10390204936266	1.227180074324008
v1.4.0	measured	OWL2EL	hao-n100	3	elk	updates_only:parse_s	113.61292728200006	109.87451454599997	0.9670951816361449
v1.4.0	measured	OWL2EL	hao-n100	3	elk	updates_only:extract_s	31.389811140999996	30.382927606000017	0.9679232369230527
v1.4.0	measured	OWL2EL	hao-n100	3	elk	updates_only:update_inference_s	28.211771888999987	79.19762525799996	2.8072545591820766
v1.4.0	measured	OWL2EL	hao-n100	3	hermit	whole_process_history_wall_s	258.39387278072536	248.98384731449187	0.9635826292436164
v1.4.0	measured	OWL2EL	hao-n100	3	hermit	updates_only:parse_s	63.89876106000001	61.99516426500002	0.9702091752105719
v1.4.0	measured	OWL2EL	hao-n100	3	hermit	updates_only:extract_s	15.779212677000004	15.39060499800001	0.9753721755986955
v1.4.0	measured	OWL2EL	hao-n100	3	hermit	updates_only:update_inference_s	144.559839067	142.821892467	0.9879776664721208
v1.4.0	measured	OWL2EL	hao-n100	3	jfact	whole_process_history_wall_s	2726.60461175628	3240.619503552094	1.1885183093946001
v1.4.0	measured	OWL2EL	hao-n100	3	jfact	updates_only:parse_s	139.10197649499995	140.04857233	1.0068050494957137
v1.4.0	measured	OWL2EL	hao-n100	3	jfact	updates_only:extract_s	13.702500805000001	11.225370163999997	0.8192205440268169
v1.4.0	measured	OWL2EL	hao-n100	3	jfact	updates_only:update_inference_s	2520.483673347	3035.5827516959994	1.2043651715724026
v1.4.0	measured	OWL2EL	hao-n100	3	km	whole_process_history_wall_s	326.694174611941	245.9389732964337	0.7528110153435359
v1.4.0	measured	OWL2EL	hao-n100	3	km	updates_only:canonicalize_s	72.64718941412866	70.90343393571675	0.9759969312994127
v1.4.0	measured	OWL2EL	hao-n100	3	km	updates_only:request_response_s	245.36885145120323	166.26915679313242	0.6776294375172497
v1.4.0	measured	OWL2EL	hao-n100	3	openllet	whole_process_history_wall_s	3149.947492578998	3421.867336381227	1.0863251988939016
v1.4.0	measured	OWL2EL	hao-n100	3	openllet	updates_only:parse_s	124.07255468000004	121.42533132299997	0.9786639086796624
v1.4.0	measured	OWL2EL	hao-n100	3	openllet	updates_only:extract_s	108.08822882399993	103.27198026499991	0.9554415072630867
v1.4.0	measured	OWL2EL	hao-n100	3	openllet	updates_only:update_inference_s	2858.555097653999	3138.6478655680003	1.0979840368107203
v1.4.0	measured	OWL2EL	hao-n100	3	whelk	whole_process_history_wall_s	541.7267636004835	544.1323657277972	1.0044406189410418
v1.4.0	measured	OWL2EL	hao-n100	3	whelk	updates_only:parse_s	258.5232962650002	259.43882251099996	1.0035413684539334
v1.4.0	measured	OWL2EL	hao-n100	3	whelk	updates_only:extract_s	93.82921791599998	90.67732662199998	0.9664082109602394
v1.4.0	measured	OWL2EL	hao-n100	3	whelk	updates_only:update_inference_s	154.84837973900005	159.25321976700002	1.0284461486482739
v1.4.0	measured	OWL2EL	hao-n100	4	elk	whole_process_history_wall_s	218.6474500913173	266.5322652515024	1.219004681464093
v1.4.0	measured	OWL2EL	hao-n100	4	elk	updates_only:parse_s	114.11083622100001	111.35414704900006	0.9758420035879762
v1.4.0	measured	OWL2EL	hao-n100	4	elk	updates_only:extract_s	31.422415027	31.067045327999992	0.9886905669505462
v1.4.0	measured	OWL2EL	hao-n100	4	elk	updates_only:update_inference_s	29.035911010000007	80.44034451299994	2.770374398974297
v1.4.0	measured	OWL2EL	hao-n100	4	hermit	whole_process_history_wall_s	261.67318187840283	261.96455584838986	1.0011135033704845
v1.4.0	measured	OWL2EL	hao-n100	4	hermit	updates_only:parse_s	65.98096860999998	65.02707691600003	0.9855429267848702
v1.4.0	measured	OWL2EL	hao-n100	4	hermit	updates_only:extract_s	16.516226188999994	16.551255680000004	1.0021209137365374
v1.4.0	measured	OWL2EL	hao-n100	4	hermit	updates_only:update_inference_s	144.364509332	150.13725032500002	1.0399872587778776
v1.4.0	measured	OWL2EL	hao-n100	4	jfact	whole_process_history_wall_s	2985.6673871148378	3246.460193350911	1.0873482449389942
v1.4.0	measured	OWL2EL	hao-n100	4	jfact	updates_only:parse_s	145.01240686099987	147.21439287199996	1.0151848111390274
v1.4.0	measured	OWL2EL	hao-n100	4	jfact	updates_only:extract_s	14.556677924999988	11.162823406000006	0.7668524002189199
v1.4.0	measured	OWL2EL	hao-n100	4	jfact	updates_only:update_inference_s	2772.500999379999	3029.696644096	1.0927666553676685
v1.4.0	measured	OWL2EL	hao-n100	4	km	whole_process_history_wall_s	328.5590001810342	244.47931961901486	0.7440956403090712
v1.4.0	measured	OWL2EL	hao-n100	4	km	updates_only:canonicalize_s	72.73114811256528	70.92152714170516	0.9751190374712717
v1.4.0	measured	OWL2EL	hao-n100	4	km	updates_only:request_response_s	247.1312374547124	164.75869737379253	0.6666850337120377
v1.4.0	measured	OWL2EL	hao-n100	4	openllet	whole_process_history_wall_s	3151.6359681263566	3373.768038412556	1.07048151262795
v1.4.0	measured	OWL2EL	hao-n100	4	openllet	updates_only:parse_s	123.240699	117.81333074099999	0.9559612343727455
v1.4.0	measured	OWL2EL	hao-n100	4	openllet	updates_only:extract_s	107.44024295299998	99.75149669899996	0.9284369986266368
v1.4.0	measured	OWL2EL	hao-n100	4	openllet	updates_only:update_inference_s	2861.441331141001	3098.489174225003	1.0828421119469465
v1.4.0	measured	OWL2EL	hao-n100	4	whelk	whole_process_history_wall_s	546.0870939493179	549.2491410523653	1.0057903714225864
v1.4.0	measured	OWL2EL	hao-n100	4	whelk	updates_only:parse_s	257.2388638669999	263.67734884600014	1.025029207804032
v1.4.0	measured	OWL2EL	hao-n100	4	whelk	updates_only:extract_s	99.67681203200003	97.15855088699993	0.9747357374933737
v1.4.0	measured	OWL2EL	hao-n100	4	whelk	updates_only:update_inference_s	156.60837744100007	156.1836436940001	0.9972879244779865
v1.4.0	measured	pure_OWL2DL	mfomd-n1	0	hermit	whole_process_history_wall_s	113.16037758253515	115.17107580602169	1.0177685711769564
v1.4.0	measured	pure_OWL2DL	mfomd-n1	0	hermit	updates_only:parse_s	9.551761521000008	9.86983297000001	1.0332997686657803
v1.4.0	measured	pure_OWL2DL	mfomd-n1	0	hermit	updates_only:extract_s	4.301569101	4.611739901000002	1.0721064320291624
v1.4.0	measured	pure_OWL2DL	mfomd-n1	0	hermit	updates_only:update_inference_s	89.159815115	90.28225417700006	1.012589068971849
v1.4.0	measured	pure_OWL2DL	mfomd-n1	0	jfact	whole_process_history_wall_s	102.9100394230336	105.96921884082258	1.0297267344851904
v1.4.0	measured	pure_OWL2DL	mfomd-n1	0	jfact	updates_only:parse_s	27.582176088999976	27.077860288000007	0.9817158805972132
v1.4.0	measured	pure_OWL2DL	mfomd-n1	0	jfact	updates_only:extract_s	6.622214143000005	6.005740947999997	0.9069082965775654
v1.4.0	measured	pure_OWL2DL	mfomd-n1	0	jfact	updates_only:update_inference_s	55.33232405500002	59.411056775000006	1.0737133816382942
v1.4.0	measured	pure_OWL2DL	mfomd-n1	0	openllet	whole_process_history_wall_s	128.79626635089517	122.01317430846393	0.9473347152474806
v1.4.0	measured	pure_OWL2DL	mfomd-n1	0	openllet	updates_only:parse_s	22.553007804999993	20.678064723000006	0.9168650541776378
v1.4.0	measured	pure_OWL2DL	mfomd-n1	0	openllet	updates_only:extract_s	45.05305533300001	43.22961864200001	0.9595269027256319
v1.4.0	measured	pure_OWL2DL	mfomd-n1	0	openllet	updates_only:update_inference_s	49.27522456599996	46.215844022000034	0.9379123977425583
v1.4.0	measured	pure_OWL2DL	mfomd-n1	1	hermit	whole_process_history_wall_s	116.4842859134078	111.9762744307518	0.9612994023416415
v1.4.0	measured	pure_OWL2DL	mfomd-n1	1	hermit	updates_only:parse_s	9.695295524999999	9.335720736999999	0.9629124468591173
v1.4.0	measured	pure_OWL2DL	mfomd-n1	1	hermit	updates_only:extract_s	4.298882766999999	4.350028256999997	1.0118973911995488
v1.4.0	measured	pure_OWL2DL	mfomd-n1	1	hermit	updates_only:update_inference_s	92.31778200000008	88.21444888999993	0.9555520830212304
v1.4.0	measured	pure_OWL2DL	mfomd-n1	1	jfact	whole_process_history_wall_s	111.58933064900339	103.31542998924851	0.92585401658354
v1.4.0	measured	pure_OWL2DL	mfomd-n1	1	jfact	updates_only:parse_s	26.79970447299999	27.156027313999992	1.0132957750097202
v1.4.0	measured	pure_OWL2DL	mfomd-n1	1	jfact	updates_only:extract_s	6.711300045000005	6.007062814999997	0.8950669430247463
v1.4.0	measured	pure_OWL2DL	mfomd-n1	1	jfact	updates_only:update_inference_s	64.67284968800004	57.14637824300001	0.8836223936116957
v1.4.0	measured	pure_OWL2DL	mfomd-n1	1	openllet	whole_process_history_wall_s	126.06692782603204	131.96551075205207	1.0467892969848513
v1.4.0	measured	pure_OWL2DL	mfomd-n1	1	openllet	updates_only:parse_s	22.423057694999994	23.006245538000016	1.026008399520377
v1.4.0	measured	pure_OWL2DL	mfomd-n1	1	openllet	updates_only:extract_s	44.41863925700003	46.38745109700001	1.0443240016563478
v1.4.0	measured	pure_OWL2DL	mfomd-n1	1	openllet	updates_only:update_inference_s	47.467706205999995	50.05924372400003	1.0545958026021585
v1.4.0	measured	pure_OWL2DL	mfomd-n1	2	hermit	whole_process_history_wall_s	113.26766445487738	113.99576704762876	1.0064281593185092
v1.4.0	measured	pure_OWL2DL	mfomd-n1	2	hermit	updates_only:parse_s	9.576564738999988	9.40107174	0.9816747441506554
v1.4.0	measured	pure_OWL2DL	mfomd-n1	2	hermit	updates_only:extract_s	4.408348348000003	4.341399659999996	0.9848132037863159
v1.4.0	measured	pure_OWL2DL	mfomd-n1	2	hermit	updates_only:update_inference_s	89.10535655799994	90.03801307700006	1.0104668962117114
v1.4.0	measured	pure_OWL2DL	mfomd-n1	2	jfact	whole_process_history_wall_s	106.94675741903484	107.02686833031476	1.0007490728397312
v1.4.0	measured	pure_OWL2DL	mfomd-n1	2	jfact	updates_only:parse_s	26.662988519999985	28.13899774300002	1.055357981416557
v1.4.0	measured	pure_OWL2DL	mfomd-n1	2	jfact	updates_only:extract_s	6.627644422000005	5.644606142000001	0.8516760680858381
v1.4.0	measured	pure_OWL2DL	mfomd-n1	2	jfact	updates_only:update_inference_s	60.44510365499999	59.582736032	0.9857330441863068
v1.4.0	measured	pure_OWL2DL	mfomd-n1	2	openllet	whole_process_history_wall_s	129.60004875063896	128.5795659944415	0.9921259076209072
v1.4.0	measured	pure_OWL2DL	mfomd-n1	2	openllet	updates_only:parse_s	23.397397896000005	22.323358479000007	0.9540957750184855
v1.4.0	measured	pure_OWL2DL	mfomd-n1	2	openllet	updates_only:extract_s	47.50357580499999	45.295583898000004	0.9535194589126577
v1.4.0	measured	pure_OWL2DL	mfomd-n1	2	openllet	updates_only:update_inference_s	47.18114551200003	49.02791689699999	1.0391421480966427
v1.4.0	measured	pure_OWL2DL	mfomd-n1	3	hermit	whole_process_history_wall_s	112.80315189063549	114.45747430995107	1.0146655691050146
v1.4.0	measured	pure_OWL2DL	mfomd-n1	3	hermit	updates_only:parse_s	9.645443052999996	9.646525561000002	1.0001122299923455
v1.4.0	measured	pure_OWL2DL	mfomd-n1	3	hermit	updates_only:extract_s	4.487726131	4.392633668	0.9788105467615044
v1.4.0	measured	pure_OWL2DL	mfomd-n1	3	hermit	updates_only:update_inference_s	88.4203357959999	90.04556492300001	1.0183807165214773
v1.4.0	measured	pure_OWL2DL	mfomd-n1	3	jfact	whole_process_history_wall_s	107.05624881200492	101.53373175114393	0.9484148088304611
v1.4.0	measured	pure_OWL2DL	mfomd-n1	3	jfact	updates_only:parse_s	27.33892853899999	26.256402215999987	0.9604034839384529
v1.4.0	measured	pure_OWL2DL	mfomd-n1	3	jfact	updates_only:extract_s	6.738852268000001	5.485301206000001	0.8139815190855879
v1.4.0	measured	pure_OWL2DL	mfomd-n1	3	jfact	updates_only:update_inference_s	60.141325488000014	57.03827350100003	0.948403997387468
v1.4.0	measured	pure_OWL2DL	mfomd-n1	3	openllet	whole_process_history_wall_s	126.8923682719469	125.39626877941191	0.9882096968248819
v1.4.0	measured	pure_OWL2DL	mfomd-n1	3	openllet	updates_only:parse_s	21.266070982000002	21.27002729	1.0001860385025212
v1.4.0	measured	pure_OWL2DL	mfomd-n1	3	openllet	updates_only:extract_s	44.516985499000015	43.382243847999995	0.9745099170961271
v1.4.0	measured	pure_OWL2DL	mfomd-n1	3	openllet	updates_only:update_inference_s	49.235068021	48.380446948999975	0.9826420251590695
v1.4.0	measured	pure_OWL2DL	mfomd-n1	4	hermit	whole_process_history_wall_s	114.48198705725372	111.79822708107531	0.9765573602872893
v1.4.0	measured	pure_OWL2DL	mfomd-n1	4	hermit	updates_only:parse_s	9.374786509999998	9.532498945999995	1.0168230429388196
v1.4.0	measured	pure_OWL2DL	mfomd-n1	4	hermit	updates_only:extract_s	4.575910478000002	4.422086610999997	0.9663839868066568
v1.4.0	measured	pure_OWL2DL	mfomd-n1	4	hermit	updates_only:update_inference_s	89.930305905	87.43725645100005	0.9722779831680598
v1.4.0	measured	pure_OWL2DL	mfomd-n1	4	jfact	whole_process_history_wall_s	101.01218574307859	103.92241081781685	1.0288106336213765
v1.4.0	measured	pure_OWL2DL	mfomd-n1	4	jfact	updates_only:parse_s	27.00241071499999	27.890221330999985	1.032878939046239
v1.4.0	measured	pure_OWL2DL	mfomd-n1	4	jfact	updates_only:extract_s	6.928199633000005	6.364022979000003	0.918568071954401
v1.4.0	measured	pure_OWL2DL	mfomd-n1	4	jfact	updates_only:update_inference_s	53.92596519699999	56.159359237000004	1.041415930745812
v1.4.0	measured	pure_OWL2DL	mfomd-n1	4	openllet	whole_process_history_wall_s	128.1061375271529	121.80193546414375	0.9507892269277658
v1.4.0	measured	pure_OWL2DL	mfomd-n1	4	openllet	updates_only:parse_s	20.843727329	19.285969941000012	0.9252649315829098
v1.4.0	measured	pure_OWL2DL	mfomd-n1	4	openllet	updates_only:extract_s	46.118130128999994	43.654863929	0.9465878995286706
v1.4.0	measured	pure_OWL2DL	mfomd-n1	4	openllet	updates_only:update_inference_s	48.59530231999998	46.53089855200002	0.9575184499438677
v1.4.0	measured	pure_OWL2DL	mfomd-n10	0	hermit	whole_process_history_wall_s	125.91918228007853	117.29613424837589	0.9315191865483796
v1.4.0	measured	pure_OWL2DL	mfomd-n10	0	hermit	updates_only:parse_s	10.005686220999994	9.650500392	0.9645016022734624
v1.4.0	measured	pure_OWL2DL	mfomd-n10	0	hermit	updates_only:extract_s	4.42250418	4.452627411000001	1.0068113516175357
v1.4.0	measured	pure_OWL2DL	mfomd-n10	0	hermit	updates_only:update_inference_s	100.34667168500002	92.84988925499994	0.9252911700595974
v1.4.0	measured	pure_OWL2DL	mfomd-n10	0	jfact	whole_process_history_wall_s	109.54792641662061	98.8106963597238	0.9019860036778592
v1.4.0	measured	pure_OWL2DL	mfomd-n10	0	jfact	updates_only:parse_s	26.531585459	25.83552290200001	0.973764758307579
v1.4.0	measured	pure_OWL2DL	mfomd-n10	0	jfact	updates_only:extract_s	6.2642263200000015	5.138632256999999	0.8203139533119548
v1.4.0	measured	pure_OWL2DL	mfomd-n10	0	jfact	updates_only:update_inference_s	62.98906411200004	54.99622637500004	0.8731075330348133
v1.4.0	measured	pure_OWL2DL	mfomd-n10	0	openllet	whole_process_history_wall_s	102.05623906850815	97.28779050335288	0.9532762660207936
v1.4.0	measured	pure_OWL2DL	mfomd-n10	0	openllet	updates_only:parse_s	16.785278020999996	15.925023123	0.948749440019776
v1.4.0	measured	pure_OWL2DL	mfomd-n10	0	openllet	updates_only:extract_s	36.38162478400002	34.90996421199999	0.9595493444633831
v1.4.0	measured	pure_OWL2DL	mfomd-n10	0	openllet	updates_only:update_inference_s	38.435581692000014	36.22102530200003	0.9423826492923634
v1.4.0	measured	pure_OWL2DL	mfomd-n10	1	hermit	whole_process_history_wall_s	119.3763531818986	119.80722752399743	1.003609377658256
v1.4.0	measured	pure_OWL2DL	mfomd-n10	1	hermit	updates_only:parse_s	9.79793677	9.653462943000003	0.985254668366267
v1.4.0	measured	pure_OWL2DL	mfomd-n10	1	hermit	updates_only:extract_s	4.466530879999997	4.370162420999999	0.9784243159648774
v1.4.0	measured	pure_OWL2DL	mfomd-n10	1	hermit	updates_only:update_inference_s	94.76427587199993	95.24768186400006	1.0051011416227469
v1.4.0	measured	pure_OWL2DL	mfomd-n10	1	jfact	whole_process_history_wall_s	108.68802695535123	107.8256549295038	0.992065620749545
v1.4.0	measured	pure_OWL2DL	mfomd-n10	1	jfact	updates_only:parse_s	26.311130536000004	26.58618923099998	1.0104540811966871
v1.4.0	measured	pure_OWL2DL	mfomd-n10	1	jfact	updates_only:extract_s	6.216174023	5.817996075	0.9359448518450849
v1.4.0	measured	pure_OWL2DL	mfomd-n10	1	jfact	updates_only:update_inference_s	62.59303130300001	62.226789936	0.9941488475733488
v1.4.0	measured	pure_OWL2DL	mfomd-n10	1	openllet	whole_process_history_wall_s	104.05643609166145	102.18936748988926	0.9820571540608259
v1.4.0	measured	pure_OWL2DL	mfomd-n10	1	openllet	updates_only:parse_s	16.938903499000016	16.505618629	0.9744207250471912
v1.4.0	measured	pure_OWL2DL	mfomd-n10	1	openllet	updates_only:extract_s	36.57400217400002	35.70537630500001	0.976250182715374
v1.4.0	measured	pure_OWL2DL	mfomd-n10	1	openllet	updates_only:update_inference_s	39.47731757099999	39.52025478700001	1.0010876426931186
v1.4.0	measured	pure_OWL2DL	mfomd-n10	2	hermit	whole_process_history_wall_s	125.34058159589767	117.42992114834487	0.9368866783061767
v1.4.0	measured	pure_OWL2DL	mfomd-n10	2	hermit	updates_only:parse_s	9.930796986999997	9.387945666	0.9453365805674386
v1.4.0	measured	pure_OWL2DL	mfomd-n10	2	hermit	updates_only:extract_s	4.3290218319999925	4.080423646000001	0.9425740512181385
v1.4.0	measured	pure_OWL2DL	mfomd-n10	2	hermit	updates_only:update_inference_s	100.45600098700007	94.32201060300007	0.9389385370338026
v1.4.0	measured	pure_OWL2DL	mfomd-n10	2	jfact	whole_process_history_wall_s	108.58859770186245	105.284364964813	0.9695710893502699
v1.4.0	measured	pure_OWL2DL	mfomd-n10	2	jfact	updates_only:parse_s	26.824107714000018	25.452167899000013	0.9488542236100564
v1.4.0	measured	pure_OWL2DL	mfomd-n10	2	jfact	updates_only:extract_s	6.826501494000002	5.826270529999999	0.8534782472575252
v1.4.0	measured	pure_OWL2DL	mfomd-n10	2	jfact	updates_only:update_inference_s	61.28875741100003	60.899997773000024	0.9936569176073681
v1.4.0	measured	pure_OWL2DL	mfomd-n10	2	openllet	whole_process_history_wall_s	105.91146465204656	99.94370820373297	0.9436533479362258
v1.4.0	measured	pure_OWL2DL	mfomd-n10	2	openllet	updates_only:parse_s	17.024086145999988	16.233686279999997	0.9535716713824487
v1.4.0	measured	pure_OWL2DL	mfomd-n10	2	openllet	updates_only:extract_s	38.007005471000035	34.931252315	0.919074046537371
v1.4.0	measured	pure_OWL2DL	mfomd-n10	2	openllet	updates_only:update_inference_s	39.64757273499999	38.49623516800002	0.970960704840738
v1.4.0	measured	pure_OWL2DL	mfomd-n10	3	hermit	whole_process_history_wall_s	116.76916802674532	114.93820886313915	0.9843198406347573
v1.4.0	measured	pure_OWL2DL	mfomd-n10	3	hermit	updates_only:parse_s	9.448448937000006	9.477405840999994	1.0030647256701144
v1.4.0	measured	pure_OWL2DL	mfomd-n10	3	hermit	updates_only:extract_s	4.349454594	4.238201878000001	0.9744214559330104
v1.4.0	measured	pure_OWL2DL	mfomd-n10	3	hermit	updates_only:update_inference_s	92.64577876	91.099703357	0.9833119714282382
v1.4.0	measured	pure_OWL2DL	mfomd-n10	3	jfact	whole_process_history_wall_s	98.57064789533615	93.36804207600653	0.9472195229470965
v1.4.0	measured	pure_OWL2DL	mfomd-n10	3	jfact	updates_only:parse_s	24.968060666	25.505456481000003	1.0215233302333246
v1.4.0	measured	pure_OWL2DL	mfomd-n10	3	jfact	updates_only:extract_s	5.839531598999996	5.176983422999999	0.8865408697996503
v1.4.0	measured	pure_OWL2DL	mfomd-n10	3	jfact	updates_only:update_inference_s	55.289570330999986	50.079402079999966	0.9057658032101081
v1.4.0	measured	pure_OWL2DL	mfomd-n10	3	openllet	whole_process_history_wall_s	102.3103348929435	98.33880181238055	0.9611815063969957
v1.4.0	measured	pure_OWL2DL	mfomd-n10	3	openllet	updates_only:parse_s	16.211855560000004	15.974592435999995	0.9853648385206801
v1.4.0	measured	pure_OWL2DL	mfomd-n10	3	openllet	updates_only:extract_s	36.340243606999984	35.167556777	0.9677303530850824
v1.4.0	measured	pure_OWL2DL	mfomd-n10	3	openllet	updates_only:update_inference_s	39.23864808100002	36.93838398799999	0.9413775905772387
v1.4.0	measured	pure_OWL2DL	mfomd-n10	4	hermit	whole_process_history_wall_s	113.9223277065903	112.61563819646835	0.9885299963894053
v1.4.0	measured	pure_OWL2DL	mfomd-n10	4	hermit	updates_only:parse_s	9.270278544	9.428834619000003	1.0171037012801116
v1.4.0	measured	pure_OWL2DL	mfomd-n10	4	hermit	updates_only:extract_s	3.8805596790000005	4.117147488999999	1.0609674453095812
v1.4.0	measured	pure_OWL2DL	mfomd-n10	4	hermit	updates_only:update_inference_s	90.68344859499999	89.27409436700002	0.984458528542576
v1.4.0	measured	pure_OWL2DL	mfomd-n10	4	jfact	whole_process_history_wall_s	99.64703448303044	99.0297031570226	0.9938048198904206
v1.4.0	measured	pure_OWL2DL	mfomd-n10	4	jfact	updates_only:parse_s	23.888867791999992	25.328180869999983	1.0602503681016642
v1.4.0	measured	pure_OWL2DL	mfomd-n10	4	jfact	updates_only:extract_s	6.506882223999996	5.728094405000002	0.8803132141953466
v1.4.0	measured	pure_OWL2DL	mfomd-n10	4	jfact	updates_only:update_inference_s	57.117316654000014	55.79015114800005	0.9767642182135491
v1.4.0	measured	pure_OWL2DL	mfomd-n10	4	openllet	whole_process_history_wall_s	102.79603902995586	95.18705632351339	0.925979806437628
v1.4.0	measured	pure_OWL2DL	mfomd-n10	4	openllet	updates_only:parse_s	16.30785138099999	15.554171906000002	0.9537842565895538
v1.4.0	measured	pure_OWL2DL	mfomd-n10	4	openllet	updates_only:extract_s	36.87070101699999	34.700604071000015	0.9411430516333442
v1.4.0	measured	pure_OWL2DL	mfomd-n10	4	openllet	updates_only:update_inference_s	38.52635839899997	35.105960311999986	0.9112192735275815
v1.4.0	measured	pure_OWL2DL	mfomd-n100	0	hermit	whole_process_history_wall_s	130.66719723120332	121.75137406401336	0.9317669364912278
v1.4.0	measured	pure_OWL2DL	mfomd-n100	0	hermit	updates_only:parse_s	10.120220061999994	9.576204040999995	0.9462446451097736
v1.4.0	measured	pure_OWL2DL	mfomd-n100	0	hermit	updates_only:extract_s	4.747990012	4.438494328999996	0.9348154309049115
v1.4.0	measured	pure_OWL2DL	mfomd-n100	0	hermit	updates_only:update_inference_s	104.60270161700001	97.36109308700004	0.930770348967516
v1.4.0	measured	pure_OWL2DL	mfomd-n100	0	jfact	whole_process_history_wall_s	100.46405739337206	99.54965138062835	0.9908981775525618
v1.4.0	measured	pure_OWL2DL	mfomd-n100	0	jfact	updates_only:parse_s	27.14307154899998	26.557551531999977	0.9784283802979705
v1.4.0	measured	pure_OWL2DL	mfomd-n100	0	jfact	updates_only:extract_s	6.377139794999996	5.349979702000004	0.838930911659591
v1.4.0	measured	pure_OWL2DL	mfomd-n100	0	jfact	updates_only:update_inference_s	54.37150506900003	55.29268363999993	1.0169423040585484
v1.4.0	measured	pure_OWL2DL	mfomd-n100	0	openllet	whole_process_history_wall_s	127.22570185922086	125.38944879174232	0.9855669645311887
v1.4.0	measured	pure_OWL2DL	mfomd-n100	0	openllet	updates_only:parse_s	22.95141383300002	22.461328255000005	0.9786468240446538
v1.4.0	measured	pure_OWL2DL	mfomd-n100	0	openllet	updates_only:extract_s	44.16085274800001	43.307143880999995	0.9806681978749
v1.4.0	measured	pure_OWL2DL	mfomd-n100	0	openllet	updates_only:update_inference_s	47.29370658800001	46.934901752	0.9924132646416204
v1.4.0	measured	pure_OWL2DL	mfomd-n100	1	hermit	whole_process_history_wall_s	118.14505458623171	121.85505034029484	1.0314020402043598
v1.4.0	measured	pure_OWL2DL	mfomd-n100	1	hermit	updates_only:parse_s	9.739466659999998	9.722977209000005	0.9983069451772226
v1.4.0	measured	pure_OWL2DL	mfomd-n100	1	hermit	updates_only:extract_s	4.249396270000001	4.534435400000001	1.0670775592317259
v1.4.0	measured	pure_OWL2DL	mfomd-n100	1	hermit	updates_only:update_inference_s	94.06177581799997	97.14981089200005	1.032829861515427
v1.4.0	measured	pure_OWL2DL	mfomd-n100	1	jfact	whole_process_history_wall_s	104.76907139457762	99.45065373927355	0.9492367586682712
v1.4.0	measured	pure_OWL2DL	mfomd-n100	1	jfact	updates_only:parse_s	26.315094942999988	27.165211381	1.0323052772502403
v1.4.0	measured	pure_OWL2DL	mfomd-n100	1	jfact	updates_only:extract_s	6.9329270339999916	5.429383479999994	0.7831300478677446
v1.4.0	measured	pure_OWL2DL	mfomd-n100	1	jfact	updates_only:update_inference_s	59.07557202299997	54.187892628000014	0.9172639514502369
v1.4.0	measured	pure_OWL2DL	mfomd-n100	1	openllet	whole_process_history_wall_s	122.87475289404392	118.85304584167898	0.9672698666109799
v1.4.0	measured	pure_OWL2DL	mfomd-n100	1	openllet	updates_only:parse_s	21.014746929	21.56227506899999	1.0260544722165752
v1.4.0	measured	pure_OWL2DL	mfomd-n100	1	openllet	updates_only:extract_s	42.72614933799998	42.30919216800004	0.9902411713561768
v1.4.0	measured	pure_OWL2DL	mfomd-n100	1	openllet	updates_only:update_inference_s	47.00526448400003	43.823464222999995	0.9323097041165872
v1.4.0	measured	pure_OWL2DL	mfomd-n100	2	hermit	whole_process_history_wall_s	125.2619741987437	115.59401042945683	0.9228180472874598
v1.4.0	measured	pure_OWL2DL	mfomd-n100	2	hermit	updates_only:parse_s	9.799921530000006	9.686043428999996	0.9883796925667823
v1.4.0	measured	pure_OWL2DL	mfomd-n100	2	hermit	updates_only:extract_s	4.060235769000002	4.198317451	1.0340082916007625
v1.4.0	measured	pure_OWL2DL	mfomd-n100	2	hermit	updates_only:update_inference_s	100.63065158900005	91.59277707399998	0.910187657813119
v1.4.0	measured	pure_OWL2DL	mfomd-n100	2	jfact	whole_process_history_wall_s	104.51555544324219	101.46920107863843	0.9708526223519129
v1.4.0	measured	pure_OWL2DL	mfomd-n100	2	jfact	updates_only:parse_s	26.263990629000013	27.10654271599999	1.032080124414515
v1.4.0	measured	pure_OWL2DL	mfomd-n100	2	jfact	updates_only:extract_s	6.222105065000002	5.4189445910000025	0.87091820764682
v1.4.0	measured	pure_OWL2DL	mfomd-n100	2	jfact	updates_only:update_inference_s	59.17611417500002	56.30923526999999	0.9515534444096501
v1.4.0	measured	pure_OWL2DL	mfomd-n100	2	openllet	whole_process_history_wall_s	126.45115772262216	124.84220503643155	0.9872760936699375
v1.4.0	measured	pure_OWL2DL	mfomd-n100	2	openllet	updates_only:parse_s	21.056892059	20.737970193000002	0.9848542764475213
v1.4.0	measured	pure_OWL2DL	mfomd-n100	2	openllet	updates_only:extract_s	42.92145164700004	43.643137184000004	1.0168140989949581
v1.4.0	measured	pure_OWL2DL	mfomd-n100	2	openllet	updates_only:update_inference_s	49.62272079599998	47.668397726	0.9606163660788726
v1.4.0	measured	pure_OWL2DL	mfomd-n100	3	hermit	whole_process_history_wall_s	123.85930144786835	119.96095286309719	0.968525992483399
v1.4.0	measured	pure_OWL2DL	mfomd-n100	3	hermit	updates_only:parse_s	9.805970723000001	9.985192669000007	1.0182768183857247
v1.4.0	measured	pure_OWL2DL	mfomd-n100	3	hermit	updates_only:extract_s	4.286894070999999	4.197190593000001	0.979074948782424
v1.4.0	measured	pure_OWL2DL	mfomd-n100	3	hermit	updates_only:update_inference_s	99.35374546299997	95.819396151	0.9644266122476864
v1.4.0	measured	pure_OWL2DL	mfomd-n100	3	jfact	whole_process_history_wall_s	104.96510541066527	100.87455064058304	0.9610293844408734
v1.4.0	measured	pure_OWL2DL	mfomd-n100	3	jfact	updates_only:parse_s	26.87712694499999	27.370398186000006	1.0183528262529482
v1.4.0	measured	pure_OWL2DL	mfomd-n100	3	jfact	updates_only:extract_s	6.599508745000002	5.515657115999999	0.8357678319888334
v1.4.0	measured	pure_OWL2DL	mfomd-n100	3	jfact	updates_only:update_inference_s	58.499765361	55.19200690800002	0.9434568936714888
v1.4.0	measured	pure_OWL2DL	mfomd-n100	3	openllet	whole_process_history_wall_s	127.6666240952909	126.25951119698584	0.9889782242753221
v1.4.0	measured	pure_OWL2DL	mfomd-n100	3	openllet	updates_only:parse_s	22.644539568999992	22.386886133999983	0.9886218293723785
v1.4.0	measured	pure_OWL2DL	mfomd-n100	3	openllet	updates_only:extract_s	43.90159834700004	45.488403985000026	1.0361445983232276
v1.4.0	measured	pure_OWL2DL	mfomd-n100	3	openllet	updates_only:update_inference_s	48.36302815599999	46.08843637800004	0.9529683755396163
v1.4.0	measured	pure_OWL2DL	mfomd-n100	4	hermit	whole_process_history_wall_s	122.02882508933544	119.8643197324127	0.9822623437098723
v1.4.0	measured	pure_OWL2DL	mfomd-n100	4	hermit	updates_only:parse_s	9.791720383000003	9.885613346000005	1.0095890159570953
v1.4.0	measured	pure_OWL2DL	mfomd-n100	4	hermit	updates_only:extract_s	4.2198907040000035	4.925612356000001	1.1672369503150992
v1.4.0	measured	pure_OWL2DL	mfomd-n100	4	hermit	updates_only:update_inference_s	97.38144128400002	94.98135088099994	0.9753537186207736
v1.4.0	measured	pure_OWL2DL	mfomd-n100	4	jfact	whole_process_history_wall_s	111.18710777536035	111.11682083643973	0.9993678499213899
v1.4.0	measured	pure_OWL2DL	mfomd-n100	4	jfact	updates_only:parse_s	27.044555019000004	28.138952716000006	1.0404664708378872
v1.4.0	measured	pure_OWL2DL	mfomd-n100	4	jfact	updates_only:extract_s	7.153822365999995	6.699580620999998	0.9365036309597408
v1.4.0	measured	pure_OWL2DL	mfomd-n100	4	jfact	updates_only:update_inference_s	63.758363380999945	62.206337047999995	0.9756576823698323
v1.4.0	measured	pure_OWL2DL	mfomd-n100	4	openllet	whole_process_history_wall_s	118.23789381235838	117.8281092364341	0.9965342365064909
v1.4.0	measured	pure_OWL2DL	mfomd-n100	4	openllet	updates_only:parse_s	21.459208525000008	21.735022719	1.012852952786151
v1.4.0	measured	pure_OWL2DL	mfomd-n100	4	openllet	updates_only:extract_s	41.160244526	41.984697210000014	1.0200303155021158
v1.4.0	measured	pure_OWL2DL	mfomd-n100	4	openllet	updates_only:update_inference_s	43.49673086700001	43.02207206300002	0.9890874832535953
v1.4.0	measured	OWL2EL	mmo-n1	0	elk	whole_process_history_wall_s	44.22063480690122	53.01170597597957	1.1988002028344105
v1.4.0	measured	OWL2EL	mmo-n1	0	elk	updates_only:parse_s	15.481773016	16.234050513	1.0485911720978303
v1.4.0	measured	OWL2EL	mmo-n1	0	elk	updates_only:extract_s	11.93389707699999	14.176079170000017	1.1878834783418193
v1.4.0	measured	OWL2EL	mmo-n1	0	elk	updates_only:update_inference_s	6.165378600999997	11.344340966999999	1.8400071919606036
v1.4.0	measured	OWL2EL	mmo-n1	0	hermit	whole_process_history_wall_s	48.30216349475086	51.19519571773708	1.059894464629946
v1.4.0	measured	OWL2EL	mmo-n1	0	hermit	updates_only:parse_s	7.687389556	7.376510899000001	0.959559918911959
v1.4.0	measured	OWL2EL	mmo-n1	0	hermit	updates_only:extract_s	5.140063166999995	5.177101500999998	1.007205813002026
v1.4.0	measured	OWL2EL	mmo-n1	0	hermit	updates_only:update_inference_s	24.574352361999996	26.585343692	1.0818329329854346
v1.4.0	measured	OWL2EL	mmo-n1	0	jfact	whole_process_history_wall_s	53.56402164325118	51.862841840833426	0.9682402525010536
v1.4.0	measured	OWL2EL	mmo-n1	0	jfact	updates_only:parse_s	25.975633410999997	24.27063136099998	0.934361483201484
v1.4.0	measured	OWL2EL	mmo-n1	0	jfact	updates_only:extract_s	7.407403624999996	7.266291774000001	0.9809498903875384
v1.4.0	measured	OWL2EL	mmo-n1	0	jfact	updates_only:update_inference_s	6.957625186000004	7.061135093	1.0148771893042294
v1.4.0	measured	OWL2EL	mmo-n1	0	km	whole_process_history_wall_s	20.291345054283738	17.7896759044379	0.8767125026382759
v1.4.0	measured	OWL2EL	mmo-n1	0	km	updates_only:canonicalize_s	8.112624166533351	7.546763287857175	0.9302493413893748
v1.4.0	measured	OWL2EL	mmo-n1	0	km	updates_only:request_response_s	9.753311896696687	7.789009781554341	0.7986015277735937
v1.4.0	measured	OWL2EL	mmo-n1	0	openllet	whole_process_history_wall_s	74.71968886815012	74.14959096722305	0.9923701783350161
v1.4.0	measured	OWL2EL	mmo-n1	0	openllet	updates_only:parse_s	15.759580762999999	15.746905120000013	0.9991956865356632
v1.4.0	measured	OWL2EL	mmo-n1	0	openllet	updates_only:extract_s	41.585137841	40.713494802000056	0.979039553930718
v1.4.0	measured	OWL2EL	mmo-n1	0	openllet	updates_only:update_inference_s	7.868920864000003	8.069215941000005	1.0254539447608813
v1.4.0	measured	OWL2EL	mmo-n1	0	whelk	whole_process_history_wall_s	82.22096720337868	76.82028729468584	0.9343150525664102
v1.4.0	measured	OWL2EL	mmo-n1	0	whelk	updates_only:parse_s	26.75262729700002	25.668754046999986	0.9594853530471162
v1.4.0	measured	OWL2EL	mmo-n1	0	whelk	updates_only:extract_s	38.20793465399998	35.39522136099999	0.9263840529860851
v1.4.0	measured	OWL2EL	mmo-n1	0	whelk	updates_only:update_inference_s	8.099369841000005	7.058260613000002	0.8714579963085793
v1.4.0	measured	OWL2EL	mmo-n1	1	elk	whole_process_history_wall_s	45.383506301790476	51.23177342489362	1.128863272137094
v1.4.0	measured	OWL2EL	mmo-n1	1	elk	updates_only:parse_s	15.413273715000006	15.697292488000011	1.0184268947824888
v1.4.0	measured	OWL2EL	mmo-n1	1	elk	updates_only:extract_s	12.716397271999991	12.120718290999987	0.9531566238252387
v1.4.0	measured	OWL2EL	mmo-n1	1	elk	updates_only:update_inference_s	6.229975529999998	11.684704684999993	1.8755618908506364
v1.4.0	measured	OWL2EL	mmo-n1	1	hermit	whole_process_history_wall_s	48.80965211801231	49.557485131546855	1.0153214165863431
v1.4.0	measured	OWL2EL	mmo-n1	1	hermit	updates_only:parse_s	7.542997604000003	7.68669446	1.019050364794468
v1.4.0	measured	OWL2EL	mmo-n1	1	hermit	updates_only:extract_s	5.460637274000003	5.288160867000001	0.9684146010171336
v1.4.0	measured	OWL2EL	mmo-n1	1	hermit	updates_only:update_inference_s	24.724872792000003	25.382266014000006	1.0265883358644705
v1.4.0	measured	OWL2EL	mmo-n1	1	jfact	whole_process_history_wall_s	55.93085731938481	52.121358109638095	0.9318891325410382
v1.4.0	measured	OWL2EL	mmo-n1	1	jfact	updates_only:parse_s	25.771006826000015	23.812213197	0.9239923514736794
v1.4.0	measured	OWL2EL	mmo-n1	1	jfact	updates_only:extract_s	8.494414060999993	7.5409469860000025	0.8877536380787464
v1.4.0	measured	OWL2EL	mmo-n1	1	jfact	updates_only:update_inference_s	7.205005667000002	7.046459254000007	0.977994963456287
v1.4.0	measured	OWL2EL	mmo-n1	1	km	whole_process_history_wall_s	20.38355901092291	17.62575287371874	0.8647043857391956
v1.4.0	measured	OWL2EL	mmo-n1	1	km	updates_only:canonicalize_s	8.062961403280497	7.4731906950473785	0.9268543307185914
v1.4.0	measured	OWL2EL	mmo-n1	1	km	updates_only:request_response_s	9.75139687024057	7.771697510033846	0.7969829977643107
v1.4.0	measured	OWL2EL	mmo-n1	1	openllet	whole_process_history_wall_s	71.73881851695478	74.15758603625	1.0337162998959004
v1.4.0	measured	OWL2EL	mmo-n1	1	openllet	updates_only:parse_s	15.79409248399999	15.413843796999995	0.9759246257811139
v1.4.0	measured	OWL2EL	mmo-n1	1	openllet	updates_only:extract_s	39.356434439000026	41.74657466699999	1.060730608909822
v1.4.0	measured	OWL2EL	mmo-n1	1	openllet	updates_only:update_inference_s	7.351222027999999	7.811244473000002	1.0625776834447156
v1.4.0	measured	OWL2EL	mmo-n1	1	whelk	whole_process_history_wall_s	80.32127798907459	78.64843942783773	0.979173158058262
v1.4.0	measured	OWL2EL	mmo-n1	1	whelk	updates_only:parse_s	26.35581657700001	26.532037228000014	1.0066862148051898
v1.4.0	measured	OWL2EL	mmo-n1	1	whelk	updates_only:extract_s	37.98045040100001	35.889495323	0.9449465433947313
v1.4.0	measured	OWL2EL	mmo-n1	1	whelk	updates_only:update_inference_s	7.476785067000007	7.426785936000004	0.9933127499918807
v1.4.0	measured	OWL2EL	mmo-n1	2	elk	whole_process_history_wall_s	47.76439356431365	52.53676521219313	1.099914838057215
v1.4.0	measured	OWL2EL	mmo-n1	2	elk	updates_only:parse_s	15.727976961	15.587999278000003	0.9911000834152356
v1.4.0	measured	OWL2EL	mmo-n1	2	elk	updates_only:extract_s	13.741824411999996	13.902216058000004	1.011671786888788
v1.4.0	measured	OWL2EL	mmo-n1	2	elk	updates_only:update_inference_s	6.1245384910000045	11.339918022999992	1.8515546991277754
v1.4.0	measured	OWL2EL	mmo-n1	2	hermit	whole_process_history_wall_s	47.3335934355855	45.54419463314116	0.9621960076857579
v1.4.0	measured	OWL2EL	mmo-n1	2	hermit	updates_only:parse_s	7.306395416999999	6.829171677000001	0.9346841071741575
v1.4.0	measured	OWL2EL	mmo-n1	2	hermit	updates_only:extract_s	5.082482376000006	4.704577465999999	0.9256456034585556
v1.4.0	measured	OWL2EL	mmo-n1	2	hermit	updates_only:update_inference_s	23.80631411299999	23.531961643000002	0.9884756426930379
v1.4.0	measured	OWL2EL	mmo-n1	2	jfact	whole_process_history_wall_s	55.24036521650851	48.9814539514482	0.886696779781792
v1.4.0	measured	OWL2EL	mmo-n1	2	jfact	updates_only:parse_s	25.156089228000006	23.690009535999998	0.9417206832623178
v1.4.0	measured	OWL2EL	mmo-n1	2	jfact	updates_only:extract_s	8.087311111999995	6.119418955	0.7566691660866087
v1.4.0	measured	OWL2EL	mmo-n1	2	jfact	updates_only:update_inference_s	7.606441156999999	5.967549236000003	0.7845389338887123
v1.4.0	measured	OWL2EL	mmo-n1	2	km	whole_process_history_wall_s	20.24772193096578	17.58714951761067	0.8685989257247664
v1.4.0	measured	OWL2EL	mmo-n1	2	km	updates_only:canonicalize_s	7.9356370363384485	7.517328856512904	0.9472873850063895
v1.4.0	measured	OWL2EL	mmo-n1	2	km	updates_only:request_response_s	9.785028871148825	7.5746496599167585	0.7741060102797067
v1.4.0	measured	OWL2EL	mmo-n1	2	openllet	whole_process_history_wall_s	73.32192256487906	73.371606066823	1.0006776077359398
v1.4.0	measured	OWL2EL	mmo-n1	2	openllet	updates_only:parse_s	15.783746405	15.901299130999998	1.0074477074696764
v1.4.0	measured	OWL2EL	mmo-n1	2	openllet	updates_only:extract_s	40.35050251799998	40.090052468000025	0.9935453083915431
v1.4.0	measured	OWL2EL	mmo-n1	2	openllet	updates_only:update_inference_s	7.552638722999993	7.976025172000002	1.0560580830790534
v1.4.0	measured	OWL2EL	mmo-n1	2	whelk	whole_process_history_wall_s	77.40149231627584	77.10702137090266	0.996195539174233
v1.4.0	measured	OWL2EL	mmo-n1	2	whelk	updates_only:parse_s	25.840353283	26.333128625999997	1.0190699924882292
v1.4.0	measured	OWL2EL	mmo-n1	2	whelk	updates_only:extract_s	35.562177525	34.52476710399999	0.9708282649376373
v1.4.0	measured	OWL2EL	mmo-n1	2	whelk	updates_only:update_inference_s	7.417304087999999	7.0840790349999985	0.9550746404560783
v1.4.0	measured	OWL2EL	mmo-n1	3	elk	whole_process_history_wall_s	46.446343747898936	52.31557051278651	1.1263657435931773
v1.4.0	measured	OWL2EL	mmo-n1	3	elk	updates_only:parse_s	15.579918158999988	15.50068431500001	0.9949143607051487
v1.4.0	measured	OWL2EL	mmo-n1	3	elk	updates_only:extract_s	13.254195019000006	13.757938035	1.038006307835208
v1.4.0	measured	OWL2EL	mmo-n1	3	elk	updates_only:update_inference_s	6.250313698999997	11.695453125999988	1.8711785822639866
v1.4.0	measured	OWL2EL	mmo-n1	3	hermit	whole_process_history_wall_s	48.96755539253354	51.431789733469486	1.0503238179072278
v1.4.0	measured	OWL2EL	mmo-n1	3	hermit	updates_only:parse_s	7.735590453999999	7.546675419000002	0.975578459572881
v1.4.0	measured	OWL2EL	mmo-n1	3	hermit	updates_only:extract_s	4.936378748000005	5.255746900999997	1.0646968495132965
v1.4.0	measured	OWL2EL	mmo-n1	3	hermit	updates_only:update_inference_s	25.06419422199998	26.36149903	1.051759286435042
v1.4.0	measured	OWL2EL	mmo-n1	3	jfact	whole_process_history_wall_s	51.54055861569941	49.995001804083586	0.9700128044179746
v1.4.0	measured	OWL2EL	mmo-n1	3	jfact	updates_only:parse_s	24.896489313000014	24.54034214899999	0.9856948841452092
v1.4.0	measured	OWL2EL	mmo-n1	3	jfact	updates_only:extract_s	7.858319312	6.80138785	0.8655015888211595
v1.4.0	measured	OWL2EL	mmo-n1	3	jfact	updates_only:update_inference_s	5.931860369000004	6.128394402999998	1.0331319386793194
v1.4.0	measured	OWL2EL	mmo-n1	3	km	whole_process_history_wall_s	20.28058967553079	17.45526239834726	0.8606881100408839
v1.4.0	measured	OWL2EL	mmo-n1	3	km	updates_only:canonicalize_s	8.144108820706606	7.518029846251011	0.9231249252387477
v1.4.0	measured	OWL2EL	mmo-n1	3	km	updates_only:request_response_s	9.735528187826276	7.577241836115718	0.7783082427505709
v1.4.0	measured	OWL2EL	mmo-n1	3	openllet	whole_process_history_wall_s	71.93918778002262	74.03946966864169	1.0291952405000924
v1.4.0	measured	OWL2EL	mmo-n1	3	openllet	updates_only:parse_s	15.566093701000007	16.435606490999994	1.0558594087059958
v1.4.0	measured	OWL2EL	mmo-n1	3	openllet	updates_only:extract_s	39.52344542899999	40.396318607000026	1.0220849465051842
v1.4.0	measured	OWL2EL	mmo-n1	3	openllet	updates_only:update_inference_s	7.512225571000004	7.657689882000002	1.0193636771986114
v1.4.0	measured	OWL2EL	mmo-n1	3	whelk	whole_process_history_wall_s	79.44550644233823	77.33505843393505	0.9734352752860232
v1.4.0	measured	OWL2EL	mmo-n1	3	whelk	updates_only:parse_s	26.626132158999987	26.052483664999983	0.9784554327840628
v1.4.0	measured	OWL2EL	mmo-n1	3	whelk	updates_only:extract_s	36.99708298999999	35.920168433999976	0.9708919063621558
v1.4.0	measured	OWL2EL	mmo-n1	3	whelk	updates_only:update_inference_s	6.990085654999999	6.7680123039999955	0.968230238946907
v1.4.0	measured	OWL2EL	mmo-n1	4	elk	whole_process_history_wall_s	46.35547371208668	51.184821931645274	1.1041807543496076
v1.4.0	measured	OWL2EL	mmo-n1	4	elk	updates_only:parse_s	15.393823246999991	15.817911872	1.0275492720811028
v1.4.0	measured	OWL2EL	mmo-n1	4	elk	updates_only:extract_s	13.615181008999993	12.896098902000006	0.947185270138924
v1.4.0	measured	OWL2EL	mmo-n1	4	elk	updates_only:update_inference_s	6.129162420999998	11.462583592	1.8701712900813994
v1.4.0	measured	OWL2EL	mmo-n1	4	hermit	whole_process_history_wall_s	49.79131144657731	48.989994682371616	0.9839064941065983
v1.4.0	measured	OWL2EL	mmo-n1	4	hermit	updates_only:parse_s	7.504440123999997	7.646444744999997	1.0189227468876532
v1.4.0	measured	OWL2EL	mmo-n1	4	hermit	updates_only:extract_s	5.391258454999998	5.048408970000004	0.9364064090301539
v1.4.0	measured	OWL2EL	mmo-n1	4	hermit	updates_only:update_inference_s	25.497268266999995	25.096187598	0.984269661173111
v1.4.0	measured	OWL2EL	mmo-n1	4	jfact	whole_process_history_wall_s	52.902265295386314	55.284965842962265	1.0450396695542592
v1.4.0	measured	OWL2EL	mmo-n1	4	jfact	updates_only:parse_s	24.395915030999998	25.800912945	1.057591523507713
v1.4.0	measured	OWL2EL	mmo-n1	4	jfact	updates_only:extract_s	7.725382990999997	8.072298446000003	1.044905923163183
v1.4.0	measured	OWL2EL	mmo-n1	4	jfact	updates_only:update_inference_s	6.588095825000001	7.140865811999994	1.0839043635191803
v1.4.0	measured	OWL2EL	mmo-n1	4	km	whole_process_history_wall_s	20.467881079763174	17.542055355384946	0.8570528276485334
v1.4.0	measured	OWL2EL	mmo-n1	4	km	updates_only:canonicalize_s	8.155742475762963	7.5402005184441805	0.924526557925531
v1.4.0	measured	OWL2EL	mmo-n1	4	km	updates_only:request_response_s	9.793446084484458	7.729344489052892	0.7892364365285395
v1.4.0	measured	OWL2EL	mmo-n1	4	openllet	whole_process_history_wall_s	74.29821928031743	73.92590647190809	0.9949889403539451
v1.4.0	measured	OWL2EL	mmo-n1	4	openllet	updates_only:parse_s	16.036295217	16.170333603	1.0083584384164932
v1.4.0	measured	OWL2EL	mmo-n1	4	openllet	updates_only:extract_s	40.876033389000014	40.312137511	0.986204730957291
v1.4.0	measured	OWL2EL	mmo-n1	4	openllet	updates_only:update_inference_s	7.990642511999995	7.808437870999995	0.9771977484005357
v1.4.0	measured	OWL2EL	mmo-n1	4	whelk	whole_process_history_wall_s	76.88220318593085	77.04666536673903	1.0021391450035642
v1.4.0	measured	OWL2EL	mmo-n1	4	whelk	updates_only:parse_s	25.213589822000003	25.962727174	1.029711649839974
v1.4.0	measured	OWL2EL	mmo-n1	4	whelk	updates_only:extract_s	36.26700164800002	35.63335906600001	0.9825283990071744
v1.4.0	measured	OWL2EL	mmo-n1	4	whelk	updates_only:update_inference_s	7.216712164	7.093012665999999	0.9828593000262549
v1.4.0	measured	OWL2EL	mmo-n10	0	elk	whole_process_history_wall_s	48.07139524444938	49.024158185347915	1.0198197480238218
v1.4.0	measured	OWL2EL	mmo-n10	0	elk	updates_only:parse_s	15.138069356000008	15.297135658	1.0105077007020677
v1.4.0	measured	OWL2EL	mmo-n10	0	elk	updates_only:extract_s	13.789429081	12.442113812999994	0.9022936149070575
v1.4.0	measured	OWL2EL	mmo-n10	0	elk	updates_only:update_inference_s	7.345855347	10.867450102000006	1.4793988703355292
v1.4.0	measured	OWL2EL	mmo-n10	0	hermit	whole_process_history_wall_s	53.70094489119947	52.942071022465825	0.9858685192547141
v1.4.0	measured	OWL2EL	mmo-n10	0	hermit	updates_only:parse_s	7.916991581999999	7.303929176	0.9225637163245377
v1.4.0	measured	OWL2EL	mmo-n10	0	hermit	updates_only:extract_s	5.414476579000002	5.502566766000006	1.016269381853393
v1.4.0	measured	OWL2EL	mmo-n10	0	hermit	updates_only:update_inference_s	27.870873956000015	27.734896889999984	0.9951211768165326
v1.4.0	measured	OWL2EL	mmo-n10	0	jfact	whole_process_history_wall_s	51.835646683350205	48.684517389163375	0.9392092219194984
v1.4.0	measured	OWL2EL	mmo-n10	0	jfact	updates_only:parse_s	24.682325853000012	24.123806121000005	0.9773716733452766
v1.4.0	measured	OWL2EL	mmo-n10	0	jfact	updates_only:extract_s	6.925495768000004	5.217476327	0.7533722496962469
v1.4.0	measured	OWL2EL	mmo-n10	0	jfact	updates_only:update_inference_s	7.026538930000001	6.215797790000004	0.8846172848287348
v1.4.0	measured	OWL2EL	mmo-n10	0	km	whole_process_history_wall_s	19.69168191589415	17.20199241116643	0.873566437069138
v1.4.0	measured	OWL2EL	mmo-n10	0	km	updates_only:canonicalize_s	8.485066201537848	7.743275763466954	0.9125769415992948
v1.4.0	measured	OWL2EL	mmo-n10	0	km	updates_only:request_response_s	9.140673380345106	7.189430348575115	0.7865318067303788
v1.4.0	measured	OWL2EL	mmo-n10	0	openllet	whole_process_history_wall_s	81.55652576312423	78.21090363152325	0.9589778733179718
v1.4.0	measured	OWL2EL	mmo-n10	0	openllet	updates_only:parse_s	17.958343744000004	17.152601703999995	0.9551327198384199
v1.4.0	measured	OWL2EL	mmo-n10	0	openllet	updates_only:extract_s	42.85906365399998	42.090941903	0.9820779623838494
v1.4.0	measured	OWL2EL	mmo-n10	0	openllet	updates_only:update_inference_s	9.492894236999996	8.783491467000003	0.9252701281306823
v1.4.0	measured	OWL2EL	mmo-n10	0	whelk	whole_process_history_wall_s	85.57410435006022	83.33119518309832	0.9737898610333474
v1.4.0	measured	OWL2EL	mmo-n10	0	whelk	updates_only:parse_s	28.68081646800001	28.24854475000002	0.984928193432628
v1.4.0	measured	OWL2EL	mmo-n10	0	whelk	updates_only:extract_s	38.10773088099995	37.097954157999986	0.9735020506428677
v1.4.0	measured	OWL2EL	mmo-n10	0	whelk	updates_only:update_inference_s	9.130651834999998	8.473162708999995	0.927990998027141
v1.4.0	measured	OWL2EL	mmo-n10	1	elk	whole_process_history_wall_s	47.51207966171205	47.18085074797273	0.9930285326153331
v1.4.0	measured	OWL2EL	mmo-n10	1	elk	updates_only:parse_s	15.066497597999996	14.544574891000005	0.9653587236446197
v1.4.0	measured	OWL2EL	mmo-n10	1	elk	updates_only:extract_s	13.00286745699999	12.020780352000004	0.9244714976717473
v1.4.0	measured	OWL2EL	mmo-n10	1	elk	updates_only:update_inference_s	7.436747762999995	10.502869412	1.4122933500924775
v1.4.0	measured	OWL2EL	mmo-n10	1	hermit	whole_process_history_wall_s	49.94330510310829	50.296228624880314	1.0070664831060623
v1.4.0	measured	OWL2EL	mmo-n10	1	hermit	updates_only:parse_s	7.669599524000001	7.570244429000001	0.9870455954461385
v1.4.0	measured	OWL2EL	mmo-n10	1	hermit	updates_only:extract_s	4.8938501420000025	5.305688902000003	1.0841543463837435
v1.4.0	measured	OWL2EL	mmo-n10	1	hermit	updates_only:update_inference_s	26.160853285000005	26.010860193000003	0.9942665061278408
v1.4.0	measured	OWL2EL	mmo-n10	1	jfact	whole_process_history_wall_s	50.618912579491735	47.892930433154106	0.9461469635078241
v1.4.0	measured	OWL2EL	mmo-n10	1	jfact	updates_only:parse_s	23.295935248000006	22.664769796999977	0.9729066275175959
v1.4.0	measured	OWL2EL	mmo-n10	1	jfact	updates_only:extract_s	6.995290966999996	5.901996913999999	0.8437099960305342
v1.4.0	measured	OWL2EL	mmo-n10	1	jfact	updates_only:update_inference_s	6.962360950000003	6.643897006	0.9542592022609797
v1.4.0	measured	OWL2EL	mmo-n10	1	km	whole_process_history_wall_s	19.477161165326834	17.221486562862992	0.8841887386299712
v1.4.0	measured	OWL2EL	mmo-n10	1	km	updates_only:canonicalize_s	8.420480724424124	7.68653117492795	0.9128375714503677
v1.4.0	measured	OWL2EL	mmo-n10	1	km	updates_only:request_response_s	9.023701498284936	7.270376382395625	0.8056977930594722
v1.4.0	measured	OWL2EL	mmo-n10	1	openllet	whole_process_history_wall_s	82.43537088483572	77.41181653365493	0.939060693276933
v1.4.0	measured	OWL2EL	mmo-n10	1	openllet	updates_only:parse_s	17.993655873000005	17.108385024000004	0.9508009458862456
v1.4.0	measured	OWL2EL	mmo-n10	1	openllet	updates_only:extract_s	43.427385322999996	41.59377374399999	0.9577775275816827
v1.4.0	measured	OWL2EL	mmo-n10	1	openllet	updates_only:update_inference_s	9.455282649999997	8.602765642000001	0.909836962092297
v1.4.0	measured	OWL2EL	mmo-n10	1	whelk	whole_process_history_wall_s	84.12589601241052	83.79257174953818	0.99603779241979
v1.4.0	measured	OWL2EL	mmo-n10	1	whelk	updates_only:parse_s	28.34995224400002	28.51380924300001	1.0057797980606713
v1.4.0	measured	OWL2EL	mmo-n10	1	whelk	updates_only:extract_s	36.91010422500001	36.26156427899998	0.9824292030700698
v1.4.0	measured	OWL2EL	mmo-n10	1	whelk	updates_only:update_inference_s	9.235675502999996	9.113026761	0.986720111381116
v1.4.0	measured	OWL2EL	mmo-n10	2	elk	whole_process_history_wall_s	45.25008040480316	51.245089979842305	1.1324861640334853
v1.4.0	measured	OWL2EL	mmo-n10	2	elk	updates_only:parse_s	14.578750312999999	15.326800548999993	1.0513109985382596
v1.4.0	measured	OWL2EL	mmo-n10	2	elk	updates_only:extract_s	12.081210754999999	13.58791507200001	1.1247146786489457
v1.4.0	measured	OWL2EL	mmo-n10	2	elk	updates_only:update_inference_s	7.4388209210000005	11.060157717999996	1.4868159665971874
v1.4.0	measured	OWL2EL	mmo-n10	2	hermit	whole_process_history_wall_s	52.710736529901624	53.67039852030575	1.0182061958071813
v1.4.0	measured	OWL2EL	mmo-n10	2	hermit	updates_only:parse_s	7.704025604000003	7.552850816	0.9803771695772259
v1.4.0	measured	OWL2EL	mmo-n10	2	hermit	updates_only:extract_s	5.399478753000002	5.682446451	1.0524064842079022
v1.4.0	measured	OWL2EL	mmo-n10	2	hermit	updates_only:update_inference_s	27.204130717999988	27.861055660999998	1.024147985091299
v1.4.0	measured	OWL2EL	mmo-n10	2	jfact	whole_process_history_wall_s	49.53063038922846	49.68361586146057	1.0030887043235648
v1.4.0	measured	OWL2EL	mmo-n10	2	jfact	updates_only:parse_s	22.946880349999994	23.890465887999984	1.0411204278580721
v1.4.0	measured	OWL2EL	mmo-n10	2	jfact	updates_only:extract_s	7.068629765999995	5.998795151999998	0.848650353828703
v1.4.0	measured	OWL2EL	mmo-n10	2	jfact	updates_only:update_inference_s	6.494226453000003	6.401952506999997	0.9857913876783
v1.4.0	measured	OWL2EL	mmo-n10	2	km	whole_process_history_wall_s	19.885340793058276	17.224155819043517	0.8661735294502096
v1.4.0	measured	OWL2EL	mmo-n10	2	km	updates_only:canonicalize_s	8.433445019647479	7.753561759367585	0.9193824992401133
v1.4.0	measured	OWL2EL	mmo-n10	2	km	updates_only:request_response_s	9.159155594184995	7.148606499657035	0.7804875052232516
v1.4.0	measured	OWL2EL	mmo-n10	2	openllet	whole_process_history_wall_s	80.57269358634949	77.88270474784076	0.9666141378825088
v1.4.0	measured	OWL2EL	mmo-n10	2	openllet	updates_only:parse_s	16.76749559199999	17.23113662800001	1.0276511798351824
v1.4.0	measured	OWL2EL	mmo-n10	2	openllet	updates_only:extract_s	43.51269279799998	41.725348825999994	0.9589236184416943
v1.4.0	measured	OWL2EL	mmo-n10	2	openllet	updates_only:update_inference_s	8.951968854999995	8.731623232000004	0.9753857920454091
v1.4.0	measured	OWL2EL	mmo-n10	2	whelk	whole_process_history_wall_s	80.74902914837003	81.41438212059438	1.0082397643568175
v1.4.0	measured	OWL2EL	mmo-n10	2	whelk	updates_only:parse_s	26.937081851000006	27.790747550000003	1.0316910979341405
v1.4.0	measured	OWL2EL	mmo-n10	2	whelk	updates_only:extract_s	35.992726834000024	35.74127172500001	0.9930137244071633
v1.4.0	measured	OWL2EL	mmo-n10	2	whelk	updates_only:update_inference_s	8.813686798999997	8.571669392000008	0.9725407298308525
v1.4.0	measured	OWL2EL	mmo-n10	3	elk	whole_process_history_wall_s	48.40176719427109	50.010823015123606	1.0332437411715614
v1.4.0	measured	OWL2EL	mmo-n10	3	elk	updates_only:parse_s	15.412355121999997	15.175381296999998	0.9846244248121602
v1.4.0	measured	OWL2EL	mmo-n10	3	elk	updates_only:extract_s	13.007011894000007	12.741922102999997	0.9796194703933274
v1.4.0	measured	OWL2EL	mmo-n10	3	elk	updates_only:update_inference_s	7.531209583000003	11.209711592000009	1.4884344232436963
v1.4.0	measured	OWL2EL	mmo-n10	3	hermit	whole_process_history_wall_s	52.23616639710963	50.439629044383764	0.965607404282538
v1.4.0	measured	OWL2EL	mmo-n10	3	hermit	updates_only:parse_s	7.322459798	7.881570870999999	1.0763556357322317
v1.4.0	measured	OWL2EL	mmo-n10	3	hermit	updates_only:extract_s	5.2978973799999975	4.920499075999998	0.9287645122337195
v1.4.0	measured	OWL2EL	mmo-n10	3	hermit	updates_only:update_inference_s	26.709383765999995	26.13189902100002	0.9783789566221632
v1.4.0	measured	OWL2EL	mmo-n10	3	jfact	whole_process_history_wall_s	50.25221870839596	50.78362004831433	1.0105746841348835
v1.4.0	measured	OWL2EL	mmo-n10	3	jfact	updates_only:parse_s	23.44092586900001	24.165592295000003	1.0309145820455132
v1.4.0	measured	OWL2EL	mmo-n10	3	jfact	updates_only:extract_s	6.651128744000001	6.132015534000009	0.9219511108594484
v1.4.0	measured	OWL2EL	mmo-n10	3	jfact	updates_only:update_inference_s	6.819104885000003	6.657128012000006	0.9762466077686679
v1.4.0	measured	OWL2EL	mmo-n10	3	km	whole_process_history_wall_s	19.604089757427573	17.14737188629806	0.8746834001717058
v1.4.0	measured	OWL2EL	mmo-n10	3	km	updates_only:canonicalize_s	8.521612383425236	7.768947968259454	0.9116758212765305
v1.4.0	measured	OWL2EL	mmo-n10	3	km	updates_only:request_response_s	9.074815057218075	7.1396773755550385	0.7867573422200119
v1.4.0	measured	OWL2EL	mmo-n10	3	openllet	whole_process_history_wall_s	82.06379854865372	75.84984463639557	0.9242789875419423
v1.4.0	measured	OWL2EL	mmo-n10	3	openllet	updates_only:parse_s	17.74323122100001	16.556120003000004	0.9330949812233186
v1.4.0	measured	OWL2EL	mmo-n10	3	openllet	updates_only:extract_s	43.599106520000014	40.64210917900001	0.9321775702067758
v1.4.0	measured	OWL2EL	mmo-n10	3	openllet	updates_only:update_inference_s	9.181499791000007	8.619266885999998	0.9387645899038055
v1.4.0	measured	OWL2EL	mmo-n10	3	whelk	whole_process_history_wall_s	81.82266991212964	82.06201133131981	1.002925123556188
v1.4.0	measured	OWL2EL	mmo-n10	3	whelk	updates_only:parse_s	27.480682610000002	28.323410995000003	1.0306662100414252
v1.4.0	measured	OWL2EL	mmo-n10	3	whelk	updates_only:extract_s	36.571136528999986	35.936134791	0.9826365325699833
v1.4.0	measured	OWL2EL	mmo-n10	3	whelk	updates_only:update_inference_s	8.330458066000004	8.260928954000002	0.9916536267934919
v1.4.0	measured	OWL2EL	mmo-n10	4	elk	whole_process_history_wall_s	46.368546295911074	50.88854453340173	1.097479834900264
v1.4.0	measured	OWL2EL	mmo-n10	4	elk	updates_only:parse_s	15.150145025999997	15.984534007000008	1.055074653052368
v1.4.0	measured	OWL2EL	mmo-n10	4	elk	updates_only:extract_s	12.156037702000006	12.448297450000005	1.024042352875552
v1.4.0	measured	OWL2EL	mmo-n10	4	elk	updates_only:update_inference_s	7.756909093000002	11.287166869000002	1.4551114024509813
v1.4.0	measured	OWL2EL	mmo-n10	4	hermit	whole_process_history_wall_s	48.449958523735404	52.59614847227931	1.085576749183649
v1.4.0	measured	OWL2EL	mmo-n10	4	hermit	updates_only:parse_s	7.112904409999998	7.625993388000002	1.0721349463488719
v1.4.0	measured	OWL2EL	mmo-n10	4	hermit	updates_only:extract_s	4.854130057999998	5.282121045000002	1.088170482019665
v1.4.0	measured	OWL2EL	mmo-n10	4	hermit	updates_only:update_inference_s	25.036664832999993	27.359303065999974	1.0927694742287954
v1.4.0	measured	OWL2EL	mmo-n10	4	jfact	whole_process_history_wall_s	52.38726466521621	49.28681939840317	0.9408168132727178
v1.4.0	measured	OWL2EL	mmo-n10	4	jfact	updates_only:parse_s	24.236333832999996	23.39080613300001	0.9651132177900305
v1.4.0	measured	OWL2EL	mmo-n10	4	jfact	updates_only:extract_s	7.442750910000001	6.245946452999995	0.8391986415409937
v1.4.0	measured	OWL2EL	mmo-n10	4	jfact	updates_only:update_inference_s	7.370803646999999	6.3483525569999975	0.8612836348698353
v1.4.0	measured	OWL2EL	mmo-n10	4	km	whole_process_history_wall_s	19.2984252050519	17.075185565277934	0.8847968362106577
v1.4.0	measured	OWL2EL	mmo-n10	4	km	updates_only:canonicalize_s	8.39502558298409	7.618642941117287	0.9075187283001905
v1.4.0	measured	OWL2EL	mmo-n10	4	km	updates_only:request_response_s	8.93102302774787	7.177827838808298	0.8036960398050084
v1.4.0	measured	OWL2EL	mmo-n10	4	openllet	whole_process_history_wall_s	77.19158258102834	76.5999257657677	0.9923352158943032
v1.4.0	measured	OWL2EL	mmo-n10	4	openllet	updates_only:parse_s	16.97982728800001	17.735779258000008	1.0445205924169938
v1.4.0	measured	OWL2EL	mmo-n10	4	openllet	updates_only:extract_s	41.09143842899998	40.517416342000004	0.9860306158911473
v1.4.0	measured	OWL2EL	mmo-n10	4	openllet	updates_only:update_inference_s	8.641065977999999	8.360746813000002	0.967559654594273
v1.4.0	measured	OWL2EL	mmo-n10	4	whelk	whole_process_history_wall_s	81.66250902786851	83.04296324960887	1.0169043816822878
v1.4.0	measured	OWL2EL	mmo-n10	4	whelk	updates_only:parse_s	27.731040494000002	28.34227190699999	1.0220414164817304
v1.4.0	measured	OWL2EL	mmo-n10	4	whelk	updates_only:extract_s	36.125012004999974	36.886955728999986	1.0210918607831758
v1.4.0	measured	OWL2EL	mmo-n10	4	whelk	updates_only:update_inference_s	8.461884730999996	8.224068656999998	0.9718956140907047
v1.4.0	measured	OWL2EL	mmo-n100	0	elk	whole_process_history_wall_s	56.132093818858266	52.68227181956172	0.93854100631932
v1.4.0	measured	OWL2EL	mmo-n100	0	elk	updates_only:parse_s	16.54274297700001	16.088678401000003	0.9725520382785787
v1.4.0	measured	OWL2EL	mmo-n100	0	elk	updates_only:extract_s	12.193181181	12.875579034000006	1.05596553047726
v1.4.0	measured	OWL2EL	mmo-n100	0	elk	updates_only:update_inference_s	14.47999150200001	11.757276444999997	0.8119670818436637
v1.4.0	measured	OWL2EL	mmo-n100	0	hermit	whole_process_history_wall_s	49.29756920039654	47.77751354314387	0.969165707723365
v1.4.0	measured	OWL2EL	mmo-n100	0	hermit	updates_only:parse_s	7.400447601999996	7.201551379000001	0.9731237576837592
v1.4.0	measured	OWL2EL	mmo-n100	0	hermit	updates_only:extract_s	4.7551860500000025	4.8677896669999985	1.0236801706212937
v1.4.0	measured	OWL2EL	mmo-n100	0	hermit	updates_only:update_inference_s	25.64326016300001	25.014677177000006	0.9754873997298139
v1.4.0	measured	OWL2EL	mmo-n100	0	jfact	whole_process_history_wall_s	78.01014287211001	76.76506724022329	0.9840395673428275
v1.4.0	measured	OWL2EL	mmo-n100	0	jfact	updates_only:parse_s	34.76588124200002	36.866586739999995	1.0604243419971806
v1.4.0	measured	OWL2EL	mmo-n100	0	jfact	updates_only:extract_s	11.768796664000005	11.522200246000006	0.9790465903150216
v1.4.0	measured	OWL2EL	mmo-n100	0	jfact	updates_only:update_inference_s	12.235360542000002	8.760521559000006	0.7160002787762562
v1.4.0	measured	OWL2EL	mmo-n100	0	km	whole_process_history_wall_s	18.333222711458802	15.68711100704968	0.8556657634036582
v1.4.0	measured	OWL2EL	mmo-n100	0	km	updates_only:canonicalize_s	7.601907191798091	7.915358744561672	1.0412332780255162
v1.4.0	measured	OWL2EL	mmo-n100	0	km	updates_only:request_response_s	8.548202341422439	5.6266139429062605	0.6582218948703524
v1.4.0	measured	OWL2EL	mmo-n100	0	openllet	whole_process_history_wall_s	84.58479007706046	74.90425491705537	0.8855522943169133
v1.4.0	measured	OWL2EL	mmo-n100	0	openllet	updates_only:parse_s	16.847106409999984	15.921024968999996	0.945030237332015
v1.4.0	measured	OWL2EL	mmo-n100	0	openllet	updates_only:extract_s	45.36512116200001	40.39783460299999	0.8905042810034232
v1.4.0	measured	OWL2EL	mmo-n100	0	openllet	updates_only:update_inference_s	10.691157138	8.882842049999999	0.8308588055849787
v1.4.0	measured	OWL2EL	mmo-n100	0	whelk	whole_process_history_wall_s	79.97332130745053	80.0456666443497	1.0009046183866872
v1.4.0	measured	OWL2EL	mmo-n100	0	whelk	updates_only:parse_s	26.842525657999996	26.97449015899999	1.004916247549927
v1.4.0	measured	OWL2EL	mmo-n100	0	whelk	updates_only:extract_s	35.611495552000015	36.072044048000016	1.0129325794623678
v1.4.0	measured	OWL2EL	mmo-n100	0	whelk	updates_only:update_inference_s	8.385427788999996	7.746775503000004	0.9238378408269431
v1.4.0	measured	OWL2EL	mmo-n100	1	elk	whole_process_history_wall_s	59.95776032283902	55.67425465025008	0.9285579439671419
v1.4.0	measured	OWL2EL	mmo-n100	1	elk	updates_only:parse_s	17.028442961999993	16.88755726800001	0.9917264488412488
v1.4.0	measured	OWL2EL	mmo-n100	1	elk	updates_only:extract_s	13.199305356999995	13.811235376999997	1.046360774559661
v1.4.0	measured	OWL2EL	mmo-n100	1	elk	updates_only:update_inference_s	15.403752824999989	12.320797971999998	0.7998568992877881
v1.4.0	measured	OWL2EL	mmo-n100	1	hermit	whole_process_history_wall_s	46.6543485801667	47.95244559831917	1.0278237089929987
v1.4.0	measured	OWL2EL	mmo-n100	1	hermit	updates_only:parse_s	7.080261104999999	7.480521872000005	1.056531921784261
v1.4.0	measured	OWL2EL	mmo-n100	1	hermit	updates_only:extract_s	4.903590687999994	4.760678870999998	0.9708556798287165
v1.4.0	measured	OWL2EL	mmo-n100	1	hermit	updates_only:update_inference_s	24.158063271999996	25.234788826000003	1.0445700278982202
v1.4.0	measured	OWL2EL	mmo-n100	1	jfact	whole_process_history_wall_s	88.3530103880912	76.68533628992736	0.8679425404192398
v1.4.0	measured	OWL2EL	mmo-n100	1	jfact	updates_only:parse_s	37.37818875000002	34.96936291700001	0.9355553087627873
v1.4.0	measured	OWL2EL	mmo-n100	1	jfact	updates_only:extract_s	12.791032462999988	10.669161674	0.8341126257682621
v1.4.0	measured	OWL2EL	mmo-n100	1	jfact	updates_only:update_inference_s	15.306704067999998	9.798299262999997	0.6401312274328343
v1.4.0	measured	OWL2EL	mmo-n100	1	km	whole_process_history_wall_s	18.260015344247222	15.593382570892572	0.853963278612755
v1.4.0	measured	OWL2EL	mmo-n100	1	km	updates_only:canonicalize_s	7.710561765357852	7.882669594138861	1.0223210492333072
v1.4.0	measured	OWL2EL	mmo-n100	1	km	updates_only:request_response_s	8.498686583712697	5.573730614036322	0.6558343526537493
v1.4.0	measured	OWL2EL	mmo-n100	1	openllet	whole_process_history_wall_s	76.9439505636692	75.22578577138484	0.9776699171319176
v1.4.0	measured	OWL2EL	mmo-n100	1	openllet	updates_only:parse_s	16.581331751	16.222234197999995	0.9783432622667146
v1.4.0	measured	OWL2EL	mmo-n100	1	openllet	updates_only:extract_s	40.21896102699998	40.19725687699997	0.9994603503062788
v1.4.0	measured	OWL2EL	mmo-n100	1	openllet	updates_only:update_inference_s	9.531197608999996	9.193094800000013	0.9645267234118907
v1.4.0	measured	OWL2EL	mmo-n100	1	whelk	whole_process_history_wall_s	78.2620598115027	79.64011635631323	1.017608232496431
v1.4.0	measured	OWL2EL	mmo-n100	1	whelk	updates_only:parse_s	25.757654017999993	26.856651291999984	1.0426668233540208
v1.4.0	measured	OWL2EL	mmo-n100	1	whelk	updates_only:extract_s	35.841473363999995	35.46222748800001	0.9894187978226111
v1.4.0	measured	OWL2EL	mmo-n100	1	whelk	updates_only:update_inference_s	7.900411462999997	7.985800128999999	1.010808128968966
v1.4.0	measured	OWL2EL	mmo-n100	2	elk	whole_process_history_wall_s	55.95988587848842	52.172966703772545	0.9323279682353389
v1.4.0	measured	OWL2EL	mmo-n100	2	elk	updates_only:parse_s	16.733005674999998	16.623809170000005	0.9934741846670656
v1.4.0	measured	OWL2EL	mmo-n100	2	elk	updates_only:extract_s	12.442518320000012	12.316082726999996	0.9898384242041433
v1.4.0	measured	OWL2EL	mmo-n100	2	elk	updates_only:update_inference_s	14.382140528000006	11.67185346	0.8115518991958492
v1.4.0	measured	OWL2EL	mmo-n100	2	hermit	whole_process_history_wall_s	49.811981063336134	51.108133759349585	1.0260209023681548
v1.4.0	measured	OWL2EL	mmo-n100	2	hermit	updates_only:parse_s	7.449226905000008	7.251401894999997	0.973443551589598
v1.4.0	measured	OWL2EL	mmo-n100	2	hermit	updates_only:extract_s	5.128289413000004	5.714057997000004	1.114222996563942
v1.4.0	measured	OWL2EL	mmo-n100	2	hermit	updates_only:update_inference_s	26.431440016999996	26.069903612999983	0.9863217288287175
v1.4.0	measured	OWL2EL	mmo-n100	2	jfact	whole_process_history_wall_s	84.27626265212893	82.91683065705001	0.9838693369603928
v1.4.0	measured	OWL2EL	mmo-n100	2	jfact	updates_only:parse_s	36.475433067999965	37.434427647999975	1.0262915200543936
v1.4.0	measured	OWL2EL	mmo-n100	2	jfact	updates_only:extract_s	12.777393340999996	12.504185199000004	0.9786178499237927
v1.4.0	measured	OWL2EL	mmo-n100	2	jfact	updates_only:update_inference_s	13.234326981999995	10.076395391000004	0.7613832879227562
v1.4.0	measured	OWL2EL	mmo-n100	2	km	whole_process_history_wall_s	18.350461028516293	15.591994723305106	0.849678637450875
v1.4.0	measured	OWL2EL	mmo-n100	2	km	updates_only:canonicalize_s	7.722873428836465	7.795055810362101	1.0093465705725686
v1.4.0	measured	OWL2EL	mmo-n100	2	km	updates_only:request_response_s	8.611928220838308	5.63768726401031	0.6546370475277281
v1.4.0	measured	OWL2EL	mmo-n100	2	openllet	whole_process_history_wall_s	80.80015790089965	77.97153561934829	0.9649923669082351
v1.4.0	measured	OWL2EL	mmo-n100	2	openllet	updates_only:parse_s	17.079035417999993	16.848615559000002	0.9865086140194342
v1.4.0	measured	OWL2EL	mmo-n100	2	openllet	updates_only:extract_s	42.80238148800002	41.12267508299998	0.9607567068325168
v1.4.0	measured	OWL2EL	mmo-n100	2	openllet	updates_only:update_inference_s	9.846661135999991	9.481417780000001	0.9629068827539278
v1.4.0	measured	OWL2EL	mmo-n100	2	whelk	whole_process_history_wall_s	79.48899557627738	78.6220334880054	0.9890933067906231
v1.4.0	measured	OWL2EL	mmo-n100	2	whelk	updates_only:parse_s	25.790154580000006	26.679248006999995	1.0344741410619334
v1.4.0	measured	OWL2EL	mmo-n100	2	whelk	updates_only:extract_s	36.37953617699999	35.313241624999996	0.9706897155914227
v1.4.0	measured	OWL2EL	mmo-n100	2	whelk	updates_only:update_inference_s	8.504583060000002	7.705718927	0.9060666316780024
v1.4.0	measured	OWL2EL	mmo-n100	3	elk	whole_process_history_wall_s	56.96953421086073	53.34227547235787	0.9363298508799927
v1.4.0	measured	OWL2EL	mmo-n100	3	elk	updates_only:parse_s	16.694232871999997	16.521854883999996	0.9896743989782772
v1.4.0	measured	OWL2EL	mmo-n100	3	elk	updates_only:extract_s	13.292024198000009	13.064095037000001	0.9828521858217575
v1.4.0	measured	OWL2EL	mmo-n100	3	elk	updates_only:update_inference_s	14.380242011000004	11.950611088999999	0.8310438085714075
v1.4.0	measured	OWL2EL	mmo-n100	3	hermit	whole_process_history_wall_s	45.78598424233496	46.68682041205466	1.0196749329434915
v1.4.0	measured	OWL2EL	mmo-n100	3	hermit	updates_only:parse_s	7.1433224850000006	7.079118198000005	0.9910119853702789
v1.4.0	measured	OWL2EL	mmo-n100	3	hermit	updates_only:extract_s	4.50989619	4.558257922	1.0107234690029527
v1.4.0	measured	OWL2EL	mmo-n100	3	hermit	updates_only:update_inference_s	23.454177085999987	24.724249769999982	1.0541512362315246
v1.4.0	measured	OWL2EL	mmo-n100	3	jfact	whole_process_history_wall_s	70.36703622341156	64.24050076678395	0.9129345815109196
v1.4.0	measured	OWL2EL	mmo-n100	3	jfact	updates_only:parse_s	31.473243876999987	29.89171917500002	0.9497501843730918
v1.4.0	measured	OWL2EL	mmo-n100	3	jfact	updates_only:extract_s	10.231943029999995	9.384270571999993	0.9171543024120999
v1.4.0	measured	OWL2EL	mmo-n100	3	jfact	updates_only:update_inference_s	11.413054662000002	7.721521199999998	0.6765516707555043
v1.4.0	measured	OWL2EL	mmo-n100	3	km	whole_process_history_wall_s	18.023188829421997	15.686693832278252	0.8703617312531549
v1.4.0	measured	OWL2EL	mmo-n100	3	km	updates_only:canonicalize_s	7.566584158688784	7.856344493106008	1.0382947348949378
v1.4.0	measured	OWL2EL	mmo-n100	3	km	updates_only:request_response_s	8.436609061434865	5.600692154839635	0.6638558352124344
v1.4.0	measured	OWL2EL	mmo-n100	3	openllet	whole_process_history_wall_s	82.93991993740201	76.16333089955151	0.9182952064221299
v1.4.0	measured	OWL2EL	mmo-n100	3	openllet	updates_only:parse_s	17.036637627000008	16.64102359400002	0.9767786319306921
v1.4.0	measured	OWL2EL	mmo-n100	3	openllet	updates_only:extract_s	44.254311143	40.83158860300001	0.9226578732874167
v1.4.0	measured	OWL2EL	mmo-n100	3	openllet	updates_only:update_inference_s	10.230486501	8.555015397000004	0.8362276218402493
v1.4.0	measured	OWL2EL	mmo-n100	3	whelk	whole_process_history_wall_s	81.90293392539024	76.40549864247441	0.9328786525776508
v1.4.0	measured	OWL2EL	mmo-n100	3	whelk	updates_only:parse_s	26.972048053000016	26.226162660000004	0.9723459860543645
v1.4.0	measured	OWL2EL	mmo-n100	3	whelk	updates_only:extract_s	36.64246396499998	34.41000702600003	0.9390745954984812
v1.4.0	measured	OWL2EL	mmo-n100	3	whelk	updates_only:update_inference_s	8.786361962000003	7.205435349000002	0.8200703977553707
v1.4.0	measured	OWL2EL	mmo-n100	4	elk	whole_process_history_wall_s	58.64298369176686	53.981444561854005	0.9205098575063242
v1.4.0	measured	OWL2EL	mmo-n100	4	elk	updates_only:parse_s	17.240051070000007	16.788867605000007	0.9738293428964884
v1.4.0	measured	OWL2EL	mmo-n100	4	elk	updates_only:extract_s	12.623398958999992	13.544368402	1.0729573267858568
v1.4.0	measured	OWL2EL	mmo-n100	4	elk	updates_only:update_inference_s	15.096030484999996	11.780607489000001	0.780377828509665
v1.4.0	measured	OWL2EL	mmo-n100	4	hermit	whole_process_history_wall_s	46.30241362005472	44.16002137772739	0.9537304413565298
v1.4.0	measured	OWL2EL	mmo-n100	4	hermit	updates_only:parse_s	7.274704571000001	6.81863949	0.9373080959441203
v1.4.0	measured	OWL2EL	mmo-n100	4	hermit	updates_only:extract_s	4.529774796999997	4.565853623000001	1.0079648167109538
v1.4.0	measured	OWL2EL	mmo-n100	4	hermit	updates_only:update_inference_s	24.069951786999987	22.809930795999996	0.9476517027474679
v1.4.0	measured	OWL2EL	mmo-n100	4	jfact	whole_process_history_wall_s	75.66329345479608	72.66171482764184	0.9603297914999236
v1.4.0	measured	OWL2EL	mmo-n100	4	jfact	updates_only:parse_s	32.68326020299999	33.88677414400002	1.0368235584065009
v1.4.0	measured	OWL2EL	mmo-n100	4	jfact	updates_only:extract_s	11.347906864999992	11.293926933999996	0.9952431817037127
v1.4.0	measured	OWL2EL	mmo-n100	4	jfact	updates_only:update_inference_s	12.263260364000011	8.363791383999995	0.6820202079825946
v1.4.0	measured	OWL2EL	mmo-n100	4	km	whole_process_history_wall_s	18.03953941166401	15.633691232651472	0.8666347225330507
v1.4.0	measured	OWL2EL	mmo-n100	4	km	updates_only:canonicalize_s	7.552920293062925	7.822019778192043	1.035628535015294
v1.4.0	measured	OWL2EL	mmo-n100	4	km	updates_only:request_response_s	8.386344157159328	5.523741293698549	0.6586590283184351
v1.4.0	measured	OWL2EL	mmo-n100	4	openllet	whole_process_history_wall_s	78.88911448605359	76.17509212903678	0.9655969980814451
v1.4.0	measured	OWL2EL	mmo-n100	4	openllet	updates_only:parse_s	16.475469764	16.021242018	0.972430057988846
v1.4.0	measured	OWL2EL	mmo-n100	4	openllet	updates_only:extract_s	41.76590922900001	41.339962484	0.9898015689622709
v1.4.0	measured	OWL2EL	mmo-n100	4	openllet	updates_only:update_inference_s	10.008490150999998	8.790130679000004	0.8782674056107992
v1.4.0	measured	OWL2EL	mmo-n100	4	whelk	whole_process_history_wall_s	78.40180876851082	77.16143410094082	0.98417925954703
v1.4.0	measured	OWL2EL	mmo-n100	4	whelk	updates_only:parse_s	26.246723570000004	26.771778932999997	1.0200046059691859
v1.4.0	measured	OWL2EL	mmo-n100	4	whelk	updates_only:extract_s	35.24595140799998	34.49659960900003	0.9787393510725357
v1.4.0	measured	OWL2EL	mmo-n100	4	whelk	updates_only:update_inference_s	8.038669119999998	7.216974361999997	0.897782239107759
v1.4.0	measured	pure_OWL2DL	zfa-n1	0	hermit	whole_process_history_wall_s	305.09537067450583	305.64152853004634	1.0017901217390912
v1.4.0	measured	pure_OWL2DL	zfa-n1	0	hermit	updates_only:parse_s	62.267872459000024	60.66813767999997	0.9743088254692918
v1.4.0	measured	pure_OWL2DL	zfa-n1	0	hermit	updates_only:extract_s	21.14228555299998	21.51058878099999	1.0174202182198673
v1.4.0	measured	pure_OWL2DL	zfa-n1	0	hermit	updates_only:update_inference_s	191.2395392820001	194.28566374	1.0159283193707558
v1.4.0	measured	pure_OWL2DL	zfa-n1	0	jfact	whole_process_history_wall_s	1288.6276050489396	1292.5592219214886	1.003051010902719
v1.4.0	measured	pure_OWL2DL	zfa-n1	0	jfact	updates_only:parse_s	120.75104472299998	116.08560980599995	0.9613631921139695
v1.4.0	measured	pure_OWL2DL	zfa-n1	0	jfact	updates_only:extract_s	17.36972215800001	12.951373964999998	0.7456293110039734
v1.4.0	measured	pure_OWL2DL	zfa-n1	0	jfact	updates_only:update_inference_s	1108.6219442010008	1124.9592326990007	1.0147365732596736
v1.4.0	measured	pure_OWL2DL	zfa-n1	0	km	whole_process_history_wall_s	653.1091485153884	345.6385795343667	0.5292202387917139
v1.4.0	measured	pure_OWL2DL	zfa-n1	0	km	updates_only:canonicalize_s	73.86980597861111	71.1300110630691	0.9629104898916979
v1.4.0	measured	pure_OWL2DL	zfa-n1	0	km	updates_only:request_response_s	570.225431881845	265.47292858734727	0.46555785439319947
v1.4.0	measured	pure_OWL2DL	zfa-n1	0	openllet	whole_process_history_wall_s	440.3239560201764	425.49313610978425	0.9663183896591977
v1.4.0	measured	pure_OWL2DL	zfa-n1	0	openllet	updates_only:parse_s	103.01000597900001	97.67413989400006	0.9482005069867898
v1.4.0	measured	pure_OWL2DL	zfa-n1	0	openllet	updates_only:extract_s	122.62547709400002	121.02715193799995	0.9869657986751411
v1.4.0	measured	pure_OWL2DL	zfa-n1	0	openllet	updates_only:update_inference_s	163.56066823900002	161.00840871799997	0.9843956401714463
v1.4.0	measured	pure_OWL2DL	zfa-n1	1	hermit	whole_process_history_wall_s	310.8254685495049	307.0491697695106	0.9878507420977545
v1.4.0	measured	pure_OWL2DL	zfa-n1	1	hermit	updates_only:parse_s	63.165015846000024	60.707899473	0.9611000434324181
v1.4.0	measured	pure_OWL2DL	zfa-n1	1	hermit	updates_only:extract_s	21.542318829000024	21.877672661999977	1.015567211480897
v1.4.0	measured	pure_OWL2DL	zfa-n1	1	hermit	updates_only:update_inference_s	195.02042603300018	195.87818466200005	1.0043983014828135
v1.4.0	measured	pure_OWL2DL	zfa-n1	1	jfact	whole_process_history_wall_s	1297.5610840804875	1286.5180587228388	0.9914893984621354
v1.4.0	measured	pure_OWL2DL	zfa-n1	1	jfact	updates_only:parse_s	118.45041459800001	115.52666055099998	0.9753166415084089
v1.4.0	measured	pure_OWL2DL	zfa-n1	1	jfact	updates_only:extract_s	17.311349616000008	12.451615741999998	0.7192746965546578
v1.4.0	measured	pure_OWL2DL	zfa-n1	1	jfact	updates_only:update_inference_s	1123.9776626199994	1119.467142119	0.9959870016540318
v1.4.0	measured	pure_OWL2DL	zfa-n1	1	km	whole_process_history_wall_s	655.883670207113	348.72235130518675	0.5316832346124248
v1.4.0	measured	pure_OWL2DL	zfa-n1	1	km	updates_only:canonicalize_s	74.35091528669	70.96715812198818	0.9544893677279644
v1.4.0	measured	pure_OWL2DL	zfa-n1	1	km	updates_only:request_response_s	572.0592341888696	268.7130334507674	0.4697293870831037
v1.4.0	measured	pure_OWL2DL	zfa-n1	1	openllet	whole_process_history_wall_s	412.72057406418025	417.0277800690383	1.0104361310667014
v1.4.0	measured	pure_OWL2DL	zfa-n1	1	openllet	updates_only:parse_s	97.71341827600001	99.54397060699992	1.018733888991882
v1.4.0	measured	pure_OWL2DL	zfa-n1	1	openllet	updates_only:extract_s	121.67606494000002	121.30992813099998	0.9969908888064338
v1.4.0	measured	pure_OWL2DL	zfa-n1	1	openllet	updates_only:update_inference_s	151.36303050500004	149.97340416300003	0.9908192486807132
v1.4.0	measured	pure_OWL2DL	zfa-n1	2	hermit	whole_process_history_wall_s	308.97485320828855	316.5468752011657	1.0245069199459174
v1.4.0	measured	pure_OWL2DL	zfa-n1	2	hermit	updates_only:parse_s	63.305716353	64.24640327500005	1.0148594309675711
v1.4.0	measured	pure_OWL2DL	zfa-n1	2	hermit	updates_only:extract_s	21.802604332999998	21.72195460299999	0.9963009130116653
v1.4.0	measured	pure_OWL2DL	zfa-n1	2	hermit	updates_only:update_inference_s	191.87542543600009	201.04310934099993	1.0477793541521434
v1.4.0	measured	pure_OWL2DL	zfa-n1	2	jfact	whole_process_history_wall_s	1207.2613776549697	1314.809593738988	1.0890844502065693
v1.4.0	measured	pure_OWL2DL	zfa-n1	2	jfact	updates_only:parse_s	124.71727512799995	115.36946806200001	0.92504801715395
v1.4.0	measured	pure_OWL2DL	zfa-n1	2	jfact	updates_only:extract_s	16.497435943999996	13.336026083999995	0.8083696235747602
v1.4.0	measured	pure_OWL2DL	zfa-n1	2	jfact	updates_only:update_inference_s	1026.294511872001	1146.81968783	1.1174372215419492
v1.4.0	measured	pure_OWL2DL	zfa-n1	2	km	whole_process_history_wall_s	661.7594548873603	346.1491844393313	0.5230740292154197
v1.4.0	measured	pure_OWL2DL	zfa-n1	2	km	updates_only:canonicalize_s	74.69238906726241	71.39097149297595	0.9557998128656261
v1.4.0	measured	pure_OWL2DL	zfa-n1	2	km	updates_only:request_response_s	577.6451161205769	265.6488598585129	0.4598824649338188
v1.4.0	measured	pure_OWL2DL	zfa-n1	2	openllet	whole_process_history_wall_s	405.0225987602025	401.767087046057	0.9919621479786292
v1.4.0	measured	pure_OWL2DL	zfa-n1	2	openllet	updates_only:parse_s	96.39592119999993	94.08220266200006	0.9759977547888211
v1.4.0	measured	pure_OWL2DL	zfa-n1	2	openllet	updates_only:extract_s	125.91565724000004	118.46474140400001	0.9408261371197205
v1.4.0	measured	pure_OWL2DL	zfa-n1	2	openllet	updates_only:update_inference_s	141.040398463	147.65358599500004	1.046888604995929
v1.4.0	measured	pure_OWL2DL	zfa-n1	3	hermit	whole_process_history_wall_s	312.39662671647966	312.7302715331316	1.0010680167073467
v1.4.0	measured	pure_OWL2DL	zfa-n1	3	hermit	updates_only:parse_s	63.20254819700003	62.312007492999996	0.9859097341894468
v1.4.0	measured	pure_OWL2DL	zfa-n1	3	hermit	updates_only:extract_s	21.324841178000014	20.600004105999997	0.9660097317513529
v1.4.0	measured	pure_OWL2DL	zfa-n1	3	hermit	updates_only:update_inference_s	195.90089732600006	200.7259411410001	1.0246300240624762
v1.4.0	measured	pure_OWL2DL	zfa-n1	3	jfact	whole_process_history_wall_s	1295.1999684404582	1324.1964016258717	1.022387611096322
v1.4.0	measured	pure_OWL2DL	zfa-n1	3	jfact	updates_only:parse_s	118.63330225299994	115.16742275199995	0.9707849361420575
v1.4.0	measured	pure_OWL2DL	zfa-n1	3	jfact	updates_only:extract_s	16.84773293	13.413553677000005	0.796163717262819
v1.4.0	measured	pure_OWL2DL	zfa-n1	3	jfact	updates_only:update_inference_s	1119.0595392020005	1157.3077329670004	1.0341788729063288
v1.4.0	measured	pure_OWL2DL	zfa-n1	3	km	whole_process_history_wall_s	638.0591396056116	336.4215269945562	0.5272575943391399
v1.4.0	measured	pure_OWL2DL	zfa-n1	3	km	updates_only:canonicalize_s	73.58029863424599	70.51303473860025	0.9583140602501148
v1.4.0	measured	pure_OWL2DL	zfa-n1	3	km	updates_only:request_response_s	555.1927543897182	256.80149477906525	0.46254475179768495
v1.4.0	measured	pure_OWL2DL	zfa-n1	3	openllet	whole_process_history_wall_s	410.939995970577	382.6828660350293	0.9312378200890163
v1.4.0	measured	pure_OWL2DL	zfa-n1	3	openllet	updates_only:parse_s	98.92119087100002	91.26481362399994	0.9226012426701927
v1.4.0	measured	pure_OWL2DL	zfa-n1	3	openllet	updates_only:extract_s	119.91236723299993	117.13275628700003	0.9768196474630605
v1.4.0	measured	pure_OWL2DL	zfa-n1	3	openllet	updates_only:update_inference_s	150.20568171499983	137.497662812	0.915395884111015
v1.4.0	measured	pure_OWL2DL	zfa-n1	4	hermit	whole_process_history_wall_s	314.9294326584786	338.44217082858086	1.0746603388943972
v1.4.0	measured	pure_OWL2DL	zfa-n1	4	hermit	updates_only:parse_s	64.28435361900003	65.06968147000006	1.0122164695884555
v1.4.0	measured	pure_OWL2DL	zfa-n1	4	hermit	updates_only:extract_s	22.87782910299998	21.819231458999997	0.9537282301028656
v1.4.0	measured	pure_OWL2DL	zfa-n1	4	hermit	updates_only:update_inference_s	195.27654316899998	218.74611043599998	1.1201863105835939
v1.4.0	measured	pure_OWL2DL	zfa-n1	4	jfact	whole_process_history_wall_s	1263.3905674684793	1280.2806893214583	1.013368883928604
v1.4.0	measured	pure_OWL2DL	zfa-n1	4	jfact	updates_only:parse_s	118.205158947	112.8623158310001	0.9548002543747225
v1.4.0	measured	pure_OWL2DL	zfa-n1	4	jfact	updates_only:extract_s	18.170516588999998	13.383132883999988	0.7365301266174139
v1.4.0	measured	pure_OWL2DL	zfa-n1	4	jfact	updates_only:update_inference_s	1088.6609846529996	1116.3990480639998	1.0254790644672929
v1.4.0	measured	pure_OWL2DL	zfa-n1	4	km	whole_process_history_wall_s	641.2303168959916	338.70036236196756	0.5282039127555868
v1.4.0	measured	pure_OWL2DL	zfa-n1	4	km	updates_only:canonicalize_s	73.79208491370082	70.80646947026253	0.9595401668494671
v1.4.0	measured	pure_OWL2DL	zfa-n1	4	km	updates_only:request_response_s	558.2860370911658	258.7125281598419	0.4634049769680971
v1.4.0	measured	pure_OWL2DL	zfa-n1	4	openllet	whole_process_history_wall_s	408.3052856735885	398.1370125245303	0.9750963959913391
v1.4.0	measured	pure_OWL2DL	zfa-n1	4	openllet	updates_only:parse_s	98.14521835200007	94.72247376000001	0.9651257121898257
v1.4.0	measured	pure_OWL2DL	zfa-n1	4	openllet	updates_only:extract_s	119.46176382099999	119.32861055499998	0.9988853900885013
v1.4.0	measured	pure_OWL2DL	zfa-n1	4	openllet	updates_only:update_inference_s	147.21537217399998	143.45882165199998	0.9744826204863989
v1.4.0	measured	pure_OWL2DL	zfa-n10	0	hermit	whole_process_history_wall_s	368.58339790068567	360.8742955829948	0.9790845101499442
v1.4.0	measured	pure_OWL2DL	zfa-n10	0	hermit	updates_only:parse_s	68.68598038800006	67.22335578999997	0.978705631196674
v1.4.0	measured	pure_OWL2DL	zfa-n10	0	hermit	updates_only:extract_s	24.415825330999994	23.314764575000016	0.9549038076299639
v1.4.0	measured	pure_OWL2DL	zfa-n10	0	hermit	updates_only:update_inference_s	232.496110285	234.29924115299994	1.007755531332501
v1.4.0	measured	pure_OWL2DL	zfa-n10	0	jfact	whole_process_history_wall_s	1433.510923910886	1245.372922681272	0.8687571904116793
v1.4.0	measured	pure_OWL2DL	zfa-n10	0	jfact	updates_only:parse_s	125.60193655099997	125.89250721199996	1.0023134250074401
v1.4.0	measured	pure_OWL2DL	zfa-n10	0	jfact	updates_only:extract_s	18.411897832	13.720571574999997	0.7452013746868371
v1.4.0	measured	pure_OWL2DL	zfa-n10	0	jfact	updates_only:update_inference_s	1239.4113729179999	1060.625852676001	0.855749653304313
v1.4.0	measured	pure_OWL2DL	zfa-n10	0	km	whole_process_history_wall_s	393.17378994077444	328.2414803225547	0.8348508693115053
v1.4.0	measured	pure_OWL2DL	zfa-n10	0	km	updates_only:canonicalize_s	73.94042604230344	71.58667160011828	0.9681668801740673
v1.4.0	measured	pure_OWL2DL	zfa-n10	0	km	updates_only:request_response_s	310.09073086455464	247.55692395754158	0.7983370649852564
v1.4.0	measured	pure_OWL2DL	zfa-n10	0	openllet	whole_process_history_wall_s	426.4153314996511	425.41793102398515	0.9976609647871755
v1.4.0	measured	pure_OWL2DL	zfa-n10	0	openllet	updates_only:parse_s	99.41740828800006	97.66128884799997	0.9823358959940615
v1.4.0	measured	pure_OWL2DL	zfa-n10	0	openllet	updates_only:extract_s	125.79937985099994	133.22778695200003	1.0590496321190017
v1.4.0	measured	pure_OWL2DL	zfa-n10	0	openllet	updates_only:update_inference_s	155.2169980179999	148.25492072499995	0.9551461670957416
v1.4.0	measured	pure_OWL2DL	zfa-n10	1	hermit	whole_process_history_wall_s	329.02712815254927	340.9991184864193	1.036386028109875
v1.4.0	measured	pure_OWL2DL	zfa-n10	1	hermit	updates_only:parse_s	66.96334585800001	65.43779789599998	0.9772181640201334
v1.4.0	measured	pure_OWL2DL	zfa-n10	1	hermit	updates_only:extract_s	22.970745430999997	22.874942374000014	0.9958293448818298
v1.4.0	measured	pure_OWL2DL	zfa-n10	1	hermit	updates_only:update_inference_s	201.8511054789999	218.38061744399994	1.0818896281284907
v1.4.0	measured	pure_OWL2DL	zfa-n10	1	jfact	whole_process_history_wall_s	1416.4759979080409	1297.5033410396427	0.9160079965745229
v1.4.0	measured	pure_OWL2DL	zfa-n10	1	jfact	updates_only:parse_s	125.73858656899996	127.27302657399994	1.0122034138196547
v1.4.0	measured	pure_OWL2DL	zfa-n10	1	jfact	updates_only:extract_s	18.09389155799999	12.976871562	0.7171962714821531
v1.4.0	measured	pure_OWL2DL	zfa-n10	1	jfact	updates_only:update_inference_s	1226.8183449770006	1110.9381971810008	0.9055441677486716
v1.4.0	measured	pure_OWL2DL	zfa-n10	1	km	whole_process_history_wall_s	389.01315699517727	324.2730816286057	0.833578699839774
v1.4.0	measured	pure_OWL2DL	zfa-n10	1	km	updates_only:canonicalize_s	72.92352475784719	71.1078889016062	0.975102192848329
v1.4.0	measured	pure_OWL2DL	zfa-n10	1	km	updates_only:request_response_s	306.9334279820323	244.17279228009284	0.795523621801098
v1.4.0	measured	pure_OWL2DL	zfa-n10	1	openllet	whole_process_history_wall_s	417.62560109235346	417.9144170805812	1.0006915667705052
v1.4.0	measured	pure_OWL2DL	zfa-n10	1	openllet	updates_only:parse_s	97.74280705099994	98.28455570000003	1.005542593520129
v1.4.0	measured	pure_OWL2DL	zfa-n10	1	openllet	updates_only:extract_s	126.784865208	123.34956727199999	0.972904510878612
v1.4.0	measured	pure_OWL2DL	zfa-n10	1	openllet	updates_only:update_inference_s	149.75058329200004	154.29500980399996	1.0303466364677771
v1.4.0	measured	pure_OWL2DL	zfa-n10	2	hermit	whole_process_history_wall_s	323.3470667321235	328.87570887617767	1.0170981669941492
v1.4.0	measured	pure_OWL2DL	zfa-n10	2	hermit	updates_only:parse_s	64.460640646	62.906546019000025	0.9758907976801746
v1.4.0	measured	pure_OWL2DL	zfa-n10	2	hermit	updates_only:extract_s	23.212599981999983	21.867322202999976	0.9420453641538133
v1.4.0	measured	pure_OWL2DL	zfa-n10	2	hermit	updates_only:update_inference_s	201.18625047599988	212.89951588700006	1.0582210035888984
v1.4.0	measured	pure_OWL2DL	zfa-n10	2	jfact	whole_process_history_wall_s	1409.444314751774	1638.2512816470116	1.1623384226680387
v1.4.0	measured	pure_OWL2DL	zfa-n10	2	jfact	updates_only:parse_s	126.39081637999999	125.51697620700003	0.9930862051687939
v1.4.0	measured	pure_OWL2DL	zfa-n10	2	jfact	updates_only:extract_s	18.27955733	15.384814397999993	0.8416404248887789
v1.4.0	measured	pure_OWL2DL	zfa-n10	2	jfact	updates_only:update_inference_s	1215.1923112129996	1443.3345225809999	1.187741651475946
v1.4.0	measured	pure_OWL2DL	zfa-n10	2	km	whole_process_history_wall_s	392.19499661028385	323.377046905458	0.8245312910679254
v1.4.0	measured	pure_OWL2DL	zfa-n10	2	km	updates_only:canonicalize_s	74.18855579011142	71.55203317292035	0.9644618689619714
v1.4.0	measured	pure_OWL2DL	zfa-n10	2	km	updates_only:request_response_s	308.9361939225346	242.65349278599024	0.7854485733932338
v1.4.0	measured	pure_OWL2DL	zfa-n10	2	openllet	whole_process_history_wall_s	419.42584840394557	422.5879531968385	1.0075391271303993
v1.4.0	measured	pure_OWL2DL	zfa-n10	2	openllet	updates_only:parse_s	97.420765011	97.34458678200002	0.9992180493656422
v1.4.0	measured	pure_OWL2DL	zfa-n10	2	openllet	updates_only:extract_s	126.09178838000004	123.48461168200008	0.9793231840748997
v1.4.0	measured	pure_OWL2DL	zfa-n10	2	openllet	updates_only:update_inference_s	156.017208617	154.84453992400006	0.992483722126585
v1.4.0	measured	pure_OWL2DL	zfa-n10	3	hermit	whole_process_history_wall_s	315.83885435573757	315.84651940874755	1.0000242688728898
v1.4.0	measured	pure_OWL2DL	zfa-n10	3	hermit	updates_only:parse_s	63.145862411000024	62.754235743999985	0.9937980628968048
v1.4.0	measured	pure_OWL2DL	zfa-n10	3	hermit	updates_only:extract_s	21.38815962600001	21.978316423999996	1.027592687183921
v1.4.0	measured	pure_OWL2DL	zfa-n10	3	hermit	updates_only:update_inference_s	198.011498173	199.66006848500015	1.0083256292044203
v1.4.0	measured	pure_OWL2DL	zfa-n10	3	jfact	whole_process_history_wall_s	1628.6381212845445	1588.8447029273957	0.9755664454631807
v1.4.0	measured	pure_OWL2DL	zfa-n10	3	jfact	updates_only:parse_s	131.249287219	130.38682997099997	0.9934288614721317
v1.4.0	measured	pure_OWL2DL	zfa-n10	3	jfact	updates_only:extract_s	19.509774646999993	15.043828261	0.7710918518125108
v1.4.0	measured	pure_OWL2DL	zfa-n10	3	jfact	updates_only:update_inference_s	1423.903305209	1391.3267696829998	0.9771216659117041
v1.4.0	measured	pure_OWL2DL	zfa-n10	3	km	whole_process_history_wall_s	395.7481598556042	324.61457980051637	0.820255436990428
v1.4.0	measured	pure_OWL2DL	zfa-n10	3	km	updates_only:canonicalize_s	73.57133552990854	71.30792099237442	0.969235103301693
v1.4.0	measured	pure_OWL2DL	zfa-n10	3	km	updates_only:request_response_s	313.07808458060026	244.12842407263815	0.7797684861898682
v1.4.0	measured	pure_OWL2DL	zfa-n10	3	openllet	whole_process_history_wall_s	411.737382683903	426.1030861977488	1.0348904523077385
v1.4.0	measured	pure_OWL2DL	zfa-n10	3	openllet	updates_only:parse_s	96.53527109600007	99.34103461799997	1.0290646464255504
v1.4.0	measured	pure_OWL2DL	zfa-n10	3	openllet	updates_only:extract_s	120.28683601699998	124.32740381599996	1.0335911055007625
v1.4.0	measured	pure_OWL2DL	zfa-n10	3	openllet	updates_only:update_inference_s	152.77188376400002	156.47150211700003	1.02421661801798
v1.4.0	measured	pure_OWL2DL	zfa-n10	4	hermit	whole_process_history_wall_s	328.69086613692343	336.28845008835196	1.0231146792751569
v1.4.0	measured	pure_OWL2DL	zfa-n10	4	hermit	updates_only:parse_s	64.32415446799999	64.78440790099998	1.007155219323232
v1.4.0	measured	pure_OWL2DL	zfa-n10	4	hermit	updates_only:extract_s	22.604472810000008	21.77500574999999	0.9633051800423734
v1.4.0	measured	pure_OWL2DL	zfa-n10	4	hermit	updates_only:update_inference_s	206.73556788799982	215.70276326599986	1.043375194068483
v1.4.0	measured	pure_OWL2DL	zfa-n10	4	jfact	whole_process_history_wall_s	1542.509283002466	1492.3449077475816	0.9674787206743805
v1.4.0	measured	pure_OWL2DL	zfa-n10	4	jfact	updates_only:parse_s	130.39455093600003	121.80052215200006	0.9340921171758314
v1.4.0	measured	pure_OWL2DL	zfa-n10	4	jfact	updates_only:extract_s	18.582156738000013	13.862714322999993	0.7460228927383393
v1.4.0	measured	pure_OWL2DL	zfa-n10	4	jfact	updates_only:update_inference_s	1340.0015527089997	1307.3519676140002	0.9756346662218459
v1.4.0	measured	pure_OWL2DL	zfa-n10	4	km	whole_process_history_wall_s	394.84467553161085	325.5048798881471	0.8243871579372166
v1.4.0	measured	pure_OWL2DL	zfa-n10	4	km	updates_only:canonicalize_s	74.05472129955888	71.05342696979642	0.9594719380872164
v1.4.0	measured	pure_OWL2DL	zfa-n10	4	km	updates_only:request_response_s	311.64520573429763	244.85763472877443	0.785693571482486
v1.4.0	measured	pure_OWL2DL	zfa-n10	4	openllet	whole_process_history_wall_s	413.9351119361818	425.6100097410381	1.028204656885102
v1.4.0	measured	pure_OWL2DL	zfa-n10	4	openllet	updates_only:parse_s	98.19512401799999	97.51655737899999	0.993089609634022
v1.4.0	measured	pure_OWL2DL	zfa-n10	4	openllet	updates_only:extract_s	124.00408670499995	125.42783608600003	1.0114814714484943
v1.4.0	measured	pure_OWL2DL	zfa-n10	4	openllet	updates_only:update_inference_s	151.45811655299997	156.19742529400003	1.031291216666765
v1.4.0	measured	pure_OWL2DL	zfa-n100	0	hermit	whole_process_history_wall_s	343.63998580910265	370.90769036486745	1.079349626591221
v1.4.0	measured	pure_OWL2DL	zfa-n100	0	hermit	updates_only:parse_s	66.21557203300003	67.350577009	1.0171410582307485
v1.4.0	measured	pure_OWL2DL	zfa-n100	0	hermit	updates_only:extract_s	21.80753113000001	22.10924939499998	1.0138355077060925
v1.4.0	measured	pure_OWL2DL	zfa-n100	0	hermit	updates_only:update_inference_s	219.78388937799986	244.58423946899987	1.1128397088666795
v1.4.0	measured	pure_OWL2DL	zfa-n100	0	jfact	whole_process_history_wall_s	1507.1078684907407	1517.4446395151317	1.0068586802846053
v1.4.0	measured	pure_OWL2DL	zfa-n100	0	jfact	updates_only:parse_s	122.21167561500002	126.80192651400004	1.037559839318958
v1.4.0	measured	pure_OWL2DL	zfa-n100	0	jfact	updates_only:extract_s	19.994827539	14.109761047000001	0.7056705550212349
v1.4.0	measured	pure_OWL2DL	zfa-n100	0	jfact	updates_only:update_inference_s	1313.2610996939995	1329.3681379200002	1.0122649168773474
v1.4.0	measured	pure_OWL2DL	zfa-n100	0	km	whole_process_history_wall_s	388.0210464708507	393.5403057318181	1.0142241234365157
v1.4.0	measured	pure_OWL2DL	zfa-n100	0	km	updates_only:canonicalize_s	75.68840605765581	71.57200821861625	0.9456138918303566
v1.4.0	measured	pure_OWL2DL	zfa-n100	0	km	updates_only:request_response_s	302.78070129826665	312.6382354963571	1.03255667932541
v1.4.0	measured	pure_OWL2DL	zfa-n100	0	openllet	whole_process_history_wall_s	402.84827061742544	403.46378903463483	1.0015279162456525
v1.4.0	measured	pure_OWL2DL	zfa-n100	0	openllet	updates_only:parse_s	96.37076718799996	93.92306233399995	0.9746011687421245
v1.4.0	measured	pure_OWL2DL	zfa-n100	0	openllet	updates_only:extract_s	117.24931218599997	118.21580695800006	1.0082430741296535
v1.4.0	measured	pure_OWL2DL	zfa-n100	0	openllet	updates_only:update_inference_s	143.83387021899986	148.450268326	1.0320953479175057
v1.4.0	measured	pure_OWL2DL	zfa-n100	1	hermit	whole_process_history_wall_s	350.3697700202465	350.69178102351725	1.000919060463613
v1.4.0	measured	pure_OWL2DL	zfa-n100	1	hermit	updates_only:parse_s	68.069643059	65.99300053	0.9694923840396805
v1.4.0	measured	pure_OWL2DL	zfa-n100	1	hermit	updates_only:extract_s	22.874102263999998	21.819726868000014	0.9539052775129281
v1.4.0	measured	pure_OWL2DL	zfa-n100	1	hermit	updates_only:update_inference_s	220.47221989000033	229.07967434399995	1.0390409932747724
v1.4.0	measured	pure_OWL2DL	zfa-n100	1	jfact	whole_process_history_wall_s	1308.2194359246641	1315.245679423213	1.0053708447570822
v1.4.0	measured	pure_OWL2DL	zfa-n100	1	jfact	updates_only:parse_s	126.01962593800005	124.6829040710001	0.9893927484941306
v1.4.0	measured	pure_OWL2DL	zfa-n100	1	jfact	updates_only:extract_s	17.30419636500001	13.411672011999993	0.7750531564197253
v1.4.0	measured	pure_OWL2DL	zfa-n100	1	jfact	updates_only:update_inference_s	1116.6415844870003	1130.1003653060006	1.0120529102676965
v1.4.0	measured	pure_OWL2DL	zfa-n100	1	km	whole_process_history_wall_s	393.84372366033494	387.20750213600695	0.9831501148154609
v1.4.0	measured	pure_OWL2DL	zfa-n100	1	km	updates_only:canonicalize_s	74.43088181689382	71.4920471701771	0.9605159232971807
v1.4.0	measured	pure_OWL2DL	zfa-n100	1	km	updates_only:request_response_s	310.142257982865	306.314886379987	0.9876593030960347
v1.4.0	measured	pure_OWL2DL	zfa-n100	1	openllet	whole_process_history_wall_s	400.53496115654707	404.5166940689087	1.009941037109131
v1.4.0	measured	pure_OWL2DL	zfa-n100	1	openllet	updates_only:parse_s	94.86707073799991	96.86986578100007	1.021111593595331
v1.4.0	measured	pure_OWL2DL	zfa-n100	1	openllet	updates_only:extract_s	117.25446652399992	118.642304925	1.0118361239630562
v1.4.0	measured	pure_OWL2DL	zfa-n100	1	openllet	updates_only:update_inference_s	143.59405767700005	145.61174930599987	1.0140513588211177
v1.4.0	measured	pure_OWL2DL	zfa-n100	2	hermit	whole_process_history_wall_s	374.240835191682	347.1994341276586	0.9277433178819915
v1.4.0	measured	pure_OWL2DL	zfa-n100	2	hermit	updates_only:parse_s	69.34213843599998	66.51332916099997	0.9592050470492645
v1.4.0	measured	pure_OWL2DL	zfa-n100	2	hermit	updates_only:extract_s	23.177235448000012	21.955651733000014	0.9472938125972479
v1.4.0	measured	pure_OWL2DL	zfa-n100	2	hermit	updates_only:update_inference_s	239.44234739500013	225.53820042100003	0.9419311282015503
v1.4.0	measured	pure_OWL2DL	zfa-n100	2	jfact	whole_process_history_wall_s	1457.799557087943	1524.3712912164629	1.0456659036592806
v1.4.0	measured	pure_OWL2DL	zfa-n100	2	jfact	updates_only:parse_s	124.92073088400004	126.14781573099994	1.0098229080018701
v1.4.0	measured	pure_OWL2DL	zfa-n100	2	jfact	updates_only:extract_s	18.830284423999995	14.711682732000002	0.7812777757753536
v1.4.0	measured	pure_OWL2DL	zfa-n100	2	jfact	updates_only:update_inference_s	1263.3085231039993	1334.0529879770006	1.0559993569102022
v1.4.0	measured	pure_OWL2DL	zfa-n100	2	km	whole_process_history_wall_s	357.16426340304315	352.2372745834291	0.986205258127815
v1.4.0	measured	pure_OWL2DL	zfa-n100	2	km	updates_only:canonicalize_s	73.66463705524802	70.71075034327805	0.9599008855530697
v1.4.0	measured	pure_OWL2DL	zfa-n100	2	km	updates_only:request_response_s	274.38853895291686	272.46033285558224	0.9929727163361386
v1.4.0	measured	pure_OWL2DL	zfa-n100	2	openllet	whole_process_history_wall_s	401.38213471509516	396.1816718187183	0.9870436114450679
v1.4.0	measured	pure_OWL2DL	zfa-n100	2	openllet	updates_only:parse_s	92.30490573799997	93.45126961799997	1.0124193169456654
v1.4.0	measured	pure_OWL2DL	zfa-n100	2	openllet	updates_only:extract_s	120.0282858219999	119.5551097359999	0.9960577951875301
v1.4.0	measured	pure_OWL2DL	zfa-n100	2	openllet	updates_only:update_inference_s	147.194830052	141.87186044799998	0.9638372516064624
v1.4.0	measured	pure_OWL2DL	zfa-n100	3	hermit	whole_process_history_wall_s	368.3946686759591	338.9562225434929	0.920089923564121
v1.4.0	measured	pure_OWL2DL	zfa-n100	3	hermit	updates_only:parse_s	69.36036742900001	65.13597193600003	0.9390949666273866
v1.4.0	measured	pure_OWL2DL	zfa-n100	3	hermit	updates_only:extract_s	23.37480554799999	22.676592505000016	0.9701296748087936
v1.4.0	measured	pure_OWL2DL	zfa-n100	3	hermit	updates_only:update_inference_s	234.80412126200002	217.12051155900005	0.9246878223092678
v1.4.0	measured	pure_OWL2DL	zfa-n100	3	jfact	whole_process_history_wall_s	1394.8754904847592	1425.8645403794944	1.0222163555859496
v1.4.0	measured	pure_OWL2DL	zfa-n100	3	jfact	updates_only:parse_s	131.56099428800002	125.381202082	0.9530271701012548
v1.4.0	measured	pure_OWL2DL	zfa-n100	3	jfact	updates_only:extract_s	17.970457961999994	13.943959485999994	0.7759379040581847
v1.4.0	measured	pure_OWL2DL	zfa-n100	3	jfact	updates_only:update_inference_s	1194.6638568029994	1237.321814156001	1.035707079535458
v1.4.0	measured	pure_OWL2DL	zfa-n100	3	km	whole_process_history_wall_s	353.78039387986064	348.7993554826826	0.9859205357805397
v1.4.0	measured	pure_OWL2DL	zfa-n100	3	km	updates_only:canonicalize_s	73.86030812002718	72.26851819083095	0.9784486421772098
v1.4.0	measured	pure_OWL2DL	zfa-n100	3	km	updates_only:request_response_s	271.0280274618417	267.35546629317105	0.9864495151919751
v1.4.0	measured	pure_OWL2DL	zfa-n100	3	openllet	whole_process_history_wall_s	386.8653724845499	387.0464000813663	1.0004679343505307
v1.4.0	measured	pure_OWL2DL	zfa-n100	3	openllet	updates_only:parse_s	92.30337813500003	91.80211657299992	0.9945694126030038
v1.4.0	measured	pure_OWL2DL	zfa-n100	3	openllet	updates_only:extract_s	113.64309921299997	118.89954881999991	1.0462540149239317
v1.4.0	measured	pure_OWL2DL	zfa-n100	3	openllet	updates_only:update_inference_s	140.52853768500003	137.58507681999995	0.9790543549837688
v1.4.0	measured	pure_OWL2DL	zfa-n100	4	hermit	whole_process_history_wall_s	336.1771749127656	331.4782926198095	0.9860226016410084
v1.4.0	measured	pure_OWL2DL	zfa-n100	4	hermit	updates_only:parse_s	65.97867479599998	63.79389446999995	0.966886568535134
v1.4.0	measured	pure_OWL2DL	zfa-n100	4	hermit	updates_only:extract_s	22.607160384	21.35027060099999	0.9444030226861415
v1.4.0	measured	pure_OWL2DL	zfa-n100	4	hermit	updates_only:update_inference_s	211.98018887599997	213.5984575600001	1.0076340562416743
v1.4.0	measured	pure_OWL2DL	zfa-n100	4	jfact	whole_process_history_wall_s	1457.7937666922808	1325.378948200494	0.9091676603939427
v1.4.0	measured	pure_OWL2DL	zfa-n100	4	jfact	updates_only:parse_s	123.81564179700005	121.33894704500001	0.9799969154457829
v1.4.0	measured	pure_OWL2DL	zfa-n100	4	jfact	updates_only:extract_s	18.34260739500002	13.320046020000007	0.7261806205169553
v1.4.0	measured	pure_OWL2DL	zfa-n100	4	jfact	updates_only:update_inference_s	1264.7539048530007	1145.0473816840008	0.9053519244260305
v1.4.0	measured	pure_OWL2DL	zfa-n100	4	km	whole_process_history_wall_s	406.1220485083759	358.81993243843317	0.8835273380411722
v1.4.0	measured	pure_OWL2DL	zfa-n100	4	km	updates_only:canonicalize_s	75.63367103040218	71.145940605551	0.9406649133420053
v1.4.0	measured	pure_OWL2DL	zfa-n100	4	km	updates_only:request_response_s	321.0894485525787	277.9243408590555	0.8655667201519552
v1.4.0	measured	pure_OWL2DL	zfa-n100	4	openllet	whole_process_history_wall_s	392.22407646104693	392.54553240165114	1.0008195721779873
v1.4.0	measured	pure_OWL2DL	zfa-n100	4	openllet	updates_only:parse_s	91.27204444999994	91.43587339599992	1.001794952079656
v1.4.0	measured	pure_OWL2DL	zfa-n100	4	openllet	updates_only:extract_s	118.18797798899999	118.94184415499997	1.0063785350999925
v1.4.0	measured	pure_OWL2DL	zfa-n100	4	openllet	updates_only:update_inference_s	141.83466094499997	142.89769999599997	1.0074949172784515
v1.4.1	measured	OWL2EL	hao-n1	0	km	whole_process_history_wall_s	259.97203156910837	202.64168551936746	0.7794749469636668
v1.4.1	measured	OWL2EL	hao-n1	0	km	updates_only:canonicalize_s	69.77314657717943	69.07086625136435	0.9899348050035517
v1.4.1	measured	OWL2EL	hao-n1	0	km	updates_only:request_response_s	182.42767384275794	125.98751433007419	0.6906162408158979
v1.4.1	measured	OWL2EL	hao-n1	1	km	whole_process_history_wall_s	271.6542473472655	203.73216954804957	0.7499686514660356
v1.4.1	measured	OWL2EL	hao-n1	1	km	updates_only:canonicalize_s	71.73700584098697	68.96775170974433	0.961397132501167
v1.4.1	measured	OWL2EL	hao-n1	1	km	updates_only:request_response_s	191.46240620315075	126.68158152326941	0.6616525094166748
v1.4.1	measured	OWL2EL	hao-n1	2	km	whole_process_history_wall_s	268.1962222531438	204.1192290056497	0.7610816710646527
v1.4.1	measured	OWL2EL	hao-n1	2	km	updates_only:canonicalize_s	70.46075223013759	69.28780797868967	0.9833532255287757
v1.4.1	measured	OWL2EL	hao-n1	2	km	updates_only:request_response_s	190.20678156800568	127.1779492944479	0.6686299418245362
v1.4.1	measured	OWL2EL	hao-n1	3	km	whole_process_history_wall_s	256.36658287607133	235.3020146097988	0.9178341887232033
v1.4.1	measured	OWL2EL	hao-n1	3	km	updates_only:canonicalize_s	70.2262194622308	70.1899669598788	0.9994837753957196
v1.4.1	measured	OWL2EL	hao-n1	3	km	updates_only:request_response_s	178.38201287947595	157.00722995959222	0.880174112990161
v1.4.1	measured	OWL2EL	hao-n1	4	km	whole_process_history_wall_s	277.5755258370191	199.78517536632717	0.7197506868225579
v1.4.1	measured	OWL2EL	hao-n1	4	km	updates_only:canonicalize_s	70.50729507952929	69.00306472554803	0.9786656068384902
v1.4.1	measured	OWL2EL	hao-n1	4	km	updates_only:request_response_s	199.0428966023028	123.11974841170013	0.618558866020219
v1.4.1	measured	OWL2EL	hao-n10	0	km	whole_process_history_wall_s	226.632498472929	181.5433400068432	0.8010472515199684
v1.4.1	measured	OWL2EL	hao-n10	0	km	updates_only:canonicalize_s	64.17050721868873	63.14881174825132	0.9840784261381083
v1.4.1	measured	OWL2EL	hao-n10	0	km	updates_only:request_response_s	155.10236708261073	111.15420390293002	0.7166505965942286
v1.4.1	measured	OWL2EL	hao-n10	1	km	whole_process_history_wall_s	228.03004726208746	180.58007640391588	0.791913515662106
v1.4.1	measured	OWL2EL	hao-n10	1	km	updates_only:canonicalize_s	64.82663301564753	63.00958023965359	0.9719705822828196
v1.4.1	measured	OWL2EL	hao-n10	1	km	updates_only:request_response_s	155.9625554382801	110.23726070299745	0.7068187642425635
v1.4.1	measured	OWL2EL	hao-n10	2	km	whole_process_history_wall_s	228.58221270516515	181.52870759926736	0.7941506272555452
v1.4.1	measured	OWL2EL	hao-n10	2	km	updates_only:canonicalize_s	64.76032632403076	63.37150996364653	0.9785545188046887
v1.4.1	measured	OWL2EL	hao-n10	2	km	updates_only:request_response_s	156.60327714681625	110.94365078955889	0.7084376062293303
v1.4.1	measured	OWL2EL	hao-n10	3	km	whole_process_history_wall_s	225.62034444510937	180.21767196245492	0.7987651663491704
v1.4.1	measured	OWL2EL	hao-n10	3	km	updates_only:canonicalize_s	64.03652070090175	62.62133185006678	0.9779002850975469
v1.4.1	measured	OWL2EL	hao-n10	3	km	updates_only:request_response_s	154.340903326869	110.16870826855302	0.7138011110070643
v1.4.1	measured	OWL2EL	hao-n10	4	km	whole_process_history_wall_s	225.67425802908838	180.92982374690473	0.8017300037985888
v1.4.1	measured	OWL2EL	hao-n10	4	km	updates_only:canonicalize_s	63.86036952584982	63.01220228895545	0.9867184101314815
v1.4.1	measured	OWL2EL	hao-n10	4	km	updates_only:request_response_s	154.8897553049028	110.76274809613824	0.7151069990271475
v1.4.1	measured	OWL2EL	hao-n100	0	km	whole_process_history_wall_s	269.1499839592725	204.53842846117914	0.7599421907902832
v1.4.1	measured	OWL2EL	hao-n100	0	km	updates_only:canonicalize_s	70.07227963581681	69.32235557213426	0.9892978497691227
v1.4.1	measured	OWL2EL	hao-n100	0	km	updates_only:request_response_s	191.26103855855763	127.36343478411436	0.6659141649757382
v1.4.1	measured	OWL2EL	hao-n100	1	km	whole_process_history_wall_s	268.98887844756246	253.26761117577553	0.94155421085615
v1.4.1	measured	OWL2EL	hao-n100	1	km	updates_only:canonicalize_s	71.93277750909328	71.53912724927068	0.9945275259283176
v1.4.1	measured	OWL2EL	hao-n100	1	km	updates_only:request_response_s	188.73799456097186	172.9379980508238	0.9162860845962637
v1.4.1	measured	OWL2EL	hao-n100	2	km	whole_process_history_wall_s	268.71069473959506	208.94040583632886	0.7775663936219993
v1.4.1	measured	OWL2EL	hao-n100	2	km	updates_only:canonicalize_s	70.87518865987659	70.5398880597204	0.9952691399275808
v1.4.1	measured	OWL2EL	hao-n100	2	km	updates_only:request_response_s	189.87628025002778	129.96985528431833	0.6844975850231262
v1.4.1	measured	OWL2EL	hao-n100	3	km	whole_process_history_wall_s	318.6805912721902	226.31088376790285	0.7101495665752895
v1.4.1	measured	OWL2EL	hao-n100	3	km	updates_only:canonicalize_s	72.94508942589164	70.21474552713335	0.9625698738565236
v1.4.1	measured	OWL2EL	hao-n100	3	km	updates_only:request_response_s	237.20571010746062	147.89513898082078	0.6234889493757139
v1.4.1	measured	OWL2EL	hao-n100	4	km	whole_process_history_wall_s	288.78530123643577	199.14192856289446	0.6895847112379586
v1.4.1	measured	OWL2EL	hao-n100	4	km	updates_only:canonicalize_s	71.35760758258402	68.98401494510472	0.9667366561479477
v1.4.1	measured	OWL2EL	hao-n100	4	km	updates_only:request_response_s	209.3398195784539	122.21082876622677	0.5837916026311757
v1.4.1	measured	OWL2EL	mmo-n1	0	km	whole_process_history_wall_s	20.065966702997684	17.92969263717532	0.8935374458932387
v1.4.1	measured	OWL2EL	mmo-n1	0	km	updates_only:canonicalize_s	8.426312839612365	8.406435206532478	0.9976410046175308
v1.4.1	measured	OWL2EL	mmo-n1	0	km	updates_only:request_response_s	8.051218813285232	5.48760100454092	0.6815863699401497
v1.4.1	measured	OWL2EL	mmo-n1	1	km	whole_process_history_wall_s	22.644668081775308	18.177749056369066	0.8027385957137844
v1.4.1	measured	OWL2EL	mmo-n1	1	km	updates_only:canonicalize_s	9.352956391870975	8.378022974357009	0.8957620054380538
v1.4.1	measured	OWL2EL	mmo-n1	1	km	updates_only:request_response_s	9.934722851961851	5.6613974422216415	0.5698596253345569
v1.4.1	measured	OWL2EL	mmo-n1	2	km	whole_process_history_wall_s	22.35542686097324	18.265580603852868	0.8170535377134678
v1.4.1	measured	OWL2EL	mmo-n1	2	km	updates_only:canonicalize_s	8.221827659755945	8.468052634969354	1.0299477178801286
v1.4.1	measured	OWL2EL	mmo-n1	2	km	updates_only:request_response_s	8.40496258251369	5.622388694435358	0.6689367905257061
v1.4.1	measured	OWL2EL	mmo-n1	3	km	whole_process_history_wall_s	19.991872357204556	19.48487058840692	0.9746396055487556
v1.4.1	measured	OWL2EL	mmo-n1	3	km	updates_only:canonicalize_s	8.277327246963978	8.546567007899284	1.0325273790563325
v1.4.1	measured	OWL2EL	mmo-n1	3	km	updates_only:request_response_s	8.051982073113322	4.470553757622838	0.555211588529318
v1.4.1	measured	OWL2EL	mmo-n1	4	km	whole_process_history_wall_s	21.233850818127394	21.463935932144523	1.0108357695449526
v1.4.1	measured	OWL2EL	mmo-n1	4	km	updates_only:canonicalize_s	8.553944138810039	9.915602184832096	1.1591848185966154
v1.4.1	measured	OWL2EL	mmo-n1	4	km	updates_only:request_response_s	6.982575610280037	6.304382426664233	0.9028734923231853
v1.4.1	measured	OWL2EL	mmo-n10	0	km	whole_process_history_wall_s	17.851761808618903	15.582900932058692	0.8729054924167319
v1.4.1	measured	OWL2EL	mmo-n10	0	km	updates_only:canonicalize_s	7.9341726917773485	7.5349789168685675	0.9496867801576226
v1.4.1	measured	OWL2EL	mmo-n10	0	km	updates_only:request_response_s	7.968093866482377	5.350476318970323	0.6714876115449633
v1.4.1	measured	OWL2EL	mmo-n10	1	km	whole_process_history_wall_s	17.86017470061779	15.701403707265854	0.8791293461828644
v1.4.1	measured	OWL2EL	mmo-n10	1	km	updates_only:canonicalize_s	7.866226904094219	7.616030242294073	0.9681935615574573
v1.4.1	measured	OWL2EL	mmo-n10	1	km	updates_only:request_response_s	7.973118927329779	5.399295838549733	0.6771874203509434
v1.4.1	measured	OWL2EL	mmo-n10	2	km	whole_process_history_wall_s	17.874398313462734	15.5341193433851	0.8690708951967927
v1.4.1	measured	OWL2EL	mmo-n10	2	km	updates_only:canonicalize_s	7.857246480882168	7.447200326249003	0.9478129958591898
v1.4.1	measured	OWL2EL	mmo-n10	2	km	updates_only:request_response_s	8.070058543235064	5.335126543417573	0.6611013432969308
v1.4.1	measured	OWL2EL	mmo-n10	3	km	whole_process_history_wall_s	17.98126882314682	15.57013713568449	0.8659087013727005
v1.4.1	measured	OWL2EL	mmo-n10	3	km	updates_only:canonicalize_s	7.899091137573123	7.558006905019283	0.9568198129869112
v1.4.1	measured	OWL2EL	mmo-n10	3	km	updates_only:request_response_s	8.096386395394802	5.460697613656521	0.6744610925143775
v1.4.1	measured	OWL2EL	mmo-n10	4	km	whole_process_history_wall_s	17.903044506907463	15.569062834605575	0.8696321359531125
v1.4.1	measured	OWL2EL	mmo-n10	4	km	updates_only:canonicalize_s	7.900199273601174	7.68934429064393	0.9733101690660103
v1.4.1	measured	OWL2EL	mmo-n10	4	km	updates_only:request_response_s	8.054568901658058	5.395935203880072	0.6699222850734198
v1.4.1	measured	OWL2EL	mmo-n100	0	km	whole_process_history_wall_s	17.824589289724827	15.409183980897069	0.8644902684955471
v1.4.1	measured	OWL2EL	mmo-n100	0	km	updates_only:canonicalize_s	7.8415338937193155	7.427996484562755	0.9472631994248237
v1.4.1	measured	OWL2EL	mmo-n100	0	km	updates_only:request_response_s	8.146093087270856	5.437026061117649	0.6674397165450497
v1.4.1	measured	OWL2EL	mmo-n100	1	km	whole_process_history_wall_s	18.11159187182784	15.511639265343547	0.8564481452053665
v1.4.1	measured	OWL2EL	mmo-n100	1	km	updates_only:canonicalize_s	7.974195366725326	7.548489063978195	0.9466145130424676
v1.4.1	measured	OWL2EL	mmo-n100	1	km	updates_only:request_response_s	8.162939114496112	5.4939729776233435	0.6730385833537458
v1.4.1	measured	OWL2EL	mmo-n100	2	km	whole_process_history_wall_s	17.92878899537027	15.565873984247446	0.8682055429547977
v1.4.1	measured	OWL2EL	mmo-n100	2	km	updates_only:canonicalize_s	7.865426536649466	7.40257347933948	0.9411534701705888
v1.4.1	measured	OWL2EL	mmo-n100	2	km	updates_only:request_response_s	7.994418615475297	5.492454459890723	0.6870361340921821
v1.4.1	measured	OWL2EL	mmo-n100	3	km	whole_process_history_wall_s	18.08525370620191	15.455721890553832	0.8546035428440607
v1.4.1	measured	OWL2EL	mmo-n100	3	km	updates_only:canonicalize_s	7.9832794442772865	7.425086563453078	0.9300797517210372
v1.4.1	measured	OWL2EL	mmo-n100	3	km	updates_only:request_response_s	8.11551059782505	5.369798332452774	0.6616710393911475
v1.4.1	measured	OWL2EL	mmo-n100	4	km	whole_process_history_wall_s	18.145742820575833	15.432790396735072	0.8504909691123536
v1.4.1	measured	OWL2EL	mmo-n100	4	km	updates_only:canonicalize_s	8.010862417519093	7.678958171978593	0.9585682254616367
v1.4.1	measured	OWL2EL	mmo-n100	4	km	updates_only:request_response_s	8.091440923511982	5.387789402157068	0.6658627867505421
v1.4.1	measured	pure_OWL2DL	zfa-n1	0	km	whole_process_history_wall_s	685.7933113761246	368.0540383178741	0.53668362203669
v1.4.1	measured	pure_OWL2DL	zfa-n1	0	km	updates_only:canonicalize_s	73.69866262935102	71.79870698973536	0.9742199441369648
v1.4.1	measured	pure_OWL2DL	zfa-n1	0	km	updates_only:request_response_s	602.7579002548009	286.90350797586143	0.4759846496488559
v1.4.1	measured	pure_OWL2DL	zfa-n1	1	km	whole_process_history_wall_s	685.6635937076062	365.4662036076188	0.5330109502116397
v1.4.1	measured	pure_OWL2DL	zfa-n1	1	km	updates_only:canonicalize_s	74.39048441313207	71.70084915310144	0.9638443642187678
v1.4.1	measured	pure_OWL2DL	zfa-n1	1	km	updates_only:request_response_s	601.9462317544967	284.52862427197397	0.47268112874908524
v1.4.1	measured	pure_OWL2DL	zfa-n1	2	km	whole_process_history_wall_s	672.4827618598938	354.2414773516357	0.5267666287413907
v1.4.1	measured	pure_OWL2DL	zfa-n1	2	km	updates_only:canonicalize_s	74.41839986853302	70.20849203504622	0.9434292078179054
v1.4.1	measured	pure_OWL2DL	zfa-n1	2	km	updates_only:request_response_s	589.1087243407965	275.1685303337872	0.46709294730220896
v1.4.1	measured	pure_OWL2DL	zfa-n1	3	km	whole_process_history_wall_s	673.2282041776925	355.8854714855552	0.528625314978073
v1.4.1	measured	pure_OWL2DL	zfa-n1	3	km	updates_only:canonicalize_s	74.09389961138368	70.71805423498154	0.954438281773423
v1.4.1	measured	pure_OWL2DL	zfa-n1	3	km	updates_only:request_response_s	590.0142779555172	276.24432986974716	0.468199398202655
v1.4.1	measured	pure_OWL2DL	zfa-n1	4	km	whole_process_history_wall_s	673.3908230103552	353.6767689008266	0.5252176846125327
v1.4.1	measured	pure_OWL2DL	zfa-n1	4	km	updates_only:canonicalize_s	73.47080759890378	71.44266319461167	0.9723952346438837
v1.4.1	measured	pure_OWL2DL	zfa-n1	4	km	updates_only:request_response_s	590.5880139973015	273.102723935619	0.46242510424003774
v1.4.1	measured	pure_OWL2DL	zfa-n10	0	km	whole_process_history_wall_s	372.9353259000927	306.79490507021546	0.8226490862182471
v1.4.1	measured	pure_OWL2DL	zfa-n10	0	km	updates_only:canonicalize_s	67.21136727184057	65.07331432588398	0.9681891169196262
v1.4.1	measured	pure_OWL2DL	zfa-n10	0	km	updates_only:request_response_s	297.155611647293	233.2772493697703	0.785033969496956
v1.4.1	measured	pure_OWL2DL	zfa-n10	1	km	whole_process_history_wall_s	373.5402690060437	308.2459467034787	0.8252013833038478
v1.4.1	measured	pure_OWL2DL	zfa-n10	1	km	updates_only:canonicalize_s	67.23745942860842	65.20217717811465	0.9697299352505311
v1.4.1	measured	pure_OWL2DL	zfa-n10	1	km	updates_only:request_response_s	297.6008075028658	234.57137412019074	0.7882081237898922
v1.4.1	measured	pure_OWL2DL	zfa-n10	2	km	whole_process_history_wall_s	372.7818271704018	294.1680708155036	0.78911591009783
v1.4.1	measured	pure_OWL2DL	zfa-n10	2	km	updates_only:canonicalize_s	67.05015164241195	64.00638806819916	0.9546046727761986
v1.4.1	measured	pure_OWL2DL	zfa-n10	2	km	updates_only:request_response_s	297.2781436815858	221.93896627426147	0.7465700758410951
v1.4.1	measured	pure_OWL2DL	zfa-n10	3	km	whole_process_history_wall_s	360.8639822732657	295.72037037461996	0.8194787645797371
v1.4.1	measured	pure_OWL2DL	zfa-n10	3	km	updates_only:canonicalize_s	66.0225284807384	64.09550042077899	0.9708125680081822
v1.4.1	measured	pure_OWL2DL	zfa-n10	3	km	updates_only:request_response_s	286.5360391288996	223.1506909392774	0.7787875187277647
v1.4.1	measured	pure_OWL2DL	zfa-n10	4	km	whole_process_history_wall_s	357.9711014870554	283.76045255176723	0.7926909501157827
v1.4.1	measured	pure_OWL2DL	zfa-n10	4	km	updates_only:canonicalize_s	65.47598855569959	62.87980560027063	0.9603490834930973
v1.4.1	measured	pure_OWL2DL	zfa-n10	4	km	updates_only:request_response_s	283.8685463964939	212.25729903392494	0.7477309540925826
v1.4.1	measured	pure_OWL2DL	zfa-n100	0	km	whole_process_history_wall_s	314.6895870156586	307.4430615156889	0.9769724649338043
v1.4.1	measured	pure_OWL2DL	zfa-n100	0	km	updates_only:canonicalize_s	67.28426108323038	64.10946320556104	0.9528151483488521
v1.4.1	measured	pure_OWL2DL	zfa-n100	0	km	updates_only:request_response_s	239.3041168730706	235.22496109455824	0.9829540927593987
v1.4.1	measured	pure_OWL2DL	zfa-n100	1	km	whole_process_history_wall_s	314.52266296185553	310.9376346003264	0.9886016850812309
v1.4.1	measured	pure_OWL2DL	zfa-n100	1	km	updates_only:canonicalize_s	67.06835675053298	64.17785312607884	0.9569021254657298
v1.4.1	measured	pure_OWL2DL	zfa-n100	1	km	updates_only:request_response_s	239.095137283206	238.56621574610472	0.9977878197645034
v1.4.1	measured	pure_OWL2DL	zfa-n100	2	km	whole_process_history_wall_s	313.9688338674605	305.71344985067844	0.9737063583187783
v1.4.1	measured	pure_OWL2DL	zfa-n100	2	km	updates_only:canonicalize_s	66.3097277674824	63.647792898118496	0.9598560428614926
v1.4.1	measured	pure_OWL2DL	zfa-n100	2	km	updates_only:request_response_s	239.35076479800045	234.01474988088012	0.9777062967748457
v1.4.1	measured	pure_OWL2DL	zfa-n100	3	km	whole_process_history_wall_s	306.5873824376613	296.25966483540833	0.9663139509521306
v1.4.1	measured	pure_OWL2DL	zfa-n100	3	km	updates_only:canonicalize_s	65.67699765600264	63.741356648504734	0.9705278700826697
v1.4.1	measured	pure_OWL2DL	zfa-n100	3	km	updates_only:request_response_s	232.62413914687932	224.4041999131441	0.9646642895106208
v1.4.1	measured	pure_OWL2DL	zfa-n100	4	km	whole_process_history_wall_s	304.23822111822665	294.66066459193826	0.9685195486251329
v1.4.1	measured	pure_OWL2DL	zfa-n100	4	km	updates_only:canonicalize_s	64.76684669032693	62.598024282604456	0.9665133858053585
v1.4.1	measured	pure_OWL2DL	zfa-n100	4	km	updates_only:request_response_s	231.0305817183107	223.8238519076258	0.9688061651531835
