source	final_km	task_id	ontology	query_id	query_hash	input_sha256	track	repetition	warmup	limit	arm	mechanism	execution	extraction_terminal	task_terminal	semantic_status	raw_audit_status	raw_support_count	distinct_logical_supports	logical_support_family_sha256	duplicate_occurrences	enumeration	performance_eligible	wall_s	first_internal_s	extraction_internal_s	peak_tree_rss_bytes	driver_manifest_sha256	binding_issues	output_path
EARLY-REVIEW-baseline	False	0000	mmo	q000	000d25e56e57c9f985e8c2793f62b2510b08e924bd56fa5873a500e4c2922dc9	84ef10f04156f93de25c464f29243f8edc140be9f954eeebb691d1d2bb8027dc	module	0	True	1	km-native	native	ok	True	True	verified	correct	1	1	99f09491838342f11d5b9f24215e451ab5449ee4dfeacaf4a5e37ac30959da40	0	bounded_or_unfinished	True	0.08455021306872368			1310720	48d87bd8bdbbc5f5e1db6ae50f09a2d0f703baa50ad85fcb9fa50ede68ab13ac	[]	/ibex/user/hohndor/km/dynamic-benchmark-20260917/justification-early-case-review-v1/baseline/results/0000/1/km-native
EARLY-REVIEW-baseline	False	0000	mmo	q000	000d25e56e57c9f985e8c2793f62b2510b08e924bd56fa5873a500e4c2922dc9	84ef10f04156f93de25c464f29243f8edc140be9f954eeebb691d1d2bb8027dc	module	0	True	1	km-common	common	ok	True	True	verified	correct	1	1	99f09491838342f11d5b9f24215e451ab5449ee4dfeacaf4a5e37ac30959da40	0	bounded_or_unfinished	True	2.635735709220171	0.549797645	0.550182579	132157440	48d87bd8bdbbc5f5e1db6ae50f09a2d0f703baa50ad85fcb9fa50ede68ab13ac	[]	/ibex/user/hohndor/km/dynamic-benchmark-20260917/justification-early-case-review-v1/baseline/results/0000/1/km-common
EARLY-REVIEW-baseline	False	0000	mmo	q000	000d25e56e57c9f985e8c2793f62b2510b08e924bd56fa5873a500e4c2922dc9	84ef10f04156f93de25c464f29243f8edc140be9f954eeebb691d1d2bb8027dc	module	0	True	1	hermit-common	common	ok	True	True	verified	correct	1	1	99f09491838342f11d5b9f24215e451ab5449ee4dfeacaf4a5e37ac30959da40	0	bounded_or_unfinished	True	2.489849381148815	0.292008798	0.293224095	125505536	48d87bd8bdbbc5f5e1db6ae50f09a2d0f703baa50ad85fcb9fa50ede68ab13ac	[]	/ibex/user/hohndor/km/dynamic-benchmark-20260917/justification-early-case-review-v1/baseline/results/0000/1/hermit-common
EARLY-REVIEW-baseline	False	0000	mmo	q000	000d25e56e57c9f985e8c2793f62b2510b08e924bd56fa5873a500e4c2922dc9	84ef10f04156f93de25c464f29243f8edc140be9f954eeebb691d1d2bb8027dc	module	0	True	1	jfact-common	common	ok	True	True	verified	correct	1	1	99f09491838342f11d5b9f24215e451ab5449ee4dfeacaf4a5e37ac30959da40	0	bounded_or_unfinished	True	4.102142184972763	0.682993357	0.683345902	171008000	48d87bd8bdbbc5f5e1db6ae50f09a2d0f703baa50ad85fcb9fa50ede68ab13ac	[]	/ibex/user/hohndor/km/dynamic-benchmark-20260917/justification-early-case-review-v1/baseline/results/0000/1/jfact-common
EARLY-REVIEW-baseline	False	0000	mmo	q000	000d25e56e57c9f985e8c2793f62b2510b08e924bd56fa5873a500e4c2922dc9	84ef10f04156f93de25c464f29243f8edc140be9f954eeebb691d1d2bb8027dc	module	0	True	1	openllet-common	common	ok	True	True	verified	correct	1	1	99f09491838342f11d5b9f24215e451ab5449ee4dfeacaf4a5e37ac30959da40	0	bounded_or_unfinished	True	2.6990273408591747	0.493553007	0.493913702	127700992	48d87bd8bdbbc5f5e1db6ae50f09a2d0f703baa50ad85fcb9fa50ede68ab13ac	[]	/ibex/user/hohndor/km/dynamic-benchmark-20260917/justification-early-case-review-v1/baseline/results/0000/1/openllet-common
EARLY-REVIEW-baseline	False	0000	mmo	q000	000d25e56e57c9f985e8c2793f62b2510b08e924bd56fa5873a500e4c2922dc9	84ef10f04156f93de25c464f29243f8edc140be9f954eeebb691d1d2bb8027dc	module	0	True	1	hermit-library	library	ok	True	True	verified	correct	1	1	99f09491838342f11d5b9f24215e451ab5449ee4dfeacaf4a5e37ac30959da40	0	unknown	True	2.609803654253483	0.433403242	0.433705428	125272064	48d87bd8bdbbc5f5e1db6ae50f09a2d0f703baa50ad85fcb9fa50ede68ab13ac	[]	/ibex/user/hohndor/km/dynamic-benchmark-20260917/justification-early-case-review-v1/baseline/results/0000/1/hermit-library
EARLY-REVIEW-baseline	False	0000	mmo	q000	000d25e56e57c9f985e8c2793f62b2510b08e924bd56fa5873a500e4c2922dc9	84ef10f04156f93de25c464f29243f8edc140be9f954eeebb691d1d2bb8027dc	module	0	True	1	jfact-library	library	ok	True	True	verified	correct	1	1	99f09491838342f11d5b9f24215e451ab5449ee4dfeacaf4a5e37ac30959da40	0	unknown	True	3.716961285099387	0.397097773	0.397411355	159707136	48d87bd8bdbbc5f5e1db6ae50f09a2d0f703baa50ad85fcb9fa50ede68ab13ac	[]	/ibex/user/hohndor/km/dynamic-benchmark-20260917/justification-early-case-review-v1/baseline/results/0000/1/jfact-library
EARLY-REVIEW-baseline	False	0000	mmo	q000	000d25e56e57c9f985e8c2793f62b2510b08e924bd56fa5873a500e4c2922dc9	84ef10f04156f93de25c464f29243f8edc140be9f954eeebb691d1d2bb8027dc	module	0	True	1	openllet-library	library	ok	True	True	verified	correct	1	1	99f09491838342f11d5b9f24215e451ab5449ee4dfeacaf4a5e37ac30959da40	0	unknown	True	2.748685134574771	0.523331479	0.523587997	126672896	48d87bd8bdbbc5f5e1db6ae50f09a2d0f703baa50ad85fcb9fa50ede68ab13ac	[]	/ibex/user/hohndor/km/dynamic-benchmark-20260917/justification-early-case-review-v1/baseline/results/0000/1/openllet-library
EARLY-REVIEW-baseline	False	0000	mmo	q000	000d25e56e57c9f985e8c2793f62b2510b08e924bd56fa5873a500e4c2922dc9	84ef10f04156f93de25c464f29243f8edc140be9f954eeebb691d1d2bb8027dc	module	0	True	1	konclude-common	common	ok	True	True	verified	correct	1	1	99f09491838342f11d5b9f24215e451ab5449ee4dfeacaf4a5e37ac30959da40	0	bounded_or_unfinished	True	3.2175472360104322	1.140390246	1.140834556	161738752	48d87bd8bdbbc5f5e1db6ae50f09a2d0f703baa50ad85fcb9fa50ede68ab13ac	[]	/ibex/user/hohndor/km/dynamic-benchmark-20260917/justification-early-case-review-v1/baseline/results/0000/1/konclude-common
EARLY-REVIEW-baseline	False	0000	mmo	q000	000d25e56e57c9f985e8c2793f62b2510b08e924bd56fa5873a500e4c2922dc9	84ef10f04156f93de25c464f29243f8edc140be9f954eeebb691d1d2bb8027dc	module	0	True	1	elk-common	common	ok	True	True	verified	correct	1	1	99f09491838342f11d5b9f24215e451ab5449ee4dfeacaf4a5e37ac30959da40	0	bounded_or_unfinished	True	2.89917129650712	0.822592613	0.823440148	138838016	48d87bd8bdbbc5f5e1db6ae50f09a2d0f703baa50ad85fcb9fa50ede68ab13ac	[]	/ibex/user/hohndor/km/dynamic-benchmark-20260917/justification-early-case-review-v1/baseline/results/0000/1/elk-common
EARLY-REVIEW-baseline	False	0000	mmo	q000	000d25e56e57c9f985e8c2793f62b2510b08e924bd56fa5873a500e4c2922dc9	84ef10f04156f93de25c464f29243f8edc140be9f954eeebb691d1d2bb8027dc	module	0	True	1	whelk-common	common	ok	True	True	verified	correct	1	1	99f09491838342f11d5b9f24215e451ab5449ee4dfeacaf4a5e37ac30959da40	0	bounded_or_unfinished	True	2.54144749045372	0.759310821	0.759693627	132096000	48d87bd8bdbbc5f5e1db6ae50f09a2d0f703baa50ad85fcb9fa50ede68ab13ac	[]	/ibex/user/hohndor/km/dynamic-benchmark-20260917/justification-early-case-review-v1/baseline/results/0000/1/whelk-common
EARLY-REVIEW-baseline	False	0000	mmo	q000	000d25e56e57c9f985e8c2793f62b2510b08e924bd56fa5873a500e4c2922dc9	84ef10f04156f93de25c464f29243f8edc140be9f954eeebb691d1d2bb8027dc	module	0	True	10	km-native	native	ok	True	True	verified	correct	1	1	99f09491838342f11d5b9f24215e451ab5449ee4dfeacaf4a5e37ac30959da40	0	complete	True	0.08527342788875103			1310720	48d87bd8bdbbc5f5e1db6ae50f09a2d0f703baa50ad85fcb9fa50ede68ab13ac	[]	/ibex/user/hohndor/km/dynamic-benchmark-20260917/justification-early-case-review-v1/baseline/results/0000/10/km-native
EARLY-REVIEW-baseline	False	0000	mmo	q000	000d25e56e57c9f985e8c2793f62b2510b08e924bd56fa5873a500e4c2922dc9	84ef10f04156f93de25c464f29243f8edc140be9f954eeebb691d1d2bb8027dc	module	0	True	10	km-common	common	ok	True	True	verified	correct	1	1	99f09491838342f11d5b9f24215e451ab5449ee4dfeacaf4a5e37ac30959da40	0	complete	True	2.723166771233082	0.579098066	0.647564761	135143424	48d87bd8bdbbc5f5e1db6ae50f09a2d0f703baa50ad85fcb9fa50ede68ab13ac	[]	/ibex/user/hohndor/km/dynamic-benchmark-20260917/justification-early-case-review-v1/baseline/results/0000/10/km-common
EARLY-REVIEW-baseline	False	0000	mmo	q000	000d25e56e57c9f985e8c2793f62b2510b08e924bd56fa5873a500e4c2922dc9	84ef10f04156f93de25c464f29243f8edc140be9f954eeebb691d1d2bb8027dc	module	0	True	10	hermit-common	common	ok	True	True	verified	correct	1	1	99f09491838342f11d5b9f24215e451ab5449ee4dfeacaf4a5e37ac30959da40	0	complete	True	2.4311777874827385	0.267326068	0.317150314	122466304	48d87bd8bdbbc5f5e1db6ae50f09a2d0f703baa50ad85fcb9fa50ede68ab13ac	[]	/ibex/user/hohndor/km/dynamic-benchmark-20260917/justification-early-case-review-v1/baseline/results/0000/10/hermit-common
EARLY-REVIEW-baseline	False	0000	mmo	q000	000d25e56e57c9f985e8c2793f62b2510b08e924bd56fa5873a500e4c2922dc9	84ef10f04156f93de25c464f29243f8edc140be9f954eeebb691d1d2bb8027dc	module	0	True	10	jfact-common	common	ok	True	True	verified	correct	1	1	99f09491838342f11d5b9f24215e451ab5449ee4dfeacaf4a5e37ac30959da40	0	complete	True	4.277261720970273	0.765577805	0.89419379	176091136	48d87bd8bdbbc5f5e1db6ae50f09a2d0f703baa50ad85fcb9fa50ede68ab13ac	[]	/ibex/user/hohndor/km/dynamic-benchmark-20260917/justification-early-case-review-v1/baseline/results/0000/10/jfact-common
EARLY-REVIEW-baseline	False	0000	mmo	q000	000d25e56e57c9f985e8c2793f62b2510b08e924bd56fa5873a500e4c2922dc9	84ef10f04156f93de25c464f29243f8edc140be9f954eeebb691d1d2bb8027dc	module	0	True	10	openllet-common	common	ok	True	True	verified	correct	1	1	99f09491838342f11d5b9f24215e451ab5449ee4dfeacaf4a5e37ac30959da40	0	complete	True	2.79702084697783	0.423232592	0.452571602	123170816	48d87bd8bdbbc5f5e1db6ae50f09a2d0f703baa50ad85fcb9fa50ede68ab13ac	[]	/ibex/user/hohndor/km/dynamic-benchmark-20260917/justification-early-case-review-v1/baseline/results/0000/10/openllet-common
EARLY-REVIEW-baseline	False	0000	mmo	q000	000d25e56e57c9f985e8c2793f62b2510b08e924bd56fa5873a500e4c2922dc9	84ef10f04156f93de25c464f29243f8edc140be9f954eeebb691d1d2bb8027dc	module	0	True	10	hermit-library	library	ok	True	True	verified	correct	1	1	99f09491838342f11d5b9f24215e451ab5449ee4dfeacaf4a5e37ac30959da40	0	unknown	True	2.597536649554968	0.390099296	0.586162731	129822720	48d87bd8bdbbc5f5e1db6ae50f09a2d0f703baa50ad85fcb9fa50ede68ab13ac	[]	/ibex/user/hohndor/km/dynamic-benchmark-20260917/justification-early-case-review-v1/baseline/results/0000/10/hermit-library
EARLY-REVIEW-baseline	False	0000	mmo	q000	000d25e56e57c9f985e8c2793f62b2510b08e924bd56fa5873a500e4c2922dc9	84ef10f04156f93de25c464f29243f8edc140be9f954eeebb691d1d2bb8027dc	module	0	True	10	jfact-library	library	ok	True	True	verified	correct	1	1	99f09491838342f11d5b9f24215e451ab5449ee4dfeacaf4a5e37ac30959da40	0	unknown	True	3.7456398382782936	0.430592618	0.493165708	160014336	48d87bd8bdbbc5f5e1db6ae50f09a2d0f703baa50ad85fcb9fa50ede68ab13ac	[]	/ibex/user/hohndor/km/dynamic-benchmark-20260917/justification-early-case-review-v1/baseline/results/0000/10/jfact-library
EARLY-REVIEW-baseline	False	0000	mmo	q000	000d25e56e57c9f985e8c2793f62b2510b08e924bd56fa5873a500e4c2922dc9	84ef10f04156f93de25c464f29243f8edc140be9f954eeebb691d1d2bb8027dc	module	0	True	10	openllet-library	library	ok	True	True	verified	correct	1	1	99f09491838342f11d5b9f24215e451ab5449ee4dfeacaf4a5e37ac30959da40	0	unknown	True	2.836952481418848	0.448891535	0.505830184	127295488	48d87bd8bdbbc5f5e1db6ae50f09a2d0f703baa50ad85fcb9fa50ede68ab13ac	[]	/ibex/user/hohndor/km/dynamic-benchmark-20260917/justification-early-case-review-v1/baseline/results/0000/10/openllet-library
EARLY-REVIEW-baseline	False	0000	mmo	q000	000d25e56e57c9f985e8c2793f62b2510b08e924bd56fa5873a500e4c2922dc9	84ef10f04156f93de25c464f29243f8edc140be9f954eeebb691d1d2bb8027dc	module	0	True	10	konclude-common	common	ok	True	True	verified	correct	1	1	99f09491838342f11d5b9f24215e451ab5449ee4dfeacaf4a5e37ac30959da40	0	complete	True	3.5447676200419664	1.131859103	1.513394873	144785408	48d87bd8bdbbc5f5e1db6ae50f09a2d0f703baa50ad85fcb9fa50ede68ab13ac	[]	/ibex/user/hohndor/km/dynamic-benchmark-20260917/justification-early-case-review-v1/baseline/results/0000/10/konclude-common
EARLY-REVIEW-baseline	False	0000	mmo	q000	000d25e56e57c9f985e8c2793f62b2510b08e924bd56fa5873a500e4c2922dc9	84ef10f04156f93de25c464f29243f8edc140be9f954eeebb691d1d2bb8027dc	module	0	True	10	elk-common	common	ok	True	True	verified	correct	1	1	99f09491838342f11d5b9f24215e451ab5449ee4dfeacaf4a5e37ac30959da40	0	complete	True	2.9598545730113983	0.827228545	0.890832139	133287936	48d87bd8bdbbc5f5e1db6ae50f09a2d0f703baa50ad85fcb9fa50ede68ab13ac	[]	/ibex/user/hohndor/km/dynamic-benchmark-20260917/justification-early-case-review-v1/baseline/results/0000/10/elk-common
EARLY-REVIEW-baseline	False	0000	mmo	q000	000d25e56e57c9f985e8c2793f62b2510b08e924bd56fa5873a500e4c2922dc9	84ef10f04156f93de25c464f29243f8edc140be9f954eeebb691d1d2bb8027dc	module	0	True	10	whelk-common	common	ok	True	True	verified	correct	1	1	99f09491838342f11d5b9f24215e451ab5449ee4dfeacaf4a5e37ac30959da40	0	complete	True	2.508293339982629	0.758779256	0.803776155	131661824	48d87bd8bdbbc5f5e1db6ae50f09a2d0f703baa50ad85fcb9fa50ede68ab13ac	[]	/ibex/user/hohndor/km/dynamic-benchmark-20260917/justification-early-case-review-v1/baseline/results/0000/10/whelk-common
EARLY-REVIEW-baseline	False	0000	mmo	q000	000d25e56e57c9f985e8c2793f62b2510b08e924bd56fa5873a500e4c2922dc9	84ef10f04156f93de25c464f29243f8edc140be9f954eeebb691d1d2bb8027dc	module	0	True	100	km-native	native	ok	True	True	verified	correct	1	1	99f09491838342f11d5b9f24215e451ab5449ee4dfeacaf4a5e37ac30959da40	0	complete	True	0.08478480204939842			1310720	48d87bd8bdbbc5f5e1db6ae50f09a2d0f703baa50ad85fcb9fa50ede68ab13ac	[]	/ibex/user/hohndor/km/dynamic-benchmark-20260917/justification-early-case-review-v1/baseline/results/0000/100/km-native
EARLY-REVIEW-baseline	False	0000	mmo	q000	000d25e56e57c9f985e8c2793f62b2510b08e924bd56fa5873a500e4c2922dc9	84ef10f04156f93de25c464f29243f8edc140be9f954eeebb691d1d2bb8027dc	module	0	True	100	km-common	common	ok	True	True	verified	correct	1	1	99f09491838342f11d5b9f24215e451ab5449ee4dfeacaf4a5e37ac30959da40	0	complete	True	2.631399482488632	0.550888577	0.621127059	135135232	48d87bd8bdbbc5f5e1db6ae50f09a2d0f703baa50ad85fcb9fa50ede68ab13ac	[]	/ibex/user/hohndor/km/dynamic-benchmark-20260917/justification-early-case-review-v1/baseline/results/0000/100/km-common
EARLY-REVIEW-baseline	False	0000	mmo	q000	000d25e56e57c9f985e8c2793f62b2510b08e924bd56fa5873a500e4c2922dc9	84ef10f04156f93de25c464f29243f8edc140be9f954eeebb691d1d2bb8027dc	module	0	True	100	hermit-common	common	ok	True	True	verified	correct	1	1	99f09491838342f11d5b9f24215e451ab5449ee4dfeacaf4a5e37ac30959da40	0	complete	True	2.4676938727498055	0.292621697	0.353010162	122540032	48d87bd8bdbbc5f5e1db6ae50f09a2d0f703baa50ad85fcb9fa50ede68ab13ac	[]	/ibex/user/hohndor/km/dynamic-benchmark-20260917/justification-early-case-review-v1/baseline/results/0000/100/hermit-common
EARLY-REVIEW-baseline	False	0000	mmo	q000	000d25e56e57c9f985e8c2793f62b2510b08e924bd56fa5873a500e4c2922dc9	84ef10f04156f93de25c464f29243f8edc140be9f954eeebb691d1d2bb8027dc	module	0	True	100	jfact-common	common	ok	True	True	verified	correct	1	1	99f09491838342f11d5b9f24215e451ab5449ee4dfeacaf4a5e37ac30959da40	0	complete	True	4.136155612766743	0.685612524	0.816190946	174837760	48d87bd8bdbbc5f5e1db6ae50f09a2d0f703baa50ad85fcb9fa50ede68ab13ac	[]	/ibex/user/hohndor/km/dynamic-benchmark-20260917/justification-early-case-review-v1/baseline/results/0000/100/jfact-common
EARLY-REVIEW-baseline	False	0000	mmo	q000	000d25e56e57c9f985e8c2793f62b2510b08e924bd56fa5873a500e4c2922dc9	84ef10f04156f93de25c464f29243f8edc140be9f954eeebb691d1d2bb8027dc	module	0	True	100	openllet-common	common	ok	True	True	verified	correct	1	1	99f09491838342f11d5b9f24215e451ab5449ee4dfeacaf4a5e37ac30959da40	0	complete	True	2.7815992534160614	0.498044576	0.519559919	124203008	48d87bd8bdbbc5f5e1db6ae50f09a2d0f703baa50ad85fcb9fa50ede68ab13ac	[]	/ibex/user/hohndor/km/dynamic-benchmark-20260917/justification-early-case-review-v1/baseline/results/0000/100/openllet-common
EARLY-REVIEW-baseline	False	0000	mmo	q000	000d25e56e57c9f985e8c2793f62b2510b08e924bd56fa5873a500e4c2922dc9	84ef10f04156f93de25c464f29243f8edc140be9f954eeebb691d1d2bb8027dc	module	0	True	100	hermit-library	library	ok	True	True	verified	correct	1	1	99f09491838342f11d5b9f24215e451ab5449ee4dfeacaf4a5e37ac30959da40	0	unknown	True	2.7061553597450256	0.381496409	0.552040701	133066752	48d87bd8bdbbc5f5e1db6ae50f09a2d0f703baa50ad85fcb9fa50ede68ab13ac	[]	/ibex/user/hohndor/km/dynamic-benchmark-20260917/justification-early-case-review-v1/baseline/results/0000/100/hermit-library
EARLY-REVIEW-baseline	False	0000	mmo	q000	000d25e56e57c9f985e8c2793f62b2510b08e924bd56fa5873a500e4c2922dc9	84ef10f04156f93de25c464f29243f8edc140be9f954eeebb691d1d2bb8027dc	module	0	True	100	jfact-library	library	ok	True	True	verified	correct	1	1	99f09491838342f11d5b9f24215e451ab5449ee4dfeacaf4a5e37ac30959da40	0	unknown	True	3.879786839708686	0.47233848	0.560076322	169148416	48d87bd8bdbbc5f5e1db6ae50f09a2d0f703baa50ad85fcb9fa50ede68ab13ac	[]	/ibex/user/hohndor/km/dynamic-benchmark-20260917/justification-early-case-review-v1/baseline/results/0000/100/jfact-library
EARLY-REVIEW-baseline	False	0000	mmo	q000	000d25e56e57c9f985e8c2793f62b2510b08e924bd56fa5873a500e4c2922dc9	84ef10f04156f93de25c464f29243f8edc140be9f954eeebb691d1d2bb8027dc	module	0	True	100	openllet-library	library	ok	True	True	verified	correct	1	1	99f09491838342f11d5b9f24215e451ab5449ee4dfeacaf4a5e37ac30959da40	0	unknown	True	2.722402384504676	0.449885218	0.533565466	125562880	48d87bd8bdbbc5f5e1db6ae50f09a2d0f703baa50ad85fcb9fa50ede68ab13ac	[]	/ibex/user/hohndor/km/dynamic-benchmark-20260917/justification-early-case-review-v1/baseline/results/0000/100/openllet-library
EARLY-REVIEW-baseline	False	0000	mmo	q000	000d25e56e57c9f985e8c2793f62b2510b08e924bd56fa5873a500e4c2922dc9	84ef10f04156f93de25c464f29243f8edc140be9f954eeebb691d1d2bb8027dc	module	0	True	100	konclude-common	common	ok	True	True	verified	correct	1	1	99f09491838342f11d5b9f24215e451ab5449ee4dfeacaf4a5e37ac30959da40	0	complete	True	3.6660943124443293	1.149733618	1.526843933	160415744	48d87bd8bdbbc5f5e1db6ae50f09a2d0f703baa50ad85fcb9fa50ede68ab13ac	[]	/ibex/user/hohndor/km/dynamic-benchmark-20260917/justification-early-case-review-v1/baseline/results/0000/100/konclude-common
EARLY-REVIEW-baseline	False	0000	mmo	q000	000d25e56e57c9f985e8c2793f62b2510b08e924bd56fa5873a500e4c2922dc9	84ef10f04156f93de25c464f29243f8edc140be9f954eeebb691d1d2bb8027dc	module	0	True	100	elk-common	common	ok	True	True	verified	correct	1	1	99f09491838342f11d5b9f24215e451ab5449ee4dfeacaf4a5e37ac30959da40	0	complete	True	3.0245623476803303	0.825308057	0.887133598	135544832	48d87bd8bdbbc5f5e1db6ae50f09a2d0f703baa50ad85fcb9fa50ede68ab13ac	[]	/ibex/user/hohndor/km/dynamic-benchmark-20260917/justification-early-case-review-v1/baseline/results/0000/100/elk-common
EARLY-REVIEW-baseline	False	0000	mmo	q000	000d25e56e57c9f985e8c2793f62b2510b08e924bd56fa5873a500e4c2922dc9	84ef10f04156f93de25c464f29243f8edc140be9f954eeebb691d1d2bb8027dc	module	0	True	100	whelk-common	common	ok	True	True	verified	correct	1	1	99f09491838342f11d5b9f24215e451ab5449ee4dfeacaf4a5e37ac30959da40	0	complete	True	2.618261408060789	0.77725903	0.81727803	132960256	48d87bd8bdbbc5f5e1db6ae50f09a2d0f703baa50ad85fcb9fa50ede68ab13ac	[]	/ibex/user/hohndor/km/dynamic-benchmark-20260917/justification-early-case-review-v1/baseline/results/0000/100/whelk-common
EARLY-REVIEW-baseline	False	0001	mmo	q000	000d25e56e57c9f985e8c2793f62b2510b08e924bd56fa5873a500e4c2922dc9	84ef10f04156f93de25c464f29243f8edc140be9f954eeebb691d1d2bb8027dc	module	1	False	1	km-native	native	ok	True	True	verified	correct	1	1	99f09491838342f11d5b9f24215e451ab5449ee4dfeacaf4a5e37ac30959da40	0	bounded_or_unfinished	True	0.08391097374260426			1310720	48d87bd8bdbbc5f5e1db6ae50f09a2d0f703baa50ad85fcb9fa50ede68ab13ac	[]	/ibex/user/hohndor/km/dynamic-benchmark-20260917/justification-early-case-review-v1/baseline/results/0001/1/km-native
EARLY-REVIEW-baseline	False	0001	mmo	q000	000d25e56e57c9f985e8c2793f62b2510b08e924bd56fa5873a500e4c2922dc9	84ef10f04156f93de25c464f29243f8edc140be9f954eeebb691d1d2bb8027dc	module	1	False	1	km-common	common	ok	True	True	verified	correct	1	1	99f09491838342f11d5b9f24215e451ab5449ee4dfeacaf4a5e37ac30959da40	0	bounded_or_unfinished	True	2.713707761839032	0.538731464	0.539130496	134991872	48d87bd8bdbbc5f5e1db6ae50f09a2d0f703baa50ad85fcb9fa50ede68ab13ac	[]	/ibex/user/hohndor/km/dynamic-benchmark-20260917/justification-early-case-review-v1/baseline/results/0001/1/km-common
EARLY-REVIEW-baseline	False	0001	mmo	q000	000d25e56e57c9f985e8c2793f62b2510b08e924bd56fa5873a500e4c2922dc9	84ef10f04156f93de25c464f29243f8edc140be9f954eeebb691d1d2bb8027dc	module	1	False	1	hermit-common	common	ok	True	True	verified	correct	1	1	99f09491838342f11d5b9f24215e451ab5449ee4dfeacaf4a5e37ac30959da40	0	bounded_or_unfinished	True	2.301122795790434	0.239930385	0.241070445	119963648	48d87bd8bdbbc5f5e1db6ae50f09a2d0f703baa50ad85fcb9fa50ede68ab13ac	[]	/ibex/user/hohndor/km/dynamic-benchmark-20260917/justification-early-case-review-v1/baseline/results/0001/1/hermit-common
EARLY-REVIEW-baseline	False	0001	mmo	q000	000d25e56e57c9f985e8c2793f62b2510b08e924bd56fa5873a500e4c2922dc9	84ef10f04156f93de25c464f29243f8edc140be9f954eeebb691d1d2bb8027dc	module	1	False	1	jfact-common	common	ok	True	True	verified	correct	1	1	99f09491838342f11d5b9f24215e451ab5449ee4dfeacaf4a5e37ac30959da40	0	bounded_or_unfinished	True	3.877115098759532	0.739796363	0.740133293	168411136	48d87bd8bdbbc5f5e1db6ae50f09a2d0f703baa50ad85fcb9fa50ede68ab13ac	[]	/ibex/user/hohndor/km/dynamic-benchmark-20260917/justification-early-case-review-v1/baseline/results/0001/1/jfact-common
EARLY-REVIEW-baseline	False	0001	mmo	q000	000d25e56e57c9f985e8c2793f62b2510b08e924bd56fa5873a500e4c2922dc9	84ef10f04156f93de25c464f29243f8edc140be9f954eeebb691d1d2bb8027dc	module	1	False	1	openllet-common	common	ok	True	True	verified	correct	1	1	99f09491838342f11d5b9f24215e451ab5449ee4dfeacaf4a5e37ac30959da40	0	bounded_or_unfinished	True	2.6205671690404415	0.412051758	0.412697002	128004096	48d87bd8bdbbc5f5e1db6ae50f09a2d0f703baa50ad85fcb9fa50ede68ab13ac	[]	/ibex/user/hohndor/km/dynamic-benchmark-20260917/justification-early-case-review-v1/baseline/results/0001/1/openllet-common
EARLY-REVIEW-baseline	False	0001	mmo	q000	000d25e56e57c9f985e8c2793f62b2510b08e924bd56fa5873a500e4c2922dc9	84ef10f04156f93de25c464f29243f8edc140be9f954eeebb691d1d2bb8027dc	module	1	False	1	hermit-library	library	ok	True	True	verified	correct	1	1	99f09491838342f11d5b9f24215e451ab5449ee4dfeacaf4a5e37ac30959da40	0	unknown	True	2.4350347258150578	0.350296536	0.35061673	123244544	48d87bd8bdbbc5f5e1db6ae50f09a2d0f703baa50ad85fcb9fa50ede68ab13ac	[]	/ibex/user/hohndor/km/dynamic-benchmark-20260917/justification-early-case-review-v1/baseline/results/0001/1/hermit-library
EARLY-REVIEW-baseline	False	0001	mmo	q000	000d25e56e57c9f985e8c2793f62b2510b08e924bd56fa5873a500e4c2922dc9	84ef10f04156f93de25c464f29243f8edc140be9f954eeebb691d1d2bb8027dc	module	1	False	1	jfact-library	library	ok	True	True	verified	correct	1	1	99f09491838342f11d5b9f24215e451ab5449ee4dfeacaf4a5e37ac30959da40	0	unknown	True	3.7522815447300673	0.432663622	0.432953652	168402944	48d87bd8bdbbc5f5e1db6ae50f09a2d0f703baa50ad85fcb9fa50ede68ab13ac	[]	/ibex/user/hohndor/km/dynamic-benchmark-20260917/justification-early-case-review-v1/baseline/results/0001/1/jfact-library
EARLY-REVIEW-baseline	False	0001	mmo	q000	000d25e56e57c9f985e8c2793f62b2510b08e924bd56fa5873a500e4c2922dc9	84ef10f04156f93de25c464f29243f8edc140be9f954eeebb691d1d2bb8027dc	module	1	False	1	openllet-library	library	ok	True	True	verified	correct	1	1	99f09491838342f11d5b9f24215e451ab5449ee4dfeacaf4a5e37ac30959da40	0	unknown	True	2.7286580726504326	0.455057644	0.45532425	128274432	48d87bd8bdbbc5f5e1db6ae50f09a2d0f703baa50ad85fcb9fa50ede68ab13ac	[]	/ibex/user/hohndor/km/dynamic-benchmark-20260917/justification-early-case-review-v1/baseline/results/0001/1/openllet-library
EARLY-REVIEW-baseline	False	0001	mmo	q000	000d25e56e57c9f985e8c2793f62b2510b08e924bd56fa5873a500e4c2922dc9	84ef10f04156f93de25c464f29243f8edc140be9f954eeebb691d1d2bb8027dc	module	1	False	1	konclude-common	common	ok	True	True	verified	correct	1	1	99f09491838342f11d5b9f24215e451ab5449ee4dfeacaf4a5e37ac30959da40	0	bounded_or_unfinished	True	3.3072953820228577	1.150829839	1.151256637	160776192	48d87bd8bdbbc5f5e1db6ae50f09a2d0f703baa50ad85fcb9fa50ede68ab13ac	[]	/ibex/user/hohndor/km/dynamic-benchmark-20260917/justification-early-case-review-v1/baseline/results/0001/1/konclude-common
EARLY-REVIEW-baseline	False	0001	mmo	q000	000d25e56e57c9f985e8c2793f62b2510b08e924bd56fa5873a500e4c2922dc9	84ef10f04156f93de25c464f29243f8edc140be9f954eeebb691d1d2bb8027dc	module	1	False	1	elk-common	common	ok	True	True	verified	correct	1	1	99f09491838342f11d5b9f24215e451ab5449ee4dfeacaf4a5e37ac30959da40	0	bounded_or_unfinished	True	2.927767826244235	0.852887967	0.853376201	136028160	48d87bd8bdbbc5f5e1db6ae50f09a2d0f703baa50ad85fcb9fa50ede68ab13ac	[]	/ibex/user/hohndor/km/dynamic-benchmark-20260917/justification-early-case-review-v1/baseline/results/0001/1/elk-common
EARLY-REVIEW-baseline	False	0001	mmo	q000	000d25e56e57c9f985e8c2793f62b2510b08e924bd56fa5873a500e4c2922dc9	84ef10f04156f93de25c464f29243f8edc140be9f954eeebb691d1d2bb8027dc	module	1	False	1	whelk-common	common	ok	True	True	verified	correct	1	1	99f09491838342f11d5b9f24215e451ab5449ee4dfeacaf4a5e37ac30959da40	0	bounded_or_unfinished	True	2.4762217607349157	0.743278304	0.743622686	133021696	48d87bd8bdbbc5f5e1db6ae50f09a2d0f703baa50ad85fcb9fa50ede68ab13ac	[]	/ibex/user/hohndor/km/dynamic-benchmark-20260917/justification-early-case-review-v1/baseline/results/0001/1/whelk-common
EARLY-REVIEW-baseline	False	0001	mmo	q000	000d25e56e57c9f985e8c2793f62b2510b08e924bd56fa5873a500e4c2922dc9	84ef10f04156f93de25c464f29243f8edc140be9f954eeebb691d1d2bb8027dc	module	1	False	10	km-native	native	ok	True	True	verified	correct	1	1	99f09491838342f11d5b9f24215e451ab5449ee4dfeacaf4a5e37ac30959da40	0	complete	True	0.08499863184988499			1310720	48d87bd8bdbbc5f5e1db6ae50f09a2d0f703baa50ad85fcb9fa50ede68ab13ac	[]	/ibex/user/hohndor/km/dynamic-benchmark-20260917/justification-early-case-review-v1/baseline/results/0001/10/km-native
EARLY-REVIEW-baseline	False	0001	mmo	q000	000d25e56e57c9f985e8c2793f62b2510b08e924bd56fa5873a500e4c2922dc9	84ef10f04156f93de25c464f29243f8edc140be9f954eeebb691d1d2bb8027dc	module	1	False	10	km-common	common	ok	True	True	verified	correct	1	1	99f09491838342f11d5b9f24215e451ab5449ee4dfeacaf4a5e37ac30959da40	0	complete	True	2.709415003657341	0.541078316	0.589485417	135606272	48d87bd8bdbbc5f5e1db6ae50f09a2d0f703baa50ad85fcb9fa50ede68ab13ac	[]	/ibex/user/hohndor/km/dynamic-benchmark-20260917/justification-early-case-review-v1/baseline/results/0001/10/km-common
EARLY-REVIEW-baseline	False	0001	mmo	q000	000d25e56e57c9f985e8c2793f62b2510b08e924bd56fa5873a500e4c2922dc9	84ef10f04156f93de25c464f29243f8edc140be9f954eeebb691d1d2bb8027dc	module	1	False	10	hermit-common	common	ok	True	True	verified	correct	1	1	99f09491838342f11d5b9f24215e451ab5449ee4dfeacaf4a5e37ac30959da40	0	complete	True	2.467929221689701	0.278645671	0.312514188	120414208	48d87bd8bdbbc5f5e1db6ae50f09a2d0f703baa50ad85fcb9fa50ede68ab13ac	[]	/ibex/user/hohndor/km/dynamic-benchmark-20260917/justification-early-case-review-v1/baseline/results/0001/10/hermit-common
EARLY-REVIEW-baseline	False	0001	mmo	q000	000d25e56e57c9f985e8c2793f62b2510b08e924bd56fa5873a500e4c2922dc9	84ef10f04156f93de25c464f29243f8edc140be9f954eeebb691d1d2bb8027dc	module	1	False	10	jfact-common	common	ok	True	True	verified	correct	1	1	99f09491838342f11d5b9f24215e451ab5449ee4dfeacaf4a5e37ac30959da40	0	complete	True	4.112871283665299	0.656992483	0.800551883	172507136	48d87bd8bdbbc5f5e1db6ae50f09a2d0f703baa50ad85fcb9fa50ede68ab13ac	[]	/ibex/user/hohndor/km/dynamic-benchmark-20260917/justification-early-case-review-v1/baseline/results/0001/10/jfact-common
EARLY-REVIEW-baseline	False	0001	mmo	q000	000d25e56e57c9f985e8c2793f62b2510b08e924bd56fa5873a500e4c2922dc9	84ef10f04156f93de25c464f29243f8edc140be9f954eeebb691d1d2bb8027dc	module	1	False	10	openllet-common	common	ok	True	True	verified	correct	1	1	99f09491838342f11d5b9f24215e451ab5449ee4dfeacaf4a5e37ac30959da40	0	complete	True	2.800192654132843	0.458883258	0.491015257	125915136	48d87bd8bdbbc5f5e1db6ae50f09a2d0f703baa50ad85fcb9fa50ede68ab13ac	[]	/ibex/user/hohndor/km/dynamic-benchmark-20260917/justification-early-case-review-v1/baseline/results/0001/10/openllet-common
EARLY-REVIEW-baseline	False	0001	mmo	q000	000d25e56e57c9f985e8c2793f62b2510b08e924bd56fa5873a500e4c2922dc9	84ef10f04156f93de25c464f29243f8edc140be9f954eeebb691d1d2bb8027dc	module	1	False	10	hermit-library	library	ok	True	True	verified	correct	1	1	99f09491838342f11d5b9f24215e451ab5449ee4dfeacaf4a5e37ac30959da40	0	unknown	True	2.6716891322284937	0.359462483	0.536802857	128954368	48d87bd8bdbbc5f5e1db6ae50f09a2d0f703baa50ad85fcb9fa50ede68ab13ac	[]	/ibex/user/hohndor/km/dynamic-benchmark-20260917/justification-early-case-review-v1/baseline/results/0001/10/hermit-library
EARLY-REVIEW-baseline	False	0001	mmo	q000	000d25e56e57c9f985e8c2793f62b2510b08e924bd56fa5873a500e4c2922dc9	84ef10f04156f93de25c464f29243f8edc140be9f954eeebb691d1d2bb8027dc	module	1	False	10	jfact-library	library	ok	True	True	verified	correct	1	1	99f09491838342f11d5b9f24215e451ab5449ee4dfeacaf4a5e37ac30959da40	0	unknown	True	3.761426169425249	0.406266937	0.473210194	164388864	48d87bd8bdbbc5f5e1db6ae50f09a2d0f703baa50ad85fcb9fa50ede68ab13ac	[]	/ibex/user/hohndor/km/dynamic-benchmark-20260917/justification-early-case-review-v1/baseline/results/0001/10/jfact-library
EARLY-REVIEW-baseline	False	0001	mmo	q000	000d25e56e57c9f985e8c2793f62b2510b08e924bd56fa5873a500e4c2922dc9	84ef10f04156f93de25c464f29243f8edc140be9f954eeebb691d1d2bb8027dc	module	1	False	10	openllet-library	library	ok	True	True	verified	correct	1	1	99f09491838342f11d5b9f24215e451ab5449ee4dfeacaf4a5e37ac30959da40	0	unknown	True	2.8106969967484474	0.459977591	0.562411759	126308352	48d87bd8bdbbc5f5e1db6ae50f09a2d0f703baa50ad85fcb9fa50ede68ab13ac	[]	/ibex/user/hohndor/km/dynamic-benchmark-20260917/justification-early-case-review-v1/baseline/results/0001/10/openllet-library
EARLY-REVIEW-baseline	False	0001	mmo	q000	000d25e56e57c9f985e8c2793f62b2510b08e924bd56fa5873a500e4c2922dc9	84ef10f04156f93de25c464f29243f8edc140be9f954eeebb691d1d2bb8027dc	module	1	False	10	konclude-common	common	ok	True	True	verified	correct	1	1	99f09491838342f11d5b9f24215e451ab5449ee4dfeacaf4a5e37ac30959da40	0	complete	True	3.5485064703971148	1.095174654	1.43591003	147324928	48d87bd8bdbbc5f5e1db6ae50f09a2d0f703baa50ad85fcb9fa50ede68ab13ac	[]	/ibex/user/hohndor/km/dynamic-benchmark-20260917/justification-early-case-review-v1/baseline/results/0001/10/konclude-common
EARLY-REVIEW-baseline	False	0001	mmo	q000	000d25e56e57c9f985e8c2793f62b2510b08e924bd56fa5873a500e4c2922dc9	84ef10f04156f93de25c464f29243f8edc140be9f954eeebb691d1d2bb8027dc	module	1	False	10	elk-common	common	ok	True	True	verified	correct	1	1	99f09491838342f11d5b9f24215e451ab5449ee4dfeacaf4a5e37ac30959da40	0	complete	True	2.925141103565693	0.756179816	0.797013987	134504448	48d87bd8bdbbc5f5e1db6ae50f09a2d0f703baa50ad85fcb9fa50ede68ab13ac	[]	/ibex/user/hohndor/km/dynamic-benchmark-20260917/justification-early-case-review-v1/baseline/results/0001/10/elk-common
EARLY-REVIEW-baseline	False	0001	mmo	q000	000d25e56e57c9f985e8c2793f62b2510b08e924bd56fa5873a500e4c2922dc9	84ef10f04156f93de25c464f29243f8edc140be9f954eeebb691d1d2bb8027dc	module	1	False	10	whelk-common	common	ok	True	True	verified	correct	1	1	99f09491838342f11d5b9f24215e451ab5449ee4dfeacaf4a5e37ac30959da40	0	complete	True	2.639847742393613	0.781104166	0.802309703	130756608	48d87bd8bdbbc5f5e1db6ae50f09a2d0f703baa50ad85fcb9fa50ede68ab13ac	[]	/ibex/user/hohndor/km/dynamic-benchmark-20260917/justification-early-case-review-v1/baseline/results/0001/10/whelk-common
EARLY-REVIEW-baseline	False	0001	mmo	q000	000d25e56e57c9f985e8c2793f62b2510b08e924bd56fa5873a500e4c2922dc9	84ef10f04156f93de25c464f29243f8edc140be9f954eeebb691d1d2bb8027dc	module	1	False	100	km-native	native	ok	True	True	verified	correct	1	1	99f09491838342f11d5b9f24215e451ab5449ee4dfeacaf4a5e37ac30959da40	0	complete	True	0.0840317215770483			1310720	48d87bd8bdbbc5f5e1db6ae50f09a2d0f703baa50ad85fcb9fa50ede68ab13ac	[]	/ibex/user/hohndor/km/dynamic-benchmark-20260917/justification-early-case-review-v1/baseline/results/0001/100/km-native
EARLY-REVIEW-baseline	False	0001	mmo	q000	000d25e56e57c9f985e8c2793f62b2510b08e924bd56fa5873a500e4c2922dc9	84ef10f04156f93de25c464f29243f8edc140be9f954eeebb691d1d2bb8027dc	module	1	False	100	km-common	common	ok	True	True	verified	correct	1	1	99f09491838342f11d5b9f24215e451ab5449ee4dfeacaf4a5e37ac30959da40	0	complete	True	2.7187241557985544	0.541902149	0.611754182	134643712	48d87bd8bdbbc5f5e1db6ae50f09a2d0f703baa50ad85fcb9fa50ede68ab13ac	[]	/ibex/user/hohndor/km/dynamic-benchmark-20260917/justification-early-case-review-v1/baseline/results/0001/100/km-common
EARLY-REVIEW-baseline	False	0001	mmo	q000	000d25e56e57c9f985e8c2793f62b2510b08e924bd56fa5873a500e4c2922dc9	84ef10f04156f93de25c464f29243f8edc140be9f954eeebb691d1d2bb8027dc	module	1	False	100	hermit-common	common	ok	True	True	verified	correct	1	1	99f09491838342f11d5b9f24215e451ab5449ee4dfeacaf4a5e37ac30959da40	0	complete	True	2.405809085816145	0.237088132	0.296904296	125394944	48d87bd8bdbbc5f5e1db6ae50f09a2d0f703baa50ad85fcb9fa50ede68ab13ac	[]	/ibex/user/hohndor/km/dynamic-benchmark-20260917/justification-early-case-review-v1/baseline/results/0001/100/hermit-common
EARLY-REVIEW-baseline	False	0001	mmo	q000	000d25e56e57c9f985e8c2793f62b2510b08e924bd56fa5873a500e4c2922dc9	84ef10f04156f93de25c464f29243f8edc140be9f954eeebb691d1d2bb8027dc	module	1	False	100	jfact-common	common	ok	True	True	verified	correct	1	1	99f09491838342f11d5b9f24215e451ab5449ee4dfeacaf4a5e37ac30959da40	0	complete	True	4.170516354963183	0.685036795	0.811099323	174235648	48d87bd8bdbbc5f5e1db6ae50f09a2d0f703baa50ad85fcb9fa50ede68ab13ac	[]	/ibex/user/hohndor/km/dynamic-benchmark-20260917/justification-early-case-review-v1/baseline/results/0001/100/jfact-common
EARLY-REVIEW-baseline	False	0001	mmo	q000	000d25e56e57c9f985e8c2793f62b2510b08e924bd56fa5873a500e4c2922dc9	84ef10f04156f93de25c464f29243f8edc140be9f954eeebb691d1d2bb8027dc	module	1	False	100	openllet-common	common	ok	True	True	verified	correct	1	1	99f09491838342f11d5b9f24215e451ab5449ee4dfeacaf4a5e37ac30959da40	0	complete	True	2.769451443105936	0.464530783	0.493521015	129777664	48d87bd8bdbbc5f5e1db6ae50f09a2d0f703baa50ad85fcb9fa50ede68ab13ac	[]	/ibex/user/hohndor/km/dynamic-benchmark-20260917/justification-early-case-review-v1/baseline/results/0001/100/openllet-common
EARLY-REVIEW-baseline	False	0001	mmo	q000	000d25e56e57c9f985e8c2793f62b2510b08e924bd56fa5873a500e4c2922dc9	84ef10f04156f93de25c464f29243f8edc140be9f954eeebb691d1d2bb8027dc	module	1	False	100	hermit-library	library	ok	True	True	verified	correct	1	1	99f09491838342f11d5b9f24215e451ab5449ee4dfeacaf4a5e37ac30959da40	0	unknown	True	2.576286792755127	0.3552814	0.521821317	132538368	48d87bd8bdbbc5f5e1db6ae50f09a2d0f703baa50ad85fcb9fa50ede68ab13ac	[]	/ibex/user/hohndor/km/dynamic-benchmark-20260917/justification-early-case-review-v1/baseline/results/0001/100/hermit-library
EARLY-REVIEW-baseline	False	0001	mmo	q000	000d25e56e57c9f985e8c2793f62b2510b08e924bd56fa5873a500e4c2922dc9	84ef10f04156f93de25c464f29243f8edc140be9f954eeebb691d1d2bb8027dc	module	1	False	100	jfact-library	library	ok	True	True	verified	correct	1	1	99f09491838342f11d5b9f24215e451ab5449ee4dfeacaf4a5e37ac30959da40	0	unknown	True	3.9038191605359316	0.475588731	0.540887039	172445696	48d87bd8bdbbc5f5e1db6ae50f09a2d0f703baa50ad85fcb9fa50ede68ab13ac	[]	/ibex/user/hohndor/km/dynamic-benchmark-20260917/justification-early-case-review-v1/baseline/results/0001/100/jfact-library
EARLY-REVIEW-baseline	False	0001	mmo	q000	000d25e56e57c9f985e8c2793f62b2510b08e924bd56fa5873a500e4c2922dc9	84ef10f04156f93de25c464f29243f8edc140be9f954eeebb691d1d2bb8027dc	module	1	False	100	openllet-library	library	ok	True	True	verified	correct	1	1	99f09491838342f11d5b9f24215e451ab5449ee4dfeacaf4a5e37ac30959da40	0	unknown	True	2.762493947520852	0.433006848	0.516808025	128446464	48d87bd8bdbbc5f5e1db6ae50f09a2d0f703baa50ad85fcb9fa50ede68ab13ac	[]	/ibex/user/hohndor/km/dynamic-benchmark-20260917/justification-early-case-review-v1/baseline/results/0001/100/openllet-library
EARLY-REVIEW-baseline	False	0001	mmo	q000	000d25e56e57c9f985e8c2793f62b2510b08e924bd56fa5873a500e4c2922dc9	84ef10f04156f93de25c464f29243f8edc140be9f954eeebb691d1d2bb8027dc	module	1	False	100	konclude-common	common	ok	True	True	verified	correct	1	1	99f09491838342f11d5b9f24215e451ab5449ee4dfeacaf4a5e37ac30959da40	0	complete	True	3.641148006543517	1.105939948	1.505458982	144920576	48d87bd8bdbbc5f5e1db6ae50f09a2d0f703baa50ad85fcb9fa50ede68ab13ac	[]	/ibex/user/hohndor/km/dynamic-benchmark-20260917/justification-early-case-review-v1/baseline/results/0001/100/konclude-common
EARLY-REVIEW-baseline	False	0001	mmo	q000	000d25e56e57c9f985e8c2793f62b2510b08e924bd56fa5873a500e4c2922dc9	84ef10f04156f93de25c464f29243f8edc140be9f954eeebb691d1d2bb8027dc	module	1	False	100	elk-common	common	ok	True	True	verified	correct	1	1	99f09491838342f11d5b9f24215e451ab5449ee4dfeacaf4a5e37ac30959da40	0	complete	True	2.824207743629813	0.812102477	0.865641751	135622656	48d87bd8bdbbc5f5e1db6ae50f09a2d0f703baa50ad85fcb9fa50ede68ab13ac	[]	/ibex/user/hohndor/km/dynamic-benchmark-20260917/justification-early-case-review-v1/baseline/results/0001/100/elk-common
EARLY-REVIEW-baseline	False	0001	mmo	q000	000d25e56e57c9f985e8c2793f62b2510b08e924bd56fa5873a500e4c2922dc9	84ef10f04156f93de25c464f29243f8edc140be9f954eeebb691d1d2bb8027dc	module	1	False	100	whelk-common	common	ok	True	True	verified	correct	1	1	99f09491838342f11d5b9f24215e451ab5449ee4dfeacaf4a5e37ac30959da40	0	complete	True	2.5297065004706383	0.735710298	0.775121564	130609152	48d87bd8bdbbc5f5e1db6ae50f09a2d0f703baa50ad85fcb9fa50ede68ab13ac	[]	/ibex/user/hohndor/km/dynamic-benchmark-20260917/justification-early-case-review-v1/baseline/results/0001/100/whelk-common
EARLY-REVIEW-baseline	False	0002	mmo	q000	000d25e56e57c9f985e8c2793f62b2510b08e924bd56fa5873a500e4c2922dc9	84ef10f04156f93de25c464f29243f8edc140be9f954eeebb691d1d2bb8027dc	module	2	False	1	km-native	native	ok	True	True	verified	correct	1	1	99f09491838342f11d5b9f24215e451ab5449ee4dfeacaf4a5e37ac30959da40	0	bounded_or_unfinished	True	0.08423632010817528			1310720	48d87bd8bdbbc5f5e1db6ae50f09a2d0f703baa50ad85fcb9fa50ede68ab13ac	[]	/ibex/user/hohndor/km/dynamic-benchmark-20260917/justification-early-case-review-v1/baseline/results/0002/1/km-native
EARLY-REVIEW-baseline	False	0002	mmo	q000	000d25e56e57c9f985e8c2793f62b2510b08e924bd56fa5873a500e4c2922dc9	84ef10f04156f93de25c464f29243f8edc140be9f954eeebb691d1d2bb8027dc	module	2	False	1	km-common	common	ok	True	True	verified	correct	1	1	99f09491838342f11d5b9f24215e451ab5449ee4dfeacaf4a5e37ac30959da40	0	bounded_or_unfinished	True	2.6022809017449617	0.543478738	0.54388048	133079040	48d87bd8bdbbc5f5e1db6ae50f09a2d0f703baa50ad85fcb9fa50ede68ab13ac	[]	/ibex/user/hohndor/km/dynamic-benchmark-20260917/justification-early-case-review-v1/baseline/results/0002/1/km-common
EARLY-REVIEW-baseline	False	0002	mmo	q000	000d25e56e57c9f985e8c2793f62b2510b08e924bd56fa5873a500e4c2922dc9	84ef10f04156f93de25c464f29243f8edc140be9f954eeebb691d1d2bb8027dc	module	2	False	1	hermit-common	common	ok	True	True	verified	correct	1	1	99f09491838342f11d5b9f24215e451ab5449ee4dfeacaf4a5e37ac30959da40	0	bounded_or_unfinished	True	2.501510748639703	0.263620429	0.263984726	122880000	48d87bd8bdbbc5f5e1db6ae50f09a2d0f703baa50ad85fcb9fa50ede68ab13ac	[]	/ibex/user/hohndor/km/dynamic-benchmark-20260917/justification-early-case-review-v1/baseline/results/0002/1/hermit-common
EARLY-REVIEW-baseline	False	0002	mmo	q000	000d25e56e57c9f985e8c2793f62b2510b08e924bd56fa5873a500e4c2922dc9	84ef10f04156f93de25c464f29243f8edc140be9f954eeebb691d1d2bb8027dc	module	2	False	1	jfact-common	common	ok	True	True	verified	correct	1	1	99f09491838342f11d5b9f24215e451ab5449ee4dfeacaf4a5e37ac30959da40	0	bounded_or_unfinished	True	3.9978986475616693	0.665048876	0.665392786	167223296	48d87bd8bdbbc5f5e1db6ae50f09a2d0f703baa50ad85fcb9fa50ede68ab13ac	[]	/ibex/user/hohndor/km/dynamic-benchmark-20260917/justification-early-case-review-v1/baseline/results/0002/1/jfact-common
EARLY-REVIEW-baseline	False	0002	mmo	q000	000d25e56e57c9f985e8c2793f62b2510b08e924bd56fa5873a500e4c2922dc9	84ef10f04156f93de25c464f29243f8edc140be9f954eeebb691d1d2bb8027dc	module	2	False	1	openllet-common	common	ok	True	True	verified	correct	1	1	99f09491838342f11d5b9f24215e451ab5449ee4dfeacaf4a5e37ac30959da40	0	bounded_or_unfinished	True	2.804977299645543	0.461925404	0.46260789	126910464	48d87bd8bdbbc5f5e1db6ae50f09a2d0f703baa50ad85fcb9fa50ede68ab13ac	[]	/ibex/user/hohndor/km/dynamic-benchmark-20260917/justification-early-case-review-v1/baseline/results/0002/1/openllet-common
EARLY-REVIEW-baseline	False	0002	mmo	q000	000d25e56e57c9f985e8c2793f62b2510b08e924bd56fa5873a500e4c2922dc9	84ef10f04156f93de25c464f29243f8edc140be9f954eeebb691d1d2bb8027dc	module	2	False	1	hermit-library	library	ok	True	True	verified	correct	1	1	99f09491838342f11d5b9f24215e451ab5449ee4dfeacaf4a5e37ac30959da40	0	unknown	True	2.484289323911071	0.357315927	0.357593242	123076608	48d87bd8bdbbc5f5e1db6ae50f09a2d0f703baa50ad85fcb9fa50ede68ab13ac	[]	/ibex/user/hohndor/km/dynamic-benchmark-20260917/justification-early-case-review-v1/baseline/results/0002/1/hermit-library
EARLY-REVIEW-baseline	False	0002	mmo	q000	000d25e56e57c9f985e8c2793f62b2510b08e924bd56fa5873a500e4c2922dc9	84ef10f04156f93de25c464f29243f8edc140be9f954eeebb691d1d2bb8027dc	module	2	False	1	jfact-library	library	ok	True	True	verified	correct	1	1	99f09491838342f11d5b9f24215e451ab5449ee4dfeacaf4a5e37ac30959da40	0	unknown	True	3.8923371713608503	0.469624244	0.469894804	164278272	48d87bd8bdbbc5f5e1db6ae50f09a2d0f703baa50ad85fcb9fa50ede68ab13ac	[]	/ibex/user/hohndor/km/dynamic-benchmark-20260917/justification-early-case-review-v1/baseline/results/0002/1/jfact-library
EARLY-REVIEW-baseline	False	0002	mmo	q000	000d25e56e57c9f985e8c2793f62b2510b08e924bd56fa5873a500e4c2922dc9	84ef10f04156f93de25c464f29243f8edc140be9f954eeebb691d1d2bb8027dc	module	2	False	1	openllet-library	library	ok	True	True	verified	correct	1	1	99f09491838342f11d5b9f24215e451ab5449ee4dfeacaf4a5e37ac30959da40	0	unknown	True	2.6958465073257685	0.426772046	0.427034132	129523712	48d87bd8bdbbc5f5e1db6ae50f09a2d0f703baa50ad85fcb9fa50ede68ab13ac	[]	/ibex/user/hohndor/km/dynamic-benchmark-20260917/justification-early-case-review-v1/baseline/results/0002/1/openllet-library
EARLY-REVIEW-baseline	False	0002	mmo	q000	000d25e56e57c9f985e8c2793f62b2510b08e924bd56fa5873a500e4c2922dc9	84ef10f04156f93de25c464f29243f8edc140be9f954eeebb691d1d2bb8027dc	module	2	False	1	konclude-common	common	ok	True	True	verified	correct	1	1	99f09491838342f11d5b9f24215e451ab5449ee4dfeacaf4a5e37ac30959da40	0	bounded_or_unfinished	True	3.211822133511305	1.151079904	1.151537746	142991360	48d87bd8bdbbc5f5e1db6ae50f09a2d0f703baa50ad85fcb9fa50ede68ab13ac	[]	/ibex/user/hohndor/km/dynamic-benchmark-20260917/justification-early-case-review-v1/baseline/results/0002/1/konclude-common
EARLY-REVIEW-baseline	False	0002	mmo	q000	000d25e56e57c9f985e8c2793f62b2510b08e924bd56fa5873a500e4c2922dc9	84ef10f04156f93de25c464f29243f8edc140be9f954eeebb691d1d2bb8027dc	module	2	False	1	elk-common	common	ok	True	True	verified	correct	1	1	99f09491838342f11d5b9f24215e451ab5449ee4dfeacaf4a5e37ac30959da40	0	bounded_or_unfinished	True	2.8003338668495417	0.751340821	0.751860447	139100160	48d87bd8bdbbc5f5e1db6ae50f09a2d0f703baa50ad85fcb9fa50ede68ab13ac	[]	/ibex/user/hohndor/km/dynamic-benchmark-20260917/justification-early-case-review-v1/baseline/results/0002/1/elk-common
EARLY-REVIEW-baseline	False	0002	mmo	q000	000d25e56e57c9f985e8c2793f62b2510b08e924bd56fa5873a500e4c2922dc9	84ef10f04156f93de25c464f29243f8edc140be9f954eeebb691d1d2bb8027dc	module	2	False	1	whelk-common	common	ok	True	True	verified	correct	1	1	99f09491838342f11d5b9f24215e451ab5449ee4dfeacaf4a5e37ac30959da40	0	bounded_or_unfinished	True	2.588451534509659	0.771613892	0.771966423	134004736	48d87bd8bdbbc5f5e1db6ae50f09a2d0f703baa50ad85fcb9fa50ede68ab13ac	[]	/ibex/user/hohndor/km/dynamic-benchmark-20260917/justification-early-case-review-v1/baseline/results/0002/1/whelk-common
EARLY-REVIEW-baseline	False	0002	mmo	q000	000d25e56e57c9f985e8c2793f62b2510b08e924bd56fa5873a500e4c2922dc9	84ef10f04156f93de25c464f29243f8edc140be9f954eeebb691d1d2bb8027dc	module	2	False	10	km-native	native	ok	True	True	verified	correct	1	1	99f09491838342f11d5b9f24215e451ab5449ee4dfeacaf4a5e37ac30959da40	0	complete	True	0.08496394380927086			983040	48d87bd8bdbbc5f5e1db6ae50f09a2d0f703baa50ad85fcb9fa50ede68ab13ac	[]	/ibex/user/hohndor/km/dynamic-benchmark-20260917/justification-early-case-review-v1/baseline/results/0002/10/km-native
EARLY-REVIEW-baseline	False	0002	mmo	q000	000d25e56e57c9f985e8c2793f62b2510b08e924bd56fa5873a500e4c2922dc9	84ef10f04156f93de25c464f29243f8edc140be9f954eeebb691d1d2bb8027dc	module	2	False	10	km-common	common	ok	True	True	verified	correct	1	1	99f09491838342f11d5b9f24215e451ab5449ee4dfeacaf4a5e37ac30959da40	0	complete	True	2.6152080725878477	0.515872658	0.588820385	134758400	48d87bd8bdbbc5f5e1db6ae50f09a2d0f703baa50ad85fcb9fa50ede68ab13ac	[]	/ibex/user/hohndor/km/dynamic-benchmark-20260917/justification-early-case-review-v1/baseline/results/0002/10/km-common
EARLY-REVIEW-baseline	False	0002	mmo	q000	000d25e56e57c9f985e8c2793f62b2510b08e924bd56fa5873a500e4c2922dc9	84ef10f04156f93de25c464f29243f8edc140be9f954eeebb691d1d2bb8027dc	module	2	False	10	hermit-common	common	ok	True	True	verified	correct	1	1	99f09491838342f11d5b9f24215e451ab5449ee4dfeacaf4a5e37ac30959da40	0	complete	True	2.477594133466482	0.280817825	0.332960524	127303680	48d87bd8bdbbc5f5e1db6ae50f09a2d0f703baa50ad85fcb9fa50ede68ab13ac	[]	/ibex/user/hohndor/km/dynamic-benchmark-20260917/justification-early-case-review-v1/baseline/results/0002/10/hermit-common
EARLY-REVIEW-baseline	False	0002	mmo	q000	000d25e56e57c9f985e8c2793f62b2510b08e924bd56fa5873a500e4c2922dc9	84ef10f04156f93de25c464f29243f8edc140be9f954eeebb691d1d2bb8027dc	module	2	False	10	jfact-common	common	ok	True	True	verified	correct	1	1	99f09491838342f11d5b9f24215e451ab5449ee4dfeacaf4a5e37ac30959da40	0	complete	True	4.014574659988284	0.645591792	0.77141976	178204672	48d87bd8bdbbc5f5e1db6ae50f09a2d0f703baa50ad85fcb9fa50ede68ab13ac	[]	/ibex/user/hohndor/km/dynamic-benchmark-20260917/justification-early-case-review-v1/baseline/results/0002/10/jfact-common
EARLY-REVIEW-baseline	False	0002	mmo	q000	000d25e56e57c9f985e8c2793f62b2510b08e924bd56fa5873a500e4c2922dc9	84ef10f04156f93de25c464f29243f8edc140be9f954eeebb691d1d2bb8027dc	module	2	False	10	openllet-common	common	ok	True	True	verified	correct	1	1	99f09491838342f11d5b9f24215e451ab5449ee4dfeacaf4a5e37ac30959da40	0	complete	True	2.77012200653553	0.427968835	0.482688208	124973056	48d87bd8bdbbc5f5e1db6ae50f09a2d0f703baa50ad85fcb9fa50ede68ab13ac	[]	/ibex/user/hohndor/km/dynamic-benchmark-20260917/justification-early-case-review-v1/baseline/results/0002/10/openllet-common
EARLY-REVIEW-baseline	False	0002	mmo	q000	000d25e56e57c9f985e8c2793f62b2510b08e924bd56fa5873a500e4c2922dc9	84ef10f04156f93de25c464f29243f8edc140be9f954eeebb691d1d2bb8027dc	module	2	False	10	hermit-library	library	ok	True	True	verified	correct	1	1	99f09491838342f11d5b9f24215e451ab5449ee4dfeacaf4a5e37ac30959da40	0	unknown	True	2.7330111991614103	0.364399173	0.551455238	134856704	48d87bd8bdbbc5f5e1db6ae50f09a2d0f703baa50ad85fcb9fa50ede68ab13ac	[]	/ibex/user/hohndor/km/dynamic-benchmark-20260917/justification-early-case-review-v1/baseline/results/0002/10/hermit-library
EARLY-REVIEW-baseline	False	0002	mmo	q000	000d25e56e57c9f985e8c2793f62b2510b08e924bd56fa5873a500e4c2922dc9	84ef10f04156f93de25c464f29243f8edc140be9f954eeebb691d1d2bb8027dc	module	2	False	10	jfact-library	library	ok	True	True	verified	correct	1	1	99f09491838342f11d5b9f24215e451ab5449ee4dfeacaf4a5e37ac30959da40	0	unknown	True	3.894882285967469	0.465787771	0.524178744	171147264	48d87bd8bdbbc5f5e1db6ae50f09a2d0f703baa50ad85fcb9fa50ede68ab13ac	[]	/ibex/user/hohndor/km/dynamic-benchmark-20260917/justification-early-case-review-v1/baseline/results/0002/10/jfact-library
EARLY-REVIEW-baseline	False	0002	mmo	q000	000d25e56e57c9f985e8c2793f62b2510b08e924bd56fa5873a500e4c2922dc9	84ef10f04156f93de25c464f29243f8edc140be9f954eeebb691d1d2bb8027dc	module	2	False	10	openllet-library	library	ok	True	True	verified	correct	1	1	99f09491838342f11d5b9f24215e451ab5449ee4dfeacaf4a5e37ac30959da40	0	unknown	True	2.7838146071881056	0.451364949	0.544940812	128176128	48d87bd8bdbbc5f5e1db6ae50f09a2d0f703baa50ad85fcb9fa50ede68ab13ac	[]	/ibex/user/hohndor/km/dynamic-benchmark-20260917/justification-early-case-review-v1/baseline/results/0002/10/openllet-library
EARLY-REVIEW-baseline	False	0002	mmo	q000	000d25e56e57c9f985e8c2793f62b2510b08e924bd56fa5873a500e4c2922dc9	84ef10f04156f93de25c464f29243f8edc140be9f954eeebb691d1d2bb8027dc	module	2	False	10	konclude-common	common	ok	True	True	verified	correct	1	1	99f09491838342f11d5b9f24215e451ab5449ee4dfeacaf4a5e37ac30959da40	0	complete	True	3.5916165187954903	1.083061834	1.454710488	145076224	48d87bd8bdbbc5f5e1db6ae50f09a2d0f703baa50ad85fcb9fa50ede68ab13ac	[]	/ibex/user/hohndor/km/dynamic-benchmark-20260917/justification-early-case-review-v1/baseline/results/0002/10/konclude-common
EARLY-REVIEW-baseline	False	0002	mmo	q000	000d25e56e57c9f985e8c2793f62b2510b08e924bd56fa5873a500e4c2922dc9	84ef10f04156f93de25c464f29243f8edc140be9f954eeebb691d1d2bb8027dc	module	2	False	10	elk-common	common	ok	True	True	verified	correct	1	1	99f09491838342f11d5b9f24215e451ab5449ee4dfeacaf4a5e37ac30959da40	0	complete	True	2.9264096319675446	0.812637205	0.875673441	143302656	48d87bd8bdbbc5f5e1db6ae50f09a2d0f703baa50ad85fcb9fa50ede68ab13ac	[]	/ibex/user/hohndor/km/dynamic-benchmark-20260917/justification-early-case-review-v1/baseline/results/0002/10/elk-common
EARLY-REVIEW-baseline	False	0002	mmo	q000	000d25e56e57c9f985e8c2793f62b2510b08e924bd56fa5873a500e4c2922dc9	84ef10f04156f93de25c464f29243f8edc140be9f954eeebb691d1d2bb8027dc	module	2	False	10	whelk-common	common	ok	True	True	verified	correct	1	1	99f09491838342f11d5b9f24215e451ab5449ee4dfeacaf4a5e37ac30959da40	0	complete	True	2.676145311444998	0.737207433	0.784097181	126889984	48d87bd8bdbbc5f5e1db6ae50f09a2d0f703baa50ad85fcb9fa50ede68ab13ac	[]	/ibex/user/hohndor/km/dynamic-benchmark-20260917/justification-early-case-review-v1/baseline/results/0002/10/whelk-common
EARLY-REVIEW-baseline	False	0002	mmo	q000	000d25e56e57c9f985e8c2793f62b2510b08e924bd56fa5873a500e4c2922dc9	84ef10f04156f93de25c464f29243f8edc140be9f954eeebb691d1d2bb8027dc	module	2	False	100	km-native	native	ok	True	True	verified	correct	1	1	99f09491838342f11d5b9f24215e451ab5449ee4dfeacaf4a5e37ac30959da40	0	complete	True	0.08372161351144314			0	48d87bd8bdbbc5f5e1db6ae50f09a2d0f703baa50ad85fcb9fa50ede68ab13ac	[]	/ibex/user/hohndor/km/dynamic-benchmark-20260917/justification-early-case-review-v1/baseline/results/0002/100/km-native
EARLY-REVIEW-baseline	False	0002	mmo	q000	000d25e56e57c9f985e8c2793f62b2510b08e924bd56fa5873a500e4c2922dc9	84ef10f04156f93de25c464f29243f8edc140be9f954eeebb691d1d2bb8027dc	module	2	False	100	km-common	common	ok	True	True	verified	correct	1	1	99f09491838342f11d5b9f24215e451ab5449ee4dfeacaf4a5e37ac30959da40	0	complete	True	2.782574150711298	0.646363062	0.705038943	138235904	48d87bd8bdbbc5f5e1db6ae50f09a2d0f703baa50ad85fcb9fa50ede68ab13ac	[]	/ibex/user/hohndor/km/dynamic-benchmark-20260917/justification-early-case-review-v1/baseline/results/0002/100/km-common
EARLY-REVIEW-baseline	False	0002	mmo	q000	000d25e56e57c9f985e8c2793f62b2510b08e924bd56fa5873a500e4c2922dc9	84ef10f04156f93de25c464f29243f8edc140be9f954eeebb691d1d2bb8027dc	module	2	False	100	hermit-common	common	ok	True	True	verified	correct	1	1	99f09491838342f11d5b9f24215e451ab5449ee4dfeacaf4a5e37ac30959da40	0	complete	True	2.410469762980938	0.263928704	0.307533129	122695680	48d87bd8bdbbc5f5e1db6ae50f09a2d0f703baa50ad85fcb9fa50ede68ab13ac	[]	/ibex/user/hohndor/km/dynamic-benchmark-20260917/justification-early-case-review-v1/baseline/results/0002/100/hermit-common
EARLY-REVIEW-baseline	False	0002	mmo	q000	000d25e56e57c9f985e8c2793f62b2510b08e924bd56fa5873a500e4c2922dc9	84ef10f04156f93de25c464f29243f8edc140be9f954eeebb691d1d2bb8027dc	module	2	False	100	jfact-common	common	ok	True	True	verified	correct	1	1	99f09491838342f11d5b9f24215e451ab5449ee4dfeacaf4a5e37ac30959da40	0	complete	True	4.040303010493517	0.671767436	0.800043996	175202304	48d87bd8bdbbc5f5e1db6ae50f09a2d0f703baa50ad85fcb9fa50ede68ab13ac	[]	/ibex/user/hohndor/km/dynamic-benchmark-20260917/justification-early-case-review-v1/baseline/results/0002/100/jfact-common
EARLY-REVIEW-baseline	False	0002	mmo	q000	000d25e56e57c9f985e8c2793f62b2510b08e924bd56fa5873a500e4c2922dc9	84ef10f04156f93de25c464f29243f8edc140be9f954eeebb691d1d2bb8027dc	module	2	False	100	openllet-common	common	ok	True	True	verified	correct	1	1	99f09491838342f11d5b9f24215e451ab5449ee4dfeacaf4a5e37ac30959da40	0	complete	True	2.7383473832160234	0.437147486	0.479693065	130146304	48d87bd8bdbbc5f5e1db6ae50f09a2d0f703baa50ad85fcb9fa50ede68ab13ac	[]	/ibex/user/hohndor/km/dynamic-benchmark-20260917/justification-early-case-review-v1/baseline/results/0002/100/openllet-common
EARLY-REVIEW-baseline	False	0002	mmo	q000	000d25e56e57c9f985e8c2793f62b2510b08e924bd56fa5873a500e4c2922dc9	84ef10f04156f93de25c464f29243f8edc140be9f954eeebb691d1d2bb8027dc	module	2	False	100	hermit-library	library	ok	True	True	verified	correct	1	1	99f09491838342f11d5b9f24215e451ab5449ee4dfeacaf4a5e37ac30959da40	0	unknown	True	2.6791390664875507	0.36306939	0.535502891	130064384	48d87bd8bdbbc5f5e1db6ae50f09a2d0f703baa50ad85fcb9fa50ede68ab13ac	[]	/ibex/user/hohndor/km/dynamic-benchmark-20260917/justification-early-case-review-v1/baseline/results/0002/100/hermit-library
EARLY-REVIEW-baseline	False	0002	mmo	q000	000d25e56e57c9f985e8c2793f62b2510b08e924bd56fa5873a500e4c2922dc9	84ef10f04156f93de25c464f29243f8edc140be9f954eeebb691d1d2bb8027dc	module	2	False	100	jfact-library	library	ok	True	True	verified	correct	1	1	99f09491838342f11d5b9f24215e451ab5449ee4dfeacaf4a5e37ac30959da40	0	unknown	True	3.793529810383916	0.459841324	0.516185329	166998016	48d87bd8bdbbc5f5e1db6ae50f09a2d0f703baa50ad85fcb9fa50ede68ab13ac	[]	/ibex/user/hohndor/km/dynamic-benchmark-20260917/justification-early-case-review-v1/baseline/results/0002/100/jfact-library
EARLY-REVIEW-baseline	False	0002	mmo	q000	000d25e56e57c9f985e8c2793f62b2510b08e924bd56fa5873a500e4c2922dc9	84ef10f04156f93de25c464f29243f8edc140be9f954eeebb691d1d2bb8027dc	module	2	False	100	openllet-library	library	ok	True	True	verified	correct	1	1	99f09491838342f11d5b9f24215e451ab5449ee4dfeacaf4a5e37ac30959da40	0	unknown	True	2.7946017365902662	0.472434911	0.560965872	129269760	48d87bd8bdbbc5f5e1db6ae50f09a2d0f703baa50ad85fcb9fa50ede68ab13ac	[]	/ibex/user/hohndor/km/dynamic-benchmark-20260917/justification-early-case-review-v1/baseline/results/0002/100/openllet-library
EARLY-REVIEW-baseline	False	0002	mmo	q000	000d25e56e57c9f985e8c2793f62b2510b08e924bd56fa5873a500e4c2922dc9	84ef10f04156f93de25c464f29243f8edc140be9f954eeebb691d1d2bb8027dc	module	2	False	100	konclude-common	common	ok	True	True	verified	correct	1	1	99f09491838342f11d5b9f24215e451ab5449ee4dfeacaf4a5e37ac30959da40	0	complete	True	3.643687317147851	1.222491099	1.592831407	173133824	48d87bd8bdbbc5f5e1db6ae50f09a2d0f703baa50ad85fcb9fa50ede68ab13ac	[]	/ibex/user/hohndor/km/dynamic-benchmark-20260917/justification-early-case-review-v1/baseline/results/0002/100/konclude-common
EARLY-REVIEW-baseline	False	0002	mmo	q000	000d25e56e57c9f985e8c2793f62b2510b08e924bd56fa5873a500e4c2922dc9	84ef10f04156f93de25c464f29243f8edc140be9f954eeebb691d1d2bb8027dc	module	2	False	100	elk-common	common	ok	True	True	verified	correct	1	1	99f09491838342f11d5b9f24215e451ab5449ee4dfeacaf4a5e37ac30959da40	0	complete	True	2.83778615295887	0.800513063	0.845215366	135507968	48d87bd8bdbbc5f5e1db6ae50f09a2d0f703baa50ad85fcb9fa50ede68ab13ac	[]	/ibex/user/hohndor/km/dynamic-benchmark-20260917/justification-early-case-review-v1/baseline/results/0002/100/elk-common
EARLY-REVIEW-baseline	False	0002	mmo	q000	000d25e56e57c9f985e8c2793f62b2510b08e924bd56fa5873a500e4c2922dc9	84ef10f04156f93de25c464f29243f8edc140be9f954eeebb691d1d2bb8027dc	module	2	False	100	whelk-common	common	ok	True	True	verified	correct	1	1	99f09491838342f11d5b9f24215e451ab5449ee4dfeacaf4a5e37ac30959da40	0	complete	True	2.6087404172867537	0.785802872	0.813456222	128536576	48d87bd8bdbbc5f5e1db6ae50f09a2d0f703baa50ad85fcb9fa50ede68ab13ac	[]	/ibex/user/hohndor/km/dynamic-benchmark-20260917/justification-early-case-review-v1/baseline/results/0002/100/whelk-common
EARLY-REVIEW-baseline	False	0003	mmo	q000	000d25e56e57c9f985e8c2793f62b2510b08e924bd56fa5873a500e4c2922dc9	84ef10f04156f93de25c464f29243f8edc140be9f954eeebb691d1d2bb8027dc	module	3	False	1	km-native	native	ok	True	True	verified	correct	1	1	99f09491838342f11d5b9f24215e451ab5449ee4dfeacaf4a5e37ac30959da40	0	bounded_or_unfinished	True	0.08428983204066753			1310720	48d87bd8bdbbc5f5e1db6ae50f09a2d0f703baa50ad85fcb9fa50ede68ab13ac	[]	/ibex/user/hohndor/km/dynamic-benchmark-20260917/justification-early-case-review-v1/baseline/results/0003/1/km-native
EARLY-REVIEW-baseline	False	0003	mmo	q000	000d25e56e57c9f985e8c2793f62b2510b08e924bd56fa5873a500e4c2922dc9	84ef10f04156f93de25c464f29243f8edc140be9f954eeebb691d1d2bb8027dc	module	3	False	1	km-common	common	ok	True	True	verified	correct	1	1	99f09491838342f11d5b9f24215e451ab5449ee4dfeacaf4a5e37ac30959da40	0	bounded_or_unfinished	True	2.629208778962493	0.535877551	0.536254488	134729728	48d87bd8bdbbc5f5e1db6ae50f09a2d0f703baa50ad85fcb9fa50ede68ab13ac	[]	/ibex/user/hohndor/km/dynamic-benchmark-20260917/justification-early-case-review-v1/baseline/results/0003/1/km-common
EARLY-REVIEW-baseline	False	0003	mmo	q000	000d25e56e57c9f985e8c2793f62b2510b08e924bd56fa5873a500e4c2922dc9	84ef10f04156f93de25c464f29243f8edc140be9f954eeebb691d1d2bb8027dc	module	3	False	1	hermit-common	common	ok	True	True	verified	correct	1	1	99f09491838342f11d5b9f24215e451ab5449ee4dfeacaf4a5e37ac30959da40	0	bounded_or_unfinished	True	2.4030151069164276	0.262531195	0.263684414	118034432	48d87bd8bdbbc5f5e1db6ae50f09a2d0f703baa50ad85fcb9fa50ede68ab13ac	[]	/ibex/user/hohndor/km/dynamic-benchmark-20260917/justification-early-case-review-v1/baseline/results/0003/1/hermit-common
EARLY-REVIEW-baseline	False	0003	mmo	q000	000d25e56e57c9f985e8c2793f62b2510b08e924bd56fa5873a500e4c2922dc9	84ef10f04156f93de25c464f29243f8edc140be9f954eeebb691d1d2bb8027dc	module	3	False	1	jfact-common	common	ok	True	True	verified	correct	1	1	99f09491838342f11d5b9f24215e451ab5449ee4dfeacaf4a5e37ac30959da40	0	bounded_or_unfinished	True	3.9272845163941383	0.693363839	0.693717357	174968832	48d87bd8bdbbc5f5e1db6ae50f09a2d0f703baa50ad85fcb9fa50ede68ab13ac	[]	/ibex/user/hohndor/km/dynamic-benchmark-20260917/justification-early-case-review-v1/baseline/results/0003/1/jfact-common
EARLY-REVIEW-baseline	False	0003	mmo	q000	000d25e56e57c9f985e8c2793f62b2510b08e924bd56fa5873a500e4c2922dc9	84ef10f04156f93de25c464f29243f8edc140be9f954eeebb691d1d2bb8027dc	module	3	False	1	openllet-common	common	ok	True	True	verified	correct	1	1	99f09491838342f11d5b9f24215e451ab5449ee4dfeacaf4a5e37ac30959da40	0	bounded_or_unfinished	True	2.754490412771702	0.443514303	0.444448254	130019328	48d87bd8bdbbc5f5e1db6ae50f09a2d0f703baa50ad85fcb9fa50ede68ab13ac	[]	/ibex/user/hohndor/km/dynamic-benchmark-20260917/justification-early-case-review-v1/baseline/results/0003/1/openllet-common
EARLY-REVIEW-baseline	False	0003	mmo	q000	000d25e56e57c9f985e8c2793f62b2510b08e924bd56fa5873a500e4c2922dc9	84ef10f04156f93de25c464f29243f8edc140be9f954eeebb691d1d2bb8027dc	module	3	False	1	hermit-library	library	ok	True	True	verified	correct	1	1	99f09491838342f11d5b9f24215e451ab5449ee4dfeacaf4a5e37ac30959da40	0	unknown	True	2.578799247741699	0.403101812	0.403410212	123355136	48d87bd8bdbbc5f5e1db6ae50f09a2d0f703baa50ad85fcb9fa50ede68ab13ac	[]	/ibex/user/hohndor/km/dynamic-benchmark-20260917/justification-early-case-review-v1/baseline/results/0003/1/hermit-library
EARLY-REVIEW-baseline	False	0003	mmo	q000	000d25e56e57c9f985e8c2793f62b2510b08e924bd56fa5873a500e4c2922dc9	84ef10f04156f93de25c464f29243f8edc140be9f954eeebb691d1d2bb8027dc	module	3	False	1	jfact-library	library	ok	True	True	verified	correct	1	1	99f09491838342f11d5b9f24215e451ab5449ee4dfeacaf4a5e37ac30959da40	0	unknown	True	3.7764624934643507	0.429401692	0.429750519	164114432	48d87bd8bdbbc5f5e1db6ae50f09a2d0f703baa50ad85fcb9fa50ede68ab13ac	[]	/ibex/user/hohndor/km/dynamic-benchmark-20260917/justification-early-case-review-v1/baseline/results/0003/1/jfact-library
EARLY-REVIEW-baseline	False	0003	mmo	q000	000d25e56e57c9f985e8c2793f62b2510b08e924bd56fa5873a500e4c2922dc9	84ef10f04156f93de25c464f29243f8edc140be9f954eeebb691d1d2bb8027dc	module	3	False	1	openllet-library	library	ok	True	True	verified	correct	1	1	99f09491838342f11d5b9f24215e451ab5449ee4dfeacaf4a5e37ac30959da40	0	unknown	True	2.7335128001868725	0.444080577	0.444344048	128053248	48d87bd8bdbbc5f5e1db6ae50f09a2d0f703baa50ad85fcb9fa50ede68ab13ac	[]	/ibex/user/hohndor/km/dynamic-benchmark-20260917/justification-early-case-review-v1/baseline/results/0003/1/openllet-library
EARLY-REVIEW-baseline	False	0003	mmo	q000	000d25e56e57c9f985e8c2793f62b2510b08e924bd56fa5873a500e4c2922dc9	84ef10f04156f93de25c464f29243f8edc140be9f954eeebb691d1d2bb8027dc	module	3	False	1	konclude-common	common	ok	True	True	verified	correct	1	1	99f09491838342f11d5b9f24215e451ab5449ee4dfeacaf4a5e37ac30959da40	0	bounded_or_unfinished	True	3.1884302757680416	1.14646401	1.146883696	142987264	48d87bd8bdbbc5f5e1db6ae50f09a2d0f703baa50ad85fcb9fa50ede68ab13ac	[]	/ibex/user/hohndor/km/dynamic-benchmark-20260917/justification-early-case-review-v1/baseline/results/0003/1/konclude-common
EARLY-REVIEW-baseline	False	0003	mmo	q000	000d25e56e57c9f985e8c2793f62b2510b08e924bd56fa5873a500e4c2922dc9	84ef10f04156f93de25c464f29243f8edc140be9f954eeebb691d1d2bb8027dc	module	3	False	1	elk-common	common	ok	True	True	verified	correct	1	1	99f09491838342f11d5b9f24215e451ab5449ee4dfeacaf4a5e37ac30959da40	0	bounded_or_unfinished	True	2.91865642555058	0.825546933	0.826007162	135716864	48d87bd8bdbbc5f5e1db6ae50f09a2d0f703baa50ad85fcb9fa50ede68ab13ac	[]	/ibex/user/hohndor/km/dynamic-benchmark-20260917/justification-early-case-review-v1/baseline/results/0003/1/elk-common
EARLY-REVIEW-baseline	False	0003	mmo	q000	000d25e56e57c9f985e8c2793f62b2510b08e924bd56fa5873a500e4c2922dc9	84ef10f04156f93de25c464f29243f8edc140be9f954eeebb691d1d2bb8027dc	module	3	False	1	whelk-common	common	ok	True	True	verified	correct	1	1	99f09491838342f11d5b9f24215e451ab5449ee4dfeacaf4a5e37ac30959da40	0	bounded_or_unfinished	True	2.587924376130104	0.749587036	0.749930912	132673536	48d87bd8bdbbc5f5e1db6ae50f09a2d0f703baa50ad85fcb9fa50ede68ab13ac	[]	/ibex/user/hohndor/km/dynamic-benchmark-20260917/justification-early-case-review-v1/baseline/results/0003/1/whelk-common
EARLY-REVIEW-baseline	False	0003	mmo	q000	000d25e56e57c9f985e8c2793f62b2510b08e924bd56fa5873a500e4c2922dc9	84ef10f04156f93de25c464f29243f8edc140be9f954eeebb691d1d2bb8027dc	module	3	False	10	km-native	native	ok	True	True	verified	correct	1	1	99f09491838342f11d5b9f24215e451ab5449ee4dfeacaf4a5e37ac30959da40	0	complete	True	0.08493477664887905			983040	48d87bd8bdbbc5f5e1db6ae50f09a2d0f703baa50ad85fcb9fa50ede68ab13ac	[]	/ibex/user/hohndor/km/dynamic-benchmark-20260917/justification-early-case-review-v1/baseline/results/0003/10/km-native
EARLY-REVIEW-baseline	False	0003	mmo	q000	000d25e56e57c9f985e8c2793f62b2510b08e924bd56fa5873a500e4c2922dc9	84ef10f04156f93de25c464f29243f8edc140be9f954eeebb691d1d2bb8027dc	module	3	False	10	km-common	common	ok	True	True	verified	correct	1	1	99f09491838342f11d5b9f24215e451ab5449ee4dfeacaf4a5e37ac30959da40	0	complete	True	2.7515309117734432	0.577098396	0.647294353	132755456	48d87bd8bdbbc5f5e1db6ae50f09a2d0f703baa50ad85fcb9fa50ede68ab13ac	[]	/ibex/user/hohndor/km/dynamic-benchmark-20260917/justification-early-case-review-v1/baseline/results/0003/10/km-common
EARLY-REVIEW-baseline	False	0003	mmo	q000	000d25e56e57c9f985e8c2793f62b2510b08e924bd56fa5873a500e4c2922dc9	84ef10f04156f93de25c464f29243f8edc140be9f954eeebb691d1d2bb8027dc	module	3	False	10	hermit-common	common	ok	True	True	verified	correct	1	1	99f09491838342f11d5b9f24215e451ab5449ee4dfeacaf4a5e37ac30959da40	0	complete	True	2.418480886146426	0.309788414	0.342699333	120614912	48d87bd8bdbbc5f5e1db6ae50f09a2d0f703baa50ad85fcb9fa50ede68ab13ac	[]	/ibex/user/hohndor/km/dynamic-benchmark-20260917/justification-early-case-review-v1/baseline/results/0003/10/hermit-common
EARLY-REVIEW-baseline	False	0003	mmo	q000	000d25e56e57c9f985e8c2793f62b2510b08e924bd56fa5873a500e4c2922dc9	84ef10f04156f93de25c464f29243f8edc140be9f954eeebb691d1d2bb8027dc	module	3	False	10	jfact-common	common	ok	True	True	verified	correct	1	1	99f09491838342f11d5b9f24215e451ab5449ee4dfeacaf4a5e37ac30959da40	0	complete	True	3.968535367399454	0.625672009	0.747457863	170246144	48d87bd8bdbbc5f5e1db6ae50f09a2d0f703baa50ad85fcb9fa50ede68ab13ac	[]	/ibex/user/hohndor/km/dynamic-benchmark-20260917/justification-early-case-review-v1/baseline/results/0003/10/jfact-common
EARLY-REVIEW-baseline	False	0003	mmo	q000	000d25e56e57c9f985e8c2793f62b2510b08e924bd56fa5873a500e4c2922dc9	84ef10f04156f93de25c464f29243f8edc140be9f954eeebb691d1d2bb8027dc	module	3	False	10	openllet-common	common	ok	True	True	verified	correct	1	1	99f09491838342f11d5b9f24215e451ab5449ee4dfeacaf4a5e37ac30959da40	0	complete	True	2.7480584140866995	0.450824727	0.484760679	131420160	48d87bd8bdbbc5f5e1db6ae50f09a2d0f703baa50ad85fcb9fa50ede68ab13ac	[]	/ibex/user/hohndor/km/dynamic-benchmark-20260917/justification-early-case-review-v1/baseline/results/0003/10/openllet-common
EARLY-REVIEW-baseline	False	0003	mmo	q000	000d25e56e57c9f985e8c2793f62b2510b08e924bd56fa5873a500e4c2922dc9	84ef10f04156f93de25c464f29243f8edc140be9f954eeebb691d1d2bb8027dc	module	3	False	10	hermit-library	library	ok	True	True	verified	correct	1	1	99f09491838342f11d5b9f24215e451ab5449ee4dfeacaf4a5e37ac30959da40	0	unknown	True	2.739615896716714	0.375756704	0.564292174	130494464	48d87bd8bdbbc5f5e1db6ae50f09a2d0f703baa50ad85fcb9fa50ede68ab13ac	[]	/ibex/user/hohndor/km/dynamic-benchmark-20260917/justification-early-case-review-v1/baseline/results/0003/10/hermit-library
EARLY-REVIEW-baseline	False	0003	mmo	q000	000d25e56e57c9f985e8c2793f62b2510b08e924bd56fa5873a500e4c2922dc9	84ef10f04156f93de25c464f29243f8edc140be9f954eeebb691d1d2bb8027dc	module	3	False	10	jfact-library	library	ok	True	True	verified	correct	1	1	99f09491838342f11d5b9f24215e451ab5449ee4dfeacaf4a5e37ac30959da40	0	unknown	True	3.890915770083666	0.485769176	0.544740299	171646976	48d87bd8bdbbc5f5e1db6ae50f09a2d0f703baa50ad85fcb9fa50ede68ab13ac	[]	/ibex/user/hohndor/km/dynamic-benchmark-20260917/justification-early-case-review-v1/baseline/results/0003/10/jfact-library
EARLY-REVIEW-baseline	False	0003	mmo	q000	000d25e56e57c9f985e8c2793f62b2510b08e924bd56fa5873a500e4c2922dc9	84ef10f04156f93de25c464f29243f8edc140be9f954eeebb691d1d2bb8027dc	module	3	False	10	openllet-library	library	ok	True	True	verified	correct	1	1	99f09491838342f11d5b9f24215e451ab5449ee4dfeacaf4a5e37ac30959da40	0	unknown	True	2.8037048559635878	0.443767175	0.530114599	127008768	48d87bd8bdbbc5f5e1db6ae50f09a2d0f703baa50ad85fcb9fa50ede68ab13ac	[]	/ibex/user/hohndor/km/dynamic-benchmark-20260917/justification-early-case-review-v1/baseline/results/0003/10/openllet-library
EARLY-REVIEW-baseline	False	0003	mmo	q000	000d25e56e57c9f985e8c2793f62b2510b08e924bd56fa5873a500e4c2922dc9	84ef10f04156f93de25c464f29243f8edc140be9f954eeebb691d1d2bb8027dc	module	3	False	10	konclude-common	common	ok	True	True	verified	correct	1	1	99f09491838342f11d5b9f24215e451ab5449ee4dfeacaf4a5e37ac30959da40	0	complete	True	3.615718951448798	1.1118777	1.502172923	164343808	48d87bd8bdbbc5f5e1db6ae50f09a2d0f703baa50ad85fcb9fa50ede68ab13ac	[]	/ibex/user/hohndor/km/dynamic-benchmark-20260917/justification-early-case-review-v1/baseline/results/0003/10/konclude-common
EARLY-REVIEW-baseline	False	0003	mmo	q000	000d25e56e57c9f985e8c2793f62b2510b08e924bd56fa5873a500e4c2922dc9	84ef10f04156f93de25c464f29243f8edc140be9f954eeebb691d1d2bb8027dc	module	3	False	10	elk-common	common	ok	True	True	verified	correct	1	1	99f09491838342f11d5b9f24215e451ab5449ee4dfeacaf4a5e37ac30959da40	0	complete	True	2.846114305779338	0.834170193	0.898221715	133591040	48d87bd8bdbbc5f5e1db6ae50f09a2d0f703baa50ad85fcb9fa50ede68ab13ac	[]	/ibex/user/hohndor/km/dynamic-benchmark-20260917/justification-early-case-review-v1/baseline/results/0003/10/elk-common
EARLY-REVIEW-baseline	False	0003	mmo	q000	000d25e56e57c9f985e8c2793f62b2510b08e924bd56fa5873a500e4c2922dc9	84ef10f04156f93de25c464f29243f8edc140be9f954eeebb691d1d2bb8027dc	module	3	False	10	whelk-common	common	ok	True	True	verified	correct	1	1	99f09491838342f11d5b9f24215e451ab5449ee4dfeacaf4a5e37ac30959da40	0	complete	True	2.52344754897058	0.755156695	0.802789554	128876544	48d87bd8bdbbc5f5e1db6ae50f09a2d0f703baa50ad85fcb9fa50ede68ab13ac	[]	/ibex/user/hohndor/km/dynamic-benchmark-20260917/justification-early-case-review-v1/baseline/results/0003/10/whelk-common
EARLY-REVIEW-baseline	False	0003	mmo	q000	000d25e56e57c9f985e8c2793f62b2510b08e924bd56fa5873a500e4c2922dc9	84ef10f04156f93de25c464f29243f8edc140be9f954eeebb691d1d2bb8027dc	module	3	False	100	km-native	native	ok	True	True	verified	correct	1	1	99f09491838342f11d5b9f24215e451ab5449ee4dfeacaf4a5e37ac30959da40	0	complete	True	0.08448969572782516			1310720	48d87bd8bdbbc5f5e1db6ae50f09a2d0f703baa50ad85fcb9fa50ede68ab13ac	[]	/ibex/user/hohndor/km/dynamic-benchmark-20260917/justification-early-case-review-v1/baseline/results/0003/100/km-native
EARLY-REVIEW-baseline	False	0003	mmo	q000	000d25e56e57c9f985e8c2793f62b2510b08e924bd56fa5873a500e4c2922dc9	84ef10f04156f93de25c464f29243f8edc140be9f954eeebb691d1d2bb8027dc	module	3	False	100	km-common	common	ok	True	True	verified	correct	1	1	99f09491838342f11d5b9f24215e451ab5449ee4dfeacaf4a5e37ac30959da40	0	complete	True	2.73844082839787	0.527639126	0.60050327	132390912	48d87bd8bdbbc5f5e1db6ae50f09a2d0f703baa50ad85fcb9fa50ede68ab13ac	[]	/ibex/user/hohndor/km/dynamic-benchmark-20260917/justification-early-case-review-v1/baseline/results/0003/100/km-common
EARLY-REVIEW-baseline	False	0003	mmo	q000	000d25e56e57c9f985e8c2793f62b2510b08e924bd56fa5873a500e4c2922dc9	84ef10f04156f93de25c464f29243f8edc140be9f954eeebb691d1d2bb8027dc	module	3	False	100	hermit-common	common	ok	True	True	verified	correct	1	1	99f09491838342f11d5b9f24215e451ab5449ee4dfeacaf4a5e37ac30959da40	0	complete	True	2.459927547723055	0.31118587	0.361404577	125263872	48d87bd8bdbbc5f5e1db6ae50f09a2d0f703baa50ad85fcb9fa50ede68ab13ac	[]	/ibex/user/hohndor/km/dynamic-benchmark-20260917/justification-early-case-review-v1/baseline/results/0003/100/hermit-common
EARLY-REVIEW-baseline	False	0003	mmo	q000	000d25e56e57c9f985e8c2793f62b2510b08e924bd56fa5873a500e4c2922dc9	84ef10f04156f93de25c464f29243f8edc140be9f954eeebb691d1d2bb8027dc	module	3	False	100	jfact-common	common	ok	True	True	verified	correct	1	1	99f09491838342f11d5b9f24215e451ab5449ee4dfeacaf4a5e37ac30959da40	0	complete	True	4.151697447523475	0.671910235	0.816961967	179118080	48d87bd8bdbbc5f5e1db6ae50f09a2d0f703baa50ad85fcb9fa50ede68ab13ac	[]	/ibex/user/hohndor/km/dynamic-benchmark-20260917/justification-early-case-review-v1/baseline/results/0003/100/jfact-common
EARLY-REVIEW-baseline	False	0003	mmo	q000	000d25e56e57c9f985e8c2793f62b2510b08e924bd56fa5873a500e4c2922dc9	84ef10f04156f93de25c464f29243f8edc140be9f954eeebb691d1d2bb8027dc	module	3	False	100	openllet-common	common	ok	True	True	verified	correct	1	1	99f09491838342f11d5b9f24215e451ab5449ee4dfeacaf4a5e37ac30959da40	0	complete	True	2.790901020169258	0.463905014	0.503304298	126816256	48d87bd8bdbbc5f5e1db6ae50f09a2d0f703baa50ad85fcb9fa50ede68ab13ac	[]	/ibex/user/hohndor/km/dynamic-benchmark-20260917/justification-early-case-review-v1/baseline/results/0003/100/openllet-common
EARLY-REVIEW-baseline	False	0003	mmo	q000	000d25e56e57c9f985e8c2793f62b2510b08e924bd56fa5873a500e4c2922dc9	84ef10f04156f93de25c464f29243f8edc140be9f954eeebb691d1d2bb8027dc	module	3	False	100	hermit-library	library	ok	True	True	verified	correct	1	1	99f09491838342f11d5b9f24215e451ab5449ee4dfeacaf4a5e37ac30959da40	0	unknown	True	2.605359259992838	0.377823896	0.545995437	130277376	48d87bd8bdbbc5f5e1db6ae50f09a2d0f703baa50ad85fcb9fa50ede68ab13ac	[]	/ibex/user/hohndor/km/dynamic-benchmark-20260917/justification-early-case-review-v1/baseline/results/0003/100/hermit-library
EARLY-REVIEW-baseline	False	0003	mmo	q000	000d25e56e57c9f985e8c2793f62b2510b08e924bd56fa5873a500e4c2922dc9	84ef10f04156f93de25c464f29243f8edc140be9f954eeebb691d1d2bb8027dc	module	3	False	100	jfact-library	library	ok	True	True	verified	correct	1	1	99f09491838342f11d5b9f24215e451ab5449ee4dfeacaf4a5e37ac30959da40	0	unknown	True	3.875330165028572	0.444723891	0.539216473	164519936	48d87bd8bdbbc5f5e1db6ae50f09a2d0f703baa50ad85fcb9fa50ede68ab13ac	[]	/ibex/user/hohndor/km/dynamic-benchmark-20260917/justification-early-case-review-v1/baseline/results/0003/100/jfact-library
EARLY-REVIEW-baseline	False	0003	mmo	q000	000d25e56e57c9f985e8c2793f62b2510b08e924bd56fa5873a500e4c2922dc9	84ef10f04156f93de25c464f29243f8edc140be9f954eeebb691d1d2bb8027dc	module	3	False	100	openllet-library	library	ok	True	True	verified	correct	1	1	99f09491838342f11d5b9f24215e451ab5449ee4dfeacaf4a5e37ac30959da40	0	unknown	True	2.829768819734454	0.462013835	0.548400071	125706240	48d87bd8bdbbc5f5e1db6ae50f09a2d0f703baa50ad85fcb9fa50ede68ab13ac	[]	/ibex/user/hohndor/km/dynamic-benchmark-20260917/justification-early-case-review-v1/baseline/results/0003/100/openllet-library
EARLY-REVIEW-baseline	False	0003	mmo	q000	000d25e56e57c9f985e8c2793f62b2510b08e924bd56fa5873a500e4c2922dc9	84ef10f04156f93de25c464f29243f8edc140be9f954eeebb691d1d2bb8027dc	module	3	False	100	konclude-common	common	ok	True	True	verified	correct	1	1	99f09491838342f11d5b9f24215e451ab5449ee4dfeacaf4a5e37ac30959da40	0	complete	True	3.8136693108826876	1.200048452	1.585640773	159301632	48d87bd8bdbbc5f5e1db6ae50f09a2d0f703baa50ad85fcb9fa50ede68ab13ac	[]	/ibex/user/hohndor/km/dynamic-benchmark-20260917/justification-early-case-review-v1/baseline/results/0003/100/konclude-common
EARLY-REVIEW-baseline	False	0003	mmo	q000	000d25e56e57c9f985e8c2793f62b2510b08e924bd56fa5873a500e4c2922dc9	84ef10f04156f93de25c464f29243f8edc140be9f954eeebb691d1d2bb8027dc	module	3	False	100	elk-common	common	ok	True	True	verified	correct	1	1	99f09491838342f11d5b9f24215e451ab5449ee4dfeacaf4a5e37ac30959da40	0	complete	True	2.9804411809891462	0.804307844	0.851679929	138678272	48d87bd8bdbbc5f5e1db6ae50f09a2d0f703baa50ad85fcb9fa50ede68ab13ac	[]	/ibex/user/hohndor/km/dynamic-benchmark-20260917/justification-early-case-review-v1/baseline/results/0003/100/elk-common
EARLY-REVIEW-baseline	False	0003	mmo	q000	000d25e56e57c9f985e8c2793f62b2510b08e924bd56fa5873a500e4c2922dc9	84ef10f04156f93de25c464f29243f8edc140be9f954eeebb691d1d2bb8027dc	module	3	False	100	whelk-common	common	ok	True	True	verified	correct	1	1	99f09491838342f11d5b9f24215e451ab5449ee4dfeacaf4a5e37ac30959da40	0	complete	True	2.6204541735351086	0.798990093	0.82136224	131379200	48d87bd8bdbbc5f5e1db6ae50f09a2d0f703baa50ad85fcb9fa50ede68ab13ac	[]	/ibex/user/hohndor/km/dynamic-benchmark-20260917/justification-early-case-review-v1/baseline/results/0003/100/whelk-common
EARLY-REVIEW-baseline	False	0004	mmo	q000	000d25e56e57c9f985e8c2793f62b2510b08e924bd56fa5873a500e4c2922dc9	84ef10f04156f93de25c464f29243f8edc140be9f954eeebb691d1d2bb8027dc	module	4	False	1	km-native	native	ok	True	True	verified	correct	1	1	99f09491838342f11d5b9f24215e451ab5449ee4dfeacaf4a5e37ac30959da40	0	bounded_or_unfinished	True	0.1626331564038992			0	48d87bd8bdbbc5f5e1db6ae50f09a2d0f703baa50ad85fcb9fa50ede68ab13ac	[]	/ibex/user/hohndor/km/dynamic-benchmark-20260917/justification-early-case-review-v1/baseline/results/0004/1/km-native
EARLY-REVIEW-baseline	False	0004	mmo	q000	000d25e56e57c9f985e8c2793f62b2510b08e924bd56fa5873a500e4c2922dc9	84ef10f04156f93de25c464f29243f8edc140be9f954eeebb691d1d2bb8027dc	module	4	False	1	km-common	common	ok	True	True	verified	correct	1	1	99f09491838342f11d5b9f24215e451ab5449ee4dfeacaf4a5e37ac30959da40	0	bounded_or_unfinished	True	2.583418456837535	0.506974536	0.507329759	139726848	48d87bd8bdbbc5f5e1db6ae50f09a2d0f703baa50ad85fcb9fa50ede68ab13ac	[]	/ibex/user/hohndor/km/dynamic-benchmark-20260917/justification-early-case-review-v1/baseline/results/0004/1/km-common
EARLY-REVIEW-baseline	False	0004	mmo	q000	000d25e56e57c9f985e8c2793f62b2510b08e924bd56fa5873a500e4c2922dc9	84ef10f04156f93de25c464f29243f8edc140be9f954eeebb691d1d2bb8027dc	module	4	False	1	hermit-common	common	ok	True	True	verified	correct	1	1	99f09491838342f11d5b9f24215e451ab5449ee4dfeacaf4a5e37ac30959da40	0	bounded_or_unfinished	True	2.3564479872584343	0.25890184	0.260012001	123711488	48d87bd8bdbbc5f5e1db6ae50f09a2d0f703baa50ad85fcb9fa50ede68ab13ac	[]	/ibex/user/hohndor/km/dynamic-benchmark-20260917/justification-early-case-review-v1/baseline/results/0004/1/hermit-common
EARLY-REVIEW-baseline	False	0004	mmo	q000	000d25e56e57c9f985e8c2793f62b2510b08e924bd56fa5873a500e4c2922dc9	84ef10f04156f93de25c464f29243f8edc140be9f954eeebb691d1d2bb8027dc	module	4	False	1	jfact-common	common	ok	True	True	verified	correct	1	1	99f09491838342f11d5b9f24215e451ab5449ee4dfeacaf4a5e37ac30959da40	0	bounded_or_unfinished	True	3.781537886708975	0.656813155	0.657167933	169975808	48d87bd8bdbbc5f5e1db6ae50f09a2d0f703baa50ad85fcb9fa50ede68ab13ac	[]	/ibex/user/hohndor/km/dynamic-benchmark-20260917/justification-early-case-review-v1/baseline/results/0004/1/jfact-common
EARLY-REVIEW-baseline	False	0004	mmo	q000	000d25e56e57c9f985e8c2793f62b2510b08e924bd56fa5873a500e4c2922dc9	84ef10f04156f93de25c464f29243f8edc140be9f954eeebb691d1d2bb8027dc	module	4	False	1	openllet-common	common	ok	True	True	verified	correct	1	1	99f09491838342f11d5b9f24215e451ab5449ee4dfeacaf4a5e37ac30959da40	0	bounded_or_unfinished	True	2.5472292490303516	0.439761145	0.440406229	130318336	48d87bd8bdbbc5f5e1db6ae50f09a2d0f703baa50ad85fcb9fa50ede68ab13ac	[]	/ibex/user/hohndor/km/dynamic-benchmark-20260917/justification-early-case-review-v1/baseline/results/0004/1/openllet-common
EARLY-REVIEW-baseline	False	0004	mmo	q000	000d25e56e57c9f985e8c2793f62b2510b08e924bd56fa5873a500e4c2922dc9	84ef10f04156f93de25c464f29243f8edc140be9f954eeebb691d1d2bb8027dc	module	4	False	1	hermit-library	library	ok	True	True	verified	correct	1	1	99f09491838342f11d5b9f24215e451ab5449ee4dfeacaf4a5e37ac30959da40	0	unknown	True	2.529973369091749	0.388144094	0.388424075	127512576	48d87bd8bdbbc5f5e1db6ae50f09a2d0f703baa50ad85fcb9fa50ede68ab13ac	[]	/ibex/user/hohndor/km/dynamic-benchmark-20260917/justification-early-case-review-v1/baseline/results/0004/1/hermit-library
EARLY-REVIEW-baseline	False	0004	mmo	q000	000d25e56e57c9f985e8c2793f62b2510b08e924bd56fa5873a500e4c2922dc9	84ef10f04156f93de25c464f29243f8edc140be9f954eeebb691d1d2bb8027dc	module	4	False	1	jfact-library	library	ok	True	True	verified	correct	1	1	99f09491838342f11d5b9f24215e451ab5449ee4dfeacaf4a5e37ac30959da40	0	unknown	True	3.677673840895295	0.419968809	0.420237924	166363136	48d87bd8bdbbc5f5e1db6ae50f09a2d0f703baa50ad85fcb9fa50ede68ab13ac	[]	/ibex/user/hohndor/km/dynamic-benchmark-20260917/justification-early-case-review-v1/baseline/results/0004/1/jfact-library
EARLY-REVIEW-baseline	False	0004	mmo	q000	000d25e56e57c9f985e8c2793f62b2510b08e924bd56fa5873a500e4c2922dc9	84ef10f04156f93de25c464f29243f8edc140be9f954eeebb691d1d2bb8027dc	module	4	False	1	openllet-library	library	ok	True	True	verified	correct	1	1	99f09491838342f11d5b9f24215e451ab5449ee4dfeacaf4a5e37ac30959da40	0	unknown	True	2.7678245417773724	0.462861896	0.463118313	128196608	48d87bd8bdbbc5f5e1db6ae50f09a2d0f703baa50ad85fcb9fa50ede68ab13ac	[]	/ibex/user/hohndor/km/dynamic-benchmark-20260917/justification-early-case-review-v1/baseline/results/0004/1/openllet-library
EARLY-REVIEW-baseline	False	0004	mmo	q000	000d25e56e57c9f985e8c2793f62b2510b08e924bd56fa5873a500e4c2922dc9	84ef10f04156f93de25c464f29243f8edc140be9f954eeebb691d1d2bb8027dc	module	4	False	1	konclude-common	common	ok	True	True	verified	correct	1	1	99f09491838342f11d5b9f24215e451ab5449ee4dfeacaf4a5e37ac30959da40	0	bounded_or_unfinished	True	3.122098160907626	1.116213206	1.116640768	159682560	48d87bd8bdbbc5f5e1db6ae50f09a2d0f703baa50ad85fcb9fa50ede68ab13ac	[]	/ibex/user/hohndor/km/dynamic-benchmark-20260917/justification-early-case-review-v1/baseline/results/0004/1/konclude-common
EARLY-REVIEW-baseline	False	0004	mmo	q000	000d25e56e57c9f985e8c2793f62b2510b08e924bd56fa5873a500e4c2922dc9	84ef10f04156f93de25c464f29243f8edc140be9f954eeebb691d1d2bb8027dc	module	4	False	1	elk-common	common	ok	True	True	verified	correct	1	1	99f09491838342f11d5b9f24215e451ab5449ee4dfeacaf4a5e37ac30959da40	0	bounded_or_unfinished	True	2.7241923920810223	0.746817918	0.747292858	131088384	48d87bd8bdbbc5f5e1db6ae50f09a2d0f703baa50ad85fcb9fa50ede68ab13ac	[]	/ibex/user/hohndor/km/dynamic-benchmark-20260917/justification-early-case-review-v1/baseline/results/0004/1/elk-common
EARLY-REVIEW-baseline	False	0004	mmo	q000	000d25e56e57c9f985e8c2793f62b2510b08e924bd56fa5873a500e4c2922dc9	84ef10f04156f93de25c464f29243f8edc140be9f954eeebb691d1d2bb8027dc	module	4	False	1	whelk-common	common	ok	True	True	verified	correct	1	1	99f09491838342f11d5b9f24215e451ab5449ee4dfeacaf4a5e37ac30959da40	0	bounded_or_unfinished	True	2.5656007453799248	0.788013739	0.788333038	131784704	48d87bd8bdbbc5f5e1db6ae50f09a2d0f703baa50ad85fcb9fa50ede68ab13ac	[]	/ibex/user/hohndor/km/dynamic-benchmark-20260917/justification-early-case-review-v1/baseline/results/0004/1/whelk-common
EARLY-REVIEW-baseline	False	0004	mmo	q000	000d25e56e57c9f985e8c2793f62b2510b08e924bd56fa5873a500e4c2922dc9	84ef10f04156f93de25c464f29243f8edc140be9f954eeebb691d1d2bb8027dc	module	4	False	10	km-native	native	ok	True	True	verified	correct	1	1	99f09491838342f11d5b9f24215e451ab5449ee4dfeacaf4a5e37ac30959da40	0	complete	True	0.08332691714167595			1310720	48d87bd8bdbbc5f5e1db6ae50f09a2d0f703baa50ad85fcb9fa50ede68ab13ac	[]	/ibex/user/hohndor/km/dynamic-benchmark-20260917/justification-early-case-review-v1/baseline/results/0004/10/km-native
EARLY-REVIEW-baseline	False	0004	mmo	q000	000d25e56e57c9f985e8c2793f62b2510b08e924bd56fa5873a500e4c2922dc9	84ef10f04156f93de25c464f29243f8edc140be9f954eeebb691d1d2bb8027dc	module	4	False	10	km-common	common	ok	True	True	verified	correct	1	1	99f09491838342f11d5b9f24215e451ab5449ee4dfeacaf4a5e37ac30959da40	0	complete	True	2.609371544793248	0.560234539	0.635904879	132558848	48d87bd8bdbbc5f5e1db6ae50f09a2d0f703baa50ad85fcb9fa50ede68ab13ac	[]	/ibex/user/hohndor/km/dynamic-benchmark-20260917/justification-early-case-review-v1/baseline/results/0004/10/km-common
EARLY-REVIEW-baseline	False	0004	mmo	q000	000d25e56e57c9f985e8c2793f62b2510b08e924bd56fa5873a500e4c2922dc9	84ef10f04156f93de25c464f29243f8edc140be9f954eeebb691d1d2bb8027dc	module	4	False	10	hermit-common	common	ok	True	True	verified	correct	1	1	99f09491838342f11d5b9f24215e451ab5449ee4dfeacaf4a5e37ac30959da40	0	complete	True	2.445013105869293	0.284635209	0.311319216	122753024	48d87bd8bdbbc5f5e1db6ae50f09a2d0f703baa50ad85fcb9fa50ede68ab13ac	[]	/ibex/user/hohndor/km/dynamic-benchmark-20260917/justification-early-case-review-v1/baseline/results/0004/10/hermit-common
EARLY-REVIEW-baseline	False	0004	mmo	q000	000d25e56e57c9f985e8c2793f62b2510b08e924bd56fa5873a500e4c2922dc9	84ef10f04156f93de25c464f29243f8edc140be9f954eeebb691d1d2bb8027dc	module	4	False	10	jfact-common	common	ok	True	True	verified	correct	1	1	99f09491838342f11d5b9f24215e451ab5449ee4dfeacaf4a5e37ac30959da40	0	complete	True	4.0577450059354305	0.655428219	0.784406166	178860032	48d87bd8bdbbc5f5e1db6ae50f09a2d0f703baa50ad85fcb9fa50ede68ab13ac	[]	/ibex/user/hohndor/km/dynamic-benchmark-20260917/justification-early-case-review-v1/baseline/results/0004/10/jfact-common
EARLY-REVIEW-baseline	False	0004	mmo	q000	000d25e56e57c9f985e8c2793f62b2510b08e924bd56fa5873a500e4c2922dc9	84ef10f04156f93de25c464f29243f8edc140be9f954eeebb691d1d2bb8027dc	module	4	False	10	openllet-common	common	ok	True	True	verified	correct	1	1	99f09491838342f11d5b9f24215e451ab5449ee4dfeacaf4a5e37ac30959da40	0	complete	True	2.7775455731898546	0.45516755	0.496671825	130154496	48d87bd8bdbbc5f5e1db6ae50f09a2d0f703baa50ad85fcb9fa50ede68ab13ac	[]	/ibex/user/hohndor/km/dynamic-benchmark-20260917/justification-early-case-review-v1/baseline/results/0004/10/openllet-common
EARLY-REVIEW-baseline	False	0004	mmo	q000	000d25e56e57c9f985e8c2793f62b2510b08e924bd56fa5873a500e4c2922dc9	84ef10f04156f93de25c464f29243f8edc140be9f954eeebb691d1d2bb8027dc	module	4	False	10	hermit-library	library	ok	True	True	verified	correct	1	1	99f09491838342f11d5b9f24215e451ab5449ee4dfeacaf4a5e37ac30959da40	0	unknown	True	2.549296300858259	0.376194252	0.531552807	130727936	48d87bd8bdbbc5f5e1db6ae50f09a2d0f703baa50ad85fcb9fa50ede68ab13ac	[]	/ibex/user/hohndor/km/dynamic-benchmark-20260917/justification-early-case-review-v1/baseline/results/0004/10/hermit-library
EARLY-REVIEW-baseline	False	0004	mmo	q000	000d25e56e57c9f985e8c2793f62b2510b08e924bd56fa5873a500e4c2922dc9	84ef10f04156f93de25c464f29243f8edc140be9f954eeebb691d1d2bb8027dc	module	4	False	10	jfact-library	library	ok	True	True	verified	correct	1	1	99f09491838342f11d5b9f24215e451ab5449ee4dfeacaf4a5e37ac30959da40	0	unknown	True	3.711165541782975	0.411657374	0.48992238	169709568	48d87bd8bdbbc5f5e1db6ae50f09a2d0f703baa50ad85fcb9fa50ede68ab13ac	[]	/ibex/user/hohndor/km/dynamic-benchmark-20260917/justification-early-case-review-v1/baseline/results/0004/10/jfact-library
EARLY-REVIEW-baseline	False	0004	mmo	q000	000d25e56e57c9f985e8c2793f62b2510b08e924bd56fa5873a500e4c2922dc9	84ef10f04156f93de25c464f29243f8edc140be9f954eeebb691d1d2bb8027dc	module	4	False	10	openllet-library	library	ok	True	True	verified	correct	1	1	99f09491838342f11d5b9f24215e451ab5449ee4dfeacaf4a5e37ac30959da40	0	unknown	True	2.6834561992436647	0.432177342	0.514627512	129003520	48d87bd8bdbbc5f5e1db6ae50f09a2d0f703baa50ad85fcb9fa50ede68ab13ac	[]	/ibex/user/hohndor/km/dynamic-benchmark-20260917/justification-early-case-review-v1/baseline/results/0004/10/openllet-library
EARLY-REVIEW-baseline	False	0004	mmo	q000	000d25e56e57c9f985e8c2793f62b2510b08e924bd56fa5873a500e4c2922dc9	84ef10f04156f93de25c464f29243f8edc140be9f954eeebb691d1d2bb8027dc	module	4	False	10	konclude-common	common	ok	True	True	verified	correct	1	1	99f09491838342f11d5b9f24215e451ab5449ee4dfeacaf4a5e37ac30959da40	0	complete	True	3.5058790668845177	1.11014524	1.479497143	145788928	48d87bd8bdbbc5f5e1db6ae50f09a2d0f703baa50ad85fcb9fa50ede68ab13ac	[]	/ibex/user/hohndor/km/dynamic-benchmark-20260917/justification-early-case-review-v1/baseline/results/0004/10/konclude-common
EARLY-REVIEW-baseline	False	0004	mmo	q000	000d25e56e57c9f985e8c2793f62b2510b08e924bd56fa5873a500e4c2922dc9	84ef10f04156f93de25c464f29243f8edc140be9f954eeebb691d1d2bb8027dc	module	4	False	10	elk-common	common	ok	True	True	verified	correct	1	1	99f09491838342f11d5b9f24215e451ab5449ee4dfeacaf4a5e37ac30959da40	0	complete	True	2.9836106430739164	0.80596098	0.851447556	131022848	48d87bd8bdbbc5f5e1db6ae50f09a2d0f703baa50ad85fcb9fa50ede68ab13ac	[]	/ibex/user/hohndor/km/dynamic-benchmark-20260917/justification-early-case-review-v1/baseline/results/0004/10/elk-common
EARLY-REVIEW-baseline	False	0004	mmo	q000	000d25e56e57c9f985e8c2793f62b2510b08e924bd56fa5873a500e4c2922dc9	84ef10f04156f93de25c464f29243f8edc140be9f954eeebb691d1d2bb8027dc	module	4	False	10	whelk-common	common	ok	True	True	verified	correct	1	1	99f09491838342f11d5b9f24215e451ab5449ee4dfeacaf4a5e37ac30959da40	0	complete	True	2.627422120422125	0.74475109	0.788232328	131145728	48d87bd8bdbbc5f5e1db6ae50f09a2d0f703baa50ad85fcb9fa50ede68ab13ac	[]	/ibex/user/hohndor/km/dynamic-benchmark-20260917/justification-early-case-review-v1/baseline/results/0004/10/whelk-common
EARLY-REVIEW-baseline	False	0004	mmo	q000	000d25e56e57c9f985e8c2793f62b2510b08e924bd56fa5873a500e4c2922dc9	84ef10f04156f93de25c464f29243f8edc140be9f954eeebb691d1d2bb8027dc	module	4	False	100	km-native	native	ok	True	True	verified	correct	1	1	99f09491838342f11d5b9f24215e451ab5449ee4dfeacaf4a5e37ac30959da40	0	complete	True	0.08211894519627094			1310720	48d87bd8bdbbc5f5e1db6ae50f09a2d0f703baa50ad85fcb9fa50ede68ab13ac	[]	/ibex/user/hohndor/km/dynamic-benchmark-20260917/justification-early-case-review-v1/baseline/results/0004/100/km-native
EARLY-REVIEW-baseline	False	0004	mmo	q000	000d25e56e57c9f985e8c2793f62b2510b08e924bd56fa5873a500e4c2922dc9	84ef10f04156f93de25c464f29243f8edc140be9f954eeebb691d1d2bb8027dc	module	4	False	100	km-common	common	ok	True	True	verified	correct	1	1	99f09491838342f11d5b9f24215e451ab5449ee4dfeacaf4a5e37ac30959da40	0	complete	True	2.6486494205892086	0.551204093	0.598142222	135548928	48d87bd8bdbbc5f5e1db6ae50f09a2d0f703baa50ad85fcb9fa50ede68ab13ac	[]	/ibex/user/hohndor/km/dynamic-benchmark-20260917/justification-early-case-review-v1/baseline/results/0004/100/km-common
EARLY-REVIEW-baseline	False	0004	mmo	q000	000d25e56e57c9f985e8c2793f62b2510b08e924bd56fa5873a500e4c2922dc9	84ef10f04156f93de25c464f29243f8edc140be9f954eeebb691d1d2bb8027dc	module	4	False	100	hermit-common	common	ok	True	True	verified	correct	1	1	99f09491838342f11d5b9f24215e451ab5449ee4dfeacaf4a5e37ac30959da40	0	complete	True	2.378174180164933	0.285127039	0.336353595	123121664	48d87bd8bdbbc5f5e1db6ae50f09a2d0f703baa50ad85fcb9fa50ede68ab13ac	[]	/ibex/user/hohndor/km/dynamic-benchmark-20260917/justification-early-case-review-v1/baseline/results/0004/100/hermit-common
EARLY-REVIEW-baseline	False	0004	mmo	q000	000d25e56e57c9f985e8c2793f62b2510b08e924bd56fa5873a500e4c2922dc9	84ef10f04156f93de25c464f29243f8edc140be9f954eeebb691d1d2bb8027dc	module	4	False	100	jfact-common	common	ok	True	True	verified	correct	1	1	99f09491838342f11d5b9f24215e451ab5449ee4dfeacaf4a5e37ac30959da40	0	complete	True	3.9247849825769663	0.677901104	0.798641016	182640640	48d87bd8bdbbc5f5e1db6ae50f09a2d0f703baa50ad85fcb9fa50ede68ab13ac	[]	/ibex/user/hohndor/km/dynamic-benchmark-20260917/justification-early-case-review-v1/baseline/results/0004/100/jfact-common
EARLY-REVIEW-baseline	False	0004	mmo	q000	000d25e56e57c9f985e8c2793f62b2510b08e924bd56fa5873a500e4c2922dc9	84ef10f04156f93de25c464f29243f8edc140be9f954eeebb691d1d2bb8027dc	module	4	False	100	openllet-common	common	ok	True	True	verified	correct	1	1	99f09491838342f11d5b9f24215e451ab5449ee4dfeacaf4a5e37ac30959da40	0	complete	True	2.7646589763462543	0.469157093	0.510774398	128143360	48d87bd8bdbbc5f5e1db6ae50f09a2d0f703baa50ad85fcb9fa50ede68ab13ac	[]	/ibex/user/hohndor/km/dynamic-benchmark-20260917/justification-early-case-review-v1/baseline/results/0004/100/openllet-common
EARLY-REVIEW-baseline	False	0004	mmo	q000	000d25e56e57c9f985e8c2793f62b2510b08e924bd56fa5873a500e4c2922dc9	84ef10f04156f93de25c464f29243f8edc140be9f954eeebb691d1d2bb8027dc	module	4	False	100	hermit-library	library	ok	True	True	verified	correct	1	1	99f09491838342f11d5b9f24215e451ab5449ee4dfeacaf4a5e37ac30959da40	0	unknown	True	2.6457409877330065	0.380278534	0.542134565	132890624	48d87bd8bdbbc5f5e1db6ae50f09a2d0f703baa50ad85fcb9fa50ede68ab13ac	[]	/ibex/user/hohndor/km/dynamic-benchmark-20260917/justification-early-case-review-v1/baseline/results/0004/100/hermit-library
EARLY-REVIEW-baseline	False	0004	mmo	q000	000d25e56e57c9f985e8c2793f62b2510b08e924bd56fa5873a500e4c2922dc9	84ef10f04156f93de25c464f29243f8edc140be9f954eeebb691d1d2bb8027dc	module	4	False	100	jfact-library	library	ok	True	True	verified	correct	1	1	99f09491838342f11d5b9f24215e451ab5449ee4dfeacaf4a5e37ac30959da40	0	unknown	True	3.6915052384138107	0.405744007	0.482403431	160886784	48d87bd8bdbbc5f5e1db6ae50f09a2d0f703baa50ad85fcb9fa50ede68ab13ac	[]	/ibex/user/hohndor/km/dynamic-benchmark-20260917/justification-early-case-review-v1/baseline/results/0004/100/jfact-library
EARLY-REVIEW-baseline	False	0004	mmo	q000	000d25e56e57c9f985e8c2793f62b2510b08e924bd56fa5873a500e4c2922dc9	84ef10f04156f93de25c464f29243f8edc140be9f954eeebb691d1d2bb8027dc	module	4	False	100	openllet-library	library	ok	True	True	verified	correct	1	1	99f09491838342f11d5b9f24215e451ab5449ee4dfeacaf4a5e37ac30959da40	0	unknown	True	2.753754513338208	0.486965396	0.567265014	125042688	48d87bd8bdbbc5f5e1db6ae50f09a2d0f703baa50ad85fcb9fa50ede68ab13ac	[]	/ibex/user/hohndor/km/dynamic-benchmark-20260917/justification-early-case-review-v1/baseline/results/0004/100/openllet-library
EARLY-REVIEW-baseline	False	0004	mmo	q000	000d25e56e57c9f985e8c2793f62b2510b08e924bd56fa5873a500e4c2922dc9	84ef10f04156f93de25c464f29243f8edc140be9f954eeebb691d1d2bb8027dc	module	4	False	100	konclude-common	common	ok	True	True	verified	correct	1	1	99f09491838342f11d5b9f24215e451ab5449ee4dfeacaf4a5e37ac30959da40	0	complete	True	3.557662235572934	1.125359594	1.54005954	145362944	48d87bd8bdbbc5f5e1db6ae50f09a2d0f703baa50ad85fcb9fa50ede68ab13ac	[]	/ibex/user/hohndor/km/dynamic-benchmark-20260917/justification-early-case-review-v1/baseline/results/0004/100/konclude-common
EARLY-REVIEW-baseline	False	0004	mmo	q000	000d25e56e57c9f985e8c2793f62b2510b08e924bd56fa5873a500e4c2922dc9	84ef10f04156f93de25c464f29243f8edc140be9f954eeebb691d1d2bb8027dc	module	4	False	100	elk-common	common	ok	True	True	verified	correct	1	1	99f09491838342f11d5b9f24215e451ab5449ee4dfeacaf4a5e37ac30959da40	0	complete	True	2.9520159997045994	0.817408474	0.882542867	133222400	48d87bd8bdbbc5f5e1db6ae50f09a2d0f703baa50ad85fcb9fa50ede68ab13ac	[]	/ibex/user/hohndor/km/dynamic-benchmark-20260917/justification-early-case-review-v1/baseline/results/0004/100/elk-common
EARLY-REVIEW-baseline	False	0004	mmo	q000	000d25e56e57c9f985e8c2793f62b2510b08e924bd56fa5873a500e4c2922dc9	84ef10f04156f93de25c464f29243f8edc140be9f954eeebb691d1d2bb8027dc	module	4	False	100	whelk-common	common	ok	True	True	verified	correct	1	1	99f09491838342f11d5b9f24215e451ab5449ee4dfeacaf4a5e37ac30959da40	0	complete	True	2.504752339795232	0.779029276	0.801207057	135491584	48d87bd8bdbbc5f5e1db6ae50f09a2d0f703baa50ad85fcb9fa50ede68ab13ac	[]	/ibex/user/hohndor/km/dynamic-benchmark-20260917/justification-early-case-review-v1/baseline/results/0004/100/whelk-common
EARLY-REVIEW-baseline	False	0005	mmo	q000	000d25e56e57c9f985e8c2793f62b2510b08e924bd56fa5873a500e4c2922dc9	84ef10f04156f93de25c464f29243f8edc140be9f954eeebb691d1d2bb8027dc	module	5	False	1	km-native	native	ok	True	True	verified	correct	1	1	99f09491838342f11d5b9f24215e451ab5449ee4dfeacaf4a5e37ac30959da40	0	bounded_or_unfinished	True	0.2175909113138914			2949120	48d87bd8bdbbc5f5e1db6ae50f09a2d0f703baa50ad85fcb9fa50ede68ab13ac	[]	/ibex/user/hohndor/km/dynamic-benchmark-20260917/justification-early-case-review-v1/baseline/results/0005/1/km-native
EARLY-REVIEW-baseline	False	0005	mmo	q000	000d25e56e57c9f985e8c2793f62b2510b08e924bd56fa5873a500e4c2922dc9	84ef10f04156f93de25c464f29243f8edc140be9f954eeebb691d1d2bb8027dc	module	5	False	1	km-common	common	ok	True	True	verified	correct	1	1	99f09491838342f11d5b9f24215e451ab5449ee4dfeacaf4a5e37ac30959da40	0	bounded_or_unfinished	True	4.648296218365431	1.358109512	1.358497234	130625536	48d87bd8bdbbc5f5e1db6ae50f09a2d0f703baa50ad85fcb9fa50ede68ab13ac	[]	/ibex/user/hohndor/km/dynamic-benchmark-20260917/justification-early-case-review-v1/baseline/results/0005/1/km-common
EARLY-REVIEW-baseline	False	0005	mmo	q000	000d25e56e57c9f985e8c2793f62b2510b08e924bd56fa5873a500e4c2922dc9	84ef10f04156f93de25c464f29243f8edc140be9f954eeebb691d1d2bb8027dc	module	5	False	1	hermit-common	common	ok	True	True	verified	correct	1	1	99f09491838342f11d5b9f24215e451ab5449ee4dfeacaf4a5e37ac30959da40	0	bounded_or_unfinished	True	3.4293605014681816	0.384853202	0.387714592	120561664	48d87bd8bdbbc5f5e1db6ae50f09a2d0f703baa50ad85fcb9fa50ede68ab13ac	[]	/ibex/user/hohndor/km/dynamic-benchmark-20260917/justification-early-case-review-v1/baseline/results/0005/1/hermit-common
EARLY-REVIEW-baseline	False	0005	mmo	q000	000d25e56e57c9f985e8c2793f62b2510b08e924bd56fa5873a500e4c2922dc9	84ef10f04156f93de25c464f29243f8edc140be9f954eeebb691d1d2bb8027dc	module	5	False	1	jfact-common	common	ok	True	True	verified	correct	1	1	99f09491838342f11d5b9f24215e451ab5449ee4dfeacaf4a5e37ac30959da40	0	bounded_or_unfinished	True	7.180080629885197	1.109664872	1.110791745	165793792	48d87bd8bdbbc5f5e1db6ae50f09a2d0f703baa50ad85fcb9fa50ede68ab13ac	[]	/ibex/user/hohndor/km/dynamic-benchmark-20260917/justification-early-case-review-v1/baseline/results/0005/1/jfact-common
EARLY-REVIEW-baseline	False	0005	mmo	q000	000d25e56e57c9f985e8c2793f62b2510b08e924bd56fa5873a500e4c2922dc9	84ef10f04156f93de25c464f29243f8edc140be9f954eeebb691d1d2bb8027dc	module	5	False	1	openllet-common	common	ok	True	True	verified	correct	1	1	99f09491838342f11d5b9f24215e451ab5449ee4dfeacaf4a5e37ac30959da40	0	bounded_or_unfinished	True	4.924465859308839	0.825802937	0.826522531	127598592	48d87bd8bdbbc5f5e1db6ae50f09a2d0f703baa50ad85fcb9fa50ede68ab13ac	[]	/ibex/user/hohndor/km/dynamic-benchmark-20260917/justification-early-case-review-v1/baseline/results/0005/1/openllet-common
EARLY-REVIEW-baseline	False	0005	mmo	q000	000d25e56e57c9f985e8c2793f62b2510b08e924bd56fa5873a500e4c2922dc9	84ef10f04156f93de25c464f29243f8edc140be9f954eeebb691d1d2bb8027dc	module	5	False	1	hermit-library	library	ok	True	True	verified	correct	1	1	99f09491838342f11d5b9f24215e451ab5449ee4dfeacaf4a5e37ac30959da40	0	unknown	True	3.6463928669691086	0.526666064	0.528118788	125251584	48d87bd8bdbbc5f5e1db6ae50f09a2d0f703baa50ad85fcb9fa50ede68ab13ac	[]	/ibex/user/hohndor/km/dynamic-benchmark-20260917/justification-early-case-review-v1/baseline/results/0005/1/hermit-library
EARLY-REVIEW-baseline	False	0005	mmo	q000	000d25e56e57c9f985e8c2793f62b2510b08e924bd56fa5873a500e4c2922dc9	84ef10f04156f93de25c464f29243f8edc140be9f954eeebb691d1d2bb8027dc	module	5	False	1	jfact-library	library	ok	True	True	verified	correct	1	1	99f09491838342f11d5b9f24215e451ab5449ee4dfeacaf4a5e37ac30959da40	0	unknown	True	6.666954170912504	0.667426902	0.667688825	165126144	48d87bd8bdbbc5f5e1db6ae50f09a2d0f703baa50ad85fcb9fa50ede68ab13ac	[]	/ibex/user/hohndor/km/dynamic-benchmark-20260917/justification-early-case-review-v1/baseline/results/0005/1/jfact-library
EARLY-REVIEW-baseline	False	0005	mmo	q000	000d25e56e57c9f985e8c2793f62b2510b08e924bd56fa5873a500e4c2922dc9	84ef10f04156f93de25c464f29243f8edc140be9f954eeebb691d1d2bb8027dc	module	5	False	1	openllet-library	library	ok	True	True	verified	correct	1	1	99f09491838342f11d5b9f24215e451ab5449ee4dfeacaf4a5e37ac30959da40	0	unknown	True	4.6907012835145	0.796722572	0.79703706	128098304	48d87bd8bdbbc5f5e1db6ae50f09a2d0f703baa50ad85fcb9fa50ede68ab13ac	[]	/ibex/user/hohndor/km/dynamic-benchmark-20260917/justification-early-case-review-v1/baseline/results/0005/1/openllet-library
EARLY-REVIEW-baseline	False	0005	mmo	q000	000d25e56e57c9f985e8c2793f62b2510b08e924bd56fa5873a500e4c2922dc9	84ef10f04156f93de25c464f29243f8edc140be9f954eeebb691d1d2bb8027dc	module	5	False	1	konclude-common	common	ok	True	True	verified	correct	1	1	99f09491838342f11d5b9f24215e451ab5449ee4dfeacaf4a5e37ac30959da40	0	bounded_or_unfinished	True	8.092535506933928	3.962403844	3.962777848	162643968	48d87bd8bdbbc5f5e1db6ae50f09a2d0f703baa50ad85fcb9fa50ede68ab13ac	[]	/ibex/user/hohndor/km/dynamic-benchmark-20260917/justification-early-case-review-v1/baseline/results/0005/1/konclude-common
EARLY-REVIEW-baseline	False	0005	mmo	q000	000d25e56e57c9f985e8c2793f62b2510b08e924bd56fa5873a500e4c2922dc9	84ef10f04156f93de25c464f29243f8edc140be9f954eeebb691d1d2bb8027dc	module	5	False	1	elk-common	common	ok	True	True	verified	correct	1	1	99f09491838342f11d5b9f24215e451ab5449ee4dfeacaf4a5e37ac30959da40	0	bounded_or_unfinished	True	5.008118158206344	1.26371263	1.266206335	131051520	48d87bd8bdbbc5f5e1db6ae50f09a2d0f703baa50ad85fcb9fa50ede68ab13ac	[]	/ibex/user/hohndor/km/dynamic-benchmark-20260917/justification-early-case-review-v1/baseline/results/0005/1/elk-common
EARLY-REVIEW-baseline	False	0005	mmo	q000	000d25e56e57c9f985e8c2793f62b2510b08e924bd56fa5873a500e4c2922dc9	84ef10f04156f93de25c464f29243f8edc140be9f954eeebb691d1d2bb8027dc	module	5	False	1	whelk-common	common	ok	True	True	verified	correct	1	1	99f09491838342f11d5b9f24215e451ab5449ee4dfeacaf4a5e37ac30959da40	0	bounded_or_unfinished	True	5.272281896322966	1.91139525	1.911737354	132132864	48d87bd8bdbbc5f5e1db6ae50f09a2d0f703baa50ad85fcb9fa50ede68ab13ac	[]	/ibex/user/hohndor/km/dynamic-benchmark-20260917/justification-early-case-review-v1/baseline/results/0005/1/whelk-common
EARLY-REVIEW-baseline	False	0005	mmo	q000	000d25e56e57c9f985e8c2793f62b2510b08e924bd56fa5873a500e4c2922dc9	84ef10f04156f93de25c464f29243f8edc140be9f954eeebb691d1d2bb8027dc	module	5	False	10	km-native	native	ok	True	True	verified	correct	1	1	99f09491838342f11d5b9f24215e451ab5449ee4dfeacaf4a5e37ac30959da40	0	complete	True	0.5026961676776409			8847360	48d87bd8bdbbc5f5e1db6ae50f09a2d0f703baa50ad85fcb9fa50ede68ab13ac	[]	/ibex/user/hohndor/km/dynamic-benchmark-20260917/justification-early-case-review-v1/baseline/results/0005/10/km-native
EARLY-REVIEW-baseline	False	0005	mmo	q000	000d25e56e57c9f985e8c2793f62b2510b08e924bd56fa5873a500e4c2922dc9	84ef10f04156f93de25c464f29243f8edc140be9f954eeebb691d1d2bb8027dc	module	5	False	10	km-common	common	ok	True	True	verified	correct	1	1	99f09491838342f11d5b9f24215e451ab5449ee4dfeacaf4a5e37ac30959da40	0	complete	True	5.047827063128352	1.475427042	1.789545065	133148672	48d87bd8bdbbc5f5e1db6ae50f09a2d0f703baa50ad85fcb9fa50ede68ab13ac	[]	/ibex/user/hohndor/km/dynamic-benchmark-20260917/justification-early-case-review-v1/baseline/results/0005/10/km-common
EARLY-REVIEW-baseline	False	0005	mmo	q000	000d25e56e57c9f985e8c2793f62b2510b08e924bd56fa5873a500e4c2922dc9	84ef10f04156f93de25c464f29243f8edc140be9f954eeebb691d1d2bb8027dc	module	5	False	10	hermit-common	common	ok	True	True	verified	correct	1	1	99f09491838342f11d5b9f24215e451ab5449ee4dfeacaf4a5e37ac30959da40	0	complete	True	4.1694345362484455	0.405416158	0.45657227	127836160	48d87bd8bdbbc5f5e1db6ae50f09a2d0f703baa50ad85fcb9fa50ede68ab13ac	[]	/ibex/user/hohndor/km/dynamic-benchmark-20260917/justification-early-case-review-v1/baseline/results/0005/10/hermit-common
EARLY-REVIEW-baseline	False	0005	mmo	q000	000d25e56e57c9f985e8c2793f62b2510b08e924bd56fa5873a500e4c2922dc9	84ef10f04156f93de25c464f29243f8edc140be9f954eeebb691d1d2bb8027dc	module	5	False	10	jfact-common	common	ok	True	True	verified	correct	1	1	99f09491838342f11d5b9f24215e451ab5449ee4dfeacaf4a5e37ac30959da40	0	complete	True	7.540472848340869	0.954819251	1.114486123	179625984	48d87bd8bdbbc5f5e1db6ae50f09a2d0f703baa50ad85fcb9fa50ede68ab13ac	[]	/ibex/user/hohndor/km/dynamic-benchmark-20260917/justification-early-case-review-v1/baseline/results/0005/10/jfact-common
EARLY-REVIEW-baseline	False	0005	mmo	q000	000d25e56e57c9f985e8c2793f62b2510b08e924bd56fa5873a500e4c2922dc9	84ef10f04156f93de25c464f29243f8edc140be9f954eeebb691d1d2bb8027dc	module	5	False	10	openllet-common	common	ok	True	True	verified	correct	1	1	99f09491838342f11d5b9f24215e451ab5449ee4dfeacaf4a5e37ac30959da40	0	complete	True	5.33699738048017	1.170692908	1.241146542	129024000	48d87bd8bdbbc5f5e1db6ae50f09a2d0f703baa50ad85fcb9fa50ede68ab13ac	[]	/ibex/user/hohndor/km/dynamic-benchmark-20260917/justification-early-case-review-v1/baseline/results/0005/10/openllet-common
EARLY-REVIEW-baseline	False	0005	mmo	q000	000d25e56e57c9f985e8c2793f62b2510b08e924bd56fa5873a500e4c2922dc9	84ef10f04156f93de25c464f29243f8edc140be9f954eeebb691d1d2bb8027dc	module	5	False	10	hermit-library	library	ok	True	True	verified	correct	1	1	99f09491838342f11d5b9f24215e451ab5449ee4dfeacaf4a5e37ac30959da40	0	unknown	True	5.166075747460127	0.815027965	1.139119697	130506752	48d87bd8bdbbc5f5e1db6ae50f09a2d0f703baa50ad85fcb9fa50ede68ab13ac	[]	/ibex/user/hohndor/km/dynamic-benchmark-20260917/justification-early-case-review-v1/baseline/results/0005/10/hermit-library
EARLY-REVIEW-baseline	False	0005	mmo	q000	000d25e56e57c9f985e8c2793f62b2510b08e924bd56fa5873a500e4c2922dc9	84ef10f04156f93de25c464f29243f8edc140be9f954eeebb691d1d2bb8027dc	module	5	False	10	jfact-library	library	ok	True	True	verified	correct	1	1	99f09491838342f11d5b9f24215e451ab5449ee4dfeacaf4a5e37ac30959da40	0	unknown	True	8.109038643538952	0.940901214	1.056471357	166379520	48d87bd8bdbbc5f5e1db6ae50f09a2d0f703baa50ad85fcb9fa50ede68ab13ac	[]	/ibex/user/hohndor/km/dynamic-benchmark-20260917/justification-early-case-review-v1/baseline/results/0005/10/jfact-library
EARLY-REVIEW-baseline	False	0005	mmo	q000	000d25e56e57c9f985e8c2793f62b2510b08e924bd56fa5873a500e4c2922dc9	84ef10f04156f93de25c464f29243f8edc140be9f954eeebb691d1d2bb8027dc	module	5	False	10	openllet-library	library	ok	True	True	verified	correct	1	1	99f09491838342f11d5b9f24215e451ab5449ee4dfeacaf4a5e37ac30959da40	0	unknown	True	5.766500415280461	0.931721756	1.151194595	125104128	48d87bd8bdbbc5f5e1db6ae50f09a2d0f703baa50ad85fcb9fa50ede68ab13ac	[]	/ibex/user/hohndor/km/dynamic-benchmark-20260917/justification-early-case-review-v1/baseline/results/0005/10/openllet-library
EARLY-REVIEW-baseline	False	0005	mmo	q000	000d25e56e57c9f985e8c2793f62b2510b08e924bd56fa5873a500e4c2922dc9	84ef10f04156f93de25c464f29243f8edc140be9f954eeebb691d1d2bb8027dc	module	5	False	10	konclude-common	common	ok	True	True	verified	correct	1	1	99f09491838342f11d5b9f24215e451ab5449ee4dfeacaf4a5e37ac30959da40	0	complete	True	10.500330144539475	4.428077834	6.083404706	171753472	48d87bd8bdbbc5f5e1db6ae50f09a2d0f703baa50ad85fcb9fa50ede68ab13ac	[]	/ibex/user/hohndor/km/dynamic-benchmark-20260917/justification-early-case-review-v1/baseline/results/0005/10/konclude-common
EARLY-REVIEW-baseline	False	0005	mmo	q000	000d25e56e57c9f985e8c2793f62b2510b08e924bd56fa5873a500e4c2922dc9	84ef10f04156f93de25c464f29243f8edc140be9f954eeebb691d1d2bb8027dc	module	5	False	10	elk-common	common	ok	True	True	verified	correct	1	1	99f09491838342f11d5b9f24215e451ab5449ee4dfeacaf4a5e37ac30959da40	0	complete	True	4.7083557564765215	1.090779771	1.157395687	134017024	48d87bd8bdbbc5f5e1db6ae50f09a2d0f703baa50ad85fcb9fa50ede68ab13ac	[]	/ibex/user/hohndor/km/dynamic-benchmark-20260917/justification-early-case-review-v1/baseline/results/0005/10/elk-common
EARLY-REVIEW-baseline	False	0005	mmo	q000	000d25e56e57c9f985e8c2793f62b2510b08e924bd56fa5873a500e4c2922dc9	84ef10f04156f93de25c464f29243f8edc140be9f954eeebb691d1d2bb8027dc	module	5	False	10	whelk-common	common	ok	True	True	verified	correct	1	1	99f09491838342f11d5b9f24215e451ab5449ee4dfeacaf4a5e37ac30959da40	0	complete	True	5.131626771762967	1.72187348	1.764516387	130011136	48d87bd8bdbbc5f5e1db6ae50f09a2d0f703baa50ad85fcb9fa50ede68ab13ac	[]	/ibex/user/hohndor/km/dynamic-benchmark-20260917/justification-early-case-review-v1/baseline/results/0005/10/whelk-common
EARLY-REVIEW-baseline	False	0005	mmo	q000	000d25e56e57c9f985e8c2793f62b2510b08e924bd56fa5873a500e4c2922dc9	84ef10f04156f93de25c464f29243f8edc140be9f954eeebb691d1d2bb8027dc	module	5	False	100	km-native	native	ok	True	True	verified	correct	1	1	99f09491838342f11d5b9f24215e451ab5449ee4dfeacaf4a5e37ac30959da40	0	complete	True	0.34495143219828606			9502720	48d87bd8bdbbc5f5e1db6ae50f09a2d0f703baa50ad85fcb9fa50ede68ab13ac	[]	/ibex/user/hohndor/km/dynamic-benchmark-20260917/justification-early-case-review-v1/baseline/results/0005/100/km-native
EARLY-REVIEW-baseline	False	0005	mmo	q000	000d25e56e57c9f985e8c2793f62b2510b08e924bd56fa5873a500e4c2922dc9	84ef10f04156f93de25c464f29243f8edc140be9f954eeebb691d1d2bb8027dc	module	5	False	100	km-common	common	ok	True	True	verified	correct	1	1	99f09491838342f11d5b9f24215e451ab5449ee4dfeacaf4a5e37ac30959da40	0	complete	True	4.793192330747843	1.278564086	1.496592209	132546560	48d87bd8bdbbc5f5e1db6ae50f09a2d0f703baa50ad85fcb9fa50ede68ab13ac	[]	/ibex/user/hohndor/km/dynamic-benchmark-20260917/justification-early-case-review-v1/baseline/results/0005/100/km-common
EARLY-REVIEW-baseline	False	0005	mmo	q000	000d25e56e57c9f985e8c2793f62b2510b08e924bd56fa5873a500e4c2922dc9	84ef10f04156f93de25c464f29243f8edc140be9f954eeebb691d1d2bb8027dc	module	5	False	100	hermit-common	common	ok	True	True	verified	correct	1	1	99f09491838342f11d5b9f24215e451ab5449ee4dfeacaf4a5e37ac30959da40	0	complete	True	4.45619835332036	0.500998829	0.573270695	122970112	48d87bd8bdbbc5f5e1db6ae50f09a2d0f703baa50ad85fcb9fa50ede68ab13ac	[]	/ibex/user/hohndor/km/dynamic-benchmark-20260917/justification-early-case-review-v1/baseline/results/0005/100/hermit-common
EARLY-REVIEW-baseline	False	0005	mmo	q000	000d25e56e57c9f985e8c2793f62b2510b08e924bd56fa5873a500e4c2922dc9	84ef10f04156f93de25c464f29243f8edc140be9f954eeebb691d1d2bb8027dc	module	5	False	100	jfact-common	common	ok	True	True	verified	correct	1	1	99f09491838342f11d5b9f24215e451ab5449ee4dfeacaf4a5e37ac30959da40	0	complete	True	7.140608316287398	0.963491589	1.123064928	176467968	48d87bd8bdbbc5f5e1db6ae50f09a2d0f703baa50ad85fcb9fa50ede68ab13ac	[]	/ibex/user/hohndor/km/dynamic-benchmark-20260917/justification-early-case-review-v1/baseline/results/0005/100/jfact-common
EARLY-REVIEW-baseline	False	0005	mmo	q000	000d25e56e57c9f985e8c2793f62b2510b08e924bd56fa5873a500e4c2922dc9	84ef10f04156f93de25c464f29243f8edc140be9f954eeebb691d1d2bb8027dc	module	5	False	100	openllet-common	common	ok	True	True	verified	correct	1	1	99f09491838342f11d5b9f24215e451ab5449ee4dfeacaf4a5e37ac30959da40	0	complete	True	4.63918443210423	0.617843768	0.665449841	125603840	48d87bd8bdbbc5f5e1db6ae50f09a2d0f703baa50ad85fcb9fa50ede68ab13ac	[]	/ibex/user/hohndor/km/dynamic-benchmark-20260917/justification-early-case-review-v1/baseline/results/0005/100/openllet-common
EARLY-REVIEW-baseline	False	0005	mmo	q000	000d25e56e57c9f985e8c2793f62b2510b08e924bd56fa5873a500e4c2922dc9	84ef10f04156f93de25c464f29243f8edc140be9f954eeebb691d1d2bb8027dc	module	5	False	100	hermit-library	library	ok	True	True	verified	correct	1	1	99f09491838342f11d5b9f24215e451ab5449ee4dfeacaf4a5e37ac30959da40	0	unknown	True	5.043228508904576	0.656774991	0.958448182	132505600	48d87bd8bdbbc5f5e1db6ae50f09a2d0f703baa50ad85fcb9fa50ede68ab13ac	[]	/ibex/user/hohndor/km/dynamic-benchmark-20260917/justification-early-case-review-v1/baseline/results/0005/100/hermit-library
EARLY-REVIEW-baseline	False	0005	mmo	q000	000d25e56e57c9f985e8c2793f62b2510b08e924bd56fa5873a500e4c2922dc9	84ef10f04156f93de25c464f29243f8edc140be9f954eeebb691d1d2bb8027dc	module	5	False	100	jfact-library	library	ok	True	True	verified	correct	1	1	99f09491838342f11d5b9f24215e451ab5449ee4dfeacaf4a5e37ac30959da40	0	unknown	True	7.753718815743923	0.938888281	1.046215954	163852288	48d87bd8bdbbc5f5e1db6ae50f09a2d0f703baa50ad85fcb9fa50ede68ab13ac	[]	/ibex/user/hohndor/km/dynamic-benchmark-20260917/justification-early-case-review-v1/baseline/results/0005/100/jfact-library
EARLY-REVIEW-baseline	False	0005	mmo	q000	000d25e56e57c9f985e8c2793f62b2510b08e924bd56fa5873a500e4c2922dc9	84ef10f04156f93de25c464f29243f8edc140be9f954eeebb691d1d2bb8027dc	module	5	False	100	openllet-library	library	ok	True	True	verified	correct	1	1	99f09491838342f11d5b9f24215e451ab5449ee4dfeacaf4a5e37ac30959da40	0	unknown	True	4.335756028071046	0.749728375	0.890975181	133664768	48d87bd8bdbbc5f5e1db6ae50f09a2d0f703baa50ad85fcb9fa50ede68ab13ac	[]	/ibex/user/hohndor/km/dynamic-benchmark-20260917/justification-early-case-review-v1/baseline/results/0005/100/openllet-library
EARLY-REVIEW-baseline	False	0005	mmo	q000	000d25e56e57c9f985e8c2793f62b2510b08e924bd56fa5873a500e4c2922dc9	84ef10f04156f93de25c464f29243f8edc140be9f954eeebb691d1d2bb8027dc	module	5	False	100	konclude-common	common	ok	True	True	verified	correct	1	1	99f09491838342f11d5b9f24215e451ab5449ee4dfeacaf4a5e37ac30959da40	0	complete	True	9.651455204933882	4.452256683	6.092225808	165187584	48d87bd8bdbbc5f5e1db6ae50f09a2d0f703baa50ad85fcb9fa50ede68ab13ac	[]	/ibex/user/hohndor/km/dynamic-benchmark-20260917/justification-early-case-review-v1/baseline/results/0005/100/konclude-common
EARLY-REVIEW-baseline	False	0005	mmo	q000	000d25e56e57c9f985e8c2793f62b2510b08e924bd56fa5873a500e4c2922dc9	84ef10f04156f93de25c464f29243f8edc140be9f954eeebb691d1d2bb8027dc	module	5	False	100	elk-common	common	ok	True	True	verified	correct	1	1	99f09491838342f11d5b9f24215e451ab5449ee4dfeacaf4a5e37ac30959da40	0	complete	True	4.169955873861909	1.050688025	1.140610387	135122944	48d87bd8bdbbc5f5e1db6ae50f09a2d0f703baa50ad85fcb9fa50ede68ab13ac	[]	/ibex/user/hohndor/km/dynamic-benchmark-20260917/justification-early-case-review-v1/baseline/results/0005/100/elk-common
EARLY-REVIEW-baseline	False	0005	mmo	q000	000d25e56e57c9f985e8c2793f62b2510b08e924bd56fa5873a500e4c2922dc9	84ef10f04156f93de25c464f29243f8edc140be9f954eeebb691d1d2bb8027dc	module	5	False	100	whelk-common	common	ok	True	True	verified	correct	1	1	99f09491838342f11d5b9f24215e451ab5449ee4dfeacaf4a5e37ac30959da40	0	complete	True	4.805786035954952	1.358339427	1.408572603	132198400	48d87bd8bdbbc5f5e1db6ae50f09a2d0f703baa50ad85fcb9fa50ede68ab13ac	[]	/ibex/user/hohndor/km/dynamic-benchmark-20260917/justification-early-case-review-v1/baseline/results/0005/100/whelk-common
EARLY-REVIEW-final	True	0000	mmo	q000	000d25e56e57c9f985e8c2793f62b2510b08e924bd56fa5873a500e4c2922dc9	84ef10f04156f93de25c464f29243f8edc140be9f954eeebb691d1d2bb8027dc	module	0	True	1	km-native	native	ok	True	True	verified	correct	1	1	99f09491838342f11d5b9f24215e451ab5449ee4dfeacaf4a5e37ac30959da40	0	bounded_or_unfinished	True	0.08372998423874378			1310720	48ac78980a602c0988d57317701c304e0d52a38d276dd40ad0c54db88e8e9250	[]	/ibex/user/hohndor/km/dynamic-benchmark-20260917/justification-early-case-review-v1/final/results/0000/1/km-native
EARLY-REVIEW-final	True	0000	mmo	q000	000d25e56e57c9f985e8c2793f62b2510b08e924bd56fa5873a500e4c2922dc9	84ef10f04156f93de25c464f29243f8edc140be9f954eeebb691d1d2bb8027dc	module	0	True	1	km-common	common	ok	True	True	verified	correct	1	1	99f09491838342f11d5b9f24215e451ab5449ee4dfeacaf4a5e37ac30959da40	0	bounded_or_unfinished	True	2.54068342410028	0.519422479	0.519827549	137379840	48ac78980a602c0988d57317701c304e0d52a38d276dd40ad0c54db88e8e9250	[]	/ibex/user/hohndor/km/dynamic-benchmark-20260917/justification-early-case-review-v1/final/results/0000/1/km-common
EARLY-REVIEW-final	True	0000	mmo	q000	000d25e56e57c9f985e8c2793f62b2510b08e924bd56fa5873a500e4c2922dc9	84ef10f04156f93de25c464f29243f8edc140be9f954eeebb691d1d2bb8027dc	module	0	True	10	km-native	native	ok	True	True	verified	correct	1	1	99f09491838342f11d5b9f24215e451ab5449ee4dfeacaf4a5e37ac30959da40	0	complete	True	0.08619564957916737			1310720	48ac78980a602c0988d57317701c304e0d52a38d276dd40ad0c54db88e8e9250	[]	/ibex/user/hohndor/km/dynamic-benchmark-20260917/justification-early-case-review-v1/final/results/0000/10/km-native
EARLY-REVIEW-final	True	0000	mmo	q000	000d25e56e57c9f985e8c2793f62b2510b08e924bd56fa5873a500e4c2922dc9	84ef10f04156f93de25c464f29243f8edc140be9f954eeebb691d1d2bb8027dc	module	0	True	10	km-common	common	ok	True	True	verified	correct	1	1	99f09491838342f11d5b9f24215e451ab5449ee4dfeacaf4a5e37ac30959da40	0	complete	True	2.5271636117249727	0.510325973	0.560556589	132661248	48ac78980a602c0988d57317701c304e0d52a38d276dd40ad0c54db88e8e9250	[]	/ibex/user/hohndor/km/dynamic-benchmark-20260917/justification-early-case-review-v1/final/results/0000/10/km-common
EARLY-REVIEW-final	True	0000	mmo	q000	000d25e56e57c9f985e8c2793f62b2510b08e924bd56fa5873a500e4c2922dc9	84ef10f04156f93de25c464f29243f8edc140be9f954eeebb691d1d2bb8027dc	module	0	True	100	km-native	native	ok	True	True	verified	correct	1	1	99f09491838342f11d5b9f24215e451ab5449ee4dfeacaf4a5e37ac30959da40	0	complete	True	0.08339056745171547			1310720	48ac78980a602c0988d57317701c304e0d52a38d276dd40ad0c54db88e8e9250	[]	/ibex/user/hohndor/km/dynamic-benchmark-20260917/justification-early-case-review-v1/final/results/0000/100/km-native
EARLY-REVIEW-final	True	0000	mmo	q000	000d25e56e57c9f985e8c2793f62b2510b08e924bd56fa5873a500e4c2922dc9	84ef10f04156f93de25c464f29243f8edc140be9f954eeebb691d1d2bb8027dc	module	0	True	100	km-common	common	ok	True	True	verified	correct	1	1	99f09491838342f11d5b9f24215e451ab5449ee4dfeacaf4a5e37ac30959da40	0	complete	True	2.486901979893446	0.51737049	0.569991512	135753728	48ac78980a602c0988d57317701c304e0d52a38d276dd40ad0c54db88e8e9250	[]	/ibex/user/hohndor/km/dynamic-benchmark-20260917/justification-early-case-review-v1/final/results/0000/100/km-common
EARLY-REVIEW-final	True	0001	mmo	q000	000d25e56e57c9f985e8c2793f62b2510b08e924bd56fa5873a500e4c2922dc9	84ef10f04156f93de25c464f29243f8edc140be9f954eeebb691d1d2bb8027dc	module	1	False	1	km-native	native	ok	True	True	verified	correct	1	1	99f09491838342f11d5b9f24215e451ab5449ee4dfeacaf4a5e37ac30959da40	0	bounded_or_unfinished	True	0.08354818262159824			983040	48ac78980a602c0988d57317701c304e0d52a38d276dd40ad0c54db88e8e9250	[]	/ibex/user/hohndor/km/dynamic-benchmark-20260917/justification-early-case-review-v1/final/results/0001/1/km-native
EARLY-REVIEW-final	True	0001	mmo	q000	000d25e56e57c9f985e8c2793f62b2510b08e924bd56fa5873a500e4c2922dc9	84ef10f04156f93de25c464f29243f8edc140be9f954eeebb691d1d2bb8027dc	module	1	False	1	km-common	common	ok	True	True	verified	correct	1	1	99f09491838342f11d5b9f24215e451ab5449ee4dfeacaf4a5e37ac30959da40	0	bounded_or_unfinished	True	2.492537098005414	0.483658459	0.483980301	120913920	48ac78980a602c0988d57317701c304e0d52a38d276dd40ad0c54db88e8e9250	[]	/ibex/user/hohndor/km/dynamic-benchmark-20260917/justification-early-case-review-v1/final/results/0001/1/km-common
EARLY-REVIEW-final	True	0001	mmo	q000	000d25e56e57c9f985e8c2793f62b2510b08e924bd56fa5873a500e4c2922dc9	84ef10f04156f93de25c464f29243f8edc140be9f954eeebb691d1d2bb8027dc	module	1	False	10	km-native	native	ok	True	True	verified	correct	1	1	99f09491838342f11d5b9f24215e451ab5449ee4dfeacaf4a5e37ac30959da40	0	complete	True	0.08519095927476883			1310720	48ac78980a602c0988d57317701c304e0d52a38d276dd40ad0c54db88e8e9250	[]	/ibex/user/hohndor/km/dynamic-benchmark-20260917/justification-early-case-review-v1/final/results/0001/10/km-native
EARLY-REVIEW-final	True	0001	mmo	q000	000d25e56e57c9f985e8c2793f62b2510b08e924bd56fa5873a500e4c2922dc9	84ef10f04156f93de25c464f29243f8edc140be9f954eeebb691d1d2bb8027dc	module	1	False	10	km-common	common	ok	True	True	verified	correct	1	1	99f09491838342f11d5b9f24215e451ab5449ee4dfeacaf4a5e37ac30959da40	0	complete	True	2.533899012953043	0.490095442	0.552057316	119930880	48ac78980a602c0988d57317701c304e0d52a38d276dd40ad0c54db88e8e9250	[]	/ibex/user/hohndor/km/dynamic-benchmark-20260917/justification-early-case-review-v1/final/results/0001/10/km-common
EARLY-REVIEW-final	True	0001	mmo	q000	000d25e56e57c9f985e8c2793f62b2510b08e924bd56fa5873a500e4c2922dc9	84ef10f04156f93de25c464f29243f8edc140be9f954eeebb691d1d2bb8027dc	module	1	False	100	km-native	native	ok	True	True	verified	correct	1	1	99f09491838342f11d5b9f24215e451ab5449ee4dfeacaf4a5e37ac30959da40	0	complete	True	0.08442330546677113			0	48ac78980a602c0988d57317701c304e0d52a38d276dd40ad0c54db88e8e9250	[]	/ibex/user/hohndor/km/dynamic-benchmark-20260917/justification-early-case-review-v1/final/results/0001/100/km-native
EARLY-REVIEW-final	True	0001	mmo	q000	000d25e56e57c9f985e8c2793f62b2510b08e924bd56fa5873a500e4c2922dc9	84ef10f04156f93de25c464f29243f8edc140be9f954eeebb691d1d2bb8027dc	module	1	False	100	km-common	common	ok	True	True	verified	correct	1	1	99f09491838342f11d5b9f24215e451ab5449ee4dfeacaf4a5e37ac30959da40	0	complete	True	2.5115049183368683	0.491795909	0.555686587	119930880	48ac78980a602c0988d57317701c304e0d52a38d276dd40ad0c54db88e8e9250	[]	/ibex/user/hohndor/km/dynamic-benchmark-20260917/justification-early-case-review-v1/final/results/0001/100/km-common
EARLY-REVIEW-final	True	0002	mmo	q000	000d25e56e57c9f985e8c2793f62b2510b08e924bd56fa5873a500e4c2922dc9	84ef10f04156f93de25c464f29243f8edc140be9f954eeebb691d1d2bb8027dc	module	2	False	1	km-native	native	ok	True	True	verified	correct	1	1	99f09491838342f11d5b9f24215e451ab5449ee4dfeacaf4a5e37ac30959da40	0	bounded_or_unfinished	True	0.08463311195373535			1310720	48ac78980a602c0988d57317701c304e0d52a38d276dd40ad0c54db88e8e9250	[]	/ibex/user/hohndor/km/dynamic-benchmark-20260917/justification-early-case-review-v1/final/results/0002/1/km-native
EARLY-REVIEW-final	True	0002	mmo	q000	000d25e56e57c9f985e8c2793f62b2510b08e924bd56fa5873a500e4c2922dc9	84ef10f04156f93de25c464f29243f8edc140be9f954eeebb691d1d2bb8027dc	module	2	False	1	km-common	common	ok	True	True	verified	correct	1	1	99f09491838342f11d5b9f24215e451ab5449ee4dfeacaf4a5e37ac30959da40	0	bounded_or_unfinished	True	2.3823290280997753	0.456630434	0.456984367	120586240	48ac78980a602c0988d57317701c304e0d52a38d276dd40ad0c54db88e8e9250	[]	/ibex/user/hohndor/km/dynamic-benchmark-20260917/justification-early-case-review-v1/final/results/0002/1/km-common
EARLY-REVIEW-final	True	0002	mmo	q000	000d25e56e57c9f985e8c2793f62b2510b08e924bd56fa5873a500e4c2922dc9	84ef10f04156f93de25c464f29243f8edc140be9f954eeebb691d1d2bb8027dc	module	2	False	10	km-native	native	ok	True	True	verified	correct	1	1	99f09491838342f11d5b9f24215e451ab5449ee4dfeacaf4a5e37ac30959da40	0	complete	True	0.08281739428639412			983040	48ac78980a602c0988d57317701c304e0d52a38d276dd40ad0c54db88e8e9250	[]	/ibex/user/hohndor/km/dynamic-benchmark-20260917/justification-early-case-review-v1/final/results/0002/10/km-native
EARLY-REVIEW-final	True	0002	mmo	q000	000d25e56e57c9f985e8c2793f62b2510b08e924bd56fa5873a500e4c2922dc9	84ef10f04156f93de25c464f29243f8edc140be9f954eeebb691d1d2bb8027dc	module	2	False	10	km-common	common	ok	True	True	verified	correct	1	1	99f09491838342f11d5b9f24215e451ab5449ee4dfeacaf4a5e37ac30959da40	0	complete	True	2.4884146358817816	0.467366903	0.53428217	119930880	48ac78980a602c0988d57317701c304e0d52a38d276dd40ad0c54db88e8e9250	[]	/ibex/user/hohndor/km/dynamic-benchmark-20260917/justification-early-case-review-v1/final/results/0002/10/km-common
EARLY-REVIEW-final	True	0002	mmo	q000	000d25e56e57c9f985e8c2793f62b2510b08e924bd56fa5873a500e4c2922dc9	84ef10f04156f93de25c464f29243f8edc140be9f954eeebb691d1d2bb8027dc	module	2	False	100	km-native	native	ok	True	True	verified	correct	1	1	99f09491838342f11d5b9f24215e451ab5449ee4dfeacaf4a5e37ac30959da40	0	complete	True	0.08275037258863449			1310720	48ac78980a602c0988d57317701c304e0d52a38d276dd40ad0c54db88e8e9250	[]	/ibex/user/hohndor/km/dynamic-benchmark-20260917/justification-early-case-review-v1/final/results/0002/100/km-native
EARLY-REVIEW-final	True	0002	mmo	q000	000d25e56e57c9f985e8c2793f62b2510b08e924bd56fa5873a500e4c2922dc9	84ef10f04156f93de25c464f29243f8edc140be9f954eeebb691d1d2bb8027dc	module	2	False	100	km-common	common	ok	True	True	verified	correct	1	1	99f09491838342f11d5b9f24215e451ab5449ee4dfeacaf4a5e37ac30959da40	0	complete	True	2.4837070051580667	0.459260094	0.521923189	121896960	48ac78980a602c0988d57317701c304e0d52a38d276dd40ad0c54db88e8e9250	[]	/ibex/user/hohndor/km/dynamic-benchmark-20260917/justification-early-case-review-v1/final/results/0002/100/km-common
EARLY-REVIEW-final	True	0003	mmo	q000	000d25e56e57c9f985e8c2793f62b2510b08e924bd56fa5873a500e4c2922dc9	84ef10f04156f93de25c464f29243f8edc140be9f954eeebb691d1d2bb8027dc	module	3	False	1	km-native	native	ok	True	True	verified	correct	1	1	99f09491838342f11d5b9f24215e451ab5449ee4dfeacaf4a5e37ac30959da40	0	bounded_or_unfinished	True	0.082225875928998			983040	48ac78980a602c0988d57317701c304e0d52a38d276dd40ad0c54db88e8e9250	[]	/ibex/user/hohndor/km/dynamic-benchmark-20260917/justification-early-case-review-v1/final/results/0003/1/km-native
EARLY-REVIEW-final	True	0003	mmo	q000	000d25e56e57c9f985e8c2793f62b2510b08e924bd56fa5873a500e4c2922dc9	84ef10f04156f93de25c464f29243f8edc140be9f954eeebb691d1d2bb8027dc	module	3	False	1	km-common	common	ok	True	True	verified	correct	1	1	99f09491838342f11d5b9f24215e451ab5449ee4dfeacaf4a5e37ac30959da40	0	bounded_or_unfinished	True	2.318279270082712	0.472951885	0.473283628	120586240	48ac78980a602c0988d57317701c304e0d52a38d276dd40ad0c54db88e8e9250	[]	/ibex/user/hohndor/km/dynamic-benchmark-20260917/justification-early-case-review-v1/final/results/0003/1/km-common
EARLY-REVIEW-final	True	0003	mmo	q000	000d25e56e57c9f985e8c2793f62b2510b08e924bd56fa5873a500e4c2922dc9	84ef10f04156f93de25c464f29243f8edc140be9f954eeebb691d1d2bb8027dc	module	3	False	10	km-native	native	ok	True	True	verified	correct	1	1	99f09491838342f11d5b9f24215e451ab5449ee4dfeacaf4a5e37ac30959da40	0	complete	True	0.08464549854397774			983040	48ac78980a602c0988d57317701c304e0d52a38d276dd40ad0c54db88e8e9250	[]	/ibex/user/hohndor/km/dynamic-benchmark-20260917/justification-early-case-review-v1/final/results/0003/10/km-native
EARLY-REVIEW-final	True	0003	mmo	q000	000d25e56e57c9f985e8c2793f62b2510b08e924bd56fa5873a500e4c2922dc9	84ef10f04156f93de25c464f29243f8edc140be9f954eeebb691d1d2bb8027dc	module	3	False	10	km-common	common	ok	True	True	verified	correct	1	1	99f09491838342f11d5b9f24215e451ab5449ee4dfeacaf4a5e37ac30959da40	0	complete	True	2.4990121349692345	0.518704216	0.569405678	121397248	48ac78980a602c0988d57317701c304e0d52a38d276dd40ad0c54db88e8e9250	[]	/ibex/user/hohndor/km/dynamic-benchmark-20260917/justification-early-case-review-v1/final/results/0003/10/km-common
EARLY-REVIEW-final	True	0003	mmo	q000	000d25e56e57c9f985e8c2793f62b2510b08e924bd56fa5873a500e4c2922dc9	84ef10f04156f93de25c464f29243f8edc140be9f954eeebb691d1d2bb8027dc	module	3	False	100	km-native	native	ok	True	True	verified	correct	1	1	99f09491838342f11d5b9f24215e451ab5449ee4dfeacaf4a5e37ac30959da40	0	complete	True	0.08282668329775333			1310720	48ac78980a602c0988d57317701c304e0d52a38d276dd40ad0c54db88e8e9250	[]	/ibex/user/hohndor/km/dynamic-benchmark-20260917/justification-early-case-review-v1/final/results/0003/100/km-native
EARLY-REVIEW-final	True	0003	mmo	q000	000d25e56e57c9f985e8c2793f62b2510b08e924bd56fa5873a500e4c2922dc9	84ef10f04156f93de25c464f29243f8edc140be9f954eeebb691d1d2bb8027dc	module	3	False	100	km-common	common	ok	True	True	verified	correct	1	1	99f09491838342f11d5b9f24215e451ab5449ee4dfeacaf4a5e37ac30959da40	0	complete	True	2.451783584430814	0.497902806	0.56065462	119894016	48ac78980a602c0988d57317701c304e0d52a38d276dd40ad0c54db88e8e9250	[]	/ibex/user/hohndor/km/dynamic-benchmark-20260917/justification-early-case-review-v1/final/results/0003/100/km-common
EARLY-REVIEW-final	True	0004	mmo	q000	000d25e56e57c9f985e8c2793f62b2510b08e924bd56fa5873a500e4c2922dc9	84ef10f04156f93de25c464f29243f8edc140be9f954eeebb691d1d2bb8027dc	module	4	False	1	km-native	native	ok	True	True	verified	correct	1	1	99f09491838342f11d5b9f24215e451ab5449ee4dfeacaf4a5e37ac30959da40	0	bounded_or_unfinished	True	0.08522762730717659			1310720	48ac78980a602c0988d57317701c304e0d52a38d276dd40ad0c54db88e8e9250	[]	/ibex/user/hohndor/km/dynamic-benchmark-20260917/justification-early-case-review-v1/final/results/0004/1/km-native
EARLY-REVIEW-final	True	0004	mmo	q000	000d25e56e57c9f985e8c2793f62b2510b08e924bd56fa5873a500e4c2922dc9	84ef10f04156f93de25c464f29243f8edc140be9f954eeebb691d1d2bb8027dc	module	4	False	1	km-common	common	ok	True	True	verified	correct	1	1	99f09491838342f11d5b9f24215e451ab5449ee4dfeacaf4a5e37ac30959da40	0	bounded_or_unfinished	True	2.390914699062705	0.48590859	0.486281711	134606848	48ac78980a602c0988d57317701c304e0d52a38d276dd40ad0c54db88e8e9250	[]	/ibex/user/hohndor/km/dynamic-benchmark-20260917/justification-early-case-review-v1/final/results/0004/1/km-common
EARLY-REVIEW-final	True	0004	mmo	q000	000d25e56e57c9f985e8c2793f62b2510b08e924bd56fa5873a500e4c2922dc9	84ef10f04156f93de25c464f29243f8edc140be9f954eeebb691d1d2bb8027dc	module	4	False	10	km-native	native	ok	True	True	verified	correct	1	1	99f09491838342f11d5b9f24215e451ab5449ee4dfeacaf4a5e37ac30959da40	0	complete	True	0.08391243033111095			1310720	48ac78980a602c0988d57317701c304e0d52a38d276dd40ad0c54db88e8e9250	[]	/ibex/user/hohndor/km/dynamic-benchmark-20260917/justification-early-case-review-v1/final/results/0004/10/km-native
EARLY-REVIEW-final	True	0004	mmo	q000	000d25e56e57c9f985e8c2793f62b2510b08e924bd56fa5873a500e4c2922dc9	84ef10f04156f93de25c464f29243f8edc140be9f954eeebb691d1d2bb8027dc	module	4	False	10	km-common	common	ok	True	True	verified	correct	1	1	99f09491838342f11d5b9f24215e451ab5449ee4dfeacaf4a5e37ac30959da40	0	complete	True	2.4079812113195658	0.474375512	0.53606089	132616192	48ac78980a602c0988d57317701c304e0d52a38d276dd40ad0c54db88e8e9250	[]	/ibex/user/hohndor/km/dynamic-benchmark-20260917/justification-early-case-review-v1/final/results/0004/10/km-common
EARLY-REVIEW-final	True	0004	mmo	q000	000d25e56e57c9f985e8c2793f62b2510b08e924bd56fa5873a500e4c2922dc9	84ef10f04156f93de25c464f29243f8edc140be9f954eeebb691d1d2bb8027dc	module	4	False	100	km-native	native	ok	True	True	verified	correct	1	1	99f09491838342f11d5b9f24215e451ab5449ee4dfeacaf4a5e37ac30959da40	0	complete	True	0.08380339853465557			1310720	48ac78980a602c0988d57317701c304e0d52a38d276dd40ad0c54db88e8e9250	[]	/ibex/user/hohndor/km/dynamic-benchmark-20260917/justification-early-case-review-v1/final/results/0004/100/km-native
EARLY-REVIEW-final	True	0004	mmo	q000	000d25e56e57c9f985e8c2793f62b2510b08e924bd56fa5873a500e4c2922dc9	84ef10f04156f93de25c464f29243f8edc140be9f954eeebb691d1d2bb8027dc	module	4	False	100	km-common	common	ok	True	True	verified	correct	1	1	99f09491838342f11d5b9f24215e451ab5449ee4dfeacaf4a5e37ac30959da40	0	complete	True	2.45268002897501	0.452365563	0.520682331	132608000	48ac78980a602c0988d57317701c304e0d52a38d276dd40ad0c54db88e8e9250	[]	/ibex/user/hohndor/km/dynamic-benchmark-20260917/justification-early-case-review-v1/final/results/0004/100/km-common
EARLY-REVIEW-final	True	0005	mmo	q000	000d25e56e57c9f985e8c2793f62b2510b08e924bd56fa5873a500e4c2922dc9	84ef10f04156f93de25c464f29243f8edc140be9f954eeebb691d1d2bb8027dc	module	5	False	1	km-native	native	ok	True	True	verified	correct	1	1	99f09491838342f11d5b9f24215e451ab5449ee4dfeacaf4a5e37ac30959da40	0	bounded_or_unfinished	True	0.08361120708286762			1310720	48ac78980a602c0988d57317701c304e0d52a38d276dd40ad0c54db88e8e9250	[]	/ibex/user/hohndor/km/dynamic-benchmark-20260917/justification-early-case-review-v1/final/results/0005/1/km-native
EARLY-REVIEW-final	True	0005	mmo	q000	000d25e56e57c9f985e8c2793f62b2510b08e924bd56fa5873a500e4c2922dc9	84ef10f04156f93de25c464f29243f8edc140be9f954eeebb691d1d2bb8027dc	module	5	False	1	km-common	common	ok	True	True	verified	correct	1	1	99f09491838342f11d5b9f24215e451ab5449ee4dfeacaf4a5e37ac30959da40	0	bounded_or_unfinished	True	2.2607734818011522	0.443012677	0.443284108	137170944	48ac78980a602c0988d57317701c304e0d52a38d276dd40ad0c54db88e8e9250	[]	/ibex/user/hohndor/km/dynamic-benchmark-20260917/justification-early-case-review-v1/final/results/0005/1/km-common
EARLY-REVIEW-final	True	0005	mmo	q000	000d25e56e57c9f985e8c2793f62b2510b08e924bd56fa5873a500e4c2922dc9	84ef10f04156f93de25c464f29243f8edc140be9f954eeebb691d1d2bb8027dc	module	5	False	10	km-native	native	ok	True	True	verified	correct	1	1	99f09491838342f11d5b9f24215e451ab5449ee4dfeacaf4a5e37ac30959da40	0	complete	True	0.08294636011123657			1310720	48ac78980a602c0988d57317701c304e0d52a38d276dd40ad0c54db88e8e9250	[]	/ibex/user/hohndor/km/dynamic-benchmark-20260917/justification-early-case-review-v1/final/results/0005/10/km-native
EARLY-REVIEW-final	True	0005	mmo	q000	000d25e56e57c9f985e8c2793f62b2510b08e924bd56fa5873a500e4c2922dc9	84ef10f04156f93de25c464f29243f8edc140be9f954eeebb691d1d2bb8027dc	module	5	False	10	km-common	common	ok	True	True	verified	correct	1	1	99f09491838342f11d5b9f24215e451ab5449ee4dfeacaf4a5e37ac30959da40	0	complete	True	2.4686740953475237	0.55920742	0.621904442	132702208	48ac78980a602c0988d57317701c304e0d52a38d276dd40ad0c54db88e8e9250	[]	/ibex/user/hohndor/km/dynamic-benchmark-20260917/justification-early-case-review-v1/final/results/0005/10/km-common
EARLY-REVIEW-final	True	0005	mmo	q000	000d25e56e57c9f985e8c2793f62b2510b08e924bd56fa5873a500e4c2922dc9	84ef10f04156f93de25c464f29243f8edc140be9f954eeebb691d1d2bb8027dc	module	5	False	100	km-native	native	ok	True	True	verified	correct	1	1	99f09491838342f11d5b9f24215e451ab5449ee4dfeacaf4a5e37ac30959da40	0	complete	True	0.08347235061228275			1310720	48ac78980a602c0988d57317701c304e0d52a38d276dd40ad0c54db88e8e9250	[]	/ibex/user/hohndor/km/dynamic-benchmark-20260917/justification-early-case-review-v1/final/results/0005/100/km-native
EARLY-REVIEW-final	True	0005	mmo	q000	000d25e56e57c9f985e8c2793f62b2510b08e924bd56fa5873a500e4c2922dc9	84ef10f04156f93de25c464f29243f8edc140be9f954eeebb691d1d2bb8027dc	module	5	False	100	km-common	common	ok	True	True	verified	correct	1	1	99f09491838342f11d5b9f24215e451ab5449ee4dfeacaf4a5e37ac30959da40	0	complete	True	2.53675059042871	0.506212314	0.573355697	137912320	48ac78980a602c0988d57317701c304e0d52a38d276dd40ad0c54db88e8e9250	[]	/ibex/user/hohndor/km/dynamic-benchmark-20260917/justification-early-case-review-v1/final/results/0005/100/km-common
