ontology	index	status	verdict	solved	selected_route	wall_s	peak_mb	binary_sha256	signature_sha256	correctness_basis	slurm_job_id
ore_ont_33.owl	0	ok	match	true	production_all	0.3402	52.46	1011b397da7782301d7d78f451591889f3eaeadcef47f4a1a7a5352b2c123666	c547c598ede2b73339e49f4c1e805d2cdb9eacf5916e6a87169653fea88bad2d		49841418
ore_ont_105.owl	1	ok	match	true	production_all	0.0406	6.88	1011b397da7782301d7d78f451591889f3eaeadcef47f4a1a7a5352b2c123666	b87db53f167df5a69d109d90740cadf2bb2c27635e9496a86f454e4838ed8728		49841419
ore_ont_148.owl	2	ok	match	true	nominals	11.9717	1620.12	1011b397da7782301d7d78f451591889f3eaeadcef47f4a1a7a5352b2c123666	10ef79ea10318d5197169737fc59d7d5771162a452a2e4e1a74a7a0ca880d944		49841420
ore_ont_178.owl	3	ok	match	true	nominals	0.1558	41.88	1011b397da7782301d7d78f451591889f3eaeadcef47f4a1a7a5352b2c123666	e6e4ebc5a09a391d077e5e5a30b88abe563b2c13b222f6bab8cdf1aecbf50e0a		49841421
ore_ont_258.owl	4	ok	match	true	production_all	0.0407	6.88	1011b397da7782301d7d78f451591889f3eaeadcef47f4a1a7a5352b2c123666	9579a5c955be86249c9f139f96cfae0fc4ab29399e898cd12d2c769e74e464c9		49841422
ore_ont_269.owl	5	ok	match	true	production_all	2.0504	576.07	1011b397da7782301d7d78f451591889f3eaeadcef47f4a1a7a5352b2c123666	25a9dfe3607834ad90d624672276aede57eaf02784efa544063dd4489337adab		49841423
ore_ont_338.owl	6	ok	match	true	production_all	0.0407	8.12	1011b397da7782301d7d78f451591889f3eaeadcef47f4a1a7a5352b2c123666	b745bb36702b9861d79f297df70982109814a0a5c5579b2af04f4fd748403746		49841424
ore_ont_380.owl	7	ok	match	true	production_all	0.0696	12.51	1011b397da7782301d7d78f451591889f3eaeadcef47f4a1a7a5352b2c123666	55086452e6fa037ae88e22f05bf4fd7fae44c534fc7dbcf65691946962e0e202		49841425
ore_ont_394.owl	8	ok	match	true	nominals	0.0983	31.62	1011b397da7782301d7d78f451591889f3eaeadcef47f4a1a7a5352b2c123666	b0b77ecd4bd6ae54580d015e3168dae58e0dd9cd80f64ecebf29d2fa2dfe5c02		49841426
ore_ont_412.owl	9	ok	match	true	production_all	0.0959	20.11	1011b397da7782301d7d78f451591889f3eaeadcef47f4a1a7a5352b2c123666	9e482716a302992d30f7afcb71c473594584992bd4a9032ace1f005c460987da		49841427
ore_ont_443.owl	10	ok	match	true	nominals	0.098	23.66	1011b397da7782301d7d78f451591889f3eaeadcef47f4a1a7a5352b2c123666	3c48c283d1292f55fe67383942d35be768499f1f96e83f0adf812c000ac3b9dd		49841428
ore_ont_457.owl	11	ok	match	true	production_all	0.0676	14.38	1011b397da7782301d7d78f451591889f3eaeadcef47f4a1a7a5352b2c123666	21d873c690e1f8ddd85fb557aa6ccd2dec40902830769885cb340d5889bd1b06		49841429
ore_ont_508.owl	12	ok	match	true	production_all	0.0391	7.19	1011b397da7782301d7d78f451591889f3eaeadcef47f4a1a7a5352b2c123666	3847724c9e9e2a9fcf6c97fe0e5fdbe9cb10a1957f3521806480ac5f21de5f1f		49841430
ore_ont_541.owl	13	ok	match	true	production_all	0.1852	55.32	1011b397da7782301d7d78f451591889f3eaeadcef47f4a1a7a5352b2c123666	c20d3724284bad20c79b64470da7d1a176fa34e92aa993fed54799a9bdbfb82e		49841433
ore_ont_544.owl	14	ok	match	true	production_all	0.128	19.91	1011b397da7782301d7d78f451591889f3eaeadcef47f4a1a7a5352b2c123666	fae1e3e632c54b1c5a0b1de39cd2907984c5cb7cb41be063ba05dc1a00470694		49841434
ore_ont_566.owl	15	ok	match	true	production_all	0.0677	11.74	1011b397da7782301d7d78f451591889f3eaeadcef47f4a1a7a5352b2c123666	3460573f3c96cde1f3769168bd13a417b28ed1b271986165c4ea3a4bb63652c7		49841435
ore_ont_637.owl	16	ok	match	true	production_all	0.039	8.12	1011b397da7782301d7d78f451591889f3eaeadcef47f4a1a7a5352b2c123666	cb49a9ec460d5f3888d3d2416aa7ce8ddb9ce0c3057009d3ae037567be23d277		49841436
ore_ont_670.owl	17	ok	match	true	production_all	0.0677	12.83	1011b397da7782301d7d78f451591889f3eaeadcef47f4a1a7a5352b2c123666	73ed44f501a16b10e3fc47bfe462789376f5337a258b8d668544d0fd82f3e07d		49841437
ore_ont_703.owl	18	ok	match	true	production_all	0.0407	8.75	1011b397da7782301d7d78f451591889f3eaeadcef47f4a1a7a5352b2c123666	3fab48d1d70f73e046aaa7fc045b757147a895eb288a037e3d7e7a4cc9218923		49841438
ore_ont_725.owl	19	ok	match	true	production_all	0.0674	12.98	1011b397da7782301d7d78f451591889f3eaeadcef47f4a1a7a5352b2c123666	bcb36636c59fa3d9c804c5fe45671d1ec6012c5afabc66a6209c1ece82e576f7		49841439
ore_ont_795.owl	20	ok	match	true	production_all	5.9868	1184.93	1011b397da7782301d7d78f451591889f3eaeadcef47f4a1a7a5352b2c123666	46bc86a218926fba754a544edfbd189e4985f4d1588bb590b4e7d16e7bf425b8		49841442
ore_ont_840.owl	21	ok	match	true	production_all	2.1323	420.61	1011b397da7782301d7d78f451591889f3eaeadcef47f4a1a7a5352b2c123666	3d88d25973c176a4c55bedc4af8b0111afbdde3b792af73c4c86386e94dad4a9		49841443
ore_ont_868.owl	22	ok	match	true	production_all	55.1083	5327.97	1011b397da7782301d7d78f451591889f3eaeadcef47f4a1a7a5352b2c123666	be6be6663ffd9721606bf3cb61308789c55c28ffbe8d4ba2d85d0ee60b7fcc0f		49841444
ore_ont_869.owl	23	ok	match	true	production_all	0.1076	16.21	1011b397da7782301d7d78f451591889f3eaeadcef47f4a1a7a5352b2c123666	786a9d5011c8dfe4b3b537254d4949946a4aa2a65bfa7246ecbbc5816ec89823		49841445
ore_ont_935.owl	24	ok	match	true	production_all	0.6098	58.65	1011b397da7782301d7d78f451591889f3eaeadcef47f4a1a7a5352b2c123666	e28734d416a55cc903d9b1d299be79e05763691b27185934a94a42f59524be2e		49841446
ore_ont_947.owl	25	ok	match	true	production_all	0.3877	45.67	1011b397da7782301d7d78f451591889f3eaeadcef47f4a1a7a5352b2c123666	04edb515f2bfe70c8381f2886402201b30947dfedb48f69eccfab4275f8d9baf		49841447
ore_ont_960.owl	26	ok	match	true	nominals	2.5507	848.84	1011b397da7782301d7d78f451591889f3eaeadcef47f4a1a7a5352b2c123666	f4cfde7f23bbb2df47ece80129e120bd127df90b2793cfc5fe5bfe924b0bad33		49841448
ore_ont_964.owl	27	ok	match	true	production_all	0.3878	51.52	1011b397da7782301d7d78f451591889f3eaeadcef47f4a1a7a5352b2c123666	bf71a4cbd9ebf8173477e14cd8e902174c692fbfe824487fc5f22119a63f5500		49841449
ore_ont_1012.owl	28	ok	match	true	production_all	58.2831	6211.83	1011b397da7782301d7d78f451591889f3eaeadcef47f4a1a7a5352b2c123666	25a9dfe3607834ad90d624672276aede57eaf02784efa544063dd4489337adab		49841450
ore_ont_1016.owl	29	ok	match	true	production_all	1.0345	595.07	1011b397da7782301d7d78f451591889f3eaeadcef47f4a1a7a5352b2c123666	4761511ebdff1db0c30c8c5cac756a6fde57bf284d7be536740fd3e145e0a694		49841451
ore_ont_1017.owl	30	ok	match	true	production_all	0.0692	12.5	1011b397da7782301d7d78f451591889f3eaeadcef47f4a1a7a5352b2c123666	ae99b783760a88e6b52f52e8fc649a680d05124b89be44322252f8d9a4e9b7b8		49841452
ore_ont_1034.owl	31	ok	match	true	production_all	0.0396	7.81	1011b397da7782301d7d78f451591889f3eaeadcef47f4a1a7a5352b2c123666	25a9dfe3607834ad90d624672276aede57eaf02784efa544063dd4489337adab		49841453
ore_ont_1082.owl	32	ok	match	true	production_all	2.2034	581.52	1011b397da7782301d7d78f451591889f3eaeadcef47f4a1a7a5352b2c123666	d74d401fbc3ede0305a22638186dbf109482648f2c9bee7be761183c26937f9a		49841456
ore_ont_1194.owl	33	error	error	false	nominals	32.0151	18558.06	1011b397da7782301d7d78f451591889f3eaeadcef47f4a1a7a5352b2c123666			49841342
ore_ont_1212.owl	34	ok	match	true	production_all	1.3084	282.71	1011b397da7782301d7d78f451591889f3eaeadcef47f4a1a7a5352b2c123666	772e912b94a8d6e544147a6baef2955c80c5f9e7d4f2c805da71d1e1f9474516		49841459
ore_ont_1272.owl	35	ok	match	true	production_all	3.7755	724.82	1011b397da7782301d7d78f451591889f3eaeadcef47f4a1a7a5352b2c123666	ba4a5ca1111a1ab31aaab5c4fee7b7cf5fb80a35ceda816fbfca46da60d13da0		49841461
ore_ont_1306.owl	36	ok	match	true	production_all	41.4104	4596.08	1011b397da7782301d7d78f451591889f3eaeadcef47f4a1a7a5352b2c123666	25a9dfe3607834ad90d624672276aede57eaf02784efa544063dd4489337adab		49841464
ore_ont_1325.owl	37	ok	match	true	production_all	0.0405	7.19	1011b397da7782301d7d78f451591889f3eaeadcef47f4a1a7a5352b2c123666	f4d1df3b8fd67c88abe2789c705dcf70bea77e675f8196f5ecb4bba1f440b8be		49841465
ore_ont_1340.owl	38	ok	match	true	production_all	0.1895	55.0	1011b397da7782301d7d78f451591889f3eaeadcef47f4a1a7a5352b2c123666	cd58269a7598470fd2e574ac761fc27a8579eaf49b660f71530d93af973ec852		49841468
ore_ont_1357.owl	39	ok	match	true	production_all	6.5364	1071.07	1011b397da7782301d7d78f451591889f3eaeadcef47f4a1a7a5352b2c123666	252e5a317e97b937b29f83d93539566a7028d833752c8c7433dcb66bc9946f5a		49841469
ore_ont_1370.owl	40	ok	match	true	production_all	12.7445	1960.37	1011b397da7782301d7d78f451591889f3eaeadcef47f4a1a7a5352b2c123666	c05f030504ebae8cf9ae1a43f33f679c0eb33055041d00f5ba3797c5ec3f2408		49841470
ore_ont_1420.owl	41	ok	match	true	production_all	0.0407	6.56	1011b397da7782301d7d78f451591889f3eaeadcef47f4a1a7a5352b2c123666	4823f97a40abc54c7cdaeb1da933f82879169872bed63ed9a200c0ba94d3f9c5		49841472
ore_ont_1473.owl	42	ok	match	true	production_all	0.069	11.21	1011b397da7782301d7d78f451591889f3eaeadcef47f4a1a7a5352b2c123666	0294b032925c15c476e5177efb18e8e6f3208e75b5a05531ebbc3aa67610afec		49841476
ore_ont_1481.owl	43	ok	match	true	production_all	1.1975	288.11	1011b397da7782301d7d78f451591889f3eaeadcef47f4a1a7a5352b2c123666	4258584ca637b9cb22cf9a2a5adf454d2630a2af8bd7524f62032bc048bb52dc		49841477
ore_ont_1493.owl	44	ok	match	true	production_all	0.2776	67.89	1011b397da7782301d7d78f451591889f3eaeadcef47f4a1a7a5352b2c123666	db0c3f18e8a94a9ba207e78900e81b51fd5883e09c1aacd893600bc96fcf4fbe		49841479
ore_ont_1494.owl	45	ok	match	true	production_all	0.0411	8.12	1011b397da7782301d7d78f451591889f3eaeadcef47f4a1a7a5352b2c123666	0c5bac20e795a43b20fa62c2633255b76b0b0e309ac355d1f474982d966c8a97		49841480
ore_ont_1501.owl	46	ok	match	true	production_all	0.4197	49.89	1011b397da7782301d7d78f451591889f3eaeadcef47f4a1a7a5352b2c123666	12cd4960cb68b7dc6a9a238e85da4036dc3f54687cf9402764fb38a886c7456a		49841481
ore_ont_1555.owl	47	ok	match	true	nominals	0.2185	101.64	1011b397da7782301d7d78f451591889f3eaeadcef47f4a1a7a5352b2c123666	a9a6e523bf2e63b92cabe7d60d4ca2a160340fd91a5d0bd5653d6f40f352bbfc		49841482
ore_ont_1559.owl	48	ok	match	true	production_all	62.4063	8351.53	1011b397da7782301d7d78f451591889f3eaeadcef47f4a1a7a5352b2c123666	a1ad6c7eedab65f2395675205f0cbfbb3c25aad43d40690ad8acfbae483a652d		49841483
ore_ont_1579.owl	49	ok	match	true	production_all	14.2316	1051.91	1011b397da7782301d7d78f451591889f3eaeadcef47f4a1a7a5352b2c123666	1e3901c4e07c5ed16d1540ad65c9c714ab2b8d2c2a3f8f7ce285745c1dc69498		49841486
ore_ont_1603.owl	50	ok	match	true	production_all	4.5379	405.55	1011b397da7782301d7d78f451591889f3eaeadcef47f4a1a7a5352b2c123666	fa39d615f9e61b2f89febfb836d0fa368b9435190ce5604b479573c80a7e3081		49841487
ore_ont_1618.owl	51	ok	match	true	production_all	0.0408	17.04	1011b397da7782301d7d78f451591889f3eaeadcef47f4a1a7a5352b2c123666	e2658caadf043dbf5c015820328c06e106102c19d14b53944c95ccdc74a85554		49841491
ore_ont_1666.owl	52	ok	match	true	production_all	0.3326	43.09	1011b397da7782301d7d78f451591889f3eaeadcef47f4a1a7a5352b2c123666	fa40d5b25c95a52249cb01f29ba0f315d1a0223bb9f9080bb70f7d47e741adbd		49841492
ore_ont_1790.owl	53	ok	match	true	nominals	10.4571	1574.77	1011b397da7782301d7d78f451591889f3eaeadcef47f4a1a7a5352b2c123666	6dd2a1f6eaa9f001ed5c7db958ff1edd374302f7b4e6b64679a6b0deb7635ff6		49841493
ore_ont_1793.owl	54	ok	match	true	production_all	0.0697	8.75	1011b397da7782301d7d78f451591889f3eaeadcef47f4a1a7a5352b2c123666	880e5d909a6e1aadf9f84775c3bf73bd5c26bbe4d9a3f2b494477818ad6b2832		49841494
ore_ont_1902.owl	55	ok	match	true	production_all	0.0695	8.44	1011b397da7782301d7d78f451591889f3eaeadcef47f4a1a7a5352b2c123666	ced976926250d9f91ce25eb6fa928bab4b4b0c9b0864abc43fcb5f2eea7a05b7		49841495
ore_ont_1967.owl	56	ok	match	true	production_all	0.0405	6.88	1011b397da7782301d7d78f451591889f3eaeadcef47f4a1a7a5352b2c123666	efda811e1d6e9ea5f0db4e624fb6396525b8b8062b2425db6e4d09050f5b1c17		49841497
ore_ont_1970.owl	57	ok	match	true	production_all	0.1598	27.72	1011b397da7782301d7d78f451591889f3eaeadcef47f4a1a7a5352b2c123666	61b592347078fca805011c536599fcf4a353ccb7e90d1677c3b07485f1d77e72		49841498
ore_ont_2011.owl	58	ok	match	true	production_all	0.0389	10.0	1011b397da7782301d7d78f451591889f3eaeadcef47f4a1a7a5352b2c123666	56ed4e3d127a5629acea9af4a49866c473a53c149dfa685e194191af802668dd		49841499
ore_ont_2036.owl	59	ok	match	true	production_all	0.0391	6.88	1011b397da7782301d7d78f451591889f3eaeadcef47f4a1a7a5352b2c123666	1b7cba6bc7b03320f1e66d8e1e8ab7f7055d76d6531012ecc7237356e50201fc		49841513
ore_ont_2046.owl	60	ok	match	true	production_all	17.6887	3237.15	1011b397da7782301d7d78f451591889f3eaeadcef47f4a1a7a5352b2c123666	25a9dfe3607834ad90d624672276aede57eaf02784efa544063dd4489337adab		49841515
ore_ont_2066.owl	61	ok	match	true	production_all	0.0395	7.5	1011b397da7782301d7d78f451591889f3eaeadcef47f4a1a7a5352b2c123666	91adc813320db3dcb85694efba9d6579b27797ae80fab7cbed7660d01b838a28		49841516
ore_ont_2105.owl	62	ok	match	true	production_all	0.9032	258.11	1011b397da7782301d7d78f451591889f3eaeadcef47f4a1a7a5352b2c123666	25a9dfe3607834ad90d624672276aede57eaf02784efa544063dd4489337adab		49841517
ore_ont_2128.owl	63	ok	match	true	production_all	0.3003	38.14	1011b397da7782301d7d78f451591889f3eaeadcef47f4a1a7a5352b2c123666	2e3d43d2ccdef95965bb116db6a147ac1c9436689d91642fdc0a0ae516665943		49841518
ore_ont_2129.owl	64	ok	match	true	production_all	0.5134	56.06	1011b397da7782301d7d78f451591889f3eaeadcef47f4a1a7a5352b2c123666	cb1caedcdcf14007912e6f4869d1347fe285cc5c4d848f40f247b83ee9989851		49841519
ore_ont_2195.owl	65	ok	match	true	production_all	0.1004	35.39	1011b397da7782301d7d78f451591889f3eaeadcef47f4a1a7a5352b2c123666	25a9dfe3607834ad90d624672276aede57eaf02784efa544063dd4489337adab		49841522
ore_ont_2228.owl	66	ok	match	true	production_all	0.07	7.81	1011b397da7782301d7d78f451591889f3eaeadcef47f4a1a7a5352b2c123666	ce2a95ed1d1036bf9d4704f8cf34410b65b27c0792ad983ffa7bcdf93124e17f		49841523
ore_ont_2237.owl	67	ok	match	true	production_all	0.0408	7.81	1011b397da7782301d7d78f451591889f3eaeadcef47f4a1a7a5352b2c123666	25a9dfe3607834ad90d624672276aede57eaf02784efa544063dd4489337adab		49841524
ore_ont_2243.owl	68	ok	match	true	production_all	8.4236	1726.77	1011b397da7782301d7d78f451591889f3eaeadcef47f4a1a7a5352b2c123666	25a9dfe3607834ad90d624672276aede57eaf02784efa544063dd4489337adab		49841526
ore_ont_2253.owl	69	ok	match	true	production_all	22.44	3602.78	1011b397da7782301d7d78f451591889f3eaeadcef47f4a1a7a5352b2c123666	25a9dfe3607834ad90d624672276aede57eaf02784efa544063dd4489337adab		49841527
ore_ont_2266.owl	70	ok	match	true	production_all	0.07	13.78	1011b397da7782301d7d78f451591889f3eaeadcef47f4a1a7a5352b2c123666	b259329a58c29998b5e5fb98602314993dcc590449779f452e8b5d7c24f1fdbd		49841528
ore_ont_2313.owl	71	ok	match	true	production_all	0.9915	211.52	1011b397da7782301d7d78f451591889f3eaeadcef47f4a1a7a5352b2c123666	4b1c2c0b5c33e7ea8178bc5c98d5a8cebc422a378856682657ae0036ecf4fef8		49841529
ore_ont_2317.owl	72	ok	match	true	production_all	0.5268	61.24	1011b397da7782301d7d78f451591889f3eaeadcef47f4a1a7a5352b2c123666	06aea88f93c8a06fd471868569d9c58f3a0e1ea01f06c1accbb26d292d5cec76		49841530
ore_ont_2333.owl	73	ok	match	true	production_all	0.1917	68.33	1011b397da7782301d7d78f451591889f3eaeadcef47f4a1a7a5352b2c123666	afac023702c0cc4c05d8529939485e44cc82c4f08d6d4108b5ae432ba581aef9		49841531
ore_ont_2361.owl	74	ok	match	true	production_all	10.7536	1494.02	1011b397da7782301d7d78f451591889f3eaeadcef47f4a1a7a5352b2c123666	8e53f546be8c3e5a75323e982976ce736e03fdd7215f8151cee711479b994b36		49841532
ore_ont_2377.owl	75	ok	match	true	production_all	0.1568	20.21	1011b397da7782301d7d78f451591889f3eaeadcef47f4a1a7a5352b2c123666	bf3c549a55d176d5afde0b3ae58f955c13ed80a01d8125d635ac86be234e05c2		49841533
ore_ont_2378.owl	76	ok	match	true	production_all	0.0688	11.82	1011b397da7782301d7d78f451591889f3eaeadcef47f4a1a7a5352b2c123666	456885455165455332dfd3bedfcd097c8bb74b34227a78d2f807df414bb96578		49841534
ore_ont_2397.owl	77	ok	match	true	production_all	2.3289	483.59	1011b397da7782301d7d78f451591889f3eaeadcef47f4a1a7a5352b2c123666	8a4a0c8bc8402efaf65343c6e3f705dcc3faabbbeaa15ae6ee5d34cc5259d06e		49841535
ore_ont_2440.owl	78	ok	match	true	production_all	0.0971	16.47	1011b397da7782301d7d78f451591889f3eaeadcef47f4a1a7a5352b2c123666	5a47a7dfd4ef9fd3755517b8220470e67a0a4611f8c5fc76fa395544f822571e		49841536
ore_ont_2453.owl	79	ok	match	true	production_all	0.1625	46.47	1011b397da7782301d7d78f451591889f3eaeadcef47f4a1a7a5352b2c123666	104ea91f04934d91a9e0815b45a9940e4e60c9e8aaec0838658a8814d6004ffa		49841537
ore_ont_2469.owl	80	ok	match	true	production_all	7.9524	1782.5	1011b397da7782301d7d78f451591889f3eaeadcef47f4a1a7a5352b2c123666	738b1c7ce71d64c72af0d7c491746e78c01fc4bc002df6313b1ed3a2c80cd719		49841538
ore_ont_2485.owl	81	ok	match	true	production_all	0.0401	8.48	1011b397da7782301d7d78f451591889f3eaeadcef47f4a1a7a5352b2c123666	b254f390278d1308d3020ce93a0e4bfe308f497cf36477cc27bbb763d08458df		49841539
ore_ont_2491.owl	82	ok	match	true	production_all	0.6982	167.31	1011b397da7782301d7d78f451591889f3eaeadcef47f4a1a7a5352b2c123666	25a9dfe3607834ad90d624672276aede57eaf02784efa544063dd4489337adab		49841540
ore_ont_2496.owl	83	ok	match	true	production_all	0.1005	14.41	1011b397da7782301d7d78f451591889f3eaeadcef47f4a1a7a5352b2c123666	6c8c2dd1ea442064196c32326cd1c2c8d3a72ecf5e3d2c331a16cc9281ffa925		49841546
ore_ont_2497.owl	84	ok	match	true	production_all	0.412	44.29	1011b397da7782301d7d78f451591889f3eaeadcef47f4a1a7a5352b2c123666	7c5910f08321736ac0f61ab34fd1b38ef7ab515e5625800662344bdf0365b1c7		49841547
ore_ont_2557.owl	85	ok	match	true	production_all	0.0405	8.12	1011b397da7782301d7d78f451591889f3eaeadcef47f4a1a7a5352b2c123666	25a9dfe3607834ad90d624672276aede57eaf02784efa544063dd4489337adab		49841548
ore_ont_2569.owl	86	ok	match	true	production_all	0.0992	17.59	1011b397da7782301d7d78f451591889f3eaeadcef47f4a1a7a5352b2c123666	f24e7d7134057ec9e2d1325d01ae3d43562f5d211c84654d4726d67eee07aed9		49841549
ore_ont_2591.owl	87	ok	match	true	production_all	0.4803	54.91	1011b397da7782301d7d78f451591889f3eaeadcef47f4a1a7a5352b2c123666	25a9dfe3607834ad90d624672276aede57eaf02784efa544063dd4489337adab		49841551
ore_ont_2627.owl	88	ok	match	true	production_all	1.2278	305.92	1011b397da7782301d7d78f451591889f3eaeadcef47f4a1a7a5352b2c123666	bf4c6b70ee61c103bc93c176ef918936c57a650723d025e60e69b91c8832bb8b		49841552
ore_ont_2632.owl	89	ok	match	true	nominals	1.9976	525.8	1011b397da7782301d7d78f451591889f3eaeadcef47f4a1a7a5352b2c123666	62e68a1ac660d1e1e592bc93f63b7ae9f7acc7abdfa947f439c231d3a6f804d3		49841553
ore_ont_2654.owl	90	ok	match	true	production_all	0.0405	8.49	1011b397da7782301d7d78f451591889f3eaeadcef47f4a1a7a5352b2c123666	3453da9381fa3e59bdb9b370be6f6df50aba9d9d88fc465e3d19e3894e14d009		49841555
ore_ont_2661.owl	91	ok	match	true	production_all	0.9741	224.72	1011b397da7782301d7d78f451591889f3eaeadcef47f4a1a7a5352b2c123666	9f600e8b5d326d5a3980de356c4a8b1ca839ec07547ad7ad3abff09a2cc2045f		49841556
ore_ont_2662.owl	92	ok	match	true	production_all	0.0405	7.19	1011b397da7782301d7d78f451591889f3eaeadcef47f4a1a7a5352b2c123666	fd34b1d4ceb20c5e75b681223a69317888fd506e8507339ea206a877509b78c4		49841557
ore_ont_2669.owl	93	ok	consistency_mismatch	false	ht_rules	0.1598	25.0	1011b397da7782301d7d78f451591889f3eaeadcef47f4a1a7a5352b2c123666	3c48c283d1292f55fe67383942d35be768499f1f96e83f0adf812c000ac3b9dd		49841558
ore_ont_2672.owl	94	ok	match	true	production_all	0.0411	8.44	1011b397da7782301d7d78f451591889f3eaeadcef47f4a1a7a5352b2c123666	ccec9d60ef1094821eb6a78cfc3f7622e8a27e0abd8d4c0e041c3e950febe5a1		49841559
ore_ont_2678.owl	95	ok	match	true	nominals	0.104	65.69	1011b397da7782301d7d78f451591889f3eaeadcef47f4a1a7a5352b2c123666	4d94e1f7530b312057603495f8070e53a9716410718fe3794dac0817974fc788		49841560
ore_ont_2713.owl	96	ok	match	true	production_all	0.039	8.12	1011b397da7782301d7d78f451591889f3eaeadcef47f4a1a7a5352b2c123666	7d4cfe7d4dbc46f455eac2edb2b1f18fb1311cc83088c0fd513b2a1a8b6ed859		49841561
ore_ont_2720.owl	97	ok	match	true	production_all	0.0408	9.06	1011b397da7782301d7d78f451591889f3eaeadcef47f4a1a7a5352b2c123666	809fa595c9cd497346a427ce8a4df2a95f9aa123110f8772b5085cdff3a09800		49841562
ore_ont_2744.owl	98	ok	match	true	nominals	0.1561	79.46	1011b397da7782301d7d78f451591889f3eaeadcef47f4a1a7a5352b2c123666	cc1a1bfca6d6ba98ffc979241d1b99f078e266c40abb6c2e862884301f8b44bd		49841563
ore_ont_2753.owl	99	ok	match	true	production_all	0.0415	8.12	1011b397da7782301d7d78f451591889f3eaeadcef47f4a1a7a5352b2c123666	2edc19bebc56e548c1a2996cf388171b36806041f17480c9a1fb2606cab8334c		49841564
ore_ont_2803.owl	100	ok	match	true	production_all	6.5741	1266.08	1011b397da7782301d7d78f451591889f3eaeadcef47f4a1a7a5352b2c123666	f0c432fee3845eb4ee0944c812ab0cadbbb8b96ea3184fcfff116504553d20e6		49841565
ore_ont_2828.owl	101	ok	match	true	production_all	9.4596	2116.4	1011b397da7782301d7d78f451591889f3eaeadcef47f4a1a7a5352b2c123666	0399302fe592566a3f17d25fbcacdc7be2952b4cf76e2c14384f00e5f7a73b4f		49841566
ore_ont_2860.owl	102	ok	match	true	nominals	0.3661	150.02	1011b397da7782301d7d78f451591889f3eaeadcef47f4a1a7a5352b2c123666	32f9f65defa5b278b7745ffe5d0fc8e4815fd87d064b09f179dd5d5d4322aa26		49841567
ore_ont_2876.owl	103	ok	match	true	production_all	0.0392	6.88	1011b397da7782301d7d78f451591889f3eaeadcef47f4a1a7a5352b2c123666	ccdfc6d626940ef30a9115eff4872649ebcdaae60e4ff9e1d922d38485fb44ad		49841577
ore_ont_3050.owl	104	ok	match	true	nominals	14.2575	3124.36	1011b397da7782301d7d78f451591889f3eaeadcef47f4a1a7a5352b2c123666	6dd2a1f6eaa9f001ed5c7db958ff1edd374302f7b4e6b64679a6b0deb7635ff6		49841586
ore_ont_3082.owl	105	ok	match	true	production_all	0.0404	6.56	1011b397da7782301d7d78f451591889f3eaeadcef47f4a1a7a5352b2c123666	0b77ec936cb4d6f7a533a0b8321147d39fb68a521a2b260f1a81d30e3cb589fa		49841588
ore_ont_3106.owl	106	ok	match	true	production_all	0.2184	34.74	1011b397da7782301d7d78f451591889f3eaeadcef47f4a1a7a5352b2c123666	28dfc47a6b572c7c94f510f067e8c416c66be2b4e826c29df6fb4e615d95915f		49841596
ore_ont_3164.owl	107	ok	match	true	production_all	5.3154	950.07	1011b397da7782301d7d78f451591889f3eaeadcef47f4a1a7a5352b2c123666	33d524f5fa1fcd7e3ac81f8c2163ee6b7b97cc3236863781ef629d9887b43d0b		49841597
ore_ont_3177.owl	108	ok	match	true	production_all	0.1856	35.07	1011b397da7782301d7d78f451591889f3eaeadcef47f4a1a7a5352b2c123666	07663e7029f71a58e44ff18ab67c370076dfb27460959b9943b138948cb9b7d5		49841598
ore_ont_3215.owl	109	ok	match	true	production_all	166.5041	8162.29	1011b397da7782301d7d78f451591889f3eaeadcef47f4a1a7a5352b2c123666	2e629f329a33aae3af87893afb850e383d3aece4e19f6785157d4d8756234f6b		49841600
ore_ont_3231.owl	110	ok	match	true	production_all	0.0692	41.92	1011b397da7782301d7d78f451591889f3eaeadcef47f4a1a7a5352b2c123666	6c80b4663d84cc112c1f4e35b5dee1d7407ac3435d8593df8805646a5dbd78bb		49841601
ore_ont_3259.owl	111	ok	match	true	production_all	0.0707	8.75	1011b397da7782301d7d78f451591889f3eaeadcef47f4a1a7a5352b2c123666	25a9dfe3607834ad90d624672276aede57eaf02784efa544063dd4489337adab		49841602
ore_ont_3260.owl	112	ok	match	true	certified_nominals	0.0398	12.97	1011b397da7782301d7d78f451591889f3eaeadcef47f4a1a7a5352b2c123666	9e31c7e70c0bc3a4bbd3efb8aacea673b4027a3cc16bf57da05d04e5e295dfdb		49841603
ore_ont_3313.owl	113	ok	match	true	production_all	0.099	16.86	1011b397da7782301d7d78f451591889f3eaeadcef47f4a1a7a5352b2c123666	156c0e0737752b0d9eb1dc156090cfce69269a36f7ae125769bc23371a67e4ba		49841606
ore_ont_3349.owl	114	ok	match	true	production_all	0.04	9.98	1011b397da7782301d7d78f451591889f3eaeadcef47f4a1a7a5352b2c123666	fe52ef7294cf036febadb05ab1f05bdf8a0af7e52dd71d1f31ada2bd77229907		49841607
ore_ont_3377.owl	115	ok	match	true	production_all	37.189	2645.2	1011b397da7782301d7d78f451591889f3eaeadcef47f4a1a7a5352b2c123666	c0374ad84f4916ecdb8dc8f8d2ae1455c2285ed2f86aaa14c319c7a50c5900cd		49841608
ore_ont_3406.owl	116	ok	match	true	production_all	1.0305	104.5	1011b397da7782301d7d78f451591889f3eaeadcef47f4a1a7a5352b2c123666	624d5d82f0c5f480837cea323d4c86ad7c1e7764ae9b3fb89acb33d9810b3c6c		49841609
ore_ont_3414.owl	117	ok	match	true	production_all	4.8421	961.31	1011b397da7782301d7d78f451591889f3eaeadcef47f4a1a7a5352b2c123666	522aef3af0e145793028b0a2005237437702b100dbb8f4b3ee487aefb3b5b67d		49841610
ore_ont_3418.owl	118	ok	match	true	production_all	0.0394	7.81	1011b397da7782301d7d78f451591889f3eaeadcef47f4a1a7a5352b2c123666	70a7760cdf714c8394efe230e853f212aefff565cd7c5c739bbe1386b0fdf0c4		49841618
ore_ont_3463.owl	119	ok	match	true	production_all	0.0409	6.56	1011b397da7782301d7d78f451591889f3eaeadcef47f4a1a7a5352b2c123666	14e3abbd4745b1013a35ef51291fba70afb6eb51d002d3d2dc9bb09500152904		49841619
ore_ont_3480.owl	120	ok	match	true	production_all	0.3236	46.84	1011b397da7782301d7d78f451591889f3eaeadcef47f4a1a7a5352b2c123666	bc2cc27510ca5023d81cee938b7901836f6cb98e1718518aa5d4748de7850ea7		49841620
ore_ont_3524.owl	121	ok	match	true	elc	25.1369	2579.95	1011b397da7782301d7d78f451591889f3eaeadcef47f4a1a7a5352b2c123666	090129a7fbaa14652ada3408dd1f160e7dd4a09a3502cc3323d8dad734e8893a	same_job_fulliri_identity_to_konclude	49841621
ore_ont_3560.owl	122	ok	match	true	production_all	23.7042	3684.71	1011b397da7782301d7d78f451591889f3eaeadcef47f4a1a7a5352b2c123666	a916c134368b9754f20d8daa6d7a9fd3ab83b8b2b146afb4de212242185d7993		49841622
ore_ont_3635.owl	123	ok	match	true	production_all	0.0697	11.93	1011b397da7782301d7d78f451591889f3eaeadcef47f4a1a7a5352b2c123666	d70dda2b2aeb8f0348230a796bbbbeed179618410272f73d0fab0ef58f9807e8		49841624
ore_ont_3640.owl	124	ok	match	true	production_all	0.1003	22.27	1011b397da7782301d7d78f451591889f3eaeadcef47f4a1a7a5352b2c123666	0242345796f9a80460ab41889f9c60f161f70d579f65e450ef7cca9e2c93da32		49841625
ore_ont_3658.owl	125	ok	match	true	production_all	7.4508	1143.77	1011b397da7782301d7d78f451591889f3eaeadcef47f4a1a7a5352b2c123666	6abf4289743d05b7c75269cde13113316c621516fa3d6cd0306048c161cd1d7b		49841626
ore_ont_3712.owl	126	ok	match	true	production_all	0.3022	47.11	1011b397da7782301d7d78f451591889f3eaeadcef47f4a1a7a5352b2c123666	24e57541ea2f059f849e07530327b1e6b4197982136b5930d07cc5258156f54c		49841627
ore_ont_3770.owl	127	ok	match	true	production_all	0.0408	8.12	1011b397da7782301d7d78f451591889f3eaeadcef47f4a1a7a5352b2c123666	25a9dfe3607834ad90d624672276aede57eaf02784efa544063dd4489337adab		49841628
ore_ont_3784.owl	128	ok	match	true	production_all	0.3384	43.56	1011b397da7782301d7d78f451591889f3eaeadcef47f4a1a7a5352b2c123666	26b8655c70484396ea5210e6edacb65de63967b0670f1763087e1eecd54c24d9		49841630
ore_ont_3795.owl	129	ok	match	true	nominal_ni_abox	1.1563	590.78	1011b397da7782301d7d78f451591889f3eaeadcef47f4a1a7a5352b2c123666	6d9285aae0ab89479bc2db0d99b396d87044ea4f1baa33c4edc5fc5410681760		49841631
ore_ont_3797.owl	130	ok	match	true	production_all	0.3234	45.55	1011b397da7782301d7d78f451591889f3eaeadcef47f4a1a7a5352b2c123666	25a9dfe3607834ad90d624672276aede57eaf02784efa544063dd4489337adab		49841632
ore_ont_3836.owl	131	ok	match	true	production_all	31.5734	5311.71	1011b397da7782301d7d78f451591889f3eaeadcef47f4a1a7a5352b2c123666	203f79d8a6f6590f120e9edd2b5f01c21a0b39b2fce4a84de55ada270163e4c5		49841634
ore_ont_3842.owl	132	ok	match	true	production_all	0.0398	7.76	1011b397da7782301d7d78f451591889f3eaeadcef47f4a1a7a5352b2c123666	149b7198f920010407261137b83b46ba384d57d1349dd3ff2dcdf50f3e36b101		49841635
ore_ont_3905.owl	133	ok	match	true	production_all	0.1909	54.14	1011b397da7782301d7d78f451591889f3eaeadcef47f4a1a7a5352b2c123666	9026921dbe65d33881bd60615ecda0c9dd6e7ad4dd9376b64b51596bbc6f8f92		49841636
ore_ont_3909.owl	134	ok	match	true	production_all	0.0386	6.25	1011b397da7782301d7d78f451591889f3eaeadcef47f4a1a7a5352b2c123666	5ec0c0065801b5eee139e6d08a289191c287abe064a95ac8fe9570e90d0f6fd6		49841637
ore_ont_3931.owl	135	ok	match	true	production_all	0.1005	27.64	1011b397da7782301d7d78f451591889f3eaeadcef47f4a1a7a5352b2c123666	1f5a534b480adabb390fc161c5ae04304f2a150a97a4f9767ac6ba0e107d8b48		49841638
ore_ont_3954.owl	136	ok	match	true	production_all	5.6837	1024.33	1011b397da7782301d7d78f451591889f3eaeadcef47f4a1a7a5352b2c123666	f36c7be0b65832b4a9cfe365697a413c326eae0f77db2a4eb2b060ca95f29725		49841639
ore_ont_3978.owl	137	ok	match	true	production_all	0.099	14.21	1011b397da7782301d7d78f451591889f3eaeadcef47f4a1a7a5352b2c123666	b71dc4a127bef014fab3285bdfbb1cf4c4216f4a2e68455021c5192e132ccd2d		49841641
ore_ont_4033.owl	138	ok	match	true	production_all	9.6745	1960.1	1011b397da7782301d7d78f451591889f3eaeadcef47f4a1a7a5352b2c123666	25a9dfe3607834ad90d624672276aede57eaf02784efa544063dd4489337adab		49841642
ore_ont_4054.owl	139	ok	match	true	production_all	12.4375	1728.02	1011b397da7782301d7d78f451591889f3eaeadcef47f4a1a7a5352b2c123666	5c77ef2e055526a9b27c3ab88ee1395c0c882c223570b27405d71ba35d66e5ef		49841643
ore_ont_4187.owl	140	ok	match	true	production_all	8.316	1333.54	1011b397da7782301d7d78f451591889f3eaeadcef47f4a1a7a5352b2c123666	cef1b9f701cffb9b99d93deb4f140456ba23b035a4564400f836f9f85d471d9f		49841661
ore_ont_4205.owl	141	ok	match	true	production_all	15.4716	2091.97	1011b397da7782301d7d78f451591889f3eaeadcef47f4a1a7a5352b2c123666	59fe2ee75b8ea859b8dadcc4715d8591b3f1b41c2880e673b3a24ec9613a267c		49841662
ore_ont_4226.owl	142	ok	match	true	production_all	0.3843	49.39	1011b397da7782301d7d78f451591889f3eaeadcef47f4a1a7a5352b2c123666	a2c9fd27be406668497189b64f1f673b22ea55c2266d5417991166ab3fdc6685		49841663
ore_ont_4235.owl	143	ok	match	true	production_all	0.8018	203.74	1011b397da7782301d7d78f451591889f3eaeadcef47f4a1a7a5352b2c123666	059c0056376d51c12f6acbcb677a0cf1fd8d0d7f6102be275d5589d98c00c855		49841664
ore_ont_4382.owl	144	ok	match	true	production_all	0.0407	7.5	1011b397da7782301d7d78f451591889f3eaeadcef47f4a1a7a5352b2c123666	8bd0ba01b95a8a38e2bfca8f7deadc71c897cfb5999690720930f1e2cac57430		49841665
ore_ont_4383.owl	145	ok	match	true	production_all	0.1293	19.36	1011b397da7782301d7d78f451591889f3eaeadcef47f4a1a7a5352b2c123666	1e7c8f95f8b2b70c11e9442bd78155ef52288cc457dbd14c42fb2f77f510a315		49841666
ore_ont_4400.owl	146	ok	match	true	production_all	0.0399	9.38	1011b397da7782301d7d78f451591889f3eaeadcef47f4a1a7a5352b2c123666	716cfa2d10db6e72f4c010954339c97c77a6d7400ca7547d0b9b5313da0a07d0		49841667
ore_ont_4460.owl	147	ok	match	true	production_all	0.3122	52.7	1011b397da7782301d7d78f451591889f3eaeadcef47f4a1a7a5352b2c123666	4afcf15d32cdd9f6fb257c5e3935c76c482fec3a5ee5a4bf823d2c447801750e		49841668
ore_ont_4487.owl	148	ok	match	true	production_all	2.5583	618.88	1011b397da7782301d7d78f451591889f3eaeadcef47f4a1a7a5352b2c123666	7b1409b24f397a7d20f5d762e29936bf0731cd36c00c26743379c5b5e6ea6683		49841669
ore_ont_4527.owl	149	ok	match	true	production_all	0.0998	15.66	1011b397da7782301d7d78f451591889f3eaeadcef47f4a1a7a5352b2c123666	bc4c60af4746bace5e1ec2d8deb46c8fe9820e2ea43efd33a8c2012c8921fdd7		49841670
ore_ont_4557.owl	150	ok	match	true	production_all	21.096	3495.45	1011b397da7782301d7d78f451591889f3eaeadcef47f4a1a7a5352b2c123666	25a9dfe3607834ad90d624672276aede57eaf02784efa544063dd4489337adab		49841673
ore_ont_4572.owl	151	ok	match	true	production_all	4.0335	352.46	1011b397da7782301d7d78f451591889f3eaeadcef47f4a1a7a5352b2c123666	c2aff89794b9370cc1203d175854919a112f6108c687c071701adb00dfb593d5		49841674
ore_ont_4578.owl	152	ok	match	true	production_all	0.2159	36.67	1011b397da7782301d7d78f451591889f3eaeadcef47f4a1a7a5352b2c123666	28dfc47a6b572c7c94f510f067e8c416c66be2b4e826c29df6fb4e615d95915f		49841679
ore_ont_4604.owl	153	ok	match	true	production_all	12.0716	2707.7	1011b397da7782301d7d78f451591889f3eaeadcef47f4a1a7a5352b2c123666	d07c82fff63f66ce9e43811301a81def8459e9cac0593d2946d658c9220d7358		49841680
ore_ont_4617.owl	154	ok	match	true	production_all	3.2492	699.14	1011b397da7782301d7d78f451591889f3eaeadcef47f4a1a7a5352b2c123666	9a6830c5cb0fc8b5446fc048ca3d306977592262f881e96a5269e5ed3db0e02f		49841681
ore_ont_4655.owl	155	ok	match	true	production_all	0.1615	25.54	1011b397da7782301d7d78f451591889f3eaeadcef47f4a1a7a5352b2c123666	6b1945e00a8cb4bdfc5e2e33e163d8de34c7ab1d0dc1d2517212df3700e3805b		49841684
ore_ont_4662.owl	156	ok	match	true	production_all	0.6589	68.56	1011b397da7782301d7d78f451591889f3eaeadcef47f4a1a7a5352b2c123666	9bb1d2922d51430135d0f93a742d285f5f11dbdda53ba29af00564bf000ceaf2		49841685
ore_ont_4669.owl	157	ok	match	true	mirror_private	73.1242	5673.66	1011b397da7782301d7d78f451591889f3eaeadcef47f4a1a7a5352b2c123666	a482e066a22110df593bf3a4c1fdd0ef4404f7141903b2101b85aae49811cb30	same_job_fulliri_identity_to_independent_mirror_oracle	49841686
ore_ont_4671.owl	158	ok	match	true	production_all	0.0408	8.44	1011b397da7782301d7d78f451591889f3eaeadcef47f4a1a7a5352b2c123666	c97eb0f0dcd44e6d1543b0f97489647ac526bab3c084879fa26cd5c312de500f		49841687
ore_ont_4724.owl	159	ok	match	true	production_all	0.0412	7.62	1011b397da7782301d7d78f451591889f3eaeadcef47f4a1a7a5352b2c123666	25a9dfe3607834ad90d624672276aede57eaf02784efa544063dd4489337adab		49841688
ore_ont_4732.owl	160	ok	match	true	production_all	0.2826	46.55	1011b397da7782301d7d78f451591889f3eaeadcef47f4a1a7a5352b2c123666	46a5ae2d7526b5fbfa69fa496d0dc165e4a3029c429477030e59fed16ddaf190		49841689
ore_ont_4755.owl	161	ok	match	true	production_all	15.1346	2129.89	1011b397da7782301d7d78f451591889f3eaeadcef47f4a1a7a5352b2c123666	d53fd97d7a9e7182998346d6a207bd4f4590e44960a6f8ebf0b047f0820d3380		49841690
ore_ont_4767.owl	162	ok	match	true	production_all	0.0415	8.44	1011b397da7782301d7d78f451591889f3eaeadcef47f4a1a7a5352b2c123666	118fcfc33f63b6900fac9d5a8cd382782b9e10a83b4ab069db64c64dd74a2cdb		49841691
ore_ont_4782.owl	163	ok	match	true	production_all	3.2191	712.26	1011b397da7782301d7d78f451591889f3eaeadcef47f4a1a7a5352b2c123666	7bd356f32241d05d26600550ab937c3970815adc6b9740c9d7bc71635958f354		49841694
ore_ont_4798.owl	164	ok	match	true	production_all	0.1267	24.96	1011b397da7782301d7d78f451591889f3eaeadcef47f4a1a7a5352b2c123666	5c6f359604affee99507cdd750dbbfc794e267be366dbb2e28d23195585173fc		49841696
ore_ont_4802.owl	165	ok	match	true	production_all	7.4677	1503.37	1011b397da7782301d7d78f451591889f3eaeadcef47f4a1a7a5352b2c123666	8a77d08a8524b902e299e2c4e026cdc793a8b242adddd352eba14a513af9900d		49841697
ore_ont_4827.owl	166	ok	match	true	production_all	0.3333	42.65	1011b397da7782301d7d78f451591889f3eaeadcef47f4a1a7a5352b2c123666	2cc60be5f9593807e81d890be80276803cda2324d524d0e06b748f407e70f636		49841698
ore_ont_4834.owl	167	ok	match	true	nominal_ni_abox	1.2114	595.8	1011b397da7782301d7d78f451591889f3eaeadcef47f4a1a7a5352b2c123666	7dcc501eb5c31fb38a279eae83ae4fe78d35fd6d9f1830cb61e6d0f66ebd395c		49841706
ore_ont_4856.owl	168	ok	match	true	production_all	0.0408	6.88	1011b397da7782301d7d78f451591889f3eaeadcef47f4a1a7a5352b2c123666	a203954d51ec9ff1f842f8191198f002eb500d6f11ee88117a2d60d9130b7d05		49841707
ore_ont_4897.owl	169	ok	match	true	production_all	0.0714	9.54	1011b397da7782301d7d78f451591889f3eaeadcef47f4a1a7a5352b2c123666	c79f735a2915c0674b30dcfe287bfadb93722b9af47bdbb6d15643bf06773f51		49841708
ore_ont_5002.owl	170	ok	match	true	production_all	0.4207	48.66	1011b397da7782301d7d78f451591889f3eaeadcef47f4a1a7a5352b2c123666	0cb604f1415e8f094710b625d242b327bcefda1fbcaf3e206547d764c97ec371		49841709
ore_ont_5057.owl	171	ok	match	true	production_all	0.041	9.38	1011b397da7782301d7d78f451591889f3eaeadcef47f4a1a7a5352b2c123666	152831133e59e099572e05c6a84187e14d67a555555d5cac0c30630216f5d97a		49841710
ore_ont_5080.owl	172	ok	match	true	production_all	0.0988	15.46	1011b397da7782301d7d78f451591889f3eaeadcef47f4a1a7a5352b2c123666	b3a15e89aee6c84449a55074504d7709a86bb94fb7c3adde4ae4441e8b0acc0a		49841711
ore_ont_5089.owl	173	ok	match	true	production_all	0.0408	7.81	1011b397da7782301d7d78f451591889f3eaeadcef47f4a1a7a5352b2c123666	149bc40d44a4b5cf2530c619c709e8cc0ad6700e7c2de2cbdad6d619b7b14890		49841714
ore_ont_5090.owl	174	ok	match	true	production_all	0.0407	6.88	1011b397da7782301d7d78f451591889f3eaeadcef47f4a1a7a5352b2c123666	4cb1a1e105b2edef858e03f294a792d695d67f4679b53fdab90b089e844ebde3		49841715
ore_ont_5103.owl	175	ok	match	true	production_all	1.3934	391.33	1011b397da7782301d7d78f451591889f3eaeadcef47f4a1a7a5352b2c123666	4903d6317aa1a70a7777f68cbc7fc9092557b46f0406719383043646969bd215		49841716
ore_ont_5107.owl	176	ok	match	true	certified_nominals	0.6951	159.5	1011b397da7782301d7d78f451591889f3eaeadcef47f4a1a7a5352b2c123666	54c6abc42b8192c3f0f0d7f80649e3f74a25c3c0eda139560322ce620014eab1		49841717
ore_ont_5164.owl	177	ok	match	true	production_all	0.0709	9.69	1011b397da7782301d7d78f451591889f3eaeadcef47f4a1a7a5352b2c123666	25a9dfe3607834ad90d624672276aede57eaf02784efa544063dd4489337adab		49841718
ore_ont_5184.owl	178	ok	match	true	certified_nominals	0.3229	37.7	1011b397da7782301d7d78f451591889f3eaeadcef47f4a1a7a5352b2c123666	143e732f871ebc460a396f90684b0f500244eb5620173e0cc45115a9d4cc3f98		49841719
ore_ont_5197.owl	179	ok	match	true	production_all	0.1297	22.66	1011b397da7782301d7d78f451591889f3eaeadcef47f4a1a7a5352b2c123666	ce38268ffd0a9fd4797e0a81f002835c27d284dccb0529b7acc2804307cb8173		49841720
ore_ont_5220.owl	180	ok	match	true	production_all	0.0698	10.28	1011b397da7782301d7d78f451591889f3eaeadcef47f4a1a7a5352b2c123666	47fec0cb02d47beba5839357b6043cae06cc6eabb68ba01322a1bd54acb9717c		49841723
ore_ont_5255.owl	181	ok	match	true	production_all	0.0413	6.56	1011b397da7782301d7d78f451591889f3eaeadcef47f4a1a7a5352b2c123666	db855d35339a166d888f70d54a013f5e7c1d81f161121cc6b83ca7b02d348409		49841724
ore_ont_5266.owl	182	ok	match	true	production_all	0.0704	12.85	1011b397da7782301d7d78f451591889f3eaeadcef47f4a1a7a5352b2c123666	11b062554512b7dc5030652d6359a4637466330cb93b1acbbe25eb81e28b7efc		49841725
ore_ont_5292.owl	183	ok	match	true	production_all	0.0407	9.35	1011b397da7782301d7d78f451591889f3eaeadcef47f4a1a7a5352b2c123666	8c9545998d1d886c8a4b0fbb652105564f4705b14a3cc49e38655a0fe3567ab7		49841726
ore_ont_5303.owl	184	ok	match	true	production_all	0.4794	219.89	1011b397da7782301d7d78f451591889f3eaeadcef47f4a1a7a5352b2c123666	7f654cd28e91a63a528189ffca19da211d9a49b8531062db7c977b30a2fe3033		49841727
ore_ont_5404.owl	185	ok	match	true	production_all	0.0702	23.43	1011b397da7782301d7d78f451591889f3eaeadcef47f4a1a7a5352b2c123666	71de596972c733b7c2af887e6b31e07c34c2d5c13ea5cf6b555e99f23160f1f2		49841733
ore_ont_5462.owl	186	ok	match	true	production_all	0.3405	43.5	1011b397da7782301d7d78f451591889f3eaeadcef47f4a1a7a5352b2c123666	f11e631ca3131c02379b38db0d07616aa32976fd05aaf09a7abe368f79783668		49841734
ore_ont_5485.owl	187	ok	match	true	production_all	0.0712	14.06	1011b397da7782301d7d78f451591889f3eaeadcef47f4a1a7a5352b2c123666	6c33730d4bc6e1f6aa064f2e182593f9b6519c412c818788fe0699cb90c27b55		49841735
ore_ont_5487.owl	188	ok	match	true	production_all	0.3971	55.2	1011b397da7782301d7d78f451591889f3eaeadcef47f4a1a7a5352b2c123666	3079635fbc42ede00878bb4819e33f3ad4fcb8acac25c964e80439d229873a82		49841736
ore_ont_5519.owl	189	ok	match	true	production_all	25.6302	3592.16	1011b397da7782301d7d78f451591889f3eaeadcef47f4a1a7a5352b2c123666	a916c134368b9754f20d8daa6d7a9fd3ab83b8b2b146afb4de212242185d7993		49841737
ore_ont_5549.owl	190	ok	match	true	production_all	10.7717	1487.79	1011b397da7782301d7d78f451591889f3eaeadcef47f4a1a7a5352b2c123666	8e53f546be8c3e5a75323e982976ce736e03fdd7215f8151cee711479b994b36		49841738
ore_ont_5564.owl	191	ok	match	true	nominals	0.0998	44.65	1011b397da7782301d7d78f451591889f3eaeadcef47f4a1a7a5352b2c123666	f909e961886801e82b4341cd768807639aae0fceaa3d344678ce533d75916082		49841741
ore_ont_5566.owl	192	ok	match	true	production_all	8.2265	1762.85	1011b397da7782301d7d78f451591889f3eaeadcef47f4a1a7a5352b2c123666	9a91a28aeb27d670ce72b75b354b84de5859287d44eb902647b4f47bf051eb1f		49841742
ore_ont_5572.owl	193	ok	match	true	production_all	0.0684	9.38	1011b397da7782301d7d78f451591889f3eaeadcef47f4a1a7a5352b2c123666	794aad8468295c516d2a394f93d299714f490dacd1d968a6534cbe5a582bb488		49841743
ore_ont_5602.owl	194	ok	match	true	production_all	20.5657	3611.65	1011b397da7782301d7d78f451591889f3eaeadcef47f4a1a7a5352b2c123666	25a9dfe3607834ad90d624672276aede57eaf02784efa544063dd4489337adab		49841744
ore_ont_5612.owl	195	ok	match	true	production_all	7.2949	1360.33	1011b397da7782301d7d78f451591889f3eaeadcef47f4a1a7a5352b2c123666	6c0877b5e054be5e2cef3b76c276a9c5007025f8483e4230c7156c7a45774003		49841746
ore_ont_5665.owl	196	ok	match	true	production_all	0.0409	8.12	1011b397da7782301d7d78f451591889f3eaeadcef47f4a1a7a5352b2c123666	a76d933963fe7eb8acc2152ceb208fbfc847ee8140f09b4791d6d905f717ce42		49841750
ore_ont_5742.owl	197	ok	match	true	production_all	0.0409	6.56	1011b397da7782301d7d78f451591889f3eaeadcef47f4a1a7a5352b2c123666	1b748642d61733666eec435cb81094c0f59dcbf20443c391069e5a9c8ce51398		49841751
ore_ont_5755.owl	198	ok	match	true	production_all	6.0377	1041.16	1011b397da7782301d7d78f451591889f3eaeadcef47f4a1a7a5352b2c123666	0b8fb805974ec14b4df641131aa1c4af1eaed8babda4ab870378a05ef7aa26a0		49841752
ore_ont_5760.owl	199	ok	match	true	production_all	24.1221	4215.99	1011b397da7782301d7d78f451591889f3eaeadcef47f4a1a7a5352b2c123666	25a9dfe3607834ad90d624672276aede57eaf02784efa544063dd4489337adab		49841753
ore_ont_5781.owl	200	ok	match	true	production_all	5.3911	987.77	1011b397da7782301d7d78f451591889f3eaeadcef47f4a1a7a5352b2c123666	6698505bd0fd451a6061df5eff71203e6074cfc3d62e0022fe8b60d458be8237		49841754
ore_ont_5792.owl	201	ok	match	true	production_all	0.1812	32.07	1011b397da7782301d7d78f451591889f3eaeadcef47f4a1a7a5352b2c123666	07663e7029f71a58e44ff18ab67c370076dfb27460959b9943b138948cb9b7d5		49841755
ore_ont_5815.owl	202	ok	match	true	production_all	0.9082	236.12	1011b397da7782301d7d78f451591889f3eaeadcef47f4a1a7a5352b2c123666	25a9dfe3607834ad90d624672276aede57eaf02784efa544063dd4489337adab		49841779
ore_ont_5852.owl	203	ok	match	true	production_all	0.0411	6.25	1011b397da7782301d7d78f451591889f3eaeadcef47f4a1a7a5352b2c123666	5ec0c0065801b5eee139e6d08a289191c287abe064a95ac8fe9570e90d0f6fd6		49841784
ore_ont_5927.owl	204	ok	match	true	production_all	5.766	1178.83	1011b397da7782301d7d78f451591889f3eaeadcef47f4a1a7a5352b2c123666	df5204236b942809dc9fff216bc1a3ccf523cc361d1cb9ca2a12b36456249647		49841785
ore_ont_5940.owl	205	ok	match	true	production_all	0.0993	13.85	1011b397da7782301d7d78f451591889f3eaeadcef47f4a1a7a5352b2c123666	7d92b7d06a4f4f6e5d69dfe3427cf620316b986e3c97336c481323b9e2c75541		49841789
ore_ont_5943.owl	206	ok	match	true	nominals	1.3732	633.82	1011b397da7782301d7d78f451591889f3eaeadcef47f4a1a7a5352b2c123666	a92d8283ca794f043d4e8674c1f149fff5ded6960d02750dd54c37511fec308a		49841790
ore_ont_5965.owl	207	ok	match	true	production_all	0.4777	54.56	1011b397da7782301d7d78f451591889f3eaeadcef47f4a1a7a5352b2c123666	25a9dfe3607834ad90d624672276aede57eaf02784efa544063dd4489337adab		49841791
ore_ont_5966.owl	208	ok	match	true	production_all	0.0418	8.44	1011b397da7782301d7d78f451591889f3eaeadcef47f4a1a7a5352b2c123666	9f144657403b390cde484ce7144557101ddc0f91cf7a58e006f06b139d34a829		49841806
ore_ont_5974.owl	209	ok	match	true	production_all	0.4754	54.91	1011b397da7782301d7d78f451591889f3eaeadcef47f4a1a7a5352b2c123666	25a9dfe3607834ad90d624672276aede57eaf02784efa544063dd4489337adab		49841808
ore_ont_6024.owl	210	ok	match	true	production_all	0.0412	8.75	1011b397da7782301d7d78f451591889f3eaeadcef47f4a1a7a5352b2c123666	fd38224abd125b5f5a24640e946131f4a4c693c31fb1e3bf11f13eb8401b5c86		49841809
ore_ont_6060.owl	211	ok	match	true	nominal_ni_abox	1.2464	591.55	1011b397da7782301d7d78f451591889f3eaeadcef47f4a1a7a5352b2c123666	d3e4063001c3e4438ded8d47f87d27a46d3dcbbe418ae052b9c635ae9671f559		49841810
ore_ont_6076.owl	212	ok	match	true	production_all	0.8251	68.49	1011b397da7782301d7d78f451591889f3eaeadcef47f4a1a7a5352b2c123666	bd10def3d41c1e22fc106a4cbd39c7210b16e4330ff04be9ec5c9520f93a5e36		49841811
ore_ont_6102.owl	213	ok	match	true	production_all	0.9874	277.77	1011b397da7782301d7d78f451591889f3eaeadcef47f4a1a7a5352b2c123666	b8b44da4d5df5135b881ed029d13a33eddb0b3560b437f3e39076c7a4d6cf04b		49841812
ore_ont_6198.owl	214	ok	match	true	production_all	0.6825	51.0	1011b397da7782301d7d78f451591889f3eaeadcef47f4a1a7a5352b2c123666	3b1fad5e91e1894e3db6411002f05c0506a0878ae60f3d9f17d08307bfdc5660		49841813
ore_ont_6207.owl	215	ok	match	true	production_all	0.0394	7.19	1011b397da7782301d7d78f451591889f3eaeadcef47f4a1a7a5352b2c123666	621fca63e45cf2206f96f1a26dd7196ae091dfb92bc60a5b615905d46b91ea6d		49841814
ore_ont_6212.owl	216	ok	match	true	production_all	23.9724	2481.54	1011b397da7782301d7d78f451591889f3eaeadcef47f4a1a7a5352b2c123666	7ae073cdbffccf3be43a0cd32b533d98d7b44c29e3233acc91621715e1be1636		49841837
ore_ont_6223.owl	217	ok	match	true	production_all	18.0662	2423.27	1011b397da7782301d7d78f451591889f3eaeadcef47f4a1a7a5352b2c123666	dca4c38812f1ba96d632392754821ae3b2a1b9ab6e3bd84b2fa9046ddbe8a811		49841838
ore_ont_6226.owl	218	ok	match	true	production_all	0.0389	11.79	1011b397da7782301d7d78f451591889f3eaeadcef47f4a1a7a5352b2c123666	0f6576b1f60718edccc3bc45fa9716c9c6d463b12f6b01e4df44986fa4ac97bb		49841839
ore_ont_6230.owl	219	ok	match	true	production_all	0.4194	48.93	1011b397da7782301d7d78f451591889f3eaeadcef47f4a1a7a5352b2c123666	65cd57dacb88edecf9f413022ff56ff1b53b173333a926445a1c708a5b12a13c		49841845
ore_ont_6233.owl	220	ok	match	true	production_all	43.0531	4510.56	1011b397da7782301d7d78f451591889f3eaeadcef47f4a1a7a5352b2c123666	25a9dfe3607834ad90d624672276aede57eaf02784efa544063dd4489337adab		49841846
ore_ont_6246.owl	221	ok	match	true	production_all	0.4162	55.84	1011b397da7782301d7d78f451591889f3eaeadcef47f4a1a7a5352b2c123666	93b7859c78179ff099816dd2be78351edf79d854aea8f8ae58fff6f666123a23		49841847
ore_ont_6310.owl	222	ok	match	true	production_all	1.2705	278.88	1011b397da7782301d7d78f451591889f3eaeadcef47f4a1a7a5352b2c123666	a68ac89973e199916c1ef7d8ff6b9fd7a85c8ec7524aec5f8266dac0dc0da328		49841850
ore_ont_6358.owl	223	ok	match	true	production_all	0.309	51.07	1011b397da7782301d7d78f451591889f3eaeadcef47f4a1a7a5352b2c123666	26261a85079db13321a7de8c0b83f9f4d4a8843617179f0c1108386b659b98ca		49841851
ore_ont_6417.owl	224	ok	match	true	production_all	0.0705	8.12	1011b397da7782301d7d78f451591889f3eaeadcef47f4a1a7a5352b2c123666	25a9dfe3607834ad90d624672276aede57eaf02784efa544063dd4489337adab		49841855
ore_ont_6423.owl	225	ok	match	true	production_all	0.307	76.31	1011b397da7782301d7d78f451591889f3eaeadcef47f4a1a7a5352b2c123666	d6182ad55cdcd6fa7a8d2bdc540436f4c71350f5dd7cfcf8f03c190b92679dd7		49841856
ore_ont_6433.owl	226	ok	match	true	production_all	0.3931	46.29	1011b397da7782301d7d78f451591889f3eaeadcef47f4a1a7a5352b2c123666	7796424c2b2f646b5a3fb8a63b90ddbfc014127b60de867be7a57388a6366d27		49841857
ore_ont_6453.owl	227	ok	match	true	production_all	0.4794	54.71	1011b397da7782301d7d78f451591889f3eaeadcef47f4a1a7a5352b2c123666	25a9dfe3607834ad90d624672276aede57eaf02784efa544063dd4489337adab		49841862
ore_ont_6477.owl	228	ok	match	true	production_all	18.1553	3166.87	1011b397da7782301d7d78f451591889f3eaeadcef47f4a1a7a5352b2c123666	01e8ae5dd77b83a67724a6e40f88ce2191f96e1f74003d90a67d0974f037a188		49841863
ore_ont_6566.owl	229	ok	match	true	production_all	0.099	15.73	1011b397da7782301d7d78f451591889f3eaeadcef47f4a1a7a5352b2c123666	456de73651e72ad41cafa09ec4862170488fa58bfc96804cf0b22bf8bddcd79a		49841869
ore_ont_6589.owl	230	ok	match	true	nominals	0.0409	7.21	1011b397da7782301d7d78f451591889f3eaeadcef47f4a1a7a5352b2c123666	effa0eaa4edd98d52b7412297ea2f1305fb8161995434cba59061ec953abf851		49841870
ore_ont_6659.owl	231	ok	match	true	production_all	2.1969	531.03	1011b397da7782301d7d78f451591889f3eaeadcef47f4a1a7a5352b2c123666	ebca2b615596b2796e548fc678858b7e399a9eba523ee96579bef889d19801cf		49841873
ore_ont_6682.owl	232	ok	match	true	production_all	34.2375	7736.23	1011b397da7782301d7d78f451591889f3eaeadcef47f4a1a7a5352b2c123666	0a7e90878ba8715efca484296498d433cf7ab87612dc369aacb545029d3e93e3		49841879
ore_ont_6696.owl	233	ok	match	true	production_all	0.0697	11.56	1011b397da7782301d7d78f451591889f3eaeadcef47f4a1a7a5352b2c123666	2d805b780f699bee6f128c54f0e3b589416c072e1830309a93bbc64f730a5d81		49841880
ore_ont_6720.owl	234	ok	match	true	production_all	0.0412	9.38	1011b397da7782301d7d78f451591889f3eaeadcef47f4a1a7a5352b2c123666	3c48c283d1292f55fe67383942d35be768499f1f96e83f0adf812c000ac3b9dd		49841881
ore_ont_6722.owl	235	ok	match	true	production_all	8.0298	1119.21	1011b397da7782301d7d78f451591889f3eaeadcef47f4a1a7a5352b2c123666	4564dd0471d31889baa9329a691ff22bf09d5125cbec7d460810722b7c25a901		49841883
ore_ont_6735.owl	236	ok	match	true	production_all	0.0396	6.56	1011b397da7782301d7d78f451591889f3eaeadcef47f4a1a7a5352b2c123666	568b20ec22f256e9bd4fc9fcf15cf4b3157021cf963d60142af61ee8f90294a8		49841884
ore_ont_6751.owl	237	ok	match	true	production_all	0.2524	42.53	1011b397da7782301d7d78f451591889f3eaeadcef47f4a1a7a5352b2c123666	5c1fe0699854aa6c4f891ae1122faf848af88deaf57d6d6a18959e0c89e90df6		49841885
ore_ont_6765.owl	238	ok	match	true	nominals	10.5667	1589.16	1011b397da7782301d7d78f451591889f3eaeadcef47f4a1a7a5352b2c123666	f4cfde7f23bbb2df47ece80129e120bd127df90b2793cfc5fe5bfe924b0bad33		49841886
ore_ont_6796.owl	239	ok	match	true	production_all	0.0396	7.5	1011b397da7782301d7d78f451591889f3eaeadcef47f4a1a7a5352b2c123666	75b6c8b0da2fa48dcb7812afec56880fd64859eea8a24c86d2dd2f6c6e159e13		49841888
ore_ont_6812.owl	240	ok	match	true	production_all	0.0412	6.88	1011b397da7782301d7d78f451591889f3eaeadcef47f4a1a7a5352b2c123666	1b748642d61733666eec435cb81094c0f59dcbf20443c391069e5a9c8ce51398		49841892
ore_ont_6817.owl	241	ok	match	true	production_all	0.1005	16.13	1011b397da7782301d7d78f451591889f3eaeadcef47f4a1a7a5352b2c123666	2a47d8eb1298a2a53d28da4d78f897a04fbc8dcd17e84c2dd3306c341f87ecec		49841893
ore_ont_6855.owl	242	ok	match	true	nominals	0.0699	22.44	1011b397da7782301d7d78f451591889f3eaeadcef47f4a1a7a5352b2c123666	53a658f652f9df7a203289d89ad485dc611e4451cbca395eaaf186dd63f1a2df		49841894
ore_ont_6869.owl	243	ok	match	true	production_all	0.3084	47.66	1011b397da7782301d7d78f451591889f3eaeadcef47f4a1a7a5352b2c123666	222d0c9496adf87472570ce6385aec3f1d0854a9222db549213d721ed89e6940		49841900
ore_ont_6870.owl	244	ok	match	true	production_all	0.313	47.04	1011b397da7782301d7d78f451591889f3eaeadcef47f4a1a7a5352b2c123666	b073c08ca62b95b0d634eab18aaff4fefe8d4cea94718a22b13e75f9f7cdac85		49841901
ore_ont_6934.owl	245	ok	match	true	nominal_ni_abox	200.1832	3289.55	1011b397da7782301d7d78f451591889f3eaeadcef47f4a1a7a5352b2c123666	5e60a794400802833a9d5785abb6320b7b13d702e48a4c810462bad6c1fc931e		49841903
ore_ont_6999.owl	246	ok	match	true	certified_nominals	0.2979	89.09	1011b397da7782301d7d78f451591889f3eaeadcef47f4a1a7a5352b2c123666	db669ccdb7494f564a988b9f8cf0084b3714c0feb590e272fb75185f2de1c1d3		49841904
ore_ont_7003.owl	247	ok	match	true	production_all	0.0394	7.68	1011b397da7782301d7d78f451591889f3eaeadcef47f4a1a7a5352b2c123666	25a9dfe3607834ad90d624672276aede57eaf02784efa544063dd4489337adab		49841905
ore_ont_7025.owl	248	ok	match	true	nominals	1.3795	630.0	1011b397da7782301d7d78f451591889f3eaeadcef47f4a1a7a5352b2c123666	d46b11fc71dde82bf5ef0a349d3b41a845c9f34f60e8959d9783216dac92d420		49841908
ore_ont_7052.owl	249	ok	match	true	nominals	0.0395	11.79	1011b397da7782301d7d78f451591889f3eaeadcef47f4a1a7a5352b2c123666	3c48c283d1292f55fe67383942d35be768499f1f96e83f0adf812c000ac3b9dd		49841909
ore_ont_7120.owl	250	ok	match	true	production_all	0.0707	13.97	1011b397da7782301d7d78f451591889f3eaeadcef47f4a1a7a5352b2c123666	9448c0d4cf3dfd61d5ba709b2126df314cf4e7ae4c0d1743e9e02490c6743559		49841912
ore_ont_7127.owl	251	ok	match	true	production_all	10.6195	1961.37	1011b397da7782301d7d78f451591889f3eaeadcef47f4a1a7a5352b2c123666	6d60a4b9434307896c1d29c6e289b5379fe2d39b68754be2d07ab82682ab6235		49841913
ore_ont_7169.owl	252	ok	match	true	production_all	0.0706	10.62	1011b397da7782301d7d78f451591889f3eaeadcef47f4a1a7a5352b2c123666	c4515c4f4b99d254b5a695ba508e733b17b41696846c36d6e118dea92ff46e93		49841914
ore_ont_7195.owl	253	ok	match	true	production_all	0.3708	43.35	1011b397da7782301d7d78f451591889f3eaeadcef47f4a1a7a5352b2c123666	03accb67d6d40c5c42a9da8431fcefdc8f3c9811fd69b5efc5562d65b4347e9d		49841926
ore_ont_7216.owl	254	ok	match	true	production_all	0.1615	48.54	1011b397da7782301d7d78f451591889f3eaeadcef47f4a1a7a5352b2c123666	3d88a915669fdbb2f868940740069281997953e43042ae1ada668f2b385e3754		49841927
ore_ont_7218.owl	255	ok	match	true	production_all	0.1806	31.46	1011b397da7782301d7d78f451591889f3eaeadcef47f4a1a7a5352b2c123666	c83b420eb9e3ac17fbc453ffe5e2d42074c33e5356f719a005abacab486da9e1		49841944
ore_ont_7220.owl	256	ok	match	true	production_all	0.0408	9.69	1011b397da7782301d7d78f451591889f3eaeadcef47f4a1a7a5352b2c123666	c8cc206848dedf9ea7f8187f4b84146cc843be24d1d6f9739b996703419c6f36		49841945
ore_ont_7234.owl	257	ok	match	true	production_all	0.5367	57.29	1011b397da7782301d7d78f451591889f3eaeadcef47f4a1a7a5352b2c123666	8ff975eebd5a426ae5eab822f03c8620c76c8dfb17415f7488768d9facb69e75		49841948
ore_ont_7246.owl	258	ok	match	true	production_all	30.0384	8503.62	1011b397da7782301d7d78f451591889f3eaeadcef47f4a1a7a5352b2c123666	1fdf3d773ce6278032b0975ae42432254a22696e360cb41cffd0e4af032d0537		49841949
ore_ont_7251.owl	259	ok	match	true	production_all	0.4694	57.89	1011b397da7782301d7d78f451591889f3eaeadcef47f4a1a7a5352b2c123666	734ac944226aedb079df6235f3a610f16608c4e87dc06507fee67dfb94131f04		49841954
ore_ont_7256.owl	260	ok	match	true	production_all	1.5689	358.74	1011b397da7782301d7d78f451591889f3eaeadcef47f4a1a7a5352b2c123666	25a9dfe3607834ad90d624672276aede57eaf02784efa544063dd4489337adab		49841957
ore_ont_7270.owl	261	ok	match	true	production_all	0.041	6.88	1011b397da7782301d7d78f451591889f3eaeadcef47f4a1a7a5352b2c123666	881f2546efa252840c0a44322691d9a1341b87054d9105d0362ccb4eb5c55225		49841958
ore_ont_7300.owl	262	ok	match	true	production_all	1.57	360.48	1011b397da7782301d7d78f451591889f3eaeadcef47f4a1a7a5352b2c123666	f3a81da56d8936d963e8da5a6732f0fbde31d99db78f602deecc01783e44b358		49841968
ore_ont_7320.owl	263	ok	match	true	nominal_ni_abox	1.24	603.39	1011b397da7782301d7d78f451591889f3eaeadcef47f4a1a7a5352b2c123666	13356683a3a33f75b61c73cd89d37568c8babcdc8082d7ea0be3fecef4c96f69		49841969
ore_ont_7340.owl	264	ok	match	true	production_all	8.1996	1593.93	1011b397da7782301d7d78f451591889f3eaeadcef47f4a1a7a5352b2c123666	b727a7735e45785e7fd4b0d77f5752a29d01036cac0589233213015fcd0f4505		49841970
ore_ont_7343.owl	265	ok	match	true	production_all	4.5687	1137.78	1011b397da7782301d7d78f451591889f3eaeadcef47f4a1a7a5352b2c123666	25a9dfe3607834ad90d624672276aede57eaf02784efa544063dd4489337adab		49841971
ore_ont_7409.owl	266	ok	match	true	nominals	7.5462	1902.21	1011b397da7782301d7d78f451591889f3eaeadcef47f4a1a7a5352b2c123666	dbed370744689df90ceffaea08d2c6f77e205c80fcb51bb68029322c375abec7		49841972
ore_ont_7417.owl	267	ok	match	true	nominals	0.0402	7.25	1011b397da7782301d7d78f451591889f3eaeadcef47f4a1a7a5352b2c123666	5df147bd114ac6ebdefd0fd6c02a07ceb1d45ed947a03f98c077d15d11bc2043		49841974
ore_ont_7418.owl	268	ok	match	true	production_all	0.07	8.44	1011b397da7782301d7d78f451591889f3eaeadcef47f4a1a7a5352b2c123666	25a9dfe3607834ad90d624672276aede57eaf02784efa544063dd4489337adab		49841975
ore_ont_7439.owl	269	ok	match	true	production_all	0.4266	49.07	1011b397da7782301d7d78f451591889f3eaeadcef47f4a1a7a5352b2c123666	a2c9fd27be406668497189b64f1f673b22ea55c2266d5417991166ab3fdc6685		49841976
ore_ont_7455.owl	270	ok	match	true	production_all	3.4678	584.98	1011b397da7782301d7d78f451591889f3eaeadcef47f4a1a7a5352b2c123666	94f1b9a52fc04d8b77a815c4dba31d99b3f4ea184d10118c0fe15d2322b8da65		49841977
ore_ont_7474.owl	271	ok	match	true	nominals	10.6726	1592.38	1011b397da7782301d7d78f451591889f3eaeadcef47f4a1a7a5352b2c123666	d8a0ecd1c05efc6540c190219022cbf2596edddcae5850b92e7c19bdfe5ed6c3		49841980
ore_ont_7482.owl	272	ok	match	true	production_all	0.0407	6.56	1011b397da7782301d7d78f451591889f3eaeadcef47f4a1a7a5352b2c123666	aa43997598571957c3e4fcdb5cb14dd1185fb593bc966e197af4fb71bb9d8960		49841981
ore_ont_7493.owl	273	ok	match	true	production_all	1.9927	365.61	1011b397da7782301d7d78f451591889f3eaeadcef47f4a1a7a5352b2c123666	c46365c28ab506d47204cdcb689e860bba483b13191b4646ffa2ce9831e4099d		49841982
ore_ont_7499.owl	274	ok	match	true	certified_card_proxy_abox	87.6332	2980.82	1011b397da7782301d7d78f451591889f3eaeadcef47f4a1a7a5352b2c123666	f82850c6582131358cd9ecc108888e2131734900cf687d055a7a7c0f4fece17d		49841983
ore_ont_7567.owl	275	ok	match	true	production_all	6.6573	1297.0	1011b397da7782301d7d78f451591889f3eaeadcef47f4a1a7a5352b2c123666	aa75019ee58185ca3802480986d3948301c7dc7b9f5316b09b0e61ae3c41d92d		49841987
ore_ont_7576.owl	276	ok	match	true	production_all	0.0406	8.75	1011b397da7782301d7d78f451591889f3eaeadcef47f4a1a7a5352b2c123666	b397cda8a43a43ced776b8d3b7dbdb5774579fa035364a30976b207a127c1028		49841988
ore_ont_7581.owl	277	ok	match	true	production_all	20.2236	4306.07	1011b397da7782301d7d78f451591889f3eaeadcef47f4a1a7a5352b2c123666	d54544ddd6a2f4e91994f13794369403aaa5fd0a5de2c24e8df517e89580021d		49841994
ore_ont_7608.owl	278	ok	match	true	production_all	0.3922	53.06	1011b397da7782301d7d78f451591889f3eaeadcef47f4a1a7a5352b2c123666	151a5767650248760c9540f5134bd6941f23d222ac6cb9ed9d458998b9118ab0		49842000
ore_ont_7639.owl	279	ok	match	true	production_all	0.0411	9.6	1011b397da7782301d7d78f451591889f3eaeadcef47f4a1a7a5352b2c123666	0f454f1459631f12284f48aec1c94aab8f7c34d7fd299e7f4aaee4733d694980		49842001
ore_ont_7663.owl	280	ok	match	true	production_all	0.0405	8.75	1011b397da7782301d7d78f451591889f3eaeadcef47f4a1a7a5352b2c123666	bdfac28194877cd85b581a35583329ca129f2cdea9a9cdc366adb73c0615400a		49842002
ore_ont_7716.owl	281	ok	match	true	production_all	1.1066	278.23	1011b397da7782301d7d78f451591889f3eaeadcef47f4a1a7a5352b2c123666	dd3b5bbe7f4a013d8a153f64f72551e43a927e98bb7fee179c0578db0581d568		49842003
ore_ont_7726.owl	282	ok	match	true	production_all	0.4303	51.49	1011b397da7782301d7d78f451591889f3eaeadcef47f4a1a7a5352b2c123666	311a7aa3709f273afb66ff6411d52f4fc995238d84b3102677a5e6ef86c4c392		49842142
ore_ont_7728.owl	283	ok	match	true	production_all	5.7245	1207.05	1011b397da7782301d7d78f451591889f3eaeadcef47f4a1a7a5352b2c123666	3537c300fef513b1f95cbc12ac6827cdffd438bfb9ba466e971464c2b77bd576		49842143
ore_ont_7775.owl	284	ok	match	true	production_all	0.1902	57.56	1011b397da7782301d7d78f451591889f3eaeadcef47f4a1a7a5352b2c123666	55d6d20356364ed92a7cbda694127429aeeeb731cd3403cc51883db1ba926d0a		49842144
ore_ont_7831.owl	285	ok	match	true	production_all	1.3059	383.55	1011b397da7782301d7d78f451591889f3eaeadcef47f4a1a7a5352b2c123666	25a9dfe3607834ad90d624672276aede57eaf02784efa544063dd4489337adab		49842145
ore_ont_7868.owl	286	ok	match	true	production_all	9.5257	1751.58	1011b397da7782301d7d78f451591889f3eaeadcef47f4a1a7a5352b2c123666	4019d9513c497d61fb25100283859e81b66ffeb8e055b430d1e50f947772db73		49842146
ore_ont_7890.owl	287	ok	match	true	production_all	0.0404	7.19	1011b397da7782301d7d78f451591889f3eaeadcef47f4a1a7a5352b2c123666	28a1e49d14379cb1f82aaf14e3c9ef1df435861077b31111dec9d947d4225a51		49842147
ore_ont_7901.owl	288	ok	match	true	production_all	0.1576	17.73	1011b397da7782301d7d78f451591889f3eaeadcef47f4a1a7a5352b2c123666	f295da304477c4374ae0a079f38e43b434c23a1e6933ee2cc9876c5711a3f9bb		49842148
ore_ont_7914.owl	289	ok	match	true	production_all	43.6492	9559.25	1011b397da7782301d7d78f451591889f3eaeadcef47f4a1a7a5352b2c123666	5dfdc6168df75c9a1e2dd6485ea1d5b4bf9af6307ea210e9cd1634262e981923		49842149
ore_ont_7956.owl	290	ok	match	true	production_all	6.2566	1271.18	1011b397da7782301d7d78f451591889f3eaeadcef47f4a1a7a5352b2c123666	aebf3b95b4ccf23d1c411a1c30e74773f1b6bbfd775c75a97210b7992cdb471d		49842316
ore_ont_7993.owl	291	ok	match	true	production_all	23.2559	4096.86	1011b397da7782301d7d78f451591889f3eaeadcef47f4a1a7a5352b2c123666	25a9dfe3607834ad90d624672276aede57eaf02784efa544063dd4489337adab		49842317
ore_ont_8006.owl	292	ok	match	true	nominals	0.3957	109.08	1011b397da7782301d7d78f451591889f3eaeadcef47f4a1a7a5352b2c123666	e40a3abda27e0256fd3fc4e4a661444b9097852a17e2cf599e9c252eabadabe5		49842318
ore_ont_8021.owl	293	ok	match	true	production_all	0.0702	9.69	1011b397da7782301d7d78f451591889f3eaeadcef47f4a1a7a5352b2c123666	f1c1aff96369c4199e413436dcd3a0d45b449393826940589aad2446b3122753		49842319
ore_ont_8068.owl	294	ok	match	true	production_all	9.8182	1364.89	1011b397da7782301d7d78f451591889f3eaeadcef47f4a1a7a5352b2c123666	5c2ab9b4b26ecff56fd8e5c58caf281e5feb460455d6e03e7231cb2e3f65d601		49842320
ore_ont_8135.owl	295	ok	match	true	production_all	0.0385	10.0	1011b397da7782301d7d78f451591889f3eaeadcef47f4a1a7a5352b2c123666	9251a47de72167549d5ded7d510bf8d803f42b3c0a1ad48a7374556417c186d9		49842321
ore_ont_8145.owl	296	ok	match	true	production_all	4.3941	1119.59	1011b397da7782301d7d78f451591889f3eaeadcef47f4a1a7a5352b2c123666	25a9dfe3607834ad90d624672276aede57eaf02784efa544063dd4489337adab		49842322
ore_ont_8169.owl	297	ok	match	true	production_all	0.0411	6.88	1011b397da7782301d7d78f451591889f3eaeadcef47f4a1a7a5352b2c123666	ea6c013a1f02885a5417d8db9efecd7258fe49a6a6b9b6f24b6332e245a117b4		49842323
ore_ont_8175.owl	298	ok	match	true	production_all	0.1295	18.04	1011b397da7782301d7d78f451591889f3eaeadcef47f4a1a7a5352b2c123666	ae99b783760a88e6b52f52e8fc649a680d05124b89be44322252f8d9a4e9b7b8		49842324
ore_ont_8298.owl	299	ok	match	true	production_all	0.0965	16.31	1011b397da7782301d7d78f451591889f3eaeadcef47f4a1a7a5352b2c123666	e832933cc9322364c76e54ba0f51d9548d6c2077fed14e9a627e5529006be3d7		49842325
ore_ont_8322.owl	300	ok	match	true	nominals	12.1763	1757.71	1011b397da7782301d7d78f451591889f3eaeadcef47f4a1a7a5352b2c123666	3c47845e47bf260331395c02e3ce3c65fed55eb04a364eceadf9a50b552821e0		49842522
ore_ont_8329.owl	301	ok	match	true	production_all	0.2421	33.02	1011b397da7782301d7d78f451591889f3eaeadcef47f4a1a7a5352b2c123666	c83b420eb9e3ac17fbc453ffe5e2d42074c33e5356f719a005abacab486da9e1		49842523
ore_ont_8347.owl	302	ok	match	true	production_all	0.2769	41.07	1011b397da7782301d7d78f451591889f3eaeadcef47f4a1a7a5352b2c123666	2e3d43d2ccdef95965bb116db6a147ac1c9436689d91642fdc0a0ae516665943		49842524
ore_ont_8369.owl	303	ok	match	true	production_all	0.0406	8.12	1011b397da7782301d7d78f451591889f3eaeadcef47f4a1a7a5352b2c123666	25a9dfe3607834ad90d624672276aede57eaf02784efa544063dd4489337adab		49842525
ore_ont_8462.owl	304	ok	match	true	production_all	0.0708	9.38	1011b397da7782301d7d78f451591889f3eaeadcef47f4a1a7a5352b2c123666	25a9dfe3607834ad90d624672276aede57eaf02784efa544063dd4489337adab		49842526
ore_ont_8480.owl	305	ok	match	true	nominals	19.9043	5426.04	1011b397da7782301d7d78f451591889f3eaeadcef47f4a1a7a5352b2c123666	ac1340ed5caad4831da799f8842d2893e8d9f310dce3d084390affed2072a4a6		49842527
ore_ont_8486.owl	306	ok	match	true	production_all	49.0436	4934.93	1011b397da7782301d7d78f451591889f3eaeadcef47f4a1a7a5352b2c123666	e8538c62c6e3407ba8b6f280e031e7778ea96154b374ccb60e0e9aeca2c8a742		49842528
ore_ont_8492.owl	307	ok	match	true	production_all	0.4197	48.61	1011b397da7782301d7d78f451591889f3eaeadcef47f4a1a7a5352b2c123666	65cd57dacb88edecf9f413022ff56ff1b53b173333a926445a1c708a5b12a13c		49842529
ore_ont_8557.owl	308	ok	match	true	production_all	2.2767	619.62	1011b397da7782301d7d78f451591889f3eaeadcef47f4a1a7a5352b2c123666	25a9dfe3607834ad90d624672276aede57eaf02784efa544063dd4489337adab		49842530
ore_ont_8579.owl	309	ok	match	true	production_all	0.2895	42.75	1011b397da7782301d7d78f451591889f3eaeadcef47f4a1a7a5352b2c123666	25a9dfe3607834ad90d624672276aede57eaf02784efa544063dd4489337adab		49842531
ore_ont_8634.owl	310	ok	match	true	production_all	3.293	693.78	1011b397da7782301d7d78f451591889f3eaeadcef47f4a1a7a5352b2c123666	7e3f4f2b20876c80b4f4c449df65b6cbc2ee89ce460335c802183fd013914ddc		49842712
ore_ont_8641.owl	311	ok	match	true	production_all	0.2476	28.35	1011b397da7782301d7d78f451591889f3eaeadcef47f4a1a7a5352b2c123666	f28ec1c5ea5f0658828881e84767eaceaf4d7075058f90e8ed3c02de5bcf87e3		49842713
ore_ont_8667.owl	312	ok	match	true	production_all	0.041	6.25	1011b397da7782301d7d78f451591889f3eaeadcef47f4a1a7a5352b2c123666	7e6ad8de8a1f7ae523024c33c5dda271da9e1d5229bd795b78a7f45b55fdfee5		49842714
ore_ont_8730.owl	313	ok	match	true	production_all	0.0705	32.35	1011b397da7782301d7d78f451591889f3eaeadcef47f4a1a7a5352b2c123666	49bbd16d161499bca9c39a7c91db140777f3181f91d095be67c258599383b106		49842715
ore_ont_8737.owl	314	ok	match	true	production_all	115.5518	9982.48	1011b397da7782301d7d78f451591889f3eaeadcef47f4a1a7a5352b2c123666	25a9dfe3607834ad90d624672276aede57eaf02784efa544063dd4489337adab		49842716
ore_ont_8744.owl	315	ok	match	true	production_all	0.0971	18.69	1011b397da7782301d7d78f451591889f3eaeadcef47f4a1a7a5352b2c123666	d713f119f4ce447a586bfb40e881c98b8c953c4a5055106a42abe8529e26e0de		49842717
ore_ont_8759.owl	316	ok	match	true	production_all	0.1578	26.33	1011b397da7782301d7d78f451591889f3eaeadcef47f4a1a7a5352b2c123666	dc8dba3248ce86b519e958417ad4c4002c3773fde402451f98bc052f131f8f31		49842718
ore_ont_8792.owl	317	ok	match	true	production_all	0.7434	81.33	1011b397da7782301d7d78f451591889f3eaeadcef47f4a1a7a5352b2c123666	cc8ed26f34adca4dd9418c34241a6b1a4a77d65ca564619e47b9ceeb308ef87b		49842719
ore_ont_8806.owl	318	ok	match	true	production_all	0.0389	6.56	1011b397da7782301d7d78f451591889f3eaeadcef47f4a1a7a5352b2c123666	ba414f74ab3e7b966cd457b609dabae6ba612401e7274ca55d7881bc9d22987c		49842720
ore_ont_8864.owl	319	ok	match	true	production_all	0.76	68.31	1011b397da7782301d7d78f451591889f3eaeadcef47f4a1a7a5352b2c123666	159a022b4f747d2d997be119b1931f66afb88d8f3178ce39578474349bc072e1		49842859
ore_ont_8937.owl	320	ok	match	true	production_all	0.0403	6.56	1011b397da7782301d7d78f451591889f3eaeadcef47f4a1a7a5352b2c123666	64fc5b419fe9b852ab9cf2f041610574b2172f0b82fdccaa1be515d0dc303e22		49842860
ore_ont_8941.owl	321	ok	match	true	nominals	0.0409	8.91	1011b397da7782301d7d78f451591889f3eaeadcef47f4a1a7a5352b2c123666	3c48c283d1292f55fe67383942d35be768499f1f96e83f0adf812c000ac3b9dd		49842861
ore_ont_8974.owl	322	ok	match	true	production_all	0.0407	7.19	1011b397da7782301d7d78f451591889f3eaeadcef47f4a1a7a5352b2c123666	1c432924c500260bbb560ba78e947ea3b0024c5972c5c62446d653f8aab82707		49842862
ore_ont_8982.owl	323	ok	match	true	production_all	7.7699	1718.78	1011b397da7782301d7d78f451591889f3eaeadcef47f4a1a7a5352b2c123666	1c1d0d6b85946a2f8329e9e475abff843d882bca0287daf3cbff8b3714e65d12		49842863
ore_ont_8999.owl	324	ok	match	true	nominals	10.3706	1582.24	1011b397da7782301d7d78f451591889f3eaeadcef47f4a1a7a5352b2c123666	97d6d9eb3b55d3f801af85340de71c922ff497f5e0b9ee8e21994c3ff6c8fc88		49842864
ore_ont_9002.owl	325	ok	match	true	production_all	0.0697	9.38	1011b397da7782301d7d78f451591889f3eaeadcef47f4a1a7a5352b2c123666	99d0faced2959471b60d0a67e805997d23dd3321683895b93ca62646f3ba0259		49842865
ore_ont_9014.owl	326	ok	match	true	production_all	0.2158	34.45	1011b397da7782301d7d78f451591889f3eaeadcef47f4a1a7a5352b2c123666	ce8e2abddc8b99ee5b90fd21def4355dfa9a5fac43a6e72b093db0e5a4ed6c84		49842866
ore_ont_9020.owl	327	ok	match	true	production_all	0.1292	23.58	1011b397da7782301d7d78f451591889f3eaeadcef47f4a1a7a5352b2c123666	25a9dfe3607834ad90d624672276aede57eaf02784efa544063dd4489337adab		49842867
ore_ont_9024.owl	328	ok	match	true	production_all	0.4848	167.55	1011b397da7782301d7d78f451591889f3eaeadcef47f4a1a7a5352b2c123666	0205fe9d5bff8d6ac81af28ac8ca71cf10b61b85998e5e70242fdd9be69af349		49843044
ore_ont_9031.owl	329	ok	match	true	production_all	0.0407	6.56	1011b397da7782301d7d78f451591889f3eaeadcef47f4a1a7a5352b2c123666	0e5701300cb5b8f0a6c312b537991848cadb3b0f94a7bf40999cee4fa10694a5		49843045
ore_ont_9096.owl	330	ok	match	true	nominals	0.1882	53.76	1011b397da7782301d7d78f451591889f3eaeadcef47f4a1a7a5352b2c123666	f3b5d8340ae8952054a204146b16e5e82818390360e61cd62831da4c24b7867f		49843046
ore_ont_9400.owl	331	ok	match	true	production_all	16.8861	2301.95	1011b397da7782301d7d78f451591889f3eaeadcef47f4a1a7a5352b2c123666	ed813c6bb729688629abd57498c392f2b9c59e451076692d26d323cf17b5b4f8		49843047
ore_ont_9435.owl	332	ok	match	true	production_all	0.1288	19.59	1011b397da7782301d7d78f451591889f3eaeadcef47f4a1a7a5352b2c123666	bab32340487d9aa994aee6bdaf676387d6926cc59863cba1314a0a6e18015ea7		49843048
ore_ont_9498.owl	333	ok	match	true	production_all	21.1109	3325.16	1011b397da7782301d7d78f451591889f3eaeadcef47f4a1a7a5352b2c123666	c914feef45d9a4d58fa282a84a58b29a7872e69a5cf0a0dfb7ecc6fbbd2ad83a		49843049
ore_ont_9499.owl	334	ok	match	true	production_all	16.7332	2456.41	1011b397da7782301d7d78f451591889f3eaeadcef47f4a1a7a5352b2c123666	fabf3860014083f4e7c6d1d0775efe1dda40bb124bf6b4619c1876a9f9ce17d7		49843050
ore_ont_9509.owl	335	ok	match	true	production_all	0.041	6.56	1011b397da7782301d7d78f451591889f3eaeadcef47f4a1a7a5352b2c123666	6dfd8cd44c067cdcb5a447f5a0784d0ac3b59f0323ba1fc7d4e3cb65ca402c53		49843051
ore_ont_9513.owl	336	ok	match	true	production_all	0.4496	54.05	1011b397da7782301d7d78f451591889f3eaeadcef47f4a1a7a5352b2c123666	b1066b92f86cd2250dcc3e4f9d6e0d6a47ba59ae0608d54dcef83b1e86cfcc63		49843052
ore_ont_9540.owl	337	ok	match	true	certified_card_nominals	0.7413	121.17	1011b397da7782301d7d78f451591889f3eaeadcef47f4a1a7a5352b2c123666	973e3ccc38715145084b7fb36d95be8b4824aaa80931af741fbff473c7aa7e61		49843053
ore_ont_9557.owl	338	ok	match	true	nominals	0.1011	50.49	1011b397da7782301d7d78f451591889f3eaeadcef47f4a1a7a5352b2c123666	09b5dccb229d2940f720397ba57fae3d2e043099ed5fd4d41189946d9d8fe955		49843092
ore_ont_9567.owl	339	ok	match	true	production_all	6.1198	1065.04	1011b397da7782301d7d78f451591889f3eaeadcef47f4a1a7a5352b2c123666	0b8fb805974ec14b4df641131aa1c4af1eaed8babda4ab870378a05ef7aa26a0		49843093
ore_ont_9590.owl	340	ok	match	true	production_all	0.3035	41.3	1011b397da7782301d7d78f451591889f3eaeadcef47f4a1a7a5352b2c123666	df32deb27449bcec194c3446ed312e9c77f71f413ebfe65ce6192a5563336ff6		49843094
ore_ont_9598.owl	341	ok	match	true	production_all	0.0703	13.98	1011b397da7782301d7d78f451591889f3eaeadcef47f4a1a7a5352b2c123666	007a7c6b5298f817cc16cad9262411ac152ca7efbc034b87fcf0a608dcf3739c		49843095
ore_ont_9612.owl	342	ok	match	true	production_all	0.3695	47.83	1011b397da7782301d7d78f451591889f3eaeadcef47f4a1a7a5352b2c123666	f36c7be0b65832b4a9cfe365697a413c326eae0f77db2a4eb2b060ca95f29725		49843096
ore_ont_9635.owl	343	ok	match	true	certified_nominals	0.1568	33.98	1011b397da7782301d7d78f451591889f3eaeadcef47f4a1a7a5352b2c123666	05ec2b7af10ca0553fabdf219377baf556044a8a0e3b71215555cfc44d511b13		49843097
ore_ont_9646.owl	344	ok	match	true	production_all	0.0995	19.03	1011b397da7782301d7d78f451591889f3eaeadcef47f4a1a7a5352b2c123666	32872f949ba62fe301386711bc639b7c57ba02cb5e33704bed90d8c022867ba0		49843098
ore_ont_9654.owl	345	ok	match	true	production_all	14.1996	2109.62	1011b397da7782301d7d78f451591889f3eaeadcef47f4a1a7a5352b2c123666	8b2ef7faa2cdbe8e9e36287b8922fbabeb4c1b9c92bff7f51ab2a33e920eb799		49843106
ore_ont_9663.owl	346	ok	match	true	production_all	23.7174	4832.59	1011b397da7782301d7d78f451591889f3eaeadcef47f4a1a7a5352b2c123666	02f5fd4d3395072d1c692c7fa0de012e7a86d3feca88c8984310f302e86a86f3		49843114
ore_ont_9668.owl	347	ok	match	true	nominals	2.2464	793.25	1011b397da7782301d7d78f451591889f3eaeadcef47f4a1a7a5352b2c123666	6dd2a1f6eaa9f001ed5c7db958ff1edd374302f7b4e6b64679a6b0deb7635ff6		49843121
ore_ont_9674.owl	348	ok	match	true	production_all	54.8349	5326.91	1011b397da7782301d7d78f451591889f3eaeadcef47f4a1a7a5352b2c123666	c1178310a91e0aff7b3209af626b01157a45f221df1fe058845f7585ee7b650f		49843122
ore_ont_9695.owl	349	ok	match	true	production_all	0.0408	8.75	1011b397da7782301d7d78f451591889f3eaeadcef47f4a1a7a5352b2c123666	7af604002c66e3631410e327b01a0e80f08f9e3eef9bf28079638e0957334616		49843124
ore_ont_9724.owl	350	ok	match	true	ht_bridge	43.6956	8202.34	1011b397da7782301d7d78f451591889f3eaeadcef47f4a1a7a5352b2c123666	95d679d0ee51b14583ca4dffe419b1c7e128398d207a2bdb25ab9eaa06c03b05		49843127
ore_ont_9761.owl	351	ok	match	true	production_all	0.3379	38.27	1011b397da7782301d7d78f451591889f3eaeadcef47f4a1a7a5352b2c123666	22f28c620b9541258ef5651487ced86b41df9bf0c60da852ae9f7427900570a0		49843128
ore_ont_9768.owl	352	ok	match	true	production_all	19.9164	3615.27	1011b397da7782301d7d78f451591889f3eaeadcef47f4a1a7a5352b2c123666	25a9dfe3607834ad90d624672276aede57eaf02784efa544063dd4489337adab		49843129
ore_ont_9772.owl	353	ok	match	true	production_all	0.1904	24.91	1011b397da7782301d7d78f451591889f3eaeadcef47f4a1a7a5352b2c123666	6b1945e00a8cb4bdfc5e2e33e163d8de34c7ab1d0dc1d2517212df3700e3805b		49843130
ore_ont_9790.owl	354	ok	match	true	production_all	0.1596	25.93	1011b397da7782301d7d78f451591889f3eaeadcef47f4a1a7a5352b2c123666	3db60447b84c1d14d898433b9a590740d2ae89cc4a09c7cf0000b62fbd9761c9		49843133
ore_ont_9792.owl	355	ok	match	true	production_all	0.4435	67.73	1011b397da7782301d7d78f451591889f3eaeadcef47f4a1a7a5352b2c123666	dbe74c4da873c1e82fbd5ece88e723708b12df7d0ad4b65f1697fa978df35436		49843134
ore_ont_9794.owl	356	ok	match	true	production_all	11.624	2012.01	1011b397da7782301d7d78f451591889f3eaeadcef47f4a1a7a5352b2c123666	25a9dfe3607834ad90d624672276aede57eaf02784efa544063dd4489337adab		49843135
ore_ont_9854.owl	357	ok	match	true	production_all	0.0406	6.25	1011b397da7782301d7d78f451591889f3eaeadcef47f4a1a7a5352b2c123666	ee884ca781aa9b3125755319fa04fe136fa8b6f3fb9d4b223e1c1b2e217303de		49843146
ore_ont_9857.owl	358	ok	match	true	production_all	0.0673	14.69	1011b397da7782301d7d78f451591889f3eaeadcef47f4a1a7a5352b2c123666	bcfb6d2459d0b343cdf9cdbcddfc92088fbc1bfabadf5f65c4a6dddca42a41bd		49843147
ore_ont_9881.owl	359	ok	match	true	nominals	7.6383	2131.87	1011b397da7782301d7d78f451591889f3eaeadcef47f4a1a7a5352b2c123666	02d9215f1ccaeb8d1e8b4b1e423f86b9d4823b9e676fff8c3eb898814e1d4ac1		49843148
ore_ont_9894.owl	360	ok	match	true	production_all	2.3782	549.22	1011b397da7782301d7d78f451591889f3eaeadcef47f4a1a7a5352b2c123666	db1af93afa5192ad635ea4163a536087e106a263a674d3d09252ed9490418892		49843162
ore_ont_9904.owl	361	ok	match	true	nominals	0.04	9.41	1011b397da7782301d7d78f451591889f3eaeadcef47f4a1a7a5352b2c123666	adc2de296c6ec11b58563a175cea58529c2ad32fa0935808086fc3ef4a761903		49843163
ore_ont_9944.owl	362	ok	match	true	production_all	8.386	8733.43	1011b397da7782301d7d78f451591889f3eaeadcef47f4a1a7a5352b2c123666	ea9d6bdd0418ec22cde4ad8b0e6530e9d396250d8ba2222427e290bfb6cf3b50		49843164
ore_ont_9958.owl	363	ok	match	true	production_all	6.5517	1254.65	1011b397da7782301d7d78f451591889f3eaeadcef47f4a1a7a5352b2c123666	6ac501d44cf044992209e9135655b7315326abaa29e2c1883c98e5f95a5c4bf2		49843172
ore_ont_10016.owl	364	ok	match	true	production_all	10.1002	1914.1	1011b397da7782301d7d78f451591889f3eaeadcef47f4a1a7a5352b2c123666	ffc30b418ed2dea607f009293e1b0790243765404ed2061c4342c30a716ea818		49843173
ore_ont_10032.owl	365	ok	match	true	production_all	5.8496	1185.05	1011b397da7782301d7d78f451591889f3eaeadcef47f4a1a7a5352b2c123666	df5204236b942809dc9fff216bc1a3ccf523cc361d1cb9ca2a12b36456249647		49843174
ore_ont_10056.owl	366	ok	match	true	production_all	0.0392	8.12	1011b397da7782301d7d78f451591889f3eaeadcef47f4a1a7a5352b2c123666	f7263b2424943a6318ad423eee5cfaaeca18173aea87826910f2cb3fb4c4b1b2		49843185
ore_ont_10073.owl	367	ok	match	true	production_all	25.0648	3122.31	1011b397da7782301d7d78f451591889f3eaeadcef47f4a1a7a5352b2c123666	1b068c5c15f054d5fc7dfa7c91fb77a80e6f68257c0fc156f590edef3ad57fcc		49843186
ore_ont_10123.owl	368	ok	match	true	production_all	0.2792	50.11	1011b397da7782301d7d78f451591889f3eaeadcef47f4a1a7a5352b2c123666	6c1e4b555838fde9f917bb140c40e003f75025a08623e3e15f59f34c17f857df		49843187
ore_ont_10127.owl	369	ok	match	true	production_all	1.8803	463.05	1011b397da7782301d7d78f451591889f3eaeadcef47f4a1a7a5352b2c123666	283d2c8230fa2895f44aba726960f75168e6d58971847b981a04a9e0bd18bba9		49843190
ore_ont_10134.owl	370	ok	match	true	production_all	0.0674	11.85	1011b397da7782301d7d78f451591889f3eaeadcef47f4a1a7a5352b2c123666	bc13a85d7f537f9cbcc5b18b5b8aeaed250a0fc46e00fddc1c050b856943af7a		49843195
ore_ont_10146.owl	371	ok	match	true	production_all	0.1592	21.89	1011b397da7782301d7d78f451591889f3eaeadcef47f4a1a7a5352b2c123666	683d410181c3d77df65f94caa014438ac468a3561b4882c004553c184a3828bb		49843196
ore_ont_10160.owl	372	ok	match	true	production_all	0.0696	13.75	1011b397da7782301d7d78f451591889f3eaeadcef47f4a1a7a5352b2c123666	6c33730d4bc6e1f6aa064f2e182593f9b6519c412c818788fe0699cb90c27b55		49843197
ore_ont_10175.owl	373	ok	match	true	production_all	5.8342	1195.91	1011b397da7782301d7d78f451591889f3eaeadcef47f4a1a7a5352b2c123666	f2e2f4eb571840cb8dafeed07f560af4b9be804c588296846bfc41133239eb2a		49843199
ore_ont_10212.owl	374	ok	match	true	production_all	0.1015	25.99	1011b397da7782301d7d78f451591889f3eaeadcef47f4a1a7a5352b2c123666	216f018137fd6a812635f1e59284986b66efd3f70e76508f72065d2375e81484		49843200
ore_ont_10242.owl	375	ok	match	true	nominals	2.8562	1609.44	1011b397da7782301d7d78f451591889f3eaeadcef47f4a1a7a5352b2c123666	5e240020e54a32d546f0aab6ca84621979706a46542490537626cfc5a1b72787		49843201
ore_ont_10248.owl	376	ok	match	true	production_all	7.3922	1395.95	1011b397da7782301d7d78f451591889f3eaeadcef47f4a1a7a5352b2c123666	6c0877b5e054be5e2cef3b76c276a9c5007025f8483e4230c7156c7a45774003		49843202
ore_ont_10280.owl	377	ok	match	true	production_all	0.1612	28.38	1011b397da7782301d7d78f451591889f3eaeadcef47f4a1a7a5352b2c123666	800442fb37369b500ebabfa01bfee81e440a7c142ba49f49d1d47e6d1242d926		49843204
ore_ont_10283.owl	378	ok	match	true	production_all	0.0396	9.38	1011b397da7782301d7d78f451591889f3eaeadcef47f4a1a7a5352b2c123666	253ab9c47deb593a7b0fa2c333acee0b1d4131ff3ce88668588e415dd100bd98		49843205
ore_ont_10309.owl	379	ok	match	true	production_all	0.0395	6.88	1011b397da7782301d7d78f451591889f3eaeadcef47f4a1a7a5352b2c123666	1c432924c500260bbb560ba78e947ea3b0024c5972c5c62446d653f8aab82707		49843219
ore_ont_10314.owl	380	ok	match	true	production_all	0.0713	10.95	1011b397da7782301d7d78f451591889f3eaeadcef47f4a1a7a5352b2c123666	94d5c5d620349befe39d4041174b395ecf56b4f42891f7591db65771e98d546c		49843228
ore_ont_10321.owl	381	ok	match	true	nominal_ni_abox	0.0405	8.12	1011b397da7782301d7d78f451591889f3eaeadcef47f4a1a7a5352b2c123666	25a9dfe3607834ad90d624672276aede57eaf02784efa544063dd4489337adab		49843229
ore_ont_10362.owl	382	ok	match	true	certified_nominals	0.1007	16.25	1011b397da7782301d7d78f451591889f3eaeadcef47f4a1a7a5352b2c123666	bdaac64809d4dd860324e7acbccf4b9ea1efd832fe30164f4085e4f0ef73d093		49843230
ore_ont_10389.owl	383	ok	match	true	production_all	0.2498	38.79	1011b397da7782301d7d78f451591889f3eaeadcef47f4a1a7a5352b2c123666	66cf798e2a6d852b552a503df73f79fe7386094dc37bb43419cf48547670e743		49843231
ore_ont_10413.owl	384	ok	match	true	production_all	0.0402	7.19	1011b397da7782301d7d78f451591889f3eaeadcef47f4a1a7a5352b2c123666	25a9dfe3607834ad90d624672276aede57eaf02784efa544063dd4489337adab		49843242
ore_ont_10445.owl	385	ok	match	true	production_all	10.8152	2733.88	1011b397da7782301d7d78f451591889f3eaeadcef47f4a1a7a5352b2c123666	25a9dfe3607834ad90d624672276aede57eaf02784efa544063dd4489337adab		49843246
ore_ont_10516.owl	386	ok	match	true	production_all	0.0395	7.19	1011b397da7782301d7d78f451591889f3eaeadcef47f4a1a7a5352b2c123666	6465a6f722e6155f37f042174b14783c944b0e9cbeb5fd290f7d4fef100eb9e7		49843264
ore_ont_10536.owl	387	ok	match	true	production_all	0.0413	7.64	1011b397da7782301d7d78f451591889f3eaeadcef47f4a1a7a5352b2c123666	8bc83a8d066e749a174d488d953064092d8c11300c09aa86119c0a2c4b3bceb8		49843268
ore_ont_10594.owl	388	ok	match	true	nominals	1.2765	598.88	1011b397da7782301d7d78f451591889f3eaeadcef47f4a1a7a5352b2c123666	a92d8283ca794f043d4e8674c1f149fff5ded6960d02750dd54c37511fec308a		49843269
ore_ont_10621.owl	389	ok	match	true	certified_nominals	88.0925	6930.49	1011b397da7782301d7d78f451591889f3eaeadcef47f4a1a7a5352b2c123666	cb490ae3d086535d4ef467ed5277e5f497e221d84a79a70fb0dc87afb8a45ccf		49843274
ore_ont_10689.owl	390	ok	match	true	production_all	57.1717	5325.98	1011b397da7782301d7d78f451591889f3eaeadcef47f4a1a7a5352b2c123666	be6be6663ffd9721606bf3cb61308789c55c28ffbe8d4ba2d85d0ee60b7fcc0f		49843275
ore_ont_10697.owl	391	ok	match	true	production_all	3.601	709.04	1011b397da7782301d7d78f451591889f3eaeadcef47f4a1a7a5352b2c123666	7ef5274bff5da1265da9caf1bf27fbebeeb483aef1ef0c5042648b1408918a22		49843278
ore_ont_10702.owl	392	ok	match	true	nominal_ni_tbox	2.5941	22.23	1011b397da7782301d7d78f451591889f3eaeadcef47f4a1a7a5352b2c123666	eee761d0c89347a42ce9a221e7d98295f4a9d7527c755cb3eafa9978cc06d55b		49843279
ore_ont_10742.owl	393	ok	match	true	production_all	0.1577	20.95	1011b397da7782301d7d78f451591889f3eaeadcef47f4a1a7a5352b2c123666	4939673f071bec5faf58247da86935819a596518944a49e03241c0b6571eaedc		49843280
ore_ont_10749.owl	394	ok	match	true	nominals	0.5464	283.05	1011b397da7782301d7d78f451591889f3eaeadcef47f4a1a7a5352b2c123666	87e9f917a51555b2f5c32dc06ca16d2e78ce9a4786b4c566eda495fe308d7ea0		49843281
ore_ont_10750.owl	395	ok	match	true	production_all	56.2439	6107.42	1011b397da7782301d7d78f451591889f3eaeadcef47f4a1a7a5352b2c123666	25a9dfe3607834ad90d624672276aede57eaf02784efa544063dd4489337adab		49843282
ore_ont_10769.owl	396	ok	match	true	production_all	0.0413	8.44	1011b397da7782301d7d78f451591889f3eaeadcef47f4a1a7a5352b2c123666	25a9dfe3607834ad90d624672276aede57eaf02784efa544063dd4489337adab		49843294
ore_ont_10778.owl	397	ok	match	true	production_all	3.9379	830.42	1011b397da7782301d7d78f451591889f3eaeadcef47f4a1a7a5352b2c123666	85cc3f3c22308567df50cc27a367ae51ff51c8011dd6e0db264ab734284598d2		49843296
ore_ont_10781.owl	398	ok	match	true	nominals	0.7001	617.32	1011b397da7782301d7d78f451591889f3eaeadcef47f4a1a7a5352b2c123666	00758ec29ea6954778af43d3f08c6d6f055402a39656b8b827a5466c1e4b0849		49843297
ore_ont_10806.owl	399	ok	match	true	production_all	0.2787	38.41	1011b397da7782301d7d78f451591889f3eaeadcef47f4a1a7a5352b2c123666	74b1a536119970eb697b1f362b77f0af0c2b62ec59fbffd18d1de0027090e69b		49843301
ore_ont_10833.owl	400	ok	match	true	production_all	0.0413	8.12	1011b397da7782301d7d78f451591889f3eaeadcef47f4a1a7a5352b2c123666	25a9dfe3607834ad90d624672276aede57eaf02784efa544063dd4489337adab		49843302
ore_ont_10860.owl	401	ok	nogold	false	ht_rules	0.0412	10.62	1011b397da7782301d7d78f451591889f3eaeadcef47f4a1a7a5352b2c123666	3c48c283d1292f55fe67383942d35be768499f1f96e83f0adf812c000ac3b9dd		49843313
ore_ont_10890.owl	402	ok	match	true	production_all	0.3416	55.23	1011b397da7782301d7d78f451591889f3eaeadcef47f4a1a7a5352b2c123666	d6d944bda034a28f5f56e0b9e9e1a95a6dab7e1436f535eb79be30bed06b3ffd		49843314
ore_ont_10908.owl	403	ok	match	true	production_all	10.4362	1037.13	1011b397da7782301d7d78f451591889f3eaeadcef47f4a1a7a5352b2c123666	161a98a585fc8e21f60afe6610dba4ca012aaee9bfad97346de51a1b434cf786		49843315
ore_ont_10951.owl	404	ok	match	true	production_all	0.216	41.7	1011b397da7782301d7d78f451591889f3eaeadcef47f4a1a7a5352b2c123666	1b89738d6fbade1eaa90287b7543cd5ab1eca4a44ad3466bf0ef7b921ac81aaf		49843319
ore_ont_10968.owl	405	ok	match	true	production_all	0.1294	20.85	1011b397da7782301d7d78f451591889f3eaeadcef47f4a1a7a5352b2c123666	88cbac66a54cfeaf04967f7ec263a98959a6287df46eed2d3ade7b7b021e9a09		49843326
ore_ont_11009.owl	406	ok	match	true	production_all	0.0698	14.38	1011b397da7782301d7d78f451591889f3eaeadcef47f4a1a7a5352b2c123666	9b6af4d9456a057732eed6f4edd4c6d03409183b742304705ae9c5d22f2e83d2		49843331
ore_ont_11010.owl	407	ok	match	true	production_all	0.0414	7.5	1011b397da7782301d7d78f451591889f3eaeadcef47f4a1a7a5352b2c123666	2b911469722f5b04c8805dc441873cfae6fcb261e12933bdffe402e2897a2ee6		49843332
ore_ont_11014.owl	408	ok	match	true	production_all	0.0698	10.62	1011b397da7782301d7d78f451591889f3eaeadcef47f4a1a7a5352b2c123666	72cd88051c821cd06ad5106a19f4145824f4bdff70821eff1bcc1cfe017f1b6b		49843337
ore_ont_11016.owl	409	ok	match	true	nominal_ni_abox	0.5247	212.15	1011b397da7782301d7d78f451591889f3eaeadcef47f4a1a7a5352b2c123666	17ac165e5d7677646ccf0943b78bf7322b4c3d316a3bc85d662709c85dc88b0c		49843338
ore_ont_11081.owl	410	ok	match	true	production_all	1.2343	306.84	1011b397da7782301d7d78f451591889f3eaeadcef47f4a1a7a5352b2c123666	b32f2ff1bff70ea99cef3fb709025b066120345e74768c3a2a046c0dbc2a99d9		49843339
ore_ont_11140.owl	411	ok	match	true	production_all	0.2153	28.5	1011b397da7782301d7d78f451591889f3eaeadcef47f4a1a7a5352b2c123666	25a9dfe3607834ad90d624672276aede57eaf02784efa544063dd4489337adab		49843340
ore_ont_11207.owl	412	ok	match	true	production_all	1.9347	450.45	1011b397da7782301d7d78f451591889f3eaeadcef47f4a1a7a5352b2c123666	1d053e818a80eb36d0a8795c930a6ab97ce4697c6f859dcef0b35f6588e24d9c		49843341
ore_ont_11291.owl	413	ok	match	true	production_all	0.0707	14.06	1011b397da7782301d7d78f451591889f3eaeadcef47f4a1a7a5352b2c123666	42e2ecfb6f2d4cdcd3acde0696c9fdbe2bc0c3b357bb316ea83a11490169ad54		49843342
ore_ont_11293.owl	414	ok	match	true	production_all	7.1466	1379.97	1011b397da7782301d7d78f451591889f3eaeadcef47f4a1a7a5352b2c123666	f0c432fee3845eb4ee0944c812ab0cadbbb8b96ea3184fcfff116504553d20e6		49843348
ore_ont_11311.owl	415	ok	match	true	cb_plain16	10.555	5936.4	1011b397da7782301d7d78f451591889f3eaeadcef47f4a1a7a5352b2c123666	7549d4160fa3a2f2527fa6fbddb1b4eae3f12e3101894696fb88756a02004828		49843349
ore_ont_11315.owl	416	ok	match	true	production_all	24.1885	2867.16	1011b397da7782301d7d78f451591889f3eaeadcef47f4a1a7a5352b2c123666	a8cd5455a6c36d2c1c8f76547f9d07a3953b5ce92d260198abbaa6598505fe10		49843351
ore_ont_11316.owl	417	ok	match	true	production_all	0.0995	15.54	1011b397da7782301d7d78f451591889f3eaeadcef47f4a1a7a5352b2c123666	39c9f8f0a63cf1cc1aabdad76e0f88e5423a3fdce72e3172951f9c3ff8ea6093		49843352
ore_ont_11389.owl	418	ok	match	true	production_all	7.5205	1682.79	1011b397da7782301d7d78f451591889f3eaeadcef47f4a1a7a5352b2c123666	25a9dfe3607834ad90d624672276aede57eaf02784efa544063dd4489337adab		49843354
ore_ont_11395.owl	419	ok	match	true	production_all	35.3295	3761.95	1011b397da7782301d7d78f451591889f3eaeadcef47f4a1a7a5352b2c123666	5f730ffc22a0828f94eb0bcfe5c366774eb965dcb577c9b64e14c9552f2e86e9		49843355
ore_ont_11452.owl	420	ok	match	true	production_all	0.2539	40.73	1011b397da7782301d7d78f451591889f3eaeadcef47f4a1a7a5352b2c123666	ff2d968f560c0ba3266c303fcfd4ac514bb3e8b03738a5238dfefc6a44a8020e		49843374
ore_ont_11460.owl	421	ok	match	true	production_all	14.5333	3097.09	1011b397da7782301d7d78f451591889f3eaeadcef47f4a1a7a5352b2c123666	3bba2ff9cd16d7b398364bee1e4f766c02626881163422a6876593d2a705a101		49843379
ore_ont_11497.owl	422	ok	match	true	production_all	0.0412	8.12	1011b397da7782301d7d78f451591889f3eaeadcef47f4a1a7a5352b2c123666	8640d78d492ca0006243d52fcb33dc628524656293e4b88db7829ad4389f4338		49843398
ore_ont_11502.owl	423	ok	match	true	production_all	0.4798	51.75	1011b397da7782301d7d78f451591889f3eaeadcef47f4a1a7a5352b2c123666	07713dc746bebd4230af577db06d41437878358da6baaa3e27c202281fae91b3		49843404
ore_ont_11504.owl	424	ok	match	true	production_all	0.0406	7.5	1011b397da7782301d7d78f451591889f3eaeadcef47f4a1a7a5352b2c123666	7c18c4567a36b238d8bc0334f7c2e40786398d8886a6e9ecdf6e3befe99090f4		49843406
ore_ont_11519.owl	425	ok	match	true	production_all	6.4946	1265.59	1011b397da7782301d7d78f451591889f3eaeadcef47f4a1a7a5352b2c123666	c0bc75c2b13e0e0728f78f726f58e663625f17bcc036cb40241a226879063aeb		49843412
ore_ont_11522.owl	426	ok	match	true	production_all	0.0392	8.75	1011b397da7782301d7d78f451591889f3eaeadcef47f4a1a7a5352b2c123666	6923fe07622ff54eda7fc0b364d6c03c8bbae703e7069a5d10c053a6054def7f		49843413
ore_ont_11523.owl	427	ok	match	true	production_all	0.0704	8.44	1011b397da7782301d7d78f451591889f3eaeadcef47f4a1a7a5352b2c123666	7310a2420253d972d26776ccad771b038711abc2dd578c8a13098c3e3663ec89		49843443
ore_ont_11526.owl	428	ok	match	true	production_all	0.0679	16.42	1011b397da7782301d7d78f451591889f3eaeadcef47f4a1a7a5352b2c123666	25a9dfe3607834ad90d624672276aede57eaf02784efa544063dd4489337adab		49843444
ore_ont_11559.owl	429	ok	match	true	production_all	3.0576	571.95	1011b397da7782301d7d78f451591889f3eaeadcef47f4a1a7a5352b2c123666	27cb18ecd91fbbc21ef7cd872ed2161ca58afead9634753597b502262e856841		49843445
ore_ont_11577.owl	430	ok	match	true	production_all	0.0696	10.33	1011b397da7782301d7d78f451591889f3eaeadcef47f4a1a7a5352b2c123666	78c12e0fb82e17869f2df3bcdd0a6d56db4d249e566a11d9f25c4b1f6dd411d1		49843466
ore_ont_11619.owl	431	ok	match	true	production_all	0.0999	18.8	1011b397da7782301d7d78f451591889f3eaeadcef47f4a1a7a5352b2c123666	9304084bc5359a42d0837601eea5354bcf3aaa41eb2a62bbff14787e98252747		49843471
ore_ont_11623.owl	432	ok	match	true	production_all	0.7865	491.34	1011b397da7782301d7d78f451591889f3eaeadcef47f4a1a7a5352b2c123666	6f12e8392cac6b5ab95e02cfb22942825a445cafa89ef09eb500684ee3e279dd		49843472
ore_ont_11639.owl	433	ok	match	true	production_all	0.0408	6.88	1011b397da7782301d7d78f451591889f3eaeadcef47f4a1a7a5352b2c123666	9d20e1c1afe6e79af9e35f135dfbeb965efec25215a54e6b2c27472ec46fe8a1		49843478
ore_ont_11739.owl	434	ok	match	true	production_all	26.2754	2661.02	1011b397da7782301d7d78f451591889f3eaeadcef47f4a1a7a5352b2c123666	87e198b4b4877fa7bef65c28ac7ae439613a8f41cd8156786c14ac63d580712c		49843479
ore_ont_11745.owl	435	ok	match	true	cb_plain16	13.0034	4086.6	1011b397da7782301d7d78f451591889f3eaeadcef47f4a1a7a5352b2c123666	49e851a304217ddcaa13291238cf1bd37e6d161e6a57ba7318eb6e7244b1584f		49843481
ore_ont_11778.owl	436	ok	match	true	production_all	5.6198	1161.21	1011b397da7782301d7d78f451591889f3eaeadcef47f4a1a7a5352b2c123666	02f70d54c956f315440e7b6c6cf11b10e21313041e72692d251f018364ea8b06		49843482
ore_ont_11866.owl	437	ok	match	true	production_all	0.041	7.19	1011b397da7782301d7d78f451591889f3eaeadcef47f4a1a7a5352b2c123666	25a9dfe3607834ad90d624672276aede57eaf02784efa544063dd4489337adab		49843483
ore_ont_11889.owl	438	ok	match	true	production_all	0.0679	10.31	1011b397da7782301d7d78f451591889f3eaeadcef47f4a1a7a5352b2c123666	5f1ce489832cb8ae99748f2ecbb665ddb7da0d5750e09c9ac409fd75c5875444		49843484
ore_ont_11978.owl	439	ok	match	true	production_all	0.0706	11.41	1011b397da7782301d7d78f451591889f3eaeadcef47f4a1a7a5352b2c123666	f238035ea70c8a9a2f9d439a52b36ef315a3449e2a926cd8a6065f3be4f86087		49843507
ore_ont_12007.owl	440	ok	match	true	production_all	0.0408	7.19	1011b397da7782301d7d78f451591889f3eaeadcef47f4a1a7a5352b2c123666	779011b5e74b3bf61345db242cf0d5ab1c508e60d59470b7021926b6ca7f4963		49843525
ore_ont_12009.owl	441	ok	match	true	production_all	0.0401	11.25	1011b397da7782301d7d78f451591889f3eaeadcef47f4a1a7a5352b2c123666	c49ac8a00b73dd16b18c6806b9e19bea5f9a821003a4da37b2202dc8b2c0913a		49843533
ore_ont_12087.owl	442	ok	match	true	production_all	11.0027	2150.95	1011b397da7782301d7d78f451591889f3eaeadcef47f4a1a7a5352b2c123666	0de4f44746026093588d63cfce9e4402e938cf30b7c88a3970e4771da4a63c60		49843538
ore_ont_12141.owl	443	ok	match	true	production_all	0.485	167.3	1011b397da7782301d7d78f451591889f3eaeadcef47f4a1a7a5352b2c123666	0205fe9d5bff8d6ac81af28ac8ca71cf10b61b85998e5e70242fdd9be69af349		49843540
ore_ont_12149.owl	444	ok	match	true	production_all	1.7272	361.78	1011b397da7782301d7d78f451591889f3eaeadcef47f4a1a7a5352b2c123666	1a6c34a01e0f9de8f986e062b118c3950b89fcee5894446fcaa350902e7f126f		49843544
ore_ont_12161.owl	445	ok	match	true	production_all	0.2435	39.36	1011b397da7782301d7d78f451591889f3eaeadcef47f4a1a7a5352b2c123666	5c1fe0699854aa6c4f891ae1122faf848af88deaf57d6d6a18959e0c89e90df6		49843547
ore_ont_12194.owl	446	ok	match	true	production_all	0.7578	179.89	1011b397da7782301d7d78f451591889f3eaeadcef47f4a1a7a5352b2c123666	5008d3bc52e4aaab7aca6b11a01a2dcdfdf2005f2d4c1aeec1abb75de67e2206		49843548
ore_ont_12281.owl	447	ok	match	true	production_all	0.0976	13.86	1011b397da7782301d7d78f451591889f3eaeadcef47f4a1a7a5352b2c123666	6c8c2dd1ea442064196c32326cd1c2c8d3a72ecf5e3d2c331a16cc9281ffa925		49843558
ore_ont_12387.owl	448	ok	match	true	production_all	11.6152	2002.51	1011b397da7782301d7d78f451591889f3eaeadcef47f4a1a7a5352b2c123666	9d25a3ae4b10f67a869ff1ec8333b593900ad745b3453e11588555e8178d7dba		49843564
ore_ont_12397.owl	449	ok	match	true	production_all	0.0693	14.01	1011b397da7782301d7d78f451591889f3eaeadcef47f4a1a7a5352b2c123666	1141b993c4ce4fc0f8712bb0c6b6853b030ea938eba3d8e27dbe28dbc7ec1070		49843565
ore_ont_12405.owl	450	ok	match	true	production_all	0.3092	43.65	1011b397da7782301d7d78f451591889f3eaeadcef47f4a1a7a5352b2c123666	450e43282d20750ee054bec83e074f6b4d890c845074125e9b9b04cd346ae614		49843568
ore_ont_12414.owl	451	ok	match	true	production_all	10.5256	1462.75	1011b397da7782301d7d78f451591889f3eaeadcef47f4a1a7a5352b2c123666	f52655554ad9025c06c681d71ccebf5cce633bac6305e01d8e78fa7abd9477c0		49843572
ore_ont_12528.owl	452	ok	match	true	production_all	25.8588	3620.75	1011b397da7782301d7d78f451591889f3eaeadcef47f4a1a7a5352b2c123666	821c9e8abb3c9f0b13db22b7044710317c1f59fb0219ad16c7f007464d7aa7b4		49843573
ore_ont_12653.owl	453	ok	match	true	production_all	0.0983	39.54	1011b397da7782301d7d78f451591889f3eaeadcef47f4a1a7a5352b2c123666	b9b3b2004562dfba7af26bbbd125115be0383fcd014b509717cbcedc73b31f00		49843574
ore_ont_12698.owl	454	ok	match	true	nominals	2.2769	778.38	1011b397da7782301d7d78f451591889f3eaeadcef47f4a1a7a5352b2c123666	9f2ee83b8fc315586d509d7a508be032bd1674970b5ab484f81a138be9f91e19		49843578
ore_ont_12776.owl	455	ok	match	true	production_all	0.1269	24.91	1011b397da7782301d7d78f451591889f3eaeadcef47f4a1a7a5352b2c123666	25a9dfe3607834ad90d624672276aede57eaf02784efa544063dd4489337adab		49843579
ore_ont_12802.owl	456	ok	match	true	production_all	0.4225	50.46	1011b397da7782301d7d78f451591889f3eaeadcef47f4a1a7a5352b2c123666	25a9dfe3607834ad90d624672276aede57eaf02784efa544063dd4489337adab		49843583
ore_ont_12831.owl	457	ok	match	true	production_all	0.0409	9.38	1011b397da7782301d7d78f451591889f3eaeadcef47f4a1a7a5352b2c123666	38a2ba76b4a11fd01f59b97df9cd3d93fc54a9094e1cc87d511aca66989ac102		49843584
ore_ont_12906.owl	458	ok	match	true	production_all	0.0392	6.56	1011b397da7782301d7d78f451591889f3eaeadcef47f4a1a7a5352b2c123666	ccdfc6d626940ef30a9115eff4872649ebcdaae60e4ff9e1d922d38485fb44ad		49843585
ore_ont_13000.owl	459	ok	match	true	production_all	0.4202	49.72	1011b397da7782301d7d78f451591889f3eaeadcef47f4a1a7a5352b2c123666	a2c9fd27be406668497189b64f1f673b22ea55c2266d5417991166ab3fdc6685		49843586
ore_ont_13035.owl	460	ok	match	true	nominals	0.102	86.86	1011b397da7782301d7d78f451591889f3eaeadcef47f4a1a7a5352b2c123666	26f70e0efde86c6b42ee15c2ddfa83b64a9c6e57fdaf6444414c5f486f355b1c		49843589
ore_ont_13053.owl	461	ok	match	true	production_all	0.0421	7.5	1011b397da7782301d7d78f451591889f3eaeadcef47f4a1a7a5352b2c123666	8be7de1da407a2951e7d7cd0e99a349f1fefcf747161b09d042d33f84aa7ddd7		49843590
ore_ont_13066.owl	462	ok	match	true	production_all	0.0399	7.87	1011b397da7782301d7d78f451591889f3eaeadcef47f4a1a7a5352b2c123666	25a9dfe3607834ad90d624672276aede57eaf02784efa544063dd4489337adab		49843591
ore_ont_13071.owl	463	ok	match	true	production_all	1.5186	431.23	1011b397da7782301d7d78f451591889f3eaeadcef47f4a1a7a5352b2c123666	a198a99650a9b25c5cb6bd92be339eb7987b3e74b77bf4e39cba8bce54ac2fb1		49843592
ore_ont_13113.owl	464	ok	match	true	nominals	0.1866	48.03	1011b397da7782301d7d78f451591889f3eaeadcef47f4a1a7a5352b2c123666	1bb468cee8017811a155e6f28b61dc9724fb6fd28fbf7f7f557d9bb79d9f8d52		49843594
ore_ont_13132.owl	465	ok	match	true	nominals	0.1013	75.66	1011b397da7782301d7d78f451591889f3eaeadcef47f4a1a7a5352b2c123666	e13d65dbb5d532c7e775e0356509fb42a69836b7037bb39ba5f07d267d7c0f72		49843600
ore_ont_13141.owl	466	ok	match	true	production_all	0.1601	23.52	1011b397da7782301d7d78f451591889f3eaeadcef47f4a1a7a5352b2c123666	02bedd319c20f293b81cf4c0848009629bdda90e5ca659cfbfeb58bb865f145a		49843602
ore_ont_13204.owl	467	ok	match	true	production_all	0.0407	6.56	1011b397da7782301d7d78f451591889f3eaeadcef47f4a1a7a5352b2c123666	1c55999654f057fe0eb6fae17bf2b3b0f5598cc5237eb0b2ca0af50a9d673748		49843603
ore_ont_13224.owl	468	ok	match	true	production_all	14.3176	2848.6	1011b397da7782301d7d78f451591889f3eaeadcef47f4a1a7a5352b2c123666	a770e5429a6fea4919ca768a672493adacfbe951d6826e06878f1deed93a2545		49843604
ore_ont_13234.owl	469	ok	match	true	production_all	0.041	7.81	1011b397da7782301d7d78f451591889f3eaeadcef47f4a1a7a5352b2c123666	ce0bd8d2bc45f2722c2a72a77559605eeba16b4f38c7df36e978aa1f5c6231a5		49843605
ore_ont_13243.owl	470	ok	match	true	production_all	3.8013	847.93	1011b397da7782301d7d78f451591889f3eaeadcef47f4a1a7a5352b2c123666	522456978803f2cd7797cc242cd5f366fe650452fe3a2511f22e95da21dfd3ee		49843606
ore_ont_13277.owl	471	ok	match	true	production_all	0.0412	9.2	1011b397da7782301d7d78f451591889f3eaeadcef47f4a1a7a5352b2c123666	65c860516d3ce897e28e1ef7373215a1c131cbf859a877bac5b445beb160e9ac		49843607
ore_ont_13301.owl	472	ok	match	true	production_all	0.0412	10.94	1011b397da7782301d7d78f451591889f3eaeadcef47f4a1a7a5352b2c123666	af1f58fdf3560dbb4ee8f7d0f4f112479ef6073b2ae57b79030d0cf470864343		49843608
ore_ont_13355.owl	473	ok	match	true	production_all	20.1374	2895.32	1011b397da7782301d7d78f451591889f3eaeadcef47f4a1a7a5352b2c123666	7a44b3849b6013155767d75119c927d95918dc51e00102349321e8ff49a4b7fc		49843615
ore_ont_13383.owl	474	ok	match	true	nominals	0.1018	42.26	1011b397da7782301d7d78f451591889f3eaeadcef47f4a1a7a5352b2c123666	44f33d580b81ffff9b7d87a2b0f1cde4fb6cf3fe7dcc51ab7b120da5c25652a8		49843625
ore_ont_13392.owl	475	ok	match	true	production_all	0.0404	8.11	1011b397da7782301d7d78f451591889f3eaeadcef47f4a1a7a5352b2c123666	730c48986817f508c95e2a47c17ac5abb52fc24d2a7c7d08c8d9a5f89759cfd6		49843626
ore_ont_13429.owl	476	ok	match	true	production_all	0.0419	6.56	1011b397da7782301d7d78f451591889f3eaeadcef47f4a1a7a5352b2c123666	febfdbf4ffd72b5377678ddc84ec0f53e3ea83c6d463001bb59b1494d64f02e8		49843627
ore_ont_13444.owl	477	ok	match	true	production_all	0.164	97.2	1011b397da7782301d7d78f451591889f3eaeadcef47f4a1a7a5352b2c123666	247c4ac30df7d55beb16fc23b0943bd2b6d2bc62e449e40d830370fd846d769a		49843629
ore_ont_13482.owl	478	ok	match	true	production_all	73.6844	7462.51	1011b397da7782301d7d78f451591889f3eaeadcef47f4a1a7a5352b2c123666	25a9dfe3607834ad90d624672276aede57eaf02784efa544063dd4489337adab		49843631
ore_ont_13503.owl	479	ok	match	true	production_all	0.0395	8.37	1011b397da7782301d7d78f451591889f3eaeadcef47f4a1a7a5352b2c123666	1b8fdf730b9cdce8afed1c69c13e782c6c2dde70c42e5f1d2273dcbdb6b1282b	same_job_fulliri_identity_to_konclude	49843632
ore_ont_13530.owl	480	ok	match	true	production_all	0.0394	6.56	1011b397da7782301d7d78f451591889f3eaeadcef47f4a1a7a5352b2c123666	6e5b1361a86c93ec1ceeb5272edbfa2c089f06651d99c6e5ffd32a8cb585ddc6		49843634
ore_ont_13578.owl	481	ok	match	true	production_all	0.0684	13.75	1011b397da7782301d7d78f451591889f3eaeadcef47f4a1a7a5352b2c123666	c0a7387438bc9b5659506006706666a5540c33373ad4f8f0fe9a89e9922a00d9		49843637
ore_ont_13621.owl	482	ok	match	true	nominals	3.1628	1606.24	1011b397da7782301d7d78f451591889f3eaeadcef47f4a1a7a5352b2c123666	f61f9526d186c0af485ce724f10c3e6c794c2bd876f564e8e04b5c195f1806a0		49843638
ore_ont_13643.owl	483	ok	match	true	production_all	0.0401	6.88	1011b397da7782301d7d78f451591889f3eaeadcef47f4a1a7a5352b2c123666	e6a28db50f029843a0a2b347a35bc6d99ef168c042af0b6aaffcf04524def1bc		49843645
ore_ont_13664.owl	484	ok	match	true	production_all	1.4131	321.96	1011b397da7782301d7d78f451591889f3eaeadcef47f4a1a7a5352b2c123666	c46e20fd5257acb674d22a52a7e7d5e9f96e94749f0b0c949f3c445076616481		49843646
ore_ont_13752.owl	485	ok	match	true	production_all	0.7987	235.92	1011b397da7782301d7d78f451591889f3eaeadcef47f4a1a7a5352b2c123666	c9457601ea869b5d7998f65f9653efb7bf953e9b82fec67f27113a36208f993f		49843651
ore_ont_13755.owl	486	ok	match	true	production_all	0.1878	25.3	1011b397da7782301d7d78f451591889f3eaeadcef47f4a1a7a5352b2c123666	6b1945e00a8cb4bdfc5e2e33e163d8de34c7ab1d0dc1d2517212df3700e3805b		49843652
ore_ont_13759.owl	487	ok	match	true	production_all	0.0408	9.88	1011b397da7782301d7d78f451591889f3eaeadcef47f4a1a7a5352b2c123666	c1944627d8fb4d69c4ec0b6c27c93ad55072e6ab9a4241a356adafe482892657		49843653
ore_ont_13762.owl	488	ok	match	true	nominals	0.2509	182.21	1011b397da7782301d7d78f451591889f3eaeadcef47f4a1a7a5352b2c123666	834d5a60982e1e532564cb200cbfe49dde2ef31b8a7d6cc1e9e09cd08fb7dd61		49843654
ore_ont_13772.owl	489	ok	match	true	production_all	0.0697	8.44	1011b397da7782301d7d78f451591889f3eaeadcef47f4a1a7a5352b2c123666	25a9dfe3607834ad90d624672276aede57eaf02784efa544063dd4489337adab		49843655
ore_ont_13840.owl	490	ok	match	true	production_all	0.2164	33.22	1011b397da7782301d7d78f451591889f3eaeadcef47f4a1a7a5352b2c123666	1a76bc2eead4ab2c64afae2e732b4a5ef9f37155917439b00c9518c686bff41c		49843656
ore_ont_13852.owl	491	ok	match	true	production_all	0.297	38.14	1011b397da7782301d7d78f451591889f3eaeadcef47f4a1a7a5352b2c123666	2e3d43d2ccdef95965bb116db6a147ac1c9436689d91642fdc0a0ae516665943		49843657
ore_ont_13887.owl	492	ok	match	true	production_all	0.0702	10.16	1011b397da7782301d7d78f451591889f3eaeadcef47f4a1a7a5352b2c123666	7d50171db15ecaab15bff2a8f8cd738024aa3139b61332e80c2e122a182ecc3e		49843658
ore_ont_13902.owl	493	ok	match	true	production_all	2.3272	641.53	1011b397da7782301d7d78f451591889f3eaeadcef47f4a1a7a5352b2c123666	25a9dfe3607834ad90d624672276aede57eaf02784efa544063dd4489337adab		49843660
ore_ont_13912.owl	494	ok	match	true	nominals	0.0406	7.5	1011b397da7782301d7d78f451591889f3eaeadcef47f4a1a7a5352b2c123666	3c48c283d1292f55fe67383942d35be768499f1f96e83f0adf812c000ac3b9dd		49843662
ore_ont_13964.owl	495	ok	match	true	production_all	1.3149	384.58	1011b397da7782301d7d78f451591889f3eaeadcef47f4a1a7a5352b2c123666	25a9dfe3607834ad90d624672276aede57eaf02784efa544063dd4489337adab		49843663
ore_ont_13969.owl	496	ok	match	true	production_all	9.3235	1357.22	1011b397da7782301d7d78f451591889f3eaeadcef47f4a1a7a5352b2c123666	df5204236b942809dc9fff216bc1a3ccf523cc361d1cb9ca2a12b36456249647		49843666
ore_ont_14027.owl	497	ok	match	true	production_all	0.2411	37.83	1011b397da7782301d7d78f451591889f3eaeadcef47f4a1a7a5352b2c123666	e89ac3a69a1ca7c8e4b2c50fffb92e958ce6cfa6aedbd9a5f449895c592d5e48		49843667
ore_ont_14031.owl	498	ok	match	true	production_all	0.0966	18.68	1011b397da7782301d7d78f451591889f3eaeadcef47f4a1a7a5352b2c123666	41ecf9621a1cc6d1dda13476959ce98ef12d1f97090b407e8a0b5b4d2d35d1dd		49843668
ore_ont_14042.owl	499	ok	match	true	production_all	40.6017	3767.88	1011b397da7782301d7d78f451591889f3eaeadcef47f4a1a7a5352b2c123666	5f730ffc22a0828f94eb0bcfe5c366774eb965dcb577c9b64e14c9552f2e86e9		49843670
ore_ont_14123.owl	500	ok	match	true	production_all	0.0691	12.73	1011b397da7782301d7d78f451591889f3eaeadcef47f4a1a7a5352b2c123666	8b7f9bcf47a17d494df882683f019686ed295e909c0d80b7e4bcb0a306b16245		49843671
ore_ont_14153.owl	501	ok	match	true	production_all	0.1309	39.09	1011b397da7782301d7d78f451591889f3eaeadcef47f4a1a7a5352b2c123666	11b062554512b7dc5030652d6359a4637466330cb93b1acbbe25eb81e28b7efc		49843672
ore_ont_14194.owl	502	ok	match	true	nominals	2.8508	1609.25	1011b397da7782301d7d78f451591889f3eaeadcef47f4a1a7a5352b2c123666	c134da9d8e936c4f86bdfba991620153f1a4e471154011b9e333b0324ac35da5		49843680
ore_ont_14216.owl	503	ok	match	true	production_all	18.9289	3717.55	1011b397da7782301d7d78f451591889f3eaeadcef47f4a1a7a5352b2c123666	25a9dfe3607834ad90d624672276aede57eaf02784efa544063dd4489337adab		49843681
ore_ont_14273.owl	504	ok	match	true	production_all	0.041	7.5	1011b397da7782301d7d78f451591889f3eaeadcef47f4a1a7a5352b2c123666	25a9dfe3607834ad90d624672276aede57eaf02784efa544063dd4489337adab		49843682
ore_ont_14280.owl	505	ok	match	true	production_all	0.4485	44.6	1011b397da7782301d7d78f451591889f3eaeadcef47f4a1a7a5352b2c123666	dcc934c8bc158452fb1f4d5590d9555e693e5417a6b0cf76f28a01fde9f4385a		49843683
ore_ont_14312.owl	506	ok	match	true	production_all	3.0998	668.95	1011b397da7782301d7d78f451591889f3eaeadcef47f4a1a7a5352b2c123666	13aed4f22b7932a454821bd5bd3c1d9354fc69f7586b2bf3b2cb445a461a59b3		49843705
ore_ont_14327.owl	507	ok	match	true	production_all	0.0401	6.88	1011b397da7782301d7d78f451591889f3eaeadcef47f4a1a7a5352b2c123666	70171f4a81f01a33cbc8852ca47a0155893039a6f390b7a5780a71655b53800e		49843706
ore_ont_14375.owl	508	ok	match	true	production_all	0.9255	221.6	1011b397da7782301d7d78f451591889f3eaeadcef47f4a1a7a5352b2c123666	2829f8183f13c0ca7bea6def45b269984c62055471f3a226dbbb625743470655		49843712
ore_ont_14450.owl	509	ok	match	true	production_all	0.191	60.38	1011b397da7782301d7d78f451591889f3eaeadcef47f4a1a7a5352b2c123666	d0c67792f15f1d3adee5ff277de2c7511d08474189203320bab5c30dafe21fcc		49843716
ore_ont_14459.owl	510	ok	match	true	production_all	46.9608	4677.77	1011b397da7782301d7d78f451591889f3eaeadcef47f4a1a7a5352b2c123666	cd04b420623e015a2c262189ae87da5f5712179d720dbc20e6ea4609e7615f41		49843717
ore_ont_14499.owl	511	ok	match	true	production_all	0.1907	30.54	1011b397da7782301d7d78f451591889f3eaeadcef47f4a1a7a5352b2c123666	ac49106e1451d9853d2cb9d7a85693b96e5379e58a9cbe8d8dd6b8786b979d2a		49843718
ore_ont_14508.owl	512	ok	match	true	production_all	1.2276	268.18	1011b397da7782301d7d78f451591889f3eaeadcef47f4a1a7a5352b2c123666	25a9dfe3607834ad90d624672276aede57eaf02784efa544063dd4489337adab		49843727
ore_ont_14518.owl	513	ok	match	true	production_all	0.0395	7.5	1011b397da7782301d7d78f451591889f3eaeadcef47f4a1a7a5352b2c123666	3b4f8d3811e4bc8dd83d2498f6d1f68ddddde4834c99449996bbbe92ebfba5ec		49843728
ore_ont_14543.owl	514	ok	match	true	production_all	6.0369	977.46	1011b397da7782301d7d78f451591889f3eaeadcef47f4a1a7a5352b2c123666	3d69cceb509ef6af3ff22cd2eea4b2d20cf4a261c48c0f2e4ea786582fa9b4f6		49843733
ore_ont_14574.owl	515	ok	match	true	production_all	0.2185	30.79	1011b397da7782301d7d78f451591889f3eaeadcef47f4a1a7a5352b2c123666	493d5b8d2bad1ba4b0a417ba87c4b0cdb31b917cac6c8c521b50eccf50dcb35f		49843739
ore_ont_14587.owl	516	ok	match	true	production_all	0.3059	52.76	1011b397da7782301d7d78f451591889f3eaeadcef47f4a1a7a5352b2c123666	430efd311cd4e4530c704f7a881a2634d8ba24a2d2eb44f99858bfa90650c8c4		49843740
ore_ont_14607.owl	517	ok	match	true	production_all	6.9736	1682.61	1011b397da7782301d7d78f451591889f3eaeadcef47f4a1a7a5352b2c123666	25a9dfe3607834ad90d624672276aede57eaf02784efa544063dd4489337adab		49843747
ore_ont_14817.owl	518	ok	match	true	production_all	100.5334	5919.27	1011b397da7782301d7d78f451591889f3eaeadcef47f4a1a7a5352b2c123666	3c43822a005baa536d47079eac973ab6247dd54adace4643ac119bc74757445d		49843748
ore_ont_14826.owl	519	ok	match	true	production_all	0.0401	7.81	1011b397da7782301d7d78f451591889f3eaeadcef47f4a1a7a5352b2c123666	0d117ce09c0ab3b0861b3c524719fe2a4f3143a0fc90124355a18e12028726b3		49843752
ore_ont_14840.owl	520	ok	match	true	production_all	0.0701	11.5	1011b397da7782301d7d78f451591889f3eaeadcef47f4a1a7a5352b2c123666	11b062554512b7dc5030652d6359a4637466330cb93b1acbbe25eb81e28b7efc		49843756
ore_ont_14848.owl	521	ok	match	true	production_all	0.0686	8.75	1011b397da7782301d7d78f451591889f3eaeadcef47f4a1a7a5352b2c123666	35ad616fd48312b83ed0327765383c7b7087019ec32aa6778e7b85eed5448fb2		49843760
ore_ont_14896.owl	522	ok	match	true	nominal_ni_abox	1.1937	584.36	1011b397da7782301d7d78f451591889f3eaeadcef47f4a1a7a5352b2c123666	6d9285aae0ab89479bc2db0d99b396d87044ea4f1baa33c4edc5fc5410681760		49843761
ore_ont_14901.owl	523	ok	match	true	production_all	0.0406	9.06	1011b397da7782301d7d78f451591889f3eaeadcef47f4a1a7a5352b2c123666	a6209a6c16fcc7a056b4afd3a9a3d62114a67dfd76f674aac2f616d7cc0276df		49843762
ore_ont_14926.owl	524	ok	match	true	production_all	0.0409	6.88	1011b397da7782301d7d78f451591889f3eaeadcef47f4a1a7a5352b2c123666	77665b11fb7d2370101eb7b65e132de7967c9239a51a1eb0bb9769f5c6e0b389		49843763
ore_ont_14934.owl	525	ok	match	true	production_all	2.5349	625.03	1011b397da7782301d7d78f451591889f3eaeadcef47f4a1a7a5352b2c123666	67f8b56d7977547b096eb1abae5ff30988653d703a4e8c27f8d543b13e3f6b3c		49843768
ore_ont_15059.owl	526	ok	match	true	production_all	63.0016	9796.24	1011b397da7782301d7d78f451591889f3eaeadcef47f4a1a7a5352b2c123666	25a9dfe3607834ad90d624672276aede57eaf02784efa544063dd4489337adab		49843774
ore_ont_15068.owl	527	ok	match	true	production_all	0.0408	6.88	1011b397da7782301d7d78f451591889f3eaeadcef47f4a1a7a5352b2c123666	e60aee98e44662ce73579fe6f10aaf0c4197f6297c8c7a2dc96229a68000cec5		49843775
ore_ont_15098.owl	528	ok	match	true	production_all	0.1532	32.25	1011b397da7782301d7d78f451591889f3eaeadcef47f4a1a7a5352b2c123666	97c1355b707518660b4d88edeaafbedba4ed48ded26a8a6750b5b9dbbdc0c0d3		49843776
ore_ont_15099.owl	529	ok	match	true	production_all	1.3214	307.31	1011b397da7782301d7d78f451591889f3eaeadcef47f4a1a7a5352b2c123666	25a9dfe3607834ad90d624672276aede57eaf02784efa544063dd4489337adab		49843780
ore_ont_15145.owl	530	ok	match	true	production_all	0.039	6.56	1011b397da7782301d7d78f451591889f3eaeadcef47f4a1a7a5352b2c123666	d35d49ee77e0944bb615970957f86b0e59c29c32cb004f5b780cad04a884d820		49843781
ore_ont_15152.owl	531	ok	match	true	production_all	0.2433	35.3	1011b397da7782301d7d78f451591889f3eaeadcef47f4a1a7a5352b2c123666	2e77cd8b86b16a814046b32b0f6aac24408a4720f8c85b5e70064714d044ab4e		49843783
ore_ont_15172.owl	532	ok	match	true	production_all	4.4995	860.51	1011b397da7782301d7d78f451591889f3eaeadcef47f4a1a7a5352b2c123666	cfe1d126a72a80da87f532b5b612cb038a9842ba2da3b976a42210dd64dc309f		49843786
ore_ont_15178.owl	533	ok	match	true	production_all	0.5913	66.09	1011b397da7782301d7d78f451591889f3eaeadcef47f4a1a7a5352b2c123666	25a9dfe3607834ad90d624672276aede57eaf02784efa544063dd4489337adab		49843787
ore_ont_15222.owl	534	ok	match	true	production_all	0.1229	25.06	1011b397da7782301d7d78f451591889f3eaeadcef47f4a1a7a5352b2c123666	5c6f359604affee99507cdd750dbbfc794e267be366dbb2e28d23195585173fc		49843788
ore_ont_15231.owl	535	ok	match	true	production_all	0.0389	9.06	1011b397da7782301d7d78f451591889f3eaeadcef47f4a1a7a5352b2c123666	759bbfe0aa99baef0b44c0a355a8bdb04c1e1567df8276657a8f110eaa63b0da		49843794
ore_ont_15260.owl	536	ok	match	true	production_all	0.496	55.79	1011b397da7782301d7d78f451591889f3eaeadcef47f4a1a7a5352b2c123666	aff02089bd790afb61c697a9cd6479412f059bcfc0280ebe620fbf4f9db6f74e		49843795
ore_ont_15280.owl	537	ok	match	true	production_all	63.7895	7174.52	1011b397da7782301d7d78f451591889f3eaeadcef47f4a1a7a5352b2c123666	25a9dfe3607834ad90d624672276aede57eaf02784efa544063dd4489337adab		49843796
ore_ont_15288.owl	538	ok	match	true	nominals	0.099	23.97	1011b397da7782301d7d78f451591889f3eaeadcef47f4a1a7a5352b2c123666	3c48c283d1292f55fe67383942d35be768499f1f96e83f0adf812c000ac3b9dd		49843802
ore_ont_15292.owl	539	ok	match	true	production_all	0.0697	14.88	1011b397da7782301d7d78f451591889f3eaeadcef47f4a1a7a5352b2c123666	29a150755fb749ce18438b66bc2251caf3830ac42a72a55b5f9f80354d7d7a36		49843808
ore_ont_15341.owl	540	ok	match	true	production_all	0.2196	34.25	1011b397da7782301d7d78f451591889f3eaeadcef47f4a1a7a5352b2c123666	1a76bc2eead4ab2c64afae2e732b4a5ef9f37155917439b00c9518c686bff41c		49843809
ore_ont_15388.owl	541	ok	match	true	production_all	3.6164	656.46	1011b397da7782301d7d78f451591889f3eaeadcef47f4a1a7a5352b2c123666	758db59f0d87ce5cce6675d9c29e821c914f18a5c6441c409b4e99b59fda8a32		49843814
ore_ont_15397.owl	542	ok	match	true	production_all	0.0393	9.69	1011b397da7782301d7d78f451591889f3eaeadcef47f4a1a7a5352b2c123666	d9e64c782f6e64d0320ccc7d671e028934cbea67e33feb8d416ea7ff796713cd		49843815
ore_ont_15399.owl	543	ok	match	true	production_all	0.0404	7.19	1011b397da7782301d7d78f451591889f3eaeadcef47f4a1a7a5352b2c123666	efda811e1d6e9ea5f0db4e624fb6396525b8b8062b2425db6e4d09050f5b1c17		49843816
ore_ont_15461.owl	544	ok	match	true	certified_nominals	0.0397	13.37	1011b397da7782301d7d78f451591889f3eaeadcef47f4a1a7a5352b2c123666	ee5f8cc3794b0475358c736d5f6fd8de147908ad3b71ce2191a8db616177f5ec		49843820
ore_ont_15491.owl	545	ok	match	true	production_all	1.7292	759.91	1011b397da7782301d7d78f451591889f3eaeadcef47f4a1a7a5352b2c123666	97a59d7571fc801275294d5b4946c729e77ce8827ae172f37860dd37c725b499		49843823
ore_ont_15516.owl	546	ok	consistency_mismatch	false	ht_rules	0.1596	24.37	1011b397da7782301d7d78f451591889f3eaeadcef47f4a1a7a5352b2c123666	3c48c283d1292f55fe67383942d35be768499f1f96e83f0adf812c000ac3b9dd		49843831
ore_ont_15536.owl	547	ok	match	true	production_all	1.1721	402.3	1011b397da7782301d7d78f451591889f3eaeadcef47f4a1a7a5352b2c123666	e1fbeb7aeb67310ff49d0f3581a15226962810239795d8c96bfc061bc5fb9f8d		49843833
ore_ont_15576.owl	548	ok	match	true	production_all	0.041	6.88	1011b397da7782301d7d78f451591889f3eaeadcef47f4a1a7a5352b2c123666	695d45a2b96d972126076a53cdec4cb9ad18c89b74acb7d7a37b2f4dc6d86945		49843834
ore_ont_15615.owl	549	ok	match	true	nominals	0.6631	312.99	1011b397da7782301d7d78f451591889f3eaeadcef47f4a1a7a5352b2c123666	838b8129e87b7cee048f7a2d220cbba48c95cc9e8202758908e2abe4d31270c0		49843835
ore_ont_15672.owl	550	ok	match	true	certified_nominals	0.1806	41.67	1011b397da7782301d7d78f451591889f3eaeadcef47f4a1a7a5352b2c123666	ac6f352d8affdb9102cfb99509c6f3684aa1b181c29845ac98780d1b07e3b131		49843838
ore_ont_15696.owl	551	ok	match	true	production_all	6.3219	1037.08	1011b397da7782301d7d78f451591889f3eaeadcef47f4a1a7a5352b2c123666	c970dcfadfa3044c7e64c2d304534d117c73227fe514292dc5714b298b8b3ea7		49843839
ore_ont_15703.owl	552	ok	match	true	production_all	32.1478	4363.21	1011b397da7782301d7d78f451591889f3eaeadcef47f4a1a7a5352b2c123666	090129a7fbaa14652ada3408dd1f160e7dd4a09a3502cc3323d8dad734e8893a	same_job_fulliri_identity_to_konclude	49843842
ore_ont_15725.owl	553	ok	match	true	production_all	2.7007	531.22	1011b397da7782301d7d78f451591889f3eaeadcef47f4a1a7a5352b2c123666	42436eeb45b30ea78e04c949ee44ed2b01fd517c889e603da4aa5afe491dbba3		49843843
ore_ont_15790.owl	554	ok	match	true	production_all	0.8606	223.68	1011b397da7782301d7d78f451591889f3eaeadcef47f4a1a7a5352b2c123666	a98baf2805a78f76f0ada62cba4ff6ba0f2074ab456c1358f173d00b9cdcf687		49843844
ore_ont_15791.owl	555	ok	match	true	production_all	0.634	182.26	1011b397da7782301d7d78f451591889f3eaeadcef47f4a1a7a5352b2c123666	400f7d33417064a47481356d944fc2a18d4464daaccc300744d15445d18267a9		49843851
ore_ont_15793.owl	556	ok	match	true	production_all	0.448	54.91	1011b397da7782301d7d78f451591889f3eaeadcef47f4a1a7a5352b2c123666	25a9dfe3607834ad90d624672276aede57eaf02784efa544063dd4489337adab		49843852
ore_ont_15803.owl	557	ok	match	true	production_all	32.1978	2598.27	1011b397da7782301d7d78f451591889f3eaeadcef47f4a1a7a5352b2c123666	b2a4da940996565b8ddac8c21ce38392192c271087965a80ba09c8826f2ee654		49843853
ore_ont_15846.owl	558	ok	match	true	certified_nominals	197.8516	18944.27	1011b397da7782301d7d78f451591889f3eaeadcef47f4a1a7a5352b2c123666	ac1340ed5caad4831da799f8842d2893e8d9f310dce3d084390affed2072a4a6		49843870
ore_ont_15860.owl	559	ok	match	true	production_all	0.0989	19.17	1011b397da7782301d7d78f451591889f3eaeadcef47f4a1a7a5352b2c123666	c173c953ba6ebb32391cc93132739e108a31bcfc0eecb2b364122804641facc1		49843871
ore_ont_15882.owl	560	ok	match	true	production_all	0.0403	7.19	1011b397da7782301d7d78f451591889f3eaeadcef47f4a1a7a5352b2c123666	46a256fa20fee1a424bd74f6c769b7069c857a56526bebf219f8a1ea5970d413		49843886
ore_ont_15917.owl	561	ok	match	true	production_all	0.2187	34.13	1011b397da7782301d7d78f451591889f3eaeadcef47f4a1a7a5352b2c123666	b18821800ab66df564954fe1f8f0215e5a18ab26bb84b658dad00ecef50d8d43		49843891
ore_ont_15929.owl	562	ok	match	true	production_all	6.991	1353.02	1011b397da7782301d7d78f451591889f3eaeadcef47f4a1a7a5352b2c123666	f0c432fee3845eb4ee0944c812ab0cadbbb8b96ea3184fcfff116504553d20e6		49843919
ore_ont_15932.owl	563	ok	match	true	production_all	0.1603	28.13	1011b397da7782301d7d78f451591889f3eaeadcef47f4a1a7a5352b2c123666	25a9dfe3607834ad90d624672276aede57eaf02784efa544063dd4489337adab		49843923
ore_ont_15944.owl	564	ok	match	true	production_all	0.1848	29.6	1011b397da7782301d7d78f451591889f3eaeadcef47f4a1a7a5352b2c123666	a89fcaec0acf48929b811ad17b0a59dae35e6000e3da2a3eb5a38face70b89f0		49843949
ore_ont_15950.owl	565	ok	match	true	production_all	0.0709	13.01	1011b397da7782301d7d78f451591889f3eaeadcef47f4a1a7a5352b2c123666	d15b70278a4cfa2cbedf2764cb9add0f0a8634cfe957ddc2861c637639bcbf80		49843953
ore_ont_15968.owl	566	ok	match	true	production_all	0.1285	19.29	1011b397da7782301d7d78f451591889f3eaeadcef47f4a1a7a5352b2c123666	6db6d583cbef219dfd43cf09b0d4d10c48a2e452b5fa3a3192d1e43164b71ad8		49843968
ore_ont_15976.owl	567	ok	match	true	production_all	12.7484	2513.35	1011b397da7782301d7d78f451591889f3eaeadcef47f4a1a7a5352b2c123666	51a1a9f58e3876db3d650ffc837f1b17a593f96e8186123ad3a7be4ebae90ce2		49843970
ore_ont_15985.owl	568	ok	match	true	production_all	0.0406	10.0	1011b397da7782301d7d78f451591889f3eaeadcef47f4a1a7a5352b2c123666	ca24600a6333d4f0b50ddb653421567ea0b628924690df4d658227e0b57116ca		49843971
ore_ont_16008.owl	569	ok	match	true	production_all	39.8035	4157.27	1011b397da7782301d7d78f451591889f3eaeadcef47f4a1a7a5352b2c123666	a63271e4eaa00aee100894f5b327640ee71188051dabf76b2db3966ee97c7300		49843972
ore_ont_16076.owl	570	ok	match	true	production_all	0.0406	6.56	1011b397da7782301d7d78f451591889f3eaeadcef47f4a1a7a5352b2c123666	f5bc89bf3be32e4581fd4c79c458b48416e36f89c736035abe746f5a9a8f202b		49843977
ore_ont_16114.owl	571	ok	match	true	production_all	0.3043	41.64	1011b397da7782301d7d78f451591889f3eaeadcef47f4a1a7a5352b2c123666	1ad425b38518f1b34809c5bac5e48a3852f6537a4b67a386e7738d65bbabfbd1		49843983
ore_ont_16167.owl	572	ok	match	true	production_all	0.041	7.19	1011b397da7782301d7d78f451591889f3eaeadcef47f4a1a7a5352b2c123666	b7265f5d9eb0fb65cc91f6a0c66536106a10cfb80bfd5e9a3089fc4912cc1685		49843984
ore_ont_16299.owl	573	ok	match	true	production_all	0.2194	33.63	1011b397da7782301d7d78f451591889f3eaeadcef47f4a1a7a5352b2c123666	79a3357bf88132434ab6f17359e8423fd8e267d9cd8f284a69f83811a81c5534		49843987
ore_ont_16303.owl	574	ok	match	true	nominals	5.3902	2373.19	1011b397da7782301d7d78f451591889f3eaeadcef47f4a1a7a5352b2c123666	34fe02a636bad19ca47c10bc915fa2e13b8985ab465f1950e8e9ac37e8c5cec4		49843988
ore_ont_16312.owl	575	ok	match	true	production_all	0.0416	9.69	1011b397da7782301d7d78f451591889f3eaeadcef47f4a1a7a5352b2c123666	211b0f09c916f799fa9e5d415686048201528f845fe8c51344875b641012c3bb		49843989
ore_ont_16351.owl	576	ok	match	true	production_all	0.0409	6.88	1011b397da7782301d7d78f451591889f3eaeadcef47f4a1a7a5352b2c123666	089285c14961a28c3295b6109e4770cd940be7585d1707cf11d856a9a3d8fbfb		49843990
ore_ont_16444.owl	577	ok	match	true	production_all	10.4042	1828.99	1011b397da7782301d7d78f451591889f3eaeadcef47f4a1a7a5352b2c123666	5109eb2f46fdb186066ec88a1337c6a825792132ceb7c8da24bf726151dc8266		49843991
ore_ont_16461.owl	578	ok	match	true	production_all	0.4183	23.77	1011b397da7782301d7d78f451591889f3eaeadcef47f4a1a7a5352b2c123666	0af6a1d628529a9a1d42c72379974169f6b2c6bcb60f707f8219c3729daff0ad		49843996
ore_ont_16462.owl	579	ok	match	true	nominals	12.0214	2391.54	1011b397da7782301d7d78f451591889f3eaeadcef47f4a1a7a5352b2c123666	9109e440a0fde12e5608bff89f0f251b2a2e18c60bc08c6f8e52778c3871d19b		49843997
ore_ont_16501.owl	580	ok	match	true	production_all	0.0411	8.44	1011b397da7782301d7d78f451591889f3eaeadcef47f4a1a7a5352b2c123666	1b5b8a3dfbee869f5bef037fc0ebcf0443e1c450ce39e644ac98a8bddb061619		49843998
ore_ont_16558.owl	581	ok	match	true	production_all	0.2187	29.92	1011b397da7782301d7d78f451591889f3eaeadcef47f4a1a7a5352b2c123666	a89fcaec0acf48929b811ad17b0a59dae35e6000e3da2a3eb5a38face70b89f0		49843999
ore_ont_16559.owl	582	ok	match	true	production_all	1.2884	362.91	1011b397da7782301d7d78f451591889f3eaeadcef47f4a1a7a5352b2c123666	25a9dfe3607834ad90d624672276aede57eaf02784efa544063dd4489337adab		49844000
ore_ont_16596.owl	583	ok	match	true	production_all	12.4334	2537.07	1011b397da7782301d7d78f451591889f3eaeadcef47f4a1a7a5352b2c123666	59fe2ee75b8ea859b8dadcc4715d8591b3f1b41c2880e673b3a24ec9613a267c		49844001
ore_ont_16619.owl	584	ok	match	true	production_all	0.7946	68.54	1011b397da7782301d7d78f451591889f3eaeadcef47f4a1a7a5352b2c123666	fb177a37c99251f771c426c2b969026f3a1e8efffc7fb30336b4543b014707e2		49844002
ore_ont_16626.owl	585	ok	match	true	production_all	0.0408	7.19	1011b397da7782301d7d78f451591889f3eaeadcef47f4a1a7a5352b2c123666	4c0fc61e706201f24a9b90a90645e46f89e292aebc1411ae5d428a2aeb00fc90		49844004
ore_ont_16684.owl	586	ok	match	true	production_all	1.6958	400.39	1011b397da7782301d7d78f451591889f3eaeadcef47f4a1a7a5352b2c123666	25a9dfe3607834ad90d624672276aede57eaf02784efa544063dd4489337adab		49844005
ore_ont_16687.owl	587	ok	match	true	production_all	1.2627	276.78	1011b397da7782301d7d78f451591889f3eaeadcef47f4a1a7a5352b2c123666	065e1e1457ce47b8ce09b524443d73adc155d2d40d1a6303dec535d74378c086		49844007
ore_ont_16730.owl	588	ok	match	true	production_all	0.0389	8.12	1011b397da7782301d7d78f451591889f3eaeadcef47f4a1a7a5352b2c123666	a387245df155c38805c9fb5860713f05c5747dcc66cb68aeed3f348cce01ed68		49844008
ore_ont_16744.owl	589	ok	match	true	production_all	94.6403	11612.71	1011b397da7782301d7d78f451591889f3eaeadcef47f4a1a7a5352b2c123666	25a9dfe3607834ad90d624672276aede57eaf02784efa544063dd4489337adab		49844012
ore_ont_16777.owl	590	ok	match	true	production_all	0.0714	8.12	1011b397da7782301d7d78f451591889f3eaeadcef47f4a1a7a5352b2c123666	25a9dfe3607834ad90d624672276aede57eaf02784efa544063dd4489337adab		49844013
ore_ont_16821.owl	591	ok	match	true	production_all	0.0409	8.44	1011b397da7782301d7d78f451591889f3eaeadcef47f4a1a7a5352b2c123666	1a2026b1f210fee29abcf425160d81ab1f0edef058aec0379f8dbf0b3bce7cc2		49841416
