M	schema	1
M	factory	uk.ac.manchester.cs.jfact.JFactFactory
M	reasoner	JFact
C	true
S	http://edesign.ecs.umass.edu/ontologies/Framework2.0/CircuitComponent2.0.owl#AND	http://edesign.ecs.umass.edu/ontologies/Framework2.0/CircuitComponent2.0.owl#Gates
S	http://edesign.ecs.umass.edu/ontologies/Framework2.0/CircuitComponent2.0.owl#AND	http://edesign.ecs.umass.edu/ontologies/Framework2.0/CircuitComponent2.0.owl#PCB_Components
S	http://edesign.ecs.umass.edu/ontologies/Framework2.0/CircuitComponent2.0.owl#AND	http://edesign.ecs.umass.edu/ontologies/Framework2.0/Component2.0.owl#Components
S	http://edesign.ecs.umass.edu/ontologies/Framework2.0/CircuitComponent2.0.owl#AND	http://edesign.ecs.umass.edu/ontologies/Framework2.0/Component2.0.owl#Off-The-Shelf
S	http://edesign.ecs.umass.edu/ontologies/Framework2.0/CircuitComponent2.0.owl#Capacitors	http://edesign.ecs.umass.edu/ontologies/Framework2.0/CircuitComponent2.0.owl#PCB_Components
S	http://edesign.ecs.umass.edu/ontologies/Framework2.0/CircuitComponent2.0.owl#Capacitors	http://edesign.ecs.umass.edu/ontologies/Framework2.0/Component2.0.owl#Components
S	http://edesign.ecs.umass.edu/ontologies/Framework2.0/CircuitComponent2.0.owl#Capacitors	http://edesign.ecs.umass.edu/ontologies/Framework2.0/Component2.0.owl#Off-The-Shelf
S	http://edesign.ecs.umass.edu/ontologies/Framework2.0/CircuitComponent2.0.owl#Current_Range	http://edesign.ecs.umass.edu/ontologies/Framework2.0/CircuitComponent2.0.owl#Operating_Specifications
S	http://edesign.ecs.umass.edu/ontologies/Framework2.0/CircuitComponent2.0.owl#Dimensions	http://edesign.ecs.umass.edu/ontologies/Framework2.0/CircuitComponent2.0.owl#Physical_Characteristics
S	http://edesign.ecs.umass.edu/ontologies/Framework2.0/CircuitComponent2.0.owl#Dimensions	http://edesign.ecs.umass.edu/ontologies/Framework2.0/CircuitComponent2.0.owl#Size
S	http://edesign.ecs.umass.edu/ontologies/Framework2.0/CircuitComponent2.0.owl#Frequency_Range	http://edesign.ecs.umass.edu/ontologies/Framework2.0/CircuitComponent2.0.owl#Operating_Specifications
S	http://edesign.ecs.umass.edu/ontologies/Framework2.0/CircuitComponent2.0.owl#Gates	http://edesign.ecs.umass.edu/ontologies/Framework2.0/CircuitComponent2.0.owl#PCB_Components
S	http://edesign.ecs.umass.edu/ontologies/Framework2.0/CircuitComponent2.0.owl#Gates	http://edesign.ecs.umass.edu/ontologies/Framework2.0/Component2.0.owl#Components
S	http://edesign.ecs.umass.edu/ontologies/Framework2.0/CircuitComponent2.0.owl#Gates	http://edesign.ecs.umass.edu/ontologies/Framework2.0/Component2.0.owl#Off-The-Shelf
S	http://edesign.ecs.umass.edu/ontologies/Framework2.0/CircuitComponent2.0.owl#Heatsinks	http://edesign.ecs.umass.edu/ontologies/Framework2.0/CircuitComponent2.0.owl#PCB_Components
S	http://edesign.ecs.umass.edu/ontologies/Framework2.0/CircuitComponent2.0.owl#Heatsinks	http://edesign.ecs.umass.edu/ontologies/Framework2.0/Component2.0.owl#Components
S	http://edesign.ecs.umass.edu/ontologies/Framework2.0/CircuitComponent2.0.owl#Heatsinks	http://edesign.ecs.umass.edu/ontologies/Framework2.0/Component2.0.owl#Off-The-Shelf
S	http://edesign.ecs.umass.edu/ontologies/Framework2.0/CircuitComponent2.0.owl#Height	http://edesign.ecs.umass.edu/ontologies/Framework2.0/CircuitComponent2.0.owl#Dimensions
S	http://edesign.ecs.umass.edu/ontologies/Framework2.0/CircuitComponent2.0.owl#Height	http://edesign.ecs.umass.edu/ontologies/Framework2.0/CircuitComponent2.0.owl#Physical_Characteristics
S	http://edesign.ecs.umass.edu/ontologies/Framework2.0/CircuitComponent2.0.owl#Height	http://edesign.ecs.umass.edu/ontologies/Framework2.0/CircuitComponent2.0.owl#Size
S	http://edesign.ecs.umass.edu/ontologies/Framework2.0/CircuitComponent2.0.owl#Length	http://edesign.ecs.umass.edu/ontologies/Framework2.0/CircuitComponent2.0.owl#Dimensions
S	http://edesign.ecs.umass.edu/ontologies/Framework2.0/CircuitComponent2.0.owl#Length	http://edesign.ecs.umass.edu/ontologies/Framework2.0/CircuitComponent2.0.owl#Physical_Characteristics
S	http://edesign.ecs.umass.edu/ontologies/Framework2.0/CircuitComponent2.0.owl#Length	http://edesign.ecs.umass.edu/ontologies/Framework2.0/CircuitComponent2.0.owl#Size
S	http://edesign.ecs.umass.edu/ontologies/Framework2.0/CircuitComponent2.0.owl#Multiplexers	http://edesign.ecs.umass.edu/ontologies/Framework2.0/CircuitComponent2.0.owl#PCB_Components
S	http://edesign.ecs.umass.edu/ontologies/Framework2.0/CircuitComponent2.0.owl#Multiplexers	http://edesign.ecs.umass.edu/ontologies/Framework2.0/Component2.0.owl#Components
S	http://edesign.ecs.umass.edu/ontologies/Framework2.0/CircuitComponent2.0.owl#Multiplexers	http://edesign.ecs.umass.edu/ontologies/Framework2.0/Component2.0.owl#Off-The-Shelf
S	http://edesign.ecs.umass.edu/ontologies/Framework2.0/CircuitComponent2.0.owl#NAND	http://edesign.ecs.umass.edu/ontologies/Framework2.0/CircuitComponent2.0.owl#Gates
S	http://edesign.ecs.umass.edu/ontologies/Framework2.0/CircuitComponent2.0.owl#NAND	http://edesign.ecs.umass.edu/ontologies/Framework2.0/CircuitComponent2.0.owl#PCB_Components
S	http://edesign.ecs.umass.edu/ontologies/Framework2.0/CircuitComponent2.0.owl#NAND	http://edesign.ecs.umass.edu/ontologies/Framework2.0/Component2.0.owl#Components
S	http://edesign.ecs.umass.edu/ontologies/Framework2.0/CircuitComponent2.0.owl#NAND	http://edesign.ecs.umass.edu/ontologies/Framework2.0/Component2.0.owl#Off-The-Shelf
S	http://edesign.ecs.umass.edu/ontologies/Framework2.0/CircuitComponent2.0.owl#NOR	http://edesign.ecs.umass.edu/ontologies/Framework2.0/CircuitComponent2.0.owl#Gates
S	http://edesign.ecs.umass.edu/ontologies/Framework2.0/CircuitComponent2.0.owl#NOR	http://edesign.ecs.umass.edu/ontologies/Framework2.0/CircuitComponent2.0.owl#PCB_Components
S	http://edesign.ecs.umass.edu/ontologies/Framework2.0/CircuitComponent2.0.owl#NOR	http://edesign.ecs.umass.edu/ontologies/Framework2.0/Component2.0.owl#Components
S	http://edesign.ecs.umass.edu/ontologies/Framework2.0/CircuitComponent2.0.owl#NOR	http://edesign.ecs.umass.edu/ontologies/Framework2.0/Component2.0.owl#Off-The-Shelf
S	http://edesign.ecs.umass.edu/ontologies/Framework2.0/CircuitComponent2.0.owl#PCB_Components	http://edesign.ecs.umass.edu/ontologies/Framework2.0/Component2.0.owl#Components
S	http://edesign.ecs.umass.edu/ontologies/Framework2.0/CircuitComponent2.0.owl#PCB_Components	http://edesign.ecs.umass.edu/ontologies/Framework2.0/Component2.0.owl#Off-The-Shelf
S	http://edesign.ecs.umass.edu/ontologies/Framework2.0/CircuitComponent2.0.owl#Power_Range	http://edesign.ecs.umass.edu/ontologies/Framework2.0/CircuitComponent2.0.owl#Operating_Specifications
S	http://edesign.ecs.umass.edu/ontologies/Framework2.0/CircuitComponent2.0.owl#Powersources	http://edesign.ecs.umass.edu/ontologies/Framework2.0/CircuitComponent2.0.owl#PCB_Components
S	http://edesign.ecs.umass.edu/ontologies/Framework2.0/CircuitComponent2.0.owl#Powersources	http://edesign.ecs.umass.edu/ontologies/Framework2.0/Component2.0.owl#Components
S	http://edesign.ecs.umass.edu/ontologies/Framework2.0/CircuitComponent2.0.owl#Powersources	http://edesign.ecs.umass.edu/ontologies/Framework2.0/Component2.0.owl#Off-The-Shelf
S	http://edesign.ecs.umass.edu/ontologies/Framework2.0/CircuitComponent2.0.owl#Processor_Chips	http://edesign.ecs.umass.edu/ontologies/Framework2.0/CircuitComponent2.0.owl#PCB_Components
S	http://edesign.ecs.umass.edu/ontologies/Framework2.0/CircuitComponent2.0.owl#Processor_Chips	http://edesign.ecs.umass.edu/ontologies/Framework2.0/Component2.0.owl#Components
S	http://edesign.ecs.umass.edu/ontologies/Framework2.0/CircuitComponent2.0.owl#Processor_Chips	http://edesign.ecs.umass.edu/ontologies/Framework2.0/Component2.0.owl#Off-The-Shelf
S	http://edesign.ecs.umass.edu/ontologies/Framework2.0/CircuitComponent2.0.owl#Regulators	http://edesign.ecs.umass.edu/ontologies/Framework2.0/CircuitComponent2.0.owl#PCB_Components
S	http://edesign.ecs.umass.edu/ontologies/Framework2.0/CircuitComponent2.0.owl#Regulators	http://edesign.ecs.umass.edu/ontologies/Framework2.0/Component2.0.owl#Components
S	http://edesign.ecs.umass.edu/ontologies/Framework2.0/CircuitComponent2.0.owl#Regulators	http://edesign.ecs.umass.edu/ontologies/Framework2.0/Component2.0.owl#Off-The-Shelf
S	http://edesign.ecs.umass.edu/ontologies/Framework2.0/CircuitComponent2.0.owl#Resistors	http://edesign.ecs.umass.edu/ontologies/Framework2.0/CircuitComponent2.0.owl#PCB_Components
S	http://edesign.ecs.umass.edu/ontologies/Framework2.0/CircuitComponent2.0.owl#Resistors	http://edesign.ecs.umass.edu/ontologies/Framework2.0/Component2.0.owl#Components
S	http://edesign.ecs.umass.edu/ontologies/Framework2.0/CircuitComponent2.0.owl#Resistors	http://edesign.ecs.umass.edu/ontologies/Framework2.0/Component2.0.owl#Off-The-Shelf
S	http://edesign.ecs.umass.edu/ontologies/Framework2.0/CircuitComponent2.0.owl#Sensors	http://edesign.ecs.umass.edu/ontologies/Framework2.0/CircuitComponent2.0.owl#PCB_Components
S	http://edesign.ecs.umass.edu/ontologies/Framework2.0/CircuitComponent2.0.owl#Sensors	http://edesign.ecs.umass.edu/ontologies/Framework2.0/Component2.0.owl#Components
S	http://edesign.ecs.umass.edu/ontologies/Framework2.0/CircuitComponent2.0.owl#Sensors	http://edesign.ecs.umass.edu/ontologies/Framework2.0/Component2.0.owl#Off-The-Shelf
S	http://edesign.ecs.umass.edu/ontologies/Framework2.0/CircuitComponent2.0.owl#Size	http://edesign.ecs.umass.edu/ontologies/Framework2.0/CircuitComponent2.0.owl#Physical_Characteristics
S	http://edesign.ecs.umass.edu/ontologies/Framework2.0/CircuitComponent2.0.owl#Size_Range	http://edesign.ecs.umass.edu/ontologies/Framework2.0/CircuitComponent2.0.owl#Operating_Specifications
S	http://edesign.ecs.umass.edu/ontologies/Framework2.0/CircuitComponent2.0.owl#Temperature_Range	http://edesign.ecs.umass.edu/ontologies/Framework2.0/CircuitComponent2.0.owl#Operating_Specifications
S	http://edesign.ecs.umass.edu/ontologies/Framework2.0/CircuitComponent2.0.owl#Transducers	http://edesign.ecs.umass.edu/ontologies/Framework2.0/CircuitComponent2.0.owl#PCB_Components
S	http://edesign.ecs.umass.edu/ontologies/Framework2.0/CircuitComponent2.0.owl#Transducers	http://edesign.ecs.umass.edu/ontologies/Framework2.0/Component2.0.owl#Components
S	http://edesign.ecs.umass.edu/ontologies/Framework2.0/CircuitComponent2.0.owl#Transducers	http://edesign.ecs.umass.edu/ontologies/Framework2.0/Component2.0.owl#Off-The-Shelf
S	http://edesign.ecs.umass.edu/ontologies/Framework2.0/CircuitComponent2.0.owl#Transformers	http://edesign.ecs.umass.edu/ontologies/Framework2.0/CircuitComponent2.0.owl#PCB_Components
S	http://edesign.ecs.umass.edu/ontologies/Framework2.0/CircuitComponent2.0.owl#Transformers	http://edesign.ecs.umass.edu/ontologies/Framework2.0/Component2.0.owl#Components
S	http://edesign.ecs.umass.edu/ontologies/Framework2.0/CircuitComponent2.0.owl#Transformers	http://edesign.ecs.umass.edu/ontologies/Framework2.0/Component2.0.owl#Off-The-Shelf
S	http://edesign.ecs.umass.edu/ontologies/Framework2.0/CircuitComponent2.0.owl#Transistors	http://edesign.ecs.umass.edu/ontologies/Framework2.0/CircuitComponent2.0.owl#PCB_Components
S	http://edesign.ecs.umass.edu/ontologies/Framework2.0/CircuitComponent2.0.owl#Transistors	http://edesign.ecs.umass.edu/ontologies/Framework2.0/Component2.0.owl#Components
S	http://edesign.ecs.umass.edu/ontologies/Framework2.0/CircuitComponent2.0.owl#Transistors	http://edesign.ecs.umass.edu/ontologies/Framework2.0/Component2.0.owl#Off-The-Shelf
S	http://edesign.ecs.umass.edu/ontologies/Framework2.0/CircuitComponent2.0.owl#Trimmers	http://edesign.ecs.umass.edu/ontologies/Framework2.0/CircuitComponent2.0.owl#PCB_Components
S	http://edesign.ecs.umass.edu/ontologies/Framework2.0/CircuitComponent2.0.owl#Trimmers	http://edesign.ecs.umass.edu/ontologies/Framework2.0/Component2.0.owl#Components
S	http://edesign.ecs.umass.edu/ontologies/Framework2.0/CircuitComponent2.0.owl#Trimmers	http://edesign.ecs.umass.edu/ontologies/Framework2.0/Component2.0.owl#Off-The-Shelf
S	http://edesign.ecs.umass.edu/ontologies/Framework2.0/CircuitComponent2.0.owl#Voltage_Range	http://edesign.ecs.umass.edu/ontologies/Framework2.0/CircuitComponent2.0.owl#Operating_Specifications
S	http://edesign.ecs.umass.edu/ontologies/Framework2.0/CircuitComponent2.0.owl#Weight	http://edesign.ecs.umass.edu/ontologies/Framework2.0/CircuitComponent2.0.owl#Physical_Characteristics
S	http://edesign.ecs.umass.edu/ontologies/Framework2.0/CircuitComponent2.0.owl#Width	http://edesign.ecs.umass.edu/ontologies/Framework2.0/CircuitComponent2.0.owl#Dimensions
S	http://edesign.ecs.umass.edu/ontologies/Framework2.0/CircuitComponent2.0.owl#Width	http://edesign.ecs.umass.edu/ontologies/Framework2.0/CircuitComponent2.0.owl#Physical_Characteristics
S	http://edesign.ecs.umass.edu/ontologies/Framework2.0/CircuitComponent2.0.owl#Width	http://edesign.ecs.umass.edu/ontologies/Framework2.0/CircuitComponent2.0.owl#Size
S	http://edesign.ecs.umass.edu/ontologies/Framework2.0/Component2.0.owl#Company_Developed	http://edesign.ecs.umass.edu/ontologies/Framework2.0/Component2.0.owl#Components
S	http://edesign.ecs.umass.edu/ontologies/Framework2.0/Component2.0.owl#Off-The-Shelf	http://edesign.ecs.umass.edu/ontologies/Framework2.0/Component2.0.owl#Components
S	http://edesign.ecs.umass.edu/ontologies/Framework2.0/Continuum_Mechanics2.0.owl#Beam_Theory	http://edesign.ecs.umass.edu/ontologies/Framework2.0/Continuum_Mechanics2.0.owl#Continuum_mechanics
S	http://edesign.ecs.umass.edu/ontologies/Framework2.0/Continuum_Mechanics2.0.owl#Beam_Theory	http://edesign.ecs.umass.edu/ontologies/Framework2.0/Continuum_Mechanics2.0.owl#Governing_Theorys
S	http://edesign.ecs.umass.edu/ontologies/Framework2.0/Continuum_Mechanics2.0.owl#Beam_Theory	http://edesign.ecs.umass.edu/ontologies/Framework2.0/Continuum_Mechanics2.0.owl#Physical_phenomenon
S	http://edesign.ecs.umass.edu/ontologies/Framework2.0/Continuum_Mechanics2.0.owl#Constitutive	http://edesign.ecs.umass.edu/ontologies/Framework2.0/Continuum_Mechanics2.0.owl#Beam_Theory
S	http://edesign.ecs.umass.edu/ontologies/Framework2.0/Continuum_Mechanics2.0.owl#Constitutive	http://edesign.ecs.umass.edu/ontologies/Framework2.0/Continuum_Mechanics2.0.owl#Continuum_mechanics
S	http://edesign.ecs.umass.edu/ontologies/Framework2.0/Continuum_Mechanics2.0.owl#Constitutive	http://edesign.ecs.umass.edu/ontologies/Framework2.0/Continuum_Mechanics2.0.owl#Governing_Theorys
S	http://edesign.ecs.umass.edu/ontologies/Framework2.0/Continuum_Mechanics2.0.owl#Constitutive	http://edesign.ecs.umass.edu/ontologies/Framework2.0/Continuum_Mechanics2.0.owl#Physical_phenomenon
S	http://edesign.ecs.umass.edu/ontologies/Framework2.0/Continuum_Mechanics2.0.owl#Dimensional	http://edesign.ecs.umass.edu/ontologies/Framework2.0/Continuum_Mechanics2.0.owl#Continuum_mechanics
S	http://edesign.ecs.umass.edu/ontologies/Framework2.0/Continuum_Mechanics2.0.owl#Dimensional	http://edesign.ecs.umass.edu/ontologies/Framework2.0/Continuum_Mechanics2.0.owl#Geometric
S	http://edesign.ecs.umass.edu/ontologies/Framework2.0/Continuum_Mechanics2.0.owl#Domain	http://edesign.ecs.umass.edu/ontologies/Framework2.0/Continuum_Mechanics2.0.owl#Continuum_mechanics
S	http://edesign.ecs.umass.edu/ontologies/Framework2.0/Continuum_Mechanics2.0.owl#Domain	http://edesign.ecs.umass.edu/ontologies/Framework2.0/Continuum_Mechanics2.0.owl#Geometric
S	http://edesign.ecs.umass.edu/ontologies/Framework2.0/Continuum_Mechanics2.0.owl#Empirical	http://edesign.ecs.umass.edu/ontologies/Framework2.0/Continuum_Mechanics2.0.owl#Continuum_mechanics
S	http://edesign.ecs.umass.edu/ontologies/Framework2.0/Continuum_Mechanics2.0.owl#Equilibrium	http://edesign.ecs.umass.edu/ontologies/Framework2.0/Continuum_Mechanics2.0.owl#Beam_Theory
S	http://edesign.ecs.umass.edu/ontologies/Framework2.0/Continuum_Mechanics2.0.owl#Equilibrium	http://edesign.ecs.umass.edu/ontologies/Framework2.0/Continuum_Mechanics2.0.owl#Continuum_mechanics
S	http://edesign.ecs.umass.edu/ontologies/Framework2.0/Continuum_Mechanics2.0.owl#Equilibrium	http://edesign.ecs.umass.edu/ontologies/Framework2.0/Continuum_Mechanics2.0.owl#Governing_Theorys
S	http://edesign.ecs.umass.edu/ontologies/Framework2.0/Continuum_Mechanics2.0.owl#Equilibrium	http://edesign.ecs.umass.edu/ontologies/Framework2.0/Continuum_Mechanics2.0.owl#Physical_phenomenon
S	http://edesign.ecs.umass.edu/ontologies/Framework2.0/Continuum_Mechanics2.0.owl#Feature	http://edesign.ecs.umass.edu/ontologies/Framework2.0/Continuum_Mechanics2.0.owl#Continuum_mechanics
S	http://edesign.ecs.umass.edu/ontologies/Framework2.0/Continuum_Mechanics2.0.owl#Feature	http://edesign.ecs.umass.edu/ontologies/Framework2.0/Continuum_Mechanics2.0.owl#Geometric
S	http://edesign.ecs.umass.edu/ontologies/Framework2.0/Continuum_Mechanics2.0.owl#Feature_class	http://edesign.ecs.umass.edu/ontologies/Framework2.0/Continuum_Mechanics2.0.owl#Continuum_mechanics
S	http://edesign.ecs.umass.edu/ontologies/Framework2.0/Continuum_Mechanics2.0.owl#Feature_class	http://edesign.ecs.umass.edu/ontologies/Framework2.0/Continuum_Mechanics2.0.owl#Geometric
S	http://edesign.ecs.umass.edu/ontologies/Framework2.0/Continuum_Mechanics2.0.owl#Geometric	http://edesign.ecs.umass.edu/ontologies/Framework2.0/Continuum_Mechanics2.0.owl#Continuum_mechanics
S	http://edesign.ecs.umass.edu/ontologies/Framework2.0/Continuum_Mechanics2.0.owl#Governing_Theorys	http://edesign.ecs.umass.edu/ontologies/Framework2.0/Continuum_Mechanics2.0.owl#Continuum_mechanics
S	http://edesign.ecs.umass.edu/ontologies/Framework2.0/Continuum_Mechanics2.0.owl#Governing_Theorys	http://edesign.ecs.umass.edu/ontologies/Framework2.0/Continuum_Mechanics2.0.owl#Physical_phenomenon
S	http://edesign.ecs.umass.edu/ontologies/Framework2.0/Continuum_Mechanics2.0.owl#Kinematics	http://edesign.ecs.umass.edu/ontologies/Framework2.0/Continuum_Mechanics2.0.owl#Beam_Theory
S	http://edesign.ecs.umass.edu/ontologies/Framework2.0/Continuum_Mechanics2.0.owl#Kinematics	http://edesign.ecs.umass.edu/ontologies/Framework2.0/Continuum_Mechanics2.0.owl#Continuum_mechanics
S	http://edesign.ecs.umass.edu/ontologies/Framework2.0/Continuum_Mechanics2.0.owl#Kinematics	http://edesign.ecs.umass.edu/ontologies/Framework2.0/Continuum_Mechanics2.0.owl#Governing_Theorys
S	http://edesign.ecs.umass.edu/ontologies/Framework2.0/Continuum_Mechanics2.0.owl#Kinematics	http://edesign.ecs.umass.edu/ontologies/Framework2.0/Continuum_Mechanics2.0.owl#Physical_phenomenon
S	http://edesign.ecs.umass.edu/ontologies/Framework2.0/Continuum_Mechanics2.0.owl#Physical_phenomenon	http://edesign.ecs.umass.edu/ontologies/Framework2.0/Continuum_Mechanics2.0.owl#Continuum_mechanics
S	http://edesign.ecs.umass.edu/ontologies/Framework2.0/Continuum_Mechanics2.0.owl#Resultants	http://edesign.ecs.umass.edu/ontologies/Framework2.0/Continuum_Mechanics2.0.owl#Beam_Theory
S	http://edesign.ecs.umass.edu/ontologies/Framework2.0/Continuum_Mechanics2.0.owl#Resultants	http://edesign.ecs.umass.edu/ontologies/Framework2.0/Continuum_Mechanics2.0.owl#Continuum_mechanics
S	http://edesign.ecs.umass.edu/ontologies/Framework2.0/Continuum_Mechanics2.0.owl#Resultants	http://edesign.ecs.umass.edu/ontologies/Framework2.0/Continuum_Mechanics2.0.owl#Governing_Theorys
S	http://edesign.ecs.umass.edu/ontologies/Framework2.0/Continuum_Mechanics2.0.owl#Resultants	http://edesign.ecs.umass.edu/ontologies/Framework2.0/Continuum_Mechanics2.0.owl#Physical_phenomenon
S	http://edesign.ecs.umass.edu/ontologies/Framework2.0/Continuum_Mechanics2.0.owl#Symmetry	http://edesign.ecs.umass.edu/ontologies/Framework2.0/Continuum_Mechanics2.0.owl#Continuum_mechanics
S	http://edesign.ecs.umass.edu/ontologies/Framework2.0/Continuum_Mechanics2.0.owl#Symmetry	http://edesign.ecs.umass.edu/ontologies/Framework2.0/Continuum_Mechanics2.0.owl#Geometric
S	http://edesign.ecs.umass.edu/ontologies/Framework2.0/Design_Model2.0.owl#CAD	http://edesign.ecs.umass.edu/ontologies/Framework2.0/Design_Model2.0.owl#Design
S	http://edesign.ecs.umass.edu/ontologies/Framework2.0/Design_Model2.0.owl#CAD	http://edesign.ecs.umass.edu/ontologies/Framework2.0/Model_Knowledge2.0.owl#Model
S	http://edesign.ecs.umass.edu/ontologies/Framework2.0/Design_Model2.0.owl#CAD_Assembly	http://edesign.ecs.umass.edu/ontologies/Framework2.0/Design_Model2.0.owl#CAD
S	http://edesign.ecs.umass.edu/ontologies/Framework2.0/Design_Model2.0.owl#CAD_Assembly	http://edesign.ecs.umass.edu/ontologies/Framework2.0/Design_Model2.0.owl#Design
S	http://edesign.ecs.umass.edu/ontologies/Framework2.0/Design_Model2.0.owl#CAD_Assembly	http://edesign.ecs.umass.edu/ontologies/Framework2.0/Model_Knowledge2.0.owl#Model
S	http://edesign.ecs.umass.edu/ontologies/Framework2.0/Design_Model2.0.owl#CAD_Component	http://edesign.ecs.umass.edu/ontologies/Framework2.0/Design_Model2.0.owl#CAD
S	http://edesign.ecs.umass.edu/ontologies/Framework2.0/Design_Model2.0.owl#CAD_Component	http://edesign.ecs.umass.edu/ontologies/Framework2.0/Design_Model2.0.owl#Design
S	http://edesign.ecs.umass.edu/ontologies/Framework2.0/Design_Model2.0.owl#CAD_Component	http://edesign.ecs.umass.edu/ontologies/Framework2.0/Model_Knowledge2.0.owl#Model
S	http://edesign.ecs.umass.edu/ontologies/Framework2.0/Design_Model2.0.owl#Design	http://edesign.ecs.umass.edu/ontologies/Framework2.0/Model_Knowledge2.0.owl#Model
S	http://edesign.ecs.umass.edu/ontologies/Framework2.0/EAM_Model2.0.owl#Analysis_model	http://edesign.ecs.umass.edu/ontologies/Framework2.0/Model_Knowledge2.0.owl#Model
S	http://edesign.ecs.umass.edu/ontologies/Framework2.0/EAM_Model2.0.owl#Analytical_model	http://edesign.ecs.umass.edu/ontologies/Framework2.0/EAM_Model2.0.owl#Analysis_model
S	http://edesign.ecs.umass.edu/ontologies/Framework2.0/EAM_Model2.0.owl#Analytical_model	http://edesign.ecs.umass.edu/ontologies/Framework2.0/Model_Knowledge2.0.owl#Model
S	http://edesign.ecs.umass.edu/ontologies/Framework2.0/EAM_Model2.0.owl#Boundary_element_model	http://edesign.ecs.umass.edu/ontologies/Framework2.0/EAM_Model2.0.owl#Analysis_model
S	http://edesign.ecs.umass.edu/ontologies/Framework2.0/EAM_Model2.0.owl#Boundary_element_model	http://edesign.ecs.umass.edu/ontologies/Framework2.0/EAM_Model2.0.owl#Numerical_model
S	http://edesign.ecs.umass.edu/ontologies/Framework2.0/EAM_Model2.0.owl#Boundary_element_model	http://edesign.ecs.umass.edu/ontologies/Framework2.0/Model_Knowledge2.0.owl#Model
S	http://edesign.ecs.umass.edu/ontologies/Framework2.0/EAM_Model2.0.owl#Electric	http://edesign.ecs.umass.edu/ontologies/Framework2.0/EAM_Model2.0.owl#Load
S	http://edesign.ecs.umass.edu/ontologies/Framework2.0/EAM_Model2.0.owl#Element_attribute	http://edesign.ecs.umass.edu/ontologies/Framework2.0/EAM_Model2.0.owl#Finite_element_property_type
S	http://edesign.ecs.umass.edu/ontologies/Framework2.0/EAM_Model2.0.owl#Element_shape	http://edesign.ecs.umass.edu/ontologies/Framework2.0/EAM_Model2.0.owl#Finite_element_property_type
S	http://edesign.ecs.umass.edu/ontologies/Framework2.0/EAM_Model2.0.owl#Finite_difference_model	http://edesign.ecs.umass.edu/ontologies/Framework2.0/EAM_Model2.0.owl#Analysis_model
S	http://edesign.ecs.umass.edu/ontologies/Framework2.0/EAM_Model2.0.owl#Finite_difference_model	http://edesign.ecs.umass.edu/ontologies/Framework2.0/EAM_Model2.0.owl#Boundary_element_model
S	http://edesign.ecs.umass.edu/ontologies/Framework2.0/EAM_Model2.0.owl#Finite_difference_model	http://edesign.ecs.umass.edu/ontologies/Framework2.0/EAM_Model2.0.owl#Numerical_model
S	http://edesign.ecs.umass.edu/ontologies/Framework2.0/EAM_Model2.0.owl#Finite_difference_model	http://edesign.ecs.umass.edu/ontologies/Framework2.0/Model_Knowledge2.0.owl#Model
S	http://edesign.ecs.umass.edu/ontologies/Framework2.0/EAM_Model2.0.owl#Finite_element_model	http://edesign.ecs.umass.edu/ontologies/Framework2.0/EAM_Model2.0.owl#Analysis_model
S	http://edesign.ecs.umass.edu/ontologies/Framework2.0/EAM_Model2.0.owl#Finite_element_model	http://edesign.ecs.umass.edu/ontologies/Framework2.0/EAM_Model2.0.owl#Numerical_model
S	http://edesign.ecs.umass.edu/ontologies/Framework2.0/EAM_Model2.0.owl#Finite_element_model	http://edesign.ecs.umass.edu/ontologies/Framework2.0/Model_Knowledge2.0.owl#Model
S	http://edesign.ecs.umass.edu/ontologies/Framework2.0/EAM_Model2.0.owl#Finite_element_model_component	http://edesign.ecs.umass.edu/ontologies/Framework2.0/EAM_Model2.0.owl#Analysis_model
S	http://edesign.ecs.umass.edu/ontologies/Framework2.0/EAM_Model2.0.owl#Finite_element_model_component	http://edesign.ecs.umass.edu/ontologies/Framework2.0/EAM_Model2.0.owl#Finite_element_model
S	http://edesign.ecs.umass.edu/ontologies/Framework2.0/EAM_Model2.0.owl#Finite_element_model_component	http://edesign.ecs.umass.edu/ontologies/Framework2.0/EAM_Model2.0.owl#Numerical_model
S	http://edesign.ecs.umass.edu/ontologies/Framework2.0/EAM_Model2.0.owl#Finite_element_model_component	http://edesign.ecs.umass.edu/ontologies/Framework2.0/Model_Knowledge2.0.owl#Model
S	http://edesign.ecs.umass.edu/ontologies/Framework2.0/EAM_Model2.0.owl#Fluid	http://edesign.ecs.umass.edu/ontologies/Framework2.0/EAM_Model2.0.owl#Load
S	http://edesign.ecs.umass.edu/ontologies/Framework2.0/EAM_Model2.0.owl#Hybrid_model	http://edesign.ecs.umass.edu/ontologies/Framework2.0/EAM_Model2.0.owl#Analysis_model
S	http://edesign.ecs.umass.edu/ontologies/Framework2.0/EAM_Model2.0.owl#Hybrid_model	http://edesign.ecs.umass.edu/ontologies/Framework2.0/EAM_Model2.0.owl#Numerical_model
S	http://edesign.ecs.umass.edu/ontologies/Framework2.0/EAM_Model2.0.owl#Hybrid_model	http://edesign.ecs.umass.edu/ontologies/Framework2.0/Model_Knowledge2.0.owl#Model
S	http://edesign.ecs.umass.edu/ontologies/Framework2.0/EAM_Model2.0.owl#Magnetic	http://edesign.ecs.umass.edu/ontologies/Framework2.0/EAM_Model2.0.owl#Load
S	http://edesign.ecs.umass.edu/ontologies/Framework2.0/EAM_Model2.0.owl#Numerical_model	http://edesign.ecs.umass.edu/ontologies/Framework2.0/EAM_Model2.0.owl#Analysis_model
S	http://edesign.ecs.umass.edu/ontologies/Framework2.0/EAM_Model2.0.owl#Numerical_model	http://edesign.ecs.umass.edu/ontologies/Framework2.0/Model_Knowledge2.0.owl#Model
S	http://edesign.ecs.umass.edu/ontologies/Framework2.0/EAM_Model2.0.owl#Structural	http://edesign.ecs.umass.edu/ontologies/Framework2.0/EAM_Model2.0.owl#Load
S	http://edesign.ecs.umass.edu/ontologies/Framework2.0/EAM_Model2.0.owl#Thermal	http://edesign.ecs.umass.edu/ontologies/Framework2.0/EAM_Model2.0.owl#Load
S	http://edesign.ecs.umass.edu/ontologies/Framework2.0/Idealization2.0.owl#Assumptions	http://edesign.ecs.umass.edu/ontologies/Framework2.0/Idealization2.0.owl#Idealization
S	http://edesign.ecs.umass.edu/ontologies/Framework2.0/Idealization2.0.owl#Assumptions	http://edesign.ecs.umass.edu/ontologies/Framework2.0/Idealization2.0.owl#Idealization_Justification
S	http://edesign.ecs.umass.edu/ontologies/Framework2.0/Idealization2.0.owl#Assumptions	http://edesign.ecs.umass.edu/ontologies/Framework2.0/Model_Knowledge2.0.owl#Model_Rationale
S	http://edesign.ecs.umass.edu/ontologies/Framework2.0/Idealization2.0.owl#Curvature_Estimate	http://edesign.ecs.umass.edu/ontologies/Framework2.0/Idealization2.0.owl#Assumptions
S	http://edesign.ecs.umass.edu/ontologies/Framework2.0/Idealization2.0.owl#Curvature_Estimate	http://edesign.ecs.umass.edu/ontologies/Framework2.0/Idealization2.0.owl#Idealization
S	http://edesign.ecs.umass.edu/ontologies/Framework2.0/Idealization2.0.owl#Curvature_Estimate	http://edesign.ecs.umass.edu/ontologies/Framework2.0/Idealization2.0.owl#Idealization_Justification
S	http://edesign.ecs.umass.edu/ontologies/Framework2.0/Idealization2.0.owl#Curvature_Estimate	http://edesign.ecs.umass.edu/ontologies/Framework2.0/Idealization2.0.owl#On_Geometry
S	http://edesign.ecs.umass.edu/ontologies/Framework2.0/Idealization2.0.owl#Curvature_Estimate	http://edesign.ecs.umass.edu/ontologies/Framework2.0/Model_Knowledge2.0.owl#Model_Rationale
S	http://edesign.ecs.umass.edu/ontologies/Framework2.0/Idealization2.0.owl#Dimension	http://edesign.ecs.umass.edu/ontologies/Framework2.0/Idealization2.0.owl#Assumptions
S	http://edesign.ecs.umass.edu/ontologies/Framework2.0/Idealization2.0.owl#Dimension	http://edesign.ecs.umass.edu/ontologies/Framework2.0/Idealization2.0.owl#Idealization
S	http://edesign.ecs.umass.edu/ontologies/Framework2.0/Idealization2.0.owl#Dimension	http://edesign.ecs.umass.edu/ontologies/Framework2.0/Idealization2.0.owl#Idealization_Justification
S	http://edesign.ecs.umass.edu/ontologies/Framework2.0/Idealization2.0.owl#Dimension	http://edesign.ecs.umass.edu/ontologies/Framework2.0/Idealization2.0.owl#On_Parameter
S	http://edesign.ecs.umass.edu/ontologies/Framework2.0/Idealization2.0.owl#Dimension	http://edesign.ecs.umass.edu/ontologies/Framework2.0/Model_Knowledge2.0.owl#Model_Rationale
S	http://edesign.ecs.umass.edu/ontologies/Framework2.0/Idealization2.0.owl#Dimensional_Reduction	http://edesign.ecs.umass.edu/ontologies/Framework2.0/Idealization2.0.owl#Assumptions
S	http://edesign.ecs.umass.edu/ontologies/Framework2.0/Idealization2.0.owl#Dimensional_Reduction	http://edesign.ecs.umass.edu/ontologies/Framework2.0/Idealization2.0.owl#Idealization
S	http://edesign.ecs.umass.edu/ontologies/Framework2.0/Idealization2.0.owl#Dimensional_Reduction	http://edesign.ecs.umass.edu/ontologies/Framework2.0/Idealization2.0.owl#Idealization_Justification
S	http://edesign.ecs.umass.edu/ontologies/Framework2.0/Idealization2.0.owl#Dimensional_Reduction	http://edesign.ecs.umass.edu/ontologies/Framework2.0/Idealization2.0.owl#On_Geometry
S	http://edesign.ecs.umass.edu/ontologies/Framework2.0/Idealization2.0.owl#Dimensional_Reduction	http://edesign.ecs.umass.edu/ontologies/Framework2.0/Model_Knowledge2.0.owl#Model_Rationale
S	http://edesign.ecs.umass.edu/ontologies/Framework2.0/Idealization2.0.owl#Feature_Supression	http://edesign.ecs.umass.edu/ontologies/Framework2.0/Idealization2.0.owl#Assumptions
S	http://edesign.ecs.umass.edu/ontologies/Framework2.0/Idealization2.0.owl#Feature_Supression	http://edesign.ecs.umass.edu/ontologies/Framework2.0/Idealization2.0.owl#Idealization
S	http://edesign.ecs.umass.edu/ontologies/Framework2.0/Idealization2.0.owl#Feature_Supression	http://edesign.ecs.umass.edu/ontologies/Framework2.0/Idealization2.0.owl#Idealization_Justification
S	http://edesign.ecs.umass.edu/ontologies/Framework2.0/Idealization2.0.owl#Feature_Supression	http://edesign.ecs.umass.edu/ontologies/Framework2.0/Idealization2.0.owl#On_Geometry
S	http://edesign.ecs.umass.edu/ontologies/Framework2.0/Idealization2.0.owl#Feature_Supression	http://edesign.ecs.umass.edu/ontologies/Framework2.0/Model_Knowledge2.0.owl#Model_Rationale
S	http://edesign.ecs.umass.edu/ontologies/Framework2.0/Idealization2.0.owl#Geo_Symmetry	http://edesign.ecs.umass.edu/ontologies/Framework2.0/Idealization2.0.owl#Assumptions
S	http://edesign.ecs.umass.edu/ontologies/Framework2.0/Idealization2.0.owl#Geo_Symmetry	http://edesign.ecs.umass.edu/ontologies/Framework2.0/Idealization2.0.owl#Idealization
S	http://edesign.ecs.umass.edu/ontologies/Framework2.0/Idealization2.0.owl#Geo_Symmetry	http://edesign.ecs.umass.edu/ontologies/Framework2.0/Idealization2.0.owl#Idealization_Justification
S	http://edesign.ecs.umass.edu/ontologies/Framework2.0/Idealization2.0.owl#Geo_Symmetry	http://edesign.ecs.umass.edu/ontologies/Framework2.0/Idealization2.0.owl#On_Geometry
S	http://edesign.ecs.umass.edu/ontologies/Framework2.0/Idealization2.0.owl#Geo_Symmetry	http://edesign.ecs.umass.edu/ontologies/Framework2.0/Model_Knowledge2.0.owl#Model_Rationale
S	http://edesign.ecs.umass.edu/ontologies/Framework2.0/Idealization2.0.owl#Idealization	http://edesign.ecs.umass.edu/ontologies/Framework2.0/Idealization2.0.owl#Assumptions
S	http://edesign.ecs.umass.edu/ontologies/Framework2.0/Idealization2.0.owl#Idealization	http://edesign.ecs.umass.edu/ontologies/Framework2.0/Idealization2.0.owl#Idealization_Justification
S	http://edesign.ecs.umass.edu/ontologies/Framework2.0/Idealization2.0.owl#Idealization	http://edesign.ecs.umass.edu/ontologies/Framework2.0/Model_Knowledge2.0.owl#Model_Rationale
S	http://edesign.ecs.umass.edu/ontologies/Framework2.0/Idealization2.0.owl#Idealization_Justification	http://edesign.ecs.umass.edu/ontologies/Framework2.0/Idealization2.0.owl#Assumptions
S	http://edesign.ecs.umass.edu/ontologies/Framework2.0/Idealization2.0.owl#Idealization_Justification	http://edesign.ecs.umass.edu/ontologies/Framework2.0/Idealization2.0.owl#Idealization
S	http://edesign.ecs.umass.edu/ontologies/Framework2.0/Idealization2.0.owl#Idealization_Justification	http://edesign.ecs.umass.edu/ontologies/Framework2.0/Model_Knowledge2.0.owl#Model_Rationale
S	http://edesign.ecs.umass.edu/ontologies/Framework2.0/Idealization2.0.owl#Load	http://edesign.ecs.umass.edu/ontologies/Framework2.0/Idealization2.0.owl#Assumptions
S	http://edesign.ecs.umass.edu/ontologies/Framework2.0/Idealization2.0.owl#Load	http://edesign.ecs.umass.edu/ontologies/Framework2.0/Idealization2.0.owl#Idealization
S	http://edesign.ecs.umass.edu/ontologies/Framework2.0/Idealization2.0.owl#Load	http://edesign.ecs.umass.edu/ontologies/Framework2.0/Idealization2.0.owl#Idealization_Justification
S	http://edesign.ecs.umass.edu/ontologies/Framework2.0/Idealization2.0.owl#Load	http://edesign.ecs.umass.edu/ontologies/Framework2.0/Idealization2.0.owl#On_Parameter
S	http://edesign.ecs.umass.edu/ontologies/Framework2.0/Idealization2.0.owl#Load	http://edesign.ecs.umass.edu/ontologies/Framework2.0/Model_Knowledge2.0.owl#Model_Rationale
S	http://edesign.ecs.umass.edu/ontologies/Framework2.0/Idealization2.0.owl#Load_Approximation	http://edesign.ecs.umass.edu/ontologies/Framework2.0/Idealization2.0.owl#Assumptions
S	http://edesign.ecs.umass.edu/ontologies/Framework2.0/Idealization2.0.owl#Load_Approximation	http://edesign.ecs.umass.edu/ontologies/Framework2.0/Idealization2.0.owl#Idealization
S	http://edesign.ecs.umass.edu/ontologies/Framework2.0/Idealization2.0.owl#Load_Approximation	http://edesign.ecs.umass.edu/ontologies/Framework2.0/Idealization2.0.owl#Idealization_Justification
S	http://edesign.ecs.umass.edu/ontologies/Framework2.0/Idealization2.0.owl#Load_Approximation	http://edesign.ecs.umass.edu/ontologies/Framework2.0/Idealization2.0.owl#On_Loading
S	http://edesign.ecs.umass.edu/ontologies/Framework2.0/Idealization2.0.owl#Load_Approximation	http://edesign.ecs.umass.edu/ontologies/Framework2.0/Model_Knowledge2.0.owl#Model_Rationale
S	http://edesign.ecs.umass.edu/ontologies/Framework2.0/Idealization2.0.owl#Load_Suppression	http://edesign.ecs.umass.edu/ontologies/Framework2.0/Idealization2.0.owl#Assumptions
S	http://edesign.ecs.umass.edu/ontologies/Framework2.0/Idealization2.0.owl#Load_Suppression	http://edesign.ecs.umass.edu/ontologies/Framework2.0/Idealization2.0.owl#Idealization
S	http://edesign.ecs.umass.edu/ontologies/Framework2.0/Idealization2.0.owl#Load_Suppression	http://edesign.ecs.umass.edu/ontologies/Framework2.0/Idealization2.0.owl#Idealization_Justification
S	http://edesign.ecs.umass.edu/ontologies/Framework2.0/Idealization2.0.owl#Load_Suppression	http://edesign.ecs.umass.edu/ontologies/Framework2.0/Idealization2.0.owl#On_Loading
S	http://edesign.ecs.umass.edu/ontologies/Framework2.0/Idealization2.0.owl#Load_Suppression	http://edesign.ecs.umass.edu/ontologies/Framework2.0/Model_Knowledge2.0.owl#Model_Rationale
S	http://edesign.ecs.umass.edu/ontologies/Framework2.0/Idealization2.0.owl#Load_Symmetry	http://edesign.ecs.umass.edu/ontologies/Framework2.0/Idealization2.0.owl#Assumptions
S	http://edesign.ecs.umass.edu/ontologies/Framework2.0/Idealization2.0.owl#Load_Symmetry	http://edesign.ecs.umass.edu/ontologies/Framework2.0/Idealization2.0.owl#Idealization
S	http://edesign.ecs.umass.edu/ontologies/Framework2.0/Idealization2.0.owl#Load_Symmetry	http://edesign.ecs.umass.edu/ontologies/Framework2.0/Idealization2.0.owl#Idealization_Justification
S	http://edesign.ecs.umass.edu/ontologies/Framework2.0/Idealization2.0.owl#Load_Symmetry	http://edesign.ecs.umass.edu/ontologies/Framework2.0/Idealization2.0.owl#On_Loading
S	http://edesign.ecs.umass.edu/ontologies/Framework2.0/Idealization2.0.owl#Load_Symmetry	http://edesign.ecs.umass.edu/ontologies/Framework2.0/Model_Knowledge2.0.owl#Model_Rationale
S	http://edesign.ecs.umass.edu/ontologies/Framework2.0/Idealization2.0.owl#Model_Behavior	http://edesign.ecs.umass.edu/ontologies/Framework2.0/Idealization2.0.owl#Assumptions
S	http://edesign.ecs.umass.edu/ontologies/Framework2.0/Idealization2.0.owl#Model_Behavior	http://edesign.ecs.umass.edu/ontologies/Framework2.0/Idealization2.0.owl#Idealization
S	http://edesign.ecs.umass.edu/ontologies/Framework2.0/Idealization2.0.owl#Model_Behavior	http://edesign.ecs.umass.edu/ontologies/Framework2.0/Idealization2.0.owl#Idealization_Justification
S	http://edesign.ecs.umass.edu/ontologies/Framework2.0/Idealization2.0.owl#Model_Behavior	http://edesign.ecs.umass.edu/ontologies/Framework2.0/Idealization2.0.owl#On_Model
S	http://edesign.ecs.umass.edu/ontologies/Framework2.0/Idealization2.0.owl#Model_Behavior	http://edesign.ecs.umass.edu/ontologies/Framework2.0/Model_Knowledge2.0.owl#Model_Rationale
S	http://edesign.ecs.umass.edu/ontologies/Framework2.0/Idealization2.0.owl#Model_Feature	http://edesign.ecs.umass.edu/ontologies/Framework2.0/Idealization2.0.owl#Assumptions
S	http://edesign.ecs.umass.edu/ontologies/Framework2.0/Idealization2.0.owl#Model_Feature	http://edesign.ecs.umass.edu/ontologies/Framework2.0/Idealization2.0.owl#Idealization
S	http://edesign.ecs.umass.edu/ontologies/Framework2.0/Idealization2.0.owl#Model_Feature	http://edesign.ecs.umass.edu/ontologies/Framework2.0/Idealization2.0.owl#Idealization_Justification
S	http://edesign.ecs.umass.edu/ontologies/Framework2.0/Idealization2.0.owl#Model_Feature	http://edesign.ecs.umass.edu/ontologies/Framework2.0/Idealization2.0.owl#On_Model
S	http://edesign.ecs.umass.edu/ontologies/Framework2.0/Idealization2.0.owl#Model_Feature	http://edesign.ecs.umass.edu/ontologies/Framework2.0/Model_Knowledge2.0.owl#Model_Rationale
S	http://edesign.ecs.umass.edu/ontologies/Framework2.0/Idealization2.0.owl#On_Constraint	http://edesign.ecs.umass.edu/ontologies/Framework2.0/Idealization2.0.owl#Assumptions
S	http://edesign.ecs.umass.edu/ontologies/Framework2.0/Idealization2.0.owl#On_Constraint	http://edesign.ecs.umass.edu/ontologies/Framework2.0/Idealization2.0.owl#Idealization
S	http://edesign.ecs.umass.edu/ontologies/Framework2.0/Idealization2.0.owl#On_Constraint	http://edesign.ecs.umass.edu/ontologies/Framework2.0/Idealization2.0.owl#Idealization_Justification
S	http://edesign.ecs.umass.edu/ontologies/Framework2.0/Idealization2.0.owl#On_Constraint	http://edesign.ecs.umass.edu/ontologies/Framework2.0/Model_Knowledge2.0.owl#Model_Rationale
S	http://edesign.ecs.umass.edu/ontologies/Framework2.0/Idealization2.0.owl#On_Geometry	http://edesign.ecs.umass.edu/ontologies/Framework2.0/Idealization2.0.owl#Assumptions
S	http://edesign.ecs.umass.edu/ontologies/Framework2.0/Idealization2.0.owl#On_Geometry	http://edesign.ecs.umass.edu/ontologies/Framework2.0/Idealization2.0.owl#Idealization
S	http://edesign.ecs.umass.edu/ontologies/Framework2.0/Idealization2.0.owl#On_Geometry	http://edesign.ecs.umass.edu/ontologies/Framework2.0/Idealization2.0.owl#Idealization_Justification
S	http://edesign.ecs.umass.edu/ontologies/Framework2.0/Idealization2.0.owl#On_Geometry	http://edesign.ecs.umass.edu/ontologies/Framework2.0/Model_Knowledge2.0.owl#Model_Rationale
S	http://edesign.ecs.umass.edu/ontologies/Framework2.0/Idealization2.0.owl#On_Loading	http://edesign.ecs.umass.edu/ontologies/Framework2.0/Idealization2.0.owl#Assumptions
S	http://edesign.ecs.umass.edu/ontologies/Framework2.0/Idealization2.0.owl#On_Loading	http://edesign.ecs.umass.edu/ontologies/Framework2.0/Idealization2.0.owl#Idealization
S	http://edesign.ecs.umass.edu/ontologies/Framework2.0/Idealization2.0.owl#On_Loading	http://edesign.ecs.umass.edu/ontologies/Framework2.0/Idealization2.0.owl#Idealization_Justification
S	http://edesign.ecs.umass.edu/ontologies/Framework2.0/Idealization2.0.owl#On_Loading	http://edesign.ecs.umass.edu/ontologies/Framework2.0/Model_Knowledge2.0.owl#Model_Rationale
S	http://edesign.ecs.umass.edu/ontologies/Framework2.0/Idealization2.0.owl#On_Material_Properties	http://edesign.ecs.umass.edu/ontologies/Framework2.0/Idealization2.0.owl#Assumptions
S	http://edesign.ecs.umass.edu/ontologies/Framework2.0/Idealization2.0.owl#On_Material_Properties	http://edesign.ecs.umass.edu/ontologies/Framework2.0/Idealization2.0.owl#Idealization
S	http://edesign.ecs.umass.edu/ontologies/Framework2.0/Idealization2.0.owl#On_Material_Properties	http://edesign.ecs.umass.edu/ontologies/Framework2.0/Idealization2.0.owl#Idealization_Justification
S	http://edesign.ecs.umass.edu/ontologies/Framework2.0/Idealization2.0.owl#On_Material_Properties	http://edesign.ecs.umass.edu/ontologies/Framework2.0/Model_Knowledge2.0.owl#Model_Rationale
S	http://edesign.ecs.umass.edu/ontologies/Framework2.0/Idealization2.0.owl#On_Model	http://edesign.ecs.umass.edu/ontologies/Framework2.0/Idealization2.0.owl#Assumptions
S	http://edesign.ecs.umass.edu/ontologies/Framework2.0/Idealization2.0.owl#On_Model	http://edesign.ecs.umass.edu/ontologies/Framework2.0/Idealization2.0.owl#Idealization
S	http://edesign.ecs.umass.edu/ontologies/Framework2.0/Idealization2.0.owl#On_Model	http://edesign.ecs.umass.edu/ontologies/Framework2.0/Idealization2.0.owl#Idealization_Justification
S	http://edesign.ecs.umass.edu/ontologies/Framework2.0/Idealization2.0.owl#On_Model	http://edesign.ecs.umass.edu/ontologies/Framework2.0/Model_Knowledge2.0.owl#Model_Rationale
S	http://edesign.ecs.umass.edu/ontologies/Framework2.0/Idealization2.0.owl#On_Parameter	http://edesign.ecs.umass.edu/ontologies/Framework2.0/Idealization2.0.owl#Assumptions
S	http://edesign.ecs.umass.edu/ontologies/Framework2.0/Idealization2.0.owl#On_Parameter	http://edesign.ecs.umass.edu/ontologies/Framework2.0/Idealization2.0.owl#Idealization
S	http://edesign.ecs.umass.edu/ontologies/Framework2.0/Idealization2.0.owl#On_Parameter	http://edesign.ecs.umass.edu/ontologies/Framework2.0/Idealization2.0.owl#Idealization_Justification
S	http://edesign.ecs.umass.edu/ontologies/Framework2.0/Idealization2.0.owl#On_Parameter	http://edesign.ecs.umass.edu/ontologies/Framework2.0/Model_Knowledge2.0.owl#Model_Rationale
S	http://edesign.ecs.umass.edu/ontologies/Framework2.0/Idealization2.0.owl#On_Phenomenologic	http://edesign.ecs.umass.edu/ontologies/Framework2.0/Idealization2.0.owl#Assumptions
S	http://edesign.ecs.umass.edu/ontologies/Framework2.0/Idealization2.0.owl#On_Phenomenologic	http://edesign.ecs.umass.edu/ontologies/Framework2.0/Idealization2.0.owl#Idealization
S	http://edesign.ecs.umass.edu/ontologies/Framework2.0/Idealization2.0.owl#On_Phenomenologic	http://edesign.ecs.umass.edu/ontologies/Framework2.0/Idealization2.0.owl#Idealization_Justification
S	http://edesign.ecs.umass.edu/ontologies/Framework2.0/Idealization2.0.owl#On_Phenomenologic	http://edesign.ecs.umass.edu/ontologies/Framework2.0/Model_Knowledge2.0.owl#Model_Rationale
S	http://edesign.ecs.umass.edu/ontologies/Framework2.0/Idealization2.0.owl#Phenomenonlogical_Reduction	http://edesign.ecs.umass.edu/ontologies/Framework2.0/Idealization2.0.owl#Assumptions
S	http://edesign.ecs.umass.edu/ontologies/Framework2.0/Idealization2.0.owl#Phenomenonlogical_Reduction	http://edesign.ecs.umass.edu/ontologies/Framework2.0/Idealization2.0.owl#Idealization
S	http://edesign.ecs.umass.edu/ontologies/Framework2.0/Idealization2.0.owl#Phenomenonlogical_Reduction	http://edesign.ecs.umass.edu/ontologies/Framework2.0/Idealization2.0.owl#Idealization_Justification
S	http://edesign.ecs.umass.edu/ontologies/Framework2.0/Idealization2.0.owl#Phenomenonlogical_Reduction	http://edesign.ecs.umass.edu/ontologies/Framework2.0/Idealization2.0.owl#On_Phenomenologic
S	http://edesign.ecs.umass.edu/ontologies/Framework2.0/Idealization2.0.owl#Phenomenonlogical_Reduction	http://edesign.ecs.umass.edu/ontologies/Framework2.0/Model_Knowledge2.0.owl#Model_Rationale
S	http://edesign.ecs.umass.edu/ontologies/Framework2.0/Idealization2.0.owl#Phenomenonlogical_Suprression	http://edesign.ecs.umass.edu/ontologies/Framework2.0/Idealization2.0.owl#Assumptions
S	http://edesign.ecs.umass.edu/ontologies/Framework2.0/Idealization2.0.owl#Phenomenonlogical_Suprression	http://edesign.ecs.umass.edu/ontologies/Framework2.0/Idealization2.0.owl#Idealization
S	http://edesign.ecs.umass.edu/ontologies/Framework2.0/Idealization2.0.owl#Phenomenonlogical_Suprression	http://edesign.ecs.umass.edu/ontologies/Framework2.0/Idealization2.0.owl#Idealization_Justification
S	http://edesign.ecs.umass.edu/ontologies/Framework2.0/Idealization2.0.owl#Phenomenonlogical_Suprression	http://edesign.ecs.umass.edu/ontologies/Framework2.0/Idealization2.0.owl#On_Phenomenologic
S	http://edesign.ecs.umass.edu/ontologies/Framework2.0/Idealization2.0.owl#Phenomenonlogical_Suprression	http://edesign.ecs.umass.edu/ontologies/Framework2.0/Model_Knowledge2.0.owl#Model_Rationale
S	http://edesign.ecs.umass.edu/ontologies/Framework2.0/Materials2.0.owl#Aluminum	http://edesign.ecs.umass.edu/ontologies/Framework2.0/Materials2.0.owl#Material
S	http://edesign.ecs.umass.edu/ontologies/Framework2.0/Materials2.0.owl#Aluminum	http://edesign.ecs.umass.edu/ontologies/Framework2.0/Materials2.0.owl#Metal
S	http://edesign.ecs.umass.edu/ontologies/Framework2.0/Materials2.0.owl#Aluminum	http://edesign.ecs.umass.edu/ontologies/Framework2.0/Materials2.0.owl#Nonferrous
S	http://edesign.ecs.umass.edu/ontologies/Framework2.0/Materials2.0.owl#Anisotropic	http://edesign.ecs.umass.edu/ontologies/Framework2.0/Materials2.0.owl#Linear
S	http://edesign.ecs.umass.edu/ontologies/Framework2.0/Materials2.0.owl#Anisotropic	http://edesign.ecs.umass.edu/ontologies/Framework2.0/Materials2.0.owl#Material_behavioral_model
S	http://edesign.ecs.umass.edu/ontologies/Framework2.0/Materials2.0.owl#Boiling_Point	http://edesign.ecs.umass.edu/ontologies/Framework2.0/Materials2.0.owl#Material_Properties
S	http://edesign.ecs.umass.edu/ontologies/Framework2.0/Materials2.0.owl#Boiling_Point	http://edesign.ecs.umass.edu/ontologies/Framework2.0/Materials2.0.owl#Physical_Properties
S	http://edesign.ecs.umass.edu/ontologies/Framework2.0/Materials2.0.owl#Composite	http://edesign.ecs.umass.edu/ontologies/Framework2.0/Materials2.0.owl#Material
S	http://edesign.ecs.umass.edu/ontologies/Framework2.0/Materials2.0.owl#Density	http://edesign.ecs.umass.edu/ontologies/Framework2.0/Materials2.0.owl#Material_Properties
S	http://edesign.ecs.umass.edu/ontologies/Framework2.0/Materials2.0.owl#Density	http://edesign.ecs.umass.edu/ontologies/Framework2.0/Materials2.0.owl#Physical_Properties
S	http://edesign.ecs.umass.edu/ontologies/Framework2.0/Materials2.0.owl#Elastic	http://edesign.ecs.umass.edu/ontologies/Framework2.0/Materials2.0.owl#Material_behavioral_model
S	http://edesign.ecs.umass.edu/ontologies/Framework2.0/Materials2.0.owl#Elastic	http://edesign.ecs.umass.edu/ontologies/Framework2.0/Materials2.0.owl#Nonlinear
S	http://edesign.ecs.umass.edu/ontologies/Framework2.0/Materials2.0.owl#Elastoplastic	http://edesign.ecs.umass.edu/ontologies/Framework2.0/Materials2.0.owl#Material_behavioral_model
S	http://edesign.ecs.umass.edu/ontologies/Framework2.0/Materials2.0.owl#Elastoplastic	http://edesign.ecs.umass.edu/ontologies/Framework2.0/Materials2.0.owl#Nonlinear
S	http://edesign.ecs.umass.edu/ontologies/Framework2.0/Materials2.0.owl#Electrical_Properties	http://edesign.ecs.umass.edu/ontologies/Framework2.0/Materials2.0.owl#Material_Properties
S	http://edesign.ecs.umass.edu/ontologies/Framework2.0/Materials2.0.owl#Electrical_Resistivity	http://edesign.ecs.umass.edu/ontologies/Framework2.0/Materials2.0.owl#Electrical_Properties
S	http://edesign.ecs.umass.edu/ontologies/Framework2.0/Materials2.0.owl#Electrical_Resistivity	http://edesign.ecs.umass.edu/ontologies/Framework2.0/Materials2.0.owl#Material_Properties
S	http://edesign.ecs.umass.edu/ontologies/Framework2.0/Materials2.0.owl#Elongation	http://edesign.ecs.umass.edu/ontologies/Framework2.0/Materials2.0.owl#Material_Properties
S	http://edesign.ecs.umass.edu/ontologies/Framework2.0/Materials2.0.owl#Elongation	http://edesign.ecs.umass.edu/ontologies/Framework2.0/Materials2.0.owl#Mechanical_Properties
S	http://edesign.ecs.umass.edu/ontologies/Framework2.0/Materials2.0.owl#Ferrous	http://edesign.ecs.umass.edu/ontologies/Framework2.0/Materials2.0.owl#Material
S	http://edesign.ecs.umass.edu/ontologies/Framework2.0/Materials2.0.owl#Ferrous	http://edesign.ecs.umass.edu/ontologies/Framework2.0/Materials2.0.owl#Metal
S	http://edesign.ecs.umass.edu/ontologies/Framework2.0/Materials2.0.owl#Glass	http://edesign.ecs.umass.edu/ontologies/Framework2.0/Materials2.0.owl#Material
S	http://edesign.ecs.umass.edu/ontologies/Framework2.0/Materials2.0.owl#Hyper-Elastic	http://edesign.ecs.umass.edu/ontologies/Framework2.0/Materials2.0.owl#Elastic
S	http://edesign.ecs.umass.edu/ontologies/Framework2.0/Materials2.0.owl#Hyper-Elastic	http://edesign.ecs.umass.edu/ontologies/Framework2.0/Materials2.0.owl#Material_behavioral_model
S	http://edesign.ecs.umass.edu/ontologies/Framework2.0/Materials2.0.owl#Hyper-Elastic	http://edesign.ecs.umass.edu/ontologies/Framework2.0/Materials2.0.owl#Nonlinear
S	http://edesign.ecs.umass.edu/ontologies/Framework2.0/Materials2.0.owl#Iron	http://edesign.ecs.umass.edu/ontologies/Framework2.0/Materials2.0.owl#Ferrous
S	http://edesign.ecs.umass.edu/ontologies/Framework2.0/Materials2.0.owl#Iron	http://edesign.ecs.umass.edu/ontologies/Framework2.0/Materials2.0.owl#Material
S	http://edesign.ecs.umass.edu/ontologies/Framework2.0/Materials2.0.owl#Iron	http://edesign.ecs.umass.edu/ontologies/Framework2.0/Materials2.0.owl#Metal
S	http://edesign.ecs.umass.edu/ontologies/Framework2.0/Materials2.0.owl#Isotropic	http://edesign.ecs.umass.edu/ontologies/Framework2.0/Materials2.0.owl#Linear
S	http://edesign.ecs.umass.edu/ontologies/Framework2.0/Materials2.0.owl#Isotropic	http://edesign.ecs.umass.edu/ontologies/Framework2.0/Materials2.0.owl#Material_behavioral_model
S	http://edesign.ecs.umass.edu/ontologies/Framework2.0/Materials2.0.owl#Linear	http://edesign.ecs.umass.edu/ontologies/Framework2.0/Materials2.0.owl#Material_behavioral_model
S	http://edesign.ecs.umass.edu/ontologies/Framework2.0/Materials2.0.owl#Mechanical_Properties	http://edesign.ecs.umass.edu/ontologies/Framework2.0/Materials2.0.owl#Material_Properties
S	http://edesign.ecs.umass.edu/ontologies/Framework2.0/Materials2.0.owl#Melting_Point	http://edesign.ecs.umass.edu/ontologies/Framework2.0/Materials2.0.owl#Material_Properties
S	http://edesign.ecs.umass.edu/ontologies/Framework2.0/Materials2.0.owl#Melting_Point	http://edesign.ecs.umass.edu/ontologies/Framework2.0/Materials2.0.owl#Physical_Properties
S	http://edesign.ecs.umass.edu/ontologies/Framework2.0/Materials2.0.owl#Metal	http://edesign.ecs.umass.edu/ontologies/Framework2.0/Materials2.0.owl#Material
S	http://edesign.ecs.umass.edu/ontologies/Framework2.0/Materials2.0.owl#Modulus_of_Elasticity	http://edesign.ecs.umass.edu/ontologies/Framework2.0/Materials2.0.owl#Material_Properties
S	http://edesign.ecs.umass.edu/ontologies/Framework2.0/Materials2.0.owl#Modulus_of_Elasticity	http://edesign.ecs.umass.edu/ontologies/Framework2.0/Materials2.0.owl#Mechanical_Properties
S	http://edesign.ecs.umass.edu/ontologies/Framework2.0/Materials2.0.owl#Mooney-Rivlen	http://edesign.ecs.umass.edu/ontologies/Framework2.0/Materials2.0.owl#Elastic
S	http://edesign.ecs.umass.edu/ontologies/Framework2.0/Materials2.0.owl#Mooney-Rivlen	http://edesign.ecs.umass.edu/ontologies/Framework2.0/Materials2.0.owl#Hyper-Elastic
S	http://edesign.ecs.umass.edu/ontologies/Framework2.0/Materials2.0.owl#Mooney-Rivlen	http://edesign.ecs.umass.edu/ontologies/Framework2.0/Materials2.0.owl#Material_behavioral_model
S	http://edesign.ecs.umass.edu/ontologies/Framework2.0/Materials2.0.owl#Mooney-Rivlen	http://edesign.ecs.umass.edu/ontologies/Framework2.0/Materials2.0.owl#Nonlinear
S	http://edesign.ecs.umass.edu/ontologies/Framework2.0/Materials2.0.owl#Nonferrous	http://edesign.ecs.umass.edu/ontologies/Framework2.0/Materials2.0.owl#Material
S	http://edesign.ecs.umass.edu/ontologies/Framework2.0/Materials2.0.owl#Nonferrous	http://edesign.ecs.umass.edu/ontologies/Framework2.0/Materials2.0.owl#Metal
S	http://edesign.ecs.umass.edu/ontologies/Framework2.0/Materials2.0.owl#Nonlinear	http://edesign.ecs.umass.edu/ontologies/Framework2.0/Materials2.0.owl#Material_behavioral_model
S	http://edesign.ecs.umass.edu/ontologies/Framework2.0/Materials2.0.owl#Orthotropic	http://edesign.ecs.umass.edu/ontologies/Framework2.0/Materials2.0.owl#Linear
S	http://edesign.ecs.umass.edu/ontologies/Framework2.0/Materials2.0.owl#Orthotropic	http://edesign.ecs.umass.edu/ontologies/Framework2.0/Materials2.0.owl#Material_behavioral_model
S	http://edesign.ecs.umass.edu/ontologies/Framework2.0/Materials2.0.owl#Physical_Properties	http://edesign.ecs.umass.edu/ontologies/Framework2.0/Materials2.0.owl#Material_Properties
S	http://edesign.ecs.umass.edu/ontologies/Framework2.0/Materials2.0.owl#Plastic	http://edesign.ecs.umass.edu/ontologies/Framework2.0/Materials2.0.owl#Material
S	http://edesign.ecs.umass.edu/ontologies/Framework2.0/Materials2.0.owl#Poission_Ratio	http://edesign.ecs.umass.edu/ontologies/Framework2.0/Materials2.0.owl#Material_Properties
S	http://edesign.ecs.umass.edu/ontologies/Framework2.0/Materials2.0.owl#Poission_Ratio	http://edesign.ecs.umass.edu/ontologies/Framework2.0/Materials2.0.owl#Mechanical_Properties
S	http://edesign.ecs.umass.edu/ontologies/Framework2.0/Materials2.0.owl#Polymer	http://edesign.ecs.umass.edu/ontologies/Framework2.0/Materials2.0.owl#Material
S	http://edesign.ecs.umass.edu/ontologies/Framework2.0/Materials2.0.owl#Shear_Modulus	http://edesign.ecs.umass.edu/ontologies/Framework2.0/Materials2.0.owl#Material_Properties
S	http://edesign.ecs.umass.edu/ontologies/Framework2.0/Materials2.0.owl#Shear_Modulus	http://edesign.ecs.umass.edu/ontologies/Framework2.0/Materials2.0.owl#Mechanical_Properties
S	http://edesign.ecs.umass.edu/ontologies/Framework2.0/Materials2.0.owl#Stainless_steel	http://edesign.ecs.umass.edu/ontologies/Framework2.0/Materials2.0.owl#Ferrous
S	http://edesign.ecs.umass.edu/ontologies/Framework2.0/Materials2.0.owl#Stainless_steel	http://edesign.ecs.umass.edu/ontologies/Framework2.0/Materials2.0.owl#Material
S	http://edesign.ecs.umass.edu/ontologies/Framework2.0/Materials2.0.owl#Stainless_steel	http://edesign.ecs.umass.edu/ontologies/Framework2.0/Materials2.0.owl#Metal
S	http://edesign.ecs.umass.edu/ontologies/Framework2.0/Materials2.0.owl#Stainless_steel	http://edesign.ecs.umass.edu/ontologies/Framework2.0/Materials2.0.owl#Steel
S	http://edesign.ecs.umass.edu/ontologies/Framework2.0/Materials2.0.owl#Steel	http://edesign.ecs.umass.edu/ontologies/Framework2.0/Materials2.0.owl#Ferrous
S	http://edesign.ecs.umass.edu/ontologies/Framework2.0/Materials2.0.owl#Steel	http://edesign.ecs.umass.edu/ontologies/Framework2.0/Materials2.0.owl#Material
S	http://edesign.ecs.umass.edu/ontologies/Framework2.0/Materials2.0.owl#Steel	http://edesign.ecs.umass.edu/ontologies/Framework2.0/Materials2.0.owl#Metal
S	http://edesign.ecs.umass.edu/ontologies/Framework2.0/Materials2.0.owl#Stone	http://edesign.ecs.umass.edu/ontologies/Framework2.0/Materials2.0.owl#Material
S	http://edesign.ecs.umass.edu/ontologies/Framework2.0/Materials2.0.owl#Thermal_Conductivity	http://edesign.ecs.umass.edu/ontologies/Framework2.0/Materials2.0.owl#Material_Properties
S	http://edesign.ecs.umass.edu/ontologies/Framework2.0/Materials2.0.owl#Thermal_Conductivity	http://edesign.ecs.umass.edu/ontologies/Framework2.0/Materials2.0.owl#Thermal_Properties
S	http://edesign.ecs.umass.edu/ontologies/Framework2.0/Materials2.0.owl#Thermal_Expansion_Coefficient	http://edesign.ecs.umass.edu/ontologies/Framework2.0/Materials2.0.owl#Material_Properties
S	http://edesign.ecs.umass.edu/ontologies/Framework2.0/Materials2.0.owl#Thermal_Expansion_Coefficient	http://edesign.ecs.umass.edu/ontologies/Framework2.0/Materials2.0.owl#Thermal_Properties
S	http://edesign.ecs.umass.edu/ontologies/Framework2.0/Materials2.0.owl#Thermal_Properties	http://edesign.ecs.umass.edu/ontologies/Framework2.0/Materials2.0.owl#Material_Properties
S	http://edesign.ecs.umass.edu/ontologies/Framework2.0/Materials2.0.owl#Thermoplastic	http://edesign.ecs.umass.edu/ontologies/Framework2.0/Materials2.0.owl#Material
S	http://edesign.ecs.umass.edu/ontologies/Framework2.0/Materials2.0.owl#Thermoplastic	http://edesign.ecs.umass.edu/ontologies/Framework2.0/Materials2.0.owl#Plastic
S	http://edesign.ecs.umass.edu/ontologies/Framework2.0/Materials2.0.owl#Thermosetting	http://edesign.ecs.umass.edu/ontologies/Framework2.0/Materials2.0.owl#Material
S	http://edesign.ecs.umass.edu/ontologies/Framework2.0/Materials2.0.owl#Thermosetting	http://edesign.ecs.umass.edu/ontologies/Framework2.0/Materials2.0.owl#Plastic
S	http://edesign.ecs.umass.edu/ontologies/Framework2.0/Materials2.0.owl#Ultimate_Strength	http://edesign.ecs.umass.edu/ontologies/Framework2.0/Materials2.0.owl#Material_Properties
S	http://edesign.ecs.umass.edu/ontologies/Framework2.0/Materials2.0.owl#Ultimate_Strength	http://edesign.ecs.umass.edu/ontologies/Framework2.0/Materials2.0.owl#Mechanical_Properties
S	http://edesign.ecs.umass.edu/ontologies/Framework2.0/Materials2.0.owl#Viscoelastic-plastic	http://edesign.ecs.umass.edu/ontologies/Framework2.0/Materials2.0.owl#Material_behavioral_model
S	http://edesign.ecs.umass.edu/ontologies/Framework2.0/Materials2.0.owl#Viscoelastic-plastic	http://edesign.ecs.umass.edu/ontologies/Framework2.0/Materials2.0.owl#Nonlinear
S	http://edesign.ecs.umass.edu/ontologies/Framework2.0/Materials2.0.owl#Wood	http://edesign.ecs.umass.edu/ontologies/Framework2.0/Materials2.0.owl#Material
S	http://edesign.ecs.umass.edu/ontologies/Framework2.0/Materials2.0.owl#Yield_Strength	http://edesign.ecs.umass.edu/ontologies/Framework2.0/Materials2.0.owl#Material_Properties
S	http://edesign.ecs.umass.edu/ontologies/Framework2.0/Materials2.0.owl#Yield_Strength	http://edesign.ecs.umass.edu/ontologies/Framework2.0/Materials2.0.owl#Mechanical_Properties
S	http://edesign.ecs.umass.edu/ontologies/Framework2.0/Model_Knowledge2.0.owl#Boolean	http://edesign.ecs.umass.edu/ontologies/Framework2.0/Model_Knowledge2.0.owl#Value_Type
S	http://edesign.ecs.umass.edu/ontologies/Framework2.0/Model_Knowledge2.0.owl#Constant	http://edesign.ecs.umass.edu/ontologies/Framework2.0/Model_Knowledge2.0.owl#Input_Parameter
S	http://edesign.ecs.umass.edu/ontologies/Framework2.0/Model_Knowledge2.0.owl#Constant	http://edesign.ecs.umass.edu/ontologies/Framework2.0/Model_Knowledge2.0.owl#Model_Parameter
S	http://edesign.ecs.umass.edu/ontologies/Framework2.0/Model_Knowledge2.0.owl#Engish_Unit_System	http://edesign.ecs.umass.edu/ontologies/Framework2.0/Model_Knowledge2.0.owl#Units_System
S	http://edesign.ecs.umass.edu/ontologies/Framework2.0/Model_Knowledge2.0.owl#Equality	http://edesign.ecs.umass.edu/ontologies/Framework2.0/Model_Knowledge2.0.owl#Constraint
S	http://edesign.ecs.umass.edu/ontologies/Framework2.0/Model_Knowledge2.0.owl#Float	http://edesign.ecs.umass.edu/ontologies/Framework2.0/Model_Knowledge2.0.owl#Value_Type
S	http://edesign.ecs.umass.edu/ontologies/Framework2.0/Model_Knowledge2.0.owl#Greater_than	http://edesign.ecs.umass.edu/ontologies/Framework2.0/Model_Knowledge2.0.owl#Constraint
S	http://edesign.ecs.umass.edu/ontologies/Framework2.0/Model_Knowledge2.0.owl#Greater_than	http://edesign.ecs.umass.edu/ontologies/Framework2.0/Model_Knowledge2.0.owl#Inequality
S	http://edesign.ecs.umass.edu/ontologies/Framework2.0/Model_Knowledge2.0.owl#Inequality	http://edesign.ecs.umass.edu/ontologies/Framework2.0/Model_Knowledge2.0.owl#Constraint
S	http://edesign.ecs.umass.edu/ontologies/Framework2.0/Model_Knowledge2.0.owl#Input_Parameter	http://edesign.ecs.umass.edu/ontologies/Framework2.0/Model_Knowledge2.0.owl#Model_Parameter
S	http://edesign.ecs.umass.edu/ontologies/Framework2.0/Model_Knowledge2.0.owl#Integer	http://edesign.ecs.umass.edu/ontologies/Framework2.0/Model_Knowledge2.0.owl#Value_Type
S	http://edesign.ecs.umass.edu/ontologies/Framework2.0/Model_Knowledge2.0.owl#International_System_of_Units_SI	http://edesign.ecs.umass.edu/ontologies/Framework2.0/Model_Knowledge2.0.owl#Units_System
S	http://edesign.ecs.umass.edu/ontologies/Framework2.0/Model_Knowledge2.0.owl#Less_than	http://edesign.ecs.umass.edu/ontologies/Framework2.0/Model_Knowledge2.0.owl#Constraint
S	http://edesign.ecs.umass.edu/ontologies/Framework2.0/Model_Knowledge2.0.owl#Less_than	http://edesign.ecs.umass.edu/ontologies/Framework2.0/Model_Knowledge2.0.owl#Inequality
S	http://edesign.ecs.umass.edu/ontologies/Framework2.0/Model_Knowledge2.0.owl#Model_Rationale	http://edesign.ecs.umass.edu/ontologies/Framework2.0/Idealization2.0.owl#Assumptions
S	http://edesign.ecs.umass.edu/ontologies/Framework2.0/Model_Knowledge2.0.owl#Model_Rationale	http://edesign.ecs.umass.edu/ontologies/Framework2.0/Idealization2.0.owl#Idealization
S	http://edesign.ecs.umass.edu/ontologies/Framework2.0/Model_Knowledge2.0.owl#Model_Rationale	http://edesign.ecs.umass.edu/ontologies/Framework2.0/Idealization2.0.owl#Idealization_Justification
S	http://edesign.ecs.umass.edu/ontologies/Framework2.0/Model_Knowledge2.0.owl#Output_Parameter	http://edesign.ecs.umass.edu/ontologies/Framework2.0/Model_Knowledge2.0.owl#Model_Parameter
S	http://edesign.ecs.umass.edu/ontologies/Framework2.0/Model_Knowledge2.0.owl#Side	http://edesign.ecs.umass.edu/ontologies/Framework2.0/Model_Knowledge2.0.owl#Constraint
S	http://edesign.ecs.umass.edu/ontologies/Framework2.0/Model_Knowledge2.0.owl#String	http://edesign.ecs.umass.edu/ontologies/Framework2.0/Model_Knowledge2.0.owl#Value_Type
S	http://edesign.ecs.umass.edu/ontologies/Framework2.0/Model_Knowledge2.0.owl#Variable	http://edesign.ecs.umass.edu/ontologies/Framework2.0/Model_Knowledge2.0.owl#Input_Parameter
S	http://edesign.ecs.umass.edu/ontologies/Framework2.0/Model_Knowledge2.0.owl#Variable	http://edesign.ecs.umass.edu/ontologies/Framework2.0/Model_Knowledge2.0.owl#Model_Parameter
S	http://edesign.ecs.umass.edu/ontologies/Framework2.0/Optimization_Model2.0.owl#Augmented_lagrangian_method	http://edesign.ecs.umass.edu/ontologies/Framework2.0/Model_Knowledge2.0.owl#Model
S	http://edesign.ecs.umass.edu/ontologies/Framework2.0/Optimization_Model2.0.owl#Augmented_lagrangian_method	http://edesign.ecs.umass.edu/ontologies/Framework2.0/Optimization_Model2.0.owl#Constrained_continuous
S	http://edesign.ecs.umass.edu/ontologies/Framework2.0/Optimization_Model2.0.owl#Augmented_lagrangian_method	http://edesign.ecs.umass.edu/ontologies/Framework2.0/Optimization_Model2.0.owl#Continuous_model
S	http://edesign.ecs.umass.edu/ontologies/Framework2.0/Optimization_Model2.0.owl#Augmented_lagrangian_method	http://edesign.ecs.umass.edu/ontologies/Framework2.0/Optimization_Model2.0.owl#Nonlinearly_constrained
S	http://edesign.ecs.umass.edu/ontologies/Framework2.0/Optimization_Model2.0.owl#Augmented_lagrangian_method	http://edesign.ecs.umass.edu/ontologies/Framework2.0/Optimization_Model2.0.owl#Optimization_Model
S	http://edesign.ecs.umass.edu/ontologies/Framework2.0/Optimization_Model2.0.owl#Benders_Decomposistion_Approach	http://edesign.ecs.umass.edu/ontologies/Framework2.0/Model_Knowledge2.0.owl#Model
S	http://edesign.ecs.umass.edu/ontologies/Framework2.0/Optimization_Model2.0.owl#Benders_Decomposistion_Approach	http://edesign.ecs.umass.edu/ontologies/Framework2.0/Optimization_Model2.0.owl#Constrained_continuous
S	http://edesign.ecs.umass.edu/ontologies/Framework2.0/Optimization_Model2.0.owl#Benders_Decomposistion_Approach	http://edesign.ecs.umass.edu/ontologies/Framework2.0/Optimization_Model2.0.owl#Constrained_discrete
S	http://edesign.ecs.umass.edu/ontologies/Framework2.0/Optimization_Model2.0.owl#Benders_Decomposistion_Approach	http://edesign.ecs.umass.edu/ontologies/Framework2.0/Optimization_Model2.0.owl#Continuous_model
S	http://edesign.ecs.umass.edu/ontologies/Framework2.0/Optimization_Model2.0.owl#Benders_Decomposistion_Approach	http://edesign.ecs.umass.edu/ontologies/Framework2.0/Optimization_Model2.0.owl#Discrete_model
S	http://edesign.ecs.umass.edu/ontologies/Framework2.0/Optimization_Model2.0.owl#Benders_Decomposistion_Approach	http://edesign.ecs.umass.edu/ontologies/Framework2.0/Optimization_Model2.0.owl#Optimization_Model
S	http://edesign.ecs.umass.edu/ontologies/Framework2.0/Optimization_Model2.0.owl#Benders_Decomposistion_Approach	http://edesign.ecs.umass.edu/ontologies/Framework2.0/Optimization_Model2.0.owl#Stochastic_programming
S	http://edesign.ecs.umass.edu/ontologies/Framework2.0/Optimization_Model2.0.owl#Bound_constrained	http://edesign.ecs.umass.edu/ontologies/Framework2.0/Model_Knowledge2.0.owl#Model
S	http://edesign.ecs.umass.edu/ontologies/Framework2.0/Optimization_Model2.0.owl#Bound_constrained	http://edesign.ecs.umass.edu/ontologies/Framework2.0/Optimization_Model2.0.owl#Constrained_continuous
S	http://edesign.ecs.umass.edu/ontologies/Framework2.0/Optimization_Model2.0.owl#Bound_constrained	http://edesign.ecs.umass.edu/ontologies/Framework2.0/Optimization_Model2.0.owl#Continuous_model
S	http://edesign.ecs.umass.edu/ontologies/Framework2.0/Optimization_Model2.0.owl#Bound_constrained	http://edesign.ecs.umass.edu/ontologies/Framework2.0/Optimization_Model2.0.owl#Optimization_Model
S	http://edesign.ecs.umass.edu/ontologies/Framework2.0/Optimization_Model2.0.owl#Branch_and_bound	http://edesign.ecs.umass.edu/ontologies/Framework2.0/Model_Knowledge2.0.owl#Model
S	http://edesign.ecs.umass.edu/ontologies/Framework2.0/Optimization_Model2.0.owl#Branch_and_bound	http://edesign.ecs.umass.edu/ontologies/Framework2.0/Optimization_Model2.0.owl#Continuous_model
S	http://edesign.ecs.umass.edu/ontologies/Framework2.0/Optimization_Model2.0.owl#Branch_and_bound	http://edesign.ecs.umass.edu/ontologies/Framework2.0/Optimization_Model2.0.owl#Discrete_model
S	http://edesign.ecs.umass.edu/ontologies/Framework2.0/Optimization_Model2.0.owl#Branch_and_bound	http://edesign.ecs.umass.edu/ontologies/Framework2.0/Optimization_Model2.0.owl#Global_optimization
S	http://edesign.ecs.umass.edu/ontologies/Framework2.0/Optimization_Model2.0.owl#Branch_and_bound	http://edesign.ecs.umass.edu/ontologies/Framework2.0/Optimization_Model2.0.owl#Integer_programming
S	http://edesign.ecs.umass.edu/ontologies/Framework2.0/Optimization_Model2.0.owl#Branch_and_bound	http://edesign.ecs.umass.edu/ontologies/Framework2.0/Optimization_Model2.0.owl#Optimization_Model
S	http://edesign.ecs.umass.edu/ontologies/Framework2.0/Optimization_Model2.0.owl#Branch_and_bound	http://edesign.ecs.umass.edu/ontologies/Framework2.0/Optimization_Model2.0.owl#Unconstrained_continuous
S	http://edesign.ecs.umass.edu/ontologies/Framework2.0/Optimization_Model2.0.owl#Branch_and_bound	http://edesign.ecs.umass.edu/ontologies/Framework2.0/Optimization_Model2.0.owl#Unconstrained_discrete
S	http://edesign.ecs.umass.edu/ontologies/Framework2.0/Optimization_Model2.0.owl#Branch_and_cut	http://edesign.ecs.umass.edu/ontologies/Framework2.0/Model_Knowledge2.0.owl#Model
S	http://edesign.ecs.umass.edu/ontologies/Framework2.0/Optimization_Model2.0.owl#Branch_and_cut	http://edesign.ecs.umass.edu/ontologies/Framework2.0/Optimization_Model2.0.owl#Discrete_model
S	http://edesign.ecs.umass.edu/ontologies/Framework2.0/Optimization_Model2.0.owl#Branch_and_cut	http://edesign.ecs.umass.edu/ontologies/Framework2.0/Optimization_Model2.0.owl#Integer_programming
S	http://edesign.ecs.umass.edu/ontologies/Framework2.0/Optimization_Model2.0.owl#Branch_and_cut	http://edesign.ecs.umass.edu/ontologies/Framework2.0/Optimization_Model2.0.owl#Optimization_Model
S	http://edesign.ecs.umass.edu/ontologies/Framework2.0/Optimization_Model2.0.owl#Branch_and_cut	http://edesign.ecs.umass.edu/ontologies/Framework2.0/Optimization_Model2.0.owl#Unconstrained_discrete
S	http://edesign.ecs.umass.edu/ontologies/Framework2.0/Optimization_Model2.0.owl#Branch_and_price	http://edesign.ecs.umass.edu/ontologies/Framework2.0/Model_Knowledge2.0.owl#Model
S	http://edesign.ecs.umass.edu/ontologies/Framework2.0/Optimization_Model2.0.owl#Branch_and_price	http://edesign.ecs.umass.edu/ontologies/Framework2.0/Optimization_Model2.0.owl#Discrete_model
S	http://edesign.ecs.umass.edu/ontologies/Framework2.0/Optimization_Model2.0.owl#Branch_and_price	http://edesign.ecs.umass.edu/ontologies/Framework2.0/Optimization_Model2.0.owl#Integer_programming
S	http://edesign.ecs.umass.edu/ontologies/Framework2.0/Optimization_Model2.0.owl#Branch_and_price	http://edesign.ecs.umass.edu/ontologies/Framework2.0/Optimization_Model2.0.owl#Optimization_Model
S	http://edesign.ecs.umass.edu/ontologies/Framework2.0/Optimization_Model2.0.owl#Branch_and_price	http://edesign.ecs.umass.edu/ontologies/Framework2.0/Optimization_Model2.0.owl#Unconstrained_discrete
S	http://edesign.ecs.umass.edu/ontologies/Framework2.0/Optimization_Model2.0.owl#Broydens_method	http://edesign.ecs.umass.edu/ontologies/Framework2.0/Model_Knowledge2.0.owl#Model
S	http://edesign.ecs.umass.edu/ontologies/Framework2.0/Optimization_Model2.0.owl#Broydens_method	http://edesign.ecs.umass.edu/ontologies/Framework2.0/Optimization_Model2.0.owl#Continuous_model
S	http://edesign.ecs.umass.edu/ontologies/Framework2.0/Optimization_Model2.0.owl#Broydens_method	http://edesign.ecs.umass.edu/ontologies/Framework2.0/Optimization_Model2.0.owl#Nonlinear_equations
S	http://edesign.ecs.umass.edu/ontologies/Framework2.0/Optimization_Model2.0.owl#Broydens_method	http://edesign.ecs.umass.edu/ontologies/Framework2.0/Optimization_Model2.0.owl#Optimization_Model
S	http://edesign.ecs.umass.edu/ontologies/Framework2.0/Optimization_Model2.0.owl#Broydens_method	http://edesign.ecs.umass.edu/ontologies/Framework2.0/Optimization_Model2.0.owl#Unconstrained_continuous
S	http://edesign.ecs.umass.edu/ontologies/Framework2.0/Optimization_Model2.0.owl#Constrained_continuous	http://edesign.ecs.umass.edu/ontologies/Framework2.0/Model_Knowledge2.0.owl#Model
S	http://edesign.ecs.umass.edu/ontologies/Framework2.0/Optimization_Model2.0.owl#Constrained_continuous	http://edesign.ecs.umass.edu/ontologies/Framework2.0/Optimization_Model2.0.owl#Continuous_model
S	http://edesign.ecs.umass.edu/ontologies/Framework2.0/Optimization_Model2.0.owl#Constrained_continuous	http://edesign.ecs.umass.edu/ontologies/Framework2.0/Optimization_Model2.0.owl#Optimization_Model
S	http://edesign.ecs.umass.edu/ontologies/Framework2.0/Optimization_Model2.0.owl#Constrained_discrete	http://edesign.ecs.umass.edu/ontologies/Framework2.0/Model_Knowledge2.0.owl#Model
S	http://edesign.ecs.umass.edu/ontologies/Framework2.0/Optimization_Model2.0.owl#Constrained_discrete	http://edesign.ecs.umass.edu/ontologies/Framework2.0/Optimization_Model2.0.owl#Discrete_model
S	http://edesign.ecs.umass.edu/ontologies/Framework2.0/Optimization_Model2.0.owl#Constrained_discrete	http://edesign.ecs.umass.edu/ontologies/Framework2.0/Optimization_Model2.0.owl#Optimization_Model
S	http://edesign.ecs.umass.edu/ontologies/Framework2.0/Optimization_Model2.0.owl#Continuation_method	http://edesign.ecs.umass.edu/ontologies/Framework2.0/Model_Knowledge2.0.owl#Model
S	http://edesign.ecs.umass.edu/ontologies/Framework2.0/Optimization_Model2.0.owl#Continuation_method	http://edesign.ecs.umass.edu/ontologies/Framework2.0/Optimization_Model2.0.owl#Continuous_model
S	http://edesign.ecs.umass.edu/ontologies/Framework2.0/Optimization_Model2.0.owl#Continuation_method	http://edesign.ecs.umass.edu/ontologies/Framework2.0/Optimization_Model2.0.owl#Global_optimization
S	http://edesign.ecs.umass.edu/ontologies/Framework2.0/Optimization_Model2.0.owl#Continuation_method	http://edesign.ecs.umass.edu/ontologies/Framework2.0/Optimization_Model2.0.owl#Optimization_Model
S	http://edesign.ecs.umass.edu/ontologies/Framework2.0/Optimization_Model2.0.owl#Continuation_method	http://edesign.ecs.umass.edu/ontologies/Framework2.0/Optimization_Model2.0.owl#Unconstrained_continuous
S	http://edesign.ecs.umass.edu/ontologies/Framework2.0/Optimization_Model2.0.owl#Continuous_model	http://edesign.ecs.umass.edu/ontologies/Framework2.0/Model_Knowledge2.0.owl#Model
S	http://edesign.ecs.umass.edu/ontologies/Framework2.0/Optimization_Model2.0.owl#Continuous_model	http://edesign.ecs.umass.edu/ontologies/Framework2.0/Optimization_Model2.0.owl#Optimization_Model
S	http://edesign.ecs.umass.edu/ontologies/Framework2.0/Optimization_Model2.0.owl#Direct_penalty_method	http://edesign.ecs.umass.edu/ontologies/Framework2.0/Model_Knowledge2.0.owl#Model
S	http://edesign.ecs.umass.edu/ontologies/Framework2.0/Optimization_Model2.0.owl#Direct_penalty_method	http://edesign.ecs.umass.edu/ontologies/Framework2.0/Optimization_Model2.0.owl#Bound_constrained
S	http://edesign.ecs.umass.edu/ontologies/Framework2.0/Optimization_Model2.0.owl#Direct_penalty_method	http://edesign.ecs.umass.edu/ontologies/Framework2.0/Optimization_Model2.0.owl#Constrained_continuous
S	http://edesign.ecs.umass.edu/ontologies/Framework2.0/Optimization_Model2.0.owl#Direct_penalty_method	http://edesign.ecs.umass.edu/ontologies/Framework2.0/Optimization_Model2.0.owl#Continuous_model
S	http://edesign.ecs.umass.edu/ontologies/Framework2.0/Optimization_Model2.0.owl#Direct_penalty_method	http://edesign.ecs.umass.edu/ontologies/Framework2.0/Optimization_Model2.0.owl#Optimization_Model
S	http://edesign.ecs.umass.edu/ontologies/Framework2.0/Optimization_Model2.0.owl#Discrete_model	http://edesign.ecs.umass.edu/ontologies/Framework2.0/Model_Knowledge2.0.owl#Model
S	http://edesign.ecs.umass.edu/ontologies/Framework2.0/Optimization_Model2.0.owl#Discrete_model	http://edesign.ecs.umass.edu/ontologies/Framework2.0/Optimization_Model2.0.owl#Optimization_Model
S	http://edesign.ecs.umass.edu/ontologies/Framework2.0/Optimization_Model2.0.owl#Dynamic_programming	http://edesign.ecs.umass.edu/ontologies/Framework2.0/Model_Knowledge2.0.owl#Model
S	http://edesign.ecs.umass.edu/ontologies/Framework2.0/Optimization_Model2.0.owl#Dynamic_programming	http://edesign.ecs.umass.edu/ontologies/Framework2.0/Optimization_Model2.0.owl#Continuous_model
S	http://edesign.ecs.umass.edu/ontologies/Framework2.0/Optimization_Model2.0.owl#Dynamic_programming	http://edesign.ecs.umass.edu/ontologies/Framework2.0/Optimization_Model2.0.owl#Global_optimization
S	http://edesign.ecs.umass.edu/ontologies/Framework2.0/Optimization_Model2.0.owl#Dynamic_programming	http://edesign.ecs.umass.edu/ontologies/Framework2.0/Optimization_Model2.0.owl#Optimization_Model
S	http://edesign.ecs.umass.edu/ontologies/Framework2.0/Optimization_Model2.0.owl#Dynamic_programming	http://edesign.ecs.umass.edu/ontologies/Framework2.0/Optimization_Model2.0.owl#Unconstrained_continuous
S	http://edesign.ecs.umass.edu/ontologies/Framework2.0/Optimization_Model2.0.owl#Eveolutionary_algorithm	http://edesign.ecs.umass.edu/ontologies/Framework2.0/Model_Knowledge2.0.owl#Model
S	http://edesign.ecs.umass.edu/ontologies/Framework2.0/Optimization_Model2.0.owl#Eveolutionary_algorithm	http://edesign.ecs.umass.edu/ontologies/Framework2.0/Optimization_Model2.0.owl#Continuous_model
S	http://edesign.ecs.umass.edu/ontologies/Framework2.0/Optimization_Model2.0.owl#Eveolutionary_algorithm	http://edesign.ecs.umass.edu/ontologies/Framework2.0/Optimization_Model2.0.owl#Global_optimization
S	http://edesign.ecs.umass.edu/ontologies/Framework2.0/Optimization_Model2.0.owl#Eveolutionary_algorithm	http://edesign.ecs.umass.edu/ontologies/Framework2.0/Optimization_Model2.0.owl#Optimization_Model
S	http://edesign.ecs.umass.edu/ontologies/Framework2.0/Optimization_Model2.0.owl#Eveolutionary_algorithm	http://edesign.ecs.umass.edu/ontologies/Framework2.0/Optimization_Model2.0.owl#Unconstrained_continuous
S	http://edesign.ecs.umass.edu/ontologies/Framework2.0/Optimization_Model2.0.owl#Exploratory_method	http://edesign.ecs.umass.edu/ontologies/Framework2.0/Model_Knowledge2.0.owl#Model
S	http://edesign.ecs.umass.edu/ontologies/Framework2.0/Optimization_Model2.0.owl#Exploratory_method	http://edesign.ecs.umass.edu/ontologies/Framework2.0/Optimization_Model2.0.owl#Bound_constrained
S	http://edesign.ecs.umass.edu/ontologies/Framework2.0/Optimization_Model2.0.owl#Exploratory_method	http://edesign.ecs.umass.edu/ontologies/Framework2.0/Optimization_Model2.0.owl#Constrained_continuous
S	http://edesign.ecs.umass.edu/ontologies/Framework2.0/Optimization_Model2.0.owl#Exploratory_method	http://edesign.ecs.umass.edu/ontologies/Framework2.0/Optimization_Model2.0.owl#Continuous_model
S	http://edesign.ecs.umass.edu/ontologies/Framework2.0/Optimization_Model2.0.owl#Exploratory_method	http://edesign.ecs.umass.edu/ontologies/Framework2.0/Optimization_Model2.0.owl#Optimization_Model
S	http://edesign.ecs.umass.edu/ontologies/Framework2.0/Optimization_Model2.0.owl#Exterior_penalty_function_method	http://edesign.ecs.umass.edu/ontologies/Framework2.0/Model_Knowledge2.0.owl#Model
S	http://edesign.ecs.umass.edu/ontologies/Framework2.0/Optimization_Model2.0.owl#Exterior_penalty_function_method	http://edesign.ecs.umass.edu/ontologies/Framework2.0/Optimization_Model2.0.owl#Bound_constrained
S	http://edesign.ecs.umass.edu/ontologies/Framework2.0/Optimization_Model2.0.owl#Exterior_penalty_function_method	http://edesign.ecs.umass.edu/ontologies/Framework2.0/Optimization_Model2.0.owl#Constrained_continuous
S	http://edesign.ecs.umass.edu/ontologies/Framework2.0/Optimization_Model2.0.owl#Exterior_penalty_function_method	http://edesign.ecs.umass.edu/ontologies/Framework2.0/Optimization_Model2.0.owl#Continuous_model
S	http://edesign.ecs.umass.edu/ontologies/Framework2.0/Optimization_Model2.0.owl#Exterior_penalty_function_method	http://edesign.ecs.umass.edu/ontologies/Framework2.0/Optimization_Model2.0.owl#Direct_penalty_method
S	http://edesign.ecs.umass.edu/ontologies/Framework2.0/Optimization_Model2.0.owl#Exterior_penalty_function_method	http://edesign.ecs.umass.edu/ontologies/Framework2.0/Optimization_Model2.0.owl#Optimization_Model
S	http://edesign.ecs.umass.edu/ontologies/Framework2.0/Optimization_Model2.0.owl#Feasible_sequention_quadratic_programming	http://edesign.ecs.umass.edu/ontologies/Framework2.0/Model_Knowledge2.0.owl#Model
S	http://edesign.ecs.umass.edu/ontologies/Framework2.0/Optimization_Model2.0.owl#Feasible_sequention_quadratic_programming	http://edesign.ecs.umass.edu/ontologies/Framework2.0/Optimization_Model2.0.owl#Constrained_continuous
S	http://edesign.ecs.umass.edu/ontologies/Framework2.0/Optimization_Model2.0.owl#Feasible_sequention_quadratic_programming	http://edesign.ecs.umass.edu/ontologies/Framework2.0/Optimization_Model2.0.owl#Continuous_model
S	http://edesign.ecs.umass.edu/ontologies/Framework2.0/Optimization_Model2.0.owl#Feasible_sequention_quadratic_programming	http://edesign.ecs.umass.edu/ontologies/Framework2.0/Optimization_Model2.0.owl#Nonlinearly_constrained
S	http://edesign.ecs.umass.edu/ontologies/Framework2.0/Optimization_Model2.0.owl#Feasible_sequention_quadratic_programming	http://edesign.ecs.umass.edu/ontologies/Framework2.0/Optimization_Model2.0.owl#Optimization_Model
S	http://edesign.ecs.umass.edu/ontologies/Framework2.0/Optimization_Model2.0.owl#Fletcher_reeves_method	http://edesign.ecs.umass.edu/ontologies/Framework2.0/Model_Knowledge2.0.owl#Model
S	http://edesign.ecs.umass.edu/ontologies/Framework2.0/Optimization_Model2.0.owl#Fletcher_reeves_method	http://edesign.ecs.umass.edu/ontologies/Framework2.0/Optimization_Model2.0.owl#Continuous_model
S	http://edesign.ecs.umass.edu/ontologies/Framework2.0/Optimization_Model2.0.owl#Fletcher_reeves_method	http://edesign.ecs.umass.edu/ontologies/Framework2.0/Optimization_Model2.0.owl#Nonlinear_equations
S	http://edesign.ecs.umass.edu/ontologies/Framework2.0/Optimization_Model2.0.owl#Fletcher_reeves_method	http://edesign.ecs.umass.edu/ontologies/Framework2.0/Optimization_Model2.0.owl#Optimization_Model
S	http://edesign.ecs.umass.edu/ontologies/Framework2.0/Optimization_Model2.0.owl#Fletcher_reeves_method	http://edesign.ecs.umass.edu/ontologies/Framework2.0/Optimization_Model2.0.owl#Unconstrained_continuous
S	http://edesign.ecs.umass.edu/ontologies/Framework2.0/Optimization_Model2.0.owl#Gauss-newton_method	http://edesign.ecs.umass.edu/ontologies/Framework2.0/Model_Knowledge2.0.owl#Model
S	http://edesign.ecs.umass.edu/ontologies/Framework2.0/Optimization_Model2.0.owl#Gauss-newton_method	http://edesign.ecs.umass.edu/ontologies/Framework2.0/Optimization_Model2.0.owl#Continuous_model
S	http://edesign.ecs.umass.edu/ontologies/Framework2.0/Optimization_Model2.0.owl#Gauss-newton_method	http://edesign.ecs.umass.edu/ontologies/Framework2.0/Optimization_Model2.0.owl#Nonlinear_least_squares
S	http://edesign.ecs.umass.edu/ontologies/Framework2.0/Optimization_Model2.0.owl#Gauss-newton_method	http://edesign.ecs.umass.edu/ontologies/Framework2.0/Optimization_Model2.0.owl#Optimization_Model
S	http://edesign.ecs.umass.edu/ontologies/Framework2.0/Optimization_Model2.0.owl#Gauss-newton_method	http://edesign.ecs.umass.edu/ontologies/Framework2.0/Optimization_Model2.0.owl#Unconstrained_continuous
S	http://edesign.ecs.umass.edu/ontologies/Framework2.0/Optimization_Model2.0.owl#Generalized_reduced_gradient_method	http://edesign.ecs.umass.edu/ontologies/Framework2.0/Model_Knowledge2.0.owl#Model
S	http://edesign.ecs.umass.edu/ontologies/Framework2.0/Optimization_Model2.0.owl#Generalized_reduced_gradient_method	http://edesign.ecs.umass.edu/ontologies/Framework2.0/Optimization_Model2.0.owl#Bound_constrained
S	http://edesign.ecs.umass.edu/ontologies/Framework2.0/Optimization_Model2.0.owl#Generalized_reduced_gradient_method	http://edesign.ecs.umass.edu/ontologies/Framework2.0/Optimization_Model2.0.owl#Constrained_continuous
S	http://edesign.ecs.umass.edu/ontologies/Framework2.0/Optimization_Model2.0.owl#Generalized_reduced_gradient_method	http://edesign.ecs.umass.edu/ontologies/Framework2.0/Optimization_Model2.0.owl#Continuous_model
S	http://edesign.ecs.umass.edu/ontologies/Framework2.0/Optimization_Model2.0.owl#Generalized_reduced_gradient_method	http://edesign.ecs.umass.edu/ontologies/Framework2.0/Optimization_Model2.0.owl#Gradient_projection_method
S	http://edesign.ecs.umass.edu/ontologies/Framework2.0/Optimization_Model2.0.owl#Generalized_reduced_gradient_method	http://edesign.ecs.umass.edu/ontologies/Framework2.0/Optimization_Model2.0.owl#Optimization_Model
S	http://edesign.ecs.umass.edu/ontologies/Framework2.0/Optimization_Model2.0.owl#Genetic_algorithm	http://edesign.ecs.umass.edu/ontologies/Framework2.0/Model_Knowledge2.0.owl#Model
S	http://edesign.ecs.umass.edu/ontologies/Framework2.0/Optimization_Model2.0.owl#Genetic_algorithm	http://edesign.ecs.umass.edu/ontologies/Framework2.0/Optimization_Model2.0.owl#Continuous_model
S	http://edesign.ecs.umass.edu/ontologies/Framework2.0/Optimization_Model2.0.owl#Genetic_algorithm	http://edesign.ecs.umass.edu/ontologies/Framework2.0/Optimization_Model2.0.owl#Eveolutionary_algorithm
S	http://edesign.ecs.umass.edu/ontologies/Framework2.0/Optimization_Model2.0.owl#Genetic_algorithm	http://edesign.ecs.umass.edu/ontologies/Framework2.0/Optimization_Model2.0.owl#Global_optimization
S	http://edesign.ecs.umass.edu/ontologies/Framework2.0/Optimization_Model2.0.owl#Genetic_algorithm	http://edesign.ecs.umass.edu/ontologies/Framework2.0/Optimization_Model2.0.owl#Optimization_Model
S	http://edesign.ecs.umass.edu/ontologies/Framework2.0/Optimization_Model2.0.owl#Genetic_algorithm	http://edesign.ecs.umass.edu/ontologies/Framework2.0/Optimization_Model2.0.owl#Unconstrained_continuous
S	http://edesign.ecs.umass.edu/ontologies/Framework2.0/Optimization_Model2.0.owl#Global_optimization	http://edesign.ecs.umass.edu/ontologies/Framework2.0/Model_Knowledge2.0.owl#Model
S	http://edesign.ecs.umass.edu/ontologies/Framework2.0/Optimization_Model2.0.owl#Global_optimization	http://edesign.ecs.umass.edu/ontologies/Framework2.0/Optimization_Model2.0.owl#Continuous_model
S	http://edesign.ecs.umass.edu/ontologies/Framework2.0/Optimization_Model2.0.owl#Global_optimization	http://edesign.ecs.umass.edu/ontologies/Framework2.0/Optimization_Model2.0.owl#Optimization_Model
S	http://edesign.ecs.umass.edu/ontologies/Framework2.0/Optimization_Model2.0.owl#Global_optimization	http://edesign.ecs.umass.edu/ontologies/Framework2.0/Optimization_Model2.0.owl#Unconstrained_continuous
S	http://edesign.ecs.umass.edu/ontologies/Framework2.0/Optimization_Model2.0.owl#Gradient_projection_method	http://edesign.ecs.umass.edu/ontologies/Framework2.0/Model_Knowledge2.0.owl#Model
S	http://edesign.ecs.umass.edu/ontologies/Framework2.0/Optimization_Model2.0.owl#Gradient_projection_method	http://edesign.ecs.umass.edu/ontologies/Framework2.0/Optimization_Model2.0.owl#Bound_constrained
S	http://edesign.ecs.umass.edu/ontologies/Framework2.0/Optimization_Model2.0.owl#Gradient_projection_method	http://edesign.ecs.umass.edu/ontologies/Framework2.0/Optimization_Model2.0.owl#Constrained_continuous
S	http://edesign.ecs.umass.edu/ontologies/Framework2.0/Optimization_Model2.0.owl#Gradient_projection_method	http://edesign.ecs.umass.edu/ontologies/Framework2.0/Optimization_Model2.0.owl#Continuous_model
S	http://edesign.ecs.umass.edu/ontologies/Framework2.0/Optimization_Model2.0.owl#Gradient_projection_method	http://edesign.ecs.umass.edu/ontologies/Framework2.0/Optimization_Model2.0.owl#Optimization_Model
S	http://edesign.ecs.umass.edu/ontologies/Framework2.0/Optimization_Model2.0.owl#Homotopy_method	http://edesign.ecs.umass.edu/ontologies/Framework2.0/Model_Knowledge2.0.owl#Model
S	http://edesign.ecs.umass.edu/ontologies/Framework2.0/Optimization_Model2.0.owl#Homotopy_method	http://edesign.ecs.umass.edu/ontologies/Framework2.0/Optimization_Model2.0.owl#Continuous_model
S	http://edesign.ecs.umass.edu/ontologies/Framework2.0/Optimization_Model2.0.owl#Homotopy_method	http://edesign.ecs.umass.edu/ontologies/Framework2.0/Optimization_Model2.0.owl#Nonlinear_equations
S	http://edesign.ecs.umass.edu/ontologies/Framework2.0/Optimization_Model2.0.owl#Homotopy_method	http://edesign.ecs.umass.edu/ontologies/Framework2.0/Optimization_Model2.0.owl#Optimization_Model
S	http://edesign.ecs.umass.edu/ontologies/Framework2.0/Optimization_Model2.0.owl#Homotopy_method	http://edesign.ecs.umass.edu/ontologies/Framework2.0/Optimization_Model2.0.owl#Unconstrained_continuous
S	http://edesign.ecs.umass.edu/ontologies/Framework2.0/Optimization_Model2.0.owl#Hooke_jeeves	http://edesign.ecs.umass.edu/ontologies/Framework2.0/Model_Knowledge2.0.owl#Model
S	http://edesign.ecs.umass.edu/ontologies/Framework2.0/Optimization_Model2.0.owl#Hooke_jeeves	http://edesign.ecs.umass.edu/ontologies/Framework2.0/Optimization_Model2.0.owl#Bound_constrained
S	http://edesign.ecs.umass.edu/ontologies/Framework2.0/Optimization_Model2.0.owl#Hooke_jeeves	http://edesign.ecs.umass.edu/ontologies/Framework2.0/Optimization_Model2.0.owl#Constrained_continuous
S	http://edesign.ecs.umass.edu/ontologies/Framework2.0/Optimization_Model2.0.owl#Hooke_jeeves	http://edesign.ecs.umass.edu/ontologies/Framework2.0/Optimization_Model2.0.owl#Continuous_model
S	http://edesign.ecs.umass.edu/ontologies/Framework2.0/Optimization_Model2.0.owl#Hooke_jeeves	http://edesign.ecs.umass.edu/ontologies/Framework2.0/Optimization_Model2.0.owl#Direct_penalty_method
S	http://edesign.ecs.umass.edu/ontologies/Framework2.0/Optimization_Model2.0.owl#Hooke_jeeves	http://edesign.ecs.umass.edu/ontologies/Framework2.0/Optimization_Model2.0.owl#Optimization_Model
S	http://edesign.ecs.umass.edu/ontologies/Framework2.0/Optimization_Model2.0.owl#Hybrid_method	http://edesign.ecs.umass.edu/ontologies/Framework2.0/Model_Knowledge2.0.owl#Model
S	http://edesign.ecs.umass.edu/ontologies/Framework2.0/Optimization_Model2.0.owl#Hybrid_method	http://edesign.ecs.umass.edu/ontologies/Framework2.0/Optimization_Model2.0.owl#Continuous_model
S	http://edesign.ecs.umass.edu/ontologies/Framework2.0/Optimization_Model2.0.owl#Hybrid_method	http://edesign.ecs.umass.edu/ontologies/Framework2.0/Optimization_Model2.0.owl#Nonlinear_least_squares
S	http://edesign.ecs.umass.edu/ontologies/Framework2.0/Optimization_Model2.0.owl#Hybrid_method	http://edesign.ecs.umass.edu/ontologies/Framework2.0/Optimization_Model2.0.owl#Optimization_Model
S	http://edesign.ecs.umass.edu/ontologies/Framework2.0/Optimization_Model2.0.owl#Hybrid_method	http://edesign.ecs.umass.edu/ontologies/Framework2.0/Optimization_Model2.0.owl#Unconstrained_continuous
S	http://edesign.ecs.umass.edu/ontologies/Framework2.0/Optimization_Model2.0.owl#Integer_programming	http://edesign.ecs.umass.edu/ontologies/Framework2.0/Model_Knowledge2.0.owl#Model
S	http://edesign.ecs.umass.edu/ontologies/Framework2.0/Optimization_Model2.0.owl#Integer_programming	http://edesign.ecs.umass.edu/ontologies/Framework2.0/Optimization_Model2.0.owl#Discrete_model
S	http://edesign.ecs.umass.edu/ontologies/Framework2.0/Optimization_Model2.0.owl#Integer_programming	http://edesign.ecs.umass.edu/ontologies/Framework2.0/Optimization_Model2.0.owl#Optimization_Model
S	http://edesign.ecs.umass.edu/ontologies/Framework2.0/Optimization_Model2.0.owl#Integer_programming	http://edesign.ecs.umass.edu/ontologies/Framework2.0/Optimization_Model2.0.owl#Unconstrained_discrete
S	http://edesign.ecs.umass.edu/ontologies/Framework2.0/Optimization_Model2.0.owl#Interior-Point_Approach	http://edesign.ecs.umass.edu/ontologies/Framework2.0/Model_Knowledge2.0.owl#Model
S	http://edesign.ecs.umass.edu/ontologies/Framework2.0/Optimization_Model2.0.owl#Interior-Point_Approach	http://edesign.ecs.umass.edu/ontologies/Framework2.0/Optimization_Model2.0.owl#Constrained_continuous
S	http://edesign.ecs.umass.edu/ontologies/Framework2.0/Optimization_Model2.0.owl#Interior-Point_Approach	http://edesign.ecs.umass.edu/ontologies/Framework2.0/Optimization_Model2.0.owl#Constrained_discrete
S	http://edesign.ecs.umass.edu/ontologies/Framework2.0/Optimization_Model2.0.owl#Interior-Point_Approach	http://edesign.ecs.umass.edu/ontologies/Framework2.0/Optimization_Model2.0.owl#Continuous_model
S	http://edesign.ecs.umass.edu/ontologies/Framework2.0/Optimization_Model2.0.owl#Interior-Point_Approach	http://edesign.ecs.umass.edu/ontologies/Framework2.0/Optimization_Model2.0.owl#Discrete_model
S	http://edesign.ecs.umass.edu/ontologies/Framework2.0/Optimization_Model2.0.owl#Interior-Point_Approach	http://edesign.ecs.umass.edu/ontologies/Framework2.0/Optimization_Model2.0.owl#Optimization_Model
S	http://edesign.ecs.umass.edu/ontologies/Framework2.0/Optimization_Model2.0.owl#Interior-Point_Approach	http://edesign.ecs.umass.edu/ontologies/Framework2.0/Optimization_Model2.0.owl#Stochastic_programming
S	http://edesign.ecs.umass.edu/ontologies/Framework2.0/Optimization_Model2.0.owl#Interior_penalty_function_method	http://edesign.ecs.umass.edu/ontologies/Framework2.0/Model_Knowledge2.0.owl#Model
S	http://edesign.ecs.umass.edu/ontologies/Framework2.0/Optimization_Model2.0.owl#Interior_penalty_function_method	http://edesign.ecs.umass.edu/ontologies/Framework2.0/Optimization_Model2.0.owl#Bound_constrained
S	http://edesign.ecs.umass.edu/ontologies/Framework2.0/Optimization_Model2.0.owl#Interior_penalty_function_method	http://edesign.ecs.umass.edu/ontologies/Framework2.0/Optimization_Model2.0.owl#Constrained_continuous
S	http://edesign.ecs.umass.edu/ontologies/Framework2.0/Optimization_Model2.0.owl#Interior_penalty_function_method	http://edesign.ecs.umass.edu/ontologies/Framework2.0/Optimization_Model2.0.owl#Continuous_model
S	http://edesign.ecs.umass.edu/ontologies/Framework2.0/Optimization_Model2.0.owl#Interior_penalty_function_method	http://edesign.ecs.umass.edu/ontologies/Framework2.0/Optimization_Model2.0.owl#Direct_penalty_method
S	http://edesign.ecs.umass.edu/ontologies/Framework2.0/Optimization_Model2.0.owl#Interior_penalty_function_method	http://edesign.ecs.umass.edu/ontologies/Framework2.0/Optimization_Model2.0.owl#Optimization_Model
S	http://edesign.ecs.umass.edu/ontologies/Framework2.0/Optimization_Model2.0.owl#Interior_point_method	http://edesign.ecs.umass.edu/ontologies/Framework2.0/Model_Knowledge2.0.owl#Model
S	http://edesign.ecs.umass.edu/ontologies/Framework2.0/Optimization_Model2.0.owl#Interior_point_method	http://edesign.ecs.umass.edu/ontologies/Framework2.0/Optimization_Model2.0.owl#Constrained_continuous
S	http://edesign.ecs.umass.edu/ontologies/Framework2.0/Optimization_Model2.0.owl#Interior_point_method	http://edesign.ecs.umass.edu/ontologies/Framework2.0/Optimization_Model2.0.owl#Continuous_model
S	http://edesign.ecs.umass.edu/ontologies/Framework2.0/Optimization_Model2.0.owl#Interior_point_method	http://edesign.ecs.umass.edu/ontologies/Framework2.0/Optimization_Model2.0.owl#Linear_programming
S	http://edesign.ecs.umass.edu/ontologies/Framework2.0/Optimization_Model2.0.owl#Interior_point_method	http://edesign.ecs.umass.edu/ontologies/Framework2.0/Optimization_Model2.0.owl#Optimization_Model
S	http://edesign.ecs.umass.edu/ontologies/Framework2.0/Optimization_Model2.0.owl#LSGRG	http://edesign.ecs.umass.edu/ontologies/Framework2.0/Model_Knowledge2.0.owl#Model
S	http://edesign.ecs.umass.edu/ontologies/Framework2.0/Optimization_Model2.0.owl#LSGRG	http://edesign.ecs.umass.edu/ontologies/Framework2.0/Optimization_Model2.0.owl#Bound_constrained
S	http://edesign.ecs.umass.edu/ontologies/Framework2.0/Optimization_Model2.0.owl#LSGRG	http://edesign.ecs.umass.edu/ontologies/Framework2.0/Optimization_Model2.0.owl#Constrained_continuous
S	http://edesign.ecs.umass.edu/ontologies/Framework2.0/Optimization_Model2.0.owl#LSGRG	http://edesign.ecs.umass.edu/ontologies/Framework2.0/Optimization_Model2.0.owl#Continuous_model
S	http://edesign.ecs.umass.edu/ontologies/Framework2.0/Optimization_Model2.0.owl#LSGRG	http://edesign.ecs.umass.edu/ontologies/Framework2.0/Optimization_Model2.0.owl#Gradient_projection_method
S	http://edesign.ecs.umass.edu/ontologies/Framework2.0/Optimization_Model2.0.owl#LSGRG	http://edesign.ecs.umass.edu/ontologies/Framework2.0/Optimization_Model2.0.owl#Optimization_Model
S	http://edesign.ecs.umass.edu/ontologies/Framework2.0/Optimization_Model2.0.owl#Large_scale_method	http://edesign.ecs.umass.edu/ontologies/Framework2.0/Model_Knowledge2.0.owl#Model
S	http://edesign.ecs.umass.edu/ontologies/Framework2.0/Optimization_Model2.0.owl#Large_scale_method	http://edesign.ecs.umass.edu/ontologies/Framework2.0/Optimization_Model2.0.owl#Continuous_model
S	http://edesign.ecs.umass.edu/ontologies/Framework2.0/Optimization_Model2.0.owl#Large_scale_method	http://edesign.ecs.umass.edu/ontologies/Framework2.0/Optimization_Model2.0.owl#Nonlinear_least_squares
S	http://edesign.ecs.umass.edu/ontologies/Framework2.0/Optimization_Model2.0.owl#Large_scale_method	http://edesign.ecs.umass.edu/ontologies/Framework2.0/Optimization_Model2.0.owl#Optimization_Model
S	http://edesign.ecs.umass.edu/ontologies/Framework2.0/Optimization_Model2.0.owl#Large_scale_method	http://edesign.ecs.umass.edu/ontologies/Framework2.0/Optimization_Model2.0.owl#Unconstrained_continuous
S	http://edesign.ecs.umass.edu/ontologies/Framework2.0/Optimization_Model2.0.owl#Levenberg_marquardt_method	http://edesign.ecs.umass.edu/ontologies/Framework2.0/Model_Knowledge2.0.owl#Model
S	http://edesign.ecs.umass.edu/ontologies/Framework2.0/Optimization_Model2.0.owl#Levenberg_marquardt_method	http://edesign.ecs.umass.edu/ontologies/Framework2.0/Optimization_Model2.0.owl#Continuous_model
S	http://edesign.ecs.umass.edu/ontologies/Framework2.0/Optimization_Model2.0.owl#Levenberg_marquardt_method	http://edesign.ecs.umass.edu/ontologies/Framework2.0/Optimization_Model2.0.owl#Nonlinear_least_squares
S	http://edesign.ecs.umass.edu/ontologies/Framework2.0/Optimization_Model2.0.owl#Levenberg_marquardt_method	http://edesign.ecs.umass.edu/ontologies/Framework2.0/Optimization_Model2.0.owl#Optimization_Model
S	http://edesign.ecs.umass.edu/ontologies/Framework2.0/Optimization_Model2.0.owl#Levenberg_marquardt_method	http://edesign.ecs.umass.edu/ontologies/Framework2.0/Optimization_Model2.0.owl#Unconstrained_continuous
S	http://edesign.ecs.umass.edu/ontologies/Framework2.0/Optimization_Model2.0.owl#Line_search_method	http://edesign.ecs.umass.edu/ontologies/Framework2.0/Model_Knowledge2.0.owl#Model
S	http://edesign.ecs.umass.edu/ontologies/Framework2.0/Optimization_Model2.0.owl#Line_search_method	http://edesign.ecs.umass.edu/ontologies/Framework2.0/Optimization_Model2.0.owl#Continuous_model
S	http://edesign.ecs.umass.edu/ontologies/Framework2.0/Optimization_Model2.0.owl#Line_search_method	http://edesign.ecs.umass.edu/ontologies/Framework2.0/Optimization_Model2.0.owl#Nonlinear_equations
S	http://edesign.ecs.umass.edu/ontologies/Framework2.0/Optimization_Model2.0.owl#Line_search_method	http://edesign.ecs.umass.edu/ontologies/Framework2.0/Optimization_Model2.0.owl#Optimization_Model
S	http://edesign.ecs.umass.edu/ontologies/Framework2.0/Optimization_Model2.0.owl#Line_search_method	http://edesign.ecs.umass.edu/ontologies/Framework2.0/Optimization_Model2.0.owl#Unconstrained_continuous
S	http://edesign.ecs.umass.edu/ontologies/Framework2.0/Optimization_Model2.0.owl#Linear_programming	http://edesign.ecs.umass.edu/ontologies/Framework2.0/Model_Knowledge2.0.owl#Model
S	http://edesign.ecs.umass.edu/ontologies/Framework2.0/Optimization_Model2.0.owl#Linear_programming	http://edesign.ecs.umass.edu/ontologies/Framework2.0/Optimization_Model2.0.owl#Constrained_continuous
S	http://edesign.ecs.umass.edu/ontologies/Framework2.0/Optimization_Model2.0.owl#Linear_programming	http://edesign.ecs.umass.edu/ontologies/Framework2.0/Optimization_Model2.0.owl#Continuous_model
S	http://edesign.ecs.umass.edu/ontologies/Framework2.0/Optimization_Model2.0.owl#Linear_programming	http://edesign.ecs.umass.edu/ontologies/Framework2.0/Optimization_Model2.0.owl#Optimization_Model
S	http://edesign.ecs.umass.edu/ontologies/Framework2.0/Optimization_Model2.0.owl#Method_of_adaptive_penalties	http://edesign.ecs.umass.edu/ontologies/Framework2.0/Model_Knowledge2.0.owl#Model
S	http://edesign.ecs.umass.edu/ontologies/Framework2.0/Optimization_Model2.0.owl#Method_of_adaptive_penalties	http://edesign.ecs.umass.edu/ontologies/Framework2.0/Optimization_Model2.0.owl#Bound_constrained
S	http://edesign.ecs.umass.edu/ontologies/Framework2.0/Optimization_Model2.0.owl#Method_of_adaptive_penalties	http://edesign.ecs.umass.edu/ontologies/Framework2.0/Optimization_Model2.0.owl#Constrained_continuous
S	http://edesign.ecs.umass.edu/ontologies/Framework2.0/Optimization_Model2.0.owl#Method_of_adaptive_penalties	http://edesign.ecs.umass.edu/ontologies/Framework2.0/Optimization_Model2.0.owl#Continuous_model
S	http://edesign.ecs.umass.edu/ontologies/Framework2.0/Optimization_Model2.0.owl#Method_of_adaptive_penalties	http://edesign.ecs.umass.edu/ontologies/Framework2.0/Optimization_Model2.0.owl#Direct_penalty_method
S	http://edesign.ecs.umass.edu/ontologies/Framework2.0/Optimization_Model2.0.owl#Method_of_adaptive_penalties	http://edesign.ecs.umass.edu/ontologies/Framework2.0/Optimization_Model2.0.owl#Optimization_Model
S	http://edesign.ecs.umass.edu/ontologies/Framework2.0/Optimization_Model2.0.owl#Modified_feasible_directions_method	http://edesign.ecs.umass.edu/ontologies/Framework2.0/Model_Knowledge2.0.owl#Model
S	http://edesign.ecs.umass.edu/ontologies/Framework2.0/Optimization_Model2.0.owl#Modified_feasible_directions_method	http://edesign.ecs.umass.edu/ontologies/Framework2.0/Optimization_Model2.0.owl#Bound_constrained
S	http://edesign.ecs.umass.edu/ontologies/Framework2.0/Optimization_Model2.0.owl#Modified_feasible_directions_method	http://edesign.ecs.umass.edu/ontologies/Framework2.0/Optimization_Model2.0.owl#Constrained_continuous
S	http://edesign.ecs.umass.edu/ontologies/Framework2.0/Optimization_Model2.0.owl#Modified_feasible_directions_method	http://edesign.ecs.umass.edu/ontologies/Framework2.0/Optimization_Model2.0.owl#Continuous_model
S	http://edesign.ecs.umass.edu/ontologies/Framework2.0/Optimization_Model2.0.owl#Modified_feasible_directions_method	http://edesign.ecs.umass.edu/ontologies/Framework2.0/Optimization_Model2.0.owl#Gradient_projection_method
S	http://edesign.ecs.umass.edu/ontologies/Framework2.0/Optimization_Model2.0.owl#Modified_feasible_directions_method	http://edesign.ecs.umass.edu/ontologies/Framework2.0/Optimization_Model2.0.owl#Optimization_Model
S	http://edesign.ecs.umass.edu/ontologies/Framework2.0/Optimization_Model2.0.owl#Multi-island_GA	http://edesign.ecs.umass.edu/ontologies/Framework2.0/Model_Knowledge2.0.owl#Model
S	http://edesign.ecs.umass.edu/ontologies/Framework2.0/Optimization_Model2.0.owl#Multi-island_GA	http://edesign.ecs.umass.edu/ontologies/Framework2.0/Optimization_Model2.0.owl#Bound_constrained
S	http://edesign.ecs.umass.edu/ontologies/Framework2.0/Optimization_Model2.0.owl#Multi-island_GA	http://edesign.ecs.umass.edu/ontologies/Framework2.0/Optimization_Model2.0.owl#Constrained_continuous
S	http://edesign.ecs.umass.edu/ontologies/Framework2.0/Optimization_Model2.0.owl#Multi-island_GA	http://edesign.ecs.umass.edu/ontologies/Framework2.0/Optimization_Model2.0.owl#Continuous_model
S	http://edesign.ecs.umass.edu/ontologies/Framework2.0/Optimization_Model2.0.owl#Multi-island_GA	http://edesign.ecs.umass.edu/ontologies/Framework2.0/Optimization_Model2.0.owl#Exploratory_method
S	http://edesign.ecs.umass.edu/ontologies/Framework2.0/Optimization_Model2.0.owl#Multi-island_GA	http://edesign.ecs.umass.edu/ontologies/Framework2.0/Optimization_Model2.0.owl#Optimization_Model
S	http://edesign.ecs.umass.edu/ontologies/Framework2.0/Optimization_Model2.0.owl#NLPQL	http://edesign.ecs.umass.edu/ontologies/Framework2.0/Model_Knowledge2.0.owl#Model
S	http://edesign.ecs.umass.edu/ontologies/Framework2.0/Optimization_Model2.0.owl#NLPQL	http://edesign.ecs.umass.edu/ontologies/Framework2.0/Optimization_Model2.0.owl#Bound_constrained
S	http://edesign.ecs.umass.edu/ontologies/Framework2.0/Optimization_Model2.0.owl#NLPQL	http://edesign.ecs.umass.edu/ontologies/Framework2.0/Optimization_Model2.0.owl#Constrained_continuous
S	http://edesign.ecs.umass.edu/ontologies/Framework2.0/Optimization_Model2.0.owl#NLPQL	http://edesign.ecs.umass.edu/ontologies/Framework2.0/Optimization_Model2.0.owl#Continuous_model
S	http://edesign.ecs.umass.edu/ontologies/Framework2.0/Optimization_Model2.0.owl#NLPQL	http://edesign.ecs.umass.edu/ontologies/Framework2.0/Optimization_Model2.0.owl#Gradient_projection_method
S	http://edesign.ecs.umass.edu/ontologies/Framework2.0/Optimization_Model2.0.owl#NLPQL	http://edesign.ecs.umass.edu/ontologies/Framework2.0/Optimization_Model2.0.owl#Optimization_Model
S	http://edesign.ecs.umass.edu/ontologies/Framework2.0/Optimization_Model2.0.owl#Network_programming	http://edesign.ecs.umass.edu/ontologies/Framework2.0/Model_Knowledge2.0.owl#Model
S	http://edesign.ecs.umass.edu/ontologies/Framework2.0/Optimization_Model2.0.owl#Network_programming	http://edesign.ecs.umass.edu/ontologies/Framework2.0/Optimization_Model2.0.owl#Constrained_continuous
S	http://edesign.ecs.umass.edu/ontologies/Framework2.0/Optimization_Model2.0.owl#Network_programming	http://edesign.ecs.umass.edu/ontologies/Framework2.0/Optimization_Model2.0.owl#Continuous_model
S	http://edesign.ecs.umass.edu/ontologies/Framework2.0/Optimization_Model2.0.owl#Network_programming	http://edesign.ecs.umass.edu/ontologies/Framework2.0/Optimization_Model2.0.owl#Optimization_Model
S	http://edesign.ecs.umass.edu/ontologies/Framework2.0/Optimization_Model2.0.owl#Newton_method	http://edesign.ecs.umass.edu/ontologies/Framework2.0/Model_Knowledge2.0.owl#Model
S	http://edesign.ecs.umass.edu/ontologies/Framework2.0/Optimization_Model2.0.owl#Newton_method	http://edesign.ecs.umass.edu/ontologies/Framework2.0/Optimization_Model2.0.owl#Bound_constrained
S	http://edesign.ecs.umass.edu/ontologies/Framework2.0/Optimization_Model2.0.owl#Newton_method	http://edesign.ecs.umass.edu/ontologies/Framework2.0/Optimization_Model2.0.owl#Constrained_continuous
S	http://edesign.ecs.umass.edu/ontologies/Framework2.0/Optimization_Model2.0.owl#Newton_method	http://edesign.ecs.umass.edu/ontologies/Framework2.0/Optimization_Model2.0.owl#Continuous_model
S	http://edesign.ecs.umass.edu/ontologies/Framework2.0/Optimization_Model2.0.owl#Newton_method	http://edesign.ecs.umass.edu/ontologies/Framework2.0/Optimization_Model2.0.owl#Gradient_projection_method
S	http://edesign.ecs.umass.edu/ontologies/Framework2.0/Optimization_Model2.0.owl#Newton_method	http://edesign.ecs.umass.edu/ontologies/Framework2.0/Optimization_Model2.0.owl#Optimization_Model
S	http://edesign.ecs.umass.edu/ontologies/Framework2.0/Optimization_Model2.0.owl#Nondifferentiable_optimization	http://edesign.ecs.umass.edu/ontologies/Framework2.0/Model_Knowledge2.0.owl#Model
S	http://edesign.ecs.umass.edu/ontologies/Framework2.0/Optimization_Model2.0.owl#Nondifferentiable_optimization	http://edesign.ecs.umass.edu/ontologies/Framework2.0/Optimization_Model2.0.owl#Continuous_model
S	http://edesign.ecs.umass.edu/ontologies/Framework2.0/Optimization_Model2.0.owl#Nondifferentiable_optimization	http://edesign.ecs.umass.edu/ontologies/Framework2.0/Optimization_Model2.0.owl#Optimization_Model
S	http://edesign.ecs.umass.edu/ontologies/Framework2.0/Optimization_Model2.0.owl#Nondifferentiable_optimization	http://edesign.ecs.umass.edu/ontologies/Framework2.0/Optimization_Model2.0.owl#Unconstrained_continuous
S	http://edesign.ecs.umass.edu/ontologies/Framework2.0/Optimization_Model2.0.owl#Nonlinear_equations	http://edesign.ecs.umass.edu/ontologies/Framework2.0/Model_Knowledge2.0.owl#Model
S	http://edesign.ecs.umass.edu/ontologies/Framework2.0/Optimization_Model2.0.owl#Nonlinear_equations	http://edesign.ecs.umass.edu/ontologies/Framework2.0/Optimization_Model2.0.owl#Continuous_model
S	http://edesign.ecs.umass.edu/ontologies/Framework2.0/Optimization_Model2.0.owl#Nonlinear_equations	http://edesign.ecs.umass.edu/ontologies/Framework2.0/Optimization_Model2.0.owl#Optimization_Model
S	http://edesign.ecs.umass.edu/ontologies/Framework2.0/Optimization_Model2.0.owl#Nonlinear_equations	http://edesign.ecs.umass.edu/ontologies/Framework2.0/Optimization_Model2.0.owl#Unconstrained_continuous
S	http://edesign.ecs.umass.edu/ontologies/Framework2.0/Optimization_Model2.0.owl#Nonlinear_least_squares	http://edesign.ecs.umass.edu/ontologies/Framework2.0/Model_Knowledge2.0.owl#Model
S	http://edesign.ecs.umass.edu/ontologies/Framework2.0/Optimization_Model2.0.owl#Nonlinear_least_squares	http://edesign.ecs.umass.edu/ontologies/Framework2.0/Optimization_Model2.0.owl#Continuous_model
S	http://edesign.ecs.umass.edu/ontologies/Framework2.0/Optimization_Model2.0.owl#Nonlinear_least_squares	http://edesign.ecs.umass.edu/ontologies/Framework2.0/Optimization_Model2.0.owl#Optimization_Model
S	http://edesign.ecs.umass.edu/ontologies/Framework2.0/Optimization_Model2.0.owl#Nonlinear_least_squares	http://edesign.ecs.umass.edu/ontologies/Framework2.0/Optimization_Model2.0.owl#Unconstrained_continuous
S	http://edesign.ecs.umass.edu/ontologies/Framework2.0/Optimization_Model2.0.owl#Nonlinearly_constrained	http://edesign.ecs.umass.edu/ontologies/Framework2.0/Model_Knowledge2.0.owl#Model
S	http://edesign.ecs.umass.edu/ontologies/Framework2.0/Optimization_Model2.0.owl#Nonlinearly_constrained	http://edesign.ecs.umass.edu/ontologies/Framework2.0/Optimization_Model2.0.owl#Constrained_continuous
S	http://edesign.ecs.umass.edu/ontologies/Framework2.0/Optimization_Model2.0.owl#Nonlinearly_constrained	http://edesign.ecs.umass.edu/ontologies/Framework2.0/Optimization_Model2.0.owl#Continuous_model
S	http://edesign.ecs.umass.edu/ontologies/Framework2.0/Optimization_Model2.0.owl#Nonlinearly_constrained	http://edesign.ecs.umass.edu/ontologies/Framework2.0/Optimization_Model2.0.owl#Optimization_Model
S	http://edesign.ecs.umass.edu/ontologies/Framework2.0/Optimization_Model2.0.owl#Optimization_Model	http://edesign.ecs.umass.edu/ontologies/Framework2.0/Model_Knowledge2.0.owl#Model
S	http://edesign.ecs.umass.edu/ontologies/Framework2.0/Optimization_Model2.0.owl#Powells_method	http://edesign.ecs.umass.edu/ontologies/Framework2.0/Model_Knowledge2.0.owl#Model
S	http://edesign.ecs.umass.edu/ontologies/Framework2.0/Optimization_Model2.0.owl#Powells_method	http://edesign.ecs.umass.edu/ontologies/Framework2.0/Optimization_Model2.0.owl#Continuous_model
S	http://edesign.ecs.umass.edu/ontologies/Framework2.0/Optimization_Model2.0.owl#Powells_method	http://edesign.ecs.umass.edu/ontologies/Framework2.0/Optimization_Model2.0.owl#Global_optimization
S	http://edesign.ecs.umass.edu/ontologies/Framework2.0/Optimization_Model2.0.owl#Powells_method	http://edesign.ecs.umass.edu/ontologies/Framework2.0/Optimization_Model2.0.owl#Optimization_Model
S	http://edesign.ecs.umass.edu/ontologies/Framework2.0/Optimization_Model2.0.owl#Powells_method	http://edesign.ecs.umass.edu/ontologies/Framework2.0/Optimization_Model2.0.owl#Unconstrained_continuous
S	http://edesign.ecs.umass.edu/ontologies/Framework2.0/Optimization_Model2.0.owl#Primal-Dual_interior_point_method	http://edesign.ecs.umass.edu/ontologies/Framework2.0/Model_Knowledge2.0.owl#Model
S	http://edesign.ecs.umass.edu/ontologies/Framework2.0/Optimization_Model2.0.owl#Primal-Dual_interior_point_method	http://edesign.ecs.umass.edu/ontologies/Framework2.0/Optimization_Model2.0.owl#Constrained_continuous
S	http://edesign.ecs.umass.edu/ontologies/Framework2.0/Optimization_Model2.0.owl#Primal-Dual_interior_point_method	http://edesign.ecs.umass.edu/ontologies/Framework2.0/Optimization_Model2.0.owl#Continuous_model
S	http://edesign.ecs.umass.edu/ontologies/Framework2.0/Optimization_Model2.0.owl#Primal-Dual_interior_point_method	http://edesign.ecs.umass.edu/ontologies/Framework2.0/Optimization_Model2.0.owl#Optimization_Model
S	http://edesign.ecs.umass.edu/ontologies/Framework2.0/Optimization_Model2.0.owl#Primal-Dual_interior_point_method	http://edesign.ecs.umass.edu/ontologies/Framework2.0/Optimization_Model2.0.owl#Semidefinite_programming
S	http://edesign.ecs.umass.edu/ontologies/Framework2.0/Optimization_Model2.0.owl#Quadratic_programming	http://edesign.ecs.umass.edu/ontologies/Framework2.0/Model_Knowledge2.0.owl#Model
S	http://edesign.ecs.umass.edu/ontologies/Framework2.0/Optimization_Model2.0.owl#Quadratic_programming	http://edesign.ecs.umass.edu/ontologies/Framework2.0/Optimization_Model2.0.owl#Constrained_continuous
S	http://edesign.ecs.umass.edu/ontologies/Framework2.0/Optimization_Model2.0.owl#Quadratic_programming	http://edesign.ecs.umass.edu/ontologies/Framework2.0/Optimization_Model2.0.owl#Continuous_model
S	http://edesign.ecs.umass.edu/ontologies/Framework2.0/Optimization_Model2.0.owl#Quadratic_programming	http://edesign.ecs.umass.edu/ontologies/Framework2.0/Optimization_Model2.0.owl#Optimization_Model
S	http://edesign.ecs.umass.edu/ontologies/Framework2.0/Optimization_Model2.0.owl#Reduced_gradient_method	http://edesign.ecs.umass.edu/ontologies/Framework2.0/Model_Knowledge2.0.owl#Model
S	http://edesign.ecs.umass.edu/ontologies/Framework2.0/Optimization_Model2.0.owl#Reduced_gradient_method	http://edesign.ecs.umass.edu/ontologies/Framework2.0/Optimization_Model2.0.owl#Constrained_continuous
S	http://edesign.ecs.umass.edu/ontologies/Framework2.0/Optimization_Model2.0.owl#Reduced_gradient_method	http://edesign.ecs.umass.edu/ontologies/Framework2.0/Optimization_Model2.0.owl#Continuous_model
S	http://edesign.ecs.umass.edu/ontologies/Framework2.0/Optimization_Model2.0.owl#Reduced_gradient_method	http://edesign.ecs.umass.edu/ontologies/Framework2.0/Optimization_Model2.0.owl#Nonlinearly_constrained
S	http://edesign.ecs.umass.edu/ontologies/Framework2.0/Optimization_Model2.0.owl#Reduced_gradient_method	http://edesign.ecs.umass.edu/ontologies/Framework2.0/Optimization_Model2.0.owl#Optimization_Model
S	http://edesign.ecs.umass.edu/ontologies/Framework2.0/Optimization_Model2.0.owl#Semidefinite_programming	http://edesign.ecs.umass.edu/ontologies/Framework2.0/Model_Knowledge2.0.owl#Model
S	http://edesign.ecs.umass.edu/ontologies/Framework2.0/Optimization_Model2.0.owl#Semidefinite_programming	http://edesign.ecs.umass.edu/ontologies/Framework2.0/Optimization_Model2.0.owl#Constrained_continuous
S	http://edesign.ecs.umass.edu/ontologies/Framework2.0/Optimization_Model2.0.owl#Semidefinite_programming	http://edesign.ecs.umass.edu/ontologies/Framework2.0/Optimization_Model2.0.owl#Continuous_model
S	http://edesign.ecs.umass.edu/ontologies/Framework2.0/Optimization_Model2.0.owl#Semidefinite_programming	http://edesign.ecs.umass.edu/ontologies/Framework2.0/Optimization_Model2.0.owl#Optimization_Model
S	http://edesign.ecs.umass.edu/ontologies/Framework2.0/Optimization_Model2.0.owl#Sequential_quadratic_programing	http://edesign.ecs.umass.edu/ontologies/Framework2.0/Model_Knowledge2.0.owl#Model
S	http://edesign.ecs.umass.edu/ontologies/Framework2.0/Optimization_Model2.0.owl#Sequential_quadratic_programing	http://edesign.ecs.umass.edu/ontologies/Framework2.0/Optimization_Model2.0.owl#Constrained_continuous
S	http://edesign.ecs.umass.edu/ontologies/Framework2.0/Optimization_Model2.0.owl#Sequential_quadratic_programing	http://edesign.ecs.umass.edu/ontologies/Framework2.0/Optimization_Model2.0.owl#Continuous_model
S	http://edesign.ecs.umass.edu/ontologies/Framework2.0/Optimization_Model2.0.owl#Sequential_quadratic_programing	http://edesign.ecs.umass.edu/ontologies/Framework2.0/Optimization_Model2.0.owl#Nonlinearly_constrained
S	http://edesign.ecs.umass.edu/ontologies/Framework2.0/Optimization_Model2.0.owl#Sequential_quadratic_programing	http://edesign.ecs.umass.edu/ontologies/Framework2.0/Optimization_Model2.0.owl#Optimization_Model
S	http://edesign.ecs.umass.edu/ontologies/Framework2.0/Optimization_Model2.0.owl#Simplex_method	http://edesign.ecs.umass.edu/ontologies/Framework2.0/Model_Knowledge2.0.owl#Model
S	http://edesign.ecs.umass.edu/ontologies/Framework2.0/Optimization_Model2.0.owl#Simplex_method	http://edesign.ecs.umass.edu/ontologies/Framework2.0/Optimization_Model2.0.owl#Constrained_continuous
S	http://edesign.ecs.umass.edu/ontologies/Framework2.0/Optimization_Model2.0.owl#Simplex_method	http://edesign.ecs.umass.edu/ontologies/Framework2.0/Optimization_Model2.0.owl#Continuous_model
S	http://edesign.ecs.umass.edu/ontologies/Framework2.0/Optimization_Model2.0.owl#Simplex_method	http://edesign.ecs.umass.edu/ontologies/Framework2.0/Optimization_Model2.0.owl#Linear_programming
S	http://edesign.ecs.umass.edu/ontologies/Framework2.0/Optimization_Model2.0.owl#Simplex_method	http://edesign.ecs.umass.edu/ontologies/Framework2.0/Optimization_Model2.0.owl#Optimization_Model
S	http://edesign.ecs.umass.edu/ontologies/Framework2.0/Optimization_Model2.0.owl#Simulated_annealing	http://edesign.ecs.umass.edu/ontologies/Framework2.0/Model_Knowledge2.0.owl#Model
S	http://edesign.ecs.umass.edu/ontologies/Framework2.0/Optimization_Model2.0.owl#Simulated_annealing	http://edesign.ecs.umass.edu/ontologies/Framework2.0/Optimization_Model2.0.owl#Continuous_model
S	http://edesign.ecs.umass.edu/ontologies/Framework2.0/Optimization_Model2.0.owl#Simulated_annealing	http://edesign.ecs.umass.edu/ontologies/Framework2.0/Optimization_Model2.0.owl#Global_optimization
S	http://edesign.ecs.umass.edu/ontologies/Framework2.0/Optimization_Model2.0.owl#Simulated_annealing	http://edesign.ecs.umass.edu/ontologies/Framework2.0/Optimization_Model2.0.owl#Optimization_Model
S	http://edesign.ecs.umass.edu/ontologies/Framework2.0/Optimization_Model2.0.owl#Simulated_annealing	http://edesign.ecs.umass.edu/ontologies/Framework2.0/Optimization_Model2.0.owl#Unconstrained_continuous
S	http://edesign.ecs.umass.edu/ontologies/Framework2.0/Optimization_Model2.0.owl#Stochastic_method	http://edesign.ecs.umass.edu/ontologies/Framework2.0/Model_Knowledge2.0.owl#Model
S	http://edesign.ecs.umass.edu/ontologies/Framework2.0/Optimization_Model2.0.owl#Stochastic_method	http://edesign.ecs.umass.edu/ontologies/Framework2.0/Optimization_Model2.0.owl#Continuous_model
S	http://edesign.ecs.umass.edu/ontologies/Framework2.0/Optimization_Model2.0.owl#Stochastic_method	http://edesign.ecs.umass.edu/ontologies/Framework2.0/Optimization_Model2.0.owl#Global_optimization
S	http://edesign.ecs.umass.edu/ontologies/Framework2.0/Optimization_Model2.0.owl#Stochastic_method	http://edesign.ecs.umass.edu/ontologies/Framework2.0/Optimization_Model2.0.owl#Optimization_Model
S	http://edesign.ecs.umass.edu/ontologies/Framework2.0/Optimization_Model2.0.owl#Stochastic_method	http://edesign.ecs.umass.edu/ontologies/Framework2.0/Optimization_Model2.0.owl#Unconstrained_continuous
S	http://edesign.ecs.umass.edu/ontologies/Framework2.0/Optimization_Model2.0.owl#Stochastic_programming	http://edesign.ecs.umass.edu/ontologies/Framework2.0/Model_Knowledge2.0.owl#Model
S	http://edesign.ecs.umass.edu/ontologies/Framework2.0/Optimization_Model2.0.owl#Stochastic_programming	http://edesign.ecs.umass.edu/ontologies/Framework2.0/Optimization_Model2.0.owl#Constrained_continuous
S	http://edesign.ecs.umass.edu/ontologies/Framework2.0/Optimization_Model2.0.owl#Stochastic_programming	http://edesign.ecs.umass.edu/ontologies/Framework2.0/Optimization_Model2.0.owl#Constrained_discrete
S	http://edesign.ecs.umass.edu/ontologies/Framework2.0/Optimization_Model2.0.owl#Stochastic_programming	http://edesign.ecs.umass.edu/ontologies/Framework2.0/Optimization_Model2.0.owl#Continuous_model
S	http://edesign.ecs.umass.edu/ontologies/Framework2.0/Optimization_Model2.0.owl#Stochastic_programming	http://edesign.ecs.umass.edu/ontologies/Framework2.0/Optimization_Model2.0.owl#Discrete_model
S	http://edesign.ecs.umass.edu/ontologies/Framework2.0/Optimization_Model2.0.owl#Stochastic_programming	http://edesign.ecs.umass.edu/ontologies/Framework2.0/Optimization_Model2.0.owl#Optimization_Model
S	http://edesign.ecs.umass.edu/ontologies/Framework2.0/Optimization_Model2.0.owl#Tensor_method	http://edesign.ecs.umass.edu/ontologies/Framework2.0/Model_Knowledge2.0.owl#Model
S	http://edesign.ecs.umass.edu/ontologies/Framework2.0/Optimization_Model2.0.owl#Tensor_method	http://edesign.ecs.umass.edu/ontologies/Framework2.0/Optimization_Model2.0.owl#Continuous_model
S	http://edesign.ecs.umass.edu/ontologies/Framework2.0/Optimization_Model2.0.owl#Tensor_method	http://edesign.ecs.umass.edu/ontologies/Framework2.0/Optimization_Model2.0.owl#Nonlinear_equations
S	http://edesign.ecs.umass.edu/ontologies/Framework2.0/Optimization_Model2.0.owl#Tensor_method	http://edesign.ecs.umass.edu/ontologies/Framework2.0/Optimization_Model2.0.owl#Optimization_Model
S	http://edesign.ecs.umass.edu/ontologies/Framework2.0/Optimization_Model2.0.owl#Tensor_method	http://edesign.ecs.umass.edu/ontologies/Framework2.0/Optimization_Model2.0.owl#Unconstrained_continuous
S	http://edesign.ecs.umass.edu/ontologies/Framework2.0/Optimization_Model2.0.owl#Topological_optimization	http://edesign.ecs.umass.edu/ontologies/Framework2.0/Model_Knowledge2.0.owl#Model
S	http://edesign.ecs.umass.edu/ontologies/Framework2.0/Optimization_Model2.0.owl#Topological_optimization	http://edesign.ecs.umass.edu/ontologies/Framework2.0/Optimization_Model2.0.owl#Constrained_continuous
S	http://edesign.ecs.umass.edu/ontologies/Framework2.0/Optimization_Model2.0.owl#Topological_optimization	http://edesign.ecs.umass.edu/ontologies/Framework2.0/Optimization_Model2.0.owl#Continuous_model
S	http://edesign.ecs.umass.edu/ontologies/Framework2.0/Optimization_Model2.0.owl#Topological_optimization	http://edesign.ecs.umass.edu/ontologies/Framework2.0/Optimization_Model2.0.owl#Optimization_Model
S	http://edesign.ecs.umass.edu/ontologies/Framework2.0/Optimization_Model2.0.owl#Trust_region_method	http://edesign.ecs.umass.edu/ontologies/Framework2.0/Model_Knowledge2.0.owl#Model
S	http://edesign.ecs.umass.edu/ontologies/Framework2.0/Optimization_Model2.0.owl#Trust_region_method	http://edesign.ecs.umass.edu/ontologies/Framework2.0/Optimization_Model2.0.owl#Continuous_model
S	http://edesign.ecs.umass.edu/ontologies/Framework2.0/Optimization_Model2.0.owl#Trust_region_method	http://edesign.ecs.umass.edu/ontologies/Framework2.0/Optimization_Model2.0.owl#Nonlinear_equations
S	http://edesign.ecs.umass.edu/ontologies/Framework2.0/Optimization_Model2.0.owl#Trust_region_method	http://edesign.ecs.umass.edu/ontologies/Framework2.0/Optimization_Model2.0.owl#Optimization_Model
S	http://edesign.ecs.umass.edu/ontologies/Framework2.0/Optimization_Model2.0.owl#Trust_region_method	http://edesign.ecs.umass.edu/ontologies/Framework2.0/Optimization_Model2.0.owl#Unconstrained_continuous
S	http://edesign.ecs.umass.edu/ontologies/Framework2.0/Optimization_Model2.0.owl#Tuncated_newton_method	http://edesign.ecs.umass.edu/ontologies/Framework2.0/Model_Knowledge2.0.owl#Model
S	http://edesign.ecs.umass.edu/ontologies/Framework2.0/Optimization_Model2.0.owl#Tuncated_newton_method	http://edesign.ecs.umass.edu/ontologies/Framework2.0/Optimization_Model2.0.owl#Continuous_model
S	http://edesign.ecs.umass.edu/ontologies/Framework2.0/Optimization_Model2.0.owl#Tuncated_newton_method	http://edesign.ecs.umass.edu/ontologies/Framework2.0/Optimization_Model2.0.owl#Nonlinear_equations
S	http://edesign.ecs.umass.edu/ontologies/Framework2.0/Optimization_Model2.0.owl#Tuncated_newton_method	http://edesign.ecs.umass.edu/ontologies/Framework2.0/Optimization_Model2.0.owl#Optimization_Model
S	http://edesign.ecs.umass.edu/ontologies/Framework2.0/Optimization_Model2.0.owl#Tuncated_newton_method	http://edesign.ecs.umass.edu/ontologies/Framework2.0/Optimization_Model2.0.owl#Unconstrained_continuous
S	http://edesign.ecs.umass.edu/ontologies/Framework2.0/Optimization_Model2.0.owl#Unconstrained_continuous	http://edesign.ecs.umass.edu/ontologies/Framework2.0/Model_Knowledge2.0.owl#Model
S	http://edesign.ecs.umass.edu/ontologies/Framework2.0/Optimization_Model2.0.owl#Unconstrained_continuous	http://edesign.ecs.umass.edu/ontologies/Framework2.0/Optimization_Model2.0.owl#Continuous_model
S	http://edesign.ecs.umass.edu/ontologies/Framework2.0/Optimization_Model2.0.owl#Unconstrained_continuous	http://edesign.ecs.umass.edu/ontologies/Framework2.0/Optimization_Model2.0.owl#Optimization_Model
S	http://edesign.ecs.umass.edu/ontologies/Framework2.0/Optimization_Model2.0.owl#Unconstrained_discrete	http://edesign.ecs.umass.edu/ontologies/Framework2.0/Model_Knowledge2.0.owl#Model
S	http://edesign.ecs.umass.edu/ontologies/Framework2.0/Optimization_Model2.0.owl#Unconstrained_discrete	http://edesign.ecs.umass.edu/ontologies/Framework2.0/Optimization_Model2.0.owl#Discrete_model
S	http://edesign.ecs.umass.edu/ontologies/Framework2.0/Optimization_Model2.0.owl#Unconstrained_discrete	http://edesign.ecs.umass.edu/ontologies/Framework2.0/Optimization_Model2.0.owl#Optimization_Model
S	http://edesign.ecs.umass.edu/ontologies/Framework2.0/Organization2.0.owl#Computational_Fluids	http://edesign.ecs.umass.edu/ontologies/Framework2.0/Organization2.0.owl#Software
S	http://edesign.ecs.umass.edu/ontologies/Framework2.0/Organization2.0.owl#Computer_Aided_Design	http://edesign.ecs.umass.edu/ontologies/Framework2.0/Organization2.0.owl#Software
S	http://edesign.ecs.umass.edu/ontologies/Framework2.0/Organization2.0.owl#Computer_Programming	http://edesign.ecs.umass.edu/ontologies/Framework2.0/Organization2.0.owl#Software
S	http://edesign.ecs.umass.edu/ontologies/Framework2.0/Organization2.0.owl#Customer	http://edesign.ecs.umass.edu/ontologies/Framework2.0/Organization2.0.owl#People
S	http://edesign.ecs.umass.edu/ontologies/Framework2.0/Organization2.0.owl#Employee	http://edesign.ecs.umass.edu/ontologies/Framework2.0/Organization2.0.owl#People
S	http://edesign.ecs.umass.edu/ontologies/Framework2.0/Organization2.0.owl#European	http://edesign.ecs.umass.edu/ontologies/Framework2.0/Organization2.0.owl#Qualifications
S	http://edesign.ecs.umass.edu/ontologies/Framework2.0/Organization2.0.owl#Finite_Element_Analysis	http://edesign.ecs.umass.edu/ontologies/Framework2.0/Organization2.0.owl#Software
S	http://edesign.ecs.umass.edu/ontologies/Framework2.0/Organization2.0.owl#Mil_Spec	http://edesign.ecs.umass.edu/ontologies/Framework2.0/Organization2.0.owl#Qualifications
S	http://edesign.ecs.umass.edu/ontologies/Framework2.0/Organization2.0.owl#Original_Design	http://edesign.ecs.umass.edu/ontologies/Framework2.0/Organization2.0.owl#Tasks
S	http://edesign.ecs.umass.edu/ontologies/Framework2.0/Organization2.0.owl#Re-Design	http://edesign.ecs.umass.edu/ontologies/Framework2.0/Organization2.0.owl#Tasks
S	http://edesign.ecs.umass.edu/ontologies/Framework2.0/Organization2.0.owl#Supplier	http://edesign.ecs.umass.edu/ontologies/Framework2.0/Organization2.0.owl#People
S	http://edesign.ecs.umass.edu/ontologies/Framework2.0/Organization2.0.owl#USA	http://edesign.ecs.umass.edu/ontologies/Framework2.0/Organization2.0.owl#Qualifications
S	http://sweet.jpl.nasa.gov/ontology/units.owl#BaseUnit	http://sweet.jpl.nasa.gov/ontology/units.owl#BaseUnitOrUnitDerivedtWithoutChangingOfDimension
S	http://sweet.jpl.nasa.gov/ontology/units.owl#BaseUnit	http://sweet.jpl.nasa.gov/ontology/units.owl#PrefixOrUnit
S	http://sweet.jpl.nasa.gov/ontology/units.owl#BaseUnit	http://sweet.jpl.nasa.gov/ontology/units.owl#Unit
S	http://sweet.jpl.nasa.gov/ontology/units.owl#BaseUnitOrUnitDerivedtWithoutChangingOfDimension	http://sweet.jpl.nasa.gov/ontology/units.owl#PrefixOrUnit
S	http://sweet.jpl.nasa.gov/ontology/units.owl#BaseUnitOrUnitDerivedtWithoutChangingOfDimension	http://sweet.jpl.nasa.gov/ontology/units.owl#Unit
S	http://sweet.jpl.nasa.gov/ontology/units.owl#ComplexUnit	http://sweet.jpl.nasa.gov/ontology/units.owl#DerivedUnit
S	http://sweet.jpl.nasa.gov/ontology/units.owl#ComplexUnit	http://sweet.jpl.nasa.gov/ontology/units.owl#PrefixOrUnit
S	http://sweet.jpl.nasa.gov/ontology/units.owl#ComplexUnit	http://sweet.jpl.nasa.gov/ontology/units.owl#Unit
S	http://sweet.jpl.nasa.gov/ontology/units.owl#DerivedUnit	http://sweet.jpl.nasa.gov/ontology/units.owl#PrefixOrUnit
S	http://sweet.jpl.nasa.gov/ontology/units.owl#DerivedUnit	http://sweet.jpl.nasa.gov/ontology/units.owl#Unit
S	http://sweet.jpl.nasa.gov/ontology/units.owl#Prefix	http://sweet.jpl.nasa.gov/ontology/units.owl#PrefixOrUnit
S	http://sweet.jpl.nasa.gov/ontology/units.owl#SimpleUnit	http://sweet.jpl.nasa.gov/ontology/units.owl#DerivedUnit
S	http://sweet.jpl.nasa.gov/ontology/units.owl#SimpleUnit	http://sweet.jpl.nasa.gov/ontology/units.owl#PrefixOrUnit
S	http://sweet.jpl.nasa.gov/ontology/units.owl#SimpleUnit	http://sweet.jpl.nasa.gov/ontology/units.owl#Unit
S	http://sweet.jpl.nasa.gov/ontology/units.owl#Unit	http://sweet.jpl.nasa.gov/ontology/units.owl#PrefixOrUnit
S	http://sweet.jpl.nasa.gov/ontology/units.owl#UnitDerivedByRaisingToPower	http://sweet.jpl.nasa.gov/ontology/units.owl#DerivedUnit
S	http://sweet.jpl.nasa.gov/ontology/units.owl#UnitDerivedByRaisingToPower	http://sweet.jpl.nasa.gov/ontology/units.owl#PrefixOrUnit
S	http://sweet.jpl.nasa.gov/ontology/units.owl#UnitDerivedByRaisingToPower	http://sweet.jpl.nasa.gov/ontology/units.owl#SimpleUnit
S	http://sweet.jpl.nasa.gov/ontology/units.owl#UnitDerivedByRaisingToPower	http://sweet.jpl.nasa.gov/ontology/units.owl#Unit
S	http://sweet.jpl.nasa.gov/ontology/units.owl#UnitDerivedByScaling	http://sweet.jpl.nasa.gov/ontology/units.owl#BaseUnitOrUnitDerivedtWithoutChangingOfDimension
S	http://sweet.jpl.nasa.gov/ontology/units.owl#UnitDerivedByScaling	http://sweet.jpl.nasa.gov/ontology/units.owl#DerivedUnit
S	http://sweet.jpl.nasa.gov/ontology/units.owl#UnitDerivedByScaling	http://sweet.jpl.nasa.gov/ontology/units.owl#PrefixOrUnit
S	http://sweet.jpl.nasa.gov/ontology/units.owl#UnitDerivedByScaling	http://sweet.jpl.nasa.gov/ontology/units.owl#SimpleUnit
S	http://sweet.jpl.nasa.gov/ontology/units.owl#UnitDerivedByScaling	http://sweet.jpl.nasa.gov/ontology/units.owl#Unit
S	http://sweet.jpl.nasa.gov/ontology/units.owl#UnitDerivedByScaling	http://sweet.jpl.nasa.gov/ontology/units.owl#UnitDerivedWithoutChangingOfDimension
S	http://sweet.jpl.nasa.gov/ontology/units.owl#UnitDerivedByShifting	http://sweet.jpl.nasa.gov/ontology/units.owl#BaseUnitOrUnitDerivedtWithoutChangingOfDimension
S	http://sweet.jpl.nasa.gov/ontology/units.owl#UnitDerivedByShifting	http://sweet.jpl.nasa.gov/ontology/units.owl#DerivedUnit
S	http://sweet.jpl.nasa.gov/ontology/units.owl#UnitDerivedByShifting	http://sweet.jpl.nasa.gov/ontology/units.owl#PrefixOrUnit
S	http://sweet.jpl.nasa.gov/ontology/units.owl#UnitDerivedByShifting	http://sweet.jpl.nasa.gov/ontology/units.owl#SimpleUnit
S	http://sweet.jpl.nasa.gov/ontology/units.owl#UnitDerivedByShifting	http://sweet.jpl.nasa.gov/ontology/units.owl#Unit
S	http://sweet.jpl.nasa.gov/ontology/units.owl#UnitDerivedByShifting	http://sweet.jpl.nasa.gov/ontology/units.owl#UnitDerivedWithoutChangingOfDimension
S	http://sweet.jpl.nasa.gov/ontology/units.owl#UnitDerivedWithoutChangingOfDimension	http://sweet.jpl.nasa.gov/ontology/units.owl#BaseUnitOrUnitDerivedtWithoutChangingOfDimension
S	http://sweet.jpl.nasa.gov/ontology/units.owl#UnitDerivedWithoutChangingOfDimension	http://sweet.jpl.nasa.gov/ontology/units.owl#DerivedUnit
S	http://sweet.jpl.nasa.gov/ontology/units.owl#UnitDerivedWithoutChangingOfDimension	http://sweet.jpl.nasa.gov/ontology/units.owl#PrefixOrUnit
S	http://sweet.jpl.nasa.gov/ontology/units.owl#UnitDerivedWithoutChangingOfDimension	http://sweet.jpl.nasa.gov/ontology/units.owl#SimpleUnit
S	http://sweet.jpl.nasa.gov/ontology/units.owl#UnitDerivedWithoutChangingOfDimension	http://sweet.jpl.nasa.gov/ontology/units.owl#Unit
M	classes	261
M	unsatisfiable	0
M	subsumptions	699
Z	complete
