KM_STATS[phase] read=210.9ms bytes=270431799
KM_STATS[phase] parse-cumulative=2890.7ms clauses=1062240
KM_STATS[phase] build=1633.6ms
KM_PROF seeded all 0 queries; contexts=0 msgs_pending=0 saturate_calls=0
KM_PROF msgloop guard=20000 contexts=678 msgs_pending=0 saturate_calls=243 succ=2808 pred=17191 ground_wo=0
KM_MSGPROF arrivals dup=0 empty_join=0 conclusions=17191 conclusions_new=17053 (99.20% new) | arena[succ]=5493 arena[root]=7091 pred_interned=7021 ctx_clause_slots=197382
KM_MSGPROF sender ctx=2 root=false query=None pred_sent=15620 (8.4%) pool=355 preds=44 wo=836 core=2
KM_MSGPROF sender ctx=3 root=false query=None pred_sent=13860 (7.5%) pool=315 preds=44 wo=751 core=2
KM_MSGPROF sender ctx=5 root=false query=None pred_sent=11814 (6.4%) pool=358 preds=33 wo=860 core=2
KM_MSGPROF sender ctx=4 root=false query=None pred_sent=11583 (6.2%) pool=351 preds=33 wo=836 core=2
KM_MSGPROF sender ctx=6 root=false query=None pred_sent=11484 (6.2%) pool=261 preds=44 wo=640 core=2
KM_MSGPROF sender ctx=1 root=false query=None pred_sent=11484 (6.2%) pool=261 preds=44 wo=640 core=2
KM_MSGPROF sender ctx=18 root=false query=None pred_sent=1440 (0.8%) pool=240 preds=6 wo=587 core=3
KM_MSGPROF sender ctx=106 root=false query=None pred_sent=1140 (0.6%) pool=285 preds=4 wo=679 core=3
KM_PROF[time-ms] msgloop pred_payload=2.1 pred_arrival=152.0 propagate=120.8 | add_clause=206.7 (lookup=27.0 fwdsub=119.1 backsub=8.1 index=28.8) hyper=94.7 subsume=115.5 pred_local=3.0
KM_PROF msgloop guard=40000 contexts=678 msgs_pending=0 saturate_calls=243 succ=2808 pred=37191 ground_wo=0
KM_MSGPROF arrivals dup=0 empty_join=0 conclusions=37191 conclusions_new=36893 (99.20% new) | arena[succ]=7477 arena[root]=7091 pred_interned=7021 ctx_clause_slots=217222
KM_MSGPROF sender ctx=2 root=false query=None pred_sent=15620 (8.4%) pool=355 preds=44 wo=836 core=2
KM_MSGPROF sender ctx=3 root=false query=None pred_sent=13860 (7.5%) pool=315 preds=44 wo=751 core=2
KM_MSGPROF sender ctx=5 root=false query=None pred_sent=11814 (6.4%) pool=358 preds=33 wo=860 core=2
KM_MSGPROF sender ctx=4 root=false query=None pred_sent=11583 (6.2%) pool=351 preds=33 wo=836 core=2
KM_MSGPROF sender ctx=6 root=false query=None pred_sent=11484 (6.2%) pool=261 preds=44 wo=640 core=2
KM_MSGPROF sender ctx=1 root=false query=None pred_sent=11484 (6.2%) pool=261 preds=44 wo=640 core=2
KM_MSGPROF sender ctx=18 root=false query=None pred_sent=1440 (0.8%) pool=240 preds=6 wo=587 core=3
KM_MSGPROF sender ctx=106 root=false query=None pred_sent=1140 (0.6%) pool=285 preds=4 wo=679 core=3
KM_PROF[time-ms] msgloop pred_payload=4.7 pred_arrival=353.3 propagate=120.8 | add_clause=377.2 (lookup=30.2 fwdsub=273.8 backsub=10.1 index=35.3) hyper=94.7 subsume=115.5 pred_local=3.0
KM_PROF msgloop guard=60000 contexts=678 msgs_pending=0 saturate_calls=243 succ=2808 pred=57191 ground_wo=0
KM_MSGPROF arrivals dup=0 empty_join=0 conclusions=57191 conclusions_new=56773 (99.27% new) | arena[succ]=9462 arena[root]=7091 pred_interned=7021 ctx_clause_slots=237102
KM_MSGPROF sender ctx=2 root=false query=None pred_sent=15620 (8.4%) pool=355 preds=44 wo=836 core=2
KM_MSGPROF sender ctx=3 root=false query=None pred_sent=13860 (7.5%) pool=315 preds=44 wo=751 core=2
KM_MSGPROF sender ctx=5 root=false query=None pred_sent=11814 (6.4%) pool=358 preds=33 wo=860 core=2
KM_MSGPROF sender ctx=4 root=false query=None pred_sent=11583 (6.2%) pool=351 preds=33 wo=836 core=2
KM_MSGPROF sender ctx=6 root=false query=None pred_sent=11484 (6.2%) pool=261 preds=44 wo=640 core=2
KM_MSGPROF sender ctx=1 root=false query=None pred_sent=11484 (6.2%) pool=261 preds=44 wo=640 core=2
KM_MSGPROF sender ctx=18 root=false query=None pred_sent=1440 (0.8%) pool=240 preds=6 wo=587 core=3
KM_MSGPROF sender ctx=106 root=false query=None pred_sent=1140 (0.6%) pool=285 preds=4 wo=679 core=3
KM_PROF[time-ms] msgloop pred_payload=7.6 pred_arrival=549.1 propagate=120.8 | add_clause=541.4 (lookup=33.4 fwdsub=423.4 backsub=12.2 index=40.4) hyper=94.7 subsume=115.5 pred_local=3.0
KM_PROF msgloop guard=80000 contexts=678 msgs_pending=0 saturate_calls=243 succ=2808 pred=77191 ground_wo=0
KM_MSGPROF arrivals dup=0 empty_join=0 conclusions=77191 conclusions_new=76573 (99.20% new) | arena[succ]=11442 arena[root]=7091 pred_interned=7021 ctx_clause_slots=256902
KM_MSGPROF sender ctx=2 root=false query=None pred_sent=15620 (8.4%) pool=355 preds=44 wo=836 core=2
KM_MSGPROF sender ctx=3 root=false query=None pred_sent=13860 (7.5%) pool=315 preds=44 wo=751 core=2
KM_MSGPROF sender ctx=5 root=false query=None pred_sent=11814 (6.4%) pool=358 preds=33 wo=860 core=2
KM_MSGPROF sender ctx=4 root=false query=None pred_sent=11583 (6.2%) pool=351 preds=33 wo=836 core=2
KM_MSGPROF sender ctx=6 root=false query=None pred_sent=11484 (6.2%) pool=261 preds=44 wo=640 core=2
KM_MSGPROF sender ctx=1 root=false query=None pred_sent=11484 (6.2%) pool=261 preds=44 wo=640 core=2
KM_MSGPROF sender ctx=18 root=false query=None pred_sent=1440 (0.8%) pool=240 preds=6 wo=587 core=3
KM_MSGPROF sender ctx=106 root=false query=None pred_sent=1140 (0.6%) pool=285 preds=4 wo=679 core=3
KM_PROF[time-ms] msgloop pred_payload=10.2 pred_arrival=726.9 propagate=120.8 | add_clause=688.3 (lookup=36.6 fwdsub=553.1 backsub=14.3 index=48.4) hyper=94.7 subsume=115.5 pred_local=3.0
KM_PROF msgloop guard=100000 contexts=678 msgs_pending=0 saturate_calls=243 succ=7496 pred=92503 ground_wo=0
KM_MSGPROF arrivals dup=0 empty_join=0 conclusions=92503 conclusions_new=91471 (98.88% new) | arena[succ]=14679 arena[root]=7091 pred_interned=10331 ctx_clause_slots=271800
KM_MSGPROF sender ctx=2 root=false query=None pred_sent=15620 (8.4%) pool=355 preds=132 wo=836 core=2
KM_MSGPROF sender ctx=3 root=false query=None pred_sent=13860 (7.5%) pool=315 preds=128 wo=751 core=2
KM_MSGPROF sender ctx=5 root=false query=None pred_sent=11814 (6.4%) pool=358 preds=96 wo=860 core=2
KM_MSGPROF sender ctx=4 root=false query=None pred_sent=11583 (6.2%) pool=351 preds=96 wo=836 core=2
KM_MSGPROF sender ctx=6 root=false query=None pred_sent=11484 (6.2%) pool=261 preds=128 wo=640 core=2
KM_MSGPROF sender ctx=1 root=false query=None pred_sent=11484 (6.2%) pool=261 preds=132 wo=640 core=2
KM_MSGPROF sender ctx=18 root=false query=None pred_sent=1440 (0.8%) pool=240 preds=14 wo=587 core=3
KM_MSGPROF sender ctx=106 root=false query=None pred_sent=1140 (0.6%) pool=285 preds=5 wo=679 core=3
KM_PROF[time-ms] msgloop pred_payload=11.7 pred_arrival=761.7 propagate=120.8 | add_clause=698.9 (lookup=38.9 fwdsub=555.2 backsub=15.2 index=50.9) hyper=94.7 subsume=115.5 pred_local=3.0
KM_PROF msgloop guard=120000 contexts=678 msgs_pending=0 saturate_calls=243 succ=11617 pred=108382 ground_wo=0
KM_MSGPROF arrivals dup=0 empty_join=0 conclusions=108382 conclusions_new=106714 (98.46% new) | arena[succ]=17220 arena[root]=7091 pred_interned=12978 ctx_clause_slots=287043
KM_MSGPROF sender ctx=2 root=false query=None pred_sent=15620 (8.4%) pool=355 preds=244 wo=836 core=2
KM_MSGPROF sender ctx=3 root=false query=None pred_sent=13860 (7.5%) pool=315 preds=244 wo=751 core=2
KM_MSGPROF sender ctx=5 root=false query=None pred_sent=11814 (6.4%) pool=358 preds=183 wo=860 core=2
KM_MSGPROF sender ctx=4 root=false query=None pred_sent=11583 (6.2%) pool=351 preds=183 wo=836 core=2
KM_MSGPROF sender ctx=6 root=false query=None pred_sent=11484 (6.2%) pool=261 preds=244 wo=640 core=2
KM_MSGPROF sender ctx=1 root=false query=None pred_sent=11484 (6.2%) pool=261 preds=244 wo=640 core=2
KM_MSGPROF sender ctx=18 root=false query=None pred_sent=1440 (0.8%) pool=240 preds=14 wo=587 core=3
KM_MSGPROF sender ctx=106 root=false query=None pred_sent=1140 (0.6%) pool=285 preds=5 wo=679 core=3
KM_PROF[time-ms] msgloop pred_payload=13.2 pred_arrival=799.0 propagate=120.8 | add_clause=709.7 (lookup=41.2 fwdsub=557.2 backsub=16.2 index=53.5) hyper=94.7 subsume=115.5 pred_local=3.0
KM_PROF msgloop guard=140000 contexts=678 msgs_pending=0 saturate_calls=243 succ=18318 pred=121681 ground_wo=0
KM_MSGPROF arrivals dup=0 empty_join=0 conclusions=121681 conclusions_new=119797 (98.45% new) | arena[succ]=22000 arena[root]=7091 pred_interned=17830 ctx_clause_slots=300126
KM_MSGPROF sender ctx=2 root=false query=None pred_sent=15620 (8.4%) pool=355 preds=328 wo=836 core=2
KM_MSGPROF sender ctx=3 root=false query=None pred_sent=13860 (7.5%) pool=315 preds=328 wo=751 core=2
KM_MSGPROF sender ctx=5 root=false query=None pred_sent=11814 (6.4%) pool=358 preds=246 wo=860 core=2
KM_MSGPROF sender ctx=4 root=false query=None pred_sent=11583 (6.2%) pool=351 preds=246 wo=836 core=2
KM_MSGPROF sender ctx=6 root=false query=None pred_sent=11484 (6.2%) pool=261 preds=328 wo=640 core=2
KM_MSGPROF sender ctx=1 root=false query=None pred_sent=11484 (6.2%) pool=261 preds=328 wo=640 core=2
KM_MSGPROF sender ctx=18 root=false query=None pred_sent=1440 (0.8%) pool=240 preds=29 wo=587 core=3
KM_MSGPROF sender ctx=106 root=false query=None pred_sent=1140 (0.6%) pool=285 preds=8 wo=679 core=3
KM_PROF[time-ms] msgloop pred_payload=14.5 pred_arrival=831.7 propagate=120.8 | add_clause=721.5 (lookup=43.5 fwdsub=559.3 backsub=17.0 index=57.5) hyper=94.7 subsume=115.5 pred_local=3.0
KM_PROF msgloop guard=160000 contexts=678 msgs_pending=0 saturate_calls=243 succ=26927 pred=133072 ground_wo=0
KM_MSGPROF arrivals dup=0 empty_join=0 conclusions=133072 conclusions_new=130981 (98.43% new) | arena[succ]=27882 arena[root]=7091 pred_interned=23796 ctx_clause_slots=311470
KM_MSGPROF sender ctx=2 root=false query=None pred_sent=15620 (8.4%) pool=355 preds=436 wo=836 core=2
KM_MSGPROF sender ctx=3 root=false query=None pred_sent=13860 (7.5%) pool=315 preds=436 wo=751 core=2
KM_MSGPROF sender ctx=5 root=false query=None pred_sent=11814 (6.4%) pool=358 preds=327 wo=860 core=2
KM_MSGPROF sender ctx=4 root=false query=None pred_sent=11583 (6.2%) pool=351 preds=327 wo=836 core=2
KM_MSGPROF sender ctx=6 root=false query=None pred_sent=11484 (6.2%) pool=261 preds=436 wo=640 core=2
KM_MSGPROF sender ctx=1 root=false query=None pred_sent=11484 (6.2%) pool=261 preds=436 wo=640 core=2
KM_MSGPROF sender ctx=18 root=false query=None pred_sent=1440 (0.8%) pool=240 preds=41 wo=587 core=3
KM_MSGPROF sender ctx=106 root=false query=None pred_sent=1140 (0.6%) pool=285 preds=20 wo=679 core=3
KM_PROF[time-ms] msgloop pred_payload=15.9 pred_arrival=862.5 propagate=120.8 | add_clause=735.5 (lookup=45.9 fwdsub=561.7 backsub=17.8 index=63.4) hyper=94.7 subsume=115.5 pred_local=3.0
KM_PROF msgloop guard=180000 contexts=678 msgs_pending=0 saturate_calls=243 succ=31936 pred=148063 ground_wo=0
KM_MSGPROF arrivals dup=0 empty_join=0 conclusions=148063 conclusions_new=145724 (98.42% new) | arena[succ]=31568 arena[root]=7091 pred_interned=27544 ctx_clause_slots=326213
KM_MSGPROF sender ctx=2 root=false query=None pred_sent=15620 (8.4%) pool=355 preds=504 wo=836 core=2
KM_MSGPROF sender ctx=3 root=false query=None pred_sent=13860 (7.5%) pool=315 preds=504 wo=751 core=2
KM_MSGPROF sender ctx=5 root=false query=None pred_sent=11814 (6.4%) pool=358 preds=378 wo=860 core=2
KM_MSGPROF sender ctx=4 root=false query=None pred_sent=11583 (6.2%) pool=351 preds=378 wo=836 core=2
KM_MSGPROF sender ctx=6 root=false query=None pred_sent=11484 (6.2%) pool=261 preds=504 wo=640 core=2
KM_MSGPROF sender ctx=1 root=false query=None pred_sent=11484 (6.2%) pool=261 preds=504 wo=640 core=2
KM_MSGPROF sender ctx=18 root=false query=None pred_sent=1440 (0.8%) pool=240 preds=52 wo=587 core=3
KM_MSGPROF sender ctx=106 root=false query=None pred_sent=1140 (0.6%) pool=285 preds=30 wo=679 core=3
KM_PROF[time-ms] msgloop pred_payload=17.4 pred_arrival=899.0 propagate=120.8 | add_clause=746.8 (lookup=48.3 fwdsub=563.7 backsub=18.7 index=66.5) hyper=94.7 subsume=115.5 pred_local=3.0
KM_PROF msgloop guard=200000 contexts=678 msgs_pending=0 saturate_calls=243 succ=42726 pred=157273 ground_wo=0
KM_MSGPROF arrivals dup=0 empty_join=0 conclusions=157273 conclusions_new=154825 (98.44% new) | arena[succ]=39713 arena[root]=7091 pred_interned=35789 ctx_clause_slots=335314
KM_MSGPROF sender ctx=2 root=false query=None pred_sent=15620 (8.4%) pool=355 preds=620 wo=836 core=2
KM_MSGPROF sender ctx=3 root=false query=None pred_sent=13860 (7.5%) pool=315 preds=620 wo=751 core=2
KM_MSGPROF sender ctx=5 root=false query=None pred_sent=11814 (6.4%) pool=358 preds=465 wo=860 core=2
KM_MSGPROF sender ctx=4 root=false query=None pred_sent=11583 (6.2%) pool=351 preds=465 wo=836 core=2
KM_MSGPROF sender ctx=6 root=false query=None pred_sent=11484 (6.2%) pool=261 preds=619 wo=640 core=2
KM_MSGPROF sender ctx=1 root=false query=None pred_sent=11484 (6.2%) pool=261 preds=620 wo=640 core=2
KM_MSGPROF sender ctx=18 root=false query=None pred_sent=1440 (0.8%) pool=240 preds=76 wo=587 core=3
KM_MSGPROF sender ctx=106 root=false query=None pred_sent=1140 (0.6%) pool=285 preds=53 wo=679 core=3
KM_PROF[time-ms] msgloop pred_payload=18.7 pred_arrival=924.8 propagate=120.8 | add_clause=758.5 (lookup=50.6 fwdsub=566.0 backsub=19.3 index=70.9) hyper=94.7 subsume=115.5 pred_local=3.0
KM_PROF msgloop guard=220000 contexts=678 msgs_pending=0 saturate_calls=243 succ=53637 pred=166362 ground_wo=0
KM_MSGPROF arrivals dup=0 empty_join=0 conclusions=166362 conclusions_new=163796 (98.46% new) | arena[succ]=47727 arena[root]=7091 pred_interned=43907 ctx_clause_slots=344285
KM_MSGPROF sender ctx=2 root=false query=None pred_sent=15620 (8.4%) pool=355 preds=736 wo=836 core=2
KM_MSGPROF sender ctx=3 root=false query=None pred_sent=13860 (7.5%) pool=315 preds=736 wo=751 core=2
KM_MSGPROF sender ctx=5 root=false query=None pred_sent=11814 (6.4%) pool=358 preds=552 wo=860 core=2
KM_MSGPROF sender ctx=4 root=false query=None pred_sent=11583 (6.2%) pool=351 preds=552 wo=836 core=2
KM_MSGPROF sender ctx=6 root=false query=None pred_sent=11484 (6.2%) pool=261 preds=736 wo=640 core=2
KM_MSGPROF sender ctx=1 root=false query=None pred_sent=11484 (6.2%) pool=261 preds=736 wo=640 core=2
KM_MSGPROF sender ctx=18 root=false query=None pred_sent=1440 (0.8%) pool=240 preds=101 wo=587 core=3
KM_MSGPROF sender ctx=106 root=false query=None pred_sent=1140 (0.6%) pool=285 preds=75 wo=679 core=3
KM_PROF[time-ms] msgloop pred_payload=19.9 pred_arrival=946.1 propagate=120.8 | add_clause=767.9 (lookup=52.9 fwdsub=568.2 backsub=19.9 index=73.1) hyper=94.7 subsume=115.5 pred_local=3.0
KM_PROF msgloop guard=240000 contexts=678 msgs_pending=0 saturate_calls=243 succ=62302 pred=177697 ground_wo=0
KM_MSGPROF arrivals dup=0 empty_join=0 conclusions=177697 conclusions_new=174979 (98.47% new) | arena[succ]=54042 arena[root]=7091 pred_interned=50307 ctx_clause_slots=355468
KM_MSGPROF sender ctx=2 root=false query=None pred_sent=15620 (8.4%) pool=355 preds=836 wo=836 core=2
KM_MSGPROF sender ctx=3 root=false query=None pred_sent=13860 (7.5%) pool=315 preds=836 wo=751 core=2
KM_MSGPROF sender ctx=5 root=false query=None pred_sent=11814 (6.4%) pool=358 preds=627 wo=860 core=2
KM_MSGPROF sender ctx=4 root=false query=None pred_sent=11583 (6.2%) pool=351 preds=627 wo=836 core=2
KM_MSGPROF sender ctx=6 root=false query=None pred_sent=11484 (6.2%) pool=261 preds=836 wo=640 core=2
KM_MSGPROF sender ctx=1 root=false query=None pred_sent=11484 (6.2%) pool=261 preds=836 wo=640 core=2
KM_MSGPROF sender ctx=18 root=false query=None pred_sent=1440 (0.8%) pool=240 preds=121 wo=587 core=3
KM_MSGPROF sender ctx=106 root=false query=None pred_sent=1140 (0.6%) pool=285 preds=94 wo=679 core=3
KM_PROF[time-ms] msgloop pred_payload=21.3 pred_arrival=973.7 propagate=120.8 | add_clause=777.9 (lookup=55.3 fwdsub=570.3 backsub=20.5 index=75.5) hyper=94.7 subsume=115.5 pred_local=3.0
KM_PROF msgloop guard=260000 contexts=1317 msgs_pending=0 saturate_calls=920 succ=72457 pred=187542 ground_wo=0
KM_MSGPROF arrivals dup=0 empty_join=0 conclusions=187542 conclusions_new=184734 (98.50% new) | arena[succ]=73373 arena[root]=7091 pred_interned=57401 ctx_clause_slots=704966
KM_MSGPROF sender ctx=2 root=false query=None pred_sent=770232 (13.3%) pool=885 preds=922 wo=38272 core=2
KM_MSGPROF sender ctx=3 root=false query=None pred_sent=600032 (10.4%) pool=700 preds=922 wo=33670 core=2
KM_MSGPROF sender ctx=4 root=false query=None pred_sent=521784 (9.0%) pool=804 preds=693 wo=37763 core=2
KM_MSGPROF sender ctx=5 root=false query=None pred_sent=461064 (8.0%) pool=716 preds=693 wo=39231 core=2
KM_MSGPROF sender ctx=6 root=false query=None pred_sent=457432 (7.9%) pool=545 preds=922 wo=28517 core=2
KM_MSGPROF sender ctx=1 root=false query=None pred_sent=457432 (7.9%) pool=545 preds=922 wo=28517 core=2
KM_MSGPROF sender ctx=18 root=false query=None pred_sent=34320 (0.6%) pool=240 preds=143 wo=587 core=3
KM_MSGPROF sender ctx=106 root=false query=None pred_sent=31065 (0.5%) pool=285 preds=109 wo=679 core=3
KM_PROF[time-ms] msgloop pred_payload=22.5 pred_arrival=1006.1 propagate=2036.1 | add_clause=1471.6 (lookup=185.3 fwdsub=954.4 backsub=45.2 index=136.0) hyper=608.0 subsume=1255.8 pred_local=1560.5
KM_PROF msgloop guard=280000 contexts=1317 msgs_pending=0 saturate_calls=920 succ=76633 pred=203366 ground_wo=0
KM_MSGPROF arrivals dup=0 empty_join=0 conclusions=203374 conclusions_new=199148 (97.92% new) | arena[succ]=73391 arena[root]=7109 pred_interned=57515 ctx_clause_slots=721252
KM_MSGPROF sender ctx=2 root=false query=None pred_sent=770232 (13.3%) pool=885 preds=924 wo=38272 core=2
KM_MSGPROF sender ctx=3 root=false query=None pred_sent=600032 (10.4%) pool=700 preds=924 wo=33670 core=2
KM_MSGPROF sender ctx=4 root=false query=None pred_sent=521784 (9.0%) pool=804 preds=696 wo=37763 core=2
KM_MSGPROF sender ctx=5 root=false query=None pred_sent=461064 (8.0%) pool=716 preds=696 wo=39231 core=2
KM_MSGPROF sender ctx=6 root=false query=None pred_sent=457432 (7.9%) pool=545 preds=924 wo=28517 core=2
KM_MSGPROF sender ctx=1 root=false query=None pred_sent=457432 (7.9%) pool=545 preds=924 wo=28517 core=2
KM_MSGPROF sender ctx=18 root=false query=None pred_sent=34320 (0.6%) pool=240 preds=143 wo=587 core=3
KM_MSGPROF sender ctx=106 root=false query=None pred_sent=31065 (0.5%) pool=285 preds=109 wo=679 core=3
KM_PROF[time-ms] msgloop pred_payload=23.9 pred_arrival=1055.6 propagate=2036.1 | add_clause=1493.6 (lookup=187.9 fwdsub=958.1 backsub=46.7 index=146.1) hyper=608.0 subsume=1255.8 pred_local=1560.5
KM_PROF msgloop guard=300000 contexts=1317 msgs_pending=0 saturate_calls=920 succ=76845 pred=223154 ground_wo=0
KM_MSGPROF arrivals dup=0 empty_join=0 conclusions=223162 conclusions_new=218201 (97.78% new) | arena[succ]=73391 arena[root]=7109 pred_interned=57515 ctx_clause_slots=740305
KM_MSGPROF sender ctx=2 root=false query=None pred_sent=770232 (13.3%) pool=885 preds=926 wo=38272 core=2
KM_MSGPROF sender ctx=3 root=false query=None pred_sent=600032 (10.4%) pool=700 preds=926 wo=33670 core=2
KM_MSGPROF sender ctx=4 root=false query=None pred_sent=521784 (9.0%) pool=804 preds=699 wo=37763 core=2
KM_MSGPROF sender ctx=5 root=false query=None pred_sent=461064 (8.0%) pool=716 preds=699 wo=39231 core=2
KM_MSGPROF sender ctx=6 root=false query=None pred_sent=457432 (7.9%) pool=545 preds=926 wo=28517 core=2
KM_MSGPROF sender ctx=1 root=false query=None pred_sent=457432 (7.9%) pool=545 preds=926 wo=28517 core=2
KM_MSGPROF sender ctx=18 root=false query=None pred_sent=34320 (0.6%) pool=240 preds=143 wo=587 core=3
KM_MSGPROF sender ctx=106 root=false query=None pred_sent=31065 (0.5%) pool=285 preds=109 wo=679 core=3
KM_PROF[time-ms] msgloop pred_payload=25.4 pred_arrival=1123.2 propagate=2036.1 | add_clause=1528.0 (lookup=191.2 fwdsub=973.4 backsub=48.6 index=155.3) hyper=608.0 subsume=1255.8 pred_local=1560.5
KM_PROF msgloop guard=320000 contexts=1317 msgs_pending=0 saturate_calls=920 succ=76845 pred=243154 ground_wo=0
KM_MSGPROF arrivals dup=0 empty_join=0 conclusions=243162 conclusions_new=237622 (97.72% new) | arena[succ]=73391 arena[root]=7109 pred_interned=57515 ctx_clause_slots=759726
KM_MSGPROF sender ctx=2 root=false query=None pred_sent=770232 (13.3%) pool=885 preds=926 wo=38272 core=2
KM_MSGPROF sender ctx=3 root=false query=None pred_sent=600032 (10.4%) pool=700 preds=926 wo=33670 core=2
KM_MSGPROF sender ctx=4 root=false query=None pred_sent=521784 (9.0%) pool=804 preds=699 wo=37763 core=2
KM_MSGPROF sender ctx=5 root=false query=None pred_sent=461064 (8.0%) pool=716 preds=699 wo=39231 core=2
KM_MSGPROF sender ctx=6 root=false query=None pred_sent=457432 (7.9%) pool=545 preds=926 wo=28517 core=2
KM_MSGPROF sender ctx=1 root=false query=None pred_sent=457432 (7.9%) pool=545 preds=926 wo=28517 core=2
KM_MSGPROF sender ctx=18 root=false query=None pred_sent=34320 (0.6%) pool=240 preds=143 wo=587 core=3
KM_MSGPROF sender ctx=106 root=false query=None pred_sent=31065 (0.5%) pool=285 preds=109 wo=679 core=3
KM_PROF[time-ms] msgloop pred_payload=26.9 pred_arrival=1201.7 propagate=2036.1 | add_clause=1575.7 (lookup=194.1 fwdsub=999.2 backsub=50.4 index=167.9) hyper=608.0 subsume=1255.8 pred_local=1560.5
KM_PROF msgloop guard=340000 contexts=1317 msgs_pending=0 saturate_calls=920 succ=76845 pred=263154 ground_wo=0
KM_MSGPROF arrivals dup=0 empty_join=0 conclusions=263162 conclusions_new=257622 (97.89% new) | arena[succ]=73391 arena[root]=7109 pred_interned=57515 ctx_clause_slots=779726
KM_MSGPROF sender ctx=2 root=false query=None pred_sent=770232 (13.3%) pool=885 preds=926 wo=38272 core=2
KM_MSGPROF sender ctx=3 root=false query=None pred_sent=600032 (10.4%) pool=700 preds=926 wo=33670 core=2
KM_MSGPROF sender ctx=4 root=false query=None pred_sent=521784 (9.0%) pool=804 preds=699 wo=37763 core=2
KM_MSGPROF sender ctx=5 root=false query=None pred_sent=461064 (8.0%) pool=716 preds=699 wo=39231 core=2
KM_MSGPROF sender ctx=6 root=false query=None pred_sent=457432 (7.9%) pool=545 preds=926 wo=28517 core=2
KM_MSGPROF sender ctx=1 root=false query=None pred_sent=457432 (7.9%) pool=545 preds=926 wo=28517 core=2
KM_MSGPROF sender ctx=18 root=false query=None pred_sent=34320 (0.6%) pool=240 preds=143 wo=587 core=3
KM_MSGPROF sender ctx=106 root=false query=None pred_sent=31065 (0.5%) pool=285 preds=109 wo=679 core=3
KM_PROF[time-ms] msgloop pred_payload=28.4 pred_arrival=1298.3 propagate=2036.1 | add_clause=1642.2 (lookup=197.1 fwdsub=1047.7 backsub=52.3 index=176.4) hyper=608.0 subsume=1255.8 pred_local=1560.5
KM_PROF msgloop guard=360000 contexts=1317 msgs_pending=0 saturate_calls=920 succ=76845 pred=283154 ground_wo=0
KM_MSGPROF arrivals dup=0 empty_join=0 conclusions=283162 conclusions_new=277622 (98.04% new) | arena[succ]=73391 arena[root]=7109 pred_interned=57515 ctx_clause_slots=799726
KM_MSGPROF sender ctx=2 root=false query=None pred_sent=770232 (13.3%) pool=885 preds=926 wo=38272 core=2
KM_MSGPROF sender ctx=3 root=false query=None pred_sent=600032 (10.4%) pool=700 preds=926 wo=33670 core=2
KM_MSGPROF sender ctx=4 root=false query=None pred_sent=521784 (9.0%) pool=804 preds=699 wo=37763 core=2
KM_MSGPROF sender ctx=5 root=false query=None pred_sent=461064 (8.0%) pool=716 preds=699 wo=39231 core=2
KM_MSGPROF sender ctx=6 root=false query=None pred_sent=457432 (7.9%) pool=545 preds=926 wo=28517 core=2
KM_MSGPROF sender ctx=1 root=false query=None pred_sent=457432 (7.9%) pool=545 preds=926 wo=28517 core=2
KM_MSGPROF sender ctx=18 root=false query=None pred_sent=34320 (0.6%) pool=240 preds=143 wo=587 core=3
KM_MSGPROF sender ctx=106 root=false query=None pred_sent=31065 (0.5%) pool=285 preds=109 wo=679 core=3
KM_PROF[time-ms] msgloop pred_payload=30.0 pred_arrival=1415.7 propagate=2036.1 | add_clause=1729.2 (lookup=200.1 fwdsub=1119.3 backsub=54.2 index=182.6) hyper=608.0 subsume=1255.8 pred_local=1560.5
KM_PROF msgloop guard=380000 contexts=1317 msgs_pending=0 saturate_calls=920 succ=76845 pred=303154 ground_wo=0
KM_MSGPROF arrivals dup=0 empty_join=0 conclusions=303162 conclusions_new=297622 (98.17% new) | arena[succ]=73391 arena[root]=7109 pred_interned=57515 ctx_clause_slots=819726
KM_MSGPROF sender ctx=2 root=false query=None pred_sent=770232 (13.3%) pool=885 preds=926 wo=38272 core=2
KM_MSGPROF sender ctx=3 root=false query=None pred_sent=600032 (10.4%) pool=700 preds=926 wo=33670 core=2
KM_MSGPROF sender ctx=4 root=false query=None pred_sent=521784 (9.0%) pool=804 preds=699 wo=37763 core=2
KM_MSGPROF sender ctx=5 root=false query=None pred_sent=461064 (8.0%) pool=716 preds=699 wo=39231 core=2
KM_MSGPROF sender ctx=6 root=false query=None pred_sent=457432 (7.9%) pool=545 preds=926 wo=28517 core=2
KM_MSGPROF sender ctx=1 root=false query=None pred_sent=457432 (7.9%) pool=545 preds=926 wo=28517 core=2
KM_MSGPROF sender ctx=18 root=false query=None pred_sent=34320 (0.6%) pool=240 preds=143 wo=587 core=3
KM_MSGPROF sender ctx=106 root=false query=None pred_sent=31065 (0.5%) pool=285 preds=109 wo=679 core=3
KM_PROF[time-ms] msgloop pred_payload=31.6 pred_arrival=1559.3 propagate=2036.1 | add_clause=1839.8 (lookup=203.1 fwdsub=1212.4 backsub=56.2 index=190.4) hyper=608.0 subsume=1255.8 pred_local=1560.5
KM_PROF msgloop guard=400000 contexts=1317 msgs_pending=0 saturate_calls=920 succ=76845 pred=323154 ground_wo=0
KM_MSGPROF arrivals dup=0 empty_join=0 conclusions=323162 conclusions_new=317622 (98.29% new) | arena[succ]=73391 arena[root]=7109 pred_interned=57515 ctx_clause_slots=839726
KM_MSGPROF sender ctx=2 root=false query=None pred_sent=770232 (13.3%) pool=885 preds=926 wo=38272 core=2
KM_MSGPROF sender ctx=3 root=false query=None pred_sent=600032 (10.4%) pool=700 preds=926 wo=33670 core=2
KM_MSGPROF sender ctx=4 root=false query=None pred_sent=521784 (9.0%) pool=804 preds=699 wo=37763 core=2
KM_MSGPROF sender ctx=5 root=false query=None pred_sent=461064 (8.0%) pool=716 preds=699 wo=39231 core=2
KM_MSGPROF sender ctx=6 root=false query=None pred_sent=457432 (7.9%) pool=545 preds=926 wo=28517 core=2
KM_MSGPROF sender ctx=1 root=false query=None pred_sent=457432 (7.9%) pool=545 preds=926 wo=28517 core=2
KM_MSGPROF sender ctx=18 root=false query=None pred_sent=34320 (0.6%) pool=240 preds=143 wo=587 core=3
KM_MSGPROF sender ctx=106 root=false query=None pred_sent=31065 (0.5%) pool=285 preds=109 wo=679 core=3
KM_PROF[time-ms] msgloop pred_payload=33.2 pred_arrival=1722.9 propagate=2036.1 | add_clause=1972.2 (lookup=206.2 fwdsub=1328.9 backsub=58.1 index=196.7) hyper=608.0 subsume=1255.8 pred_local=1560.5
KM_PROF msgloop guard=420000 contexts=1317 msgs_pending=0 saturate_calls=920 succ=76845 pred=343154 ground_wo=0
KM_MSGPROF arrivals dup=0 empty_join=0 conclusions=343162 conclusions_new=337622 (98.39% new) | arena[succ]=73391 arena[root]=7109 pred_interned=57515 ctx_clause_slots=859726
KM_MSGPROF sender ctx=2 root=false query=None pred_sent=770232 (13.3%) pool=885 preds=926 wo=38272 core=2
KM_MSGPROF sender ctx=3 root=false query=None pred_sent=600032 (10.4%) pool=700 preds=926 wo=33670 core=2
KM_MSGPROF sender ctx=4 root=false query=None pred_sent=521784 (9.0%) pool=804 preds=699 wo=37763 core=2
KM_MSGPROF sender ctx=5 root=false query=None pred_sent=461064 (8.0%) pool=716 preds=699 wo=39231 core=2
KM_MSGPROF sender ctx=6 root=false query=None pred_sent=457432 (7.9%) pool=545 preds=926 wo=28517 core=2
KM_MSGPROF sender ctx=1 root=false query=None pred_sent=457432 (7.9%) pool=545 preds=926 wo=28517 core=2
KM_MSGPROF sender ctx=18 root=false query=None pred_sent=34320 (0.6%) pool=240 preds=143 wo=587 core=3
KM_MSGPROF sender ctx=106 root=false query=None pred_sent=31065 (0.5%) pool=285 preds=109 wo=679 core=3
KM_PROF[time-ms] msgloop pred_payload=34.9 pred_arrival=1910.9 propagate=2036.1 | add_clause=2128.8 (lookup=209.4 fwdsub=1468.3 backsub=60.0 index=203.8) hyper=608.0 subsume=1255.8 pred_local=1560.5
KM_PROF msgloop guard=440000 contexts=1317 msgs_pending=0 saturate_calls=920 succ=76845 pred=363154 ground_wo=0
KM_MSGPROF arrivals dup=0 empty_join=0 conclusions=363162 conclusions_new=357622 (98.47% new) | arena[succ]=73391 arena[root]=7109 pred_interned=57515 ctx_clause_slots=879726
KM_MSGPROF sender ctx=2 root=false query=None pred_sent=770232 (13.3%) pool=885 preds=926 wo=38272 core=2
KM_MSGPROF sender ctx=3 root=false query=None pred_sent=600032 (10.4%) pool=700 preds=926 wo=33670 core=2
KM_MSGPROF sender ctx=4 root=false query=None pred_sent=521784 (9.0%) pool=804 preds=699 wo=37763 core=2
KM_MSGPROF sender ctx=5 root=false query=None pred_sent=461064 (8.0%) pool=716 preds=699 wo=39231 core=2
KM_MSGPROF sender ctx=6 root=false query=None pred_sent=457432 (7.9%) pool=545 preds=926 wo=28517 core=2
KM_MSGPROF sender ctx=1 root=false query=None pred_sent=457432 (7.9%) pool=545 preds=926 wo=28517 core=2
KM_MSGPROF sender ctx=18 root=false query=None pred_sent=34320 (0.6%) pool=240 preds=143 wo=587 core=3
KM_MSGPROF sender ctx=106 root=false query=None pred_sent=31065 (0.5%) pool=285 preds=109 wo=679 core=3
KM_PROF[time-ms] msgloop pred_payload=36.7 pred_arrival=2121.0 propagate=2036.1 | add_clause=2306.2 (lookup=212.7 fwdsub=1629.4 backsub=62.2 index=209.3) hyper=608.0 subsume=1255.8 pred_local=1560.5
KM_PROF msgloop guard=460000 contexts=1317 msgs_pending=0 saturate_calls=920 succ=76845 pred=383154 ground_wo=0
KM_MSGPROF arrivals dup=0 empty_join=0 conclusions=383162 conclusions_new=377622 (98.55% new) | arena[succ]=73391 arena[root]=7109 pred_interned=57515 ctx_clause_slots=899726
KM_MSGPROF sender ctx=2 root=false query=None pred_sent=770232 (13.3%) pool=885 preds=926 wo=38272 core=2
KM_MSGPROF sender ctx=3 root=false query=None pred_sent=600032 (10.4%) pool=700 preds=926 wo=33670 core=2
KM_MSGPROF sender ctx=4 root=false query=None pred_sent=521784 (9.0%) pool=804 preds=699 wo=37763 core=2
KM_MSGPROF sender ctx=5 root=false query=None pred_sent=461064 (8.0%) pool=716 preds=699 wo=39231 core=2
KM_MSGPROF sender ctx=6 root=false query=None pred_sent=457432 (7.9%) pool=545 preds=926 wo=28517 core=2
KM_MSGPROF sender ctx=1 root=false query=None pred_sent=457432 (7.9%) pool=545 preds=926 wo=28517 core=2
KM_MSGPROF sender ctx=18 root=false query=None pred_sent=34320 (0.6%) pool=240 preds=143 wo=587 core=3
KM_MSGPROF sender ctx=106 root=false query=None pred_sent=31065 (0.5%) pool=285 preds=109 wo=679 core=3
KM_PROF[time-ms] msgloop pred_payload=38.6 pred_arrival=2385.4 propagate=2036.1 | add_clause=2531.9 (lookup=216.1 fwdsub=1838.7 backsub=64.5 index=214.6) hyper=608.0 subsume=1255.8 pred_local=1560.5
KM_PROF msgloop guard=480000 contexts=1317 msgs_pending=0 saturate_calls=920 succ=76845 pred=403154 ground_wo=0
KM_MSGPROF arrivals dup=0 empty_join=0 conclusions=403162 conclusions_new=397622 (98.63% new) | arena[succ]=73391 arena[root]=7109 pred_interned=57515 ctx_clause_slots=919726
KM_MSGPROF sender ctx=2 root=false query=None pred_sent=770232 (13.3%) pool=885 preds=926 wo=38272 core=2
KM_MSGPROF sender ctx=3 root=false query=None pred_sent=600032 (10.4%) pool=700 preds=926 wo=33670 core=2
KM_MSGPROF sender ctx=4 root=false query=None pred_sent=521784 (9.0%) pool=804 preds=699 wo=37763 core=2
KM_MSGPROF sender ctx=5 root=false query=None pred_sent=461064 (8.0%) pool=716 preds=699 wo=39231 core=2
KM_MSGPROF sender ctx=6 root=false query=None pred_sent=457432 (7.9%) pool=545 preds=926 wo=28517 core=2
KM_MSGPROF sender ctx=1 root=false query=None pred_sent=457432 (7.9%) pool=545 preds=926 wo=28517 core=2
KM_MSGPROF sender ctx=18 root=false query=None pred_sent=34320 (0.6%) pool=240 preds=143 wo=587 core=3
KM_MSGPROF sender ctx=106 root=false query=None pred_sent=31065 (0.5%) pool=285 preds=109 wo=679 core=3
KM_PROF[time-ms] msgloop pred_payload=40.8 pred_arrival=2658.7 propagate=2036.1 | add_clause=2771.6 (lookup=219.7 fwdsub=2054.6 backsub=67.0 index=226.4) hyper=608.0 subsume=1255.8 pred_local=1560.5
KM_PROF msgloop guard=500000 contexts=1317 msgs_pending=0 saturate_calls=920 succ=76845 pred=423154 ground_wo=0
KM_MSGPROF arrivals dup=0 empty_join=0 conclusions=423162 conclusions_new=417622 (98.69% new) | arena[succ]=73391 arena[root]=7109 pred_interned=57515 ctx_clause_slots=939726
KM_MSGPROF sender ctx=2 root=false query=None pred_sent=770232 (13.3%) pool=885 preds=926 wo=38272 core=2
KM_MSGPROF sender ctx=3 root=false query=None pred_sent=600032 (10.4%) pool=700 preds=926 wo=33670 core=2
KM_MSGPROF sender ctx=4 root=false query=None pred_sent=521784 (9.0%) pool=804 preds=699 wo=37763 core=2
KM_MSGPROF sender ctx=5 root=false query=None pred_sent=461064 (8.0%) pool=716 preds=699 wo=39231 core=2
KM_MSGPROF sender ctx=6 root=false query=None pred_sent=457432 (7.9%) pool=545 preds=926 wo=28517 core=2
KM_MSGPROF sender ctx=1 root=false query=None pred_sent=457432 (7.9%) pool=545 preds=926 wo=28517 core=2
KM_MSGPROF sender ctx=18 root=false query=None pred_sent=34320 (0.6%) pool=240 preds=143 wo=587 core=3
KM_MSGPROF sender ctx=106 root=false query=None pred_sent=31065 (0.5%) pool=285 preds=109 wo=679 core=3
KM_PROF[time-ms] msgloop pred_payload=43.0 pred_arrival=2955.1 propagate=2036.1 | add_clause=3034.2 (lookup=223.3 fwdsub=2296.5 backsub=69.5 index=235.2) hyper=608.0 subsume=1255.8 pred_local=1560.5
KM_PROF msgloop guard=520000 contexts=1317 msgs_pending=0 saturate_calls=920 succ=76845 pred=443154 ground_wo=0
KM_MSGPROF arrivals dup=0 empty_join=0 conclusions=443365 conclusions_new=437825 (98.75% new) | arena[succ]=73433 arena[root]=7130 pred_interned=57536 ctx_clause_slots=959929
KM_MSGPROF sender ctx=2 root=false query=None pred_sent=770232 (13.3%) pool=885 preds=926 wo=38272 core=2
KM_MSGPROF sender ctx=3 root=false query=None pred_sent=600032 (10.4%) pool=700 preds=926 wo=33670 core=2
KM_MSGPROF sender ctx=4 root=false query=None pred_sent=521784 (9.0%) pool=804 preds=699 wo=37763 core=2
KM_MSGPROF sender ctx=5 root=false query=None pred_sent=461064 (8.0%) pool=716 preds=699 wo=39231 core=2
KM_MSGPROF sender ctx=6 root=false query=None pred_sent=457432 (7.9%) pool=545 preds=926 wo=28517 core=2
KM_MSGPROF sender ctx=1 root=false query=None pred_sent=457432 (7.9%) pool=545 preds=926 wo=28517 core=2
KM_MSGPROF sender ctx=18 root=false query=None pred_sent=34320 (0.6%) pool=240 preds=143 wo=587 core=3
KM_MSGPROF sender ctx=106 root=false query=None pred_sent=31065 (0.5%) pool=285 preds=109 wo=679 core=3
KM_PROF[time-ms] msgloop pred_payload=45.4 pred_arrival=3298.4 propagate=2036.1 | add_clause=3341.3 (lookup=227.1 fwdsub=2576.3 backsub=72.2 index=249.7) hyper=608.0 subsume=1255.8 pred_local=1560.5
KM_PROF msgloop guard=540000 contexts=1317 msgs_pending=0 saturate_calls=920 succ=76845 pred=463154 ground_wo=0
KM_MSGPROF arrivals dup=0 empty_join=0 conclusions=464235 conclusions_new=458695 (98.81% new) | arena[succ]=73607 arena[root]=7217 pred_interned=57623 ctx_clause_slots=980799
KM_MSGPROF sender ctx=2 root=false query=None pred_sent=770232 (13.3%) pool=885 preds=926 wo=38272 core=2
KM_MSGPROF sender ctx=3 root=false query=None pred_sent=600032 (10.4%) pool=700 preds=926 wo=33670 core=2
KM_MSGPROF sender ctx=4 root=false query=None pred_sent=521784 (9.0%) pool=804 preds=699 wo=37763 core=2
KM_MSGPROF sender ctx=5 root=false query=None pred_sent=461064 (8.0%) pool=716 preds=699 wo=39231 core=2
KM_MSGPROF sender ctx=6 root=false query=None pred_sent=457432 (7.9%) pool=545 preds=926 wo=28517 core=2
KM_MSGPROF sender ctx=1 root=false query=None pred_sent=457432 (7.9%) pool=545 preds=926 wo=28517 core=2
KM_MSGPROF sender ctx=18 root=false query=None pred_sent=34320 (0.6%) pool=240 preds=143 wo=587 core=3
KM_MSGPROF sender ctx=106 root=false query=None pred_sent=31065 (0.5%) pool=285 preds=109 wo=679 core=3
KM_PROF[time-ms] msgloop pred_payload=48.1 pred_arrival=3662.3 propagate=2036.1 | add_clause=3667.6 (lookup=231.1 fwdsub=2879.7 backsub=75.0 index=259.5) hyper=608.0 subsume=1255.8 pred_local=1560.5
KM_PROF msgloop guard=560000 contexts=1317 msgs_pending=0 saturate_calls=920 succ=76845 pred=483154 ground_wo=0
KM_MSGPROF arrivals dup=0 empty_join=0 conclusions=485103 conclusions_new=479563 (98.86% new) | arena[succ]=73781 arena[root]=7304 pred_interned=57710 ctx_clause_slots=1001667
KM_MSGPROF sender ctx=2 root=false query=None pred_sent=770232 (13.3%) pool=885 preds=926 wo=38272 core=2
KM_MSGPROF sender ctx=3 root=false query=None pred_sent=600032 (10.4%) pool=700 preds=926 wo=33670 core=2
KM_MSGPROF sender ctx=4 root=false query=None pred_sent=521784 (9.0%) pool=804 preds=699 wo=37763 core=2
KM_MSGPROF sender ctx=5 root=false query=None pred_sent=461064 (8.0%) pool=716 preds=699 wo=39231 core=2
KM_MSGPROF sender ctx=6 root=false query=None pred_sent=457432 (7.9%) pool=545 preds=926 wo=28517 core=2
KM_MSGPROF sender ctx=1 root=false query=None pred_sent=457432 (7.9%) pool=545 preds=926 wo=28517 core=2
KM_MSGPROF sender ctx=18 root=false query=None pred_sent=34320 (0.6%) pool=240 preds=143 wo=587 core=3
KM_MSGPROF sender ctx=106 root=false query=None pred_sent=31065 (0.5%) pool=285 preds=109 wo=679 core=3
KM_PROF[time-ms] msgloop pred_payload=50.9 pred_arrival=4071.0 propagate=2036.1 | add_clause=4035.6 (lookup=235.3 fwdsub=3226.1 backsub=78.0 index=267.1) hyper=608.0 subsume=1255.8 pred_local=1560.5
KM_PROF msgloop guard=580000 contexts=1317 msgs_pending=0 saturate_calls=920 succ=76845 pred=503154 ground_wo=0
KM_MSGPROF arrivals dup=0 empty_join=0 conclusions=505973 conclusions_new=500433 (98.91% new) | arena[succ]=73955 arena[root]=7391 pred_interned=57797 ctx_clause_slots=1022537
KM_MSGPROF sender ctx=2 root=false query=None pred_sent=770232 (13.3%) pool=885 preds=926 wo=38272 core=2
KM_MSGPROF sender ctx=3 root=false query=None pred_sent=600032 (10.4%) pool=700 preds=926 wo=33670 core=2
KM_MSGPROF sender ctx=4 root=false query=None pred_sent=521784 (9.0%) pool=804 preds=699 wo=37763 core=2
KM_MSGPROF sender ctx=5 root=false query=None pred_sent=461064 (8.0%) pool=716 preds=699 wo=39231 core=2
KM_MSGPROF sender ctx=6 root=false query=None pred_sent=457432 (7.9%) pool=545 preds=926 wo=28517 core=2
KM_MSGPROF sender ctx=1 root=false query=None pred_sent=457432 (7.9%) pool=545 preds=926 wo=28517 core=2
KM_MSGPROF sender ctx=18 root=false query=None pred_sent=34320 (0.6%) pool=240 preds=143 wo=587 core=3
KM_MSGPROF sender ctx=106 root=false query=None pred_sent=31065 (0.5%) pool=285 preds=109 wo=679 core=3
KM_PROF[time-ms] msgloop pred_payload=54.1 pred_arrival=4541.3 propagate=2036.1 | add_clause=4464.0 (lookup=239.6 fwdsub=3629.1 backsub=81.0 index=278.0) hyper=608.0 subsume=1255.8 pred_local=1560.5
KM_PROF msgloop guard=600000 contexts=1317 msgs_pending=0 saturate_calls=920 succ=76845 pred=523154 ground_wo=0
KM_MSGPROF arrivals dup=0 empty_join=0 conclusions=526842 conclusions_new=521302 (98.95% new) | arena[succ]=74129 arena[root]=7478 pred_interned=57884 ctx_clause_slots=1043406
KM_MSGPROF sender ctx=2 root=false query=None pred_sent=770232 (13.3%) pool=885 preds=926 wo=38272 core=2
KM_MSGPROF sender ctx=3 root=false query=None pred_sent=600032 (10.4%) pool=700 preds=926 wo=33670 core=2
KM_MSGPROF sender ctx=4 root=false query=None pred_sent=521784 (9.0%) pool=804 preds=699 wo=37763 core=2
KM_MSGPROF sender ctx=5 root=false query=None pred_sent=461064 (8.0%) pool=716 preds=699 wo=39231 core=2
KM_MSGPROF sender ctx=6 root=false query=None pred_sent=457432 (7.9%) pool=545 preds=926 wo=28517 core=2
KM_MSGPROF sender ctx=1 root=false query=None pred_sent=457432 (7.9%) pool=545 preds=926 wo=28517 core=2
KM_MSGPROF sender ctx=18 root=false query=None pred_sent=34320 (0.6%) pool=240 preds=143 wo=587 core=3
KM_MSGPROF sender ctx=106 root=false query=None pred_sent=31065 (0.5%) pool=285 preds=109 wo=679 core=3
KM_PROF[time-ms] msgloop pred_payload=57.6 pred_arrival=5041.0 propagate=2036.1 | add_clause=4920.8 (lookup=243.9 fwdsub=4062.4 backsub=84.2 index=286.5) hyper=608.0 subsume=1255.8 pred_local=1560.5
KM_PROF msgloop guard=620000 contexts=1317 msgs_pending=0 saturate_calls=920 succ=76845 pred=543154 ground_wo=0
KM_MSGPROF arrivals dup=0 empty_join=0 conclusions=547711 conclusions_new=542171 (98.99% new) | arena[succ]=74303 arena[root]=7565 pred_interned=57971 ctx_clause_slots=1064275
KM_MSGPROF sender ctx=2 root=false query=None pred_sent=770232 (13.3%) pool=885 preds=926 wo=38272 core=2
KM_MSGPROF sender ctx=3 root=false query=None pred_sent=600032 (10.4%) pool=700 preds=926 wo=33670 core=2
KM_MSGPROF sender ctx=4 root=false query=None pred_sent=521784 (9.0%) pool=804 preds=699 wo=37763 core=2
KM_MSGPROF sender ctx=5 root=false query=None pred_sent=461064 (8.0%) pool=716 preds=699 wo=39231 core=2
KM_MSGPROF sender ctx=6 root=false query=None pred_sent=457432 (7.9%) pool=545 preds=926 wo=28517 core=2
KM_MSGPROF sender ctx=1 root=false query=None pred_sent=457432 (7.9%) pool=545 preds=926 wo=28517 core=2
KM_MSGPROF sender ctx=18 root=false query=None pred_sent=34320 (0.6%) pool=240 preds=143 wo=587 core=3
KM_MSGPROF sender ctx=106 root=false query=None pred_sent=31065 (0.5%) pool=285 preds=109 wo=679 core=3
KM_PROF[time-ms] msgloop pred_payload=61.0 pred_arrival=5603.3 propagate=2036.1 | add_clause=5438.7 (lookup=248.4 fwdsub=4555.8 backsub=87.3 index=295.7) hyper=608.0 subsume=1255.8 pred_local=1560.5
KM_PROF msgloop guard=640000 contexts=1317 msgs_pending=0 saturate_calls=920 succ=76845 pred=563154 ground_wo=0
KM_MSGPROF arrivals dup=0 empty_join=0 conclusions=568580 conclusions_new=563040 (99.03% new) | arena[succ]=74477 arena[root]=7652 pred_interned=58058 ctx_clause_slots=1085144
KM_MSGPROF sender ctx=2 root=false query=None pred_sent=770232 (13.3%) pool=885 preds=926 wo=38272 core=2
KM_MSGPROF sender ctx=3 root=false query=None pred_sent=600032 (10.4%) pool=700 preds=926 wo=33670 core=2
KM_MSGPROF sender ctx=4 root=false query=None pred_sent=521784 (9.0%) pool=804 preds=699 wo=37763 core=2
KM_MSGPROF sender ctx=5 root=false query=None pred_sent=461064 (8.0%) pool=716 preds=699 wo=39231 core=2
KM_MSGPROF sender ctx=6 root=false query=None pred_sent=457432 (7.9%) pool=545 preds=926 wo=28517 core=2
KM_MSGPROF sender ctx=1 root=false query=None pred_sent=457432 (7.9%) pool=545 preds=926 wo=28517 core=2
KM_MSGPROF sender ctx=18 root=false query=None pred_sent=34320 (0.6%) pool=240 preds=143 wo=587 core=3
KM_MSGPROF sender ctx=106 root=false query=None pred_sent=31065 (0.5%) pool=285 preds=109 wo=679 core=3
KM_PROF[time-ms] msgloop pred_payload=64.8 pred_arrival=6195.8 propagate=2036.1 | add_clause=5985.4 (lookup=252.9 fwdsub=5078.3 backsub=90.5 index=304.5) hyper=608.0 subsume=1255.8 pred_local=1560.5
KM_PROF msgloop guard=660000 contexts=1317 msgs_pending=0 saturate_calls=920 succ=76845 pred=583154 ground_wo=0
KM_MSGPROF arrivals dup=0 empty_join=0 conclusions=589449 conclusions_new=583909 (99.06% new) | arena[succ]=74651 arena[root]=7739 pred_interned=58145 ctx_clause_slots=1106013
KM_MSGPROF sender ctx=2 root=false query=None pred_sent=770232 (13.3%) pool=885 preds=926 wo=38272 core=2
KM_MSGPROF sender ctx=3 root=false query=None pred_sent=600032 (10.4%) pool=700 preds=926 wo=33670 core=2
KM_MSGPROF sender ctx=4 root=false query=None pred_sent=521784 (9.0%) pool=804 preds=699 wo=37763 core=2
KM_MSGPROF sender ctx=5 root=false query=None pred_sent=461064 (8.0%) pool=716 preds=699 wo=39231 core=2
KM_MSGPROF sender ctx=6 root=false query=None pred_sent=457432 (7.9%) pool=545 preds=926 wo=28517 core=2
KM_MSGPROF sender ctx=1 root=false query=None pred_sent=457432 (7.9%) pool=545 preds=926 wo=28517 core=2
KM_MSGPROF sender ctx=18 root=false query=None pred_sent=34320 (0.6%) pool=240 preds=143 wo=587 core=3
KM_MSGPROF sender ctx=106 root=false query=None pred_sent=31065 (0.5%) pool=285 preds=109 wo=679 core=3
KM_PROF[time-ms] msgloop pred_payload=69.2 pred_arrival=6822.9 propagate=2036.1 | add_clause=6568.2 (lookup=257.5 fwdsub=5638.7 backsub=93.8 index=311.5) hyper=608.0 subsume=1255.8 pred_local=1560.5
KM_PROF msgloop guard=680000 contexts=1317 msgs_pending=0 saturate_calls=920 succ=76845 pred=603154 ground_wo=0
KM_MSGPROF arrivals dup=0 empty_join=0 conclusions=610317 conclusions_new=604777 (99.09% new) | arena[succ]=74825 arena[root]=7826 pred_interned=58232 ctx_clause_slots=1126881
KM_MSGPROF sender ctx=2 root=false query=None pred_sent=770232 (13.3%) pool=885 preds=926 wo=38272 core=2
KM_MSGPROF sender ctx=3 root=false query=None pred_sent=600032 (10.4%) pool=700 preds=926 wo=33670 core=2
KM_MSGPROF sender ctx=4 root=false query=None pred_sent=521784 (9.0%) pool=804 preds=699 wo=37763 core=2
KM_MSGPROF sender ctx=5 root=false query=None pred_sent=461064 (8.0%) pool=716 preds=699 wo=39231 core=2
KM_MSGPROF sender ctx=6 root=false query=None pred_sent=457432 (7.9%) pool=545 preds=926 wo=28517 core=2
KM_MSGPROF sender ctx=1 root=false query=None pred_sent=457432 (7.9%) pool=545 preds=926 wo=28517 core=2
KM_MSGPROF sender ctx=18 root=false query=None pred_sent=34320 (0.6%) pool=240 preds=143 wo=587 core=3
KM_MSGPROF sender ctx=106 root=false query=None pred_sent=31065 (0.5%) pool=285 preds=109 wo=679 core=3
KM_PROF[time-ms] msgloop pred_payload=73.1 pred_arrival=7513.4 propagate=2036.1 | add_clause=7204.8 (lookup=262.1 fwdsub=6251.5 backsub=97.0 index=319.7) hyper=608.0 subsume=1255.8 pred_local=1560.5
KM_PROF msgloop guard=700000 contexts=1317 msgs_pending=0 saturate_calls=920 succ=76845 pred=623154 ground_wo=0
KM_MSGPROF arrivals dup=0 empty_join=0 conclusions=631186 conclusions_new=625646 (99.12% new) | arena[succ]=74999 arena[root]=7913 pred_interned=58319 ctx_clause_slots=1147750
KM_MSGPROF sender ctx=2 root=false query=None pred_sent=770232 (13.3%) pool=885 preds=926 wo=38272 core=2
KM_MSGPROF sender ctx=3 root=false query=None pred_sent=600032 (10.4%) pool=700 preds=926 wo=33670 core=2
KM_MSGPROF sender ctx=4 root=false query=None pred_sent=521784 (9.0%) pool=804 preds=699 wo=37763 core=2
KM_MSGPROF sender ctx=5 root=false query=None pred_sent=461064 (8.0%) pool=716 preds=699 wo=39231 core=2
KM_MSGPROF sender ctx=6 root=false query=None pred_sent=457432 (7.9%) pool=545 preds=926 wo=28517 core=2
KM_MSGPROF sender ctx=1 root=false query=None pred_sent=457432 (7.9%) pool=545 preds=926 wo=28517 core=2
KM_MSGPROF sender ctx=18 root=false query=None pred_sent=34320 (0.6%) pool=240 preds=143 wo=587 core=3
KM_MSGPROF sender ctx=106 root=false query=None pred_sent=31065 (0.5%) pool=285 preds=109 wo=679 core=3
KM_PROF[time-ms] msgloop pred_payload=77.1 pred_arrival=8245.4 propagate=2036.1 | add_clause=7890.4 (lookup=266.7 fwdsub=6913.6 backsub=100.4 index=327.3) hyper=608.0 subsume=1255.8 pred_local=1560.5
KM_PROF msgloop guard=720000 contexts=1317 msgs_pending=0 saturate_calls=920 succ=76845 pred=643154 ground_wo=0
KM_MSGPROF arrivals dup=0 empty_join=0 conclusions=652056 conclusions_new=646516 (99.15% new) | arena[succ]=75173 arena[root]=8000 pred_interned=58406 ctx_clause_slots=1168620
KM_MSGPROF sender ctx=2 root=false query=None pred_sent=770232 (13.3%) pool=885 preds=926 wo=38272 core=2
KM_MSGPROF sender ctx=3 root=false query=None pred_sent=600032 (10.4%) pool=700 preds=926 wo=33670 core=2
KM_MSGPROF sender ctx=4 root=false query=None pred_sent=521784 (9.0%) pool=804 preds=699 wo=37763 core=2
KM_MSGPROF sender ctx=5 root=false query=None pred_sent=461064 (8.0%) pool=716 preds=699 wo=39231 core=2
KM_MSGPROF sender ctx=6 root=false query=None pred_sent=457432 (7.9%) pool=545 preds=926 wo=28517 core=2
KM_MSGPROF sender ctx=1 root=false query=None pred_sent=457432 (7.9%) pool=545 preds=926 wo=28517 core=2
KM_MSGPROF sender ctx=18 root=false query=None pred_sent=34320 (0.6%) pool=240 preds=143 wo=587 core=3
KM_MSGPROF sender ctx=106 root=false query=None pred_sent=31065 (0.5%) pool=285 preds=109 wo=679 core=3
KM_PROF[time-ms] msgloop pred_payload=81.3 pred_arrival=9029.2 propagate=2036.1 | add_clause=8624.8 (lookup=271.4 fwdsub=7621.9 backsub=103.9 index=336.0) hyper=608.0 subsume=1255.8 pred_local=1560.5
KM_PROF msgloop guard=740000 contexts=1317 msgs_pending=0 saturate_calls=920 succ=78257 pred=661742 ground_wo=0
KM_MSGPROF arrivals dup=0 empty_join=0 conclusions=671066 conclusions_new=664442 (99.01% new) | arena[succ]=75260 arena[root]=8048 pred_interned=58646 ctx_clause_slots=1186818
KM_MSGPROF sender ctx=2 root=false query=None pred_sent=770232 (13.3%) pool=885 preds=928 wo=38272 core=2
KM_MSGPROF sender ctx=3 root=false query=None pred_sent=600032 (10.4%) pool=700 preds=928 wo=33670 core=2
KM_MSGPROF sender ctx=4 root=false query=None pred_sent=521784 (9.0%) pool=804 preds=702 wo=37763 core=2
KM_MSGPROF sender ctx=5 root=false query=None pred_sent=461064 (8.0%) pool=716 preds=702 wo=39231 core=2
KM_MSGPROF sender ctx=6 root=false query=None pred_sent=457432 (7.9%) pool=545 preds=928 wo=28517 core=2
KM_MSGPROF sender ctx=1 root=false query=None pred_sent=457432 (7.9%) pool=545 preds=928 wo=28517 core=2
KM_MSGPROF sender ctx=18 root=false query=None pred_sent=34320 (0.6%) pool=240 preds=143 wo=587 core=3
KM_MSGPROF sender ctx=106 root=false query=None pred_sent=31065 (0.5%) pool=285 preds=109 wo=679 core=3
KM_PROF[time-ms] msgloop pred_payload=83.8 pred_arrival=9528.2 propagate=2036.1 | add_clause=9076.6 (lookup=275.3 fwdsub=8052.4 backsub=107.4 index=343.1) hyper=608.0 subsume=1255.8 pred_local=1560.5
KM_PROF msgloop guard=760000 contexts=1317 msgs_pending=0 saturate_calls=920 succ=80933 pred=679066 ground_wo=0
KM_MSGPROF arrivals dup=0 empty_join=0 conclusions=688390 conclusions_new=681766 (99.04% new) | arena[succ]=75260 arena[root]=8048 pred_interned=58646 ctx_clause_slots=1204238
KM_MSGPROF sender ctx=2 root=false query=None pred_sent=770232 (13.3%) pool=885 preds=930 wo=38272 core=2
KM_MSGPROF sender ctx=3 root=false query=None pred_sent=600032 (10.4%) pool=700 preds=930 wo=33670 core=2
KM_MSGPROF sender ctx=4 root=false query=None pred_sent=521784 (9.0%) pool=804 preds=705 wo=37763 core=2
KM_MSGPROF sender ctx=5 root=false query=None pred_sent=461064 (8.0%) pool=716 preds=705 wo=39231 core=2
KM_MSGPROF sender ctx=6 root=false query=None pred_sent=457432 (7.9%) pool=545 preds=930 wo=28517 core=2
KM_MSGPROF sender ctx=1 root=false query=None pred_sent=457432 (7.9%) pool=545 preds=930 wo=28517 core=2
KM_MSGPROF sender ctx=18 root=false query=None pred_sent=34320 (0.6%) pool=240 preds=143 wo=587 core=3
KM_MSGPROF sender ctx=106 root=false query=None pred_sent=31065 (0.5%) pool=285 preds=109 wo=679 core=3
KM_PROF[time-ms] msgloop pred_payload=85.2 pred_arrival=9591.7 propagate=2036.1 | add_clause=9110.1 (lookup=278.6 fwdsub=8070.3 backsub=109.0 index=349.3) hyper=608.0 subsume=1255.8 pred_local=1560.5
KM_PROF msgloop guard=780000 contexts=1317 msgs_pending=0 saturate_calls=920 succ=80933 pred=699066 ground_wo=0
KM_MSGPROF arrivals dup=0 empty_join=0 conclusions=708390 conclusions_new=700014 (98.82% new) | arena[succ]=75260 arena[root]=8048 pred_interned=58646 ctx_clause_slots=1222486
KM_MSGPROF sender ctx=2 root=false query=None pred_sent=770232 (13.3%) pool=885 preds=930 wo=38272 core=2
KM_MSGPROF sender ctx=3 root=false query=None pred_sent=600032 (10.4%) pool=700 preds=930 wo=33670 core=2
KM_MSGPROF sender ctx=4 root=false query=None pred_sent=521784 (9.0%) pool=804 preds=705 wo=37763 core=2
KM_MSGPROF sender ctx=5 root=false query=None pred_sent=461064 (8.0%) pool=716 preds=705 wo=39231 core=2
KM_MSGPROF sender ctx=6 root=false query=None pred_sent=457432 (7.9%) pool=545 preds=930 wo=28517 core=2
KM_MSGPROF sender ctx=1 root=false query=None pred_sent=457432 (7.9%) pool=545 preds=930 wo=28517 core=2
KM_MSGPROF sender ctx=18 root=false query=None pred_sent=34320 (0.6%) pool=240 preds=143 wo=587 core=3
KM_MSGPROF sender ctx=106 root=false query=None pred_sent=31065 (0.5%) pool=285 preds=109 wo=679 core=3
KM_PROF[time-ms] msgloop pred_payload=86.7 pred_arrival=9655.0 propagate=2036.1 | add_clause=9142.8 (lookup=281.5 fwdsub=8089.4 backsub=110.6 index=353.5) hyper=608.0 subsume=1255.8 pred_local=1560.5
KM_PROF msgloop guard=800000 contexts=1317 msgs_pending=0 saturate_calls=920 succ=80933 pred=719066 ground_wo=0
KM_MSGPROF arrivals dup=0 empty_join=0 conclusions=728390 conclusions_new=720014 (98.85% new) | arena[succ]=75260 arena[root]=8048 pred_interned=58646 ctx_clause_slots=1242486
KM_MSGPROF sender ctx=2 root=false query=None pred_sent=770232 (13.3%) pool=885 preds=930 wo=38272 core=2
KM_MSGPROF sender ctx=3 root=false query=None pred_sent=600032 (10.4%) pool=700 preds=930 wo=33670 core=2
KM_MSGPROF sender ctx=4 root=false query=None pred_sent=521784 (9.0%) pool=804 preds=705 wo=37763 core=2
KM_MSGPROF sender ctx=5 root=false query=None pred_sent=461064 (8.0%) pool=716 preds=705 wo=39231 core=2
KM_MSGPROF sender ctx=6 root=false query=None pred_sent=457432 (7.9%) pool=545 preds=930 wo=28517 core=2
KM_MSGPROF sender ctx=1 root=false query=None pred_sent=457432 (7.9%) pool=545 preds=930 wo=28517 core=2
KM_MSGPROF sender ctx=18 root=false query=None pred_sent=34320 (0.6%) pool=240 preds=143 wo=587 core=3
KM_MSGPROF sender ctx=106 root=false query=None pred_sent=31065 (0.5%) pool=285 preds=109 wo=679 core=3
KM_PROF[time-ms] msgloop pred_payload=88.1 pred_arrival=9742.1 propagate=2036.1 | add_clause=9198.5 (lookup=284.5 fwdsub=8130.6 backsub=112.5 index=357.9) hyper=608.0 subsume=1255.8 pred_local=1560.5
KM_PROF msgloop guard=820000 contexts=1317 msgs_pending=0 saturate_calls=920 succ=80933 pred=739066 ground_wo=0
KM_MSGPROF arrivals dup=0 empty_join=0 conclusions=748390 conclusions_new=740014 (98.88% new) | arena[succ]=75260 arena[root]=8048 pred_interned=58646 ctx_clause_slots=1262486
KM_MSGPROF sender ctx=2 root=false query=None pred_sent=770232 (13.3%) pool=885 preds=930 wo=38272 core=2
KM_MSGPROF sender ctx=3 root=false query=None pred_sent=600032 (10.4%) pool=700 preds=930 wo=33670 core=2
KM_MSGPROF sender ctx=4 root=false query=None pred_sent=521784 (9.0%) pool=804 preds=705 wo=37763 core=2
KM_MSGPROF sender ctx=5 root=false query=None pred_sent=461064 (8.0%) pool=716 preds=705 wo=39231 core=2
KM_MSGPROF sender ctx=6 root=false query=None pred_sent=457432 (7.9%) pool=545 preds=930 wo=28517 core=2
KM_MSGPROF sender ctx=1 root=false query=None pred_sent=457432 (7.9%) pool=545 preds=930 wo=28517 core=2
KM_MSGPROF sender ctx=18 root=false query=None pred_sent=34320 (0.6%) pool=240 preds=143 wo=587 core=3
KM_MSGPROF sender ctx=106 root=false query=None pred_sent=31065 (0.5%) pool=285 preds=109 wo=679 core=3
KM_PROF[time-ms] msgloop pred_payload=89.7 pred_arrival=9853.6 propagate=2036.1 | add_clause=9278.6 (lookup=287.5 fwdsub=8196.0 backsub=114.5 index=362.4) hyper=608.0 subsume=1255.8 pred_local=1560.5
KM_PROF msgloop guard=840000 contexts=1317 msgs_pending=0 saturate_calls=920 succ=80933 pred=759066 ground_wo=0
KM_MSGPROF arrivals dup=0 empty_join=0 conclusions=768390 conclusions_new=760014 (98.91% new) | arena[succ]=75260 arena[root]=8048 pred_interned=58646 ctx_clause_slots=1282486
KM_MSGPROF sender ctx=2 root=false query=None pred_sent=770232 (13.3%) pool=885 preds=930 wo=38272 core=2
KM_MSGPROF sender ctx=3 root=false query=None pred_sent=600032 (10.4%) pool=700 preds=930 wo=33670 core=2
KM_MSGPROF sender ctx=4 root=false query=None pred_sent=521784 (9.0%) pool=804 preds=705 wo=37763 core=2
KM_MSGPROF sender ctx=5 root=false query=None pred_sent=461064 (8.0%) pool=716 preds=705 wo=39231 core=2
KM_MSGPROF sender ctx=6 root=false query=None pred_sent=457432 (7.9%) pool=545 preds=930 wo=28517 core=2
KM_MSGPROF sender ctx=1 root=false query=None pred_sent=457432 (7.9%) pool=545 preds=930 wo=28517 core=2
KM_MSGPROF sender ctx=18 root=false query=None pred_sent=34320 (0.6%) pool=240 preds=143 wo=587 core=3
KM_MSGPROF sender ctx=106 root=false query=None pred_sent=31065 (0.5%) pool=285 preds=109 wo=679 core=3
KM_PROF[time-ms] msgloop pred_payload=91.2 pred_arrival=9990.2 propagate=2036.1 | add_clause=9382.3 (lookup=290.6 fwdsub=8284.2 backsub=116.4 index=367.7) hyper=608.0 subsume=1255.8 pred_local=1560.5
KM_PROF msgloop guard=860000 contexts=1317 msgs_pending=0 saturate_calls=920 succ=80933 pred=779066 ground_wo=0
KM_MSGPROF arrivals dup=0 empty_join=0 conclusions=788390 conclusions_new=780014 (98.94% new) | arena[succ]=75260 arena[root]=8048 pred_interned=58646 ctx_clause_slots=1302486
KM_MSGPROF sender ctx=2 root=false query=None pred_sent=770232 (13.3%) pool=885 preds=930 wo=38272 core=2
KM_MSGPROF sender ctx=3 root=false query=None pred_sent=600032 (10.4%) pool=700 preds=930 wo=33670 core=2
KM_MSGPROF sender ctx=4 root=false query=None pred_sent=521784 (9.0%) pool=804 preds=705 wo=37763 core=2
KM_MSGPROF sender ctx=5 root=false query=None pred_sent=461064 (8.0%) pool=716 preds=705 wo=39231 core=2
KM_MSGPROF sender ctx=6 root=false query=None pred_sent=457432 (7.9%) pool=545 preds=930 wo=28517 core=2
KM_MSGPROF sender ctx=1 root=false query=None pred_sent=457432 (7.9%) pool=545 preds=930 wo=28517 core=2
KM_MSGPROF sender ctx=18 root=false query=None pred_sent=34320 (0.6%) pool=240 preds=143 wo=587 core=3
KM_MSGPROF sender ctx=106 root=false query=None pred_sent=31065 (0.5%) pool=285 preds=109 wo=679 core=3
KM_PROF[time-ms] msgloop pred_payload=92.8 pred_arrival=10147.7 propagate=2036.1 | add_clause=9507.0 (lookup=293.7 fwdsub=8393.2 backsub=118.3 index=373.2) hyper=608.0 subsume=1255.8 pred_local=1560.5
KM_PROF msgloop guard=880000 contexts=1317 msgs_pending=0 saturate_calls=920 succ=80933 pred=799066 ground_wo=0
KM_MSGPROF arrivals dup=0 empty_join=0 conclusions=808390 conclusions_new=800014 (98.96% new) | arena[succ]=75260 arena[root]=8048 pred_interned=58646 ctx_clause_slots=1322486
KM_MSGPROF sender ctx=2 root=false query=None pred_sent=770232 (13.3%) pool=885 preds=930 wo=38272 core=2
KM_MSGPROF sender ctx=3 root=false query=None pred_sent=600032 (10.4%) pool=700 preds=930 wo=33670 core=2
KM_MSGPROF sender ctx=4 root=false query=None pred_sent=521784 (9.0%) pool=804 preds=705 wo=37763 core=2
KM_MSGPROF sender ctx=5 root=false query=None pred_sent=461064 (8.0%) pool=716 preds=705 wo=39231 core=2
KM_MSGPROF sender ctx=6 root=false query=None pred_sent=457432 (7.9%) pool=545 preds=930 wo=28517 core=2
KM_MSGPROF sender ctx=1 root=false query=None pred_sent=457432 (7.9%) pool=545 preds=930 wo=28517 core=2
KM_MSGPROF sender ctx=18 root=false query=None pred_sent=34320 (0.6%) pool=240 preds=143 wo=587 core=3
KM_MSGPROF sender ctx=106 root=false query=None pred_sent=31065 (0.5%) pool=285 preds=109 wo=679 core=3
KM_PROF[time-ms] msgloop pred_payload=94.4 pred_arrival=10331.9 propagate=2036.1 | add_clause=9659.0 (lookup=296.7 fwdsub=8524.5 backsub=120.4 index=383.3) hyper=608.0 subsume=1255.8 pred_local=1560.5
KM_PROF msgloop guard=900000 contexts=1317 msgs_pending=0 saturate_calls=920 succ=80933 pred=819066 ground_wo=0
KM_MSGPROF arrivals dup=0 empty_join=0 conclusions=828390 conclusions_new=820014 (98.99% new) | arena[succ]=75260 arena[root]=8048 pred_interned=58646 ctx_clause_slots=1342486
KM_MSGPROF sender ctx=2 root=false query=None pred_sent=770232 (13.3%) pool=885 preds=930 wo=38272 core=2
KM_MSGPROF sender ctx=3 root=false query=None pred_sent=600032 (10.4%) pool=700 preds=930 wo=33670 core=2
KM_MSGPROF sender ctx=4 root=false query=None pred_sent=521784 (9.0%) pool=804 preds=705 wo=37763 core=2
KM_MSGPROF sender ctx=5 root=false query=None pred_sent=461064 (8.0%) pool=716 preds=705 wo=39231 core=2
KM_MSGPROF sender ctx=6 root=false query=None pred_sent=457432 (7.9%) pool=545 preds=930 wo=28517 core=2
KM_MSGPROF sender ctx=1 root=false query=None pred_sent=457432 (7.9%) pool=545 preds=930 wo=28517 core=2
KM_MSGPROF sender ctx=18 root=false query=None pred_sent=34320 (0.6%) pool=240 preds=143 wo=587 core=3
KM_MSGPROF sender ctx=106 root=false query=None pred_sent=31065 (0.5%) pool=285 preds=109 wo=679 core=3
KM_PROF[time-ms] msgloop pred_payload=96.1 pred_arrival=10543.1 propagate=2036.1 | add_clause=9837.2 (lookup=299.9 fwdsub=8681.2 backsub=122.5 index=394.2) hyper=608.0 subsume=1255.8 pred_local=1560.5
KM_PROF msgloop guard=920000 contexts=1317 msgs_pending=0 saturate_calls=920 succ=80933 pred=839066 ground_wo=0
KM_MSGPROF arrivals dup=0 empty_join=0 conclusions=848390 conclusions_new=840014 (99.01% new) | arena[succ]=75260 arena[root]=8048 pred_interned=58646 ctx_clause_slots=1362486
KM_MSGPROF sender ctx=2 root=false query=None pred_sent=770232 (13.3%) pool=885 preds=930 wo=38272 core=2
KM_MSGPROF sender ctx=3 root=false query=None pred_sent=600032 (10.4%) pool=700 preds=930 wo=33670 core=2
KM_MSGPROF sender ctx=4 root=false query=None pred_sent=521784 (9.0%) pool=804 preds=705 wo=37763 core=2
KM_MSGPROF sender ctx=5 root=false query=None pred_sent=461064 (8.0%) pool=716 preds=705 wo=39231 core=2
KM_MSGPROF sender ctx=6 root=false query=None pred_sent=457432 (7.9%) pool=545 preds=930 wo=28517 core=2
KM_MSGPROF sender ctx=1 root=false query=None pred_sent=457432 (7.9%) pool=545 preds=930 wo=28517 core=2
KM_MSGPROF sender ctx=18 root=false query=None pred_sent=34320 (0.6%) pool=240 preds=143 wo=587 core=3
KM_MSGPROF sender ctx=106 root=false query=None pred_sent=31065 (0.5%) pool=285 preds=109 wo=679 core=3
KM_PROF[time-ms] msgloop pred_payload=98.1 pred_arrival=10781.5 propagate=2036.1 | add_clause=10042.1 (lookup=303.1 fwdsub=8864.6 backsub=124.8 index=404.6) hyper=608.0 subsume=1255.8 pred_local=1560.5
KM_PROF msgloop guard=940000 contexts=1317 msgs_pending=0 saturate_calls=920 succ=80933 pred=859066 ground_wo=0
KM_MSGPROF arrivals dup=0 empty_join=0 conclusions=868390 conclusions_new=860014 (99.04% new) | arena[succ]=75260 arena[root]=8048 pred_interned=58646 ctx_clause_slots=1382486
KM_MSGPROF sender ctx=2 root=false query=None pred_sent=770232 (13.3%) pool=885 preds=930 wo=38272 core=2
KM_MSGPROF sender ctx=3 root=false query=None pred_sent=600032 (10.4%) pool=700 preds=930 wo=33670 core=2
KM_MSGPROF sender ctx=4 root=false query=None pred_sent=521784 (9.0%) pool=804 preds=705 wo=37763 core=2
KM_MSGPROF sender ctx=5 root=false query=None pred_sent=461064 (8.0%) pool=716 preds=705 wo=39231 core=2
KM_MSGPROF sender ctx=6 root=false query=None pred_sent=457432 (7.9%) pool=545 preds=930 wo=28517 core=2
KM_MSGPROF sender ctx=1 root=false query=None pred_sent=457432 (7.9%) pool=545 preds=930 wo=28517 core=2
KM_MSGPROF sender ctx=18 root=false query=None pred_sent=34320 (0.6%) pool=240 preds=143 wo=587 core=3
KM_MSGPROF sender ctx=106 root=false query=None pred_sent=31065 (0.5%) pool=285 preds=109 wo=679 core=3
KM_PROF[time-ms] msgloop pred_payload=100.2 pred_arrival=11063.8 propagate=2036.1 | add_clause=10288.4 (lookup=306.5 fwdsub=9078.5 backsub=127.1 index=425.0) hyper=608.0 subsume=1255.8 pred_local=1560.5
KM_PROF msgloop guard=960000 contexts=1317 msgs_pending=0 saturate_calls=920 succ=80933 pred=879066 ground_wo=0
KM_MSGPROF arrivals dup=0 empty_join=0 conclusions=888390 conclusions_new=880014 (99.06% new) | arena[succ]=75260 arena[root]=8048 pred_interned=58646 ctx_clause_slots=1402486
KM_MSGPROF sender ctx=2 root=false query=None pred_sent=770232 (13.3%) pool=885 preds=930 wo=38272 core=2
KM_MSGPROF sender ctx=3 root=false query=None pred_sent=600032 (10.4%) pool=700 preds=930 wo=33670 core=2
KM_MSGPROF sender ctx=4 root=false query=None pred_sent=521784 (9.0%) pool=804 preds=705 wo=37763 core=2
KM_MSGPROF sender ctx=5 root=false query=None pred_sent=461064 (8.0%) pool=716 preds=705 wo=39231 core=2
KM_MSGPROF sender ctx=6 root=false query=None pred_sent=457432 (7.9%) pool=545 preds=930 wo=28517 core=2
KM_MSGPROF sender ctx=1 root=false query=None pred_sent=457432 (7.9%) pool=545 preds=930 wo=28517 core=2
KM_MSGPROF sender ctx=18 root=false query=None pred_sent=34320 (0.6%) pool=240 preds=143 wo=587 core=3
KM_MSGPROF sender ctx=106 root=false query=None pred_sent=31065 (0.5%) pool=285 preds=109 wo=679 core=3
KM_PROF[time-ms] msgloop pred_payload=102.5 pred_arrival=11345.3 propagate=2036.1 | add_clause=10535.6 (lookup=309.9 fwdsub=9305.9 backsub=129.5 index=432.6) hyper=608.0 subsume=1255.8 pred_local=1560.5
KM_PROF msgloop guard=980000 contexts=1317 msgs_pending=0 saturate_calls=920 succ=80933 pred=899066 ground_wo=0
KM_MSGPROF arrivals dup=0 empty_join=0 conclusions=908390 conclusions_new=900014 (99.08% new) | arena[succ]=75260 arena[root]=8048 pred_interned=58646 ctx_clause_slots=1422486
KM_MSGPROF sender ctx=2 root=false query=None pred_sent=770232 (13.3%) pool=885 preds=930 wo=38272 core=2
KM_MSGPROF sender ctx=3 root=false query=None pred_sent=600032 (10.4%) pool=700 preds=930 wo=33670 core=2
KM_MSGPROF sender ctx=4 root=false query=None pred_sent=521784 (9.0%) pool=804 preds=705 wo=37763 core=2
KM_MSGPROF sender ctx=5 root=false query=None pred_sent=461064 (8.0%) pool=716 preds=705 wo=39231 core=2
KM_MSGPROF sender ctx=6 root=false query=None pred_sent=457432 (7.9%) pool=545 preds=930 wo=28517 core=2
KM_MSGPROF sender ctx=1 root=false query=None pred_sent=457432 (7.9%) pool=545 preds=930 wo=28517 core=2
KM_MSGPROF sender ctx=18 root=false query=None pred_sent=34320 (0.6%) pool=240 preds=143 wo=587 core=3
KM_MSGPROF sender ctx=106 root=false query=None pred_sent=31065 (0.5%) pool=285 preds=109 wo=679 core=3
KM_PROF[time-ms] msgloop pred_payload=105.2 pred_arrival=11673.3 propagate=2036.1 | add_clause=10827.6 (lookup=313.6 fwdsub=9572.4 backsub=132.0 index=445.9) hyper=608.0 subsume=1255.8 pred_local=1560.5
KM_PROF msgloop guard=1000000 contexts=1317 msgs_pending=0 saturate_calls=920 succ=80933 pred=919066 ground_wo=0
KM_MSGPROF arrivals dup=0 empty_join=0 conclusions=928390 conclusions_new=920014 (99.10% new) | arena[succ]=75260 arena[root]=8048 pred_interned=58646 ctx_clause_slots=1442486
KM_MSGPROF sender ctx=2 root=false query=None pred_sent=770232 (13.3%) pool=885 preds=930 wo=38272 core=2
KM_MSGPROF sender ctx=3 root=false query=None pred_sent=600032 (10.4%) pool=700 preds=930 wo=33670 core=2
KM_MSGPROF sender ctx=4 root=false query=None pred_sent=521784 (9.0%) pool=804 preds=705 wo=37763 core=2
KM_MSGPROF sender ctx=5 root=false query=None pred_sent=461064 (8.0%) pool=716 preds=705 wo=39231 core=2
KM_MSGPROF sender ctx=6 root=false query=None pred_sent=457432 (7.9%) pool=545 preds=930 wo=28517 core=2
KM_MSGPROF sender ctx=1 root=false query=None pred_sent=457432 (7.9%) pool=545 preds=930 wo=28517 core=2
KM_MSGPROF sender ctx=18 root=false query=None pred_sent=34320 (0.6%) pool=240 preds=143 wo=587 core=3
KM_MSGPROF sender ctx=106 root=false query=None pred_sent=31065 (0.5%) pool=285 preds=109 wo=679 core=3
KM_PROF[time-ms] msgloop pred_payload=108.2 pred_arrival=12040.4 propagate=2036.1 | add_clause=11157.4 (lookup=317.5 fwdsub=9877.8 backsub=134.7 index=457.0) hyper=608.0 subsume=1255.8 pred_local=1560.5
KM_PROF msgloop guard=1020000 contexts=1317 msgs_pending=0 saturate_calls=920 succ=80933 pred=939066 ground_wo=0
KM_MSGPROF arrivals dup=0 empty_join=0 conclusions=948465 conclusions_new=940089 (99.12% new) | arena[succ]=75278 arena[root]=8053 pred_interned=58654 ctx_clause_slots=1462561
KM_MSGPROF sender ctx=2 root=false query=None pred_sent=770232 (13.3%) pool=885 preds=930 wo=38272 core=2
KM_MSGPROF sender ctx=3 root=false query=None pred_sent=600032 (10.4%) pool=700 preds=930 wo=33670 core=2
KM_MSGPROF sender ctx=4 root=false query=None pred_sent=521784 (9.0%) pool=804 preds=705 wo=37763 core=2
KM_MSGPROF sender ctx=5 root=false query=None pred_sent=461064 (8.0%) pool=716 preds=705 wo=39231 core=2
KM_MSGPROF sender ctx=6 root=false query=None pred_sent=457432 (7.9%) pool=545 preds=930 wo=28517 core=2
KM_MSGPROF sender ctx=1 root=false query=None pred_sent=457432 (7.9%) pool=545 preds=930 wo=28517 core=2
KM_MSGPROF sender ctx=18 root=false query=None pred_sent=34320 (0.6%) pool=240 preds=143 wo=587 core=3
KM_MSGPROF sender ctx=106 root=false query=None pred_sent=31065 (0.5%) pool=285 preds=109 wo=679 core=3
KM_PROF[time-ms] msgloop pred_payload=111.1 pred_arrival=12418.5 propagate=2036.1 | add_clause=11498.2 (lookup=321.4 fwdsub=10197.7 backsub=137.6 index=464.3) hyper=608.0 subsume=1255.8 pred_local=1560.5
KM_PROF msgloop guard=1040000 contexts=1317 msgs_pending=0 saturate_calls=920 succ=80933 pred=959066 ground_wo=0
KM_MSGPROF arrivals dup=0 empty_join=0 conclusions=969553 conclusions_new=961177 (99.14% new) | arena[succ]=75475 arena[root]=8140 pred_interned=58742 ctx_clause_slots=1483649
KM_MSGPROF sender ctx=2 root=false query=None pred_sent=770232 (13.3%) pool=885 preds=930 wo=38272 core=2
KM_MSGPROF sender ctx=3 root=false query=None pred_sent=600032 (10.4%) pool=700 preds=930 wo=33670 core=2
KM_MSGPROF sender ctx=4 root=false query=None pred_sent=521784 (9.0%) pool=804 preds=705 wo=37763 core=2
KM_MSGPROF sender ctx=5 root=false query=None pred_sent=461064 (8.0%) pool=716 preds=705 wo=39231 core=2
KM_MSGPROF sender ctx=6 root=false query=None pred_sent=457432 (7.9%) pool=545 preds=930 wo=28517 core=2
KM_MSGPROF sender ctx=1 root=false query=None pred_sent=457432 (7.9%) pool=545 preds=930 wo=28517 core=2
KM_MSGPROF sender ctx=18 root=false query=None pred_sent=34320 (0.6%) pool=240 preds=143 wo=587 core=3
KM_MSGPROF sender ctx=106 root=false query=None pred_sent=31065 (0.5%) pool=285 preds=109 wo=679 core=3
KM_PROF[time-ms] msgloop pred_payload=115.3 pred_arrival=12849.1 propagate=2036.1 | add_clause=11887.4 (lookup=325.8 fwdsub=10561.4 backsub=140.6 index=475.0) hyper=608.0 subsume=1255.8 pred_local=1560.5
KM_PROF msgloop guard=1060000 contexts=1317 msgs_pending=0 saturate_calls=920 succ=80933 pred=979066 ground_wo=0
KM_MSGPROF arrivals dup=0 empty_join=0 conclusions=990640 conclusions_new=982264 (99.15% new) | arena[succ]=75665 arena[root]=8228 pred_interned=58826 ctx_clause_slots=1504736
KM_MSGPROF sender ctx=2 root=false query=None pred_sent=770232 (13.3%) pool=885 preds=930 wo=38272 core=2
KM_MSGPROF sender ctx=3 root=false query=None pred_sent=600032 (10.4%) pool=700 preds=930 wo=33670 core=2
KM_MSGPROF sender ctx=4 root=false query=None pred_sent=521784 (9.0%) pool=804 preds=705 wo=37763 core=2
KM_MSGPROF sender ctx=5 root=false query=None pred_sent=461064 (8.0%) pool=716 preds=705 wo=39231 core=2
KM_MSGPROF sender ctx=6 root=false query=None pred_sent=457432 (7.9%) pool=545 preds=930 wo=28517 core=2
KM_MSGPROF sender ctx=1 root=false query=None pred_sent=457432 (7.9%) pool=545 preds=930 wo=28517 core=2
KM_MSGPROF sender ctx=18 root=false query=None pred_sent=34320 (0.6%) pool=240 preds=143 wo=587 core=3
KM_MSGPROF sender ctx=106 root=false query=None pred_sent=31065 (0.5%) pool=285 preds=109 wo=679 core=3
KM_PROF[time-ms] msgloop pred_payload=120.2 pred_arrival=13319.1 propagate=2036.1 | add_clause=12313.0 (lookup=330.4 fwdsub=10963.8 backsub=143.8 index=482.3) hyper=608.0 subsume=1255.8 pred_local=1560.5
KM_PROF msgloop guard=1080000 contexts=1317 msgs_pending=0 saturate_calls=920 succ=80933 pred=999066 ground_wo=0
KM_MSGPROF arrivals dup=0 empty_join=0 conclusions=1011730 conclusions_new=1003354 (99.17% new) | arena[succ]=75863 arena[root]=8314 pred_interned=58914 ctx_clause_slots=1525826
KM_MSGPROF sender ctx=2 root=false query=None pred_sent=770232 (13.3%) pool=885 preds=930 wo=38272 core=2
KM_MSGPROF sender ctx=3 root=false query=None pred_sent=600032 (10.4%) pool=700 preds=930 wo=33670 core=2
KM_MSGPROF sender ctx=4 root=false query=None pred_sent=521784 (9.0%) pool=804 preds=705 wo=37763 core=2
KM_MSGPROF sender ctx=5 root=false query=None pred_sent=461064 (8.0%) pool=716 preds=705 wo=39231 core=2
KM_MSGPROF sender ctx=6 root=false query=None pred_sent=457432 (7.9%) pool=545 preds=930 wo=28517 core=2
KM_MSGPROF sender ctx=1 root=false query=None pred_sent=457432 (7.9%) pool=545 preds=930 wo=28517 core=2
KM_MSGPROF sender ctx=18 root=false query=None pred_sent=34320 (0.6%) pool=240 preds=143 wo=587 core=3
KM_MSGPROF sender ctx=106 root=false query=None pred_sent=31065 (0.5%) pool=285 preds=109 wo=679 core=3
KM_PROF[time-ms] msgloop pred_payload=124.9 pred_arrival=13849.0 propagate=2036.1 | add_clause=12782.5 (lookup=334.9 fwdsub=11409.7 backsub=147.0 index=490.2) hyper=608.0 subsume=1255.8 pred_local=1560.5
KM_PROF msgloop guard=1100000 contexts=1317 msgs_pending=0 saturate_calls=920 succ=80933 pred=1019066 ground_wo=0
KM_MSGPROF arrivals dup=0 empty_join=0 conclusions=1032813 conclusions_new=1024437 (99.19% new) | arena[succ]=76061 arena[root]=8401 pred_interned=59002 ctx_clause_slots=1546909
KM_MSGPROF sender ctx=2 root=false query=None pred_sent=770232 (13.3%) pool=885 preds=930 wo=38272 core=2
KM_MSGPROF sender ctx=3 root=false query=None pred_sent=600032 (10.4%) pool=700 preds=930 wo=33670 core=2
KM_MSGPROF sender ctx=4 root=false query=None pred_sent=521784 (9.0%) pool=804 preds=705 wo=37763 core=2
KM_MSGPROF sender ctx=5 root=false query=None pred_sent=461064 (8.0%) pool=716 preds=705 wo=39231 core=2
KM_MSGPROF sender ctx=6 root=false query=None pred_sent=457432 (7.9%) pool=545 preds=930 wo=28517 core=2
KM_MSGPROF sender ctx=1 root=false query=None pred_sent=457432 (7.9%) pool=545 preds=930 wo=28517 core=2
KM_MSGPROF sender ctx=18 root=false query=None pred_sent=34320 (0.6%) pool=240 preds=143 wo=587 core=3
KM_MSGPROF sender ctx=106 root=false query=None pred_sent=31065 (0.5%) pool=285 preds=109 wo=679 core=3
KM_PROF[time-ms] msgloop pred_payload=130.0 pred_arrival=14405.5 propagate=2036.1 | add_clause=13291.9 (lookup=339.5 fwdsub=11894.9 backsub=150.4 index=498.1) hyper=608.0 subsume=1255.8 pred_local=1560.5
KM_PROF msgloop guard=1120000 contexts=1317 msgs_pending=0 saturate_calls=920 succ=80933 pred=1039066 ground_wo=0
KM_MSGPROF arrivals dup=0 empty_join=0 conclusions=1053901 conclusions_new=1045525 (99.21% new) | arena[succ]=76258 arena[root]=8488 pred_interned=59090 ctx_clause_slots=1567997
KM_MSGPROF sender ctx=2 root=false query=None pred_sent=770232 (13.3%) pool=885 preds=930 wo=38272 core=2
KM_MSGPROF sender ctx=3 root=false query=None pred_sent=600032 (10.4%) pool=700 preds=930 wo=33670 core=2
KM_MSGPROF sender ctx=4 root=false query=None pred_sent=521784 (9.0%) pool=804 preds=705 wo=37763 core=2
KM_MSGPROF sender ctx=5 root=false query=None pred_sent=461064 (8.0%) pool=716 preds=705 wo=39231 core=2
KM_MSGPROF sender ctx=6 root=false query=None pred_sent=457432 (7.9%) pool=545 preds=930 wo=28517 core=2
KM_MSGPROF sender ctx=1 root=false query=None pred_sent=457432 (7.9%) pool=545 preds=930 wo=28517 core=2
KM_MSGPROF sender ctx=18 root=false query=None pred_sent=34320 (0.6%) pool=240 preds=143 wo=587 core=3
KM_MSGPROF sender ctx=106 root=false query=None pred_sent=31065 (0.5%) pool=285 preds=109 wo=679 core=3
KM_PROF[time-ms] msgloop pred_payload=135.3 pred_arrival=15012.4 propagate=2036.1 | add_clause=13850.8 (lookup=344.2 fwdsub=12429.5 backsub=153.7 index=506.3) hyper=608.0 subsume=1255.8 pred_local=1560.5
KM_PROF msgloop guard=1140000 contexts=1317 msgs_pending=0 saturate_calls=920 succ=80933 pred=1059066 ground_wo=0
KM_MSGPROF arrivals dup=0 empty_join=0 conclusions=1074987 conclusions_new=1066611 (99.22% new) | arena[succ]=76448 arena[root]=8576 pred_interned=59174 ctx_clause_slots=1589083
KM_MSGPROF sender ctx=2 root=false query=None pred_sent=770232 (13.3%) pool=885 preds=930 wo=38272 core=2
KM_MSGPROF sender ctx=3 root=false query=None pred_sent=600032 (10.4%) pool=700 preds=930 wo=33670 core=2
KM_MSGPROF sender ctx=4 root=false query=None pred_sent=521784 (9.0%) pool=804 preds=705 wo=37763 core=2
KM_MSGPROF sender ctx=5 root=false query=None pred_sent=461064 (8.0%) pool=716 preds=705 wo=39231 core=2
KM_MSGPROF sender ctx=6 root=false query=None pred_sent=457432 (7.9%) pool=545 preds=930 wo=28517 core=2
KM_MSGPROF sender ctx=1 root=false query=None pred_sent=457432 (7.9%) pool=545 preds=930 wo=28517 core=2
KM_MSGPROF sender ctx=18 root=false query=None pred_sent=34320 (0.6%) pool=240 preds=143 wo=587 core=3
KM_MSGPROF sender ctx=106 root=false query=None pred_sent=31065 (0.5%) pool=285 preds=109 wo=679 core=3
KM_PROF[time-ms] msgloop pred_payload=140.4 pred_arrival=15653.6 propagate=2036.1 | add_clause=14443.9 (lookup=349.0 fwdsub=12997.6 backsub=157.1 index=514.7) hyper=608.0 subsume=1255.8 pred_local=1560.5
KM_PROF msgloop guard=1160000 contexts=1317 msgs_pending=0 saturate_calls=920 succ=80933 pred=1079066 ground_wo=0
KM_MSGPROF arrivals dup=0 empty_join=0 conclusions=1096077 conclusions_new=1087701 (99.24% new) | arena[succ]=76646 arena[root]=8662 pred_interned=59262 ctx_clause_slots=1610173
KM_MSGPROF sender ctx=2 root=false query=None pred_sent=770232 (13.3%) pool=885 preds=930 wo=38272 core=2
KM_MSGPROF sender ctx=3 root=false query=None pred_sent=600032 (10.4%) pool=700 preds=930 wo=33670 core=2
KM_MSGPROF sender ctx=4 root=false query=None pred_sent=521784 (9.0%) pool=804 preds=705 wo=37763 core=2
KM_MSGPROF sender ctx=5 root=false query=None pred_sent=461064 (8.0%) pool=716 preds=705 wo=39231 core=2
KM_MSGPROF sender ctx=6 root=false query=None pred_sent=457432 (7.9%) pool=545 preds=930 wo=28517 core=2
KM_MSGPROF sender ctx=1 root=false query=None pred_sent=457432 (7.9%) pool=545 preds=930 wo=28517 core=2
KM_MSGPROF sender ctx=18 root=false query=None pred_sent=34320 (0.6%) pool=240 preds=143 wo=587 core=3
KM_MSGPROF sender ctx=106 root=false query=None pred_sent=31065 (0.5%) pool=285 preds=109 wo=679 core=3
KM_PROF[time-ms] msgloop pred_payload=145.5 pred_arrival=16326.3 propagate=2036.1 | add_clause=15068.9 (lookup=353.8 fwdsub=13597.6 backsub=160.5 index=523.3) hyper=608.0 subsume=1255.8 pred_local=1560.5
KM_PROF msgloop guard=1180000 contexts=1317 msgs_pending=0 saturate_calls=920 succ=80933 pred=1099066 ground_wo=0
KM_MSGPROF arrivals dup=0 empty_join=0 conclusions=1117160 conclusions_new=1108784 (99.25% new) | arena[succ]=76843 arena[root]=8748 pred_interned=59350 ctx_clause_slots=1631256
KM_MSGPROF sender ctx=2 root=false query=None pred_sent=770232 (13.3%) pool=885 preds=930 wo=38272 core=2
KM_MSGPROF sender ctx=3 root=false query=None pred_sent=600032 (10.4%) pool=700 preds=930 wo=33670 core=2
KM_MSGPROF sender ctx=4 root=false query=None pred_sent=521784 (9.0%) pool=804 preds=705 wo=37763 core=2
KM_MSGPROF sender ctx=5 root=false query=None pred_sent=461064 (8.0%) pool=716 preds=705 wo=39231 core=2
KM_MSGPROF sender ctx=6 root=false query=None pred_sent=457432 (7.9%) pool=545 preds=930 wo=28517 core=2
KM_MSGPROF sender ctx=1 root=false query=None pred_sent=457432 (7.9%) pool=545 preds=930 wo=28517 core=2
KM_MSGPROF sender ctx=18 root=false query=None pred_sent=34320 (0.6%) pool=240 preds=143 wo=587 core=3
KM_MSGPROF sender ctx=106 root=false query=None pred_sent=31065 (0.5%) pool=285 preds=109 wo=679 core=3
KM_PROF[time-ms] msgloop pred_payload=150.6 pred_arrival=17049.6 propagate=2036.1 | add_clause=15743.2 (lookup=358.7 fwdsub=14246.3 backsub=164.0 index=532.1) hyper=608.0 subsume=1255.8 pred_local=1560.5
KM_PROF msgloop guard=1200000 contexts=1317 msgs_pending=0 saturate_calls=920 succ=80933 pred=1119066 ground_wo=0
KM_MSGPROF arrivals dup=0 empty_join=0 conclusions=1138246 conclusions_new=1129870 (99.26% new) | arena[succ]=77041 arena[root]=8836 pred_interned=59438 ctx_clause_slots=1652342
KM_MSGPROF sender ctx=2 root=false query=None pred_sent=770232 (13.3%) pool=885 preds=930 wo=38272 core=2
KM_MSGPROF sender ctx=3 root=false query=None pred_sent=600032 (10.4%) pool=700 preds=930 wo=33670 core=2
KM_MSGPROF sender ctx=4 root=false query=None pred_sent=521784 (9.0%) pool=804 preds=705 wo=37763 core=2
KM_MSGPROF sender ctx=5 root=false query=None pred_sent=461064 (8.0%) pool=716 preds=705 wo=39231 core=2
KM_MSGPROF sender ctx=6 root=false query=None pred_sent=457432 (7.9%) pool=545 preds=930 wo=28517 core=2
KM_MSGPROF sender ctx=1 root=false query=None pred_sent=457432 (7.9%) pool=545 preds=930 wo=28517 core=2
KM_MSGPROF sender ctx=18 root=false query=None pred_sent=34320 (0.6%) pool=240 preds=143 wo=587 core=3
KM_MSGPROF sender ctx=106 root=false query=None pred_sent=31065 (0.5%) pool=285 preds=109 wo=679 core=3
KM_PROF[time-ms] msgloop pred_payload=155.2 pred_arrival=17807.2 propagate=2036.1 | add_clause=16450.9 (lookup=363.6 fwdsub=14926.5 backsub=167.3 index=542.1) hyper=608.0 subsume=1255.8 pred_local=1560.5
KM_PROF msgloop guard=1220000 contexts=1317 msgs_pending=0 saturate_calls=920 succ=80933 pred=1139066 ground_wo=0
KM_MSGPROF arrivals dup=0 empty_join=0 conclusions=1159335 conclusions_new=1150959 (99.28% new) | arena[succ]=77231 arena[root]=8923 pred_interned=59522 ctx_clause_slots=1673431
KM_MSGPROF sender ctx=2 root=false query=None pred_sent=770232 (13.3%) pool=885 preds=930 wo=38272 core=2
KM_MSGPROF sender ctx=3 root=false query=None pred_sent=600032 (10.4%) pool=700 preds=930 wo=33670 core=2
KM_MSGPROF sender ctx=4 root=false query=None pred_sent=521784 (9.0%) pool=804 preds=705 wo=37763 core=2
KM_MSGPROF sender ctx=5 root=false query=None pred_sent=461064 (8.0%) pool=716 preds=705 wo=39231 core=2
KM_MSGPROF sender ctx=6 root=false query=None pred_sent=457432 (7.9%) pool=545 preds=930 wo=28517 core=2
KM_MSGPROF sender ctx=1 root=false query=None pred_sent=457432 (7.9%) pool=545 preds=930 wo=28517 core=2
KM_MSGPROF sender ctx=18 root=false query=None pred_sent=34320 (0.6%) pool=240 preds=143 wo=587 core=3
KM_MSGPROF sender ctx=106 root=false query=None pred_sent=31065 (0.5%) pool=285 preds=109 wo=679 core=3
KM_PROF[time-ms] msgloop pred_payload=160.4 pred_arrival=18598.5 propagate=2036.1 | add_clause=17192.0 (lookup=368.5 fwdsub=15642.3 backsub=170.9 index=550.5) hyper=608.0 subsume=1255.8 pred_local=1560.5
KM_PROF msgloop guard=1240000 contexts=1317 msgs_pending=0 saturate_calls=920 succ=80933 pred=1159066 ground_wo=0
KM_MSGPROF arrivals dup=0 empty_join=0 conclusions=1180422 conclusions_new=1172046 (99.29% new) | arena[succ]=77429 arena[root]=9009 pred_interned=59610 ctx_clause_slots=1694518
KM_MSGPROF sender ctx=2 root=false query=None pred_sent=770232 (13.3%) pool=885 preds=930 wo=38272 core=2
KM_MSGPROF sender ctx=3 root=false query=None pred_sent=600032 (10.4%) pool=700 preds=930 wo=33670 core=2
KM_MSGPROF sender ctx=4 root=false query=None pred_sent=521784 (9.0%) pool=804 preds=705 wo=37763 core=2
KM_MSGPROF sender ctx=5 root=false query=None pred_sent=461064 (8.0%) pool=716 preds=705 wo=39231 core=2
KM_MSGPROF sender ctx=6 root=false query=None pred_sent=457432 (7.9%) pool=545 preds=930 wo=28517 core=2
KM_MSGPROF sender ctx=1 root=false query=None pred_sent=457432 (7.9%) pool=545 preds=930 wo=28517 core=2
KM_MSGPROF sender ctx=18 root=false query=None pred_sent=34320 (0.6%) pool=240 preds=143 wo=587 core=3
KM_MSGPROF sender ctx=106 root=false query=None pred_sent=31065 (0.5%) pool=285 preds=109 wo=679 core=3
KM_PROF[time-ms] msgloop pred_payload=165.3 pred_arrival=19427.2 propagate=2036.1 | add_clause=17972.1 (lookup=373.3 fwdsub=16397.2 backsub=174.5 index=558.9) hyper=608.0 subsume=1255.8 pred_local=1560.5
KM_PROF msgloop guard=1260000 contexts=1317 msgs_pending=0 saturate_calls=920 succ=80933 pred=1179066 ground_wo=0
KM_MSGPROF arrivals dup=0 empty_join=0 conclusions=1201507 conclusions_new=1193131 (99.30% new) | arena[succ]=77626 arena[root]=9096 pred_interned=59698 ctx_clause_slots=1715603
KM_MSGPROF sender ctx=2 root=false query=None pred_sent=770232 (13.3%) pool=885 preds=930 wo=38272 core=2
KM_MSGPROF sender ctx=3 root=false query=None pred_sent=600032 (10.4%) pool=700 preds=930 wo=33670 core=2
KM_MSGPROF sender ctx=4 root=false query=None pred_sent=521784 (9.0%) pool=804 preds=705 wo=37763 core=2
KM_MSGPROF sender ctx=5 root=false query=None pred_sent=461064 (8.0%) pool=716 preds=705 wo=39231 core=2
KM_MSGPROF sender ctx=6 root=false query=None pred_sent=457432 (7.9%) pool=545 preds=930 wo=28517 core=2
KM_MSGPROF sender ctx=1 root=false query=None pred_sent=457432 (7.9%) pool=545 preds=930 wo=28517 core=2
KM_MSGPROF sender ctx=18 root=false query=None pred_sent=34320 (0.6%) pool=240 preds=143 wo=587 core=3
KM_MSGPROF sender ctx=106 root=false query=None pred_sent=31065 (0.5%) pool=285 preds=109 wo=679 core=3
KM_PROF[time-ms] msgloop pred_payload=170.4 pred_arrival=20294.4 propagate=2036.1 | add_clause=18790.9 (lookup=378.2 fwdsub=17190.6 backsub=178.1 index=567.6) hyper=608.0 subsume=1255.8 pred_local=1560.5
KM_PROF msgloop guard=1280000 contexts=1317 msgs_pending=0 saturate_calls=920 succ=80933 pred=1199066 ground_wo=0
KM_MSGPROF arrivals dup=0 empty_join=0 conclusions=1222595 conclusions_new=1214219 (99.31% new) | arena[succ]=77824 arena[root]=9184 pred_interned=59786 ctx_clause_slots=1736691
KM_MSGPROF sender ctx=2 root=false query=None pred_sent=770232 (13.3%) pool=885 preds=930 wo=38272 core=2
KM_MSGPROF sender ctx=3 root=false query=None pred_sent=600032 (10.4%) pool=700 preds=930 wo=33670 core=2
KM_MSGPROF sender ctx=4 root=false query=None pred_sent=521784 (9.0%) pool=804 preds=705 wo=37763 core=2
KM_MSGPROF sender ctx=5 root=false query=None pred_sent=461064 (8.0%) pool=716 preds=705 wo=39231 core=2
KM_MSGPROF sender ctx=6 root=false query=None pred_sent=457432 (7.9%) pool=545 preds=930 wo=28517 core=2
KM_MSGPROF sender ctx=1 root=false query=None pred_sent=457432 (7.9%) pool=545 preds=930 wo=28517 core=2
KM_MSGPROF sender ctx=18 root=false query=None pred_sent=34320 (0.6%) pool=240 preds=143 wo=587 core=3
KM_MSGPROF sender ctx=106 root=false query=None pred_sent=31065 (0.5%) pool=285 preds=109 wo=679 core=3
KM_PROF[time-ms] msgloop pred_payload=175.3 pred_arrival=21196.6 propagate=2036.1 | add_clause=19644.3 (lookup=383.2 fwdsub=18018.4 backsub=181.6 index=576.4) hyper=608.0 subsume=1255.8 pred_local=1560.5
KM_PROF msgloop guard=1300000 contexts=1317 msgs_pending=0 saturate_calls=920 succ=80933 pred=1219066 ground_wo=0
KM_MSGPROF arrivals dup=0 empty_join=0 conclusions=1243684 conclusions_new=1235308 (99.33% new) | arena[succ]=78014 arena[root]=9270 pred_interned=59870 ctx_clause_slots=1757780
KM_MSGPROF sender ctx=2 root=false query=None pred_sent=770232 (13.3%) pool=885 preds=930 wo=38272 core=2
KM_MSGPROF sender ctx=3 root=false query=None pred_sent=600032 (10.4%) pool=700 preds=930 wo=33670 core=2
KM_MSGPROF sender ctx=4 root=false query=None pred_sent=521784 (9.0%) pool=804 preds=705 wo=37763 core=2
KM_MSGPROF sender ctx=5 root=false query=None pred_sent=461064 (8.0%) pool=716 preds=705 wo=39231 core=2
KM_MSGPROF sender ctx=6 root=false query=None pred_sent=457432 (7.9%) pool=545 preds=930 wo=28517 core=2
KM_MSGPROF sender ctx=1 root=false query=None pred_sent=457432 (7.9%) pool=545 preds=930 wo=28517 core=2
KM_MSGPROF sender ctx=18 root=false query=None pred_sent=34320 (0.6%) pool=240 preds=143 wo=587 core=3
KM_MSGPROF sender ctx=106 root=false query=None pred_sent=31065 (0.5%) pool=285 preds=109 wo=679 core=3
KM_PROF[time-ms] msgloop pred_payload=180.1 pred_arrival=22136.7 propagate=2036.1 | add_clause=20535.8 (lookup=388.1 fwdsub=18884.3 backsub=185.2 index=585.1) hyper=608.0 subsume=1255.8 pred_local=1560.5
KM_PROF msgloop guard=1320000 contexts=1317 msgs_pending=0 saturate_calls=920 succ=80933 pred=1239066 ground_wo=0
KM_MSGPROF arrivals dup=0 empty_join=0 conclusions=1264770 conclusions_new=1256394 (99.34% new) | arena[succ]=78212 arena[root]=9357 pred_interned=59958 ctx_clause_slots=1778866
KM_MSGPROF sender ctx=2 root=false query=None pred_sent=770232 (13.3%) pool=885 preds=930 wo=38272 core=2
KM_MSGPROF sender ctx=3 root=false query=None pred_sent=600032 (10.4%) pool=700 preds=930 wo=33670 core=2
KM_MSGPROF sender ctx=4 root=false query=None pred_sent=521784 (9.0%) pool=804 preds=705 wo=37763 core=2
KM_MSGPROF sender ctx=5 root=false query=None pred_sent=461064 (8.0%) pool=716 preds=705 wo=39231 core=2
KM_MSGPROF sender ctx=6 root=false query=None pred_sent=457432 (7.9%) pool=545 preds=930 wo=28517 core=2
KM_MSGPROF sender ctx=1 root=false query=None pred_sent=457432 (7.9%) pool=545 preds=930 wo=28517 core=2
KM_MSGPROF sender ctx=18 root=false query=None pred_sent=34320 (0.6%) pool=240 preds=143 wo=587 core=3
KM_MSGPROF sender ctx=106 root=false query=None pred_sent=31065 (0.5%) pool=285 preds=109 wo=679 core=3
KM_PROF[time-ms] msgloop pred_payload=185.1 pred_arrival=23124.4 propagate=2036.1 | add_clause=21474.2 (lookup=393.1 fwdsub=19796.4 backsub=188.8 index=594.3) hyper=608.0 subsume=1255.8 pred_local=1560.5
KM_PROF msgloop guard=1340000 contexts=1317 msgs_pending=0 saturate_calls=920 succ=83616 pred=1256383 ground_wo=0
KM_MSGPROF arrivals dup=0 empty_join=0 conclusions=1282573 conclusions_new=1273989 (99.33% new) | arena[succ]=78293 arena[root]=9396 pred_interned=60186 ctx_clause_slots=1796957
KM_MSGPROF sender ctx=2 root=false query=None pred_sent=770232 (13.3%) pool=885 preds=932 wo=38272 core=2
KM_MSGPROF sender ctx=3 root=false query=None pred_sent=600032 (10.4%) pool=700 preds=932 wo=33670 core=2
KM_MSGPROF sender ctx=4 root=false query=None pred_sent=521784 (9.0%) pool=804 preds=708 wo=37763 core=2
KM_MSGPROF sender ctx=5 root=false query=None pred_sent=461064 (8.0%) pool=716 preds=708 wo=39231 core=2
KM_MSGPROF sender ctx=6 root=false query=None pred_sent=457432 (7.9%) pool=545 preds=932 wo=28517 core=2
KM_MSGPROF sender ctx=1 root=false query=None pred_sent=457432 (7.9%) pool=545 preds=932 wo=28517 core=2
KM_MSGPROF sender ctx=18 root=false query=None pred_sent=34320 (0.6%) pool=240 preds=143 wo=587 core=3
KM_MSGPROF sender ctx=106 root=false query=None pred_sent=31065 (0.5%) pool=285 preds=109 wo=679 core=3
KM_PROF[time-ms] msgloop pred_payload=187.4 pred_arrival=23743.5 propagate=2036.1 | add_clause=22054.7 (lookup=397.5 fwdsub=20353.9 backsub=192.9 index=602.7) hyper=608.0 subsume=1255.8 pred_local=1560.5
KM_PROF msgloop guard=1360000 contexts=1317 msgs_pending=0 saturate_calls=920 succ=83616 pred=1276383 ground_wo=0
KM_MSGPROF arrivals dup=0 empty_join=0 conclusions=1302573 conclusions_new=1292237 (99.21% new) | arena[succ]=78293 arena[root]=9396 pred_interned=60186 ctx_clause_slots=1815205
KM_MSGPROF sender ctx=2 root=false query=None pred_sent=770232 (13.3%) pool=885 preds=932 wo=38272 core=2
KM_MSGPROF sender ctx=3 root=false query=None pred_sent=600032 (10.4%) pool=700 preds=932 wo=33670 core=2
KM_MSGPROF sender ctx=4 root=false query=None pred_sent=521784 (9.0%) pool=804 preds=708 wo=37763 core=2
KM_MSGPROF sender ctx=5 root=false query=None pred_sent=461064 (8.0%) pool=716 preds=708 wo=39231 core=2
KM_MSGPROF sender ctx=6 root=false query=None pred_sent=457432 (7.9%) pool=545 preds=932 wo=28517 core=2
KM_MSGPROF sender ctx=1 root=false query=None pred_sent=457432 (7.9%) pool=545 preds=932 wo=28517 core=2
KM_MSGPROF sender ctx=18 root=false query=None pred_sent=34320 (0.6%) pool=240 preds=143 wo=587 core=3
KM_MSGPROF sender ctx=106 root=false query=None pred_sent=31065 (0.5%) pool=285 preds=109 wo=679 core=3
KM_PROF[time-ms] msgloop pred_payload=188.9 pred_arrival=23816.1 propagate=2036.1 | add_clause=22091.6 (lookup=400.8 fwdsub=20373.9 backsub=194.6 index=608.9) hyper=608.0 subsume=1255.8 pred_local=1560.5
KM_PROF msgloop guard=1380000 contexts=1317 msgs_pending=0 saturate_calls=920 succ=83616 pred=1296383 ground_wo=0
KM_MSGPROF arrivals dup=0 empty_join=0 conclusions=1322573 conclusions_new=1312237 (99.22% new) | arena[succ]=78293 arena[root]=9396 pred_interned=60186 ctx_clause_slots=1835205
KM_MSGPROF sender ctx=2 root=false query=None pred_sent=770232 (13.3%) pool=885 preds=932 wo=38272 core=2
KM_MSGPROF sender ctx=3 root=false query=None pred_sent=600032 (10.4%) pool=700 preds=932 wo=33670 core=2
KM_MSGPROF sender ctx=4 root=false query=None pred_sent=521784 (9.0%) pool=804 preds=708 wo=37763 core=2
KM_MSGPROF sender ctx=5 root=false query=None pred_sent=461064 (8.0%) pool=716 preds=708 wo=39231 core=2
KM_MSGPROF sender ctx=6 root=false query=None pred_sent=457432 (7.9%) pool=545 preds=932 wo=28517 core=2
KM_MSGPROF sender ctx=1 root=false query=None pred_sent=457432 (7.9%) pool=545 preds=932 wo=28517 core=2
KM_MSGPROF sender ctx=18 root=false query=None pred_sent=34320 (0.6%) pool=240 preds=143 wo=587 core=3
KM_MSGPROF sender ctx=106 root=false query=None pred_sent=31065 (0.5%) pool=285 preds=109 wo=679 core=3
KM_PROF[time-ms] msgloop pred_payload=190.4 pred_arrival=23897.6 propagate=2036.1 | add_clause=22140.3 (lookup=403.8 fwdsub=20407.0 backsub=196.3 index=614.4) hyper=608.0 subsume=1255.8 pred_local=1560.5
KM_PROF msgloop guard=1400000 contexts=1317 msgs_pending=0 saturate_calls=920 succ=83616 pred=1316383 ground_wo=0
KM_MSGPROF arrivals dup=0 empty_join=0 conclusions=1342573 conclusions_new=1332237 (99.23% new) | arena[succ]=78293 arena[root]=9396 pred_interned=60186 ctx_clause_slots=1855205
KM_MSGPROF sender ctx=2 root=false query=None pred_sent=770232 (13.3%) pool=885 preds=932 wo=38272 core=2
KM_MSGPROF sender ctx=3 root=false query=None pred_sent=600032 (10.4%) pool=700 preds=932 wo=33670 core=2
KM_MSGPROF sender ctx=4 root=false query=None pred_sent=521784 (9.0%) pool=804 preds=708 wo=37763 core=2
KM_MSGPROF sender ctx=5 root=false query=None pred_sent=461064 (8.0%) pool=716 preds=708 wo=39231 core=2
KM_MSGPROF sender ctx=6 root=false query=None pred_sent=457432 (7.9%) pool=545 preds=932 wo=28517 core=2
KM_MSGPROF sender ctx=1 root=false query=None pred_sent=457432 (7.9%) pool=545 preds=932 wo=28517 core=2
KM_MSGPROF sender ctx=18 root=false query=None pred_sent=34320 (0.6%) pool=240 preds=143 wo=587 core=3
KM_MSGPROF sender ctx=106 root=false query=None pred_sent=31065 (0.5%) pool=285 preds=109 wo=679 core=3
KM_PROF[time-ms] msgloop pred_payload=191.9 pred_arrival=24006.3 propagate=2036.1 | add_clause=22215.1 (lookup=407.0 fwdsub=20465.4 backsub=198.2 index=620.3) hyper=608.0 subsume=1255.8 pred_local=1560.5
KM_PROF msgloop guard=1420000 contexts=1317 msgs_pending=0 saturate_calls=920 succ=83616 pred=1336383 ground_wo=0
KM_MSGPROF arrivals dup=0 empty_join=0 conclusions=1362573 conclusions_new=1352237 (99.24% new) | arena[succ]=78293 arena[root]=9396 pred_interned=60186 ctx_clause_slots=1875205
KM_MSGPROF sender ctx=2 root=false query=None pred_sent=770232 (13.3%) pool=885 preds=932 wo=38272 core=2
KM_MSGPROF sender ctx=3 root=false query=None pred_sent=600032 (10.4%) pool=700 preds=932 wo=33670 core=2
KM_MSGPROF sender ctx=4 root=false query=None pred_sent=521784 (9.0%) pool=804 preds=708 wo=37763 core=2
KM_MSGPROF sender ctx=5 root=false query=None pred_sent=461064 (8.0%) pool=716 preds=708 wo=39231 core=2
KM_MSGPROF sender ctx=6 root=false query=None pred_sent=457432 (7.9%) pool=545 preds=932 wo=28517 core=2
KM_MSGPROF sender ctx=1 root=false query=None pred_sent=457432 (7.9%) pool=545 preds=932 wo=28517 core=2
KM_MSGPROF sender ctx=18 root=false query=None pred_sent=34320 (0.6%) pool=240 preds=143 wo=587 core=3
KM_MSGPROF sender ctx=106 root=false query=None pred_sent=31065 (0.5%) pool=285 preds=109 wo=679 core=3
KM_PROF[time-ms] msgloop pred_payload=193.5 pred_arrival=24135.7 propagate=2036.1 | add_clause=22310.7 (lookup=410.1 fwdsub=20544.6 backsub=200.2 index=625.7) hyper=608.0 subsume=1255.8 pred_local=1560.5
KM_PROF msgloop guard=1440000 contexts=1317 msgs_pending=0 saturate_calls=920 succ=83616 pred=1356383 ground_wo=0
KM_MSGPROF arrivals dup=0 empty_join=0 conclusions=1382573 conclusions_new=1372237 (99.25% new) | arena[succ]=78293 arena[root]=9396 pred_interned=60186 ctx_clause_slots=1895205
KM_MSGPROF sender ctx=2 root=false query=None pred_sent=770232 (13.3%) pool=885 preds=932 wo=38272 core=2
KM_MSGPROF sender ctx=3 root=false query=None pred_sent=600032 (10.4%) pool=700 preds=932 wo=33670 core=2
KM_MSGPROF sender ctx=4 root=false query=None pred_sent=521784 (9.0%) pool=804 preds=708 wo=37763 core=2
KM_MSGPROF sender ctx=5 root=false query=None pred_sent=461064 (8.0%) pool=716 preds=708 wo=39231 core=2
KM_MSGPROF sender ctx=6 root=false query=None pred_sent=457432 (7.9%) pool=545 preds=932 wo=28517 core=2
KM_MSGPROF sender ctx=1 root=false query=None pred_sent=457432 (7.9%) pool=545 preds=932 wo=28517 core=2
KM_MSGPROF sender ctx=18 root=false query=None pred_sent=34320 (0.6%) pool=240 preds=143 wo=587 core=3
KM_MSGPROF sender ctx=106 root=false query=None pred_sent=31065 (0.5%) pool=285 preds=109 wo=679 core=3
KM_PROF[time-ms] msgloop pred_payload=195.0 pred_arrival=24291.2 propagate=2036.1 | add_clause=22432.2 (lookup=413.2 fwdsub=20649.6 backsub=202.0 index=631.8) hyper=608.0 subsume=1255.8 pred_local=1560.5
KM_PROF msgloop guard=1460000 contexts=1317 msgs_pending=0 saturate_calls=920 succ=83616 pred=1376383 ground_wo=0
KM_MSGPROF arrivals dup=0 empty_join=0 conclusions=1402573 conclusions_new=1392237 (99.26% new) | arena[succ]=78293 arena[root]=9396 pred_interned=60186 ctx_clause_slots=1915205
KM_MSGPROF sender ctx=2 root=false query=None pred_sent=770232 (13.3%) pool=885 preds=932 wo=38272 core=2
KM_MSGPROF sender ctx=3 root=false query=None pred_sent=600032 (10.4%) pool=700 preds=932 wo=33670 core=2
KM_MSGPROF sender ctx=4 root=false query=None pred_sent=521784 (9.0%) pool=804 preds=708 wo=37763 core=2
KM_MSGPROF sender ctx=5 root=false query=None pred_sent=461064 (8.0%) pool=716 preds=708 wo=39231 core=2
KM_MSGPROF sender ctx=6 root=false query=None pred_sent=457432 (7.9%) pool=545 preds=932 wo=28517 core=2
KM_MSGPROF sender ctx=1 root=false query=None pred_sent=457432 (7.9%) pool=545 preds=932 wo=28517 core=2
KM_MSGPROF sender ctx=18 root=false query=None pred_sent=34320 (0.6%) pool=240 preds=143 wo=587 core=3
KM_MSGPROF sender ctx=106 root=false query=None pred_sent=31065 (0.5%) pool=285 preds=109 wo=679 core=3
KM_PROF[time-ms] msgloop pred_payload=196.6 pred_arrival=24463.0 propagate=2036.1 | add_clause=22569.8 (lookup=416.3 fwdsub=20770.8 backsub=204.0 index=637.4) hyper=608.0 subsume=1255.8 pred_local=1560.5
KM_PROF msgloop guard=1480000 contexts=1317 msgs_pending=0 saturate_calls=920 succ=83616 pred=1396383 ground_wo=0
KM_MSGPROF arrivals dup=0 empty_join=0 conclusions=1422573 conclusions_new=1412237 (99.27% new) | arena[succ]=78293 arena[root]=9396 pred_interned=60186 ctx_clause_slots=1935205
KM_MSGPROF sender ctx=2 root=false query=None pred_sent=770232 (13.3%) pool=885 preds=932 wo=38272 core=2
KM_MSGPROF sender ctx=3 root=false query=None pred_sent=600032 (10.4%) pool=700 preds=932 wo=33670 core=2
KM_MSGPROF sender ctx=4 root=false query=None pred_sent=521784 (9.0%) pool=804 preds=708 wo=37763 core=2
KM_MSGPROF sender ctx=5 root=false query=None pred_sent=461064 (8.0%) pool=716 preds=708 wo=39231 core=2
KM_MSGPROF sender ctx=6 root=false query=None pred_sent=457432 (7.9%) pool=545 preds=932 wo=28517 core=2
KM_MSGPROF sender ctx=1 root=false query=None pred_sent=457432 (7.9%) pool=545 preds=932 wo=28517 core=2
KM_MSGPROF sender ctx=18 root=false query=None pred_sent=34320 (0.6%) pool=240 preds=143 wo=587 core=3
KM_MSGPROF sender ctx=106 root=false query=None pred_sent=31065 (0.5%) pool=285 preds=109 wo=679 core=3
KM_PROF[time-ms] msgloop pred_payload=198.3 pred_arrival=24659.4 propagate=2036.1 | add_clause=22732.3 (lookup=419.5 fwdsub=20916.8 backsub=206.0 index=643.2) hyper=608.0 subsume=1255.8 pred_local=1560.5
KM_PROF msgloop guard=1500000 contexts=1317 msgs_pending=0 saturate_calls=920 succ=83616 pred=1416383 ground_wo=0
KM_MSGPROF arrivals dup=0 empty_join=0 conclusions=1442573 conclusions_new=1432237 (99.28% new) | arena[succ]=78293 arena[root]=9396 pred_interned=60186 ctx_clause_slots=1955205
KM_MSGPROF sender ctx=2 root=false query=None pred_sent=770232 (13.3%) pool=885 preds=932 wo=38272 core=2
KM_MSGPROF sender ctx=3 root=false query=None pred_sent=600032 (10.4%) pool=700 preds=932 wo=33670 core=2
KM_MSGPROF sender ctx=4 root=false query=None pred_sent=521784 (9.0%) pool=804 preds=708 wo=37763 core=2
KM_MSGPROF sender ctx=5 root=false query=None pred_sent=461064 (8.0%) pool=716 preds=708 wo=39231 core=2
KM_MSGPROF sender ctx=6 root=false query=None pred_sent=457432 (7.9%) pool=545 preds=932 wo=28517 core=2
KM_MSGPROF sender ctx=1 root=false query=None pred_sent=457432 (7.9%) pool=545 preds=932 wo=28517 core=2
KM_MSGPROF sender ctx=18 root=false query=None pred_sent=34320 (0.6%) pool=240 preds=143 wo=587 core=3
KM_MSGPROF sender ctx=106 root=false query=None pred_sent=31065 (0.5%) pool=285 preds=109 wo=679 core=3
KM_PROF[time-ms] msgloop pred_payload=200.1 pred_arrival=24888.0 propagate=2036.1 | add_clause=22924.4 (lookup=422.9 fwdsub=21091.2 backsub=208.3 index=649.1) hyper=608.0 subsume=1255.8 pred_local=1560.5
KM_PROF msgloop guard=1520000 contexts=1317 msgs_pending=0 saturate_calls=920 succ=83616 pred=1436383 ground_wo=0
KM_MSGPROF arrivals dup=0 empty_join=0 conclusions=1462573 conclusions_new=1452237 (99.29% new) | arena[succ]=78293 arena[root]=9396 pred_interned=60186 ctx_clause_slots=1975205
KM_MSGPROF sender ctx=2 root=false query=None pred_sent=770232 (13.3%) pool=885 preds=932 wo=38272 core=2
KM_MSGPROF sender ctx=3 root=false query=None pred_sent=600032 (10.4%) pool=700 preds=932 wo=33670 core=2
KM_MSGPROF sender ctx=4 root=false query=None pred_sent=521784 (9.0%) pool=804 preds=708 wo=37763 core=2
KM_MSGPROF sender ctx=5 root=false query=None pred_sent=461064 (8.0%) pool=716 preds=708 wo=39231 core=2
KM_MSGPROF sender ctx=6 root=false query=None pred_sent=457432 (7.9%) pool=545 preds=932 wo=28517 core=2
KM_MSGPROF sender ctx=1 root=false query=None pred_sent=457432 (7.9%) pool=545 preds=932 wo=28517 core=2
KM_MSGPROF sender ctx=18 root=false query=None pred_sent=34320 (0.6%) pool=240 preds=143 wo=587 core=3
KM_MSGPROF sender ctx=106 root=false query=None pred_sent=31065 (0.5%) pool=285 preds=109 wo=679 core=3
KM_PROF[time-ms] msgloop pred_payload=202.0 pred_arrival=25141.5 propagate=2036.1 | add_clause=23142.5 (lookup=426.3 fwdsub=21291.3 backsub=210.6 index=655.3) hyper=608.0 subsume=1255.8 pred_local=1560.5
KM_PROF msgloop guard=1540000 contexts=1317 msgs_pending=0 saturate_calls=920 succ=83616 pred=1456383 ground_wo=0
KM_MSGPROF arrivals dup=0 empty_join=0 conclusions=1482573 conclusions_new=1472237 (99.30% new) | arena[succ]=78293 arena[root]=9396 pred_interned=60186 ctx_clause_slots=1995205
KM_MSGPROF sender ctx=2 root=false query=None pred_sent=770232 (13.3%) pool=885 preds=932 wo=38272 core=2
KM_MSGPROF sender ctx=3 root=false query=None pred_sent=600032 (10.4%) pool=700 preds=932 wo=33670 core=2
KM_MSGPROF sender ctx=4 root=false query=None pred_sent=521784 (9.0%) pool=804 preds=708 wo=37763 core=2
KM_MSGPROF sender ctx=5 root=false query=None pred_sent=461064 (8.0%) pool=716 preds=708 wo=39231 core=2
KM_MSGPROF sender ctx=6 root=false query=None pred_sent=457432 (7.9%) pool=545 preds=932 wo=28517 core=2
KM_MSGPROF sender ctx=1 root=false query=None pred_sent=457432 (7.9%) pool=545 preds=932 wo=28517 core=2
KM_MSGPROF sender ctx=18 root=false query=None pred_sent=34320 (0.6%) pool=240 preds=143 wo=587 core=3
KM_MSGPROF sender ctx=106 root=false query=None pred_sent=31065 (0.5%) pool=285 preds=109 wo=679 core=3
KM_PROF[time-ms] msgloop pred_payload=204.2 pred_arrival=25432.0 propagate=2036.1 | add_clause=23396.5 (lookup=429.9 fwdsub=21526.2 backsub=213.0 index=661.9) hyper=608.0 subsume=1255.8 pred_local=1560.5
KM_PROF msgloop guard=1560000 contexts=1317 msgs_pending=0 saturate_calls=920 succ=83616 pred=1476383 ground_wo=0
KM_MSGPROF arrivals dup=0 empty_join=0 conclusions=1502573 conclusions_new=1492237 (99.31% new) | arena[succ]=78293 arena[root]=9396 pred_interned=60186 ctx_clause_slots=2015205
KM_MSGPROF sender ctx=2 root=false query=None pred_sent=770232 (13.3%) pool=885 preds=932 wo=38272 core=2
KM_MSGPROF sender ctx=3 root=false query=None pred_sent=600032 (10.4%) pool=700 preds=932 wo=33670 core=2
KM_MSGPROF sender ctx=4 root=false query=None pred_sent=521784 (9.0%) pool=804 preds=708 wo=37763 core=2
KM_MSGPROF sender ctx=5 root=false query=None pred_sent=461064 (8.0%) pool=716 preds=708 wo=39231 core=2
KM_MSGPROF sender ctx=6 root=false query=None pred_sent=457432 (7.9%) pool=545 preds=932 wo=28517 core=2
KM_MSGPROF sender ctx=1 root=false query=None pred_sent=457432 (7.9%) pool=545 preds=932 wo=28517 core=2
KM_MSGPROF sender ctx=18 root=false query=None pred_sent=34320 (0.6%) pool=240 preds=143 wo=587 core=3
KM_MSGPROF sender ctx=106 root=false query=None pred_sent=31065 (0.5%) pool=285 preds=109 wo=679 core=3
KM_PROF[time-ms] msgloop pred_payload=206.5 pred_arrival=25753.0 propagate=2036.1 | add_clause=23679.0 (lookup=433.7 fwdsub=21788.3 backsub=215.6 index=669.0) hyper=608.0 subsume=1255.8 pred_local=1560.5
KM_PROF msgloop guard=1580000 contexts=1317 msgs_pending=0 saturate_calls=920 succ=83616 pred=1496383 ground_wo=0
KM_MSGPROF arrivals dup=0 empty_join=0 conclusions=1523649 conclusions_new=1513313 (99.32% new) | arena[succ]=78491 arena[root]=9482 pred_interned=60274 ctx_clause_slots=2036281
KM_MSGPROF sender ctx=2 root=false query=None pred_sent=770232 (13.3%) pool=885 preds=932 wo=38272 core=2
KM_MSGPROF sender ctx=3 root=false query=None pred_sent=600032 (10.4%) pool=700 preds=932 wo=33670 core=2
KM_MSGPROF sender ctx=4 root=false query=None pred_sent=521784 (9.0%) pool=804 preds=708 wo=37763 core=2
KM_MSGPROF sender ctx=5 root=false query=None pred_sent=461064 (8.0%) pool=716 preds=708 wo=39231 core=2
KM_MSGPROF sender ctx=6 root=false query=None pred_sent=457432 (7.9%) pool=545 preds=932 wo=28517 core=2
KM_MSGPROF sender ctx=1 root=false query=None pred_sent=457432 (7.9%) pool=545 preds=932 wo=28517 core=2
KM_MSGPROF sender ctx=18 root=false query=None pred_sent=34320 (0.6%) pool=240 preds=143 wo=587 core=3
KM_MSGPROF sender ctx=106 root=false query=None pred_sent=31065 (0.5%) pool=285 preds=109 wo=679 core=3
KM_PROF[time-ms] msgloop pred_payload=210.1 pred_arrival=26107.5 propagate=2036.1 | add_clause=23992.7 (lookup=438.0 fwdsub=22079.9 backsub=218.4 index=676.3) hyper=608.0 subsume=1255.8 pred_local=1560.5
KM_PROF msgloop guard=1600000 contexts=1317 msgs_pending=0 saturate_calls=920 succ=83616 pred=1516383 ground_wo=0
KM_MSGPROF arrivals dup=0 empty_join=0 conclusions=1544736 conclusions_new=1534400 (99.33% new) | arena[succ]=78688 arena[root]=9570 pred_interned=60362 ctx_clause_slots=2057368
KM_MSGPROF sender ctx=2 root=false query=None pred_sent=770232 (13.3%) pool=885 preds=932 wo=38272 core=2
KM_MSGPROF sender ctx=3 root=false query=None pred_sent=600032 (10.4%) pool=700 preds=932 wo=33670 core=2
KM_MSGPROF sender ctx=4 root=false query=None pred_sent=521784 (9.0%) pool=804 preds=708 wo=37763 core=2
KM_MSGPROF sender ctx=5 root=false query=None pred_sent=461064 (8.0%) pool=716 preds=708 wo=39231 core=2
KM_MSGPROF sender ctx=6 root=false query=None pred_sent=457432 (7.9%) pool=545 preds=932 wo=28517 core=2
KM_MSGPROF sender ctx=1 root=false query=None pred_sent=457432 (7.9%) pool=545 preds=932 wo=28517 core=2
KM_MSGPROF sender ctx=18 root=false query=None pred_sent=34320 (0.6%) pool=240 preds=143 wo=587 core=3
KM_MSGPROF sender ctx=106 root=false query=None pred_sent=31065 (0.5%) pool=285 preds=109 wo=679 core=3
KM_PROF[time-ms] msgloop pred_payload=213.6 pred_arrival=26499.3 propagate=2036.1 | add_clause=24342.9 (lookup=442.3 fwdsub=22408.7 backsub=221.3 index=683.2) hyper=608.0 subsume=1255.8 pred_local=1560.5
KM_PROF msgloop guard=1620000 contexts=1317 msgs_pending=0 saturate_calls=920 succ=83616 pred=1536383 ground_wo=0
KM_MSGPROF arrivals dup=0 empty_join=0 conclusions=1565823 conclusions_new=1555487 (99.34% new) | arena[succ]=78882 arena[root]=9657 pred_interned=60450 ctx_clause_slots=2078455
KM_MSGPROF sender ctx=2 root=false query=None pred_sent=770232 (13.3%) pool=885 preds=932 wo=38272 core=2
KM_MSGPROF sender ctx=3 root=false query=None pred_sent=600032 (10.4%) pool=700 preds=932 wo=33670 core=2
KM_MSGPROF sender ctx=4 root=false query=None pred_sent=521784 (9.0%) pool=804 preds=708 wo=37763 core=2
KM_MSGPROF sender ctx=5 root=false query=None pred_sent=461064 (8.0%) pool=716 preds=708 wo=39231 core=2
KM_MSGPROF sender ctx=6 root=false query=None pred_sent=457432 (7.9%) pool=545 preds=932 wo=28517 core=2
KM_MSGPROF sender ctx=1 root=false query=None pred_sent=457432 (7.9%) pool=545 preds=932 wo=28517 core=2
KM_MSGPROF sender ctx=18 root=false query=None pred_sent=34320 (0.6%) pool=240 preds=143 wo=587 core=3
KM_MSGPROF sender ctx=106 root=false query=None pred_sent=31065 (0.5%) pool=285 preds=109 wo=679 core=3
KM_PROF[time-ms] msgloop pred_payload=217.6 pred_arrival=26946.3 propagate=2036.1 | add_clause=24745.7 (lookup=446.9 fwdsub=22787.1 backsub=224.2 index=692.4) hyper=608.0 subsume=1255.8 pred_local=1560.5
KM_PROF msgloop guard=1640000 contexts=1317 msgs_pending=0 saturate_calls=920 succ=83616 pred=1556383 ground_wo=0
KM_MSGPROF arrivals dup=0 empty_join=0 conclusions=1586913 conclusions_new=1576577 (99.35% new) | arena[succ]=79076 arena[root]=9743 pred_interned=60534 ctx_clause_slots=2099545
KM_MSGPROF sender ctx=2 root=false query=None pred_sent=770232 (13.3%) pool=885 preds=932 wo=38272 core=2
KM_MSGPROF sender ctx=3 root=false query=None pred_sent=600032 (10.4%) pool=700 preds=932 wo=33670 core=2
KM_MSGPROF sender ctx=4 root=false query=None pred_sent=521784 (9.0%) pool=804 preds=708 wo=37763 core=2
KM_MSGPROF sender ctx=5 root=false query=None pred_sent=461064 (8.0%) pool=716 preds=708 wo=39231 core=2
KM_MSGPROF sender ctx=6 root=false query=None pred_sent=457432 (7.9%) pool=545 preds=932 wo=28517 core=2
KM_MSGPROF sender ctx=1 root=false query=None pred_sent=457432 (7.9%) pool=545 preds=932 wo=28517 core=2
KM_MSGPROF sender ctx=18 root=false query=None pred_sent=34320 (0.6%) pool=240 preds=143 wo=587 core=3
KM_MSGPROF sender ctx=106 root=false query=None pred_sent=31065 (0.5%) pool=285 preds=109 wo=679 core=3
KM_PROF[time-ms] msgloop pred_payload=221.5 pred_arrival=27431.6 propagate=2036.1 | add_clause=25187.3 (lookup=451.4 fwdsub=23205.2 backsub=227.2 index=700.5) hyper=608.0 subsume=1255.8 pred_local=1560.5
KM_PROF msgloop guard=1660000 contexts=1317 msgs_pending=0 saturate_calls=920 succ=83616 pred=1576383 ground_wo=0
KM_MSGPROF arrivals dup=0 empty_join=0 conclusions=1607998 conclusions_new=1597662 (99.36% new) | arena[succ]=79274 arena[root]=9830 pred_interned=60622 ctx_clause_slots=2120630
KM_MSGPROF sender ctx=2 root=false query=None pred_sent=770232 (13.3%) pool=885 preds=932 wo=38272 core=2
KM_MSGPROF sender ctx=3 root=false query=None pred_sent=600032 (10.4%) pool=700 preds=932 wo=33670 core=2
KM_MSGPROF sender ctx=4 root=false query=None pred_sent=521784 (9.0%) pool=804 preds=708 wo=37763 core=2
KM_MSGPROF sender ctx=5 root=false query=None pred_sent=461064 (8.0%) pool=716 preds=708 wo=39231 core=2
KM_MSGPROF sender ctx=6 root=false query=None pred_sent=457432 (7.9%) pool=545 preds=932 wo=28517 core=2
KM_MSGPROF sender ctx=1 root=false query=None pred_sent=457432 (7.9%) pool=545 preds=932 wo=28517 core=2
KM_MSGPROF sender ctx=18 root=false query=None pred_sent=34320 (0.6%) pool=240 preds=143 wo=587 core=3
KM_MSGPROF sender ctx=106 root=false query=None pred_sent=31065 (0.5%) pool=285 preds=109 wo=679 core=3
KM_PROF[time-ms] msgloop pred_payload=225.3 pred_arrival=27966.8 propagate=2036.1 | add_clause=25677.6 (lookup=456.0 fwdsub=23671.6 backsub=230.3 index=708.7) hyper=608.0 subsume=1255.8 pred_local=1560.5
KM_PROF msgloop guard=1680000 contexts=1317 msgs_pending=0 saturate_calls=920 succ=83616 pred=1596383 ground_wo=0
KM_MSGPROF arrivals dup=0 empty_join=0 conclusions=1629081 conclusions_new=1618745 (99.37% new) | arena[succ]=79471 arena[root]=9918 pred_interned=60710 ctx_clause_slots=2141713
KM_MSGPROF sender ctx=2 root=false query=None pred_sent=770232 (13.3%) pool=885 preds=932 wo=38272 core=2
KM_MSGPROF sender ctx=3 root=false query=None pred_sent=600032 (10.4%) pool=700 preds=932 wo=33670 core=2
KM_MSGPROF sender ctx=4 root=false query=None pred_sent=521784 (9.0%) pool=804 preds=708 wo=37763 core=2
KM_MSGPROF sender ctx=5 root=false query=None pred_sent=461064 (8.0%) pool=716 preds=708 wo=39231 core=2
KM_MSGPROF sender ctx=6 root=false query=None pred_sent=457432 (7.9%) pool=545 preds=932 wo=28517 core=2
KM_MSGPROF sender ctx=1 root=false query=None pred_sent=457432 (7.9%) pool=545 preds=932 wo=28517 core=2
KM_MSGPROF sender ctx=18 root=false query=None pred_sent=34320 (0.6%) pool=240 preds=143 wo=587 core=3
KM_MSGPROF sender ctx=106 root=false query=None pred_sent=31065 (0.5%) pool=285 preds=109 wo=679 core=3
KM_PROF[time-ms] msgloop pred_payload=229.2 pred_arrival=28538.2 propagate=2036.1 | add_clause=26204.6 (lookup=460.7 fwdsub=24174.6 backsub=233.5 index=716.6) hyper=608.0 subsume=1255.8 pred_local=1560.5
KM_PROF msgloop guard=1700000 contexts=1317 msgs_pending=0 saturate_calls=920 succ=83616 pred=1616383 ground_wo=0
KM_MSGPROF arrivals dup=0 empty_join=0 conclusions=1650173 conclusions_new=1639837 (99.37% new) | arena[succ]=79661 arena[root]=10004 pred_interned=60794 ctx_clause_slots=2162805
KM_MSGPROF sender ctx=2 root=false query=None pred_sent=770232 (13.3%) pool=885 preds=932 wo=38272 core=2
KM_MSGPROF sender ctx=3 root=false query=None pred_sent=600032 (10.4%) pool=700 preds=932 wo=33670 core=2
KM_MSGPROF sender ctx=4 root=false query=None pred_sent=521784 (9.0%) pool=804 preds=708 wo=37763 core=2
KM_MSGPROF sender ctx=5 root=false query=None pred_sent=461064 (8.0%) pool=716 preds=708 wo=39231 core=2
KM_MSGPROF sender ctx=6 root=false query=None pred_sent=457432 (7.9%) pool=545 preds=932 wo=28517 core=2
KM_MSGPROF sender ctx=1 root=false query=None pred_sent=457432 (7.9%) pool=545 preds=932 wo=28517 core=2
KM_MSGPROF sender ctx=18 root=false query=None pred_sent=34320 (0.6%) pool=240 preds=143 wo=587 core=3
KM_MSGPROF sender ctx=106 root=false query=None pred_sent=31065 (0.5%) pool=285 preds=109 wo=679 core=3
KM_PROF[time-ms] msgloop pred_payload=233.0 pred_arrival=29170.7 propagate=2036.1 | add_clause=26791.3 (lookup=465.5 fwdsub=24719.5 backsub=236.9 index=741.6) hyper=608.0 subsume=1255.8 pred_local=1560.5
KM_PROF msgloop guard=1720000 contexts=1317 msgs_pending=0 saturate_calls=920 succ=83616 pred=1636383 ground_wo=0
KM_MSGPROF arrivals dup=0 empty_join=0 conclusions=1671258 conclusions_new=1660922 (99.38% new) | arena[succ]=79859 arena[root]=10091 pred_interned=60882 ctx_clause_slots=2183890
KM_MSGPROF sender ctx=2 root=false query=None pred_sent=770232 (13.3%) pool=885 preds=932 wo=38272 core=2
KM_MSGPROF sender ctx=3 root=false query=None pred_sent=600032 (10.4%) pool=700 preds=932 wo=33670 core=2
KM_MSGPROF sender ctx=4 root=false query=None pred_sent=521784 (9.0%) pool=804 preds=708 wo=37763 core=2
KM_MSGPROF sender ctx=5 root=false query=None pred_sent=461064 (8.0%) pool=716 preds=708 wo=39231 core=2
KM_MSGPROF sender ctx=6 root=false query=None pred_sent=457432 (7.9%) pool=545 preds=932 wo=28517 core=2
KM_MSGPROF sender ctx=1 root=false query=None pred_sent=457432 (7.9%) pool=545 preds=932 wo=28517 core=2
KM_MSGPROF sender ctx=18 root=false query=None pred_sent=34320 (0.6%) pool=240 preds=143 wo=587 core=3
KM_MSGPROF sender ctx=106 root=false query=None pred_sent=31065 (0.5%) pool=285 preds=109 wo=679 core=3
KM_PROF[time-ms] msgloop pred_payload=237.1 pred_arrival=29838.2 propagate=2036.1 | add_clause=27412.4 (lookup=470.3 fwdsub=25301.4 backsub=240.4 index=763.9) hyper=608.0 subsume=1255.8 pred_local=1560.5
KM_PROF msgloop guard=1740000 contexts=1317 msgs_pending=0 saturate_calls=920 succ=83616 pred=1656383 ground_wo=0
KM_MSGPROF arrivals dup=0 empty_join=0 conclusions=1692348 conclusions_new=1682012 (99.39% new) | arena[succ]=80057 arena[root]=10178 pred_interned=60970 ctx_clause_slots=2204980
KM_MSGPROF sender ctx=2 root=false query=None pred_sent=770232 (13.3%) pool=885 preds=932 wo=38272 core=2
KM_MSGPROF sender ctx=3 root=false query=None pred_sent=600032 (10.4%) pool=700 preds=932 wo=33670 core=2
KM_MSGPROF sender ctx=4 root=false query=None pred_sent=521784 (9.0%) pool=804 preds=708 wo=37763 core=2
KM_MSGPROF sender ctx=5 root=false query=None pred_sent=461064 (8.0%) pool=716 preds=708 wo=39231 core=2
KM_MSGPROF sender ctx=6 root=false query=None pred_sent=457432 (7.9%) pool=545 preds=932 wo=28517 core=2
KM_MSGPROF sender ctx=1 root=false query=None pred_sent=457432 (7.9%) pool=545 preds=932 wo=28517 core=2
KM_MSGPROF sender ctx=18 root=false query=None pred_sent=34320 (0.6%) pool=240 preds=143 wo=587 core=3
KM_MSGPROF sender ctx=106 root=false query=None pred_sent=31065 (0.5%) pool=285 preds=109 wo=679 core=3
KM_PROF[time-ms] msgloop pred_payload=241.3 pred_arrival=30568.2 propagate=2036.1 | add_clause=28094.8 (lookup=475.1 fwdsub=25919.9 backsub=244.0 index=810.8) hyper=608.0 subsume=1255.8 pred_local=1560.5
KM_PROF msgloop guard=1760000 contexts=1317 msgs_pending=0 saturate_calls=920 succ=83616 pred=1676383 ground_wo=0
KM_MSGPROF arrivals dup=0 empty_join=0 conclusions=1713429 conclusions_new=1703093 (99.40% new) | arena[succ]=80254 arena[root]=10266 pred_interned=61058 ctx_clause_slots=2226061
KM_MSGPROF sender ctx=2 root=false query=None pred_sent=770232 (13.3%) pool=885 preds=932 wo=38272 core=2
KM_MSGPROF sender ctx=3 root=false query=None pred_sent=600032 (10.4%) pool=700 preds=932 wo=33670 core=2
KM_MSGPROF sender ctx=4 root=false query=None pred_sent=521784 (9.0%) pool=804 preds=708 wo=37763 core=2
KM_MSGPROF sender ctx=5 root=false query=None pred_sent=461064 (8.0%) pool=716 preds=708 wo=39231 core=2
KM_MSGPROF sender ctx=6 root=false query=None pred_sent=457432 (7.9%) pool=545 preds=932 wo=28517 core=2
KM_MSGPROF sender ctx=1 root=false query=None pred_sent=457432 (7.9%) pool=545 preds=932 wo=28517 core=2
KM_MSGPROF sender ctx=18 root=false query=None pred_sent=34320 (0.6%) pool=240 preds=143 wo=587 core=3
KM_MSGPROF sender ctx=106 root=false query=None pred_sent=31065 (0.5%) pool=285 preds=109 wo=679 core=3
KM_PROF[time-ms] msgloop pred_payload=245.5 pred_arrival=31330.8 propagate=2036.1 | add_clause=28809.5 (lookup=479.9 fwdsub=26589.9 backsub=247.5 index=838.3) hyper=608.0 subsume=1255.8 pred_local=1560.5
KM_PROF msgloop guard=1780000 contexts=1317 msgs_pending=0 saturate_calls=920 succ=84584 pred=1695415 ground_wo=0
KM_MSGPROF arrivals dup=0 empty_join=0 conclusions=1733421 conclusions_new=1722877 (99.39% new) | arena[succ]=80417 arena[root]=10340 pred_interned=61322 ctx_clause_slots=2245845
KM_MSGPROF sender ctx=2 root=false query=None pred_sent=770232 (13.3%) pool=885 preds=934 wo=38272 core=2
KM_MSGPROF sender ctx=3 root=false query=None pred_sent=600032 (10.4%) pool=700 preds=934 wo=33670 core=2
KM_MSGPROF sender ctx=4 root=false query=None pred_sent=521784 (9.0%) pool=804 preds=711 wo=37763 core=2
KM_MSGPROF sender ctx=5 root=false query=None pred_sent=461064 (8.0%) pool=716 preds=711 wo=39231 core=2
KM_MSGPROF sender ctx=6 root=false query=None pred_sent=457432 (7.9%) pool=545 preds=934 wo=28517 core=2
KM_MSGPROF sender ctx=1 root=false query=None pred_sent=457432 (7.9%) pool=545 preds=934 wo=28517 core=2
KM_MSGPROF sender ctx=18 root=false query=None pred_sent=34320 (0.6%) pool=240 preds=143 wo=587 core=3
KM_MSGPROF sender ctx=106 root=false query=None pred_sent=31065 (0.5%) pool=285 preds=109 wo=679 core=3
KM_PROF[time-ms] msgloop pred_payload=248.9 pred_arrival=32156.3 propagate=2036.1 | add_clause=29586.9 (lookup=485.0 fwdsub=27335.5 backsub=252.2 index=852.4) hyper=608.0 subsume=1255.8 pred_local=1560.5
KM_PROF msgloop guard=1800000 contexts=1317 msgs_pending=0 saturate_calls=920 succ=88087 pred=1711912 ground_wo=0
KM_MSGPROF arrivals dup=0 empty_join=0 conclusions=1749922 conclusions_new=1738450 (99.34% new) | arena[succ]=80426 arena[root]=10349 pred_interned=61379 ctx_clause_slots=2261994
KM_MSGPROF sender ctx=2 root=false query=None pred_sent=770232 (13.3%) pool=885 preds=936 wo=38272 core=2
KM_MSGPROF sender ctx=3 root=false query=None pred_sent=600032 (10.4%) pool=700 preds=936 wo=33670 core=2
KM_MSGPROF sender ctx=4 root=false query=None pred_sent=521784 (9.0%) pool=804 preds=714 wo=37763 core=2
KM_MSGPROF sender ctx=5 root=false query=None pred_sent=461064 (8.0%) pool=716 preds=714 wo=39231 core=2
KM_MSGPROF sender ctx=6 root=false query=None pred_sent=457432 (7.9%) pool=545 preds=936 wo=28517 core=2
KM_MSGPROF sender ctx=1 root=false query=None pred_sent=457432 (7.9%) pool=545 preds=936 wo=28517 core=2
KM_MSGPROF sender ctx=18 root=false query=None pred_sent=34320 (0.6%) pool=240 preds=143 wo=587 core=3
KM_MSGPROF sender ctx=106 root=false query=None pred_sent=31065 (0.5%) pool=285 preds=109 wo=679 core=3
KM_PROF[time-ms] msgloop pred_payload=250.3 pred_arrival=32230.9 propagate=2036.1 | add_clause=29628.2 (lookup=488.0 fwdsub=27346.9 backsub=254.1 index=871.8) hyper=608.0 subsume=1255.8 pred_local=1560.5
KM_PROF msgloop guard=1820000 contexts=1317 msgs_pending=0 saturate_calls=920 succ=88087 pred=1731912 ground_wo=0
KM_MSGPROF arrivals dup=0 empty_join=0 conclusions=1769922 conclusions_new=1756698 (99.25% new) | arena[succ]=80426 arena[root]=10349 pred_interned=61379 ctx_clause_slots=2280242
KM_MSGPROF sender ctx=2 root=false query=None pred_sent=770232 (13.3%) pool=885 preds=936 wo=38272 core=2
KM_MSGPROF sender ctx=3 root=false query=None pred_sent=600032 (10.4%) pool=700 preds=936 wo=33670 core=2
KM_MSGPROF sender ctx=4 root=false query=None pred_sent=521784 (9.0%) pool=804 preds=714 wo=37763 core=2
KM_MSGPROF sender ctx=5 root=false query=None pred_sent=461064 (8.0%) pool=716 preds=714 wo=39231 core=2
KM_MSGPROF sender ctx=6 root=false query=None pred_sent=457432 (7.9%) pool=545 preds=936 wo=28517 core=2
KM_MSGPROF sender ctx=1 root=false query=None pred_sent=457432 (7.9%) pool=545 preds=936 wo=28517 core=2
KM_MSGPROF sender ctx=18 root=false query=None pred_sent=34320 (0.6%) pool=240 preds=143 wo=587 core=3
KM_MSGPROF sender ctx=106 root=false query=None pred_sent=31065 (0.5%) pool=285 preds=109 wo=679 core=3
KM_PROF[time-ms] msgloop pred_payload=251.8 pred_arrival=32318.0 propagate=2036.1 | add_clause=29680.8 (lookup=491.2 fwdsub=27366.2 backsub=255.7 index=894.6) hyper=608.0 subsume=1255.8 pred_local=1560.5
KM_PROF msgloop guard=1840000 contexts=1317 msgs_pending=0 saturate_calls=920 succ=88087 pred=1751912 ground_wo=0
KM_MSGPROF arrivals dup=0 empty_join=0 conclusions=1789922 conclusions_new=1776698 (99.26% new) | arena[succ]=80426 arena[root]=10349 pred_interned=61379 ctx_clause_slots=2300242
KM_MSGPROF sender ctx=2 root=false query=None pred_sent=770232 (13.3%) pool=885 preds=936 wo=38272 core=2
KM_MSGPROF sender ctx=3 root=false query=None pred_sent=600032 (10.4%) pool=700 preds=936 wo=33670 core=2
KM_MSGPROF sender ctx=4 root=false query=None pred_sent=521784 (9.0%) pool=804 preds=714 wo=37763 core=2
KM_MSGPROF sender ctx=5 root=false query=None pred_sent=461064 (8.0%) pool=716 preds=714 wo=39231 core=2
KM_MSGPROF sender ctx=6 root=false query=None pred_sent=457432 (7.9%) pool=545 preds=936 wo=28517 core=2
KM_MSGPROF sender ctx=1 root=false query=None pred_sent=457432 (7.9%) pool=545 preds=936 wo=28517 core=2
KM_MSGPROF sender ctx=18 root=false query=None pred_sent=34320 (0.6%) pool=240 preds=143 wo=587 core=3
KM_MSGPROF sender ctx=106 root=false query=None pred_sent=31065 (0.5%) pool=285 preds=109 wo=679 core=3
KM_PROF[time-ms] msgloop pred_payload=253.2 pred_arrival=32404.6 propagate=2036.1 | add_clause=29735.0 (lookup=494.1 fwdsub=27400.3 backsub=257.4 index=904.1) hyper=608.0 subsume=1255.8 pred_local=1560.5
KM_PROF msgloop guard=1860000 contexts=1317 msgs_pending=0 saturate_calls=920 succ=88087 pred=1771912 ground_wo=0
KM_MSGPROF arrivals dup=0 empty_join=0 conclusions=1809922 conclusions_new=1796698 (99.27% new) | arena[succ]=80426 arena[root]=10349 pred_interned=61379 ctx_clause_slots=2320242
KM_MSGPROF sender ctx=2 root=false query=None pred_sent=770232 (13.3%) pool=885 preds=936 wo=38272 core=2
KM_MSGPROF sender ctx=3 root=false query=None pred_sent=600032 (10.4%) pool=700 preds=936 wo=33670 core=2
KM_MSGPROF sender ctx=4 root=false query=None pred_sent=521784 (9.0%) pool=804 preds=714 wo=37763 core=2
KM_MSGPROF sender ctx=5 root=false query=None pred_sent=461064 (8.0%) pool=716 preds=714 wo=39231 core=2
KM_MSGPROF sender ctx=6 root=false query=None pred_sent=457432 (7.9%) pool=545 preds=936 wo=28517 core=2
KM_MSGPROF sender ctx=1 root=false query=None pred_sent=457432 (7.9%) pool=545 preds=936 wo=28517 core=2
KM_MSGPROF sender ctx=18 root=false query=None pred_sent=34320 (0.6%) pool=240 preds=143 wo=587 core=3
KM_MSGPROF sender ctx=106 root=false query=None pred_sent=31065 (0.5%) pool=285 preds=109 wo=679 core=3
KM_PROF[time-ms] msgloop pred_payload=254.8 pred_arrival=32522.4 propagate=2036.1 | add_clause=29819.5 (lookup=497.2 fwdsub=27458.2 backsub=259.2 index=920.2) hyper=608.0 subsume=1255.8 pred_local=1560.5
KM_PROF msgloop guard=1880000 contexts=1317 msgs_pending=0 saturate_calls=920 succ=88087 pred=1791912 ground_wo=0
KM_MSGPROF arrivals dup=0 empty_join=0 conclusions=1829922 conclusions_new=1816698 (99.28% new) | arena[succ]=80426 arena[root]=10349 pred_interned=61379 ctx_clause_slots=2340242
KM_MSGPROF sender ctx=2 root=false query=None pred_sent=770232 (13.3%) pool=885 preds=936 wo=38272 core=2
KM_MSGPROF sender ctx=3 root=false query=None pred_sent=600032 (10.4%) pool=700 preds=936 wo=33670 core=2
KM_MSGPROF sender ctx=4 root=false query=None pred_sent=521784 (9.0%) pool=804 preds=714 wo=37763 core=2
KM_MSGPROF sender ctx=5 root=false query=None pred_sent=461064 (8.0%) pool=716 preds=714 wo=39231 core=2
KM_MSGPROF sender ctx=6 root=false query=None pred_sent=457432 (7.9%) pool=545 preds=936 wo=28517 core=2
KM_MSGPROF sender ctx=1 root=false query=None pred_sent=457432 (7.9%) pool=545 preds=936 wo=28517 core=2
KM_MSGPROF sender ctx=18 root=false query=None pred_sent=34320 (0.6%) pool=240 preds=143 wo=587 core=3
KM_MSGPROF sender ctx=106 root=false query=None pred_sent=31065 (0.5%) pool=285 preds=109 wo=679 core=3
KM_PROF[time-ms] msgloop pred_payload=256.4 pred_arrival=32664.5 propagate=2036.1 | add_clause=29916.9 (lookup=500.3 fwdsub=27538.3 backsub=261.1 index=926.4) hyper=608.0 subsume=1255.8 pred_local=1560.5
KM_PROF msgloop guard=1900000 contexts=1317 msgs_pending=0 saturate_calls=920 succ=88087 pred=1811912 ground_wo=0
KM_MSGPROF arrivals dup=0 empty_join=0 conclusions=1849922 conclusions_new=1836698 (99.29% new) | arena[succ]=80426 arena[root]=10349 pred_interned=61379 ctx_clause_slots=2360242
KM_MSGPROF sender ctx=2 root=false query=None pred_sent=770232 (13.3%) pool=885 preds=936 wo=38272 core=2
KM_MSGPROF sender ctx=3 root=false query=None pred_sent=600032 (10.4%) pool=700 preds=936 wo=33670 core=2
KM_MSGPROF sender ctx=4 root=false query=None pred_sent=521784 (9.0%) pool=804 preds=714 wo=37763 core=2
KM_MSGPROF sender ctx=5 root=false query=None pred_sent=461064 (8.0%) pool=716 preds=714 wo=39231 core=2
KM_MSGPROF sender ctx=6 root=false query=None pred_sent=457432 (7.9%) pool=545 preds=936 wo=28517 core=2
KM_MSGPROF sender ctx=1 root=false query=None pred_sent=457432 (7.9%) pool=545 preds=936 wo=28517 core=2
KM_MSGPROF sender ctx=18 root=false query=None pred_sent=34320 (0.6%) pool=240 preds=143 wo=587 core=3
KM_MSGPROF sender ctx=106 root=false query=None pred_sent=31065 (0.5%) pool=285 preds=109 wo=679 core=3
KM_PROF[time-ms] msgloop pred_payload=257.9 pred_arrival=32840.0 propagate=2036.1 | add_clause=30037.4 (lookup=503.4 fwdsub=27641.0 backsub=263.0 index=932.8) hyper=608.0 subsume=1255.8 pred_local=1560.5
KM_PROF msgloop guard=1920000 contexts=1317 msgs_pending=0 saturate_calls=920 succ=88087 pred=1831912 ground_wo=0
KM_MSGPROF arrivals dup=0 empty_join=0 conclusions=1869922 conclusions_new=1856698 (99.29% new) | arena[succ]=80426 arena[root]=10349 pred_interned=61379 ctx_clause_slots=2380242
KM_MSGPROF sender ctx=2 root=false query=None pred_sent=770232 (13.3%) pool=885 preds=936 wo=38272 core=2
KM_MSGPROF sender ctx=3 root=false query=None pred_sent=600032 (10.4%) pool=700 preds=936 wo=33670 core=2
KM_MSGPROF sender ctx=4 root=false query=None pred_sent=521784 (9.0%) pool=804 preds=714 wo=37763 core=2
KM_MSGPROF sender ctx=5 root=false query=None pred_sent=461064 (8.0%) pool=716 preds=714 wo=39231 core=2
KM_MSGPROF sender ctx=6 root=false query=None pred_sent=457432 (7.9%) pool=545 preds=936 wo=28517 core=2
KM_MSGPROF sender ctx=1 root=false query=None pred_sent=457432 (7.9%) pool=545 preds=936 wo=28517 core=2
KM_MSGPROF sender ctx=18 root=false query=None pred_sent=34320 (0.6%) pool=240 preds=143 wo=587 core=3
KM_MSGPROF sender ctx=106 root=false query=None pred_sent=31065 (0.5%) pool=285 preds=109 wo=679 core=3
KM_PROF[time-ms] msgloop pred_payload=259.5 pred_arrival=33015.4 propagate=2036.1 | add_clause=30179.0 (lookup=506.5 fwdsub=27765.3 backsub=265.0 index=938.9) hyper=608.0 subsume=1255.8 pred_local=1560.5
KM_PROF msgloop guard=1940000 contexts=1317 msgs_pending=0 saturate_calls=920 succ=88087 pred=1851912 ground_wo=0
KM_MSGPROF arrivals dup=0 empty_join=0 conclusions=1889922 conclusions_new=1876698 (99.30% new) | arena[succ]=80426 arena[root]=10349 pred_interned=61379 ctx_clause_slots=2400242
KM_MSGPROF sender ctx=2 root=false query=None pred_sent=770232 (13.3%) pool=885 preds=936 wo=38272 core=2
KM_MSGPROF sender ctx=3 root=false query=None pred_sent=600032 (10.4%) pool=700 preds=936 wo=33670 core=2
KM_MSGPROF sender ctx=4 root=false query=None pred_sent=521784 (9.0%) pool=804 preds=714 wo=37763 core=2
KM_MSGPROF sender ctx=5 root=false query=None pred_sent=461064 (8.0%) pool=716 preds=714 wo=39231 core=2
KM_MSGPROF sender ctx=6 root=false query=None pred_sent=457432 (7.9%) pool=545 preds=936 wo=28517 core=2
KM_MSGPROF sender ctx=1 root=false query=None pred_sent=457432 (7.9%) pool=545 preds=936 wo=28517 core=2
KM_MSGPROF sender ctx=18 root=false query=None pred_sent=34320 (0.6%) pool=240 preds=143 wo=587 core=3
KM_MSGPROF sender ctx=106 root=false query=None pred_sent=31065 (0.5%) pool=285 preds=109 wo=679 core=3
KM_PROF[time-ms] msgloop pred_payload=261.2 pred_arrival=33213.0 propagate=2036.1 | add_clause=30342.5 (lookup=509.7 fwdsub=27911.7 backsub=267.0 index=945.1) hyper=608.0 subsume=1255.8 pred_local=1560.5
KM_PROF msgloop guard=1960000 contexts=1317 msgs_pending=0 saturate_calls=920 succ=88087 pred=1871912 ground_wo=0
KM_MSGPROF arrivals dup=0 empty_join=0 conclusions=1909922 conclusions_new=1896698 (99.31% new) | arena[succ]=80426 arena[root]=10349 pred_interned=61379 ctx_clause_slots=2420242
KM_MSGPROF sender ctx=2 root=false query=None pred_sent=770232 (13.3%) pool=885 preds=936 wo=38272 core=2
KM_MSGPROF sender ctx=3 root=false query=None pred_sent=600032 (10.4%) pool=700 preds=936 wo=33670 core=2
KM_MSGPROF sender ctx=4 root=false query=None pred_sent=521784 (9.0%) pool=804 preds=714 wo=37763 core=2
KM_MSGPROF sender ctx=5 root=false query=None pred_sent=461064 (8.0%) pool=716 preds=714 wo=39231 core=2
KM_MSGPROF sender ctx=6 root=false query=None pred_sent=457432 (7.9%) pool=545 preds=936 wo=28517 core=2
KM_MSGPROF sender ctx=1 root=false query=None pred_sent=457432 (7.9%) pool=545 preds=936 wo=28517 core=2
KM_MSGPROF sender ctx=18 root=false query=None pred_sent=34320 (0.6%) pool=240 preds=143 wo=587 core=3
KM_MSGPROF sender ctx=106 root=false query=None pred_sent=31065 (0.5%) pool=285 preds=109 wo=679 core=3
KM_PROF[time-ms] msgloop pred_payload=263.0 pred_arrival=33437.9 propagate=2036.1 | add_clause=30532.5 (lookup=513.0 fwdsub=28084.0 backsub=268.9 index=951.6) hyper=608.0 subsume=1255.8 pred_local=1560.5
KM_PROF msgloop guard=1980000 contexts=1317 msgs_pending=0 saturate_calls=920 succ=88087 pred=1891912 ground_wo=0
KM_MSGPROF arrivals dup=0 empty_join=0 conclusions=1929922 conclusions_new=1916698 (99.31% new) | arena[succ]=80426 arena[root]=10349 pred_interned=61379 ctx_clause_slots=2440242
KM_MSGPROF sender ctx=2 root=false query=None pred_sent=770232 (13.3%) pool=885 preds=936 wo=38272 core=2
KM_MSGPROF sender ctx=3 root=false query=None pred_sent=600032 (10.4%) pool=700 preds=936 wo=33670 core=2
KM_MSGPROF sender ctx=4 root=false query=None pred_sent=521784 (9.0%) pool=804 preds=714 wo=37763 core=2
KM_MSGPROF sender ctx=5 root=false query=None pred_sent=461064 (8.0%) pool=716 preds=714 wo=39231 core=2
KM_MSGPROF sender ctx=6 root=false query=None pred_sent=457432 (7.9%) pool=545 preds=936 wo=28517 core=2
KM_MSGPROF sender ctx=1 root=false query=None pred_sent=457432 (7.9%) pool=545 preds=936 wo=28517 core=2
KM_MSGPROF sender ctx=18 root=false query=None pred_sent=34320 (0.6%) pool=240 preds=143 wo=587 core=3
KM_MSGPROF sender ctx=106 root=false query=None pred_sent=31065 (0.5%) pool=285 preds=109 wo=679 core=3
KM_PROF[time-ms] msgloop pred_payload=265.0 pred_arrival=33693.6 propagate=2036.1 | add_clause=30751.5 (lookup=516.4 fwdsub=28283.6 backsub=271.3 index=958.3) hyper=608.0 subsume=1255.8 pred_local=1560.5
KM_PROF msgloop guard=2000000 contexts=1317 msgs_pending=0 saturate_calls=920 succ=88087 pred=1911912 ground_wo=0
KM_MSGPROF arrivals dup=0 empty_join=0 conclusions=1949922 conclusions_new=1936698 (99.32% new) | arena[succ]=80426 arena[root]=10349 pred_interned=61379 ctx_clause_slots=2460242
KM_MSGPROF sender ctx=2 root=false query=None pred_sent=770232 (13.3%) pool=885 preds=936 wo=38272 core=2
KM_MSGPROF sender ctx=3 root=false query=None pred_sent=600032 (10.4%) pool=700 preds=936 wo=33670 core=2
KM_MSGPROF sender ctx=4 root=false query=None pred_sent=521784 (9.0%) pool=804 preds=714 wo=37763 core=2
KM_MSGPROF sender ctx=5 root=false query=None pred_sent=461064 (8.0%) pool=716 preds=714 wo=39231 core=2
KM_MSGPROF sender ctx=6 root=false query=None pred_sent=457432 (7.9%) pool=545 preds=936 wo=28517 core=2
KM_MSGPROF sender ctx=1 root=false query=None pred_sent=457432 (7.9%) pool=545 preds=936 wo=28517 core=2
KM_MSGPROF sender ctx=18 root=false query=None pred_sent=34320 (0.6%) pool=240 preds=143 wo=587 core=3
KM_MSGPROF sender ctx=106 root=false query=None pred_sent=31065 (0.5%) pool=285 preds=109 wo=679 core=3
KM_PROF[time-ms] msgloop pred_payload=267.2 pred_arrival=33975.8 propagate=2036.1 | add_clause=30996.2 (lookup=519.9 fwdsub=28509.2 backsub=273.7 index=964.7) hyper=608.0 subsume=1255.8 pred_local=1560.5
KM_PROF msgloop guard=2020000 contexts=1317 msgs_pending=0 saturate_calls=920 succ=88087 pred=1931912 ground_wo=0
KM_MSGPROF arrivals dup=0 empty_join=0 conclusions=1969922 conclusions_new=1956698 (99.33% new) | arena[succ]=80426 arena[root]=10349 pred_interned=61379 ctx_clause_slots=2480242
KM_MSGPROF sender ctx=2 root=false query=None pred_sent=770232 (13.3%) pool=885 preds=936 wo=38272 core=2
KM_MSGPROF sender ctx=3 root=false query=None pred_sent=600032 (10.4%) pool=700 preds=936 wo=33670 core=2
KM_MSGPROF sender ctx=4 root=false query=None pred_sent=521784 (9.0%) pool=804 preds=714 wo=37763 core=2
KM_MSGPROF sender ctx=5 root=false query=None pred_sent=461064 (8.0%) pool=716 preds=714 wo=39231 core=2
KM_MSGPROF sender ctx=6 root=false query=None pred_sent=457432 (7.9%) pool=545 preds=936 wo=28517 core=2
KM_MSGPROF sender ctx=1 root=false query=None pred_sent=457432 (7.9%) pool=545 preds=936 wo=28517 core=2
KM_MSGPROF sender ctx=18 root=false query=None pred_sent=34320 (0.6%) pool=240 preds=143 wo=587 core=3
KM_MSGPROF sender ctx=106 root=false query=None pred_sent=31065 (0.5%) pool=285 preds=109 wo=679 core=3
KM_PROF[time-ms] msgloop pred_payload=269.4 pred_arrival=34298.6 propagate=2036.1 | add_clause=31280.0 (lookup=523.5 fwdsub=28772.8 backsub=276.2 index=972.1) hyper=608.0 subsume=1255.8 pred_local=1560.5
KM_PROF msgloop guard=2040000 contexts=1317 msgs_pending=0 saturate_calls=920 succ=88087 pred=1951912 ground_wo=0
KM_MSGPROF arrivals dup=0 empty_join=0 conclusions=1989922 conclusions_new=1976698 (99.34% new) | arena[succ]=80426 arena[root]=10349 pred_interned=61379 ctx_clause_slots=2500242
KM_MSGPROF sender ctx=2 root=false query=None pred_sent=770232 (13.3%) pool=885 preds=936 wo=38272 core=2
KM_MSGPROF sender ctx=3 root=false query=None pred_sent=600032 (10.4%) pool=700 preds=936 wo=33670 core=2
KM_MSGPROF sender ctx=4 root=false query=None pred_sent=521784 (9.0%) pool=804 preds=714 wo=37763 core=2
KM_MSGPROF sender ctx=5 root=false query=None pred_sent=461064 (8.0%) pool=716 preds=714 wo=39231 core=2
KM_MSGPROF sender ctx=6 root=false query=None pred_sent=457432 (7.9%) pool=545 preds=936 wo=28517 core=2
KM_MSGPROF sender ctx=1 root=false query=None pred_sent=457432 (7.9%) pool=545 preds=936 wo=28517 core=2
KM_MSGPROF sender ctx=18 root=false query=None pred_sent=34320 (0.6%) pool=240 preds=143 wo=587 core=3
KM_MSGPROF sender ctx=106 root=false query=None pred_sent=31065 (0.5%) pool=285 preds=109 wo=679 core=3
KM_PROF[time-ms] msgloop pred_payload=271.7 pred_arrival=34651.4 propagate=2036.1 | add_clause=31593.9 (lookup=527.1 fwdsub=29066.3 backsub=278.8 index=979.6) hyper=608.0 subsume=1255.8 pred_local=1560.5
KM_PROF msgloop guard=2060000 contexts=1317 msgs_pending=0 saturate_calls=920 succ=88087 pred=1971912 ground_wo=0
KM_MSGPROF arrivals dup=0 empty_join=0 conclusions=2009922 conclusions_new=1996698 (99.34% new) | arena[succ]=80426 arena[root]=10349 pred_interned=61379 ctx_clause_slots=2520242
KM_MSGPROF sender ctx=2 root=false query=None pred_sent=770232 (13.3%) pool=885 preds=936 wo=38272 core=2
KM_MSGPROF sender ctx=3 root=false query=None pred_sent=600032 (10.4%) pool=700 preds=936 wo=33670 core=2
KM_MSGPROF sender ctx=4 root=false query=None pred_sent=521784 (9.0%) pool=804 preds=714 wo=37763 core=2
KM_MSGPROF sender ctx=5 root=false query=None pred_sent=461064 (8.0%) pool=716 preds=714 wo=39231 core=2
KM_MSGPROF sender ctx=6 root=false query=None pred_sent=457432 (7.9%) pool=545 preds=936 wo=28517 core=2
KM_MSGPROF sender ctx=1 root=false query=None pred_sent=457432 (7.9%) pool=545 preds=936 wo=28517 core=2
KM_MSGPROF sender ctx=18 root=false query=None pred_sent=34320 (0.6%) pool=240 preds=143 wo=587 core=3
KM_MSGPROF sender ctx=106 root=false query=None pred_sent=31065 (0.5%) pool=285 preds=109 wo=679 core=3
KM_PROF[time-ms] msgloop pred_payload=274.0 pred_arrival=35032.7 propagate=2036.1 | add_clause=31935.7 (lookup=530.9 fwdsub=29387.0 backsub=281.3 index=987.4) hyper=608.0 subsume=1255.8 pred_local=1560.5
KM_PROF msgloop guard=2080000 contexts=1317 msgs_pending=0 saturate_calls=920 succ=88087 pred=1991912 ground_wo=0
KM_MSGPROF arrivals dup=0 empty_join=0 conclusions=2029922 conclusions_new=2016698 (99.35% new) | arena[succ]=80426 arena[root]=10349 pred_interned=61379 ctx_clause_slots=2540242
KM_MSGPROF sender ctx=2 root=false query=None pred_sent=770232 (13.3%) pool=885 preds=936 wo=38272 core=2
KM_MSGPROF sender ctx=3 root=false query=None pred_sent=600032 (10.4%) pool=700 preds=936 wo=33670 core=2
KM_MSGPROF sender ctx=4 root=false query=None pred_sent=521784 (9.0%) pool=804 preds=714 wo=37763 core=2
KM_MSGPROF sender ctx=5 root=false query=None pred_sent=461064 (8.0%) pool=716 preds=714 wo=39231 core=2
KM_MSGPROF sender ctx=6 root=false query=None pred_sent=457432 (7.9%) pool=545 preds=936 wo=28517 core=2
KM_MSGPROF sender ctx=1 root=false query=None pred_sent=457432 (7.9%) pool=545 preds=936 wo=28517 core=2
KM_MSGPROF sender ctx=18 root=false query=None pred_sent=34320 (0.6%) pool=240 preds=143 wo=587 core=3
KM_MSGPROF sender ctx=106 root=false query=None pred_sent=31065 (0.5%) pool=285 preds=109 wo=679 core=3
KM_PROF[time-ms] msgloop pred_payload=276.4 pred_arrival=35441.0 propagate=2036.1 | add_clause=32304.2 (lookup=534.8 fwdsub=29734.4 backsub=283.9 index=995.1) hyper=608.0 subsume=1255.8 pred_local=1560.5
KM_PROF msgloop guard=2100000 contexts=1317 msgs_pending=0 saturate_calls=920 succ=88087 pred=2011912 ground_wo=0
KM_MSGPROF arrivals dup=0 empty_join=0 conclusions=2049922 conclusions_new=2036698 (99.35% new) | arena[succ]=80426 arena[root]=10349 pred_interned=61379 ctx_clause_slots=2560242
KM_MSGPROF sender ctx=2 root=false query=None pred_sent=770232 (13.3%) pool=885 preds=936 wo=38272 core=2
KM_MSGPROF sender ctx=3 root=false query=None pred_sent=600032 (10.4%) pool=700 preds=936 wo=33670 core=2
KM_MSGPROF sender ctx=4 root=false query=None pred_sent=521784 (9.0%) pool=804 preds=714 wo=37763 core=2
KM_MSGPROF sender ctx=5 root=false query=None pred_sent=461064 (8.0%) pool=716 preds=714 wo=39231 core=2
KM_MSGPROF sender ctx=6 root=false query=None pred_sent=457432 (7.9%) pool=545 preds=936 wo=28517 core=2
KM_MSGPROF sender ctx=1 root=false query=None pred_sent=457432 (7.9%) pool=545 preds=936 wo=28517 core=2
KM_MSGPROF sender ctx=18 root=false query=None pred_sent=34320 (0.6%) pool=240 preds=143 wo=587 core=3
KM_MSGPROF sender ctx=106 root=false query=None pred_sent=31065 (0.5%) pool=285 preds=109 wo=679 core=3
KM_PROF[time-ms] msgloop pred_payload=279.2 pred_arrival=35881.2 propagate=2036.1 | add_clause=32704.4 (lookup=538.8 fwdsub=30113.0 backsub=286.5 index=1003.0) hyper=608.0 subsume=1255.8 pred_local=1560.5
KM_PROF msgloop guard=2120000 contexts=1317 msgs_pending=0 saturate_calls=920 succ=88087 pred=2031912 ground_wo=0
KM_MSGPROF arrivals dup=0 empty_join=0 conclusions=2070901 conclusions_new=2057677 (99.36% new) | arena[succ]=80606 arena[root]=10429 pred_interned=61459 ctx_clause_slots=2581221
KM_MSGPROF sender ctx=2 root=false query=None pred_sent=770232 (13.3%) pool=885 preds=936 wo=38272 core=2
KM_MSGPROF sender ctx=3 root=false query=None pred_sent=600032 (10.4%) pool=700 preds=936 wo=33670 core=2
KM_MSGPROF sender ctx=4 root=false query=None pred_sent=521784 (9.0%) pool=804 preds=714 wo=37763 core=2
KM_MSGPROF sender ctx=5 root=false query=None pred_sent=461064 (8.0%) pool=716 preds=714 wo=39231 core=2
KM_MSGPROF sender ctx=6 root=false query=None pred_sent=457432 (7.9%) pool=545 preds=936 wo=28517 core=2
KM_MSGPROF sender ctx=1 root=false query=None pred_sent=457432 (7.9%) pool=545 preds=936 wo=28517 core=2
KM_MSGPROF sender ctx=18 root=false query=None pred_sent=34320 (0.6%) pool=240 preds=143 wo=587 core=3
KM_MSGPROF sender ctx=106 root=false query=None pred_sent=31065 (0.5%) pool=285 preds=109 wo=679 core=3
KM_PROF[time-ms] msgloop pred_payload=282.7 pred_arrival=36372.1 propagate=2036.1 | add_clause=33147.4 (lookup=543.2 fwdsub=30527.8 backsub=289.5 index=1011.1) hyper=608.0 subsume=1255.8 pred_local=1560.5
KM_PROF msgloop guard=2140000 contexts=1317 msgs_pending=0 saturate_calls=920 succ=88087 pred=2051912 ground_wo=0
KM_MSGPROF arrivals dup=0 empty_join=0 conclusions=2091987 conclusions_new=2078763 (99.37% new) | arena[succ]=80804 arena[root]=10516 pred_interned=61547 ctx_clause_slots=2602307
KM_MSGPROF sender ctx=2 root=false query=None pred_sent=770232 (13.3%) pool=885 preds=936 wo=38272 core=2
KM_MSGPROF sender ctx=3 root=false query=None pred_sent=600032 (10.4%) pool=700 preds=936 wo=33670 core=2
KM_MSGPROF sender ctx=4 root=false query=None pred_sent=521784 (9.0%) pool=804 preds=714 wo=37763 core=2
KM_MSGPROF sender ctx=5 root=false query=None pred_sent=461064 (8.0%) pool=716 preds=714 wo=39231 core=2
KM_MSGPROF sender ctx=6 root=false query=None pred_sent=457432 (7.9%) pool=545 preds=936 wo=28517 core=2
KM_MSGPROF sender ctx=1 root=false query=None pred_sent=457432 (7.9%) pool=545 preds=936 wo=28517 core=2
KM_MSGPROF sender ctx=18 root=false query=None pred_sent=34320 (0.6%) pool=240 preds=143 wo=587 core=3
KM_MSGPROF sender ctx=106 root=false query=None pred_sent=31065 (0.5%) pool=285 preds=109 wo=679 core=3
KM_PROF[time-ms] msgloop pred_payload=287.0 pred_arrival=36901.4 propagate=2036.1 | add_clause=33630.0 (lookup=547.7 fwdsub=30985.9 backsub=292.7 index=1019.5) hyper=608.0 subsume=1255.8 pred_local=1560.5
KM_PROF msgloop guard=2160000 contexts=1317 msgs_pending=0 saturate_calls=920 succ=88087 pred=2071912 ground_wo=0
KM_MSGPROF arrivals dup=0 empty_join=0 conclusions=2113071 conclusions_new=2099847 (99.37% new) | arena[succ]=80993 arena[root]=10601 pred_interned=61631 ctx_clause_slots=2623391
KM_MSGPROF sender ctx=2 root=false query=None pred_sent=770232 (13.3%) pool=885 preds=936 wo=38272 core=2
KM_MSGPROF sender ctx=3 root=false query=None pred_sent=600032 (10.4%) pool=700 preds=936 wo=33670 core=2
KM_MSGPROF sender ctx=4 root=false query=None pred_sent=521784 (9.0%) pool=804 preds=714 wo=37763 core=2
KM_MSGPROF sender ctx=5 root=false query=None pred_sent=461064 (8.0%) pool=716 preds=714 wo=39231 core=2
KM_MSGPROF sender ctx=6 root=false query=None pred_sent=457432 (7.9%) pool=545 preds=936 wo=28517 core=2
KM_MSGPROF sender ctx=1 root=false query=None pred_sent=457432 (7.9%) pool=545 preds=936 wo=28517 core=2
KM_MSGPROF sender ctx=18 root=false query=None pred_sent=34320 (0.6%) pool=240 preds=143 wo=587 core=3
KM_MSGPROF sender ctx=106 root=false query=None pred_sent=31065 (0.5%) pool=285 preds=109 wo=679 core=3
KM_PROF[time-ms] msgloop pred_payload=291.4 pred_arrival=37464.5 propagate=2036.1 | add_clause=34146.2 (lookup=552.3 fwdsub=31477.5 backsub=295.8 index=1028.1) hyper=608.0 subsume=1255.8 pred_local=1560.5
KM_PROF msgloop guard=2180000 contexts=1317 msgs_pending=0 saturate_calls=920 succ=88087 pred=2091912 ground_wo=0
KM_MSGPROF arrivals dup=0 empty_join=0 conclusions=2134160 conclusions_new=2120936 (99.38% new) | arena[succ]=81191 arena[root]=10689 pred_interned=61719 ctx_clause_slots=2644480
KM_MSGPROF sender ctx=2 root=false query=None pred_sent=770232 (13.3%) pool=885 preds=936 wo=38272 core=2
KM_MSGPROF sender ctx=3 root=false query=None pred_sent=600032 (10.4%) pool=700 preds=936 wo=33670 core=2
KM_MSGPROF sender ctx=4 root=false query=None pred_sent=521784 (9.0%) pool=804 preds=714 wo=37763 core=2
KM_MSGPROF sender ctx=5 root=false query=None pred_sent=461064 (8.0%) pool=716 preds=714 wo=39231 core=2
KM_MSGPROF sender ctx=6 root=false query=None pred_sent=457432 (7.9%) pool=545 preds=936 wo=28517 core=2
KM_MSGPROF sender ctx=1 root=false query=None pred_sent=457432 (7.9%) pool=545 preds=936 wo=28517 core=2
KM_MSGPROF sender ctx=18 root=false query=None pred_sent=34320 (0.6%) pool=240 preds=143 wo=587 core=3
KM_MSGPROF sender ctx=106 root=false query=None pred_sent=31065 (0.5%) pool=285 preds=109 wo=679 core=3
KM_PROF[time-ms] msgloop pred_payload=296.0 pred_arrival=38063.5 propagate=2036.1 | add_clause=34697.5 (lookup=556.9 fwdsub=32004.0 backsub=299.2 index=1036.6) hyper=608.0 subsume=1255.8 pred_local=1560.5
KM_PROF msgloop guard=2200000 contexts=1317 msgs_pending=0 saturate_calls=920 succ=88087 pred=2111912 ground_wo=0
KM_MSGPROF arrivals dup=0 empty_join=0 conclusions=2155247 conclusions_new=2142023 (99.39% new) | arena[succ]=81389 arena[root]=10777 pred_interned=61807 ctx_clause_slots=2665567
KM_MSGPROF sender ctx=2 root=false query=None pred_sent=770232 (13.3%) pool=885 preds=936 wo=38272 core=2
KM_MSGPROF sender ctx=3 root=false query=None pred_sent=600032 (10.4%) pool=700 preds=936 wo=33670 core=2
KM_MSGPROF sender ctx=4 root=false query=None pred_sent=521784 (9.0%) pool=804 preds=714 wo=37763 core=2
KM_MSGPROF sender ctx=5 root=false query=None pred_sent=461064 (8.0%) pool=716 preds=714 wo=39231 core=2
KM_MSGPROF sender ctx=6 root=false query=None pred_sent=457432 (7.9%) pool=545 preds=936 wo=28517 core=2
KM_MSGPROF sender ctx=1 root=false query=None pred_sent=457432 (7.9%) pool=545 preds=936 wo=28517 core=2
KM_MSGPROF sender ctx=18 root=false query=None pred_sent=34320 (0.6%) pool=240 preds=143 wo=587 core=3
KM_MSGPROF sender ctx=106 root=false query=None pred_sent=31065 (0.5%) pool=285 preds=109 wo=679 core=3
KM_PROF[time-ms] msgloop pred_payload=300.7 pred_arrival=38714.4 propagate=2036.1 | add_clause=35300.1 (lookup=561.6 fwdsub=32581.3 backsub=302.5 index=1045.3) hyper=608.0 subsume=1255.8 pred_local=1560.5
KM_PROF msgloop guard=2220000 contexts=1317 msgs_pending=0 saturate_calls=920 succ=88087 pred=2131912 ground_wo=0
KM_MSGPROF arrivals dup=0 empty_join=0 conclusions=2176336 conclusions_new=2163112 (99.39% new) | arena[succ]=81587 arena[root]=10864 pred_interned=61895 ctx_clause_slots=2686656
KM_MSGPROF sender ctx=2 root=false query=None pred_sent=770232 (13.3%) pool=885 preds=936 wo=38272 core=2
KM_MSGPROF sender ctx=3 root=false query=None pred_sent=600032 (10.4%) pool=700 preds=936 wo=33670 core=2
KM_MSGPROF sender ctx=4 root=false query=None pred_sent=521784 (9.0%) pool=804 preds=714 wo=37763 core=2
KM_MSGPROF sender ctx=5 root=false query=None pred_sent=461064 (8.0%) pool=716 preds=714 wo=39231 core=2
KM_MSGPROF sender ctx=6 root=false query=None pred_sent=457432 (7.9%) pool=545 preds=936 wo=28517 core=2
KM_MSGPROF sender ctx=1 root=false query=None pred_sent=457432 (7.9%) pool=545 preds=936 wo=28517 core=2
KM_MSGPROF sender ctx=18 root=false query=None pred_sent=34320 (0.6%) pool=240 preds=143 wo=587 core=3
KM_MSGPROF sender ctx=106 root=false query=None pred_sent=31065 (0.5%) pool=285 preds=109 wo=679 core=3
KM_PROF[time-ms] msgloop pred_payload=305.2 pred_arrival=39395.1 propagate=2036.1 | add_clause=35933.7 (lookup=566.4 fwdsub=33189.2 backsub=305.9 index=1053.9) hyper=608.0 subsume=1255.8 pred_local=1560.5
KM_PROF msgloop guard=2240000 contexts=1317 msgs_pending=0 saturate_calls=920 succ=88087 pred=2151912 ground_wo=0
KM_MSGPROF arrivals dup=0 empty_join=0 conclusions=2197420 conclusions_new=2184196 (99.40% new) | arena[succ]=81776 arena[root]=10949 pred_interned=61979 ctx_clause_slots=2707740
KM_MSGPROF sender ctx=2 root=false query=None pred_sent=770232 (13.3%) pool=885 preds=936 wo=38272 core=2
KM_MSGPROF sender ctx=3 root=false query=None pred_sent=600032 (10.4%) pool=700 preds=936 wo=33670 core=2
KM_MSGPROF sender ctx=4 root=false query=None pred_sent=521784 (9.0%) pool=804 preds=714 wo=37763 core=2
KM_MSGPROF sender ctx=5 root=false query=None pred_sent=461064 (8.0%) pool=716 preds=714 wo=39231 core=2
KM_MSGPROF sender ctx=6 root=false query=None pred_sent=457432 (7.9%) pool=545 preds=936 wo=28517 core=2
KM_MSGPROF sender ctx=1 root=false query=None pred_sent=457432 (7.9%) pool=545 preds=936 wo=28517 core=2
KM_MSGPROF sender ctx=18 root=false query=None pred_sent=34320 (0.6%) pool=240 preds=143 wo=587 core=3
KM_MSGPROF sender ctx=106 root=false query=None pred_sent=31065 (0.5%) pool=285 preds=109 wo=679 core=3
KM_PROF[time-ms] msgloop pred_payload=310.0 pred_arrival=40122.4 propagate=2036.1 | add_clause=36612.8 (lookup=571.2 fwdsub=33842.8 backsub=309.2 index=1063.1) hyper=608.0 subsume=1255.8 pred_local=1560.5
KM_PROF msgloop guard=2260000 contexts=1317 msgs_pending=0 saturate_calls=920 succ=88087 pred=2171912 ground_wo=0
KM_MSGPROF arrivals dup=0 empty_join=0 conclusions=2218509 conclusions_new=2205285 (99.40% new) | arena[succ]=81974 arena[root]=11037 pred_interned=62067 ctx_clause_slots=2728829
KM_MSGPROF sender ctx=2 root=false query=None pred_sent=770232 (13.3%) pool=885 preds=936 wo=38272 core=2
KM_MSGPROF sender ctx=3 root=false query=None pred_sent=600032 (10.4%) pool=700 preds=936 wo=33670 core=2
KM_MSGPROF sender ctx=4 root=false query=None pred_sent=521784 (9.0%) pool=804 preds=714 wo=37763 core=2
KM_MSGPROF sender ctx=5 root=false query=None pred_sent=461064 (8.0%) pool=716 preds=714 wo=39231 core=2
KM_MSGPROF sender ctx=6 root=false query=None pred_sent=457432 (7.9%) pool=545 preds=936 wo=28517 core=2
KM_MSGPROF sender ctx=1 root=false query=None pred_sent=457432 (7.9%) pool=545 preds=936 wo=28517 core=2
KM_MSGPROF sender ctx=18 root=false query=None pred_sent=34320 (0.6%) pool=240 preds=143 wo=587 core=3
KM_MSGPROF sender ctx=106 root=false query=None pred_sent=31065 (0.5%) pool=285 preds=109 wo=679 core=3
KM_PROF[time-ms] msgloop pred_payload=314.9 pred_arrival=40888.5 propagate=2036.1 | add_clause=37326.7 (lookup=576.0 fwdsub=34530.1 backsub=312.7 index=1072.7) hyper=608.0 subsume=1255.8 pred_local=1560.5
KM_PROF msgloop guard=2280000 contexts=1317 msgs_pending=0 saturate_calls=920 succ=88087 pred=2191912 ground_wo=0
KM_MSGPROF arrivals dup=0 empty_join=0 conclusions=2239592 conclusions_new=2226368 (99.41% new) | arena[succ]=82172 arena[root]=11125 pred_interned=62155 ctx_clause_slots=2749912
KM_MSGPROF sender ctx=2 root=false query=None pred_sent=770232 (13.3%) pool=885 preds=936 wo=38272 core=2
KM_MSGPROF sender ctx=3 root=false query=None pred_sent=600032 (10.4%) pool=700 preds=936 wo=33670 core=2
KM_MSGPROF sender ctx=4 root=false query=None pred_sent=521784 (9.0%) pool=804 preds=714 wo=37763 core=2
KM_MSGPROF sender ctx=5 root=false query=None pred_sent=461064 (8.0%) pool=716 preds=714 wo=39231 core=2
KM_MSGPROF sender ctx=6 root=false query=None pred_sent=457432 (7.9%) pool=545 preds=936 wo=28517 core=2
KM_MSGPROF sender ctx=1 root=false query=None pred_sent=457432 (7.9%) pool=545 preds=936 wo=28517 core=2
KM_MSGPROF sender ctx=18 root=false query=None pred_sent=34320 (0.6%) pool=240 preds=143 wo=587 core=3
KM_MSGPROF sender ctx=106 root=false query=None pred_sent=31065 (0.5%) pool=285 preds=109 wo=679 core=3
KM_PROF[time-ms] msgloop pred_payload=319.8 pred_arrival=41695.0 propagate=2036.1 | add_clause=38084.3 (lookup=580.7 fwdsub=35262.0 backsub=316.2 index=1081.4) hyper=608.0 subsume=1255.8 pred_local=1560.5
KM_PROF msgloop guard=2300000 contexts=1317 msgs_pending=0 saturate_calls=920 succ=88087 pred=2211912 ground_wo=0
KM_MSGPROF arrivals dup=0 empty_join=0 conclusions=2260684 conclusions_new=2247460 (99.42% new) | arena[succ]=82369 arena[root]=11212 pred_interned=62243 ctx_clause_slots=2771004
KM_MSGPROF sender ctx=2 root=false query=None pred_sent=770232 (13.3%) pool=885 preds=936 wo=38272 core=2
KM_MSGPROF sender ctx=3 root=false query=None pred_sent=600032 (10.4%) pool=700 preds=936 wo=33670 core=2
KM_MSGPROF sender ctx=4 root=false query=None pred_sent=521784 (9.0%) pool=804 preds=714 wo=37763 core=2
KM_MSGPROF sender ctx=5 root=false query=None pred_sent=461064 (8.0%) pool=716 preds=714 wo=39231 core=2
KM_MSGPROF sender ctx=6 root=false query=None pred_sent=457432 (7.9%) pool=545 preds=936 wo=28517 core=2
KM_MSGPROF sender ctx=1 root=false query=None pred_sent=457432 (7.9%) pool=545 preds=936 wo=28517 core=2
KM_MSGPROF sender ctx=18 root=false query=None pred_sent=34320 (0.6%) pool=240 preds=143 wo=587 core=3
KM_MSGPROF sender ctx=106 root=false query=None pred_sent=31065 (0.5%) pool=285 preds=109 wo=679 core=3
KM_PROF[time-ms] msgloop pred_payload=324.5 pred_arrival=42550.0 propagate=2036.1 | add_clause=38889.6 (lookup=585.6 fwdsub=36041.5 backsub=319.6 index=1090.3) hyper=608.0 subsume=1255.8 pred_local=1560.5
KM_PROF msgloop guard=2320000 contexts=1317 msgs_pending=0 saturate_calls=920 succ=88087 pred=2231912 ground_wo=0
KM_MSGPROF arrivals dup=0 empty_join=0 conclusions=2281768 conclusions_new=2268544 (99.42% new) | arena[succ]=82559 arena[root]=11297 pred_interned=62327 ctx_clause_slots=2792088
KM_MSGPROF sender ctx=2 root=false query=None pred_sent=770232 (13.3%) pool=885 preds=936 wo=38272 core=2
KM_MSGPROF sender ctx=3 root=false query=None pred_sent=600032 (10.4%) pool=700 preds=936 wo=33670 core=2
KM_MSGPROF sender ctx=4 root=false query=None pred_sent=521784 (9.0%) pool=804 preds=714 wo=37763 core=2
KM_MSGPROF sender ctx=5 root=false query=None pred_sent=461064 (8.0%) pool=716 preds=714 wo=39231 core=2
KM_MSGPROF sender ctx=6 root=false query=None pred_sent=457432 (7.9%) pool=545 preds=936 wo=28517 core=2
KM_MSGPROF sender ctx=1 root=false query=None pred_sent=457432 (7.9%) pool=545 preds=936 wo=28517 core=2
KM_MSGPROF sender ctx=18 root=false query=None pred_sent=34320 (0.6%) pool=240 preds=143 wo=587 core=3
KM_MSGPROF sender ctx=106 root=false query=None pred_sent=31065 (0.5%) pool=285 preds=109 wo=679 core=3
KM_PROF[time-ms] msgloop pred_payload=329.3 pred_arrival=43434.8 propagate=2036.1 | add_clause=39725.0 (lookup=590.4 fwdsub=36851.3 backsub=323.2 index=1098.9) hyper=608.0 subsume=1255.8 pred_local=1560.5
KM_PROF msgloop guard=2340000 contexts=1317 msgs_pending=0 saturate_calls=920 succ=88087 pred=2251912 ground_wo=0
KM_MSGPROF arrivals dup=0 empty_join=0 conclusions=2302855 conclusions_new=2289631 (99.43% new) | arena[succ]=82757 arena[root]=11385 pred_interned=62415 ctx_clause_slots=2813175
KM_MSGPROF sender ctx=2 root=false query=None pred_sent=770232 (13.3%) pool=885 preds=936 wo=38272 core=2
KM_MSGPROF sender ctx=3 root=false query=None pred_sent=600032 (10.4%) pool=700 preds=936 wo=33670 core=2
KM_MSGPROF sender ctx=4 root=false query=None pred_sent=521784 (9.0%) pool=804 preds=714 wo=37763 core=2
KM_MSGPROF sender ctx=5 root=false query=None pred_sent=461064 (8.0%) pool=716 preds=714 wo=39231 core=2
KM_MSGPROF sender ctx=6 root=false query=None pred_sent=457432 (7.9%) pool=545 preds=936 wo=28517 core=2
KM_MSGPROF sender ctx=1 root=false query=None pred_sent=457432 (7.9%) pool=545 preds=936 wo=28517 core=2
KM_MSGPROF sender ctx=18 root=false query=None pred_sent=34320 (0.6%) pool=240 preds=143 wo=587 core=3
KM_MSGPROF sender ctx=106 root=false query=None pred_sent=31065 (0.5%) pool=285 preds=109 wo=679 core=3
KM_PROF[time-ms] msgloop pred_payload=333.8 pred_arrival=44363.8 propagate=2036.1 | add_clause=40603.1 (lookup=595.3 fwdsub=37702.4 backsub=326.9 index=1108.3) hyper=608.0 subsume=1255.8 pred_local=1560.5
KM_PROF msgloop guard=2360000 contexts=1317 msgs_pending=0 saturate_calls=920 succ=88087 pred=2271912 ground_wo=0
KM_MSGPROF arrivals dup=0 empty_join=0 conclusions=2323941 conclusions_new=2310717 (99.43% new) | arena[succ]=82955 arena[root]=11473 pred_interned=62503 ctx_clause_slots=2834261
KM_MSGPROF sender ctx=2 root=false query=None pred_sent=770232 (13.3%) pool=885 preds=936 wo=38272 core=2
KM_MSGPROF sender ctx=3 root=false query=None pred_sent=600032 (10.4%) pool=700 preds=936 wo=33670 core=2
KM_MSGPROF sender ctx=4 root=false query=None pred_sent=521784 (9.0%) pool=804 preds=714 wo=37763 core=2
KM_MSGPROF sender ctx=5 root=false query=None pred_sent=461064 (8.0%) pool=716 preds=714 wo=39231 core=2
KM_MSGPROF sender ctx=6 root=false query=None pred_sent=457432 (7.9%) pool=545 preds=936 wo=28517 core=2
KM_MSGPROF sender ctx=1 root=false query=None pred_sent=457432 (7.9%) pool=545 preds=936 wo=28517 core=2
KM_MSGPROF sender ctx=18 root=false query=None pred_sent=34320 (0.6%) pool=240 preds=143 wo=587 core=3
KM_MSGPROF sender ctx=106 root=false query=None pred_sent=31065 (0.5%) pool=285 preds=109 wo=679 core=3
KM_PROF[time-ms] msgloop pred_payload=339.1 pred_arrival=45338.4 propagate=2036.1 | add_clause=41527.8 (lookup=600.1 fwdsub=38600.6 backsub=330.5 index=1118.0) hyper=608.0 subsume=1255.8 pred_local=1560.5
KM_PROF msgloop guard=2380000 contexts=1317 msgs_pending=0 saturate_calls=920 succ=88087 pred=2291912 ground_wo=0
KM_MSGPROF arrivals dup=0 empty_join=0 conclusions=2345029 conclusions_new=2331805 (99.44% new) | arena[succ]=83151 arena[root]=11560 pred_interned=62591 ctx_clause_slots=2855349
KM_MSGPROF sender ctx=2 root=false query=None pred_sent=770232 (13.3%) pool=885 preds=936 wo=38272 core=2
KM_MSGPROF sender ctx=3 root=false query=None pred_sent=600032 (10.4%) pool=700 preds=936 wo=33670 core=2
KM_MSGPROF sender ctx=4 root=false query=None pred_sent=521784 (9.0%) pool=804 preds=714 wo=37763 core=2
KM_MSGPROF sender ctx=5 root=false query=None pred_sent=461064 (8.0%) pool=716 preds=714 wo=39231 core=2
KM_MSGPROF sender ctx=6 root=false query=None pred_sent=457432 (7.9%) pool=545 preds=936 wo=28517 core=2
KM_MSGPROF sender ctx=1 root=false query=None pred_sent=457432 (7.9%) pool=545 preds=936 wo=28517 core=2
KM_MSGPROF sender ctx=18 root=false query=None pred_sent=34320 (0.6%) pool=240 preds=143 wo=587 core=3
KM_MSGPROF sender ctx=106 root=false query=None pred_sent=31065 (0.5%) pool=285 preds=109 wo=679 core=3
KM_PROF[time-ms] msgloop pred_payload=343.7 pred_arrival=46331.7 propagate=2036.1 | add_clause=42470.8 (lookup=605.0 fwdsub=39517.3 backsub=334.2 index=1127.2) hyper=608.0 subsume=1255.8 pred_local=1560.5
KM_PROF msgloop guard=2400000 contexts=1317 msgs_pending=0 saturate_calls=920 succ=88087 pred=2311912 ground_wo=0
KM_MSGPROF arrivals dup=0 empty_join=0 conclusions=2366114 conclusions_new=2352890 (99.44% new) | arena[succ]=83342 arena[root]=11645 pred_interned=62675 ctx_clause_slots=2876434
KM_MSGPROF sender ctx=2 root=false query=None pred_sent=770232 (13.3%) pool=885 preds=936 wo=38272 core=2
KM_MSGPROF sender ctx=3 root=false query=None pred_sent=600032 (10.4%) pool=700 preds=936 wo=33670 core=2
KM_MSGPROF sender ctx=4 root=false query=None pred_sent=521784 (9.0%) pool=804 preds=714 wo=37763 core=2
KM_MSGPROF sender ctx=5 root=false query=None pred_sent=461064 (8.0%) pool=716 preds=714 wo=39231 core=2
KM_MSGPROF sender ctx=6 root=false query=None pred_sent=457432 (7.9%) pool=545 preds=936 wo=28517 core=2
KM_MSGPROF sender ctx=1 root=false query=None pred_sent=457432 (7.9%) pool=545 preds=936 wo=28517 core=2
KM_MSGPROF sender ctx=18 root=false query=None pred_sent=34320 (0.6%) pool=240 preds=143 wo=587 core=3
KM_MSGPROF sender ctx=106 root=false query=None pred_sent=31065 (0.5%) pool=285 preds=109 wo=679 core=3
KM_PROF[time-ms] msgloop pred_payload=348.9 pred_arrival=47383.9 propagate=2036.1 | add_clause=43472.7 (lookup=609.8 fwdsub=40492.3 backsub=337.8 index=1137.1) hyper=608.0 subsume=1255.8 pred_local=1560.5
KM_PROF msgloop guard=2420000 contexts=1317 msgs_pending=0 saturate_calls=920 succ=88087 pred=2331912 ground_wo=0
KM_MSGPROF arrivals dup=0 empty_join=0 conclusions=2387203 conclusions_new=2373979 (99.45% new) | arena[succ]=83540 arena[root]=11733 pred_interned=62763 ctx_clause_slots=2897523
KM_MSGPROF sender ctx=2 root=false query=None pred_sent=770232 (13.3%) pool=885 preds=936 wo=38272 core=2
KM_MSGPROF sender ctx=3 root=false query=None pred_sent=600032 (10.4%) pool=700 preds=936 wo=33670 core=2
KM_MSGPROF sender ctx=4 root=false query=None pred_sent=521784 (9.0%) pool=804 preds=714 wo=37763 core=2
KM_MSGPROF sender ctx=5 root=false query=None pred_sent=461064 (8.0%) pool=716 preds=714 wo=39231 core=2
KM_MSGPROF sender ctx=6 root=false query=None pred_sent=457432 (7.9%) pool=545 preds=936 wo=28517 core=2
KM_MSGPROF sender ctx=1 root=false query=None pred_sent=457432 (7.9%) pool=545 preds=936 wo=28517 core=2
KM_MSGPROF sender ctx=18 root=false query=None pred_sent=34320 (0.6%) pool=240 preds=143 wo=587 core=3
KM_MSGPROF sender ctx=106 root=false query=None pred_sent=31065 (0.5%) pool=285 preds=109 wo=679 core=3
KM_PROF[time-ms] msgloop pred_payload=353.8 pred_arrival=48451.8 propagate=2036.1 | add_clause=44490.7 (lookup=614.6 fwdsub=41484.2 backsub=341.4 index=1146.3) hyper=608.0 subsume=1255.8 pred_local=1560.5
KM_PROF msgloop guard=2440000 contexts=1317 msgs_pending=0 saturate_calls=920 succ=88087 pred=2351912 ground_wo=0
KM_MSGPROF arrivals dup=0 empty_join=0 conclusions=2408288 conclusions_new=2395064 (99.45% new) | arena[succ]=83738 arena[root]=11821 pred_interned=62851 ctx_clause_slots=2918608
KM_MSGPROF sender ctx=2 root=false query=None pred_sent=770232 (13.3%) pool=885 preds=936 wo=38272 core=2
KM_MSGPROF sender ctx=3 root=false query=None pred_sent=600032 (10.4%) pool=700 preds=936 wo=33670 core=2
KM_MSGPROF sender ctx=4 root=false query=None pred_sent=521784 (9.0%) pool=804 preds=714 wo=37763 core=2
KM_MSGPROF sender ctx=5 root=false query=None pred_sent=461064 (8.0%) pool=716 preds=714 wo=39231 core=2
KM_MSGPROF sender ctx=6 root=false query=None pred_sent=457432 (7.9%) pool=545 preds=936 wo=28517 core=2
KM_MSGPROF sender ctx=1 root=false query=None pred_sent=457432 (7.9%) pool=545 preds=936 wo=28517 core=2
KM_MSGPROF sender ctx=18 root=false query=None pred_sent=34320 (0.6%) pool=240 preds=143 wo=587 core=3
KM_MSGPROF sender ctx=106 root=false query=None pred_sent=31065 (0.5%) pool=285 preds=109 wo=679 core=3
KM_PROF[time-ms] msgloop pred_payload=358.7 pred_arrival=49550.1 propagate=2036.1 | add_clause=45539.1 (lookup=619.5 fwdsub=42506.8 backsub=345.1 index=1155.2) hyper=608.0 subsume=1255.8 pred_local=1560.5
KM_PROF msgloop guard=2460000 contexts=1317 msgs_pending=0 saturate_calls=920 succ=88087 pred=2371912 ground_wo=0
KM_MSGPROF arrivals dup=0 empty_join=0 conclusions=2429375 conclusions_new=2416151 (99.46% new) | arena[succ]=83934 arena[root]=11908 pred_interned=62939 ctx_clause_slots=2939695
KM_MSGPROF sender ctx=2 root=false query=None pred_sent=770232 (13.3%) pool=885 preds=936 wo=38272 core=2
KM_MSGPROF sender ctx=3 root=false query=None pred_sent=600032 (10.4%) pool=700 preds=936 wo=33670 core=2
KM_MSGPROF sender ctx=4 root=false query=None pred_sent=521784 (9.0%) pool=804 preds=714 wo=37763 core=2
KM_MSGPROF sender ctx=5 root=false query=None pred_sent=461064 (8.0%) pool=716 preds=714 wo=39231 core=2
KM_MSGPROF sender ctx=6 root=false query=None pred_sent=457432 (7.9%) pool=545 preds=936 wo=28517 core=2
KM_MSGPROF sender ctx=1 root=false query=None pred_sent=457432 (7.9%) pool=545 preds=936 wo=28517 core=2
KM_MSGPROF sender ctx=18 root=false query=None pred_sent=34320 (0.6%) pool=240 preds=143 wo=587 core=3
KM_MSGPROF sender ctx=106 root=false query=None pred_sent=31065 (0.5%) pool=285 preds=109 wo=679 core=3
KM_PROF[time-ms] msgloop pred_payload=363.4 pred_arrival=50707.3 propagate=2036.1 | add_clause=46646.1 (lookup=624.3 fwdsub=43587.6 backsub=348.7 index=1164.6) hyper=608.0 subsume=1255.8 pred_local=1560.5
KM_PROF msgloop guard=2480000 contexts=1317 msgs_pending=0 saturate_calls=920 succ=88087 pred=2391912 ground_wo=0
KM_MSGPROF arrivals dup=0 empty_join=0 conclusions=2450461 conclusions_new=2437237 (99.46% new) | arena[succ]=84125 arena[root]=11993 pred_interned=63023 ctx_clause_slots=2960781
KM_MSGPROF sender ctx=2 root=false query=None pred_sent=770232 (13.3%) pool=885 preds=936 wo=38272 core=2
KM_MSGPROF sender ctx=3 root=false query=None pred_sent=600032 (10.4%) pool=700 preds=936 wo=33670 core=2
KM_MSGPROF sender ctx=4 root=false query=None pred_sent=521784 (9.0%) pool=804 preds=714 wo=37763 core=2
KM_MSGPROF sender ctx=5 root=false query=None pred_sent=461064 (8.0%) pool=716 preds=714 wo=39231 core=2
KM_MSGPROF sender ctx=6 root=false query=None pred_sent=457432 (7.9%) pool=545 preds=936 wo=28517 core=2
KM_MSGPROF sender ctx=1 root=false query=None pred_sent=457432 (7.9%) pool=545 preds=936 wo=28517 core=2
KM_MSGPROF sender ctx=18 root=false query=None pred_sent=34320 (0.6%) pool=240 preds=143 wo=587 core=3
KM_MSGPROF sender ctx=106 root=false query=None pred_sent=31065 (0.5%) pool=285 preds=109 wo=679 core=3
KM_PROF[time-ms] msgloop pred_payload=368.5 pred_arrival=51897.6 propagate=2036.1 | add_clause=47786.1 (lookup=629.2 fwdsub=44699.9 backsub=352.1 index=1175.5) hyper=608.0 subsume=1255.8 pred_local=1560.5
KM_PROF msgloop guard=2500000 contexts=1317 msgs_pending=0 saturate_calls=920 succ=88087 pred=2411912 ground_wo=0
KM_MSGPROF arrivals dup=0 empty_join=0 conclusions=2471551 conclusions_new=2458327 (99.46% new) | arena[succ]=84323 arena[root]=12081 pred_interned=63111 ctx_clause_slots=2981871
KM_MSGPROF sender ctx=2 root=false query=None pred_sent=770232 (13.3%) pool=885 preds=936 wo=38272 core=2
KM_MSGPROF sender ctx=3 root=false query=None pred_sent=600032 (10.4%) pool=700 preds=936 wo=33670 core=2
KM_MSGPROF sender ctx=4 root=false query=None pred_sent=521784 (9.0%) pool=804 preds=714 wo=37763 core=2
KM_MSGPROF sender ctx=5 root=false query=None pred_sent=461064 (8.0%) pool=716 preds=714 wo=39231 core=2
KM_MSGPROF sender ctx=6 root=false query=None pred_sent=457432 (7.9%) pool=545 preds=936 wo=28517 core=2
KM_MSGPROF sender ctx=1 root=false query=None pred_sent=457432 (7.9%) pool=545 preds=936 wo=28517 core=2
KM_MSGPROF sender ctx=18 root=false query=None pred_sent=34320 (0.6%) pool=240 preds=143 wo=587 core=3
KM_MSGPROF sender ctx=106 root=false query=None pred_sent=31065 (0.5%) pool=285 preds=109 wo=679 core=3
KM_PROF[time-ms] msgloop pred_payload=373.6 pred_arrival=53143.9 propagate=2036.1 | add_clause=48979.0 (lookup=634.2 fwdsub=45865.0 backsub=356.0 index=1185.4) hyper=608.0 subsume=1255.8 pred_local=1560.5
KM_PROF msgloop guard=2520000 contexts=1317 msgs_pending=0 saturate_calls=920 succ=88087 pred=2431912 ground_wo=0
KM_MSGPROF arrivals dup=0 empty_join=0 conclusions=2492637 conclusions_new=2479413 (99.47% new) | arena[succ]=84521 arena[root]=12169 pred_interned=63199 ctx_clause_slots=3002957
KM_MSGPROF sender ctx=2 root=false query=None pred_sent=770232 (13.3%) pool=885 preds=936 wo=38272 core=2
KM_MSGPROF sender ctx=3 root=false query=None pred_sent=600032 (10.4%) pool=700 preds=936 wo=33670 core=2
KM_MSGPROF sender ctx=4 root=false query=None pred_sent=521784 (9.0%) pool=804 preds=714 wo=37763 core=2
KM_MSGPROF sender ctx=5 root=false query=None pred_sent=461064 (8.0%) pool=716 preds=714 wo=39231 core=2
KM_MSGPROF sender ctx=6 root=false query=None pred_sent=457432 (7.9%) pool=545 preds=936 wo=28517 core=2
KM_MSGPROF sender ctx=1 root=false query=None pred_sent=457432 (7.9%) pool=545 preds=936 wo=28517 core=2
KM_MSGPROF sender ctx=18 root=false query=None pred_sent=34320 (0.6%) pool=240 preds=143 wo=587 core=3
KM_MSGPROF sender ctx=106 root=false query=None pred_sent=31065 (0.5%) pool=285 preds=109 wo=679 core=3
KM_PROF[time-ms] msgloop pred_payload=378.7 pred_arrival=54420.5 propagate=2036.1 | add_clause=50203.7 (lookup=639.3 fwdsub=47062.5 backsub=359.8 index=1194.7) hyper=608.0 subsume=1255.8 pred_local=1560.5
KM_PROF msgloop guard=2540000 contexts=1317 msgs_pending=0 saturate_calls=920 succ=88087 pred=2451912 ground_wo=0
KM_MSGPROF arrivals dup=0 empty_join=0 conclusions=2513725 conclusions_new=2500501 (99.47% new) | arena[succ]=84717 arena[root]=12254 pred_interned=63287 ctx_clause_slots=3024045
KM_MSGPROF sender ctx=2 root=false query=None pred_sent=770232 (13.3%) pool=885 preds=936 wo=38272 core=2
KM_MSGPROF sender ctx=3 root=false query=None pred_sent=600032 (10.4%) pool=700 preds=936 wo=33670 core=2
KM_MSGPROF sender ctx=4 root=false query=None pred_sent=521784 (9.0%) pool=804 preds=714 wo=37763 core=2
KM_MSGPROF sender ctx=5 root=false query=None pred_sent=461064 (8.0%) pool=716 preds=714 wo=39231 core=2
KM_MSGPROF sender ctx=6 root=false query=None pred_sent=457432 (7.9%) pool=545 preds=936 wo=28517 core=2
KM_MSGPROF sender ctx=1 root=false query=None pred_sent=457432 (7.9%) pool=545 preds=936 wo=28517 core=2
KM_MSGPROF sender ctx=18 root=false query=None pred_sent=34320 (0.6%) pool=240 preds=143 wo=587 core=3
KM_MSGPROF sender ctx=106 root=false query=None pred_sent=31065 (0.5%) pool=285 preds=109 wo=679 core=3
KM_PROF[time-ms] msgloop pred_payload=383.5 pred_arrival=55816.0 propagate=2036.1 | add_clause=51547.5 (lookup=644.4 fwdsub=48378.3 backsub=363.6 index=1204.5) hyper=608.0 subsume=1255.8 pred_local=1560.5
KM_PROF msgloop guard=2560000 contexts=1317 msgs_pending=0 saturate_calls=920 succ=90770 pred=2469229 ground_wo=0
KM_MSGPROF arrivals dup=0 empty_join=0 conclusions=2531355 conclusions_new=2517923 (99.47% new) | arena[succ]=84764 arena[root]=12277 pred_interned=63499 ctx_clause_slots=3041467
KM_MSGPROF sender ctx=2 root=false query=None pred_sent=770232 (13.3%) pool=885 preds=938 wo=38272 core=2
KM_MSGPROF sender ctx=3 root=false query=None pred_sent=600032 (10.4%) pool=700 preds=938 wo=33670 core=2
KM_MSGPROF sender ctx=4 root=false query=None pred_sent=521784 (9.0%) pool=804 preds=717 wo=37763 core=2
KM_MSGPROF sender ctx=5 root=false query=None pred_sent=461064 (8.0%) pool=716 preds=717 wo=39231 core=2
KM_MSGPROF sender ctx=6 root=false query=None pred_sent=457432 (7.9%) pool=545 preds=938 wo=28517 core=2
KM_MSGPROF sender ctx=1 root=false query=None pred_sent=457432 (7.9%) pool=545 preds=938 wo=28517 core=2
KM_MSGPROF sender ctx=18 root=false query=None pred_sent=34320 (0.6%) pool=240 preds=143 wo=587 core=3
KM_MSGPROF sender ctx=106 root=false query=None pred_sent=31065 (0.5%) pool=285 preds=109 wo=679 core=3
KM_PROF[time-ms] msgloop pred_payload=385.4 pred_arrival=56368.5 propagate=2036.1 | add_clause=52062.2 (lookup=648.4 fwdsub=48871.3 backsub=367.4 index=1211.9) hyper=608.0 subsume=1255.8 pred_local=1560.5
KM_PROF msgloop guard=2580000 contexts=1317 msgs_pending=0 saturate_calls=920 succ=90770 pred=2489229 ground_wo=0
KM_MSGPROF arrivals dup=0 empty_join=0 conclusions=2551355 conclusions_new=2536171 (99.40% new) | arena[succ]=84764 arena[root]=12277 pred_interned=63499 ctx_clause_slots=3059715
KM_MSGPROF sender ctx=2 root=false query=None pred_sent=770232 (13.3%) pool=885 preds=938 wo=38272 core=2
KM_MSGPROF sender ctx=3 root=false query=None pred_sent=600032 (10.4%) pool=700 preds=938 wo=33670 core=2
KM_MSGPROF sender ctx=4 root=false query=None pred_sent=521784 (9.0%) pool=804 preds=717 wo=37763 core=2
KM_MSGPROF sender ctx=5 root=false query=None pred_sent=461064 (8.0%) pool=716 preds=717 wo=39231 core=2
KM_MSGPROF sender ctx=6 root=false query=None pred_sent=457432 (7.9%) pool=545 preds=938 wo=28517 core=2
KM_MSGPROF sender ctx=1 root=false query=None pred_sent=457432 (7.9%) pool=545 preds=938 wo=28517 core=2
KM_MSGPROF sender ctx=18 root=false query=None pred_sent=34320 (0.6%) pool=240 preds=143 wo=587 core=3
KM_MSGPROF sender ctx=106 root=false query=None pred_sent=31065 (0.5%) pool=285 preds=109 wo=679 core=3
KM_PROF[time-ms] msgloop pred_payload=386.8 pred_arrival=56440.2 propagate=2036.1 | add_clause=52098.7 (lookup=651.5 fwdsub=48891.1 backsub=369.1 index=1217.5) hyper=608.0 subsume=1255.8 pred_local=1560.5
KM_PROF msgloop guard=2600000 contexts=1317 msgs_pending=0 saturate_calls=920 succ=90770 pred=2509229 ground_wo=0
KM_MSGPROF arrivals dup=0 empty_join=0 conclusions=2571355 conclusions_new=2556171 (99.41% new) | arena[succ]=84764 arena[root]=12277 pred_interned=63499 ctx_clause_slots=3079715
KM_MSGPROF sender ctx=2 root=false query=None pred_sent=770232 (13.3%) pool=885 preds=938 wo=38272 core=2
KM_MSGPROF sender ctx=3 root=false query=None pred_sent=600032 (10.4%) pool=700 preds=938 wo=33670 core=2
KM_MSGPROF sender ctx=4 root=false query=None pred_sent=521784 (9.0%) pool=804 preds=717 wo=37763 core=2
KM_MSGPROF sender ctx=5 root=false query=None pred_sent=461064 (8.0%) pool=716 preds=717 wo=39231 core=2
KM_MSGPROF sender ctx=6 root=false query=None pred_sent=457432 (7.9%) pool=545 preds=938 wo=28517 core=2
KM_MSGPROF sender ctx=1 root=false query=None pred_sent=457432 (7.9%) pool=545 preds=938 wo=28517 core=2
KM_MSGPROF sender ctx=18 root=false query=None pred_sent=34320 (0.6%) pool=240 preds=143 wo=587 core=3
KM_MSGPROF sender ctx=106 root=false query=None pred_sent=31065 (0.5%) pool=285 preds=109 wo=679 core=3
KM_PROF[time-ms] msgloop pred_payload=388.4 pred_arrival=56531.5 propagate=2036.1 | add_clause=52154.9 (lookup=654.6 fwdsub=48930.0 backsub=371.0 index=1223.4) hyper=608.0 subsume=1255.8 pred_local=1560.5
KM_PROF msgloop guard=2620000 contexts=1317 msgs_pending=0 saturate_calls=920 succ=90770 pred=2529229 ground_wo=0
KM_MSGPROF arrivals dup=0 empty_join=0 conclusions=2591355 conclusions_new=2576171 (99.41% new) | arena[succ]=84764 arena[root]=12277 pred_interned=63499 ctx_clause_slots=3099715
KM_MSGPROF sender ctx=2 root=false query=None pred_sent=770232 (13.3%) pool=885 preds=938 wo=38272 core=2
KM_MSGPROF sender ctx=3 root=false query=None pred_sent=600032 (10.4%) pool=700 preds=938 wo=33670 core=2
KM_MSGPROF sender ctx=4 root=false query=None pred_sent=521784 (9.0%) pool=804 preds=717 wo=37763 core=2
KM_MSGPROF sender ctx=5 root=false query=None pred_sent=461064 (8.0%) pool=716 preds=717 wo=39231 core=2
KM_MSGPROF sender ctx=6 root=false query=None pred_sent=457432 (7.9%) pool=545 preds=938 wo=28517 core=2
KM_MSGPROF sender ctx=1 root=false query=None pred_sent=457432 (7.9%) pool=545 preds=938 wo=28517 core=2
KM_MSGPROF sender ctx=18 root=false query=None pred_sent=34320 (0.6%) pool=240 preds=143 wo=587 core=3
KM_MSGPROF sender ctx=106 root=false query=None pred_sent=31065 (0.5%) pool=285 preds=109 wo=679 core=3
KM_PROF[time-ms] msgloop pred_payload=390.0 pred_arrival=56644.0 propagate=2036.1 | add_clause=52232.7 (lookup=657.7 fwdsub=48990.6 backsub=372.9 index=1229.6) hyper=608.0 subsume=1255.8 pred_local=1560.5
KM_PROF msgloop guard=2640000 contexts=1317 msgs_pending=0 saturate_calls=920 succ=90770 pred=2549229 ground_wo=0
KM_MSGPROF arrivals dup=0 empty_join=0 conclusions=2611355 conclusions_new=2596171 (99.42% new) | arena[succ]=84764 arena[root]=12277 pred_interned=63499 ctx_clause_slots=3119715
KM_MSGPROF sender ctx=2 root=false query=None pred_sent=770232 (13.3%) pool=885 preds=938 wo=38272 core=2
KM_MSGPROF sender ctx=3 root=false query=None pred_sent=600032 (10.4%) pool=700 preds=938 wo=33670 core=2
KM_MSGPROF sender ctx=4 root=false query=None pred_sent=521784 (9.0%) pool=804 preds=717 wo=37763 core=2
KM_MSGPROF sender ctx=5 root=false query=None pred_sent=461064 (8.0%) pool=716 preds=717 wo=39231 core=2
KM_MSGPROF sender ctx=6 root=false query=None pred_sent=457432 (7.9%) pool=545 preds=938 wo=28517 core=2
KM_MSGPROF sender ctx=1 root=false query=None pred_sent=457432 (7.9%) pool=545 preds=938 wo=28517 core=2
KM_MSGPROF sender ctx=18 root=false query=None pred_sent=34320 (0.6%) pool=240 preds=143 wo=587 core=3
KM_MSGPROF sender ctx=106 root=false query=None pred_sent=31065 (0.5%) pool=285 preds=109 wo=679 core=3
KM_PROF[time-ms] msgloop pred_payload=391.6 pred_arrival=56775.2 propagate=2036.1 | add_clause=52330.4 (lookup=660.7 fwdsub=49071.8 backsub=374.9 index=1235.2) hyper=608.0 subsume=1255.8 pred_local=1560.5
KM_PROF msgloop guard=2660000 contexts=1317 msgs_pending=0 saturate_calls=920 succ=90770 pred=2569229 ground_wo=0
KM_MSGPROF arrivals dup=0 empty_join=0 conclusions=2631355 conclusions_new=2616171 (99.42% new) | arena[succ]=84764 arena[root]=12277 pred_interned=63499 ctx_clause_slots=3139715
KM_MSGPROF sender ctx=2 root=false query=None pred_sent=770232 (13.3%) pool=885 preds=938 wo=38272 core=2
KM_MSGPROF sender ctx=3 root=false query=None pred_sent=600032 (10.4%) pool=700 preds=938 wo=33670 core=2
KM_MSGPROF sender ctx=4 root=false query=None pred_sent=521784 (9.0%) pool=804 preds=717 wo=37763 core=2
KM_MSGPROF sender ctx=5 root=false query=None pred_sent=461064 (8.0%) pool=716 preds=717 wo=39231 core=2
KM_MSGPROF sender ctx=6 root=false query=None pred_sent=457432 (7.9%) pool=545 preds=938 wo=28517 core=2
KM_MSGPROF sender ctx=1 root=false query=None pred_sent=457432 (7.9%) pool=545 preds=938 wo=28517 core=2
KM_MSGPROF sender ctx=18 root=false query=None pred_sent=34320 (0.6%) pool=240 preds=143 wo=587 core=3
KM_MSGPROF sender ctx=106 root=false query=None pred_sent=31065 (0.5%) pool=285 preds=109 wo=679 core=3
KM_PROF[time-ms] msgloop pred_payload=393.1 pred_arrival=56934.1 propagate=2036.1 | add_clause=52454.9 (lookup=663.8 fwdsub=49178.8 backsub=376.8 index=1241.8) hyper=608.0 subsume=1255.8 pred_local=1560.5
KM_PROF msgloop guard=2680000 contexts=1317 msgs_pending=0 saturate_calls=920 succ=90770 pred=2589229 ground_wo=0
KM_MSGPROF arrivals dup=0 empty_join=0 conclusions=2651355 conclusions_new=2636171 (99.43% new) | arena[succ]=84764 arena[root]=12277 pred_interned=63499 ctx_clause_slots=3159715
KM_MSGPROF sender ctx=2 root=false query=None pred_sent=770232 (13.3%) pool=885 preds=938 wo=38272 core=2
KM_MSGPROF sender ctx=3 root=false query=None pred_sent=600032 (10.4%) pool=700 preds=938 wo=33670 core=2
KM_MSGPROF sender ctx=4 root=false query=None pred_sent=521784 (9.0%) pool=804 preds=717 wo=37763 core=2
KM_MSGPROF sender ctx=5 root=false query=None pred_sent=461064 (8.0%) pool=716 preds=717 wo=39231 core=2
KM_MSGPROF sender ctx=6 root=false query=None pred_sent=457432 (7.9%) pool=545 preds=938 wo=28517 core=2
KM_MSGPROF sender ctx=1 root=false query=None pred_sent=457432 (7.9%) pool=545 preds=938 wo=28517 core=2
KM_MSGPROF sender ctx=18 root=false query=None pred_sent=34320 (0.6%) pool=240 preds=143 wo=587 core=3
KM_MSGPROF sender ctx=106 root=false query=None pred_sent=31065 (0.5%) pool=285 preds=109 wo=679 core=3
KM_PROF[time-ms] msgloop pred_payload=394.8 pred_arrival=57112.4 propagate=2036.1 | add_clause=52597.2 (lookup=667.0 fwdsub=49303.5 backsub=378.8 index=1247.8) hyper=608.0 subsume=1255.8 pred_local=1560.5
KM_PROF msgloop guard=2700000 contexts=1317 msgs_pending=0 saturate_calls=920 succ=90770 pred=2609229 ground_wo=0
KM_MSGPROF arrivals dup=0 empty_join=0 conclusions=2671355 conclusions_new=2656171 (99.43% new) | arena[succ]=84764 arena[root]=12277 pred_interned=63499 ctx_clause_slots=3179715
KM_MSGPROF sender ctx=2 root=false query=None pred_sent=770232 (13.3%) pool=885 preds=938 wo=38272 core=2
KM_MSGPROF sender ctx=3 root=false query=None pred_sent=600032 (10.4%) pool=700 preds=938 wo=33670 core=2
KM_MSGPROF sender ctx=4 root=false query=None pred_sent=521784 (9.0%) pool=804 preds=717 wo=37763 core=2
KM_MSGPROF sender ctx=5 root=false query=None pred_sent=461064 (8.0%) pool=716 preds=717 wo=39231 core=2
KM_MSGPROF sender ctx=6 root=false query=None pred_sent=457432 (7.9%) pool=545 preds=938 wo=28517 core=2
KM_MSGPROF sender ctx=1 root=false query=None pred_sent=457432 (7.9%) pool=545 preds=938 wo=28517 core=2
KM_MSGPROF sender ctx=18 root=false query=None pred_sent=34320 (0.6%) pool=240 preds=143 wo=587 core=3
KM_MSGPROF sender ctx=106 root=false query=None pred_sent=31065 (0.5%) pool=285 preds=109 wo=679 core=3
KM_PROF[time-ms] msgloop pred_payload=396.5 pred_arrival=57310.1 propagate=2036.1 | add_clause=52760.5 (lookup=670.1 fwdsub=49449.6 backsub=380.7 index=1254.0) hyper=608.0 subsume=1255.8 pred_local=1560.5
KM_PROF msgloop guard=2720000 contexts=1317 msgs_pending=0 saturate_calls=920 succ=90770 pred=2629229 ground_wo=0
KM_MSGPROF arrivals dup=0 empty_join=0 conclusions=2691355 conclusions_new=2676171 (99.44% new) | arena[succ]=84764 arena[root]=12277 pred_interned=63499 ctx_clause_slots=3199715
KM_MSGPROF sender ctx=2 root=false query=None pred_sent=770232 (13.3%) pool=885 preds=938 wo=38272 core=2
KM_MSGPROF sender ctx=3 root=false query=None pred_sent=600032 (10.4%) pool=700 preds=938 wo=33670 core=2
KM_MSGPROF sender ctx=4 root=false query=None pred_sent=521784 (9.0%) pool=804 preds=717 wo=37763 core=2
KM_MSGPROF sender ctx=5 root=false query=None pred_sent=461064 (8.0%) pool=716 preds=717 wo=39231 core=2
KM_MSGPROF sender ctx=6 root=false query=None pred_sent=457432 (7.9%) pool=545 preds=938 wo=28517 core=2
KM_MSGPROF sender ctx=1 root=false query=None pred_sent=457432 (7.9%) pool=545 preds=938 wo=28517 core=2
KM_MSGPROF sender ctx=18 root=false query=None pred_sent=34320 (0.6%) pool=240 preds=143 wo=587 core=3
KM_MSGPROF sender ctx=106 root=false query=None pred_sent=31065 (0.5%) pool=285 preds=109 wo=679 core=3
KM_PROF[time-ms] msgloop pred_payload=398.3 pred_arrival=57534.8 propagate=2036.1 | add_clause=52949.4 (lookup=673.5 fwdsub=49620.4 backsub=383.0 index=1259.8) hyper=608.0 subsume=1255.8 pred_local=1560.5
KM_PROF msgloop guard=2740000 contexts=1317 msgs_pending=0 saturate_calls=920 succ=90770 pred=2649229 ground_wo=0
KM_MSGPROF arrivals dup=0 empty_join=0 conclusions=2711355 conclusions_new=2696171 (99.44% new) | arena[succ]=84764 arena[root]=12277 pred_interned=63499 ctx_clause_slots=3219715
KM_MSGPROF sender ctx=2 root=false query=None pred_sent=770232 (13.3%) pool=885 preds=938 wo=38272 core=2
KM_MSGPROF sender ctx=3 root=false query=None pred_sent=600032 (10.4%) pool=700 preds=938 wo=33670 core=2
KM_MSGPROF sender ctx=4 root=false query=None pred_sent=521784 (9.0%) pool=804 preds=717 wo=37763 core=2
KM_MSGPROF sender ctx=5 root=false query=None pred_sent=461064 (8.0%) pool=716 preds=717 wo=39231 core=2
KM_MSGPROF sender ctx=6 root=false query=None pred_sent=457432 (7.9%) pool=545 preds=938 wo=28517 core=2
KM_MSGPROF sender ctx=1 root=false query=None pred_sent=457432 (7.9%) pool=545 preds=938 wo=28517 core=2
KM_MSGPROF sender ctx=18 root=false query=None pred_sent=34320 (0.6%) pool=240 preds=143 wo=587 core=3
KM_MSGPROF sender ctx=106 root=false query=None pred_sent=31065 (0.5%) pool=285 preds=109 wo=679 core=3
KM_PROF[time-ms] msgloop pred_payload=400.5 pred_arrival=57789.9 propagate=2036.1 | add_clause=53169.1 (lookup=677.0 fwdsub=49821.6 backsub=385.3 index=1266.1) hyper=608.0 subsume=1255.8 pred_local=1560.5
KM_PROF msgloop guard=2760000 contexts=1317 msgs_pending=0 saturate_calls=920 succ=90770 pred=2669229 ground_wo=0
KM_MSGPROF arrivals dup=0 empty_join=0 conclusions=2731355 conclusions_new=2716171 (99.44% new) | arena[succ]=84764 arena[root]=12277 pred_interned=63499 ctx_clause_slots=3239715
KM_MSGPROF sender ctx=2 root=false query=None pred_sent=770232 (13.3%) pool=885 preds=938 wo=38272 core=2
KM_MSGPROF sender ctx=3 root=false query=None pred_sent=600032 (10.4%) pool=700 preds=938 wo=33670 core=2
KM_MSGPROF sender ctx=4 root=false query=None pred_sent=521784 (9.0%) pool=804 preds=717 wo=37763 core=2
KM_MSGPROF sender ctx=5 root=false query=None pred_sent=461064 (8.0%) pool=716 preds=717 wo=39231 core=2
KM_MSGPROF sender ctx=6 root=false query=None pred_sent=457432 (7.9%) pool=545 preds=938 wo=28517 core=2
KM_MSGPROF sender ctx=1 root=false query=None pred_sent=457432 (7.9%) pool=545 preds=938 wo=28517 core=2
KM_MSGPROF sender ctx=18 root=false query=None pred_sent=34320 (0.6%) pool=240 preds=143 wo=587 core=3
KM_MSGPROF sender ctx=106 root=false query=None pred_sent=31065 (0.5%) pool=285 preds=109 wo=679 core=3
KM_PROF[time-ms] msgloop pred_payload=403.4 pred_arrival=58081.2 propagate=2036.1 | add_clause=53424.1 (lookup=680.8 fwdsub=50057.0 backsub=387.9 index=1272.9) hyper=608.0 subsume=1255.8 pred_local=1560.5
KM_PROF msgloop guard=2780000 contexts=1317 msgs_pending=0 saturate_calls=920 succ=90770 pred=2689229 ground_wo=0
KM_MSGPROF arrivals dup=0 empty_join=0 conclusions=2751519 conclusions_new=2736335 (99.45% new) | arena[succ]=84800 arena[root]=12290 pred_interned=63515 ctx_clause_slots=3259879
KM_MSGPROF sender ctx=2 root=false query=None pred_sent=770232 (13.3%) pool=885 preds=938 wo=38272 core=2
KM_MSGPROF sender ctx=3 root=false query=None pred_sent=600032 (10.4%) pool=700 preds=938 wo=33670 core=2
KM_MSGPROF sender ctx=4 root=false query=None pred_sent=521784 (9.0%) pool=804 preds=717 wo=37763 core=2
KM_MSGPROF sender ctx=5 root=false query=None pred_sent=461064 (8.0%) pool=716 preds=717 wo=39231 core=2
KM_MSGPROF sender ctx=6 root=false query=None pred_sent=457432 (7.9%) pool=545 preds=938 wo=28517 core=2
KM_MSGPROF sender ctx=1 root=false query=None pred_sent=457432 (7.9%) pool=545 preds=938 wo=28517 core=2
KM_MSGPROF sender ctx=18 root=false query=None pred_sent=34320 (0.6%) pool=240 preds=143 wo=587 core=3
KM_MSGPROF sender ctx=106 root=false query=None pred_sent=31065 (0.5%) pool=285 preds=109 wo=679 core=3
KM_PROF[time-ms] msgloop pred_payload=406.7 pred_arrival=58405.4 propagate=2036.1 | add_clause=53708.8 (lookup=684.7 fwdsub=50320.7 backsub=390.6 index=1280.6) hyper=608.0 subsume=1255.8 pred_local=1560.5
KM_PROF msgloop guard=2800000 contexts=1317 msgs_pending=0 saturate_calls=920 succ=90770 pred=2709229 ground_wo=0
KM_MSGPROF arrivals dup=0 empty_join=0 conclusions=2772605 conclusions_new=2757421 (99.45% new) | arena[succ]=84989 arena[root]=12377 pred_interned=63599 ctx_clause_slots=3280965
KM_MSGPROF sender ctx=2 root=false query=None pred_sent=770232 (13.3%) pool=885 preds=938 wo=38272 core=2
KM_MSGPROF sender ctx=3 root=false query=None pred_sent=600032 (10.4%) pool=700 preds=938 wo=33670 core=2
KM_MSGPROF sender ctx=4 root=false query=None pred_sent=521784 (9.0%) pool=804 preds=717 wo=37763 core=2
KM_MSGPROF sender ctx=5 root=false query=None pred_sent=461064 (8.0%) pool=716 preds=717 wo=39231 core=2
KM_MSGPROF sender ctx=6 root=false query=None pred_sent=457432 (7.9%) pool=545 preds=938 wo=28517 core=2
KM_MSGPROF sender ctx=1 root=false query=None pred_sent=457432 (7.9%) pool=545 preds=938 wo=28517 core=2
KM_MSGPROF sender ctx=18 root=false query=None pred_sent=34320 (0.6%) pool=240 preds=143 wo=587 core=3
KM_MSGPROF sender ctx=106 root=false query=None pred_sent=31065 (0.5%) pool=285 preds=109 wo=679 core=3
KM_PROF[time-ms] msgloop pred_payload=410.9 pred_arrival=58764.7 propagate=2036.1 | add_clause=54026.1 (lookup=689.1 fwdsub=50615.4 backsub=393.6 index=1288.0) hyper=608.0 subsume=1255.8 pred_local=1560.5
KM_PROF msgloop guard=2820000 contexts=1317 msgs_pending=0 saturate_calls=920 succ=90770 pred=2729229 ground_wo=0
KM_MSGPROF arrivals dup=0 empty_join=0 conclusions=2793698 conclusions_new=2778514 (99.46% new) | arena[succ]=85187 arena[root]=12465 pred_interned=63687 ctx_clause_slots=3302058
KM_MSGPROF sender ctx=2 root=false query=None pred_sent=770232 (13.3%) pool=885 preds=938 wo=38272 core=2
KM_MSGPROF sender ctx=3 root=false query=None pred_sent=600032 (10.4%) pool=700 preds=938 wo=33670 core=2
KM_MSGPROF sender ctx=4 root=false query=None pred_sent=521784 (9.0%) pool=804 preds=717 wo=37763 core=2
KM_MSGPROF sender ctx=5 root=false query=None pred_sent=461064 (8.0%) pool=716 preds=717 wo=39231 core=2
KM_MSGPROF sender ctx=6 root=false query=None pred_sent=457432 (7.9%) pool=545 preds=938 wo=28517 core=2
KM_MSGPROF sender ctx=1 root=false query=None pred_sent=457432 (7.9%) pool=545 preds=938 wo=28517 core=2
KM_MSGPROF sender ctx=18 root=false query=None pred_sent=34320 (0.6%) pool=240 preds=143 wo=587 core=3
KM_MSGPROF sender ctx=106 root=false query=None pred_sent=31065 (0.5%) pool=285 preds=109 wo=679 core=3
KM_PROF[time-ms] msgloop pred_payload=415.4 pred_arrival=59160.0 propagate=2036.1 | add_clause=54377.7 (lookup=693.6 fwdsub=50943.7 backsub=396.7 index=1295.3) hyper=608.0 subsume=1255.8 pred_local=1560.5
KM_PROF msgloop guard=2840000 contexts=1317 msgs_pending=0 saturate_calls=920 succ=90770 pred=2749229 ground_wo=0
KM_MSGPROF arrivals dup=0 empty_join=0 conclusions=2814786 conclusions_new=2799602 (99.46% new) | arena[succ]=85385 arena[root]=12551 pred_interned=63775 ctx_clause_slots=3323146
KM_MSGPROF sender ctx=2 root=false query=None pred_sent=770232 (13.3%) pool=885 preds=938 wo=38272 core=2
KM_MSGPROF sender ctx=3 root=false query=None pred_sent=600032 (10.4%) pool=700 preds=938 wo=33670 core=2
KM_MSGPROF sender ctx=4 root=false query=None pred_sent=521784 (9.0%) pool=804 preds=717 wo=37763 core=2
KM_MSGPROF sender ctx=5 root=false query=None pred_sent=461064 (8.0%) pool=716 preds=717 wo=39231 core=2
KM_MSGPROF sender ctx=6 root=false query=None pred_sent=457432 (7.9%) pool=545 preds=938 wo=28517 core=2
KM_MSGPROF sender ctx=1 root=false query=None pred_sent=457432 (7.9%) pool=545 preds=938 wo=28517 core=2
KM_MSGPROF sender ctx=18 root=false query=None pred_sent=34320 (0.6%) pool=240 preds=143 wo=587 core=3
KM_MSGPROF sender ctx=106 root=false query=None pred_sent=31065 (0.5%) pool=285 preds=109 wo=679 core=3
KM_PROF[time-ms] msgloop pred_payload=419.7 pred_arrival=59598.3 propagate=2036.1 | add_clause=54771.9 (lookup=698.1 fwdsub=51314.1 backsub=399.9 index=1303.0) hyper=608.0 subsume=1255.8 pred_local=1560.5
KM_PROF msgloop guard=2860000 contexts=1317 msgs_pending=0 saturate_calls=920 succ=90770 pred=2769229 ground_wo=0
KM_MSGPROF arrivals dup=0 empty_join=0 conclusions=2835865 conclusions_new=2820681 (99.46% new) | arena[succ]=85583 arena[root]=12638 pred_interned=63863 ctx_clause_slots=3344225
KM_MSGPROF sender ctx=2 root=false query=None pred_sent=770232 (13.3%) pool=885 preds=938 wo=38272 core=2
KM_MSGPROF sender ctx=3 root=false query=None pred_sent=600032 (10.4%) pool=700 preds=938 wo=33670 core=2
KM_MSGPROF sender ctx=4 root=false query=None pred_sent=521784 (9.0%) pool=804 preds=717 wo=37763 core=2
KM_MSGPROF sender ctx=5 root=false query=None pred_sent=461064 (8.0%) pool=716 preds=717 wo=39231 core=2
KM_MSGPROF sender ctx=6 root=false query=None pred_sent=457432 (7.9%) pool=545 preds=938 wo=28517 core=2
KM_MSGPROF sender ctx=1 root=false query=None pred_sent=457432 (7.9%) pool=545 preds=938 wo=28517 core=2
KM_MSGPROF sender ctx=18 root=false query=None pred_sent=34320 (0.6%) pool=240 preds=143 wo=587 core=3
KM_MSGPROF sender ctx=106 root=false query=None pred_sent=31065 (0.5%) pool=285 preds=109 wo=679 core=3
KM_PROF[time-ms] msgloop pred_payload=424.1 pred_arrival=60085.5 propagate=2036.1 | add_clause=55213.8 (lookup=702.7 fwdsub=51731.7 backsub=403.1 index=1311.0) hyper=608.0 subsume=1255.8 pred_local=1560.5
KM_PROF msgloop guard=2880000 contexts=1317 msgs_pending=0 saturate_calls=920 succ=90770 pred=2789229 ground_wo=0
KM_MSGPROF arrivals dup=0 empty_join=0 conclusions=2856952 conclusions_new=2841768 (99.47% new) | arena[succ]=85772 arena[root]=12725 pred_interned=63947 ctx_clause_slots=3365312
KM_MSGPROF sender ctx=2 root=false query=None pred_sent=770232 (13.3%) pool=885 preds=938 wo=38272 core=2
KM_MSGPROF sender ctx=3 root=false query=None pred_sent=600032 (10.4%) pool=700 preds=938 wo=33670 core=2
KM_MSGPROF sender ctx=4 root=false query=None pred_sent=521784 (9.0%) pool=804 preds=717 wo=37763 core=2
KM_MSGPROF sender ctx=5 root=false query=None pred_sent=461064 (8.0%) pool=716 preds=717 wo=39231 core=2
KM_MSGPROF sender ctx=6 root=false query=None pred_sent=457432 (7.9%) pool=545 preds=938 wo=28517 core=2
KM_MSGPROF sender ctx=1 root=false query=None pred_sent=457432 (7.9%) pool=545 preds=938 wo=28517 core=2
KM_MSGPROF sender ctx=18 root=false query=None pred_sent=34320 (0.6%) pool=240 preds=143 wo=587 core=3
KM_MSGPROF sender ctx=106 root=false query=None pred_sent=31065 (0.5%) pool=285 preds=109 wo=679 core=3
KM_PROF[time-ms] msgloop pred_payload=428.4 pred_arrival=60622.0 propagate=2036.1 | add_clause=55704.1 (lookup=707.3 fwdsub=52197.2 backsub=406.3 index=1319.5) hyper=608.0 subsume=1255.8 pred_local=1560.5
KM_PROF msgloop guard=2900000 contexts=1317 msgs_pending=0 saturate_calls=920 succ=90770 pred=2809229 ground_wo=0
KM_MSGPROF arrivals dup=0 empty_join=0 conclusions=2878046 conclusions_new=2862862 (99.47% new) | arena[succ]=85970 arena[root]=12812 pred_interned=64035 ctx_clause_slots=3386406
KM_MSGPROF sender ctx=2 root=false query=None pred_sent=770232 (13.3%) pool=885 preds=938 wo=38272 core=2
KM_MSGPROF sender ctx=3 root=false query=None pred_sent=600032 (10.4%) pool=700 preds=938 wo=33670 core=2
KM_MSGPROF sender ctx=4 root=false query=None pred_sent=521784 (9.0%) pool=804 preds=717 wo=37763 core=2
KM_MSGPROF sender ctx=5 root=false query=None pred_sent=461064 (8.0%) pool=716 preds=717 wo=39231 core=2
KM_MSGPROF sender ctx=6 root=false query=None pred_sent=457432 (7.9%) pool=545 preds=938 wo=28517 core=2
KM_MSGPROF sender ctx=1 root=false query=None pred_sent=457432 (7.9%) pool=545 preds=938 wo=28517 core=2
KM_MSGPROF sender ctx=18 root=false query=None pred_sent=34320 (0.6%) pool=240 preds=143 wo=587 core=3
KM_MSGPROF sender ctx=106 root=false query=None pred_sent=31065 (0.5%) pool=285 preds=109 wo=679 core=3
KM_PROF[time-ms] msgloop pred_payload=432.9 pred_arrival=61195.6 propagate=2036.1 | add_clause=56231.7 (lookup=712.0 fwdsub=52700.3 backsub=409.6 index=1327.6) hyper=608.0 subsume=1255.8 pred_local=1560.5
KM_PROF msgloop guard=2920000 contexts=1317 msgs_pending=0 saturate_calls=920 succ=90770 pred=2829229 ground_wo=0
KM_MSGPROF arrivals dup=0 empty_join=0 conclusions=2899132 conclusions_new=2883948 (99.48% new) | arena[succ]=86168 arena[root]=12899 pred_interned=64123 ctx_clause_slots=3407492
KM_MSGPROF sender ctx=2 root=false query=None pred_sent=770232 (13.3%) pool=885 preds=938 wo=38272 core=2
KM_MSGPROF sender ctx=3 root=false query=None pred_sent=600032 (10.4%) pool=700 preds=938 wo=33670 core=2
KM_MSGPROF sender ctx=4 root=false query=None pred_sent=521784 (9.0%) pool=804 preds=717 wo=37763 core=2
KM_MSGPROF sender ctx=5 root=false query=None pred_sent=461064 (8.0%) pool=716 preds=717 wo=39231 core=2
KM_MSGPROF sender ctx=6 root=false query=None pred_sent=457432 (7.9%) pool=545 preds=938 wo=28517 core=2
KM_MSGPROF sender ctx=1 root=false query=None pred_sent=457432 (7.9%) pool=545 preds=938 wo=28517 core=2
KM_MSGPROF sender ctx=18 root=false query=None pred_sent=34320 (0.6%) pool=240 preds=143 wo=587 core=3
KM_MSGPROF sender ctx=106 root=false query=None pred_sent=31065 (0.5%) pool=285 preds=109 wo=679 core=3
KM_PROF[time-ms] msgloop pred_payload=437.6 pred_arrival=61807.6 propagate=2036.1 | add_clause=56796.4 (lookup=716.7 fwdsub=53239.8 backsub=413.0 index=1336.2) hyper=608.0 subsume=1255.8 pred_local=1560.5
KM_PROF msgloop guard=2940000 contexts=1317 msgs_pending=0 saturate_calls=920 succ=90770 pred=2849229 ground_wo=0
KM_MSGPROF arrivals dup=0 empty_join=0 conclusions=2920213 conclusions_new=2905029 (99.48% new) | arena[succ]=86366 arena[root]=12986 pred_interned=64211 ctx_clause_slots=3428573
KM_MSGPROF sender ctx=2 root=false query=None pred_sent=770232 (13.3%) pool=885 preds=938 wo=38272 core=2
KM_MSGPROF sender ctx=3 root=false query=None pred_sent=600032 (10.4%) pool=700 preds=938 wo=33670 core=2
KM_MSGPROF sender ctx=4 root=false query=None pred_sent=521784 (9.0%) pool=804 preds=717 wo=37763 core=2
KM_MSGPROF sender ctx=5 root=false query=None pred_sent=461064 (8.0%) pool=716 preds=717 wo=39231 core=2
KM_MSGPROF sender ctx=6 root=false query=None pred_sent=457432 (7.9%) pool=545 preds=938 wo=28517 core=2
KM_MSGPROF sender ctx=1 root=false query=None pred_sent=457432 (7.9%) pool=545 preds=938 wo=28517 core=2
KM_MSGPROF sender ctx=18 root=false query=None pred_sent=34320 (0.6%) pool=240 preds=143 wo=587 core=3
KM_MSGPROF sender ctx=106 root=false query=None pred_sent=31065 (0.5%) pool=285 preds=109 wo=679 core=3
KM_PROF[time-ms] msgloop pred_payload=442.3 pred_arrival=62465.5 propagate=2036.1 | add_clause=57405.9 (lookup=721.5 fwdsub=53823.5 backsub=416.6 index=1344.5) hyper=608.0 subsume=1255.8 pred_local=1560.5
KM_PROF msgloop guard=2960000 contexts=1317 msgs_pending=0 saturate_calls=920 succ=90770 pred=2869229 ground_wo=0
KM_MSGPROF arrivals dup=0 empty_join=0 conclusions=2941301 conclusions_new=2926117 (99.48% new) | arena[succ]=86555 arena[root]=13073 pred_interned=64295 ctx_clause_slots=3449661
KM_MSGPROF sender ctx=2 root=false query=None pred_sent=770232 (13.3%) pool=885 preds=938 wo=38272 core=2
KM_MSGPROF sender ctx=3 root=false query=None pred_sent=600032 (10.4%) pool=700 preds=938 wo=33670 core=2
KM_MSGPROF sender ctx=4 root=false query=None pred_sent=521784 (9.0%) pool=804 preds=717 wo=37763 core=2
KM_MSGPROF sender ctx=5 root=false query=None pred_sent=461064 (8.0%) pool=716 preds=717 wo=39231 core=2
KM_MSGPROF sender ctx=6 root=false query=None pred_sent=457432 (7.9%) pool=545 preds=938 wo=28517 core=2
KM_MSGPROF sender ctx=1 root=false query=None pred_sent=457432 (7.9%) pool=545 preds=938 wo=28517 core=2
KM_MSGPROF sender ctx=18 root=false query=None pred_sent=34320 (0.6%) pool=240 preds=143 wo=587 core=3
KM_MSGPROF sender ctx=106 root=false query=None pred_sent=31065 (0.5%) pool=285 preds=109 wo=679 core=3
KM_PROF[time-ms] msgloop pred_payload=446.7 pred_arrival=63160.0 propagate=2036.1 | add_clause=58051.8 (lookup=726.3 fwdsub=54443.7 backsub=420.1 index=1353.2) hyper=608.0 subsume=1255.8 pred_local=1560.5
KM_PROF msgloop guard=2980000 contexts=1317 msgs_pending=0 saturate_calls=920 succ=90770 pred=2889229 ground_wo=0
KM_MSGPROF arrivals dup=0 empty_join=0 conclusions=2962392 conclusions_new=2947208 (99.49% new) | arena[succ]=86753 arena[root]=13160 pred_interned=64383 ctx_clause_slots=3470752
KM_MSGPROF sender ctx=2 root=false query=None pred_sent=770232 (13.3%) pool=885 preds=938 wo=38272 core=2
KM_MSGPROF sender ctx=3 root=false query=None pred_sent=600032 (10.4%) pool=700 preds=938 wo=33670 core=2
KM_MSGPROF sender ctx=4 root=false query=None pred_sent=521784 (9.0%) pool=804 preds=717 wo=37763 core=2
KM_MSGPROF sender ctx=5 root=false query=None pred_sent=461064 (8.0%) pool=716 preds=717 wo=39231 core=2
KM_MSGPROF sender ctx=6 root=false query=None pred_sent=457432 (7.9%) pool=545 preds=938 wo=28517 core=2
KM_MSGPROF sender ctx=1 root=false query=None pred_sent=457432 (7.9%) pool=545 preds=938 wo=28517 core=2
KM_MSGPROF sender ctx=18 root=false query=None pred_sent=34320 (0.6%) pool=240 preds=143 wo=587 core=3
KM_MSGPROF sender ctx=106 root=false query=None pred_sent=31065 (0.5%) pool=285 preds=109 wo=679 core=3
KM_PROF[time-ms] msgloop pred_payload=451.6 pred_arrival=63901.7 propagate=2036.1 | add_clause=58743.6 (lookup=731.1 fwdsub=55105.9 backsub=423.7 index=1365.2) hyper=608.0 subsume=1255.8 pred_local=1560.5
KM_PROF msgloop guard=3000000 contexts=1317 msgs_pending=0 saturate_calls=920 succ=94205 pred=2905794 ground_wo=0
KM_MSGPROF arrivals dup=0 empty_join=0 conclusions=2979736 conclusions_new=2964344 (99.48% new) | arena[succ]=86888 arena[root]=13221 pred_interned=64635 ctx_clause_slots=3488080
KM_MSGPROF sender ctx=2 root=false query=None pred_sent=770232 (13.3%) pool=885 preds=940 wo=38272 core=2
KM_MSGPROF sender ctx=3 root=false query=None pred_sent=600032 (10.4%) pool=700 preds=940 wo=33670 core=2
KM_MSGPROF sender ctx=4 root=false query=None pred_sent=521784 (9.0%) pool=804 preds=720 wo=37763 core=2
KM_MSGPROF sender ctx=5 root=false query=None pred_sent=461064 (8.0%) pool=716 preds=720 wo=39231 core=2
KM_MSGPROF sender ctx=6 root=false query=None pred_sent=457432 (7.9%) pool=545 preds=940 wo=28517 core=2
KM_MSGPROF sender ctx=1 root=false query=None pred_sent=457432 (7.9%) pool=545 preds=940 wo=28517 core=2
KM_MSGPROF sender ctx=18 root=false query=None pred_sent=34320 (0.6%) pool=240 preds=143 wo=587 core=3
KM_MSGPROF sender ctx=106 root=false query=None pred_sent=31065 (0.5%) pool=285 preds=109 wo=679 core=3
KM_PROF[time-ms] msgloop pred_payload=454.4 pred_arrival=64579.4 propagate=2036.1 | add_clause=59379.8 (lookup=735.6 fwdsub=55716.7 backsub=428.1 index=1374.2) hyper=608.0 subsume=1255.8 pred_local=1560.5
KM_PROF msgloop guard=3020000 contexts=1317 msgs_pending=0 saturate_calls=920 succ=94205 pred=2925794 ground_wo=0
KM_MSGPROF arrivals dup=0 empty_join=0 conclusions=2999736 conclusions_new=2983030 (99.44% new) | arena[succ]=86888 arena[root]=13221 pred_interned=64635 ctx_clause_slots=3506766
KM_MSGPROF sender ctx=2 root=false query=None pred_sent=770232 (13.3%) pool=885 preds=940 wo=38272 core=2
KM_MSGPROF sender ctx=3 root=false query=None pred_sent=600032 (10.4%) pool=700 preds=940 wo=33670 core=2
KM_MSGPROF sender ctx=4 root=false query=None pred_sent=521784 (9.0%) pool=804 preds=720 wo=37763 core=2
KM_MSGPROF sender ctx=5 root=false query=None pred_sent=461064 (8.0%) pool=716 preds=720 wo=39231 core=2
KM_MSGPROF sender ctx=6 root=false query=None pred_sent=457432 (7.9%) pool=545 preds=940 wo=28517 core=2
KM_MSGPROF sender ctx=1 root=false query=None pred_sent=457432 (7.9%) pool=545 preds=940 wo=28517 core=2
KM_MSGPROF sender ctx=18 root=false query=None pred_sent=34320 (0.6%) pool=240 preds=143 wo=587 core=3
KM_MSGPROF sender ctx=106 root=false query=None pred_sent=31065 (0.5%) pool=285 preds=109 wo=679 core=3
KM_PROF[time-ms] msgloop pred_payload=456.0 pred_arrival=64649.8 propagate=2036.1 | add_clause=59414.5 (lookup=738.8 fwdsub=55733.8 backsub=429.8 index=1380.7) hyper=608.0 subsume=1255.8 pred_local=1560.5
KM_PROF msgloop guard=3040000 contexts=1317 msgs_pending=0 saturate_calls=920 succ=94205 pred=2945794 ground_wo=0
KM_MSGPROF arrivals dup=0 empty_join=0 conclusions=3019736 conclusions_new=3003030 (99.45% new) | arena[succ]=86888 arena[root]=13221 pred_interned=64635 ctx_clause_slots=3526766
KM_MSGPROF sender ctx=2 root=false query=None pred_sent=770232 (13.3%) pool=885 preds=940 wo=38272 core=2
KM_MSGPROF sender ctx=3 root=false query=None pred_sent=600032 (10.4%) pool=700 preds=940 wo=33670 core=2
KM_MSGPROF sender ctx=4 root=false query=None pred_sent=521784 (9.0%) pool=804 preds=720 wo=37763 core=2
KM_MSGPROF sender ctx=5 root=false query=None pred_sent=461064 (8.0%) pool=716 preds=720 wo=39231 core=2
KM_MSGPROF sender ctx=6 root=false query=None pred_sent=457432 (7.9%) pool=545 preds=940 wo=28517 core=2
KM_MSGPROF sender ctx=1 root=false query=None pred_sent=457432 (7.9%) pool=545 preds=940 wo=28517 core=2
KM_MSGPROF sender ctx=18 root=false query=None pred_sent=34320 (0.6%) pool=240 preds=143 wo=587 core=3
KM_MSGPROF sender ctx=106 root=false query=None pred_sent=31065 (0.5%) pool=285 preds=109 wo=679 core=3
KM_PROF[time-ms] msgloop pred_payload=457.6 pred_arrival=64733.5 propagate=2036.1 | add_clause=59463.6 (lookup=741.8 fwdsub=55765.1 backsub=431.9 index=1386.5) hyper=608.0 subsume=1255.8 pred_local=1560.5
KM_PROF msgloop guard=3060000 contexts=1317 msgs_pending=0 saturate_calls=920 succ=94205 pred=2965794 ground_wo=0
KM_MSGPROF arrivals dup=0 empty_join=0 conclusions=3039736 conclusions_new=3023030 (99.45% new) | arena[succ]=86888 arena[root]=13221 pred_interned=64635 ctx_clause_slots=3546766
KM_MSGPROF sender ctx=2 root=false query=None pred_sent=770232 (13.3%) pool=885 preds=940 wo=38272 core=2
KM_MSGPROF sender ctx=3 root=false query=None pred_sent=600032 (10.4%) pool=700 preds=940 wo=33670 core=2
KM_MSGPROF sender ctx=4 root=false query=None pred_sent=521784 (9.0%) pool=804 preds=720 wo=37763 core=2
KM_MSGPROF sender ctx=5 root=false query=None pred_sent=461064 (8.0%) pool=716 preds=720 wo=39231 core=2
KM_MSGPROF sender ctx=6 root=false query=None pred_sent=457432 (7.9%) pool=545 preds=940 wo=28517 core=2
KM_MSGPROF sender ctx=1 root=false query=None pred_sent=457432 (7.9%) pool=545 preds=940 wo=28517 core=2
KM_MSGPROF sender ctx=18 root=false query=None pred_sent=34320 (0.6%) pool=240 preds=143 wo=587 core=3
KM_MSGPROF sender ctx=106 root=false query=None pred_sent=31065 (0.5%) pool=285 preds=109 wo=679 core=3
KM_PROF[time-ms] msgloop pred_payload=459.2 pred_arrival=64840.2 propagate=2036.1 | add_clause=59535.5 (lookup=744.9 fwdsub=55819.5 backsub=433.9 index=1392.7) hyper=608.0 subsume=1255.8 pred_local=1560.5
KM_PROF msgloop guard=3080000 contexts=1317 msgs_pending=0 saturate_calls=920 succ=94205 pred=2985794 ground_wo=0
KM_MSGPROF arrivals dup=0 empty_join=0 conclusions=3059736 conclusions_new=3043030 (99.45% new) | arena[succ]=86888 arena[root]=13221 pred_interned=64635 ctx_clause_slots=3566766
KM_MSGPROF sender ctx=2 root=false query=None pred_sent=770232 (13.3%) pool=885 preds=940 wo=38272 core=2
KM_MSGPROF sender ctx=3 root=false query=None pred_sent=600032 (10.4%) pool=700 preds=940 wo=33670 core=2
KM_MSGPROF sender ctx=4 root=false query=None pred_sent=521784 (9.0%) pool=804 preds=720 wo=37763 core=2
KM_MSGPROF sender ctx=5 root=false query=None pred_sent=461064 (8.0%) pool=716 preds=720 wo=39231 core=2
KM_MSGPROF sender ctx=6 root=false query=None pred_sent=457432 (7.9%) pool=545 preds=940 wo=28517 core=2
KM_MSGPROF sender ctx=1 root=false query=None pred_sent=457432 (7.9%) pool=545 preds=940 wo=28517 core=2
KM_MSGPROF sender ctx=18 root=false query=None pred_sent=34320 (0.6%) pool=240 preds=143 wo=587 core=3
KM_MSGPROF sender ctx=106 root=false query=None pred_sent=31065 (0.5%) pool=285 preds=109 wo=679 core=3
KM_PROF[time-ms] msgloop pred_payload=460.9 pred_arrival=64969.3 propagate=2036.1 | add_clause=59629.9 (lookup=747.9 fwdsub=55896.4 backsub=435.9 index=1398.7) hyper=608.0 subsume=1255.8 pred_local=1560.5
KM_PROF msgloop guard=3100000 contexts=1317 msgs_pending=0 saturate_calls=920 succ=94205 pred=3005794 ground_wo=0
KM_MSGPROF arrivals dup=0 empty_join=0 conclusions=3079736 conclusions_new=3063030 (99.46% new) | arena[succ]=86888 arena[root]=13221 pred_interned=64635 ctx_clause_slots=3586766
KM_MSGPROF sender ctx=2 root=false query=None pred_sent=770232 (13.3%) pool=885 preds=940 wo=38272 core=2
KM_MSGPROF sender ctx=3 root=false query=None pred_sent=600032 (10.4%) pool=700 preds=940 wo=33670 core=2
KM_MSGPROF sender ctx=4 root=false query=None pred_sent=521784 (9.0%) pool=804 preds=720 wo=37763 core=2
KM_MSGPROF sender ctx=5 root=false query=None pred_sent=461064 (8.0%) pool=716 preds=720 wo=39231 core=2
KM_MSGPROF sender ctx=6 root=false query=None pred_sent=457432 (7.9%) pool=545 preds=940 wo=28517 core=2
KM_MSGPROF sender ctx=1 root=false query=None pred_sent=457432 (7.9%) pool=545 preds=940 wo=28517 core=2
KM_MSGPROF sender ctx=18 root=false query=None pred_sent=34320 (0.6%) pool=240 preds=143 wo=587 core=3
KM_MSGPROF sender ctx=106 root=false query=None pred_sent=31065 (0.5%) pool=285 preds=109 wo=679 core=3
KM_PROF[time-ms] msgloop pred_payload=462.6 pred_arrival=65125.2 propagate=2036.1 | add_clause=59750.5 (lookup=751.0 fwdsub=55999.7 backsub=437.9 index=1404.7) hyper=608.0 subsume=1255.8 pred_local=1560.5
KM_PROF msgloop guard=3120000 contexts=1317 msgs_pending=0 saturate_calls=920 succ=94205 pred=3025794 ground_wo=0
KM_MSGPROF arrivals dup=0 empty_join=0 conclusions=3099736 conclusions_new=3083030 (99.46% new) | arena[succ]=86888 arena[root]=13221 pred_interned=64635 ctx_clause_slots=3606766
KM_MSGPROF sender ctx=2 root=false query=None pred_sent=770232 (13.3%) pool=885 preds=940 wo=38272 core=2
KM_MSGPROF sender ctx=3 root=false query=None pred_sent=600032 (10.4%) pool=700 preds=940 wo=33670 core=2
KM_MSGPROF sender ctx=4 root=false query=None pred_sent=521784 (9.0%) pool=804 preds=720 wo=37763 core=2
KM_MSGPROF sender ctx=5 root=false query=None pred_sent=461064 (8.0%) pool=716 preds=720 wo=39231 core=2
KM_MSGPROF sender ctx=6 root=false query=None pred_sent=457432 (7.9%) pool=545 preds=940 wo=28517 core=2
KM_MSGPROF sender ctx=1 root=false query=None pred_sent=457432 (7.9%) pool=545 preds=940 wo=28517 core=2
KM_MSGPROF sender ctx=18 root=false query=None pred_sent=34320 (0.6%) pool=240 preds=143 wo=587 core=3
KM_MSGPROF sender ctx=106 root=false query=None pred_sent=31065 (0.5%) pool=285 preds=109 wo=679 core=3
KM_PROF[time-ms] msgloop pred_payload=464.3 pred_arrival=65306.0 propagate=2036.1 | add_clause=59896.0 (lookup=754.2 fwdsub=56127.4 backsub=440.0 index=1411.0) hyper=608.0 subsume=1255.8 pred_local=1560.5
KM_PROF msgloop guard=3140000 contexts=1317 msgs_pending=0 saturate_calls=920 succ=94205 pred=3045794 ground_wo=0
KM_MSGPROF arrivals dup=0 empty_join=0 conclusions=3119736 conclusions_new=3103030 (99.46% new) | arena[succ]=86888 arena[root]=13221 pred_interned=64635 ctx_clause_slots=3626766
KM_MSGPROF sender ctx=2 root=false query=None pred_sent=770232 (13.3%) pool=885 preds=940 wo=38272 core=2
KM_MSGPROF sender ctx=3 root=false query=None pred_sent=600032 (10.4%) pool=700 preds=940 wo=33670 core=2
KM_MSGPROF sender ctx=4 root=false query=None pred_sent=521784 (9.0%) pool=804 preds=720 wo=37763 core=2
KM_MSGPROF sender ctx=5 root=false query=None pred_sent=461064 (8.0%) pool=716 preds=720 wo=39231 core=2
KM_MSGPROF sender ctx=6 root=false query=None pred_sent=457432 (7.9%) pool=545 preds=940 wo=28517 core=2
KM_MSGPROF sender ctx=1 root=false query=None pred_sent=457432 (7.9%) pool=545 preds=940 wo=28517 core=2
KM_MSGPROF sender ctx=18 root=false query=None pred_sent=34320 (0.6%) pool=240 preds=143 wo=587 core=3
KM_MSGPROF sender ctx=106 root=false query=None pred_sent=31065 (0.5%) pool=285 preds=109 wo=679 core=3
KM_PROF[time-ms] msgloop pred_payload=466.2 pred_arrival=65513.6 propagate=2036.1 | add_clause=60067.9 (lookup=757.5 fwdsub=56280.9 backsub=442.1 index=1417.5) hyper=608.0 subsume=1255.8 pred_local=1560.5
KM_PROF msgloop guard=3160000 contexts=1317 msgs_pending=0 saturate_calls=920 succ=94205 pred=3065794 ground_wo=0
KM_MSGPROF arrivals dup=0 empty_join=0 conclusions=3139736 conclusions_new=3123030 (99.47% new) | arena[succ]=86888 arena[root]=13221 pred_interned=64635 ctx_clause_slots=3646766
KM_MSGPROF sender ctx=2 root=false query=None pred_sent=770232 (13.3%) pool=885 preds=940 wo=38272 core=2
KM_MSGPROF sender ctx=3 root=false query=None pred_sent=600032 (10.4%) pool=700 preds=940 wo=33670 core=2
KM_MSGPROF sender ctx=4 root=false query=None pred_sent=521784 (9.0%) pool=804 preds=720 wo=37763 core=2
KM_MSGPROF sender ctx=5 root=false query=None pred_sent=461064 (8.0%) pool=716 preds=720 wo=39231 core=2
KM_MSGPROF sender ctx=6 root=false query=None pred_sent=457432 (7.9%) pool=545 preds=940 wo=28517 core=2
KM_MSGPROF sender ctx=1 root=false query=None pred_sent=457432 (7.9%) pool=545 preds=940 wo=28517 core=2
KM_MSGPROF sender ctx=18 root=false query=None pred_sent=34320 (0.6%) pool=240 preds=143 wo=587 core=3
KM_MSGPROF sender ctx=106 root=false query=None pred_sent=31065 (0.5%) pool=285 preds=109 wo=679 core=3
KM_PROF[time-ms] msgloop pred_payload=468.1 pred_arrival=65740.2 propagate=2036.1 | add_clause=60257.6 (lookup=760.8 fwdsub=56452.7 backsub=444.6 index=1423.2) hyper=608.0 subsume=1255.8 pred_local=1560.5
KM_PROF msgloop guard=3180000 contexts=1317 msgs_pending=0 saturate_calls=920 succ=94205 pred=3085794 ground_wo=0
KM_MSGPROF arrivals dup=0 empty_join=0 conclusions=3159736 conclusions_new=3143030 (99.47% new) | arena[succ]=86888 arena[root]=13221 pred_interned=64635 ctx_clause_slots=3666766
KM_MSGPROF sender ctx=2 root=false query=None pred_sent=770232 (13.3%) pool=885 preds=940 wo=38272 core=2
KM_MSGPROF sender ctx=3 root=false query=None pred_sent=600032 (10.4%) pool=700 preds=940 wo=33670 core=2
KM_MSGPROF sender ctx=4 root=false query=None pred_sent=521784 (9.0%) pool=804 preds=720 wo=37763 core=2
KM_MSGPROF sender ctx=5 root=false query=None pred_sent=461064 (8.0%) pool=716 preds=720 wo=39231 core=2
KM_MSGPROF sender ctx=6 root=false query=None pred_sent=457432 (7.9%) pool=545 preds=940 wo=28517 core=2
KM_MSGPROF sender ctx=1 root=false query=None pred_sent=457432 (7.9%) pool=545 preds=940 wo=28517 core=2
KM_MSGPROF sender ctx=18 root=false query=None pred_sent=34320 (0.6%) pool=240 preds=143 wo=587 core=3
KM_MSGPROF sender ctx=106 root=false query=None pred_sent=31065 (0.5%) pool=285 preds=109 wo=679 core=3
KM_PROF[time-ms] msgloop pred_payload=470.4 pred_arrival=66007.5 propagate=2036.1 | add_clause=60487.4 (lookup=764.3 fwdsub=56663.4 backsub=447.1 index=1429.7) hyper=608.0 subsume=1255.8 pred_local=1560.5
KM_PROF msgloop guard=3200000 contexts=1317 msgs_pending=0 saturate_calls=920 succ=94205 pred=3105794 ground_wo=0
KM_MSGPROF arrivals dup=0 empty_join=0 conclusions=3179736 conclusions_new=3163030 (99.47% new) | arena[succ]=86888 arena[root]=13221 pred_interned=64635 ctx_clause_slots=3686766
KM_MSGPROF sender ctx=2 root=false query=None pred_sent=770232 (13.3%) pool=885 preds=940 wo=38272 core=2
KM_MSGPROF sender ctx=3 root=false query=None pred_sent=600032 (10.4%) pool=700 preds=940 wo=33670 core=2
KM_MSGPROF sender ctx=4 root=false query=None pred_sent=521784 (9.0%) pool=804 preds=720 wo=37763 core=2
KM_MSGPROF sender ctx=5 root=false query=None pred_sent=461064 (8.0%) pool=716 preds=720 wo=39231 core=2
KM_MSGPROF sender ctx=6 root=false query=None pred_sent=457432 (7.9%) pool=545 preds=940 wo=28517 core=2
KM_MSGPROF sender ctx=1 root=false query=None pred_sent=457432 (7.9%) pool=545 preds=940 wo=28517 core=2
KM_MSGPROF sender ctx=18 root=false query=None pred_sent=34320 (0.6%) pool=240 preds=143 wo=587 core=3
KM_MSGPROF sender ctx=106 root=false query=None pred_sent=31065 (0.5%) pool=285 preds=109 wo=679 core=3
KM_PROF[time-ms] msgloop pred_payload=473.1 pred_arrival=66297.3 propagate=2036.1 | add_clause=60739.7 (lookup=768.1 fwdsub=56896.0 backsub=450.0 index=1435.6) hyper=608.0 subsume=1255.8 pred_local=1560.5
KM_PROF msgloop guard=3220000 contexts=1317 msgs_pending=0 saturate_calls=920 succ=94205 pred=3125794 ground_wo=0
KM_MSGPROF arrivals dup=0 empty_join=0 conclusions=3199736 conclusions_new=3183030 (99.48% new) | arena[succ]=86888 arena[root]=13221 pred_interned=64635 ctx_clause_slots=3706766
KM_MSGPROF sender ctx=2 root=false query=None pred_sent=770232 (13.3%) pool=885 preds=940 wo=38272 core=2
KM_MSGPROF sender ctx=3 root=false query=None pred_sent=600032 (10.4%) pool=700 preds=940 wo=33670 core=2
KM_MSGPROF sender ctx=4 root=false query=None pred_sent=521784 (9.0%) pool=804 preds=720 wo=37763 core=2
KM_MSGPROF sender ctx=5 root=false query=None pred_sent=461064 (8.0%) pool=716 preds=720 wo=39231 core=2
KM_MSGPROF sender ctx=6 root=false query=None pred_sent=457432 (7.9%) pool=545 preds=940 wo=28517 core=2
KM_MSGPROF sender ctx=1 root=false query=None pred_sent=457432 (7.9%) pool=545 preds=940 wo=28517 core=2
KM_MSGPROF sender ctx=18 root=false query=None pred_sent=34320 (0.6%) pool=240 preds=143 wo=587 core=3
KM_MSGPROF sender ctx=106 root=false query=None pred_sent=31065 (0.5%) pool=285 preds=109 wo=679 core=3
KM_PROF[time-ms] msgloop pred_payload=475.7 pred_arrival=66644.2 propagate=2036.1 | add_clause=61029.4 (lookup=772.1 fwdsub=57164.1 backsub=452.8 index=1442.4) hyper=608.0 subsume=1255.8 pred_local=1560.5
KM_PROF msgloop guard=3240000 contexts=1317 msgs_pending=0 saturate_calls=920 succ=94205 pred=3145794 ground_wo=0
KM_MSGPROF arrivals dup=0 empty_join=0 conclusions=3220241 conclusions_new=3203535 (99.48% new) | arena[succ]=86990 arena[root]=13272 pred_interned=64686 ctx_clause_slots=3727271
KM_MSGPROF sender ctx=2 root=false query=None pred_sent=770232 (13.3%) pool=885 preds=940 wo=38272 core=2
KM_MSGPROF sender ctx=3 root=false query=None pred_sent=600032 (10.4%) pool=700 preds=940 wo=33670 core=2
KM_MSGPROF sender ctx=4 root=false query=None pred_sent=521784 (9.0%) pool=804 preds=720 wo=37763 core=2
KM_MSGPROF sender ctx=5 root=false query=None pred_sent=461064 (8.0%) pool=716 preds=720 wo=39231 core=2
KM_MSGPROF sender ctx=6 root=false query=None pred_sent=457432 (7.9%) pool=545 preds=940 wo=28517 core=2
KM_MSGPROF sender ctx=1 root=false query=None pred_sent=457432 (7.9%) pool=545 preds=940 wo=28517 core=2
KM_MSGPROF sender ctx=18 root=false query=None pred_sent=34320 (0.6%) pool=240 preds=143 wo=587 core=3
KM_MSGPROF sender ctx=106 root=false query=None pred_sent=31065 (0.5%) pool=285 preds=109 wo=679 core=3
KM_PROF[time-ms] msgloop pred_payload=478.9 pred_arrival=67006.7 propagate=2036.1 | add_clause=61350.8 (lookup=776.2 fwdsub=57462.5 backsub=455.8 index=1450.2) hyper=608.0 subsume=1255.8 pred_local=1560.5
KM_PROF msgloop guard=3260000 contexts=1317 msgs_pending=0 saturate_calls=920 succ=94205 pred=3165794 ground_wo=0
KM_MSGPROF arrivals dup=0 empty_join=0 conclusions=3241111 conclusions_new=3224405 (99.48% new) | arena[succ]=87164 arena[root]=13359 pred_interned=64773 ctx_clause_slots=3748141
KM_MSGPROF sender ctx=2 root=false query=None pred_sent=770232 (13.3%) pool=885 preds=940 wo=38272 core=2
KM_MSGPROF sender ctx=3 root=false query=None pred_sent=600032 (10.4%) pool=700 preds=940 wo=33670 core=2
KM_MSGPROF sender ctx=4 root=false query=None pred_sent=521784 (9.0%) pool=804 preds=720 wo=37763 core=2
KM_MSGPROF sender ctx=5 root=false query=None pred_sent=461064 (8.0%) pool=716 preds=720 wo=39231 core=2
KM_MSGPROF sender ctx=6 root=false query=None pred_sent=457432 (7.9%) pool=545 preds=940 wo=28517 core=2
KM_MSGPROF sender ctx=1 root=false query=None pred_sent=457432 (7.9%) pool=545 preds=940 wo=28517 core=2
KM_MSGPROF sender ctx=18 root=false query=None pred_sent=34320 (0.6%) pool=240 preds=143 wo=587 core=3
KM_MSGPROF sender ctx=106 root=false query=None pred_sent=31065 (0.5%) pool=285 preds=109 wo=679 core=3
KM_PROF[time-ms] msgloop pred_payload=482.1 pred_arrival=67402.6 propagate=2036.1 | add_clause=61703.4 (lookup=780.4 fwdsub=57792.1 backsub=459.0 index=1457.2) hyper=608.0 subsume=1255.8 pred_local=1560.5
KM_PROF msgloop guard=3280000 contexts=1317 msgs_pending=0 saturate_calls=920 succ=94205 pred=3185794 ground_wo=0
KM_MSGPROF arrivals dup=0 empty_join=0 conclusions=3261980 conclusions_new=3245274 (99.49% new) | arena[succ]=87338 arena[root]=13446 pred_interned=64860 ctx_clause_slots=3769010
KM_MSGPROF sender ctx=2 root=false query=None pred_sent=770232 (13.3%) pool=885 preds=940 wo=38272 core=2
KM_MSGPROF sender ctx=3 root=false query=None pred_sent=600032 (10.4%) pool=700 preds=940 wo=33670 core=2
KM_MSGPROF sender ctx=4 root=false query=None pred_sent=521784 (9.0%) pool=804 preds=720 wo=37763 core=2
KM_MSGPROF sender ctx=5 root=false query=None pred_sent=461064 (8.0%) pool=716 preds=720 wo=39231 core=2
KM_MSGPROF sender ctx=6 root=false query=None pred_sent=457432 (7.9%) pool=545 preds=940 wo=28517 core=2
KM_MSGPROF sender ctx=1 root=false query=None pred_sent=457432 (7.9%) pool=545 preds=940 wo=28517 core=2
KM_MSGPROF sender ctx=18 root=false query=None pred_sent=34320 (0.6%) pool=240 preds=143 wo=587 core=3
KM_MSGPROF sender ctx=106 root=false query=None pred_sent=31065 (0.5%) pool=285 preds=109 wo=679 core=3
KM_PROF[time-ms] msgloop pred_payload=485.5 pred_arrival=67832.4 propagate=2036.1 | add_clause=62089.7 (lookup=784.7 fwdsub=58155.4 backsub=462.1 index=1464.5) hyper=608.0 subsume=1255.8 pred_local=1560.5
KM_PROF msgloop guard=3300000 contexts=1317 msgs_pending=0 saturate_calls=920 succ=94205 pred=3205794 ground_wo=0
KM_MSGPROF arrivals dup=0 empty_join=0 conclusions=3282849 conclusions_new=3266143 (99.49% new) | arena[succ]=87512 arena[root]=13533 pred_interned=64947 ctx_clause_slots=3789879
KM_MSGPROF sender ctx=2 root=false query=None pred_sent=770232 (13.3%) pool=885 preds=940 wo=38272 core=2
KM_MSGPROF sender ctx=3 root=false query=None pred_sent=600032 (10.4%) pool=700 preds=940 wo=33670 core=2
KM_MSGPROF sender ctx=4 root=false query=None pred_sent=521784 (9.0%) pool=804 preds=720 wo=37763 core=2
KM_MSGPROF sender ctx=5 root=false query=None pred_sent=461064 (8.0%) pool=716 preds=720 wo=39231 core=2
KM_MSGPROF sender ctx=6 root=false query=None pred_sent=457432 (7.9%) pool=545 preds=940 wo=28517 core=2
KM_MSGPROF sender ctx=1 root=false query=None pred_sent=457432 (7.9%) pool=545 preds=940 wo=28517 core=2
KM_MSGPROF sender ctx=18 root=false query=None pred_sent=34320 (0.6%) pool=240 preds=143 wo=587 core=3
KM_MSGPROF sender ctx=106 root=false query=None pred_sent=31065 (0.5%) pool=285 preds=109 wo=679 core=3
KM_PROF[time-ms] msgloop pred_payload=489.0 pred_arrival=68305.9 propagate=2036.1 | add_clause=62518.9 (lookup=789.1 fwdsub=58561.1 backsub=465.2 index=1472.1) hyper=608.0 subsume=1255.8 pred_local=1560.5
KM_PROF msgloop guard=3320000 contexts=1317 msgs_pending=0 saturate_calls=920 succ=94205 pred=3225794 ground_wo=0
KM_MSGPROF arrivals dup=0 empty_join=0 conclusions=3303719 conclusions_new=3287013 (99.49% new) | arena[succ]=87686 arena[root]=13620 pred_interned=65034 ctx_clause_slots=3810749
KM_MSGPROF sender ctx=2 root=false query=None pred_sent=770232 (13.3%) pool=885 preds=940 wo=38272 core=2
KM_MSGPROF sender ctx=3 root=false query=None pred_sent=600032 (10.4%) pool=700 preds=940 wo=33670 core=2
KM_MSGPROF sender ctx=4 root=false query=None pred_sent=521784 (9.0%) pool=804 preds=720 wo=37763 core=2
KM_MSGPROF sender ctx=5 root=false query=None pred_sent=461064 (8.0%) pool=716 preds=720 wo=39231 core=2
KM_MSGPROF sender ctx=6 root=false query=None pred_sent=457432 (7.9%) pool=545 preds=940 wo=28517 core=2
KM_MSGPROF sender ctx=1 root=false query=None pred_sent=457432 (7.9%) pool=545 preds=940 wo=28517 core=2
KM_MSGPROF sender ctx=18 root=false query=None pred_sent=34320 (0.6%) pool=240 preds=143 wo=587 core=3
KM_MSGPROF sender ctx=106 root=false query=None pred_sent=31065 (0.5%) pool=285 preds=109 wo=679 core=3
KM_PROF[time-ms] msgloop pred_payload=492.6 pred_arrival=68842.2 propagate=2036.1 | add_clause=63010.7 (lookup=793.7 fwdsub=59006.6 backsub=468.5 index=1502.0) hyper=608.0 subsume=1255.8 pred_local=1560.5
KM_PROF msgloop guard=3340000 contexts=1317 msgs_pending=0 saturate_calls=920 succ=94205 pred=3245794 ground_wo=0
KM_MSGPROF arrivals dup=0 empty_join=0 conclusions=3324589 conclusions_new=3307883 (99.50% new) | arena[succ]=87860 arena[root]=13707 pred_interned=65121 ctx_clause_slots=3831619
KM_MSGPROF sender ctx=2 root=false query=None pred_sent=770232 (13.3%) pool=885 preds=940 wo=38272 core=2
KM_MSGPROF sender ctx=3 root=false query=None pred_sent=600032 (10.4%) pool=700 preds=940 wo=33670 core=2
KM_MSGPROF sender ctx=4 root=false query=None pred_sent=521784 (9.0%) pool=804 preds=720 wo=37763 core=2
KM_MSGPROF sender ctx=5 root=false query=None pred_sent=461064 (8.0%) pool=716 preds=720 wo=39231 core=2
KM_MSGPROF sender ctx=6 root=false query=None pred_sent=457432 (7.9%) pool=545 preds=940 wo=28517 core=2
KM_MSGPROF sender ctx=1 root=false query=None pred_sent=457432 (7.9%) pool=545 preds=940 wo=28517 core=2
KM_MSGPROF sender ctx=18 root=false query=None pred_sent=34320 (0.6%) pool=240 preds=143 wo=587 core=3
KM_MSGPROF sender ctx=106 root=false query=None pred_sent=31065 (0.5%) pool=285 preds=109 wo=679 core=3
KM_PROF[time-ms] msgloop pred_payload=496.4 pred_arrival=69439.6 propagate=2036.1 | add_clause=63561.0 (lookup=798.2 fwdsub=59497.7 backsub=471.8 index=1544.2) hyper=608.0 subsume=1255.8 pred_local=1560.5
KM_PROF msgloop guard=3360000 contexts=1317 msgs_pending=0 saturate_calls=920 succ=94205 pred=3265794 ground_wo=0
KM_MSGPROF arrivals dup=0 empty_join=0 conclusions=3345458 conclusions_new=3328752 (99.50% new) | arena[succ]=88034 arena[root]=13793 pred_interned=65208 ctx_clause_slots=3852488
KM_MSGPROF sender ctx=2 root=false query=None pred_sent=770232 (13.3%) pool=885 preds=940 wo=38272 core=2
KM_MSGPROF sender ctx=3 root=false query=None pred_sent=600032 (10.4%) pool=700 preds=940 wo=33670 core=2
KM_MSGPROF sender ctx=4 root=false query=None pred_sent=521784 (9.0%) pool=804 preds=720 wo=37763 core=2
KM_MSGPROF sender ctx=5 root=false query=None pred_sent=461064 (8.0%) pool=716 preds=720 wo=39231 core=2
KM_MSGPROF sender ctx=6 root=false query=None pred_sent=457432 (7.9%) pool=545 preds=940 wo=28517 core=2
KM_MSGPROF sender ctx=1 root=false query=None pred_sent=457432 (7.9%) pool=545 preds=940 wo=28517 core=2
KM_MSGPROF sender ctx=18 root=false query=None pred_sent=34320 (0.6%) pool=240 preds=143 wo=587 core=3
KM_MSGPROF sender ctx=106 root=false query=None pred_sent=31065 (0.5%) pool=285 preds=109 wo=679 core=3
KM_PROF[time-ms] msgloop pred_payload=500.3 pred_arrival=70071.1 propagate=2036.1 | add_clause=64145.7 (lookup=802.8 fwdsub=60027.9 backsub=475.0 index=1581.8) hyper=608.0 subsume=1255.8 pred_local=1560.5
KM_PROF msgloop guard=3380000 contexts=1317 msgs_pending=0 saturate_calls=920 succ=94205 pred=3285794 ground_wo=0
KM_MSGPROF arrivals dup=0 empty_join=0 conclusions=3366328 conclusions_new=3349622 (99.50% new) | arena[succ]=88208 arena[root]=13880 pred_interned=65295 ctx_clause_slots=3873358
KM_MSGPROF sender ctx=2 root=false query=None pred_sent=770232 (13.3%) pool=885 preds=940 wo=38272 core=2
KM_MSGPROF sender ctx=3 root=false query=None pred_sent=600032 (10.4%) pool=700 preds=940 wo=33670 core=2
KM_MSGPROF sender ctx=4 root=false query=None pred_sent=521784 (9.0%) pool=804 preds=720 wo=37763 core=2
KM_MSGPROF sender ctx=5 root=false query=None pred_sent=461064 (8.0%) pool=716 preds=720 wo=39231 core=2
KM_MSGPROF sender ctx=6 root=false query=None pred_sent=457432 (7.9%) pool=545 preds=940 wo=28517 core=2
KM_MSGPROF sender ctx=1 root=false query=None pred_sent=457432 (7.9%) pool=545 preds=940 wo=28517 core=2
KM_MSGPROF sender ctx=18 root=false query=None pred_sent=34320 (0.6%) pool=240 preds=143 wo=587 core=3
KM_MSGPROF sender ctx=106 root=false query=None pred_sent=31065 (0.5%) pool=285 preds=109 wo=679 core=3
KM_PROF[time-ms] msgloop pred_payload=504.2 pred_arrival=70797.6 propagate=2036.1 | add_clause=64823.2 (lookup=807.6 fwdsub=60591.3 backsub=478.5 index=1678.4) hyper=608.0 subsume=1255.8 pred_local=1560.5
KM_PROF msgloop guard=3400000 contexts=1317 msgs_pending=0 saturate_calls=920 succ=94205 pred=3305794 ground_wo=0
KM_MSGPROF arrivals dup=0 empty_join=0 conclusions=3387198 conclusions_new=3370492 (99.51% new) | arena[succ]=88382 arena[root]=13967 pred_interned=65382 ctx_clause_slots=3894228
KM_MSGPROF sender ctx=2 root=false query=None pred_sent=770232 (13.3%) pool=885 preds=940 wo=38272 core=2
KM_MSGPROF sender ctx=3 root=false query=None pred_sent=600032 (10.4%) pool=700 preds=940 wo=33670 core=2
KM_MSGPROF sender ctx=4 root=false query=None pred_sent=521784 (9.0%) pool=804 preds=720 wo=37763 core=2
KM_MSGPROF sender ctx=5 root=false query=None pred_sent=461064 (8.0%) pool=716 preds=720 wo=39231 core=2
KM_MSGPROF sender ctx=6 root=false query=None pred_sent=457432 (7.9%) pool=545 preds=940 wo=28517 core=2
KM_MSGPROF sender ctx=1 root=false query=None pred_sent=457432 (7.9%) pool=545 preds=940 wo=28517 core=2
KM_MSGPROF sender ctx=18 root=false query=None pred_sent=34320 (0.6%) pool=240 preds=143 wo=587 core=3
KM_MSGPROF sender ctx=106 root=false query=None pred_sent=31065 (0.5%) pool=285 preds=109 wo=679 core=3
KM_PROF[time-ms] msgloop pred_payload=508.2 pred_arrival=71481.2 propagate=2036.1 | add_clause=65459.4 (lookup=812.2 fwdsub=61188.6 backsub=481.9 index=1700.1) hyper=608.0 subsume=1255.8 pred_local=1560.5
KM_PROF msgloop guard=3420000 contexts=1317 msgs_pending=0 saturate_calls=920 succ=94205 pred=3325794 ground_wo=0
KM_MSGPROF arrivals dup=0 empty_join=0 conclusions=3408067 conclusions_new=3391361 (99.51% new) | arena[succ]=88556 arena[root]=14054 pred_interned=65469 ctx_clause_slots=3915097
KM_MSGPROF sender ctx=2 root=false query=None pred_sent=770232 (13.3%) pool=885 preds=940 wo=38272 core=2
KM_MSGPROF sender ctx=3 root=false query=None pred_sent=600032 (10.4%) pool=700 preds=940 wo=33670 core=2
KM_MSGPROF sender ctx=4 root=false query=None pred_sent=521784 (9.0%) pool=804 preds=720 wo=37763 core=2
KM_MSGPROF sender ctx=5 root=false query=None pred_sent=461064 (8.0%) pool=716 preds=720 wo=39231 core=2
KM_MSGPROF sender ctx=6 root=false query=None pred_sent=457432 (7.9%) pool=545 preds=940 wo=28517 core=2
KM_MSGPROF sender ctx=1 root=false query=None pred_sent=457432 (7.9%) pool=545 preds=940 wo=28517 core=2
KM_MSGPROF sender ctx=18 root=false query=None pred_sent=34320 (0.6%) pool=240 preds=143 wo=587 core=3
KM_MSGPROF sender ctx=106 root=false query=None pred_sent=31065 (0.5%) pool=285 preds=109 wo=679 core=3
KM_PROF[time-ms] msgloop pred_payload=512.3 pred_arrival=72232.7 propagate=2036.1 | add_clause=66162.2 (lookup=817.0 fwdsub=61840.8 backsub=485.4 index=1733.4) hyper=608.0 subsume=1255.8 pred_local=1560.5
KM_PROF msgloop guard=3440000 contexts=1317 msgs_pending=0 saturate_calls=920 succ=94205 pred=3345794 ground_wo=0
KM_MSGPROF arrivals dup=0 empty_join=0 conclusions=3428937 conclusions_new=3412231 (99.51% new) | arena[succ]=88730 arena[root]=14141 pred_interned=65556 ctx_clause_slots=3935967
KM_MSGPROF sender ctx=2 root=false query=None pred_sent=770232 (13.3%) pool=885 preds=940 wo=38272 core=2
KM_MSGPROF sender ctx=3 root=false query=None pred_sent=600032 (10.4%) pool=700 preds=940 wo=33670 core=2
KM_MSGPROF sender ctx=4 root=false query=None pred_sent=521784 (9.0%) pool=804 preds=720 wo=37763 core=2
KM_MSGPROF sender ctx=5 root=false query=None pred_sent=461064 (8.0%) pool=716 preds=720 wo=39231 core=2
KM_MSGPROF sender ctx=6 root=false query=None pred_sent=457432 (7.9%) pool=545 preds=940 wo=28517 core=2
KM_MSGPROF sender ctx=1 root=false query=None pred_sent=457432 (7.9%) pool=545 preds=940 wo=28517 core=2
KM_MSGPROF sender ctx=18 root=false query=None pred_sent=34320 (0.6%) pool=240 preds=143 wo=587 core=3
KM_MSGPROF sender ctx=106 root=false query=None pred_sent=31065 (0.5%) pool=285 preds=109 wo=679 core=3
KM_PROF[time-ms] msgloop pred_payload=516.5 pred_arrival=73046.8 propagate=2036.1 | add_clause=66925.5 (lookup=821.8 fwdsub=62537.6 backsub=488.8 index=1782.6) hyper=608.0 subsume=1255.8 pred_local=1560.5
KM_PROF msgloop guard=3460000 contexts=1317 msgs_pending=0 saturate_calls=920 succ=94205 pred=3365794 ground_wo=0
KM_MSGPROF arrivals dup=0 empty_join=0 conclusions=3449807 conclusions_new=3433101 (99.52% new) | arena[succ]=88904 arena[root]=14228 pred_interned=65643 ctx_clause_slots=3956837
KM_MSGPROF sender ctx=2 root=false query=None pred_sent=770232 (13.3%) pool=885 preds=940 wo=38272 core=2
KM_MSGPROF sender ctx=3 root=false query=None pred_sent=600032 (10.4%) pool=700 preds=940 wo=33670 core=2
KM_MSGPROF sender ctx=4 root=false query=None pred_sent=521784 (9.0%) pool=804 preds=720 wo=37763 core=2
KM_MSGPROF sender ctx=5 root=false query=None pred_sent=461064 (8.0%) pool=716 preds=720 wo=39231 core=2
KM_MSGPROF sender ctx=6 root=false query=None pred_sent=457432 (7.9%) pool=545 preds=940 wo=28517 core=2
KM_MSGPROF sender ctx=1 root=false query=None pred_sent=457432 (7.9%) pool=545 preds=940 wo=28517 core=2
KM_MSGPROF sender ctx=18 root=false query=None pred_sent=34320 (0.6%) pool=240 preds=143 wo=587 core=3
KM_MSGPROF sender ctx=106 root=false query=None pred_sent=31065 (0.5%) pool=285 preds=109 wo=679 core=3
KM_PROF[time-ms] msgloop pred_payload=521.2 pred_arrival=73866.3 propagate=2036.1 | add_clause=67695.3 (lookup=826.5 fwdsub=63276.4 backsub=492.3 index=1796.4) hyper=608.0 subsume=1255.8 pred_local=1560.5
KM_PROF msgloop guard=3480000 contexts=1317 msgs_pending=0 saturate_calls=920 succ=94205 pred=3385794 ground_wo=0
KM_MSGPROF arrivals dup=0 empty_join=0 conclusions=3470676 conclusions_new=3453970 (99.52% new) | arena[succ]=89078 arena[root]=14315 pred_interned=65730 ctx_clause_slots=3977706
KM_MSGPROF sender ctx=2 root=false query=None pred_sent=770232 (13.3%) pool=885 preds=940 wo=38272 core=2
KM_MSGPROF sender ctx=3 root=false query=None pred_sent=600032 (10.4%) pool=700 preds=940 wo=33670 core=2
KM_MSGPROF sender ctx=4 root=false query=None pred_sent=521784 (9.0%) pool=804 preds=720 wo=37763 core=2
KM_MSGPROF sender ctx=5 root=false query=None pred_sent=461064 (8.0%) pool=716 preds=720 wo=39231 core=2
KM_MSGPROF sender ctx=6 root=false query=None pred_sent=457432 (7.9%) pool=545 preds=940 wo=28517 core=2
KM_MSGPROF sender ctx=1 root=false query=None pred_sent=457432 (7.9%) pool=545 preds=940 wo=28517 core=2
KM_MSGPROF sender ctx=18 root=false query=None pred_sent=34320 (0.6%) pool=240 preds=143 wo=587 core=3
KM_MSGPROF sender ctx=106 root=false query=None pred_sent=31065 (0.5%) pool=285 preds=109 wo=679 core=3
KM_PROF[time-ms] msgloop pred_payload=525.5 pred_arrival=74761.3 propagate=2036.1 | add_clause=68539.7 (lookup=831.4 fwdsub=64064.8 backsub=495.7 index=1834.9) hyper=608.0 subsume=1255.8 pred_local=1560.5
KM_PROF msgloop guard=3500000 contexts=1317 msgs_pending=0 saturate_calls=920 succ=94205 pred=3405794 ground_wo=0
KM_MSGPROF arrivals dup=0 empty_join=0 conclusions=3491545 conclusions_new=3474839 (99.52% new) | arena[succ]=89252 arena[root]=14402 pred_interned=65817 ctx_clause_slots=3998575
KM_MSGPROF sender ctx=2 root=false query=None pred_sent=770232 (13.3%) pool=885 preds=940 wo=38272 core=2
KM_MSGPROF sender ctx=3 root=false query=None pred_sent=600032 (10.4%) pool=700 preds=940 wo=33670 core=2
KM_MSGPROF sender ctx=4 root=false query=None pred_sent=521784 (9.0%) pool=804 preds=720 wo=37763 core=2
KM_MSGPROF sender ctx=5 root=false query=None pred_sent=461064 (8.0%) pool=716 preds=720 wo=39231 core=2
KM_MSGPROF sender ctx=6 root=false query=None pred_sent=457432 (7.9%) pool=545 preds=940 wo=28517 core=2
KM_MSGPROF sender ctx=1 root=false query=None pred_sent=457432 (7.9%) pool=545 preds=940 wo=28517 core=2
KM_MSGPROF sender ctx=18 root=false query=None pred_sent=34320 (0.6%) pool=240 preds=143 wo=587 core=3
KM_MSGPROF sender ctx=106 root=false query=None pred_sent=31065 (0.5%) pool=285 preds=109 wo=679 core=3
KM_PROF[time-ms] msgloop pred_payload=530.3 pred_arrival=75654.9 propagate=2036.1 | add_clause=69383.5 (lookup=836.2 fwdsub=64875.2 backsub=499.3 index=1851.0) hyper=608.0 subsume=1255.8 pred_local=1560.5
KM_PROF msgloop guard=3520000 contexts=1317 msgs_pending=0 saturate_calls=920 succ=94205 pred=3425794 ground_wo=0
KM_MSGPROF arrivals dup=0 empty_join=0 conclusions=3511898 conclusions_new=3494892 (99.52% new) | arena[succ]=89318 arena[root]=14436 pred_interned=65994 ctx_clause_slots=4018628
KM_MSGPROF sender ctx=2 root=false query=None pred_sent=770232 (13.3%) pool=885 preds=940 wo=38272 core=2
KM_MSGPROF sender ctx=3 root=false query=None pred_sent=600032 (10.4%) pool=700 preds=940 wo=33670 core=2
KM_MSGPROF sender ctx=4 root=false query=None pred_sent=521784 (9.0%) pool=804 preds=720 wo=37763 core=2
KM_MSGPROF sender ctx=5 root=false query=None pred_sent=461064 (8.0%) pool=716 preds=720 wo=39231 core=2
KM_MSGPROF sender ctx=6 root=false query=None pred_sent=457432 (7.9%) pool=545 preds=940 wo=28517 core=2
KM_MSGPROF sender ctx=1 root=false query=None pred_sent=457432 (7.9%) pool=545 preds=940 wo=28517 core=2
KM_MSGPROF sender ctx=18 root=false query=None pred_sent=34320 (0.6%) pool=240 preds=143 wo=587 core=3
KM_MSGPROF sender ctx=106 root=false query=None pred_sent=31065 (0.5%) pool=285 preds=109 wo=679 core=3
KM_PROF[time-ms] msgloop pred_payload=532.9 pred_arrival=76220.1 propagate=2036.1 | add_clause=69843.1 (lookup=840.0 fwdsub=65313.2 backsub=502.5 index=1858.6) hyper=608.0 subsume=1255.8 pred_local=1560.5
KM_PROF msgloop guard=3540000 contexts=1317 msgs_pending=0 saturate_calls=920 succ=94205 pred=3445794 ground_wo=0
KM_MSGPROF arrivals dup=0 empty_join=0 conclusions=3531898 conclusions_new=3514368 (99.50% new) | arena[succ]=89318 arena[root]=14436 pred_interned=65994 ctx_clause_slots=4038104
KM_MSGPROF sender ctx=2 root=false query=None pred_sent=770232 (13.3%) pool=885 preds=940 wo=38272 core=2
KM_MSGPROF sender ctx=3 root=false query=None pred_sent=600032 (10.4%) pool=700 preds=940 wo=33670 core=2
KM_MSGPROF sender ctx=4 root=false query=None pred_sent=521784 (9.0%) pool=804 preds=720 wo=37763 core=2
KM_MSGPROF sender ctx=5 root=false query=None pred_sent=461064 (8.0%) pool=716 preds=720 wo=39231 core=2
KM_MSGPROF sender ctx=6 root=false query=None pred_sent=457432 (7.9%) pool=545 preds=940 wo=28517 core=2
KM_MSGPROF sender ctx=1 root=false query=None pred_sent=457432 (7.9%) pool=545 preds=940 wo=28517 core=2
KM_MSGPROF sender ctx=18 root=false query=None pred_sent=34320 (0.6%) pool=240 preds=143 wo=587 core=3
KM_MSGPROF sender ctx=106 root=false query=None pred_sent=31065 (0.5%) pool=285 preds=109 wo=679 core=3
KM_PROF[time-ms] msgloop pred_payload=534.6 pred_arrival=76282.9 propagate=2036.1 | add_clause=69861.3 (lookup=842.4 fwdsub=65316.6 backsub=503.7 index=1863.3) hyper=608.0 subsume=1255.8 pred_local=1560.5
KM_PROF msgloop guard=3560000 contexts=1317 msgs_pending=0 saturate_calls=920 succ=94205 pred=3465794 ground_wo=0
KM_MSGPROF arrivals dup=0 empty_join=0 conclusions=3551898 conclusions_new=3533880 (99.49% new) | arena[succ]=89318 arena[root]=14436 pred_interned=65994 ctx_clause_slots=4057616
KM_MSGPROF sender ctx=2 root=false query=None pred_sent=770232 (13.3%) pool=885 preds=940 wo=38272 core=2
KM_MSGPROF sender ctx=3 root=false query=None pred_sent=600032 (10.4%) pool=700 preds=940 wo=33670 core=2
KM_MSGPROF sender ctx=4 root=false query=None pred_sent=521784 (9.0%) pool=804 preds=720 wo=37763 core=2
KM_MSGPROF sender ctx=5 root=false query=None pred_sent=461064 (8.0%) pool=716 preds=720 wo=39231 core=2
KM_MSGPROF sender ctx=6 root=false query=None pred_sent=457432 (7.9%) pool=545 preds=940 wo=28517 core=2
KM_MSGPROF sender ctx=1 root=false query=None pred_sent=457432 (7.9%) pool=545 preds=940 wo=28517 core=2
KM_MSGPROF sender ctx=18 root=false query=None pred_sent=34320 (0.6%) pool=240 preds=143 wo=587 core=3
KM_MSGPROF sender ctx=106 root=false query=None pred_sent=31065 (0.5%) pool=285 preds=109 wo=679 core=3
KM_PROF[time-ms] msgloop pred_payload=536.3 pred_arrival=76347.3 propagate=2036.1 | add_clause=69879.1 (lookup=844.6 fwdsub=65320.0 backsub=505.0 index=1867.8) hyper=608.0 subsume=1255.8 pred_local=1560.5
KM_PROF msgloop guard=3580000 contexts=1317 msgs_pending=0 saturate_calls=920 succ=94205 pred=3485794 ground_wo=0
KM_MSGPROF arrivals dup=0 empty_join=0 conclusions=3571898 conclusions_new=3553511 (99.49% new) | arena[succ]=89318 arena[root]=14436 pred_interned=65994 ctx_clause_slots=4077247
KM_MSGPROF sender ctx=2 root=false query=None pred_sent=770232 (13.3%) pool=885 preds=940 wo=38272 core=2
KM_MSGPROF sender ctx=3 root=false query=None pred_sent=600032 (10.4%) pool=700 preds=940 wo=33670 core=2
KM_MSGPROF sender ctx=4 root=false query=None pred_sent=521784 (9.0%) pool=804 preds=720 wo=37763 core=2
KM_MSGPROF sender ctx=5 root=false query=None pred_sent=461064 (8.0%) pool=716 preds=720 wo=39231 core=2
KM_MSGPROF sender ctx=6 root=false query=None pred_sent=457432 (7.9%) pool=545 preds=940 wo=28517 core=2
KM_MSGPROF sender ctx=1 root=false query=None pred_sent=457432 (7.9%) pool=545 preds=940 wo=28517 core=2
KM_MSGPROF sender ctx=18 root=false query=None pred_sent=34320 (0.6%) pool=240 preds=143 wo=587 core=3
KM_MSGPROF sender ctx=106 root=false query=None pred_sent=31065 (0.5%) pool=285 preds=109 wo=679 core=3
KM_PROF[time-ms] msgloop pred_payload=537.8 pred_arrival=76403.2 propagate=2036.1 | add_clause=69895.9 (lookup=846.8 fwdsub=65323.0 backsub=506.2 index=1872.1) hyper=608.0 subsume=1255.8 pred_local=1560.5
KM_PROF msgloop guard=3600000 contexts=1317 msgs_pending=0 saturate_calls=920 succ=94205 pred=3505794 ground_wo=0
KM_MSGPROF arrivals dup=0 empty_join=0 conclusions=3591898 conclusions_new=3573100 (99.48% new) | arena[succ]=89318 arena[root]=14436 pred_interned=65994 ctx_clause_slots=4096836
KM_MSGPROF sender ctx=2 root=false query=None pred_sent=770232 (13.3%) pool=885 preds=940 wo=38272 core=2
KM_MSGPROF sender ctx=3 root=false query=None pred_sent=600032 (10.4%) pool=700 preds=940 wo=33670 core=2
KM_MSGPROF sender ctx=4 root=false query=None pred_sent=521784 (9.0%) pool=804 preds=720 wo=37763 core=2
KM_MSGPROF sender ctx=5 root=false query=None pred_sent=461064 (8.0%) pool=716 preds=720 wo=39231 core=2
KM_MSGPROF sender ctx=6 root=false query=None pred_sent=457432 (7.9%) pool=545 preds=940 wo=28517 core=2
KM_MSGPROF sender ctx=1 root=false query=None pred_sent=457432 (7.9%) pool=545 preds=940 wo=28517 core=2
KM_MSGPROF sender ctx=18 root=false query=None pred_sent=34320 (0.6%) pool=240 preds=143 wo=587 core=3
KM_MSGPROF sender ctx=106 root=false query=None pred_sent=31065 (0.5%) pool=285 preds=109 wo=679 core=3
KM_PROF[time-ms] msgloop pred_payload=539.3 pred_arrival=76456.0 propagate=2036.1 | add_clause=69912.5 (lookup=849.0 fwdsub=65326.0 backsub=507.3 index=1876.4) hyper=608.0 subsume=1255.8 pred_local=1560.5
KM_PROF msgloop guard=3620000 contexts=1317 msgs_pending=0 saturate_calls=920 succ=94205 pred=3525794 ground_wo=0
KM_MSGPROF arrivals dup=0 empty_join=0 conclusions=3611898 conclusions_new=3593100 (99.48% new) | arena[succ]=89318 arena[root]=14436 pred_interned=65994 ctx_clause_slots=4116836
KM_MSGPROF sender ctx=2 root=false query=None pred_sent=770232 (13.3%) pool=885 preds=940 wo=38272 core=2
KM_MSGPROF sender ctx=3 root=false query=None pred_sent=600032 (10.4%) pool=700 preds=940 wo=33670 core=2
KM_MSGPROF sender ctx=4 root=false query=None pred_sent=521784 (9.0%) pool=804 preds=720 wo=37763 core=2
KM_MSGPROF sender ctx=5 root=false query=None pred_sent=461064 (8.0%) pool=716 preds=720 wo=39231 core=2
KM_MSGPROF sender ctx=6 root=false query=None pred_sent=457432 (7.9%) pool=545 preds=940 wo=28517 core=2
KM_MSGPROF sender ctx=1 root=false query=None pred_sent=457432 (7.9%) pool=545 preds=940 wo=28517 core=2
KM_MSGPROF sender ctx=18 root=false query=None pred_sent=34320 (0.6%) pool=240 preds=143 wo=587 core=3
KM_MSGPROF sender ctx=106 root=false query=None pred_sent=31065 (0.5%) pool=285 preds=109 wo=679 core=3
KM_PROF[time-ms] msgloop pred_payload=540.8 pred_arrival=76507.7 propagate=2036.1 | add_clause=69928.5 (lookup=851.1 fwdsub=65328.8 backsub=508.5 index=1880.4) hyper=608.0 subsume=1255.8 pred_local=1560.5
KM_PROF msgloop guard=3640000 contexts=1317 msgs_pending=0 saturate_calls=920 succ=94205 pred=3545794 ground_wo=0
KM_MSGPROF arrivals dup=0 empty_join=0 conclusions=3631898 conclusions_new=3612552 (99.47% new) | arena[succ]=89318 arena[root]=14436 pred_interned=65994 ctx_clause_slots=4136288
KM_MSGPROF sender ctx=2 root=false query=None pred_sent=770232 (13.3%) pool=885 preds=940 wo=38272 core=2
KM_MSGPROF sender ctx=3 root=false query=None pred_sent=600032 (10.4%) pool=700 preds=940 wo=33670 core=2
KM_MSGPROF sender ctx=4 root=false query=None pred_sent=521784 (9.0%) pool=804 preds=720 wo=37763 core=2
KM_MSGPROF sender ctx=5 root=false query=None pred_sent=461064 (8.0%) pool=716 preds=720 wo=39231 core=2
KM_MSGPROF sender ctx=6 root=false query=None pred_sent=457432 (7.9%) pool=545 preds=940 wo=28517 core=2
KM_MSGPROF sender ctx=1 root=false query=None pred_sent=457432 (7.9%) pool=545 preds=940 wo=28517 core=2
KM_MSGPROF sender ctx=18 root=false query=None pred_sent=34320 (0.6%) pool=240 preds=143 wo=587 core=3
KM_MSGPROF sender ctx=106 root=false query=None pred_sent=31065 (0.5%) pool=285 preds=109 wo=679 core=3
KM_PROF[time-ms] msgloop pred_payload=542.5 pred_arrival=76569.3 propagate=2036.1 | add_clause=69945.2 (lookup=853.3 fwdsub=65331.8 backsub=509.7 index=1884.7) hyper=608.0 subsume=1255.8 pred_local=1560.5
KM_PROF msgloop guard=3660000 contexts=1317 msgs_pending=0 saturate_calls=920 succ=94205 pred=3565794 ground_wo=0
KM_MSGPROF arrivals dup=0 empty_join=0 conclusions=3651898 conclusions_new=3632004 (99.46% new) | arena[succ]=89318 arena[root]=14436 pred_interned=65994 ctx_clause_slots=4155740
KM_MSGPROF sender ctx=2 root=false query=None pred_sent=770232 (13.3%) pool=885 preds=940 wo=38272 core=2
KM_MSGPROF sender ctx=3 root=false query=None pred_sent=600032 (10.4%) pool=700 preds=940 wo=33670 core=2
KM_MSGPROF sender ctx=4 root=false query=None pred_sent=521784 (9.0%) pool=804 preds=720 wo=37763 core=2
KM_MSGPROF sender ctx=5 root=false query=None pred_sent=461064 (8.0%) pool=716 preds=720 wo=39231 core=2
KM_MSGPROF sender ctx=6 root=false query=None pred_sent=457432 (7.9%) pool=545 preds=940 wo=28517 core=2
KM_MSGPROF sender ctx=1 root=false query=None pred_sent=457432 (7.9%) pool=545 preds=940 wo=28517 core=2
KM_MSGPROF sender ctx=18 root=false query=None pred_sent=34320 (0.6%) pool=240 preds=143 wo=587 core=3
KM_MSGPROF sender ctx=106 root=false query=None pred_sent=31065 (0.5%) pool=285 preds=109 wo=679 core=3
KM_PROF[time-ms] msgloop pred_payload=544.1 pred_arrival=76631.8 propagate=2036.1 | add_clause=69962.7 (lookup=855.5 fwdsub=65334.9 backsub=510.8 index=1889.0) hyper=608.0 subsume=1255.8 pred_local=1560.5
KM_PROF msgloop guard=3680000 contexts=1317 msgs_pending=0 saturate_calls=920 succ=94205 pred=3585794 ground_wo=0
KM_MSGPROF arrivals dup=0 empty_join=0 conclusions=3671898 conclusions_new=3651539 (99.45% new) | arena[succ]=89318 arena[root]=14436 pred_interned=65994 ctx_clause_slots=4175275
KM_MSGPROF sender ctx=2 root=false query=None pred_sent=770232 (13.3%) pool=885 preds=940 wo=38272 core=2
KM_MSGPROF sender ctx=3 root=false query=None pred_sent=600032 (10.4%) pool=700 preds=940 wo=33670 core=2
KM_MSGPROF sender ctx=4 root=false query=None pred_sent=521784 (9.0%) pool=804 preds=720 wo=37763 core=2
KM_MSGPROF sender ctx=5 root=false query=None pred_sent=461064 (8.0%) pool=716 preds=720 wo=39231 core=2
KM_MSGPROF sender ctx=6 root=false query=None pred_sent=457432 (7.9%) pool=545 preds=940 wo=28517 core=2
KM_MSGPROF sender ctx=1 root=false query=None pred_sent=457432 (7.9%) pool=545 preds=940 wo=28517 core=2
KM_MSGPROF sender ctx=18 root=false query=None pred_sent=34320 (0.6%) pool=240 preds=143 wo=587 core=3
KM_MSGPROF sender ctx=106 root=false query=None pred_sent=31065 (0.5%) pool=285 preds=109 wo=679 core=3
KM_PROF[time-ms] msgloop pred_payload=545.6 pred_arrival=76687.4 propagate=2036.1 | add_clause=69979.7 (lookup=857.7 fwdsub=65338.0 backsub=512.0 index=1893.5) hyper=608.0 subsume=1255.8 pred_local=1560.5
KM_PROF msgloop guard=3700000 contexts=1317 msgs_pending=0 saturate_calls=920 succ=94205 pred=3605794 ground_wo=0
KM_MSGPROF arrivals dup=0 empty_join=0 conclusions=3691898 conclusions_new=3671083 (99.44% new) | arena[succ]=89318 arena[root]=14436 pred_interned=65994 ctx_clause_slots=4194819
KM_MSGPROF sender ctx=2 root=false query=None pred_sent=770232 (13.3%) pool=885 preds=940 wo=38272 core=2
KM_MSGPROF sender ctx=3 root=false query=None pred_sent=600032 (10.4%) pool=700 preds=940 wo=33670 core=2
KM_MSGPROF sender ctx=4 root=false query=None pred_sent=521784 (9.0%) pool=804 preds=720 wo=37763 core=2
KM_MSGPROF sender ctx=5 root=false query=None pred_sent=461064 (8.0%) pool=716 preds=720 wo=39231 core=2
KM_MSGPROF sender ctx=6 root=false query=None pred_sent=457432 (7.9%) pool=545 preds=940 wo=28517 core=2
KM_MSGPROF sender ctx=1 root=false query=None pred_sent=457432 (7.9%) pool=545 preds=940 wo=28517 core=2
KM_MSGPROF sender ctx=18 root=false query=None pred_sent=34320 (0.6%) pool=240 preds=143 wo=587 core=3
KM_MSGPROF sender ctx=106 root=false query=None pred_sent=31065 (0.5%) pool=285 preds=109 wo=679 core=3
KM_PROF[time-ms] msgloop pred_payload=547.2 pred_arrival=76741.8 propagate=2036.1 | add_clause=69996.8 (lookup=859.9 fwdsub=65341.2 backsub=513.2 index=1897.9) hyper=608.0 subsume=1255.8 pred_local=1560.5
KM_PROF msgloop guard=3720000 contexts=1317 msgs_pending=0 saturate_calls=920 succ=94205 pred=3625794 ground_wo=0
KM_MSGPROF arrivals dup=0 empty_join=0 conclusions=3711898 conclusions_new=3690303 (99.42% new) | arena[succ]=89318 arena[root]=14436 pred_interned=65994 ctx_clause_slots=4214039
KM_MSGPROF sender ctx=2 root=false query=None pred_sent=770232 (13.3%) pool=885 preds=940 wo=38272 core=2
KM_MSGPROF sender ctx=3 root=false query=None pred_sent=600032 (10.4%) pool=700 preds=940 wo=33670 core=2
KM_MSGPROF sender ctx=4 root=false query=None pred_sent=521784 (9.0%) pool=804 preds=720 wo=37763 core=2
KM_MSGPROF sender ctx=5 root=false query=None pred_sent=461064 (8.0%) pool=716 preds=720 wo=39231 core=2
KM_MSGPROF sender ctx=6 root=false query=None pred_sent=457432 (7.9%) pool=545 preds=940 wo=28517 core=2
KM_MSGPROF sender ctx=1 root=false query=None pred_sent=457432 (7.9%) pool=545 preds=940 wo=28517 core=2
KM_MSGPROF sender ctx=18 root=false query=None pred_sent=34320 (0.6%) pool=240 preds=143 wo=587 core=3
KM_MSGPROF sender ctx=106 root=false query=None pred_sent=31065 (0.5%) pool=285 preds=109 wo=679 core=3
KM_PROF[time-ms] msgloop pred_payload=548.7 pred_arrival=76800.1 propagate=2036.1 | add_clause=70014.2 (lookup=862.1 fwdsub=65344.4 backsub=514.3 index=1902.5) hyper=608.0 subsume=1255.8 pred_local=1560.5
KM_PROF msgloop guard=3740000 contexts=1317 msgs_pending=0 saturate_calls=920 succ=94205 pred=3645794 ground_wo=0
KM_MSGPROF arrivals dup=0 empty_join=0 conclusions=3731898 conclusions_new=3710303 (99.42% new) | arena[succ]=89318 arena[root]=14436 pred_interned=65994 ctx_clause_slots=4234039
KM_MSGPROF sender ctx=2 root=false query=None pred_sent=770232 (13.3%) pool=885 preds=940 wo=38272 core=2
KM_MSGPROF sender ctx=3 root=false query=None pred_sent=600032 (10.4%) pool=700 preds=940 wo=33670 core=2
KM_MSGPROF sender ctx=4 root=false query=None pred_sent=521784 (9.0%) pool=804 preds=720 wo=37763 core=2
KM_MSGPROF sender ctx=5 root=false query=None pred_sent=461064 (8.0%) pool=716 preds=720 wo=39231 core=2
KM_MSGPROF sender ctx=6 root=false query=None pred_sent=457432 (7.9%) pool=545 preds=940 wo=28517 core=2
KM_MSGPROF sender ctx=1 root=false query=None pred_sent=457432 (7.9%) pool=545 preds=940 wo=28517 core=2
KM_MSGPROF sender ctx=18 root=false query=None pred_sent=34320 (0.6%) pool=240 preds=143 wo=587 core=3
KM_MSGPROF sender ctx=106 root=false query=None pred_sent=31065 (0.5%) pool=285 preds=109 wo=679 core=3
KM_PROF[time-ms] msgloop pred_payload=550.4 pred_arrival=76865.4 propagate=2036.1 | add_clause=70032.4 (lookup=864.3 fwdsub=65348.0 backsub=515.6 index=1907.4) hyper=608.0 subsume=1255.8 pred_local=1560.5
KM_PROF msgloop guard=3760000 contexts=1317 msgs_pending=0 saturate_calls=920 succ=94205 pred=3665794 ground_wo=0
KM_MSGPROF arrivals dup=0 empty_join=0 conclusions=3751898 conclusions_new=3729523 (99.40% new) | arena[succ]=89318 arena[root]=14436 pred_interned=65994 ctx_clause_slots=4253259
KM_MSGPROF sender ctx=2 root=false query=None pred_sent=770232 (13.3%) pool=885 preds=940 wo=38272 core=2
KM_MSGPROF sender ctx=3 root=false query=None pred_sent=600032 (10.4%) pool=700 preds=940 wo=33670 core=2
KM_MSGPROF sender ctx=4 root=false query=None pred_sent=521784 (9.0%) pool=804 preds=720 wo=37763 core=2
KM_MSGPROF sender ctx=5 root=false query=None pred_sent=461064 (8.0%) pool=716 preds=720 wo=39231 core=2
KM_MSGPROF sender ctx=6 root=false query=None pred_sent=457432 (7.9%) pool=545 preds=940 wo=28517 core=2
KM_MSGPROF sender ctx=1 root=false query=None pred_sent=457432 (7.9%) pool=545 preds=940 wo=28517 core=2
KM_MSGPROF sender ctx=18 root=false query=None pred_sent=34320 (0.6%) pool=240 preds=143 wo=587 core=3
KM_MSGPROF sender ctx=106 root=false query=None pred_sent=31065 (0.5%) pool=285 preds=109 wo=679 core=3
KM_PROF[time-ms] msgloop pred_payload=552.2 pred_arrival=76929.1 propagate=2036.1 | add_clause=70050.1 (lookup=866.5 fwdsub=65351.3 backsub=516.7 index=1911.7) hyper=608.0 subsume=1255.8 pred_local=1560.5
KM_PROF msgloop guard=3780000 contexts=1317 msgs_pending=0 saturate_calls=920 succ=94205 pred=3685794 ground_wo=0
KM_MSGPROF arrivals dup=0 empty_join=0 conclusions=3771898 conclusions_new=3748938 (99.39% new) | arena[succ]=89318 arena[root]=14436 pred_interned=65994 ctx_clause_slots=4272674
KM_MSGPROF sender ctx=2 root=false query=None pred_sent=770232 (13.3%) pool=885 preds=940 wo=38272 core=2
KM_MSGPROF sender ctx=3 root=false query=None pred_sent=600032 (10.4%) pool=700 preds=940 wo=33670 core=2
KM_MSGPROF sender ctx=4 root=false query=None pred_sent=521784 (9.0%) pool=804 preds=720 wo=37763 core=2
KM_MSGPROF sender ctx=5 root=false query=None pred_sent=461064 (8.0%) pool=716 preds=720 wo=39231 core=2
KM_MSGPROF sender ctx=6 root=false query=None pred_sent=457432 (7.9%) pool=545 preds=940 wo=28517 core=2
KM_MSGPROF sender ctx=1 root=false query=None pred_sent=457432 (7.9%) pool=545 preds=940 wo=28517 core=2
KM_MSGPROF sender ctx=18 root=false query=None pred_sent=34320 (0.6%) pool=240 preds=143 wo=587 core=3
KM_MSGPROF sender ctx=106 root=false query=None pred_sent=31065 (0.5%) pool=285 preds=109 wo=679 core=3
KM_PROF[time-ms] msgloop pred_payload=553.7 pred_arrival=76984.8 propagate=2036.1 | add_clause=70068.0 (lookup=868.8 fwdsub=65354.7 backsub=517.9 index=1916.2) hyper=608.0 subsume=1255.8 pred_local=1560.5
KM_PROF msgloop guard=3800000 contexts=1317 msgs_pending=0 saturate_calls=920 succ=94205 pred=3705794 ground_wo=0
KM_MSGPROF arrivals dup=0 empty_join=0 conclusions=3791898 conclusions_new=3768134 (99.37% new) | arena[succ]=89318 arena[root]=14436 pred_interned=65994 ctx_clause_slots=4291870
KM_MSGPROF sender ctx=2 root=false query=None pred_sent=770232 (13.3%) pool=885 preds=940 wo=38272 core=2
KM_MSGPROF sender ctx=3 root=false query=None pred_sent=600032 (10.4%) pool=700 preds=940 wo=33670 core=2
KM_MSGPROF sender ctx=4 root=false query=None pred_sent=521784 (9.0%) pool=804 preds=720 wo=37763 core=2
KM_MSGPROF sender ctx=5 root=false query=None pred_sent=461064 (8.0%) pool=716 preds=720 wo=39231 core=2
KM_MSGPROF sender ctx=6 root=false query=None pred_sent=457432 (7.9%) pool=545 preds=940 wo=28517 core=2
KM_MSGPROF sender ctx=1 root=false query=None pred_sent=457432 (7.9%) pool=545 preds=940 wo=28517 core=2
KM_MSGPROF sender ctx=18 root=false query=None pred_sent=34320 (0.6%) pool=240 preds=143 wo=587 core=3
KM_MSGPROF sender ctx=106 root=false query=None pred_sent=31065 (0.5%) pool=285 preds=109 wo=679 core=3
KM_PROF[time-ms] msgloop pred_payload=555.4 pred_arrival=77050.1 propagate=2036.1 | add_clause=70086.4 (lookup=871.2 fwdsub=65358.5 backsub=519.2 index=1920.9) hyper=608.0 subsume=1255.8 pred_local=1560.5
KM_PROF msgloop guard=3820000 contexts=1317 msgs_pending=0 saturate_calls=920 succ=94205 pred=3725794 ground_wo=0
KM_MSGPROF arrivals dup=0 empty_join=0 conclusions=3811898 conclusions_new=3787330 (99.36% new) | arena[succ]=89318 arena[root]=14436 pred_interned=65994 ctx_clause_slots=4311066
KM_MSGPROF sender ctx=2 root=false query=None pred_sent=770232 (13.3%) pool=885 preds=940 wo=38272 core=2
KM_MSGPROF sender ctx=3 root=false query=None pred_sent=600032 (10.4%) pool=700 preds=940 wo=33670 core=2
KM_MSGPROF sender ctx=4 root=false query=None pred_sent=521784 (9.0%) pool=804 preds=720 wo=37763 core=2
KM_MSGPROF sender ctx=5 root=false query=None pred_sent=461064 (8.0%) pool=716 preds=720 wo=39231 core=2
KM_MSGPROF sender ctx=6 root=false query=None pred_sent=457432 (7.9%) pool=545 preds=940 wo=28517 core=2
KM_MSGPROF sender ctx=1 root=false query=None pred_sent=457432 (7.9%) pool=545 preds=940 wo=28517 core=2
KM_MSGPROF sender ctx=18 root=false query=None pred_sent=34320 (0.6%) pool=240 preds=143 wo=587 core=3
KM_MSGPROF sender ctx=106 root=false query=None pred_sent=31065 (0.5%) pool=285 preds=109 wo=679 core=3
KM_PROF[time-ms] msgloop pred_payload=557.0 pred_arrival=77112.9 propagate=2036.1 | add_clause=70104.7 (lookup=873.5 fwdsub=65362.2 backsub=520.4 index=1925.7) hyper=608.0 subsume=1255.8 pred_local=1560.5
KM_PROF msgloop guard=3840000 contexts=1317 msgs_pending=0 saturate_calls=920 succ=94205 pred=3745794 ground_wo=0
KM_MSGPROF arrivals dup=0 empty_join=0 conclusions=3831898 conclusions_new=3805875 (99.32% new) | arena[succ]=89318 arena[root]=14436 pred_interned=65994 ctx_clause_slots=4329611
KM_MSGPROF sender ctx=2 root=false query=None pred_sent=770232 (13.3%) pool=885 preds=940 wo=38272 core=2
KM_MSGPROF sender ctx=3 root=false query=None pred_sent=600032 (10.4%) pool=700 preds=940 wo=33670 core=2
KM_MSGPROF sender ctx=4 root=false query=None pred_sent=521784 (9.0%) pool=804 preds=720 wo=37763 core=2
KM_MSGPROF sender ctx=5 root=false query=None pred_sent=461064 (8.0%) pool=716 preds=720 wo=39231 core=2
KM_MSGPROF sender ctx=6 root=false query=None pred_sent=457432 (7.9%) pool=545 preds=940 wo=28517 core=2
KM_MSGPROF sender ctx=1 root=false query=None pred_sent=457432 (7.9%) pool=545 preds=940 wo=28517 core=2
KM_MSGPROF sender ctx=18 root=false query=None pred_sent=34320 (0.6%) pool=240 preds=143 wo=587 core=3
KM_MSGPROF sender ctx=106 root=false query=None pred_sent=31065 (0.5%) pool=285 preds=109 wo=679 core=3
KM_PROF[time-ms] msgloop pred_payload=558.7 pred_arrival=77179.6 propagate=2036.1 | add_clause=70123.3 (lookup=875.8 fwdsub=65365.9 backsub=521.5 index=1930.4) hyper=608.0 subsume=1255.8 pred_local=1560.5
KM_PROF msgloop guard=3860000 contexts=1317 msgs_pending=0 saturate_calls=920 succ=94205 pred=3765794 ground_wo=0
KM_MSGPROF arrivals dup=0 empty_join=0 conclusions=3851898 conclusions_new=3825023 (99.30% new) | arena[succ]=89318 arena[root]=14436 pred_interned=65994 ctx_clause_slots=4348759
KM_MSGPROF sender ctx=2 root=false query=None pred_sent=770232 (13.3%) pool=885 preds=940 wo=38272 core=2
KM_MSGPROF sender ctx=3 root=false query=None pred_sent=600032 (10.4%) pool=700 preds=940 wo=33670 core=2
KM_MSGPROF sender ctx=4 root=false query=None pred_sent=521784 (9.0%) pool=804 preds=720 wo=37763 core=2
KM_MSGPROF sender ctx=5 root=false query=None pred_sent=461064 (8.0%) pool=716 preds=720 wo=39231 core=2
KM_MSGPROF sender ctx=6 root=false query=None pred_sent=457432 (7.9%) pool=545 preds=940 wo=28517 core=2
KM_MSGPROF sender ctx=1 root=false query=None pred_sent=457432 (7.9%) pool=545 preds=940 wo=28517 core=2
KM_MSGPROF sender ctx=18 root=false query=None pred_sent=34320 (0.6%) pool=240 preds=143 wo=587 core=3
KM_MSGPROF sender ctx=106 root=false query=None pred_sent=31065 (0.5%) pool=285 preds=109 wo=679 core=3
KM_PROF[time-ms] msgloop pred_payload=560.3 pred_arrival=77249.7 propagate=2036.1 | add_clause=70147.4 (lookup=878.1 fwdsub=65370.1 backsub=522.7 index=1935.5) hyper=608.0 subsume=1255.8 pred_local=1560.5
KM_PROF msgloop guard=3880000 contexts=1317 msgs_pending=0 saturate_calls=920 succ=94205 pred=3785794 ground_wo=0
KM_MSGPROF arrivals dup=0 empty_join=0 conclusions=3871898 conclusions_new=3843532 (99.27% new) | arena[succ]=89318 arena[root]=14436 pred_interned=65994 ctx_clause_slots=4367268
KM_MSGPROF sender ctx=2 root=false query=None pred_sent=770232 (13.3%) pool=885 preds=940 wo=38272 core=2
KM_MSGPROF sender ctx=3 root=false query=None pred_sent=600032 (10.4%) pool=700 preds=940 wo=33670 core=2
KM_MSGPROF sender ctx=4 root=false query=None pred_sent=521784 (9.0%) pool=804 preds=720 wo=37763 core=2
KM_MSGPROF sender ctx=5 root=false query=None pred_sent=461064 (8.0%) pool=716 preds=720 wo=39231 core=2
KM_MSGPROF sender ctx=6 root=false query=None pred_sent=457432 (7.9%) pool=545 preds=940 wo=28517 core=2
KM_MSGPROF sender ctx=1 root=false query=None pred_sent=457432 (7.9%) pool=545 preds=940 wo=28517 core=2
KM_MSGPROF sender ctx=18 root=false query=None pred_sent=34320 (0.6%) pool=240 preds=143 wo=587 core=3
KM_MSGPROF sender ctx=106 root=false query=None pred_sent=31065 (0.5%) pool=285 preds=109 wo=679 core=3
KM_PROF[time-ms] msgloop pred_payload=562.0 pred_arrival=77313.6 propagate=2036.1 | add_clause=70165.9 (lookup=880.4 fwdsub=65374.0 backsub=523.9 index=1940.2) hyper=608.0 subsume=1255.8 pred_local=1560.5
KM_PROF msgloop guard=3900000 contexts=1317 msgs_pending=0 saturate_calls=920 succ=94205 pred=3805794 ground_wo=0
KM_MSGPROF arrivals dup=0 empty_join=0 conclusions=3891898 conclusions_new=3862041 (99.23% new) | arena[succ]=89318 arena[root]=14436 pred_interned=65994 ctx_clause_slots=4385777
KM_MSGPROF sender ctx=2 root=false query=None pred_sent=770232 (13.3%) pool=885 preds=940 wo=38272 core=2
KM_MSGPROF sender ctx=3 root=false query=None pred_sent=600032 (10.4%) pool=700 preds=940 wo=33670 core=2
KM_MSGPROF sender ctx=4 root=false query=None pred_sent=521784 (9.0%) pool=804 preds=720 wo=37763 core=2
KM_MSGPROF sender ctx=5 root=false query=None pred_sent=461064 (8.0%) pool=716 preds=720 wo=39231 core=2
KM_MSGPROF sender ctx=6 root=false query=None pred_sent=457432 (7.9%) pool=545 preds=940 wo=28517 core=2
KM_MSGPROF sender ctx=1 root=false query=None pred_sent=457432 (7.9%) pool=545 preds=940 wo=28517 core=2
KM_MSGPROF sender ctx=18 root=false query=None pred_sent=34320 (0.6%) pool=240 preds=143 wo=587 core=3
KM_MSGPROF sender ctx=106 root=false query=None pred_sent=31065 (0.5%) pool=285 preds=109 wo=679 core=3
KM_PROF[time-ms] msgloop pred_payload=563.6 pred_arrival=77374.2 propagate=2036.1 | add_clause=70183.9 (lookup=882.7 fwdsub=65377.6 backsub=525.0 index=1944.8) hyper=608.0 subsume=1255.8 pred_local=1560.5
KM_PROF msgloop guard=3920000 contexts=1317 msgs_pending=0 saturate_calls=920 succ=94205 pred=3825794 ground_wo=0
KM_MSGPROF arrivals dup=0 empty_join=0 conclusions=3911898 conclusions_new=3880648 (99.20% new) | arena[succ]=89318 arena[root]=14436 pred_interned=65994 ctx_clause_slots=4404384
KM_MSGPROF sender ctx=2 root=false query=None pred_sent=770232 (13.3%) pool=885 preds=940 wo=38272 core=2
KM_MSGPROF sender ctx=3 root=false query=None pred_sent=600032 (10.4%) pool=700 preds=940 wo=33670 core=2
KM_MSGPROF sender ctx=4 root=false query=None pred_sent=521784 (9.0%) pool=804 preds=720 wo=37763 core=2
KM_MSGPROF sender ctx=5 root=false query=None pred_sent=461064 (8.0%) pool=716 preds=720 wo=39231 core=2
KM_MSGPROF sender ctx=6 root=false query=None pred_sent=457432 (7.9%) pool=545 preds=940 wo=28517 core=2
KM_MSGPROF sender ctx=1 root=false query=None pred_sent=457432 (7.9%) pool=545 preds=940 wo=28517 core=2
KM_MSGPROF sender ctx=18 root=false query=None pred_sent=34320 (0.6%) pool=240 preds=143 wo=587 core=3
KM_MSGPROF sender ctx=106 root=false query=None pred_sent=31065 (0.5%) pool=285 preds=109 wo=679 core=3
KM_PROF[time-ms] msgloop pred_payload=565.2 pred_arrival=77440.4 propagate=2036.1 | add_clause=70202.6 (lookup=885.1 fwdsub=65381.5 backsub=526.2 index=1949.8) hyper=608.0 subsume=1255.8 pred_local=1560.5
KM_PROF msgloop guard=3940000 contexts=1317 msgs_pending=0 saturate_calls=920 succ=94205 pred=3845794 ground_wo=0
KM_MSGPROF arrivals dup=0 empty_join=0 conclusions=3931898 conclusions_new=3899698 (99.18% new) | arena[succ]=89318 arena[root]=14436 pred_interned=65994 ctx_clause_slots=4423434
KM_MSGPROF sender ctx=2 root=false query=None pred_sent=770232 (13.3%) pool=885 preds=940 wo=38272 core=2
KM_MSGPROF sender ctx=3 root=false query=None pred_sent=600032 (10.4%) pool=700 preds=940 wo=33670 core=2
KM_MSGPROF sender ctx=4 root=false query=None pred_sent=521784 (9.0%) pool=804 preds=720 wo=37763 core=2
KM_MSGPROF sender ctx=5 root=false query=None pred_sent=461064 (8.0%) pool=716 preds=720 wo=39231 core=2
KM_MSGPROF sender ctx=6 root=false query=None pred_sent=457432 (7.9%) pool=545 preds=940 wo=28517 core=2
KM_MSGPROF sender ctx=1 root=false query=None pred_sent=457432 (7.9%) pool=545 preds=940 wo=28517 core=2
KM_MSGPROF sender ctx=18 root=false query=None pred_sent=34320 (0.6%) pool=240 preds=143 wo=587 core=3
KM_MSGPROF sender ctx=106 root=false query=None pred_sent=31065 (0.5%) pool=285 preds=109 wo=679 core=3
KM_PROF[time-ms] msgloop pred_payload=566.8 pred_arrival=77501.1 propagate=2036.1 | add_clause=70220.9 (lookup=887.4 fwdsub=65385.3 backsub=527.4 index=1954.6) hyper=608.0 subsume=1255.8 pred_local=1560.5
KM_PROF msgloop guard=3960000 contexts=1317 msgs_pending=0 saturate_calls=920 succ=94205 pred=3865794 ground_wo=0
KM_MSGPROF arrivals dup=0 empty_join=0 conclusions=3951898 conclusions_new=3918090 (99.14% new) | arena[succ]=89318 arena[root]=14436 pred_interned=65994 ctx_clause_slots=4441826
KM_MSGPROF sender ctx=2 root=false query=None pred_sent=770232 (13.3%) pool=885 preds=940 wo=38272 core=2
KM_MSGPROF sender ctx=3 root=false query=None pred_sent=600032 (10.4%) pool=700 preds=940 wo=33670 core=2
KM_MSGPROF sender ctx=4 root=false query=None pred_sent=521784 (9.0%) pool=804 preds=720 wo=37763 core=2
KM_MSGPROF sender ctx=5 root=false query=None pred_sent=461064 (8.0%) pool=716 preds=720 wo=39231 core=2
KM_MSGPROF sender ctx=6 root=false query=None pred_sent=457432 (7.9%) pool=545 preds=940 wo=28517 core=2
KM_MSGPROF sender ctx=1 root=false query=None pred_sent=457432 (7.9%) pool=545 preds=940 wo=28517 core=2
KM_MSGPROF sender ctx=18 root=false query=None pred_sent=34320 (0.6%) pool=240 preds=143 wo=587 core=3
KM_MSGPROF sender ctx=106 root=false query=None pred_sent=31065 (0.5%) pool=285 preds=109 wo=679 core=3
KM_PROF[time-ms] msgloop pred_payload=568.5 pred_arrival=77565.5 propagate=2036.1 | add_clause=70238.3 (lookup=889.6 fwdsub=65388.6 backsub=528.5 index=1958.9) hyper=608.0 subsume=1255.8 pred_local=1560.5
KM_PROF msgloop guard=3980000 contexts=1317 msgs_pending=0 saturate_calls=920 succ=94205 pred=3885794 ground_wo=0
KM_MSGPROF arrivals dup=0 empty_join=0 conclusions=3971898 conclusions_new=3937487 (99.13% new) | arena[succ]=89318 arena[root]=14436 pred_interned=65994 ctx_clause_slots=4461223
KM_MSGPROF sender ctx=2 root=false query=None pred_sent=770232 (13.3%) pool=885 preds=940 wo=38272 core=2
KM_MSGPROF sender ctx=3 root=false query=None pred_sent=600032 (10.4%) pool=700 preds=940 wo=33670 core=2
KM_MSGPROF sender ctx=4 root=false query=None pred_sent=521784 (9.0%) pool=804 preds=720 wo=37763 core=2
KM_MSGPROF sender ctx=5 root=false query=None pred_sent=461064 (8.0%) pool=716 preds=720 wo=39231 core=2
KM_MSGPROF sender ctx=6 root=false query=None pred_sent=457432 (7.9%) pool=545 preds=940 wo=28517 core=2
KM_MSGPROF sender ctx=1 root=false query=None pred_sent=457432 (7.9%) pool=545 preds=940 wo=28517 core=2
KM_MSGPROF sender ctx=18 root=false query=None pred_sent=34320 (0.6%) pool=240 preds=143 wo=587 core=3
KM_MSGPROF sender ctx=106 root=false query=None pred_sent=31065 (0.5%) pool=285 preds=109 wo=679 core=3
KM_PROF[time-ms] msgloop pred_payload=570.0 pred_arrival=77625.1 propagate=2036.1 | add_clause=70255.8 (lookup=891.9 fwdsub=65392.0 backsub=529.7 index=1963.4) hyper=608.0 subsume=1255.8 pred_local=1560.5
KM_PROF msgloop guard=4000000 contexts=1317 msgs_pending=0 saturate_calls=920 succ=94205 pred=3905794 ground_wo=0
KM_MSGPROF arrivals dup=0 empty_join=0 conclusions=3991898 conclusions_new=3956671 (99.12% new) | arena[succ]=89318 arena[root]=14436 pred_interned=65994 ctx_clause_slots=4480407
KM_MSGPROF sender ctx=2 root=false query=None pred_sent=770232 (13.3%) pool=885 preds=940 wo=38272 core=2
KM_MSGPROF sender ctx=3 root=false query=None pred_sent=600032 (10.4%) pool=700 preds=940 wo=33670 core=2
KM_MSGPROF sender ctx=4 root=false query=None pred_sent=521784 (9.0%) pool=804 preds=720 wo=37763 core=2
KM_MSGPROF sender ctx=5 root=false query=None pred_sent=461064 (8.0%) pool=716 preds=720 wo=39231 core=2
KM_MSGPROF sender ctx=6 root=false query=None pred_sent=457432 (7.9%) pool=545 preds=940 wo=28517 core=2
KM_MSGPROF sender ctx=1 root=false query=None pred_sent=457432 (7.9%) pool=545 preds=940 wo=28517 core=2
KM_MSGPROF sender ctx=18 root=false query=None pred_sent=34320 (0.6%) pool=240 preds=143 wo=587 core=3
KM_MSGPROF sender ctx=106 root=false query=None pred_sent=31065 (0.5%) pool=285 preds=109 wo=679 core=3
KM_PROF[time-ms] msgloop pred_payload=571.7 pred_arrival=77691.2 propagate=2036.1 | add_clause=70274.4 (lookup=894.3 fwdsub=65395.7 backsub=531.0 index=1968.2) hyper=608.0 subsume=1255.8 pred_local=1560.5
KM_PROF msgloop guard=4020000 contexts=1317 msgs_pending=0 saturate_calls=920 succ=94205 pred=3925794 ground_wo=0
KM_MSGPROF arrivals dup=0 empty_join=0 conclusions=4011898 conclusions_new=3975243 (99.09% new) | arena[succ]=89318 arena[root]=14436 pred_interned=65994 ctx_clause_slots=4498979
KM_MSGPROF sender ctx=2 root=false query=None pred_sent=770232 (13.3%) pool=885 preds=940 wo=38272 core=2
KM_MSGPROF sender ctx=3 root=false query=None pred_sent=600032 (10.4%) pool=700 preds=940 wo=33670 core=2
KM_MSGPROF sender ctx=4 root=false query=None pred_sent=521784 (9.0%) pool=804 preds=720 wo=37763 core=2
KM_MSGPROF sender ctx=5 root=false query=None pred_sent=461064 (8.0%) pool=716 preds=720 wo=39231 core=2
KM_MSGPROF sender ctx=6 root=false query=None pred_sent=457432 (7.9%) pool=545 preds=940 wo=28517 core=2
KM_MSGPROF sender ctx=1 root=false query=None pred_sent=457432 (7.9%) pool=545 preds=940 wo=28517 core=2
KM_MSGPROF sender ctx=18 root=false query=None pred_sent=34320 (0.6%) pool=240 preds=143 wo=587 core=3
KM_MSGPROF sender ctx=106 root=false query=None pred_sent=31065 (0.5%) pool=285 preds=109 wo=679 core=3
KM_PROF[time-ms] msgloop pred_payload=573.3 pred_arrival=77751.9 propagate=2036.1 | add_clause=70292.1 (lookup=896.6 fwdsub=65399.2 backsub=532.1 index=1972.7) hyper=608.0 subsume=1255.8 pred_local=1560.5
KM_PROF msgloop guard=4040000 contexts=1317 msgs_pending=0 saturate_calls=920 succ=94205 pred=3945794 ground_wo=0
KM_MSGPROF arrivals dup=0 empty_join=0 conclusions=4031898 conclusions_new=3994463 (99.07% new) | arena[succ]=89318 arena[root]=14436 pred_interned=65994 ctx_clause_slots=4518199
KM_MSGPROF sender ctx=2 root=false query=None pred_sent=770232 (13.3%) pool=885 preds=940 wo=38272 core=2
KM_MSGPROF sender ctx=3 root=false query=None pred_sent=600032 (10.4%) pool=700 preds=940 wo=33670 core=2
KM_MSGPROF sender ctx=4 root=false query=None pred_sent=521784 (9.0%) pool=804 preds=720 wo=37763 core=2
KM_MSGPROF sender ctx=5 root=false query=None pred_sent=461064 (8.0%) pool=716 preds=720 wo=39231 core=2
KM_MSGPROF sender ctx=6 root=false query=None pred_sent=457432 (7.9%) pool=545 preds=940 wo=28517 core=2
KM_MSGPROF sender ctx=1 root=false query=None pred_sent=457432 (7.9%) pool=545 preds=940 wo=28517 core=2
KM_MSGPROF sender ctx=18 root=false query=None pred_sent=34320 (0.6%) pool=240 preds=143 wo=587 core=3
KM_MSGPROF sender ctx=106 root=false query=None pred_sent=31065 (0.5%) pool=285 preds=109 wo=679 core=3
KM_PROF[time-ms] msgloop pred_payload=574.9 pred_arrival=77815.8 propagate=2036.1 | add_clause=70310.4 (lookup=898.8 fwdsub=65402.6 backsub=533.3 index=1977.1) hyper=608.0 subsume=1255.8 pred_local=1560.5
KM_PROF msgloop guard=4060000 contexts=1317 msgs_pending=0 saturate_calls=920 succ=94205 pred=3965794 ground_wo=0
KM_MSGPROF arrivals dup=0 empty_join=0 conclusions=4051898 conclusions_new=4013683 (99.06% new) | arena[succ]=89318 arena[root]=14436 pred_interned=65994 ctx_clause_slots=4537419
KM_MSGPROF sender ctx=2 root=false query=None pred_sent=770232 (13.3%) pool=885 preds=940 wo=38272 core=2
KM_MSGPROF sender ctx=3 root=false query=None pred_sent=600032 (10.4%) pool=700 preds=940 wo=33670 core=2
KM_MSGPROF sender ctx=4 root=false query=None pred_sent=521784 (9.0%) pool=804 preds=720 wo=37763 core=2
KM_MSGPROF sender ctx=5 root=false query=None pred_sent=461064 (8.0%) pool=716 preds=720 wo=39231 core=2
KM_MSGPROF sender ctx=6 root=false query=None pred_sent=457432 (7.9%) pool=545 preds=940 wo=28517 core=2
KM_MSGPROF sender ctx=1 root=false query=None pred_sent=457432 (7.9%) pool=545 preds=940 wo=28517 core=2
KM_MSGPROF sender ctx=18 root=false query=None pred_sent=34320 (0.6%) pool=240 preds=143 wo=587 core=3
KM_MSGPROF sender ctx=106 root=false query=None pred_sent=31065 (0.5%) pool=285 preds=109 wo=679 core=3
KM_PROF[time-ms] msgloop pred_payload=576.6 pred_arrival=77879.9 propagate=2036.1 | add_clause=70327.9 (lookup=901.1 fwdsub=65406.0 backsub=534.5 index=1981.6) hyper=608.0 subsume=1255.8 pred_local=1560.5
KM_PROF msgloop guard=4080000 contexts=1317 msgs_pending=0 saturate_calls=920 succ=94205 pred=3985794 ground_wo=0
KM_MSGPROF arrivals dup=0 empty_join=0 conclusions=4071898 conclusions_new=4033098 (99.05% new) | arena[succ]=89318 arena[root]=14436 pred_interned=65994 ctx_clause_slots=4556834
KM_MSGPROF sender ctx=2 root=false query=None pred_sent=770232 (13.3%) pool=885 preds=940 wo=38272 core=2
KM_MSGPROF sender ctx=3 root=false query=None pred_sent=600032 (10.4%) pool=700 preds=940 wo=33670 core=2
KM_MSGPROF sender ctx=4 root=false query=None pred_sent=521784 (9.0%) pool=804 preds=720 wo=37763 core=2
KM_MSGPROF sender ctx=5 root=false query=None pred_sent=461064 (8.0%) pool=716 preds=720 wo=39231 core=2
KM_MSGPROF sender ctx=6 root=false query=None pred_sent=457432 (7.9%) pool=545 preds=940 wo=28517 core=2
KM_MSGPROF sender ctx=1 root=false query=None pred_sent=457432 (7.9%) pool=545 preds=940 wo=28517 core=2
KM_MSGPROF sender ctx=18 root=false query=None pred_sent=34320 (0.6%) pool=240 preds=143 wo=587 core=3
KM_MSGPROF sender ctx=106 root=false query=None pred_sent=31065 (0.5%) pool=285 preds=109 wo=679 core=3
KM_PROF[time-ms] msgloop pred_payload=578.2 pred_arrival=77940.4 propagate=2036.1 | add_clause=70346.1 (lookup=903.3 fwdsub=65409.4 backsub=535.6 index=1986.0) hyper=608.0 subsume=1255.8 pred_local=1560.5
KM_PROF msgloop guard=4100000 contexts=1317 msgs_pending=0 saturate_calls=920 succ=94205 pred=4005794 ground_wo=0
KM_MSGPROF arrivals dup=0 empty_join=0 conclusions=4091898 conclusions_new=4052686 (99.04% new) | arena[succ]=89318 arena[root]=14436 pred_interned=65994 ctx_clause_slots=4576422
KM_MSGPROF sender ctx=2 root=false query=None pred_sent=770232 (13.3%) pool=885 preds=940 wo=38272 core=2
KM_MSGPROF sender ctx=3 root=false query=None pred_sent=600032 (10.4%) pool=700 preds=940 wo=33670 core=2
KM_MSGPROF sender ctx=4 root=false query=None pred_sent=521784 (9.0%) pool=804 preds=720 wo=37763 core=2
KM_MSGPROF sender ctx=5 root=false query=None pred_sent=461064 (8.0%) pool=716 preds=720 wo=39231 core=2
KM_MSGPROF sender ctx=6 root=false query=None pred_sent=457432 (7.9%) pool=545 preds=940 wo=28517 core=2
KM_MSGPROF sender ctx=1 root=false query=None pred_sent=457432 (7.9%) pool=545 preds=940 wo=28517 core=2
KM_MSGPROF sender ctx=18 root=false query=None pred_sent=34320 (0.6%) pool=240 preds=143 wo=587 core=3
KM_MSGPROF sender ctx=106 root=false query=None pred_sent=31065 (0.5%) pool=285 preds=109 wo=679 core=3
KM_PROF[time-ms] msgloop pred_payload=579.8 pred_arrival=78000.0 propagate=2036.1 | add_clause=70363.9 (lookup=905.6 fwdsub=65412.9 backsub=536.8 index=1990.6) hyper=608.0 subsume=1255.8 pred_local=1560.5
KM_PROF msgloop guard=4120000 contexts=1317 msgs_pending=0 saturate_calls=920 succ=94205 pred=4025794 ground_wo=0
KM_MSGPROF arrivals dup=0 empty_join=0 conclusions=4111898 conclusions_new=4072318 (99.04% new) | arena[succ]=89318 arena[root]=14436 pred_interned=65994 ctx_clause_slots=4596054
KM_MSGPROF sender ctx=2 root=false query=None pred_sent=770232 (13.3%) pool=885 preds=940 wo=38272 core=2
KM_MSGPROF sender ctx=3 root=false query=None pred_sent=600032 (10.4%) pool=700 preds=940 wo=33670 core=2
KM_MSGPROF sender ctx=4 root=false query=None pred_sent=521784 (9.0%) pool=804 preds=720 wo=37763 core=2
KM_MSGPROF sender ctx=5 root=false query=None pred_sent=461064 (8.0%) pool=716 preds=720 wo=39231 core=2
KM_MSGPROF sender ctx=6 root=false query=None pred_sent=457432 (7.9%) pool=545 preds=940 wo=28517 core=2
KM_MSGPROF sender ctx=1 root=false query=None pred_sent=457432 (7.9%) pool=545 preds=940 wo=28517 core=2
KM_MSGPROF sender ctx=18 root=false query=None pred_sent=34320 (0.6%) pool=240 preds=143 wo=587 core=3
KM_MSGPROF sender ctx=106 root=false query=None pred_sent=31065 (0.5%) pool=285 preds=109 wo=679 core=3
KM_PROF[time-ms] msgloop pred_payload=581.6 pred_arrival=78071.9 propagate=2036.1 | add_clause=70384.3 (lookup=907.9 fwdsub=65416.6 backsub=538.1 index=1995.4) hyper=608.0 subsume=1255.8 pred_local=1560.5
KM_PROF msgloop guard=4140000 contexts=1317 msgs_pending=0 saturate_calls=920 succ=94205 pred=4045794 ground_wo=0
KM_MSGPROF arrivals dup=0 empty_join=0 conclusions=4131898 conclusions_new=4091538 (99.02% new) | arena[succ]=89318 arena[root]=14436 pred_interned=65994 ctx_clause_slots=4615274
KM_MSGPROF sender ctx=2 root=false query=None pred_sent=770232 (13.3%) pool=885 preds=940 wo=38272 core=2
KM_MSGPROF sender ctx=3 root=false query=None pred_sent=600032 (10.4%) pool=700 preds=940 wo=33670 core=2
KM_MSGPROF sender ctx=4 root=false query=None pred_sent=521784 (9.0%) pool=804 preds=720 wo=37763 core=2
KM_MSGPROF sender ctx=5 root=false query=None pred_sent=461064 (8.0%) pool=716 preds=720 wo=39231 core=2
KM_MSGPROF sender ctx=6 root=false query=None pred_sent=457432 (7.9%) pool=545 preds=940 wo=28517 core=2
KM_MSGPROF sender ctx=1 root=false query=None pred_sent=457432 (7.9%) pool=545 preds=940 wo=28517 core=2
KM_MSGPROF sender ctx=18 root=false query=None pred_sent=34320 (0.6%) pool=240 preds=143 wo=587 core=3
KM_MSGPROF sender ctx=106 root=false query=None pred_sent=31065 (0.5%) pool=285 preds=109 wo=679 core=3
KM_PROF[time-ms] msgloop pred_payload=583.3 pred_arrival=78137.9 propagate=2036.1 | add_clause=70402.8 (lookup=910.2 fwdsub=65420.2 backsub=539.3 index=1999.9) hyper=608.0 subsume=1255.8 pred_local=1560.5
KM_PROF msgloop guard=4160000 contexts=1317 msgs_pending=0 saturate_calls=920 succ=94205 pred=4065794 ground_wo=0
KM_MSGPROF arrivals dup=0 empty_join=0 conclusions=4151898 conclusions_new=4110953 (99.01% new) | arena[succ]=89318 arena[root]=14436 pred_interned=65994 ctx_clause_slots=4634689
KM_MSGPROF sender ctx=2 root=false query=None pred_sent=770232 (13.3%) pool=885 preds=940 wo=38272 core=2
KM_MSGPROF sender ctx=3 root=false query=None pred_sent=600032 (10.4%) pool=700 preds=940 wo=33670 core=2
KM_MSGPROF sender ctx=4 root=false query=None pred_sent=521784 (9.0%) pool=804 preds=720 wo=37763 core=2
KM_MSGPROF sender ctx=5 root=false query=None pred_sent=461064 (8.0%) pool=716 preds=720 wo=39231 core=2
KM_MSGPROF sender ctx=6 root=false query=None pred_sent=457432 (7.9%) pool=545 preds=940 wo=28517 core=2
KM_MSGPROF sender ctx=1 root=false query=None pred_sent=457432 (7.9%) pool=545 preds=940 wo=28517 core=2
KM_MSGPROF sender ctx=18 root=false query=None pred_sent=34320 (0.6%) pool=240 preds=143 wo=587 core=3
KM_MSGPROF sender ctx=106 root=false query=None pred_sent=31065 (0.5%) pool=285 preds=109 wo=679 core=3
KM_PROF[time-ms] msgloop pred_payload=584.9 pred_arrival=78197.9 propagate=2036.1 | add_clause=70422.7 (lookup=912.5 fwdsub=65424.0 backsub=540.6 index=2004.6) hyper=608.0 subsume=1255.8 pred_local=1560.5
KM_PROF msgloop guard=4180000 contexts=1317 msgs_pending=0 saturate_calls=920 succ=94205 pred=4085794 ground_wo=0
KM_MSGPROF arrivals dup=0 empty_join=0 conclusions=4171898 conclusions_new=4129369 (98.98% new) | arena[succ]=89318 arena[root]=14436 pred_interned=65994 ctx_clause_slots=4653105
KM_MSGPROF sender ctx=2 root=false query=None pred_sent=770232 (13.3%) pool=885 preds=940 wo=38272 core=2
KM_MSGPROF sender ctx=3 root=false query=None pred_sent=600032 (10.4%) pool=700 preds=940 wo=33670 core=2
KM_MSGPROF sender ctx=4 root=false query=None pred_sent=521784 (9.0%) pool=804 preds=720 wo=37763 core=2
KM_MSGPROF sender ctx=5 root=false query=None pred_sent=461064 (8.0%) pool=716 preds=720 wo=39231 core=2
KM_MSGPROF sender ctx=6 root=false query=None pred_sent=457432 (7.9%) pool=545 preds=940 wo=28517 core=2
KM_MSGPROF sender ctx=1 root=false query=None pred_sent=457432 (7.9%) pool=545 preds=940 wo=28517 core=2
KM_MSGPROF sender ctx=18 root=false query=None pred_sent=34320 (0.6%) pool=240 preds=143 wo=587 core=3
KM_MSGPROF sender ctx=106 root=false query=None pred_sent=31065 (0.5%) pool=285 preds=109 wo=679 core=3
KM_PROF[time-ms] msgloop pred_payload=586.6 pred_arrival=78264.1 propagate=2036.1 | add_clause=70441.5 (lookup=915.0 fwdsub=65427.9 backsub=541.7 index=2009.5) hyper=608.0 subsume=1255.8 pred_local=1560.5
KM_PROF msgloop guard=4200000 contexts=1317 msgs_pending=0 saturate_calls=920 succ=94205 pred=4105794 ground_wo=0
KM_MSGPROF arrivals dup=0 empty_join=0 conclusions=4191898 conclusions_new=4147995 (98.95% new) | arena[succ]=89318 arena[root]=14436 pred_interned=65994 ctx_clause_slots=4671731
KM_MSGPROF sender ctx=2 root=false query=None pred_sent=770232 (13.3%) pool=885 preds=940 wo=38272 core=2
KM_MSGPROF sender ctx=3 root=false query=None pred_sent=600032 (10.4%) pool=700 preds=940 wo=33670 core=2
KM_MSGPROF sender ctx=4 root=false query=None pred_sent=521784 (9.0%) pool=804 preds=720 wo=37763 core=2
KM_MSGPROF sender ctx=5 root=false query=None pred_sent=461064 (8.0%) pool=716 preds=720 wo=39231 core=2
KM_MSGPROF sender ctx=6 root=false query=None pred_sent=457432 (7.9%) pool=545 preds=940 wo=28517 core=2
KM_MSGPROF sender ctx=1 root=false query=None pred_sent=457432 (7.9%) pool=545 preds=940 wo=28517 core=2
KM_MSGPROF sender ctx=18 root=false query=None pred_sent=34320 (0.6%) pool=240 preds=143 wo=587 core=3
KM_MSGPROF sender ctx=106 root=false query=None pred_sent=31065 (0.5%) pool=285 preds=109 wo=679 core=3
KM_PROF[time-ms] msgloop pred_payload=588.2 pred_arrival=78327.1 propagate=2036.1 | add_clause=70459.8 (lookup=917.3 fwdsub=65431.7 backsub=542.9 index=2014.2) hyper=608.0 subsume=1255.8 pred_local=1560.5
KM_PROF msgloop guard=4220000 contexts=1317 msgs_pending=0 saturate_calls=920 succ=94205 pred=4125794 ground_wo=0
KM_MSGPROF arrivals dup=0 empty_join=0 conclusions=4211898 conclusions_new=4167215 (98.94% new) | arena[succ]=89318 arena[root]=14436 pred_interned=65994 ctx_clause_slots=4690951
KM_MSGPROF sender ctx=2 root=false query=None pred_sent=770232 (13.3%) pool=885 preds=940 wo=38272 core=2
KM_MSGPROF sender ctx=3 root=false query=None pred_sent=600032 (10.4%) pool=700 preds=940 wo=33670 core=2
KM_MSGPROF sender ctx=4 root=false query=None pred_sent=521784 (9.0%) pool=804 preds=720 wo=37763 core=2
KM_MSGPROF sender ctx=5 root=false query=None pred_sent=461064 (8.0%) pool=716 preds=720 wo=39231 core=2
KM_MSGPROF sender ctx=6 root=false query=None pred_sent=457432 (7.9%) pool=545 preds=940 wo=28517 core=2
KM_MSGPROF sender ctx=1 root=false query=None pred_sent=457432 (7.9%) pool=545 preds=940 wo=28517 core=2
KM_MSGPROF sender ctx=18 root=false query=None pred_sent=34320 (0.6%) pool=240 preds=143 wo=587 core=3
KM_MSGPROF sender ctx=106 root=false query=None pred_sent=31065 (0.5%) pool=285 preds=109 wo=679 core=3
KM_PROF[time-ms] msgloop pred_payload=589.9 pred_arrival=78391.7 propagate=2036.1 | add_clause=70477.5 (lookup=919.5 fwdsub=65435.1 backsub=544.1 index=2018.7) hyper=608.0 subsume=1255.8 pred_local=1560.5
KM_PROF msgloop guard=4240000 contexts=1317 msgs_pending=0 saturate_calls=920 succ=94205 pred=4145794 ground_wo=0
KM_MSGPROF arrivals dup=0 empty_join=0 conclusions=4231898 conclusions_new=4187170 (98.94% new) | arena[succ]=89318 arena[root]=14436 pred_interned=65994 ctx_clause_slots=4710906
KM_MSGPROF sender ctx=2 root=false query=None pred_sent=770232 (13.3%) pool=885 preds=940 wo=38272 core=2
KM_MSGPROF sender ctx=3 root=false query=None pred_sent=600032 (10.4%) pool=700 preds=940 wo=33670 core=2
KM_MSGPROF sender ctx=4 root=false query=None pred_sent=521784 (9.0%) pool=804 preds=720 wo=37763 core=2
KM_MSGPROF sender ctx=5 root=false query=None pred_sent=461064 (8.0%) pool=716 preds=720 wo=39231 core=2
KM_MSGPROF sender ctx=6 root=false query=None pred_sent=457432 (7.9%) pool=545 preds=940 wo=28517 core=2
KM_MSGPROF sender ctx=1 root=false query=None pred_sent=457432 (7.9%) pool=545 preds=940 wo=28517 core=2
KM_MSGPROF sender ctx=18 root=false query=None pred_sent=34320 (0.6%) pool=240 preds=143 wo=587 core=3
KM_MSGPROF sender ctx=106 root=false query=None pred_sent=31065 (0.5%) pool=285 preds=109 wo=679 core=3
KM_PROF[time-ms] msgloop pred_payload=591.5 pred_arrival=78453.5 propagate=2036.1 | add_clause=70495.1 (lookup=921.7 fwdsub=65438.6 backsub=545.3 index=2023.2) hyper=608.0 subsume=1255.8 pred_local=1560.5
KM_PROF msgloop guard=4260000 contexts=1317 msgs_pending=0 saturate_calls=920 succ=94205 pred=4165794 ground_wo=0
KM_MSGPROF arrivals dup=0 empty_join=0 conclusions=4251898 conclusions_new=4206630 (98.94% new) | arena[succ]=89318 arena[root]=14436 pred_interned=65994 ctx_clause_slots=4730366
KM_MSGPROF sender ctx=2 root=false query=None pred_sent=770232 (13.3%) pool=885 preds=940 wo=38272 core=2
KM_MSGPROF sender ctx=3 root=false query=None pred_sent=600032 (10.4%) pool=700 preds=940 wo=33670 core=2
KM_MSGPROF sender ctx=4 root=false query=None pred_sent=521784 (9.0%) pool=804 preds=720 wo=37763 core=2
KM_MSGPROF sender ctx=5 root=false query=None pred_sent=461064 (8.0%) pool=716 preds=720 wo=39231 core=2
KM_MSGPROF sender ctx=6 root=false query=None pred_sent=457432 (7.9%) pool=545 preds=940 wo=28517 core=2
KM_MSGPROF sender ctx=1 root=false query=None pred_sent=457432 (7.9%) pool=545 preds=940 wo=28517 core=2
KM_MSGPROF sender ctx=18 root=false query=None pred_sent=34320 (0.6%) pool=240 preds=143 wo=587 core=3
KM_MSGPROF sender ctx=106 root=false query=None pred_sent=31065 (0.5%) pool=285 preds=109 wo=679 core=3
KM_PROF[time-ms] msgloop pred_payload=593.0 pred_arrival=78509.7 propagate=2036.1 | add_clause=70512.3 (lookup=923.9 fwdsub=65441.8 backsub=546.5 index=2027.6) hyper=608.0 subsume=1255.8 pred_local=1560.5
KM_PROF msgloop guard=4280000 contexts=1317 msgs_pending=0 saturate_calls=920 succ=94205 pred=4185794 ground_wo=0
KM_MSGPROF arrivals dup=0 empty_join=0 conclusions=4271898 conclusions_new=4226082 (98.93% new) | arena[succ]=89318 arena[root]=14436 pred_interned=65994 ctx_clause_slots=4749818
KM_MSGPROF sender ctx=2 root=false query=None pred_sent=770232 (13.3%) pool=885 preds=940 wo=38272 core=2
KM_MSGPROF sender ctx=3 root=false query=None pred_sent=600032 (10.4%) pool=700 preds=940 wo=33670 core=2
KM_MSGPROF sender ctx=4 root=false query=None pred_sent=521784 (9.0%) pool=804 preds=720 wo=37763 core=2
KM_MSGPROF sender ctx=5 root=false query=None pred_sent=461064 (8.0%) pool=716 preds=720 wo=39231 core=2
KM_MSGPROF sender ctx=6 root=false query=None pred_sent=457432 (7.9%) pool=545 preds=940 wo=28517 core=2
KM_MSGPROF sender ctx=1 root=false query=None pred_sent=457432 (7.9%) pool=545 preds=940 wo=28517 core=2
KM_MSGPROF sender ctx=18 root=false query=None pred_sent=34320 (0.6%) pool=240 preds=143 wo=587 core=3
KM_MSGPROF sender ctx=106 root=false query=None pred_sent=31065 (0.5%) pool=285 preds=109 wo=679 core=3
KM_PROF[time-ms] msgloop pred_payload=594.7 pred_arrival=78573.4 propagate=2036.1 | add_clause=70529.3 (lookup=926.1 fwdsub=65445.0 backsub=547.7 index=2031.8) hyper=608.0 subsume=1255.8 pred_local=1560.5
KM_PROF msgloop guard=4300000 contexts=1317 msgs_pending=0 saturate_calls=920 succ=94205 pred=4205794 ground_wo=0
KM_MSGPROF arrivals dup=0 empty_join=0 conclusions=4291898 conclusions_new=4245534 (98.92% new) | arena[succ]=89318 arena[root]=14436 pred_interned=65994 ctx_clause_slots=4769270
KM_MSGPROF sender ctx=2 root=false query=None pred_sent=770232 (13.3%) pool=885 preds=940 wo=38272 core=2
KM_MSGPROF sender ctx=3 root=false query=None pred_sent=600032 (10.4%) pool=700 preds=940 wo=33670 core=2
KM_MSGPROF sender ctx=4 root=false query=None pred_sent=521784 (9.0%) pool=804 preds=720 wo=37763 core=2
KM_MSGPROF sender ctx=5 root=false query=None pred_sent=461064 (8.0%) pool=716 preds=720 wo=39231 core=2
KM_MSGPROF sender ctx=6 root=false query=None pred_sent=457432 (7.9%) pool=545 preds=940 wo=28517 core=2
KM_MSGPROF sender ctx=1 root=false query=None pred_sent=457432 (7.9%) pool=545 preds=940 wo=28517 core=2
KM_MSGPROF sender ctx=18 root=false query=None pred_sent=34320 (0.6%) pool=240 preds=143 wo=587 core=3
KM_MSGPROF sender ctx=106 root=false query=None pred_sent=31065 (0.5%) pool=285 preds=109 wo=679 core=3
KM_PROF[time-ms] msgloop pred_payload=596.3 pred_arrival=78636.1 propagate=2036.1 | add_clause=70546.3 (lookup=928.3 fwdsub=65448.1 backsub=548.8 index=2036.1) hyper=608.0 subsume=1255.8 pred_local=1560.5
KM_PROF msgloop guard=4320000 contexts=1317 msgs_pending=0 saturate_calls=920 succ=94205 pred=4225794 ground_wo=0
KM_MSGPROF arrivals dup=0 empty_join=0 conclusions=4311898 conclusions_new=4265123 (98.92% new) | arena[succ]=89318 arena[root]=14436 pred_interned=65994 ctx_clause_slots=4788859
KM_MSGPROF sender ctx=2 root=false query=None pred_sent=770232 (13.3%) pool=885 preds=940 wo=38272 core=2
KM_MSGPROF sender ctx=3 root=false query=None pred_sent=600032 (10.4%) pool=700 preds=940 wo=33670 core=2
KM_MSGPROF sender ctx=4 root=false query=None pred_sent=521784 (9.0%) pool=804 preds=720 wo=37763 core=2
KM_MSGPROF sender ctx=5 root=false query=None pred_sent=461064 (8.0%) pool=716 preds=720 wo=39231 core=2
KM_MSGPROF sender ctx=6 root=false query=None pred_sent=457432 (7.9%) pool=545 preds=940 wo=28517 core=2
KM_MSGPROF sender ctx=1 root=false query=None pred_sent=457432 (7.9%) pool=545 preds=940 wo=28517 core=2
KM_MSGPROF sender ctx=18 root=false query=None pred_sent=34320 (0.6%) pool=240 preds=143 wo=587 core=3
KM_MSGPROF sender ctx=106 root=false query=None pred_sent=31065 (0.5%) pool=285 preds=109 wo=679 core=3
KM_PROF[time-ms] msgloop pred_payload=597.9 pred_arrival=78690.3 propagate=2036.1 | add_clause=70563.2 (lookup=930.5 fwdsub=65451.2 backsub=550.0 index=2040.4) hyper=608.0 subsume=1255.8 pred_local=1560.5
KM_PROF msgloop guard=4340000 contexts=1317 msgs_pending=0 saturate_calls=920 succ=94205 pred=4245794 ground_wo=0
KM_MSGPROF arrivals dup=0 empty_join=0 conclusions=4331898 conclusions_new=4284670 (98.91% new) | arena[succ]=89318 arena[root]=14436 pred_interned=65994 ctx_clause_slots=4808406
KM_MSGPROF sender ctx=2 root=false query=None pred_sent=770232 (13.3%) pool=885 preds=940 wo=38272 core=2
KM_MSGPROF sender ctx=3 root=false query=None pred_sent=600032 (10.4%) pool=700 preds=940 wo=33670 core=2
KM_MSGPROF sender ctx=4 root=false query=None pred_sent=521784 (9.0%) pool=804 preds=720 wo=37763 core=2
KM_MSGPROF sender ctx=5 root=false query=None pred_sent=461064 (8.0%) pool=716 preds=720 wo=39231 core=2
KM_MSGPROF sender ctx=6 root=false query=None pred_sent=457432 (7.9%) pool=545 preds=940 wo=28517 core=2
KM_MSGPROF sender ctx=1 root=false query=None pred_sent=457432 (7.9%) pool=545 preds=940 wo=28517 core=2
KM_MSGPROF sender ctx=18 root=false query=None pred_sent=34320 (0.6%) pool=240 preds=143 wo=587 core=3
KM_MSGPROF sender ctx=106 root=false query=None pred_sent=31065 (0.5%) pool=285 preds=109 wo=679 core=3
KM_PROF[time-ms] msgloop pred_payload=599.4 pred_arrival=78744.9 propagate=2036.1 | add_clause=70580.1 (lookup=932.7 fwdsub=65454.3 backsub=551.2 index=2044.6) hyper=608.0 subsume=1255.8 pred_local=1560.5
KM_PROF msgloop guard=4360000 contexts=1317 msgs_pending=0 saturate_calls=920 succ=94205 pred=4265794 ground_wo=0
KM_MSGPROF arrivals dup=0 empty_join=0 conclusions=4351898 conclusions_new=4304122 (98.90% new) | arena[succ]=89318 arena[root]=14436 pred_interned=65994 ctx_clause_slots=4827858
KM_MSGPROF sender ctx=2 root=false query=None pred_sent=770232 (13.3%) pool=885 preds=940 wo=38272 core=2
KM_MSGPROF sender ctx=3 root=false query=None pred_sent=600032 (10.4%) pool=700 preds=940 wo=33670 core=2
KM_MSGPROF sender ctx=4 root=false query=None pred_sent=521784 (9.0%) pool=804 preds=720 wo=37763 core=2
KM_MSGPROF sender ctx=5 root=false query=None pred_sent=461064 (8.0%) pool=716 preds=720 wo=39231 core=2
KM_MSGPROF sender ctx=6 root=false query=None pred_sent=457432 (7.9%) pool=545 preds=940 wo=28517 core=2
KM_MSGPROF sender ctx=1 root=false query=None pred_sent=457432 (7.9%) pool=545 preds=940 wo=28517 core=2
KM_MSGPROF sender ctx=18 root=false query=None pred_sent=34320 (0.6%) pool=240 preds=143 wo=587 core=3
KM_MSGPROF sender ctx=106 root=false query=None pred_sent=31065 (0.5%) pool=285 preds=109 wo=679 core=3
KM_PROF[time-ms] msgloop pred_payload=601.1 pred_arrival=78809.8 propagate=2036.1 | add_clause=70597.4 (lookup=935.0 fwdsub=65457.5 backsub=552.4 index=2049.0) hyper=608.0 subsume=1255.8 pred_local=1560.5
KM_PROF msgloop guard=4380000 contexts=1317 msgs_pending=0 saturate_calls=920 succ=94205 pred=4285794 ground_wo=0
KM_MSGPROF arrivals dup=0 empty_join=0 conclusions=4371898 conclusions_new=4323574 (98.89% new) | arena[succ]=89318 arena[root]=14436 pred_interned=65994 ctx_clause_slots=4847310
KM_MSGPROF sender ctx=2 root=false query=None pred_sent=770232 (13.3%) pool=885 preds=940 wo=38272 core=2
KM_MSGPROF sender ctx=3 root=false query=None pred_sent=600032 (10.4%) pool=700 preds=940 wo=33670 core=2
KM_MSGPROF sender ctx=4 root=false query=None pred_sent=521784 (9.0%) pool=804 preds=720 wo=37763 core=2
KM_MSGPROF sender ctx=5 root=false query=None pred_sent=461064 (8.0%) pool=716 preds=720 wo=39231 core=2
KM_MSGPROF sender ctx=6 root=false query=None pred_sent=457432 (7.9%) pool=545 preds=940 wo=28517 core=2
KM_MSGPROF sender ctx=1 root=false query=None pred_sent=457432 (7.9%) pool=545 preds=940 wo=28517 core=2
KM_MSGPROF sender ctx=18 root=false query=None pred_sent=34320 (0.6%) pool=240 preds=143 wo=587 core=3
KM_MSGPROF sender ctx=106 root=false query=None pred_sent=31065 (0.5%) pool=285 preds=109 wo=679 core=3
KM_PROF[time-ms] msgloop pred_payload=602.8 pred_arrival=78874.5 propagate=2036.1 | add_clause=70614.8 (lookup=937.3 fwdsub=65460.7 backsub=553.6 index=2053.3) hyper=608.0 subsume=1255.8 pred_local=1560.5
KM_PROF msgloop guard=4400000 contexts=1317 msgs_pending=0 saturate_calls=920 succ=94205 pred=4305794 ground_wo=0
KM_MSGPROF arrivals dup=0 empty_join=0 conclusions=4391898 conclusions_new=4343163 (98.89% new) | arena[succ]=89318 arena[root]=14436 pred_interned=65994 ctx_clause_slots=4866899
KM_MSGPROF sender ctx=2 root=false query=None pred_sent=770232 (13.3%) pool=885 preds=940 wo=38272 core=2
KM_MSGPROF sender ctx=3 root=false query=None pred_sent=600032 (10.4%) pool=700 preds=940 wo=33670 core=2
KM_MSGPROF sender ctx=4 root=false query=None pred_sent=521784 (9.0%) pool=804 preds=720 wo=37763 core=2
KM_MSGPROF sender ctx=5 root=false query=None pred_sent=461064 (8.0%) pool=716 preds=720 wo=39231 core=2
KM_MSGPROF sender ctx=6 root=false query=None pred_sent=457432 (7.9%) pool=545 preds=940 wo=28517 core=2
KM_MSGPROF sender ctx=1 root=false query=None pred_sent=457432 (7.9%) pool=545 preds=940 wo=28517 core=2
KM_MSGPROF sender ctx=18 root=false query=None pred_sent=34320 (0.6%) pool=240 preds=143 wo=587 core=3
KM_MSGPROF sender ctx=106 root=false query=None pred_sent=31065 (0.5%) pool=285 preds=109 wo=679 core=3
KM_PROF[time-ms] msgloop pred_payload=604.4 pred_arrival=78933.6 propagate=2036.1 | add_clause=70633.2 (lookup=939.6 fwdsub=65464.2 backsub=554.8 index=2058.0) hyper=608.0 subsume=1255.8 pred_local=1560.5
KM_PROF msgloop guard=4420000 contexts=1317 msgs_pending=0 saturate_calls=920 succ=94205 pred=4325794 ground_wo=0
KM_MSGPROF arrivals dup=0 empty_join=0 conclusions=4411898 conclusions_new=4362675 (98.88% new) | arena[succ]=89318 arena[root]=14436 pred_interned=65994 ctx_clause_slots=4886411
KM_MSGPROF sender ctx=2 root=false query=None pred_sent=770232 (13.3%) pool=885 preds=940 wo=38272 core=2
KM_MSGPROF sender ctx=3 root=false query=None pred_sent=600032 (10.4%) pool=700 preds=940 wo=33670 core=2
KM_MSGPROF sender ctx=4 root=false query=None pred_sent=521784 (9.0%) pool=804 preds=720 wo=37763 core=2
KM_MSGPROF sender ctx=5 root=false query=None pred_sent=461064 (8.0%) pool=716 preds=720 wo=39231 core=2
KM_MSGPROF sender ctx=6 root=false query=None pred_sent=457432 (7.9%) pool=545 preds=940 wo=28517 core=2
KM_MSGPROF sender ctx=1 root=false query=None pred_sent=457432 (7.9%) pool=545 preds=940 wo=28517 core=2
KM_MSGPROF sender ctx=18 root=false query=None pred_sent=34320 (0.6%) pool=240 preds=143 wo=587 core=3
KM_MSGPROF sender ctx=106 root=false query=None pred_sent=31065 (0.5%) pool=285 preds=109 wo=679 core=3
KM_PROF[time-ms] msgloop pred_payload=606.1 pred_arrival=78998.5 propagate=2036.1 | add_clause=70651.5 (lookup=941.8 fwdsub=65467.8 backsub=556.1 index=2062.6) hyper=608.0 subsume=1255.8 pred_local=1560.5
KM_PROF msgloop guard=4440000 contexts=1317 msgs_pending=0 saturate_calls=920 succ=94205 pred=4345794 ground_wo=0
KM_MSGPROF arrivals dup=0 empty_join=0 conclusions=4431898 conclusions_new=4382187 (98.88% new) | arena[succ]=89318 arena[root]=14436 pred_interned=65994 ctx_clause_slots=4905923
KM_MSGPROF sender ctx=2 root=false query=None pred_sent=770232 (13.3%) pool=885 preds=940 wo=38272 core=2
KM_MSGPROF sender ctx=3 root=false query=None pred_sent=600032 (10.4%) pool=700 preds=940 wo=33670 core=2
KM_MSGPROF sender ctx=4 root=false query=None pred_sent=521784 (9.0%) pool=804 preds=720 wo=37763 core=2
KM_MSGPROF sender ctx=5 root=false query=None pred_sent=461064 (8.0%) pool=716 preds=720 wo=39231 core=2
KM_MSGPROF sender ctx=6 root=false query=None pred_sent=457432 (7.9%) pool=545 preds=940 wo=28517 core=2
KM_MSGPROF sender ctx=1 root=false query=None pred_sent=457432 (7.9%) pool=545 preds=940 wo=28517 core=2
KM_MSGPROF sender ctx=18 root=false query=None pred_sent=34320 (0.6%) pool=240 preds=143 wo=587 core=3
KM_MSGPROF sender ctx=106 root=false query=None pred_sent=31065 (0.5%) pool=285 preds=109 wo=679 core=3
KM_PROF[time-ms] msgloop pred_payload=607.8 pred_arrival=79065.7 propagate=2036.1 | add_clause=70670.1 (lookup=944.1 fwdsub=65471.4 backsub=557.3 index=2067.3) hyper=608.0 subsume=1255.8 pred_local=1560.5
KM_PROF msgloop guard=4460000 contexts=1317 msgs_pending=0 saturate_calls=920 succ=94205 pred=4365794 ground_wo=0
KM_MSGPROF arrivals dup=0 empty_join=0 conclusions=4451898 conclusions_new=4401821 (98.88% new) | arena[succ]=89318 arena[root]=14436 pred_interned=65994 ctx_clause_slots=4925557
KM_MSGPROF sender ctx=2 root=false query=None pred_sent=770232 (13.3%) pool=885 preds=940 wo=38272 core=2
KM_MSGPROF sender ctx=3 root=false query=None pred_sent=600032 (10.4%) pool=700 preds=940 wo=33670 core=2
KM_MSGPROF sender ctx=4 root=false query=None pred_sent=521784 (9.0%) pool=804 preds=720 wo=37763 core=2
KM_MSGPROF sender ctx=5 root=false query=None pred_sent=461064 (8.0%) pool=716 preds=720 wo=39231 core=2
KM_MSGPROF sender ctx=6 root=false query=None pred_sent=457432 (7.9%) pool=545 preds=940 wo=28517 core=2
KM_MSGPROF sender ctx=1 root=false query=None pred_sent=457432 (7.9%) pool=545 preds=940 wo=28517 core=2
KM_MSGPROF sender ctx=18 root=false query=None pred_sent=34320 (0.6%) pool=240 preds=143 wo=587 core=3
KM_MSGPROF sender ctx=106 root=false query=None pred_sent=31065 (0.5%) pool=285 preds=109 wo=679 core=3
KM_PROF[time-ms] msgloop pred_payload=609.4 pred_arrival=79123.5 propagate=2036.1 | add_clause=70687.5 (lookup=946.4 fwdsub=65474.7 backsub=558.5 index=2071.7) hyper=608.0 subsume=1255.8 pred_local=1560.5
KM_PROF msgloop guard=4480000 contexts=1317 msgs_pending=0 saturate_calls=920 succ=94205 pred=4385794 ground_wo=0
KM_MSGPROF arrivals dup=0 empty_join=0 conclusions=4471898 conclusions_new=4421641 (98.88% new) | arena[succ]=89318 arena[root]=14436 pred_interned=65994 ctx_clause_slots=4945377
KM_MSGPROF sender ctx=2 root=false query=None pred_sent=770232 (13.3%) pool=885 preds=940 wo=38272 core=2
KM_MSGPROF sender ctx=3 root=false query=None pred_sent=600032 (10.4%) pool=700 preds=940 wo=33670 core=2
KM_MSGPROF sender ctx=4 root=false query=None pred_sent=521784 (9.0%) pool=804 preds=720 wo=37763 core=2
KM_MSGPROF sender ctx=5 root=false query=None pred_sent=461064 (8.0%) pool=716 preds=720 wo=39231 core=2
KM_MSGPROF sender ctx=6 root=false query=None pred_sent=457432 (7.9%) pool=545 preds=940 wo=28517 core=2
KM_MSGPROF sender ctx=1 root=false query=None pred_sent=457432 (7.9%) pool=545 preds=940 wo=28517 core=2
KM_MSGPROF sender ctx=18 root=false query=None pred_sent=34320 (0.6%) pool=240 preds=143 wo=587 core=3
KM_MSGPROF sender ctx=106 root=false query=None pred_sent=31065 (0.5%) pool=285 preds=109 wo=679 core=3
KM_PROF[time-ms] msgloop pred_payload=611.0 pred_arrival=79174.8 propagate=2036.1 | add_clause=70702.9 (lookup=948.8 fwdsub=65477.2 backsub=559.7 index=2075.4) hyper=608.0 subsume=1255.8 pred_local=1560.5
KM_PROF msgloop guard=4500000 contexts=1317 msgs_pending=0 saturate_calls=920 succ=94205 pred=4405794 ground_wo=0
KM_MSGPROF arrivals dup=0 empty_join=0 conclusions=4491898 conclusions_new=4441413 (98.88% new) | arena[succ]=89318 arena[root]=14436 pred_interned=65994 ctx_clause_slots=4965149
KM_MSGPROF sender ctx=2 root=false query=None pred_sent=770232 (13.3%) pool=885 preds=940 wo=38272 core=2
KM_MSGPROF sender ctx=3 root=false query=None pred_sent=600032 (10.4%) pool=700 preds=940 wo=33670 core=2
KM_MSGPROF sender ctx=4 root=false query=None pred_sent=521784 (9.0%) pool=804 preds=720 wo=37763 core=2
KM_MSGPROF sender ctx=5 root=false query=None pred_sent=461064 (8.0%) pool=716 preds=720 wo=39231 core=2
KM_MSGPROF sender ctx=6 root=false query=None pred_sent=457432 (7.9%) pool=545 preds=940 wo=28517 core=2
KM_MSGPROF sender ctx=1 root=false query=None pred_sent=457432 (7.9%) pool=545 preds=940 wo=28517 core=2
KM_MSGPROF sender ctx=18 root=false query=None pred_sent=34320 (0.6%) pool=240 preds=143 wo=587 core=3
KM_MSGPROF sender ctx=106 root=false query=None pred_sent=31065 (0.5%) pool=285 preds=109 wo=679 core=3
KM_PROF[time-ms] msgloop pred_payload=612.7 pred_arrival=79221.8 propagate=2036.1 | add_clause=70716.8 (lookup=951.3 fwdsub=65479.3 backsub=560.9 index=2078.7) hyper=608.0 subsume=1255.8 pred_local=1560.5
KM_PROF msgloop guard=4520000 contexts=1317 msgs_pending=0 saturate_calls=920 succ=94205 pred=4425794 ground_wo=0
KM_MSGPROF arrivals dup=0 empty_join=0 conclusions=4511898 conclusions_new=4461116 (98.87% new) | arena[succ]=89318 arena[root]=14436 pred_interned=65994 ctx_clause_slots=4984852
KM_MSGPROF sender ctx=2 root=false query=None pred_sent=770232 (13.3%) pool=885 preds=940 wo=38272 core=2
KM_MSGPROF sender ctx=3 root=false query=None pred_sent=600032 (10.4%) pool=700 preds=940 wo=33670 core=2
KM_MSGPROF sender ctx=4 root=false query=None pred_sent=521784 (9.0%) pool=804 preds=720 wo=37763 core=2
KM_MSGPROF sender ctx=5 root=false query=None pred_sent=461064 (8.0%) pool=716 preds=720 wo=39231 core=2
KM_MSGPROF sender ctx=6 root=false query=None pred_sent=457432 (7.9%) pool=545 preds=940 wo=28517 core=2
KM_MSGPROF sender ctx=1 root=false query=None pred_sent=457432 (7.9%) pool=545 preds=940 wo=28517 core=2
KM_MSGPROF sender ctx=18 root=false query=None pred_sent=34320 (0.6%) pool=240 preds=143 wo=587 core=3
KM_MSGPROF sender ctx=106 root=false query=None pred_sent=31065 (0.5%) pool=285 preds=109 wo=679 core=3
KM_PROF[time-ms] msgloop pred_payload=614.4 pred_arrival=79270.4 propagate=2036.1 | add_clause=70730.9 (lookup=953.9 fwdsub=65481.4 backsub=562.1 index=2081.9) hyper=608.0 subsume=1255.8 pred_local=1560.5
KM_PROF msgloop guard=4540000 contexts=1317 msgs_pending=0 saturate_calls=920 succ=94205 pred=4445794 ground_wo=0
KM_MSGPROF arrivals dup=0 empty_join=0 conclusions=4531898 conclusions_new=4480579 (98.87% new) | arena[succ]=89318 arena[root]=14436 pred_interned=65994 ctx_clause_slots=5004315
KM_MSGPROF sender ctx=2 root=false query=None pred_sent=770232 (13.3%) pool=885 preds=940 wo=38272 core=2
KM_MSGPROF sender ctx=3 root=false query=None pred_sent=600032 (10.4%) pool=700 preds=940 wo=33670 core=2
KM_MSGPROF sender ctx=4 root=false query=None pred_sent=521784 (9.0%) pool=804 preds=720 wo=37763 core=2
KM_MSGPROF sender ctx=5 root=false query=None pred_sent=461064 (8.0%) pool=716 preds=720 wo=39231 core=2
KM_MSGPROF sender ctx=6 root=false query=None pred_sent=457432 (7.9%) pool=545 preds=940 wo=28517 core=2
KM_MSGPROF sender ctx=1 root=false query=None pred_sent=457432 (7.9%) pool=545 preds=940 wo=28517 core=2
KM_MSGPROF sender ctx=18 root=false query=None pred_sent=34320 (0.6%) pool=240 preds=143 wo=587 core=3
KM_MSGPROF sender ctx=106 root=false query=None pred_sent=31065 (0.5%) pool=285 preds=109 wo=679 core=3
KM_PROF[time-ms] msgloop pred_payload=616.0 pred_arrival=79320.5 propagate=2036.1 | add_clause=70745.3 (lookup=956.3 fwdsub=65483.8 backsub=563.3 index=2085.5) hyper=608.0 subsume=1255.8 pred_local=1560.5
KM_PROF msgloop guard=4560000 contexts=1317 msgs_pending=0 saturate_calls=920 succ=94205 pred=4465794 ground_wo=0
KM_MSGPROF arrivals dup=0 empty_join=0 conclusions=4551898 conclusions_new=4500093 (98.86% new) | arena[succ]=89318 arena[root]=14436 pred_interned=65994 ctx_clause_slots=5023829
KM_MSGPROF sender ctx=2 root=false query=None pred_sent=770232 (13.3%) pool=885 preds=940 wo=38272 core=2
KM_MSGPROF sender ctx=3 root=false query=None pred_sent=600032 (10.4%) pool=700 preds=940 wo=33670 core=2
KM_MSGPROF sender ctx=4 root=false query=None pred_sent=521784 (9.0%) pool=804 preds=720 wo=37763 core=2
KM_MSGPROF sender ctx=5 root=false query=None pred_sent=461064 (8.0%) pool=716 preds=720 wo=39231 core=2
KM_MSGPROF sender ctx=6 root=false query=None pred_sent=457432 (7.9%) pool=545 preds=940 wo=28517 core=2
KM_MSGPROF sender ctx=1 root=false query=None pred_sent=457432 (7.9%) pool=545 preds=940 wo=28517 core=2
KM_MSGPROF sender ctx=18 root=false query=None pred_sent=34320 (0.6%) pool=240 preds=143 wo=587 core=3
KM_MSGPROF sender ctx=106 root=false query=None pred_sent=31065 (0.5%) pool=285 preds=109 wo=679 core=3
KM_PROF[time-ms] msgloop pred_payload=617.7 pred_arrival=79370.1 propagate=2036.1 | add_clause=70759.6 (lookup=958.7 fwdsub=65486.1 backsub=564.5 index=2089.1) hyper=608.0 subsume=1255.8 pred_local=1560.5
KM_PROF msgloop guard=4580000 contexts=1317 msgs_pending=0 saturate_calls=920 succ=98009 pred=4481990 ground_wo=0
KM_MSGPROF arrivals dup=0 empty_join=0 conclusions=4568094 conclusions_new=4515725 (98.85% new) | arena[succ]=92178 arena[root]=14436 pred_interned=68891 ctx_clause_slots=5039461
KM_MSGPROF sender ctx=2 root=false query=None pred_sent=770232 (13.3%) pool=885 preds=980 wo=38272 core=2
KM_MSGPROF sender ctx=3 root=false query=None pred_sent=600032 (10.4%) pool=700 preds=980 wo=33670 core=2
KM_MSGPROF sender ctx=4 root=false query=None pred_sent=521784 (9.0%) pool=804 preds=750 wo=37763 core=2
KM_MSGPROF sender ctx=5 root=false query=None pred_sent=461064 (8.0%) pool=716 preds=750 wo=39231 core=2
KM_MSGPROF sender ctx=6 root=false query=None pred_sent=457432 (7.9%) pool=545 preds=980 wo=28517 core=2
KM_MSGPROF sender ctx=1 root=false query=None pred_sent=457432 (7.9%) pool=545 preds=980 wo=28517 core=2
KM_MSGPROF sender ctx=18 root=false query=None pred_sent=34320 (0.6%) pool=240 preds=153 wo=587 core=3
KM_MSGPROF sender ctx=106 root=false query=None pred_sent=31065 (0.5%) pool=285 preds=115 wo=679 core=3
KM_PROF[time-ms] msgloop pred_payload=619.3 pred_arrival=79414.7 propagate=2036.1 | add_clause=70774.0 (lookup=961.0 fwdsub=65489.1 backsub=565.5 index=2092.9) hyper=608.0 subsume=1255.8 pred_local=1560.5
KM_PROF msgloop guard=4600000 contexts=1317 msgs_pending=0 saturate_calls=920 succ=98009 pred=4501990 ground_wo=0
KM_MSGPROF arrivals dup=0 empty_join=0 conclusions=4588094 conclusions_new=4535725 (98.86% new) | arena[succ]=92178 arena[root]=14436 pred_interned=68891 ctx_clause_slots=5059461
KM_MSGPROF sender ctx=2 root=false query=None pred_sent=770232 (13.3%) pool=885 preds=980 wo=38272 core=2
KM_MSGPROF sender ctx=3 root=false query=None pred_sent=600032 (10.4%) pool=700 preds=980 wo=33670 core=2
KM_MSGPROF sender ctx=4 root=false query=None pred_sent=521784 (9.0%) pool=804 preds=750 wo=37763 core=2
KM_MSGPROF sender ctx=5 root=false query=None pred_sent=461064 (8.0%) pool=716 preds=750 wo=39231 core=2
KM_MSGPROF sender ctx=6 root=false query=None pred_sent=457432 (7.9%) pool=545 preds=980 wo=28517 core=2
KM_MSGPROF sender ctx=1 root=false query=None pred_sent=457432 (7.9%) pool=545 preds=980 wo=28517 core=2
KM_MSGPROF sender ctx=18 root=false query=None pred_sent=34320 (0.6%) pool=240 preds=153 wo=587 core=3
KM_MSGPROF sender ctx=106 root=false query=None pred_sent=31065 (0.5%) pool=285 preds=115 wo=679 core=3
KM_PROF[time-ms] msgloop pred_payload=620.9 pred_arrival=79477.2 propagate=2036.1 | add_clause=70791.6 (lookup=963.2 fwdsub=65492.5 backsub=566.6 index=2097.2) hyper=608.0 subsume=1255.8 pred_local=1560.5
KM_PROF msgloop guard=4620000 contexts=1317 msgs_pending=0 saturate_calls=920 succ=98009 pred=4521990 ground_wo=0
KM_MSGPROF arrivals dup=0 empty_join=0 conclusions=4608094 conclusions_new=4555309 (98.85% new) | arena[succ]=92178 arena[root]=14436 pred_interned=68891 ctx_clause_slots=5079045
KM_MSGPROF sender ctx=2 root=false query=None pred_sent=770232 (13.3%) pool=885 preds=980 wo=38272 core=2
KM_MSGPROF sender ctx=3 root=false query=None pred_sent=600032 (10.4%) pool=700 preds=980 wo=33670 core=2
KM_MSGPROF sender ctx=4 root=false query=None pred_sent=521784 (9.0%) pool=804 preds=750 wo=37763 core=2
KM_MSGPROF sender ctx=5 root=false query=None pred_sent=461064 (8.0%) pool=716 preds=750 wo=39231 core=2
KM_MSGPROF sender ctx=6 root=false query=None pred_sent=457432 (7.9%) pool=545 preds=980 wo=28517 core=2
KM_MSGPROF sender ctx=1 root=false query=None pred_sent=457432 (7.9%) pool=545 preds=980 wo=28517 core=2
KM_MSGPROF sender ctx=18 root=false query=None pred_sent=34320 (0.6%) pool=240 preds=153 wo=587 core=3
KM_MSGPROF sender ctx=106 root=false query=None pred_sent=31065 (0.5%) pool=285 preds=115 wo=679 core=3
KM_PROF[time-ms] msgloop pred_payload=622.5 pred_arrival=79540.4 propagate=2036.1 | add_clause=70808.7 (lookup=965.4 fwdsub=65495.7 backsub=567.8 index=2101.5) hyper=608.0 subsume=1255.8 pred_local=1560.5
KM_PROF msgloop guard=4640000 contexts=1317 msgs_pending=0 saturate_calls=920 succ=98009 pred=4541990 ground_wo=0
KM_MSGPROF arrivals dup=0 empty_join=0 conclusions=4628094 conclusions_new=4574988 (98.85% new) | arena[succ]=92178 arena[root]=14436 pred_interned=68891 ctx_clause_slots=5098724
KM_MSGPROF sender ctx=2 root=false query=None pred_sent=770232 (13.3%) pool=885 preds=980 wo=38272 core=2
KM_MSGPROF sender ctx=3 root=false query=None pred_sent=600032 (10.4%) pool=700 preds=980 wo=33670 core=2
KM_MSGPROF sender ctx=4 root=false query=None pred_sent=521784 (9.0%) pool=804 preds=750 wo=37763 core=2
KM_MSGPROF sender ctx=5 root=false query=None pred_sent=461064 (8.0%) pool=716 preds=750 wo=39231 core=2
KM_MSGPROF sender ctx=6 root=false query=None pred_sent=457432 (7.9%) pool=545 preds=980 wo=28517 core=2
KM_MSGPROF sender ctx=1 root=false query=None pred_sent=457432 (7.9%) pool=545 preds=980 wo=28517 core=2
KM_MSGPROF sender ctx=18 root=false query=None pred_sent=34320 (0.6%) pool=240 preds=153 wo=587 core=3
KM_MSGPROF sender ctx=106 root=false query=None pred_sent=31065 (0.5%) pool=285 preds=115 wo=679 core=3
KM_PROF[time-ms] msgloop pred_payload=624.3 pred_arrival=79596.0 propagate=2036.1 | add_clause=70825.1 (lookup=967.6 fwdsub=65498.7 backsub=569.0 index=2105.6) hyper=608.0 subsume=1255.8 pred_local=1560.5
KM_PROF msgloop guard=4660000 contexts=1317 msgs_pending=0 saturate_calls=920 succ=98009 pred=4561990 ground_wo=0
KM_MSGPROF arrivals dup=0 empty_join=0 conclusions=4648094 conclusions_new=4594673 (98.85% new) | arena[succ]=92178 arena[root]=14436 pred_interned=68891 ctx_clause_slots=5118409
KM_MSGPROF sender ctx=2 root=false query=None pred_sent=770232 (13.3%) pool=885 preds=980 wo=38272 core=2
KM_MSGPROF sender ctx=3 root=false query=None pred_sent=600032 (10.4%) pool=700 preds=980 wo=33670 core=2
KM_MSGPROF sender ctx=4 root=false query=None pred_sent=521784 (9.0%) pool=804 preds=750 wo=37763 core=2
KM_MSGPROF sender ctx=5 root=false query=None pred_sent=461064 (8.0%) pool=716 preds=750 wo=39231 core=2
KM_MSGPROF sender ctx=6 root=false query=None pred_sent=457432 (7.9%) pool=545 preds=980 wo=28517 core=2
KM_MSGPROF sender ctx=1 root=false query=None pred_sent=457432 (7.9%) pool=545 preds=980 wo=28517 core=2
KM_MSGPROF sender ctx=18 root=false query=None pred_sent=34320 (0.6%) pool=240 preds=153 wo=587 core=3
KM_MSGPROF sender ctx=106 root=false query=None pred_sent=31065 (0.5%) pool=285 preds=115 wo=679 core=3
KM_PROF[time-ms] msgloop pred_payload=625.8 pred_arrival=79647.6 propagate=2036.1 | add_clause=70841.0 (lookup=969.7 fwdsub=65501.5 backsub=570.2 index=2109.7) hyper=608.0 subsume=1255.8 pred_local=1560.5
KM_PROF msgloop guard=4680000 contexts=1317 msgs_pending=0 saturate_calls=920 succ=98009 pred=4581990 ground_wo=0
KM_MSGPROF arrivals dup=0 empty_join=0 conclusions=4668094 conclusions_new=4614358 (98.85% new) | arena[succ]=92178 arena[root]=14436 pred_interned=68891 ctx_clause_slots=5138094
KM_MSGPROF sender ctx=2 root=false query=None pred_sent=770232 (13.3%) pool=885 preds=980 wo=38272 core=2
KM_MSGPROF sender ctx=3 root=false query=None pred_sent=600032 (10.4%) pool=700 preds=980 wo=33670 core=2
KM_MSGPROF sender ctx=4 root=false query=None pred_sent=521784 (9.0%) pool=804 preds=750 wo=37763 core=2
KM_MSGPROF sender ctx=5 root=false query=None pred_sent=461064 (8.0%) pool=716 preds=750 wo=39231 core=2
KM_MSGPROF sender ctx=6 root=false query=None pred_sent=457432 (7.9%) pool=545 preds=980 wo=28517 core=2
KM_MSGPROF sender ctx=1 root=false query=None pred_sent=457432 (7.9%) pool=545 preds=980 wo=28517 core=2
KM_MSGPROF sender ctx=18 root=false query=None pred_sent=34320 (0.6%) pool=240 preds=153 wo=587 core=3
KM_MSGPROF sender ctx=106 root=false query=None pred_sent=31065 (0.5%) pool=285 preds=115 wo=679 core=3
KM_PROF[time-ms] msgloop pred_payload=627.3 pred_arrival=79699.2 propagate=2036.1 | add_clause=70856.8 (lookup=971.9 fwdsub=65504.2 backsub=571.4 index=2113.7) hyper=608.0 subsume=1255.8 pred_local=1560.5
KM_PROF msgloop guard=4700000 contexts=1317 msgs_pending=0 saturate_calls=920 succ=98009 pred=4601990 ground_wo=0
KM_MSGPROF arrivals dup=0 empty_join=0 conclusions=4688094 conclusions_new=4634358 (98.85% new) | arena[succ]=92178 arena[root]=14436 pred_interned=68891 ctx_clause_slots=5158094
KM_MSGPROF sender ctx=2 root=false query=None pred_sent=770232 (13.3%) pool=885 preds=980 wo=38272 core=2
KM_MSGPROF sender ctx=3 root=false query=None pred_sent=600032 (10.4%) pool=700 preds=980 wo=33670 core=2
KM_MSGPROF sender ctx=4 root=false query=None pred_sent=521784 (9.0%) pool=804 preds=750 wo=37763 core=2
KM_MSGPROF sender ctx=5 root=false query=None pred_sent=461064 (8.0%) pool=716 preds=750 wo=39231 core=2
KM_MSGPROF sender ctx=6 root=false query=None pred_sent=457432 (7.9%) pool=545 preds=980 wo=28517 core=2
KM_MSGPROF sender ctx=1 root=false query=None pred_sent=457432 (7.9%) pool=545 preds=980 wo=28517 core=2
KM_MSGPROF sender ctx=18 root=false query=None pred_sent=34320 (0.6%) pool=240 preds=153 wo=587 core=3
KM_MSGPROF sender ctx=106 root=false query=None pred_sent=31065 (0.5%) pool=285 preds=115 wo=679 core=3
KM_PROF[time-ms] msgloop pred_payload=628.8 pred_arrival=79751.7 propagate=2036.1 | add_clause=70872.6 (lookup=974.1 fwdsub=65507.0 backsub=572.6 index=2117.7) hyper=608.0 subsume=1255.8 pred_local=1560.5
KM_PROF msgloop guard=4720000 contexts=1317 msgs_pending=0 saturate_calls=920 succ=98009 pred=4621990 ground_wo=0
KM_MSGPROF arrivals dup=0 empty_join=0 conclusions=4708094 conclusions_new=4653942 (98.85% new) | arena[succ]=92178 arena[root]=14436 pred_interned=68891 ctx_clause_slots=5177678
KM_MSGPROF sender ctx=2 root=false query=None pred_sent=770232 (13.3%) pool=885 preds=980 wo=38272 core=2
KM_MSGPROF sender ctx=3 root=false query=None pred_sent=600032 (10.4%) pool=700 preds=980 wo=33670 core=2
KM_MSGPROF sender ctx=4 root=false query=None pred_sent=521784 (9.0%) pool=804 preds=750 wo=37763 core=2
KM_MSGPROF sender ctx=5 root=false query=None pred_sent=461064 (8.0%) pool=716 preds=750 wo=39231 core=2
KM_MSGPROF sender ctx=6 root=false query=None pred_sent=457432 (7.9%) pool=545 preds=980 wo=28517 core=2
KM_MSGPROF sender ctx=1 root=false query=None pred_sent=457432 (7.9%) pool=545 preds=980 wo=28517 core=2
KM_MSGPROF sender ctx=18 root=false query=None pred_sent=34320 (0.6%) pool=240 preds=153 wo=587 core=3
KM_MSGPROF sender ctx=106 root=false query=None pred_sent=31065 (0.5%) pool=285 preds=115 wo=679 core=3
KM_PROF[time-ms] msgloop pred_payload=630.4 pred_arrival=79810.5 propagate=2036.1 | add_clause=70887.9 (lookup=976.2 fwdsub=65509.5 backsub=573.7 index=2121.5) hyper=608.0 subsume=1255.8 pred_local=1560.5
KM_PROF msgloop guard=4740000 contexts=1317 msgs_pending=0 saturate_calls=920 succ=98009 pred=4641990 ground_wo=0
KM_MSGPROF arrivals dup=0 empty_join=0 conclusions=4728094 conclusions_new=4673526 (98.85% new) | arena[succ]=92178 arena[root]=14436 pred_interned=68891 ctx_clause_slots=5197262
KM_MSGPROF sender ctx=2 root=false query=None pred_sent=770232 (13.3%) pool=885 preds=980 wo=38272 core=2
KM_MSGPROF sender ctx=3 root=false query=None pred_sent=600032 (10.4%) pool=700 preds=980 wo=33670 core=2
KM_MSGPROF sender ctx=4 root=false query=None pred_sent=521784 (9.0%) pool=804 preds=750 wo=37763 core=2
KM_MSGPROF sender ctx=5 root=false query=None pred_sent=461064 (8.0%) pool=716 preds=750 wo=39231 core=2
KM_MSGPROF sender ctx=6 root=false query=None pred_sent=457432 (7.9%) pool=545 preds=980 wo=28517 core=2
KM_MSGPROF sender ctx=1 root=false query=None pred_sent=457432 (7.9%) pool=545 preds=980 wo=28517 core=2
KM_MSGPROF sender ctx=18 root=false query=None pred_sent=34320 (0.6%) pool=240 preds=153 wo=587 core=3
KM_MSGPROF sender ctx=106 root=false query=None pred_sent=31065 (0.5%) pool=285 preds=115 wo=679 core=3
KM_PROF[time-ms] msgloop pred_payload=632.1 pred_arrival=79871.8 propagate=2036.1 | add_clause=70904.0 (lookup=978.4 fwdsub=65512.3 backsub=574.9 index=2125.6) hyper=608.0 subsume=1255.8 pred_local=1560.5
KM_PROF msgloop guard=4760000 contexts=1317 msgs_pending=0 saturate_calls=920 succ=98009 pred=4661990 ground_wo=0
KM_MSGPROF arrivals dup=0 empty_join=0 conclusions=4748094 conclusions_new=4693214 (98.84% new) | arena[succ]=92178 arena[root]=14436 pred_interned=68891 ctx_clause_slots=5216950
KM_MSGPROF sender ctx=2 root=false query=None pred_sent=770232 (13.3%) pool=885 preds=980 wo=38272 core=2
KM_MSGPROF sender ctx=3 root=false query=None pred_sent=600032 (10.4%) pool=700 preds=980 wo=33670 core=2
KM_MSGPROF sender ctx=4 root=false query=None pred_sent=521784 (9.0%) pool=804 preds=750 wo=37763 core=2
KM_MSGPROF sender ctx=5 root=false query=None pred_sent=461064 (8.0%) pool=716 preds=750 wo=39231 core=2
KM_MSGPROF sender ctx=6 root=false query=None pred_sent=457432 (7.9%) pool=545 preds=980 wo=28517 core=2
KM_MSGPROF sender ctx=1 root=false query=None pred_sent=457432 (7.9%) pool=545 preds=980 wo=28517 core=2
KM_MSGPROF sender ctx=18 root=false query=None pred_sent=34320 (0.6%) pool=240 preds=153 wo=587 core=3
KM_MSGPROF sender ctx=106 root=false query=None pred_sent=31065 (0.5%) pool=285 preds=115 wo=679 core=3
KM_PROF[time-ms] msgloop pred_payload=633.7 pred_arrival=79929.8 propagate=2036.1 | add_clause=70921.0 (lookup=980.7 fwdsub=65515.5 backsub=576.2 index=2129.9) hyper=608.0 subsume=1255.8 pred_local=1560.5
KM_PROF msgloop guard=4780000 contexts=1317 msgs_pending=0 saturate_calls=920 succ=98009 pred=4681990 ground_wo=0
KM_MSGPROF arrivals dup=0 empty_join=0 conclusions=4768094 conclusions_new=4712798 (98.84% new) | arena[succ]=92178 arena[root]=14436 pred_interned=68891 ctx_clause_slots=5236534
KM_MSGPROF sender ctx=2 root=false query=None pred_sent=770232 (13.3%) pool=885 preds=980 wo=38272 core=2
KM_MSGPROF sender ctx=3 root=false query=None pred_sent=600032 (10.4%) pool=700 preds=980 wo=33670 core=2
KM_MSGPROF sender ctx=4 root=false query=None pred_sent=521784 (9.0%) pool=804 preds=750 wo=37763 core=2
KM_MSGPROF sender ctx=5 root=false query=None pred_sent=461064 (8.0%) pool=716 preds=750 wo=39231 core=2
KM_MSGPROF sender ctx=6 root=false query=None pred_sent=457432 (7.9%) pool=545 preds=980 wo=28517 core=2
KM_MSGPROF sender ctx=1 root=false query=None pred_sent=457432 (7.9%) pool=545 preds=980 wo=28517 core=2
KM_MSGPROF sender ctx=18 root=false query=None pred_sent=34320 (0.6%) pool=240 preds=153 wo=587 core=3
KM_MSGPROF sender ctx=106 root=false query=None pred_sent=31065 (0.5%) pool=285 preds=115 wo=679 core=3
KM_PROF[time-ms] msgloop pred_payload=635.4 pred_arrival=79989.7 propagate=2036.1 | add_clause=70939.3 (lookup=983.0 fwdsub=65518.9 backsub=577.5 index=2134.4) hyper=608.0 subsume=1255.8 pred_local=1560.5
KM_PROF msgloop guard=4800000 contexts=1317 msgs_pending=0 saturate_calls=920 succ=98009 pred=4701990 ground_wo=0
KM_MSGPROF arrivals dup=0 empty_join=0 conclusions=4788094 conclusions_new=4732798 (98.85% new) | arena[succ]=92178 arena[root]=14436 pred_interned=68891 ctx_clause_slots=5256534
KM_MSGPROF sender ctx=2 root=false query=None pred_sent=770232 (13.3%) pool=885 preds=980 wo=38272 core=2
KM_MSGPROF sender ctx=3 root=false query=None pred_sent=600032 (10.4%) pool=700 preds=980 wo=33670 core=2
KM_MSGPROF sender ctx=4 root=false query=None pred_sent=521784 (9.0%) pool=804 preds=750 wo=37763 core=2
KM_MSGPROF sender ctx=5 root=false query=None pred_sent=461064 (8.0%) pool=716 preds=750 wo=39231 core=2
KM_MSGPROF sender ctx=6 root=false query=None pred_sent=457432 (7.9%) pool=545 preds=980 wo=28517 core=2
KM_MSGPROF sender ctx=1 root=false query=None pred_sent=457432 (7.9%) pool=545 preds=980 wo=28517 core=2
KM_MSGPROF sender ctx=18 root=false query=None pred_sent=34320 (0.6%) pool=240 preds=153 wo=587 core=3
KM_MSGPROF sender ctx=106 root=false query=None pred_sent=31065 (0.5%) pool=285 preds=115 wo=679 core=3
KM_PROF[time-ms] msgloop pred_payload=637.1 pred_arrival=80054.0 propagate=2036.1 | add_clause=70957.0 (lookup=985.2 fwdsub=65522.1 backsub=578.7 index=2138.8) hyper=608.0 subsume=1255.8 pred_local=1560.5
KM_PROF msgloop guard=4820000 contexts=1317 msgs_pending=0 saturate_calls=920 succ=98009 pred=4721990 ground_wo=0
KM_MSGPROF arrivals dup=0 empty_join=0 conclusions=4808094 conclusions_new=4752382 (98.84% new) | arena[succ]=92178 arena[root]=14436 pred_interned=68891 ctx_clause_slots=5276118
KM_MSGPROF sender ctx=2 root=false query=None pred_sent=770232 (13.3%) pool=885 preds=980 wo=38272 core=2
KM_MSGPROF sender ctx=3 root=false query=None pred_sent=600032 (10.4%) pool=700 preds=980 wo=33670 core=2
KM_MSGPROF sender ctx=4 root=false query=None pred_sent=521784 (9.0%) pool=804 preds=750 wo=37763 core=2
KM_MSGPROF sender ctx=5 root=false query=None pred_sent=461064 (8.0%) pool=716 preds=750 wo=39231 core=2
KM_MSGPROF sender ctx=6 root=false query=None pred_sent=457432 (7.9%) pool=545 preds=980 wo=28517 core=2
KM_MSGPROF sender ctx=1 root=false query=None pred_sent=457432 (7.9%) pool=545 preds=980 wo=28517 core=2
KM_MSGPROF sender ctx=18 root=false query=None pred_sent=34320 (0.6%) pool=240 preds=153 wo=587 core=3
KM_MSGPROF sender ctx=106 root=false query=None pred_sent=31065 (0.5%) pool=285 preds=115 wo=679 core=3
KM_PROF[time-ms] msgloop pred_payload=638.8 pred_arrival=80116.4 propagate=2036.1 | add_clause=70973.9 (lookup=987.4 fwdsub=65525.2 backsub=579.9 index=2143.0) hyper=608.0 subsume=1255.8 pred_local=1560.5
KM_PROF msgloop guard=4840000 contexts=1317 msgs_pending=0 saturate_calls=920 succ=98009 pred=4741990 ground_wo=0
KM_MSGPROF arrivals dup=0 empty_join=0 conclusions=4828094 conclusions_new=4772061 (98.84% new) | arena[succ]=92178 arena[root]=14436 pred_interned=68891 ctx_clause_slots=5295797
KM_MSGPROF sender ctx=2 root=false query=None pred_sent=770232 (13.3%) pool=885 preds=980 wo=38272 core=2
KM_MSGPROF sender ctx=3 root=false query=None pred_sent=600032 (10.4%) pool=700 preds=980 wo=33670 core=2
KM_MSGPROF sender ctx=4 root=false query=None pred_sent=521784 (9.0%) pool=804 preds=750 wo=37763 core=2
KM_MSGPROF sender ctx=5 root=false query=None pred_sent=461064 (8.0%) pool=716 preds=750 wo=39231 core=2
KM_MSGPROF sender ctx=6 root=false query=None pred_sent=457432 (7.9%) pool=545 preds=980 wo=28517 core=2
KM_MSGPROF sender ctx=1 root=false query=None pred_sent=457432 (7.9%) pool=545 preds=980 wo=28517 core=2
KM_MSGPROF sender ctx=18 root=false query=None pred_sent=34320 (0.6%) pool=240 preds=153 wo=587 core=3
KM_MSGPROF sender ctx=106 root=false query=None pred_sent=31065 (0.5%) pool=285 preds=115 wo=679 core=3
KM_PROF[time-ms] msgloop pred_payload=640.4 pred_arrival=80171.6 propagate=2036.1 | add_clause=70990.6 (lookup=989.6 fwdsub=65528.2 backsub=581.1 index=2147.2) hyper=608.0 subsume=1255.8 pred_local=1560.5
KM_PROF msgloop guard=4860000 contexts=1317 msgs_pending=0 saturate_calls=920 succ=98009 pred=4761990 ground_wo=0
KM_MSGPROF arrivals dup=0 empty_join=0 conclusions=4848094 conclusions_new=4791746 (98.84% new) | arena[succ]=92178 arena[root]=14436 pred_interned=68891 ctx_clause_slots=5315482
KM_MSGPROF sender ctx=2 root=false query=None pred_sent=770232 (13.3%) pool=885 preds=980 wo=38272 core=2
KM_MSGPROF sender ctx=3 root=false query=None pred_sent=600032 (10.4%) pool=700 preds=980 wo=33670 core=2
KM_MSGPROF sender ctx=4 root=false query=None pred_sent=521784 (9.0%) pool=804 preds=750 wo=37763 core=2
KM_MSGPROF sender ctx=5 root=false query=None pred_sent=461064 (8.0%) pool=716 preds=750 wo=39231 core=2
KM_MSGPROF sender ctx=6 root=false query=None pred_sent=457432 (7.9%) pool=545 preds=980 wo=28517 core=2
KM_MSGPROF sender ctx=1 root=false query=None pred_sent=457432 (7.9%) pool=545 preds=980 wo=28517 core=2
KM_MSGPROF sender ctx=18 root=false query=None pred_sent=34320 (0.6%) pool=240 preds=153 wo=587 core=3
KM_MSGPROF sender ctx=106 root=false query=None pred_sent=31065 (0.5%) pool=285 preds=115 wo=679 core=3
KM_PROF[time-ms] msgloop pred_payload=641.9 pred_arrival=80223.3 propagate=2036.1 | add_clause=71006.7 (lookup=991.8 fwdsub=65531.1 backsub=582.3 index=2151.3) hyper=608.0 subsume=1255.8 pred_local=1560.5
KM_PROF msgloop guard=4880000 contexts=1317 msgs_pending=0 saturate_calls=920 succ=98009 pred=4781990 ground_wo=0
KM_MSGPROF arrivals dup=0 empty_join=0 conclusions=4868094 conclusions_new=4811330 (98.83% new) | arena[succ]=92178 arena[root]=14436 pred_interned=68891 ctx_clause_slots=5335066
KM_MSGPROF sender ctx=2 root=false query=None pred_sent=770232 (13.3%) pool=885 preds=980 wo=38272 core=2
KM_MSGPROF sender ctx=3 root=false query=None pred_sent=600032 (10.4%) pool=700 preds=980 wo=33670 core=2
KM_MSGPROF sender ctx=4 root=false query=None pred_sent=521784 (9.0%) pool=804 preds=750 wo=37763 core=2
KM_MSGPROF sender ctx=5 root=false query=None pred_sent=461064 (8.0%) pool=716 preds=750 wo=39231 core=2
KM_MSGPROF sender ctx=6 root=false query=None pred_sent=457432 (7.9%) pool=545 preds=980 wo=28517 core=2
KM_MSGPROF sender ctx=1 root=false query=None pred_sent=457432 (7.9%) pool=545 preds=980 wo=28517 core=2
KM_MSGPROF sender ctx=18 root=false query=None pred_sent=34320 (0.6%) pool=240 preds=153 wo=587 core=3
KM_MSGPROF sender ctx=106 root=false query=None pred_sent=31065 (0.5%) pool=285 preds=115 wo=679 core=3
KM_PROF[time-ms] msgloop pred_payload=643.4 pred_arrival=80277.0 propagate=2036.1 | add_clause=71022.7 (lookup=993.9 fwdsub=65534.0 backsub=583.5 index=2155.4) hyper=608.0 subsume=1255.8 pred_local=1560.5
KM_PROF msgloop guard=4900000 contexts=1317 msgs_pending=0 saturate_calls=920 succ=98009 pred=4801990 ground_wo=0
KM_MSGPROF arrivals dup=0 empty_join=0 conclusions=4888094 conclusions_new=4831330 (98.84% new) | arena[succ]=92178 arena[root]=14436 pred_interned=68891 ctx_clause_slots=5355066
KM_MSGPROF sender ctx=2 root=false query=None pred_sent=770232 (13.3%) pool=885 preds=980 wo=38272 core=2
KM_MSGPROF sender ctx=3 root=false query=None pred_sent=600032 (10.4%) pool=700 preds=980 wo=33670 core=2
KM_MSGPROF sender ctx=4 root=false query=None pred_sent=521784 (9.0%) pool=804 preds=750 wo=37763 core=2
KM_MSGPROF sender ctx=5 root=false query=None pred_sent=461064 (8.0%) pool=716 preds=750 wo=39231 core=2
KM_MSGPROF sender ctx=6 root=false query=None pred_sent=457432 (7.9%) pool=545 preds=980 wo=28517 core=2
KM_MSGPROF sender ctx=1 root=false query=None pred_sent=457432 (7.9%) pool=545 preds=980 wo=28517 core=2
KM_MSGPROF sender ctx=18 root=false query=None pred_sent=34320 (0.6%) pool=240 preds=153 wo=587 core=3
KM_MSGPROF sender ctx=106 root=false query=None pred_sent=31065 (0.5%) pool=285 preds=115 wo=679 core=3
KM_PROF[time-ms] msgloop pred_payload=645.1 pred_arrival=80336.3 propagate=2036.1 | add_clause=71038.4 (lookup=996.1 fwdsub=65536.7 backsub=584.6 index=2159.2) hyper=608.0 subsume=1255.8 pred_local=1560.5
KM_PROF msgloop guard=4920000 contexts=1317 msgs_pending=0 saturate_calls=920 succ=98009 pred=4821990 ground_wo=0
KM_MSGPROF arrivals dup=0 empty_join=0 conclusions=4908094 conclusions_new=4850914 (98.83% new) | arena[succ]=92178 arena[root]=14436 pred_interned=68891 ctx_clause_slots=5374650
KM_MSGPROF sender ctx=2 root=false query=None pred_sent=770232 (13.3%) pool=885 preds=980 wo=38272 core=2
KM_MSGPROF sender ctx=3 root=false query=None pred_sent=600032 (10.4%) pool=700 preds=980 wo=33670 core=2
KM_MSGPROF sender ctx=4 root=false query=None pred_sent=521784 (9.0%) pool=804 preds=750 wo=37763 core=2
KM_MSGPROF sender ctx=5 root=false query=None pred_sent=461064 (8.0%) pool=716 preds=750 wo=39231 core=2
KM_MSGPROF sender ctx=6 root=false query=None pred_sent=457432 (7.9%) pool=545 preds=980 wo=28517 core=2
KM_MSGPROF sender ctx=1 root=false query=None pred_sent=457432 (7.9%) pool=545 preds=980 wo=28517 core=2
KM_MSGPROF sender ctx=18 root=false query=None pred_sent=34320 (0.6%) pool=240 preds=153 wo=587 core=3
KM_MSGPROF sender ctx=106 root=false query=None pred_sent=31065 (0.5%) pool=285 preds=115 wo=679 core=3
KM_PROF[time-ms] msgloop pred_payload=646.7 pred_arrival=80397.0 propagate=2036.1 | add_clause=71054.5 (lookup=998.3 fwdsub=65539.5 backsub=585.8 index=2163.2) hyper=608.0 subsume=1255.8 pred_local=1560.5
KM_PROF msgloop guard=4940000 contexts=1317 msgs_pending=0 saturate_calls=920 succ=98009 pred=4841990 ground_wo=0
KM_MSGPROF arrivals dup=0 empty_join=0 conclusions=4928094 conclusions_new=4870602 (98.83% new) | arena[succ]=92178 arena[root]=14436 pred_interned=68891 ctx_clause_slots=5394338
KM_MSGPROF sender ctx=2 root=false query=None pred_sent=770232 (13.3%) pool=885 preds=980 wo=38272 core=2
KM_MSGPROF sender ctx=3 root=false query=None pred_sent=600032 (10.4%) pool=700 preds=980 wo=33670 core=2
KM_MSGPROF sender ctx=4 root=false query=None pred_sent=521784 (9.0%) pool=804 preds=750 wo=37763 core=2
KM_MSGPROF sender ctx=5 root=false query=None pred_sent=461064 (8.0%) pool=716 preds=750 wo=39231 core=2
KM_MSGPROF sender ctx=6 root=false query=None pred_sent=457432 (7.9%) pool=545 preds=980 wo=28517 core=2
KM_MSGPROF sender ctx=1 root=false query=None pred_sent=457432 (7.9%) pool=545 preds=980 wo=28517 core=2
KM_MSGPROF sender ctx=18 root=false query=None pred_sent=34320 (0.6%) pool=240 preds=153 wo=587 core=3
KM_MSGPROF sender ctx=106 root=false query=None pred_sent=31065 (0.5%) pool=285 preds=115 wo=679 core=3
KM_PROF[time-ms] msgloop pred_payload=648.3 pred_arrival=80453.9 propagate=2036.1 | add_clause=71071.3 (lookup=1000.5 fwdsub=65542.5 backsub=587.1 index=2167.4) hyper=608.0 subsume=1255.8 pred_local=1560.5
KM_PROF msgloop guard=4960000 contexts=1317 msgs_pending=0 saturate_calls=920 succ=98009 pred=4861990 ground_wo=0
KM_MSGPROF arrivals dup=0 empty_join=0 conclusions=4948094 conclusions_new=4890174 (98.83% new) | arena[succ]=92178 arena[root]=14436 pred_interned=68891 ctx_clause_slots=5413910
KM_MSGPROF sender ctx=2 root=false query=None pred_sent=770232 (13.3%) pool=885 preds=980 wo=38272 core=2
KM_MSGPROF sender ctx=3 root=false query=None pred_sent=600032 (10.4%) pool=700 preds=980 wo=33670 core=2
KM_MSGPROF sender ctx=4 root=false query=None pred_sent=521784 (9.0%) pool=804 preds=750 wo=37763 core=2
KM_MSGPROF sender ctx=5 root=false query=None pred_sent=461064 (8.0%) pool=716 preds=750 wo=39231 core=2
KM_MSGPROF sender ctx=6 root=false query=None pred_sent=457432 (7.9%) pool=545 preds=980 wo=28517 core=2
KM_MSGPROF sender ctx=1 root=false query=None pred_sent=457432 (7.9%) pool=545 preds=980 wo=28517 core=2
KM_MSGPROF sender ctx=18 root=false query=None pred_sent=34320 (0.6%) pool=240 preds=153 wo=587 core=3
KM_MSGPROF sender ctx=106 root=false query=None pred_sent=31065 (0.5%) pool=285 preds=115 wo=679 core=3
KM_PROF[time-ms] msgloop pred_payload=649.9 pred_arrival=80518.5 propagate=2036.1 | add_clause=71096.0 (lookup=1002.7 fwdsub=65545.5 backsub=588.3 index=2179.8) hyper=608.0 subsume=1255.8 pred_local=1560.5
KM_PROF msgloop guard=4980000 contexts=1317 msgs_pending=0 saturate_calls=920 succ=98009 pred=4881990 ground_wo=0
KM_MSGPROF arrivals dup=0 empty_join=0 conclusions=4968094 conclusions_new=4909746 (98.83% new) | arena[succ]=92178 arena[root]=14436 pred_interned=68891 ctx_clause_slots=5433482
KM_MSGPROF sender ctx=2 root=false query=None pred_sent=770232 (13.3%) pool=885 preds=980 wo=38272 core=2
KM_MSGPROF sender ctx=3 root=false query=None pred_sent=600032 (10.4%) pool=700 preds=980 wo=33670 core=2
KM_MSGPROF sender ctx=4 root=false query=None pred_sent=521784 (9.0%) pool=804 preds=750 wo=37763 core=2
KM_MSGPROF sender ctx=5 root=false query=None pred_sent=461064 (8.0%) pool=716 preds=750 wo=39231 core=2
KM_MSGPROF sender ctx=6 root=false query=None pred_sent=457432 (7.9%) pool=545 preds=980 wo=28517 core=2
KM_MSGPROF sender ctx=1 root=false query=None pred_sent=457432 (7.9%) pool=545 preds=980 wo=28517 core=2
KM_MSGPROF sender ctx=18 root=false query=None pred_sent=34320 (0.6%) pool=240 preds=153 wo=587 core=3
KM_MSGPROF sender ctx=106 root=false query=None pred_sent=31065 (0.5%) pool=285 preds=115 wo=679 core=3
KM_PROF[time-ms] msgloop pred_payload=651.6 pred_arrival=80580.5 propagate=2036.1 | add_clause=71112.9 (lookup=1004.9 fwdsub=65548.7 backsub=589.5 index=2184.1) hyper=608.0 subsume=1255.8 pred_local=1560.5
KM_PROF msgloop guard=5000000 contexts=1317 msgs_pending=0 saturate_calls=920 succ=98009 pred=4901990 ground_wo=0
KM_MSGPROF arrivals dup=0 empty_join=0 conclusions=4988094 conclusions_new=4929425 (98.82% new) | arena[succ]=92178 arena[root]=14436 pred_interned=68891 ctx_clause_slots=5453161
KM_MSGPROF sender ctx=2 root=false query=None pred_sent=770232 (13.3%) pool=885 preds=980 wo=38272 core=2
KM_MSGPROF sender ctx=3 root=false query=None pred_sent=600032 (10.4%) pool=700 preds=980 wo=33670 core=2
KM_MSGPROF sender ctx=4 root=false query=None pred_sent=521784 (9.0%) pool=804 preds=750 wo=37763 core=2
KM_MSGPROF sender ctx=5 root=false query=None pred_sent=461064 (8.0%) pool=716 preds=750 wo=39231 core=2
KM_MSGPROF sender ctx=6 root=false query=None pred_sent=457432 (7.9%) pool=545 preds=980 wo=28517 core=2
KM_MSGPROF sender ctx=1 root=false query=None pred_sent=457432 (7.9%) pool=545 preds=980 wo=28517 core=2
KM_MSGPROF sender ctx=18 root=false query=None pred_sent=34320 (0.6%) pool=240 preds=153 wo=587 core=3
KM_MSGPROF sender ctx=106 root=false query=None pred_sent=31065 (0.5%) pool=285 preds=115 wo=679 core=3
KM_PROF[time-ms] msgloop pred_payload=653.1 pred_arrival=80636.5 propagate=2036.1 | add_clause=71129.7 (lookup=1007.1 fwdsub=65551.8 backsub=590.7 index=2188.3) hyper=608.0 subsume=1255.8 pred_local=1560.5
KM_PROF msgloop guard=5020000 contexts=1317 msgs_pending=0 saturate_calls=920 succ=98009 pred=4921990 ground_wo=0
KM_MSGPROF arrivals dup=0 empty_join=0 conclusions=5008094 conclusions_new=4948985 (98.82% new) | arena[succ]=92178 arena[root]=14436 pred_interned=68891 ctx_clause_slots=5472721
KM_MSGPROF sender ctx=2 root=false query=None pred_sent=770232 (13.3%) pool=885 preds=980 wo=38272 core=2
KM_MSGPROF sender ctx=3 root=false query=None pred_sent=600032 (10.4%) pool=700 preds=980 wo=33670 core=2
KM_MSGPROF sender ctx=4 root=false query=None pred_sent=521784 (9.0%) pool=804 preds=750 wo=37763 core=2
KM_MSGPROF sender ctx=5 root=false query=None pred_sent=461064 (8.0%) pool=716 preds=750 wo=39231 core=2
KM_MSGPROF sender ctx=6 root=false query=None pred_sent=457432 (7.9%) pool=545 preds=980 wo=28517 core=2
KM_MSGPROF sender ctx=1 root=false query=None pred_sent=457432 (7.9%) pool=545 preds=980 wo=28517 core=2
KM_MSGPROF sender ctx=18 root=false query=None pred_sent=34320 (0.6%) pool=240 preds=153 wo=587 core=3
KM_MSGPROF sender ctx=106 root=false query=None pred_sent=31065 (0.5%) pool=285 preds=115 wo=679 core=3
KM_PROF[time-ms] msgloop pred_payload=654.7 pred_arrival=80697.4 propagate=2036.1 | add_clause=71148.1 (lookup=1009.3 fwdsub=65554.8 backsub=591.9 index=2194.3) hyper=608.0 subsume=1255.8 pred_local=1560.5
KM_PROF msgloop guard=5040000 contexts=1317 msgs_pending=0 saturate_calls=920 succ=98009 pred=4941990 ground_wo=0
KM_MSGPROF arrivals dup=0 empty_join=0 conclusions=5028094 conclusions_new=4968545 (98.82% new) | arena[succ]=92178 arena[root]=14436 pred_interned=68891 ctx_clause_slots=5492281
KM_MSGPROF sender ctx=2 root=false query=None pred_sent=770232 (13.3%) pool=885 preds=980 wo=38272 core=2
KM_MSGPROF sender ctx=3 root=false query=None pred_sent=600032 (10.4%) pool=700 preds=980 wo=33670 core=2
KM_MSGPROF sender ctx=4 root=false query=None pred_sent=521784 (9.0%) pool=804 preds=750 wo=37763 core=2
KM_MSGPROF sender ctx=5 root=false query=None pred_sent=461064 (8.0%) pool=716 preds=750 wo=39231 core=2
KM_MSGPROF sender ctx=6 root=false query=None pred_sent=457432 (7.9%) pool=545 preds=980 wo=28517 core=2
KM_MSGPROF sender ctx=1 root=false query=None pred_sent=457432 (7.9%) pool=545 preds=980 wo=28517 core=2
KM_MSGPROF sender ctx=18 root=false query=None pred_sent=34320 (0.6%) pool=240 preds=153 wo=587 core=3
KM_MSGPROF sender ctx=106 root=false query=None pred_sent=31065 (0.5%) pool=285 preds=115 wo=679 core=3
KM_PROF[time-ms] msgloop pred_payload=656.4 pred_arrival=80759.1 propagate=2036.1 | add_clause=71164.5 (lookup=1011.5 fwdsub=65557.8 backsub=593.1 index=2198.4) hyper=608.0 subsume=1255.8 pred_local=1560.5
KM_PROF msgloop guard=5060000 contexts=1317 msgs_pending=0 saturate_calls=920 succ=98009 pred=4961990 ground_wo=0
KM_MSGPROF arrivals dup=0 empty_join=0 conclusions=5048094 conclusions_new=4988215 (98.81% new) | arena[succ]=92178 arena[root]=14436 pred_interned=68891 ctx_clause_slots=5511951
KM_MSGPROF sender ctx=2 root=false query=None pred_sent=770232 (13.3%) pool=885 preds=980 wo=38272 core=2
KM_MSGPROF sender ctx=3 root=false query=None pred_sent=600032 (10.4%) pool=700 preds=980 wo=33670 core=2
KM_MSGPROF sender ctx=4 root=false query=None pred_sent=521784 (9.0%) pool=804 preds=750 wo=37763 core=2
KM_MSGPROF sender ctx=5 root=false query=None pred_sent=461064 (8.0%) pool=716 preds=750 wo=39231 core=2
KM_MSGPROF sender ctx=6 root=false query=None pred_sent=457432 (7.9%) pool=545 preds=980 wo=28517 core=2
KM_MSGPROF sender ctx=1 root=false query=None pred_sent=457432 (7.9%) pool=545 preds=980 wo=28517 core=2
KM_MSGPROF sender ctx=18 root=false query=None pred_sent=34320 (0.6%) pool=240 preds=153 wo=587 core=3
KM_MSGPROF sender ctx=106 root=false query=None pred_sent=31065 (0.5%) pool=285 preds=115 wo=679 core=3
KM_PROF[time-ms] msgloop pred_payload=658.0 pred_arrival=80815.2 propagate=2036.1 | add_clause=71181.8 (lookup=1013.8 fwdsub=65561.0 backsub=594.3 index=2202.8) hyper=608.0 subsume=1255.8 pred_local=1560.5
KM_PROF msgloop guard=5080000 contexts=1317 msgs_pending=0 saturate_calls=920 succ=98009 pred=4981990 ground_wo=0
KM_MSGPROF arrivals dup=0 empty_join=0 conclusions=5068094 conclusions_new=5007799 (98.81% new) | arena[succ]=92178 arena[root]=14436 pred_interned=68891 ctx_clause_slots=5531535
KM_MSGPROF sender ctx=2 root=false query=None pred_sent=770232 (13.3%) pool=885 preds=980 wo=38272 core=2
KM_MSGPROF sender ctx=3 root=false query=None pred_sent=600032 (10.4%) pool=700 preds=980 wo=33670 core=2
KM_MSGPROF sender ctx=4 root=false query=None pred_sent=521784 (9.0%) pool=804 preds=750 wo=37763 core=2
KM_MSGPROF sender ctx=5 root=false query=None pred_sent=461064 (8.0%) pool=716 preds=750 wo=39231 core=2
KM_MSGPROF sender ctx=6 root=false query=None pred_sent=457432 (7.9%) pool=545 preds=980 wo=28517 core=2
KM_MSGPROF sender ctx=1 root=false query=None pred_sent=457432 (7.9%) pool=545 preds=980 wo=28517 core=2
KM_MSGPROF sender ctx=18 root=false query=None pred_sent=34320 (0.6%) pool=240 preds=153 wo=587 core=3
KM_MSGPROF sender ctx=106 root=false query=None pred_sent=31065 (0.5%) pool=285 preds=115 wo=679 core=3
KM_PROF[time-ms] msgloop pred_payload=659.7 pred_arrival=80879.4 propagate=2036.1 | add_clause=71198.4 (lookup=1016.0 fwdsub=65564.0 backsub=595.5 index=2206.8) hyper=608.0 subsume=1255.8 pred_local=1560.5
KM_PROF msgloop guard=5100000 contexts=1317 msgs_pending=0 saturate_calls=920 succ=98009 pred=5001990 ground_wo=0
KM_MSGPROF arrivals dup=0 empty_join=0 conclusions=5088094 conclusions_new=5027383 (98.81% new) | arena[succ]=92178 arena[root]=14436 pred_interned=68891 ctx_clause_slots=5551119
KM_MSGPROF sender ctx=2 root=false query=None pred_sent=770232 (13.3%) pool=885 preds=980 wo=38272 core=2
KM_MSGPROF sender ctx=3 root=false query=None pred_sent=600032 (10.4%) pool=700 preds=980 wo=33670 core=2
KM_MSGPROF sender ctx=4 root=false query=None pred_sent=521784 (9.0%) pool=804 preds=750 wo=37763 core=2
KM_MSGPROF sender ctx=5 root=false query=None pred_sent=461064 (8.0%) pool=716 preds=750 wo=39231 core=2
KM_MSGPROF sender ctx=6 root=false query=None pred_sent=457432 (7.9%) pool=545 preds=980 wo=28517 core=2
KM_MSGPROF sender ctx=1 root=false query=None pred_sent=457432 (7.9%) pool=545 preds=980 wo=28517 core=2
KM_MSGPROF sender ctx=18 root=false query=None pred_sent=34320 (0.6%) pool=240 preds=153 wo=587 core=3
KM_MSGPROF sender ctx=106 root=false query=None pred_sent=31065 (0.5%) pool=285 preds=115 wo=679 core=3
KM_PROF[time-ms] msgloop pred_payload=661.4 pred_arrival=80943.2 propagate=2036.1 | add_clause=71216.1 (lookup=1018.2 fwdsub=65567.5 backsub=596.7 index=2211.2) hyper=608.0 subsume=1255.8 pred_local=1560.5
KM_PROF msgloop guard=5120000 contexts=1317 msgs_pending=0 saturate_calls=920 succ=98009 pred=5021990 ground_wo=0
KM_MSGPROF arrivals dup=0 empty_join=0 conclusions=5108094 conclusions_new=5047071 (98.81% new) | arena[succ]=92178 arena[root]=14436 pred_interned=68891 ctx_clause_slots=5570807
KM_MSGPROF sender ctx=2 root=false query=None pred_sent=770232 (13.3%) pool=885 preds=980 wo=38272 core=2
KM_MSGPROF sender ctx=3 root=false query=None pred_sent=600032 (10.4%) pool=700 preds=980 wo=33670 core=2
KM_MSGPROF sender ctx=4 root=false query=None pred_sent=521784 (9.0%) pool=804 preds=750 wo=37763 core=2
KM_MSGPROF sender ctx=5 root=false query=None pred_sent=461064 (8.0%) pool=716 preds=750 wo=39231 core=2
KM_MSGPROF sender ctx=6 root=false query=None pred_sent=457432 (7.9%) pool=545 preds=980 wo=28517 core=2
KM_MSGPROF sender ctx=1 root=false query=None pred_sent=457432 (7.9%) pool=545 preds=980 wo=28517 core=2
KM_MSGPROF sender ctx=18 root=false query=None pred_sent=34320 (0.6%) pool=240 preds=153 wo=587 core=3
KM_MSGPROF sender ctx=106 root=false query=None pred_sent=31065 (0.5%) pool=285 preds=115 wo=679 core=3
KM_PROF[time-ms] msgloop pred_payload=662.9 pred_arrival=80999.7 propagate=2036.1 | add_clause=71233.1 (lookup=1020.4 fwdsub=65570.7 backsub=597.9 index=2215.4) hyper=608.0 subsume=1255.8 pred_local=1560.5
KM_PROF msgloop guard=5140000 contexts=1317 msgs_pending=0 saturate_calls=920 succ=99802 pred=5040197 ground_wo=0
KM_MSGPROF arrivals dup=0 empty_join=0 conclusions=5126301 conclusions_new=5065218 (98.81% new) | arena[succ]=93265 arena[root]=14436 pred_interned=69993 ctx_clause_slots=5588954
KM_MSGPROF sender ctx=2 root=false query=None pred_sent=770232 (13.3%) pool=885 preds=1000 wo=38272 core=2
KM_MSGPROF sender ctx=3 root=false query=None pred_sent=600032 (10.4%) pool=700 preds=1000 wo=33670 core=2
KM_MSGPROF sender ctx=4 root=false query=None pred_sent=521784 (9.0%) pool=804 preds=765 wo=37763 core=2
KM_MSGPROF sender ctx=5 root=false query=None pred_sent=461064 (8.0%) pool=716 preds=765 wo=39231 core=2
KM_MSGPROF sender ctx=6 root=false query=None pred_sent=457432 (7.9%) pool=545 preds=1000 wo=28517 core=2
KM_MSGPROF sender ctx=1 root=false query=None pred_sent=457432 (7.9%) pool=545 preds=1000 wo=28517 core=2
KM_MSGPROF sender ctx=18 root=false query=None pred_sent=34320 (0.6%) pool=240 preds=157 wo=587 core=3
KM_MSGPROF sender ctx=106 root=false query=None pred_sent=31065 (0.5%) pool=285 preds=119 wo=679 core=3
KM_PROF[time-ms] msgloop pred_payload=664.4 pred_arrival=81046.6 propagate=2036.1 | add_clause=71248.4 (lookup=1022.6 fwdsub=65573.6 backsub=599.0 index=2219.2) hyper=608.0 subsume=1255.8 pred_local=1560.5
KM_PROF msgloop guard=5160000 contexts=1317 msgs_pending=0 saturate_calls=920 succ=104430 pred=5055569 ground_wo=0
KM_MSGPROF arrivals dup=0 empty_join=0 conclusions=5141673 conclusions_new=5080382 (98.81% new) | arena[succ]=96946 arena[root]=14436 pred_interned=73724 ctx_clause_slots=5604118
KM_MSGPROF sender ctx=2 root=false query=None pred_sent=770232 (13.3%) pool=885 preds=1052 wo=38272 core=2
KM_MSGPROF sender ctx=3 root=false query=None pred_sent=600032 (10.4%) pool=700 preds=1052 wo=33670 core=2
KM_MSGPROF sender ctx=4 root=false query=None pred_sent=521784 (9.0%) pool=804 preds=804 wo=37763 core=2
KM_MSGPROF sender ctx=5 root=false query=None pred_sent=461064 (8.0%) pool=716 preds=804 wo=39231 core=2
KM_MSGPROF sender ctx=6 root=false query=None pred_sent=457432 (7.9%) pool=545 preds=1052 wo=28517 core=2
KM_MSGPROF sender ctx=1 root=false query=None pred_sent=457432 (7.9%) pool=545 preds=1052 wo=28517 core=2
KM_MSGPROF sender ctx=18 root=false query=None pred_sent=34320 (0.6%) pool=240 preds=169 wo=587 core=3
KM_MSGPROF sender ctx=106 root=false query=None pred_sent=31065 (0.5%) pool=285 preds=127 wo=679 core=3
KM_PROF[time-ms] msgloop pred_payload=666.0 pred_arrival=81084.7 propagate=2036.1 | add_clause=71261.0 (lookup=1025.0 fwdsub=65575.9 backsub=599.9 index=2222.4) hyper=608.0 subsume=1255.8 pred_local=1560.5
KM_PROF msgloop guard=5180000 contexts=1317 msgs_pending=0 saturate_calls=920 succ=110137 pred=5069862 ground_wo=0
KM_MSGPROF arrivals dup=0 empty_join=0 conclusions=5155966 conclusions_new=5094512 (98.81% new) | arena[succ]=101113 arena[root]=14436 pred_interned=77941 ctx_clause_slots=5618248
KM_MSGPROF sender ctx=2 root=false query=None pred_sent=770232 (13.3%) pool=885 preds=1108 wo=38272 core=2
KM_MSGPROF sender ctx=3 root=false query=None pred_sent=600032 (10.4%) pool=700 preds=1108 wo=33670 core=2
KM_MSGPROF sender ctx=4 root=false query=None pred_sent=521784 (9.0%) pool=804 preds=846 wo=37763 core=2
KM_MSGPROF sender ctx=5 root=false query=None pred_sent=461064 (8.0%) pool=716 preds=846 wo=39231 core=2
KM_MSGPROF sender ctx=6 root=false query=None pred_sent=457432 (7.9%) pool=545 preds=1108 wo=28517 core=2
KM_MSGPROF sender ctx=1 root=false query=None pred_sent=457432 (7.9%) pool=545 preds=1108 wo=28517 core=2
KM_MSGPROF sender ctx=18 root=false query=None pred_sent=34320 (0.6%) pool=240 preds=178 wo=587 core=3
KM_MSGPROF sender ctx=106 root=false query=None pred_sent=31065 (0.5%) pool=285 preds=134 wo=679 core=3
KM_PROF[time-ms] msgloop pred_payload=667.5 pred_arrival=81119.3 propagate=2036.1 | add_clause=71272.8 (lookup=1027.4 fwdsub=65578.2 backsub=600.8 index=2225.3) hyper=608.0 subsume=1255.8 pred_local=1560.5
KM_PROF msgloop guard=5200000 contexts=1317 msgs_pending=0 saturate_calls=920 succ=112543 pred=5087456 ground_wo=0
KM_MSGPROF arrivals dup=0 empty_join=0 conclusions=5173560 conclusions_new=5111658 (98.80% new) | arena[succ]=102677 arena[root]=14436 pred_interned=79542 ctx_clause_slots=5635394
KM_MSGPROF sender ctx=2 root=false query=None pred_sent=770232 (13.3%) pool=885 preds=1152 wo=38272 core=2
KM_MSGPROF sender ctx=3 root=false query=None pred_sent=600032 (10.4%) pool=700 preds=1152 wo=33670 core=2
KM_MSGPROF sender ctx=4 root=false query=None pred_sent=521784 (9.0%) pool=804 preds=879 wo=37763 core=2
KM_MSGPROF sender ctx=5 root=false query=None pred_sent=461064 (8.0%) pool=716 preds=879 wo=39231 core=2
KM_MSGPROF sender ctx=6 root=false query=None pred_sent=457432 (7.9%) pool=545 preds=1152 wo=28517 core=2
KM_MSGPROF sender ctx=1 root=false query=None pred_sent=457432 (7.9%) pool=545 preds=1152 wo=28517 core=2
KM_MSGPROF sender ctx=18 root=false query=None pred_sent=34320 (0.6%) pool=240 preds=178 wo=587 core=3
KM_MSGPROF sender ctx=106 root=false query=None pred_sent=31065 (0.5%) pool=285 preds=134 wo=679 core=3
KM_PROF[time-ms] msgloop pred_payload=669.1 pred_arrival=81165.1 propagate=2036.1 | add_clause=71287.3 (lookup=1029.7 fwdsub=65580.8 backsub=601.8 index=2229.2) hyper=608.0 subsume=1255.8 pred_local=1560.5
KM_PROF msgloop guard=5220000 contexts=1317 msgs_pending=0 saturate_calls=920 succ=120334 pred=5099665 ground_wo=0
KM_MSGPROF arrivals dup=0 empty_join=0 conclusions=5185769 conclusions_new=5123586 (98.80% new) | arena[succ]=108225 arena[root]=14436 pred_interned=85201 ctx_clause_slots=5647322
KM_MSGPROF sender ctx=2 root=false query=None pred_sent=770232 (13.3%) pool=885 preds=1268 wo=38272 core=2
KM_MSGPROF sender ctx=3 root=false query=None pred_sent=600032 (10.4%) pool=700 preds=1268 wo=33670 core=2
KM_MSGPROF sender ctx=4 root=false query=None pred_sent=521784 (9.0%) pool=804 preds=966 wo=37763 core=2
KM_MSGPROF sender ctx=5 root=false query=None pred_sent=461064 (8.0%) pool=716 preds=966 wo=39231 core=2
KM_MSGPROF sender ctx=6 root=false query=None pred_sent=457432 (7.9%) pool=545 preds=1268 wo=28517 core=2
KM_MSGPROF sender ctx=1 root=false query=None pred_sent=457432 (7.9%) pool=545 preds=1268 wo=28517 core=2
KM_MSGPROF sender ctx=18 root=false query=None pred_sent=34320 (0.6%) pool=240 preds=187 wo=587 core=3
KM_MSGPROF sender ctx=106 root=false query=None pred_sent=31065 (0.5%) pool=285 preds=134 wo=679 core=3
KM_PROF[time-ms] msgloop pred_payload=670.5 pred_arrival=81196.3 propagate=2036.1 | add_clause=71298.6 (lookup=1032.1 fwdsub=65583.1 backsub=602.5 index=2232.2) hyper=608.0 subsume=1255.8 pred_local=1560.5
KM_PROF msgloop guard=5240000 contexts=1317 msgs_pending=0 saturate_calls=920 succ=120557 pred=5119442 ground_wo=0
KM_MSGPROF arrivals dup=0 empty_join=0 conclusions=5205546 conclusions_new=5143115 (98.80% new) | arena[succ]=108392 arena[root]=14436 pred_interned=85371 ctx_clause_slots=5666851
KM_MSGPROF sender ctx=2 root=false query=None pred_sent=770232 (13.3%) pool=885 preds=1272 wo=38272 core=2
KM_MSGPROF sender ctx=3 root=false query=None pred_sent=600032 (10.4%) pool=700 preds=1272 wo=33670 core=2
KM_MSGPROF sender ctx=4 root=false query=None pred_sent=521784 (9.0%) pool=804 preds=969 wo=37763 core=2
KM_MSGPROF sender ctx=5 root=false query=None pred_sent=461064 (8.0%) pool=716 preds=969 wo=39231 core=2
KM_MSGPROF sender ctx=6 root=false query=None pred_sent=457432 (7.9%) pool=545 preds=1272 wo=28517 core=2
KM_MSGPROF sender ctx=1 root=false query=None pred_sent=457432 (7.9%) pool=545 preds=1272 wo=28517 core=2
KM_MSGPROF sender ctx=18 root=false query=None pred_sent=34320 (0.6%) pool=240 preds=187 wo=587 core=3
KM_MSGPROF sender ctx=106 root=false query=None pred_sent=31065 (0.5%) pool=285 preds=134 wo=679 core=3
KM_PROF[time-ms] msgloop pred_payload=672.2 pred_arrival=81246.6 propagate=2036.1 | add_clause=71314.0 (lookup=1034.7 fwdsub=65585.8 backsub=603.7 index=2235.9) hyper=608.0 subsume=1255.8 pred_local=1560.5
KM_PROF msgloop guard=5260000 contexts=1317 msgs_pending=0 saturate_calls=920 succ=120557 pred=5139442 ground_wo=0
KM_MSGPROF arrivals dup=0 empty_join=0 conclusions=5225546 conclusions_new=5162868 (98.80% new) | arena[succ]=108392 arena[root]=14436 pred_interned=85371 ctx_clause_slots=5686604
KM_MSGPROF sender ctx=2 root=false query=None pred_sent=770232 (13.3%) pool=885 preds=1272 wo=38272 core=2
KM_MSGPROF sender ctx=3 root=false query=None pred_sent=600032 (10.4%) pool=700 preds=1272 wo=33670 core=2
KM_MSGPROF sender ctx=4 root=false query=None pred_sent=521784 (9.0%) pool=804 preds=969 wo=37763 core=2
KM_MSGPROF sender ctx=5 root=false query=None pred_sent=461064 (8.0%) pool=716 preds=969 wo=39231 core=2
KM_MSGPROF sender ctx=6 root=false query=None pred_sent=457432 (7.9%) pool=545 preds=1272 wo=28517 core=2
KM_MSGPROF sender ctx=1 root=false query=None pred_sent=457432 (7.9%) pool=545 preds=1272 wo=28517 core=2
KM_MSGPROF sender ctx=18 root=false query=None pred_sent=34320 (0.6%) pool=240 preds=187 wo=587 core=3
KM_MSGPROF sender ctx=106 root=false query=None pred_sent=31065 (0.5%) pool=285 preds=134 wo=679 core=3
KM_PROF[time-ms] msgloop pred_payload=673.9 pred_arrival=81315.1 propagate=2036.1 | add_clause=71349.3 (lookup=1037.0 fwdsub=65588.4 backsub=604.9 index=2259.6) hyper=608.0 subsume=1255.8 pred_local=1560.5
KM_PROF msgloop guard=5280000 contexts=1317 msgs_pending=0 saturate_calls=920 succ=120557 pred=5159442 ground_wo=0
KM_MSGPROF arrivals dup=0 empty_join=0 conclusions=5245546 conclusions_new=5182626 (98.80% new) | arena[succ]=108392 arena[root]=14436 pred_interned=85371 ctx_clause_slots=5706362
KM_MSGPROF sender ctx=2 root=false query=None pred_sent=770232 (13.3%) pool=885 preds=1272 wo=38272 core=2
KM_MSGPROF sender ctx=3 root=false query=None pred_sent=600032 (10.4%) pool=700 preds=1272 wo=33670 core=2
KM_MSGPROF sender ctx=4 root=false query=None pred_sent=521784 (9.0%) pool=804 preds=969 wo=37763 core=2
KM_MSGPROF sender ctx=5 root=false query=None pred_sent=461064 (8.0%) pool=716 preds=969 wo=39231 core=2
KM_MSGPROF sender ctx=6 root=false query=None pred_sent=457432 (7.9%) pool=545 preds=1272 wo=28517 core=2
KM_MSGPROF sender ctx=1 root=false query=None pred_sent=457432 (7.9%) pool=545 preds=1272 wo=28517 core=2
KM_MSGPROF sender ctx=18 root=false query=None pred_sent=34320 (0.6%) pool=240 preds=187 wo=587 core=3
KM_MSGPROF sender ctx=106 root=false query=None pred_sent=31065 (0.5%) pool=285 preds=134 wo=679 core=3
KM_PROF[time-ms] msgloop pred_payload=675.6 pred_arrival=81368.5 propagate=2036.1 | add_clause=71363.8 (lookup=1039.4 fwdsub=65590.8 backsub=606.2 index=2263.1) hyper=608.0 subsume=1255.8 pred_local=1560.5
KM_PROF msgloop guard=5300000 contexts=1317 msgs_pending=0 saturate_calls=920 succ=120557 pred=5179442 ground_wo=0
KM_MSGPROF arrivals dup=0 empty_join=0 conclusions=5265546 conclusions_new=5202360 (98.80% new) | arena[succ]=108392 arena[root]=14436 pred_interned=85371 ctx_clause_slots=5726096
KM_MSGPROF sender ctx=2 root=false query=None pred_sent=770232 (13.3%) pool=885 preds=1272 wo=38272 core=2
KM_MSGPROF sender ctx=3 root=false query=None pred_sent=600032 (10.4%) pool=700 preds=1272 wo=33670 core=2
KM_MSGPROF sender ctx=4 root=false query=None pred_sent=521784 (9.0%) pool=804 preds=969 wo=37763 core=2
KM_MSGPROF sender ctx=5 root=false query=None pred_sent=461064 (8.0%) pool=716 preds=969 wo=39231 core=2
KM_MSGPROF sender ctx=6 root=false query=None pred_sent=457432 (7.9%) pool=545 preds=1272 wo=28517 core=2
KM_MSGPROF sender ctx=1 root=false query=None pred_sent=457432 (7.9%) pool=545 preds=1272 wo=28517 core=2
KM_MSGPROF sender ctx=18 root=false query=None pred_sent=34320 (0.6%) pool=240 preds=187 wo=587 core=3
KM_MSGPROF sender ctx=106 root=false query=None pred_sent=31065 (0.5%) pool=285 preds=134 wo=679 core=3
KM_PROF[time-ms] msgloop pred_payload=677.3 pred_arrival=81447.0 propagate=2036.1 | add_clause=71406.8 (lookup=1041.8 fwdsub=65593.3 backsub=607.4 index=2294.8) hyper=608.0 subsume=1255.8 pred_local=1560.5
KM_PROF msgloop guard=5320000 contexts=1317 msgs_pending=0 saturate_calls=920 succ=120557 pred=5199442 ground_wo=0
KM_MSGPROF arrivals dup=0 empty_join=0 conclusions=5285546 conclusions_new=5222074 (98.80% new) | arena[succ]=108392 arena[root]=14436 pred_interned=85371 ctx_clause_slots=5745810
KM_MSGPROF sender ctx=2 root=false query=None pred_sent=770232 (13.3%) pool=885 preds=1272 wo=38272 core=2
KM_MSGPROF sender ctx=3 root=false query=None pred_sent=600032 (10.4%) pool=700 preds=1272 wo=33670 core=2
KM_MSGPROF sender ctx=4 root=false query=None pred_sent=521784 (9.0%) pool=804 preds=969 wo=37763 core=2
KM_MSGPROF sender ctx=5 root=false query=None pred_sent=461064 (8.0%) pool=716 preds=969 wo=39231 core=2
KM_MSGPROF sender ctx=6 root=false query=None pred_sent=457432 (7.9%) pool=545 preds=1272 wo=28517 core=2
KM_MSGPROF sender ctx=1 root=false query=None pred_sent=457432 (7.9%) pool=545 preds=1272 wo=28517 core=2
KM_MSGPROF sender ctx=18 root=false query=None pred_sent=34320 (0.6%) pool=240 preds=187 wo=587 core=3
KM_MSGPROF sender ctx=106 root=false query=None pred_sent=31065 (0.5%) pool=285 preds=134 wo=679 core=3
KM_PROF[time-ms] msgloop pred_payload=679.0 pred_arrival=81504.6 propagate=2036.1 | add_clause=71425.0 (lookup=1044.4 fwdsub=65595.8 backsub=608.6 index=2301.5) hyper=608.0 subsume=1255.8 pred_local=1560.5
KM_PROF msgloop guard=5340000 contexts=1317 msgs_pending=0 saturate_calls=920 succ=120557 pred=5219442 ground_wo=0
KM_MSGPROF arrivals dup=0 empty_join=0 conclusions=5305546 conclusions_new=5241869 (98.80% new) | arena[succ]=108392 arena[root]=14436 pred_interned=85371 ctx_clause_slots=5765605
KM_MSGPROF sender ctx=2 root=false query=None pred_sent=770232 (13.3%) pool=885 preds=1272 wo=38272 core=2
KM_MSGPROF sender ctx=3 root=false query=None pred_sent=600032 (10.4%) pool=700 preds=1272 wo=33670 core=2
KM_MSGPROF sender ctx=4 root=false query=None pred_sent=521784 (9.0%) pool=804 preds=969 wo=37763 core=2
KM_MSGPROF sender ctx=5 root=false query=None pred_sent=461064 (8.0%) pool=716 preds=969 wo=39231 core=2
KM_MSGPROF sender ctx=6 root=false query=None pred_sent=457432 (7.9%) pool=545 preds=1272 wo=28517 core=2
KM_MSGPROF sender ctx=1 root=false query=None pred_sent=457432 (7.9%) pool=545 preds=1272 wo=28517 core=2
KM_MSGPROF sender ctx=18 root=false query=None pred_sent=34320 (0.6%) pool=240 preds=187 wo=587 core=3
KM_MSGPROF sender ctx=106 root=false query=None pred_sent=31065 (0.5%) pool=285 preds=134 wo=679 core=3
KM_PROF[time-ms] msgloop pred_payload=680.6 pred_arrival=81550.6 propagate=2036.1 | add_clause=71439.1 (lookup=1046.7 fwdsub=65598.0 backsub=609.7 index=2305.0) hyper=608.0 subsume=1255.8 pred_local=1560.5
KM_PROF msgloop guard=5360000 contexts=1317 msgs_pending=0 saturate_calls=920 succ=120557 pred=5239442 ground_wo=0
KM_MSGPROF arrivals dup=0 empty_join=0 conclusions=5325546 conclusions_new=5261604 (98.80% new) | arena[succ]=108392 arena[root]=14436 pred_interned=85371 ctx_clause_slots=5785340
KM_MSGPROF sender ctx=2 root=false query=None pred_sent=770232 (13.3%) pool=885 preds=1272 wo=38272 core=2
KM_MSGPROF sender ctx=3 root=false query=None pred_sent=600032 (10.4%) pool=700 preds=1272 wo=33670 core=2
KM_MSGPROF sender ctx=4 root=false query=None pred_sent=521784 (9.0%) pool=804 preds=969 wo=37763 core=2
KM_MSGPROF sender ctx=5 root=false query=None pred_sent=461064 (8.0%) pool=716 preds=969 wo=39231 core=2
KM_MSGPROF sender ctx=6 root=false query=None pred_sent=457432 (7.9%) pool=545 preds=1272 wo=28517 core=2
KM_MSGPROF sender ctx=1 root=false query=None pred_sent=457432 (7.9%) pool=545 preds=1272 wo=28517 core=2
KM_MSGPROF sender ctx=18 root=false query=None pred_sent=34320 (0.6%) pool=240 preds=187 wo=587 core=3
KM_MSGPROF sender ctx=106 root=false query=None pred_sent=31065 (0.5%) pool=285 preds=134 wo=679 core=3
KM_PROF[time-ms] msgloop pred_payload=682.4 pred_arrival=81616.5 propagate=2036.1 | add_clause=71468.0 (lookup=1049.1 fwdsub=65600.4 backsub=611.0 index=2322.3) hyper=608.0 subsume=1255.8 pred_local=1560.5
KM_PROF msgloop guard=5380000 contexts=1317 msgs_pending=0 saturate_calls=920 succ=120557 pred=5259442 ground_wo=0
KM_MSGPROF arrivals dup=0 empty_join=0 conclusions=5345546 conclusions_new=5281370 (98.80% new) | arena[succ]=108392 arena[root]=14436 pred_interned=85371 ctx_clause_slots=5805106
KM_MSGPROF sender ctx=2 root=false query=None pred_sent=770232 (13.3%) pool=885 preds=1272 wo=38272 core=2
KM_MSGPROF sender ctx=3 root=false query=None pred_sent=600032 (10.4%) pool=700 preds=1272 wo=33670 core=2
KM_MSGPROF sender ctx=4 root=false query=None pred_sent=521784 (9.0%) pool=804 preds=969 wo=37763 core=2
KM_MSGPROF sender ctx=5 root=false query=None pred_sent=461064 (8.0%) pool=716 preds=969 wo=39231 core=2
KM_MSGPROF sender ctx=6 root=false query=None pred_sent=457432 (7.9%) pool=545 preds=1272 wo=28517 core=2
KM_MSGPROF sender ctx=1 root=false query=None pred_sent=457432 (7.9%) pool=545 preds=1272 wo=28517 core=2
KM_MSGPROF sender ctx=18 root=false query=None pred_sent=34320 (0.6%) pool=240 preds=187 wo=587 core=3
KM_MSGPROF sender ctx=106 root=false query=None pred_sent=31065 (0.5%) pool=285 preds=134 wo=679 core=3
KM_PROF[time-ms] msgloop pred_payload=684.1 pred_arrival=81668.2 propagate=2036.1 | add_clause=71483.1 (lookup=1051.7 fwdsub=65602.6 backsub=612.2 index=2326.1) hyper=608.0 subsume=1255.8 pred_local=1560.5
KM_PROF msgloop guard=5400000 contexts=1317 msgs_pending=0 saturate_calls=920 succ=125851 pred=5274148 ground_wo=0
KM_MSGPROF arrivals dup=0 empty_join=0 conclusions=5360252 conclusions_new=5295870 (98.80% new) | arena[succ]=112131 arena[root]=14436 pred_interned=89178 ctx_clause_slots=5819606
KM_MSGPROF sender ctx=2 root=false query=None pred_sent=770232 (13.3%) pool=885 preds=1348 wo=38272 core=2
KM_MSGPROF sender ctx=3 root=false query=None pred_sent=600032 (10.4%) pool=700 preds=1348 wo=33670 core=2
KM_MSGPROF sender ctx=4 root=false query=None pred_sent=521784 (9.0%) pool=804 preds=1026 wo=37763 core=2
KM_MSGPROF sender ctx=5 root=false query=None pred_sent=461064 (8.0%) pool=716 preds=1026 wo=39231 core=2
KM_MSGPROF sender ctx=6 root=false query=None pred_sent=457432 (7.9%) pool=545 preds=1348 wo=28517 core=2
KM_MSGPROF sender ctx=1 root=false query=None pred_sent=457432 (7.9%) pool=545 preds=1348 wo=28517 core=2
KM_MSGPROF sender ctx=18 root=false query=None pred_sent=34320 (0.6%) pool=240 preds=187 wo=587 core=3
KM_MSGPROF sender ctx=106 root=false query=None pred_sent=31065 (0.5%) pool=285 preds=134 wo=679 core=3
KM_PROF[time-ms] msgloop pred_payload=685.7 pred_arrival=81707.9 propagate=2036.1 | add_clause=71499.5 (lookup=1054.2 fwdsub=65605.3 backsub=613.1 index=2332.6) hyper=608.0 subsume=1255.8 pred_local=1560.5
KM_PROF msgloop guard=5420000 contexts=1317 msgs_pending=0 saturate_calls=920 succ=129029 pred=5290970 ground_wo=0
KM_MSGPROF arrivals dup=0 empty_join=0 conclusions=5377074 conclusions_new=5312306 (98.80% new) | arena[succ]=114136 arena[root]=14436 pred_interned=91229 ctx_clause_slots=5836042
KM_MSGPROF sender ctx=2 root=false query=None pred_sent=770232 (13.3%) pool=885 preds=1404 wo=38272 core=2
KM_MSGPROF sender ctx=3 root=false query=None pred_sent=600032 (10.4%) pool=700 preds=1404 wo=33670 core=2
KM_MSGPROF sender ctx=4 root=false query=None pred_sent=521784 (9.0%) pool=804 preds=1068 wo=37763 core=2
KM_MSGPROF sender ctx=5 root=false query=None pred_sent=461064 (8.0%) pool=716 preds=1068 wo=39231 core=2
KM_MSGPROF sender ctx=6 root=false query=None pred_sent=457432 (7.9%) pool=545 preds=1404 wo=28517 core=2
KM_MSGPROF sender ctx=1 root=false query=None pred_sent=457432 (7.9%) pool=545 preds=1404 wo=28517 core=2
KM_MSGPROF sender ctx=18 root=false query=None pred_sent=34320 (0.6%) pool=240 preds=187 wo=587 core=3
KM_MSGPROF sender ctx=106 root=false query=None pred_sent=31065 (0.5%) pool=285 preds=134 wo=679 core=3
KM_PROF[time-ms] msgloop pred_payload=687.3 pred_arrival=81753.0 propagate=2036.1 | add_clause=71513.8 (lookup=1056.8 fwdsub=65607.8 backsub=614.2 index=2336.1) hyper=608.0 subsume=1255.8 pred_local=1560.5
KM_PROF msgloop guard=5440000 contexts=1317 msgs_pending=0 saturate_calls=920 succ=133353 pred=5306646 ground_wo=0
KM_MSGPROF arrivals dup=0 empty_join=0 conclusions=5392750 conclusions_new=5327667 (98.79% new) | arena[succ]=117198 arena[root]=14436 pred_interned=94346 ctx_clause_slots=5851403
KM_MSGPROF sender ctx=2 root=false query=None pred_sent=770232 (13.3%) pool=885 preds=1464 wo=38272 core=2
KM_MSGPROF sender ctx=3 root=false query=None pred_sent=600032 (10.4%) pool=700 preds=1464 wo=33670 core=2
KM_MSGPROF sender ctx=4 root=false query=None pred_sent=521784 (9.0%) pool=804 preds=1113 wo=37763 core=2
KM_MSGPROF sender ctx=5 root=false query=None pred_sent=461064 (8.0%) pool=716 preds=1113 wo=39231 core=2
KM_MSGPROF sender ctx=6 root=false query=None pred_sent=457432 (7.9%) pool=545 preds=1464 wo=28517 core=2
KM_MSGPROF sender ctx=1 root=false query=None pred_sent=457432 (7.9%) pool=545 preds=1464 wo=28517 core=2
KM_MSGPROF sender ctx=18 root=false query=None pred_sent=34320 (0.6%) pool=240 preds=189 wo=587 core=3
KM_MSGPROF sender ctx=106 root=false query=None pred_sent=31065 (0.5%) pool=285 preds=134 wo=679 core=3
KM_PROF[time-ms] msgloop pred_payload=689.0 pred_arrival=81801.8 propagate=2036.1 | add_clause=71534.7 (lookup=1059.2 fwdsub=65610.8 backsub=615.2 index=2346.4) hyper=608.0 subsume=1255.8 pred_local=1560.5
KM_PROF msgloop guard=5460000 contexts=1317 msgs_pending=0 saturate_calls=920 succ=135019 pred=5324980 ground_wo=0
KM_MSGPROF arrivals dup=0 empty_join=0 conclusions=5411084 conclusions_new=5345585 (98.79% new) | arena[succ]=118318 arena[root]=14436 pred_interned=95492 ctx_clause_slots=5869321
KM_MSGPROF sender ctx=2 root=false query=None pred_sent=770232 (13.3%) pool=885 preds=1492 wo=38272 core=2
KM_MSGPROF sender ctx=3 root=false query=None pred_sent=600032 (10.4%) pool=700 preds=1492 wo=33670 core=2
KM_MSGPROF sender ctx=4 root=false query=None pred_sent=521784 (9.0%) pool=804 preds=1134 wo=37763 core=2
KM_MSGPROF sender ctx=5 root=false query=None pred_sent=461064 (8.0%) pool=716 preds=1134 wo=39231 core=2
KM_MSGPROF sender ctx=6 root=false query=None pred_sent=457432 (7.9%) pool=545 preds=1492 wo=28517 core=2
KM_MSGPROF sender ctx=1 root=false query=None pred_sent=457432 (7.9%) pool=545 preds=1492 wo=28517 core=2
KM_MSGPROF sender ctx=18 root=false query=None pred_sent=34320 (0.6%) pool=240 preds=189 wo=587 core=3
KM_MSGPROF sender ctx=106 root=false query=None pred_sent=31065 (0.5%) pool=285 preds=134 wo=679 core=3
KM_PROF[time-ms] msgloop pred_payload=690.6 pred_arrival=81849.5 propagate=2036.1 | add_clause=71548.8 (lookup=1061.5 fwdsub=65613.1 backsub=616.3 index=2350.1) hyper=608.0 subsume=1255.8 pred_local=1560.5
KM_PROF msgloop guard=5480000 contexts=1317 msgs_pending=0 saturate_calls=920 succ=138775 pred=5341224 ground_wo=0
KM_MSGPROF arrivals dup=0 empty_join=0 conclusions=5427328 conclusions_new=5361551 (98.79% new) | arena[succ]=121098 arena[root]=14436 pred_interned=98313 ctx_clause_slots=5885287
KM_MSGPROF sender ctx=2 root=false query=None pred_sent=770232 (13.3%) pool=885 preds=1540 wo=38272 core=2
KM_MSGPROF sender ctx=3 root=false query=None pred_sent=600032 (10.4%) pool=700 preds=1540 wo=33670 core=2
KM_MSGPROF sender ctx=4 root=false query=None pred_sent=521784 (9.0%) pool=804 preds=1170 wo=37763 core=2
KM_MSGPROF sender ctx=5 root=false query=None pred_sent=461064 (8.0%) pool=716 preds=1170 wo=39231 core=2
KM_MSGPROF sender ctx=6 root=false query=None pred_sent=457432 (7.9%) pool=545 preds=1540 wo=28517 core=2
KM_MSGPROF sender ctx=1 root=false query=None pred_sent=457432 (7.9%) pool=545 preds=1540 wo=28517 core=2
KM_MSGPROF sender ctx=18 root=false query=None pred_sent=34320 (0.6%) pool=240 preds=195 wo=587 core=3
KM_MSGPROF sender ctx=106 root=false query=None pred_sent=31065 (0.5%) pool=285 preds=134 wo=679 core=3
KM_PROF[time-ms] msgloop pred_payload=692.3 pred_arrival=81890.2 propagate=2036.1 | add_clause=71561.6 (lookup=1063.9 fwdsub=65615.4 backsub=617.3 index=2353.3) hyper=608.0 subsume=1255.8 pred_local=1560.5
KM_PROF msgloop guard=5500000 contexts=1317 msgs_pending=0 saturate_calls=920 succ=143095 pred=5356904 ground_wo=0
KM_MSGPROF arrivals dup=0 empty_join=0 conclusions=5443008 conclusions_new=5376972 (98.79% new) | arena[succ]=124265 arena[root]=14436 pred_interned=101525 ctx_clause_slots=5900708
KM_MSGPROF sender ctx=2 root=false query=None pred_sent=770232 (13.3%) pool=885 preds=1592 wo=38272 core=2
KM_MSGPROF sender ctx=3 root=false query=None pred_sent=600032 (10.4%) pool=700 preds=1592 wo=33670 core=2
KM_MSGPROF sender ctx=4 root=false query=None pred_sent=521784 (9.0%) pool=804 preds=1209 wo=37763 core=2
KM_MSGPROF sender ctx=5 root=false query=None pred_sent=461064 (8.0%) pool=716 preds=1209 wo=39231 core=2
KM_MSGPROF sender ctx=6 root=false query=None pred_sent=457432 (7.9%) pool=545 preds=1592 wo=28517 core=2
KM_MSGPROF sender ctx=1 root=false query=None pred_sent=457432 (7.9%) pool=545 preds=1592 wo=28517 core=2
KM_MSGPROF sender ctx=18 root=false query=None pred_sent=34320 (0.6%) pool=240 preds=206 wo=587 core=3
KM_MSGPROF sender ctx=106 root=false query=None pred_sent=31065 (0.5%) pool=285 preds=134 wo=679 core=3
KM_PROF[time-ms] msgloop pred_payload=693.9 pred_arrival=81933.4 propagate=2036.1 | add_clause=71577.4 (lookup=1066.3 fwdsub=65617.6 backsub=618.2 index=2359.9) hyper=608.0 subsume=1255.8 pred_local=1560.5
KM_PROF msgloop guard=5520000 contexts=1317 msgs_pending=0 saturate_calls=920 succ=145180 pred=5374819 ground_wo=0
KM_MSGPROF arrivals dup=0 empty_join=0 conclusions=5460923 conclusions_new=5394325 (98.78% new) | arena[succ]=125544 arena[root]=14436 pred_interned=102845 ctx_clause_slots=5918061
KM_MSGPROF sender ctx=2 root=false query=None pred_sent=770232 (13.3%) pool=885 preds=1632 wo=38272 core=2
KM_MSGPROF sender ctx=3 root=false query=None pred_sent=600032 (10.4%) pool=700 preds=1632 wo=33670 core=2
KM_MSGPROF sender ctx=4 root=false query=None pred_sent=521784 (9.0%) pool=804 preds=1239 wo=37763 core=2
KM_MSGPROF sender ctx=5 root=false query=None pred_sent=461064 (8.0%) pool=716 preds=1239 wo=39231 core=2
KM_MSGPROF sender ctx=6 root=false query=None pred_sent=457432 (7.9%) pool=545 preds=1632 wo=28517 core=2
KM_MSGPROF sender ctx=1 root=false query=None pred_sent=457432 (7.9%) pool=545 preds=1632 wo=28517 core=2
KM_MSGPROF sender ctx=18 root=false query=None pred_sent=34320 (0.6%) pool=240 preds=209 wo=587 core=3
KM_MSGPROF sender ctx=106 root=false query=None pred_sent=31065 (0.5%) pool=285 preds=134 wo=679 core=3
KM_PROF[time-ms] msgloop pred_payload=695.5 pred_arrival=81979.5 propagate=2036.1 | add_clause=71591.2 (lookup=1068.5 fwdsub=65619.8 backsub=619.3 index=2364.0) hyper=608.0 subsume=1255.8 pred_local=1560.5
KM_PROF msgloop guard=5540000 contexts=1317 msgs_pending=0 saturate_calls=920 succ=152300 pred=5387699 ground_wo=0
KM_MSGPROF arrivals dup=0 empty_join=0 conclusions=5473803 conclusions_new=5406964 (98.78% new) | arena[succ]=130453 arena[root]=14436 pred_interned=107911 ctx_clause_slots=5930700
KM_MSGPROF sender ctx=2 root=false query=None pred_sent=770232 (13.3%) pool=885 preds=1808 wo=38272 core=2
KM_MSGPROF sender ctx=3 root=false query=None pred_sent=600032 (10.4%) pool=700 preds=1808 wo=33670 core=2
KM_MSGPROF sender ctx=4 root=false query=None pred_sent=521784 (9.0%) pool=804 preds=1371 wo=37763 core=2
KM_MSGPROF sender ctx=5 root=false query=None pred_sent=461064 (8.0%) pool=716 preds=1371 wo=39231 core=2
KM_MSGPROF sender ctx=6 root=false query=None pred_sent=457432 (7.9%) pool=545 preds=1808 wo=28517 core=2
KM_MSGPROF sender ctx=1 root=false query=None pred_sent=457432 (7.9%) pool=545 preds=1808 wo=28517 core=2
KM_MSGPROF sender ctx=18 root=false query=None pred_sent=34320 (0.6%) pool=240 preds=211 wo=587 core=3
KM_MSGPROF sender ctx=106 root=false query=None pred_sent=31065 (0.5%) pool=285 preds=137 wo=679 core=3
KM_PROF[time-ms] msgloop pred_payload=696.8 pred_arrival=82011.3 propagate=2036.1 | add_clause=71602.4 (lookup=1070.8 fwdsub=65622.0 backsub=620.1 index=2366.9) hyper=608.0 subsume=1255.8 pred_local=1560.5
KM_PROF msgloop guard=5560000 contexts=1317 msgs_pending=0 saturate_calls=920 succ=163903 pred=5396096 ground_wo=0
KM_MSGPROF arrivals dup=0 empty_join=0 conclusions=5482200 conclusions_new=5415218 (98.78% new) | arena[succ]=138707 arena[root]=14436 pred_interned=116308 ctx_clause_slots=5938954
KM_MSGPROF sender ctx=2 root=false query=None pred_sent=770232 (13.3%) pool=885 preds=1964 wo=38272 core=2
KM_MSGPROF sender ctx=3 root=false query=None pred_sent=600032 (10.4%) pool=700 preds=1964 wo=33670 core=2
KM_MSGPROF sender ctx=4 root=false query=None pred_sent=521784 (9.0%) pool=804 preds=1488 wo=37763 core=2
KM_MSGPROF sender ctx=5 root=false query=None pred_sent=461064 (8.0%) pool=716 preds=1488 wo=39231 core=2
KM_MSGPROF sender ctx=6 root=false query=None pred_sent=457432 (7.9%) pool=545 preds=1964 wo=28517 core=2
KM_MSGPROF sender ctx=1 root=false query=None pred_sent=457432 (7.9%) pool=545 preds=1964 wo=28517 core=2
KM_MSGPROF sender ctx=18 root=false query=None pred_sent=34320 (0.6%) pool=240 preds=216 wo=587 core=3
KM_MSGPROF sender ctx=106 root=false query=None pred_sent=31065 (0.5%) pool=285 preds=143 wo=679 core=3
KM_PROF[time-ms] msgloop pred_payload=698.0 pred_arrival=82045.7 propagate=2036.1 | add_clause=71618.3 (lookup=1073.2 fwdsub=65624.5 backsub=620.6 index=2375.5) hyper=608.0 subsume=1255.8 pred_local=1560.5
KM_PROF msgloop guard=5580000 contexts=1317 msgs_pending=0 saturate_calls=920 succ=172195 pred=5407804 ground_wo=0
KM_MSGPROF arrivals dup=0 empty_join=0 conclusions=5493908 conclusions_new=5426685 (98.78% new) | arena[succ]=144472 arena[root]=14436 pred_interned=122182 ctx_clause_slots=5950421
KM_MSGPROF sender ctx=2 root=false query=None pred_sent=770232 (13.3%) pool=885 preds=2088 wo=38272 core=2
KM_MSGPROF sender ctx=3 root=false query=None pred_sent=600032 (10.4%) pool=700 preds=2088 wo=33670 core=2
KM_MSGPROF sender ctx=4 root=false query=None pred_sent=521784 (9.0%) pool=804 preds=1581 wo=37763 core=2
KM_MSGPROF sender ctx=5 root=false query=None pred_sent=461064 (8.0%) pool=716 preds=1581 wo=39231 core=2
KM_MSGPROF sender ctx=6 root=false query=None pred_sent=457432 (7.9%) pool=545 preds=2088 wo=28517 core=2
KM_MSGPROF sender ctx=1 root=false query=None pred_sent=457432 (7.9%) pool=545 preds=2088 wo=28517 core=2
KM_MSGPROF sender ctx=18 root=false query=None pred_sent=34320 (0.6%) pool=240 preds=220 wo=587 core=3
KM_MSGPROF sender ctx=106 root=false query=None pred_sent=31065 (0.5%) pool=285 preds=143 wo=679 core=3
KM_PROF[time-ms] msgloop pred_payload=699.4 pred_arrival=82075.6 propagate=2036.1 | add_clause=71629.9 (lookup=1075.5 fwdsub=65627.0 backsub=621.3 index=2378.7) hyper=608.0 subsume=1255.8 pred_local=1560.5
KM_PROF msgloop guard=5600000 contexts=1317 msgs_pending=0 saturate_calls=920 succ=180959 pred=5419040 ground_wo=0
KM_MSGPROF arrivals dup=0 empty_join=0 conclusions=5505144 conclusions_new=5437695 (98.77% new) | arena[succ]=150534 arena[root]=14436 pred_interned=128358 ctx_clause_slots=5961431
KM_MSGPROF sender ctx=2 root=false query=None pred_sent=770232 (13.3%) pool=885 preds=2212 wo=38272 core=2
KM_MSGPROF sender ctx=3 root=false query=None pred_sent=600032 (10.4%) pool=700 preds=2212 wo=33670 core=2
KM_MSGPROF sender ctx=4 root=false query=None pred_sent=521784 (9.0%) pool=804 preds=1674 wo=37763 core=2
KM_MSGPROF sender ctx=5 root=false query=None pred_sent=461064 (8.0%) pool=716 preds=1674 wo=39231 core=2
KM_MSGPROF sender ctx=6 root=false query=None pred_sent=457432 (7.9%) pool=545 preds=2212 wo=28517 core=2
KM_MSGPROF sender ctx=1 root=false query=None pred_sent=457432 (7.9%) pool=545 preds=2212 wo=28517 core=2
KM_MSGPROF sender ctx=18 root=false query=None pred_sent=34320 (0.6%) pool=240 preds=220 wo=587 core=3
KM_MSGPROF sender ctx=106 root=false query=None pred_sent=31065 (0.5%) pool=285 preds=143 wo=679 core=3
KM_PROF[time-ms] msgloop pred_payload=700.7 pred_arrival=82103.3 propagate=2036.1 | add_clause=71640.6 (lookup=1077.8 fwdsub=65629.3 backsub=621.9 index=2381.5) hyper=608.0 subsume=1255.8 pred_local=1560.5
KM_PROF msgloop guard=5620000 contexts=1317 msgs_pending=0 saturate_calls=920 succ=184247 pred=5435752 ground_wo=0
KM_MSGPROF arrivals dup=0 empty_join=0 conclusions=5521856 conclusions_new=5454158 (98.77% new) | arena[succ]=153043 arena[root]=14436 pred_interned=130910 ctx_clause_slots=5977894
KM_MSGPROF sender ctx=2 root=false query=None pred_sent=770232 (13.3%) pool=885 preds=2256 wo=38272 core=2
KM_MSGPROF sender ctx=3 root=false query=None pred_sent=600032 (10.4%) pool=700 preds=2256 wo=33670 core=2
KM_MSGPROF sender ctx=4 root=false query=None pred_sent=521784 (9.0%) pool=804 preds=1707 wo=37763 core=2
KM_MSGPROF sender ctx=5 root=false query=None pred_sent=461064 (8.0%) pool=716 preds=1707 wo=39231 core=2
KM_MSGPROF sender ctx=6 root=false query=None pred_sent=457432 (7.9%) pool=545 preds=2256 wo=28517 core=2
KM_MSGPROF sender ctx=1 root=false query=None pred_sent=457432 (7.9%) pool=545 preds=2256 wo=28517 core=2
KM_MSGPROF sender ctx=18 root=false query=None pred_sent=34320 (0.6%) pool=240 preds=221 wo=587 core=3
KM_MSGPROF sender ctx=106 root=false query=None pred_sent=31065 (0.5%) pool=285 preds=144 wo=679 core=3
KM_PROF[time-ms] msgloop pred_payload=702.4 pred_arrival=82144.9 propagate=2036.1 | add_clause=71655.1 (lookup=1080.5 fwdsub=65632.0 backsub=623.0 index=2385.2) hyper=608.0 subsume=1255.8 pred_local=1560.5
KM_PROF msgloop guard=5640000 contexts=1317 msgs_pending=0 saturate_calls=920 succ=184247 pred=5455752 ground_wo=0
KM_MSGPROF arrivals dup=0 empty_join=0 conclusions=5541856 conclusions_new=5473879 (98.77% new) | arena[succ]=153043 arena[root]=14436 pred_interned=130910 ctx_clause_slots=5997615
KM_MSGPROF sender ctx=2 root=false query=None pred_sent=770232 (13.3%) pool=885 preds=2256 wo=38272 core=2
KM_MSGPROF sender ctx=3 root=false query=None pred_sent=600032 (10.4%) pool=700 preds=2256 wo=33670 core=2
KM_MSGPROF sender ctx=4 root=false query=None pred_sent=521784 (9.0%) pool=804 preds=1707 wo=37763 core=2
KM_MSGPROF sender ctx=5 root=false query=None pred_sent=461064 (8.0%) pool=716 preds=1707 wo=39231 core=2
KM_MSGPROF sender ctx=6 root=false query=None pred_sent=457432 (7.9%) pool=545 preds=2256 wo=28517 core=2
KM_MSGPROF sender ctx=1 root=false query=None pred_sent=457432 (7.9%) pool=545 preds=2256 wo=28517 core=2
KM_MSGPROF sender ctx=18 root=false query=None pred_sent=34320 (0.6%) pool=240 preds=221 wo=587 core=3
KM_MSGPROF sender ctx=106 root=false query=None pred_sent=31065 (0.5%) pool=285 preds=144 wo=679 core=3
KM_PROF[time-ms] msgloop pred_payload=704.1 pred_arrival=82209.5 propagate=2036.1 | add_clause=71685.7 (lookup=1082.9 fwdsub=65634.6 backsub=624.2 index=2404.5) hyper=608.0 subsume=1255.8 pred_local=1560.5
KM_PROF msgloop guard=5660000 contexts=1317 msgs_pending=0 saturate_calls=920 succ=184247 pred=5475752 ground_wo=0
KM_MSGPROF arrivals dup=0 empty_join=0 conclusions=5561856 conclusions_new=5493609 (98.77% new) | arena[succ]=153043 arena[root]=14436 pred_interned=130910 ctx_clause_slots=6017345
KM_MSGPROF sender ctx=2 root=false query=None pred_sent=770232 (13.3%) pool=885 preds=2256 wo=38272 core=2
KM_MSGPROF sender ctx=3 root=false query=None pred_sent=600032 (10.4%) pool=700 preds=2256 wo=33670 core=2
KM_MSGPROF sender ctx=4 root=false query=None pred_sent=521784 (9.0%) pool=804 preds=1707 wo=37763 core=2
KM_MSGPROF sender ctx=5 root=false query=None pred_sent=461064 (8.0%) pool=716 preds=1707 wo=39231 core=2
KM_MSGPROF sender ctx=6 root=false query=None pred_sent=457432 (7.9%) pool=545 preds=2256 wo=28517 core=2
KM_MSGPROF sender ctx=1 root=false query=None pred_sent=457432 (7.9%) pool=545 preds=2256 wo=28517 core=2
KM_MSGPROF sender ctx=18 root=false query=None pred_sent=34320 (0.6%) pool=240 preds=221 wo=587 core=3
KM_MSGPROF sender ctx=106 root=false query=None pred_sent=31065 (0.5%) pool=285 preds=144 wo=679 core=3
KM_PROF[time-ms] msgloop pred_payload=705.8 pred_arrival=82261.8 propagate=2036.1 | add_clause=71699.6 (lookup=1085.4 fwdsub=65636.9 backsub=625.4 index=2407.8) hyper=608.0 subsume=1255.8 pred_local=1560.5
KM_PROF msgloop guard=5680000 contexts=1317 msgs_pending=0 saturate_calls=920 succ=184247 pred=5495752 ground_wo=0
KM_MSGPROF arrivals dup=0 empty_join=0 conclusions=5581856 conclusions_new=5513357 (98.77% new) | arena[succ]=153043 arena[root]=14436 pred_interned=130910 ctx_clause_slots=6037093
KM_MSGPROF sender ctx=2 root=false query=None pred_sent=770232 (13.3%) pool=885 preds=2256 wo=38272 core=2
KM_MSGPROF sender ctx=3 root=false query=None pred_sent=600032 (10.4%) pool=700 preds=2256 wo=33670 core=2
KM_MSGPROF sender ctx=4 root=false query=None pred_sent=521784 (9.0%) pool=804 preds=1707 wo=37763 core=2
KM_MSGPROF sender ctx=5 root=false query=None pred_sent=461064 (8.0%) pool=716 preds=1707 wo=39231 core=2
KM_MSGPROF sender ctx=6 root=false query=None pred_sent=457432 (7.9%) pool=545 preds=2256 wo=28517 core=2
KM_MSGPROF sender ctx=1 root=false query=None pred_sent=457432 (7.9%) pool=545 preds=2256 wo=28517 core=2
KM_MSGPROF sender ctx=18 root=false query=None pred_sent=34320 (0.6%) pool=240 preds=221 wo=587 core=3
KM_MSGPROF sender ctx=106 root=false query=None pred_sent=31065 (0.5%) pool=285 preds=144 wo=679 core=3
KM_PROF[time-ms] msgloop pred_payload=707.4 pred_arrival=82328.2 propagate=2036.1 | add_clause=71729.0 (lookup=1088.0 fwdsub=65638.9 backsub=626.5 index=2426.8) hyper=608.0 subsume=1255.8 pred_local=1560.5
KM_PROF msgloop guard=5700000 contexts=1317 msgs_pending=0 saturate_calls=920 succ=195211 pred=5504788 ground_wo=0
KM_MSGPROF arrivals dup=0 empty_join=0 conclusions=5590892 conclusions_new=5522265 (98.77% new) | arena[succ]=160933 arena[root]=14436 pred_interned=138922 ctx_clause_slots=6046001
KM_MSGPROF sender ctx=2 root=false query=None pred_sent=770232 (13.3%) pool=885 preds=2400 wo=38272 core=2
KM_MSGPROF sender ctx=3 root=false query=None pred_sent=600032 (10.4%) pool=700 preds=2400 wo=33670 core=2
KM_MSGPROF sender ctx=4 root=false query=None pred_sent=521784 (9.0%) pool=804 preds=1815 wo=37763 core=2
KM_MSGPROF sender ctx=5 root=false query=None pred_sent=461064 (8.0%) pool=716 preds=1815 wo=39231 core=2
KM_MSGPROF sender ctx=6 root=false query=None pred_sent=457432 (7.9%) pool=545 preds=2400 wo=28517 core=2
KM_MSGPROF sender ctx=1 root=false query=None pred_sent=457432 (7.9%) pool=545 preds=2400 wo=28517 core=2
KM_MSGPROF sender ctx=18 root=false query=None pred_sent=34320 (0.6%) pool=240 preds=232 wo=587 core=3
KM_MSGPROF sender ctx=106 root=false query=None pred_sent=31065 (0.5%) pool=285 preds=144 wo=679 core=3
KM_PROF[time-ms] msgloop pred_payload=708.8 pred_arrival=82356.7 propagate=2036.1 | add_clause=71740.3 (lookup=1090.5 fwdsub=65641.7 backsub=627.1 index=2430.1) hyper=608.0 subsume=1255.8 pred_local=1560.5
KM_PROF msgloop guard=5720000 contexts=1317 msgs_pending=0 saturate_calls=920 succ=196141 pred=5523858 ground_wo=0
KM_MSGPROF arrivals dup=0 empty_join=0 conclusions=5609962 conclusions_new=5541064 (98.77% new) | arena[succ]=161518 arena[root]=14436 pred_interned=139551 ctx_clause_slots=6064800
KM_MSGPROF sender ctx=2 root=false query=None pred_sent=770232 (13.3%) pool=885 preds=2444 wo=38272 core=2
KM_MSGPROF sender ctx=3 root=false query=None pred_sent=600032 (10.4%) pool=700 preds=2444 wo=33670 core=2
KM_MSGPROF sender ctx=4 root=false query=None pred_sent=521784 (9.0%) pool=804 preds=1848 wo=37763 core=2
KM_MSGPROF sender ctx=5 root=false query=None pred_sent=461064 (8.0%) pool=716 preds=1848 wo=39231 core=2
KM_MSGPROF sender ctx=6 root=false query=None pred_sent=457432 (7.9%) pool=545 preds=2444 wo=28517 core=2
KM_MSGPROF sender ctx=1 root=false query=None pred_sent=457432 (7.9%) pool=545 preds=2444 wo=28517 core=2
KM_MSGPROF sender ctx=18 root=false query=None pred_sent=34320 (0.6%) pool=240 preds=232 wo=587 core=3
KM_MSGPROF sender ctx=106 root=false query=None pred_sent=31065 (0.5%) pool=285 preds=144 wo=679 core=3
KM_PROF[time-ms] msgloop pred_payload=710.4 pred_arrival=82404.6 propagate=2036.1 | add_clause=71756.2 (lookup=1093.0 fwdsub=65644.6 backsub=628.2 index=2434.1) hyper=608.0 subsume=1255.8 pred_local=1560.5
KM_PROF msgloop guard=5740000 contexts=1317 msgs_pending=0 saturate_calls=920 succ=196141 pred=5543858 ground_wo=0
KM_MSGPROF arrivals dup=0 empty_join=0 conclusions=5629962 conclusions_new=5560741 (98.77% new) | arena[succ]=161518 arena[root]=14436 pred_interned=139551 ctx_clause_slots=6084477
KM_MSGPROF sender ctx=2 root=false query=None pred_sent=770232 (13.3%) pool=885 preds=2444 wo=38272 core=2
KM_MSGPROF sender ctx=3 root=false query=None pred_sent=600032 (10.4%) pool=700 preds=2444 wo=33670 core=2
KM_MSGPROF sender ctx=4 root=false query=None pred_sent=521784 (9.0%) pool=804 preds=1848 wo=37763 core=2
KM_MSGPROF sender ctx=5 root=false query=None pred_sent=461064 (8.0%) pool=716 preds=1848 wo=39231 core=2
KM_MSGPROF sender ctx=6 root=false query=None pred_sent=457432 (7.9%) pool=545 preds=2444 wo=28517 core=2
KM_MSGPROF sender ctx=1 root=false query=None pred_sent=457432 (7.9%) pool=545 preds=2444 wo=28517 core=2
KM_MSGPROF sender ctx=18 root=false query=None pred_sent=34320 (0.6%) pool=240 preds=232 wo=587 core=3
KM_MSGPROF sender ctx=106 root=false query=None pred_sent=31065 (0.5%) pool=285 preds=144 wo=679 core=3
KM_PROF[time-ms] msgloop pred_payload=712.1 pred_arrival=82469.7 propagate=2036.1 | add_clause=71786.5 (lookup=1095.4 fwdsub=65647.1 backsub=629.5 index=2453.0) hyper=608.0 subsume=1255.8 pred_local=1560.5
KM_PROF msgloop guard=5760000 contexts=1317 msgs_pending=0 saturate_calls=920 succ=196141 pred=5563858 ground_wo=0
KM_MSGPROF arrivals dup=0 empty_join=0 conclusions=5649962 conclusions_new=5580479 (98.77% new) | arena[succ]=161518 arena[root]=14436 pred_interned=139551 ctx_clause_slots=6104215
KM_MSGPROF sender ctx=2 root=false query=None pred_sent=770232 (13.3%) pool=885 preds=2444 wo=38272 core=2
KM_MSGPROF sender ctx=3 root=false query=None pred_sent=600032 (10.4%) pool=700 preds=2444 wo=33670 core=2
KM_MSGPROF sender ctx=4 root=false query=None pred_sent=521784 (9.0%) pool=804 preds=1848 wo=37763 core=2
KM_MSGPROF sender ctx=5 root=false query=None pred_sent=461064 (8.0%) pool=716 preds=1848 wo=39231 core=2
KM_MSGPROF sender ctx=6 root=false query=None pred_sent=457432 (7.9%) pool=545 preds=2444 wo=28517 core=2
KM_MSGPROF sender ctx=1 root=false query=None pred_sent=457432 (7.9%) pool=545 preds=2444 wo=28517 core=2
KM_MSGPROF sender ctx=18 root=false query=None pred_sent=34320 (0.6%) pool=240 preds=232 wo=587 core=3
KM_MSGPROF sender ctx=106 root=false query=None pred_sent=31065 (0.5%) pool=285 preds=144 wo=679 core=3
KM_PROF[time-ms] msgloop pred_payload=713.8 pred_arrival=82546.2 propagate=2036.1 | add_clause=71822.5 (lookup=1097.8 fwdsub=65649.5 backsub=630.6 index=2478.2) hyper=608.0 subsume=1255.8 pred_local=1560.5
KM_PROF msgloop guard=5780000 contexts=1317 msgs_pending=0 saturate_calls=920 succ=196141 pred=5583858 ground_wo=0
KM_MSGPROF arrivals dup=0 empty_join=0 conclusions=5669962 conclusions_new=5600167 (98.77% new) | arena[succ]=161518 arena[root]=14436 pred_interned=139551 ctx_clause_slots=6123903
KM_MSGPROF sender ctx=2 root=false query=None pred_sent=770232 (13.3%) pool=885 preds=2444 wo=38272 core=2
KM_MSGPROF sender ctx=3 root=false query=None pred_sent=600032 (10.4%) pool=700 preds=2444 wo=33670 core=2
KM_MSGPROF sender ctx=4 root=false query=None pred_sent=521784 (9.0%) pool=804 preds=1848 wo=37763 core=2
KM_MSGPROF sender ctx=5 root=false query=None pred_sent=461064 (8.0%) pool=716 preds=1848 wo=39231 core=2
KM_MSGPROF sender ctx=6 root=false query=None pred_sent=457432 (7.9%) pool=545 preds=2444 wo=28517 core=2
KM_MSGPROF sender ctx=1 root=false query=None pred_sent=457432 (7.9%) pool=545 preds=2444 wo=28517 core=2
KM_MSGPROF sender ctx=18 root=false query=None pred_sent=34320 (0.6%) pool=240 preds=232 wo=587 core=3
KM_MSGPROF sender ctx=106 root=false query=None pred_sent=31065 (0.5%) pool=285 preds=144 wo=679 core=3
KM_PROF[time-ms] msgloop pred_payload=715.5 pred_arrival=82604.0 propagate=2036.1 | add_clause=71841.4 (lookup=1100.2 fwdsub=65652.0 backsub=631.8 index=2486.2) hyper=608.0 subsume=1255.8 pred_local=1560.5
KM_PROF msgloop guard=5800000 contexts=1317 msgs_pending=0 saturate_calls=920 succ=196141 pred=5603858 ground_wo=0
KM_MSGPROF arrivals dup=0 empty_join=0 conclusions=5689962 conclusions_new=5619927 (98.77% new) | arena[succ]=161518 arena[root]=14436 pred_interned=139551 ctx_clause_slots=6143663
KM_MSGPROF sender ctx=2 root=false query=None pred_sent=770232 (13.3%) pool=885 preds=2444 wo=38272 core=2
KM_MSGPROF sender ctx=3 root=false query=None pred_sent=600032 (10.4%) pool=700 preds=2444 wo=33670 core=2
KM_MSGPROF sender ctx=4 root=false query=None pred_sent=521784 (9.0%) pool=804 preds=1848 wo=37763 core=2
KM_MSGPROF sender ctx=5 root=false query=None pred_sent=461064 (8.0%) pool=716 preds=1848 wo=39231 core=2
KM_MSGPROF sender ctx=6 root=false query=None pred_sent=457432 (7.9%) pool=545 preds=2444 wo=28517 core=2
KM_MSGPROF sender ctx=1 root=false query=None pred_sent=457432 (7.9%) pool=545 preds=2444 wo=28517 core=2
KM_MSGPROF sender ctx=18 root=false query=None pred_sent=34320 (0.6%) pool=240 preds=232 wo=587 core=3
KM_MSGPROF sender ctx=106 root=false query=None pred_sent=31065 (0.5%) pool=285 preds=144 wo=679 core=3
KM_PROF[time-ms] msgloop pred_payload=717.2 pred_arrival=82654.0 propagate=2036.1 | add_clause=71855.9 (lookup=1102.6 fwdsub=65654.3 backsub=633.0 index=2489.7) hyper=608.0 subsume=1255.8 pred_local=1560.5
KM_PROF msgloop guard=5820000 contexts=1317 msgs_pending=0 saturate_calls=920 succ=196141 pred=5623858 ground_wo=0
KM_MSGPROF arrivals dup=0 empty_join=0 conclusions=5709962 conclusions_new=5639636 (98.77% new) | arena[succ]=161518 arena[root]=14436 pred_interned=139551 ctx_clause_slots=6163372
KM_MSGPROF sender ctx=2 root=false query=None pred_sent=770232 (13.3%) pool=885 preds=2444 wo=38272 core=2
KM_MSGPROF sender ctx=3 root=false query=None pred_sent=600032 (10.4%) pool=700 preds=2444 wo=33670 core=2
KM_MSGPROF sender ctx=4 root=false query=None pred_sent=521784 (9.0%) pool=804 preds=1848 wo=37763 core=2
KM_MSGPROF sender ctx=5 root=false query=None pred_sent=461064 (8.0%) pool=716 preds=1848 wo=39231 core=2
KM_MSGPROF sender ctx=6 root=false query=None pred_sent=457432 (7.9%) pool=545 preds=2444 wo=28517 core=2
KM_MSGPROF sender ctx=1 root=false query=None pred_sent=457432 (7.9%) pool=545 preds=2444 wo=28517 core=2
KM_MSGPROF sender ctx=18 root=false query=None pred_sent=34320 (0.6%) pool=240 preds=232 wo=587 core=3
KM_MSGPROF sender ctx=106 root=false query=None pred_sent=31065 (0.5%) pool=285 preds=144 wo=679 core=3
KM_PROF[time-ms] msgloop pred_payload=718.9 pred_arrival=82707.5 propagate=2036.1 | add_clause=71871.5 (lookup=1105.2 fwdsub=65656.7 backsub=634.3 index=2493.7) hyper=608.0 subsume=1255.8 pred_local=1560.5
KM_PROF msgloop guard=5840000 contexts=1317 msgs_pending=0 saturate_calls=920 succ=196141 pred=5643858 ground_wo=0
KM_MSGPROF arrivals dup=0 empty_join=0 conclusions=5729962 conclusions_new=5659453 (98.77% new) | arena[succ]=161518 arena[root]=14436 pred_interned=139551 ctx_clause_slots=6183189
KM_MSGPROF sender ctx=2 root=false query=None pred_sent=770232 (13.3%) pool=885 preds=2444 wo=38272 core=2
KM_MSGPROF sender ctx=3 root=false query=None pred_sent=600032 (10.4%) pool=700 preds=2444 wo=33670 core=2
KM_MSGPROF sender ctx=4 root=false query=None pred_sent=521784 (9.0%) pool=804 preds=1848 wo=37763 core=2
KM_MSGPROF sender ctx=5 root=false query=None pred_sent=461064 (8.0%) pool=716 preds=1848 wo=39231 core=2
KM_MSGPROF sender ctx=6 root=false query=None pred_sent=457432 (7.9%) pool=545 preds=2444 wo=28517 core=2
KM_MSGPROF sender ctx=1 root=false query=None pred_sent=457432 (7.9%) pool=545 preds=2444 wo=28517 core=2
KM_MSGPROF sender ctx=18 root=false query=None pred_sent=34320 (0.6%) pool=240 preds=232 wo=587 core=3
KM_MSGPROF sender ctx=106 root=false query=None pred_sent=31065 (0.5%) pool=285 preds=144 wo=679 core=3
KM_PROF[time-ms] msgloop pred_payload=720.5 pred_arrival=82756.6 propagate=2036.1 | add_clause=71886.8 (lookup=1107.6 fwdsub=65659.2 backsub=635.5 index=2497.6) hyper=608.0 subsume=1255.8 pred_local=1560.5
KM_PROF msgloop guard=5860000 contexts=1317 msgs_pending=0 saturate_calls=920 succ=196141 pred=5663858 ground_wo=0
KM_MSGPROF arrivals dup=0 empty_join=0 conclusions=5749962 conclusions_new=5679180 (98.77% new) | arena[succ]=161518 arena[root]=14436 pred_interned=139551 ctx_clause_slots=6202916
KM_MSGPROF sender ctx=2 root=false query=None pred_sent=770232 (13.3%) pool=885 preds=2444 wo=38272 core=2
KM_MSGPROF sender ctx=3 root=false query=None pred_sent=600032 (10.4%) pool=700 preds=2444 wo=33670 core=2
KM_MSGPROF sender ctx=4 root=false query=None pred_sent=521784 (9.0%) pool=804 preds=1848 wo=37763 core=2
KM_MSGPROF sender ctx=5 root=false query=None pred_sent=461064 (8.0%) pool=716 preds=1848 wo=39231 core=2
KM_MSGPROF sender ctx=6 root=false query=None pred_sent=457432 (7.9%) pool=545 preds=2444 wo=28517 core=2
KM_MSGPROF sender ctx=1 root=false query=None pred_sent=457432 (7.9%) pool=545 preds=2444 wo=28517 core=2
KM_MSGPROF sender ctx=18 root=false query=None pred_sent=34320 (0.6%) pool=240 preds=232 wo=587 core=3
KM_MSGPROF sender ctx=106 root=false query=None pred_sent=31065 (0.5%) pool=285 preds=144 wo=679 core=3
KM_PROF[time-ms] msgloop pred_payload=722.2 pred_arrival=82806.3 propagate=2036.1 | add_clause=71902.1 (lookup=1110.0 fwdsub=65661.3 backsub=636.7 index=2501.2) hyper=608.0 subsume=1255.8 pred_local=1560.5
KM_PROF msgloop guard=5880000 contexts=1317 msgs_pending=0 saturate_calls=920 succ=196141 pred=5683858 ground_wo=0
KM_MSGPROF arrivals dup=0 empty_join=0 conclusions=5769962 conclusions_new=5698886 (98.77% new) | arena[succ]=161518 arena[root]=14436 pred_interned=139551 ctx_clause_slots=6222622
KM_MSGPROF sender ctx=2 root=false query=None pred_sent=770232 (13.3%) pool=885 preds=2444 wo=38272 core=2
KM_MSGPROF sender ctx=3 root=false query=None pred_sent=600032 (10.4%) pool=700 preds=2444 wo=33670 core=2
KM_MSGPROF sender ctx=4 root=false query=None pred_sent=521784 (9.0%) pool=804 preds=1848 wo=37763 core=2
KM_MSGPROF sender ctx=5 root=false query=None pred_sent=461064 (8.0%) pool=716 preds=1848 wo=39231 core=2
KM_MSGPROF sender ctx=6 root=false query=None pred_sent=457432 (7.9%) pool=545 preds=2444 wo=28517 core=2
KM_MSGPROF sender ctx=1 root=false query=None pred_sent=457432 (7.9%) pool=545 preds=2444 wo=28517 core=2
KM_MSGPROF sender ctx=18 root=false query=None pred_sent=34320 (0.6%) pool=240 preds=232 wo=587 core=3
KM_MSGPROF sender ctx=106 root=false query=None pred_sent=31065 (0.5%) pool=285 preds=144 wo=679 core=3
KM_PROF[time-ms] msgloop pred_payload=723.9 pred_arrival=82857.2 propagate=2036.1 | add_clause=71916.7 (lookup=1112.6 fwdsub=65663.5 backsub=637.9 index=2504.9) hyper=608.0 subsume=1255.8 pred_local=1560.5
KM_PROF msgloop guard=5900000 contexts=1317 msgs_pending=0 saturate_calls=920 succ=198891 pred=5701108 ground_wo=0
KM_MSGPROF arrivals dup=0 empty_join=0 conclusions=5787212 conclusions_new=5715960 (98.77% new) | arena[succ]=163477 arena[root]=14436 pred_interned=141535 ctx_clause_slots=6239696
KM_MSGPROF sender ctx=2 root=false query=None pred_sent=770232 (13.3%) pool=885 preds=2472 wo=38272 core=2
KM_MSGPROF sender ctx=3 root=false query=None pred_sent=600032 (10.4%) pool=700 preds=2472 wo=33670 core=2
KM_MSGPROF sender ctx=4 root=false query=None pred_sent=521784 (9.0%) pool=804 preds=1869 wo=37763 core=2
KM_MSGPROF sender ctx=5 root=false query=None pred_sent=461064 (8.0%) pool=716 preds=1869 wo=39231 core=2
KM_MSGPROF sender ctx=6 root=false query=None pred_sent=457432 (7.9%) pool=545 preds=2472 wo=28517 core=2
KM_MSGPROF sender ctx=1 root=false query=None pred_sent=457432 (7.9%) pool=545 preds=2472 wo=28517 core=2
KM_MSGPROF sender ctx=18 root=false query=None pred_sent=34320 (0.6%) pool=240 preds=239 wo=587 core=3
KM_MSGPROF sender ctx=106 root=false query=None pred_sent=31065 (0.5%) pool=285 preds=144 wo=679 core=3
KM_PROF[time-ms] msgloop pred_payload=725.5 pred_arrival=82902.1 propagate=2036.1 | add_clause=71931.4 (lookup=1115.1 fwdsub=65666.2 backsub=639.0 index=2508.7) hyper=608.0 subsume=1255.8 pred_local=1560.5
KM_PROF msgloop guard=5920000 contexts=1317 msgs_pending=0 saturate_calls=920 succ=203943 pred=5716056 ground_wo=0
KM_MSGPROF arrivals dup=0 empty_join=0 conclusions=5802160 conclusions_new=5730712 (98.77% new) | arena[succ]=167066 arena[root]=14436 pred_interned=145170 ctx_clause_slots=6254448
KM_MSGPROF sender ctx=2 root=false query=None pred_sent=770232 (13.3%) pool=885 preds=2524 wo=38272 core=2
KM_MSGPROF sender ctx=3 root=false query=None pred_sent=600032 (10.4%) pool=700 preds=2524 wo=33670 core=2
KM_MSGPROF sender ctx=4 root=false query=None pred_sent=521784 (9.0%) pool=804 preds=1908 wo=37763 core=2
KM_MSGPROF sender ctx=5 root=false query=None pred_sent=461064 (8.0%) pool=716 preds=1908 wo=39231 core=2
KM_MSGPROF sender ctx=6 root=false query=None pred_sent=457432 (7.9%) pool=545 preds=2524 wo=28517 core=2
KM_MSGPROF sender ctx=1 root=false query=None pred_sent=457432 (7.9%) pool=545 preds=2524 wo=28517 core=2
KM_MSGPROF sender ctx=18 root=false query=None pred_sent=34320 (0.6%) pool=240 preds=251 wo=587 core=3
KM_MSGPROF sender ctx=106 root=false query=None pred_sent=31065 (0.5%) pool=285 preds=144 wo=679 core=3
KM_PROF[time-ms] msgloop pred_payload=727.1 pred_arrival=82953.0 propagate=2036.1 | add_clause=71957.4 (lookup=1117.5 fwdsub=65668.6 backsub=639.9 index=2525.4) hyper=608.0 subsume=1255.8 pred_local=1560.5
KM_PROF msgloop guard=5940000 contexts=1317 msgs_pending=0 saturate_calls=920 succ=208109 pred=5731890 ground_wo=0
KM_MSGPROF arrivals dup=0 empty_join=0 conclusions=5817994 conclusions_new=5746348 (98.77% new) | arena[succ]=170134 arena[root]=14436 pred_interned=148277 ctx_clause_slots=6270084
KM_MSGPROF sender ctx=2 root=false query=None pred_sent=770232 (13.3%) pool=885 preds=2568 wo=38272 core=2
KM_MSGPROF sender ctx=3 root=false query=None pred_sent=600032 (10.4%) pool=700 preds=2568 wo=33670 core=2
KM_MSGPROF sender ctx=4 root=false query=None pred_sent=521784 (9.0%) pool=804 preds=1941 wo=37763 core=2
KM_MSGPROF sender ctx=5 root=false query=None pred_sent=461064 (8.0%) pool=716 preds=1941 wo=39231 core=2
KM_MSGPROF sender ctx=6 root=false query=None pred_sent=457432 (7.9%) pool=545 preds=2568 wo=28517 core=2
KM_MSGPROF sender ctx=1 root=false query=None pred_sent=457432 (7.9%) pool=545 preds=2568 wo=28517 core=2
KM_MSGPROF sender ctx=18 root=false query=None pred_sent=34320 (0.6%) pool=240 preds=260 wo=587 core=3
KM_MSGPROF sender ctx=106 root=false query=None pred_sent=31065 (0.5%) pool=285 preds=144 wo=679 core=3
KM_PROF[time-ms] msgloop pred_payload=728.6 pred_arrival=82994.7 propagate=2036.1 | add_clause=71971.1 (lookup=1119.9 fwdsub=65670.7 backsub=640.9 index=2530.6) hyper=608.0 subsume=1255.8 pred_local=1560.5
KM_PROF msgloop guard=5960000 contexts=1317 msgs_pending=0 saturate_calls=920 succ=212611 pred=5747388 ground_wo=0
KM_MSGPROF arrivals dup=0 empty_join=0 conclusions=5833492 conclusions_new=5761635 (98.77% new) | arena[succ]=173445 arena[root]=14436 pred_interned=151651 ctx_clause_slots=6285371
KM_MSGPROF sender ctx=2 root=false query=None pred_sent=770232 (13.3%) pool=885 preds=2636 wo=38272 core=2
KM_MSGPROF sender ctx=3 root=false query=None pred_sent=600032 (10.4%) pool=700 preds=2636 wo=33670 core=2
KM_MSGPROF sender ctx=4 root=false query=None pred_sent=521784 (9.0%) pool=804 preds=1992 wo=37763 core=2
KM_MSGPROF sender ctx=5 root=false query=None pred_sent=461064 (8.0%) pool=716 preds=1992 wo=39231 core=2
KM_MSGPROF sender ctx=6 root=false query=None pred_sent=457432 (7.9%) pool=545 preds=2636 wo=28517 core=2
KM_MSGPROF sender ctx=1 root=false query=None pred_sent=457432 (7.9%) pool=545 preds=2636 wo=28517 core=2
KM_MSGPROF sender ctx=18 root=false query=None pred_sent=34320 (0.6%) pool=240 preds=262 wo=587 core=3
KM_MSGPROF sender ctx=106 root=false query=None pred_sent=31065 (0.5%) pool=285 preds=144 wo=679 core=3
KM_PROF[time-ms] msgloop pred_payload=730.3 pred_arrival=83038.1 propagate=2036.1 | add_clause=71985.6 (lookup=1122.4 fwdsub=65673.3 backsub=641.8 index=2534.1) hyper=608.0 subsume=1255.8 pred_local=1560.5
KM_PROF msgloop guard=5980000 contexts=1317 msgs_pending=0 saturate_calls=920 succ=212611 pred=5767388 ground_wo=0
KM_MSGPROF arrivals dup=0 empty_join=0 conclusions=5853492 conclusions_new=5781419 (98.77% new) | arena[succ]=173445 arena[root]=14436 pred_interned=151651 ctx_clause_slots=6305155
KM_MSGPROF sender ctx=2 root=false query=None pred_sent=770232 (13.3%) pool=885 preds=2636 wo=38272 core=2
KM_MSGPROF sender ctx=3 root=false query=None pred_sent=600032 (10.4%) pool=700 preds=2636 wo=33670 core=2
KM_MSGPROF sender ctx=4 root=false query=None pred_sent=521784 (9.0%) pool=804 preds=1992 wo=37763 core=2
KM_MSGPROF sender ctx=5 root=false query=None pred_sent=461064 (8.0%) pool=716 preds=1992 wo=39231 core=2
KM_MSGPROF sender ctx=6 root=false query=None pred_sent=457432 (7.9%) pool=545 preds=2636 wo=28517 core=2
KM_MSGPROF sender ctx=1 root=false query=None pred_sent=457432 (7.9%) pool=545 preds=2636 wo=28517 core=2
KM_MSGPROF sender ctx=18 root=false query=None pred_sent=34320 (0.6%) pool=240 preds=262 wo=587 core=3
KM_MSGPROF sender ctx=106 root=false query=None pred_sent=31065 (0.5%) pool=285 preds=144 wo=679 core=3
KM_PROF[time-ms] msgloop pred_payload=732.0 pred_arrival=83086.1 propagate=2036.1 | add_clause=72000.5 (lookup=1125.2 fwdsub=65675.4 backsub=643.0 index=2537.8) hyper=608.0 subsume=1255.8 pred_local=1560.5
KM_PROF msgloop guard=6000000 contexts=1317 msgs_pending=0 saturate_calls=920 succ=214946 pred=5785053 ground_wo=0
KM_MSGPROF arrivals dup=0 empty_join=0 conclusions=5871157 conclusions_new=5798896 (98.77% new) | arena[succ]=175105 arena[root]=14436 pred_interned=153328 ctx_clause_slots=6322632
KM_MSGPROF sender ctx=2 root=false query=None pred_sent=770232 (13.3%) pool=885 preds=2660 wo=38272 core=2
KM_MSGPROF sender ctx=3 root=false query=None pred_sent=600032 (10.4%) pool=700 preds=2660 wo=33670 core=2
KM_MSGPROF sender ctx=4 root=false query=None pred_sent=521784 (9.0%) pool=804 preds=2010 wo=37763 core=2
KM_MSGPROF sender ctx=5 root=false query=None pred_sent=461064 (8.0%) pool=716 preds=2010 wo=39231 core=2
KM_MSGPROF sender ctx=6 root=false query=None pred_sent=457432 (7.9%) pool=545 preds=2660 wo=28517 core=2
KM_MSGPROF sender ctx=1 root=false query=None pred_sent=457432 (7.9%) pool=545 preds=2660 wo=28517 core=2
KM_MSGPROF sender ctx=18 root=false query=None pred_sent=34320 (0.6%) pool=240 preds=266 wo=587 core=3
KM_MSGPROF sender ctx=106 root=false query=None pred_sent=31065 (0.5%) pool=285 preds=144 wo=679 core=3
KM_PROF[time-ms] msgloop pred_payload=733.7 pred_arrival=83129.6 propagate=2036.1 | add_clause=72013.8 (lookup=1127.8 fwdsub=65677.6 backsub=644.0 index=2541.2) hyper=608.0 subsume=1255.8 pred_local=1560.5
Command exited with non-zero status 124
	Command being timed: "/usr/bin/timeout 150 env KM_THREADS=1 KM_QUERIES=__none__ KM_PROF=1 KM_MSGPROF=1 KM_PROF_TIME=1 /tmp/km-opus-1194-target/release/kobayashi-marust"
	User time (seconds): 147.66
	System time (seconds): 2.47
	Percent of CPU this job got: 99%
	Elapsed (wall clock) time (h:mm:ss or m:ss): 2:30.18
	Average shared text size (kbytes): 0
	Average unshared data size (kbytes): 0
	Average stack size (kbytes): 0
	Average total size (kbytes): 0
	Maximum resident set size (kbytes): 2164636
	Average resident set size (kbytes): 0
	Major (requiring I/O) page faults: 0
	Minor (reclaiming a frame) page faults: 1153737
	Voluntary context switches: 4
	Involuntary context switches: 1535
	Swaps: 0
	File system inputs: 0
	File system outputs: 0
	Socket messages sent: 0
	Socket messages received: 0
	Signals delivered: 0
	Page size (bytes): 4096
	Exit status: 124
