KM_STATS[phase] read=217.9ms bytes=270431799
KM_STATS[phase] parse-cumulative=2814.8ms clauses=1062240
KM_STATS[phase] build=1091.3ms
KM_PROF seeded all 0 queries; contexts=0 msgs_pending=0 saturate_calls=0
KM_PROF msgloop guard=20000 contexts=678 msgs_pending=0 saturate_calls=243 succ=2808 pred=17191 ground_wo=0
KM_MSGPROF arrivals dup=0 empty_join=0 conclusions=17191 conclusions_new=17053 (99.20% new) | arena[succ]=5493 arena[root]=7091 pred_interned=7021 ctx_clause_slots=197382
KM_MSGPROF sender ctx=2 root=false query=None pred_sent=15620 (8.4%) pool=355 preds=44 wo=836 core=2
KM_MSGPROF sender ctx=3 root=false query=None pred_sent=13860 (7.5%) pool=315 preds=44 wo=751 core=2
KM_MSGPROF sender ctx=5 root=false query=None pred_sent=11814 (6.4%) pool=358 preds=33 wo=860 core=2
KM_MSGPROF sender ctx=4 root=false query=None pred_sent=11583 (6.2%) pool=351 preds=33 wo=836 core=2
KM_MSGPROF sender ctx=6 root=false query=None pred_sent=11484 (6.2%) pool=261 preds=44 wo=640 core=2
KM_MSGPROF sender ctx=1 root=false query=None pred_sent=11484 (6.2%) pool=261 preds=44 wo=640 core=2
KM_MSGPROF sender ctx=18 root=false query=None pred_sent=1440 (0.8%) pool=240 preds=6 wo=587 core=3
KM_MSGPROF sender ctx=106 root=false query=None pred_sent=1140 (0.6%) pool=285 preds=4 wo=679 core=3
KM_PROF[time-ms] msgloop pred_payload=1.8 pred_arrival=62.3 propagate=104.6 | add_clause=120.9 (lookup=27.0 fwdsub=33.9 backsub=9.0 index=28.2) hyper=83.2 subsume=31.6 pred_local=2.7 eq=13.8 saturate=266.5
KM_PROF msgloop guard=40000 contexts=678 msgs_pending=0 saturate_calls=243 succ=2808 pred=37191 ground_wo=0
KM_MSGPROF arrivals dup=0 empty_join=0 conclusions=37191 conclusions_new=36893 (99.20% new) | arena[succ]=7476 arena[root]=7091 pred_interned=7021 ctx_clause_slots=217222
KM_MSGPROF sender ctx=2 root=false query=None pred_sent=15620 (8.4%) pool=355 preds=44 wo=836 core=2
KM_MSGPROF sender ctx=3 root=false query=None pred_sent=13860 (7.5%) pool=315 preds=44 wo=751 core=2
KM_MSGPROF sender ctx=5 root=false query=None pred_sent=11814 (6.4%) pool=358 preds=33 wo=860 core=2
KM_MSGPROF sender ctx=4 root=false query=None pred_sent=11583 (6.2%) pool=351 preds=33 wo=836 core=2
KM_MSGPROF sender ctx=6 root=false query=None pred_sent=11484 (6.2%) pool=261 preds=44 wo=640 core=2
KM_MSGPROF sender ctx=1 root=false query=None pred_sent=11484 (6.2%) pool=261 preds=44 wo=640 core=2
KM_MSGPROF sender ctx=18 root=false query=None pred_sent=1440 (0.8%) pool=240 preds=6 wo=587 core=3
KM_MSGPROF sender ctx=106 root=false query=None pred_sent=1140 (0.6%) pool=285 preds=4 wo=679 core=3
KM_PROF[time-ms] msgloop pred_payload=4.0 pred_arrival=137.2 propagate=104.6 | add_clause=167.8 (lookup=30.2 fwdsub=65.6 backsub=11.0 index=34.5) hyper=83.2 subsume=31.6 pred_local=2.7 eq=13.8 saturate=266.5
KM_PROF msgloop guard=60000 contexts=678 msgs_pending=0 saturate_calls=243 succ=2808 pred=57191 ground_wo=0
KM_MSGPROF arrivals dup=0 empty_join=0 conclusions=57191 conclusions_new=56773 (99.27% new) | arena[succ]=9462 arena[root]=7091 pred_interned=7021 ctx_clause_slots=237102
KM_MSGPROF sender ctx=2 root=false query=None pred_sent=15620 (8.4%) pool=355 preds=44 wo=836 core=2
KM_MSGPROF sender ctx=3 root=false query=None pred_sent=13860 (7.5%) pool=315 preds=44 wo=751 core=2
KM_MSGPROF sender ctx=5 root=false query=None pred_sent=11814 (6.4%) pool=358 preds=33 wo=860 core=2
KM_MSGPROF sender ctx=4 root=false query=None pred_sent=11583 (6.2%) pool=351 preds=33 wo=836 core=2
KM_MSGPROF sender ctx=6 root=false query=None pred_sent=11484 (6.2%) pool=261 preds=44 wo=640 core=2
KM_MSGPROF sender ctx=1 root=false query=None pred_sent=11484 (6.2%) pool=261 preds=44 wo=640 core=2
KM_MSGPROF sender ctx=18 root=false query=None pred_sent=1440 (0.8%) pool=240 preds=6 wo=587 core=3
KM_MSGPROF sender ctx=106 root=false query=None pred_sent=1140 (0.6%) pool=285 preds=4 wo=679 core=3
KM_PROF[time-ms] msgloop pred_payload=6.1 pred_arrival=210.5 propagate=104.6 | add_clause=213.2 (lookup=33.2 fwdsub=97.8 backsub=13.0 index=39.2) hyper=83.2 subsume=31.6 pred_local=2.7 eq=13.8 saturate=266.5
KM_PROF msgloop guard=80000 contexts=678 msgs_pending=0 saturate_calls=243 succ=2808 pred=77191 ground_wo=0
KM_MSGPROF arrivals dup=0 empty_join=0 conclusions=77191 conclusions_new=76573 (99.20% new) | arena[succ]=11442 arena[root]=7091 pred_interned=7021 ctx_clause_slots=256902
KM_MSGPROF sender ctx=2 root=false query=None pred_sent=15620 (8.4%) pool=355 preds=44 wo=836 core=2
KM_MSGPROF sender ctx=3 root=false query=None pred_sent=13860 (7.5%) pool=315 preds=44 wo=751 core=2
KM_MSGPROF sender ctx=5 root=false query=None pred_sent=11814 (6.4%) pool=358 preds=33 wo=860 core=2
KM_MSGPROF sender ctx=4 root=false query=None pred_sent=11583 (6.2%) pool=351 preds=33 wo=836 core=2
KM_MSGPROF sender ctx=6 root=false query=None pred_sent=11484 (6.2%) pool=261 preds=44 wo=640 core=2
KM_MSGPROF sender ctx=1 root=false query=None pred_sent=11484 (6.2%) pool=261 preds=44 wo=640 core=2
KM_MSGPROF sender ctx=18 root=false query=None pred_sent=1440 (0.8%) pool=240 preds=6 wo=587 core=3
KM_MSGPROF sender ctx=106 root=false query=None pred_sent=1140 (0.6%) pool=285 preds=4 wo=679 core=3
KM_PROF[time-ms] msgloop pred_payload=8.3 pred_arrival=286.7 propagate=104.6 | add_clause=260.4 (lookup=36.4 fwdsub=127.9 backsub=15.1 index=47.4) hyper=83.2 subsume=31.6 pred_local=2.7 eq=13.8 saturate=266.5
KM_PROF msgloop guard=100000 contexts=678 msgs_pending=0 saturate_calls=243 succ=7496 pred=92503 ground_wo=0
KM_MSGPROF arrivals dup=0 empty_join=0 conclusions=92503 conclusions_new=91471 (98.88% new) | arena[succ]=14679 arena[root]=7091 pred_interned=10331 ctx_clause_slots=271800
KM_MSGPROF sender ctx=2 root=false query=None pred_sent=15620 (8.4%) pool=355 preds=132 wo=836 core=2
KM_MSGPROF sender ctx=3 root=false query=None pred_sent=13860 (7.5%) pool=315 preds=128 wo=751 core=2
KM_MSGPROF sender ctx=5 root=false query=None pred_sent=11814 (6.4%) pool=358 preds=96 wo=860 core=2
KM_MSGPROF sender ctx=4 root=false query=None pred_sent=11583 (6.2%) pool=351 preds=96 wo=836 core=2
KM_MSGPROF sender ctx=6 root=false query=None pred_sent=11484 (6.2%) pool=261 preds=128 wo=640 core=2
KM_MSGPROF sender ctx=1 root=false query=None pred_sent=11484 (6.2%) pool=261 preds=132 wo=640 core=2
KM_MSGPROF sender ctx=18 root=false query=None pred_sent=1440 (0.8%) pool=240 preds=14 wo=587 core=3
KM_MSGPROF sender ctx=106 root=false query=None pred_sent=1140 (0.6%) pool=285 preds=5 wo=679 core=3
KM_PROF[time-ms] msgloop pred_payload=9.7 pred_arrival=322.6 propagate=104.6 | add_clause=272.0 (lookup=38.8 fwdsub=130.2 backsub=16.1 index=50.2) hyper=83.2 subsume=31.6 pred_local=2.7 eq=13.8 saturate=266.5
KM_PROF msgloop guard=120000 contexts=678 msgs_pending=0 saturate_calls=243 succ=11617 pred=108382 ground_wo=0
KM_MSGPROF arrivals dup=0 empty_join=0 conclusions=108382 conclusions_new=106714 (98.46% new) | arena[succ]=17220 arena[root]=7091 pred_interned=12978 ctx_clause_slots=287043
KM_MSGPROF sender ctx=2 root=false query=None pred_sent=15620 (8.4%) pool=355 preds=244 wo=836 core=2
KM_MSGPROF sender ctx=3 root=false query=None pred_sent=13860 (7.5%) pool=315 preds=244 wo=751 core=2
KM_MSGPROF sender ctx=5 root=false query=None pred_sent=11814 (6.4%) pool=358 preds=183 wo=860 core=2
KM_MSGPROF sender ctx=4 root=false query=None pred_sent=11583 (6.2%) pool=351 preds=183 wo=836 core=2
KM_MSGPROF sender ctx=6 root=false query=None pred_sent=11484 (6.2%) pool=261 preds=244 wo=640 core=2
KM_MSGPROF sender ctx=1 root=false query=None pred_sent=11484 (6.2%) pool=261 preds=244 wo=640 core=2
KM_MSGPROF sender ctx=18 root=false query=None pred_sent=1440 (0.8%) pool=240 preds=14 wo=587 core=3
KM_MSGPROF sender ctx=106 root=false query=None pred_sent=1140 (0.6%) pool=285 preds=5 wo=679 core=3
KM_PROF[time-ms] msgloop pred_payload=11.2 pred_arrival=359.9 propagate=104.6 | add_clause=283.6 (lookup=41.1 fwdsub=132.4 backsub=17.3 index=52.9) hyper=83.2 subsume=31.6 pred_local=2.7 eq=13.8 saturate=266.5
KM_PROF msgloop guard=140000 contexts=678 msgs_pending=0 saturate_calls=243 succ=18318 pred=121681 ground_wo=0
KM_MSGPROF arrivals dup=0 empty_join=0 conclusions=121681 conclusions_new=119797 (98.45% new) | arena[succ]=22000 arena[root]=7091 pred_interned=17830 ctx_clause_slots=300126
KM_MSGPROF sender ctx=2 root=false query=None pred_sent=15620 (8.4%) pool=355 preds=328 wo=836 core=2
KM_MSGPROF sender ctx=3 root=false query=None pred_sent=13860 (7.5%) pool=315 preds=328 wo=751 core=2
KM_MSGPROF sender ctx=5 root=false query=None pred_sent=11814 (6.4%) pool=358 preds=246 wo=860 core=2
KM_MSGPROF sender ctx=4 root=false query=None pred_sent=11583 (6.2%) pool=351 preds=246 wo=836 core=2
KM_MSGPROF sender ctx=6 root=false query=None pred_sent=11484 (6.2%) pool=261 preds=328 wo=640 core=2
KM_MSGPROF sender ctx=1 root=false query=None pred_sent=11484 (6.2%) pool=261 preds=328 wo=640 core=2
KM_MSGPROF sender ctx=18 root=false query=None pred_sent=1440 (0.8%) pool=240 preds=29 wo=587 core=3
KM_MSGPROF sender ctx=106 root=false query=None pred_sent=1140 (0.6%) pool=285 preds=8 wo=679 core=3
KM_PROF[time-ms] msgloop pred_payload=12.6 pred_arrival=393.8 propagate=104.6 | add_clause=296.5 (lookup=43.5 fwdsub=134.7 backsub=18.2 index=57.4) hyper=83.2 subsume=31.6 pred_local=2.7 eq=13.8 saturate=266.5
KM_PROF msgloop guard=160000 contexts=678 msgs_pending=0 saturate_calls=243 succ=26927 pred=133072 ground_wo=0
KM_MSGPROF arrivals dup=0 empty_join=0 conclusions=133072 conclusions_new=130981 (98.43% new) | arena[succ]=27882 arena[root]=7091 pred_interned=23796 ctx_clause_slots=311470
KM_MSGPROF sender ctx=2 root=false query=None pred_sent=15620 (8.4%) pool=355 preds=436 wo=836 core=2
KM_MSGPROF sender ctx=3 root=false query=None pred_sent=13860 (7.5%) pool=315 preds=436 wo=751 core=2
KM_MSGPROF sender ctx=5 root=false query=None pred_sent=11814 (6.4%) pool=358 preds=327 wo=860 core=2
KM_MSGPROF sender ctx=4 root=false query=None pred_sent=11583 (6.2%) pool=351 preds=327 wo=836 core=2
KM_MSGPROF sender ctx=6 root=false query=None pred_sent=11484 (6.2%) pool=261 preds=436 wo=640 core=2
KM_MSGPROF sender ctx=1 root=false query=None pred_sent=11484 (6.2%) pool=261 preds=436 wo=640 core=2
KM_MSGPROF sender ctx=18 root=false query=None pred_sent=1440 (0.8%) pool=240 preds=41 wo=587 core=3
KM_MSGPROF sender ctx=106 root=false query=None pred_sent=1140 (0.6%) pool=285 preds=20 wo=679 core=3
KM_PROF[time-ms] msgloop pred_payload=13.9 pred_arrival=424.4 propagate=104.6 | add_clause=310.7 (lookup=45.9 fwdsub=137.3 backsub=19.1 index=63.3) hyper=83.2 subsume=31.6 pred_local=2.7 eq=13.8 saturate=266.5
KM_PROF msgloop guard=180000 contexts=678 msgs_pending=0 saturate_calls=243 succ=31936 pred=148063 ground_wo=0
KM_MSGPROF arrivals dup=0 empty_join=0 conclusions=148063 conclusions_new=145724 (98.42% new) | arena[succ]=31568 arena[root]=7091 pred_interned=27544 ctx_clause_slots=326213
KM_MSGPROF sender ctx=2 root=false query=None pred_sent=15620 (8.4%) pool=355 preds=504 wo=836 core=2
KM_MSGPROF sender ctx=3 root=false query=None pred_sent=13860 (7.5%) pool=315 preds=504 wo=751 core=2
KM_MSGPROF sender ctx=5 root=false query=None pred_sent=11814 (6.4%) pool=358 preds=378 wo=860 core=2
KM_MSGPROF sender ctx=4 root=false query=None pred_sent=11583 (6.2%) pool=351 preds=378 wo=836 core=2
KM_MSGPROF sender ctx=6 root=false query=None pred_sent=11484 (6.2%) pool=261 preds=504 wo=640 core=2
KM_MSGPROF sender ctx=1 root=false query=None pred_sent=11484 (6.2%) pool=261 preds=504 wo=640 core=2
KM_MSGPROF sender ctx=18 root=false query=None pred_sent=1440 (0.8%) pool=240 preds=52 wo=587 core=3
KM_MSGPROF sender ctx=106 root=false query=None pred_sent=1140 (0.6%) pool=285 preds=30 wo=679 core=3
KM_PROF[time-ms] msgloop pred_payload=15.3 pred_arrival=460.3 propagate=104.6 | add_clause=322.4 (lookup=48.3 fwdsub=139.5 backsub=20.2 index=66.5) hyper=83.2 subsume=31.6 pred_local=2.7 eq=13.8 saturate=266.5
KM_PROF msgloop guard=200000 contexts=678 msgs_pending=0 saturate_calls=243 succ=42726 pred=157273 ground_wo=0
KM_MSGPROF arrivals dup=0 empty_join=0 conclusions=157273 conclusions_new=154825 (98.44% new) | arena[succ]=39713 arena[root]=7091 pred_interned=35789 ctx_clause_slots=335314
KM_MSGPROF sender ctx=2 root=false query=None pred_sent=15620 (8.4%) pool=355 preds=620 wo=836 core=2
KM_MSGPROF sender ctx=3 root=false query=None pred_sent=13860 (7.5%) pool=315 preds=620 wo=751 core=2
KM_MSGPROF sender ctx=5 root=false query=None pred_sent=11814 (6.4%) pool=358 preds=465 wo=860 core=2
KM_MSGPROF sender ctx=4 root=false query=None pred_sent=11583 (6.2%) pool=351 preds=465 wo=836 core=2
KM_MSGPROF sender ctx=6 root=false query=None pred_sent=11484 (6.2%) pool=261 preds=619 wo=640 core=2
KM_MSGPROF sender ctx=1 root=false query=None pred_sent=11484 (6.2%) pool=261 preds=620 wo=640 core=2
KM_MSGPROF sender ctx=18 root=false query=None pred_sent=1440 (0.8%) pool=240 preds=76 wo=587 core=3
KM_MSGPROF sender ctx=106 root=false query=None pred_sent=1140 (0.6%) pool=285 preds=53 wo=679 core=3
KM_PROF[time-ms] msgloop pred_payload=16.6 pred_arrival=487.4 propagate=104.6 | add_clause=335.2 (lookup=50.7 fwdsub=142.1 backsub=20.9 index=71.5) hyper=83.2 subsume=31.6 pred_local=2.7 eq=13.8 saturate=266.5
KM_PROF msgloop guard=220000 contexts=678 msgs_pending=0 saturate_calls=243 succ=53637 pred=166362 ground_wo=0
KM_MSGPROF arrivals dup=0 empty_join=0 conclusions=166362 conclusions_new=163796 (98.46% new) | arena[succ]=47727 arena[root]=7091 pred_interned=43907 ctx_clause_slots=344285
KM_MSGPROF sender ctx=2 root=false query=None pred_sent=15620 (8.4%) pool=355 preds=736 wo=836 core=2
KM_MSGPROF sender ctx=3 root=false query=None pred_sent=13860 (7.5%) pool=315 preds=736 wo=751 core=2
KM_MSGPROF sender ctx=5 root=false query=None pred_sent=11814 (6.4%) pool=358 preds=552 wo=860 core=2
KM_MSGPROF sender ctx=4 root=false query=None pred_sent=11583 (6.2%) pool=351 preds=552 wo=836 core=2
KM_MSGPROF sender ctx=6 root=false query=None pred_sent=11484 (6.2%) pool=261 preds=736 wo=640 core=2
KM_MSGPROF sender ctx=1 root=false query=None pred_sent=11484 (6.2%) pool=261 preds=736 wo=640 core=2
KM_MSGPROF sender ctx=18 root=false query=None pred_sent=1440 (0.8%) pool=240 preds=101 wo=587 core=3
KM_MSGPROF sender ctx=106 root=false query=None pred_sent=1140 (0.6%) pool=285 preds=75 wo=679 core=3
KM_PROF[time-ms] msgloop pred_payload=17.9 pred_arrival=509.7 propagate=104.6 | add_clause=345.6 (lookup=53.1 fwdsub=144.7 backsub=21.6 index=74.2) hyper=83.2 subsume=31.6 pred_local=2.7 eq=13.8 saturate=266.5
KM_PROF msgloop guard=240000 contexts=678 msgs_pending=0 saturate_calls=243 succ=62302 pred=177697 ground_wo=0
KM_MSGPROF arrivals dup=0 empty_join=0 conclusions=177697 conclusions_new=174979 (98.47% new) | arena[succ]=54042 arena[root]=7091 pred_interned=50307 ctx_clause_slots=355468
KM_MSGPROF sender ctx=2 root=false query=None pred_sent=15620 (8.4%) pool=355 preds=836 wo=836 core=2
KM_MSGPROF sender ctx=3 root=false query=None pred_sent=13860 (7.5%) pool=315 preds=836 wo=751 core=2
KM_MSGPROF sender ctx=5 root=false query=None pred_sent=11814 (6.4%) pool=358 preds=627 wo=860 core=2
KM_MSGPROF sender ctx=4 root=false query=None pred_sent=11583 (6.2%) pool=351 preds=627 wo=836 core=2
KM_MSGPROF sender ctx=6 root=false query=None pred_sent=11484 (6.2%) pool=261 preds=836 wo=640 core=2
KM_MSGPROF sender ctx=1 root=false query=None pred_sent=11484 (6.2%) pool=261 preds=836 wo=640 core=2
KM_MSGPROF sender ctx=18 root=false query=None pred_sent=1440 (0.8%) pool=240 preds=121 wo=587 core=3
KM_MSGPROF sender ctx=106 root=false query=None pred_sent=1140 (0.6%) pool=285 preds=94 wo=679 core=3
KM_PROF[time-ms] msgloop pred_payload=19.2 pred_arrival=537.7 propagate=104.6 | add_clause=356.5 (lookup=55.5 fwdsub=147.1 backsub=22.4 index=76.8) hyper=83.2 subsume=31.6 pred_local=2.7 eq=13.8 saturate=266.5
KM_PROF msgloop guard=260000 contexts=1317 msgs_pending=0 saturate_calls=920 succ=74447 pred=185552 ground_wo=0
KM_MSGPROF arrivals dup=0 empty_join=0 conclusions=185552 conclusions_new=182744 (98.49% new) | arena[succ]=73373 arena[root]=7091 pred_interned=57401 ctx_clause_slots=704752
KM_MSGPROF sender ctx=2 root=false query=None pred_sent=770232 (13.3%) pool=885 preds=920 wo=38272 core=2
KM_MSGPROF sender ctx=3 root=false query=None pred_sent=600032 (10.4%) pool=700 preds=920 wo=33670 core=2
KM_MSGPROF sender ctx=4 root=false query=None pred_sent=521784 (9.0%) pool=804 preds=690 wo=37763 core=2
KM_MSGPROF sender ctx=5 root=false query=None pred_sent=461064 (8.0%) pool=716 preds=690 wo=39231 core=2
KM_MSGPROF sender ctx=6 root=false query=None pred_sent=457432 (7.9%) pool=545 preds=920 wo=28517 core=2
KM_MSGPROF sender ctx=1 root=false query=None pred_sent=457432 (7.9%) pool=545 preds=920 wo=28517 core=2
KM_MSGPROF sender ctx=18 root=false query=None pred_sent=34320 (0.6%) pool=240 preds=143 wo=587 core=3
KM_MSGPROF sender ctx=106 root=false query=None pred_sent=31065 (0.5%) pool=285 preds=109 wo=679 core=3
KM_PROF[time-ms] msgloop pred_payload=20.3 pred_arrival=563.7 propagate=1770.6 | add_clause=809.6 (lookup=183.8 fwdsub=290.6 backsub=49.8 index=138.0) hyper=587.0 subsume=313.3 pred_local=1575.4 eq=484.6 saturate=3775.7
KM_PROF msgloop guard=280000 contexts=1317 msgs_pending=0 saturate_calls=920 succ=74992 pred=205007 ground_wo=0
KM_MSGPROF arrivals dup=0 empty_join=0 conclusions=205007 conclusions_new=202199 (98.63% new) | arena[succ]=73373 arena[root]=7091 pred_interned=57401 ctx_clause_slots=724207
KM_MSGPROF sender ctx=2 root=false query=None pred_sent=770232 (13.3%) pool=885 preds=922 wo=38272 core=2
KM_MSGPROF sender ctx=3 root=false query=None pred_sent=600032 (10.4%) pool=700 preds=922 wo=33670 core=2
KM_MSGPROF sender ctx=4 root=false query=None pred_sent=521784 (9.0%) pool=804 preds=693 wo=37763 core=2
KM_MSGPROF sender ctx=5 root=false query=None pred_sent=461064 (8.0%) pool=716 preds=693 wo=39231 core=2
KM_MSGPROF sender ctx=6 root=false query=None pred_sent=457432 (7.9%) pool=545 preds=922 wo=28517 core=2
KM_MSGPROF sender ctx=1 root=false query=None pred_sent=457432 (7.9%) pool=545 preds=922 wo=28517 core=2
KM_MSGPROF sender ctx=18 root=false query=None pred_sent=34320 (0.6%) pool=240 preds=143 wo=587 core=3
KM_MSGPROF sender ctx=106 root=false query=None pred_sent=31065 (0.5%) pool=285 preds=109 wo=679 core=3
KM_PROF[time-ms] msgloop pred_payload=21.7 pred_arrival=623.1 propagate=1770.6 | add_clause=836.6 (lookup=187.3 fwdsub=298.3 backsub=51.7 index=147.4) hyper=587.0 subsume=313.3 pred_local=1575.4 eq=484.6 saturate=3775.7
KM_PROF msgloop guard=300000 contexts=1317 msgs_pending=0 saturate_calls=920 succ=74992 pred=225007 ground_wo=0
KM_MSGPROF arrivals dup=0 empty_join=0 conclusions=225007 conclusions_new=220447 (97.97% new) | arena[succ]=73373 arena[root]=7091 pred_interned=57401 ctx_clause_slots=742455
KM_MSGPROF sender ctx=2 root=false query=None pred_sent=770232 (13.3%) pool=885 preds=922 wo=38272 core=2
KM_MSGPROF sender ctx=3 root=false query=None pred_sent=600032 (10.4%) pool=700 preds=922 wo=33670 core=2
KM_MSGPROF sender ctx=4 root=false query=None pred_sent=521784 (9.0%) pool=804 preds=693 wo=37763 core=2
KM_MSGPROF sender ctx=5 root=false query=None pred_sent=461064 (8.0%) pool=716 preds=693 wo=39231 core=2
KM_MSGPROF sender ctx=6 root=false query=None pred_sent=457432 (7.9%) pool=545 preds=922 wo=28517 core=2
KM_MSGPROF sender ctx=1 root=false query=None pred_sent=457432 (7.9%) pool=545 preds=922 wo=28517 core=2
KM_MSGPROF sender ctx=18 root=false query=None pred_sent=34320 (0.6%) pool=240 preds=143 wo=587 core=3
KM_MSGPROF sender ctx=106 root=false query=None pred_sent=31065 (0.5%) pool=285 preds=109 wo=679 core=3
KM_PROF[time-ms] msgloop pred_payload=23.1 pred_arrival=675.0 propagate=1770.6 | add_clause=859.5 (lookup=190.3 fwdsub=306.9 backsub=53.7 index=152.5) hyper=587.0 subsume=313.3 pred_local=1575.4 eq=484.6 saturate=3775.7
KM_PROF msgloop guard=320000 contexts=1317 msgs_pending=0 saturate_calls=920 succ=74992 pred=245007 ground_wo=0
KM_MSGPROF arrivals dup=0 empty_join=0 conclusions=245007 conclusions_new=240447 (98.14% new) | arena[succ]=73373 arena[root]=7091 pred_interned=57401 ctx_clause_slots=762455
KM_MSGPROF sender ctx=2 root=false query=None pred_sent=770232 (13.3%) pool=885 preds=922 wo=38272 core=2
KM_MSGPROF sender ctx=3 root=false query=None pred_sent=600032 (10.4%) pool=700 preds=922 wo=33670 core=2
KM_MSGPROF sender ctx=4 root=false query=None pred_sent=521784 (9.0%) pool=804 preds=693 wo=37763 core=2
KM_MSGPROF sender ctx=5 root=false query=None pred_sent=461064 (8.0%) pool=716 preds=693 wo=39231 core=2
KM_MSGPROF sender ctx=6 root=false query=None pred_sent=457432 (7.9%) pool=545 preds=922 wo=28517 core=2
KM_MSGPROF sender ctx=1 root=false query=None pred_sent=457432 (7.9%) pool=545 preds=922 wo=28517 core=2
KM_MSGPROF sender ctx=18 root=false query=None pred_sent=34320 (0.6%) pool=240 preds=143 wo=587 core=3
KM_MSGPROF sender ctx=106 root=false query=None pred_sent=31065 (0.5%) pool=285 preds=109 wo=679 core=3
KM_PROF[time-ms] msgloop pred_payload=24.5 pred_arrival=736.3 propagate=1770.6 | add_clause=891.1 (lookup=193.3 fwdsub=320.2 backsub=55.6 index=161.6) hyper=587.0 subsume=313.3 pred_local=1575.4 eq=484.6 saturate=3775.7
KM_PROF msgloop guard=340000 contexts=1317 msgs_pending=0 saturate_calls=920 succ=74992 pred=265007 ground_wo=0
KM_MSGPROF arrivals dup=0 empty_join=0 conclusions=265007 conclusions_new=260447 (98.28% new) | arena[succ]=73373 arena[root]=7091 pred_interned=57401 ctx_clause_slots=782455
KM_MSGPROF sender ctx=2 root=false query=None pred_sent=770232 (13.3%) pool=885 preds=922 wo=38272 core=2
KM_MSGPROF sender ctx=3 root=false query=None pred_sent=600032 (10.4%) pool=700 preds=922 wo=33670 core=2
KM_MSGPROF sender ctx=4 root=false query=None pred_sent=521784 (9.0%) pool=804 preds=693 wo=37763 core=2
KM_MSGPROF sender ctx=5 root=false query=None pred_sent=461064 (8.0%) pool=716 preds=693 wo=39231 core=2
KM_MSGPROF sender ctx=6 root=false query=None pred_sent=457432 (7.9%) pool=545 preds=922 wo=28517 core=2
KM_MSGPROF sender ctx=1 root=false query=None pred_sent=457432 (7.9%) pool=545 preds=922 wo=28517 core=2
KM_MSGPROF sender ctx=18 root=false query=None pred_sent=34320 (0.6%) pool=240 preds=143 wo=587 core=3
KM_MSGPROF sender ctx=106 root=false query=None pred_sent=31065 (0.5%) pool=285 preds=109 wo=679 core=3
KM_PROF[time-ms] msgloop pred_payload=25.9 pred_arrival=797.5 propagate=1770.6 | add_clause=923.5 (lookup=196.5 fwdsub=337.9 backsub=57.4 index=167.3) hyper=587.0 subsume=313.3 pred_local=1575.4 eq=484.6 saturate=3775.7
KM_PROF msgloop guard=360000 contexts=1317 msgs_pending=0 saturate_calls=920 succ=74992 pred=285007 ground_wo=0
KM_MSGPROF arrivals dup=0 empty_join=0 conclusions=285007 conclusions_new=280447 (98.40% new) | arena[succ]=73373 arena[root]=7091 pred_interned=57401 ctx_clause_slots=802455
KM_MSGPROF sender ctx=2 root=false query=None pred_sent=770232 (13.3%) pool=885 preds=922 wo=38272 core=2
KM_MSGPROF sender ctx=3 root=false query=None pred_sent=600032 (10.4%) pool=700 preds=922 wo=33670 core=2
KM_MSGPROF sender ctx=4 root=false query=None pred_sent=521784 (9.0%) pool=804 preds=693 wo=37763 core=2
KM_MSGPROF sender ctx=5 root=false query=None pred_sent=461064 (8.0%) pool=716 preds=693 wo=39231 core=2
KM_MSGPROF sender ctx=6 root=false query=None pred_sent=457432 (7.9%) pool=545 preds=922 wo=28517 core=2
KM_MSGPROF sender ctx=1 root=false query=None pred_sent=457432 (7.9%) pool=545 preds=922 wo=28517 core=2
KM_MSGPROF sender ctx=18 root=false query=None pred_sent=34320 (0.6%) pool=240 preds=143 wo=587 core=3
KM_MSGPROF sender ctx=106 root=false query=None pred_sent=31065 (0.5%) pool=285 preds=109 wo=679 core=3
KM_PROF[time-ms] msgloop pred_payload=27.3 pred_arrival=864.0 propagate=1770.6 | add_clause=959.5 (lookup=199.6 fwdsub=360.1 backsub=59.3 index=171.9) hyper=587.0 subsume=313.3 pred_local=1575.4 eq=484.6 saturate=3775.7
KM_PROF msgloop guard=380000 contexts=1317 msgs_pending=0 saturate_calls=920 succ=74992 pred=305007 ground_wo=0
KM_MSGPROF arrivals dup=0 empty_join=0 conclusions=305007 conclusions_new=300447 (98.50% new) | arena[succ]=73373 arena[root]=7091 pred_interned=57401 ctx_clause_slots=822455
KM_MSGPROF sender ctx=2 root=false query=None pred_sent=770232 (13.3%) pool=885 preds=922 wo=38272 core=2
KM_MSGPROF sender ctx=3 root=false query=None pred_sent=600032 (10.4%) pool=700 preds=922 wo=33670 core=2
KM_MSGPROF sender ctx=4 root=false query=None pred_sent=521784 (9.0%) pool=804 preds=693 wo=37763 core=2
KM_MSGPROF sender ctx=5 root=false query=None pred_sent=461064 (8.0%) pool=716 preds=693 wo=39231 core=2
KM_MSGPROF sender ctx=6 root=false query=None pred_sent=457432 (7.9%) pool=545 preds=922 wo=28517 core=2
KM_MSGPROF sender ctx=1 root=false query=None pred_sent=457432 (7.9%) pool=545 preds=922 wo=28517 core=2
KM_MSGPROF sender ctx=18 root=false query=None pred_sent=34320 (0.6%) pool=240 preds=143 wo=587 core=3
KM_MSGPROF sender ctx=106 root=false query=None pred_sent=31065 (0.5%) pool=285 preds=109 wo=679 core=3
KM_PROF[time-ms] msgloop pred_payload=28.7 pred_arrival=936.8 propagate=1770.6 | add_clause=1002.4 (lookup=202.8 fwdsub=387.7 backsub=61.3 index=177.5) hyper=587.0 subsume=313.3 pred_local=1575.4 eq=484.6 saturate=3775.7
KM_PROF msgloop guard=400000 contexts=1317 msgs_pending=0 saturate_calls=920 succ=74992 pred=325007 ground_wo=0
KM_MSGPROF arrivals dup=0 empty_join=0 conclusions=325007 conclusions_new=320447 (98.60% new) | arena[succ]=73373 arena[root]=7091 pred_interned=57401 ctx_clause_slots=842455
KM_MSGPROF sender ctx=2 root=false query=None pred_sent=770232 (13.3%) pool=885 preds=922 wo=38272 core=2
KM_MSGPROF sender ctx=3 root=false query=None pred_sent=600032 (10.4%) pool=700 preds=922 wo=33670 core=2
KM_MSGPROF sender ctx=4 root=false query=None pred_sent=521784 (9.0%) pool=804 preds=693 wo=37763 core=2
KM_MSGPROF sender ctx=5 root=false query=None pred_sent=461064 (8.0%) pool=716 preds=693 wo=39231 core=2
KM_MSGPROF sender ctx=6 root=false query=None pred_sent=457432 (7.9%) pool=545 preds=922 wo=28517 core=2
KM_MSGPROF sender ctx=1 root=false query=None pred_sent=457432 (7.9%) pool=545 preds=922 wo=28517 core=2
KM_MSGPROF sender ctx=18 root=false query=None pred_sent=34320 (0.6%) pool=240 preds=143 wo=587 core=3
KM_MSGPROF sender ctx=106 root=false query=None pred_sent=31065 (0.5%) pool=285 preds=109 wo=679 core=3
KM_PROF[time-ms] msgloop pred_payload=30.2 pred_arrival=1012.1 propagate=1770.6 | add_clause=1048.4 (lookup=206.0 fwdsub=419.8 backsub=63.1 index=182.1) hyper=587.0 subsume=313.3 pred_local=1575.4 eq=484.6 saturate=3775.7
KM_PROF msgloop guard=420000 contexts=1317 msgs_pending=0 saturate_calls=920 succ=74992 pred=345007 ground_wo=0
KM_MSGPROF arrivals dup=0 empty_join=0 conclusions=345007 conclusions_new=340447 (98.68% new) | arena[succ]=73373 arena[root]=7091 pred_interned=57401 ctx_clause_slots=862455
KM_MSGPROF sender ctx=2 root=false query=None pred_sent=770232 (13.3%) pool=885 preds=922 wo=38272 core=2
KM_MSGPROF sender ctx=3 root=false query=None pred_sent=600032 (10.4%) pool=700 preds=922 wo=33670 core=2
KM_MSGPROF sender ctx=4 root=false query=None pred_sent=521784 (9.0%) pool=804 preds=693 wo=37763 core=2
KM_MSGPROF sender ctx=5 root=false query=None pred_sent=461064 (8.0%) pool=716 preds=693 wo=39231 core=2
KM_MSGPROF sender ctx=6 root=false query=None pred_sent=457432 (7.9%) pool=545 preds=922 wo=28517 core=2
KM_MSGPROF sender ctx=1 root=false query=None pred_sent=457432 (7.9%) pool=545 preds=922 wo=28517 core=2
KM_MSGPROF sender ctx=18 root=false query=None pred_sent=34320 (0.6%) pool=240 preds=143 wo=587 core=3
KM_MSGPROF sender ctx=106 root=false query=None pred_sent=31065 (0.5%) pool=285 preds=109 wo=679 core=3
KM_PROF[time-ms] msgloop pred_payload=31.7 pred_arrival=1092.2 propagate=1770.6 | add_clause=1098.9 (lookup=209.1 fwdsub=455.7 backsub=65.1 index=187.2) hyper=587.0 subsume=313.3 pred_local=1575.4 eq=484.6 saturate=3775.7
KM_PROF msgloop guard=440000 contexts=1317 msgs_pending=0 saturate_calls=920 succ=74992 pred=365007 ground_wo=0
KM_MSGPROF arrivals dup=0 empty_join=0 conclusions=365007 conclusions_new=360447 (98.75% new) | arena[succ]=73373 arena[root]=7091 pred_interned=57401 ctx_clause_slots=882455
KM_MSGPROF sender ctx=2 root=false query=None pred_sent=770232 (13.3%) pool=885 preds=922 wo=38272 core=2
KM_MSGPROF sender ctx=3 root=false query=None pred_sent=600032 (10.4%) pool=700 preds=922 wo=33670 core=2
KM_MSGPROF sender ctx=4 root=false query=None pred_sent=521784 (9.0%) pool=804 preds=693 wo=37763 core=2
KM_MSGPROF sender ctx=5 root=false query=None pred_sent=461064 (8.0%) pool=716 preds=693 wo=39231 core=2
KM_MSGPROF sender ctx=6 root=false query=None pred_sent=457432 (7.9%) pool=545 preds=922 wo=28517 core=2
KM_MSGPROF sender ctx=1 root=false query=None pred_sent=457432 (7.9%) pool=545 preds=922 wo=28517 core=2
KM_MSGPROF sender ctx=18 root=false query=None pred_sent=34320 (0.6%) pool=240 preds=143 wo=587 core=3
KM_MSGPROF sender ctx=106 root=false query=None pred_sent=31065 (0.5%) pool=285 preds=109 wo=679 core=3
KM_PROF[time-ms] msgloop pred_payload=33.2 pred_arrival=1178.6 propagate=1770.6 | add_clause=1154.8 (lookup=212.4 fwdsub=497.5 backsub=66.9 index=191.6) hyper=587.0 subsume=313.3 pred_local=1575.4 eq=484.6 saturate=3775.7
KM_PROF msgloop guard=460000 contexts=1317 msgs_pending=0 saturate_calls=920 succ=74992 pred=385007 ground_wo=0
KM_MSGPROF arrivals dup=0 empty_join=0 conclusions=385007 conclusions_new=380447 (98.82% new) | arena[succ]=73373 arena[root]=7091 pred_interned=57401 ctx_clause_slots=902455
KM_MSGPROF sender ctx=2 root=false query=None pred_sent=770232 (13.3%) pool=885 preds=922 wo=38272 core=2
KM_MSGPROF sender ctx=3 root=false query=None pred_sent=600032 (10.4%) pool=700 preds=922 wo=33670 core=2
KM_MSGPROF sender ctx=4 root=false query=None pred_sent=521784 (9.0%) pool=804 preds=693 wo=37763 core=2
KM_MSGPROF sender ctx=5 root=false query=None pred_sent=461064 (8.0%) pool=716 preds=693 wo=39231 core=2
KM_MSGPROF sender ctx=6 root=false query=None pred_sent=457432 (7.9%) pool=545 preds=922 wo=28517 core=2
KM_MSGPROF sender ctx=1 root=false query=None pred_sent=457432 (7.9%) pool=545 preds=922 wo=28517 core=2
KM_MSGPROF sender ctx=18 root=false query=None pred_sent=34320 (0.6%) pool=240 preds=143 wo=587 core=3
KM_MSGPROF sender ctx=106 root=false query=None pred_sent=31065 (0.5%) pool=285 preds=109 wo=679 core=3
KM_PROF[time-ms] msgloop pred_payload=34.9 pred_arrival=1281.6 propagate=1770.6 | add_clause=1220.5 (lookup=215.7 fwdsub=545.7 backsub=69.2 index=197.7) hyper=587.0 subsume=313.3 pred_local=1575.4 eq=484.6 saturate=3775.7
KM_PROF msgloop guard=480000 contexts=1317 msgs_pending=0 saturate_calls=920 succ=74992 pred=405007 ground_wo=0
KM_MSGPROF arrivals dup=0 empty_join=0 conclusions=405007 conclusions_new=400447 (98.87% new) | arena[succ]=73373 arena[root]=7091 pred_interned=57401 ctx_clause_slots=922455
KM_MSGPROF sender ctx=2 root=false query=None pred_sent=770232 (13.3%) pool=885 preds=922 wo=38272 core=2
KM_MSGPROF sender ctx=3 root=false query=None pred_sent=600032 (10.4%) pool=700 preds=922 wo=33670 core=2
KM_MSGPROF sender ctx=4 root=false query=None pred_sent=521784 (9.0%) pool=804 preds=693 wo=37763 core=2
KM_MSGPROF sender ctx=5 root=false query=None pred_sent=461064 (8.0%) pool=716 preds=693 wo=39231 core=2
KM_MSGPROF sender ctx=6 root=false query=None pred_sent=457432 (7.9%) pool=545 preds=922 wo=28517 core=2
KM_MSGPROF sender ctx=1 root=false query=None pred_sent=457432 (7.9%) pool=545 preds=922 wo=28517 core=2
KM_MSGPROF sender ctx=18 root=false query=None pred_sent=34320 (0.6%) pool=240 preds=143 wo=587 core=3
KM_MSGPROF sender ctx=106 root=false query=None pred_sent=31065 (0.5%) pool=285 preds=109 wo=679 core=3
KM_PROF[time-ms] msgloop pred_payload=36.6 pred_arrival=1387.2 propagate=1770.6 | add_clause=1293.9 (lookup=219.1 fwdsub=599.1 backsub=71.3 index=206.7) hyper=587.0 subsume=313.3 pred_local=1575.4 eq=484.6 saturate=3775.7
KM_PROF msgloop guard=500000 contexts=1317 msgs_pending=0 saturate_calls=920 succ=74992 pred=425007 ground_wo=0
KM_MSGPROF arrivals dup=0 empty_join=0 conclusions=425007 conclusions_new=420447 (98.93% new) | arena[succ]=73373 arena[root]=7091 pred_interned=57401 ctx_clause_slots=942455
KM_MSGPROF sender ctx=2 root=false query=None pred_sent=770232 (13.3%) pool=885 preds=922 wo=38272 core=2
KM_MSGPROF sender ctx=3 root=false query=None pred_sent=600032 (10.4%) pool=700 preds=922 wo=33670 core=2
KM_MSGPROF sender ctx=4 root=false query=None pred_sent=521784 (9.0%) pool=804 preds=693 wo=37763 core=2
KM_MSGPROF sender ctx=5 root=false query=None pred_sent=461064 (8.0%) pool=716 preds=693 wo=39231 core=2
KM_MSGPROF sender ctx=6 root=false query=None pred_sent=457432 (7.9%) pool=545 preds=922 wo=28517 core=2
KM_MSGPROF sender ctx=1 root=false query=None pred_sent=457432 (7.9%) pool=545 preds=922 wo=28517 core=2
KM_MSGPROF sender ctx=18 root=false query=None pred_sent=34320 (0.6%) pool=240 preds=143 wo=587 core=3
KM_MSGPROF sender ctx=106 root=false query=None pred_sent=31065 (0.5%) pool=285 preds=109 wo=679 core=3
KM_PROF[time-ms] msgloop pred_payload=38.2 pred_arrival=1494.0 propagate=1770.6 | add_clause=1368.5 (lookup=222.4 fwdsub=655.3 backsub=73.3 index=214.5) hyper=587.0 subsume=313.3 pred_local=1575.4 eq=484.6 saturate=3775.7
KM_PROF msgloop guard=520000 contexts=1317 msgs_pending=0 saturate_calls=920 succ=74992 pred=445007 ground_wo=0
KM_MSGPROF arrivals dup=0 empty_join=0 conclusions=445007 conclusions_new=440447 (98.98% new) | arena[succ]=73373 arena[root]=7091 pred_interned=57401 ctx_clause_slots=962455
KM_MSGPROF sender ctx=2 root=false query=None pred_sent=770232 (13.3%) pool=885 preds=922 wo=38272 core=2
KM_MSGPROF sender ctx=3 root=false query=None pred_sent=600032 (10.4%) pool=700 preds=922 wo=33670 core=2
KM_MSGPROF sender ctx=4 root=false query=None pred_sent=521784 (9.0%) pool=804 preds=693 wo=37763 core=2
KM_MSGPROF sender ctx=5 root=false query=None pred_sent=461064 (8.0%) pool=716 preds=693 wo=39231 core=2
KM_MSGPROF sender ctx=6 root=false query=None pred_sent=457432 (7.9%) pool=545 preds=922 wo=28517 core=2
KM_MSGPROF sender ctx=1 root=false query=None pred_sent=457432 (7.9%) pool=545 preds=922 wo=28517 core=2
KM_MSGPROF sender ctx=18 root=false query=None pred_sent=34320 (0.6%) pool=240 preds=143 wo=587 core=3
KM_MSGPROF sender ctx=106 root=false query=None pred_sent=31065 (0.5%) pool=285 preds=109 wo=679 core=3
KM_PROF[time-ms] msgloop pred_payload=39.8 pred_arrival=1610.0 propagate=1770.6 | add_clause=1453.7 (lookup=225.7 fwdsub=716.8 backsub=75.3 index=228.1) hyper=587.0 subsume=313.3 pred_local=1575.4 eq=484.6 saturate=3775.7
KM_PROF msgloop guard=540000 contexts=1317 msgs_pending=0 saturate_calls=920 succ=74992 pred=465007 ground_wo=0
KM_MSGPROF arrivals dup=0 empty_join=0 conclusions=465007 conclusions_new=460447 (99.02% new) | arena[succ]=73373 arena[root]=7091 pred_interned=57401 ctx_clause_slots=982455
KM_MSGPROF sender ctx=2 root=false query=None pred_sent=770232 (13.3%) pool=885 preds=922 wo=38272 core=2
KM_MSGPROF sender ctx=3 root=false query=None pred_sent=600032 (10.4%) pool=700 preds=922 wo=33670 core=2
KM_MSGPROF sender ctx=4 root=false query=None pred_sent=521784 (9.0%) pool=804 preds=693 wo=37763 core=2
KM_MSGPROF sender ctx=5 root=false query=None pred_sent=461064 (8.0%) pool=716 preds=693 wo=39231 core=2
KM_MSGPROF sender ctx=6 root=false query=None pred_sent=457432 (7.9%) pool=545 preds=922 wo=28517 core=2
KM_MSGPROF sender ctx=1 root=false query=None pred_sent=457432 (7.9%) pool=545 preds=922 wo=28517 core=2
KM_MSGPROF sender ctx=18 root=false query=None pred_sent=34320 (0.6%) pool=240 preds=143 wo=587 core=3
KM_MSGPROF sender ctx=106 root=false query=None pred_sent=31065 (0.5%) pool=285 preds=109 wo=679 core=3
KM_PROF[time-ms] msgloop pred_payload=41.4 pred_arrival=1725.2 propagate=1770.6 | add_clause=1537.4 (lookup=229.1 fwdsub=783.9 backsub=77.3 index=234.2) hyper=587.0 subsume=313.3 pred_local=1575.4 eq=484.6 saturate=3775.7
KM_PROF msgloop guard=560000 contexts=1317 msgs_pending=0 saturate_calls=920 succ=74992 pred=485007 ground_wo=0
KM_MSGPROF arrivals dup=0 empty_join=0 conclusions=485007 conclusions_new=480447 (99.06% new) | arena[succ]=73373 arena[root]=7091 pred_interned=57401 ctx_clause_slots=1002455
KM_MSGPROF sender ctx=2 root=false query=None pred_sent=770232 (13.3%) pool=885 preds=922 wo=38272 core=2
KM_MSGPROF sender ctx=3 root=false query=None pred_sent=600032 (10.4%) pool=700 preds=922 wo=33670 core=2
KM_MSGPROF sender ctx=4 root=false query=None pred_sent=521784 (9.0%) pool=804 preds=693 wo=37763 core=2
KM_MSGPROF sender ctx=5 root=false query=None pred_sent=461064 (8.0%) pool=716 preds=693 wo=39231 core=2
KM_MSGPROF sender ctx=6 root=false query=None pred_sent=457432 (7.9%) pool=545 preds=922 wo=28517 core=2
KM_MSGPROF sender ctx=1 root=false query=None pred_sent=457432 (7.9%) pool=545 preds=922 wo=28517 core=2
KM_MSGPROF sender ctx=18 root=false query=None pred_sent=34320 (0.6%) pool=240 preds=143 wo=587 core=3
KM_MSGPROF sender ctx=106 root=false query=None pred_sent=31065 (0.5%) pool=285 preds=109 wo=679 core=3
KM_PROF[time-ms] msgloop pred_payload=43.0 pred_arrival=1843.7 propagate=1770.6 | add_clause=1625.1 (lookup=232.4 fwdsub=854.6 backsub=79.2 index=241.2) hyper=587.0 subsume=313.3 pred_local=1575.4 eq=484.6 saturate=3775.7
KM_PROF msgloop guard=580000 contexts=1317 msgs_pending=0 saturate_calls=920 succ=74992 pred=505007 ground_wo=0
KM_MSGPROF arrivals dup=0 empty_join=0 conclusions=505469 conclusions_new=500909 (99.10% new) | arena[succ]=73463 arena[root]=7127 pred_interned=57441 ctx_clause_slots=1022917
KM_MSGPROF sender ctx=2 root=false query=None pred_sent=770232 (13.3%) pool=885 preds=922 wo=38272 core=2
KM_MSGPROF sender ctx=3 root=false query=None pred_sent=600032 (10.4%) pool=700 preds=922 wo=33670 core=2
KM_MSGPROF sender ctx=4 root=false query=None pred_sent=521784 (9.0%) pool=804 preds=693 wo=37763 core=2
KM_MSGPROF sender ctx=5 root=false query=None pred_sent=461064 (8.0%) pool=716 preds=693 wo=39231 core=2
KM_MSGPROF sender ctx=6 root=false query=None pred_sent=457432 (7.9%) pool=545 preds=922 wo=28517 core=2
KM_MSGPROF sender ctx=1 root=false query=None pred_sent=457432 (7.9%) pool=545 preds=922 wo=28517 core=2
KM_MSGPROF sender ctx=18 root=false query=None pred_sent=34320 (0.6%) pool=240 preds=143 wo=587 core=3
KM_MSGPROF sender ctx=106 root=false query=None pred_sent=31065 (0.5%) pool=285 preds=109 wo=679 core=3
KM_PROF[time-ms] msgloop pred_payload=44.9 pred_arrival=1975.9 propagate=1770.6 | add_clause=1723.3 (lookup=235.9 fwdsub=931.9 backsub=81.3 index=250.8) hyper=587.0 subsume=313.3 pred_local=1575.4 eq=484.6 saturate=3775.7
KM_PROF msgloop guard=600000 contexts=1317 msgs_pending=0 saturate_calls=920 succ=74992 pred=525007 ground_wo=0
KM_MSGPROF arrivals dup=0 empty_join=0 conclusions=526551 conclusions_new=521991 (99.13% new) | arena[succ]=73652 arena[root]=7214 pred_interned=57525 ctx_clause_slots=1043999
KM_MSGPROF sender ctx=2 root=false query=None pred_sent=770232 (13.3%) pool=885 preds=922 wo=38272 core=2
KM_MSGPROF sender ctx=3 root=false query=None pred_sent=600032 (10.4%) pool=700 preds=922 wo=33670 core=2
KM_MSGPROF sender ctx=4 root=false query=None pred_sent=521784 (9.0%) pool=804 preds=693 wo=37763 core=2
KM_MSGPROF sender ctx=5 root=false query=None pred_sent=461064 (8.0%) pool=716 preds=693 wo=39231 core=2
KM_MSGPROF sender ctx=6 root=false query=None pred_sent=457432 (7.9%) pool=545 preds=922 wo=28517 core=2
KM_MSGPROF sender ctx=1 root=false query=None pred_sent=457432 (7.9%) pool=545 preds=922 wo=28517 core=2
KM_MSGPROF sender ctx=18 root=false query=None pred_sent=34320 (0.6%) pool=240 preds=143 wo=587 core=3
KM_MSGPROF sender ctx=106 root=false query=None pred_sent=31065 (0.5%) pool=285 preds=109 wo=679 core=3
KM_PROF[time-ms] msgloop pred_payload=47.2 pred_arrival=2110.6 propagate=1770.6 | add_clause=1824.1 (lookup=239.5 fwdsub=1013.5 backsub=83.6 index=258.4) hyper=587.0 subsume=313.3 pred_local=1575.4 eq=484.6 saturate=3775.7
KM_PROF msgloop guard=620000 contexts=1317 msgs_pending=0 saturate_calls=920 succ=74992 pred=545007 ground_wo=0
KM_MSGPROF arrivals dup=0 empty_join=0 conclusions=547642 conclusions_new=543082 (99.17% new) | arena[succ]=73850 arena[root]=7300 pred_interned=57613 ctx_clause_slots=1065090
KM_MSGPROF sender ctx=2 root=false query=None pred_sent=770232 (13.3%) pool=885 preds=922 wo=38272 core=2
KM_MSGPROF sender ctx=3 root=false query=None pred_sent=600032 (10.4%) pool=700 preds=922 wo=33670 core=2
KM_MSGPROF sender ctx=4 root=false query=None pred_sent=521784 (9.0%) pool=804 preds=693 wo=37763 core=2
KM_MSGPROF sender ctx=5 root=false query=None pred_sent=461064 (8.0%) pool=716 preds=693 wo=39231 core=2
KM_MSGPROF sender ctx=6 root=false query=None pred_sent=457432 (7.9%) pool=545 preds=922 wo=28517 core=2
KM_MSGPROF sender ctx=1 root=false query=None pred_sent=457432 (7.9%) pool=545 preds=922 wo=28517 core=2
KM_MSGPROF sender ctx=18 root=false query=None pred_sent=34320 (0.6%) pool=240 preds=143 wo=587 core=3
KM_MSGPROF sender ctx=106 root=false query=None pred_sent=31065 (0.5%) pool=285 preds=109 wo=679 core=3
KM_PROF[time-ms] msgloop pred_payload=49.3 pred_arrival=2258.5 propagate=1770.6 | add_clause=1935.7 (lookup=243.3 fwdsub=1105.1 backsub=85.8 index=266.9) hyper=587.0 subsume=313.3 pred_local=1575.4 eq=484.6 saturate=3775.7
KM_PROF msgloop guard=640000 contexts=1317 msgs_pending=0 saturate_calls=920 succ=74992 pred=565007 ground_wo=0
KM_MSGPROF arrivals dup=0 empty_join=0 conclusions=568730 conclusions_new=564170 (99.20% new) | arena[succ]=74048 arena[root]=7387 pred_interned=57701 ctx_clause_slots=1086178
KM_MSGPROF sender ctx=2 root=false query=None pred_sent=770232 (13.3%) pool=885 preds=922 wo=38272 core=2
KM_MSGPROF sender ctx=3 root=false query=None pred_sent=600032 (10.4%) pool=700 preds=922 wo=33670 core=2
KM_MSGPROF sender ctx=4 root=false query=None pred_sent=521784 (9.0%) pool=804 preds=693 wo=37763 core=2
KM_MSGPROF sender ctx=5 root=false query=None pred_sent=461064 (8.0%) pool=716 preds=693 wo=39231 core=2
KM_MSGPROF sender ctx=6 root=false query=None pred_sent=457432 (7.9%) pool=545 preds=922 wo=28517 core=2
KM_MSGPROF sender ctx=1 root=false query=None pred_sent=457432 (7.9%) pool=545 preds=922 wo=28517 core=2
KM_MSGPROF sender ctx=18 root=false query=None pred_sent=34320 (0.6%) pool=240 preds=143 wo=587 core=3
KM_MSGPROF sender ctx=106 root=false query=None pred_sent=31065 (0.5%) pool=285 preds=109 wo=679 core=3
KM_PROF[time-ms] msgloop pred_payload=51.8 pred_arrival=2402.6 propagate=1770.6 | add_clause=2045.1 (lookup=246.8 fwdsub=1197.0 backsub=88.0 index=272.7) hyper=587.0 subsume=313.3 pred_local=1575.4 eq=484.6 saturate=3775.7
KM_PROF msgloop guard=660000 contexts=1317 msgs_pending=0 saturate_calls=920 succ=74992 pred=585007 ground_wo=0
KM_MSGPROF arrivals dup=0 empty_join=0 conclusions=589814 conclusions_new=585254 (99.23% new) | arena[succ]=74246 arena[root]=7475 pred_interned=57789 ctx_clause_slots=1107262
KM_MSGPROF sender ctx=2 root=false query=None pred_sent=770232 (13.3%) pool=885 preds=922 wo=38272 core=2
KM_MSGPROF sender ctx=3 root=false query=None pred_sent=600032 (10.4%) pool=700 preds=922 wo=33670 core=2
KM_MSGPROF sender ctx=4 root=false query=None pred_sent=521784 (9.0%) pool=804 preds=693 wo=37763 core=2
KM_MSGPROF sender ctx=5 root=false query=None pred_sent=461064 (8.0%) pool=716 preds=693 wo=39231 core=2
KM_MSGPROF sender ctx=6 root=false query=None pred_sent=457432 (7.9%) pool=545 preds=922 wo=28517 core=2
KM_MSGPROF sender ctx=1 root=false query=None pred_sent=457432 (7.9%) pool=545 preds=922 wo=28517 core=2
KM_MSGPROF sender ctx=18 root=false query=None pred_sent=34320 (0.6%) pool=240 preds=143 wo=587 core=3
KM_MSGPROF sender ctx=106 root=false query=None pred_sent=31065 (0.5%) pool=285 preds=109 wo=679 core=3
KM_PROF[time-ms] msgloop pred_payload=54.0 pred_arrival=2558.0 propagate=1770.6 | add_clause=2158.4 (lookup=250.5 fwdsub=1293.7 backsub=90.2 index=278.0) hyper=587.0 subsume=313.3 pred_local=1575.4 eq=484.6 saturate=3775.7
KM_PROF msgloop guard=680000 contexts=1317 msgs_pending=0 saturate_calls=920 succ=74992 pred=605007 ground_wo=0
KM_MSGPROF arrivals dup=0 empty_join=0 conclusions=610900 conclusions_new=606340 (99.25% new) | arena[succ]=74435 arena[root]=7562 pred_interned=57873 ctx_clause_slots=1128348
KM_MSGPROF sender ctx=2 root=false query=None pred_sent=770232 (13.3%) pool=885 preds=922 wo=38272 core=2
KM_MSGPROF sender ctx=3 root=false query=None pred_sent=600032 (10.4%) pool=700 preds=922 wo=33670 core=2
KM_MSGPROF sender ctx=4 root=false query=None pred_sent=521784 (9.0%) pool=804 preds=693 wo=37763 core=2
KM_MSGPROF sender ctx=5 root=false query=None pred_sent=461064 (8.0%) pool=716 preds=693 wo=39231 core=2
KM_MSGPROF sender ctx=6 root=false query=None pred_sent=457432 (7.9%) pool=545 preds=922 wo=28517 core=2
KM_MSGPROF sender ctx=1 root=false query=None pred_sent=457432 (7.9%) pool=545 preds=922 wo=28517 core=2
KM_MSGPROF sender ctx=18 root=false query=None pred_sent=34320 (0.6%) pool=240 preds=143 wo=587 core=3
KM_MSGPROF sender ctx=106 root=false query=None pred_sent=31065 (0.5%) pool=285 preds=109 wo=679 core=3
KM_PROF[time-ms] msgloop pred_payload=56.4 pred_arrival=2711.3 propagate=1770.6 | add_clause=2277.9 (lookup=254.1 fwdsub=1396.6 backsub=92.5 index=283.1) hyper=587.0 subsume=313.3 pred_local=1575.4 eq=484.6 saturate=3775.7
KM_PROF msgloop guard=700000 contexts=1317 msgs_pending=0 saturate_calls=920 succ=74992 pred=625007 ground_wo=0
KM_MSGPROF arrivals dup=0 empty_join=0 conclusions=631989 conclusions_new=627429 (99.28% new) | arena[succ]=74633 arena[root]=7647 pred_interned=57961 ctx_clause_slots=1149437
KM_MSGPROF sender ctx=2 root=false query=None pred_sent=770232 (13.3%) pool=885 preds=922 wo=38272 core=2
KM_MSGPROF sender ctx=3 root=false query=None pred_sent=600032 (10.4%) pool=700 preds=922 wo=33670 core=2
KM_MSGPROF sender ctx=4 root=false query=None pred_sent=521784 (9.0%) pool=804 preds=693 wo=37763 core=2
KM_MSGPROF sender ctx=5 root=false query=None pred_sent=461064 (8.0%) pool=716 preds=693 wo=39231 core=2
KM_MSGPROF sender ctx=6 root=false query=None pred_sent=457432 (7.9%) pool=545 preds=922 wo=28517 core=2
KM_MSGPROF sender ctx=1 root=false query=None pred_sent=457432 (7.9%) pool=545 preds=922 wo=28517 core=2
KM_MSGPROF sender ctx=18 root=false query=None pred_sent=34320 (0.6%) pool=240 preds=143 wo=587 core=3
KM_MSGPROF sender ctx=106 root=false query=None pred_sent=31065 (0.5%) pool=285 preds=109 wo=679 core=3
KM_PROF[time-ms] msgloop pred_payload=58.8 pred_arrival=2869.9 propagate=1770.6 | add_clause=2402.5 (lookup=257.8 fwdsub=1504.6 backsub=94.7 index=288.2) hyper=587.0 subsume=313.3 pred_local=1575.4 eq=484.6 saturate=3775.7
KM_PROF msgloop guard=720000 contexts=1317 msgs_pending=0 saturate_calls=920 succ=74992 pred=645007 ground_wo=0
KM_MSGPROF arrivals dup=0 empty_join=0 conclusions=653076 conclusions_new=648516 (99.30% new) | arena[succ]=74831 arena[root]=7735 pred_interned=58049 ctx_clause_slots=1170524
KM_MSGPROF sender ctx=2 root=false query=None pred_sent=770232 (13.3%) pool=885 preds=922 wo=38272 core=2
KM_MSGPROF sender ctx=3 root=false query=None pred_sent=600032 (10.4%) pool=700 preds=922 wo=33670 core=2
KM_MSGPROF sender ctx=4 root=false query=None pred_sent=521784 (9.0%) pool=804 preds=693 wo=37763 core=2
KM_MSGPROF sender ctx=5 root=false query=None pred_sent=461064 (8.0%) pool=716 preds=693 wo=39231 core=2
KM_MSGPROF sender ctx=6 root=false query=None pred_sent=457432 (7.9%) pool=545 preds=922 wo=28517 core=2
KM_MSGPROF sender ctx=1 root=false query=None pred_sent=457432 (7.9%) pool=545 preds=922 wo=28517 core=2
KM_MSGPROF sender ctx=18 root=false query=None pred_sent=34320 (0.6%) pool=240 preds=143 wo=587 core=3
KM_MSGPROF sender ctx=106 root=false query=None pred_sent=31065 (0.5%) pool=285 preds=109 wo=679 core=3
KM_PROF[time-ms] msgloop pred_payload=61.1 pred_arrival=3037.0 propagate=1770.6 | add_clause=2534.1 (lookup=261.6 fwdsub=1618.6 backsub=96.9 index=294.1) hyper=587.0 subsume=313.3 pred_local=1575.4 eq=484.6 saturate=3775.7
KM_PROF msgloop guard=740000 contexts=1317 msgs_pending=0 saturate_calls=920 succ=74992 pred=665007 ground_wo=0
KM_MSGPROF arrivals dup=0 empty_join=0 conclusions=674164 conclusions_new=669604 (99.32% new) | arena[succ]=75029 arena[root]=7823 pred_interned=58137 ctx_clause_slots=1191612
KM_MSGPROF sender ctx=2 root=false query=None pred_sent=770232 (13.3%) pool=885 preds=922 wo=38272 core=2
KM_MSGPROF sender ctx=3 root=false query=None pred_sent=600032 (10.4%) pool=700 preds=922 wo=33670 core=2
KM_MSGPROF sender ctx=4 root=false query=None pred_sent=521784 (9.0%) pool=804 preds=693 wo=37763 core=2
KM_MSGPROF sender ctx=5 root=false query=None pred_sent=461064 (8.0%) pool=716 preds=693 wo=39231 core=2
KM_MSGPROF sender ctx=6 root=false query=None pred_sent=457432 (7.9%) pool=545 preds=922 wo=28517 core=2
KM_MSGPROF sender ctx=1 root=false query=None pred_sent=457432 (7.9%) pool=545 preds=922 wo=28517 core=2
KM_MSGPROF sender ctx=18 root=false query=None pred_sent=34320 (0.6%) pool=240 preds=143 wo=587 core=3
KM_MSGPROF sender ctx=106 root=false query=None pred_sent=31065 (0.5%) pool=285 preds=109 wo=679 core=3
KM_PROF[time-ms] msgloop pred_payload=63.6 pred_arrival=3210.1 propagate=1770.6 | add_clause=2672.3 (lookup=265.3 fwdsub=1739.9 backsub=99.2 index=299.2) hyper=587.0 subsume=313.3 pred_local=1575.4 eq=484.6 saturate=3775.7
KM_PROF msgloop guard=760000 contexts=1317 msgs_pending=0 saturate_calls=920 succ=74992 pred=685007 ground_wo=0
KM_MSGPROF arrivals dup=0 empty_join=0 conclusions=695250 conclusions_new=690690 (99.34% new) | arena[succ]=75218 arena[root]=7910 pred_interned=58221 ctx_clause_slots=1212698
KM_MSGPROF sender ctx=2 root=false query=None pred_sent=770232 (13.3%) pool=885 preds=922 wo=38272 core=2
KM_MSGPROF sender ctx=3 root=false query=None pred_sent=600032 (10.4%) pool=700 preds=922 wo=33670 core=2
KM_MSGPROF sender ctx=4 root=false query=None pred_sent=521784 (9.0%) pool=804 preds=693 wo=37763 core=2
KM_MSGPROF sender ctx=5 root=false query=None pred_sent=461064 (8.0%) pool=716 preds=693 wo=39231 core=2
KM_MSGPROF sender ctx=6 root=false query=None pred_sent=457432 (7.9%) pool=545 preds=922 wo=28517 core=2
KM_MSGPROF sender ctx=1 root=false query=None pred_sent=457432 (7.9%) pool=545 preds=922 wo=28517 core=2
KM_MSGPROF sender ctx=18 root=false query=None pred_sent=34320 (0.6%) pool=240 preds=143 wo=587 core=3
KM_MSGPROF sender ctx=106 root=false query=None pred_sent=31065 (0.5%) pool=285 preds=109 wo=679 core=3
KM_PROF[time-ms] msgloop pred_payload=65.9 pred_arrival=3389.5 propagate=1770.6 | add_clause=2817.0 (lookup=269.1 fwdsub=1867.7 backsub=101.5 index=304.3) hyper=587.0 subsume=313.3 pred_local=1575.4 eq=484.6 saturate=3775.7
KM_PROF msgloop guard=780000 contexts=1317 msgs_pending=0 saturate_calls=920 succ=74992 pred=705007 ground_wo=0
KM_MSGPROF arrivals dup=0 empty_join=0 conclusions=716338 conclusions_new=711778 (99.36% new) | arena[succ]=75416 arena[root]=7995 pred_interned=58309 ctx_clause_slots=1233786
KM_MSGPROF sender ctx=2 root=false query=None pred_sent=770232 (13.3%) pool=885 preds=922 wo=38272 core=2
KM_MSGPROF sender ctx=3 root=false query=None pred_sent=600032 (10.4%) pool=700 preds=922 wo=33670 core=2
KM_MSGPROF sender ctx=4 root=false query=None pred_sent=521784 (9.0%) pool=804 preds=693 wo=37763 core=2
KM_MSGPROF sender ctx=5 root=false query=None pred_sent=461064 (8.0%) pool=716 preds=693 wo=39231 core=2
KM_MSGPROF sender ctx=6 root=false query=None pred_sent=457432 (7.9%) pool=545 preds=922 wo=28517 core=2
KM_MSGPROF sender ctx=1 root=false query=None pred_sent=457432 (7.9%) pool=545 preds=922 wo=28517 core=2
KM_MSGPROF sender ctx=18 root=false query=None pred_sent=34320 (0.6%) pool=240 preds=143 wo=587 core=3
KM_MSGPROF sender ctx=106 root=false query=None pred_sent=31065 (0.5%) pool=285 preds=109 wo=679 core=3
KM_PROF[time-ms] msgloop pred_payload=68.3 pred_arrival=3573.6 propagate=1770.6 | add_clause=2966.5 (lookup=272.9 fwdsub=2000.5 backsub=103.7 index=309.5) hyper=587.0 subsume=313.3 pred_local=1575.4 eq=484.6 saturate=3775.7
KM_PROF msgloop guard=800000 contexts=1317 msgs_pending=0 saturate_calls=920 succ=74992 pred=725007 ground_wo=0
KM_MSGPROF arrivals dup=0 empty_join=0 conclusions=737423 conclusions_new=732863 (99.38% new) | arena[succ]=75614 arena[root]=8083 pred_interned=58397 ctx_clause_slots=1254871
KM_MSGPROF sender ctx=2 root=false query=None pred_sent=770232 (13.3%) pool=885 preds=922 wo=38272 core=2
KM_MSGPROF sender ctx=3 root=false query=None pred_sent=600032 (10.4%) pool=700 preds=922 wo=33670 core=2
KM_MSGPROF sender ctx=4 root=false query=None pred_sent=521784 (9.0%) pool=804 preds=693 wo=37763 core=2
KM_MSGPROF sender ctx=5 root=false query=None pred_sent=461064 (8.0%) pool=716 preds=693 wo=39231 core=2
KM_MSGPROF sender ctx=6 root=false query=None pred_sent=457432 (7.9%) pool=545 preds=922 wo=28517 core=2
KM_MSGPROF sender ctx=1 root=false query=None pred_sent=457432 (7.9%) pool=545 preds=922 wo=28517 core=2
KM_MSGPROF sender ctx=18 root=false query=None pred_sent=34320 (0.6%) pool=240 preds=143 wo=587 core=3
KM_MSGPROF sender ctx=106 root=false query=None pred_sent=31065 (0.5%) pool=285 preds=109 wo=679 core=3
KM_PROF[time-ms] msgloop pred_payload=70.8 pred_arrival=3768.3 propagate=1770.6 | add_clause=3125.2 (lookup=276.7 fwdsub=2141.9 backsub=106.2 index=314.7) hyper=587.0 subsume=313.3 pred_local=1575.4 eq=484.6 saturate=3775.7
KM_PROF msgloop guard=820000 contexts=1317 msgs_pending=0 saturate_calls=920 succ=74992 pred=745007 ground_wo=0
KM_MSGPROF arrivals dup=0 empty_join=0 conclusions=758509 conclusions_new=753949 (99.40% new) | arena[succ]=75809 arena[root]=8171 pred_interned=58485 ctx_clause_slots=1275957
KM_MSGPROF sender ctx=2 root=false query=None pred_sent=770232 (13.3%) pool=885 preds=922 wo=38272 core=2
KM_MSGPROF sender ctx=3 root=false query=None pred_sent=600032 (10.4%) pool=700 preds=922 wo=33670 core=2
KM_MSGPROF sender ctx=4 root=false query=None pred_sent=521784 (9.0%) pool=804 preds=693 wo=37763 core=2
KM_MSGPROF sender ctx=5 root=false query=None pred_sent=461064 (8.0%) pool=716 preds=693 wo=39231 core=2
KM_MSGPROF sender ctx=6 root=false query=None pred_sent=457432 (7.9%) pool=545 preds=922 wo=28517 core=2
KM_MSGPROF sender ctx=1 root=false query=None pred_sent=457432 (7.9%) pool=545 preds=922 wo=28517 core=2
KM_MSGPROF sender ctx=18 root=false query=None pred_sent=34320 (0.6%) pool=240 preds=143 wo=587 core=3
KM_MSGPROF sender ctx=106 root=false query=None pred_sent=31065 (0.5%) pool=285 preds=109 wo=679 core=3
KM_PROF[time-ms] msgloop pred_payload=73.4 pred_arrival=3968.3 propagate=1770.6 | add_clause=3288.7 (lookup=280.6 fwdsub=2287.6 backsub=108.6 index=320.1) hyper=587.0 subsume=313.3 pred_local=1575.4 eq=484.6 saturate=3775.7
KM_PROF msgloop guard=840000 contexts=1317 msgs_pending=0 saturate_calls=920 succ=74992 pred=765007 ground_wo=0
KM_MSGPROF arrivals dup=0 empty_join=0 conclusions=779595 conclusions_new=775035 (99.42% new) | arena[succ]=76001 arena[root]=8257 pred_interned=58569 ctx_clause_slots=1297043
KM_MSGPROF sender ctx=2 root=false query=None pred_sent=770232 (13.3%) pool=885 preds=922 wo=38272 core=2
KM_MSGPROF sender ctx=3 root=false query=None pred_sent=600032 (10.4%) pool=700 preds=922 wo=33670 core=2
KM_MSGPROF sender ctx=4 root=false query=None pred_sent=521784 (9.0%) pool=804 preds=693 wo=37763 core=2
KM_MSGPROF sender ctx=5 root=false query=None pred_sent=461064 (8.0%) pool=716 preds=693 wo=39231 core=2
KM_MSGPROF sender ctx=6 root=false query=None pred_sent=457432 (7.9%) pool=545 preds=922 wo=28517 core=2
KM_MSGPROF sender ctx=1 root=false query=None pred_sent=457432 (7.9%) pool=545 preds=922 wo=28517 core=2
KM_MSGPROF sender ctx=18 root=false query=None pred_sent=34320 (0.6%) pool=240 preds=143 wo=587 core=3
KM_MSGPROF sender ctx=106 root=false query=None pred_sent=31065 (0.5%) pool=285 preds=109 wo=679 core=3
KM_PROF[time-ms] msgloop pred_payload=75.9 pred_arrival=4180.9 propagate=1770.6 | add_clause=3464.2 (lookup=284.6 fwdsub=2444.5 backsub=111.0 index=326.1) hyper=587.0 subsume=313.3 pred_local=1575.4 eq=484.6 saturate=3775.7
KM_PROF msgloop guard=860000 contexts=1317 msgs_pending=0 saturate_calls=920 succ=74992 pred=785007 ground_wo=0
KM_MSGPROF arrivals dup=0 empty_join=0 conclusions=800688 conclusions_new=796128 (99.43% new) | arena[succ]=76199 arena[root]=8343 pred_interned=58657 ctx_clause_slots=1318136
KM_MSGPROF sender ctx=2 root=false query=None pred_sent=770232 (13.3%) pool=885 preds=922 wo=38272 core=2
KM_MSGPROF sender ctx=3 root=false query=None pred_sent=600032 (10.4%) pool=700 preds=922 wo=33670 core=2
KM_MSGPROF sender ctx=4 root=false query=None pred_sent=521784 (9.0%) pool=804 preds=693 wo=37763 core=2
KM_MSGPROF sender ctx=5 root=false query=None pred_sent=461064 (8.0%) pool=716 preds=693 wo=39231 core=2
KM_MSGPROF sender ctx=6 root=false query=None pred_sent=457432 (7.9%) pool=545 preds=922 wo=28517 core=2
KM_MSGPROF sender ctx=1 root=false query=None pred_sent=457432 (7.9%) pool=545 preds=922 wo=28517 core=2
KM_MSGPROF sender ctx=18 root=false query=None pred_sent=34320 (0.6%) pool=240 preds=143 wo=587 core=3
KM_MSGPROF sender ctx=106 root=false query=None pred_sent=31065 (0.5%) pool=285 preds=109 wo=679 core=3
KM_PROF[time-ms] msgloop pred_payload=78.6 pred_arrival=4420.9 propagate=1770.6 | add_clause=3665.5 (lookup=288.6 fwdsub=2627.1 backsub=113.4 index=332.0) hyper=587.0 subsume=313.3 pred_local=1575.4 eq=484.6 saturate=3775.7
KM_PROF msgloop guard=880000 contexts=1317 msgs_pending=0 saturate_calls=920 succ=74992 pred=805007 ground_wo=0
KM_MSGPROF arrivals dup=0 empty_join=0 conclusions=821771 conclusions_new=817211 (99.45% new) | arena[succ]=76397 arena[root]=8431 pred_interned=58745 ctx_clause_slots=1339219
KM_MSGPROF sender ctx=2 root=false query=None pred_sent=770232 (13.3%) pool=885 preds=922 wo=38272 core=2
KM_MSGPROF sender ctx=3 root=false query=None pred_sent=600032 (10.4%) pool=700 preds=922 wo=33670 core=2
KM_MSGPROF sender ctx=4 root=false query=None pred_sent=521784 (9.0%) pool=804 preds=693 wo=37763 core=2
KM_MSGPROF sender ctx=5 root=false query=None pred_sent=461064 (8.0%) pool=716 preds=693 wo=39231 core=2
KM_MSGPROF sender ctx=6 root=false query=None pred_sent=457432 (7.9%) pool=545 preds=922 wo=28517 core=2
KM_MSGPROF sender ctx=1 root=false query=None pred_sent=457432 (7.9%) pool=545 preds=922 wo=28517 core=2
KM_MSGPROF sender ctx=18 root=false query=None pred_sent=34320 (0.6%) pool=240 preds=143 wo=587 core=3
KM_MSGPROF sender ctx=106 root=false query=None pred_sent=31065 (0.5%) pool=285 preds=109 wo=679 core=3
KM_PROF[time-ms] msgloop pred_payload=80.8 pred_arrival=4656.2 propagate=1770.6 | add_clause=3863.7 (lookup=292.7 fwdsub=2799.6 backsub=115.9 index=345.1) hyper=587.0 subsume=313.3 pred_local=1575.4 eq=484.6 saturate=3775.7
KM_PROF msgloop guard=900000 contexts=1317 msgs_pending=0 saturate_calls=920 succ=74992 pred=825007 ground_wo=0
KM_MSGPROF arrivals dup=0 empty_join=0 conclusions=842859 conclusions_new=838299 (99.46% new) | arena[succ]=76592 arena[root]=8519 pred_interned=58833 ctx_clause_slots=1360307
KM_MSGPROF sender ctx=2 root=false query=None pred_sent=770232 (13.3%) pool=885 preds=922 wo=38272 core=2
KM_MSGPROF sender ctx=3 root=false query=None pred_sent=600032 (10.4%) pool=700 preds=922 wo=33670 core=2
KM_MSGPROF sender ctx=4 root=false query=None pred_sent=521784 (9.0%) pool=804 preds=693 wo=37763 core=2
KM_MSGPROF sender ctx=5 root=false query=None pred_sent=461064 (8.0%) pool=716 preds=693 wo=39231 core=2
KM_MSGPROF sender ctx=6 root=false query=None pred_sent=457432 (7.9%) pool=545 preds=922 wo=28517 core=2
KM_MSGPROF sender ctx=1 root=false query=None pred_sent=457432 (7.9%) pool=545 preds=922 wo=28517 core=2
KM_MSGPROF sender ctx=18 root=false query=None pred_sent=34320 (0.6%) pool=240 preds=143 wo=587 core=3
KM_MSGPROF sender ctx=106 root=false query=None pred_sent=31065 (0.5%) pool=285 preds=109 wo=679 core=3
KM_PROF[time-ms] msgloop pred_payload=83.2 pred_arrival=4893.3 propagate=1770.6 | add_clause=4063.7 (lookup=296.8 fwdsub=2976.0 backsub=118.3 index=356.3) hyper=587.0 subsume=313.3 pred_local=1575.4 eq=484.6 saturate=3775.7
KM_PROF msgloop guard=920000 contexts=1317 msgs_pending=0 saturate_calls=920 succ=74992 pred=845007 ground_wo=0
KM_MSGPROF arrivals dup=0 empty_join=0 conclusions=863944 conclusions_new=859384 (99.47% new) | arena[succ]=76784 arena[root]=8605 pred_interned=58917 ctx_clause_slots=1381392
KM_MSGPROF sender ctx=2 root=false query=None pred_sent=770232 (13.3%) pool=885 preds=922 wo=38272 core=2
KM_MSGPROF sender ctx=3 root=false query=None pred_sent=600032 (10.4%) pool=700 preds=922 wo=33670 core=2
KM_MSGPROF sender ctx=4 root=false query=None pred_sent=521784 (9.0%) pool=804 preds=693 wo=37763 core=2
KM_MSGPROF sender ctx=5 root=false query=None pred_sent=461064 (8.0%) pool=716 preds=693 wo=39231 core=2
KM_MSGPROF sender ctx=6 root=false query=None pred_sent=457432 (7.9%) pool=545 preds=922 wo=28517 core=2
KM_MSGPROF sender ctx=1 root=false query=None pred_sent=457432 (7.9%) pool=545 preds=922 wo=28517 core=2
KM_MSGPROF sender ctx=18 root=false query=None pred_sent=34320 (0.6%) pool=240 preds=143 wo=587 core=3
KM_MSGPROF sender ctx=106 root=false query=None pred_sent=31065 (0.5%) pool=285 preds=109 wo=679 core=3
KM_PROF[time-ms] msgloop pred_payload=85.6 pred_arrival=5146.5 propagate=1770.6 | add_clause=4279.2 (lookup=301.0 fwdsub=3160.8 backsub=120.9 index=374.0) hyper=587.0 subsume=313.3 pred_local=1575.4 eq=484.6 saturate=3775.7
KM_PROF msgloop guard=940000 contexts=1317 msgs_pending=0 saturate_calls=920 succ=74992 pred=865007 ground_wo=0
KM_MSGPROF arrivals dup=0 empty_join=0 conclusions=885034 conclusions_new=880474 (99.48% new) | arena[succ]=76982 arena[root]=8691 pred_interned=59005 ctx_clause_slots=1402482
KM_MSGPROF sender ctx=2 root=false query=None pred_sent=770232 (13.3%) pool=885 preds=922 wo=38272 core=2
KM_MSGPROF sender ctx=3 root=false query=None pred_sent=600032 (10.4%) pool=700 preds=922 wo=33670 core=2
KM_MSGPROF sender ctx=4 root=false query=None pred_sent=521784 (9.0%) pool=804 preds=693 wo=37763 core=2
KM_MSGPROF sender ctx=5 root=false query=None pred_sent=461064 (8.0%) pool=716 preds=693 wo=39231 core=2
KM_MSGPROF sender ctx=6 root=false query=None pred_sent=457432 (7.9%) pool=545 preds=922 wo=28517 core=2
KM_MSGPROF sender ctx=1 root=false query=None pred_sent=457432 (7.9%) pool=545 preds=922 wo=28517 core=2
KM_MSGPROF sender ctx=18 root=false query=None pred_sent=34320 (0.6%) pool=240 preds=143 wo=587 core=3
KM_MSGPROF sender ctx=106 root=false query=None pred_sent=31065 (0.5%) pool=285 preds=109 wo=679 core=3
KM_PROF[time-ms] msgloop pred_payload=88.1 pred_arrival=5406.5 propagate=1770.6 | add_clause=4500.8 (lookup=305.3 fwdsub=3353.7 backsub=123.3 index=390.0) hyper=587.0 subsume=313.3 pred_local=1575.4 eq=484.6 saturate=3775.7
KM_PROF msgloop guard=960000 contexts=1317 msgs_pending=0 saturate_calls=920 succ=74992 pred=885007 ground_wo=0
KM_MSGPROF arrivals dup=0 empty_join=0 conclusions=906121 conclusions_new=901561 (99.50% new) | arena[succ]=77180 arena[root]=8779 pred_interned=59093 ctx_clause_slots=1423569
KM_MSGPROF sender ctx=2 root=false query=None pred_sent=770232 (13.3%) pool=885 preds=922 wo=38272 core=2
KM_MSGPROF sender ctx=3 root=false query=None pred_sent=600032 (10.4%) pool=700 preds=922 wo=33670 core=2
KM_MSGPROF sender ctx=4 root=false query=None pred_sent=521784 (9.0%) pool=804 preds=693 wo=37763 core=2
KM_MSGPROF sender ctx=5 root=false query=None pred_sent=461064 (8.0%) pool=716 preds=693 wo=39231 core=2
KM_MSGPROF sender ctx=6 root=false query=None pred_sent=457432 (7.9%) pool=545 preds=922 wo=28517 core=2
KM_MSGPROF sender ctx=1 root=false query=None pred_sent=457432 (7.9%) pool=545 preds=922 wo=28517 core=2
KM_MSGPROF sender ctx=18 root=false query=None pred_sent=34320 (0.6%) pool=240 preds=143 wo=587 core=3
KM_MSGPROF sender ctx=106 root=false query=None pred_sent=31065 (0.5%) pool=285 preds=109 wo=679 core=3
KM_PROF[time-ms] msgloop pred_payload=90.5 pred_arrival=5662.4 propagate=1770.6 | add_clause=4719.0 (lookup=309.4 fwdsub=3551.3 backsub=125.7 index=398.2) hyper=587.0 subsume=313.3 pred_local=1575.4 eq=484.6 saturate=3775.7
KM_PROF msgloop guard=980000 contexts=1317 msgs_pending=0 saturate_calls=920 succ=74992 pred=905007 ground_wo=0
KM_MSGPROF arrivals dup=0 empty_join=0 conclusions=927206 conclusions_new=922646 (99.51% new) | arena[succ]=77369 arena[root]=8867 pred_interned=59177 ctx_clause_slots=1444654
KM_MSGPROF sender ctx=2 root=false query=None pred_sent=770232 (13.3%) pool=885 preds=922 wo=38272 core=2
KM_MSGPROF sender ctx=3 root=false query=None pred_sent=600032 (10.4%) pool=700 preds=922 wo=33670 core=2
KM_MSGPROF sender ctx=4 root=false query=None pred_sent=521784 (9.0%) pool=804 preds=693 wo=37763 core=2
KM_MSGPROF sender ctx=5 root=false query=None pred_sent=461064 (8.0%) pool=716 preds=693 wo=39231 core=2
KM_MSGPROF sender ctx=6 root=false query=None pred_sent=457432 (7.9%) pool=545 preds=922 wo=28517 core=2
KM_MSGPROF sender ctx=1 root=false query=None pred_sent=457432 (7.9%) pool=545 preds=922 wo=28517 core=2
KM_MSGPROF sender ctx=18 root=false query=None pred_sent=34320 (0.6%) pool=240 preds=143 wo=587 core=3
KM_MSGPROF sender ctx=106 root=false query=None pred_sent=31065 (0.5%) pool=285 preds=109 wo=679 core=3
KM_PROF[time-ms] msgloop pred_payload=93.1 pred_arrival=5939.5 propagate=1770.6 | add_clause=4956.9 (lookup=313.7 fwdsub=3760.8 backsub=128.4 index=413.0) hyper=587.0 subsume=313.3 pred_local=1575.4 eq=484.6 saturate=3775.7
KM_PROF msgloop guard=1000000 contexts=1317 msgs_pending=0 saturate_calls=920 succ=74992 pred=925007 ground_wo=0
KM_MSGPROF arrivals dup=0 empty_join=0 conclusions=948294 conclusions_new=943734 (99.52% new) | arena[succ]=77567 arena[root]=8952 pred_interned=59265 ctx_clause_slots=1465742
KM_MSGPROF sender ctx=2 root=false query=None pred_sent=770232 (13.3%) pool=885 preds=922 wo=38272 core=2
KM_MSGPROF sender ctx=3 root=false query=None pred_sent=600032 (10.4%) pool=700 preds=922 wo=33670 core=2
KM_MSGPROF sender ctx=4 root=false query=None pred_sent=521784 (9.0%) pool=804 preds=693 wo=37763 core=2
KM_MSGPROF sender ctx=5 root=false query=None pred_sent=461064 (8.0%) pool=716 preds=693 wo=39231 core=2
KM_MSGPROF sender ctx=6 root=false query=None pred_sent=457432 (7.9%) pool=545 preds=922 wo=28517 core=2
KM_MSGPROF sender ctx=1 root=false query=None pred_sent=457432 (7.9%) pool=545 preds=922 wo=28517 core=2
KM_MSGPROF sender ctx=18 root=false query=None pred_sent=34320 (0.6%) pool=240 preds=143 wo=587 core=3
KM_MSGPROF sender ctx=106 root=false query=None pred_sent=31065 (0.5%) pool=285 preds=109 wo=679 core=3
KM_PROF[time-ms] msgloop pred_payload=96.0 pred_arrival=6227.0 propagate=1770.6 | add_clause=5204.0 (lookup=318.0 fwdsub=3983.1 backsub=131.2 index=423.6) hyper=587.0 subsume=313.3 pred_local=1575.4 eq=484.6 saturate=3775.7
KM_PROF msgloop guard=1020000 contexts=1317 msgs_pending=0 saturate_calls=920 succ=75960 pred=944039 ground_wo=0
KM_MSGPROF arrivals dup=0 empty_join=0 conclusions=968155 conclusions_new=963387 (99.51% new) | arena[succ]=77711 arena[root]=9019 pred_interned=59521 ctx_clause_slots=1485395
KM_MSGPROF sender ctx=2 root=false query=None pred_sent=770232 (13.3%) pool=885 preds=924 wo=38272 core=2
KM_MSGPROF sender ctx=3 root=false query=None pred_sent=600032 (10.4%) pool=700 preds=924 wo=33670 core=2
KM_MSGPROF sender ctx=4 root=false query=None pred_sent=521784 (9.0%) pool=804 preds=696 wo=37763 core=2
KM_MSGPROF sender ctx=5 root=false query=None pred_sent=461064 (8.0%) pool=716 preds=696 wo=39231 core=2
KM_MSGPROF sender ctx=6 root=false query=None pred_sent=457432 (7.9%) pool=545 preds=924 wo=28517 core=2
KM_MSGPROF sender ctx=1 root=false query=None pred_sent=457432 (7.9%) pool=545 preds=924 wo=28517 core=2
KM_MSGPROF sender ctx=18 root=false query=None pred_sent=34320 (0.6%) pool=240 preds=143 wo=587 core=3
KM_MSGPROF sender ctx=106 root=false query=None pred_sent=31065 (0.5%) pool=285 preds=109 wo=679 core=3
KM_PROF[time-ms] msgloop pred_payload=98.5 pred_arrival=6488.2 propagate=1770.6 | add_clause=5422.4 (lookup=322.4 fwdsub=4179.3 backsub=134.6 index=432.2) hyper=587.0 subsume=313.3 pred_local=1575.4 eq=484.6 saturate=3775.7
KM_PROF msgloop guard=1040000 contexts=1317 msgs_pending=0 saturate_calls=920 succ=78643 pred=961356 ground_wo=0
KM_MSGPROF arrivals dup=0 empty_join=0 conclusions=985476 conclusions_new=979780 (99.42% new) | arena[succ]=77720 arena[root]=9028 pred_interned=59578 ctx_clause_slots=1502284
KM_MSGPROF sender ctx=2 root=false query=None pred_sent=770232 (13.3%) pool=885 preds=926 wo=38272 core=2
KM_MSGPROF sender ctx=3 root=false query=None pred_sent=600032 (10.4%) pool=700 preds=926 wo=33670 core=2
KM_MSGPROF sender ctx=4 root=false query=None pred_sent=521784 (9.0%) pool=804 preds=699 wo=37763 core=2
KM_MSGPROF sender ctx=5 root=false query=None pred_sent=461064 (8.0%) pool=716 preds=699 wo=39231 core=2
KM_MSGPROF sender ctx=6 root=false query=None pred_sent=457432 (7.9%) pool=545 preds=926 wo=28517 core=2
KM_MSGPROF sender ctx=1 root=false query=None pred_sent=457432 (7.9%) pool=545 preds=926 wo=28517 core=2
KM_MSGPROF sender ctx=18 root=false query=None pred_sent=34320 (0.6%) pool=240 preds=143 wo=587 core=3
KM_MSGPROF sender ctx=106 root=false query=None pred_sent=31065 (0.5%) pool=285 preds=109 wo=679 core=3
KM_PROF[time-ms] msgloop pred_payload=100.0 pred_arrival=6553.4 propagate=1770.6 | add_clause=5451.2 (lookup=325.9 fwdsub=4186.5 backsub=136.4 index=442.9) hyper=587.0 subsume=313.3 pred_local=1575.4 eq=484.6 saturate=3775.7
KM_PROF msgloop guard=1060000 contexts=1317 msgs_pending=0 saturate_calls=920 succ=78643 pred=981356 ground_wo=0
KM_MSGPROF arrivals dup=0 empty_join=0 conclusions=1005476 conclusions_new=998028 (99.26% new) | arena[succ]=77720 arena[root]=9028 pred_interned=59578 ctx_clause_slots=1520532
KM_MSGPROF sender ctx=2 root=false query=None pred_sent=770232 (13.3%) pool=885 preds=926 wo=38272 core=2
KM_MSGPROF sender ctx=3 root=false query=None pred_sent=600032 (10.4%) pool=700 preds=926 wo=33670 core=2
KM_MSGPROF sender ctx=4 root=false query=None pred_sent=521784 (9.0%) pool=804 preds=699 wo=37763 core=2
KM_MSGPROF sender ctx=5 root=false query=None pred_sent=461064 (8.0%) pool=716 preds=699 wo=39231 core=2
KM_MSGPROF sender ctx=6 root=false query=None pred_sent=457432 (7.9%) pool=545 preds=926 wo=28517 core=2
KM_MSGPROF sender ctx=1 root=false query=None pred_sent=457432 (7.9%) pool=545 preds=926 wo=28517 core=2
KM_MSGPROF sender ctx=18 root=false query=None pred_sent=34320 (0.6%) pool=240 preds=143 wo=587 core=3
KM_MSGPROF sender ctx=106 root=false query=None pred_sent=31065 (0.5%) pool=285 preds=109 wo=679 core=3
KM_PROF[time-ms] msgloop pred_payload=101.7 pred_arrival=6611.7 propagate=1770.6 | add_clause=5476.5 (lookup=329.2 fwdsub=4195.3 backsub=138.3 index=448.7) hyper=587.0 subsume=313.3 pred_local=1575.4 eq=484.6 saturate=3775.7
KM_PROF msgloop guard=1080000 contexts=1317 msgs_pending=0 saturate_calls=920 succ=78643 pred=1001356 ground_wo=0
KM_MSGPROF arrivals dup=0 empty_join=0 conclusions=1025476 conclusions_new=1018028 (99.27% new) | arena[succ]=77720 arena[root]=9028 pred_interned=59578 ctx_clause_slots=1540532
KM_MSGPROF sender ctx=2 root=false query=None pred_sent=770232 (13.3%) pool=885 preds=926 wo=38272 core=2
KM_MSGPROF sender ctx=3 root=false query=None pred_sent=600032 (10.4%) pool=700 preds=926 wo=33670 core=2
KM_MSGPROF sender ctx=4 root=false query=None pred_sent=521784 (9.0%) pool=804 preds=699 wo=37763 core=2
KM_MSGPROF sender ctx=5 root=false query=None pred_sent=461064 (8.0%) pool=716 preds=699 wo=39231 core=2
KM_MSGPROF sender ctx=6 root=false query=None pred_sent=457432 (7.9%) pool=545 preds=926 wo=28517 core=2
KM_MSGPROF sender ctx=1 root=false query=None pred_sent=457432 (7.9%) pool=545 preds=926 wo=28517 core=2
KM_MSGPROF sender ctx=18 root=false query=None pred_sent=34320 (0.6%) pool=240 preds=143 wo=587 core=3
KM_MSGPROF sender ctx=106 root=false query=None pred_sent=31065 (0.5%) pool=285 preds=109 wo=679 core=3
KM_PROF[time-ms] msgloop pred_payload=103.0 pred_arrival=6683.7 propagate=1770.6 | add_clause=5504.4 (lookup=332.2 fwdsub=4207.9 backsub=140.1 index=454.1) hyper=587.0 subsume=313.3 pred_local=1575.4 eq=484.6 saturate=3775.7
KM_PROF msgloop guard=1100000 contexts=1317 msgs_pending=0 saturate_calls=920 succ=78643 pred=1021356 ground_wo=0
KM_MSGPROF arrivals dup=0 empty_join=0 conclusions=1045476 conclusions_new=1038028 (99.29% new) | arena[succ]=77720 arena[root]=9028 pred_interned=59578 ctx_clause_slots=1560532
KM_MSGPROF sender ctx=2 root=false query=None pred_sent=770232 (13.3%) pool=885 preds=926 wo=38272 core=2
KM_MSGPROF sender ctx=3 root=false query=None pred_sent=600032 (10.4%) pool=700 preds=926 wo=33670 core=2
KM_MSGPROF sender ctx=4 root=false query=None pred_sent=521784 (9.0%) pool=804 preds=699 wo=37763 core=2
KM_MSGPROF sender ctx=5 root=false query=None pred_sent=461064 (8.0%) pool=716 preds=699 wo=39231 core=2
KM_MSGPROF sender ctx=6 root=false query=None pred_sent=457432 (7.9%) pool=545 preds=926 wo=28517 core=2
KM_MSGPROF sender ctx=1 root=false query=None pred_sent=457432 (7.9%) pool=545 preds=926 wo=28517 core=2
KM_MSGPROF sender ctx=18 root=false query=None pred_sent=34320 (0.6%) pool=240 preds=143 wo=587 core=3
KM_MSGPROF sender ctx=106 root=false query=None pred_sent=31065 (0.5%) pool=285 preds=109 wo=679 core=3
KM_PROF[time-ms] msgloop pred_payload=104.4 pred_arrival=6746.1 propagate=1770.6 | add_clause=5536.9 (lookup=335.3 fwdsub=4224.9 backsub=142.0 index=459.4) hyper=587.0 subsume=313.3 pred_local=1575.4 eq=484.6 saturate=3775.7
KM_PROF msgloop guard=1120000 contexts=1317 msgs_pending=0 saturate_calls=920 succ=78643 pred=1041356 ground_wo=0
KM_MSGPROF arrivals dup=0 empty_join=0 conclusions=1065476 conclusions_new=1058028 (99.30% new) | arena[succ]=77720 arena[root]=9028 pred_interned=59578 ctx_clause_slots=1580532
KM_MSGPROF sender ctx=2 root=false query=None pred_sent=770232 (13.3%) pool=885 preds=926 wo=38272 core=2
KM_MSGPROF sender ctx=3 root=false query=None pred_sent=600032 (10.4%) pool=700 preds=926 wo=33670 core=2
KM_MSGPROF sender ctx=4 root=false query=None pred_sent=521784 (9.0%) pool=804 preds=699 wo=37763 core=2
KM_MSGPROF sender ctx=5 root=false query=None pred_sent=461064 (8.0%) pool=716 preds=699 wo=39231 core=2
KM_MSGPROF sender ctx=6 root=false query=None pred_sent=457432 (7.9%) pool=545 preds=926 wo=28517 core=2
KM_MSGPROF sender ctx=1 root=false query=None pred_sent=457432 (7.9%) pool=545 preds=926 wo=28517 core=2
KM_MSGPROF sender ctx=18 root=false query=None pred_sent=34320 (0.6%) pool=240 preds=143 wo=587 core=3
KM_MSGPROF sender ctx=106 root=false query=None pred_sent=31065 (0.5%) pool=285 preds=109 wo=679 core=3
KM_PROF[time-ms] msgloop pred_payload=105.8 pred_arrival=6812.3 propagate=1770.6 | add_clause=5573.2 (lookup=338.5 fwdsub=4246.0 backsub=143.9 index=464.5) hyper=587.0 subsume=313.3 pred_local=1575.4 eq=484.6 saturate=3775.7
KM_PROF msgloop guard=1140000 contexts=1317 msgs_pending=0 saturate_calls=920 succ=78643 pred=1061356 ground_wo=0
KM_MSGPROF arrivals dup=0 empty_join=0 conclusions=1085476 conclusions_new=1078028 (99.31% new) | arena[succ]=77720 arena[root]=9028 pred_interned=59578 ctx_clause_slots=1600532
KM_MSGPROF sender ctx=2 root=false query=None pred_sent=770232 (13.3%) pool=885 preds=926 wo=38272 core=2
KM_MSGPROF sender ctx=3 root=false query=None pred_sent=600032 (10.4%) pool=700 preds=926 wo=33670 core=2
KM_MSGPROF sender ctx=4 root=false query=None pred_sent=521784 (9.0%) pool=804 preds=699 wo=37763 core=2
KM_MSGPROF sender ctx=5 root=false query=None pred_sent=461064 (8.0%) pool=716 preds=699 wo=39231 core=2
KM_MSGPROF sender ctx=6 root=false query=None pred_sent=457432 (7.9%) pool=545 preds=926 wo=28517 core=2
KM_MSGPROF sender ctx=1 root=false query=None pred_sent=457432 (7.9%) pool=545 preds=926 wo=28517 core=2
KM_MSGPROF sender ctx=18 root=false query=None pred_sent=34320 (0.6%) pool=240 preds=143 wo=587 core=3
KM_MSGPROF sender ctx=106 root=false query=None pred_sent=31065 (0.5%) pool=285 preds=109 wo=679 core=3
KM_PROF[time-ms] msgloop pred_payload=107.2 pred_arrival=6882.4 propagate=1770.6 | add_clause=5613.2 (lookup=341.6 fwdsub=4270.8 backsub=145.7 index=469.8) hyper=587.0 subsume=313.3 pred_local=1575.4 eq=484.6 saturate=3775.7
KM_PROF msgloop guard=1160000 contexts=1317 msgs_pending=0 saturate_calls=920 succ=78643 pred=1081356 ground_wo=0
KM_MSGPROF arrivals dup=0 empty_join=0 conclusions=1105476 conclusions_new=1098028 (99.33% new) | arena[succ]=77720 arena[root]=9028 pred_interned=59578 ctx_clause_slots=1620532
KM_MSGPROF sender ctx=2 root=false query=None pred_sent=770232 (13.3%) pool=885 preds=926 wo=38272 core=2
KM_MSGPROF sender ctx=3 root=false query=None pred_sent=600032 (10.4%) pool=700 preds=926 wo=33670 core=2
KM_MSGPROF sender ctx=4 root=false query=None pred_sent=521784 (9.0%) pool=804 preds=699 wo=37763 core=2
KM_MSGPROF sender ctx=5 root=false query=None pred_sent=461064 (8.0%) pool=716 preds=699 wo=39231 core=2
KM_MSGPROF sender ctx=6 root=false query=None pred_sent=457432 (7.9%) pool=545 preds=926 wo=28517 core=2
KM_MSGPROF sender ctx=1 root=false query=None pred_sent=457432 (7.9%) pool=545 preds=926 wo=28517 core=2
KM_MSGPROF sender ctx=18 root=false query=None pred_sent=34320 (0.6%) pool=240 preds=143 wo=587 core=3
KM_MSGPROF sender ctx=106 root=false query=None pred_sent=31065 (0.5%) pool=285 preds=109 wo=679 core=3
KM_PROF[time-ms] msgloop pred_payload=108.7 pred_arrival=6958.7 propagate=1770.6 | add_clause=5658.2 (lookup=344.8 fwdsub=4300.6 backsub=147.7 index=474.7) hyper=587.0 subsume=313.3 pred_local=1575.4 eq=484.6 saturate=3775.7
KM_PROF msgloop guard=1180000 contexts=1317 msgs_pending=0 saturate_calls=920 succ=78643 pred=1101356 ground_wo=0
KM_MSGPROF arrivals dup=0 empty_join=0 conclusions=1125476 conclusions_new=1118028 (99.34% new) | arena[succ]=77720 arena[root]=9028 pred_interned=59578 ctx_clause_slots=1640532
KM_MSGPROF sender ctx=2 root=false query=None pred_sent=770232 (13.3%) pool=885 preds=926 wo=38272 core=2
KM_MSGPROF sender ctx=3 root=false query=None pred_sent=600032 (10.4%) pool=700 preds=926 wo=33670 core=2
KM_MSGPROF sender ctx=4 root=false query=None pred_sent=521784 (9.0%) pool=804 preds=699 wo=37763 core=2
KM_MSGPROF sender ctx=5 root=false query=None pred_sent=461064 (8.0%) pool=716 preds=699 wo=39231 core=2
KM_MSGPROF sender ctx=6 root=false query=None pred_sent=457432 (7.9%) pool=545 preds=926 wo=28517 core=2
KM_MSGPROF sender ctx=1 root=false query=None pred_sent=457432 (7.9%) pool=545 preds=926 wo=28517 core=2
KM_MSGPROF sender ctx=18 root=false query=None pred_sent=34320 (0.6%) pool=240 preds=143 wo=587 core=3
KM_MSGPROF sender ctx=106 root=false query=None pred_sent=31065 (0.5%) pool=285 preds=109 wo=679 core=3
KM_PROF[time-ms] msgloop pred_payload=110.3 pred_arrival=7040.2 propagate=1770.6 | add_clause=5708.4 (lookup=347.9 fwdsub=4335.5 backsub=149.6 index=479.9) hyper=587.0 subsume=313.3 pred_local=1575.4 eq=484.6 saturate=3775.7
KM_PROF msgloop guard=1200000 contexts=1317 msgs_pending=0 saturate_calls=920 succ=78643 pred=1121356 ground_wo=0
KM_MSGPROF arrivals dup=0 empty_join=0 conclusions=1145476 conclusions_new=1138028 (99.35% new) | arena[succ]=77720 arena[root]=9028 pred_interned=59578 ctx_clause_slots=1660532
KM_MSGPROF sender ctx=2 root=false query=None pred_sent=770232 (13.3%) pool=885 preds=926 wo=38272 core=2
KM_MSGPROF sender ctx=3 root=false query=None pred_sent=600032 (10.4%) pool=700 preds=926 wo=33670 core=2
KM_MSGPROF sender ctx=4 root=false query=None pred_sent=521784 (9.0%) pool=804 preds=699 wo=37763 core=2
KM_MSGPROF sender ctx=5 root=false query=None pred_sent=461064 (8.0%) pool=716 preds=699 wo=39231 core=2
KM_MSGPROF sender ctx=6 root=false query=None pred_sent=457432 (7.9%) pool=545 preds=926 wo=28517 core=2
KM_MSGPROF sender ctx=1 root=false query=None pred_sent=457432 (7.9%) pool=545 preds=926 wo=28517 core=2
KM_MSGPROF sender ctx=18 root=false query=None pred_sent=34320 (0.6%) pool=240 preds=143 wo=587 core=3
KM_MSGPROF sender ctx=106 root=false query=None pred_sent=31065 (0.5%) pool=285 preds=109 wo=679 core=3
KM_PROF[time-ms] msgloop pred_payload=111.8 pred_arrival=7128.4 propagate=1770.6 | add_clause=5764.0 (lookup=351.2 fwdsub=4374.3 backsub=151.6 index=484.9) hyper=587.0 subsume=313.3 pred_local=1575.4 eq=484.6 saturate=3775.7
KM_PROF msgloop guard=1220000 contexts=1317 msgs_pending=0 saturate_calls=920 succ=78643 pred=1141356 ground_wo=0
KM_MSGPROF arrivals dup=0 empty_join=0 conclusions=1165476 conclusions_new=1158028 (99.36% new) | arena[succ]=77720 arena[root]=9028 pred_interned=59578 ctx_clause_slots=1680532
KM_MSGPROF sender ctx=2 root=false query=None pred_sent=770232 (13.3%) pool=885 preds=926 wo=38272 core=2
KM_MSGPROF sender ctx=3 root=false query=None pred_sent=600032 (10.4%) pool=700 preds=926 wo=33670 core=2
KM_MSGPROF sender ctx=4 root=false query=None pred_sent=521784 (9.0%) pool=804 preds=699 wo=37763 core=2
KM_MSGPROF sender ctx=5 root=false query=None pred_sent=461064 (8.0%) pool=716 preds=699 wo=39231 core=2
KM_MSGPROF sender ctx=6 root=false query=None pred_sent=457432 (7.9%) pool=545 preds=926 wo=28517 core=2
KM_MSGPROF sender ctx=1 root=false query=None pred_sent=457432 (7.9%) pool=545 preds=926 wo=28517 core=2
KM_MSGPROF sender ctx=18 root=false query=None pred_sent=34320 (0.6%) pool=240 preds=143 wo=587 core=3
KM_MSGPROF sender ctx=106 root=false query=None pred_sent=31065 (0.5%) pool=285 preds=109 wo=679 core=3
KM_PROF[time-ms] msgloop pred_payload=113.3 pred_arrival=7220.8 propagate=1770.6 | add_clause=5824.0 (lookup=354.4 fwdsub=4418.3 backsub=153.6 index=490.4) hyper=587.0 subsume=313.3 pred_local=1575.4 eq=484.6 saturate=3775.7
KM_PROF msgloop guard=1240000 contexts=1317 msgs_pending=0 saturate_calls=920 succ=78643 pred=1161356 ground_wo=0
KM_MSGPROF arrivals dup=0 empty_join=0 conclusions=1185476 conclusions_new=1178028 (99.37% new) | arena[succ]=77720 arena[root]=9028 pred_interned=59578 ctx_clause_slots=1700532
KM_MSGPROF sender ctx=2 root=false query=None pred_sent=770232 (13.3%) pool=885 preds=926 wo=38272 core=2
KM_MSGPROF sender ctx=3 root=false query=None pred_sent=600032 (10.4%) pool=700 preds=926 wo=33670 core=2
KM_MSGPROF sender ctx=4 root=false query=None pred_sent=521784 (9.0%) pool=804 preds=699 wo=37763 core=2
KM_MSGPROF sender ctx=5 root=false query=None pred_sent=461064 (8.0%) pool=716 preds=699 wo=39231 core=2
KM_MSGPROF sender ctx=6 root=false query=None pred_sent=457432 (7.9%) pool=545 preds=926 wo=28517 core=2
KM_MSGPROF sender ctx=1 root=false query=None pred_sent=457432 (7.9%) pool=545 preds=926 wo=28517 core=2
KM_MSGPROF sender ctx=18 root=false query=None pred_sent=34320 (0.6%) pool=240 preds=143 wo=587 core=3
KM_MSGPROF sender ctx=106 root=false query=None pred_sent=31065 (0.5%) pool=285 preds=109 wo=679 core=3
KM_PROF[time-ms] msgloop pred_payload=114.8 pred_arrival=7315.7 propagate=1770.6 | add_clause=5886.9 (lookup=357.6 fwdsub=4465.4 backsub=155.5 index=495.9) hyper=587.0 subsume=313.3 pred_local=1575.4 eq=484.6 saturate=3775.7
KM_PROF msgloop guard=1260000 contexts=1317 msgs_pending=0 saturate_calls=920 succ=78643 pred=1181356 ground_wo=0
KM_MSGPROF arrivals dup=0 empty_join=0 conclusions=1205661 conclusions_new=1198213 (99.38% new) | arena[succ]=77756 arena[root]=9042 pred_interned=59594 ctx_clause_slots=1720717
KM_MSGPROF sender ctx=2 root=false query=None pred_sent=770232 (13.3%) pool=885 preds=926 wo=38272 core=2
KM_MSGPROF sender ctx=3 root=false query=None pred_sent=600032 (10.4%) pool=700 preds=926 wo=33670 core=2
KM_MSGPROF sender ctx=4 root=false query=None pred_sent=521784 (9.0%) pool=804 preds=699 wo=37763 core=2
KM_MSGPROF sender ctx=5 root=false query=None pred_sent=461064 (8.0%) pool=716 preds=699 wo=39231 core=2
KM_MSGPROF sender ctx=6 root=false query=None pred_sent=457432 (7.9%) pool=545 preds=926 wo=28517 core=2
KM_MSGPROF sender ctx=1 root=false query=None pred_sent=457432 (7.9%) pool=545 preds=926 wo=28517 core=2
KM_MSGPROF sender ctx=18 root=false query=None pred_sent=34320 (0.6%) pool=240 preds=143 wo=587 core=3
KM_MSGPROF sender ctx=106 root=false query=None pred_sent=31065 (0.5%) pool=285 preds=109 wo=679 core=3
KM_PROF[time-ms] msgloop pred_payload=116.5 pred_arrival=7418.5 propagate=1770.6 | add_clause=5956.3 (lookup=360.9 fwdsub=4518.6 backsub=157.5 index=501.5) hyper=587.0 subsume=313.3 pred_local=1575.4 eq=484.6 saturate=3775.7
KM_PROF msgloop guard=1280000 contexts=1317 msgs_pending=0 saturate_calls=920 succ=78643 pred=1201356 ground_wo=0
KM_MSGPROF arrivals dup=0 empty_join=0 conclusions=1226746 conclusions_new=1219298 (99.39% new) | arena[succ]=77954 arena[root]=9130 pred_interned=59682 ctx_clause_slots=1741802
KM_MSGPROF sender ctx=2 root=false query=None pred_sent=770232 (13.3%) pool=885 preds=926 wo=38272 core=2
KM_MSGPROF sender ctx=3 root=false query=None pred_sent=600032 (10.4%) pool=700 preds=926 wo=33670 core=2
KM_MSGPROF sender ctx=4 root=false query=None pred_sent=521784 (9.0%) pool=804 preds=699 wo=37763 core=2
KM_MSGPROF sender ctx=5 root=false query=None pred_sent=461064 (8.0%) pool=716 preds=699 wo=39231 core=2
KM_MSGPROF sender ctx=6 root=false query=None pred_sent=457432 (7.9%) pool=545 preds=926 wo=28517 core=2
KM_MSGPROF sender ctx=1 root=false query=None pred_sent=457432 (7.9%) pool=545 preds=926 wo=28517 core=2
KM_MSGPROF sender ctx=18 root=false query=None pred_sent=34320 (0.6%) pool=240 preds=143 wo=587 core=3
KM_MSGPROF sender ctx=106 root=false query=None pred_sent=31065 (0.5%) pool=285 preds=109 wo=679 core=3
KM_PROF[time-ms] msgloop pred_payload=118.8 pred_arrival=7529.1 propagate=1770.6 | add_clause=6032.0 (lookup=364.3 fwdsub=4577.4 backsub=159.8 index=506.9) hyper=587.0 subsume=313.3 pred_local=1575.4 eq=484.6 saturate=3775.7
KM_PROF msgloop guard=1300000 contexts=1317 msgs_pending=0 saturate_calls=920 succ=78643 pred=1221356 ground_wo=0
KM_MSGPROF arrivals dup=0 empty_join=0 conclusions=1247834 conclusions_new=1240386 (99.40% new) | arena[succ]=78151 arena[root]=9216 pred_interned=59770 ctx_clause_slots=1762890
KM_MSGPROF sender ctx=2 root=false query=None pred_sent=770232 (13.3%) pool=885 preds=926 wo=38272 core=2
KM_MSGPROF sender ctx=3 root=false query=None pred_sent=600032 (10.4%) pool=700 preds=926 wo=33670 core=2
KM_MSGPROF sender ctx=4 root=false query=None pred_sent=521784 (9.0%) pool=804 preds=699 wo=37763 core=2
KM_MSGPROF sender ctx=5 root=false query=None pred_sent=461064 (8.0%) pool=716 preds=699 wo=39231 core=2
KM_MSGPROF sender ctx=6 root=false query=None pred_sent=457432 (7.9%) pool=545 preds=926 wo=28517 core=2
KM_MSGPROF sender ctx=1 root=false query=None pred_sent=457432 (7.9%) pool=545 preds=926 wo=28517 core=2
KM_MSGPROF sender ctx=18 root=false query=None pred_sent=34320 (0.6%) pool=240 preds=143 wo=587 core=3
KM_MSGPROF sender ctx=106 root=false query=None pred_sent=31065 (0.5%) pool=285 preds=109 wo=679 core=3
KM_PROF[time-ms] msgloop pred_payload=121.0 pred_arrival=7643.0 propagate=1770.6 | add_clause=6111.4 (lookup=367.7 fwdsub=4639.9 backsub=162.0 index=512.4) hyper=587.0 subsume=313.3 pred_local=1575.4 eq=484.6 saturate=3775.7
KM_PROF msgloop guard=1320000 contexts=1317 msgs_pending=0 saturate_calls=920 succ=78643 pred=1241356 ground_wo=0
KM_MSGPROF arrivals dup=0 empty_join=0 conclusions=1268920 conclusions_new=1261472 (99.41% new) | arena[succ]=78341 arena[root]=9304 pred_interned=59854 ctx_clause_slots=1783976
KM_MSGPROF sender ctx=2 root=false query=None pred_sent=770232 (13.3%) pool=885 preds=926 wo=38272 core=2
KM_MSGPROF sender ctx=3 root=false query=None pred_sent=600032 (10.4%) pool=700 preds=926 wo=33670 core=2
KM_MSGPROF sender ctx=4 root=false query=None pred_sent=521784 (9.0%) pool=804 preds=699 wo=37763 core=2
KM_MSGPROF sender ctx=5 root=false query=None pred_sent=461064 (8.0%) pool=716 preds=699 wo=39231 core=2
KM_MSGPROF sender ctx=6 root=false query=None pred_sent=457432 (7.9%) pool=545 preds=926 wo=28517 core=2
KM_MSGPROF sender ctx=1 root=false query=None pred_sent=457432 (7.9%) pool=545 preds=926 wo=28517 core=2
KM_MSGPROF sender ctx=18 root=false query=None pred_sent=34320 (0.6%) pool=240 preds=143 wo=587 core=3
KM_MSGPROF sender ctx=106 root=false query=None pred_sent=31065 (0.5%) pool=285 preds=109 wo=679 core=3
KM_PROF[time-ms] msgloop pred_payload=123.3 pred_arrival=7767.3 propagate=1770.6 | add_clause=6199.3 (lookup=371.2 fwdsub=4709.8 backsub=164.1 index=518.6) hyper=587.0 subsume=313.3 pred_local=1575.4 eq=484.6 saturate=3775.7
KM_PROF msgloop guard=1340000 contexts=1317 msgs_pending=0 saturate_calls=920 succ=78643 pred=1261356 ground_wo=0
KM_MSGPROF arrivals dup=0 empty_join=0 conclusions=1290010 conclusions_new=1282562 (99.42% new) | arena[succ]=78539 arena[root]=9390 pred_interned=59942 ctx_clause_slots=1805066
KM_MSGPROF sender ctx=2 root=false query=None pred_sent=770232 (13.3%) pool=885 preds=926 wo=38272 core=2
KM_MSGPROF sender ctx=3 root=false query=None pred_sent=600032 (10.4%) pool=700 preds=926 wo=33670 core=2
KM_MSGPROF sender ctx=4 root=false query=None pred_sent=521784 (9.0%) pool=804 preds=699 wo=37763 core=2
KM_MSGPROF sender ctx=5 root=false query=None pred_sent=461064 (8.0%) pool=716 preds=699 wo=39231 core=2
KM_MSGPROF sender ctx=6 root=false query=None pred_sent=457432 (7.9%) pool=545 preds=926 wo=28517 core=2
KM_MSGPROF sender ctx=1 root=false query=None pred_sent=457432 (7.9%) pool=545 preds=926 wo=28517 core=2
KM_MSGPROF sender ctx=18 root=false query=None pred_sent=34320 (0.6%) pool=240 preds=143 wo=587 core=3
KM_MSGPROF sender ctx=106 root=false query=None pred_sent=31065 (0.5%) pool=285 preds=109 wo=679 core=3
KM_PROF[time-ms] msgloop pred_payload=125.6 pred_arrival=7894.4 propagate=1770.6 | add_clause=6290.8 (lookup=374.7 fwdsub=4783.7 backsub=166.2 index=524.6) hyper=587.0 subsume=313.3 pred_local=1575.4 eq=484.6 saturate=3775.7
KM_PROF msgloop guard=1360000 contexts=1317 msgs_pending=0 saturate_calls=920 succ=78643 pred=1281356 ground_wo=0
KM_MSGPROF arrivals dup=0 empty_join=0 conclusions=1311096 conclusions_new=1303648 (99.43% new) | arena[succ]=78737 arena[root]=9477 pred_interned=60030 ctx_clause_slots=1826152
KM_MSGPROF sender ctx=2 root=false query=None pred_sent=770232 (13.3%) pool=885 preds=926 wo=38272 core=2
KM_MSGPROF sender ctx=3 root=false query=None pred_sent=600032 (10.4%) pool=700 preds=926 wo=33670 core=2
KM_MSGPROF sender ctx=4 root=false query=None pred_sent=521784 (9.0%) pool=804 preds=699 wo=37763 core=2
KM_MSGPROF sender ctx=5 root=false query=None pred_sent=461064 (8.0%) pool=716 preds=699 wo=39231 core=2
KM_MSGPROF sender ctx=6 root=false query=None pred_sent=457432 (7.9%) pool=545 preds=926 wo=28517 core=2
KM_MSGPROF sender ctx=1 root=false query=None pred_sent=457432 (7.9%) pool=545 preds=926 wo=28517 core=2
KM_MSGPROF sender ctx=18 root=false query=None pred_sent=34320 (0.6%) pool=240 preds=143 wo=587 core=3
KM_MSGPROF sender ctx=106 root=false query=None pred_sent=31065 (0.5%) pool=285 preds=109 wo=679 core=3
KM_PROF[time-ms] msgloop pred_payload=127.9 pred_arrival=8029.1 propagate=1770.6 | add_clause=6389.4 (lookup=378.3 fwdsub=4864.6 backsub=168.4 index=530.7) hyper=587.0 subsume=313.3 pred_local=1575.4 eq=484.6 saturate=3775.7
KM_PROF msgloop guard=1380000 contexts=1317 msgs_pending=0 saturate_calls=920 succ=78643 pred=1301356 ground_wo=0
KM_MSGPROF arrivals dup=0 empty_join=0 conclusions=1332184 conclusions_new=1324736 (99.44% new) | arena[succ]=78934 arena[root]=9564 pred_interned=60118 ctx_clause_slots=1847240
KM_MSGPROF sender ctx=2 root=false query=None pred_sent=770232 (13.3%) pool=885 preds=926 wo=38272 core=2
KM_MSGPROF sender ctx=3 root=false query=None pred_sent=600032 (10.4%) pool=700 preds=926 wo=33670 core=2
KM_MSGPROF sender ctx=4 root=false query=None pred_sent=521784 (9.0%) pool=804 preds=699 wo=37763 core=2
KM_MSGPROF sender ctx=5 root=false query=None pred_sent=461064 (8.0%) pool=716 preds=699 wo=39231 core=2
KM_MSGPROF sender ctx=6 root=false query=None pred_sent=457432 (7.9%) pool=545 preds=926 wo=28517 core=2
KM_MSGPROF sender ctx=1 root=false query=None pred_sent=457432 (7.9%) pool=545 preds=926 wo=28517 core=2
KM_MSGPROF sender ctx=18 root=false query=None pred_sent=34320 (0.6%) pool=240 preds=143 wo=587 core=3
KM_MSGPROF sender ctx=106 root=false query=None pred_sent=31065 (0.5%) pool=285 preds=109 wo=679 core=3
KM_PROF[time-ms] msgloop pred_payload=130.0 pred_arrival=8174.1 propagate=1770.6 | add_clause=6497.4 (lookup=382.0 fwdsub=4952.4 backsub=170.6 index=538.2) hyper=587.0 subsume=313.3 pred_local=1575.4 eq=484.6 saturate=3775.7
KM_PROF msgloop guard=1400000 contexts=1317 msgs_pending=0 saturate_calls=920 succ=78643 pred=1321356 ground_wo=0
KM_MSGPROF arrivals dup=0 empty_join=0 conclusions=1353267 conclusions_new=1345819 (99.45% new) | arena[succ]=79124 arena[root]=9652 pred_interned=60202 ctx_clause_slots=1868323
KM_MSGPROF sender ctx=2 root=false query=None pred_sent=770232 (13.3%) pool=885 preds=926 wo=38272 core=2
KM_MSGPROF sender ctx=3 root=false query=None pred_sent=600032 (10.4%) pool=700 preds=926 wo=33670 core=2
KM_MSGPROF sender ctx=4 root=false query=None pred_sent=521784 (9.0%) pool=804 preds=699 wo=37763 core=2
KM_MSGPROF sender ctx=5 root=false query=None pred_sent=461064 (8.0%) pool=716 preds=699 wo=39231 core=2
KM_MSGPROF sender ctx=6 root=false query=None pred_sent=457432 (7.9%) pool=545 preds=926 wo=28517 core=2
KM_MSGPROF sender ctx=1 root=false query=None pred_sent=457432 (7.9%) pool=545 preds=926 wo=28517 core=2
KM_MSGPROF sender ctx=18 root=false query=None pred_sent=34320 (0.6%) pool=240 preds=143 wo=587 core=3
KM_MSGPROF sender ctx=106 root=false query=None pred_sent=31065 (0.5%) pool=285 preds=109 wo=679 core=3
KM_PROF[time-ms] msgloop pred_payload=132.1 pred_arrival=8318.1 propagate=1770.6 | add_clause=6604.9 (lookup=385.6 fwdsub=5042.1 backsub=173.0 index=543.9) hyper=587.0 subsume=313.3 pred_local=1575.4 eq=484.6 saturate=3775.7
KM_PROF msgloop guard=1420000 contexts=1317 msgs_pending=0 saturate_calls=920 succ=78643 pred=1341356 ground_wo=0
KM_MSGPROF arrivals dup=0 empty_join=0 conclusions=1374358 conclusions_new=1366910 (99.46% new) | arena[succ]=79322 arena[root]=9738 pred_interned=60290 ctx_clause_slots=1889414
KM_MSGPROF sender ctx=2 root=false query=None pred_sent=770232 (13.3%) pool=885 preds=926 wo=38272 core=2
KM_MSGPROF sender ctx=3 root=false query=None pred_sent=600032 (10.4%) pool=700 preds=926 wo=33670 core=2
KM_MSGPROF sender ctx=4 root=false query=None pred_sent=521784 (9.0%) pool=804 preds=699 wo=37763 core=2
KM_MSGPROF sender ctx=5 root=false query=None pred_sent=461064 (8.0%) pool=716 preds=699 wo=39231 core=2
KM_MSGPROF sender ctx=6 root=false query=None pred_sent=457432 (7.9%) pool=545 preds=926 wo=28517 core=2
KM_MSGPROF sender ctx=1 root=false query=None pred_sent=457432 (7.9%) pool=545 preds=926 wo=28517 core=2
KM_MSGPROF sender ctx=18 root=false query=None pred_sent=34320 (0.6%) pool=240 preds=143 wo=587 core=3
KM_MSGPROF sender ctx=106 root=false query=None pred_sent=31065 (0.5%) pool=285 preds=109 wo=679 core=3
KM_PROF[time-ms] msgloop pred_payload=134.2 pred_arrival=8467.6 propagate=1770.6 | add_clause=6718.3 (lookup=389.2 fwdsub=5138.0 backsub=175.3 index=549.4) hyper=587.0 subsume=313.3 pred_local=1575.4 eq=484.6 saturate=3775.7
KM_PROF msgloop guard=1440000 contexts=1317 msgs_pending=0 saturate_calls=920 succ=78643 pred=1361356 ground_wo=0
KM_MSGPROF arrivals dup=0 empty_join=0 conclusions=1395442 conclusions_new=1387994 (99.47% new) | arena[succ]=79520 arena[root]=9825 pred_interned=60378 ctx_clause_slots=1910498
KM_MSGPROF sender ctx=2 root=false query=None pred_sent=770232 (13.3%) pool=885 preds=926 wo=38272 core=2
KM_MSGPROF sender ctx=3 root=false query=None pred_sent=600032 (10.4%) pool=700 preds=926 wo=33670 core=2
KM_MSGPROF sender ctx=4 root=false query=None pred_sent=521784 (9.0%) pool=804 preds=699 wo=37763 core=2
KM_MSGPROF sender ctx=5 root=false query=None pred_sent=461064 (8.0%) pool=716 preds=699 wo=39231 core=2
KM_MSGPROF sender ctx=6 root=false query=None pred_sent=457432 (7.9%) pool=545 preds=926 wo=28517 core=2
KM_MSGPROF sender ctx=1 root=false query=None pred_sent=457432 (7.9%) pool=545 preds=926 wo=28517 core=2
KM_MSGPROF sender ctx=18 root=false query=None pred_sent=34320 (0.6%) pool=240 preds=143 wo=587 core=3
KM_MSGPROF sender ctx=106 root=false query=None pred_sent=31065 (0.5%) pool=285 preds=109 wo=679 core=3
KM_PROF[time-ms] msgloop pred_payload=136.2 pred_arrival=8621.9 propagate=1770.6 | add_clause=6836.6 (lookup=392.8 fwdsub=5238.8 backsub=177.6 index=555.0) hyper=587.0 subsume=313.3 pred_local=1575.4 eq=484.6 saturate=3775.7
KM_PROF msgloop guard=1460000 contexts=1317 msgs_pending=0 saturate_calls=920 succ=78643 pred=1381356 ground_wo=0
KM_MSGPROF arrivals dup=0 empty_join=0 conclusions=1416531 conclusions_new=1409083 (99.47% new) | arena[succ]=79715 arena[root]=9912 pred_interned=60466 ctx_clause_slots=1931587
KM_MSGPROF sender ctx=2 root=false query=None pred_sent=770232 (13.3%) pool=885 preds=926 wo=38272 core=2
KM_MSGPROF sender ctx=3 root=false query=None pred_sent=600032 (10.4%) pool=700 preds=926 wo=33670 core=2
KM_MSGPROF sender ctx=4 root=false query=None pred_sent=521784 (9.0%) pool=804 preds=699 wo=37763 core=2
KM_MSGPROF sender ctx=5 root=false query=None pred_sent=461064 (8.0%) pool=716 preds=699 wo=39231 core=2
KM_MSGPROF sender ctx=6 root=false query=None pred_sent=457432 (7.9%) pool=545 preds=926 wo=28517 core=2
KM_MSGPROF sender ctx=1 root=false query=None pred_sent=457432 (7.9%) pool=545 preds=926 wo=28517 core=2
KM_MSGPROF sender ctx=18 root=false query=None pred_sent=34320 (0.6%) pool=240 preds=143 wo=587 core=3
KM_MSGPROF sender ctx=106 root=false query=None pred_sent=31065 (0.5%) pool=285 preds=109 wo=679 core=3
KM_PROF[time-ms] msgloop pred_payload=138.4 pred_arrival=8785.0 propagate=1770.6 | add_clause=6961.6 (lookup=396.5 fwdsub=5346.4 backsub=180.0 index=560.4) hyper=587.0 subsume=313.3 pred_local=1575.4 eq=484.6 saturate=3775.7
KM_PROF msgloop guard=1480000 contexts=1317 msgs_pending=0 saturate_calls=920 succ=81763 pred=1398236 ground_wo=0
KM_MSGPROF arrivals dup=0 empty_join=0 conclusions=1434172 conclusions_new=1426516 (99.47% new) | arena[succ]=79844 arena[root]=9972 pred_interned=60714 ctx_clause_slots=1949404
KM_MSGPROF sender ctx=2 root=false query=None pred_sent=770232 (13.3%) pool=885 preds=928 wo=38272 core=2
KM_MSGPROF sender ctx=3 root=false query=None pred_sent=600032 (10.4%) pool=700 preds=928 wo=33670 core=2
KM_MSGPROF sender ctx=4 root=false query=None pred_sent=521784 (9.0%) pool=804 preds=702 wo=37763 core=2
KM_MSGPROF sender ctx=5 root=false query=None pred_sent=461064 (8.0%) pool=716 preds=702 wo=39231 core=2
KM_MSGPROF sender ctx=6 root=false query=None pred_sent=457432 (7.9%) pool=545 preds=928 wo=28517 core=2
KM_MSGPROF sender ctx=1 root=false query=None pred_sent=457432 (7.9%) pool=545 preds=928 wo=28517 core=2
KM_MSGPROF sender ctx=18 root=false query=None pred_sent=34320 (0.6%) pool=240 preds=143 wo=587 core=3
KM_MSGPROF sender ctx=106 root=false query=None pred_sent=31065 (0.5%) pool=285 preds=109 wo=679 core=3
KM_PROF[time-ms] msgloop pred_payload=140.0 pred_arrival=8924.7 propagate=1770.6 | add_clause=7069.7 (lookup=400.4 fwdsub=5437.4 backsub=182.8 index=566.1) hyper=587.0 subsume=313.3 pred_local=1575.4 eq=484.6 saturate=3775.7
KM_PROF msgloop guard=1500000 contexts=1317 msgs_pending=0 saturate_calls=920 succ=81763 pred=1418236 ground_wo=0
KM_MSGPROF arrivals dup=0 empty_join=0 conclusions=1454172 conclusions_new=1446516 (99.47% new) | arena[succ]=79844 arena[root]=9972 pred_interned=60714 ctx_clause_slots=1969404
KM_MSGPROF sender ctx=2 root=false query=None pred_sent=770232 (13.3%) pool=885 preds=928 wo=38272 core=2
KM_MSGPROF sender ctx=3 root=false query=None pred_sent=600032 (10.4%) pool=700 preds=928 wo=33670 core=2
KM_MSGPROF sender ctx=4 root=false query=None pred_sent=521784 (9.0%) pool=804 preds=702 wo=37763 core=2
KM_MSGPROF sender ctx=5 root=false query=None pred_sent=461064 (8.0%) pool=716 preds=702 wo=39231 core=2
KM_MSGPROF sender ctx=6 root=false query=None pred_sent=457432 (7.9%) pool=545 preds=928 wo=28517 core=2
KM_MSGPROF sender ctx=1 root=false query=None pred_sent=457432 (7.9%) pool=545 preds=928 wo=28517 core=2
KM_MSGPROF sender ctx=18 root=false query=None pred_sent=34320 (0.6%) pool=240 preds=143 wo=587 core=3
KM_MSGPROF sender ctx=106 root=false query=None pred_sent=31065 (0.5%) pool=285 preds=109 wo=679 core=3
KM_PROF[time-ms] msgloop pred_payload=141.5 pred_arrival=8985.5 propagate=1770.6 | add_clause=7095.9 (lookup=403.8 fwdsub=5446.2 backsub=184.9 index=572.8) hyper=587.0 subsume=313.3 pred_local=1575.4 eq=484.6 saturate=3775.7
KM_PROF msgloop guard=1520000 contexts=1317 msgs_pending=0 saturate_calls=920 succ=81763 pred=1438236 ground_wo=0
KM_MSGPROF arrivals dup=0 empty_join=0 conclusions=1474172 conclusions_new=1464764 (99.36% new) | arena[succ]=79844 arena[root]=9972 pred_interned=60714 ctx_clause_slots=1987652
KM_MSGPROF sender ctx=2 root=false query=None pred_sent=770232 (13.3%) pool=885 preds=928 wo=38272 core=2
KM_MSGPROF sender ctx=3 root=false query=None pred_sent=600032 (10.4%) pool=700 preds=928 wo=33670 core=2
KM_MSGPROF sender ctx=4 root=false query=None pred_sent=521784 (9.0%) pool=804 preds=702 wo=37763 core=2
KM_MSGPROF sender ctx=5 root=false query=None pred_sent=461064 (8.0%) pool=716 preds=702 wo=39231 core=2
KM_MSGPROF sender ctx=6 root=false query=None pred_sent=457432 (7.9%) pool=545 preds=928 wo=28517 core=2
KM_MSGPROF sender ctx=1 root=false query=None pred_sent=457432 (7.9%) pool=545 preds=928 wo=28517 core=2
KM_MSGPROF sender ctx=18 root=false query=None pred_sent=34320 (0.6%) pool=240 preds=143 wo=587 core=3
KM_MSGPROF sender ctx=106 root=false query=None pred_sent=31065 (0.5%) pool=285 preds=109 wo=679 core=3
KM_PROF[time-ms] msgloop pred_payload=142.9 pred_arrival=9041.4 propagate=1770.6 | add_clause=7120.5 (lookup=406.9 fwdsub=5456.0 backsub=186.7 index=577.5) hyper=587.0 subsume=313.3 pred_local=1575.4 eq=484.6 saturate=3775.7
KM_PROF msgloop guard=1540000 contexts=1317 msgs_pending=0 saturate_calls=920 succ=81763 pred=1458236 ground_wo=0
KM_MSGPROF arrivals dup=0 empty_join=0 conclusions=1494172 conclusions_new=1484764 (99.37% new) | arena[succ]=79844 arena[root]=9972 pred_interned=60714 ctx_clause_slots=2007652
KM_MSGPROF sender ctx=2 root=false query=None pred_sent=770232 (13.3%) pool=885 preds=928 wo=38272 core=2
KM_MSGPROF sender ctx=3 root=false query=None pred_sent=600032 (10.4%) pool=700 preds=928 wo=33670 core=2
KM_MSGPROF sender ctx=4 root=false query=None pred_sent=521784 (9.0%) pool=804 preds=702 wo=37763 core=2
KM_MSGPROF sender ctx=5 root=false query=None pred_sent=461064 (8.0%) pool=716 preds=702 wo=39231 core=2
KM_MSGPROF sender ctx=6 root=false query=None pred_sent=457432 (7.9%) pool=545 preds=928 wo=28517 core=2
KM_MSGPROF sender ctx=1 root=false query=None pred_sent=457432 (7.9%) pool=545 preds=928 wo=28517 core=2
KM_MSGPROF sender ctx=18 root=false query=None pred_sent=34320 (0.6%) pool=240 preds=143 wo=587 core=3
KM_MSGPROF sender ctx=106 root=false query=None pred_sent=31065 (0.5%) pool=285 preds=109 wo=679 core=3
KM_PROF[time-ms] msgloop pred_payload=144.3 pred_arrival=9103.1 propagate=1770.6 | add_clause=7150.8 (lookup=410.0 fwdsub=5470.6 backsub=188.9 index=582.3) hyper=587.0 subsume=313.3 pred_local=1575.4 eq=484.6 saturate=3775.7
KM_PROF msgloop guard=1560000 contexts=1317 msgs_pending=0 saturate_calls=920 succ=81763 pred=1478236 ground_wo=0
KM_MSGPROF arrivals dup=0 empty_join=0 conclusions=1514172 conclusions_new=1504764 (99.38% new) | arena[succ]=79844 arena[root]=9972 pred_interned=60714 ctx_clause_slots=2027652
KM_MSGPROF sender ctx=2 root=false query=None pred_sent=770232 (13.3%) pool=885 preds=928 wo=38272 core=2
KM_MSGPROF sender ctx=3 root=false query=None pred_sent=600032 (10.4%) pool=700 preds=928 wo=33670 core=2
KM_MSGPROF sender ctx=4 root=false query=None pred_sent=521784 (9.0%) pool=804 preds=702 wo=37763 core=2
KM_MSGPROF sender ctx=5 root=false query=None pred_sent=461064 (8.0%) pool=716 preds=702 wo=39231 core=2
KM_MSGPROF sender ctx=6 root=false query=None pred_sent=457432 (7.9%) pool=545 preds=928 wo=28517 core=2
KM_MSGPROF sender ctx=1 root=false query=None pred_sent=457432 (7.9%) pool=545 preds=928 wo=28517 core=2
KM_MSGPROF sender ctx=18 root=false query=None pred_sent=34320 (0.6%) pool=240 preds=143 wo=587 core=3
KM_MSGPROF sender ctx=106 root=false query=None pred_sent=31065 (0.5%) pool=285 preds=109 wo=679 core=3
KM_PROF[time-ms] msgloop pred_payload=145.6 pred_arrival=9167.9 propagate=1770.6 | add_clause=7184.7 (lookup=413.1 fwdsub=5489.2 backsub=190.8 index=587.5) hyper=587.0 subsume=313.3 pred_local=1575.4 eq=484.6 saturate=3775.7
KM_PROF msgloop guard=1580000 contexts=1317 msgs_pending=0 saturate_calls=920 succ=81763 pred=1498236 ground_wo=0
KM_MSGPROF arrivals dup=0 empty_join=0 conclusions=1534172 conclusions_new=1524764 (99.39% new) | arena[succ]=79844 arena[root]=9972 pred_interned=60714 ctx_clause_slots=2047652
KM_MSGPROF sender ctx=2 root=false query=None pred_sent=770232 (13.3%) pool=885 preds=928 wo=38272 core=2
KM_MSGPROF sender ctx=3 root=false query=None pred_sent=600032 (10.4%) pool=700 preds=928 wo=33670 core=2
KM_MSGPROF sender ctx=4 root=false query=None pred_sent=521784 (9.0%) pool=804 preds=702 wo=37763 core=2
KM_MSGPROF sender ctx=5 root=false query=None pred_sent=461064 (8.0%) pool=716 preds=702 wo=39231 core=2
KM_MSGPROF sender ctx=6 root=false query=None pred_sent=457432 (7.9%) pool=545 preds=928 wo=28517 core=2
KM_MSGPROF sender ctx=1 root=false query=None pred_sent=457432 (7.9%) pool=545 preds=928 wo=28517 core=2
KM_MSGPROF sender ctx=18 root=false query=None pred_sent=34320 (0.6%) pool=240 preds=143 wo=587 core=3
KM_MSGPROF sender ctx=106 root=false query=None pred_sent=31065 (0.5%) pool=285 preds=109 wo=679 core=3
KM_PROF[time-ms] msgloop pred_payload=147.1 pred_arrival=9236.6 propagate=1770.6 | add_clause=7222.4 (lookup=416.2 fwdsub=5511.5 backsub=192.8 index=592.6) hyper=587.0 subsume=313.3 pred_local=1575.4 eq=484.6 saturate=3775.7
KM_PROF msgloop guard=1600000 contexts=1317 msgs_pending=0 saturate_calls=920 succ=81763 pred=1518236 ground_wo=0
KM_MSGPROF arrivals dup=0 empty_join=0 conclusions=1554172 conclusions_new=1544764 (99.39% new) | arena[succ]=79844 arena[root]=9972 pred_interned=60714 ctx_clause_slots=2067652
KM_MSGPROF sender ctx=2 root=false query=None pred_sent=770232 (13.3%) pool=885 preds=928 wo=38272 core=2
KM_MSGPROF sender ctx=3 root=false query=None pred_sent=600032 (10.4%) pool=700 preds=928 wo=33670 core=2
KM_MSGPROF sender ctx=4 root=false query=None pred_sent=521784 (9.0%) pool=804 preds=702 wo=37763 core=2
KM_MSGPROF sender ctx=5 root=false query=None pred_sent=461064 (8.0%) pool=716 preds=702 wo=39231 core=2
KM_MSGPROF sender ctx=6 root=false query=None pred_sent=457432 (7.9%) pool=545 preds=928 wo=28517 core=2
KM_MSGPROF sender ctx=1 root=false query=None pred_sent=457432 (7.9%) pool=545 preds=928 wo=28517 core=2
KM_MSGPROF sender ctx=18 root=false query=None pred_sent=34320 (0.6%) pool=240 preds=143 wo=587 core=3
KM_MSGPROF sender ctx=106 root=false query=None pred_sent=31065 (0.5%) pool=285 preds=109 wo=679 core=3
KM_PROF[time-ms] msgloop pred_payload=148.5 pred_arrival=9310.2 propagate=1770.6 | add_clause=7264.4 (lookup=419.3 fwdsub=5538.0 backsub=194.8 index=597.7) hyper=587.0 subsume=313.3 pred_local=1575.4 eq=484.6 saturate=3775.7
KM_PROF msgloop guard=1620000 contexts=1317 msgs_pending=0 saturate_calls=920 succ=81763 pred=1538236 ground_wo=0
KM_MSGPROF arrivals dup=0 empty_join=0 conclusions=1574172 conclusions_new=1564764 (99.40% new) | arena[succ]=79844 arena[root]=9972 pred_interned=60714 ctx_clause_slots=2087652
KM_MSGPROF sender ctx=2 root=false query=None pred_sent=770232 (13.3%) pool=885 preds=928 wo=38272 core=2
KM_MSGPROF sender ctx=3 root=false query=None pred_sent=600032 (10.4%) pool=700 preds=928 wo=33670 core=2
KM_MSGPROF sender ctx=4 root=false query=None pred_sent=521784 (9.0%) pool=804 preds=702 wo=37763 core=2
KM_MSGPROF sender ctx=5 root=false query=None pred_sent=461064 (8.0%) pool=716 preds=702 wo=39231 core=2
KM_MSGPROF sender ctx=6 root=false query=None pred_sent=457432 (7.9%) pool=545 preds=928 wo=28517 core=2
KM_MSGPROF sender ctx=1 root=false query=None pred_sent=457432 (7.9%) pool=545 preds=928 wo=28517 core=2
KM_MSGPROF sender ctx=18 root=false query=None pred_sent=34320 (0.6%) pool=240 preds=143 wo=587 core=3
KM_MSGPROF sender ctx=106 root=false query=None pred_sent=31065 (0.5%) pool=285 preds=109 wo=679 core=3
KM_PROF[time-ms] msgloop pred_payload=149.9 pred_arrival=9387.7 propagate=1770.6 | add_clause=7310.8 (lookup=422.5 fwdsub=5569.0 backsub=196.7 index=602.8) hyper=587.0 subsume=313.3 pred_local=1575.4 eq=484.6 saturate=3775.7
KM_PROF msgloop guard=1640000 contexts=1317 msgs_pending=0 saturate_calls=920 succ=81763 pred=1558236 ground_wo=0
KM_MSGPROF arrivals dup=0 empty_join=0 conclusions=1594172 conclusions_new=1584764 (99.41% new) | arena[succ]=79844 arena[root]=9972 pred_interned=60714 ctx_clause_slots=2107652
KM_MSGPROF sender ctx=2 root=false query=None pred_sent=770232 (13.3%) pool=885 preds=928 wo=38272 core=2
KM_MSGPROF sender ctx=3 root=false query=None pred_sent=600032 (10.4%) pool=700 preds=928 wo=33670 core=2
KM_MSGPROF sender ctx=4 root=false query=None pred_sent=521784 (9.0%) pool=804 preds=702 wo=37763 core=2
KM_MSGPROF sender ctx=5 root=false query=None pred_sent=461064 (8.0%) pool=716 preds=702 wo=39231 core=2
KM_MSGPROF sender ctx=6 root=false query=None pred_sent=457432 (7.9%) pool=545 preds=928 wo=28517 core=2
KM_MSGPROF sender ctx=1 root=false query=None pred_sent=457432 (7.9%) pool=545 preds=928 wo=28517 core=2
KM_MSGPROF sender ctx=18 root=false query=None pred_sent=34320 (0.6%) pool=240 preds=143 wo=587 core=3
KM_MSGPROF sender ctx=106 root=false query=None pred_sent=31065 (0.5%) pool=285 preds=109 wo=679 core=3
KM_PROF[time-ms] msgloop pred_payload=151.4 pred_arrival=9470.4 propagate=1770.6 | add_clause=7362.0 (lookup=425.6 fwdsub=5604.5 backsub=198.7 index=608.0) hyper=587.0 subsume=313.3 pred_local=1575.4 eq=484.6 saturate=3775.7
KM_PROF msgloop guard=1660000 contexts=1317 msgs_pending=0 saturate_calls=920 succ=81763 pred=1578236 ground_wo=0
KM_MSGPROF arrivals dup=0 empty_join=0 conclusions=1614172 conclusions_new=1604764 (99.42% new) | arena[succ]=79844 arena[root]=9972 pred_interned=60714 ctx_clause_slots=2127652
KM_MSGPROF sender ctx=2 root=false query=None pred_sent=770232 (13.3%) pool=885 preds=928 wo=38272 core=2
KM_MSGPROF sender ctx=3 root=false query=None pred_sent=600032 (10.4%) pool=700 preds=928 wo=33670 core=2
KM_MSGPROF sender ctx=4 root=false query=None pred_sent=521784 (9.0%) pool=804 preds=702 wo=37763 core=2
KM_MSGPROF sender ctx=5 root=false query=None pred_sent=461064 (8.0%) pool=716 preds=702 wo=39231 core=2
KM_MSGPROF sender ctx=6 root=false query=None pred_sent=457432 (7.9%) pool=545 preds=928 wo=28517 core=2
KM_MSGPROF sender ctx=1 root=false query=None pred_sent=457432 (7.9%) pool=545 preds=928 wo=28517 core=2
KM_MSGPROF sender ctx=18 root=false query=None pred_sent=34320 (0.6%) pool=240 preds=143 wo=587 core=3
KM_MSGPROF sender ctx=106 root=false query=None pred_sent=31065 (0.5%) pool=285 preds=109 wo=679 core=3
KM_PROF[time-ms] msgloop pred_payload=152.9 pred_arrival=9558.7 propagate=1770.6 | add_clause=7418.5 (lookup=428.8 fwdsub=5645.1 backsub=200.7 index=613.6) hyper=587.0 subsume=313.3 pred_local=1575.4 eq=484.6 saturate=3775.7
KM_PROF msgloop guard=1680000 contexts=1317 msgs_pending=0 saturate_calls=920 succ=81763 pred=1598236 ground_wo=0
KM_MSGPROF arrivals dup=0 empty_join=0 conclusions=1634172 conclusions_new=1624764 (99.42% new) | arena[succ]=79844 arena[root]=9972 pred_interned=60714 ctx_clause_slots=2147652
KM_MSGPROF sender ctx=2 root=false query=None pred_sent=770232 (13.3%) pool=885 preds=928 wo=38272 core=2
KM_MSGPROF sender ctx=3 root=false query=None pred_sent=600032 (10.4%) pool=700 preds=928 wo=33670 core=2
KM_MSGPROF sender ctx=4 root=false query=None pred_sent=521784 (9.0%) pool=804 preds=702 wo=37763 core=2
KM_MSGPROF sender ctx=5 root=false query=None pred_sent=461064 (8.0%) pool=716 preds=702 wo=39231 core=2
KM_MSGPROF sender ctx=6 root=false query=None pred_sent=457432 (7.9%) pool=545 preds=928 wo=28517 core=2
KM_MSGPROF sender ctx=1 root=false query=None pred_sent=457432 (7.9%) pool=545 preds=928 wo=28517 core=2
KM_MSGPROF sender ctx=18 root=false query=None pred_sent=34320 (0.6%) pool=240 preds=143 wo=587 core=3
KM_MSGPROF sender ctx=106 root=false query=None pred_sent=31065 (0.5%) pool=285 preds=109 wo=679 core=3
KM_PROF[time-ms] msgloop pred_payload=154.4 pred_arrival=9652.5 propagate=1770.6 | add_clause=7480.0 (lookup=432.0 fwdsub=5690.4 backsub=202.7 index=619.0) hyper=587.0 subsume=313.3 pred_local=1575.4 eq=484.6 saturate=3775.7
KM_PROF msgloop guard=1700000 contexts=1317 msgs_pending=0 saturate_calls=920 succ=81763 pred=1618236 ground_wo=0
KM_MSGPROF arrivals dup=0 empty_join=0 conclusions=1654172 conclusions_new=1644764 (99.43% new) | arena[succ]=79844 arena[root]=9972 pred_interned=60714 ctx_clause_slots=2167652
KM_MSGPROF sender ctx=2 root=false query=None pred_sent=770232 (13.3%) pool=885 preds=928 wo=38272 core=2
KM_MSGPROF sender ctx=3 root=false query=None pred_sent=600032 (10.4%) pool=700 preds=928 wo=33670 core=2
KM_MSGPROF sender ctx=4 root=false query=None pred_sent=521784 (9.0%) pool=804 preds=702 wo=37763 core=2
KM_MSGPROF sender ctx=5 root=false query=None pred_sent=461064 (8.0%) pool=716 preds=702 wo=39231 core=2
KM_MSGPROF sender ctx=6 root=false query=None pred_sent=457432 (7.9%) pool=545 preds=928 wo=28517 core=2
KM_MSGPROF sender ctx=1 root=false query=None pred_sent=457432 (7.9%) pool=545 preds=928 wo=28517 core=2
KM_MSGPROF sender ctx=18 root=false query=None pred_sent=34320 (0.6%) pool=240 preds=143 wo=587 core=3
KM_MSGPROF sender ctx=106 root=false query=None pred_sent=31065 (0.5%) pool=285 preds=109 wo=679 core=3
KM_PROF[time-ms] msgloop pred_payload=156.0 pred_arrival=9767.5 propagate=1770.6 | add_clause=7562.2 (lookup=435.2 fwdsub=5741.5 backsub=205.0 index=638.7) hyper=587.0 subsume=313.3 pred_local=1575.4 eq=484.6 saturate=3775.7
KM_PROF msgloop guard=1720000 contexts=1317 msgs_pending=0 saturate_calls=920 succ=81763 pred=1638236 ground_wo=0
KM_MSGPROF arrivals dup=0 empty_join=0 conclusions=1674172 conclusions_new=1664764 (99.44% new) | arena[succ]=79844 arena[root]=9972 pred_interned=60714 ctx_clause_slots=2187652
KM_MSGPROF sender ctx=2 root=false query=None pred_sent=770232 (13.3%) pool=885 preds=928 wo=38272 core=2
KM_MSGPROF sender ctx=3 root=false query=None pred_sent=600032 (10.4%) pool=700 preds=928 wo=33670 core=2
KM_MSGPROF sender ctx=4 root=false query=None pred_sent=521784 (9.0%) pool=804 preds=702 wo=37763 core=2
KM_MSGPROF sender ctx=5 root=false query=None pred_sent=461064 (8.0%) pool=716 preds=702 wo=39231 core=2
KM_MSGPROF sender ctx=6 root=false query=None pred_sent=457432 (7.9%) pool=545 preds=928 wo=28517 core=2
KM_MSGPROF sender ctx=1 root=false query=None pred_sent=457432 (7.9%) pool=545 preds=928 wo=28517 core=2
KM_MSGPROF sender ctx=18 root=false query=None pred_sent=34320 (0.6%) pool=240 preds=143 wo=587 core=3
KM_MSGPROF sender ctx=106 root=false query=None pred_sent=31065 (0.5%) pool=285 preds=109 wo=679 core=3
KM_PROF[time-ms] msgloop pred_payload=157.6 pred_arrival=9909.9 propagate=1770.6 | add_clause=7669.3 (lookup=456.8 fwdsub=5799.1 backsub=207.0 index=658.2) hyper=587.0 subsume=313.3 pred_local=1575.4 eq=484.6 saturate=3775.7
KM_PROF msgloop guard=1740000 contexts=1317 msgs_pending=0 saturate_calls=920 succ=81763 pred=1658236 ground_wo=0
KM_MSGPROF arrivals dup=0 empty_join=0 conclusions=1694172 conclusions_new=1684764 (99.44% new) | arena[succ]=79844 arena[root]=9972 pred_interned=60714 ctx_clause_slots=2207652
KM_MSGPROF sender ctx=2 root=false query=None pred_sent=770232 (13.3%) pool=885 preds=928 wo=38272 core=2
KM_MSGPROF sender ctx=3 root=false query=None pred_sent=600032 (10.4%) pool=700 preds=928 wo=33670 core=2
KM_MSGPROF sender ctx=4 root=false query=None pred_sent=521784 (9.0%) pool=804 preds=702 wo=37763 core=2
KM_MSGPROF sender ctx=5 root=false query=None pred_sent=461064 (8.0%) pool=716 preds=702 wo=39231 core=2
KM_MSGPROF sender ctx=6 root=false query=None pred_sent=457432 (7.9%) pool=545 preds=928 wo=28517 core=2
KM_MSGPROF sender ctx=1 root=false query=None pred_sent=457432 (7.9%) pool=545 preds=928 wo=28517 core=2
KM_MSGPROF sender ctx=18 root=false query=None pred_sent=34320 (0.6%) pool=240 preds=143 wo=587 core=3
KM_MSGPROF sender ctx=106 root=false query=None pred_sent=31065 (0.5%) pool=285 preds=109 wo=679 core=3
KM_PROF[time-ms] msgloop pred_payload=159.2 pred_arrival=10077.7 propagate=1770.6 | add_clause=7801.4 (lookup=460.2 fwdsub=5864.6 backsub=209.3 index=712.3) hyper=587.0 subsume=313.3 pred_local=1575.4 eq=484.6 saturate=3775.7
KM_PROF msgloop guard=1760000 contexts=1317 msgs_pending=0 saturate_calls=920 succ=81763 pred=1678236 ground_wo=0
KM_MSGPROF arrivals dup=0 empty_join=0 conclusions=1714550 conclusions_new=1705142 (99.45% new) | arena[succ]=79916 arena[root]=10003 pred_interned=60746 ctx_clause_slots=2228030
KM_MSGPROF sender ctx=2 root=false query=None pred_sent=770232 (13.3%) pool=885 preds=928 wo=38272 core=2
KM_MSGPROF sender ctx=3 root=false query=None pred_sent=600032 (10.4%) pool=700 preds=928 wo=33670 core=2
KM_MSGPROF sender ctx=4 root=false query=None pred_sent=521784 (9.0%) pool=804 preds=702 wo=37763 core=2
KM_MSGPROF sender ctx=5 root=false query=None pred_sent=461064 (8.0%) pool=716 preds=702 wo=39231 core=2
KM_MSGPROF sender ctx=6 root=false query=None pred_sent=457432 (7.9%) pool=545 preds=928 wo=28517 core=2
KM_MSGPROF sender ctx=1 root=false query=None pred_sent=457432 (7.9%) pool=545 preds=928 wo=28517 core=2
KM_MSGPROF sender ctx=18 root=false query=None pred_sent=34320 (0.6%) pool=240 preds=143 wo=587 core=3
KM_MSGPROF sender ctx=106 root=false query=None pred_sent=31065 (0.5%) pool=285 preds=109 wo=679 core=3
KM_PROF[time-ms] msgloop pred_payload=160.8 pred_arrival=10205.5 propagate=1770.6 | add_clause=7894.4 (lookup=463.5 fwdsub=5931.3 backsub=211.5 index=726.5) hyper=587.0 subsume=313.3 pred_local=1575.4 eq=484.6 saturate=3775.7
KM_PROF msgloop guard=1780000 contexts=1317 msgs_pending=0 saturate_calls=920 succ=81763 pred=1698236 ground_wo=0
KM_MSGPROF arrivals dup=0 empty_join=0 conclusions=1735637 conclusions_new=1726229 (99.46% new) | arena[succ]=80114 arena[root]=10090 pred_interned=60834 ctx_clause_slots=2249117
KM_MSGPROF sender ctx=2 root=false query=None pred_sent=770232 (13.3%) pool=885 preds=928 wo=38272 core=2
KM_MSGPROF sender ctx=3 root=false query=None pred_sent=600032 (10.4%) pool=700 preds=928 wo=33670 core=2
KM_MSGPROF sender ctx=4 root=false query=None pred_sent=521784 (9.0%) pool=804 preds=702 wo=37763 core=2
KM_MSGPROF sender ctx=5 root=false query=None pred_sent=461064 (8.0%) pool=716 preds=702 wo=39231 core=2
KM_MSGPROF sender ctx=6 root=false query=None pred_sent=457432 (7.9%) pool=545 preds=928 wo=28517 core=2
KM_MSGPROF sender ctx=1 root=false query=None pred_sent=457432 (7.9%) pool=545 preds=928 wo=28517 core=2
KM_MSGPROF sender ctx=18 root=false query=None pred_sent=34320 (0.6%) pool=240 preds=143 wo=587 core=3
KM_MSGPROF sender ctx=106 root=false query=None pred_sent=31065 (0.5%) pool=285 preds=109 wo=679 core=3
KM_PROF[time-ms] msgloop pred_payload=162.9 pred_arrival=10339.9 propagate=1770.6 | add_clause=7992.9 (lookup=467.0 fwdsub=6002.3 backsub=213.8 index=741.8) hyper=587.0 subsume=313.3 pred_local=1575.4 eq=484.6 saturate=3775.7
KM_PROF msgloop guard=1800000 contexts=1317 msgs_pending=0 saturate_calls=920 succ=81763 pred=1718236 ground_wo=0
KM_MSGPROF arrivals dup=0 empty_join=0 conclusions=1756730 conclusions_new=1747322 (99.46% new) | arena[succ]=80312 arena[root]=10176 pred_interned=60922 ctx_clause_slots=2270210
KM_MSGPROF sender ctx=2 root=false query=None pred_sent=770232 (13.3%) pool=885 preds=928 wo=38272 core=2
KM_MSGPROF sender ctx=3 root=false query=None pred_sent=600032 (10.4%) pool=700 preds=928 wo=33670 core=2
KM_MSGPROF sender ctx=4 root=false query=None pred_sent=521784 (9.0%) pool=804 preds=702 wo=37763 core=2
KM_MSGPROF sender ctx=5 root=false query=None pred_sent=461064 (8.0%) pool=716 preds=702 wo=39231 core=2
KM_MSGPROF sender ctx=6 root=false query=None pred_sent=457432 (7.9%) pool=545 preds=928 wo=28517 core=2
KM_MSGPROF sender ctx=1 root=false query=None pred_sent=457432 (7.9%) pool=545 preds=928 wo=28517 core=2
KM_MSGPROF sender ctx=18 root=false query=None pred_sent=34320 (0.6%) pool=240 preds=143 wo=587 core=3
KM_MSGPROF sender ctx=106 root=false query=None pred_sent=31065 (0.5%) pool=285 preds=109 wo=679 core=3
KM_PROF[time-ms] msgloop pred_payload=165.0 pred_arrival=10487.2 propagate=1770.6 | add_clause=8104.0 (lookup=470.5 fwdsub=6079.2 backsub=216.2 index=763.4) hyper=587.0 subsume=313.3 pred_local=1575.4 eq=484.6 saturate=3775.7
KM_PROF msgloop guard=1820000 contexts=1317 msgs_pending=0 saturate_calls=920 succ=81763 pred=1738236 ground_wo=0
KM_MSGPROF arrivals dup=0 empty_join=0 conclusions=1777815 conclusions_new=1768407 (99.47% new) | arena[succ]=80501 arena[root]=10264 pred_interned=61006 ctx_clause_slots=2291295
KM_MSGPROF sender ctx=2 root=false query=None pred_sent=770232 (13.3%) pool=885 preds=928 wo=38272 core=2
KM_MSGPROF sender ctx=3 root=false query=None pred_sent=600032 (10.4%) pool=700 preds=928 wo=33670 core=2
KM_MSGPROF sender ctx=4 root=false query=None pred_sent=521784 (9.0%) pool=804 preds=702 wo=37763 core=2
KM_MSGPROF sender ctx=5 root=false query=None pred_sent=461064 (8.0%) pool=716 preds=702 wo=39231 core=2
KM_MSGPROF sender ctx=6 root=false query=None pred_sent=457432 (7.9%) pool=545 preds=928 wo=28517 core=2
KM_MSGPROF sender ctx=1 root=false query=None pred_sent=457432 (7.9%) pool=545 preds=928 wo=28517 core=2
KM_MSGPROF sender ctx=18 root=false query=None pred_sent=34320 (0.6%) pool=240 preds=143 wo=587 core=3
KM_MSGPROF sender ctx=106 root=false query=None pred_sent=31065 (0.5%) pool=285 preds=109 wo=679 core=3
KM_PROF[time-ms] msgloop pred_payload=167.6 pred_arrival=10631.3 propagate=1770.6 | add_clause=8211.6 (lookup=474.1 fwdsub=6161.5 backsub=218.4 index=776.6) hyper=587.0 subsume=313.3 pred_local=1575.4 eq=484.6 saturate=3775.7
KM_PROF msgloop guard=1840000 contexts=1317 msgs_pending=0 saturate_calls=920 succ=81763 pred=1758236 ground_wo=0
KM_MSGPROF arrivals dup=0 empty_join=0 conclusions=1798899 conclusions_new=1789491 (99.48% new) | arena[succ]=80699 arena[root]=10351 pred_interned=61094 ctx_clause_slots=2312379
KM_MSGPROF sender ctx=2 root=false query=None pred_sent=770232 (13.3%) pool=885 preds=928 wo=38272 core=2
KM_MSGPROF sender ctx=3 root=false query=None pred_sent=600032 (10.4%) pool=700 preds=928 wo=33670 core=2
KM_MSGPROF sender ctx=4 root=false query=None pred_sent=521784 (9.0%) pool=804 preds=702 wo=37763 core=2
KM_MSGPROF sender ctx=5 root=false query=None pred_sent=461064 (8.0%) pool=716 preds=702 wo=39231 core=2
KM_MSGPROF sender ctx=6 root=false query=None pred_sent=457432 (7.9%) pool=545 preds=928 wo=28517 core=2
KM_MSGPROF sender ctx=1 root=false query=None pred_sent=457432 (7.9%) pool=545 preds=928 wo=28517 core=2
KM_MSGPROF sender ctx=18 root=false query=None pred_sent=34320 (0.6%) pool=240 preds=143 wo=587 core=3
KM_MSGPROF sender ctx=106 root=false query=None pred_sent=31065 (0.5%) pool=285 preds=109 wo=679 core=3
KM_PROF[time-ms] msgloop pred_payload=169.7 pred_arrival=10783.7 propagate=1770.6 | add_clause=8328.3 (lookup=477.7 fwdsub=6247.4 backsub=220.8 index=794.9) hyper=587.0 subsume=313.3 pred_local=1575.4 eq=484.6 saturate=3775.7
KM_PROF msgloop guard=1860000 contexts=1317 msgs_pending=0 saturate_calls=920 succ=81763 pred=1778236 ground_wo=0
KM_MSGPROF arrivals dup=0 empty_join=0 conclusions=1819987 conclusions_new=1810579 (99.48% new) | arena[succ]=80897 arena[root]=10437 pred_interned=61182 ctx_clause_slots=2333467
KM_MSGPROF sender ctx=2 root=false query=None pred_sent=770232 (13.3%) pool=885 preds=928 wo=38272 core=2
KM_MSGPROF sender ctx=3 root=false query=None pred_sent=600032 (10.4%) pool=700 preds=928 wo=33670 core=2
KM_MSGPROF sender ctx=4 root=false query=None pred_sent=521784 (9.0%) pool=804 preds=702 wo=37763 core=2
KM_MSGPROF sender ctx=5 root=false query=None pred_sent=461064 (8.0%) pool=716 preds=702 wo=39231 core=2
KM_MSGPROF sender ctx=6 root=false query=None pred_sent=457432 (7.9%) pool=545 preds=928 wo=28517 core=2
KM_MSGPROF sender ctx=1 root=false query=None pred_sent=457432 (7.9%) pool=545 preds=928 wo=28517 core=2
KM_MSGPROF sender ctx=18 root=false query=None pred_sent=34320 (0.6%) pool=240 preds=143 wo=587 core=3
KM_MSGPROF sender ctx=106 root=false query=None pred_sent=31065 (0.5%) pool=285 preds=109 wo=679 core=3
KM_PROF[time-ms] msgloop pred_payload=172.2 pred_arrival=10933.9 propagate=1770.6 | add_clause=8442.2 (lookup=481.3 fwdsub=6341.0 backsub=223.0 index=802.9) hyper=587.0 subsume=313.3 pred_local=1575.4 eq=484.6 saturate=3775.7
KM_PROF msgloop guard=1880000 contexts=1317 msgs_pending=0 saturate_calls=920 succ=81763 pred=1798236 ground_wo=0
KM_MSGPROF arrivals dup=0 empty_join=0 conclusions=1841079 conclusions_new=1831671 (99.49% new) | arena[succ]=81095 arena[root]=10524 pred_interned=61270 ctx_clause_slots=2354559
KM_MSGPROF sender ctx=2 root=false query=None pred_sent=770232 (13.3%) pool=885 preds=928 wo=38272 core=2
KM_MSGPROF sender ctx=3 root=false query=None pred_sent=600032 (10.4%) pool=700 preds=928 wo=33670 core=2
KM_MSGPROF sender ctx=4 root=false query=None pred_sent=521784 (9.0%) pool=804 preds=702 wo=37763 core=2
KM_MSGPROF sender ctx=5 root=false query=None pred_sent=461064 (8.0%) pool=716 preds=702 wo=39231 core=2
KM_MSGPROF sender ctx=6 root=false query=None pred_sent=457432 (7.9%) pool=545 preds=928 wo=28517 core=2
KM_MSGPROF sender ctx=1 root=false query=None pred_sent=457432 (7.9%) pool=545 preds=928 wo=28517 core=2
KM_MSGPROF sender ctx=18 root=false query=None pred_sent=34320 (0.6%) pool=240 preds=143 wo=587 core=3
KM_MSGPROF sender ctx=106 root=false query=None pred_sent=31065 (0.5%) pool=285 preds=109 wo=679 core=3
KM_PROF[time-ms] msgloop pred_payload=174.4 pred_arrival=11118.6 propagate=1770.6 | add_clause=8559.5 (lookup=484.9 fwdsub=6439.6 backsub=225.3 index=809.2) hyper=587.0 subsume=313.3 pred_local=1575.4 eq=484.6 saturate=3775.7
KM_PROF msgloop guard=1900000 contexts=1317 msgs_pending=0 saturate_calls=920 succ=81763 pred=1818236 ground_wo=0
KM_MSGPROF arrivals dup=0 empty_join=0 conclusions=1862160 conclusions_new=1852752 (99.49% new) | arena[succ]=81284 arena[root]=10612 pred_interned=61354 ctx_clause_slots=2375640
KM_MSGPROF sender ctx=2 root=false query=None pred_sent=770232 (13.3%) pool=885 preds=928 wo=38272 core=2
KM_MSGPROF sender ctx=3 root=false query=None pred_sent=600032 (10.4%) pool=700 preds=928 wo=33670 core=2
KM_MSGPROF sender ctx=4 root=false query=None pred_sent=521784 (9.0%) pool=804 preds=702 wo=37763 core=2
KM_MSGPROF sender ctx=5 root=false query=None pred_sent=461064 (8.0%) pool=716 preds=702 wo=39231 core=2
KM_MSGPROF sender ctx=6 root=false query=None pred_sent=457432 (7.9%) pool=545 preds=928 wo=28517 core=2
KM_MSGPROF sender ctx=1 root=false query=None pred_sent=457432 (7.9%) pool=545 preds=928 wo=28517 core=2
KM_MSGPROF sender ctx=18 root=false query=None pred_sent=34320 (0.6%) pool=240 preds=143 wo=587 core=3
KM_MSGPROF sender ctx=106 root=false query=None pred_sent=31065 (0.5%) pool=285 preds=109 wo=679 core=3
KM_PROF[time-ms] msgloop pred_payload=177.0 pred_arrival=11274.9 propagate=1770.6 | add_clause=8680.8 (lookup=488.5 fwdsub=6542.4 backsub=227.5 index=815.3) hyper=587.0 subsume=313.3 pred_local=1575.4 eq=484.6 saturate=3775.7
KM_PROF msgloop guard=1920000 contexts=1317 msgs_pending=0 saturate_calls=920 succ=81763 pred=1838236 ground_wo=0
KM_MSGPROF arrivals dup=0 empty_join=0 conclusions=1883244 conclusions_new=1873836 (99.50% new) | arena[succ]=81482 arena[root]=10699 pred_interned=61442 ctx_clause_slots=2396724
KM_MSGPROF sender ctx=2 root=false query=None pred_sent=770232 (13.3%) pool=885 preds=928 wo=38272 core=2
KM_MSGPROF sender ctx=3 root=false query=None pred_sent=600032 (10.4%) pool=700 preds=928 wo=33670 core=2
KM_MSGPROF sender ctx=4 root=false query=None pred_sent=521784 (9.0%) pool=804 preds=702 wo=37763 core=2
KM_MSGPROF sender ctx=5 root=false query=None pred_sent=461064 (8.0%) pool=716 preds=702 wo=39231 core=2
KM_MSGPROF sender ctx=6 root=false query=None pred_sent=457432 (7.9%) pool=545 preds=928 wo=28517 core=2
KM_MSGPROF sender ctx=1 root=false query=None pred_sent=457432 (7.9%) pool=545 preds=928 wo=28517 core=2
KM_MSGPROF sender ctx=18 root=false query=None pred_sent=34320 (0.6%) pool=240 preds=143 wo=587 core=3
KM_MSGPROF sender ctx=106 root=false query=None pred_sent=31065 (0.5%) pool=285 preds=109 wo=679 core=3
KM_PROF[time-ms] msgloop pred_payload=179.3 pred_arrival=11437.6 propagate=1770.6 | add_clause=8808.0 (lookup=492.2 fwdsub=6651.5 backsub=229.6 index=821.5) hyper=587.0 subsume=313.3 pred_local=1575.4 eq=484.6 saturate=3775.7
KM_PROF msgloop guard=1940000 contexts=1317 msgs_pending=0 saturate_calls=920 succ=81763 pred=1858236 ground_wo=0
KM_MSGPROF arrivals dup=0 empty_join=0 conclusions=1904333 conclusions_new=1894925 (99.51% new) | arena[succ]=81680 arena[root]=10785 pred_interned=61530 ctx_clause_slots=2417813
KM_MSGPROF sender ctx=2 root=false query=None pred_sent=770232 (13.3%) pool=885 preds=928 wo=38272 core=2
KM_MSGPROF sender ctx=3 root=false query=None pred_sent=600032 (10.4%) pool=700 preds=928 wo=33670 core=2
KM_MSGPROF sender ctx=4 root=false query=None pred_sent=521784 (9.0%) pool=804 preds=702 wo=37763 core=2
KM_MSGPROF sender ctx=5 root=false query=None pred_sent=461064 (8.0%) pool=716 preds=702 wo=39231 core=2
KM_MSGPROF sender ctx=6 root=false query=None pred_sent=457432 (7.9%) pool=545 preds=928 wo=28517 core=2
KM_MSGPROF sender ctx=1 root=false query=None pred_sent=457432 (7.9%) pool=545 preds=928 wo=28517 core=2
KM_MSGPROF sender ctx=18 root=false query=None pred_sent=34320 (0.6%) pool=240 preds=143 wo=587 core=3
KM_MSGPROF sender ctx=106 root=false query=None pred_sent=31065 (0.5%) pool=285 preds=109 wo=679 core=3
KM_PROF[time-ms] msgloop pred_payload=181.4 pred_arrival=11609.5 propagate=1770.6 | add_clause=8941.0 (lookup=495.9 fwdsub=6765.7 backsub=231.8 index=827.9) hyper=587.0 subsume=313.3 pred_local=1575.4 eq=484.6 saturate=3775.7
KM_PROF msgloop guard=1960000 contexts=1317 msgs_pending=0 saturate_calls=920 succ=81763 pred=1878236 ground_wo=0
KM_MSGPROF arrivals dup=0 empty_join=0 conclusions=1925427 conclusions_new=1916019 (99.51% new) | arena[succ]=81878 arena[root]=10872 pred_interned=61618 ctx_clause_slots=2438907
KM_MSGPROF sender ctx=2 root=false query=None pred_sent=770232 (13.3%) pool=885 preds=928 wo=38272 core=2
KM_MSGPROF sender ctx=3 root=false query=None pred_sent=600032 (10.4%) pool=700 preds=928 wo=33670 core=2
KM_MSGPROF sender ctx=4 root=false query=None pred_sent=521784 (9.0%) pool=804 preds=702 wo=37763 core=2
KM_MSGPROF sender ctx=5 root=false query=None pred_sent=461064 (8.0%) pool=716 preds=702 wo=39231 core=2
KM_MSGPROF sender ctx=6 root=false query=None pred_sent=457432 (7.9%) pool=545 preds=928 wo=28517 core=2
KM_MSGPROF sender ctx=1 root=false query=None pred_sent=457432 (7.9%) pool=545 preds=928 wo=28517 core=2
KM_MSGPROF sender ctx=18 root=false query=None pred_sent=34320 (0.6%) pool=240 preds=143 wo=587 core=3
KM_MSGPROF sender ctx=106 root=false query=None pred_sent=31065 (0.5%) pool=285 preds=109 wo=679 core=3
KM_PROF[time-ms] msgloop pred_payload=183.8 pred_arrival=11784.5 propagate=1770.6 | add_clause=9079.3 (lookup=499.6 fwdsub=6885.7 backsub=234.1 index=833.8) hyper=587.0 subsume=313.3 pred_local=1575.4 eq=484.6 saturate=3775.7
KM_PROF msgloop guard=1980000 contexts=1317 msgs_pending=0 saturate_calls=920 succ=81763 pred=1898236 ground_wo=0
KM_MSGPROF arrivals dup=0 empty_join=0 conclusions=1946506 conclusions_new=1937098 (99.52% new) | arena[succ]=82067 arena[root]=10960 pred_interned=61702 ctx_clause_slots=2459986
KM_MSGPROF sender ctx=2 root=false query=None pred_sent=770232 (13.3%) pool=885 preds=928 wo=38272 core=2
KM_MSGPROF sender ctx=3 root=false query=None pred_sent=600032 (10.4%) pool=700 preds=928 wo=33670 core=2
KM_MSGPROF sender ctx=4 root=false query=None pred_sent=521784 (9.0%) pool=804 preds=702 wo=37763 core=2
KM_MSGPROF sender ctx=5 root=false query=None pred_sent=461064 (8.0%) pool=716 preds=702 wo=39231 core=2
KM_MSGPROF sender ctx=6 root=false query=None pred_sent=457432 (7.9%) pool=545 preds=928 wo=28517 core=2
KM_MSGPROF sender ctx=1 root=false query=None pred_sent=457432 (7.9%) pool=545 preds=928 wo=28517 core=2
KM_MSGPROF sender ctx=18 root=false query=None pred_sent=34320 (0.6%) pool=240 preds=143 wo=587 core=3
KM_MSGPROF sender ctx=106 root=false query=None pred_sent=31065 (0.5%) pool=285 preds=109 wo=679 core=3
KM_PROF[time-ms] msgloop pred_payload=186.3 pred_arrival=11970.9 propagate=1770.6 | add_clause=9227.4 (lookup=503.5 fwdsub=7014.4 backsub=236.5 index=840.0) hyper=587.0 subsume=313.3 pred_local=1575.4 eq=484.6 saturate=3775.7
KM_PROF msgloop guard=2000000 contexts=1317 msgs_pending=0 saturate_calls=920 succ=81763 pred=1918236 ground_wo=0
KM_MSGPROF arrivals dup=0 empty_join=0 conclusions=1967594 conclusions_new=1958186 (99.52% new) | arena[succ]=82265 arena[root]=11047 pred_interned=61790 ctx_clause_slots=2481074
KM_MSGPROF sender ctx=2 root=false query=None pred_sent=770232 (13.3%) pool=885 preds=928 wo=38272 core=2
KM_MSGPROF sender ctx=3 root=false query=None pred_sent=600032 (10.4%) pool=700 preds=928 wo=33670 core=2
KM_MSGPROF sender ctx=4 root=false query=None pred_sent=521784 (9.0%) pool=804 preds=702 wo=37763 core=2
KM_MSGPROF sender ctx=5 root=false query=None pred_sent=461064 (8.0%) pool=716 preds=702 wo=39231 core=2
KM_MSGPROF sender ctx=6 root=false query=None pred_sent=457432 (7.9%) pool=545 preds=928 wo=28517 core=2
KM_MSGPROF sender ctx=1 root=false query=None pred_sent=457432 (7.9%) pool=545 preds=928 wo=28517 core=2
KM_MSGPROF sender ctx=18 root=false query=None pred_sent=34320 (0.6%) pool=240 preds=143 wo=587 core=3
KM_MSGPROF sender ctx=106 root=false query=None pred_sent=31065 (0.5%) pool=285 preds=109 wo=679 core=3
KM_PROF[time-ms] msgloop pred_payload=188.6 pred_arrival=12159.7 propagate=1770.6 | add_clause=9379.1 (lookup=507.2 fwdsub=7147.3 backsub=238.6 index=846.5) hyper=587.0 subsume=313.3 pred_local=1575.4 eq=484.6 saturate=3775.7
KM_PROF msgloop guard=2020000 contexts=1317 msgs_pending=0 saturate_calls=920 succ=81763 pred=1938236 ground_wo=0
KM_MSGPROF arrivals dup=0 empty_join=0 conclusions=1988682 conclusions_new=1979274 (99.53% new) | arena[succ]=82463 arena[root]=11132 pred_interned=61878 ctx_clause_slots=2502162
KM_MSGPROF sender ctx=2 root=false query=None pred_sent=770232 (13.3%) pool=885 preds=928 wo=38272 core=2
KM_MSGPROF sender ctx=3 root=false query=None pred_sent=600032 (10.4%) pool=700 preds=928 wo=33670 core=2
KM_MSGPROF sender ctx=4 root=false query=None pred_sent=521784 (9.0%) pool=804 preds=702 wo=37763 core=2
KM_MSGPROF sender ctx=5 root=false query=None pred_sent=461064 (8.0%) pool=716 preds=702 wo=39231 core=2
KM_MSGPROF sender ctx=6 root=false query=None pred_sent=457432 (7.9%) pool=545 preds=928 wo=28517 core=2
KM_MSGPROF sender ctx=1 root=false query=None pred_sent=457432 (7.9%) pool=545 preds=928 wo=28517 core=2
KM_MSGPROF sender ctx=18 root=false query=None pred_sent=34320 (0.6%) pool=240 preds=143 wo=587 core=3
KM_MSGPROF sender ctx=106 root=false query=None pred_sent=31065 (0.5%) pool=285 preds=109 wo=679 core=3
KM_PROF[time-ms] msgloop pred_payload=190.9 pred_arrival=12351.8 propagate=1770.6 | add_clause=9534.2 (lookup=511.0 fwdsub=7284.0 backsub=240.9 index=852.4) hyper=587.0 subsume=313.3 pred_local=1575.4 eq=484.6 saturate=3775.7
KM_PROF msgloop guard=2040000 contexts=1317 msgs_pending=0 saturate_calls=920 succ=81763 pred=1958236 ground_wo=0
KM_MSGPROF arrivals dup=0 empty_join=0 conclusions=2009775 conclusions_new=2000367 (99.53% new) | arena[succ]=82659 arena[root]=11220 pred_interned=61966 ctx_clause_slots=2523255
KM_MSGPROF sender ctx=2 root=false query=None pred_sent=770232 (13.3%) pool=885 preds=928 wo=38272 core=2
KM_MSGPROF sender ctx=3 root=false query=None pred_sent=600032 (10.4%) pool=700 preds=928 wo=33670 core=2
KM_MSGPROF sender ctx=4 root=false query=None pred_sent=521784 (9.0%) pool=804 preds=702 wo=37763 core=2
KM_MSGPROF sender ctx=5 root=false query=None pred_sent=461064 (8.0%) pool=716 preds=702 wo=39231 core=2
KM_MSGPROF sender ctx=6 root=false query=None pred_sent=457432 (7.9%) pool=545 preds=928 wo=28517 core=2
KM_MSGPROF sender ctx=1 root=false query=None pred_sent=457432 (7.9%) pool=545 preds=928 wo=28517 core=2
KM_MSGPROF sender ctx=18 root=false query=None pred_sent=34320 (0.6%) pool=240 preds=143 wo=587 core=3
KM_MSGPROF sender ctx=106 root=false query=None pred_sent=31065 (0.5%) pool=285 preds=109 wo=679 core=3
KM_PROF[time-ms] msgloop pred_payload=192.9 pred_arrival=12551.0 propagate=1770.6 | add_clause=9696.1 (lookup=514.9 fwdsub=7427.5 backsub=243.2 index=858.2) hyper=587.0 subsume=313.3 pred_local=1575.4 eq=484.6 saturate=3775.7
KM_PROF msgloop guard=2060000 contexts=1317 msgs_pending=0 saturate_calls=920 succ=81763 pred=1978236 ground_wo=0
KM_MSGPROF arrivals dup=0 empty_join=0 conclusions=2030854 conclusions_new=2021446 (99.54% new) | arena[succ]=82850 arena[root]=11307 pred_interned=62050 ctx_clause_slots=2544334
KM_MSGPROF sender ctx=2 root=false query=None pred_sent=770232 (13.3%) pool=885 preds=928 wo=38272 core=2
KM_MSGPROF sender ctx=3 root=false query=None pred_sent=600032 (10.4%) pool=700 preds=928 wo=33670 core=2
KM_MSGPROF sender ctx=4 root=false query=None pred_sent=521784 (9.0%) pool=804 preds=702 wo=37763 core=2
KM_MSGPROF sender ctx=5 root=false query=None pred_sent=461064 (8.0%) pool=716 preds=702 wo=39231 core=2
KM_MSGPROF sender ctx=6 root=false query=None pred_sent=457432 (7.9%) pool=545 preds=928 wo=28517 core=2
KM_MSGPROF sender ctx=1 root=false query=None pred_sent=457432 (7.9%) pool=545 preds=928 wo=28517 core=2
KM_MSGPROF sender ctx=18 root=false query=None pred_sent=34320 (0.6%) pool=240 preds=143 wo=587 core=3
KM_MSGPROF sender ctx=106 root=false query=None pred_sent=31065 (0.5%) pool=285 preds=109 wo=679 core=3
KM_PROF[time-ms] msgloop pred_payload=195.1 pred_arrival=12771.2 propagate=1770.6 | add_clause=9877.3 (lookup=519.0 fwdsub=7589.4 backsub=245.8 index=864.6) hyper=587.0 subsume=313.3 pred_local=1575.4 eq=484.6 saturate=3775.7
KM_PROF msgloop guard=2080000 contexts=1317 msgs_pending=0 saturate_calls=920 succ=85183 pred=1994816 ground_wo=0
KM_MSGPROF arrivals dup=0 empty_join=0 conclusions=2047618 conclusions_new=2038002 (99.53% new) | arena[succ]=82877 arena[root]=11320 pred_interned=62254 ctx_clause_slots=2561546
KM_MSGPROF sender ctx=2 root=false query=None pred_sent=770232 (13.3%) pool=885 preds=930 wo=38272 core=2
KM_MSGPROF sender ctx=3 root=false query=None pred_sent=600032 (10.4%) pool=700 preds=930 wo=33670 core=2
KM_MSGPROF sender ctx=4 root=false query=None pred_sent=521784 (9.0%) pool=804 preds=705 wo=37763 core=2
KM_MSGPROF sender ctx=5 root=false query=None pred_sent=461064 (8.0%) pool=716 preds=705 wo=39231 core=2
KM_MSGPROF sender ctx=6 root=false query=None pred_sent=457432 (7.9%) pool=545 preds=930 wo=28517 core=2
KM_MSGPROF sender ctx=1 root=false query=None pred_sent=457432 (7.9%) pool=545 preds=930 wo=28517 core=2
KM_MSGPROF sender ctx=18 root=false query=None pred_sent=34320 (0.6%) pool=240 preds=143 wo=587 core=3
KM_MSGPROF sender ctx=106 root=false query=None pred_sent=31065 (0.5%) pool=285 preds=109 wo=679 core=3
KM_PROF[time-ms] msgloop pred_payload=196.5 pred_arrival=12855.8 propagate=1770.6 | add_clause=9931.8 (lookup=522.7 fwdsub=7626.1 backsub=248.4 index=871.1) hyper=587.0 subsume=313.3 pred_local=1575.4 eq=484.6 saturate=3775.7
KM_PROF msgloop guard=2100000 contexts=1317 msgs_pending=0 saturate_calls=920 succ=85183 pred=2014816 ground_wo=0
KM_MSGPROF arrivals dup=0 empty_join=0 conclusions=2067618 conclusions_new=2056688 (99.47% new) | arena[succ]=82877 arena[root]=11320 pred_interned=62254 ctx_clause_slots=2580232
KM_MSGPROF sender ctx=2 root=false query=None pred_sent=770232 (13.3%) pool=885 preds=930 wo=38272 core=2
KM_MSGPROF sender ctx=3 root=false query=None pred_sent=600032 (10.4%) pool=700 preds=930 wo=33670 core=2
KM_MSGPROF sender ctx=4 root=false query=None pred_sent=521784 (9.0%) pool=804 preds=705 wo=37763 core=2
KM_MSGPROF sender ctx=5 root=false query=None pred_sent=461064 (8.0%) pool=716 preds=705 wo=39231 core=2
KM_MSGPROF sender ctx=6 root=false query=None pred_sent=457432 (7.9%) pool=545 preds=930 wo=28517 core=2
KM_MSGPROF sender ctx=1 root=false query=None pred_sent=457432 (7.9%) pool=545 preds=930 wo=28517 core=2
KM_MSGPROF sender ctx=18 root=false query=None pred_sent=34320 (0.6%) pool=240 preds=143 wo=587 core=3
KM_MSGPROF sender ctx=106 root=false query=None pred_sent=31065 (0.5%) pool=285 preds=109 wo=679 core=3
KM_PROF[time-ms] msgloop pred_payload=197.9 pred_arrival=12912.7 propagate=1770.6 | add_clause=9956.6 (lookup=525.7 fwdsub=7635.1 backsub=250.3 index=876.3) hyper=587.0 subsume=313.3 pred_local=1575.4 eq=484.6 saturate=3775.7
KM_PROF msgloop guard=2120000 contexts=1317 msgs_pending=0 saturate_calls=920 succ=85183 pred=2034816 ground_wo=0
KM_MSGPROF arrivals dup=0 empty_join=0 conclusions=2087618 conclusions_new=2076688 (99.48% new) | arena[succ]=82877 arena[root]=11320 pred_interned=62254 ctx_clause_slots=2600232
KM_MSGPROF sender ctx=2 root=false query=None pred_sent=770232 (13.3%) pool=885 preds=930 wo=38272 core=2
KM_MSGPROF sender ctx=3 root=false query=None pred_sent=600032 (10.4%) pool=700 preds=930 wo=33670 core=2
KM_MSGPROF sender ctx=4 root=false query=None pred_sent=521784 (9.0%) pool=804 preds=705 wo=37763 core=2
KM_MSGPROF sender ctx=5 root=false query=None pred_sent=461064 (8.0%) pool=716 preds=705 wo=39231 core=2
KM_MSGPROF sender ctx=6 root=false query=None pred_sent=457432 (7.9%) pool=545 preds=930 wo=28517 core=2
KM_MSGPROF sender ctx=1 root=false query=None pred_sent=457432 (7.9%) pool=545 preds=930 wo=28517 core=2
KM_MSGPROF sender ctx=18 root=false query=None pred_sent=34320 (0.6%) pool=240 preds=143 wo=587 core=3
KM_MSGPROF sender ctx=106 root=false query=None pred_sent=31065 (0.5%) pool=285 preds=109 wo=679 core=3
KM_PROF[time-ms] msgloop pred_payload=199.2 pred_arrival=12983.9 propagate=1770.6 | add_clause=9991.3 (lookup=528.8 fwdsub=7649.0 backsub=252.3 index=881.7) hyper=587.0 subsume=313.3 pred_local=1575.4 eq=484.6 saturate=3775.7
KM_PROF msgloop guard=2140000 contexts=1317 msgs_pending=0 saturate_calls=920 succ=85183 pred=2054816 ground_wo=0
KM_MSGPROF arrivals dup=0 empty_join=0 conclusions=2107618 conclusions_new=2096688 (99.48% new) | arena[succ]=82877 arena[root]=11320 pred_interned=62254 ctx_clause_slots=2620232
KM_MSGPROF sender ctx=2 root=false query=None pred_sent=770232 (13.3%) pool=885 preds=930 wo=38272 core=2
KM_MSGPROF sender ctx=3 root=false query=None pred_sent=600032 (10.4%) pool=700 preds=930 wo=33670 core=2
KM_MSGPROF sender ctx=4 root=false query=None pred_sent=521784 (9.0%) pool=804 preds=705 wo=37763 core=2
KM_MSGPROF sender ctx=5 root=false query=None pred_sent=461064 (8.0%) pool=716 preds=705 wo=39231 core=2
KM_MSGPROF sender ctx=6 root=false query=None pred_sent=457432 (7.9%) pool=545 preds=930 wo=28517 core=2
KM_MSGPROF sender ctx=1 root=false query=None pred_sent=457432 (7.9%) pool=545 preds=930 wo=28517 core=2
KM_MSGPROF sender ctx=18 root=false query=None pred_sent=34320 (0.6%) pool=240 preds=143 wo=587 core=3
KM_MSGPROF sender ctx=106 root=false query=None pred_sent=31065 (0.5%) pool=285 preds=109 wo=679 core=3
KM_PROF[time-ms] msgloop pred_payload=200.6 pred_arrival=13051.4 propagate=1770.6 | add_clause=10026.2 (lookup=531.8 fwdsub=7667.1 backsub=254.3 index=887.4) hyper=587.0 subsume=313.3 pred_local=1575.4 eq=484.6 saturate=3775.7
KM_PROF msgloop guard=2160000 contexts=1317 msgs_pending=0 saturate_calls=920 succ=85183 pred=2074816 ground_wo=0
KM_MSGPROF arrivals dup=0 empty_join=0 conclusions=2127618 conclusions_new=2116688 (99.49% new) | arena[succ]=82877 arena[root]=11320 pred_interned=62254 ctx_clause_slots=2640232
KM_MSGPROF sender ctx=2 root=false query=None pred_sent=770232 (13.3%) pool=885 preds=930 wo=38272 core=2
KM_MSGPROF sender ctx=3 root=false query=None pred_sent=600032 (10.4%) pool=700 preds=930 wo=33670 core=2
KM_MSGPROF sender ctx=4 root=false query=None pred_sent=521784 (9.0%) pool=804 preds=705 wo=37763 core=2
KM_MSGPROF sender ctx=5 root=false query=None pred_sent=461064 (8.0%) pool=716 preds=705 wo=39231 core=2
KM_MSGPROF sender ctx=6 root=false query=None pred_sent=457432 (7.9%) pool=545 preds=930 wo=28517 core=2
KM_MSGPROF sender ctx=1 root=false query=None pred_sent=457432 (7.9%) pool=545 preds=930 wo=28517 core=2
KM_MSGPROF sender ctx=18 root=false query=None pred_sent=34320 (0.6%) pool=240 preds=143 wo=587 core=3
KM_MSGPROF sender ctx=106 root=false query=None pred_sent=31065 (0.5%) pool=285 preds=109 wo=679 core=3
KM_PROF[time-ms] msgloop pred_payload=202.0 pred_arrival=13122.5 propagate=1770.6 | add_clause=10064.5 (lookup=534.9 fwdsub=7688.9 backsub=256.2 index=892.9) hyper=587.0 subsume=313.3 pred_local=1575.4 eq=484.6 saturate=3775.7
KM_PROF msgloop guard=2180000 contexts=1317 msgs_pending=0 saturate_calls=920 succ=85183 pred=2094816 ground_wo=0
KM_MSGPROF arrivals dup=0 empty_join=0 conclusions=2147618 conclusions_new=2136688 (99.49% new) | arena[succ]=82877 arena[root]=11320 pred_interned=62254 ctx_clause_slots=2660232
KM_MSGPROF sender ctx=2 root=false query=None pred_sent=770232 (13.3%) pool=885 preds=930 wo=38272 core=2
KM_MSGPROF sender ctx=3 root=false query=None pred_sent=600032 (10.4%) pool=700 preds=930 wo=33670 core=2
KM_MSGPROF sender ctx=4 root=false query=None pred_sent=521784 (9.0%) pool=804 preds=705 wo=37763 core=2
KM_MSGPROF sender ctx=5 root=false query=None pred_sent=461064 (8.0%) pool=716 preds=705 wo=39231 core=2
KM_MSGPROF sender ctx=6 root=false query=None pred_sent=457432 (7.9%) pool=545 preds=930 wo=28517 core=2
KM_MSGPROF sender ctx=1 root=false query=None pred_sent=457432 (7.9%) pool=545 preds=930 wo=28517 core=2
KM_MSGPROF sender ctx=18 root=false query=None pred_sent=34320 (0.6%) pool=240 preds=143 wo=587 core=3
KM_MSGPROF sender ctx=106 root=false query=None pred_sent=31065 (0.5%) pool=285 preds=109 wo=679 core=3
KM_PROF[time-ms] msgloop pred_payload=203.3 pred_arrival=13196.7 propagate=1770.6 | add_clause=10106.5 (lookup=538.0 fwdsub=7714.6 backsub=258.1 index=898.8) hyper=587.0 subsume=313.3 pred_local=1575.4 eq=484.6 saturate=3775.7
KM_PROF msgloop guard=2200000 contexts=1317 msgs_pending=0 saturate_calls=920 succ=85183 pred=2114816 ground_wo=0
KM_MSGPROF arrivals dup=0 empty_join=0 conclusions=2167618 conclusions_new=2156688 (99.50% new) | arena[succ]=82877 arena[root]=11320 pred_interned=62254 ctx_clause_slots=2680232
KM_MSGPROF sender ctx=2 root=false query=None pred_sent=770232 (13.3%) pool=885 preds=930 wo=38272 core=2
KM_MSGPROF sender ctx=3 root=false query=None pred_sent=600032 (10.4%) pool=700 preds=930 wo=33670 core=2
KM_MSGPROF sender ctx=4 root=false query=None pred_sent=521784 (9.0%) pool=804 preds=705 wo=37763 core=2
KM_MSGPROF sender ctx=5 root=false query=None pred_sent=461064 (8.0%) pool=716 preds=705 wo=39231 core=2
KM_MSGPROF sender ctx=6 root=false query=None pred_sent=457432 (7.9%) pool=545 preds=930 wo=28517 core=2
KM_MSGPROF sender ctx=1 root=false query=None pred_sent=457432 (7.9%) pool=545 preds=930 wo=28517 core=2
KM_MSGPROF sender ctx=18 root=false query=None pred_sent=34320 (0.6%) pool=240 preds=143 wo=587 core=3
KM_MSGPROF sender ctx=106 root=false query=None pred_sent=31065 (0.5%) pool=285 preds=109 wo=679 core=3
KM_PROF[time-ms] msgloop pred_payload=204.8 pred_arrival=13277.5 propagate=1770.6 | add_clause=10154.0 (lookup=541.2 fwdsub=7745.6 backsub=259.9 index=904.7) hyper=587.0 subsume=313.3 pred_local=1575.4 eq=484.6 saturate=3775.7
KM_PROF msgloop guard=2220000 contexts=1317 msgs_pending=0 saturate_calls=920 succ=85183 pred=2134816 ground_wo=0
KM_MSGPROF arrivals dup=0 empty_join=0 conclusions=2187618 conclusions_new=2176688 (99.50% new) | arena[succ]=82877 arena[root]=11320 pred_interned=62254 ctx_clause_slots=2700232
KM_MSGPROF sender ctx=2 root=false query=None pred_sent=770232 (13.3%) pool=885 preds=930 wo=38272 core=2
KM_MSGPROF sender ctx=3 root=false query=None pred_sent=600032 (10.4%) pool=700 preds=930 wo=33670 core=2
KM_MSGPROF sender ctx=4 root=false query=None pred_sent=521784 (9.0%) pool=804 preds=705 wo=37763 core=2
KM_MSGPROF sender ctx=5 root=false query=None pred_sent=461064 (8.0%) pool=716 preds=705 wo=39231 core=2
KM_MSGPROF sender ctx=6 root=false query=None pred_sent=457432 (7.9%) pool=545 preds=930 wo=28517 core=2
KM_MSGPROF sender ctx=1 root=false query=None pred_sent=457432 (7.9%) pool=545 preds=930 wo=28517 core=2
KM_MSGPROF sender ctx=18 root=false query=None pred_sent=34320 (0.6%) pool=240 preds=143 wo=587 core=3
KM_MSGPROF sender ctx=106 root=false query=None pred_sent=31065 (0.5%) pool=285 preds=109 wo=679 core=3
KM_PROF[time-ms] msgloop pred_payload=206.2 pred_arrival=13360.4 propagate=1770.6 | add_clause=10204.2 (lookup=544.3 fwdsub=7779.4 backsub=261.9 index=910.1) hyper=587.0 subsume=313.3 pred_local=1575.4 eq=484.6 saturate=3775.7
KM_PROF msgloop guard=2240000 contexts=1317 msgs_pending=0 saturate_calls=920 succ=85183 pred=2154816 ground_wo=0
KM_MSGPROF arrivals dup=0 empty_join=0 conclusions=2207618 conclusions_new=2196688 (99.50% new) | arena[succ]=82877 arena[root]=11320 pred_interned=62254 ctx_clause_slots=2720232
KM_MSGPROF sender ctx=2 root=false query=None pred_sent=770232 (13.3%) pool=885 preds=930 wo=38272 core=2
KM_MSGPROF sender ctx=3 root=false query=None pred_sent=600032 (10.4%) pool=700 preds=930 wo=33670 core=2
KM_MSGPROF sender ctx=4 root=false query=None pred_sent=521784 (9.0%) pool=804 preds=705 wo=37763 core=2
KM_MSGPROF sender ctx=5 root=false query=None pred_sent=461064 (8.0%) pool=716 preds=705 wo=39231 core=2
KM_MSGPROF sender ctx=6 root=false query=None pred_sent=457432 (7.9%) pool=545 preds=930 wo=28517 core=2
KM_MSGPROF sender ctx=1 root=false query=None pred_sent=457432 (7.9%) pool=545 preds=930 wo=28517 core=2
KM_MSGPROF sender ctx=18 root=false query=None pred_sent=34320 (0.6%) pool=240 preds=143 wo=587 core=3
KM_MSGPROF sender ctx=106 root=false query=None pred_sent=31065 (0.5%) pool=285 preds=109 wo=679 core=3
KM_PROF[time-ms] msgloop pred_payload=207.7 pred_arrival=13448.6 propagate=1770.6 | add_clause=10259.0 (lookup=547.5 fwdsub=7817.9 backsub=263.9 index=915.7) hyper=587.0 subsume=313.3 pred_local=1575.4 eq=484.6 saturate=3775.7
KM_PROF msgloop guard=2260000 contexts=1317 msgs_pending=0 saturate_calls=920 succ=85183 pred=2174816 ground_wo=0
KM_MSGPROF arrivals dup=0 empty_join=0 conclusions=2227618 conclusions_new=2216688 (99.51% new) | arena[succ]=82877 arena[root]=11320 pred_interned=62254 ctx_clause_slots=2740232
KM_MSGPROF sender ctx=2 root=false query=None pred_sent=770232 (13.3%) pool=885 preds=930 wo=38272 core=2
KM_MSGPROF sender ctx=3 root=false query=None pred_sent=600032 (10.4%) pool=700 preds=930 wo=33670 core=2
KM_MSGPROF sender ctx=4 root=false query=None pred_sent=521784 (9.0%) pool=804 preds=705 wo=37763 core=2
KM_MSGPROF sender ctx=5 root=false query=None pred_sent=461064 (8.0%) pool=716 preds=705 wo=39231 core=2
KM_MSGPROF sender ctx=6 root=false query=None pred_sent=457432 (7.9%) pool=545 preds=930 wo=28517 core=2
KM_MSGPROF sender ctx=1 root=false query=None pred_sent=457432 (7.9%) pool=545 preds=930 wo=28517 core=2
KM_MSGPROF sender ctx=18 root=false query=None pred_sent=34320 (0.6%) pool=240 preds=143 wo=587 core=3
KM_MSGPROF sender ctx=106 root=false query=None pred_sent=31065 (0.5%) pool=285 preds=109 wo=679 core=3
KM_PROF[time-ms] msgloop pred_payload=209.2 pred_arrival=13541.0 propagate=1770.6 | add_clause=10318.7 (lookup=550.6 fwdsub=7861.1 backsub=265.9 index=921.1) hyper=587.0 subsume=313.3 pred_local=1575.4 eq=484.6 saturate=3775.7
KM_PROF msgloop guard=2280000 contexts=1317 msgs_pending=0 saturate_calls=920 succ=85183 pred=2194816 ground_wo=0
KM_MSGPROF arrivals dup=0 empty_join=0 conclusions=2247618 conclusions_new=2236688 (99.51% new) | arena[succ]=82877 arena[root]=11320 pred_interned=62254 ctx_clause_slots=2760232
KM_MSGPROF sender ctx=2 root=false query=None pred_sent=770232 (13.3%) pool=885 preds=930 wo=38272 core=2
KM_MSGPROF sender ctx=3 root=false query=None pred_sent=600032 (10.4%) pool=700 preds=930 wo=33670 core=2
KM_MSGPROF sender ctx=4 root=false query=None pred_sent=521784 (9.0%) pool=804 preds=705 wo=37763 core=2
KM_MSGPROF sender ctx=5 root=false query=None pred_sent=461064 (8.0%) pool=716 preds=705 wo=39231 core=2
KM_MSGPROF sender ctx=6 root=false query=None pred_sent=457432 (7.9%) pool=545 preds=930 wo=28517 core=2
KM_MSGPROF sender ctx=1 root=false query=None pred_sent=457432 (7.9%) pool=545 preds=930 wo=28517 core=2
KM_MSGPROF sender ctx=18 root=false query=None pred_sent=34320 (0.6%) pool=240 preds=143 wo=587 core=3
KM_MSGPROF sender ctx=106 root=false query=None pred_sent=31065 (0.5%) pool=285 preds=109 wo=679 core=3
KM_PROF[time-ms] msgloop pred_payload=210.8 pred_arrival=13638.1 propagate=1770.6 | add_clause=10383.0 (lookup=553.8 fwdsub=7908.9 backsub=267.9 index=926.5) hyper=587.0 subsume=313.3 pred_local=1575.4 eq=484.6 saturate=3775.7
KM_PROF msgloop guard=2300000 contexts=1317 msgs_pending=0 saturate_calls=920 succ=85183 pred=2214816 ground_wo=0
KM_MSGPROF arrivals dup=0 empty_join=0 conclusions=2267618 conclusions_new=2256688 (99.52% new) | arena[succ]=82877 arena[root]=11320 pred_interned=62254 ctx_clause_slots=2780232
KM_MSGPROF sender ctx=2 root=false query=None pred_sent=770232 (13.3%) pool=885 preds=930 wo=38272 core=2
KM_MSGPROF sender ctx=3 root=false query=None pred_sent=600032 (10.4%) pool=700 preds=930 wo=33670 core=2
KM_MSGPROF sender ctx=4 root=false query=None pred_sent=521784 (9.0%) pool=804 preds=705 wo=37763 core=2
KM_MSGPROF sender ctx=5 root=false query=None pred_sent=461064 (8.0%) pool=716 preds=705 wo=39231 core=2
KM_MSGPROF sender ctx=6 root=false query=None pred_sent=457432 (7.9%) pool=545 preds=930 wo=28517 core=2
KM_MSGPROF sender ctx=1 root=false query=None pred_sent=457432 (7.9%) pool=545 preds=930 wo=28517 core=2
KM_MSGPROF sender ctx=18 root=false query=None pred_sent=34320 (0.6%) pool=240 preds=143 wo=587 core=3
KM_MSGPROF sender ctx=106 root=false query=None pred_sent=31065 (0.5%) pool=285 preds=109 wo=679 core=3
KM_PROF[time-ms] msgloop pred_payload=212.3 pred_arrival=13740.3 propagate=1770.6 | add_clause=10452.2 (lookup=556.9 fwdsub=7961.4 backsub=269.9 index=932.5) hyper=587.0 subsume=313.3 pred_local=1575.4 eq=484.6 saturate=3775.7
KM_PROF msgloop guard=2320000 contexts=1317 msgs_pending=0 saturate_calls=920 succ=85183 pred=2234816 ground_wo=0
KM_MSGPROF arrivals dup=0 empty_join=0 conclusions=2288412 conclusions_new=2277482 (99.52% new) | arena[succ]=83039 arena[root]=11399 pred_interned=62335 ctx_clause_slots=2801026
KM_MSGPROF sender ctx=2 root=false query=None pred_sent=770232 (13.3%) pool=885 preds=930 wo=38272 core=2
KM_MSGPROF sender ctx=3 root=false query=None pred_sent=600032 (10.4%) pool=700 preds=930 wo=33670 core=2
KM_MSGPROF sender ctx=4 root=false query=None pred_sent=521784 (9.0%) pool=804 preds=705 wo=37763 core=2
KM_MSGPROF sender ctx=5 root=false query=None pred_sent=461064 (8.0%) pool=716 preds=705 wo=39231 core=2
KM_MSGPROF sender ctx=6 root=false query=None pred_sent=457432 (7.9%) pool=545 preds=930 wo=28517 core=2
KM_MSGPROF sender ctx=1 root=false query=None pred_sent=457432 (7.9%) pool=545 preds=930 wo=28517 core=2
KM_MSGPROF sender ctx=18 root=false query=None pred_sent=34320 (0.6%) pool=240 preds=143 wo=587 core=3
KM_MSGPROF sender ctx=106 root=false query=None pred_sent=31065 (0.5%) pool=285 preds=109 wo=679 core=3
KM_PROF[time-ms] msgloop pred_payload=214.3 pred_arrival=13854.7 propagate=1770.6 | add_clause=10529.6 (lookup=560.4 fwdsub=8020.3 backsub=272.2 index=938.6) hyper=587.0 subsume=313.3 pred_local=1575.4 eq=484.6 saturate=3775.7
KM_PROF msgloop guard=2340000 contexts=1317 msgs_pending=0 saturate_calls=920 succ=85183 pred=2254816 ground_wo=0
KM_MSGPROF arrivals dup=0 empty_join=0 conclusions=2309282 conclusions_new=2298352 (99.53% new) | arena[succ]=83213 arena[root]=11486 pred_interned=62422 ctx_clause_slots=2821896
KM_MSGPROF sender ctx=2 root=false query=None pred_sent=770232 (13.3%) pool=885 preds=930 wo=38272 core=2
KM_MSGPROF sender ctx=3 root=false query=None pred_sent=600032 (10.4%) pool=700 preds=930 wo=33670 core=2
KM_MSGPROF sender ctx=4 root=false query=None pred_sent=521784 (9.0%) pool=804 preds=705 wo=37763 core=2
KM_MSGPROF sender ctx=5 root=false query=None pred_sent=461064 (8.0%) pool=716 preds=705 wo=39231 core=2
KM_MSGPROF sender ctx=6 root=false query=None pred_sent=457432 (7.9%) pool=545 preds=930 wo=28517 core=2
KM_MSGPROF sender ctx=1 root=false query=None pred_sent=457432 (7.9%) pool=545 preds=930 wo=28517 core=2
KM_MSGPROF sender ctx=18 root=false query=None pred_sent=34320 (0.6%) pool=240 preds=143 wo=587 core=3
KM_MSGPROF sender ctx=106 root=false query=None pred_sent=31065 (0.5%) pool=285 preds=109 wo=679 core=3
KM_PROF[time-ms] msgloop pred_payload=216.7 pred_arrival=13973.7 propagate=1770.6 | add_clause=10611.9 (lookup=563.8 fwdsub=8084.1 backsub=274.6 index=944.2) hyper=587.0 subsume=313.3 pred_local=1575.4 eq=484.6 saturate=3775.7
KM_PROF msgloop guard=2360000 contexts=1317 msgs_pending=0 saturate_calls=920 succ=85183 pred=2274816 ground_wo=0
KM_MSGPROF arrivals dup=0 empty_join=0 conclusions=2330152 conclusions_new=2319222 (99.53% new) | arena[succ]=83387 arena[root]=11573 pred_interned=62509 ctx_clause_slots=2842766
KM_MSGPROF sender ctx=2 root=false query=None pred_sent=770232 (13.3%) pool=885 preds=930 wo=38272 core=2
KM_MSGPROF sender ctx=3 root=false query=None pred_sent=600032 (10.4%) pool=700 preds=930 wo=33670 core=2
KM_MSGPROF sender ctx=4 root=false query=None pred_sent=521784 (9.0%) pool=804 preds=705 wo=37763 core=2
KM_MSGPROF sender ctx=5 root=false query=None pred_sent=461064 (8.0%) pool=716 preds=705 wo=39231 core=2
KM_MSGPROF sender ctx=6 root=false query=None pred_sent=457432 (7.9%) pool=545 preds=930 wo=28517 core=2
KM_MSGPROF sender ctx=1 root=false query=None pred_sent=457432 (7.9%) pool=545 preds=930 wo=28517 core=2
KM_MSGPROF sender ctx=18 root=false query=None pred_sent=34320 (0.6%) pool=240 preds=143 wo=587 core=3
KM_MSGPROF sender ctx=106 root=false query=None pred_sent=31065 (0.5%) pool=285 preds=109 wo=679 core=3
KM_PROF[time-ms] msgloop pred_payload=218.5 pred_arrival=14095.5 propagate=1770.6 | add_clause=10697.7 (lookup=567.3 fwdsub=8151.7 backsub=276.8 index=950.1) hyper=587.0 subsume=313.3 pred_local=1575.4 eq=484.6 saturate=3775.7
KM_PROF msgloop guard=2380000 contexts=1317 msgs_pending=0 saturate_calls=920 succ=85183 pred=2294816 ground_wo=0
KM_MSGPROF arrivals dup=0 empty_join=0 conclusions=2351021 conclusions_new=2340091 (99.54% new) | arena[succ]=83561 arena[root]=11660 pred_interned=62596 ctx_clause_slots=2863635
KM_MSGPROF sender ctx=2 root=false query=None pred_sent=770232 (13.3%) pool=885 preds=930 wo=38272 core=2
KM_MSGPROF sender ctx=3 root=false query=None pred_sent=600032 (10.4%) pool=700 preds=930 wo=33670 core=2
KM_MSGPROF sender ctx=4 root=false query=None pred_sent=521784 (9.0%) pool=804 preds=705 wo=37763 core=2
KM_MSGPROF sender ctx=5 root=false query=None pred_sent=461064 (8.0%) pool=716 preds=705 wo=39231 core=2
KM_MSGPROF sender ctx=6 root=false query=None pred_sent=457432 (7.9%) pool=545 preds=930 wo=28517 core=2
KM_MSGPROF sender ctx=1 root=false query=None pred_sent=457432 (7.9%) pool=545 preds=930 wo=28517 core=2
KM_MSGPROF sender ctx=18 root=false query=None pred_sent=34320 (0.6%) pool=240 preds=143 wo=587 core=3
KM_MSGPROF sender ctx=106 root=false query=None pred_sent=31065 (0.5%) pool=285 preds=109 wo=679 core=3
KM_PROF[time-ms] msgloop pred_payload=220.6 pred_arrival=14221.0 propagate=1770.6 | add_clause=10787.5 (lookup=570.7 fwdsub=8223.6 backsub=279.1 index=955.8) hyper=587.0 subsume=313.3 pred_local=1575.4 eq=484.6 saturate=3775.7
KM_PROF msgloop guard=2400000 contexts=1317 msgs_pending=0 saturate_calls=920 succ=85183 pred=2314816 ground_wo=0
KM_MSGPROF arrivals dup=0 empty_join=0 conclusions=2371891 conclusions_new=2360961 (99.54% new) | arena[succ]=83735 arena[root]=11747 pred_interned=62683 ctx_clause_slots=2884505
KM_MSGPROF sender ctx=2 root=false query=None pred_sent=770232 (13.3%) pool=885 preds=930 wo=38272 core=2
KM_MSGPROF sender ctx=3 root=false query=None pred_sent=600032 (10.4%) pool=700 preds=930 wo=33670 core=2
KM_MSGPROF sender ctx=4 root=false query=None pred_sent=521784 (9.0%) pool=804 preds=705 wo=37763 core=2
KM_MSGPROF sender ctx=5 root=false query=None pred_sent=461064 (8.0%) pool=716 preds=705 wo=39231 core=2
KM_MSGPROF sender ctx=6 root=false query=None pred_sent=457432 (7.9%) pool=545 preds=930 wo=28517 core=2
KM_MSGPROF sender ctx=1 root=false query=None pred_sent=457432 (7.9%) pool=545 preds=930 wo=28517 core=2
KM_MSGPROF sender ctx=18 root=false query=None pred_sent=34320 (0.6%) pool=240 preds=143 wo=587 core=3
KM_MSGPROF sender ctx=106 root=false query=None pred_sent=31065 (0.5%) pool=285 preds=109 wo=679 core=3
KM_PROF[time-ms] msgloop pred_payload=222.6 pred_arrival=14351.4 propagate=1770.6 | add_clause=10882.6 (lookup=574.1 fwdsub=8300.9 backsub=281.4 index=961.6) hyper=587.0 subsume=313.3 pred_local=1575.4 eq=484.6 saturate=3775.7
KM_PROF msgloop guard=2420000 contexts=1317 msgs_pending=0 saturate_calls=920 succ=85183 pred=2334816 ground_wo=0
KM_MSGPROF arrivals dup=0 empty_join=0 conclusions=2392761 conclusions_new=2381831 (99.54% new) | arena[succ]=83909 arena[root]=11834 pred_interned=62770 ctx_clause_slots=2905375
KM_MSGPROF sender ctx=2 root=false query=None pred_sent=770232 (13.3%) pool=885 preds=930 wo=38272 core=2
KM_MSGPROF sender ctx=3 root=false query=None pred_sent=600032 (10.4%) pool=700 preds=930 wo=33670 core=2
KM_MSGPROF sender ctx=4 root=false query=None pred_sent=521784 (9.0%) pool=804 preds=705 wo=37763 core=2
KM_MSGPROF sender ctx=5 root=false query=None pred_sent=461064 (8.0%) pool=716 preds=705 wo=39231 core=2
KM_MSGPROF sender ctx=6 root=false query=None pred_sent=457432 (7.9%) pool=545 preds=930 wo=28517 core=2
KM_MSGPROF sender ctx=1 root=false query=None pred_sent=457432 (7.9%) pool=545 preds=930 wo=28517 core=2
KM_MSGPROF sender ctx=18 root=false query=None pred_sent=34320 (0.6%) pool=240 preds=143 wo=587 core=3
KM_MSGPROF sender ctx=106 root=false query=None pred_sent=31065 (0.5%) pool=285 preds=109 wo=679 core=3
KM_PROF[time-ms] msgloop pred_payload=224.5 pred_arrival=14489.2 propagate=1770.6 | add_clause=10982.4 (lookup=577.6 fwdsub=8382.9 backsub=283.6 index=967.3) hyper=587.0 subsume=313.3 pred_local=1575.4 eq=484.6 saturate=3775.7
KM_PROF msgloop guard=2440000 contexts=1317 msgs_pending=0 saturate_calls=920 succ=85183 pred=2354816 ground_wo=0
KM_MSGPROF arrivals dup=0 empty_join=0 conclusions=2413631 conclusions_new=2402701 (99.55% new) | arena[succ]=84083 arena[root]=11920 pred_interned=62857 ctx_clause_slots=2926245
KM_MSGPROF sender ctx=2 root=false query=None pred_sent=770232 (13.3%) pool=885 preds=930 wo=38272 core=2
KM_MSGPROF sender ctx=3 root=false query=None pred_sent=600032 (10.4%) pool=700 preds=930 wo=33670 core=2
KM_MSGPROF sender ctx=4 root=false query=None pred_sent=521784 (9.0%) pool=804 preds=705 wo=37763 core=2
KM_MSGPROF sender ctx=5 root=false query=None pred_sent=461064 (8.0%) pool=716 preds=705 wo=39231 core=2
KM_MSGPROF sender ctx=6 root=false query=None pred_sent=457432 (7.9%) pool=545 preds=930 wo=28517 core=2
KM_MSGPROF sender ctx=1 root=false query=None pred_sent=457432 (7.9%) pool=545 preds=930 wo=28517 core=2
KM_MSGPROF sender ctx=18 root=false query=None pred_sent=34320 (0.6%) pool=240 preds=143 wo=587 core=3
KM_MSGPROF sender ctx=106 root=false query=None pred_sent=31065 (0.5%) pool=285 preds=109 wo=679 core=3
KM_PROF[time-ms] msgloop pred_payload=226.6 pred_arrival=14630.2 propagate=1770.6 | add_clause=11088.0 (lookup=581.1 fwdsub=8470.6 backsub=285.9 index=972.9) hyper=587.0 subsume=313.3 pred_local=1575.4 eq=484.6 saturate=3775.7
KM_PROF msgloop guard=2460000 contexts=1317 msgs_pending=0 saturate_calls=920 succ=85183 pred=2374816 ground_wo=0
KM_MSGPROF arrivals dup=0 empty_join=0 conclusions=2434499 conclusions_new=2423569 (99.55% new) | arena[succ]=84257 arena[root]=12007 pred_interned=62944 ctx_clause_slots=2947113
KM_MSGPROF sender ctx=2 root=false query=None pred_sent=770232 (13.3%) pool=885 preds=930 wo=38272 core=2
KM_MSGPROF sender ctx=3 root=false query=None pred_sent=600032 (10.4%) pool=700 preds=930 wo=33670 core=2
KM_MSGPROF sender ctx=4 root=false query=None pred_sent=521784 (9.0%) pool=804 preds=705 wo=37763 core=2
KM_MSGPROF sender ctx=5 root=false query=None pred_sent=461064 (8.0%) pool=716 preds=705 wo=39231 core=2
KM_MSGPROF sender ctx=6 root=false query=None pred_sent=457432 (7.9%) pool=545 preds=930 wo=28517 core=2
KM_MSGPROF sender ctx=1 root=false query=None pred_sent=457432 (7.9%) pool=545 preds=930 wo=28517 core=2
KM_MSGPROF sender ctx=18 root=false query=None pred_sent=34320 (0.6%) pool=240 preds=143 wo=587 core=3
KM_MSGPROF sender ctx=106 root=false query=None pred_sent=31065 (0.5%) pool=285 preds=109 wo=679 core=3
KM_PROF[time-ms] msgloop pred_payload=228.6 pred_arrival=14778.6 propagate=1770.6 | add_clause=11200.3 (lookup=584.6 fwdsub=8564.8 backsub=288.1 index=978.9) hyper=587.0 subsume=313.3 pred_local=1575.4 eq=484.6 saturate=3775.7
KM_PROF msgloop guard=2480000 contexts=1317 msgs_pending=0 saturate_calls=920 succ=85183 pred=2394816 ground_wo=0
KM_MSGPROF arrivals dup=0 empty_join=0 conclusions=2455369 conclusions_new=2444439 (99.55% new) | arena[succ]=84431 arena[root]=12094 pred_interned=63031 ctx_clause_slots=2967983
KM_MSGPROF sender ctx=2 root=false query=None pred_sent=770232 (13.3%) pool=885 preds=930 wo=38272 core=2
KM_MSGPROF sender ctx=3 root=false query=None pred_sent=600032 (10.4%) pool=700 preds=930 wo=33670 core=2
KM_MSGPROF sender ctx=4 root=false query=None pred_sent=521784 (9.0%) pool=804 preds=705 wo=37763 core=2
KM_MSGPROF sender ctx=5 root=false query=None pred_sent=461064 (8.0%) pool=716 preds=705 wo=39231 core=2
KM_MSGPROF sender ctx=6 root=false query=None pred_sent=457432 (7.9%) pool=545 preds=930 wo=28517 core=2
KM_MSGPROF sender ctx=1 root=false query=None pred_sent=457432 (7.9%) pool=545 preds=930 wo=28517 core=2
KM_MSGPROF sender ctx=18 root=false query=None pred_sent=34320 (0.6%) pool=240 preds=143 wo=587 core=3
KM_MSGPROF sender ctx=106 root=false query=None pred_sent=31065 (0.5%) pool=285 preds=109 wo=679 core=3
KM_PROF[time-ms] msgloop pred_payload=230.6 pred_arrival=14930.2 propagate=1770.6 | add_clause=11316.2 (lookup=588.0 fwdsub=8662.5 backsub=290.3 index=985.0) hyper=587.0 subsume=313.3 pred_local=1575.4 eq=484.6 saturate=3775.7
KM_PROF msgloop guard=2500000 contexts=1317 msgs_pending=0 saturate_calls=920 succ=85183 pred=2414816 ground_wo=0
KM_MSGPROF arrivals dup=0 empty_join=0 conclusions=2476239 conclusions_new=2465309 (99.56% new) | arena[succ]=84605 arena[root]=12181 pred_interned=63118 ctx_clause_slots=2988853
KM_MSGPROF sender ctx=2 root=false query=None pred_sent=770232 (13.3%) pool=885 preds=930 wo=38272 core=2
KM_MSGPROF sender ctx=3 root=false query=None pred_sent=600032 (10.4%) pool=700 preds=930 wo=33670 core=2
KM_MSGPROF sender ctx=4 root=false query=None pred_sent=521784 (9.0%) pool=804 preds=705 wo=37763 core=2
KM_MSGPROF sender ctx=5 root=false query=None pred_sent=461064 (8.0%) pool=716 preds=705 wo=39231 core=2
KM_MSGPROF sender ctx=6 root=false query=None pred_sent=457432 (7.9%) pool=545 preds=930 wo=28517 core=2
KM_MSGPROF sender ctx=1 root=false query=None pred_sent=457432 (7.9%) pool=545 preds=930 wo=28517 core=2
KM_MSGPROF sender ctx=18 root=false query=None pred_sent=34320 (0.6%) pool=240 preds=143 wo=587 core=3
KM_MSGPROF sender ctx=106 root=false query=None pred_sent=31065 (0.5%) pool=285 preds=109 wo=679 core=3
KM_PROF[time-ms] msgloop pred_payload=232.6 pred_arrival=15088.2 propagate=1770.6 | add_clause=11438.6 (lookup=591.5 fwdsub=8767.0 backsub=292.6 index=990.8) hyper=587.0 subsume=313.3 pred_local=1575.4 eq=484.6 saturate=3775.7
KM_PROF msgloop guard=2520000 contexts=1317 msgs_pending=0 saturate_calls=920 succ=88618 pred=2431381 ground_wo=0
KM_MSGPROF arrivals dup=0 empty_join=0 conclusions=2493495 conclusions_new=2482409 (99.56% new) | arena[succ]=84737 arena[root]=12250 pred_interned=63328 ctx_clause_slots=3006145
KM_MSGPROF sender ctx=2 root=false query=None pred_sent=770232 (13.3%) pool=885 preds=932 wo=38272 core=2
KM_MSGPROF sender ctx=3 root=false query=None pred_sent=600032 (10.4%) pool=700 preds=932 wo=33670 core=2
KM_MSGPROF sender ctx=4 root=false query=None pred_sent=521784 (9.0%) pool=804 preds=708 wo=37763 core=2
KM_MSGPROF sender ctx=5 root=false query=None pred_sent=461064 (8.0%) pool=716 preds=708 wo=39231 core=2
KM_MSGPROF sender ctx=6 root=false query=None pred_sent=457432 (7.9%) pool=545 preds=932 wo=28517 core=2
KM_MSGPROF sender ctx=1 root=false query=None pred_sent=457432 (7.9%) pool=545 preds=932 wo=28517 core=2
KM_MSGPROF sender ctx=18 root=false query=None pred_sent=34320 (0.6%) pool=240 preds=143 wo=587 core=3
KM_MSGPROF sender ctx=106 root=false query=None pred_sent=31065 (0.5%) pool=285 preds=109 wo=679 core=3
KM_PROF[time-ms] msgloop pred_payload=234.1 pred_arrival=15229.6 propagate=1770.6 | add_clause=11550.4 (lookup=595.1 fwdsub=8861.8 backsub=295.1 index=996.2) hyper=587.0 subsume=313.3 pred_local=1575.4 eq=484.6 saturate=3775.7
KM_PROF msgloop guard=2540000 contexts=1317 msgs_pending=0 saturate_calls=920 succ=88618 pred=2451381 ground_wo=0
KM_MSGPROF arrivals dup=0 empty_join=0 conclusions=2513495 conclusions_new=2501095 (99.51% new) | arena[succ]=84737 arena[root]=12250 pred_interned=63328 ctx_clause_slots=3024831
KM_MSGPROF sender ctx=2 root=false query=None pred_sent=770232 (13.3%) pool=885 preds=932 wo=38272 core=2
KM_MSGPROF sender ctx=3 root=false query=None pred_sent=600032 (10.4%) pool=700 preds=932 wo=33670 core=2
KM_MSGPROF sender ctx=4 root=false query=None pred_sent=521784 (9.0%) pool=804 preds=708 wo=37763 core=2
KM_MSGPROF sender ctx=5 root=false query=None pred_sent=461064 (8.0%) pool=716 preds=708 wo=39231 core=2
KM_MSGPROF sender ctx=6 root=false query=None pred_sent=457432 (7.9%) pool=545 preds=932 wo=28517 core=2
KM_MSGPROF sender ctx=1 root=false query=None pred_sent=457432 (7.9%) pool=545 preds=932 wo=28517 core=2
KM_MSGPROF sender ctx=18 root=false query=None pred_sent=34320 (0.6%) pool=240 preds=143 wo=587 core=3
KM_MSGPROF sender ctx=106 root=false query=None pred_sent=31065 (0.5%) pool=285 preds=109 wo=679 core=3
KM_PROF[time-ms] msgloop pred_payload=235.5 pred_arrival=15289.5 propagate=1770.6 | add_clause=11575.7 (lookup=598.4 fwdsub=8869.9 backsub=297.1 index=1002.4) hyper=587.0 subsume=313.3 pred_local=1575.4 eq=484.6 saturate=3775.7
KM_PROF msgloop guard=2560000 contexts=1317 msgs_pending=0 saturate_calls=920 succ=88618 pred=2471381 ground_wo=0
KM_MSGPROF arrivals dup=0 empty_join=0 conclusions=2533495 conclusions_new=2521095 (99.51% new) | arena[succ]=84737 arena[root]=12250 pred_interned=63328 ctx_clause_slots=3044831
KM_MSGPROF sender ctx=2 root=false query=None pred_sent=770232 (13.3%) pool=885 preds=932 wo=38272 core=2
KM_MSGPROF sender ctx=3 root=false query=None pred_sent=600032 (10.4%) pool=700 preds=932 wo=33670 core=2
KM_MSGPROF sender ctx=4 root=false query=None pred_sent=521784 (9.0%) pool=804 preds=708 wo=37763 core=2
KM_MSGPROF sender ctx=5 root=false query=None pred_sent=461064 (8.0%) pool=716 preds=708 wo=39231 core=2
KM_MSGPROF sender ctx=6 root=false query=None pred_sent=457432 (7.9%) pool=545 preds=932 wo=28517 core=2
KM_MSGPROF sender ctx=1 root=false query=None pred_sent=457432 (7.9%) pool=545 preds=932 wo=28517 core=2
KM_MSGPROF sender ctx=18 root=false query=None pred_sent=34320 (0.6%) pool=240 preds=143 wo=587 core=3
KM_MSGPROF sender ctx=106 root=false query=None pred_sent=31065 (0.5%) pool=285 preds=109 wo=679 core=3
KM_PROF[time-ms] msgloop pred_payload=236.9 pred_arrival=15348.4 propagate=1770.6 | add_clause=11602.8 (lookup=601.4 fwdsub=8880.8 backsub=299.1 index=1007.7) hyper=587.0 subsume=313.3 pred_local=1575.4 eq=484.6 saturate=3775.7
KM_PROF msgloop guard=2580000 contexts=1317 msgs_pending=0 saturate_calls=920 succ=88618 pred=2491381 ground_wo=0
KM_MSGPROF arrivals dup=0 empty_join=0 conclusions=2553495 conclusions_new=2541095 (99.51% new) | arena[succ]=84737 arena[root]=12250 pred_interned=63328 ctx_clause_slots=3064831
KM_MSGPROF sender ctx=2 root=false query=None pred_sent=770232 (13.3%) pool=885 preds=932 wo=38272 core=2
KM_MSGPROF sender ctx=3 root=false query=None pred_sent=600032 (10.4%) pool=700 preds=932 wo=33670 core=2
KM_MSGPROF sender ctx=4 root=false query=None pred_sent=521784 (9.0%) pool=804 preds=708 wo=37763 core=2
KM_MSGPROF sender ctx=5 root=false query=None pred_sent=461064 (8.0%) pool=716 preds=708 wo=39231 core=2
KM_MSGPROF sender ctx=6 root=false query=None pred_sent=457432 (7.9%) pool=545 preds=932 wo=28517 core=2
KM_MSGPROF sender ctx=1 root=false query=None pred_sent=457432 (7.9%) pool=545 preds=932 wo=28517 core=2
KM_MSGPROF sender ctx=18 root=false query=None pred_sent=34320 (0.6%) pool=240 preds=143 wo=587 core=3
KM_MSGPROF sender ctx=106 root=false query=None pred_sent=31065 (0.5%) pool=285 preds=109 wo=679 core=3
KM_PROF[time-ms] msgloop pred_payload=238.3 pred_arrival=15412.0 propagate=1770.6 | add_clause=11634.0 (lookup=604.4 fwdsub=8895.9 backsub=301.1 index=1013.3) hyper=587.0 subsume=313.3 pred_local=1575.4 eq=484.6 saturate=3775.7
KM_PROF msgloop guard=2600000 contexts=1317 msgs_pending=0 saturate_calls=920 succ=88618 pred=2511381 ground_wo=0
KM_MSGPROF arrivals dup=0 empty_join=0 conclusions=2573495 conclusions_new=2561095 (99.52% new) | arena[succ]=84737 arena[root]=12250 pred_interned=63328 ctx_clause_slots=3084831
KM_MSGPROF sender ctx=2 root=false query=None pred_sent=770232 (13.3%) pool=885 preds=932 wo=38272 core=2
KM_MSGPROF sender ctx=3 root=false query=None pred_sent=600032 (10.4%) pool=700 preds=932 wo=33670 core=2
KM_MSGPROF sender ctx=4 root=false query=None pred_sent=521784 (9.0%) pool=804 preds=708 wo=37763 core=2
KM_MSGPROF sender ctx=5 root=false query=None pred_sent=461064 (8.0%) pool=716 preds=708 wo=39231 core=2
KM_MSGPROF sender ctx=6 root=false query=None pred_sent=457432 (7.9%) pool=545 preds=932 wo=28517 core=2
KM_MSGPROF sender ctx=1 root=false query=None pred_sent=457432 (7.9%) pool=545 preds=932 wo=28517 core=2
KM_MSGPROF sender ctx=18 root=false query=None pred_sent=34320 (0.6%) pool=240 preds=143 wo=587 core=3
KM_MSGPROF sender ctx=106 root=false query=None pred_sent=31065 (0.5%) pool=285 preds=109 wo=679 core=3
KM_PROF[time-ms] msgloop pred_payload=239.6 pred_arrival=15478.6 propagate=1770.6 | add_clause=11669.0 (lookup=607.5 fwdsub=8914.9 backsub=303.0 index=1018.8) hyper=587.0 subsume=313.3 pred_local=1575.4 eq=484.6 saturate=3775.7
KM_PROF msgloop guard=2620000 contexts=1317 msgs_pending=0 saturate_calls=920 succ=88618 pred=2531381 ground_wo=0
KM_MSGPROF arrivals dup=0 empty_join=0 conclusions=2593495 conclusions_new=2581095 (99.52% new) | arena[succ]=84737 arena[root]=12250 pred_interned=63328 ctx_clause_slots=3104831
KM_MSGPROF sender ctx=2 root=false query=None pred_sent=770232 (13.3%) pool=885 preds=932 wo=38272 core=2
KM_MSGPROF sender ctx=3 root=false query=None pred_sent=600032 (10.4%) pool=700 preds=932 wo=33670 core=2
KM_MSGPROF sender ctx=4 root=false query=None pred_sent=521784 (9.0%) pool=804 preds=708 wo=37763 core=2
KM_MSGPROF sender ctx=5 root=false query=None pred_sent=461064 (8.0%) pool=716 preds=708 wo=39231 core=2
KM_MSGPROF sender ctx=6 root=false query=None pred_sent=457432 (7.9%) pool=545 preds=932 wo=28517 core=2
KM_MSGPROF sender ctx=1 root=false query=None pred_sent=457432 (7.9%) pool=545 preds=932 wo=28517 core=2
KM_MSGPROF sender ctx=18 root=false query=None pred_sent=34320 (0.6%) pool=240 preds=143 wo=587 core=3
KM_MSGPROF sender ctx=106 root=false query=None pred_sent=31065 (0.5%) pool=285 preds=109 wo=679 core=3
KM_PROF[time-ms] msgloop pred_payload=241.0 pred_arrival=15550.4 propagate=1770.6 | add_clause=11708.1 (lookup=610.5 fwdsub=8938.1 backsub=304.9 index=1024.3) hyper=587.0 subsume=313.3 pred_local=1575.4 eq=484.6 saturate=3775.7
KM_PROF msgloop guard=2640000 contexts=1317 msgs_pending=0 saturate_calls=920 succ=88618 pred=2551381 ground_wo=0
KM_MSGPROF arrivals dup=0 empty_join=0 conclusions=2613495 conclusions_new=2601095 (99.53% new) | arena[succ]=84737 arena[root]=12250 pred_interned=63328 ctx_clause_slots=3124831
KM_MSGPROF sender ctx=2 root=false query=None pred_sent=770232 (13.3%) pool=885 preds=932 wo=38272 core=2
KM_MSGPROF sender ctx=3 root=false query=None pred_sent=600032 (10.4%) pool=700 preds=932 wo=33670 core=2
KM_MSGPROF sender ctx=4 root=false query=None pred_sent=521784 (9.0%) pool=804 preds=708 wo=37763 core=2
KM_MSGPROF sender ctx=5 root=false query=None pred_sent=461064 (8.0%) pool=716 preds=708 wo=39231 core=2
KM_MSGPROF sender ctx=6 root=false query=None pred_sent=457432 (7.9%) pool=545 preds=932 wo=28517 core=2
KM_MSGPROF sender ctx=1 root=false query=None pred_sent=457432 (7.9%) pool=545 preds=932 wo=28517 core=2
KM_MSGPROF sender ctx=18 root=false query=None pred_sent=34320 (0.6%) pool=240 preds=143 wo=587 core=3
KM_MSGPROF sender ctx=106 root=false query=None pred_sent=31065 (0.5%) pool=285 preds=109 wo=679 core=3
KM_PROF[time-ms] msgloop pred_payload=242.4 pred_arrival=15625.1 propagate=1770.6 | add_clause=11751.1 (lookup=613.6 fwdsub=8964.7 backsub=306.8 index=1030.2) hyper=587.0 subsume=313.3 pred_local=1575.4 eq=484.6 saturate=3775.7
KM_PROF msgloop guard=2660000 contexts=1317 msgs_pending=0 saturate_calls=920 succ=88618 pred=2571381 ground_wo=0
KM_MSGPROF arrivals dup=0 empty_join=0 conclusions=2633495 conclusions_new=2621095 (99.53% new) | arena[succ]=84737 arena[root]=12250 pred_interned=63328 ctx_clause_slots=3144831
KM_MSGPROF sender ctx=2 root=false query=None pred_sent=770232 (13.3%) pool=885 preds=932 wo=38272 core=2
KM_MSGPROF sender ctx=3 root=false query=None pred_sent=600032 (10.4%) pool=700 preds=932 wo=33670 core=2
KM_MSGPROF sender ctx=4 root=false query=None pred_sent=521784 (9.0%) pool=804 preds=708 wo=37763 core=2
KM_MSGPROF sender ctx=5 root=false query=None pred_sent=461064 (8.0%) pool=716 preds=708 wo=39231 core=2
KM_MSGPROF sender ctx=6 root=false query=None pred_sent=457432 (7.9%) pool=545 preds=932 wo=28517 core=2
KM_MSGPROF sender ctx=1 root=false query=None pred_sent=457432 (7.9%) pool=545 preds=932 wo=28517 core=2
KM_MSGPROF sender ctx=18 root=false query=None pred_sent=34320 (0.6%) pool=240 preds=143 wo=587 core=3
KM_MSGPROF sender ctx=106 root=false query=None pred_sent=31065 (0.5%) pool=285 preds=109 wo=679 core=3
KM_PROF[time-ms] msgloop pred_payload=243.9 pred_arrival=15707.4 propagate=1770.6 | add_clause=11800.1 (lookup=616.8 fwdsub=8997.2 backsub=308.7 index=1036.0) hyper=587.0 subsume=313.3 pred_local=1575.4 eq=484.6 saturate=3775.7
KM_PROF msgloop guard=2680000 contexts=1317 msgs_pending=0 saturate_calls=920 succ=88618 pred=2591381 ground_wo=0
KM_MSGPROF arrivals dup=0 empty_join=0 conclusions=2653495 conclusions_new=2641095 (99.53% new) | arena[succ]=84737 arena[root]=12250 pred_interned=63328 ctx_clause_slots=3164831
KM_MSGPROF sender ctx=2 root=false query=None pred_sent=770232 (13.3%) pool=885 preds=932 wo=38272 core=2
KM_MSGPROF sender ctx=3 root=false query=None pred_sent=600032 (10.4%) pool=700 preds=932 wo=33670 core=2
KM_MSGPROF sender ctx=4 root=false query=None pred_sent=521784 (9.0%) pool=804 preds=708 wo=37763 core=2
KM_MSGPROF sender ctx=5 root=false query=None pred_sent=461064 (8.0%) pool=716 preds=708 wo=39231 core=2
KM_MSGPROF sender ctx=6 root=false query=None pred_sent=457432 (7.9%) pool=545 preds=932 wo=28517 core=2
KM_MSGPROF sender ctx=1 root=false query=None pred_sent=457432 (7.9%) pool=545 preds=932 wo=28517 core=2
KM_MSGPROF sender ctx=18 root=false query=None pred_sent=34320 (0.6%) pool=240 preds=143 wo=587 core=3
KM_MSGPROF sender ctx=106 root=false query=None pred_sent=31065 (0.5%) pool=285 preds=109 wo=679 core=3
KM_PROF[time-ms] msgloop pred_payload=245.5 pred_arrival=15798.5 propagate=1770.6 | add_clause=11856.3 (lookup=620.1 fwdsub=9035.2 backsub=310.9 index=1041.9) hyper=587.0 subsume=313.3 pred_local=1575.4 eq=484.6 saturate=3775.7
KM_PROF msgloop guard=2700000 contexts=1317 msgs_pending=0 saturate_calls=920 succ=88618 pred=2611381 ground_wo=0
KM_MSGPROF arrivals dup=0 empty_join=0 conclusions=2673495 conclusions_new=2661095 (99.54% new) | arena[succ]=84737 arena[root]=12250 pred_interned=63328 ctx_clause_slots=3184831
KM_MSGPROF sender ctx=2 root=false query=None pred_sent=770232 (13.3%) pool=885 preds=932 wo=38272 core=2
KM_MSGPROF sender ctx=3 root=false query=None pred_sent=600032 (10.4%) pool=700 preds=932 wo=33670 core=2
KM_MSGPROF sender ctx=4 root=false query=None pred_sent=521784 (9.0%) pool=804 preds=708 wo=37763 core=2
KM_MSGPROF sender ctx=5 root=false query=None pred_sent=461064 (8.0%) pool=716 preds=708 wo=39231 core=2
KM_MSGPROF sender ctx=6 root=false query=None pred_sent=457432 (7.9%) pool=545 preds=932 wo=28517 core=2
KM_MSGPROF sender ctx=1 root=false query=None pred_sent=457432 (7.9%) pool=545 preds=932 wo=28517 core=2
KM_MSGPROF sender ctx=18 root=false query=None pred_sent=34320 (0.6%) pool=240 preds=143 wo=587 core=3
KM_MSGPROF sender ctx=106 root=false query=None pred_sent=31065 (0.5%) pool=285 preds=109 wo=679 core=3
KM_PROF[time-ms] msgloop pred_payload=247.1 pred_arrival=15911.9 propagate=1770.6 | add_clause=11914.9 (lookup=623.3 fwdsub=9076.5 backsub=312.8 index=1047.9) hyper=587.0 subsume=313.3 pred_local=1575.4 eq=484.6 saturate=3775.7
KM_PROF msgloop guard=2720000 contexts=1317 msgs_pending=0 saturate_calls=920 succ=88618 pred=2631381 ground_wo=0
KM_MSGPROF arrivals dup=0 empty_join=0 conclusions=2693495 conclusions_new=2681095 (99.54% new) | arena[succ]=84737 arena[root]=12250 pred_interned=63328 ctx_clause_slots=3204831
KM_MSGPROF sender ctx=2 root=false query=None pred_sent=770232 (13.3%) pool=885 preds=932 wo=38272 core=2
KM_MSGPROF sender ctx=3 root=false query=None pred_sent=600032 (10.4%) pool=700 preds=932 wo=33670 core=2
KM_MSGPROF sender ctx=4 root=false query=None pred_sent=521784 (9.0%) pool=804 preds=708 wo=37763 core=2
KM_MSGPROF sender ctx=5 root=false query=None pred_sent=461064 (8.0%) pool=716 preds=708 wo=39231 core=2
KM_MSGPROF sender ctx=6 root=false query=None pred_sent=457432 (7.9%) pool=545 preds=932 wo=28517 core=2
KM_MSGPROF sender ctx=1 root=false query=None pred_sent=457432 (7.9%) pool=545 preds=932 wo=28517 core=2
KM_MSGPROF sender ctx=18 root=false query=None pred_sent=34320 (0.6%) pool=240 preds=143 wo=587 core=3
KM_MSGPROF sender ctx=106 root=false query=None pred_sent=31065 (0.5%) pool=285 preds=109 wo=679 core=3
KM_PROF[time-ms] msgloop pred_payload=248.6 pred_arrival=16008.7 propagate=1770.6 | add_clause=11977.6 (lookup=626.4 fwdsub=9121.5 backsub=315.1 index=1053.4) hyper=587.0 subsume=313.3 pred_local=1575.4 eq=484.6 saturate=3775.7
KM_PROF msgloop guard=2740000 contexts=1317 msgs_pending=0 saturate_calls=920 succ=88618 pred=2651381 ground_wo=0
KM_MSGPROF arrivals dup=0 empty_join=0 conclusions=2713495 conclusions_new=2701095 (99.54% new) | arena[succ]=84737 arena[root]=12250 pred_interned=63328 ctx_clause_slots=3224831
KM_MSGPROF sender ctx=2 root=false query=None pred_sent=770232 (13.3%) pool=885 preds=932 wo=38272 core=2
KM_MSGPROF sender ctx=3 root=false query=None pred_sent=600032 (10.4%) pool=700 preds=932 wo=33670 core=2
KM_MSGPROF sender ctx=4 root=false query=None pred_sent=521784 (9.0%) pool=804 preds=708 wo=37763 core=2
KM_MSGPROF sender ctx=5 root=false query=None pred_sent=461064 (8.0%) pool=716 preds=708 wo=39231 core=2
KM_MSGPROF sender ctx=6 root=false query=None pred_sent=457432 (7.9%) pool=545 preds=932 wo=28517 core=2
KM_MSGPROF sender ctx=1 root=false query=None pred_sent=457432 (7.9%) pool=545 preds=932 wo=28517 core=2
KM_MSGPROF sender ctx=18 root=false query=None pred_sent=34320 (0.6%) pool=240 preds=143 wo=587 core=3
KM_MSGPROF sender ctx=106 root=false query=None pred_sent=31065 (0.5%) pool=285 preds=109 wo=679 core=3
KM_PROF[time-ms] msgloop pred_payload=250.1 pred_arrival=16108.5 propagate=1770.6 | add_clause=12043.9 (lookup=629.6 fwdsub=9170.6 backsub=317.1 index=1059.1) hyper=587.0 subsume=313.3 pred_local=1575.4 eq=484.6 saturate=3775.7
KM_PROF msgloop guard=2760000 contexts=1317 msgs_pending=0 saturate_calls=920 succ=88618 pred=2671381 ground_wo=0
KM_MSGPROF arrivals dup=0 empty_join=0 conclusions=2733936 conclusions_new=2721536 (99.55% new) | arena[succ]=84827 arena[root]=12293 pred_interned=63373 ctx_clause_slots=3245272
KM_MSGPROF sender ctx=2 root=false query=None pred_sent=770232 (13.3%) pool=885 preds=932 wo=38272 core=2
KM_MSGPROF sender ctx=3 root=false query=None pred_sent=600032 (10.4%) pool=700 preds=932 wo=33670 core=2
KM_MSGPROF sender ctx=4 root=false query=None pred_sent=521784 (9.0%) pool=804 preds=708 wo=37763 core=2
KM_MSGPROF sender ctx=5 root=false query=None pred_sent=461064 (8.0%) pool=716 preds=708 wo=39231 core=2
KM_MSGPROF sender ctx=6 root=false query=None pred_sent=457432 (7.9%) pool=545 preds=932 wo=28517 core=2
KM_MSGPROF sender ctx=1 root=false query=None pred_sent=457432 (7.9%) pool=545 preds=932 wo=28517 core=2
KM_MSGPROF sender ctx=18 root=false query=None pred_sent=34320 (0.6%) pool=240 preds=143 wo=587 core=3
KM_MSGPROF sender ctx=106 root=false query=None pred_sent=31065 (0.5%) pool=285 preds=109 wo=679 core=3
KM_PROF[time-ms] msgloop pred_payload=251.7 pred_arrival=16215.3 propagate=1770.6 | add_clause=12116.3 (lookup=632.9 fwdsub=9224.9 backsub=319.2 index=1065.7) hyper=587.0 subsume=313.3 pred_local=1575.4 eq=484.6 saturate=3775.7
KM_PROF msgloop guard=2780000 contexts=1317 msgs_pending=0 saturate_calls=920 succ=88618 pred=2691381 ground_wo=0
KM_MSGPROF arrivals dup=0 empty_join=0 conclusions=2754806 conclusions_new=2742406 (99.55% new) | arena[succ]=85001 arena[root]=12380 pred_interned=63460 ctx_clause_slots=3266142
KM_MSGPROF sender ctx=2 root=false query=None pred_sent=770232 (13.3%) pool=885 preds=932 wo=38272 core=2
KM_MSGPROF sender ctx=3 root=false query=None pred_sent=600032 (10.4%) pool=700 preds=932 wo=33670 core=2
KM_MSGPROF sender ctx=4 root=false query=None pred_sent=521784 (9.0%) pool=804 preds=708 wo=37763 core=2
KM_MSGPROF sender ctx=5 root=false query=None pred_sent=461064 (8.0%) pool=716 preds=708 wo=39231 core=2
KM_MSGPROF sender ctx=6 root=false query=None pred_sent=457432 (7.9%) pool=545 preds=932 wo=28517 core=2
KM_MSGPROF sender ctx=1 root=false query=None pred_sent=457432 (7.9%) pool=545 preds=932 wo=28517 core=2
KM_MSGPROF sender ctx=18 root=false query=None pred_sent=34320 (0.6%) pool=240 preds=143 wo=587 core=3
KM_MSGPROF sender ctx=106 root=false query=None pred_sent=31065 (0.5%) pool=285 preds=109 wo=679 core=3
KM_PROF[time-ms] msgloop pred_payload=253.8 pred_arrival=16328.3 propagate=1770.6 | add_clause=12194.2 (lookup=636.3 fwdsub=9285.2 backsub=321.5 index=1071.3) hyper=587.0 subsume=313.3 pred_local=1575.4 eq=484.6 saturate=3775.7
KM_PROF msgloop guard=2800000 contexts=1317 msgs_pending=0 saturate_calls=920 succ=88618 pred=2711381 ground_wo=0
KM_MSGPROF arrivals dup=0 empty_join=0 conclusions=2775676 conclusions_new=2763276 (99.55% new) | arena[succ]=85175 arena[root]=12467 pred_interned=63547 ctx_clause_slots=3287012
KM_MSGPROF sender ctx=2 root=false query=None pred_sent=770232 (13.3%) pool=885 preds=932 wo=38272 core=2
KM_MSGPROF sender ctx=3 root=false query=None pred_sent=600032 (10.4%) pool=700 preds=932 wo=33670 core=2
KM_MSGPROF sender ctx=4 root=false query=None pred_sent=521784 (9.0%) pool=804 preds=708 wo=37763 core=2
KM_MSGPROF sender ctx=5 root=false query=None pred_sent=461064 (8.0%) pool=716 preds=708 wo=39231 core=2
KM_MSGPROF sender ctx=6 root=false query=None pred_sent=457432 (7.9%) pool=545 preds=932 wo=28517 core=2
KM_MSGPROF sender ctx=1 root=false query=None pred_sent=457432 (7.9%) pool=545 preds=932 wo=28517 core=2
KM_MSGPROF sender ctx=18 root=false query=None pred_sent=34320 (0.6%) pool=240 preds=143 wo=587 core=3
KM_MSGPROF sender ctx=106 root=false query=None pred_sent=31065 (0.5%) pool=285 preds=109 wo=679 core=3
KM_PROF[time-ms] msgloop pred_payload=256.1 pred_arrival=16446.2 propagate=1770.6 | add_clause=12277.2 (lookup=639.6 fwdsub=9350.7 backsub=323.7 index=1077.0) hyper=587.0 subsume=313.3 pred_local=1575.4 eq=484.6 saturate=3775.7
KM_PROF msgloop guard=2820000 contexts=1317 msgs_pending=0 saturate_calls=920 succ=88618 pred=2731381 ground_wo=0
KM_MSGPROF arrivals dup=0 empty_join=0 conclusions=2796546 conclusions_new=2784146 (99.56% new) | arena[succ]=85349 arena[root]=12554 pred_interned=63634 ctx_clause_slots=3307882
KM_MSGPROF sender ctx=2 root=false query=None pred_sent=770232 (13.3%) pool=885 preds=932 wo=38272 core=2
KM_MSGPROF sender ctx=3 root=false query=None pred_sent=600032 (10.4%) pool=700 preds=932 wo=33670 core=2
KM_MSGPROF sender ctx=4 root=false query=None pred_sent=521784 (9.0%) pool=804 preds=708 wo=37763 core=2
KM_MSGPROF sender ctx=5 root=false query=None pred_sent=461064 (8.0%) pool=716 preds=708 wo=39231 core=2
KM_MSGPROF sender ctx=6 root=false query=None pred_sent=457432 (7.9%) pool=545 preds=932 wo=28517 core=2
KM_MSGPROF sender ctx=1 root=false query=None pred_sent=457432 (7.9%) pool=545 preds=932 wo=28517 core=2
KM_MSGPROF sender ctx=18 root=false query=None pred_sent=34320 (0.6%) pool=240 preds=143 wo=587 core=3
KM_MSGPROF sender ctx=106 root=false query=None pred_sent=31065 (0.5%) pool=285 preds=109 wo=679 core=3
KM_PROF[time-ms] msgloop pred_payload=258.1 pred_arrival=16569.9 propagate=1770.6 | add_clause=12365.8 (lookup=642.9 fwdsub=9421.7 backsub=325.9 index=1082.8) hyper=587.0 subsume=313.3 pred_local=1575.4 eq=484.6 saturate=3775.7
KM_PROF msgloop guard=2840000 contexts=1317 msgs_pending=0 saturate_calls=920 succ=88618 pred=2751381 ground_wo=0
KM_MSGPROF arrivals dup=0 empty_join=0 conclusions=2817415 conclusions_new=2805015 (99.56% new) | arena[succ]=85523 arena[root]=12641 pred_interned=63721 ctx_clause_slots=3328751
KM_MSGPROF sender ctx=2 root=false query=None pred_sent=770232 (13.3%) pool=885 preds=932 wo=38272 core=2
KM_MSGPROF sender ctx=3 root=false query=None pred_sent=600032 (10.4%) pool=700 preds=932 wo=33670 core=2
KM_MSGPROF sender ctx=4 root=false query=None pred_sent=521784 (9.0%) pool=804 preds=708 wo=37763 core=2
KM_MSGPROF sender ctx=5 root=false query=None pred_sent=461064 (8.0%) pool=716 preds=708 wo=39231 core=2
KM_MSGPROF sender ctx=6 root=false query=None pred_sent=457432 (7.9%) pool=545 preds=932 wo=28517 core=2
KM_MSGPROF sender ctx=1 root=false query=None pred_sent=457432 (7.9%) pool=545 preds=932 wo=28517 core=2
KM_MSGPROF sender ctx=18 root=false query=None pred_sent=34320 (0.6%) pool=240 preds=143 wo=587 core=3
KM_MSGPROF sender ctx=106 root=false query=None pred_sent=31065 (0.5%) pool=285 preds=109 wo=679 core=3
KM_PROF[time-ms] msgloop pred_payload=260.3 pred_arrival=16700.2 propagate=1770.6 | add_clause=12460.8 (lookup=646.3 fwdsub=9499.0 backsub=328.1 index=1088.8) hyper=587.0 subsume=313.3 pred_local=1575.4 eq=484.6 saturate=3775.7
KM_PROF msgloop guard=2860000 contexts=1317 msgs_pending=0 saturate_calls=920 succ=88618 pred=2771381 ground_wo=0
KM_MSGPROF arrivals dup=0 empty_join=0 conclusions=2838285 conclusions_new=2825885 (99.56% new) | arena[succ]=85697 arena[root]=12728 pred_interned=63808 ctx_clause_slots=3349621
KM_MSGPROF sender ctx=2 root=false query=None pred_sent=770232 (13.3%) pool=885 preds=932 wo=38272 core=2
KM_MSGPROF sender ctx=3 root=false query=None pred_sent=600032 (10.4%) pool=700 preds=932 wo=33670 core=2
KM_MSGPROF sender ctx=4 root=false query=None pred_sent=521784 (9.0%) pool=804 preds=708 wo=37763 core=2
KM_MSGPROF sender ctx=5 root=false query=None pred_sent=461064 (8.0%) pool=716 preds=708 wo=39231 core=2
KM_MSGPROF sender ctx=6 root=false query=None pred_sent=457432 (7.9%) pool=545 preds=932 wo=28517 core=2
KM_MSGPROF sender ctx=1 root=false query=None pred_sent=457432 (7.9%) pool=545 preds=932 wo=28517 core=2
KM_MSGPROF sender ctx=18 root=false query=None pred_sent=34320 (0.6%) pool=240 preds=143 wo=587 core=3
KM_MSGPROF sender ctx=106 root=false query=None pred_sent=31065 (0.5%) pool=285 preds=109 wo=679 core=3
KM_PROF[time-ms] msgloop pred_payload=262.7 pred_arrival=16839.2 propagate=1770.6 | add_clause=12562.7 (lookup=649.8 fwdsub=9582.1 backsub=330.4 index=1094.8) hyper=587.0 subsume=313.3 pred_local=1575.4 eq=484.6 saturate=3775.7
KM_PROF msgloop guard=2880000 contexts=1317 msgs_pending=0 saturate_calls=920 succ=88618 pred=2791381 ground_wo=0
KM_MSGPROF arrivals dup=0 empty_join=0 conclusions=2859155 conclusions_new=2846755 (99.57% new) | arena[succ]=85871 arena[root]=12815 pred_interned=63895 ctx_clause_slots=3370491
KM_MSGPROF sender ctx=2 root=false query=None pred_sent=770232 (13.3%) pool=885 preds=932 wo=38272 core=2
KM_MSGPROF sender ctx=3 root=false query=None pred_sent=600032 (10.4%) pool=700 preds=932 wo=33670 core=2
KM_MSGPROF sender ctx=4 root=false query=None pred_sent=521784 (9.0%) pool=804 preds=708 wo=37763 core=2
KM_MSGPROF sender ctx=5 root=false query=None pred_sent=461064 (8.0%) pool=716 preds=708 wo=39231 core=2
KM_MSGPROF sender ctx=6 root=false query=None pred_sent=457432 (7.9%) pool=545 preds=932 wo=28517 core=2
KM_MSGPROF sender ctx=1 root=false query=None pred_sent=457432 (7.9%) pool=545 preds=932 wo=28517 core=2
KM_MSGPROF sender ctx=18 root=false query=None pred_sent=34320 (0.6%) pool=240 preds=143 wo=587 core=3
KM_MSGPROF sender ctx=106 root=false query=None pred_sent=31065 (0.5%) pool=285 preds=109 wo=679 core=3
KM_PROF[time-ms] msgloop pred_payload=265.2 pred_arrival=16984.1 propagate=1770.6 | add_clause=12668.9 (lookup=653.3 fwdsub=9669.7 backsub=332.7 index=1100.9) hyper=587.0 subsume=313.3 pred_local=1575.4 eq=484.6 saturate=3775.7
KM_PROF msgloop guard=2900000 contexts=1317 msgs_pending=0 saturate_calls=920 succ=88618 pred=2811381 ground_wo=0
KM_MSGPROF arrivals dup=0 empty_join=0 conclusions=2880024 conclusions_new=2867624 (99.57% new) | arena[succ]=86045 arena[root]=12902 pred_interned=63982 ctx_clause_slots=3391360
KM_MSGPROF sender ctx=2 root=false query=None pred_sent=770232 (13.3%) pool=885 preds=932 wo=38272 core=2
KM_MSGPROF sender ctx=3 root=false query=None pred_sent=600032 (10.4%) pool=700 preds=932 wo=33670 core=2
KM_MSGPROF sender ctx=4 root=false query=None pred_sent=521784 (9.0%) pool=804 preds=708 wo=37763 core=2
KM_MSGPROF sender ctx=5 root=false query=None pred_sent=461064 (8.0%) pool=716 preds=708 wo=39231 core=2
KM_MSGPROF sender ctx=6 root=false query=None pred_sent=457432 (7.9%) pool=545 preds=932 wo=28517 core=2
KM_MSGPROF sender ctx=1 root=false query=None pred_sent=457432 (7.9%) pool=545 preds=932 wo=28517 core=2
KM_MSGPROF sender ctx=18 root=false query=None pred_sent=34320 (0.6%) pool=240 preds=143 wo=587 core=3
KM_MSGPROF sender ctx=106 root=false query=None pred_sent=31065 (0.5%) pool=285 preds=109 wo=679 core=3
KM_PROF[time-ms] msgloop pred_payload=267.3 pred_arrival=17132.8 propagate=1770.6 | add_clause=12781.5 (lookup=656.8 fwdsub=9763.8 backsub=335.0 index=1106.9) hyper=587.0 subsume=313.3 pred_local=1575.4 eq=484.6 saturate=3775.7
KM_PROF msgloop guard=2920000 contexts=1317 msgs_pending=0 saturate_calls=920 succ=88618 pred=2831381 ground_wo=0
KM_MSGPROF arrivals dup=0 empty_join=0 conclusions=2900894 conclusions_new=2888494 (99.57% new) | arena[succ]=86219 arena[root]=12989 pred_interned=64069 ctx_clause_slots=3412230
KM_MSGPROF sender ctx=2 root=false query=None pred_sent=770232 (13.3%) pool=885 preds=932 wo=38272 core=2
KM_MSGPROF sender ctx=3 root=false query=None pred_sent=600032 (10.4%) pool=700 preds=932 wo=33670 core=2
KM_MSGPROF sender ctx=4 root=false query=None pred_sent=521784 (9.0%) pool=804 preds=708 wo=37763 core=2
KM_MSGPROF sender ctx=5 root=false query=None pred_sent=461064 (8.0%) pool=716 preds=708 wo=39231 core=2
KM_MSGPROF sender ctx=6 root=false query=None pred_sent=457432 (7.9%) pool=545 preds=932 wo=28517 core=2
KM_MSGPROF sender ctx=1 root=false query=None pred_sent=457432 (7.9%) pool=545 preds=932 wo=28517 core=2
KM_MSGPROF sender ctx=18 root=false query=None pred_sent=34320 (0.6%) pool=240 preds=143 wo=587 core=3
KM_MSGPROF sender ctx=106 root=false query=None pred_sent=31065 (0.5%) pool=285 preds=109 wo=679 core=3
KM_PROF[time-ms] msgloop pred_payload=269.6 pred_arrival=17292.9 propagate=1770.6 | add_clause=12903.3 (lookup=660.4 fwdsub=9865.9 backsub=337.5 index=1112.9) hyper=587.0 subsume=313.3 pred_local=1575.4 eq=484.6 saturate=3775.7
KM_PROF msgloop guard=2940000 contexts=1317 msgs_pending=0 saturate_calls=920 succ=88618 pred=2851381 ground_wo=0
KM_MSGPROF arrivals dup=0 empty_join=0 conclusions=2921764 conclusions_new=2909364 (99.58% new) | arena[succ]=86393 arena[root]=13076 pred_interned=64156 ctx_clause_slots=3433100
KM_MSGPROF sender ctx=2 root=false query=None pred_sent=770232 (13.3%) pool=885 preds=932 wo=38272 core=2
KM_MSGPROF sender ctx=3 root=false query=None pred_sent=600032 (10.4%) pool=700 preds=932 wo=33670 core=2
KM_MSGPROF sender ctx=4 root=false query=None pred_sent=521784 (9.0%) pool=804 preds=708 wo=37763 core=2
KM_MSGPROF sender ctx=5 root=false query=None pred_sent=461064 (8.0%) pool=716 preds=708 wo=39231 core=2
KM_MSGPROF sender ctx=6 root=false query=None pred_sent=457432 (7.9%) pool=545 preds=932 wo=28517 core=2
KM_MSGPROF sender ctx=1 root=false query=None pred_sent=457432 (7.9%) pool=545 preds=932 wo=28517 core=2
KM_MSGPROF sender ctx=18 root=false query=None pred_sent=34320 (0.6%) pool=240 preds=143 wo=587 core=3
KM_MSGPROF sender ctx=106 root=false query=None pred_sent=31065 (0.5%) pool=285 preds=109 wo=679 core=3
KM_PROF[time-ms] msgloop pred_payload=272.3 pred_arrival=17455.4 propagate=1770.6 | add_clause=13028.7 (lookup=663.9 fwdsub=9972.1 backsub=339.9 index=1118.9) hyper=587.0 subsume=313.3 pred_local=1575.4 eq=484.6 saturate=3775.7
KM_PROF msgloop guard=2960000 contexts=1317 msgs_pending=0 saturate_calls=920 succ=88618 pred=2871381 ground_wo=0
KM_MSGPROF arrivals dup=0 empty_join=0 conclusions=2942634 conclusions_new=2930234 (99.58% new) | arena[succ]=86567 arena[root]=13163 pred_interned=64243 ctx_clause_slots=3453970
KM_MSGPROF sender ctx=2 root=false query=None pred_sent=770232 (13.3%) pool=885 preds=932 wo=38272 core=2
KM_MSGPROF sender ctx=3 root=false query=None pred_sent=600032 (10.4%) pool=700 preds=932 wo=33670 core=2
KM_MSGPROF sender ctx=4 root=false query=None pred_sent=521784 (9.0%) pool=804 preds=708 wo=37763 core=2
KM_MSGPROF sender ctx=5 root=false query=None pred_sent=461064 (8.0%) pool=716 preds=708 wo=39231 core=2
KM_MSGPROF sender ctx=6 root=false query=None pred_sent=457432 (7.9%) pool=545 preds=932 wo=28517 core=2
KM_MSGPROF sender ctx=1 root=false query=None pred_sent=457432 (7.9%) pool=545 preds=932 wo=28517 core=2
KM_MSGPROF sender ctx=18 root=false query=None pred_sent=34320 (0.6%) pool=240 preds=143 wo=587 core=3
KM_MSGPROF sender ctx=106 root=false query=None pred_sent=31065 (0.5%) pool=285 preds=109 wo=679 core=3
KM_PROF[time-ms] msgloop pred_payload=274.8 pred_arrival=17619.7 propagate=1770.6 | add_clause=13156.6 (lookup=667.4 fwdsub=10081.3 backsub=342.3 index=1125.0) hyper=587.0 subsume=313.3 pred_local=1575.4 eq=484.6 saturate=3775.7
KM_PROF msgloop guard=2980000 contexts=1317 msgs_pending=0 saturate_calls=920 succ=88618 pred=2891381 ground_wo=0
KM_MSGPROF arrivals dup=0 empty_join=0 conclusions=2963502 conclusions_new=2951102 (99.58% new) | arena[succ]=86741 arena[root]=13250 pred_interned=64330 ctx_clause_slots=3474838
KM_MSGPROF sender ctx=2 root=false query=None pred_sent=770232 (13.3%) pool=885 preds=932 wo=38272 core=2
KM_MSGPROF sender ctx=3 root=false query=None pred_sent=600032 (10.4%) pool=700 preds=932 wo=33670 core=2
KM_MSGPROF sender ctx=4 root=false query=None pred_sent=521784 (9.0%) pool=804 preds=708 wo=37763 core=2
KM_MSGPROF sender ctx=5 root=false query=None pred_sent=461064 (8.0%) pool=716 preds=708 wo=39231 core=2
KM_MSGPROF sender ctx=6 root=false query=None pred_sent=457432 (7.9%) pool=545 preds=932 wo=28517 core=2
KM_MSGPROF sender ctx=1 root=false query=None pred_sent=457432 (7.9%) pool=545 preds=932 wo=28517 core=2
KM_MSGPROF sender ctx=18 root=false query=None pred_sent=34320 (0.6%) pool=240 preds=143 wo=587 core=3
KM_MSGPROF sender ctx=106 root=false query=None pred_sent=31065 (0.5%) pool=285 preds=109 wo=679 core=3
KM_PROF[time-ms] msgloop pred_payload=277.1 pred_arrival=17798.1 propagate=1770.6 | add_clause=13297.3 (lookup=671.1 fwdsub=10200.7 backsub=344.7 index=1133.1) hyper=587.0 subsume=313.3 pred_local=1575.4 eq=484.6 saturate=3775.7
KM_PROF msgloop guard=3000000 contexts=1317 msgs_pending=0 saturate_calls=920 succ=88618 pred=2911381 ground_wo=0
KM_MSGPROF arrivals dup=0 empty_join=0 conclusions=2984372 conclusions_new=2971972 (99.58% new) | arena[succ]=86915 arena[root]=13337 pred_interned=64417 ctx_clause_slots=3495708
KM_MSGPROF sender ctx=2 root=false query=None pred_sent=770232 (13.3%) pool=885 preds=932 wo=38272 core=2
KM_MSGPROF sender ctx=3 root=false query=None pred_sent=600032 (10.4%) pool=700 preds=932 wo=33670 core=2
KM_MSGPROF sender ctx=4 root=false query=None pred_sent=521784 (9.0%) pool=804 preds=708 wo=37763 core=2
KM_MSGPROF sender ctx=5 root=false query=None pred_sent=461064 (8.0%) pool=716 preds=708 wo=39231 core=2
KM_MSGPROF sender ctx=6 root=false query=None pred_sent=457432 (7.9%) pool=545 preds=932 wo=28517 core=2
KM_MSGPROF sender ctx=1 root=false query=None pred_sent=457432 (7.9%) pool=545 preds=932 wo=28517 core=2
KM_MSGPROF sender ctx=18 root=false query=None pred_sent=34320 (0.6%) pool=240 preds=143 wo=587 core=3
KM_MSGPROF sender ctx=106 root=false query=None pred_sent=31065 (0.5%) pool=285 preds=109 wo=679 core=3
KM_PROF[time-ms] msgloop pred_payload=279.3 pred_arrival=17975.4 propagate=1770.6 | add_clause=13438.2 (lookup=674.6 fwdsub=10320.3 backsub=346.9 index=1141.9) hyper=587.0 subsume=313.3 pred_local=1575.4 eq=484.6 saturate=3775.7
KM_PROF msgloop guard=3020000 contexts=1317 msgs_pending=0 saturate_calls=920 succ=88618 pred=2931381 ground_wo=0
KM_MSGPROF arrivals dup=0 empty_join=0 conclusions=3005242 conclusions_new=2992842 (99.59% new) | arena[succ]=87089 arena[root]=13424 pred_interned=64504 ctx_clause_slots=3516578
KM_MSGPROF sender ctx=2 root=false query=None pred_sent=770232 (13.3%) pool=885 preds=932 wo=38272 core=2
KM_MSGPROF sender ctx=3 root=false query=None pred_sent=600032 (10.4%) pool=700 preds=932 wo=33670 core=2
KM_MSGPROF sender ctx=4 root=false query=None pred_sent=521784 (9.0%) pool=804 preds=708 wo=37763 core=2
KM_MSGPROF sender ctx=5 root=false query=None pred_sent=461064 (8.0%) pool=716 preds=708 wo=39231 core=2
KM_MSGPROF sender ctx=6 root=false query=None pred_sent=457432 (7.9%) pool=545 preds=932 wo=28517 core=2
KM_MSGPROF sender ctx=1 root=false query=None pred_sent=457432 (7.9%) pool=545 preds=932 wo=28517 core=2
KM_MSGPROF sender ctx=18 root=false query=None pred_sent=34320 (0.6%) pool=240 preds=143 wo=587 core=3
KM_MSGPROF sender ctx=106 root=false query=None pred_sent=31065 (0.5%) pool=285 preds=109 wo=679 core=3
KM_PROF[time-ms] msgloop pred_payload=281.6 pred_arrival=18158.3 propagate=1770.6 | add_clause=13584.1 (lookup=678.3 fwdsub=10447.5 backsub=349.3 index=1147.8) hyper=587.0 subsume=313.3 pred_local=1575.4 eq=484.6 saturate=3775.7
KM_PROF msgloop guard=3040000 contexts=1317 msgs_pending=0 saturate_calls=920 succ=90231 pred=2949768 ground_wo=0
KM_MSGPROF arrivals dup=0 empty_join=0 conclusions=3024048 conclusions_new=3010783 (99.56% new) | arena[succ]=87176 arena[root]=13474 pred_interned=64744 ctx_clause_slots=3534519
KM_MSGPROF sender ctx=2 root=false query=None pred_sent=770232 (13.3%) pool=885 preds=934 wo=38272 core=2
KM_MSGPROF sender ctx=3 root=false query=None pred_sent=600032 (10.4%) pool=700 preds=934 wo=33670 core=2
KM_MSGPROF sender ctx=4 root=false query=None pred_sent=521784 (9.0%) pool=804 preds=711 wo=37763 core=2
KM_MSGPROF sender ctx=5 root=false query=None pred_sent=461064 (8.0%) pool=716 preds=711 wo=39231 core=2
KM_MSGPROF sender ctx=6 root=false query=None pred_sent=457432 (7.9%) pool=545 preds=934 wo=28517 core=2
KM_MSGPROF sender ctx=1 root=false query=None pred_sent=457432 (7.9%) pool=545 preds=934 wo=28517 core=2
KM_MSGPROF sender ctx=18 root=false query=None pred_sent=34320 (0.6%) pool=240 preds=143 wo=587 core=3
KM_MSGPROF sender ctx=106 root=false query=None pred_sent=31065 (0.5%) pool=285 preds=109 wo=679 core=3
KM_PROF[time-ms] msgloop pred_payload=283.2 pred_arrival=18286.0 propagate=1770.6 | add_clause=13674.6 (lookup=681.7 fwdsub=10520.7 backsub=351.7 index=1153.7) hyper=587.0 subsume=313.3 pred_local=1575.4 eq=484.6 saturate=3775.7
KM_PROF msgloop guard=3060000 contexts=1317 msgs_pending=0 saturate_calls=920 succ=92198 pred=2967801 ground_wo=0
KM_MSGPROF arrivals dup=0 empty_join=0 conclusions=3042089 conclusions_new=3027187 (99.51% new) | arena[succ]=87194 arena[root]=13492 pred_interned=64858 ctx_clause_slots=3550923
KM_MSGPROF sender ctx=2 root=false query=None pred_sent=770232 (13.3%) pool=885 preds=938 wo=38272 core=2
KM_MSGPROF sender ctx=3 root=false query=None pred_sent=600032 (10.4%) pool=700 preds=938 wo=33670 core=2
KM_MSGPROF sender ctx=4 root=false query=None pred_sent=521784 (9.0%) pool=804 preds=717 wo=37763 core=2
KM_MSGPROF sender ctx=5 root=false query=None pred_sent=461064 (8.0%) pool=716 preds=717 wo=39231 core=2
KM_MSGPROF sender ctx=6 root=false query=None pred_sent=457432 (7.9%) pool=545 preds=938 wo=28517 core=2
KM_MSGPROF sender ctx=1 root=false query=None pred_sent=457432 (7.9%) pool=545 preds=938 wo=28517 core=2
KM_MSGPROF sender ctx=18 root=false query=None pred_sent=34320 (0.6%) pool=240 preds=143 wo=587 core=3
KM_MSGPROF sender ctx=106 root=false query=None pred_sent=31065 (0.5%) pool=285 preds=109 wo=679 core=3
KM_PROF[time-ms] msgloop pred_payload=284.8 pred_arrival=18344.5 propagate=1770.6 | add_clause=13693.4 (lookup=684.3 fwdsub=10525.0 backsub=353.3 index=1158.5) hyper=587.0 subsume=313.3 pred_local=1575.4 eq=484.6 saturate=3775.7
KM_PROF msgloop guard=3080000 contexts=1317 msgs_pending=0 saturate_calls=920 succ=94205 pred=2985794 ground_wo=0
KM_MSGPROF arrivals dup=0 empty_join=0 conclusions=3060082 conclusions_new=3045180 (99.51% new) | arena[succ]=87194 arena[root]=13492 pred_interned=64858 ctx_clause_slots=3568916
KM_MSGPROF sender ctx=2 root=false query=None pred_sent=770232 (13.3%) pool=885 preds=940 wo=38272 core=2
KM_MSGPROF sender ctx=3 root=false query=None pred_sent=600032 (10.4%) pool=700 preds=940 wo=33670 core=2
KM_MSGPROF sender ctx=4 root=false query=None pred_sent=521784 (9.0%) pool=804 preds=720 wo=37763 core=2
KM_MSGPROF sender ctx=5 root=false query=None pred_sent=461064 (8.0%) pool=716 preds=720 wo=39231 core=2
KM_MSGPROF sender ctx=6 root=false query=None pred_sent=457432 (7.9%) pool=545 preds=940 wo=28517 core=2
KM_MSGPROF sender ctx=1 root=false query=None pred_sent=457432 (7.9%) pool=545 preds=940 wo=28517 core=2
KM_MSGPROF sender ctx=18 root=false query=None pred_sent=34320 (0.6%) pool=240 preds=143 wo=587 core=3
KM_MSGPROF sender ctx=106 root=false query=None pred_sent=31065 (0.5%) pool=285 preds=109 wo=679 core=3
KM_PROF[time-ms] msgloop pred_payload=286.1 pred_arrival=18404.5 propagate=1770.6 | add_clause=13720.1 (lookup=687.7 fwdsub=10533.8 backsub=355.5 index=1165.2) hyper=587.0 subsume=313.3 pred_local=1575.4 eq=484.6 saturate=3775.7
KM_PROF msgloop guard=3100000 contexts=1317 msgs_pending=0 saturate_calls=920 succ=94205 pred=3005794 ground_wo=0
KM_MSGPROF arrivals dup=0 empty_join=0 conclusions=3080082 conclusions_new=3063428 (99.46% new) | arena[succ]=87194 arena[root]=13492 pred_interned=64858 ctx_clause_slots=3587164
KM_MSGPROF sender ctx=2 root=false query=None pred_sent=770232 (13.3%) pool=885 preds=940 wo=38272 core=2
KM_MSGPROF sender ctx=3 root=false query=None pred_sent=600032 (10.4%) pool=700 preds=940 wo=33670 core=2
KM_MSGPROF sender ctx=4 root=false query=None pred_sent=521784 (9.0%) pool=804 preds=720 wo=37763 core=2
KM_MSGPROF sender ctx=5 root=false query=None pred_sent=461064 (8.0%) pool=716 preds=720 wo=39231 core=2
KM_MSGPROF sender ctx=6 root=false query=None pred_sent=457432 (7.9%) pool=545 preds=940 wo=28517 core=2
KM_MSGPROF sender ctx=1 root=false query=None pred_sent=457432 (7.9%) pool=545 preds=940 wo=28517 core=2
KM_MSGPROF sender ctx=18 root=false query=None pred_sent=34320 (0.6%) pool=240 preds=143 wo=587 core=3
KM_MSGPROF sender ctx=106 root=false query=None pred_sent=31065 (0.5%) pool=285 preds=109 wo=679 core=3
KM_PROF[time-ms] msgloop pred_payload=287.5 pred_arrival=18461.8 propagate=1770.6 | add_clause=13745.3 (lookup=690.8 fwdsub=10543.3 backsub=357.4 index=1170.1) hyper=587.0 subsume=313.3 pred_local=1575.4 eq=484.6 saturate=3775.7
KM_PROF msgloop guard=3120000 contexts=1317 msgs_pending=0 saturate_calls=920 succ=94205 pred=3025794 ground_wo=0
KM_MSGPROF arrivals dup=0 empty_join=0 conclusions=3100082 conclusions_new=3083428 (99.46% new) | arena[succ]=87194 arena[root]=13492 pred_interned=64858 ctx_clause_slots=3607164
KM_MSGPROF sender ctx=2 root=false query=None pred_sent=770232 (13.3%) pool=885 preds=940 wo=38272 core=2
KM_MSGPROF sender ctx=3 root=false query=None pred_sent=600032 (10.4%) pool=700 preds=940 wo=33670 core=2
KM_MSGPROF sender ctx=4 root=false query=None pred_sent=521784 (9.0%) pool=804 preds=720 wo=37763 core=2
KM_MSGPROF sender ctx=5 root=false query=None pred_sent=461064 (8.0%) pool=716 preds=720 wo=39231 core=2
KM_MSGPROF sender ctx=6 root=false query=None pred_sent=457432 (7.9%) pool=545 preds=940 wo=28517 core=2
KM_MSGPROF sender ctx=1 root=false query=None pred_sent=457432 (7.9%) pool=545 preds=940 wo=28517 core=2
KM_MSGPROF sender ctx=18 root=false query=None pred_sent=34320 (0.6%) pool=240 preds=143 wo=587 core=3
KM_MSGPROF sender ctx=106 root=false query=None pred_sent=31065 (0.5%) pool=285 preds=109 wo=679 core=3
KM_PROF[time-ms] msgloop pred_payload=288.9 pred_arrival=18524.8 propagate=1770.6 | add_clause=13776.2 (lookup=693.8 fwdsub=10557.9 backsub=359.4 index=1175.7) hyper=587.0 subsume=313.3 pred_local=1575.4 eq=484.6 saturate=3775.7
KM_PROF msgloop guard=3140000 contexts=1317 msgs_pending=0 saturate_calls=920 succ=94205 pred=3045794 ground_wo=0
KM_MSGPROF arrivals dup=0 empty_join=0 conclusions=3120082 conclusions_new=3103428 (99.47% new) | arena[succ]=87194 arena[root]=13492 pred_interned=64858 ctx_clause_slots=3627164
KM_MSGPROF sender ctx=2 root=false query=None pred_sent=770232 (13.3%) pool=885 preds=940 wo=38272 core=2
KM_MSGPROF sender ctx=3 root=false query=None pred_sent=600032 (10.4%) pool=700 preds=940 wo=33670 core=2
KM_MSGPROF sender ctx=4 root=false query=None pred_sent=521784 (9.0%) pool=804 preds=720 wo=37763 core=2
KM_MSGPROF sender ctx=5 root=false query=None pred_sent=461064 (8.0%) pool=716 preds=720 wo=39231 core=2
KM_MSGPROF sender ctx=6 root=false query=None pred_sent=457432 (7.9%) pool=545 preds=940 wo=28517 core=2
KM_MSGPROF sender ctx=1 root=false query=None pred_sent=457432 (7.9%) pool=545 preds=940 wo=28517 core=2
KM_MSGPROF sender ctx=18 root=false query=None pred_sent=34320 (0.6%) pool=240 preds=143 wo=587 core=3
KM_MSGPROF sender ctx=106 root=false query=None pred_sent=31065 (0.5%) pool=285 preds=109 wo=679 core=3
KM_PROF[time-ms] msgloop pred_payload=290.3 pred_arrival=18591.4 propagate=1770.6 | add_clause=13811.0 (lookup=696.9 fwdsub=10576.5 backsub=361.4 index=1181.3) hyper=587.0 subsume=313.3 pred_local=1575.4 eq=484.6 saturate=3775.7
KM_PROF msgloop guard=3160000 contexts=1317 msgs_pending=0 saturate_calls=920 succ=94205 pred=3065794 ground_wo=0
KM_MSGPROF arrivals dup=0 empty_join=0 conclusions=3140082 conclusions_new=3123428 (99.47% new) | arena[succ]=87194 arena[root]=13492 pred_interned=64858 ctx_clause_slots=3647164
KM_MSGPROF sender ctx=2 root=false query=None pred_sent=770232 (13.3%) pool=885 preds=940 wo=38272 core=2
KM_MSGPROF sender ctx=3 root=false query=None pred_sent=600032 (10.4%) pool=700 preds=940 wo=33670 core=2
KM_MSGPROF sender ctx=4 root=false query=None pred_sent=521784 (9.0%) pool=804 preds=720 wo=37763 core=2
KM_MSGPROF sender ctx=5 root=false query=None pred_sent=461064 (8.0%) pool=716 preds=720 wo=39231 core=2
KM_MSGPROF sender ctx=6 root=false query=None pred_sent=457432 (7.9%) pool=545 preds=940 wo=28517 core=2
KM_MSGPROF sender ctx=1 root=false query=None pred_sent=457432 (7.9%) pool=545 preds=940 wo=28517 core=2
KM_MSGPROF sender ctx=18 root=false query=None pred_sent=34320 (0.6%) pool=240 preds=143 wo=587 core=3
KM_MSGPROF sender ctx=106 root=false query=None pred_sent=31065 (0.5%) pool=285 preds=109 wo=679 core=3
KM_PROF[time-ms] msgloop pred_payload=291.8 pred_arrival=18662.8 propagate=1770.6 | add_clause=13850.3 (lookup=699.9 fwdsub=10599.2 backsub=363.5 index=1186.8) hyper=587.0 subsume=313.3 pred_local=1575.4 eq=484.6 saturate=3775.7
KM_PROF msgloop guard=3180000 contexts=1317 msgs_pending=0 saturate_calls=920 succ=94205 pred=3085794 ground_wo=0
KM_MSGPROF arrivals dup=0 empty_join=0 conclusions=3160082 conclusions_new=3143428 (99.47% new) | arena[succ]=87194 arena[root]=13492 pred_interned=64858 ctx_clause_slots=3667164
KM_MSGPROF sender ctx=2 root=false query=None pred_sent=770232 (13.3%) pool=885 preds=940 wo=38272 core=2
KM_MSGPROF sender ctx=3 root=false query=None pred_sent=600032 (10.4%) pool=700 preds=940 wo=33670 core=2
KM_MSGPROF sender ctx=4 root=false query=None pred_sent=521784 (9.0%) pool=804 preds=720 wo=37763 core=2
KM_MSGPROF sender ctx=5 root=false query=None pred_sent=461064 (8.0%) pool=716 preds=720 wo=39231 core=2
KM_MSGPROF sender ctx=6 root=false query=None pred_sent=457432 (7.9%) pool=545 preds=940 wo=28517 core=2
KM_MSGPROF sender ctx=1 root=false query=None pred_sent=457432 (7.9%) pool=545 preds=940 wo=28517 core=2
KM_MSGPROF sender ctx=18 root=false query=None pred_sent=34320 (0.6%) pool=240 preds=143 wo=587 core=3
KM_MSGPROF sender ctx=106 root=false query=None pred_sent=31065 (0.5%) pool=285 preds=109 wo=679 core=3
KM_PROF[time-ms] msgloop pred_payload=293.3 pred_arrival=18739.5 propagate=1770.6 | add_clause=13893.9 (lookup=703.0 fwdsub=10625.8 backsub=365.6 index=1192.9) hyper=587.0 subsume=313.3 pred_local=1575.4 eq=484.6 saturate=3775.7
KM_PROF msgloop guard=3200000 contexts=1317 msgs_pending=0 saturate_calls=920 succ=94205 pred=3105794 ground_wo=0
KM_MSGPROF arrivals dup=0 empty_join=0 conclusions=3180082 conclusions_new=3163428 (99.48% new) | arena[succ]=87194 arena[root]=13492 pred_interned=64858 ctx_clause_slots=3687164
KM_MSGPROF sender ctx=2 root=false query=None pred_sent=770232 (13.3%) pool=885 preds=940 wo=38272 core=2
KM_MSGPROF sender ctx=3 root=false query=None pred_sent=600032 (10.4%) pool=700 preds=940 wo=33670 core=2
KM_MSGPROF sender ctx=4 root=false query=None pred_sent=521784 (9.0%) pool=804 preds=720 wo=37763 core=2
KM_MSGPROF sender ctx=5 root=false query=None pred_sent=461064 (8.0%) pool=716 preds=720 wo=39231 core=2
KM_MSGPROF sender ctx=6 root=false query=None pred_sent=457432 (7.9%) pool=545 preds=940 wo=28517 core=2
KM_MSGPROF sender ctx=1 root=false query=None pred_sent=457432 (7.9%) pool=545 preds=940 wo=28517 core=2
KM_MSGPROF sender ctx=18 root=false query=None pred_sent=34320 (0.6%) pool=240 preds=143 wo=587 core=3
KM_MSGPROF sender ctx=106 root=false query=None pred_sent=31065 (0.5%) pool=285 preds=109 wo=679 core=3
KM_PROF[time-ms] msgloop pred_payload=294.7 pred_arrival=18820.0 propagate=1770.6 | add_clause=13941.9 (lookup=706.2 fwdsub=10657.1 backsub=367.4 index=1198.9) hyper=587.0 subsume=313.3 pred_local=1575.4 eq=484.6 saturate=3775.7
KM_PROF msgloop guard=3220000 contexts=1317 msgs_pending=0 saturate_calls=920 succ=94205 pred=3125794 ground_wo=0
KM_MSGPROF arrivals dup=0 empty_join=0 conclusions=3200082 conclusions_new=3183428 (99.48% new) | arena[succ]=87194 arena[root]=13492 pred_interned=64858 ctx_clause_slots=3707164
KM_MSGPROF sender ctx=2 root=false query=None pred_sent=770232 (13.3%) pool=885 preds=940 wo=38272 core=2
KM_MSGPROF sender ctx=3 root=false query=None pred_sent=600032 (10.4%) pool=700 preds=940 wo=33670 core=2
KM_MSGPROF sender ctx=4 root=false query=None pred_sent=521784 (9.0%) pool=804 preds=720 wo=37763 core=2
KM_MSGPROF sender ctx=5 root=false query=None pred_sent=461064 (8.0%) pool=716 preds=720 wo=39231 core=2
KM_MSGPROF sender ctx=6 root=false query=None pred_sent=457432 (7.9%) pool=545 preds=940 wo=28517 core=2
KM_MSGPROF sender ctx=1 root=false query=None pred_sent=457432 (7.9%) pool=545 preds=940 wo=28517 core=2
KM_MSGPROF sender ctx=18 root=false query=None pred_sent=34320 (0.6%) pool=240 preds=143 wo=587 core=3
KM_MSGPROF sender ctx=106 root=false query=None pred_sent=31065 (0.5%) pool=285 preds=109 wo=679 core=3
KM_PROF[time-ms] msgloop pred_payload=296.2 pred_arrival=18906.9 propagate=1770.6 | add_clause=13995.4 (lookup=709.4 fwdsub=10693.5 backsub=369.5 index=1204.8) hyper=587.0 subsume=313.3 pred_local=1575.4 eq=484.6 saturate=3775.7
KM_PROF msgloop guard=3240000 contexts=1317 msgs_pending=0 saturate_calls=920 succ=94205 pred=3145794 ground_wo=0
KM_MSGPROF arrivals dup=0 empty_join=0 conclusions=3220082 conclusions_new=3203428 (99.48% new) | arena[succ]=87194 arena[root]=13492 pred_interned=64858 ctx_clause_slots=3727164
KM_MSGPROF sender ctx=2 root=false query=None pred_sent=770232 (13.3%) pool=885 preds=940 wo=38272 core=2
KM_MSGPROF sender ctx=3 root=false query=None pred_sent=600032 (10.4%) pool=700 preds=940 wo=33670 core=2
KM_MSGPROF sender ctx=4 root=false query=None pred_sent=521784 (9.0%) pool=804 preds=720 wo=37763 core=2
KM_MSGPROF sender ctx=5 root=false query=None pred_sent=461064 (8.0%) pool=716 preds=720 wo=39231 core=2
KM_MSGPROF sender ctx=6 root=false query=None pred_sent=457432 (7.9%) pool=545 preds=940 wo=28517 core=2
KM_MSGPROF sender ctx=1 root=false query=None pred_sent=457432 (7.9%) pool=545 preds=940 wo=28517 core=2
KM_MSGPROF sender ctx=18 root=false query=None pred_sent=34320 (0.6%) pool=240 preds=143 wo=587 core=3
KM_MSGPROF sender ctx=106 root=false query=None pred_sent=31065 (0.5%) pool=285 preds=109 wo=679 core=3
KM_PROF[time-ms] msgloop pred_payload=297.8 pred_arrival=18999.7 propagate=1770.6 | add_clause=14054.6 (lookup=712.5 fwdsub=10735.4 backsub=371.8 index=1210.2) hyper=587.0 subsume=313.3 pred_local=1575.4 eq=484.6 saturate=3775.7
KM_PROF msgloop guard=3260000 contexts=1317 msgs_pending=0 saturate_calls=920 succ=94205 pred=3165794 ground_wo=0
KM_MSGPROF arrivals dup=0 empty_join=0 conclusions=3240082 conclusions_new=3223428 (99.49% new) | arena[succ]=87194 arena[root]=13492 pred_interned=64858 ctx_clause_slots=3747164
KM_MSGPROF sender ctx=2 root=false query=None pred_sent=770232 (13.3%) pool=885 preds=940 wo=38272 core=2
KM_MSGPROF sender ctx=3 root=false query=None pred_sent=600032 (10.4%) pool=700 preds=940 wo=33670 core=2
KM_MSGPROF sender ctx=4 root=false query=None pred_sent=521784 (9.0%) pool=804 preds=720 wo=37763 core=2
KM_MSGPROF sender ctx=5 root=false query=None pred_sent=461064 (8.0%) pool=716 preds=720 wo=39231 core=2
KM_MSGPROF sender ctx=6 root=false query=None pred_sent=457432 (7.9%) pool=545 preds=940 wo=28517 core=2
KM_MSGPROF sender ctx=1 root=false query=None pred_sent=457432 (7.9%) pool=545 preds=940 wo=28517 core=2
KM_MSGPROF sender ctx=18 root=false query=None pred_sent=34320 (0.6%) pool=240 preds=143 wo=587 core=3
KM_MSGPROF sender ctx=106 root=false query=None pred_sent=31065 (0.5%) pool=285 preds=109 wo=679 core=3
KM_PROF[time-ms] msgloop pred_payload=299.3 pred_arrival=19096.5 propagate=1770.6 | add_clause=14118.0 (lookup=715.7 fwdsub=10781.6 backsub=373.9 index=1216.2) hyper=587.0 subsume=313.3 pred_local=1575.4 eq=484.6 saturate=3775.7
KM_PROF msgloop guard=3280000 contexts=1317 msgs_pending=0 saturate_calls=920 succ=94205 pred=3185794 ground_wo=0
KM_MSGPROF arrivals dup=0 empty_join=0 conclusions=3260082 conclusions_new=3243428 (99.49% new) | arena[succ]=87194 arena[root]=13492 pred_interned=64858 ctx_clause_slots=3767164
KM_MSGPROF sender ctx=2 root=false query=None pred_sent=770232 (13.3%) pool=885 preds=940 wo=38272 core=2
KM_MSGPROF sender ctx=3 root=false query=None pred_sent=600032 (10.4%) pool=700 preds=940 wo=33670 core=2
KM_MSGPROF sender ctx=4 root=false query=None pred_sent=521784 (9.0%) pool=804 preds=720 wo=37763 core=2
KM_MSGPROF sender ctx=5 root=false query=None pred_sent=461064 (8.0%) pool=716 preds=720 wo=39231 core=2
KM_MSGPROF sender ctx=6 root=false query=None pred_sent=457432 (7.9%) pool=545 preds=940 wo=28517 core=2
KM_MSGPROF sender ctx=1 root=false query=None pred_sent=457432 (7.9%) pool=545 preds=940 wo=28517 core=2
KM_MSGPROF sender ctx=18 root=false query=None pred_sent=34320 (0.6%) pool=240 preds=143 wo=587 core=3
KM_MSGPROF sender ctx=106 root=false query=None pred_sent=31065 (0.5%) pool=285 preds=109 wo=679 core=3
KM_PROF[time-ms] msgloop pred_payload=300.8 pred_arrival=19196.8 propagate=1770.6 | add_clause=14185.2 (lookup=718.9 fwdsub=10831.7 backsub=375.9 index=1222.1) hyper=587.0 subsume=313.3 pred_local=1575.4 eq=484.6 saturate=3775.7
KM_PROF msgloop guard=3300000 contexts=1317 msgs_pending=0 saturate_calls=920 succ=94205 pred=3205794 ground_wo=0
KM_MSGPROF arrivals dup=0 empty_join=0 conclusions=3280588 conclusions_new=3263934 (99.49% new) | arena[succ]=87293 arena[root]=13533 pred_interned=64902 ctx_clause_slots=3787670
KM_MSGPROF sender ctx=2 root=false query=None pred_sent=770232 (13.3%) pool=885 preds=940 wo=38272 core=2
KM_MSGPROF sender ctx=3 root=false query=None pred_sent=600032 (10.4%) pool=700 preds=940 wo=33670 core=2
KM_MSGPROF sender ctx=4 root=false query=None pred_sent=521784 (9.0%) pool=804 preds=720 wo=37763 core=2
KM_MSGPROF sender ctx=5 root=false query=None pred_sent=461064 (8.0%) pool=716 preds=720 wo=39231 core=2
KM_MSGPROF sender ctx=6 root=false query=None pred_sent=457432 (7.9%) pool=545 preds=940 wo=28517 core=2
KM_MSGPROF sender ctx=1 root=false query=None pred_sent=457432 (7.9%) pool=545 preds=940 wo=28517 core=2
KM_MSGPROF sender ctx=18 root=false query=None pred_sent=34320 (0.6%) pool=240 preds=143 wo=587 core=3
KM_MSGPROF sender ctx=106 root=false query=None pred_sent=31065 (0.5%) pool=285 preds=109 wo=679 core=3
KM_PROF[time-ms] msgloop pred_payload=302.4 pred_arrival=19312.3 propagate=1770.6 | add_clause=14262.9 (lookup=722.3 fwdsub=10889.8 backsub=378.2 index=1229.2) hyper=587.0 subsume=313.3 pred_local=1575.4 eq=484.6 saturate=3775.7
KM_PROF msgloop guard=3320000 contexts=1317 msgs_pending=0 saturate_calls=920 succ=94205 pred=3225794 ground_wo=0
KM_MSGPROF arrivals dup=0 empty_join=0 conclusions=3301678 conclusions_new=3285024 (99.50% new) | arena[succ]=87482 arena[root]=13620 pred_interned=64986 ctx_clause_slots=3808760
KM_MSGPROF sender ctx=2 root=false query=None pred_sent=770232 (13.3%) pool=885 preds=940 wo=38272 core=2
KM_MSGPROF sender ctx=3 root=false query=None pred_sent=600032 (10.4%) pool=700 preds=940 wo=33670 core=2
KM_MSGPROF sender ctx=4 root=false query=None pred_sent=521784 (9.0%) pool=804 preds=720 wo=37763 core=2
KM_MSGPROF sender ctx=5 root=false query=None pred_sent=461064 (8.0%) pool=716 preds=720 wo=39231 core=2
KM_MSGPROF sender ctx=6 root=false query=None pred_sent=457432 (7.9%) pool=545 preds=940 wo=28517 core=2
KM_MSGPROF sender ctx=1 root=false query=None pred_sent=457432 (7.9%) pool=545 preds=940 wo=28517 core=2
KM_MSGPROF sender ctx=18 root=false query=None pred_sent=34320 (0.6%) pool=240 preds=143 wo=587 core=3
KM_MSGPROF sender ctx=106 root=false query=None pred_sent=31065 (0.5%) pool=285 preds=109 wo=679 core=3
KM_PROF[time-ms] msgloop pred_payload=304.7 pred_arrival=19465.5 propagate=1770.6 | add_clause=14379.0 (lookup=725.7 fwdsub=10952.2 backsub=380.8 index=1269.7) hyper=587.0 subsume=313.3 pred_local=1575.4 eq=484.6 saturate=3775.7
KM_PROF msgloop guard=3340000 contexts=1317 msgs_pending=0 saturate_calls=920 succ=94205 pred=3245794 ground_wo=0
KM_MSGPROF arrivals dup=0 empty_join=0 conclusions=3322760 conclusions_new=3306106 (99.50% new) | arena[succ]=87680 arena[root]=13707 pred_interned=65074 ctx_clause_slots=3829842
KM_MSGPROF sender ctx=2 root=false query=None pred_sent=770232 (13.3%) pool=885 preds=940 wo=38272 core=2
KM_MSGPROF sender ctx=3 root=false query=None pred_sent=600032 (10.4%) pool=700 preds=940 wo=33670 core=2
KM_MSGPROF sender ctx=4 root=false query=None pred_sent=521784 (9.0%) pool=804 preds=720 wo=37763 core=2
KM_MSGPROF sender ctx=5 root=false query=None pred_sent=461064 (8.0%) pool=716 preds=720 wo=39231 core=2
KM_MSGPROF sender ctx=6 root=false query=None pred_sent=457432 (7.9%) pool=545 preds=940 wo=28517 core=2
KM_MSGPROF sender ctx=1 root=false query=None pred_sent=457432 (7.9%) pool=545 preds=940 wo=28517 core=2
KM_MSGPROF sender ctx=18 root=false query=None pred_sent=34320 (0.6%) pool=240 preds=143 wo=587 core=3
KM_MSGPROF sender ctx=106 root=false query=None pred_sent=31065 (0.5%) pool=285 preds=109 wo=679 core=3
KM_PROF[time-ms] msgloop pred_payload=306.9 pred_arrival=19615.0 propagate=1770.6 | add_clause=14490.4 (lookup=729.3 fwdsub=11020.5 backsub=383.4 index=1298.9) hyper=587.0 subsume=313.3 pred_local=1575.4 eq=484.6 saturate=3775.7
KM_PROF msgloop guard=3360000 contexts=1317 msgs_pending=0 saturate_calls=920 succ=94205 pred=3265794 ground_wo=0
KM_MSGPROF arrivals dup=0 empty_join=0 conclusions=3343847 conclusions_new=3327193 (99.50% new) | arena[succ]=87878 arena[root]=13795 pred_interned=65162 ctx_clause_slots=3850929
KM_MSGPROF sender ctx=2 root=false query=None pred_sent=770232 (13.3%) pool=885 preds=940 wo=38272 core=2
KM_MSGPROF sender ctx=3 root=false query=None pred_sent=600032 (10.4%) pool=700 preds=940 wo=33670 core=2
KM_MSGPROF sender ctx=4 root=false query=None pred_sent=521784 (9.0%) pool=804 preds=720 wo=37763 core=2
KM_MSGPROF sender ctx=5 root=false query=None pred_sent=461064 (8.0%) pool=716 preds=720 wo=39231 core=2
KM_MSGPROF sender ctx=6 root=false query=None pred_sent=457432 (7.9%) pool=545 preds=940 wo=28517 core=2
KM_MSGPROF sender ctx=1 root=false query=None pred_sent=457432 (7.9%) pool=545 preds=940 wo=28517 core=2
KM_MSGPROF sender ctx=18 root=false query=None pred_sent=34320 (0.6%) pool=240 preds=143 wo=587 core=3
KM_MSGPROF sender ctx=106 root=false query=None pred_sent=31065 (0.5%) pool=285 preds=109 wo=679 core=3
KM_PROF[time-ms] msgloop pred_payload=309.2 pred_arrival=19779.2 propagate=1770.6 | add_clause=14615.8 (lookup=732.9 fwdsub=11094.8 backsub=385.9 index=1336.2) hyper=587.0 subsume=313.3 pred_local=1575.4 eq=484.6 saturate=3775.7
KM_PROF msgloop guard=3380000 contexts=1317 msgs_pending=0 saturate_calls=920 succ=94205 pred=3285794 ground_wo=0
KM_MSGPROF arrivals dup=0 empty_join=0 conclusions=3364938 conclusions_new=3348284 (99.51% new) | arena[succ]=88076 arena[root]=13881 pred_interned=65250 ctx_clause_slots=3872020
KM_MSGPROF sender ctx=2 root=false query=None pred_sent=770232 (13.3%) pool=885 preds=940 wo=38272 core=2
KM_MSGPROF sender ctx=3 root=false query=None pred_sent=600032 (10.4%) pool=700 preds=940 wo=33670 core=2
KM_MSGPROF sender ctx=4 root=false query=None pred_sent=521784 (9.0%) pool=804 preds=720 wo=37763 core=2
KM_MSGPROF sender ctx=5 root=false query=None pred_sent=461064 (8.0%) pool=716 preds=720 wo=39231 core=2
KM_MSGPROF sender ctx=6 root=false query=None pred_sent=457432 (7.9%) pool=545 preds=940 wo=28517 core=2
KM_MSGPROF sender ctx=1 root=false query=None pred_sent=457432 (7.9%) pool=545 preds=940 wo=28517 core=2
KM_MSGPROF sender ctx=18 root=false query=None pred_sent=34320 (0.6%) pool=240 preds=143 wo=587 core=3
KM_MSGPROF sender ctx=106 root=false query=None pred_sent=31065 (0.5%) pool=285 preds=109 wo=679 core=3
KM_PROF[time-ms] msgloop pred_payload=311.4 pred_arrival=19991.9 propagate=1770.6 | add_clause=14790.2 (lookup=736.5 fwdsub=11172.9 backsub=388.3 index=1419.1) hyper=587.0 subsume=313.3 pred_local=1575.4 eq=484.6 saturate=3775.7
KM_PROF msgloop guard=3400000 contexts=1317 msgs_pending=0 saturate_calls=920 succ=94205 pred=3305794 ground_wo=0
KM_MSGPROF arrivals dup=0 empty_join=0 conclusions=3386025 conclusions_new=3369371 (99.51% new) | arena[succ]=88265 arena[root]=13967 pred_interned=65334 ctx_clause_slots=3893107
KM_MSGPROF sender ctx=2 root=false query=None pred_sent=770232 (13.3%) pool=885 preds=940 wo=38272 core=2
KM_MSGPROF sender ctx=3 root=false query=None pred_sent=600032 (10.4%) pool=700 preds=940 wo=33670 core=2
KM_MSGPROF sender ctx=4 root=false query=None pred_sent=521784 (9.0%) pool=804 preds=720 wo=37763 core=2
KM_MSGPROF sender ctx=5 root=false query=None pred_sent=461064 (8.0%) pool=716 preds=720 wo=39231 core=2
KM_MSGPROF sender ctx=6 root=false query=None pred_sent=457432 (7.9%) pool=545 preds=940 wo=28517 core=2
KM_MSGPROF sender ctx=1 root=false query=None pred_sent=457432 (7.9%) pool=545 preds=940 wo=28517 core=2
KM_MSGPROF sender ctx=18 root=false query=None pred_sent=34320 (0.6%) pool=240 preds=143 wo=587 core=3
KM_MSGPROF sender ctx=106 root=false query=None pred_sent=31065 (0.5%) pool=285 preds=109 wo=679 core=3
KM_PROF[time-ms] msgloop pred_payload=313.5 pred_arrival=20145.0 propagate=1770.6 | add_clause=14906.1 (lookup=740.0 fwdsub=11256.9 backsub=390.5 index=1438.4) hyper=587.0 subsume=313.3 pred_local=1575.4 eq=484.6 saturate=3775.7
KM_PROF msgloop guard=3420000 contexts=1317 msgs_pending=0 saturate_calls=920 succ=94205 pred=3325794 ground_wo=0
KM_MSGPROF arrivals dup=0 empty_join=0 conclusions=3407104 conclusions_new=3390450 (99.51% new) | arena[succ]=88463 arena[root]=14055 pred_interned=65422 ctx_clause_slots=3914186
KM_MSGPROF sender ctx=2 root=false query=None pred_sent=770232 (13.3%) pool=885 preds=940 wo=38272 core=2
KM_MSGPROF sender ctx=3 root=false query=None pred_sent=600032 (10.4%) pool=700 preds=940 wo=33670 core=2
KM_MSGPROF sender ctx=4 root=false query=None pred_sent=521784 (9.0%) pool=804 preds=720 wo=37763 core=2
KM_MSGPROF sender ctx=5 root=false query=None pred_sent=461064 (8.0%) pool=716 preds=720 wo=39231 core=2
KM_MSGPROF sender ctx=6 root=false query=None pred_sent=457432 (7.9%) pool=545 preds=940 wo=28517 core=2
KM_MSGPROF sender ctx=1 root=false query=None pred_sent=457432 (7.9%) pool=545 preds=940 wo=28517 core=2
KM_MSGPROF sender ctx=18 root=false query=None pred_sent=34320 (0.6%) pool=240 preds=143 wo=587 core=3
KM_MSGPROF sender ctx=106 root=false query=None pred_sent=31065 (0.5%) pool=285 preds=109 wo=679 core=3
KM_PROF[time-ms] msgloop pred_payload=315.7 pred_arrival=20315.8 propagate=1770.6 | add_clause=15039.5 (lookup=743.7 fwdsub=11346.4 backsub=392.8 index=1469.3) hyper=587.0 subsume=313.3 pred_local=1575.4 eq=484.6 saturate=3775.7
KM_PROF msgloop guard=3440000 contexts=1317 msgs_pending=0 saturate_calls=920 succ=94205 pred=3345794 ground_wo=0
KM_MSGPROF arrivals dup=0 empty_join=0 conclusions=3428196 conclusions_new=3411542 (99.51% new) | arena[succ]=88661 arena[root]=14143 pred_interned=65510 ctx_clause_slots=3935278
KM_MSGPROF sender ctx=2 root=false query=None pred_sent=770232 (13.3%) pool=885 preds=940 wo=38272 core=2
KM_MSGPROF sender ctx=3 root=false query=None pred_sent=600032 (10.4%) pool=700 preds=940 wo=33670 core=2
KM_MSGPROF sender ctx=4 root=false query=None pred_sent=521784 (9.0%) pool=804 preds=720 wo=37763 core=2
KM_MSGPROF sender ctx=5 root=false query=None pred_sent=461064 (8.0%) pool=716 preds=720 wo=39231 core=2
KM_MSGPROF sender ctx=6 root=false query=None pred_sent=457432 (7.9%) pool=545 preds=940 wo=28517 core=2
KM_MSGPROF sender ctx=1 root=false query=None pred_sent=457432 (7.9%) pool=545 preds=940 wo=28517 core=2
KM_MSGPROF sender ctx=18 root=false query=None pred_sent=34320 (0.6%) pool=240 preds=143 wo=587 core=3
KM_MSGPROF sender ctx=106 root=false query=None pred_sent=31065 (0.5%) pool=285 preds=109 wo=679 core=3
KM_PROF[time-ms] msgloop pred_payload=317.9 pred_arrival=20507.4 propagate=1770.6 | add_clause=15193.4 (lookup=747.3 fwdsub=11440.9 backsub=395.1 index=1515.6) hyper=587.0 subsume=313.3 pred_local=1575.4 eq=484.6 saturate=3775.7
KM_PROF msgloop guard=3460000 contexts=1317 msgs_pending=0 saturate_calls=920 succ=94205 pred=3365794 ground_wo=0
KM_MSGPROF arrivals dup=0 empty_join=0 conclusions=3449286 conclusions_new=3432632 (99.52% new) | arena[succ]=88857 arena[root]=14228 pred_interned=65598 ctx_clause_slots=3956368
KM_MSGPROF sender ctx=2 root=false query=None pred_sent=770232 (13.3%) pool=885 preds=940 wo=38272 core=2
KM_MSGPROF sender ctx=3 root=false query=None pred_sent=600032 (10.4%) pool=700 preds=940 wo=33670 core=2
KM_MSGPROF sender ctx=4 root=false query=None pred_sent=521784 (9.0%) pool=804 preds=720 wo=37763 core=2
KM_MSGPROF sender ctx=5 root=false query=None pred_sent=461064 (8.0%) pool=716 preds=720 wo=39231 core=2
KM_MSGPROF sender ctx=6 root=false query=None pred_sent=457432 (7.9%) pool=545 preds=940 wo=28517 core=2
KM_MSGPROF sender ctx=1 root=false query=None pred_sent=457432 (7.9%) pool=545 preds=940 wo=28517 core=2
KM_MSGPROF sender ctx=18 root=false query=None pred_sent=34320 (0.6%) pool=240 preds=143 wo=587 core=3
KM_MSGPROF sender ctx=106 root=false query=None pred_sent=31065 (0.5%) pool=285 preds=109 wo=679 core=3
KM_PROF[time-ms] msgloop pred_payload=320.0 pred_arrival=20669.0 propagate=1770.6 | add_clause=15315.0 (lookup=750.9 fwdsub=11540.8 backsub=397.5 index=1524.1) hyper=587.0 subsume=313.3 pred_local=1575.4 eq=484.6 saturate=3775.7
KM_PROF msgloop guard=3480000 contexts=1317 msgs_pending=0 saturate_calls=920 succ=94205 pred=3385794 ground_wo=0
KM_MSGPROF arrivals dup=0 empty_join=0 conclusions=3470373 conclusions_new=3453719 (99.52% new) | arena[succ]=89048 arena[root]=14315 pred_interned=65682 ctx_clause_slots=3977455
KM_MSGPROF sender ctx=2 root=false query=None pred_sent=770232 (13.3%) pool=885 preds=940 wo=38272 core=2
KM_MSGPROF sender ctx=3 root=false query=None pred_sent=600032 (10.4%) pool=700 preds=940 wo=33670 core=2
KM_MSGPROF sender ctx=4 root=false query=None pred_sent=521784 (9.0%) pool=804 preds=720 wo=37763 core=2
KM_MSGPROF sender ctx=5 root=false query=None pred_sent=461064 (8.0%) pool=716 preds=720 wo=39231 core=2
KM_MSGPROF sender ctx=6 root=false query=None pred_sent=457432 (7.9%) pool=545 preds=940 wo=28517 core=2
KM_MSGPROF sender ctx=1 root=false query=None pred_sent=457432 (7.9%) pool=545 preds=940 wo=28517 core=2
KM_MSGPROF sender ctx=18 root=false query=None pred_sent=34320 (0.6%) pool=240 preds=143 wo=587 core=3
KM_MSGPROF sender ctx=106 root=false query=None pred_sent=31065 (0.5%) pool=285 preds=109 wo=679 core=3
KM_PROF[time-ms] msgloop pred_payload=322.2 pred_arrival=20857.9 propagate=1770.6 | add_clause=15466.0 (lookup=754.6 fwdsub=11646.5 backsub=399.8 index=1556.7) hyper=587.0 subsume=313.3 pred_local=1575.4 eq=484.6 saturate=3775.7
KM_PROF msgloop guard=3500000 contexts=1317 msgs_pending=0 saturate_calls=920 succ=94205 pred=3405794 ground_wo=0
KM_MSGPROF arrivals dup=0 empty_join=0 conclusions=3491452 conclusions_new=3474798 (99.52% new) | arena[succ]=89246 arena[root]=14403 pred_interned=65770 ctx_clause_slots=3998534
KM_MSGPROF sender ctx=2 root=false query=None pred_sent=770232 (13.3%) pool=885 preds=940 wo=38272 core=2
KM_MSGPROF sender ctx=3 root=false query=None pred_sent=600032 (10.4%) pool=700 preds=940 wo=33670 core=2
KM_MSGPROF sender ctx=4 root=false query=None pred_sent=521784 (9.0%) pool=804 preds=720 wo=37763 core=2
KM_MSGPROF sender ctx=5 root=false query=None pred_sent=461064 (8.0%) pool=716 preds=720 wo=39231 core=2
KM_MSGPROF sender ctx=6 root=false query=None pred_sent=457432 (7.9%) pool=545 preds=940 wo=28517 core=2
KM_MSGPROF sender ctx=1 root=false query=None pred_sent=457432 (7.9%) pool=545 preds=940 wo=28517 core=2
KM_MSGPROF sender ctx=18 root=false query=None pred_sent=34320 (0.6%) pool=240 preds=143 wo=587 core=3
KM_MSGPROF sender ctx=106 root=false query=None pred_sent=31065 (0.5%) pool=285 preds=109 wo=679 core=3
KM_PROF[time-ms] msgloop pred_payload=324.2 pred_arrival=21030.3 propagate=1770.6 | add_clause=15600.3 (lookup=758.3 fwdsub=11756.8 backsub=402.0 index=1568.1) hyper=587.0 subsume=313.3 pred_local=1575.4 eq=484.6 saturate=3775.7
KM_PROF msgloop guard=3520000 contexts=1317 msgs_pending=0 saturate_calls=920 succ=94205 pred=3425794 ground_wo=0
KM_MSGPROF arrivals dup=0 empty_join=0 conclusions=3511898 conclusions_new=3494892 (99.52% new) | arena[succ]=89318 arena[root]=14436 pred_interned=65994 ctx_clause_slots=4018628
KM_MSGPROF sender ctx=2 root=false query=None pred_sent=770232 (13.3%) pool=885 preds=940 wo=38272 core=2
KM_MSGPROF sender ctx=3 root=false query=None pred_sent=600032 (10.4%) pool=700 preds=940 wo=33670 core=2
KM_MSGPROF sender ctx=4 root=false query=None pred_sent=521784 (9.0%) pool=804 preds=720 wo=37763 core=2
KM_MSGPROF sender ctx=5 root=false query=None pred_sent=461064 (8.0%) pool=716 preds=720 wo=39231 core=2
KM_MSGPROF sender ctx=6 root=false query=None pred_sent=457432 (7.9%) pool=545 preds=940 wo=28517 core=2
KM_MSGPROF sender ctx=1 root=false query=None pred_sent=457432 (7.9%) pool=545 preds=940 wo=28517 core=2
KM_MSGPROF sender ctx=18 root=false query=None pred_sent=34320 (0.6%) pool=240 preds=143 wo=587 core=3
KM_MSGPROF sender ctx=106 root=false query=None pred_sent=31065 (0.5%) pool=285 preds=109 wo=679 core=3
KM_PROF[time-ms] msgloop pred_payload=326.1 pred_arrival=21206.7 propagate=1770.6 | add_clause=15676.6 (lookup=761.7 fwdsub=11815.8 backsub=404.4 index=1573.4) hyper=587.0 subsume=313.3 pred_local=1575.4 eq=484.6 saturate=3775.7
KM_PROF msgloop guard=3540000 contexts=1317 msgs_pending=0 saturate_calls=920 succ=94205 pred=3445794 ground_wo=0
KM_MSGPROF arrivals dup=0 empty_join=0 conclusions=3531898 conclusions_new=3514368 (99.50% new) | arena[succ]=89318 arena[root]=14436 pred_interned=65994 ctx_clause_slots=4038104
KM_MSGPROF sender ctx=2 root=false query=None pred_sent=770232 (13.3%) pool=885 preds=940 wo=38272 core=2
KM_MSGPROF sender ctx=3 root=false query=None pred_sent=600032 (10.4%) pool=700 preds=940 wo=33670 core=2
KM_MSGPROF sender ctx=4 root=false query=None pred_sent=521784 (9.0%) pool=804 preds=720 wo=37763 core=2
KM_MSGPROF sender ctx=5 root=false query=None pred_sent=461064 (8.0%) pool=716 preds=720 wo=39231 core=2
KM_MSGPROF sender ctx=6 root=false query=None pred_sent=457432 (7.9%) pool=545 preds=940 wo=28517 core=2
KM_MSGPROF sender ctx=1 root=false query=None pred_sent=457432 (7.9%) pool=545 preds=940 wo=28517 core=2
KM_MSGPROF sender ctx=18 root=false query=None pred_sent=34320 (0.6%) pool=240 preds=143 wo=587 core=3
KM_MSGPROF sender ctx=106 root=false query=None pred_sent=31065 (0.5%) pool=285 preds=109 wo=679 core=3
KM_PROF[time-ms] msgloop pred_payload=327.7 pred_arrival=21267.3 propagate=1770.6 | add_clause=15694.4 (lookup=764.0 fwdsub=11819.2 backsub=405.7 index=1577.9) hyper=587.0 subsume=313.3 pred_local=1575.4 eq=484.6 saturate=3775.7
KM_PROF msgloop guard=3560000 contexts=1317 msgs_pending=0 saturate_calls=920 succ=94205 pred=3465794 ground_wo=0
KM_MSGPROF arrivals dup=0 empty_join=0 conclusions=3551898 conclusions_new=3533880 (99.49% new) | arena[succ]=89318 arena[root]=14436 pred_interned=65994 ctx_clause_slots=4057616
KM_MSGPROF sender ctx=2 root=false query=None pred_sent=770232 (13.3%) pool=885 preds=940 wo=38272 core=2
KM_MSGPROF sender ctx=3 root=false query=None pred_sent=600032 (10.4%) pool=700 preds=940 wo=33670 core=2
KM_MSGPROF sender ctx=4 root=false query=None pred_sent=521784 (9.0%) pool=804 preds=720 wo=37763 core=2
KM_MSGPROF sender ctx=5 root=false query=None pred_sent=461064 (8.0%) pool=716 preds=720 wo=39231 core=2
KM_MSGPROF sender ctx=6 root=false query=None pred_sent=457432 (7.9%) pool=545 preds=940 wo=28517 core=2
KM_MSGPROF sender ctx=1 root=false query=None pred_sent=457432 (7.9%) pool=545 preds=940 wo=28517 core=2
KM_MSGPROF sender ctx=18 root=false query=None pred_sent=34320 (0.6%) pool=240 preds=143 wo=587 core=3
KM_MSGPROF sender ctx=106 root=false query=None pred_sent=31065 (0.5%) pool=285 preds=109 wo=679 core=3
KM_PROF[time-ms] msgloop pred_payload=329.3 pred_arrival=21329.7 propagate=1770.6 | add_clause=15711.9 (lookup=766.3 fwdsub=11822.6 backsub=407.1 index=1582.2) hyper=587.0 subsume=313.3 pred_local=1575.4 eq=484.6 saturate=3775.7
KM_PROF msgloop guard=3580000 contexts=1317 msgs_pending=0 saturate_calls=920 succ=94205 pred=3485794 ground_wo=0
KM_MSGPROF arrivals dup=0 empty_join=0 conclusions=3571898 conclusions_new=3553511 (99.49% new) | arena[succ]=89318 arena[root]=14436 pred_interned=65994 ctx_clause_slots=4077247
KM_MSGPROF sender ctx=2 root=false query=None pred_sent=770232 (13.3%) pool=885 preds=940 wo=38272 core=2
KM_MSGPROF sender ctx=3 root=false query=None pred_sent=600032 (10.4%) pool=700 preds=940 wo=33670 core=2
KM_MSGPROF sender ctx=4 root=false query=None pred_sent=521784 (9.0%) pool=804 preds=720 wo=37763 core=2
KM_MSGPROF sender ctx=5 root=false query=None pred_sent=461064 (8.0%) pool=716 preds=720 wo=39231 core=2
KM_MSGPROF sender ctx=6 root=false query=None pred_sent=457432 (7.9%) pool=545 preds=940 wo=28517 core=2
KM_MSGPROF sender ctx=1 root=false query=None pred_sent=457432 (7.9%) pool=545 preds=940 wo=28517 core=2
KM_MSGPROF sender ctx=18 root=false query=None pred_sent=34320 (0.6%) pool=240 preds=143 wo=587 core=3
KM_MSGPROF sender ctx=106 root=false query=None pred_sent=31065 (0.5%) pool=285 preds=109 wo=679 core=3
KM_PROF[time-ms] msgloop pred_payload=330.9 pred_arrival=21385.2 propagate=1770.6 | add_clause=15728.8 (lookup=768.6 fwdsub=11825.6 backsub=408.5 index=1586.5) hyper=587.0 subsume=313.3 pred_local=1575.4 eq=484.6 saturate=3775.7
KM_PROF msgloop guard=3600000 contexts=1317 msgs_pending=0 saturate_calls=920 succ=94205 pred=3505794 ground_wo=0
KM_MSGPROF arrivals dup=0 empty_join=0 conclusions=3591898 conclusions_new=3573100 (99.48% new) | arena[succ]=89318 arena[root]=14436 pred_interned=65994 ctx_clause_slots=4096836
KM_MSGPROF sender ctx=2 root=false query=None pred_sent=770232 (13.3%) pool=885 preds=940 wo=38272 core=2
KM_MSGPROF sender ctx=3 root=false query=None pred_sent=600032 (10.4%) pool=700 preds=940 wo=33670 core=2
KM_MSGPROF sender ctx=4 root=false query=None pred_sent=521784 (9.0%) pool=804 preds=720 wo=37763 core=2
KM_MSGPROF sender ctx=5 root=false query=None pred_sent=461064 (8.0%) pool=716 preds=720 wo=39231 core=2
KM_MSGPROF sender ctx=6 root=false query=None pred_sent=457432 (7.9%) pool=545 preds=940 wo=28517 core=2
KM_MSGPROF sender ctx=1 root=false query=None pred_sent=457432 (7.9%) pool=545 preds=940 wo=28517 core=2
KM_MSGPROF sender ctx=18 root=false query=None pred_sent=34320 (0.6%) pool=240 preds=143 wo=587 core=3
KM_MSGPROF sender ctx=106 root=false query=None pred_sent=31065 (0.5%) pool=285 preds=109 wo=679 core=3
KM_PROF[time-ms] msgloop pred_payload=332.4 pred_arrival=21437.9 propagate=1770.6 | add_clause=15745.5 (lookup=770.8 fwdsub=11828.7 backsub=409.9 index=1590.7) hyper=587.0 subsume=313.3 pred_local=1575.4 eq=484.6 saturate=3775.7
KM_PROF msgloop guard=3620000 contexts=1317 msgs_pending=0 saturate_calls=920 succ=94205 pred=3525794 ground_wo=0
KM_MSGPROF arrivals dup=0 empty_join=0 conclusions=3611898 conclusions_new=3593100 (99.48% new) | arena[succ]=89318 arena[root]=14436 pred_interned=65994 ctx_clause_slots=4116836
KM_MSGPROF sender ctx=2 root=false query=None pred_sent=770232 (13.3%) pool=885 preds=940 wo=38272 core=2
KM_MSGPROF sender ctx=3 root=false query=None pred_sent=600032 (10.4%) pool=700 preds=940 wo=33670 core=2
KM_MSGPROF sender ctx=4 root=false query=None pred_sent=521784 (9.0%) pool=804 preds=720 wo=37763 core=2
KM_MSGPROF sender ctx=5 root=false query=None pred_sent=461064 (8.0%) pool=716 preds=720 wo=39231 core=2
KM_MSGPROF sender ctx=6 root=false query=None pred_sent=457432 (7.9%) pool=545 preds=940 wo=28517 core=2
KM_MSGPROF sender ctx=1 root=false query=None pred_sent=457432 (7.9%) pool=545 preds=940 wo=28517 core=2
KM_MSGPROF sender ctx=18 root=false query=None pred_sent=34320 (0.6%) pool=240 preds=143 wo=587 core=3
KM_MSGPROF sender ctx=106 root=false query=None pred_sent=31065 (0.5%) pool=285 preds=109 wo=679 core=3
KM_PROF[time-ms] msgloop pred_payload=333.9 pred_arrival=21489.5 propagate=1770.6 | add_clause=15761.8 (lookup=773.0 fwdsub=11831.6 backsub=411.2 index=1594.7) hyper=587.0 subsume=313.3 pred_local=1575.4 eq=484.6 saturate=3775.7
KM_PROF msgloop guard=3640000 contexts=1317 msgs_pending=0 saturate_calls=920 succ=94205 pred=3545794 ground_wo=0
KM_MSGPROF arrivals dup=0 empty_join=0 conclusions=3631898 conclusions_new=3612552 (99.47% new) | arena[succ]=89318 arena[root]=14436 pred_interned=65994 ctx_clause_slots=4136288
KM_MSGPROF sender ctx=2 root=false query=None pred_sent=770232 (13.3%) pool=885 preds=940 wo=38272 core=2
KM_MSGPROF sender ctx=3 root=false query=None pred_sent=600032 (10.4%) pool=700 preds=940 wo=33670 core=2
KM_MSGPROF sender ctx=4 root=false query=None pred_sent=521784 (9.0%) pool=804 preds=720 wo=37763 core=2
KM_MSGPROF sender ctx=5 root=false query=None pred_sent=461064 (8.0%) pool=716 preds=720 wo=39231 core=2
KM_MSGPROF sender ctx=6 root=false query=None pred_sent=457432 (7.9%) pool=545 preds=940 wo=28517 core=2
KM_MSGPROF sender ctx=1 root=false query=None pred_sent=457432 (7.9%) pool=545 preds=940 wo=28517 core=2
KM_MSGPROF sender ctx=18 root=false query=None pred_sent=34320 (0.6%) pool=240 preds=143 wo=587 core=3
KM_MSGPROF sender ctx=106 root=false query=None pred_sent=31065 (0.5%) pool=285 preds=109 wo=679 core=3
KM_PROF[time-ms] msgloop pred_payload=335.6 pred_arrival=21554.1 propagate=1770.6 | add_clause=15779.5 (lookup=775.3 fwdsub=11834.9 backsub=412.6 index=1599.2) hyper=587.0 subsume=313.3 pred_local=1575.4 eq=484.6 saturate=3775.7
KM_PROF msgloop guard=3660000 contexts=1317 msgs_pending=0 saturate_calls=920 succ=94205 pred=3565794 ground_wo=0
KM_MSGPROF arrivals dup=0 empty_join=0 conclusions=3651898 conclusions_new=3632004 (99.46% new) | arena[succ]=89318 arena[root]=14436 pred_interned=65994 ctx_clause_slots=4155740
KM_MSGPROF sender ctx=2 root=false query=None pred_sent=770232 (13.3%) pool=885 preds=940 wo=38272 core=2
KM_MSGPROF sender ctx=3 root=false query=None pred_sent=600032 (10.4%) pool=700 preds=940 wo=33670 core=2
KM_MSGPROF sender ctx=4 root=false query=None pred_sent=521784 (9.0%) pool=804 preds=720 wo=37763 core=2
KM_MSGPROF sender ctx=5 root=false query=None pred_sent=461064 (8.0%) pool=716 preds=720 wo=39231 core=2
KM_MSGPROF sender ctx=6 root=false query=None pred_sent=457432 (7.9%) pool=545 preds=940 wo=28517 core=2
KM_MSGPROF sender ctx=1 root=false query=None pred_sent=457432 (7.9%) pool=545 preds=940 wo=28517 core=2
KM_MSGPROF sender ctx=18 root=false query=None pred_sent=34320 (0.6%) pool=240 preds=143 wo=587 core=3
KM_MSGPROF sender ctx=106 root=false query=None pred_sent=31065 (0.5%) pool=285 preds=109 wo=679 core=3
KM_PROF[time-ms] msgloop pred_payload=337.4 pred_arrival=21621.7 propagate=1770.6 | add_clause=15799.5 (lookup=777.7 fwdsub=11838.6 backsub=414.1 index=1603.9) hyper=587.0 subsume=313.3 pred_local=1575.4 eq=484.6 saturate=3775.7
KM_PROF msgloop guard=3680000 contexts=1317 msgs_pending=0 saturate_calls=920 succ=94205 pred=3585794 ground_wo=0
KM_MSGPROF arrivals dup=0 empty_join=0 conclusions=3671898 conclusions_new=3651539 (99.45% new) | arena[succ]=89318 arena[root]=14436 pred_interned=65994 ctx_clause_slots=4175275
KM_MSGPROF sender ctx=2 root=false query=None pred_sent=770232 (13.3%) pool=885 preds=940 wo=38272 core=2
KM_MSGPROF sender ctx=3 root=false query=None pred_sent=600032 (10.4%) pool=700 preds=940 wo=33670 core=2
KM_MSGPROF sender ctx=4 root=false query=None pred_sent=521784 (9.0%) pool=804 preds=720 wo=37763 core=2
KM_MSGPROF sender ctx=5 root=false query=None pred_sent=461064 (8.0%) pool=716 preds=720 wo=39231 core=2
KM_MSGPROF sender ctx=6 root=false query=None pred_sent=457432 (7.9%) pool=545 preds=940 wo=28517 core=2
KM_MSGPROF sender ctx=1 root=false query=None pred_sent=457432 (7.9%) pool=545 preds=940 wo=28517 core=2
KM_MSGPROF sender ctx=18 root=false query=None pred_sent=34320 (0.6%) pool=240 preds=143 wo=587 core=3
KM_MSGPROF sender ctx=106 root=false query=None pred_sent=31065 (0.5%) pool=285 preds=109 wo=679 core=3
KM_PROF[time-ms] msgloop pred_payload=339.0 pred_arrival=21677.8 propagate=1770.6 | add_clause=15817.4 (lookup=779.9 fwdsub=11842.1 backsub=415.4 index=1608.4) hyper=587.0 subsume=313.3 pred_local=1575.4 eq=484.6 saturate=3775.7
KM_PROF msgloop guard=3700000 contexts=1317 msgs_pending=0 saturate_calls=920 succ=94205 pred=3605794 ground_wo=0
KM_MSGPROF arrivals dup=0 empty_join=0 conclusions=3691898 conclusions_new=3671083 (99.44% new) | arena[succ]=89318 arena[root]=14436 pred_interned=65994 ctx_clause_slots=4194819
KM_MSGPROF sender ctx=2 root=false query=None pred_sent=770232 (13.3%) pool=885 preds=940 wo=38272 core=2
KM_MSGPROF sender ctx=3 root=false query=None pred_sent=600032 (10.4%) pool=700 preds=940 wo=33670 core=2
KM_MSGPROF sender ctx=4 root=false query=None pred_sent=521784 (9.0%) pool=804 preds=720 wo=37763 core=2
KM_MSGPROF sender ctx=5 root=false query=None pred_sent=461064 (8.0%) pool=716 preds=720 wo=39231 core=2
KM_MSGPROF sender ctx=6 root=false query=None pred_sent=457432 (7.9%) pool=545 preds=940 wo=28517 core=2
KM_MSGPROF sender ctx=1 root=false query=None pred_sent=457432 (7.9%) pool=545 preds=940 wo=28517 core=2
KM_MSGPROF sender ctx=18 root=false query=None pred_sent=34320 (0.6%) pool=240 preds=143 wo=587 core=3
KM_MSGPROF sender ctx=106 root=false query=None pred_sent=31065 (0.5%) pool=285 preds=109 wo=679 core=3
KM_PROF[time-ms] msgloop pred_payload=340.5 pred_arrival=21731.9 propagate=1770.6 | add_clause=15834.8 (lookup=782.1 fwdsub=11845.4 backsub=416.8 index=1612.7) hyper=587.0 subsume=313.3 pred_local=1575.4 eq=484.6 saturate=3775.7
KM_PROF msgloop guard=3720000 contexts=1317 msgs_pending=0 saturate_calls=920 succ=94205 pred=3625794 ground_wo=0
KM_MSGPROF arrivals dup=0 empty_join=0 conclusions=3711898 conclusions_new=3690303 (99.42% new) | arena[succ]=89318 arena[root]=14436 pred_interned=65994 ctx_clause_slots=4214039
KM_MSGPROF sender ctx=2 root=false query=None pred_sent=770232 (13.3%) pool=885 preds=940 wo=38272 core=2
KM_MSGPROF sender ctx=3 root=false query=None pred_sent=600032 (10.4%) pool=700 preds=940 wo=33670 core=2
KM_MSGPROF sender ctx=4 root=false query=None pred_sent=521784 (9.0%) pool=804 preds=720 wo=37763 core=2
KM_MSGPROF sender ctx=5 root=false query=None pred_sent=461064 (8.0%) pool=716 preds=720 wo=39231 core=2
KM_MSGPROF sender ctx=6 root=false query=None pred_sent=457432 (7.9%) pool=545 preds=940 wo=28517 core=2
KM_MSGPROF sender ctx=1 root=false query=None pred_sent=457432 (7.9%) pool=545 preds=940 wo=28517 core=2
KM_MSGPROF sender ctx=18 root=false query=None pred_sent=34320 (0.6%) pool=240 preds=143 wo=587 core=3
KM_MSGPROF sender ctx=106 root=false query=None pred_sent=31065 (0.5%) pool=285 preds=109 wo=679 core=3
KM_PROF[time-ms] msgloop pred_payload=342.0 pred_arrival=21790.3 propagate=1770.6 | add_clause=15852.5 (lookup=784.4 fwdsub=11848.8 backsub=418.2 index=1617.2) hyper=587.0 subsume=313.3 pred_local=1575.4 eq=484.6 saturate=3775.7
KM_PROF msgloop guard=3740000 contexts=1317 msgs_pending=0 saturate_calls=920 succ=94205 pred=3645794 ground_wo=0
KM_MSGPROF arrivals dup=0 empty_join=0 conclusions=3731898 conclusions_new=3710303 (99.42% new) | arena[succ]=89318 arena[root]=14436 pred_interned=65994 ctx_clause_slots=4234039
KM_MSGPROF sender ctx=2 root=false query=None pred_sent=770232 (13.3%) pool=885 preds=940 wo=38272 core=2
KM_MSGPROF sender ctx=3 root=false query=None pred_sent=600032 (10.4%) pool=700 preds=940 wo=33670 core=2
KM_MSGPROF sender ctx=4 root=false query=None pred_sent=521784 (9.0%) pool=804 preds=720 wo=37763 core=2
KM_MSGPROF sender ctx=5 root=false query=None pred_sent=461064 (8.0%) pool=716 preds=720 wo=39231 core=2
KM_MSGPROF sender ctx=6 root=false query=None pred_sent=457432 (7.9%) pool=545 preds=940 wo=28517 core=2
KM_MSGPROF sender ctx=1 root=false query=None pred_sent=457432 (7.9%) pool=545 preds=940 wo=28517 core=2
KM_MSGPROF sender ctx=18 root=false query=None pred_sent=34320 (0.6%) pool=240 preds=143 wo=587 core=3
KM_MSGPROF sender ctx=106 root=false query=None pred_sent=31065 (0.5%) pool=285 preds=109 wo=679 core=3
KM_PROF[time-ms] msgloop pred_payload=343.7 pred_arrival=21854.5 propagate=1770.6 | add_clause=15870.7 (lookup=786.7 fwdsub=11852.4 backsub=419.6 index=1621.9) hyper=587.0 subsume=313.3 pred_local=1575.4 eq=484.6 saturate=3775.7
KM_PROF msgloop guard=3760000 contexts=1317 msgs_pending=0 saturate_calls=920 succ=94205 pred=3665794 ground_wo=0
KM_MSGPROF arrivals dup=0 empty_join=0 conclusions=3751898 conclusions_new=3729523 (99.40% new) | arena[succ]=89318 arena[root]=14436 pred_interned=65994 ctx_clause_slots=4253259
KM_MSGPROF sender ctx=2 root=false query=None pred_sent=770232 (13.3%) pool=885 preds=940 wo=38272 core=2
KM_MSGPROF sender ctx=3 root=false query=None pred_sent=600032 (10.4%) pool=700 preds=940 wo=33670 core=2
KM_MSGPROF sender ctx=4 root=false query=None pred_sent=521784 (9.0%) pool=804 preds=720 wo=37763 core=2
KM_MSGPROF sender ctx=5 root=false query=None pred_sent=461064 (8.0%) pool=716 preds=720 wo=39231 core=2
KM_MSGPROF sender ctx=6 root=false query=None pred_sent=457432 (7.9%) pool=545 preds=940 wo=28517 core=2
KM_MSGPROF sender ctx=1 root=false query=None pred_sent=457432 (7.9%) pool=545 preds=940 wo=28517 core=2
KM_MSGPROF sender ctx=18 root=false query=None pred_sent=34320 (0.6%) pool=240 preds=143 wo=587 core=3
KM_MSGPROF sender ctx=106 root=false query=None pred_sent=31065 (0.5%) pool=285 preds=109 wo=679 core=3
KM_PROF[time-ms] msgloop pred_payload=345.3 pred_arrival=21915.9 propagate=1770.6 | add_clause=15887.7 (lookup=788.9 fwdsub=11855.5 backsub=420.9 index=1626.0) hyper=587.0 subsume=313.3 pred_local=1575.4 eq=484.6 saturate=3775.7
KM_PROF msgloop guard=3780000 contexts=1317 msgs_pending=0 saturate_calls=920 succ=94205 pred=3685794 ground_wo=0
KM_MSGPROF arrivals dup=0 empty_join=0 conclusions=3771898 conclusions_new=3748938 (99.39% new) | arena[succ]=89318 arena[root]=14436 pred_interned=65994 ctx_clause_slots=4272674
KM_MSGPROF sender ctx=2 root=false query=None pred_sent=770232 (13.3%) pool=885 preds=940 wo=38272 core=2
KM_MSGPROF sender ctx=3 root=false query=None pred_sent=600032 (10.4%) pool=700 preds=940 wo=33670 core=2
KM_MSGPROF sender ctx=4 root=false query=None pred_sent=521784 (9.0%) pool=804 preds=720 wo=37763 core=2
KM_MSGPROF sender ctx=5 root=false query=None pred_sent=461064 (8.0%) pool=716 preds=720 wo=39231 core=2
KM_MSGPROF sender ctx=6 root=false query=None pred_sent=457432 (7.9%) pool=545 preds=940 wo=28517 core=2
KM_MSGPROF sender ctx=1 root=false query=None pred_sent=457432 (7.9%) pool=545 preds=940 wo=28517 core=2
KM_MSGPROF sender ctx=18 root=false query=None pred_sent=34320 (0.6%) pool=240 preds=143 wo=587 core=3
KM_MSGPROF sender ctx=106 root=false query=None pred_sent=31065 (0.5%) pool=285 preds=109 wo=679 core=3
KM_PROF[time-ms] msgloop pred_payload=346.8 pred_arrival=21970.4 propagate=1770.6 | add_clause=15905.4 (lookup=791.2 fwdsub=11858.8 backsub=422.3 index=1630.3) hyper=587.0 subsume=313.3 pred_local=1575.4 eq=484.6 saturate=3775.7
KM_PROF msgloop guard=3800000 contexts=1317 msgs_pending=0 saturate_calls=920 succ=94205 pred=3705794 ground_wo=0
KM_MSGPROF arrivals dup=0 empty_join=0 conclusions=3791898 conclusions_new=3768134 (99.37% new) | arena[succ]=89318 arena[root]=14436 pred_interned=65994 ctx_clause_slots=4291870
KM_MSGPROF sender ctx=2 root=false query=None pred_sent=770232 (13.3%) pool=885 preds=940 wo=38272 core=2
KM_MSGPROF sender ctx=3 root=false query=None pred_sent=600032 (10.4%) pool=700 preds=940 wo=33670 core=2
KM_MSGPROF sender ctx=4 root=false query=None pred_sent=521784 (9.0%) pool=804 preds=720 wo=37763 core=2
KM_MSGPROF sender ctx=5 root=false query=None pred_sent=461064 (8.0%) pool=716 preds=720 wo=39231 core=2
KM_MSGPROF sender ctx=6 root=false query=None pred_sent=457432 (7.9%) pool=545 preds=940 wo=28517 core=2
KM_MSGPROF sender ctx=1 root=false query=None pred_sent=457432 (7.9%) pool=545 preds=940 wo=28517 core=2
KM_MSGPROF sender ctx=18 root=false query=None pred_sent=34320 (0.6%) pool=240 preds=143 wo=587 core=3
KM_MSGPROF sender ctx=106 root=false query=None pred_sent=31065 (0.5%) pool=285 preds=109 wo=679 core=3
KM_PROF[time-ms] msgloop pred_payload=348.5 pred_arrival=22058.5 propagate=1770.6 | add_clause=15924.7 (lookup=793.5 fwdsub=11862.9 backsub=423.7 index=1635.1) hyper=587.0 subsume=313.3 pred_local=1575.4 eq=484.6 saturate=3775.7
KM_PROF msgloop guard=3820000 contexts=1317 msgs_pending=0 saturate_calls=920 succ=94205 pred=3725794 ground_wo=0
KM_MSGPROF arrivals dup=0 empty_join=0 conclusions=3811898 conclusions_new=3787330 (99.36% new) | arena[succ]=89318 arena[root]=14436 pred_interned=65994 ctx_clause_slots=4311066
KM_MSGPROF sender ctx=2 root=false query=None pred_sent=770232 (13.3%) pool=885 preds=940 wo=38272 core=2
KM_MSGPROF sender ctx=3 root=false query=None pred_sent=600032 (10.4%) pool=700 preds=940 wo=33670 core=2
KM_MSGPROF sender ctx=4 root=false query=None pred_sent=521784 (9.0%) pool=804 preds=720 wo=37763 core=2
KM_MSGPROF sender ctx=5 root=false query=None pred_sent=461064 (8.0%) pool=716 preds=720 wo=39231 core=2
KM_MSGPROF sender ctx=6 root=false query=None pred_sent=457432 (7.9%) pool=545 preds=940 wo=28517 core=2
KM_MSGPROF sender ctx=1 root=false query=None pred_sent=457432 (7.9%) pool=545 preds=940 wo=28517 core=2
KM_MSGPROF sender ctx=18 root=false query=None pred_sent=34320 (0.6%) pool=240 preds=143 wo=587 core=3
KM_MSGPROF sender ctx=106 root=false query=None pred_sent=31065 (0.5%) pool=285 preds=109 wo=679 core=3
KM_PROF[time-ms] msgloop pred_payload=350.1 pred_arrival=22123.3 propagate=1770.6 | add_clause=15943.9 (lookup=795.9 fwdsub=11866.9 backsub=425.1 index=1640.0) hyper=587.0 subsume=313.3 pred_local=1575.4 eq=484.6 saturate=3775.7
KM_PROF msgloop guard=3840000 contexts=1317 msgs_pending=0 saturate_calls=920 succ=94205 pred=3745794 ground_wo=0
KM_MSGPROF arrivals dup=0 empty_join=0 conclusions=3831898 conclusions_new=3805875 (99.32% new) | arena[succ]=89318 arena[root]=14436 pred_interned=65994 ctx_clause_slots=4329611
KM_MSGPROF sender ctx=2 root=false query=None pred_sent=770232 (13.3%) pool=885 preds=940 wo=38272 core=2
KM_MSGPROF sender ctx=3 root=false query=None pred_sent=600032 (10.4%) pool=700 preds=940 wo=33670 core=2
KM_MSGPROF sender ctx=4 root=false query=None pred_sent=521784 (9.0%) pool=804 preds=720 wo=37763 core=2
KM_MSGPROF sender ctx=5 root=false query=None pred_sent=461064 (8.0%) pool=716 preds=720 wo=39231 core=2
KM_MSGPROF sender ctx=6 root=false query=None pred_sent=457432 (7.9%) pool=545 preds=940 wo=28517 core=2
KM_MSGPROF sender ctx=1 root=false query=None pred_sent=457432 (7.9%) pool=545 preds=940 wo=28517 core=2
KM_MSGPROF sender ctx=18 root=false query=None pred_sent=34320 (0.6%) pool=240 preds=143 wo=587 core=3
KM_MSGPROF sender ctx=106 root=false query=None pred_sent=31065 (0.5%) pool=285 preds=109 wo=679 core=3
KM_PROF[time-ms] msgloop pred_payload=351.7 pred_arrival=22187.1 propagate=1770.6 | add_clause=15961.7 (lookup=798.2 fwdsub=11870.4 backsub=426.4 index=1644.4) hyper=587.0 subsume=313.3 pred_local=1575.4 eq=484.6 saturate=3775.7
KM_PROF msgloop guard=3860000 contexts=1317 msgs_pending=0 saturate_calls=920 succ=94205 pred=3765794 ground_wo=0
KM_MSGPROF arrivals dup=0 empty_join=0 conclusions=3851898 conclusions_new=3825023 (99.30% new) | arena[succ]=89318 arena[root]=14436 pred_interned=65994 ctx_clause_slots=4348759
KM_MSGPROF sender ctx=2 root=false query=None pred_sent=770232 (13.3%) pool=885 preds=940 wo=38272 core=2
KM_MSGPROF sender ctx=3 root=false query=None pred_sent=600032 (10.4%) pool=700 preds=940 wo=33670 core=2
KM_MSGPROF sender ctx=4 root=false query=None pred_sent=521784 (9.0%) pool=804 preds=720 wo=37763 core=2
KM_MSGPROF sender ctx=5 root=false query=None pred_sent=461064 (8.0%) pool=716 preds=720 wo=39231 core=2
KM_MSGPROF sender ctx=6 root=false query=None pred_sent=457432 (7.9%) pool=545 preds=940 wo=28517 core=2
KM_MSGPROF sender ctx=1 root=false query=None pred_sent=457432 (7.9%) pool=545 preds=940 wo=28517 core=2
KM_MSGPROF sender ctx=18 root=false query=None pred_sent=34320 (0.6%) pool=240 preds=143 wo=587 core=3
KM_MSGPROF sender ctx=106 root=false query=None pred_sent=31065 (0.5%) pool=285 preds=109 wo=679 core=3
KM_PROF[time-ms] msgloop pred_payload=353.4 pred_arrival=22256.6 propagate=1770.6 | add_clause=15985.8 (lookup=800.6 fwdsub=11874.6 backsub=427.8 index=1649.5) hyper=587.0 subsume=313.3 pred_local=1575.4 eq=484.6 saturate=3775.7
KM_PROF msgloop guard=3880000 contexts=1317 msgs_pending=0 saturate_calls=920 succ=94205 pred=3785794 ground_wo=0
KM_MSGPROF arrivals dup=0 empty_join=0 conclusions=3871898 conclusions_new=3843532 (99.27% new) | arena[succ]=89318 arena[root]=14436 pred_interned=65994 ctx_clause_slots=4367268
KM_MSGPROF sender ctx=2 root=false query=None pred_sent=770232 (13.3%) pool=885 preds=940 wo=38272 core=2
KM_MSGPROF sender ctx=3 root=false query=None pred_sent=600032 (10.4%) pool=700 preds=940 wo=33670 core=2
KM_MSGPROF sender ctx=4 root=false query=None pred_sent=521784 (9.0%) pool=804 preds=720 wo=37763 core=2
KM_MSGPROF sender ctx=5 root=false query=None pred_sent=461064 (8.0%) pool=716 preds=720 wo=39231 core=2
KM_MSGPROF sender ctx=6 root=false query=None pred_sent=457432 (7.9%) pool=545 preds=940 wo=28517 core=2
KM_MSGPROF sender ctx=1 root=false query=None pred_sent=457432 (7.9%) pool=545 preds=940 wo=28517 core=2
KM_MSGPROF sender ctx=18 root=false query=None pred_sent=34320 (0.6%) pool=240 preds=143 wo=587 core=3
KM_MSGPROF sender ctx=106 root=false query=None pred_sent=31065 (0.5%) pool=285 preds=109 wo=679 core=3
KM_PROF[time-ms] msgloop pred_payload=355.1 pred_arrival=22320.6 propagate=1770.6 | add_clause=16004.5 (lookup=803.0 fwdsub=11878.5 backsub=429.2 index=1654.1) hyper=587.0 subsume=313.3 pred_local=1575.4 eq=484.6 saturate=3775.7
KM_PROF msgloop guard=3900000 contexts=1317 msgs_pending=0 saturate_calls=920 succ=94205 pred=3805794 ground_wo=0
KM_MSGPROF arrivals dup=0 empty_join=0 conclusions=3891898 conclusions_new=3862041 (99.23% new) | arena[succ]=89318 arena[root]=14436 pred_interned=65994 ctx_clause_slots=4385777
KM_MSGPROF sender ctx=2 root=false query=None pred_sent=770232 (13.3%) pool=885 preds=940 wo=38272 core=2
KM_MSGPROF sender ctx=3 root=false query=None pred_sent=600032 (10.4%) pool=700 preds=940 wo=33670 core=2
KM_MSGPROF sender ctx=4 root=false query=None pred_sent=521784 (9.0%) pool=804 preds=720 wo=37763 core=2
KM_MSGPROF sender ctx=5 root=false query=None pred_sent=461064 (8.0%) pool=716 preds=720 wo=39231 core=2
KM_MSGPROF sender ctx=6 root=false query=None pred_sent=457432 (7.9%) pool=545 preds=940 wo=28517 core=2
KM_MSGPROF sender ctx=1 root=false query=None pred_sent=457432 (7.9%) pool=545 preds=940 wo=28517 core=2
KM_MSGPROF sender ctx=18 root=false query=None pred_sent=34320 (0.6%) pool=240 preds=143 wo=587 core=3
KM_MSGPROF sender ctx=106 root=false query=None pred_sent=31065 (0.5%) pool=285 preds=109 wo=679 core=3
KM_PROF[time-ms] msgloop pred_payload=356.7 pred_arrival=22381.2 propagate=1770.6 | add_clause=16022.7 (lookup=805.3 fwdsub=11882.2 backsub=430.5 index=1658.8) hyper=587.0 subsume=313.3 pred_local=1575.4 eq=484.6 saturate=3775.7
KM_PROF msgloop guard=3920000 contexts=1317 msgs_pending=0 saturate_calls=920 succ=94205 pred=3825794 ground_wo=0
KM_MSGPROF arrivals dup=0 empty_join=0 conclusions=3911898 conclusions_new=3880648 (99.20% new) | arena[succ]=89318 arena[root]=14436 pred_interned=65994 ctx_clause_slots=4404384
KM_MSGPROF sender ctx=2 root=false query=None pred_sent=770232 (13.3%) pool=885 preds=940 wo=38272 core=2
KM_MSGPROF sender ctx=3 root=false query=None pred_sent=600032 (10.4%) pool=700 preds=940 wo=33670 core=2
KM_MSGPROF sender ctx=4 root=false query=None pred_sent=521784 (9.0%) pool=804 preds=720 wo=37763 core=2
KM_MSGPROF sender ctx=5 root=false query=None pred_sent=461064 (8.0%) pool=716 preds=720 wo=39231 core=2
KM_MSGPROF sender ctx=6 root=false query=None pred_sent=457432 (7.9%) pool=545 preds=940 wo=28517 core=2
KM_MSGPROF sender ctx=1 root=false query=None pred_sent=457432 (7.9%) pool=545 preds=940 wo=28517 core=2
KM_MSGPROF sender ctx=18 root=false query=None pred_sent=34320 (0.6%) pool=240 preds=143 wo=587 core=3
KM_MSGPROF sender ctx=106 root=false query=None pred_sent=31065 (0.5%) pool=285 preds=109 wo=679 core=3
KM_PROF[time-ms] msgloop pred_payload=358.4 pred_arrival=22447.2 propagate=1770.6 | add_clause=16041.3 (lookup=807.7 fwdsub=11886.1 backsub=431.8 index=1663.6) hyper=587.0 subsume=313.3 pred_local=1575.4 eq=484.6 saturate=3775.7
KM_PROF msgloop guard=3940000 contexts=1317 msgs_pending=0 saturate_calls=920 succ=94205 pred=3845794 ground_wo=0
KM_MSGPROF arrivals dup=0 empty_join=0 conclusions=3931898 conclusions_new=3899698 (99.18% new) | arena[succ]=89318 arena[root]=14436 pred_interned=65994 ctx_clause_slots=4423434
KM_MSGPROF sender ctx=2 root=false query=None pred_sent=770232 (13.3%) pool=885 preds=940 wo=38272 core=2
KM_MSGPROF sender ctx=3 root=false query=None pred_sent=600032 (10.4%) pool=700 preds=940 wo=33670 core=2
KM_MSGPROF sender ctx=4 root=false query=None pred_sent=521784 (9.0%) pool=804 preds=720 wo=37763 core=2
KM_MSGPROF sender ctx=5 root=false query=None pred_sent=461064 (8.0%) pool=716 preds=720 wo=39231 core=2
KM_MSGPROF sender ctx=6 root=false query=None pred_sent=457432 (7.9%) pool=545 preds=940 wo=28517 core=2
KM_MSGPROF sender ctx=1 root=false query=None pred_sent=457432 (7.9%) pool=545 preds=940 wo=28517 core=2
KM_MSGPROF sender ctx=18 root=false query=None pred_sent=34320 (0.6%) pool=240 preds=143 wo=587 core=3
KM_MSGPROF sender ctx=106 root=false query=None pred_sent=31065 (0.5%) pool=285 preds=109 wo=679 core=3
KM_PROF[time-ms] msgloop pred_payload=360.0 pred_arrival=22509.5 propagate=1770.6 | add_clause=16060.4 (lookup=810.1 fwdsub=11890.0 backsub=433.2 index=1668.6) hyper=587.0 subsume=313.3 pred_local=1575.4 eq=484.6 saturate=3775.7
KM_PROF msgloop guard=3960000 contexts=1317 msgs_pending=0 saturate_calls=920 succ=94205 pred=3865794 ground_wo=0
KM_MSGPROF arrivals dup=0 empty_join=0 conclusions=3951898 conclusions_new=3918090 (99.14% new) | arena[succ]=89318 arena[root]=14436 pred_interned=65994 ctx_clause_slots=4441826
KM_MSGPROF sender ctx=2 root=false query=None pred_sent=770232 (13.3%) pool=885 preds=940 wo=38272 core=2
KM_MSGPROF sender ctx=3 root=false query=None pred_sent=600032 (10.4%) pool=700 preds=940 wo=33670 core=2
KM_MSGPROF sender ctx=4 root=false query=None pred_sent=521784 (9.0%) pool=804 preds=720 wo=37763 core=2
KM_MSGPROF sender ctx=5 root=false query=None pred_sent=461064 (8.0%) pool=716 preds=720 wo=39231 core=2
KM_MSGPROF sender ctx=6 root=false query=None pred_sent=457432 (7.9%) pool=545 preds=940 wo=28517 core=2
KM_MSGPROF sender ctx=1 root=false query=None pred_sent=457432 (7.9%) pool=545 preds=940 wo=28517 core=2
KM_MSGPROF sender ctx=18 root=false query=None pred_sent=34320 (0.6%) pool=240 preds=143 wo=587 core=3
KM_MSGPROF sender ctx=106 root=false query=None pred_sent=31065 (0.5%) pool=285 preds=109 wo=679 core=3
KM_PROF[time-ms] msgloop pred_payload=361.6 pred_arrival=22573.5 propagate=1770.6 | add_clause=16078.0 (lookup=812.4 fwdsub=11893.5 backsub=434.6 index=1672.9) hyper=587.0 subsume=313.3 pred_local=1575.4 eq=484.6 saturate=3775.7
KM_PROF msgloop guard=3980000 contexts=1317 msgs_pending=0 saturate_calls=920 succ=94205 pred=3885794 ground_wo=0
KM_MSGPROF arrivals dup=0 empty_join=0 conclusions=3971898 conclusions_new=3937487 (99.13% new) | arena[succ]=89318 arena[root]=14436 pred_interned=65994 ctx_clause_slots=4461223
KM_MSGPROF sender ctx=2 root=false query=None pred_sent=770232 (13.3%) pool=885 preds=940 wo=38272 core=2
KM_MSGPROF sender ctx=3 root=false query=None pred_sent=600032 (10.4%) pool=700 preds=940 wo=33670 core=2
KM_MSGPROF sender ctx=4 root=false query=None pred_sent=521784 (9.0%) pool=804 preds=720 wo=37763 core=2
KM_MSGPROF sender ctx=5 root=false query=None pred_sent=461064 (8.0%) pool=716 preds=720 wo=39231 core=2
KM_MSGPROF sender ctx=6 root=false query=None pred_sent=457432 (7.9%) pool=545 preds=940 wo=28517 core=2
KM_MSGPROF sender ctx=1 root=false query=None pred_sent=457432 (7.9%) pool=545 preds=940 wo=28517 core=2
KM_MSGPROF sender ctx=18 root=false query=None pred_sent=34320 (0.6%) pool=240 preds=143 wo=587 core=3
KM_MSGPROF sender ctx=106 root=false query=None pred_sent=31065 (0.5%) pool=285 preds=109 wo=679 core=3
KM_PROF[time-ms] msgloop pred_payload=363.2 pred_arrival=22632.7 propagate=1770.6 | add_clause=16095.7 (lookup=814.6 fwdsub=11896.9 backsub=435.9 index=1677.4) hyper=587.0 subsume=313.3 pred_local=1575.4 eq=484.6 saturate=3775.7
KM_PROF msgloop guard=4000000 contexts=1317 msgs_pending=0 saturate_calls=920 succ=94205 pred=3905794 ground_wo=0
KM_MSGPROF arrivals dup=0 empty_join=0 conclusions=3991898 conclusions_new=3956671 (99.12% new) | arena[succ]=89318 arena[root]=14436 pred_interned=65994 ctx_clause_slots=4480407
KM_MSGPROF sender ctx=2 root=false query=None pred_sent=770232 (13.3%) pool=885 preds=940 wo=38272 core=2
KM_MSGPROF sender ctx=3 root=false query=None pred_sent=600032 (10.4%) pool=700 preds=940 wo=33670 core=2
KM_MSGPROF sender ctx=4 root=false query=None pred_sent=521784 (9.0%) pool=804 preds=720 wo=37763 core=2
KM_MSGPROF sender ctx=5 root=false query=None pred_sent=461064 (8.0%) pool=716 preds=720 wo=39231 core=2
KM_MSGPROF sender ctx=6 root=false query=None pred_sent=457432 (7.9%) pool=545 preds=940 wo=28517 core=2
KM_MSGPROF sender ctx=1 root=false query=None pred_sent=457432 (7.9%) pool=545 preds=940 wo=28517 core=2
KM_MSGPROF sender ctx=18 root=false query=None pred_sent=34320 (0.6%) pool=240 preds=143 wo=587 core=3
KM_MSGPROF sender ctx=106 root=false query=None pred_sent=31065 (0.5%) pool=285 preds=109 wo=679 core=3
KM_PROF[time-ms] msgloop pred_payload=364.8 pred_arrival=22696.6 propagate=1770.6 | add_clause=16114.0 (lookup=817.0 fwdsub=11900.6 backsub=437.3 index=1682.1) hyper=587.0 subsume=313.3 pred_local=1575.4 eq=484.6 saturate=3775.7
KM_PROF msgloop guard=4020000 contexts=1317 msgs_pending=0 saturate_calls=920 succ=94205 pred=3925794 ground_wo=0
KM_MSGPROF arrivals dup=0 empty_join=0 conclusions=4011898 conclusions_new=3975243 (99.09% new) | arena[succ]=89318 arena[root]=14436 pred_interned=65994 ctx_clause_slots=4498979
KM_MSGPROF sender ctx=2 root=false query=None pred_sent=770232 (13.3%) pool=885 preds=940 wo=38272 core=2
KM_MSGPROF sender ctx=3 root=false query=None pred_sent=600032 (10.4%) pool=700 preds=940 wo=33670 core=2
KM_MSGPROF sender ctx=4 root=false query=None pred_sent=521784 (9.0%) pool=804 preds=720 wo=37763 core=2
KM_MSGPROF sender ctx=5 root=false query=None pred_sent=461064 (8.0%) pool=716 preds=720 wo=39231 core=2
KM_MSGPROF sender ctx=6 root=false query=None pred_sent=457432 (7.9%) pool=545 preds=940 wo=28517 core=2
KM_MSGPROF sender ctx=1 root=false query=None pred_sent=457432 (7.9%) pool=545 preds=940 wo=28517 core=2
KM_MSGPROF sender ctx=18 root=false query=None pred_sent=34320 (0.6%) pool=240 preds=143 wo=587 core=3
KM_MSGPROF sender ctx=106 root=false query=None pred_sent=31065 (0.5%) pool=285 preds=109 wo=679 core=3
KM_PROF[time-ms] msgloop pred_payload=366.4 pred_arrival=22757.0 propagate=1770.6 | add_clause=16131.8 (lookup=819.3 fwdsub=11904.2 backsub=438.7 index=1686.6) hyper=587.0 subsume=313.3 pred_local=1575.4 eq=484.6 saturate=3775.7
KM_PROF msgloop guard=4040000 contexts=1317 msgs_pending=0 saturate_calls=920 succ=94205 pred=3945794 ground_wo=0
KM_MSGPROF arrivals dup=0 empty_join=0 conclusions=4031898 conclusions_new=3994463 (99.07% new) | arena[succ]=89318 arena[root]=14436 pred_interned=65994 ctx_clause_slots=4518199
KM_MSGPROF sender ctx=2 root=false query=None pred_sent=770232 (13.3%) pool=885 preds=940 wo=38272 core=2
KM_MSGPROF sender ctx=3 root=false query=None pred_sent=600032 (10.4%) pool=700 preds=940 wo=33670 core=2
KM_MSGPROF sender ctx=4 root=false query=None pred_sent=521784 (9.0%) pool=804 preds=720 wo=37763 core=2
KM_MSGPROF sender ctx=5 root=false query=None pred_sent=461064 (8.0%) pool=716 preds=720 wo=39231 core=2
KM_MSGPROF sender ctx=6 root=false query=None pred_sent=457432 (7.9%) pool=545 preds=940 wo=28517 core=2
KM_MSGPROF sender ctx=1 root=false query=None pred_sent=457432 (7.9%) pool=545 preds=940 wo=28517 core=2
KM_MSGPROF sender ctx=18 root=false query=None pred_sent=34320 (0.6%) pool=240 preds=143 wo=587 core=3
KM_MSGPROF sender ctx=106 root=false query=None pred_sent=31065 (0.5%) pool=285 preds=109 wo=679 core=3
KM_PROF[time-ms] msgloop pred_payload=368.0 pred_arrival=22820.4 propagate=1770.6 | add_clause=16150.2 (lookup=821.6 fwdsub=11907.6 backsub=440.0 index=1691.0) hyper=587.0 subsume=313.3 pred_local=1575.4 eq=484.6 saturate=3775.7
KM_PROF msgloop guard=4060000 contexts=1317 msgs_pending=0 saturate_calls=920 succ=94205 pred=3965794 ground_wo=0
KM_MSGPROF arrivals dup=0 empty_join=0 conclusions=4051898 conclusions_new=4013683 (99.06% new) | arena[succ]=89318 arena[root]=14436 pred_interned=65994 ctx_clause_slots=4537419
KM_MSGPROF sender ctx=2 root=false query=None pred_sent=770232 (13.3%) pool=885 preds=940 wo=38272 core=2
KM_MSGPROF sender ctx=3 root=false query=None pred_sent=600032 (10.4%) pool=700 preds=940 wo=33670 core=2
KM_MSGPROF sender ctx=4 root=false query=None pred_sent=521784 (9.0%) pool=804 preds=720 wo=37763 core=2
KM_MSGPROF sender ctx=5 root=false query=None pred_sent=461064 (8.0%) pool=716 preds=720 wo=39231 core=2
KM_MSGPROF sender ctx=6 root=false query=None pred_sent=457432 (7.9%) pool=545 preds=940 wo=28517 core=2
KM_MSGPROF sender ctx=1 root=false query=None pred_sent=457432 (7.9%) pool=545 preds=940 wo=28517 core=2
KM_MSGPROF sender ctx=18 root=false query=None pred_sent=34320 (0.6%) pool=240 preds=143 wo=587 core=3
KM_MSGPROF sender ctx=106 root=false query=None pred_sent=31065 (0.5%) pool=285 preds=109 wo=679 core=3
KM_PROF[time-ms] msgloop pred_payload=369.7 pred_arrival=22885.1 propagate=1770.6 | add_clause=16168.1 (lookup=823.9 fwdsub=11911.1 backsub=441.4 index=1695.4) hyper=587.0 subsume=313.3 pred_local=1575.4 eq=484.6 saturate=3775.7
KM_PROF msgloop guard=4080000 contexts=1317 msgs_pending=0 saturate_calls=920 succ=94205 pred=3985794 ground_wo=0
KM_MSGPROF arrivals dup=0 empty_join=0 conclusions=4071898 conclusions_new=4033098 (99.05% new) | arena[succ]=89318 arena[root]=14436 pred_interned=65994 ctx_clause_slots=4556834
KM_MSGPROF sender ctx=2 root=false query=None pred_sent=770232 (13.3%) pool=885 preds=940 wo=38272 core=2
KM_MSGPROF sender ctx=3 root=false query=None pred_sent=600032 (10.4%) pool=700 preds=940 wo=33670 core=2
KM_MSGPROF sender ctx=4 root=false query=None pred_sent=521784 (9.0%) pool=804 preds=720 wo=37763 core=2
KM_MSGPROF sender ctx=5 root=false query=None pred_sent=461064 (8.0%) pool=716 preds=720 wo=39231 core=2
KM_MSGPROF sender ctx=6 root=false query=None pred_sent=457432 (7.9%) pool=545 preds=940 wo=28517 core=2
KM_MSGPROF sender ctx=1 root=false query=None pred_sent=457432 (7.9%) pool=545 preds=940 wo=28517 core=2
KM_MSGPROF sender ctx=18 root=false query=None pred_sent=34320 (0.6%) pool=240 preds=143 wo=587 core=3
KM_MSGPROF sender ctx=106 root=false query=None pred_sent=31065 (0.5%) pool=285 preds=109 wo=679 core=3
KM_PROF[time-ms] msgloop pred_payload=371.2 pred_arrival=22946.9 propagate=1770.6 | add_clause=16187.3 (lookup=826.2 fwdsub=11914.8 backsub=442.8 index=1700.0) hyper=587.0 subsume=313.3 pred_local=1575.4 eq=484.6 saturate=3775.7
KM_PROF msgloop guard=4100000 contexts=1317 msgs_pending=0 saturate_calls=920 succ=94205 pred=4005794 ground_wo=0
KM_MSGPROF arrivals dup=0 empty_join=0 conclusions=4091898 conclusions_new=4052686 (99.04% new) | arena[succ]=89318 arena[root]=14436 pred_interned=65994 ctx_clause_slots=4576422
KM_MSGPROF sender ctx=2 root=false query=None pred_sent=770232 (13.3%) pool=885 preds=940 wo=38272 core=2
KM_MSGPROF sender ctx=3 root=false query=None pred_sent=600032 (10.4%) pool=700 preds=940 wo=33670 core=2
KM_MSGPROF sender ctx=4 root=false query=None pred_sent=521784 (9.0%) pool=804 preds=720 wo=37763 core=2
KM_MSGPROF sender ctx=5 root=false query=None pred_sent=461064 (8.0%) pool=716 preds=720 wo=39231 core=2
KM_MSGPROF sender ctx=6 root=false query=None pred_sent=457432 (7.9%) pool=545 preds=940 wo=28517 core=2
KM_MSGPROF sender ctx=1 root=false query=None pred_sent=457432 (7.9%) pool=545 preds=940 wo=28517 core=2
KM_MSGPROF sender ctx=18 root=false query=None pred_sent=34320 (0.6%) pool=240 preds=143 wo=587 core=3
KM_MSGPROF sender ctx=106 root=false query=None pred_sent=31065 (0.5%) pool=285 preds=109 wo=679 core=3
KM_PROF[time-ms] msgloop pred_payload=372.8 pred_arrival=23005.7 propagate=1770.6 | add_clause=16205.2 (lookup=828.4 fwdsub=11918.4 backsub=444.1 index=1704.4) hyper=587.0 subsume=313.3 pred_local=1575.4 eq=484.6 saturate=3775.7
KM_PROF msgloop guard=4120000 contexts=1317 msgs_pending=0 saturate_calls=920 succ=94205 pred=4025794 ground_wo=0
KM_MSGPROF arrivals dup=0 empty_join=0 conclusions=4111898 conclusions_new=4072318 (99.04% new) | arena[succ]=89318 arena[root]=14436 pred_interned=65994 ctx_clause_slots=4596054
KM_MSGPROF sender ctx=2 root=false query=None pred_sent=770232 (13.3%) pool=885 preds=940 wo=38272 core=2
KM_MSGPROF sender ctx=3 root=false query=None pred_sent=600032 (10.4%) pool=700 preds=940 wo=33670 core=2
KM_MSGPROF sender ctx=4 root=false query=None pred_sent=521784 (9.0%) pool=804 preds=720 wo=37763 core=2
KM_MSGPROF sender ctx=5 root=false query=None pred_sent=461064 (8.0%) pool=716 preds=720 wo=39231 core=2
KM_MSGPROF sender ctx=6 root=false query=None pred_sent=457432 (7.9%) pool=545 preds=940 wo=28517 core=2
KM_MSGPROF sender ctx=1 root=false query=None pred_sent=457432 (7.9%) pool=545 preds=940 wo=28517 core=2
KM_MSGPROF sender ctx=18 root=false query=None pred_sent=34320 (0.6%) pool=240 preds=143 wo=587 core=3
KM_MSGPROF sender ctx=106 root=false query=None pred_sent=31065 (0.5%) pool=285 preds=109 wo=679 core=3
KM_PROF[time-ms] msgloop pred_payload=374.4 pred_arrival=23071.2 propagate=1770.6 | add_clause=16224.0 (lookup=830.7 fwdsub=11921.8 backsub=445.5 index=1708.8) hyper=587.0 subsume=313.3 pred_local=1575.4 eq=484.6 saturate=3775.7
KM_PROF msgloop guard=4140000 contexts=1317 msgs_pending=0 saturate_calls=920 succ=94205 pred=4045794 ground_wo=0
KM_MSGPROF arrivals dup=0 empty_join=0 conclusions=4131898 conclusions_new=4091538 (99.02% new) | arena[succ]=89318 arena[root]=14436 pred_interned=65994 ctx_clause_slots=4615274
KM_MSGPROF sender ctx=2 root=false query=None pred_sent=770232 (13.3%) pool=885 preds=940 wo=38272 core=2
KM_MSGPROF sender ctx=3 root=false query=None pred_sent=600032 (10.4%) pool=700 preds=940 wo=33670 core=2
KM_MSGPROF sender ctx=4 root=false query=None pred_sent=521784 (9.0%) pool=804 preds=720 wo=37763 core=2
KM_MSGPROF sender ctx=5 root=false query=None pred_sent=461064 (8.0%) pool=716 preds=720 wo=39231 core=2
KM_MSGPROF sender ctx=6 root=false query=None pred_sent=457432 (7.9%) pool=545 preds=940 wo=28517 core=2
KM_MSGPROF sender ctx=1 root=false query=None pred_sent=457432 (7.9%) pool=545 preds=940 wo=28517 core=2
KM_MSGPROF sender ctx=18 root=false query=None pred_sent=34320 (0.6%) pool=240 preds=143 wo=587 core=3
KM_MSGPROF sender ctx=106 root=false query=None pred_sent=31065 (0.5%) pool=285 preds=109 wo=679 core=3
KM_PROF[time-ms] msgloop pred_payload=376.1 pred_arrival=23133.6 propagate=1770.6 | add_clause=16241.1 (lookup=832.9 fwdsub=11925.0 backsub=446.9 index=1712.9) hyper=587.0 subsume=313.3 pred_local=1575.4 eq=484.6 saturate=3775.7
KM_PROF msgloop guard=4160000 contexts=1317 msgs_pending=0 saturate_calls=920 succ=94205 pred=4065794 ground_wo=0
KM_MSGPROF arrivals dup=0 empty_join=0 conclusions=4151898 conclusions_new=4110953 (99.01% new) | arena[succ]=89318 arena[root]=14436 pred_interned=65994 ctx_clause_slots=4634689
KM_MSGPROF sender ctx=2 root=false query=None pred_sent=770232 (13.3%) pool=885 preds=940 wo=38272 core=2
KM_MSGPROF sender ctx=3 root=false query=None pred_sent=600032 (10.4%) pool=700 preds=940 wo=33670 core=2
KM_MSGPROF sender ctx=4 root=false query=None pred_sent=521784 (9.0%) pool=804 preds=720 wo=37763 core=2
KM_MSGPROF sender ctx=5 root=false query=None pred_sent=461064 (8.0%) pool=716 preds=720 wo=39231 core=2
KM_MSGPROF sender ctx=6 root=false query=None pred_sent=457432 (7.9%) pool=545 preds=940 wo=28517 core=2
KM_MSGPROF sender ctx=1 root=false query=None pred_sent=457432 (7.9%) pool=545 preds=940 wo=28517 core=2
KM_MSGPROF sender ctx=18 root=false query=None pred_sent=34320 (0.6%) pool=240 preds=143 wo=587 core=3
KM_MSGPROF sender ctx=106 root=false query=None pred_sent=31065 (0.5%) pool=285 preds=109 wo=679 core=3
KM_PROF[time-ms] msgloop pred_payload=377.6 pred_arrival=23190.2 propagate=1770.6 | add_clause=16259.7 (lookup=835.1 fwdsub=11928.4 backsub=448.2 index=1717.4) hyper=587.0 subsume=313.3 pred_local=1575.4 eq=484.6 saturate=3775.7
KM_PROF msgloop guard=4180000 contexts=1317 msgs_pending=0 saturate_calls=920 succ=94205 pred=4085794 ground_wo=0
KM_MSGPROF arrivals dup=0 empty_join=0 conclusions=4171898 conclusions_new=4129369 (98.98% new) | arena[succ]=89318 arena[root]=14436 pred_interned=65994 ctx_clause_slots=4653105
KM_MSGPROF sender ctx=2 root=false query=None pred_sent=770232 (13.3%) pool=885 preds=940 wo=38272 core=2
KM_MSGPROF sender ctx=3 root=false query=None pred_sent=600032 (10.4%) pool=700 preds=940 wo=33670 core=2
KM_MSGPROF sender ctx=4 root=false query=None pred_sent=521784 (9.0%) pool=804 preds=720 wo=37763 core=2
KM_MSGPROF sender ctx=5 root=false query=None pred_sent=461064 (8.0%) pool=716 preds=720 wo=39231 core=2
KM_MSGPROF sender ctx=6 root=false query=None pred_sent=457432 (7.9%) pool=545 preds=940 wo=28517 core=2
KM_MSGPROF sender ctx=1 root=false query=None pred_sent=457432 (7.9%) pool=545 preds=940 wo=28517 core=2
KM_MSGPROF sender ctx=18 root=false query=None pred_sent=34320 (0.6%) pool=240 preds=143 wo=587 core=3
KM_MSGPROF sender ctx=106 root=false query=None pred_sent=31065 (0.5%) pool=285 preds=109 wo=679 core=3
KM_PROF[time-ms] msgloop pred_payload=379.2 pred_arrival=23255.0 propagate=1770.6 | add_clause=16278.1 (lookup=837.5 fwdsub=11932.2 backsub=449.6 index=1722.1) hyper=587.0 subsume=313.3 pred_local=1575.4 eq=484.6 saturate=3775.7
KM_PROF msgloop guard=4200000 contexts=1317 msgs_pending=0 saturate_calls=920 succ=94205 pred=4105794 ground_wo=0
KM_MSGPROF arrivals dup=0 empty_join=0 conclusions=4191898 conclusions_new=4147995 (98.95% new) | arena[succ]=89318 arena[root]=14436 pred_interned=65994 ctx_clause_slots=4671731
KM_MSGPROF sender ctx=2 root=false query=None pred_sent=770232 (13.3%) pool=885 preds=940 wo=38272 core=2
KM_MSGPROF sender ctx=3 root=false query=None pred_sent=600032 (10.4%) pool=700 preds=940 wo=33670 core=2
KM_MSGPROF sender ctx=4 root=false query=None pred_sent=521784 (9.0%) pool=804 preds=720 wo=37763 core=2
KM_MSGPROF sender ctx=5 root=false query=None pred_sent=461064 (8.0%) pool=716 preds=720 wo=39231 core=2
KM_MSGPROF sender ctx=6 root=false query=None pred_sent=457432 (7.9%) pool=545 preds=940 wo=28517 core=2
KM_MSGPROF sender ctx=1 root=false query=None pred_sent=457432 (7.9%) pool=545 preds=940 wo=28517 core=2
KM_MSGPROF sender ctx=18 root=false query=None pred_sent=34320 (0.6%) pool=240 preds=143 wo=587 core=3
KM_MSGPROF sender ctx=106 root=false query=None pred_sent=31065 (0.5%) pool=285 preds=109 wo=679 core=3
KM_PROF[time-ms] msgloop pred_payload=380.8 pred_arrival=23317.7 propagate=1770.6 | add_clause=16296.3 (lookup=840.0 fwdsub=11935.9 backsub=451.0 index=1726.9) hyper=587.0 subsume=313.3 pred_local=1575.4 eq=484.6 saturate=3775.7
KM_PROF msgloop guard=4220000 contexts=1317 msgs_pending=0 saturate_calls=920 succ=94205 pred=4125794 ground_wo=0
KM_MSGPROF arrivals dup=0 empty_join=0 conclusions=4211898 conclusions_new=4167215 (98.94% new) | arena[succ]=89318 arena[root]=14436 pred_interned=65994 ctx_clause_slots=4690951
KM_MSGPROF sender ctx=2 root=false query=None pred_sent=770232 (13.3%) pool=885 preds=940 wo=38272 core=2
KM_MSGPROF sender ctx=3 root=false query=None pred_sent=600032 (10.4%) pool=700 preds=940 wo=33670 core=2
KM_MSGPROF sender ctx=4 root=false query=None pred_sent=521784 (9.0%) pool=804 preds=720 wo=37763 core=2
KM_MSGPROF sender ctx=5 root=false query=None pred_sent=461064 (8.0%) pool=716 preds=720 wo=39231 core=2
KM_MSGPROF sender ctx=6 root=false query=None pred_sent=457432 (7.9%) pool=545 preds=940 wo=28517 core=2
KM_MSGPROF sender ctx=1 root=false query=None pred_sent=457432 (7.9%) pool=545 preds=940 wo=28517 core=2
KM_MSGPROF sender ctx=18 root=false query=None pred_sent=34320 (0.6%) pool=240 preds=143 wo=587 core=3
KM_MSGPROF sender ctx=106 root=false query=None pred_sent=31065 (0.5%) pool=285 preds=109 wo=679 core=3
KM_PROF[time-ms] msgloop pred_payload=382.5 pred_arrival=23381.7 propagate=1770.6 | add_clause=16313.9 (lookup=842.2 fwdsub=11939.2 backsub=452.3 index=1731.3) hyper=587.0 subsume=313.3 pred_local=1575.4 eq=484.6 saturate=3775.7
KM_PROF msgloop guard=4240000 contexts=1317 msgs_pending=0 saturate_calls=920 succ=94205 pred=4145794 ground_wo=0
KM_MSGPROF arrivals dup=0 empty_join=0 conclusions=4231898 conclusions_new=4187170 (98.94% new) | arena[succ]=89318 arena[root]=14436 pred_interned=65994 ctx_clause_slots=4710906
KM_MSGPROF sender ctx=2 root=false query=None pred_sent=770232 (13.3%) pool=885 preds=940 wo=38272 core=2
KM_MSGPROF sender ctx=3 root=false query=None pred_sent=600032 (10.4%) pool=700 preds=940 wo=33670 core=2
KM_MSGPROF sender ctx=4 root=false query=None pred_sent=521784 (9.0%) pool=804 preds=720 wo=37763 core=2
KM_MSGPROF sender ctx=5 root=false query=None pred_sent=461064 (8.0%) pool=716 preds=720 wo=39231 core=2
KM_MSGPROF sender ctx=6 root=false query=None pred_sent=457432 (7.9%) pool=545 preds=940 wo=28517 core=2
KM_MSGPROF sender ctx=1 root=false query=None pred_sent=457432 (7.9%) pool=545 preds=940 wo=28517 core=2
KM_MSGPROF sender ctx=18 root=false query=None pred_sent=34320 (0.6%) pool=240 preds=143 wo=587 core=3
KM_MSGPROF sender ctx=106 root=false query=None pred_sent=31065 (0.5%) pool=285 preds=109 wo=679 core=3
KM_PROF[time-ms] msgloop pred_payload=384.1 pred_arrival=23446.7 propagate=1770.6 | add_clause=16333.3 (lookup=844.6 fwdsub=11943.1 backsub=453.8 index=1736.2) hyper=587.0 subsume=313.3 pred_local=1575.4 eq=484.6 saturate=3775.7
KM_PROF msgloop guard=4260000 contexts=1317 msgs_pending=0 saturate_calls=920 succ=94205 pred=4165794 ground_wo=0
KM_MSGPROF arrivals dup=0 empty_join=0 conclusions=4251898 conclusions_new=4206630 (98.94% new) | arena[succ]=89318 arena[root]=14436 pred_interned=65994 ctx_clause_slots=4730366
KM_MSGPROF sender ctx=2 root=false query=None pred_sent=770232 (13.3%) pool=885 preds=940 wo=38272 core=2
KM_MSGPROF sender ctx=3 root=false query=None pred_sent=600032 (10.4%) pool=700 preds=940 wo=33670 core=2
KM_MSGPROF sender ctx=4 root=false query=None pred_sent=521784 (9.0%) pool=804 preds=720 wo=37763 core=2
KM_MSGPROF sender ctx=5 root=false query=None pred_sent=461064 (8.0%) pool=716 preds=720 wo=39231 core=2
KM_MSGPROF sender ctx=6 root=false query=None pred_sent=457432 (7.9%) pool=545 preds=940 wo=28517 core=2
KM_MSGPROF sender ctx=1 root=false query=None pred_sent=457432 (7.9%) pool=545 preds=940 wo=28517 core=2
KM_MSGPROF sender ctx=18 root=false query=None pred_sent=34320 (0.6%) pool=240 preds=143 wo=587 core=3
KM_MSGPROF sender ctx=106 root=false query=None pred_sent=31065 (0.5%) pool=285 preds=109 wo=679 core=3
KM_PROF[time-ms] msgloop pred_payload=385.8 pred_arrival=23507.5 propagate=1770.6 | add_clause=16352.7 (lookup=847.0 fwdsub=11946.9 backsub=455.3 index=1740.8) hyper=587.0 subsume=313.3 pred_local=1575.4 eq=484.6 saturate=3775.7
KM_PROF msgloop guard=4280000 contexts=1317 msgs_pending=0 saturate_calls=920 succ=94205 pred=4185794 ground_wo=0
KM_MSGPROF arrivals dup=0 empty_join=0 conclusions=4271898 conclusions_new=4226082 (98.93% new) | arena[succ]=89318 arena[root]=14436 pred_interned=65994 ctx_clause_slots=4749818
KM_MSGPROF sender ctx=2 root=false query=None pred_sent=770232 (13.3%) pool=885 preds=940 wo=38272 core=2
KM_MSGPROF sender ctx=3 root=false query=None pred_sent=600032 (10.4%) pool=700 preds=940 wo=33670 core=2
KM_MSGPROF sender ctx=4 root=false query=None pred_sent=521784 (9.0%) pool=804 preds=720 wo=37763 core=2
KM_MSGPROF sender ctx=5 root=false query=None pred_sent=461064 (8.0%) pool=716 preds=720 wo=39231 core=2
KM_MSGPROF sender ctx=6 root=false query=None pred_sent=457432 (7.9%) pool=545 preds=940 wo=28517 core=2
KM_MSGPROF sender ctx=1 root=false query=None pred_sent=457432 (7.9%) pool=545 preds=940 wo=28517 core=2
KM_MSGPROF sender ctx=18 root=false query=None pred_sent=34320 (0.6%) pool=240 preds=143 wo=587 core=3
KM_MSGPROF sender ctx=106 root=false query=None pred_sent=31065 (0.5%) pool=285 preds=109 wo=679 core=3
KM_PROF[time-ms] msgloop pred_payload=387.4 pred_arrival=23571.6 propagate=1770.6 | add_clause=16370.6 (lookup=849.3 fwdsub=11950.5 backsub=456.6 index=1745.2) hyper=587.0 subsume=313.3 pred_local=1575.4 eq=484.6 saturate=3775.7
KM_PROF msgloop guard=4300000 contexts=1317 msgs_pending=0 saturate_calls=920 succ=94205 pred=4205794 ground_wo=0
KM_MSGPROF arrivals dup=0 empty_join=0 conclusions=4291898 conclusions_new=4245534 (98.92% new) | arena[succ]=89318 arena[root]=14436 pred_interned=65994 ctx_clause_slots=4769270
KM_MSGPROF sender ctx=2 root=false query=None pred_sent=770232 (13.3%) pool=885 preds=940 wo=38272 core=2
KM_MSGPROF sender ctx=3 root=false query=None pred_sent=600032 (10.4%) pool=700 preds=940 wo=33670 core=2
KM_MSGPROF sender ctx=4 root=false query=None pred_sent=521784 (9.0%) pool=804 preds=720 wo=37763 core=2
KM_MSGPROF sender ctx=5 root=false query=None pred_sent=461064 (8.0%) pool=716 preds=720 wo=39231 core=2
KM_MSGPROF sender ctx=6 root=false query=None pred_sent=457432 (7.9%) pool=545 preds=940 wo=28517 core=2
KM_MSGPROF sender ctx=1 root=false query=None pred_sent=457432 (7.9%) pool=545 preds=940 wo=28517 core=2
KM_MSGPROF sender ctx=18 root=false query=None pred_sent=34320 (0.6%) pool=240 preds=143 wo=587 core=3
KM_MSGPROF sender ctx=106 root=false query=None pred_sent=31065 (0.5%) pool=285 preds=109 wo=679 core=3
KM_PROF[time-ms] msgloop pred_payload=389.0 pred_arrival=23634.8 propagate=1770.6 | add_clause=16388.2 (lookup=851.5 fwdsub=11953.9 backsub=458.0 index=1749.4) hyper=587.0 subsume=313.3 pred_local=1575.4 eq=484.6 saturate=3775.7
KM_PROF msgloop guard=4320000 contexts=1317 msgs_pending=0 saturate_calls=920 succ=94205 pred=4225794 ground_wo=0
KM_MSGPROF arrivals dup=0 empty_join=0 conclusions=4311898 conclusions_new=4265123 (98.92% new) | arena[succ]=89318 arena[root]=14436 pred_interned=65994 ctx_clause_slots=4788859
KM_MSGPROF sender ctx=2 root=false query=None pred_sent=770232 (13.3%) pool=885 preds=940 wo=38272 core=2
KM_MSGPROF sender ctx=3 root=false query=None pred_sent=600032 (10.4%) pool=700 preds=940 wo=33670 core=2
KM_MSGPROF sender ctx=4 root=false query=None pred_sent=521784 (9.0%) pool=804 preds=720 wo=37763 core=2
KM_MSGPROF sender ctx=5 root=false query=None pred_sent=461064 (8.0%) pool=716 preds=720 wo=39231 core=2
KM_MSGPROF sender ctx=6 root=false query=None pred_sent=457432 (7.9%) pool=545 preds=940 wo=28517 core=2
KM_MSGPROF sender ctx=1 root=false query=None pred_sent=457432 (7.9%) pool=545 preds=940 wo=28517 core=2
KM_MSGPROF sender ctx=18 root=false query=None pred_sent=34320 (0.6%) pool=240 preds=143 wo=587 core=3
KM_MSGPROF sender ctx=106 root=false query=None pred_sent=31065 (0.5%) pool=285 preds=109 wo=679 core=3
KM_PROF[time-ms] msgloop pred_payload=390.5 pred_arrival=23689.0 propagate=1770.6 | add_clause=16405.3 (lookup=853.8 fwdsub=11957.1 backsub=459.4 index=1753.7) hyper=587.0 subsume=313.3 pred_local=1575.4 eq=484.6 saturate=3775.7
KM_PROF msgloop guard=4340000 contexts=1317 msgs_pending=0 saturate_calls=920 succ=94205 pred=4245794 ground_wo=0
KM_MSGPROF arrivals dup=0 empty_join=0 conclusions=4331898 conclusions_new=4284670 (98.91% new) | arena[succ]=89318 arena[root]=14436 pred_interned=65994 ctx_clause_slots=4808406
KM_MSGPROF sender ctx=2 root=false query=None pred_sent=770232 (13.3%) pool=885 preds=940 wo=38272 core=2
KM_MSGPROF sender ctx=3 root=false query=None pred_sent=600032 (10.4%) pool=700 preds=940 wo=33670 core=2
KM_MSGPROF sender ctx=4 root=false query=None pred_sent=521784 (9.0%) pool=804 preds=720 wo=37763 core=2
KM_MSGPROF sender ctx=5 root=false query=None pred_sent=461064 (8.0%) pool=716 preds=720 wo=39231 core=2
KM_MSGPROF sender ctx=6 root=false query=None pred_sent=457432 (7.9%) pool=545 preds=940 wo=28517 core=2
KM_MSGPROF sender ctx=1 root=false query=None pred_sent=457432 (7.9%) pool=545 preds=940 wo=28517 core=2
KM_MSGPROF sender ctx=18 root=false query=None pred_sent=34320 (0.6%) pool=240 preds=143 wo=587 core=3
KM_MSGPROF sender ctx=106 root=false query=None pred_sent=31065 (0.5%) pool=285 preds=109 wo=679 core=3
KM_PROF[time-ms] msgloop pred_payload=392.0 pred_arrival=23743.3 propagate=1770.6 | add_clause=16422.4 (lookup=856.0 fwdsub=11960.3 backsub=460.7 index=1757.9) hyper=587.0 subsume=313.3 pred_local=1575.4 eq=484.6 saturate=3775.7
KM_PROF msgloop guard=4360000 contexts=1317 msgs_pending=0 saturate_calls=920 succ=94205 pred=4265794 ground_wo=0
KM_MSGPROF arrivals dup=0 empty_join=0 conclusions=4351898 conclusions_new=4304122 (98.90% new) | arena[succ]=89318 arena[root]=14436 pred_interned=65994 ctx_clause_slots=4827858
KM_MSGPROF sender ctx=2 root=false query=None pred_sent=770232 (13.3%) pool=885 preds=940 wo=38272 core=2
KM_MSGPROF sender ctx=3 root=false query=None pred_sent=600032 (10.4%) pool=700 preds=940 wo=33670 core=2
KM_MSGPROF sender ctx=4 root=false query=None pred_sent=521784 (9.0%) pool=804 preds=720 wo=37763 core=2
KM_MSGPROF sender ctx=5 root=false query=None pred_sent=461064 (8.0%) pool=716 preds=720 wo=39231 core=2
KM_MSGPROF sender ctx=6 root=false query=None pred_sent=457432 (7.9%) pool=545 preds=940 wo=28517 core=2
KM_MSGPROF sender ctx=1 root=false query=None pred_sent=457432 (7.9%) pool=545 preds=940 wo=28517 core=2
KM_MSGPROF sender ctx=18 root=false query=None pred_sent=34320 (0.6%) pool=240 preds=143 wo=587 core=3
KM_MSGPROF sender ctx=106 root=false query=None pred_sent=31065 (0.5%) pool=285 preds=109 wo=679 core=3
KM_PROF[time-ms] msgloop pred_payload=393.7 pred_arrival=23807.4 propagate=1770.6 | add_clause=16439.7 (lookup=858.3 fwdsub=11963.5 backsub=462.1 index=1762.2) hyper=587.0 subsume=313.3 pred_local=1575.4 eq=484.6 saturate=3775.7
KM_PROF msgloop guard=4380000 contexts=1317 msgs_pending=0 saturate_calls=920 succ=94205 pred=4285794 ground_wo=0
KM_MSGPROF arrivals dup=0 empty_join=0 conclusions=4371898 conclusions_new=4323574 (98.89% new) | arena[succ]=89318 arena[root]=14436 pred_interned=65994 ctx_clause_slots=4847310
KM_MSGPROF sender ctx=2 root=false query=None pred_sent=770232 (13.3%) pool=885 preds=940 wo=38272 core=2
KM_MSGPROF sender ctx=3 root=false query=None pred_sent=600032 (10.4%) pool=700 preds=940 wo=33670 core=2
KM_MSGPROF sender ctx=4 root=false query=None pred_sent=521784 (9.0%) pool=804 preds=720 wo=37763 core=2
KM_MSGPROF sender ctx=5 root=false query=None pred_sent=461064 (8.0%) pool=716 preds=720 wo=39231 core=2
KM_MSGPROF sender ctx=6 root=false query=None pred_sent=457432 (7.9%) pool=545 preds=940 wo=28517 core=2
KM_MSGPROF sender ctx=1 root=false query=None pred_sent=457432 (7.9%) pool=545 preds=940 wo=28517 core=2
KM_MSGPROF sender ctx=18 root=false query=None pred_sent=34320 (0.6%) pool=240 preds=143 wo=587 core=3
KM_MSGPROF sender ctx=106 root=false query=None pred_sent=31065 (0.5%) pool=285 preds=109 wo=679 core=3
KM_PROF[time-ms] msgloop pred_payload=395.4 pred_arrival=23871.8 propagate=1770.6 | add_clause=16456.9 (lookup=860.6 fwdsub=11966.7 backsub=463.5 index=1766.4) hyper=587.0 subsume=313.3 pred_local=1575.4 eq=484.6 saturate=3775.7
KM_PROF msgloop guard=4400000 contexts=1317 msgs_pending=0 saturate_calls=920 succ=94205 pred=4305794 ground_wo=0
KM_MSGPROF arrivals dup=0 empty_join=0 conclusions=4391898 conclusions_new=4343163 (98.89% new) | arena[succ]=89318 arena[root]=14436 pred_interned=65994 ctx_clause_slots=4866899
KM_MSGPROF sender ctx=2 root=false query=None pred_sent=770232 (13.3%) pool=885 preds=940 wo=38272 core=2
KM_MSGPROF sender ctx=3 root=false query=None pred_sent=600032 (10.4%) pool=700 preds=940 wo=33670 core=2
KM_MSGPROF sender ctx=4 root=false query=None pred_sent=521784 (9.0%) pool=804 preds=720 wo=37763 core=2
KM_MSGPROF sender ctx=5 root=false query=None pred_sent=461064 (8.0%) pool=716 preds=720 wo=39231 core=2
KM_MSGPROF sender ctx=6 root=false query=None pred_sent=457432 (7.9%) pool=545 preds=940 wo=28517 core=2
KM_MSGPROF sender ctx=1 root=false query=None pred_sent=457432 (7.9%) pool=545 preds=940 wo=28517 core=2
KM_MSGPROF sender ctx=18 root=false query=None pred_sent=34320 (0.6%) pool=240 preds=143 wo=587 core=3
KM_MSGPROF sender ctx=106 root=false query=None pred_sent=31065 (0.5%) pool=285 preds=109 wo=679 core=3
KM_PROF[time-ms] msgloop pred_payload=396.9 pred_arrival=23927.5 propagate=1770.6 | add_clause=16474.1 (lookup=862.9 fwdsub=11970.0 backsub=464.9 index=1770.7) hyper=587.0 subsume=313.3 pred_local=1575.4 eq=484.6 saturate=3775.7
KM_PROF msgloop guard=4420000 contexts=1317 msgs_pending=0 saturate_calls=920 succ=94205 pred=4325794 ground_wo=0
KM_MSGPROF arrivals dup=0 empty_join=0 conclusions=4411898 conclusions_new=4362675 (98.88% new) | arena[succ]=89318 arena[root]=14436 pred_interned=65994 ctx_clause_slots=4886411
KM_MSGPROF sender ctx=2 root=false query=None pred_sent=770232 (13.3%) pool=885 preds=940 wo=38272 core=2
KM_MSGPROF sender ctx=3 root=false query=None pred_sent=600032 (10.4%) pool=700 preds=940 wo=33670 core=2
KM_MSGPROF sender ctx=4 root=false query=None pred_sent=521784 (9.0%) pool=804 preds=720 wo=37763 core=2
KM_MSGPROF sender ctx=5 root=false query=None pred_sent=461064 (8.0%) pool=716 preds=720 wo=39231 core=2
KM_MSGPROF sender ctx=6 root=false query=None pred_sent=457432 (7.9%) pool=545 preds=940 wo=28517 core=2
KM_MSGPROF sender ctx=1 root=false query=None pred_sent=457432 (7.9%) pool=545 preds=940 wo=28517 core=2
KM_MSGPROF sender ctx=18 root=false query=None pred_sent=34320 (0.6%) pool=240 preds=143 wo=587 core=3
KM_MSGPROF sender ctx=106 root=false query=None pred_sent=31065 (0.5%) pool=285 preds=109 wo=679 core=3
KM_PROF[time-ms] msgloop pred_payload=398.5 pred_arrival=23988.6 propagate=1770.6 | add_clause=16491.1 (lookup=865.2 fwdsub=11973.1 backsub=466.2 index=1774.9) hyper=587.0 subsume=313.3 pred_local=1575.4 eq=484.6 saturate=3775.7
KM_PROF msgloop guard=4440000 contexts=1317 msgs_pending=0 saturate_calls=920 succ=94205 pred=4345794 ground_wo=0
KM_MSGPROF arrivals dup=0 empty_join=0 conclusions=4431898 conclusions_new=4382187 (98.88% new) | arena[succ]=89318 arena[root]=14436 pred_interned=65994 ctx_clause_slots=4905923
KM_MSGPROF sender ctx=2 root=false query=None pred_sent=770232 (13.3%) pool=885 preds=940 wo=38272 core=2
KM_MSGPROF sender ctx=3 root=false query=None pred_sent=600032 (10.4%) pool=700 preds=940 wo=33670 core=2
KM_MSGPROF sender ctx=4 root=false query=None pred_sent=521784 (9.0%) pool=804 preds=720 wo=37763 core=2
KM_MSGPROF sender ctx=5 root=false query=None pred_sent=461064 (8.0%) pool=716 preds=720 wo=39231 core=2
KM_MSGPROF sender ctx=6 root=false query=None pred_sent=457432 (7.9%) pool=545 preds=940 wo=28517 core=2
KM_MSGPROF sender ctx=1 root=false query=None pred_sent=457432 (7.9%) pool=545 preds=940 wo=28517 core=2
KM_MSGPROF sender ctx=18 root=false query=None pred_sent=34320 (0.6%) pool=240 preds=143 wo=587 core=3
KM_MSGPROF sender ctx=106 root=false query=None pred_sent=31065 (0.5%) pool=285 preds=109 wo=679 core=3
KM_PROF[time-ms] msgloop pred_payload=400.2 pred_arrival=24050.4 propagate=1770.6 | add_clause=16507.8 (lookup=867.4 fwdsub=11976.1 backsub=467.6 index=1779.0) hyper=587.0 subsume=313.3 pred_local=1575.4 eq=484.6 saturate=3775.7
KM_PROF msgloop guard=4460000 contexts=1317 msgs_pending=0 saturate_calls=920 succ=94205 pred=4365794 ground_wo=0
KM_MSGPROF arrivals dup=0 empty_join=0 conclusions=4451898 conclusions_new=4401821 (98.88% new) | arena[succ]=89318 arena[root]=14436 pred_interned=65994 ctx_clause_slots=4925557
KM_MSGPROF sender ctx=2 root=false query=None pred_sent=770232 (13.3%) pool=885 preds=940 wo=38272 core=2
KM_MSGPROF sender ctx=3 root=false query=None pred_sent=600032 (10.4%) pool=700 preds=940 wo=33670 core=2
KM_MSGPROF sender ctx=4 root=false query=None pred_sent=521784 (9.0%) pool=804 preds=720 wo=37763 core=2
KM_MSGPROF sender ctx=5 root=false query=None pred_sent=461064 (8.0%) pool=716 preds=720 wo=39231 core=2
KM_MSGPROF sender ctx=6 root=false query=None pred_sent=457432 (7.9%) pool=545 preds=940 wo=28517 core=2
KM_MSGPROF sender ctx=1 root=false query=None pred_sent=457432 (7.9%) pool=545 preds=940 wo=28517 core=2
KM_MSGPROF sender ctx=18 root=false query=None pred_sent=34320 (0.6%) pool=240 preds=143 wo=587 core=3
KM_MSGPROF sender ctx=106 root=false query=None pred_sent=31065 (0.5%) pool=285 preds=109 wo=679 core=3
KM_PROF[time-ms] msgloop pred_payload=401.7 pred_arrival=24106.3 propagate=1770.6 | add_clause=16524.4 (lookup=869.7 fwdsub=11979.2 backsub=469.0 index=1783.1) hyper=587.0 subsume=313.3 pred_local=1575.4 eq=484.6 saturate=3775.7
KM_PROF msgloop guard=4480000 contexts=1317 msgs_pending=0 saturate_calls=920 succ=94205 pred=4385794 ground_wo=0
KM_MSGPROF arrivals dup=0 empty_join=0 conclusions=4471898 conclusions_new=4421641 (98.88% new) | arena[succ]=89318 arena[root]=14436 pred_interned=65994 ctx_clause_slots=4945377
KM_MSGPROF sender ctx=2 root=false query=None pred_sent=770232 (13.3%) pool=885 preds=940 wo=38272 core=2
KM_MSGPROF sender ctx=3 root=false query=None pred_sent=600032 (10.4%) pool=700 preds=940 wo=33670 core=2
KM_MSGPROF sender ctx=4 root=false query=None pred_sent=521784 (9.0%) pool=804 preds=720 wo=37763 core=2
KM_MSGPROF sender ctx=5 root=false query=None pred_sent=461064 (8.0%) pool=716 preds=720 wo=39231 core=2
KM_MSGPROF sender ctx=6 root=false query=None pred_sent=457432 (7.9%) pool=545 preds=940 wo=28517 core=2
KM_MSGPROF sender ctx=1 root=false query=None pred_sent=457432 (7.9%) pool=545 preds=940 wo=28517 core=2
KM_MSGPROF sender ctx=18 root=false query=None pred_sent=34320 (0.6%) pool=240 preds=143 wo=587 core=3
KM_MSGPROF sender ctx=106 root=false query=None pred_sent=31065 (0.5%) pool=285 preds=109 wo=679 core=3
KM_PROF[time-ms] msgloop pred_payload=403.3 pred_arrival=24157.0 propagate=1770.6 | add_clause=16539.7 (lookup=872.1 fwdsub=11981.7 backsub=470.4 index=1786.8) hyper=587.0 subsume=313.3 pred_local=1575.4 eq=484.6 saturate=3775.7
KM_PROF msgloop guard=4500000 contexts=1317 msgs_pending=0 saturate_calls=920 succ=94205 pred=4405794 ground_wo=0
KM_MSGPROF arrivals dup=0 empty_join=0 conclusions=4491898 conclusions_new=4441413 (98.88% new) | arena[succ]=89318 arena[root]=14436 pred_interned=65994 ctx_clause_slots=4965149
KM_MSGPROF sender ctx=2 root=false query=None pred_sent=770232 (13.3%) pool=885 preds=940 wo=38272 core=2
KM_MSGPROF sender ctx=3 root=false query=None pred_sent=600032 (10.4%) pool=700 preds=940 wo=33670 core=2
KM_MSGPROF sender ctx=4 root=false query=None pred_sent=521784 (9.0%) pool=804 preds=720 wo=37763 core=2
KM_MSGPROF sender ctx=5 root=false query=None pred_sent=461064 (8.0%) pool=716 preds=720 wo=39231 core=2
KM_MSGPROF sender ctx=6 root=false query=None pred_sent=457432 (7.9%) pool=545 preds=940 wo=28517 core=2
KM_MSGPROF sender ctx=1 root=false query=None pred_sent=457432 (7.9%) pool=545 preds=940 wo=28517 core=2
KM_MSGPROF sender ctx=18 root=false query=None pred_sent=34320 (0.6%) pool=240 preds=143 wo=587 core=3
KM_MSGPROF sender ctx=106 root=false query=None pred_sent=31065 (0.5%) pool=285 preds=109 wo=679 core=3
KM_PROF[time-ms] msgloop pred_payload=404.9 pred_arrival=24203.7 propagate=1770.6 | add_clause=16553.7 (lookup=874.6 fwdsub=11983.9 backsub=471.8 index=1790.0) hyper=587.0 subsume=313.3 pred_local=1575.4 eq=484.6 saturate=3775.7
KM_PROF msgloop guard=4520000 contexts=1317 msgs_pending=0 saturate_calls=920 succ=94205 pred=4425794 ground_wo=0
KM_MSGPROF arrivals dup=0 empty_join=0 conclusions=4511898 conclusions_new=4461116 (98.87% new) | arena[succ]=89318 arena[root]=14436 pred_interned=65994 ctx_clause_slots=4984852
KM_MSGPROF sender ctx=2 root=false query=None pred_sent=770232 (13.3%) pool=885 preds=940 wo=38272 core=2
KM_MSGPROF sender ctx=3 root=false query=None pred_sent=600032 (10.4%) pool=700 preds=940 wo=33670 core=2
KM_MSGPROF sender ctx=4 root=false query=None pred_sent=521784 (9.0%) pool=804 preds=720 wo=37763 core=2
KM_MSGPROF sender ctx=5 root=false query=None pred_sent=461064 (8.0%) pool=716 preds=720 wo=39231 core=2
KM_MSGPROF sender ctx=6 root=false query=None pred_sent=457432 (7.9%) pool=545 preds=940 wo=28517 core=2
KM_MSGPROF sender ctx=1 root=false query=None pred_sent=457432 (7.9%) pool=545 preds=940 wo=28517 core=2
KM_MSGPROF sender ctx=18 root=false query=None pred_sent=34320 (0.6%) pool=240 preds=143 wo=587 core=3
KM_MSGPROF sender ctx=106 root=false query=None pred_sent=31065 (0.5%) pool=285 preds=109 wo=679 core=3
KM_PROF[time-ms] msgloop pred_payload=406.6 pred_arrival=24251.2 propagate=1770.6 | add_clause=16567.7 (lookup=877.1 fwdsub=11986.2 backsub=473.2 index=1793.1) hyper=587.0 subsume=313.3 pred_local=1575.4 eq=484.6 saturate=3775.7
KM_PROF msgloop guard=4540000 contexts=1317 msgs_pending=0 saturate_calls=920 succ=94205 pred=4445794 ground_wo=0
KM_MSGPROF arrivals dup=0 empty_join=0 conclusions=4531898 conclusions_new=4480579 (98.87% new) | arena[succ]=89318 arena[root]=14436 pred_interned=65994 ctx_clause_slots=5004315
KM_MSGPROF sender ctx=2 root=false query=None pred_sent=770232 (13.3%) pool=885 preds=940 wo=38272 core=2
KM_MSGPROF sender ctx=3 root=false query=None pred_sent=600032 (10.4%) pool=700 preds=940 wo=33670 core=2
KM_MSGPROF sender ctx=4 root=false query=None pred_sent=521784 (9.0%) pool=804 preds=720 wo=37763 core=2
KM_MSGPROF sender ctx=5 root=false query=None pred_sent=461064 (8.0%) pool=716 preds=720 wo=39231 core=2
KM_MSGPROF sender ctx=6 root=false query=None pred_sent=457432 (7.9%) pool=545 preds=940 wo=28517 core=2
KM_MSGPROF sender ctx=1 root=false query=None pred_sent=457432 (7.9%) pool=545 preds=940 wo=28517 core=2
KM_MSGPROF sender ctx=18 root=false query=None pred_sent=34320 (0.6%) pool=240 preds=143 wo=587 core=3
KM_MSGPROF sender ctx=106 root=false query=None pred_sent=31065 (0.5%) pool=285 preds=109 wo=679 core=3
KM_PROF[time-ms] msgloop pred_payload=408.3 pred_arrival=24302.4 propagate=1770.6 | add_clause=16582.6 (lookup=879.6 fwdsub=11988.7 backsub=474.6 index=1796.6) hyper=587.0 subsume=313.3 pred_local=1575.4 eq=484.6 saturate=3775.7
KM_PROF msgloop guard=4560000 contexts=1317 msgs_pending=0 saturate_calls=920 succ=94205 pred=4465794 ground_wo=0
KM_MSGPROF arrivals dup=0 empty_join=0 conclusions=4551898 conclusions_new=4500093 (98.86% new) | arena[succ]=89318 arena[root]=14436 pred_interned=65994 ctx_clause_slots=5023829
KM_MSGPROF sender ctx=2 root=false query=None pred_sent=770232 (13.3%) pool=885 preds=940 wo=38272 core=2
KM_MSGPROF sender ctx=3 root=false query=None pred_sent=600032 (10.4%) pool=700 preds=940 wo=33670 core=2
KM_MSGPROF sender ctx=4 root=false query=None pred_sent=521784 (9.0%) pool=804 preds=720 wo=37763 core=2
KM_MSGPROF sender ctx=5 root=false query=None pred_sent=461064 (8.0%) pool=716 preds=720 wo=39231 core=2
KM_MSGPROF sender ctx=6 root=false query=None pred_sent=457432 (7.9%) pool=545 preds=940 wo=28517 core=2
KM_MSGPROF sender ctx=1 root=false query=None pred_sent=457432 (7.9%) pool=545 preds=940 wo=28517 core=2
KM_MSGPROF sender ctx=18 root=false query=None pred_sent=34320 (0.6%) pool=240 preds=143 wo=587 core=3
KM_MSGPROF sender ctx=106 root=false query=None pred_sent=31065 (0.5%) pool=285 preds=109 wo=679 core=3
KM_PROF[time-ms] msgloop pred_payload=409.9 pred_arrival=24354.3 propagate=1770.6 | add_clause=16597.8 (lookup=882.0 fwdsub=11991.3 backsub=476.0 index=1800.3) hyper=587.0 subsume=313.3 pred_local=1575.4 eq=484.6 saturate=3775.7
KM_PROF msgloop guard=4580000 contexts=1317 msgs_pending=0 saturate_calls=920 succ=98009 pred=4481990 ground_wo=0
KM_MSGPROF arrivals dup=0 empty_join=0 conclusions=4568094 conclusions_new=4515725 (98.85% new) | arena[succ]=92178 arena[root]=14436 pred_interned=68891 ctx_clause_slots=5039461
KM_MSGPROF sender ctx=2 root=false query=None pred_sent=770232 (13.3%) pool=885 preds=980 wo=38272 core=2
KM_MSGPROF sender ctx=3 root=false query=None pred_sent=600032 (10.4%) pool=700 preds=980 wo=33670 core=2
KM_MSGPROF sender ctx=4 root=false query=None pred_sent=521784 (9.0%) pool=804 preds=750 wo=37763 core=2
KM_MSGPROF sender ctx=5 root=false query=None pred_sent=461064 (8.0%) pool=716 preds=750 wo=39231 core=2
KM_MSGPROF sender ctx=6 root=false query=None pred_sent=457432 (7.9%) pool=545 preds=980 wo=28517 core=2
KM_MSGPROF sender ctx=1 root=false query=None pred_sent=457432 (7.9%) pool=545 preds=980 wo=28517 core=2
KM_MSGPROF sender ctx=18 root=false query=None pred_sent=34320 (0.6%) pool=240 preds=153 wo=587 core=3
KM_MSGPROF sender ctx=106 root=false query=None pred_sent=31065 (0.5%) pool=285 preds=115 wo=679 core=3
KM_PROF[time-ms] msgloop pred_payload=411.6 pred_arrival=24399.5 propagate=1770.6 | add_clause=16612.4 (lookup=884.5 fwdsub=11994.3 backsub=477.2 index=1804.1) hyper=587.0 subsume=313.3 pred_local=1575.4 eq=484.6 saturate=3775.7
KM_PROF msgloop guard=4600000 contexts=1317 msgs_pending=0 saturate_calls=920 succ=98009 pred=4501990 ground_wo=0
KM_MSGPROF arrivals dup=0 empty_join=0 conclusions=4588094 conclusions_new=4535725 (98.86% new) | arena[succ]=92178 arena[root]=14436 pred_interned=68891 ctx_clause_slots=5059461
KM_MSGPROF sender ctx=2 root=false query=None pred_sent=770232 (13.3%) pool=885 preds=980 wo=38272 core=2
KM_MSGPROF sender ctx=3 root=false query=None pred_sent=600032 (10.4%) pool=700 preds=980 wo=33670 core=2
KM_MSGPROF sender ctx=4 root=false query=None pred_sent=521784 (9.0%) pool=804 preds=750 wo=37763 core=2
KM_MSGPROF sender ctx=5 root=false query=None pred_sent=461064 (8.0%) pool=716 preds=750 wo=39231 core=2
KM_MSGPROF sender ctx=6 root=false query=None pred_sent=457432 (7.9%) pool=545 preds=980 wo=28517 core=2
KM_MSGPROF sender ctx=1 root=false query=None pred_sent=457432 (7.9%) pool=545 preds=980 wo=28517 core=2
KM_MSGPROF sender ctx=18 root=false query=None pred_sent=34320 (0.6%) pool=240 preds=153 wo=587 core=3
KM_MSGPROF sender ctx=106 root=false query=None pred_sent=31065 (0.5%) pool=285 preds=115 wo=679 core=3
KM_PROF[time-ms] msgloop pred_payload=413.2 pred_arrival=24461.9 propagate=1770.6 | add_clause=16630.0 (lookup=886.6 fwdsub=11997.8 backsub=478.6 index=1808.3) hyper=587.0 subsume=313.3 pred_local=1575.4 eq=484.6 saturate=3775.7
KM_PROF msgloop guard=4620000 contexts=1317 msgs_pending=0 saturate_calls=920 succ=98009 pred=4521990 ground_wo=0
KM_MSGPROF arrivals dup=0 empty_join=0 conclusions=4608094 conclusions_new=4555309 (98.85% new) | arena[succ]=92178 arena[root]=14436 pred_interned=68891 ctx_clause_slots=5079045
KM_MSGPROF sender ctx=2 root=false query=None pred_sent=770232 (13.3%) pool=885 preds=980 wo=38272 core=2
KM_MSGPROF sender ctx=3 root=false query=None pred_sent=600032 (10.4%) pool=700 preds=980 wo=33670 core=2
KM_MSGPROF sender ctx=4 root=false query=None pred_sent=521784 (9.0%) pool=804 preds=750 wo=37763 core=2
KM_MSGPROF sender ctx=5 root=false query=None pred_sent=461064 (8.0%) pool=716 preds=750 wo=39231 core=2
KM_MSGPROF sender ctx=6 root=false query=None pred_sent=457432 (7.9%) pool=545 preds=980 wo=28517 core=2
KM_MSGPROF sender ctx=1 root=false query=None pred_sent=457432 (7.9%) pool=545 preds=980 wo=28517 core=2
KM_MSGPROF sender ctx=18 root=false query=None pred_sent=34320 (0.6%) pool=240 preds=153 wo=587 core=3
KM_MSGPROF sender ctx=106 root=false query=None pred_sent=31065 (0.5%) pool=285 preds=115 wo=679 core=3
KM_PROF[time-ms] msgloop pred_payload=414.9 pred_arrival=24524.2 propagate=1770.6 | add_clause=16647.3 (lookup=888.9 fwdsub=12001.0 backsub=479.9 index=1812.5) hyper=587.0 subsume=313.3 pred_local=1575.4 eq=484.6 saturate=3775.7
KM_PROF msgloop guard=4640000 contexts=1317 msgs_pending=0 saturate_calls=920 succ=98009 pred=4541990 ground_wo=0
KM_MSGPROF arrivals dup=0 empty_join=0 conclusions=4628094 conclusions_new=4574988 (98.85% new) | arena[succ]=92178 arena[root]=14436 pred_interned=68891 ctx_clause_slots=5098724
KM_MSGPROF sender ctx=2 root=false query=None pred_sent=770232 (13.3%) pool=885 preds=980 wo=38272 core=2
KM_MSGPROF sender ctx=3 root=false query=None pred_sent=600032 (10.4%) pool=700 preds=980 wo=33670 core=2
KM_MSGPROF sender ctx=4 root=false query=None pred_sent=521784 (9.0%) pool=804 preds=750 wo=37763 core=2
KM_MSGPROF sender ctx=5 root=false query=None pred_sent=461064 (8.0%) pool=716 preds=750 wo=39231 core=2
KM_MSGPROF sender ctx=6 root=false query=None pred_sent=457432 (7.9%) pool=545 preds=980 wo=28517 core=2
KM_MSGPROF sender ctx=1 root=false query=None pred_sent=457432 (7.9%) pool=545 preds=980 wo=28517 core=2
KM_MSGPROF sender ctx=18 root=false query=None pred_sent=34320 (0.6%) pool=240 preds=153 wo=587 core=3
KM_MSGPROF sender ctx=106 root=false query=None pred_sent=31065 (0.5%) pool=285 preds=115 wo=679 core=3
KM_PROF[time-ms] msgloop pred_payload=416.4 pred_arrival=24579.8 propagate=1770.6 | add_clause=16664.0 (lookup=891.1 fwdsub=12004.1 backsub=481.3 index=1816.7) hyper=587.0 subsume=313.3 pred_local=1575.4 eq=484.6 saturate=3775.7
KM_PROF msgloop guard=4660000 contexts=1317 msgs_pending=0 saturate_calls=920 succ=98009 pred=4561990 ground_wo=0
KM_MSGPROF arrivals dup=0 empty_join=0 conclusions=4648094 conclusions_new=4594673 (98.85% new) | arena[succ]=92178 arena[root]=14436 pred_interned=68891 ctx_clause_slots=5118409
KM_MSGPROF sender ctx=2 root=false query=None pred_sent=770232 (13.3%) pool=885 preds=980 wo=38272 core=2
KM_MSGPROF sender ctx=3 root=false query=None pred_sent=600032 (10.4%) pool=700 preds=980 wo=33670 core=2
KM_MSGPROF sender ctx=4 root=false query=None pred_sent=521784 (9.0%) pool=804 preds=750 wo=37763 core=2
KM_MSGPROF sender ctx=5 root=false query=None pred_sent=461064 (8.0%) pool=716 preds=750 wo=39231 core=2
KM_MSGPROF sender ctx=6 root=false query=None pred_sent=457432 (7.9%) pool=545 preds=980 wo=28517 core=2
KM_MSGPROF sender ctx=1 root=false query=None pred_sent=457432 (7.9%) pool=545 preds=980 wo=28517 core=2
KM_MSGPROF sender ctx=18 root=false query=None pred_sent=34320 (0.6%) pool=240 preds=153 wo=587 core=3
KM_MSGPROF sender ctx=106 root=false query=None pred_sent=31065 (0.5%) pool=285 preds=115 wo=679 core=3
KM_PROF[time-ms] msgloop pred_payload=417.9 pred_arrival=24631.7 propagate=1770.6 | add_clause=16680.4 (lookup=893.4 fwdsub=12007.0 backsub=482.7 index=1820.7) hyper=587.0 subsume=313.3 pred_local=1575.4 eq=484.6 saturate=3775.7
KM_PROF msgloop guard=4680000 contexts=1317 msgs_pending=0 saturate_calls=920 succ=98009 pred=4581990 ground_wo=0
KM_MSGPROF arrivals dup=0 empty_join=0 conclusions=4668094 conclusions_new=4614358 (98.85% new) | arena[succ]=92178 arena[root]=14436 pred_interned=68891 ctx_clause_slots=5138094
KM_MSGPROF sender ctx=2 root=false query=None pred_sent=770232 (13.3%) pool=885 preds=980 wo=38272 core=2
KM_MSGPROF sender ctx=3 root=false query=None pred_sent=600032 (10.4%) pool=700 preds=980 wo=33670 core=2
KM_MSGPROF sender ctx=4 root=false query=None pred_sent=521784 (9.0%) pool=804 preds=750 wo=37763 core=2
KM_MSGPROF sender ctx=5 root=false query=None pred_sent=461064 (8.0%) pool=716 preds=750 wo=39231 core=2
KM_MSGPROF sender ctx=6 root=false query=None pred_sent=457432 (7.9%) pool=545 preds=980 wo=28517 core=2
KM_MSGPROF sender ctx=1 root=false query=None pred_sent=457432 (7.9%) pool=545 preds=980 wo=28517 core=2
KM_MSGPROF sender ctx=18 root=false query=None pred_sent=34320 (0.6%) pool=240 preds=153 wo=587 core=3
KM_MSGPROF sender ctx=106 root=false query=None pred_sent=31065 (0.5%) pool=285 preds=115 wo=679 core=3
KM_PROF[time-ms] msgloop pred_payload=419.4 pred_arrival=24683.3 propagate=1770.6 | add_clause=16696.5 (lookup=895.6 fwdsub=12009.9 backsub=484.1 index=1824.7) hyper=587.0 subsume=313.3 pred_local=1575.4 eq=484.6 saturate=3775.7
KM_PROF msgloop guard=4700000 contexts=1317 msgs_pending=0 saturate_calls=920 succ=98009 pred=4601990 ground_wo=0
KM_MSGPROF arrivals dup=0 empty_join=0 conclusions=4688094 conclusions_new=4634358 (98.85% new) | arena[succ]=92178 arena[root]=14436 pred_interned=68891 ctx_clause_slots=5158094
KM_MSGPROF sender ctx=2 root=false query=None pred_sent=770232 (13.3%) pool=885 preds=980 wo=38272 core=2
KM_MSGPROF sender ctx=3 root=false query=None pred_sent=600032 (10.4%) pool=700 preds=980 wo=33670 core=2
KM_MSGPROF sender ctx=4 root=false query=None pred_sent=521784 (9.0%) pool=804 preds=750 wo=37763 core=2
KM_MSGPROF sender ctx=5 root=false query=None pred_sent=461064 (8.0%) pool=716 preds=750 wo=39231 core=2
KM_MSGPROF sender ctx=6 root=false query=None pred_sent=457432 (7.9%) pool=545 preds=980 wo=28517 core=2
KM_MSGPROF sender ctx=1 root=false query=None pred_sent=457432 (7.9%) pool=545 preds=980 wo=28517 core=2
KM_MSGPROF sender ctx=18 root=false query=None pred_sent=34320 (0.6%) pool=240 preds=153 wo=587 core=3
KM_MSGPROF sender ctx=106 root=false query=None pred_sent=31065 (0.5%) pool=285 preds=115 wo=679 core=3
KM_PROF[time-ms] msgloop pred_payload=420.9 pred_arrival=24735.9 propagate=1770.6 | add_clause=16712.8 (lookup=897.8 fwdsub=12012.9 backsub=485.6 index=1828.7) hyper=587.0 subsume=313.3 pred_local=1575.4 eq=484.6 saturate=3775.7
KM_PROF msgloop guard=4720000 contexts=1317 msgs_pending=0 saturate_calls=920 succ=98009 pred=4621990 ground_wo=0
KM_MSGPROF arrivals dup=0 empty_join=0 conclusions=4708094 conclusions_new=4653942 (98.85% new) | arena[succ]=92178 arena[root]=14436 pred_interned=68891 ctx_clause_slots=5177678
KM_MSGPROF sender ctx=2 root=false query=None pred_sent=770232 (13.3%) pool=885 preds=980 wo=38272 core=2
KM_MSGPROF sender ctx=3 root=false query=None pred_sent=600032 (10.4%) pool=700 preds=980 wo=33670 core=2
KM_MSGPROF sender ctx=4 root=false query=None pred_sent=521784 (9.0%) pool=804 preds=750 wo=37763 core=2
KM_MSGPROF sender ctx=5 root=false query=None pred_sent=461064 (8.0%) pool=716 preds=750 wo=39231 core=2
KM_MSGPROF sender ctx=6 root=false query=None pred_sent=457432 (7.9%) pool=545 preds=980 wo=28517 core=2
KM_MSGPROF sender ctx=1 root=false query=None pred_sent=457432 (7.9%) pool=545 preds=980 wo=28517 core=2
KM_MSGPROF sender ctx=18 root=false query=None pred_sent=34320 (0.6%) pool=240 preds=153 wo=587 core=3
KM_MSGPROF sender ctx=106 root=false query=None pred_sent=31065 (0.5%) pool=285 preds=115 wo=679 core=3
KM_PROF[time-ms] msgloop pred_payload=422.5 pred_arrival=24795.1 propagate=1770.6 | add_clause=16728.5 (lookup=900.0 fwdsub=12015.6 backsub=486.9 index=1832.5) hyper=587.0 subsume=313.3 pred_local=1575.4 eq=484.6 saturate=3775.7
KM_PROF msgloop guard=4740000 contexts=1317 msgs_pending=0 saturate_calls=920 succ=98009 pred=4641990 ground_wo=0
KM_MSGPROF arrivals dup=0 empty_join=0 conclusions=4728094 conclusions_new=4673526 (98.85% new) | arena[succ]=92178 arena[root]=14436 pred_interned=68891 ctx_clause_slots=5197262
KM_MSGPROF sender ctx=2 root=false query=None pred_sent=770232 (13.3%) pool=885 preds=980 wo=38272 core=2
KM_MSGPROF sender ctx=3 root=false query=None pred_sent=600032 (10.4%) pool=700 preds=980 wo=33670 core=2
KM_MSGPROF sender ctx=4 root=false query=None pred_sent=521784 (9.0%) pool=804 preds=750 wo=37763 core=2
KM_MSGPROF sender ctx=5 root=false query=None pred_sent=461064 (8.0%) pool=716 preds=750 wo=39231 core=2
KM_MSGPROF sender ctx=6 root=false query=None pred_sent=457432 (7.9%) pool=545 preds=980 wo=28517 core=2
KM_MSGPROF sender ctx=1 root=false query=None pred_sent=457432 (7.9%) pool=545 preds=980 wo=28517 core=2
KM_MSGPROF sender ctx=18 root=false query=None pred_sent=34320 (0.6%) pool=240 preds=153 wo=587 core=3
KM_MSGPROF sender ctx=106 root=false query=None pred_sent=31065 (0.5%) pool=285 preds=115 wo=679 core=3
KM_PROF[time-ms] msgloop pred_payload=424.1 pred_arrival=24856.1 propagate=1770.6 | add_clause=16744.7 (lookup=902.3 fwdsub=12018.5 backsub=488.3 index=1836.4) hyper=587.0 subsume=313.3 pred_local=1575.4 eq=484.6 saturate=3775.7
KM_PROF msgloop guard=4760000 contexts=1317 msgs_pending=0 saturate_calls=920 succ=98009 pred=4661990 ground_wo=0
KM_MSGPROF arrivals dup=0 empty_join=0 conclusions=4748094 conclusions_new=4693214 (98.84% new) | arena[succ]=92178 arena[root]=14436 pred_interned=68891 ctx_clause_slots=5216950
KM_MSGPROF sender ctx=2 root=false query=None pred_sent=770232 (13.3%) pool=885 preds=980 wo=38272 core=2
KM_MSGPROF sender ctx=3 root=false query=None pred_sent=600032 (10.4%) pool=700 preds=980 wo=33670 core=2
KM_MSGPROF sender ctx=4 root=false query=None pred_sent=521784 (9.0%) pool=804 preds=750 wo=37763 core=2
KM_MSGPROF sender ctx=5 root=false query=None pred_sent=461064 (8.0%) pool=716 preds=750 wo=39231 core=2
KM_MSGPROF sender ctx=6 root=false query=None pred_sent=457432 (7.9%) pool=545 preds=980 wo=28517 core=2
KM_MSGPROF sender ctx=1 root=false query=None pred_sent=457432 (7.9%) pool=545 preds=980 wo=28517 core=2
KM_MSGPROF sender ctx=18 root=false query=None pred_sent=34320 (0.6%) pool=240 preds=153 wo=587 core=3
KM_MSGPROF sender ctx=106 root=false query=None pred_sent=31065 (0.5%) pool=285 preds=115 wo=679 core=3
KM_PROF[time-ms] msgloop pred_payload=425.7 pred_arrival=24911.3 propagate=1770.6 | add_clause=16760.9 (lookup=904.5 fwdsub=12021.3 backsub=489.7 index=1840.4) hyper=587.0 subsume=313.3 pred_local=1575.4 eq=484.6 saturate=3775.7
KM_PROF msgloop guard=4780000 contexts=1317 msgs_pending=0 saturate_calls=920 succ=98009 pred=4681990 ground_wo=0
KM_MSGPROF arrivals dup=0 empty_join=0 conclusions=4768094 conclusions_new=4712798 (98.84% new) | arena[succ]=92178 arena[root]=14436 pred_interned=68891 ctx_clause_slots=5236534
KM_MSGPROF sender ctx=2 root=false query=None pred_sent=770232 (13.3%) pool=885 preds=980 wo=38272 core=2
KM_MSGPROF sender ctx=3 root=false query=None pred_sent=600032 (10.4%) pool=700 preds=980 wo=33670 core=2
KM_MSGPROF sender ctx=4 root=false query=None pred_sent=521784 (9.0%) pool=804 preds=750 wo=37763 core=2
KM_MSGPROF sender ctx=5 root=false query=None pred_sent=461064 (8.0%) pool=716 preds=750 wo=39231 core=2
KM_MSGPROF sender ctx=6 root=false query=None pred_sent=457432 (7.9%) pool=545 preds=980 wo=28517 core=2
KM_MSGPROF sender ctx=1 root=false query=None pred_sent=457432 (7.9%) pool=545 preds=980 wo=28517 core=2
KM_MSGPROF sender ctx=18 root=false query=None pred_sent=34320 (0.6%) pool=240 preds=153 wo=587 core=3
KM_MSGPROF sender ctx=106 root=false query=None pred_sent=31065 (0.5%) pool=285 preds=115 wo=679 core=3
KM_PROF[time-ms] msgloop pred_payload=427.3 pred_arrival=24966.4 propagate=1770.6 | add_clause=16777.6 (lookup=906.8 fwdsub=12024.4 backsub=491.1 index=1844.5) hyper=587.0 subsume=313.3 pred_local=1575.4 eq=484.6 saturate=3775.7
KM_PROF msgloop guard=4800000 contexts=1317 msgs_pending=0 saturate_calls=920 succ=98009 pred=4701990 ground_wo=0
KM_MSGPROF arrivals dup=0 empty_join=0 conclusions=4788094 conclusions_new=4732798 (98.85% new) | arena[succ]=92178 arena[root]=14436 pred_interned=68891 ctx_clause_slots=5256534
KM_MSGPROF sender ctx=2 root=false query=None pred_sent=770232 (13.3%) pool=885 preds=980 wo=38272 core=2
KM_MSGPROF sender ctx=3 root=false query=None pred_sent=600032 (10.4%) pool=700 preds=980 wo=33670 core=2
KM_MSGPROF sender ctx=4 root=false query=None pred_sent=521784 (9.0%) pool=804 preds=750 wo=37763 core=2
KM_MSGPROF sender ctx=5 root=false query=None pred_sent=461064 (8.0%) pool=716 preds=750 wo=39231 core=2
KM_MSGPROF sender ctx=6 root=false query=None pred_sent=457432 (7.9%) pool=545 preds=980 wo=28517 core=2
KM_MSGPROF sender ctx=1 root=false query=None pred_sent=457432 (7.9%) pool=545 preds=980 wo=28517 core=2
KM_MSGPROF sender ctx=18 root=false query=None pred_sent=34320 (0.6%) pool=240 preds=153 wo=587 core=3
KM_MSGPROF sender ctx=106 root=false query=None pred_sent=31065 (0.5%) pool=285 preds=115 wo=679 core=3
KM_PROF[time-ms] msgloop pred_payload=428.9 pred_arrival=25027.1 propagate=1770.6 | add_clause=16794.2 (lookup=909.0 fwdsub=12027.5 backsub=492.5 index=1848.5) hyper=587.0 subsume=313.3 pred_local=1575.4 eq=484.6 saturate=3775.7
KM_PROF msgloop guard=4820000 contexts=1317 msgs_pending=0 saturate_calls=920 succ=98009 pred=4721990 ground_wo=0
KM_MSGPROF arrivals dup=0 empty_join=0 conclusions=4808094 conclusions_new=4752382 (98.84% new) | arena[succ]=92178 arena[root]=14436 pred_interned=68891 ctx_clause_slots=5276118
KM_MSGPROF sender ctx=2 root=false query=None pred_sent=770232 (13.3%) pool=885 preds=980 wo=38272 core=2
KM_MSGPROF sender ctx=3 root=false query=None pred_sent=600032 (10.4%) pool=700 preds=980 wo=33670 core=2
KM_MSGPROF sender ctx=4 root=false query=None pred_sent=521784 (9.0%) pool=804 preds=750 wo=37763 core=2
KM_MSGPROF sender ctx=5 root=false query=None pred_sent=461064 (8.0%) pool=716 preds=750 wo=39231 core=2
KM_MSGPROF sender ctx=6 root=false query=None pred_sent=457432 (7.9%) pool=545 preds=980 wo=28517 core=2
KM_MSGPROF sender ctx=1 root=false query=None pred_sent=457432 (7.9%) pool=545 preds=980 wo=28517 core=2
KM_MSGPROF sender ctx=18 root=false query=None pred_sent=34320 (0.6%) pool=240 preds=153 wo=587 core=3
KM_MSGPROF sender ctx=106 root=false query=None pred_sent=31065 (0.5%) pool=285 preds=115 wo=679 core=3
KM_PROF[time-ms] msgloop pred_payload=430.6 pred_arrival=25088.3 propagate=1770.6 | add_clause=16810.9 (lookup=911.3 fwdsub=12030.5 backsub=493.9 index=1852.5) hyper=587.0 subsume=313.3 pred_local=1575.4 eq=484.6 saturate=3775.7
KM_PROF msgloop guard=4840000 contexts=1317 msgs_pending=0 saturate_calls=920 succ=98009 pred=4741990 ground_wo=0
KM_MSGPROF arrivals dup=0 empty_join=0 conclusions=4828094 conclusions_new=4772061 (98.84% new) | arena[succ]=92178 arena[root]=14436 pred_interned=68891 ctx_clause_slots=5295797
KM_MSGPROF sender ctx=2 root=false query=None pred_sent=770232 (13.3%) pool=885 preds=980 wo=38272 core=2
KM_MSGPROF sender ctx=3 root=false query=None pred_sent=600032 (10.4%) pool=700 preds=980 wo=33670 core=2
KM_MSGPROF sender ctx=4 root=false query=None pred_sent=521784 (9.0%) pool=804 preds=750 wo=37763 core=2
KM_MSGPROF sender ctx=5 root=false query=None pred_sent=461064 (8.0%) pool=716 preds=750 wo=39231 core=2
KM_MSGPROF sender ctx=6 root=false query=None pred_sent=457432 (7.9%) pool=545 preds=980 wo=28517 core=2
KM_MSGPROF sender ctx=1 root=false query=None pred_sent=457432 (7.9%) pool=545 preds=980 wo=28517 core=2
KM_MSGPROF sender ctx=18 root=false query=None pred_sent=34320 (0.6%) pool=240 preds=153 wo=587 core=3
KM_MSGPROF sender ctx=106 root=false query=None pred_sent=31065 (0.5%) pool=285 preds=115 wo=679 core=3
KM_PROF[time-ms] msgloop pred_payload=432.1 pred_arrival=25142.7 propagate=1770.6 | add_clause=16827.4 (lookup=913.5 fwdsub=12033.5 backsub=495.3 index=1856.5) hyper=587.0 subsume=313.3 pred_local=1575.4 eq=484.6 saturate=3775.7
KM_PROF msgloop guard=4860000 contexts=1317 msgs_pending=0 saturate_calls=920 succ=98009 pred=4761990 ground_wo=0
KM_MSGPROF arrivals dup=0 empty_join=0 conclusions=4848094 conclusions_new=4791746 (98.84% new) | arena[succ]=92178 arena[root]=14436 pred_interned=68891 ctx_clause_slots=5315482
KM_MSGPROF sender ctx=2 root=false query=None pred_sent=770232 (13.3%) pool=885 preds=980 wo=38272 core=2
KM_MSGPROF sender ctx=3 root=false query=None pred_sent=600032 (10.4%) pool=700 preds=980 wo=33670 core=2
KM_MSGPROF sender ctx=4 root=false query=None pred_sent=521784 (9.0%) pool=804 preds=750 wo=37763 core=2
KM_MSGPROF sender ctx=5 root=false query=None pred_sent=461064 (8.0%) pool=716 preds=750 wo=39231 core=2
KM_MSGPROF sender ctx=6 root=false query=None pred_sent=457432 (7.9%) pool=545 preds=980 wo=28517 core=2
KM_MSGPROF sender ctx=1 root=false query=None pred_sent=457432 (7.9%) pool=545 preds=980 wo=28517 core=2
KM_MSGPROF sender ctx=18 root=false query=None pred_sent=34320 (0.6%) pool=240 preds=153 wo=587 core=3
KM_MSGPROF sender ctx=106 root=false query=None pred_sent=31065 (0.5%) pool=285 preds=115 wo=679 core=3
KM_PROF[time-ms] msgloop pred_payload=433.6 pred_arrival=25194.9 propagate=1770.6 | add_clause=16843.7 (lookup=915.8 fwdsub=12036.4 backsub=496.7 index=1860.6) hyper=587.0 subsume=313.3 pred_local=1575.4 eq=484.6 saturate=3775.7
KM_PROF msgloop guard=4880000 contexts=1317 msgs_pending=0 saturate_calls=920 succ=98009 pred=4781990 ground_wo=0
KM_MSGPROF arrivals dup=0 empty_join=0 conclusions=4868094 conclusions_new=4811330 (98.83% new) | arena[succ]=92178 arena[root]=14436 pred_interned=68891 ctx_clause_slots=5335066
KM_MSGPROF sender ctx=2 root=false query=None pred_sent=770232 (13.3%) pool=885 preds=980 wo=38272 core=2
KM_MSGPROF sender ctx=3 root=false query=None pred_sent=600032 (10.4%) pool=700 preds=980 wo=33670 core=2
KM_MSGPROF sender ctx=4 root=false query=None pred_sent=521784 (9.0%) pool=804 preds=750 wo=37763 core=2
KM_MSGPROF sender ctx=5 root=false query=None pred_sent=461064 (8.0%) pool=716 preds=750 wo=39231 core=2
KM_MSGPROF sender ctx=6 root=false query=None pred_sent=457432 (7.9%) pool=545 preds=980 wo=28517 core=2
KM_MSGPROF sender ctx=1 root=false query=None pred_sent=457432 (7.9%) pool=545 preds=980 wo=28517 core=2
KM_MSGPROF sender ctx=18 root=false query=None pred_sent=34320 (0.6%) pool=240 preds=153 wo=587 core=3
KM_MSGPROF sender ctx=106 root=false query=None pred_sent=31065 (0.5%) pool=285 preds=115 wo=679 core=3
KM_PROF[time-ms] msgloop pred_payload=435.2 pred_arrival=25249.4 propagate=1770.6 | add_clause=16860.1 (lookup=918.1 fwdsub=12039.4 backsub=498.1 index=1864.5) hyper=587.0 subsume=313.3 pred_local=1575.4 eq=484.6 saturate=3775.7
KM_PROF msgloop guard=4900000 contexts=1317 msgs_pending=0 saturate_calls=920 succ=98009 pred=4801990 ground_wo=0
KM_MSGPROF arrivals dup=0 empty_join=0 conclusions=4888094 conclusions_new=4831330 (98.84% new) | arena[succ]=92178 arena[root]=14436 pred_interned=68891 ctx_clause_slots=5355066
KM_MSGPROF sender ctx=2 root=false query=None pred_sent=770232 (13.3%) pool=885 preds=980 wo=38272 core=2
KM_MSGPROF sender ctx=3 root=false query=None pred_sent=600032 (10.4%) pool=700 preds=980 wo=33670 core=2
KM_MSGPROF sender ctx=4 root=false query=None pred_sent=521784 (9.0%) pool=804 preds=750 wo=37763 core=2
KM_MSGPROF sender ctx=5 root=false query=None pred_sent=461064 (8.0%) pool=716 preds=750 wo=39231 core=2
KM_MSGPROF sender ctx=6 root=false query=None pred_sent=457432 (7.9%) pool=545 preds=980 wo=28517 core=2
KM_MSGPROF sender ctx=1 root=false query=None pred_sent=457432 (7.9%) pool=545 preds=980 wo=28517 core=2
KM_MSGPROF sender ctx=18 root=false query=None pred_sent=34320 (0.6%) pool=240 preds=153 wo=587 core=3
KM_MSGPROF sender ctx=106 root=false query=None pred_sent=31065 (0.5%) pool=285 preds=115 wo=679 core=3
KM_PROF[time-ms] msgloop pred_payload=437.0 pred_arrival=25312.1 propagate=1770.6 | add_clause=16877.5 (lookup=920.3 fwdsub=12042.5 backsub=499.5 index=1868.7) hyper=587.0 subsume=313.3 pred_local=1575.4 eq=484.6 saturate=3775.7
KM_PROF msgloop guard=4920000 contexts=1317 msgs_pending=0 saturate_calls=920 succ=98009 pred=4821990 ground_wo=0
KM_MSGPROF arrivals dup=0 empty_join=0 conclusions=4908094 conclusions_new=4850914 (98.83% new) | arena[succ]=92178 arena[root]=14436 pred_interned=68891 ctx_clause_slots=5374650
KM_MSGPROF sender ctx=2 root=false query=None pred_sent=770232 (13.3%) pool=885 preds=980 wo=38272 core=2
KM_MSGPROF sender ctx=3 root=false query=None pred_sent=600032 (10.4%) pool=700 preds=980 wo=33670 core=2
KM_MSGPROF sender ctx=4 root=false query=None pred_sent=521784 (9.0%) pool=804 preds=750 wo=37763 core=2
KM_MSGPROF sender ctx=5 root=false query=None pred_sent=461064 (8.0%) pool=716 preds=750 wo=39231 core=2
KM_MSGPROF sender ctx=6 root=false query=None pred_sent=457432 (7.9%) pool=545 preds=980 wo=28517 core=2
KM_MSGPROF sender ctx=1 root=false query=None pred_sent=457432 (7.9%) pool=545 preds=980 wo=28517 core=2
KM_MSGPROF sender ctx=18 root=false query=None pred_sent=34320 (0.6%) pool=240 preds=153 wo=587 core=3
KM_MSGPROF sender ctx=106 root=false query=None pred_sent=31065 (0.5%) pool=285 preds=115 wo=679 core=3
KM_PROF[time-ms] msgloop pred_payload=439.0 pred_arrival=25378.9 propagate=1770.6 | add_clause=16896.4 (lookup=922.7 fwdsub=12046.3 backsub=501.0 index=1873.3) hyper=587.0 subsume=313.3 pred_local=1575.4 eq=484.6 saturate=3775.7
KM_PROF msgloop guard=4940000 contexts=1317 msgs_pending=0 saturate_calls=920 succ=98009 pred=4841990 ground_wo=0
KM_MSGPROF arrivals dup=0 empty_join=0 conclusions=4928094 conclusions_new=4870602 (98.83% new) | arena[succ]=92178 arena[root]=14436 pred_interned=68891 ctx_clause_slots=5394338
KM_MSGPROF sender ctx=2 root=false query=None pred_sent=770232 (13.3%) pool=885 preds=980 wo=38272 core=2
KM_MSGPROF sender ctx=3 root=false query=None pred_sent=600032 (10.4%) pool=700 preds=980 wo=33670 core=2
KM_MSGPROF sender ctx=4 root=false query=None pred_sent=521784 (9.0%) pool=804 preds=750 wo=37763 core=2
KM_MSGPROF sender ctx=5 root=false query=None pred_sent=461064 (8.0%) pool=716 preds=750 wo=39231 core=2
KM_MSGPROF sender ctx=6 root=false query=None pred_sent=457432 (7.9%) pool=545 preds=980 wo=28517 core=2
KM_MSGPROF sender ctx=1 root=false query=None pred_sent=457432 (7.9%) pool=545 preds=980 wo=28517 core=2
KM_MSGPROF sender ctx=18 root=false query=None pred_sent=34320 (0.6%) pool=240 preds=153 wo=587 core=3
KM_MSGPROF sender ctx=106 root=false query=None pred_sent=31065 (0.5%) pool=285 preds=115 wo=679 core=3
KM_PROF[time-ms] msgloop pred_payload=440.6 pred_arrival=25435.3 propagate=1770.6 | add_clause=16913.8 (lookup=924.9 fwdsub=12049.6 backsub=502.4 index=1877.5) hyper=587.0 subsume=313.3 pred_local=1575.4 eq=484.6 saturate=3775.7
KM_PROF msgloop guard=4960000 contexts=1317 msgs_pending=0 saturate_calls=920 succ=98009 pred=4861990 ground_wo=0
KM_MSGPROF arrivals dup=0 empty_join=0 conclusions=4948094 conclusions_new=4890174 (98.83% new) | arena[succ]=92178 arena[root]=14436 pred_interned=68891 ctx_clause_slots=5413910
KM_MSGPROF sender ctx=2 root=false query=None pred_sent=770232 (13.3%) pool=885 preds=980 wo=38272 core=2
KM_MSGPROF sender ctx=3 root=false query=None pred_sent=600032 (10.4%) pool=700 preds=980 wo=33670 core=2
KM_MSGPROF sender ctx=4 root=false query=None pred_sent=521784 (9.0%) pool=804 preds=750 wo=37763 core=2
KM_MSGPROF sender ctx=5 root=false query=None pred_sent=461064 (8.0%) pool=716 preds=750 wo=39231 core=2
KM_MSGPROF sender ctx=6 root=false query=None pred_sent=457432 (7.9%) pool=545 preds=980 wo=28517 core=2
KM_MSGPROF sender ctx=1 root=false query=None pred_sent=457432 (7.9%) pool=545 preds=980 wo=28517 core=2
KM_MSGPROF sender ctx=18 root=false query=None pred_sent=34320 (0.6%) pool=240 preds=153 wo=587 core=3
KM_MSGPROF sender ctx=106 root=false query=None pred_sent=31065 (0.5%) pool=285 preds=115 wo=679 core=3
KM_PROF[time-ms] msgloop pred_payload=442.2 pred_arrival=25500.3 propagate=1770.6 | add_clause=16939.4 (lookup=927.2 fwdsub=12052.8 backsub=503.8 index=1890.2) hyper=587.0 subsume=313.3 pred_local=1575.4 eq=484.6 saturate=3775.7
KM_PROF msgloop guard=4980000 contexts=1317 msgs_pending=0 saturate_calls=920 succ=98009 pred=4881990 ground_wo=0
KM_MSGPROF arrivals dup=0 empty_join=0 conclusions=4968094 conclusions_new=4909746 (98.83% new) | arena[succ]=92178 arena[root]=14436 pred_interned=68891 ctx_clause_slots=5433482
KM_MSGPROF sender ctx=2 root=false query=None pred_sent=770232 (13.3%) pool=885 preds=980 wo=38272 core=2
KM_MSGPROF sender ctx=3 root=false query=None pred_sent=600032 (10.4%) pool=700 preds=980 wo=33670 core=2
KM_MSGPROF sender ctx=4 root=false query=None pred_sent=521784 (9.0%) pool=804 preds=750 wo=37763 core=2
KM_MSGPROF sender ctx=5 root=false query=None pred_sent=461064 (8.0%) pool=716 preds=750 wo=39231 core=2
KM_MSGPROF sender ctx=6 root=false query=None pred_sent=457432 (7.9%) pool=545 preds=980 wo=28517 core=2
KM_MSGPROF sender ctx=1 root=false query=None pred_sent=457432 (7.9%) pool=545 preds=980 wo=28517 core=2
KM_MSGPROF sender ctx=18 root=false query=None pred_sent=34320 (0.6%) pool=240 preds=153 wo=587 core=3
KM_MSGPROF sender ctx=106 root=false query=None pred_sent=31065 (0.5%) pool=285 preds=115 wo=679 core=3
KM_PROF[time-ms] msgloop pred_payload=443.8 pred_arrival=25562.8 propagate=1770.6 | add_clause=16956.9 (lookup=929.4 fwdsub=12056.2 backsub=505.2 index=1894.4) hyper=587.0 subsume=313.3 pred_local=1575.4 eq=484.6 saturate=3775.7
KM_PROF msgloop guard=5000000 contexts=1317 msgs_pending=0 saturate_calls=920 succ=98009 pred=4901990 ground_wo=0
KM_MSGPROF arrivals dup=0 empty_join=0 conclusions=4988094 conclusions_new=4929425 (98.82% new) | arena[succ]=92178 arena[root]=14436 pred_interned=68891 ctx_clause_slots=5453161
KM_MSGPROF sender ctx=2 root=false query=None pred_sent=770232 (13.3%) pool=885 preds=980 wo=38272 core=2
KM_MSGPROF sender ctx=3 root=false query=None pred_sent=600032 (10.4%) pool=700 preds=980 wo=33670 core=2
KM_MSGPROF sender ctx=4 root=false query=None pred_sent=521784 (9.0%) pool=804 preds=750 wo=37763 core=2
KM_MSGPROF sender ctx=5 root=false query=None pred_sent=461064 (8.0%) pool=716 preds=750 wo=39231 core=2
KM_MSGPROF sender ctx=6 root=false query=None pred_sent=457432 (7.9%) pool=545 preds=980 wo=28517 core=2
KM_MSGPROF sender ctx=1 root=false query=None pred_sent=457432 (7.9%) pool=545 preds=980 wo=28517 core=2
KM_MSGPROF sender ctx=18 root=false query=None pred_sent=34320 (0.6%) pool=240 preds=153 wo=587 core=3
KM_MSGPROF sender ctx=106 root=false query=None pred_sent=31065 (0.5%) pool=285 preds=115 wo=679 core=3
KM_PROF[time-ms] msgloop pred_payload=445.4 pred_arrival=25619.4 propagate=1770.6 | add_clause=16974.2 (lookup=931.7 fwdsub=12059.5 backsub=506.6 index=1898.7) hyper=587.0 subsume=313.3 pred_local=1575.4 eq=484.6 saturate=3775.7
KM_PROF msgloop guard=5020000 contexts=1317 msgs_pending=0 saturate_calls=920 succ=98009 pred=4921990 ground_wo=0
KM_MSGPROF arrivals dup=0 empty_join=0 conclusions=5008094 conclusions_new=4948985 (98.82% new) | arena[succ]=92178 arena[root]=14436 pred_interned=68891 ctx_clause_slots=5472721
KM_MSGPROF sender ctx=2 root=false query=None pred_sent=770232 (13.3%) pool=885 preds=980 wo=38272 core=2
KM_MSGPROF sender ctx=3 root=false query=None pred_sent=600032 (10.4%) pool=700 preds=980 wo=33670 core=2
KM_MSGPROF sender ctx=4 root=false query=None pred_sent=521784 (9.0%) pool=804 preds=750 wo=37763 core=2
KM_MSGPROF sender ctx=5 root=false query=None pred_sent=461064 (8.0%) pool=716 preds=750 wo=39231 core=2
KM_MSGPROF sender ctx=6 root=false query=None pred_sent=457432 (7.9%) pool=545 preds=980 wo=28517 core=2
KM_MSGPROF sender ctx=1 root=false query=None pred_sent=457432 (7.9%) pool=545 preds=980 wo=28517 core=2
KM_MSGPROF sender ctx=18 root=false query=None pred_sent=34320 (0.6%) pool=240 preds=153 wo=587 core=3
KM_MSGPROF sender ctx=106 root=false query=None pred_sent=31065 (0.5%) pool=285 preds=115 wo=679 core=3
KM_PROF[time-ms] msgloop pred_payload=447.0 pred_arrival=25681.0 propagate=1770.6 | add_clause=16993.1 (lookup=933.9 fwdsub=12062.7 backsub=507.9 index=1904.8) hyper=587.0 subsume=313.3 pred_local=1575.4 eq=484.6 saturate=3775.7
KM_PROF msgloop guard=5040000 contexts=1317 msgs_pending=0 saturate_calls=920 succ=98009 pred=4941990 ground_wo=0
KM_MSGPROF arrivals dup=0 empty_join=0 conclusions=5028094 conclusions_new=4968545 (98.82% new) | arena[succ]=92178 arena[root]=14436 pred_interned=68891 ctx_clause_slots=5492281
KM_MSGPROF sender ctx=2 root=false query=None pred_sent=770232 (13.3%) pool=885 preds=980 wo=38272 core=2
KM_MSGPROF sender ctx=3 root=false query=None pred_sent=600032 (10.4%) pool=700 preds=980 wo=33670 core=2
KM_MSGPROF sender ctx=4 root=false query=None pred_sent=521784 (9.0%) pool=804 preds=750 wo=37763 core=2
KM_MSGPROF sender ctx=5 root=false query=None pred_sent=461064 (8.0%) pool=716 preds=750 wo=39231 core=2
KM_MSGPROF sender ctx=6 root=false query=None pred_sent=457432 (7.9%) pool=545 preds=980 wo=28517 core=2
KM_MSGPROF sender ctx=1 root=false query=None pred_sent=457432 (7.9%) pool=545 preds=980 wo=28517 core=2
KM_MSGPROF sender ctx=18 root=false query=None pred_sent=34320 (0.6%) pool=240 preds=153 wo=587 core=3
KM_MSGPROF sender ctx=106 root=false query=None pred_sent=31065 (0.5%) pool=285 preds=115 wo=679 core=3
KM_PROF[time-ms] msgloop pred_payload=448.6 pred_arrival=25742.8 propagate=1770.6 | add_clause=17010.0 (lookup=936.2 fwdsub=12065.8 backsub=509.4 index=1908.9) hyper=587.0 subsume=313.3 pred_local=1575.4 eq=484.6 saturate=3775.7
KM_PROF msgloop guard=5060000 contexts=1317 msgs_pending=0 saturate_calls=920 succ=98009 pred=4961990 ground_wo=0
KM_MSGPROF arrivals dup=0 empty_join=0 conclusions=5048094 conclusions_new=4988215 (98.81% new) | arena[succ]=92178 arena[root]=14436 pred_interned=68891 ctx_clause_slots=5511951
KM_MSGPROF sender ctx=2 root=false query=None pred_sent=770232 (13.3%) pool=885 preds=980 wo=38272 core=2
KM_MSGPROF sender ctx=3 root=false query=None pred_sent=600032 (10.4%) pool=700 preds=980 wo=33670 core=2
KM_MSGPROF sender ctx=4 root=false query=None pred_sent=521784 (9.0%) pool=804 preds=750 wo=37763 core=2
KM_MSGPROF sender ctx=5 root=false query=None pred_sent=461064 (8.0%) pool=716 preds=750 wo=39231 core=2
KM_MSGPROF sender ctx=6 root=false query=None pred_sent=457432 (7.9%) pool=545 preds=980 wo=28517 core=2
KM_MSGPROF sender ctx=1 root=false query=None pred_sent=457432 (7.9%) pool=545 preds=980 wo=28517 core=2
KM_MSGPROF sender ctx=18 root=false query=None pred_sent=34320 (0.6%) pool=240 preds=153 wo=587 core=3
KM_MSGPROF sender ctx=106 root=false query=None pred_sent=31065 (0.5%) pool=285 preds=115 wo=679 core=3
KM_PROF[time-ms] msgloop pred_payload=450.2 pred_arrival=25799.4 propagate=1770.6 | add_clause=17027.7 (lookup=938.5 fwdsub=12069.2 backsub=510.8 index=1913.3) hyper=587.0 subsume=313.3 pred_local=1575.4 eq=484.6 saturate=3775.7
KM_PROF msgloop guard=5080000 contexts=1317 msgs_pending=0 saturate_calls=920 succ=98009 pred=4981990 ground_wo=0
KM_MSGPROF arrivals dup=0 empty_join=0 conclusions=5068094 conclusions_new=5007799 (98.81% new) | arena[succ]=92178 arena[root]=14436 pred_interned=68891 ctx_clause_slots=5531535
KM_MSGPROF sender ctx=2 root=false query=None pred_sent=770232 (13.3%) pool=885 preds=980 wo=38272 core=2
KM_MSGPROF sender ctx=3 root=false query=None pred_sent=600032 (10.4%) pool=700 preds=980 wo=33670 core=2
KM_MSGPROF sender ctx=4 root=false query=None pred_sent=521784 (9.0%) pool=804 preds=750 wo=37763 core=2
KM_MSGPROF sender ctx=5 root=false query=None pred_sent=461064 (8.0%) pool=716 preds=750 wo=39231 core=2
KM_MSGPROF sender ctx=6 root=false query=None pred_sent=457432 (7.9%) pool=545 preds=980 wo=28517 core=2
KM_MSGPROF sender ctx=1 root=false query=None pred_sent=457432 (7.9%) pool=545 preds=980 wo=28517 core=2
KM_MSGPROF sender ctx=18 root=false query=None pred_sent=34320 (0.6%) pool=240 preds=153 wo=587 core=3
KM_MSGPROF sender ctx=106 root=false query=None pred_sent=31065 (0.5%) pool=285 preds=115 wo=679 core=3
KM_PROF[time-ms] msgloop pred_payload=451.9 pred_arrival=25866.3 propagate=1770.6 | add_clause=17045.5 (lookup=940.8 fwdsub=12072.4 backsub=512.2 index=1917.5) hyper=587.0 subsume=313.3 pred_local=1575.4 eq=484.6 saturate=3775.7
KM_PROF msgloop guard=5100000 contexts=1317 msgs_pending=0 saturate_calls=920 succ=98009 pred=5001990 ground_wo=0
KM_MSGPROF arrivals dup=0 empty_join=0 conclusions=5088094 conclusions_new=5027383 (98.81% new) | arena[succ]=92178 arena[root]=14436 pred_interned=68891 ctx_clause_slots=5551119
KM_MSGPROF sender ctx=2 root=false query=None pred_sent=770232 (13.3%) pool=885 preds=980 wo=38272 core=2
KM_MSGPROF sender ctx=3 root=false query=None pred_sent=600032 (10.4%) pool=700 preds=980 wo=33670 core=2
KM_MSGPROF sender ctx=4 root=false query=None pred_sent=521784 (9.0%) pool=804 preds=750 wo=37763 core=2
KM_MSGPROF sender ctx=5 root=false query=None pred_sent=461064 (8.0%) pool=716 preds=750 wo=39231 core=2
KM_MSGPROF sender ctx=6 root=false query=None pred_sent=457432 (7.9%) pool=545 preds=980 wo=28517 core=2
KM_MSGPROF sender ctx=1 root=false query=None pred_sent=457432 (7.9%) pool=545 preds=980 wo=28517 core=2
KM_MSGPROF sender ctx=18 root=false query=None pred_sent=34320 (0.6%) pool=240 preds=153 wo=587 core=3
KM_MSGPROF sender ctx=106 root=false query=None pred_sent=31065 (0.5%) pool=285 preds=115 wo=679 core=3
KM_PROF[time-ms] msgloop pred_payload=453.6 pred_arrival=25933.1 propagate=1770.6 | add_clause=17064.8 (lookup=943.2 fwdsub=12076.4 backsub=513.7 index=1922.1) hyper=587.0 subsume=313.3 pred_local=1575.4 eq=484.6 saturate=3775.7
KM_PROF msgloop guard=5120000 contexts=1317 msgs_pending=0 saturate_calls=920 succ=98009 pred=5021990 ground_wo=0
KM_MSGPROF arrivals dup=0 empty_join=0 conclusions=5108094 conclusions_new=5047071 (98.81% new) | arena[succ]=92178 arena[root]=14436 pred_interned=68891 ctx_clause_slots=5570807
KM_MSGPROF sender ctx=2 root=false query=None pred_sent=770232 (13.3%) pool=885 preds=980 wo=38272 core=2
KM_MSGPROF sender ctx=3 root=false query=None pred_sent=600032 (10.4%) pool=700 preds=980 wo=33670 core=2
KM_MSGPROF sender ctx=4 root=false query=None pred_sent=521784 (9.0%) pool=804 preds=750 wo=37763 core=2
KM_MSGPROF sender ctx=5 root=false query=None pred_sent=461064 (8.0%) pool=716 preds=750 wo=39231 core=2
KM_MSGPROF sender ctx=6 root=false query=None pred_sent=457432 (7.9%) pool=545 preds=980 wo=28517 core=2
KM_MSGPROF sender ctx=1 root=false query=None pred_sent=457432 (7.9%) pool=545 preds=980 wo=28517 core=2
KM_MSGPROF sender ctx=18 root=false query=None pred_sent=34320 (0.6%) pool=240 preds=153 wo=587 core=3
KM_MSGPROF sender ctx=106 root=false query=None pred_sent=31065 (0.5%) pool=285 preds=115 wo=679 core=3
KM_PROF[time-ms] msgloop pred_payload=455.2 pred_arrival=25992.0 propagate=1770.6 | add_clause=17083.1 (lookup=945.4 fwdsub=12080.1 backsub=515.2 index=1926.5) hyper=587.0 subsume=313.3 pred_local=1575.4 eq=484.6 saturate=3775.7
KM_PROF msgloop guard=5140000 contexts=1317 msgs_pending=0 saturate_calls=920 succ=99802 pred=5040197 ground_wo=0
KM_MSGPROF arrivals dup=0 empty_join=0 conclusions=5126301 conclusions_new=5065218 (98.81% new) | arena[succ]=93265 arena[root]=14436 pred_interned=69993 ctx_clause_slots=5588954
KM_MSGPROF sender ctx=2 root=false query=None pred_sent=770232 (13.3%) pool=885 preds=1000 wo=38272 core=2
KM_MSGPROF sender ctx=3 root=false query=None pred_sent=600032 (10.4%) pool=700 preds=1000 wo=33670 core=2
KM_MSGPROF sender ctx=4 root=false query=None pred_sent=521784 (9.0%) pool=804 preds=765 wo=37763 core=2
KM_MSGPROF sender ctx=5 root=false query=None pred_sent=461064 (8.0%) pool=716 preds=765 wo=39231 core=2
KM_MSGPROF sender ctx=6 root=false query=None pred_sent=457432 (7.9%) pool=545 preds=1000 wo=28517 core=2
KM_MSGPROF sender ctx=1 root=false query=None pred_sent=457432 (7.9%) pool=545 preds=1000 wo=28517 core=2
KM_MSGPROF sender ctx=18 root=false query=None pred_sent=34320 (0.6%) pool=240 preds=157 wo=587 core=3
KM_MSGPROF sender ctx=106 root=false query=None pred_sent=31065 (0.5%) pool=285 preds=119 wo=679 core=3
KM_PROF[time-ms] msgloop pred_payload=456.7 pred_arrival=26040.3 propagate=1770.6 | add_clause=17099.3 (lookup=947.7 fwdsub=12083.3 backsub=516.4 index=1930.4) hyper=587.0 subsume=313.3 pred_local=1575.4 eq=484.6 saturate=3775.7
KM_PROF msgloop guard=5160000 contexts=1317 msgs_pending=0 saturate_calls=920 succ=104430 pred=5055569 ground_wo=0
KM_MSGPROF arrivals dup=0 empty_join=0 conclusions=5141673 conclusions_new=5080382 (98.81% new) | arena[succ]=96946 arena[root]=14436 pred_interned=73724 ctx_clause_slots=5604118
KM_MSGPROF sender ctx=2 root=false query=None pred_sent=770232 (13.3%) pool=885 preds=1052 wo=38272 core=2
KM_MSGPROF sender ctx=3 root=false query=None pred_sent=600032 (10.4%) pool=700 preds=1052 wo=33670 core=2
KM_MSGPROF sender ctx=4 root=false query=None pred_sent=521784 (9.0%) pool=804 preds=804 wo=37763 core=2
KM_MSGPROF sender ctx=5 root=false query=None pred_sent=461064 (8.0%) pool=716 preds=804 wo=39231 core=2
KM_MSGPROF sender ctx=6 root=false query=None pred_sent=457432 (7.9%) pool=545 preds=1052 wo=28517 core=2
KM_MSGPROF sender ctx=1 root=false query=None pred_sent=457432 (7.9%) pool=545 preds=1052 wo=28517 core=2
KM_MSGPROF sender ctx=18 root=false query=None pred_sent=34320 (0.6%) pool=240 preds=169 wo=587 core=3
KM_MSGPROF sender ctx=106 root=false query=None pred_sent=31065 (0.5%) pool=285 preds=127 wo=679 core=3
KM_PROF[time-ms] msgloop pred_payload=458.2 pred_arrival=26079.1 propagate=1770.6 | add_clause=17112.4 (lookup=950.2 fwdsub=12085.7 backsub=517.5 index=1933.7) hyper=587.0 subsume=313.3 pred_local=1575.4 eq=484.6 saturate=3775.7
KM_PROF msgloop guard=5180000 contexts=1317 msgs_pending=0 saturate_calls=920 succ=110137 pred=5069862 ground_wo=0
KM_MSGPROF arrivals dup=0 empty_join=0 conclusions=5155966 conclusions_new=5094512 (98.81% new) | arena[succ]=101113 arena[root]=14436 pred_interned=77941 ctx_clause_slots=5618248
KM_MSGPROF sender ctx=2 root=false query=None pred_sent=770232 (13.3%) pool=885 preds=1108 wo=38272 core=2
KM_MSGPROF sender ctx=3 root=false query=None pred_sent=600032 (10.4%) pool=700 preds=1108 wo=33670 core=2
KM_MSGPROF sender ctx=4 root=false query=None pred_sent=521784 (9.0%) pool=804 preds=846 wo=37763 core=2
KM_MSGPROF sender ctx=5 root=false query=None pred_sent=461064 (8.0%) pool=716 preds=846 wo=39231 core=2
KM_MSGPROF sender ctx=6 root=false query=None pred_sent=457432 (7.9%) pool=545 preds=1108 wo=28517 core=2
KM_MSGPROF sender ctx=1 root=false query=None pred_sent=457432 (7.9%) pool=545 preds=1108 wo=28517 core=2
KM_MSGPROF sender ctx=18 root=false query=None pred_sent=34320 (0.6%) pool=240 preds=178 wo=587 core=3
KM_MSGPROF sender ctx=106 root=false query=None pred_sent=31065 (0.5%) pool=285 preds=134 wo=679 core=3
KM_PROF[time-ms] msgloop pred_payload=459.7 pred_arrival=26114.3 propagate=1770.6 | add_clause=17124.7 (lookup=952.6 fwdsub=12088.3 backsub=518.5 index=1936.8) hyper=587.0 subsume=313.3 pred_local=1575.4 eq=484.6 saturate=3775.7
KM_PROF msgloop guard=5200000 contexts=1317 msgs_pending=0 saturate_calls=920 succ=112543 pred=5087456 ground_wo=0
KM_MSGPROF arrivals dup=0 empty_join=0 conclusions=5173560 conclusions_new=5111658 (98.80% new) | arena[succ]=102677 arena[root]=14436 pred_interned=79542 ctx_clause_slots=5635394
KM_MSGPROF sender ctx=2 root=false query=None pred_sent=770232 (13.3%) pool=885 preds=1152 wo=38272 core=2
KM_MSGPROF sender ctx=3 root=false query=None pred_sent=600032 (10.4%) pool=700 preds=1152 wo=33670 core=2
KM_MSGPROF sender ctx=4 root=false query=None pred_sent=521784 (9.0%) pool=804 preds=879 wo=37763 core=2
KM_MSGPROF sender ctx=5 root=false query=None pred_sent=461064 (8.0%) pool=716 preds=879 wo=39231 core=2
KM_MSGPROF sender ctx=6 root=false query=None pred_sent=457432 (7.9%) pool=545 preds=1152 wo=28517 core=2
KM_MSGPROF sender ctx=1 root=false query=None pred_sent=457432 (7.9%) pool=545 preds=1152 wo=28517 core=2
KM_MSGPROF sender ctx=18 root=false query=None pred_sent=34320 (0.6%) pool=240 preds=178 wo=587 core=3
KM_MSGPROF sender ctx=106 root=false query=None pred_sent=31065 (0.5%) pool=285 preds=134 wo=679 core=3
KM_PROF[time-ms] msgloop pred_payload=461.2 pred_arrival=26160.6 propagate=1770.6 | add_clause=17139.6 (lookup=954.9 fwdsub=12091.0 backsub=519.7 index=1940.7) hyper=587.0 subsume=313.3 pred_local=1575.4 eq=484.6 saturate=3775.7
KM_PROF msgloop guard=5220000 contexts=1317 msgs_pending=0 saturate_calls=920 succ=120334 pred=5099665 ground_wo=0
KM_MSGPROF arrivals dup=0 empty_join=0 conclusions=5185769 conclusions_new=5123586 (98.80% new) | arena[succ]=108225 arena[root]=14436 pred_interned=85201 ctx_clause_slots=5647322
KM_MSGPROF sender ctx=2 root=false query=None pred_sent=770232 (13.3%) pool=885 preds=1268 wo=38272 core=2
KM_MSGPROF sender ctx=3 root=false query=None pred_sent=600032 (10.4%) pool=700 preds=1268 wo=33670 core=2
KM_MSGPROF sender ctx=4 root=false query=None pred_sent=521784 (9.0%) pool=804 preds=966 wo=37763 core=2
KM_MSGPROF sender ctx=5 root=false query=None pred_sent=461064 (8.0%) pool=716 preds=966 wo=39231 core=2
KM_MSGPROF sender ctx=6 root=false query=None pred_sent=457432 (7.9%) pool=545 preds=1268 wo=28517 core=2
KM_MSGPROF sender ctx=1 root=false query=None pred_sent=457432 (7.9%) pool=545 preds=1268 wo=28517 core=2
KM_MSGPROF sender ctx=18 root=false query=None pred_sent=34320 (0.6%) pool=240 preds=187 wo=587 core=3
KM_MSGPROF sender ctx=106 root=false query=None pred_sent=31065 (0.5%) pool=285 preds=134 wo=679 core=3
KM_PROF[time-ms] msgloop pred_payload=462.6 pred_arrival=26193.1 propagate=1770.6 | add_clause=17151.6 (lookup=957.4 fwdsub=12093.6 backsub=520.6 index=1943.9) hyper=587.0 subsume=313.3 pred_local=1575.4 eq=484.6 saturate=3775.7
KM_PROF msgloop guard=5240000 contexts=1317 msgs_pending=0 saturate_calls=920 succ=120557 pred=5119442 ground_wo=0
KM_MSGPROF arrivals dup=0 empty_join=0 conclusions=5205546 conclusions_new=5143115 (98.80% new) | arena[succ]=108392 arena[root]=14436 pred_interned=85371 ctx_clause_slots=5666851
KM_MSGPROF sender ctx=2 root=false query=None pred_sent=770232 (13.3%) pool=885 preds=1272 wo=38272 core=2
KM_MSGPROF sender ctx=3 root=false query=None pred_sent=600032 (10.4%) pool=700 preds=1272 wo=33670 core=2
KM_MSGPROF sender ctx=4 root=false query=None pred_sent=521784 (9.0%) pool=804 preds=969 wo=37763 core=2
KM_MSGPROF sender ctx=5 root=false query=None pred_sent=461064 (8.0%) pool=716 preds=969 wo=39231 core=2
KM_MSGPROF sender ctx=6 root=false query=None pred_sent=457432 (7.9%) pool=545 preds=1272 wo=28517 core=2
KM_MSGPROF sender ctx=1 root=false query=None pred_sent=457432 (7.9%) pool=545 preds=1272 wo=28517 core=2
KM_MSGPROF sender ctx=18 root=false query=None pred_sent=34320 (0.6%) pool=240 preds=187 wo=587 core=3
KM_MSGPROF sender ctx=106 root=false query=None pred_sent=31065 (0.5%) pool=285 preds=134 wo=679 core=3
KM_PROF[time-ms] msgloop pred_payload=464.5 pred_arrival=26247.2 propagate=1770.6 | add_clause=17168.6 (lookup=960.1 fwdsub=12096.6 backsub=522.1 index=1947.9) hyper=587.0 subsume=313.3 pred_local=1575.4 eq=484.6 saturate=3775.7
KM_PROF msgloop guard=5260000 contexts=1317 msgs_pending=0 saturate_calls=920 succ=120557 pred=5139442 ground_wo=0
KM_MSGPROF arrivals dup=0 empty_join=0 conclusions=5225546 conclusions_new=5162868 (98.80% new) | arena[succ]=108392 arena[root]=14436 pred_interned=85371 ctx_clause_slots=5686604
KM_MSGPROF sender ctx=2 root=false query=None pred_sent=770232 (13.3%) pool=885 preds=1272 wo=38272 core=2
KM_MSGPROF sender ctx=3 root=false query=None pred_sent=600032 (10.4%) pool=700 preds=1272 wo=33670 core=2
KM_MSGPROF sender ctx=4 root=false query=None pred_sent=521784 (9.0%) pool=804 preds=969 wo=37763 core=2
KM_MSGPROF sender ctx=5 root=false query=None pred_sent=461064 (8.0%) pool=716 preds=969 wo=39231 core=2
KM_MSGPROF sender ctx=6 root=false query=None pred_sent=457432 (7.9%) pool=545 preds=1272 wo=28517 core=2
KM_MSGPROF sender ctx=1 root=false query=None pred_sent=457432 (7.9%) pool=545 preds=1272 wo=28517 core=2
KM_MSGPROF sender ctx=18 root=false query=None pred_sent=34320 (0.6%) pool=240 preds=187 wo=587 core=3
KM_MSGPROF sender ctx=106 root=false query=None pred_sent=31065 (0.5%) pool=285 preds=134 wo=679 core=3
KM_PROF[time-ms] msgloop pred_payload=466.1 pred_arrival=26315.4 propagate=1770.6 | add_clause=17203.5 (lookup=962.5 fwdsub=12099.5 backsub=523.5 index=1970.9) hyper=587.0 subsume=313.3 pred_local=1575.4 eq=484.6 saturate=3775.7
KM_PROF msgloop guard=5280000 contexts=1317 msgs_pending=0 saturate_calls=920 succ=120557 pred=5159442 ground_wo=0
KM_MSGPROF arrivals dup=0 empty_join=0 conclusions=5245546 conclusions_new=5182626 (98.80% new) | arena[succ]=108392 arena[root]=14436 pred_interned=85371 ctx_clause_slots=5706362
KM_MSGPROF sender ctx=2 root=false query=None pred_sent=770232 (13.3%) pool=885 preds=1272 wo=38272 core=2
KM_MSGPROF sender ctx=3 root=false query=None pred_sent=600032 (10.4%) pool=700 preds=1272 wo=33670 core=2
KM_MSGPROF sender ctx=4 root=false query=None pred_sent=521784 (9.0%) pool=804 preds=969 wo=37763 core=2
KM_MSGPROF sender ctx=5 root=false query=None pred_sent=461064 (8.0%) pool=716 preds=969 wo=39231 core=2
KM_MSGPROF sender ctx=6 root=false query=None pred_sent=457432 (7.9%) pool=545 preds=1272 wo=28517 core=2
KM_MSGPROF sender ctx=1 root=false query=None pred_sent=457432 (7.9%) pool=545 preds=1272 wo=28517 core=2
KM_MSGPROF sender ctx=18 root=false query=None pred_sent=34320 (0.6%) pool=240 preds=187 wo=587 core=3
KM_MSGPROF sender ctx=106 root=false query=None pred_sent=31065 (0.5%) pool=285 preds=134 wo=679 core=3
KM_PROF[time-ms] msgloop pred_payload=467.7 pred_arrival=26367.4 propagate=1770.6 | add_clause=17217.9 (lookup=964.8 fwdsub=12102.0 backsub=524.9 index=1974.2) hyper=587.0 subsume=313.3 pred_local=1575.4 eq=484.6 saturate=3775.7
KM_PROF msgloop guard=5300000 contexts=1317 msgs_pending=0 saturate_calls=920 succ=120557 pred=5179442 ground_wo=0
KM_MSGPROF arrivals dup=0 empty_join=0 conclusions=5265546 conclusions_new=5202360 (98.80% new) | arena[succ]=108392 arena[root]=14436 pred_interned=85371 ctx_clause_slots=5726096
KM_MSGPROF sender ctx=2 root=false query=None pred_sent=770232 (13.3%) pool=885 preds=1272 wo=38272 core=2
KM_MSGPROF sender ctx=3 root=false query=None pred_sent=600032 (10.4%) pool=700 preds=1272 wo=33670 core=2
KM_MSGPROF sender ctx=4 root=false query=None pred_sent=521784 (9.0%) pool=804 preds=969 wo=37763 core=2
KM_MSGPROF sender ctx=5 root=false query=None pred_sent=461064 (8.0%) pool=716 preds=969 wo=39231 core=2
KM_MSGPROF sender ctx=6 root=false query=None pred_sent=457432 (7.9%) pool=545 preds=1272 wo=28517 core=2
KM_MSGPROF sender ctx=1 root=false query=None pred_sent=457432 (7.9%) pool=545 preds=1272 wo=28517 core=2
KM_MSGPROF sender ctx=18 root=false query=None pred_sent=34320 (0.6%) pool=240 preds=187 wo=587 core=3
KM_MSGPROF sender ctx=106 root=false query=None pred_sent=31065 (0.5%) pool=285 preds=134 wo=679 core=3
KM_PROF[time-ms] msgloop pred_payload=469.4 pred_arrival=26448.6 propagate=1770.6 | add_clause=17264.0 (lookup=967.3 fwdsub=12104.6 backsub=526.3 index=2008.8) hyper=587.0 subsume=313.3 pred_local=1575.4 eq=484.6 saturate=3775.7
KM_PROF msgloop guard=5320000 contexts=1317 msgs_pending=0 saturate_calls=920 succ=120557 pred=5199442 ground_wo=0
KM_MSGPROF arrivals dup=0 empty_join=0 conclusions=5285546 conclusions_new=5222074 (98.80% new) | arena[succ]=108392 arena[root]=14436 pred_interned=85371 ctx_clause_slots=5745810
KM_MSGPROF sender ctx=2 root=false query=None pred_sent=770232 (13.3%) pool=885 preds=1272 wo=38272 core=2
KM_MSGPROF sender ctx=3 root=false query=None pred_sent=600032 (10.4%) pool=700 preds=1272 wo=33670 core=2
KM_MSGPROF sender ctx=4 root=false query=None pred_sent=521784 (9.0%) pool=804 preds=969 wo=37763 core=2
KM_MSGPROF sender ctx=5 root=false query=None pred_sent=461064 (8.0%) pool=716 preds=969 wo=39231 core=2
KM_MSGPROF sender ctx=6 root=false query=None pred_sent=457432 (7.9%) pool=545 preds=1272 wo=28517 core=2
KM_MSGPROF sender ctx=1 root=false query=None pred_sent=457432 (7.9%) pool=545 preds=1272 wo=28517 core=2
KM_MSGPROF sender ctx=18 root=false query=None pred_sent=34320 (0.6%) pool=240 preds=187 wo=587 core=3
KM_MSGPROF sender ctx=106 root=false query=None pred_sent=31065 (0.5%) pool=285 preds=134 wo=679 core=3
KM_PROF[time-ms] msgloop pred_payload=471.1 pred_arrival=26506.5 propagate=1770.6 | add_clause=17282.5 (lookup=969.9 fwdsub=12107.3 backsub=527.7 index=2015.4) hyper=587.0 subsume=313.3 pred_local=1575.4 eq=484.6 saturate=3775.7
KM_PROF msgloop guard=5340000 contexts=1317 msgs_pending=0 saturate_calls=920 succ=120557 pred=5219442 ground_wo=0
KM_MSGPROF arrivals dup=0 empty_join=0 conclusions=5305546 conclusions_new=5241869 (98.80% new) | arena[succ]=108392 arena[root]=14436 pred_interned=85371 ctx_clause_slots=5765605
KM_MSGPROF sender ctx=2 root=false query=None pred_sent=770232 (13.3%) pool=885 preds=1272 wo=38272 core=2
KM_MSGPROF sender ctx=3 root=false query=None pred_sent=600032 (10.4%) pool=700 preds=1272 wo=33670 core=2
KM_MSGPROF sender ctx=4 root=false query=None pred_sent=521784 (9.0%) pool=804 preds=969 wo=37763 core=2
KM_MSGPROF sender ctx=5 root=false query=None pred_sent=461064 (8.0%) pool=716 preds=969 wo=39231 core=2
KM_MSGPROF sender ctx=6 root=false query=None pred_sent=457432 (7.9%) pool=545 preds=1272 wo=28517 core=2
KM_MSGPROF sender ctx=1 root=false query=None pred_sent=457432 (7.9%) pool=545 preds=1272 wo=28517 core=2
KM_MSGPROF sender ctx=18 root=false query=None pred_sent=34320 (0.6%) pool=240 preds=187 wo=587 core=3
KM_MSGPROF sender ctx=106 root=false query=None pred_sent=31065 (0.5%) pool=285 preds=134 wo=679 core=3
KM_PROF[time-ms] msgloop pred_payload=472.7 pred_arrival=26553.1 propagate=1770.6 | add_clause=17297.2 (lookup=972.3 fwdsub=12109.7 backsub=529.1 index=2018.8) hyper=587.0 subsume=313.3 pred_local=1575.4 eq=484.6 saturate=3775.7
KM_PROF msgloop guard=5360000 contexts=1317 msgs_pending=0 saturate_calls=920 succ=120557 pred=5239442 ground_wo=0
KM_MSGPROF arrivals dup=0 empty_join=0 conclusions=5325546 conclusions_new=5261604 (98.80% new) | arena[succ]=108392 arena[root]=14436 pred_interned=85371 ctx_clause_slots=5785340
KM_MSGPROF sender ctx=2 root=false query=None pred_sent=770232 (13.3%) pool=885 preds=1272 wo=38272 core=2
KM_MSGPROF sender ctx=3 root=false query=None pred_sent=600032 (10.4%) pool=700 preds=1272 wo=33670 core=2
KM_MSGPROF sender ctx=4 root=false query=None pred_sent=521784 (9.0%) pool=804 preds=969 wo=37763 core=2
KM_MSGPROF sender ctx=5 root=false query=None pred_sent=461064 (8.0%) pool=716 preds=969 wo=39231 core=2
KM_MSGPROF sender ctx=6 root=false query=None pred_sent=457432 (7.9%) pool=545 preds=1272 wo=28517 core=2
KM_MSGPROF sender ctx=1 root=false query=None pred_sent=457432 (7.9%) pool=545 preds=1272 wo=28517 core=2
KM_MSGPROF sender ctx=18 root=false query=None pred_sent=34320 (0.6%) pool=240 preds=187 wo=587 core=3
KM_MSGPROF sender ctx=106 root=false query=None pred_sent=31065 (0.5%) pool=285 preds=134 wo=679 core=3
KM_PROF[time-ms] msgloop pred_payload=474.4 pred_arrival=26617.4 propagate=1770.6 | add_clause=17325.6 (lookup=974.7 fwdsub=12112.2 backsub=530.5 index=2035.6) hyper=587.0 subsume=313.3 pred_local=1575.4 eq=484.6 saturate=3775.7
KM_PROF msgloop guard=5380000 contexts=1317 msgs_pending=0 saturate_calls=920 succ=120557 pred=5259442 ground_wo=0
KM_MSGPROF arrivals dup=0 empty_join=0 conclusions=5345546 conclusions_new=5281370 (98.80% new) | arena[succ]=108392 arena[root]=14436 pred_interned=85371 ctx_clause_slots=5805106
KM_MSGPROF sender ctx=2 root=false query=None pred_sent=770232 (13.3%) pool=885 preds=1272 wo=38272 core=2
KM_MSGPROF sender ctx=3 root=false query=None pred_sent=600032 (10.4%) pool=700 preds=1272 wo=33670 core=2
KM_MSGPROF sender ctx=4 root=false query=None pred_sent=521784 (9.0%) pool=804 preds=969 wo=37763 core=2
KM_MSGPROF sender ctx=5 root=false query=None pred_sent=461064 (8.0%) pool=716 preds=969 wo=39231 core=2
KM_MSGPROF sender ctx=6 root=false query=None pred_sent=457432 (7.9%) pool=545 preds=1272 wo=28517 core=2
KM_MSGPROF sender ctx=1 root=false query=None pred_sent=457432 (7.9%) pool=545 preds=1272 wo=28517 core=2
KM_MSGPROF sender ctx=18 root=false query=None pred_sent=34320 (0.6%) pool=240 preds=187 wo=587 core=3
KM_MSGPROF sender ctx=106 root=false query=None pred_sent=31065 (0.5%) pool=285 preds=134 wo=679 core=3
KM_PROF[time-ms] msgloop pred_payload=476.0 pred_arrival=26667.2 propagate=1770.6 | add_clause=17340.3 (lookup=977.2 fwdsub=12114.5 backsub=531.9 index=2039.2) hyper=587.0 subsume=313.3 pred_local=1575.4 eq=484.6 saturate=3775.7
KM_PROF msgloop guard=5400000 contexts=1317 msgs_pending=0 saturate_calls=920 succ=125851 pred=5274148 ground_wo=0
KM_MSGPROF arrivals dup=0 empty_join=0 conclusions=5360252 conclusions_new=5295870 (98.80% new) | arena[succ]=112131 arena[root]=14436 pred_interned=89178 ctx_clause_slots=5819606
KM_MSGPROF sender ctx=2 root=false query=None pred_sent=770232 (13.3%) pool=885 preds=1348 wo=38272 core=2
KM_MSGPROF sender ctx=3 root=false query=None pred_sent=600032 (10.4%) pool=700 preds=1348 wo=33670 core=2
KM_MSGPROF sender ctx=4 root=false query=None pred_sent=521784 (9.0%) pool=804 preds=1026 wo=37763 core=2
KM_MSGPROF sender ctx=5 root=false query=None pred_sent=461064 (8.0%) pool=716 preds=1026 wo=39231 core=2
KM_MSGPROF sender ctx=6 root=false query=None pred_sent=457432 (7.9%) pool=545 preds=1348 wo=28517 core=2
KM_MSGPROF sender ctx=1 root=false query=None pred_sent=457432 (7.9%) pool=545 preds=1348 wo=28517 core=2
KM_MSGPROF sender ctx=18 root=false query=None pred_sent=34320 (0.6%) pool=240 preds=187 wo=587 core=3
KM_MSGPROF sender ctx=106 root=false query=None pred_sent=31065 (0.5%) pool=285 preds=134 wo=679 core=3
KM_PROF[time-ms] msgloop pred_payload=477.5 pred_arrival=26706.5 propagate=1770.6 | add_clause=17356.6 (lookup=979.8 fwdsub=12117.3 backsub=533.0 index=2045.6) hyper=587.0 subsume=313.3 pred_local=1575.4 eq=484.6 saturate=3775.7
KM_PROF msgloop guard=5420000 contexts=1317 msgs_pending=0 saturate_calls=920 succ=129029 pred=5290970 ground_wo=0
KM_MSGPROF arrivals dup=0 empty_join=0 conclusions=5377074 conclusions_new=5312306 (98.80% new) | arena[succ]=114136 arena[root]=14436 pred_interned=91229 ctx_clause_slots=5836042
KM_MSGPROF sender ctx=2 root=false query=None pred_sent=770232 (13.3%) pool=885 preds=1404 wo=38272 core=2
KM_MSGPROF sender ctx=3 root=false query=None pred_sent=600032 (10.4%) pool=700 preds=1404 wo=33670 core=2
KM_MSGPROF sender ctx=4 root=false query=None pred_sent=521784 (9.0%) pool=804 preds=1068 wo=37763 core=2
KM_MSGPROF sender ctx=5 root=false query=None pred_sent=461064 (8.0%) pool=716 preds=1068 wo=39231 core=2
KM_MSGPROF sender ctx=6 root=false query=None pred_sent=457432 (7.9%) pool=545 preds=1404 wo=28517 core=2
KM_MSGPROF sender ctx=1 root=false query=None pred_sent=457432 (7.9%) pool=545 preds=1404 wo=28517 core=2
KM_MSGPROF sender ctx=18 root=false query=None pred_sent=34320 (0.6%) pool=240 preds=187 wo=587 core=3
KM_MSGPROF sender ctx=106 root=false query=None pred_sent=31065 (0.5%) pool=285 preds=134 wo=679 core=3
KM_PROF[time-ms] msgloop pred_payload=479.0 pred_arrival=26749.3 propagate=1770.6 | add_clause=17370.5 (lookup=982.3 fwdsub=12119.9 backsub=534.1 index=2048.9) hyper=587.0 subsume=313.3 pred_local=1575.4 eq=484.6 saturate=3775.7
KM_PROF msgloop guard=5440000 contexts=1317 msgs_pending=0 saturate_calls=920 succ=133353 pred=5306646 ground_wo=0
KM_MSGPROF arrivals dup=0 empty_join=0 conclusions=5392750 conclusions_new=5327667 (98.79% new) | arena[succ]=117198 arena[root]=14436 pred_interned=94346 ctx_clause_slots=5851403
KM_MSGPROF sender ctx=2 root=false query=None pred_sent=770232 (13.3%) pool=885 preds=1464 wo=38272 core=2
KM_MSGPROF sender ctx=3 root=false query=None pred_sent=600032 (10.4%) pool=700 preds=1464 wo=33670 core=2
KM_MSGPROF sender ctx=4 root=false query=None pred_sent=521784 (9.0%) pool=804 preds=1113 wo=37763 core=2
KM_MSGPROF sender ctx=5 root=false query=None pred_sent=461064 (8.0%) pool=716 preds=1113 wo=39231 core=2
KM_MSGPROF sender ctx=6 root=false query=None pred_sent=457432 (7.9%) pool=545 preds=1464 wo=28517 core=2
KM_MSGPROF sender ctx=1 root=false query=None pred_sent=457432 (7.9%) pool=545 preds=1464 wo=28517 core=2
KM_MSGPROF sender ctx=18 root=false query=None pred_sent=34320 (0.6%) pool=240 preds=189 wo=587 core=3
KM_MSGPROF sender ctx=106 root=false query=None pred_sent=31065 (0.5%) pool=285 preds=134 wo=679 core=3
KM_PROF[time-ms] msgloop pred_payload=480.6 pred_arrival=26795.8 propagate=1770.6 | add_clause=17391.0 (lookup=984.7 fwdsub=12122.7 backsub=535.2 index=2059.0) hyper=587.0 subsume=313.3 pred_local=1575.4 eq=484.6 saturate=3775.7
KM_PROF msgloop guard=5460000 contexts=1317 msgs_pending=0 saturate_calls=920 succ=135019 pred=5324980 ground_wo=0
KM_MSGPROF arrivals dup=0 empty_join=0 conclusions=5411084 conclusions_new=5345585 (98.79% new) | arena[succ]=118318 arena[root]=14436 pred_interned=95492 ctx_clause_slots=5869321
KM_MSGPROF sender ctx=2 root=false query=None pred_sent=770232 (13.3%) pool=885 preds=1492 wo=38272 core=2
KM_MSGPROF sender ctx=3 root=false query=None pred_sent=600032 (10.4%) pool=700 preds=1492 wo=33670 core=2
KM_MSGPROF sender ctx=4 root=false query=None pred_sent=521784 (9.0%) pool=804 preds=1134 wo=37763 core=2
KM_MSGPROF sender ctx=5 root=false query=None pred_sent=461064 (8.0%) pool=716 preds=1134 wo=39231 core=2
KM_MSGPROF sender ctx=6 root=false query=None pred_sent=457432 (7.9%) pool=545 preds=1492 wo=28517 core=2
KM_MSGPROF sender ctx=1 root=false query=None pred_sent=457432 (7.9%) pool=545 preds=1492 wo=28517 core=2
KM_MSGPROF sender ctx=18 root=false query=None pred_sent=34320 (0.6%) pool=240 preds=189 wo=587 core=3
KM_MSGPROF sender ctx=106 root=false query=None pred_sent=31065 (0.5%) pool=285 preds=134 wo=679 core=3
KM_PROF[time-ms] msgloop pred_payload=482.1 pred_arrival=26842.6 propagate=1770.6 | add_clause=17405.2 (lookup=987.0 fwdsub=12125.2 backsub=536.5 index=2062.6) hyper=587.0 subsume=313.3 pred_local=1575.4 eq=484.6 saturate=3775.7
KM_PROF msgloop guard=5480000 contexts=1317 msgs_pending=0 saturate_calls=920 succ=138775 pred=5341224 ground_wo=0
KM_MSGPROF arrivals dup=0 empty_join=0 conclusions=5427328 conclusions_new=5361551 (98.79% new) | arena[succ]=121098 arena[root]=14436 pred_interned=98313 ctx_clause_slots=5885287
KM_MSGPROF sender ctx=2 root=false query=None pred_sent=770232 (13.3%) pool=885 preds=1540 wo=38272 core=2
KM_MSGPROF sender ctx=3 root=false query=None pred_sent=600032 (10.4%) pool=700 preds=1540 wo=33670 core=2
KM_MSGPROF sender ctx=4 root=false query=None pred_sent=521784 (9.0%) pool=804 preds=1170 wo=37763 core=2
KM_MSGPROF sender ctx=5 root=false query=None pred_sent=461064 (8.0%) pool=716 preds=1170 wo=39231 core=2
KM_MSGPROF sender ctx=6 root=false query=None pred_sent=457432 (7.9%) pool=545 preds=1540 wo=28517 core=2
KM_MSGPROF sender ctx=1 root=false query=None pred_sent=457432 (7.9%) pool=545 preds=1540 wo=28517 core=2
KM_MSGPROF sender ctx=18 root=false query=None pred_sent=34320 (0.6%) pool=240 preds=195 wo=587 core=3
KM_MSGPROF sender ctx=106 root=false query=None pred_sent=31065 (0.5%) pool=285 preds=134 wo=679 core=3
KM_PROF[time-ms] msgloop pred_payload=483.7 pred_arrival=26882.1 propagate=1770.6 | add_clause=17418.0 (lookup=989.4 fwdsub=12127.6 backsub=537.7 index=2065.8) hyper=587.0 subsume=313.3 pred_local=1575.4 eq=484.6 saturate=3775.7
KM_PROF msgloop guard=5500000 contexts=1317 msgs_pending=0 saturate_calls=920 succ=143095 pred=5356904 ground_wo=0
KM_MSGPROF arrivals dup=0 empty_join=0 conclusions=5443008 conclusions_new=5376972 (98.79% new) | arena[succ]=124265 arena[root]=14436 pred_interned=101525 ctx_clause_slots=5900708
KM_MSGPROF sender ctx=2 root=false query=None pred_sent=770232 (13.3%) pool=885 preds=1592 wo=38272 core=2
KM_MSGPROF sender ctx=3 root=false query=None pred_sent=600032 (10.4%) pool=700 preds=1592 wo=33670 core=2
KM_MSGPROF sender ctx=4 root=false query=None pred_sent=521784 (9.0%) pool=804 preds=1209 wo=37763 core=2
KM_MSGPROF sender ctx=5 root=false query=None pred_sent=461064 (8.0%) pool=716 preds=1209 wo=39231 core=2
KM_MSGPROF sender ctx=6 root=false query=None pred_sent=457432 (7.9%) pool=545 preds=1592 wo=28517 core=2
KM_MSGPROF sender ctx=1 root=false query=None pred_sent=457432 (7.9%) pool=545 preds=1592 wo=28517 core=2
KM_MSGPROF sender ctx=18 root=false query=None pred_sent=34320 (0.6%) pool=240 preds=206 wo=587 core=3
KM_MSGPROF sender ctx=106 root=false query=None pred_sent=31065 (0.5%) pool=285 preds=134 wo=679 core=3
KM_PROF[time-ms] msgloop pred_payload=485.3 pred_arrival=26925.1 propagate=1770.6 | add_clause=17434.3 (lookup=991.7 fwdsub=12130.0 backsub=538.8 index=2072.5) hyper=587.0 subsume=313.3 pred_local=1575.4 eq=484.6 saturate=3775.7
KM_PROF msgloop guard=5520000 contexts=1317 msgs_pending=0 saturate_calls=920 succ=145180 pred=5374819 ground_wo=0
KM_MSGPROF arrivals dup=0 empty_join=0 conclusions=5460923 conclusions_new=5394325 (98.78% new) | arena[succ]=125544 arena[root]=14436 pred_interned=102845 ctx_clause_slots=5918061
KM_MSGPROF sender ctx=2 root=false query=None pred_sent=770232 (13.3%) pool=885 preds=1632 wo=38272 core=2
KM_MSGPROF sender ctx=3 root=false query=None pred_sent=600032 (10.4%) pool=700 preds=1632 wo=33670 core=2
KM_MSGPROF sender ctx=4 root=false query=None pred_sent=521784 (9.0%) pool=804 preds=1239 wo=37763 core=2
KM_MSGPROF sender ctx=5 root=false query=None pred_sent=461064 (8.0%) pool=716 preds=1239 wo=39231 core=2
KM_MSGPROF sender ctx=6 root=false query=None pred_sent=457432 (7.9%) pool=545 preds=1632 wo=28517 core=2
KM_MSGPROF sender ctx=1 root=false query=None pred_sent=457432 (7.9%) pool=545 preds=1632 wo=28517 core=2
KM_MSGPROF sender ctx=18 root=false query=None pred_sent=34320 (0.6%) pool=240 preds=209 wo=587 core=3
KM_MSGPROF sender ctx=106 root=false query=None pred_sent=31065 (0.5%) pool=285 preds=134 wo=679 core=3
KM_PROF[time-ms] msgloop pred_payload=486.8 pred_arrival=26971.1 propagate=1770.6 | add_clause=17448.2 (lookup=994.0 fwdsub=12132.3 backsub=540.0 index=2076.6) hyper=587.0 subsume=313.3 pred_local=1575.4 eq=484.6 saturate=3775.7
KM_PROF msgloop guard=5540000 contexts=1317 msgs_pending=0 saturate_calls=920 succ=152300 pred=5387699 ground_wo=0
KM_MSGPROF arrivals dup=0 empty_join=0 conclusions=5473803 conclusions_new=5406964 (98.78% new) | arena[succ]=130453 arena[root]=14436 pred_interned=107911 ctx_clause_slots=5930700
KM_MSGPROF sender ctx=2 root=false query=None pred_sent=770232 (13.3%) pool=885 preds=1808 wo=38272 core=2
KM_MSGPROF sender ctx=3 root=false query=None pred_sent=600032 (10.4%) pool=700 preds=1808 wo=33670 core=2
KM_MSGPROF sender ctx=4 root=false query=None pred_sent=521784 (9.0%) pool=804 preds=1371 wo=37763 core=2
KM_MSGPROF sender ctx=5 root=false query=None pred_sent=461064 (8.0%) pool=716 preds=1371 wo=39231 core=2
KM_MSGPROF sender ctx=6 root=false query=None pred_sent=457432 (7.9%) pool=545 preds=1808 wo=28517 core=2
KM_MSGPROF sender ctx=1 root=false query=None pred_sent=457432 (7.9%) pool=545 preds=1808 wo=28517 core=2
KM_MSGPROF sender ctx=18 root=false query=None pred_sent=34320 (0.6%) pool=240 preds=211 wo=587 core=3
KM_MSGPROF sender ctx=106 root=false query=None pred_sent=31065 (0.5%) pool=285 preds=137 wo=679 core=3
KM_PROF[time-ms] msgloop pred_payload=488.1 pred_arrival=27003.8 propagate=1770.6 | add_clause=17460.3 (lookup=996.4 fwdsub=12134.8 backsub=540.9 index=2080.0) hyper=587.0 subsume=313.3 pred_local=1575.4 eq=484.6 saturate=3775.7
KM_PROF msgloop guard=5560000 contexts=1317 msgs_pending=0 saturate_calls=920 succ=163903 pred=5396096 ground_wo=0
KM_MSGPROF arrivals dup=0 empty_join=0 conclusions=5482200 conclusions_new=5415218 (98.78% new) | arena[succ]=138707 arena[root]=14436 pred_interned=116308 ctx_clause_slots=5938954
KM_MSGPROF sender ctx=2 root=false query=None pred_sent=770232 (13.3%) pool=885 preds=1964 wo=38272 core=2
KM_MSGPROF sender ctx=3 root=false query=None pred_sent=600032 (10.4%) pool=700 preds=1964 wo=33670 core=2
KM_MSGPROF sender ctx=4 root=false query=None pred_sent=521784 (9.0%) pool=804 preds=1488 wo=37763 core=2
KM_MSGPROF sender ctx=5 root=false query=None pred_sent=461064 (8.0%) pool=716 preds=1488 wo=39231 core=2
KM_MSGPROF sender ctx=6 root=false query=None pred_sent=457432 (7.9%) pool=545 preds=1964 wo=28517 core=2
KM_MSGPROF sender ctx=1 root=false query=None pred_sent=457432 (7.9%) pool=545 preds=1964 wo=28517 core=2
KM_MSGPROF sender ctx=18 root=false query=None pred_sent=34320 (0.6%) pool=240 preds=216 wo=587 core=3
KM_MSGPROF sender ctx=106 root=false query=None pred_sent=31065 (0.5%) pool=285 preds=143 wo=679 core=3
KM_PROF[time-ms] msgloop pred_payload=489.4 pred_arrival=27042.4 propagate=1770.6 | add_clause=17479.0 (lookup=998.8 fwdsub=12137.5 backsub=541.5 index=2091.0) hyper=587.0 subsume=313.3 pred_local=1575.4 eq=484.6 saturate=3775.7
KM_PROF msgloop guard=5580000 contexts=1317 msgs_pending=0 saturate_calls=920 succ=172195 pred=5407804 ground_wo=0
KM_MSGPROF arrivals dup=0 empty_join=0 conclusions=5493908 conclusions_new=5426685 (98.78% new) | arena[succ]=144472 arena[root]=14436 pred_interned=122182 ctx_clause_slots=5950421
KM_MSGPROF sender ctx=2 root=false query=None pred_sent=770232 (13.3%) pool=885 preds=2088 wo=38272 core=2
KM_MSGPROF sender ctx=3 root=false query=None pred_sent=600032 (10.4%) pool=700 preds=2088 wo=33670 core=2
KM_MSGPROF sender ctx=4 root=false query=None pred_sent=521784 (9.0%) pool=804 preds=1581 wo=37763 core=2
KM_MSGPROF sender ctx=5 root=false query=None pred_sent=461064 (8.0%) pool=716 preds=1581 wo=39231 core=2
KM_MSGPROF sender ctx=6 root=false query=None pred_sent=457432 (7.9%) pool=545 preds=2088 wo=28517 core=2
KM_MSGPROF sender ctx=1 root=false query=None pred_sent=457432 (7.9%) pool=545 preds=2088 wo=28517 core=2
KM_MSGPROF sender ctx=18 root=false query=None pred_sent=34320 (0.6%) pool=240 preds=220 wo=587 core=3
KM_MSGPROF sender ctx=106 root=false query=None pred_sent=31065 (0.5%) pool=285 preds=143 wo=679 core=3
KM_PROF[time-ms] msgloop pred_payload=490.7 pred_arrival=27072.7 propagate=1770.6 | add_clause=17491.2 (lookup=1001.2 fwdsub=12140.2 backsub=542.4 index=2094.4) hyper=587.0 subsume=313.3 pred_local=1575.4 eq=484.6 saturate=3775.7
KM_PROF msgloop guard=5600000 contexts=1317 msgs_pending=0 saturate_calls=920 succ=180959 pred=5419040 ground_wo=0
KM_MSGPROF arrivals dup=0 empty_join=0 conclusions=5505144 conclusions_new=5437695 (98.77% new) | arena[succ]=150534 arena[root]=14436 pred_interned=128358 ctx_clause_slots=5961431
KM_MSGPROF sender ctx=2 root=false query=None pred_sent=770232 (13.3%) pool=885 preds=2212 wo=38272 core=2
KM_MSGPROF sender ctx=3 root=false query=None pred_sent=600032 (10.4%) pool=700 preds=2212 wo=33670 core=2
KM_MSGPROF sender ctx=4 root=false query=None pred_sent=521784 (9.0%) pool=804 preds=1674 wo=37763 core=2
KM_MSGPROF sender ctx=5 root=false query=None pred_sent=461064 (8.0%) pool=716 preds=1674 wo=39231 core=2
KM_MSGPROF sender ctx=6 root=false query=None pred_sent=457432 (7.9%) pool=545 preds=2212 wo=28517 core=2
KM_MSGPROF sender ctx=1 root=false query=None pred_sent=457432 (7.9%) pool=545 preds=2212 wo=28517 core=2
KM_MSGPROF sender ctx=18 root=false query=None pred_sent=34320 (0.6%) pool=240 preds=220 wo=587 core=3
KM_MSGPROF sender ctx=106 root=false query=None pred_sent=31065 (0.5%) pool=285 preds=143 wo=679 core=3
KM_PROF[time-ms] msgloop pred_payload=492.1 pred_arrival=27102.0 propagate=1770.6 | add_clause=17502.9 (lookup=1003.7 fwdsub=12142.8 backsub=543.2 index=2097.4) hyper=587.0 subsume=313.3 pred_local=1575.4 eq=484.6 saturate=3775.7
KM_PROF msgloop guard=5620000 contexts=1317 msgs_pending=0 saturate_calls=920 succ=184247 pred=5435752 ground_wo=0
KM_MSGPROF arrivals dup=0 empty_join=0 conclusions=5521856 conclusions_new=5454158 (98.77% new) | arena[succ]=153043 arena[root]=14436 pred_interned=130910 ctx_clause_slots=5977894
KM_MSGPROF sender ctx=2 root=false query=None pred_sent=770232 (13.3%) pool=885 preds=2256 wo=38272 core=2
KM_MSGPROF sender ctx=3 root=false query=None pred_sent=600032 (10.4%) pool=700 preds=2256 wo=33670 core=2
KM_MSGPROF sender ctx=4 root=false query=None pred_sent=521784 (9.0%) pool=804 preds=1707 wo=37763 core=2
KM_MSGPROF sender ctx=5 root=false query=None pred_sent=461064 (8.0%) pool=716 preds=1707 wo=39231 core=2
KM_MSGPROF sender ctx=6 root=false query=None pred_sent=457432 (7.9%) pool=545 preds=2256 wo=28517 core=2
KM_MSGPROF sender ctx=1 root=false query=None pred_sent=457432 (7.9%) pool=545 preds=2256 wo=28517 core=2
KM_MSGPROF sender ctx=18 root=false query=None pred_sent=34320 (0.6%) pool=240 preds=221 wo=587 core=3
KM_MSGPROF sender ctx=106 root=false query=None pred_sent=31065 (0.5%) pool=285 preds=144 wo=679 core=3
KM_PROF[time-ms] msgloop pred_payload=493.8 pred_arrival=27146.9 propagate=1770.6 | add_clause=17518.6 (lookup=1006.5 fwdsub=12145.8 backsub=544.5 index=2101.3) hyper=587.0 subsume=313.3 pred_local=1575.4 eq=484.6 saturate=3775.7
KM_PROF msgloop guard=5640000 contexts=1317 msgs_pending=0 saturate_calls=920 succ=184247 pred=5455752 ground_wo=0
KM_MSGPROF arrivals dup=0 empty_join=0 conclusions=5541856 conclusions_new=5473879 (98.77% new) | arena[succ]=153043 arena[root]=14436 pred_interned=130910 ctx_clause_slots=5997615
KM_MSGPROF sender ctx=2 root=false query=None pred_sent=770232 (13.3%) pool=885 preds=2256 wo=38272 core=2
KM_MSGPROF sender ctx=3 root=false query=None pred_sent=600032 (10.4%) pool=700 preds=2256 wo=33670 core=2
KM_MSGPROF sender ctx=4 root=false query=None pred_sent=521784 (9.0%) pool=804 preds=1707 wo=37763 core=2
KM_MSGPROF sender ctx=5 root=false query=None pred_sent=461064 (8.0%) pool=716 preds=1707 wo=39231 core=2
KM_MSGPROF sender ctx=6 root=false query=None pred_sent=457432 (7.9%) pool=545 preds=2256 wo=28517 core=2
KM_MSGPROF sender ctx=1 root=false query=None pred_sent=457432 (7.9%) pool=545 preds=2256 wo=28517 core=2
KM_MSGPROF sender ctx=18 root=false query=None pred_sent=34320 (0.6%) pool=240 preds=221 wo=587 core=3
KM_MSGPROF sender ctx=106 root=false query=None pred_sent=31065 (0.5%) pool=285 preds=144 wo=679 core=3
KM_PROF[time-ms] msgloop pred_payload=495.6 pred_arrival=27211.8 propagate=1770.6 | add_clause=17548.4 (lookup=1009.1 fwdsub=12148.6 backsub=545.9 index=2119.0) hyper=587.0 subsume=313.3 pred_local=1575.4 eq=484.6 saturate=3775.7
KM_PROF msgloop guard=5660000 contexts=1317 msgs_pending=0 saturate_calls=920 succ=184247 pred=5475752 ground_wo=0
KM_MSGPROF arrivals dup=0 empty_join=0 conclusions=5561856 conclusions_new=5493609 (98.77% new) | arena[succ]=153043 arena[root]=14436 pred_interned=130910 ctx_clause_slots=6017345
KM_MSGPROF sender ctx=2 root=false query=None pred_sent=770232 (13.3%) pool=885 preds=2256 wo=38272 core=2
KM_MSGPROF sender ctx=3 root=false query=None pred_sent=600032 (10.4%) pool=700 preds=2256 wo=33670 core=2
KM_MSGPROF sender ctx=4 root=false query=None pred_sent=521784 (9.0%) pool=804 preds=1707 wo=37763 core=2
KM_MSGPROF sender ctx=5 root=false query=None pred_sent=461064 (8.0%) pool=716 preds=1707 wo=39231 core=2
KM_MSGPROF sender ctx=6 root=false query=None pred_sent=457432 (7.9%) pool=545 preds=2256 wo=28517 core=2
KM_MSGPROF sender ctx=1 root=false query=None pred_sent=457432 (7.9%) pool=545 preds=2256 wo=28517 core=2
KM_MSGPROF sender ctx=18 root=false query=None pred_sent=34320 (0.6%) pool=240 preds=221 wo=587 core=3
KM_MSGPROF sender ctx=106 root=false query=None pred_sent=31065 (0.5%) pool=285 preds=144 wo=679 core=3
KM_PROF[time-ms] msgloop pred_payload=497.2 pred_arrival=27264.0 propagate=1770.6 | add_clause=17562.7 (lookup=1011.5 fwdsub=12151.1 backsub=547.4 index=2122.3) hyper=587.0 subsume=313.3 pred_local=1575.4 eq=484.6 saturate=3775.7
KM_PROF msgloop guard=5680000 contexts=1317 msgs_pending=0 saturate_calls=920 succ=184247 pred=5495752 ground_wo=0
KM_MSGPROF arrivals dup=0 empty_join=0 conclusions=5581856 conclusions_new=5513357 (98.77% new) | arena[succ]=153043 arena[root]=14436 pred_interned=130910 ctx_clause_slots=6037093
KM_MSGPROF sender ctx=2 root=false query=None pred_sent=770232 (13.3%) pool=885 preds=2256 wo=38272 core=2
KM_MSGPROF sender ctx=3 root=false query=None pred_sent=600032 (10.4%) pool=700 preds=2256 wo=33670 core=2
KM_MSGPROF sender ctx=4 root=false query=None pred_sent=521784 (9.0%) pool=804 preds=1707 wo=37763 core=2
KM_MSGPROF sender ctx=5 root=false query=None pred_sent=461064 (8.0%) pool=716 preds=1707 wo=39231 core=2
KM_MSGPROF sender ctx=6 root=false query=None pred_sent=457432 (7.9%) pool=545 preds=2256 wo=28517 core=2
KM_MSGPROF sender ctx=1 root=false query=None pred_sent=457432 (7.9%) pool=545 preds=2256 wo=28517 core=2
KM_MSGPROF sender ctx=18 root=false query=None pred_sent=34320 (0.6%) pool=240 preds=221 wo=587 core=3
KM_MSGPROF sender ctx=106 root=false query=None pred_sent=31065 (0.5%) pool=285 preds=144 wo=679 core=3
KM_PROF[time-ms] msgloop pred_payload=498.9 pred_arrival=27329.3 propagate=1770.6 | add_clause=17591.4 (lookup=1014.2 fwdsub=12153.3 backsub=548.7 index=2140.2) hyper=587.0 subsume=313.3 pred_local=1575.4 eq=484.6 saturate=3775.7
KM_PROF msgloop guard=5700000 contexts=1317 msgs_pending=0 saturate_calls=920 succ=195211 pred=5504788 ground_wo=0
KM_MSGPROF arrivals dup=0 empty_join=0 conclusions=5590892 conclusions_new=5522265 (98.77% new) | arena[succ]=160933 arena[root]=14436 pred_interned=138922 ctx_clause_slots=6046001
KM_MSGPROF sender ctx=2 root=false query=None pred_sent=770232 (13.3%) pool=885 preds=2400 wo=38272 core=2
KM_MSGPROF sender ctx=3 root=false query=None pred_sent=600032 (10.4%) pool=700 preds=2400 wo=33670 core=2
KM_MSGPROF sender ctx=4 root=false query=None pred_sent=521784 (9.0%) pool=804 preds=1815 wo=37763 core=2
KM_MSGPROF sender ctx=5 root=false query=None pred_sent=461064 (8.0%) pool=716 preds=1815 wo=39231 core=2
KM_MSGPROF sender ctx=6 root=false query=None pred_sent=457432 (7.9%) pool=545 preds=2400 wo=28517 core=2
KM_MSGPROF sender ctx=1 root=false query=None pred_sent=457432 (7.9%) pool=545 preds=2400 wo=28517 core=2
KM_MSGPROF sender ctx=18 root=false query=None pred_sent=34320 (0.6%) pool=240 preds=232 wo=587 core=3
KM_MSGPROF sender ctx=106 root=false query=None pred_sent=31065 (0.5%) pool=285 preds=144 wo=679 core=3
KM_PROF[time-ms] msgloop pred_payload=500.1 pred_arrival=27358.4 propagate=1770.6 | add_clause=17603.2 (lookup=1016.7 fwdsub=12156.2 backsub=549.4 index=2143.7) hyper=587.0 subsume=313.3 pred_local=1575.4 eq=484.6 saturate=3775.7
KM_PROF msgloop guard=5720000 contexts=1317 msgs_pending=0 saturate_calls=920 succ=196141 pred=5523858 ground_wo=0
KM_MSGPROF arrivals dup=0 empty_join=0 conclusions=5609962 conclusions_new=5541064 (98.77% new) | arena[succ]=161518 arena[root]=14436 pred_interned=139551 ctx_clause_slots=6064800
KM_MSGPROF sender ctx=2 root=false query=None pred_sent=770232 (13.3%) pool=885 preds=2444 wo=38272 core=2
KM_MSGPROF sender ctx=3 root=false query=None pred_sent=600032 (10.4%) pool=700 preds=2444 wo=33670 core=2
KM_MSGPROF sender ctx=4 root=false query=None pred_sent=521784 (9.0%) pool=804 preds=1848 wo=37763 core=2
KM_MSGPROF sender ctx=5 root=false query=None pred_sent=461064 (8.0%) pool=716 preds=1848 wo=39231 core=2
KM_MSGPROF sender ctx=6 root=false query=None pred_sent=457432 (7.9%) pool=545 preds=2444 wo=28517 core=2
KM_MSGPROF sender ctx=1 root=false query=None pred_sent=457432 (7.9%) pool=545 preds=2444 wo=28517 core=2
KM_MSGPROF sender ctx=18 root=false query=None pred_sent=34320 (0.6%) pool=240 preds=232 wo=587 core=3
KM_MSGPROF sender ctx=106 root=false query=None pred_sent=31065 (0.5%) pool=285 preds=144 wo=679 core=3
KM_PROF[time-ms] msgloop pred_payload=501.7 pred_arrival=27406.4 propagate=1770.6 | add_clause=17619.4 (lookup=1019.2 fwdsub=12159.2 backsub=550.8 index=2147.7) hyper=587.0 subsume=313.3 pred_local=1575.4 eq=484.6 saturate=3775.7
KM_PROF msgloop guard=5740000 contexts=1317 msgs_pending=0 saturate_calls=920 succ=196141 pred=5543858 ground_wo=0
KM_MSGPROF arrivals dup=0 empty_join=0 conclusions=5629962 conclusions_new=5560741 (98.77% new) | arena[succ]=161518 arena[root]=14436 pred_interned=139551 ctx_clause_slots=6084477
KM_MSGPROF sender ctx=2 root=false query=None pred_sent=770232 (13.3%) pool=885 preds=2444 wo=38272 core=2
KM_MSGPROF sender ctx=3 root=false query=None pred_sent=600032 (10.4%) pool=700 preds=2444 wo=33670 core=2
KM_MSGPROF sender ctx=4 root=false query=None pred_sent=521784 (9.0%) pool=804 preds=1848 wo=37763 core=2
KM_MSGPROF sender ctx=5 root=false query=None pred_sent=461064 (8.0%) pool=716 preds=1848 wo=39231 core=2
KM_MSGPROF sender ctx=6 root=false query=None pred_sent=457432 (7.9%) pool=545 preds=2444 wo=28517 core=2
KM_MSGPROF sender ctx=1 root=false query=None pred_sent=457432 (7.9%) pool=545 preds=2444 wo=28517 core=2
KM_MSGPROF sender ctx=18 root=false query=None pred_sent=34320 (0.6%) pool=240 preds=232 wo=587 core=3
KM_MSGPROF sender ctx=106 root=false query=None pred_sent=31065 (0.5%) pool=285 preds=144 wo=679 core=3
KM_PROF[time-ms] msgloop pred_payload=503.4 pred_arrival=27475.1 propagate=1770.6 | add_clause=17653.2 (lookup=1021.6 fwdsub=12162.0 backsub=552.2 index=2169.6) hyper=587.0 subsume=313.3 pred_local=1575.4 eq=484.6 saturate=3775.7
KM_PROF msgloop guard=5760000 contexts=1317 msgs_pending=0 saturate_calls=920 succ=196141 pred=5563858 ground_wo=0
KM_MSGPROF arrivals dup=0 empty_join=0 conclusions=5649962 conclusions_new=5580479 (98.77% new) | arena[succ]=161518 arena[root]=14436 pred_interned=139551 ctx_clause_slots=6104215
KM_MSGPROF sender ctx=2 root=false query=None pred_sent=770232 (13.3%) pool=885 preds=2444 wo=38272 core=2
KM_MSGPROF sender ctx=3 root=false query=None pred_sent=600032 (10.4%) pool=700 preds=2444 wo=33670 core=2
KM_MSGPROF sender ctx=4 root=false query=None pred_sent=521784 (9.0%) pool=804 preds=1848 wo=37763 core=2
KM_MSGPROF sender ctx=5 root=false query=None pred_sent=461064 (8.0%) pool=716 preds=1848 wo=39231 core=2
KM_MSGPROF sender ctx=6 root=false query=None pred_sent=457432 (7.9%) pool=545 preds=2444 wo=28517 core=2
KM_MSGPROF sender ctx=1 root=false query=None pred_sent=457432 (7.9%) pool=545 preds=2444 wo=28517 core=2
KM_MSGPROF sender ctx=18 root=false query=None pred_sent=34320 (0.6%) pool=240 preds=232 wo=587 core=3
KM_MSGPROF sender ctx=106 root=false query=None pred_sent=31065 (0.5%) pool=285 preds=144 wo=679 core=3
KM_PROF[time-ms] msgloop pred_payload=505.0 pred_arrival=27550.1 propagate=1770.6 | add_clause=17687.9 (lookup=1024.0 fwdsub=12164.7 backsub=553.6 index=2192.8) hyper=587.0 subsume=313.3 pred_local=1575.4 eq=484.6 saturate=3775.7
KM_PROF msgloop guard=5780000 contexts=1317 msgs_pending=0 saturate_calls=920 succ=196141 pred=5583858 ground_wo=0
KM_MSGPROF arrivals dup=0 empty_join=0 conclusions=5669962 conclusions_new=5600167 (98.77% new) | arena[succ]=161518 arena[root]=14436 pred_interned=139551 ctx_clause_slots=6123903
KM_MSGPROF sender ctx=2 root=false query=None pred_sent=770232 (13.3%) pool=885 preds=2444 wo=38272 core=2
KM_MSGPROF sender ctx=3 root=false query=None pred_sent=600032 (10.4%) pool=700 preds=2444 wo=33670 core=2
KM_MSGPROF sender ctx=4 root=false query=None pred_sent=521784 (9.0%) pool=804 preds=1848 wo=37763 core=2
KM_MSGPROF sender ctx=5 root=false query=None pred_sent=461064 (8.0%) pool=716 preds=1848 wo=39231 core=2
KM_MSGPROF sender ctx=6 root=false query=None pred_sent=457432 (7.9%) pool=545 preds=2444 wo=28517 core=2
KM_MSGPROF sender ctx=1 root=false query=None pred_sent=457432 (7.9%) pool=545 preds=2444 wo=28517 core=2
KM_MSGPROF sender ctx=18 root=false query=None pred_sent=34320 (0.6%) pool=240 preds=232 wo=587 core=3
KM_MSGPROF sender ctx=106 root=false query=None pred_sent=31065 (0.5%) pool=285 preds=144 wo=679 core=3
KM_PROF[time-ms] msgloop pred_payload=506.6 pred_arrival=27608.7 propagate=1770.6 | add_clause=17706.9 (lookup=1026.4 fwdsub=12167.3 backsub=555.0 index=2200.7) hyper=587.0 subsume=313.3 pred_local=1575.4 eq=484.6 saturate=3775.7
KM_PROF msgloop guard=5800000 contexts=1317 msgs_pending=0 saturate_calls=920 succ=196141 pred=5603858 ground_wo=0
KM_MSGPROF arrivals dup=0 empty_join=0 conclusions=5689962 conclusions_new=5619927 (98.77% new) | arena[succ]=161518 arena[root]=14436 pred_interned=139551 ctx_clause_slots=6143663
KM_MSGPROF sender ctx=2 root=false query=None pred_sent=770232 (13.3%) pool=885 preds=2444 wo=38272 core=2
KM_MSGPROF sender ctx=3 root=false query=None pred_sent=600032 (10.4%) pool=700 preds=2444 wo=33670 core=2
KM_MSGPROF sender ctx=4 root=false query=None pred_sent=521784 (9.0%) pool=804 preds=1848 wo=37763 core=2
KM_MSGPROF sender ctx=5 root=false query=None pred_sent=461064 (8.0%) pool=716 preds=1848 wo=39231 core=2
KM_MSGPROF sender ctx=6 root=false query=None pred_sent=457432 (7.9%) pool=545 preds=2444 wo=28517 core=2
KM_MSGPROF sender ctx=1 root=false query=None pred_sent=457432 (7.9%) pool=545 preds=2444 wo=28517 core=2
KM_MSGPROF sender ctx=18 root=false query=None pred_sent=34320 (0.6%) pool=240 preds=232 wo=587 core=3
KM_MSGPROF sender ctx=106 root=false query=None pred_sent=31065 (0.5%) pool=285 preds=144 wo=679 core=3
KM_PROF[time-ms] msgloop pred_payload=508.3 pred_arrival=27657.9 propagate=1770.6 | add_clause=17721.3 (lookup=1028.9 fwdsub=12169.6 backsub=556.4 index=2204.1) hyper=587.0 subsume=313.3 pred_local=1575.4 eq=484.6 saturate=3775.7
KM_PROF msgloop guard=5820000 contexts=1317 msgs_pending=0 saturate_calls=920 succ=196141 pred=5623858 ground_wo=0
KM_MSGPROF arrivals dup=0 empty_join=0 conclusions=5709962 conclusions_new=5639636 (98.77% new) | arena[succ]=161518 arena[root]=14436 pred_interned=139551 ctx_clause_slots=6163372
KM_MSGPROF sender ctx=2 root=false query=None pred_sent=770232 (13.3%) pool=885 preds=2444 wo=38272 core=2
KM_MSGPROF sender ctx=3 root=false query=None pred_sent=600032 (10.4%) pool=700 preds=2444 wo=33670 core=2
KM_MSGPROF sender ctx=4 root=false query=None pred_sent=521784 (9.0%) pool=804 preds=1848 wo=37763 core=2
KM_MSGPROF sender ctx=5 root=false query=None pred_sent=461064 (8.0%) pool=716 preds=1848 wo=39231 core=2
KM_MSGPROF sender ctx=6 root=false query=None pred_sent=457432 (7.9%) pool=545 preds=2444 wo=28517 core=2
KM_MSGPROF sender ctx=1 root=false query=None pred_sent=457432 (7.9%) pool=545 preds=2444 wo=28517 core=2
KM_MSGPROF sender ctx=18 root=false query=None pred_sent=34320 (0.6%) pool=240 preds=232 wo=587 core=3
KM_MSGPROF sender ctx=106 root=false query=None pred_sent=31065 (0.5%) pool=285 preds=144 wo=679 core=3
KM_PROF[time-ms] msgloop pred_payload=509.9 pred_arrival=27708.1 propagate=1770.6 | add_clause=17735.9 (lookup=1031.3 fwdsub=12172.0 backsub=557.8 index=2207.6) hyper=587.0 subsume=313.3 pred_local=1575.4 eq=484.6 saturate=3775.7
KM_PROF msgloop guard=5840000 contexts=1317 msgs_pending=0 saturate_calls=920 succ=196141 pred=5643858 ground_wo=0
KM_MSGPROF arrivals dup=0 empty_join=0 conclusions=5729962 conclusions_new=5659453 (98.77% new) | arena[succ]=161518 arena[root]=14436 pred_interned=139551 ctx_clause_slots=6183189
KM_MSGPROF sender ctx=2 root=false query=None pred_sent=770232 (13.3%) pool=885 preds=2444 wo=38272 core=2
KM_MSGPROF sender ctx=3 root=false query=None pred_sent=600032 (10.4%) pool=700 preds=2444 wo=33670 core=2
KM_MSGPROF sender ctx=4 root=false query=None pred_sent=521784 (9.0%) pool=804 preds=1848 wo=37763 core=2
KM_MSGPROF sender ctx=5 root=false query=None pred_sent=461064 (8.0%) pool=716 preds=1848 wo=39231 core=2
KM_MSGPROF sender ctx=6 root=false query=None pred_sent=457432 (7.9%) pool=545 preds=2444 wo=28517 core=2
KM_MSGPROF sender ctx=1 root=false query=None pred_sent=457432 (7.9%) pool=545 preds=2444 wo=28517 core=2
KM_MSGPROF sender ctx=18 root=false query=None pred_sent=34320 (0.6%) pool=240 preds=232 wo=587 core=3
KM_MSGPROF sender ctx=106 root=false query=None pred_sent=31065 (0.5%) pool=285 preds=144 wo=679 core=3
KM_PROF[time-ms] msgloop pred_payload=511.5 pred_arrival=27755.4 propagate=1770.6 | add_clause=17750.5 (lookup=1033.7 fwdsub=12174.4 backsub=559.2 index=2211.0) hyper=587.0 subsume=313.3 pred_local=1575.4 eq=484.6 saturate=3775.7
KM_PROF msgloop guard=5860000 contexts=1317 msgs_pending=0 saturate_calls=920 succ=196141 pred=5663858 ground_wo=0
KM_MSGPROF arrivals dup=0 empty_join=0 conclusions=5749962 conclusions_new=5679180 (98.77% new) | arena[succ]=161518 arena[root]=14436 pred_interned=139551 ctx_clause_slots=6202916
KM_MSGPROF sender ctx=2 root=false query=None pred_sent=770232 (13.3%) pool=885 preds=2444 wo=38272 core=2
KM_MSGPROF sender ctx=3 root=false query=None pred_sent=600032 (10.4%) pool=700 preds=2444 wo=33670 core=2
KM_MSGPROF sender ctx=4 root=false query=None pred_sent=521784 (9.0%) pool=804 preds=1848 wo=37763 core=2
KM_MSGPROF sender ctx=5 root=false query=None pred_sent=461064 (8.0%) pool=716 preds=1848 wo=39231 core=2
KM_MSGPROF sender ctx=6 root=false query=None pred_sent=457432 (7.9%) pool=545 preds=2444 wo=28517 core=2
KM_MSGPROF sender ctx=1 root=false query=None pred_sent=457432 (7.9%) pool=545 preds=2444 wo=28517 core=2
KM_MSGPROF sender ctx=18 root=false query=None pred_sent=34320 (0.6%) pool=240 preds=232 wo=587 core=3
KM_MSGPROF sender ctx=106 root=false query=None pred_sent=31065 (0.5%) pool=285 preds=144 wo=679 core=3
KM_PROF[time-ms] msgloop pred_payload=513.2 pred_arrival=27804.7 propagate=1770.6 | add_clause=17765.8 (lookup=1036.2 fwdsub=12176.7 backsub=560.6 index=2214.5) hyper=587.0 subsume=313.3 pred_local=1575.4 eq=484.6 saturate=3775.7
KM_PROF msgloop guard=5880000 contexts=1317 msgs_pending=0 saturate_calls=920 succ=196141 pred=5683858 ground_wo=0
KM_MSGPROF arrivals dup=0 empty_join=0 conclusions=5769962 conclusions_new=5698886 (98.77% new) | arena[succ]=161518 arena[root]=14436 pred_interned=139551 ctx_clause_slots=6222622
KM_MSGPROF sender ctx=2 root=false query=None pred_sent=770232 (13.3%) pool=885 preds=2444 wo=38272 core=2
KM_MSGPROF sender ctx=3 root=false query=None pred_sent=600032 (10.4%) pool=700 preds=2444 wo=33670 core=2
KM_MSGPROF sender ctx=4 root=false query=None pred_sent=521784 (9.0%) pool=804 preds=1848 wo=37763 core=2
KM_MSGPROF sender ctx=5 root=false query=None pred_sent=461064 (8.0%) pool=716 preds=1848 wo=39231 core=2
KM_MSGPROF sender ctx=6 root=false query=None pred_sent=457432 (7.9%) pool=545 preds=2444 wo=28517 core=2
KM_MSGPROF sender ctx=1 root=false query=None pred_sent=457432 (7.9%) pool=545 preds=2444 wo=28517 core=2
KM_MSGPROF sender ctx=18 root=false query=None pred_sent=34320 (0.6%) pool=240 preds=232 wo=587 core=3
KM_MSGPROF sender ctx=106 root=false query=None pred_sent=31065 (0.5%) pool=285 preds=144 wo=679 core=3
KM_PROF[time-ms] msgloop pred_payload=514.8 pred_arrival=27854.1 propagate=1770.6 | add_clause=17780.2 (lookup=1038.7 fwdsub=12178.9 backsub=561.9 index=2217.9) hyper=587.0 subsume=313.3 pred_local=1575.4 eq=484.6 saturate=3775.7
KM_PROF msgloop guard=5900000 contexts=1317 msgs_pending=0 saturate_calls=920 succ=198891 pred=5701108 ground_wo=0
KM_MSGPROF arrivals dup=0 empty_join=0 conclusions=5787212 conclusions_new=5715960 (98.77% new) | arena[succ]=163477 arena[root]=14436 pred_interned=141535 ctx_clause_slots=6239696
KM_MSGPROF sender ctx=2 root=false query=None pred_sent=770232 (13.3%) pool=885 preds=2472 wo=38272 core=2
KM_MSGPROF sender ctx=3 root=false query=None pred_sent=600032 (10.4%) pool=700 preds=2472 wo=33670 core=2
KM_MSGPROF sender ctx=4 root=false query=None pred_sent=521784 (9.0%) pool=804 preds=1869 wo=37763 core=2
KM_MSGPROF sender ctx=5 root=false query=None pred_sent=461064 (8.0%) pool=716 preds=1869 wo=39231 core=2
KM_MSGPROF sender ctx=6 root=false query=None pred_sent=457432 (7.9%) pool=545 preds=2472 wo=28517 core=2
KM_MSGPROF sender ctx=1 root=false query=None pred_sent=457432 (7.9%) pool=545 preds=2472 wo=28517 core=2
KM_MSGPROF sender ctx=18 root=false query=None pred_sent=34320 (0.6%) pool=240 preds=239 wo=587 core=3
KM_MSGPROF sender ctx=106 root=false query=None pred_sent=31065 (0.5%) pool=285 preds=144 wo=679 core=3
KM_PROF[time-ms] msgloop pred_payload=516.3 pred_arrival=27896.1 propagate=1770.6 | add_clause=17794.3 (lookup=1041.1 fwdsub=12181.5 backsub=563.2 index=2221.4) hyper=587.0 subsume=313.3 pred_local=1575.4 eq=484.6 saturate=3775.7
KM_PROF msgloop guard=5920000 contexts=1317 msgs_pending=0 saturate_calls=920 succ=203943 pred=5716056 ground_wo=0
KM_MSGPROF arrivals dup=0 empty_join=0 conclusions=5802160 conclusions_new=5730712 (98.77% new) | arena[succ]=167066 arena[root]=14436 pred_interned=145170 ctx_clause_slots=6254448
KM_MSGPROF sender ctx=2 root=false query=None pred_sent=770232 (13.3%) pool=885 preds=2524 wo=38272 core=2
KM_MSGPROF sender ctx=3 root=false query=None pred_sent=600032 (10.4%) pool=700 preds=2524 wo=33670 core=2
KM_MSGPROF sender ctx=4 root=false query=None pred_sent=521784 (9.0%) pool=804 preds=1908 wo=37763 core=2
KM_MSGPROF sender ctx=5 root=false query=None pred_sent=461064 (8.0%) pool=716 preds=1908 wo=39231 core=2
KM_MSGPROF sender ctx=6 root=false query=None pred_sent=457432 (7.9%) pool=545 preds=2524 wo=28517 core=2
KM_MSGPROF sender ctx=1 root=false query=None pred_sent=457432 (7.9%) pool=545 preds=2524 wo=28517 core=2
KM_MSGPROF sender ctx=18 root=false query=None pred_sent=34320 (0.6%) pool=240 preds=251 wo=587 core=3
KM_MSGPROF sender ctx=106 root=false query=None pred_sent=31065 (0.5%) pool=285 preds=144 wo=679 core=3
KM_PROF[time-ms] msgloop pred_payload=517.9 pred_arrival=27973.1 propagate=1770.6 | add_clause=17821.4 (lookup=1043.6 fwdsub=12184.2 backsub=564.3 index=2238.6) hyper=587.0 subsume=313.3 pred_local=1575.4 eq=484.6 saturate=3775.7
KM_PROF msgloop guard=5940000 contexts=1317 msgs_pending=0 saturate_calls=920 succ=208109 pred=5731890 ground_wo=0
KM_MSGPROF arrivals dup=0 empty_join=0 conclusions=5817994 conclusions_new=5746348 (98.77% new) | arena[succ]=170134 arena[root]=14436 pred_interned=148277 ctx_clause_slots=6270084
KM_MSGPROF sender ctx=2 root=false query=None pred_sent=770232 (13.3%) pool=885 preds=2568 wo=38272 core=2
KM_MSGPROF sender ctx=3 root=false query=None pred_sent=600032 (10.4%) pool=700 preds=2568 wo=33670 core=2
KM_MSGPROF sender ctx=4 root=false query=None pred_sent=521784 (9.0%) pool=804 preds=1941 wo=37763 core=2
KM_MSGPROF sender ctx=5 root=false query=None pred_sent=461064 (8.0%) pool=716 preds=1941 wo=39231 core=2
KM_MSGPROF sender ctx=6 root=false query=None pred_sent=457432 (7.9%) pool=545 preds=2568 wo=28517 core=2
KM_MSGPROF sender ctx=1 root=false query=None pred_sent=457432 (7.9%) pool=545 preds=2568 wo=28517 core=2
KM_MSGPROF sender ctx=18 root=false query=None pred_sent=34320 (0.6%) pool=240 preds=260 wo=587 core=3
KM_MSGPROF sender ctx=106 root=false query=None pred_sent=31065 (0.5%) pool=285 preds=144 wo=679 core=3
KM_PROF[time-ms] msgloop pred_payload=519.4 pred_arrival=28015.7 propagate=1770.6 | add_clause=17835.8 (lookup=1046.1 fwdsub=12186.5 backsub=565.4 index=2244.0) hyper=587.0 subsume=313.3 pred_local=1575.4 eq=484.6 saturate=3775.7
KM_PROF msgloop guard=5960000 contexts=1317 msgs_pending=0 saturate_calls=920 succ=212611 pred=5747388 ground_wo=0
KM_MSGPROF arrivals dup=0 empty_join=0 conclusions=5833492 conclusions_new=5761635 (98.77% new) | arena[succ]=173445 arena[root]=14436 pred_interned=151651 ctx_clause_slots=6285371
KM_MSGPROF sender ctx=2 root=false query=None pred_sent=770232 (13.3%) pool=885 preds=2636 wo=38272 core=2
KM_MSGPROF sender ctx=3 root=false query=None pred_sent=600032 (10.4%) pool=700 preds=2636 wo=33670 core=2
KM_MSGPROF sender ctx=4 root=false query=None pred_sent=521784 (9.0%) pool=804 preds=1992 wo=37763 core=2
KM_MSGPROF sender ctx=5 root=false query=None pred_sent=461064 (8.0%) pool=716 preds=1992 wo=39231 core=2
KM_MSGPROF sender ctx=6 root=false query=None pred_sent=457432 (7.9%) pool=545 preds=2636 wo=28517 core=2
KM_MSGPROF sender ctx=1 root=false query=None pred_sent=457432 (7.9%) pool=545 preds=2636 wo=28517 core=2
KM_MSGPROF sender ctx=18 root=false query=None pred_sent=34320 (0.6%) pool=240 preds=262 wo=587 core=3
KM_MSGPROF sender ctx=106 root=false query=None pred_sent=31065 (0.5%) pool=285 preds=144 wo=679 core=3
KM_PROF[time-ms] msgloop pred_payload=521.0 pred_arrival=28058.4 propagate=1770.6 | add_clause=17850.6 (lookup=1048.7 fwdsub=12189.3 backsub=566.5 index=2247.6) hyper=587.0 subsume=313.3 pred_local=1575.4 eq=484.6 saturate=3775.7
KM_PROF msgloop guard=5980000 contexts=1317 msgs_pending=0 saturate_calls=920 succ=212611 pred=5767388 ground_wo=0
KM_MSGPROF arrivals dup=0 empty_join=0 conclusions=5853492 conclusions_new=5781419 (98.77% new) | arena[succ]=173445 arena[root]=14436 pred_interned=151651 ctx_clause_slots=6305155
KM_MSGPROF sender ctx=2 root=false query=None pred_sent=770232 (13.3%) pool=885 preds=2636 wo=38272 core=2
KM_MSGPROF sender ctx=3 root=false query=None pred_sent=600032 (10.4%) pool=700 preds=2636 wo=33670 core=2
KM_MSGPROF sender ctx=4 root=false query=None pred_sent=521784 (9.0%) pool=804 preds=1992 wo=37763 core=2
KM_MSGPROF sender ctx=5 root=false query=None pred_sent=461064 (8.0%) pool=716 preds=1992 wo=39231 core=2
KM_MSGPROF sender ctx=6 root=false query=None pred_sent=457432 (7.9%) pool=545 preds=2636 wo=28517 core=2
KM_MSGPROF sender ctx=1 root=false query=None pred_sent=457432 (7.9%) pool=545 preds=2636 wo=28517 core=2
KM_MSGPROF sender ctx=18 root=false query=None pred_sent=34320 (0.6%) pool=240 preds=262 wo=587 core=3
KM_MSGPROF sender ctx=106 root=false query=None pred_sent=31065 (0.5%) pool=285 preds=144 wo=679 core=3
KM_PROF[time-ms] msgloop pred_payload=522.6 pred_arrival=28105.6 propagate=1770.6 | add_clause=17865.6 (lookup=1051.4 fwdsub=12191.6 backsub=567.9 index=2251.2) hyper=587.0 subsume=313.3 pred_local=1575.4 eq=484.6 saturate=3775.7
KM_PROF msgloop guard=6000000 contexts=1317 msgs_pending=0 saturate_calls=920 succ=214946 pred=5785053 ground_wo=0
KM_MSGPROF arrivals dup=0 empty_join=0 conclusions=5871157 conclusions_new=5798896 (98.77% new) | arena[succ]=175105 arena[root]=14436 pred_interned=153328 ctx_clause_slots=6322632
KM_MSGPROF sender ctx=2 root=false query=None pred_sent=770232 (13.3%) pool=885 preds=2660 wo=38272 core=2
KM_MSGPROF sender ctx=3 root=false query=None pred_sent=600032 (10.4%) pool=700 preds=2660 wo=33670 core=2
KM_MSGPROF sender ctx=4 root=false query=None pred_sent=521784 (9.0%) pool=804 preds=2010 wo=37763 core=2
KM_MSGPROF sender ctx=5 root=false query=None pred_sent=461064 (8.0%) pool=716 preds=2010 wo=39231 core=2
KM_MSGPROF sender ctx=6 root=false query=None pred_sent=457432 (7.9%) pool=545 preds=2660 wo=28517 core=2
KM_MSGPROF sender ctx=1 root=false query=None pred_sent=457432 (7.9%) pool=545 preds=2660 wo=28517 core=2
KM_MSGPROF sender ctx=18 root=false query=None pred_sent=34320 (0.6%) pool=240 preds=266 wo=587 core=3
KM_MSGPROF sender ctx=106 root=false query=None pred_sent=31065 (0.5%) pool=285 preds=144 wo=679 core=3
KM_PROF[time-ms] msgloop pred_payload=524.3 pred_arrival=28148.9 propagate=1770.6 | add_clause=17879.1 (lookup=1053.9 fwdsub=12193.9 backsub=569.1 index=2254.5) hyper=587.0 subsume=313.3 pred_local=1575.4 eq=484.6 saturate=3775.7
Command exited with non-zero status 124
wall=150.17 rss_kb=2210688
