ℹ [2/6] Replayed ContextCalculus.CertifiedRouting
info: ContextCalculus/CertifiedRouting.lean:294:0: 'ContextCalculus.CertifiedRouting.SourceBoundWorker.erase_soundAt' depends on axioms: [propext]
info: ContextCalculus/CertifiedRouting.lean:295:0: 'ContextCalculus.CertifiedRouting.SourceBoundWorker.erase_completeAt' depends on axioms: [propext]
info: ContextCalculus/CertifiedRouting.lean:296:0: 'ContextCalculus.CertifiedRouting.SourceBoundWorker.liftTranslation' depends on axioms: [propext]
info: ContextCalculus/CertifiedRouting.lean:297:0: 'ContextCalculus.CertifiedRouting.SourceBoundWorker.liftTranslation_completeAt' depends on axioms: [propext]
info: ContextCalculus/CertifiedRouting.lean:298:0: 'ContextCalculus.CertifiedRouting.CertifiedProcedure.firstPublish_sound' depends on axioms: [propext, Quot.sound]
info: ContextCalculus/CertifiedRouting.lean:299:0: 'ContextCalculus.CertifiedRouting.CertifiedProcedure.firstPublish_complete' depends on axioms: [propext, Quot.sound]
info: ContextCalculus/CertifiedRouting.lean:300:0: 'ContextCalculus.CertifiedRouting.AutomaticRouter.sound' depends on axioms: [propext, Quot.sound]
info: ContextCalculus/CertifiedRouting.lean:301:0: 'ContextCalculus.CertifiedRouting.AutomaticRouter.complete' depends on axioms: [propext, Quot.sound]
info: ContextCalculus/CertifiedRouting.lean:302:0: 'ContextCalculus.CertifiedRouting.AutomaticRouter.sound_and_complete' depends on axioms: [propext, Quot.sound]
ℹ [3/7] Replayed ContextCalculus.SQWRLClassificationProjection
info: ContextCalculus/SQWRLClassificationProjection.lean:76:0: 'ContextCalculus.SQWRLClassificationProjection.models_preserved' does not depend on any axioms
info: ContextCalculus/SQWRLClassificationProjection.lean:77:0: 'ContextCalculus.SQWRLClassificationProjection.consequences_preserved' does not depend on any axioms
info: ContextCalculus/SQWRLClassificationProjection.lean:78:0: 'ContextCalculus.SQWRLClassificationProjection.mixed_rule_preserved' depends on axioms: [propext, Quot.sound]
ℹ [4/7] Replayed ContextCalculus.DLSafeEmptyNamedDomain
info: ContextCalculus/DLSafeEmptyNamedDomain.lean:43:0: 'ContextCalculus.DLSafeEmptyNamedDomain.rule_family_models_preserved' does not depend on any axioms
info: ContextCalculus/DLSafeEmptyNamedDomain.lean:45:0: 'ContextCalculus.DLSafeEmptyNamedDomain.guarded_rule_vacuous' does not depend on any axioms
info: ContextCalculus/DLSafeEmptyNamedDomain.lean:46:0: 'ContextCalculus.DLSafeEmptyNamedDomain.theory_models_preserved' does not depend on any axioms
ℹ [5/7] Replayed ContextCalculus.KMAutomaticRouting
info: ContextCalculus/KMAutomaticRouting.lean:241:0: 'ContextCalculus.KMAutomaticRouting.selected_route_has_coverage_basis' depends on axioms: [propext]
info: ContextCalculus/KMAutomaticRouting.lean:242:0: 'ContextCalculus.KMAutomaticRouting.selected_route_requires_exact_source' depends on axioms: [propext]
info: ContextCalculus/KMAutomaticRouting.lean:243:0: 'ContextCalculus.KMAutomaticRouting.WireSelection.check_sound' depends on axioms: [propext, Quot.sound]
info: ContextCalculus/KMAutomaticRouting.lean:244:0: 'ContextCalculus.KMAutomaticRouting.automatic_specialist_decline_has_coverage' depends on axioms: [propext, Quot.sound]
info: ContextCalculus/KMAutomaticRouting.lean:246:0: 'ContextCalculus.SQWRLClassificationProjection.models_preserved' does not depend on any axioms
info: ContextCalculus/KMAutomaticRouting.lean:247:0: 'ContextCalculus.DLSafeEmptyNamedDomain.guarded_rule_vacuous' does not depend on any axioms
info: ContextCalculus/KMAutomaticRouting.lean:248:0: 'ContextCalculus.DLSafeEmptyNamedDomain.theory_models_preserved' does not depend on any axioms
info: ContextCalculus/KMAutomaticRouting.lean:249:0: 'ContextCalculus.SQWRLClassificationProjection.consequences_preserved' does not depend on any axioms
info: ContextCalculus/KMAutomaticRouting.lean:250:0: 'ContextCalculus.SQWRLClassificationProjection.mixed_rule_preserved' depends on axioms: [propext, Quot.sound]
info: ContextCalculus/KMAutomaticRouting.lean:254:0: 'ContextCalculus.DLSafeEmptyNamedDomain.rule_family_models_preserved' does not depend on any axioms
ℹ [6/63] Replayed ContextCalculus.KMAutomaticSupervisor
info: ContextCalculus/KMAutomaticSupervisor.lean:119:0: 'ContextCalculus.KMAutomaticSupervisor.CertifiedSupervisor.covers' depends on axioms: [propext]
info: ContextCalculus/KMAutomaticSupervisor.lean:120:0: 'ContextCalculus.KMAutomaticSupervisor.CertifiedSupervisor.sound' depends on axioms: [propext, Quot.sound]
info: ContextCalculus/KMAutomaticSupervisor.lean:121:0: 'ContextCalculus.KMAutomaticSupervisor.CertifiedSupervisor.complete' depends on axioms: [propext, Quot.sound]
info: ContextCalculus/KMAutomaticSupervisor.lean:122:0: 'ContextCalculus.KMAutomaticSupervisor.CertifiedSupervisor.sound_and_complete' depends on axioms: [propext, Quot.sound]
⚠ [9/63] Replayed ContextCalculus.ELCompletionCertificate
warning: ContextCalculus/ELCompletionCertificate.lean:47:15: unused variable `top`

Note: This linter can be disabled with `set_option linter.unusedVariables false`
warning: ContextCalculus/ELCompletionCertificate.lean:87:0: automatically included section variable(s) unused in theorem `ContextCalculus.ELCompletion.validStep_derivable`:
  [DecidableEq Concept]
  [DecidableEq Role]
consider restructuring your `variable` declarations so that the variables are not in scope or explicitly omit them:
  omit [DecidableEq Concept] [DecidableEq Role] in theorem ...

Note: This linter can be disabled with `set_option linter.unusedSectionVars false`
ℹ [10/63] Replayed ContextCalculus.ELRenaming
info: ContextCalculus/ELRenaming.lean:129:0: 'ContextCalculus.ELCompletion.entailsSub_mapConcept_iff' depends on axioms: [propext, Quot.sound]
info: ContextCalculus/ELRenaming.lean:130:0: 'ContextCalculus.ELCompletion.unsatisfiable_mapConcept_iff' depends on axioms: [propext, Quot.sound]
ℹ [472/563] Replayed ContextCalculus.ELNormalization
info: ContextCalculus/ELNormalization.lean:619:0: 'ContextCalculus.ELCompletion.SourceOntologyNormalEvidence.models_project' depends on axioms: [propext, Quot.sound]
ℹ [473/563] Replayed ContextCalculus.ELRawNormalization
info: ContextCalculus/ELRawNormalization.lean:1066:0: 'ContextCalculus.ELCompletion.RawDirectToNormalCertificate.models_iff' depends on axioms: [propext, Quot.sound]
ℹ [687/729] Replayed ContextCalculus.ELResidualCertificate
info: ContextCalculus/ELResidualCertificate.lean:505:0: 'ContextCalculus.ELCompletion.entailsSubWithResidual_iff_materialized' depends on axioms: [propext,
 Classical.choice,
 Quot.sound]
info: ContextCalculus/ELResidualCertificate.lean:506:0: 'ContextCalculus.ELCompletion.unsatisfiableWithResidual_iff_materialized' depends on axioms: [propext,
 Classical.choice,
 Quot.sound]
info: ContextCalculus/ELResidualCertificate.lean:507:0: 'ContextCalculus.ELCompletion.entailsSubWithResidual_iff_materialized_on' depends on axioms: [propext,
 Classical.choice,
 Quot.sound]
info: ContextCalculus/ELResidualCertificate.lean:508:0: 'ContextCalculus.ELCompletion.unsatisfiableWithResidual_iff_materialized_on' depends on axioms: [propext,
 Classical.choice,
 Quot.sound]
info: ContextCalculus/ELResidualCertificate.lean:509:0: 'ContextCalculus.ELCompletion.entailsSubWithResidual_iff_finiteMaterialized' depends on axioms: [propext,
 Classical.choice,
 Quot.sound]
info: ContextCalculus/ELResidualCertificate.lean:510:0: 'ContextCalculus.ELCompletion.unsatisfiableWithResidual_iff_finiteMaterialized' depends on axioms: [propext,
 Classical.choice,
 Quot.sound]
⚠ [688/729] Replayed ContextCalculus.ELResidualCompilation
info: ContextCalculus/ELResidualCompilation.lean:147:0: 'ContextCalculus.ELCompletion.modelsRawResidual_liftSource_iff' depends on axioms: [propext, Quot.sound]
warning: ContextCalculus/ELResidualCompilation.lean:380:23: This simp argument is unused:
  decide_eq_true_eq

Hint: Omit it from the simp argument list.
  simp only [checkResidualPins, Bool.and_eq_true, List.all_eq_true, L̵i̵s̵t̵.̵m̵e̵m̵_̵f̵i̵n̵R̵a̵n̵g̵e̵,̵ ̵d̵e̵c̵i̵d̵e̵_̵e̵q̵_̵t̵r̵u̵e̵_̵e̵q̵]̵L̲i̲s̲t̲.̲m̲e̲m̲_̲f̲i̲n̲R̲a̲n̲g̲e̲]̲

Note: This linter can be disabled with `set_option linter.unusedSimpArgs false`
warning: ContextCalculus/ELResidualCompilation.lean:410:29: This simp argument is unused:
  horigin

Hint: Omit it from the simp argument list.
  simp ̵[̵h̵o̵r̵i̵g̵i̵n̵]̵

Note: This linter can be disabled with `set_option linter.unusedSimpArgs false`
info: ContextCalculus/ELResidualCompilation.lean:547:0: 'ContextCalculus.ELCompletion.ResidualCompilationEvidence.compiled_implies_raw' depends on axioms: [propext, Quot.sound]
info: ContextCalculus/ELResidualCompilation.lean:548:0: 'ContextCalculus.ELCompletion.residualCompilationTheory_compiled_implies_raw' depends on axioms: [propext, Quot.sound]
⚠ [689/729] Replayed ContextCalculus.ELResidualWitness
warning: ContextCalculus/ELResidualWitness.lean:47:38: This simp argument is unused:
  satRawAtom

Hint: Omit it from the simp argument list.
  simp [rawExistentialRoleClause, s̵a̵t̵R̵a̵w̵A̵t̵o̵m̵,̵ ̵evalRawTerm, canonOn]

Note: This linter can be disabled with `set_option linter.unusedSimpArgs false`
warning: ContextCalculus/ELResidualWitness.lean:47:50: This simp argument is unused:
  evalRawTerm

Hint: Omit it from the simp argument list.
  simp [rawExistentialRoleClause, satRawAtom, e̵v̵a̵l̵R̵a̵w̵T̵e̵r̵m̵,̵ ̵canonOn]

Note: This linter can be disabled with `set_option linter.unusedSimpArgs false`
warning: ContextCalculus/ELResidualWitness.lean:47:63: This simp argument is unused:
  canonOn

Hint: Omit it from the simp argument list.
  simp [rawExistentialRoleClause, satRawAtom, evalRawTerm,̵ ̵c̵a̵n̵o̵n̵O̵n̵]

Note: This linter can be disabled with `set_option linter.unusedSimpArgs false`
warning: ContextCalculus/ELResidualWitness.lean:56:40: This simp argument is unused:
  satRawAtom

Hint: Omit it from the simp argument list.
  simp [rawExistentialFillerClause, s̵a̵t̵R̵a̵w̵A̵t̵o̵m̵,̵ ̵evalRawTerm, canonOn]

Note: This linter can be disabled with `set_option linter.unusedSimpArgs false`
warning: ContextCalculus/ELResidualWitness.lean:56:52: This simp argument is unused:
  evalRawTerm

Hint: Omit it from the simp argument list.
  simp [rawExistentialFillerClause, satRawAtom, e̵v̵a̵l̵R̵a̵w̵T̵e̵r̵m̵,̵ ̵canonOn]

Note: This linter can be disabled with `set_option linter.unusedSimpArgs false`
warning: ContextCalculus/ELResidualWitness.lean:56:65: This simp argument is unused:
  canonOn

Hint: Omit it from the simp argument list.
  simp [rawExistentialFillerClause, satRawAtom, evalRawTerm,̵ ̵c̵a̵n̵o̵n̵O̵n̵]

Note: This linter can be disabled with `set_option linter.unusedSimpArgs false`
warning: ContextCalculus/ELResidualWitness.lean:167:38: This simp argument is unused:
  satRawAtom

Hint: Omit it from the simp argument list.
  simp [rawExistentialRoleClause, s̵a̵t̵R̵a̵w̵A̵t̵o̵m̵,̵ ̵evalRawTerm, materializedCanon]

Note: This linter can be disabled with `set_option linter.unusedSimpArgs false`
warning: ContextCalculus/ELResidualWitness.lean:167:50: This simp argument is unused:
  evalRawTerm

Hint: Omit it from the simp argument list.
  simp [rawExistentialRoleClause, satRawAtom, e̵v̵a̵l̵R̵a̵w̵T̵e̵r̵m̵,̵ ̵materializedCanon]

Note: This linter can be disabled with `set_option linter.unusedSimpArgs false`
warning: ContextCalculus/ELResidualWitness.lean:167:63: This simp argument is unused:
  materializedCanon

Hint: Omit it from the simp argument list.
  simp [rawExistentialRoleClause, satRawAtom, evalRawTerm,̵ ̵m̵a̵t̵e̵r̵i̵a̵l̵i̵z̵e̵d̵C̵a̵n̵o̵n̵]

Note: This linter can be disabled with `set_option linter.unusedSimpArgs false`
warning: ContextCalculus/ELResidualWitness.lean:176:40: This simp argument is unused:
  satRawAtom

Hint: Omit it from the simp argument list.
  simp [rawExistentialFillerClause, s̵a̵t̵R̵a̵w̵A̵t̵o̵m̵,̵ ̵evalRawTerm, materializedCanon]

Note: This linter can be disabled with `set_option linter.unusedSimpArgs false`
warning: ContextCalculus/ELResidualWitness.lean:176:52: This simp argument is unused:
  evalRawTerm

Hint: Omit it from the simp argument list.
  simp [rawExistentialFillerClause, satRawAtom, e̵v̵a̵l̵R̵a̵w̵T̵e̵r̵m̵,̵ ̵materializedCanon]

Note: This linter can be disabled with `set_option linter.unusedSimpArgs false`
warning: ContextCalculus/ELResidualWitness.lean:176:65: This simp argument is unused:
  materializedCanon

Hint: Omit it from the simp argument list.
  simp [rawExistentialFillerClause, satRawAtom, evalRawTerm,̵ ̵m̵a̵t̵e̵r̵i̵a̵l̵i̵z̵e̵d̵C̵a̵n̵o̵n̵]

Note: This linter can be disabled with `set_option linter.unusedSimpArgs false`
info: ContextCalculus/ELResidualWitness.lean:326:0: 'ContextCalculus.ELCompletion.canonOn_rewrittenExistential_satisfies_raw' depends on axioms: [propext]
info: ContextCalculus/ELResidualWitness.lean:327:0: 'ContextCalculus.ELCompletion.canonOn_witnessRecords_satisfy_raw' depends on axioms: [propext, Quot.sound]
info: ContextCalculus/ELResidualWitness.lean:328:0: 'ContextCalculus.ELCompletion.canonOn_partitionedRawOntology_satisfies_source' depends on axioms: [propext, Quot.sound]
info: ContextCalculus/ELResidualWitness.lean:329:0: 'ContextCalculus.ELCompletion.materialized_rewrittenExistential_satisfies_raw' depends on axioms: [propext]
info: ContextCalculus/ELResidualWitness.lean:330:0: 'ContextCalculus.ELCompletion.materialized_witnessRecords_satisfy_raw' depends on axioms: [propext, Quot.sound]
info: ContextCalculus/ELResidualWitness.lean:331:0: 'ContextCalculus.ELCompletion.materialized_partitionedRawOntology_satisfies_source' depends on axioms: [propext,
 Quot.sound]
⚠ [690/729] Replayed ContextCalculus.ELCompletionWire
warning: ContextCalculus/ELCompletionWire.lean:252:5: unused variable `horigins`

Note: This linter can be disabled with `set_option linter.unusedVariables false`
info: ContextCalculus/ELCompletionWire.lean:304:0: 'ContextCalculus.ELCompletion.DecodedResidualCompilation.check_iff' depends on axioms: [propext,
 Classical.choice,
 Quot.sound]
warning: ContextCalculus/ELCompletionWire.lean:403:61: try 'simp' instead of 'simpa'

Note: This linter can be disabled with `set_option linter.unnecessarySimpa false`
warning: ContextCalculus/ELCompletionWire.lean:407:30: try 'simp' instead of 'simpa'

Note: This linter can be disabled with `set_option linter.unnecessarySimpa false`
warning: ContextCalculus/ELCompletionWire.lean:409:31: try 'simp' instead of 'simpa'

Note: This linter can be disabled with `set_option linter.unnecessarySimpa false`
warning: ContextCalculus/ELCompletionWire.lean:469:66: This simp argument is unused:
  eq_comm

Hint: Omit it from the simp argument list.
  simp [Clause.mentionsConcept, Clause.concepts,̵ ̵e̵q̵_̵c̵o̵m̵m̵]

Note: This linter can be disabled with `set_option linter.unusedSimpArgs false`
info: ContextCalculus/ELCompletionWire.lean:729:0: 'ContextCalculus.ELCompletion.DecodedCertificate.origin_entails_iff' depends on axioms: [propext,
 Classical.choice,
 Quot.sound]
info: ContextCalculus/ELCompletionWire.lean:730:0: 'ContextCalculus.ELCompletion.DecodedCertificate.origin_unsatisfiable_iff' depends on axioms: [propext,
 Classical.choice,
 Quot.sound]
info: ContextCalculus/ELCompletionWire.lean:1400:0: 'ContextCalculus.ELCompletion.DecodedCertificate.residualModel_sat_iff' depends on axioms: [propext, Quot.sound]
info: ContextCalculus/ELCompletionWire.lean:1401:0: 'ContextCalculus.ELCompletion.DecodedCertificate.checkFiniteResiduals_compiled' depends on axioms: [propext,
 Classical.choice,
 Quot.sound]
info: ContextCalculus/ELCompletionWire.lean:1402:0: 'ContextCalculus.ELCompletion.DecodedCertificate.checkFiniteResiduals_evidence' depends on axioms: [propext,
 Classical.choice,
 Quot.sound]
info: ContextCalculus/ELCompletionWire.lean:1483:0: 'ContextCalculus.ELCompletion.DecodedCertificate.checkPartitionedNormalization_direct_models' depends on axioms: [propext,
 Quot.sound]
info: ContextCalculus/ELCompletionWire.lean:1652:0: 'ContextCalculus.ELCompletion.DecodedCertificate.residualCompilation_valid' depends on axioms: [propext,
 Classical.choice,
 Quot.sound]
info: ContextCalculus/ELCompletionWire.lean:1982:0: 'ContextCalculus.ELCompletion.DecodedCertificate.checkV5_sourceResidual_holds' depends on axioms: [propext,
 Classical.choice,
 Quot.sound]
info: ContextCalculus/ELCompletionWire.lean:1983:0: 'ContextCalculus.ELCompletion.DecodedCertificate.checkV5_entailsSubWithResidual_exact' depends on axioms: [propext,
 Classical.choice,
 Quot.sound]
info: ContextCalculus/ELCompletionWire.lean:1984:0: 'ContextCalculus.ELCompletion.DecodedCertificate.checkV5_unsatisfiableWithResidual_exact' depends on axioms: [propext,
 Classical.choice,
 Quot.sound]
info: ContextCalculus/ELCompletionWire.lean:1985:0: 'ContextCalculus.ELCompletion.DecodedCertificate.public_subsumption_sound_source' depends on axioms: [propext,
 Classical.choice,
 Quot.sound]
info: ContextCalculus/ELCompletionWire.lean:1986:0: 'ContextCalculus.ELCompletion.DecodedCertificate.public_subsumption_complete_source_of_satisfiable' depends on axioms: [propext,
 Classical.choice,
 Quot.sound]
info: ContextCalculus/ELCompletionWire.lean:1987:0: 'ContextCalculus.ELCompletion.DecodedCertificate.public_subsumption_exact' depends on axioms: [propext,
 Classical.choice,
 Quot.sound]
info: ContextCalculus/ELCompletionWire.lean:1988:0: 'ContextCalculus.ELCompletion.DecodedCertificate.public_subsumption_source_exact' depends on axioms: [propext,
 Classical.choice,
 Quot.sound]
info: ContextCalculus/ELCompletionWire.lean:1989:0: 'ContextCalculus.ELCompletion.DecodedCertificate.public_inconsistent_source_exact' depends on axioms: [propext,
 Classical.choice,
 Quot.sound]
ℹ [691/729] Replayed ContextCalculus.ELCompletionPublication
info: ContextCalculus/ELCompletionPublication.lean:73:0: 'ContextCalculus.ELCompletion.DecodedCertificate.checkV5_publication_semantics' depends on axioms: [propext,
 Classical.choice,
 Quot.sound]
ℹ [692/729] Replayed ContextCalculus.ELCompletionExecutablePublication
info: ContextCalculus/ELCompletionExecutablePublication.lean:27:0: 'ContextCalculus.ELCompletion.WireCertificate.check_publication_semantics' depends on axioms: [propext,
 Classical.choice,
 Quot.sound]
ℹ [693/729] Replayed ContextCalculus.Hypertableau
info: ContextCalculus/Hypertableau.lean:502:0: 'ContextCalculus.Hypertableau.State.realized_clashFree' does not depend on any axioms
info: ContextCalculus/Hypertableau.lean:503:0: 'ContextCalculus.Hypertableau.State.clash_sound' does not depend on any axioms
info: ContextCalculus/Hypertableau.lean:504:0: 'ContextCalculus.Hypertableau.State.realized_obligation_witness' does not depend on any axioms
info: ContextCalculus/Hypertableau.lean:505:0: 'ContextCalculus.Hypertableau.State.materializeWitness_realized' depends on axioms: [propext,
 Classical.choice,
 Quot.sound]
info: ContextCalculus/Hypertableau.lean:506:0: 'ContextCalculus.Hypertableau.hyper_unit_sound' depends on axioms: [propext]
info: ContextCalculus/Hypertableau.lean:507:0: 'ContextCalculus.Hypertableau.hyper_branch_sound' does not depend on any axioms
info: ContextCalculus/Hypertableau.lean:508:0: 'ContextCalculus.Hypertableau.State.assertAtom_realized' depends on axioms: [propext]
info: ContextCalculus/Hypertableau.lean:509:0: 'ContextCalculus.Hypertableau.Refutes.sound' depends on axioms: [propext, Classical.choice, Quot.sound]
info: ContextCalculus/Hypertableau.lean:510:0: 'ContextCalculus.Hypertableau.canonical_models_of_saturated' does not depend on any axioms
info: ContextCalculus/Hypertableau.lean:511:0: 'ContextCalculus.Hypertableau.saturated_branch_satisfiable' does not depend on any axioms
info: ContextCalculus/Hypertableau.lean:512:0: 'ContextCalculus.Hypertableau.no_saturated_branch_of_no_model' does not depend on any axioms
ℹ [694/729] Replayed ContextCalculus.HypertableauEqualityNormalization
info: ContextCalculus/HypertableauEqualityNormalization.lean:220:0: 'ContextCalculus.Hypertableau.BodyEqualityNormalization.modelsClause_iff' depends on axioms: [propext, Quot.sound]
info: ContextCalculus/HypertableauEqualityNormalization.lean:221:0: 'ContextCalculus.Hypertableau.BodyEqualityNormalization.models_iff' depends on axioms: [propext, Quot.sound]
info: ContextCalculus/HypertableauEqualityNormalization.lean:222:0: 'ContextCalculus.Hypertableau.OntologyEqualityNormalization.models_iff' depends on axioms: [propext, Quot.sound]
info: ContextCalculus/HypertableauEqualityNormalization.lean:223:0: 'ContextCalculus.Hypertableau.ModelEquivalent.entailsSub_iff' does not depend on any axioms
info: ContextCalculus/HypertableauEqualityNormalization.lean:224:0: 'ContextCalculus.Hypertableau.ModelEquivalent.unsatisfiableConcept_iff' does not depend on any axioms
info: ContextCalculus/HypertableauEqualityNormalization.lean:225:0: 'ContextCalculus.Hypertableau.ModelEquivalent.satisfiable_iff' does not depend on any axioms
ℹ [695/729] Replayed ContextCalculus.HypertableauCertificate
info: ContextCalculus/HypertableauCertificate.lean:324:0: 'ContextCalculus.Hypertableau.FiniteSatCertificate.checkSat_sound' depends on axioms: [propext, Quot.sound]
info: ContextCalculus/HypertableauCertificate.lean:325:0: 'ContextCalculus.Hypertableau.FiniteSatCertificate.checkSat_complete' depends on axioms: [propext,
 Classical.choice,
 Quot.sound]
info: ContextCalculus/HypertableauCertificate.lean:326:0: 'ContextCalculus.Hypertableau.FiniteSatCertificate.checkSat_eq_true_iff_valid' depends on axioms: [propext,
 Classical.choice,
 Quot.sound]
info: ContextCalculus/HypertableauCertificate.lean:327:0: 'ContextCalculus.Hypertableau.FiniteSatCertificate.checkSat_models' depends on axioms: [propext, Quot.sound]
info: ContextCalculus/HypertableauCertificate.lean:328:0: 'ContextCalculus.Hypertableau.FiniteSatCertificate.checkSat_satisfiable' depends on axioms: [propext, Quot.sound]
info: ContextCalculus/HypertableauCertificate.lean:329:0: 'ContextCalculus.Hypertableau.FiniteSatCertificate.checkSat_not_entailsSub' depends on axioms: [propext, Quot.sound]
info: ContextCalculus/HypertableauCertificate.lean:330:0: 'ContextCalculus.Hypertableau.FiniteSatCertificate.checkSat_not_unsatisfiableConcept' depends on axioms: [propext,
 Quot.sound]
⚠ [696/729] Replayed ContextCalculus.HypertableauRefutationCertificate
warning: ContextCalculus/HypertableauRefutationCertificate.lean:312:12: try 'simp' instead of 'simpa'

Note: This linter can be disabled with `set_option linter.unnecessarySimpa false`
warning: ContextCalculus/HypertableauRefutationCertificate.lean:328:14: try 'simp' instead of 'simpa'

Note: This linter can be disabled with `set_option linter.unnecessarySimpa false`
info: ContextCalculus/HypertableauRefutationCertificate.lean:515:0: 'ContextCalculus.Hypertableau.FiniteRefutationTree.check_sound' depends on axioms: [propext, Quot.sound]
info: ContextCalculus/HypertableauRefutationCertificate.lean:516:0: 'ContextCalculus.Hypertableau.Refutes.exists_checked_tree' depends on axioms: [propext, Quot.sound]
info: ContextCalculus/HypertableauRefutationCertificate.lean:517:0: 'ContextCalculus.Hypertableau.FiniteSatCertificate.refutes_iff_exists_checked_tree' depends on axioms: [propext,
 Quot.sound]
info: ContextCalculus/HypertableauRefutationCertificate.lean:518:0: 'ContextCalculus.Hypertableau.FiniteRefutationTree.check_unsatisfiable' depends on axioms: [propext,
 Classical.choice,
 Quot.sound]
info: ContextCalculus/HypertableauRefutationCertificate.lean:519:0: 'ContextCalculus.Hypertableau.FiniteRefutationTree.check_ontology_unsatisfiable' depends on axioms: [propext,
 Classical.choice,
 Quot.sound]
info: ContextCalculus/HypertableauRefutationCertificate.lean:520:0: 'ContextCalculus.Hypertableau.FiniteRefutationTree.check_subsumption' depends on axioms: [propext,
 Classical.choice,
 Quot.sound]
info: ContextCalculus/HypertableauRefutationCertificate.lean:521:0: 'ContextCalculus.Hypertableau.FiniteRefutationTree.check_unsatisfiable_concept' depends on axioms: [propext,
 Classical.choice,
 Quot.sound]
⚠ [697/729] Replayed ContextCalculus.HypertableauWire
warning: ContextCalculus/HypertableauWire.lean:212:4: try 'simp' instead of 'simpa'

Note: This linter can be disabled with `set_option linter.unnecessarySimpa false`
info: ContextCalculus/HypertableauWire.lean:511:0: 'ContextCalculus.Hypertableau.WireCertificate.check_sound' depends on axioms: [propext, Classical.choice, Quot.sound]
info: ContextCalculus/HypertableauWire.lean:708:0: 'ContextCalculus.Hypertableau.DecodedEvidence.sat_sound' depends on axioms: [propext, Classical.choice, Quot.sound]
info: ContextCalculus/HypertableauWire.lean:709:0: 'ContextCalculus.Hypertableau.checkedFin_value' depends on axioms: [propext]
info: ContextCalculus/HypertableauWire.lean:710:0: 'ContextCalculus.Hypertableau.finCast_transport_back' does not depend on any axioms
info: ContextCalculus/HypertableauWire.lean:711:0: 'ContextCalculus.Hypertableau.checkedFin_value_list' depends on axioms: [propext, Quot.sound]
info: ContextCalculus/HypertableauWire.lean:712:0: 'ContextCalculus.Hypertableau.decodeAssignment_encode' depends on axioms: [propext, Quot.sound]
info: ContextCalculus/HypertableauWire.lean:713:0: 'ContextCalculus.Hypertableau.WireLit.decode_encode' depends on axioms: [propext, Quot.sound]
info: ContextCalculus/HypertableauWire.lean:714:0: 'ContextCalculus.Hypertableau.WireAtom.decode_encode' depends on axioms: [propext, Quot.sound]
info: ContextCalculus/HypertableauWire.lean:715:0: 'ContextCalculus.Hypertableau.WireAtom.decode_encode_list' depends on axioms: [propext, Quot.sound]
info: ContextCalculus/HypertableauWire.lean:716:0: 'ContextCalculus.Hypertableau.WireClause.decode_encode' depends on axioms: [propext, Quot.sound]
info: ContextCalculus/HypertableauWire.lean:717:0: 'ContextCalculus.Hypertableau.WireClause.decode_encode_list' depends on axioms: [propext, Quot.sound]
info: ContextCalculus/HypertableauWire.lean:718:0: 'ContextCalculus.Hypertableau.DecodedEvidence.unsat_sound' depends on axioms: [propext, Classical.choice, Quot.sound]
info: ContextCalculus/HypertableauWire.lean:719:0: 'ContextCalculus.Hypertableau.DecodedEvidence.subsumption_sound' depends on axioms: [propext,
 Classical.choice,
 Quot.sound]
info: ContextCalculus/HypertableauWire.lean:720:0: 'ContextCalculus.Hypertableau.DecodedEvidence.unsatisfiableConcept_sound' depends on axioms: [propext,
 Classical.choice,
 Quot.sound]
info: ContextCalculus/HypertableauWire.lean:721:0: 'ContextCalculus.Hypertableau.DecodedEvidence.nonSubsumption_sound' depends on axioms: [propext,
 Classical.choice,
 Quot.sound]
info: ContextCalculus/HypertableauWire.lean:722:0: 'ContextCalculus.Hypertableau.DecodedEvidence.satisfiableConcept_sound' depends on axioms: [propext,
 Classical.choice,
 Quot.sound]
ℹ [741/831] Replayed ContextCalculus.HypertableauBlockingCertificate
info: ContextCalculus/HypertableauBlockingCertificate.lean:215:0: 'ContextCalculus.Hypertableau.FiniteFoldCertificate.check_satisfiable' depends on axioms: [propext, Quot.sound]
info: ContextCalculus/HypertableauBlockingCertificate.lean:216:0: 'ContextCalculus.Hypertableau.FiniteFoldCertificate.check_eq_true_iff_materialize_valid' depends on axioms: [propext,
 Classical.choice,
 Quot.sound]
info: ContextCalculus/HypertableauBlockingCertificate.lean:217:0: 'ContextCalculus.Hypertableau.FiniteFoldCertificate.check_complete' depends on axioms: [propext,
 Classical.choice,
 Quot.sound]
info: ContextCalculus/HypertableauBlockingCertificate.lean:218:0: 'ContextCalculus.Hypertableau.FiniteFoldCertificate.check_complete_of' depends on axioms: [propext,
 Classical.choice,
 Quot.sound]
info: ContextCalculus/HypertableauBlockingCertificate.lean:219:0: 'ContextCalculus.Hypertableau.State.blocks_preserve_canonical_label' does not depend on any axioms
info: ContextCalculus/HypertableauBlockingCertificate.lean:220:0: 'ContextCalculus.Hypertableau.State.exists_blocker_on_long_path' depends on axioms: [propext,
 Classical.choice,
 Quot.sound]
⚠ [3323/3356] Replayed ContextCalculus.Termination
warning: ContextCalculus/Termination.lean:91:0: automatically included section variable(s) unused in theorem `ContextCalculus.Termination.context_branch_bound`:
  [DecidableEq CN]
consider restructuring your `variable` declarations so that the variables are not in scope or explicitly omit them:
  omit [DecidableEq CN] in theorem ...

Note: This linter can be disabled with `set_option linter.unusedSectionVars false`
⚠ [3324/3356] Replayed ContextCalculus.HypertableauTermination
warning: ContextCalculus/HypertableauTermination.lean:127:10: `push_neg` has been deprecated. Prefer using `push Not` instead.
If you'd rather continue using `push_neg` in your project, you can implement it as follows:
```
open Lean.Parser.Tactic in
macro "push_neg" cfg:optConfig loc:(location)? : tactic =>
  `(tactic| push $cfg:optConfig Not $[$loc]?)
```
info: ContextCalculus/HypertableauTermination.lean:133:0: 'ContextCalculus.Hypertableau.no_infinite_strict_branch_growth' depends on axioms: [propext,
 Classical.choice,
 Quot.sound]
info: ContextCalculus/HypertableauTermination.lean:134:0: 'ContextCalculus.Hypertableau.finite_branch_progress_traces' depends on axioms: [propext, Classical.choice, Quot.sound]
info: ContextCalculus/HypertableauTermination.lean:135:0: 'ContextCalculus.Hypertableau.strictGrowth_wellFounded' depends on axioms: [propext, Quot.sound]
info: ContextCalculus/HypertableauTermination.lean:136:0: 'ContextCalculus.Hypertableau.finite_exhaustive_search_total' depends on axioms: [propext, Classical.choice, Quot.sound]
ℹ [3325/3356] Replayed ContextCalculus.HypertableauTerminal
info: ContextCalculus/HypertableauTerminal.lean:121:0: 'ContextCalculus.Hypertableau.State.clashFree_of_noClash' does not depend on any axioms
info: ContextCalculus/HypertableauTerminal.lean:122:0: 'ContextCalculus.Hypertableau.State.witnessComplete_of_noUnwitnessed' depends on axioms: [propext,
 Classical.choice,
 Quot.sound]
info: ContextCalculus/HypertableauTerminal.lean:123:0: 'ContextCalculus.Hypertableau.State.saturatedFor_of_noUndischarged' depends on axioms: [propext,
 Classical.choice,
 Quot.sound]
info: ContextCalculus/HypertableauTerminal.lean:124:0: 'ContextCalculus.Hypertableau.exhaustive_terminal_models' depends on axioms: [propext, Classical.choice, Quot.sound]
info: ContextCalculus/HypertableauTerminal.lean:125:0: 'ContextCalculus.Hypertableau.terminal_search_dichotomy' depends on axioms: [propext, Classical.choice, Quot.sound]
info: ContextCalculus/HypertableauTerminal.lean:126:0: 'ContextCalculus.Hypertableau.finite_exhaustive_ht_complete' depends on axioms: [propext, Classical.choice, Quot.sound]
⚠ [3326/3356] Replayed ContextCalculus.HypertableauSearch
warning: ContextCalculus/HypertableauSearch.lean:124:60: try 'simp' instead of 'simpa'

Note: This linter can be disabled with `set_option linter.unnecessarySimpa false`
warning: ContextCalculus/HypertableauSearch.lean:126:2: `push_neg` has been deprecated. Prefer using `push Not` instead.
If you'd rather continue using `push_neg` in your project, you can implement it as follows:
```
open Lean.Parser.Tactic in
macro "push_neg" cfg:optConfig loc:(location)? : tactic =>
  `(tactic| push $cfg:optConfig Not $[$loc]?)
```
info: ContextCalculus/HypertableauSearch.lean:378:0: 'ContextCalculus.Hypertableau.ExhaustiveStep.refutes_of_children' depends on axioms: [propext, Quot.sound]
info: ContextCalculus/HypertableauSearch.lean:379:0: 'ContextCalculus.Hypertableau.FirstObstructionStep.exhaustiveStep' depends on axioms: [propext]
info: ContextCalculus/HypertableauSearch.lean:380:0: 'ContextCalculus.Hypertableau.FirstObstructionStep.children_strictGrowth' depends on axioms: [propext,
 Classical.choice,
 Quot.sound]
info: ContextCalculus/HypertableauSearch.lean:381:0: 'ContextCalculus.Hypertableau.State.guardedFacts_assertAtom_ssubset' depends on axioms: [propext,
 Classical.choice,
 Quot.sound]
info: ContextCalculus/HypertableauSearch.lean:382:0: 'ContextCalculus.Hypertableau.State.guardedFacts_materializeWitness_ssubset' depends on axioms: [propext,
 Classical.choice,
 Quot.sound]
info: ContextCalculus/HypertableauSearch.lean:383:0: 'ContextCalculus.Hypertableau.stateOfGuardedFacts_guardedFacts' depends on axioms: [propext,
 Classical.choice,
 Quot.sound]
info: ContextCalculus/HypertableauSearch.lean:384:0: 'ContextCalculus.Hypertableau.State.stateOfGuardedFacts_guardedFacts' depends on axioms: [propext,
 Classical.choice,
 Quot.sound]
info: ContextCalculus/HypertableauSearch.lean:385:0: 'ContextCalculus.Hypertableau.State.exists_fresh_of_activeNodes_card_lt' depends on axioms: [propext,
 Classical.choice,
 Quot.sound]
info: ContextCalculus/HypertableauSearch.lean:386:0: 'ContextCalculus.Hypertableau.State.fresh_iff_not_mem_activeNodes' depends on axioms: [propext,
 Classical.choice,
 Quot.sound]
info: ContextCalculus/HypertableauSearch.lean:387:0: 'ContextCalculus.Hypertableau.obstruction_has_exhaustive_step' depends on axioms: [propext]
info: ContextCalculus/HypertableauSearch.lean:388:0: 'ContextCalculus.Hypertableau.finite_concrete_ht_complete' depends on axioms: [propext, Classical.choice, Quot.sound]
info: ContextCalculus/HypertableauSearch.lean:389:0: 'ContextCalculus.Hypertableau.finite_guarded_fact_ht_complete' depends on axioms: [propext,
 Classical.choice,
 Quot.sound]
ℹ [3327/3356] Replayed ContextCalculus.HypertableauRoleBlocking
info: ContextCalculus/HypertableauRoleBlocking.lean:559:0: 'ContextCalculus.Hypertableau.State.roleBlockingSignature_blocks' depends on axioms: [propext,
 Classical.choice,
 Quot.sound]
info: ContextCalculus/HypertableauRoleBlocking.lean:560:0: 'ContextCalculus.Hypertableau.State.roleBlockingSignature_parent_context' depends on axioms: [propext,
 Classical.choice,
 Quot.sound]
info: ContextCalculus/HypertableauRoleBlocking.lean:561:0: 'ContextCalculus.Hypertableau.State.exists_role_blocker_on_long_path' depends on axioms: [propext,
 Classical.choice,
 Quot.sound]
info: ContextCalculus/HypertableauRoleBlocking.lean:562:0: 'ContextCalculus.Hypertableau.role_blocked_node_universe_finite' depends on axioms: [propext,
 Classical.choice,
 Quot.sound]
info: ContextCalculus/HypertableauRoleBlocking.lean:563:0: 'ContextCalculus.Hypertableau.node_card_le_witnessAddress_of_injective' depends on axioms: [propext,
 Classical.choice,
 Quot.sound]
info: ContextCalculus/HypertableauRoleBlocking.lean:564:0: 'ContextCalculus.Hypertableau.node_card_le_rootedRoleBlockedAddress_of_injective' depends on axioms: [propext,
 Classical.choice,
 Quot.sound]
info: ContextCalculus/HypertableauRoleBlocking.lean:565:0: 'ContextCalculus.Hypertableau.no_full_frontier_beyond_witnessAddress' depends on axioms: [propext,
 Classical.choice,
 Quot.sound]
info: ContextCalculus/HypertableauRoleBlocking.lean:566:0: 'ContextCalculus.Hypertableau.no_full_frontier_beyond_rootedRoleBlockedAddress' depends on axioms: [propext,
 Classical.choice,
 Quot.sound]
info: ContextCalculus/HypertableauRoleBlocking.lean:567:0: 'ContextCalculus.Hypertableau.exists_mode6_doubling_budget_gt' depends on axioms: [propext, Quot.sound]
info: ContextCalculus/HypertableauRoleBlocking.lean:568:0: 'ContextCalculus.Hypertableau.mode6_doubling_eventually_not_frontier' depends on axioms: [propext,
 Classical.choice,
 Quot.sound]
info: ContextCalculus/HypertableauRoleBlocking.lean:569:0: 'ContextCalculus.Hypertableau.role_blocked_doubling_eventually_not_frontier' depends on axioms: [propext,
 Classical.choice,
 Quot.sound]
info: ContextCalculus/HypertableauRoleBlocking.lean:570:0: 'ContextCalculus.Hypertableau.State.fresh_extended_roleBlockedAddress' depends on axioms: [propext,
 Classical.choice,
 Quot.sound]
info: ContextCalculus/HypertableauRoleBlocking.lean:571:0: 'ContextCalculus.Hypertableau.State.fresh_extended_rootedRoleBlockedAddress' depends on axioms: [propext,
 Classical.choice,
 Quot.sound]
info: ContextCalculus/HypertableauRoleBlocking.lean:572:0: 'ContextCalculus.Hypertableau.State.atWitnessAddresses_obligationAddressInvariant' depends on axioms: [propext,
 Classical.choice,
 Quot.sound]
info: ContextCalculus/HypertableauRoleBlocking.lean:573:0: 'ContextCalculus.Hypertableau.State.exists_fresh_of_unwitnessed_of_obligationAddressInvariant' depends on axioms: [propext,
 Classical.choice,
 Quot.sound]
info: ContextCalculus/HypertableauRoleBlocking.lean:574:0: 'ContextCalculus.Hypertableau.State.obstruction_has_addressed_exhaustive_step' depends on axioms: [propext,
 Classical.choice,
 Quot.sound]
info: ContextCalculus/HypertableauRoleBlocking.lean:575:0: 'ContextCalculus.Hypertableau.State.no_overlong_mode6_expansion' depends on axioms: [propext,
 Classical.choice,
 Quot.sound]
info: ContextCalculus/HypertableauRoleBlocking.lean:576:0: 'ContextCalculus.Hypertableau.State.roleBlockingDepth_lt_of_signature_injective' depends on axioms: [propext,
 Classical.choice,
 Quot.sound]
ℹ [3328/3356] Replayed ContextCalculus.HypertableauBlockedSearch
info: ContextCalculus/HypertableauBlockedSearch.lean:139:0: 'ContextCalculus.Hypertableau.hasModel_of_hasCheckedFoldModel' depends on axioms: [propext, Quot.sound]
info: ContextCalculus/HypertableauBlockedSearch.lean:140:0: 'ContextCalculus.Hypertableau.BoundedSearchOutcome.semantic_or_frontier' depends on axioms: [propext, Quot.sound]
info: ContextCalculus/HypertableauBlockedSearch.lean:141:0: 'ContextCalculus.Hypertableau.finite_exhaustive_ht_complete_with_checked_folds' depends on axioms: [propext,
 Classical.choice,
 Quot.sound]
info: ContextCalculus/HypertableauBlockedSearch.lean:142:0: 'ContextCalculus.Hypertableau.finite_first_obstruction_ht_decides' depends on axioms: [propext,
 Classical.choice,
 Quot.sound]
ℹ [3329/3356] Replayed ContextCalculus.HypertableauRuntimeSearch
info: ContextCalculus/HypertableauRuntimeSearch.lean:1121:0: 'ContextCalculus.Hypertableau.selectClash_eq_none_iff' depends on axioms: [propext, Classical.choice, Quot.sound]
info: ContextCalculus/HypertableauRuntimeSearch.lean:1122:0: 'ContextCalculus.Hypertableau.selectClash_refutes' depends on axioms: [propext, Classical.choice, Quot.sound]
info: ContextCalculus/HypertableauRuntimeSearch.lean:1123:0: 'ContextCalculus.Hypertableau.selectClauseGrounding_eq_none_iff' depends on axioms: [propext,
 Classical.choice,
 Quot.sound]
info: ContextCalculus/HypertableauRuntimeSearch.lean:1124:0: 'ContextCalculus.Hypertableau.selectClauseGrounding_firstObstructionStep' depends on axioms: [propext,
 Classical.choice,
 Quot.sound]
info: ContextCalculus/HypertableauRuntimeSearch.lean:1125:0: 'ContextCalculus.Hypertableau.selectClauseGrounding_emptyHead_refutes' depends on axioms: [propext,
 Classical.choice,
 Quot.sound]
info: ContextCalculus/HypertableauRuntimeSearch.lean:1126:0: 'ContextCalculus.Hypertableau.selectUnwitnessed_eq_none_iff' depends on axioms: [propext, Classical.choice, Quot.sound]
info: ContextCalculus/HypertableauRuntimeSearch.lean:1127:0: 'ContextCalculus.Hypertableau.selectUnblockedUnwitnessed_eq_none_iff' depends on axioms: [propext,
 Classical.choice,
 Quot.sound]
info: ContextCalculus/HypertableauRuntimeSearch.lean:1128:0: 'ContextCalculus.Hypertableau.selectFreshNode_eq_none_iff' depends on axioms: [propext, Classical.choice, Quot.sound]
info: ContextCalculus/HypertableauRuntimeSearch.lean:1129:0: 'ContextCalculus.Hypertableau.selectUnwitnessed_firstObstructionStep' depends on axioms: [propext,
 Classical.choice,
 Quot.sound]
info: ContextCalculus/HypertableauRuntimeSearch.lean:1130:0: 'ContextCalculus.Hypertableau.selectUnblockedUnwitnessed_firstObstructionStep' depends on axioms: [propext,
 Classical.choice,
 Quot.sound]
info: ContextCalculus/HypertableauRuntimeSearch.lean:1131:0: 'ContextCalculus.Hypertableau.runtimeNext_firstObstructionStep' depends on axioms: [propext,
 Classical.choice,
 Quot.sound]
info: ContextCalculus/HypertableauRuntimeSearch.lean:1132:0: 'ContextCalculus.Hypertableau.runtimeNextBlocked_firstObstructionStep' depends on axioms: [propext,
 Classical.choice,
 Quot.sound]
info: ContextCalculus/HypertableauRuntimeSearch.lean:1133:0: 'ContextCalculus.Hypertableau.clashFirst_runtime_control' depends on axioms: [propext, Classical.choice, Quot.sound]
info: ContextCalculus/HypertableauRuntimeSearch.lean:1134:0: 'ContextCalculus.Hypertableau.runtimeNextBlocked_empty_semantics' depends on axioms: [propext,
 Classical.choice,
 Quot.sound]
info: ContextCalculus/HypertableauRuntimeSearch.lean:1135:0: 'ContextCalculus.Hypertableau.State.BlockedRuntimeTerminal.saturatedFor' depends on axioms: [propext,
 Classical.choice,
 Quot.sound]
info: ContextCalculus/HypertableauRuntimeSearch.lean:1136:0: 'ContextCalculus.Hypertableau.State.blockedRedirectWitnessComplete' depends on axioms: [propext,
 Classical.choice,
 Quot.sound]
info: ContextCalculus/HypertableauRuntimeSearch.lean:1137:0: 'ContextCalculus.Hypertableau.runtimeNext_empty_terminal' depends on axioms: [propext, Classical.choice, Quot.sound]
info: ContextCalculus/HypertableauRuntimeSearch.lean:1138:0: 'ContextCalculus.Hypertableau.runtimeNext_empty_semantics' depends on axioms: [propext, Classical.choice, Quot.sound]
info: ContextCalculus/HypertableauRuntimeSearch.lean:1139:0: 'ContextCalculus.Hypertableau.finite_runtimeNext_decides' depends on axioms: [propext, Classical.choice, Quot.sound]
info: ContextCalculus/HypertableauRuntimeSearch.lean:1140:0: 'ContextCalculus.Hypertableau.finite_runtimeNext_semantic_or_frontier' depends on axioms: [propext,
 Classical.choice,
 Quot.sound]
info: ContextCalculus/HypertableauRuntimeSearch.lean:1141:0: 'ContextCalculus.Hypertableau.finite_runtimeNextBlocked_terminal_or_frontier' depends on axioms: [propext,
 Classical.choice,
 Quot.sound]
ℹ [3330/3356] Replayed ContextCalculus.HypertableauEquality
info: ContextCalculus/HypertableauEquality.lean:274:0: 'ContextCalculus.Hypertableau.EqState.merge_realized' does not depend on any axioms
info: ContextCalculus/HypertableauEquality.lean:275:0: 'ContextCalculus.Hypertableau.EqState.assertAtom_realized' depends on axioms: [propext]
info: ContextCalculus/HypertableauEquality.lean:276:0: 'ContextCalculus.Hypertableau.EqState.hyper_branch_sound' depends on axioms: [propext]
info: ContextCalculus/HypertableauEquality.lean:277:0: 'ContextCalculus.Hypertableau.EqState.materializeWitness_realized' depends on axioms: [propext,
 Classical.choice,
 Quot.sound]
info: ContextCalculus/HypertableauEquality.lean:278:0: 'ContextCalculus.Hypertableau.EqRefutes.sound' depends on axioms: [propext, Classical.choice, Quot.sound]
ℹ [3331/3356] Replayed ContextCalculus.HypertableauEqualityModel
info: ContextCalculus/HypertableauEqualityModel.lean:236:0: 'ContextCalculus.Hypertableau.EqState.closedLabel_congr' does not depend on any axioms
info: ContextCalculus/HypertableauEqualityModel.lean:237:0: 'ContextCalculus.Hypertableau.EqState.closedEdge_congr' does not depend on any axioms
info: ContextCalculus/HypertableauEqualityModel.lean:238:0: 'ContextCalculus.Hypertableau.EqState.realized_closedHoldsAtom' does not depend on any axioms
info: ContextCalculus/HypertableauEqualityModel.lean:239:0: 'ContextCalculus.Hypertableau.EqState.holdsAtom_implies_closedHoldsAtom' depends on axioms: [propext]
info: ContextCalculus/HypertableauEqualityModel.lean:240:0: 'ContextCalculus.Hypertableau.EqState.quotientCanonical_models_of_closed_saturated' depends on axioms: [propext,
 Classical.choice,
 Quot.sound]
⚠ [3332/3356] Replayed ContextCalculus.HypertableauEqualityCertificate
warning: ContextCalculus/HypertableauEqualityCertificate.lean:589:4: try 'simp' instead of 'simpa'

Note: This linter can be disabled with `set_option linter.unnecessarySimpa false`
info: ContextCalculus/HypertableauEqualityCertificate.lean:1450:0: 'ContextCalculus.Hypertableau.FiniteEqCertificate.equalityClosureValidB_sound' depends on axioms: [propext,
 Classical.choice,
 Quot.sound]
info: ContextCalculus/HypertableauEqualityCertificate.lean:1451:0: 'ContextCalculus.Hypertableau.FiniteEqCertificate.quotientClosedHoldsAtomB_eq_true' depends on axioms: [propext,
 Classical.choice,
 Quot.sound]
info: ContextCalculus/HypertableauEqualityCertificate.lean:1452:0: 'ContextCalculus.Hypertableau.FiniteEqCertificate.closedClashB_eq_false_of_closedClashFree' depends on axioms: [propext,
 Classical.choice,
 Quot.sound]
info: ContextCalculus/HypertableauEqualityCertificate.lean:1453:0: 'ContextCalculus.Hypertableau.FiniteEqCertificate.checkEqSat_complete' depends on axioms: [propext,
 Classical.choice,
 Quot.sound]
info: ContextCalculus/HypertableauEqualityCertificate.lean:1454:0: 'ContextCalculus.Hypertableau.FiniteEqCertificate.checkEqSat_eq_true_iff_valid' depends on axioms: [propext,
 Classical.choice,
 Quot.sound]
info: ContextCalculus/HypertableauEqualityCertificate.lean:1455:0: 'ContextCalculus.Hypertableau.FiniteEqCertificate.checkEqSat_models' depends on axioms: [propext,
 Classical.choice,
 Quot.sound]
info: ContextCalculus/HypertableauEqualityCertificate.lean:1456:0: 'ContextCalculus.Hypertableau.FiniteEqCertificate.checkEqSat_realizes' depends on axioms: [propext,
 Classical.choice,
 Quot.sound]
info: ContextCalculus/HypertableauEqualityCertificate.lean:1457:0: 'ContextCalculus.Hypertableau.FiniteEqCertificate.checkEqSat_satisfiable' depends on axioms: [propext,
 Classical.choice,
 Quot.sound]
info: ContextCalculus/HypertableauEqualityCertificate.lean:1458:0: 'ContextCalculus.Hypertableau.FiniteEqCertificate.checkEqSat_not_entailsSub' depends on axioms: [propext,
 Classical.choice,
 Quot.sound]
info: ContextCalculus/HypertableauEqualityCertificate.lean:1459:0: 'ContextCalculus.Hypertableau.FiniteEqCertificate.checkEqSat_not_unsatisfiableConcept' depends on axioms: [propext,
 Classical.choice,
 Quot.sound]
info: ContextCalculus/HypertableauEqualityCertificate.lean:1460:0: 'ContextCalculus.Hypertableau.FiniteEqRefutationTree.check_sound' depends on axioms: [propext,
 Classical.choice,
 Quot.sound]
info: ContextCalculus/HypertableauEqualityCertificate.lean:1461:0: 'ContextCalculus.Hypertableau.EqRefutes.exists_checked_tree' depends on axioms: [propext, Classical.choice, Quot.sound]
info: ContextCalculus/HypertableauEqualityCertificate.lean:1462:0: 'ContextCalculus.Hypertableau.FiniteEqCertificate.refutes_iff_exists_checked_tree' depends on axioms: [propext,
 Classical.choice,
 Quot.sound]
info: ContextCalculus/HypertableauEqualityCertificate.lean:1463:0: 'ContextCalculus.Hypertableau.FiniteEqRefutationTree.check_unsatisfiable' depends on axioms: [propext,
 Classical.choice,
 Quot.sound]
info: ContextCalculus/HypertableauEqualityCertificate.lean:1464:0: 'ContextCalculus.Hypertableau.FiniteEqRefutationTree.check_ontology_unsatisfiable' depends on axioms: [propext,
 Classical.choice,
 Quot.sound]
info: ContextCalculus/HypertableauEqualityCertificate.lean:1465:0: 'ContextCalculus.Hypertableau.FiniteEqRefutationTree.check_subsumption' depends on axioms: [propext,
 Classical.choice,
 Quot.sound]
info: ContextCalculus/HypertableauEqualityCertificate.lean:1466:0: 'ContextCalculus.Hypertableau.FiniteEqRefutationTree.check_unsatisfiable_concept' depends on axioms: [propext,
 Classical.choice,
 Quot.sound]
ℹ [3333/3356] Replayed ContextCalculus.HypertableauEqualityBlocking
info: ContextCalculus/HypertableauEqualityBlocking.lean:166:0: 'ContextCalculus.Hypertableau.EqState.quotientRoleBlockingSignature_label' depends on axioms: [propext,
 Classical.choice,
 Quot.sound]
info: ContextCalculus/HypertableauEqualityBlocking.lean:167:0: 'ContextCalculus.Hypertableau.EqState.quotientRoleBlockingSignature_parent_context' depends on axioms: [propext,
 Classical.choice,
 Quot.sound]
info: ContextCalculus/HypertableauEqualityBlocking.lean:168:0: 'ContextCalculus.Hypertableau.EqState.exists_quotient_role_blocker_on_long_path' depends on axioms: [propext,
 Classical.choice,
 Quot.sound]
info: ContextCalculus/HypertableauEqualityBlocking.lean:169:0: 'ContextCalculus.Hypertableau.EqState.quotientRoleBlockingDepth_lt_of_signature_injective' depends on axioms: [propext,
 Classical.choice,
 Quot.sound]
info: ContextCalculus/HypertableauEqualityBlocking.lean:170:0: 'ContextCalculus.Hypertableau.EqState.no_overlong_quotient_blocking_expansion' depends on axioms: [propext,
 Classical.choice,
 Quot.sound]
⚠ [3334/3356] Replayed ContextCalculus.HypertableauEqualityRuntimeSearch
warning: ContextCalculus/HypertableauEqualityRuntimeSearch.lean:762:10: `push_neg` has been deprecated. Prefer using `push Not` instead.
If you'd rather continue using `push_neg` in your project, you can implement it as follows:
```
open Lean.Parser.Tactic in
macro "push_neg" cfg:optConfig loc:(location)? : tactic =>
  `(tactic| push $cfg:optConfig Not $[$loc]?)
```
info: ContextCalculus/HypertableauEqualityRuntimeSearch.lean:1329:0: 'ContextCalculus.Hypertableau.selectEqClash_eq_none_iff' depends on axioms: [propext, Classical.choice, Quot.sound]
info: ContextCalculus/HypertableauEqualityRuntimeSearch.lean:1330:0: 'ContextCalculus.Hypertableau.ClosedEqRefutes.sound' depends on axioms: [propext, Classical.choice, Quot.sound]
info: ContextCalculus/HypertableauEqualityRuntimeSearch.lean:1331:0: 'ContextCalculus.Hypertableau.EqRefutes.toClosed' depends on axioms: [propext]
info: ContextCalculus/HypertableauEqualityRuntimeSearch.lean:1332:0: 'ContextCalculus.Hypertableau.selectEqClash_refutes' depends on axioms: [propext, Classical.choice, Quot.sound]
info: ContextCalculus/HypertableauEqualityRuntimeSearch.lean:1333:0: 'ContextCalculus.Hypertableau.selectEqClash_closedRefutes' depends on axioms: [propext, Classical.choice, Quot.sound]
info: ContextCalculus/HypertableauEqualityRuntimeSearch.lean:1334:0: 'ContextCalculus.Hypertableau.selectEqClauseGrounding_eq_none_iff' depends on axioms: [propext,
 Classical.choice,
 Quot.sound]
info: ContextCalculus/HypertableauEqualityRuntimeSearch.lean:1335:0: 'ContextCalculus.Hypertableau.selectEqClauseGrounding_closedRefutes' depends on axioms: [propext,
 Classical.choice,
 Quot.sound]
info: ContextCalculus/HypertableauEqualityRuntimeSearch.lean:1336:0: 'ContextCalculus.Hypertableau.selectEqCertificateClauseGrounding_eq_runtime' depends on axioms: [propext,
 Classical.choice,
 Quot.sound]
info: ContextCalculus/HypertableauEqualityRuntimeSearch.lean:1337:0: 'ContextCalculus.Hypertableau.quotientBlockedBool_eq_true_iff' depends on axioms: [propext,
 Classical.choice,
 Quot.sound]
info: ContextCalculus/HypertableauEqualityRuntimeSearch.lean:1338:0: 'ContextCalculus.Hypertableau.selectEqUnblockedUnwitnessed_eq_none_iff' depends on axioms: [propext,
 Classical.choice,
 Quot.sound]
info: ContextCalculus/HypertableauEqualityRuntimeSearch.lean:1339:0: 'ContextCalculus.Hypertableau.selectEqFreshNode_eq_none_iff' depends on axioms: [propext, Classical.choice, Quot.sound]
info: ContextCalculus/HypertableauEqualityRuntimeSearch.lean:1340:0: 'ContextCalculus.Hypertableau.selectEqWitness_refutes' depends on axioms: [propext, Classical.choice, Quot.sound]
info: ContextCalculus/HypertableauEqualityRuntimeSearch.lean:1341:0: 'ContextCalculus.Hypertableau.EqState.eqGuardedFacts_assertAtom_ssubset' depends on axioms: [propext,
 Classical.choice,
 Quot.sound]
info: ContextCalculus/HypertableauEqualityRuntimeSearch.lean:1342:0: 'ContextCalculus.Hypertableau.EqState.eqGuardedFacts_materializeWitness_ssubset' depends on axioms: [propext,
 Classical.choice,
 Quot.sound]
info: ContextCalculus/HypertableauEqualityRuntimeSearch.lean:1343:0: 'ContextCalculus.Hypertableau.EqFirstObstructionStep.closedRefutes_of_children' depends on axioms: [propext,
 Classical.choice,
 Quot.sound]
info: ContextCalculus/HypertableauEqualityRuntimeSearch.lean:1344:0: 'ContextCalculus.Hypertableau.EqFirstObstructionStep.children_strictGrowth' depends on axioms: [propext,
 Classical.choice,
 Quot.sound]
info: ContextCalculus/HypertableauEqualityRuntimeSearch.lean:1345:0: 'ContextCalculus.Hypertableau.eqStrictGrowth_wellFounded' depends on axioms: [propext, Classical.choice, Quot.sound]
info: ContextCalculus/HypertableauEqualityRuntimeSearch.lean:1346:0: 'ContextCalculus.Hypertableau.finite_eq_exhaustive_search_total' depends on axioms: [propext,
 Classical.choice,
 Quot.sound]
info: ContextCalculus/HypertableauEqualityRuntimeSearch.lean:1347:0: 'ContextCalculus.Hypertableau.eqRuntimeNext_firstObstructionStep' depends on axioms: [propext,
 Classical.choice,
 Quot.sound]
info: ContextCalculus/HypertableauEqualityRuntimeSearch.lean:1348:0: 'ContextCalculus.Hypertableau.eqRuntimeNext_empty_semantics' depends on axioms: [propext, Classical.choice, Quot.sound]
info: ContextCalculus/HypertableauEqualityRuntimeSearch.lean:1349:0: 'ContextCalculus.Hypertableau.equality_runtime_control' depends on axioms: [propext, Classical.choice, Quot.sound]
info: ContextCalculus/HypertableauEqualityRuntimeSearch.lean:1350:0: 'ContextCalculus.Hypertableau.finite_eqRuntime_semantic_or_terminal' depends on axioms: [propext,
 Classical.choice,
 Quot.sound]
info: ContextCalculus/HypertableauEqualityRuntimeSearch.lean:1351:0: 'ContextCalculus.Hypertableau.FiniteEqRefutationTree.checkClosed_sound' depends on axioms: [propext,
 Classical.choice,
 Quot.sound]
info: ContextCalculus/HypertableauEqualityRuntimeSearch.lean:1352:0: 'ContextCalculus.Hypertableau.ClosedEqRefutes.exists_checkClosed_tree' depends on axioms: [propext,
 Classical.choice,
 Quot.sound]
info: ContextCalculus/HypertableauEqualityRuntimeSearch.lean:1353:0: 'ContextCalculus.Hypertableau.FiniteEqCertificate.closedRefutes_iff_exists_checkClosed_tree' depends on axioms: [propext,
 Classical.choice,
 Quot.sound]
info: ContextCalculus/HypertableauEqualityRuntimeSearch.lean:1354:0: 'ContextCalculus.Hypertableau.FiniteEqRefutationTree.checkClosed_ontology_unsatisfiable' depends on axioms: [propext,
 Classical.choice,
 Quot.sound]
info: ContextCalculus/HypertableauEqualityRuntimeSearch.lean:1355:0: 'ContextCalculus.Hypertableau.FiniteEqRefutationTree.checkClosed_subsumption' depends on axioms: [propext,
 Classical.choice,
 Quot.sound]
info: ContextCalculus/HypertableauEqualityRuntimeSearch.lean:1356:0: 'ContextCalculus.Hypertableau.FiniteEqRefutationTree.checkClosed_unsatisfiable_concept' depends on axioms: [propext,
 Classical.choice,
 Quot.sound]
⚠ [3335/3356] Replayed ContextCalculus.HypertableauEqualityWire
warning: ContextCalculus/HypertableauEqualityWire.lean:142:13: unused variable `child`

Note: This linter can be disabled with `set_option linter.unusedVariables false`
info: ContextCalculus/HypertableauEqualityWire.lean:472:0: 'ContextCalculus.Hypertableau.DecodedEqCertificate.check_sound' depends on axioms: [propext,
 Classical.choice,
 Quot.sound]
ℹ [3336/3356] Replayed ContextCalculus.HypertableauCardinality
info: ContextCalculus/HypertableauCardinality.lean:145:0: 'ContextCalculus.Hypertableau.hasAtLeast_zero' does not depend on any axioms
info: ContextCalculus/HypertableauCardinality.lean:146:0: 'ContextCalculus.Hypertableau.not_injective_of_hasAtMost' does not depend on any axioms
info: ContextCalculus/HypertableauCardinality.lean:147:0: 'ContextCalculus.Hypertableau.Interp.minimum_witnesses' does not depend on any axioms
info: ContextCalculus/HypertableauCardinality.lean:148:0: 'ContextCalculus.Hypertableau.Interp.maximum_forces_merge' does not depend on any axioms
info: ContextCalculus/HypertableauCardinality.lean:152:0: 'ContextCalculus.Hypertableau.minimum_complement_recognition' does not depend on any axioms
ℹ [3337/3356] Replayed ContextCalculus.HypertableauCardinalityCertificate
info: ContextCalculus/HypertableauCardinalityCertificate.lean:453:0: 'ContextCalculus.Hypertableau.FiniteEqCertificate.quotientInjectiveB_eq_true' depends on axioms: [propext,
 Classical.choice,
 Quot.sound]
info: ContextCalculus/HypertableauCardinalityCertificate.lean:454:0: 'ContextCalculus.Hypertableau.FiniteEqCertificate.checkCardinalityDef_sound' depends on axioms: [propext,
 Classical.choice,
 Quot.sound]
info: ContextCalculus/HypertableauCardinalityCertificate.lean:455:0: 'ContextCalculus.Hypertableau.FiniteEqCertificate.checkCardinalityDef_complete' depends on axioms: [propext,
 Classical.choice,
 Quot.sound]
info: ContextCalculus/HypertableauCardinalityCertificate.lean:456:0: 'ContextCalculus.Hypertableau.FiniteEqCertificate.checkCardinalityDef_eq_true_iff_models' depends on axioms: [propext,
 Classical.choice,
 Quot.sound]
info: ContextCalculus/HypertableauCardinalityCertificate.lean:457:0: 'ContextCalculus.Hypertableau.FiniteEqCertificate.checkCardinalityDefs_sound' depends on axioms: [propext,
 Classical.choice,
 Quot.sound]
info: ContextCalculus/HypertableauCardinalityCertificate.lean:458:0: 'ContextCalculus.Hypertableau.FiniteEqCertificate.checkCardinalityDefs_complete' depends on axioms: [propext,
 Classical.choice,
 Quot.sound]
info: ContextCalculus/HypertableauCardinalityCertificate.lean:459:0: 'ContextCalculus.Hypertableau.FiniteEqCertificate.checkCardinalityDefs_eq_true_iff_models' depends on axioms: [propext,
 Classical.choice,
 Quot.sound]
info: ContextCalculus/HypertableauCardinalityCertificate.lean:460:0: 'ContextCalculus.Hypertableau.FiniteEqCertificate.checkEqSatWithCardinality_models' depends on axioms: [propext,
 Classical.choice,
 Quot.sound]
info: ContextCalculus/HypertableauCardinalityCertificate.lean:461:0: 'ContextCalculus.Hypertableau.FiniteEqCertificate.checkEqSatWithCardinality_eq_true_iff' depends on axioms: [propext,
 Classical.choice,
 Quot.sound]
info: ContextCalculus/HypertableauCardinalityCertificate.lean:462:0: 'ContextCalculus.Hypertableau.FiniteEqCertificate.checkEqSatWithCardinality_not_entailsSub' depends on axioms: [propext,
 Classical.choice,
 Quot.sound]
info: ContextCalculus/HypertableauCardinalityCertificate.lean:463:0: 'ContextCalculus.Hypertableau.FiniteEqCertificate.checkEqSatWithCardinality_not_unsatisfiableConcept' depends on axioms: [propext,
 Classical.choice,
 Quot.sound]
ℹ [3338/3356] Replayed ContextCalculus.HypertableauCardinalityProjection
info: ContextCalculus/HypertableauCardinalityProjection.lean:950:0: 'ContextCalculus.Hypertableau.mem_maximumBody' depends on axioms: [propext, Quot.sound]
info: ContextCalculus/HypertableauCardinalityProjection.lean:951:0: 'ContextCalculus.Hypertableau.mem_maximumHead' depends on axioms: [propext, Quot.sound]
info: ContextCalculus/HypertableauCardinalityProjection.lean:952:0: 'ContextCalculus.Hypertableau.not_injective_iff_equal_pair' depends on axioms: [propext, Classical.choice, Quot.sound]
info: ContextCalculus/HypertableauCardinalityProjection.lean:953:0: 'ContextCalculus.Hypertableau.models_maximumProjectionClause_iff' depends on axioms: [propext,
 Classical.choice,
 Quot.sound]
info: ContextCalculus/HypertableauCardinalityProjection.lean:954:0: 'ContextCalculus.Hypertableau.minimumExpansion_implies_definition' does not depend on any axioms
info: ContextCalculus/HypertableauCardinalityProjection.lean:955:0: 'ContextCalculus.Hypertableau.minimumExpansionFunctions_models' depends on axioms: [propext,
 Classical.choice,
 Quot.sound]
info: ContextCalculus/HypertableauCardinalityProjection.lean:956:0: 'ContextCalculus.Hypertableau.exists_minimumExpansion_iff' depends on axioms: [propext, Classical.choice, Quot.sound]
info: ContextCalculus/HypertableauCardinalityProjection.lean:957:0: 'ContextCalculus.Hypertableau.ComplementaryCardinalityPair.minimumSuccessor_eq' depends on axioms: [propext, Quot.sound]
info: ContextCalculus/HypertableauCardinalityProjection.lean:958:0: 'ContextCalculus.Hypertableau.models_cardinalitySplitClause_iff' depends on axioms: [propext]
info: ContextCalculus/HypertableauCardinalityProjection.lean:959:0: 'ContextCalculus.Hypertableau.models_cardinalityClashClause_iff' depends on axioms: [propext]
info: ContextCalculus/HypertableauCardinalityProjection.lean:960:0: 'ContextCalculus.Hypertableau.models_cardinalitySplitTheory_iff' depends on axioms: [propext]
info: ContextCalculus/HypertableauCardinalityProjection.lean:961:0: 'ContextCalculus.Hypertableau.complementary_models_and_split_iff_exact' depends on axioms: [propext,
 Classical.choice,
 Quot.sound]
info: ContextCalculus/HypertableauCardinalityProjection.lean:962:0: 'ContextCalculus.Hypertableau.complementary_sourceTheory_iff_exact' depends on axioms: [propext,
 Classical.choice,
 Quot.sound]
info: ContextCalculus/HypertableauCardinalityProjection.lean:963:0: 'ContextCalculus.Hypertableau.frontendCardinalityFamily_sat_iff_exact' depends on axioms: [propext,
 Classical.choice,
 Quot.sound]
info: ContextCalculus/HypertableauCardinalityProjection.lean:964:0: 'ContextCalculus.Hypertableau.modelsProjectedCardinalityDef_iff' depends on axioms: [propext,
 Classical.choice,
 Quot.sound]
info: ContextCalculus/HypertableauCardinalityProjection.lean:965:0: 'ContextCalculus.Hypertableau.modelsProjectedCardinalityDefs_iff_targets' depends on axioms: [propext,
 Classical.choice,
 Quot.sound]
info: ContextCalculus/HypertableauCardinalityProjection.lean:966:0: 'ContextCalculus.Hypertableau.modelsProjectedCardinalityDefs_iff_pairedTargets' depends on axioms: [propext,
 Classical.choice,
 Quot.sound]
info: ContextCalculus/HypertableauCardinalityProjection.lean:967:0: 'ContextCalculus.Hypertableau.modelsCardinalityDef_and_recognition_iff_exact' does not depend on any axioms
info: ContextCalculus/HypertableauCardinalityProjection.lean:968:0: 'ContextCalculus.Hypertableau.modelsCardinalityDefExact_models' does not depend on any axioms
info: ContextCalculus/HypertableauCardinalityProjection.lean:969:0: 'ContextCalculus.Hypertableau.FiniteEqCertificate.checkMaximumRecognition_sound' depends on axioms: [propext,
 Classical.choice,
 Quot.sound]
info: ContextCalculus/HypertableauCardinalityProjection.lean:970:0: 'ContextCalculus.Hypertableau.FiniteEqCertificate.checkMaximumRecognition_complete' depends on axioms: [propext,
 Classical.choice,
 Quot.sound]
info: ContextCalculus/HypertableauCardinalityProjection.lean:971:0: 'ContextCalculus.Hypertableau.FiniteEqCertificate.checkMaximumRecognition_eq_true_iff' depends on axioms: [propext,
 Classical.choice,
 Quot.sound]
info: ContextCalculus/HypertableauCardinalityProjection.lean:972:0: 'ContextCalculus.Hypertableau.FiniteEqCertificate.checkMinimumRecognition_sound' depends on axioms: [propext,
 Classical.choice,
 Quot.sound]
info: ContextCalculus/HypertableauCardinalityProjection.lean:973:0: 'ContextCalculus.Hypertableau.FiniteEqCertificate.checkMinimumRecognition_complete' depends on axioms: [propext,
 Classical.choice,
 Quot.sound]
info: ContextCalculus/HypertableauCardinalityProjection.lean:974:0: 'ContextCalculus.Hypertableau.FiniteEqCertificate.checkCardinalityRecognition_eq_true_iff' depends on axioms: [propext,
 Classical.choice,
 Quot.sound]
info: ContextCalculus/HypertableauCardinalityProjection.lean:975:0: 'ContextCalculus.Hypertableau.FiniteEqCertificate.checkMaximumDefExact_eq_true_iff' depends on axioms: [propext,
 Classical.choice,
 Quot.sound]
info: ContextCalculus/HypertableauCardinalityProjection.lean:976:0: 'ContextCalculus.Hypertableau.FiniteEqCertificate.checkCardinalityDefExact_eq_true_iff' depends on axioms: [propext,
 Classical.choice,
 Quot.sound]
info: ContextCalculus/HypertableauCardinalityProjection.lean:977:0: 'ContextCalculus.Hypertableau.FiniteEqCertificate.checkMaximumDefsExact_sound' depends on axioms: [propext,
 Classical.choice,
 Quot.sound]
info: ContextCalculus/HypertableauCardinalityProjection.lean:978:0: 'ContextCalculus.Hypertableau.FiniteEqCertificate.checkCardinalityDefsExact_sound' depends on axioms: [propext,
 Classical.choice,
 Quot.sound]
ℹ [3339/3356] Replayed ContextCalculus.HypertableauCardinalityRefutation
info: ContextCalculus/HypertableauCardinalityRefutation.lean:250:0: 'ContextCalculus.Hypertableau.CardinalityEqRefutes.sound' depends on axioms: [propext, Classical.choice, Quot.sound]
info: ContextCalculus/HypertableauCardinalityRefutation.lean:251:0: 'ContextCalculus.Hypertableau.EqState.materializeMinimum_realized' depends on axioms: [propext,
 Classical.choice,
 Quot.sound]
ℹ [3340/3356] Replayed ContextCalculus.HypertableauCardinalityRefutationCertificate
info: ContextCalculus/HypertableauCardinalityRefutationCertificate.lean:680:0: 'ContextCalculus.Hypertableau.FiniteEqCertificate.mergeTransitionB_state' depends on axioms: [propext, Quot.sound]
info: ContextCalculus/HypertableauCardinalityRefutationCertificate.lean:681:0: 'ContextCalculus.Hypertableau.FiniteEqCertificate.minimumTransitionB_state' depends on axioms: [propext, Quot.sound]
info: ContextCalculus/HypertableauCardinalityRefutationCertificate.lean:682:0: 'ContextCalculus.Hypertableau.FiniteEqCertificate.freshFamilyB_sound' depends on axioms: [propext,
 Classical.choice,
 Quot.sound]
info: ContextCalculus/HypertableauCardinalityRefutationCertificate.lean:683:0: 'ContextCalculus.Hypertableau.FiniteCardinalityEqRefutationTree.check_sound' depends on axioms: [propext,
 Classical.choice,
 Quot.sound]
info: ContextCalculus/HypertableauCardinalityRefutationCertificate.lean:684:0: 'ContextCalculus.Hypertableau.CardinalityEqRefutes.exists_checked_tree' depends on axioms: [propext,
 Classical.choice,
 Quot.sound]
info: ContextCalculus/HypertableauCardinalityRefutationCertificate.lean:685:0: 'ContextCalculus.Hypertableau.FiniteEqCertificate.cardinalityRefutes_iff_exists_checked_tree' depends on axioms: [propext,
 Classical.choice,
 Quot.sound]
info: ContextCalculus/HypertableauCardinalityRefutationCertificate.lean:686:0: 'ContextCalculus.Hypertableau.FiniteCardinalityEqRefutationTree.check_ontology_unsatisfiable' depends on axioms: [propext,
 Classical.choice,
 Quot.sound]
info: ContextCalculus/HypertableauCardinalityRefutationCertificate.lean:687:0: 'ContextCalculus.Hypertableau.FiniteCardinalityEqRefutationTree.check_subsumption' depends on axioms: [propext,
 Classical.choice,
 Quot.sound]
info: ContextCalculus/HypertableauCardinalityRefutationCertificate.lean:688:0: 'ContextCalculus.Hypertableau.FiniteCardinalityEqRefutationTree.check_unsatisfiable_concept' depends on axioms: [propext,
 Classical.choice,
 Quot.sound]
ℹ [3342/3356] Replayed ContextCalculus.HypertableauCardinalityDistinct
info: ContextCalculus/HypertableauCardinalityDistinct.lean:343:0: 'ContextCalculus.Hypertableau.DistinctEqState.equality_apart_clash' does not depend on any axioms
info: ContextCalculus/HypertableauCardinalityDistinct.lean:344:0: 'ContextCalculus.Hypertableau.DistinctEqState.merge_realized' does not depend on any axioms
info: ContextCalculus/HypertableauCardinalityDistinct.lean:345:0: 'ContextCalculus.Hypertableau.DistinctEqState.materializeWitness_realized' depends on axioms: [propext,
 Classical.choice,
 Quot.sound]
info: ContextCalculus/HypertableauCardinalityDistinct.lean:346:0: 'ContextCalculus.Hypertableau.DistinctEqState.materializeMinimum_realized' depends on axioms: [propext,
 Classical.choice,
 Quot.sound]
info: ContextCalculus/HypertableauCardinalityDistinct.lean:347:0: 'ContextCalculus.Hypertableau.DistinctCardinalityRefutes.sound' depends on axioms: [propext,
 Classical.choice,
 Quot.sound]
info: ContextCalculus/HypertableauCardinalityDistinct.lean:348:0: 'ContextCalculus.Hypertableau.DistinctCardinalityRefutes.pigeonhole' depends on axioms: [propext]
ℹ [3343/3356] Replayed ContextCalculus.HypertableauCardinalityDistinctCertificate
info: ContextCalculus/HypertableauCardinalityDistinctCertificate.lean:966:0: 'ContextCalculus.Hypertableau.FiniteDistinctEqCertificate.mergeTransitionB_state' depends on axioms: [propext,
 Quot.sound]
info: ContextCalculus/HypertableauCardinalityDistinctCertificate.lean:967:0: 'ContextCalculus.Hypertableau.FiniteDistinctEqCertificate.transitionB_state' depends on axioms: [propext, Quot.sound]
info: ContextCalculus/HypertableauCardinalityDistinctCertificate.lean:968:0: 'ContextCalculus.Hypertableau.FiniteDistinctEqCertificate.freshNodeB_sound' depends on axioms: [propext,
 Classical.choice,
 Quot.sound]
info: ContextCalculus/HypertableauCardinalityDistinctCertificate.lean:969:0: 'ContextCalculus.Hypertableau.FiniteDistinctEqCertificate.minimumTransitionB_state' depends on axioms: [propext,
 Classical.choice,
 Quot.sound]
info: ContextCalculus/HypertableauCardinalityDistinctCertificate.lean:970:0: 'ContextCalculus.Hypertableau.FiniteDistinctEqCertificate.freshFamilyB_sound' depends on axioms: [propext,
 Classical.choice,
 Quot.sound]
info: ContextCalculus/HypertableauCardinalityDistinctCertificate.lean:971:0: 'ContextCalculus.Hypertableau.FiniteDistinctCardinalityRefutationTree.check_sound' depends on axioms: [propext,
 Classical.choice,
 Quot.sound]
info: ContextCalculus/HypertableauCardinalityDistinctCertificate.lean:972:0: 'ContextCalculus.Hypertableau.FiniteDistinctCardinalityRefutationTree.check_equalityApart_iff' depends on axioms: [propext,
 Classical.choice,
 Quot.sound]
info: ContextCalculus/HypertableauCardinalityDistinctCertificate.lean:973:0: 'ContextCalculus.Hypertableau.DistinctCardinalityRefutes.exists_checked_tree' depends on axioms: [propext,
 Classical.choice,
 Quot.sound]
info: ContextCalculus/HypertableauCardinalityDistinctCertificate.lean:974:0: 'ContextCalculus.Hypertableau.FiniteDistinctEqCertificate.refutes_iff_exists_checked_tree' depends on axioms: [propext,
 Classical.choice,
 Quot.sound]
info: ContextCalculus/HypertableauCardinalityDistinctCertificate.lean:975:0: 'ContextCalculus.Hypertableau.FiniteDistinctCardinalityRefutationTree.check_ontology_unsatisfiable' depends on axioms: [propext,
 Classical.choice,
 Quot.sound]
info: ContextCalculus/HypertableauCardinalityDistinctCertificate.lean:976:0: 'ContextCalculus.Hypertableau.FiniteDistinctCardinalityRefutationTree.check_subsumption' depends on axioms: [propext,
 Classical.choice,
 Quot.sound]
info: ContextCalculus/HypertableauCardinalityDistinctCertificate.lean:977:0: 'ContextCalculus.Hypertableau.FiniteDistinctCardinalityRefutationTree.check_unsatisfiable_concept' depends on axioms: [propext,
 Classical.choice,
 Quot.sound]
⚠ [3344/3356] Replayed ContextCalculus.HypertableauCardinalityRuntimeSearch
warning: ContextCalculus/HypertableauCardinalityRuntimeSearch.lean:1312:29: try 'simp' instead of 'simpa'

Note: This linter can be disabled with `set_option linter.unnecessarySimpa false`
info: ContextCalculus/HypertableauCardinalityRuntimeSearch.lean:2118:0: 'ContextCalculus.Hypertableau.selectEqualityApartClash_eq_none_iff' depends on axioms: [propext,
 Classical.choice,
 Quot.sound]
info: ContextCalculus/HypertableauCardinalityRuntimeSearch.lean:2119:0: 'ContextCalculus.Hypertableau.selectEqualityApartClash_refutes' depends on axioms: [propext,
 Classical.choice,
 Quot.sound]
info: ContextCalculus/HypertableauCardinalityRuntimeSearch.lean:2120:0: 'ContextCalculus.Hypertableau.selectEqualityApartClash_not_realizable' depends on axioms: [propext,
 Classical.choice,
 Quot.sound]
info: ContextCalculus/HypertableauCardinalityRuntimeSearch.lean:2121:0: 'ContextCalculus.Hypertableau.selectFiniteEqualityApartClash_eq_none_iff' depends on axioms: [propext,
 Classical.choice,
 Quot.sound]
info: ContextCalculus/HypertableauCardinalityRuntimeSearch.lean:2122:0: 'ContextCalculus.Hypertableau.selectFiniteEqualityApartClash_refutes' depends on axioms: [propext,
 Classical.choice,
 Quot.sound]
info: ContextCalculus/HypertableauCardinalityRuntimeSearch.lean:2123:0: 'ContextCalculus.Hypertableau.selectFiniteEqualityApartClash_not_realizable' depends on axioms: [propext,
 Classical.choice,
 Quot.sound]
info: ContextCalculus/HypertableauCardinalityRuntimeSearch.lean:2124:0: 'ContextCalculus.Hypertableau.selectCardinalityConceptClash_eq_none_iff' depends on axioms: [propext,
 Classical.choice,
 Quot.sound]
info: ContextCalculus/HypertableauCardinalityRuntimeSearch.lean:2125:0: 'ContextCalculus.Hypertableau.selectCardinalityConceptClash_refutes' depends on axioms: [propext,
 Classical.choice,
 Quot.sound]
info: ContextCalculus/HypertableauCardinalityRuntimeSearch.lean:2126:0: 'ContextCalculus.Hypertableau.selectCardinalityConceptClash_not_realizable' depends on axioms: [propext,
 Classical.choice,
 Quot.sound]
info: ContextCalculus/HypertableauCardinalityRuntimeSearch.lean:2127:0: 'ContextCalculus.Hypertableau.selectCardinalityClauseGrounding_eq_none_iff' depends on axioms: [propext,
 Classical.choice,
 Quot.sound]
info: ContextCalculus/HypertableauCardinalityRuntimeSearch.lean:2128:0: 'ContextCalculus.Hypertableau.selectCardinalityClauseGrounding_closedRefutes' depends on axioms: [propext,
 Classical.choice,
 Quot.sound]
info: ContextCalculus/HypertableauCardinalityRuntimeSearch.lean:2129:0: 'ContextCalculus.Hypertableau.selectCardinalityClauseGrounding_not_realizable' depends on axioms: [propext,
 Classical.choice,
 Quot.sound]
info: ContextCalculus/HypertableauCardinalityRuntimeSearch.lean:2130:0: 'ContextCalculus.Hypertableau.selectDistinctFreshNode_eq_none_iff' depends on axioms: [propext,
 Classical.choice,
 Quot.sound]
info: ContextCalculus/HypertableauCardinalityRuntimeSearch.lean:2131:0: 'ContextCalculus.Hypertableau.selectCardinalityWitness_closedRefutes' depends on axioms: [propext,
 Classical.choice,
 Quot.sound]
info: ContextCalculus/HypertableauCardinalityRuntimeSearch.lean:2132:0: 'ContextCalculus.Hypertableau.selectCardinalityWitness_not_realizable' depends on axioms: [propext,
 Classical.choice,
 Quot.sound]
info: ContextCalculus/HypertableauCardinalityRuntimeSearch.lean:2133:0: 'ContextCalculus.Hypertableau.selectExpandableMinimum_eq_none_iff' depends on axioms: [propext,
 Classical.choice,
 Quot.sound]
info: ContextCalculus/HypertableauCardinalityRuntimeSearch.lean:2134:0: 'ContextCalculus.Hypertableau.selectExpandableMinimum_closedRefutes' depends on axioms: [propext,
 Classical.choice,
 Quot.sound]
info: ContextCalculus/HypertableauCardinalityRuntimeSearch.lean:2135:0: 'ContextCalculus.Hypertableau.mem_allRustMinimumCandidates' depends on axioms: [propext, Quot.sound]
info: ContextCalculus/HypertableauCardinalityRuntimeSearch.lean:2136:0: 'ContextCalculus.Hypertableau.selectRustExpandableMinimum_eq_none_iff' depends on axioms: [propext,
 Classical.choice,
 Quot.sound]
info: ContextCalculus/HypertableauCardinalityRuntimeSearch.lean:2137:0: 'ContextCalculus.Hypertableau.selectRustExpandableMinimum_closedRefutes' depends on axioms: [propext,
 Classical.choice,
 Quot.sound]
info: ContextCalculus/HypertableauCardinalityRuntimeSearch.lean:2138:0: 'ContextCalculus.Hypertableau.rustConsecutiveTargets_injective' depends on axioms: [propext]
info: ContextCalculus/HypertableauCardinalityRuntimeSearch.lean:2139:0: 'ContextCalculus.Hypertableau.rustConsecutiveTargets_freshFamily' depends on axioms: [propext,
 Classical.choice,
 Quot.sound]
info: ContextCalculus/HypertableauCardinalityRuntimeSearch.lean:2140:0: 'ContextCalculus.Hypertableau.selectRustExpandableMinimum_consecutive_closedRefutes' depends on axioms: [propext,
 Classical.choice,
 Quot.sound]
info: ContextCalculus/HypertableauCardinalityRuntimeSearch.lean:2141:0: 'ContextCalculus.Hypertableau.FiniteDistinctEqCertificate.inactivePrefixFreshB_sound' depends on axioms: [propext,
 Classical.choice,
 Quot.sound]
info: ContextCalculus/HypertableauCardinalityRuntimeSearch.lean:2142:0: 'ContextCalculus.Hypertableau.FiniteDistinctEqCertificate.inactivePrefixFreshB_fit' depends on axioms: [propext,
 Classical.choice,
 Quot.sound]
info: ContextCalculus/HypertableauCardinalityRuntimeSearch.lean:2143:0: 'ContextCalculus.Hypertableau.DistinctEqState.lt_active_of_closedLabel' does not depend on any axioms
info: ContextCalculus/HypertableauCardinalityRuntimeSearch.lean:2144:0: 'ContextCalculus.Hypertableau.FiniteDistinctEqCertificate.lt_active_of_closedLabelB' depends on axioms: [propext,
 Classical.choice,
 Quot.sound]
info: ContextCalculus/HypertableauCardinalityRuntimeSearch.lean:2145:0: 'ContextCalculus.Hypertableau.selectRustExpandableMinimum_source_lt_active' depends on axioms: [propext,
 Classical.choice,
 Quot.sound]
info: ContextCalculus/HypertableauCardinalityRuntimeSearch.lean:2146:0: 'ContextCalculus.Hypertableau.FiniteDistinctEqCertificate.rustConsecutiveTargets_freshFamily_of_check' depends on axioms: [propext,
 Classical.choice,
 Quot.sound]
info: ContextCalculus/HypertableauCardinalityRuntimeSearch.lean:2147:0: 'ContextCalculus.Hypertableau.DistinctEqState.inactivePrefixFresh_materializeWitness' depends on axioms: [propext,
 Quot.sound]
info: ContextCalculus/HypertableauCardinalityRuntimeSearch.lean:2148:0: 'ContextCalculus.Hypertableau.DistinctEqState.inactivePrefixFresh_materializeMinimum' depends on axioms: [propext,
 Quot.sound]
info: ContextCalculus/HypertableauCardinalityRuntimeSearch.lean:2149:0: 'ContextCalculus.Hypertableau.FiniteDistinctEqCertificate.minimumTransitionB_inactivePrefixFresh' depends on axioms: [propext,
 Classical.choice,
 Quot.sound]
info: ContextCalculus/HypertableauCardinalityRuntimeSearch.lean:2150:0: 'ContextCalculus.Hypertableau.DistinctEqState.inactivePrefixFresh_merge' depends on axioms: [propext, Quot.sound]
info: ContextCalculus/HypertableauCardinalityRuntimeSearch.lean:2151:0: 'ContextCalculus.Hypertableau.DistinctEqState.inactivePrefixFresh_assertAtom' depends on axioms: [propext, Quot.sound]
info: ContextCalculus/HypertableauCardinalityRuntimeSearch.lean:2152:0: 'ContextCalculus.Hypertableau.FiniteDistinctEqCertificate.transitionB_inactivePrefixFresh' depends on axioms: [propext,
 Classical.choice,
 Quot.sound]
info: ContextCalculus/HypertableauCardinalityRuntimeSearch.lean:2153:0: 'ContextCalculus.Hypertableau.FiniteDistinctEqCertificate.mergeTransitionB_inactivePrefixFresh' depends on axioms: [propext,
 Classical.choice,
 Quot.sound]
info: ContextCalculus/HypertableauCardinalityRuntimeSearch.lean:2154:0: 'ContextCalculus.Hypertableau.rustGreedyEquivRepresentatives_mem' depends on axioms: [propext,
 Classical.choice,
 Quot.sound]
info: ContextCalculus/HypertableauCardinalityRuntimeSearch.lean:2155:0: 'ContextCalculus.Hypertableau.rustGreedyEquivRepresentatives_pairwise' depends on axioms: [propext,
 Classical.choice,
 Quot.sound]
info: ContextCalculus/HypertableauCardinalityRuntimeSearch.lean:2156:0: 'ContextCalculus.Hypertableau.mem_rustQualifyingMaximumTargets' depends on axioms: [propext,
 Classical.choice,
 Quot.sound]
info: ContextCalculus/HypertableauCardinalityRuntimeSearch.lean:2157:0: 'ContextCalculus.Hypertableau.rustMaximumRepresentatives_qualify' depends on axioms: [propext,
 Classical.choice,
 Quot.sound]
info: ContextCalculus/HypertableauCardinalityRuntimeSearch.lean:2158:0: 'ContextCalculus.Hypertableau.rustMaximumRepresentatives_pairwise' depends on axioms: [propext,
 Classical.choice,
 Quot.sound]
info: ContextCalculus/HypertableauCardinalityRuntimeSearch.lean:2159:0: 'ContextCalculus.Hypertableau.rustPrefixVector_mem' does not depend on any axioms
info: ContextCalculus/HypertableauCardinalityRuntimeSearch.lean:2160:0: 'ContextCalculus.Hypertableau.rustMaximumPrefixVector_qualifies' depends on axioms: [propext,
 Classical.choice,
 Quot.sound]
info: ContextCalculus/HypertableauCardinalityRuntimeSearch.lean:2161:0: 'ContextCalculus.Hypertableau.rustMaximumPrefixVector_pairwise' depends on axioms: [propext,
 Classical.choice,
 Quot.sound]
info: ContextCalculus/HypertableauCardinalityRuntimeSearch.lean:2162:0: 'ContextCalculus.Hypertableau.rustMaximumPrefixCandidate_true' depends on axioms: [propext,
 Classical.choice,
 Quot.sound]
info: ContextCalculus/HypertableauCardinalityRuntimeSearch.lean:2163:0: 'ContextCalculus.Hypertableau.rustGreedyEquivRepresentativesAux_selected' depends on axioms: [propext,
 Classical.choice,
 Quot.sound]
info: ContextCalculus/HypertableauCardinalityRuntimeSearch.lean:2164:0: 'ContextCalculus.Hypertableau.rustGreedyEquivRepresentatives_covers' depends on axioms: [propext,
 Classical.choice,
 Quot.sound]
info: ContextCalculus/HypertableauCardinalityRuntimeSearch.lean:2165:0: 'ContextCalculus.Hypertableau.rustMaximumRepresentatives_cover' depends on axioms: [propext,
 Classical.choice,
 Quot.sound]
info: ContextCalculus/HypertableauCardinalityRuntimeSearch.lean:2166:0: 'ContextCalculus.Hypertableau.rustMaximumRepresentatives_length_of_witnesses' depends on axioms: [propext,
 Classical.choice,
 Quot.sound]
info: ContextCalculus/HypertableauCardinalityRuntimeSearch.lean:2167:0: 'ContextCalculus.Hypertableau.rustMaximumWidth_iff_exists_witnesses' depends on axioms: [propext,
 Classical.choice,
 Quot.sound]
info: ContextCalculus/HypertableauCardinalityRuntimeSearch.lean:2168:0: 'ContextCalculus.Hypertableau.mem_allRustMaximumSites' depends on axioms: [propext, Quot.sound]
info: ContextCalculus/HypertableauCardinalityRuntimeSearch.lean:2169:0: 'ContextCalculus.Hypertableau.rustMaximumSiteBool_eq_true_iff' depends on axioms: [propext,
 Classical.choice,
 Quot.sound]
info: ContextCalculus/HypertableauCardinalityRuntimeSearch.lean:2170:0: 'ContextCalculus.Hypertableau.selectRustViolatingMaximumSite_eq_none_iff' depends on axioms: [propext,
 Classical.choice,
 Quot.sound]
info: ContextCalculus/HypertableauCardinalityRuntimeSearch.lean:2171:0: 'ContextCalculus.Hypertableau.selectRustViolatingMaximumSite_source_lt_active' depends on axioms: [propext,
 Classical.choice,
 Quot.sound]
info: ContextCalculus/HypertableauCardinalityRuntimeSearch.lean:2172:0: 'ContextCalculus.Hypertableau.selectRustViolatingMaximumSite_closedRefutes' depends on axioms: [propext,
 Classical.choice,
 Quot.sound]
info: ContextCalculus/HypertableauCardinalityRuntimeSearch.lean:2173:0: 'ContextCalculus.Hypertableau.cardinalityRuntimeTerminal_iff_rustMaximum_exhausted' depends on axioms: [propext,
 Classical.choice,
 Quot.sound]
info: ContextCalculus/HypertableauCardinalityRuntimeSearch.lean:2174:0: 'ContextCalculus.Hypertableau.selectViolatingMaximum_eq_none_iff' depends on axioms: [propext,
 Classical.choice,
 Quot.sound]
info: ContextCalculus/HypertableauCardinalityRuntimeSearch.lean:2175:0: 'ContextCalculus.Hypertableau.selectViolatingMaximum_closedRefutes' depends on axioms: [propext,
 Classical.choice,
 Quot.sound]
info: ContextCalculus/HypertableauCardinalityRuntimeSearch.lean:2176:0: 'ContextCalculus.Hypertableau.cardinalityRuntimeTerminal_iff_selectors_exhausted' depends on axioms: [propext,
 Classical.choice,
 Quot.sound]
info: ContextCalculus/HypertableauCardinalityRuntimeSearch.lean:2177:0: 'ContextCalculus.Hypertableau.cardinalityRuntimeTerminal_of_selectors_exhausted' depends on axioms: [propext,
 Classical.choice,
 Quot.sound]
info: ContextCalculus/HypertableauCardinalityRuntimeSearch.lean:2178:0: 'ContextCalculus.Hypertableau.EqState.realized_closedLabel' does not depend on any axioms
info: ContextCalculus/HypertableauCardinalityRuntimeSearch.lean:2179:0: 'ContextCalculus.Hypertableau.EqState.realized_closedEdge' does not depend on any axioms
info: ContextCalculus/HypertableauCardinalityRuntimeSearch.lean:2180:0: 'ContextCalculus.Hypertableau.DistinctEqState.materializeMinimum_closed_realized' depends on axioms: [propext,
 Classical.choice,
 Quot.sound]
info: ContextCalculus/HypertableauCardinalityRuntimeSearch.lean:2181:0: 'ContextCalculus.Hypertableau.ClosedDistinctCardinalityRefutes.sound' depends on axioms: [propext,
 Classical.choice,
 Quot.sound]
info: ContextCalculus/HypertableauCardinalityRuntimeSearch.lean:2182:0: 'ContextCalculus.Hypertableau.DistinctCardinalityRefutes.toClosed' depends on axioms: [propext]
info: ContextCalculus/HypertableauCardinalityRuntimeSearch.lean:2183:0: 'ContextCalculus.Hypertableau.FiniteEqCertificate.closedLabelB_eq_true_iff' depends on axioms: [propext,
 Classical.choice,
 Quot.sound]
info: ContextCalculus/HypertableauCardinalityRuntimeSearch.lean:2184:0: 'ContextCalculus.Hypertableau.FiniteEqCertificate.closedEdgeB_eq_true_iff' depends on axioms: [propext,
 Classical.choice,
 Quot.sound]
info: ContextCalculus/HypertableauCardinalityRuntimeSearch.lean:2185:0: 'ContextCalculus.Hypertableau.FiniteDistinctCardinalityRefutationTree.checkClosed_sound' depends on axioms: [propext,
 Classical.choice,
 Quot.sound]
info: ContextCalculus/HypertableauCardinalityRuntimeSearch.lean:2186:0: 'ContextCalculus.Hypertableau.FiniteDistinctCardinalityRefutationTree.checkClosed_unsatisfiable' depends on axioms: [propext,
 Classical.choice,
 Quot.sound]
info: ContextCalculus/HypertableauCardinalityRuntimeSearch.lean:2187:0: 'ContextCalculus.Hypertableau.FiniteDistinctCardinalityRefutationTree.checkClosed_ontology_unsatisfiable' depends on axioms: [propext,
 Classical.choice,
 Quot.sound]
info: ContextCalculus/HypertableauCardinalityRuntimeSearch.lean:2188:0: 'ContextCalculus.Hypertableau.FiniteDistinctCardinalityRefutationTree.checkClosed_subsumption' depends on axioms: [propext,
 Classical.choice,
 Quot.sound]
info: ContextCalculus/HypertableauCardinalityRuntimeSearch.lean:2189:0: 'ContextCalculus.Hypertableau.FiniteDistinctCardinalityRefutationTree.checkClosed_unsatisfiable_concept' depends on axioms: [propext,
 Classical.choice,
 Quot.sound]
ℹ [3346/3356] Replayed ContextCalculus.HypertableauCardinalityWire
info: ContextCalculus/HypertableauCardinalityWire.lean:500:0: 'ContextCalculus.Hypertableau.DecodedCardinalityEqCertificate.check_exact_sound' depends on axioms: [propext,
 Classical.choice,
 Quot.sound]
info: ContextCalculus/HypertableauCardinalityWire.lean:664:0: 'ContextCalculus.Hypertableau.DecodedCardinalityEqCertificate.check_sound' depends on axioms: [propext,
 Classical.choice,
 Quot.sound]
⚠ [3347/3356] Replayed ContextCalculus.HypertableauPreprocessing
warning: ContextCalculus/HypertableauPreprocessing.lean:51:34: try 'simp' instead of 'simpa'

Note: This linter can be disabled with `set_option linter.unnecessarySimpa false`
info: ContextCalculus/HypertableauPreprocessing.lean:255:0: 'ContextCalculus.Hypertableau.Interp.satLit_complement_iff_not' depends on axioms: [propext,
 Classical.choice,
 Quot.sound]
info: ContextCalculus/HypertableauPreprocessing.lean:256:0: 'ContextCalculus.Hypertableau.TriggerAbsorption.modelsClause_iff' depends on axioms: [propext,
 Classical.choice,
 Quot.sound]
info: ContextCalculus/HypertableauPreprocessing.lean:257:0: 'ContextCalculus.Hypertableau.TriggerAbsorption.models_iff' depends on axioms: [propext, Classical.choice, Quot.sound]
info: ContextCalculus/HypertableauPreprocessing.lean:258:0: 'ContextCalculus.Hypertableau.OntologyTriggerAbsorption.models_iff' depends on axioms: [propext,
 Classical.choice,
 Quot.sound]
info: ContextCalculus/HypertableauPreprocessing.lean:259:0: 'ContextCalculus.Hypertableau.ClashContrapositive.entailed' depends on axioms: [propext, Classical.choice, Quot.sound]
info: ContextCalculus/HypertableauPreprocessing.lean:260:0: 'ContextCalculus.Hypertableau.ContrapositiveExtension.models_append_iff' depends on axioms: [propext,
 Classical.choice,
 Quot.sound]
info: ContextCalculus/HypertableauPreprocessing.lean:261:0: 'ContextCalculus.Hypertableau.ContrapositiveExtension.modelEquivalent' depends on axioms: [propext,
 Classical.choice,
 Quot.sound]
info: ContextCalculus/HypertableauPreprocessing.lean:262:0: 'ContextCalculus.Hypertableau.PreprocessingCertificate.models_iff' depends on axioms: [propext,
 Classical.choice,
 Quot.sound]
info: ContextCalculus/HypertableauPreprocessing.lean:263:0: 'ContextCalculus.Hypertableau.PreprocessingCertificate.modelEquivalent' depends on axioms: [propext,
 Classical.choice,
 Quot.sound]
ℹ [3348/3356] Replayed ContextCalculus.HypertableauPreprocessingWire
info: ContextCalculus/HypertableauPreprocessingWire.lean:348:0: 'ContextCalculus.Hypertableau.decodeTriggerPass' depends on axioms: [propext, Classical.choice, Quot.sound]
info: ContextCalculus/HypertableauPreprocessingWire.lean:349:0: 'ContextCalculus.Hypertableau.decodeContrapositives' depends on axioms: [propext]
info: ContextCalculus/HypertableauPreprocessingWire.lean:350:0: 'ContextCalculus.Hypertableau.WirePreprocessingEvidence.decode' depends on axioms: [propext,
 Classical.choice,
 Quot.sound]
ℹ [3349/3356] Replayed ContextCalculus.HypertableauUnravelling
info: ContextCalculus/HypertableauUnravelling.lean:1308:0: 'ContextCalculus.Hypertableau.UnravellingDirectRole.target_depth' does not depend on any axioms
info: ContextCalculus/HypertableauUnravelling.lean:1309:0: 'ContextCalculus.Hypertableau.UnravellingDirectRole.ne' depends on axioms: [propext, Quot.sound]
info: ContextCalculus/HypertableauUnravelling.lean:1310:0: 'ContextCalculus.Hypertableau.State.unravelling_sat_label' does not depend on any axioms
info: ContextCalculus/HypertableauUnravelling.lean:1311:0: 'ContextCalculus.Hypertableau.State.unravelling_obligation_witness' depends on axioms: [propext, Quot.sound]
info: ContextCalculus/HypertableauUnravelling.lean:1312:0: 'ContextCalculus.Hypertableau.State.unravelling_minimum_witnesses' depends on axioms: [propext]
info: ContextCalculus/HypertableauUnravelling.lean:1313:0: 'ContextCalculus.Hypertableau.UnravellingDirectSuccessor.key_injective' depends on axioms: [propext]
info: ContextCalculus/HypertableauUnravelling.lean:1314:0: 'ContextCalculus.Hypertableau.State.unravelling_direct_hasAtMost' depends on axioms: [propext]
info: ContextCalculus/HypertableauUnravelling.lean:1315:0: 'ContextCalculus.Hypertableau.State.unravelling_modelsCardinalityDef' depends on axioms: [propext]
info: ContextCalculus/HypertableauUnravelling.lean:1316:0: 'ContextCalculus.Hypertableau.State.unravelling_modelsCardinalityDefs' depends on axioms: [propext]
info: ContextCalculus/HypertableauUnravelling.lean:1317:0: 'ContextCalculus.Hypertableau.State.regularUnravelling_direct' does not depend on any axioms
info: ContextCalculus/HypertableauUnravelling.lean:1318:0: 'ContextCalculus.Hypertableau.State.regularUnravelling_subRole' does not depend on any axioms
info: ContextCalculus/HypertableauUnravelling.lean:1319:0: 'ContextCalculus.Hypertableau.State.regularUnravelling_inverseRole' does not depend on any axioms
info: ContextCalculus/HypertableauUnravelling.lean:1320:0: 'ContextCalculus.Hypertableau.State.regularUnravelling_chain' does not depend on any axioms
info: ContextCalculus/HypertableauUnravelling.lean:1321:0: 'ContextCalculus.Hypertableau.State.regularUnravelling_reflexive' does not depend on any axioms
info: ContextCalculus/HypertableauUnravelling.lean:1322:0: 'ContextCalculus.Hypertableau.State.regularUnravelling_modelsCardinalityDef_of_direct' does not depend on any axioms
info: ContextCalculus/HypertableauUnravelling.lean:1323:0: 'ContextCalculus.Hypertableau.State.regularUnravelling_modelsCardinalityDefs_of_direct' does not depend on any axioms
info: ContextCalculus/HypertableauUnravelling.lean:1324:0: 'ContextCalculus.Hypertableau.UnravellingRoleRules.simpleExact_of_syntacticallySimple' does not depend on any axioms
info: ContextCalculus/HypertableauUnravelling.lean:1325:0: 'ContextCalculus.Hypertableau.State.regularUnravelling_sat_label' does not depend on any axioms
info: ContextCalculus/HypertableauUnravelling.lean:1326:0: 'ContextCalculus.Hypertableau.State.regularUnravelling_obligation_witness' depends on axioms: [propext, Quot.sound]
info: ContextCalculus/HypertableauUnravelling.lean:1327:0: 'ContextCalculus.Hypertableau.State.regularUnravelling_obligation_witness_redirect' depends on axioms: [propext,
 Quot.sound]
info: ContextCalculus/HypertableauUnravelling.lean:1328:0: 'ContextCalculus.Hypertableau.State.regularUnravelling_regularHoldsAtom' depends on axioms: [propext, Quot.sound]
info: ContextCalculus/HypertableauUnravelling.lean:1329:0: 'ContextCalculus.Hypertableau.State.regularUnravelling_body_holds' does not depend on any axioms
info: ContextCalculus/HypertableauUnravelling.lean:1330:0: 'ContextCalculus.Hypertableau.regularUnravelling_models_of_saturated' depends on axioms: [propext, Quot.sound]
info: ContextCalculus/HypertableauUnravelling.lean:1331:0: 'ContextCalculus.Hypertableau.NormalizedRoleClause.regularUnravelling_models' depends on axioms: [propext]
info: ContextCalculus/HypertableauUnravelling.lean:1332:0: 'ContextCalculus.Hypertableau.NormalizedRoleClause.regularUnravelling_models_list' depends on axioms: [propext,
 Quot.sound]
info: ContextCalculus/HypertableauUnravelling.lean:1333:0: 'ContextCalculus.Hypertableau.regularUnravelling_models_partition' depends on axioms: [propext, Quot.sound]
info: ContextCalculus/HypertableauUnravelling.lean:1334:0: 'ContextCalculus.Hypertableau.UnravellingRole.endpoint' does not depend on any axioms
info: ContextCalculus/HypertableauUnravelling.lean:1335:0: 'ContextCalculus.Hypertableau.State.regularHoldsAtom_endpoint' does not depend on any axioms
info: ContextCalculus/HypertableauUnravelling.lean:1336:0: 'ContextCalculus.Hypertableau.State.endpointHoldsAtom_lift' does not depend on any axioms
info: ContextCalculus/HypertableauUnravelling.lean:1337:0: 'ContextCalculus.Hypertableau.State.regularDischarges_of_endpoint' does not depend on any axioms
info: ContextCalculus/HypertableauUnravelling.lean:1338:0: 'ContextCalculus.Hypertableau.State.regularSaturatedFor_of_endpoint' does not depend on any axioms
info: ContextCalculus/HypertableauUnravelling.lean:1339:0: 'ContextCalculus.Hypertableau.regularUnravelling_models_partition_of_endpoint' depends on axioms: [propext, Quot.sound]
info: ContextCalculus/HypertableauUnravelling.lean:1340:0: 'ContextCalculus.Hypertableau.State.regularHoldsAtom_cover' does not depend on any axioms
info: ContextCalculus/HypertableauUnravelling.lean:1341:0: 'ContextCalculus.Hypertableau.State.coverHoldsAtom_lift' does not depend on any axioms
info: ContextCalculus/HypertableauUnravelling.lean:1342:0: 'ContextCalculus.Hypertableau.State.regularDischarges_of_cover' does not depend on any axioms
info: ContextCalculus/HypertableauUnravelling.lean:1343:0: 'ContextCalculus.Hypertableau.State.regularSaturatedFor_of_cover' does not depend on any axioms
info: ContextCalculus/HypertableauUnravelling.lean:1344:0: 'ContextCalculus.Hypertableau.regularUnravelling_models_partition_of_cover' depends on axioms: [propext, Quot.sound]
info: ContextCalculus/HypertableauUnravelling.lean:1345:0: 'ContextCalculus.Hypertableau.regularUnravelling_models_partition_of_cover_redirect' depends on axioms: [propext,
 Quot.sound]
ℹ [3350/3356] Replayed ContextCalculus.HypertableauRegularCertificate
info: ContextCalculus/HypertableauRegularCertificate.lean:842:0: 'ContextCalculus.Hypertableau.FiniteRegularCertificate.coverClosed_covers' does not depend on any axioms
info: ContextCalculus/HypertableauRegularCertificate.lean:843:0: 'ContextCalculus.Hypertableau.FiniteRegularCertificate.check_not_entailsSub' depends on axioms: [propext, Quot.sound]
info: ContextCalculus/HypertableauRegularCertificate.lean:844:0: 'ContextCalculus.Hypertableau.FiniteRegularCertificate.check_not_unsatisfiableConcept' depends on axioms: [propext,
 Quot.sound]
info: ContextCalculus/HypertableauRegularCertificate.lean:845:0: 'ContextCalculus.Hypertableau.FiniteRegularCertificate.coverHoldsAtom_to_holdsAtom' does not depend on any axioms
info: ContextCalculus/HypertableauRegularCertificate.lean:846:0: 'ContextCalculus.Hypertableau.FiniteRegularCertificate.coverDischarges_of_discharges' does not depend on any axioms
info: ContextCalculus/HypertableauRegularCertificate.lean:847:0: 'ContextCalculus.Hypertableau.FiniteRegularCertificate.valid_of_producer_invariants' does not depend on any axioms
info: ContextCalculus/HypertableauRegularCertificate.lean:848:0: 'ContextCalculus.Hypertableau.FiniteRegularCertificate.coverClosedB_sound' depends on axioms: [propext, Quot.sound]
info: ContextCalculus/HypertableauRegularCertificate.lean:849:0: 'ContextCalculus.Hypertableau.FiniteRegularCertificate.coverClosedB_complete' depends on axioms: [propext, Quot.sound]
info: ContextCalculus/HypertableauRegularCertificate.lean:850:0: 'ContextCalculus.Hypertableau.FiniteRegularCertificate.coverSaturatedB_eq_true_iff' depends on axioms: [propext,
 Quot.sound]
info: ContextCalculus/HypertableauRegularCertificate.lean:851:0: 'ContextCalculus.Hypertableau.FiniteRegularCertificate.coverObstructionB_eq_true_iff' depends on axioms: [propext,
 Quot.sound]
info: ContextCalculus/HypertableauRegularCertificate.lean:852:0: 'ContextCalculus.Hypertableau.FiniteRegularCertificate.coverSaturatedB_eq_false_iff' depends on axioms: [propext,
 Classical.choice,
 Quot.sound]
info: ContextCalculus/HypertableauRegularCertificate.lean:853:0: 'ContextCalculus.Hypertableau.State.CoverObstruction.exposes_cover_only_body_atom' depends on axioms: [propext,
 Classical.choice,
 Quot.sound]
info: ContextCalculus/HypertableauRegularCertificate.lean:854:0: 'ContextCalculus.Hypertableau.State.CoverObstruction.exposes_cover_only_role_edge' depends on axioms: [propext,
 Classical.choice,
 Quot.sound]
info: ContextCalculus/HypertableauRegularCertificate.lean:855:0: 'ContextCalculus.Hypertableau.FiniteRegularCertificate.syntacticallySimpleB_sound' depends on axioms: [propext,
 Quot.sound]
info: ContextCalculus/HypertableauRegularCertificate.lean:856:0: 'ContextCalculus.Hypertableau.FiniteRegularCertificate.check_sound' depends on axioms: [propext, Quot.sound]
info: ContextCalculus/HypertableauRegularCertificate.lean:857:0: 'ContextCalculus.Hypertableau.FiniteRegularCertificate.check_complete' depends on axioms: [propext, Quot.sound]
info: ContextCalculus/HypertableauRegularCertificate.lean:858:0: 'ContextCalculus.Hypertableau.FiniteRegularCertificate.check_of_producer_invariants' depends on axioms: [propext,
 Quot.sound]
info: ContextCalculus/HypertableauRegularCertificate.lean:859:0: 'ContextCalculus.Hypertableau.FiniteRegularCertificate.check_eq_true_iff_valid' depends on axioms: [propext, Quot.sound]
info: ContextCalculus/HypertableauRegularCertificate.lean:860:0: 'ContextCalculus.Hypertableau.FiniteRegularCertificate.models' depends on axioms: [propext, Quot.sound]
info: ContextCalculus/HypertableauRegularCertificate.lean:861:0: 'ContextCalculus.Hypertableau.FiniteRegularCertificate.check_models' depends on axioms: [propext, Quot.sound]
ℹ [3351/3356] Replayed ContextCalculus.HypertableauEndpointRoleEvidence
info: ContextCalculus/HypertableauEndpointRoleEvidence.lean:452:0: 'ContextCalculus.Hypertableau.FiniteEndpointRoleEvidence.check_eq_true_iff' depends on axioms: [propext]
info: ContextCalculus/HypertableauEndpointRoleEvidence.lean:453:0: 'ContextCalculus.Hypertableau.FiniteEndpointRoleEvidence.check_sound' depends on axioms: [propext]
info: ContextCalculus/HypertableauEndpointRoleEvidence.lean:454:0: 'ContextCalculus.Hypertableau.FiniteRegularCertificate.roleClausesRepresentB_eq_true_iff' depends on axioms: [propext,
 Quot.sound]
info: ContextCalculus/HypertableauEndpointRoleEvidence.lean:455:0: 'ContextCalculus.Hypertableau.State.roleClosed_of_saturated_normalized' depends on axioms: [propext, Quot.sound]
info: ContextCalculus/HypertableauEndpointRoleEvidence.lean:456:0: 'ContextCalculus.Hypertableau.EndpointRole.raw_of_identity_roleClosed' does not depend on any axioms
info: ContextCalculus/HypertableauEndpointRoleEvidence.lean:457:0: 'ContextCalculus.Hypertableau.FiniteEndpointRoleEvidence.exists_nonidentity_redirect_of_check' depends on axioms: [propext,
 Classical.choice,
 Quot.sound]
ℹ [3352/3356] Replayed ContextCalculus.HypertableauRegularProduction
info: ContextCalculus/HypertableauRegularProduction.lean:1332:0: 'ContextCalculus.Hypertableau.FiniteRegularCertificate.check_of_blocked_runtime_terminal' depends on axioms: [propext,
 Classical.choice,
 Quot.sound]
info: ContextCalculus/HypertableauRegularProduction.lean:1333:0: 'ContextCalculus.Hypertableau.FiniteRegularCertificate.check_of_local_blocked_runtime_terminal' depends on axioms: [propext,
 Classical.choice,
 Quot.sound]
info: ContextCalculus/HypertableauRegularProduction.lean:1334:0: 'ContextCalculus.Hypertableau.FiniteRegularCertificate.check_of_cover_saturated_runtime_terminal' depends on axioms: [propext,
 Classical.choice,
 Quot.sound]
info: ContextCalculus/HypertableauRegularProduction.lean:1335:0: 'ContextCalculus.Hypertableau.State.coverDischarges_of_redirectCoverFacts' does not depend on any axioms
info: ContextCalculus/HypertableauRegularProduction.lean:1336:0: 'ContextCalculus.Hypertableau.FiniteRegularCertificate.check_of_redirect_cover_runtime_terminal' depends on axioms: [propext,
 Classical.choice,
 Quot.sound]
info: ContextCalculus/HypertableauRegularProduction.lean:1337:0: 'ContextCalculus.Hypertableau.FiniteRegularCertificate.check_of_simple_local_blocked_runtime_terminal' depends on axioms: [propext,
 Classical.choice,
 Quot.sound]
info: ContextCalculus/HypertableauRegularProduction.lean:1338:0: 'ContextCalculus.Hypertableau.FiniteRegularCertificate.check_of_fold_free_roleClosed_runtime_terminal' depends on axioms: [propext,
 Classical.choice,
 Quot.sound]
info: ContextCalculus/HypertableauRegularProduction.lean:1339:0: 'ContextCalculus.Hypertableau.FiniteRegularCertificate.check_of_fold_free_runtime_terminal' depends on axioms: [propext,
 Classical.choice,
 Quot.sound]
info: ContextCalculus/HypertableauRegularProduction.lean:1340:0: 'ContextCalculus.Hypertableau.no_infinite_fresh_fold_rejections' depends on axioms: [propext,
 Classical.choice,
 Quot.sound]
info: ContextCalculus/HypertableauRegularProduction.lean:1341:0: 'ContextCalculus.Hypertableau.fold_learning_eventually_done' depends on axioms: [propext, Classical.choice, Quot.sound]
info: ContextCalculus/HypertableauRegularProduction.lean:1342:0: 'ContextCalculus.Hypertableau.FreshFoldProducer.rejected_step' depends on axioms: [propext,
 Classical.choice,
 Quot.sound]
info: ContextCalculus/HypertableauRegularProduction.lean:1343:0: 'ContextCalculus.Hypertableau.FreshFoldProducer.rejected_not_subset' depends on axioms: [propext, Quot.sound]
info: ContextCalculus/HypertableauRegularProduction.lean:1344:0: 'ContextCalculus.Hypertableau.FreshFoldProducer.not_rejected_empty' depends on axioms: [propext, Quot.sound]
info: ContextCalculus/HypertableauRegularProduction.lean:1345:0: 'ContextCalculus.Hypertableau.FreshFoldProducer.eventually_done' depends on axioms: [propext,
 Classical.choice,
 Quot.sound]
info: ContextCalculus/HypertableauRegularProduction.lean:1346:0: 'ContextCalculus.Hypertableau.GuardedFoldProducer.rejected_has_fresh' depends on axioms: [propext, Quot.sound]
info: ContextCalculus/HypertableauRegularProduction.lean:1347:0: 'ContextCalculus.Hypertableau.FoldAssignmentProducer.rejected_step' depends on axioms: [propext,
 Classical.choice,
 Quot.sound]
info: ContextCalculus/HypertableauRegularProduction.lean:1348:0: 'ContextCalculus.Hypertableau.FoldAssignmentProducer.eventually_done' depends on axioms: [propext,
 Classical.choice,
 Quot.sound]
info: ContextCalculus/HypertableauRegularProduction.lean:1349:0: 'ContextCalculus.Hypertableau.GuardedFoldAssignmentProducer.eventually_done' depends on axioms: [propext,
 Classical.choice,
 Quot.sound]
info: ContextCalculus/HypertableauRegularProduction.lean:1350:0: 'ContextCalculus.Hypertableau.enumerateFoldAssignments_nonempty' depends on axioms: [propext, Quot.sound]
info: ContextCalculus/HypertableauRegularProduction.lean:1351:0: 'ContextCalculus.Hypertableau.pair_mem_enumerateFoldAssignments' depends on axioms: [propext, Quot.sound]
info: ContextCalculus/HypertableauRegularProduction.lean:1352:0: 'ContextCalculus.Hypertableau.pair_mem_rejected_of_assignment_exhaustion' depends on axioms: [propext,
 Classical.choice,
 Quot.sound]
info: ContextCalculus/HypertableauRegularProduction.lean:1353:0: 'ContextCalculus.Hypertableau.sourceExpansionControlled_of_assignment_exhaustion' depends on axioms: [propext,
 Classical.choice,
 Quot.sound]
info: ContextCalculus/HypertableauRegularProduction.lean:1354:0: 'ContextCalculus.Hypertableau.mem_foldOptionPairs_iff' depends on axioms: [propext, Classical.choice, Quot.sound]
info: ContextCalculus/HypertableauRegularProduction.lean:1355:0: 'ContextCalculus.Hypertableau.CartesianFoldAssignmentProducer.rejection_generated' depends on axioms: [propext,
 Quot.sound]
info: ContextCalculus/HypertableauRegularProduction.lean:1356:0: 'ContextCalculus.Hypertableau.CartesianFoldAssignmentProducer.eventually_done' depends on axioms: [propext,
 Classical.choice,
 Quot.sound]
info: ContextCalculus/HypertableauRegularProduction.lean:1357:0: 'ContextCalculus.Hypertableau.firstFreshFoldAssignment_eq_some_mem' depends on axioms: [propext,
 Classical.choice,
 Quot.sound]
info: ContextCalculus/HypertableauRegularProduction.lean:1358:0: 'ContextCalculus.Hypertableau.firstFreshFoldAssignment_eq_some_fresh' depends on axioms: [propext,
 Classical.choice,
 Quot.sound]
info: ContextCalculus/HypertableauRegularProduction.lean:1359:0: 'ContextCalculus.Hypertableau.firstFreshFoldAssignment_eq_none_iff' depends on axioms: [propext,
 Classical.choice,
 Quot.sound]
info: ContextCalculus/HypertableauRegularProduction.lean:1360:0: 'ContextCalculus.Hypertableau.CartesianFoldAssignmentProducer.ofRuntime_exhausted' depends on axioms: [propext,
 Classical.choice,
 Quot.sound]
info: ContextCalculus/HypertableauRegularProduction.lean:1361:0: 'ContextCalculus.Hypertableau.CartesianFoldAssignmentProducer.ofRuntime_exhaustion_complete' depends on axioms: [propext,
 Classical.choice,
 Quot.sound]
info: ContextCalculus/HypertableauRegularProduction.lean:1362:0: 'ContextCalculus.Hypertableau.CartesianFoldAssignmentRuntime.eventually_done' depends on axioms: [propext,
 Classical.choice,
 Quot.sound]
info: ContextCalculus/HypertableauRegularProduction.lean:1363:0: 'ContextCalculus.Hypertableau.mem_foldBlockers_iff' depends on axioms: [propext, Classical.choice, Quot.sound]
info: ContextCalculus/HypertableauRegularProduction.lean:1364:0: 'ContextCalculus.Hypertableau.foldOptions_option_nonempty' depends on axioms: [propext, Classical.choice, Quot.sound]
ℹ [3353/3356] Replayed ContextCalculus.HypertableauRegularWire
info: ContextCalculus/HypertableauRegularWire.lean:365:0: 'ContextCalculus.Hypertableau.DecodedRegularCertificate.check_models' depends on axioms: [propext, Quot.sound]
info: ContextCalculus/HypertableauRegularWire.lean:366:0: 'ContextCalculus.Hypertableau.DecodedRegularCertificate.check_eq_true_iff_valid' depends on axioms: [propext,
 Quot.sound]
info: ContextCalculus/HypertableauRegularWire.lean:367:0: 'ContextCalculus.Hypertableau.listMembershipEqB_eq_true_iff' depends on axioms: [propext, Quot.sound]
info: ContextCalculus/HypertableauRegularWire.lean:368:0: 'ContextCalculus.Hypertableau.FiniteRegularCertificate.matchesStateB_state' depends on axioms: [propext, Quot.sound]
info: ContextCalculus/HypertableauRegularWire.lean:369:0: 'ContextCalculus.Hypertableau.FiniteRegularCertificate.redirectMatchesAssignmentB_eq_true' depends on axioms: [propext,
 Quot.sound]
ℹ [3354/3439] Replayed ContextCalculus.HypertableauRegularDecisionWire
info: ContextCalculus/HypertableauRegularDecisionWire.lean:154:0: 'ContextCalculus.Hypertableau.DecodedRegularDecision.check_sound' depends on axioms: [propext,
 Classical.choice,
 Quot.sound]
info: ContextCalculus/HypertableauRegularDecisionWire.lean:155:0: 'ContextCalculus.Hypertableau.WireRegularDecisionCertificate.check_sound' depends on axioms: [propext,
 Classical.choice,
 Quot.sound]
ℹ [3355/3439] Replayed ContextCalculus.HypertableauNormalizedWire
info: ContextCalculus/HypertableauNormalizedWire.lean:509:0: 'ContextCalculus.Hypertableau.DecodedNormalizedPlain.check_sound' depends on axioms: [propext,
 Classical.choice,
 Quot.sound]
info: ContextCalculus/HypertableauNormalizedWire.lean:510:0: 'ContextCalculus.Hypertableau.DecodedNormalizedEquality.check_sound' depends on axioms: [propext,
 Classical.choice,
 Quot.sound]
info: ContextCalculus/HypertableauNormalizedWire.lean:511:0: 'ContextCalculus.Hypertableau.DecodedNormalizedCardinality.check_sound' depends on axioms: [propext,
 Classical.choice,
 Quot.sound]
info: ContextCalculus/HypertableauNormalizedWire.lean:512:0: 'ContextCalculus.Hypertableau.DecodedNormalizedRegular.check_sound' depends on axioms: [propext,
 Classical.choice,
 Quot.sound]
info: ContextCalculus/HypertableauNormalizedWire.lean:513:0: 'ContextCalculus.Hypertableau.DecodedNormalizedCertificate.check_sound' depends on axioms: [propext,
 Classical.choice,
 Quot.sound]
info: ContextCalculus/HypertableauNormalizedWire.lean:514:0: 'ContextCalculus.Hypertableau.WireNormalizedCertificate.check_sound' depends on axioms: [propext,
 Classical.choice,
 Quot.sound]
ℹ [3356/3439] Replayed ContextCalculus.HypertableauFrontierWire
info: ContextCalculus/HypertableauFrontierWire.lean:286:0: 'ContextCalculus.Hypertableau.WireAddressFrontier.check_refines' depends on axioms: [propext,
 Classical.choice,
 Quot.sound]
info: ContextCalculus/HypertableauFrontierWire.lean:287:0: 'ContextCalculus.Hypertableau.decodeWireWitnessAddress_encode' depends on axioms: [propext,
 Classical.choice,
 Quot.sound]
info: ContextCalculus/HypertableauFrontierWire.lean:288:0: 'ContextCalculus.Hypertableau.WireAddressFrontier.ofAddress_checkScheduled' depends on axioms: [propext,
 Classical.choice,
 Quot.sound]
info: ContextCalculus/HypertableauFrontierWire.lean:289:0: 'ContextCalculus.Hypertableau.WireAddressFrontier.checkScheduled_check' depends on axioms: [propext,
 Classical.choice,
 Quot.sound]
info: ContextCalculus/HypertableauFrontierWire.lean:290:0: 'ContextCalculus.Hypertableau.WireAddressFrontier.checkScheduled_node_count' depends on axioms: [propext,
 Classical.choice,
 Quot.sound]
info: ContextCalculus/HypertableauFrontierWire.lean:291:0: 'ContextCalculus.Hypertableau.mode6_doubling_eventually_rejects_checked_frontier' depends on axioms: [propext,
 Classical.choice,
 Quot.sound]
ℹ [3357/3439] Replayed ContextCalculus.HypertableauAddressRefinement
info: ContextCalculus/HypertableauAddressRefinement.lean:235:0: 'ContextCalculus.Hypertableau.State.rootedAddressRefinesDirect_iff' depends on axioms: [propext,
 Classical.choice,
 Quot.sound]
info: ContextCalculus/HypertableauAddressRefinement.lean:236:0: 'ContextCalculus.Hypertableau.State.rootedAddressRefinesComputable_iff' depends on axioms: [propext,
 Classical.choice,
 Quot.sound]
info: ContextCalculus/HypertableauAddressRefinement.lean:237:0: 'ContextCalculus.Hypertableau.State.checkRootedAddressRefines_eq_true_iff' depends on axioms: [propext,
 Classical.choice,
 Quot.sound]
info: ContextCalculus/HypertableauAddressRefinement.lean:238:0: 'ContextCalculus.Hypertableau.State.checkRootedAddressRefines_sound' depends on axioms: [propext,
 Classical.choice,
 Quot.sound]
⚠ [3358/3439] Replayed ContextCalculus.HypertableauAddressRefinementWire
warning: ContextCalculus/HypertableauAddressRefinementWire.lean:121:25: try 'simp' instead of 'simpa'

Note: This linter can be disabled with `set_option linter.unnecessarySimpa false`
info: ContextCalculus/HypertableauAddressRefinementWire.lean:123:0: 'ContextCalculus.Hypertableau.DecodedAddressRefinement.check_sound' depends on axioms: [propext,
 Classical.choice,
 Quot.sound]
info: ContextCalculus/HypertableauAddressRefinementWire.lean:124:0: 'ContextCalculus.Hypertableau.WireAddressRefinementDocument.check_sound' depends on axioms: [propext,
 Classical.choice,
 Quot.sound]
ℹ [3359/3439] Replayed ContextCalculus.HypertableauDoublingTraceWire
info: ContextCalculus/HypertableauDoublingTraceWire.lean:135:0: 'ContextCalculus.Hypertableau.WireAddressDoublingTrace.check_sound' depends on axioms: [propext,
 Classical.choice,
 Quot.sound]
ℹ [3360/3439] Replayed ContextCalculus.HypertableauExpansionProduction
info: ContextCalculus/HypertableauExpansionProduction.lean:498:0: 'ContextCalculus.Hypertableau.CartesianFoldExpansionRuntime.eventually_done' depends on axioms: [propext,
 Classical.choice,
 Quot.sound]
info: ContextCalculus/HypertableauExpansionProduction.lean:499:0: 'ContextCalculus.Hypertableau.checkedFoldCandidate_conclusive' depends on axioms: [propext, Quot.sound]
info: ContextCalculus/HypertableauExpansionProduction.lean:500:0: 'ContextCalculus.Hypertableau.foldOptionPairs_has_fresh_of_filtered' depends on axioms: [propext,
 Classical.choice,
 Quot.sound]
info: ContextCalculus/HypertableauExpansionProduction.lean:501:0: 'ContextCalculus.Hypertableau.CartesianFoldExpansionRuntime.expansion_strict' depends on axioms: [propext,
 Classical.choice,
 Quot.sound]
info: ContextCalculus/HypertableauExpansionProduction.lean:502:0: 'ContextCalculus.Hypertableau.CartesianFoldExpansionRuntime.accepted_candidate_conclusive' depends on axioms: [propext,
 Classical.choice,
 Quot.sound]
info: ContextCalculus/HypertableauExpansionProduction.lean:503:0: 'ContextCalculus.Hypertableau.CartesianFoldExpansionRuntime.exhausted_pairs_exact' depends on axioms: [propext,
 Classical.choice,
 Quot.sound]
info: ContextCalculus/HypertableauExpansionProduction.lean:504:0: 'ContextCalculus.Hypertableau.CartesianFoldExpansionExecution.inner_settles' depends on axioms: [propext,
 Classical.choice,
 Quot.sound]
info: ContextCalculus/HypertableauExpansionProduction.lean:505:0: 'ContextCalculus.Hypertableau.CartesianFoldAssignmentExecution.expand_exact' depends on axioms: [propext,
 Classical.choice,
 Quot.sound]
info: ContextCalculus/HypertableauExpansionProduction.lean:506:0: 'ContextCalculus.Hypertableau.CartesianFoldExpansionExecution.head_expansion_exact' depends on axioms: [propext,
 Classical.choice,
 Quot.sound]
info: ContextCalculus/HypertableauExpansionProduction.lean:507:0: 'ContextCalculus.Hypertableau.CartesianFoldDoublingExecution.conclusive' depends on axioms: [propext,
 Classical.choice,
 Quot.sound]
info: ContextCalculus/HypertableauExpansionProduction.lean:508:0: 'ContextCalculus.Hypertableau.CartesianFoldAssignmentRuntime.execute' depends on axioms: [propext,
 Classical.choice,
 Quot.sound]
info: ContextCalculus/HypertableauExpansionProduction.lean:509:0: 'ContextCalculus.Hypertableau.CartesianFoldExpansionRuntime.execute' depends on axioms: [propext,
 Classical.choice,
 Quot.sound]
info: ContextCalculus/HypertableauExpansionProduction.lean:510:0: 'ContextCalculus.Hypertableau.CartesianFoldExpansionRuntime.done' depends on axioms: [propext,
 Classical.choice,
 Quot.sound]
info: ContextCalculus/HypertableauExpansionProduction.lean:511:0: 'ContextCalculus.Hypertableau.CartesianFoldExpansionRuntime.settledExecution' depends on axioms: [propext,
 Classical.choice,
 Quot.sound]
info: ContextCalculus/HypertableauExpansionProduction.lean:512:0: 'ContextCalculus.Hypertableau.CartesianFoldDoublingExecution.executeThrough' depends on axioms: [propext,
 Classical.choice,
 Quot.sound]
ℹ [3361/3439] Replayed ContextCalculus.HypertableauRegularRouteProduction
info: ContextCalculus/HypertableauRegularRouteProduction.lean:917:0: 'ContextCalculus.Hypertableau.State.productionBlocked_eq_true_iff' depends on axioms: [propext,
 Classical.choice,
 Quot.sound]
info: ContextCalculus/HypertableauRegularRouteProduction.lean:918:0: 'ContextCalculus.Hypertableau.FiniteProductionBlockingTable.checkOptions_eq_true_iff' depends on axioms: [propext,
 Classical.choice,
 Quot.sound]
info: ContextCalculus/HypertableauRegularRouteProduction.lean:919:0: 'ContextCalculus.Hypertableau.FiniteProductionBlockingTable.checked_option_exact' depends on axioms: [propext,
 Classical.choice,
 Quot.sound]
info: ContextCalculus/HypertableauRegularRouteProduction.lean:920:0: 'ContextCalculus.Hypertableau.FiniteProductionBlockingTable.checked_pairs_exact' depends on axioms: [propext,
 Classical.choice,
 Quot.sound]
info: ContextCalculus/HypertableauRegularRouteProduction.lean:921:0: 'ContextCalculus.Hypertableau.FiniteProductionBlockingTable.parentEarlierB_eq_true_iff' depends on axioms: [propext,
 Classical.choice,
 Quot.sound]
info: ContextCalculus/HypertableauRegularRouteProduction.lean:922:0: 'ContextCalculus.Hypertableau.FiniteProductionBlockingTable.check_eq_true_iff' depends on axioms: [propext,
 Classical.choice,
 Quot.sound]
info: ContextCalculus/HypertableauRegularRouteProduction.lean:923:0: 'ContextCalculus.Hypertableau.FiniteProductionBlockingTable.check_sound' depends on axioms: [propext,
 Classical.choice,
 Quot.sound]
info: ContextCalculus/HypertableauRegularRouteProduction.lean:924:0: 'ContextCalculus.Hypertableau.finite_productionBlocked_terminal_or_frontier' depends on axioms: [propext,
 Classical.choice,
 Quot.sound]
info: ContextCalculus/HypertableauRegularRouteProduction.lean:925:0: 'ContextCalculus.Hypertableau.FiniteSatCertificate.ofState_state' depends on axioms: [propext,
 Classical.choice,
 Quot.sound]
info: ContextCalculus/HypertableauRegularRouteProduction.lean:926:0: 'ContextCalculus.Hypertableau.FiniteSatCertificate.ofState_emptyRoot' depends on axioms: [propext,
 Classical.choice,
 Quot.sound]
info: ContextCalculus/HypertableauRegularRouteProduction.lean:927:0: 'ContextCalculus.Hypertableau.Refutes.exists_checked_empty_root_certificate' depends on axioms: [propext,
 Classical.choice,
 Quot.sound]
info: ContextCalculus/HypertableauRegularRouteProduction.lean:928:0: 'ContextCalculus.Hypertableau.State.productionBlocked_foldTotal' depends on axioms: [propext,
 Classical.choice,
 Quot.sound]
info: ContextCalculus/HypertableauRegularRouteProduction.lean:929:0: 'ContextCalculus.Hypertableau.State.productionFold_not_forbidden' depends on axioms: [propext,
 Classical.choice,
 Quot.sound]
info: ContextCalculus/HypertableauRegularRouteProduction.lean:930:0: 'ContextCalculus.Hypertableau.State.mem_productionUnwitnessedSources_iff' depends on axioms: [propext,
 Classical.choice,
 Quot.sound]
info: ContextCalculus/HypertableauRegularRouteProduction.lean:931:0: 'ContextCalculus.Hypertableau.State.productionUnwitnessedSources_eq_nil_iff' depends on axioms: [propext,
 Classical.choice,
 Quot.sound]
info: ContextCalculus/HypertableauRegularRouteProduction.lean:932:0: 'ContextCalculus.Hypertableau.FiniteSatCertificate.checkSat_of_empty_production_terminal' depends on axioms: [propext,
 Classical.choice,
 Quot.sound]
info: ContextCalculus/HypertableauRegularRouteProduction.lean:933:0: 'ContextCalculus.Hypertableau.finite_productionBlocked_checked_leaf' depends on axioms: [propext,
 Classical.choice,
 Quot.sound]
info: ContextCalculus/HypertableauRegularRouteProduction.lean:934:0: 'ContextCalculus.Hypertableau.State.productionTerminal_sources_blocked' depends on axioms: [propext,
 Classical.choice,
 Quot.sound]
info: ContextCalculus/HypertableauRegularRouteProduction.lean:935:0: 'ContextCalculus.Hypertableau.State.productionTerminal_foldTable' depends on axioms: [propext,
 Classical.choice,
 Quot.sound]
info: ContextCalculus/HypertableauRegularRouteProduction.lean:936:0: 'ContextCalculus.Hypertableau.State.productionFoldOptions_filtered' depends on axioms: [propext,
 Classical.choice,
 Quot.sound]
info: ContextCalculus/HypertableauRegularRouteProduction.lean:937:0: 'ContextCalculus.Hypertableau.State.productionFoldOptionPairs_has_fresh' depends on axioms: [propext,
 Classical.choice,
 Quot.sound]
info: ContextCalculus/HypertableauRegularRouteProduction.lean:938:0: 'ContextCalculus.Hypertableau.CartesianFoldExpansionRuntime.ofProductionTerminals' depends on axioms: [propext,
 Classical.choice,
 Quot.sound]
info: ContextCalculus/HypertableauRegularRouteProduction.lean:939:0: 'ContextCalculus.Hypertableau.CartesianFoldExpansionRuntime.ofSettledProductionSearch' depends on axioms: [propext,
 Classical.choice,
 Quot.sound]
info: ContextCalculus/HypertableauRegularRouteProduction.lean:940:0: 'ContextCalculus.Hypertableau.finiteProductionSearchSettlement' depends on axioms: [propext,
 Classical.choice,
 Quot.sound]
info: ContextCalculus/HypertableauRegularRouteProduction.lean:941:0: 'ContextCalculus.Hypertableau.CartesianFoldExpansionRuntime.ofFiniteProductionSearch' depends on axioms: [propext,
 Classical.choice,
 Quot.sound]
ℹ [3362/3439] Replayed ContextCalculus.HypertableauProductionBlockingWire
info: ContextCalculus/HypertableauProductionBlockingWire.lean:400:0: 'ContextCalculus.Hypertableau.WireProductionBlockingTable.check_sound' depends on axioms: [propext,
 Classical.choice,
 Quot.sound]
info: ContextCalculus/HypertableauProductionBlockingWire.lean:401:0: 'ContextCalculus.Hypertableau.FiniteProductionBlockingTable.computableExpectedOptions_eq' depends on axioms: [propext,
 Classical.choice,
 Quot.sound]
info: ContextCalculus/HypertableauProductionBlockingWire.lean:402:0: 'ContextCalculus.Hypertableau.FiniteProductionBlockingTable.computableCheck_eq_true_iff' depends on axioms: [propext,
 Classical.choice,
 Quot.sound]
info: ContextCalculus/HypertableauProductionBlockingWire.lean:403:0: 'ContextCalculus.Hypertableau.DecodedProductionBlockingTable.assignmentsExhausted_eq_true_iff' depends on axioms: [propext,
 Classical.choice,
 Quot.sound]
info: ContextCalculus/HypertableauProductionBlockingWire.lean:404:0: 'ContextCalculus.Hypertableau.DecodedProductionBlockingTable.optionsNonempty_eq_true_iff' depends on axioms: [propext,
 Quot.sound]
info: ContextCalculus/HypertableauProductionBlockingWire.lean:405:0: 'ContextCalculus.Hypertableau.WireProductionBlockingTable.checked_sourceExpansionControlled' depends on axioms: [propext,
 Classical.choice,
 Quot.sound]
ℹ [3363/3439] Replayed ContextCalculus.HypertableauFiniteProductionTerminalWire
info: ContextCalculus/HypertableauFiniteProductionTerminalWire.lean:179:0: 'ContextCalculus.Hypertableau.WireFiniteProductionTerminal.check_sound' depends on axioms: [propext,
 Classical.choice,
 Quot.sound]
ℹ [3364/3439] Replayed ContextCalculus.HypertableauRegularProductionTerminalWire
info: ContextCalculus/HypertableauRegularProductionTerminalWire.lean:138:0: 'ContextCalculus.Hypertableau.WireRegularProductionTerminal.check_sound' depends on axioms: [propext,
 Classical.choice,
 Quot.sound]
ℹ [3365/3439] Replayed ContextCalculus.HypertableauEqualityBlockingCertificate
info: ContextCalculus/HypertableauEqualityBlockingCertificate.lean:913:0: 'ContextCalculus.Hypertableau.FiniteEqFoldCertificate.check_satisfiable' depends on axioms: [propext,
 Classical.choice,
 Quot.sound]
info: ContextCalculus/HypertableauEqualityBlockingCertificate.lean:914:0: 'ContextCalculus.Hypertableau.FiniteEqFoldCertificate.closedClashFree_of_base' does not depend on any axioms
info: ContextCalculus/HypertableauEqualityBlockingCertificate.lean:915:0: 'ContextCalculus.Hypertableau.FiniteEqFoldCertificate.closedWitnessComplete_of_base' does not depend on any axioms
info: ContextCalculus/HypertableauEqualityBlockingCertificate.lean:916:0: 'ContextCalculus.Hypertableau.FiniteEqFoldCertificate.closedHoldsAtom_of_base' does not depend on any axioms
info: ContextCalculus/HypertableauEqualityBlockingCertificate.lean:917:0: 'ContextCalculus.Hypertableau.FiniteEqFoldCertificate.closedHoldsAtom_base_of_roleFree' depends on axioms: [propext]
info: ContextCalculus/HypertableauEqualityBlockingCertificate.lean:918:0: 'ContextCalculus.Hypertableau.FiniteEqFoldCertificate.mem_foldedEdges_iff' depends on axioms: [propext, Quot.sound]
info: ContextCalculus/HypertableauEqualityBlockingCertificate.lean:919:0: 'ContextCalculus.Hypertableau.FiniteEqFoldCertificate.closedRole_implication' depends on axioms: [propext,
 Classical.choice,
 Quot.sound]
info: ContextCalculus/HypertableauEqualityBlockingCertificate.lean:920:0: 'ContextCalculus.Hypertableau.FiniteEqFoldCertificate.closedInverseRole_implication' depends on axioms: [propext,
 Classical.choice,
 Quot.sound]
info: ContextCalculus/HypertableauEqualityBlockingCertificate.lean:921:0: 'ContextCalculus.Hypertableau.FiniteEqFoldCertificate.foldLabelCompatible_of_signatures' depends on axioms: [propext,
 Classical.choice,
 Quot.sound]
info: ContextCalculus/HypertableauEqualityBlockingCertificate.lean:922:0: 'ContextCalculus.Hypertableau.FiniteEqFoldCertificate.closedForwardConcept_implication' depends on axioms: [propext,
 Classical.choice,
 Quot.sound]
info: ContextCalculus/HypertableauEqualityBlockingCertificate.lean:923:0: 'ContextCalculus.Hypertableau.FiniteEqFoldCertificate.closedTargetConcept_implication' depends on axioms: [propext,
 Classical.choice,
 Quot.sound]
info: ContextCalculus/HypertableauEqualityBlockingCertificate.lean:924:0: 'ContextCalculus.Hypertableau.FiniteEqFoldCertificate.closedSaturatedFor_of_roleFree' depends on axioms: [propext]
info: ContextCalculus/HypertableauEqualityBlockingCertificate.lean:925:0: 'ContextCalculus.Hypertableau.FiniteEqFoldCertificate.check_eq_true_iff_materialize_valid' depends on axioms: [propext,
 Classical.choice,
 Quot.sound]
info: ContextCalculus/HypertableauEqualityBlockingCertificate.lean:926:0: 'ContextCalculus.Hypertableau.FiniteEqFoldCertificate.check_complete' depends on axioms: [propext,
 Classical.choice,
 Quot.sound]
info: ContextCalculus/HypertableauEqualityBlockingCertificate.lean:927:0: 'ContextCalculus.Hypertableau.FiniteEqFoldCertificate.check_complete_of' depends on axioms: [propext,
 Classical.choice,
 Quot.sound]
info: ContextCalculus/HypertableauEqualityBlockingCertificate.lean:928:0: 'ContextCalculus.Hypertableau.FiniteEqFoldCertificate.check_of_base_valid_roleFree' depends on axioms: [propext,
 Classical.choice,
 Quot.sound]
info: ContextCalculus/HypertableauEqualityBlockingCertificate.lean:929:0: 'ContextCalculus.Hypertableau.FiniteEqFoldCertificate.check_of_base_valid_bodyConservative' depends on axioms: [propext,
 Classical.choice,
 Quot.sound]
info: ContextCalculus/HypertableauEqualityBlockingCertificate.lean:930:0: 'ContextCalculus.Hypertableau.FiniteEqFoldCertificate.check_of_base_valid_bodyConservativeB' depends on axioms: [propext,
 Classical.choice,
 Quot.sound]
info: ContextCalculus/HypertableauEqualityBlockingCertificate.lean:931:0: 'ContextCalculus.Hypertableau.FiniteEqFoldCertificate.checkWithCardinality_eq_true_iff' depends on axioms: [propext,
 Classical.choice,
 Quot.sound]
info: ContextCalculus/HypertableauEqualityBlockingCertificate.lean:932:0: 'ContextCalculus.Hypertableau.FiniteEqFoldCertificate.checkWithCardinality_of_base_valid_bodyConservative' depends on axioms: [propext,
 Classical.choice,
 Quot.sound]
info: ContextCalculus/HypertableauEqualityBlockingCertificate.lean:933:0: 'ContextCalculus.Hypertableau.FiniteEqFoldCertificate.checkWithCardinality_models' depends on axioms: [propext,
 Classical.choice,
 Quot.sound]
ℹ [3366/3439] Replayed ContextCalculus.HypertableauNativeABoxProjection
info: ContextCalculus/HypertableauNativeABoxProjection.lean:287:0: 'ContextCalculus.Hypertableau.nativeABoxSeed_realized_iff' depends on axioms: [propext]
info: ContextCalculus/HypertableauNativeABoxProjection.lean:288:0: 'ContextCalculus.Hypertableau.NativeABox.models_of_mapConcepts' depends on axioms: [propext, Quot.sound]
info: ContextCalculus/HypertableauNativeABoxProjection.lean:289:0: 'ContextCalculus.Hypertableau.NativeABox.mapConcepts_models_of' depends on axioms: [propext, Quot.sound]
info: ContextCalculus/HypertableauNativeABoxProjection.lean:290:0: 'ContextCalculus.Hypertableau.nativeABoxSeed_realized_of_seeded' does not depend on any axioms
info: ContextCalculus/HypertableauNativeABoxProjection.lean:291:0: 'ContextCalculus.Hypertableau.NativeABox.models_of_seeded' depends on axioms: [propext]
info: ContextCalculus/HypertableauNativeABoxProjection.lean:292:0: 'ContextCalculus.Hypertableau.models_negativeRoleAssertionClause_iff' depends on axioms: [propext,
 Classical.choice,
 Quot.sound]
ℹ [3367/3439] Replayed ContextCalculus.HypertableauDirectProjectionWire
info: ContextCalculus/HypertableauDirectProjectionWire.lean:187:0: 'ContextCalculus.Hypertableau.DecodedDirectProjection.models_source_iff_target' does not depend on any axioms
info: ContextCalculus/HypertableauDirectProjectionWire.lean:188:0: 'ContextCalculus.Hypertableau.WireDirectProjection.check_sound' depends on axioms: [propext]
ℹ [3368/3439] Replayed ContextCalculus.HypertableauSkolemProjection
info: ContextCalculus/HypertableauSkolemProjection.lean:271:0: 'ContextCalculus.Hypertableau.skolemPair_sound' depends on axioms: [propext]
info: ContextCalculus/HypertableauSkolemProjection.lean:272:0: 'ContextCalculus.Hypertableau.skolemPair_complete' depends on axioms: [propext, Classical.choice, Quot.sound]
info: ContextCalculus/HypertableauSkolemProjection.lean:273:0: 'ContextCalculus.Hypertableau.skolemPair_sat_iff' depends on axioms: [propext, Classical.choice, Quot.sound]
info: ContextCalculus/HypertableauSkolemProjection.lean:274:0: 'ContextCalculus.Hypertableau.modelsSkolemPairs_complete' depends on axioms: [propext, Classical.choice, Quot.sound]
info: ContextCalculus/HypertableauSkolemProjection.lean:275:0: 'ContextCalculus.Hypertableau.mixedSkolemProjection_sat_iff' depends on axioms: [propext, Classical.choice, Quot.sound]
ℹ [3369/3439] Replayed ContextCalculus.HypertableauMixedProjectionWire
info: ContextCalculus/HypertableauMixedProjectionWire.lean:198:0: 'ContextCalculus.Hypertableau.models_iff_of_toFinset_eq' depends on axioms: [propext, Classical.choice, Quot.sound]
info: ContextCalculus/HypertableauMixedProjectionWire.lean:199:0: 'ContextCalculus.Hypertableau.DecodedMixedProjection.models_source_iff_target' depends on axioms: [propext,
 Classical.choice,
 Quot.sound]
info: ContextCalculus/HypertableauMixedProjectionWire.lean:200:0: 'ContextCalculus.Hypertableau.WireMixedProjection.check_sound' depends on axioms: [propext,
 Classical.choice,
 Quot.sound]
ℹ [3370/3439] Replayed ContextCalculus.HypertableauSkolemDefinerProjection
info: ContextCalculus/HypertableauSkolemDefinerProjection.lean:231:0: 'ContextCalculus.Hypertableau.bundleProjection_sound' depends on axioms: [propext, Quot.sound]
info: ContextCalculus/HypertableauSkolemDefinerProjection.lean:232:0: 'ContextCalculus.Hypertableau.bundleProjection_complete' depends on axioms: [propext, Classical.choice, Quot.sound]
info: ContextCalculus/HypertableauSkolemDefinerProjection.lean:233:0: 'ContextCalculus.Hypertableau.bundleProjection_sat_iff' depends on axioms: [propext, Classical.choice, Quot.sound]
ℹ [3371/3439] Replayed ContextCalculus.HypertableauConceptRenaming
info: ContextCalculus/HypertableauConceptRenaming.lean:137:0: 'ContextCalculus.Hypertableau.models_rename_pullback_iff' depends on axioms: [propext, Quot.sound]
info: ContextCalculus/HypertableauConceptRenaming.lean:138:0: 'ContextCalculus.Hypertableau.models_rename_pushforward_iff' depends on axioms: [propext, Quot.sound]
info: ContextCalculus/HypertableauConceptRenaming.lean:139:0: 'ContextCalculus.Hypertableau.renameOntology_sat_iff_of_leftInverse' depends on axioms: [propext, Quot.sound]
ℹ [3372/3439] Replayed ContextCalculus.HypertableauSkolemBundleListProjection
info: ContextCalculus/HypertableauSkolemBundleListProjection.lean:299:0: 'ContextCalculus.Hypertableau.indexedBundleProjection_sound' depends on axioms: [propext, Quot.sound]
info: ContextCalculus/HypertableauSkolemBundleListProjection.lean:300:0: 'ContextCalculus.Hypertableau.indexedBundleProjection_complete' depends on axioms: [propext,
 Classical.choice,
 Quot.sound]
info: ContextCalculus/HypertableauSkolemBundleListProjection.lean:301:0: 'ContextCalculus.Hypertableau.indexedBundleProjection_sat_iff' depends on axioms: [propext,
 Classical.choice,
 Quot.sound]
info: ContextCalculus/HypertableauSkolemBundleListProjection.lean:302:0: 'ContextCalculus.Hypertableau.indexedBundleProjection_renamed_sat_iff' depends on axioms: [propext,
 Classical.choice,
 Quot.sound]
ℹ [3373/3439] Replayed ContextCalculus.HypertableauDomainProjection
info: ContextCalculus/HypertableauDomainProjection.lean:199:0: 'ContextCalculus.Hypertableau.models_roleInclusionClause_iff' depends on axioms: [propext]
info: ContextCalculus/HypertableauDomainProjection.lean:200:0: 'ContextCalculus.Hypertableau.models_roleDomainClause_iff' depends on axioms: [propext]
info: ContextCalculus/HypertableauDomainProjection.lean:201:0: 'ContextCalculus.Hypertableau.models_roleInclusionPathClauses_implies' depends on axioms: [propext]
info: ContextCalculus/HypertableauDomainProjection.lean:202:0: 'ContextCalculus.Hypertableau.domainConsequence_sound' depends on axioms: [propext]
info: ContextCalculus/HypertableauDomainProjection.lean:203:0: 'ContextCalculus.Hypertableau.domainConsequences_sound' depends on axioms: [propext, Quot.sound]
info: ContextCalculus/HypertableauDomainProjection.lean:204:0: 'ContextCalculus.Hypertableau.add_domainConsequences_iff' depends on axioms: [propext, Quot.sound]
ℹ [3374/3439] Replayed ContextCalculus.HypertableauBundleDomainProjection
info: ContextCalculus/HypertableauBundleDomainProjection.lean:215:0: 'ContextCalculus.Hypertableau.indexedBundleDomainClause_sound' depends on axioms: [propext]
info: ContextCalculus/HypertableauBundleDomainProjection.lean:216:0: 'ContextCalculus.Hypertableau.indexedBundleDomainOntology_sound' depends on axioms: [propext, Quot.sound]
info: ContextCalculus/HypertableauBundleDomainProjection.lean:217:0: 'ContextCalculus.Hypertableau.add_indexedBundleDomainOntology_iff' depends on axioms: [propext, Quot.sound]
info: ContextCalculus/HypertableauBundleDomainProjection.lean:218:0: 'ContextCalculus.Hypertableau.add_indexedBundleDomainOntology_of_direct_iff' depends on axioms: [propext, Quot.sound]
info: ContextCalculus/HypertableauBundleDomainProjection.lean:219:0: 'ContextCalculus.Hypertableau.indexedBundleDomainProjection_renamed_sat_iff' depends on axioms: [propext,
 Classical.choice,
 Quot.sound]
ℹ [3375/3439] Replayed ContextCalculus.HypertableauCardinalityRenaming
info: ContextCalculus/HypertableauCardinalityRenaming.lean:126:0: 'ContextCalculus.Hypertableau.modelsCardinalityDef_rename_pullback_iff' does not depend on any axioms
info: ContextCalculus/HypertableauCardinalityRenaming.lean:127:0: 'ContextCalculus.Hypertableau.modelsCardinalityDefExact_rename_pullback_iff' does not depend on any axioms
info: ContextCalculus/HypertableauCardinalityRenaming.lean:128:0: 'ContextCalculus.Hypertableau.modelsPairedCardinalityTargets_rename_pullback_iff' depends on axioms: [propext,
 Quot.sound]
info: ContextCalculus/HypertableauCardinalityRenaming.lean:129:0: 'ContextCalculus.Hypertableau.renameOntology_pairedCardinality_sat_iff_of_leftInverse' depends on axioms: [propext,
 Quot.sound]
ℹ [3376/3439] Replayed ContextCalculus.HypertableauBundleProjectionWire
info: ContextCalculus/HypertableauBundleProjectionWire.lean:665:0: 'ContextCalculus.Hypertableau.DecodedBundleProjection.models_source_iff_target' depends on axioms: [propext,
 Classical.choice,
 Quot.sound]
info: ContextCalculus/HypertableauBundleProjectionWire.lean:666:0: 'ContextCalculus.Hypertableau.DecodedBundleProjection.source_model_to_target_model_preserving_nativeABox' depends on axioms: [propext,
 Classical.choice,
 Quot.sound]
info: ContextCalculus/HypertableauBundleProjectionWire.lean:667:0: 'ContextCalculus.Hypertableau.DecodedBundleProjection.target_model_to_source_model_preserving_nativeABox' depends on axioms: [propext,
 Classical.choice,
 Quot.sound]
info: ContextCalculus/HypertableauBundleProjectionWire.lean:668:0: 'ContextCalculus.Hypertableau.DecodedBundleProjection.source_model_to_target_model_preserving_nativeABox_cardinality' depends on axioms: [propext,
 Classical.choice,
 Quot.sound]
info: ContextCalculus/HypertableauBundleProjectionWire.lean:669:0: 'ContextCalculus.Hypertableau.DecodedBundleProjection.target_model_to_source_model_preserving_nativeABox_cardinality' depends on axioms: [propext,
 Classical.choice,
 Quot.sound]
info: ContextCalculus/HypertableauBundleProjectionWire.lean:670:0: 'ContextCalculus.Hypertableau.WireBundleProjection.check_sound' depends on axioms: [propext,
 Classical.choice,
 Quot.sound]
ℹ [3377/3439] Replayed ContextCalculus.HypertableauNativeABoxDecision
info: ContextCalculus/HypertableauNativeABoxDecision.lean:297:0: 'ContextCalculus.Hypertableau.FiniteDistinctEqCertificate.checkEqSat_native_satisfiable' depends on axioms: [propext,
 Classical.choice,
 Quot.sound]
info: ContextCalculus/HypertableauNativeABoxDecision.lean:298:0: 'ContextCalculus.Hypertableau.FiniteDistinctEqCertificate.checkEqSatWithCardinality_native_satisfiable' depends on axioms: [propext,
 Classical.choice,
 Quot.sound]
info: ContextCalculus/HypertableauNativeABoxDecision.lean:299:0: 'ContextCalculus.Hypertableau.FiniteDistinctEqCertificate.apartSeparatedB_sound' depends on axioms: [propext,
 Classical.choice,
 Quot.sound]
info: ContextCalculus/HypertableauNativeABoxDecision.lean:300:0: 'ContextCalculus.Hypertableau.FiniteEqRefutationTree.check_native_abox_unsatisfiable' depends on axioms: [propext,
 Classical.choice,
 Quot.sound]
info: ContextCalculus/HypertableauNativeABoxDecision.lean:301:0: 'ContextCalculus.Hypertableau.NativeABox.ExactEqSeed.initializes' depends on axioms: [propext,
 Classical.choice,
 Quot.sound]
info: ContextCalculus/HypertableauNativeABoxDecision.lean:302:0: 'ContextCalculus.Hypertableau.NativeABox.ExactDistinctSeed.initializes' depends on axioms: [propext,
 Classical.choice,
 Quot.sound]
info: ContextCalculus/HypertableauNativeABoxDecision.lean:303:0: 'ContextCalculus.Hypertableau.FiniteDistinctCardinalityRefutationTree.checkClosed_native_abox_unsatisfiable' depends on axioms: [propext,
 Classical.choice,
 Quot.sound]
ℹ [3378/3439] Replayed ContextCalculus.HypertableauCardinalityProjectionWire
info: ContextCalculus/HypertableauCardinalityProjectionWire.lean:212:0: 'ContextCalculus.Hypertableau.DecodedCardinalityProjection.models_source_iff_target' depends on axioms: [propext,
 Classical.choice,
 Quot.sound]
info: ContextCalculus/HypertableauCardinalityProjectionWire.lean:213:0: 'ContextCalculus.Hypertableau.WireCardinalityProjection.check_sound' depends on axioms: [propext,
 Classical.choice,
 Quot.sound]
ℹ [3379/3439] Replayed ContextCalculus.HypertableauDirectCardinalityProjectionWire
info: ContextCalculus/HypertableauDirectCardinalityProjectionWire.lean:189:0: 'ContextCalculus.Hypertableau.DecodedDirectCardinalityProjection.models_source_iff_target' depends on axioms: [propext,
 Classical.choice,
 Quot.sound]
info: ContextCalculus/HypertableauDirectCardinalityProjectionWire.lean:190:0: 'ContextCalculus.Hypertableau.WireDirectCardinalityProjection.check_sound' depends on axioms: [propext,
 Classical.choice,
 Quot.sound]
⚠ [3380/3439] Replayed ContextCalculus.HypertableauNativeABoxProjectionWire
warning: ContextCalculus/HypertableauNativeABoxProjectionWire.lean:203:4: try 'simp' instead of 'simpa'

Note: This linter can be disabled with `set_option linter.unnecessarySimpa false`
warning: ContextCalculus/HypertableauNativeABoxProjectionWire.lean:237:4: This simp argument is unused:
  FiniteDistinctEqCertificate.state

Hint: Omit it from the simp argument list.
  simp only [DecodedNativeABox.apartJustifiedB, List.all_eq_true, List.any_eq_true, Bool.or_eq_true,
  ̲  ̲ ̲ ̲d̵e̵c̵i̵d̵e̵_̵e̵q̵_̵t̵r̵u̵e̵_̵e̵q̵,̵
  ̵ ̵ ̵ ̵ ̵F̵i̵n̵i̵t̵e̵D̵i̵s̵t̵i̵n̵c̵t̵E̵q̵C̵e̵r̵t̵i̵f̵i̵c̵a̵t̵e̵.̵s̵t̵a̵t̵e̵]̵d̲e̲c̲i̲d̲e̲_̲e̲q̲_̲t̲r̲u̲e̲_̲e̲q̲]̲ at hcheck

Note: This linter can be disabled with `set_option linter.unusedSimpArgs false`
warning: ContextCalculus/HypertableauNativeABoxProjectionWire.lean:811:7: unused variable `hdefinitions`

Note: This linter can be disabled with `set_option linter.unusedVariables false`
warning: ContextCalculus/HypertableauNativeABoxProjectionWire.lean:1051:9: unused variable `hdefinitions`

Note: This linter can be disabled with `set_option linter.unusedVariables false`
info: ContextCalculus/HypertableauNativeABoxProjectionWire.lean:1936:0: 'ContextCalculus.Hypertableau.DecodedNativeABox.models_iff_seed' depends on axioms: [propext]
info: ContextCalculus/HypertableauNativeABoxProjectionWire.lean:1937:0: 'ContextCalculus.Hypertableau.DecodedNativeABox.models_negativeRoleClauses_iff' depends on axioms: [propext,
 Classical.choice,
 Quot.sound]
info: ContextCalculus/HypertableauNativeABoxProjectionWire.lean:1938:0: 'ContextCalculus.Hypertableau.DecodedNativeABox.models_append_negativeRoleClauses_iff' depends on axioms: [propext,
 Classical.choice,
 Quot.sound]
info: ContextCalculus/HypertableauNativeABoxProjectionWire.lean:1939:0: 'ContextCalculus.Hypertableau.DecodedNativeABox.seededInB_eq_true_iff' depends on axioms: [propext,
 Classical.choice,
 Quot.sound]
info: ContextCalculus/HypertableauNativeABoxProjectionWire.lean:1940:0: 'ContextCalculus.Hypertableau.WireNativeABox.check_sound' depends on axioms: [propext, Classical.choice, Quot.sound]
info: ContextCalculus/HypertableauNativeABoxProjectionWire.lean:1941:0: 'ContextCalculus.Hypertableau.WireNativeABoxSeed.check_sound' depends on axioms: [propext, Classical.choice, Quot.sound]
info: ContextCalculus/HypertableauNativeABoxProjectionWire.lean:1942:0: 'ContextCalculus.Hypertableau.DecodedNativeABoxSeed.checkEqSat_native_satisfiable' depends on axioms: [propext,
 Classical.choice,
 Quot.sound]
info: ContextCalculus/HypertableauNativeABoxProjectionWire.lean:1943:0: 'ContextCalculus.Hypertableau.DecodedNativeABoxInitial.initializes' depends on axioms: [propext,
 Classical.choice,
 Quot.sound]
info: ContextCalculus/HypertableauNativeABoxProjectionWire.lean:1944:0: 'ContextCalculus.Hypertableau.DecodedNativeABoxRefutation.unsatisfiable' depends on axioms: [propext,
 Classical.choice,
 Quot.sound]
info: ContextCalculus/HypertableauNativeABoxProjectionWire.lean:1945:0: 'ContextCalculus.Hypertableau.DecodedNativeABoxDistinctInitial.initializes' depends on axioms: [propext,
 Classical.choice,
 Quot.sound]
info: ContextCalculus/HypertableauNativeABoxProjectionWire.lean:1946:0: 'ContextCalculus.Hypertableau.DecodedNativeABoxCardinalityRefutation.unsatisfiable' depends on axioms: [propext,
 Classical.choice,
 Quot.sound]
info: ContextCalculus/HypertableauNativeABoxProjectionWire.lean:1947:0: 'ContextCalculus.Hypertableau.DecodedDirectNativeABoxCardinalityRefutation.source_unsatisfiable' depends on axioms: [propext,
 Classical.choice,
 Quot.sound]
info: ContextCalculus/HypertableauNativeABoxProjectionWire.lean:1948:0: 'ContextCalculus.Hypertableau.DecodedMixedNativeABoxCardinalityRefutation.source_unsatisfiable' depends on axioms: [propext,
 Classical.choice,
 Quot.sound]
info: ContextCalculus/HypertableauNativeABoxProjectionWire.lean:1949:0: 'ContextCalculus.Hypertableau.DecodedBundleNativeABoxCardinalityRefutation.source_unsatisfiable' depends on axioms: [propext,
 Classical.choice,
 Quot.sound]
info: ContextCalculus/HypertableauNativeABoxProjectionWire.lean:1950:0: 'ContextCalculus.Hypertableau.DecodedDirectNativeABoxRefutation.source_unsatisfiable' depends on axioms: [propext,
 Classical.choice,
 Quot.sound]
info: ContextCalculus/HypertableauNativeABoxProjectionWire.lean:1951:0: 'ContextCalculus.Hypertableau.DecodedMixedNativeABoxRefutation.source_unsatisfiable' depends on axioms: [propext,
 Classical.choice,
 Quot.sound]
info: ContextCalculus/HypertableauNativeABoxProjectionWire.lean:1952:0: 'ContextCalculus.Hypertableau.DecodedBundleNativeABoxRefutation.source_unsatisfiable' depends on axioms: [propext,
 Classical.choice,
 Quot.sound]
ℹ [3381/3439] Replayed ContextCalculus.HypertableauNativeABoxModelWire
info: ContextCalculus/HypertableauNativeABoxModelWire.lean:364:0: 'ContextCalculus.Hypertableau.DecodedNativeABoxSeed.proxySingletonsB_sound' depends on axioms: [propext,
 Classical.choice,
 Quot.sound]
info: ContextCalculus/HypertableauNativeABoxModelWire.lean:365:0: 'ContextCalculus.Hypertableau.DecodedNativeABoxSeed.negativeRolesB_sound' depends on axioms: [propext,
 Classical.choice,
 Quot.sound]
info: ContextCalculus/HypertableauNativeABoxModelWire.lean:366:0: 'ContextCalculus.Hypertableau.DecodedNativeABoxSatCertificate.satisfiable' depends on axioms: [propext,
 Classical.choice,
 Quot.sound]
info: ContextCalculus/HypertableauNativeABoxModelWire.lean:367:0: 'ContextCalculus.Hypertableau.DecodedNativeABoxSatCertificate.canonical_model' depends on axioms: [propext,
 Classical.choice,
 Quot.sound]
info: ContextCalculus/HypertableauNativeABoxModelWire.lean:368:0: 'ContextCalculus.Hypertableau.DecodedNativeABoxDecision.semantic_valid' depends on axioms: [propext,
 Classical.choice,
 Quot.sound]
info: ContextCalculus/HypertableauNativeABoxModelWire.lean:369:0: 'ContextCalculus.Hypertableau.DecodedNativeABoxCardinalitySatCertificate.satisfiable' depends on axioms: [propext,
 Classical.choice,
 Quot.sound]
info: ContextCalculus/HypertableauNativeABoxModelWire.lean:370:0: 'ContextCalculus.Hypertableau.DecodedNativeABoxCardinalitySatCertificate.canonical_model' depends on axioms: [propext,
 Classical.choice,
 Quot.sound]
info: ContextCalculus/HypertableauNativeABoxModelWire.lean:371:0: 'ContextCalculus.Hypertableau.DecodedNativeABoxCardinalitySatCertificate.models_exact_definitions' depends on axioms: [propext,
 Classical.choice,
 Quot.sound]
info: ContextCalculus/HypertableauNativeABoxModelWire.lean:372:0: 'ContextCalculus.Hypertableau.DecodedNativeABoxCardinalityDecision.semantic_valid' depends on axioms: [propext,
 Classical.choice,
 Quot.sound]
ℹ [3382/3439] Replayed ContextCalculus.HypertableauEqualityProductionBlockingWire
info: ContextCalculus/HypertableauEqualityProductionBlockingWire.lean:1075:0: 'ContextCalculus.Hypertableau.FiniteEqCertificate.computableQuotientRoleBlockingSignature_eq' depends on axioms: [propext,
 Classical.choice,
 Quot.sound]
info: ContextCalculus/HypertableauEqualityProductionBlockingWire.lean:1076:0: 'ContextCalculus.Hypertableau.FiniteEqCertificate.productionMatchesB_state' depends on axioms: [propext, Quot.sound]
info: ContextCalculus/HypertableauEqualityProductionBlockingWire.lean:1077:0: 'ContextCalculus.Hypertableau.DecodedEqProductionBlockingTable.assignmentCandidateValidB_eq_foldCheck' depends on axioms: [propext,
 Classical.choice,
 Quot.sound]
info: ContextCalculus/HypertableauEqualityProductionBlockingWire.lean:1078:0: 'ContextCalculus.Hypertableau.FiniteEqProductionBlockingTable.computableExpectedOptions_eq' depends on axioms: [propext,
 Classical.choice,
 Quot.sound]
info: ContextCalculus/HypertableauEqualityProductionBlockingWire.lean:1079:0: 'ContextCalculus.Hypertableau.WireEqProductionBlockingTable.check_sound' depends on axioms: [propext,
 Classical.choice,
 Quot.sound]
info: ContextCalculus/HypertableauEqualityProductionBlockingWire.lean:1080:0: 'ContextCalculus.Hypertableau.WireEqProductionTerminal.check_sound' depends on axioms: [propext,
 Classical.choice,
 Quot.sound]
info: ContextCalculus/HypertableauEqualityProductionBlockingWire.lean:1081:0: 'ContextCalculus.Hypertableau.DecodedEqProductionBlockingTable.nativeAssignmentCandidateValidB_sound' depends on axioms: [propext,
 Classical.choice,
 Quot.sound]
info: ContextCalculus/HypertableauEqualityProductionBlockingWire.lean:1082:0: 'ContextCalculus.Hypertableau.WireEqProductionBlockingTable.checked_sourceExpansionControlled' depends on axioms: [propext,
 Classical.choice,
 Quot.sound]
info: ContextCalculus/HypertableauEqualityProductionBlockingWire.lean:1083:0: 'ContextCalculus.Hypertableau.WireEqProductionBlockingTable.checked_rejectedCandidate_invalid' depends on axioms: [propext,
 Classical.choice,
 Quot.sound]
info: ContextCalculus/HypertableauEqualityProductionBlockingWire.lean:1084:0: 'ContextCalculus.Hypertableau.WireEqProductionBlockingTable.checked_expansion_has_fresh_pair' depends on axioms: [propext,
 Classical.choice,
 Quot.sound]
info: ContextCalculus/HypertableauEqualityProductionBlockingWire.lean:1085:0: 'ContextCalculus.Hypertableau.WireEqProductionBlockingTable.checked_expansion_strict' depends on axioms: [propext,
 Classical.choice,
 Quot.sound]
ℹ [3383/3439] Replayed ContextCalculus.HypertableauOrdinaryProductionRunWire
info: ContextCalculus/HypertableauOrdinaryProductionRunWire.lean:229:0: 'ContextCalculus.Hypertableau.WireOrdinaryProductionRun.check_sound' depends on axioms: [propext,
 Classical.choice,
 Quot.sound]
ℹ [3384/3439] Replayed ContextCalculus.HypertableauOrdinaryUnsatProductionRunWire
info: ContextCalculus/HypertableauOrdinaryUnsatProductionRunWire.lean:166:0: 'ContextCalculus.Hypertableau.WireOrdinaryUnsatProductionRun.check_sound' depends on axioms: [propext,
 Classical.choice,
 Quot.sound]
info: ContextCalculus/HypertableauOrdinaryUnsatProductionRunWire.lean:167:0: 'ContextCalculus.Hypertableau.WireOrdinaryUnsatProductionRun.Accepted.terminal_semantics' depends on axioms: [propext,
 Classical.choice,
 Quot.sound]
ℹ [3385/3439] Replayed ContextCalculus.HypertableauSourceBoundOrdinaryGlobalWire
info: ContextCalculus/HypertableauSourceBoundOrdinaryGlobalWire.lean:123:0: 'ContextCalculus.Hypertableau.WireSourceBoundOrdinaryGlobal.check_sound' depends on axioms: [propext,
 Classical.choice,
 Quot.sound]
ℹ [3386/3439] Replayed ContextCalculus.HypertableauTaxonomyCertificate
info: ContextCalculus/HypertableauTaxonomyCertificate.lean:293:0: 'ContextCalculus.Hypertableau.ConceptDecision.answer_eq_true_iff' depends on axioms: [propext]
info: ContextCalculus/HypertableauTaxonomyCertificate.lean:294:0: 'ContextCalculus.Hypertableau.SubsumptionDecision.answer_eq_true_iff' depends on axioms: [propext]
info: ContextCalculus/HypertableauTaxonomyCertificate.lean:295:0: 'ContextCalculus.Hypertableau.CoveredTaxonomyCertificate.sound' does not depend on any axioms
info: ContextCalculus/HypertableauTaxonomyCertificate.lean:296:0: 'ContextCalculus.Hypertableau.CompleteTaxonomyCertificate.unsatisfiable_exact' depends on axioms: [propext]
info: ContextCalculus/HypertableauTaxonomyCertificate.lean:297:0: 'ContextCalculus.Hypertableau.CompleteTaxonomyCertificate.subsumptions_exact' depends on axioms: [propext, Quot.sound]
info: ContextCalculus/HypertableauTaxonomyCertificate.lean:298:0: 'ContextCalculus.Hypertableau.FiniteConceptDecision.sound' depends on axioms: [propext, Classical.choice, Quot.sound]
info: ContextCalculus/HypertableauTaxonomyCertificate.lean:299:0: 'ContextCalculus.Hypertableau.FiniteSubsumptionDecision.sound' depends on axioms: [propext,
 Classical.choice,
 Quot.sound]
info: ContextCalculus/HypertableauTaxonomyCertificate.lean:300:0: 'ContextCalculus.Hypertableau.FiniteCompleteTaxonomyCertificate.sound' depends on axioms: [propext,
 Classical.choice,
 Quot.sound]
info: ContextCalculus/HypertableauTaxonomyCertificate.lean:301:0: 'ContextCalculus.Hypertableau.IndexedFiniteCompleteTaxonomyCertificate.sound' depends on axioms: [propext,
 Classical.choice,
 Quot.sound]
info: ContextCalculus/HypertableauTaxonomyCertificate.lean:302:0: 'ContextCalculus.Hypertableau.IndexedCompleteTaxonomyCertificate.conceptAnswer_exact' depends on axioms: [propext]
info: ContextCalculus/HypertableauTaxonomyCertificate.lean:303:0: 'ContextCalculus.Hypertableau.IndexedCompleteTaxonomyCertificate.subsumptionAnswer_exact' depends on axioms: [propext]
info: ContextCalculus/HypertableauTaxonomyCertificate.lean:304:0: 'ContextCalculus.Hypertableau.FiniteCoveredTaxonomyCertificate.sound' depends on axioms: [propext,
 Classical.choice,
 Quot.sound]
⚠ [3387/3439] Replayed ContextCalculus.HypertableauTaxonomyWire
warning: ContextCalculus/HypertableauTaxonomyWire.lean:67:9: unused variable `hconcept`

Note: This linter can be disabled with `set_option linter.unusedVariables false`
warning: ContextCalculus/HypertableauTaxonomyWire.lean:79:9: unused variable `hconcept`

Note: This linter can be disabled with `set_option linter.unusedVariables false`
warning: ContextCalculus/HypertableauTaxonomyWire.lean:101:9: unused variable `hsub`

Note: This linter can be disabled with `set_option linter.unusedVariables false`
warning: ContextCalculus/HypertableauTaxonomyWire.lean:102:11: unused variable `hsup`

Note: This linter can be disabled with `set_option linter.unusedVariables false`
warning: ContextCalculus/HypertableauTaxonomyWire.lean:116:9: unused variable `hsub`

Note: This linter can be disabled with `set_option linter.unusedVariables false`
warning: ContextCalculus/HypertableauTaxonomyWire.lean:117:11: unused variable `hsup`

Note: This linter can be disabled with `set_option linter.unusedVariables false`
warning: ContextCalculus/HypertableauTaxonomyWire.lean:138:27: Try `simp at hmem` instead of `simpa using hmem`

Note: This linter can be disabled with `set_option linter.unnecessarySimpa false`
warning: ContextCalculus/HypertableauTaxonomyWire.lean:164:27: Try `simp at hmem` instead of `simpa using hmem`

Note: This linter can be disabled with `set_option linter.unnecessarySimpa false`
warning: ContextCalculus/HypertableauTaxonomyWire.lean:190:27: Try `simp at hmem` instead of `simpa using hmem`

Note: This linter can be disabled with `set_option linter.unnecessarySimpa false`
info: ContextCalculus/HypertableauTaxonomyWire.lean:328:0: 'ContextCalculus.Hypertableau.DecodedTaxonomyCertificate.unsatisfiable_exact' depends on axioms: [propext,
 Classical.choice,
 Quot.sound]
info: ContextCalculus/HypertableauTaxonomyWire.lean:329:0: 'ContextCalculus.Hypertableau.DecodedTaxonomyCertificate.subsumptions_exact' depends on axioms: [propext,
 Classical.choice,
 Quot.sound]
ℹ [3388/3439] Replayed ContextCalculus.HypertableauAnchoredUnravelling
info: ContextCalculus/HypertableauAnchoredUnravelling.lean:801:0: 'ContextCalculus.Hypertableau.AnchoredForestDomain.eq_root_of_anchor' does not depend on any axioms
info: ContextCalculus/HypertableauAnchoredUnravelling.lean:802:0: 'ContextCalculus.Hypertableau.AnchoredForestDomain.eq_of_same_anchored_endpoint' does not depend on any axioms
info: ContextCalculus/HypertableauAnchoredUnravelling.lean:803:0: 'ContextCalculus.Hypertableau.AnchoredForestDomain.successor_eq_root_of_anchor' depends on axioms: [propext]
info: ContextCalculus/HypertableauAnchoredUnravelling.lean:804:0: 'ContextCalculus.Hypertableau.AnchoredForestDomain.concept_nominal_singleton' depends on axioms: [propext]
info: ContextCalculus/HypertableauAnchoredUnravelling.lean:805:0: 'ContextCalculus.Hypertableau.AnchoredForestDomain.interpretation_direct' does not depend on any axioms
info: ContextCalculus/HypertableauAnchoredUnravelling.lean:806:0: 'ContextCalculus.Hypertableau.AnchoredForestDomain.interpretation_sat_label' depends on axioms: [propext]
info: ContextCalculus/HypertableauAnchoredUnravelling.lean:807:0: 'ContextCalculus.Hypertableau.AnchoredForestDomain.RoleClosure.endpoint' does not depend on any axioms
info: ContextCalculus/HypertableauAnchoredUnravelling.lean:808:0: 'ContextCalculus.Hypertableau.AnchoredForestDomain.interpretation_sat_holdsAtom' depends on axioms: [propext]
info: ContextCalculus/HypertableauAnchoredUnravelling.lean:809:0: 'ContextCalculus.Hypertableau.AnchoredForestDomain.interpretation_body_holds' depends on axioms: [propext]
info: ContextCalculus/HypertableauAnchoredUnravelling.lean:810:0: 'ContextCalculus.Hypertableau.AnchoredForestDomain.interpretation_models_of_saturated' depends on axioms: [propext]
info: ContextCalculus/HypertableauAnchoredUnravelling.lean:811:0: 'ContextCalculus.Hypertableau.AnchoredForestDomain.interpretation_witness' does not depend on any axioms
info: ContextCalculus/HypertableauAnchoredUnravelling.lean:812:0: 'ContextCalculus.Hypertableau.AnchoredForestDomain.interpretation_anchor_witness' depends on axioms: [propext]
info: ContextCalculus/HypertableauAnchoredUnravelling.lean:813:0: 'ContextCalculus.Hypertableau.AnchoredForestDomain.interpretation_subRole' does not depend on any axioms
info: ContextCalculus/HypertableauAnchoredUnravelling.lean:814:0: 'ContextCalculus.Hypertableau.AnchoredForestDomain.interpretation_inverseRole' does not depend on any axioms
info: ContextCalculus/HypertableauAnchoredUnravelling.lean:815:0: 'ContextCalculus.Hypertableau.AnchoredForestDomain.interpretation_chain' does not depend on any axioms
info: ContextCalculus/HypertableauAnchoredUnravelling.lean:816:0: 'ContextCalculus.Hypertableau.AnchoredForestDomain.interpretation_reflexive' does not depend on any axioms
info: ContextCalculus/HypertableauAnchoredUnravelling.lean:817:0: 'ContextCalculus.Hypertableau.AnchoredForestDomain.interpretation_nominal_singleton' depends on axioms: [propext]
ℹ [3389/3439] Replayed ContextCalculus.HypertableauAnchoredCertificate
info: ContextCalculus/HypertableauAnchoredCertificate.lean:393:0: 'ContextCalculus.Hypertableau.AnchoredForestDomain.nominalLabelCoherentB_sound' depends on axioms: [propext,
 Classical.choice,
 Quot.sound]
info: ContextCalculus/HypertableauAnchoredCertificate.lean:394:0: 'ContextCalculus.Hypertableau.AnchoredForestDomain.clashFreeB_sound' depends on axioms: [propext,
 Classical.choice,
 Quot.sound]
info: ContextCalculus/HypertableauAnchoredCertificate.lean:395:0: 'ContextCalculus.Hypertableau.AnchoredForestDomain.redirectWitnessCompleteB_sound' depends on axioms: [propext,
 Classical.choice,
 Quot.sound]
info: ContextCalculus/HypertableauAnchoredCertificate.lean:396:0: 'ContextCalculus.Hypertableau.AnchoredForestDomain.finitePremisesB_sound' depends on axioms: [propext,
 Classical.choice,
 Quot.sound]
info: ContextCalculus/HypertableauAnchoredCertificate.lean:397:0: 'ContextCalculus.Hypertableau.AnchoredForestDomain.anchoredCheck_models' depends on axioms: [propext,
 Classical.choice,
 Quot.sound]
info: ContextCalculus/HypertableauAnchoredCertificate.lean:398:0: 'ContextCalculus.Hypertableau.AnchoredForestDomain.anchoredCheck_models_with_slots' depends on axioms: [propext,
 Classical.choice,
 Quot.sound]
ℹ [3390/3439] Replayed ContextCalculus.HypertableauAnchoredEqualityCertificate
info: ContextCalculus/HypertableauAnchoredEqualityCertificate.lean:205:0: 'ContextCalculus.Hypertableau.AnchoredForestDomain.FiniteAnchoredEqCertificate.classQuotientB_sound' depends on axioms: [propext,
 Classical.choice,
 Quot.sound]
info: ContextCalculus/HypertableauAnchoredEqualityCertificate.lean:206:0: 'ContextCalculus.Hypertableau.AnchoredForestDomain.FiniteAnchoredEqCertificate.exactImageB_sound' depends on axioms: [propext,
 Classical.choice,
 Quot.sound]
info: ContextCalculus/HypertableauAnchoredEqualityCertificate.lean:207:0: 'ContextCalculus.Hypertableau.AnchoredForestDomain.FiniteAnchoredEqCertificate.check_models' depends on axioms: [propext,
 Classical.choice,
 Quot.sound]
info: ContextCalculus/HypertableauAnchoredEqualityCertificate.lean:208:0: 'ContextCalculus.Hypertableau.AnchoredForestDomain.FiniteAnchoredEqCertificate.check_sat_source_label' depends on axioms: [propext,
 Classical.choice,
 Quot.sound]
ℹ [3391/3439] Replayed ContextCalculus.HypertableauAnchoredWire
info: ContextCalculus/HypertableauAnchoredWire.lean:189:0: 'ContextCalculus.Hypertableau.DecodedAnchoredPremises.check_sound' depends on axioms: [propext,
 Classical.choice,
 Quot.sound]
info: ContextCalculus/HypertableauAnchoredWire.lean:190:0: 'ContextCalculus.Hypertableau.DecodedAnchoredCertificate.check_models' depends on axioms: [propext,
 Classical.choice,
 Quot.sound]
ℹ [3392/3439] Replayed ContextCalculus.HypertableauAnchoredEqualityWire
info: ContextCalculus/HypertableauAnchoredEqualityWire.lean:165:0: 'ContextCalculus.Hypertableau.DecodedAnchoredEqCertificate.check_models' depends on axioms: [propext,
 Classical.choice,
 Quot.sound]
⚠ [3393/3439] Replayed ContextCalculus.HypertableauMixedTaxonomyWire
warning: ContextCalculus/HypertableauMixedTaxonomyWire.lean:328:27: Try `simp at hmem` instead of `simpa using hmem`

Note: This linter can be disabled with `set_option linter.unnecessarySimpa false`
warning: ContextCalculus/HypertableauMixedTaxonomyWire.lean:353:27: Try `simp at hmem` instead of `simpa using hmem`

Note: This linter can be disabled with `set_option linter.unnecessarySimpa false`
warning: ContextCalculus/HypertableauMixedTaxonomyWire.lean:378:27: Try `simp at hmem` instead of `simpa using hmem`

Note: This linter can be disabled with `set_option linter.unnecessarySimpa false`
info: ContextCalculus/HypertableauMixedTaxonomyWire.lean:640:0: 'ContextCalculus.Hypertableau.DecodedMixedTaxonomyCertificate.unsatisfiable_exact' depends on axioms: [propext]
info: ContextCalculus/HypertableauMixedTaxonomyWire.lean:641:0: 'ContextCalculus.Hypertableau.DecodedMixedTaxonomyCertificate.subsumptions_exact' depends on axioms: [propext,
 Quot.sound]
ℹ [3394/3439] Replayed ContextCalculus.HypertableauNormalizedTaxonomyWire
info: ContextCalculus/HypertableauNormalizedTaxonomyWire.lean:217:0: 'ContextCalculus.Hypertableau.ConceptDecision.transfer' does not depend on any axioms
info: ContextCalculus/HypertableauNormalizedTaxonomyWire.lean:218:0: 'ContextCalculus.Hypertableau.SubsumptionDecision.transfer' does not depend on any axioms
info: ContextCalculus/HypertableauNormalizedTaxonomyWire.lean:219:0: 'ContextCalculus.Hypertableau.CompleteTaxonomyCertificate.transfer' does not depend on any axioms
info: ContextCalculus/HypertableauNormalizedTaxonomyWire.lean:220:0: 'ContextCalculus.Hypertableau.DecodedNormalizedTaxonomyCertificate.check_sound' depends on axioms: [propext,
 Classical.choice,
 Quot.sound]
info: ContextCalculus/HypertableauNormalizedTaxonomyWire.lean:221:0: 'ContextCalculus.Hypertableau.DecodedNormalizedPlainTaxonomy.unsatisfiable_exact' depends on axioms: [propext,
 Classical.choice,
 Quot.sound]
info: ContextCalculus/HypertableauNormalizedTaxonomyWire.lean:222:0: 'ContextCalculus.Hypertableau.DecodedNormalizedPlainTaxonomy.subsumptions_exact' depends on axioms: [propext,
 Classical.choice,
 Quot.sound]
info: ContextCalculus/HypertableauNormalizedTaxonomyWire.lean:223:0: 'ContextCalculus.Hypertableau.DecodedNormalizedMixedTaxonomy.unsatisfiable_exact' depends on axioms: [propext]
info: ContextCalculus/HypertableauNormalizedTaxonomyWire.lean:224:0: 'ContextCalculus.Hypertableau.DecodedNormalizedMixedTaxonomy.subsumptions_exact' depends on axioms: [propext,
 Quot.sound]
ℹ [3395/3439] Replayed ContextCalculus.HypertableauOrdinaryTaxonomyProductionRunWire
info: ContextCalculus/HypertableauOrdinaryTaxonomyProductionRunWire.lean:124:0: 'ContextCalculus.Hypertableau.WireOrdinaryTaxonomyProductionRun.check_sound' depends on axioms: [propext,
 Classical.choice,
 Quot.sound]
ℹ [3396/3439] Replayed ContextCalculus.HypertableauOrdinaryTaxonomyRunMatrixWire
info: ContextCalculus/HypertableauOrdinaryTaxonomyRunMatrixWire.lean:114:0: 'ContextCalculus.Hypertableau.WireOrdinaryTaxonomyRunMatrix.check_sound' depends on axioms: [propext,
 Classical.choice,
 Quot.sound]
ℹ [3397/3439] Replayed ContextCalculus.HypertableauSourceBoundOrdinaryTaxonomyWire
info: ContextCalculus/HypertableauSourceBoundOrdinaryTaxonomyWire.lean:61:0: 'ContextCalculus.Hypertableau.WireSourceBoundOrdinaryTaxonomy.check_sound' depends on axioms: [propext,
 Classical.choice,
 Quot.sound]
ℹ [3398/3439] Replayed ContextCalculus.HypertableauCardinalityFrontierWire
info: ContextCalculus/HypertableauCardinalityFrontierWire.lean:334:0: 'ContextCalculus.Hypertableau.WireCardinalityAddressFrontier.check_refines' depends on axioms: [propext,
 Classical.choice,
 Quot.sound]
info: ContextCalculus/HypertableauCardinalityFrontierWire.lean:335:0: 'ContextCalculus.Hypertableau.decodeWireCardinalityAddress_encode' depends on axioms: [propext,
 Classical.choice,
 Quot.sound]
info: ContextCalculus/HypertableauCardinalityFrontierWire.lean:336:0: 'ContextCalculus.Hypertableau.WireCardinalityAddressFrontier.ofAddress_checkScheduled' depends on axioms: [propext,
 Classical.choice,
 Quot.sound]
info: ContextCalculus/HypertableauCardinalityFrontierWire.lean:337:0: 'ContextCalculus.Hypertableau.WireCardinalityAddressFrontier.checkScheduled_check' depends on axioms: [propext,
 Classical.choice,
 Quot.sound]
info: ContextCalculus/HypertableauCardinalityFrontierWire.lean:338:0: 'ContextCalculus.Hypertableau.WireCardinalityAddressFrontier.checkScheduled_node_count' depends on axioms: [propext,
 Classical.choice,
 Quot.sound]
info: ContextCalculus/HypertableauCardinalityFrontierWire.lean:339:0: 'ContextCalculus.Hypertableau.WireCardinalityAddressFrontier.checkScheduled_max_width' depends on axioms: [propext,
 Classical.choice,
 Quot.sound]
info: ContextCalculus/HypertableauCardinalityFrontierWire.lean:340:0: 'ContextCalculus.Hypertableau.cardinality_doubling_eventually_rejects_checked_frontier' depends on axioms: [propext,
 Classical.choice,
 Quot.sound]
ℹ [3399/3439] Replayed ContextCalculus.HypertableauCardinalitySearch
info: ContextCalculus/HypertableauCardinalitySearch.lean:520:0: 'ContextCalculus.Hypertableau.CheckedCardinalityDecisionOutcome.sat_semantics' depends on axioms: [propext,
 Classical.choice,
 Quot.sound]
info: ContextCalculus/HypertableauCardinalitySearch.lean:521:0: 'ContextCalculus.Hypertableau.CheckedCardinalityDecisionOutcome.closed_semantics' depends on axioms: [propext,
 Classical.choice,
 Quot.sound]
info: ContextCalculus/HypertableauCardinalitySearch.lean:522:0: 'ContextCalculus.Hypertableau.CheckedCardinalityDecisionOutcome.frontier_of_address' depends on axioms: [propext,
 Classical.choice,
 Quot.sound]
info: ContextCalculus/HypertableauCardinalitySearch.lean:523:0: 'ContextCalculus.Hypertableau.CheckedCardinalityDecisionOutcome.conclusive_semantics' depends on axioms: [propext,
 Classical.choice,
 Quot.sound]
info: ContextCalculus/HypertableauCardinalitySearch.lean:524:0: 'ContextCalculus.Hypertableau.checked_cardinality_doubling_decides' depends on axioms: [propext,
 Classical.choice,
 Quot.sound]
info: ContextCalculus/HypertableauCardinalitySearch.lean:525:0: 'ContextCalculus.Hypertableau.CheckedCardinalityDecisionOutcome.source_semantics_of_equivalent' depends on axioms: [propext,
 Classical.choice,
 Quot.sound]
info: ContextCalculus/HypertableauCardinalitySearch.lean:526:0: 'ContextCalculus.Hypertableau.checked_cardinality_doubling_decides_source' depends on axioms: [propext,
 Classical.choice,
 Quot.sound]
info: ContextCalculus/HypertableauCardinalitySearch.lean:527:0: 'ContextCalculus.Hypertableau.checked_cardinality_fold_learning_doubling_decides_source' depends on axioms: [propext,
 Classical.choice,
 Quot.sound]
info: ContextCalculus/HypertableauCardinalitySearch.lean:528:0: 'ContextCalculus.Hypertableau.checked_cardinality_fresh_fold_producer_decides_source' depends on axioms: [propext,
 Classical.choice,
 Quot.sound]
info: ContextCalculus/HypertableauCardinalitySearch.lean:529:0: 'ContextCalculus.Hypertableau.checked_cardinality_fold_assignment_producer_decides_source' depends on axioms: [propext,
 Classical.choice,
 Quot.sound]
info: ContextCalculus/HypertableauCardinalitySearch.lean:530:0: 'ContextCalculus.Hypertableau.CheckedCardinalityControlAttempt.frontier_scheduled' depends on axioms: [propext,
 Classical.choice,
 Quot.sound]
info: ContextCalculus/HypertableauCardinalitySearch.lean:531:0: 'ContextCalculus.Hypertableau.CheckedCardinalityControlAttempt.frontier_of_address' depends on axioms: [propext,
 Classical.choice,
 Quot.sound]
info: ContextCalculus/HypertableauCardinalitySearch.lean:532:0: 'ContextCalculus.Hypertableau.CheckedCardinalityControlProducer.frontier_scheduled' depends on axioms: [propext,
 Classical.choice,
 Quot.sound]
info: ContextCalculus/HypertableauCardinalitySearch.lean:533:0: 'ContextCalculus.Hypertableau.checked_cardinality_control_producer_decides_source' depends on axioms: [propext,
 Classical.choice,
 Quot.sound]
ℹ [3400/3439] Replayed ContextCalculus.HypertableauCardinalityBlockedSearch
info: ContextCalculus/HypertableauCardinalityBlockedSearch.lean:99:0: 'ContextCalculus.Hypertableau.hasCardinalityModel_of_checked' depends on axioms: [propext, Classical.choice, Quot.sound]
info: ContextCalculus/HypertableauCardinalityBlockedSearch.lean:100:0: 'ContextCalculus.Hypertableau.CardinalityBoundedOutcome.semantic_or_frontier' depends on axioms: [propext,
 Classical.choice,
 Quot.sound]
info: ContextCalculus/HypertableauCardinalityBlockedSearch.lean:101:0: 'ContextCalculus.Hypertableau.cardinality_terminal_checked_model' depends on axioms: [propext,
 Classical.choice,
 Quot.sound]
⚠ [3401/3439] Replayed ContextCalculus.HypertableauCardinalityProductionSearch
warning: ContextCalculus/HypertableauCardinalityProductionSearch.lean:903:16: unused variable `hatom`

Note: This linter can be disabled with `set_option linter.unusedVariables false`
warning: ContextCalculus/HypertableauCardinalityProductionSearch.lean:905:19: unused variable `candidate`

Note: This linter can be disabled with `set_option linter.unusedVariables false`
warning: ContextCalculus/HypertableauCardinalityProductionSearch.lean:907:21: unused variable `site`

Note: This linter can be disabled with `set_option linter.unusedVariables false`
warning: ContextCalculus/HypertableauCardinalityProductionSearch.lean:909:23: unused variable `site`

Note: This linter can be disabled with `set_option linter.unusedVariables false`
warning: ContextCalculus/HypertableauCardinalityProductionSearch.lean:1176:8: `push_neg` has been deprecated. Prefer using `push Not` instead.
If you'd rather continue using `push_neg` in your project, you can implement it as follows:
```
open Lean.Parser.Tactic in
macro "push_neg" cfg:optConfig loc:(location)? : tactic =>
  `(tactic| push $cfg:optConfig Not $[$loc]?)
```
info: ContextCalculus/HypertableauCardinalityProductionSearch.lean:1253:0: 'ContextCalculus.Hypertableau.CardinalityProductionStep.closedRefutes_of_children' depends on axioms: [propext,
 Classical.choice,
 Quot.sound]
info: ContextCalculus/HypertableauCardinalityProductionSearch.lean:1254:0: 'ContextCalculus.Hypertableau.selectIndexedExpandableMinimum_eq_none_iff' depends on axioms: [propext,
 Classical.choice,
 Quot.sound]
info: ContextCalculus/HypertableauCardinalityProductionSearch.lean:1255:0: 'ContextCalculus.Hypertableau.selectIndexedExpandableMinimum_closedRefutes' depends on axioms: [propext,
 Classical.choice,
 Quot.sound]
info: ContextCalculus/HypertableauCardinalityProductionSearch.lean:1256:0: 'ContextCalculus.Hypertableau.selectIndexedExpandableMinimum_source_lt_active' depends on axioms: [propext,
 Classical.choice,
 Quot.sound]
info: ContextCalculus/HypertableauCardinalityProductionSearch.lean:1257:0: 'ContextCalculus.Hypertableau.selectIndexedViolatingMaximum_eq_none_iff' depends on axioms: [propext,
 Classical.choice,
 Quot.sound]
info: ContextCalculus/HypertableauCardinalityProductionSearch.lean:1258:0: 'ContextCalculus.Hypertableau.selectIndexedViolatingMaximum_closedRefutes' depends on axioms: [propext,
 Classical.choice,
 Quot.sound]
info: ContextCalculus/HypertableauCardinalityProductionSearch.lean:1259:0: 'ContextCalculus.Hypertableau.selectIndexedViolatingMaximum_source_lt_active' depends on axioms: [propext,
 Classical.choice,
 Quot.sound]
info: ContextCalculus/HypertableauCardinalityProductionSearch.lean:1260:0: 'ContextCalculus.Hypertableau.CardinalityRuntimeConfig.mem_progressFacts' depends on axioms: [propext,
 Classical.choice,
 Quot.sound]
info: ContextCalculus/HypertableauCardinalityProductionSearch.lean:1261:0: 'ContextCalculus.Hypertableau.EqState.eqGuardedFacts_materializeMinimum_subset' depends on axioms: [propext,
 Classical.choice,
 Quot.sound]
info: ContextCalculus/HypertableauCardinalityProductionSearch.lean:1262:0: 'ContextCalculus.Hypertableau.CardinalityRuntimeConfig.minimumChild_progress' depends on axioms: [propext,
 Classical.choice,
 Quot.sound]
info: ContextCalculus/HypertableauCardinalityProductionSearch.lean:1263:0: 'ContextCalculus.Hypertableau.cardinalityStrictGrowth_wellFounded' depends on axioms: [propext,
 Classical.choice,
 Quot.sound]
info: ContextCalculus/HypertableauCardinalityProductionSearch.lean:1264:0: 'ContextCalculus.Hypertableau.mem_allActiveGroundings_properties' depends on axioms: [propext,
 Classical.choice,
 Quot.sound]
info: ContextCalculus/HypertableauCardinalityProductionSearch.lean:1265:0: 'ContextCalculus.Hypertableau.selectActiveCardinalityClauseGrounding_properties' depends on axioms: [propext,
 Classical.choice,
 Quot.sound]
info: ContextCalculus/HypertableauCardinalityProductionSearch.lean:1266:0: 'ContextCalculus.Hypertableau.selectActiveCardinalityClauseGrounding_closedRefutes' depends on axioms: [propext,
 Classical.choice,
 Quot.sound]
info: ContextCalculus/HypertableauCardinalityProductionSearch.lean:1267:0: 'ContextCalculus.Hypertableau.CardinalityRuntimeConfig.clauseChild_progress' depends on axioms: [propext,
 Classical.choice,
 Quot.sound]
info: ContextCalculus/HypertableauCardinalityProductionSearch.lean:1268:0: 'ContextCalculus.Hypertableau.DistinctEqState.lt_active_of_obligation' does not depend on any axioms
info: ContextCalculus/HypertableauCardinalityProductionSearch.lean:1269:0: 'ContextCalculus.Hypertableau.selectCardinalityWitness_source_lt_active' depends on axioms: [propext,
 Classical.choice,
 Quot.sound]
info: ContextCalculus/HypertableauCardinalityProductionSearch.lean:1270:0: 'ContextCalculus.Hypertableau.CardinalityRuntimeConfig.witnessChild_progress' depends on axioms: [propext,
 Classical.choice,
 Quot.sound]
info: ContextCalculus/HypertableauCardinalityProductionSearch.lean:1271:0: 'ContextCalculus.Hypertableau.rustMaximumPrefixVector_lt_active' depends on axioms: [propext,
 Classical.choice,
 Quot.sound]
info: ContextCalculus/HypertableauCardinalityProductionSearch.lean:1272:0: 'ContextCalculus.Hypertableau.EqState.eqGuardedFacts_merge_ssubset' depends on axioms: [propext,
 Classical.choice,
 Quot.sound]
info: ContextCalculus/HypertableauCardinalityProductionSearch.lean:1273:0: 'ContextCalculus.Hypertableau.CardinalityRuntimeConfig.maximumChild_progress' depends on axioms: [propext,
 Classical.choice,
 Quot.sound]
info: ContextCalculus/HypertableauCardinalityProductionSearch.lean:1274:0: 'ContextCalculus.Hypertableau.CardinalityProductionStep.child_strictGrowth' depends on axioms: [propext,
 Classical.choice,
 Quot.sound]
info: ContextCalculus/HypertableauCardinalityProductionSearch.lean:1275:0: 'ContextCalculus.Hypertableau.CardinalityProductionStep.closedRefutes_of_childConfigs' depends on axioms: [propext,
 Classical.choice,
 Quot.sound]
info: ContextCalculus/HypertableauCardinalityProductionSearch.lean:1276:0: 'ContextCalculus.Hypertableau.cardinalityProduction_induction' depends on axioms: [propext,
 Classical.choice,
 Quot.sound]
info: ContextCalculus/HypertableauCardinalityProductionSearch.lean:1277:0: 'ContextCalculus.Hypertableau.cardinalityControl_total' depends on axioms: [propext, Classical.choice, Quot.sound]
info: ContextCalculus/HypertableauCardinalityProductionSearch.lean:1278:0: 'ContextCalculus.Hypertableau.cardinalityControl_search_total' depends on axioms: [propext,
 Classical.choice,
 Quot.sound]
info: ContextCalculus/HypertableauCardinalityProductionSearch.lean:1279:0: 'ContextCalculus.Hypertableau.cardinalityControl_checked_semantic_or_frontier' depends on axioms: [propext,
 Classical.choice,
 Quot.sound]
⚠ [3402/3439] Replayed ContextCalculus.HypertableauCardinalityProductionWire
warning: ContextCalculus/HypertableauCardinalityProductionWire.lean:402:22: unused variable `hne`

Note: This linter can be disabled with `set_option linter.unusedVariables false`
info: ContextCalculus/HypertableauCardinalityProductionWire.lean:445:0: 'ContextCalculus.Hypertableau.FiniteCardinalityRuntimeFields.mem_toConfig_expanded' depends on axioms: [propext,
 Classical.choice,
 Quot.sound]
info: ContextCalculus/HypertableauCardinalityProductionWire.lean:446:0: 'ContextCalculus.Hypertableau.FiniteCardinalityRuntimeFields.expandedMinimums_nodup' depends on axioms: [propext,
 Classical.choice,
 Quot.sound]
info: ContextCalculus/HypertableauCardinalityProductionWire.lean:447:0: 'ContextCalculus.Hypertableau.FiniteCardinalityRuntimeFields.expanded_kind' depends on axioms: [propext,
 Classical.choice,
 Quot.sound]
info: ContextCalculus/HypertableauCardinalityProductionWire.lean:448:0: 'ContextCalculus.Hypertableau.FiniteCardinalityRuntimeFields.expanded_source_lt_active' depends on axioms: [propext,
 Classical.choice,
 Quot.sound]
info: ContextCalculus/HypertableauCardinalityProductionWire.lean:449:0: 'ContextCalculus.Hypertableau.CheckedCardinalityRuntimeFields.has_config' depends on axioms: [propext,
 Classical.choice,
 Quot.sound]
info: ContextCalculus/HypertableauCardinalityProductionWire.lean:450:0: 'ContextCalculus.Hypertableau.FiniteCardinalityRuntimeFields.clauseTransitionB_config' depends on axioms: [propext,
 Classical.choice,
 Quot.sound]
info: ContextCalculus/HypertableauCardinalityProductionWire.lean:451:0: 'ContextCalculus.Hypertableau.FiniteCardinalityRuntimeFields.witnessTransitionB_config' depends on axioms: [propext,
 Classical.choice,
 Quot.sound]
info: ContextCalculus/HypertableauCardinalityProductionWire.lean:452:0: 'ContextCalculus.Hypertableau.FiniteCardinalityRuntimeFields.minimumTransitionB_config' depends on axioms: [propext,
 Classical.choice,
 Quot.sound]
info: ContextCalculus/HypertableauCardinalityProductionWire.lean:453:0: 'ContextCalculus.Hypertableau.FiniteCardinalityRuntimeFields.maximumTransitionB_config' depends on axioms: [propext,
 Classical.choice,
 Quot.sound]
info: ContextCalculus/HypertableauCardinalityProductionWire.lean:454:0: 'ContextCalculus.Hypertableau.FiniteCardinalityRuntimeFields.checkedChildTransition_childConfig' depends on axioms: [propext,
 Classical.choice,
 Quot.sound]
ℹ [3403/3439] Replayed ContextCalculus.HypertableauRootedCardinalityFrontierWire
info: ContextCalculus/HypertableauRootedCardinalityFrontierWire.lean:300:0: 'ContextCalculus.Hypertableau.WireRootedCardinalityAddress.decode_encode' depends on axioms: [propext,
 Classical.choice,
 Quot.sound]
info: ContextCalculus/HypertableauRootedCardinalityFrontierWire.lean:301:0: 'ContextCalculus.Hypertableau.WireRootedCardinalityAddressFrontier.ofAddress_checkScheduled' depends on axioms: [propext,
 Classical.choice,
 Quot.sound]
info: ContextCalculus/HypertableauRootedCardinalityFrontierWire.lean:302:0: 'ContextCalculus.Hypertableau.WireRootedCardinalityAddressFrontier.checkScheduled_check' depends on axioms: [propext,
 Classical.choice,
 Quot.sound]
info: ContextCalculus/HypertableauRootedCardinalityFrontierWire.lean:303:0: 'ContextCalculus.Hypertableau.WireRootedCardinalityAddressFrontier.checkScheduled_node_count' depends on axioms: [propext,
 Classical.choice,
 Quot.sound]
info: ContextCalculus/HypertableauRootedCardinalityFrontierWire.lean:304:0: 'ContextCalculus.Hypertableau.WireRootedCardinalityAddressFrontier.checkScheduled_root_count' depends on axioms: [propext,
 Classical.choice,
 Quot.sound]
info: ContextCalculus/HypertableauRootedCardinalityFrontierWire.lean:305:0: 'ContextCalculus.Hypertableau.WireRootedCardinalityAddressFrontier.checkScheduled_max_width' depends on axioms: [propext,
 Classical.choice,
 Quot.sound]
info: ContextCalculus/HypertableauRootedCardinalityFrontierWire.lean:306:0: 'ContextCalculus.Hypertableau.WireRootedCardinalityAddressFrontier.check_refines' depends on axioms: [propext,
 Classical.choice,
 Quot.sound]
info: ContextCalculus/HypertableauRootedCardinalityFrontierWire.lean:307:0: 'ContextCalculus.Hypertableau.rooted_cardinality_doubling_eventually_rejects_checked_frontier' depends on axioms: [propext,
 Classical.choice,
 Quot.sound]
ℹ [3404/3439] Replayed ContextCalculus.HypertableauCardinalityFrontierStateWire
info: ContextCalculus/HypertableauCardinalityFrontierStateWire.lean:162:0: 'ContextCalculus.Hypertableau.WireCardinalityAddressRefinementDocument.check_sound' depends on axioms: [propext,
 Classical.choice,
 Quot.sound]
info: ContextCalculus/HypertableauCardinalityFrontierStateWire.lean:163:0: 'ContextCalculus.Hypertableau.WireRootedCardinalityAddressRefinementDocument.check_sound' depends on axioms: [propext,
 Classical.choice,
 Quot.sound]
ℹ [3405/3439] Replayed ContextCalculus.HypertableauCardinalityDoublingTraceWire
info: ContextCalculus/HypertableauCardinalityDoublingTraceWire.lean:206:0: 'ContextCalculus.Hypertableau.WireCardinalityDoublingTrace.check_sound' depends on axioms: [propext,
 Classical.choice,
 Quot.sound]
info: ContextCalculus/HypertableauCardinalityDoublingTraceWire.lean:207:0: 'ContextCalculus.Hypertableau.WireRootedCardinalityDoublingTrace.check_sound' depends on axioms: [propext,
 Classical.choice,
 Quot.sound]
ℹ [3406/3439] Replayed ContextCalculus.HypertableauCardinalityOutcomeWire
info: ContextCalculus/HypertableauCardinalityOutcomeWire.lean:216:0: 'ContextCalculus.Hypertableau.DecodedCardinalityEqCertificate.exists_checked_global_outcome' depends on axioms: [propext,
 Classical.choice,
 Quot.sound]
info: ContextCalculus/HypertableauCardinalityOutcomeWire.lean:217:0: 'ContextCalculus.Hypertableau.WireCardinalityEqCertificate.exists_checked_global_outcome' depends on axioms: [propext,
 Classical.choice,
 Quot.sound]
info: ContextCalculus/HypertableauCardinalityOutcomeWire.lean:218:0: 'ContextCalculus.Hypertableau.DecodedCardinalityEqCertificate.productionGlobalShapeB_eq_true_iff' depends on axioms: [propext,
 Quot.sound]
info: ContextCalculus/HypertableauCardinalityOutcomeWire.lean:219:0: 'ContextCalculus.Hypertableau.WireCardinalityEqCertificate.checkProductionGlobal_sound' depends on axioms: [propext,
 Classical.choice,
 Quot.sound]
info: ContextCalculus/HypertableauCardinalityOutcomeWire.lean:220:0: 'ContextCalculus.Hypertableau.DecodedCardinalityEqCertificate.productionGlobalVerdict_semantics' depends on axioms: [propext,
 Classical.choice,
 Quot.sound]
ℹ [3407/3439] Replayed ContextCalculus.HypertableauCardinalityProductionRunWire
info: ContextCalculus/HypertableauCardinalityProductionRunWire.lean:99:0: 'ContextCalculus.Hypertableau.WireCardinalityProductionRun.check_sound' depends on axioms: [propext,
 Classical.choice,
 Quot.sound]
info: ContextCalculus/HypertableauCardinalityProductionRunWire.lean:100:0: 'ContextCalculus.Hypertableau.WireCardinalityProductionRun.Accepted.terminal_semantics' depends on axioms: [propext,
 Classical.choice,
 Quot.sound]
ℹ [3408/3439] Replayed ContextCalculus.HypertableauAnchoredCardinality
info: ContextCalculus/HypertableauAnchoredCardinality.lean:288:0: 'ContextCalculus.Hypertableau.AnchoredForestDomain.interpretation_minimum_witnesses' depends on axioms: [propext]
info: ContextCalculus/HypertableauAnchoredCardinality.lean:289:0: 'ContextCalculus.Hypertableau.AnchoredForestDomain.concept_imp_endpoint_label' does not depend on any axioms
info: ContextCalculus/HypertableauAnchoredCardinality.lean:290:0: 'ContextCalculus.Hypertableau.AnchoredForestDomain.DirectRole.exists_authorizedTarget' does not depend on any axioms
info: ContextCalculus/HypertableauAnchoredCardinality.lean:291:0: 'ContextCalculus.Hypertableau.AnchoredForestDomain.interpretation_direct_hasAtMost' depends on axioms: [Classical.choice]
info: ContextCalculus/HypertableauAnchoredCardinality.lean:292:0: 'ContextCalculus.Hypertableau.AnchoredForestDomain.anchoredSimpleExact_of_syntacticallySimple' does not depend on any axioms
info: ContextCalculus/HypertableauAnchoredCardinality.lean:293:0: 'ContextCalculus.Hypertableau.AnchoredForestDomain.interpretation_modelsCardinalityDef' depends on axioms: [propext,
 Classical.choice]
info: ContextCalculus/HypertableauAnchoredCardinality.lean:294:0: 'ContextCalculus.Hypertableau.AnchoredForestDomain.interpretation_modelsCardinalityDefs' depends on axioms: [propext,
 Classical.choice]
ℹ [3409/3439] Replayed ContextCalculus.HypertableauRegularCardinalityCertificate
info: ContextCalculus/HypertableauRegularCardinalityCertificate.lean:349:0: 'ContextCalculus.Hypertableau.FiniteRegularCardinalityCertificate.models' depends on axioms: [propext, Quot.sound]
info: ContextCalculus/HypertableauRegularCardinalityCertificate.lean:350:0: 'ContextCalculus.Hypertableau.FiniteRegularCardinalityCertificate.slotKeyInjectiveB_eq_true' depends on axioms: [propext,
 Quot.sound]
info: ContextCalculus/HypertableauRegularCardinalityCertificate.lean:351:0: 'ContextCalculus.Hypertableau.FiniteRegularCardinalityCertificate.checkDefinition_minimum_sound' depends on axioms: [propext,
 Quot.sound]
info: ContextCalculus/HypertableauRegularCardinalityCertificate.lean:352:0: 'ContextCalculus.Hypertableau.FiniteRegularCardinalityCertificate.checkDefinition_maximum_sound' depends on axioms: [propext,
 Classical.choice,
 Quot.sound]
info: ContextCalculus/HypertableauRegularCardinalityCertificate.lean:353:0: 'ContextCalculus.Hypertableau.FiniteRegularCardinalityCertificate.check_sound' depends on axioms: [propext,
 Classical.choice,
 Quot.sound]
info: ContextCalculus/HypertableauRegularCardinalityCertificate.lean:354:0: 'ContextCalculus.Hypertableau.FiniteRegularCardinalityCertificate.check_models' depends on axioms: [propext,
 Classical.choice,
 Quot.sound]
ℹ [3410/3439] Replayed ContextCalculus.HypertableauAnchoredCardinalityCertificate
info: ContextCalculus/HypertableauAnchoredCardinalityCertificate.lean:312:0: 'ContextCalculus.Hypertableau.AnchoredForestDomain.FiniteAnchoredCardinalityEqCertificate.anchorSafeB_sound' depends on axioms: [propext,
 Classical.choice,
 Quot.sound]
info: ContextCalculus/HypertableauAnchoredCardinalityCertificate.lean:313:0: 'ContextCalculus.Hypertableau.AnchoredForestDomain.FiniteAnchoredCardinalityEqCertificate.checkMinimum_sound' depends on axioms: [propext,
 Classical.choice,
 Quot.sound]
info: ContextCalculus/HypertableauAnchoredCardinalityCertificate.lean:314:0: 'ContextCalculus.Hypertableau.AnchoredForestDomain.FiniteAnchoredCardinalityEqCertificate.check_sound' depends on axioms: [propext,
 Classical.choice,
 Quot.sound]
info: ContextCalculus/HypertableauAnchoredCardinalityCertificate.lean:315:0: 'ContextCalculus.Hypertableau.AnchoredForestDomain.FiniteAnchoredCardinalityEqCertificate.check_models' depends on axioms: [propext,
 Classical.choice,
 Quot.sound]
info: ContextCalculus/HypertableauAnchoredCardinalityCertificate.lean:316:0: 'ContextCalculus.Hypertableau.AnchoredForestDomain.FiniteAnchoredCardinalityEqCertificate.check_sat_source_label' depends on axioms: [propext,
 Classical.choice,
 Quot.sound]
ℹ [3411/3439] Replayed ContextCalculus.HypertableauRegularCardinalityWire
info: ContextCalculus/HypertableauRegularCardinalityWire.lean:117:0: 'ContextCalculus.Hypertableau.DecodedRegularCardinalityCertificate.check_models' depends on axioms: [propext,
 Classical.choice,
 Quot.sound]
ℹ [3412/3439] Replayed ContextCalculus.HypertableauAnchoredCardinalityWire
info: ContextCalculus/HypertableauAnchoredCardinalityWire.lean:179:0: 'ContextCalculus.Hypertableau.DecodedAnchoredCardinalityEqCertificate.check_models' depends on axioms: [propext,
 Classical.choice,
 Quot.sound]
⚠ [3413/3439] Replayed ContextCalculus.HypertableauCardinalityTaxonomyWire
warning: ContextCalculus/HypertableauCardinalityTaxonomyWire.lean:498:27: Try `simp at hmem` instead of `simpa using hmem`

Note: This linter can be disabled with `set_option linter.unnecessarySimpa false`
warning: ContextCalculus/HypertableauCardinalityTaxonomyWire.lean:527:27: Try `simp at hmem` instead of `simpa using hmem`

Note: This linter can be disabled with `set_option linter.unnecessarySimpa false`
warning: ContextCalculus/HypertableauCardinalityTaxonomyWire.lean:556:27: Try `simp at hmem` instead of `simpa using hmem`

Note: This linter can be disabled with `set_option linter.unnecessarySimpa false`
info: ContextCalculus/HypertableauCardinalityTaxonomyWire.lean:705:0: 'ContextCalculus.Hypertableau.DecodedCardinalityTaxonomyCertificate.check_sound' does not depend on any axioms
info: ContextCalculus/HypertableauCardinalityTaxonomyWire.lean:706:0: 'ContextCalculus.Hypertableau.DecodedNormalizedCardinalityTaxonomyCertificate.check_sound' does not depend on any axioms
info: ContextCalculus/HypertableauCardinalityTaxonomyWire.lean:844:0: 'ContextCalculus.Hypertableau.CompleteCardinalityTaxonomyCertificate.unsatisfiable_exact' depends on axioms: [propext]
info: ContextCalculus/HypertableauCardinalityTaxonomyWire.lean:845:0: 'ContextCalculus.Hypertableau.CompleteCardinalityTaxonomyCertificate.subsumptions_exact' depends on axioms: [propext,
 Quot.sound]
ℹ [3414/3439] Replayed ContextCalculus.HypertableauCardinalityTaxonomyProductionRunWire
info: ContextCalculus/HypertableauCardinalityTaxonomyProductionRunWire.lean:126:0: 'ContextCalculus.Hypertableau.WireCardinalityTaxonomyProductionRun.check_sound' depends on axioms: [propext,
 Classical.choice,
 Quot.sound]
ℹ [3415/3439] Replayed ContextCalculus.HypertableauCardinalityTaxonomyRunMatrixWire
info: ContextCalculus/HypertableauCardinalityTaxonomyRunMatrixWire.lean:124:0: 'ContextCalculus.Hypertableau.WireCardinalityTaxonomyRunMatrix.check_sound' depends on axioms: [propext,
 Classical.choice,
 Quot.sound]
ℹ [3416/3439] Replayed ContextCalculus.HypertableauSourceBoundCardinalityWire
info: ContextCalculus/HypertableauSourceBoundCardinalityWire.lean:102:0: 'ContextCalculus.Hypertableau.WireSourceBoundCardinalityGlobal.check_sound' depends on axioms: [propext,
 Classical.choice,
 Quot.sound]
info: ContextCalculus/HypertableauSourceBoundCardinalityWire.lean:103:0: 'ContextCalculus.Hypertableau.WireSourceBoundCardinalityTaxonomy.check_sound' depends on axioms: [propext,
 Classical.choice,
 Quot.sound]
ℹ [3417/3439] Replayed ContextCalculus.HypertableauNativeABoxSourceDecisionWire
info: ContextCalculus/HypertableauNativeABoxSourceDecisionWire.lean:498:0: 'ContextCalculus.Hypertableau.DecodedDirectNativeABoxSatCertificate.source_satisfiable' depends on axioms: [propext,
 Classical.choice,
 Quot.sound]
info: ContextCalculus/HypertableauNativeABoxSourceDecisionWire.lean:499:0: 'ContextCalculus.Hypertableau.DecodedDirectNativeABoxDecision.semantic_valid' depends on axioms: [propext,
 Classical.choice,
 Quot.sound]
info: ContextCalculus/HypertableauNativeABoxSourceDecisionWire.lean:500:0: 'ContextCalculus.Hypertableau.DecodedMixedNativeABoxSatCertificate.source_satisfiable' depends on axioms: [propext,
 Classical.choice,
 Quot.sound]
info: ContextCalculus/HypertableauNativeABoxSourceDecisionWire.lean:501:0: 'ContextCalculus.Hypertableau.DecodedMixedNativeABoxDecision.semantic_valid' depends on axioms: [propext,
 Classical.choice,
 Quot.sound]
info: ContextCalculus/HypertableauNativeABoxSourceDecisionWire.lean:502:0: 'ContextCalculus.Hypertableau.DecodedBundleNativeABoxSatCertificate.source_satisfiable' depends on axioms: [propext,
 Classical.choice,
 Quot.sound]
info: ContextCalculus/HypertableauNativeABoxSourceDecisionWire.lean:503:0: 'ContextCalculus.Hypertableau.DecodedBundleNativeABoxDecision.semantic_valid' depends on axioms: [propext,
 Classical.choice,
 Quot.sound]
⚠ [3418/3439] Replayed ContextCalculus.HypertableauNativeABoxCardinalitySourceDecisionWire
warning: ContextCalculus/HypertableauNativeABoxCardinalitySourceDecisionWire.lean:124:7: unused variable `hdefinitions`

Note: This linter can be disabled with `set_option linter.unusedVariables false`
info: ContextCalculus/HypertableauNativeABoxCardinalitySourceDecisionWire.lean:833:0: 'ContextCalculus.Hypertableau.DecodedDirectNativeABoxCardinalitySatCertificate.source_satisfiable' depends on axioms: [propext,
 Classical.choice,
 Quot.sound]
info: ContextCalculus/HypertableauNativeABoxCardinalitySourceDecisionWire.lean:834:0: 'ContextCalculus.Hypertableau.DecodedDirectNativeABoxCardinalityDecision.semantic_valid' depends on axioms: [propext,
 Classical.choice,
 Quot.sound]
info: ContextCalculus/HypertableauNativeABoxCardinalitySourceDecisionWire.lean:835:0: 'ContextCalculus.Hypertableau.DecodedMixedNativeABoxCardinalitySatCertificate.source_satisfiable' depends on axioms: [propext,
 Classical.choice,
 Quot.sound]
info: ContextCalculus/HypertableauNativeABoxCardinalitySourceDecisionWire.lean:836:0: 'ContextCalculus.Hypertableau.DecodedMixedNativeABoxCardinalityDecision.semantic_valid' depends on axioms: [propext,
 Classical.choice,
 Quot.sound]
info: ContextCalculus/HypertableauNativeABoxCardinalitySourceDecisionWire.lean:837:0: 'ContextCalculus.Hypertableau.DecodedBundleNativeABoxCardinalitySatCertificate.source_satisfiable' depends on axioms: [propext,
 Classical.choice,
 Quot.sound]
info: ContextCalculus/HypertableauNativeABoxCardinalitySourceDecisionWire.lean:838:0: 'ContextCalculus.Hypertableau.DecodedBundleNativeABoxCardinalityDecision.semantic_valid' depends on axioms: [propext,
 Classical.choice,
 Quot.sound]
ℹ [3419/3439] Replayed ContextCalculus.HypertableauNativeABoxTaxonomy
info: ContextCalculus/HypertableauNativeABoxTaxonomy.lean:292:0: 'ContextCalculus.Hypertableau.FiniteEqRefutationTree.check_native_abox_query_unsatisfiable' depends on axioms: [propext,
 Classical.choice,
 Quot.sound]
info: ContextCalculus/HypertableauNativeABoxTaxonomy.lean:293:0: 'ContextCalculus.Hypertableau.NativeABox.ExactEqQuerySeed.initializes' depends on axioms: [propext,
 Classical.choice,
 Quot.sound]
info: ContextCalculus/HypertableauNativeABoxTaxonomy.lean:294:0: 'ContextCalculus.Hypertableau.DecodedNativeABoxSatCertificate.satisfiable_with_query' depends on axioms: [propext,
 Classical.choice,
 Quot.sound]
info: ContextCalculus/HypertableauNativeABoxTaxonomy.lean:295:0: 'ContextCalculus.Hypertableau.DecodedNativeABoxSatCertificate.concept_satisfiable' depends on axioms: [propext,
 Classical.choice,
 Quot.sound]
info: ContextCalculus/HypertableauNativeABoxTaxonomy.lean:296:0: 'ContextCalculus.Hypertableau.DecodedNativeABoxSatCertificate.non_subsumption' depends on axioms: [propext,
 Classical.choice,
 Quot.sound]
info: ContextCalculus/HypertableauNativeABoxTaxonomy.lean:297:0: 'ContextCalculus.Hypertableau.CompleteNativeABoxTaxonomyCertificate.unsatisfiable_exact' depends on axioms: [propext]
info: ContextCalculus/HypertableauNativeABoxTaxonomy.lean:298:0: 'ContextCalculus.Hypertableau.CompleteNativeABoxTaxonomyCertificate.subsumptions_exact' depends on axioms: [propext,
 Quot.sound]
⚠ [3420/3439] Replayed ContextCalculus.HypertableauNativeABoxTaxonomyWire
warning: ContextCalculus/HypertableauNativeABoxTaxonomyWire.lean:154:4: try 'simp' instead of 'simpa'

Note: This linter can be disabled with `set_option linter.unnecessarySimpa false`
warning: ContextCalculus/HypertableauNativeABoxTaxonomyWire.lean:257:9: unused variable `hqueryRoot`

Note: This linter can be disabled with `set_option linter.unusedVariables false`
info: ContextCalculus/HypertableauNativeABoxTaxonomyWire.lean:381:0: 'ContextCalculus.Hypertableau.DecodedNativeABox.exactEqQuerySeedB_sound' depends on axioms: [propext, Quot.sound]
info: ContextCalculus/HypertableauNativeABoxTaxonomyWire.lean:382:0: 'ContextCalculus.Hypertableau.DecodedNativeABoxTaxonomyUnsat.unsatisfiable' depends on axioms: [propext,
 Classical.choice,
 Quot.sound]
info: ContextCalculus/HypertableauNativeABoxTaxonomyWire.lean:383:0: 'ContextCalculus.Hypertableau.DecodedNativeABoxTaxonomyDecision.semantic_valid' depends on axioms: [propext,
 Classical.choice,
 Quot.sound]
info: ContextCalculus/HypertableauNativeABoxTaxonomyWire.lean:384:0: 'ContextCalculus.Hypertableau.DecodedNativeABoxTaxonomyDecision.positive_eq_true_iff' depends on axioms: [propext,
 Classical.choice,
 Quot.sound]
ℹ [3421/3439] Replayed ContextCalculus.HypertableauNativeABoxTaxonomyMatrixWire
info: ContextCalculus/HypertableauNativeABoxTaxonomyMatrixWire.lean:267:0: 'ContextCalculus.Hypertableau.DecodedNativeABoxTaxonomyMatrix.every_cell_semantically_valid' depends on axioms: [propext,
 Classical.choice,
 Quot.sound]
info: ContextCalculus/HypertableauNativeABoxTaxonomyMatrixWire.lean:268:0: 'ContextCalculus.Hypertableau.DecodedNativeABoxTaxonomyMatrix.concept_coordinates_exact' depends on axioms: [propext,
 Classical.choice,
 Quot.sound]
info: ContextCalculus/HypertableauNativeABoxTaxonomyMatrixWire.lean:269:0: 'ContextCalculus.Hypertableau.DecodedNativeABoxTaxonomyMatrix.subsumption_coordinates_exact' depends on axioms: [propext,
 Classical.choice,
 Quot.sound]
info: ContextCalculus/HypertableauNativeABoxTaxonomyMatrixWire.lean:270:0: 'ContextCalculus.Hypertableau.DecodedNativeABoxTaxonomyMatrix.semantic_valid' depends on axioms: [propext,
 Classical.choice,
 Quot.sound]
⚠ [3422/3439] Replayed ContextCalculus.HypertableauNativeABoxTaxonomySourceWire
warning: ContextCalculus/HypertableauNativeABoxTaxonomySourceWire.lean:963:18: Used `tac1 <;> tac2` where `(tac1; tac2)` would suffice

Note: This linter can be disabled with `set_option linter.unnecessarySeqFocus false`
info: ContextCalculus/HypertableauNativeABoxTaxonomySourceWire.lean:1657:0: 'ContextCalculus.Hypertableau.DecodedDirectNativeABoxTaxonomySat.source_satisfiable' depends on axioms: [propext,
 Classical.choice,
 Quot.sound]
info: ContextCalculus/HypertableauNativeABoxTaxonomySourceWire.lean:1658:0: 'ContextCalculus.Hypertableau.DecodedDirectNativeABoxTaxonomyUnsat.source_unsatisfiable' depends on axioms: [propext,
 Classical.choice,
 Quot.sound]
info: ContextCalculus/HypertableauNativeABoxTaxonomySourceWire.lean:1659:0: 'ContextCalculus.Hypertableau.DecodedDirectNativeABoxTaxonomyDecision.semantic_valid' depends on axioms: [propext,
 Classical.choice,
 Quot.sound]
info: ContextCalculus/HypertableauNativeABoxTaxonomySourceWire.lean:1660:0: 'ContextCalculus.Hypertableau.DecodedDirectNativeABoxTaxonomyDecision.positive_eq_true_iff' depends on axioms: [propext,
 Classical.choice,
 Quot.sound]
info: ContextCalculus/HypertableauNativeABoxTaxonomySourceWire.lean:1661:0: 'ContextCalculus.Hypertableau.DecodedDirectNativeABoxTaxonomyMatrix.concept_coordinates_exact' depends on axioms: [propext,
 Classical.choice,
 Quot.sound]
info: ContextCalculus/HypertableauNativeABoxTaxonomySourceWire.lean:1662:0: 'ContextCalculus.Hypertableau.DecodedDirectNativeABoxTaxonomyMatrix.subsumption_coordinates_exact' depends on axioms: [propext,
 Classical.choice,
 Quot.sound]
info: ContextCalculus/HypertableauNativeABoxTaxonomySourceWire.lean:1663:0: 'ContextCalculus.Hypertableau.DecodedDirectNativeABoxTaxonomyMatrix.semantic_valid' depends on axioms: [propext,
 Classical.choice,
 Quot.sound]
info: ContextCalculus/HypertableauNativeABoxTaxonomySourceWire.lean:1664:0: 'ContextCalculus.Hypertableau.DecodedMixedNativeABoxTaxonomyDecision.semantic_valid' depends on axioms: [propext,
 Classical.choice,
 Quot.sound]
info: ContextCalculus/HypertableauNativeABoxTaxonomySourceWire.lean:1665:0: 'ContextCalculus.Hypertableau.DecodedMixedNativeABoxTaxonomyDecision.positive_eq_true_iff' depends on axioms: [propext,
 Classical.choice,
 Quot.sound]
info: ContextCalculus/HypertableauNativeABoxTaxonomySourceWire.lean:1666:0: 'ContextCalculus.Hypertableau.DecodedMixedNativeABoxTaxonomyMatrix.concept_coordinates_exact' depends on axioms: [propext,
 Classical.choice,
 Quot.sound]
info: ContextCalculus/HypertableauNativeABoxTaxonomySourceWire.lean:1667:0: 'ContextCalculus.Hypertableau.DecodedMixedNativeABoxTaxonomyMatrix.subsumption_coordinates_exact' depends on axioms: [propext,
 Classical.choice,
 Quot.sound]
info: ContextCalculus/HypertableauNativeABoxTaxonomySourceWire.lean:1668:0: 'ContextCalculus.Hypertableau.DecodedMixedNativeABoxTaxonomyMatrix.semantic_valid' depends on axioms: [propext,
 Classical.choice,
 Quot.sound]
info: ContextCalculus/HypertableauNativeABoxTaxonomySourceWire.lean:1669:0: 'ContextCalculus.Hypertableau.DecodedBundleNativeABoxTaxonomyDecision.semantic_valid' depends on axioms: [propext,
 Classical.choice,
 Quot.sound]
info: ContextCalculus/HypertableauNativeABoxTaxonomySourceWire.lean:1670:0: 'ContextCalculus.Hypertableau.DecodedBundleNativeABoxTaxonomyDecision.positive_eq_true_iff' depends on axioms: [propext,
 Classical.choice,
 Quot.sound]
info: ContextCalculus/HypertableauNativeABoxTaxonomySourceWire.lean:1671:0: 'ContextCalculus.Hypertableau.DecodedBundleNativeABoxTaxonomyMatrix.concept_coordinates_exact' depends on axioms: [propext,
 Classical.choice,
 Quot.sound]
info: ContextCalculus/HypertableauNativeABoxTaxonomySourceWire.lean:1672:0: 'ContextCalculus.Hypertableau.DecodedBundleNativeABoxTaxonomyMatrix.subsumption_coordinates_exact' depends on axioms: [propext,
 Classical.choice,
 Quot.sound]
info: ContextCalculus/HypertableauNativeABoxTaxonomySourceWire.lean:1673:0: 'ContextCalculus.Hypertableau.DecodedBundleNativeABoxTaxonomyMatrix.semantic_valid' depends on axioms: [propext,
 Classical.choice,
 Quot.sound]
ℹ [3423/3439] Replayed ContextCalculus.HypertableauNativeABoxCardinalityTaxonomyWire
info: ContextCalculus/HypertableauNativeABoxCardinalityTaxonomyWire.lean:771:0: 'ContextCalculus.Hypertableau.NativeABox.ExactDistinctQuerySeed.initializes' depends on axioms: [propext,
 Classical.choice,
 Quot.sound]
info: ContextCalculus/HypertableauNativeABoxCardinalityTaxonomyWire.lean:772:0: 'ContextCalculus.Hypertableau.FiniteDistinctCardinalityRefutationTree.checkClosed_native_abox_query_unsatisfiable' depends on axioms: [propext,
 Classical.choice,
 Quot.sound]
info: ContextCalculus/HypertableauNativeABoxCardinalityTaxonomyWire.lean:773:0: 'ContextCalculus.Hypertableau.DecodedNativeABoxCardinalityTaxonomyDecision.semantic_valid' depends on axioms: [propext,
 Classical.choice,
 Quot.sound]
info: ContextCalculus/HypertableauNativeABoxCardinalityTaxonomyWire.lean:774:0: 'ContextCalculus.Hypertableau.DecodedNativeABoxCardinalityTaxonomyDecision.positive_eq_true_iff' depends on axioms: [propext,
 Classical.choice,
 Quot.sound]
info: ContextCalculus/HypertableauNativeABoxCardinalityTaxonomyWire.lean:775:0: 'ContextCalculus.Hypertableau.DecodedNativeABoxCardinalityTaxonomyMatrix.concept_coordinates_exact' depends on axioms: [propext,
 Classical.choice,
 Quot.sound]
info: ContextCalculus/HypertableauNativeABoxCardinalityTaxonomyWire.lean:776:0: 'ContextCalculus.Hypertableau.DecodedNativeABoxCardinalityTaxonomyMatrix.subsumption_coordinates_exact' depends on axioms: [propext,
 Classical.choice,
 Quot.sound]
info: ContextCalculus/HypertableauNativeABoxCardinalityTaxonomyWire.lean:777:0: 'ContextCalculus.Hypertableau.DecodedNativeABoxCardinalityTaxonomyMatrix.semantic_valid' depends on axioms: [propext,
 Classical.choice,
 Quot.sound]
info: ContextCalculus/HypertableauNativeABoxCardinalityTaxonomyWire.lean:778:0: 'ContextCalculus.Hypertableau.CompleteNativeABoxCardinalityTaxonomyCertificate.unsatisfiable_exact' depends on axioms: [propext]
info: ContextCalculus/HypertableauNativeABoxCardinalityTaxonomyWire.lean:779:0: 'ContextCalculus.Hypertableau.CompleteNativeABoxCardinalityTaxonomyCertificate.subsumptions_exact' depends on axioms: [propext,
 Quot.sound]
⚠ [3424/3439] Replayed ContextCalculus.HypertableauNativeABoxCardinalityTaxonomySourceWire
warning: ContextCalculus/HypertableauNativeABoxCardinalityTaxonomySourceWire.lean:1297:18: Used `tac1 <;> tac2` where `(tac1; tac2)` would suffice

Note: This linter can be disabled with `set_option linter.unnecessarySeqFocus false`
info: ContextCalculus/HypertableauNativeABoxCardinalityTaxonomySourceWire.lean:2073:0: 'ContextCalculus.Hypertableau.DecodedDirectNativeABoxCardinalityTaxonomyDecision.semantic_valid' depends on axioms: [propext,
 Classical.choice,
 Quot.sound]
info: ContextCalculus/HypertableauNativeABoxCardinalityTaxonomySourceWire.lean:2074:0: 'ContextCalculus.Hypertableau.DecodedDirectNativeABoxCardinalityTaxonomyDecision.positive_eq_true_iff' depends on axioms: [propext,
 Classical.choice,
 Quot.sound]
info: ContextCalculus/HypertableauNativeABoxCardinalityTaxonomySourceWire.lean:2075:0: 'ContextCalculus.Hypertableau.DecodedDirectNativeABoxCardinalityTaxonomyMatrix.concept_coordinates_exact' depends on axioms: [propext,
 Classical.choice,
 Quot.sound]
info: ContextCalculus/HypertableauNativeABoxCardinalityTaxonomySourceWire.lean:2076:0: 'ContextCalculus.Hypertableau.DecodedDirectNativeABoxCardinalityTaxonomyMatrix.subsumption_coordinates_exact' depends on axioms: [propext,
 Classical.choice,
 Quot.sound]
info: ContextCalculus/HypertableauNativeABoxCardinalityTaxonomySourceWire.lean:2077:0: 'ContextCalculus.Hypertableau.DecodedDirectNativeABoxCardinalityTaxonomyMatrix.semantic_valid' depends on axioms: [propext,
 Classical.choice,
 Quot.sound]
info: ContextCalculus/HypertableauNativeABoxCardinalityTaxonomySourceWire.lean:2078:0: 'ContextCalculus.Hypertableau.DecodedMixedNativeABoxCardinalityTaxonomyDecision.semantic_valid' depends on axioms: [propext,
 Classical.choice,
 Quot.sound]
info: ContextCalculus/HypertableauNativeABoxCardinalityTaxonomySourceWire.lean:2079:0: 'ContextCalculus.Hypertableau.DecodedMixedNativeABoxCardinalityTaxonomyDecision.positive_eq_true_iff' depends on axioms: [propext,
 Classical.choice,
 Quot.sound]
info: ContextCalculus/HypertableauNativeABoxCardinalityTaxonomySourceWire.lean:2080:0: 'ContextCalculus.Hypertableau.DecodedMixedNativeABoxCardinalityTaxonomyMatrix.concept_coordinates_exact' depends on axioms: [propext,
 Classical.choice,
 Quot.sound]
info: ContextCalculus/HypertableauNativeABoxCardinalityTaxonomySourceWire.lean:2081:0: 'ContextCalculus.Hypertableau.DecodedMixedNativeABoxCardinalityTaxonomyMatrix.subsumption_coordinates_exact' depends on axioms: [propext,
 Classical.choice,
 Quot.sound]
info: ContextCalculus/HypertableauNativeABoxCardinalityTaxonomySourceWire.lean:2082:0: 'ContextCalculus.Hypertableau.DecodedMixedNativeABoxCardinalityTaxonomyMatrix.semantic_valid' depends on axioms: [propext,
 Classical.choice,
 Quot.sound]
info: ContextCalculus/HypertableauNativeABoxCardinalityTaxonomySourceWire.lean:2083:0: 'ContextCalculus.Hypertableau.DecodedBundleNativeABoxCardinalityTaxonomyDecision.semantic_valid' depends on axioms: [propext,
 Classical.choice,
 Quot.sound]
info: ContextCalculus/HypertableauNativeABoxCardinalityTaxonomySourceWire.lean:2084:0: 'ContextCalculus.Hypertableau.DecodedBundleNativeABoxCardinalityTaxonomyDecision.positive_eq_true_iff' depends on axioms: [propext,
 Classical.choice,
 Quot.sound]
info: ContextCalculus/HypertableauNativeABoxCardinalityTaxonomySourceWire.lean:2085:0: 'ContextCalculus.Hypertableau.DecodedBundleNativeABoxCardinalityTaxonomyMatrix.concept_coordinates_exact' depends on axioms: [propext,
 Classical.choice,
 Quot.sound]
info: ContextCalculus/HypertableauNativeABoxCardinalityTaxonomySourceWire.lean:2086:0: 'ContextCalculus.Hypertableau.DecodedBundleNativeABoxCardinalityTaxonomyMatrix.subsumption_coordinates_exact' depends on axioms: [propext,
 Classical.choice,
 Quot.sound]
info: ContextCalculus/HypertableauNativeABoxCardinalityTaxonomySourceWire.lean:2087:0: 'ContextCalculus.Hypertableau.DecodedBundleNativeABoxCardinalityTaxonomyMatrix.semantic_valid' depends on axioms: [propext,
 Classical.choice,
 Quot.sound]
ℹ [3425/3439] Replayed ContextCalculus.HypertableauRootedOrdinaryProductionRunWire
info: ContextCalculus/HypertableauRootedOrdinaryProductionRunWire.lean:131:0: 'ContextCalculus.Hypertableau.WireRootedOrdinaryProductionRun.check_sound' depends on axioms: [propext,
 Classical.choice,
 Quot.sound]
info: ContextCalculus/HypertableauRootedOrdinaryProductionRunWire.lean:132:0: 'ContextCalculus.Hypertableau.WireRootedOrdinaryProductionRun.Accepted.terminal_semantics' depends on axioms: [propext,
 Classical.choice,
 Quot.sound]
ℹ [3426/3439] Replayed ContextCalculus.HypertableauRootedCardinalityProductionRunWire
info: ContextCalculus/HypertableauRootedCardinalityProductionRunWire.lean:146:0: 'ContextCalculus.Hypertableau.WireRootedCardinalityProductionRun.check_sound' depends on axioms: [propext,
 Classical.choice,
 Quot.sound]
info: ContextCalculus/HypertableauRootedCardinalityProductionRunWire.lean:147:0: 'ContextCalculus.Hypertableau.WireRootedCardinalityProductionRun.Accepted.terminal_semantics' depends on axioms: [propext,
 Classical.choice,
 Quot.sound]
ℹ [3427/3439] Replayed ContextCalculus.HypertableauRootedOrdinaryTaxonomyProductionRunWire
info: ContextCalculus/HypertableauRootedOrdinaryTaxonomyProductionRunWire.lean:148:0: 'ContextCalculus.Hypertableau.WireRootedOrdinaryTaxonomyProductionRun.check_sound' depends on axioms: [propext,
 Classical.choice,
 Quot.sound]
info: ContextCalculus/HypertableauRootedOrdinaryTaxonomyProductionRunWire.lean:149:0: 'ContextCalculus.Hypertableau.WireRootedOrdinaryTaxonomyProductionRun.Accepted.terminal_semantics' depends on axioms: [propext,
 Classical.choice,
 Quot.sound]
ℹ [3428/3439] Replayed ContextCalculus.HypertableauNativeABoxTaxonomyRunMatrixWire
info: ContextCalculus/HypertableauNativeABoxTaxonomyRunMatrixWire.lean:79:0: 'ContextCalculus.Hypertableau.WireNativeABoxTaxonomyRunMatrix.check_sound' depends on axioms: [propext,
 Classical.choice,
 Quot.sound]
ℹ [3429/3439] Replayed ContextCalculus.HypertableauRootedCardinalityTaxonomyProductionRunWire
info: ContextCalculus/HypertableauRootedCardinalityTaxonomyProductionRunWire.lean:163:0: 'ContextCalculus.Hypertableau.WireRootedCardinalityTaxonomyProductionRun.check_sound' depends on axioms: [propext,
 Classical.choice,
 Quot.sound]
info: ContextCalculus/HypertableauRootedCardinalityTaxonomyProductionRunWire.lean:164:0: 'ContextCalculus.Hypertableau.WireRootedCardinalityTaxonomyProductionRun.Accepted.terminal_semantics' depends on axioms: [propext,
 Classical.choice,
 Quot.sound]
ℹ [3430/3439] Replayed ContextCalculus.HypertableauNativeABoxCardinalityTaxonomyRunMatrixWire
info: ContextCalculus/HypertableauNativeABoxCardinalityTaxonomyRunMatrixWire.lean:87:0: 'ContextCalculus.Hypertableau.WireNativeABoxCardinalityTaxonomyRunMatrix.check_sound' depends on axioms: [propext,
 Classical.choice,
 Quot.sound]
ℹ [3431/3439] Replayed ContextCalculus.HypertableauSourceBoundNativeABoxWire
info: ContextCalculus/HypertableauSourceBoundNativeABoxWire.lean:359:0: 'ContextCalculus.Hypertableau.WireSourceBoundNativeABoxGlobal.check_sound' depends on axioms: [propext,
 Classical.choice,
 Quot.sound]
info: ContextCalculus/HypertableauSourceBoundNativeABoxWire.lean:360:0: 'ContextCalculus.Hypertableau.WireSourceBoundNativeABoxCardinalityGlobal.check_sound' depends on axioms: [propext,
 Classical.choice,
 Quot.sound]
info: ContextCalculus/HypertableauSourceBoundNativeABoxWire.lean:361:0: 'ContextCalculus.Hypertableau.WireSourceBoundNativeABoxTaxonomy.check_sound' depends on axioms: [propext,
 Classical.choice,
 Quot.sound]
info: ContextCalculus/HypertableauSourceBoundNativeABoxWire.lean:362:0: 'ContextCalculus.Hypertableau.WireSourceBoundNativeABoxCardinalityTaxonomy.check_sound' depends on axioms: [propext,
 Classical.choice,
 Quot.sound]
ℹ [3432/3439] Replayed ContextCalculus.HypertableauExecutablePublicationWire
info: ContextCalculus/HypertableauExecutablePublicationWire.lean:114:0: 'ContextCalculus.Hypertableau.WireExecutableHTGlobalPublication.check_sound' depends on axioms: [propext,
 Classical.choice,
 Quot.sound]
info: ContextCalculus/HypertableauExecutablePublicationWire.lean:115:0: 'ContextCalculus.Hypertableau.WireExecutableHTTaxonomyPublication.check_sound' depends on axioms: [propext,
 Classical.choice,
 Quot.sound]
ℹ [3433/3439] Replayed ContextCalculus.HypertableauSourceTaxonomyPublication
info: ContextCalculus/HypertableauSourceTaxonomyPublication.lean:219:0: 'ContextCalculus.Hypertableau.DecodedDirectNativeABoxTaxonomyMatrix.concepts_published_exactly' depends on axioms: [propext,
 Classical.choice,
 Quot.sound]
info: ContextCalculus/HypertableauSourceTaxonomyPublication.lean:220:0: 'ContextCalculus.Hypertableau.DecodedDirectNativeABoxTaxonomyMatrix.subsumptions_published_exactly' depends on axioms: [propext,
 Classical.choice,
 Quot.sound]
info: ContextCalculus/HypertableauSourceTaxonomyPublication.lean:221:0: 'ContextCalculus.Hypertableau.DecodedMixedNativeABoxTaxonomyMatrix.concepts_published_exactly' depends on axioms: [propext,
 Classical.choice,
 Quot.sound]
info: ContextCalculus/HypertableauSourceTaxonomyPublication.lean:222:0: 'ContextCalculus.Hypertableau.DecodedMixedNativeABoxTaxonomyMatrix.subsumptions_published_exactly' depends on axioms: [propext,
 Classical.choice,
 Quot.sound]
info: ContextCalculus/HypertableauSourceTaxonomyPublication.lean:223:0: 'ContextCalculus.Hypertableau.DecodedBundleNativeABoxTaxonomyMatrix.concepts_published_exactly' depends on axioms: [propext,
 Classical.choice,
 Quot.sound]
info: ContextCalculus/HypertableauSourceTaxonomyPublication.lean:224:0: 'ContextCalculus.Hypertableau.DecodedBundleNativeABoxTaxonomyMatrix.subsumptions_published_exactly' depends on axioms: [propext,
 Classical.choice,
 Quot.sound]
info: ContextCalculus/HypertableauSourceTaxonomyPublication.lean:225:0: 'ContextCalculus.Hypertableau.DecodedDirectNativeABoxCardinalityTaxonomyMatrix.concepts_published_exactly' depends on axioms: [propext,
 Classical.choice,
 Quot.sound]
info: ContextCalculus/HypertableauSourceTaxonomyPublication.lean:226:0: 'ContextCalculus.Hypertableau.DecodedDirectNativeABoxCardinalityTaxonomyMatrix.subsumptions_published_exactly' depends on axioms: [propext,
 Classical.choice,
 Quot.sound]
info: ContextCalculus/HypertableauSourceTaxonomyPublication.lean:227:0: 'ContextCalculus.Hypertableau.DecodedMixedNativeABoxCardinalityTaxonomyMatrix.concepts_published_exactly' depends on axioms: [propext,
 Classical.choice,
 Quot.sound]
info: ContextCalculus/HypertableauSourceTaxonomyPublication.lean:228:0: 'ContextCalculus.Hypertableau.DecodedMixedNativeABoxCardinalityTaxonomyMatrix.subsumptions_published_exactly' depends on axioms: [propext,
 Classical.choice,
 Quot.sound]
info: ContextCalculus/HypertableauSourceTaxonomyPublication.lean:229:0: 'ContextCalculus.Hypertableau.DecodedBundleNativeABoxCardinalityTaxonomyMatrix.concepts_published_exactly' depends on axioms: [propext,
 Classical.choice,
 Quot.sound]
info: ContextCalculus/HypertableauSourceTaxonomyPublication.lean:230:0: 'ContextCalculus.Hypertableau.DecodedBundleNativeABoxCardinalityTaxonomyMatrix.subsumptions_published_exactly' depends on axioms: [propext,
 Classical.choice,
 Quot.sound]
ℹ [3434/3439] Replayed ContextCalculus.HypertableauJointSourceClassificationWire
info: ContextCalculus/HypertableauJointSourceClassificationWire.lean:103:0: 'ContextCalculus.Hypertableau.DecodedJointDirectNativeABoxClassification.semantic_valid' depends on axioms: [propext,
 Classical.choice,
 Quot.sound]
info: ContextCalculus/HypertableauJointSourceClassificationWire.lean:162:0: 'ContextCalculus.Hypertableau.DecodedJointMixedNativeABoxClassification.semantic_valid' depends on axioms: [propext,
 Classical.choice,
 Quot.sound]
info: ContextCalculus/HypertableauJointSourceClassificationWire.lean:233:0: 'ContextCalculus.Hypertableau.DecodedJointBundleNativeABoxClassification.semantic_valid' depends on axioms: [propext,
 Classical.choice,
 Quot.sound]
info: ContextCalculus/HypertableauJointSourceClassificationWire.lean:328:0: 'ContextCalculus.Hypertableau.DecodedJointDirectNativeABoxCardinalityClassification.semantic_valid' depends on axioms: [propext,
 Classical.choice,
 Quot.sound]
info: ContextCalculus/HypertableauJointSourceClassificationWire.lean:388:0: 'ContextCalculus.Hypertableau.DecodedJointMixedNativeABoxCardinalityClassification.semantic_valid' depends on axioms: [propext,
 Classical.choice,
 Quot.sound]
info: ContextCalculus/HypertableauJointSourceClassificationWire.lean:452:0: 'ContextCalculus.Hypertableau.DecodedJointBundleNativeABoxCardinalityClassification.semantic_valid' depends on axioms: [propext,
 Classical.choice,
 Quot.sound]
info: ContextCalculus/HypertableauJointSourceClassificationWire.lean:539:0: 'ContextCalculus.Hypertableau.WireJointNativeABoxClassification.check_sound' depends on axioms: [propext,
 Classical.choice,
 Quot.sound]
ℹ [3435/3439] Replayed ContextCalculus.DLSafeAtomicTaxonomyExtension
info: ContextCalculus/DLSafeAtomicTaxonomyExtension.lean:449:0: 'ContextCalculus.DLSafeAtomicTaxonomyExtension.boolean_domain_preserved' depends on axioms: [propext]
info: ContextCalculus/DLSafeAtomicTaxonomyExtension.lean:450:0: 'ContextCalculus.DLSafeAtomicTaxonomyExtension.boolean_range_preserved' depends on axioms: [propext]
info: ContextCalculus/DLSafeAtomicTaxonomyExtension.lean:451:0: 'ContextCalculus.DLSafeAtomicTaxonomyExtension.boolean_data_domain_preserved' depends on axioms: [propext]
info: ContextCalculus/DLSafeAtomicTaxonomyExtension.lean:452:0: 'ContextCalculus.DLSafeAtomicTaxonomyExtension.role_path_old_preserved' depends on axioms: [propext]
info: ContextCalculus/DLSafeAtomicTaxonomyExtension.lean:453:0: 'ContextCalculus.DLSafeAtomicTaxonomyExtension.role_path_cannot_end_fresh' depends on axioms: [propext]
info: ContextCalculus/DLSafeAtomicTaxonomyExtension.lean:454:0: 'ContextCalculus.DLSafeAtomicTaxonomyExtension.role_chain_preserved' depends on axioms: [propext]
info: ContextCalculus/DLSafeAtomicTaxonomyExtension.lean:455:0: 'ContextCalculus.DLSafeAtomicTaxonomyExtension.range_preserved' depends on axioms: [propext]
info: ContextCalculus/DLSafeAtomicTaxonomyExtension.lean:456:0: 'ContextCalculus.DLSafeAtomicTaxonomyExtension.inverse_functionality_preserved' depends on axioms: [propext]
info: ContextCalculus/DLSafeAtomicTaxonomyExtension.lean:457:0: 'ContextCalculus.DLSafeAtomicTaxonomyExtension.symmetry_preserved' depends on axioms: [propext]
info: ContextCalculus/DLSafeAtomicTaxonomyExtension.lean:458:0: 'ContextCalculus.DLSafeAtomicTaxonomyExtension.asymmetry_preserved' depends on axioms: [propext]
info: ContextCalculus/DLSafeAtomicTaxonomyExtension.lean:459:0: 'ContextCalculus.DLSafeAtomicTaxonomyExtension.irreflexivity_preserved' depends on axioms: [propext]
info: ContextCalculus/DLSafeAtomicTaxonomyExtension.lean:460:0: 'ContextCalculus.DLSafeAtomicTaxonomyExtension.disjoint_roles_preserved' depends on axioms: [propext]
info: ContextCalculus/DLSafeAtomicTaxonomyExtension.lean:461:0: 'ContextCalculus.DLSafeAtomicTaxonomyExtension.data_domain_preserved' depends on axioms: [propext]
info: ContextCalculus/DLSafeAtomicTaxonomyExtension.lean:462:0: 'ContextCalculus.DLSafeAtomicTaxonomyExtension.boolean_old_preserved' depends on axioms: [propext]
info: ContextCalculus/DLSafeAtomicTaxonomyExtension.lean:463:0: 'ContextCalculus.DLSafeAtomicTaxonomyExtension.boolean_fresh_valuation' depends on axioms: [propext]
info: ContextCalculus/DLSafeAtomicTaxonomyExtension.lean:464:0: 'ContextCalculus.DLSafeAtomicTaxonomyExtension.data_range_preserved' does not depend on any axioms
info: ContextCalculus/DLSafeAtomicTaxonomyExtension.lean:465:0: 'ContextCalculus.DLSafeAtomicTaxonomyExtension.data_functionality_preserved' does not depend on any axioms
info: ContextCalculus/DLSafeAtomicTaxonomyExtension.lean:466:0: 'ContextCalculus.DLSafeAtomicTaxonomyExtension.guarded_named_rules_preserved' depends on axioms: [propext]
info: ContextCalculus/DLSafeAtomicTaxonomyExtension.lean:467:0: 'ContextCalculus.DLSafeAtomicTaxonomyExtension.inclusion_preserved' depends on axioms: [propext]
info: ContextCalculus/DLSafeAtomicTaxonomyExtension.lean:468:0: 'ContextCalculus.DLSafeAtomicTaxonomyExtension.inverse_preserved' depends on axioms: [propext]
info: ContextCalculus/DLSafeAtomicTaxonomyExtension.lean:469:0: 'ContextCalculus.DLSafeAtomicTaxonomyExtension.named_atoms_preserved' depends on axioms: [propext]
info: ContextCalculus/DLSafeAtomicTaxonomyExtension.lean:470:0: 'ContextCalculus.DLSafeAtomicTaxonomyExtension.named_rule_preserved' depends on axioms: [propext]
info: ContextCalculus/DLSafeAtomicTaxonomyExtension.lean:471:0: 'ContextCalculus.DLSafeAtomicTaxonomyExtension.domain_preserved' depends on axioms: [propext]
info: ContextCalculus/DLSafeAtomicTaxonomyExtension.lean:472:0: 'ContextCalculus.DLSafeAtomicTaxonomyExtension.transitivity_preserved' depends on axioms: [propext]
info: ContextCalculus/DLSafeAtomicTaxonomyExtension.lean:473:0: 'ContextCalculus.DLSafeAtomicTaxonomyExtension.functionality_preserved' depends on axioms: [propext]
info: ContextCalculus/DLSafeAtomicTaxonomyExtension.lean:474:0: 'ContextCalculus.DLSafeAtomicTaxonomyExtension.pointwise_extension' depends on axioms: [propext]
info: ContextCalculus/DLSafeAtomicTaxonomyExtension.lean:475:0: 'ContextCalculus.DLSafeAtomicTaxonomyExtension.named_edges_preserved' depends on axioms: [propext]
info: ContextCalculus/DLSafeAtomicTaxonomyExtension.lean:476:0: 'ContextCalculus.DLSafeAtomicTaxonomyExtension.named_classes_preserved' depends on axioms: [propext]
info: ContextCalculus/DLSafeAtomicTaxonomyExtension.lean:477:0: 'ContextCalculus.DLSafeAtomicTaxonomyExtension.taxonomy_countermodel' depends on axioms: [propext]
info: ContextCalculus/DLSafeAtomicTaxonomyExtension.lean:478:0: 'ContextCalculus.DLSafeAtomicTaxonomyExtension.boolean_query_projection_exact' depends on axioms: [propext]
ℹ [3436/3439] Replayed ContextCalculus.DatatypeValueEmbedding
info: ContextCalculus/DatatypeValueEmbedding.lean:89:0: 'ContextCalculus.DatatypeValueEmbedding.singleton_equality' does not depend on any axioms
info: ContextCalculus/DatatypeValueEmbedding.lean:90:0: 'ContextCalculus.DatatypeValueEmbedding.distinct_values_clash' does not depend on any axioms
info: ContextCalculus/DatatypeValueEmbedding.lean:91:0: 'ContextCalculus.DatatypeValueEmbedding.value_concept_equality' does not depend on any axioms
info: ContextCalculus/DatatypeValueEmbedding.lean:92:0: 'ContextCalculus.DatatypeValueEmbedding.functional_role_iff' does not depend on any axioms
info: ContextCalculus/DatatypeValueEmbedding.lean:94:0: 'ContextCalculus.DatatypeValueEmbedding.has_value_iff' does not depend on any axioms
info: ContextCalculus/DatatypeValueEmbedding.lean:95:0: 'ContextCalculus.DatatypeValueEmbedding.disjunctive_has_value_iff' does not depend on any axioms
info: ContextCalculus/DatatypeValueEmbedding.lean:97:0: 'ContextCalculus.DatatypeValueEmbedding.subproperty_iff' does not depend on any axioms
ℹ [3437/3439] Replayed ContextCalculus.NativeCardinalityNormalization
info: ContextCalculus/NativeCardinalityNormalization.lean:71:0: 'ContextCalculus.NativeCardinalityNormalization.maximum_complement_recognition' does not depend on any axioms
info: ContextCalculus/NativeCardinalityNormalization.lean:72:0: 'ContextCalculus.NativeCardinalityNormalization.minimum_definition_extension_iff' depends on axioms: [propext,
 Classical.choice,
 Quot.sound]
info: ContextCalculus/NativeCardinalityNormalization.lean:73:0: 'ContextCalculus.NativeCardinalityNormalization.maximum_definition_extension_iff' depends on axioms: [propext,
 Classical.choice,
 Quot.sound]
ℹ [3442/3542] Replayed ContextCalculus.CardinalityRoleColors
info: ContextCalculus/CardinalityRoleColors.lean:135:0: 'ContextCalculus.CardinalityRoleColors.maximum_bucket_encoding_iff' depends on axioms: [propext,
 Classical.choice,
 Quot.sound]
info: ContextCalculus/CardinalityRoleColors.lean:136:0: 'ContextCalculus.CardinalityRoleColors.finite_bit_code_injective' depends on axioms: [propext, Quot.sound]
info: ContextCalculus/CardinalityRoleColors.lean:137:0: 'ContextCalculus.CardinalityRoleColors.disjoint_labels_force_distinct' depends on axioms: [Quot.sound]
info: ContextCalculus/CardinalityRoleColors.lean:138:0: 'ContextCalculus.CardinalityRoleColors.distinct_witnesses_admit_labels' does not depend on any axioms
info: ContextCalculus/CardinalityRoleColors.lean:139:0: 'ContextCalculus.CardinalityRoleColors.maximum_admits_finite_buckets' depends on axioms: [propext,
 Classical.choice,
 Quot.sound]
info: ContextCalculus/CardinalityRoleColors.lean:140:0: 'ContextCalculus.CardinalityRoleColors.functional_bucket_cover_bounds' depends on axioms: [propext,
 Classical.choice,
 Quot.sound]
info: ContextCalculus/CardinalityRoleColors.lean:141:0: 'ContextCalculus.CardinalityRoleColors.embedding_supplies_functional_cover' does not depend on any axioms
ℹ [3443/3542] Replayed ContextCalculus.DLSafeRuleJoinOrdering
info: ContextCalculus/DLSafeRuleJoinOrdering.lean:57:0: 'ContextCalculus.DLSafeRuleJoinOrdering.reject_false_premise' does not depend on any axioms
info: ContextCalculus/DLSafeRuleJoinOrdering.lean:58:0: 'ContextCalculus.DLSafeRuleJoinOrdering.accept_true_head' does not depend on any axioms
info: ContextCalculus/DLSafeRuleJoinOrdering.lean:59:0: 'ContextCalculus.DLSafeRuleJoinOrdering.class_domain_restriction' does not depend on any axioms
info: ContextCalculus/DLSafeRuleJoinOrdering.lean:60:0: 'ContextCalculus.DLSafeRuleJoinOrdering.conjunction_reorder_iff' does not depend on any axioms
info: ContextCalculus/DLSafeRuleJoinOrdering.lean:61:0: 'ContextCalculus.DLSafeRuleJoinOrdering.rule_instances_preserved' does not depend on any axioms
ℹ [3444/3542] Replayed ContextCalculus.DLSafeFiniteDataGrounding
info: ContextCalculus/DLSafeFiniteDataGrounding.lean:112:0: 'ContextCalculus.DLSafeFiniteDataGrounding.model_existence_iff_restricted_rules' does not depend on any axioms
info: ContextCalculus/DLSafeFiniteDataGrounding.lean:113:0: 'ContextCalculus.DLSafeFiniteDataGrounding.preserves_assertion' does not depend on any axioms
info: ContextCalculus/DLSafeFiniteDataGrounding.lean:114:0: 'ContextCalculus.DLSafeFiniteDataGrounding.preserves_domain' does not depend on any axioms
info: ContextCalculus/DLSafeFiniteDataGrounding.lean:115:0: 'ContextCalculus.DLSafeFiniteDataGrounding.preserves_range' does not depend on any axioms
info: ContextCalculus/DLSafeFiniteDataGrounding.lean:116:0: 'ContextCalculus.DLSafeFiniteDataGrounding.preserves_functionality' does not depend on any axioms
info: ContextCalculus/DLSafeFiniteDataGrounding.lean:117:0: 'ContextCalculus.DLSafeFiniteDataGrounding.preserves_object_head_rule' does not depend on any axioms
info: ContextCalculus/DLSafeFiniteDataGrounding.lean:118:0: 'ContextCalculus.DLSafeFiniteDataGrounding.finite_grounding_iff' does not depend on any axioms
info: ContextCalculus/DLSafeFiniteDataGrounding.lean:136:0: 'ContextCalculus.DLSafeFiniteDataGrounding.positive_assertion_consequence' does not depend on any axioms
info: ContextCalculus/DLSafeFiniteDataGrounding.lean:150:0: 'ContextCalculus.DLSafeFiniteDataGrounding.transitive_rule_redundant' does not depend on any axioms
info: ContextCalculus/DLSafeFiniteDataGrounding.lean:171:0: 'ContextCalculus.DLSafeFiniteDataGrounding.negative_role_nominal_constraint' does not depend on any axioms
ℹ [3445/3542] Replayed ContextCalculus.IsolatedObjectModelExtension
info: ContextCalculus/IsolatedObjectModelExtension.lean:405:0: 'ContextCalculus.IsolatedObjectModelExtension.count_congr' does not depend on any axioms
info: ContextCalculus/IsolatedObjectModelExtension.lean:406:0: 'ContextCalculus.IsolatedObjectModelExtension.role_locality' does not depend on any axioms
info: ContextCalculus/IsolatedObjectModelExtension.lean:407:0: 'ContextCalculus.IsolatedObjectModelExtension.inert_fact_satisfied' does not depend on any axioms
info: ContextCalculus/IsolatedObjectModelExtension.lean:408:0: 'ContextCalculus.IsolatedObjectModelExtension.inert_facts_preserve_concepts' depends on axioms: [propext]
info: ContextCalculus/IsolatedObjectModelExtension.lean:409:0: 'ContextCalculus.IsolatedObjectModelExtension.symmetry_extended' depends on axioms: [propext]
info: ContextCalculus/IsolatedObjectModelExtension.lean:410:0: 'ContextCalculus.IsolatedObjectModelExtension.asymmetry_extended' depends on axioms: [propext]
info: ContextCalculus/IsolatedObjectModelExtension.lean:411:0: 'ContextCalculus.IsolatedObjectModelExtension.irreflexivity_extended' depends on axioms: [propext]
info: ContextCalculus/IsolatedObjectModelExtension.lean:412:0: 'ContextCalculus.IsolatedObjectModelExtension.disjoint_roles_extended' depends on axioms: [propext]
info: ContextCalculus/IsolatedObjectModelExtension.lean:413:0: 'ContextCalculus.IsolatedObjectModelExtension.path_from_old' depends on axioms: [propext]
info: ContextCalculus/IsolatedObjectModelExtension.lean:414:0: 'ContextCalculus.IsolatedObjectModelExtension.chain_extended' depends on axioms: [propext]
info: ContextCalculus/IsolatedObjectModelExtension.lean:415:0: 'ContextCalculus.IsolatedObjectModelExtension.role_inclusion_extended' depends on axioms: [propext]
info: ContextCalculus/IsolatedObjectModelExtension.lean:416:0: 'ContextCalculus.IsolatedObjectModelExtension.transitivity_extended' depends on axioms: [propext]
info: ContextCalculus/IsolatedObjectModelExtension.lean:417:0: 'ContextCalculus.IsolatedObjectModelExtension.functionality_extended' depends on axioms: [propext]
info: ContextCalculus/IsolatedObjectModelExtension.lean:418:0: 'ContextCalculus.IsolatedObjectModelExtension.inverse_functionality_extended' depends on axioms: [propext]
info: ContextCalculus/IsolatedObjectModelExtension.lean:419:0: 'ContextCalculus.IsolatedObjectModelExtension.inverse_roles_extended' depends on axioms: [propext]
info: ContextCalculus/IsolatedObjectModelExtension.lean:420:0: 'ContextCalculus.IsolatedObjectModelExtension.named_subsumption_preserved' depends on axioms: [propext]
info: ContextCalculus/IsolatedObjectModelExtension.lean:421:0: 'ContextCalculus.IsolatedObjectModelExtension.named_satisfiability_preserved' depends on axioms: [propext]
info: ContextCalculus/IsolatedObjectModelExtension.lean:422:0: 'ContextCalculus.IsolatedObjectModelExtension.count_empty' depends on axioms: [propext]
info: ContextCalculus/IsolatedObjectModelExtension.lean:423:0: 'ContextCalculus.IsolatedObjectModelExtension.fresh_concepts_shell' depends on axioms: [propext, Quot.sound]
info: ContextCalculus/IsolatedObjectModelExtension.lean:424:0: 'ContextCalculus.IsolatedObjectModelExtension.inclusion_extended' depends on axioms: [propext,
 Classical.choice,
 Quot.sound]
info: ContextCalculus/IsolatedObjectModelExtension.lean:425:0: 'ContextCalculus.IsolatedObjectModelExtension.count_transport' depends on axioms: [Classical.choice]
info: ContextCalculus/IsolatedObjectModelExtension.lean:426:0: 'ContextCalculus.IsolatedObjectModelExtension.old_concepts_preserved' depends on axioms: [propext, Classical.choice]
ℹ [3446/3542] Replayed ContextCalculus.DLSafeIsolatedNamedDomain
info: ContextCalculus/DLSafeIsolatedNamedDomain.lean:42:0: 'ContextCalculus.DLSafeIsolatedNamedDomain.inactive_rule' does not depend on any axioms
info: ContextCalculus/DLSafeIsolatedNamedDomain.lean:43:0: 'ContextCalculus.DLSafeIsolatedNamedDomain.inactive_rules' does not depend on any axioms
info: ContextCalculus/DLSafeIsolatedNamedDomain.lean:44:0: 'ContextCalculus.DLSafeIsolatedNamedDomain.classification_preserved' does not depend on any axioms
⚠ [3448/3542] Replayed ContextCalculus.CheckerTerm
warning: ContextCalculus/CheckerTerm.lean:229:5: unused variable `he`

Note: This linter can be disabled with `set_option linter.unusedVariables false`
ℹ [3450/3542] Replayed ContextCalculus.CBALCEncoding
info: ContextCalculus/CBALCEncoding.lean:406:0: 'ContextCalculus.CBALCEncoding.witnessFor_spec' depends on axioms: [propext, Classical.choice, Quot.sound]
info: ContextCalculus/CBALCEncoding.lean:407:0: 'ContextCalculus.CBALCEncoding.models_extend' depends on axioms: [propext, Classical.choice, Quot.sound]
info: ContextCalculus/CBALCEncoding.lean:408:0: 'ContextCalculus.CBALCEncoding.entailsSub_iff_ctx' depends on axioms: [propext, Classical.choice, Quot.sound]
info: ContextCalculus/CBALCEncoding.lean:409:0: 'ContextCalculus.CBALCEncoding.entailsSub_iff_good' depends on axioms: [propext, Classical.choice, Quot.sound]
info: ContextCalculus/CBALCEncoding.lean:410:0: 'ContextCalculus.CBALCEncoding.goodType_domain_finite' depends on axioms: [propext, Classical.choice, Quot.sound]
info: ContextCalculus/CBALCEncoding.lean:411:0: 'ContextCalculus.CBALCEncoding.finite_countermodel_of_not_entailsSub' depends on axioms: [propext,
 Classical.choice,
 Quot.sound]
info: ContextCalculus/CBALCEncoding.lean:413:0: 'ContextCalculus.CBALCEncoding.models_restrict' depends on axioms: [propext, Classical.choice, Quot.sound]
ℹ [3451/3542] Replayed ContextCalculus.CBClauseShape
info: ContextCalculus/CBClauseShape.lean:55:0: 'ContextCalculus.CBClauseShape.predicateBody_substCl' depends on axioms: [propext, Quot.sound]
info: ContextCalculus/CBClauseShape.lean:56:0: 'ContextCalculus.CBClauseShape.all_predicateBodyB_eq_true_iff' depends on axioms: [propext, Quot.sound]
⚠ [3452/3542] Replayed ContextCalculus.CompletenessProp
warning: ContextCalculus/CompletenessProp.lean:49:0: automatically included section variable(s) unused in theorem `ContextCalculus.PropRes.PClause.not_sat_bot`:
  [DecidableEq Atom]
consider restructuring your `variable` declarations so that the variables are not in scope or explicitly omit them:
  omit [DecidableEq Atom] in theorem ...

Note: This linter can be disabled with `set_option linter.unusedSectionVars false`
warning: ContextCalculus/CompletenessProp.lean:229:16: Used `tac1 <;> tac2` where `(tac1; tac2)` would suffice

Note: This linter can be disabled with `set_option linter.unnecessarySeqFocus false`
warning: ContextCalculus/CompletenessProp.lean:239:16: Used `tac1 <;> tac2` where `(tac1; tac2)` would suffice

Note: This linter can be disabled with `set_option linter.unnecessarySeqFocus false`
warning: ContextCalculus/CompletenessProp.lean:250:16: Used `tac1 <;> tac2` where `(tac1; tac2)` would suffice

Note: This linter can be disabled with `set_option linter.unnecessarySeqFocus false`
warning: ContextCalculus/CompletenessProp.lean:276:16: Used `tac1 <;> tac2` where `(tac1; tac2)` would suffice

Note: This linter can be disabled with `set_option linter.unnecessarySeqFocus false`
warning: ContextCalculus/CompletenessProp.lean:287:16: Used `tac1 <;> tac2` where `(tac1; tac2)` would suffice

Note: This linter can be disabled with `set_option linter.unnecessarySeqFocus false`
warning: ContextCalculus/CompletenessProp.lean:298:16: Used `tac1 <;> tac2` where `(tac1; tac2)` would suffice

Note: This linter can be disabled with `set_option linter.unnecessarySeqFocus false`
⚠ [3453/3542] Replayed ContextCalculus.CompletenessEq
warning: ContextCalculus/CompletenessEq.lean:149:8: automatically included section variable(s) unused in theorem `ContextCalculus.Eqv.cm_c`:
  [DecidableEq CN]
  [DecidableEq RN]
  [DecidableEq T]
consider restructuring your `variable` declarations so that the variables are not in scope or explicitly omit them:
  omit [DecidableEq CN] [DecidableEq RN] [DecidableEq T] in theorem ...

Note: This linter can be disabled with `set_option linter.unusedSectionVars false`
warning: ContextCalculus/CompletenessEq.lean:152:8: automatically included section variable(s) unused in theorem `ContextCalculus.Eqv.cm_r`:
  [DecidableEq CN]
  [DecidableEq RN]
  [DecidableEq T]
consider restructuring your `variable` declarations so that the variables are not in scope or explicitly omit them:
  omit [DecidableEq CN] [DecidableEq RN] [DecidableEq T] in theorem ...

Note: This linter can be disabled with `set_option linter.unusedSectionVars false`
warning: ContextCalculus/CompletenessEq.lean:191:0: automatically included section variable(s) unused in theorem `ContextCalculus.Eqv.mem_atMostBody`:
  [DecidableEq CN]
  [DecidableEq RN]
  [DecidableEq T]
consider restructuring your `variable` declarations so that the variables are not in scope or explicitly omit them:
  omit [DecidableEq CN] [DecidableEq RN] [DecidableEq T] in theorem ...

Note: This linter can be disabled with `set_option linter.unusedSectionVars false`
warning: ContextCalculus/CompletenessEq.lean:197:0: automatically included section variable(s) unused in theorem `ContextCalculus.Eqv.mem_atMostHead`:
  [DecidableEq CN]
  [DecidableEq RN]
  [DecidableEq T]
consider restructuring your `variable` declarations so that the variables are not in scope or explicitly omit them:
  omit [DecidableEq CN] [DecidableEq RN] [DecidableEq T] in theorem ...

Note: This linter can be disabled with `set_option linter.unusedSectionVars false`
warning: ContextCalculus/CompletenessEq.lean:452:18: Try `simp at hga` instead of `simpa using hga`

Note: This linter can be disabled with `set_option linter.unnecessarySimpa false`
warning: ContextCalculus/CompletenessEq.lean:462:18: Try `simp at hga` instead of `simpa using hga`

Note: This linter can be disabled with `set_option linter.unnecessarySimpa false`
warning: ContextCalculus/CompletenessEq.lean:304:48: This simp argument is unused:
  List.mem_singleton

Hint: Omit it from the simp argument list.
  simp only [List.mem_cons, L̵i̵s̵t̵.̵m̵e̵m̵_̵s̵i̵n̵g̵l̵e̵t̵o̵n̵,̵ ̵List.not_mem_nil, or_false] at hg

Note: This linter can be disabled with `set_option linter.unusedSimpArgs false`
warning: ContextCalculus/CompletenessEq.lean:316:48: This simp argument is unused:
  List.mem_singleton

Hint: Omit it from the simp argument list.
  simp only [List.mem_cons, L̵i̵s̵t̵.̵m̵e̵m̵_̵s̵i̵n̵g̵l̵e̵t̵o̵n̵,̵ ̵List.not_mem_nil, or_false] at hg

Note: This linter can be disabled with `set_option linter.unusedSimpArgs false`
warning: ContextCalculus/CompletenessEq.lean:350:48: This simp argument is unused:
  List.mem_singleton

Hint: Omit it from the simp argument list.
  simp only [List.mem_cons, L̵i̵s̵t̵.̵m̵e̵m̵_̵s̵i̵n̵g̵l̵e̵t̵o̵n̵,̵ ̵List.not_mem_nil, or_false] at hg

Note: This linter can be disabled with `set_option linter.unusedSimpArgs false`
warning: ContextCalculus/CompletenessEq.lean:480:48: This simp argument is unused:
  List.mem_singleton

Hint: Omit it from the simp argument list.
  simp only [List.mem_cons, L̵i̵s̵t̵.̵m̵e̵m̵_̵s̵i̵n̵g̵l̵e̵t̵o̵n̵,̵ ̵List.not_mem_nil, or_false] at hg

Note: This linter can be disabled with `set_option linter.unusedSimpArgs false`
warning: ContextCalculus/CompletenessEq.lean:488:48: This simp argument is unused:
  List.mem_singleton

Hint: Omit it from the simp argument list.
  simp only [List.mem_cons, L̵i̵s̵t̵.̵m̵e̵m̵_̵s̵i̵n̵g̵l̵e̵t̵o̵n̵,̵ ̵List.not_mem_nil, or_false] at hg

Note: This linter can be disabled with `set_option linter.unusedSimpArgs false`
warning: ContextCalculus/CompletenessEq.lean:496:48: This simp argument is unused:
  List.mem_singleton

Hint: Omit it from the simp argument list.
  simp only [List.mem_cons, L̵i̵s̵t̵.̵m̵e̵m̵_̵s̵i̵n̵g̵l̵e̵t̵o̵n̵,̵ ̵List.not_mem_nil, or_false] at hg

Note: This linter can be disabled with `set_option linter.unusedSimpArgs false`
warning: ContextCalculus/CompletenessEq.lean:504:48: This simp argument is unused:
  List.mem_singleton

Hint: Omit it from the simp argument list.
  simp only [List.mem_cons, L̵i̵s̵t̵.̵m̵e̵m̵_̵s̵i̵n̵g̵l̵e̵t̵o̵n̵,̵ ̵List.not_mem_nil, or_false] at hg

Note: This linter can be disabled with `set_option linter.unusedSimpArgs false`
warning: ContextCalculus/CompletenessEq.lean:543:0: automatically included section variable(s) unused in theorem `ContextCalculus.Eqv.mem_fold_of_mem`:
  [DecidableEq CN]
  [DecidableEq RN]
  [DecidableEq T]
  [Fintype T]
  [Fintype CN]
  [Fintype RN]
consider restructuring your `variable` declarations so that the variables are not in scope or explicitly omit them:
  omit [DecidableEq CN] [DecidableEq RN] [DecidableEq T] [Fintype T] [Fintype CN] [Fintype RN] in theorem ...

Note: This linter can be disabled with `set_option linter.unusedSectionVars false`
ℹ [3454/3542] Replayed ContextCalculus.CBEqEncoding
info: ContextCalculus/CBEqEncoding.lean:1064:0: 'ContextCalculus.CBEqEncoding.models_restrict' depends on axioms: [propext, Classical.choice, Quot.sound]
info: ContextCalculus/CBEqEncoding.lean:1065:0: 'ContextCalculus.CBEqEncoding.models_extend' depends on axioms: [propext, Classical.choice, Quot.sound]
info: ContextCalculus/CBEqEncoding.lean:1066:0: 'ContextCalculus.CBEqEncoding.entailsSub_iff_source' depends on axioms: [propext, Classical.choice, Quot.sound]
info: ContextCalculus/CBEqEncoding.lean:1067:0: 'ContextCalculus.CBEqEncoding.satisfiable_iff_source' depends on axioms: [propext, Classical.choice, Quot.sound]
⚠ [3455/3542] Replayed ContextCalculus.CBRoleChainEncoding
warning: ContextCalculus/CBRoleChainEncoding.lean:118:2: try 'simp' instead of 'simpa'

Note: This linter can be disabled with `set_option linter.unnecessarySimpa false`
info: ContextCalculus/CBRoleChainEncoding.lean:387:0: 'ContextCalculus.CBRoleChainEncoding.valid_encodeChain_iff' depends on axioms: [propext, Classical.choice, Quot.sound]
info: ContextCalculus/CBRoleChainEncoding.lean:388:0: 'ContextCalculus.CBRoleChainEncoding.valid_encodeRoleAxiom_iff' depends on axioms: [propext, Quot.sound]
info: ContextCalculus/CBRoleChainEncoding.lean:389:0: 'ContextCalculus.CBRoleChainEncoding.models_restrict' depends on axioms: [propext, Classical.choice, Quot.sound]
info: ContextCalculus/CBRoleChainEncoding.lean:390:0: 'ContextCalculus.CBRoleChainEncoding.models_extend' depends on axioms: [propext, Classical.choice, Quot.sound]
info: ContextCalculus/CBRoleChainEncoding.lean:391:0: 'ContextCalculus.CBRoleChainEncoding.entailsSub_iff_source' depends on axioms: [propext, Classical.choice, Quot.sound]
info: ContextCalculus/CBRoleChainEncoding.lean:392:0: 'ContextCalculus.CBRoleChainEncoding.satisfiable_iff_source' depends on axioms: [propext, Classical.choice, Quot.sound]
info: ContextCalculus/CBRoleChainEncoding.lean:393:0: 'ContextCalculus.CBRoleChainEncoding.satChain_transitiveChain_iff' depends on axioms: [propext,
 Classical.choice,
 Quot.sound]
ℹ [3456/3542] Replayed ContextCalculus.InverseRoleChainNormalization
info: ContextCalculus/InverseRoleChainNormalization.lean:150:0: 'ContextCalculus.InverseRoleChainNormalization.negative_role_guard' does not depend on any axioms
info: ContextCalculus/InverseRoleChainNormalization.lean:151:0: 'ContextCalculus.InverseRoleChainNormalization.centered_binary_chain' does not depend on any axioms
info: ContextCalculus/InverseRoleChainNormalization.lean:152:0: 'ContextCalculus.InverseRoleChainNormalization.consequences_preserved' does not depend on any axioms
info: ContextCalculus/InverseRoleChainNormalization.lean:153:0: 'ContextCalculus.InverseRoleChainNormalization.theory_consequences_preserved' depends on axioms: [propext]
info: ContextCalculus/InverseRoleChainNormalization.lean:164:0: 'ContextCalculus.InverseRoleChainNormalization.reciprocal_bridges_preserve_transitivity' does not depend on any axioms
ℹ [3457/3542] Replayed ContextCalculus.DLSafeUnaryRuleNormalization
info: ContextCalculus/DLSafeUnaryRuleNormalization.lean:54:0: 'ContextCalculus.DLSafeUnaryRuleNormalization.unary_rule_equivalent' does not depend on any axioms
info: ContextCalculus/DLSafeUnaryRuleNormalization.lean:55:0: 'ContextCalculus.DLSafeUnaryRuleNormalization.theory_equivalent' does not depend on any axioms
info: ContextCalculus/DLSafeUnaryRuleNormalization.lean:56:0: 'ContextCalculus.DLSafeUnaryRuleNormalization.exhaustive_names_entail_inclusion' does not depend on any axioms
info: ContextCalculus/DLSafeUnaryRuleNormalization.lean:83:0: 'ContextCalculus.DLSafeUnaryRuleNormalization.pointwise_fresh_extension' does not depend on any axioms
ℹ [3458/3542] Replayed ContextCalculus.DLSafeUnaryDataRuleNormalization
info: ContextCalculus/DLSafeUnaryDataRuleNormalization.lean:91:0: 'ContextCalculus.DLSafeUnaryDataRuleNormalization.self_role_constant_data_head_iff' does not depend on any axioms
info: ContextCalculus/DLSafeUnaryDataRuleNormalization.lean:92:0: 'ContextCalculus.DLSafeUnaryDataRuleNormalization.constant_data_body_definition_iff' does not depend on any axioms
info: ContextCalculus/DLSafeUnaryDataRuleNormalization.lean:93:0: 'ContextCalculus.DLSafeUnaryDataRuleNormalization.constant_data_head_definition_iff' does not depend on any axioms
info: ContextCalculus/DLSafeUnaryDataRuleNormalization.lean:94:0: 'ContextCalculus.DLSafeUnaryDataRuleNormalization.shared_witness_rule_iff' does not depend on any axioms
info: ContextCalculus/DLSafeUnaryDataRuleNormalization.lean:95:0: 'ContextCalculus.DLSafeUnaryDataRuleNormalization.data_assertion_iff_singleton_witness' does not depend on any axioms
info: ContextCalculus/DLSafeUnaryDataRuleNormalization.lean:96:0: 'ContextCalculus.DLSafeUnaryDataRuleNormalization.theory_models_preserved' does not depend on any axioms
ℹ [3459/3542] Replayed ContextCalculus.SWRLIntegerThresholds
info: ContextCalculus/SWRLIntegerThresholds.lean:56:0: 'ContextCalculus.SWRLIntegerThresholds.integer_le_rational_iff' depends on axioms: [propext]
info: ContextCalculus/SWRLIntegerThresholds.lean:57:0: 'ContextCalculus.SWRLIntegerThresholds.ceiling_matches_euclidean_implementation' depends on axioms: [propext,
 Classical.choice,
 Quot.sound]
info: ContextCalculus/SWRLIntegerThresholds.lean:58:0: 'ContextCalculus.SWRLIntegerThresholds.integer_gt_rational_iff' depends on axioms: [propext,
 Classical.choice,
 Quot.sound]
info: ContextCalculus/SWRLIntegerThresholds.lean:59:0: 'ContextCalculus.SWRLIntegerThresholds.integer_ge_rational_iff' depends on axioms: [propext,
 Classical.choice,
 Quot.sound]
info: ContextCalculus/SWRLIntegerThresholds.lean:60:0: 'ContextCalculus.SWRLIntegerThresholds.integer_lt_rational_iff' depends on axioms: [propext,
 Classical.choice,
 Quot.sound]
ℹ [3460/3542] Replayed ContextCalculus.CBTermDerivationWire
info: ContextCalculus/CBTermDerivationWire.lean:260:0: 'ContextCalculus.CBTermWire.DecodedDocument.check_sound' depends on axioms: [propext, Quot.sound]
info: ContextCalculus/CBTermDerivationWire.lean:261:0: 'ContextCalculus.CBTermWire.WireDocument.check_sound' depends on axioms: [propext, Quot.sound]
ℹ [3461/3542] Replayed ContextCalculus.CBFunctionRenaming
info: ContextCalculus/CBFunctionRenaming.lean:287:0: 'ContextCalculus.CBFunctionRenaming.valid_pullback_iff' depends on axioms: [propext, Quot.sound]
info: ContextCalculus/CBFunctionRenaming.lean:288:0: 'ContextCalculus.CBFunctionRenaming.valid_pushforward_iff' depends on axioms: [propext, Classical.choice, Quot.sound]
info: ContextCalculus/CBFunctionRenaming.lean:289:0: 'ContextCalculus.CBFunctionRenaming.entails_rename_iff' depends on axioms: [propext, Classical.choice, Quot.sound]
ℹ [3464/3542] Replayed ContextCalculus.CBFunctionAllocationWire
info: ContextCalculus/CBFunctionAllocationWire.lean:248:0: 'ContextCalculus.CBFunctionAllocationWire.DecodedFunctionAllocation.rename_injective' depends on axioms: [propext,
 Classical.choice,
 Quot.sound]
info: ContextCalculus/CBFunctionAllocationWire.lean:249:0: 'ContextCalculus.CBFunctionAllocationWire.WireFunctionAllocation.check_sound' depends on axioms: [propext,
 Classical.choice,
 Quot.sound]
ℹ [3465/3542] Replayed ContextCalculus.CBSourceWire
info: ContextCalculus/CBSourceWire.lean:588:0: 'ContextCalculus.CBSourceWire.DecodedSourceBinding.entails_iff_source' depends on axioms: [propext,
 Classical.choice,
 Quot.sound]
info: ContextCalculus/CBSourceWire.lean:589:0: 'ContextCalculus.CBSourceWire.WireSourceBinding.check_sound' depends on axioms: [propext, Classical.choice, Quot.sound]
ℹ [3466/3542] Replayed ContextCalculus.CBFiniteModel
info: ContextCalculus/CBFiniteModel.lean:254:0: 'ContextCalculus.CBFiniteModel.FiniteTModel.satisfiesClauseB_sound' depends on axioms: [propext,
 Classical.choice,
 Quot.sound]
info: ContextCalculus/CBFiniteModel.lean:255:0: 'ContextCalculus.CBFiniteModel.FiniteTModel.modelsB_sound' depends on axioms: [propext, Classical.choice, Quot.sound]
ℹ [3467/3542] Replayed ContextCalculus.CBFiniteModelWire
info: ContextCalculus/CBFiniteModelWire.lean:218:0: 'ContextCalculus.CBFiniteModelWire.DecodedCountermodel.refutes_subsumption' depends on axioms: [propext,
 Classical.choice,
 Quot.sound]
info: ContextCalculus/CBFiniteModelWire.lean:219:0: 'ContextCalculus.CBFiniteModelWire.WireCountermodel.check_sound' depends on axioms: [propext,
 Classical.choice,
 Quot.sound]
ℹ [3468/3542] Replayed ContextCalculus.CBProductionTrace
info: ContextCalculus/CBProductionTrace.lean:495:0: 'ContextCalculus.CBProductionTrace.check_sound' depends on axioms: [propext, Classical.choice, Quot.sound]
info: ContextCalculus/CBProductionTrace.lean:496:0: 'ContextCalculus.CBProductionTrace.HoldsAt.of_strengthens' does not depend on any axioms
info: ContextCalculus/CBProductionTrace.lean:497:0: 'ContextCalculus.CBProductionTrace.factorConclusion_sound' depends on axioms: [propext, Classical.choice, Quot.sound]
info: ContextCalculus/CBProductionTrace.lean:498:0: 'ContextCalculus.CBProductionTrace.deleteReflexiveInequalityConclusion_sound' depends on axioms: [propext]
info: ContextCalculus/CBProductionTrace.lean:499:0: 'ContextCalculus.CBProductionTrace.evalL_join3_instance' depends on axioms: [propext, Quot.sound]
info: ContextCalculus/CBProductionTrace.lean:500:0: 'ContextCalculus.CBProductionTrace.join3Conclusion_sound' depends on axioms: [propext, Quot.sound]
ℹ [3469/3542] Replayed ContextCalculus.CBProductionTraceWire
info: ContextCalculus/CBProductionTraceWire.lean:439:0: 'ContextCalculus.CBProductionTraceWire.DecodedProductionContext.retained_sound' depends on axioms: [propext,
 Classical.choice,
 Quot.sound]
info: ContextCalculus/CBProductionTraceWire.lean:440:0: 'ContextCalculus.CBProductionTraceWire.DecodedProductionContext.discarded_sound' depends on axioms: [propext,
 Classical.choice,
 Quot.sound]
info: ContextCalculus/CBProductionTraceWire.lean:441:0: 'ContextCalculus.CBProductionTraceWire.WireProductionRun.check_sound' depends on axioms: [propext,
 Classical.choice,
 Quot.sound]
info: ContextCalculus/CBProductionTraceWire.lean:442:0: 'ContextCalculus.CBProductionTraceWire.WireProductionRun.check_source_sound' depends on axioms: [propext,
 Classical.choice,
 Quot.sound]
ℹ [3470/3542] Replayed ContextCalculus.CBRegularALCCountermodel
info: ContextCalculus/CBRegularALCCountermodel.lean:174:0: 'ContextCalculus.CBRegularALCCountermodel.models_ctx_of_models_ht' depends on axioms: [propext, Quot.sound]
info: ContextCalculus/CBRegularALCCountermodel.lean:175:0: 'ContextCalculus.CBRegularALCCountermodel.checked_regular_countermodel' depends on axioms: [propext,
 Classical.choice,
 Quot.sound]
ℹ [3471/3542] Replayed ContextCalculus.CBRegularRoleCountermodel
info: ContextCalculus/CBRegularRoleCountermodel.lean:343:0: 'ContextCalculus.CBRegularRoleCountermodel.models_source_of_models_ht' depends on axioms: [propext,
 Classical.choice,
 Quot.sound]
info: ContextCalculus/CBRegularRoleCountermodel.lean:344:0: 'ContextCalculus.CBRegularRoleCountermodel.checked_regular_role_countermodel' depends on axioms: [propext,
 Classical.choice,
 Quot.sound]
ℹ [3472/3542] Replayed ContextCalculus.CBRegularNominalCountermodel
info: ContextCalculus/CBRegularNominalCountermodel.lean:188:0: 'ContextCalculus.CBRegularNominalCountermodel.models_source_of_models_base_and_nominals' depends on axioms: [propext,
 Quot.sound]
info: ContextCalculus/CBRegularNominalCountermodel.lean:189:0: 'ContextCalculus.CBRegularNominalCountermodel.checked_regular_nominal_countermodel' depends on axioms: [propext,
 Classical.choice,
 Quot.sound]
ℹ [3473/3542] Replayed ContextCalculus.CBRegularCardinalityCountermodel
info: ContextCalculus/CBRegularCardinalityCountermodel.lean:404:0: 'ContextCalculus.CBRegularCardinalityCountermodel.atMost_of_maximum_definition' depends on axioms: [propext,
 Classical.choice,
 Quot.sound]
info: ContextCalculus/CBRegularCardinalityCountermodel.lean:405:0: 'ContextCalculus.CBRegularCardinalityCountermodel.functional_of_maximum_one' depends on axioms: [propext,
 Classical.choice,
 Quot.sound]
info: ContextCalculus/CBRegularCardinalityCountermodel.lean:406:0: 'ContextCalculus.CBRegularCardinalityCountermodel.models_source_of_models_core_and_cardinality' depends on axioms: [propext,
 Classical.choice,
 Quot.sound]
info: ContextCalculus/CBRegularCardinalityCountermodel.lean:407:0: 'ContextCalculus.CBRegularCardinalityCountermodel.checked_regular_cardinality_countermodel' depends on axioms: [propext,
 Classical.choice,
 Quot.sound]
ℹ [3474/3542] Replayed ContextCalculus.CBSourceConceptRenaming
info: ContextCalculus/CBSourceConceptRenaming.lean:96:0: 'ContextCalculus.CBSourceConceptRenaming.sat_mapClause_iff' depends on axioms: [propext, Quot.sound]
info: ContextCalculus/CBSourceConceptRenaming.lean:97:0: 'ContextCalculus.CBSourceConceptRenaming.models_mapSource_iff' depends on axioms: [propext, Quot.sound]
ℹ [3475/3542] Replayed ContextCalculus.CBRegularFreshCardinalityCountermodel
info: ContextCalculus/CBRegularFreshCardinalityCountermodel.lean:221:0: 'ContextCalculus.CBRegularFreshCardinalityCountermodel.toTarget_toSource' depends on axioms: [propext]
info: ContextCalculus/CBRegularFreshCardinalityCountermodel.lean:222:0: 'ContextCalculus.CBRegularFreshCardinalityCountermodel.countermodel_of_target_countermodel' depends on axioms: [propext,
 Classical.choice,
 Quot.sound]
info: ContextCalculus/CBRegularFreshCardinalityCountermodel.lean:223:0: 'ContextCalculus.CBRegularFreshCardinalityCountermodel.checked_fresh_cardinality_countermodel' depends on axioms: [propext,
 Classical.choice,
 Quot.sound]
ℹ [3476/3542] Replayed ContextCalculus.CBSourceSignatureRenaming
info: ContextCalculus/CBSourceSignatureRenaming.lean:176:0: 'ContextCalculus.CBSourceSignatureRenaming.sat_mapClause_iff' depends on axioms: [propext, Quot.sound]
info: ContextCalculus/CBSourceSignatureRenaming.lean:177:0: 'ContextCalculus.CBSourceSignatureRenaming.sat_mapChain_iff' depends on axioms: [propext]
info: ContextCalculus/CBSourceSignatureRenaming.lean:178:0: 'ContextCalculus.CBSourceSignatureRenaming.sat_mapRoleAxiom_iff' does not depend on any axioms
info: ContextCalculus/CBSourceSignatureRenaming.lean:179:0: 'ContextCalculus.CBSourceSignatureRenaming.models_mapSource_iff' depends on axioms: [propext, Quot.sound]
⚠ [3477/3542] Replayed ContextCalculus.CBRoleChainBinaryDerivation
warning: ContextCalculus/CBRoleChainBinaryDerivation.lean:68:31: try 'simp' instead of 'simpa'

Note: This linter can be disabled with `set_option linter.unnecessarySimpa false`
warning: ContextCalculus/CBRoleChainBinaryDerivation.lean:96:8: try 'simp' instead of 'simpa'

Note: This linter can be disabled with `set_option linter.unnecessarySimpa false`
info: ContextCalculus/CBRoleChainBinaryDerivation.lean:184:0: 'ContextCalculus.CBRoleChainBinaryDerivation.path_of_indexed_edges' depends on axioms: [propext,
 Classical.choice,
 Quot.sound]
info: ContextCalculus/CBRoleChainBinaryDerivation.lean:185:0: 'ContextCalculus.CBRoleChainBinaryDerivation.indexed_edges_of_path' depends on axioms: [propext]
info: ContextCalculus/CBRoleChainBinaryDerivation.lean:186:0: 'ContextCalculus.CBRoleChainBinaryDerivation.satChain_apply_path' depends on axioms: [propext]
info: ContextCalculus/CBRoleChainBinaryDerivation.lean:187:0: 'ContextCalculus.CBRoleChainBinaryDerivation.Derivation.weaken' does not depend on any axioms
info: ContextCalculus/CBRoleChainBinaryDerivation.lean:188:0: 'ContextCalculus.CBRoleChainBinaryDerivation.Derivation.sound' depends on axioms: [propext,
 Classical.choice,
 Quot.sound]
info: ContextCalculus/CBRoleChainBinaryDerivation.lean:189:0: 'ContextCalculus.CBRoleChainBinaryDerivation.satChain_of_derivation' depends on axioms: [propext,
 Classical.choice,
 Quot.sound]
ℹ [3478/3542] Replayed ContextCalculus.CBRegularArbitraryChainCountermodel
info: ContextCalculus/CBRegularArbitraryChainCountermodel.lean:267:0: 'ContextCalculus.CBRegularArbitraryChainCountermodel.target_clauses_exact' depends on axioms: [propext]
info: ContextCalculus/CBRegularArbitraryChainCountermodel.lean:268:0: 'ContextCalculus.CBRegularArbitraryChainCountermodel.models_source_of_target' depends on axioms: [propext,
 Classical.choice,
 Quot.sound]
info: ContextCalculus/CBRegularArbitraryChainCountermodel.lean:269:0: 'ContextCalculus.CBRegularArbitraryChainCountermodel.countermodel_of_target_countermodel' depends on axioms: [propext,
 Classical.choice,
 Quot.sound]
info: ContextCalculus/CBRegularArbitraryChainCountermodel.lean:270:0: 'ContextCalculus.CBRegularArbitraryChainCountermodel.checked_arbitrary_chain_countermodel' depends on axioms: [propext,
 Classical.choice,
 Quot.sound]
ℹ [3479/3542] Replayed ContextCalculus.CBRegularRoleCountermodelWire
info: ContextCalculus/CBRegularRoleCountermodelWire.lean:159:0: 'ContextCalculus.CBRegularRoleCountermodelWire.DecodedRegularRoleCountermodel.refutes' depends on axioms: [propext,
 Classical.choice,
 Quot.sound]
ℹ [3480/3542] Replayed ContextCalculus.CBRegularNominalCountermodelWire
info: ContextCalculus/CBRegularNominalCountermodelWire.lean:177:0: 'ContextCalculus.CBRegularNominalCountermodelWire.DecodedRegularNominalCountermodel.refutes' depends on axioms: [propext,
 Classical.choice,
 Quot.sound]
ℹ [3481/3542] Replayed ContextCalculus.CBRegularFreshCardinalityCountermodelWire
info: ContextCalculus/CBRegularFreshCardinalityCountermodelWire.lean:184:0: 'ContextCalculus.CBRegularFreshCardinalityCountermodelWire.DecodedRegularFreshCardinalityCountermodel.refutes' depends on axioms: [propext,
 Classical.choice,
 Quot.sound]
ℹ [3483/3542] Replayed ContextCalculus.CBRegularArbitraryChainCountermodelWire
info: ContextCalculus/CBRegularArbitraryChainCountermodelWire.lean:197:0: 'ContextCalculus.CBRegularArbitraryChainCountermodelWire.DecodedRegularArbitraryChainCountermodel.refutes' depends on axioms: [propext,
 Classical.choice,
 Quot.sound]
ℹ [3484/3542] Replayed ContextCalculus.CBTaxonomyWire
info: ContextCalculus/CBTaxonomyWire.lean:370:0: 'ContextCalculus.CBTaxonomyWire.DecodedTaxonomy.publishes_exactly' depends on axioms: [propext,
 Classical.choice,
 Quot.sound]
info: ContextCalculus/CBTaxonomyWire.lean:371:0: 'ContextCalculus.CBTaxonomyWire.WireTaxonomy.check_sound' depends on axioms: [propext, Classical.choice, Quot.sound]
ℹ [3485/3542] Replayed ContextCalculus.CBSourceTaxonomyWire
info: ContextCalculus/CBSourceTaxonomyWire.lean:152:0: 'ContextCalculus.CBSourceTaxonomyWire.DecodedSourceTaxonomy.cell_exact' depends on axioms: [propext,
 Classical.choice,
 Quot.sound]
info: ContextCalculus/CBSourceTaxonomyWire.lean:153:0: 'ContextCalculus.CBSourceTaxonomyWire.DecodedSourceTaxonomy.publishes_source_exactly' depends on axioms: [propext,
 Classical.choice,
 Quot.sound]
info: ContextCalculus/CBSourceTaxonomyWire.lean:154:0: 'ContextCalculus.CBSourceTaxonomyWire.WireSourceTaxonomy.check_sound' depends on axioms: [propext,
 Classical.choice,
 Quot.sound]
ℹ [3486/3542] Replayed ContextCalculus.CBInterContext
info: ContextCalculus/CBInterContext.lean:114:0: 'ContextCalculus.CBInterContext.predTransfer_sound' depends on axioms: [propext, Quot.sound]
info: ContextCalculus/CBInterContext.lean:115:0: 'ContextCalculus.CBInterContext.succHypothesis_valid' depends on axioms: [propext]
info: ContextCalculus/CBInterContext.lean:116:0: 'ContextCalculus.CBInterContext.resolveContextual_sound' depends on axioms: [propext]
info: ContextCalculus/CBInterContext.lean:117:0: 'ContextCalculus.CBInterContext.ContextValid.of_strengthens' does not depend on any axioms
info: ContextCalculus/CBInterContext.lean:118:0: 'ContextCalculus.CBInterContext.coveredResults_contextValid' does not depend on any axioms
ℹ [3487/3542] Replayed ContextCalculus.CBInterContextWire
info: ContextCalculus/CBInterContextWire.lean:400:0: 'ContextCalculus.CBInterContextWire.DecodedPredTransfer.payload_valid' depends on axioms: [propext,
 Classical.choice,
 Quot.sound]
info: ContextCalculus/CBInterContextWire.lean:401:0: 'ContextCalculus.CBInterContextWire.arrivalConclusion_contextValid' depends on axioms: [propext]
info: ContextCalculus/CBInterContextWire.lean:402:0: 'ContextCalculus.CBInterContextWire.DecodedPredArrival.result_contextValid' depends on axioms: [propext,
 Classical.choice,
 Quot.sound]
info: ContextCalculus/CBInterContextWire.lean:403:0: 'ContextCalculus.CBInterContextWire.WireInterContextRun.check_sound' depends on axioms: [propext,
 Classical.choice,
 Quot.sound]
ℹ [3488/3542] Replayed ContextCalculus.CBPredEnumeration
info: ContextCalculus/CBPredEnumeration.lean:199:0: 'ContextCalculus.CBPredEnumeration.mem_cartesianSelections_iff' depends on axioms: [propext, Quot.sound]
info: ContextCalculus/CBPredEnumeration.lean:200:0: 'ContextCalculus.CBPredEnumeration.Selects.length_eq' depends on axioms: [propext]
info: ContextCalculus/CBPredEnumeration.lean:201:0: 'ContextCalculus.CBPredEnumeration.mem_providersFor_iff' depends on axioms: [propext]
info: ContextCalculus/CBPredEnumeration.lean:202:0: 'ContextCalculus.CBPredEnumeration.mem_provider_product_iff' depends on axioms: [propext, Quot.sound]
info: ContextCalculus/CBPredEnumeration.lean:203:0: 'ContextCalculus.CBPredEnumeration.providerPlan_exact' depends on axioms: [propext]
ℹ [3489/3542] Replayed ContextCalculus.CBPredSendEnumeration
info: ContextCalculus/CBPredSendEnumeration.lean:114:0: 'ContextCalculus.CBPredSendEnumeration.mem_enumerate_iff' depends on axioms: [propext, Quot.sound]
ℹ [3490/3542] Replayed ContextCalculus.CBRootPredSendEnumeration
info: ContextCalculus/CBRootPredSendEnumeration.lean:277:0: 'ContextCalculus.CBRootPredSendEnumeration.mem_enumerate_iff' depends on axioms: [propext, Quot.sound]
info: ContextCalculus/CBRootPredSendEnumeration.lean:278:0: 'ContextCalculus.CBRootPredSendEnumeration.mem_enumerateX_iff' depends on axioms: [propext, Quot.sound]
info: ContextCalculus/CBRootPredSendEnumeration.lean:279:0: 'ContextCalculus.CBRootPredSendEnumeration.mem_enumerateAll_iff' depends on axioms: [propext, Quot.sound]
⚠ [3492/3542] Replayed ContextCalculus.CheckerFO
warning: ContextCalculus/CheckerFO.lean:202:5: unused variable `he`

Note: This linter can be disabled with `set_option linter.unusedVariables false`
ℹ [3493/3542] Replayed ContextCalculus.Nominals
info: ContextCalculus/Nominals.lean:463:0: 'ContextCalculus.Nominals.nom_family_sound' depends on axioms: [propext, Classical.choice, Quot.sound]
info: ContextCalculus/Nominals.lean:464:0: 'ContextCalculus.Nominals.nom_shared_cover_sound' depends on axioms: [propext, Classical.choice, Quot.sound]
info: ContextCalculus/Nominals.lean:465:0: 'ContextCalculus.Nominals.independent_nom_witnesses_need_not_share' depends on axioms: [propext]
ℹ [3494/3542] Replayed ContextCalculus.CBNominalAllocationWire
info: ContextCalculus/CBNominalAllocationWire.lean:649:0: 'ContextCalculus.CBNominalAllocationWire.WireNominalAllocation.check_sound' depends on axioms: [propext,
 Classical.choice,
 Quot.sound]
info: ContextCalculus/CBNominalAllocationWire.lean:650:0: 'ContextCalculus.CBNominalAllocationWire.WireNominalAllocation.check_family_sound' depends on axioms: [propext,
 Classical.choice,
 Quot.sound]
info: ContextCalculus/CBNominalAllocationWire.lean:651:0: 'ContextCalculus.CBNominalAllocationWire.nomConclusion_sound' depends on axioms: [propext, Quot.sound]
info: ContextCalculus/CBNominalAllocationWire.lean:652:0: 'ContextCalculus.CBNominalAllocationWire.NominalBlock.emitted_conclusion_sound' does not depend on any axioms
info: ContextCalculus/CBNominalAllocationWire.lean:653:0: 'ContextCalculus.CBNominalAllocationWire.NominalFiringKey.recorded_source_sound' does not depend on any axioms
info: ContextCalculus/CBNominalAllocationWire.lean:654:0: 'ContextCalculus.CBNominalAllocationWire.escape_of_valid_counting_premise' depends on axioms: [propext,
 Classical.choice,
 Quot.sound]
info: ContextCalculus/CBNominalAllocationWire.lean:655:0: 'ContextCalculus.CBNominalAllocationWire.extendNomBlock_fresh' depends on axioms: [propext,
 Classical.choice,
 Quot.sound]
info: ContextCalculus/CBNominalAllocationWire.lean:656:0: 'ContextCalculus.CBNominalAllocationWire.valid_extendNomBlock_of_below' depends on axioms: [propext, Quot.sound]
info: ContextCalculus/CBNominalAllocationWire.lean:657:0: 'ContextCalculus.CBNominalAllocationWire.nomConclusion_exists_extension' depends on axioms: [propext,
 Classical.choice,
 Quot.sound]
⚠ [3495/3542] Replayed ContextCalculus.CBPredSendCoverageWire
warning: ContextCalculus/CBPredSendCoverageWire.lean:286:5: unused variable `hsender`

Note: This linter can be disabled with `set_option linter.unusedVariables false`
warning: ContextCalculus/CBPredSendCoverageWire.lean:416:39: try 'simp' instead of 'simpa'

Note: This linter can be disabled with `set_option linter.unnecessarySimpa false`
info: ContextCalculus/CBPredSendCoverageWire.lean:778:0: 'ContextCalculus.CBPredSendCoverageWire.WirePredSendCoverageDocument.check_sound' depends on axioms: [propext,
 Classical.choice,
 Quot.sound]
ℹ [3496/3542] Replayed ContextCalculus.CBTerminalStateWire
info: ContextCalculus/CBTerminalStateWire.lean:290:0: 'ContextCalculus.CBTerminalStateWire.WireCBTerminalStateDocument.check_sound' depends on axioms: [propext,
 Classical.choice,
 Quot.sound]
ℹ [3497/3542] Replayed ContextCalculus.CBLocalResolutionClosureWire
info: ContextCalculus/CBLocalResolutionClosureWire.lean:329:0: 'ContextCalculus.CBLocalResolutionClosureWire.mem_resolutionSignatures_iff' depends on axioms: [propext, Quot.sound]
info: ContextCalculus/CBLocalResolutionClosureWire.lean:330:0: 'ContextCalculus.CBLocalResolutionClosureWire.WireLocalResolutionClosureDocument.check_sound' depends on axioms: [propext,
 Classical.choice,
 Quot.sound]
⚠ [3498/3542] Replayed ContextCalculus.CBLocalFactorClosureWire
warning: ContextCalculus/CBLocalFactorClosureWire.lean:183:29: This simp argument is unused:
  hasEqualityComplement

Hint: Omit it from the simp argument list.
  simp [̵h̵a̵s̵E̵q̵u̵a̵l̵i̵t̵y̵C̵o̵m̵p̵l̵e̵m̵e̵n̵t̵]̵ ̵at hpaired

Note: This linter can be disabled with `set_option linter.unusedSimpArgs false`
warning: ContextCalculus/CBLocalFactorClosureWire.lean:184:33: This simp argument is unused:
  hasEqualityComplement

Hint: Omit it from the simp argument list.
  simp [̵h̵a̵s̵E̵q̵u̵a̵l̵i̵t̵y̵C̵o̵m̵p̵l̵e̵m̵e̵n̵t̵]̵ ̵at hpaired

Note: This linter can be disabled with `set_option linter.unusedSimpArgs false`
info: ContextCalculus/CBLocalFactorClosureWire.lean:600:0: 'ContextCalculus.CBLocalFactorClosureWire.WireLocalFactorClosureDocument.check_sound' depends on axioms: [propext,
 Classical.choice,
 Quot.sound]
info: ContextCalculus/CBLocalFactorClosureWire.lean:601:0: 'ContextCalculus.CBLocalFactorClosureWire.HoldsAt.normalizeGeneratedHead_sound' depends on axioms: [propext]
info: ContextCalculus/CBLocalFactorClosureWire.lean:602:0: 'ContextCalculus.CBLocalFactorClosureWire.HoldsAt.of_normalizeGeneratedHead_none' depends on axioms: [propext,
 Classical.choice,
 Quot.sound]
info: ContextCalculus/CBLocalFactorClosureWire.lean:603:0: 'ContextCalculus.CBLocalFactorClosureWire.mem_of_normalizeGeneratedHead' depends on axioms: [propext]
info: ContextCalculus/CBLocalFactorClosureWire.lean:604:0: 'ContextCalculus.CBLocalFactorClosureWire.factorCandidate_sound' depends on axioms: [propext,
 Classical.choice,
 Quot.sound]
info: ContextCalculus/CBLocalFactorClosureWire.lean:605:0: 'ContextCalculus.CBLocalFactorClosureWire.mem_factorCandidates_iff' depends on axioms: [propext, Quot.sound]
info: ContextCalculus/CBLocalFactorClosureWire.lean:606:0: 'ContextCalculus.CBLocalFactorClosureWire.terminalHeadNormal_components' depends on axioms: [propext]
info: ContextCalculus/CBLocalFactorClosureWire.lean:607:0: 'ContextCalculus.CBLocalFactorClosureWire.terminalHeadNormal_no_reflexive_eq' depends on axioms: [propext, Quot.sound]
info: ContextCalculus/CBLocalFactorClosureWire.lean:608:0: 'ContextCalculus.CBLocalFactorClosureWire.terminalHeadNormal_no_reflexive_ineq' depends on axioms: [propext]
info: ContextCalculus/CBLocalFactorClosureWire.lean:609:0: 'ContextCalculus.CBLocalFactorClosureWire.terminalHeadNormal_no_complement' depends on axioms: [propext, Quot.sound]
ℹ [3499/3542] Replayed ContextCalculus.CBFiniteTermOrderWire
info: ContextCalculus/CBFiniteTermOrderWire.lean:170:0: 'ContextCalculus.CBFiniteTermOrderWire.WireFiniteTermOrderDocument.check_sound' depends on axioms: [propext,
 Classical.choice,
 Quot.sound]
info: ContextCalculus/CBFiniteTermOrderWire.lean:171:0: 'ContextCalculus.CBFiniteTermOrderWire.DecodedFiniteTermOrderDocument.rank_injective_on_production' depends on axioms: [propext,
 Classical.choice,
 Quot.sound]
ℹ [3500/3542] Replayed ContextCalculus.CBFiniteLiteralOrderWire
info: ContextCalculus/CBFiniteLiteralOrderWire.lean:183:0: 'ContextCalculus.CBFiniteLiteralOrderWire.WireFiniteLiteralOrderDocument.check_sound' depends on axioms: [propext,
 Classical.choice,
 Quot.sound]
info: ContextCalculus/CBFiniteLiteralOrderWire.lean:184:0: 'ContextCalculus.CBFiniteLiteralOrderWire.mem_maximalHeadIndices_iff' depends on axioms: [propext,
 Classical.choice,
 Quot.sound]
⚠ [3501/3542] Replayed ContextCalculus.CBHyperClosure
warning: ContextCalculus/CBHyperClosure.lean:64:2: try 'simp' instead of 'simpa'

Note: This linter can be disabled with `set_option linter.unnecessarySimpa false`
info: ContextCalculus/CBHyperClosure.lean:433:0: 'ContextCalculus.CBHyperClosure.substitutionOf_mem_substitutions' depends on axioms: [propext, Quot.sound]
info: ContextCalculus/CBHyperClosure.lean:434:0: 'ContextCalculus.CBHyperClosure.substitutionOf_variables' depends on axioms: [propext, Quot.sound]
info: ContextCalculus/CBHyperClosure.lean:435:0: 'ContextCalculus.CBHyperClosure.substitutionOf_terms_mem' depends on axioms: [propext]
info: ContextCalculus/CBHyperClosure.lean:436:0: 'ContextCalculus.CBHyperClosure.resolveProviders_sound' depends on axioms: [propext]
info: ContextCalculus/CBHyperClosure.lean:437:0: 'ContextCalculus.CBHyperClosure.resolveProviders_exists_of_provider_heads' depends on axioms: [propext]
info: ContextCalculus/CBHyperClosure.lean:438:0: 'ContextCalculus.CBHyperClosure.FalseAt.resolvent_of_productive' depends on axioms: [propext]
info: ContextCalculus/CBHyperClosure.lean:439:0: 'ContextCalculus.CBHyperClosure.resolveProviders_falseAt' depends on axioms: [propext]
info: ContextCalculus/CBHyperClosure.lean:440:0: 'ContextCalculus.CBHyperClosure.mem_maximalProvidersFor_iff' depends on axioms: [propext, Classical.choice, Quot.sound]
info: ContextCalculus/CBHyperClosure.lean:441:0: 'ContextCalculus.CBHyperClosure.mem_providerSelections_iff' depends on axioms: [propext, Classical.choice, Quot.sound]
info: ContextCalculus/CBHyperClosure.lean:442:0: 'ContextCalculus.CBHyperClosure.providerAt_sound' depends on axioms: [propext, Quot.sound]
info: ContextCalculus/CBHyperClosure.lean:443:0: 'ContextCalculus.CBHyperClosure.selectedProviders_sound' depends on axioms: [propext, Quot.sound]
info: ContextCalculus/CBHyperClosure.lean:444:0: 'ContextCalculus.CBHyperClosure.hyperCandidate_sound' depends on axioms: [propext, Quot.sound]
info: ContextCalculus/CBHyperClosure.lean:445:0: 'ContextCalculus.CBHyperClosure.hyperCandidates_sound' depends on axioms: [propext, Classical.choice, Quot.sound]
ℹ [3502/3542] Replayed ContextCalculus.CBHyperClosureWire
info: ContextCalculus/CBHyperClosureWire.lean:171:0: 'ContextCalculus.CBHyperClosureWire.DecodedContextHyperClosure.complete_coverage' depends on axioms: [propext,
 Classical.choice,
 Quot.sound]
info: ContextCalculus/CBHyperClosureWire.lean:172:0: 'ContextCalculus.CBHyperClosureWire.WireHyperClosureDocument.check_sound' depends on axioms: [propext,
 Classical.choice,
 Quot.sound]
⚠ [3503/3542] Replayed ContextCalculus.CBJoin3Closure
warning: ContextCalculus/CBJoin3Closure.lean:131:43: This simp argument is unused:
  hground

Hint: Omit it from the simp argument list.
  simp [candidateAt?, hconsumer, h̵g̵r̵o̵u̵n̵d̵,̵ ̵hvariant, hprovider] at hcandidate

Note: This linter can be disabled with `set_option linter.unusedSimpArgs false`
warning: ContextCalculus/CBJoin3Closure.lean:131:52: This simp argument is unused:
  hvariant

Hint: Omit it from the simp argument list.
  simp [candidateAt?, hconsumer, hground, h̵v̵a̵r̵i̵a̵n̵t̵,̵ ̵hprovider] at hcandidate

Note: This linter can be disabled with `set_option linter.unusedSimpArgs false`
warning: ContextCalculus/CBJoin3Closure.lean:138:47: This simp argument is unused:
  hground

Hint: Omit it from the simp argument list.
  simp [candidateAt?, hconsumer, h̵g̵r̵o̵u̵n̵d̵,̵ ̵hvariant, hprovider, hproviderMax,
  ̲  ̲ ̲ ̲ ̲ ̲ ̲ ̲ ̲ ̲ ̲ ̲ ̲ ̲ ̲ ̲ ̲ ̲hproviderLiteral] at hcandidate

Note: This linter can be disabled with `set_option linter.unusedSimpArgs false`
warning: ContextCalculus/CBJoin3Closure.lean:138:56: This simp argument is unused:
  hvariant

Hint: Omit it from the simp argument list.
  simp [candidateAt?, hconsumer, hground, h̵v̵a̵r̵i̵a̵n̵t̵,̵ ̵hprovider, hproviderMax,
  ̲  ̲ ̲ ̲ ̲ ̲ ̲ ̲ ̲ ̲ ̲ ̲ ̲ ̲ ̲ ̲ ̲ ̲hproviderLiteral] at hcandidate

Note: This linter can be disabled with `set_option linter.unusedSimpArgs false`
warning: ContextCalculus/CBJoin3Closure.lean:144:51: This simp argument is unused:
  hground

Hint: Omit it from the simp argument list.
  simp [candidateAt?, hconsumer, h̵g̵r̵o̵u̵n̵d̵,̵ ̵hvariant, hprovider, hproviderMax,
  ̲  ̲ ̲ ̲ ̲ ̲ ̲ ̲ ̲ ̲ ̲ ̲ ̲ ̲ ̲ ̲ ̲ ̲ ̲ ̲ ̲ ̲hproviderLiteral, hproviderEq, hbridge] at hcandidate

Note: This linter can be disabled with `set_option linter.unusedSimpArgs false`
warning: ContextCalculus/CBJoin3Closure.lean:144:60: This simp argument is unused:
  hvariant

Hint: Omit it from the simp argument list.
  simp [candidateAt?, hconsumer, hground, h̵v̵a̵r̵i̵a̵n̵t̵,̵hprovider, hproviderMax,
  ̲  ̲ ̲ ̲ ̲ ̲ ̲ ̲ ̲ ̲ ̲ ̲ ̲ ̲ ̲ ̲ ̲ ̲ ̲ ̲ ̲ ̲hproviderLiteral, hproviderEq, hbridge] at hcandidate

Note: This linter can be disabled with `set_option linter.unusedSimpArgs false`
warning: ContextCalculus/CBJoin3Closure.lean:145:33: This simp argument is unused:
  hproviderMax

Hint: Omit it from the simp argument list.
  simp [candidateAt?, hconsumer, hground, hvariant, hprovider, h̵p̵r̵o̵v̵i̵d̵e̵r̵M̵a̵x̵,̵ ̵hproviderLiteral,
  ̲  ̲ ̲ ̲ ̲ ̲ ̲ ̲ ̲ ̲ ̲ ̲ ̲ ̲ ̲ ̲ ̲ ̲ ̲ ̲ ̲ ̲hproviderEq, hbridge] at hcandidate

Note: This linter can be disabled with `set_option linter.unusedSimpArgs false`
warning: ContextCalculus/CBJoin3Closure.lean:145:47: This simp argument is unused:
  hproviderLiteral

Hint: Omit it from the simp argument list.
  simp [candidateAt?, hconsumer, hground, hvariant, hprovider, hproviderMax,
  ̲  ̲ ̲ ̲ ̲ ̲ ̲ ̲ ̲ ̲ ̲ ̲ ̲ ̲ ̲ ̲ ̲ ̲ ̲ ̲ ̲ ̲h̵p̵r̵o̵v̵i̵d̵e̵r̵L̵i̵t̵e̵r̵a̵l̵,̵ ̵hproviderEq, hbridge] at hcandidate

Note: This linter can be disabled with `set_option linter.unusedSimpArgs false`
warning: ContextCalculus/CBJoin3Closure.lean:145:65: This simp argument is unused:
  hproviderEq

Hint: Omit it from the simp argument list.
  simp [candidateAt?, hconsumer, hground, hvariant, hprovider, hproviderMax,
  ̲  ̲ ̲ ̲ ̲ ̲ ̲ ̲ ̲ ̲ ̲ ̲ ̲ ̲ ̲ ̲ ̲ ̲ ̲ ̲ ̲ ̲hproviderLiteral, h̵p̵r̵o̵v̵i̵d̵e̵r̵E̵q̵,̵hbridge] at hcandidate

Note: This linter can be disabled with `set_option linter.unusedSimpArgs false`
warning: ContextCalculus/CBJoin3Closure.lean:154:57: This simp argument is unused:
  hground

Hint: Omit it from the simp argument list.
  simp [candidateAt?, hconsumer, h̵g̵r̵o̵u̵n̵d̵,̵ ̵hvariant, hprovider, hproviderMax,
  ̲  ̲ ̲ ̲ ̲ ̲ ̲ ̲ ̲ ̲ ̲ ̲ ̲ ̲ ̲ ̲ ̲ ̲ ̲ ̲ ̲ ̲ ̲ ̲ ̲ ̲ ̲ ̲hproviderLiteral, hproviderEq, hbridge, hdistinct, hbridgeMax,
                              hbridgeLiteral] at hcandidate

Note: This linter can be disabled with `set_option linter.unusedSimpArgs false`
warning: ContextCalculus/CBJoin3Closure.lean:154:66: This simp argument is unused:
  hvariant

Hint: Omit it from the simp argument list.
  simp [candidateAt?, hconsumer, hground, h̵v̵a̵r̵i̵a̵n̵t̵,̵hprovider, hproviderMax,
  ̲  ̲ ̲ ̲ ̲ ̲ ̲ ̲ ̲ ̲ ̲ ̲ ̲ ̲ ̲ ̲ ̲ ̲ ̲ ̲ ̲ ̲ ̲ ̲ ̲ ̲ ̲ ̲hproviderLiteral, hproviderEq, hbridge, hdistinct, hbridgeMax,
  ̲  ̲ ̲ ̲ ̲ ̲ ̲ ̲ ̲ ̲ ̲ ̲ ̲ ̲ ̲ ̲ ̲ ̲ ̲ ̲ ̲ ̲ ̲ ̲ ̲ ̲ ̲ ̲hbridgeLiteral] at hcandidate

Note: This linter can be disabled with `set_option linter.unusedSimpArgs false`
warning: ContextCalculus/CBJoin3Closure.lean:155:39: This simp argument is unused:
  hproviderMax

Hint: Omit it from the simp argument list.
  simp [candidateAt?, hconsumer, hground, hvariant, hprovider,
  ̲  ̲ ̲ ̲ ̲ ̲ ̲ ̲ ̲ ̲ ̲ ̲ ̲ ̲ ̲ ̲ ̲ ̲ ̲ ̲ ̲ ̲ ̲ ̲ ̲ ̲ ̲ ̲h̵p̵r̵o̵v̵i̵d̵e̵r̵M̵a̵x̵,̵ ̵hproviderLiteral, hproviderEq, hbridge, hdistinct, hbridgeMax,
                              hbridgeLiteral] at hcandidate

Note: This linter can be disabled with `set_option linter.unusedSimpArgs false`
warning: ContextCalculus/CBJoin3Closure.lean:155:53: This simp argument is unused:
  hproviderLiteral

Hint: Omit it from the simp argument list.
  simp [candidateAt?, hconsumer, hground, hvariant, hprovider, hproviderMax,
  ̲  ̲ ̲ ̲ ̲ ̲ ̲ ̲ ̲ ̲ ̲ ̲ ̲ ̲ ̲ ̲ ̲ ̲ ̲ ̲ ̲ ̲ ̲ ̲ ̲ ̲ ̲ ̲h̵p̵r̵o̵v̵i̵d̵e̵r̵L̵i̵t̵e̵r̵a̵l̵,̵hproviderEq, hbridge, hdistinct, hbridgeMax,
  ̲  ̲ ̲ ̲ ̲ ̲ ̲ ̲ ̲ ̲ ̲ ̲ ̲ ̲ ̲ ̲ ̲ ̲ ̲ ̲ ̲ ̲ ̲ ̲ ̲ ̲ ̲ ̲hbridgeLiteral] at hcandidate

Note: This linter can be disabled with `set_option linter.unusedSimpArgs false`
warning: ContextCalculus/CBJoin3Closure.lean:156:28: This simp argument is unused:
  hproviderEq

Hint: Omit it from the simp argument list.
  simp [candidateAt?, hconsumer, hground, hvariant, hprovider, hproviderMax,
  ̲  ̲ ̲ ̲ ̲ ̲ ̲ ̲ ̲ ̲ ̲ ̲ ̲ ̲ ̲ ̲ ̲ ̲ ̲ ̲ ̲ ̲ ̲ ̲ ̲ ̲ ̲ ̲hproviderLiteral, h̵p̵r̵o̵v̵i̵d̵e̵r̵E̵q̵,̵ ̵hbridge, hdistinct, hbridgeMax,
                              hbridgeLiteral] at hcandidate

Note: This linter can be disabled with `set_option linter.unusedSimpArgs false`
warning: ContextCalculus/CBJoin3Closure.lean:184:53: This simp argument is unused:
  hground

Hint: Omit it from the simp argument list.
  simp [candidateAt?, hconsumer, h̵g̵r̵o̵u̵n̵d̵,̵ ̵hvariant, hprovider, hproviderMax,
  ̲  ̲ ̲ ̲ ̲ ̲ ̲ ̲ ̲ ̲ ̲ ̲ ̲ ̲ ̲ ̲ ̲ ̲ ̲ ̲ ̲ ̲hproviderLiteral, hproviderEq, hbridge, hdistinct, hbridgeMax] at hcandidate

Note: This linter can be disabled with `set_option linter.unusedSimpArgs false`
warning: ContextCalculus/CBJoin3Closure.lean:184:62: This simp argument is unused:
  hvariant

Hint: Omit it from the simp argument list.
  simp [candidateAt?, hconsumer, hground, h̵v̵a̵r̵i̵a̵n̵t̵,̵hprovider, hproviderMax,
  ̲  ̲ ̲ ̲ ̲ ̲ ̲ ̲ ̲ ̲ ̲ ̲ ̲ ̲ ̲ ̲ ̲ ̲ ̲ ̲ ̲ ̲hproviderLiteral, hproviderEq, hbridge, hdistinct, hbridgeMax] at hcandidate

Note: This linter can be disabled with `set_option linter.unusedSimpArgs false`
warning: ContextCalculus/CBJoin3Closure.lean:185:35: This simp argument is unused:
  hproviderMax

Hint: Omit it from the simp argument list.
  simp [candidateAt?, hconsumer, hground, hvariant, hprovider,
  ̲  ̲ ̲ ̲ ̲ ̲ ̲ ̲ ̲ ̲ ̲ ̲ ̲ ̲ ̲ ̲ ̲ ̲ ̲ ̲ ̲ ̲h̵p̵r̵o̵v̵i̵d̵e̵r̵M̵a̵x̵,̵ ̵hproviderLiteral, hproviderEq, hbridge, hdistinct, hbridgeMax] at hcandidate

Note: This linter can be disabled with `set_option linter.unusedSimpArgs false`
warning: ContextCalculus/CBJoin3Closure.lean:185:49: This simp argument is unused:
  hproviderLiteral

Hint: Omit it from the simp argument list.
  simp [candidateAt?, hconsumer, hground, hvariant, hprovider, hproviderMax,
  ̲  ̲ ̲ ̲ ̲ ̲ ̲ ̲ ̲ ̲ ̲ ̲ ̲ ̲ ̲ ̲ ̲ ̲ ̲ ̲ ̲ ̲h̵p̵r̵o̵v̵i̵d̵e̵r̵L̵i̵t̵e̵r̵a̵l̵,̵ ̵hproviderEq, hbridge, hdistinct, hbridgeMax] at hcandidate

Note: This linter can be disabled with `set_option linter.unusedSimpArgs false`
warning: ContextCalculus/CBJoin3Closure.lean:185:67: This simp argument is unused:
  hproviderEq

Hint: Omit it from the simp argument list.
  simp [candidateAt?, hconsumer, hground, hvariant, hprovider, hproviderMax,
  ̲  ̲ ̲ ̲ ̲ ̲ ̲ ̲ ̲ ̲ ̲ ̲ ̲ ̲ ̲ ̲ ̲ ̲ ̲ ̲ ̲ ̲hproviderLiteral, h̵p̵r̵o̵v̵i̵d̵e̵r̵E̵q̵,̵hbridge, hdistinct, hbridgeMax] at hcandidate

Note: This linter can be disabled with `set_option linter.unusedSimpArgs false`
warning: ContextCalculus/CBJoin3Closure.lean:187:51: This simp argument is unused:
  hground

Hint: Omit it from the simp argument list.
  simp [candidateAt?, hconsumer, h̵g̵r̵o̵u̵n̵d̵,̵ ̵hvariant, hprovider, hproviderMax,
  ̲  ̲ ̲ ̲ ̲ ̲ ̲ ̲ ̲ ̲ ̲ ̲ ̲ ̲ ̲ ̲ ̲ ̲ ̲ ̲hproviderLiteral, hproviderEq, hbridge, hdistinct] at hcandidate

Note: This linter can be disabled with `set_option linter.unusedSimpArgs false`
warning: ContextCalculus/CBJoin3Closure.lean:187:60: This simp argument is unused:
  hvariant

Hint: Omit it from the simp argument list.
  simp [candidateAt?, hconsumer, hground, h̵v̵a̵r̵i̵a̵n̵t̵,̵hprovider, hproviderMax,
  ̲  ̲ ̲ ̲ ̲ ̲ ̲ ̲ ̲ ̲ ̲ ̲ ̲ ̲ ̲ ̲ ̲ ̲ ̲ ̲hproviderLiteral, hproviderEq, hbridge, hdistinct] at hcandidate

Note: This linter can be disabled with `set_option linter.unusedSimpArgs false`
warning: ContextCalculus/CBJoin3Closure.lean:188:33: This simp argument is unused:
  hproviderMax

Hint: Omit it from the simp argument list.
  simp [candidateAt?, hconsumer, hground, hvariant, hprovider, h̵p̵r̵o̵v̵i̵d̵e̵r̵M̵a̵x̵,̵ ̵hproviderLiteral,
  ̲  ̲ ̲ ̲ ̲ ̲ ̲ ̲ ̲ ̲ ̲ ̲ ̲ ̲ ̲ ̲ ̲ ̲ ̲ ̲hproviderEq, hbridge, hdistinct] at hcandidate

Note: This linter can be disabled with `set_option linter.unusedSimpArgs false`
warning: ContextCalculus/CBJoin3Closure.lean:188:47: This simp argument is unused:
  hproviderLiteral

Hint: Omit it from the simp argument list.
  simp [candidateAt?, hconsumer, hground, hvariant, hprovider, hproviderMax,
  ̲  ̲ ̲ ̲ ̲ ̲ ̲ ̲ ̲ ̲ ̲ ̲ ̲ ̲ ̲ ̲ ̲ ̲ ̲ ̲h̵p̵r̵o̵v̵i̵d̵e̵r̵L̵i̵t̵e̵r̵a̵l̵,̵ ̵hproviderEq, hbridge, hdistinct] at hcandidate

Note: This linter can be disabled with `set_option linter.unusedSimpArgs false`
warning: ContextCalculus/CBJoin3Closure.lean:188:65: This simp argument is unused:
  hproviderEq

Hint: Omit it from the simp argument list.
  simp [candidateAt?, hconsumer, hground, hvariant, hprovider, hproviderMax,
  ̲  ̲ ̲ ̲ ̲ ̲ ̲ ̲ ̲ ̲ ̲ ̲ ̲ ̲ ̲ ̲ ̲ ̲ ̲ ̲hproviderLiteral, h̵p̵r̵o̵v̵i̵d̵e̵r̵E̵q̵,̵hbridge, hdistinct] at hcandidate

Note: This linter can be disabled with `set_option linter.unusedSimpArgs false`
warning: ContextCalculus/CBJoin3Closure.lean:192:43: This simp argument is unused:
  hground

Hint: Omit it from the simp argument list.
  simp [candidateAt?, hconsumer, h̵g̵r̵o̵u̵n̵d̵,̵ ̵hvariant, hprovider, hproviderMax] at hcandidate

Note: This linter can be disabled with `set_option linter.unusedSimpArgs false`
warning: ContextCalculus/CBJoin3Closure.lean:192:52: This simp argument is unused:
  hvariant

Hint: Omit it from the simp argument list.
  simp [candidateAt?, hconsumer, hground, h̵v̵a̵r̵i̵a̵n̵t̵,̵ ̵hprovider, hproviderMax] at hcandidate

Note: This linter can be disabled with `set_option linter.unusedSimpArgs false`
warning: ContextCalculus/CBJoin3Closure.lean:240:8: This simp argument is unused:
  Prod.mk.injEq

Hint: Omit it from the simp argument list.
  simp only [hresult, Option.map_some, Option.some.injEq,̵
  ̵ ̵ ̵ ̵ ̵ ̵ ̵ ̵ ̵P̵r̵o̵d̵.̵m̵k̵.̵i̵n̵j̵E̵q̵] at hcandidate

Note: This linter can be disabled with `set_option linter.unusedSimpArgs false`
info: ContextCalculus/CBJoin3Closure.lean:260:0: 'ContextCalculus.CBJoin3Closure.join3Candidate_sound' depends on axioms: [propext, Quot.sound]
info: ContextCalculus/CBJoin3Closure.lean:261:0: 'ContextCalculus.CBJoin3Closure.mem_candidates_has_checked_origin' depends on axioms: [propext,
 Classical.choice,
 Quot.sound]
info: ContextCalculus/CBJoin3Closure.lean:262:0: 'ContextCalculus.CBJoin3Closure.candidateAt_sound' depends on axioms: [propext, Classical.choice, Quot.sound]
info: ContextCalculus/CBJoin3Closure.lean:263:0: 'ContextCalculus.CBJoin3Closure.candidates_sound' depends on axioms: [propext, Classical.choice, Quot.sound]
ℹ [3504/3542] Replayed ContextCalculus.CBJoin3ClosureWire
info: ContextCalculus/CBJoin3ClosureWire.lean:195:0: 'ContextCalculus.CBJoin3ClosureWire.DecodedContextJoin3Closure.complete_coverage' depends on axioms: [propext,
 Classical.choice,
 Quot.sound]
info: ContextCalculus/CBJoin3ClosureWire.lean:196:0: 'ContextCalculus.CBJoin3ClosureWire.WireJoin3ClosureDocument.check_sound' depends on axioms: [propext,
 Classical.choice,
 Quot.sound]
ℹ [3505/3542] Replayed ContextCalculus.CBSuccClosure
info: ContextCalculus/CBSuccClosure.lean:115:0: 'ContextCalculus.CBSuccClosure.mem_directOffers_has_origin' depends on axioms: [propext, Classical.choice, Quot.sound]
info: ContextCalculus/CBSuccClosure.lean:116:0: 'ContextCalculus.CBSuccClosure.offer_hypothesis_valid' depends on axioms: [propext]
ℹ [3506/3542] Replayed ContextCalculus.CBSuccClosureWire
info: ContextCalculus/CBSuccClosureWire.lean:211:0: 'ContextCalculus.CBSuccClosureWire.DecodedContextSuccClosure.complete_delivery' depends on axioms: [propext,
 Classical.choice,
 Quot.sound]
info: ContextCalculus/CBSuccClosureWire.lean:212:0: 'ContextCalculus.CBSuccClosureWire.WireSuccClosureDocument.check_sound' depends on axioms: [propext,
 Classical.choice,
 Quot.sound]
ℹ [3507/3542] Replayed ContextCalculus.CBRSuccClosure
info: ContextCalculus/CBRSuccClosure.lean:103:0: 'ContextCalculus.CBRSuccClosure.mem_rSuccOffers_iff' depends on axioms: [propext, Classical.choice, Quot.sound]
info: ContextCalculus/CBRSuccClosure.lean:104:0: 'ContextCalculus.CBRSuccClosure.rSuccOffer_valid' depends on axioms: [propext]
ℹ [3508/3542] Replayed ContextCalculus.CBRSuccClosureWire
info: ContextCalculus/CBRSuccClosureWire.lean:214:0: 'ContextCalculus.CBRSuccClosureWire.DecodedContextRSuccClosure.complete_delivery' depends on axioms: [propext,
 Classical.choice,
 Quot.sound]
info: ContextCalculus/CBRSuccClosureWire.lean:215:0: 'ContextCalculus.CBRSuccClosureWire.WireRSuccClosureDocument.check_sound' depends on axioms: [propext,
 Classical.choice,
 Quot.sound]
ℹ [3509/3542] Replayed ContextCalculus.CBLocalEqEnumeration
info: ContextCalculus/CBLocalEqEnumeration.lean:356:0: 'ContextCalculus.CBLocalEqEnumeration.eval_directRewrite_iff' depends on axioms: [propext]
info: ContextCalculus/CBLocalEqEnumeration.lean:357:0: 'ContextCalculus.CBLocalEqEnumeration.directParamodulant_sound' depends on axioms: [propext]
info: ContextCalculus/CBLocalEqEnumeration.lean:358:0: 'ContextCalculus.CBLocalEqEnumeration.productionParamodulant_sound' depends on axioms: [propext]
info: ContextCalculus/CBLocalEqEnumeration.lean:359:0: 'ContextCalculus.CBLocalEqEnumeration.productionRewrite_ineq_cancels' depends on axioms: [propext]
info: ContextCalculus/CBLocalEqEnumeration.lean:360:0: 'ContextCalculus.CBLocalEqEnumeration.unit_eq_ineq_productionParamodulant_is_bottom' depends on axioms: [propext,
 Quot.sound]
info: ContextCalculus/CBLocalEqEnumeration.lean:361:0: 'ContextCalculus.CBLocalEqEnumeration.mem_eqCandidates_iff' depends on axioms: [propext, Classical.choice, Quot.sound]
ℹ [3510/3542] Replayed ContextCalculus.CBLocalEqClosureWire
info: ContextCalculus/CBLocalEqClosureWire.lean:286:0: 'ContextCalculus.CBLocalEqClosureWire.DecodedEqCoverage.conclusion_sound' depends on axioms: [propext,
 Classical.choice,
 Quot.sound]
info: ContextCalculus/CBLocalEqClosureWire.lean:287:0: 'ContextCalculus.CBLocalEqClosureWire.DecodedContextEqClosure.generated_sound' depends on axioms: [propext,
 Classical.choice,
 Quot.sound]
info: ContextCalculus/CBLocalEqClosureWire.lean:288:0: 'ContextCalculus.CBLocalEqClosureWire.WireLocalEqClosureDocument.check_sound' depends on axioms: [propext,
 Classical.choice,
 Quot.sound]
ℹ [3511/3542] Replayed ContextCalculus.CBFiniteOrderAdmissibilityWire
info: ContextCalculus/CBFiniteOrderAdmissibilityWire.lean:158:0: 'ContextCalculus.CBFiniteOrderAdmissibilityWire.DecodedFiniteOrderAdmissibilityDocument.properSubterm_lt' depends on axioms: [propext,
 Classical.choice,
 Quot.sound]
info: ContextCalculus/CBFiniteOrderAdmissibilityWire.lean:159:0: 'ContextCalculus.CBFiniteOrderAdmissibilityWire.DecodedFiniteOrderAdmissibilityDocument.unary_monotone' depends on axioms: [propext,
 Classical.choice,
 Quot.sound]
info: ContextCalculus/CBFiniteOrderAdmissibilityWire.lean:160:0: 'ContextCalculus.CBFiniteOrderAdmissibilityWire.DecodedFiniteOrderAdmissibilityDocument.term_trichotomy' depends on axioms: [propext,
 Classical.choice,
 Quot.sound]
info: ContextCalculus/CBFiniteOrderAdmissibilityWire.lean:161:0: 'ContextCalculus.CBFiniteOrderAdmissibilityWire.DecodedFiniteOrderAdmissibilityDocument.term_wellFounded' depends on axioms: [propext,
 Classical.choice,
 Quot.sound]
info: ContextCalculus/CBFiniteOrderAdmissibilityWire.lean:162:0: 'ContextCalculus.CBFiniteOrderAdmissibilityWire.WireFiniteOrderAdmissibilityDocument.check_sound' depends on axioms: [propext,
 Classical.choice,
 Quot.sound]
ℹ [3512/3542] Replayed ContextCalculus.CBGlobalClosureWire
info: ContextCalculus/CBGlobalClosureWire.lean:135:0: 'ContextCalculus.CBGlobalClosureWire.WireCBGlobalClosureDocument.check_sound' depends on axioms: [propext,
 Classical.choice,
 Quot.sound]
⚠ [3513/3542] Replayed ContextCalculus.CompletenessOrdered
warning: ContextCalculus/CompletenessOrdered.lean:118:4: `push_neg` has been deprecated. Prefer using `push Not` instead.
If you'd rather continue using `push_neg` in your project, you can implement it as follows:
```
open Lean.Parser.Tactic in
macro "push_neg" cfg:optConfig loc:(location)? : tactic =>
  `(tactic| push $cfg:optConfig Not $[$loc]?)
```
⚠ [3514/3542] Replayed ContextCalculus.CompletenessOrderedSubsumption
warning: ContextCalculus/CompletenessOrderedSubsumption.lean:39:0: automatically included section variable(s) unused in theorem `ContextCalculus.OrdResModulo.sat_of_strengthens`:
  [LinearOrder Atom]
  [WellFoundedLT Atom]
  [DecidableEq Atom]
consider restructuring your `variable` declarations so that the variables are not in scope or explicitly omit them:
  omit [LinearOrder Atom] [WellFoundedLT Atom] [DecidableEq Atom] in theorem ...

Note: This linter can be disabled with `set_option linter.unusedSectionVars false`
warning: ContextCalculus/CompletenessOrderedSubsumption.lean:62:4: `push_neg` has been deprecated. Prefer using `push Not` instead.
If you'd rather continue using `push_neg` in your project, you can implement it as follows:
```
open Lean.Parser.Tactic in
macro "push_neg" cfg:optConfig loc:(location)? : tactic =>
  `(tactic| push $cfg:optConfig Not $[$loc]?)
```
info: ContextCalculus/CompletenessOrderedSubsumption.lean:177:0: 'ContextCalculus.OrdResModulo.model_correct_of_closedModuloTautology' depends on axioms: [propext,
 Classical.choice,
 Quot.sound]
info: ContextCalculus/CompletenessOrderedSubsumption.lean:178:0: 'ContextCalculus.OrdResModulo.model_correct' depends on axioms: [propext, Classical.choice, Quot.sound]
info: ContextCalculus/CompletenessOrderedSubsumption.lean:179:0: 'ContextCalculus.OrdResModulo.ordered_model_exists_of_closedModuloTautology' depends on axioms: [propext,
 Classical.choice,
 Quot.sound]
info: ContextCalculus/CompletenessOrderedSubsumption.lean:180:0: 'ContextCalculus.OrdResModulo.ordered_model_exists' depends on axioms: [propext, Classical.choice, Quot.sound]
info: ContextCalculus/CompletenessOrderedSubsumption.lean:181:0: 'ContextCalculus.OrdResModulo.ordered_completeness' depends on axioms: [propext, Classical.choice, Quot.sound]
⚠ [3515/3542] Replayed ContextCalculus.CBGroundEqualityBridge
warning: ContextCalculus/CBGroundEqualityBridge.lean:92:50: This simp argument is unused:
  positiveAtom?

Hint: Omit it from the simp argument list.
  simp_all [̵p̵o̵s̵i̵t̵i̵v̵e̵A̵t̵o̵m̵?̵,̵ ̵e̵v̵a̵l̵G̵r̵o̵u̵n̵d̵L̵i̵t̵e̵r̵a̵l̵]̵[̲e̲v̲a̲l̲G̲r̲o̲u̲n̲d̲L̲i̲t̲e̲r̲a̲l̲]̲

Note: This linter can be disabled with `set_option linter.unusedSimpArgs false`
warning: ContextCalculus/CBGroundEqualityBridge.lean:92:65: This simp argument is unused:
  evalGroundLiteral

Hint: Omit it from the simp argument list.
  simp_all [positiveAtom?,̵ ̵e̵v̵a̵l̵G̵r̵o̵u̵n̵d̵L̵i̵t̵e̵r̵a̵l̵]

Note: This linter can be disabled with `set_option linter.unusedSimpArgs false`
warning: ContextCalculus/CBGroundEqualityBridge.lean:106:4: `push_neg` has been deprecated. Prefer using `push Not` instead.
If you'd rather continue using `push_neg` in your project, you can implement it as follows:
```
open Lean.Parser.Tactic in
macro "push_neg" cfg:optConfig loc:(location)? : tactic =>
  `(tactic| push $cfg:optConfig Not $[$loc]?)
```
warning: ContextCalculus/CBGroundEqualityBridge.lean:145:6: `push_neg` has been deprecated. Prefer using `push Not` instead.
If you'd rather continue using `push_neg` in your project, you can implement it as follows:
```
open Lean.Parser.Tactic in
macro "push_neg" cfg:optConfig loc:(location)? : tactic =>
  `(tactic| push $cfg:optConfig Not $[$loc]?)
```
warning: ContextCalculus/CBGroundEqualityBridge.lean:160:62: This simp argument is unused:
  positiveAtom?

Hint: Omit it from the simp argument list.
  simp_all [̵p̵o̵s̵i̵t̵i̵v̵e̵A̵t̵o̵m̵?̵,̵ ̵i̵n̵e̵q̵u̵a̵l̵i̵t̵y̵A̵t̵o̵m̵?̵]̵[̲i̲n̲e̲q̲u̲a̲l̲i̲t̲y̲A̲t̲o̲m̲?̲]̲

Note: This linter can be disabled with `set_option linter.unusedSimpArgs false`
warning: ContextCalculus/CBGroundEqualityBridge.lean:160:77: This simp argument is unused:
  inequalityAtom?

Hint: Omit it from the simp argument list.
  simp_all [positiveAtom?,̵ ̵i̵n̵e̵q̵u̵a̵l̵i̵t̵y̵A̵t̵o̵m̵?̵]

Note: This linter can be disabled with `set_option linter.unusedSimpArgs false`
info: ContextCalculus/CBGroundEqualityBridge.lean:235:0: 'ContextCalculus.CBGroundEqualityBridge.groundClause_sat_iff' depends on axioms: [propext, Classical.choice, Quot.sound]
info: ContextCalculus/CBGroundEqualityBridge.lean:236:0: 'ContextCalculus.CBGroundEqualityBridge.groundClause_strengthens' depends on axioms: [propext,
 Classical.choice,
 Quot.sound]
info: ContextCalculus/CBGroundEqualityBridge.lean:237:0: 'ContextCalculus.CBGroundEqualityBridge.exists_ground_strengthening' depends on axioms: [propext,
 Classical.choice,
 Quot.sound]
info: ContextCalculus/CBGroundEqualityBridge.lean:238:0: 'ContextCalculus.CBGroundEqualityBridge.models_groundSet_iff' depends on axioms: [propext, Classical.choice, Quot.sound]
info: ContextCalculus/CBGroundEqualityBridge.lean:239:0: 'ContextCalculus.CBGroundEqualityBridge.unsat_groundSet_iff' depends on axioms: [propext, Classical.choice, Quot.sound]
info: ContextCalculus/CBGroundEqualityBridge.lean:240:0: 'ContextCalculus.CBGroundEqualityBridge.groundSet_model_of_closed' depends on axioms: [propext,
 Classical.choice,
 Quot.sound]
info: ContextCalculus/CBGroundEqualityBridge.lean:241:0: 'ContextCalculus.CBGroundEqualityBridge.groundSet_model_of_closedModuloTautology' depends on axioms: [propext,
 Classical.choice,
 Quot.sound]
⚠ [3516/3542] Replayed ContextCalculus.CBRoleChainGroundCompleteness
warning: ContextCalculus/CBRoleChainGroundCompleteness.lean:35:0: automatically included section variable(s) unused in theorem `ContextCalculus.CBRoleChainGroundCompleteness.mem_chainGroundBody_iff`:
  [DecidableEq CN]
  [DecidableEq RN]
  [DecidableEq T]
consider restructuring your `variable` declarations so that the variables are not in scope or explicitly omit them:
  omit [DecidableEq CN] [DecidableEq RN] [DecidableEq T] in theorem ...

Note: This linter can be disabled with `set_option linter.unusedSectionVars false`
warning: ContextCalculus/CBRoleChainGroundCompleteness.lean:85:0: automatically included section variable(s) unused in theorem `ContextCalculus.CBRoleChainGroundCompleteness.mem_chainsGround`:
  [Fintype CN]
  [Fintype RN]
consider restructuring your `variable` declarations so that the variables are not in scope or explicitly omit them:
  omit [Fintype CN] [Fintype RN] in theorem ...

Note: This linter can be disabled with `set_option linter.unusedSectionVars false`
warning: ContextCalculus/CBRoleChainGroundCompleteness.lean:116:0: automatically included section variable(s) unused in theorem `ContextCalculus.CBRoleChainGroundCompleteness.mem_roleAxiomsGround`:
  [Fintype CN]
  [Fintype RN]
consider restructuring your `variable` declarations so that the variables are not in scope or explicitly omit them:
  omit [Fintype CN] [Fintype RN] in theorem ...

Note: This linter can be disabled with `set_option linter.unusedSectionVars false`
warning: ContextCalculus/CBRoleChainGroundCompleteness.lean:138:0: automatically included section variable(s) unused in theorem `ContextCalculus.CBRoleChainGroundCompleteness.quotient_satisfies_chain`:
  [Fintype T]
  [Fintype CN]
  [Fintype RN]
consider restructuring your `variable` declarations so that the variables are not in scope or explicitly omit them:
  omit [Fintype T] [Fintype CN] [Fintype RN] in theorem ...

Note: This linter can be disabled with `set_option linter.unusedSectionVars false`
warning: ContextCalculus/CBRoleChainGroundCompleteness.lean:167:0: automatically included section variable(s) unused in theorem `ContextCalculus.CBRoleChainGroundCompleteness.quotient_satisfies_roleAxiom`:
  [Fintype T]
  [Fintype CN]
  [Fintype RN]
consider restructuring your `variable` declarations so that the variables are not in scope or explicitly omit them:
  omit [Fintype T] [Fintype CN] [Fintype RN] in theorem ...

Note: This linter can be disabled with `set_option linter.unusedSectionVars false`
warning: ContextCalculus/CBRoleChainGroundCompleteness.lean:184:21: This simp argument is unused:
  roleAxiomGroundClause

Hint: Omit it from the simp argument list.
  simp only [r̵o̵l̵e̵A̵x̵i̵o̵m̵G̵r̵o̵u̵n̵d̵C̵l̵a̵u̵s̵e̵,̵ ̵List.mem_singleton] at hatom

Note: This linter can be disabled with `set_option linter.unusedSimpArgs false`
warning: ContextCalculus/CBRoleChainGroundCompleteness.lean:187:17: This simp argument is unused:
  roleAxiomGroundClause

Hint: Omit it from the simp argument list.
  simp only [r̵o̵l̵e̵A̵x̵i̵o̵m̵G̵r̵o̵u̵n̵d̵C̵l̵a̵u̵s̵e̵,̵ ̵List.mem_singleton] at hatom

Note: This linter can be disabled with `set_option linter.unusedSimpArgs false`
warning: ContextCalculus/CBRoleChainGroundCompleteness.lean:198:21: This simp argument is unused:
  roleAxiomGroundClause

Hint: Omit it from the simp argument list.
  simp only [̵r̵o̵l̵e̵A̵x̵i̵o̵m̵G̵r̵o̵u̵n̵d̵C̵l̵a̵u̵s̵e̵,̵ ̵L̵i̵s̵t̵.̵m̵e̵m̵_̵c̵o̵n̵s̵,̵[̲L̲i̲s̲t̲.̲m̲e̲m̲_̲c̲o̲n̲s̲,̲ List.mem_singleton, List.not_mem_nil, or_false] at hatom

Note: This linter can be disabled with `set_option linter.unusedSimpArgs false`
warning: ContextCalculus/CBRoleChainGroundCompleteness.lean:198:59: This simp argument is unused:
  List.mem_singleton

Hint: Omit it from the simp argument list.
  simp only [roleAxiomGroundClause, List.mem_cons, L̵i̵s̵t̵.̵m̵e̵m̵_̵s̵i̵n̵g̵l̵e̵t̵o̵n̵,̵List.not_mem_nil, or_false] at hatom

Note: This linter can be disabled with `set_option linter.unusedSimpArgs false`
warning: ContextCalculus/CBRoleChainGroundCompleteness.lean:203:17: This simp argument is unused:
  roleAxiomGroundClause

Hint: Omit it from the simp argument list.
  simp only [r̵o̵l̵e̵A̵x̵i̵o̵m̵G̵r̵o̵u̵n̵d̵C̵l̵a̵u̵s̵e̵,̵ ̵List.not_mem_nil] at hatom

Note: This linter can be disabled with `set_option linter.unusedSimpArgs false`
warning: ContextCalculus/CBRoleChainGroundCompleteness.lean:211:21: This simp argument is unused:
  roleAxiomGroundClause

Hint: Omit it from the simp argument list.
  simp only [r̵o̵l̵e̵A̵x̵i̵o̵m̵G̵r̵o̵u̵n̵d̵C̵l̵a̵u̵s̵e̵,̵ ̵List.not_mem_nil] at hatom

Note: This linter can be disabled with `set_option linter.unusedSimpArgs false`
warning: ContextCalculus/CBRoleChainGroundCompleteness.lean:212:17: This simp argument is unused:
  roleAxiomGroundClause

Hint: Omit it from the simp argument list.
  simp only [r̵o̵l̵e̵A̵x̵i̵o̵m̵G̵r̵o̵u̵n̵d̵C̵l̵a̵u̵s̵e̵,̵ ̵List.mem_singleton] at hatom

Note: This linter can be disabled with `set_option linter.unusedSimpArgs false`
warning: ContextCalculus/CBRoleChainGroundCompleteness.lean:222:21: This simp argument is unused:
  roleAxiomGroundClause

Hint: Omit it from the simp argument list.
  simp only [r̵o̵l̵e̵A̵x̵i̵o̵m̵G̵r̵o̵u̵n̵d̵C̵l̵a̵u̵s̵e̵,̵ ̵List.mem_singleton] at hatom

Note: This linter can be disabled with `set_option linter.unusedSimpArgs false`
warning: ContextCalculus/CBRoleChainGroundCompleteness.lean:225:17: This simp argument is unused:
  roleAxiomGroundClause

Hint: Omit it from the simp argument list.
  simp only [r̵o̵l̵e̵A̵x̵i̵o̵m̵G̵r̵o̵u̵n̵d̵C̵l̵a̵u̵s̵e̵,̵ ̵List.not_mem_nil] at hatom

Note: This linter can be disabled with `set_option linter.unusedSimpArgs false`
warning: ContextCalculus/CBRoleChainGroundCompleteness.lean:235:21: This simp argument is unused:
  roleAxiomGroundClause

Hint: Omit it from the simp argument list.
  simp only [̵r̵o̵l̵e̵A̵x̵i̵o̵m̵G̵r̵o̵u̵n̵d̵C̵l̵a̵u̵s̵e̵,̵ ̵L̵i̵s̵t̵.̵m̵e̵m̵_̵c̵o̵n̵s̵,̵[̲L̲i̲s̲t̲.̲m̲e̲m̲_̲c̲o̲n̲s̲,̲ List.mem_singleton, List.not_mem_nil, or_false] at hatom

Note: This linter can be disabled with `set_option linter.unusedSimpArgs false`
warning: ContextCalculus/CBRoleChainGroundCompleteness.lean:235:59: This simp argument is unused:
  List.mem_singleton

Hint: Omit it from the simp argument list.
  simp only [roleAxiomGroundClause, List.mem_cons, L̵i̵s̵t̵.̵m̵e̵m̵_̵s̵i̵n̵g̵l̵e̵t̵o̵n̵,̵List.not_mem_nil, or_false] at hatom

Note: This linter can be disabled with `set_option linter.unusedSimpArgs false`
warning: ContextCalculus/CBRoleChainGroundCompleteness.lean:240:17: This simp argument is unused:
  roleAxiomGroundClause

Hint: Omit it from the simp argument list.
  simp only [r̵o̵l̵e̵A̵x̵i̵o̵m̵G̵r̵o̵u̵n̵d̵C̵l̵a̵u̵s̵e̵,̵ ̵List.mem_singleton] at hatom

Note: This linter can be disabled with `set_option linter.unusedSimpArgs false`
warning: ContextCalculus/CBRoleChainGroundCompleteness.lean:251:21: This simp argument is unused:
  roleAxiomGroundClause

Hint: Omit it from the simp argument list.
  simp only [̵r̵o̵l̵e̵A̵x̵i̵o̵m̵G̵r̵o̵u̵n̵d̵C̵l̵a̵u̵s̵e̵,̵ ̵L̵i̵s̵t̵.̵m̵e̵m̵_̵c̵o̵n̵s̵,̵[̲L̲i̲s̲t̲.̲m̲e̲m̲_̲c̲o̲n̲s̲,̲ List.mem_singleton, List.not_mem_nil, or_false] at hatom

Note: This linter can be disabled with `set_option linter.unusedSimpArgs false`
warning: ContextCalculus/CBRoleChainGroundCompleteness.lean:251:59: This simp argument is unused:
  List.mem_singleton

Hint: Omit it from the simp argument list.
  simp only [roleAxiomGroundClause, List.mem_cons, L̵i̵s̵t̵.̵m̵e̵m̵_̵s̵i̵n̵g̵l̵e̵t̵o̵n̵,̵List.not_mem_nil, or_false] at hatom

Note: This linter can be disabled with `set_option linter.unusedSimpArgs false`
warning: ContextCalculus/CBRoleChainGroundCompleteness.lean:256:17: This simp argument is unused:
  roleAxiomGroundClause

Hint: Omit it from the simp argument list.
  simp only [r̵o̵l̵e̵A̵x̵i̵o̵m̵G̵r̵o̵u̵n̵d̵C̵l̵a̵u̵s̵e̵,̵ ̵List.not_mem_nil] at hatom

Note: This linter can be disabled with `set_option linter.unusedSimpArgs false`
info: ContextCalculus/CBRoleChainGroundCompleteness.lean:327:0: 'ContextCalculus.CBRoleChainGroundCompleteness.quotient_satisfies_chain' depends on axioms: [propext,
 Classical.choice,
 Quot.sound]
info: ContextCalculus/CBRoleChainGroundCompleteness.lean:328:0: 'ContextCalculus.CBRoleChainGroundCompleteness.quotient_models_source' depends on axioms: [propext,
 Classical.choice,
 Quot.sound]
info: ContextCalculus/CBRoleChainGroundCompleteness.lean:329:0: 'ContextCalculus.CBRoleChainGroundCompleteness.source_complete_ground' depends on axioms: [propext,
 Classical.choice,
 Quot.sound]
info: ContextCalculus/CBRoleChainGroundCompleteness.lean:330:0: 'ContextCalculus.CBRoleChainGroundCompleteness.source_complete_ground_nonempty' depends on axioms: [propext,
 Classical.choice,
 Quot.sound]
ℹ [3517/3542] Replayed ContextCalculus.CBNamedGroundCompleteness
info: ContextCalculus/CBNamedGroundCompleteness.lean:125:0: 'ContextCalculus.CBNamedGroundCompleteness.satO_mapIndividualClause_iff' does not depend on any axioms
info: ContextCalculus/CBNamedGroundCompleteness.lean:126:0: 'ContextCalculus.CBNamedGroundCompleteness.models_mapIndividuals_iff' depends on axioms: [propext, Quot.sound]
info: ContextCalculus/CBNamedGroundCompleteness.lean:127:0: 'ContextCalculus.CBNamedGroundCompleteness.source_complete_ground_named' depends on axioms: [propext,
 Classical.choice,
 Quot.sound]
info: ContextCalculus/CBNamedGroundCompleteness.lean:128:0: 'ContextCalculus.CBNamedGroundCompleteness.source_complete_ground_named_nonempty' depends on axioms: [propext,
 Classical.choice,
 Quot.sound]
ℹ [3518/3542] Replayed ContextCalculus.CBBlockedCarrierWire
info: ContextCalculus/CBBlockedCarrierWire.lean:210:0: 'ContextCalculus.CBBlockedCarrierWire.DecodedBlockedCarrierDocument.name_term' depends on axioms: [propext,
 Classical.choice,
 Quot.sound]
info: ContextCalculus/CBBlockedCarrierWire.lean:211:0: 'ContextCalculus.CBBlockedCarrierWire.WireBlockedCarrierDocument.check_sound' depends on axioms: [propext,
 Classical.choice,
 Quot.sound]
ℹ [3519/3542] Replayed ContextCalculus.Equivalence
info: ContextCalculus/Equivalence.lean:96:0: 'ContextCalculus.Equiv.saturation_models_iff' depends on axioms: [propext, Classical.choice, Quot.sound]
info: ContextCalculus/Equivalence.lean:97:0: 'ContextCalculus.Equiv.saturation_entails_iff' depends on axioms: [propext, Classical.choice, Quot.sound]
ℹ [3520/3542] Replayed ContextCalculus.CBSaturationCertificate
info: ContextCalculus/CBSaturationCertificate.lean:285:0: 'ContextCalculus.CBCert.Certificate.check_saturation' depends on axioms: [propext, Classical.choice, Quot.sound]
info: ContextCalculus/CBSaturationCertificate.lean:286:0: 'ContextCalculus.CBCert.Certificate.check_models_iff' depends on axioms: [propext, Classical.choice, Quot.sound]
info: ContextCalculus/CBSaturationCertificate.lean:287:0: 'ContextCalculus.CBCert.Certificate.check_entails_iff' depends on axioms: [propext, Classical.choice, Quot.sound]
ℹ [3521/3542] Replayed ContextCalculus.CBSaturationWire
info: ContextCalculus/CBSaturationWire.lean:133:0: 'ContextCalculus.CBCert.DecodedCertificate.check_saturation' depends on axioms: [propext, Classical.choice, Quot.sound]
info: ContextCalculus/CBSaturationWire.lean:134:0: 'ContextCalculus.CBCert.DecodedCertificate.check_models_iff' depends on axioms: [propext, Classical.choice, Quot.sound]
info: ContextCalculus/CBSaturationWire.lean:135:0: 'ContextCalculus.CBCert.WireCertificate.check_sound' depends on axioms: [propext, Classical.choice, Quot.sound]
ℹ [3522/3542] Replayed ContextCalculus.CBFiniteAtomEncoding
info: ContextCalculus/CBFiniteAtomEncoding.lean:122:0: 'ContextCalculus.CBFiniteAtomEncoding.atomIndex_injective' depends on axioms: [propext, Classical.choice, Quot.sound]
info: ContextCalculus/CBFiniteAtomEncoding.lean:123:0: 'ContextCalculus.CBFiniteAtomEncoding.encodeClause_sat_iff' depends on axioms: [propext, Classical.choice, Quot.sound]
info: ContextCalculus/CBFiniteAtomEncoding.lean:124:0: 'ContextCalculus.CBFiniteAtomEncoding.encodeClause_injective' depends on axioms: [propext, Classical.choice, Quot.sound]
info: ContextCalculus/CBFiniteAtomEncoding.lean:125:0: 'ContextCalculus.CBFiniteAtomEncoding.models_encodeSet_iff' depends on axioms: [propext, Classical.choice, Quot.sound]
ℹ [3523/3542] Replayed ContextCalculus.CBBlockedGroundSaturationWire
info: ContextCalculus/CBBlockedGroundSaturationWire.lean:143:0: 'ContextCalculus.CBBlockedGroundSaturationWire.DecodedBlockedGroundSaturationDocument.source_model' depends on axioms: [propext,
 Classical.choice,
 Quot.sound]
info: ContextCalculus/CBBlockedGroundSaturationWire.lean:144:0: 'ContextCalculus.CBBlockedGroundSaturationWire.DecodedBlockedGroundSaturationDocument.source_model_nonempty' depends on axioms: [propext,
 Classical.choice,
 Quot.sound]
info: ContextCalculus/CBBlockedGroundSaturationWire.lean:145:0: 'ContextCalculus.CBBlockedGroundSaturationWire.WireBlockedGroundSaturationDocument.check_sound' depends on axioms: [propext,
 Classical.choice,
 Quot.sound]
ℹ [3524/3542] Replayed ContextCalculus.CBGlobalModelWire
info: ContextCalculus/CBGlobalModelWire.lean:146:0: 'ContextCalculus.CBGlobalModelWire.DecodedCBGlobalModelDocument.source_model' depends on axioms: [propext,
 Classical.choice,
 Quot.sound]
info: ContextCalculus/CBGlobalModelWire.lean:147:0: 'ContextCalculus.CBGlobalModelWire.DecodedCBGlobalModelDocument.source_model_nonempty' depends on axioms: [propext,
 Classical.choice,
 Quot.sound]
info: ContextCalculus/CBGlobalModelWire.lean:148:0: 'ContextCalculus.CBGlobalModelWire.DecodedCBGlobalModelDocument.production_model' depends on axioms: [propext,
 Classical.choice,
 Quot.sound]
info: ContextCalculus/CBGlobalModelWire.lean:149:0: 'ContextCalculus.CBGlobalModelWire.WireCBGlobalModelDocument.check_sound' depends on axioms: [propext,
 Classical.choice,
 Quot.sound]
⚠ [3525/3542] Replayed ContextCalculus.CBLiveStateWire
warning: ContextCalculus/CBLiveStateWire.lean:1024:27: try 'simp' instead of 'simpa'

Note: This linter can be disabled with `set_option linter.unnecessarySimpa false`
warning: ContextCalculus/CBLiveStateWire.lean:1043:24: try 'simp' instead of 'simpa'

Note: This linter can be disabled with `set_option linter.unnecessarySimpa false`
info: ContextCalculus/CBLiveStateWire.lean:1294:0: 'ContextCalculus.CBLiveStateWire.WireProductionBoundGlobalModelDocument.check_sound' depends on axioms: [propext,
 Classical.choice,
 Quot.sound]
info: ContextCalculus/CBLiveStateWire.lean:1295:0: 'ContextCalculus.CBLiveStateWire.DecodedLiveInsertionEvent.seed_sound' depends on axioms: [propext,
 Classical.choice,
 Quot.sound]
info: ContextCalculus/CBLiveStateWire.lean:1296:0: 'ContextCalculus.CBLiveStateWire.DecodedLiveHyperEvidence.source_sound' depends on axioms: [propext,
 Classical.choice,
 Quot.sound]
info: ContextCalculus/CBLiveStateWire.lean:1297:0: 'ContextCalculus.CBLiveStateWire.DecodedLiveFactorEvidence.sound' depends on axioms: [propext,
 Classical.choice,
 Quot.sound]
info: ContextCalculus/CBLiveStateWire.lean:1298:0: 'ContextCalculus.CBLiveStateWire.DecodedLiveParamodulateEvidence.sound' depends on axioms: [propext,
 Classical.choice,
 Quot.sound]
info: ContextCalculus/CBLiveStateWire.lean:1299:0: 'ContextCalculus.CBLiveStateWire.DecodedLiveJoinResolveEvidence.sound' depends on axioms: [propext,
 Classical.choice,
 Quot.sound]
info: ContextCalculus/CBLiveStateWire.lean:1300:0: 'ContextCalculus.CBLiveStateWire.DecodedLiveJoin3Evidence.sound' depends on axioms: [propext,
 Classical.choice,
 Quot.sound]
info: ContextCalculus/CBLiveStateWire.lean:1301:0: 'ContextCalculus.CBLiveStateWire.DecodedLivePredEvidence.result_contextValid' depends on axioms: [propext,
 Classical.choice,
 Quot.sound]
ℹ [3526/3542] Replayed ContextCalculus.CBBlockedTaxonomyCountermodel
info: ContextCalculus/CBBlockedTaxonomyCountermodel.lean:115:0: 'ContextCalculus.CBBlockedTaxonomyCountermodel.blockedQueryGround_countermodel' depends on axioms: [propext,
 Classical.choice,
 Quot.sound]
ℹ [3527/3542] Replayed ContextCalculus.CBBlockedTaxonomyCountermodelWire
info: ContextCalculus/CBBlockedTaxonomyCountermodelWire.lean:86:0: 'ContextCalculus.CBBlockedTaxonomyCountermodelWire.DecodedBlockedTaxonomyCountermodel.refutes' depends on axioms: [propext,
 Classical.choice,
 Quot.sound]
ℹ [3528/3542] Replayed ContextCalculus.CBRegularALCCountermodelWire
info: ContextCalculus/CBRegularALCCountermodelWire.lean:128:0: 'ContextCalculus.CBRegularALCCountermodelWire.DecodedRegularALCCountermodel.refutes' depends on axioms: [propext,
 Classical.choice,
 Quot.sound]
ℹ [3529/3542] Replayed ContextCalculus.CBRegularCardinalityCountermodelWire
info: ContextCalculus/CBRegularCardinalityCountermodelWire.lean:176:0: 'ContextCalculus.CBRegularCardinalityCountermodelWire.DecodedRegularCardinalityCountermodel.refutes' depends on axioms: [propext,
 Classical.choice,
 Quot.sound]
ℹ [3530/3556] Replayed ContextCalculus.CBLiveInsertionDerivation
info: ContextCalculus/CBLiveInsertionDerivation.lean:547:0: 'ContextCalculus.CBLiveInsertionDerivation.EventEvidence.sound' depends on axioms: [propext,
 Classical.choice,
 Quot.sound]
info: ContextCalculus/CBLiveInsertionDerivation.lean:548:0: 'ContextCalculus.CBLiveInsertionDerivation.CertifiedHistory.sound' depends on axioms: [propext,
 Classical.choice,
 Quot.sound]
info: ContextCalculus/CBLiveInsertionDerivation.lean:549:0: 'ContextCalculus.CBLiveInsertionDerivation.DecodedCertifiedHistory.sound' depends on axioms: [propext,
 Classical.choice,
 Quot.sound]
info: ContextCalculus/CBLiveInsertionDerivation.lean:550:0: 'ContextCalculus.CBLiveInsertionDerivation.DecodedLiveInsertionDerivationDocument.retained_contextValid' depends on axioms: [propext,
 Classical.choice,
 Quot.sound]
info: ContextCalculus/CBLiveInsertionDerivation.lean:551:0: 'ContextCalculus.CBLiveInsertionDerivation.DecodedLiveInsertionDerivationDocument.production_retained_valid' depends on axioms: [propext,
 Classical.choice,
 Quot.sound]
info: ContextCalculus/CBLiveInsertionDerivation.lean:552:0: 'ContextCalculus.CBLiveInsertionDerivation.DecodedLiveInsertionDerivationDocument.production_imports_valid' depends on axioms: [propext,
 Classical.choice,
 Quot.sound]
info: ContextCalculus/CBLiveInsertionDerivation.lean:553:0: 'ContextCalculus.CBLiveInsertionDerivation.DecodedLiveInsertionDerivationDocument.production_trace_sound' depends on axioms: [propext,
 Classical.choice,
 Quot.sound]
info: ContextCalculus/CBLiveInsertionDerivation.lean:554:0: 'ContextCalculus.CBLiveInsertionDerivation.DecodedLiveInsertionDerivationDocument.terminal_pred_transfer_valid' depends on axioms: [propext,
 Classical.choice,
 Quot.sound]
info: ContextCalculus/CBLiveInsertionDerivation.lean:555:0: 'ContextCalculus.CBLiveInsertionDerivation.DecodedLiveInsertionDerivationDocument.terminal_pred_arrival_valid' depends on axioms: [propext,
 Classical.choice,
 Quot.sound]
info: ContextCalculus/CBLiveInsertionDerivation.lean:556:0: 'ContextCalculus.CBLiveInsertionDerivation.WireLiveInsertionDerivationDocument.check_sound' depends on axioms: [propext,
 Classical.choice,
 Quot.sound]
ℹ [3531/3556] Replayed ContextCalculus.CBLiveTaxonomyPublication
info: ContextCalculus/CBLiveTaxonomyPublication.lean:426:0: 'ContextCalculus.CBLiveTaxonomyPublication.DecodedLiveSubsumption.entails' depends on axioms: [propext,
 Classical.choice,
 Quot.sound]
info: ContextCalculus/CBLiveTaxonomyPublication.lean:427:0: 'ContextCalculus.CBLiveTaxonomyPublication.DecodedLiveUnsatisfiable.refutes' depends on axioms: [propext,
 Classical.choice,
 Quot.sound]
info: ContextCalculus/CBLiveTaxonomyPublication.lean:428:0: 'ContextCalculus.CBLiveTaxonomyPublication.DecodedLiveInconsistency.refutes' depends on axioms: [propext,
 Classical.choice,
 Quot.sound]
info: ContextCalculus/CBLiveTaxonomyPublication.lean:429:0: 'ContextCalculus.CBLiveTaxonomyPublication.WireLiveTaxonomyPublication.check_sound' depends on axioms: [propext,
 Classical.choice,
 Quot.sound]
ℹ [3532/3556] Replayed ContextCalculus.CBLiveExactTaxonomyPublication
info: ContextCalculus/CBLiveExactTaxonomyPublication.lean:514:0: 'ContextCalculus.CBLiveExactTaxonomyPublication.DecodedLiveExactTaxonomyPublication.cell_exact' depends on axioms: [propext,
 Classical.choice,
 Quot.sound]
info: ContextCalculus/CBLiveExactTaxonomyPublication.lean:515:0: 'ContextCalculus.CBLiveExactTaxonomyPublication.DecodedLiveExactTaxonomyPublication.cell_source_exact' depends on axioms: [propext,
 Classical.choice,
 Quot.sound]
info: ContextCalculus/CBLiveExactTaxonomyPublication.lean:516:0: 'ContextCalculus.CBLiveExactTaxonomyPublication.WireLiveExactTaxonomyPublication.check_sound' depends on axioms: [propext,
 Classical.choice,
 Quot.sound]
ℹ [3533/3556] Replayed ContextCalculus.CBSourceLiveInsertionDerivation
info: ContextCalculus/CBSourceLiveInsertionDerivation.lean:430:0: 'ContextCalculus.CBSourceLiveInsertionDerivation.DecodedSourceLiveInsertionDerivationDocument.retained_contextValid' depends on axioms: [propext,
 Classical.choice,
 Quot.sound]
info: ContextCalculus/CBSourceLiveInsertionDerivation.lean:431:0: 'ContextCalculus.CBSourceLiveInsertionDerivation.DecodedSourceLiveInsertionDerivationDocument.production_retained_valid' depends on axioms: [propext,
 Classical.choice,
 Quot.sound]
info: ContextCalculus/CBSourceLiveInsertionDerivation.lean:432:0: 'ContextCalculus.CBSourceLiveInsertionDerivation.WireSourceLiveInsertionDerivationDocument.check_sound' depends on axioms: [propext,
 Classical.choice,
 Quot.sound]
ℹ [3534/3556] Replayed ContextCalculus.CBSourceLocalClosure
info: ContextCalculus/CBSourceLocalClosure.lean:185:0: 'ContextCalculus.CBSourceLocalClosure.localResolutionClosedB_sound' depends on axioms: [propext, Quot.sound]
info: ContextCalculus/CBSourceLocalClosure.lean:186:0: 'ContextCalculus.CBSourceLocalClosure.localFactorClosedB_sound' depends on axioms: [propext, Quot.sound]
info: ContextCalculus/CBSourceLocalClosure.lean:187:0: 'ContextCalculus.CBSourceLocalClosure.DecodedSourceLocalClosureDocument.factor_pair_covered' depends on axioms: [propext,
 Classical.choice,
 Quot.sound]
info: ContextCalculus/CBSourceLocalClosure.lean:188:0: 'ContextCalculus.CBSourceLocalClosure.WireSourceLocalClosureDocument.check_sound' depends on axioms: [propext,
 Classical.choice,
 Quot.sound]
⚠ [3535/3556] Replayed ContextCalculus.CBSourceHyperClosure
warning: ContextCalculus/CBSourceHyperClosure.lean:357:32: This simp argument is unused:
  List.mem_singleton

Hint: Omit it from the simp argument list.
  simp only [List.mem_cons, L̵i̵s̵t̵.̵m̵e̵m̵_̵s̵i̵n̵g̵l̵e̵t̵o̵n̵,̵ ̵List.not_mem_nil, or_false] at hother

Note: This linter can be disabled with `set_option linter.unusedSimpArgs false`
warning: ContextCalculus/CBSourceHyperClosure.lean:364:32: This simp argument is unused:
  List.mem_singleton

Hint: Omit it from the simp argument list.
  simp only [List.mem_cons, L̵i̵s̵t̵.̵m̵e̵m̵_̵s̵i̵n̵g̵l̵e̵t̵o̵n̵,̵ ̵List.not_mem_nil, or_false] at hother

Note: This linter can be disabled with `set_option linter.unusedSimpArgs false`
info: ContextCalculus/CBSourceHyperClosure.lean:624:0: 'ContextCalculus.CBSourceHyperClosure.hyperCandidates_sound' depends on axioms: [propext, Classical.choice, Quot.sound]
info: ContextCalculus/CBSourceHyperClosure.lean:625:0: 'ContextCalculus.CBSourceHyperClosure.mem_maximalHeadIndices_iff' depends on axioms: [propext,
 Classical.choice,
 Quot.sound]
info: ContextCalculus/CBSourceHyperClosure.lean:626:0: 'ContextCalculus.CBSourceHyperClosure.incomparable_pair_both_maximal' depends on axioms: [propext,
 Classical.choice,
 Quot.sound]
info: ContextCalculus/CBSourceHyperClosure.lean:627:0: 'ContextCalculus.CBSourceHyperClosure.total_rank_maximal_is_production_maximal' depends on axioms: [propext,
 Classical.choice,
 Quot.sound]
info: ContextCalculus/CBSourceHyperClosure.lean:628:0: 'ContextCalculus.CBSourceHyperClosure.mem_maximalProvidersFor_iff' depends on axioms: [propext,
 Classical.choice,
 Quot.sound]
info: ContextCalculus/CBSourceHyperClosure.lean:629:0: 'ContextCalculus.CBSourceHyperClosure.mem_providerSelections_iff' depends on axioms: [propext,
 Classical.choice,
 Quot.sound]
info: ContextCalculus/CBSourceHyperClosure.lean:630:0: 'ContextCalculus.CBSourceHyperClosure.providerAt_of_mem_maximalProvidersFor' depends on axioms: [propext,
 Classical.choice,
 Quot.sound]
info: ContextCalculus/CBSourceHyperClosure.lean:631:0: 'ContextCalculus.CBSourceHyperClosure.selectedProviders_exists_of_mem_providerSelections' depends on axioms: [propext,
 Classical.choice,
 Quot.sound]
info: ContextCalculus/CBSourceHyperClosure.lean:632:0: 'ContextCalculus.CBSourceHyperClosure.hyperResolution_exists_of_mem_providerSelections' depends on axioms: [propext,
 Classical.choice,
 Quot.sound]
info: ContextCalculus/CBSourceHyperClosure.lean:633:0: 'ContextCalculus.CBSourceHyperClosure.sourceHyperClosedB_sound' depends on axioms: [propext,
 Classical.choice,
 Quot.sound]
info: ContextCalculus/CBSourceHyperClosure.lean:634:0: 'ContextCalculus.CBSourceHyperClosure.WireSourceHyperClosureDocument.check_sound' depends on axioms: [propext,
 Classical.choice,
 Quot.sound]
⚠ [3536/3556] Replayed ContextCalculus.CBSourceJoin3Closure
warning: ContextCalculus/CBSourceJoin3Closure.lean:85:8: This simp argument is unused:
  Prod.mk.injEq

Hint: Omit it from the simp argument list.
  simp only [hresult, Option.map_some, Option.some.injEq,̵
  ̵ ̵ ̵ ̵ ̵ ̵ ̵ ̵ ̵P̵r̵o̵d̵.̵m̵k̵.̵i̵n̵j̵E̵q̵] at hcandidate

Note: This linter can be disabled with `set_option linter.unusedSimpArgs false`
info: ContextCalculus/CBSourceJoin3Closure.lean:154:0: 'ContextCalculus.CBSourceJoin3Closure.mem_candidates_has_checked_origin' depends on axioms: [propext,
 Classical.choice,
 Quot.sound]
info: ContextCalculus/CBSourceJoin3Closure.lean:155:0: 'ContextCalculus.CBSourceJoin3Closure.sourceJoin3ClosedB_sound' depends on axioms: [propext,
 Classical.choice,
 Quot.sound]
info: ContextCalculus/CBSourceJoin3Closure.lean:156:0: 'ContextCalculus.CBSourceJoin3Closure.WireSourceJoin3ClosureDocument.check_sound' depends on axioms: [propext,
 Classical.choice,
 Quot.sound]
ℹ [3537/3556] Replayed ContextCalculus.CBSourceSuccClosure
info: ContextCalculus/CBSourceSuccClosure.lean:254:0: 'ContextCalculus.CBSourceSuccClosure.directSuccClosedB_sound' depends on axioms: [propext, Classical.choice, Quot.sound]
info: ContextCalculus/CBSourceSuccClosure.lean:255:0: 'ContextCalculus.CBSourceSuccClosure.rSuccClosedB_sound' depends on axioms: [propext, Classical.choice, Quot.sound]
info: ContextCalculus/CBSourceSuccClosure.lean:256:0: 'ContextCalculus.CBSourceSuccClosure.WireSourceSuccClosureDocument.check_sound' depends on axioms: [propext,
 Classical.choice,
 Quot.sound]
ℹ [3538/3556] Replayed ContextCalculus.CBSourceEqClosure
info: ContextCalculus/CBSourceEqClosure.lean:458:0: 'ContextCalculus.CBSourceEqClosure.eval_directRewrite_iff' depends on axioms: [propext, Classical.choice, Quot.sound]
info: ContextCalculus/CBSourceEqClosure.lean:459:0: 'ContextCalculus.CBSourceEqClosure.directParamodulant_sound' depends on axioms: [propext, Classical.choice, Quot.sound]
info: ContextCalculus/CBSourceEqClosure.lean:460:0: 'ContextCalculus.CBSourceEqClosure.mem_candidates_has_checked_origin' depends on axioms: [propext,
 Classical.choice,
 Quot.sound]
info: ContextCalculus/CBSourceEqClosure.lean:461:0: 'ContextCalculus.CBSourceEqClosure.sourceEq_pair_covered' depends on axioms: [propext, Classical.choice, Quot.sound]
info: ContextCalculus/CBSourceEqClosure.lean:462:0: 'ContextCalculus.CBSourceEqClosure.sourceEq_production_pair_covered' depends on axioms: [propext,
 Classical.choice,
 Quot.sound]
info: ContextCalculus/CBSourceEqClosure.lean:463:0: 'ContextCalculus.CBSourceEqClosure.WireSourceEqClosureDocument.check_sound' depends on axioms: [propext,
 Classical.choice,
 Quot.sound]
ℹ [3539/3556] Replayed ContextCalculus.CBSourceOrdinaryPredClosure
info: ContextCalculus/CBSourceOrdinaryPredClosure.lean:186:0: 'ContextCalculus.CBSourceOrdinaryPredClosure.ordinaryPredClosedB_exact_sends' depends on axioms: [propext,
 Classical.choice,
 Quot.sound]
info: ContextCalculus/CBSourceOrdinaryPredClosure.lean:187:0: 'ContextCalculus.CBSourceOrdinaryPredClosure.ordinaryPredClosedB_arrivals' depends on axioms: [propext,
 Classical.choice,
 Quot.sound]
info: ContextCalculus/CBSourceOrdinaryPredClosure.lean:188:0: 'ContextCalculus.CBSourceOrdinaryPredClosure.WireSourceOrdinaryPredClosureDocument.check_sound' depends on axioms: [propext,
 Classical.choice,
 Quot.sound]
ℹ [3540/3556] Replayed ContextCalculus.CBSourceRootPredClosure
info: ContextCalculus/CBSourceRootPredClosure.lean:170:0: 'ContextCalculus.CBSourceRootPredClosure.rootPredClosedB_exact_sends' depends on axioms: [propext,
 Classical.choice,
 Quot.sound]
info: ContextCalculus/CBSourceRootPredClosure.lean:171:0: 'ContextCalculus.CBSourceRootPredClosure.rootPredClosedB_arrivals' depends on axioms: [propext,
 Classical.choice,
 Quot.sound]
info: ContextCalculus/CBSourceRootPredClosure.lean:172:0: 'ContextCalculus.CBSourceRootPredClosure.WireSourceRootPredClosureDocument.check_sound' depends on axioms: [propext,
 Classical.choice,
 Quot.sound]
ℹ [3541/3556] Replayed ContextCalculus.CBSourceProductionClosure
info: ContextCalculus/CBSourceProductionClosure.lean:152:0: 'ContextCalculus.CBSourceProductionClosure.DecodedSourceRootPredClosureDocument.production_closed' depends on axioms: [propext,
 Classical.choice,
 Quot.sound]
info: ContextCalculus/CBSourceProductionClosure.lean:153:0: 'ContextCalculus.CBSourceProductionClosure.WireSourceRootPredClosureDocument.check_production_closed' depends on axioms: [propext,
 Classical.choice,
 Quot.sound]
ℹ [3542/3556] Replayed ContextCalculus.CBSourceLinearExtension
info: ContextCalculus/CBSourceLinearExtension.lean:98:0: 'ContextCalculus.CBSourceLinearExtension.ComputedLinearExtension.linearExtensionOn' depends on axioms: [propext,
 Classical.choice,
 Quot.sound]
info: ContextCalculus/CBSourceLinearExtension.lean:99:0: 'ContextCalculus.CBSourceLinearExtension.ComputedLinearExtension.headLinearExtensionOn' depends on axioms: [propext,
 Classical.choice,
 Quot.sound]
ℹ [3543/3556] Replayed ContextCalculus.CBSourceCanonicalClosure
info: ContextCalculus/CBSourceCanonicalClosure.lean:98:0: 'ContextCalculus.CBSourceCanonicalClosure.DecodedSourceCanonicalClosureDocument.production_closed' depends on axioms: [propext,
 Classical.choice,
 Quot.sound]
info: ContextCalculus/CBSourceCanonicalClosure.lean:99:0: 'ContextCalculus.CBSourceCanonicalClosure.DecodedSourceCanonicalClosureDocument.linear_extension' depends on axioms: [propext,
 Classical.choice,
 Quot.sound]
info: ContextCalculus/CBSourceCanonicalClosure.lean:100:0: 'ContextCalculus.CBSourceCanonicalClosure.WireSourceCanonicalClosureDocument.check_sound' depends on axioms: [propext,
 Classical.choice,
 Quot.sound]
ℹ [3545/3556] Replayed ContextCalculus.CBTypedRegularArbitraryChainCountermodelWire
info: ContextCalculus/CBTypedRegularArbitraryChainCountermodelWire.lean:68:0: 'ContextCalculus.CBTypedRegularArbitraryChainCountermodelWire.DecodedTypedRegularArbitraryChainCountermodel.refutesProduction' depends on axioms: [propext,
 Classical.choice,
 Quot.sound]
ℹ [3546/3556] Replayed ContextCalculus.CBSourceProductionTaxonomyWire
info: ContextCalculus/CBSourceProductionTaxonomyWire.lean:340:0: 'ContextCalculus.CBSourceProductionTaxonomyWire.DecodedDocument.cell_source_exact' depends on axioms: [propext,
 Classical.choice,
 Quot.sound]
info: ContextCalculus/CBSourceProductionTaxonomyWire.lean:341:0: 'ContextCalculus.CBSourceProductionTaxonomyWire.DecodedDocument.publishes_source_exactly' depends on axioms: [propext,
 Classical.choice,
 Quot.sound]
info: ContextCalculus/CBSourceProductionTaxonomyWire.lean:342:0: 'ContextCalculus.CBSourceProductionTaxonomyWire.WireDocument.check_sound' depends on axioms: [propext,
 Classical.choice,
 Quot.sound]
ℹ [3547/3556] Replayed ContextCalculus.CBGlobalProductionClosure
info: ContextCalculus/CBGlobalProductionClosure.lean:246:0: 'ContextCalculus.CBGlobalProductionClosure.DecodedCBGlobalClosureDocument.production_closed' depends on axioms: [propext,
 Classical.choice,
 Quot.sound]
ℹ [3548/3556] Replayed ContextCalculus.ELCheckerTermEmbedding
info: ContextCalculus/ELCheckerTermEmbedding.lean:411:0: 'ContextCalculus.ELCheckerTermEmbedding.valid_encodeClause_iff' depends on axioms: [propext, Quot.sound]
info: ContextCalculus/ELCheckerTermEmbedding.lean:412:0: 'ContextCalculus.ELCheckerTermEmbedding.models_encode_iff' depends on axioms: [propext, Quot.sound]
info: ContextCalculus/ELCheckerTermEmbedding.lean:413:0: 'ContextCalculus.ELCheckerTermEmbedding.valid_encodeResidualClause_iff' depends on axioms: [propext, Quot.sound]
info: ContextCalculus/ELCheckerTermEmbedding.lean:414:0: 'ContextCalculus.ELCheckerTermEmbedding.models_encodeResidual_iff' depends on axioms: [propext, Quot.sound]
info: ContextCalculus/ELCheckerTermEmbedding.lean:415:0: 'ContextCalculus.ELCheckerTermEmbedding.rawTermInterp_modelOfRaw' depends on axioms: [propext,
 Classical.choice,
 Quot.sound]
info: ContextCalculus/ELCheckerTermEmbedding.lean:416:0: 'ContextCalculus.ELCheckerTermEmbedding.commonResidualEntails_iff_raw' depends on axioms: [propext,
 Classical.choice,
 Quot.sound]
ℹ [3549/3556] Replayed ContextCalculus.ELNormalCheckerTermEmbedding
info: ContextCalculus/ELNormalCheckerTermEmbedding.lean:418:0: 'ContextCalculus.ELNormalCheckerTermEmbedding.models_encodeNormalClause_iff' depends on axioms: [propext,
 Classical.choice,
 Quot.sound]
info: ContextCalculus/ELNormalCheckerTermEmbedding.lean:419:0: 'ContextCalculus.ELNormalCheckerTermEmbedding.models_encodeNormalOntology_fixed_iff' depends on axioms: [propext,
 Classical.choice,
 Quot.sound]
info: ContextCalculus/ELNormalCheckerTermEmbedding.lean:420:0: 'ContextCalculus.ELNormalCheckerTermEmbedding.models_encodeNormalOntology_implies_models' depends on axioms: [propext,
 Classical.choice,
 Quot.sound]
info: ContextCalculus/ELNormalCheckerTermEmbedding.lean:421:0: 'ContextCalculus.ELNormalCheckerTermEmbedding.models_encodeNormalOntology_modelOfNormalAndRaw' depends on axioms: [propext,
 Classical.choice,
 Quot.sound]
info: ContextCalculus/ELNormalCheckerTermEmbedding.lean:422:0: 'ContextCalculus.ELNormalCheckerTermEmbedding.models_encodeCombinedSource_iff' depends on axioms: [propext, Quot.sound]
info: ContextCalculus/ELNormalCheckerTermEmbedding.lean:423:0: 'ContextCalculus.ELNormalCheckerTermEmbedding.commonCombinedEntails_iff_elcSource' depends on axioms: [propext,
 Classical.choice,
 Quot.sound]
ℹ [3550/3556] Replayed ContextCalculus.ELCommonSourceWire
info: ContextCalculus/ELCommonSourceWire.lean:315:0: 'ContextCalculus.ELCommonSourceWire.sat_mapResidualClause_nat_iff' depends on axioms: [propext, Quot.sound]
info: ContextCalculus/ELCommonSourceWire.lean:316:0: 'ContextCalculus.ELCommonSourceWire.sat_mapResidualClause_fin_iff' depends on axioms: [propext, Quot.sound]
info: ContextCalculus/ELCommonSourceWire.lean:317:0: 'ContextCalculus.ELCommonSourceWire.commonMappedEntails_iff_finite' depends on axioms: [propext,
 Classical.choice,
 Quot.sound]
info: ContextCalculus/ELCommonSourceWire.lean:318:0: 'ContextCalculus.ELCommonSourceWire.commonMappedCombinedEntails_iff_finite' depends on axioms: [propext,
 Classical.choice,
 Quot.sound]
info: ContextCalculus/ELCommonSourceWire.lean:319:0: 'ContextCalculus.ELCommonSourceWire.finiteELCSourceEntails_iff_publicationSource' does not depend on any axioms
info: ContextCalculus/ELCommonSourceWire.lean:320:0: 'ContextCalculus.ELCommonSourceWire.WireCertificate.check_common_source_sound' depends on axioms: [propext,
 Classical.choice,
 Quot.sound]
ℹ [3551/3556] Replayed ContextCalculus.HTCheckerTermEmbedding
info: ContextCalculus/HTCheckerTermEmbedding.lean:267:0: 'ContextCalculus.HTCheckerTermEmbedding.modelsClause_encode_iff' depends on axioms: [propext,
 Classical.choice,
 Quot.sound]
info: ContextCalculus/HTCheckerTermEmbedding.lean:268:0: 'ContextCalculus.HTCheckerTermEmbedding.models_encode_iff' depends on axioms: [propext, Classical.choice, Quot.sound]
info: ContextCalculus/HTCheckerTermEmbedding.lean:269:0: 'ContextCalculus.HTCheckerTermEmbedding.entailsSub_encode_iff' depends on axioms: [propext,
 Classical.choice,
 Quot.sound]
info: ContextCalculus/HTCheckerTermEmbedding.lean:270:0: 'ContextCalculus.HTCheckerTermEmbedding.unsatisfiableConcept_encode_iff' depends on axioms: [propext,
 Classical.choice,
 Quot.sound]
ℹ [3552/3556] Replayed ContextCalculus.HTDirectCommonSourceWire
info: ContextCalculus/HTDirectCommonSourceWire.lean:417:0: 'ContextCalculus.HTDirectCommonSourceWire.DecodedDirectCommonSource.entails_iff' depends on axioms: [propext,
 Classical.choice,
 Quot.sound]
info: ContextCalculus/HTDirectCommonSourceWire.lean:418:0: 'ContextCalculus.HTDirectCommonSourceWire.DecodedDirectCommonSource.entails_target_iff' depends on axioms: [propext,
 Classical.choice,
 Quot.sound]
info: ContextCalculus/HTDirectCommonSourceWire.lean:419:0: 'ContextCalculus.HTDirectCommonSourceWire.WireDirectCommonSource.check_sound' depends on axioms: [propext,
 Classical.choice,
 Quot.sound]
info: ContextCalculus/HTDirectCommonSourceWire.lean:420:0: 'ContextCalculus.HTDirectCommonSourceWire.WireDirectCommonSource.check_target_sound' depends on axioms: [propext,
 Classical.choice,
 Quot.sound]
info: ContextCalculus/HTDirectCommonSourceWire.lean:421:0: 'ContextCalculus.HTDirectCommonSourceWire.entails_mapOntology_iff' depends on axioms: [propext,
 Classical.choice,
 Quot.sound]
info: ContextCalculus/HTDirectCommonSourceWire.lean:422:0: 'ContextCalculus.HTDirectCommonSourceWire.entails_mapOntology_finite_iff' depends on axioms: [propext,
 Classical.choice,
 Quot.sound]
ℹ [3553/3559] Replayed ContextCalculus.CBCertificationSurface
info: ContextCalculus/CBCertificationSurface.lean:80:0: 'ContextCalculus.CB.certifiedCBGlobalProductionClosure' depends on axioms: [propext, Classical.choice, Quot.sound]
info: ContextCalculus/CBCertificationSurface.lean:107:0: 'ContextCalculus.CB.certifiedCBClashFreeGlobalProductionModel' depends on axioms: [propext,
 Classical.choice,
 Quot.sound]
info: ContextCalculus/CBCertificationSurface.lean:122:0: 'ContextCalculus.CB.certifiedCBSharedProductionTaxonomyPublication' depends on axioms: [propext,
 Classical.choice,
 Quot.sound]
info: ContextCalculus/CBCertificationSurface.lean:144:0: 'ContextCalculus.CB.certifiedCBStandaloneContextProof' depends on axioms: [propext, Classical.choice, Quot.sound]
info: ContextCalculus/CBCertificationSurface.lean:181:0: 'ContextCalculus.CB.certifiedCBLiveProductionDerivation' depends on axioms: [propext, Classical.choice, Quot.sound]
info: ContextCalculus/CBCertificationSurface.lean:198:0: 'ContextCalculus.CB.certifiedCBSourceLiveProductionDerivation' depends on axioms: [propext,
 Classical.choice,
 Quot.sound]
info: ContextCalculus/CBCertificationSurface.lean:221:0: 'ContextCalculus.CB.certifiedCBSourceLocalClosure' depends on axioms: [propext, Classical.choice, Quot.sound]
info: ContextCalculus/CBCertificationSurface.lean:239:0: 'ContextCalculus.CB.certifiedCBSourceHyperClosure' depends on axioms: [propext, Classical.choice, Quot.sound]
info: ContextCalculus/CBCertificationSurface.lean:257:0: 'ContextCalculus.CB.certifiedCBSourceJoin3Closure' depends on axioms: [propext, Classical.choice, Quot.sound]
info: ContextCalculus/CBCertificationSurface.lean:270:0: 'ContextCalculus.CB.certifiedCBSourceSuccClosure' depends on axioms: [propext, Classical.choice, Quot.sound]
info: ContextCalculus/CBCertificationSurface.lean:282:0: 'ContextCalculus.CB.certifiedCBSourceEqClosure' depends on axioms: [propext, Classical.choice, Quot.sound]
info: ContextCalculus/CBCertificationSurface.lean:294:0: 'ContextCalculus.CB.certifiedCBSourceOrdinaryPredClosure' depends on axioms: [propext, Classical.choice, Quot.sound]
info: ContextCalculus/CBCertificationSurface.lean:306:0: 'ContextCalculus.CB.certifiedCBSourceRootPredClosure' depends on axioms: [propext, Classical.choice, Quot.sound]
info: ContextCalculus/CBCertificationSurface.lean:319:0: 'ContextCalculus.CB.certifiedCBSourceProductionClosure' depends on axioms: [propext, Classical.choice, Quot.sound]
info: ContextCalculus/CBCertificationSurface.lean:338:0: 'ContextCalculus.CB.certifiedCBSourceCanonicalClosure' depends on axioms: [propext, Classical.choice, Quot.sound]
info: ContextCalculus/CBCertificationSurface.lean:355:0: 'ContextCalculus.CB.certifiedCBExactTaxonomyPublication' depends on axioms: [propext, Classical.choice, Quot.sound]
info: ContextCalculus/CBCertificationSurface.lean:375:0: 'ContextCalculus.CB.certifiedCBSourceExactTaxonomyPublication' depends on axioms: [propext,
 Classical.choice,
 Quot.sound]
info: ContextCalculus/CBCertificationSurface.lean:404:0: 'ContextCalculus.CB.certifiedCBProductionExactTaxonomyPublication' depends on axioms: [propext,
 Classical.choice,
 Quot.sound]
info: ContextCalculus/CBCertificationSurface.lean:408:0: 'ContextCalculus.InverseRoleChainNormalization.theory_consequences_preserved' depends on axioms: [propext]
info: ContextCalculus/CBCertificationSurface.lean:409:0: 'ContextCalculus.InverseRoleChainNormalization.negative_role_guard' does not depend on any axioms
info: ContextCalculus/CBCertificationSurface.lean:410:0: 'ContextCalculus.InverseRoleChainNormalization.centered_binary_chain' does not depend on any axioms
info: ContextCalculus/CBCertificationSurface.lean:411:0: 'ContextCalculus.InverseRoleChainNormalization.reciprocal_bridges_preserve_transitivity' does not depend on any axioms
info: ContextCalculus/CBCertificationSurface.lean:412:0: 'ContextCalculus.DLSafeUnaryRuleNormalization.unary_rule_equivalent' does not depend on any axioms
info: ContextCalculus/CBCertificationSurface.lean:413:0: 'ContextCalculus.DLSafeUnaryRuleNormalization.theory_equivalent' does not depend on any axioms
info: ContextCalculus/CBCertificationSurface.lean:414:0: 'ContextCalculus.DLSafeUnaryRuleNormalization.pointwise_fresh_extension' does not depend on any axioms
info: ContextCalculus/CBCertificationSurface.lean:415:0: 'ContextCalculus.DLSafeUnaryDataRuleNormalization.shared_witness_rule_iff' does not depend on any axioms
info: ContextCalculus/CBCertificationSurface.lean:416:0: 'ContextCalculus.DLSafeUnaryDataRuleNormalization.data_assertion_iff_singleton_witness' does not depend on any axioms
info: ContextCalculus/CBCertificationSurface.lean:417:0: 'ContextCalculus.DLSafeUnaryDataRuleNormalization.theory_models_preserved' does not depend on any axioms
info: ContextCalculus/CBCertificationSurface.lean:418:0: 'ContextCalculus.SWRLIntegerThresholds.ceiling_matches_euclidean_implementation' depends on axioms: [propext,
 Classical.choice,
 Quot.sound]
info: ContextCalculus/CBCertificationSurface.lean:419:0: 'ContextCalculus.SWRLIntegerThresholds.integer_le_rational_iff' depends on axioms: [propext]
info: ContextCalculus/CBCertificationSurface.lean:420:0: 'ContextCalculus.SWRLIntegerThresholds.integer_gt_rational_iff' depends on axioms: [propext,
 Classical.choice,
 Quot.sound]
info: ContextCalculus/CBCertificationSurface.lean:421:0: 'ContextCalculus.SWRLIntegerThresholds.integer_ge_rational_iff' depends on axioms: [propext,
 Classical.choice,
 Quot.sound]
info: ContextCalculus/CBCertificationSurface.lean:422:0: 'ContextCalculus.SWRLIntegerThresholds.integer_lt_rational_iff' depends on axioms: [propext,
 Classical.choice,
 Quot.sound]
info: ContextCalculus/CBCertificationSurface.lean:424:0: 'ContextCalculus.DLSafeUnaryDataRuleNormalization.self_role_constant_data_head_iff' does not depend on any axioms
info: ContextCalculus/CBCertificationSurface.lean:425:0: 'ContextCalculus.DLSafeUnaryDataRuleNormalization.constant_data_body_definition_iff' does not depend on any axioms
info: ContextCalculus/CBCertificationSurface.lean:426:0: 'ContextCalculus.DLSafeUnaryDataRuleNormalization.constant_data_head_definition_iff' does not depend on any axioms
info: ContextCalculus/CBCertificationSurface.lean:428:0: 'ContextCalculus.IsolatedObjectModelExtension.count_transport' depends on axioms: [Classical.choice]
info: ContextCalculus/CBCertificationSurface.lean:429:0: 'ContextCalculus.IsolatedObjectModelExtension.old_concepts_preserved' depends on axioms: [propext, Classical.choice]
info: ContextCalculus/CBCertificationSurface.lean:430:0: 'ContextCalculus.IsolatedObjectModelExtension.count_empty' depends on axioms: [propext]
info: ContextCalculus/CBCertificationSurface.lean:431:0: 'ContextCalculus.IsolatedObjectModelExtension.fresh_concepts_shell' depends on axioms: [propext, Quot.sound]
info: ContextCalculus/CBCertificationSurface.lean:432:0: 'ContextCalculus.IsolatedObjectModelExtension.inclusion_extended' depends on axioms: [propext,
 Classical.choice,
 Quot.sound]
info: ContextCalculus/CBCertificationSurface.lean:433:0: 'ContextCalculus.IsolatedObjectModelExtension.role_inclusion_extended' depends on axioms: [propext]
info: ContextCalculus/CBCertificationSurface.lean:434:0: 'ContextCalculus.IsolatedObjectModelExtension.transitivity_extended' depends on axioms: [propext]
info: ContextCalculus/CBCertificationSurface.lean:435:0: 'ContextCalculus.IsolatedObjectModelExtension.functionality_extended' depends on axioms: [propext]
info: ContextCalculus/CBCertificationSurface.lean:436:0: 'ContextCalculus.IsolatedObjectModelExtension.inverse_functionality_extended' depends on axioms: [propext]
info: ContextCalculus/CBCertificationSurface.lean:437:0: 'ContextCalculus.IsolatedObjectModelExtension.inverse_roles_extended' depends on axioms: [propext]
info: ContextCalculus/CBCertificationSurface.lean:438:0: 'ContextCalculus.IsolatedObjectModelExtension.named_subsumption_preserved' depends on axioms: [propext]
info: ContextCalculus/CBCertificationSurface.lean:439:0: 'ContextCalculus.IsolatedObjectModelExtension.named_satisfiability_preserved' depends on axioms: [propext]
info: ContextCalculus/CBCertificationSurface.lean:440:0: 'ContextCalculus.IsolatedObjectModelExtension.symmetry_extended' depends on axioms: [propext]
info: ContextCalculus/CBCertificationSurface.lean:441:0: 'ContextCalculus.IsolatedObjectModelExtension.asymmetry_extended' depends on axioms: [propext]
info: ContextCalculus/CBCertificationSurface.lean:442:0: 'ContextCalculus.IsolatedObjectModelExtension.irreflexivity_extended' depends on axioms: [propext]
info: ContextCalculus/CBCertificationSurface.lean:443:0: 'ContextCalculus.IsolatedObjectModelExtension.disjoint_roles_extended' depends on axioms: [propext]
info: ContextCalculus/CBCertificationSurface.lean:444:0: 'ContextCalculus.IsolatedObjectModelExtension.path_from_old' depends on axioms: [propext]
info: ContextCalculus/CBCertificationSurface.lean:445:0: 'ContextCalculus.IsolatedObjectModelExtension.chain_extended' depends on axioms: [propext]
info: ContextCalculus/CBCertificationSurface.lean:446:0: 'ContextCalculus.IsolatedObjectModelExtension.count_congr' does not depend on any axioms
info: ContextCalculus/CBCertificationSurface.lean:447:0: 'ContextCalculus.IsolatedObjectModelExtension.role_locality' does not depend on any axioms
info: ContextCalculus/CBCertificationSurface.lean:448:0: 'ContextCalculus.IsolatedObjectModelExtension.inert_fact_satisfied' does not depend on any axioms
info: ContextCalculus/CBCertificationSurface.lean:449:0: 'ContextCalculus.IsolatedObjectModelExtension.inert_facts_preserve_concepts' depends on axioms: [propext]
info: ContextCalculus/CBCertificationSurface.lean:450:0: 'ContextCalculus.DLSafeIsolatedNamedDomain.inactive_rule' does not depend on any axioms
info: ContextCalculus/CBCertificationSurface.lean:451:0: 'ContextCalculus.DLSafeIsolatedNamedDomain.inactive_rules' does not depend on any axioms
info: ContextCalculus/CBCertificationSurface.lean:452:0: 'ContextCalculus.DLSafeIsolatedNamedDomain.classification_preserved' does not depend on any axioms
info: ContextCalculus/CBCertificationSurface.lean:454:0: 'ContextCalculus.DLSafeFiniteDataGrounding.preserves_assertion' does not depend on any axioms
info: ContextCalculus/CBCertificationSurface.lean:455:0: 'ContextCalculus.DLSafeFiniteDataGrounding.preserves_domain' does not depend on any axioms
info: ContextCalculus/CBCertificationSurface.lean:456:0: 'ContextCalculus.DLSafeFiniteDataGrounding.preserves_range' does not depend on any axioms
info: ContextCalculus/CBCertificationSurface.lean:457:0: 'ContextCalculus.DLSafeFiniteDataGrounding.preserves_functionality' does not depend on any axioms
info: ContextCalculus/CBCertificationSurface.lean:458:0: 'ContextCalculus.DLSafeFiniteDataGrounding.preserves_object_head_rule' does not depend on any axioms
info: ContextCalculus/CBCertificationSurface.lean:459:0: 'ContextCalculus.DLSafeFiniteDataGrounding.finite_grounding_iff' does not depend on any axioms
info: ContextCalculus/CBCertificationSurface.lean:460:0: 'ContextCalculus.DLSafeFiniteDataGrounding.model_existence_iff_restricted_rules' does not depend on any axioms
info: ContextCalculus/CBCertificationSurface.lean:461:0: 'ContextCalculus.DLSafeFiniteDataGrounding.positive_assertion_consequence' does not depend on any axioms
info: ContextCalculus/CBCertificationSurface.lean:462:0: 'ContextCalculus.DLSafeFiniteDataGrounding.transitive_rule_redundant' does not depend on any axioms
info: ContextCalculus/CBCertificationSurface.lean:463:0: 'ContextCalculus.DLSafeFiniteDataGrounding.negative_role_nominal_constraint' does not depend on any axioms
info: ContextCalculus/CBCertificationSurface.lean:465:0: 'ContextCalculus.DLSafeRuleJoinOrdering.conjunction_reorder_iff' does not depend on any axioms
info: ContextCalculus/CBCertificationSurface.lean:466:0: 'ContextCalculus.DLSafeRuleJoinOrdering.rule_instances_preserved' does not depend on any axioms
info: ContextCalculus/CBCertificationSurface.lean:467:0: 'ContextCalculus.DLSafeRuleJoinOrdering.reject_false_premise' does not depend on any axioms
info: ContextCalculus/CBCertificationSurface.lean:468:0: 'ContextCalculus.DLSafeRuleJoinOrdering.accept_true_head' does not depend on any axioms
info: ContextCalculus/CBCertificationSurface.lean:469:0: 'ContextCalculus.DLSafeRuleJoinOrdering.class_domain_restriction' does not depend on any axioms
info: ContextCalculus/CBCertificationSurface.lean:471:0: 'ContextCalculus.CardinalityRoleColors.finite_bit_code_injective' depends on axioms: [propext, Quot.sound]
info: ContextCalculus/CBCertificationSurface.lean:472:0: 'ContextCalculus.CardinalityRoleColors.disjoint_labels_force_distinct' depends on axioms: [Quot.sound]
info: ContextCalculus/CBCertificationSurface.lean:473:0: 'ContextCalculus.CardinalityRoleColors.distinct_witnesses_admit_labels' does not depend on any axioms
info: ContextCalculus/CBCertificationSurface.lean:474:0: 'ContextCalculus.CardinalityRoleColors.maximum_admits_finite_buckets' depends on axioms: [propext,
 Classical.choice,
 Quot.sound]
info: ContextCalculus/CBCertificationSurface.lean:475:0: 'ContextCalculus.CardinalityRoleColors.functional_bucket_cover_bounds' depends on axioms: [propext,
 Classical.choice,
 Quot.sound]
info: ContextCalculus/CBCertificationSurface.lean:476:0: 'ContextCalculus.CardinalityRoleColors.embedding_supplies_functional_cover' does not depend on any axioms
info: ContextCalculus/CBCertificationSurface.lean:477:0: 'ContextCalculus.CardinalityRoleColors.maximum_bucket_encoding_iff' depends on axioms: [propext,
 Classical.choice,
 Quot.sound]
info: ContextCalculus/CBCertificationSurface.lean:479:0: 'ContextCalculus.NativeCardinalityNormalization.maximum_complement_recognition' does not depend on any axioms
info: ContextCalculus/CBCertificationSurface.lean:480:0: 'ContextCalculus.NativeCardinalityNormalization.minimum_definition_extension_iff' depends on axioms: [propext,
 Classical.choice,
 Quot.sound]
info: ContextCalculus/CBCertificationSurface.lean:481:0: 'ContextCalculus.NativeCardinalityNormalization.maximum_definition_extension_iff' depends on axioms: [propext,
 Classical.choice,
 Quot.sound]
info: ContextCalculus/CBCertificationSurface.lean:483:0: 'ContextCalculus.DatatypeValueEmbedding.singleton_equality' does not depend on any axioms
info: ContextCalculus/CBCertificationSurface.lean:484:0: 'ContextCalculus.DatatypeValueEmbedding.distinct_values_clash' does not depend on any axioms
info: ContextCalculus/CBCertificationSurface.lean:485:0: 'ContextCalculus.DatatypeValueEmbedding.value_concept_equality' does not depend on any axioms
info: ContextCalculus/CBCertificationSurface.lean:486:0: 'ContextCalculus.DatatypeValueEmbedding.functional_role_iff' does not depend on any axioms
info: ContextCalculus/CBCertificationSurface.lean:489:0: 'ContextCalculus.DLSafeAtomicTaxonomyExtension.range_preserved' depends on axioms: [propext]
info: ContextCalculus/CBCertificationSurface.lean:490:0: 'ContextCalculus.DLSafeAtomicTaxonomyExtension.inverse_functionality_preserved' depends on axioms: [propext]
info: ContextCalculus/CBCertificationSurface.lean:491:0: 'ContextCalculus.DLSafeAtomicTaxonomyExtension.symmetry_preserved' depends on axioms: [propext]
info: ContextCalculus/CBCertificationSurface.lean:492:0: 'ContextCalculus.DLSafeAtomicTaxonomyExtension.asymmetry_preserved' depends on axioms: [propext]
info: ContextCalculus/CBCertificationSurface.lean:493:0: 'ContextCalculus.DLSafeAtomicTaxonomyExtension.irreflexivity_preserved' depends on axioms: [propext]
info: ContextCalculus/CBCertificationSurface.lean:494:0: 'ContextCalculus.DLSafeAtomicTaxonomyExtension.disjoint_roles_preserved' depends on axioms: [propext]
info: ContextCalculus/CBCertificationSurface.lean:495:0: 'ContextCalculus.DLSafeAtomicTaxonomyExtension.data_domain_preserved' depends on axioms: [propext]
info: ContextCalculus/CBCertificationSurface.lean:496:0: 'ContextCalculus.DLSafeAtomicTaxonomyExtension.boolean_old_preserved' depends on axioms: [propext]
info: ContextCalculus/CBCertificationSurface.lean:497:0: 'ContextCalculus.DLSafeAtomicTaxonomyExtension.boolean_fresh_valuation' depends on axioms: [propext]
info: ContextCalculus/CBCertificationSurface.lean:498:0: 'ContextCalculus.DLSafeAtomicTaxonomyExtension.role_path_old_preserved' depends on axioms: [propext]
info: ContextCalculus/CBCertificationSurface.lean:499:0: 'ContextCalculus.DLSafeAtomicTaxonomyExtension.role_path_cannot_end_fresh' depends on axioms: [propext]
info: ContextCalculus/CBCertificationSurface.lean:500:0: 'ContextCalculus.DLSafeAtomicTaxonomyExtension.role_chain_preserved' depends on axioms: [propext]
info: ContextCalculus/CBCertificationSurface.lean:501:0: 'ContextCalculus.DLSafeAtomicTaxonomyExtension.boolean_domain_preserved' depends on axioms: [propext]
info: ContextCalculus/CBCertificationSurface.lean:502:0: 'ContextCalculus.DLSafeAtomicTaxonomyExtension.boolean_range_preserved' depends on axioms: [propext]
info: ContextCalculus/CBCertificationSurface.lean:503:0: 'ContextCalculus.DLSafeAtomicTaxonomyExtension.boolean_data_domain_preserved' depends on axioms: [propext]
info: ContextCalculus/CBCertificationSurface.lean:504:0: 'ContextCalculus.DLSafeAtomicTaxonomyExtension.pointwise_extension' depends on axioms: [propext]
info: ContextCalculus/CBCertificationSurface.lean:505:0: 'ContextCalculus.DLSafeAtomicTaxonomyExtension.named_edges_preserved' depends on axioms: [propext]
info: ContextCalculus/CBCertificationSurface.lean:506:0: 'ContextCalculus.DLSafeAtomicTaxonomyExtension.named_classes_preserved' depends on axioms: [propext]
info: ContextCalculus/CBCertificationSurface.lean:507:0: 'ContextCalculus.DLSafeAtomicTaxonomyExtension.taxonomy_countermodel' depends on axioms: [propext]
info: ContextCalculus/CBCertificationSurface.lean:508:0: 'ContextCalculus.DLSafeAtomicTaxonomyExtension.boolean_query_projection_exact' depends on axioms: [propext]
info: ContextCalculus/CBCertificationSurface.lean:509:0: 'ContextCalculus.DLSafeAtomicTaxonomyExtension.domain_preserved' depends on axioms: [propext]
info: ContextCalculus/CBCertificationSurface.lean:510:0: 'ContextCalculus.DLSafeAtomicTaxonomyExtension.transitivity_preserved' depends on axioms: [propext]
info: ContextCalculus/CBCertificationSurface.lean:511:0: 'ContextCalculus.DLSafeAtomicTaxonomyExtension.functionality_preserved' depends on axioms: [propext]
info: ContextCalculus/CBCertificationSurface.lean:512:0: 'ContextCalculus.DLSafeAtomicTaxonomyExtension.inclusion_preserved' depends on axioms: [propext]
info: ContextCalculus/CBCertificationSurface.lean:513:0: 'ContextCalculus.DLSafeAtomicTaxonomyExtension.inverse_preserved' depends on axioms: [propext]
info: ContextCalculus/CBCertificationSurface.lean:514:0: 'ContextCalculus.DLSafeAtomicTaxonomyExtension.named_atoms_preserved' depends on axioms: [propext]
info: ContextCalculus/CBCertificationSurface.lean:515:0: 'ContextCalculus.DLSafeAtomicTaxonomyExtension.named_rule_preserved' depends on axioms: [propext]
info: ContextCalculus/CBCertificationSurface.lean:516:0: 'ContextCalculus.DLSafeAtomicTaxonomyExtension.data_range_preserved' does not depend on any axioms
info: ContextCalculus/CBCertificationSurface.lean:517:0: 'ContextCalculus.DLSafeAtomicTaxonomyExtension.data_functionality_preserved' does not depend on any axioms
info: ContextCalculus/CBCertificationSurface.lean:518:0: 'ContextCalculus.DLSafeAtomicTaxonomyExtension.guarded_named_rules_preserved' depends on axioms: [propext]
⚠ [3554/3559] Replayed ContextCalculus.HTDirectTaxonomyCommonPublication
warning: ContextCalculus/HTDirectTaxonomyCommonPublication.lean:46:19: unused variable `direct`

Note: This linter can be disabled with `set_option linter.unusedVariables false`
warning: ContextCalculus/HTDirectTaxonomyCommonPublication.lean:58:19: unused variable `direct`

Note: This linter can be disabled with `set_option linter.unusedVariables false`
info: ContextCalculus/HTDirectTaxonomyCommonPublication.lean:136:0: 'ContextCalculus.HTDirectTaxonomyCommonPublication.DecodedDirectTaxonomyPublication.common_semantics' depends on axioms: [propext,
 Classical.choice,
 Quot.sound]
info: ContextCalculus/HTDirectTaxonomyCommonPublication.lean:137:0: 'ContextCalculus.HTDirectTaxonomyCommonPublication.WireDirectTaxonomyPublication.check_sound' depends on axioms: [propext,
 Classical.choice,
 Quot.sound]
ℹ [3555/3576] Replayed ContextCalculus.KMWorkerPublication
info: ContextCalculus/KMWorkerPublication.lean:84:0: 'ContextCalculus.KMWorkerPublication.WirePublication.check_sound' depends on axioms: [propext,
 Classical.choice,
 Quot.sound]
ℹ [3556/3576] Replayed ContextCalculus.HTSkolemPairCheckerTermEmbedding
info: ContextCalculus/HTSkolemPairCheckerTermEmbedding.lean:325:0: 'ContextCalculus.HTSkolemPairCheckerTermEmbedding.valid_roleClause_iff' depends on axioms: [propext,
 Classical.choice,
 Quot.sound]
info: ContextCalculus/HTSkolemPairCheckerTermEmbedding.lean:326:0: 'ContextCalculus.HTSkolemPairCheckerTermEmbedding.valid_fillerClause_iff' depends on axioms: [propext,
 Classical.choice,
 Quot.sound]
info: ContextCalculus/HTSkolemPairCheckerTermEmbedding.lean:327:0: 'ContextCalculus.HTSkolemPairCheckerTermEmbedding.valid_pair_iff' depends on axioms: [propext,
 Classical.choice,
 Quot.sound]
info: ContextCalculus/HTSkolemPairCheckerTermEmbedding.lean:328:0: 'ContextCalculus.HTSkolemPairCheckerTermEmbedding.models_mixed_encode_iff' depends on axioms: [propext,
 Classical.choice,
 Quot.sound]
info: ContextCalculus/HTSkolemPairCheckerTermEmbedding.lean:329:0: 'ContextCalculus.HTSkolemPairCheckerTermEmbedding.entailsSub_mixed_encode_iff' depends on axioms: [propext,
 Classical.choice,
 Quot.sound]
info: ContextCalculus/HTSkolemPairCheckerTermEmbedding.lean:330:0: 'ContextCalculus.HTSkolemPairCheckerTermEmbedding.unsatisfiableConcept_mixed_encode_iff' depends on axioms: [propext,
 Classical.choice,
 Quot.sound]
ℹ [3557/3576] Replayed ContextCalculus.HTMixedCommonSourceWire
info: ContextCalculus/HTMixedCommonSourceWire.lean:436:0: 'ContextCalculus.HTMixedCommonSourceWire.DecodedMixedCommonSource.entails_iff' depends on axioms: [propext,
 Classical.choice,
 Quot.sound]
info: ContextCalculus/HTMixedCommonSourceWire.lean:437:0: 'ContextCalculus.HTMixedCommonSourceWire.DecodedMixedCommonSource.entails_target_iff' depends on axioms: [propext,
 Classical.choice,
 Quot.sound]
info: ContextCalculus/HTMixedCommonSourceWire.lean:438:0: 'ContextCalculus.HTMixedCommonSourceWire.DecodedMixedCommonSource.unsatisfiable_target_iff' depends on axioms: [propext,
 Classical.choice,
 Quot.sound]
info: ContextCalculus/HTMixedCommonSourceWire.lean:439:0: 'ContextCalculus.HTMixedCommonSourceWire.WireMixedCommonSource.check_sound' depends on axioms: [propext,
 Classical.choice,
 Quot.sound]
⚠ [3558/3576] Replayed ContextCalculus.HTMixedTaxonomyCommonPublication
warning: ContextCalculus/HTMixedTaxonomyCommonPublication.lean:77:5: unused variable `hverson`

Note: This linter can be disabled with `set_option linter.unusedVariables false`
warning: ContextCalculus/HTMixedTaxonomyCommonPublication.lean:78:7: unused variable `hdocument`

Note: This linter can be disabled with `set_option linter.unusedVariables false`
warning: ContextCalculus/HTMixedTaxonomyCommonPublication.lean:79:9: unused variable `hbound`

Note: This linter can be disabled with `set_option linter.unusedVariables false`
info: ContextCalculus/HTMixedTaxonomyCommonPublication.lean:220:0: 'ContextCalculus.HTMixedTaxonomyCommonPublication.DecodedMixedTaxonomyPublication.common_semantics' depends on axioms: [propext,
 Classical.choice,
 Quot.sound]
info: ContextCalculus/HTMixedTaxonomyCommonPublication.lean:221:0: 'ContextCalculus.HTMixedTaxonomyCommonPublication.WireMixedTaxonomyPublication.check_sound' depends on axioms: [propext,
 Classical.choice,
 Quot.sound]
ℹ [3559/3576] Replayed ContextCalculus.HTSkolemBundleCheckerTermEmbedding
info: ContextCalculus/HTSkolemBundleCheckerTermEmbedding.lean:224:0: 'ContextCalculus.HTSkolemBundleCheckerTermEmbedding.valid_bundle_iff' depends on axioms: [propext,
 Classical.choice,
 Quot.sound]
info: ContextCalculus/HTSkolemBundleCheckerTermEmbedding.lean:225:0: 'ContextCalculus.HTSkolemBundleCheckerTermEmbedding.models_bundles_encode_iff' depends on axioms: [propext,
 Classical.choice,
 Quot.sound]
info: ContextCalculus/HTSkolemBundleCheckerTermEmbedding.lean:226:0: 'ContextCalculus.HTSkolemBundleCheckerTermEmbedding.entailsSub_bundles_encode_iff' depends on axioms: [propext,
 Classical.choice,
 Quot.sound]
info: ContextCalculus/HTSkolemBundleCheckerTermEmbedding.lean:227:0: 'ContextCalculus.HTSkolemBundleCheckerTermEmbedding.unsatisfiableConcept_bundles_encode_iff' depends on axioms: [propext,
 Classical.choice,
 Quot.sound]
ℹ [3560/3576] Replayed ContextCalculus.HTBundleCommonSourceWire
info: ContextCalculus/HTBundleCommonSourceWire.lean:503:0: 'ContextCalculus.HTBundleCommonSourceWire.DecodedBundleCommonSource.entails_target_iff' depends on axioms: [propext,
 Classical.choice,
 Quot.sound]
info: ContextCalculus/HTBundleCommonSourceWire.lean:504:0: 'ContextCalculus.HTBundleCommonSourceWire.DecodedBundleCommonSource.unsatisfiable_target_iff' depends on axioms: [propext,
 Classical.choice,
 Quot.sound]
info: ContextCalculus/HTBundleCommonSourceWire.lean:505:0: 'ContextCalculus.HTBundleCommonSourceWire.WireBundleCommonSource.check_sound' depends on axioms: [propext,
 Classical.choice,
 Quot.sound]
ℹ [3561/3576] Replayed ContextCalculus.HTBundleTaxonomyCommonPublication
info: ContextCalculus/HTBundleTaxonomyCommonPublication.lean:168:0: 'ContextCalculus.HTBundleTaxonomyCommonPublication.DecodedBundleTaxonomyPublication.common_semantics' depends on axioms: [propext,
 Classical.choice,
 Quot.sound]
info: ContextCalculus/HTBundleTaxonomyCommonPublication.lean:169:0: 'ContextCalculus.HTBundleTaxonomyCommonPublication.WireBundleTaxonomyPublication.check_sound' depends on axioms: [propext,
 Classical.choice,
 Quot.sound]
⚠ [3562/3576] Replayed ContextCalculus.HTCardinalityCheckerTermEmbedding
warning: ContextCalculus/HTCardinalityCheckerTermEmbedding.lean:261:18: unused variable `filler`

Note: This linter can be disabled with `set_option linter.unusedVariables false`
info: ContextCalculus/HTCardinalityCheckerTermEmbedding.lean:739:0: 'ContextCalculus.HTCardinalityCheckerTermEmbedding.assembledMinimumFunction_at' depends on axioms: [propext,
 Classical.choice,
 Quot.sound]
info: ContextCalculus/HTCardinalityCheckerTermEmbedding.lean:740:0: 'ContextCalculus.HTCardinalityCheckerTermEmbedding.projected_implies_exists_cardinalityClauses_model' depends on axioms: [propext,
 Classical.choice,
 Quot.sound]
info: ContextCalculus/HTCardinalityCheckerTermEmbedding.lean:741:0: 'ContextCalculus.HTCardinalityCheckerTermEmbedding.entailsSub_cardinalityClauses_iff' depends on axioms: [propext,
 Classical.choice,
 Quot.sound]
info: ContextCalculus/HTCardinalityCheckerTermEmbedding.lean:743:0: 'ContextCalculus.HTCardinalityCheckerTermEmbedding.models_minimumClauses_iff' depends on axioms: [propext, Quot.sound]
info: ContextCalculus/HTCardinalityCheckerTermEmbedding.lean:744:0: 'ContextCalculus.HTCardinalityCheckerTermEmbedding.valid_maximumClause_iff' depends on axioms: [propext, Quot.sound]
info: ContextCalculus/HTCardinalityCheckerTermEmbedding.lean:745:0: 'ContextCalculus.HTCardinalityCheckerTermEmbedding.models_pairClauses_iff' depends on axioms: [propext, Quot.sound]
info: ContextCalculus/HTCardinalityCheckerTermEmbedding.lean:746:0: 'ContextCalculus.HTCardinalityCheckerTermEmbedding.models_cardinalityClauses_fixed_iff' depends on axioms: [propext,
 Quot.sound]
info: ContextCalculus/HTCardinalityCheckerTermEmbedding.lean:747:0: 'ContextCalculus.HTCardinalityCheckerTermEmbedding.models_cardinalityClauses_implies_projected' depends on axioms: [propext,
 Quot.sound]
ℹ [3563/3576] Replayed ContextCalculus.HTDirectCardinalityCommonSourceWire
info: ContextCalculus/HTDirectCardinalityCommonSourceWire.lean:781:0: 'ContextCalculus.HTDirectCardinalityCommonSourceWire.modelsProjectedDefs_map_natInterp' depends on axioms: [propext,
 Classical.choice,
 Quot.sound]
info: ContextCalculus/HTDirectCardinalityCommonSourceWire.lean:782:0: 'ContextCalculus.HTDirectCardinalityCommonSourceWire.modelsProjectedDefs_map_finInterp' depends on axioms: [propext,
 Classical.choice,
 Quot.sound]
info: ContextCalculus/HTDirectCardinalityCommonSourceWire.lean:783:0: 'ContextCalculus.HTDirectCardinalityCommonSourceWire.DecodedDirectCardinalityCommonSource.entails_target_iff' depends on axioms: [propext,
 Classical.choice,
 Quot.sound]
info: ContextCalculus/HTDirectCardinalityCommonSourceWire.lean:784:0: 'ContextCalculus.HTDirectCardinalityCommonSourceWire.WireDirectCardinalityCommonSource.check_sound' depends on axioms: [propext,
 Classical.choice,
 Quot.sound]
ℹ [3564/3576] Replayed ContextCalculus.HypertableauExactCardinalityTaxonomyWire
info: ContextCalculus/HypertableauExactCardinalityTaxonomyWire.lean:460:0: 'ContextCalculus.Hypertableau.DecodedCardinalityEqCertificate.check_exact_sound' depends on axioms: [propext,
 Classical.choice,
 Quot.sound]
ℹ [3565/3576] Replayed ContextCalculus.HTDirectCardinalityTaxonomyCommonPublication
info: ContextCalculus/HTDirectCardinalityTaxonomyCommonPublication.lean:486:0: 'ContextCalculus.HTDirectCardinalityTaxonomyCommonPublication.DecodedDirectCardinalityTaxonomyPublication.common_semantics' depends on axioms: [propext,
 Classical.choice,
 Quot.sound]
info: ContextCalculus/HTDirectCardinalityTaxonomyCommonPublication.lean:487:0: 'ContextCalculus.HTDirectCardinalityTaxonomyCommonPublication.WireDirectCardinalityTaxonomyPublication.check_sound' depends on axioms: [propext,
 Classical.choice,
 Quot.sound]
ℹ [3566/3576] Replayed ContextCalculus.HypertableauMixedCardinalityProjectionWire
info: ContextCalculus/HypertableauMixedCardinalityProjectionWire.lean:133:0: 'ContextCalculus.Hypertableau.DecodedMixedCardinalityProjection.models_source_iff_target' depends on axioms: [propext,
 Classical.choice,
 Quot.sound]
info: ContextCalculus/HypertableauMixedCardinalityProjectionWire.lean:134:0: 'ContextCalculus.Hypertableau.WireMixedCardinalityProjection.check_sound' depends on axioms: [propext,
 Classical.choice,
 Quot.sound]
ℹ [3567/3576] Replayed ContextCalculus.HTMixedCardinalityCommonSourceWire
info: ContextCalculus/HTMixedCardinalityCommonSourceWire.lean:648:0: 'ContextCalculus.HTMixedCardinalityCommonSourceWire.valid_shiftClauseFunctions_iff' depends on axioms: [propext,
 Quot.sound]
info: ContextCalculus/HTMixedCardinalityCommonSourceWire.lean:649:0: 'ContextCalculus.HTMixedCardinalityCommonSourceWire.models_shiftOntologyFunctions_iff' depends on axioms: [propext,
 Quot.sound]
info: ContextCalculus/HTMixedCardinalityCommonSourceWire.lean:650:0: 'ContextCalculus.HTMixedCardinalityCommonSourceWire.functionView_mergedModel' depends on axioms: [propext,
 Classical.choice,
 Quot.sound]
info: ContextCalculus/HTMixedCardinalityCommonSourceWire.lean:651:0: 'ContextCalculus.HTMixedCardinalityCommonSourceWire.DecodedMixedCardinalityCommonSource.entails_target_iff' depends on axioms: [propext,
 Classical.choice,
 Quot.sound]
info: ContextCalculus/HTMixedCardinalityCommonSourceWire.lean:652:0: 'ContextCalculus.HTMixedCardinalityCommonSourceWire.WireMixedCardinalityCommonSource.check_sound' depends on axioms: [propext,
 Classical.choice,
 Quot.sound]
ℹ [3568/3576] Replayed ContextCalculus.HTMixedCardinalityTaxonomyCommonPublication
info: ContextCalculus/HTMixedCardinalityTaxonomyCommonPublication.lean:376:0: 'ContextCalculus.HTMixedCardinalityTaxonomyCommonPublication.WireMixedCardinalityTaxonomyPublication.check_subsumption_sound' depends on axioms: [propext,
 Classical.choice,
 Quot.sound]
info: ContextCalculus/HTMixedCardinalityTaxonomyCommonPublication.lean:377:0: 'ContextCalculus.HTMixedCardinalityTaxonomyCommonPublication.WireMixedCardinalityTaxonomyPublication.check_target_concept_sound' depends on axioms: [propext,
 Classical.choice,
 Quot.sound]
info: ContextCalculus/HTMixedCardinalityTaxonomyCommonPublication.lean:378:0: 'ContextCalculus.HTMixedCardinalityTaxonomyCommonPublication.WireMixedCardinalityTaxonomyPublication.check_sound' depends on axioms: [propext,
 Classical.choice,
 Quot.sound]
ℹ [3569/3576] Replayed ContextCalculus.HypertableauBundleCardinalityProjection
info: ContextCalculus/HypertableauBundleCardinalityProjection.lean:138:0: 'ContextCalculus.Hypertableau.indexedBundleCardinalityProjection_sat_iff' depends on axioms: [propext,
 Classical.choice,
 Quot.sound]
info: ContextCalculus/HypertableauBundleCardinalityProjection.lean:139:0: 'ContextCalculus.Hypertableau.indexedBundleDomainCardinalityProjection_sat_iff' depends on axioms: [propext,
 Classical.choice,
 Quot.sound]
info: ContextCalculus/HypertableauBundleCardinalityProjection.lean:140:0: 'ContextCalculus.Hypertableau.indexedBundleDomainCardinalityProjection_renamed_sat_iff' depends on axioms: [propext,
 Classical.choice,
 Quot.sound]
ℹ [3570/3576] Replayed ContextCalculus.HypertableauBundleCardinalityProjectionWire
info: ContextCalculus/HypertableauBundleCardinalityProjectionWire.lean:164:0: 'ContextCalculus.Hypertableau.DecodedBundleCardinalityProjection.models_source_iff_target' depends on axioms: [propext,
 Classical.choice,
 Quot.sound]
info: ContextCalculus/HypertableauBundleCardinalityProjectionWire.lean:165:0: 'ContextCalculus.Hypertableau.WireBundleCardinalityProjection.check_sound' depends on axioms: [propext,
 Classical.choice,
 Quot.sound]
ℹ [3571/3576] Replayed ContextCalculus.HTBundleCardinalityCommonSourceWire
info: ContextCalculus/HTBundleCardinalityCommonSourceWire.lean:803:0: 'ContextCalculus.HTBundleCardinalityCommonSourceWire.modelsSkolemBundle_function_congr' does not depend on any axioms
info: ContextCalculus/HTBundleCardinalityCommonSourceWire.lean:804:0: 'ContextCalculus.HTBundleCardinalityCommonSourceWire.DecodedBundleCardinalityCommonSource.entails_target_iff' depends on axioms: [propext,
 Classical.choice,
 Quot.sound]
info: ContextCalculus/HTBundleCardinalityCommonSourceWire.lean:805:0: 'ContextCalculus.HTBundleCardinalityCommonSourceWire.WireBundleCardinalityCommonSource.check_sound' depends on axioms: [propext,
 Classical.choice,
 Quot.sound]
ℹ [3572/3576] Replayed ContextCalculus.HTBundleCardinalityTaxonomyCommonPublication
info: ContextCalculus/HTBundleCardinalityTaxonomyCommonPublication.lean:364:0: 'ContextCalculus.HTBundleCardinalityTaxonomyCommonPublication.DecodedBundleCardinalityTaxonomyPublication.common_subsumption_semantics' depends on axioms: [propext,
 Classical.choice,
 Quot.sound]
info: ContextCalculus/HTBundleCardinalityTaxonomyCommonPublication.lean:365:0: 'ContextCalculus.HTBundleCardinalityTaxonomyCommonPublication.WireBundleCardinalityTaxonomyPublication.check_sound' depends on axioms: [propext,
 Classical.choice,
 Quot.sound]
ℹ [3573/3576] Replayed ContextCalculus.KMCommonRoutingSource
info: ContextCalculus/KMCommonRoutingSource.lean:557:0: 'ContextCalculus.KMCommonRoutingSource.models_elcOntology_iff' depends on axioms: [propext]
info: ContextCalculus/KMCommonRoutingSource.lean:558:0: 'ContextCalculus.KMCommonRoutingSource.entails_elcOntology_iff' depends on axioms: [propext]
info: ContextCalculus/KMCommonRoutingSource.lean:559:0: 'ContextCalculus.KMCommonRoutingSource.entails_directHTOntology_iff' depends on axioms: [propext, Quot.sound]
info: ContextCalculus/KMCommonRoutingSource.lean:560:0: 'ContextCalculus.KMCommonRoutingSource.unsatisfiable_directHTOntology_iff' depends on axioms: [propext, Quot.sound]
info: ContextCalculus/KMCommonRoutingSource.lean:561:0: 'ContextCalculus.KMCommonRoutingSource.entails_cbOntology_iff' does not depend on any axioms
info: ContextCalculus/KMCommonRoutingSource.lean:562:0: 'ContextCalculus.KMCommonRoutingSource.ELCompletion.WireCertificate.check_common_routing_source_sound' depends on axioms: [propext,
 Classical.choice,
 Quot.sound]
info: ContextCalculus/KMCommonRoutingSource.lean:563:0: 'ContextCalculus.KMCommonRoutingSource.elcWireEntails_iff' depends on axioms: [propext, Classical.choice, Quot.sound]
info: ContextCalculus/KMCommonRoutingSource.lean:564:0: 'ContextCalculus.KMCommonRoutingSource.directHTCheck_common_routing_source_sound' depends on axioms: [propext,
 Classical.choice,
 Quot.sound]
info: ContextCalculus/KMCommonRoutingSource.lean:565:0: 'ContextCalculus.KMCommonRoutingSource.mixedHTCheck_common_routing_source_sound' depends on axioms: [propext,
 Classical.choice,
 Quot.sound]
info: ContextCalculus/KMCommonRoutingSource.lean:566:0: 'ContextCalculus.KMCommonRoutingSource.bundleHTCheck_common_routing_source_sound' depends on axioms: [propext,
 Classical.choice,
 Quot.sound]
info: ContextCalculus/KMCommonRoutingSource.lean:567:0: 'ContextCalculus.KMCommonRoutingSource.directCardinalityHTCheck_common_routing_source_sound' depends on axioms: [propext,
 Classical.choice,
 Quot.sound]
info: ContextCalculus/KMCommonRoutingSource.lean:568:0: 'ContextCalculus.KMCommonRoutingSource.mixedCardinalityHTCheck_common_routing_source_sound' depends on axioms: [propext,
 Classical.choice,
 Quot.sound]
info: ContextCalculus/KMCommonRoutingSource.lean:569:0: 'ContextCalculus.KMCommonRoutingSource.bundleCardinalityHTCheck_common_routing_source_sound' depends on axioms: [propext,
 Classical.choice,
 Quot.sound]
info: ContextCalculus/KMCommonRoutingSource.lean:570:0: 'ContextCalculus.KMCommonRoutingSource.cbCheck_common_routing_source_sound' depends on axioms: [propext,
 Classical.choice,
 Quot.sound]
ℹ [3574/3576] Replayed ContextCalculus.KMConcreteWorkerAdapters
info: ContextCalculus/KMConcreteWorkerAdapters.lean:1236:0: 'ContextCalculus.KMConcreteWorkerAdapters.cbAnswer_correct' depends on axioms: [propext, Classical.choice, Quot.sound]
info: ContextCalculus/KMConcreteWorkerAdapters.lean:1237:0: 'ContextCalculus.KMConcreteWorkerAdapters.cbCheck_correct' depends on axioms: [propext, Classical.choice, Quot.sound]
info: ContextCalculus/KMConcreteWorkerAdapters.lean:1238:0: 'ContextCalculus.KMConcreteWorkerAdapters.cbAccept_sound' depends on axioms: [propext, Classical.choice, Quot.sound]
info: ContextCalculus/KMConcreteWorkerAdapters.lean:1239:0: 'ContextCalculus.KMConcreteWorkerAdapters.CBExecution.worker_soundAt' depends on axioms: [propext,
 Classical.choice,
 Quot.sound]
info: ContextCalculus/KMConcreteWorkerAdapters.lean:1240:0: 'ContextCalculus.KMConcreteWorkerAdapters.elcBit_exact' depends on axioms: [propext, Classical.choice, Quot.sound]
info: ContextCalculus/KMConcreteWorkerAdapters.lean:1241:0: 'ContextCalculus.KMConcreteWorkerAdapters.elcAnswer_correct' depends on axioms: [propext, Classical.choice, Quot.sound]
info: ContextCalculus/KMConcreteWorkerAdapters.lean:1242:0: 'ContextCalculus.KMConcreteWorkerAdapters.elcCheck_correct' depends on axioms: [propext, Classical.choice, Quot.sound]
info: ContextCalculus/KMConcreteWorkerAdapters.lean:1243:0: 'ContextCalculus.KMConcreteWorkerAdapters.elcAccept_sound' depends on axioms: [propext, Classical.choice, Quot.sound]
info: ContextCalculus/KMConcreteWorkerAdapters.lean:1244:0: 'ContextCalculus.KMConcreteWorkerAdapters.ELCExecution.worker_soundAt' depends on axioms: [propext,
 Classical.choice,
 Quot.sound]
info: ContextCalculus/KMConcreteWorkerAdapters.lean:1245:0: 'ContextCalculus.KMConcreteWorkerAdapters.finTaxonomyAnswer_correct' depends on axioms: [propext,
 Classical.choice,
 Quot.sound]
info: ContextCalculus/KMConcreteWorkerAdapters.lean:1246:0: 'ContextCalculus.KMConcreteWorkerAdapters.directHTAnswer_correct' depends on axioms: [propext,
 Classical.choice,
 Quot.sound]
info: ContextCalculus/KMConcreteWorkerAdapters.lean:1247:0: 'ContextCalculus.KMConcreteWorkerAdapters.directHTCheck_correct' depends on axioms: [propext,
 Classical.choice,
 Quot.sound]
info: ContextCalculus/KMConcreteWorkerAdapters.lean:1248:0: 'ContextCalculus.KMConcreteWorkerAdapters.directHTAccept_sound' depends on axioms: [propext,
 Classical.choice,
 Quot.sound]
info: ContextCalculus/KMConcreteWorkerAdapters.lean:1249:0: 'ContextCalculus.KMConcreteWorkerAdapters.DirectHTExecution.worker_soundAt' depends on axioms: [propext,
 Classical.choice,
 Quot.sound]
info: ContextCalculus/KMConcreteWorkerAdapters.lean:1250:0: 'ContextCalculus.KMConcreteWorkerAdapters.finBooleanAnswer_correct' depends on axioms: [propext, Quot.sound]
info: ContextCalculus/KMConcreteWorkerAdapters.lean:1251:0: 'ContextCalculus.KMConcreteWorkerAdapters.mixedHTAnswer_correct' depends on axioms: [propext,
 Classical.choice,
 Quot.sound]
info: ContextCalculus/KMConcreteWorkerAdapters.lean:1252:0: 'ContextCalculus.KMConcreteWorkerAdapters.mixedHTCheck_correct' depends on axioms: [propext,
 Classical.choice,
 Quot.sound]
info: ContextCalculus/KMConcreteWorkerAdapters.lean:1253:0: 'ContextCalculus.KMConcreteWorkerAdapters.mixedHTAccept_sound' depends on axioms: [propext,
 Classical.choice,
 Quot.sound]
info: ContextCalculus/KMConcreteWorkerAdapters.lean:1254:0: 'ContextCalculus.KMConcreteWorkerAdapters.MixedHTExecution.worker_soundAt' depends on axioms: [propext,
 Classical.choice,
 Quot.sound]
info: ContextCalculus/KMConcreteWorkerAdapters.lean:1255:0: 'ContextCalculus.KMConcreteWorkerAdapters.bundleHTAnswer_correct' depends on axioms: [propext,
 Classical.choice,
 Quot.sound]
info: ContextCalculus/KMConcreteWorkerAdapters.lean:1256:0: 'ContextCalculus.KMConcreteWorkerAdapters.bundleHTCheck_correct' depends on axioms: [propext,
 Classical.choice,
 Quot.sound]
info: ContextCalculus/KMConcreteWorkerAdapters.lean:1257:0: 'ContextCalculus.KMConcreteWorkerAdapters.bundleHTAccept_sound' depends on axioms: [propext,
 Classical.choice,
 Quot.sound]
info: ContextCalculus/KMConcreteWorkerAdapters.lean:1258:0: 'ContextCalculus.KMConcreteWorkerAdapters.BundleHTExecution.worker_soundAt' depends on axioms: [propext,
 Classical.choice,
 Quot.sound]
info: ContextCalculus/KMConcreteWorkerAdapters.lean:1259:0: 'ContextCalculus.KMConcreteWorkerAdapters.exactCardinalityBit_exact' depends on axioms: [propext,
 Classical.choice,
 Quot.sound]
info: ContextCalculus/KMConcreteWorkerAdapters.lean:1260:0: 'ContextCalculus.KMConcreteWorkerAdapters.directCardinalityHTAnswer_correct' depends on axioms: [propext,
 Classical.choice,
 Quot.sound]
info: ContextCalculus/KMConcreteWorkerAdapters.lean:1261:0: 'ContextCalculus.KMConcreteWorkerAdapters.directCardinalityHTCheck_correct' depends on axioms: [propext,
 Classical.choice,
 Quot.sound]
info: ContextCalculus/KMConcreteWorkerAdapters.lean:1262:0: 'ContextCalculus.KMConcreteWorkerAdapters.directCardinalityHTAccept_sound' depends on axioms: [propext,
 Classical.choice,
 Quot.sound]
info: ContextCalculus/KMConcreteWorkerAdapters.lean:1263:0: 'ContextCalculus.KMConcreteWorkerAdapters.DirectCardinalityHTExecution.worker_soundAt' depends on axioms: [propext,
 Classical.choice,
 Quot.sound]
info: ContextCalculus/KMConcreteWorkerAdapters.lean:1264:0: 'ContextCalculus.KMConcreteWorkerAdapters.mixedCardinalityHTAnswer_correct' depends on axioms: [propext,
 Classical.choice,
 Quot.sound]
info: ContextCalculus/KMConcreteWorkerAdapters.lean:1265:0: 'ContextCalculus.KMConcreteWorkerAdapters.mixedCardinalityHTCheck_correct' depends on axioms: [propext,
 Classical.choice,
 Quot.sound]
info: ContextCalculus/KMConcreteWorkerAdapters.lean:1266:0: 'ContextCalculus.KMConcreteWorkerAdapters.mixedCardinalityHTAccept_sound' depends on axioms: [propext,
 Classical.choice,
 Quot.sound]
info: ContextCalculus/KMConcreteWorkerAdapters.lean:1267:0: 'ContextCalculus.KMConcreteWorkerAdapters.MixedCardinalityHTExecution.worker_soundAt' depends on axioms: [propext,
 Classical.choice,
 Quot.sound]
info: ContextCalculus/KMConcreteWorkerAdapters.lean:1268:0: 'ContextCalculus.KMConcreteWorkerAdapters.bundleCardinalityHTAnswer_correct' depends on axioms: [propext,
 Classical.choice,
 Quot.sound]
info: ContextCalculus/KMConcreteWorkerAdapters.lean:1269:0: 'ContextCalculus.KMConcreteWorkerAdapters.bundleCardinalityHTCheck_correct' depends on axioms: [propext,
 Classical.choice,
 Quot.sound]
info: ContextCalculus/KMConcreteWorkerAdapters.lean:1270:0: 'ContextCalculus.KMConcreteWorkerAdapters.bundleCardinalityHTAccept_sound' depends on axioms: [propext,
 Classical.choice,
 Quot.sound]
info: ContextCalculus/KMConcreteWorkerAdapters.lean:1271:0: 'ContextCalculus.KMConcreteWorkerAdapters.BundleCardinalityHTExecution.worker_soundAt' depends on axioms: [propext,
 Classical.choice,
 Quot.sound]
info: ContextCalculus/KMConcreteWorkerAdapters.lean:1272:0: 'ContextCalculus.KMConcreteWorkerAdapters.htAccept_sound' depends on axioms: [propext, Classical.choice, Quot.sound]
info: ContextCalculus/KMConcreteWorkerAdapters.lean:1273:0: 'ContextCalculus.KMConcreteWorkerAdapters.HTExecution.worker_soundAt' depends on axioms: [propext,
 Classical.choice,
 Quot.sound]
info: ContextCalculus/KMConcreteWorkerAdapters.lean:1274:0: 'ContextCalculus.KMConcreteWorkerAdapters.kmExactAccept_sound' depends on axioms: [propext,
 Classical.choice,
 Quot.sound]
info: ContextCalculus/KMConcreteWorkerAdapters.lean:1275:0: 'ContextCalculus.KMConcreteWorkerAdapters.KMExactExecution.worker_soundAt' depends on axioms: [propext,
 Classical.choice,
 Quot.sound]
info: ContextCalculus/KMConcreteWorkerAdapters.lean:1276:0: 'ContextCalculus.KMConcreteWorkerAdapters.requestedExactAccept_sound' depends on axioms: [propext,
 Classical.choice,
 Quot.sound]
info: ContextCalculus/KMConcreteWorkerAdapters.lean:1277:0: 'ContextCalculus.KMConcreteWorkerAdapters.KMRequestedExecution.worker_soundAt' depends on axioms: [propext,
 Classical.choice,
 Quot.sound]
ℹ [3575/3587] Replayed ContextCalculus.KMConcreteAutomaticSupervisor
info: ContextCalculus/KMConcreteAutomaticSupervisor.lean:104:0: 'ContextCalculus.KMConcreteAutomaticSupervisor.KMRequestedExecution.certifiedProcedure' depends on axioms: [propext,
 Classical.choice,
 Quot.sound]
info: ContextCalculus/KMConcreteAutomaticSupervisor.lean:105:0: 'ContextCalculus.KMConcreteAutomaticSupervisor.ConcreteSupervisor.certified' depends on axioms: [propext,
 Classical.choice,
 Quot.sound]
info: ContextCalculus/KMConcreteAutomaticSupervisor.lean:106:0: 'ContextCalculus.KMConcreteAutomaticSupervisor.ConcreteSupervisor.sound' depends on axioms: [propext,
 Classical.choice,
 Quot.sound]
info: ContextCalculus/KMConcreteAutomaticSupervisor.lean:107:0: 'ContextCalculus.KMConcreteAutomaticSupervisor.ConcreteSupervisor.complete' depends on axioms: [propext,
 Classical.choice,
 Quot.sound]
info: ContextCalculus/KMConcreteAutomaticSupervisor.lean:108:0: 'ContextCalculus.KMConcreteAutomaticSupervisor.ConcreteSupervisor.sound_and_complete' depends on axioms: [propext,
 Classical.choice,
 Quot.sound]
info: ContextCalculus/KMConcreteAutomaticSupervisor.lean:109:0: 'ContextCalculus.KMConcreteAutomaticSupervisor.ConcreteSupervisor.profile_independent_sound' depends on axioms: [propext,
 Classical.choice,
 Quot.sound]
ℹ [3576/3587] Replayed ContextCalculus.HypertableauEqualityFreeDecision
info: ContextCalculus/HypertableauEqualityFreeDecision.lean:146:0: 'ContextCalculus.Hypertableau.CheckedEqualityFreeRoundOutcome.sat_semantics' depends on axioms: [propext, Quot.sound]
info: ContextCalculus/HypertableauEqualityFreeDecision.lean:147:0: 'ContextCalculus.Hypertableau.CheckedEqualityFreeRoundOutcome.unsat_semantics' depends on axioms: [propext,
 Classical.choice,
 Quot.sound]
info: ContextCalculus/HypertableauEqualityFreeDecision.lean:148:0: 'ContextCalculus.Hypertableau.CheckedEqualityFreeRoundOutcome.conclusive_semantics' depends on axioms: [propext,
 Classical.choice,
 Quot.sound]
info: ContextCalculus/HypertableauEqualityFreeDecision.lean:149:0: 'ContextCalculus.Hypertableau.checked_equality_free_doubling_decides' depends on axioms: [propext,
 Classical.choice,
 Quot.sound]
ℹ [3577/3587] Replayed ContextCalculus.HypertableauRegularDecisionTotal
info: ContextCalculus/HypertableauRegularDecisionTotal.lean:868:0: 'ContextCalculus.Hypertableau.CheckedRegularRoundOutcome.regularSat_semantics' depends on axioms: [propext, Quot.sound]
info: ContextCalculus/HypertableauRegularDecisionTotal.lean:869:0: 'ContextCalculus.Hypertableau.CheckedRegularRoundOutcome.finiteSat_semantics' depends on axioms: [propext, Quot.sound]
info: ContextCalculus/HypertableauRegularDecisionTotal.lean:870:0: 'ContextCalculus.Hypertableau.CheckedRegularRoundOutcome.finiteUnsat_semantics' depends on axioms: [propext,
 Classical.choice,
 Quot.sound]
info: ContextCalculus/HypertableauRegularDecisionTotal.lean:871:0: 'ContextCalculus.Hypertableau.CheckedRegularRoundOutcome.finiteUnsat_of_empty_root_refutes' depends on axioms: [propext,
 Classical.choice,
 Quot.sound]
info: ContextCalculus/HypertableauRegularDecisionTotal.lean:872:0: 'ContextCalculus.Hypertableau.CheckedRegularRoundOutcome.frontier_of_address' depends on axioms: [propext,
 Classical.choice,
 Quot.sound]
info: ContextCalculus/HypertableauRegularDecisionTotal.lean:873:0: 'ContextCalculus.Hypertableau.ConstructedRegularRoundOutcome.outcome' depends on axioms: [propext,
 Classical.choice,
 Quot.sound]
info: ContextCalculus/HypertableauRegularDecisionTotal.lean:874:0: 'ContextCalculus.Hypertableau.finiteProductionRoundConstructionSettlement' depends on axioms: [propext,
 Classical.choice,
 Quot.sound]
info: ContextCalculus/HypertableauRegularDecisionTotal.lean:875:0: 'ContextCalculus.Hypertableau.finiteProductionRoundSettlement' depends on axioms: [propext,
 Classical.choice,
 Quot.sound]
info: ContextCalculus/HypertableauRegularDecisionTotal.lean:876:0: 'ContextCalculus.Hypertableau.CheckedRegularRoundOutcome.conclusive_semantics' depends on axioms: [propext,
 Classical.choice,
 Quot.sound]
info: ContextCalculus/HypertableauRegularDecisionTotal.lean:877:0: 'ContextCalculus.Hypertableau.checked_regular_doubling_decides' depends on axioms: [propext,
 Classical.choice,
 Quot.sound]
info: ContextCalculus/HypertableauRegularDecisionTotal.lean:878:0: 'ContextCalculus.Hypertableau.checked_regular_fold_learning_doubling_decides' depends on axioms: [propext,
 Classical.choice,
 Quot.sound]
info: ContextCalculus/HypertableauRegularDecisionTotal.lean:879:0: 'ContextCalculus.Hypertableau.CheckedRegularRoundOutcome.source_semantics_of_equivalent' depends on axioms: [propext,
 Classical.choice,
 Quot.sound]
info: ContextCalculus/HypertableauRegularDecisionTotal.lean:880:0: 'ContextCalculus.Hypertableau.checked_regular_doubling_decides_source' depends on axioms: [propext,
 Classical.choice,
 Quot.sound]
info: ContextCalculus/HypertableauRegularDecisionTotal.lean:881:0: 'ContextCalculus.Hypertableau.checked_regular_fold_learning_doubling_decides_source' depends on axioms: [propext,
 Classical.choice,
 Quot.sound]
info: ContextCalculus/HypertableauRegularDecisionTotal.lean:882:0: 'ContextCalculus.Hypertableau.checked_regular_fresh_fold_producer_decides_source' depends on axioms: [propext,
 Classical.choice,
 Quot.sound]
info: ContextCalculus/HypertableauRegularDecisionTotal.lean:883:0: 'ContextCalculus.Hypertableau.checked_regular_fold_assignment_producer_decides_source' depends on axioms: [propext,
 Classical.choice,
 Quot.sound]
info: ContextCalculus/HypertableauRegularDecisionTotal.lean:884:0: 'ContextCalculus.Hypertableau.checked_regular_scheduled_fold_assignment_producer_decides_source' depends on axioms: [propext,
 Classical.choice,
 Quot.sound]
info: ContextCalculus/HypertableauRegularDecisionTotal.lean:885:0: 'ContextCalculus.Hypertableau.checked_regular_scheduled_fresh_fold_producer_decides_source' depends on axioms: [propext,
 Classical.choice,
 Quot.sound]
info: ContextCalculus/HypertableauRegularDecisionTotal.lean:886:0: 'ContextCalculus.Hypertableau.checked_regular_guarded_fold_producer_decides_source' depends on axioms: [propext,
 Classical.choice,
 Quot.sound]
info: ContextCalculus/HypertableauRegularDecisionTotal.lean:887:0: 'ContextCalculus.Hypertableau.CheckedRegularControlAttempt.frontier_scheduled' depends on axioms: [propext,
 Classical.choice,
 Quot.sound]
info: ContextCalculus/HypertableauRegularDecisionTotal.lean:888:0: 'ContextCalculus.Hypertableau.CheckedRegularControlAttempt.frontier_of_address' depends on axioms: [propext,
 Classical.choice,
 Quot.sound]
info: ContextCalculus/HypertableauRegularDecisionTotal.lean:889:0: 'ContextCalculus.Hypertableau.CheckedRegularControlProducer.frontier_scheduled' depends on axioms: [propext,
 Classical.choice,
 Quot.sound]
info: ContextCalculus/HypertableauRegularDecisionTotal.lean:890:0: 'ContextCalculus.Hypertableau.checked_regular_control_producer_decides_source' depends on axioms: [propext,
 Classical.choice,
 Quot.sound]
ℹ [3578/3587] Replayed ContextCalculus.HypertableauEqualitySearch
info: ContextCalculus/HypertableauEqualitySearch.lean:449:0: 'ContextCalculus.Hypertableau.CheckedEqualityDecisionOutcome.sat_semantics' depends on axioms: [propext,
 Classical.choice,
 Quot.sound]
info: ContextCalculus/HypertableauEqualitySearch.lean:450:0: 'ContextCalculus.Hypertableau.CheckedEqualityDecisionOutcome.closed_semantics' depends on axioms: [propext,
 Classical.choice,
 Quot.sound]
info: ContextCalculus/HypertableauEqualitySearch.lean:451:0: 'ContextCalculus.Hypertableau.CheckedEqualityDecisionOutcome.frontier_of_address' depends on axioms: [propext,
 Classical.choice,
 Quot.sound]
info: ContextCalculus/HypertableauEqualitySearch.lean:452:0: 'ContextCalculus.Hypertableau.CheckedEqualityDecisionOutcome.conclusive_semantics' depends on axioms: [propext,
 Classical.choice,
 Quot.sound]
info: ContextCalculus/HypertableauEqualitySearch.lean:453:0: 'ContextCalculus.Hypertableau.checked_equality_doubling_decides' depends on axioms: [propext,
 Classical.choice,
 Quot.sound]
info: ContextCalculus/HypertableauEqualitySearch.lean:454:0: 'ContextCalculus.Hypertableau.CheckedEqualityDecisionOutcome.source_semantics_of_equivalent' depends on axioms: [propext,
 Classical.choice,
 Quot.sound]
info: ContextCalculus/HypertableauEqualitySearch.lean:455:0: 'ContextCalculus.Hypertableau.checked_equality_doubling_decides_source' depends on axioms: [propext,
 Classical.choice,
 Quot.sound]
info: ContextCalculus/HypertableauEqualitySearch.lean:456:0: 'ContextCalculus.Hypertableau.checked_equality_fold_learning_doubling_decides_source' depends on axioms: [propext,
 Classical.choice,
 Quot.sound]
info: ContextCalculus/HypertableauEqualitySearch.lean:457:0: 'ContextCalculus.Hypertableau.checked_equality_fresh_fold_producer_decides_source' depends on axioms: [propext,
 Classical.choice,
 Quot.sound]
info: ContextCalculus/HypertableauEqualitySearch.lean:458:0: 'ContextCalculus.Hypertableau.checked_equality_fold_assignment_producer_decides_source' depends on axioms: [propext,
 Classical.choice,
 Quot.sound]
info: ContextCalculus/HypertableauEqualitySearch.lean:459:0: 'ContextCalculus.Hypertableau.CheckedEqualityControlAttempt.frontier_scheduled' depends on axioms: [propext,
 Classical.choice,
 Quot.sound]
info: ContextCalculus/HypertableauEqualitySearch.lean:460:0: 'ContextCalculus.Hypertableau.CheckedEqualityControlAttempt.frontier_of_address' depends on axioms: [propext,
 Classical.choice,
 Quot.sound]
info: ContextCalculus/HypertableauEqualitySearch.lean:461:0: 'ContextCalculus.Hypertableau.CheckedEqualityControlProducer.frontier_scheduled' depends on axioms: [propext,
 Classical.choice,
 Quot.sound]
info: ContextCalculus/HypertableauEqualitySearch.lean:462:0: 'ContextCalculus.Hypertableau.checked_equality_scheduled_guarded_fold_producer_decides_source' depends on axioms: [propext,
 Classical.choice,
 Quot.sound]
info: ContextCalculus/HypertableauEqualitySearch.lean:463:0: 'ContextCalculus.Hypertableau.checked_equality_control_producer_decides_source' depends on axioms: [propext,
 Classical.choice,
 Quot.sound]
ℹ [3579/3587] Replayed ContextCalculus.HypertableauDecisionTotal
info: ContextCalculus/HypertableauDecisionTotal.lean:132:0: 'ContextCalculus.Hypertableau.CertifiedHTRoute.decides' depends on axioms: [propext, Classical.choice, Quot.sound]
ℹ [3580/3587] Replayed ContextCalculus.HypertableauNativeABoxSearch
info: ContextCalculus/HypertableauNativeABoxSearch.lean:629:0: 'ContextCalculus.Hypertableau.CheckedNativeABoxCardinalityOutcome.sat_semantics' depends on axioms: [propext,
 Classical.choice,
 Quot.sound]
info: ContextCalculus/HypertableauNativeABoxSearch.lean:630:0: 'ContextCalculus.Hypertableau.CheckedNativeABoxCardinalityOutcome.closed_semantics' depends on axioms: [propext,
 Classical.choice,
 Quot.sound]
info: ContextCalculus/HypertableauNativeABoxSearch.lean:631:0: 'ContextCalculus.Hypertableau.CheckedNativeABoxCardinalityOutcome.frontier_of_address' depends on axioms: [propext,
 Classical.choice,
 Quot.sound]
info: ContextCalculus/HypertableauNativeABoxSearch.lean:632:0: 'ContextCalculus.Hypertableau.CheckedNativeABoxCardinalityControlAttempt.frontier_of_address' depends on axioms: [propext,
 Classical.choice,
 Quot.sound]
info: ContextCalculus/HypertableauNativeABoxSearch.lean:633:0: 'ContextCalculus.Hypertableau.CheckedNativeABoxCardinalityControlProducer.frontier_of_address' depends on axioms: [propext,
 Classical.choice,
 Quot.sound]
info: ContextCalculus/HypertableauNativeABoxSearch.lean:634:0: 'ContextCalculus.Hypertableau.CheckedNativeABoxCardinalityOutcome.source_semantics_of_equivalent' depends on axioms: [propext,
 Classical.choice,
 Quot.sound]
info: ContextCalculus/HypertableauNativeABoxSearch.lean:635:0: 'ContextCalculus.Hypertableau.checked_native_abox_cardinality_doubling_decides_source' depends on axioms: [propext,
 Classical.choice,
 Quot.sound]
info: ContextCalculus/HypertableauNativeABoxSearch.lean:636:0: 'ContextCalculus.Hypertableau.checked_native_abox_cardinality_fold_learning_doubling_decides_source' depends on axioms: [propext,
 Classical.choice,
 Quot.sound]
info: ContextCalculus/HypertableauNativeABoxSearch.lean:637:0: 'ContextCalculus.Hypertableau.checked_native_abox_cardinality_fold_assignment_producer_decides_source' depends on axioms: [propext,
 Classical.choice,
 Quot.sound]
info: ContextCalculus/HypertableauNativeABoxSearch.lean:638:0: 'ContextCalculus.Hypertableau.checked_native_abox_cardinality_guarded_fold_assignment_producer_decides_source' depends on axioms: [propext,
 Classical.choice,
 Quot.sound]
info: ContextCalculus/HypertableauNativeABoxSearch.lean:639:0: 'ContextCalculus.Hypertableau.checked_native_abox_cardinality_fresh_fold_producer_decides_source' depends on axioms: [propext,
 Classical.choice,
 Quot.sound]
info: ContextCalculus/HypertableauNativeABoxSearch.lean:640:0: 'ContextCalculus.Hypertableau.CheckedNativeABoxCardinalityControlAttempt.frontier_scheduled' depends on axioms: [propext,
 Classical.choice,
 Quot.sound]
info: ContextCalculus/HypertableauNativeABoxSearch.lean:641:0: 'ContextCalculus.Hypertableau.CheckedNativeABoxCardinalityControlProducer.frontier_scheduled' depends on axioms: [propext,
 Classical.choice,
 Quot.sound]
info: ContextCalculus/HypertableauNativeABoxSearch.lean:642:0: 'ContextCalculus.Hypertableau.checked_native_abox_cardinality_control_producer_decides_source' depends on axioms: [propext,
 Classical.choice,
 Quot.sound]
ℹ [3581/3587] Replayed ContextCalculus.HypertableauEqualityBlockedSearch
info: ContextCalculus/HypertableauEqualityBlockedSearch.lean:108:0: 'ContextCalculus.Hypertableau.hasModel_of_hasCheckedEqFoldModel' depends on axioms: [propext,
 Classical.choice,
 Quot.sound]
info: ContextCalculus/HypertableauEqualityBlockedSearch.lean:109:0: 'ContextCalculus.Hypertableau.EqBoundedSearchOutcome.semantic_or_frontier' depends on axioms: [propext,
 Classical.choice,
 Quot.sound]
info: ContextCalculus/HypertableauEqualityBlockedSearch.lean:110:0: 'ContextCalculus.Hypertableau.finite_eqRuntime_decides_with_checked_folds' depends on axioms: [propext,
 Classical.choice,
 Quot.sound]
info: ContextCalculus/HypertableauEqualityBlockedSearch.lean:111:0: 'ContextCalculus.Hypertableau.finite_eqRuntime_decides_of_no_frontier' depends on axioms: [propext,
 Classical.choice,
 Quot.sound]
ℹ [3582/3587] Replayed ContextCalculus.HypertableauCardinalityClosedCompleteness
info: ContextCalculus/HypertableauCardinalityClosedCompleteness.lean:306:0: 'ContextCalculus.Hypertableau.ClosedDistinctCardinalityRefutes.exists_checkClosed_tree' depends on axioms: [propext,
 Classical.choice,
 Quot.sound]
ℹ [3583/3591] Replayed ContextCalculus.HypertableauProductionTraceWire
info: ContextCalculus/HypertableauProductionTraceWire.lean:174:0: 'ContextCalculus.Hypertableau.WireProductionExecutionTrace.validFrom_of_checks' depends on axioms: [propext,
 Classical.choice,
 Quot.sound]
info: ContextCalculus/HypertableauProductionTraceWire.lean:175:0: 'ContextCalculus.Hypertableau.WireProductionExecutionTrace.check_validFrom_empty' depends on axioms: [propext,
 Classical.choice,
 Quot.sound]
info: ContextCalculus/HypertableauProductionTraceWire.lean:176:0: 'ContextCalculus.Hypertableau.WireProductionExecutionTrace.check_first_transition' depends on axioms: [propext,
 Classical.choice,
 Quot.sound]
ℹ [3584/3591] Replayed ContextCalculus.HypertableauProductionDecisionTotal
info: ContextCalculus/HypertableauProductionDecisionTotal.lean:2552:0: 'ContextCalculus.Hypertableau.CertifiedHTProductionGlobalRoute.decides' depends on axioms: [propext,
 Classical.choice,
 Quot.sound]
info: ContextCalculus/HypertableauProductionDecisionTotal.lean:2553:0: 'ContextCalculus.Hypertableau.CertifiedHTAssignmentProductionGlobalRoute.decides' depends on axioms: [propext,
 Classical.choice,
 Quot.sound]
info: ContextCalculus/HypertableauProductionDecisionTotal.lean:2554:0: 'ContextCalculus.Hypertableau.checked_regular_doubling_execution_decides_source' depends on axioms: [propext,
 Classical.choice,
 Quot.sound]
info: ContextCalculus/HypertableauProductionDecisionTotal.lean:2555:0: 'ContextCalculus.Hypertableau.checked_equality_doubling_execution_decides_source' depends on axioms: [propext,
 Classical.choice,
 Quot.sound]
info: ContextCalculus/HypertableauProductionDecisionTotal.lean:2556:0: 'ContextCalculus.Hypertableau.checked_cardinality_doubling_execution_decides_source' depends on axioms: [propext,
 Classical.choice,
 Quot.sound]
info: ContextCalculus/HypertableauProductionDecisionTotal.lean:2557:0: 'ContextCalculus.Hypertableau.checked_native_abox_doubling_execution_decides_source' depends on axioms: [propext,
 Classical.choice,
 Quot.sound]
info: ContextCalculus/HypertableauProductionDecisionTotal.lean:2558:0: 'ContextCalculus.Hypertableau.nativeABoxProductionFrontier_of_address' depends on axioms: [propext,
 Classical.choice,
 Quot.sound]
info: ContextCalculus/HypertableauProductionDecisionTotal.lean:2559:0: 'ContextCalculus.Hypertableau.classifyNativeABoxAddressFrontier' depends on axioms: [propext,
 Classical.choice,
 Quot.sound]
info: ContextCalculus/HypertableauProductionDecisionTotal.lean:2560:0: 'ContextCalculus.Hypertableau.checked_regular_runtime_through_decides_source' depends on axioms: [propext,
 Classical.choice,
 Quot.sound]
info: ContextCalculus/HypertableauProductionDecisionTotal.lean:2561:0: 'ContextCalculus.Hypertableau.checked_equality_runtime_through_decides_source' depends on axioms: [propext,
 Classical.choice,
 Quot.sound]
info: ContextCalculus/HypertableauProductionDecisionTotal.lean:2562:0: 'ContextCalculus.Hypertableau.checked_cardinality_runtime_through_decides_source' depends on axioms: [propext,
 Classical.choice,
 Quot.sound]
info: ContextCalculus/HypertableauProductionDecisionTotal.lean:2563:0: 'ContextCalculus.Hypertableau.checked_native_abox_runtime_through_decides_source' depends on axioms: [propext,
 Classical.choice,
 Quot.sound]
info: ContextCalculus/HypertableauProductionDecisionTotal.lean:2564:0: 'ContextCalculus.Hypertableau.checked_regular_runtime_eventually_conclusive' depends on axioms: [propext,
 Classical.choice,
 Quot.sound]
info: ContextCalculus/HypertableauProductionDecisionTotal.lean:2565:0: 'ContextCalculus.Hypertableau.checked_regular_runtime_decides_source' depends on axioms: [propext,
 Classical.choice,
 Quot.sound]
info: ContextCalculus/HypertableauProductionDecisionTotal.lean:2566:0: 'ContextCalculus.Hypertableau.RegularBudgetOutcomeConstruction.classify' depends on axioms: [propext,
 Classical.choice,
 Quot.sound]
info: ContextCalculus/HypertableauProductionDecisionTotal.lean:2567:0: 'ContextCalculus.Hypertableau.ConstructedRegularRoundOutcome.toBudgetConstruction' depends on axioms: [propext,
 Classical.choice,
 Quot.sound]
info: ContextCalculus/HypertableauProductionDecisionTotal.lean:2568:0: 'ContextCalculus.Hypertableau.finiteProductionRoundBudgetConstructionSettlement' depends on axioms: [propext,
 Classical.choice,
 Quot.sound]
info: ContextCalculus/HypertableauProductionDecisionTotal.lean:2569:0: 'ContextCalculus.Hypertableau.CartesianFoldExpansionRuntime.ofConstructedRegularFiniteSearch' depends on axioms: [propext,
 Classical.choice,
 Quot.sound]
info: ContextCalculus/HypertableauProductionDecisionTotal.lean:2570:0: 'ContextCalculus.Hypertableau.checked_regular_runtime_decides_source_of_construction' depends on axioms: [propext,
 Classical.choice,
 Quot.sound]
info: ContextCalculus/HypertableauProductionDecisionTotal.lean:2571:0: 'ContextCalculus.Hypertableau.checked_constructed_regular_runtime_decides_source' depends on axioms: [propext,
 Classical.choice,
 Quot.sound]
info: ContextCalculus/HypertableauProductionDecisionTotal.lean:2572:0: 'ContextCalculus.Hypertableau.checked_regular_finite_search_decides_source' depends on axioms: [propext,
 Classical.choice,
 Quot.sound]
info: ContextCalculus/HypertableauProductionDecisionTotal.lean:2573:0: 'ContextCalculus.Hypertableau.checked_equality_runtime_eventually_conclusive' depends on axioms: [propext,
 Classical.choice,
 Quot.sound]
info: ContextCalculus/HypertableauProductionDecisionTotal.lean:2574:0: 'ContextCalculus.Hypertableau.checked_equality_runtime_decides_source' depends on axioms: [propext,
 Classical.choice,
 Quot.sound]
info: ContextCalculus/HypertableauProductionDecisionTotal.lean:2575:0: 'ContextCalculus.Hypertableau.EqualityBudgetOutcomeConstruction.classify' depends on axioms: [propext,
 Classical.choice,
 Quot.sound]
info: ContextCalculus/HypertableauProductionDecisionTotal.lean:2576:0: 'ContextCalculus.Hypertableau.finiteEqualityRoundBudgetConstruction' depends on axioms: [propext,
 Classical.choice,
 Quot.sound]
info: ContextCalculus/HypertableauProductionDecisionTotal.lean:2577:0: 'ContextCalculus.Hypertableau.CartesianFoldExpansionRuntime.ofConstructedEqualityFiniteSearch' depends on axioms: [propext,
 Classical.choice,
 Quot.sound]
info: ContextCalculus/HypertableauProductionDecisionTotal.lean:2578:0: 'ContextCalculus.Hypertableau.checked_equality_runtime_decides_source_of_construction' depends on axioms: [propext,
 Classical.choice,
 Quot.sound]
info: ContextCalculus/HypertableauProductionDecisionTotal.lean:2579:0: 'ContextCalculus.Hypertableau.checked_constructed_equality_runtime_decides_source' depends on axioms: [propext,
 Classical.choice,
 Quot.sound]
info: ContextCalculus/HypertableauProductionDecisionTotal.lean:2580:0: 'ContextCalculus.Hypertableau.checked_equality_finite_search_decides_source' depends on axioms: [propext,
 Classical.choice,
 Quot.sound]
info: ContextCalculus/HypertableauProductionDecisionTotal.lean:2581:0: 'ContextCalculus.Hypertableau.checked_cardinality_runtime_eventually_conclusive' depends on axioms: [propext,
 Classical.choice,
 Quot.sound]
info: ContextCalculus/HypertableauProductionDecisionTotal.lean:2582:0: 'ContextCalculus.Hypertableau.checked_cardinality_runtime_decides_source' depends on axioms: [propext,
 Classical.choice,
 Quot.sound]
info: ContextCalculus/HypertableauProductionDecisionTotal.lean:2583:0: 'ContextCalculus.Hypertableau.CardinalityBudgetOutcomeConstruction.classify' depends on axioms: [propext,
 Classical.choice,
 Quot.sound]
info: ContextCalculus/HypertableauProductionDecisionTotal.lean:2584:0: 'ContextCalculus.Hypertableau.finiteCardinalityRoundBudgetConstruction' depends on axioms: [propext,
 Classical.choice,
 Quot.sound]
info: ContextCalculus/HypertableauProductionDecisionTotal.lean:2585:0: 'ContextCalculus.Hypertableau.CartesianFoldExpansionRuntime.ofConstructedCardinalityFiniteSearch' depends on axioms: [propext,
 Classical.choice,
 Quot.sound]
info: ContextCalculus/HypertableauProductionDecisionTotal.lean:2586:0: 'ContextCalculus.Hypertableau.ConstructedCardinalityFiniteSearchFamily.runtime' depends on axioms: [propext,
 Classical.choice,
 Quot.sound]
info: ContextCalculus/HypertableauProductionDecisionTotal.lean:2587:0: 'ContextCalculus.Hypertableau.checked_cardinality_runtime_decides_source_of_construction' depends on axioms: [propext,
 Classical.choice,
 Quot.sound]
info: ContextCalculus/HypertableauProductionDecisionTotal.lean:2588:0: 'ContextCalculus.Hypertableau.checked_constructed_cardinality_runtime_decides_source' depends on axioms: [propext,
 Classical.choice,
 Quot.sound]
info: ContextCalculus/HypertableauProductionDecisionTotal.lean:2589:0: 'ContextCalculus.Hypertableau.checked_cardinality_finite_search_decides_source' depends on axioms: [propext,
 Classical.choice,
 Quot.sound]
info: ContextCalculus/HypertableauProductionDecisionTotal.lean:2590:0: 'ContextCalculus.Hypertableau.checked_native_abox_runtime_eventually_conclusive' depends on axioms: [propext,
 Classical.choice,
 Quot.sound]
info: ContextCalculus/HypertableauProductionDecisionTotal.lean:2591:0: 'ContextCalculus.Hypertableau.checked_native_abox_runtime_decides_source' depends on axioms: [propext,
 Classical.choice,
 Quot.sound]
info: ContextCalculus/HypertableauProductionDecisionTotal.lean:2592:0: 'ContextCalculus.Hypertableau.NativeABoxBudgetOutcomeConstruction.classify' depends on axioms: [propext,
 Classical.choice,
 Quot.sound]
info: ContextCalculus/HypertableauProductionDecisionTotal.lean:2593:0: 'ContextCalculus.Hypertableau.finiteNativeABoxRoundBudgetConstruction' depends on axioms: [propext,
 Classical.choice,
 Quot.sound]
info: ContextCalculus/HypertableauProductionDecisionTotal.lean:2594:0: 'ContextCalculus.Hypertableau.CartesianFoldExpansionRuntime.ofConstructedNativeABoxFiniteSearch' depends on axioms: [propext,
 Classical.choice,
 Quot.sound]
info: ContextCalculus/HypertableauProductionDecisionTotal.lean:2595:0: 'ContextCalculus.Hypertableau.ConstructedNativeABoxFiniteSearchFamily.runtime' depends on axioms: [propext,
 Classical.choice,
 Quot.sound]
info: ContextCalculus/HypertableauProductionDecisionTotal.lean:2596:0: 'ContextCalculus.Hypertableau.checked_native_abox_runtime_decides_source_of_construction' depends on axioms: [propext,
 Classical.choice,
 Quot.sound]
info: ContextCalculus/HypertableauProductionDecisionTotal.lean:2597:0: 'ContextCalculus.Hypertableau.checked_constructed_native_abox_runtime_decides_source' depends on axioms: [propext,
 Classical.choice,
 Quot.sound]
info: ContextCalculus/HypertableauProductionDecisionTotal.lean:2598:0: 'ContextCalculus.Hypertableau.checked_native_abox_finite_search_decides_source' depends on axioms: [propext,
 Classical.choice,
 Quot.sound]
ℹ [3585/3591] Replayed ContextCalculus.HypertableauProductionGlobalPublication
info: ContextCalculus/HypertableauProductionGlobalPublication.lean:46:0: 'ContextCalculus.Hypertableau.CertifiedHTGlobalVerdict.publish' depends on axioms: [propext]
info: ContextCalculus/HypertableauProductionGlobalPublication.lean:47:0: 'ContextCalculus.Hypertableau.CertifiedHTAssignmentProductionGlobalRoute.publishesExactly' depends on axioms: [propext,
 Classical.choice,
 Quot.sound]
info: ContextCalculus/HypertableauProductionGlobalPublication.lean:48:0: 'ContextCalculus.Hypertableau.ExactBooleanGlobalPublication.false_iff' depends on axioms: [propext]
⚠ [3586/3591] Replayed ContextCalculus.HypertableauDisjointUnionABoxProjection
warning: ContextCalculus/HypertableauDisjointUnionABoxProjection.lean:200:52: try 'simp' instead of 'simpa'

Note: This linter can be disabled with `set_option linter.unnecessarySimpa false`
warning: ContextCalculus/HypertableauDisjointUnionABoxProjection.lean:201:52: try 'simp' instead of 'simpa'

Note: This linter can be disabled with `set_option linter.unnecessarySimpa false`
info: ContextCalculus/HypertableauDisjointUnionABoxProjection.lean:563:0: 'ContextCalculus.Hypertableau.NativeABox.modelAmalgamationFor_of_maskedDisjointUnionClosed' depends on axioms: [propext]
info: ContextCalculus/HypertableauDisjointUnionABoxProjection.lean:564:0: 'ContextCalculus.Hypertableau.Clause.maskedDisjointUnionClosed_of_maskedComponentLocal' depends on axioms: [propext,
 Quot.sound]
info: ContextCalculus/HypertableauDisjointUnionABoxProjection.lean:565:0: 'ContextCalculus.Hypertableau.Interp.maskedDisjointUnionClosed_of_maskedComponentLocal' depends on axioms: [propext,
 Quot.sound]
info: ContextCalculus/HypertableauDisjointUnionABoxProjection.lean:566:0: 'ContextCalculus.Hypertableau.Interp.maskedDisjointUnionClosed_of_all_clauses' depends on axioms: [propext]
info: ContextCalculus/HypertableauDisjointUnionABoxProjection.lean:567:0: 'ContextCalculus.Hypertableau.Clause.maskedDisjointUnionClosed_iff_singleton' depends on axioms: [propext]
info: ContextCalculus/HypertableauDisjointUnionABoxProjection.lean:568:0: 'ContextCalculus.Hypertableau.NativeABox.entailsSubWith_iff_entailsSub_of_modelAmalgamationFor' depends on axioms: [propext,
 Classical.choice,
 Quot.sound]
info: ContextCalculus/HypertableauDisjointUnionABoxProjection.lean:569:0: 'ContextCalculus.Hypertableau.NativeABox.entailsSubWith_iff_entailsSub_of_modelAmalgamation' depends on axioms: [propext,
 Classical.choice,
 Quot.sound]
ℹ [3587/3591] Replayed ContextCalculus.ABoxBooleanInclusion
info: ContextCalculus/ABoxBooleanInclusion.lean:50:0: 'ContextCalculus.ABoxBooleanInclusion.union_operand_included' does not depend on any axioms
info: ContextCalculus/ABoxBooleanInclusion.lean:51:0: 'ContextCalculus.ABoxBooleanInclusion.intersection_operand_included' does not depend on any axioms
info: ContextCalculus/ABoxBooleanInclusion.lean:52:0: 'ContextCalculus.ABoxBooleanInclusion.equivalence_directions' does not depend on any axioms
info: ContextCalculus/ABoxBooleanInclusion.lean:53:0: 'ContextCalculus.ABoxBooleanInclusion.inclusion_transitive' does not depend on any axioms
info: ContextCalculus/ABoxBooleanInclusion.lean:54:0: 'ContextCalculus.ABoxBooleanInclusion.asserted_disjoint_clash' does not depend on any axioms
info: ContextCalculus/ABoxBooleanInclusion.lean:55:0: 'ContextCalculus.ABoxBooleanInclusion.inconsistent_subset' does not depend on any axioms
ℹ [3588/3592] Replayed ContextCalculus.KMIncrementalExplanationCertification
info: ContextCalculus/KMIncrementalExplanationCertification.lean:201:0: 'ContextCalculus.KMIncrementalExplanationCertification.IncrementalRevisionPublication.exact' depends on axioms: [propext,
 Classical.choice,
 Quot.sound]
info: ContextCalculus/KMIncrementalExplanationCertification.lean:202:0: 'ContextCalculus.KMIncrementalExplanationCertification.CheckedCell.answer_iff_entails' depends on axioms: [propext,
 Classical.choice,
 Quot.sound]
info: ContextCalculus/KMIncrementalExplanationCertification.lean:203:0: 'ContextCalculus.KMIncrementalExplanationCertification.CheckedCell.entailed' depends on axioms: [propext,
 Classical.choice,
 Quot.sound]
info: ContextCalculus/KMIncrementalExplanationCertification.lean:204:0: 'ContextCalculus.KMIncrementalExplanationCertification.CheckedCell.notEntailed' depends on axioms: [propext,
 Classical.choice,
 Quot.sound]
info: ContextCalculus/KMIncrementalExplanationCertification.lean:205:0: 'ContextCalculus.KMIncrementalExplanationCertification.entails_mono' does not depend on any axioms
info: ContextCalculus/KMIncrementalExplanationCertification.lean:206:0: 'ContextCalculus.KMIncrementalExplanationCertification.CertifiedExplanation.entails' depends on axioms: [propext,
 Classical.choice,
 Quot.sound]
info: ContextCalculus/KMIncrementalExplanationCertification.lean:207:0: 'ContextCalculus.KMIncrementalExplanationCertification.CertifiedExplanation.oneDeletionMinimal' depends on axioms: [propext,
 Classical.choice,
 Quot.sound]
info: ContextCalculus/KMIncrementalExplanationCertification.lean:208:0: 'ContextCalculus.KMIncrementalExplanationCertification.CertifiedExplanation.subsetMinimal' depends on axioms: [propext,
 Classical.choice,
 Quot.sound]
info: ContextCalculus/KMIncrementalExplanationCertification.lean:209:0: 'ContextCalculus.KMIncrementalExplanationCertification.CheckedGlobal.inconsistent' depends on axioms: [propext]
info: ContextCalculus/KMIncrementalExplanationCertification.lean:210:0: 'ContextCalculus.KMIncrementalExplanationCertification.CheckedGlobal.satisfiable' does not depend on any axioms
info: ContextCalculus/KMIncrementalExplanationCertification.lean:211:0: 'ContextCalculus.KMIncrementalExplanationCertification.satisfiable_of_included' does not depend on any axioms
info: ContextCalculus/KMIncrementalExplanationCertification.lean:212:0: 'ContextCalculus.KMIncrementalExplanationCertification.CertifiedInconsistencyExplanation.inconsistent' depends on axioms: [propext]
info: ContextCalculus/KMIncrementalExplanationCertification.lean:213:0: 'ContextCalculus.KMIncrementalExplanationCertification.CertifiedInconsistencyExplanation.subsetMinimal' depends on axioms: [propext]
ℹ [3589/3593] Replayed ContextCalculus.KMAtomicABoxPublication
info: ContextCalculus/KMAtomicABoxPublication.lean:266:0: 'ContextCalculus.KMAtomicABoxPublication.singleClass_of_oneClass' does not depend on any axioms
info: ContextCalculus/KMAtomicABoxPublication.lean:267:0: 'ContextCalculus.KMAtomicABoxPublication.conflicting_rows_decline' does not depend on any axioms
info: ContextCalculus/KMAtomicABoxPublication.lean:268:0: 'ContextCalculus.KMAtomicABoxPublication.singleClass_map_of_injective' depends on axioms: [propext, Quot.sound]
info: ContextCalculus/KMAtomicABoxPublication.lean:269:0: 'ContextCalculus.KMAtomicABoxPublication.atomicSatisfiable_of_singleClass' depends on axioms: [propext, Quot.sound]
info: ContextCalculus/KMAtomicABoxPublication.lean:270:0: 'ContextCalculus.KMAtomicABoxPublication.atomicSatisfiable_iff_classes' depends on axioms: [propext, Quot.sound]
info: ContextCalculus/KMAtomicABoxPublication.lean:271:0: 'ContextCalculus.KMAtomicABoxPublication.nativeAtomic_models' depends on axioms: [propext, Quot.sound]
info: ContextCalculus/KMAtomicABoxPublication.lean:272:0: 'ContextCalculus.KMAtomicABoxPublication.nativeAtomic_fullSatisfiable' depends on axioms: [propext, Quot.sound]
info: ContextCalculus/KMAtomicABoxPublication.lean:273:0: 'ContextCalculus.KMAtomicABoxPublication.nativeAtomic_taxonomy_exact' depends on axioms: [propext,
 Classical.choice,
 Quot.sound]
info: ContextCalculus/KMAtomicABoxPublication.lean:274:0: 'ContextCalculus.KMAtomicABoxPublication.publish_frontend_false' depends on axioms: [propext]
info: ContextCalculus/KMAtomicABoxPublication.lean:275:0: 'ContextCalculus.KMAtomicABoxPublication.publish_frontend_clash' depends on axioms: [propext]
info: ContextCalculus/KMAtomicABoxPublication.lean:276:0: 'ContextCalculus.KMAtomicABoxPublication.publish_consistent_iff' depends on axioms: [propext]
info: ContextCalculus/KMAtomicABoxPublication.lean:277:0: 'ContextCalculus.KMAtomicABoxPublication.direct_disjoint_assertions_inconsistent' depends on axioms: [propext,
 Quot.sound]
ℹ [3590/3593] Replayed ContextCalculus.EndpointTransitivity
info: ContextCalculus/EndpointTransitivity.lean:50:0: 'ContextCalculus.EndpointTransitivity.reach_transitive' does not depend on any axioms
info: ContextCalculus/EndpointTransitivity.lean:51:0: 'ContextCalculus.EndpointTransitivity.domain_preserved' does not depend on any axioms
info: ContextCalculus/EndpointTransitivity.lean:52:0: 'ContextCalculus.EndpointTransitivity.range_preserved' does not depend on any axioms
info: ContextCalculus/EndpointTransitivity.lean:53:0: 'ContextCalculus.EndpointTransitivity.transitive_model_extension' does not depend on any axioms
ℹ [3591/3597] Replayed ContextCalculus.EndpointRoleHierarchy
info: ContextCalculus/EndpointRoleHierarchy.lean:44:0: 'ContextCalculus.EndpointTransitivity.reach_inclusion' does not depend on any axioms
info: ContextCalculus/EndpointRoleHierarchy.lean:45:0: 'ContextCalculus.EndpointTransitivity.reach_inverse_inclusion' does not depend on any axioms
info: ContextCalculus/EndpointRoleHierarchy.lean:46:0: 'ContextCalculus.EndpointTransitivity.selective_inclusion' does not depend on any axioms
info: ContextCalculus/EndpointRoleHierarchy.lean:47:0: 'ContextCalculus.EndpointTransitivity.selective_inverse_inclusion' does not depend on any axioms
ℹ [3592/3597] Replayed ContextCalculus.GuardedTransitivity
info: ContextCalculus/GuardedTransitivity.lean:40:0: 'ContextCalculus.EndpointTransitivity.recognition_reaches' does not depend on any axioms
info: ContextCalculus/GuardedTransitivity.lean:41:0: 'ContextCalculus.EndpointTransitivity.guarded_consumer_preserved' does not depend on any axioms
info: ContextCalculus/GuardedTransitivity.lean:42:0: 'ContextCalculus.EndpointTransitivity.recognition_extension' does not depend on any axioms
ℹ [3593/3597] Replayed ContextCalculus.AbsorbingTransitivity
info: ContextCalculus/AbsorbingTransitivity.lean:36:0: 'ContextCalculus.EndpointTransitivity.left_reach_absorption' does not depend on any axioms
info: ContextCalculus/AbsorbingTransitivity.lean:37:0: 'ContextCalculus.EndpointTransitivity.left_absorption_reach_target' does not depend on any axioms
info: ContextCalculus/AbsorbingTransitivity.lean:38:0: 'ContextCalculus.EndpointTransitivity.left_absorption_both_reach' does not depend on any axioms
info: ContextCalculus/AbsorbingTransitivity.lean:39:0: 'ContextCalculus.EndpointTransitivity.selective_left_absorption' does not depend on any axioms
ℹ [3594/3597] Replayed ContextCalculus.DLSafeGroundRuleNormalization
info: ContextCalculus/DLSafeGroundRuleNormalization.lean:45:0: 'ContextCalculus.DLSafeGroundRuleNormalization.singleton_link_lift' does not depend on any axioms
info: ContextCalculus/DLSafeGroundRuleNormalization.lean:46:0: 'ContextCalculus.DLSafeGroundRuleNormalization.canonical_link_exists' does not depend on any axioms
info: ContextCalculus/DLSafeGroundRuleNormalization.lean:47:0: 'ContextCalculus.DLSafeGroundRuleNormalization.anchored_implication_iff' does not depend on any axioms
info: ContextCalculus/DLSafeGroundRuleNormalization.lean:48:0: 'ContextCalculus.DLSafeGroundRuleNormalization.named_grounding_iff' does not depend on any axioms
info: ContextCalculus/DLSafeGroundRuleNormalization.lean:167:0: 'ContextCalculus.DLSafeGroundRuleNormalization.ground_family_extension_iff' does not depend on any axioms
info: ContextCalculus/DLSafeGroundRuleNormalization.lean:168:0: 'ContextCalculus.DLSafeGroundRuleNormalization.ground_atom_exact' does not depend on any axioms
info: ContextCalculus/DLSafeGroundRuleNormalization.lean:169:0: 'ContextCalculus.DLSafeGroundRuleNormalization.conjunction_exact' does not depend on any axioms
info: ContextCalculus/DLSafeGroundRuleNormalization.lean:170:0: 'ContextCalculus.DLSafeGroundRuleNormalization.consequent_exact' does not depend on any axioms
info: ContextCalculus/DLSafeGroundRuleNormalization.lean:171:0: 'ContextCalculus.DLSafeGroundRuleNormalization.grounded_rule_exact' does not depend on any axioms
ℹ [3596/3605] Replayed ContextCalculus.HTCommonRoutingWire
info: ContextCalculus/HTCommonRoutingWire.lean:97:0: 'ContextCalculus.HTCommonRoutingWire.WireHTCommonSource.check_sound' depends on axioms: [propext,
 Classical.choice,
 Quot.sound]
ℹ [3597/3605] Replayed ContextCalculus.HTRoutingSource
info: ContextCalculus/HTRoutingSource.lean:73:0: 'ContextCalculus.HTRoutingSource.Source.models_iff_target' depends on axioms: [propext, Classical.choice, Quot.sound]
info: ContextCalculus/HTRoutingSource.lean:74:0: 'ContextCalculus.HTRoutingSource.Source.entailsSub_iff_target' depends on axioms: [propext,
 Classical.choice,
 Quot.sound]
info: ContextCalculus/HTRoutingSource.lean:124:0: 'ContextCalculus.HTRoutingSource.CardinalitySource.models_iff_target' depends on axioms: [propext,
 Classical.choice,
 Quot.sound]
info: ContextCalculus/HTRoutingSource.lean:125:0: 'ContextCalculus.HTRoutingSource.CardinalitySource.entailsSub_iff_target' depends on axioms: [propext,
 Classical.choice,
 Quot.sound]
ℹ [3602/3605] Replayed KMAutomaticRoutingCheck
info: KMAutomaticRoutingCheck.lean:6:0: 'ContextCalculus.KMAutomaticRouting.WireSelection.check_sound' depends on axioms: [propext, Quot.sound]
Build completed successfully (3605 jobs).
