arm	ontology	km_wall_s	external_wall_s	km_peak_mib	external_peak_mib
elk	ore_ont_10016.owl	0.8033	2.9082	30.54	942.98
elk	ore_ont_10032.owl	5.1701	2.046	1180.57	776.43
elk	ore_ont_10056.owl	0.0409	0.5031	7.5	113.99
elk	ore_ont_10073.owl	12.2219	2.2692	1147.01	721.33
elk	ore_ont_1012.owl	0.4154	3.3624	10.16	1329.24
elk	ore_ont_10123.owl	0.4062	0.956	90.88	256.04
elk	ore_ont_10127.owl	1.1901	0.9048	206.96	428.23
elk	ore_ont_10134.owl	0.041	0.6454	9.38	163.88
elk	ore_ont_10146.owl	0.1588	0.7079	39.95	181.55
elk	ore_ont_10160.owl	0.041	0.6833	10.55	180.0
elk	ore_ont_1017.owl	0.0411	0.5823	9.06	164.49
elk	ore_ont_10175.owl	2.8728	1.7772	180.26	734.5
elk	ore_ont_10212.owl	0.0715	0.6087	18.12	198.86
elk	ore_ont_10242.owl	0.3236	0.8762	132.56	245.52
elk	ore_ont_10248.owl	2.9692	2.0251	268.24	886.95
elk	ore_ont_10280.owl	0.1385	0.9068	23.05	273.61
elk	ore_ont_10283.owl	0.0417	0.6029	8.44	160.59
elk	ore_ont_10309.owl	0.0414	0.5236	6.88	130.72
elk	ore_ont_10314.owl	0.0416	0.5564	8.34	139.35
elk	ore_ont_10321.owl	0.0415	0.5325	9.58	134.77
elk	ore_ont_1034.owl	0.041	0.5183	8.54	132.89
elk	ore_ont_10362.owl	0.0719	0.5599	17.81	136.99
elk	ore_ont_10389.owl	0.1907	0.9022	30.84	294.25
elk	ore_ont_10413.owl	0.0413	0.5459	8.57	134.14
elk	ore_ont_10445.owl	1.4402	2.2696	14.09	836.29
elk	ore_ont_105.owl	0.0411	0.5188	6.25	134.44
elk	ore_ont_10516.owl	0.0409	0.567	8.12	137.19
elk	ore_ont_10536.owl	0.0408	0.5125	7.19	132.66
elk	ore_ont_10689.owl	4.894	12.34	267.25	5170.0
elk	ore_ont_10697.owl	2.2235	1.1197	326.4	595.62
elk	ore_ont_10742.owl	0.0709	0.7103	14.3	211.59
elk	ore_ont_10749.owl	0.4715	0.8306	258.48	207.19
elk	ore_ont_10750.owl	0.3915	3.552	10.16	1361.5
elk	ore_ont_10769.owl	0.0409	0.5242	8.44	92.33
elk	ore_ont_10778.owl	1.774	1.5303	132.09	583.17
elk	ore_ont_10781.owl	0.6828	0.7195	551.84	182.22
elk	ore_ont_10806.owl	0.1352	0.9535	29.62	300.32
elk	ore_ont_1082.owl	1.0778	1.2894	95.05	607.37
elk	ore_ont_10833.owl	0.0415	0.5375	8.75	134.84
elk	ore_ont_10890.owl	0.1608	0.9835	26.5	335.38
elk	ore_ont_10908.owl	0.169	0.6887	68.89	170.95
elk	ore_ont_10951.owl	0.138	0.694	29.43	220.61
elk	ore_ont_10968.owl	0.0708	0.7247	15.96	217.23
elk	ore_ont_11009.owl	0.0712	0.6026	14.38	160.63
elk	ore_ont_11010.owl	0.0415	0.556	7.81	135.05
elk	ore_ont_11014.owl	0.0413	0.5924	9.06	164.75
elk	ore_ont_11016.owl	0.3219	0.5926	188.89	145.22
elk	ore_ont_11081.owl	0.7644	1.0685	58.56	478.8
elk	ore_ont_11140.owl	0.0719	0.7406	18.99	220.69
elk	ore_ont_11207.owl	1.1729	0.9394	205.31	413.4
elk	ore_ont_11291.owl	0.0723	0.5478	14.06	136.87
elk	ore_ont_11293.owl	2.9208	2.0295	263.61	809.89
elk	ore_ont_11311.owl	1.8608	1.1922	300.06	562.47
elk	ore_ont_11315.owl	12.8925	2.7182	907.39	1034.69
elk	ore_ont_11316.owl	0.2502	0.7139	64.96	190.86
elk	ore_ont_11389.owl	0.3021	1.776	14.5	704.62
elk	ore_ont_11395.owl	1.3211	12.6076	122.68	3029.0
elk	ore_ont_11452.owl	0.2225	0.8382	32.79	235.77
elk	ore_ont_11497.owl	0.041	0.5478	8.75	138.39
elk	ore_ont_11502.owl	0.3121	1.0315	46.81	297.64
elk	ore_ont_11504.owl	0.041	0.5067	6.56	135.23
elk	ore_ont_11519.owl	2.5817	2.098	211.23	845.7
elk	ore_ont_11522.owl	0.0424	0.5248	9.06	140.84
elk	ore_ont_11523.owl	0.0418	0.5535	8.12	137.21
elk	ore_ont_11526.owl	0.0417	0.5228	10.2	140.01
elk	ore_ont_11559.owl	1.2436	1.6681	142.05	633.18
elk	ore_ont_11577.owl	0.0897	0.5553	10.41	142.68
elk	ore_ont_11619.owl	0.0744	0.7401	15.57	218.25
elk	ore_ont_11639.owl	0.0419	0.5498	5.94	135.17
elk	ore_ont_11739.owl	2.063	4.8363	18.75	2344.79
elk	ore_ont_11745.owl	11.5604	2.7688	3551.01	1239.88
elk	ore_ont_11778.owl	1.9898	2.2882	213.8	801.8
elk	ore_ont_11866.owl	0.0416	0.5182	8.12	133.88
elk	ore_ont_11889.owl	0.0717	0.5542	10.43	155.98
elk	ore_ont_11978.owl	0.0417	0.52	9.06	137.35
elk	ore_ont_12007.owl	0.041	0.5526	6.56	133.27
elk	ore_ont_12009.owl	0.0417	0.595	9.69	169.72
elk	ore_ont_12087.owl	3.7793	2.836	363.05	849.45
elk	ore_ont_1212.owl	0.2247	0.6751	47.58	242.53
elk	ore_ont_12149.owl	0.7686	1.2018	73.73	643.46
elk	ore_ont_12161.owl	0.2221	0.8648	32.69	301.28
elk	ore_ont_12194.owl	0.2834	1.017	45.64	380.6
elk	ore_ont_12281.owl	0.0712	0.7827	11.18	179.09
elk	ore_ont_12387.owl	4.358	3.2375	422.03	966.44
elk	ore_ont_12397.owl	0.0412	0.7493	10.55	185.63
elk	ore_ont_12405.owl	0.2217	0.7527	64.27	207.45
elk	ore_ont_12414.owl	4.9557	1.6176	476.87	662.12
elk	ore_ont_12528.owl	1.077	2.4289	120.92	1180.82
elk	ore_ont_12653.owl	0.1029	0.6195	48.67	136.89
elk	ore_ont_1272.owl	2.7409	1.4873	676.85	614.91
elk	ore_ont_12776.owl	0.1057	0.709	16.18	230.87
elk	ore_ont_12802.owl	0.2522	0.9418	62.5	302.24
elk	ore_ont_12831.owl	0.0412	0.6357	7.5	155.64
elk	ore_ont_12906.owl	0.0413	0.5389	5.94	132.1
elk	ore_ont_13000.owl	0.1612	0.7866	31.8	262.75
elk	ore_ont_13035.owl	0.074	0.6455	79.02	157.68
elk	ore_ont_13053.owl	0.0416	0.5355	7.19	140.15
elk	ore_ont_1306.owl	0.3019	2.763	9.62	1272.37
elk	ore_ont_13066.owl	0.0431	0.5476	8.13	132.96
elk	ore_ont_13071.owl	1.4159	1.1494	393.61	455.03
elk	ore_ont_13113.owl	0.1068	0.6584	45.37	178.86
elk	ore_ont_13132.owl	0.0737	0.5439	61.55	138.49
elk	ore_ont_13141.owl	0.1012	0.8066	18.68	227.91
elk	ore_ont_13204.owl	0.0414	0.5147	6.88	131.54
elk	ore_ont_13224.owl	5.9622	2.076	358.57	1142.52
elk	ore_ont_13234.owl	0.0413	0.5728	6.88	151.15
elk	ore_ont_13243.owl	1.5906	1.4878	135.48	615.24
elk	ore_ont_13277.owl	0.0413	0.5306	7.19	136.08
elk	ore_ont_13301.owl	0.0416	0.6073	6.88	108.54
elk	ore_ont_13355.owl	1.1769	5.077	78.28	1680.1
elk	ore_ont_13392.owl	0.0417	0.5434	8.95	136.52
elk	ore_ont_1340.owl	0.2801	0.7417	115.41	235.61
elk	ore_ont_13429.owl	0.0412	0.5411	5.94	132.84
elk	ore_ont_13444.owl	0.1641	0.6719	84.29	196.85
elk	ore_ont_13482.owl	0.504	4.8671	15.48	1572.77
elk	ore_ont_13503.owl	0.0417	0.5357	11.03	131.9
elk	ore_ont_13530.owl	0.0413	0.5545	6.88	132.31
elk	ore_ont_1357.owl	1.7334	1.6657	190.35	667.59
elk	ore_ont_13578.owl	0.0413	0.6978	10.0	185.22
elk	ore_ont_13621.owl	0.34	0.8114	134.74	247.16
elk	ore_ont_13643.owl	0.0418	0.5245	5.94	132.32
elk	ore_ont_13664.owl	0.7055	1.2313	77.72	398.42
elk	ore_ont_1370.owl	2.9877	1.8387	258.98	695.32
elk	ore_ont_13752.owl	0.2666	0.9173	40.09	289.0
elk	ore_ont_13755.owl	0.1024	0.7164	30.72	205.58
elk	ore_ont_13759.owl	0.0412	0.5722	9.46	133.55
elk	ore_ont_13762.owl	0.1657	0.5585	151.55	138.62
elk	ore_ont_13772.owl	0.0411	0.5565	8.62	136.77
elk	ore_ont_13840.owl	0.1004	0.7714	19.62	239.09
elk	ore_ont_13852.owl	0.1897	0.9923	50.24	261.78
elk	ore_ont_13887.owl	0.072	0.549	10.45	156.44
elk	ore_ont_13902.owl	0.0704	1.0585	5.0	498.25
elk	ore_ont_13964.owl	0.0405	1.0275	5.0	377.64
elk	ore_ont_13969.owl	2.7382	2.2727	211.17	937.19
elk	ore_ont_14027.owl	0.1323	0.8594	30.14	294.92
elk	ore_ont_14031.owl	0.0713	0.7288	11.18	187.5
elk	ore_ont_14042.owl	1.2516	16.3304	120.67	3014.62
elk	ore_ont_14123.owl	0.0416	0.6117	9.38	170.18
elk	ore_ont_14153.owl	0.1299	0.6772	40.27	179.28
elk	ore_ont_14194.owl	0.3218	0.8696	136.26	245.65
elk	ore_ont_1420.owl	0.0411	0.4847	7.5	134.39
elk	ore_ont_14216.owl	0.1286	1.6901	7.5	745.66
elk	ore_ont_14273.owl	0.0421	0.5488	7.96	136.93
elk	ore_ont_14280.owl	0.1869	0.8562	32.39	299.74
elk	ore_ont_14312.owl	2.65	1.4472	593.29	587.19
elk	ore_ont_14327.owl	0.0412	0.5968	6.56	134.05
elk	ore_ont_14375.owl	0.5255	0.7754	96.08	288.78
elk	ore_ont_14450.owl	0.2838	0.7887	114.21	245.23
elk	ore_ont_14459.owl	4.0276	13.6857	216.18	4069.36
elk	ore_ont_14508.owl	0.0414	1.1735	5.0	397.19
elk	ore_ont_14518.owl	0.0438	0.5458	7.5	135.51
elk	ore_ont_14543.owl	1.2763	1.3995	129.88	644.99
elk	ore_ont_14574.owl	0.1855	0.7249	30.0	222.58
elk	ore_ont_14587.owl	0.1625	0.855	27.43	320.8
elk	ore_ont_14607.owl	0.8395	1.612	11.18	679.31
elk	ore_ont_1473.owl	0.0431	0.6425	8.12	162.63
elk	ore_ont_1481.owl	2.4546	0.6835	322.0	212.39
elk	ore_ont_14826.owl	0.0414	0.5504	8.98	137.15
elk	ore_ont_14840.owl	0.0419	0.6688	9.38	173.48
elk	ore_ont_14848.owl	0.0426	0.5834	8.44	139.57
elk	ore_ont_14901.owl	0.0512	0.6118	8.75	160.79
elk	ore_ont_14926.owl	0.0387	0.5717	6.25	135.62
elk	ore_ont_1493.owl	0.1319	0.7993	21.49	305.31
elk	ore_ont_14934.owl	0.8575	1.4548	107.03	604.48
elk	ore_ont_1494.owl	0.041	0.5694	8.44	151.28
elk	ore_ont_1501.owl	0.1603	0.8519	31.49	255.02
elk	ore_ont_15059.owl	3.3784	19.2245	70.29	4826.74
elk	ore_ont_15068.owl	0.041	0.5261	5.94	133.96
elk	ore_ont_15098.owl	0.0719	0.6705	21.34	192.55
elk	ore_ont_15099.owl	0.0697	1.1608	3.75	435.32
elk	ore_ont_15145.owl	0.0419	0.5513	5.94	133.68
elk	ore_ont_15152.owl	0.1908	0.72	54.22	208.55
elk	ore_ont_15172.owl	2.3287	1.8727	290.65	678.07
elk	ore_ont_15178.owl	0.453	1.0886	87.63	318.26
elk	ore_ont_15222.owl	0.0995	0.7367	23.2	221.02
elk	ore_ont_15231.owl	0.0415	0.553	7.19	146.93
elk	ore_ont_15260.owl	0.2208	0.9087	39.65	333.09
elk	ore_ont_15280.owl	0.4741	4.3298	11.41	1563.37
elk	ore_ont_15288.owl	0.1023	0.8282	24.07	245.48
elk	ore_ont_15292.owl	0.0419	0.694	11.18	183.47
elk	ore_ont_15341.owl	0.0997	0.7642	19.71	244.47
elk	ore_ont_15388.owl	1.4578	1.5196	130.07	616.09
elk	ore_ont_15397.owl	0.0411	0.5827	7.81	165.58
elk	ore_ont_15399.owl	0.0385	0.5118	7.19	122.07
elk	ore_ont_15461.owl	0.0422	0.5248	10.0	131.04
elk	ore_ont_15516.owl	0.1598	0.6142	25.06	102.9
elk	ore_ont_15536.owl	0.7142	0.7974	136.38	328.43
elk	ore_ont_1555.owl	0.162	0.8502	111.72	237.27
elk	ore_ont_15576.owl	0.0418	0.525	6.25	132.78
elk	ore_ont_1559.owl	2.7676	18.8857	96.45	3884.16
elk	ore_ont_15615.owl	0.5169	0.7995	283.39	254.2
elk	ore_ont_15696.owl	2.2182	2.1207	180.65	820.32
elk	ore_ont_15703.owl	2.8293	7.3035	53.8	2394.62
elk	ore_ont_15725.owl	1.6371	1.0464	252.35	549.38
elk	ore_ont_1579.owl	7.7444	2.7573	821.56	1407.47
elk	ore_ont_15790.owl	0.3808	1.1219	53.62	406.27
elk	ore_ont_15791.owl	0.435	0.7011	78.75	261.75
elk	ore_ont_15793.owl	0.2856	0.9646	72.84	289.12
elk	ore_ont_15803.owl	1.5136	12.6967	109.79	2650.97
elk	ore_ont_15846.owl	11.5607	2.9604	1058.43	1403.38
elk	ore_ont_15860.owl	0.074	0.7292	10.28	189.0
elk	ore_ont_15882.owl	0.0419	0.5972	6.25	132.84
elk	ore_ont_15917.owl	0.0999	0.7687	19.8	236.6
elk	ore_ont_15929.owl	2.982	1.6922	263.31	812.33
elk	ore_ont_15932.owl	0.133	0.8185	34.3	207.07
elk	ore_ont_15944.owl	0.1009	0.7347	18.68	238.84
elk	ore_ont_15950.owl	0.0413	0.6932	10.0	166.98
elk	ore_ont_15968.owl	0.0718	0.7717	17.13	177.18
elk	ore_ont_15976.owl	4.6411	2.8331	363.59	917.77
elk	ore_ont_15985.owl	0.0411	0.577	9.38	162.14
elk	ore_ont_16008.owl	3.5768	8.1735	191.96	3181.9
elk	ore_ont_1603.owl	4.8142	0.6174	481.91	175.77
elk	ore_ont_16076.owl	0.043	0.5462	7.19	137.18
elk	ore_ont_16114.owl	0.1626	0.9199	32.01	319.59
elk	ore_ont_16167.owl	0.0416	0.5141	8.75	133.79
elk	ore_ont_1618.owl	0.0414	0.5209	14.81	136.19
elk	ore_ont_16299.owl	0.2205	0.8733	34.22	266.95
elk	ore_ont_16303.owl	4.1201	0.8442	2098.83	291.94
elk	ore_ont_16312.owl	0.0413	0.6446	8.44	159.98
elk	ore_ont_16351.owl	0.0419	0.5167	7.19	136.74
elk	ore_ont_16444.owl	9.1775	2.134	1911.52	922.99
elk	ore_ont_16462.owl	10.5861	3.7743	2112.84	1430.4
elk	ore_ont_16501.owl	0.0418	0.595	8.75	155.91
elk	ore_ont_16558.owl	0.1376	0.7886	18.37	255.73
elk	ore_ont_16559.owl	0.0422	0.9375	4.38	329.24
elk	ore_ont_16596.owl	4.2812	2.8055	362.37	877.77
elk	ore_ont_16619.owl	0.3964	0.9847	49.25	401.0
elk	ore_ont_16626.owl	0.0413	0.5842	7.19	139.48
elk	ore_ont_1666.owl	0.1279	0.7462	28.34	242.73
elk	ore_ont_16684.owl	0.0704	1.4871	4.69	496.48
elk	ore_ont_16687.owl	0.4329	1.1045	68.76	383.38
elk	ore_ont_16730.owl	0.0431	0.5453	6.56	142.94
elk	ore_ont_16744.owl	10.4773	34.9231	69.98	9231.7
elk	ore_ont_16777.owl	0.0424	0.5519	8.75	136.62
elk	ore_ont_16821.owl	0.0442	0.5785	7.5	152.76
elk	ore_ont_178.owl	0.1064	0.5175	34.16	137.0
elk	ore_ont_1793.owl	0.071	0.5633	8.75	143.1
elk	ore_ont_1902.owl	0.0412	0.5078	8.75	135.84
elk	ore_ont_1967.owl	0.0412	0.4916	7.19	130.63
elk	ore_ont_1970.owl	0.1598	0.8642	26.8	263.83
elk	ore_ont_2011.owl	0.0409	0.5768	9.06	162.73
elk	ore_ont_2036.owl	0.0435	0.4975	6.88	136.23
elk	ore_ont_2046.owl	0.1321	1.4367	6.38	644.44
elk	ore_ont_2066.owl	0.0435	0.513	6.88	135.34
elk	ore_ont_2105.owl	0.0415	0.7964	5.0	302.97
elk	ore_ont_2128.owl	0.2842	0.907	36.8	305.52
elk	ore_ont_2129.owl	0.4144	0.7661	85.05	249.93
elk	ore_ont_2195.owl	0.1122	0.5243	34.1	145.27
elk	ore_ont_2228.owl	0.0408	0.5185	8.75	134.54
elk	ore_ont_2237.owl	0.0415	0.5243	8.52	135.09
elk	ore_ont_2243.owl	0.2714	1.8511	14.79	721.73
elk	ore_ont_2253.owl	0.1564	1.6632	7.43	704.43
elk	ore_ont_2266.owl	0.0407	0.5917	9.38	164.65
elk	ore_ont_2317.owl	0.3112	1.0241	52.18	311.19
elk	ore_ont_2333.owl	0.1339	0.6813	49.09	207.99
elk	ore_ont_2361.owl	5.0317	1.581	449.63	689.71
elk	ore_ont_2377.owl	0.0989	0.6777	17.12	203.81
elk	ore_ont_2378.owl	0.0433	0.5942	8.44	173.09
elk	ore_ont_2397.owl	2.0631	1.3601	510.52	601.5
elk	ore_ont_2440.owl	0.0707	0.6504	11.18	193.64
elk	ore_ont_2453.owl	0.3129	0.5864	69.05	170.36
elk	ore_ont_2469.owl	2.8675	2.4124	234.33	796.99
elk	ore_ont_2485.owl	0.0406	0.4913	7.19	132.92
elk	ore_ont_2491.owl	0.0432	1.0689	3.44	338.56
elk	ore_ont_2496.owl	0.0428	0.7043	11.14	185.41
elk	ore_ont_2497.owl	0.2081	0.9419	31.8	311.16
elk	ore_ont_2557.owl	0.0412	0.4834	8.31	136.67
elk	ore_ont_2569.owl	0.0707	0.7027	12.43	200.66
elk	ore_ont_258.owl	0.0405	0.5182	5.94	134.74
elk	ore_ont_2591.owl	0.279	0.8689	73.74	303.03
elk	ore_ont_2627.owl	1.2563	1.189	299.65	418.64
elk	ore_ont_2632.owl	1.7728	1.5444	461.56	578.01
elk	ore_ont_2654.owl	0.0411	0.5283	8.49	136.64
elk	ore_ont_2661.owl	0.3437	1.1902	56.18	401.75
elk	ore_ont_2662.owl	0.0404	0.5426	7.5	137.5
elk	ore_ont_2669.owl	0.1597	0.5527	25.62	148.0
elk	ore_ont_2672.owl	0.0409	0.61	8.44	156.25
elk	ore_ont_2678.owl	0.0731	0.5382	63.44	138.17
elk	ore_ont_269.owl	0.0693	1.1909	4.69	443.2
elk	ore_ont_2713.owl	0.0404	0.5676	8.12	136.88
elk	ore_ont_2720.owl	0.0417	0.5816	8.44	153.4
elk	ore_ont_2744.owl	0.1288	0.6157	71.79	148.82
elk	ore_ont_2753.owl	0.0409	0.5327	7.5	138.53
elk	ore_ont_2803.owl	3.1908	1.8544	190.28	744.99
elk	ore_ont_2828.owl	6.9702	2.7197	375.12	818.41
elk	ore_ont_2860.owl	0.2272	0.5517	139.38	149.2
elk	ore_ont_2876.owl	0.0412	0.5259	6.88	133.54
elk	ore_ont_3082.owl	0.0414	0.5307	5.62	133.41
elk	ore_ont_3106.owl	0.1296	0.9015	23.87	275.02
elk	ore_ont_3164.owl	2.6125	1.2763	442.96	636.16
elk	ore_ont_3177.owl	0.1601	0.9044	27.31	268.88
elk	ore_ont_3231.owl	0.0713	0.5693	35.0	156.0
elk	ore_ont_3259.owl	0.0704	0.5531	9.04	144.5
elk	ore_ont_3260.owl	0.0449	0.5247	12.17	137.03
elk	ore_ont_33.owl	0.2492	0.9021	34.61	307.16
elk	ore_ont_3313.owl	0.0408	0.619	9.93	169.66
elk	ore_ont_3349.owl	0.0411	0.5865	9.06	165.33
elk	ore_ont_3377.owl	1.9119	10.3183	110.39	2757.91
elk	ore_ont_338.owl	0.0414	0.4876	8.75	138.49
elk	ore_ont_3406.owl	0.3752	0.8518	56.07	329.89
elk	ore_ont_3414.owl	4.5773	1.446	981.27	605.98
elk	ore_ont_3418.owl	0.0415	0.5523	9.06	143.78
elk	ore_ont_3463.owl	0.0408	0.5159	5.94	135.09
elk	ore_ont_3480.owl	0.1917	0.9295	37.43	329.85
elk	ore_ont_3524.owl	2.0479	9.7317	53.43	2684.45
elk	ore_ont_3560.owl	1.3963	5.5473	74.36	1517.31
elk	ore_ont_3635.owl	0.0409	0.6638	9.38	173.8
elk	ore_ont_3640.owl	0.0715	0.6406	15.35	177.47
elk	ore_ont_3658.owl	3.2489	1.5337	546.83	688.23
elk	ore_ont_3712.owl	0.131	0.8126	26.81	306.84
elk	ore_ont_3770.owl	0.0413	0.5356	8.75	139.0
elk	ore_ont_3784.owl	0.2229	0.7491	64.61	218.12
elk	ore_ont_3797.owl	0.1319	0.8331	29.3	278.19
elk	ore_ont_380.owl	0.041	0.579	9.62	164.28
elk	ore_ont_3836.owl	1.9597	7.0646	41.48	2303.37
elk	ore_ont_3842.owl	0.0423	0.5264	8.07	134.41
elk	ore_ont_3905.owl	0.251	0.7385	110.39	245.07
elk	ore_ont_3909.owl	0.0405	0.4847	6.88	132.67
elk	ore_ont_3931.owl	0.0716	0.6561	24.27	185.86
elk	ore_ont_394.owl	0.0702	0.5524	28.91	146.26
elk	ore_ont_3954.owl	0.7712	1.1337	129.61	542.26
elk	ore_ont_3978.owl	0.071	0.6089	12.19	165.88
elk	ore_ont_4033.owl	0.0694	1.1694	5.0	596.14
elk	ore_ont_4054.owl	2.6124	1.7715	207.88	712.92
elk	ore_ont_412.owl	0.0736	0.7806	16.03	242.86
elk	ore_ont_4187.owl	3.8283	1.6016	645.5	709.34
elk	ore_ont_4205.owl	1.5269	4.5914	43.86	1477.73
elk	ore_ont_4226.owl	0.1603	0.7752	31.8	251.67
elk	ore_ont_4235.owl	0.2844	1.1031	48.1	337.55
elk	ore_ont_4382.owl	0.0412	0.5458	8.44	143.62
elk	ore_ont_4383.owl	0.1004	0.7071	16.8	191.0
elk	ore_ont_4400.owl	0.0412	0.5474	7.5	151.91
elk	ore_ont_443.owl	0.0703	0.7336	22.12	246.23
elk	ore_ont_4460.owl	0.1615	0.9195	27.19	300.68
elk	ore_ont_4487.owl	0.8538	1.4689	105.43	606.52
elk	ore_ont_4527.owl	0.041	0.7379	10.87	189.82
elk	ore_ont_4557.owl	0.1278	1.6417	7.19	656.0
elk	ore_ont_457.owl	0.0701	0.611	13.75	159.53
elk	ore_ont_4572.owl	4.0555	2.146	293.52	689.76
elk	ore_ont_4578.owl	0.1317	0.913	24.3	271.27
elk	ore_ont_4617.owl	1.2258	1.543	151.62	659.93
elk	ore_ont_4655.owl	0.1025	0.7084	31.2	216.65
elk	ore_ont_4662.owl	0.1616	0.8276	34.88	289.81
elk	ore_ont_4671.owl	0.0407	0.5369	9.32	149.58
elk	ore_ont_4724.owl	0.0415	0.498	7.94	133.42
elk	ore_ont_4732.owl	0.1325	0.8353	26.8	310.16
elk	ore_ont_4755.owl	7.6668	1.9618	743.73	705.18
elk	ore_ont_4767.owl	0.0434	0.556	7.81	136.46
elk	ore_ont_4782.owl	1.0091	1.4528	121.68	622.95
elk	ore_ont_4798.owl	0.1005	0.7141	23.65	224.75
elk	ore_ont_4802.owl	3.0793	1.8379	232.6	897.93
elk	ore_ont_4856.owl	0.0414	0.5818	7.5	130.83
elk	ore_ont_4897.owl	0.071	0.5909	9.63	138.07
elk	ore_ont_5002.owl	0.1667	0.8528	31.36	254.27
elk	ore_ont_5057.owl	0.0405	0.6117	9.69	164.64
elk	ore_ont_508.owl	0.0409	0.5196	7.5	135.04
elk	ore_ont_5080.owl	0.07	0.7399	11.18	197.07
elk	ore_ont_5089.owl	0.0417	0.5817	7.81	139.88
elk	ore_ont_5090.owl	0.0414	0.5313	6.88	132.21
elk	ore_ont_5103.owl	1.1449	0.8637	142.03	357.37
elk	ore_ont_5164.owl	0.0417	0.5285	9.35	140.84
elk	ore_ont_5184.owl	0.0729	0.5495	43.58	144.13
elk	ore_ont_5197.owl	0.0707	0.721	14.93	228.51
elk	ore_ont_5220.owl	0.0408	0.5765	7.43	150.24
elk	ore_ont_5255.owl	0.0411	0.5331	6.88	133.23
elk	ore_ont_5266.owl	0.0416	0.6444	10.31	171.05
elk	ore_ont_5292.owl	0.0415	0.4989	9.67	134.12
elk	ore_ont_5404.owl	0.041	0.5434	18.44	138.79
elk	ore_ont_544.owl	0.0998	0.6399	17.5	188.84
elk	ore_ont_5462.owl	0.2219	0.7632	64.12	221.72
elk	ore_ont_5485.owl	0.041	0.6278	10.56	183.29
elk	ore_ont_5487.owl	0.2932	0.9281	44.22	313.1
elk	ore_ont_5519.owl	1.3966	3.1648	68.37	1360.4
elk	ore_ont_5549.owl	4.9824	1.6401	450.06	672.14
elk	ore_ont_5566.owl	3.0153	2.7152	305.99	805.68
elk	ore_ont_5572.owl	0.0417	0.5412	8.75	136.99
elk	ore_ont_5602.owl	0.1291	1.6108	7.46	757.33
elk	ore_ont_5612.owl	2.9986	1.8041	268.26	891.66
elk	ore_ont_566.owl	0.0419	0.6319	8.99	165.37
elk	ore_ont_5665.owl	0.0413	0.5133	8.44	142.0
elk	ore_ont_5742.owl	0.0412	0.5212	5.62	135.04
elk	ore_ont_5755.owl	0.9884	1.1423	129.77	554.07
elk	ore_ont_5760.owl	0.1576	1.6899	7.43	723.85
elk	ore_ont_5781.owl	2.7777	2.2292	337.01	695.04
elk	ore_ont_5792.owl	0.1627	0.7432	27.3	252.81
elk	ore_ont_5815.owl	0.042	1.0642	5.0	340.19
elk	ore_ont_5852.owl	0.0411	0.4878	5.62	137.73
elk	ore_ont_5927.owl	2.4509	2.1075	201.2	895.41
elk	ore_ont_5940.owl	0.1016	0.617	12.57	164.65
elk	ore_ont_5965.owl	0.2814	0.8736	73.28	299.16
elk	ore_ont_5966.owl	0.0409	0.5589	7.19	133.62
elk	ore_ont_5974.owl	0.2792	0.9429	73.12	291.32
elk	ore_ont_6024.owl	0.0418	0.5305	9.06	132.62
elk	ore_ont_6076.owl	0.4312	0.8862	49.1	395.1
elk	ore_ont_6102.owl	0.2156	0.752	48.88	290.36
elk	ore_ont_6198.owl	0.3949	0.9422	40.24	322.57
elk	ore_ont_6207.owl	0.0417	0.5379	7.81	131.67
elk	ore_ont_6212.owl	2.5614	8.2739	84.24	2655.75
elk	ore_ont_6223.owl	0.7275	1.9431	68.38	688.76
elk	ore_ont_6226.owl	0.0726	0.5886	25.1	175.8
elk	ore_ont_6230.owl	0.1702	0.7999	30.94	268.85
elk	ore_ont_6233.owl	0.2909	2.7973	8.75	1260.23
elk	ore_ont_6310.owl	0.5127	1.0737	69.09	421.44
elk	ore_ont_6358.owl	0.1621	0.92	27.74	313.29
elk	ore_ont_637.owl	0.0412	0.5434	8.75	149.21
elk	ore_ont_6417.owl	0.042	0.5631	9.06	136.79
elk	ore_ont_6423.owl	0.2839	0.7549	76.39	233.92
elk	ore_ont_6433.owl	0.2231	0.8877	38.88	343.43
elk	ore_ont_6453.owl	0.283	0.8862	73.03	306.87
elk	ore_ont_6477.owl	0.3316	3.2135	27.2	1163.33
elk	ore_ont_6566.owl	0.0708	0.6147	13.37	181.86
elk	ore_ont_6589.owl	0.0438	0.5088	7.45	141.71
elk	ore_ont_6659.owl	0.7909	1.2121	75.25	564.18
elk	ore_ont_6682.owl	24.7556	4.1119	5077.37	1368.69
elk	ore_ont_6696.owl	0.0409	0.6092	9.38	151.47
elk	ore_ont_670.owl	0.0705	0.659	12.12	176.75
elk	ore_ont_6720.owl	0.0432	0.5506	9.06	150.49
elk	ore_ont_6722.owl	3.2367	1.8636	378.7	731.47
elk	ore_ont_6735.owl	0.0412	0.5173	6.25	133.93
elk	ore_ont_6751.owl	0.2195	0.909	30.82	307.04
elk	ore_ont_6796.owl	0.0546	0.544	7.5	136.72
elk	ore_ont_6812.owl	0.0412	0.5377	5.94	132.7
elk	ore_ont_6817.owl	0.0416	0.6537	10.25	166.54
elk	ore_ont_6855.owl	0.0425	0.5116	19.01	133.28
elk	ore_ont_6869.owl	0.1608	0.9006	26.49	304.51
elk	ore_ont_6870.owl	0.2806	0.9463	43.37	272.05
elk	ore_ont_6934.owl	0.1123	0.6032	52.31	185.1
elk	ore_ont_7003.owl	0.0418	0.526	8.31	134.63
elk	ore_ont_703.owl	0.0405	0.5453	8.12	159.67
elk	ore_ont_7052.owl	0.0413	0.6273	11.8	182.8
elk	ore_ont_7120.owl	0.0427	0.6662	10.87	178.61
elk	ore_ont_7127.owl	8.9391	2.5747	1959.93	1067.79
elk	ore_ont_7169.owl	0.0413	0.581	8.44	162.11
elk	ore_ont_7195.owl	0.2552	0.7595	40.46	272.11
elk	ore_ont_7218.owl	0.1	0.7159	19.55	241.88
elk	ore_ont_7220.owl	0.041	0.5979	8.75	155.08
elk	ore_ont_7234.owl	0.222	0.8702	39.94	326.39
elk	ore_ont_7246.owl	1.3724	5.3136	24.87	3534.08
elk	ore_ont_725.owl	0.0411	0.6018	9.69	170.28
elk	ore_ont_7251.owl	0.1308	0.8708	28.7	225.15
elk	ore_ont_7256.owl	0.0703	1.2691	4.69	430.05
elk	ore_ont_7270.owl	0.0412	0.5241	7.19	136.43
elk	ore_ont_7300.owl	1.5105	1.3406	363.5	467.01
elk	ore_ont_7340.owl	2.6455	2.5354	301.0	759.47
elk	ore_ont_7343.owl	0.2135	1.315	4.92	638.81
elk	ore_ont_7409.owl	7.1444	2.8719	1671.8	1200.78
elk	ore_ont_7417.owl	0.0418	0.5425	7.5	139.75
elk	ore_ont_7418.owl	0.0698	0.5451	9.04	140.36
elk	ore_ont_7439.owl	0.1626	0.8146	31.49	262.24
elk	ore_ont_7482.owl	0.0423	0.4784	7.19	133.85
elk	ore_ont_7493.owl	0.6421	1.186	74.16	634.33
elk	ore_ont_7567.owl	2.169	2.0761	227.86	775.78
elk	ore_ont_7576.owl	0.0426	0.547	7.81	136.04
elk	ore_ont_7581.owl	17.6839	4.0737	4252.74	1910.53
elk	ore_ont_7608.owl	0.2244	1.2334	42.6	353.2
elk	ore_ont_7639.owl	0.0413	0.5506	7.81	138.41
elk	ore_ont_7663.owl	0.0408	0.5196	6.88	140.93
elk	ore_ont_7716.owl	0.3409	0.958	52.47	369.72
elk	ore_ont_7726.owl	0.3711	0.9372	46.34	282.97
elk	ore_ont_7728.owl	1.8759	1.8682	203.13	762.27
elk	ore_ont_7775.owl	0.3456	0.674	135.86	214.63
elk	ore_ont_7831.owl	0.0415	1.0316	3.75	367.17
elk	ore_ont_7868.owl	5.2412	2.4669	390.95	1201.06
elk	ore_ont_7890.owl	0.041	0.5137	6.56	138.65
elk	ore_ont_795.owl	3.4673	1.8461	239.34	749.9
elk	ore_ont_7956.owl	5.3321	1.9419	1314.57	740.62
elk	ore_ont_7993.owl	0.1573	1.8029	7.12	707.98
elk	ore_ont_8021.owl	0.0419	0.5469	9.67	167.82
elk	ore_ont_8068.owl	5.1133	1.4856	454.95	666.27
elk	ore_ont_8135.owl	0.0415	0.5753	9.06	124.35
elk	ore_ont_8145.owl	0.2431	1.4348	4.92	632.36
elk	ore_ont_8169.owl	0.0411	0.5169	7.19	93.66
elk	ore_ont_8175.owl	0.0712	0.6714	10.55	194.3
elk	ore_ont_8298.owl	0.0708	0.6896	10.87	171.61
elk	ore_ont_8329.owl	0.1066	0.7851	20.24	200.93
elk	ore_ont_8347.owl	0.6473	0.9865	159.87	298.8
elk	ore_ont_8369.owl	0.0419	0.5397	8.49	136.76
elk	ore_ont_840.owl	0.7024	1.43	83.17	648.8
elk	ore_ont_8462.owl	0.0421	0.5737	8.55	90.61
elk	ore_ont_8480.owl	1.6921	1.4711	321.34	577.33
elk	ore_ont_8486.owl	4.2665	13.7145	227.79	4194.0
elk	ore_ont_8492.owl	0.2019	0.7678	31.49	251.64
elk	ore_ont_8557.owl	0.1297	1.2552	4.92	552.81
elk	ore_ont_8579.owl	0.2297	0.9187	50.82	310.12
elk	ore_ont_8634.owl	1.24	1.382	115.53	605.57
elk	ore_ont_8641.owl	0.1313	0.7647	24.86	252.02
elk	ore_ont_8667.owl	0.0401	0.5079	6.56	133.31
elk	ore_ont_868.owl	4.7157	12.6636	269.11	5871.01
elk	ore_ont_869.owl	0.0699	0.7245	11.18	210.9
elk	ore_ont_8730.owl	0.0717	0.5416	10.09	150.75
elk	ore_ont_8737.owl	8.8792	37.1815	60.14	6669.34
elk	ore_ont_8744.owl	0.0701	0.6362	12.39	196.57
elk	ore_ont_8759.owl	0.1307	0.7455	17.11	234.3
elk	ore_ont_8792.owl	0.2227	0.8797	40.88	345.39
elk	ore_ont_8806.owl	0.042	0.5186	7.81	137.52
elk	ore_ont_8864.owl	0.5452	0.8363	111.36	289.27
elk	ore_ont_8937.owl	0.0411	0.4999	7.5	134.0
elk	ore_ont_8974.owl	0.0415	0.5355	7.5	131.14
elk	ore_ont_8982.owl	2.7405	2.5223	292.79	772.62
elk	ore_ont_9002.owl	0.0416	0.5698	8.75	142.87
elk	ore_ont_9014.owl	0.7042	0.9236	203.67	247.52
elk	ore_ont_9020.owl	0.131	0.5796	20.86	202.86
elk	ore_ont_9031.owl	0.0412	0.5198	7.19	134.73
elk	ore_ont_935.owl	0.4439	0.9516	49.82	383.76
elk	ore_ont_9400.owl	8.9722	3.3978	735.67	1066.9
elk	ore_ont_9435.owl	0.0714	0.6781	14.62	223.57
elk	ore_ont_947.owl	0.1593	0.8187	26.49	279.57
elk	ore_ont_9498.owl	1.3249	5.3533	89.82	1670.42
elk	ore_ont_9499.owl	8.4223	4.7602	784.59	1147.67
elk	ore_ont_9509.owl	0.0416	0.4896	5.94	136.16
elk	ore_ont_9513.owl	0.3587	0.9497	43.06	334.65
elk	ore_ont_9567.owl	0.7627	1.1649	129.82	536.3
elk	ore_ont_9590.owl	0.1616	1.0931	32.87	327.61
elk	ore_ont_9598.owl	0.0405	0.6416	10.55	177.78
elk	ore_ont_9612.owl	0.2524	0.8155	59.58	276.08
elk	ore_ont_964.owl	0.1936	0.9303	41.45	309.91
elk	ore_ont_9646.owl	0.0703	0.674	12.75	202.3
elk	ore_ont_9674.owl	4.9099	12.5166	267.22	5848.54
elk	ore_ont_9695.owl	0.0413	0.5894	9.06	99.57
elk	ore_ont_9761.owl	0.1008	0.7615	20.86	244.19
elk	ore_ont_9768.owl	0.1287	1.7196	8.05	717.78
elk	ore_ont_9772.owl	0.1063	0.7232	30.27	225.35
elk	ore_ont_9790.owl	0.1006	0.7701	16.85	239.35
elk	ore_ont_9792.owl	0.1892	0.9484	26.46	323.93
elk	ore_ont_9794.owl	0.7448	3.1233	21.29	1220.29
elk	ore_ont_9857.owl	0.0704	0.6687	14.38	158.1
elk	ore_ont_9881.owl	10.4258	0.6289	1893.54	206.39
elk	ore_ont_9894.owl	0.7828	1.3823	92.88	572.81
elk	ore_ont_9904.owl	0.0415	0.5552	7.81	137.06
elk	ore_ont_9944.owl	1.0523	0.9905	278.56	529.12
elk	ore_ont_9958.owl	3.1963	1.5397	565.28	706.63
hermit	ore_ont_10016.owl	0.8033	25.9978	30.54	5574.59
hermit	ore_ont_10032.owl	5.1701	19.0051	1180.57	4778.28
hermit	ore_ont_10056.owl	0.0409	1.0593	7.5	262.5
hermit	ore_ont_10073.owl	12.2219	8.9657	1147.01	2683.46
hermit	ore_ont_10123.owl	0.4062	1.9598	90.88	717.19
hermit	ore_ont_10127.owl	1.1901	11.5273	206.96	747.54
hermit	ore_ont_10134.owl	0.041	1.2306	9.38	563.39
hermit	ore_ont_10146.owl	0.1588	1.3838	39.95	668.54
hermit	ore_ont_1016.owl	0.9352	2.4717	306.5	705.42
hermit	ore_ont_10160.owl	0.041	1.275	10.55	504.27
hermit	ore_ont_1017.owl	0.0411	1.1527	9.06	453.36
hermit	ore_ont_10175.owl	2.8728	24.183	180.26	2748.14
hermit	ore_ont_10212.owl	0.0715	1.6143	18.12	388.57
hermit	ore_ont_10242.owl	0.3236	41.8266	132.56	753.12
hermit	ore_ont_10248.owl	2.9692	22.989	268.24	4665.09
hermit	ore_ont_10280.owl	0.1385	2.2119	23.05	1233.73
hermit	ore_ont_10283.owl	0.0417	1.1063	8.44	551.05
hermit	ore_ont_10309.owl	0.0414	0.8795	6.88	192.63
hermit	ore_ont_10314.owl	0.0416	0.9335	8.34	222.88
hermit	ore_ont_10321.owl	0.0415	1.0058	9.58	215.97
hermit	ore_ont_1034.owl	0.041	0.9594	8.54	216.98
hermit	ore_ont_10362.owl	0.0719	1.0112	17.81	222.36
hermit	ore_ont_10389.owl	0.1907	2.1773	30.84	759.26
hermit	ore_ont_10413.owl	0.0413	1.0362	8.57	202.25
hermit	ore_ont_10445.owl	1.4402	10.1264	14.09	1908.4
hermit	ore_ont_105.owl	0.0411	1.0561	6.25	248.54
hermit	ore_ont_10516.owl	0.0409	1.0004	8.12	252.38
hermit	ore_ont_10536.owl	0.0408	1.0505	7.19	194.2
hermit	ore_ont_10594.owl	0.3134	44.6244	114.41	725.46
hermit	ore_ont_10689.owl	4.894	131.0942	267.25	11228.02
hermit	ore_ont_10697.owl	2.2235	40.3981	326.4	961.34
hermit	ore_ont_10702.owl	1.0928	5.0101	22.5	510.86
hermit	ore_ont_10742.owl	0.0709	1.3662	14.3	558.2
hermit	ore_ont_10749.owl	0.4715	38.285	258.48	716.41
hermit	ore_ont_10769.owl	0.0409	1.0024	8.44	188.1
hermit	ore_ont_10778.owl	1.774	10.7945	132.09	2590.53
hermit	ore_ont_10781.owl	0.6828	1.4004	551.84	343.69
hermit	ore_ont_10806.owl	0.1352	2.5442	29.62	1169.12
hermit	ore_ont_1082.owl	1.0778	17.49	95.05	2077.9
hermit	ore_ont_10833.owl	0.0415	1.066	8.75	214.22
hermit	ore_ont_10890.owl	0.1608	2.807	26.5	781.2
hermit	ore_ont_10908.owl	0.169	10.0092	68.89	690.79
hermit	ore_ont_10951.owl	0.138	2.4365	29.43	459.26
hermit	ore_ont_10968.owl	0.0708	1.6316	15.96	718.27
hermit	ore_ont_11009.owl	0.0712	1.1728	14.38	469.7
hermit	ore_ont_11010.owl	0.0415	1.1326	7.81	246.54
hermit	ore_ont_11014.owl	0.0413	1.1479	9.06	518.06
hermit	ore_ont_11016.owl	0.3219	1.3105	188.89	260.54
hermit	ore_ont_11081.owl	0.7644	6.3351	58.56	1322.82
hermit	ore_ont_11140.owl	0.0719	1.727	18.99	698.07
hermit	ore_ont_11207.owl	1.1729	11.9419	205.31	727.22
hermit	ore_ont_11291.owl	0.0723	1.0466	14.06	203.28
hermit	ore_ont_11293.owl	2.9208	21.528	263.61	4606.12
hermit	ore_ont_11315.owl	12.8925	38.2577	907.39	4007.5
hermit	ore_ont_11316.owl	0.2502	1.7565	64.96	625.43
hermit	ore_ont_11389.owl	0.3021	11.1918	14.5	2613.92
hermit	ore_ont_11452.owl	0.2225	2.7062	32.79	739.86
hermit	ore_ont_11497.owl	0.041	0.996	8.75	218.79
hermit	ore_ont_11502.owl	0.3121	2.0669	46.81	746.84
hermit	ore_ont_11504.owl	0.041	1.1155	6.56	275.09
hermit	ore_ont_11519.owl	2.5817	21.0932	211.23	4748.97
hermit	ore_ont_11522.owl	0.0424	1.0033	9.06	217.82
hermit	ore_ont_11523.owl	0.0418	1.1238	8.12	221.53
hermit	ore_ont_11526.owl	0.0417	1.0093	10.2	219.38
hermit	ore_ont_11559.owl	1.2436	6.9436	142.05	4488.57
hermit	ore_ont_11577.owl	0.0897	1.1252	10.41	256.43
hermit	ore_ont_11619.owl	0.0744	1.601	15.57	756.03
hermit	ore_ont_11623.owl	0.7888	2.2684	271.54	695.84
hermit	ore_ont_11639.owl	0.0419	0.9938	5.94	249.54
hermit	ore_ont_11739.owl	2.063	53.2015	18.75	8163.52
hermit	ore_ont_11745.owl	11.5604	150.935	3551.01	5707.87
hermit	ore_ont_11778.owl	1.9898	12.2705	213.8	4750.82
hermit	ore_ont_11866.owl	0.0416	0.9399	8.12	202.53
hermit	ore_ont_11889.owl	0.0717	1.1832	10.43	338.86
hermit	ore_ont_11978.owl	0.0417	1.0907	9.06	211.52
hermit	ore_ont_12007.owl	0.041	1.062	6.56	249.9
hermit	ore_ont_12009.owl	0.0417	1.2015	9.69	475.49
hermit	ore_ont_12087.owl	3.7793	21.5106	363.05	5598.31
hermit	ore_ont_1212.owl	0.2247	1.8406	47.58	531.86
hermit	ore_ont_12141.owl	0.389	1.4224	77.69	276.91
hermit	ore_ont_12149.owl	0.7686	6.2977	73.73	2569.21
hermit	ore_ont_12161.owl	0.2221	2.39	32.69	806.15
hermit	ore_ont_12194.owl	0.2834	3.3982	45.64	1374.03
hermit	ore_ont_12281.owl	0.0712	1.7563	11.18	588.14
hermit	ore_ont_12387.owl	4.358	19.8215	422.03	5664.46
hermit	ore_ont_12397.owl	0.0412	2.2003	10.55	732.22
hermit	ore_ont_12405.owl	0.2217	2.0483	64.27	753.59
hermit	ore_ont_12414.owl	4.9557	7.1708	476.87	2486.86
hermit	ore_ont_12528.owl	1.077	18.0614	120.92	3764.31
hermit	ore_ont_12653.owl	0.1029	1.793	48.67	232.11
hermit	ore_ont_12698.owl	1.7982	10.1992	723.2	1632.1
hermit	ore_ont_1272.owl	2.7409	6.1572	676.85	2469.93
hermit	ore_ont_12776.owl	0.1057	1.808	16.18	732.65
hermit	ore_ont_12802.owl	0.2522	2.7973	62.5	1256.94
hermit	ore_ont_12831.owl	0.0412	1.3441	7.5	384.94
hermit	ore_ont_12906.owl	0.0413	1.0499	5.94	209.27
hermit	ore_ont_13000.owl	0.1612	2.359	31.8	775.78
hermit	ore_ont_13035.owl	0.074	2.5572	79.02	535.14
hermit	ore_ont_13053.owl	0.0416	1.0941	7.19	267.84
hermit	ore_ont_13066.owl	0.0431	1.1107	8.13	214.82
hermit	ore_ont_13071.owl	1.4159	5.4295	393.61	2353.41
hermit	ore_ont_13113.owl	0.1068	2.7478	45.37	653.72
hermit	ore_ont_13132.owl	0.0737	1.3905	61.55	252.18
hermit	ore_ont_13141.owl	0.1012	1.8744	18.68	744.8
hermit	ore_ont_13204.owl	0.0414	0.9611	6.88	196.81
hermit	ore_ont_13224.owl	5.9622	39.6031	358.57	4703.8
hermit	ore_ont_13234.owl	0.0413	1.1315	6.88	301.25
hermit	ore_ont_13243.owl	1.5906	9.8577	135.48	2522.91
hermit	ore_ont_1325.owl	0.0406	1.0235	7.5	271.14
hermit	ore_ont_13277.owl	0.0413	0.9682	7.19	204.34
hermit	ore_ont_13301.owl	0.0416	1.2005	6.88	307.12
hermit	ore_ont_13355.owl	1.1769	36.3046	78.28	6783.51
hermit	ore_ont_13383.owl	0.0706	2.1608	40.04	459.84
hermit	ore_ont_13392.owl	0.0417	1.0258	8.95	216.4
hermit	ore_ont_1340.owl	0.2801	1.6184	115.41	730.89
hermit	ore_ont_13429.owl	0.0412	0.9554	5.94	207.7
hermit	ore_ont_13444.owl	0.1641	1.5475	84.29	674.52
hermit	ore_ont_13503.owl	0.0417	1.024	11.03	200.54
hermit	ore_ont_13530.owl	0.0413	1.0664	6.88	239.18
hermit	ore_ont_1357.owl	1.7334	8.8592	190.35	4504.46
hermit	ore_ont_13578.owl	0.0413	1.2936	10.0	441.78
hermit	ore_ont_13621.owl	0.34	40.4862	134.74	729.74
hermit	ore_ont_13643.owl	0.0418	0.9918	5.94	225.19
hermit	ore_ont_13664.owl	0.7055	4.5313	77.72	2406.5
hermit	ore_ont_1370.owl	2.9877	8.8405	258.98	2511.16
hermit	ore_ont_13752.owl	0.2666	3.4736	40.09	771.16
hermit	ore_ont_13755.owl	0.1024	1.6311	30.72	714.22
hermit	ore_ont_13759.owl	0.0412	1.3298	9.46	232.54
hermit	ore_ont_13762.owl	0.1657	1.0766	151.55	201.97
hermit	ore_ont_13772.owl	0.0411	1.1516	8.62	222.0
hermit	ore_ont_13840.owl	0.1004	1.6954	19.62	728.36
hermit	ore_ont_13852.owl	0.1897	3.6445	50.24	1327.79
hermit	ore_ont_13887.owl	0.072	1.191	10.45	332.88
hermit	ore_ont_13902.owl	0.0704	4.2335	5.0	1461.52
hermit	ore_ont_13912.owl	0.0409	1.393	7.19	240.82
hermit	ore_ont_13964.owl	0.0405	4.2797	5.0	1277.33
hermit	ore_ont_13969.owl	2.7382	19.7553	211.17	4730.21
hermit	ore_ont_14027.owl	0.1323	2.4821	30.14	1260.49
hermit	ore_ont_14031.owl	0.0713	1.4845	11.18	613.81
hermit	ore_ont_14123.owl	0.0416	1.2718	9.38	516.02
hermit	ore_ont_14153.owl	0.1299	1.4538	40.27	581.12
hermit	ore_ont_14194.owl	0.3218	41.7252	136.26	747.32
hermit	ore_ont_1420.owl	0.0411	0.8457	7.5	198.93
hermit	ore_ont_14216.owl	0.1286	112.0262	7.5	3104.79
hermit	ore_ont_14273.owl	0.0421	1.061	7.96	205.98
hermit	ore_ont_14280.owl	0.1869	2.6842	32.39	768.41
hermit	ore_ont_14312.owl	2.65	5.9623	593.29	2356.15
hermit	ore_ont_14327.owl	0.0412	1.2901	6.56	259.27
hermit	ore_ont_14375.owl	0.5255	4.0405	96.08	659.29
hermit	ore_ont_14450.owl	0.2838	1.9611	114.21	764.67
hermit	ore_ont_14459.owl	4.0276	146.2501	216.18	10886.96
hermit	ore_ont_14499.owl	0.1912	2.1339	29.62	767.3
hermit	ore_ont_14508.owl	0.0414	3.7697	5.0	1802.57
hermit	ore_ont_14518.owl	0.0438	1.1384	7.5	216.69
hermit	ore_ont_14543.owl	1.2763	5.9736	129.88	2472.46
hermit	ore_ont_14574.owl	0.1855	1.8434	30.0	702.05
hermit	ore_ont_14587.owl	0.1625	2.7043	27.43	767.93
hermit	ore_ont_14607.owl	0.8395	7.4375	11.18	1519.25
hermit	ore_ont_1473.owl	0.0431	1.1675	8.12	567.88
hermit	ore_ont_148.owl	0.3123	77.895	135.85	747.88
hermit	ore_ont_1481.owl	2.4546	80.1703	322.0	4338.32
hermit	ore_ont_14826.owl	0.0414	1.293	8.98	209.3
hermit	ore_ont_14840.owl	0.0419	1.5385	9.38	555.75
hermit	ore_ont_14848.owl	0.0426	1.4222	8.44	221.07
hermit	ore_ont_14896.owl	0.3152	44.4206	139.97	714.27
hermit	ore_ont_14901.owl	0.0512	1.3583	8.75	374.97
hermit	ore_ont_14926.owl	0.0387	1.2872	6.25	241.74
hermit	ore_ont_1493.owl	0.1319	2.2947	21.49	743.54
hermit	ore_ont_14934.owl	0.8575	5.8013	107.03	2396.23
hermit	ore_ont_1494.owl	0.041	1.0435	8.44	328.03
hermit	ore_ont_1501.owl	0.1603	2.2235	31.49	776.66
hermit	ore_ont_15068.owl	0.041	1.2443	5.94	231.8
hermit	ore_ont_15098.owl	0.0719	1.6063	21.34	369.5
hermit	ore_ont_15099.owl	0.0697	4.1437	3.75	2356.47
hermit	ore_ont_15145.owl	0.0419	1.1681	5.94	208.16
hermit	ore_ont_15152.owl	0.1908	2.3008	54.22	718.79
hermit	ore_ont_15172.owl	2.3287	4.6089	290.65	1299.98
hermit	ore_ont_15178.owl	0.453	3.5024	87.63	1302.65
hermit	ore_ont_15222.owl	0.0995	1.8547	23.2	729.91
hermit	ore_ont_15231.owl	0.0415	1.2389	7.19	227.89
hermit	ore_ont_15260.owl	0.2208	2.9103	39.65	715.65
hermit	ore_ont_15288.owl	0.1023	1.7602	24.07	362.56
hermit	ore_ont_15292.owl	0.0419	1.5939	11.18	663.06
hermit	ore_ont_15341.owl	0.0997	1.8079	19.71	709.49
hermit	ore_ont_15388.owl	1.4578	9.6764	130.07	2446.29
hermit	ore_ont_15397.owl	0.0411	1.2423	7.81	348.18
hermit	ore_ont_15399.owl	0.0385	1.1124	7.19	189.89
hermit	ore_ont_15461.owl	0.0422	1.3017	10.0	220.87
hermit	ore_ont_15491.owl	1.6091	3.5072	654.19	797.61
hermit	ore_ont_15516.owl	0.1598	1.5987	25.06	214.95
hermit	ore_ont_15536.owl	0.7142	6.7497	136.38	721.39
hermit	ore_ont_1555.owl	0.162	1.7645	111.72	713.79
hermit	ore_ont_15576.owl	0.0418	1.0297	6.25	242.41
hermit	ore_ont_15615.owl	0.5169	38.7756	283.39	753.35
hermit	ore_ont_15672.owl	0.7546	2.1236	65.68	315.64
hermit	ore_ont_15696.owl	2.2182	19.2662	180.65	6066.56
hermit	ore_ont_15703.owl	2.8293	43.4941	53.8	6582.17
hermit	ore_ont_15725.owl	1.6371	16.3057	252.35	737.21
hermit	ore_ont_15790.owl	0.3808	3.94	53.62	2315.09
hermit	ore_ont_15791.owl	0.435	1.8953	78.75	507.44
hermit	ore_ont_15793.owl	0.2856	2.8167	72.84	844.49
hermit	ore_ont_15803.owl	1.5136	230.3537	109.79	7259.68
hermit	ore_ont_15860.owl	0.074	1.5978	10.28	664.96
hermit	ore_ont_15882.owl	0.0419	1.1985	6.25	256.27
hermit	ore_ont_15917.owl	0.0999	1.7487	19.8	750.18
hermit	ore_ont_15929.owl	2.982	21.3309	263.31	4624.25
hermit	ore_ont_15932.owl	0.133	1.8638	34.3	708.0
hermit	ore_ont_15944.owl	0.1009	1.8555	18.68	754.56
hermit	ore_ont_15950.owl	0.0413	1.5492	10.0	611.81
hermit	ore_ont_15968.owl	0.0718	1.6596	17.13	660.9
hermit	ore_ont_15976.owl	4.6411	29.2485	363.59	5632.15
hermit	ore_ont_15985.owl	0.0411	1.3293	9.38	496.47
hermit	ore_ont_16008.owl	3.5768	101.8127	191.96	10290.62
hermit	ore_ont_1603.owl	4.8142	4.7099	481.91	638.62
hermit	ore_ont_16076.owl	0.043	1.077	7.19	230.1
hermit	ore_ont_16114.owl	0.1626	2.8817	32.01	1267.29
hermit	ore_ont_16167.owl	0.0416	1.2545	8.75	213.69
hermit	ore_ont_1618.owl	0.0414	1.0352	14.81	214.93
hermit	ore_ont_16299.owl	0.2205	2.4585	34.22	748.03
hermit	ore_ont_16303.owl	4.1201	2.9002	2098.83	716.86
hermit	ore_ont_16312.owl	0.0413	1.5556	8.44	484.48
hermit	ore_ont_16351.owl	0.0419	1.1315	7.19	205.0
hermit	ore_ont_16444.owl	9.1775	50.6992	1911.52	5936.14
hermit	ore_ont_16461.owl	0.3019	1.4559	24.29	222.1
hermit	ore_ont_16501.owl	0.0418	1.2335	8.75	229.04
hermit	ore_ont_16558.owl	0.1376	2.1244	18.37	748.35
hermit	ore_ont_16559.owl	0.0422	2.7777	4.38	795.54
hermit	ore_ont_16596.owl	4.2812	16.7727	362.37	5602.35
hermit	ore_ont_16619.owl	0.3964	9.5583	49.25	982.52
hermit	ore_ont_16626.owl	0.0413	1.2127	7.19	247.05
hermit	ore_ont_1666.owl	0.1279	1.8572	28.34	769.84
hermit	ore_ont_16684.owl	0.0704	5.5414	4.69	2399.15
hermit	ore_ont_16687.owl	0.4329	3.8363	68.76	2344.29
hermit	ore_ont_16730.owl	0.0431	1.1152	6.56	295.78
hermit	ore_ont_16777.owl	0.0424	1.0501	8.75	220.7
hermit	ore_ont_16821.owl	0.0442	1.234	7.5	292.09
hermit	ore_ont_178.owl	0.1064	1.149	34.16	219.39
hermit	ore_ont_1790.owl	0.3127	73.4435	134.77	724.34
hermit	ore_ont_1793.owl	0.071	1.1413	8.75	310.97
hermit	ore_ont_1902.owl	0.0412	1.0186	8.75	226.91
hermit	ore_ont_1967.owl	0.0412	0.829	7.19	200.6
hermit	ore_ont_1970.owl	0.1598	1.9434	26.8	728.27
hermit	ore_ont_2011.owl	0.0409	1.1672	9.06	542.32
hermit	ore_ont_2036.owl	0.0435	0.8805	6.88	202.5
hermit	ore_ont_2046.owl	0.1321	98.1057	6.38	2886.53
hermit	ore_ont_2066.owl	0.0435	0.9658	6.88	257.65
hermit	ore_ont_2105.owl	0.0415	2.2519	5.0	764.67
hermit	ore_ont_2128.owl	0.2842	2.3608	36.8	1306.82
hermit	ore_ont_2129.owl	0.4144	3.4745	85.05	805.1
hermit	ore_ont_2195.owl	0.1122	1.0018	34.1	240.17
hermit	ore_ont_2228.owl	0.0408	0.9102	8.75	209.91
hermit	ore_ont_2237.owl	0.0415	0.9306	8.52	221.91
hermit	ore_ont_2243.owl	0.2714	10.5715	14.79	2625.65
hermit	ore_ont_2253.owl	0.1564	102.0421	7.43	2973.93
hermit	ore_ont_2266.owl	0.0407	1.2117	9.38	415.07
hermit	ore_ont_2313.owl	8.3556	2.7047	267.2	710.82
hermit	ore_ont_2317.owl	0.3112	3.1048	52.18	1293.39
hermit	ore_ont_2333.owl	0.1339	1.4767	49.09	714.36
hermit	ore_ont_2361.owl	5.0317	7.2912	449.63	2472.87
hermit	ore_ont_2377.owl	0.0989	1.9868	17.12	609.66
hermit	ore_ont_2378.owl	0.0433	1.1607	8.44	517.88
hermit	ore_ont_2397.owl	2.0631	8.0319	510.52	1473.89
hermit	ore_ont_2440.owl	0.0707	1.363	11.18	592.7
hermit	ore_ont_2453.owl	0.3129	4.8671	69.05	631.4
hermit	ore_ont_2469.owl	2.8675	21.1597	234.33	4569.31
hermit	ore_ont_2485.owl	0.0406	0.9705	7.19	207.73
hermit	ore_ont_2491.owl	0.0432	2.6988	3.44	1261.64
hermit	ore_ont_2496.owl	0.0428	1.3012	11.14	563.77
hermit	ore_ont_2497.owl	0.2081	2.5815	31.8	739.3
hermit	ore_ont_2557.owl	0.0412	0.9437	8.31	211.6
hermit	ore_ont_2569.owl	0.0707	1.4769	12.43	735.51
hermit	ore_ont_258.owl	0.0405	0.9995	5.94	241.88
hermit	ore_ont_2591.owl	0.279	2.7094	73.74	1287.26
hermit	ore_ont_2627.owl	1.2563	4.556	299.65	2456.02
hermit	ore_ont_2632.owl	1.7728	87.3619	461.56	2472.85
hermit	ore_ont_2654.owl	0.0411	0.8915	8.49	226.33
hermit	ore_ont_2661.owl	0.3437	3.9443	56.18	2379.46
hermit	ore_ont_2662.owl	0.0404	0.936	7.5	224.83
hermit	ore_ont_2669.owl	0.1597	1.2189	25.62	246.76
hermit	ore_ont_2672.owl	0.0409	1.0485	8.44	363.13
hermit	ore_ont_2678.owl	0.0731	1.1306	63.44	224.33
hermit	ore_ont_269.owl	0.0693	5.475	4.69	1427.3
hermit	ore_ont_2713.owl	0.0404	1.0173	8.12	259.26
hermit	ore_ont_2720.owl	0.0417	1.0409	8.44	396.85
hermit	ore_ont_2744.owl	0.1288	1.9448	71.79	397.88
hermit	ore_ont_2753.owl	0.0409	0.9699	7.5	247.53
hermit	ore_ont_2803.owl	3.1908	21.8045	190.28	4650.43
hermit	ore_ont_2828.owl	6.9702	87.8177	375.12	4756.43
hermit	ore_ont_2860.owl	0.2272	1.2081	139.38	242.61
hermit	ore_ont_2876.owl	0.0412	1.0069	6.88	208.16
hermit	ore_ont_3050.owl	0.3121	75.2391	132.56	748.72
hermit	ore_ont_3082.owl	0.0414	0.9257	5.62	215.71
hermit	ore_ont_3106.owl	0.1296	2.2812	23.87	748.03
hermit	ore_ont_3164.owl	2.6125	51.4904	442.96	919.64
hermit	ore_ont_3177.owl	0.1601	2.0861	27.31	951.89
hermit	ore_ont_3231.owl	0.0713	1.6266	35.0	327.47
hermit	ore_ont_3259.owl	0.0704	0.9974	9.04	237.61
hermit	ore_ont_3260.owl	0.0449	1.0607	12.17	219.14
hermit	ore_ont_33.owl	0.2492	2.5546	34.61	1252.89
hermit	ore_ont_3313.owl	0.0408	1.3175	9.93	442.11
hermit	ore_ont_3349.owl	0.0411	1.105	9.06	380.96
hermit	ore_ont_3377.owl	1.9119	175.7385	110.39	6957.5
hermit	ore_ont_338.owl	0.0414	0.9068	8.75	210.19
hermit	ore_ont_3406.owl	0.3752	2.6863	56.07	1044.66
hermit	ore_ont_3414.owl	4.5773	10.2901	981.27	2572.76
hermit	ore_ont_3418.owl	0.0415	0.9879	9.06	280.13
hermit	ore_ont_3463.owl	0.0408	0.9239	5.94	213.31
hermit	ore_ont_3480.owl	0.1917	2.9719	37.43	1951.63
hermit	ore_ont_3524.owl	2.0479	41.7735	53.43	6488.05
hermit	ore_ont_3560.owl	1.3963	50.2001	74.36	5652.39
hermit	ore_ont_3635.owl	0.0409	1.1717	9.38	450.48
hermit	ore_ont_3640.owl	0.0715	1.3229	15.35	348.68
hermit	ore_ont_3658.owl	3.2489	148.3969	546.83	1460.42
hermit	ore_ont_3712.owl	0.131	2.3167	26.81	791.66
hermit	ore_ont_3770.owl	0.0413	0.938	8.75	213.29
hermit	ore_ont_3784.owl	0.2229	1.9151	64.61	722.14
hermit	ore_ont_3795.owl	0.3363	43.2797	138.21	731.36
hermit	ore_ont_3797.owl	0.1319	2.027	29.3	731.11
hermit	ore_ont_380.owl	0.041	1.218	9.62	533.69
hermit	ore_ont_3836.owl	1.9597	58.9966	41.48	6051.78
hermit	ore_ont_3842.owl	0.0423	0.9803	8.07	204.88
hermit	ore_ont_3905.owl	0.251	1.5883	110.39	732.38
hermit	ore_ont_3909.owl	0.0405	0.8525	6.88	207.69
hermit	ore_ont_3931.owl	0.0716	1.3732	24.27	655.84
hermit	ore_ont_394.owl	0.0702	1.1233	28.91	263.65
hermit	ore_ont_3954.owl	0.7712	3.3587	129.61	1404.82
hermit	ore_ont_3978.owl	0.071	1.1523	12.19	436.82
hermit	ore_ont_4033.owl	0.0694	39.3858	5.0	1529.06
hermit	ore_ont_4054.owl	2.6124	16.8414	207.88	2669.08
hermit	ore_ont_412.owl	0.0736	1.8133	16.03	618.75
hermit	ore_ont_4187.owl	3.8283	107.3497	645.5	1491.27
hermit	ore_ont_4205.owl	1.5269	35.9652	43.86	5810.7
hermit	ore_ont_4226.owl	0.1603	2.0891	31.8	769.16
hermit	ore_ont_4235.owl	0.2844	3.5013	48.1	1943.25
hermit	ore_ont_4382.owl	0.0412	1.0217	8.44	260.46
hermit	ore_ont_4383.owl	0.1004	1.3737	16.8	628.52
hermit	ore_ont_4400.owl	0.0412	1.0412	7.5	335.08
hermit	ore_ont_443.owl	0.0703	1.4424	22.12	339.07
hermit	ore_ont_4460.owl	0.1615	2.6455	27.19	773.09
hermit	ore_ont_4487.owl	0.8538	5.1357	105.43	2400.64
hermit	ore_ont_4527.owl	0.041	1.4394	10.87	673.75
hermit	ore_ont_4557.owl	0.1278	120.8247	7.19	3023.63
hermit	ore_ont_457.owl	0.0701	1.1248	13.75	458.12
hermit	ore_ont_4572.owl	4.0555	6.4998	293.52	889.36
hermit	ore_ont_4578.owl	0.1317	2.2478	24.3	776.52
hermit	ore_ont_4617.owl	1.2258	7.1192	151.62	4463.04
hermit	ore_ont_4655.owl	0.1025	1.5116	31.2	735.8
hermit	ore_ont_4662.owl	0.1616	2.1611	34.88	1031.71
hermit	ore_ont_4671.owl	0.0407	1.0074	9.32	320.96
hermit	ore_ont_4724.owl	0.0415	0.9794	7.94	201.84
hermit	ore_ont_4732.owl	0.1325	2.2669	26.8	774.29
hermit	ore_ont_4755.owl	7.6668	11.1727	743.73	2692.8
hermit	ore_ont_4767.owl	0.0434	1.0396	7.81	255.92
hermit	ore_ont_4782.owl	1.0091	6.3513	121.68	2514.93
hermit	ore_ont_4798.owl	0.1005	1.6301	23.65	746.0
hermit	ore_ont_4802.owl	3.0793	26.9348	232.6	4970.92
hermit	ore_ont_4827.owl	0.2224	1.1646	42.01	439.95
hermit	ore_ont_4834.owl	0.2874	44.8751	138.69	720.36
hermit	ore_ont_4856.owl	0.0414	0.9843	7.5	203.95
hermit	ore_ont_4897.owl	0.071	1.1113	9.63	222.13
hermit	ore_ont_5002.owl	0.1667	2.135	31.36	775.88
hermit	ore_ont_5057.owl	0.0405	1.0477	9.69	306.36
hermit	ore_ont_508.owl	0.0409	0.9514	7.5	202.69
hermit	ore_ont_5080.owl	0.07	1.4298	11.18	606.91
hermit	ore_ont_5089.owl	0.0417	0.9571	7.81	217.64
hermit	ore_ont_5090.owl	0.0414	0.9302	6.88	222.42
hermit	ore_ont_5103.owl	1.1449	6.834	142.03	724.42
hermit	ore_ont_5107.owl	1.1762	1.0723	385.58	233.77
hermit	ore_ont_5164.owl	0.0417	0.9637	9.35	234.33
hermit	ore_ont_5184.owl	0.0729	1.2503	43.58	306.64
hermit	ore_ont_5197.owl	0.0707	1.6779	14.93	673.07
hermit	ore_ont_5220.owl	0.0408	1.0422	7.43	354.12
hermit	ore_ont_5255.owl	0.0411	0.8441	6.88	202.88
hermit	ore_ont_5266.owl	0.0416	1.246	10.31	579.43
hermit	ore_ont_5292.owl	0.0415	0.9664	9.67	222.4
hermit	ore_ont_5303.owl	0.3566	1.8782	64.47	297.39
hermit	ore_ont_5404.owl	0.041	0.9997	18.44	228.75
hermit	ore_ont_541.owl	0.1599	1.6069	50.23	289.86
hermit	ore_ont_544.owl	0.0998	1.3505	17.5	621.46
hermit	ore_ont_5462.owl	0.2219	1.8457	64.12	764.24
hermit	ore_ont_5485.owl	0.041	1.33	10.56	496.21
hermit	ore_ont_5487.owl	0.2932	2.7287	44.22	1326.91
hermit	ore_ont_5519.owl	1.3966	51.6949	68.37	5576.34
hermit	ore_ont_5549.owl	4.9824	8.5202	450.06	2548.09
hermit	ore_ont_5564.owl	0.0722	2.0216	31.26	451.13
hermit	ore_ont_5566.owl	3.0153	13.4079	305.99	5649.96
hermit	ore_ont_5572.owl	0.0417	1.008	8.75	225.07
hermit	ore_ont_5602.owl	0.1291	133.2247	7.46	3065.27
hermit	ore_ont_5612.owl	2.9986	22.4633	268.26	4688.38
hermit	ore_ont_566.owl	0.0419	1.2051	8.99	557.99
hermit	ore_ont_5665.owl	0.0413	0.8976	8.44	269.33
hermit	ore_ont_5742.owl	0.0412	0.8851	5.62	212.44
hermit	ore_ont_5755.owl	0.9884	3.3559	129.77	1418.33
hermit	ore_ont_5760.owl	0.1576	169.2492	7.43	2947.7
hermit	ore_ont_5781.owl	2.7777	4.552	337.01	1368.76
hermit	ore_ont_5792.owl	0.1627	1.9727	27.3	730.55
hermit	ore_ont_5815.owl	0.042	3.1248	5.0	1512.7
hermit	ore_ont_5852.owl	0.0411	0.8268	5.62	201.38
hermit	ore_ont_5927.owl	2.4509	18.285	201.2	4747.97
hermit	ore_ont_5940.owl	0.1016	1.0796	12.57	366.24
hermit	ore_ont_5943.owl	0.3146	43.3178	133.84	724.71
hermit	ore_ont_5965.owl	0.2814	2.6552	73.28	1271.91
hermit	ore_ont_5966.owl	0.0409	1.076	7.19	250.49
hermit	ore_ont_5974.owl	0.2792	2.6708	73.12	1284.31
hermit	ore_ont_6024.owl	0.0418	0.9706	9.06	216.79
hermit	ore_ont_6060.owl	0.3324	44.0004	139.64	712.62
hermit	ore_ont_6076.owl	0.4312	9.8531	49.1	843.61
hermit	ore_ont_6102.owl	0.2156	2.025	48.88	647.75
hermit	ore_ont_6198.owl	0.3949	9.773	40.24	750.71
hermit	ore_ont_6207.owl	0.0417	0.9215	7.81	243.03
hermit	ore_ont_6212.owl	2.5614	216.3277	84.24	5948.9
hermit	ore_ont_6223.owl	0.7275	10.2467	68.38	2681.2
hermit	ore_ont_6226.owl	0.0726	2.0701	25.1	567.43
hermit	ore_ont_6230.owl	0.1702	2.0866	30.94	749.61
hermit	ore_ont_6246.owl	0.5077	1.061	55.0	243.31
hermit	ore_ont_6310.owl	0.5127	3.8863	69.09	2365.88
hermit	ore_ont_6358.owl	0.1621	2.4914	27.74	793.22
hermit	ore_ont_637.owl	0.0412	1.0565	8.75	304.83
hermit	ore_ont_6417.owl	0.042	0.9002	9.06	227.41
hermit	ore_ont_6423.owl	0.2839	1.8024	76.39	719.17
hermit	ore_ont_6433.owl	0.2231	2.6028	38.88	1295.57
hermit	ore_ont_6453.owl	0.283	2.7105	73.03	1289.41
hermit	ore_ont_6477.owl	0.3316	215.6635	27.2	5253.88
hermit	ore_ont_6566.owl	0.0708	1.2895	13.37	586.11
hermit	ore_ont_6589.owl	0.0438	0.9919	7.45	229.75
hermit	ore_ont_6659.owl	0.7909	6.1289	75.25	1695.82
hermit	ore_ont_6682.owl	24.7556	80.4608	5077.37	6292.15
hermit	ore_ont_6696.owl	0.0409	1.1182	9.38	375.51
hermit	ore_ont_670.owl	0.0705	1.2153	12.12	631.93
hermit	ore_ont_6720.owl	0.0432	0.9207	9.06	211.43
hermit	ore_ont_6722.owl	3.2367	16.3909	378.7	4546.42
hermit	ore_ont_6735.owl	0.0412	0.9114	6.25	232.1
hermit	ore_ont_6751.owl	0.2195	2.3279	30.82	1229.7
hermit	ore_ont_6765.owl	0.2867	63.2988	130.81	734.61
hermit	ore_ont_6796.owl	0.0546	0.9387	7.5	247.39
hermit	ore_ont_6812.owl	0.0412	0.8451	5.94	212.4
hermit	ore_ont_6817.owl	0.0416	1.1729	10.25	406.55
hermit	ore_ont_6855.owl	0.0425	0.9952	19.01	213.93
hermit	ore_ont_6869.owl	0.1608	2.4847	26.49	1260.61
hermit	ore_ont_6870.owl	0.2806	2.9109	43.37	1306.66
hermit	ore_ont_6934.owl	0.1123	4.8623	52.31	662.27
hermit	ore_ont_6999.owl	0.1042	1.466	57.55	316.36
hermit	ore_ont_7003.owl	0.0418	0.8923	8.31	208.92
hermit	ore_ont_7025.owl	0.2838	39.5189	139.95	718.73
hermit	ore_ont_703.owl	0.0405	1.0211	8.12	302.55
hermit	ore_ont_7052.owl	0.0413	1.2152	11.8	281.43
hermit	ore_ont_7120.owl	0.0427	1.3091	10.87	727.39
hermit	ore_ont_7127.owl	8.9391	56.1893	1959.93	4852.3
hermit	ore_ont_7169.owl	0.0413	1.0852	8.44	486.72
hermit	ore_ont_7195.owl	0.2552	1.6972	40.46	736.02
hermit	ore_ont_7216.owl	0.0991	1.7257	15.51	635.86
hermit	ore_ont_7218.owl	0.1	1.6264	19.55	721.74
hermit	ore_ont_7220.owl	0.041	1.0405	8.75	413.63
hermit	ore_ont_7234.owl	0.222	2.6248	39.94	717.86
hermit	ore_ont_725.owl	0.0411	1.1609	9.69	618.66
hermit	ore_ont_7251.owl	0.1308	2.265	28.7	760.46
hermit	ore_ont_7256.owl	0.0703	5.174	4.69	2361.7
hermit	ore_ont_7270.owl	0.0412	1.1085	7.19	209.49
hermit	ore_ont_7300.owl	1.5105	4.7962	363.5	2404.81
hermit	ore_ont_7320.owl	0.329	43.4066	137.99	718.02
hermit	ore_ont_7340.owl	2.6455	15.0772	301.0	5373.49
hermit	ore_ont_7343.owl	0.2135	6.2313	4.92	1509.4
hermit	ore_ont_7417.owl	0.0418	1.0354	7.5	232.86
hermit	ore_ont_7418.owl	0.0698	0.9056	9.04	235.86
hermit	ore_ont_7439.owl	0.1626	2.2198	31.49	779.37
hermit	ore_ont_7455.owl	1.5469	10.187	189.12	2415.62
hermit	ore_ont_7474.owl	0.318	63.8679	129.41	736.39
hermit	ore_ont_7482.owl	0.0423	0.8369	7.19	202.05
hermit	ore_ont_7493.owl	0.6421	5.9468	74.16	2562.46
hermit	ore_ont_7499.owl	6.4011	36.3354	271.57	850.5
hermit	ore_ont_7567.owl	2.169	9.9405	227.86	4562.82
hermit	ore_ont_7576.owl	0.0426	0.9465	7.81	267.35
hermit	ore_ont_7608.owl	0.2244	3.59	42.6	2363.72
hermit	ore_ont_7639.owl	0.0413	1.0866	7.81	211.04
hermit	ore_ont_7663.owl	0.0408	0.9089	6.88	253.19
hermit	ore_ont_7716.owl	0.3409	3.2914	52.47	1332.8
hermit	ore_ont_7726.owl	0.3711	2.3629	46.34	754.14
hermit	ore_ont_7728.owl	1.8759	8.7622	203.13	4592.41
hermit	ore_ont_7775.owl	0.3456	4.0155	135.86	693.37
hermit	ore_ont_7831.owl	0.0415	3.8012	3.75	1348.54
hermit	ore_ont_7868.owl	5.2412	53.8167	390.95	4904.75
hermit	ore_ont_7890.owl	0.041	0.9101	6.56	254.04
hermit	ore_ont_7901.owl	0.1293	1.0489	13.23	235.29
hermit	ore_ont_795.owl	3.4673	39.5948	239.34	4567.68
hermit	ore_ont_7956.owl	5.3321	34.7897	1314.57	3799.01
hermit	ore_ont_7993.owl	0.1573	175.2693	7.12	3092.11
hermit	ore_ont_8006.owl	0.2245	3.3096	99.52	646.02
hermit	ore_ont_8021.owl	0.0419	0.9814	9.67	314.29
hermit	ore_ont_8068.owl	5.1133	6.5941	454.95	2494.2
hermit	ore_ont_8135.owl	0.0415	1.1878	9.06	337.16
hermit	ore_ont_8145.owl	0.2431	5.09	4.92	1381.09
hermit	ore_ont_8169.owl	0.0411	0.9402	7.19	196.95
hermit	ore_ont_8175.owl	0.0712	1.1727	10.55	491.68
hermit	ore_ont_8298.owl	0.0708	1.5889	10.87	670.89
hermit	ore_ont_8322.owl	0.3118	84.0089	135.23	708.9
hermit	ore_ont_8329.owl	0.1066	1.9852	20.24	726.14
hermit	ore_ont_8347.owl	0.6473	2.4401	159.87	1294.85
hermit	ore_ont_8369.owl	0.0419	0.9647	8.49	211.8
hermit	ore_ont_840.owl	0.7024	7.0325	83.17	2561.78
hermit	ore_ont_8462.owl	0.0421	1.0598	8.55	199.66
hermit	ore_ont_8486.owl	4.2665	167.8112	227.79	11173.54
hermit	ore_ont_8492.owl	0.2019	2.245	31.49	767.65
hermit	ore_ont_8557.owl	0.1297	4.0714	4.92	1074.54
hermit	ore_ont_8579.owl	0.2297	2.3468	50.82	1176.72
hermit	ore_ont_8634.owl	1.24	7.7545	115.53	2541.59
hermit	ore_ont_8641.owl	0.1313	1.616	24.86	737.58
hermit	ore_ont_8667.owl	0.0401	0.8659	6.56	204.93
hermit	ore_ont_868.owl	4.7157	132.1238	269.11	11652.29
hermit	ore_ont_869.owl	0.0699	1.4593	11.18	714.67
hermit	ore_ont_8730.owl	0.0717	0.989	10.09	233.94
hermit	ore_ont_8744.owl	0.0701	1.2538	12.39	637.51
hermit	ore_ont_8759.owl	0.1307	1.7374	17.11	738.71
hermit	ore_ont_8792.owl	0.2227	2.6104	40.88	1315.06
hermit	ore_ont_8806.owl	0.042	0.882	7.81	224.96
hermit	ore_ont_8864.owl	0.5452	6.8529	111.36	1126.43
hermit	ore_ont_8937.owl	0.0411	0.9281	7.5	199.67
hermit	ore_ont_8941.owl	0.0413	1.1654	8.99	259.16
hermit	ore_ont_8974.owl	0.0415	1.0024	7.5	195.38
hermit	ore_ont_8982.owl	2.7405	11.7557	292.79	4686.43
hermit	ore_ont_8999.owl	0.3107	74.4456	134.82	758.66
hermit	ore_ont_9002.owl	0.0416	1.1351	8.75	227.75
hermit	ore_ont_9014.owl	0.7042	2.3487	203.67	730.68
hermit	ore_ont_9020.owl	0.131	1.33	20.86	492.4
hermit	ore_ont_9024.owl	0.3977	1.8256	77.94	277.99
hermit	ore_ont_9031.owl	0.0412	0.9454	7.19	230.8
hermit	ore_ont_9096.owl	0.1018	2.8444	51.52	609.9
hermit	ore_ont_935.owl	0.4439	4.6899	49.82	1305.86
hermit	ore_ont_9400.owl	8.9722	12.3048	735.67	3095.88
hermit	ore_ont_9435.owl	0.0714	1.402	14.62	695.87
hermit	ore_ont_947.owl	0.1593	1.8158	26.49	716.04
hermit	ore_ont_9498.owl	1.3249	45.7793	89.82	6946.48
hermit	ore_ont_9499.owl	8.4223	14.3362	784.59	3906.04
hermit	ore_ont_9509.owl	0.0416	0.849	5.94	205.14
hermit	ore_ont_9513.owl	0.3587	3.1209	43.06	2049.41
hermit	ore_ont_9557.owl	0.0748	1.0486	40.26	222.68
hermit	ore_ont_9567.owl	0.7627	3.4735	129.82	1417.2
hermit	ore_ont_9590.owl	0.1616	3.5122	32.87	1347.48
hermit	ore_ont_9598.owl	0.0405	1.242	10.55	555.09
hermit	ore_ont_960.owl	0.308	55.6032	130.38	732.78
hermit	ore_ont_9612.owl	0.2524	2.0356	59.58	747.36
hermit	ore_ont_9635.owl	0.0721	2.492	36.03	222.34
hermit	ore_ont_964.owl	0.1936	2.52	41.45	1290.62
hermit	ore_ont_9646.owl	0.0703	1.3785	12.75	729.56
hermit	ore_ont_9668.owl	0.289	79.3164	133.58	737.48
hermit	ore_ont_9674.owl	4.9099	131.5679	267.22	11684.49
hermit	ore_ont_9695.owl	0.0413	1.1563	9.06	259.0
hermit	ore_ont_9761.owl	0.1008	1.564	20.86	695.61
hermit	ore_ont_9768.owl	0.1287	117.0354	8.05	2948.97
hermit	ore_ont_9772.owl	0.1063	1.5218	30.27	735.34
hermit	ore_ont_9790.owl	0.1006	1.9141	16.85	746.09
hermit	ore_ont_9792.owl	0.1892	2.6062	26.46	801.47
hermit	ore_ont_9794.owl	0.7448	20.3445	21.29	2928.17
hermit	ore_ont_9854.owl	0.0415	0.8981	6.88	207.21
hermit	ore_ont_9857.owl	0.0704	1.3049	14.38	514.18
hermit	ore_ont_9894.owl	0.7828	4.8988	92.88	2385.83
hermit	ore_ont_9904.owl	0.0415	1.136	7.81	221.25
hermit	ore_ont_9958.owl	3.1963	93.1095	565.28	1408.82
konclude	ore_ont_10016.owl	0.8033	7.5655	30.54	1103.66
konclude	ore_ont_10032.owl	5.1701	4.2817	1180.57	653.87
konclude	ore_ont_10056.owl	0.0409	0.0963	7.5	26.88
konclude	ore_ont_10073.owl	12.2219	10.4909	1147.01	1835.5
konclude	ore_ont_1012.owl	0.4154	21.0603	10.16	4090.03
konclude	ore_ont_10123.owl	0.4062	0.3431	90.88	109.18
konclude	ore_ont_10127.owl	1.1901	3.2401	206.96	1115.61
konclude	ore_ont_10134.owl	0.041	0.103	9.38	40.2
konclude	ore_ont_10146.owl	0.1588	0.1287	39.95	43.17
konclude	ore_ont_1016.owl	0.9352	0.3714	306.5	95.37
konclude	ore_ont_10160.owl	0.041	0.1033	10.55	38.28
konclude	ore_ont_1017.owl	0.0411	0.1591	9.06	38.3
konclude	ore_ont_10175.owl	2.8728	2.9074	180.26	496.4
konclude	ore_ont_10212.owl	0.0715	0.3077	18.12	97.52
konclude	ore_ont_10242.owl	0.3236	0.3357	132.56	101.93
konclude	ore_ont_10248.owl	2.9692	3.7971	268.24	587.9
konclude	ore_ont_10280.owl	0.1385	0.3821	23.05	91.48
konclude	ore_ont_10283.owl	0.0417	0.1025	8.44	36.66
konclude	ore_ont_10309.owl	0.0414	0.0711	6.88	25.31
konclude	ore_ont_10314.owl	0.0416	0.0723	8.34	32.49
konclude	ore_ont_10321.owl	0.0415	0.0733	9.58	27.98
konclude	ore_ont_1034.owl	0.041	0.0715	8.54	29.01
konclude	ore_ont_10362.owl	0.0719	0.0717	17.81	28.75
konclude	ore_ont_10389.owl	0.1907	0.3383	30.84	82.68
konclude	ore_ont_10413.owl	0.0413	0.1012	8.57	28.12
konclude	ore_ont_10445.owl	1.4402	7.6025	14.09	1089.82
konclude	ore_ont_105.owl	0.0411	0.101	6.25	29.6
konclude	ore_ont_10516.owl	0.0409	0.0681	8.12	28.24
konclude	ore_ont_10536.owl	0.0408	0.0704	7.19	27.24
konclude	ore_ont_10594.owl	0.3134	0.3085	114.41	82.93
konclude	ore_ont_10621.owl	14.8272	19.2829	2997.51	2470.41
konclude	ore_ont_10689.owl	4.894	45.2521	267.25	6040.0
konclude	ore_ont_10697.owl	2.2235	4.6306	326.4	1443.45
konclude	ore_ont_10702.owl	1.0928	0.1869	22.5	106.67
konclude	ore_ont_10742.owl	0.0709	0.1557	14.3	45.21
konclude	ore_ont_10749.owl	0.4715	0.3748	258.48	104.69
konclude	ore_ont_10750.owl	0.3915	21.2445	10.16	3918.41
konclude	ore_ont_10769.owl	0.0409	0.0709	8.44	25.62
konclude	ore_ont_10778.owl	1.774	2.4902	132.09	405.4
konclude	ore_ont_10781.owl	0.6828	0.1624	551.84	47.98
konclude	ore_ont_10806.owl	0.1352	0.5327	29.62	115.68
konclude	ore_ont_1082.owl	1.0778	1.4946	95.05	278.53
konclude	ore_ont_10833.owl	0.0415	0.0994	8.75	28.24
konclude	ore_ont_10890.owl	0.1608	0.3975	26.5	97.04
konclude	ore_ont_10908.owl	0.169	0.1666	68.89	56.99
konclude	ore_ont_10951.owl	0.138	0.7422	29.43	224.93
konclude	ore_ont_10968.owl	0.0708	0.1843	15.96	55.3
konclude	ore_ont_11009.owl	0.0712	0.1247	14.38	34.67
konclude	ore_ont_11010.owl	0.0415	0.0738	7.81	27.68
konclude	ore_ont_11014.owl	0.0413	0.133	9.06	35.74
konclude	ore_ont_11016.owl	0.3219	0.0736	188.89	33.54
konclude	ore_ont_11081.owl	0.7644	1.0268	58.56	229.95
konclude	ore_ont_11140.owl	0.0719	0.284	18.99	71.62
konclude	ore_ont_11207.owl	1.1729	3.9443	205.31	1457.15
konclude	ore_ont_11291.owl	0.0723	0.0752	14.06	28.68
konclude	ore_ont_11293.owl	2.9208	3.2569	263.61	580.33
konclude	ore_ont_11311.owl	1.8608	1.7599	300.06	393.73
konclude	ore_ont_11315.owl	12.8925	12.0274	907.39	1736.56
konclude	ore_ont_11316.owl	0.2502	0.2201	64.96	42.43
konclude	ore_ont_11389.owl	0.3021	4.8276	14.5	755.07
konclude	ore_ont_11395.owl	1.3211	33.7616	122.68	4396.93
konclude	ore_ont_11452.owl	0.2225	0.4079	32.79	88.12
konclude	ore_ont_11460.owl	12.9726	9.6637	3209.87	1640.84
konclude	ore_ont_11497.owl	0.041	0.0999	8.75	27.55
konclude	ore_ont_11502.owl	0.3121	0.4053	46.81	115.91
konclude	ore_ont_11504.owl	0.041	0.1267	6.56	29.86
konclude	ore_ont_11519.owl	2.5817	3.9514	211.23	673.74
konclude	ore_ont_11522.owl	0.0424	0.0713	9.06	27.87
konclude	ore_ont_11523.owl	0.0418	0.0712	8.12	26.92
konclude	ore_ont_11526.owl	0.0417	0.0722	10.2	28.01
konclude	ore_ont_11559.owl	1.2436	2.6722	142.05	451.33
konclude	ore_ont_11577.owl	0.0897	0.0714	10.41	29.48
konclude	ore_ont_11619.owl	0.0744	0.1912	15.57	51.35
konclude	ore_ont_11623.owl	0.7888	0.2822	271.54	85.8
konclude	ore_ont_11639.owl	0.0419	0.0996	5.94	27.8
konclude	ore_ont_11739.owl	2.063	21.2559	18.75	2640.17
konclude	ore_ont_11745.owl	11.5604	9.5418	3551.01	1720.59
konclude	ore_ont_11778.owl	1.9898	4.6296	213.8	732.6
konclude	ore_ont_11866.owl	0.0416	0.0704	8.12	28.2
konclude	ore_ont_11889.owl	0.0717	0.1007	10.43	30.24
konclude	ore_ont_11978.owl	0.0417	0.1	9.06	29.57
konclude	ore_ont_12007.owl	0.041	0.1002	6.56	28.05
konclude	ore_ont_12009.owl	0.0417	0.1021	9.69	33.8
konclude	ore_ont_12087.owl	3.7793	7.3634	363.05	1143.55
konclude	ore_ont_1212.owl	0.2247	0.6717	47.58	212.59
konclude	ore_ont_12141.owl	0.389	0.1363	77.69	53.35
konclude	ore_ont_12149.owl	0.7686	1.5437	73.73	265.57
konclude	ore_ont_12161.owl	0.2221	0.3762	32.69	91.29
konclude	ore_ont_12194.owl	0.2834	0.7437	45.64	153.54
konclude	ore_ont_12281.owl	0.0712	0.189	11.18	38.44
konclude	ore_ont_12387.owl	4.358	8.0548	422.03	1211.74
konclude	ore_ont_12397.owl	0.0412	0.1884	10.55	41.14
konclude	ore_ont_12405.owl	0.2217	0.2617	64.27	69.88
konclude	ore_ont_12414.owl	4.9557	4.5709	476.87	865.59
konclude	ore_ont_12528.owl	1.077	11.6122	120.92	2117.94
konclude	ore_ont_12653.owl	0.1029	0.0988	48.67	32.81
konclude	ore_ont_12698.owl	1.7982	0.972	723.2	285.8
konclude	ore_ont_1272.owl	2.7409	2.2365	676.85	381.03
konclude	ore_ont_12776.owl	0.1057	0.3119	16.18	78.8
konclude	ore_ont_12802.owl	0.2522	0.7212	62.5	145.92
konclude	ore_ont_12831.owl	0.0412	0.135	7.5	32.05
konclude	ore_ont_12906.owl	0.0413	0.074	5.94	29.23
konclude	ore_ont_13000.owl	0.1612	0.3891	31.8	90.19
konclude	ore_ont_13035.owl	0.074	0.15	79.02	32.23
konclude	ore_ont_13053.owl	0.0416	0.0966	7.19	30.69
konclude	ore_ont_1306.owl	0.3019	14.8257	9.62	3057.78
konclude	ore_ont_13066.owl	0.0431	0.0999	8.13	27.17
konclude	ore_ont_13071.owl	1.4159	1.2452	393.61	340.08
konclude	ore_ont_13113.owl	0.1068	0.1251	45.37	38.99
konclude	ore_ont_13132.owl	0.0737	0.1055	61.55	30.2
konclude	ore_ont_13141.owl	0.1012	0.3017	18.68	71.67
konclude	ore_ont_13204.owl	0.0414	0.0706	6.88	27.9
konclude	ore_ont_13224.owl	5.9622	5.7651	358.57	861.54
konclude	ore_ont_13234.owl	0.0413	0.105	6.88	29.43
konclude	ore_ont_13243.owl	1.5906	2.3941	135.48	409.95
konclude	ore_ont_1325.owl	0.0406	0.0707	7.5	30.39
konclude	ore_ont_13277.owl	0.0413	0.0712	7.19	26.77
konclude	ore_ont_13301.owl	0.0416	0.0731	6.88	27.19
konclude	ore_ont_13355.owl	1.1769	14.9636	78.28	2100.93
konclude	ore_ont_13383.owl	0.0706	0.1014	40.04	35.8
konclude	ore_ont_13392.owl	0.0417	0.0736	8.95	27.07
konclude	ore_ont_1340.owl	0.2801	0.2494	115.41	70.05
konclude	ore_ont_13429.owl	0.0412	0.0699	5.94	26.52
konclude	ore_ont_13444.owl	0.1641	0.1571	84.29	45.42
konclude	ore_ont_13482.owl	0.504	33.2391	15.48	4978.36
konclude	ore_ont_13503.owl	0.0417	0.0703	11.03	29.74
konclude	ore_ont_13530.owl	0.0413	0.132	6.88	27.54
konclude	ore_ont_1357.owl	1.7334	3.6404	190.35	598.8
konclude	ore_ont_13578.owl	0.0413	0.1419	10.0	35.62
konclude	ore_ont_13621.owl	0.34	0.3104	134.74	102.68
konclude	ore_ont_13643.owl	0.0418	0.0702	5.94	27.41
konclude	ore_ont_13664.owl	0.7055	1.333	77.72	255.26
konclude	ore_ont_1370.owl	2.9877	5.8873	258.98	1132.29
konclude	ore_ont_13752.owl	0.2666	0.5169	40.09	109.67
konclude	ore_ont_13755.owl	0.1024	0.1941	30.72	58.44
konclude	ore_ont_13759.owl	0.0412	0.099	9.46	27.77
konclude	ore_ont_13762.owl	0.1657	0.1007	151.55	29.24
konclude	ore_ont_13772.owl	0.0411	0.0999	8.62	29.28
konclude	ore_ont_13840.owl	0.1004	0.2798	19.62	76.92
konclude	ore_ont_13852.owl	0.1897	0.5201	50.24	108.12
konclude	ore_ont_13887.owl	0.072	0.0708	10.45	31.03
konclude	ore_ont_13902.owl	0.0704	1.5209	5.0	306.98
konclude	ore_ont_13912.owl	0.0409	0.2151	7.19	62.5
konclude	ore_ont_13964.owl	0.0405	1.0069	5.0	198.13
konclude	ore_ont_13969.owl	2.7382	4.7655	211.17	841.44
konclude	ore_ont_14027.owl	0.1323	0.5167	30.14	115.19
konclude	ore_ont_14031.owl	0.0713	0.158	11.18	42.88
konclude	ore_ont_14042.owl	1.2516	34.8822	120.67	4326.73
konclude	ore_ont_14123.owl	0.0416	0.1023	9.38	37.37
konclude	ore_ont_14153.owl	0.1299	0.1306	40.27	40.12
konclude	ore_ont_14194.owl	0.3218	0.3372	136.26	102.15
konclude	ore_ont_1420.owl	0.0411	0.0697	7.5	27.05
konclude	ore_ont_14216.owl	0.1286	5.7995	7.5	1282.27
konclude	ore_ont_14273.owl	0.0421	0.1017	7.96	26.92
konclude	ore_ont_14280.owl	0.1869	0.3985	32.39	103.46
konclude	ore_ont_14312.owl	2.65	1.5573	593.29	279.24
konclude	ore_ont_14327.owl	0.0412	0.1283	6.56	30.64
konclude	ore_ont_14375.owl	0.5255	1.2157	96.08	335.04
konclude	ore_ont_14450.owl	0.2838	0.3625	114.21	71.61
konclude	ore_ont_14459.owl	4.0276	41.2674	216.18	5252.08
konclude	ore_ont_14499.owl	0.1912	0.3326	29.62	85.85
konclude	ore_ont_14508.owl	0.0414	1.2424	5.0	243.18
konclude	ore_ont_14518.owl	0.0438	0.0987	7.5	28.68
konclude	ore_ont_14543.owl	1.2763	2.8962	129.88	603.94
konclude	ore_ont_14574.owl	0.1855	0.3416	30.0	64.67
konclude	ore_ont_14587.owl	0.1625	0.4259	27.43	97.12
konclude	ore_ont_14607.owl	0.8395	4.4845	11.18	693.89
konclude	ore_ont_1473.owl	0.0431	0.1313	8.12	32.81
konclude	ore_ont_148.owl	0.3123	0.3015	135.85	90.12
konclude	ore_ont_1481.owl	2.4546	1.0626	322.0	305.78
konclude	ore_ont_14817.owl	56.0658	12.1064	7764.88	3755.62
konclude	ore_ont_14826.owl	0.0414	0.1322	8.98	27.71
konclude	ore_ont_14840.owl	0.0419	0.1307	9.38	37.15
konclude	ore_ont_14848.owl	0.0426	0.1294	8.44	25.31
konclude	ore_ont_14896.owl	0.3152	0.3096	139.97	85.03
konclude	ore_ont_14901.owl	0.0512	0.1307	8.75	31.37
konclude	ore_ont_14926.owl	0.0387	0.1274	6.25	29.52
konclude	ore_ont_1493.owl	0.1319	0.2487	21.49	71.29
konclude	ore_ont_14934.owl	0.8575	1.9961	107.03	362.54
konclude	ore_ont_1494.owl	0.041	0.0984	8.44	31.33
konclude	ore_ont_1501.owl	0.1603	0.3747	31.49	86.88
konclude	ore_ont_15059.owl	3.3784	65.309	70.29	7712.79
konclude	ore_ont_15068.owl	0.041	0.1012	5.94	28.92
konclude	ore_ont_15098.owl	0.0719	0.3656	21.34	93.84
konclude	ore_ont_15099.owl	0.0697	1.304	3.75	281.28
konclude	ore_ont_15145.owl	0.0419	0.0999	5.94	27.61
konclude	ore_ont_15152.owl	0.1908	0.2802	54.22	67.9
konclude	ore_ont_15172.owl	2.3287	2.332	290.65	476.78
konclude	ore_ont_15178.owl	0.453	0.7902	87.63	162.07
konclude	ore_ont_15222.owl	0.0995	0.1982	23.2	55.77
konclude	ore_ont_15231.owl	0.0415	0.1301	7.19	30.05
konclude	ore_ont_15260.owl	0.2208	0.4727	39.65	111.12
konclude	ore_ont_15280.owl	0.4741	26.1556	11.41	4747.53
konclude	ore_ont_15288.owl	0.1023	0.3587	24.07	72.23
konclude	ore_ont_15292.owl	0.0419	0.1572	11.18	42.18
konclude	ore_ont_15341.owl	0.0997	0.3087	19.71	75.55
konclude	ore_ont_15388.owl	1.4578	1.501	130.07	296.93
konclude	ore_ont_15397.owl	0.0411	0.1006	7.81	32.93
konclude	ore_ont_15399.owl	0.0385	0.099	7.19	28.37
konclude	ore_ont_15461.owl	0.0422	0.0998	10.0	27.49
konclude	ore_ont_15491.owl	1.6091	0.689	654.19	218.82
konclude	ore_ont_15536.owl	0.7142	2.1124	136.38	706.64
konclude	ore_ont_1555.owl	0.162	0.2728	111.72	76.53
konclude	ore_ont_15576.owl	0.0418	0.1006	6.25	26.25
konclude	ore_ont_1559.owl	2.7676	48.1843	96.45	6467.07
konclude	ore_ont_15615.owl	0.5169	0.3418	283.39	107.24
konclude	ore_ont_15672.owl	0.7546	0.0953	65.68	32.79
konclude	ore_ont_15696.owl	2.2182	4.3428	180.65	705.39
konclude	ore_ont_15703.owl	2.8293	28.8088	53.8	3665.12
konclude	ore_ont_15725.owl	1.6371	2.7828	252.35	805.41
konclude	ore_ont_1579.owl	7.7444	21.1894	821.56	6055.46
konclude	ore_ont_15790.owl	0.3808	1.0972	53.62	222.3
konclude	ore_ont_15791.owl	0.435	0.6324	78.75	185.2
konclude	ore_ont_15793.owl	0.2856	0.6534	72.84	121.08
konclude	ore_ont_15803.owl	1.5136	35.4676	109.79	9657.35
konclude	ore_ont_15846.owl	11.5607	25.9483	1058.43	6125.95
konclude	ore_ont_15860.owl	0.074	0.228	10.28	45.93
konclude	ore_ont_15882.owl	0.0419	0.1549	6.25	29.27
konclude	ore_ont_15917.owl	0.0999	0.2736	19.8	76.87
konclude	ore_ont_15929.owl	2.982	3.2326	263.31	581.16
konclude	ore_ont_15932.owl	0.133	0.2948	34.3	62.7
konclude	ore_ont_15944.owl	0.1009	0.276	18.68	62.8
konclude	ore_ont_15950.owl	0.0413	0.1377	10.0	38.54
konclude	ore_ont_15968.owl	0.0718	0.2451	17.13	55.71
konclude	ore_ont_15976.owl	4.6411	7.4677	363.59	1175.21
konclude	ore_ont_15985.owl	0.0411	0.1283	9.38	33.79
konclude	ore_ont_16008.owl	3.5768	34.3614	191.96	4586.15
konclude	ore_ont_1603.owl	4.8142	0.126	481.91	65.61
konclude	ore_ont_16076.owl	0.043	0.0983	7.19	27.37
konclude	ore_ont_16114.owl	0.1626	0.5776	32.01	130.44
konclude	ore_ont_16167.owl	0.0416	0.0997	8.75	27.49
konclude	ore_ont_1618.owl	0.0414	0.0717	14.81	26.55
konclude	ore_ont_16299.owl	0.2205	0.4217	34.22	97.76
konclude	ore_ont_16303.owl	4.1201	0.3731	2098.83	79.67
konclude	ore_ont_16312.owl	0.0413	0.1543	8.44	36.04
konclude	ore_ont_16351.owl	0.0419	0.0996	7.19	27.24
konclude	ore_ont_16444.owl	9.1775	4.4866	1911.52	747.48
konclude	ore_ont_16461.owl	0.3019	0.1191	24.29	29.89
konclude	ore_ont_16462.owl	10.5861	15.4042	2112.84	2818.23
konclude	ore_ont_16501.owl	0.0418	0.1009	8.75	30.18
konclude	ore_ont_16558.owl	0.1376	0.2897	18.37	62.1
konclude	ore_ont_16559.owl	0.0422	0.7529	4.38	151.92
konclude	ore_ont_16596.owl	4.2812	8.3328	362.37	1186.18
konclude	ore_ont_16619.owl	0.3964	0.6038	49.25	124.38
konclude	ore_ont_16626.owl	0.0413	0.1016	7.19	30.39
konclude	ore_ont_1666.owl	0.1279	0.3109	28.34	83.82
konclude	ore_ont_16684.owl	0.0704	1.9628	4.69	365.37
konclude	ore_ont_16687.owl	0.4329	1.0977	68.76	211.5
konclude	ore_ont_16730.owl	0.0431	0.099	6.56	28.93
konclude	ore_ont_16744.owl	10.4773	66.7494	69.98	8391.19
konclude	ore_ont_16777.owl	0.0424	0.1018	8.75	29.46
konclude	ore_ont_16821.owl	0.0442	0.1877	7.5	31.21
konclude	ore_ont_178.owl	0.1064	0.0725	34.16	29.12
konclude	ore_ont_1790.owl	0.3127	0.2813	134.77	92.03
konclude	ore_ont_1793.owl	0.071	0.0697	8.75	30.5
konclude	ore_ont_1902.owl	0.0412	0.0682	8.75	27.39
konclude	ore_ont_1967.owl	0.0412	0.0704	7.19	27.3
konclude	ore_ont_1970.owl	0.1598	0.3146	26.8	81.71
konclude	ore_ont_2011.owl	0.0409	0.0978	9.06	36.71
konclude	ore_ont_2036.owl	0.0435	0.0717	6.88	28.4
konclude	ore_ont_2046.owl	0.1321	4.9778	6.38	1111.55
konclude	ore_ont_2066.owl	0.0435	0.0695	6.88	29.73
konclude	ore_ont_2105.owl	0.0415	0.6062	5.0	136.04
konclude	ore_ont_2128.owl	0.2842	0.4251	36.8	110.91
konclude	ore_ont_2129.owl	0.4144	0.3437	85.05	89.65
konclude	ore_ont_2195.owl	0.1122	0.0694	34.1	29.87
konclude	ore_ont_2228.owl	0.0408	0.0779	8.75	28.77
konclude	ore_ont_2237.owl	0.0415	0.0733	8.52	27.98
konclude	ore_ont_2243.owl	0.2714	4.5084	14.79	748.82
konclude	ore_ont_2253.owl	0.1564	6.4923	7.43	1296.88
konclude	ore_ont_2266.owl	0.0407	0.1245	9.38	41.57
konclude	ore_ont_2313.owl	8.3556	0.4507	267.2	148.63
konclude	ore_ont_2317.owl	0.3112	0.7209	52.18	152.18
konclude	ore_ont_2333.owl	0.1339	0.2483	49.09	78.34
konclude	ore_ont_2361.owl	5.0317	4.3059	449.63	846.09
konclude	ore_ont_2377.owl	0.0989	0.1609	17.12	49.42
konclude	ore_ont_2378.owl	0.0433	0.1013	8.44	35.51
konclude	ore_ont_2397.owl	2.0631	0.8012	510.52	179.74
konclude	ore_ont_2440.owl	0.0707	0.1624	11.18	43.66
konclude	ore_ont_2453.owl	0.3129	0.2532	69.05	76.23
konclude	ore_ont_2469.owl	2.8675	4.6778	234.33	815.65
konclude	ore_ont_2485.owl	0.0406	0.0734	7.19	26.74
konclude	ore_ont_2491.owl	0.0432	0.75	3.44	161.46
konclude	ore_ont_2496.owl	0.0428	0.1329	11.14	43.15
konclude	ore_ont_2497.owl	0.2081	0.3983	31.8	102.79
konclude	ore_ont_2557.owl	0.0412	0.0682	8.31	28.23
konclude	ore_ont_2569.owl	0.0707	0.163	12.43	47.8
konclude	ore_ont_258.owl	0.0405	0.1014	5.94	26.25
konclude	ore_ont_2591.owl	0.279	0.5813	73.74	132.36
konclude	ore_ont_2627.owl	1.2563	1.2401	299.65	241.44
konclude	ore_ont_2632.owl	1.7728	2.8855	461.56	590.84
konclude	ore_ont_2654.owl	0.0411	0.0716	8.49	28.5
konclude	ore_ont_2661.owl	0.3437	1.1341	56.18	225.05
konclude	ore_ont_2662.owl	0.0404	0.0861	7.5	27.87
konclude	ore_ont_2672.owl	0.0409	0.0714	8.44	31.62
konclude	ore_ont_2678.owl	0.0731	0.0855	63.44	31.14
konclude	ore_ont_269.owl	0.0693	1.5581	4.69	272.08
konclude	ore_ont_2713.owl	0.0404	0.1091	8.12	30.61
konclude	ore_ont_2720.owl	0.0417	0.1006	8.44	31.74
konclude	ore_ont_2744.owl	0.1288	0.1382	71.79	32.29
konclude	ore_ont_2753.owl	0.0409	0.1054	7.5	27.8
konclude	ore_ont_2803.owl	3.1908	3.4678	190.28	583.56
konclude	ore_ont_2828.owl	6.9702	6.4027	375.12	1057.09
konclude	ore_ont_2860.owl	0.2272	0.1017	139.38	36.23
konclude	ore_ont_2876.owl	0.0412	0.0778	6.88	27.68
konclude	ore_ont_3050.owl	0.3121	0.3169	132.56	93.0
konclude	ore_ont_3082.owl	0.0414	0.078	5.62	28.05
konclude	ore_ont_3106.owl	0.1296	0.3258	23.87	83.18
konclude	ore_ont_3164.owl	2.6125	5.168	442.96	1477.47
konclude	ore_ont_3177.owl	0.1601	0.304	27.31	75.51
konclude	ore_ont_3215.owl	87.0835	58.995	9690.27	9716.5
konclude	ore_ont_3231.owl	0.0713	0.1053	35.0	30.81
konclude	ore_ont_3259.owl	0.0704	0.0763	9.04	29.87
konclude	ore_ont_3260.owl	0.0449	0.0717	12.17	28.64
konclude	ore_ont_33.owl	0.2492	0.4575	34.61	97.23
konclude	ore_ont_3313.owl	0.0408	0.139	9.93	47.79
konclude	ore_ont_3349.owl	0.0411	0.0727	9.06	33.21
konclude	ore_ont_3377.owl	1.9119	76.2649	110.39	4477.44
konclude	ore_ont_338.owl	0.0414	0.1019	8.75	28.64
konclude	ore_ont_3406.owl	0.3752	0.6209	56.07	137.49
konclude	ore_ont_3414.owl	4.5773	2.4	981.27	419.84
konclude	ore_ont_3418.owl	0.0415	0.0718	9.06	31.03
konclude	ore_ont_3463.owl	0.0408	0.0701	5.94	28.27
konclude	ore_ont_3480.owl	0.1917	0.7252	37.43	165.62
konclude	ore_ont_3524.owl	2.0479	32.5232	53.43	4197.91
konclude	ore_ont_3560.owl	1.3963	12.4378	74.36	2060.86
konclude	ore_ont_3635.owl	0.0409	0.0888	9.38	38.32
konclude	ore_ont_3640.owl	0.0715	0.2216	15.35	72.37
konclude	ore_ont_3658.owl	3.2489	8.668	546.83	2462.44
konclude	ore_ont_3712.owl	0.131	0.3705	26.81	94.12
konclude	ore_ont_3770.owl	0.0413	0.0715	8.75	30.24
konclude	ore_ont_3784.owl	0.2229	0.2456	64.61	70.7
konclude	ore_ont_3795.owl	0.3363	0.2804	138.21	82.39
konclude	ore_ont_3797.owl	0.1319	0.4598	29.3	105.71
konclude	ore_ont_380.owl	0.041	0.1308	9.62	37.68
konclude	ore_ont_3836.owl	1.9597	37.773	41.48	4421.59
konclude	ore_ont_3842.owl	0.0423	0.1013	8.07	26.76
konclude	ore_ont_3905.owl	0.251	0.2485	110.39	72.69
konclude	ore_ont_3909.owl	0.0405	0.0709	6.88	29.46
konclude	ore_ont_3931.owl	0.0716	0.1324	24.27	43.86
konclude	ore_ont_394.owl	0.0702	0.1301	28.91	30.85
konclude	ore_ont_3954.owl	0.7712	3.0128	129.61	621.88
konclude	ore_ont_3978.owl	0.071	0.0977	12.19	35.61
konclude	ore_ont_4033.owl	0.0694	2.9738	5.0	697.08
konclude	ore_ont_4054.owl	2.6124	5.5116	207.88	1065.51
konclude	ore_ont_412.owl	0.0736	0.1363	16.03	41.74
konclude	ore_ont_4187.owl	3.8283	8.7426	645.5	2361.81
konclude	ore_ont_4205.owl	1.5269	18.2687	43.86	2151.52
konclude	ore_ont_4226.owl	0.1603	0.396	31.8	89.66
konclude	ore_ont_4235.owl	0.2844	0.9952	48.1	167.63
konclude	ore_ont_4382.owl	0.0412	0.0709	8.44	29.18
konclude	ore_ont_4383.owl	0.1004	0.1594	16.8	49.29
konclude	ore_ont_4400.owl	0.0412	0.0718	7.5	32.6
konclude	ore_ont_443.owl	0.0703	0.2774	22.12	67.55
konclude	ore_ont_4460.owl	0.1615	0.4277	27.19	100.91
konclude	ore_ont_4487.owl	0.8538	1.9742	105.43	363.96
konclude	ore_ont_4527.owl	0.041	0.1691	10.87	47.77
konclude	ore_ont_4557.owl	0.1278	6.2318	7.19	1202.18
konclude	ore_ont_457.owl	0.0701	0.1009	13.75	36.75
konclude	ore_ont_4572.owl	4.0555	5.1254	293.52	1192.57
konclude	ore_ont_4578.owl	0.1317	0.3232	24.3	82.82
konclude	ore_ont_4604.owl	11.6895	8.909	2782.82	1387.63
konclude	ore_ont_4617.owl	1.2258	2.7227	151.62	454.48
konclude	ore_ont_4655.owl	0.1025	0.2184	31.2	59.98
konclude	ore_ont_4662.owl	0.1616	0.6122	34.88	163.32
konclude	ore_ont_4671.owl	0.0407	0.0962	9.32	31.85
konclude	ore_ont_4724.owl	0.0415	0.0716	7.94	27.12
konclude	ore_ont_4732.owl	0.1325	0.3743	26.8	95.43
konclude	ore_ont_4755.owl	7.6668	6.5337	743.73	1201.34
konclude	ore_ont_4767.owl	0.0434	0.0707	7.81	28.55
konclude	ore_ont_4782.owl	1.0091	2.4591	121.68	418.36
konclude	ore_ont_4798.owl	0.1005	0.1611	23.65	54.5
konclude	ore_ont_4802.owl	3.0793	3.9903	232.6	704.02
konclude	ore_ont_4827.owl	0.2224	0.1024	42.01	50.52
konclude	ore_ont_4834.owl	0.2874	0.2801	138.69	82.98
konclude	ore_ont_4856.owl	0.0414	0.0745	7.5	26.86
konclude	ore_ont_4897.owl	0.071	0.1062	9.63	32.24
konclude	ore_ont_5002.owl	0.1667	0.3964	31.36	92.08
konclude	ore_ont_5057.owl	0.0405	0.0745	9.69	31.75
konclude	ore_ont_508.owl	0.0409	0.0969	7.5	28.41
konclude	ore_ont_5080.owl	0.07	0.1382	11.18	41.48
konclude	ore_ont_5089.owl	0.0417	0.0751	7.81	31.5
konclude	ore_ont_5090.owl	0.0414	0.072	6.88	27.39
konclude	ore_ont_5103.owl	1.1449	1.928	142.03	480.25
konclude	ore_ont_5107.owl	1.1762	0.0717	385.58	46.36
konclude	ore_ont_5164.owl	0.0417	0.0719	9.35	29.18
konclude	ore_ont_5184.owl	0.0729	0.0711	43.58	34.68
konclude	ore_ont_5197.owl	0.0707	0.1633	14.93	54.16
konclude	ore_ont_5220.owl	0.0408	0.1051	7.43	34.54
konclude	ore_ont_5255.owl	0.0411	0.0712	6.88	28.2
konclude	ore_ont_5266.owl	0.0416	0.1061	10.31	38.3
konclude	ore_ont_5292.owl	0.0415	0.0703	9.67	26.68
konclude	ore_ont_5303.owl	0.3566	0.1071	64.47	56.25
konclude	ore_ont_5404.owl	0.041	0.0752	18.44	30.91
konclude	ore_ont_541.owl	0.1599	0.1011	50.23	40.94
konclude	ore_ont_544.owl	0.0998	0.131	17.5	47.8
konclude	ore_ont_5462.owl	0.2219	0.2503	64.12	68.68
konclude	ore_ont_5485.owl	0.041	0.1028	10.56	41.16
konclude	ore_ont_5487.owl	0.2932	0.6615	44.22	145.45
konclude	ore_ont_5519.owl	1.3966	11.9575	68.37	2095.38
konclude	ore_ont_5549.owl	4.9824	4.4747	450.06	843.82
konclude	ore_ont_5564.owl	0.0722	0.0713	31.26	33.55
konclude	ore_ont_5566.owl	3.0153	6.5089	305.99	994.82
konclude	ore_ont_5572.owl	0.0417	0.0719	8.75	27.05
konclude	ore_ont_5602.owl	0.1291	5.7179	7.46	1251.38
konclude	ore_ont_5612.owl	2.9986	3.3711	268.26	591.73
konclude	ore_ont_566.owl	0.0419	0.1911	8.99	37.99
konclude	ore_ont_5665.owl	0.0413	0.07	8.44	29.36
konclude	ore_ont_5742.owl	0.0412	0.07	5.62	29.9
konclude	ore_ont_5755.owl	0.9884	3.1219	129.77	635.66
konclude	ore_ont_5760.owl	0.1576	6.5593	7.43	1465.36
konclude	ore_ont_5781.owl	2.7777	2.6667	337.01	547.57
konclude	ore_ont_5792.owl	0.1627	0.287	27.3	77.93
konclude	ore_ont_5815.owl	0.042	0.8472	5.0	186.99
konclude	ore_ont_5852.owl	0.0411	0.0667	5.62	27.12
konclude	ore_ont_5927.owl	2.4509	3.8434	201.2	647.93
konclude	ore_ont_5940.owl	0.1016	0.09	12.57	32.81
konclude	ore_ont_5943.owl	0.3146	0.3043	133.84	84.37
konclude	ore_ont_5965.owl	0.2814	0.5637	73.28	129.48
konclude	ore_ont_5966.owl	0.0409	0.0758	7.19	28.0
konclude	ore_ont_5974.owl	0.2792	0.5992	73.12	132.03
konclude	ore_ont_6024.owl	0.0418	0.078	9.06	29.55
konclude	ore_ont_6060.owl	0.3324	0.2849	139.64	84.23
konclude	ore_ont_6076.owl	0.4312	0.5422	49.1	123.44
konclude	ore_ont_6102.owl	0.2156	0.7295	48.88	205.78
konclude	ore_ont_6198.owl	0.3949	0.435	40.24	104.28
konclude	ore_ont_6207.owl	0.0417	0.0712	7.81	27.48
konclude	ore_ont_6212.owl	2.5614	27.8383	84.24	3406.47
konclude	ore_ont_6223.owl	0.7275	7.4161	68.38	1393.57
konclude	ore_ont_6226.owl	0.0726	0.1324	25.1	40.62
konclude	ore_ont_6230.owl	0.1702	0.3392	30.94	89.11
konclude	ore_ont_6233.owl	0.2909	14.9379	8.75	2996.73
konclude	ore_ont_6246.owl	0.5077	0.0707	55.0	30.8
konclude	ore_ont_6310.owl	0.5127	1.1151	69.09	224.1
konclude	ore_ont_6358.owl	0.1621	0.3971	27.74	98.1
konclude	ore_ont_637.owl	0.0412	0.1014	8.75	31.13
konclude	ore_ont_6417.owl	0.042	0.0707	9.06	28.96
konclude	ore_ont_6423.owl	0.2839	0.1895	76.39	64.32
konclude	ore_ont_6433.owl	0.2231	0.5711	38.88	124.06
konclude	ore_ont_6453.owl	0.283	0.5211	73.03	130.64
konclude	ore_ont_6477.owl	0.3316	8.5144	27.2	1620.38
konclude	ore_ont_6566.owl	0.0708	0.1247	13.37	42.73
konclude	ore_ont_6589.owl	0.0438	0.0677	7.45	28.02
konclude	ore_ont_6659.owl	0.7909	1.2536	75.25	242.8
konclude	ore_ont_6682.owl	24.7556	11.3638	5077.37	2857.18
konclude	ore_ont_6696.owl	0.0409	0.1071	9.38	33.18
konclude	ore_ont_670.owl	0.0705	0.1268	12.12	40.45
konclude	ore_ont_6720.owl	0.0432	0.1011	9.06	31.93
konclude	ore_ont_6722.owl	3.2367	4.8637	378.7	818.62
konclude	ore_ont_6735.owl	0.0412	0.0704	6.25	27.43
konclude	ore_ont_6751.owl	0.2195	0.3613	30.82	90.78
konclude	ore_ont_6765.owl	0.2867	0.2808	130.81	90.43
konclude	ore_ont_6796.owl	0.0546	0.0708	7.5	28.62
konclude	ore_ont_6812.owl	0.0412	0.0714	5.94	27.16
konclude	ore_ont_6817.owl	0.0416	0.1662	10.25	52.24
konclude	ore_ont_6855.owl	0.0425	0.0843	19.01	29.41
konclude	ore_ont_6869.owl	0.1608	0.3859	26.49	94.62
konclude	ore_ont_6870.owl	0.2806	0.5106	43.37	114.77
konclude	ore_ont_6934.owl	0.1123	0.1882	52.31	61.93
konclude	ore_ont_6999.owl	0.1042	0.1045	57.55	40.78
konclude	ore_ont_7003.owl	0.0418	0.0736	8.31	28.95
konclude	ore_ont_7025.owl	0.2838	0.2771	139.95	84.27
konclude	ore_ont_703.owl	0.0405	0.1262	8.12	30.18
konclude	ore_ont_7052.owl	0.0413	0.1404	11.8	43.93
konclude	ore_ont_7120.owl	0.0427	0.135	10.87	44.38
konclude	ore_ont_7127.owl	8.9391	5.6694	1959.93	888.71
konclude	ore_ont_7169.owl	0.0413	0.1005	8.44	32.5
konclude	ore_ont_7195.owl	0.2552	0.3427	40.46	102.34
konclude	ore_ont_7216.owl	0.0991	0.1294	15.51	43.68
konclude	ore_ont_7218.owl	0.1	0.2229	19.55	65.39
konclude	ore_ont_7220.owl	0.041	0.096	8.75	33.32
konclude	ore_ont_7234.owl	0.222	0.4477	39.94	111.42
konclude	ore_ont_7246.owl	1.3724	12.414	24.87	1607.49
konclude	ore_ont_725.owl	0.0411	0.1255	9.69	38.45
konclude	ore_ont_7251.owl	0.1308	0.5215	28.7	134.69
konclude	ore_ont_7256.owl	0.0703	1.6207	4.69	309.12
konclude	ore_ont_7270.owl	0.0412	0.0706	7.19	27.43
konclude	ore_ont_7300.owl	1.5105	1.3495	363.5	265.09
konclude	ore_ont_7320.owl	0.329	0.2796	137.99	82.12
konclude	ore_ont_7340.owl	2.6455	6.72	301.0	966.1
konclude	ore_ont_7343.owl	0.2135	2.9561	4.92	482.04
konclude	ore_ont_7409.owl	7.1444	10.6985	1671.8	2028.21
konclude	ore_ont_7417.owl	0.0418	0.0709	7.5	26.56
konclude	ore_ont_7418.owl	0.0698	0.0703	9.04	30.3
konclude	ore_ont_7439.owl	0.1626	0.3456	31.49	88.66
konclude	ore_ont_7455.owl	1.5469	2.5412	189.12	491.28
konclude	ore_ont_7474.owl	0.318	0.2825	129.41	92.05
konclude	ore_ont_7482.owl	0.0423	0.0702	7.19	26.43
konclude	ore_ont_7493.owl	0.6421	1.3237	74.16	266.83
konclude	ore_ont_7499.owl	6.4011	1.2048	271.57	489.89
konclude	ore_ont_7567.owl	2.169	4.6382	227.86	764.39
konclude	ore_ont_7576.owl	0.0426	0.0707	7.81	28.85
konclude	ore_ont_7581.owl	17.6839	12.6877	4252.74	2108.4
konclude	ore_ont_7608.owl	0.2244	0.8982	42.6	186.96
konclude	ore_ont_7639.owl	0.0413	0.0712	7.81	27.05
konclude	ore_ont_7663.owl	0.0408	0.0709	6.88	29.99
konclude	ore_ont_7716.owl	0.3409	0.7294	52.47	163.8
konclude	ore_ont_7726.owl	0.3711	0.4811	46.34	95.4
konclude	ore_ont_7728.owl	1.8759	4.1119	203.13	672.93
konclude	ore_ont_7775.owl	0.3456	0.1907	135.86	73.42
konclude	ore_ont_7831.owl	0.0415	0.9423	3.75	199.86
konclude	ore_ont_7868.owl	5.2412	5.7498	390.95	934.22
konclude	ore_ont_7890.owl	0.041	0.0703	6.56	28.92
konclude	ore_ont_7901.owl	0.1293	0.0701	13.23	30.16
konclude	ore_ont_7914.owl	7.6134	5.3253	1204.62	1475.43
konclude	ore_ont_795.owl	3.4673	3.7421	239.34	624.48
konclude	ore_ont_7956.owl	5.3321	3.4342	1314.57	593.51
konclude	ore_ont_7993.owl	0.1573	6.6732	7.12	1415.58
konclude	ore_ont_8006.owl	0.2245	0.13	99.52	38.41
konclude	ore_ont_8021.owl	0.0419	0.0715	9.67	32.33
konclude	ore_ont_8068.owl	5.1133	4.3424	454.95	818.24
konclude	ore_ont_8135.owl	0.0415	0.0977	9.06	33.17
konclude	ore_ont_8145.owl	0.2431	2.9259	4.92	486.45
konclude	ore_ont_8169.owl	0.0411	0.0691	7.19	28.48
konclude	ore_ont_8175.owl	0.0712	0.1598	10.55	43.75
konclude	ore_ont_8298.owl	0.0708	0.1258	10.87	44.18
konclude	ore_ont_8322.owl	0.3118	0.3283	135.23	92.71
konclude	ore_ont_8329.owl	0.1066	0.2196	20.24	62.19
konclude	ore_ont_8347.owl	0.6473	0.5263	159.87	113.45
konclude	ore_ont_8369.owl	0.0419	0.0724	8.49	28.81
konclude	ore_ont_840.owl	0.7024	1.7146	83.17	294.45
konclude	ore_ont_8462.owl	0.0421	0.0697	8.55	25.94
konclude	ore_ont_8480.owl	1.6921	4.8824	321.34	1203.4
konclude	ore_ont_8486.owl	4.2665	52.2709	227.79	5590.12
konclude	ore_ont_8492.owl	0.2019	0.3697	31.49	88.23
konclude	ore_ont_8557.owl	0.1297	2.0496	4.92	295.88
konclude	ore_ont_8579.owl	0.2297	0.5522	50.82	135.52
konclude	ore_ont_8634.owl	1.24	1.9073	115.53	353.38
konclude	ore_ont_8641.owl	0.1313	0.2196	24.86	60.31
konclude	ore_ont_8667.owl	0.0401	0.0699	6.56	27.67
konclude	ore_ont_868.owl	4.7157	46.4039	269.11	6193.62
konclude	ore_ont_869.owl	0.0699	0.159	11.18	42.81
konclude	ore_ont_8730.owl	0.0717	0.0983	10.09	34.08
konclude	ore_ont_8737.owl	8.8792	56.5815	60.14	7117.39
konclude	ore_ont_8744.owl	0.0701	0.1555	12.39	51.05
konclude	ore_ont_8759.owl	0.1307	0.2214	17.11	66.31
konclude	ore_ont_8792.owl	0.2227	0.7846	40.88	191.62
konclude	ore_ont_8806.owl	0.042	0.071	7.81	27.87
konclude	ore_ont_8864.owl	0.5452	0.4609	111.36	121.95
konclude	ore_ont_8937.owl	0.0411	0.1037	7.5	27.37
konclude	ore_ont_8941.owl	0.0413	0.1305	8.99	40.49
konclude	ore_ont_8974.owl	0.0415	0.0728	7.5	27.49
konclude	ore_ont_8982.owl	2.7405	5.7078	292.79	893.15
konclude	ore_ont_8999.owl	0.3107	0.2814	134.82	89.62
konclude	ore_ont_9002.owl	0.0416	0.0739	8.75	26.74
konclude	ore_ont_9014.owl	0.7042	0.3364	203.67	80.94
konclude	ore_ont_9020.owl	0.131	0.1889	20.86	44.55
konclude	ore_ont_9024.owl	0.3977	0.1665	77.94	57.48
konclude	ore_ont_9031.owl	0.0412	0.0711	7.19	28.11
konclude	ore_ont_9096.owl	0.1018	0.1292	51.52	40.18
konclude	ore_ont_935.owl	0.4439	0.7458	49.82	192.16
konclude	ore_ont_9400.owl	8.9722	6.6513	735.67	1268.64
konclude	ore_ont_9435.owl	0.0714	0.1601	14.62	48.64
konclude	ore_ont_947.owl	0.1593	0.3656	26.49	72.9
konclude	ore_ont_9498.owl	1.3249	15.7962	89.82	2407.65
konclude	ore_ont_9499.owl	8.4223	7.9664	784.59	1358.1
konclude	ore_ont_9509.owl	0.0416	0.0714	5.94	26.02
konclude	ore_ont_9513.owl	0.3587	0.7574	43.06	167.63
konclude	ore_ont_9540.owl	0.7809	0.5558	115.63	704.55
konclude	ore_ont_9557.owl	0.0748	0.0705	40.26	28.18
konclude	ore_ont_9567.owl	0.7627	3.0265	129.82	635.4
konclude	ore_ont_9590.owl	0.1616	0.8129	32.87	155.47
konclude	ore_ont_9598.owl	0.0405	0.1342	10.55	38.93
konclude	ore_ont_960.owl	0.308	0.2996	130.38	88.35
konclude	ore_ont_9612.owl	0.2524	0.3642	59.58	97.74
konclude	ore_ont_9635.owl	0.0721	0.1631	36.03	30.18
konclude	ore_ont_964.owl	0.1936	0.5939	41.45	131.95
konclude	ore_ont_9646.owl	0.0703	0.1606	12.75	49.87
konclude	ore_ont_9654.owl	14.2599	31.0375	1029.03	13719.31
konclude	ore_ont_9663.owl	22.1016	13.7267	4722.96	3780.08
konclude	ore_ont_9668.owl	0.289	0.2824	133.58	85.0
konclude	ore_ont_9674.owl	4.9099	44.4311	267.22	6041.19
konclude	ore_ont_9695.owl	0.0413	0.0712	9.06	28.12
konclude	ore_ont_9724.owl	44.534	10.7583	15660.97	2728.7
konclude	ore_ont_9761.owl	0.1008	0.3093	20.86	81.88
konclude	ore_ont_9768.owl	0.1287	6.0756	8.05	1253.2
konclude	ore_ont_9772.owl	0.1063	0.2171	30.27	60.64
konclude	ore_ont_9790.owl	0.1006	0.2513	16.85	65.62
konclude	ore_ont_9792.owl	0.1892	0.4782	26.46	116.74
konclude	ore_ont_9794.owl	0.7448	11.9968	21.29	1738.48
konclude	ore_ont_9854.owl	0.0415	0.0698	6.88	24.69
konclude	ore_ont_9857.owl	0.0704	0.1271	14.38	38.43
konclude	ore_ont_9881.owl	10.4258	0.5642	1893.54	167.78
konclude	ore_ont_9894.owl	0.7828	1.6826	92.88	319.8
konclude	ore_ont_9904.owl	0.0415	0.0718	7.81	26.45
konclude	ore_ont_9944.owl	1.0523	0.8262	278.56	224.74
konclude	ore_ont_9958.owl	3.1963	11.5697	565.28	4002.93
sequoia_strict	ore_ont_10016.owl	0.8033	15.704	30.54	8628.04
sequoia_strict	ore_ont_10032.owl	5.1701	8.3176	1180.57	4520.1
sequoia_strict	ore_ont_10056.owl	0.0409	1.5148	7.5	266.48
sequoia_strict	ore_ont_10134.owl	0.041	1.9391	9.38	365.21
sequoia_strict	ore_ont_10146.owl	0.1588	2.5098	39.95	520.72
sequoia_strict	ore_ont_1016.owl	0.9352	3.479	306.5	661.17
sequoia_strict	ore_ont_10160.owl	0.041	2.0487	10.55	392.35
sequoia_strict	ore_ont_1017.owl	0.0411	1.7724	9.06	320.98
sequoia_strict	ore_ont_10175.owl	2.8728	14.8576	180.26	11375.96
sequoia_strict	ore_ont_10248.owl	2.9692	8.2928	268.24	6770.24
sequoia_strict	ore_ont_10280.owl	0.1385	2.5448	23.05	480.44
sequoia_strict	ore_ont_10283.owl	0.0417	1.7963	8.44	300.04
sequoia_strict	ore_ont_10309.owl	0.0414	1.5354	6.88	252.15
sequoia_strict	ore_ont_10389.owl	0.1907	2.9728	30.84	552.28
sequoia_strict	ore_ont_10445.owl	1.4402	9.2381	14.09	3400.81
sequoia_strict	ore_ont_105.owl	0.0411	1.6071	6.25	265.36
sequoia_strict	ore_ont_10516.owl	0.0409	1.6633	8.12	269.15
sequoia_strict	ore_ont_10689.owl	4.894	105.3161	267.25	17528.66
sequoia_strict	ore_ont_10742.owl	0.0709	2.0661	14.3	445.52
sequoia_strict	ore_ont_10769.owl	0.0409	1.6206	8.44	256.26
sequoia_strict	ore_ont_10778.owl	1.774	6.8158	132.09	3449.52
sequoia_strict	ore_ont_10806.owl	0.1352	3.0409	29.62	568.92
sequoia_strict	ore_ont_1082.owl	1.0778	5.4179	95.05	3517.65
sequoia_strict	ore_ont_10890.owl	0.1608	3.0852	26.5	603.18
sequoia_strict	ore_ont_10968.owl	0.0708	2.1726	15.96	450.5
sequoia_strict	ore_ont_11009.owl	0.0712	1.9391	14.38	332.87
sequoia_strict	ore_ont_11010.owl	0.0415	1.5991	7.81	263.56
sequoia_strict	ore_ont_11014.owl	0.0413	1.8479	9.06	341.97
sequoia_strict	ore_ont_11081.owl	0.7644	4.2767	58.56	2685.23
sequoia_strict	ore_ont_11140.owl	0.0719	2.2234	18.99	451.41
sequoia_strict	ore_ont_11293.owl	2.9208	8.693	263.61	6890.98
sequoia_strict	ore_ont_11389.owl	0.3021	8.2018	14.5	3342.99
sequoia_strict	ore_ont_11395.owl	1.3211	43.4488	122.68	12859.45
sequoia_strict	ore_ont_11452.owl	0.2225	2.7221	32.79	547.46
sequoia_strict	ore_ont_11460.owl	12.9726	29.6738	3209.87	14181.64
sequoia_strict	ore_ont_11497.owl	0.041	1.5547	8.75	267.15
sequoia_strict	ore_ont_11504.owl	0.041	1.5037	6.56	265.3
sequoia_strict	ore_ont_11519.owl	2.5817	8.4156	211.23	4284.07
sequoia_strict	ore_ont_11522.owl	0.0424	1.6245	9.06	263.66
sequoia_strict	ore_ont_11559.owl	1.2436	6.0313	142.05	2379.75
sequoia_strict	ore_ont_11619.owl	0.0744	2.1485	15.57	433.9
sequoia_strict	ore_ont_11623.owl	0.7888	3.2392	271.54	684.25
sequoia_strict	ore_ont_11639.owl	0.0419	1.6313	5.94	266.49
sequoia_strict	ore_ont_11739.owl	2.063	67.6583	18.75	11781.15
sequoia_strict	ore_ont_11778.owl	1.9898	8.9387	213.8	3494.84
sequoia_strict	ore_ont_12007.owl	0.041	1.5604	6.56	264.38
sequoia_strict	ore_ont_12009.owl	0.0417	1.7997	9.69	313.74
sequoia_strict	ore_ont_12087.owl	3.7793	16.2101	363.05	6672.85
sequoia_strict	ore_ont_12141.owl	0.389	1.8944	77.69	323.05
sequoia_strict	ore_ont_12149.owl	0.7686	4.4128	73.73	2090.39
sequoia_strict	ore_ont_12161.owl	0.2221	2.7566	32.69	545.77
sequoia_strict	ore_ont_12194.owl	0.2834	3.3502	45.64	900.56
sequoia_strict	ore_ont_12281.owl	0.0712	2.3724	11.18	402.4
sequoia_strict	ore_ont_12387.owl	4.358	19.7587	422.03	6849.41
sequoia_strict	ore_ont_12397.owl	0.0412	2.0912	10.55	374.89
sequoia_strict	ore_ont_12405.owl	0.2217	3.2515	64.27	496.33
sequoia_strict	ore_ont_1272.owl	2.7409	6.1719	676.85	2409.82
sequoia_strict	ore_ont_12776.owl	0.1057	2.2885	16.18	449.59
sequoia_strict	ore_ont_12802.owl	0.2522	3.1729	62.5	553.02
sequoia_strict	ore_ont_12831.owl	0.0412	1.7887	7.5	292.09
sequoia_strict	ore_ont_12906.owl	0.0413	1.5699	5.94	260.86
sequoia_strict	ore_ont_13000.owl	0.1612	2.6342	31.8	547.21
sequoia_strict	ore_ont_13053.owl	0.0416	1.5897	7.19	266.12
sequoia_strict	ore_ont_13071.owl	1.4159	15.8373	393.61	13925.07
sequoia_strict	ore_ont_13141.owl	0.1012	2.3459	18.68	447.83
sequoia_strict	ore_ont_13204.owl	0.0414	1.5648	6.88	263.74
sequoia_strict	ore_ont_13224.owl	5.9622	10.6444	358.57	7629.46
sequoia_strict	ore_ont_13234.owl	0.0413	1.701	6.88	267.12
sequoia_strict	ore_ont_13243.owl	1.5906	6.2113	135.48	3699.91
sequoia_strict	ore_ont_13277.owl	0.0413	1.6059	7.19	266.87
sequoia_strict	ore_ont_13301.owl	0.0416	1.7304	6.88	272.91
sequoia_strict	ore_ont_13355.owl	1.1769	24.2338	78.28	11478.48
sequoia_strict	ore_ont_13392.owl	0.0417	1.5596	8.95	259.46
sequoia_strict	ore_ont_13429.owl	0.0412	1.5491	5.94	263.18
sequoia_strict	ore_ont_13444.owl	0.1641	1.8862	84.29	452.52
sequoia_strict	ore_ont_13530.owl	0.0413	1.5625	6.88	260.87
sequoia_strict	ore_ont_1357.owl	1.7334	6.7948	190.35	1963.95
sequoia_strict	ore_ont_13578.owl	0.0413	1.8977	10.0	333.76
sequoia_strict	ore_ont_13643.owl	0.0418	1.504	5.94	264.45
sequoia_strict	ore_ont_13664.owl	0.7055	4.173	77.72	1147.25
sequoia_strict	ore_ont_13752.owl	0.2666	3.112	40.09	540.58
sequoia_strict	ore_ont_13902.owl	0.0704	3.8829	5.0	1068.96
sequoia_strict	ore_ont_13964.owl	0.0405	3.3644	5.0	584.03
sequoia_strict	ore_ont_14027.owl	0.1323	2.8241	30.14	550.31
sequoia_strict	ore_ont_14031.owl	0.0713	2.066	11.18	425.11
sequoia_strict	ore_ont_14042.owl	1.2516	46.2372	120.67	12805.89
sequoia_strict	ore_ont_14123.owl	0.0416	1.907	9.38	363.24
sequoia_strict	ore_ont_14153.owl	0.1299	2.3672	40.27	523.18
sequoia_strict	ore_ont_1420.owl	0.0411	1.4322	7.5	264.55
sequoia_strict	ore_ont_14280.owl	0.1869	3.1323	32.39	713.27
sequoia_strict	ore_ont_14312.owl	2.65	5.2145	593.29	1821.73
sequoia_strict	ore_ont_14327.owl	0.0412	1.739	6.56	269.47
sequoia_strict	ore_ont_14459.owl	4.0276	71.4502	216.18	17322.4
sequoia_strict	ore_ont_14499.owl	0.1912	2.5718	29.62	536.68
sequoia_strict	ore_ont_14508.owl	0.0414	3.7507	5.0	914.31
sequoia_strict	ore_ont_14518.owl	0.0438	1.5519	7.5	270.04
sequoia_strict	ore_ont_14574.owl	0.1855	2.3457	30.0	526.95
sequoia_strict	ore_ont_14587.owl	0.1625	2.793	27.43	604.67
sequoia_strict	ore_ont_14607.owl	0.8395	6.276	11.18	1917.17
sequoia_strict	ore_ont_1473.owl	0.0431	1.8202	8.12	330.68
sequoia_strict	ore_ont_14826.owl	0.0414	1.6964	8.98	261.56
sequoia_strict	ore_ont_14840.owl	0.0419	2.0095	9.38	338.65
sequoia_strict	ore_ont_14901.owl	0.0512	1.7524	8.75	274.61
sequoia_strict	ore_ont_14926.owl	0.0387	1.6842	6.25	264.95
sequoia_strict	ore_ont_1493.owl	0.1319	2.4733	21.49	581.88
sequoia_strict	ore_ont_14934.owl	0.8575	5.7567	107.03	2039.14
sequoia_strict	ore_ont_1494.owl	0.041	1.6385	8.44	273.73
sequoia_strict	ore_ont_1501.owl	0.1603	2.819	31.49	564.36
sequoia_strict	ore_ont_15059.owl	3.3784	84.0975	70.29	17099.74
sequoia_strict	ore_ont_15099.owl	0.0697	3.985	3.75	1105.3
sequoia_strict	ore_ont_15145.owl	0.0419	1.5922	5.94	261.86
sequoia_strict	ore_ont_15152.owl	0.1908	2.849	54.22	510.87
sequoia_strict	ore_ont_15178.owl	0.453	3.1239	87.63	543.75
sequoia_strict	ore_ont_15222.owl	0.0995	2.2193	23.2	518.19
sequoia_strict	ore_ont_15260.owl	0.2208	3.0301	39.65	625.62
sequoia_strict	ore_ont_15292.owl	0.0419	2.0008	11.18	370.38
sequoia_strict	ore_ont_15388.owl	1.4578	5.7676	130.07	3209.66
sequoia_strict	ore_ont_15397.owl	0.0411	1.7647	7.81	296.83
sequoia_strict	ore_ont_15399.owl	0.0385	1.5264	7.19	255.65
sequoia_strict	ore_ont_15576.owl	0.0418	1.6219	6.25	264.74
sequoia_strict	ore_ont_1559.owl	2.7676	77.3627	96.45	16997.25
sequoia_strict	ore_ont_15696.owl	2.2182	9.4489	180.65	7482.22
sequoia_strict	ore_ont_15790.owl	0.3808	3.7993	53.62	846.24
sequoia_strict	ore_ont_15793.owl	0.2856	2.9597	72.84	544.59
sequoia_strict	ore_ont_15882.owl	0.0419	1.8027	6.25	256.31
sequoia_strict	ore_ont_15929.owl	2.982	8.1876	263.31	7282.12
sequoia_strict	ore_ont_15932.owl	0.133	2.2725	34.3	423.41
sequoia_strict	ore_ont_15944.owl	0.1009	2.2364	18.68	531.9
sequoia_strict	ore_ont_15950.owl	0.0413	2.0268	10.0	354.22
sequoia_strict	ore_ont_15968.owl	0.0718	2.5303	17.13	481.61
sequoia_strict	ore_ont_15976.owl	4.6411	12.7284	363.59	6973.27
sequoia_strict	ore_ont_15985.owl	0.0411	1.7275	9.38	309.07
sequoia_strict	ore_ont_16008.owl	3.5768	45.7045	191.96	17577.02
sequoia_strict	ore_ont_16076.owl	0.043	1.569	7.19	263.29
sequoia_strict	ore_ont_16114.owl	0.1626	3.0609	32.01	557.28
sequoia_strict	ore_ont_16299.owl	0.2205	2.7919	34.22	548.58
sequoia_strict	ore_ont_16312.owl	0.0413	3.1415	8.44	308.73
sequoia_strict	ore_ont_16351.owl	0.0419	1.5643	7.19	262.91
sequoia_strict	ore_ont_16444.owl	9.1775	9.42	1911.52	8058.71
sequoia_strict	ore_ont_16501.owl	0.0418	1.7328	8.75	262.52
sequoia_strict	ore_ont_16558.owl	0.1376	2.352	18.37	522.16
sequoia_strict	ore_ont_16559.owl	0.0422	3.0196	4.38	562.2
sequoia_strict	ore_ont_16596.owl	4.2812	13.1319	362.37	6177.59
sequoia_strict	ore_ont_16619.owl	0.3964	4.2272	49.25	1796.85
sequoia_strict	ore_ont_16626.owl	0.0413	1.7436	7.19	266.42
sequoia_strict	ore_ont_1666.owl	0.1279	2.3999	28.34	539.84
sequoia_strict	ore_ont_16684.owl	0.0704	4.9446	4.69	1766.56
sequoia_strict	ore_ont_16687.owl	0.4329	3.8591	68.76	950.13
sequoia_strict	ore_ont_16730.owl	0.0431	1.6193	6.56	271.25
sequoia_strict	ore_ont_16744.owl	10.4773	73.5493	69.98	17012.07
sequoia_strict	ore_ont_16821.owl	0.0442	1.7521	7.5	279.45
sequoia_strict	ore_ont_1967.owl	0.0412	1.4849	7.19	260.34
sequoia_strict	ore_ont_1970.owl	0.1598	2.6579	26.8	545.23
sequoia_strict	ore_ont_2011.owl	0.0409	1.7032	9.06	307.49
sequoia_strict	ore_ont_2105.owl	0.0415	2.6882	5.0	537.81
sequoia_strict	ore_ont_2129.owl	0.4144	3.3573	85.05	536.69
sequoia_strict	ore_ont_2243.owl	0.2714	7.8472	14.79	3202.88
sequoia_strict	ore_ont_2317.owl	0.3112	4.2288	52.18	1236.59
sequoia_strict	ore_ont_2377.owl	0.0989	2.357	17.12	512.96
sequoia_strict	ore_ont_2378.owl	0.0433	1.7483	8.44	349.87
sequoia_strict	ore_ont_2397.owl	2.0631	5.4576	510.52	1758.95
sequoia_strict	ore_ont_2440.owl	0.0707	1.9184	11.18	370.91
sequoia_strict	ore_ont_2469.owl	2.8675	8.3368	234.33	3238.07
sequoia_strict	ore_ont_2491.owl	0.0432	3.3307	3.44	568.91
sequoia_strict	ore_ont_2496.owl	0.0428	2.0858	11.14	420.5
sequoia_strict	ore_ont_2497.owl	0.2081	3.4036	31.8	756.65
sequoia_strict	ore_ont_2569.owl	0.0707	2.0094	12.43	397.62
sequoia_strict	ore_ont_258.owl	0.0405	1.5778	5.94	263.8
sequoia_strict	ore_ont_2591.owl	0.279	2.9035	73.74	564.58
sequoia_strict	ore_ont_2627.owl	1.2563	4.4205	299.65	1300.93
sequoia_strict	ore_ont_2661.owl	0.3437	3.919	56.18	841.25
sequoia_strict	ore_ont_2662.owl	0.0404	1.6002	7.5	265.35
sequoia_strict	ore_ont_2672.owl	0.0409	1.752	8.44	279.71
sequoia_strict	ore_ont_269.owl	0.0693	4.1814	4.69	660.13
sequoia_strict	ore_ont_2713.owl	0.0404	1.8047	8.12	266.39
sequoia_strict	ore_ont_2720.owl	0.0417	1.7856	8.44	294.98
sequoia_strict	ore_ont_2753.owl	0.0409	1.6286	7.5	266.36
sequoia_strict	ore_ont_2803.owl	3.1908	9.0188	190.28	6923.62
sequoia_strict	ore_ont_2828.owl	6.9702	16.8644	375.12	12282.3
sequoia_strict	ore_ont_2876.owl	0.0412	1.6554	6.88	263.84
sequoia_strict	ore_ont_3082.owl	0.0414	1.6227	5.62	263.29
sequoia_strict	ore_ont_3106.owl	0.1296	2.6317	23.87	538.27
sequoia_strict	ore_ont_3177.owl	0.1601	2.6835	27.31	539.38
sequoia_strict	ore_ont_33.owl	0.2492	3.1003	34.61	607.51
sequoia_strict	ore_ont_3349.owl	0.0411	1.7796	9.06	320.09
sequoia_strict	ore_ont_3406.owl	0.3752	3.291	56.07	614.12
sequoia_strict	ore_ont_3414.owl	4.5773	6.0619	981.27	3738.11
sequoia_strict	ore_ont_3418.owl	0.0415	1.5867	9.06	268.71
sequoia_strict	ore_ont_3463.owl	0.0408	1.5656	5.94	262.4
sequoia_strict	ore_ont_3480.owl	0.1917	3.2094	37.43	569.58
sequoia_strict	ore_ont_3635.owl	0.0409	1.8512	9.38	327.85
sequoia_strict	ore_ont_3712.owl	0.131	2.7143	26.81	613.52
sequoia_strict	ore_ont_3784.owl	0.2229	2.7849	64.61	504.52
sequoia_strict	ore_ont_3797.owl	0.1319	2.6217	29.3	544.51
sequoia_strict	ore_ont_380.owl	0.041	1.8179	9.62	328.45
sequoia_strict	ore_ont_3836.owl	1.9597	31.9389	41.48	11426.7
sequoia_strict	ore_ont_3842.owl	0.0423	1.58	8.07	261.06
sequoia_strict	ore_ont_3909.owl	0.0405	1.4892	6.88	261.49
sequoia_strict	ore_ont_3931.owl	0.0716	2.1557	24.27	467.79
sequoia_strict	ore_ont_412.owl	0.0736	2.3002	16.03	534.77
sequoia_strict	ore_ont_4205.owl	1.5269	24.3408	43.86	9119.21
sequoia_strict	ore_ont_4226.owl	0.1603	2.5371	31.8	547.62
sequoia_strict	ore_ont_4235.owl	0.2844	3.7147	48.1	769.87
sequoia_strict	ore_ont_4382.owl	0.0412	1.6712	8.44	266.81
sequoia_strict	ore_ont_4383.owl	0.1004	2.4151	16.8	493.79
sequoia_strict	ore_ont_4460.owl	0.1615	2.9246	27.19	726.09
sequoia_strict	ore_ont_4487.owl	0.8538	5.4042	105.43	1560.14
sequoia_strict	ore_ont_457.owl	0.0701	2.03	13.75	330.12
sequoia_strict	ore_ont_4578.owl	0.1317	2.7324	24.3	552.75
sequoia_strict	ore_ont_4604.owl	11.6895	25.872	2782.82	12755.76
sequoia_strict	ore_ont_4617.owl	1.2258	6.138	151.62	2078.92
sequoia_strict	ore_ont_4655.owl	0.1025	2.1826	31.2	437.7
sequoia_strict	ore_ont_4671.owl	0.0407	1.6411	9.32	270.29
sequoia_strict	ore_ont_4724.owl	0.0415	1.5804	7.94	262.64
sequoia_strict	ore_ont_4732.owl	0.1325	2.6411	26.8	549.04
sequoia_strict	ore_ont_4767.owl	0.0434	1.6251	7.81	267.03
sequoia_strict	ore_ont_4782.owl	1.0091	6.2237	121.68	2113.67
sequoia_strict	ore_ont_4798.owl	0.1005	2.1639	23.65	510.75
sequoia_strict	ore_ont_4802.owl	3.0793	9.07	232.6	7927.51
sequoia_strict	ore_ont_4897.owl	0.071	1.9251	9.63	346.72
sequoia_strict	ore_ont_5002.owl	0.1667	2.8468	31.36	567.46
sequoia_strict	ore_ont_5057.owl	0.0405	1.7517	9.69	278.13
sequoia_strict	ore_ont_5080.owl	0.07	2.2048	11.18	415.9
sequoia_strict	ore_ont_5089.owl	0.0417	1.7558	7.81	268.67
sequoia_strict	ore_ont_5090.owl	0.0414	1.5514	6.88	266.12
sequoia_strict	ore_ont_5197.owl	0.0707	2.1501	14.93	491.46
sequoia_strict	ore_ont_5255.owl	0.0411	1.5017	6.88	263.74
sequoia_strict	ore_ont_5266.owl	0.0416	2.1908	10.31	451.46
sequoia_strict	ore_ont_5303.owl	0.3566	1.8977	64.47	348.46
sequoia_strict	ore_ont_5404.owl	0.041	1.6242	18.44	268.44
sequoia_strict	ore_ont_544.owl	0.0998	2.0983	17.5	441.58
sequoia_strict	ore_ont_5462.owl	0.2219	2.9791	64.12	506.66
sequoia_strict	ore_ont_5485.owl	0.041	1.9617	10.56	376.84
sequoia_strict	ore_ont_5487.owl	0.2932	3.3079	44.22	581.07
sequoia_strict	ore_ont_5566.owl	3.0153	12.9522	305.99	5918.16
sequoia_strict	ore_ont_5612.owl	2.9986	7.7526	268.26	7039.73
sequoia_strict	ore_ont_566.owl	0.0419	1.837	8.99	336.78
sequoia_strict	ore_ont_5665.owl	0.0413	1.5546	8.44	264.29
sequoia_strict	ore_ont_5742.owl	0.0412	1.5515	5.62	262.56
sequoia_strict	ore_ont_5792.owl	0.1627	2.4041	27.3	536.15
sequoia_strict	ore_ont_5815.owl	0.042	3.4765	5.0	646.61
sequoia_strict	ore_ont_5852.owl	0.0411	1.4711	5.62	261.62
sequoia_strict	ore_ont_5927.owl	2.4509	7.8431	201.2	4413.43
sequoia_strict	ore_ont_5940.owl	0.1016	1.7654	12.57	300.29
sequoia_strict	ore_ont_5965.owl	0.2814	3.0219	73.28	554.38
sequoia_strict	ore_ont_5974.owl	0.2792	3.1277	73.12	556.77
sequoia_strict	ore_ont_6076.owl	0.4312	5.7244	49.1	5580.59
sequoia_strict	ore_ont_6198.owl	0.3949	5.1977	40.24	2484.42
sequoia_strict	ore_ont_6207.owl	0.0417	1.5375	7.81	267.88
sequoia_strict	ore_ont_6212.owl	2.5614	45.9593	84.24	17211.34
sequoia_strict	ore_ont_6230.owl	0.1702	2.5057	30.94	554.73
sequoia_strict	ore_ont_6246.owl	0.5077	1.6627	55.0	270.51
sequoia_strict	ore_ont_6310.owl	0.5127	3.7327	69.09	1008.3
sequoia_strict	ore_ont_6358.owl	0.1621	2.8248	27.74	586.34
sequoia_strict	ore_ont_637.owl	0.0412	1.6843	8.75	279.38
sequoia_strict	ore_ont_6423.owl	0.2839	2.446	76.39	540.29
sequoia_strict	ore_ont_6433.owl	0.2231	2.9596	38.88	554.25
sequoia_strict	ore_ont_6453.owl	0.283	2.83	73.03	544.84
sequoia_strict	ore_ont_6566.owl	0.0708	1.8964	13.37	365.49
sequoia_strict	ore_ont_6659.owl	0.7909	6.1172	75.25	4597.36
sequoia_strict	ore_ont_670.owl	0.0705	1.9734	12.12	369.72
sequoia_strict	ore_ont_6735.owl	0.0412	1.5441	6.25	265.36
sequoia_strict	ore_ont_6751.owl	0.2195	2.7116	30.82	553.21
sequoia_strict	ore_ont_6796.owl	0.0546	1.5645	7.5	265.02
sequoia_strict	ore_ont_6812.owl	0.0412	1.4843	5.94	263.57
sequoia_strict	ore_ont_6869.owl	0.1608	2.7598	26.49	569.56
sequoia_strict	ore_ont_6870.owl	0.2806	3.0377	43.37	535.94
sequoia_strict	ore_ont_7003.owl	0.0418	1.6167	8.31	265.11
sequoia_strict	ore_ont_703.owl	0.0405	1.7085	8.12	281.52
sequoia_strict	ore_ont_7120.owl	0.0427	1.9063	10.87	351.75
sequoia_strict	ore_ont_7127.owl	8.9391	20.9287	1959.93	12212.68
sequoia_strict	ore_ont_7169.owl	0.0413	1.7207	8.44	298.39
sequoia_strict	ore_ont_7218.owl	0.1	2.1708	19.55	472.35
sequoia_strict	ore_ont_7220.owl	0.041	1.686	8.75	300.69
sequoia_strict	ore_ont_7234.owl	0.222	3.0204	39.94	667.71
sequoia_strict	ore_ont_725.owl	0.0411	1.7525	9.69	363.32
sequoia_strict	ore_ont_7256.owl	0.0703	4.4285	4.69	1115.3
sequoia_strict	ore_ont_7270.owl	0.0412	1.5949	7.19	262.89
sequoia_strict	ore_ont_7300.owl	1.5105	5.1753	363.5	1518.42
sequoia_strict	ore_ont_7340.owl	2.6455	11.5312	301.0	3206.61
sequoia_strict	ore_ont_7343.owl	0.2135	5.077	4.92	1311.58
sequoia_strict	ore_ont_7439.owl	0.1626	2.8531	31.49	564.35
sequoia_strict	ore_ont_7482.owl	0.0423	1.4589	7.19	263.9
sequoia_strict	ore_ont_7493.owl	0.6421	4.5137	74.16	2163.38
sequoia_strict	ore_ont_7567.owl	2.169	8.737	227.86	3578.7
sequoia_strict	ore_ont_7576.owl	0.0426	1.6016	7.81	268.06
sequoia_strict	ore_ont_7581.owl	17.6839	158.6765	4252.74	17294.28
sequoia_strict	ore_ont_7608.owl	0.2244	3.61	42.6	535.84
sequoia_strict	ore_ont_7716.owl	0.3409	3.4181	52.47	675.27
sequoia_strict	ore_ont_7726.owl	0.3711	3.1053	46.34	598.66
sequoia_strict	ore_ont_7728.owl	1.8759	8.6828	203.13	4061.55
sequoia_strict	ore_ont_7831.owl	0.0415	3.3757	3.75	662.66
sequoia_strict	ore_ont_7868.owl	5.2412	16.1168	390.95	9702.0
sequoia_strict	ore_ont_7890.owl	0.041	1.5649	6.56	268.89
sequoia_strict	ore_ont_795.owl	3.4673	12.7024	239.34	12927.96
sequoia_strict	ore_ont_7956.owl	5.3321	13.5978	1314.57	9293.97
sequoia_strict	ore_ont_8021.owl	0.0419	1.6594	9.67	275.74
sequoia_strict	ore_ont_8135.owl	0.0415	1.7671	9.06	279.54
sequoia_strict	ore_ont_8145.owl	0.2431	5.0812	4.92	1276.18
sequoia_strict	ore_ont_8169.owl	0.0411	1.6307	7.19	254.45
sequoia_strict	ore_ont_8298.owl	0.0708	1.9857	10.87	374.64
sequoia_strict	ore_ont_8329.owl	0.1066	2.5186	20.24	479.44
sequoia_strict	ore_ont_840.owl	0.7024	5.179	83.17	2648.39
sequoia_strict	ore_ont_8486.owl	4.2665	86.3018	227.79	17191.13
sequoia_strict	ore_ont_8492.owl	0.2019	2.6017	31.49	558.4
sequoia_strict	ore_ont_8557.owl	0.1297	4.2527	4.92	839.89
sequoia_strict	ore_ont_8579.owl	0.2297	2.7426	50.82	597.07
sequoia_strict	ore_ont_8634.owl	1.24	5.5642	115.53	2941.7
sequoia_strict	ore_ont_8667.owl	0.0401	1.477	6.56	262.6
sequoia_strict	ore_ont_868.owl	4.7157	102.4584	269.11	17488.13
sequoia_strict	ore_ont_869.owl	0.0699	2.0402	11.18	380.05
sequoia_strict	ore_ont_8737.owl	8.8792	70.287	60.14	16185.03
sequoia_strict	ore_ont_8759.owl	0.1307	2.2612	17.11	541.59
sequoia_strict	ore_ont_8806.owl	0.042	1.5243	7.81	262.93
sequoia_strict	ore_ont_8864.owl	0.5452	3.8858	111.36	1671.15
sequoia_strict	ore_ont_8937.owl	0.0411	1.7079	7.5	396.68
sequoia_strict	ore_ont_8974.owl	0.0415	1.5848	7.5	258.17
sequoia_strict	ore_ont_8982.owl	2.7405	10.4934	292.79	4126.39
sequoia_strict	ore_ont_9020.owl	0.131	1.936	20.86	307.66
sequoia_strict	ore_ont_9024.owl	0.3977	1.8585	77.94	323.27
sequoia_strict	ore_ont_9031.owl	0.0412	1.5274	7.19	263.29
sequoia_strict	ore_ont_935.owl	0.4439	3.9222	49.82	2139.21
sequoia_strict	ore_ont_9435.owl	0.0714	1.946	14.62	428.27
sequoia_strict	ore_ont_947.owl	0.1593	2.4455	26.49	545.04
sequoia_strict	ore_ont_9498.owl	1.3249	29.5235	89.82	11444.62
sequoia_strict	ore_ont_9513.owl	0.3587	3.3758	43.06	730.96
sequoia_strict	ore_ont_9590.owl	0.1616	3.4464	32.87	661.79
sequoia_strict	ore_ont_9598.owl	0.0405	1.8771	10.55	354.49
sequoia_strict	ore_ont_9612.owl	0.2524	2.4984	59.58	549.16
sequoia_strict	ore_ont_964.owl	0.1936	2.8588	41.45	529.18
sequoia_strict	ore_ont_9646.owl	0.0703	1.9801	12.75	436.57
sequoia_strict	ore_ont_9674.owl	4.9099	103.5156	267.22	17523.26
sequoia_strict	ore_ont_9695.owl	0.0413	1.8381	9.06	272.2
sequoia_strict	ore_ont_9790.owl	0.1006	2.4667	16.85	556.12
sequoia_strict	ore_ont_9794.owl	0.7448	16.1275	21.29	7445.96
sequoia_strict	ore_ont_9854.owl	0.0415	1.5309	6.88	261.94
sequoia_strict	ore_ont_9857.owl	0.0704	2.0541	14.38	372.3
sequoia_strict	ore_ont_9894.owl	0.7828	5.4909	92.88	1445.36
sequoia_strict	ore_ont_9944.owl	1.0523	6.8376	278.56	6416.56
