ontology	arm	old_sound	new_sound	old_complete	new_complete	old_solved	new_solved	old_correctness_basis	new_correctness_basis	fulliri_taxonomy_sha256
ore_ont_10016.owl	konclude	yes	yes	yes	yes	True	True	frozen_konclude_signature	same_job_fulliri_konclude_reference	4ae76eb04e3aa480f169549024b0cf46cca3e9f1f154afde1af811225778c5ac
ore_ont_10032.owl	konclude	yes	yes	yes	yes	True	True	frozen_konclude_signature	same_job_fulliri_konclude_reference	2f8453d50387d3fdd457987cae15cbef154341df3918b362e41c9dc5e28d88e4
ore_ont_10056.owl	konclude	yes	yes	yes	yes	True	True	frozen_konclude_signature	same_job_fulliri_konclude_reference	28d222748b9a259b8f02058c7e4e902342539c7bca9f21f69e27592e4dbcd827
ore_ont_10073.owl	konclude	yes	yes	yes	yes	True	True	frozen_konclude_signature	same_job_fulliri_konclude_reference	6c72314ed43825643b660a27439879b2c0400695164e79ed6b8c125d1678c77e
ore_ont_1012.owl	konclude	yes	yes	yes	yes	True	True	frozen_konclude_signature	same_job_fulliri_konclude_reference	f98b92e9ad565a9dd6ae585b70d54861a81c7e3db0268958c04df165f1b054b6
ore_ont_10123.owl	konclude	yes	yes	yes	yes	True	True	frozen_konclude_signature	same_job_fulliri_konclude_reference	19f31e1af6a1a27569b3d09dda65244d3c934324f1b05fe66b064de78605b456
ore_ont_10127.owl	konclude	yes	yes	yes	yes	True	True	frozen_konclude_signature	same_job_fulliri_konclude_reference	be414814919288322ad0bfdb97648ef9ccc5bd323b6f9c8340a23617ee81746e
ore_ont_10134.owl	konclude	yes	yes	yes	yes	True	True	frozen_konclude_signature	same_job_fulliri_konclude_reference	08650b231a8514bcaf48da15debcef6d36d2744937560c3af6eb8d56daa677d7
ore_ont_10146.owl	konclude	yes	yes	yes	yes	True	True	frozen_konclude_signature	same_job_fulliri_konclude_reference	711cdd936e8f3eadd9a217e078c260d991b136359e6eabab947f8aca7cf59722
ore_ont_1016.owl	konclude	yes	yes	yes	yes	True	True	frozen_konclude_signature	same_job_fulliri_konclude_reference	084a556bb052dc4d292b3ca6a0e8cc5f206b0acea63521ca3bca69e25be3eb81
ore_ont_10160.owl	konclude	yes	yes	yes	yes	True	True	frozen_konclude_signature	same_job_fulliri_konclude_reference	5787657791d2160482f71eaec3eb7ddf21b4bfa959c3b4ce2df1588694616bd0
ore_ont_1017.owl	konclude	yes	yes	yes	yes	True	True	frozen_konclude_signature	same_job_fulliri_konclude_reference	aa6ed79d07f26d7ec4a20c1ecf55de2cd82e79e996d9fc48ef287d0beed3df35
ore_ont_10175.owl	konclude	yes	yes	yes	yes	True	True	frozen_konclude_signature	same_job_fulliri_konclude_reference	50c79979706c37df2bf27abf1e752d4c76b95e3f79c3fcfa1524ffb48bacf3c7
ore_ont_10212.owl	konclude	yes	yes	yes	yes	True	True	frozen_konclude_signature	same_job_fulliri_konclude_reference	a33122234e4c2773d43ea9a9444fdfaf330749e19a2633abc6ca0c1ea5f8b41b
ore_ont_10242.owl	konclude	yes	yes	yes	yes	True	True	frozen_konclude_signature	same_job_fulliri_konclude_reference	55148564de81e0858dcc576de192b472397f186e5ac552894635c2c681c7074e
ore_ont_10248.owl	konclude	yes	yes	yes	yes	True	True	frozen_konclude_signature	same_job_fulliri_konclude_reference	623ad1c079cb12be7b5cfef85008e2fa5f6c6f84b6031e9b496e1bb5618e1e90
ore_ont_10280.owl	konclude	yes	yes	yes	yes	True	True	frozen_konclude_signature	same_job_fulliri_konclude_reference	53408bc748ef748dfd080e072d23060958ea660b2c2024d5b9dee138a8c5d286
ore_ont_10283.owl	konclude	yes	yes	yes	yes	True	True	frozen_konclude_signature	same_job_fulliri_konclude_reference	37a182488d16d168ca931166cc4f32f1fe774179ae30c76e0d85dcce9c730cfa
ore_ont_10309.owl	konclude	yes	yes	yes	yes	True	True	frozen_konclude_signature	same_job_fulliri_konclude_reference	6b204335c20fb6b62e0dc805706b8428c760efdb207314f610405c0086ec306d
ore_ont_10314.owl	konclude	yes	yes	yes	yes	True	True	frozen_konclude_signature	same_job_fulliri_konclude_reference	80899b6407add14fbd0a9ff48022639d571092fa12e490276e0a6d466cbdf8e6
ore_ont_10321.owl	konclude	yes	yes	yes	yes	True	True	frozen_konclude_signature	same_job_fulliri_konclude_reference	f98b92e9ad565a9dd6ae585b70d54861a81c7e3db0268958c04df165f1b054b6
ore_ont_1034.owl	konclude	yes	yes	yes	yes	True	True	frozen_konclude_signature	same_job_fulliri_konclude_reference	f98b92e9ad565a9dd6ae585b70d54861a81c7e3db0268958c04df165f1b054b6
ore_ont_10362.owl	konclude	yes	yes	yes	yes	True	True	frozen_konclude_signature	same_job_fulliri_konclude_reference	c8fb4591b55e3441f00c4771c1c567dd3defb7973662de597ffd08a6081948a0
ore_ont_10389.owl	konclude	yes	yes	yes	yes	True	True	frozen_konclude_signature	same_job_fulliri_konclude_reference	46b6934a90d567e26b75cba8386fa73a9a09c61b030388d69139f7a30957cddd
ore_ont_10413.owl	konclude	yes	yes	yes	yes	True	True	frozen_konclude_signature	same_job_fulliri_konclude_reference	f98b92e9ad565a9dd6ae585b70d54861a81c7e3db0268958c04df165f1b054b6
ore_ont_10445.owl	konclude	yes	yes	yes	yes	True	True	frozen_konclude_signature	same_job_fulliri_konclude_reference	f98b92e9ad565a9dd6ae585b70d54861a81c7e3db0268958c04df165f1b054b6
ore_ont_105.owl	konclude	yes	yes	yes	yes	True	True	frozen_konclude_signature	same_job_fulliri_konclude_reference	113c2508e15c6cba931edae1bf3af0f0460d03477305a442677cb5e775ff7c3e
ore_ont_10516.owl	konclude	yes	yes	yes	yes	True	True	frozen_konclude_signature	same_job_fulliri_konclude_reference	116c877356ddd50444e8aadbcc689ac6d05ef546ca2a222468ec34391034170f
ore_ont_10536.owl	konclude	yes	yes	yes	yes	True	True	frozen_konclude_signature	same_job_fulliri_konclude_reference	54eb49cb65cb5a50230d65e4bf023efa9207032e062a2778c7b9f6ff1ccce7c5
ore_ont_10594.owl	konclude	yes	yes	yes	yes	True	True	frozen_konclude_signature	same_job_fulliri_konclude_reference	be9b3b76492c8941d003cfe5213631a809b466cbef3cbda6e0ddef8f18af46a5
ore_ont_10621.owl	konclude	yes	yes	yes	yes	True	True	frozen_konclude_signature	same_job_fulliri_konclude_reference	066b41b5f3e845110eceb3607b050627da744968ccef1ceafed50e3c3ea4468e
ore_ont_10689.owl	konclude	yes	yes	yes	yes	True	True	frozen_konclude_signature	same_job_fulliri_konclude_reference	c5f0da9c35c8485879236ff0e1f5c76bd1723e731a3e7f1fa74b7d1a5d1cedfc
ore_ont_10697.owl	konclude	yes	yes	yes	yes	True	True	frozen_konclude_signature	same_job_fulliri_konclude_reference	c3ed258e82934b2456613d6a37af0fbd72a28cf64998def945a7d9d92ef05483
ore_ont_10702.owl	konclude	yes	yes	yes	yes	True	True	frozen_konclude_signature	same_job_fulliri_konclude_reference	9d46dc34b1ef3c697bd61473c795415f03510dc02f9a8a86546e647415cf76ae
ore_ont_10742.owl	konclude	yes	yes	yes	yes	True	True	frozen_konclude_signature	same_job_fulliri_konclude_reference	b061c82d8955e75174e816045705976e5415ab17288e1cb2fbe58d594b63d585
ore_ont_10749.owl	konclude	yes	yes	yes	yes	True	True	frozen_konclude_signature	same_job_fulliri_konclude_reference	08294347d9ae7eb3e4516b493b3414899c4f7d762b6726468da8c8c747859d73
ore_ont_10750.owl	konclude	yes	yes	yes	yes	True	True	frozen_konclude_signature	same_job_fulliri_konclude_reference	f98b92e9ad565a9dd6ae585b70d54861a81c7e3db0268958c04df165f1b054b6
ore_ont_10769.owl	konclude	yes	yes	yes	yes	True	True	frozen_konclude_signature	same_job_fulliri_konclude_reference	f98b92e9ad565a9dd6ae585b70d54861a81c7e3db0268958c04df165f1b054b6
ore_ont_10778.owl	konclude	yes	yes	yes	yes	True	True	frozen_konclude_signature	same_job_fulliri_konclude_reference	d00821488632ad420b7184ce12a19354fd6912ba2afb70bbf2cf4d3653418eb4
ore_ont_10781.owl	konclude	yes	yes	yes	yes	True	True	frozen_konclude_signature	same_job_fulliri_konclude_reference	4f8545ff61e73670a2adce229d296555c98309b8e4cab794729bc24d8c15ebaa
ore_ont_10806.owl	konclude	yes	yes	yes	yes	True	True	frozen_konclude_signature	same_job_fulliri_konclude_reference	495a5563efcad9a958d7eac38d97b9b3972ae3e595dc5fd402457533c371678b
ore_ont_1082.owl	konclude	yes	yes	yes	yes	True	True	frozen_konclude_signature	same_job_fulliri_konclude_reference	268d3e6396000ec09b143b7a5c332f99f06c7747064bbf7d1ce9fd8229e89511
ore_ont_10833.owl	konclude	yes	yes	yes	yes	True	True	frozen_konclude_signature	same_job_fulliri_konclude_reference	f98b92e9ad565a9dd6ae585b70d54861a81c7e3db0268958c04df165f1b054b6
ore_ont_10890.owl	konclude	yes	yes	yes	yes	True	True	frozen_konclude_signature	same_job_fulliri_konclude_reference	0c2e44cdbdfbf2ebd68789ec84e5b21a8c98fe99a9dc00ad042d85957ccd5ad8
ore_ont_10908.owl	konclude	yes	yes	yes	yes	True	True	frozen_konclude_signature	same_job_fulliri_konclude_reference	8899c8f86558f8f7a48aeb01df3dbfc0f75bffc44d48dfe518827180a38aa0de
ore_ont_10951.owl	konclude	yes	yes	yes	yes	True	True	frozen_konclude_signature	same_job_fulliri_konclude_reference	c1968cdff6b498c6a8fabc2fc5eb49127a96049c59b8fc274870ac5cda76fa82
ore_ont_10968.owl	konclude	yes	yes	yes	yes	True	True	frozen_konclude_signature	same_job_fulliri_konclude_reference	f6c64dd67d58030e487fced6e68726463d3e5ba4992df7b2c43d4b232ba52619
ore_ont_11009.owl	konclude	yes	yes	yes	yes	True	True	frozen_konclude_signature	same_job_fulliri_konclude_reference	35cb67a68a22bb8925a67cf464e0fcc3513bd7af6c32fbe9a5e7374e85faec4c
ore_ont_11010.owl	konclude	yes	yes	yes	yes	True	True	frozen_konclude_signature	same_job_fulliri_konclude_reference	b3fd41173f1ba8e56b7cdf8d7da662e54146638cefa74e592bdc65abc697c0ed
ore_ont_11014.owl	konclude	yes	yes	yes	yes	True	True	frozen_konclude_signature	same_job_fulliri_konclude_reference	46fbe9508c38cfb86e6bde31a37e1c1bfa64dbc1ee1567014f3a382e6e6effdc
ore_ont_11016.owl	konclude	yes	yes	yes	yes	True	True	frozen_konclude_signature	same_job_fulliri_konclude_reference	c95bbb9e0fe9d626968d1592b3386b5078bef25974673d29421166d70dd4580d
ore_ont_11081.owl	konclude	yes	yes	yes	yes	True	True	frozen_konclude_signature	same_job_fulliri_konclude_reference	49fe0de7a4c6eacc8ccab08f2d975735b86b039b45fda0177c060dabe1e0580f
ore_ont_11140.owl	konclude	yes	yes	yes	yes	True	True	frozen_konclude_signature	same_job_fulliri_konclude_reference	f98b92e9ad565a9dd6ae585b70d54861a81c7e3db0268958c04df165f1b054b6
ore_ont_11207.owl	konclude	yes	yes	yes	yes	True	True	frozen_konclude_signature	same_job_fulliri_konclude_reference	b9d6b60f9be02ab03168b902e299a754a32bd7b12e4c3ab87a48ba139ca9e9f0
ore_ont_11291.owl	konclude	yes	yes	yes	yes	True	True	frozen_konclude_signature	same_job_fulliri_konclude_reference	ed1b50589563fd93c12b69a5637d3304901784f955976a08f9226a979d151cfc
ore_ont_11293.owl	konclude	yes	yes	yes	yes	True	True	frozen_konclude_signature	same_job_fulliri_konclude_reference	1de49d22b543acecb754b093b6b2de7c89f7d55dc54b8c0a361ffb6a33648f8b
ore_ont_11311.owl	konclude	yes	yes	yes	yes	True	True	frozen_konclude_signature	same_job_fulliri_konclude_reference	326ea969b0f25ba15578063800d5ad0cd5c066af9ad48af79a22c8a7fbdad0d8
ore_ont_11315.owl	konclude	yes	yes	yes	yes	True	True	frozen_konclude_signature	same_job_fulliri_konclude_reference	be66f92e121e1ce06182ad08b99829d615f95c182f7e5830b6150bc02a9f7634
ore_ont_11316.owl	konclude	yes	yes	yes	yes	True	True	frozen_konclude_signature	same_job_fulliri_konclude_reference	b7d1d17c34a38ae6aa9adb04c2ee3bbcccafe76a3a53d5fdbe1985e668bb3e5e
ore_ont_11389.owl	konclude	yes	yes	yes	yes	True	True	frozen_konclude_signature	same_job_fulliri_konclude_reference	f98b92e9ad565a9dd6ae585b70d54861a81c7e3db0268958c04df165f1b054b6
ore_ont_11395.owl	konclude	yes	yes	yes	yes	True	True	frozen_konclude_signature	same_job_fulliri_konclude_reference	45e8cbacc0b0263ddd5253d4c07049234e8cd30bce5465ebb722d51ce8eebfba
ore_ont_11452.owl	konclude	yes	yes	yes	yes	True	True	frozen_konclude_signature	same_job_fulliri_konclude_reference	dab2aaa533dea6fc3fa5783e7c1e4a044e2f22bb7859da2dfac2371b63943356
ore_ont_11460.owl	konclude	yes	yes	yes	yes	True	True	frozen_konclude_signature	same_job_fulliri_konclude_reference	2d83670401e123b5081dfe1c3c6c3b19dfcc4748ad656f64d753ec82b16fe457
ore_ont_11497.owl	konclude	yes	yes	yes	yes	True	True	frozen_konclude_signature	same_job_fulliri_konclude_reference	bb3fbdfc624d5f9b5685c6633a294b81b169bd37d62ac3672d121dd1c4914cfb
ore_ont_11502.owl	konclude	yes	yes	yes	yes	True	True	frozen_konclude_signature	same_job_fulliri_konclude_reference	e4e64087c6a7d8eee2f52b7e6f538b80e7c06b7ce7f260ae0e834ed78e358b5e
ore_ont_11504.owl	konclude	yes	yes	yes	yes	True	True	frozen_konclude_signature	same_job_fulliri_konclude_reference	68a3c2ff6a76e6b248ab3dedb38788c821742fc4dd285f72d0ad50b1a154dba9
ore_ont_11519.owl	konclude	yes	yes	yes	yes	True	True	frozen_konclude_signature	same_job_fulliri_konclude_reference	f307654065328afd158ea45d723a30c9118048d34f9b25725ebb2a8132f13abd
ore_ont_11522.owl	konclude	yes	yes	yes	yes	True	True	frozen_konclude_signature	same_job_fulliri_konclude_reference	77e3408f6d4e38c96e12088c116551e4b0ade1788af33d12045dcf1417bd7c22
ore_ont_11523.owl	konclude	yes	yes	yes	yes	True	True	frozen_konclude_signature	same_job_fulliri_konclude_reference	a3179735328fa8a599d3ed1240a1fae6859ca5261367f11d683643c14440ab79
ore_ont_11526.owl	konclude	yes	yes	yes	yes	True	True	frozen_konclude_signature	same_job_fulliri_konclude_reference	f98b92e9ad565a9dd6ae585b70d54861a81c7e3db0268958c04df165f1b054b6
ore_ont_11559.owl	konclude	yes	yes	yes	yes	True	True	frozen_konclude_signature	same_job_fulliri_konclude_reference	fc11132d463b306ac7173803b14aa6b6114eb5640f6bbf403dd660d4e42154d3
ore_ont_11577.owl	konclude	yes	yes	yes	yes	True	True	frozen_konclude_signature	same_job_fulliri_konclude_reference	384c59f35b842c0325323ef115d27a79eaf530cdf59c408332fadc6d5e93662d
ore_ont_11619.owl	konclude	yes	yes	yes	yes	True	True	frozen_konclude_signature	same_job_fulliri_konclude_reference	61700232f62c42d6dbe296e8cfe19e63a211539b5aee727f273b65d12bd403b9
ore_ont_11623.owl	konclude	yes	yes	yes	yes	True	True	frozen_konclude_signature	same_job_fulliri_konclude_reference	51615ee89a74f2eb1d796876c5275470657311a771378d6a0862150aed1a7e78
ore_ont_11639.owl	konclude	yes	yes	yes	yes	True	True	frozen_konclude_signature	same_job_fulliri_konclude_reference	c1169c77fb0953e049b000c776853dd1170f14fd0218a24efaaee7b6f0b02d0c
ore_ont_11739.owl	konclude	yes	yes	yes	yes	True	True	frozen_konclude_signature	same_job_fulliri_konclude_reference	570e7ec53adef45d919158adaf328850a856e541b651d0acc84c8f9c8d2d7fea
ore_ont_11745.owl	konclude	yes	yes	yes	yes	True	True	frozen_konclude_signature	same_job_fulliri_konclude_reference	4c75a113a41fa5e5c1126e443a144ffa0e1b104b24faeedc931f51ca69aa1950
ore_ont_11778.owl	konclude	yes	yes	yes	yes	True	True	frozen_konclude_signature	same_job_fulliri_konclude_reference	34715b3155968b39cbced7adc59ccfc2f3d3b7252c7ee8c29f899287a0f55a1a
ore_ont_11866.owl	konclude	yes	yes	yes	yes	True	True	frozen_konclude_signature	same_job_fulliri_konclude_reference	f98b92e9ad565a9dd6ae585b70d54861a81c7e3db0268958c04df165f1b054b6
ore_ont_11889.owl	konclude	yes	yes	yes	yes	True	True	frozen_konclude_signature	same_job_fulliri_konclude_reference	55da285f372444bf85829c96665300abeb8793432accf4fe63e3ea5c8ebb637a
ore_ont_11978.owl	konclude	yes	yes	yes	yes	True	True	frozen_konclude_signature	same_job_fulliri_konclude_reference	a4411f1fec45fce7df55761d4ac50ee4c0068f295a2bebc8084d7144a7db3f35
ore_ont_12007.owl	konclude	yes	yes	yes	yes	True	True	frozen_konclude_signature	same_job_fulliri_konclude_reference	db835dadc453ceafecaba92b47dc96b4809f062220c8dc57525e995f34b3ea77
ore_ont_12009.owl	konclude	yes	yes	yes	yes	True	True	frozen_konclude_signature	same_job_fulliri_konclude_reference	f42617c41afb87fbd65a274d8f7b05b675f148715f7eb64a5175b24e08999ef8
ore_ont_12087.owl	konclude	yes	yes	yes	yes	True	True	frozen_konclude_signature	same_job_fulliri_konclude_reference	d1ac6bb77c01ec5237ea52997734de66dd7a39bfba7e667cfc508049af84d3db
ore_ont_1212.owl	konclude	yes	yes	yes	yes	True	True	frozen_konclude_signature	same_job_fulliri_konclude_reference	69a630f2e6678ee3611880e76ff090ed5df854f1ce0c30daabb22862338558e9
ore_ont_12141.owl	konclude	yes	yes	yes	yes	True	True	frozen_konclude_signature	same_job_fulliri_konclude_reference	9a002427cc1d63c70c12eebfac551c516ecfda0e00a685d170267a09b72f3c1a
ore_ont_12149.owl	konclude	yes	yes	yes	yes	True	True	frozen_konclude_signature	same_job_fulliri_konclude_reference	3cd8fdc0f42403125dd11d8d06e745937d9264cc73c2a16b88cc7e7ac31fb054
ore_ont_12161.owl	konclude	yes	yes	yes	yes	True	True	frozen_konclude_signature	same_job_fulliri_konclude_reference	1d22123954aa83ba9d39cfcfd0b32204d1df86a23b49601564b3c6336da50d11
ore_ont_12194.owl	konclude	yes	yes	yes	yes	True	True	frozen_konclude_signature	same_job_fulliri_konclude_reference	d79accd82358e8d96078aec863254be9ce6f7724f19c1955030f464f47169d92
ore_ont_12281.owl	konclude	yes	yes	yes	yes	True	True	frozen_konclude_signature	same_job_fulliri_konclude_reference	c959d3a78d990896e662e406012ae488c05c164da4302f52e1168ee1b51333bb
ore_ont_12387.owl	konclude	yes	yes	yes	yes	True	True	frozen_konclude_signature	same_job_fulliri_konclude_reference	578b261ae4d4e96ed4b616a0f0d01410a3d711100d6ab3f641e11b2e3a055a27
ore_ont_12397.owl	konclude	yes	yes	yes	yes	True	True	frozen_konclude_signature	same_job_fulliri_konclude_reference	5ade3d5c00f1f60fd96ad9e6c113c92c736929f3bc33c3bb2d6299c210ce64b2
ore_ont_12405.owl	konclude	yes	yes	yes	yes	True	True	frozen_konclude_signature	same_job_fulliri_konclude_reference	edc4019545765cf0a7d6c97a6449cb74f994777f8d28aa13b904f49777935250
ore_ont_12414.owl	konclude	yes	yes	yes	yes	True	True	frozen_konclude_signature	same_job_fulliri_konclude_reference	ae12bfe6d749c0af4772b494e050ee4035f4068711bff152879996ddb92c3ba6
ore_ont_12528.owl	konclude	yes	yes	yes	yes	True	True	frozen_konclude_signature	same_job_fulliri_konclude_reference	0fbf8aed32f04c7b5798ff586267429c5fee5e93dfac6cd3b7dbb91b575bcf6a
ore_ont_12653.owl	konclude	yes	yes	yes	yes	True	True	frozen_konclude_signature	same_job_fulliri_konclude_reference	47f2372d0ce53b46af8d8ac8a32074d3afba1b01fd84445dca67c5b1e46d58ac
ore_ont_12698.owl	konclude	yes	yes	yes	yes	True	True	frozen_konclude_signature	same_job_fulliri_konclude_reference	55231c3704e44ffdd9c7cf094114bfaba8a21c5294c987df2e05b6a7d8e73449
ore_ont_1272.owl	konclude	yes	yes	yes	yes	True	True	frozen_konclude_signature	same_job_fulliri_konclude_reference	ede98f782624f756fe26ce84763d683c47f73f1ebaeef61493659980df6c9e6c
ore_ont_12776.owl	konclude	yes	yes	yes	yes	True	True	frozen_konclude_signature	same_job_fulliri_konclude_reference	f98b92e9ad565a9dd6ae585b70d54861a81c7e3db0268958c04df165f1b054b6
ore_ont_12802.owl	konclude	yes	yes	yes	yes	True	True	frozen_konclude_signature	same_job_fulliri_konclude_reference	f98b92e9ad565a9dd6ae585b70d54861a81c7e3db0268958c04df165f1b054b6
ore_ont_12831.owl	konclude	yes	yes	yes	yes	True	True	frozen_konclude_signature	same_job_fulliri_konclude_reference	cfc38cd0db88a026686fb0f32ae60dcbe69d7b37f4e21164f48cdb316bfd9c8b
ore_ont_12906.owl	konclude	yes	yes	yes	yes	True	True	frozen_konclude_signature	same_job_fulliri_konclude_reference	a9ac6300767d4249754934c42ed68b5c751074220686458efd68e885dce35d4d
ore_ont_13000.owl	konclude	yes	yes	yes	yes	True	True	frozen_konclude_signature	same_job_fulliri_konclude_reference	a676f87644009693c8e043d8a306d91afab540fac268701a14bfe5e50a679512
ore_ont_13035.owl	konclude	yes	yes	yes	yes	True	True	frozen_konclude_signature	same_job_fulliri_konclude_reference	20109ff6e5e28b43b9588ef961bdf362ce45a1b1e28e6aa4560f05a515259781
ore_ont_13053.owl	konclude	yes	yes	yes	yes	True	True	frozen_konclude_signature	same_job_fulliri_konclude_reference	65dfbddf1261b4d6cb66192f8e2f62418a7eb174ad9cf263305453d26b78dc4b
ore_ont_1306.owl	konclude	yes	yes	yes	yes	True	True	frozen_konclude_signature	same_job_fulliri_konclude_reference	f98b92e9ad565a9dd6ae585b70d54861a81c7e3db0268958c04df165f1b054b6
ore_ont_13066.owl	konclude	yes	yes	yes	yes	True	True	frozen_konclude_signature	same_job_fulliri_konclude_reference	f98b92e9ad565a9dd6ae585b70d54861a81c7e3db0268958c04df165f1b054b6
ore_ont_13071.owl	konclude	yes	yes	yes	yes	True	True	frozen_konclude_signature	same_job_fulliri_konclude_reference	92e22e9e2142fee8f8f243b55e50395d0b59aa27706287ac87bc1a9a277217d0
ore_ont_13113.owl	konclude	yes	yes	yes	yes	True	True	frozen_konclude_signature	same_job_fulliri_konclude_reference	af1b564ccd25580700e0681321a6999f7d72843911aef60526e02df683de11de
ore_ont_13132.owl	konclude	yes	yes	yes	yes	True	True	frozen_konclude_signature	same_job_fulliri_konclude_reference	2608b9ade7fe3894aa89208a8f68e7a58b73c39f7349f49976987c325e22ced8
ore_ont_13141.owl	konclude	yes	yes	yes	yes	True	True	frozen_konclude_signature	same_job_fulliri_konclude_reference	c79b207f34c69ee697370fabdab421badd31b2ead7d153112c9aa5070c27f83d
ore_ont_13204.owl	konclude	yes	yes	yes	yes	True	True	frozen_konclude_signature	same_job_fulliri_konclude_reference	0d002439e0b63f50973a98cfe8a32164ac4a933cd3b6776323544416748af5ff
ore_ont_13224.owl	konclude	yes	yes	yes	yes	True	True	frozen_konclude_signature	same_job_fulliri_konclude_reference	9d296b26e733795691edaf0ea8d603b22a221bfa1134ba80b16e2b23ef046c59
ore_ont_13234.owl	konclude	yes	yes	yes	yes	True	True	frozen_konclude_signature	same_job_fulliri_konclude_reference	1d1188e7a7bf9f78a5a1381700e6249436a43549b0c3a73f3437fbc02fb92611
ore_ont_13243.owl	konclude	yes	yes	yes	yes	True	True	frozen_konclude_signature	same_job_fulliri_konclude_reference	403bd18ceb94703760570e22fe6622073f3df1b09c93cfcc654e2a1259070333
ore_ont_1325.owl	konclude	yes	yes	yes	yes	True	True	frozen_konclude_signature	same_job_fulliri_konclude_reference	e1699d67422e0b3c16e1d8ef58570b67d357a735d559a987b51faa2b454132d0
ore_ont_13277.owl	konclude	yes	yes	yes	yes	True	True	frozen_konclude_signature	same_job_fulliri_konclude_reference	14946a1b0856d36822d582863d174ed8d5aa1beb141f29c9fad1ccaeb38aa184
ore_ont_13301.owl	konclude	yes	yes	yes	yes	True	True	frozen_konclude_signature	same_job_fulliri_konclude_reference	e6ba5f8bea859f20c5ace63cb7698b044082fba5110b8ccf77029f56f3f3b30a
ore_ont_13355.owl	konclude	yes	yes	yes	yes	True	True	frozen_konclude_signature	same_job_fulliri_konclude_reference	98b3815198999115afce98a5fd0e475f8ba1eb75df98b98cb3673a1200f51d56
ore_ont_13383.owl	konclude	yes	yes	yes	yes	True	True	frozen_konclude_signature	same_job_fulliri_konclude_reference	08f7c6f2d9e7241fe92e2a56149dae2527a5e53e81debc4ef9f71d432fb1864b
ore_ont_13392.owl	konclude	yes	yes	yes	yes	True	True	frozen_konclude_signature	same_job_fulliri_konclude_reference	e8fa8843307a09bffa628f4e91e9149448d85f14a5494cf381794c670c830d38
ore_ont_1340.owl	konclude	yes	yes	yes	yes	True	True	frozen_konclude_signature	same_job_fulliri_konclude_reference	64ee213436daf36c2b5a24ce37e6ac92431905a22cdf168aea59921ce961c465
ore_ont_13429.owl	konclude	yes	yes	yes	yes	True	True	frozen_konclude_signature	same_job_fulliri_konclude_reference	b740c1c98d2c8eb05e548c6fc7aad04f9a6bcfd2508106d35940560ae6a4779f
ore_ont_13444.owl	konclude	yes	yes	yes	yes	True	True	frozen_konclude_signature	same_job_fulliri_konclude_reference	57cf5754a5de3f957065d8f5a0294f9da9a30d649a86e7a804c1fec8a91f19f9
ore_ont_13482.owl	konclude	yes	yes	yes	yes	True	True	frozen_konclude_signature	same_job_fulliri_konclude_reference	f98b92e9ad565a9dd6ae585b70d54861a81c7e3db0268958c04df165f1b054b6
ore_ont_13503.owl	konclude	yes	yes	yes	yes	True	True	frozen_konclude_signature	same_job_fulliri_konclude_reference	1b8fdf730b9cdce8afed1c69c13e782c6c2dde70c42e5f1d2273dcbdb6b1282b
ore_ont_13530.owl	konclude	yes	yes	yes	yes	True	True	frozen_konclude_signature	same_job_fulliri_konclude_reference	91a6ab481b0c726aec3fc223e34bed50b8ca4f096dad5205553de0241636b265
ore_ont_1357.owl	konclude	yes	yes	yes	yes	True	True	frozen_konclude_signature	same_job_fulliri_konclude_reference	7f0b63e4fba4cc5a1ff6ac32ea4744546707b925f93a1903efba10dc01f387af
ore_ont_13578.owl	konclude	yes	yes	yes	yes	True	True	frozen_konclude_signature	same_job_fulliri_konclude_reference	f19a981e69e053b01b9b9bbfd6138fecc77d0af43d88bdcab956851b6fe27753
ore_ont_13621.owl	konclude	yes	yes	yes	yes	True	True	frozen_konclude_signature	same_job_fulliri_konclude_reference	d08e920464de1a7b763687f40d096f3036c3f83866f30484b18b422d0e536a3e
ore_ont_13643.owl	konclude	yes	yes	yes	yes	True	True	frozen_konclude_signature	same_job_fulliri_konclude_reference	f6103df8f6fb0a1b32727c4ffc5ae14be36c2b3c2232b40766668fbf68d44332
ore_ont_13664.owl	konclude	yes	yes	yes	yes	True	True	frozen_konclude_signature	same_job_fulliri_konclude_reference	b6f26ca27a8f00918f37b93dae21c41197ff19e0ce549de27549877d44287b38
ore_ont_1370.owl	konclude	yes	yes	yes	yes	True	True	frozen_konclude_signature	same_job_fulliri_konclude_reference	399a22c01a402dd1283b752869ffe958ebf2209229d12229d620f07a98f4d5ea
ore_ont_13752.owl	konclude	yes	yes	yes	yes	True	True	frozen_konclude_signature	same_job_fulliri_konclude_reference	26fdd2531c02ed65ee61af17d2d6ce41f4f8a677edda4352bdcdbce9630552ca
ore_ont_13755.owl	konclude	yes	yes	yes	yes	True	True	frozen_konclude_signature	same_job_fulliri_konclude_reference	d95f0849e611576f8c139c181e3c905eb76e7636b4048ef40a9224c998c7f898
ore_ont_13759.owl	konclude	yes	yes	yes	yes	True	True	frozen_konclude_signature	same_job_fulliri_konclude_reference	939d7d6c6e6fdb2348f642e8df9251bf8c34d04a5ab402d407e6eb1f15d2eb6c
ore_ont_13762.owl	konclude	yes	yes	yes	yes	True	True	frozen_konclude_signature	same_job_fulliri_konclude_reference	ae092605736e09bf614660f0b36d972588e7a5dd2cb620160eb50c3adc8bab44
ore_ont_13772.owl	konclude	yes	yes	yes	yes	True	True	frozen_konclude_signature	same_job_fulliri_konclude_reference	f98b92e9ad565a9dd6ae585b70d54861a81c7e3db0268958c04df165f1b054b6
ore_ont_13840.owl	konclude	yes	yes	yes	yes	True	True	frozen_konclude_signature	same_job_fulliri_konclude_reference	e10d737f99082479ed7f0b48d5eb6eb955d0f5ff4b73133b774e668e3afef5a8
ore_ont_13852.owl	konclude	yes	yes	yes	yes	True	True	frozen_konclude_signature	same_job_fulliri_konclude_reference	7fd155e0df1d96ec0fb8993869e99e604fef21ddf4520bead4351e80ca98b6f6
ore_ont_13887.owl	konclude	yes	yes	yes	yes	True	True	frozen_konclude_signature	same_job_fulliri_konclude_reference	3aba740fc953fe52a778167b516b98656d0028f78d502969def55385166872ac
ore_ont_13902.owl	konclude	yes	yes	yes	yes	True	True	frozen_konclude_signature	same_job_fulliri_konclude_reference	f98b92e9ad565a9dd6ae585b70d54861a81c7e3db0268958c04df165f1b054b6
ore_ont_13912.owl	km_route_auto	unknown	yes	unknown	yes	False	True	localname_match_but_fulliri_difference	same_job_shared_inconsistency	0e2fb3906b7aebb20e6273c24afe842809d8709fbc5a4809e3a1fd0856ab2b9e
ore_ont_13912.owl	km_route_manual	unknown	yes	unknown	yes	False	True	localname_match_but_fulliri_difference	same_job_shared_inconsistency	0e2fb3906b7aebb20e6273c24afe842809d8709fbc5a4809e3a1fd0856ab2b9e
ore_ont_13912.owl	km_route_default	unknown	yes	unknown	yes	False	True	localname_match_but_fulliri_difference	same_job_shared_inconsistency	0e2fb3906b7aebb20e6273c24afe842809d8709fbc5a4809e3a1fd0856ab2b9e
ore_ont_13912.owl	km_route_default8	unknown	yes	unknown	yes	False	True	localname_match_but_fulliri_difference	same_job_shared_inconsistency	0e2fb3906b7aebb20e6273c24afe842809d8709fbc5a4809e3a1fd0856ab2b9e
ore_ont_13912.owl	km_route_default1	unknown	yes	unknown	yes	False	True	localname_match_but_fulliri_difference	same_job_shared_inconsistency	0e2fb3906b7aebb20e6273c24afe842809d8709fbc5a4809e3a1fd0856ab2b9e
ore_ont_13912.owl	km_route_production_all	unknown	yes	unknown	yes	False	True	localname_match_but_fulliri_difference	same_job_shared_inconsistency	0e2fb3906b7aebb20e6273c24afe842809d8709fbc5a4809e3a1fd0856ab2b9e
ore_ont_13912.owl	km_route_production_all8	unknown	yes	unknown	yes	False	True	localname_match_but_fulliri_difference	same_job_shared_inconsistency	0e2fb3906b7aebb20e6273c24afe842809d8709fbc5a4809e3a1fd0856ab2b9e
ore_ont_13912.owl	km_route_production_all1	unknown	yes	unknown	yes	False	True	localname_match_but_fulliri_difference	same_job_shared_inconsistency	0e2fb3906b7aebb20e6273c24afe842809d8709fbc5a4809e3a1fd0856ab2b9e
ore_ont_13912.owl	km_route_cb_plain16	unknown	yes	unknown	yes	False	True	localname_match_but_fulliri_difference	same_job_shared_inconsistency	0e2fb3906b7aebb20e6273c24afe842809d8709fbc5a4809e3a1fd0856ab2b9e
ore_ont_13912.owl	km_route_cb_plain8	unknown	yes	unknown	yes	False	True	localname_match_but_fulliri_difference	same_job_shared_inconsistency	0e2fb3906b7aebb20e6273c24afe842809d8709fbc5a4809e3a1fd0856ab2b9e
ore_ont_13912.owl	km_route_cb_plain1	unknown	yes	unknown	yes	False	True	localname_match_but_fulliri_difference	same_job_shared_inconsistency	0e2fb3906b7aebb20e6273c24afe842809d8709fbc5a4809e3a1fd0856ab2b9e
ore_ont_13912.owl	km_route_cb_absorb16	unknown	yes	unknown	yes	False	True	localname_match_but_fulliri_difference	same_job_shared_inconsistency	0e2fb3906b7aebb20e6273c24afe842809d8709fbc5a4809e3a1fd0856ab2b9e
ore_ont_13912.owl	km_route_cb_absorb8	unknown	yes	unknown	yes	False	True	localname_match_but_fulliri_difference	same_job_shared_inconsistency	0e2fb3906b7aebb20e6273c24afe842809d8709fbc5a4809e3a1fd0856ab2b9e
ore_ont_13912.owl	km_route_cb_absorb1	unknown	yes	unknown	yes	False	True	localname_match_but_fulliri_difference	same_job_shared_inconsistency	0e2fb3906b7aebb20e6273c24afe842809d8709fbc5a4809e3a1fd0856ab2b9e
ore_ont_13912.owl	km_route_cb_trigger16	unknown	yes	unknown	yes	False	True	localname_match_but_fulliri_difference	same_job_shared_inconsistency	0e2fb3906b7aebb20e6273c24afe842809d8709fbc5a4809e3a1fd0856ab2b9e
ore_ont_13912.owl	km_route_cb_trigger8	unknown	yes	unknown	yes	False	True	localname_match_but_fulliri_difference	same_job_shared_inconsistency	0e2fb3906b7aebb20e6273c24afe842809d8709fbc5a4809e3a1fd0856ab2b9e
ore_ont_13912.owl	km_route_cb_trigger1	unknown	yes	unknown	yes	False	True	localname_match_but_fulliri_difference	same_job_shared_inconsistency	0e2fb3906b7aebb20e6273c24afe842809d8709fbc5a4809e3a1fd0856ab2b9e
ore_ont_13912.owl	km_route_cb_absorb_portfolio16	unknown	yes	unknown	yes	False	True	localname_match_but_fulliri_difference	same_job_shared_inconsistency	0e2fb3906b7aebb20e6273c24afe842809d8709fbc5a4809e3a1fd0856ab2b9e
ore_ont_13912.owl	km_route_elc	unknown	yes	unknown	yes	False	True	localname_match_but_fulliri_difference	same_job_shared_inconsistency	0e2fb3906b7aebb20e6273c24afe842809d8709fbc5a4809e3a1fd0856ab2b9e
ore_ont_13912.owl	km_route_elc_cert	unknown	yes	unknown	yes	False	True	localname_match_but_fulliri_difference	same_job_shared_inconsistency	0e2fb3906b7aebb20e6273c24afe842809d8709fbc5a4809e3a1fd0856ab2b9e
ore_ont_13912.owl	km_route_lean	unknown	yes	unknown	yes	False	True	localname_match_but_fulliri_difference	same_job_shared_inconsistency	0e2fb3906b7aebb20e6273c24afe842809d8709fbc5a4809e3a1fd0856ab2b9e
ore_ont_13912.owl	km_route_ht_general	unknown	yes	unknown	yes	False	True	localname_match_but_fulliri_difference	same_job_shared_inconsistency	0e2fb3906b7aebb20e6273c24afe842809d8709fbc5a4809e3a1fd0856ab2b9e
ore_ont_13912.owl	km_route_ht_qo	unknown	yes	unknown	yes	False	True	localname_match_but_fulliri_difference	same_job_shared_inconsistency	0e2fb3906b7aebb20e6273c24afe842809d8709fbc5a4809e3a1fd0856ab2b9e
ore_ont_13912.owl	km_route_ht_shoq	unknown	yes	unknown	yes	False	True	localname_match_but_fulliri_difference	same_job_shared_inconsistency	0e2fb3906b7aebb20e6273c24afe842809d8709fbc5a4809e3a1fd0856ab2b9e
ore_ont_13912.owl	km_route_ht_card	unknown	yes	unknown	yes	False	True	localname_match_but_fulliri_difference	same_job_shared_inconsistency	0e2fb3906b7aebb20e6273c24afe842809d8709fbc5a4809e3a1fd0856ab2b9e
ore_ont_13912.owl	km_route_ht_bridge	unknown	yes	unknown	yes	False	True	localname_match_but_fulliri_difference	same_job_shared_inconsistency	0e2fb3906b7aebb20e6273c24afe842809d8709fbc5a4809e3a1fd0856ab2b9e
ore_ont_13912.owl	km_route_ht_features	unknown	yes	unknown	yes	False	True	localname_match_but_fulliri_difference	same_job_shared_inconsistency	0e2fb3906b7aebb20e6273c24afe842809d8709fbc5a4809e3a1fd0856ab2b9e
ore_ont_13912.owl	km_route_ht_full	unknown	yes	unknown	yes	False	True	localname_match_but_fulliri_difference	same_job_shared_inconsistency	0e2fb3906b7aebb20e6273c24afe842809d8709fbc5a4809e3a1fd0856ab2b9e
ore_ont_13912.owl	km_route_ht_rules	unknown	yes	unknown	yes	False	True	localname_match_but_fulliri_difference	same_job_shared_inconsistency	0e2fb3906b7aebb20e6273c24afe842809d8709fbc5a4809e3a1fd0856ab2b9e
ore_ont_13912.owl	km_route_tableau	unknown	yes	unknown	yes	False	True	localname_match_but_fulliri_difference	same_job_shared_inconsistency	0e2fb3906b7aebb20e6273c24afe842809d8709fbc5a4809e3a1fd0856ab2b9e
ore_ont_13912.owl	km_route_tab_race	unknown	yes	unknown	yes	False	True	localname_match_but_fulliri_difference	same_job_shared_inconsistency	0e2fb3906b7aebb20e6273c24afe842809d8709fbc5a4809e3a1fd0856ab2b9e
ore_ont_13912.owl	km_route_card_fn	unknown	yes	unknown	yes	False	True	localname_match_but_fulliri_difference	same_job_shared_inconsistency	0e2fb3906b7aebb20e6273c24afe842809d8709fbc5a4809e3a1fd0856ab2b9e
ore_ont_13912.owl	km_route_nominals	unknown	yes	unknown	yes	False	True	localname_match_but_fulliri_difference	same_job_shared_inconsistency	0e2fb3906b7aebb20e6273c24afe842809d8709fbc5a4809e3a1fd0856ab2b9e
ore_ont_13912.owl	km_route_seq_on	unknown	yes	unknown	yes	False	True	localname_match_but_fulliri_difference	same_job_shared_inconsistency	0e2fb3906b7aebb20e6273c24afe842809d8709fbc5a4809e3a1fd0856ab2b9e
ore_ont_13912.owl	km_route_seq_off	unknown	yes	unknown	yes	False	True	localname_match_but_fulliri_difference	same_job_shared_inconsistency	0e2fb3906b7aebb20e6273c24afe842809d8709fbc5a4809e3a1fd0856ab2b9e
ore_ont_13912.owl	km_opt_stage_pre	unknown	yes	unknown	yes	False	True	localname_match_but_fulliri_difference	same_job_shared_inconsistency	0e2fb3906b7aebb20e6273c24afe842809d8709fbc5a4809e3a1fd0856ab2b9e
ore_ont_13912.owl	km_opt_stage_result_extract	unknown	yes	unknown	yes	False	True	localname_match_but_fulliri_difference	same_job_shared_inconsistency	0e2fb3906b7aebb20e6273c24afe842809d8709fbc5a4809e3a1fd0856ab2b9e
ore_ont_13912.owl	km_opt_stage_inline_subst	unknown	yes	unknown	yes	False	True	localname_match_but_fulliri_difference	same_job_shared_inconsistency	0e2fb3906b7aebb20e6273c24afe842809d8709fbc5a4809e3a1fd0856ab2b9e
ore_ont_13912.owl	km_opt_stage_role_reach	unknown	yes	unknown	yes	False	True	localname_match_but_fulliri_difference	same_job_shared_inconsistency	0e2fb3906b7aebb20e6273c24afe842809d8709fbc5a4809e3a1fd0856ab2b9e
ore_ont_13912.owl	km_opt_stage_rsucc_edge	unknown	yes	unknown	yes	False	True	localname_match_but_fulliri_difference	same_job_shared_inconsistency	0e2fb3906b7aebb20e6273c24afe842809d8709fbc5a4809e3a1fd0856ab2b9e
ore_ont_13912.owl	km_opt_stage_rollback	unknown	yes	unknown	yes	False	True	localname_match_but_fulliri_difference	same_job_shared_inconsistency	0e2fb3906b7aebb20e6273c24afe842809d8709fbc5a4809e3a1fd0856ab2b9e
ore_ont_13912.owl	km_opt_stage_oneway_subsume	unknown	yes	unknown	yes	False	True	localname_match_but_fulliri_difference	same_job_shared_inconsistency	0e2fb3906b7aebb20e6273c24afe842809d8709fbc5a4809e3a1fd0856ab2b9e
ore_ont_13912.owl	km_opt_stage_crossscan_gate	unknown	yes	unknown	yes	False	True	localname_match_but_fulliri_difference	same_job_shared_inconsistency	0e2fb3906b7aebb20e6273c24afe842809d8709fbc5a4809e3a1fd0856ab2b9e
ore_ont_13912.owl	km_opt_stage_clause_hash_reuse	unknown	yes	unknown	yes	False	True	localname_match_but_fulliri_difference	same_job_shared_inconsistency	0e2fb3906b7aebb20e6273c24afe842809d8709fbc5a4809e3a1fd0856ab2b9e
ore_ont_13912.owl	km_opt_stage_core_hash_intern	unknown	yes	unknown	yes	False	True	localname_match_but_fulliri_difference	same_job_shared_inconsistency	0e2fb3906b7aebb20e6273c24afe842809d8709fbc5a4809e3a1fd0856ab2b9e
ore_ont_13912.owl	km_opt_stage_backsub_unindex	unknown	yes	unknown	yes	False	True	localname_match_but_fulliri_difference	same_job_shared_inconsistency	0e2fb3906b7aebb20e6273c24afe842809d8709fbc5a4809e3a1fd0856ab2b9e
ore_ont_13912.owl	km_opt_ablate_result_extract	unknown	yes	unknown	yes	False	True	localname_match_but_fulliri_difference	same_job_shared_inconsistency	0e2fb3906b7aebb20e6273c24afe842809d8709fbc5a4809e3a1fd0856ab2b9e
ore_ont_13912.owl	km_opt_ablate_oneway_subsume	unknown	yes	unknown	yes	False	True	localname_match_but_fulliri_difference	same_job_shared_inconsistency	0e2fb3906b7aebb20e6273c24afe842809d8709fbc5a4809e3a1fd0856ab2b9e
ore_ont_13912.owl	km_opt_ablate_clause_hash_reuse	unknown	yes	unknown	yes	False	True	localname_match_but_fulliri_difference	same_job_shared_inconsistency	0e2fb3906b7aebb20e6273c24afe842809d8709fbc5a4809e3a1fd0856ab2b9e
ore_ont_13912.owl	km_opt_ablate_core_hash_intern	unknown	yes	unknown	yes	False	True	localname_match_but_fulliri_difference	same_job_shared_inconsistency	0e2fb3906b7aebb20e6273c24afe842809d8709fbc5a4809e3a1fd0856ab2b9e
ore_ont_13912.owl	km_opt_ablate_backsub_unindex	unknown	yes	unknown	yes	False	True	localname_match_but_fulliri_difference	same_job_shared_inconsistency	0e2fb3906b7aebb20e6273c24afe842809d8709fbc5a4809e3a1fd0856ab2b9e
ore_ont_13912.owl	km_solution_card_race	unknown	yes	unknown	yes	False	True	localname_match_but_fulliri_difference	same_job_shared_inconsistency	0e2fb3906b7aebb20e6273c24afe842809d8709fbc5a4809e3a1fd0856ab2b9e
ore_ont_13912.owl	km_solution_htforce_race	unknown	yes	unknown	yes	False	True	localname_match_but_fulliri_difference	same_job_shared_inconsistency	0e2fb3906b7aebb20e6273c24afe842809d8709fbc5a4809e3a1fd0856ab2b9e
ore_ont_13912.owl	km_solution_kpset_barrier	unknown	yes	unknown	yes	False	True	localname_match_but_fulliri_difference	same_job_shared_inconsistency	0e2fb3906b7aebb20e6273c24afe842809d8709fbc5a4809e3a1fd0856ab2b9e
ore_ont_13912.owl	km_solution_legacy_tab_race	unknown	yes	unknown	yes	False	True	localname_match_but_fulliri_difference	same_job_shared_inconsistency	0e2fb3906b7aebb20e6273c24afe842809d8709fbc5a4809e3a1fd0856ab2b9e
ore_ont_13912.owl	km_solution_nomlink_default	unknown	yes	unknown	yes	False	True	localname_match_but_fulliri_difference	same_job_shared_inconsistency	0e2fb3906b7aebb20e6273c24afe842809d8709fbc5a4809e3a1fd0856ab2b9e
ore_ont_13912.owl	km_solution_shoq_race	unknown	yes	unknown	yes	False	True	localname_match_but_fulliri_difference	same_job_shared_inconsistency	0e2fb3906b7aebb20e6273c24afe842809d8709fbc5a4809e3a1fd0856ab2b9e
ore_ont_13912.owl	km_solution_ht_rules_manual	unknown	yes	unknown	yes	False	True	localname_match_but_fulliri_difference	same_job_shared_inconsistency	0e2fb3906b7aebb20e6273c24afe842809d8709fbc5a4809e3a1fd0856ab2b9e
ore_ont_13912.owl	km_solution_production_all_explicit	unknown	yes	unknown	yes	False	True	localname_match_but_fulliri_difference	same_job_shared_inconsistency	0e2fb3906b7aebb20e6273c24afe842809d8709fbc5a4809e3a1fd0856ab2b9e
ore_ont_13912.owl	konclude	yes	yes	yes	yes	True	True	frozen_konclude_signature	same_job_shared_inconsistency	9145ce15740ad56b62a38193869bad2385e3bde350812cd662e6d2edb0091f07
ore_ont_13912.owl	hermit	unknown	yes	unknown	yes	False	True	localname_match_but_fulliri_difference	same_job_shared_inconsistency	0e2fb3906b7aebb20e6273c24afe842809d8709fbc5a4809e3a1fd0856ab2b9e
ore_ont_13964.owl	konclude	yes	yes	yes	yes	True	True	frozen_konclude_signature	same_job_fulliri_konclude_reference	f98b92e9ad565a9dd6ae585b70d54861a81c7e3db0268958c04df165f1b054b6
ore_ont_13969.owl	konclude	yes	yes	yes	yes	True	True	frozen_konclude_signature	same_job_fulliri_konclude_reference	9a60d80c88101d58d9f0b576e335144fe149d2f6705b6a513768209077adf88a
ore_ont_14027.owl	konclude	yes	yes	yes	yes	True	True	frozen_konclude_signature	same_job_fulliri_konclude_reference	05597342031838cdc829674abbcf34579bdde82d8d971ecfd5c431d28e87bd92
ore_ont_14031.owl	konclude	yes	yes	yes	yes	True	True	frozen_konclude_signature	same_job_fulliri_konclude_reference	4e4eab44a1e9e03862416fc7dc801f09b76efa1af694fe3916dfde0d9e8f7109
ore_ont_14042.owl	konclude	yes	yes	yes	yes	True	True	frozen_konclude_signature	same_job_fulliri_konclude_reference	45e8cbacc0b0263ddd5253d4c07049234e8cd30bce5465ebb722d51ce8eebfba
ore_ont_14123.owl	konclude	yes	yes	yes	yes	True	True	frozen_konclude_signature	same_job_fulliri_konclude_reference	db2ba54405e31e88cf865b2ed9654e29a0f4af2aa955928cfa9bbf22e46c3ef3
ore_ont_14153.owl	konclude	yes	yes	yes	yes	True	True	frozen_konclude_signature	same_job_fulliri_konclude_reference	abe5930542195d515fb5e84a201e3e3d9930220dae28934bbc71aca11c079c87
ore_ont_14194.owl	konclude	yes	yes	yes	yes	True	True	frozen_konclude_signature	same_job_fulliri_konclude_reference	2720c512f8bbc2df611bc29aa8555c8d01edd525e2f3c98ac065de24cc82f8ad
ore_ont_1420.owl	konclude	yes	yes	yes	yes	True	True	frozen_konclude_signature	same_job_fulliri_konclude_reference	8cc39a69fc00f62a726d2d01e782f161e2c0c5c6b509b777d3822ac5855f8ccf
ore_ont_14216.owl	konclude	yes	yes	yes	yes	True	True	frozen_konclude_signature	same_job_fulliri_konclude_reference	f98b92e9ad565a9dd6ae585b70d54861a81c7e3db0268958c04df165f1b054b6
ore_ont_14273.owl	konclude	yes	yes	yes	yes	True	True	frozen_konclude_signature	same_job_fulliri_konclude_reference	f98b92e9ad565a9dd6ae585b70d54861a81c7e3db0268958c04df165f1b054b6
ore_ont_14280.owl	konclude	yes	yes	yes	yes	True	True	frozen_konclude_signature	same_job_fulliri_konclude_reference	6ddf5598553685abb36a70475630c0cb2c675ab0d51e75a56a94b902cd93c292
ore_ont_14312.owl	konclude	yes	yes	yes	yes	True	True	frozen_konclude_signature	same_job_fulliri_konclude_reference	26952543e5aa727652467df30eccd5ecfe09c87b5f0ecb2a59f90ad51d611f72
ore_ont_14327.owl	konclude	yes	yes	yes	yes	True	True	frozen_konclude_signature	same_job_fulliri_konclude_reference	e8b8a4e7d779467b0ce2d93695a7cbe800d33e5defcca09633b1a5d426a09c7a
ore_ont_14375.owl	konclude	yes	yes	yes	yes	True	True	frozen_konclude_signature	same_job_fulliri_konclude_reference	25d981b003cb77663a32030312a1832a88dfbe78861d24de5bbfcac06b3b9b69
ore_ont_14450.owl	konclude	yes	yes	yes	yes	True	True	frozen_konclude_signature	same_job_fulliri_konclude_reference	e9223f2c8f91aafec8f5fe8f24768b87ead655f0760f116544c4ae5b0c1f11c6
ore_ont_14459.owl	konclude	yes	yes	yes	yes	True	True	frozen_konclude_signature	same_job_fulliri_konclude_reference	f4c08271885f194f6cf006dddf0d2304d4bef79729b8a7671dfabe582ce2a36d
ore_ont_14499.owl	konclude	yes	yes	yes	yes	True	True	frozen_konclude_signature	same_job_fulliri_konclude_reference	dbca0abac27c2bada48b20ce9838a141c39bea6f6a449cfc6de54c726090c450
ore_ont_14508.owl	konclude	yes	yes	yes	yes	True	True	frozen_konclude_signature	same_job_fulliri_konclude_reference	f98b92e9ad565a9dd6ae585b70d54861a81c7e3db0268958c04df165f1b054b6
ore_ont_14518.owl	konclude	yes	yes	yes	yes	True	True	frozen_konclude_signature	same_job_fulliri_konclude_reference	47f213af6cfd86a11105a6ac21edf669b2abd9ec672a6b04fbc59ecfd288e392
ore_ont_14543.owl	konclude	yes	yes	yes	yes	True	True	frozen_konclude_signature	same_job_fulliri_konclude_reference	8ca1ac14f8df39496b22cefc35a4374fdb06e3b4c60b30719b3a9e2bc801259f
ore_ont_14574.owl	konclude	yes	yes	yes	yes	True	True	frozen_konclude_signature	same_job_fulliri_konclude_reference	6596c5015493200098b29e5358e3303db28853d120cf3da1e7fe753be31b8a1d
ore_ont_14587.owl	konclude	yes	yes	yes	yes	True	True	frozen_konclude_signature	same_job_fulliri_konclude_reference	6e10e5d9587a707db7e21143db73c1bf6686feba9c0012124525378c7e3739a3
ore_ont_14607.owl	konclude	yes	yes	yes	yes	True	True	frozen_konclude_signature	same_job_fulliri_konclude_reference	f98b92e9ad565a9dd6ae585b70d54861a81c7e3db0268958c04df165f1b054b6
ore_ont_1473.owl	konclude	yes	yes	yes	yes	True	True	frozen_konclude_signature	same_job_fulliri_konclude_reference	daf347a028e49bc284fe8827fcabc872bef456e68fbcf01222fa4b8fdf7e2106
ore_ont_148.owl	konclude	yes	yes	yes	yes	True	True	frozen_konclude_signature	same_job_fulliri_konclude_reference	ef8590ace4fa4deca2ca1c215f906c4b4060536034950297034befe5e62b21f6
ore_ont_1481.owl	konclude	yes	yes	yes	yes	True	True	frozen_konclude_signature	same_job_fulliri_konclude_reference	bc8d8620ca59250b5f2bdef6c605e250ae10e5c2ca111814b1b8b5de8f96d154
ore_ont_14817.owl	konclude	yes	yes	yes	yes	True	True	frozen_konclude_signature	same_job_fulliri_konclude_reference	953da03d22b85c9de1fafe0b4a9b89a0a1380bbdeb68f665b81bee32f9049324
ore_ont_14826.owl	konclude	yes	yes	yes	yes	True	True	frozen_konclude_signature	same_job_fulliri_konclude_reference	008f69e4589f038cf4d983c06401705495d22691ca7122f07ebf53d85a4ae2d7
ore_ont_14840.owl	konclude	yes	yes	yes	yes	True	True	frozen_konclude_signature	same_job_fulliri_konclude_reference	abe5930542195d515fb5e84a201e3e3d9930220dae28934bbc71aca11c079c87
ore_ont_14848.owl	konclude	yes	yes	yes	yes	True	True	frozen_konclude_signature	same_job_fulliri_konclude_reference	5692ad8839b8458c26a78a448f0e9dfabf2cfdad4253f4f5596037a798265e6b
ore_ont_14896.owl	konclude	yes	yes	yes	yes	True	True	frozen_konclude_signature	same_job_fulliri_konclude_reference	9cc6908336558f3636a1422c12146d5cdade57c8eea26eb7ad39add89c82ebd1
ore_ont_14901.owl	konclude	yes	yes	yes	yes	True	True	frozen_konclude_signature	same_job_fulliri_konclude_reference	0ac9c6ac838c76e312784c85af87d3b09395fbfcfef868ce7792b9e2b54813c3
ore_ont_14926.owl	konclude	yes	yes	yes	yes	True	True	frozen_konclude_signature	same_job_fulliri_konclude_reference	b5c1bcf02f846d944e161e29ed2dc7a6e5007651608467e35dea0589df2e5464
ore_ont_1493.owl	konclude	yes	yes	yes	yes	True	True	frozen_konclude_signature	same_job_fulliri_konclude_reference	9802c0118ae88d6c8edb2bbcf1db19c18b2a01c1c87a42a432f022b66c791468
ore_ont_14934.owl	konclude	yes	yes	yes	yes	True	True	frozen_konclude_signature	same_job_fulliri_konclude_reference	9c0273cc8e6b07ff346007572c76296afea23cf743ee087711b8dc8c53d0ffdb
ore_ont_1494.owl	konclude	yes	yes	yes	yes	True	True	frozen_konclude_signature	same_job_fulliri_konclude_reference	f27468855cb987d9e9fcd2e93c5e198a155df4c68b6986b9fae77f37bceedff8
ore_ont_1501.owl	konclude	yes	yes	yes	yes	True	True	frozen_konclude_signature	same_job_fulliri_konclude_reference	7ecf29732598798b9dc07980c8fa8d57056a452963976ce83cb19568a9b0e3b6
ore_ont_15059.owl	konclude	yes	yes	yes	yes	True	True	frozen_konclude_signature	same_job_fulliri_konclude_reference	f98b92e9ad565a9dd6ae585b70d54861a81c7e3db0268958c04df165f1b054b6
ore_ont_15068.owl	konclude	yes	yes	yes	yes	True	True	frozen_konclude_signature	same_job_fulliri_konclude_reference	0966c4772ac6d9fb8f999fe33961642e0409b7c83e8bbbb462c4c36ccf5a8a7e
ore_ont_15098.owl	konclude	yes	yes	yes	yes	True	True	frozen_konclude_signature	same_job_fulliri_konclude_reference	40542aa0e15063edac35f0df5dbe0d005e64ed45b30ddbd4d48fcb623defe165
ore_ont_15099.owl	konclude	yes	yes	yes	yes	True	True	frozen_konclude_signature	same_job_fulliri_konclude_reference	f98b92e9ad565a9dd6ae585b70d54861a81c7e3db0268958c04df165f1b054b6
ore_ont_15145.owl	konclude	yes	yes	yes	yes	True	True	frozen_konclude_signature	same_job_fulliri_konclude_reference	ec1d1ba0fecba4db435ebfab400fc247d364beb3ac6a8d55ee817f63d2546f25
ore_ont_15152.owl	konclude	yes	yes	yes	yes	True	True	frozen_konclude_signature	same_job_fulliri_konclude_reference	7119bd90a6543fc7a07bc79da502849068e5ea9cbfe9f4362fb2a9e5f01088ef
ore_ont_15172.owl	konclude	yes	yes	yes	yes	True	True	frozen_konclude_signature	same_job_fulliri_konclude_reference	99c21f75107315194a565bd6c83c7abb1c8f0e4ed0b83e786c69b8a114fe98fb
ore_ont_15178.owl	konclude	yes	yes	yes	yes	True	True	frozen_konclude_signature	same_job_fulliri_konclude_reference	f98b92e9ad565a9dd6ae585b70d54861a81c7e3db0268958c04df165f1b054b6
ore_ont_15222.owl	konclude	yes	yes	yes	yes	True	True	frozen_konclude_signature	same_job_fulliri_konclude_reference	5a43a22825d8e2c34565146279251e6a1daf40898b3abca16bae012e84877d98
ore_ont_15231.owl	konclude	yes	yes	yes	yes	True	True	frozen_konclude_signature	same_job_fulliri_konclude_reference	7bde66b5aee9b13cd912755c9e350cb3316bca11f15e08a7e6565c510c0648a2
ore_ont_15260.owl	konclude	yes	yes	yes	yes	True	True	frozen_konclude_signature	same_job_fulliri_konclude_reference	e6eee80b879775e5b0b00ab29fab8358725c9cdea7f004893ef3205fdc13c82f
ore_ont_15280.owl	konclude	yes	yes	yes	yes	True	True	frozen_konclude_signature	same_job_fulliri_konclude_reference	f98b92e9ad565a9dd6ae585b70d54861a81c7e3db0268958c04df165f1b054b6
ore_ont_15288.owl	km_route_auto	unknown	yes	unknown	yes	False	True	localname_match_but_fulliri_difference	same_job_shared_inconsistency	0e2fb3906b7aebb20e6273c24afe842809d8709fbc5a4809e3a1fd0856ab2b9e
ore_ont_15288.owl	km_route_manual	unknown	yes	unknown	yes	False	True	localname_match_but_fulliri_difference	same_job_shared_inconsistency	0e2fb3906b7aebb20e6273c24afe842809d8709fbc5a4809e3a1fd0856ab2b9e
ore_ont_15288.owl	km_route_default	unknown	yes	unknown	yes	False	True	localname_match_but_fulliri_difference	same_job_shared_inconsistency	0e2fb3906b7aebb20e6273c24afe842809d8709fbc5a4809e3a1fd0856ab2b9e
ore_ont_15288.owl	km_route_default8	unknown	yes	unknown	yes	False	True	localname_match_but_fulliri_difference	same_job_shared_inconsistency	0e2fb3906b7aebb20e6273c24afe842809d8709fbc5a4809e3a1fd0856ab2b9e
ore_ont_15288.owl	km_route_default1	unknown	yes	unknown	yes	False	True	localname_match_but_fulliri_difference	same_job_shared_inconsistency	0e2fb3906b7aebb20e6273c24afe842809d8709fbc5a4809e3a1fd0856ab2b9e
ore_ont_15288.owl	km_route_production_all	unknown	yes	unknown	yes	False	True	localname_match_but_fulliri_difference	same_job_shared_inconsistency	0e2fb3906b7aebb20e6273c24afe842809d8709fbc5a4809e3a1fd0856ab2b9e
ore_ont_15288.owl	km_route_production_all8	unknown	yes	unknown	yes	False	True	localname_match_but_fulliri_difference	same_job_shared_inconsistency	0e2fb3906b7aebb20e6273c24afe842809d8709fbc5a4809e3a1fd0856ab2b9e
ore_ont_15288.owl	km_route_production_all1	unknown	yes	unknown	yes	False	True	localname_match_but_fulliri_difference	same_job_shared_inconsistency	0e2fb3906b7aebb20e6273c24afe842809d8709fbc5a4809e3a1fd0856ab2b9e
ore_ont_15288.owl	km_route_cb_plain16	unknown	yes	unknown	yes	False	True	localname_match_but_fulliri_difference	same_job_shared_inconsistency	0e2fb3906b7aebb20e6273c24afe842809d8709fbc5a4809e3a1fd0856ab2b9e
ore_ont_15288.owl	km_route_cb_plain8	unknown	yes	unknown	yes	False	True	localname_match_but_fulliri_difference	same_job_shared_inconsistency	0e2fb3906b7aebb20e6273c24afe842809d8709fbc5a4809e3a1fd0856ab2b9e
ore_ont_15288.owl	km_route_cb_plain1	unknown	yes	unknown	yes	False	True	localname_match_but_fulliri_difference	same_job_shared_inconsistency	0e2fb3906b7aebb20e6273c24afe842809d8709fbc5a4809e3a1fd0856ab2b9e
ore_ont_15288.owl	km_route_cb_absorb16	unknown	yes	unknown	yes	False	True	localname_match_but_fulliri_difference	same_job_shared_inconsistency	0e2fb3906b7aebb20e6273c24afe842809d8709fbc5a4809e3a1fd0856ab2b9e
ore_ont_15288.owl	km_route_cb_absorb8	unknown	yes	unknown	yes	False	True	localname_match_but_fulliri_difference	same_job_shared_inconsistency	0e2fb3906b7aebb20e6273c24afe842809d8709fbc5a4809e3a1fd0856ab2b9e
ore_ont_15288.owl	km_route_cb_absorb1	unknown	yes	unknown	yes	False	True	localname_match_but_fulliri_difference	same_job_shared_inconsistency	0e2fb3906b7aebb20e6273c24afe842809d8709fbc5a4809e3a1fd0856ab2b9e
ore_ont_15288.owl	km_route_cb_trigger16	unknown	yes	unknown	yes	False	True	localname_match_but_fulliri_difference	same_job_shared_inconsistency	0e2fb3906b7aebb20e6273c24afe842809d8709fbc5a4809e3a1fd0856ab2b9e
ore_ont_15288.owl	km_route_cb_trigger8	unknown	yes	unknown	yes	False	True	localname_match_but_fulliri_difference	same_job_shared_inconsistency	0e2fb3906b7aebb20e6273c24afe842809d8709fbc5a4809e3a1fd0856ab2b9e
ore_ont_15288.owl	km_route_cb_trigger1	unknown	yes	unknown	yes	False	True	localname_match_but_fulliri_difference	same_job_shared_inconsistency	0e2fb3906b7aebb20e6273c24afe842809d8709fbc5a4809e3a1fd0856ab2b9e
ore_ont_15288.owl	km_route_cb_absorb_portfolio16	unknown	yes	unknown	yes	False	True	localname_match_but_fulliri_difference	same_job_shared_inconsistency	0e2fb3906b7aebb20e6273c24afe842809d8709fbc5a4809e3a1fd0856ab2b9e
ore_ont_15288.owl	km_route_elc	unknown	yes	unknown	yes	False	True	localname_match_but_fulliri_difference	same_job_shared_inconsistency	0e2fb3906b7aebb20e6273c24afe842809d8709fbc5a4809e3a1fd0856ab2b9e
ore_ont_15288.owl	km_route_elc_cert	unknown	yes	unknown	yes	False	True	localname_match_but_fulliri_difference	same_job_shared_inconsistency	0e2fb3906b7aebb20e6273c24afe842809d8709fbc5a4809e3a1fd0856ab2b9e
ore_ont_15288.owl	km_route_lean	unknown	yes	unknown	yes	False	True	localname_match_but_fulliri_difference	same_job_shared_inconsistency	0e2fb3906b7aebb20e6273c24afe842809d8709fbc5a4809e3a1fd0856ab2b9e
ore_ont_15288.owl	km_route_ht_general	unknown	yes	unknown	yes	False	True	localname_match_but_fulliri_difference	same_job_shared_inconsistency	0e2fb3906b7aebb20e6273c24afe842809d8709fbc5a4809e3a1fd0856ab2b9e
ore_ont_15288.owl	km_route_ht_qo	unknown	yes	unknown	yes	False	True	localname_match_but_fulliri_difference	same_job_shared_inconsistency	0e2fb3906b7aebb20e6273c24afe842809d8709fbc5a4809e3a1fd0856ab2b9e
ore_ont_15288.owl	km_route_ht_shoq	unknown	yes	unknown	yes	False	True	localname_match_but_fulliri_difference	same_job_shared_inconsistency	0e2fb3906b7aebb20e6273c24afe842809d8709fbc5a4809e3a1fd0856ab2b9e
ore_ont_15288.owl	km_route_ht_card	unknown	yes	unknown	yes	False	True	localname_match_but_fulliri_difference	same_job_shared_inconsistency	0e2fb3906b7aebb20e6273c24afe842809d8709fbc5a4809e3a1fd0856ab2b9e
ore_ont_15288.owl	km_route_ht_bridge	unknown	yes	unknown	yes	False	True	localname_match_but_fulliri_difference	same_job_shared_inconsistency	0e2fb3906b7aebb20e6273c24afe842809d8709fbc5a4809e3a1fd0856ab2b9e
ore_ont_15288.owl	km_route_ht_features	unknown	yes	unknown	yes	False	True	localname_match_but_fulliri_difference	same_job_shared_inconsistency	0e2fb3906b7aebb20e6273c24afe842809d8709fbc5a4809e3a1fd0856ab2b9e
ore_ont_15288.owl	km_route_ht_full	unknown	yes	unknown	yes	False	True	localname_match_but_fulliri_difference	same_job_shared_inconsistency	0e2fb3906b7aebb20e6273c24afe842809d8709fbc5a4809e3a1fd0856ab2b9e
ore_ont_15288.owl	km_route_ht_rules	unknown	yes	unknown	yes	False	True	localname_match_but_fulliri_difference	same_job_shared_inconsistency	0e2fb3906b7aebb20e6273c24afe842809d8709fbc5a4809e3a1fd0856ab2b9e
ore_ont_15288.owl	km_route_tableau	unknown	yes	unknown	yes	False	True	localname_match_but_fulliri_difference	same_job_shared_inconsistency	0e2fb3906b7aebb20e6273c24afe842809d8709fbc5a4809e3a1fd0856ab2b9e
ore_ont_15288.owl	km_route_tab_race	unknown	yes	unknown	yes	False	True	localname_match_but_fulliri_difference	same_job_shared_inconsistency	0e2fb3906b7aebb20e6273c24afe842809d8709fbc5a4809e3a1fd0856ab2b9e
ore_ont_15288.owl	km_route_card_fn	unknown	yes	unknown	yes	False	True	localname_match_but_fulliri_difference	same_job_shared_inconsistency	0e2fb3906b7aebb20e6273c24afe842809d8709fbc5a4809e3a1fd0856ab2b9e
ore_ont_15288.owl	km_route_nominals	unknown	yes	unknown	yes	False	True	localname_match_but_fulliri_difference	same_job_shared_inconsistency	0e2fb3906b7aebb20e6273c24afe842809d8709fbc5a4809e3a1fd0856ab2b9e
ore_ont_15288.owl	km_route_seq_on	unknown	yes	unknown	yes	False	True	localname_match_but_fulliri_difference	same_job_shared_inconsistency	0e2fb3906b7aebb20e6273c24afe842809d8709fbc5a4809e3a1fd0856ab2b9e
ore_ont_15288.owl	km_route_seq_off	unknown	yes	unknown	yes	False	True	localname_match_but_fulliri_difference	same_job_shared_inconsistency	0e2fb3906b7aebb20e6273c24afe842809d8709fbc5a4809e3a1fd0856ab2b9e
ore_ont_15288.owl	km_opt_stage_pre	unknown	yes	unknown	yes	False	True	localname_match_but_fulliri_difference	same_job_shared_inconsistency	0e2fb3906b7aebb20e6273c24afe842809d8709fbc5a4809e3a1fd0856ab2b9e
ore_ont_15288.owl	km_opt_stage_result_extract	unknown	yes	unknown	yes	False	True	localname_match_but_fulliri_difference	same_job_shared_inconsistency	0e2fb3906b7aebb20e6273c24afe842809d8709fbc5a4809e3a1fd0856ab2b9e
ore_ont_15288.owl	km_opt_stage_inline_subst	unknown	yes	unknown	yes	False	True	localname_match_but_fulliri_difference	same_job_shared_inconsistency	0e2fb3906b7aebb20e6273c24afe842809d8709fbc5a4809e3a1fd0856ab2b9e
ore_ont_15288.owl	km_opt_stage_role_reach	unknown	yes	unknown	yes	False	True	localname_match_but_fulliri_difference	same_job_shared_inconsistency	0e2fb3906b7aebb20e6273c24afe842809d8709fbc5a4809e3a1fd0856ab2b9e
ore_ont_15288.owl	km_opt_stage_rsucc_edge	unknown	yes	unknown	yes	False	True	localname_match_but_fulliri_difference	same_job_shared_inconsistency	0e2fb3906b7aebb20e6273c24afe842809d8709fbc5a4809e3a1fd0856ab2b9e
ore_ont_15288.owl	km_opt_stage_rollback	unknown	yes	unknown	yes	False	True	localname_match_but_fulliri_difference	same_job_shared_inconsistency	0e2fb3906b7aebb20e6273c24afe842809d8709fbc5a4809e3a1fd0856ab2b9e
ore_ont_15288.owl	km_opt_stage_oneway_subsume	unknown	yes	unknown	yes	False	True	localname_match_but_fulliri_difference	same_job_shared_inconsistency	0e2fb3906b7aebb20e6273c24afe842809d8709fbc5a4809e3a1fd0856ab2b9e
ore_ont_15288.owl	km_opt_stage_crossscan_gate	unknown	yes	unknown	yes	False	True	localname_match_but_fulliri_difference	same_job_shared_inconsistency	0e2fb3906b7aebb20e6273c24afe842809d8709fbc5a4809e3a1fd0856ab2b9e
ore_ont_15288.owl	km_opt_stage_clause_hash_reuse	unknown	yes	unknown	yes	False	True	localname_match_but_fulliri_difference	same_job_shared_inconsistency	0e2fb3906b7aebb20e6273c24afe842809d8709fbc5a4809e3a1fd0856ab2b9e
ore_ont_15288.owl	km_opt_stage_core_hash_intern	unknown	yes	unknown	yes	False	True	localname_match_but_fulliri_difference	same_job_shared_inconsistency	0e2fb3906b7aebb20e6273c24afe842809d8709fbc5a4809e3a1fd0856ab2b9e
ore_ont_15288.owl	km_opt_stage_backsub_unindex	unknown	yes	unknown	yes	False	True	localname_match_but_fulliri_difference	same_job_shared_inconsistency	0e2fb3906b7aebb20e6273c24afe842809d8709fbc5a4809e3a1fd0856ab2b9e
ore_ont_15288.owl	km_opt_ablate_result_extract	unknown	yes	unknown	yes	False	True	localname_match_but_fulliri_difference	same_job_shared_inconsistency	0e2fb3906b7aebb20e6273c24afe842809d8709fbc5a4809e3a1fd0856ab2b9e
ore_ont_15288.owl	km_opt_ablate_oneway_subsume	unknown	yes	unknown	yes	False	True	localname_match_but_fulliri_difference	same_job_shared_inconsistency	0e2fb3906b7aebb20e6273c24afe842809d8709fbc5a4809e3a1fd0856ab2b9e
ore_ont_15288.owl	km_opt_ablate_clause_hash_reuse	unknown	yes	unknown	yes	False	True	localname_match_but_fulliri_difference	same_job_shared_inconsistency	0e2fb3906b7aebb20e6273c24afe842809d8709fbc5a4809e3a1fd0856ab2b9e
ore_ont_15288.owl	km_opt_ablate_core_hash_intern	unknown	yes	unknown	yes	False	True	localname_match_but_fulliri_difference	same_job_shared_inconsistency	0e2fb3906b7aebb20e6273c24afe842809d8709fbc5a4809e3a1fd0856ab2b9e
ore_ont_15288.owl	km_opt_ablate_backsub_unindex	unknown	yes	unknown	yes	False	True	localname_match_but_fulliri_difference	same_job_shared_inconsistency	0e2fb3906b7aebb20e6273c24afe842809d8709fbc5a4809e3a1fd0856ab2b9e
ore_ont_15288.owl	km_solution_card_race	unknown	yes	unknown	yes	False	True	localname_match_but_fulliri_difference	same_job_shared_inconsistency	0e2fb3906b7aebb20e6273c24afe842809d8709fbc5a4809e3a1fd0856ab2b9e
ore_ont_15288.owl	km_solution_htforce_race	unknown	yes	unknown	yes	False	True	localname_match_but_fulliri_difference	same_job_shared_inconsistency	0e2fb3906b7aebb20e6273c24afe842809d8709fbc5a4809e3a1fd0856ab2b9e
ore_ont_15288.owl	km_solution_kpset_barrier	unknown	yes	unknown	yes	False	True	localname_match_but_fulliri_difference	same_job_shared_inconsistency	0e2fb3906b7aebb20e6273c24afe842809d8709fbc5a4809e3a1fd0856ab2b9e
ore_ont_15288.owl	km_solution_legacy_tab_race	unknown	yes	unknown	yes	False	True	localname_match_but_fulliri_difference	same_job_shared_inconsistency	0e2fb3906b7aebb20e6273c24afe842809d8709fbc5a4809e3a1fd0856ab2b9e
ore_ont_15288.owl	km_solution_nomlink_default	unknown	yes	unknown	yes	False	True	localname_match_but_fulliri_difference	same_job_shared_inconsistency	0e2fb3906b7aebb20e6273c24afe842809d8709fbc5a4809e3a1fd0856ab2b9e
ore_ont_15288.owl	km_solution_shoq_race	unknown	yes	unknown	yes	False	True	localname_match_but_fulliri_difference	same_job_shared_inconsistency	0e2fb3906b7aebb20e6273c24afe842809d8709fbc5a4809e3a1fd0856ab2b9e
ore_ont_15288.owl	km_solution_ht_rules_manual	unknown	yes	unknown	yes	False	True	localname_match_but_fulliri_difference	same_job_shared_inconsistency	0e2fb3906b7aebb20e6273c24afe842809d8709fbc5a4809e3a1fd0856ab2b9e
ore_ont_15288.owl	km_solution_production_all_explicit	unknown	yes	unknown	yes	False	True	localname_match_but_fulliri_difference	same_job_shared_inconsistency	0e2fb3906b7aebb20e6273c24afe842809d8709fbc5a4809e3a1fd0856ab2b9e
ore_ont_15288.owl	konclude	yes	yes	yes	yes	True	True	frozen_konclude_signature	same_job_shared_inconsistency	51d868eb154acb0b4cc18cc4d8fcea961392c3086f1668f194cebb989af4d5c0
ore_ont_15288.owl	hermit	unknown	yes	unknown	yes	False	True	localname_match_but_fulliri_difference	same_job_shared_inconsistency	0e2fb3906b7aebb20e6273c24afe842809d8709fbc5a4809e3a1fd0856ab2b9e
ore_ont_15288.owl	elk	yes	yes	yes	yes	True	True	same_job_fulliri_identity_to_konclude	same_job_shared_inconsistency	51d868eb154acb0b4cc18cc4d8fcea961392c3086f1668f194cebb989af4d5c0
ore_ont_15288.owl	rustdl_complete	unknown	yes	unknown	yes	False	True	localname_match_but_fulliri_difference	same_job_shared_inconsistency	0e2fb3906b7aebb20e6273c24afe842809d8709fbc5a4809e3a1fd0856ab2b9e
ore_ont_15288.owl	rustdl_default	unknown	yes	unknown	yes	False	True	localname_match_but_fulliri_difference	same_job_shared_inconsistency	0e2fb3906b7aebb20e6273c24afe842809d8709fbc5a4809e3a1fd0856ab2b9e
ore_ont_15292.owl	konclude	yes	yes	yes	yes	True	True	frozen_konclude_signature	same_job_fulliri_konclude_reference	288c1c0fb4c921dd0edffe644eb8927211feb3e8b41f5594e2cecd13a6c8722e
ore_ont_15341.owl	konclude	yes	yes	yes	yes	True	True	frozen_konclude_signature	same_job_fulliri_konclude_reference	e10d737f99082479ed7f0b48d5eb6eb955d0f5ff4b73133b774e668e3afef5a8
ore_ont_15388.owl	konclude	yes	yes	yes	yes	True	True	frozen_konclude_signature	same_job_fulliri_konclude_reference	f717311eadb07e39b2e4e8cf0d6d2071a5d4ea071eb2e28d6fb31d1b22f54583
ore_ont_15397.owl	konclude	yes	yes	yes	yes	True	True	frozen_konclude_signature	same_job_fulliri_konclude_reference	506fa23beedc125acf63d690baf993f04bb6b0ae9792a66b44548594ef62d4e6
ore_ont_15399.owl	konclude	yes	yes	yes	yes	True	True	frozen_konclude_signature	same_job_fulliri_konclude_reference	ab03a256cb57dc1403c83ce26b882e82a67ca384559a7e24fcba760edd9fa20f
ore_ont_15461.owl	konclude	yes	yes	yes	yes	True	True	frozen_konclude_signature	same_job_fulliri_konclude_reference	8ebf7b6bd037339eb82b7682a9b3ce27fb5cd639e91fa8ac20dbcb15cbfe1403
ore_ont_15491.owl	konclude	yes	yes	yes	yes	True	True	frozen_konclude_signature	same_job_fulliri_konclude_reference	29eef3316993313429e11dc5679421504ecc24bb73ccd95f430f76fa67a09f3f
ore_ont_15536.owl	konclude	yes	yes	yes	yes	True	True	frozen_konclude_signature	same_job_fulliri_konclude_reference	30d92536a8f8e48177d0c63659c837959a4cde810c818958e7831b2f22c89b62
ore_ont_1555.owl	konclude	yes	yes	yes	yes	True	True	frozen_konclude_signature	same_job_fulliri_konclude_reference	6e817cfcf2d319151b1d641c834cd4693e57890fda4c2f611eb7703779d355b2
ore_ont_15576.owl	konclude	yes	yes	yes	yes	True	True	frozen_konclude_signature	same_job_fulliri_konclude_reference	ae8261a17bf00a0a28ce29326d56641f6563f0be2fa58f9477efd1c03feedefc
ore_ont_1559.owl	konclude	yes	yes	yes	yes	True	True	frozen_konclude_signature	same_job_fulliri_konclude_reference	fafb3470beae97374dd5535b69c436d647f82cd5e724ba01f5a4baa0958ab7a7
ore_ont_15615.owl	konclude	yes	yes	yes	yes	True	True	frozen_konclude_signature	same_job_fulliri_konclude_reference	9fec24ea8bd820a767b8fe369418a83b69cc12076e4647818c654c4e744a4d3a
ore_ont_15672.owl	konclude	yes	yes	yes	yes	True	True	frozen_konclude_signature	same_job_fulliri_konclude_reference	9f192425568088c9a2d187fecd17049323c6d1c21df65bfb18d1b5ffa945ade5
ore_ont_15696.owl	konclude	yes	yes	yes	yes	True	True	frozen_konclude_signature	same_job_fulliri_konclude_reference	c0344a02d725b454dff26533af93a7a4e088f15d4c9caf48dadcf5a3892db8f6
ore_ont_15703.owl	km_route_auto	unknown	yes	unknown	yes	False	True	unclassified_correctness_evidence	same_job_fulliri_identity_to_konclude	090129a7fbaa14652ada3408dd1f160e7dd4a09a3502cc3323d8dad734e8893a
ore_ont_15703.owl	km_route_manual	unknown	yes	unknown	yes	False	True	unclassified_correctness_evidence	same_job_fulliri_identity_to_konclude	090129a7fbaa14652ada3408dd1f160e7dd4a09a3502cc3323d8dad734e8893a
ore_ont_15703.owl	km_route_default	unknown	yes	unknown	yes	False	True	unclassified_correctness_evidence	same_job_fulliri_identity_to_konclude	090129a7fbaa14652ada3408dd1f160e7dd4a09a3502cc3323d8dad734e8893a
ore_ont_15703.owl	km_route_default8	unknown	yes	unknown	yes	False	True	unclassified_correctness_evidence	same_job_fulliri_identity_to_konclude	090129a7fbaa14652ada3408dd1f160e7dd4a09a3502cc3323d8dad734e8893a
ore_ont_15703.owl	km_route_default1	unknown	yes	unknown	yes	False	True	unclassified_correctness_evidence	same_job_fulliri_identity_to_konclude	090129a7fbaa14652ada3408dd1f160e7dd4a09a3502cc3323d8dad734e8893a
ore_ont_15703.owl	km_route_production_all	unknown	yes	unknown	yes	False	True	unclassified_correctness_evidence	same_job_fulliri_identity_to_konclude	090129a7fbaa14652ada3408dd1f160e7dd4a09a3502cc3323d8dad734e8893a
ore_ont_15703.owl	km_route_production_all8	unknown	yes	unknown	yes	False	True	unclassified_correctness_evidence	same_job_fulliri_identity_to_konclude	090129a7fbaa14652ada3408dd1f160e7dd4a09a3502cc3323d8dad734e8893a
ore_ont_15703.owl	km_route_production_all1	unknown	yes	unknown	yes	False	True	unclassified_correctness_evidence	same_job_fulliri_identity_to_konclude	090129a7fbaa14652ada3408dd1f160e7dd4a09a3502cc3323d8dad734e8893a
ore_ont_15703.owl	km_route_cb_plain16	unknown	yes	unknown	yes	False	True	unclassified_correctness_evidence	same_job_fulliri_identity_to_konclude	090129a7fbaa14652ada3408dd1f160e7dd4a09a3502cc3323d8dad734e8893a
ore_ont_15703.owl	km_route_cb_plain8	unknown	yes	unknown	yes	False	True	unclassified_correctness_evidence	same_job_fulliri_identity_to_konclude	090129a7fbaa14652ada3408dd1f160e7dd4a09a3502cc3323d8dad734e8893a
ore_ont_15703.owl	km_route_cb_plain1	unknown	yes	unknown	yes	False	True	unclassified_correctness_evidence	same_job_fulliri_identity_to_konclude	090129a7fbaa14652ada3408dd1f160e7dd4a09a3502cc3323d8dad734e8893a
ore_ont_15703.owl	km_route_cb_absorb16	unknown	yes	unknown	yes	False	True	unclassified_correctness_evidence	same_job_fulliri_identity_to_konclude	090129a7fbaa14652ada3408dd1f160e7dd4a09a3502cc3323d8dad734e8893a
ore_ont_15703.owl	km_route_cb_absorb8	unknown	yes	unknown	yes	False	True	unclassified_correctness_evidence	same_job_fulliri_identity_to_konclude	090129a7fbaa14652ada3408dd1f160e7dd4a09a3502cc3323d8dad734e8893a
ore_ont_15703.owl	km_route_cb_absorb1	unknown	yes	unknown	yes	False	True	unclassified_correctness_evidence	same_job_fulliri_identity_to_konclude	090129a7fbaa14652ada3408dd1f160e7dd4a09a3502cc3323d8dad734e8893a
ore_ont_15703.owl	km_route_cb_trigger16	unknown	yes	unknown	yes	False	True	unclassified_correctness_evidence	same_job_fulliri_identity_to_konclude	090129a7fbaa14652ada3408dd1f160e7dd4a09a3502cc3323d8dad734e8893a
ore_ont_15703.owl	km_route_cb_trigger8	unknown	yes	unknown	yes	False	True	unclassified_correctness_evidence	same_job_fulliri_identity_to_konclude	090129a7fbaa14652ada3408dd1f160e7dd4a09a3502cc3323d8dad734e8893a
ore_ont_15703.owl	km_route_cb_trigger1	unknown	yes	unknown	yes	False	True	unclassified_correctness_evidence	same_job_fulliri_identity_to_konclude	090129a7fbaa14652ada3408dd1f160e7dd4a09a3502cc3323d8dad734e8893a
ore_ont_15703.owl	km_route_cb_absorb_portfolio16	unknown	yes	unknown	yes	False	True	unclassified_correctness_evidence	same_job_fulliri_identity_to_konclude	090129a7fbaa14652ada3408dd1f160e7dd4a09a3502cc3323d8dad734e8893a
ore_ont_15703.owl	km_route_elc_cert	unknown	yes	unknown	yes	False	True	unclassified_correctness_evidence	same_job_fulliri_identity_to_konclude	090129a7fbaa14652ada3408dd1f160e7dd4a09a3502cc3323d8dad734e8893a
ore_ont_15703.owl	km_route_lean	unknown	yes	unknown	yes	False	True	unclassified_correctness_evidence	same_job_fulliri_identity_to_konclude	090129a7fbaa14652ada3408dd1f160e7dd4a09a3502cc3323d8dad734e8893a
ore_ont_15703.owl	km_route_ht_general	unknown	yes	unknown	yes	False	True	unclassified_correctness_evidence	same_job_fulliri_identity_to_konclude	090129a7fbaa14652ada3408dd1f160e7dd4a09a3502cc3323d8dad734e8893a
ore_ont_15703.owl	km_route_ht_features	unknown	yes	unknown	yes	False	True	unclassified_correctness_evidence	same_job_fulliri_identity_to_konclude	090129a7fbaa14652ada3408dd1f160e7dd4a09a3502cc3323d8dad734e8893a
ore_ont_15703.owl	km_route_ht_rules	unknown	yes	unknown	yes	False	True	unclassified_correctness_evidence	same_job_fulliri_identity_to_konclude	090129a7fbaa14652ada3408dd1f160e7dd4a09a3502cc3323d8dad734e8893a
ore_ont_15703.owl	km_route_tab_race	unknown	yes	unknown	yes	False	True	unclassified_correctness_evidence	same_job_fulliri_identity_to_konclude	090129a7fbaa14652ada3408dd1f160e7dd4a09a3502cc3323d8dad734e8893a
ore_ont_15703.owl	km_route_nominals	unknown	yes	unknown	yes	False	True	unclassified_correctness_evidence	same_job_fulliri_identity_to_konclude	090129a7fbaa14652ada3408dd1f160e7dd4a09a3502cc3323d8dad734e8893a
ore_ont_15703.owl	km_route_seq_on	unknown	yes	unknown	yes	False	True	unclassified_correctness_evidence	same_job_fulliri_identity_to_konclude	090129a7fbaa14652ada3408dd1f160e7dd4a09a3502cc3323d8dad734e8893a
ore_ont_15703.owl	km_route_seq_off	unknown	yes	unknown	yes	False	True	unclassified_correctness_evidence	same_job_fulliri_identity_to_konclude	090129a7fbaa14652ada3408dd1f160e7dd4a09a3502cc3323d8dad734e8893a
ore_ont_15703.owl	km_opt_stage_oneway_subsume	unknown	yes	unknown	yes	False	True	unclassified_correctness_evidence	same_job_fulliri_identity_to_konclude	090129a7fbaa14652ada3408dd1f160e7dd4a09a3502cc3323d8dad734e8893a
ore_ont_15703.owl	km_opt_stage_crossscan_gate	unknown	yes	unknown	yes	False	True	unclassified_correctness_evidence	same_job_fulliri_identity_to_konclude	090129a7fbaa14652ada3408dd1f160e7dd4a09a3502cc3323d8dad734e8893a
ore_ont_15703.owl	km_opt_stage_clause_hash_reuse	unknown	yes	unknown	yes	False	True	unclassified_correctness_evidence	same_job_fulliri_identity_to_konclude	090129a7fbaa14652ada3408dd1f160e7dd4a09a3502cc3323d8dad734e8893a
ore_ont_15703.owl	km_opt_stage_core_hash_intern	unknown	yes	unknown	yes	False	True	unclassified_correctness_evidence	same_job_fulliri_identity_to_konclude	090129a7fbaa14652ada3408dd1f160e7dd4a09a3502cc3323d8dad734e8893a
ore_ont_15703.owl	km_opt_stage_backsub_unindex	unknown	yes	unknown	yes	False	True	unclassified_correctness_evidence	same_job_fulliri_identity_to_konclude	090129a7fbaa14652ada3408dd1f160e7dd4a09a3502cc3323d8dad734e8893a
ore_ont_15703.owl	km_opt_ablate_result_extract	unknown	yes	unknown	yes	False	True	unclassified_correctness_evidence	same_job_fulliri_identity_to_konclude	090129a7fbaa14652ada3408dd1f160e7dd4a09a3502cc3323d8dad734e8893a
ore_ont_15703.owl	km_opt_ablate_oneway_subsume	unknown	yes	unknown	yes	False	True	unclassified_correctness_evidence	same_job_fulliri_identity_to_konclude	090129a7fbaa14652ada3408dd1f160e7dd4a09a3502cc3323d8dad734e8893a
ore_ont_15703.owl	km_opt_ablate_clause_hash_reuse	unknown	yes	unknown	yes	False	True	unclassified_correctness_evidence	same_job_fulliri_identity_to_konclude	090129a7fbaa14652ada3408dd1f160e7dd4a09a3502cc3323d8dad734e8893a
ore_ont_15703.owl	km_opt_ablate_core_hash_intern	unknown	yes	unknown	yes	False	True	unclassified_correctness_evidence	same_job_fulliri_identity_to_konclude	090129a7fbaa14652ada3408dd1f160e7dd4a09a3502cc3323d8dad734e8893a
ore_ont_15703.owl	km_opt_ablate_backsub_unindex	unknown	yes	unknown	yes	False	True	unclassified_correctness_evidence	same_job_fulliri_identity_to_konclude	090129a7fbaa14652ada3408dd1f160e7dd4a09a3502cc3323d8dad734e8893a
ore_ont_15703.owl	km_solution_card_race	unknown	yes	unknown	yes	False	True	unclassified_correctness_evidence	same_job_fulliri_identity_to_konclude	090129a7fbaa14652ada3408dd1f160e7dd4a09a3502cc3323d8dad734e8893a
ore_ont_15703.owl	km_solution_htforce_race	unknown	yes	unknown	yes	False	True	unclassified_correctness_evidence	same_job_fulliri_identity_to_konclude	090129a7fbaa14652ada3408dd1f160e7dd4a09a3502cc3323d8dad734e8893a
ore_ont_15703.owl	km_solution_kpset_barrier	unknown	yes	unknown	yes	False	True	unclassified_correctness_evidence	same_job_fulliri_identity_to_konclude	090129a7fbaa14652ada3408dd1f160e7dd4a09a3502cc3323d8dad734e8893a
ore_ont_15703.owl	km_solution_legacy_tab_race	unknown	yes	unknown	yes	False	True	unclassified_correctness_evidence	same_job_fulliri_identity_to_konclude	090129a7fbaa14652ada3408dd1f160e7dd4a09a3502cc3323d8dad734e8893a
ore_ont_15703.owl	km_solution_nomlink_default	unknown	yes	unknown	yes	False	True	unclassified_correctness_evidence	same_job_fulliri_identity_to_konclude	090129a7fbaa14652ada3408dd1f160e7dd4a09a3502cc3323d8dad734e8893a
ore_ont_15703.owl	km_solution_shoq_race	unknown	yes	unknown	yes	False	True	unclassified_correctness_evidence	same_job_fulliri_identity_to_konclude	090129a7fbaa14652ada3408dd1f160e7dd4a09a3502cc3323d8dad734e8893a
ore_ont_15703.owl	km_solution_ht_rules_manual	unknown	yes	unknown	yes	False	True	unclassified_correctness_evidence	same_job_fulliri_identity_to_konclude	090129a7fbaa14652ada3408dd1f160e7dd4a09a3502cc3323d8dad734e8893a
ore_ont_15703.owl	km_solution_production_all_explicit	unknown	yes	unknown	yes	False	True	unclassified_correctness_evidence	same_job_fulliri_identity_to_konclude	090129a7fbaa14652ada3408dd1f160e7dd4a09a3502cc3323d8dad734e8893a
ore_ont_15703.owl	konclude	unknown	yes	unknown	yes	False	True	unclassified_correctness_evidence	same_job_fulliri_konclude_reference	090129a7fbaa14652ada3408dd1f160e7dd4a09a3502cc3323d8dad734e8893a
ore_ont_15703.owl	hermit	unknown	yes	unknown	yes	False	True	unclassified_correctness_evidence	same_job_fulliri_identity_to_konclude	090129a7fbaa14652ada3408dd1f160e7dd4a09a3502cc3323d8dad734e8893a
ore_ont_15703.owl	elk	unknown	yes	unknown	yes	False	True	unclassified_correctness_evidence	same_job_fulliri_identity_to_konclude	090129a7fbaa14652ada3408dd1f160e7dd4a09a3502cc3323d8dad734e8893a
ore_ont_15725.owl	konclude	yes	yes	yes	yes	True	True	frozen_konclude_signature	same_job_fulliri_konclude_reference	6148663589c13cd63814fc4c86a97c9479ea5dafd083ea810dee643744a12292
ore_ont_1579.owl	konclude	yes	yes	yes	yes	True	True	frozen_konclude_signature	same_job_fulliri_konclude_reference	f85af823dd66bc3ab8786848e746d3950e227b5cad2be34eb7efcb6e44d9643c
ore_ont_15790.owl	konclude	yes	yes	yes	yes	True	True	frozen_konclude_signature	same_job_fulliri_konclude_reference	36769512336101f2b9c1c65fcce3bd7f041b9ac9b18faf10c43413edfa85e67c
ore_ont_15791.owl	konclude	yes	yes	yes	yes	True	True	frozen_konclude_signature	same_job_fulliri_konclude_reference	caebe90bb7db1ef64fed0b7f8d52f21c081675b08ca3c32ed3a3b2db2fa2e1e9
ore_ont_15793.owl	konclude	yes	yes	yes	yes	True	True	frozen_konclude_signature	same_job_fulliri_konclude_reference	f98b92e9ad565a9dd6ae585b70d54861a81c7e3db0268958c04df165f1b054b6
ore_ont_15803.owl	konclude	yes	yes	yes	yes	True	True	frozen_konclude_signature	same_job_fulliri_konclude_reference	00b732b1fa088069d7c2ae2b9b91d34ebc1018502705cd06a214a698813bdd19
ore_ont_15846.owl	konclude	yes	yes	yes	yes	True	True	frozen_konclude_signature	same_job_fulliri_konclude_reference	53161ea09eb2f0907daf267f8f7bb1db94e7baae08dc61a62ccbdc8f0499b7f7
ore_ont_15860.owl	konclude	yes	yes	yes	yes	True	True	frozen_konclude_signature	same_job_fulliri_konclude_reference	63df82d7f7a54cab6832b7c81a9ff5f143e6676dc4bb9259c47f06e43e32057d
ore_ont_15882.owl	konclude	yes	yes	yes	yes	True	True	frozen_konclude_signature	same_job_fulliri_konclude_reference	1b09ac1cf7c9870d6794bdd4387628e92afa050f47ff7fd35607af81cf85e3ce
ore_ont_15917.owl	konclude	yes	yes	yes	yes	True	True	frozen_konclude_signature	same_job_fulliri_konclude_reference	3cf6dca950fa07d0390869c236a17bddb759ba648155aede807ba1e29288dd03
ore_ont_15929.owl	konclude	yes	yes	yes	yes	True	True	frozen_konclude_signature	same_job_fulliri_konclude_reference	1de49d22b543acecb754b093b6b2de7c89f7d55dc54b8c0a361ffb6a33648f8b
ore_ont_15932.owl	konclude	yes	yes	yes	yes	True	True	frozen_konclude_signature	same_job_fulliri_konclude_reference	f98b92e9ad565a9dd6ae585b70d54861a81c7e3db0268958c04df165f1b054b6
ore_ont_15944.owl	konclude	yes	yes	yes	yes	True	True	frozen_konclude_signature	same_job_fulliri_konclude_reference	779e050bc44d3c47b201ec98aab3cb94171efae2c0e0c97ef733f336962dfee8
ore_ont_15950.owl	konclude	yes	yes	yes	yes	True	True	frozen_konclude_signature	same_job_fulliri_konclude_reference	51916708d8b23b28582a9549c1b2133e21b0f03ae4bfa927e914cee44687bb22
ore_ont_15968.owl	konclude	yes	yes	yes	yes	True	True	frozen_konclude_signature	same_job_fulliri_konclude_reference	5423585836d7ff65ee0101b5832a5351e54a5e93268bcf0b5b137642f2c16882
ore_ont_15976.owl	konclude	yes	yes	yes	yes	True	True	frozen_konclude_signature	same_job_fulliri_konclude_reference	4abaeb4e4a74a6da679734b5cb19919645c74e95b085e5e16934fa70f4873232
ore_ont_15985.owl	konclude	yes	yes	yes	yes	True	True	frozen_konclude_signature	same_job_fulliri_konclude_reference	69613009d81829d89cb2c8a3cf63d5e8d46e6c3d2d0368a96d787cef1e4f5646
ore_ont_16008.owl	konclude	yes	yes	yes	yes	True	True	frozen_konclude_signature	same_job_fulliri_konclude_reference	4bff0d5d36be5345d3bc2ae4857afe1bbea7a039ce6b246d5b5e2bdb5e8544fd
ore_ont_1603.owl	konclude	yes	yes	yes	yes	True	True	frozen_konclude_signature	same_job_fulliri_konclude_reference	d8ba4ccd48868b954945c49d238b0abf1f003362abf924f6727b16335f94fb12
ore_ont_16076.owl	konclude	yes	yes	yes	yes	True	True	frozen_konclude_signature	same_job_fulliri_konclude_reference	1d52b1e2eacc2696bdc31f061facd0c9abffa1cad9ecd472528c4e93f66ddaff
ore_ont_16114.owl	konclude	yes	yes	yes	yes	True	True	frozen_konclude_signature	same_job_fulliri_konclude_reference	dd5ab02d3794b6fb6d03a8abb2a448890ad5db15ae0ff804d1667b4b6a9a99f8
ore_ont_16167.owl	konclude	yes	yes	yes	yes	True	True	frozen_konclude_signature	same_job_fulliri_konclude_reference	f7a85294c312b0952466233b30da5b93c0225cf1f77d4cabf2dad67b6fbf6a3a
ore_ont_1618.owl	konclude	yes	yes	yes	yes	True	True	frozen_konclude_signature	same_job_fulliri_konclude_reference	953c3e6a1176a9bcbec5c0e93d427bf5865fab723b07f407045d97a95a706e2b
ore_ont_16299.owl	konclude	yes	yes	yes	yes	True	True	frozen_konclude_signature	same_job_fulliri_konclude_reference	9c4a673fe1c9ba91aefdf49e0e0e8eab922cde851b8f939978e435bec39f5b23
ore_ont_16303.owl	konclude	yes	yes	yes	yes	True	True	frozen_konclude_signature	same_job_fulliri_konclude_reference	18af70906c7ad912640866ffd14d8b5aa1a3f44df223ab632a8aa795229da75d
ore_ont_16312.owl	konclude	yes	yes	yes	yes	True	True	frozen_konclude_signature	same_job_fulliri_konclude_reference	7eed13132405ce6cb43f351cfbbed9371067da21f1ad067b400143bce8bf37f3
ore_ont_16351.owl	konclude	yes	yes	yes	yes	True	True	frozen_konclude_signature	same_job_fulliri_konclude_reference	c7cf5585095bf8ec69703edc3068607bae867681b7b004d36741c94b3b94cb8c
ore_ont_16444.owl	konclude	yes	yes	yes	yes	True	True	frozen_konclude_signature	same_job_fulliri_konclude_reference	ff7e6c5f8bb02f4805460ec063f0b4464007bbe0485039fbc018802deb0c1f93
ore_ont_16461.owl	konclude	yes	yes	yes	yes	True	True	frozen_konclude_signature	same_job_fulliri_konclude_reference	ca93237fba995d4c8de1586b32fa8df4b12b540aa168bd1b837f035064ab5525
ore_ont_16462.owl	konclude	yes	yes	yes	yes	True	True	frozen_konclude_signature	same_job_fulliri_konclude_reference	f65213e8fdb84b4a801c3ce61f00e6f28701279984f7a45f32493f6bb0f27d61
ore_ont_16501.owl	konclude	yes	yes	yes	yes	True	True	frozen_konclude_signature	same_job_fulliri_konclude_reference	78f7bbe618a78b41ee616caeb17c7a3100576d2ddfde7d3dca09c70a3f4b0beb
ore_ont_16558.owl	konclude	yes	yes	yes	yes	True	True	frozen_konclude_signature	same_job_fulliri_konclude_reference	779e050bc44d3c47b201ec98aab3cb94171efae2c0e0c97ef733f336962dfee8
ore_ont_16559.owl	konclude	yes	yes	yes	yes	True	True	frozen_konclude_signature	same_job_fulliri_konclude_reference	f98b92e9ad565a9dd6ae585b70d54861a81c7e3db0268958c04df165f1b054b6
ore_ont_16596.owl	konclude	yes	yes	yes	yes	True	True	frozen_konclude_signature	same_job_fulliri_konclude_reference	011412342951a12d0dd56848509ce40131bc35d59c22637f244311bd3e2d0781
ore_ont_16619.owl	konclude	yes	yes	yes	yes	True	True	frozen_konclude_signature	same_job_fulliri_konclude_reference	dd4207837ecbcd8e2293f33d7a4869ce5ab0fa78283103fe2d3f7916eb2bab44
ore_ont_16626.owl	konclude	yes	yes	yes	yes	True	True	frozen_konclude_signature	same_job_fulliri_konclude_reference	6070e1bdeb388032cd72e161051956b43ff837dc6bb3bbc6102fda91e39b3ed2
ore_ont_1666.owl	konclude	yes	yes	yes	yes	True	True	frozen_konclude_signature	same_job_fulliri_konclude_reference	fa581741d058499bb51cded8d143b0a7259debde1afb3580d10c04d70ee923a5
ore_ont_16684.owl	konclude	yes	yes	yes	yes	True	True	frozen_konclude_signature	same_job_fulliri_konclude_reference	f98b92e9ad565a9dd6ae585b70d54861a81c7e3db0268958c04df165f1b054b6
ore_ont_16687.owl	konclude	yes	yes	yes	yes	True	True	frozen_konclude_signature	same_job_fulliri_konclude_reference	01685ab595803263199baac8d42006cd43d44058f54917a4936d1ee158365b1c
ore_ont_16730.owl	konclude	yes	yes	yes	yes	True	True	frozen_konclude_signature	same_job_fulliri_konclude_reference	b32a98abdbe2ca178c87190d4c5645ebb06bf5cabd8c3dc99dea03a366efbd5e
ore_ont_16744.owl	konclude	yes	yes	yes	yes	True	True	frozen_konclude_signature	same_job_fulliri_konclude_reference	f98b92e9ad565a9dd6ae585b70d54861a81c7e3db0268958c04df165f1b054b6
ore_ont_16777.owl	konclude	yes	yes	yes	yes	True	True	frozen_konclude_signature	same_job_fulliri_konclude_reference	f98b92e9ad565a9dd6ae585b70d54861a81c7e3db0268958c04df165f1b054b6
ore_ont_16821.owl	konclude	yes	yes	yes	yes	True	True	frozen_konclude_signature	same_job_fulliri_konclude_reference	ab9d742920e187079d6d95dae8e826ad74cc44b3b7d25c81186da2b9e3757bea
ore_ont_178.owl	konclude	yes	yes	yes	yes	True	True	frozen_konclude_signature	same_job_fulliri_konclude_reference	2dcea6a769f315b69015977768111a2d106850a400e3569fff9f6198417c44c6
ore_ont_1790.owl	konclude	yes	yes	yes	yes	True	True	frozen_konclude_signature	same_job_fulliri_konclude_reference	54a3519d9fce2a0f5b8c3abfff89700ac6d15e0cc633cefa4fc0b39541f02e59
ore_ont_1793.owl	konclude	yes	yes	yes	yes	True	True	frozen_konclude_signature	same_job_fulliri_konclude_reference	1153abaae5af00c218c1d07a69980103e27300efaa5f78d92c7e41675f7b4dd8
ore_ont_1902.owl	konclude	yes	yes	yes	yes	True	True	frozen_konclude_signature	same_job_fulliri_konclude_reference	460c71c5d71e6163ae645f92998cae1079c6fdbf4183b46f6b606dda921b3c67
ore_ont_1967.owl	konclude	yes	yes	yes	yes	True	True	frozen_konclude_signature	same_job_fulliri_konclude_reference	ab03a256cb57dc1403c83ce26b882e82a67ca384559a7e24fcba760edd9fa20f
ore_ont_1970.owl	konclude	yes	yes	yes	yes	True	True	frozen_konclude_signature	same_job_fulliri_konclude_reference	57c84104f02cccd4101482a10e4418f61aa652b19a13a5385eb6982d2c4985d9
ore_ont_2011.owl	konclude	yes	yes	yes	yes	True	True	frozen_konclude_signature	same_job_fulliri_konclude_reference	e88ee3a5cb95a82bb025d46ef5de9dd70bc56199caccab8a6b7da6faf5e4aeab
ore_ont_2036.owl	konclude	yes	yes	yes	yes	True	True	frozen_konclude_signature	same_job_fulliri_konclude_reference	f51cd80a369666540d59378b02995a10c54b8c94df4e23452cd909b5dd61da9b
ore_ont_2046.owl	konclude	yes	yes	yes	yes	True	True	frozen_konclude_signature	same_job_fulliri_konclude_reference	f98b92e9ad565a9dd6ae585b70d54861a81c7e3db0268958c04df165f1b054b6
ore_ont_2066.owl	konclude	yes	yes	yes	yes	True	True	frozen_konclude_signature	same_job_fulliri_konclude_reference	0bf9376db38380bda892ee402fd67564026335d50e79140a21d6bb47677b0499
ore_ont_2105.owl	konclude	yes	yes	yes	yes	True	True	frozen_konclude_signature	same_job_fulliri_konclude_reference	f98b92e9ad565a9dd6ae585b70d54861a81c7e3db0268958c04df165f1b054b6
ore_ont_2128.owl	konclude	yes	yes	yes	yes	True	True	frozen_konclude_signature	same_job_fulliri_konclude_reference	7fd155e0df1d96ec0fb8993869e99e604fef21ddf4520bead4351e80ca98b6f6
ore_ont_2129.owl	konclude	yes	yes	yes	yes	True	True	frozen_konclude_signature	same_job_fulliri_konclude_reference	af60770e185c8116d46e8fe4c31fd0efc72d5f66aa4f1980610ccd0ef0ab7e3e
ore_ont_2195.owl	konclude	yes	yes	yes	yes	True	True	frozen_konclude_signature	same_job_fulliri_konclude_reference	f98b92e9ad565a9dd6ae585b70d54861a81c7e3db0268958c04df165f1b054b6
ore_ont_2228.owl	konclude	yes	yes	yes	yes	True	True	frozen_konclude_signature	same_job_fulliri_konclude_reference	1d753296685b76f577b6f9dfc50ad597f83d327f4548999d93a4af3ba89d2b9a
ore_ont_2237.owl	konclude	yes	yes	yes	yes	True	True	frozen_konclude_signature	same_job_fulliri_konclude_reference	f98b92e9ad565a9dd6ae585b70d54861a81c7e3db0268958c04df165f1b054b6
ore_ont_2243.owl	konclude	yes	yes	yes	yes	True	True	frozen_konclude_signature	same_job_fulliri_konclude_reference	f98b92e9ad565a9dd6ae585b70d54861a81c7e3db0268958c04df165f1b054b6
ore_ont_2253.owl	konclude	yes	yes	yes	yes	True	True	frozen_konclude_signature	same_job_fulliri_konclude_reference	f98b92e9ad565a9dd6ae585b70d54861a81c7e3db0268958c04df165f1b054b6
ore_ont_2266.owl	konclude	yes	yes	yes	yes	True	True	frozen_konclude_signature	same_job_fulliri_konclude_reference	9b12ca5f44e9be216d7e3e658d47ec83378cb673b1c2f808b9dd0d10b5b75add
ore_ont_2313.owl	konclude	yes	yes	yes	yes	True	True	frozen_konclude_signature	same_job_fulliri_konclude_reference	8bea89bafef16efdb411c96db3171c4004f4983e8e9d484243c8c3d70bc8ff30
ore_ont_2317.owl	konclude	yes	yes	yes	yes	True	True	frozen_konclude_signature	same_job_fulliri_konclude_reference	17fde4212826df0e0e024f37d4234171478dda940016bdbef31836a3395c8606
ore_ont_2333.owl	konclude	yes	yes	yes	yes	True	True	frozen_konclude_signature	same_job_fulliri_konclude_reference	04aae7bcb6ff804dc598c6ce13d9494b14028cbddeb8a7065cc2749694052672
ore_ont_2361.owl	konclude	yes	yes	yes	yes	True	True	frozen_konclude_signature	same_job_fulliri_konclude_reference	3f4e0dcc611f1b11b753b2d3a217accb9981cf2f6cfc7fdc855b4a06dde0494e
ore_ont_2377.owl	konclude	yes	yes	yes	yes	True	True	frozen_konclude_signature	same_job_fulliri_konclude_reference	d6281e88463f9bf2f22f5e898df3f7c961b44ac20fadb4f4ba2f30dbc60438e0
ore_ont_2378.owl	konclude	yes	yes	yes	yes	True	True	frozen_konclude_signature	same_job_fulliri_konclude_reference	4ae52e7c6a9bcae34b7af72764e98ac891844f74f9a8f7a832229c129180f178
ore_ont_2397.owl	konclude	yes	yes	yes	yes	True	True	frozen_konclude_signature	same_job_fulliri_konclude_reference	c6ba4e98e84662bf39f2260de27e1c8de221413e34e458bed8d392cc4fafcd9a
ore_ont_2440.owl	konclude	yes	yes	yes	yes	True	True	frozen_konclude_signature	same_job_fulliri_konclude_reference	99cf0fa30e034ee56f426da30259fbd622b59bfcc501b413a39571b879780612
ore_ont_2453.owl	konclude	yes	yes	yes	yes	True	True	frozen_konclude_signature	same_job_fulliri_konclude_reference	691d0dc0bdeb58058395c50adf1bbf2a4e4f8e9a7849f9d9c4bde03496958aa2
ore_ont_2469.owl	konclude	yes	yes	yes	yes	True	True	frozen_konclude_signature	same_job_fulliri_konclude_reference	89a1e8b57f29e000915e790c663a8c60d4444d9b9360ace3dcfcfc12fffdc68f
ore_ont_2485.owl	konclude	yes	yes	yes	yes	True	True	frozen_konclude_signature	same_job_fulliri_konclude_reference	a7e710283d554f280bce127308b086b9b0b40f047365f8a8d4d6e802938eb2e3
ore_ont_2491.owl	konclude	yes	yes	yes	yes	True	True	frozen_konclude_signature	same_job_fulliri_konclude_reference	f98b92e9ad565a9dd6ae585b70d54861a81c7e3db0268958c04df165f1b054b6
ore_ont_2496.owl	konclude	yes	yes	yes	yes	True	True	frozen_konclude_signature	same_job_fulliri_konclude_reference	c959d3a78d990896e662e406012ae488c05c164da4302f52e1168ee1b51333bb
ore_ont_2497.owl	konclude	yes	yes	yes	yes	True	True	frozen_konclude_signature	same_job_fulliri_konclude_reference	c31b4e4ba804fa38a8d9dfc8971f5feb713dba657390bf2941fddffdb46dbf48
ore_ont_2557.owl	konclude	yes	yes	yes	yes	True	True	frozen_konclude_signature	same_job_fulliri_konclude_reference	f98b92e9ad565a9dd6ae585b70d54861a81c7e3db0268958c04df165f1b054b6
ore_ont_2569.owl	konclude	yes	yes	yes	yes	True	True	frozen_konclude_signature	same_job_fulliri_konclude_reference	7d9b914f5da91b4c1c6e6195598b9d14b5e71d1e177926ef81a5ae92e056b160
ore_ont_258.owl	konclude	yes	yes	yes	yes	True	True	frozen_konclude_signature	same_job_fulliri_konclude_reference	d3cb04ffbc148c2451c5c10a7bdb248e7bf5f1ea6864722cf2adc6079879017f
ore_ont_2591.owl	konclude	yes	yes	yes	yes	True	True	frozen_konclude_signature	same_job_fulliri_konclude_reference	f98b92e9ad565a9dd6ae585b70d54861a81c7e3db0268958c04df165f1b054b6
ore_ont_2627.owl	konclude	yes	yes	yes	yes	True	True	frozen_konclude_signature	same_job_fulliri_konclude_reference	08dd2ea66d51e438042c28c25767bc34509f3ab790465c5a029ceb32c3c72d78
ore_ont_2632.owl	konclude	yes	yes	yes	yes	True	True	frozen_konclude_signature	same_job_fulliri_konclude_reference	6ab1283f1fc40eb5fedb076704912653db50ea35e64c473a569cdcf524ad77f2
ore_ont_2654.owl	konclude	yes	yes	yes	yes	True	True	frozen_konclude_signature	same_job_fulliri_konclude_reference	150c6949a405999abbc9d3c2300bb1174823f1dfb7bcd3c38719a8ad42bf0757
ore_ont_2661.owl	konclude	yes	yes	yes	yes	True	True	frozen_konclude_signature	same_job_fulliri_konclude_reference	8a45232c955a9e23481bdcb2adf6b4e5d565c80069a0922ccb90bed1d548d45d
ore_ont_2662.owl	konclude	yes	yes	yes	yes	True	True	frozen_konclude_signature	same_job_fulliri_konclude_reference	55116ffc68ecbf559cc0ce6aa9bf124054a7d0107a06890296d0cf18a713de70
ore_ont_2672.owl	konclude	yes	yes	yes	yes	True	True	frozen_konclude_signature	same_job_fulliri_konclude_reference	ad92836453a6cd31323119894610ef28358902e5e6de65d8e63924e45c851219
ore_ont_2678.owl	konclude	yes	yes	yes	yes	True	True	frozen_konclude_signature	same_job_fulliri_konclude_reference	f4210acc5182211358864be3db0eb511ac70787b42871f772a33f003d1b652a4
ore_ont_269.owl	konclude	yes	yes	yes	yes	True	True	frozen_konclude_signature	same_job_fulliri_konclude_reference	f98b92e9ad565a9dd6ae585b70d54861a81c7e3db0268958c04df165f1b054b6
ore_ont_2713.owl	konclude	yes	yes	yes	yes	True	True	frozen_konclude_signature	same_job_fulliri_konclude_reference	9da5662afe63dd1c235c0976a336f94e2e635303a9386786ea3c4f9182fd5971
ore_ont_2720.owl	konclude	yes	yes	yes	yes	True	True	frozen_konclude_signature	same_job_fulliri_konclude_reference	fe3f0363d04e0711c36aec60a7fed1c47ee2a16ce7b1d7ec836ad832942459dd
ore_ont_2744.owl	konclude	yes	yes	yes	yes	True	True	frozen_konclude_signature	same_job_fulliri_konclude_reference	0d2db6ca508e92a53e666248617716b32b85d46bea28b26940d5e0fd767fe3b8
ore_ont_2753.owl	konclude	yes	yes	yes	yes	True	True	frozen_konclude_signature	same_job_fulliri_konclude_reference	d28f70aad394bfef28adc4e3582eae5b57f4276aa5a47f1834de23a4c617d460
ore_ont_2803.owl	konclude	yes	yes	yes	yes	True	True	frozen_konclude_signature	same_job_fulliri_konclude_reference	1de49d22b543acecb754b093b6b2de7c89f7d55dc54b8c0a361ffb6a33648f8b
ore_ont_2828.owl	konclude	yes	yes	yes	yes	True	True	frozen_konclude_signature	same_job_fulliri_konclude_reference	0ee2a070651a6d50b2dd97735d8382d01a7d5fd50cceb77bc7f8aa77824ccccf
ore_ont_2860.owl	konclude	yes	yes	yes	yes	True	True	frozen_konclude_signature	same_job_fulliri_konclude_reference	e8a3dfc24eb815b9b2b101f7e2fc944d20da4ab48d3fbad7988c460f49195555
ore_ont_2876.owl	konclude	yes	yes	yes	yes	True	True	frozen_konclude_signature	same_job_fulliri_konclude_reference	a9ac6300767d4249754934c42ed68b5c751074220686458efd68e885dce35d4d
ore_ont_3050.owl	konclude	yes	yes	yes	yes	True	True	frozen_konclude_signature	same_job_fulliri_konclude_reference	54a3519d9fce2a0f5b8c3abfff89700ac6d15e0cc633cefa4fc0b39541f02e59
ore_ont_3082.owl	konclude	yes	yes	yes	yes	True	True	frozen_konclude_signature	same_job_fulliri_konclude_reference	88e5a2b5d5a1314578bfaa288c618f329e6cebb4a33359814be2d866c4910fe9
ore_ont_3106.owl	konclude	yes	yes	yes	yes	True	True	frozen_konclude_signature	same_job_fulliri_konclude_reference	a6496936986c37e84d320fc030d0f6a19adedd3b2e99be95b0a3c69dda963795
ore_ont_3164.owl	konclude	yes	yes	yes	yes	True	True	frozen_konclude_signature	same_job_fulliri_konclude_reference	26c564c46708c6964e0810121f223b37391d875f62b33d71759cd3cd0688680b
ore_ont_3177.owl	konclude	yes	yes	yes	yes	True	True	frozen_konclude_signature	same_job_fulliri_konclude_reference	b51ca71f2c01568899bbacd57b09c0be6579eccf39ecb97b034ad7819d1434bf
ore_ont_3215.owl	konclude	yes	yes	yes	yes	True	True	frozen_konclude_signature	same_job_fulliri_konclude_reference	c55df90d1b4de7b07423c37f43a0effe07e5f8e0afdde76a0212737003c5cf51
ore_ont_3231.owl	konclude	yes	yes	yes	yes	True	True	frozen_konclude_signature	same_job_fulliri_konclude_reference	f2576528e8d1eb7570bde692ee53de565052cfce6cd303d99f205224d96d2736
ore_ont_3259.owl	konclude	yes	yes	yes	yes	True	True	frozen_konclude_signature	same_job_fulliri_konclude_reference	f98b92e9ad565a9dd6ae585b70d54861a81c7e3db0268958c04df165f1b054b6
ore_ont_3260.owl	konclude	yes	yes	yes	yes	True	True	frozen_konclude_signature	same_job_fulliri_konclude_reference	45f1b02d8ce4237f58699d7cf791ebb0ec0c4202e1dfc7cddc568867064d97b7
ore_ont_33.owl	konclude	yes	yes	yes	yes	True	True	frozen_konclude_signature	same_job_fulliri_konclude_reference	5e363f0609fe94d8298cd2078fd78f835d0c6b59059e215171b0680d5317370a
ore_ont_3313.owl	konclude	yes	yes	yes	yes	True	True	frozen_konclude_signature	same_job_fulliri_konclude_reference	b782ba364b6077d5f673b547055fe53390b9be001779d167e50a6cc947ba7eb6
ore_ont_3349.owl	konclude	yes	yes	yes	yes	True	True	frozen_konclude_signature	same_job_fulliri_konclude_reference	146eedb9ace9f60845774699f6ff1be233ed2735a2a67fa7e636950bf079bf20
ore_ont_3377.owl	konclude	yes	yes	yes	yes	True	True	frozen_konclude_signature	same_job_fulliri_konclude_reference	a4943de887d6cf3bcfbb01dd2c1225369c082778a7ff59f3768920c37c1b14fc
ore_ont_338.owl	konclude	yes	yes	yes	yes	True	True	frozen_konclude_signature	same_job_fulliri_konclude_reference	d8344cc84dd9a9bc4a75ebbee0b3f6be477c1f07dce1c0dbaa151d234d497f78
ore_ont_3406.owl	konclude	yes	yes	yes	yes	True	True	frozen_konclude_signature	same_job_fulliri_konclude_reference	58860c73624c5a8985c68c854d561beb41afbd565203277ee16e720130a5c31a
ore_ont_3414.owl	konclude	yes	yes	yes	yes	True	True	frozen_konclude_signature	same_job_fulliri_konclude_reference	4e3a40d320ddfbc7b0dd64044ea364acc178e9e575206cf463a8b536393fb1d4
ore_ont_3418.owl	konclude	yes	yes	yes	yes	True	True	frozen_konclude_signature	same_job_fulliri_konclude_reference	1d75c50b76c6ed1a56b505137b0d25d5069e709819533b80d5bb8bd9d6cc40bb
ore_ont_3463.owl	konclude	yes	yes	yes	yes	True	True	frozen_konclude_signature	same_job_fulliri_konclude_reference	e57096a408f1805fb1c80233373e7508d4b8cc2a19d3d74ce2b665afff06c61e
ore_ont_3480.owl	konclude	yes	yes	yes	yes	True	True	frozen_konclude_signature	same_job_fulliri_konclude_reference	b2c9422a273fcf62981477122463e77dfb6b5533e8731e3a16fb87a95c857abf
ore_ont_3524.owl	km_route_auto	unknown	yes	unknown	yes	False	True	unclassified_correctness_evidence	same_job_fulliri_identity_to_konclude	090129a7fbaa14652ada3408dd1f160e7dd4a09a3502cc3323d8dad734e8893a
ore_ont_3524.owl	km_route_manual	unknown	yes	unknown	yes	False	True	unclassified_correctness_evidence	same_job_fulliri_identity_to_konclude	090129a7fbaa14652ada3408dd1f160e7dd4a09a3502cc3323d8dad734e8893a
ore_ont_3524.owl	km_route_default	unknown	yes	unknown	yes	False	True	unclassified_correctness_evidence	same_job_fulliri_identity_to_konclude	090129a7fbaa14652ada3408dd1f160e7dd4a09a3502cc3323d8dad734e8893a
ore_ont_3524.owl	km_route_default8	unknown	yes	unknown	yes	False	True	unclassified_correctness_evidence	same_job_fulliri_identity_to_konclude	090129a7fbaa14652ada3408dd1f160e7dd4a09a3502cc3323d8dad734e8893a
ore_ont_3524.owl	km_route_default1	unknown	yes	unknown	yes	False	True	unclassified_correctness_evidence	same_job_fulliri_identity_to_konclude	090129a7fbaa14652ada3408dd1f160e7dd4a09a3502cc3323d8dad734e8893a
ore_ont_3524.owl	km_route_production_all	unknown	yes	unknown	yes	False	True	unclassified_correctness_evidence	same_job_fulliri_identity_to_konclude	090129a7fbaa14652ada3408dd1f160e7dd4a09a3502cc3323d8dad734e8893a
ore_ont_3524.owl	km_route_production_all8	unknown	yes	unknown	yes	False	True	unclassified_correctness_evidence	same_job_fulliri_identity_to_konclude	090129a7fbaa14652ada3408dd1f160e7dd4a09a3502cc3323d8dad734e8893a
ore_ont_3524.owl	km_route_production_all1	unknown	yes	unknown	yes	False	True	unclassified_correctness_evidence	same_job_fulliri_identity_to_konclude	090129a7fbaa14652ada3408dd1f160e7dd4a09a3502cc3323d8dad734e8893a
ore_ont_3524.owl	km_route_cb_plain16	unknown	yes	unknown	yes	False	True	unclassified_correctness_evidence	same_job_fulliri_identity_to_konclude	090129a7fbaa14652ada3408dd1f160e7dd4a09a3502cc3323d8dad734e8893a
ore_ont_3524.owl	km_route_cb_plain8	unknown	yes	unknown	yes	False	True	unclassified_correctness_evidence	same_job_fulliri_identity_to_konclude	090129a7fbaa14652ada3408dd1f160e7dd4a09a3502cc3323d8dad734e8893a
ore_ont_3524.owl	km_route_cb_plain1	unknown	yes	unknown	yes	False	True	unclassified_correctness_evidence	same_job_fulliri_identity_to_konclude	090129a7fbaa14652ada3408dd1f160e7dd4a09a3502cc3323d8dad734e8893a
ore_ont_3524.owl	km_route_cb_absorb16	unknown	yes	unknown	yes	False	True	unclassified_correctness_evidence	same_job_fulliri_identity_to_konclude	090129a7fbaa14652ada3408dd1f160e7dd4a09a3502cc3323d8dad734e8893a
ore_ont_3524.owl	km_route_cb_absorb8	unknown	yes	unknown	yes	False	True	unclassified_correctness_evidence	same_job_fulliri_identity_to_konclude	090129a7fbaa14652ada3408dd1f160e7dd4a09a3502cc3323d8dad734e8893a
ore_ont_3524.owl	km_route_cb_absorb1	unknown	yes	unknown	yes	False	True	unclassified_correctness_evidence	same_job_fulliri_identity_to_konclude	090129a7fbaa14652ada3408dd1f160e7dd4a09a3502cc3323d8dad734e8893a
ore_ont_3524.owl	km_route_cb_trigger16	unknown	yes	unknown	yes	False	True	unclassified_correctness_evidence	same_job_fulliri_identity_to_konclude	090129a7fbaa14652ada3408dd1f160e7dd4a09a3502cc3323d8dad734e8893a
ore_ont_3524.owl	km_route_cb_trigger8	unknown	yes	unknown	yes	False	True	unclassified_correctness_evidence	same_job_fulliri_identity_to_konclude	090129a7fbaa14652ada3408dd1f160e7dd4a09a3502cc3323d8dad734e8893a
ore_ont_3524.owl	km_route_cb_trigger1	unknown	yes	unknown	yes	False	True	unclassified_correctness_evidence	same_job_fulliri_identity_to_konclude	090129a7fbaa14652ada3408dd1f160e7dd4a09a3502cc3323d8dad734e8893a
ore_ont_3524.owl	km_route_cb_absorb_portfolio16	unknown	yes	unknown	yes	False	True	unclassified_correctness_evidence	same_job_fulliri_identity_to_konclude	090129a7fbaa14652ada3408dd1f160e7dd4a09a3502cc3323d8dad734e8893a
ore_ont_3524.owl	km_route_elc	unknown	yes	unknown	yes	False	True	unclassified_correctness_evidence	same_job_fulliri_identity_to_konclude	090129a7fbaa14652ada3408dd1f160e7dd4a09a3502cc3323d8dad734e8893a
ore_ont_3524.owl	km_route_elc_cert	unknown	yes	unknown	yes	False	True	unclassified_correctness_evidence	same_job_fulliri_identity_to_konclude	090129a7fbaa14652ada3408dd1f160e7dd4a09a3502cc3323d8dad734e8893a
ore_ont_3524.owl	km_route_lean	unknown	yes	unknown	yes	False	True	unclassified_correctness_evidence	same_job_fulliri_identity_to_konclude	090129a7fbaa14652ada3408dd1f160e7dd4a09a3502cc3323d8dad734e8893a
ore_ont_3524.owl	km_route_ht_general	unknown	yes	unknown	yes	False	True	unclassified_correctness_evidence	same_job_fulliri_identity_to_konclude	090129a7fbaa14652ada3408dd1f160e7dd4a09a3502cc3323d8dad734e8893a
ore_ont_3524.owl	km_route_ht_features	unknown	yes	unknown	yes	False	True	unclassified_correctness_evidence	same_job_fulliri_identity_to_konclude	090129a7fbaa14652ada3408dd1f160e7dd4a09a3502cc3323d8dad734e8893a
ore_ont_3524.owl	km_route_ht_rules	unknown	yes	unknown	yes	False	True	unclassified_correctness_evidence	same_job_fulliri_identity_to_konclude	090129a7fbaa14652ada3408dd1f160e7dd4a09a3502cc3323d8dad734e8893a
ore_ont_3524.owl	km_route_tab_race	unknown	yes	unknown	yes	False	True	unclassified_correctness_evidence	same_job_fulliri_identity_to_konclude	090129a7fbaa14652ada3408dd1f160e7dd4a09a3502cc3323d8dad734e8893a
ore_ont_3524.owl	km_route_nominals	unknown	yes	unknown	yes	False	True	unclassified_correctness_evidence	same_job_fulliri_identity_to_konclude	090129a7fbaa14652ada3408dd1f160e7dd4a09a3502cc3323d8dad734e8893a
ore_ont_3524.owl	km_route_seq_on	unknown	yes	unknown	yes	False	True	unclassified_correctness_evidence	same_job_fulliri_identity_to_konclude	090129a7fbaa14652ada3408dd1f160e7dd4a09a3502cc3323d8dad734e8893a
ore_ont_3524.owl	km_route_seq_off	unknown	yes	unknown	yes	False	True	unclassified_correctness_evidence	same_job_fulliri_identity_to_konclude	090129a7fbaa14652ada3408dd1f160e7dd4a09a3502cc3323d8dad734e8893a
ore_ont_3524.owl	km_opt_stage_oneway_subsume	unknown	yes	unknown	yes	False	True	unclassified_correctness_evidence	same_job_fulliri_identity_to_konclude	090129a7fbaa14652ada3408dd1f160e7dd4a09a3502cc3323d8dad734e8893a
ore_ont_3524.owl	km_opt_stage_crossscan_gate	unknown	yes	unknown	yes	False	True	unclassified_correctness_evidence	same_job_fulliri_identity_to_konclude	090129a7fbaa14652ada3408dd1f160e7dd4a09a3502cc3323d8dad734e8893a
ore_ont_3524.owl	km_opt_stage_clause_hash_reuse	unknown	yes	unknown	yes	False	True	unclassified_correctness_evidence	same_job_fulliri_identity_to_konclude	090129a7fbaa14652ada3408dd1f160e7dd4a09a3502cc3323d8dad734e8893a
ore_ont_3524.owl	km_opt_stage_core_hash_intern	unknown	yes	unknown	yes	False	True	unclassified_correctness_evidence	same_job_fulliri_identity_to_konclude	090129a7fbaa14652ada3408dd1f160e7dd4a09a3502cc3323d8dad734e8893a
ore_ont_3524.owl	km_opt_stage_backsub_unindex	unknown	yes	unknown	yes	False	True	unclassified_correctness_evidence	same_job_fulliri_identity_to_konclude	090129a7fbaa14652ada3408dd1f160e7dd4a09a3502cc3323d8dad734e8893a
ore_ont_3524.owl	km_opt_ablate_result_extract	unknown	yes	unknown	yes	False	True	unclassified_correctness_evidence	same_job_fulliri_identity_to_konclude	090129a7fbaa14652ada3408dd1f160e7dd4a09a3502cc3323d8dad734e8893a
ore_ont_3524.owl	km_opt_ablate_oneway_subsume	unknown	yes	unknown	yes	False	True	unclassified_correctness_evidence	same_job_fulliri_identity_to_konclude	090129a7fbaa14652ada3408dd1f160e7dd4a09a3502cc3323d8dad734e8893a
ore_ont_3524.owl	km_opt_ablate_clause_hash_reuse	unknown	yes	unknown	yes	False	True	unclassified_correctness_evidence	same_job_fulliri_identity_to_konclude	090129a7fbaa14652ada3408dd1f160e7dd4a09a3502cc3323d8dad734e8893a
ore_ont_3524.owl	km_opt_ablate_core_hash_intern	unknown	yes	unknown	yes	False	True	unclassified_correctness_evidence	same_job_fulliri_identity_to_konclude	090129a7fbaa14652ada3408dd1f160e7dd4a09a3502cc3323d8dad734e8893a
ore_ont_3524.owl	km_opt_ablate_backsub_unindex	unknown	yes	unknown	yes	False	True	unclassified_correctness_evidence	same_job_fulliri_identity_to_konclude	090129a7fbaa14652ada3408dd1f160e7dd4a09a3502cc3323d8dad734e8893a
ore_ont_3524.owl	km_solution_card_race	unknown	yes	unknown	yes	False	True	unclassified_correctness_evidence	same_job_fulliri_identity_to_konclude	090129a7fbaa14652ada3408dd1f160e7dd4a09a3502cc3323d8dad734e8893a
ore_ont_3524.owl	km_solution_htforce_race	unknown	yes	unknown	yes	False	True	unclassified_correctness_evidence	same_job_fulliri_identity_to_konclude	090129a7fbaa14652ada3408dd1f160e7dd4a09a3502cc3323d8dad734e8893a
ore_ont_3524.owl	km_solution_kpset_barrier	unknown	yes	unknown	yes	False	True	unclassified_correctness_evidence	same_job_fulliri_identity_to_konclude	090129a7fbaa14652ada3408dd1f160e7dd4a09a3502cc3323d8dad734e8893a
ore_ont_3524.owl	km_solution_legacy_tab_race	unknown	yes	unknown	yes	False	True	unclassified_correctness_evidence	same_job_fulliri_identity_to_konclude	090129a7fbaa14652ada3408dd1f160e7dd4a09a3502cc3323d8dad734e8893a
ore_ont_3524.owl	km_solution_nomlink_default	unknown	yes	unknown	yes	False	True	unclassified_correctness_evidence	same_job_fulliri_identity_to_konclude	090129a7fbaa14652ada3408dd1f160e7dd4a09a3502cc3323d8dad734e8893a
ore_ont_3524.owl	km_solution_shoq_race	unknown	yes	unknown	yes	False	True	unclassified_correctness_evidence	same_job_fulliri_identity_to_konclude	090129a7fbaa14652ada3408dd1f160e7dd4a09a3502cc3323d8dad734e8893a
ore_ont_3524.owl	km_solution_ht_rules_manual	unknown	yes	unknown	yes	False	True	unclassified_correctness_evidence	same_job_fulliri_identity_to_konclude	090129a7fbaa14652ada3408dd1f160e7dd4a09a3502cc3323d8dad734e8893a
ore_ont_3524.owl	km_solution_production_all_explicit	unknown	yes	unknown	yes	False	True	unclassified_correctness_evidence	same_job_fulliri_identity_to_konclude	090129a7fbaa14652ada3408dd1f160e7dd4a09a3502cc3323d8dad734e8893a
ore_ont_3524.owl	konclude	unknown	yes	unknown	yes	False	True	unclassified_correctness_evidence	same_job_fulliri_konclude_reference	090129a7fbaa14652ada3408dd1f160e7dd4a09a3502cc3323d8dad734e8893a
ore_ont_3524.owl	hermit	unknown	yes	unknown	yes	False	True	unclassified_correctness_evidence	same_job_fulliri_identity_to_konclude	090129a7fbaa14652ada3408dd1f160e7dd4a09a3502cc3323d8dad734e8893a
ore_ont_3524.owl	elk	unknown	yes	unknown	yes	False	True	unclassified_correctness_evidence	same_job_fulliri_identity_to_konclude	090129a7fbaa14652ada3408dd1f160e7dd4a09a3502cc3323d8dad734e8893a
ore_ont_3524.owl	rustdl_complete	unknown	yes	unknown	yes	False	True	unclassified_correctness_evidence	same_job_fulliri_identity_to_konclude	090129a7fbaa14652ada3408dd1f160e7dd4a09a3502cc3323d8dad734e8893a
ore_ont_3524.owl	rustdl_default	unknown	yes	unknown	yes	False	True	unclassified_correctness_evidence	same_job_fulliri_identity_to_konclude	090129a7fbaa14652ada3408dd1f160e7dd4a09a3502cc3323d8dad734e8893a
ore_ont_3560.owl	konclude	yes	yes	yes	yes	True	True	frozen_konclude_signature	same_job_fulliri_konclude_reference	10e7e6eaef8e9d518cf0f65f84804be4fb2b2ee7e572ed6138fd3ff24b791779
ore_ont_3635.owl	konclude	yes	yes	yes	yes	True	True	frozen_konclude_signature	same_job_fulliri_konclude_reference	0c658c5331ce04b96cd42cfe5c8c3b4dce2000ffa023bb10814913f1c10703de
ore_ont_3640.owl	konclude	yes	yes	yes	yes	True	True	frozen_konclude_signature	same_job_fulliri_konclude_reference	6bf0a99e1f9aee54ed417bec21f97e4c0fa3bb175b53a632ca8be16b741e4a65
ore_ont_3658.owl	konclude	yes	yes	yes	yes	True	True	frozen_konclude_signature	same_job_fulliri_konclude_reference	53b217f1080f0f4a52825a919feb1a65c4fbfa1fabcc6e815b18061a9a5f0426
ore_ont_3712.owl	konclude	yes	yes	yes	yes	True	True	frozen_konclude_signature	same_job_fulliri_konclude_reference	4435cad040fbbf2812214a9a02f0b4f426bf94de0cc4695eb4ba69dc04c21822
ore_ont_3770.owl	konclude	yes	yes	yes	yes	True	True	frozen_konclude_signature	same_job_fulliri_konclude_reference	f98b92e9ad565a9dd6ae585b70d54861a81c7e3db0268958c04df165f1b054b6
ore_ont_3784.owl	konclude	yes	yes	yes	yes	True	True	frozen_konclude_signature	same_job_fulliri_konclude_reference	b30fc6ba6781591ccb09ee03ae3a4cb9c25bd262bd96c3c7c0aa9a4a8346d622
ore_ont_3795.owl	konclude	yes	yes	yes	yes	True	True	frozen_konclude_signature	same_job_fulliri_konclude_reference	9cc6908336558f3636a1422c12146d5cdade57c8eea26eb7ad39add89c82ebd1
ore_ont_3797.owl	konclude	yes	yes	yes	yes	True	True	frozen_konclude_signature	same_job_fulliri_konclude_reference	f98b92e9ad565a9dd6ae585b70d54861a81c7e3db0268958c04df165f1b054b6
ore_ont_380.owl	konclude	yes	yes	yes	yes	True	True	frozen_konclude_signature	same_job_fulliri_konclude_reference	701a1870aee4b4ed996eefe2331686d4e8b2bd83dbfe0889ffca002c114bbdc0
ore_ont_3836.owl	konclude	yes	yes	yes	yes	True	True	frozen_konclude_signature	same_job_fulliri_konclude_reference	fe774ee4fc9fff6413105a7db70a1c520ef471ff6bc836711dff4d75da0b8b2e
ore_ont_3842.owl	konclude	yes	yes	yes	yes	True	True	frozen_konclude_signature	same_job_fulliri_konclude_reference	9944420d9496f2cf4602fdc5a326233aa4c74473e211b4a6ae4d213718bffeac
ore_ont_3905.owl	konclude	yes	yes	yes	yes	True	True	frozen_konclude_signature	same_job_fulliri_konclude_reference	4d00aa464a4ff2f8d1ea29ae269364a2f0d48bffa6e51f92b01dbf8fceac9dc2
ore_ont_3909.owl	konclude	yes	yes	yes	yes	True	True	frozen_konclude_signature	same_job_fulliri_konclude_reference	9040349d3eeec1a83edaab510ab08b49a4c6db0c6c05b190ee5a773eebed761e
ore_ont_3931.owl	konclude	yes	yes	yes	yes	True	True	frozen_konclude_signature	same_job_fulliri_konclude_reference	f09a995e2a570cf6a73b194659250adc18c669ecdc52e8ee19de53f5acc30e0e
ore_ont_394.owl	konclude	yes	yes	yes	yes	True	True	frozen_konclude_signature	same_job_fulliri_konclude_reference	c3a6b97835fcb79b4e3ddce7ec53c18e42f8057ed97fb668bd31f3e1eaec32be
ore_ont_3954.owl	konclude	yes	yes	yes	yes	True	True	frozen_konclude_signature	same_job_fulliri_konclude_reference	edbe546feaf468e933a780dcbc856b955e049dcb9497e2c4706bd2a4a9fb083f
ore_ont_3978.owl	konclude	yes	yes	yes	yes	True	True	frozen_konclude_signature	same_job_fulliri_konclude_reference	47a1cd58950d53161897d30d8d0ae33f6584ba40ee9b25e5dba1835bd871d5d8
ore_ont_4033.owl	konclude	yes	yes	yes	yes	True	True	frozen_konclude_signature	same_job_fulliri_konclude_reference	f98b92e9ad565a9dd6ae585b70d54861a81c7e3db0268958c04df165f1b054b6
ore_ont_4054.owl	konclude	yes	yes	yes	yes	True	True	frozen_konclude_signature	same_job_fulliri_konclude_reference	9b59ae973dddd2c2d09bf6ef4ab733364a41f821a44536c94e671b1e0000b4be
ore_ont_412.owl	konclude	yes	yes	yes	yes	True	True	frozen_konclude_signature	same_job_fulliri_konclude_reference	5dec4b925fe51d9b1a5986f0e728d61b25ff6e15fd0dbd5b1e53c29259693842
ore_ont_4187.owl	konclude	yes	yes	yes	yes	True	True	frozen_konclude_signature	same_job_fulliri_konclude_reference	5742d65be5e3892a9e483cec950f458c94ed638ef97d320bc439c4b4c54b432e
ore_ont_4205.owl	konclude	yes	yes	yes	yes	True	True	frozen_konclude_signature	same_job_fulliri_konclude_reference	a6d0b57728fc3641704c18ab6f718665c297eea6612676346fe4a77c483f328a
ore_ont_4226.owl	konclude	yes	yes	yes	yes	True	True	frozen_konclude_signature	same_job_fulliri_konclude_reference	a676f87644009693c8e043d8a306d91afab540fac268701a14bfe5e50a679512
ore_ont_4235.owl	konclude	yes	yes	yes	yes	True	True	frozen_konclude_signature	same_job_fulliri_konclude_reference	41ca090f2bebd7e973132de72f2622c8d9367b30bc985ad7e1b6db2974718560
ore_ont_4382.owl	konclude	yes	yes	yes	yes	True	True	frozen_konclude_signature	same_job_fulliri_konclude_reference	49c42bb5d1563b0f6556d09ce1380f51bfa6f9f11f4499c4c0b274564b901d7b
ore_ont_4383.owl	konclude	yes	yes	yes	yes	True	True	frozen_konclude_signature	same_job_fulliri_konclude_reference	4434bd56962e863b66e4bab0ab7e0c8c62f0cfc59f2e9151d1f00c26128c6e8e
ore_ont_4400.owl	konclude	yes	yes	yes	yes	True	True	frozen_konclude_signature	same_job_fulliri_konclude_reference	b909c444622f7a82d5ccff42b63b3b5ec229aa5de126f9e9f2eb3cf986961894
ore_ont_443.owl	km_route_auto	unknown	yes	unknown	yes	False	True	localname_match_but_fulliri_difference	same_job_shared_inconsistency	0e2fb3906b7aebb20e6273c24afe842809d8709fbc5a4809e3a1fd0856ab2b9e
ore_ont_443.owl	km_route_manual	unknown	yes	unknown	yes	False	True	localname_match_but_fulliri_difference	same_job_shared_inconsistency	0e2fb3906b7aebb20e6273c24afe842809d8709fbc5a4809e3a1fd0856ab2b9e
ore_ont_443.owl	km_route_default	unknown	yes	unknown	yes	False	True	localname_match_but_fulliri_difference	same_job_shared_inconsistency	0e2fb3906b7aebb20e6273c24afe842809d8709fbc5a4809e3a1fd0856ab2b9e
ore_ont_443.owl	km_route_default8	unknown	yes	unknown	yes	False	True	localname_match_but_fulliri_difference	same_job_shared_inconsistency	0e2fb3906b7aebb20e6273c24afe842809d8709fbc5a4809e3a1fd0856ab2b9e
ore_ont_443.owl	km_route_default1	unknown	yes	unknown	yes	False	True	localname_match_but_fulliri_difference	same_job_shared_inconsistency	0e2fb3906b7aebb20e6273c24afe842809d8709fbc5a4809e3a1fd0856ab2b9e
ore_ont_443.owl	km_route_production_all	unknown	yes	unknown	yes	False	True	localname_match_but_fulliri_difference	same_job_shared_inconsistency	0e2fb3906b7aebb20e6273c24afe842809d8709fbc5a4809e3a1fd0856ab2b9e
ore_ont_443.owl	km_route_production_all8	unknown	yes	unknown	yes	False	True	localname_match_but_fulliri_difference	same_job_shared_inconsistency	0e2fb3906b7aebb20e6273c24afe842809d8709fbc5a4809e3a1fd0856ab2b9e
ore_ont_443.owl	km_route_production_all1	unknown	yes	unknown	yes	False	True	localname_match_but_fulliri_difference	same_job_shared_inconsistency	0e2fb3906b7aebb20e6273c24afe842809d8709fbc5a4809e3a1fd0856ab2b9e
ore_ont_443.owl	km_route_cb_plain16	unknown	yes	unknown	yes	False	True	localname_match_but_fulliri_difference	same_job_shared_inconsistency	0e2fb3906b7aebb20e6273c24afe842809d8709fbc5a4809e3a1fd0856ab2b9e
ore_ont_443.owl	km_route_cb_plain8	unknown	yes	unknown	yes	False	True	localname_match_but_fulliri_difference	same_job_shared_inconsistency	0e2fb3906b7aebb20e6273c24afe842809d8709fbc5a4809e3a1fd0856ab2b9e
ore_ont_443.owl	km_route_cb_plain1	unknown	yes	unknown	yes	False	True	localname_match_but_fulliri_difference	same_job_shared_inconsistency	0e2fb3906b7aebb20e6273c24afe842809d8709fbc5a4809e3a1fd0856ab2b9e
ore_ont_443.owl	km_route_cb_absorb16	unknown	yes	unknown	yes	False	True	localname_match_but_fulliri_difference	same_job_shared_inconsistency	0e2fb3906b7aebb20e6273c24afe842809d8709fbc5a4809e3a1fd0856ab2b9e
ore_ont_443.owl	km_route_cb_absorb8	unknown	yes	unknown	yes	False	True	localname_match_but_fulliri_difference	same_job_shared_inconsistency	0e2fb3906b7aebb20e6273c24afe842809d8709fbc5a4809e3a1fd0856ab2b9e
ore_ont_443.owl	km_route_cb_absorb1	unknown	yes	unknown	yes	False	True	localname_match_but_fulliri_difference	same_job_shared_inconsistency	0e2fb3906b7aebb20e6273c24afe842809d8709fbc5a4809e3a1fd0856ab2b9e
ore_ont_443.owl	km_route_cb_trigger16	unknown	yes	unknown	yes	False	True	localname_match_but_fulliri_difference	same_job_shared_inconsistency	0e2fb3906b7aebb20e6273c24afe842809d8709fbc5a4809e3a1fd0856ab2b9e
ore_ont_443.owl	km_route_cb_trigger8	unknown	yes	unknown	yes	False	True	localname_match_but_fulliri_difference	same_job_shared_inconsistency	0e2fb3906b7aebb20e6273c24afe842809d8709fbc5a4809e3a1fd0856ab2b9e
ore_ont_443.owl	km_route_cb_trigger1	unknown	yes	unknown	yes	False	True	localname_match_but_fulliri_difference	same_job_shared_inconsistency	0e2fb3906b7aebb20e6273c24afe842809d8709fbc5a4809e3a1fd0856ab2b9e
ore_ont_443.owl	km_route_cb_absorb_portfolio16	unknown	yes	unknown	yes	False	True	localname_match_but_fulliri_difference	same_job_shared_inconsistency	0e2fb3906b7aebb20e6273c24afe842809d8709fbc5a4809e3a1fd0856ab2b9e
ore_ont_443.owl	km_route_elc	unknown	yes	unknown	yes	False	True	localname_match_but_fulliri_difference	same_job_shared_inconsistency	0e2fb3906b7aebb20e6273c24afe842809d8709fbc5a4809e3a1fd0856ab2b9e
ore_ont_443.owl	km_route_elc_cert	unknown	yes	unknown	yes	False	True	localname_match_but_fulliri_difference	same_job_shared_inconsistency	0e2fb3906b7aebb20e6273c24afe842809d8709fbc5a4809e3a1fd0856ab2b9e
ore_ont_443.owl	km_route_lean	unknown	yes	unknown	yes	False	True	localname_match_but_fulliri_difference	same_job_shared_inconsistency	0e2fb3906b7aebb20e6273c24afe842809d8709fbc5a4809e3a1fd0856ab2b9e
ore_ont_443.owl	km_route_ht_general	unknown	yes	unknown	yes	False	True	localname_match_but_fulliri_difference	same_job_shared_inconsistency	0e2fb3906b7aebb20e6273c24afe842809d8709fbc5a4809e3a1fd0856ab2b9e
ore_ont_443.owl	km_route_ht_qo	unknown	yes	unknown	yes	False	True	localname_match_but_fulliri_difference	same_job_shared_inconsistency	0e2fb3906b7aebb20e6273c24afe842809d8709fbc5a4809e3a1fd0856ab2b9e
ore_ont_443.owl	km_route_ht_shoq	unknown	yes	unknown	yes	False	True	localname_match_but_fulliri_difference	same_job_shared_inconsistency	0e2fb3906b7aebb20e6273c24afe842809d8709fbc5a4809e3a1fd0856ab2b9e
ore_ont_443.owl	km_route_ht_card	unknown	yes	unknown	yes	False	True	localname_match_but_fulliri_difference	same_job_shared_inconsistency	0e2fb3906b7aebb20e6273c24afe842809d8709fbc5a4809e3a1fd0856ab2b9e
ore_ont_443.owl	km_route_ht_bridge	unknown	yes	unknown	yes	False	True	localname_match_but_fulliri_difference	same_job_shared_inconsistency	0e2fb3906b7aebb20e6273c24afe842809d8709fbc5a4809e3a1fd0856ab2b9e
ore_ont_443.owl	km_route_ht_features	unknown	yes	unknown	yes	False	True	localname_match_but_fulliri_difference	same_job_shared_inconsistency	0e2fb3906b7aebb20e6273c24afe842809d8709fbc5a4809e3a1fd0856ab2b9e
ore_ont_443.owl	km_route_ht_full	unknown	yes	unknown	yes	False	True	localname_match_but_fulliri_difference	same_job_shared_inconsistency	0e2fb3906b7aebb20e6273c24afe842809d8709fbc5a4809e3a1fd0856ab2b9e
ore_ont_443.owl	km_route_ht_rules	unknown	yes	unknown	yes	False	True	localname_match_but_fulliri_difference	same_job_shared_inconsistency	0e2fb3906b7aebb20e6273c24afe842809d8709fbc5a4809e3a1fd0856ab2b9e
ore_ont_443.owl	km_route_tableau	unknown	yes	unknown	yes	False	True	localname_match_but_fulliri_difference	same_job_shared_inconsistency	0e2fb3906b7aebb20e6273c24afe842809d8709fbc5a4809e3a1fd0856ab2b9e
ore_ont_443.owl	km_route_tab_race	unknown	yes	unknown	yes	False	True	localname_match_but_fulliri_difference	same_job_shared_inconsistency	0e2fb3906b7aebb20e6273c24afe842809d8709fbc5a4809e3a1fd0856ab2b9e
ore_ont_443.owl	km_route_card_fn	unknown	yes	unknown	yes	False	True	localname_match_but_fulliri_difference	same_job_shared_inconsistency	0e2fb3906b7aebb20e6273c24afe842809d8709fbc5a4809e3a1fd0856ab2b9e
ore_ont_443.owl	km_route_nominals	unknown	yes	unknown	yes	False	True	localname_match_but_fulliri_difference	same_job_shared_inconsistency	0e2fb3906b7aebb20e6273c24afe842809d8709fbc5a4809e3a1fd0856ab2b9e
ore_ont_443.owl	km_route_seq_on	unknown	yes	unknown	yes	False	True	localname_match_but_fulliri_difference	same_job_shared_inconsistency	0e2fb3906b7aebb20e6273c24afe842809d8709fbc5a4809e3a1fd0856ab2b9e
ore_ont_443.owl	km_route_seq_off	unknown	yes	unknown	yes	False	True	localname_match_but_fulliri_difference	same_job_shared_inconsistency	0e2fb3906b7aebb20e6273c24afe842809d8709fbc5a4809e3a1fd0856ab2b9e
ore_ont_443.owl	km_opt_stage_pre	unknown	yes	unknown	yes	False	True	localname_match_but_fulliri_difference	same_job_shared_inconsistency	0e2fb3906b7aebb20e6273c24afe842809d8709fbc5a4809e3a1fd0856ab2b9e
ore_ont_443.owl	km_opt_stage_result_extract	unknown	yes	unknown	yes	False	True	localname_match_but_fulliri_difference	same_job_shared_inconsistency	0e2fb3906b7aebb20e6273c24afe842809d8709fbc5a4809e3a1fd0856ab2b9e
ore_ont_443.owl	km_opt_stage_inline_subst	unknown	yes	unknown	yes	False	True	localname_match_but_fulliri_difference	same_job_shared_inconsistency	0e2fb3906b7aebb20e6273c24afe842809d8709fbc5a4809e3a1fd0856ab2b9e
ore_ont_443.owl	km_opt_stage_role_reach	unknown	yes	unknown	yes	False	True	localname_match_but_fulliri_difference	same_job_shared_inconsistency	0e2fb3906b7aebb20e6273c24afe842809d8709fbc5a4809e3a1fd0856ab2b9e
ore_ont_443.owl	km_opt_stage_rsucc_edge	unknown	yes	unknown	yes	False	True	localname_match_but_fulliri_difference	same_job_shared_inconsistency	0e2fb3906b7aebb20e6273c24afe842809d8709fbc5a4809e3a1fd0856ab2b9e
ore_ont_443.owl	km_opt_stage_rollback	unknown	yes	unknown	yes	False	True	localname_match_but_fulliri_difference	same_job_shared_inconsistency	0e2fb3906b7aebb20e6273c24afe842809d8709fbc5a4809e3a1fd0856ab2b9e
ore_ont_443.owl	km_opt_stage_oneway_subsume	unknown	yes	unknown	yes	False	True	localname_match_but_fulliri_difference	same_job_shared_inconsistency	0e2fb3906b7aebb20e6273c24afe842809d8709fbc5a4809e3a1fd0856ab2b9e
ore_ont_443.owl	km_opt_stage_crossscan_gate	unknown	yes	unknown	yes	False	True	localname_match_but_fulliri_difference	same_job_shared_inconsistency	0e2fb3906b7aebb20e6273c24afe842809d8709fbc5a4809e3a1fd0856ab2b9e
ore_ont_443.owl	km_opt_stage_clause_hash_reuse	unknown	yes	unknown	yes	False	True	localname_match_but_fulliri_difference	same_job_shared_inconsistency	0e2fb3906b7aebb20e6273c24afe842809d8709fbc5a4809e3a1fd0856ab2b9e
ore_ont_443.owl	km_opt_stage_core_hash_intern	unknown	yes	unknown	yes	False	True	localname_match_but_fulliri_difference	same_job_shared_inconsistency	0e2fb3906b7aebb20e6273c24afe842809d8709fbc5a4809e3a1fd0856ab2b9e
ore_ont_443.owl	km_opt_stage_backsub_unindex	unknown	yes	unknown	yes	False	True	localname_match_but_fulliri_difference	same_job_shared_inconsistency	0e2fb3906b7aebb20e6273c24afe842809d8709fbc5a4809e3a1fd0856ab2b9e
ore_ont_443.owl	km_opt_ablate_result_extract	unknown	yes	unknown	yes	False	True	localname_match_but_fulliri_difference	same_job_shared_inconsistency	0e2fb3906b7aebb20e6273c24afe842809d8709fbc5a4809e3a1fd0856ab2b9e
ore_ont_443.owl	km_opt_ablate_oneway_subsume	unknown	yes	unknown	yes	False	True	localname_match_but_fulliri_difference	same_job_shared_inconsistency	0e2fb3906b7aebb20e6273c24afe842809d8709fbc5a4809e3a1fd0856ab2b9e
ore_ont_443.owl	km_opt_ablate_clause_hash_reuse	unknown	yes	unknown	yes	False	True	localname_match_but_fulliri_difference	same_job_shared_inconsistency	0e2fb3906b7aebb20e6273c24afe842809d8709fbc5a4809e3a1fd0856ab2b9e
ore_ont_443.owl	km_opt_ablate_core_hash_intern	unknown	yes	unknown	yes	False	True	localname_match_but_fulliri_difference	same_job_shared_inconsistency	0e2fb3906b7aebb20e6273c24afe842809d8709fbc5a4809e3a1fd0856ab2b9e
ore_ont_443.owl	km_opt_ablate_backsub_unindex	unknown	yes	unknown	yes	False	True	localname_match_but_fulliri_difference	same_job_shared_inconsistency	0e2fb3906b7aebb20e6273c24afe842809d8709fbc5a4809e3a1fd0856ab2b9e
ore_ont_443.owl	km_solution_card_race	unknown	yes	unknown	yes	False	True	localname_match_but_fulliri_difference	same_job_shared_inconsistency	0e2fb3906b7aebb20e6273c24afe842809d8709fbc5a4809e3a1fd0856ab2b9e
ore_ont_443.owl	km_solution_htforce_race	unknown	yes	unknown	yes	False	True	localname_match_but_fulliri_difference	same_job_shared_inconsistency	0e2fb3906b7aebb20e6273c24afe842809d8709fbc5a4809e3a1fd0856ab2b9e
ore_ont_443.owl	km_solution_kpset_barrier	unknown	yes	unknown	yes	False	True	localname_match_but_fulliri_difference	same_job_shared_inconsistency	0e2fb3906b7aebb20e6273c24afe842809d8709fbc5a4809e3a1fd0856ab2b9e
ore_ont_443.owl	km_solution_legacy_tab_race	unknown	yes	unknown	yes	False	True	localname_match_but_fulliri_difference	same_job_shared_inconsistency	0e2fb3906b7aebb20e6273c24afe842809d8709fbc5a4809e3a1fd0856ab2b9e
ore_ont_443.owl	km_solution_nomlink_default	unknown	yes	unknown	yes	False	True	localname_match_but_fulliri_difference	same_job_shared_inconsistency	0e2fb3906b7aebb20e6273c24afe842809d8709fbc5a4809e3a1fd0856ab2b9e
ore_ont_443.owl	km_solution_shoq_race	unknown	yes	unknown	yes	False	True	localname_match_but_fulliri_difference	same_job_shared_inconsistency	0e2fb3906b7aebb20e6273c24afe842809d8709fbc5a4809e3a1fd0856ab2b9e
ore_ont_443.owl	km_solution_ht_rules_manual	unknown	yes	unknown	yes	False	True	localname_match_but_fulliri_difference	same_job_shared_inconsistency	0e2fb3906b7aebb20e6273c24afe842809d8709fbc5a4809e3a1fd0856ab2b9e
ore_ont_443.owl	km_solution_production_all_explicit	unknown	yes	unknown	yes	False	True	localname_match_but_fulliri_difference	same_job_shared_inconsistency	0e2fb3906b7aebb20e6273c24afe842809d8709fbc5a4809e3a1fd0856ab2b9e
ore_ont_443.owl	konclude	yes	yes	yes	yes	True	True	frozen_konclude_signature	same_job_shared_inconsistency	51d868eb154acb0b4cc18cc4d8fcea961392c3086f1668f194cebb989af4d5c0
ore_ont_443.owl	hermit	unknown	yes	unknown	yes	False	True	localname_match_but_fulliri_difference	same_job_shared_inconsistency	0e2fb3906b7aebb20e6273c24afe842809d8709fbc5a4809e3a1fd0856ab2b9e
ore_ont_443.owl	elk	yes	yes	yes	yes	True	True	same_job_fulliri_identity_to_konclude	same_job_shared_inconsistency	51d868eb154acb0b4cc18cc4d8fcea961392c3086f1668f194cebb989af4d5c0
ore_ont_443.owl	rustdl_complete	unknown	yes	unknown	yes	False	True	localname_match_but_fulliri_difference	same_job_shared_inconsistency	0e2fb3906b7aebb20e6273c24afe842809d8709fbc5a4809e3a1fd0856ab2b9e
ore_ont_443.owl	rustdl_default	unknown	yes	unknown	yes	False	True	localname_match_but_fulliri_difference	same_job_shared_inconsistency	0e2fb3906b7aebb20e6273c24afe842809d8709fbc5a4809e3a1fd0856ab2b9e
ore_ont_4460.owl	konclude	yes	yes	yes	yes	True	True	frozen_konclude_signature	same_job_fulliri_konclude_reference	fbd122b1e963e9bf8a0b20aa173f98715306e4e1ee227fa720a291f6915d8cce
ore_ont_4487.owl	konclude	yes	yes	yes	yes	True	True	frozen_konclude_signature	same_job_fulliri_konclude_reference	38a491da530dd46d9baa98dfe7c817cf818185d08b2b2fef88fd865fde438d52
ore_ont_4527.owl	konclude	yes	yes	yes	yes	True	True	frozen_konclude_signature	same_job_fulliri_konclude_reference	f5ead036921e9c9f4666671f1da5507c52b3c41e819822c64641b2e425e6b08c
ore_ont_4557.owl	konclude	yes	yes	yes	yes	True	True	frozen_konclude_signature	same_job_fulliri_konclude_reference	f98b92e9ad565a9dd6ae585b70d54861a81c7e3db0268958c04df165f1b054b6
ore_ont_457.owl	konclude	yes	yes	yes	yes	True	True	frozen_konclude_signature	same_job_fulliri_konclude_reference	6f72556f552b926cd99362ef26b1f53f4493f7ec2fad8c9201e4705768c8a233
ore_ont_4572.owl	konclude	yes	yes	yes	yes	True	True	frozen_konclude_signature	same_job_fulliri_konclude_reference	819d3b2865e0f478f03dc409e89a57437ebee84b214b2dea75667005ff7712ca
ore_ont_4578.owl	konclude	yes	yes	yes	yes	True	True	frozen_konclude_signature	same_job_fulliri_konclude_reference	a6496936986c37e84d320fc030d0f6a19adedd3b2e99be95b0a3c69dda963795
ore_ont_4604.owl	konclude	yes	yes	yes	yes	True	True	frozen_konclude_signature	same_job_fulliri_konclude_reference	23bf348f48dbc88e25d426825dd2c9e800a3a0ee65bf9c9f2806a0bd267cce1f
ore_ont_4617.owl	konclude	yes	yes	yes	yes	True	True	frozen_konclude_signature	same_job_fulliri_konclude_reference	58d60af6909dd3c69856943c4e09873f999e8dd046ad18f6493dd067364673d1
ore_ont_4655.owl	konclude	yes	yes	yes	yes	True	True	frozen_konclude_signature	same_job_fulliri_konclude_reference	90c25e07207e8b59abae5d8a7de4a971d3189c794398c5fae282c11d4f0914b0
ore_ont_4662.owl	konclude	yes	yes	yes	yes	True	True	frozen_konclude_signature	same_job_fulliri_konclude_reference	88ce073c5429de56d3f10454c07027ca629cd8d8527579a8c5c59e62ac0d028f
ore_ont_4671.owl	konclude	yes	yes	yes	yes	True	True	frozen_konclude_signature	same_job_fulliri_konclude_reference	7e4761429cc9984a798f44e4ba8000df354bd539b9ade81717858f91ed8b40a3
ore_ont_4724.owl	konclude	yes	yes	yes	yes	True	True	frozen_konclude_signature	same_job_fulliri_konclude_reference	f98b92e9ad565a9dd6ae585b70d54861a81c7e3db0268958c04df165f1b054b6
ore_ont_4732.owl	konclude	yes	yes	yes	yes	True	True	frozen_konclude_signature	same_job_fulliri_konclude_reference	1f566ab765d564bc1af03256d9a33f1db4a596a6aaa83d7012f29dd214086d0b
ore_ont_4755.owl	konclude	yes	yes	yes	yes	True	True	frozen_konclude_signature	same_job_fulliri_konclude_reference	76f0bfa502c0ad016451aaefddef798ecae3b6a3c2ba7b952a2b3c91e45fc7c2
ore_ont_4767.owl	konclude	yes	yes	yes	yes	True	True	frozen_konclude_signature	same_job_fulliri_konclude_reference	6753b80ed925c1291bc4a10ddd1c5dcd49c8c6f37bba1ec492578b7654a95701
ore_ont_4782.owl	konclude	yes	yes	yes	yes	True	True	frozen_konclude_signature	same_job_fulliri_konclude_reference	a67f39793fa439ef6dd81cbb3401c1cb5cc01ac00a09ff1f428ca7cf3c2296c6
ore_ont_4798.owl	konclude	yes	yes	yes	yes	True	True	frozen_konclude_signature	same_job_fulliri_konclude_reference	5a43a22825d8e2c34565146279251e6a1daf40898b3abca16bae012e84877d98
ore_ont_4802.owl	konclude	yes	yes	yes	yes	True	True	frozen_konclude_signature	same_job_fulliri_konclude_reference	660d549273f9e7192a4618c68145d6a980e27c36dfd74eb783c4b38d94d2d93c
ore_ont_4827.owl	konclude	yes	yes	yes	yes	True	True	frozen_konclude_signature	same_job_fulliri_konclude_reference	637aabc93ad2af746ef3c7472d83608498786e2c12a070257a6e52c3ca187afa
ore_ont_4834.owl	konclude	yes	yes	yes	yes	True	True	frozen_konclude_signature	same_job_fulliri_konclude_reference	d9d7585e8a83d8c845628604c7be2a5886085251429ea52cd0aed4fe062e6086
ore_ont_4856.owl	konclude	yes	yes	yes	yes	True	True	frozen_konclude_signature	same_job_fulliri_konclude_reference	190bdab063205cf2bd589fc76aac629e52d4b3b3170ea9f85304ba2f67f86b19
ore_ont_4897.owl	konclude	yes	yes	yes	yes	True	True	frozen_konclude_signature	same_job_fulliri_konclude_reference	8ecf9d3f28d6903cd693f96a3dfde669541d2defee3f5e3c819068cb589891e1
ore_ont_5002.owl	konclude	yes	yes	yes	yes	True	True	frozen_konclude_signature	same_job_fulliri_konclude_reference	bd2728f11fa2caa04f052e34fb9585aa6b26c4da6cd716159bfc1649be89db34
ore_ont_5057.owl	konclude	yes	yes	yes	yes	True	True	frozen_konclude_signature	same_job_fulliri_konclude_reference	bd4c747c955589f4a426b1788f81c61fce2cf8778809ab244821120fe54cd4ab
ore_ont_508.owl	konclude	yes	yes	yes	yes	True	True	frozen_konclude_signature	same_job_fulliri_konclude_reference	f7f19a4b2e2744f3c017afcced15a6e2665f02639f3608a4cabd9accd55cb818
ore_ont_5080.owl	konclude	yes	yes	yes	yes	True	True	frozen_konclude_signature	same_job_fulliri_konclude_reference	3f082ad3671b0d9ac23bc32a206c36f0875873184bd89ef43f6cbc490c32fc64
ore_ont_5089.owl	konclude	yes	yes	yes	yes	True	True	frozen_konclude_signature	same_job_fulliri_konclude_reference	4cf90274d993704c8a972f362237e79f0a9af97ab963337c65dac48134d5797c
ore_ont_5090.owl	konclude	yes	yes	yes	yes	True	True	frozen_konclude_signature	same_job_fulliri_konclude_reference	03200363608996d981164a1d58d2f4427fcdcb3df9eb2900d13f3bbe0457cb77
ore_ont_5103.owl	konclude	yes	yes	yes	yes	True	True	frozen_konclude_signature	same_job_fulliri_konclude_reference	9f5778cff23ad3950de9725cac9e5b146e5de2c383ed0449dea278dd34174a61
ore_ont_5107.owl	konclude	yes	yes	yes	yes	True	True	frozen_konclude_signature	same_job_fulliri_konclude_reference	3b8c4dc3a9b948446c63f4f113ec648183c526c7b60385a3941a30a3400283b1
ore_ont_5164.owl	konclude	yes	yes	yes	yes	True	True	frozen_konclude_signature	same_job_fulliri_konclude_reference	f98b92e9ad565a9dd6ae585b70d54861a81c7e3db0268958c04df165f1b054b6
ore_ont_5184.owl	konclude	yes	yes	yes	yes	True	True	frozen_konclude_signature	same_job_fulliri_konclude_reference	7fb16e8b789b35142f9ebfcba013c0d495f1aedab090783b05bafef9e6b301e8
ore_ont_5197.owl	konclude	yes	yes	yes	yes	True	True	frozen_konclude_signature	same_job_fulliri_konclude_reference	baec060af016ee3487f14ab4769b9f004121ac7e345c84c10e342854f099fbeb
ore_ont_5220.owl	konclude	yes	yes	yes	yes	True	True	frozen_konclude_signature	same_job_fulliri_konclude_reference	9bb5a085dc31153207542d06bcbb3bc51340b14e552e875b7787acffb8be5aa9
ore_ont_5255.owl	konclude	yes	yes	yes	yes	True	True	frozen_konclude_signature	same_job_fulliri_konclude_reference	e9e4d7de4dcadad913b2a70b86f5725a8896a7bd6be61a6da8ceaa551ba6a48f
ore_ont_5266.owl	konclude	yes	yes	yes	yes	True	True	frozen_konclude_signature	same_job_fulliri_konclude_reference	abe5930542195d515fb5e84a201e3e3d9930220dae28934bbc71aca11c079c87
ore_ont_5292.owl	konclude	yes	yes	yes	yes	True	True	frozen_konclude_signature	same_job_fulliri_konclude_reference	9af5c8325912f60083385cb03d894cc0c0356a310f6b276a5cfff9dd16c9c33d
ore_ont_5303.owl	konclude	yes	yes	yes	yes	True	True	frozen_konclude_signature	same_job_fulliri_konclude_reference	1390bf710a672f8f5fc8a824f2d0e00fd833fe990892cb6f4fcb18cb59437ada
ore_ont_5404.owl	konclude	yes	yes	yes	yes	True	True	frozen_konclude_signature	same_job_fulliri_konclude_reference	90055b53bbd94d7ce9db8cd34961eed204acec876bc7d018e5e98faddb87789c
ore_ont_541.owl	konclude	yes	yes	yes	yes	True	True	frozen_konclude_signature	same_job_fulliri_konclude_reference	745e9a4fe756bb18dbc0b824f4eb692c196eb89599054324ed8710037e5fbe00
ore_ont_544.owl	konclude	yes	yes	yes	yes	True	True	frozen_konclude_signature	same_job_fulliri_konclude_reference	3912c916cb5f18cf4b4d33557988dcd7026146788509ab4cb9f02b32b2ee8843
ore_ont_5462.owl	konclude	yes	yes	yes	yes	True	True	frozen_konclude_signature	same_job_fulliri_konclude_reference	d593a7da68dd40b7bba2f1cce820b79a7fecdde55f61ae5a9e9b2943f36b0ff2
ore_ont_5485.owl	konclude	yes	yes	yes	yes	True	True	frozen_konclude_signature	same_job_fulliri_konclude_reference	5787657791d2160482f71eaec3eb7ddf21b4bfa959c3b4ce2df1588694616bd0
ore_ont_5487.owl	konclude	yes	yes	yes	yes	True	True	frozen_konclude_signature	same_job_fulliri_konclude_reference	93d67da19481e4ccfae07b0804a2bcf5e6459fb928f7b9e84890ea88354b0603
ore_ont_5519.owl	konclude	yes	yes	yes	yes	True	True	frozen_konclude_signature	same_job_fulliri_konclude_reference	10e7e6eaef8e9d518cf0f65f84804be4fb2b2ee7e572ed6138fd3ff24b791779
ore_ont_5549.owl	konclude	yes	yes	yes	yes	True	True	frozen_konclude_signature	same_job_fulliri_konclude_reference	3f4e0dcc611f1b11b753b2d3a217accb9981cf2f6cfc7fdc855b4a06dde0494e
ore_ont_5564.owl	konclude	yes	yes	yes	yes	True	True	frozen_konclude_signature	same_job_fulliri_konclude_reference	2297228734c8427ccd51dc1289b6c65a2d3af1572a25e98bb21f953d054dea17
ore_ont_5566.owl	konclude	yes	yes	yes	yes	True	True	frozen_konclude_signature	same_job_fulliri_konclude_reference	e934aa196723fb0f3766f021603cfb0853d2807541ff714f303be84e45bc94a5
ore_ont_5572.owl	konclude	yes	yes	yes	yes	True	True	frozen_konclude_signature	same_job_fulliri_konclude_reference	4aeed2c8225fd686e257c05dc119ff9d5aaa523eb402bf78ad5458356253f675
ore_ont_5602.owl	konclude	yes	yes	yes	yes	True	True	frozen_konclude_signature	same_job_fulliri_konclude_reference	f98b92e9ad565a9dd6ae585b70d54861a81c7e3db0268958c04df165f1b054b6
ore_ont_5612.owl	konclude	yes	yes	yes	yes	True	True	frozen_konclude_signature	same_job_fulliri_konclude_reference	623ad1c079cb12be7b5cfef85008e2fa5f6c6f84b6031e9b496e1bb5618e1e90
ore_ont_566.owl	konclude	yes	yes	yes	yes	True	True	frozen_konclude_signature	same_job_fulliri_konclude_reference	4375c017e020eb7fd912e815a485163f318b0f7dcad5c4513a5280419d9d2720
ore_ont_5665.owl	konclude	yes	yes	yes	yes	True	True	frozen_konclude_signature	same_job_fulliri_konclude_reference	b47795562e0a783cd0bd93c1c24b14b70af60bd330068ee3ad6b2decda4a29d8
ore_ont_5742.owl	konclude	yes	yes	yes	yes	True	True	frozen_konclude_signature	same_job_fulliri_konclude_reference	f12a01d8eb986c2f993ea47548e05247833da6e1f66a339384ce9d4dee02789f
ore_ont_5755.owl	konclude	yes	yes	yes	yes	True	True	frozen_konclude_signature	same_job_fulliri_konclude_reference	a8442fef7e4c5758a3ef3920a87fddbdec9ab0b336cfb1487477bc2bfb38460f
ore_ont_5760.owl	konclude	yes	yes	yes	yes	True	True	frozen_konclude_signature	same_job_fulliri_konclude_reference	f98b92e9ad565a9dd6ae585b70d54861a81c7e3db0268958c04df165f1b054b6
ore_ont_5781.owl	konclude	yes	yes	yes	yes	True	True	frozen_konclude_signature	same_job_fulliri_konclude_reference	9f39461cbf6b6218f52628f94e6be101918b49092d8a98dd71e316422bba9831
ore_ont_5792.owl	konclude	yes	yes	yes	yes	True	True	frozen_konclude_signature	same_job_fulliri_konclude_reference	b51ca71f2c01568899bbacd57b09c0be6579eccf39ecb97b034ad7819d1434bf
ore_ont_5815.owl	konclude	yes	yes	yes	yes	True	True	frozen_konclude_signature	same_job_fulliri_konclude_reference	f98b92e9ad565a9dd6ae585b70d54861a81c7e3db0268958c04df165f1b054b6
ore_ont_5852.owl	konclude	yes	yes	yes	yes	True	True	frozen_konclude_signature	same_job_fulliri_konclude_reference	9040349d3eeec1a83edaab510ab08b49a4c6db0c6c05b190ee5a773eebed761e
ore_ont_5927.owl	konclude	yes	yes	yes	yes	True	True	frozen_konclude_signature	same_job_fulliri_konclude_reference	2f8453d50387d3fdd457987cae15cbef154341df3918b362e41c9dc5e28d88e4
ore_ont_5940.owl	konclude	yes	yes	yes	yes	True	True	frozen_konclude_signature	same_job_fulliri_konclude_reference	f12adcbcf546f261611d2a2788f14158b32a0f7d880cd5b26b2b496cf38c3385
ore_ont_5943.owl	konclude	yes	yes	yes	yes	True	True	frozen_konclude_signature	same_job_fulliri_konclude_reference	be9b3b76492c8941d003cfe5213631a809b466cbef3cbda6e0ddef8f18af46a5
ore_ont_5965.owl	konclude	yes	yes	yes	yes	True	True	frozen_konclude_signature	same_job_fulliri_konclude_reference	f98b92e9ad565a9dd6ae585b70d54861a81c7e3db0268958c04df165f1b054b6
ore_ont_5966.owl	konclude	yes	yes	yes	yes	True	True	frozen_konclude_signature	same_job_fulliri_konclude_reference	2e85c1dbc4f198c5d5a70dcd2e76af89ad501c4f25e0f4436afd874c685d7939
ore_ont_5974.owl	konclude	yes	yes	yes	yes	True	True	frozen_konclude_signature	same_job_fulliri_konclude_reference	f98b92e9ad565a9dd6ae585b70d54861a81c7e3db0268958c04df165f1b054b6
ore_ont_6024.owl	konclude	yes	yes	yes	yes	True	True	frozen_konclude_signature	same_job_fulliri_konclude_reference	06fe2ad5caa37223e05a8512270ae59dbe3f18c38d33c7f09db4e1bf2638a0f7
ore_ont_6060.owl	konclude	yes	yes	yes	yes	True	True	frozen_konclude_signature	same_job_fulliri_konclude_reference	b31d06d465c780f8caa19c74602ff5fd88fb07bc48c15c1a2b9127b41121c9b9
ore_ont_6076.owl	konclude	yes	yes	yes	yes	True	True	frozen_konclude_signature	same_job_fulliri_konclude_reference	8decb423979c8e07801a8f0f8d64583c9d0447d4fde32cb1f7824dc9e74d00c2
ore_ont_6102.owl	konclude	yes	yes	yes	yes	True	True	frozen_konclude_signature	same_job_fulliri_konclude_reference	59995ae416976e5c4891a9e5854da9824d277b886088b096c974846f0b5312f8
ore_ont_6198.owl	konclude	yes	yes	yes	yes	True	True	frozen_konclude_signature	same_job_fulliri_konclude_reference	5a2e9f4e67ebeb3cc76e14802f5c6a56436e6626c80b2526516c6e31162442b8
ore_ont_6207.owl	konclude	yes	yes	yes	yes	True	True	frozen_konclude_signature	same_job_fulliri_konclude_reference	d0fd8d033ada76b0d2b145b0c18186eaa089816c5f6467e60adbfc95d511d0a1
ore_ont_6212.owl	konclude	yes	yes	yes	yes	True	True	frozen_konclude_signature	same_job_fulliri_konclude_reference	990cd06ee09fb92275c8f16c4de91d2589bba30a4697b7293aa1b7f161e9645a
ore_ont_6223.owl	konclude	yes	yes	yes	yes	True	True	frozen_konclude_signature	same_job_fulliri_konclude_reference	550825cf6eb5b70a0b79556acd446ad7ccca51f28f95a5580325141ba73c0300
ore_ont_6226.owl	konclude	yes	yes	yes	yes	True	True	frozen_konclude_signature	same_job_fulliri_konclude_reference	716183138d715a6b24594566b483508a4b186510856fec3239779369a8053e4e
ore_ont_6230.owl	konclude	yes	yes	yes	yes	True	True	frozen_konclude_signature	same_job_fulliri_konclude_reference	31ae2697f8cff28d488de3485e3752f0e1f95a3ae1afbae4aca4639c93f84865
ore_ont_6233.owl	konclude	yes	yes	yes	yes	True	True	frozen_konclude_signature	same_job_fulliri_konclude_reference	f98b92e9ad565a9dd6ae585b70d54861a81c7e3db0268958c04df165f1b054b6
ore_ont_6246.owl	konclude	yes	yes	yes	yes	True	True	frozen_konclude_signature	same_job_fulliri_konclude_reference	9d10329193809ee343799307a94ef62ebd38b09e72de767dbe786ad12f148a57
ore_ont_6310.owl	konclude	yes	yes	yes	yes	True	True	frozen_konclude_signature	same_job_fulliri_konclude_reference	32c8280c2b55aefa17b18e62c56bffa1008290728e7a84a6fded694f8331c40e
ore_ont_6358.owl	konclude	yes	yes	yes	yes	True	True	frozen_konclude_signature	same_job_fulliri_konclude_reference	dbec83df774bb6dec2a9c58a63c997df52a58951d412685e2ca6223276cf9dc8
ore_ont_637.owl	konclude	yes	yes	yes	yes	True	True	frozen_konclude_signature	same_job_fulliri_konclude_reference	c2f1842337da20f1ab5975868397589696be0c001da8093f464cdf55ae6d11e1
ore_ont_6417.owl	konclude	yes	yes	yes	yes	True	True	frozen_konclude_signature	same_job_fulliri_konclude_reference	f98b92e9ad565a9dd6ae585b70d54861a81c7e3db0268958c04df165f1b054b6
ore_ont_6423.owl	konclude	yes	yes	yes	yes	True	True	frozen_konclude_signature	same_job_fulliri_konclude_reference	235eba6da27e4ab27b97758379fe857f9dce5cf88341c42c4259f3be2edc9c2e
ore_ont_6433.owl	konclude	yes	yes	yes	yes	True	True	frozen_konclude_signature	same_job_fulliri_konclude_reference	d79b48851284d6fe6822c5252067c9b9d95ca0edbd540d79efade3133d50a46d
ore_ont_6453.owl	konclude	yes	yes	yes	yes	True	True	frozen_konclude_signature	same_job_fulliri_konclude_reference	f98b92e9ad565a9dd6ae585b70d54861a81c7e3db0268958c04df165f1b054b6
ore_ont_6477.owl	konclude	yes	yes	yes	yes	True	True	frozen_konclude_signature	same_job_fulliri_konclude_reference	01ec128f5d522dfd79d0b128d1eb8ed2d45993d91a7974d4d284b8c5d39607b0
ore_ont_6566.owl	konclude	yes	yes	yes	yes	True	True	frozen_konclude_signature	same_job_fulliri_konclude_reference	fe741262d11a66aa452272936ddbfab1d68935c40e2d19194a3ece161a1a0b6c
ore_ont_6589.owl	konclude	yes	yes	yes	yes	True	True	frozen_konclude_signature	same_job_fulliri_konclude_reference	f1d5f3777d3b05d3ad34ee1334ce56544b1936946944500130e6596d2292fe7f
ore_ont_6659.owl	konclude	yes	yes	yes	yes	True	True	frozen_konclude_signature	same_job_fulliri_konclude_reference	04e5c29c8604be41a6556fa4fd4203b5488a70403e874c3ddadd4a89e6f54d76
ore_ont_6682.owl	konclude	yes	yes	yes	yes	True	True	frozen_konclude_signature	same_job_fulliri_konclude_reference	864c92d215bb25dae89f99bcd6bf5dfd8aa4dc31985b97bef22c501bfc2ffbe7
ore_ont_6696.owl	konclude	yes	yes	yes	yes	True	True	frozen_konclude_signature	same_job_fulliri_konclude_reference	510ee96914c580c8a5e1e334984b77639429ce4316c00f2637650bcaded636cb
ore_ont_670.owl	konclude	yes	yes	yes	yes	True	True	frozen_konclude_signature	same_job_fulliri_konclude_reference	fdb3e36d1e410bb69c6a960a3cc84f2a176b18eabf16873a6ba0642be921cbd1
ore_ont_6720.owl	km_route_auto	unknown	yes	unknown	yes	False	True	localname_match_but_fulliri_difference	same_job_shared_inconsistency	0e2fb3906b7aebb20e6273c24afe842809d8709fbc5a4809e3a1fd0856ab2b9e
ore_ont_6720.owl	km_route_manual	unknown	yes	unknown	yes	False	True	localname_match_but_fulliri_difference	same_job_shared_inconsistency	0e2fb3906b7aebb20e6273c24afe842809d8709fbc5a4809e3a1fd0856ab2b9e
ore_ont_6720.owl	km_route_default	unknown	yes	unknown	yes	False	True	localname_match_but_fulliri_difference	same_job_shared_inconsistency	0e2fb3906b7aebb20e6273c24afe842809d8709fbc5a4809e3a1fd0856ab2b9e
ore_ont_6720.owl	km_route_default8	unknown	yes	unknown	yes	False	True	localname_match_but_fulliri_difference	same_job_shared_inconsistency	0e2fb3906b7aebb20e6273c24afe842809d8709fbc5a4809e3a1fd0856ab2b9e
ore_ont_6720.owl	km_route_default1	unknown	yes	unknown	yes	False	True	localname_match_but_fulliri_difference	same_job_shared_inconsistency	0e2fb3906b7aebb20e6273c24afe842809d8709fbc5a4809e3a1fd0856ab2b9e
ore_ont_6720.owl	km_route_production_all	unknown	yes	unknown	yes	False	True	localname_match_but_fulliri_difference	same_job_shared_inconsistency	0e2fb3906b7aebb20e6273c24afe842809d8709fbc5a4809e3a1fd0856ab2b9e
ore_ont_6720.owl	km_route_production_all8	unknown	yes	unknown	yes	False	True	localname_match_but_fulliri_difference	same_job_shared_inconsistency	0e2fb3906b7aebb20e6273c24afe842809d8709fbc5a4809e3a1fd0856ab2b9e
ore_ont_6720.owl	km_route_production_all1	unknown	yes	unknown	yes	False	True	localname_match_but_fulliri_difference	same_job_shared_inconsistency	0e2fb3906b7aebb20e6273c24afe842809d8709fbc5a4809e3a1fd0856ab2b9e
ore_ont_6720.owl	km_route_cb_plain16	unknown	yes	unknown	yes	False	True	localname_match_but_fulliri_difference	same_job_shared_inconsistency	0e2fb3906b7aebb20e6273c24afe842809d8709fbc5a4809e3a1fd0856ab2b9e
ore_ont_6720.owl	km_route_cb_plain8	unknown	yes	unknown	yes	False	True	localname_match_but_fulliri_difference	same_job_shared_inconsistency	0e2fb3906b7aebb20e6273c24afe842809d8709fbc5a4809e3a1fd0856ab2b9e
ore_ont_6720.owl	km_route_cb_plain1	unknown	yes	unknown	yes	False	True	localname_match_but_fulliri_difference	same_job_shared_inconsistency	0e2fb3906b7aebb20e6273c24afe842809d8709fbc5a4809e3a1fd0856ab2b9e
ore_ont_6720.owl	km_route_cb_absorb16	unknown	yes	unknown	yes	False	True	localname_match_but_fulliri_difference	same_job_shared_inconsistency	0e2fb3906b7aebb20e6273c24afe842809d8709fbc5a4809e3a1fd0856ab2b9e
ore_ont_6720.owl	km_route_cb_absorb8	unknown	yes	unknown	yes	False	True	localname_match_but_fulliri_difference	same_job_shared_inconsistency	0e2fb3906b7aebb20e6273c24afe842809d8709fbc5a4809e3a1fd0856ab2b9e
ore_ont_6720.owl	km_route_cb_absorb1	unknown	yes	unknown	yes	False	True	localname_match_but_fulliri_difference	same_job_shared_inconsistency	0e2fb3906b7aebb20e6273c24afe842809d8709fbc5a4809e3a1fd0856ab2b9e
ore_ont_6720.owl	km_route_cb_trigger16	unknown	yes	unknown	yes	False	True	localname_match_but_fulliri_difference	same_job_shared_inconsistency	0e2fb3906b7aebb20e6273c24afe842809d8709fbc5a4809e3a1fd0856ab2b9e
ore_ont_6720.owl	km_route_cb_trigger8	unknown	yes	unknown	yes	False	True	localname_match_but_fulliri_difference	same_job_shared_inconsistency	0e2fb3906b7aebb20e6273c24afe842809d8709fbc5a4809e3a1fd0856ab2b9e
ore_ont_6720.owl	km_route_cb_trigger1	unknown	yes	unknown	yes	False	True	localname_match_but_fulliri_difference	same_job_shared_inconsistency	0e2fb3906b7aebb20e6273c24afe842809d8709fbc5a4809e3a1fd0856ab2b9e
ore_ont_6720.owl	km_route_cb_absorb_portfolio16	unknown	yes	unknown	yes	False	True	localname_match_but_fulliri_difference	same_job_shared_inconsistency	0e2fb3906b7aebb20e6273c24afe842809d8709fbc5a4809e3a1fd0856ab2b9e
ore_ont_6720.owl	km_route_elc	unknown	yes	unknown	yes	False	True	localname_match_but_fulliri_difference	same_job_shared_inconsistency	0e2fb3906b7aebb20e6273c24afe842809d8709fbc5a4809e3a1fd0856ab2b9e
ore_ont_6720.owl	km_route_elc_cert	unknown	yes	unknown	yes	False	True	localname_match_but_fulliri_difference	same_job_shared_inconsistency	0e2fb3906b7aebb20e6273c24afe842809d8709fbc5a4809e3a1fd0856ab2b9e
ore_ont_6720.owl	km_route_lean	unknown	yes	unknown	yes	False	True	localname_match_but_fulliri_difference	same_job_shared_inconsistency	0e2fb3906b7aebb20e6273c24afe842809d8709fbc5a4809e3a1fd0856ab2b9e
ore_ont_6720.owl	km_route_ht_general	unknown	yes	unknown	yes	False	True	localname_match_but_fulliri_difference	same_job_shared_inconsistency	0e2fb3906b7aebb20e6273c24afe842809d8709fbc5a4809e3a1fd0856ab2b9e
ore_ont_6720.owl	km_route_ht_qo	unknown	yes	unknown	yes	False	True	localname_match_but_fulliri_difference	same_job_shared_inconsistency	0e2fb3906b7aebb20e6273c24afe842809d8709fbc5a4809e3a1fd0856ab2b9e
ore_ont_6720.owl	km_route_ht_shoq	unknown	yes	unknown	yes	False	True	localname_match_but_fulliri_difference	same_job_shared_inconsistency	0e2fb3906b7aebb20e6273c24afe842809d8709fbc5a4809e3a1fd0856ab2b9e
ore_ont_6720.owl	km_route_ht_card	unknown	yes	unknown	yes	False	True	localname_match_but_fulliri_difference	same_job_shared_inconsistency	0e2fb3906b7aebb20e6273c24afe842809d8709fbc5a4809e3a1fd0856ab2b9e
ore_ont_6720.owl	km_route_ht_bridge	unknown	yes	unknown	yes	False	True	localname_match_but_fulliri_difference	same_job_shared_inconsistency	0e2fb3906b7aebb20e6273c24afe842809d8709fbc5a4809e3a1fd0856ab2b9e
ore_ont_6720.owl	km_route_ht_features	unknown	yes	unknown	yes	False	True	localname_match_but_fulliri_difference	same_job_shared_inconsistency	0e2fb3906b7aebb20e6273c24afe842809d8709fbc5a4809e3a1fd0856ab2b9e
ore_ont_6720.owl	km_route_ht_full	unknown	yes	unknown	yes	False	True	localname_match_but_fulliri_difference	same_job_shared_inconsistency	0e2fb3906b7aebb20e6273c24afe842809d8709fbc5a4809e3a1fd0856ab2b9e
ore_ont_6720.owl	km_route_ht_rules	unknown	yes	unknown	yes	False	True	localname_match_but_fulliri_difference	same_job_shared_inconsistency	0e2fb3906b7aebb20e6273c24afe842809d8709fbc5a4809e3a1fd0856ab2b9e
ore_ont_6720.owl	km_route_tableau	unknown	yes	unknown	yes	False	True	localname_match_but_fulliri_difference	same_job_shared_inconsistency	0e2fb3906b7aebb20e6273c24afe842809d8709fbc5a4809e3a1fd0856ab2b9e
ore_ont_6720.owl	km_route_tab_race	unknown	yes	unknown	yes	False	True	localname_match_but_fulliri_difference	same_job_shared_inconsistency	0e2fb3906b7aebb20e6273c24afe842809d8709fbc5a4809e3a1fd0856ab2b9e
ore_ont_6720.owl	km_route_card_fn	unknown	yes	unknown	yes	False	True	localname_match_but_fulliri_difference	same_job_shared_inconsistency	0e2fb3906b7aebb20e6273c24afe842809d8709fbc5a4809e3a1fd0856ab2b9e
ore_ont_6720.owl	km_route_nominals	unknown	yes	unknown	yes	False	True	localname_match_but_fulliri_difference	same_job_shared_inconsistency	0e2fb3906b7aebb20e6273c24afe842809d8709fbc5a4809e3a1fd0856ab2b9e
ore_ont_6720.owl	km_route_seq_on	unknown	yes	unknown	yes	False	True	localname_match_but_fulliri_difference	same_job_shared_inconsistency	0e2fb3906b7aebb20e6273c24afe842809d8709fbc5a4809e3a1fd0856ab2b9e
ore_ont_6720.owl	km_route_seq_off	unknown	yes	unknown	yes	False	True	localname_match_but_fulliri_difference	same_job_shared_inconsistency	0e2fb3906b7aebb20e6273c24afe842809d8709fbc5a4809e3a1fd0856ab2b9e
ore_ont_6720.owl	km_opt_stage_pre	unknown	yes	unknown	yes	False	True	localname_match_but_fulliri_difference	same_job_shared_inconsistency	0e2fb3906b7aebb20e6273c24afe842809d8709fbc5a4809e3a1fd0856ab2b9e
ore_ont_6720.owl	km_opt_stage_result_extract	unknown	yes	unknown	yes	False	True	localname_match_but_fulliri_difference	same_job_shared_inconsistency	0e2fb3906b7aebb20e6273c24afe842809d8709fbc5a4809e3a1fd0856ab2b9e
ore_ont_6720.owl	km_opt_stage_inline_subst	unknown	yes	unknown	yes	False	True	localname_match_but_fulliri_difference	same_job_shared_inconsistency	0e2fb3906b7aebb20e6273c24afe842809d8709fbc5a4809e3a1fd0856ab2b9e
ore_ont_6720.owl	km_opt_stage_role_reach	unknown	yes	unknown	yes	False	True	localname_match_but_fulliri_difference	same_job_shared_inconsistency	0e2fb3906b7aebb20e6273c24afe842809d8709fbc5a4809e3a1fd0856ab2b9e
ore_ont_6720.owl	km_opt_stage_rsucc_edge	unknown	yes	unknown	yes	False	True	localname_match_but_fulliri_difference	same_job_shared_inconsistency	0e2fb3906b7aebb20e6273c24afe842809d8709fbc5a4809e3a1fd0856ab2b9e
ore_ont_6720.owl	km_opt_stage_rollback	unknown	yes	unknown	yes	False	True	localname_match_but_fulliri_difference	same_job_shared_inconsistency	0e2fb3906b7aebb20e6273c24afe842809d8709fbc5a4809e3a1fd0856ab2b9e
ore_ont_6720.owl	km_opt_stage_oneway_subsume	unknown	yes	unknown	yes	False	True	localname_match_but_fulliri_difference	same_job_shared_inconsistency	0e2fb3906b7aebb20e6273c24afe842809d8709fbc5a4809e3a1fd0856ab2b9e
ore_ont_6720.owl	km_opt_stage_crossscan_gate	unknown	yes	unknown	yes	False	True	localname_match_but_fulliri_difference	same_job_shared_inconsistency	0e2fb3906b7aebb20e6273c24afe842809d8709fbc5a4809e3a1fd0856ab2b9e
ore_ont_6720.owl	km_opt_stage_clause_hash_reuse	unknown	yes	unknown	yes	False	True	localname_match_but_fulliri_difference	same_job_shared_inconsistency	0e2fb3906b7aebb20e6273c24afe842809d8709fbc5a4809e3a1fd0856ab2b9e
ore_ont_6720.owl	km_opt_stage_core_hash_intern	unknown	yes	unknown	yes	False	True	localname_match_but_fulliri_difference	same_job_shared_inconsistency	0e2fb3906b7aebb20e6273c24afe842809d8709fbc5a4809e3a1fd0856ab2b9e
ore_ont_6720.owl	km_opt_stage_backsub_unindex	unknown	yes	unknown	yes	False	True	localname_match_but_fulliri_difference	same_job_shared_inconsistency	0e2fb3906b7aebb20e6273c24afe842809d8709fbc5a4809e3a1fd0856ab2b9e
ore_ont_6720.owl	km_opt_ablate_result_extract	unknown	yes	unknown	yes	False	True	localname_match_but_fulliri_difference	same_job_shared_inconsistency	0e2fb3906b7aebb20e6273c24afe842809d8709fbc5a4809e3a1fd0856ab2b9e
ore_ont_6720.owl	km_opt_ablate_oneway_subsume	unknown	yes	unknown	yes	False	True	localname_match_but_fulliri_difference	same_job_shared_inconsistency	0e2fb3906b7aebb20e6273c24afe842809d8709fbc5a4809e3a1fd0856ab2b9e
ore_ont_6720.owl	km_opt_ablate_clause_hash_reuse	unknown	yes	unknown	yes	False	True	localname_match_but_fulliri_difference	same_job_shared_inconsistency	0e2fb3906b7aebb20e6273c24afe842809d8709fbc5a4809e3a1fd0856ab2b9e
ore_ont_6720.owl	km_opt_ablate_core_hash_intern	unknown	yes	unknown	yes	False	True	localname_match_but_fulliri_difference	same_job_shared_inconsistency	0e2fb3906b7aebb20e6273c24afe842809d8709fbc5a4809e3a1fd0856ab2b9e
ore_ont_6720.owl	km_opt_ablate_backsub_unindex	unknown	yes	unknown	yes	False	True	localname_match_but_fulliri_difference	same_job_shared_inconsistency	0e2fb3906b7aebb20e6273c24afe842809d8709fbc5a4809e3a1fd0856ab2b9e
ore_ont_6720.owl	km_solution_card_race	unknown	yes	unknown	yes	False	True	localname_match_but_fulliri_difference	same_job_shared_inconsistency	0e2fb3906b7aebb20e6273c24afe842809d8709fbc5a4809e3a1fd0856ab2b9e
ore_ont_6720.owl	km_solution_htforce_race	unknown	yes	unknown	yes	False	True	localname_match_but_fulliri_difference	same_job_shared_inconsistency	0e2fb3906b7aebb20e6273c24afe842809d8709fbc5a4809e3a1fd0856ab2b9e
ore_ont_6720.owl	km_solution_kpset_barrier	unknown	yes	unknown	yes	False	True	localname_match_but_fulliri_difference	same_job_shared_inconsistency	0e2fb3906b7aebb20e6273c24afe842809d8709fbc5a4809e3a1fd0856ab2b9e
ore_ont_6720.owl	km_solution_legacy_tab_race	unknown	yes	unknown	yes	False	True	localname_match_but_fulliri_difference	same_job_shared_inconsistency	0e2fb3906b7aebb20e6273c24afe842809d8709fbc5a4809e3a1fd0856ab2b9e
ore_ont_6720.owl	km_solution_nomlink_default	unknown	yes	unknown	yes	False	True	localname_match_but_fulliri_difference	same_job_shared_inconsistency	0e2fb3906b7aebb20e6273c24afe842809d8709fbc5a4809e3a1fd0856ab2b9e
ore_ont_6720.owl	km_solution_shoq_race	unknown	yes	unknown	yes	False	True	localname_match_but_fulliri_difference	same_job_shared_inconsistency	0e2fb3906b7aebb20e6273c24afe842809d8709fbc5a4809e3a1fd0856ab2b9e
ore_ont_6720.owl	km_solution_ht_rules_manual	unknown	yes	unknown	yes	False	True	localname_match_but_fulliri_difference	same_job_shared_inconsistency	0e2fb3906b7aebb20e6273c24afe842809d8709fbc5a4809e3a1fd0856ab2b9e
ore_ont_6720.owl	km_solution_production_all_explicit	unknown	yes	unknown	yes	False	True	localname_match_but_fulliri_difference	same_job_shared_inconsistency	0e2fb3906b7aebb20e6273c24afe842809d8709fbc5a4809e3a1fd0856ab2b9e
ore_ont_6720.owl	konclude	yes	yes	yes	yes	True	True	frozen_konclude_signature	same_job_shared_inconsistency	ea21d81f0b4079154af837c8b6210d46d8c121500e751215eaf40f167e059ced
ore_ont_6720.owl	hermit	unknown	yes	unknown	yes	False	True	localname_match_but_fulliri_difference	same_job_shared_inconsistency	0e2fb3906b7aebb20e6273c24afe842809d8709fbc5a4809e3a1fd0856ab2b9e
ore_ont_6720.owl	elk	yes	yes	yes	yes	True	True	same_job_fulliri_identity_to_konclude	same_job_shared_inconsistency	ea21d81f0b4079154af837c8b6210d46d8c121500e751215eaf40f167e059ced
ore_ont_6720.owl	rustdl_complete	unknown	yes	unknown	yes	False	True	localname_match_but_fulliri_difference	same_job_shared_inconsistency	0e2fb3906b7aebb20e6273c24afe842809d8709fbc5a4809e3a1fd0856ab2b9e
ore_ont_6720.owl	rustdl_default	unknown	yes	unknown	yes	False	True	localname_match_but_fulliri_difference	same_job_shared_inconsistency	0e2fb3906b7aebb20e6273c24afe842809d8709fbc5a4809e3a1fd0856ab2b9e
ore_ont_6722.owl	konclude	yes	yes	yes	yes	True	True	frozen_konclude_signature	same_job_fulliri_konclude_reference	e23ca53e6f11461f70d2cd30a844b17c6d000ee79df20e748b6cac1b9c21761d
ore_ont_6735.owl	konclude	yes	yes	yes	yes	True	True	frozen_konclude_signature	same_job_fulliri_konclude_reference	aa70385d5f6f55985a4f23ecb744cbac19e53b8a2cc8a2eb5ddfd28ab8f9a214
ore_ont_6751.owl	konclude	yes	yes	yes	yes	True	True	frozen_konclude_signature	same_job_fulliri_konclude_reference	1d22123954aa83ba9d39cfcfd0b32204d1df86a23b49601564b3c6336da50d11
ore_ont_6765.owl	konclude	yes	yes	yes	yes	True	True	frozen_konclude_signature	same_job_fulliri_konclude_reference	2ba45748150a5923b9f3fa899e89628b4f5149eb3912a4a9efec0b76893b48c8
ore_ont_6796.owl	konclude	yes	yes	yes	yes	True	True	frozen_konclude_signature	same_job_fulliri_konclude_reference	2b11694f1c2cbab68b3fc8abe676a6aeec94577fd48ad42cbb3a53724776db68
ore_ont_6812.owl	konclude	yes	yes	yes	yes	True	True	frozen_konclude_signature	same_job_fulliri_konclude_reference	19c225426616762a96936d57ab27df9e23bb794783659ce6578da35142dc49b3
ore_ont_6817.owl	konclude	yes	yes	yes	yes	True	True	frozen_konclude_signature	same_job_fulliri_konclude_reference	d47de78d7416de82f32c0b5cdd283cba1a66cae95c9f235a87a3458b43947fe9
ore_ont_6855.owl	konclude	yes	yes	yes	yes	True	True	frozen_konclude_signature	same_job_fulliri_konclude_reference	b5c36e5ca62753d7f2dd6da9695da187542636d630a5c24ae70b14aa5bf67029
ore_ont_6869.owl	konclude	yes	yes	yes	yes	True	True	frozen_konclude_signature	same_job_fulliri_konclude_reference	fb3a4003c9e246666517fe4494f4cbeee4f8df6e520234565631e6a5ea01e8ae
ore_ont_6870.owl	konclude	yes	yes	yes	yes	True	True	frozen_konclude_signature	same_job_fulliri_konclude_reference	195579d69ae92e477a4ef1bde0cfaa305a1da110538f5392e9674bd41b710e33
ore_ont_6934.owl	konclude	yes	yes	yes	yes	True	True	frozen_konclude_signature	same_job_fulliri_konclude_reference	e4a750cd52ac6c152406836709b184151b0eda6e9776b7b17afae11a653504a7
ore_ont_6999.owl	konclude	yes	yes	yes	yes	True	True	frozen_konclude_signature	same_job_fulliri_konclude_reference	e7a58214d33e349da81d9c1af02463b406c963731b1effcc30cb4a0573c1e982
ore_ont_7003.owl	konclude	yes	yes	yes	yes	True	True	frozen_konclude_signature	same_job_fulliri_konclude_reference	f98b92e9ad565a9dd6ae585b70d54861a81c7e3db0268958c04df165f1b054b6
ore_ont_7025.owl	konclude	yes	yes	yes	yes	True	True	frozen_konclude_signature	same_job_fulliri_konclude_reference	53052457ed6b2390c9816793745cb55bc512f800f218210ba1cd3f51d13b710d
ore_ont_703.owl	konclude	yes	yes	yes	yes	True	True	frozen_konclude_signature	same_job_fulliri_konclude_reference	a185d52125c04d138a7a9188b71e74214be46513f24a922736bf988d0c38ea1f
ore_ont_7052.owl	km_route_auto	unknown	yes	unknown	yes	False	True	localname_match_but_fulliri_difference	same_job_shared_inconsistency	0e2fb3906b7aebb20e6273c24afe842809d8709fbc5a4809e3a1fd0856ab2b9e
ore_ont_7052.owl	km_route_manual	unknown	yes	unknown	yes	False	True	localname_match_but_fulliri_difference	same_job_shared_inconsistency	0e2fb3906b7aebb20e6273c24afe842809d8709fbc5a4809e3a1fd0856ab2b9e
ore_ont_7052.owl	km_route_default	unknown	yes	unknown	yes	False	True	localname_match_but_fulliri_difference	same_job_shared_inconsistency	0e2fb3906b7aebb20e6273c24afe842809d8709fbc5a4809e3a1fd0856ab2b9e
ore_ont_7052.owl	km_route_default8	unknown	yes	unknown	yes	False	True	localname_match_but_fulliri_difference	same_job_shared_inconsistency	0e2fb3906b7aebb20e6273c24afe842809d8709fbc5a4809e3a1fd0856ab2b9e
ore_ont_7052.owl	km_route_default1	unknown	yes	unknown	yes	False	True	localname_match_but_fulliri_difference	same_job_shared_inconsistency	0e2fb3906b7aebb20e6273c24afe842809d8709fbc5a4809e3a1fd0856ab2b9e
ore_ont_7052.owl	km_route_production_all	unknown	yes	unknown	yes	False	True	localname_match_but_fulliri_difference	same_job_shared_inconsistency	0e2fb3906b7aebb20e6273c24afe842809d8709fbc5a4809e3a1fd0856ab2b9e
ore_ont_7052.owl	km_route_production_all8	unknown	yes	unknown	yes	False	True	localname_match_but_fulliri_difference	same_job_shared_inconsistency	0e2fb3906b7aebb20e6273c24afe842809d8709fbc5a4809e3a1fd0856ab2b9e
ore_ont_7052.owl	km_route_production_all1	unknown	yes	unknown	yes	False	True	localname_match_but_fulliri_difference	same_job_shared_inconsistency	0e2fb3906b7aebb20e6273c24afe842809d8709fbc5a4809e3a1fd0856ab2b9e
ore_ont_7052.owl	km_route_cb_plain16	unknown	yes	unknown	yes	False	True	localname_match_but_fulliri_difference	same_job_shared_inconsistency	0e2fb3906b7aebb20e6273c24afe842809d8709fbc5a4809e3a1fd0856ab2b9e
ore_ont_7052.owl	km_route_cb_plain8	unknown	yes	unknown	yes	False	True	localname_match_but_fulliri_difference	same_job_shared_inconsistency	0e2fb3906b7aebb20e6273c24afe842809d8709fbc5a4809e3a1fd0856ab2b9e
ore_ont_7052.owl	km_route_cb_plain1	unknown	yes	unknown	yes	False	True	localname_match_but_fulliri_difference	same_job_shared_inconsistency	0e2fb3906b7aebb20e6273c24afe842809d8709fbc5a4809e3a1fd0856ab2b9e
ore_ont_7052.owl	km_route_cb_absorb16	unknown	yes	unknown	yes	False	True	localname_match_but_fulliri_difference	same_job_shared_inconsistency	0e2fb3906b7aebb20e6273c24afe842809d8709fbc5a4809e3a1fd0856ab2b9e
ore_ont_7052.owl	km_route_cb_absorb8	unknown	yes	unknown	yes	False	True	localname_match_but_fulliri_difference	same_job_shared_inconsistency	0e2fb3906b7aebb20e6273c24afe842809d8709fbc5a4809e3a1fd0856ab2b9e
ore_ont_7052.owl	km_route_cb_absorb1	unknown	yes	unknown	yes	False	True	localname_match_but_fulliri_difference	same_job_shared_inconsistency	0e2fb3906b7aebb20e6273c24afe842809d8709fbc5a4809e3a1fd0856ab2b9e
ore_ont_7052.owl	km_route_cb_trigger16	unknown	yes	unknown	yes	False	True	localname_match_but_fulliri_difference	same_job_shared_inconsistency	0e2fb3906b7aebb20e6273c24afe842809d8709fbc5a4809e3a1fd0856ab2b9e
ore_ont_7052.owl	km_route_cb_trigger8	unknown	yes	unknown	yes	False	True	localname_match_but_fulliri_difference	same_job_shared_inconsistency	0e2fb3906b7aebb20e6273c24afe842809d8709fbc5a4809e3a1fd0856ab2b9e
ore_ont_7052.owl	km_route_cb_trigger1	unknown	yes	unknown	yes	False	True	localname_match_but_fulliri_difference	same_job_shared_inconsistency	0e2fb3906b7aebb20e6273c24afe842809d8709fbc5a4809e3a1fd0856ab2b9e
ore_ont_7052.owl	km_route_cb_absorb_portfolio16	unknown	yes	unknown	yes	False	True	localname_match_but_fulliri_difference	same_job_shared_inconsistency	0e2fb3906b7aebb20e6273c24afe842809d8709fbc5a4809e3a1fd0856ab2b9e
ore_ont_7052.owl	km_route_elc	unknown	yes	unknown	yes	False	True	localname_match_but_fulliri_difference	same_job_shared_inconsistency	0e2fb3906b7aebb20e6273c24afe842809d8709fbc5a4809e3a1fd0856ab2b9e
ore_ont_7052.owl	km_route_elc_cert	unknown	yes	unknown	yes	False	True	localname_match_but_fulliri_difference	same_job_shared_inconsistency	0e2fb3906b7aebb20e6273c24afe842809d8709fbc5a4809e3a1fd0856ab2b9e
ore_ont_7052.owl	km_route_lean	unknown	yes	unknown	yes	False	True	localname_match_but_fulliri_difference	same_job_shared_inconsistency	0e2fb3906b7aebb20e6273c24afe842809d8709fbc5a4809e3a1fd0856ab2b9e
ore_ont_7052.owl	km_route_ht_general	unknown	yes	unknown	yes	False	True	localname_match_but_fulliri_difference	same_job_shared_inconsistency	0e2fb3906b7aebb20e6273c24afe842809d8709fbc5a4809e3a1fd0856ab2b9e
ore_ont_7052.owl	km_route_ht_qo	unknown	yes	unknown	yes	False	True	localname_match_but_fulliri_difference	same_job_shared_inconsistency	0e2fb3906b7aebb20e6273c24afe842809d8709fbc5a4809e3a1fd0856ab2b9e
ore_ont_7052.owl	km_route_ht_shoq	unknown	yes	unknown	yes	False	True	localname_match_but_fulliri_difference	same_job_shared_inconsistency	0e2fb3906b7aebb20e6273c24afe842809d8709fbc5a4809e3a1fd0856ab2b9e
ore_ont_7052.owl	km_route_ht_card	unknown	yes	unknown	yes	False	True	localname_match_but_fulliri_difference	same_job_shared_inconsistency	0e2fb3906b7aebb20e6273c24afe842809d8709fbc5a4809e3a1fd0856ab2b9e
ore_ont_7052.owl	km_route_ht_bridge	unknown	yes	unknown	yes	False	True	localname_match_but_fulliri_difference	same_job_shared_inconsistency	0e2fb3906b7aebb20e6273c24afe842809d8709fbc5a4809e3a1fd0856ab2b9e
ore_ont_7052.owl	km_route_ht_features	unknown	yes	unknown	yes	False	True	localname_match_but_fulliri_difference	same_job_shared_inconsistency	0e2fb3906b7aebb20e6273c24afe842809d8709fbc5a4809e3a1fd0856ab2b9e
ore_ont_7052.owl	km_route_ht_full	unknown	yes	unknown	yes	False	True	localname_match_but_fulliri_difference	same_job_shared_inconsistency	0e2fb3906b7aebb20e6273c24afe842809d8709fbc5a4809e3a1fd0856ab2b9e
ore_ont_7052.owl	km_route_ht_rules	unknown	yes	unknown	yes	False	True	localname_match_but_fulliri_difference	same_job_shared_inconsistency	0e2fb3906b7aebb20e6273c24afe842809d8709fbc5a4809e3a1fd0856ab2b9e
ore_ont_7052.owl	km_route_tableau	unknown	yes	unknown	yes	False	True	localname_match_but_fulliri_difference	same_job_shared_inconsistency	0e2fb3906b7aebb20e6273c24afe842809d8709fbc5a4809e3a1fd0856ab2b9e
ore_ont_7052.owl	km_route_tab_race	unknown	yes	unknown	yes	False	True	localname_match_but_fulliri_difference	same_job_shared_inconsistency	0e2fb3906b7aebb20e6273c24afe842809d8709fbc5a4809e3a1fd0856ab2b9e
ore_ont_7052.owl	km_route_card_fn	unknown	yes	unknown	yes	False	True	localname_match_but_fulliri_difference	same_job_shared_inconsistency	0e2fb3906b7aebb20e6273c24afe842809d8709fbc5a4809e3a1fd0856ab2b9e
ore_ont_7052.owl	km_route_nominals	unknown	yes	unknown	yes	False	True	localname_match_but_fulliri_difference	same_job_shared_inconsistency	0e2fb3906b7aebb20e6273c24afe842809d8709fbc5a4809e3a1fd0856ab2b9e
ore_ont_7052.owl	km_route_seq_on	unknown	yes	unknown	yes	False	True	localname_match_but_fulliri_difference	same_job_shared_inconsistency	0e2fb3906b7aebb20e6273c24afe842809d8709fbc5a4809e3a1fd0856ab2b9e
ore_ont_7052.owl	km_route_seq_off	unknown	yes	unknown	yes	False	True	localname_match_but_fulliri_difference	same_job_shared_inconsistency	0e2fb3906b7aebb20e6273c24afe842809d8709fbc5a4809e3a1fd0856ab2b9e
ore_ont_7052.owl	km_opt_stage_pre	unknown	yes	unknown	yes	False	True	localname_match_but_fulliri_difference	same_job_shared_inconsistency	0e2fb3906b7aebb20e6273c24afe842809d8709fbc5a4809e3a1fd0856ab2b9e
ore_ont_7052.owl	km_opt_stage_result_extract	unknown	yes	unknown	yes	False	True	localname_match_but_fulliri_difference	same_job_shared_inconsistency	0e2fb3906b7aebb20e6273c24afe842809d8709fbc5a4809e3a1fd0856ab2b9e
ore_ont_7052.owl	km_opt_stage_inline_subst	unknown	yes	unknown	yes	False	True	localname_match_but_fulliri_difference	same_job_shared_inconsistency	0e2fb3906b7aebb20e6273c24afe842809d8709fbc5a4809e3a1fd0856ab2b9e
ore_ont_7052.owl	km_opt_stage_role_reach	unknown	yes	unknown	yes	False	True	localname_match_but_fulliri_difference	same_job_shared_inconsistency	0e2fb3906b7aebb20e6273c24afe842809d8709fbc5a4809e3a1fd0856ab2b9e
ore_ont_7052.owl	km_opt_stage_rsucc_edge	unknown	yes	unknown	yes	False	True	localname_match_but_fulliri_difference	same_job_shared_inconsistency	0e2fb3906b7aebb20e6273c24afe842809d8709fbc5a4809e3a1fd0856ab2b9e
ore_ont_7052.owl	km_opt_stage_rollback	unknown	yes	unknown	yes	False	True	localname_match_but_fulliri_difference	same_job_shared_inconsistency	0e2fb3906b7aebb20e6273c24afe842809d8709fbc5a4809e3a1fd0856ab2b9e
ore_ont_7052.owl	km_opt_stage_oneway_subsume	unknown	yes	unknown	yes	False	True	localname_match_but_fulliri_difference	same_job_shared_inconsistency	0e2fb3906b7aebb20e6273c24afe842809d8709fbc5a4809e3a1fd0856ab2b9e
ore_ont_7052.owl	km_opt_stage_crossscan_gate	unknown	yes	unknown	yes	False	True	localname_match_but_fulliri_difference	same_job_shared_inconsistency	0e2fb3906b7aebb20e6273c24afe842809d8709fbc5a4809e3a1fd0856ab2b9e
ore_ont_7052.owl	km_opt_stage_clause_hash_reuse	unknown	yes	unknown	yes	False	True	localname_match_but_fulliri_difference	same_job_shared_inconsistency	0e2fb3906b7aebb20e6273c24afe842809d8709fbc5a4809e3a1fd0856ab2b9e
ore_ont_7052.owl	km_opt_stage_core_hash_intern	unknown	yes	unknown	yes	False	True	localname_match_but_fulliri_difference	same_job_shared_inconsistency	0e2fb3906b7aebb20e6273c24afe842809d8709fbc5a4809e3a1fd0856ab2b9e
ore_ont_7052.owl	km_opt_stage_backsub_unindex	unknown	yes	unknown	yes	False	True	localname_match_but_fulliri_difference	same_job_shared_inconsistency	0e2fb3906b7aebb20e6273c24afe842809d8709fbc5a4809e3a1fd0856ab2b9e
ore_ont_7052.owl	km_opt_ablate_result_extract	unknown	yes	unknown	yes	False	True	localname_match_but_fulliri_difference	same_job_shared_inconsistency	0e2fb3906b7aebb20e6273c24afe842809d8709fbc5a4809e3a1fd0856ab2b9e
ore_ont_7052.owl	km_opt_ablate_oneway_subsume	unknown	yes	unknown	yes	False	True	localname_match_but_fulliri_difference	same_job_shared_inconsistency	0e2fb3906b7aebb20e6273c24afe842809d8709fbc5a4809e3a1fd0856ab2b9e
ore_ont_7052.owl	km_opt_ablate_clause_hash_reuse	unknown	yes	unknown	yes	False	True	localname_match_but_fulliri_difference	same_job_shared_inconsistency	0e2fb3906b7aebb20e6273c24afe842809d8709fbc5a4809e3a1fd0856ab2b9e
ore_ont_7052.owl	km_opt_ablate_core_hash_intern	unknown	yes	unknown	yes	False	True	localname_match_but_fulliri_difference	same_job_shared_inconsistency	0e2fb3906b7aebb20e6273c24afe842809d8709fbc5a4809e3a1fd0856ab2b9e
ore_ont_7052.owl	km_opt_ablate_backsub_unindex	unknown	yes	unknown	yes	False	True	localname_match_but_fulliri_difference	same_job_shared_inconsistency	0e2fb3906b7aebb20e6273c24afe842809d8709fbc5a4809e3a1fd0856ab2b9e
ore_ont_7052.owl	km_solution_card_race	unknown	yes	unknown	yes	False	True	localname_match_but_fulliri_difference	same_job_shared_inconsistency	0e2fb3906b7aebb20e6273c24afe842809d8709fbc5a4809e3a1fd0856ab2b9e
ore_ont_7052.owl	km_solution_htforce_race	unknown	yes	unknown	yes	False	True	localname_match_but_fulliri_difference	same_job_shared_inconsistency	0e2fb3906b7aebb20e6273c24afe842809d8709fbc5a4809e3a1fd0856ab2b9e
ore_ont_7052.owl	km_solution_kpset_barrier	unknown	yes	unknown	yes	False	True	localname_match_but_fulliri_difference	same_job_shared_inconsistency	0e2fb3906b7aebb20e6273c24afe842809d8709fbc5a4809e3a1fd0856ab2b9e
ore_ont_7052.owl	km_solution_legacy_tab_race	unknown	yes	unknown	yes	False	True	localname_match_but_fulliri_difference	same_job_shared_inconsistency	0e2fb3906b7aebb20e6273c24afe842809d8709fbc5a4809e3a1fd0856ab2b9e
ore_ont_7052.owl	km_solution_nomlink_default	unknown	yes	unknown	yes	False	True	localname_match_but_fulliri_difference	same_job_shared_inconsistency	0e2fb3906b7aebb20e6273c24afe842809d8709fbc5a4809e3a1fd0856ab2b9e
ore_ont_7052.owl	km_solution_shoq_race	unknown	yes	unknown	yes	False	True	localname_match_but_fulliri_difference	same_job_shared_inconsistency	0e2fb3906b7aebb20e6273c24afe842809d8709fbc5a4809e3a1fd0856ab2b9e
ore_ont_7052.owl	km_solution_ht_rules_manual	unknown	yes	unknown	yes	False	True	localname_match_but_fulliri_difference	same_job_shared_inconsistency	0e2fb3906b7aebb20e6273c24afe842809d8709fbc5a4809e3a1fd0856ab2b9e
ore_ont_7052.owl	km_solution_production_all_explicit	unknown	yes	unknown	yes	False	True	localname_match_but_fulliri_difference	same_job_shared_inconsistency	0e2fb3906b7aebb20e6273c24afe842809d8709fbc5a4809e3a1fd0856ab2b9e
ore_ont_7052.owl	konclude	yes	yes	yes	yes	True	True	frozen_konclude_signature	same_job_shared_inconsistency	51d868eb154acb0b4cc18cc4d8fcea961392c3086f1668f194cebb989af4d5c0
ore_ont_7052.owl	hermit	unknown	yes	unknown	yes	False	True	localname_match_but_fulliri_difference	same_job_shared_inconsistency	0e2fb3906b7aebb20e6273c24afe842809d8709fbc5a4809e3a1fd0856ab2b9e
ore_ont_7052.owl	elk	yes	yes	yes	yes	True	True	same_job_fulliri_identity_to_konclude	same_job_shared_inconsistency	51d868eb154acb0b4cc18cc4d8fcea961392c3086f1668f194cebb989af4d5c0
ore_ont_7052.owl	rustdl_complete	unknown	yes	unknown	yes	False	True	localname_match_but_fulliri_difference	same_job_shared_inconsistency	0e2fb3906b7aebb20e6273c24afe842809d8709fbc5a4809e3a1fd0856ab2b9e
ore_ont_7052.owl	rustdl_default	unknown	yes	unknown	yes	False	True	localname_match_but_fulliri_difference	same_job_shared_inconsistency	0e2fb3906b7aebb20e6273c24afe842809d8709fbc5a4809e3a1fd0856ab2b9e
ore_ont_7120.owl	konclude	yes	yes	yes	yes	True	True	frozen_konclude_signature	same_job_fulliri_konclude_reference	6be98cb2c3e079324e0c63e5324446270f857edbef39c947f9a7ebe8a19b3ac1
ore_ont_7127.owl	konclude	yes	yes	yes	yes	True	True	frozen_konclude_signature	same_job_fulliri_konclude_reference	2b1e260b987289e4874f2d68e2165914e63f1eda988e7b021832f382d63c2a21
ore_ont_7169.owl	konclude	yes	yes	yes	yes	True	True	frozen_konclude_signature	same_job_fulliri_konclude_reference	dbb051500a611f86eab06b4013921994a68e74690e2f998f982bcbeb87a32772
ore_ont_7195.owl	konclude	yes	yes	yes	yes	True	True	frozen_konclude_signature	same_job_fulliri_konclude_reference	09255be117e2424298bf3b4140e75039e1d60a6f59b3032e24b484ec93937023
ore_ont_7216.owl	konclude	yes	yes	yes	yes	True	True	frozen_konclude_signature	same_job_fulliri_konclude_reference	d1ec6a9e1db12d6501145e7ae9b3f2ec12f63fab26d875fd48446232a33233f2
ore_ont_7218.owl	konclude	yes	yes	yes	yes	True	True	frozen_konclude_signature	same_job_fulliri_konclude_reference	471c34235f48f4c95b1cb29903611b07e538cdc66a26b7619c3731d729a83ec4
ore_ont_7220.owl	konclude	yes	yes	yes	yes	True	True	frozen_konclude_signature	same_job_fulliri_konclude_reference	7eaa22e09ec5ba075b34af793ea0b9a2949d5d5b99921786dbb1f53c2ebd5a4b
ore_ont_7234.owl	konclude	yes	yes	yes	yes	True	True	frozen_konclude_signature	same_job_fulliri_konclude_reference	68741dc7adc9b2f76d59f36b8e22150d159bc7d1ad88b972945275b41938f4e5
ore_ont_7246.owl	konclude	yes	yes	yes	yes	True	True	frozen_konclude_signature	same_job_fulliri_konclude_reference	210184f393792c76f74f789d686e20a97001dd43a0f08e6fade65d56d544b6e8
ore_ont_725.owl	konclude	yes	yes	yes	yes	True	True	frozen_konclude_signature	same_job_fulliri_konclude_reference	fd75a36a5a3509712a754947fdecd9eb54b05efd78f2285280857204416293dd
ore_ont_7251.owl	konclude	yes	yes	yes	yes	True	True	frozen_konclude_signature	same_job_fulliri_konclude_reference	ea50bce1172867685bcbfa5342bab8307c35e6e6db64015a16be04209b86cd25
ore_ont_7256.owl	konclude	yes	yes	yes	yes	True	True	frozen_konclude_signature	same_job_fulliri_konclude_reference	f98b92e9ad565a9dd6ae585b70d54861a81c7e3db0268958c04df165f1b054b6
ore_ont_7270.owl	konclude	yes	yes	yes	yes	True	True	frozen_konclude_signature	same_job_fulliri_konclude_reference	d5ae184dc34139385435140cee3fbee991c3a6852f917a008ed1e83e083567a4
ore_ont_7300.owl	konclude	yes	yes	yes	yes	True	True	frozen_konclude_signature	same_job_fulliri_konclude_reference	5ff7f16ce96c6bccccfcd3b78b94e50982f991f461d2dd5edcb3cfe359f55e1b
ore_ont_7320.owl	konclude	yes	yes	yes	yes	True	True	frozen_konclude_signature	same_job_fulliri_konclude_reference	f0af422d9f527fa2555d3fedba4aff2e294cec91da591e322299e67ba8a71b5c
ore_ont_7340.owl	konclude	yes	yes	yes	yes	True	True	frozen_konclude_signature	same_job_fulliri_konclude_reference	95a62ffd0cab875db864383e047a0ccb1be6bb442499061617f695ca9ee4fa0b
ore_ont_7343.owl	konclude	yes	yes	yes	yes	True	True	frozen_konclude_signature	same_job_fulliri_konclude_reference	f98b92e9ad565a9dd6ae585b70d54861a81c7e3db0268958c04df165f1b054b6
ore_ont_7409.owl	konclude	yes	yes	yes	yes	True	True	frozen_konclude_signature	same_job_fulliri_konclude_reference	0b34a2eca5202a9efac6afc45419a1b040bf00c1ecd8b452e4acea6baabea6d9
ore_ont_7417.owl	konclude	yes	yes	yes	yes	True	True	frozen_konclude_signature	same_job_fulliri_konclude_reference	cd60249c9bdec8ec19903cc03bb6fc4a15ff56fe9e448118f98400722b64735b
ore_ont_7418.owl	konclude	yes	yes	yes	yes	True	True	frozen_konclude_signature	same_job_fulliri_konclude_reference	f98b92e9ad565a9dd6ae585b70d54861a81c7e3db0268958c04df165f1b054b6
ore_ont_7439.owl	konclude	yes	yes	yes	yes	True	True	frozen_konclude_signature	same_job_fulliri_konclude_reference	a676f87644009693c8e043d8a306d91afab540fac268701a14bfe5e50a679512
ore_ont_7455.owl	konclude	yes	yes	yes	yes	True	True	frozen_konclude_signature	same_job_fulliri_konclude_reference	75aaa5b4fc9118a4409ac698effc3793a6a40f8af0dc44924befc5ec5bcc53d9
ore_ont_7474.owl	konclude	yes	yes	yes	yes	True	True	frozen_konclude_signature	same_job_fulliri_konclude_reference	fceca8080186323d979a9d745ab36b60d68b9f460cdba3cce614162455d51ef0
ore_ont_7482.owl	konclude	yes	yes	yes	yes	True	True	frozen_konclude_signature	same_job_fulliri_konclude_reference	93c6a62a4b198a29493deefb1774832c1e153587e6e953547e004e34b5f6c0c8
ore_ont_7493.owl	konclude	yes	yes	yes	yes	True	True	frozen_konclude_signature	same_job_fulliri_konclude_reference	f5bcacdb68bec9af6849996123ad700f6f54982732b72860bfc60ed9d0fa2d7b
ore_ont_7499.owl	konclude	yes	yes	yes	yes	True	True	frozen_konclude_signature	same_job_fulliri_konclude_reference	a87bedcb6f6af4e3471686a5a6627a98e4ecd3a8fd102bd610ed38e352d22038
ore_ont_7567.owl	konclude	yes	yes	yes	yes	True	True	frozen_konclude_signature	same_job_fulliri_konclude_reference	c6b2ef2815af21ad6705f40d10ac0578805d3578ac3cf71b9db9cb062c7cf239
ore_ont_7576.owl	konclude	yes	yes	yes	yes	True	True	frozen_konclude_signature	same_job_fulliri_konclude_reference	c28b3c22cc1bc9396b86d56869746b47dbf82d488cb44eda63a7e76a825154e7
ore_ont_7581.owl	konclude	yes	yes	yes	yes	True	True	frozen_konclude_signature	same_job_fulliri_konclude_reference	27a29aab966ffea74df4aa09c0520545f5908c9fc8e3fc5d10cd3e027b9118d4
ore_ont_7608.owl	konclude	yes	yes	yes	yes	True	True	frozen_konclude_signature	same_job_fulliri_konclude_reference	9660302507d47251e5b3ed3db5e307cd6b91e6f2180cfeed8ef5976b69dbff4c
ore_ont_7639.owl	konclude	yes	yes	yes	yes	True	True	frozen_konclude_signature	same_job_fulliri_konclude_reference	c278a6a4be1c50e64e2a2b5dd6c13f58e4769fc2ec543cfa4ef97f44b093c7ef
ore_ont_7663.owl	konclude	yes	yes	yes	yes	True	True	frozen_konclude_signature	same_job_fulliri_konclude_reference	f410337d7c9d20442fd0617e6752cfcf91012da85fdf0e30ab41457e8dd7f8a0
ore_ont_7716.owl	konclude	yes	yes	yes	yes	True	True	frozen_konclude_signature	same_job_fulliri_konclude_reference	44e6344107905b5389aa2c395dfb3f17f28626721193de40f537ddc8a64a3df3
ore_ont_7726.owl	konclude	yes	yes	yes	yes	True	True	frozen_konclude_signature	same_job_fulliri_konclude_reference	7d18798f552c2578bb53687bdd983d3210220328167ada7f4f1dca6d893d9264
ore_ont_7728.owl	konclude	yes	yes	yes	yes	True	True	frozen_konclude_signature	same_job_fulliri_konclude_reference	8c90d96868443f659a00dbf12f90b973fd1e2163de075a0df7c355e39bdce850
ore_ont_7775.owl	konclude	yes	yes	yes	yes	True	True	frozen_konclude_signature	same_job_fulliri_konclude_reference	550be5475d497756cbc815afab9fa83821c679a11ab49b622e7b05b17901edb0
ore_ont_7831.owl	konclude	yes	yes	yes	yes	True	True	frozen_konclude_signature	same_job_fulliri_konclude_reference	f98b92e9ad565a9dd6ae585b70d54861a81c7e3db0268958c04df165f1b054b6
ore_ont_7868.owl	konclude	yes	yes	yes	yes	True	True	frozen_konclude_signature	same_job_fulliri_konclude_reference	d407a453638475f5f8c41e64749d3069bc0be64d8ad0e80d12e82c9160cdd50d
ore_ont_7890.owl	konclude	yes	yes	yes	yes	True	True	frozen_konclude_signature	same_job_fulliri_konclude_reference	fc54347aa63f9dcd8127065577a8419f65e987880bd5a357cca67c210127cbdd
ore_ont_7901.owl	konclude	yes	yes	yes	yes	True	True	frozen_konclude_signature	same_job_fulliri_konclude_reference	67dfcf7e8a30a844d15ed54eb860f38c3ed63a34ed93d1ce3f7fa23964fc62e7
ore_ont_7914.owl	konclude	yes	yes	yes	yes	True	True	frozen_konclude_signature	same_job_fulliri_konclude_reference	2710210c53e2180edeff52fa73c5c5ba2abd67ba6c681230832fd1d8579179cd
ore_ont_795.owl	konclude	yes	yes	yes	yes	True	True	frozen_konclude_signature	same_job_fulliri_konclude_reference	9e7a35dd18a0cc4efcf3fdc6d291c1a3e31616c4fc2f7470a0a62c6a27e1bc06
ore_ont_7956.owl	konclude	yes	yes	yes	yes	True	True	frozen_konclude_signature	same_job_fulliri_konclude_reference	d8eb467c9ba3091009d1fb1f91ae5dac134db10f667102ea9c834a7fecefe1ea
ore_ont_7993.owl	konclude	yes	yes	yes	yes	True	True	frozen_konclude_signature	same_job_fulliri_konclude_reference	f98b92e9ad565a9dd6ae585b70d54861a81c7e3db0268958c04df165f1b054b6
ore_ont_8006.owl	konclude	yes	yes	yes	yes	True	True	frozen_konclude_signature	same_job_fulliri_konclude_reference	35caef3b9ac7c664b021e6ea2594bad5eb1d6ecbf95d8130fc5c315febc7a3df
ore_ont_8021.owl	konclude	yes	yes	yes	yes	True	True	frozen_konclude_signature	same_job_fulliri_konclude_reference	ed64ae5eae61752f3d561f69a19a080c75df816647443aba49c2465183bf2656
ore_ont_8068.owl	konclude	yes	yes	yes	yes	True	True	frozen_konclude_signature	same_job_fulliri_konclude_reference	3da8de43e37f862f857f979c658492e53876df2f1fbb0b5a450065f9bfb1c7a5
ore_ont_8135.owl	konclude	yes	yes	yes	yes	True	True	frozen_konclude_signature	same_job_fulliri_konclude_reference	528524fd73ef9f43c28cf5af96b93d07ad09f6eca892e7802232b1afc1ccd2b1
ore_ont_8145.owl	konclude	yes	yes	yes	yes	True	True	frozen_konclude_signature	same_job_fulliri_konclude_reference	f98b92e9ad565a9dd6ae585b70d54861a81c7e3db0268958c04df165f1b054b6
ore_ont_8169.owl	konclude	yes	yes	yes	yes	True	True	frozen_konclude_signature	same_job_fulliri_konclude_reference	8d8faddcca3c77b20444dc6e0373ad874f792af6199a1cb500a401149f15b6fe
ore_ont_8175.owl	konclude	yes	yes	yes	yes	True	True	frozen_konclude_signature	same_job_fulliri_konclude_reference	8b7086bba6585bd396b6f79350c6a88da0e18526a443b3793b3352c2bbdaffb2
ore_ont_8298.owl	konclude	yes	yes	yes	yes	True	True	frozen_konclude_signature	same_job_fulliri_konclude_reference	759c283a6ec04cf230bf5b6a99fcd7931179fce06f512a415d1c0a1d80fd07f1
ore_ont_8322.owl	konclude	yes	yes	yes	yes	True	True	frozen_konclude_signature	same_job_fulliri_konclude_reference	7a25af10ae43983cd17d49134e2e537dfe29f4618622d2bff2f5a3e8d0c88312
ore_ont_8329.owl	konclude	yes	yes	yes	yes	True	True	frozen_konclude_signature	same_job_fulliri_konclude_reference	471c34235f48f4c95b1cb29903611b07e538cdc66a26b7619c3731d729a83ec4
ore_ont_8347.owl	konclude	yes	yes	yes	yes	True	True	frozen_konclude_signature	same_job_fulliri_konclude_reference	7fd155e0df1d96ec0fb8993869e99e604fef21ddf4520bead4351e80ca98b6f6
ore_ont_8369.owl	konclude	yes	yes	yes	yes	True	True	frozen_konclude_signature	same_job_fulliri_konclude_reference	f98b92e9ad565a9dd6ae585b70d54861a81c7e3db0268958c04df165f1b054b6
ore_ont_840.owl	konclude	yes	yes	yes	yes	True	True	frozen_konclude_signature	same_job_fulliri_konclude_reference	4790d82b7474c71926f8abeddd59930b6ecf1bfddf8e17c6da5afde0b55f4181
ore_ont_8462.owl	konclude	yes	yes	yes	yes	True	True	frozen_konclude_signature	same_job_fulliri_konclude_reference	f98b92e9ad565a9dd6ae585b70d54861a81c7e3db0268958c04df165f1b054b6
ore_ont_8480.owl	konclude	yes	yes	yes	yes	True	True	frozen_konclude_signature	same_job_fulliri_konclude_reference	53161ea09eb2f0907daf267f8f7bb1db94e7baae08dc61a62ccbdc8f0499b7f7
ore_ont_8486.owl	konclude	yes	yes	yes	yes	True	True	frozen_konclude_signature	same_job_fulliri_konclude_reference	cc8314fd8fbf4361792adb89bd6e7a88ceeb8dec382f7c67270c4b2dfaf6e0b6
ore_ont_8492.owl	konclude	yes	yes	yes	yes	True	True	frozen_konclude_signature	same_job_fulliri_konclude_reference	31ae2697f8cff28d488de3485e3752f0e1f95a3ae1afbae4aca4639c93f84865
ore_ont_8557.owl	konclude	yes	yes	yes	yes	True	True	frozen_konclude_signature	same_job_fulliri_konclude_reference	f98b92e9ad565a9dd6ae585b70d54861a81c7e3db0268958c04df165f1b054b6
ore_ont_8579.owl	konclude	yes	yes	yes	yes	True	True	frozen_konclude_signature	same_job_fulliri_konclude_reference	f98b92e9ad565a9dd6ae585b70d54861a81c7e3db0268958c04df165f1b054b6
ore_ont_8634.owl	konclude	yes	yes	yes	yes	True	True	frozen_konclude_signature	same_job_fulliri_konclude_reference	0f8ebe7bc8b1263422ce48922287086dcd28745a604fa038c9e120906e3cbf61
ore_ont_8641.owl	konclude	yes	yes	yes	yes	True	True	frozen_konclude_signature	same_job_fulliri_konclude_reference	31312e9fad4502ab76af56be72c9da0f1397267fed0dbab220209e5d11c801a8
ore_ont_8667.owl	konclude	yes	yes	yes	yes	True	True	frozen_konclude_signature	same_job_fulliri_konclude_reference	8a5eb502087b40adb7fa2bc9a97a83f3f5caed9aa518b47a358ac9ef02a6f591
ore_ont_868.owl	konclude	yes	yes	yes	yes	True	True	frozen_konclude_signature	same_job_fulliri_konclude_reference	c5f0da9c35c8485879236ff0e1f5c76bd1723e731a3e7f1fa74b7d1a5d1cedfc
ore_ont_869.owl	konclude	yes	yes	yes	yes	True	True	frozen_konclude_signature	same_job_fulliri_konclude_reference	25bbd7f4a9340de2855659cd1d9143d3b3d3bf297e7fd4f91d8b8847b74f2127
ore_ont_8730.owl	konclude	yes	yes	yes	yes	True	True	frozen_konclude_signature	same_job_fulliri_konclude_reference	90ab717aebba48f068b8c980bf6d17e49505f64c5ae9e5139a2a7515aa0c1c0e
ore_ont_8737.owl	konclude	yes	yes	yes	yes	True	True	frozen_konclude_signature	same_job_fulliri_konclude_reference	f98b92e9ad565a9dd6ae585b70d54861a81c7e3db0268958c04df165f1b054b6
ore_ont_8744.owl	konclude	yes	yes	yes	yes	True	True	frozen_konclude_signature	same_job_fulliri_konclude_reference	c6e1cc30c8a44961f6900ad196b33d1eecafaef8ba10371cc1eba0c3291ac6c0
ore_ont_8759.owl	konclude	yes	yes	yes	yes	True	True	frozen_konclude_signature	same_job_fulliri_konclude_reference	98d29ca1e92d5635f7ac57118c980b062e5d3fc310c1fd9962de4293c277c1b7
ore_ont_8792.owl	konclude	yes	yes	yes	yes	True	True	frozen_konclude_signature	same_job_fulliri_konclude_reference	d8e27cd6f81e6e39bc827e2f0c866c399c87bffd40e33331b6dd2cd96b5c271b
ore_ont_8806.owl	konclude	yes	yes	yes	yes	True	True	frozen_konclude_signature	same_job_fulliri_konclude_reference	1b29dbed3e93dadce859681ef7e2bae2b1df096ea0418b9ea29de03a0d8a8312
ore_ont_8864.owl	konclude	yes	yes	yes	yes	True	True	frozen_konclude_signature	same_job_fulliri_konclude_reference	679a0d89210419141341dfc27a0b01c22207bab65711583e75470665c0cd1541
ore_ont_8937.owl	konclude	yes	yes	yes	yes	True	True	frozen_konclude_signature	same_job_fulliri_konclude_reference	75bb55746fe1a7cbee98a2e1189f3cbc21b6039445c0a959ccdfa6399a25bec7
ore_ont_8941.owl	km_route_auto	unknown	yes	unknown	yes	False	True	localname_match_but_fulliri_difference	same_job_shared_inconsistency	0e2fb3906b7aebb20e6273c24afe842809d8709fbc5a4809e3a1fd0856ab2b9e
ore_ont_8941.owl	km_route_manual	unknown	yes	unknown	yes	False	True	localname_match_but_fulliri_difference	same_job_shared_inconsistency	0e2fb3906b7aebb20e6273c24afe842809d8709fbc5a4809e3a1fd0856ab2b9e
ore_ont_8941.owl	km_route_default	unknown	yes	unknown	yes	False	True	localname_match_but_fulliri_difference	same_job_shared_inconsistency	0e2fb3906b7aebb20e6273c24afe842809d8709fbc5a4809e3a1fd0856ab2b9e
ore_ont_8941.owl	km_route_default8	unknown	yes	unknown	yes	False	True	localname_match_but_fulliri_difference	same_job_shared_inconsistency	0e2fb3906b7aebb20e6273c24afe842809d8709fbc5a4809e3a1fd0856ab2b9e
ore_ont_8941.owl	km_route_default1	unknown	yes	unknown	yes	False	True	localname_match_but_fulliri_difference	same_job_shared_inconsistency	0e2fb3906b7aebb20e6273c24afe842809d8709fbc5a4809e3a1fd0856ab2b9e
ore_ont_8941.owl	km_route_production_all	unknown	yes	unknown	yes	False	True	localname_match_but_fulliri_difference	same_job_shared_inconsistency	0e2fb3906b7aebb20e6273c24afe842809d8709fbc5a4809e3a1fd0856ab2b9e
ore_ont_8941.owl	km_route_production_all8	unknown	yes	unknown	yes	False	True	localname_match_but_fulliri_difference	same_job_shared_inconsistency	0e2fb3906b7aebb20e6273c24afe842809d8709fbc5a4809e3a1fd0856ab2b9e
ore_ont_8941.owl	km_route_production_all1	unknown	yes	unknown	yes	False	True	localname_match_but_fulliri_difference	same_job_shared_inconsistency	0e2fb3906b7aebb20e6273c24afe842809d8709fbc5a4809e3a1fd0856ab2b9e
ore_ont_8941.owl	km_route_cb_plain16	unknown	yes	unknown	yes	False	True	localname_match_but_fulliri_difference	same_job_shared_inconsistency	0e2fb3906b7aebb20e6273c24afe842809d8709fbc5a4809e3a1fd0856ab2b9e
ore_ont_8941.owl	km_route_cb_plain8	unknown	yes	unknown	yes	False	True	localname_match_but_fulliri_difference	same_job_shared_inconsistency	0e2fb3906b7aebb20e6273c24afe842809d8709fbc5a4809e3a1fd0856ab2b9e
ore_ont_8941.owl	km_route_cb_plain1	unknown	yes	unknown	yes	False	True	localname_match_but_fulliri_difference	same_job_shared_inconsistency	0e2fb3906b7aebb20e6273c24afe842809d8709fbc5a4809e3a1fd0856ab2b9e
ore_ont_8941.owl	km_route_cb_absorb16	unknown	yes	unknown	yes	False	True	localname_match_but_fulliri_difference	same_job_shared_inconsistency	0e2fb3906b7aebb20e6273c24afe842809d8709fbc5a4809e3a1fd0856ab2b9e
ore_ont_8941.owl	km_route_cb_absorb8	unknown	yes	unknown	yes	False	True	localname_match_but_fulliri_difference	same_job_shared_inconsistency	0e2fb3906b7aebb20e6273c24afe842809d8709fbc5a4809e3a1fd0856ab2b9e
ore_ont_8941.owl	km_route_cb_absorb1	unknown	yes	unknown	yes	False	True	localname_match_but_fulliri_difference	same_job_shared_inconsistency	0e2fb3906b7aebb20e6273c24afe842809d8709fbc5a4809e3a1fd0856ab2b9e
ore_ont_8941.owl	km_route_cb_trigger16	unknown	yes	unknown	yes	False	True	localname_match_but_fulliri_difference	same_job_shared_inconsistency	0e2fb3906b7aebb20e6273c24afe842809d8709fbc5a4809e3a1fd0856ab2b9e
ore_ont_8941.owl	km_route_cb_trigger8	unknown	yes	unknown	yes	False	True	localname_match_but_fulliri_difference	same_job_shared_inconsistency	0e2fb3906b7aebb20e6273c24afe842809d8709fbc5a4809e3a1fd0856ab2b9e
ore_ont_8941.owl	km_route_cb_trigger1	unknown	yes	unknown	yes	False	True	localname_match_but_fulliri_difference	same_job_shared_inconsistency	0e2fb3906b7aebb20e6273c24afe842809d8709fbc5a4809e3a1fd0856ab2b9e
ore_ont_8941.owl	km_route_cb_absorb_portfolio16	unknown	yes	unknown	yes	False	True	localname_match_but_fulliri_difference	same_job_shared_inconsistency	0e2fb3906b7aebb20e6273c24afe842809d8709fbc5a4809e3a1fd0856ab2b9e
ore_ont_8941.owl	km_route_elc	unknown	yes	unknown	yes	False	True	localname_match_but_fulliri_difference	same_job_shared_inconsistency	0e2fb3906b7aebb20e6273c24afe842809d8709fbc5a4809e3a1fd0856ab2b9e
ore_ont_8941.owl	km_route_elc_cert	unknown	yes	unknown	yes	False	True	localname_match_but_fulliri_difference	same_job_shared_inconsistency	0e2fb3906b7aebb20e6273c24afe842809d8709fbc5a4809e3a1fd0856ab2b9e
ore_ont_8941.owl	km_route_lean	unknown	yes	unknown	yes	False	True	localname_match_but_fulliri_difference	same_job_shared_inconsistency	0e2fb3906b7aebb20e6273c24afe842809d8709fbc5a4809e3a1fd0856ab2b9e
ore_ont_8941.owl	km_route_ht_general	unknown	yes	unknown	yes	False	True	localname_match_but_fulliri_difference	same_job_shared_inconsistency	0e2fb3906b7aebb20e6273c24afe842809d8709fbc5a4809e3a1fd0856ab2b9e
ore_ont_8941.owl	km_route_ht_qo	unknown	yes	unknown	yes	False	True	localname_match_but_fulliri_difference	same_job_shared_inconsistency	0e2fb3906b7aebb20e6273c24afe842809d8709fbc5a4809e3a1fd0856ab2b9e
ore_ont_8941.owl	km_route_ht_shoq	unknown	yes	unknown	yes	False	True	localname_match_but_fulliri_difference	same_job_shared_inconsistency	0e2fb3906b7aebb20e6273c24afe842809d8709fbc5a4809e3a1fd0856ab2b9e
ore_ont_8941.owl	km_route_ht_card	unknown	yes	unknown	yes	False	True	localname_match_but_fulliri_difference	same_job_shared_inconsistency	0e2fb3906b7aebb20e6273c24afe842809d8709fbc5a4809e3a1fd0856ab2b9e
ore_ont_8941.owl	km_route_ht_bridge	unknown	yes	unknown	yes	False	True	localname_match_but_fulliri_difference	same_job_shared_inconsistency	0e2fb3906b7aebb20e6273c24afe842809d8709fbc5a4809e3a1fd0856ab2b9e
ore_ont_8941.owl	km_route_ht_features	unknown	yes	unknown	yes	False	True	localname_match_but_fulliri_difference	same_job_shared_inconsistency	0e2fb3906b7aebb20e6273c24afe842809d8709fbc5a4809e3a1fd0856ab2b9e
ore_ont_8941.owl	km_route_ht_full	unknown	yes	unknown	yes	False	True	localname_match_but_fulliri_difference	same_job_shared_inconsistency	0e2fb3906b7aebb20e6273c24afe842809d8709fbc5a4809e3a1fd0856ab2b9e
ore_ont_8941.owl	km_route_ht_rules	unknown	yes	unknown	yes	False	True	localname_match_but_fulliri_difference	same_job_shared_inconsistency	0e2fb3906b7aebb20e6273c24afe842809d8709fbc5a4809e3a1fd0856ab2b9e
ore_ont_8941.owl	km_route_tableau	unknown	yes	unknown	yes	False	True	localname_match_but_fulliri_difference	same_job_shared_inconsistency	0e2fb3906b7aebb20e6273c24afe842809d8709fbc5a4809e3a1fd0856ab2b9e
ore_ont_8941.owl	km_route_tab_race	unknown	yes	unknown	yes	False	True	localname_match_but_fulliri_difference	same_job_shared_inconsistency	0e2fb3906b7aebb20e6273c24afe842809d8709fbc5a4809e3a1fd0856ab2b9e
ore_ont_8941.owl	km_route_card_fn	unknown	yes	unknown	yes	False	True	localname_match_but_fulliri_difference	same_job_shared_inconsistency	0e2fb3906b7aebb20e6273c24afe842809d8709fbc5a4809e3a1fd0856ab2b9e
ore_ont_8941.owl	km_route_nominals	unknown	yes	unknown	yes	False	True	localname_match_but_fulliri_difference	same_job_shared_inconsistency	0e2fb3906b7aebb20e6273c24afe842809d8709fbc5a4809e3a1fd0856ab2b9e
ore_ont_8941.owl	km_route_seq_on	unknown	yes	unknown	yes	False	True	localname_match_but_fulliri_difference	same_job_shared_inconsistency	0e2fb3906b7aebb20e6273c24afe842809d8709fbc5a4809e3a1fd0856ab2b9e
ore_ont_8941.owl	km_route_seq_off	unknown	yes	unknown	yes	False	True	localname_match_but_fulliri_difference	same_job_shared_inconsistency	0e2fb3906b7aebb20e6273c24afe842809d8709fbc5a4809e3a1fd0856ab2b9e
ore_ont_8941.owl	km_opt_stage_pre	unknown	yes	unknown	yes	False	True	localname_match_but_fulliri_difference	same_job_shared_inconsistency	0e2fb3906b7aebb20e6273c24afe842809d8709fbc5a4809e3a1fd0856ab2b9e
ore_ont_8941.owl	km_opt_stage_result_extract	unknown	yes	unknown	yes	False	True	localname_match_but_fulliri_difference	same_job_shared_inconsistency	0e2fb3906b7aebb20e6273c24afe842809d8709fbc5a4809e3a1fd0856ab2b9e
ore_ont_8941.owl	km_opt_stage_inline_subst	unknown	yes	unknown	yes	False	True	localname_match_but_fulliri_difference	same_job_shared_inconsistency	0e2fb3906b7aebb20e6273c24afe842809d8709fbc5a4809e3a1fd0856ab2b9e
ore_ont_8941.owl	km_opt_stage_role_reach	unknown	yes	unknown	yes	False	True	localname_match_but_fulliri_difference	same_job_shared_inconsistency	0e2fb3906b7aebb20e6273c24afe842809d8709fbc5a4809e3a1fd0856ab2b9e
ore_ont_8941.owl	km_opt_stage_rsucc_edge	unknown	yes	unknown	yes	False	True	localname_match_but_fulliri_difference	same_job_shared_inconsistency	0e2fb3906b7aebb20e6273c24afe842809d8709fbc5a4809e3a1fd0856ab2b9e
ore_ont_8941.owl	km_opt_stage_rollback	unknown	yes	unknown	yes	False	True	localname_match_but_fulliri_difference	same_job_shared_inconsistency	0e2fb3906b7aebb20e6273c24afe842809d8709fbc5a4809e3a1fd0856ab2b9e
ore_ont_8941.owl	km_opt_stage_oneway_subsume	unknown	yes	unknown	yes	False	True	localname_match_but_fulliri_difference	same_job_shared_inconsistency	0e2fb3906b7aebb20e6273c24afe842809d8709fbc5a4809e3a1fd0856ab2b9e
ore_ont_8941.owl	km_opt_stage_crossscan_gate	unknown	yes	unknown	yes	False	True	localname_match_but_fulliri_difference	same_job_shared_inconsistency	0e2fb3906b7aebb20e6273c24afe842809d8709fbc5a4809e3a1fd0856ab2b9e
ore_ont_8941.owl	km_opt_stage_clause_hash_reuse	unknown	yes	unknown	yes	False	True	localname_match_but_fulliri_difference	same_job_shared_inconsistency	0e2fb3906b7aebb20e6273c24afe842809d8709fbc5a4809e3a1fd0856ab2b9e
ore_ont_8941.owl	km_opt_stage_core_hash_intern	unknown	yes	unknown	yes	False	True	localname_match_but_fulliri_difference	same_job_shared_inconsistency	0e2fb3906b7aebb20e6273c24afe842809d8709fbc5a4809e3a1fd0856ab2b9e
ore_ont_8941.owl	km_opt_stage_backsub_unindex	unknown	yes	unknown	yes	False	True	localname_match_but_fulliri_difference	same_job_shared_inconsistency	0e2fb3906b7aebb20e6273c24afe842809d8709fbc5a4809e3a1fd0856ab2b9e
ore_ont_8941.owl	km_opt_ablate_result_extract	unknown	yes	unknown	yes	False	True	localname_match_but_fulliri_difference	same_job_shared_inconsistency	0e2fb3906b7aebb20e6273c24afe842809d8709fbc5a4809e3a1fd0856ab2b9e
ore_ont_8941.owl	km_opt_ablate_oneway_subsume	unknown	yes	unknown	yes	False	True	localname_match_but_fulliri_difference	same_job_shared_inconsistency	0e2fb3906b7aebb20e6273c24afe842809d8709fbc5a4809e3a1fd0856ab2b9e
ore_ont_8941.owl	km_opt_ablate_clause_hash_reuse	unknown	yes	unknown	yes	False	True	localname_match_but_fulliri_difference	same_job_shared_inconsistency	0e2fb3906b7aebb20e6273c24afe842809d8709fbc5a4809e3a1fd0856ab2b9e
ore_ont_8941.owl	km_opt_ablate_core_hash_intern	unknown	yes	unknown	yes	False	True	localname_match_but_fulliri_difference	same_job_shared_inconsistency	0e2fb3906b7aebb20e6273c24afe842809d8709fbc5a4809e3a1fd0856ab2b9e
ore_ont_8941.owl	km_opt_ablate_backsub_unindex	unknown	yes	unknown	yes	False	True	localname_match_but_fulliri_difference	same_job_shared_inconsistency	0e2fb3906b7aebb20e6273c24afe842809d8709fbc5a4809e3a1fd0856ab2b9e
ore_ont_8941.owl	km_solution_card_race	unknown	yes	unknown	yes	False	True	localname_match_but_fulliri_difference	same_job_shared_inconsistency	0e2fb3906b7aebb20e6273c24afe842809d8709fbc5a4809e3a1fd0856ab2b9e
ore_ont_8941.owl	km_solution_htforce_race	unknown	yes	unknown	yes	False	True	localname_match_but_fulliri_difference	same_job_shared_inconsistency	0e2fb3906b7aebb20e6273c24afe842809d8709fbc5a4809e3a1fd0856ab2b9e
ore_ont_8941.owl	km_solution_kpset_barrier	unknown	yes	unknown	yes	False	True	localname_match_but_fulliri_difference	same_job_shared_inconsistency	0e2fb3906b7aebb20e6273c24afe842809d8709fbc5a4809e3a1fd0856ab2b9e
ore_ont_8941.owl	km_solution_legacy_tab_race	unknown	yes	unknown	yes	False	True	localname_match_but_fulliri_difference	same_job_shared_inconsistency	0e2fb3906b7aebb20e6273c24afe842809d8709fbc5a4809e3a1fd0856ab2b9e
ore_ont_8941.owl	km_solution_nomlink_default	unknown	yes	unknown	yes	False	True	localname_match_but_fulliri_difference	same_job_shared_inconsistency	0e2fb3906b7aebb20e6273c24afe842809d8709fbc5a4809e3a1fd0856ab2b9e
ore_ont_8941.owl	km_solution_shoq_race	unknown	yes	unknown	yes	False	True	localname_match_but_fulliri_difference	same_job_shared_inconsistency	0e2fb3906b7aebb20e6273c24afe842809d8709fbc5a4809e3a1fd0856ab2b9e
ore_ont_8941.owl	km_solution_ht_rules_manual	unknown	yes	unknown	yes	False	True	localname_match_but_fulliri_difference	same_job_shared_inconsistency	0e2fb3906b7aebb20e6273c24afe842809d8709fbc5a4809e3a1fd0856ab2b9e
ore_ont_8941.owl	km_solution_production_all_explicit	unknown	yes	unknown	yes	False	True	localname_match_but_fulliri_difference	same_job_shared_inconsistency	0e2fb3906b7aebb20e6273c24afe842809d8709fbc5a4809e3a1fd0856ab2b9e
ore_ont_8941.owl	konclude	yes	yes	yes	yes	True	True	frozen_konclude_signature	same_job_shared_inconsistency	e13f736eeb1a7e33840da89020e298648267115d927e1e906a6ffa393e0616fa
ore_ont_8941.owl	hermit	unknown	yes	unknown	yes	False	True	localname_match_but_fulliri_difference	same_job_shared_inconsistency	0e2fb3906b7aebb20e6273c24afe842809d8709fbc5a4809e3a1fd0856ab2b9e
ore_ont_8974.owl	konclude	yes	yes	yes	yes	True	True	frozen_konclude_signature	same_job_fulliri_konclude_reference	6b204335c20fb6b62e0dc805706b8428c760efdb207314f610405c0086ec306d
ore_ont_8982.owl	konclude	yes	yes	yes	yes	True	True	frozen_konclude_signature	same_job_fulliri_konclude_reference	607040e2de4101c19dcb99dfcf928470d9ee3ca58044929a246c34945a79039c
ore_ont_8999.owl	konclude	yes	yes	yes	yes	True	True	frozen_konclude_signature	same_job_fulliri_konclude_reference	6e749ed05c07eb61178ffcbcc61c88a01cb6872985930090862ae1329c000fe5
ore_ont_9002.owl	konclude	yes	yes	yes	yes	True	True	frozen_konclude_signature	same_job_fulliri_konclude_reference	8ec901d56dde12e4ff77be2bd4767e3876131f190d2896314209713dd73f071c
ore_ont_9014.owl	konclude	yes	yes	yes	yes	True	True	frozen_konclude_signature	same_job_fulliri_konclude_reference	0e4d77d45fc023fbf1df528a07a8d8354c66af20515d675b7a458a1f10264339
ore_ont_9020.owl	konclude	yes	yes	yes	yes	True	True	frozen_konclude_signature	same_job_fulliri_konclude_reference	f98b92e9ad565a9dd6ae585b70d54861a81c7e3db0268958c04df165f1b054b6
ore_ont_9024.owl	konclude	yes	yes	yes	yes	True	True	frozen_konclude_signature	same_job_fulliri_konclude_reference	9a002427cc1d63c70c12eebfac551c516ecfda0e00a685d170267a09b72f3c1a
ore_ont_9031.owl	konclude	yes	yes	yes	yes	True	True	frozen_konclude_signature	same_job_fulliri_konclude_reference	58a4dd9b5d2584a7362cf51871ffdde2958d376bd1f7dbd740126a0d7f898aea
ore_ont_9096.owl	konclude	yes	yes	yes	yes	True	True	frozen_konclude_signature	same_job_fulliri_konclude_reference	f81f7d4e54d0e4b78336776c4bd93fb6ed1351b2ce93550906a69a9bccaa73ae
ore_ont_935.owl	konclude	yes	yes	yes	yes	True	True	frozen_konclude_signature	same_job_fulliri_konclude_reference	ec03b74cdd14ee8d1f03fd432f3aac7a633d1b9af8b548105ac82c8b5c0e6e1b
ore_ont_9400.owl	konclude	yes	yes	yes	yes	True	True	frozen_konclude_signature	same_job_fulliri_konclude_reference	a8274d74122538022e3edeaf508c650689b20a27f352e16f6442ec4197fe6380
ore_ont_9435.owl	konclude	yes	yes	yes	yes	True	True	frozen_konclude_signature	same_job_fulliri_konclude_reference	d2e3829de87c688aaaf3a8f61303440f0b83cadf7bb2b8e049aed0c54138d135
ore_ont_947.owl	konclude	yes	yes	yes	yes	True	True	frozen_konclude_signature	same_job_fulliri_konclude_reference	3ff8446378e1cb38e386e1b97ea82e8bea59a04031cd6af10f03306de3cfd3dd
ore_ont_9498.owl	konclude	yes	yes	yes	yes	True	True	frozen_konclude_signature	same_job_fulliri_konclude_reference	176119a3caa0c38c0096f3060688aaf7f64f971751593d0cceeea16116cf28c0
ore_ont_9499.owl	konclude	yes	yes	yes	yes	True	True	frozen_konclude_signature	same_job_fulliri_konclude_reference	147a5234e2444db437e68f14fbc399a60f5256e7176f404778658fc415b52974
ore_ont_9509.owl	konclude	yes	yes	yes	yes	True	True	frozen_konclude_signature	same_job_fulliri_konclude_reference	f5d1e9b6e3a81dd894abae3809cd6c0de451a64d29b959b78e467a3f83c7ced1
ore_ont_9513.owl	konclude	yes	yes	yes	yes	True	True	frozen_konclude_signature	same_job_fulliri_konclude_reference	187e0f3859e70e553109e030592c38e4950000abfcc5f17cad06cecbead3a35c
ore_ont_9540.owl	konclude	yes	yes	yes	yes	True	True	frozen_konclude_signature	same_job_fulliri_konclude_reference	7900df779b1752466c62035cc6ca5bfe275351085ebcc842cbd87c960a59137b
ore_ont_9557.owl	konclude	yes	yes	yes	yes	True	True	frozen_konclude_signature	same_job_fulliri_konclude_reference	517557527c25164bc3acc3a524b2cabdcda6937c91f1f8c28236845c75c8a0dd
ore_ont_9567.owl	konclude	yes	yes	yes	yes	True	True	frozen_konclude_signature	same_job_fulliri_konclude_reference	a8442fef7e4c5758a3ef3920a87fddbdec9ab0b336cfb1487477bc2bfb38460f
ore_ont_9590.owl	konclude	yes	yes	yes	yes	True	True	frozen_konclude_signature	same_job_fulliri_konclude_reference	744de6bd3838cf2d4cde05363b630cec9559b4a667b0246fdc87d9e93949604e
ore_ont_9598.owl	konclude	yes	yes	yes	yes	True	True	frozen_konclude_signature	same_job_fulliri_konclude_reference	383526a64dadb1e357a569383ba92013ac2872b4fed5f3cf65560a26f2eed802
ore_ont_960.owl	konclude	yes	yes	yes	yes	True	True	frozen_konclude_signature	same_job_fulliri_konclude_reference	2ba45748150a5923b9f3fa899e89628b4f5149eb3912a4a9efec0b76893b48c8
ore_ont_9612.owl	konclude	yes	yes	yes	yes	True	True	frozen_konclude_signature	same_job_fulliri_konclude_reference	64c77c00d94f49a36e31fa36e277b930c4a797b39a4badfebaf0587fe583633f
ore_ont_9635.owl	konclude	yes	yes	yes	yes	True	True	frozen_konclude_signature	same_job_fulliri_konclude_reference	f6feb2fabba919aeb21b3cdc9a55c74a7eb9a08d805252e9acd32267314d62e8
ore_ont_964.owl	konclude	yes	yes	yes	yes	True	True	frozen_konclude_signature	same_job_fulliri_konclude_reference	18424c1d25d8ca4b705d03b416a6647a676f74d50e677106c7d8880f3e79db19
ore_ont_9646.owl	konclude	yes	yes	yes	yes	True	True	frozen_konclude_signature	same_job_fulliri_konclude_reference	3390d27c36f95c30b1439384b3f9d5363d252df481a151d139ab0a6f075f6b18
ore_ont_9654.owl	konclude	yes	yes	yes	yes	True	True	frozen_konclude_signature	same_job_fulliri_konclude_reference	6b497cb6b77105f72f6ce7a6a35e89130e7bd20383d680f1811520fb1ab74ee7
ore_ont_9663.owl	konclude	yes	yes	yes	yes	True	True	frozen_konclude_signature	same_job_fulliri_konclude_reference	ceab6bc950760c47c378721bd3fd0ddfd0d5dfd7fee0eac5251c627ea450e3cb
ore_ont_9668.owl	konclude	yes	yes	yes	yes	True	True	frozen_konclude_signature	same_job_fulliri_konclude_reference	54a3519d9fce2a0f5b8c3abfff89700ac6d15e0cc633cefa4fc0b39541f02e59
ore_ont_9674.owl	konclude	yes	yes	yes	yes	True	True	frozen_konclude_signature	same_job_fulliri_konclude_reference	a45c6785e280e12e0a76ef16dbff9503ffdf2d03a4a2f552b23452e0616e8c04
ore_ont_9695.owl	konclude	yes	yes	yes	yes	True	True	frozen_konclude_signature	same_job_fulliri_konclude_reference	99df379469f6a87faef3db4336d15fbf64639c47cefcd8baa1d446bddea0b15a
ore_ont_9724.owl	konclude	yes	yes	yes	yes	True	True	frozen_konclude_signature	same_job_fulliri_konclude_reference	f263a1e716702f4b3b370be3d74e722d9b9aa662af88b9eb594088ec434ca5fa
ore_ont_9761.owl	konclude	yes	yes	yes	yes	True	True	frozen_konclude_signature	same_job_fulliri_konclude_reference	35b16f724401cce4e38bfa111b07a2f731eb630ab817561337ab31f8846ce156
ore_ont_9768.owl	konclude	yes	yes	yes	yes	True	True	frozen_konclude_signature	same_job_fulliri_konclude_reference	f98b92e9ad565a9dd6ae585b70d54861a81c7e3db0268958c04df165f1b054b6
ore_ont_9772.owl	konclude	yes	yes	yes	yes	True	True	frozen_konclude_signature	same_job_fulliri_konclude_reference	d95f0849e611576f8c139c181e3c905eb76e7636b4048ef40a9224c998c7f898
ore_ont_9790.owl	konclude	yes	yes	yes	yes	True	True	frozen_konclude_signature	same_job_fulliri_konclude_reference	2f42fb1e0cedd7d0ce0a26a6a011934137e671b1c390eddeec97872e4e99d225
ore_ont_9792.owl	konclude	yes	yes	yes	yes	True	True	frozen_konclude_signature	same_job_fulliri_konclude_reference	8b15a7bb625053dfc44e8d4aef99f8684e011928c14cf45c3458b4699351d5bc
ore_ont_9794.owl	konclude	yes	yes	yes	yes	True	True	frozen_konclude_signature	same_job_fulliri_konclude_reference	f98b92e9ad565a9dd6ae585b70d54861a81c7e3db0268958c04df165f1b054b6
ore_ont_9854.owl	konclude	yes	yes	yes	yes	True	True	frozen_konclude_signature	same_job_fulliri_konclude_reference	0ac610b8d658db8a43fb3a9b43f2b8e245298e3ad7328f1fd854ad5d896d2973
ore_ont_9857.owl	konclude	yes	yes	yes	yes	True	True	frozen_konclude_signature	same_job_fulliri_konclude_reference	ff1368e86d18ad67a775dc65d277e1c6478c65c4bc4b5b6e50862476453790b1
ore_ont_9881.owl	konclude	yes	yes	yes	yes	True	True	frozen_konclude_signature	same_job_fulliri_konclude_reference	b891c29ea785fd0bdd93e879836635544b4a84aa69d8d469b243042534cac2f9
ore_ont_9894.owl	konclude	yes	yes	yes	yes	True	True	frozen_konclude_signature	same_job_fulliri_konclude_reference	4327683677666c666d0b0d363b90628a53fb73342a77860a747ae692b97567df
ore_ont_9904.owl	konclude	yes	yes	yes	yes	True	True	frozen_konclude_signature	same_job_fulliri_konclude_reference	3bf39c754aae15159deb9e3024dbe9a1003c031833966ba8c5b13159551c6fee
ore_ont_9944.owl	konclude	yes	yes	yes	yes	True	True	frozen_konclude_signature	same_job_fulliri_konclude_reference	236e8abf5eab76c97b80364fdeb6973fcfff68a4eca517bc12ccc10326c33d82
ore_ont_9958.owl	konclude	yes	yes	yes	yes	True	True	frozen_konclude_signature	same_job_fulliri_konclude_reference	514e4ac2f143b14d1d4bf992fe7ac1389f6af061aa02f33d77b5536e678bde2e
