KM_TIMING frontend done @ 8.58s route=manual
worker engine exited -1: KM_STATS[phase] read=132.4ms bytes=294175387
KM_STATS[phase] parse-cumulative=2669.6ms clauses=1283326
KM_STATS[phase] build=1187.8ms
KM_PROF query-equivalence representatives=65019 aliases=5212 groups=3425
KM_PROF ctx=0 iters=200000 subsumed_at_workoff=0 added=133334 todo=154427 wo=199999 | hyper_out=200000 pred_out=0 eq_pred_out=0 eq_eqn_out=0 factor_out=0 | backsub_unindex_events=0 reindex_avoided=0
KM_PROF[time-ms] subsume=26.5 hyper=322.9 pred_local=8.0 add_clause=412.4
KM_PROF[backsub-linked-ms] select=0.0 filter=0.0 mutate=0.0 head_unindex=0.0 slots=199999 live=199999 dead=0
KM_PROF ctx=0 iters=200000 subsumed_at_workoff=0 added=133334 todo=154427 wo=199999 | hyper_out=200000 pred_out=0 eq_pred_out=0 eq_eqn_out=0 factor_out=0 | backsub_unindex_events=0 reindex_avoided=0
KM_PROF[time-ms] subsume=27.0 hyper=320.9 pred_local=7.8 add_clause=414.7
KM_PROF[backsub-linked-ms] select=0.0 filter=0.0 mutate=0.0 head_unindex=0.0 slots=199999 live=199999 dead=0
KM_PROF ctx=0 iters=400000 subsumed_at_workoff=0 added=266666 todo=87759 wo=399999 | hyper_out=399999 pred_out=0 eq_pred_out=0 eq_eqn_out=0 factor_out=0 | backsub_unindex_events=0 reindex_avoided=0
KM_PROF[time-ms] subsume=53.3 hyper=648.8 pred_local=15.9 add_clause=632.1
KM_PROF[backsub-linked-ms] select=0.0 filter=0.0 mutate=0.0 head_unindex=0.0 slots=399999 live=399999 dead=0
KM_PROF ctx=0 iters=400000 subsumed_at_workoff=0 added=266666 todo=87759 wo=399999 | hyper_out=399999 pred_out=0 eq_pred_out=0 eq_eqn_out=0 factor_out=0 | backsub_unindex_events=0 reindex_avoided=0
KM_PROF[time-ms] subsume=54.2 hyper=640.7 pred_local=15.5 add_clause=636.9
KM_PROF[backsub-linked-ms] select=0.0 filter=0.0 mutate=0.0 head_unindex=0.0 slots=399999 live=399999 dead=0
KM_PROF ctx=0 iters=600000 subsumed_at_workoff=0 added=400000 todo=21093 wo=599999 | hyper_out=599999 pred_out=0 eq_pred_out=0 eq_eqn_out=0 factor_out=0 | backsub_unindex_events=0 reindex_avoided=0
KM_PROF[time-ms] subsume=80.4 hyper=966.8 pred_local=23.8 add_clause=805.1
KM_PROF[backsub-linked-ms] select=0.0 filter=0.0 mutate=0.0 head_unindex=0.0 slots=599999 live=599999 dead=0
KM_PROF ctx=0 iters=600000 subsumed_at_workoff=0 added=400000 todo=21093 wo=599999 | hyper_out=599999 pred_out=0 eq_pred_out=0 eq_eqn_out=0 factor_out=0 | backsub_unindex_events=0 reindex_avoided=0
KM_PROF[time-ms] subsume=81.4 hyper=956.6 pred_local=23.3 add_clause=811.2
KM_PROF[backsub-linked-ms] select=0.0 filter=0.0 mutate=0.0 head_unindex=0.0 slots=599999 live=599999 dead=0
KM_PROF seeding query 50/32510 contexts=14464 msgs_pending=445611 saturate_calls=53
KM_PROF seeding query 100/32510 contexts=14582 msgs_pending=449523 saturate_calls=103
KM_PROF seeding query 150/32510 contexts=14695 msgs_pending=453179 saturate_calls=153
KM_PROF seeding query 200/32510 contexts=14798 msgs_pending=457160 saturate_calls=203
KM_PROF seeding query 250/32510 contexts=14948 msgs_pending=461345 saturate_calls=253
KM_PROF seeding query 50/32509 contexts=14426 msgs_pending=447297 saturate_calls=53
KM_PROF seeding query 300/32510 contexts=15056 msgs_pending=464595 saturate_calls=303
KM_PROF seeding query 350/32510 contexts=15159 msgs_pending=468751 saturate_calls=353
KM_PROF seeding query 400/32510 contexts=15269 msgs_pending=472135 saturate_calls=403
KM_PROF seeding query 450/32510 contexts=15365 msgs_pending=476248 saturate_calls=453
KM_PROF seeding query 500/32510 contexts=15467 msgs_pending=479953 saturate_calls=503
KM_PROF seeding query 550/32510 contexts=15577 msgs_pending=483281 saturate_calls=553
KM_PROF seeding query 100/32509 contexts=14505 msgs_pending=452294 saturate_calls=103
KM_PROF seeding query 600/32510 contexts=15686 msgs_pending=487112 saturate_calls=603
KM_PROF seeding query 650/32510 contexts=15775 msgs_pending=490631 saturate_calls=653
KM_PROF seeding query 700/32510 contexts=15869 msgs_pending=494394 saturate_calls=703
KM_PROF seeding query 750/32510 contexts=15981 msgs_pending=497832 saturate_calls=753
KM_PROF seeding query 800/32510 contexts=16083 msgs_pending=501269 saturate_calls=803
KM_PROF seeding query 850/32510 contexts=16228 msgs_pending=505616 saturate_calls=853
KM_PROF seeding query 150/32509 contexts=14590 msgs_pending=457239 saturate_calls=153
KM_PROF seeding query 900/32510 contexts=16504 msgs_pending=511210 saturate_calls=903
KM_PROF seeding query 950/32510 contexts=16666 msgs_pending=515950 saturate_calls=953
KM_PROF seeding query 1000/32510 contexts=16939 msgs_pending=521772 saturate_calls=1003
KM_PROF seeding query 200/32509 contexts=14664 msgs_pending=462031 saturate_calls=203
KM_PROF seeding query 1050/32510 contexts=17064 msgs_pending=527008 saturate_calls=1053
KM_PROF seeding query 1100/32510 contexts=17197 msgs_pending=531900 saturate_calls=1103
KM_PROF seeding query 250/32509 contexts=14748 msgs_pending=467564 saturate_calls=253
KM_PROF seeding query 1150/32510 contexts=17274 msgs_pending=536386 saturate_calls=1153
KM_PROF seeding query 300/32509 contexts=14828 msgs_pending=473004 saturate_calls=303
KM_PROF seeding query 1200/32510 contexts=17339 msgs_pending=541239 saturate_calls=1203
KM_PROF seeding query 350/32509 contexts=14900 msgs_pending=479232 saturate_calls=353
KM_PROF seeding query 1250/32510 contexts=17406 msgs_pending=547385 saturate_calls=1253
KM_PROF seeding query 1300/32510 contexts=17475 msgs_pending=551857 saturate_calls=1303
KM_PROF seeding query 1350/32510 contexts=17641 msgs_pending=557456 saturate_calls=1353
KM_PROF seeding query 400/32509 contexts=14978 msgs_pending=485182 saturate_calls=403
KM_PROF seeding query 1400/32510 contexts=17708 msgs_pending=562194 saturate_calls=1403
KM_PROF seeding query 450/32509 contexts=15044 msgs_pending=491007 saturate_calls=453
KM_PROF seeding query 1450/32510 contexts=18020 msgs_pending=569132 saturate_calls=1453
KM_PROF seeding query 1500/32510 contexts=18520 msgs_pending=576029 saturate_calls=1503
KM_PROF seeding query 1550/32510 contexts=18627 msgs_pending=580925 saturate_calls=1553
KM_PROF seeding query 1600/32510 contexts=18744 msgs_pending=585458 saturate_calls=1603
KM_PROF seeding query 500/32509 contexts=15117 msgs_pending=496201 saturate_calls=503
KM_PROF seeding query 1650/32510 contexts=18932 msgs_pending=591393 saturate_calls=1653
KM_PROF seeding query 1700/32510 contexts=19010 msgs_pending=596088 saturate_calls=1703
KM_PROF seeding query 550/32509 contexts=15181 msgs_pending=501378 saturate_calls=553
KM_PROF seeding query 1750/32510 contexts=19089 msgs_pending=601235 saturate_calls=1753
KM_PROF seeding query 600/32509 contexts=15246 msgs_pending=506699 saturate_calls=603
KM_PROF seeding query 1800/32510 contexts=19228 msgs_pending=606427 saturate_calls=1803
KM_PROF seeding query 650/32509 contexts=15318 msgs_pending=511721 saturate_calls=653
KM_PROF seeding query 1850/32510 contexts=19301 msgs_pending=612839 saturate_calls=1853
KM_PROF seeding query 1900/32510 contexts=19425 msgs_pending=619357 saturate_calls=1903
KM_PROF seeding query 700/32509 contexts=15382 msgs_pending=516887 saturate_calls=703
KM_PROF seeding query 1950/32510 contexts=19605 msgs_pending=624834 saturate_calls=1953
KM_PROF seeding query 2000/32510 contexts=19743 msgs_pending=630237 saturate_calls=2003
KM_PROF seeding query 750/32509 contexts=15447 msgs_pending=522082 saturate_calls=753
KM_PROF seeding query 2050/32510 contexts=19893 msgs_pending=635964 saturate_calls=2053
KM_PROF seeding query 2100/32510 contexts=20024 msgs_pending=641100 saturate_calls=2103
KM_PROF seeding query 2150/32510 contexts=20171 msgs_pending=645864 saturate_calls=2153
KM_PROF seeding query 2200/32510 contexts=20278 msgs_pending=650869 saturate_calls=2203
KM_PROF seeding query 800/32509 contexts=15504 msgs_pending=527527 saturate_calls=803
KM_PROF seeding query 2250/32510 contexts=20341 msgs_pending=656989 saturate_calls=2253
KM_PROF seeding query 850/32509 contexts=15561 msgs_pending=532864 saturate_calls=853
KM_PROF seeding query 2300/32510 contexts=20413 msgs_pending=663475 saturate_calls=2303
KM_PROF seeding query 900/32509 contexts=15615 msgs_pending=538417 saturate_calls=903
KM_PROF seeding query 2350/32510 contexts=20470 msgs_pending=669463 saturate_calls=2353
KM_PROF seeding query 950/32509 contexts=15679 msgs_pending=543576 saturate_calls=953
KM_PROF seeding query 2400/32510 contexts=20524 msgs_pending=675461 saturate_calls=2403
KM_PROF seeding query 1000/32509 contexts=15739 msgs_pending=548876 saturate_calls=1003
KM_PROF seeding query 2450/32510 contexts=20580 msgs_pending=679484 saturate_calls=2453
KM_PROF seeding query 2500/32510 contexts=20640 msgs_pending=683662 saturate_calls=2503
KM_PROF seeding query 2550/32510 contexts=20840 msgs_pending=689561 saturate_calls=2553
KM_PROF seeding query 1050/32509 contexts=15794 msgs_pending=554252 saturate_calls=1053
KM_PROF seeding query 2600/32510 contexts=21047 msgs_pending=694522 saturate_calls=2603
KM_PROF seeding query 2650/32510 contexts=21134 msgs_pending=698848 saturate_calls=2653
KM_PROF seeding query 2700/32510 contexts=21247 msgs_pending=703393 saturate_calls=2703
KM_PROF seeding query 2750/32510 contexts=21414 msgs_pending=709043 saturate_calls=2753
KM_PROF seeding query 1100/32509 contexts=15859 msgs_pending=559375 saturate_calls=1103
KM_PROF seeding query 2800/32510 contexts=21545 msgs_pending=715370 saturate_calls=2803
KM_PROF seeding query 2850/32510 contexts=21689 msgs_pending=720499 saturate_calls=2853
KM_PROF seeding query 1150/32509 contexts=15938 msgs_pending=564127 saturate_calls=1153
KM_PROF seeding query 2900/32510 contexts=21760 msgs_pending=724497 saturate_calls=2903
KM_PROF seeding query 2950/32510 contexts=21835 msgs_pending=729774 saturate_calls=2953
KM_PROF seeding query 1200/32509 contexts=16028 msgs_pending=568715 saturate_calls=1203
KM_PROF seeding query 3000/32510 contexts=21966 msgs_pending=735093 saturate_calls=3003
KM_PROF seeding query 3050/32510 contexts=22103 msgs_pending=740058 saturate_calls=3053
KM_PROF seeding query 3100/32510 contexts=22204 msgs_pending=745614 saturate_calls=3103
KM_PROF seeding query 3150/32510 contexts=22304 msgs_pending=750664 saturate_calls=3153
KM_PROF seeding query 1250/32509 contexts=16190 msgs_pending=575448 saturate_calls=1253
KM_PROF seeding query 3200/32510 contexts=22437 msgs_pending=756628 saturate_calls=3203
KM_PROF seeding query 3250/32510 contexts=22577 msgs_pending=761378 saturate_calls=3253
KM_PROF seeding query 3300/32510 contexts=22685 msgs_pending=766196 saturate_calls=3303
KM_PROF seeding query 1300/32509 contexts=16277 msgs_pending=581577 saturate_calls=1303
KM_PROF seeding query 3350/32510 contexts=22760 msgs_pending=770776 saturate_calls=3353
KM_PROF seeding query 3400/32510 contexts=22865 msgs_pending=776354 saturate_calls=3403
KM_PROF seeding query 3450/32510 contexts=22971 msgs_pending=781217 saturate_calls=3453
KM_PROF seeding query 1350/32509 contexts=16342 msgs_pending=588169 saturate_calls=1353
KM_PROF seeding query 3500/32510 contexts=23191 msgs_pending=788221 saturate_calls=3503
KM_PROF seeding query 3550/32510 contexts=23307 msgs_pending=793917 saturate_calls=3553
KM_PROF seeding query 3600/32510 contexts=23482 msgs_pending=799978 saturate_calls=3603
KM_PROF seeding query 3650/32510 contexts=23594 msgs_pending=804720 saturate_calls=3653
KM_PROF seeding query 3700/32510 contexts=23766 msgs_pending=810196 saturate_calls=3703
KM_PROF seeding query 3750/32510 contexts=23874 msgs_pending=815549 saturate_calls=3753
KM_PROF seeding query 1400/32509 contexts=16431 msgs_pending=597133 saturate_calls=1403
KM_PROF seeding query 3800/32510 contexts=23954 msgs_pending=819994 saturate_calls=3803
KM_PROF seeding query 3850/32510 contexts=24094 msgs_pending=826191 saturate_calls=3853
KM_PROF seeding query 3900/32510 contexts=24354 msgs_pending=832135 saturate_calls=3903
KM_PROF seeding query 3950/32510 contexts=24488 msgs_pending=837241 saturate_calls=3953
KM_PROF seeding query 1450/32509 contexts=16491 msgs_pending=606552 saturate_calls=1453
KM_PROF seeding query 4000/32510 contexts=24585 msgs_pending=842837 saturate_calls=4003
KM_PROF seeding query 4050/32510 contexts=24764 msgs_pending=848141 saturate_calls=4053
KM_PROF seeding query 4100/32510 contexts=24906 msgs_pending=853326 saturate_calls=4103
KM_PROF seeding query 4150/32510 contexts=24987 msgs_pending=858816 saturate_calls=4153
KM_PROF seeding query 1500/32509 contexts=16548 msgs_pending=615965 saturate_calls=1503
KM_PROF seeding query 4200/32510 contexts=25125 msgs_pending=863981 saturate_calls=4203
KM_PROF seeding query 4250/32510 contexts=25210 msgs_pending=868874 saturate_calls=4253
KM_PROF seeding query 4300/32510 contexts=25319 msgs_pending=874276 saturate_calls=4303
KM_PROF seeding query 4350/32510 contexts=25449 msgs_pending=879177 saturate_calls=4353
KM_PROF seeding query 1550/32509 contexts=16607 msgs_pending=625662 saturate_calls=1553
KM_PROF seeding query 4400/32510 contexts=25596 msgs_pending=884739 saturate_calls=4403
KM_PROF seeding query 1600/32509 contexts=16663 msgs_pending=635448 saturate_calls=1603
KM_PROF seeding query 1650/32509 contexts=16727 msgs_pending=645550 saturate_calls=1653
KM_PROF seeding query 4450/32510 contexts=25926 msgs_pending=891429 saturate_calls=4453
KM_PROF seeding query 4500/32510 contexts=26053 msgs_pending=895673 saturate_calls=4503
KM_PROF seeding query 4550/32510 contexts=26271 msgs_pending=901970 saturate_calls=4553
KM_PROF seeding query 4600/32510 contexts=26401 msgs_pending=905780 saturate_calls=4603
KM_PROF seeding query 1700/32509 contexts=16800 msgs_pending=653557 saturate_calls=1703
KM_PROF seeding query 4650/32510 contexts=26758 msgs_pending=915160 saturate_calls=4653
KM_PROF seeding query 1750/32509 contexts=16865 msgs_pending=660920 saturate_calls=1753
KM_PROF seeding query 4700/32510 contexts=27553 msgs_pending=935516 saturate_calls=4703
KM_PROF seeding query 4750/32510 contexts=28003 msgs_pending=950374 saturate_calls=4753
KM_PROF seeding query 1800/32509 contexts=16925 msgs_pending=668875 saturate_calls=1803
KM_PROF seeding query 4800/32510 contexts=28639 msgs_pending=974288 saturate_calls=4803
KM_PROF seeding query 1850/32509 contexts=16978 msgs_pending=677622 saturate_calls=1853
KM_PROF seeding query 1900/32509 contexts=17040 msgs_pending=685547 saturate_calls=1903
KM_PROF seeding query 1950/32509 contexts=17098 msgs_pending=693682 saturate_calls=1953
KM_PROF seeding query 2000/32509 contexts=17159 msgs_pending=701433 saturate_calls=2003
KM_PROF seeding query 4850/32510 contexts=29456 msgs_pending=995044 saturate_calls=4853
KM_PROF seeding query 2050/32509 contexts=17228 msgs_pending=708737 saturate_calls=2053
KM_PROF seeding query 4900/32510 contexts=29867 msgs_pending=1015712 saturate_calls=4903
KM_PROF seeding query 2100/32509 contexts=17285 msgs_pending=716617 saturate_calls=2103
KM_PROF seeding query 2150/32509 contexts=17341 msgs_pending=724827 saturate_calls=2153
KM_PROF seeding query 2200/32509 contexts=17395 msgs_pending=733310 saturate_calls=2203
KM_PROF seeding query 4950/32510 contexts=30166 msgs_pending=1034271 saturate_calls=4953
KM_PROF seeding query 2250/32509 contexts=17456 msgs_pending=740863 saturate_calls=2253
KM_PROF seeding query 5000/32510 contexts=30687 msgs_pending=1051014 saturate_calls=5003
KM_PROF seeding query 2300/32509 contexts=17521 msgs_pending=748173 saturate_calls=2303
KM_PROF seeding query 5050/32510 contexts=31129 msgs_pending=1072500 saturate_calls=5053
KM_PROF seeding query 2350/32509 contexts=17581 msgs_pending=756131 saturate_calls=2353
KM_PROF seeding query 5100/32510 contexts=31625 msgs_pending=1089331 saturate_calls=5103
KM_PROF seeding query 5150/32510 contexts=32079 msgs_pending=1106901 saturate_calls=5153
KM_PROF seeding query 2400/32509 contexts=17637 msgs_pending=764200 saturate_calls=2403
KM_PROF seeding query 5200/32510 contexts=32529 msgs_pending=1126856 saturate_calls=5203
KM_PROF seeding query 2450/32509 contexts=17707 msgs_pending=771250 saturate_calls=2453
KM_PROF seeding query 5250/32510 contexts=32877 msgs_pending=1142960 saturate_calls=5253
KM_PROF seeding query 5300/32510 contexts=33334 msgs_pending=1158941 saturate_calls=5303
KM_PROF seeding query 2500/32509 contexts=17771 msgs_pending=778784 saturate_calls=2503
KM_PROF seeding query 5350/32510 contexts=33839 msgs_pending=1183573 saturate_calls=5353
KM_PROF seeding query 2550/32509 contexts=17837 msgs_pending=786319 saturate_calls=2553
KM_PROF seeding query 5400/32510 contexts=34125 msgs_pending=1200620 saturate_calls=5403
KM_PROF seeding query 2600/32509 contexts=17890 msgs_pending=794766 saturate_calls=2603
KM_PROF seeding query 5450/32510 contexts=34401 msgs_pending=1216944 saturate_calls=5453
KM_PROF seeding query 5500/32510 contexts=34714 msgs_pending=1233757 saturate_calls=5503
KM_PROF seeding query 2650/32509 contexts=17943 msgs_pending=803267 saturate_calls=2653
KM_PROF seeding query 5550/32510 contexts=35407 msgs_pending=1260369 saturate_calls=5553
KM_PROF seeding query 2700/32509 contexts=17998 msgs_pending=811390 saturate_calls=2703
KM_PROF seeding query 5600/32510 contexts=35899 msgs_pending=1285179 saturate_calls=5603
KM_PROF seeding query 2750/32509 contexts=18052 msgs_pending=819759 saturate_calls=2753
KM_PROF seeding query 5650/32510 contexts=36338 msgs_pending=1303874 saturate_calls=5653
KM_PROF seeding query 2800/32509 contexts=18113 msgs_pending=827405 saturate_calls=2803
KM_PROF seeding query 5700/32510 contexts=36784 msgs_pending=1324187 saturate_calls=5703
KM_PROF seeding query 2850/32509 contexts=18174 msgs_pending=834844 saturate_calls=2853
KM_PROF seeding query 5750/32510 contexts=37263 msgs_pending=1351690 saturate_calls=5753
KM_PROF seeding query 2900/32509 contexts=18235 msgs_pending=842367 saturate_calls=2903
KM_PROF seeding query 5800/32510 contexts=37582 msgs_pending=1367658 saturate_calls=5803
KM_PROF seeding query 2950/32509 contexts=18287 msgs_pending=850931 saturate_calls=2953
KM_PROF seeding query 5850/32510 contexts=37959 msgs_pending=1386336 saturate_calls=5853
KM_PROF seeding query 5900/32510 contexts=38288 msgs_pending=1405962 saturate_calls=5903
KM_PROF seeding query 3000/32509 contexts=18342 msgs_pending=859015 saturate_calls=3003
KM_PROF seeding query 5950/32510 contexts=38492 msgs_pending=1423341 saturate_calls=5953
KM_PROF seeding query 3050/32509 contexts=18397 msgs_pending=867156 saturate_calls=3053
KM_PROF seeding query 6000/32510 contexts=38729 msgs_pending=1437847 saturate_calls=6003
KM_PROF seeding query 6050/32510 contexts=39017 msgs_pending=1453000 saturate_calls=6053
KM_PROF seeding query 3100/32509 contexts=18455 msgs_pending=875075 saturate_calls=3103
KM_PROF seeding query 6100/32510 contexts=39237 msgs_pending=1467294 saturate_calls=6103
KM_PROF seeding query 3150/32509 contexts=18517 msgs_pending=882426 saturate_calls=3153
KM_PROF seeding query 6150/32510 contexts=39591 msgs_pending=1490069 saturate_calls=6153
KM_PROF seeding query 3200/32509 contexts=18578 msgs_pending=889844 saturate_calls=3203
KM_PROF seeding query 6200/32510 contexts=39917 msgs_pending=1510676 saturate_calls=6203
KM_PROF seeding query 3250/32509 contexts=18636 msgs_pending=897811 saturate_calls=3253
KM_PROF seeding query 6250/32510 contexts=40309 msgs_pending=1534532 saturate_calls=6253
KM_PROF seeding query 3300/32509 contexts=18693 msgs_pending=905763 saturate_calls=3303
KM_PROF seeding query 6300/32510 contexts=40695 msgs_pending=1559941 saturate_calls=6303
KM_PROF seeding query 3350/32509 contexts=18755 msgs_pending=913058 saturate_calls=3353
KM_PROF seeding query 6350/32510 contexts=40876 msgs_pending=1576516 saturate_calls=6353
KM_PROF seeding query 3400/32509 contexts=18820 msgs_pending=920364 saturate_calls=3403
KM_PROF seeding query 6400/32510 contexts=41287 msgs_pending=1598283 saturate_calls=6403
KM_PROF seeding query 6450/32510 contexts=41616 msgs_pending=1615661 saturate_calls=6453
KM_PROF seeding query 3450/32509 contexts=18892 msgs_pending=927996 saturate_calls=3453
KM_PROF seeding query 6500/32510 contexts=41988 msgs_pending=1642510 saturate_calls=6503
KM_PROF seeding query 3500/32509 contexts=18945 msgs_pending=937829 saturate_calls=3503
KM_PROF seeding query 6550/32510 contexts=42422 msgs_pending=1666089 saturate_calls=6553
KM_PROF seeding query 3550/32509 contexts=18998 msgs_pending=948151 saturate_calls=3553
KM_PROF seeding query 6600/32510 contexts=42903 msgs_pending=1686317 saturate_calls=6603
KM_PROF seeding query 3600/32509 contexts=19049 msgs_pending=958322 saturate_calls=3603
KM_PROF seeding query 6650/32510 contexts=43320 msgs_pending=1707393 saturate_calls=6653
KM_PROF seeding query 3650/32509 contexts=19108 msgs_pending=968538 saturate_calls=3653
KM_PROF seeding query 6700/32510 contexts=43825 msgs_pending=1733465 saturate_calls=6703
KM_PROF seeding query 6750/32510 contexts=44216 msgs_pending=1749439 saturate_calls=6753
KM_PROF seeding query 3700/32509 contexts=19163 msgs_pending=978205 saturate_calls=3703
KM_PROF seeding query 6800/32510 contexts=44539 msgs_pending=1764711 saturate_calls=6803
KM_PROF seeding query 3750/32509 contexts=19222 msgs_pending=984316 saturate_calls=3753
KM_PROF seeding query 6850/32510 contexts=44986 msgs_pending=1782644 saturate_calls=6853
KM_PROF seeding query 6900/32510 contexts=45453 msgs_pending=1799783 saturate_calls=6903
KM_PROF seeding query 3800/32509 contexts=19300 msgs_pending=991038 saturate_calls=3803
KM_PROF seeding query 6950/32510 contexts=45857 msgs_pending=1819622 saturate_calls=6953
KM_PROF seeding query 3850/32509 contexts=19354 msgs_pending=997285 saturate_calls=3853
KM_PROF seeding query 7000/32510 contexts=46268 msgs_pending=1837885 saturate_calls=7003
KM_PROF seeding query 3900/32509 contexts=19411 msgs_pending=1003289 saturate_calls=3903
KM_PROF seeding query 7050/32510 contexts=46725 msgs_pending=1856898 saturate_calls=7053
KM_PROF seeding query 7100/32510 contexts=46951 msgs_pending=1870458 saturate_calls=7103
KM_PROF seeding query 3950/32509 contexts=19464 msgs_pending=1012493 saturate_calls=3953
KM_PROF seeding query 7150/32510 contexts=47462 msgs_pending=1894771 saturate_calls=7153
KM_PROF seeding query 4000/32509 contexts=19515 msgs_pending=1021596 saturate_calls=4003
KM_PROF seeding query 7200/32510 contexts=47967 msgs_pending=1919048 saturate_calls=7203
KM_PROF seeding query 4050/32509 contexts=19571 msgs_pending=1030831 saturate_calls=4053
KM_PROF seeding query 7250/32510 contexts=48353 msgs_pending=1946428 saturate_calls=7253
KM_PROF seeding query 7300/32510 contexts=48691 msgs_pending=1962176 saturate_calls=7303
KM_PROF seeding query 4100/32509 contexts=19622 msgs_pending=1040675 saturate_calls=4103
KM_PROF seeding query 7350/32510 contexts=49045 msgs_pending=1978502 saturate_calls=7353
KM_PROF seeding query 4150/32509 contexts=19672 msgs_pending=1050468 saturate_calls=4153
KM_PROF seeding query 7400/32510 contexts=49357 msgs_pending=1996486 saturate_calls=7403
KM_PROF seeding query 7450/32510 contexts=49470 msgs_pending=2006712 saturate_calls=7453
KM_PROF seeding query 7500/32510 contexts=49715 msgs_pending=2023965 saturate_calls=7503
KM_PROF seeding query 4200/32509 contexts=19722 msgs_pending=1060216 saturate_calls=4203
KM_PROF seeding query 7550/32510 contexts=50080 msgs_pending=2043214 saturate_calls=7553
KM_PROF seeding query 7600/32510 contexts=50436 msgs_pending=2059478 saturate_calls=7603
KM_PROF seeding query 4250/32509 contexts=19773 msgs_pending=1069858 saturate_calls=4253
KM_PROF seeding query 7650/32510 contexts=50723 msgs_pending=2075817 saturate_calls=7653
KM_PROF seeding query 4300/32509 contexts=19823 msgs_pending=1079579 saturate_calls=4303
KM_PROF seeding query 7700/32510 contexts=51149 msgs_pending=2097083 saturate_calls=7703
KM_PROF seeding query 4350/32509 contexts=19919 msgs_pending=1086077 saturate_calls=4353
KM_PROF seeding query 7750/32510 contexts=51556 msgs_pending=2119565 saturate_calls=7753
KM_PROF seeding query 4400/32509 contexts=19970 msgs_pending=1092615 saturate_calls=4403
KM_PROF seeding query 7800/32510 contexts=51839 msgs_pending=2138677 saturate_calls=7803
KM_PROF seeding query 4450/32509 contexts=20020 msgs_pending=1099216 saturate_calls=4453
KM_PROF seeding query 7850/32510 contexts=52223 msgs_pending=2156476 saturate_calls=7853
KM_PROF seeding query 7900/32510 contexts=52526 msgs_pending=2172486 saturate_calls=7903
KM_PROF seeding query 4500/32509 contexts=20092 msgs_pending=1105689 saturate_calls=4503
KM_PROF seeding query 4550/32509 contexts=20155 msgs_pending=1110831 saturate_calls=4553
KM_PROF seeding query 7950/32510 contexts=52912 msgs_pending=2193655 saturate_calls=7953
KM_PROF seeding query 4600/32509 contexts=20209 msgs_pending=1115834 saturate_calls=4603
KM_PROF seeding query 8000/32510 contexts=53235 msgs_pending=2211647 saturate_calls=8003
KM_PROF seeding query 4650/32509 contexts=20265 msgs_pending=1120645 saturate_calls=4653
KM_PROF seeding query 4700/32509 contexts=20325 msgs_pending=1125265 saturate_calls=4703
KM_PROF seeding query 8050/32510 contexts=53550 msgs_pending=2229562 saturate_calls=8053
KM_PROF seeding query 4750/32509 contexts=20382 msgs_pending=1130061 saturate_calls=4753
KM_PROF seeding query 8100/32510 contexts=53813 msgs_pending=2246197 saturate_calls=8103
KM_PROF seeding query 4800/32509 contexts=20435 msgs_pending=1134968 saturate_calls=4803
KM_PROF seeding query 8150/32510 contexts=54102 msgs_pending=2264990 saturate_calls=8153
KM_PROF seeding query 4850/32509 contexts=20490 msgs_pending=1139755 saturate_calls=4853
KM_PROF seeding query 8200/32510 contexts=54368 msgs_pending=2282265 saturate_calls=8203
KM_PROF seeding query 4900/32509 contexts=20546 msgs_pending=1144451 saturate_calls=4903
KM_PROF seeding query 4950/32509 contexts=20605 msgs_pending=1149100 saturate_calls=4953
KM_PROF seeding query 8250/32510 contexts=54630 msgs_pending=2298014 saturate_calls=8253
KM_PROF seeding query 5000/32509 contexts=20678 msgs_pending=1154420 saturate_calls=5003
KM_PROF seeding query 8300/32510 contexts=55029 msgs_pending=2318732 saturate_calls=8303
KM_PROF seeding query 8350/32510 contexts=55123 msgs_pending=2323026 saturate_calls=8353
KM_PROF seeding query 8400/32510 contexts=55243 msgs_pending=2326488 saturate_calls=8403
KM_PROF seeding query 8450/32510 contexts=55372 msgs_pending=2330172 saturate_calls=8453
KM_PROF seeding query 8500/32510 contexts=55501 msgs_pending=2334236 saturate_calls=8503
KM_PROF seeding query 5050/32509 contexts=20755 msgs_pending=1161126 saturate_calls=5053
KM_PROF seeding query 8550/32510 contexts=55631 msgs_pending=2337979 saturate_calls=8553
KM_PROF seeding query 8600/32510 contexts=55740 msgs_pending=2341739 saturate_calls=8603
KM_PROF seeding query 8650/32510 contexts=55878 msgs_pending=2345697 saturate_calls=8653
KM_PROF seeding query 8700/32510 contexts=55996 msgs_pending=2349826 saturate_calls=8703
KM_PROF seeding query 8750/32510 contexts=56110 msgs_pending=2353957 saturate_calls=8753
KM_PROF seeding query 8800/32510 contexts=56229 msgs_pending=2359574 saturate_calls=8803
KM_PROF seeding query 8850/32510 contexts=56327 msgs_pending=2363716 saturate_calls=8853
KM_PROF seeding query 8900/32510 contexts=56427 msgs_pending=2367097 saturate_calls=8903
KM_PROF seeding query 8950/32510 contexts=56529 msgs_pending=2370715 saturate_calls=8953
KM_PROF seeding query 5100/32509 contexts=20838 msgs_pending=1168699 saturate_calls=5103
KM_PROF seeding query 9000/32510 contexts=56606 msgs_pending=2375485 saturate_calls=9003
KM_PROF seeding query 9050/32510 contexts=56698 msgs_pending=2380745 saturate_calls=9053
KM_PROF seeding query 9100/32510 contexts=56778 msgs_pending=2384872 saturate_calls=9103
KM_PROF seeding query 9150/32510 contexts=56878 msgs_pending=2389211 saturate_calls=9153
KM_PROF seeding query 9200/32510 contexts=56978 msgs_pending=2393386 saturate_calls=9203
KM_PROF seeding query 9250/32510 contexts=57088 msgs_pending=2396783 saturate_calls=9253
KM_PROF seeding query 9300/32510 contexts=57197 msgs_pending=2400068 saturate_calls=9303
KM_PROF seeding query 5150/32509 contexts=20936 msgs_pending=1174995 saturate_calls=5153
KM_PROF seeding query 9350/32510 contexts=57309 msgs_pending=2403788 saturate_calls=9353
KM_PROF seeding query 9400/32510 contexts=57421 msgs_pending=2407835 saturate_calls=9403
KM_PROF seeding query 9450/32510 contexts=57537 msgs_pending=2411423 saturate_calls=9453
KM_PROF seeding query 9500/32510 contexts=57639 msgs_pending=2414816 saturate_calls=9503
KM_PROF seeding query 9550/32510 contexts=57736 msgs_pending=2418797 saturate_calls=9553
KM_PROF seeding query 9600/32510 contexts=57851 msgs_pending=2422550 saturate_calls=9603
KM_PROF seeding query 9650/32510 contexts=57963 msgs_pending=2425696 saturate_calls=9653
KM_PROF seeding query 9700/32510 contexts=58102 msgs_pending=2431048 saturate_calls=9703
KM_PROF seeding query 9750/32510 contexts=58191 msgs_pending=2434845 saturate_calls=9753
KM_PROF seeding query 9800/32510 contexts=58280 msgs_pending=2438910 saturate_calls=9803
KM_PROF seeding query 5200/32509 contexts=21013 msgs_pending=1181692 saturate_calls=5203
KM_PROF seeding query 9850/32510 contexts=58364 msgs_pending=2443520 saturate_calls=9853
KM_PROF seeding query 9900/32510 contexts=58452 msgs_pending=2447296 saturate_calls=9903
KM_PROF seeding query 9950/32510 contexts=58545 msgs_pending=2450812 saturate_calls=9953
KM_PROF seeding query 10000/32510 contexts=58636 msgs_pending=2455266 saturate_calls=10003
KM_PROF seeding query 10050/32510 contexts=58745 msgs_pending=2458910 saturate_calls=10053
KM_PROF seeding query 10100/32510 contexts=58850 msgs_pending=2462331 saturate_calls=10103
KM_PROF seeding query 10150/32510 contexts=58948 msgs_pending=2466260 saturate_calls=10153
KM_PROF seeding query 5250/32509 contexts=21082 msgs_pending=1189218 saturate_calls=5253
KM_PROF seeding query 10200/32510 contexts=59049 msgs_pending=2470392 saturate_calls=10203
KM_PROF seeding query 10250/32510 contexts=59146 msgs_pending=2473849 saturate_calls=10253
KM_PROF seeding query 10300/32510 contexts=59240 msgs_pending=2477709 saturate_calls=10303
KM_PROF seeding query 10350/32510 contexts=59351 msgs_pending=2480930 saturate_calls=10353
KM_PROF seeding query 10400/32510 contexts=59443 msgs_pending=2485041 saturate_calls=10403
KM_PROF seeding query 10450/32510 contexts=59525 msgs_pending=2489094 saturate_calls=10453
KM_PROF seeding query 10500/32510 contexts=59623 msgs_pending=2492945 saturate_calls=10503
KM_PROF seeding query 10550/32510 contexts=59723 msgs_pending=2496768 saturate_calls=10553
KM_PROF seeding query 10600/32510 contexts=59823 msgs_pending=2500634 saturate_calls=10603
KM_PROF seeding query 10650/32510 contexts=59924 msgs_pending=2504548 saturate_calls=10653
KM_PROF seeding query 10700/32510 contexts=60019 msgs_pending=2507920 saturate_calls=10703
KM_PROF seeding query 10750/32510 contexts=60117 msgs_pending=2511686 saturate_calls=10753
KM_PROF seeding query 10800/32510 contexts=60220 msgs_pending=2514992 saturate_calls=10803
KM_PROF seeding query 10850/32510 contexts=60328 msgs_pending=2518276 saturate_calls=10853
KM_PROF seeding query 10900/32510 contexts=60420 msgs_pending=2522970 saturate_calls=10903
KM_PROF seeding query 10950/32510 contexts=60512 msgs_pending=2526645 saturate_calls=10953
KM_PROF seeding query 5300/32509 contexts=21147 msgs_pending=1199704 saturate_calls=5303
KM_PROF seeding query 11000/32510 contexts=60605 msgs_pending=2530960 saturate_calls=11003
KM_PROF seeding query 11050/32510 contexts=60706 msgs_pending=2534650 saturate_calls=11053
KM_PROF seeding query 11100/32510 contexts=60807 msgs_pending=2538311 saturate_calls=11103
KM_PROF seeding query 11150/32510 contexts=60910 msgs_pending=2541864 saturate_calls=11153
KM_PROF seeding query 11200/32510 contexts=61002 msgs_pending=2545519 saturate_calls=11203
KM_PROF seeding query 11250/32510 contexts=61092 msgs_pending=2549300 saturate_calls=11253
KM_PROF seeding query 11300/32510 contexts=61175 msgs_pending=2553079 saturate_calls=11303
KM_PROF seeding query 11350/32510 contexts=61279 msgs_pending=2556678 saturate_calls=11353
KM_PROF seeding query 5350/32509 contexts=21199 msgs_pending=1204665 saturate_calls=5353
KM_PROF seeding query 11400/32510 contexts=61375 msgs_pending=2560295 saturate_calls=11403
KM_PROF seeding query 11450/32510 contexts=61468 msgs_pending=2563883 saturate_calls=11453
KM_PROF seeding query 11500/32510 contexts=61561 msgs_pending=2567611 saturate_calls=11503
KM_PROF seeding query 11550/32510 contexts=61652 msgs_pending=2571357 saturate_calls=11553
KM_PROF seeding query 11600/32510 contexts=61746 msgs_pending=2575136 saturate_calls=11603
KM_PROF seeding query 11650/32510 contexts=61848 msgs_pending=2578506 saturate_calls=11653
KM_PROF seeding query 11700/32510 contexts=61957 msgs_pending=2582037 saturate_calls=11703
KM_PROF seeding query 11750/32510 contexts=62063 msgs_pending=2586113 saturate_calls=11753
KM_PROF seeding query 5400/32509 contexts=21251 msgs_pending=1209590 saturate_calls=5403
KM_PROF seeding query 11800/32510 contexts=62154 msgs_pending=2589705 saturate_calls=11803
KM_PROF seeding query 11850/32510 contexts=62249 msgs_pending=2593150 saturate_calls=11853
KM_PROF seeding query 11900/32510 contexts=62359 msgs_pending=2596360 saturate_calls=11903
KM_PROF seeding query 11950/32510 contexts=62446 msgs_pending=2599574 saturate_calls=11953
KM_PROF seeding query 12000/32510 contexts=62539 msgs_pending=2604215 saturate_calls=12003
KM_PROF seeding query 12050/32510 contexts=62628 msgs_pending=2609362 saturate_calls=12053
KM_PROF seeding query 5450/32509 contexts=21339 msgs_pending=1214758 saturate_calls=5453
KM_PROF seeding query 12100/32510 contexts=62718 msgs_pending=2613142 saturate_calls=12103
KM_PROF seeding query 12150/32510 contexts=62807 msgs_pending=2617200 saturate_calls=12153
KM_PROF seeding query 12200/32510 contexts=62908 msgs_pending=2620598 saturate_calls=12203
KM_PROF seeding query 12250/32510 contexts=63000 msgs_pending=2623780 saturate_calls=12253
KM_PROF seeding query 12300/32510 contexts=63082 msgs_pending=2627687 saturate_calls=12303
KM_PROF seeding query 12350/32510 contexts=63172 msgs_pending=2632017 saturate_calls=12353
KM_PROF seeding query 5500/32509 contexts=21400 msgs_pending=1220168 saturate_calls=5503
KM_PROF seeding query 12400/32510 contexts=63268 msgs_pending=2635577 saturate_calls=12403
KM_PROF seeding query 12450/32510 contexts=63357 msgs_pending=2639445 saturate_calls=12453
KM_PROF seeding query 12500/32510 contexts=63447 msgs_pending=2642924 saturate_calls=12503
KM_PROF seeding query 12550/32510 contexts=63535 msgs_pending=2646672 saturate_calls=12553
KM_PROF seeding query 12600/32510 contexts=63621 msgs_pending=2650154 saturate_calls=12603
KM_PROF seeding query 12650/32510 contexts=63707 msgs_pending=2653554 saturate_calls=12653
KM_PROF seeding query 12700/32510 contexts=63802 msgs_pending=2657049 saturate_calls=12703
KM_PROF seeding query 12750/32510 contexts=63904 msgs_pending=2660559 saturate_calls=12753
KM_PROF seeding query 12800/32510 contexts=64014 msgs_pending=2664145 saturate_calls=12803
KM_PROF seeding query 5550/32509 contexts=21456 msgs_pending=1225584 saturate_calls=5553
KM_PROF seeding query 12850/32510 contexts=64124 msgs_pending=2667497 saturate_calls=12853
KM_PROF seeding query 12900/32510 contexts=64227 msgs_pending=2670830 saturate_calls=12903
KM_PROF seeding query 12950/32510 contexts=64328 msgs_pending=2674072 saturate_calls=12953
KM_PROF seeding query 13000/32510 contexts=64420 msgs_pending=2678106 saturate_calls=13003
KM_PROF seeding query 13050/32510 contexts=64523 msgs_pending=2681701 saturate_calls=13053
KM_PROF seeding query 13100/32510 contexts=64623 msgs_pending=2685074 saturate_calls=13103
KM_PROF seeding query 13150/32510 contexts=64714 msgs_pending=2688286 saturate_calls=13153
KM_PROF seeding query 13200/32510 contexts=64821 msgs_pending=2691416 saturate_calls=13203
KM_PROF seeding query 13250/32510 contexts=64927 msgs_pending=2694859 saturate_calls=13253
KM_PROF seeding query 13300/32510 contexts=65034 msgs_pending=2697989 saturate_calls=13303
KM_PROF seeding query 5600/32509 contexts=21510 msgs_pending=1231062 saturate_calls=5603
KM_PROF seeding query 13350/32510 contexts=65400 msgs_pending=2704742 saturate_calls=13353
KM_PROF seeding query 5650/32509 contexts=21565 msgs_pending=1236366 saturate_calls=5653
KM_PROF seeding query 13400/32510 contexts=65924 msgs_pending=2715364 saturate_calls=13403
KM_PROF seeding query 13450/32510 contexts=66229 msgs_pending=2725235 saturate_calls=13453
KM_PROF seeding query 5700/32509 contexts=21619 msgs_pending=1241896 saturate_calls=5703
KM_PROF seeding query 13500/32510 contexts=66518 msgs_pending=2734645 saturate_calls=13503
KM_PROF seeding query 13550/32510 contexts=66594 msgs_pending=2738627 saturate_calls=13553
KM_PROF seeding query 13600/32510 contexts=66667 msgs_pending=2742358 saturate_calls=13603
KM_PROF seeding query 13650/32510 contexts=66776 msgs_pending=2746832 saturate_calls=13653
KM_PROF seeding query 13700/32510 contexts=67139 msgs_pending=2758001 saturate_calls=13703
KM_PROF seeding query 5750/32509 contexts=21671 msgs_pending=1250895 saturate_calls=5753
KM_PROF seeding query 13750/32510 contexts=67454 msgs_pending=2770355 saturate_calls=13753
KM_PROF seeding query 13800/32510 contexts=67890 msgs_pending=2784213 saturate_calls=13803
KM_PROF seeding query 5800/32509 contexts=21740 msgs_pending=1258964 saturate_calls=5803
KM_PROF seeding query 13850/32510 contexts=68240 msgs_pending=2797690 saturate_calls=13853
KM_PROF seeding query 5850/32509 contexts=21811 msgs_pending=1265030 saturate_calls=5853
KM_PROF seeding query 13900/32510 contexts=68567 msgs_pending=2809885 saturate_calls=13903
KM_PROF seeding query 13950/32510 contexts=68909 msgs_pending=2821065 saturate_calls=13953
KM_PROF seeding query 5900/32509 contexts=21868 msgs_pending=1271358 saturate_calls=5903
KM_PROF seeding query 14000/32510 contexts=69280 msgs_pending=2830514 saturate_calls=14003
KM_PROF seeding query 14050/32510 contexts=69588 msgs_pending=2840668 saturate_calls=14053
KM_PROF seeding query 5950/32509 contexts=21937 msgs_pending=1278900 saturate_calls=5953
KM_PROF seeding query 14100/32510 contexts=69860 msgs_pending=2850499 saturate_calls=14103
KM_PROF seeding query 14150/32510 contexts=70157 msgs_pending=2859955 saturate_calls=14153
KM_PROF seeding query 14200/32510 contexts=70519 msgs_pending=2872203 saturate_calls=14203
KM_PROF seeding query 6000/32509 contexts=21996 msgs_pending=1287602 saturate_calls=6003
KM_PROF seeding query 14250/32510 contexts=70840 msgs_pending=2884797 saturate_calls=14253
KM_PROF seeding query 6050/32509 contexts=22124 msgs_pending=1294297 saturate_calls=6053
KM_PROF seeding query 14300/32510 contexts=71140 msgs_pending=2896611 saturate_calls=14303
KM_PROF seeding query 14350/32510 contexts=71404 msgs_pending=2909625 saturate_calls=14353
KM_PROF seeding query 6100/32509 contexts=22188 msgs_pending=1301203 saturate_calls=6103
KM_PROF seeding query 14400/32510 contexts=71745 msgs_pending=2923176 saturate_calls=14403
KM_PROF seeding query 6150/32509 contexts=22268 msgs_pending=1308161 saturate_calls=6153
KM_PROF seeding query 14450/32510 contexts=71984 msgs_pending=2935171 saturate_calls=14453
KM_PROF seeding query 14500/32510 contexts=72235 msgs_pending=2945536 saturate_calls=14503
KM_PROF seeding query 14550/32510 contexts=72552 msgs_pending=2955498 saturate_calls=14553
KM_PROF seeding query 6200/32509 contexts=22336 msgs_pending=1314363 saturate_calls=6203
KM_PROF seeding query 14600/32510 contexts=72926 msgs_pending=2966196 saturate_calls=14603
KM_PROF seeding query 14650/32510 contexts=73223 msgs_pending=2975425 saturate_calls=14653
KM_PROF seeding query 6250/32509 contexts=22413 msgs_pending=1320860 saturate_calls=6253
KM_PROF seeding query 14700/32510 contexts=73560 msgs_pending=2986358 saturate_calls=14703
KM_PROF seeding query 14750/32510 contexts=73659 msgs_pending=2992574 saturate_calls=14753
KM_PROF seeding query 6300/32509 contexts=22506 msgs_pending=1327118 saturate_calls=6303
KM_PROF seeding query 14800/32510 contexts=73930 msgs_pending=3001995 saturate_calls=14803
KM_PROF seeding query 14850/32510 contexts=74240 msgs_pending=3011774 saturate_calls=14853
KM_PROF seeding query 6350/32509 contexts=22556 msgs_pending=1333339 saturate_calls=6353
KM_PROF seeding query 14900/32510 contexts=74490 msgs_pending=3021984 saturate_calls=14903
KM_PROF seeding query 14950/32510 contexts=74777 msgs_pending=3032330 saturate_calls=14953
KM_PROF seeding query 6400/32509 contexts=22608 msgs_pending=1339443 saturate_calls=6403
KM_PROF seeding query 15000/32510 contexts=74996 msgs_pending=3043402 saturate_calls=15003
KM_PROF seeding query 15050/32510 contexts=75253 msgs_pending=3055113 saturate_calls=15053
KM_PROF seeding query 6450/32509 contexts=22660 msgs_pending=1345478 saturate_calls=6453
KM_PROF seeding query 15100/32510 contexts=75482 msgs_pending=3065656 saturate_calls=15103
KM_PROF seeding query 6500/32509 contexts=22718 msgs_pending=1351249 saturate_calls=6503
KM_PROF seeding query 15150/32510 contexts=75754 msgs_pending=3077906 saturate_calls=15153
KM_PROF seeding query 6550/32509 contexts=22776 msgs_pending=1357161 saturate_calls=6553
KM_PROF seeding query 15200/32510 contexts=76092 msgs_pending=3091240 saturate_calls=15203
KM_PROF seeding query 15250/32510 contexts=76433 msgs_pending=3103507 saturate_calls=15253
KM_PROF seeding query 6600/32509 contexts=22833 msgs_pending=1362950 saturate_calls=6603
KM_PROF seeding query 15300/32510 contexts=76704 msgs_pending=3114231 saturate_calls=15303
KM_PROF seeding query 6650/32509 contexts=22885 msgs_pending=1368922 saturate_calls=6653
KM_PROF seeding query 15350/32510 contexts=76965 msgs_pending=3125916 saturate_calls=15353
KM_PROF seeding query 15400/32510 contexts=77215 msgs_pending=3134275 saturate_calls=15403
KM_PROF seeding query 6700/32509 contexts=22937 msgs_pending=1374897 saturate_calls=6703
KM_PROF seeding query 15450/32510 contexts=77446 msgs_pending=3143205 saturate_calls=15453
KM_PROF seeding query 15500/32510 contexts=77734 msgs_pending=3152929 saturate_calls=15503
KM_PROF seeding query 6750/32509 contexts=22993 msgs_pending=1380609 saturate_calls=6753
KM_PROF seeding query 15550/32510 contexts=77971 msgs_pending=3163019 saturate_calls=15553
KM_PROF seeding query 15600/32510 contexts=78208 msgs_pending=3172269 saturate_calls=15603
KM_PROF seeding query 6800/32509 contexts=23052 msgs_pending=1386853 saturate_calls=6803
KM_PROF seeding query 15650/32510 contexts=78483 msgs_pending=3181294 saturate_calls=15653
KM_PROF seeding query 15700/32510 contexts=78706 msgs_pending=3190154 saturate_calls=15703
KM_PROF seeding query 6850/32509 contexts=23105 msgs_pending=1393354 saturate_calls=6853
KM_PROF seeding query 15750/32510 contexts=79259 msgs_pending=3201805 saturate_calls=15753
KM_PROF seeding query 15800/32510 contexts=79567 msgs_pending=3212703 saturate_calls=15803
KM_PROF seeding query 15850/32510 contexts=79889 msgs_pending=3223083 saturate_calls=15853
KM_PROF seeding query 6900/32509 contexts=23156 msgs_pending=1400132 saturate_calls=6903
KM_PROF seeding query 15900/32510 contexts=80127 msgs_pending=3233837 saturate_calls=15903
KM_PROF seeding query 15950/32510 contexts=80376 msgs_pending=3244292 saturate_calls=15953
KM_PROF seeding query 6950/32509 contexts=23213 msgs_pending=1406466 saturate_calls=6953
KM_PROF seeding query 16000/32510 contexts=80803 msgs_pending=3257488 saturate_calls=16003
KM_PROF seeding query 16050/32510 contexts=81054 msgs_pending=3270460 saturate_calls=16053
KM_PROF seeding query 7000/32509 contexts=23266 msgs_pending=1412964 saturate_calls=7003
KM_PROF seeding query 16100/32510 contexts=81313 msgs_pending=3280466 saturate_calls=16103
KM_PROF seeding query 16150/32510 contexts=81571 msgs_pending=3291597 saturate_calls=16153
KM_PROF seeding query 7050/32509 contexts=23318 msgs_pending=1419494 saturate_calls=7053
KM_PROF seeding query 16200/32510 contexts=81864 msgs_pending=3301991 saturate_calls=16203
KM_PROF seeding query 7100/32509 contexts=23377 msgs_pending=1425675 saturate_calls=7103
KM_PROF seeding query 16250/32510 contexts=82192 msgs_pending=3314998 saturate_calls=16253
KM_PROF seeding query 16300/32510 contexts=82428 msgs_pending=3325782 saturate_calls=16303
KM_PROF seeding query 7150/32509 contexts=23435 msgs_pending=1431740 saturate_calls=7153
KM_PROF seeding query 16350/32510 contexts=82782 msgs_pending=3337306 saturate_calls=16353
KM_PROF seeding query 16400/32510 contexts=83035 msgs_pending=3349042 saturate_calls=16403
KM_PROF seeding query 7200/32509 contexts=23494 msgs_pending=1437770 saturate_calls=7203
KM_PROF seeding query 16450/32510 contexts=83308 msgs_pending=3359704 saturate_calls=16453
KM_PROF seeding query 16500/32510 contexts=83546 msgs_pending=3370664 saturate_calls=16503
KM_PROF seeding query 7250/32509 contexts=23553 msgs_pending=1443832 saturate_calls=7253
KM_PROF seeding query 16550/32510 contexts=83747 msgs_pending=3382070 saturate_calls=16553
KM_PROF seeding query 16600/32510 contexts=84004 msgs_pending=3393318 saturate_calls=16603
KM_PROF seeding query 7300/32509 contexts=23611 msgs_pending=1450048 saturate_calls=7303
KM_PROF seeding query 16650/32510 contexts=84235 msgs_pending=3402230 saturate_calls=16653
KM_PROF seeding query 16700/32510 contexts=84437 msgs_pending=3412210 saturate_calls=16703
KM_PROF seeding query 7350/32509 contexts=23665 msgs_pending=1456424 saturate_calls=7353
KM_PROF seeding query 16750/32510 contexts=84681 msgs_pending=3422016 saturate_calls=16753
KM_PROF seeding query 16800/32510 contexts=84997 msgs_pending=3432956 saturate_calls=16803
KM_PROF seeding query 7400/32509 contexts=23719 msgs_pending=1462833 saturate_calls=7403
KM_PROF seeding query 16850/32510 contexts=85253 msgs_pending=3443799 saturate_calls=16853
KM_PROF seeding query 16900/32510 contexts=85516 msgs_pending=3453606 saturate_calls=16903
KM_PROF seeding query 7450/32509 contexts=23776 msgs_pending=1469020 saturate_calls=7453
KM_PROF seeding query 16950/32510 contexts=85842 msgs_pending=3468169 saturate_calls=16953
KM_PROF seeding query 17000/32510 contexts=86123 msgs_pending=3478112 saturate_calls=17003
KM_PROF seeding query 7500/32509 contexts=23831 msgs_pending=1475301 saturate_calls=7503
KM_PROF seeding query 17050/32510 contexts=86266 msgs_pending=3486054 saturate_calls=17053
KM_PROF seeding query 17100/32510 contexts=86362 msgs_pending=3494133 saturate_calls=17103
KM_PROF seeding query 17150/32510 contexts=86539 msgs_pending=3503383 saturate_calls=17153
KM_PROF seeding query 7550/32509 contexts=23886 msgs_pending=1481603 saturate_calls=7553
KM_PROF seeding query 17200/32510 contexts=86800 msgs_pending=3517762 saturate_calls=17203
KM_PROF seeding query 7600/32509 contexts=23940 msgs_pending=1487964 saturate_calls=7603
KM_PROF seeding query 17250/32510 contexts=87124 msgs_pending=3529601 saturate_calls=17253
KM_PROF seeding query 17300/32510 contexts=87386 msgs_pending=3540359 saturate_calls=17303
KM_PROF seeding query 7650/32509 contexts=23999 msgs_pending=1493943 saturate_calls=7653
KM_PROF seeding query 17350/32510 contexts=87681 msgs_pending=3553259 saturate_calls=17353
KM_PROF seeding query 17400/32510 contexts=87886 msgs_pending=3563560 saturate_calls=17403
KM_PROF seeding query 7700/32509 contexts=24053 msgs_pending=1500325 saturate_calls=7703
KM_PROF seeding query 17450/32510 contexts=88170 msgs_pending=3574396 saturate_calls=17453
KM_PROF seeding query 17500/32510 contexts=88442 msgs_pending=3585363 saturate_calls=17503
KM_PROF seeding query 7750/32509 contexts=24107 msgs_pending=1509004 saturate_calls=7753
KM_PROF seeding query 17550/32510 contexts=88704 msgs_pending=3596212 saturate_calls=17553
KM_PROF seeding query 17600/32510 contexts=88976 msgs_pending=3606700 saturate_calls=17603
KM_PROF seeding query 17650/32510 contexts=89221 msgs_pending=3616705 saturate_calls=17653
KM_PROF seeding query 7800/32509 contexts=24158 msgs_pending=1517906 saturate_calls=7803
KM_PROF seeding query 17700/32510 contexts=89458 msgs_pending=3626165 saturate_calls=17703
KM_PROF seeding query 17750/32510 contexts=89695 msgs_pending=3635972 saturate_calls=17753
KM_PROF seeding query 7850/32509 contexts=24212 msgs_pending=1526442 saturate_calls=7853
KM_PROF seeding query 17800/32510 contexts=89918 msgs_pending=3645996 saturate_calls=17803
KM_PROF seeding query 17850/32510 contexts=90140 msgs_pending=3657141 saturate_calls=17853
KM_PROF seeding query 17900/32510 contexts=90341 msgs_pending=3666369 saturate_calls=17903
KM_PROF seeding query 7900/32509 contexts=24268 msgs_pending=1534604 saturate_calls=7903
KM_PROF seeding query 17950/32510 contexts=90588 msgs_pending=3675441 saturate_calls=17953
KM_PROF seeding query 18000/32510 contexts=90817 msgs_pending=3682064 saturate_calls=18003
KM_PROF seeding query 18050/32510 contexts=91041 msgs_pending=3689979 saturate_calls=18053
KM_PROF seeding query 18100/32510 contexts=91238 msgs_pending=3696495 saturate_calls=18103
KM_PROF seeding query 7950/32509 contexts=24321 msgs_pending=1542916 saturate_calls=7953
KM_PROF seeding query 18150/32510 contexts=91455 msgs_pending=3704529 saturate_calls=18153
KM_PROF seeding query 18200/32510 contexts=91666 msgs_pending=3713387 saturate_calls=18203
KM_PROF seeding query 8000/32509 contexts=24383 msgs_pending=1550289 saturate_calls=8003
KM_PROF seeding query 18250/32510 contexts=91879 msgs_pending=3722621 saturate_calls=18253
KM_PROF seeding query 8050/32509 contexts=24436 msgs_pending=1558556 saturate_calls=8053
KM_PROF seeding query 18300/32510 contexts=92148 msgs_pending=3738778 saturate_calls=18303
KM_PROF seeding query 18350/32510 contexts=92318 msgs_pending=3750930 saturate_calls=18353
KM_PROF seeding query 8100/32509 contexts=24489 msgs_pending=1566838 saturate_calls=8103
KM_PROF seeding query 18400/32510 contexts=92524 msgs_pending=3762491 saturate_calls=18403
KM_PROF seeding query 18450/32510 contexts=92754 msgs_pending=3774474 saturate_calls=18453
KM_PROF seeding query 8150/32509 contexts=24544 msgs_pending=1574514 saturate_calls=8153
KM_PROF seeding query 18500/32510 contexts=92978 msgs_pending=3786308 saturate_calls=18503
KM_PROF seeding query 18550/32510 contexts=93182 msgs_pending=3793386 saturate_calls=18553
KM_PROF seeding query 8200/32509 contexts=24628 msgs_pending=1580345 saturate_calls=8203
KM_PROF seeding query 18600/32510 contexts=93420 msgs_pending=3804157 saturate_calls=18603
KM_PROF seeding query 18650/32510 contexts=93665 msgs_pending=3813214 saturate_calls=18653
KM_PROF seeding query 8250/32509 contexts=24721 msgs_pending=1586780 saturate_calls=8253
KM_PROF seeding query 18700/32510 contexts=93879 msgs_pending=3822223 saturate_calls=18703
KM_PROF seeding query 18750/32510 contexts=94085 msgs_pending=3833135 saturate_calls=18753
KM_PROF seeding query 8300/32509 contexts=24787 msgs_pending=1592727 saturate_calls=8303
KM_PROF seeding query 18800/32510 contexts=94312 msgs_pending=3845400 saturate_calls=18803
KM_PROF seeding query 18850/32510 contexts=94525 msgs_pending=3855561 saturate_calls=18853
KM_PROF seeding query 18900/32510 contexts=94738 msgs_pending=3866933 saturate_calls=18903
KM_PROF seeding query 8350/32509 contexts=24845 msgs_pending=1600730 saturate_calls=8353
KM_PROF seeding query 18950/32510 contexts=95022 msgs_pending=3880037 saturate_calls=18953
KM_PROF seeding query 19000/32510 contexts=95246 msgs_pending=3888718 saturate_calls=19003
KM_PROF seeding query 19050/32510 contexts=95481 msgs_pending=3898525 saturate_calls=19053
KM_PROF seeding query 8400/32509 contexts=24895 msgs_pending=1610036 saturate_calls=8403
KM_PROF seeding query 19100/32510 contexts=95707 msgs_pending=3908912 saturate_calls=19103
KM_PROF seeding query 19150/32510 contexts=95949 msgs_pending=3918632 saturate_calls=19153
KM_PROF seeding query 19200/32510 contexts=96178 msgs_pending=3929216 saturate_calls=19203
KM_PROF seeding query 8450/32509 contexts=24949 msgs_pending=1618755 saturate_calls=8453
KM_PROF seeding query 19250/32510 contexts=96411 msgs_pending=3939340 saturate_calls=19253
KM_PROF seeding query 19300/32510 contexts=96632 msgs_pending=3949612 saturate_calls=19303
KM_PROF seeding query 19350/32510 contexts=96868 msgs_pending=3963693 saturate_calls=19353
KM_PROF seeding query 8500/32509 contexts=25000 msgs_pending=1627828 saturate_calls=8503
KM_PROF seeding query 19400/32510 contexts=97134 msgs_pending=3977540 saturate_calls=19403
KM_PROF seeding query 19450/32510 contexts=97367 msgs_pending=3990732 saturate_calls=19453
KM_PROF seeding query 8550/32509 contexts=25053 msgs_pending=1636627 saturate_calls=8553
KM_PROF seeding query 19500/32510 contexts=97584 msgs_pending=4002561 saturate_calls=19503
KM_PROF seeding query 19550/32510 contexts=97798 msgs_pending=4013256 saturate_calls=19553
KM_PROF seeding query 19600/32510 contexts=98000 msgs_pending=4024564 saturate_calls=19603
KM_PROF seeding query 8600/32509 contexts=25103 msgs_pending=1645798 saturate_calls=8603
KM_PROF seeding query 19650/32510 contexts=98280 msgs_pending=4034609 saturate_calls=19653
KM_PROF seeding query 8650/32509 contexts=25180 msgs_pending=1651591 saturate_calls=8653
KM_PROF seeding query 8700/32509 contexts=25280 msgs_pending=1654641 saturate_calls=8703
KM_PROF seeding query 8750/32509 contexts=25383 msgs_pending=1657754 saturate_calls=8753
KM_PROF seeding query 8800/32509 contexts=25488 msgs_pending=1660936 saturate_calls=8803
KM_PROF seeding query 19700/32510 contexts=98515 msgs_pending=4047641 saturate_calls=19703
KM_PROF seeding query 8850/32509 contexts=25645 msgs_pending=1665504 saturate_calls=8853
KM_PROF seeding query 8900/32509 contexts=25816 msgs_pending=1670654 saturate_calls=8903
KM_PROF seeding query 19750/32510 contexts=98724 msgs_pending=4059458 saturate_calls=19753
KM_PROF seeding query 8950/32509 contexts=25870 msgs_pending=1674118 saturate_calls=8953
KM_PROF seeding query 9000/32509 contexts=25926 msgs_pending=1677840 saturate_calls=9003
KM_PROF seeding query 9050/32509 contexts=26036 msgs_pending=1682324 saturate_calls=9053
KM_PROF seeding query 19800/32510 contexts=98939 msgs_pending=4070331 saturate_calls=19803
KM_PROF seeding query 9100/32509 contexts=26122 msgs_pending=1686376 saturate_calls=9103
KM_PROF seeding query 9150/32509 contexts=26243 msgs_pending=1691712 saturate_calls=9153
KM_PROF seeding query 9200/32509 contexts=26356 msgs_pending=1695962 saturate_calls=9203
KM_PROF seeding query 19850/32510 contexts=99115 msgs_pending=4080262 saturate_calls=19853
KM_PROF seeding query 9250/32509 contexts=26411 msgs_pending=1699726 saturate_calls=9253
KM_PROF seeding query 19900/32510 contexts=99341 msgs_pending=4089887 saturate_calls=19903
KM_PROF seeding query 9300/32509 contexts=26472 msgs_pending=1703641 saturate_calls=9303
KM_PROF seeding query 9350/32509 contexts=26528 msgs_pending=1707335 saturate_calls=9353
KM_PROF seeding query 19950/32510 contexts=99586 msgs_pending=4102626 saturate_calls=19953
KM_PROF seeding query 9400/32509 contexts=26590 msgs_pending=1711527 saturate_calls=9403
KM_PROF seeding query 9450/32509 contexts=26646 msgs_pending=1714818 saturate_calls=9453
KM_PROF seeding query 20000/32510 contexts=99806 msgs_pending=4115670 saturate_calls=20003
KM_PROF seeding query 9500/32509 contexts=26704 msgs_pending=1719766 saturate_calls=9503
KM_PROF seeding query 9550/32509 contexts=26755 msgs_pending=1723306 saturate_calls=9553
KM_PROF seeding query 9600/32509 contexts=26806 msgs_pending=1726884 saturate_calls=9603
KM_PROF seeding query 9650/32509 contexts=26858 msgs_pending=1730753 saturate_calls=9653
KM_PROF seeding query 20050/32510 contexts=100071 msgs_pending=4129822 saturate_calls=20053
KM_PROF seeding query 9700/32509 contexts=26910 msgs_pending=1734433 saturate_calls=9703
KM_PROF seeding query 20100/32510 contexts=100281 msgs_pending=4142603 saturate_calls=20103
KM_PROF seeding query 9750/32509 contexts=26975 msgs_pending=1739086 saturate_calls=9753
KM_PROF seeding query 9800/32509 contexts=27142 msgs_pending=1744682 saturate_calls=9803
KM_PROF seeding query 9850/32509 contexts=27266 msgs_pending=1749770 saturate_calls=9853
KM_PROF seeding query 9900/32509 contexts=27384 msgs_pending=1753932 saturate_calls=9903
KM_PROF seeding query 20150/32510 contexts=100495 msgs_pending=4155401 saturate_calls=20153
KM_PROF seeding query 9950/32509 contexts=27484 msgs_pending=1757907 saturate_calls=9953
KM_PROF seeding query 10000/32509 contexts=27543 msgs_pending=1762334 saturate_calls=10003
KM_PROF seeding query 20200/32510 contexts=100717 msgs_pending=4167109 saturate_calls=20203
KM_PROF seeding query 10050/32509 contexts=27646 msgs_pending=1767738 saturate_calls=10053
KM_PROF seeding query 20250/32510 contexts=100946 msgs_pending=4178510 saturate_calls=20253
KM_PROF seeding query 10100/32509 contexts=27942 msgs_pending=1773941 saturate_calls=10103
KM_PROF seeding query 10150/32509 contexts=28046 msgs_pending=1777463 saturate_calls=10153
KM_PROF seeding query 10200/32509 contexts=28187 msgs_pending=1781382 saturate_calls=10203
KM_PROF seeding query 10250/32509 contexts=28328 msgs_pending=1785375 saturate_calls=10253
KM_PROF seeding query 20300/32510 contexts=101142 msgs_pending=4188540 saturate_calls=20303
KM_PROF seeding query 10300/32509 contexts=28386 msgs_pending=1789648 saturate_calls=10303
KM_PROF seeding query 10350/32509 contexts=28437 msgs_pending=1792969 saturate_calls=10353
KM_PROF seeding query 10400/32509 contexts=28517 msgs_pending=1796915 saturate_calls=10403
KM_PROF seeding query 20350/32510 contexts=101363 msgs_pending=4198005 saturate_calls=20353
KM_PROF seeding query 10450/32509 contexts=28610 msgs_pending=1801467 saturate_calls=10453
KM_PROF seeding query 20400/32510 contexts=101593 msgs_pending=4207827 saturate_calls=20403
KM_PROF seeding query 10500/32509 contexts=28702 msgs_pending=1805985 saturate_calls=10503
KM_PROF seeding query 10550/32509 contexts=28818 msgs_pending=1810797 saturate_calls=10553
KM_PROF seeding query 20450/32510 contexts=101814 msgs_pending=4216414 saturate_calls=20453
KM_PROF seeding query 10600/32509 contexts=28959 msgs_pending=1816029 saturate_calls=10603
KM_PROF seeding query 10650/32509 contexts=29096 msgs_pending=1820588 saturate_calls=10653
KM_PROF seeding query 20500/32510 contexts=102049 msgs_pending=4227637 saturate_calls=20503
KM_PROF seeding query 10700/32509 contexts=29170 msgs_pending=1824837 saturate_calls=10703
KM_PROF seeding query 10750/32509 contexts=29237 msgs_pending=1829001 saturate_calls=10753
KM_PROF seeding query 20550/32510 contexts=102272 msgs_pending=4238558 saturate_calls=20553
KM_PROF seeding query 10800/32509 contexts=29319 msgs_pending=1832577 saturate_calls=10803
KM_PROF seeding query 20600/32510 contexts=102487 msgs_pending=4246857 saturate_calls=20603
KM_PROF seeding query 10850/32509 contexts=29380 msgs_pending=1836556 saturate_calls=10853
KM_PROF seeding query 20650/32510 contexts=102694 msgs_pending=4255643 saturate_calls=20653
KM_PROF seeding query 10900/32509 contexts=29471 msgs_pending=1841347 saturate_calls=10903
KM_PROF seeding query 20700/32510 contexts=102910 msgs_pending=4265010 saturate_calls=20703
KM_PROF seeding query 10950/32509 contexts=29542 msgs_pending=1846145 saturate_calls=10953
KM_PROF seeding query 20750/32510 contexts=103130 msgs_pending=4274023 saturate_calls=20753
KM_PROF seeding query 11000/32509 contexts=29604 msgs_pending=1850108 saturate_calls=11003
KM_PROF seeding query 11050/32509 contexts=29784 msgs_pending=1855146 saturate_calls=11053
KM_PROF seeding query 11100/32509 contexts=29914 msgs_pending=1859623 saturate_calls=11103
KM_PROF seeding query 20800/32510 contexts=103340 msgs_pending=4284960 saturate_calls=20803
KM_PROF seeding query 11150/32509 contexts=30082 msgs_pending=1865789 saturate_calls=11153
KM_PROF seeding query 20850/32510 contexts=103545 msgs_pending=4293483 saturate_calls=20853
KM_PROF seeding query 11200/32509 contexts=30171 msgs_pending=1869846 saturate_calls=11203
KM_PROF seeding query 11250/32509 contexts=30351 msgs_pending=1874272 saturate_calls=11253
KM_PROF seeding query 11300/32509 contexts=30523 msgs_pending=1877966 saturate_calls=11303
KM_PROF seeding query 11350/32509 contexts=30633 msgs_pending=1881575 saturate_calls=11353
KM_PROF seeding query 20900/32510 contexts=103747 msgs_pending=4301106 saturate_calls=20903
KM_PROF seeding query 11400/32509 contexts=30741 msgs_pending=1886674 saturate_calls=11403
KM_PROF seeding query 11450/32509 contexts=30853 msgs_pending=1890767 saturate_calls=11453
KM_PROF seeding query 11500/32509 contexts=30969 msgs_pending=1894346 saturate_calls=11503
KM_PROF seeding query 20950/32510 contexts=103950 msgs_pending=4309634 saturate_calls=20953
KM_PROF seeding query 11550/32509 contexts=31105 msgs_pending=1899338 saturate_calls=11553
KM_PROF seeding query 11600/32509 contexts=31299 msgs_pending=1904223 saturate_calls=11603
KM_PROF seeding query 21000/32510 contexts=104150 msgs_pending=4318687 saturate_calls=21003
KM_PROF seeding query 11650/32509 contexts=31446 msgs_pending=1910170 saturate_calls=11653
KM_PROF seeding query 11700/32509 contexts=31595 msgs_pending=1915000 saturate_calls=11703
KM_PROF seeding query 21050/32510 contexts=104361 msgs_pending=4327718 saturate_calls=21053
KM_PROF seeding query 11750/32509 contexts=31758 msgs_pending=1920254 saturate_calls=11753
KM_PROF seeding query 11800/32509 contexts=31891 msgs_pending=1925054 saturate_calls=11803
KM_PROF seeding query 11850/32509 contexts=32017 msgs_pending=1929104 saturate_calls=11853
KM_PROF seeding query 21100/32510 contexts=104549 msgs_pending=4338082 saturate_calls=21103
KM_PROF seeding query 11900/32509 contexts=32090 msgs_pending=1933102 saturate_calls=11903
KM_PROF seeding query 11950/32509 contexts=32225 msgs_pending=1938049 saturate_calls=11953
KM_PROF seeding query 12000/32509 contexts=32394 msgs_pending=1943553 saturate_calls=12003
KM_PROF seeding query 21150/32510 contexts=104771 msgs_pending=4348358 saturate_calls=21153
KM_PROF seeding query 12050/32509 contexts=32575 msgs_pending=1948846 saturate_calls=12053
KM_PROF seeding query 12100/32509 contexts=32729 msgs_pending=1954484 saturate_calls=12103
KM_PROF seeding query 21200/32510 contexts=104972 msgs_pending=4359807 saturate_calls=21203
KM_PROF seeding query 12150/32509 contexts=32929 msgs_pending=1961296 saturate_calls=12153
KM_PROF seeding query 12200/32509 contexts=33034 msgs_pending=1965416 saturate_calls=12203
KM_PROF seeding query 21250/32510 contexts=105181 msgs_pending=4370312 saturate_calls=21253
KM_PROF seeding query 12250/32509 contexts=33225 msgs_pending=1971016 saturate_calls=12253
KM_PROF seeding query 12300/32509 contexts=33393 msgs_pending=1976798 saturate_calls=12303
KM_PROF seeding query 12350/32509 contexts=33493 msgs_pending=1981011 saturate_calls=12353
KM_PROF seeding query 12400/32509 contexts=33584 msgs_pending=1984459 saturate_calls=12403
KM_PROF seeding query 12450/32509 contexts=33677 msgs_pending=1987546 saturate_calls=12453
KM_PROF seeding query 21300/32510 contexts=105380 msgs_pending=4382115 saturate_calls=21303
KM_PROF seeding query 12500/32509 contexts=33780 msgs_pending=1990965 saturate_calls=12503
KM_PROF seeding query 12550/32509 contexts=33908 msgs_pending=1995767 saturate_calls=12553
KM_PROF seeding query 12600/32509 contexts=33998 msgs_pending=1999183 saturate_calls=12603
KM_PROF seeding query 12650/32509 contexts=34098 msgs_pending=2003005 saturate_calls=12653
KM_PROF seeding query 21350/32510 contexts=105597 msgs_pending=4392884 saturate_calls=21353
KM_PROF seeding query 12700/32509 contexts=34230 msgs_pending=2008184 saturate_calls=12703
KM_PROF seeding query 12750/32509 contexts=34354 msgs_pending=2013053 saturate_calls=12753
KM_PROF seeding query 12800/32509 contexts=34480 msgs_pending=2016566 saturate_calls=12803
KM_PROF seeding query 21400/32510 contexts=105818 msgs_pending=4402670 saturate_calls=21403
KM_PROF seeding query 12850/32509 contexts=34590 msgs_pending=2020549 saturate_calls=12853
KM_PROF seeding query 12900/32509 contexts=34696 msgs_pending=2024338 saturate_calls=12903
KM_PROF seeding query 12950/32509 contexts=34778 msgs_pending=2027779 saturate_calls=12953
KM_PROF seeding query 13000/32509 contexts=34897 msgs_pending=2031654 saturate_calls=13003
KM_PROF seeding query 21450/32510 contexts=106040 msgs_pending=4412730 saturate_calls=21453
KM_PROF seeding query 13050/32509 contexts=35016 msgs_pending=2036243 saturate_calls=13053
KM_PROF seeding query 13100/32509 contexts=35085 msgs_pending=2039828 saturate_calls=13103
KM_PROF seeding query 21500/32510 contexts=106247 msgs_pending=4423028 saturate_calls=21503
KM_PROF seeding query 13150/32509 contexts=35140 msgs_pending=2043278 saturate_calls=13153
KM_PROF seeding query 13200/32509 contexts=35262 msgs_pending=2047125 saturate_calls=13203
KM_PROF seeding query 13250/32509 contexts=35386 msgs_pending=2051317 saturate_calls=13253
KM_PROF seeding query 13300/32509 contexts=35500 msgs_pending=2056292 saturate_calls=13303
KM_PROF seeding query 21550/32510 contexts=106457 msgs_pending=4434168 saturate_calls=21553
KM_PROF seeding query 13350/32509 contexts=35618 msgs_pending=2060408 saturate_calls=13353
KM_PROF seeding query 13400/32509 contexts=35733 msgs_pending=2064394 saturate_calls=13403
KM_PROF seeding query 13450/32509 contexts=35848 msgs_pending=2068046 saturate_calls=13453
KM_PROF seeding query 21600/32510 contexts=106665 msgs_pending=4443897 saturate_calls=21603
KM_PROF seeding query 13500/32509 contexts=35940 msgs_pending=2072345 saturate_calls=13503
KM_PROF seeding query 13550/32509 contexts=36022 msgs_pending=2077485 saturate_calls=13553
KM_PROF seeding query 21650/32510 contexts=106874 msgs_pending=4454447 saturate_calls=21653
KM_PROF seeding query 13600/32509 contexts=36125 msgs_pending=2080988 saturate_calls=13603
KM_PROF seeding query 13650/32509 contexts=36214 msgs_pending=2085023 saturate_calls=13653
KM_PROF seeding query 13700/32509 contexts=36345 msgs_pending=2089698 saturate_calls=13703
KM_PROF seeding query 13750/32509 contexts=36444 msgs_pending=2092789 saturate_calls=13753
KM_PROF seeding query 21700/32510 contexts=107087 msgs_pending=4463711 saturate_calls=21703
KM_PROF seeding query 13800/32509 contexts=36544 msgs_pending=2096298 saturate_calls=13803
KM_PROF seeding query 13850/32509 contexts=36643 msgs_pending=2100952 saturate_calls=13853
KM_PROF seeding query 13900/32509 contexts=36745 msgs_pending=2104934 saturate_calls=13903
KM_PROF seeding query 13950/32509 contexts=36924 msgs_pending=2109340 saturate_calls=13953
KM_PROF seeding query 21750/32510 contexts=107313 msgs_pending=4474107 saturate_calls=21753
KM_PROF seeding query 14000/32509 contexts=37021 msgs_pending=2114542 saturate_calls=14003
KM_PROF seeding query 21800/32510 contexts=107544 msgs_pending=4485504 saturate_calls=21803
KM_PROF seeding query 14050/32509 contexts=37138 msgs_pending=2119657 saturate_calls=14053
KM_PROF seeding query 21850/32510 contexts=107754 msgs_pending=4493402 saturate_calls=21853
KM_PROF seeding query 14100/32509 contexts=37268 msgs_pending=2125032 saturate_calls=14103
KM_PROF seeding query 14150/32509 contexts=37371 msgs_pending=2129628 saturate_calls=14153
KM_PROF seeding query 14200/32509 contexts=37453 msgs_pending=2133906 saturate_calls=14203
KM_PROF seeding query 21900/32510 contexts=107973 msgs_pending=4502243 saturate_calls=21903
KM_PROF seeding query 14250/32509 contexts=37553 msgs_pending=2136956 saturate_calls=14253
KM_PROF seeding query 14300/32509 contexts=37657 msgs_pending=2141129 saturate_calls=14303
KM_PROF seeding query 14350/32509 contexts=37748 msgs_pending=2144254 saturate_calls=14353
KM_PROF seeding query 14400/32509 contexts=37839 msgs_pending=2148114 saturate_calls=14403
KM_PROF seeding query 21950/32510 contexts=108173 msgs_pending=4511049 saturate_calls=21953
KM_PROF seeding query 14450/32509 contexts=37920 msgs_pending=2151708 saturate_calls=14453
KM_PROF seeding query 22000/32510 contexts=108383 msgs_pending=4519294 saturate_calls=22003
KM_PROF seeding query 14500/32509 contexts=38005 msgs_pending=2156682 saturate_calls=14503
KM_PROF seeding query 14550/32509 contexts=38120 msgs_pending=2160359 saturate_calls=14553
KM_PROF seeding query 14600/32509 contexts=38219 msgs_pending=2163650 saturate_calls=14603
KM_PROF seeding query 14650/32509 contexts=38319 msgs_pending=2166700 saturate_calls=14653
KM_PROF seeding query 14700/32509 contexts=38423 msgs_pending=2170003 saturate_calls=14703
KM_PROF seeding query 14750/32509 contexts=38523 msgs_pending=2173053 saturate_calls=14753
KM_PROF seeding query 14800/32509 contexts=38623 msgs_pending=2176103 saturate_calls=14803
KM_PROF seeding query 14850/32509 contexts=38723 msgs_pending=2179153 saturate_calls=14853
KM_PROF seeding query 22050/32510 contexts=108572 msgs_pending=4527799 saturate_calls=22053
KM_PROF seeding query 14900/32509 contexts=38810 msgs_pending=2183875 saturate_calls=14903
KM_PROF seeding query 14950/32509 contexts=38910 msgs_pending=2189001 saturate_calls=14953
KM_PROF seeding query 22100/32510 contexts=108807 msgs_pending=4539504 saturate_calls=22103
KM_PROF seeding query 15000/32509 contexts=38989 msgs_pending=2193473 saturate_calls=15003
KM_PROF seeding query 15050/32509 contexts=39069 msgs_pending=2197798 saturate_calls=15053
KM_PROF seeding query 22150/32510 contexts=109034 msgs_pending=4549549 saturate_calls=22153
KM_PROF seeding query 15100/32509 contexts=39159 msgs_pending=2201902 saturate_calls=15103
KM_PROF seeding query 22200/32510 contexts=109239 msgs_pending=4555984 saturate_calls=22203
KM_PROF seeding query 15150/32509 contexts=39282 msgs_pending=2207873 saturate_calls=15153
KM_PROF seeding query 15200/32509 contexts=39393 msgs_pending=2213082 saturate_calls=15203
KM_PROF seeding query 22250/32510 contexts=109455 msgs_pending=4563239 saturate_calls=22253
KM_PROF seeding query 15250/32509 contexts=39463 msgs_pending=2217906 saturate_calls=15253
KM_PROF seeding query 15300/32509 contexts=39558 msgs_pending=2222653 saturate_calls=15303
KM_PROF seeding query 22300/32510 contexts=109701 msgs_pending=4573678 saturate_calls=22303
KM_PROF seeding query 15350/32509 contexts=39681 msgs_pending=2227406 saturate_calls=15353
KM_PROF seeding query 15400/32509 contexts=39792 msgs_pending=2232404 saturate_calls=15403
KM_PROF seeding query 15450/32509 contexts=39902 msgs_pending=2237656 saturate_calls=15453
KM_PROF seeding query 22350/32510 contexts=109954 msgs_pending=4583079 saturate_calls=22353
KM_PROF seeding query 15500/32509 contexts=40007 msgs_pending=2241718 saturate_calls=15503
KM_PROF seeding query 15550/32509 contexts=40096 msgs_pending=2244816 saturate_calls=15553
KM_PROF seeding query 22400/32510 contexts=110193 msgs_pending=4592242 saturate_calls=22403
KM_PROF seeding query 15600/32509 contexts=40175 msgs_pending=2250393 saturate_calls=15603
KM_PROF seeding query 15650/32509 contexts=40269 msgs_pending=2253785 saturate_calls=15653
KM_PROF seeding query 15700/32509 contexts=40354 msgs_pending=2257162 saturate_calls=15703
KM_PROF seeding query 15750/32509 contexts=40451 msgs_pending=2260676 saturate_calls=15753
KM_PROF seeding query 22450/32510 contexts=110419 msgs_pending=4603498 saturate_calls=22453
KM_PROF seeding query 15800/32509 contexts=40564 msgs_pending=2265273 saturate_calls=15803
KM_PROF seeding query 22500/32510 contexts=110616 msgs_pending=4608444 saturate_calls=22503
KM_PROF seeding query 15850/32509 contexts=40703 msgs_pending=2271115 saturate_calls=15853
KM_PROF seeding query 22550/32510 contexts=110832 msgs_pending=4617015 saturate_calls=22553
KM_PROF seeding query 15900/32509 contexts=40832 msgs_pending=2277811 saturate_calls=15903
KM_PROF seeding query 22600/32510 contexts=111053 msgs_pending=4624150 saturate_calls=22603
KM_PROF seeding query 15950/32509 contexts=40991 msgs_pending=2282897 saturate_calls=15953
KM_PROF seeding query 16000/32509 contexts=41084 msgs_pending=2285965 saturate_calls=16003
KM_PROF seeding query 16050/32509 contexts=41178 msgs_pending=2289355 saturate_calls=16053
KM_PROF seeding query 16100/32509 contexts=41277 msgs_pending=2293657 saturate_calls=16103
KM_PROF seeding query 22650/32510 contexts=111287 msgs_pending=4634047 saturate_calls=22653
KM_PROF seeding query 16150/32509 contexts=41400 msgs_pending=2297997 saturate_calls=16153
KM_PROF seeding query 16200/32509 contexts=41503 msgs_pending=2303018 saturate_calls=16203
KM_PROF seeding query 16250/32509 contexts=41570 msgs_pending=2306962 saturate_calls=16253
KM_PROF seeding query 22700/32510 contexts=111438 msgs_pending=4645452 saturate_calls=22703
KM_PROF seeding query 16300/32509 contexts=41668 msgs_pending=2312129 saturate_calls=16303
KM_PROF seeding query 16350/32509 contexts=41771 msgs_pending=2315533 saturate_calls=16353
KM_PROF seeding query 16400/32509 contexts=41871 msgs_pending=2318584 saturate_calls=16403
KM_PROF seeding query 16450/32509 contexts=41973 msgs_pending=2321899 saturate_calls=16453
KM_PROF seeding query 16500/32509 contexts=42072 msgs_pending=2324951 saturate_calls=16503
KM_PROF seeding query 16550/32509 contexts=42172 msgs_pending=2328002 saturate_calls=16553
KM_PROF seeding query 16600/32509 contexts=42267 msgs_pending=2331628 saturate_calls=16603
KM_PROF seeding query 16650/32509 contexts=42360 msgs_pending=2335000 saturate_calls=16653
KM_PROF seeding query 16700/32509 contexts=42441 msgs_pending=2338157 saturate_calls=16703
KM_PROF seeding query 16750/32509 contexts=42512 msgs_pending=2342469 saturate_calls=16753
KM_PROF seeding query 16800/32509 contexts=42598 msgs_pending=2346744 saturate_calls=16803
KM_PROF seeding query 16850/32509 contexts=42682 msgs_pending=2350292 saturate_calls=16853
KM_PROF seeding query 22750/32510 contexts=111651 msgs_pending=4666565 saturate_calls=22753
KM_PROF seeding query 16900/32509 contexts=42773 msgs_pending=2356244 saturate_calls=16903
KM_PROF seeding query 16950/32509 contexts=42865 msgs_pending=2359539 saturate_calls=16953
KM_PROF seeding query 17000/32509 contexts=42957 msgs_pending=2363438 saturate_calls=17003
KM_PROF seeding query 17050/32509 contexts=43064 msgs_pending=2366978 saturate_calls=17053
KM_PROF seeding query 17100/32509 contexts=43166 msgs_pending=2370044 saturate_calls=17103
KM_PROF seeding query 17150/32509 contexts=43267 msgs_pending=2373557 saturate_calls=17153
KM_PROF seeding query 17200/32509 contexts=43363 msgs_pending=2377809 saturate_calls=17203
KM_PROF seeding query 17250/32509 contexts=43467 msgs_pending=2381379 saturate_calls=17253
KM_PROF seeding query 17300/32509 contexts=43606 msgs_pending=2385198 saturate_calls=17303
KM_PROF seeding query 17350/32509 contexts=43699 msgs_pending=2388617 saturate_calls=17353
KM_PROF seeding query 22800/32510 contexts=111900 msgs_pending=4684554 saturate_calls=22803
KM_PROF seeding query 17400/32509 contexts=43796 msgs_pending=2391667 saturate_calls=17403
KM_PROF seeding query 17450/32509 contexts=43886 msgs_pending=2394745 saturate_calls=17453
KM_PROF seeding query 17500/32509 contexts=43994 msgs_pending=2398052 saturate_calls=17503
KM_PROF seeding query 17550/32509 contexts=44096 msgs_pending=2401372 saturate_calls=17553
KM_PROF seeding query 17600/32509 contexts=44198 msgs_pending=2405055 saturate_calls=17603
KM_PROF seeding query 17650/32509 contexts=44289 msgs_pending=2409256 saturate_calls=17653
KM_PROF seeding query 17700/32509 contexts=44389 msgs_pending=2413332 saturate_calls=17703
KM_PROF seeding query 17750/32509 contexts=44480 msgs_pending=2416552 saturate_calls=17753
KM_PROF seeding query 17800/32509 contexts=44560 msgs_pending=2420155 saturate_calls=17803
KM_PROF seeding query 22850/32510 contexts=112116 msgs_pending=4701660 saturate_calls=22853
KM_PROF seeding query 17850/32509 contexts=44655 msgs_pending=2424518 saturate_calls=17853
KM_PROF seeding query 17900/32509 contexts=44816 msgs_pending=2429071 saturate_calls=17903
KM_PROF seeding query 17950/32509 contexts=44928 msgs_pending=2433427 saturate_calls=17953
KM_PROF seeding query 18000/32509 contexts=45015 msgs_pending=2437037 saturate_calls=18003
KM_PROF seeding query 22900/32510 contexts=112360 msgs_pending=4713481 saturate_calls=22903
KM_PROF seeding query 18050/32509 contexts=45099 msgs_pending=2441338 saturate_calls=18053
KM_PROF seeding query 18100/32509 contexts=45169 msgs_pending=2445409 saturate_calls=18103
KM_PROF seeding query 18150/32509 contexts=45277 msgs_pending=2449949 saturate_calls=18153
KM_PROF seeding query 18200/32509 contexts=45378 msgs_pending=2454183 saturate_calls=18203
KM_PROF seeding query 18250/32509 contexts=45475 msgs_pending=2457478 saturate_calls=18253
KM_PROF seeding query 22950/32510 contexts=112586 msgs_pending=4726772 saturate_calls=22953
KM_PROF seeding query 18300/32509 contexts=45575 msgs_pending=2460529 saturate_calls=18303
KM_PROF seeding query 18350/32509 contexts=45672 msgs_pending=2463579 saturate_calls=18353
KM_PROF seeding query 18400/32509 contexts=45764 msgs_pending=2468008 saturate_calls=18403
KM_PROF seeding query 18450/32509 contexts=45867 msgs_pending=2472015 saturate_calls=18453
KM_PROF seeding query 18500/32509 contexts=46003 msgs_pending=2477256 saturate_calls=18503
KM_PROF seeding query 18550/32509 contexts=46094 msgs_pending=2480748 saturate_calls=18553
KM_PROF seeding query 18600/32509 contexts=46191 msgs_pending=2483810 saturate_calls=18603
KM_PROF seeding query 18650/32509 contexts=46293 msgs_pending=2489228 saturate_calls=18653
KM_PROF seeding query 23000/32510 contexts=112808 msgs_pending=4743532 saturate_calls=23003
KM_PROF seeding query 18700/32509 contexts=46390 msgs_pending=2493513 saturate_calls=18703
KM_PROF seeding query 18750/32509 contexts=46481 msgs_pending=2496627 saturate_calls=18753
KM_PROF seeding query 18800/32509 contexts=46573 msgs_pending=2500653 saturate_calls=18803
KM_PROF seeding query 18850/32509 contexts=46680 msgs_pending=2505508 saturate_calls=18853
KM_PROF seeding query 18900/32509 contexts=46772 msgs_pending=2509441 saturate_calls=18903
KM_PROF seeding query 18950/32509 contexts=46870 msgs_pending=2512497 saturate_calls=18953
KM_PROF seeding query 19000/32509 contexts=46986 msgs_pending=2516474 saturate_calls=19003
KM_PROF seeding query 19050/32509 contexts=47080 msgs_pending=2519718 saturate_calls=19053
KM_PROF seeding query 23050/32510 contexts=113057 msgs_pending=4757995 saturate_calls=23053
KM_PROF seeding query 19100/32509 contexts=47176 msgs_pending=2524077 saturate_calls=19103
KM_PROF seeding query 19150/32509 contexts=47281 msgs_pending=2528088 saturate_calls=19153
KM_PROF seeding query 19200/32509 contexts=47370 msgs_pending=2532142 saturate_calls=19203
KM_PROF seeding query 19250/32509 contexts=47457 msgs_pending=2535899 saturate_calls=19253
KM_PROF seeding query 19300/32509 contexts=47542 msgs_pending=2540080 saturate_calls=19303
KM_PROF seeding query 19350/32509 contexts=47637 msgs_pending=2543316 saturate_calls=19353
KM_PROF seeding query 19400/32509 contexts=47740 msgs_pending=2546913 saturate_calls=19403
KM_PROF seeding query 23100/32510 contexts=113275 msgs_pending=4770049 saturate_calls=23103
KM_PROF seeding query 19450/32509 contexts=47836 msgs_pending=2551545 saturate_calls=19453
KM_PROF seeding query 19500/32509 contexts=47927 msgs_pending=2554768 saturate_calls=19503
KM_PROF seeding query 19550/32509 contexts=48039 msgs_pending=2558912 saturate_calls=19553
KM_PROF seeding query 19600/32509 contexts=48146 msgs_pending=2562836 saturate_calls=19603
KM_PROF seeding query 19650/32509 contexts=48244 msgs_pending=2566121 saturate_calls=19653
KM_PROF seeding query 19700/32509 contexts=48329 msgs_pending=2569548 saturate_calls=19703
KM_PROF seeding query 19750/32509 contexts=48430 msgs_pending=2573315 saturate_calls=19753
KM_PROF seeding query 19800/32509 contexts=48533 msgs_pending=2577098 saturate_calls=19803
KM_PROF seeding query 23150/32510 contexts=113529 msgs_pending=4782495 saturate_calls=23153
KM_PROF seeding query 19850/32509 contexts=48623 msgs_pending=2580167 saturate_calls=19853
KM_PROF seeding query 19900/32509 contexts=48715 msgs_pending=2583971 saturate_calls=19903
KM_PROF seeding query 19950/32509 contexts=48822 msgs_pending=2587991 saturate_calls=19953
KM_PROF seeding query 20000/32509 contexts=48909 msgs_pending=2591275 saturate_calls=20003
KM_PROF seeding query 20050/32509 contexts=49006 msgs_pending=2595088 saturate_calls=20053
KM_PROF seeding query 20100/32509 contexts=49107 msgs_pending=2599228 saturate_calls=20103
KM_PROF seeding query 20150/32509 contexts=49194 msgs_pending=2602607 saturate_calls=20153
KM_PROF seeding query 20200/32509 contexts=49286 msgs_pending=2605876 saturate_calls=20203
KM_PROF seeding query 23200/32510 contexts=113741 msgs_pending=4795451 saturate_calls=23203
KM_PROF seeding query 20250/32509 contexts=49382 msgs_pending=2610664 saturate_calls=20253
KM_PROF seeding query 20300/32509 contexts=49496 msgs_pending=2614876 saturate_calls=20303
KM_PROF seeding query 20350/32509 contexts=49594 msgs_pending=2618536 saturate_calls=20353
KM_PROF seeding query 20400/32509 contexts=49687 msgs_pending=2621588 saturate_calls=20403
KM_PROF seeding query 20450/32509 contexts=49789 msgs_pending=2624971 saturate_calls=20453
KM_PROF seeding query 20500/32509 contexts=49890 msgs_pending=2628702 saturate_calls=20503
KM_PROF seeding query 23250/32510 contexts=113969 msgs_pending=4808919 saturate_calls=23253
KM_PROF seeding query 20550/32509 contexts=50047 msgs_pending=2632639 saturate_calls=20553
KM_PROF seeding query 20600/32509 contexts=50151 msgs_pending=2636943 saturate_calls=20603
KM_PROF seeding query 20650/32509 contexts=50241 msgs_pending=2640855 saturate_calls=20653
KM_PROF seeding query 20700/32509 contexts=50335 msgs_pending=2645387 saturate_calls=20703
KM_PROF seeding query 23300/32510 contexts=114174 msgs_pending=4818706 saturate_calls=23303
KM_PROF seeding query 20750/32509 contexts=50423 msgs_pending=2649467 saturate_calls=20753
KM_PROF seeding query 20800/32509 contexts=50513 msgs_pending=2654435 saturate_calls=20803
KM_PROF seeding query 20850/32509 contexts=50607 msgs_pending=2658039 saturate_calls=20853
KM_PROF seeding query 20900/32509 contexts=50705 msgs_pending=2661759 saturate_calls=20903
KM_PROF seeding query 20950/32509 contexts=50809 msgs_pending=2665120 saturate_calls=20953
KM_PROF seeding query 21000/32509 contexts=50900 msgs_pending=2668555 saturate_calls=21003
KM_PROF seeding query 21050/32509 contexts=50985 msgs_pending=2671610 saturate_calls=21053
KM_PROF seeding query 23350/32510 contexts=114388 msgs_pending=4828838 saturate_calls=23353
KM_PROF seeding query 21100/32509 contexts=51065 msgs_pending=2674670 saturate_calls=21103
KM_PROF seeding query 21150/32509 contexts=51189 msgs_pending=2678048 saturate_calls=21153
KM_PROF seeding query 21200/32509 contexts=51288 msgs_pending=2682224 saturate_calls=21203
KM_PROF seeding query 21250/32509 contexts=51372 msgs_pending=2686484 saturate_calls=21253
KM_PROF seeding query 23400/32510 contexts=114460 msgs_pending=4836922 saturate_calls=23403
KM_PROF seeding query 23450/32510 contexts=114518 msgs_pending=4842184 saturate_calls=23453
KM_PROF seeding query 21300/32509 contexts=51451 msgs_pending=2690886 saturate_calls=21303
KM_PROF seeding query 23500/32510 contexts=114611 msgs_pending=4848706 saturate_calls=23503
KM_PROF seeding query 21350/32509 contexts=51524 msgs_pending=2695222 saturate_calls=21353
KM_PROF seeding query 21400/32509 contexts=51605 msgs_pending=2699028 saturate_calls=21403
KM_PROF seeding query 21450/32509 contexts=51689 msgs_pending=2703362 saturate_calls=21453
KM_PROF seeding query 21500/32509 contexts=51785 msgs_pending=2708947 saturate_calls=21503
KM_PROF seeding query 23550/32510 contexts=114864 msgs_pending=4860759 saturate_calls=23553
KM_PROF seeding query 21550/32509 contexts=51883 msgs_pending=2713654 saturate_calls=21553
KM_PROF seeding query 21600/32509 contexts=51973 msgs_pending=2717849 saturate_calls=21603
KM_PROF seeding query 21650/32509 contexts=52050 msgs_pending=2722964 saturate_calls=21653
KM_PROF seeding query 21700/32509 contexts=52128 msgs_pending=2726794 saturate_calls=21703
KM_PROF seeding query 21750/32509 contexts=52209 msgs_pending=2729852 saturate_calls=21753
KM_PROF seeding query 21800/32509 contexts=52292 msgs_pending=2733598 saturate_calls=21803
KM_PROF seeding query 23600/32510 contexts=115153 msgs_pending=4872385 saturate_calls=23603
KM_PROF seeding query 21850/32509 contexts=52381 msgs_pending=2738048 saturate_calls=21853
KM_PROF seeding query 21900/32509 contexts=52469 msgs_pending=2741627 saturate_calls=21903
KM_PROF seeding query 23650/32510 contexts=115271 msgs_pending=4876741 saturate_calls=23653
KM_PROF seeding query 21950/32509 contexts=52554 msgs_pending=2745989 saturate_calls=21953
KM_PROF seeding query 23700/32510 contexts=115370 msgs_pending=4880293 saturate_calls=23703
KM_PROF seeding query 22000/32509 contexts=52638 msgs_pending=2750107 saturate_calls=22003
KM_PROF seeding query 22050/32509 contexts=52734 msgs_pending=2753914 saturate_calls=22053
KM_PROF seeding query 22100/32509 contexts=52833 msgs_pending=2758397 saturate_calls=22103
KM_PROF seeding query 22150/32509 contexts=52923 msgs_pending=2762973 saturate_calls=22153
KM_PROF seeding query 22200/32509 contexts=53027 msgs_pending=2767062 saturate_calls=22203
KM_PROF seeding query 22250/32509 contexts=53127 msgs_pending=2771367 saturate_calls=22253
KM_PROF seeding query 22300/32509 contexts=53214 msgs_pending=2775380 saturate_calls=22303
KM_PROF seeding query 22350/32509 contexts=53312 msgs_pending=2778651 saturate_calls=22353
KM_PROF seeding query 22400/32509 contexts=53414 msgs_pending=2781712 saturate_calls=22403
KM_PROF seeding query 22450/32509 contexts=53519 msgs_pending=2784784 saturate_calls=22453
KM_PROF seeding query 22500/32509 contexts=53623 msgs_pending=2787856 saturate_calls=22503
KM_PROF seeding query 22550/32509 contexts=53731 msgs_pending=2790953 saturate_calls=22553
KM_PROF seeding query 22600/32509 contexts=53831 msgs_pending=2794003 saturate_calls=22603
KM_PROF seeding query 22650/32509 contexts=53930 msgs_pending=2797053 saturate_calls=22653
KM_PROF seeding query 22700/32509 contexts=54030 msgs_pending=2800103 saturate_calls=22703
KM_PROF seeding query 22750/32509 contexts=54134 msgs_pending=2803175 saturate_calls=22753
KM_PROF seeding query 22800/32509 contexts=54234 msgs_pending=2806225 saturate_calls=22803
KM_PROF seeding query 22850/32509 contexts=54336 msgs_pending=2809286 saturate_calls=22853
KM_PROF seeding query 22900/32509 contexts=54438 msgs_pending=2812358 saturate_calls=22903
KM_PROF seeding query 22950/32509 contexts=54537 msgs_pending=2815408 saturate_calls=22953
KM_PROF seeding query 23000/32509 contexts=54637 msgs_pending=2818458 saturate_calls=23003
KM_PROF seeding query 23050/32509 contexts=54739 msgs_pending=2821519 saturate_calls=23053
KM_PROF seeding query 23100/32509 contexts=54838 msgs_pending=2824618 saturate_calls=23103
KM_PROF seeding query 23150/32509 contexts=54943 msgs_pending=2828820 saturate_calls=23153
KM_PROF seeding query 23750/32510 contexts=115506 msgs_pending=4892645 saturate_calls=23753
KM_PROF seeding query 23800/32510 contexts=115618 msgs_pending=4911447 saturate_calls=23803
KM_PROF seeding query 23850/32510 contexts=115791 msgs_pending=4932602 saturate_calls=23853
KM_PROF seeding query 23200/32509 contexts=55164 msgs_pending=2835968 saturate_calls=23203
KM_PROF seeding query 23900/32510 contexts=115931 msgs_pending=4953847 saturate_calls=23903
KM_PROF seeding query 23250/32509 contexts=55355 msgs_pending=2842944 saturate_calls=23253
KM_PROF seeding query 23950/32510 contexts=116184 msgs_pending=4969401 saturate_calls=23953
KM_PROF seeding query 23300/32509 contexts=55592 msgs_pending=2849987 saturate_calls=23303
KM_PROF seeding query 24000/32510 contexts=116392 msgs_pending=4989558 saturate_calls=24003
KM_PROF seeding query 23350/32509 contexts=55732 msgs_pending=2856642 saturate_calls=23353
KM_PROF seeding query 24050/32510 contexts=116621 msgs_pending=5010107 saturate_calls=24053
KM_PROF seeding query 23400/32509 contexts=55874 msgs_pending=2864529 saturate_calls=23403
KM_PROF seeding query 24100/32510 contexts=116799 msgs_pending=5030414 saturate_calls=24103
KM_PROF seeding query 23450/32509 contexts=55996 msgs_pending=2871788 saturate_calls=23453
KM_PROF seeding query 24150/32510 contexts=116946 msgs_pending=5040847 saturate_calls=24153
KM_PROF seeding query 24200/32510 contexts=117019 msgs_pending=5044531 saturate_calls=24203
KM_PROF seeding query 24250/32510 contexts=117103 msgs_pending=5047969 saturate_calls=24253
KM_PROF seeding query 23500/32509 contexts=56172 msgs_pending=2879050 saturate_calls=23503
KM_PROF seeding query 24300/32510 contexts=117165 msgs_pending=5053069 saturate_calls=24303
KM_PROF seeding query 23550/32509 contexts=56289 msgs_pending=2885571 saturate_calls=23553
KM_PROF seeding query 24350/32510 contexts=117228 msgs_pending=5058082 saturate_calls=24353
KM_PROF seeding query 24400/32510 contexts=117295 msgs_pending=5062202 saturate_calls=24403
KM_PROF seeding query 24450/32510 contexts=117361 msgs_pending=5065603 saturate_calls=24453
KM_PROF seeding query 23600/32509 contexts=56404 msgs_pending=2891857 saturate_calls=23603
KM_PROF seeding query 24500/32510 contexts=117444 msgs_pending=5069659 saturate_calls=24503
KM_PROF seeding query 24550/32510 contexts=117531 msgs_pending=5072881 saturate_calls=24553
KM_PROF seeding query 24600/32510 contexts=117618 msgs_pending=5076055 saturate_calls=24603
KM_PROF seeding query 24650/32510 contexts=117703 msgs_pending=5079224 saturate_calls=24653
KM_PROF seeding query 24700/32510 contexts=117794 msgs_pending=5083438 saturate_calls=24703
KM_PROF seeding query 24750/32510 contexts=117872 msgs_pending=5088283 saturate_calls=24753
KM_PROF seeding query 23650/32509 contexts=56551 msgs_pending=2898871 saturate_calls=23653
KM_PROF seeding query 24800/32510 contexts=117935 msgs_pending=5094810 saturate_calls=24803
KM_PROF seeding query 24850/32510 contexts=118059 msgs_pending=5100426 saturate_calls=24853
KM_PROF seeding query 23700/32509 contexts=56654 msgs_pending=2905697 saturate_calls=23703
KM_PROF seeding query 24900/32510 contexts=118268 msgs_pending=5109239 saturate_calls=24903
KM_PROF seeding query 24950/32510 contexts=118464 msgs_pending=5124403 saturate_calls=24953
KM_PROF seeding query 23750/32509 contexts=56758 msgs_pending=2912691 saturate_calls=23753
KM_PROF seeding query 25000/32510 contexts=118643 msgs_pending=5134517 saturate_calls=25003
KM_PROF seeding query 23800/32509 contexts=56898 msgs_pending=2919353 saturate_calls=23803
KM_PROF seeding query 25050/32510 contexts=118798 msgs_pending=5146986 saturate_calls=25053
KM_PROF seeding query 25100/32510 contexts=118969 msgs_pending=5156992 saturate_calls=25103
KM_PROF seeding query 25150/32510 contexts=119227 msgs_pending=5168052 saturate_calls=25153
KM_PROF seeding query 23850/32509 contexts=57017 msgs_pending=2926789 saturate_calls=23853
KM_PROF seeding query 25200/32510 contexts=119484 msgs_pending=5175818 saturate_calls=25203
KM_PROF seeding query 25250/32510 contexts=119676 msgs_pending=5187018 saturate_calls=25253
KM_PROF seeding query 23900/32509 contexts=57168 msgs_pending=2934027 saturate_calls=23903
KM_PROF seeding query 25300/32510 contexts=119868 msgs_pending=5197176 saturate_calls=25303
KM_PROF seeding query 25350/32510 contexts=120042 msgs_pending=5207396 saturate_calls=25353
KM_PROF seeding query 23950/32509 contexts=57361 msgs_pending=2941800 saturate_calls=23953
KM_PROF seeding query 25400/32510 contexts=120266 msgs_pending=5217546 saturate_calls=25403
KM_PROF seeding query 25450/32510 contexts=120490 msgs_pending=5228997 saturate_calls=25453
KM_PROF seeding query 24000/32509 contexts=57455 msgs_pending=2948398 saturate_calls=24003
KM_PROF seeding query 25500/32510 contexts=120709 msgs_pending=5243046 saturate_calls=25503
KM_PROF seeding query 25550/32510 contexts=120897 msgs_pending=5253622 saturate_calls=25553
KM_PROF seeding query 24050/32509 contexts=57717 msgs_pending=2955803 saturate_calls=24053
KM_PROF seeding query 25600/32510 contexts=121096 msgs_pending=5265392 saturate_calls=25603
KM_PROF seeding query 25650/32510 contexts=121328 msgs_pending=5278102 saturate_calls=25653
KM_PROF seeding query 25700/32510 contexts=121563 msgs_pending=5292193 saturate_calls=25703
KM_PROF seeding query 24100/32509 contexts=57970 msgs_pending=2963376 saturate_calls=24103
KM_PROF seeding query 25750/32510 contexts=121771 msgs_pending=5304601 saturate_calls=25753
KM_PROF seeding query 24150/32509 contexts=58066 msgs_pending=2969904 saturate_calls=24153
KM_PROF seeding query 25800/32510 contexts=122014 msgs_pending=5316733 saturate_calls=25803
KM_PROF seeding query 25850/32510 contexts=122235 msgs_pending=5328434 saturate_calls=25853
KM_PROF seeding query 24200/32509 contexts=58282 msgs_pending=2977824 saturate_calls=24203
KM_PROF seeding query 25900/32510 contexts=122436 msgs_pending=5339562 saturate_calls=25903
KM_PROF seeding query 25950/32510 contexts=122653 msgs_pending=5348964 saturate_calls=25953
KM_PROF seeding query 24250/32509 contexts=58408 msgs_pending=2984622 saturate_calls=24253
KM_PROF seeding query 26000/32510 contexts=122854 msgs_pending=5357319 saturate_calls=26003
KM_PROF seeding query 26050/32510 contexts=123050 msgs_pending=5368363 saturate_calls=26053
KM_PROF seeding query 26100/32510 contexts=123237 msgs_pending=5378696 saturate_calls=26103
KM_PROF seeding query 24300/32509 contexts=58558 msgs_pending=2992343 saturate_calls=24303
KM_PROF seeding query 26150/32510 contexts=123437 msgs_pending=5388607 saturate_calls=26153
KM_PROF seeding query 26200/32510 contexts=123674 msgs_pending=5398451 saturate_calls=26203
KM_PROF seeding query 26250/32510 contexts=123824 msgs_pending=5406635 saturate_calls=26253
KM_PROF seeding query 26300/32510 contexts=123998 msgs_pending=5415545 saturate_calls=26303
KM_PROF seeding query 24350/32509 contexts=58745 msgs_pending=2999838 saturate_calls=24353
KM_PROF seeding query 26350/32510 contexts=124237 msgs_pending=5423582 saturate_calls=26353
KM_PROF seeding query 26400/32510 contexts=124521 msgs_pending=5433118 saturate_calls=26403
KM_PROF seeding query 26450/32510 contexts=124703 msgs_pending=5444093 saturate_calls=26453
KM_PROF seeding query 24400/32509 contexts=58877 msgs_pending=3007458 saturate_calls=24403
KM_PROF seeding query 26500/32510 contexts=124892 msgs_pending=5453810 saturate_calls=26503
KM_PROF seeding query 26550/32510 contexts=125091 msgs_pending=5461488 saturate_calls=26553
KM_PROF seeding query 26600/32510 contexts=125264 msgs_pending=5471069 saturate_calls=26603
KM_PROF seeding query 24450/32509 contexts=59010 msgs_pending=3014604 saturate_calls=24453
KM_PROF seeding query 26650/32510 contexts=125397 msgs_pending=5479533 saturate_calls=26653
KM_PROF seeding query 24500/32509 contexts=59154 msgs_pending=3021490 saturate_calls=24503
KM_PROF seeding query 26700/32510 contexts=125557 msgs_pending=5489390 saturate_calls=26703
KM_PROF seeding query 26750/32510 contexts=125785 msgs_pending=5498418 saturate_calls=26753
KM_PROF seeding query 26800/32510 contexts=126008 msgs_pending=5509222 saturate_calls=26803
KM_PROF seeding query 26850/32510 contexts=126182 msgs_pending=5524092 saturate_calls=26853
KM_PROF seeding query 26900/32510 contexts=126398 msgs_pending=5535882 saturate_calls=26903
KM_PROF seeding query 26950/32510 contexts=126603 msgs_pending=5547295 saturate_calls=26953
KM_PROF seeding query 27000/32510 contexts=126805 msgs_pending=5557534 saturate_calls=27003
KM_PROF seeding query 27050/32510 contexts=127015 msgs_pending=5568614 saturate_calls=27053
KM_PROF seeding query 27100/32510 contexts=127237 msgs_pending=5579229 saturate_calls=27103
KM_PROF seeding query 27150/32510 contexts=127457 msgs_pending=5589030 saturate_calls=27153
KM_PROF seeding query 27200/32510 contexts=127681 msgs_pending=5598934 saturate_calls=27203
KM_PROF seeding query 27250/32510 contexts=127903 msgs_pending=5608817 saturate_calls=27253
KM_PROF seeding query 27300/32510 contexts=128127 msgs_pending=5619282 saturate_calls=27303
KM_PROF seeding query 27350/32510 contexts=128361 msgs_pending=5629756 saturate_calls=27353
KM_PROF seeding query 27400/32510 contexts=128588 msgs_pending=5638503 saturate_calls=27403
KM_PROF seeding query 27450/32510 contexts=128822 msgs_pending=5650942 saturate_calls=27453
KM_PROF seeding query 27500/32510 contexts=129057 msgs_pending=5661438 saturate_calls=27503
KM_PROF seeding query 27550/32510 contexts=129255 msgs_pending=5671833 saturate_calls=27553
KM_PROF seeding query 27600/32510 contexts=129493 msgs_pending=5682831 saturate_calls=27603
KM_PROF seeding query 27650/32510 contexts=129722 msgs_pending=5692859 saturate_calls=27653
KM_PROF seeding query 27700/32510 contexts=129934 msgs_pending=5701595 saturate_calls=27703
KM_PROF seeding query 27750/32510 contexts=130138 msgs_pending=5712272 saturate_calls=27753
KM_PROF seeding query 27800/32510 contexts=130292 msgs_pending=5722627 saturate_calls=27803
KM_PROF seeding query 27850/32510 contexts=130512 msgs_pending=5732084 saturate_calls=27853
KM_PROF seeding query 27900/32510 contexts=130716 msgs_pending=5743866 saturate_calls=27903
KM_PROF seeding query 27950/32510 contexts=130950 msgs_pending=5755743 saturate_calls=27953
KM_PROF seeding query 28000/32510 contexts=131179 msgs_pending=5766697 saturate_calls=28003
KM_PROF seeding query 28050/32510 contexts=131376 msgs_pending=5776011 saturate_calls=28053
KM_PROF seeding query 28100/32510 contexts=131602 msgs_pending=5785950 saturate_calls=28103
KM_PROF seeding query 28150/32510 contexts=131836 msgs_pending=5796703 saturate_calls=28153
KM_PROF seeding query 28200/32510 contexts=132054 msgs_pending=5806734 saturate_calls=28203
KM_PROF seeding query 28250/32510 contexts=132285 msgs_pending=5817158 saturate_calls=28253
KM_PROF seeding query 28300/32510 contexts=132506 msgs_pending=5826435 saturate_calls=28303
KM_PROF seeding query 28350/32510 contexts=132740 msgs_pending=5835664 saturate_calls=28353
KM_PROF seeding query 28400/32510 contexts=132990 msgs_pending=5846398 saturate_calls=28403
KM_PROF seeding query 28450/32510 contexts=133229 msgs_pending=5860602 saturate_calls=28453
KM_PROF seeding query 28500/32510 contexts=133453 msgs_pending=5875088 saturate_calls=28503
KM_PROF seeding query 28550/32510 contexts=133698 msgs_pending=5890598 saturate_calls=28553
KM_PROF seeding query 28600/32510 contexts=133926 msgs_pending=5904518 saturate_calls=28603
KM_PROF seeding query 28650/32510 contexts=134158 msgs_pending=5917840 saturate_calls=28653
KM_PROF seeding query 28700/32510 contexts=134403 msgs_pending=5931475 saturate_calls=28703
KM_PROF seeding query 28750/32510 contexts=134633 msgs_pending=5941494 saturate_calls=28753
KM_PROF seeding query 28800/32510 contexts=134857 msgs_pending=5952096 saturate_calls=28803
KM_PROF seeding query 28850/32510 contexts=135092 msgs_pending=5963568 saturate_calls=28853
KM_PROF seeding query 28900/32510 contexts=135323 msgs_pending=5977762 saturate_calls=28903
KM_PROF seeding query 28950/32510 contexts=135557 msgs_pending=5988910 saturate_calls=28953
KM_PROF seeding query 29000/32510 contexts=135793 msgs_pending=6006443 saturate_calls=29003
KM_PROF seeding query 29050/32510 contexts=136008 msgs_pending=6021128 saturate_calls=29053
KM_PROF seeding query 29100/32510 contexts=136245 msgs_pending=6035339 saturate_calls=29103
KM_PROF seeding query 29150/32510 contexts=136451 msgs_pending=6046918 saturate_calls=29153
KM_PROF seeding query 29200/32510 contexts=136654 msgs_pending=6055892 saturate_calls=29203
KM_PROF seeding query 29250/32510 contexts=136819 msgs_pending=6064895 saturate_calls=29253
KM_PROF seeding query 29300/32510 contexts=136990 msgs_pending=6074759 saturate_calls=29303
KM_PROF seeding query 29350/32510 contexts=137193 msgs_pending=6083937 saturate_calls=29353
KM_PROF seeding query 29400/32510 contexts=137408 msgs_pending=6094193 saturate_calls=29403
KM_PROF seeding query 29450/32510 contexts=137644 msgs_pending=6105415 saturate_calls=29453
KM_PROF seeding query 29500/32510 contexts=137877 msgs_pending=6114515 saturate_calls=29503
KM_PROF seeding query 29550/32510 contexts=138100 msgs_pending=6127442 saturate_calls=29553
KM_PROF seeding query 29600/32510 contexts=138298 msgs_pending=6139168 saturate_calls=29603
KM_PROF seeding query 29650/32510 contexts=138541 msgs_pending=6148821 saturate_calls=29653
KM_PROF seeding query 29700/32510 contexts=138781 msgs_pending=6159620 saturate_calls=29703
KM_PROF seeding query 29750/32510 contexts=139011 msgs_pending=6171126 saturate_calls=29753
KM_PROF seeding query 29800/32510 contexts=139236 msgs_pending=6181560 saturate_calls=29803
KM_PROF seeding query 29850/32510 contexts=139464 msgs_pending=6200761 saturate_calls=29853
KM_PROF seeding query 29900/32510 contexts=139708 msgs_pending=6223266 saturate_calls=29903
KM_PROF seeding query 29950/32510 contexts=139938 msgs_pending=6248322 saturate_calls=29953
KM_PROF seeding query 30000/32510 contexts=140171 msgs_pending=6265419 saturate_calls=30003
KM_PROF seeding query 30050/32510 contexts=140403 msgs_pending=6277343 saturate_calls=30053
KM_PROF seeding query 30100/32510 contexts=140652 msgs_pending=6296084 saturate_calls=30103
KM_PROF seeding query 30150/32510 contexts=140891 msgs_pending=6308749 saturate_calls=30153
KM_PROF seeding query 30200/32510 contexts=141122 msgs_pending=6325210 saturate_calls=30203
KM_PROF seeding query 30250/32510 contexts=141351 msgs_pending=6343069 saturate_calls=30253
KM_PROF seeding query 30300/32510 contexts=141589 msgs_pending=6358169 saturate_calls=30303
KM_PROF seeding query 30350/32510 contexts=141826 msgs_pending=6372912 saturate_calls=30353
KM_PROF seeding query 30400/32510 contexts=142071 msgs_pending=6386440 saturate_calls=30403
KM_PROF seeding query 30450/32510 contexts=142290 msgs_pending=6401975 saturate_calls=30453
KM_PROF seeding query 30500/32510 contexts=142518 msgs_pending=6415840 saturate_calls=30503
KM_PROF seeding query 30550/32510 contexts=142741 msgs_pending=6426368 saturate_calls=30553
KM_PROF seeding query 30600/32510 contexts=142980 msgs_pending=6438932 saturate_calls=30603
KM_PROF seeding query 30650/32510 contexts=143189 msgs_pending=6449027 saturate_calls=30653
KM_PROF seeding query 30700/32510 contexts=143427 msgs_pending=6459107 saturate_calls=30703
KM_PROF seeding query 30750/32510 contexts=143671 msgs_pending=6469359 saturate_calls=30753
KM_PROF seeding query 30800/32510 contexts=143910 msgs_pending=6482168 saturate_calls=30803
KM_PROF seeding query 30850/32510 contexts=144132 msgs_pending=6491523 saturate_calls=30853
KM_PROF seeding query 30900/32510 contexts=144362 msgs_pending=6502383 saturate_calls=30903
KM_PROF seeding query 30950/32510 contexts=144590 msgs_pending=6514959 saturate_calls=30953
KM_PROF seeding query 31000/32510 contexts=144830 msgs_pending=6527372 saturate_calls=31003
KM_PROF seeding query 31050/32510 contexts=145053 msgs_pending=6538249 saturate_calls=31053
KM_PROF seeding query 24550/32509 contexts=59406 msgs_pending=3029967 saturate_calls=24553
KM_PROF seeding query 31100/32510 contexts=145292 msgs_pending=6552990 saturate_calls=31103
KM_PROF seeding query 31150/32510 contexts=145520 msgs_pending=6564382 saturate_calls=31153
KM_PROF seeding query 31200/32510 contexts=145751 msgs_pending=6575135 saturate_calls=31203
KM_PROF seeding query 31250/32510 contexts=145970 msgs_pending=6586563 saturate_calls=31253
KM_PROF seeding query 31300/32510 contexts=146205 msgs_pending=6598137 saturate_calls=31303
KM_PROF seeding query 31350/32510 contexts=146413 msgs_pending=6610829 saturate_calls=31353
KM_PROF seeding query 31400/32510 contexts=146645 msgs_pending=6628336 saturate_calls=31403
KM_PROF seeding query 31450/32510 contexts=146872 msgs_pending=6641608 saturate_calls=31453
KM_PROF seeding query 31500/32510 contexts=147121 msgs_pending=6654929 saturate_calls=31503
KM_PROF seeding query 31550/32510 contexts=147349 msgs_pending=6668642 saturate_calls=31553
KM_PROF seeding query 31600/32510 contexts=147573 msgs_pending=6679486 saturate_calls=31603
KM_PROF seeding query 31650/32510 contexts=147749 msgs_pending=6691295 saturate_calls=31653
KM_PROF seeding query 31700/32510 contexts=147883 msgs_pending=6703014 saturate_calls=31703
KM_PROF seeding query 31750/32510 contexts=147966 msgs_pending=6706113 saturate_calls=31753
KM_PROF seeding query 31800/32510 contexts=148048 msgs_pending=6709261 saturate_calls=31803
KM_PROF seeding query 31850/32510 contexts=148129 msgs_pending=6712458 saturate_calls=31853
KM_PROF seeding query 31900/32510 contexts=148210 msgs_pending=6715712 saturate_calls=31903
KM_PROF seeding query 31950/32510 contexts=148291 msgs_pending=6718909 saturate_calls=31953
KM_PROF seeding query 32000/32510 contexts=148373 msgs_pending=6722057 saturate_calls=32003
KM_PROF seeding query 32050/32510 contexts=148456 msgs_pending=6725156 saturate_calls=32053
KM_PROF seeding query 32100/32510 contexts=148539 msgs_pending=6728255 saturate_calls=32103
KM_PROF seeding query 32150/32510 contexts=148621 msgs_pending=6731392 saturate_calls=32153
KM_PROF seeding query 32200/32510 contexts=148699 msgs_pending=6734811 saturate_calls=32203
KM_PROF seeding query 32250/32510 contexts=148867 msgs_pending=6739222 saturate_calls=32253
KM_PROF seeding query 32300/32510 contexts=148943 msgs_pending=6744515 saturate_calls=32303
KM_PROF seeding query 32350/32510 contexts=149024 msgs_pending=6748838 saturate_calls=32353
KM_PROF seeding query 32400/32510 contexts=149131 msgs_pending=6751968 saturate_calls=32403
KM_PROF seeding query 32450/32510 contexts=149195 msgs_pending=6757506 saturate_calls=32453
KM_PROF seeding query 32500/32510 contexts=149251 msgs_pending=6762775 saturate_calls=32503
KM_PROF seeded all 32510 queries; contexts=149263 msgs_pending=6763786 saturate_calls=32513
KM_PROF msgloop guard=20000 contexts=149264 msgs_pending=0 saturate_calls=32514 succ=19999 pred=0 ground_wo=663369
KM_PROF[time-ms] msgloop pred_payload=0.0 pred_arrival=0.0 propagate=9350.2 | add_clause=10670.5 (lookup=2342.9 fwdsub=1773.7 backsub=1533.8 index=2641.6) hyper=16103.0 (lookup=1625.8 candidates=6409.8 reduce=234.7 join=1986.8) subsume=1284.0 pred_local=200.8 eq=493.4 saturate=34310.5
KM_PROF msgloop guard=40000 contexts=149264 msgs_pending=0 saturate_calls=32514 succ=39999 pred=0 ground_wo=663369
KM_PROF[time-ms] msgloop pred_payload=0.0 pred_arrival=0.0 propagate=9350.2 | add_clause=10678.8 (lookup=2345.4 fwdsub=1777.7 backsub=1533.8 index=2641.6) hyper=16103.0 (lookup=1625.8 candidates=6409.8 reduce=234.7 join=1986.8) subsume=1284.0 pred_local=200.8 eq=493.4 saturate=34310.5
KM_PROF msgloop guard=60000 contexts=149264 msgs_pending=0 saturate_calls=32514 succ=59999 pred=0 ground_wo=663369
KM_PROF[time-ms] msgloop pred_payload=0.0 pred_arrival=0.0 propagate=9350.2 | add_clause=10686.8 (lookup=2347.7 fwdsub=1781.4 backsub=1533.8 index=2641.6) hyper=16103.0 (lookup=1625.8 candidates=6409.8 reduce=234.7 join=1986.8) subsume=1284.0 pred_local=200.8 eq=493.4 saturate=34310.5
KM_PROF msgloop guard=80000 contexts=149264 msgs_pending=0 saturate_calls=32514 succ=79999 pred=0 ground_wo=663369
KM_PROF[time-ms] msgloop pred_payload=0.0 pred_arrival=0.0 propagate=9350.2 | add_clause=10694.7 (lookup=2350.1 fwdsub=1785.1 backsub=1533.8 index=2641.6) hyper=16103.0 (lookup=1625.8 candidates=6409.8 reduce=234.7 join=1986.8) subsume=1284.0 pred_local=200.8 eq=493.4 saturate=34310.5
KM_PROF msgloop guard=100000 contexts=149264 msgs_pending=0 saturate_calls=32514 succ=99999 pred=0 ground_wo=663369
KM_PROF[time-ms] msgloop pred_payload=0.0 pred_arrival=0.0 propagate=9350.2 | add_clause=10702.6 (lookup=2352.5 fwdsub=1788.8 backsub=1533.8 index=2641.6) hyper=16103.0 (lookup=1625.8 candidates=6409.8 reduce=234.7 join=1986.8) subsume=1284.0 pred_local=200.8 eq=493.4 saturate=34310.5
KM_PROF msgloop guard=120000 contexts=149264 msgs_pending=0 saturate_calls=32514 succ=119999 pred=0 ground_wo=663369
KM_PROF[time-ms] msgloop pred_payload=0.0 pred_arrival=0.0 propagate=9350.2 | add_clause=10710.3 (lookup=2354.8 fwdsub=1792.3 backsub=1533.8 index=2641.6) hyper=16103.0 (lookup=1625.8 candidates=6409.8 reduce=234.7 join=1986.8) subsume=1284.0 pred_local=200.8 eq=493.4 saturate=34310.5
KM_PROF msgloop guard=140000 contexts=149264 msgs_pending=0 saturate_calls=32514 succ=139999 pred=0 ground_wo=663369
KM_PROF[time-ms] msgloop pred_payload=0.0 pred_arrival=0.0 propagate=9350.2 | add_clause=10717.8 (lookup=2357.1 fwdsub=1795.6 backsub=1533.8 index=2641.6) hyper=16103.0 (lookup=1625.8 candidates=6409.8 reduce=234.7 join=1986.8) subsume=1284.0 pred_local=200.8 eq=493.4 saturate=34310.5
KM_PROF msgloop guard=160000 contexts=149264 msgs_pending=0 saturate_calls=32514 succ=159999 pred=0 ground_wo=663369
KM_PROF[time-ms] msgloop pred_payload=0.0 pred_arrival=0.0 propagate=9350.2 | add_clause=10725.5 (lookup=2359.5 fwdsub=1799.1 backsub=1533.8 index=2641.6) hyper=16103.0 (lookup=1625.8 candidates=6409.8 reduce=234.7 join=1986.8) subsume=1284.0 pred_local=200.8 eq=493.4 saturate=34310.5
KM_PROF msgloop guard=180000 contexts=149264 msgs_pending=0 saturate_calls=32514 succ=179999 pred=0 ground_wo=663369
KM_PROF[time-ms] msgloop pred_payload=0.0 pred_arrival=0.0 propagate=9350.2 | add_clause=10733.3 (lookup=2361.8 fwdsub=1802.7 backsub=1533.8 index=2641.6) hyper=16103.0 (lookup=1625.8 candidates=6409.8 reduce=234.7 join=1986.8) subsume=1284.0 pred_local=200.8 eq=493.4 saturate=34310.5
KM_PROF msgloop guard=200000 contexts=149264 msgs_pending=0 saturate_calls=32514 succ=199999 pred=0 ground_wo=663369
KM_PROF[time-ms] msgloop pred_payload=0.0 pred_arrival=0.0 propagate=9350.2 | add_clause=10741.0 (lookup=2364.2 fwdsub=1806.2 backsub=1533.8 index=2641.6) hyper=16103.0 (lookup=1625.8 candidates=6409.8 reduce=234.7 join=1986.8) subsume=1284.0 pred_local=200.8 eq=493.4 saturate=34310.5
KM_PROF msgloop guard=220000 contexts=149264 msgs_pending=0 saturate_calls=32514 succ=219999 pred=0 ground_wo=663369
KM_PROF[time-ms] msgloop pred_payload=0.0 pred_arrival=0.0 propagate=9350.2 | add_clause=10748.8 (lookup=2366.5 fwdsub=1809.8 backsub=1533.8 index=2641.6) hyper=16103.0 (lookup=1625.8 candidates=6409.8 reduce=234.7 join=1986.8) subsume=1284.0 pred_local=200.8 eq=493.4 saturate=34310.5
KM_PROF msgloop guard=240000 contexts=149264 msgs_pending=0 saturate_calls=32514 succ=239999 pred=0 ground_wo=663369
KM_PROF[time-ms] msgloop pred_payload=0.0 pred_arrival=0.0 propagate=9350.2 | add_clause=10756.6 (lookup=2368.9 fwdsub=1813.3 backsub=1533.8 index=2641.6) hyper=16103.0 (lookup=1625.8 candidates=6409.8 reduce=234.7 join=1986.8) subsume=1284.0 pred_local=200.8 eq=493.4 saturate=34310.5
KM_PROF msgloop guard=260000 contexts=149264 msgs_pending=0 saturate_calls=32514 succ=259999 pred=0 ground_wo=663369
KM_PROF[time-ms] msgloop pred_payload=0.0 pred_arrival=0.0 propagate=9350.2 | add_clause=10764.4 (lookup=2371.2 fwdsub=1816.9 backsub=1533.8 index=2641.6) hyper=16103.0 (lookup=1625.8 candidates=6409.8 reduce=234.7 join=1986.8) subsume=1284.0 pred_local=200.8 eq=493.4 saturate=34310.5
KM_PROF msgloop guard=280000 contexts=149264 msgs_pending=0 saturate_calls=32514 succ=279999 pred=0 ground_wo=663369
KM_PROF[time-ms] msgloop pred_payload=0.0 pred_arrival=0.0 propagate=9350.2 | add_clause=10772.2 (lookup=2373.6 fwdsub=1820.5 backsub=1533.8 index=2641.6) hyper=16103.0 (lookup=1625.8 candidates=6409.8 reduce=234.7 join=1986.8) subsume=1284.0 pred_local=200.8 eq=493.4 saturate=34310.5
KM_PROF msgloop guard=300000 contexts=149264 msgs_pending=0 saturate_calls=32514 succ=299999 pred=0 ground_wo=663369
KM_PROF[time-ms] msgloop pred_payload=0.0 pred_arrival=0.0 propagate=9350.2 | add_clause=10780.1 (lookup=2376.0 fwdsub=1824.1 backsub=1533.8 index=2641.6) hyper=16103.0 (lookup=1625.8 candidates=6409.8 reduce=234.7 join=1986.8) subsume=1284.0 pred_local=200.8 eq=493.4 saturate=34310.5
KM_PROF msgloop guard=320000 contexts=149264 msgs_pending=0 saturate_calls=32514 succ=319999 pred=0 ground_wo=663369
KM_PROF[time-ms] msgloop pred_payload=0.0 pred_arrival=0.0 propagate=9350.2 | add_clause=10788.1 (lookup=2378.4 fwdsub=1827.9 backsub=1533.8 index=2641.6) hyper=16103.0 (lookup=1625.8 candidates=6409.8 reduce=234.7 join=1986.8) subsume=1284.0 pred_local=200.8 eq=493.4 saturate=34310.5
KM_PROF msgloop guard=340000 contexts=149264 msgs_pending=0 saturate_calls=32514 succ=339999 pred=0 ground_wo=663369
KM_PROF[time-ms] msgloop pred_payload=0.0 pred_arrival=0.0 propagate=9350.2 | add_clause=10796.5 (lookup=2380.8 fwdsub=1832.0 backsub=1533.8 index=2641.6) hyper=16103.0 (lookup=1625.8 candidates=6409.8 reduce=234.7 join=1986.8) subsume=1284.0 pred_local=200.8 eq=493.4 saturate=34310.5
KM_PROF msgloop guard=360000 contexts=149264 msgs_pending=0 saturate_calls=32514 succ=359999 pred=0 ground_wo=663369
KM_PROF[time-ms] msgloop pred_payload=0.0 pred_arrival=0.0 propagate=9350.2 | add_clause=10804.6 (lookup=2383.2 fwdsub=1835.8 backsub=1533.8 index=2641.6) hyper=16103.0 (lookup=1625.8 candidates=6409.8 reduce=234.7 join=1986.8) subsume=1284.0 pred_local=200.8 eq=493.4 saturate=34310.5
KM_PROF msgloop guard=380000 contexts=149264 msgs_pending=0 saturate_calls=32514 succ=379999 pred=0 ground_wo=663369
KM_PROF[time-ms] msgloop pred_payload=0.0 pred_arrival=0.0 propagate=9350.2 | add_clause=10812.6 (lookup=2385.6 fwdsub=1839.5 backsub=1533.8 index=2641.6) hyper=16103.0 (lookup=1625.8 candidates=6409.8 reduce=234.7 join=1986.8) subsume=1284.0 pred_local=200.8 eq=493.4 saturate=34310.5
KM_PROF msgloop guard=400000 contexts=149264 msgs_pending=0 saturate_calls=32514 succ=399999 pred=0 ground_wo=663369
KM_PROF[time-ms] msgloop pred_payload=0.0 pred_arrival=0.0 propagate=9350.2 | add_clause=10820.5 (lookup=2388.0 fwdsub=1843.2 backsub=1533.8 index=2641.6) hyper=16103.0 (lookup=1625.8 candidates=6409.8 reduce=234.7 join=1986.8) subsume=1284.0 pred_local=200.8 eq=493.4 saturate=34310.5
KM_PROF msgloop guard=420000 contexts=149264 msgs_pending=0 saturate_calls=32514 succ=419999 pred=0 ground_wo=663369
KM_PROF[time-ms] msgloop pred_payload=0.0 pred_arrival=0.0 propagate=9350.2 | add_clause=10828.4 (lookup=2390.4 fwdsub=1846.9 backsub=1533.8 index=2641.6) hyper=16103.0 (lookup=1625.8 candidates=6409.8 reduce=234.7 join=1986.8) subsume=1284.0 pred_local=200.8 eq=493.4 saturate=34310.5
KM_PROF msgloop guard=440000 contexts=149264 msgs_pending=0 saturate_calls=32514 succ=439999 pred=0 ground_wo=663369
KM_PROF[time-ms] msgloop pred_payload=0.0 pred_arrival=0.0 propagate=9350.2 | add_clause=10836.4 (lookup=2392.7 fwdsub=1850.7 backsub=1533.8 index=2641.6) hyper=16103.0 (lookup=1625.8 candidates=6409.8 reduce=234.7 join=1986.8) subsume=1284.0 pred_local=200.8 eq=493.4 saturate=34310.5
KM_PROF msgloop guard=460000 contexts=149264 msgs_pending=0 saturate_calls=32514 succ=459999 pred=0 ground_wo=663369
KM_PROF[time-ms] msgloop pred_payload=0.0 pred_arrival=0.0 propagate=9350.2 | add_clause=10843.5 (lookup=2395.0 fwdsub=1853.7 backsub=1533.8 index=2641.6) hyper=16103.0 (lookup=1625.8 candidates=6409.8 reduce=234.7 join=1986.8) subsume=1284.0 pred_local=200.8 eq=493.4 saturate=34310.5
KM_PROF msgloop guard=480000 contexts=149264 msgs_pending=0 saturate_calls=32514 succ=479999 pred=0 ground_wo=663369
KM_PROF[time-ms] msgloop pred_payload=0.0 pred_arrival=0.0 propagate=9350.2 | add_clause=10850.6 (lookup=2397.2 fwdsub=1856.7 backsub=1533.8 index=2641.6) hyper=16103.0 (lookup=1625.8 candidates=6409.8 reduce=234.7 join=1986.8) subsume=1284.0 pred_local=200.8 eq=493.4 saturate=34310.5
KM_PROF msgloop guard=500000 contexts=149264 msgs_pending=0 saturate_calls=32514 succ=499999 pred=0 ground_wo=663369
KM_PROF[time-ms] msgloop pred_payload=0.0 pred_arrival=0.0 propagate=9350.2 | add_clause=10857.6 (lookup=2399.4 fwdsub=1859.7 backsub=1533.8 index=2641.6) hyper=16103.0 (lookup=1625.8 candidates=6409.8 reduce=234.7 join=1986.8) subsume=1284.0 pred_local=200.8 eq=493.4 saturate=34310.5
KM_PROF msgloop guard=520000 contexts=149264 msgs_pending=0 saturate_calls=32514 succ=519999 pred=0 ground_wo=663369
KM_PROF[time-ms] msgloop pred_payload=0.0 pred_arrival=0.0 propagate=9350.2 | add_clause=10864.8 (lookup=2401.6 fwdsub=1862.8 backsub=1533.8 index=2641.6) hyper=16103.0 (lookup=1625.8 candidates=6409.8 reduce=234.7 join=1986.8) subsume=1284.0 pred_local=200.8 eq=493.4 saturate=34310.5
KM_PROF msgloop guard=540000 contexts=149264 msgs_pending=0 saturate_calls=32514 succ=539999 pred=0 ground_wo=663369
KM_PROF[time-ms] msgloop pred_payload=0.0 pred_arrival=0.0 propagate=9350.2 | add_clause=10871.9 (lookup=2403.8 fwdsub=1865.8 backsub=1533.8 index=2641.6) hyper=16103.0 (lookup=1625.8 candidates=6409.8 reduce=234.7 join=1986.8) subsume=1284.0 pred_local=200.8 eq=493.4 saturate=34310.5
KM_PROF msgloop guard=560000 contexts=149264 msgs_pending=0 saturate_calls=32514 succ=559999 pred=0 ground_wo=663369
KM_PROF[time-ms] msgloop pred_payload=0.0 pred_arrival=0.0 propagate=9350.2 | add_clause=10878.9 (lookup=2406.1 fwdsub=1868.6 backsub=1533.8 index=2641.6) hyper=16103.0 (lookup=1625.8 candidates=6409.8 reduce=234.7 join=1986.8) subsume=1284.0 pred_local=200.8 eq=493.4 saturate=34310.5
KM_PROF msgloop guard=580000 contexts=149264 msgs_pending=0 saturate_calls=32514 succ=579999 pred=0 ground_wo=663369
KM_PROF[time-ms] msgloop pred_payload=0.0 pred_arrival=0.0 propagate=9350.2 | add_clause=10886.2 (lookup=2408.3 fwdsub=1871.9 backsub=1533.8 index=2641.6) hyper=16103.0 (lookup=1625.8 candidates=6409.8 reduce=234.7 join=1986.8) subsume=1284.0 pred_local=200.8 eq=493.4 saturate=34310.5
KM_PROF msgloop guard=600000 contexts=149264 msgs_pending=0 saturate_calls=32514 succ=599999 pred=0 ground_wo=663369
KM_PROF[time-ms] msgloop pred_payload=0.0 pred_arrival=0.0 propagate=9350.2 | add_clause=10893.4 (lookup=2410.6 fwdsub=1875.0 backsub=1533.8 index=2641.6) hyper=16103.0 (lookup=1625.8 candidates=6409.8 reduce=234.7 join=1986.8) subsume=1284.0 pred_local=200.8 eq=493.4 saturate=34310.5
KM_PROF msgloop guard=620000 contexts=149264 msgs_pending=0 saturate_calls=32514 succ=619999 pred=0 ground_wo=663369
KM_PROF[time-ms] msgloop pred_payload=0.0 pred_arrival=0.0 propagate=9350.2 | add_clause=10900.6 (lookup=2412.8 fwdsub=1878.1 backsub=1533.8 index=2641.6) hyper=16103.0 (lookup=1625.8 candidates=6409.8 reduce=234.7 join=1986.8) subsume=1284.0 pred_local=200.8 eq=493.4 saturate=34310.5
KM_PROF msgloop guard=640000 contexts=149264 msgs_pending=0 saturate_calls=32514 succ=639999 pred=0 ground_wo=663369
KM_PROF[time-ms] msgloop pred_payload=0.0 pred_arrival=0.0 propagate=9350.2 | add_clause=10907.9 (lookup=2415.0 fwdsub=1881.3 backsub=1533.8 index=2641.6) hyper=16103.0 (lookup=1625.8 candidates=6409.8 reduce=234.7 join=1986.8) subsume=1284.0 pred_local=200.8 eq=493.4 saturate=34310.5
KM_PROF msgloop guard=660000 contexts=149264 msgs_pending=0 saturate_calls=32514 succ=659999 pred=0 ground_wo=663369
KM_PROF[time-ms] msgloop pred_payload=0.0 pred_arrival=0.0 propagate=9350.2 | add_clause=10915.0 (lookup=2417.3 fwdsub=1884.3 backsub=1533.8 index=2641.6) hyper=16103.0 (lookup=1625.8 candidates=6409.8 reduce=234.7 join=1986.8) subsume=1284.0 pred_local=200.8 eq=493.4 saturate=34310.5
KM_PROF msgloop guard=680000 contexts=149264 msgs_pending=0 saturate_calls=32514 succ=679999 pred=0 ground_wo=663369
KM_PROF[time-ms] msgloop pred_payload=0.0 pred_arrival=0.0 propagate=9350.2 | add_clause=10922.0 (lookup=2419.5 fwdsub=1887.1 backsub=1533.8 index=2641.6) hyper=16103.0 (lookup=1625.8 candidates=6409.8 reduce=234.7 join=1986.8) subsume=1284.0 pred_local=200.8 eq=493.4 saturate=34310.5
KM_PROF msgloop guard=700000 contexts=149264 msgs_pending=0 saturate_calls=32514 succ=699999 pred=0 ground_wo=663369
KM_PROF[time-ms] msgloop pred_payload=0.0 pred_arrival=0.0 propagate=9350.2 | add_clause=10929.3 (lookup=2421.7 fwdsub=1890.4 backsub=1533.8 index=2641.6) hyper=16103.0 (lookup=1625.8 candidates=6409.8 reduce=234.7 join=1986.8) subsume=1284.0 pred_local=200.8 eq=493.4 saturate=34310.5
KM_PROF msgloop guard=720000 contexts=149264 msgs_pending=0 saturate_calls=32514 succ=719999 pred=0 ground_wo=663369
KM_PROF[time-ms] msgloop pred_payload=0.0 pred_arrival=0.0 propagate=9350.2 | add_clause=10936.6 (lookup=2424.0 fwdsub=1893.6 backsub=1533.8 index=2641.6) hyper=16103.0 (lookup=1625.8 candidates=6409.8 reduce=234.7 join=1986.8) subsume=1284.0 pred_local=200.8 eq=493.4 saturate=34310.5
KM_PROF msgloop guard=740000 contexts=149264 msgs_pending=0 saturate_calls=32514 succ=739999 pred=0 ground_wo=663369
KM_PROF[time-ms] msgloop pred_payload=0.0 pred_arrival=0.0 propagate=9350.2 | add_clause=10943.8 (lookup=2426.2 fwdsub=1896.7 backsub=1533.8 index=2641.6) hyper=16103.0 (lookup=1625.8 candidates=6409.8 reduce=234.7 join=1986.8) subsume=1284.0 pred_local=200.8 eq=493.4 saturate=34310.5
KM_PROF msgloop guard=760000 contexts=149264 msgs_pending=0 saturate_calls=32514 succ=759999 pred=0 ground_wo=663369
KM_PROF[time-ms] msgloop pred_payload=0.0 pred_arrival=0.0 propagate=9350.2 | add_clause=10951.1 (lookup=2428.5 fwdsub=1899.9 backsub=1533.8 index=2641.6) hyper=16103.0 (lookup=1625.8 candidates=6409.8 reduce=234.7 join=1986.8) subsume=1284.0 pred_local=200.8 eq=493.4 saturate=34310.5
KM_PROF msgloop guard=780000 contexts=149264 msgs_pending=0 saturate_calls=32514 succ=779999 pred=0 ground_wo=663369
KM_PROF[time-ms] msgloop pred_payload=0.0 pred_arrival=0.0 propagate=9350.2 | add_clause=10958.3 (lookup=2430.7 fwdsub=1903.0 backsub=1533.8 index=2641.6) hyper=16103.0 (lookup=1625.8 candidates=6409.8 reduce=234.7 join=1986.8) subsume=1284.0 pred_local=200.8 eq=493.4 saturate=34310.5
KM_PROF msgloop guard=800000 contexts=149264 msgs_pending=0 saturate_calls=32514 succ=799999 pred=0 ground_wo=663369
KM_PROF[time-ms] msgloop pred_payload=0.0 pred_arrival=0.0 propagate=9350.2 | add_clause=10965.7 (lookup=2432.9 fwdsub=1906.2 backsub=1533.8 index=2641.6) hyper=16103.0 (lookup=1625.8 candidates=6409.8 reduce=234.7 join=1986.8) subsume=1284.0 pred_local=200.8 eq=493.4 saturate=34310.5
KM_PROF msgloop guard=820000 contexts=149264 msgs_pending=0 saturate_calls=32514 succ=819999 pred=0 ground_wo=663369
KM_PROF[time-ms] msgloop pred_payload=0.0 pred_arrival=0.0 propagate=9350.2 | add_clause=10972.9 (lookup=2435.2 fwdsub=1909.4 backsub=1533.8 index=2641.6) hyper=16103.0 (lookup=1625.8 candidates=6409.8 reduce=234.7 join=1986.8) subsume=1284.0 pred_local=200.8 eq=493.4 saturate=34310.5
KM_PROF msgloop guard=840000 contexts=149264 msgs_pending=0 saturate_calls=32514 succ=839999 pred=0 ground_wo=663369
KM_PROF[time-ms] msgloop pred_payload=0.0 pred_arrival=0.0 propagate=9350.2 | add_clause=10980.2 (lookup=2437.4 fwdsub=1912.6 backsub=1533.8 index=2641.6) hyper=16103.0 (lookup=1625.8 candidates=6409.8 reduce=234.7 join=1986.8) subsume=1284.0 pred_local=200.8 eq=493.4 saturate=34310.5
KM_PROF msgloop guard=860000 contexts=149264 msgs_pending=0 saturate_calls=32514 succ=859999 pred=0 ground_wo=663369
KM_PROF[time-ms] msgloop pred_payload=0.0 pred_arrival=0.0 propagate=9350.2 | add_clause=10987.5 (lookup=2439.7 fwdsub=1915.8 backsub=1533.8 index=2641.6) hyper=16103.0 (lookup=1625.8 candidates=6409.8 reduce=234.7 join=1986.8) subsume=1284.0 pred_local=200.8 eq=493.4 saturate=34310.5
KM_PROF msgloop guard=880000 contexts=149264 msgs_pending=0 saturate_calls=32514 succ=879999 pred=0 ground_wo=663369
KM_PROF[time-ms] msgloop pred_payload=0.0 pred_arrival=0.0 propagate=9350.2 | add_clause=10994.8 (lookup=2441.9 fwdsub=1918.9 backsub=1533.8 index=2641.6) hyper=16103.0 (lookup=1625.8 candidates=6409.8 reduce=234.7 join=1986.8) subsume=1284.0 pred_local=200.8 eq=493.4 saturate=34310.5
KM_PROF msgloop guard=900000 contexts=149264 msgs_pending=0 saturate_calls=32514 succ=899999 pred=0 ground_wo=663369
KM_PROF[time-ms] msgloop pred_payload=0.0 pred_arrival=0.0 propagate=9350.2 | add_clause=11002.4 (lookup=2444.2 fwdsub=1922.4 backsub=1533.8 index=2641.6) hyper=16103.0 (lookup=1625.8 candidates=6409.8 reduce=234.7 join=1986.8) subsume=1284.0 pred_local=200.8 eq=493.4 saturate=34310.5
KM_PROF msgloop guard=920000 contexts=149264 msgs_pending=0 saturate_calls=32514 succ=919999 pred=0 ground_wo=663369
KM_PROF[time-ms] msgloop pred_payload=0.0 pred_arrival=0.0 propagate=9350.2 | add_clause=11009.8 (lookup=2446.5 fwdsub=1925.7 backsub=1533.8 index=2641.6) hyper=16103.0 (lookup=1625.8 candidates=6409.8 reduce=234.7 join=1986.8) subsume=1284.0 pred_local=200.8 eq=493.4 saturate=34310.5
KM_PROF msgloop guard=940000 contexts=149264 msgs_pending=0 saturate_calls=32514 succ=939999 pred=0 ground_wo=663369
KM_PROF[time-ms] msgloop pred_payload=0.0 pred_arrival=0.0 propagate=9350.2 | add_clause=11017.3 (lookup=2448.7 fwdsub=1929.0 backsub=1533.8 index=2641.6) hyper=16103.0 (lookup=1625.8 candidates=6409.8 reduce=234.7 join=1986.8) subsume=1284.0 pred_local=200.8 eq=493.4 saturate=34310.5
KM_PROF msgloop guard=960000 contexts=149264 msgs_pending=0 saturate_calls=32514 succ=959999 pred=0 ground_wo=663369
KM_PROF[time-ms] msgloop pred_payload=0.0 pred_arrival=0.0 propagate=9350.2 | add_clause=11024.7 (lookup=2451.0 fwdsub=1932.3 backsub=1533.8 index=2641.6) hyper=16103.0 (lookup=1625.8 candidates=6409.8 reduce=234.7 join=1986.8) subsume=1284.0 pred_local=200.8 eq=493.4 saturate=34310.5
KM_PROF msgloop guard=980000 contexts=149264 msgs_pending=0 saturate_calls=32514 succ=979999 pred=0 ground_wo=663369
KM_PROF[time-ms] msgloop pred_payload=0.0 pred_arrival=0.0 propagate=9350.2 | add_clause=11032.2 (lookup=2453.3 fwdsub=1935.7 backsub=1533.8 index=2641.6) hyper=16103.0 (lookup=1625.8 candidates=6409.8 reduce=234.7 join=1986.8) subsume=1284.0 pred_local=200.8 eq=493.4 saturate=34310.5
KM_PROF msgloop guard=1000000 contexts=149264 msgs_pending=0 saturate_calls=32514 succ=999999 pred=0 ground_wo=663369
KM_PROF[time-ms] msgloop pred_payload=0.0 pred_arrival=0.0 propagate=9350.2 | add_clause=11039.8 (lookup=2455.6 fwdsub=1939.1 backsub=1533.8 index=2641.6) hyper=16103.0 (lookup=1625.8 candidates=6409.8 reduce=234.7 join=1986.8) subsume=1284.0 pred_local=200.8 eq=493.4 saturate=34310.5
KM_PROF msgloop guard=1020000 contexts=149264 msgs_pending=0 saturate_calls=32514 succ=1019999 pred=0 ground_wo=663369
KM_PROF[time-ms] msgloop pred_payload=0.0 pred_arrival=0.0 propagate=9350.2 | add_clause=11047.1 (lookup=2457.9 fwdsub=1942.2 backsub=1533.8 index=2641.6) hyper=16103.0 (lookup=1625.8 candidates=6409.8 reduce=234.7 join=1986.8) subsume=1284.0 pred_local=200.8 eq=493.4 saturate=34310.5
KM_PROF msgloop guard=1040000 contexts=149264 msgs_pending=0 saturate_calls=32514 succ=1039999 pred=0 ground_wo=663369
KM_PROF[time-ms] msgloop pred_payload=0.0 pred_arrival=0.0 propagate=9350.2 | add_clause=11054.4 (lookup=2460.2 fwdsub=1945.4 backsub=1533.8 index=2641.6) hyper=16103.0 (lookup=1625.8 candidates=6409.8 reduce=234.7 join=1986.8) subsume=1284.0 pred_local=200.8 eq=493.4 saturate=34310.5
KM_PROF msgloop guard=1060000 contexts=149264 msgs_pending=0 saturate_calls=32514 succ=1059999 pred=0 ground_wo=663369
KM_PROF[time-ms] msgloop pred_payload=0.0 pred_arrival=0.0 propagate=9350.2 | add_clause=11061.9 (lookup=2462.5 fwdsub=1948.7 backsub=1533.8 index=2641.6) hyper=16103.0 (lookup=1625.8 candidates=6409.8 reduce=234.7 join=1986.8) subsume=1284.0 pred_local=200.8 eq=493.4 saturate=34310.5
KM_PROF msgloop guard=1080000 contexts=149264 msgs_pending=0 saturate_calls=32514 succ=1079999 pred=0 ground_wo=663369
KM_PROF[time-ms] msgloop pred_payload=0.0 pred_arrival=0.0 propagate=9350.2 | add_clause=11069.2 (lookup=2464.8 fwdsub=1952.0 backsub=1533.8 index=2641.6) hyper=16103.0 (lookup=1625.8 candidates=6409.8 reduce=234.7 join=1986.8) subsume=1284.0 pred_local=200.8 eq=493.4 saturate=34310.5
KM_PROF msgloop guard=1100000 contexts=149264 msgs_pending=0 saturate_calls=32514 succ=1099999 pred=0 ground_wo=663369
KM_PROF[time-ms] msgloop pred_payload=0.0 pred_arrival=0.0 propagate=9350.2 | add_clause=11076.7 (lookup=2467.0 fwdsub=1955.2 backsub=1533.8 index=2641.6) hyper=16103.0 (lookup=1625.8 candidates=6409.8 reduce=234.7 join=1986.8) subsume=1284.0 pred_local=200.8 eq=493.4 saturate=34310.5
KM_PROF msgloop guard=1120000 contexts=149264 msgs_pending=0 saturate_calls=32514 succ=1119999 pred=0 ground_wo=663369
KM_PROF[time-ms] msgloop pred_payload=0.0 pred_arrival=0.0 propagate=9350.2 | add_clause=11084.1 (lookup=2469.3 fwdsub=1958.6 backsub=1533.8 index=2641.6) hyper=16103.0 (lookup=1625.8 candidates=6409.8 reduce=234.7 join=1986.8) subsume=1284.0 pred_local=200.8 eq=493.4 saturate=34310.5
KM_PROF msgloop guard=1140000 contexts=149264 msgs_pending=0 saturate_calls=32514 succ=1139999 pred=0 ground_wo=663369
KM_PROF[time-ms] msgloop pred_payload=0.0 pred_arrival=0.0 propagate=9350.2 | add_clause=11091.5 (lookup=2471.6 fwdsub=1961.8 backsub=1533.8 index=2641.6) hyper=16103.0 (lookup=1625.8 candidates=6409.8 reduce=234.7 join=1986.8) subsume=1284.0 pred_local=200.8 eq=493.4 saturate=34310.5
KM_PROF msgloop guard=1160000 contexts=149264 msgs_pending=0 saturate_calls=32514 succ=1159999 pred=0 ground_wo=663369
KM_PROF[time-ms] msgloop pred_payload=0.0 pred_arrival=0.0 propagate=9350.2 | add_clause=11098.9 (lookup=2473.9 fwdsub=1965.0 backsub=1533.8 index=2641.6) hyper=16103.0 (lookup=1625.8 candidates=6409.8 reduce=234.7 join=1986.8) subsume=1284.0 pred_local=200.8 eq=493.4 saturate=34310.5
KM_PROF msgloop guard=1180000 contexts=149264 msgs_pending=0 saturate_calls=32514 succ=1179999 pred=0 ground_wo=663369
KM_PROF[time-ms] msgloop pred_payload=0.0 pred_arrival=0.0 propagate=9350.2 | add_clause=11106.2 (lookup=2476.2 fwdsub=1968.2 backsub=1533.8 index=2641.6) hyper=16103.0 (lookup=1625.8 candidates=6409.8 reduce=234.7 join=1986.8) subsume=1284.0 pred_local=200.8 eq=493.4 saturate=34310.5
KM_PROF msgloop guard=1200000 contexts=149264 msgs_pending=0 saturate_calls=32514 succ=1199999 pred=0 ground_wo=663369
KM_PROF[time-ms] msgloop pred_payload=0.0 pred_arrival=0.0 propagate=9350.2 | add_clause=11113.6 (lookup=2478.5 fwdsub=1971.4 backsub=1533.8 index=2641.6) hyper=16103.0 (lookup=1625.8 candidates=6409.8 reduce=234.7 join=1986.8) subsume=1284.0 pred_local=200.8 eq=493.4 saturate=34310.5
KM_PROF msgloop guard=1220000 contexts=149264 msgs_pending=0 saturate_calls=32514 succ=1219999 pred=0 ground_wo=663369
KM_PROF[time-ms] msgloop pred_payload=0.0 pred_arrival=0.0 propagate=9350.2 | add_clause=11120.9 (lookup=2480.8 fwdsub=1974.6 backsub=1533.8 index=2641.6) hyper=16103.0 (lookup=1625.8 candidates=6409.8 reduce=234.7 join=1986.8) subsume=1284.0 pred_local=200.8 eq=493.4 saturate=34310.5
KM_PROF msgloop guard=1240000 contexts=149264 msgs_pending=0 saturate_calls=32514 succ=1239999 pred=0 ground_wo=663369
KM_PROF[time-ms] msgloop pred_payload=0.0 pred_arrival=0.0 propagate=9350.2 | add_clause=11128.1 (lookup=2483.0 fwdsub=1977.7 backsub=1533.8 index=2641.6) hyper=16103.0 (lookup=1625.8 candidates=6409.8 reduce=234.7 join=1986.8) subsume=1284.0 pred_local=200.8 eq=493.4 saturate=34310.5
KM_PROF msgloop guard=1260000 contexts=149264 msgs_pending=0 saturate_calls=32514 succ=1259999 pred=0 ground_wo=663369
KM_PROF[time-ms] msgloop pred_payload=0.0 pred_arrival=0.0 propagate=9350.2 | add_clause=11135.6 (lookup=2485.3 fwdsub=1981.0 backsub=1533.8 index=2641.6) hyper=16103.0 (lookup=1625.8 candidates=6409.8 reduce=234.7 join=1986.8) subsume=1284.0 pred_local=200.8 eq=493.4 saturate=34310.5
KM_PROF msgloop guard=1280000 contexts=149264 msgs_pending=0 saturate_calls=32514 succ=1279999 pred=0 ground_wo=663369
KM_PROF[time-ms] msgloop pred_payload=0.0 pred_arrival=0.0 propagate=9350.2 | add_clause=11142.8 (lookup=2487.6 fwdsub=1984.1 backsub=1533.8 index=2641.6) hyper=16103.0 (lookup=1625.8 candidates=6409.8 reduce=234.7 join=1986.8) subsume=1284.0 pred_local=200.8 eq=493.4 saturate=34310.5
KM_PROF msgloop guard=1300000 contexts=149264 msgs_pending=0 saturate_calls=32514 succ=1299999 pred=0 ground_wo=663369
KM_PROF[time-ms] msgloop pred_payload=0.0 pred_arrival=0.0 propagate=9350.2 | add_clause=11150.2 (lookup=2489.9 fwdsub=1987.3 backsub=1533.8 index=2641.6) hyper=16103.0 (lookup=1625.8 candidates=6409.8 reduce=234.7 join=1986.8) subsume=1284.0 pred_local=200.8 eq=493.4 saturate=34310.5
KM_PROF msgloop guard=1320000 contexts=149264 msgs_pending=0 saturate_calls=32514 succ=1319999 pred=0 ground_wo=663369
KM_PROF[time-ms] msgloop pred_payload=0.0 pred_arrival=0.0 propagate=9350.2 | add_clause=11157.6 (lookup=2492.2 fwdsub=1990.5 backsub=1533.8 index=2641.6) hyper=16103.0 (lookup=1625.8 candidates=6409.8 reduce=234.7 join=1986.8) subsume=1284.0 pred_local=200.8 eq=493.4 saturate=34310.5
KM_PROF msgloop guard=1340000 contexts=149264 msgs_pending=0 saturate_calls=32514 succ=1339999 pred=0 ground_wo=663369
KM_PROF[time-ms] msgloop pred_payload=0.0 pred_arrival=0.0 propagate=9350.2 | add_clause=11164.9 (lookup=2494.5 fwdsub=1993.6 backsub=1533.8 index=2641.6) hyper=16103.0 (lookup=1625.8 candidates=6409.8 reduce=234.7 join=1986.8) subsume=1284.0 pred_local=200.8 eq=493.4 saturate=34310.5
KM_PROF msgloop guard=1360000 contexts=149264 msgs_pending=0 saturate_calls=32514 succ=1359999 pred=0 ground_wo=663369
KM_PROF[time-ms] msgloop pred_payload=0.0 pred_arrival=0.0 propagate=9350.2 | add_clause=11172.1 (lookup=2496.8 fwdsub=1996.8 backsub=1533.8 index=2641.6) hyper=16103.0 (lookup=1625.8 candidates=6409.8 reduce=234.7 join=1986.8) subsume=1284.0 pred_local=200.8 eq=493.4 saturate=34310.5
KM_PROF msgloop guard=1380000 contexts=149264 msgs_pending=0 saturate_calls=32514 succ=1379999 pred=0 ground_wo=663369
KM_PROF[time-ms] msgloop pred_payload=0.0 pred_arrival=0.0 propagate=9350.2 | add_clause=11179.5 (lookup=2499.1 fwdsub=2000.0 backsub=1533.8 index=2641.6) hyper=16103.0 (lookup=1625.8 candidates=6409.8 reduce=234.7 join=1986.8) subsume=1284.0 pred_local=200.8 eq=493.4 saturate=34310.5
KM_PROF msgloop guard=1400000 contexts=149264 msgs_pending=0 saturate_calls=32514 succ=1399999 pred=0 ground_wo=663369
KM_PROF[time-ms] msgloop pred_payload=0.0 pred_arrival=0.0 propagate=9350.2 | add_clause=11186.8 (lookup=2501.4 fwdsub=2003.1 backsub=1533.8 index=2641.6) hyper=16103.0 (lookup=1625.8 candidates=6409.8 reduce=234.7 join=1986.8) subsume=1284.0 pred_local=200.8 eq=493.4 saturate=34310.5
KM_PROF msgloop guard=1420000 contexts=149264 msgs_pending=0 saturate_calls=32514 succ=1419999 pred=0 ground_wo=663369
KM_PROF[time-ms] msgloop pred_payload=0.0 pred_arrival=0.0 propagate=9350.2 | add_clause=11194.0 (lookup=2503.6 fwdsub=2006.2 backsub=1533.8 index=2641.6) hyper=16103.0 (lookup=1625.8 candidates=6409.8 reduce=234.7 join=1986.8) subsume=1284.0 pred_local=200.8 eq=493.4 saturate=34310.5
KM_PROF msgloop guard=1440000 contexts=149264 msgs_pending=0 saturate_calls=32514 succ=1439999 pred=0 ground_wo=663369
KM_PROF[time-ms] msgloop pred_payload=0.0 pred_arrival=0.0 propagate=9350.2 | add_clause=11201.2 (lookup=2505.9 fwdsub=2009.3 backsub=1533.8 index=2641.6) hyper=16103.0 (lookup=1625.8 candidates=6409.8 reduce=234.7 join=1986.8) subsume=1284.0 pred_local=200.8 eq=493.4 saturate=34310.5
KM_PROF msgloop guard=1460000 contexts=149264 msgs_pending=0 saturate_calls=32514 succ=1459999 pred=0 ground_wo=663369
KM_PROF[time-ms] msgloop pred_payload=0.0 pred_arrival=0.0 propagate=9350.2 | add_clause=11208.5 (lookup=2508.2 fwdsub=2012.4 backsub=1533.8 index=2641.6) hyper=16103.0 (lookup=1625.8 candidates=6409.8 reduce=234.7 join=1986.8) subsume=1284.0 pred_local=200.8 eq=493.4 saturate=34310.5
KM_PROF msgloop guard=1480000 contexts=149264 msgs_pending=0 saturate_calls=32514 succ=1479999 pred=0 ground_wo=663369
KM_PROF[time-ms] msgloop pred_payload=0.0 pred_arrival=0.0 propagate=9350.2 | add_clause=11215.9 (lookup=2510.5 fwdsub=2015.6 backsub=1533.8 index=2641.6) hyper=16103.0 (lookup=1625.8 candidates=6409.8 reduce=234.7 join=1986.8) subsume=1284.0 pred_local=200.8 eq=493.4 saturate=34310.5
KM_PROF msgloop guard=1500000 contexts=149264 msgs_pending=0 saturate_calls=32514 succ=1499999 pred=0 ground_wo=663369
KM_PROF[time-ms] msgloop pred_payload=0.0 pred_arrival=0.0 propagate=9350.2 | add_clause=11223.1 (lookup=2512.8 fwdsub=2018.7 backsub=1533.8 index=2641.6) hyper=16103.0 (lookup=1625.8 candidates=6409.8 reduce=234.7 join=1986.8) subsume=1284.0 pred_local=200.8 eq=493.4 saturate=34310.5
KM_PROF msgloop guard=1520000 contexts=149264 msgs_pending=0 saturate_calls=32514 succ=1519999 pred=0 ground_wo=663369
KM_PROF[time-ms] msgloop pred_payload=0.0 pred_arrival=0.0 propagate=9350.2 | add_clause=11230.4 (lookup=2515.1 fwdsub=2021.9 backsub=1533.8 index=2641.6) hyper=16103.0 (lookup=1625.8 candidates=6409.8 reduce=234.7 join=1986.8) subsume=1284.0 pred_local=200.8 eq=493.4 saturate=34310.5
KM_PROF msgloop guard=1540000 contexts=149264 msgs_pending=0 saturate_calls=32514 succ=1539999 pred=0 ground_wo=663369
KM_PROF[time-ms] msgloop pred_payload=0.0 pred_arrival=0.0 propagate=9350.2 | add_clause=11237.7 (lookup=2517.3 fwdsub=2025.0 backsub=1533.8 index=2641.6) hyper=16103.0 (lookup=1625.8 candidates=6409.8 reduce=234.7 join=1986.8) subsume=1284.0 pred_local=200.8 eq=493.4 saturate=34310.5
KM_PROF msgloop guard=1560000 contexts=149264 msgs_pending=0 saturate_calls=32514 succ=1559999 pred=0 ground_wo=663369
KM_PROF[time-ms] msgloop pred_payload=0.0 pred_arrival=0.0 propagate=9350.2 | add_clause=11245.0 (lookup=2519.6 fwdsub=2028.2 backsub=1533.8 index=2641.6) hyper=16103.0 (lookup=1625.8 candidates=6409.8 reduce=234.7 join=1986.8) subsume=1284.0 pred_local=200.8 eq=493.4 saturate=34310.5
KM_PROF msgloop guard=1580000 contexts=149264 msgs_pending=0 saturate_calls=32514 succ=1579999 pred=0 ground_wo=663369
KM_PROF[time-ms] msgloop pred_payload=0.0 pred_arrival=0.0 propagate=9350.2 | add_clause=11252.2 (lookup=2521.9 fwdsub=2031.3 backsub=1533.8 index=2641.6) hyper=16103.0 (lookup=1625.8 candidates=6409.8 reduce=234.7 join=1986.8) subsume=1284.0 pred_local=200.8 eq=493.4 saturate=34310.5
KM_PROF msgloop guard=1600000 contexts=149264 msgs_pending=0 saturate_calls=32514 succ=1599999 pred=0 ground_wo=663369
KM_PROF[time-ms] msgloop pred_payload=0.0 pred_arrival=0.0 propagate=9350.2 | add_clause=11259.6 (lookup=2524.2 fwdsub=2034.5 backsub=1533.8 index=2641.6) hyper=16103.0 (lookup=1625.8 candidates=6409.8 reduce=234.7 join=1986.8) subsume=1284.0 pred_local=200.8 eq=493.4 saturate=34310.5
KM_PROF msgloop guard=1620000 contexts=149264 msgs_pending=0 saturate_calls=32514 succ=1619999 pred=0 ground_wo=663369
KM_PROF[time-ms] msgloop pred_payload=0.0 pred_arrival=0.0 propagate=9350.2 | add_clause=11266.9 (lookup=2526.5 fwdsub=2037.6 backsub=1533.8 index=2641.6) hyper=16103.0 (lookup=1625.8 candidates=6409.8 reduce=234.7 join=1986.8) subsume=1284.0 pred_local=200.8 eq=493.4 saturate=34310.5
KM_PROF msgloop guard=1640000 contexts=149264 msgs_pending=0 saturate_calls=32514 succ=1639999 pred=0 ground_wo=663369
KM_PROF[time-ms] msgloop pred_payload=0.0 pred_arrival=0.0 propagate=9350.2 | add_clause=11274.1 (lookup=2528.8 fwdsub=2040.7 backsub=1533.8 index=2641.6) hyper=16103.0 (lookup=1625.8 candidates=6409.8 reduce=234.7 join=1986.8) subsume=1284.0 pred_local=200.8 eq=493.4 saturate=34310.5
KM_PROF msgloop guard=1660000 contexts=149264 msgs_pending=0 saturate_calls=32514 succ=1659999 pred=0 ground_wo=663369
KM_PROF[time-ms] msgloop pred_payload=0.0 pred_arrival=0.0 propagate=9350.2 | add_clause=11281.4 (lookup=2531.0 fwdsub=2043.9 backsub=1533.8 index=2641.6) hyper=16103.0 (lookup=1625.8 candidates=6409.8 reduce=234.7 join=1986.8) subsume=1284.0 pred_local=200.8 eq=493.4 saturate=34310.5
KM_PROF msgloop guard=1680000 contexts=149264 msgs_pending=0 saturate_calls=32514 succ=1679999 pred=0 ground_wo=663369
KM_PROF[time-ms] msgloop pred_payload=0.0 pred_arrival=0.0 propagate=9350.2 | add_clause=11288.8 (lookup=2533.3 fwdsub=2047.1 backsub=1533.8 index=2641.6) hyper=16103.0 (lookup=1625.8 candidates=6409.8 reduce=234.7 join=1986.8) subsume=1284.0 pred_local=200.8 eq=493.4 saturate=34310.5
KM_PROF msgloop guard=1700000 contexts=149264 msgs_pending=0 saturate_calls=32514 succ=1699999 pred=0 ground_wo=663369
KM_PROF[time-ms] msgloop pred_payload=0.0 pred_arrival=0.0 propagate=9350.2 | add_clause=11296.2 (lookup=2535.6 fwdsub=2050.3 backsub=1533.8 index=2641.6) hyper=16103.0 (lookup=1625.8 candidates=6409.8 reduce=234.7 join=1986.8) subsume=1284.0 pred_local=200.8 eq=493.4 saturate=34310.5
KM_PROF msgloop guard=1720000 contexts=149264 msgs_pending=0 saturate_calls=32514 succ=1719999 pred=0 ground_wo=663369
KM_PROF[time-ms] msgloop pred_payload=0.0 pred_arrival=0.0 propagate=9350.2 | add_clause=11303.5 (lookup=2537.9 fwdsub=2053.5 backsub=1533.8 index=2641.6) hyper=16103.0 (lookup=1625.8 candidates=6409.8 reduce=234.7 join=1986.8) subsume=1284.0 pred_local=200.8 eq=493.4 saturate=34310.5
KM_PROF msgloop guard=1740000 contexts=149264 msgs_pending=0 saturate_calls=32514 succ=1739999 pred=0 ground_wo=663369
KM_PROF[time-ms] msgloop pred_payload=0.0 pred_arrival=0.0 propagate=9350.2 | add_clause=11310.8 (lookup=2540.2 fwdsub=2056.7 backsub=1533.8 index=2641.6) hyper=16103.0 (lookup=1625.8 candidates=6409.8 reduce=234.7 join=1986.8) subsume=1284.0 pred_local=200.8 eq=493.4 saturate=34310.5
KM_PROF msgloop guard=1760000 contexts=149264 msgs_pending=0 saturate_calls=32514 succ=1759999 pred=0 ground_wo=663369
KM_PROF[time-ms] msgloop pred_payload=0.0 pred_arrival=0.0 propagate=9350.2 | add_clause=11318.2 (lookup=2542.5 fwdsub=2059.9 backsub=1533.8 index=2641.6) hyper=16103.0 (lookup=1625.8 candidates=6409.8 reduce=234.7 join=1986.8) subsume=1284.0 pred_local=200.8 eq=493.4 saturate=34310.5
KM_PROF msgloop guard=1780000 contexts=149264 msgs_pending=0 saturate_calls=32514 succ=1779999 pred=0 ground_wo=663369
KM_PROF[time-ms] msgloop pred_payload=0.0 pred_arrival=0.0 propagate=9350.2 | add_clause=11325.6 (lookup=2544.8 fwdsub=2063.2 backsub=1533.8 index=2641.6) hyper=16103.0 (lookup=1625.8 candidates=6409.8 reduce=234.7 join=1986.8) subsume=1284.0 pred_local=200.8 eq=493.4 saturate=34310.5
KM_PROF msgloop guard=1800000 contexts=149264 msgs_pending=0 saturate_calls=32514 succ=1799999 pred=0 ground_wo=663369
KM_PROF[time-ms] msgloop pred_payload=0.0 pred_arrival=0.0 propagate=9350.2 | add_clause=11333.1 (lookup=2547.1 fwdsub=2066.5 backsub=1533.8 index=2641.6) hyper=16103.0 (lookup=1625.8 candidates=6409.8 reduce=234.7 join=1986.8) subsume=1284.0 pred_local=200.8 eq=493.4 saturate=34310.5
KM_PROF msgloop guard=1820000 contexts=149264 msgs_pending=0 saturate_calls=32514 succ=1819999 pred=0 ground_wo=663369
KM_PROF[time-ms] msgloop pred_payload=0.0 pred_arrival=0.0 propagate=9350.2 | add_clause=11340.4 (lookup=2549.3 fwdsub=2069.7 backsub=1533.8 index=2641.6) hyper=16103.0 (lookup=1625.8 candidates=6409.8 reduce=234.7 join=1986.8) subsume=1284.0 pred_local=200.8 eq=493.4 saturate=34310.5
KM_PROF msgloop guard=1840000 contexts=149264 msgs_pending=0 saturate_calls=32514 succ=1839999 pred=0 ground_wo=663369
KM_PROF[time-ms] msgloop pred_payload=0.0 pred_arrival=0.0 propagate=9350.2 | add_clause=11347.8 (lookup=2551.6 fwdsub=2072.9 backsub=1533.8 index=2641.6) hyper=16103.0 (lookup=1625.8 candidates=6409.8 reduce=234.7 join=1986.8) subsume=1284.0 pred_local=200.8 eq=493.4 saturate=34310.5
KM_PROF msgloop guard=1860000 contexts=149264 msgs_pending=0 saturate_calls=32514 succ=1859999 pred=0 ground_wo=663369
KM_PROF[time-ms] msgloop pred_payload=0.0 pred_arrival=0.0 propagate=9350.2 | add_clause=11355.2 (lookup=2553.9 fwdsub=2076.1 backsub=1533.8 index=2641.6) hyper=16103.0 (lookup=1625.8 candidates=6409.8 reduce=234.7 join=1986.8) subsume=1284.0 pred_local=200.8 eq=493.4 saturate=34310.5
KM_PROF msgloop guard=1880000 contexts=149264 msgs_pending=0 saturate_calls=32514 succ=1879999 pred=0 ground_wo=663369
KM_PROF[time-ms] msgloop pred_payload=0.0 pred_arrival=0.0 propagate=9350.2 | add_clause=11362.6 (lookup=2556.2 fwdsub=2079.4 backsub=1533.8 index=2641.6) hyper=16103.0 (lookup=1625.8 candidates=6409.8 reduce=234.7 join=1986.8) subsume=1284.0 pred_local=200.8 eq=493.4 saturate=34310.5
KM_PROF msgloop guard=1900000 contexts=149264 msgs_pending=0 saturate_calls=32514 succ=1899999 pred=0 ground_wo=663369
KM_PROF[time-ms] msgloop pred_payload=0.0 pred_arrival=0.0 propagate=9350.2 | add_clause=11369.9 (lookup=2558.5 fwdsub=2082.6 backsub=1533.8 index=2641.6) hyper=16103.0 (lookup=1625.8 candidates=6409.8 reduce=234.7 join=1986.8) subsume=1284.0 pred_local=200.8 eq=493.4 saturate=34310.5
KM_PROF msgloop guard=1920000 contexts=149264 msgs_pending=0 saturate_calls=32514 succ=1919999 pred=0 ground_wo=663369
KM_PROF[time-ms] msgloop pred_payload=0.0 pred_arrival=0.0 propagate=9350.2 | add_clause=11377.4 (lookup=2560.8 fwdsub=2085.9 backsub=1533.8 index=2641.6) hyper=16103.0 (lookup=1625.8 candidates=6409.8 reduce=234.7 join=1986.8) subsume=1284.0 pred_local=200.8 eq=493.4 saturate=34310.5
KM_PROF msgloop guard=1940000 contexts=149264 msgs_pending=0 saturate_calls=32514 succ=1939999 pred=0 ground_wo=663369
KM_PROF[time-ms] msgloop pred_payload=0.0 pred_arrival=0.0 propagate=9350.2 | add_clause=11384.7 (lookup=2563.1 fwdsub=2089.0 backsub=1533.8 index=2641.6) hyper=16103.0 (lookup=1625.8 candidates=6409.8 reduce=234.7 join=1986.8) subsume=1284.0 pred_local=200.8 eq=493.4 saturate=34310.5
KM_PROF msgloop guard=1960000 contexts=149264 msgs_pending=0 saturate_calls=32514 succ=1959999 pred=0 ground_wo=663369
KM_PROF[time-ms] msgloop pred_payload=0.0 pred_arrival=0.0 propagate=9350.2 | add_clause=11392.0 (lookup=2565.4 fwdsub=2092.2 backsub=1533.8 index=2641.6) hyper=16103.0 (lookup=1625.8 candidates=6409.8 reduce=234.7 join=1986.8) subsume=1284.0 pred_local=200.8 eq=493.4 saturate=34310.5
KM_PROF msgloop guard=1980000 contexts=149264 msgs_pending=0 saturate_calls=32514 succ=1979999 pred=0 ground_wo=663369
KM_PROF[time-ms] msgloop pred_payload=0.0 pred_arrival=0.0 propagate=9350.2 | add_clause=11399.5 (lookup=2567.6 fwdsub=2095.6 backsub=1533.8 index=2641.6) hyper=16103.0 (lookup=1625.8 candidates=6409.8 reduce=234.7 join=1986.8) subsume=1284.0 pred_local=200.8 eq=493.4 saturate=34310.5
KM_PROF msgloop guard=2000000 contexts=149264 msgs_pending=0 saturate_calls=32514 succ=1999999 pred=0 ground_wo=663369
KM_PROF[time-ms] msgloop pred_payload=0.0 pred_arrival=0.0 propagate=9350.2 | add_clause=11406.9 (lookup=2569.9 fwdsub=2098.9 backsub=1533.8 index=2641.6) hyper=16103.0 (lookup=1625.8 candidates=6409.8 reduce=234.7 join=1986.8) subsume=1284.0 pred_local=200.8 eq=493.4 saturate=34310.5
KM_PROF msgloop guard=2020000 contexts=149264 msgs_pending=0 saturate_calls=32514 succ=2019999 pred=0 ground_wo=663369
KM_PROF[time-ms] msgloop pred_payload=0.0 pred_arrival=0.0 propagate=9350.2 | add_clause=11414.2 (lookup=2572.2 fwdsub=2102.0 backsub=1533.8 index=2641.6) hyper=16103.0 (lookup=1625.8 candidates=6409.8 reduce=234.7 join=1986.8) subsume=1284.0 pred_local=200.8 eq=493.4 saturate=34310.5
KM_PROF msgloop guard=2040000 contexts=149264 msgs_pending=0 saturate_calls=32514 succ=2039999 pred=0 ground_wo=663369
KM_PROF[time-ms] msgloop pred_payload=0.0 pred_arrival=0.0 propagate=9350.2 | add_clause=11421.5 (lookup=2574.5 fwdsub=2105.2 backsub=1533.8 index=2641.6) hyper=16103.0 (lookup=1625.8 candidates=6409.8 reduce=234.7 join=1986.8) subsume=1284.0 pred_local=200.8 eq=493.4 saturate=34310.5
KM_PROF msgloop guard=2060000 contexts=149264 msgs_pending=0 saturate_calls=32514 succ=2059999 pred=0 ground_wo=663369
KM_PROF[time-ms] msgloop pred_payload=0.0 pred_arrival=0.0 propagate=9350.2 | add_clause=11428.9 (lookup=2576.7 fwdsub=2108.5 backsub=1533.8 index=2641.6) hyper=16103.0 (lookup=1625.8 candidates=6409.8 reduce=234.7 join=1986.8) subsume=1284.0 pred_local=200.8 eq=493.4 saturate=34310.5
KM_PROF msgloop guard=2080000 contexts=149264 msgs_pending=0 saturate_calls=32514 succ=2079999 pred=0 ground_wo=663369
KM_PROF[time-ms] msgloop pred_payload=0.0 pred_arrival=0.0 propagate=9350.2 | add_clause=11436.4 (lookup=2579.0 fwdsub=2111.8 backsub=1533.8 index=2641.6) hyper=16103.0 (lookup=1625.8 candidates=6409.8 reduce=234.7 join=1986.8) subsume=1284.0 pred_local=200.8 eq=493.4 saturate=34310.5
KM_PROF msgloop guard=2100000 contexts=149264 msgs_pending=0 saturate_calls=32514 succ=2099999 pred=0 ground_wo=663369
KM_PROF[time-ms] msgloop pred_payload=0.0 pred_arrival=0.0 propagate=9350.2 | add_clause=11443.8 (lookup=2581.3 fwdsub=2115.1 backsub=1533.8 index=2641.6) hyper=16103.0 (lookup=1625.8 candidates=6409.8 reduce=234.7 join=1986.8) subsume=1284.0 pred_local=200.8 eq=493.4 saturate=34310.5
KM_PROF msgloop guard=2120000 contexts=149264 msgs_pending=0 saturate_calls=32514 succ=2119999 pred=0 ground_wo=663369
KM_PROF[time-ms] msgloop pred_payload=0.0 pred_arrival=0.0 propagate=9350.2 | add_clause=11451.2 (lookup=2583.6 fwdsub=2118.3 backsub=1533.8 index=2641.6) hyper=16103.0 (lookup=1625.8 candidates=6409.8 reduce=234.7 join=1986.8) subsume=1284.0 pred_local=200.8 eq=493.4 saturate=34310.5
KM_PROF msgloop guard=2140000 contexts=149264 msgs_pending=0 saturate_calls=32514 succ=2139999 pred=0 ground_wo=663369
KM_PROF[time-ms] msgloop pred_payload=0.0 pred_arrival=0.0 propagate=9350.2 | add_clause=11458.5 (lookup=2585.9 fwdsub=2121.5 backsub=1533.8 index=2641.6) hyper=16103.0 (lookup=1625.8 candidates=6409.8 reduce=234.7 join=1986.8) subsume=1284.0 pred_local=200.8 eq=493.4 saturate=34310.5
KM_PROF msgloop guard=2160000 contexts=149264 msgs_pending=0 saturate_calls=32514 succ=2159999 pred=0 ground_wo=663369
KM_PROF[time-ms] msgloop pred_payload=0.0 pred_arrival=0.0 propagate=9350.2 | add_clause=11466.0 (lookup=2588.2 fwdsub=2124.8 backsub=1533.8 index=2641.6) hyper=16103.0 (lookup=1625.8 candidates=6409.8 reduce=234.7 join=1986.8) subsume=1284.0 pred_local=200.8 eq=493.4 saturate=34310.5
KM_PROF msgloop guard=2180000 contexts=149264 msgs_pending=0 saturate_calls=32514 succ=2179999 pred=0 ground_wo=663369
KM_PROF[time-ms] msgloop pred_payload=0.0 pred_arrival=0.0 propagate=9350.2 | add_clause=11473.5 (lookup=2590.5 fwdsub=2128.2 backsub=1533.8 index=2641.6) hyper=16103.0 (lookup=1625.8 candidates=6409.8 reduce=234.7 join=1986.8) subsume=1284.0 pred_local=200.8 eq=493.4 saturate=34310.5
KM_PROF msgloop guard=2200000 contexts=149264 msgs_pending=0 saturate_calls=32514 succ=2199999 pred=0 ground_wo=663369
KM_PROF[time-ms] msgloop pred_payload=0.0 pred_arrival=0.0 propagate=9350.2 | add_clause=11481.1 (lookup=2592.8 fwdsub=2131.5 backsub=1533.8 index=2641.6) hyper=16103.0 (lookup=1625.8 candidates=6409.8 reduce=234.7 join=1986.8) subsume=1284.0 pred_local=200.8 eq=493.4 saturate=34310.5
KM_PROF msgloop guard=2220000 contexts=149264 msgs_pending=0 saturate_calls=32514 succ=2219999 pred=0 ground_wo=663369
KM_PROF[time-ms] msgloop pred_payload=0.0 pred_arrival=0.0 propagate=9350.2 | add_clause=11488.5 (lookup=2595.1 fwdsub=2134.8 backsub=1533.8 index=2641.6) hyper=16103.0 (lookup=1625.8 candidates=6409.8 reduce=234.7 join=1986.8) subsume=1284.0 pred_local=200.8 eq=493.4 saturate=34310.5
KM_PROF msgloop guard=2240000 contexts=149264 msgs_pending=0 saturate_calls=32514 succ=2239999 pred=0 ground_wo=663369
KM_PROF[time-ms] msgloop pred_payload=0.0 pred_arrival=0.0 propagate=9350.2 | add_clause=11495.9 (lookup=2597.4 fwdsub=2138.1 backsub=1533.8 index=2641.6) hyper=16103.0 (lookup=1625.8 candidates=6409.8 reduce=234.7 join=1986.8) subsume=1284.0 pred_local=200.8 eq=493.4 saturate=34310.5
KM_PROF msgloop guard=2260000 contexts=149264 msgs_pending=0 saturate_calls=32514 succ=2259999 pred=0 ground_wo=663369
KM_PROF[time-ms] msgloop pred_payload=0.0 pred_arrival=0.0 propagate=9350.2 | add_clause=11503.2 (lookup=2599.7 fwdsub=2141.3 backsub=1533.8 index=2641.6) hyper=16103.0 (lookup=1625.8 candidates=6409.8 reduce=234.7 join=1986.8) subsume=1284.0 pred_local=200.8 eq=493.4 saturate=34310.5
KM_PROF msgloop guard=2280000 contexts=149264 msgs_pending=0 saturate_calls=32514 succ=2279999 pred=0 ground_wo=663369
KM_PROF[time-ms] msgloop pred_payload=0.0 pred_arrival=0.0 propagate=9350.2 | add_clause=11510.6 (lookup=2601.9 fwdsub=2144.5 backsub=1533.8 index=2641.6) hyper=16103.0 (lookup=1625.8 candidates=6409.8 reduce=234.7 join=1986.8) subsume=1284.0 pred_local=200.8 eq=493.4 saturate=34310.5
KM_PROF msgloop guard=2300000 contexts=149264 msgs_pending=0 saturate_calls=32514 succ=2299999 pred=0 ground_wo=663369
KM_PROF[time-ms] msgloop pred_payload=0.0 pred_arrival=0.0 propagate=9350.2 | add_clause=11518.1 (lookup=2604.2 fwdsub=2147.8 backsub=1533.8 index=2641.6) hyper=16103.0 (lookup=1625.8 candidates=6409.8 reduce=234.7 join=1986.8) subsume=1284.0 pred_local=200.8 eq=493.4 saturate=34310.5
KM_PROF msgloop guard=2320000 contexts=149264 msgs_pending=0 saturate_calls=32514 succ=2319999 pred=0 ground_wo=663369
KM_PROF[time-ms] msgloop pred_payload=0.0 pred_arrival=0.0 propagate=9350.2 | add_clause=11525.8 (lookup=2606.6 fwdsub=2151.3 backsub=1533.8 index=2641.6) hyper=16103.0 (lookup=1625.8 candidates=6409.8 reduce=234.7 join=1986.8) subsume=1284.0 pred_local=200.8 eq=493.4 saturate=34310.5
KM_PROF msgloop guard=2340000 contexts=149264 msgs_pending=0 saturate_calls=32514 succ=2339999 pred=0 ground_wo=663369
KM_PROF[time-ms] msgloop pred_payload=0.0 pred_arrival=0.0 propagate=9350.2 | add_clause=11533.1 (lookup=2608.8 fwdsub=2154.6 backsub=1533.8 index=2641.6) hyper=16103.0 (lookup=1625.8 candidates=6409.8 reduce=234.7 join=1986.8) subsume=1284.0 pred_local=200.8 eq=493.4 saturate=34310.5
KM_PROF msgloop guard=2360000 contexts=149264 msgs_pending=0 saturate_calls=32514 succ=2359999 pred=0 ground_wo=663369
KM_PROF[time-ms] msgloop pred_payload=0.0 pred_arrival=0.0 propagate=9350.2 | add_clause=11540.4 (lookup=2611.0 fwdsub=2157.8 backsub=1533.8 index=2641.6) hyper=16103.0 (lookup=1625.8 candidates=6409.8 reduce=234.7 join=1986.8) subsume=1284.0 pred_local=200.8 eq=493.4 saturate=34310.5
KM_PROF msgloop guard=2380000 contexts=149264 msgs_pending=0 saturate_calls=32514 succ=2379999 pred=0 ground_wo=663369
KM_PROF[time-ms] msgloop pred_payload=0.0 pred_arrival=0.0 propagate=9350.2 | add_clause=11547.5 (lookup=2613.2 fwdsub=2160.8 backsub=1533.8 index=2641.6) hyper=16103.0 (lookup=1625.8 candidates=6409.8 reduce=234.7 join=1986.8) subsume=1284.0 pred_local=200.8 eq=493.4 saturate=34310.5
KM_PROF msgloop guard=2400000 contexts=149264 msgs_pending=0 saturate_calls=32514 succ=2399999 pred=0 ground_wo=663369
KM_PROF[time-ms] msgloop pred_payload=0.0 pred_arrival=0.0 propagate=9350.2 | add_clause=11554.7 (lookup=2615.5 fwdsub=2163.9 backsub=1533.8 index=2641.6) hyper=16103.0 (lookup=1625.8 candidates=6409.8 reduce=234.7 join=1986.8) subsume=1284.0 pred_local=200.8 eq=493.4 saturate=34310.5
KM_PROF msgloop guard=2420000 contexts=149264 msgs_pending=0 saturate_calls=32514 succ=2419999 pred=0 ground_wo=663369
KM_PROF[time-ms] msgloop pred_payload=0.0 pred_arrival=0.0 propagate=9350.2 | add_clause=11562.0 (lookup=2617.7 fwdsub=2167.1 backsub=1533.8 index=2641.6) hyper=16103.0 (lookup=1625.8 candidates=6409.8 reduce=234.7 join=1986.8) subsume=1284.0 pred_local=200.8 eq=493.4 saturate=34310.5
KM_PROF msgloop guard=2440000 contexts=149264 msgs_pending=0 saturate_calls=32514 succ=2439999 pred=0 ground_wo=663369
KM_PROF[time-ms] msgloop pred_payload=0.0 pred_arrival=0.0 propagate=9350.2 | add_clause=11569.3 (lookup=2619.9 fwdsub=2170.3 backsub=1533.8 index=2641.6) hyper=16103.0 (lookup=1625.8 candidates=6409.8 reduce=234.7 join=1986.8) subsume=1284.0 pred_local=200.8 eq=493.4 saturate=34310.5
KM_PROF msgloop guard=2460000 contexts=149264 msgs_pending=0 saturate_calls=32514 succ=2459999 pred=0 ground_wo=663369
KM_PROF[time-ms] msgloop pred_payload=0.0 pred_arrival=0.0 propagate=9350.2 | add_clause=11576.4 (lookup=2622.1 fwdsub=2173.4 backsub=1533.8 index=2641.6) hyper=16103.0 (lookup=1625.8 candidates=6409.8 reduce=234.7 join=1986.8) subsume=1284.0 pred_local=200.8 eq=493.4 saturate=34310.5
KM_PROF msgloop guard=2480000 contexts=149264 msgs_pending=0 saturate_calls=32514 succ=2479999 pred=0 ground_wo=663369
KM_PROF[time-ms] msgloop pred_payload=0.0 pred_arrival=0.0 propagate=9350.2 | add_clause=11583.7 (lookup=2624.3 fwdsub=2176.6 backsub=1533.8 index=2641.6) hyper=16103.0 (lookup=1625.8 candidates=6409.8 reduce=234.7 join=1986.8) subsume=1284.0 pred_local=200.8 eq=493.4 saturate=34310.5
KM_PROF msgloop guard=2500000 contexts=149264 msgs_pending=0 saturate_calls=32514 succ=2499999 pred=0 ground_wo=663369
KM_PROF[time-ms] msgloop pred_payload=0.0 pred_arrival=0.0 propagate=9350.2 | add_clause=11590.9 (lookup=2626.5 fwdsub=2179.7 backsub=1533.8 index=2641.6) hyper=16103.0 (lookup=1625.8 candidates=6409.8 reduce=234.7 join=1986.8) subsume=1284.0 pred_local=200.8 eq=493.4 saturate=34310.5
KM_PROF msgloop guard=2520000 contexts=149264 msgs_pending=0 saturate_calls=32514 succ=2519999 pred=0 ground_wo=663369
KM_PROF[time-ms] msgloop pred_payload=0.0 pred_arrival=0.0 propagate=9350.2 | add_clause=11598.1 (lookup=2628.7 fwdsub=2182.9 backsub=1533.8 index=2641.6) hyper=16103.0 (lookup=1625.8 candidates=6409.8 reduce=234.7 join=1986.8) subsume=1284.0 pred_local=200.8 eq=493.4 saturate=34310.5
KM_PROF msgloop guard=2540000 contexts=149264 msgs_pending=0 saturate_calls=32514 succ=2539999 pred=0 ground_wo=663369
KM_PROF[time-ms] msgloop pred_payload=0.0 pred_arrival=0.0 propagate=9350.2 | add_clause=11605.4 (lookup=2630.9 fwdsub=2186.1 backsub=1533.8 index=2641.6) hyper=16103.0 (lookup=1625.8 candidates=6409.8 reduce=234.7 join=1986.8) subsume=1284.0 pred_local=200.8 eq=493.4 saturate=34310.5
KM_PROF msgloop guard=2560000 contexts=149264 msgs_pending=0 saturate_calls=32514 succ=2559999 pred=0 ground_wo=663369
KM_PROF[time-ms] msgloop pred_payload=0.0 pred_arrival=0.0 propagate=9350.2 | add_clause=11612.6 (lookup=2633.2 fwdsub=2189.2 backsub=1533.8 index=2641.6) hyper=16103.0 (lookup=1625.8 candidates=6409.8 reduce=234.7 join=1986.8) subsume=1284.0 pred_local=200.8 eq=493.4 saturate=34310.5
KM_PROF msgloop guard=2580000 contexts=149264 msgs_pending=0 saturate_calls=32514 succ=2579999 pred=0 ground_wo=663369
KM_PROF[time-ms] msgloop pred_payload=0.0 pred_arrival=0.0 propagate=9350.2 | add_clause=11619.9 (lookup=2635.4 fwdsub=2192.4 backsub=1533.8 index=2641.6) hyper=16103.0 (lookup=1625.8 candidates=6409.8 reduce=234.7 join=1986.8) subsume=1284.0 pred_local=200.8 eq=493.4 saturate=34310.5
KM_PROF msgloop guard=2600000 contexts=149264 msgs_pending=0 saturate_calls=32514 succ=2599999 pred=0 ground_wo=663369
KM_PROF[time-ms] msgloop pred_payload=0.0 pred_arrival=0.0 propagate=9350.2 | add_clause=11627.1 (lookup=2637.6 fwdsub=2195.6 backsub=1533.8 index=2641.6) hyper=16103.0 (lookup=1625.8 candidates=6409.8 reduce=234.7 join=1986.8) subsume=1284.0 pred_local=200.8 eq=493.4 saturate=34310.5
KM_PROF msgloop guard=2620000 contexts=149264 msgs_pending=0 saturate_calls=32514 succ=2619999 pred=0 ground_wo=663369
KM_PROF[time-ms] msgloop pred_payload=0.0 pred_arrival=0.0 propagate=9350.2 | add_clause=11634.5 (lookup=2639.8 fwdsub=2198.9 backsub=1533.8 index=2641.6) hyper=16103.0 (lookup=1625.8 candidates=6409.8 reduce=234.7 join=1986.8) subsume=1284.0 pred_local=200.8 eq=493.4 saturate=34310.5
KM_PROF msgloop guard=2640000 contexts=149264 msgs_pending=0 saturate_calls=32514 succ=2639999 pred=0 ground_wo=663369
KM_PROF[time-ms] msgloop pred_payload=0.0 pred_arrival=0.0 propagate=9350.2 | add_clause=11641.6 (lookup=2642.0 fwdsub=2202.0 backsub=1533.8 index=2641.6) hyper=16103.0 (lookup=1625.8 candidates=6409.8 reduce=234.7 join=1986.8) subsume=1284.0 pred_local=200.8 eq=493.4 saturate=34310.5
KM_PROF msgloop guard=2660000 contexts=149264 msgs_pending=0 saturate_calls=32514 succ=2659999 pred=0 ground_wo=663369
KM_PROF[time-ms] msgloop pred_payload=0.0 pred_arrival=0.0 propagate=9350.2 | add_clause=11648.9 (lookup=2644.3 fwdsub=2205.1 backsub=1533.8 index=2641.6) hyper=16103.0 (lookup=1625.8 candidates=6409.8 reduce=234.7 join=1986.8) subsume=1284.0 pred_local=200.8 eq=493.4 saturate=34310.5
KM_PROF msgloop guard=2680000 contexts=149264 msgs_pending=0 saturate_calls=32514 succ=2679999 pred=0 ground_wo=663369
KM_PROF[time-ms] msgloop pred_payload=0.0 pred_arrival=0.0 propagate=9350.2 | add_clause=11656.1 (lookup=2646.5 fwdsub=2208.3 backsub=1533.8 index=2641.6) hyper=16103.0 (lookup=1625.8 candidates=6409.8 reduce=234.7 join=1986.8) subsume=1284.0 pred_local=200.8 eq=493.4 saturate=34310.5
KM_PROF msgloop guard=2700000 contexts=149264 msgs_pending=0 saturate_calls=32514 succ=2699999 pred=0 ground_wo=663369
KM_PROF[time-ms] msgloop pred_payload=0.0 pred_arrival=0.0 propagate=9350.2 | add_clause=11663.4 (lookup=2648.7 fwdsub=2211.5 backsub=1533.8 index=2641.6) hyper=16103.0 (lookup=1625.8 candidates=6409.8 reduce=234.7 join=1986.8) subsume=1284.0 pred_local=200.8 eq=493.4 saturate=34310.5
KM_PROF msgloop guard=2720000 contexts=149264 msgs_pending=0 saturate_calls=32514 succ=2719999 pred=0 ground_wo=663369
KM_PROF[time-ms] msgloop pred_payload=0.0 pred_arrival=0.0 propagate=9350.2 | add_clause=11670.7 (lookup=2651.0 fwdsub=2214.7 backsub=1533.8 index=2641.6) hyper=16103.0 (lookup=1625.8 candidates=6409.8 reduce=234.7 join=1986.8) subsume=1284.0 pred_local=200.8 eq=493.4 saturate=34310.5
KM_PROF msgloop guard=2740000 contexts=149264 msgs_pending=0 saturate_calls=32514 succ=2739999 pred=0 ground_wo=663369
KM_PROF[time-ms] msgloop pred_payload=0.0 pred_arrival=0.0 propagate=9350.2 | add_clause=11677.9 (lookup=2653.2 fwdsub=2217.8 backsub=1533.8 index=2641.6) hyper=16103.0 (lookup=1625.8 candidates=6409.8 reduce=234.7 join=1986.8) subsume=1284.0 pred_local=200.8 eq=493.4 saturate=34310.5
KM_PROF msgloop guard=2760000 contexts=149264 msgs_pending=0 saturate_calls=32514 succ=2759999 pred=0 ground_wo=663369
KM_PROF[time-ms] msgloop pred_payload=0.0 pred_arrival=0.0 propagate=9350.2 | add_clause=11685.1 (lookup=2655.5 fwdsub=2220.8 backsub=1533.8 index=2641.6) hyper=16103.0 (lookup=1625.8 candidates=6409.8 reduce=234.7 join=1986.8) subsume=1284.0 pred_local=200.8 eq=493.4 saturate=34310.5
KM_PROF msgloop guard=2780000 contexts=149264 msgs_pending=0 saturate_calls=32514 succ=2779999 pred=0 ground_wo=663369
KM_PROF[time-ms] msgloop pred_payload=0.0 pred_arrival=0.0 propagate=9350.2 | add_clause=11692.3 (lookup=2657.7 fwdsub=2223.9 backsub=1533.8 index=2641.6) hyper=16103.0 (lookup=1625.8 candidates=6409.8 reduce=234.7 join=1986.8) subsume=1284.0 pred_local=200.8 eq=493.4 saturate=34310.5
KM_PROF msgloop guard=2800000 contexts=149264 msgs_pending=0 saturate_calls=32514 succ=2799999 pred=0 ground_wo=663369
KM_PROF[time-ms] msgloop pred_payload=0.0 pred_arrival=0.0 propagate=9350.2 | add_clause=11699.6 (lookup=2660.0 fwdsub=2227.1 backsub=1533.8 index=2641.6) hyper=16103.0 (lookup=1625.8 candidates=6409.8 reduce=234.7 join=1986.8) subsume=1284.0 pred_local=200.8 eq=493.4 saturate=34310.5
KM_PROF msgloop guard=2820000 contexts=149264 msgs_pending=0 saturate_calls=32514 succ=2819999 pred=0 ground_wo=663369
KM_PROF[time-ms] msgloop pred_payload=0.0 pred_arrival=0.0 propagate=9350.2 | add_clause=11706.9 (lookup=2662.3 fwdsub=2230.3 backsub=1533.8 index=2641.6) hyper=16103.0 (lookup=1625.8 candidates=6409.8 reduce=234.7 join=1986.8) subsume=1284.0 pred_local=200.8 eq=493.4 saturate=34310.5
KM_PROF msgloop guard=2840000 contexts=149264 msgs_pending=0 saturate_calls=32514 succ=2839999 pred=0 ground_wo=663369
KM_PROF[time-ms] msgloop pred_payload=0.0 pred_arrival=0.0 propagate=9350.2 | add_clause=11714.3 (lookup=2664.5 fwdsub=2233.5 backsub=1533.8 index=2641.6) hyper=16103.0 (lookup=1625.8 candidates=6409.8 reduce=234.7 join=1986.8) subsume=1284.0 pred_local=200.8 eq=493.4 saturate=34310.5
KM_PROF msgloop guard=2860000 contexts=149264 msgs_pending=0 saturate_calls=32514 succ=2859999 pred=0 ground_wo=663369
KM_PROF[time-ms] msgloop pred_payload=0.0 pred_arrival=0.0 propagate=9350.2 | add_clause=11721.7 (lookup=2666.8 fwdsub=2236.8 backsub=1533.8 index=2641.6) hyper=16103.0 (lookup=1625.8 candidates=6409.8 reduce=234.7 join=1986.8) subsume=1284.0 pred_local=200.8 eq=493.4 saturate=34310.5
KM_PROF msgloop guard=2880000 contexts=149264 msgs_pending=0 saturate_calls=32514 succ=2879999 pred=0 ground_wo=663369
KM_PROF[time-ms] msgloop pred_payload=0.0 pred_arrival=0.0 propagate=9350.2 | add_clause=11729.0 (lookup=2669.1 fwdsub=2240.0 backsub=1533.8 index=2641.6) hyper=16103.0 (lookup=1625.8 candidates=6409.8 reduce=234.7 join=1986.8) subsume=1284.0 pred_local=200.8 eq=493.4 saturate=34310.5
KM_PROF msgloop guard=2900000 contexts=149264 msgs_pending=0 saturate_calls=32514 succ=2899999 pred=0 ground_wo=663369
KM_PROF[time-ms] msgloop pred_payload=0.0 pred_arrival=0.0 propagate=9350.2 | add_clause=11736.5 (lookup=2671.4 fwdsub=2243.3 backsub=1533.8 index=2641.6) hyper=16103.0 (lookup=1625.8 candidates=6409.8 reduce=234.7 join=1986.8) subsume=1284.0 pred_local=200.8 eq=493.4 saturate=34310.5
KM_PROF msgloop guard=2920000 contexts=149264 msgs_pending=0 saturate_calls=32514 succ=2919999 pred=0 ground_wo=663369
KM_PROF[time-ms] msgloop pred_payload=0.0 pred_arrival=0.0 propagate=9350.2 | add_clause=11743.9 (lookup=2673.7 fwdsub=2246.6 backsub=1533.8 index=2641.6) hyper=16103.0 (lookup=1625.8 candidates=6409.8 reduce=234.7 join=1986.8) subsume=1284.0 pred_local=200.8 eq=493.4 saturate=34310.5
KM_PROF msgloop guard=2940000 contexts=149264 msgs_pending=0 saturate_calls=32514 succ=2939999 pred=0 ground_wo=663369
KM_PROF[time-ms] msgloop pred_payload=0.0 pred_arrival=0.0 propagate=9350.2 | add_clause=11751.1 (lookup=2675.9 fwdsub=2249.7 backsub=1533.8 index=2641.6) hyper=16103.0 (lookup=1625.8 candidates=6409.8 reduce=234.7 join=1986.8) subsume=1284.0 pred_local=200.8 eq=493.4 saturate=34310.5
KM_PROF msgloop guard=2960000 contexts=149264 msgs_pending=0 saturate_calls=32514 succ=2959999 pred=0 ground_wo=663369
KM_PROF[time-ms] msgloop pred_payload=0.0 pred_arrival=0.0 propagate=9350.2 | add_clause=11758.5 (lookup=2678.2 fwdsub=2252.9 backsub=1533.8 index=2641.6) hyper=16103.0 (lookup=1625.8 candidates=6409.8 reduce=234.7 join=1986.8) subsume=1284.0 pred_local=200.8 eq=493.4 saturate=34310.5
KM_PROF msgloop guard=2980000 contexts=149264 msgs_pending=0 saturate_calls=32514 succ=2979999 pred=0 ground_wo=663369
KM_PROF[time-ms] msgloop pred_payload=0.0 pred_arrival=0.0 propagate=9350.2 | add_clause=11765.9 (lookup=2680.5 fwdsub=2256.2 backsub=1533.8 index=2641.6) hyper=16103.0 (lookup=1625.8 candidates=6409.8 reduce=234.7 join=1986.8) subsume=1284.0 pred_local=200.8 eq=493.4 saturate=34310.5
KM_PROF msgloop guard=3000000 contexts=149264 msgs_pending=0 saturate_calls=32514 succ=2999999 pred=0 ground_wo=663369
KM_PROF[time-ms] msgloop pred_payload=0.0 pred_arrival=0.0 propagate=9350.2 | add_clause=11773.0 (lookup=2682.7 fwdsub=2259.2 backsub=1533.8 index=2641.6) hyper=16103.0 (lookup=1625.8 candidates=6409.8 reduce=234.7 join=1986.8) subsume=1284.0 pred_local=200.8 eq=493.4 saturate=34310.5
KM_PROF msgloop guard=3020000 contexts=149264 msgs_pending=0 saturate_calls=32514 succ=3019999 pred=0 ground_wo=663369
KM_PROF[time-ms] msgloop pred_payload=0.0 pred_arrival=0.0 propagate=9350.2 | add_clause=11780.4 (lookup=2685.0 fwdsub=2262.4 backsub=1533.8 index=2641.6) hyper=16103.0 (lookup=1625.8 candidates=6409.8 reduce=234.7 join=1986.8) subsume=1284.0 pred_local=200.8 eq=493.4 saturate=34310.5
KM_PROF msgloop guard=3040000 contexts=149264 msgs_pending=0 saturate_calls=32514 succ=3039999 pred=0 ground_wo=663369
KM_PROF[time-ms] msgloop pred_payload=0.0 pred_arrival=0.0 propagate=9350.2 | add_clause=11787.7 (lookup=2687.2 fwdsub=2265.6 backsub=1533.8 index=2641.6) hyper=16103.0 (lookup=1625.8 candidates=6409.8 reduce=234.7 join=1986.8) subsume=1284.0 pred_local=200.8 eq=493.4 saturate=34310.5
KM_PROF msgloop guard=3060000 contexts=149264 msgs_pending=0 saturate_calls=32514 succ=3059999 pred=0 ground_wo=663369
KM_PROF[time-ms] msgloop pred_payload=0.0 pred_arrival=0.0 propagate=9350.2 | add_clause=11795.0 (lookup=2689.5 fwdsub=2268.9 backsub=1533.8 index=2641.6) hyper=16103.0 (lookup=1625.8 candidates=6409.8 reduce=234.7 join=1986.8) subsume=1284.0 pred_local=200.8 eq=493.4 saturate=34310.5
KM_PROF msgloop guard=3080000 contexts=149264 msgs_pending=0 saturate_calls=32514 succ=3079999 pred=0 ground_wo=663369
KM_PROF[time-ms] msgloop pred_payload=0.0 pred_arrival=0.0 propagate=9350.2 | add_clause=11802.1 (lookup=2691.7 fwdsub=2271.9 backsub=1533.8 index=2641.6) hyper=16103.0 (lookup=1625.8 candidates=6409.8 reduce=234.7 join=1986.8) subsume=1284.0 pred_local=200.8 eq=493.4 saturate=34310.5
KM_PROF msgloop guard=3100000 contexts=149264 msgs_pending=0 saturate_calls=32514 succ=3099999 pred=0 ground_wo=663369
KM_PROF[time-ms] msgloop pred_payload=0.0 pred_arrival=0.0 propagate=9350.2 | add_clause=11809.4 (lookup=2694.0 fwdsub=2275.0 backsub=1533.8 index=2641.6) hyper=16103.0 (lookup=1625.8 candidates=6409.8 reduce=234.7 join=1986.8) subsume=1284.0 pred_local=200.8 eq=493.4 saturate=34310.5
KM_PROF msgloop guard=3120000 contexts=149264 msgs_pending=0 saturate_calls=32514 succ=3119999 pred=0 ground_wo=663369
KM_PROF[time-ms] msgloop pred_payload=0.0 pred_arrival=0.0 propagate=9350.2 | add_clause=11816.6 (lookup=2696.3 fwdsub=2278.1 backsub=1533.8 index=2641.6) hyper=16103.0 (lookup=1625.8 candidates=6409.8 reduce=234.7 join=1986.8) subsume=1284.0 pred_local=200.8 eq=493.4 saturate=34310.5
KM_PROF msgloop guard=3140000 contexts=149264 msgs_pending=0 saturate_calls=32514 succ=3139999 pred=0 ground_wo=663369
KM_PROF[time-ms] msgloop pred_payload=0.0 pred_arrival=0.0 propagate=9350.2 | add_clause=11823.9 (lookup=2698.5 fwdsub=2281.3 backsub=1533.8 index=2641.6) hyper=16103.0 (lookup=1625.8 candidates=6409.8 reduce=234.7 join=1986.8) subsume=1284.0 pred_local=200.8 eq=493.4 saturate=34310.5
KM_PROF msgloop guard=3160000 contexts=149264 msgs_pending=0 saturate_calls=32514 succ=3159999 pred=0 ground_wo=663369
KM_PROF[time-ms] msgloop pred_payload=0.0 pred_arrival=0.0 propagate=9350.2 | add_clause=11831.1 (lookup=2700.8 fwdsub=2284.4 backsub=1533.8 index=2641.6) hyper=16103.0 (lookup=1625.8 candidates=6409.8 reduce=234.7 join=1986.8) subsume=1284.0 pred_local=200.8 eq=493.4 saturate=34310.5
KM_PROF msgloop guard=3180000 contexts=149264 msgs_pending=0 saturate_calls=32514 succ=3179999 pred=0 ground_wo=663369
KM_PROF[time-ms] msgloop pred_payload=0.0 pred_arrival=0.0 propagate=9350.2 | add_clause=11838.5 (lookup=2703.1 fwdsub=2287.6 backsub=1533.8 index=2641.6) hyper=16103.0 (lookup=1625.8 candidates=6409.8 reduce=234.7 join=1986.8) subsume=1284.0 pred_local=200.8 eq=493.4 saturate=34310.5
KM_PROF msgloop guard=3200000 contexts=149264 msgs_pending=0 saturate_calls=32514 succ=3199999 pred=0 ground_wo=663369
KM_PROF[time-ms] msgloop pred_payload=0.0 pred_arrival=0.0 propagate=9350.2 | add_clause=11845.8 (lookup=2705.3 fwdsub=2290.8 backsub=1533.8 index=2641.6) hyper=16103.0 (lookup=1625.8 candidates=6409.8 reduce=234.7 join=1986.8) subsume=1284.0 pred_local=200.8 eq=493.4 saturate=34310.5
KM_PROF msgloop guard=3220000 contexts=149264 msgs_pending=0 saturate_calls=32514 succ=3219999 pred=0 ground_wo=663369
KM_PROF[time-ms] msgloop pred_payload=0.0 pred_arrival=0.0 propagate=9350.2 | add_clause=11853.1 (lookup=2707.6 fwdsub=2294.0 backsub=1533.8 index=2641.6) hyper=16103.0 (lookup=1625.8 candidates=6409.8 reduce=234.7 join=1986.8) subsume=1284.0 pred_local=200.8 eq=493.4 saturate=34310.5
KM_PROF msgloop guard=3240000 contexts=149264 msgs_pending=0 saturate_calls=32514 succ=3239999 pred=0 ground_wo=663369
KM_PROF[time-ms] msgloop pred_payload=0.0 pred_arrival=0.0 propagate=9350.2 | add_clause=11860.4 (lookup=2709.9 fwdsub=2297.1 backsub=1533.8 index=2641.6) hyper=16103.0 (lookup=1625.8 candidates=6409.8 reduce=234.7 join=1986.8) subsume=1284.0 pred_local=200.8 eq=493.4 saturate=34310.5
KM_PROF msgloop guard=3260000 contexts=149264 msgs_pending=0 saturate_calls=32514 succ=3259999 pred=0 ground_wo=663369
KM_PROF[time-ms] msgloop pred_payload=0.0 pred_arrival=0.0 propagate=9350.2 | add_clause=11867.6 (lookup=2712.1 fwdsub=2300.2 backsub=1533.8 index=2641.6) hyper=16103.0 (lookup=1625.8 candidates=6409.8 reduce=234.7 join=1986.8) subsume=1284.0 pred_local=200.8 eq=493.4 saturate=34310.5
KM_PROF msgloop guard=3280000 contexts=149264 msgs_pending=0 saturate_calls=32514 succ=3279999 pred=0 ground_wo=663369
KM_PROF[time-ms] msgloop pred_payload=0.0 pred_arrival=0.0 propagate=9350.2 | add_clause=11874.9 (lookup=2714.4 fwdsub=2303.4 backsub=1533.8 index=2641.6) hyper=16103.0 (lookup=1625.8 candidates=6409.8 reduce=234.7 join=1986.8) subsume=1284.0 pred_local=200.8 eq=493.4 saturate=34310.5
KM_PROF msgloop guard=3300000 contexts=149264 msgs_pending=0 saturate_calls=32514 succ=3299999 pred=0 ground_wo=663369
KM_PROF[time-ms] msgloop pred_payload=0.0 pred_arrival=0.0 propagate=9350.2 | add_clause=11882.2 (lookup=2716.7 fwdsub=2306.6 backsub=1533.8 index=2641.6) hyper=16103.0 (lookup=1625.8 candidates=6409.8 reduce=234.7 join=1986.8) subsume=1284.0 pred_local=200.8 eq=493.4 saturate=34310.5
KM_PROF msgloop guard=3320000 contexts=149264 msgs_pending=0 saturate_calls=32514 succ=3319999 pred=0 ground_wo=663369
KM_PROF[time-ms] msgloop pred_payload=0.0 pred_arrival=0.0 propagate=9350.2 | add_clause=11889.5 (lookup=2719.0 fwdsub=2309.7 backsub=1533.8 index=2641.6) hyper=16103.0 (lookup=1625.8 candidates=6409.8 reduce=234.7 join=1986.8) subsume=1284.0 pred_local=200.8 eq=493.4 saturate=34310.5
KM_PROF msgloop guard=3340000 contexts=149264 msgs_pending=0 saturate_calls=32514 succ=3339999 pred=0 ground_wo=663369
KM_PROF[time-ms] msgloop pred_payload=0.0 pred_arrival=0.0 propagate=9350.2 | add_clause=11896.7 (lookup=2721.2 fwdsub=2312.8 backsub=1533.8 index=2641.6) hyper=16103.0 (lookup=1625.8 candidates=6409.8 reduce=234.7 join=1986.8) subsume=1284.0 pred_local=200.8 eq=493.4 saturate=34310.5
KM_PROF msgloop guard=3360000 contexts=149264 msgs_pending=0 saturate_calls=32514 succ=3359999 pred=0 ground_wo=663369
KM_PROF[time-ms] msgloop pred_payload=0.0 pred_arrival=0.0 propagate=9350.2 | add_clause=11904.0 (lookup=2723.5 fwdsub=2316.0 backsub=1533.8 index=2641.6) hyper=16103.0 (lookup=1625.8 candidates=6409.8 reduce=234.7 join=1986.8) subsume=1284.0 pred_local=200.8 eq=493.4 saturate=34310.5
KM_PROF msgloop guard=3380000 contexts=149264 msgs_pending=0 saturate_calls=32514 succ=3379999 pred=0 ground_wo=663369
KM_PROF[time-ms] msgloop pred_payload=0.0 pred_arrival=0.0 propagate=9350.2 | add_clause=11911.2 (lookup=2725.8 fwdsub=2319.0 backsub=1533.8 index=2641.6) hyper=16103.0 (lookup=1625.8 candidates=6409.8 reduce=234.7 join=1986.8) subsume=1284.0 pred_local=200.8 eq=493.4 saturate=34310.5
KM_PROF msgloop guard=3400000 contexts=149264 msgs_pending=0 saturate_calls=32514 succ=3399999 pred=0 ground_wo=663369
KM_PROF[time-ms] msgloop pred_payload=0.0 pred_arrival=0.0 propagate=9350.2 | add_clause=11918.4 (lookup=2728.1 fwdsub=2322.1 backsub=1533.8 index=2641.6) hyper=16103.0 (lookup=1625.8 candidates=6409.8 reduce=234.7 join=1986.8) subsume=1284.0 pred_local=200.8 eq=493.4 saturate=34310.5
KM_PROF msgloop guard=3420000 contexts=149264 msgs_pending=0 saturate_calls=32514 succ=3419999 pred=0 ground_wo=663369
KM_PROF[time-ms] msgloop pred_payload=0.0 pred_arrival=0.0 propagate=9350.2 | add_clause=11925.6 (lookup=2730.3 fwdsub=2325.2 backsub=1533.8 index=2641.6) hyper=16103.0 (lookup=1625.8 candidates=6409.8 reduce=234.7 join=1986.8) subsume=1284.0 pred_local=200.8 eq=493.4 saturate=34310.5
KM_PROF msgloop guard=3440000 contexts=149264 msgs_pending=0 saturate_calls=32514 succ=3439999 pred=0 ground_wo=663369
KM_PROF[time-ms] msgloop pred_payload=0.0 pred_arrival=0.0 propagate=9350.2 | add_clause=11932.9 (lookup=2732.6 fwdsub=2328.4 backsub=1533.8 index=2641.6) hyper=16103.0 (lookup=1625.8 candidates=6409.8 reduce=234.7 join=1986.8) subsume=1284.0 pred_local=200.8 eq=493.4 saturate=34310.5
KM_PROF msgloop guard=3460000 contexts=149264 msgs_pending=0 saturate_calls=32514 succ=3459999 pred=0 ground_wo=663369
KM_PROF[time-ms] msgloop pred_payload=0.0 pred_arrival=0.0 propagate=9350.2 | add_clause=11940.1 (lookup=2734.9 fwdsub=2331.4 backsub=1533.8 index=2641.6) hyper=16103.0 (lookup=1625.8 candidates=6409.8 reduce=234.7 join=1986.8) subsume=1284.0 pred_local=200.8 eq=493.4 saturate=34310.5
KM_PROF msgloop guard=3480000 contexts=149264 msgs_pending=0 saturate_calls=32514 succ=3479999 pred=0 ground_wo=663369
KM_PROF[time-ms] msgloop pred_payload=0.0 pred_arrival=0.0 propagate=9350.2 | add_clause=11947.4 (lookup=2737.1 fwdsub=2334.6 backsub=1533.8 index=2641.6) hyper=16103.0 (lookup=1625.8 candidates=6409.8 reduce=234.7 join=1986.8) subsume=1284.0 pred_local=200.8 eq=493.4 saturate=34310.5
KM_PROF msgloop guard=3500000 contexts=149264 msgs_pending=0 saturate_calls=32514 succ=3499999 pred=0 ground_wo=663369
KM_PROF[time-ms] msgloop pred_payload=0.0 pred_arrival=0.0 propagate=9350.2 | add_clause=11954.4 (lookup=2739.4 fwdsub=2337.5 backsub=1533.8 index=2641.6) hyper=16103.0 (lookup=1625.8 candidates=6409.8 reduce=234.7 join=1986.8) subsume=1284.0 pred_local=200.8 eq=493.4 saturate=34310.5
KM_PROF msgloop guard=3520000 contexts=149264 msgs_pending=0 saturate_calls=32514 succ=3519999 pred=0 ground_wo=663369
KM_PROF[time-ms] msgloop pred_payload=0.0 pred_arrival=0.0 propagate=9350.2 | add_clause=11961.7 (lookup=2741.6 fwdsub=2340.7 backsub=1533.8 index=2641.6) hyper=16103.0 (lookup=1625.8 candidates=6409.8 reduce=234.7 join=1986.8) subsume=1284.0 pred_local=200.8 eq=493.4 saturate=34310.5
KM_PROF msgloop guard=3540000 contexts=149264 msgs_pending=0 saturate_calls=32514 succ=3539999 pred=0 ground_wo=663369
KM_PROF[time-ms] msgloop pred_payload=0.0 pred_arrival=0.0 propagate=9350.2 | add_clause=11969.0 (lookup=2743.9 fwdsub=2343.8 backsub=1533.8 index=2641.6) hyper=16103.0 (lookup=1625.8 candidates=6409.8 reduce=234.7 join=1986.8) subsume=1284.0 pred_local=200.8 eq=493.4 saturate=34310.5
KM_PROF msgloop guard=3560000 contexts=149264 msgs_pending=0 saturate_calls=32514 succ=3559999 pred=0 ground_wo=663369
KM_PROF[time-ms] msgloop pred_payload=0.0 pred_arrival=0.0 propagate=9350.2 | add_clause=11976.2 (lookup=2746.2 fwdsub=2346.9 backsub=1533.8 index=2641.6) hyper=16103.0 (lookup=1625.8 candidates=6409.8 reduce=234.7 join=1986.8) subsume=1284.0 pred_local=200.8 eq=493.4 saturate=34310.5
KM_PROF msgloop guard=3580000 contexts=149264 msgs_pending=0 saturate_calls=32514 succ=3579999 pred=0 ground_wo=663369
KM_PROF[time-ms] msgloop pred_payload=0.0 pred_arrival=0.0 propagate=9350.2 | add_clause=11983.5 (lookup=2748.5 fwdsub=2350.1 backsub=1533.8 index=2641.6) hyper=16103.0 (lookup=1625.8 candidates=6409.8 reduce=234.7 join=1986.8) subsume=1284.0 pred_local=200.8 eq=493.4 saturate=34310.5
KM_PROF msgloop guard=3600000 contexts=149264 msgs_pending=0 saturate_calls=32514 succ=3599999 pred=0 ground_wo=663369
KM_PROF[time-ms] msgloop pred_payload=0.0 pred_arrival=0.0 propagate=9350.2 | add_clause=11990.8 (lookup=2750.7 fwdsub=2353.2 backsub=1533.8 index=2641.6) hyper=16103.0 (lookup=1625.8 candidates=6409.8 reduce=234.7 join=1986.8) subsume=1284.0 pred_local=200.8 eq=493.4 saturate=34310.5
KM_PROF msgloop guard=3620000 contexts=149264 msgs_pending=0 saturate_calls=32514 succ=3619999 pred=0 ground_wo=663369
KM_PROF[time-ms] msgloop pred_payload=0.0 pred_arrival=0.0 propagate=9350.2 | add_clause=11998.1 (lookup=2753.0 fwdsub=2356.4 backsub=1533.8 index=2641.6) hyper=16103.0 (lookup=1625.8 candidates=6409.8 reduce=234.7 join=1986.8) subsume=1284.0 pred_local=200.8 eq=493.4 saturate=34310.5
KM_PROF msgloop guard=3640000 contexts=149264 msgs_pending=0 saturate_calls=32514 succ=3639999 pred=0 ground_wo=663369
KM_PROF[time-ms] msgloop pred_payload=0.0 pred_arrival=0.0 propagate=9350.2 | add_clause=12005.3 (lookup=2755.3 fwdsub=2359.5 backsub=1533.8 index=2641.6) hyper=16103.0 (lookup=1625.8 candidates=6409.8 reduce=234.7 join=1986.8) subsume=1284.0 pred_local=200.8 eq=493.4 saturate=34310.5
KM_PROF msgloop guard=3660000 contexts=149264 msgs_pending=0 saturate_calls=32514 succ=3659999 pred=0 ground_wo=663369
KM_PROF[time-ms] msgloop pred_payload=0.0 pred_arrival=0.0 propagate=9350.2 | add_clause=12012.5 (lookup=2757.5 fwdsub=2362.6 backsub=1533.8 index=2641.6) hyper=16103.0 (lookup=1625.8 candidates=6409.8 reduce=234.7 join=1986.8) subsume=1284.0 pred_local=200.8 eq=493.4 saturate=34310.5
KM_PROF msgloop guard=3680000 contexts=149264 msgs_pending=0 saturate_calls=32514 succ=3679999 pred=0 ground_wo=663369
KM_PROF[time-ms] msgloop pred_payload=0.0 pred_arrival=0.0 propagate=9350.2 | add_clause=12019.8 (lookup=2759.8 fwdsub=2365.7 backsub=1533.8 index=2641.6) hyper=16103.0 (lookup=1625.8 candidates=6409.8 reduce=234.7 join=1986.8) subsume=1284.0 pred_local=200.8 eq=493.4 saturate=34310.5
KM_PROF msgloop guard=3700000 contexts=149264 msgs_pending=0 saturate_calls=32514 succ=3699999 pred=0 ground_wo=663369
KM_PROF[time-ms] msgloop pred_payload=0.0 pred_arrival=0.0 propagate=9350.2 | add_clause=12027.0 (lookup=2762.0 fwdsub=2368.8 backsub=1533.8 index=2641.6) hyper=16103.0 (lookup=1625.8 candidates=6409.8 reduce=234.7 join=1986.8) subsume=1284.0 pred_local=200.8 eq=493.4 saturate=34310.5
KM_PROF msgloop guard=3720000 contexts=149264 msgs_pending=0 saturate_calls=32514 succ=3719999 pred=0 ground_wo=663369
KM_PROF[time-ms] msgloop pred_payload=0.0 pred_arrival=0.0 propagate=9350.2 | add_clause=12034.3 (lookup=2764.3 fwdsub=2372.0 backsub=1533.8 index=2641.6) hyper=16103.0 (lookup=1625.8 candidates=6409.8 reduce=234.7 join=1986.8) subsume=1284.0 pred_local=200.8 eq=493.4 saturate=34310.5
KM_PROF msgloop guard=3740000 contexts=149264 msgs_pending=0 saturate_calls=32514 succ=3739999 pred=0 ground_wo=663369
KM_PROF[time-ms] msgloop pred_payload=0.0 pred_arrival=0.0 propagate=9350.2 | add_clause=12041.5 (lookup=2766.6 fwdsub=2375.1 backsub=1533.8 index=2641.6) hyper=16103.0 (lookup=1625.8 candidates=6409.8 reduce=234.7 join=1986.8) subsume=1284.0 pred_local=200.8 eq=493.4 saturate=34310.5
KM_PROF msgloop guard=3760000 contexts=149264 msgs_pending=0 saturate_calls=32514 succ=3759999 pred=0 ground_wo=663369
KM_PROF[time-ms] msgloop pred_payload=0.0 pred_arrival=0.0 propagate=9350.2 | add_clause=12048.7 (lookup=2768.8 fwdsub=2378.2 backsub=1533.8 index=2641.6) hyper=16103.0 (lookup=1625.8 candidates=6409.8 reduce=234.7 join=1986.8) subsume=1284.0 pred_local=200.8 eq=493.4 saturate=34310.5
KM_PROF msgloop guard=3780000 contexts=149264 msgs_pending=0 saturate_calls=32514 succ=3779999 pred=0 ground_wo=663369
KM_PROF[time-ms] msgloop pred_payload=0.0 pred_arrival=0.0 propagate=9350.2 | add_clause=12056.1 (lookup=2771.1 fwdsub=2381.4 backsub=1533.8 index=2641.6) hyper=16103.0 (lookup=1625.8 candidates=6409.8 reduce=234.7 join=1986.8) subsume=1284.0 pred_local=200.8 eq=493.4 saturate=34310.5
KM_PROF msgloop guard=3800000 contexts=149264 msgs_pending=0 saturate_calls=32514 succ=3799999 pred=0 ground_wo=663369
KM_PROF[time-ms] msgloop pred_payload=0.0 pred_arrival=0.0 propagate=9350.2 | add_clause=12063.3 (lookup=2773.4 fwdsub=2384.5 backsub=1533.8 index=2641.6) hyper=16103.0 (lookup=1625.8 candidates=6409.8 reduce=234.7 join=1986.8) subsume=1284.0 pred_local=200.8 eq=493.4 saturate=34310.5
KM_PROF msgloop guard=3820000 contexts=149264 msgs_pending=0 saturate_calls=32514 succ=3819999 pred=0 ground_wo=663369
KM_PROF[time-ms] msgloop pred_payload=0.0 pred_arrival=0.0 propagate=9350.2 | add_clause=12070.6 (lookup=2775.7 fwdsub=2387.7 backsub=1533.8 index=2641.6) hyper=16103.0 (lookup=1625.8 candidates=6409.8 reduce=234.7 join=1986.8) subsume=1284.0 pred_local=200.8 eq=493.4 saturate=34310.5
KM_PROF msgloop guard=3840000 contexts=149264 msgs_pending=0 saturate_calls=32514 succ=3839999 pred=0 ground_wo=663369
KM_PROF[time-ms] msgloop pred_payload=0.0 pred_arrival=0.0 propagate=9350.2 | add_clause=12078.0 (lookup=2777.9 fwdsub=2390.9 backsub=1533.8 index=2641.6) hyper=16103.0 (lookup=1625.8 candidates=6409.8 reduce=234.7 join=1986.8) subsume=1284.0 pred_local=200.8 eq=493.4 saturate=34310.5
KM_PROF msgloop guard=3860000 contexts=149264 msgs_pending=0 saturate_calls=32514 succ=3859999 pred=0 ground_wo=663369
KM_PROF[time-ms] msgloop pred_payload=0.0 pred_arrival=0.0 propagate=9350.2 | add_clause=12085.3 (lookup=2780.2 fwdsub=2394.1 backsub=1533.8 index=2641.6) hyper=16103.0 (lookup=1625.8 candidates=6409.8 reduce=234.7 join=1986.8) subsume=1284.0 pred_local=200.8 eq=493.4 saturate=34310.5
KM_PROF msgloop guard=3880000 contexts=149264 msgs_pending=0 saturate_calls=32514 succ=3879999 pred=0 ground_wo=663369
KM_PROF[time-ms] msgloop pred_payload=0.0 pred_arrival=0.0 propagate=9350.2 | add_clause=12092.7 (lookup=2782.5 fwdsub=2397.3 backsub=1533.8 index=2641.6) hyper=16103.0 (lookup=1625.8 candidates=6409.8 reduce=234.7 join=1986.8) subsume=1284.0 pred_local=200.8 eq=493.4 saturate=34310.5
KM_PROF msgloop guard=3900000 contexts=149264 msgs_pending=0 saturate_calls=32514 succ=3899999 pred=0 ground_wo=663369
KM_PROF[time-ms] msgloop pred_payload=0.0 pred_arrival=0.0 propagate=9350.2 | add_clause=12100.0 (lookup=2784.8 fwdsub=2400.5 backsub=1533.8 index=2641.6) hyper=16103.0 (lookup=1625.8 candidates=6409.8 reduce=234.7 join=1986.8) subsume=1284.0 pred_local=200.8 eq=493.4 saturate=34310.5
KM_PROF msgloop guard=3920000 contexts=149264 msgs_pending=0 saturate_calls=32514 succ=3919999 pred=0 ground_wo=663369
KM_PROF[time-ms] msgloop pred_payload=0.0 pred_arrival=0.0 propagate=9350.2 | add_clause=12107.4 (lookup=2787.0 fwdsub=2403.8 backsub=1533.8 index=2641.6) hyper=16103.0 (lookup=1625.8 candidates=6409.8 reduce=234.7 join=1986.8) subsume=1284.0 pred_local=200.8 eq=493.4 saturate=34310.5
KM_PROF msgloop guard=3940000 contexts=149264 msgs_pending=0 saturate_calls=32514 succ=3939999 pred=0 ground_wo=663369
KM_PROF[time-ms] msgloop pred_payload=0.0 pred_arrival=0.0 propagate=9350.2 | add_clause=12114.8 (lookup=2789.3 fwdsub=2407.0 backsub=1533.8 index=2641.6) hyper=16103.0 (lookup=1625.8 candidates=6409.8 reduce=234.7 join=1986.8) subsume=1284.0 pred_local=200.8 eq=493.4 saturate=34310.5
KM_PROF msgloop guard=3960000 contexts=149264 msgs_pending=0 saturate_calls=32514 succ=3959999 pred=0 ground_wo=663369
KM_PROF[time-ms] msgloop pred_payload=0.0 pred_arrival=0.0 propagate=9350.2 | add_clause=12122.2 (lookup=2791.6 fwdsub=2410.3 backsub=1533.8 index=2641.6) hyper=16103.0 (lookup=1625.8 candidates=6409.8 reduce=234.7 join=1986.8) subsume=1284.0 pred_local=200.8 eq=493.4 saturate=34310.5
KM_PROF msgloop guard=3980000 contexts=149264 msgs_pending=0 saturate_calls=32514 succ=3979999 pred=0 ground_wo=663369
KM_PROF[time-ms] msgloop pred_payload=0.0 pred_arrival=0.0 propagate=9350.2 | add_clause=12129.4 (lookup=2793.8 fwdsub=2413.4 backsub=1533.8 index=2641.6) hyper=16103.0 (lookup=1625.8 candidates=6409.8 reduce=234.7 join=1986.8) subsume=1284.0 pred_local=200.8 eq=493.4 saturate=34310.5
KM_PROF msgloop guard=4000000 contexts=149264 msgs_pending=0 saturate_calls=32514 succ=3999999 pred=0 ground_wo=663369
KM_PROF[time-ms] msgloop pred_payload=0.0 pred_arrival=0.0 propagate=9350.2 | add_clause=12136.6 (lookup=2796.1 fwdsub=2416.5 backsub=1533.8 index=2641.6) hyper=16103.0 (lookup=1625.8 candidates=6409.8 reduce=234.7 join=1986.8) subsume=1284.0 pred_local=200.8 eq=493.4 saturate=34310.5
KM_PROF msgloop guard=4020000 contexts=149264 msgs_pending=0 saturate_calls=32514 succ=4019999 pred=0 ground_wo=663369
KM_PROF[time-ms] msgloop pred_payload=0.0 pred_arrival=0.0 propagate=9350.2 | add_clause=12144.0 (lookup=2798.4 fwdsub=2419.8 backsub=1533.8 index=2641.6) hyper=16103.0 (lookup=1625.8 candidates=6409.8 reduce=234.7 join=1986.8) subsume=1284.0 pred_local=200.8 eq=493.4 saturate=34310.5
KM_PROF msgloop guard=4040000 contexts=149264 msgs_pending=0 saturate_calls=32514 succ=4039999 pred=0 ground_wo=663369
KM_PROF[time-ms] msgloop pred_payload=0.0 pred_arrival=0.0 propagate=9350.2 | add_clause=12151.4 (lookup=2800.6 fwdsub=2423.0 backsub=1533.8 index=2641.6) hyper=16103.0 (lookup=1625.8 candidates=6409.8 reduce=234.7 join=1986.8) subsume=1284.0 pred_local=200.8 eq=493.4 saturate=34310.5
KM_PROF msgloop guard=4060000 contexts=149264 msgs_pending=0 saturate_calls=32514 succ=4059999 pred=0 ground_wo=663369
KM_PROF[time-ms] msgloop pred_payload=0.0 pred_arrival=0.0 propagate=9350.2 | add_clause=12158.7 (lookup=2802.9 fwdsub=2426.2 backsub=1533.8 index=2641.6) hyper=16103.0 (lookup=1625.8 candidates=6409.8 reduce=234.7 join=1986.8) subsume=1284.0 pred_local=200.8 eq=493.4 saturate=34310.5
KM_PROF msgloop guard=4080000 contexts=149264 msgs_pending=0 saturate_calls=32514 succ=4079999 pred=0 ground_wo=663369
KM_PROF[time-ms] msgloop pred_payload=0.0 pred_arrival=0.0 propagate=9350.2 | add_clause=12165.9 (lookup=2805.1 fwdsub=2429.3 backsub=1533.8 index=2641.6) hyper=16103.0 (lookup=1625.8 candidates=6409.8 reduce=234.7 join=1986.8) subsume=1284.0 pred_local=200.8 eq=493.4 saturate=34310.5
KM_PROF msgloop guard=4100000 contexts=149264 msgs_pending=0 saturate_calls=32514 succ=4099999 pred=0 ground_wo=663369
KM_PROF[time-ms] msgloop pred_payload=0.0 pred_arrival=0.0 propagate=9350.2 | add_clause=12173.1 (lookup=2807.4 fwdsub=2432.4 backsub=1533.8 index=2641.6) hyper=16103.0 (lookup=1625.8 candidates=6409.8 reduce=234.7 join=1986.8) subsume=1284.0 pred_local=200.8 eq=493.4 saturate=34310.5
KM_PROF msgloop guard=4120000 contexts=149264 msgs_pending=0 saturate_calls=32514 succ=4119999 pred=0 ground_wo=663369
KM_PROF[time-ms] msgloop pred_payload=0.0 pred_arrival=0.0 propagate=9350.2 | add_clause=12180.3 (lookup=2809.7 fwdsub=2435.5 backsub=1533.8 index=2641.6) hyper=16103.0 (lookup=1625.8 candidates=6409.8 reduce=234.7 join=1986.8) subsume=1284.0 pred_local=200.8 eq=493.4 saturate=34310.5
KM_PROF msgloop guard=4140000 contexts=149264 msgs_pending=0 saturate_calls=32514 succ=4139999 pred=0 ground_wo=663369
KM_PROF[time-ms] msgloop pred_payload=0.0 pred_arrival=0.0 propagate=9350.2 | add_clause=12187.5 (lookup=2811.9 fwdsub=2438.5 backsub=1533.8 index=2641.6) hyper=16103.0 (lookup=1625.8 candidates=6409.8 reduce=234.7 join=1986.8) subsume=1284.0 pred_local=200.8 eq=493.4 saturate=34310.5
KM_PROF msgloop guard=4160000 contexts=149264 msgs_pending=0 saturate_calls=32514 succ=4159999 pred=0 ground_wo=663369
KM_PROF[time-ms] msgloop pred_payload=0.0 pred_arrival=0.0 propagate=9350.2 | add_clause=12194.6 (lookup=2814.2 fwdsub=2441.5 backsub=1533.8 index=2641.6) hyper=16103.0 (lookup=1625.8 candidates=6409.8 reduce=234.7 join=1986.8) subsume=1284.0 pred_local=200.8 eq=493.4 saturate=34310.5
KM_PROF msgloop guard=4180000 contexts=149264 msgs_pending=0 saturate_calls=32514 succ=4179999 pred=0 ground_wo=663369
KM_PROF[time-ms] msgloop pred_payload=0.0 pred_arrival=0.0 propagate=9350.2 | add_clause=12201.9 (lookup=2816.5 fwdsub=2444.7 backsub=1533.8 index=2641.6) hyper=16103.0 (lookup=1625.8 candidates=6409.8 reduce=234.7 join=1986.8) subsume=1284.0 pred_local=200.8 eq=493.4 saturate=34310.5
KM_PROF msgloop guard=4200000 contexts=149264 msgs_pending=0 saturate_calls=32514 succ=4199999 pred=0 ground_wo=663369
KM_PROF[time-ms] msgloop pred_payload=0.0 pred_arrival=0.0 propagate=9350.2 | add_clause=12209.1 (lookup=2818.7 fwdsub=2447.8 backsub=1533.8 index=2641.6) hyper=16103.0 (lookup=1625.8 candidates=6409.8 reduce=234.7 join=1986.8) subsume=1284.0 pred_local=200.8 eq=493.4 saturate=34310.5
KM_PROF msgloop guard=4220000 contexts=149264 msgs_pending=0 saturate_calls=32514 succ=4219999 pred=0 ground_wo=663369
KM_PROF[time-ms] msgloop pred_payload=0.0 pred_arrival=0.0 propagate=9350.2 | add_clause=12216.4 (lookup=2821.0 fwdsub=2450.9 backsub=1533.8 index=2641.6) hyper=16103.0 (lookup=1625.8 candidates=6409.8 reduce=234.7 join=1986.8) subsume=1284.0 pred_local=200.8 eq=493.4 saturate=34310.5
KM_PROF msgloop guard=4240000 contexts=149264 msgs_pending=0 saturate_calls=32514 succ=4239999 pred=0 ground_wo=663369
KM_PROF[time-ms] msgloop pred_payload=0.0 pred_arrival=0.0 propagate=9350.2 | add_clause=12223.8 (lookup=2823.3 fwdsub=2454.2 backsub=1533.8 index=2641.6) hyper=16103.0 (lookup=1625.8 candidates=6409.8 reduce=234.7 join=1986.8) subsume=1284.0 pred_local=200.8 eq=493.4 saturate=34310.5
KM_PROF msgloop guard=4260000 contexts=149264 msgs_pending=0 saturate_calls=32514 succ=4259999 pred=0 ground_wo=663369
KM_PROF[time-ms] msgloop pred_payload=0.0 pred_arrival=0.0 propagate=9350.2 | add_clause=12231.1 (lookup=2825.5 fwdsub=2457.4 backsub=1533.8 index=2641.6) hyper=16103.0 (lookup=1625.8 candidates=6409.8 reduce=234.7 join=1986.8) subsume=1284.0 pred_local=200.8 eq=493.4 saturate=34310.5
KM_PROF msgloop guard=4280000 contexts=149264 msgs_pending=0 saturate_calls=32514 succ=4279999 pred=0 ground_wo=663369
KM_PROF[time-ms] msgloop pred_payload=0.0 pred_arrival=0.0 propagate=9350.2 | add_clause=12238.5 (lookup=2827.8 fwdsub=2460.6 backsub=1533.8 index=2641.6) hyper=16103.0 (lookup=1625.8 candidates=6409.8 reduce=234.7 join=1986.8) subsume=1284.0 pred_local=200.8 eq=493.4 saturate=34310.5
KM_PROF msgloop guard=4300000 contexts=149264 msgs_pending=0 saturate_calls=32514 succ=4299999 pred=0 ground_wo=663369
KM_PROF[time-ms] msgloop pred_payload=0.0 pred_arrival=0.0 propagate=9350.2 | add_clause=12245.8 (lookup=2830.1 fwdsub=2463.8 backsub=1533.8 index=2641.6) hyper=16103.0 (lookup=1625.8 candidates=6409.8 reduce=234.7 join=1986.8) subsume=1284.0 pred_local=200.8 eq=493.4 saturate=34310.5
KM_PROF msgloop guard=4320000 contexts=149264 msgs_pending=0 saturate_calls=32514 succ=4319999 pred=0 ground_wo=663369
KM_PROF[time-ms] msgloop pred_payload=0.0 pred_arrival=0.0 propagate=9350.2 | add_clause=12253.1 (lookup=2832.3 fwdsub=2466.9 backsub=1533.8 index=2641.6) hyper=16103.0 (lookup=1625.8 candidates=6409.8 reduce=234.7 join=1986.8) subsume=1284.0 pred_local=200.8 eq=493.4 saturate=34310.5
KM_PROF msgloop guard=4340000 contexts=149264 msgs_pending=0 saturate_calls=32514 succ=4339999 pred=0 ground_wo=663369
KM_PROF[time-ms] msgloop pred_payload=0.0 pred_arrival=0.0 propagate=9350.2 | add_clause=12260.4 (lookup=2834.6 fwdsub=2470.1 backsub=1533.8 index=2641.6) hyper=16103.0 (lookup=1625.8 candidates=6409.8 reduce=234.7 join=1986.8) subsume=1284.0 pred_local=200.8 eq=493.4 saturate=34310.5
KM_PROF msgloop guard=4360000 contexts=149264 msgs_pending=0 saturate_calls=32514 succ=4359999 pred=0 ground_wo=663369
KM_PROF[time-ms] msgloop pred_payload=0.0 pred_arrival=0.0 propagate=9350.2 | add_clause=12267.7 (lookup=2836.9 fwdsub=2473.3 backsub=1533.8 index=2641.6) hyper=16103.0 (lookup=1625.8 candidates=6409.8 reduce=234.7 join=1986.8) subsume=1284.0 pred_local=200.8 eq=493.4 saturate=34310.5
KM_PROF msgloop guard=4380000 contexts=149264 msgs_pending=0 saturate_calls=32514 succ=4379999 pred=0 ground_wo=663369
KM_PROF[time-ms] msgloop pred_payload=0.0 pred_arrival=0.0 propagate=9350.2 | add_clause=12274.9 (lookup=2839.2 fwdsub=2476.4 backsub=1533.8 index=2641.6) hyper=16103.0 (lookup=1625.8 candidates=6409.8 reduce=234.7 join=1986.8) subsume=1284.0 pred_local=200.8 eq=493.4 saturate=34310.5
KM_PROF msgloop guard=4400000 contexts=149264 msgs_pending=0 saturate_calls=32514 succ=4399999 pred=0 ground_wo=663369
KM_PROF[time-ms] msgloop pred_payload=0.0 pred_arrival=0.0 propagate=9350.2 | add_clause=12282.2 (lookup=2841.4 fwdsub=2479.6 backsub=1533.8 index=2641.6) hyper=16103.0 (lookup=1625.8 candidates=6409.8 reduce=234.7 join=1986.8) subsume=1284.0 pred_local=200.8 eq=493.4 saturate=34310.5
KM_PROF msgloop guard=4420000 contexts=149264 msgs_pending=0 saturate_calls=32514 succ=4419999 pred=0 ground_wo=663369
KM_PROF[time-ms] msgloop pred_payload=0.0 pred_arrival=0.0 propagate=9350.2 | add_clause=12289.5 (lookup=2843.7 fwdsub=2482.8 backsub=1533.8 index=2641.6) hyper=16103.0 (lookup=1625.8 candidates=6409.8 reduce=234.7 join=1986.8) subsume=1284.0 pred_local=200.8 eq=493.4 saturate=34310.5
KM_PROF msgloop guard=4440000 contexts=149264 msgs_pending=0 saturate_calls=32514 succ=4439999 pred=0 ground_wo=663369
KM_PROF[time-ms] msgloop pred_payload=0.0 pred_arrival=0.0 propagate=9350.2 | add_clause=12296.7 (lookup=2846.0 fwdsub=2485.9 backsub=1533.8 index=2641.6) hyper=16103.0 (lookup=1625.8 candidates=6409.8 reduce=234.7 join=1986.8) subsume=1284.0 pred_local=200.8 eq=493.4 saturate=34310.5
KM_PROF msgloop guard=4460000 contexts=149264 msgs_pending=0 saturate_calls=32514 succ=4459999 pred=0 ground_wo=663369
KM_PROF[time-ms] msgloop pred_payload=0.0 pred_arrival=0.0 propagate=9350.2 | add_clause=12304.0 (lookup=2848.2 fwdsub=2489.0 backsub=1533.8 index=2641.6) hyper=16103.0 (lookup=1625.8 candidates=6409.8 reduce=234.7 join=1986.8) subsume=1284.0 pred_local=200.8 eq=493.4 saturate=34310.5
KM_PROF msgloop guard=4480000 contexts=149264 msgs_pending=0 saturate_calls=32514 succ=4479999 pred=0 ground_wo=663369
KM_PROF[time-ms] msgloop pred_payload=0.0 pred_arrival=0.0 propagate=9350.2 | add_clause=12311.2 (lookup=2850.5 fwdsub=2492.1 backsub=1533.8 index=2641.6) hyper=16103.0 (lookup=1625.8 candidates=6409.8 reduce=234.7 join=1986.8) subsume=1284.0 pred_local=200.8 eq=493.4 saturate=34310.5
KM_PROF msgloop guard=4500000 contexts=149264 msgs_pending=0 saturate_calls=32514 succ=4499999 pred=0 ground_wo=663369
KM_PROF[time-ms] msgloop pred_payload=0.0 pred_arrival=0.0 propagate=9350.2 | add_clause=12318.7 (lookup=2852.8 fwdsub=2495.4 backsub=1533.8 index=2641.6) hyper=16103.0 (lookup=1625.8 candidates=6409.8 reduce=234.7 join=1986.8) subsume=1284.0 pred_local=200.8 eq=493.4 saturate=34310.5
KM_PROF msgloop guard=4520000 contexts=149264 msgs_pending=0 saturate_calls=32514 succ=4519999 pred=0 ground_wo=663369
KM_PROF[time-ms] msgloop pred_payload=0.0 pred_arrival=0.0 propagate=9350.2 | add_clause=12326.2 (lookup=2855.0 fwdsub=2498.8 backsub=1533.8 index=2641.6) hyper=16103.0 (lookup=1625.8 candidates=6409.8 reduce=234.7 join=1986.8) subsume=1284.0 pred_local=200.8 eq=493.4 saturate=34310.5
KM_PROF msgloop guard=4540000 contexts=149264 msgs_pending=0 saturate_calls=32514 succ=4539999 pred=0 ground_wo=663369
KM_PROF[time-ms] msgloop pred_payload=0.0 pred_arrival=0.0 propagate=9350.2 | add_clause=12333.5 (lookup=2857.3 fwdsub=2501.9 backsub=1533.8 index=2641.6) hyper=16103.0 (lookup=1625.8 candidates=6409.8 reduce=234.7 join=1986.8) subsume=1284.0 pred_local=200.8 eq=493.4 saturate=34310.5
KM_PROF msgloop guard=4560000 contexts=149264 msgs_pending=0 saturate_calls=32514 succ=4559999 pred=0 ground_wo=663369
KM_PROF[time-ms] msgloop pred_payload=0.0 pred_arrival=0.0 propagate=9350.2 | add_clause=12340.8 (lookup=2859.6 fwdsub=2505.1 backsub=1533.8 index=2641.6) hyper=16103.0 (lookup=1625.8 candidates=6409.8 reduce=234.7 join=1986.8) subsume=1284.0 pred_local=200.8 eq=493.4 saturate=34310.5
KM_PROF msgloop guard=4580000 contexts=149264 msgs_pending=0 saturate_calls=32514 succ=4579999 pred=0 ground_wo=663369
KM_PROF[time-ms] msgloop pred_payload=0.0 pred_arrival=0.0 propagate=9350.2 | add_clause=12348.2 (lookup=2861.9 fwdsub=2508.4 backsub=1533.8 index=2641.6) hyper=16103.0 (lookup=1625.8 candidates=6409.8 reduce=234.7 join=1986.8) subsume=1284.0 pred_local=200.8 eq=493.4 saturate=34310.5
KM_PROF msgloop guard=4600000 contexts=149264 msgs_pending=0 saturate_calls=32514 succ=4599999 pred=0 ground_wo=663369
KM_PROF[time-ms] msgloop pred_payload=0.0 pred_arrival=0.0 propagate=9350.2 | add_clause=12355.5 (lookup=2864.1 fwdsub=2511.6 backsub=1533.8 index=2641.6) hyper=16103.0 (lookup=1625.8 candidates=6409.8 reduce=234.7 join=1986.8) subsume=1284.0 pred_local=200.8 eq=493.4 saturate=34310.5
KM_PROF msgloop guard=4620000 contexts=149264 msgs_pending=0 saturate_calls=32514 succ=4619999 pred=0 ground_wo=663369
KM_PROF[time-ms] msgloop pred_payload=0.0 pred_arrival=0.0 propagate=9350.2 | add_clause=12362.8 (lookup=2866.4 fwdsub=2514.8 backsub=1533.8 index=2641.6) hyper=16103.0 (lookup=1625.8 candidates=6409.8 reduce=234.7 join=1986.8) subsume=1284.0 pred_local=200.8 eq=493.4 saturate=34310.5
KM_PROF msgloop guard=4640000 contexts=149264 msgs_pending=0 saturate_calls=32514 succ=4639999 pred=0 ground_wo=663369
KM_PROF[time-ms] msgloop pred_payload=0.0 pred_arrival=0.0 propagate=9350.2 | add_clause=12370.1 (lookup=2868.7 fwdsub=2517.9 backsub=1533.8 index=2641.6) hyper=16103.0 (lookup=1625.8 candidates=6409.8 reduce=234.7 join=1986.8) subsume=1284.0 pred_local=200.8 eq=493.4 saturate=34310.5
KM_PROF msgloop guard=4660000 contexts=149264 msgs_pending=0 saturate_calls=32514 succ=4659999 pred=0 ground_wo=663369
KM_PROF[time-ms] msgloop pred_payload=0.0 pred_arrival=0.0 propagate=9350.2 | add_clause=12377.3 (lookup=2870.9 fwdsub=2521.0 backsub=1533.8 index=2641.6) hyper=16103.0 (lookup=1625.8 candidates=6409.8 reduce=234.7 join=1986.8) subsume=1284.0 pred_local=200.8 eq=493.4 saturate=34310.5
KM_PROF msgloop guard=4680000 contexts=149264 msgs_pending=0 saturate_calls=32514 succ=4679999 pred=0 ground_wo=663369
KM_PROF[time-ms] msgloop pred_payload=0.0 pred_arrival=0.0 propagate=9350.2 | add_clause=12384.4 (lookup=2873.2 fwdsub=2523.9 backsub=1533.8 index=2641.6) hyper=16103.0 (lookup=1625.8 candidates=6409.8 reduce=234.7 join=1986.8) subsume=1284.0 pred_local=200.8 eq=493.4 saturate=34310.5
KM_PROF msgloop guard=4700000 contexts=149264 msgs_pending=0 saturate_calls=32514 succ=4699999 pred=0 ground_wo=663369
KM_PROF[time-ms] msgloop pred_payload=0.0 pred_arrival=0.0 propagate=9350.2 | add_clause=12391.6 (lookup=2875.5 fwdsub=2527.0 backsub=1533.8 index=2641.6) hyper=16103.0 (lookup=1625.8 candidates=6409.8 reduce=234.7 join=1986.8) subsume=1284.0 pred_local=200.8 eq=493.4 saturate=34310.5
KM_PROF msgloop guard=4720000 contexts=149264 msgs_pending=0 saturate_calls=32514 succ=4719999 pred=0 ground_wo=663369
KM_PROF[time-ms] msgloop pred_payload=0.0 pred_arrival=0.0 propagate=9350.2 | add_clause=12399.0 (lookup=2877.8 fwdsub=2530.2 backsub=1533.8 index=2641.6) hyper=16103.0 (lookup=1625.8 candidates=6409.8 reduce=234.7 join=1986.8) subsume=1284.0 pred_local=200.8 eq=493.4 saturate=34310.5
KM_PROF msgloop guard=4740000 contexts=149264 msgs_pending=0 saturate_calls=32514 succ=4739999 pred=0 ground_wo=663369
KM_PROF[time-ms] msgloop pred_payload=0.0 pred_arrival=0.0 propagate=9350.2 | add_clause=12406.2 (lookup=2880.0 fwdsub=2533.3 backsub=1533.8 index=2641.6) hyper=16103.0 (lookup=1625.8 candidates=6409.8 reduce=234.7 join=1986.8) subsume=1284.0 pred_local=200.8 eq=493.4 saturate=34310.5
KM_PROF msgloop guard=4760000 contexts=149264 msgs_pending=0 saturate_calls=32514 succ=4759999 pred=0 ground_wo=663369
KM_PROF[time-ms] msgloop pred_payload=0.0 pred_arrival=0.0 propagate=9350.2 | add_clause=12413.3 (lookup=2882.3 fwdsub=2536.3 backsub=1533.8 index=2641.6) hyper=16103.0 (lookup=1625.8 candidates=6409.8 reduce=234.7 join=1986.8) subsume=1284.0 pred_local=200.8 eq=493.4 saturate=34310.5
KM_PROF msgloop guard=4780000 contexts=149264 msgs_pending=0 saturate_calls=32514 succ=4779999 pred=0 ground_wo=663369
KM_PROF[time-ms] msgloop pred_payload=0.0 pred_arrival=0.0 propagate=9350.2 | add_clause=12420.7 (lookup=2884.6 fwdsub=2539.6 backsub=1533.8 index=2641.6) hyper=16103.0 (lookup=1625.8 candidates=6409.8 reduce=234.7 join=1986.8) subsume=1284.0 pred_local=200.8 eq=493.4 saturate=34310.5
KM_PROF msgloop guard=4800000 contexts=149264 msgs_pending=0 saturate_calls=32514 succ=4799999 pred=0 ground_wo=663369
KM_PROF[time-ms] msgloop pred_payload=0.0 pred_arrival=0.0 propagate=9350.2 | add_clause=12428.1 (lookup=2886.8 fwdsub=2542.8 backsub=1533.8 index=2641.6) hyper=16103.0 (lookup=1625.8 candidates=6409.8 reduce=234.7 join=1986.8) subsume=1284.0 pred_local=200.8 eq=493.4 saturate=34310.5
KM_PROF msgloop guard=4820000 contexts=149264 msgs_pending=0 saturate_calls=32514 succ=4819999 pred=0 ground_wo=663369
KM_PROF[time-ms] msgloop pred_payload=0.0 pred_arrival=0.0 propagate=9350.2 | add_clause=12435.3 (lookup=2889.1 fwdsub=2545.9 backsub=1533.8 index=2641.6) hyper=16103.0 (lookup=1625.8 candidates=6409.8 reduce=234.7 join=1986.8) subsume=1284.0 pred_local=200.8 eq=493.4 saturate=34310.5
KM_PROF msgloop guard=4840000 contexts=149264 msgs_pending=0 saturate_calls=32514 succ=4839999 pred=0 ground_wo=663369
KM_PROF[time-ms] msgloop pred_payload=0.0 pred_arrival=0.0 propagate=9350.2 | add_clause=12442.5 (lookup=2891.4 fwdsub=2549.0 backsub=1533.8 index=2641.6) hyper=16103.0 (lookup=1625.8 candidates=6409.8 reduce=234.7 join=1986.8) subsume=1284.0 pred_local=200.8 eq=493.4 saturate=34310.5
KM_PROF msgloop guard=4860000 contexts=149264 msgs_pending=0 saturate_calls=32514 succ=4859999 pred=0 ground_wo=663369
KM_PROF[time-ms] msgloop pred_payload=0.0 pred_arrival=0.0 propagate=9350.2 | add_clause=12449.8 (lookup=2893.6 fwdsub=2552.1 backsub=1533.8 index=2641.6) hyper=16103.0 (lookup=1625.8 candidates=6409.8 reduce=234.7 join=1986.8) subsume=1284.0 pred_local=200.8 eq=493.4 saturate=34310.5
KM_PROF msgloop guard=4880000 contexts=149264 msgs_pending=0 saturate_calls=32514 succ=4879999 pred=0 ground_wo=663369
KM_PROF[time-ms] msgloop pred_payload=0.0 pred_arrival=0.0 propagate=9350.2 | add_clause=12457.1 (lookup=2895.9 fwdsub=2555.3 backsub=1533.8 index=2641.6) hyper=16103.0 (lookup=1625.8 candidates=6409.8 reduce=234.7 join=1986.8) subsume=1284.0 pred_local=200.8 eq=493.4 saturate=34310.5
KM_PROF msgloop guard=4900000 contexts=149264 msgs_pending=0 saturate_calls=32514 succ=4899999 pred=0 ground_wo=663369
KM_PROF[time-ms] msgloop pred_payload=0.0 pred_arrival=0.0 propagate=9350.2 | add_clause=12464.6 (lookup=2898.2 fwdsub=2558.7 backsub=1533.8 index=2641.6) hyper=16103.0 (lookup=1625.8 candidates=6409.8 reduce=234.7 join=1986.8) subsume=1284.0 pred_local=200.8 eq=493.4 saturate=34310.5
KM_PROF msgloop guard=4920000 contexts=149264 msgs_pending=0 saturate_calls=32514 succ=4919999 pred=0 ground_wo=663369
KM_PROF[time-ms] msgloop pred_payload=0.0 pred_arrival=0.0 propagate=9350.2 | add_clause=12471.9 (lookup=2900.5 fwdsub=2561.8 backsub=1533.8 index=2641.6) hyper=16103.0 (lookup=1625.8 candidates=6409.8 reduce=234.7 join=1986.8) subsume=1284.0 pred_local=200.8 eq=493.4 saturate=34310.5
KM_PROF msgloop guard=4940000 contexts=149264 msgs_pending=0 saturate_calls=32514 succ=4939999 pred=0 ground_wo=663369
KM_PROF[time-ms] msgloop pred_payload=0.0 pred_arrival=0.0 propagate=9350.2 | add_clause=12479.2 (lookup=2902.8 fwdsub=2565.0 backsub=1533.8 index=2641.6) hyper=16103.0 (lookup=1625.8 candidates=6409.8 reduce=234.7 join=1986.8) subsume=1284.0 pred_local=200.8 eq=493.4 saturate=34310.5
KM_PROF msgloop guard=4960000 contexts=149264 msgs_pending=0 saturate_calls=32514 succ=4959999 pred=0 ground_wo=663369
KM_PROF[time-ms] msgloop pred_payload=0.0 pred_arrival=0.0 propagate=9350.2 | add_clause=12486.4 (lookup=2905.1 fwdsub=2568.1 backsub=1533.8 index=2641.6) hyper=16103.0 (lookup=1625.8 candidates=6409.8 reduce=234.7 join=1986.8) subsume=1284.0 pred_local=200.8 eq=493.4 saturate=34310.5
KM_PROF msgloop guard=4980000 contexts=149264 msgs_pending=0 saturate_calls=32514 succ=4979999 pred=0 ground_wo=663369
KM_PROF[time-ms] msgloop pred_payload=0.0 pred_arrival=0.0 propagate=9350.2 | add_clause=12493.8 (lookup=2907.3 fwdsub=2571.3 backsub=1533.8 index=2641.6) hyper=16103.0 (lookup=1625.8 candidates=6409.8 reduce=234.7 join=1986.8) subsume=1284.0 pred_local=200.8 eq=493.4 saturate=34310.5
KM_PROF msgloop guard=5000000 contexts=149264 msgs_pending=0 saturate_calls=32514 succ=4999999 pred=0 ground_wo=663369
KM_PROF[time-ms] msgloop pred_payload=0.0 pred_arrival=0.0 propagate=9350.2 | add_clause=12501.2 (lookup=2909.6 fwdsub=2574.5 backsub=1533.8 index=2641.6) hyper=16103.0 (lookup=1625.8 candidates=6409.8 reduce=234.7 join=1986.8) subsume=1284.0 pred_local=200.8 eq=493.4 saturate=34310.5
KM_PROF msgloop guard=5020000 contexts=149264 msgs_pending=0 saturate_calls=32514 succ=5019999 pred=0 ground_wo=663369
KM_PROF[time-ms] msgloop pred_payload=0.0 pred_arrival=0.0 propagate=9350.2 | add_clause=12508.4 (lookup=2911.9 fwdsub=2577.6 backsub=1533.8 index=2641.6) hyper=16103.0 (lookup=1625.8 candidates=6409.8 reduce=234.7 join=1986.8) subsume=1284.0 pred_local=200.8 eq=493.4 saturate=34310.5
KM_PROF msgloop guard=5040000 contexts=149264 msgs_pending=0 saturate_calls=32514 succ=5039999 pred=0 ground_wo=663369
KM_PROF[time-ms] msgloop pred_payload=0.0 pred_arrival=0.0 propagate=9350.2 | add_clause=12515.7 (lookup=2914.2 fwdsub=2580.7 backsub=1533.8 index=2641.6) hyper=16103.0 (lookup=1625.8 candidates=6409.8 reduce=234.7 join=1986.8) subsume=1284.0 pred_local=200.8 eq=493.4 saturate=34310.5
KM_PROF msgloop guard=5060000 contexts=149264 msgs_pending=0 saturate_calls=32514 succ=5059999 pred=0 ground_wo=663369
KM_PROF[time-ms] msgloop pred_payload=0.0 pred_arrival=0.0 propagate=9350.2 | add_clause=12522.6 (lookup=2916.4 fwdsub=2583.6 backsub=1533.8 index=2641.6) hyper=16103.0 (lookup=1625.8 candidates=6409.8 reduce=234.7 join=1986.8) subsume=1284.0 pred_local=200.8 eq=493.4 saturate=34310.5
KM_PROF msgloop guard=5080000 contexts=149264 msgs_pending=0 saturate_calls=32514 succ=5079999 pred=0 ground_wo=663369
KM_PROF[time-ms] msgloop pred_payload=0.0 pred_arrival=0.0 propagate=9350.2 | add_clause=12529.6 (lookup=2918.6 fwdsub=2586.5 backsub=1533.8 index=2641.6) hyper=16103.0 (lookup=1625.8 candidates=6409.8 reduce=234.7 join=1986.8) subsume=1284.0 pred_local=200.8 eq=493.4 saturate=34310.5
KM_PROF msgloop guard=5100000 contexts=149264 msgs_pending=0 saturate_calls=32514 succ=5099999 pred=0 ground_wo=663369
KM_PROF[time-ms] msgloop pred_payload=0.0 pred_arrival=0.0 propagate=9350.2 | add_clause=12536.6 (lookup=2920.9 fwdsub=2589.4 backsub=1533.8 index=2641.6) hyper=16103.0 (lookup=1625.8 candidates=6409.8 reduce=234.7 join=1986.8) subsume=1284.0 pred_local=200.8 eq=493.4 saturate=34310.5
KM_PROF msgloop guard=5120000 contexts=149264 msgs_pending=0 saturate_calls=32514 succ=5119999 pred=0 ground_wo=663369
KM_PROF[time-ms] msgloop pred_payload=0.0 pred_arrival=0.0 propagate=9350.2 | add_clause=12543.7 (lookup=2923.1 fwdsub=2592.4 backsub=1533.8 index=2641.6) hyper=16103.0 (lookup=1625.8 candidates=6409.8 reduce=234.7 join=1986.8) subsume=1284.0 pred_local=200.8 eq=493.4 saturate=34310.5
KM_PROF msgloop guard=5140000 contexts=149264 msgs_pending=0 saturate_calls=32514 succ=5139999 pred=0 ground_wo=663369
KM_PROF[time-ms] msgloop pred_payload=0.0 pred_arrival=0.0 propagate=9350.2 | add_clause=12550.9 (lookup=2925.4 fwdsub=2595.5 backsub=1533.8 index=2641.6) hyper=16103.0 (lookup=1625.8 candidates=6409.8 reduce=234.7 join=1986.8) subsume=1284.0 pred_local=200.8 eq=493.4 saturate=34310.5
KM_PROF msgloop guard=5160000 contexts=149264 msgs_pending=0 saturate_calls=32514 succ=5159999 pred=0 ground_wo=663369
KM_PROF[time-ms] msgloop pred_payload=0.0 pred_arrival=0.0 propagate=9350.2 | add_clause=12558.2 (lookup=2927.7 fwdsub=2598.6 backsub=1533.8 index=2641.6) hyper=16103.0 (lookup=1625.8 candidates=6409.8 reduce=234.7 join=1986.8) subsume=1284.0 pred_local=200.8 eq=493.4 saturate=34310.5
KM_PROF msgloop guard=5180000 contexts=149264 msgs_pending=0 saturate_calls=32514 succ=5179999 pred=0 ground_wo=663369
KM_PROF[time-ms] msgloop pred_payload=0.0 pred_arrival=0.0 propagate=9350.2 | add_clause=12565.5 (lookup=2929.9 fwdsub=2601.8 backsub=1533.8 index=2641.6) hyper=16103.0 (lookup=1625.8 candidates=6409.8 reduce=234.7 join=1986.8) subsume=1284.0 pred_local=200.8 eq=493.4 saturate=34310.5
KM_PROF msgloop guard=5200000 contexts=149264 msgs_pending=0 saturate_calls=32514 succ=5199999 pred=0 ground_wo=663369
KM_PROF[time-ms] msgloop pred_payload=0.0 pred_arrival=0.0 propagate=9350.2 | add_clause=12572.7 (lookup=2932.2 fwdsub=2604.9 backsub=1533.8 index=2641.6) hyper=16103.0 (lookup=1625.8 candidates=6409.8 reduce=234.7 join=1986.8) subsume=1284.0 pred_local=200.8 eq=493.4 saturate=34310.5
KM_PROF msgloop guard=5220000 contexts=149264 msgs_pending=0 saturate_calls=32514 succ=5219999 pred=0 ground_wo=663369
KM_PROF[time-ms] msgloop pred_payload=0.0 pred_arrival=0.0 propagate=9350.2 | add_clause=12579.9 (lookup=2934.5 fwdsub=2607.9 backsub=1533.8 index=2641.6) hyper=16103.0 (lookup=1625.8 candidates=6409.8 reduce=234.7 join=1986.8) subsume=1284.0 pred_local=200.8 eq=493.4 saturate=34310.5
KM_PROF msgloop guard=5240000 contexts=149264 msgs_pending=0 saturate_calls=32514 succ=5239999 pred=0 ground_wo=663369
KM_PROF[time-ms] msgloop pred_payload=0.0 pred_arrival=0.0 propagate=9350.2 | add_clause=12587.1 (lookup=2936.7 fwdsub=2611.0 backsub=1533.8 index=2641.6) hyper=16103.0 (lookup=1625.8 candidates=6409.8 reduce=234.7 join=1986.8) subsume=1284.0 pred_local=200.8 eq=493.4 saturate=34310.5
KM_PROF msgloop guard=5260000 contexts=149264 msgs_pending=0 saturate_calls=32514 succ=5259999 pred=0 ground_wo=663369
KM_PROF[time-ms] msgloop pred_payload=0.0 pred_arrival=0.0 propagate=9350.2 | add_clause=12594.2 (lookup=2939.0 fwdsub=2614.0 backsub=1533.8 index=2641.6) hyper=16103.0 (lookup=1625.8 candidates=6409.8 reduce=234.7 join=1986.8) subsume=1284.0 pred_local=200.8 eq=493.4 saturate=34310.5
KM_PROF msgloop guard=5280000 contexts=149264 msgs_pending=0 saturate_calls=32514 succ=5279999 pred=0 ground_wo=663369
KM_PROF[time-ms] msgloop pred_payload=0.0 pred_arrival=0.0 propagate=9350.2 | add_clause=12601.3 (lookup=2941.2 fwdsub=2617.0 backsub=1533.8 index=2641.6) hyper=16103.0 (lookup=1625.8 candidates=6409.8 reduce=234.7 join=1986.8) subsume=1284.0 pred_local=200.8 eq=493.4 saturate=34310.5
KM_PROF msgloop guard=5300000 contexts=149264 msgs_pending=0 saturate_calls=32514 succ=5299999 pred=0 ground_wo=663369
KM_PROF[time-ms] msgloop pred_payload=0.0 pred_arrival=0.0 propagate=9350.2 | add_clause=12608.4 (lookup=2943.5 fwdsub=2620.0 backsub=1533.8 index=2641.6) hyper=16103.0 (lookup=1625.8 candidates=6409.8 reduce=234.7 join=1986.8) subsume=1284.0 pred_local=200.8 eq=493.4 saturate=34310.5
KM_PROF msgloop guard=5320000 contexts=149264 msgs_pending=0 saturate_calls=32514 succ=5319999 pred=0 ground_wo=663369
KM_PROF[time-ms] msgloop pred_payload=0.0 pred_arrival=0.0 propagate=9350.2 | add_clause=12615.5 (lookup=2945.8 fwdsub=2623.0 backsub=1533.8 index=2641.6) hyper=16103.0 (lookup=1625.8 candidates=6409.8 reduce=234.7 join=1986.8) subsume=1284.0 pred_local=200.8 eq=493.4 saturate=34310.5
KM_PROF msgloop guard=5340000 contexts=149264 msgs_pending=0 saturate_calls=32514 succ=5339999 pred=0 ground_wo=663369
KM_PROF[time-ms] msgloop pred_payload=0.0 pred_arrival=0.0 propagate=9350.2 | add_clause=12622.7 (lookup=2948.0 fwdsub=2626.0 backsub=1533.8 index=2641.6) hyper=16103.0 (lookup=1625.8 candidates=6409.8 reduce=234.7 join=1986.8) subsume=1284.0 pred_local=200.8 eq=493.4 saturate=34310.5
KM_PROF msgloop guard=5360000 contexts=149264 msgs_pending=0 saturate_calls=32514 succ=5359999 pred=0 ground_wo=663369
KM_PROF[time-ms] msgloop pred_payload=0.0 pred_arrival=0.0 propagate=9350.2 | add_clause=12629.9 (lookup=2950.3 fwdsub=2629.1 backsub=1533.8 index=2641.6) hyper=16103.0 (lookup=1625.8 candidates=6409.8 reduce=234.7 join=1986.8) subsume=1284.0 pred_local=200.8 eq=493.4 saturate=34310.5
KM_PROF msgloop guard=5380000 contexts=149264 msgs_pending=0 saturate_calls=32514 succ=5379999 pred=0 ground_wo=663369
KM_PROF[time-ms] msgloop pred_payload=0.0 pred_arrival=0.0 propagate=9350.2 | add_clause=12637.0 (lookup=2952.6 fwdsub=2632.1 backsub=1533.8 index=2641.6) hyper=16103.0 (lookup=1625.8 candidates=6409.8 reduce=234.7 join=1986.8) subsume=1284.0 pred_local=200.8 eq=493.4 saturate=34310.5
KM_PROF msgloop guard=5400000 contexts=149264 msgs_pending=0 saturate_calls=32514 succ=5399999 pred=0 ground_wo=663369
KM_PROF[time-ms] msgloop pred_payload=0.0 pred_arrival=0.0 propagate=9350.2 | add_clause=12644.1 (lookup=2954.8 fwdsub=2635.1 backsub=1533.8 index=2641.6) hyper=16103.0 (lookup=1625.8 candidates=6409.8 reduce=234.7 join=1986.8) subsume=1284.0 pred_local=200.8 eq=493.4 saturate=34310.5
KM_PROF msgloop guard=5420000 contexts=149264 msgs_pending=0 saturate_calls=32514 succ=5419999 pred=0 ground_wo=663369
KM_PROF[time-ms] msgloop pred_payload=0.0 pred_arrival=0.0 propagate=9350.2 | add_clause=12651.4 (lookup=2957.1 fwdsub=2638.2 backsub=1533.8 index=2641.6) hyper=16103.0 (lookup=1625.8 candidates=6409.8 reduce=234.7 join=1986.8) subsume=1284.0 pred_local=200.8 eq=493.4 saturate=34310.5
KM_PROF msgloop guard=5440000 contexts=149264 msgs_pending=0 saturate_calls=32514 succ=5439999 pred=0 ground_wo=663369
KM_PROF[time-ms] msgloop pred_payload=0.0 pred_arrival=0.0 propagate=9350.2 | add_clause=12658.7 (lookup=2959.3 fwdsub=2641.4 backsub=1533.8 index=2641.6) hyper=16103.0 (lookup=1625.8 candidates=6409.8 reduce=234.7 join=1986.8) subsume=1284.0 pred_local=200.8 eq=493.4 saturate=34310.5
KM_PROF msgloop guard=5460000 contexts=149264 msgs_pending=0 saturate_calls=32514 succ=5459999 pred=0 ground_wo=663369
KM_PROF[time-ms] msgloop pred_payload=0.0 pred_arrival=0.0 propagate=9350.2 | add_clause=12666.0 (lookup=2961.6 fwdsub=2644.6 backsub=1533.8 index=2641.6) hyper=16103.0 (lookup=1625.8 candidates=6409.8 reduce=234.7 join=1986.8) subsume=1284.0 pred_local=200.8 eq=493.4 saturate=34310.5
KM_PROF msgloop guard=5480000 contexts=149264 msgs_pending=0 saturate_calls=32514 succ=5479999 pred=0 ground_wo=663369
KM_PROF[time-ms] msgloop pred_payload=0.0 pred_arrival=0.0 propagate=9350.2 | add_clause=12673.2 (lookup=2963.9 fwdsub=2647.6 backsub=1533.8 index=2641.6) hyper=16103.0 (lookup=1625.8 candidates=6409.8 reduce=234.7 join=1986.8) subsume=1284.0 pred_local=200.8 eq=493.4 saturate=34310.5
KM_PROF msgloop guard=5500000 contexts=149264 msgs_pending=0 saturate_calls=32514 succ=5499999 pred=0 ground_wo=663369
KM_PROF[time-ms] msgloop pred_payload=0.0 pred_arrival=0.0 propagate=9350.2 | add_clause=12680.6 (lookup=2966.2 fwdsub=2650.9 backsub=1533.8 index=2641.6) hyper=16103.0 (lookup=1625.8 candidates=6409.8 reduce=234.7 join=1986.8) subsume=1284.0 pred_local=200.8 eq=493.4 saturate=34310.5
KM_PROF msgloop guard=5520000 contexts=149264 msgs_pending=0 saturate_calls=32514 succ=5519999 pred=0 ground_wo=663369
KM_PROF[time-ms] msgloop pred_payload=0.0 pred_arrival=0.0 propagate=9350.2 | add_clause=12687.7 (lookup=2968.4 fwdsub=2653.9 backsub=1533.8 index=2641.6) hyper=16103.0 (lookup=1625.8 candidates=6409.8 reduce=234.7 join=1986.8) subsume=1284.0 pred_local=200.8 eq=493.4 saturate=34310.5
KM_PROF msgloop guard=5540000 contexts=149264 msgs_pending=0 saturate_calls=32514 succ=5539999 pred=0 ground_wo=663369
KM_PROF[time-ms] msgloop pred_payload=0.0 pred_arrival=0.0 propagate=9350.2 | add_clause=12695.0 (lookup=2970.7 fwdsub=2657.1 backsub=1533.8 index=2641.6) hyper=16103.0 (lookup=1625.8 candidates=6409.8 reduce=234.7 join=1986.8) subsume=1284.0 pred_local=200.8 eq=493.4 saturate=34310.5
KM_PROF msgloop guard=5560000 contexts=149264 msgs_pending=0 saturate_calls=32514 succ=5559999 pred=0 ground_wo=663369
KM_PROF[time-ms] msgloop pred_payload=0.0 pred_arrival=0.0 propagate=9350.2 | add_clause=12702.5 (lookup=2973.0 fwdsub=2660.4 backsub=1533.8 index=2641.6) hyper=16103.0 (lookup=1625.8 candidates=6409.8 reduce=234.7 join=1986.8) subsume=1284.0 pred_local=200.8 eq=493.4 saturate=34310.5
KM_PROF msgloop guard=5580000 contexts=149264 msgs_pending=0 saturate_calls=32514 succ=5579999 pred=0 ground_wo=663369
KM_PROF[time-ms] msgloop pred_payload=0.0 pred_arrival=0.0 propagate=9350.2 | add_clause=12709.9 (lookup=2975.3 fwdsub=2663.6 backsub=1533.8 index=2641.6) hyper=16103.0 (lookup=1625.8 candidates=6409.8 reduce=234.7 join=1986.8) subsume=1284.0 pred_local=200.8 eq=493.4 saturate=34310.5
KM_PROF msgloop guard=5600000 contexts=149264 msgs_pending=0 saturate_calls=32514 succ=5599999 pred=0 ground_wo=663369
KM_PROF[time-ms] msgloop pred_payload=0.0 pred_arrival=0.0 propagate=9350.2 | add_clause=12717.3 (lookup=2977.5 fwdsub=2666.9 backsub=1533.8 index=2641.6) hyper=16103.0 (lookup=1625.8 candidates=6409.8 reduce=234.7 join=1986.8) subsume=1284.0 pred_local=200.8 eq=493.4 saturate=34310.5
KM_PROF msgloop guard=5620000 contexts=149264 msgs_pending=0 saturate_calls=32514 succ=5619999 pred=0 ground_wo=663369
KM_PROF[time-ms] msgloop pred_payload=0.0 pred_arrival=0.0 propagate=9350.2 | add_clause=12724.6 (lookup=2979.8 fwdsub=2670.1 backsub=1533.8 index=2641.6) hyper=16103.0 (lookup=1625.8 candidates=6409.8 reduce=234.7 join=1986.8) subsume=1284.0 pred_local=200.8 eq=493.4 saturate=34310.5
KM_PROF msgloop guard=5640000 contexts=149264 msgs_pending=0 saturate_calls=32514 succ=5639999 pred=0 ground_wo=663369
KM_PROF[time-ms] msgloop pred_payload=0.0 pred_arrival=0.0 propagate=9350.2 | add_clause=12731.9 (lookup=2982.1 fwdsub=2673.3 backsub=1533.8 index=2641.6) hyper=16103.0 (lookup=1625.8 candidates=6409.8 reduce=234.7 join=1986.8) subsume=1284.0 pred_local=200.8 eq=493.4 saturate=34310.5
KM_PROF msgloop guard=5660000 contexts=149264 msgs_pending=0 saturate_calls=32514 succ=5659999 pred=0 ground_wo=663369
KM_PROF[time-ms] msgloop pred_payload=0.0 pred_arrival=0.0 propagate=9350.2 | add_clause=12739.2 (lookup=2984.3 fwdsub=2676.4 backsub=1533.8 index=2641.6) hyper=16103.0 (lookup=1625.8 candidates=6409.8 reduce=234.7 join=1986.8) subsume=1284.0 pred_local=200.8 eq=493.4 saturate=34310.5
KM_PROF msgloop guard=5680000 contexts=149264 msgs_pending=0 saturate_calls=32514 succ=5679999 pred=0 ground_wo=663369
KM_PROF[time-ms] msgloop pred_payload=0.0 pred_arrival=0.0 propagate=9350.2 | add_clause=12746.5 (lookup=2986.6 fwdsub=2679.6 backsub=1533.8 index=2641.6) hyper=16103.0 (lookup=1625.8 candidates=6409.8 reduce=234.7 join=1986.8) subsume=1284.0 pred_local=200.8 eq=493.4 saturate=34310.5
KM_PROF msgloop guard=5700000 contexts=149264 msgs_pending=0 saturate_calls=32514 succ=5699999 pred=0 ground_wo=663369
KM_PROF[time-ms] msgloop pred_payload=0.0 pred_arrival=0.0 propagate=9350.2 | add_clause=12753.9 (lookup=2988.9 fwdsub=2682.9 backsub=1533.8 index=2641.6) hyper=16103.0 (lookup=1625.8 candidates=6409.8 reduce=234.7 join=1986.8) subsume=1284.0 pred_local=200.8 eq=493.4 saturate=34310.5
KM_PROF msgloop guard=5720000 contexts=149264 msgs_pending=0 saturate_calls=32514 succ=5719999 pred=0 ground_wo=663369
KM_PROF[time-ms] msgloop pred_payload=0.0 pred_arrival=0.0 propagate=9350.2 | add_clause=12761.1 (lookup=2991.2 fwdsub=2686.0 backsub=1533.8 index=2641.6) hyper=16103.0 (lookup=1625.8 candidates=6409.8 reduce=234.7 join=1986.8) subsume=1284.0 pred_local=200.8 eq=493.4 saturate=34310.5
KM_PROF msgloop guard=5740000 contexts=149264 msgs_pending=0 saturate_calls=32514 succ=5739999 pred=0 ground_wo=663369
KM_PROF[time-ms] msgloop pred_payload=0.0 pred_arrival=0.0 propagate=9350.2 | add_clause=12768.5 (lookup=2993.5 fwdsub=2689.2 backsub=1533.8 index=2641.6) hyper=16103.0 (lookup=1625.8 candidates=6409.8 reduce=234.7 join=1986.8) subsume=1284.0 pred_local=200.8 eq=493.4 saturate=34310.5
KM_PROF msgloop guard=5760000 contexts=149264 msgs_pending=0 saturate_calls=32514 succ=5759999 pred=0 ground_wo=663369
KM_PROF[time-ms] msgloop pred_payload=0.0 pred_arrival=0.0 propagate=9350.2 | add_clause=12775.9 (lookup=2995.7 fwdsub=2692.5 backsub=1533.8 index=2641.6) hyper=16103.0 (lookup=1625.8 candidates=6409.8 reduce=234.7 join=1986.8) subsume=1284.0 pred_local=200.8 eq=493.4 saturate=34310.5
KM_PROF msgloop guard=5780000 contexts=149264 msgs_pending=0 saturate_calls=32514 succ=5779999 pred=0 ground_wo=663369
KM_PROF[time-ms] msgloop pred_payload=0.0 pred_arrival=0.0 propagate=9350.2 | add_clause=12783.3 (lookup=2998.0 fwdsub=2695.7 backsub=1533.8 index=2641.6) hyper=16103.0 (lookup=1625.8 candidates=6409.8 reduce=234.7 join=1986.8) subsume=1284.0 pred_local=200.8 eq=493.4 saturate=34310.5
KM_PROF msgloop guard=5800000 contexts=149264 msgs_pending=0 saturate_calls=32514 succ=5799999 pred=0 ground_wo=663369
KM_PROF[time-ms] msgloop pred_payload=0.0 pred_arrival=0.0 propagate=9350.2 | add_clause=12790.6 (lookup=3000.3 fwdsub=2698.9 backsub=1533.8 index=2641.6) hyper=16103.0 (lookup=1625.8 candidates=6409.8 reduce=234.7 join=1986.8) subsume=1284.0 pred_local=200.8 eq=493.4 saturate=34310.5
KM_PROF msgloop guard=5820000 contexts=149264 msgs_pending=0 saturate_calls=32514 succ=5819999 pred=0 ground_wo=663369
KM_PROF[time-ms] msgloop pred_payload=0.0 pred_arrival=0.0 propagate=9350.2 | add_clause=12797.9 (lookup=3002.6 fwdsub=2702.1 backsub=1533.8 index=2641.6) hyper=16103.0 (lookup=1625.8 candidates=6409.8 reduce=234.7 join=1986.8) subsume=1284.0 pred_local=200.8 eq=493.4 saturate=34310.5
KM_PROF msgloop guard=5840000 contexts=149264 msgs_pending=0 saturate_calls=32514 succ=5839999 pred=0 ground_wo=663369
KM_PROF[time-ms] msgloop pred_payload=0.0 pred_arrival=0.0 propagate=9350.2 | add_clause=12805.2 (lookup=3004.9 fwdsub=2705.2 backsub=1533.8 index=2641.6) hyper=16103.0 (lookup=1625.8 candidates=6409.8 reduce=234.7 join=1986.8) subsume=1284.0 pred_local=200.8 eq=493.4 saturate=34310.5
KM_PROF msgloop guard=5860000 contexts=149264 msgs_pending=0 saturate_calls=32514 succ=5859999 pred=0 ground_wo=663369
KM_PROF[time-ms] msgloop pred_payload=0.0 pred_arrival=0.0 propagate=9350.2 | add_clause=12812.4 (lookup=3007.1 fwdsub=2708.3 backsub=1533.8 index=2641.6) hyper=16103.0 (lookup=1625.8 candidates=6409.8 reduce=234.7 join=1986.8) subsume=1284.0 pred_local=200.8 eq=493.4 saturate=34310.5
KM_PROF msgloop guard=5880000 contexts=149264 msgs_pending=0 saturate_calls=32514 succ=5879999 pred=0 ground_wo=663369
KM_PROF[time-ms] msgloop pred_payload=0.0 pred_arrival=0.0 propagate=9350.2 | add_clause=12819.5 (lookup=3009.4 fwdsub=2711.3 backsub=1533.8 index=2641.6) hyper=16103.0 (lookup=1625.8 candidates=6409.8 reduce=234.7 join=1986.8) subsume=1284.0 pred_local=200.8 eq=493.4 saturate=34310.5
KM_PROF msgloop guard=5900000 contexts=149264 msgs_pending=0 saturate_calls=32514 succ=5899999 pred=0 ground_wo=663369
KM_PROF[time-ms] msgloop pred_payload=0.0 pred_arrival=0.0 propagate=9350.2 | add_clause=12826.7 (lookup=3011.7 fwdsub=2714.3 backsub=1533.8 index=2641.6) hyper=16103.0 (lookup=1625.8 candidates=6409.8 reduce=234.7 join=1986.8) subsume=1284.0 pred_local=200.8 eq=493.4 saturate=34310.5
KM_PROF msgloop guard=5920000 contexts=149264 msgs_pending=0 saturate_calls=32514 succ=5919999 pred=0 ground_wo=663369
KM_PROF[time-ms] msgloop pred_payload=0.0 pred_arrival=0.0 propagate=9350.2 | add_clause=12833.9 (lookup=3013.9 fwdsub=2717.4 backsub=1533.8 index=2641.6) hyper=16103.0 (lookup=1625.8 candidates=6409.8 reduce=234.7 join=1986.8) subsume=1284.0 pred_local=200.8 eq=493.4 saturate=34310.5
KM_PROF msgloop guard=5940000 contexts=149264 msgs_pending=0 saturate_calls=32514 succ=5939999 pred=0 ground_wo=663369
KM_PROF[time-ms] msgloop pred_payload=0.0 pred_arrival=0.0 propagate=9350.2 | add_clause=12841.3 (lookup=3016.2 fwdsub=2720.7 backsub=1533.8 index=2641.6) hyper=16103.0 (lookup=1625.8 candidates=6409.8 reduce=234.7 join=1986.8) subsume=1284.0 pred_local=200.8 eq=493.4 saturate=34310.5
KM_PROF msgloop guard=5960000 contexts=149264 msgs_pending=0 saturate_calls=32514 succ=5959999 pred=0 ground_wo=663369
KM_PROF[time-ms] msgloop pred_payload=0.0 pred_arrival=0.0 propagate=9350.2 | add_clause=12848.8 (lookup=3018.5 fwdsub=2724.0 backsub=1533.8 index=2641.6) hyper=16103.0 (lookup=1625.8 candidates=6409.8 reduce=234.7 join=1986.8) subsume=1284.0 pred_local=200.8 eq=493.4 saturate=34310.5
KM_PROF msgloop guard=5980000 contexts=149264 msgs_pending=0 saturate_calls=32514 succ=5979999 pred=0 ground_wo=663369
KM_PROF[time-ms] msgloop pred_payload=0.0 pred_arrival=0.0 propagate=9350.2 | add_clause=12856.4 (lookup=3020.8 fwdsub=2727.4 backsub=1533.8 index=2641.6) hyper=16103.0 (lookup=1625.8 candidates=6409.8 reduce=234.7 join=1986.8) subsume=1284.0 pred_local=200.8 eq=493.4 saturate=34310.5
KM_PROF msgloop guard=6000000 contexts=149264 msgs_pending=0 saturate_calls=32514 succ=5999999 pred=0 ground_wo=663369
KM_PROF[time-ms] msgloop pred_payload=0.0 pred_arrival=0.0 propagate=9350.2 | add_clause=12863.7 (lookup=3023.1 fwdsub=2730.6 backsub=1533.8 index=2641.6) hyper=16103.0 (lookup=1625.8 candidates=6409.8 reduce=234.7 join=1986.8) subsume=1284.0 pred_local=200.8 eq=493.4 saturate=34310.5
KM_PROF msgloop guard=6020000 contexts=149264 msgs_pending=0 saturate_calls=32514 succ=6019999 pred=0 ground_wo=663369
KM_PROF[time-ms] msgloop pred_payload=0.0 pred_arrival=0.0 propagate=9350.2 | add_clause=12871.0 (lookup=3025.4 fwdsub=2733.8 backsub=1533.8 index=2641.6) hyper=16103.0 (lookup=1625.8 candidates=6409.8 reduce=234.7 join=1986.8) subsume=1284.0 pred_local=200.8 eq=493.4 saturate=34310.5
KM_PROF msgloop guard=6040000 contexts=149264 msgs_pending=0 saturate_calls=32514 succ=6039999 pred=0 ground_wo=663369
KM_PROF[time-ms] msgloop pred_payload=0.0 pred_arrival=0.0 propagate=9350.2 | add_clause=12878.4 (lookup=3027.6 fwdsub=2737.0 backsub=1533.8 index=2641.6) hyper=16103.0 (lookup=1625.8 candidates=6409.8 reduce=234.7 join=1986.8) subsume=1284.0 pred_local=200.8 eq=493.4 saturate=34310.5
KM_PROF msgloop guard=6060000 contexts=149264 msgs_pending=0 saturate_calls=32514 succ=6059999 pred=0 ground_wo=663369
KM_PROF[time-ms] msgloop pred_payload=0.0 pred_arrival=0.0 propagate=9350.2 | add_clause=12885.8 (lookup=3029.9 fwdsub=2740.3 backsub=1533.8 index=2641.6) hyper=16103.0 (lookup=1625.8 candidates=6409.8 reduce=234.7 join=1986.8) subsume=1284.0 pred_local=200.8 eq=493.4 saturate=34310.5
KM_PROF msgloop guard=6080000 contexts=149264 msgs_pending=0 saturate_calls=32514 succ=6079999 pred=0 ground_wo=663369
KM_PROF[time-ms] msgloop pred_payload=0.0 pred_arrival=0.0 propagate=9350.2 | add_clause=12893.1 (lookup=3032.2 fwdsub=2743.5 backsub=1533.8 index=2641.6) hyper=16103.0 (lookup=1625.8 candidates=6409.8 reduce=234.7 join=1986.8) subsume=1284.0 pred_local=200.8 eq=493.4 saturate=34310.5
KM_PROF msgloop guard=6100000 contexts=149264 msgs_pending=0 saturate_calls=32514 succ=6099999 pred=0 ground_wo=663369
KM_PROF[time-ms] msgloop pred_payload=0.0 pred_arrival=0.0 propagate=9350.2 | add_clause=12900.4 (lookup=3034.4 fwdsub=2746.7 backsub=1533.8 index=2641.6) hyper=16103.0 (lookup=1625.8 candidates=6409.8 reduce=234.7 join=1986.8) subsume=1284.0 pred_local=200.8 eq=493.4 saturate=34310.5
KM_PROF msgloop guard=6120000 contexts=149264 msgs_pending=0 saturate_calls=32514 succ=6119999 pred=0 ground_wo=663369
KM_PROF[time-ms] msgloop pred_payload=0.0 pred_arrival=0.0 propagate=9350.2 | add_clause=12907.8 (lookup=3036.7 fwdsub=2750.0 backsub=1533.8 index=2641.6) hyper=16103.0 (lookup=1625.8 candidates=6409.8 reduce=234.7 join=1986.8) subsume=1284.0 pred_local=200.8 eq=493.4 saturate=34310.5
KM_PROF msgloop guard=6140000 contexts=149264 msgs_pending=0 saturate_calls=32514 succ=6139999 pred=0 ground_wo=663369
KM_PROF[time-ms] msgloop pred_payload=0.0 pred_arrival=0.0 propagate=9350.2 | add_clause=12915.2 (lookup=3039.0 fwdsub=2753.2 backsub=1533.8 index=2641.6) hyper=16103.0 (lookup=1625.8 candidates=6409.8 reduce=234.7 join=1986.8) subsume=1284.0 pred_local=200.8 eq=493.4 saturate=34310.5
KM_PROF msgloop guard=6160000 contexts=149264 msgs_pending=0 saturate_calls=32514 succ=6159999 pred=0 ground_wo=663369
KM_PROF[time-ms] msgloop pred_payload=0.0 pred_arrival=0.0 propagate=9350.2 | add_clause=12922.5 (lookup=3041.3 fwdsub=2756.4 backsub=1533.8 index=2641.6) hyper=16103.0 (lookup=1625.8 candidates=6409.8 reduce=234.7 join=1986.8) subsume=1284.0 pred_local=200.8 eq=493.4 saturate=34310.5
KM_PROF msgloop guard=6180000 contexts=149264 msgs_pending=0 saturate_calls=32514 succ=6179999 pred=0 ground_wo=663369
KM_PROF[time-ms] msgloop pred_payload=0.0 pred_arrival=0.0 propagate=9350.2 | add_clause=12929.9 (lookup=3043.5 fwdsub=2759.6 backsub=1533.8 index=2641.6) hyper=16103.0 (lookup=1625.8 candidates=6409.8 reduce=234.7 join=1986.8) subsume=1284.0 pred_local=200.8 eq=493.4 saturate=34310.5
KM_PROF msgloop guard=6200000 contexts=149264 msgs_pending=0 saturate_calls=32514 succ=6199999 pred=0 ground_wo=663369
KM_PROF[time-ms] msgloop pred_payload=0.0 pred_arrival=0.0 propagate=9350.2 | add_clause=12937.1 (lookup=3045.8 fwdsub=2762.7 backsub=1533.8 index=2641.6) hyper=16103.0 (lookup=1625.8 candidates=6409.8 reduce=234.7 join=1986.8) subsume=1284.0 pred_local=200.8 eq=493.4 saturate=34310.5
KM_PROF msgloop guard=6220000 contexts=149264 msgs_pending=0 saturate_calls=32514 succ=6219999 pred=0 ground_wo=663369
KM_PROF[time-ms] msgloop pred_payload=0.0 pred_arrival=0.0 propagate=9350.2 | add_clause=12944.2 (lookup=3048.1 fwdsub=2765.7 backsub=1533.8 index=2641.6) hyper=16103.0 (lookup=1625.8 candidates=6409.8 reduce=234.7 join=1986.8) subsume=1284.0 pred_local=200.8 eq=493.4 saturate=34310.5
KM_PROF msgloop guard=6240000 contexts=149264 msgs_pending=0 saturate_calls=32514 succ=6239999 pred=0 ground_wo=663369
KM_PROF[time-ms] msgloop pred_payload=0.0 pred_arrival=0.0 propagate=9350.2 | add_clause=12951.4 (lookup=3050.3 fwdsub=2768.7 backsub=1533.8 index=2641.6) hyper=16103.0 (lookup=1625.8 candidates=6409.8 reduce=234.7 join=1986.8) subsume=1284.0 pred_local=200.8 eq=493.4 saturate=34310.5
KM_PROF msgloop guard=6260000 contexts=149264 msgs_pending=0 saturate_calls=32514 succ=6259999 pred=0 ground_wo=663369
KM_PROF[time-ms] msgloop pred_payload=0.0 pred_arrival=0.0 propagate=9350.2 | add_clause=12958.5 (lookup=3052.6 fwdsub=2771.7 backsub=1533.8 index=2641.6) hyper=16103.0 (lookup=1625.8 candidates=6409.8 reduce=234.7 join=1986.8) subsume=1284.0 pred_local=200.8 eq=493.4 saturate=34310.5
KM_PROF msgloop guard=6280000 contexts=149264 msgs_pending=0 saturate_calls=32514 succ=6279999 pred=0 ground_wo=663369
KM_PROF[time-ms] msgloop pred_payload=0.0 pred_arrival=0.0 propagate=9350.2 | add_clause=12965.6 (lookup=3054.9 fwdsub=2774.7 backsub=1533.8 index=2641.6) hyper=16103.0 (lookup=1625.8 candidates=6409.8 reduce=234.7 join=1986.8) subsume=1284.0 pred_local=200.8 eq=493.4 saturate=34310.5
KM_PROF msgloop guard=6300000 contexts=149264 msgs_pending=0 saturate_calls=32514 succ=6299999 pred=0 ground_wo=663369
KM_PROF[time-ms] msgloop pred_payload=0.0 pred_arrival=0.0 propagate=9350.2 | add_clause=12972.7 (lookup=3057.1 fwdsub=2777.7 backsub=1533.8 index=2641.6) hyper=16103.0 (lookup=1625.8 candidates=6409.8 reduce=234.7 join=1986.8) subsume=1284.0 pred_local=200.8 eq=493.4 saturate=34310.5
KM_PROF msgloop guard=6320000 contexts=149264 msgs_pending=0 saturate_calls=32514 succ=6319999 pred=0 ground_wo=663369
KM_PROF[time-ms] msgloop pred_payload=0.0 pred_arrival=0.0 propagate=9350.2 | add_clause=12979.9 (lookup=3059.4 fwdsub=2780.8 backsub=1533.8 index=2641.6) hyper=16103.0 (lookup=1625.8 candidates=6409.8 reduce=234.7 join=1986.8) subsume=1284.0 pred_local=200.8 eq=493.4 saturate=34310.5
KM_PROF msgloop guard=6340000 contexts=149264 msgs_pending=0 saturate_calls=32514 succ=6339999 pred=0 ground_wo=663369
KM_PROF[time-ms] msgloop pred_payload=0.0 pred_arrival=0.0 propagate=9350.2 | add_clause=12987.1 (lookup=3061.7 fwdsub=2783.8 backsub=1533.8 index=2641.6) hyper=16103.0 (lookup=1625.8 candidates=6409.8 reduce=234.7 join=1986.8) subsume=1284.0 pred_local=200.8 eq=493.4 saturate=34310.5
KM_PROF msgloop guard=6360000 contexts=149264 msgs_pending=0 saturate_calls=32514 succ=6359999 pred=0 ground_wo=663369
KM_PROF[time-ms] msgloop pred_payload=0.0 pred_arrival=0.0 propagate=9350.2 | add_clause=12994.3 (lookup=3063.9 fwdsub=2786.9 backsub=1533.8 index=2641.6) hyper=16103.0 (lookup=1625.8 candidates=6409.8 reduce=234.7 join=1986.8) subsume=1284.0 pred_local=200.8 eq=493.4 saturate=34310.5
KM_PROF msgloop guard=6380000 contexts=149264 msgs_pending=0 saturate_calls=32514 succ=6379999 pred=0 ground_wo=663369
KM_PROF[time-ms] msgloop pred_payload=0.0 pred_arrival=0.0 propagate=9350.2 | add_clause=13001.3 (lookup=3066.2 fwdsub=2789.8 backsub=1533.8 index=2641.6) hyper=16103.0 (lookup=1625.8 candidates=6409.8 reduce=234.7 join=1986.8) subsume=1284.0 pred_local=200.8 eq=493.4 saturate=34310.5
KM_PROF msgloop guard=6400000 contexts=149264 msgs_pending=0 saturate_calls=32514 succ=6399999 pred=0 ground_wo=663369
KM_PROF[time-ms] msgloop pred_payload=0.0 pred_arrival=0.0 propagate=9350.2 | add_clause=13008.5 (lookup=3068.4 fwdsub=2792.8 backsub=1533.8 index=2641.6) hyper=16103.0 (lookup=1625.8 candidates=6409.8 reduce=234.7 join=1986.8) subsume=1284.0 pred_local=200.8 eq=493.4 saturate=34310.5
KM_PROF msgloop guard=6420000 contexts=149264 msgs_pending=0 saturate_calls=32514 succ=6419999 pred=0 ground_wo=663369
KM_PROF[time-ms] msgloop pred_payload=0.0 pred_arrival=0.0 propagate=9350.2 | add_clause=13015.8 (lookup=3070.7 fwdsub=2796.0 backsub=1533.8 index=2641.6) hyper=16103.0 (lookup=1625.8 candidates=6409.8 reduce=234.7 join=1986.8) subsume=1284.0 pred_local=200.8 eq=493.4 saturate=34310.5
KM_PROF msgloop guard=6440000 contexts=149264 msgs_pending=0 saturate_calls=32514 succ=6439999 pred=0 ground_wo=663369
KM_PROF[time-ms] msgloop pred_payload=0.0 pred_arrival=0.0 propagate=9350.2 | add_clause=13023.2 (lookup=3073.0 fwdsub=2799.3 backsub=1533.8 index=2641.6) hyper=16103.0 (lookup=1625.8 candidates=6409.8 reduce=234.7 join=1986.8) subsume=1284.0 pred_local=200.8 eq=493.4 saturate=34310.5
KM_PROF msgloop guard=6460000 contexts=149264 msgs_pending=0 saturate_calls=32514 succ=6459999 pred=0 ground_wo=663369
KM_PROF[time-ms] msgloop pred_payload=0.0 pred_arrival=0.0 propagate=9350.2 | add_clause=13030.5 (lookup=3075.3 fwdsub=2802.4 backsub=1533.8 index=2641.6) hyper=16103.0 (lookup=1625.8 candidates=6409.8 reduce=234.7 join=1986.8) subsume=1284.0 pred_local=200.8 eq=493.4 saturate=34310.5
KM_PROF msgloop guard=6480000 contexts=149264 msgs_pending=0 saturate_calls=32514 succ=6479999 pred=0 ground_wo=663369
KM_PROF[time-ms] msgloop pred_payload=0.0 pred_arrival=0.0 propagate=9350.2 | add_clause=13037.7 (lookup=3077.5 fwdsub=2805.5 backsub=1533.8 index=2641.6) hyper=16103.0 (lookup=1625.8 candidates=6409.8 reduce=234.7 join=1986.8) subsume=1284.0 pred_local=200.8 eq=493.4 saturate=34310.5
KM_PROF msgloop guard=6500000 contexts=149264 msgs_pending=0 saturate_calls=32514 succ=6499999 pred=0 ground_wo=663369
KM_PROF[time-ms] msgloop pred_payload=0.0 pred_arrival=0.0 propagate=9350.2 | add_clause=13045.0 (lookup=3079.8 fwdsub=2808.7 backsub=1533.8 index=2641.6) hyper=16103.0 (lookup=1625.8 candidates=6409.8 reduce=234.7 join=1986.8) subsume=1284.0 pred_local=200.8 eq=493.4 saturate=34310.5
KM_PROF msgloop guard=6520000 contexts=149264 msgs_pending=0 saturate_calls=32514 succ=6519999 pred=0 ground_wo=663369
KM_PROF[time-ms] msgloop pred_payload=0.0 pred_arrival=0.0 propagate=9350.2 | add_clause=13052.2 (lookup=3082.1 fwdsub=2811.8 backsub=1533.8 index=2641.6) hyper=16103.0 (lookup=1625.8 candidates=6409.8 reduce=234.7 join=1986.8) subsume=1284.0 pred_local=200.8 eq=493.4 saturate=34310.5
KM_PROF msgloop guard=6540000 contexts=149264 msgs_pending=0 saturate_calls=32514 succ=6539999 pred=0 ground_wo=663369
KM_PROF[time-ms] msgloop pred_payload=0.0 pred_arrival=0.0 propagate=9350.2 | add_clause=13059.5 (lookup=3084.4 fwdsub=2815.0 backsub=1533.8 index=2641.6) hyper=16103.0 (lookup=1625.8 candidates=6409.8 reduce=234.7 join=1986.8) subsume=1284.0 pred_local=200.8 eq=493.4 saturate=34310.5
KM_PROF msgloop guard=6560000 contexts=149264 msgs_pending=0 saturate_calls=32514 succ=6559999 pred=0 ground_wo=663369
KM_PROF[time-ms] msgloop pred_payload=0.0 pred_arrival=0.0 propagate=9350.2 | add_clause=13066.8 (lookup=3086.6 fwdsub=2818.1 backsub=1533.8 index=2641.6) hyper=16103.0 (lookup=1625.8 candidates=6409.8 reduce=234.7 join=1986.8) subsume=1284.0 pred_local=200.8 eq=493.4 saturate=34310.5
KM_PROF msgloop guard=6580000 contexts=149264 msgs_pending=0 saturate_calls=32514 succ=6579999 pred=0 ground_wo=663369
KM_PROF[time-ms] msgloop pred_payload=0.0 pred_arrival=0.0 propagate=9350.2 | add_clause=13074.1 (lookup=3088.9 fwdsub=2821.3 backsub=1533.8 index=2641.6) hyper=16103.0 (lookup=1625.8 candidates=6409.8 reduce=234.7 join=1986.8) subsume=1284.0 pred_local=200.8 eq=493.4 saturate=34310.5
KM_PROF msgloop guard=6600000 contexts=149264 msgs_pending=0 saturate_calls=32514 succ=6599999 pred=0 ground_wo=663369
KM_PROF[time-ms] msgloop pred_payload=0.0 pred_arrival=0.0 propagate=9350.2 | add_clause=13081.4 (lookup=3091.2 fwdsub=2824.4 backsub=1533.8 index=2641.6) hyper=16103.0 (lookup=1625.8 candidates=6409.8 reduce=234.7 join=1986.8) subsume=1284.0 pred_local=200.8 eq=493.4 saturate=34310.5
KM_PROF msgloop guard=6620000 contexts=149264 msgs_pending=0 saturate_calls=32514 succ=6619999 pred=0 ground_wo=663369
KM_PROF[time-ms] msgloop pred_payload=0.0 pred_arrival=0.0 propagate=9350.2 | add_clause=13088.5 (lookup=3093.4 fwdsub=2827.4 backsub=1533.8 index=2641.6) hyper=16103.0 (lookup=1625.8 candidates=6409.8 reduce=234.7 join=1986.8) subsume=1284.0 pred_local=200.8 eq=493.4 saturate=34310.5
KM_PROF msgloop guard=6640000 contexts=149264 msgs_pending=0 saturate_calls=32514 succ=6639999 pred=0 ground_wo=663369
KM_PROF[time-ms] msgloop pred_payload=0.0 pred_arrival=0.0 propagate=9350.2 | add_clause=13095.7 (lookup=3095.7 fwdsub=2830.5 backsub=1533.8 index=2641.6) hyper=16103.0 (lookup=1625.8 candidates=6409.8 reduce=234.7 join=1986.8) subsume=1284.0 pred_local=200.8 eq=493.4 saturate=34310.5
KM_PROF msgloop guard=6660000 contexts=149264 msgs_pending=0 saturate_calls=32514 succ=6659999 pred=0 ground_wo=663369
KM_PROF[time-ms] msgloop pred_payload=0.0 pred_arrival=0.0 propagate=9350.2 | add_clause=13103.1 (lookup=3098.0 fwdsub=2833.7 backsub=1533.8 index=2641.6) hyper=16103.0 (lookup=1625.8 candidates=6409.8 reduce=234.7 join=1986.8) subsume=1284.0 pred_local=200.8 eq=493.4 saturate=34310.5
KM_PROF msgloop guard=6680000 contexts=149264 msgs_pending=0 saturate_calls=32514 succ=6679999 pred=0 ground_wo=663369
KM_PROF[time-ms] msgloop pred_payload=0.0 pred_arrival=0.0 propagate=9350.2 | add_clause=13110.4 (lookup=3100.3 fwdsub=2836.9 backsub=1533.8 index=2641.6) hyper=16103.0 (lookup=1625.8 candidates=6409.8 reduce=234.7 join=1986.8) subsume=1284.0 pred_local=200.8 eq=493.4 saturate=34310.5
KM_PROF msgloop guard=6700000 contexts=149264 msgs_pending=0 saturate_calls=32514 succ=6699999 pred=0 ground_wo=663369
KM_PROF[time-ms] msgloop pred_payload=0.0 pred_arrival=0.0 propagate=9350.2 | add_clause=13117.8 (lookup=3102.6 fwdsub=2840.1 backsub=1533.8 index=2641.6) hyper=16103.0 (lookup=1625.8 candidates=6409.8 reduce=234.7 join=1986.8) subsume=1284.0 pred_local=200.8 eq=493.4 saturate=34310.5
KM_PROF msgloop guard=6720000 contexts=149264 msgs_pending=0 saturate_calls=32514 succ=6719999 pred=0 ground_wo=663369
KM_PROF[time-ms] msgloop pred_payload=0.0 pred_arrival=0.0 propagate=9350.2 | add_clause=13124.8 (lookup=3104.8 fwdsub=2843.1 backsub=1533.8 index=2641.6) hyper=16103.0 (lookup=1625.8 candidates=6409.8 reduce=234.7 join=1986.8) subsume=1284.0 pred_local=200.8 eq=493.4 saturate=34310.5
KM_PROF msgloop guard=6740000 contexts=149264 msgs_pending=0 saturate_calls=32514 succ=6739999 pred=0 ground_wo=663369
KM_PROF[time-ms] msgloop pred_payload=0.0 pred_arrival=0.0 propagate=9350.2 | add_clause=13131.8 (lookup=3107.0 fwdsub=2846.0 backsub=1533.8 index=2641.6) hyper=16103.0 (lookup=1625.8 candidates=6409.8 reduce=234.7 join=1986.8) subsume=1284.0 pred_local=200.8 eq=493.4 saturate=34310.5
KM_PROF msgloop guard=6760000 contexts=149264 msgs_pending=0 saturate_calls=32514 succ=6759999 pred=0 ground_wo=663369
KM_PROF[time-ms] msgloop pred_payload=0.0 pred_arrival=0.0 propagate=9350.2 | add_clause=13138.7 (lookup=3109.2 fwdsub=2848.9 backsub=1533.8 index=2641.6) hyper=16103.0 (lookup=1625.8 candidates=6409.8 reduce=234.7 join=1986.8) subsume=1284.0 pred_local=200.8 eq=493.4 saturate=34310.5
KM_PROF ctx=59483 iters=200000 subsumed_at_workoff=0 added=220444 todo=372 wo=6513 | hyper_out=2291355 pred_out=0 eq_pred_out=0 eq_eqn_out=0 factor_out=0 | backsub_unindex_events=72490 reindex_avoided=434464297
KM_PROF[time-ms] subsume=2504.9 hyper=25639.8 pred_local=81.3 add_clause=16687.0
KM_PROF[backsub-linked-ms] select=138.3 filter=56.1 mutate=1128.7 head_unindex=2718.1 slots=199999 live=6402 dead=193597
KM_PROF ctx=59483 iters=400000 subsumed_at_workoff=0 added=465790 todo=370 wo=8288 | hyper_out=6028452 pred_out=0 eq_pred_out=0 eq_eqn_out=0 factor_out=0 | backsub_unindex_events=133286 reindex_avoided=1163782798
KM_PROF[time-ms] subsume=8529.1 hyper=29868.2 pred_local=87.3 add_clause=48865.7
KM_PROF[backsub-linked-ms] select=315.5 filter=123.9 mutate=4942.7 head_unindex=6346.1 slots=399999 live=8177 dead=391822
KM_PROF ctx=59483 iters=600000 subsumed_at_workoff=0 added=688894 todo=266 wo=10314 | hyper_out=10008068 pred_out=0 eq_pred_out=0 eq_eqn_out=0 factor_out=0 | backsub_unindex_events=186667 reindex_avoided=1795179702
KM_PROF[time-ms] subsume=11467.4 hyper=32608.1 pred_local=93.1 add_clause=68585.1
KM_PROF[backsub-linked-ms] select=435.4 filter=172.3 mutate=6474.3 head_unindex=10002.2 slots=599999 live=10203 dead=589796
KM_PROF ctx=59483 iters=800000 subsumed_at_workoff=0 added=923681 todo=303 wo=30380 | hyper_out=17170717 pred_out=0 eq_pred_out=0 eq_eqn_out=0 factor_out=0 | backsub_unindex_events=247973 reindex_avoided=3345053406
KM_PROF[time-ms] subsume=19649.3 hyper=38829.1 pred_local=101.0 add_clause=132298.3
KM_PROF[backsub-linked-ms] select=605.0 filter=252.1 mutate=10924.8 head_unindex=16886.5 slots=799999 live=30269 dead=769730

